[      0] >>> bench on
[      0] 
[      0] OK stepper visual-only bench active; command pose preserved
[    625] >>> app req3
[    625] OK normal app requirement 3 requested
[    733] t=13606,state=1,mode=1,fault=0,seq=0,vl=0,vr=0,pwl=0,pwr=0,actenc=-7,dactenc=-2,srate=-112,starget=-112,pidrate=-112,pref=-27,ppos=-16,bi=0,ball=-232,vball=0,bref=0,line=0,mask=00,bu=0,bd=0,oled=3C
[    827] t=13706,state=1,mode=1
[    827] ,fault=0,seq=0,vl=0,vr=0,pwl=0,pwr=0,actenc=-11,dactenc=0,srate=-19,starget=-19,pidrate=-18,pref=-21,ppos=-19,bi=0,ball=-229,vball=15,bref=0,line=0,mask=00,bu=0,bd=0,oled=3C
[    936] t=13806,state=1,mode=1,fault=0,seq=0,vl=0,vr=0,pwl=0,pwr=0,actenc=-14,dactenc=0,srate=-39,starget=-39,pidrate=-39,pref=-27,ppos=-23,bi=-4,ball=-228,vball=11,bref=0,line=0,mask=00,bu=0,bd=0,oled=3C
[   1030] t=13906,state=1,mode=1,fault=0,seq=0,vl=0,vr=0,pwl=0,pwr=0,actenc=-18,dactenc=0,srate=40,starget=40,pidrate=40,pref=-21,ppos=-25,bi=-9,ball=-224,vball=37,bref=0,line=0,mask=00,bu=0,bd=0,oled=3C
[   1139] t=14006,state=1,mode=1,fault=0,seq=0,vl=0,vr=0,pwl=0,pwr=0,actenc=-17,dactenc=0,srate=29,starget=29,pidrate=29,pref=-20,ppos=-23,bi=-12,ball=-219,vball=43,bref=0,line=0,mask=00,bu=0,bd=0,oled=3C
[   1233] t=14106,state=1,mode=1,fault=0,seq=0,vl=0,vr=0,pwl=0,pwr=0,actenc=-17,dactenc=0,srate=-43,starget=-43,pidrate=-43,pref=-29,ppos=-25,bi=-12,ball=-218,vball=21,bref=0,line=0,mask=00,bu=0,bd=0,oled=3C
[   1327] t=14206,state=1,mode=1,fault=0,seq=0,vl=0,vr=0,pwl=0,pwr=0,actenc=-14,dactenc=2,srate=147,starget=147,pidrate=146,pref=-5,ppos=-20,bi=-12,ball=-208,vball=79,bref=0,line=0,mask=00,bu=0,bd=0,oled=3C
[   1436] t=14306,state=1,mode=1,fault=0,seq=0,vl=0,vr=0,pwl=0,pwr=0,actenc=-7,dactenc=0,srate=-49,starget=-49,pidrate=-49,pref=-19,ppos=-14,bi=-12,ball=-205,vball=42,bref=0,line=0,mask=00,bu=0,bd=0,oled=3C
[   1530] t=14406,state=1,mode=1,fault=0,seq=0,vl=0,vr=0,pwl=0,pwr=0,actenc=-12,dactenc=0,srate=-12,starget=-12,pidrate=-12,pref=-20,ppos=-19,bi=-12,ball=-202,vball=40,bref=0,line=0,mask=00,bu=0,bd=0,oled=3C
[   1639] t=14506,state=1,mode=1,fault=0,seq=0,vl=0,vr=0,pwl=0,pwr=0,actenc=-11,dactenc=1,srate=74,starget=74,pidrate=74,pref=-10,ppos=-17,bi=-12,ball=-195,vball=62,bref=0,line=0,mask=00,bu=0,bd=0,oled=3C
[   1733] t=14606,state=1,mode=1,fault=0,seq=0,vl=0,vr=0,pwl=0,pwr=0,actenc=-3,dactenc=1,srate=49,starget=49,pidrate=49,pref=-5,ppos=-10,bi=-12,ball=-187,vball=72,bref=0,line=0,mask=00,bu=0,bd=0,oled=3C
[   1843] t=14706,state=1,mode=1,fault=0,seq=0,vl=0,vr=0,pwl=0,pwr=0,actenc=-4,dactenc=0,srate=-28,starget=-28,pidrate=-28,pref=-15,ppos=-12,bi=-12,ball=-184,vball=47,bref=0,line=0,mask=00,bu=0,bd=0,oled=3C
[   1936] t=14806,state=1,mode=1,fault=0,seq=0,vl=0,vr=0,pwl=0,pwr=0,actenc=-14,dactenc=-1,srate=-131,starget=-131,pidrate=-131,pref=-34,ppos=-21,bi=-12,ball=-186,vball=0,bref=0,line=0,mask=00,bu=0,bd=0,oled=3C
[   2030] t=14906,state=1,mode=1,fault=0,seq=0,vl=0,vr=0,pwl=0,pwr=0,actenc=-24,dactenc=0,srate=0,starget=0,pidrate=0,pref=-28,ppos=-28,bi=-12,ball=-184,vball=14,bref=0,line=0,mask=00,bu=0,bd=0,oled=3C
[   2139] t=15006,state=1,mode=1,fault=0,seq=0,vl=0,vr=0,pwl=0,pwr=0,actenc=-24,dactenc=-1,srate=-60,starget=-60,pidrate=-60,pref=-35,ppos=-29,bi=-14,ball=-184,vball=3,bref=0,line=0,mask=00,bu=0,bd=0,oled=3C
[   2233] t=15106,state=1,mode=1,fault=0,seq=0,vl=0,vr=0,pwl=0,pwr=0,actenc=-32,dactenc=0,srate=-16,starget=-16,pidrate=-16,pref=-37,ppos=-35,bi=-18,ball=-184,vball=7,bref=0,line=0,mask=00,bu=0,bd=0,oled=3C
[   2327] t=15206,state=1,mode=1,fault=0,seq=0,vl=0,vr=0,pwl=0,pwr=0,actenc=-34,dactenc=1,srate=-80,starget=-80,pidrate=-80,pref=-47,ppos=-39,bi=-21,ball=-185,vball=-8,bref=0,line=0,mask=00,bu=0,bd=0,oled=3C
[   2436] t=15306,state=1,mode=1,fault=0,seq=0,vl=0,vr=0,pwl=0,pwr=0,actenc=-45,dactenc=0,srate=-49,starget=-49,pidrate=-49,pref=-52,ppos=-47,bi=-25,ball=-187,vball=-10,bref=0,line=0,mask=00,bu=0,bd=0,oled=3C
[   2530] t=15406,state=1,mode=1,fault=0,seq=0,vl=0,vr=0,pwl=0,pwr=0,actenc=-46,dactenc=0,srate=0,starget=0,pidrate=0,pref=-48,ppos=-48,bi=-29,ball=-185,vball=6,bref=0,line=0,mask=00,bu=0,bd=0,oled=3C
[   2639] t=15506,state=1,mode=1,fault=0,seq=0,vl=0,vr=0,pwl=0,pwr=0,actenc=-49,dactenc=0,srate=35,starget=35,pidrate=34,pref=-45,ppos=-49,bi=-33,ball=-182,vball=23,bref=0,line=0,mask=00,bu=0,bd=0,oled=3C
[   2733] t=15606,state=1,mode=1,fault=0,seq=0,vl=0,vr=0,pwl=0,pwr=0,actenc=-48,dactenc=0,srate=-45,starget=-45,pidrate=-44,pref=-53,ppos=-49,bi=-36,ball=-182,vball=11,bref=0,line=0,mask=00,bu=0,bd=0,oled=3C
[   2843] t=15706,state=1,mode=1,fault=0,seq=0,vl=0,vr=0,pwl=0,pwr=0,actenc=-52,dactenc=-1,srate=-98,starget=-98,pidrate=-98,pref=-62,ppos=-52,bi=-40,ball=-181,vball=0,bref=0,line=0,mask=00,bu=0,bd=0,oled=3C
[   2936] t=15806,state=1,mode=1,fault=0,seq=0,vl=0,vr=0,pwl=0,pwr=0,actenc=-62,dactenc=0,srate=-42,starget=-42,pidrate=-41,pref=-65,ppos=-61,bi=-44,ball=-181,vball=1,bref=0,line=0,mask=00,bu=0,bd=0,oled=3C
[   3030] t=15906,state=1,mode=1,fault=0,seq=0,vl=0,vr=0,pwl=0,pwr=0,actenc=-67,dactenc=0,srate=-38,starget=-38,pidrate=-37,pref=-69,ppos=-65,bi=-47,ball=-181,vball=1,bref=0,line=0,mask=00,bu=0,bd=0,oled=3C
[   3139] t=16006,state=1,mode=1,fault=0,seq=0,vl=0,vr=0,pwl=0,pwr=0,actenc=-73,dactenc=-1,srate=-33,starget=-33,pidrate=-32,pref=-72,ppos=-69,bi=-51,ball=-181,vball=1,bref=0,line=0,mask=00,bu=0,bd=0,oled=3C
[   3233] t=16106,state=1,mode=1,fault=0,seq=0,vl=0,vr=0,pwl=0,pwr=0,actenc=-77,dactenc=0,srate=-34,starget=-34,pidrate=-34,pref=-76,ppos=-72,bi=-54,ball=-181,vball=1,bref=0,line=0,mask=00,bu=0,bd=0,oled=3C
[   3343] t=16206,state=1,mode=1,fault=0,seq=0,vl=0,vr=0,pwl=0,pwr=0,actenc=-83,dactenc=-1,srate=-36,starget=-36,pidrate=-36,pref=-80,ppos=-76,bi=-58,ball=-181,vball=0,bref=0,line=0,mask=00,bu=0,bd=0,oled=3C
[   3436] t=16306,state=1,mode=1,fault=0,seq=0,vl=0,vr=0,pwl=0,pwr=0,actenc=-87,dactenc=-1,srate=-33,starget=-33,pidrate=-33,pref=-83,ppos=-79,bi=-62,ball=-181,vball=2,bref=0,line=0,mask=00,bu=0,bd=0,oled=3C
[   3530] t=16406,state=1,mode=1,fault=0,seq=0,vl=0,vr=0,pwl=0,pwr=0,actenc=-95,dactenc=-1,srate=-120,starget=-120,pidrate=-120,pref=-100,ppos=-87,bi=-65,ball=-185,vball=-30,bref=0,line=0,mask=00,bu=0,bd=0,oled=3C
[   3639] t=16506,state=1,mode=1,fault=0,seq=0,vl=0,vr=0,pwl=0,pwr=0,actenc=-103,dactenc=0,srate=-22,starget=-22,pidrate=-22,pref=-96,ppos=-94,bi=-69,ball=-185,vball=-12,bref=0,line=0,mask=00,bu=0,bd=0,oled=3C
[   3733] t=16606,state=1,mode=1,fault=0,seq=0,vl=0,vr=0,pwl=0,pwr=0,actenc=-103,dactenc=0,srate=-19,starget=-19,pidrate=-18,pref=-96,ppos=-94,bi=-73,ball=-185,vball=-3,bref=0,line=0,mask=00,bu=0,bd=0,oled=3C
[   3843] t=16706,state=1,mode=1,fault=0,seq=0,vl=0,vr=0,pwl=0,pwr=0,actenc=-103,dactenc=0,srate=27,starget=27,pidrate=27,pref=-91,ppos=-94,bi=-76,ball=-183,vball=17,bref=0,line=0,mask=00,bu=0,bd=0,oled=3C
[   3936] t=16806,state=1,mode=1,fault=0,seq=0,vl=0,vr=0,pwl=0,pwr=0,actenc=-103,dactenc=0,srate=0,starget=0,pidrate=0,pref=-92,ppos=-93,bi=-80,ball=-180,vball=23,bref=0,line=0,mask=00,bu=0,bd=0,oled=3C
[   4030] t=16906,state=1,mode=1,fault=0,seq=0,vl=0,vr=0,pwl=0,pwr=0,actenc=-100,dactenc=-1,srate=-82,starget=-82,pidrate=-81,pref=-98,ppos=-90,bi=-80,ball=-178,vball=7,bref=0,line=0,mask=00,bu=0,bd=0,oled=3C
[   4139] t=17006,state=1,mode=1,fault=0,seq=0,vl=0,vr=0,pwl=0,pwr=0,actenc=-109,dactenc=0,srate=-47,starget=-47,pidrate=-46,pref=-103,ppos=-98,bi=-80,ball=-179,vball=-3,bref=0,line=0,mask=00,bu=0,bd=0,oled=3C
[   4233] t=17106,state=1,mode=1,fault=0,seq=0,vl=0,vr=0,pwl=0,pwr=0,actenc=-111,dactenc=0,srate=-23,starget=-23,pidrate=-22,pref=-102,ppos=-100,bi=-81,ball=-179,vball=1,bref=0,line=0,mask=00,bu=0,bd=0,oled=3C
[   4343] t=17206,state=1,mode=1,fault=0,seq=0,vl=0,vr=0,pwl=0,pwr=0,actenc=-114,dactenc=0,srate=-26,starget=-26,pidrate=-26,pref=-105,ppos=-102,bi=-85,ball=-178,vball=3,bref=0,line=0,mask=00,bu=0,bd=0,oled=3C
[   4436] t=17306,state=1,mode=1,fault=0,seq=0,vl=0,vr=0,pwl=0,pwr=0,actenc=-120,dactenc=-1,srate=-49,starget=-49,pidrate=-48,pref=-112,ppos=-107,bi=-88,ball=-179,vball=-4,bref=0,line=0,mask=00,bu=0,bd=0,oled=3C
[   4530] t=17406,state=1,mode=1,fault=0,seq=0,vl=0,vr=0,pwl=0,pwr=0,actenc=-124,dactenc=0,srate=49,starget=49,pidrate=49,pref=-105,ppos=-109,bi=-92,ball=-177,vball=21,bref=0,line=0,mask=00,bu=0,bd=0,oled=3C
[   4639] t=17506,state=1,mode=1,fault=0,seq=0,vl=0,vr=0,pwl=0,pwr=0,actenc=-120,dactenc=0,srate=0,starget=0,pidrate=0,pref=-106,ppos=-105,bi=-95,ball=-174,vball=24,bref=0,line=0,mask=00,bu=0,bd=0,oled=3C
[   4733] t=17606,state=1,mode=1,fault=0,seq=0,vl=0,vr=0,pwl=0,pwr=0,actenc=-124,dactenc=-1,srate=-62,starget=-62,pidrate=-61,pref=-116,ppos=-110,bi=-99,ball=-173,vball=8,bref=0,line=0,mask=00,bu=0,bd=0,oled=3C
[   4843] t=17706,state=1,mode=1,fault=0,seq=0,vl=0,vr=0,pwl=0,pwr=0,actenc=-133,dactenc=0,srate=-59,starget=-59,pidrate=-59,pref=-123,ppos=-117,bi=-102,ball=-174,vball=1,bref=0,line=0,mask=00,bu=0,bd=0,oled=3C
[   4936] t=17806,state=1,mode=1,fault=0,seq=0,vl=0,vr=0,pwl=0,pwr=0,actenc=-140,dactenc=0,srate=-41,starget=-41,pidrate=-40,pref=-126,ppos=-122,bi=-106,ball=-174,vball=1,bref=0,line=0,mask=00,bu=0,bd=0,oled=3C
[   5030] t=17906,state=1,mode=1,fault=0,seq=0,vl=0,vr=0,pwl=0,pwr=0,actenc=-145,dactenc=0,srate=-36,starget=-36,pidrate=-35,pref=-130,ppos=-126,bi=-109,ball=-174,vball=0,bref=0,line=0,mask=00,bu=0,bd=0,oled=3C
[   5139] t=18006,state=1,mode=1,fault=0,seq=0,vl=0,vr=0,pwl=0,pwr=0,actenc=-150,dactenc=0,srate=-34,starget=-34,pidrate=-33,pref=-134,ppos=-130,bi=-113,ball=-174,vball=0,bref=0,line=0,mask=00,bu=0,bd=0,oled=3C
[   5233] t=18106,state=1,mode=1,fault=0,seq=0,vl=0,vr=0,pwl=0,pwr=0,actenc=-151,dactenc=0,srate=23,starget=23,pidrate=22,pref=-128,ppos=-130,bi=-116,ball=-170,vball=22,bref=0,line=0,mask=00,bu=0,bd=0,oled=3C
[   5343] t=18206,state=1,mode=1,fault=0,seq=0,vl=0,vr=0,pwl=0,pwr=0,actenc=-152,dactenc=0,srate=-55,starget=-55,pidrate=-55,pref=-138,ppos=-133,bi=-120,ball=-171,vball=4,bref=0,line=0,mask=00,bu=0,bd=0,oled=3C
[   5436] t=18306,state=1,mode=1,fault=0,seq=0,vl=0,vr=0,pwl=0,pwr=0,actenc=-160,dactenc=-1,srate=-49,starget=-49,pidrate=-48,pref=-143,ppos=-138,bi=-123,ball=-171,vball=0,bref=0,line=0,mask=00,bu=0,bd=0,oled=3C
[   5530] t=18406,state=1,mode=1,fault=0,seq=0,vl=0,vr=0,pwl=0,pwr=0,actenc=-164,dactenc=0,srate=-32,starget=-32,pidrate=-31,pref=-146,ppos=-142,bi=-126,ball=-170,vball=3,bref=0,line=0,mask=00,bu=0,bd=0,oled=3C
[   5639] t=18506,state=1,mode=1,fault=0,seq=0,vl=0,vr=0,pwl=0,pwr=0,actenc=-169,dactenc=0,srate=-37,starget=-37,pidrate=-36,pref=-150,ppos=-146,bi=-130,ball=-170,vball=1,bref=0,line=0,mask=00,bu=0,bd=0,oled=3C
[   5733] t=18606,state=1,mode=1,fault=0,seq=0,vl=0,vr=0,pwl=0,pwr=0,actenc=-174,dactenc=0,srate=-35,starget=-35,pidrate=-34,pref=-154,ppos=-150,bi=-133,ball=-170,vball=0,bref=0,line=0,mask=00,bu=0,bd=0,oled=3C
[   5843] t=18706,state=1,mode=1,fault=0,seq=0,vl=0,vr=0,pwl=0,pwr=0,actenc=-180,dactenc=0,srate=-147,starget=-147,pidrate=-146,pref=-171,ppos=-156,bi=-137,ball=-174,vball=-33,bref=0,line=0,mask=00,bu=0,bd=0,oled=3C
[   5936] t=18806,state=1,mode=1,fault=0,seq=0,vl=0,vr=0,pwl=0,pwr=0,actenc=-193,dactenc=0,srate=-26,starget=-26,pidrate=-26,pref=-169,ppos=-166,bi=-137,ball=-177,vball=-27,bref=0,line=0,mask=00,bu=0,bd=0,oled=3C
[   6030] t=18906,state=1,mode=1,fault=0,seq=0,vl=0,vr=0,pwl=0,pwr=0,actenc=-194,dactenc=0,srate=0,starget=0,pidrate=0,pref=-167,ppos=-167,bi=-137,ball=-179,vball=-22,bref=0,line=0,mask=00,bu=0,bd=0,oled=3C
[   6139] t=19006,state=1,mode=1,fault=0,seq=0,vl=0,vr=0,pwl=0,pwr=0,actenc=-176,dactenc=1,srate=313,starget=313,pidrate=313,pref=-117,ppos=-149,bi=-137,ball=-164,vball=97,bref=0,line=0,mask=00,bu=0,bd=0,oled=3C
[   6233] t=19106,state=1,mode=1,fault=0,seq=0,vl=0,vr=0,pwl=0,pwr=0,actenc=-131,dactenc=2,srate=400,starget=400,pidrate=400,pref=-69,ppos=-113,bi=-137,ball=-140,vball=210,bref=0,line=0,mask=00,bu=0,bd=0,oled=3C
[   6343] t=19206,state=1,mode=1,fault=0,seq=0,vl=0,vr=0,pwl=0,pwr=0,actenc=-79,dactenc=3,srate=400,starget=400,pidrate=400,pref=0,ppos=-73,bi=-137,ball=-95,vball=373,bref=0,line=0,mask=00,bu=0,bd=0,oled=3C
[   6436] t=19306,state=1,mode=1,fault=0,seq=0,vl=0,vr=0,pwl=0,pwr=0,actenc=-27,dactenc=2,srate=400,starget=400,pidrate=400,pref=29,ppos=-33,bi=-137,ball=-50,vball=430,bref=0,line=0,mask=00,bu=0,bd=0,oled=3C
[   6530] t=19406,state=1,mode=1,fault=0,seq=0,vl=0,vr=0,pwl=0,pwr=0,actenc=23,dactenc=1,srate=348,starget=348,pidrate=347,pref=40,ppos=5,bi=-137,ball=-4,vball=446,bref=0,line=0,mask=00,bu=0,bd=0,oled=3C
[   6639] t=19506,state=1,mode=1,fault=0,seq=0,vl=0,vr=0,pwl=0,pwr=0,actenc=75,dactenc=2,srate=400,starget=400,pidrate=400,pref=93,ppos=45,bi=-137,ball=58,vball=558,bref=0,line=0,mask=00,bu=0,bd=0,oled=3C
[   6733] t=19606,state=1,mode=1,fault=0,seq=0,vl=0,vr=0,pwl=0,pwr=0,actenc=111,dactenc=0,srate=165,starget=165,pidrate=164,pref=90,ppos=74,bi=-137,ball=110,vball=537,bref=0,line=0,mask=00,bu=0,bd=0,oled=3C
[   6843] t=19706,state=1,mode=1,fault=0,seq=0,vl=0,vr=0,pwl=0,pwr=0,actenc=116,dactenc=0,srate=-137,starget=-137,pidrate=-136,pref=61,ppos=75,bi=-137,ball=152,vball=451,bref=0,line=0,mask=00,bu=0,bd=0,oled=3C
[   6936] t=19806,state=1,mode=1,fault=0,seq=0,vl=0,vr=0,pwl=0,pwr=0,actenc=78,dactenc=-3,srate=-400,starget=-400,pidrate=-400,pref=-1,ppos=46,bi=-137,ball=175,vball=286,bref=0,line=0,mask=00,bu=0,bd=0,oled=3C
[   7030] t=19906,state=1,mode=1,fault=0,seq=0,vl=0,vr=0,pwl=0,pwr=0,actenc=26,dactenc=-3,srate=-400,starget=-400,pidrate=-400,pref=-51,ppos=6,bi=-137,ball=185,vball=157,bref=0,line=0,mask=00,bu=0,bd=0,oled=3C
[   7139] t=20006,state=1,mode=1,fault=0,seq=0,vl=0,vr=0,pwl=0,pwr=0,actenc=-26,dactenc=-3,srate=-400,starget=-400,pidrate=-400,pref=-88,ppos=-33,bi=-137,ball=187,vball=65,bref=0,line=0,mask=00,bu=0,bd=0,oled=3C
[   7233] t=20106,state=1,mode=1,fault=0,seq=0,vl=0,vr=0,pwl=0,pwr=0,actenc=-73,dactenc=-1,srate=-291,starget=-291,pidrate=-291,pref=-99,ppos=-70,bi=-137,ball=190,vball=36,bref=0,line=0,mask=00,bu=0,bd=0,oled=3C
[   7343] t=20206,state=1,mode=1,fault=0,seq=0,vl=0,vr=0,pwl=0,pwr=0,actenc=-106,dactenc=-1,srate=-271,starget=-271,pidrate=-271,pref=-123,ppos=-96,bi=-137,ball=186,vball=-21,bref=0,line=0,mask=00,bu=0,bd=0,oled=3C
[   7436] t=20306,state=1,mode=1,fault=0,seq=0,vl=0,vr=0,pwl=0,pwr=0,actenc=-126,dactenc=0,srate=-39,starget=-39,pidrate=-39,pref=-116,ppos=-112,bi=-135,ball=185,vball=-7,bref=0,line=0,mask=00,bu=0,bd=0,oled=3C
[   7530] t=20406,state=1,mode=1,fault=0,seq=0,vl=0,vr=0,pwl=0,pwr=0,actenc=-105,dactenc=1,srate=142,starget=142,pidrate=142,pref=-80,ppos=-94,bi=-135,ball=199,vball=78,bref=0,line=0,mask=00,bu=0,bd=0,oled=3C
[   7639] t=20506,state=1,mode=1,fault=0,seq=0,vl=0,vr=0,pwl=0,pwr=0,actenc=-104,dactenc=0,srate=-70,starget=-70,pidrate=-69,pref=-102,ppos=-95,bi=-135,ball=199,vball=24,bref=0,line=0,mask=00,bu=0,bd=0,oled=3C
[   7733] t=20606,state=1,mode=1,fault=0,seq=0,vl=0,vr=0,pwl=0,pwr=0,actenc=-124,dactenc=-1,srate=-242,starget=-242,pidrate=-241,pref=-136,ppos=-112,bi=-135,ball=190,vball=-58,bref=0,line=0,mask=00,bu=0,bd=0,oled=3C
[   7843] t=20706,state=1,mode=1,fault=0,seq=0,vl=0,vr=0,pwl=0,pwr=0,actenc=-138,dactenc=0,srate=-10,starget=-10,pidrate=-10,pref=-123,ppos=-122,bi=-135,ball=189,vball=-26,bref=0,line=0,mask=00,bu=0,bd=0,oled=3C
[   7936] t=20806,state=1,mode=1,fault=0,seq=0,vl=0,vr=0,pwl=0,pwr=0,actenc=-128,dactenc=1,srate=154,starget=154,pidrate=153,pref=-98,ppos=-113,bi=-135,ball=195,vball=35,bref=0,line=0,mask=00,bu=0,bd=0,oled=3C
[   8030] t=20906,state=1,mode=1,fault=0,seq=0,vl=0,vr=0,pwl=0,pwr=0,actenc=-120,dactenc=0,srate=19,starget=19,pidrate=18,pref=-104,ppos=-106,bi=-134,ball=196,vball=17,bref=0,line=0,mask=00,bu=0,bd=0,oled=3C
[   8139] t=21006,state=1,mode=1,fault=0,seq=0,vl=0,vr=0,pwl=0,pwr=0,actenc=-119,dactenc=0,srate=-16,starget=-16,pidrate=-15,pref=-107,ppos=-105,bi=-130,ball=195,vball=0,bref=0,line=0,mask=00,bu=0,bd=0,oled=3C
[   8233] t=21106,state=1,mode=1,fault=0,seq=0,vl=0,vr=0,pwl=0,pwr=0,actenc=-121,dactenc=0,srate=-17,starget=-17,pidrate=-17,pref=-109,ppos=-107,bi=-126,ball=193,vball=-13,bref=0,line=0,mask=00,bu=0,bd=0,oled=3C
[   8343] t=21206,state=1,mode=1,fault=0,seq=0,vl=0,vr=0,pwl=0,pwr=0,actenc=-118,dactenc=0,srate=128,starget=128,pidrate=127,pref=-90,ppos=-103,bi=-122,ball=195,vball=22,bref=0,line=0,mask=00,bu=0,bd=0,oled=3C
[   8436] t=21306,state=1,mode=1,fault=0,seq=0,vl=0,vr=0,pwl=0,pwr=0,actenc=-114,dactenc=0,srate=0,starget=0,pidrate=0,pref=-100,ppos=-100,bi=-119,ball=191,vball=-11,bref=0,line=0,mask=00,bu=0,bd=0,oled=3C
[   8546] t=21406,state=1,mode=1,fault=0,seq=0,vl=0,vr=0,pwl=0,pwr=0,actenc=-111,dactenc=1,srate=39,starget=39,pidrate=38,pref=-93,ppos=-97,bi=-115,ball=191,vball=-3,bref=0,line=0,mask=00,bu=0,bd=0,oled=3C
[   8639] t=21506,state=1,mode=1,fault=0,seq=0,vl=0,vr=0,pwl=0,pwr=0,actenc=-104,dactenc=0,srate=11,starget=11,pidrate=11,pref=-89,ppos=-90,bi=-111,ball=192,vball=-3,bref=0,line=0,mask=00,bu=0,bd=0,oled=3C
[   8733] t=21606,state=1,mode=1,fault=0,seq=0,vl=0,vr=0,pwl=0,pwr=0,actenc=-103,dactenc=0,srate=27,starget=27,pidrate=27,pref=-87,ppos=-90,bi=-107,ball=191,vball=-6,bref=0,line=0,mask=00,bu=0,bd=0,oled=3C
[   8843] t=21706,state=1,mode=1,fault=0,seq=0,vl=0,vr=0,pwl=0,pwr=0,actenc=-98,dactenc=0,srate=37,starget=37,pidrate=36,pref=-81,ppos=-85,bi=-103,ball=191,vball=-2,bref=0,line=0,mask=00,bu=0,bd=0,oled=3C
[   8936] t=21806,state=1,mode=1,fault=0,seq=0,vl=0,vr=0,pwl=0,pwr=0,actenc=-92,dactenc=1,srate=39,starget=39,pidrate=38,pref=-77,ppos=-81,bi=-99,ball=191,vball=-1,bref=0,line=0,mask=00,bu=0,bd=0,oled=3C
[   9046] t=21906,state=1,mode=1,fault=0,seq=0,vl=0,vr=0,pwl=0,pwr=0,actenc=-87,dactenc=0,srate=37,starget=37,pidrate=36,pref=-73,ppos=-77,bi=-96,ball=191,vball=0,bref=0,line=0,mask=00,bu=0,bd=0,oled=3C
[   9139] t=22006,state=1,mode=1,fault=0,seq=0,vl=0,vr=0,pwl=0,pwr=0,actenc=-82,dactenc=0,srate=36,starget=36,pidrate=35,pref=-69,ppos=-73,bi=-92,ball=191,vball=0,bref=0,line=0,mask=00,bu=0,bd=0,oled=3C
[   9233] t=22106,state=1,mode=1,fault=0,seq=0,vl=0,vr=0,pwl=0,pwr=0,actenc=-77,dactenc=0,srate=35,starget=35,pidrate=34,pref=-65,ppos=-69,bi=-88,ball=191,vball=0,bref=0,line=0,mask=00,bu=0,bd=0,oled=3C
[   9343] t=22206,state=1,mode=1,fault=0,seq=0,vl=0,vr=0,pwl=0,pwr=0,actenc=-66,dactenc=1,srate=120,starget=120,pidrate=119,pref=-48,ppos=-60,bi=-84,ball=195,vball=32,bref=0,line=0,mask=00,bu=0,bd=0,oled=3C
[   9436] t=22306,state=1,mode=1,fault=0,seq=0,vl=0,vr=0,pwl=0,pwr=0,actenc=-61,dactenc=0,srate=-84,starget=-84,pidrate=-84,pref=-64,ppos=-56,bi=-80,ball=192,vball=-17,bref=0,line=0,mask=00,bu=0,bd=0,oled=3C
[   9546] t=22406,state=1,mode=1,fault=0,seq=0,vl=0,vr=0,pwl=0,pwr=0,actenc=-66,dactenc=0,srate=12,starget=12,pidrate=12,pref=-59,ppos=-60,bi=-76,ball=190,vball=-13,bref=0,line=0,mask=00,bu=0,bd=0,oled=3C
[   9639] t=22506,state=1,mode=1,fault=0,seq=0,vl=0,vr=0,pwl=0,pwr=0,actenc=-63,dactenc=0,srate=49,starget=49,pidrate=49,pref=-51,ppos=-56,bi=-73,ball=191,vball=-3,bref=0,line=0,mask=00,bu=0,bd=0,oled=3C
[   9733] t=22606,state=1,mode=1,fault=0,seq=0,vl=0,vr=0,pwl=0,pwr=0,actenc=-57,dactenc=0,srate=46,starget=46,pidrate=45,pref=-46,ppos=-51,bi=-69,ball=191,vball=0,bref=0,line=0,mask=00,bu=0,bd=0,oled=3C
[   9843] t=22706,state=1,mode=1,fault=0,seq=0,vl=0,vr=0,pwl=0,pwr=0,actenc=-51,dactenc=0,srate=40,starget=40,pidrate=39,pref=-42,ppos=-46,bi=-65,ball=191,vball=0,bref=0,line=0,mask=00,bu=0,bd=0,oled=3C
[   9936] t=22806,state=1,mode=1,fault=0,seq=0,vl=0,vr=0,pwl=0,pwr=0,actenc=-47,dactenc=0,srate=30,starget=30,pidrate=29,pref=-40,ppos=-43,bi=-61,ball=190,vball=-4,bref=0,line=0,mask=00,bu=0,bd=0,oled=3C
[  10046] t=22906,state=1,mode=1,fault=0,seq=0,vl=0,vr=0,pwl=0,pwr=0,actenc=-41,dactenc=1,srate=39,starget=39,pidrate=39,pref=-35,ppos=-39,bi=-57,ball=190,vball=-1,bref=0,line=0,mask=00,bu=0,bd=0,oled=3C
[  10139] t=23006,state=1,mode=1,fault=0,seq=0,vl=0,vr=0,pwl=0,pwr=0,actenc=-35,dactenc=0,srate=48,starget=48,pidrate=48,pref=-29,ppos=-34,bi=-53,ball=190,vball=3,bref=0,line=0,mask=00,bu=0,bd=0,oled=3C
[  10233] t=23106,state=1,mode=1,fault=0,seq=0,vl=0,vr=0,pwl=0,pwr=0,actenc=-31,dactenc=-1,srate=-66,starget=-66,pidrate=-66,pref=-38,ppos=-32,bi=-50,ball=187,vball=-28,bref=0,line=0,mask=00,bu=0,bd=0,oled=3C
[  10343] t=23206,state=1,mode=1,fault=0,seq=0,vl=0,vr=0,pwl=0,pwr=0,actenc=-34,dactenc=0,srate=34,starget=34,pidrate=34,pref=-30,ppos=-33,bi=-46,ball=186,vball=-16,bref=0,line=0,mask=00,bu=0,bd=0,oled=3C
[  10436] t=23306,state=1,mode=1,fault=0,seq=0,vl=0,vr=0,pwl=0,pwr=0,actenc=-27,dactenc=0,srate=59,starget=59,pidrate=58,pref=-21,ppos=-27,bi=-42,ball=186,vball=-4,bref=0,line=0,mask=00,bu=0,bd=0,oled=3C
[  10546] t=23406,state=1,mode=1,fault=0,seq=0,vl=0,vr=0,pwl=0,pwr=0,actenc=-12,dactenc=0,srate=97,starget=97,pidrate=97,pref=-4,ppos=-14,bi=-38,ball=191,vball=27,bref=0,line=0,mask=00,bu=0,bd=0,oled=3C
[  10639] t=23506,state=1,mode=1,fault=0,seq=0,vl=0,vr=0,pwl=0,pwr=0,actenc=-7,dactenc=0,srate=19,starget=19,pidrate=19,pref=-8,ppos=-10,bi=-35,ball=191,vball=8,bref=0,line=0,mask=00,bu=0,bd=0,oled=3C
[  10733] t=23606,state=1,mode=1,fault=0,seq=0,vl=0,vr=0,pwl=0,pwr=0,actenc=-10,dactenc=0,srate=-72,starget=-72,pidrate=-72,pref=-21,ppos=-14,bi=-31,ball=187,vball=-32,bref=0,line=0,mask=00,bu=0,bd=0,oled=3C
[  10843] t=23706,state=1,mode=1,fault=0,seq=0,vl=0,vr=0,pwl=0,pwr=0,actenc=-9,dactenc=0,srate=62,starget=62,pidrate=62,pref=-5,ppos=-12,bi=-27,ball=188,vball=-2,bref=0,line=0,mask=00,bu=0,bd=0,oled=3C
[  10936] t=23806,state=1,mode=1,fault=0,seq=0,vl=0,vr=0,pwl=0,pwr=0,actenc=-6,dactenc=1,srate=40,starget=40,pidrate=40,pref=-5,ppos=-9,bi=-23,ball=186,vball=-10,bref=0,line=0,mask=00,bu=0,bd=0,oled=3C
[  11046] t=23906,state=1,mode=1,fault=0,seq=0,vl=0,vr=0,pwl=0,pwr=0,actenc=3,dactenc=2,srate=53,starget=53,pidrate=52,pref=1,ppos=-3,bi=-20,ball=186,vball=-1,bref=0,line=0,mask=00,bu=0,bd=0,oled=3C
[  11139] t=24006,state=1,mode=1,fault=0,seq=0,vl=0,vr=0,pwl=0,pwr=0,actenc=10,dactenc=1,srate=43,starget=43,pidrate=43,pref=5,ppos=1,bi=-16,ball=186,vball=0,bref=0,line=0,mask=00,bu=0,bd=0,oled=3C
[  11233] t=24106,state=1,mode=1,fault=0,seq=0,vl=0,vr=0,pwl=0,pwr=0,actenc=14,dactenc=0,srate=38,starget=38,pidrate=37,pref=9,ppos=6,bi=-12,ball=186,vball=0,bref=0,line=0,mask=00,bu=0,bd=0,oled=3C
[  11343] t=24206,state=1,mode=1,fault=0,seq=0,vl=0,vr=0,pwl=0,pwr=0,actenc=20,dactenc=0,srate=36,starget=36,pidrate=35,pref=13,ppos=10,bi=-8,ball=186,vball=0,bref=0,line=0,mask=00,bu=0,bd=0,oled=3C
[  11436] t=24306,state=1,mode=1,fault=0,seq=0,vl=0,vr=0,pwl=0,pwr=0,actenc=21,dactenc=0,srate=-61,starget=-61,pidrate=-61,pref=2,ppos=8,bi=-5,ball=182,vball=-35,bref=0,line=0,mask=00,bu=0,bd=0,oled=3C
[  11546] t=24406,state=1,mode=1,fault=0,seq=0,vl=0,vr=0,pwl=0,pwr=0,actenc=20,dactenc=0,srate=47,starget=47,pidrate=47,pref=14,ppos=9,bi=-1,ball=181,vball=-14,bref=0,line=0,mask=00,bu=0,bd=0,oled=3C
[  11639] t=24506,state=1,mode=1,fault=0,seq=0,vl=0,vr=0,pwl=0,pwr=0,actenc=27,dactenc=0,srate=61,starget=61,pidrate=60,pref=22,ppos=16,bi=2,ball=181,vball=-3,bref=0,line=0,mask=00,bu=0,bd=0,oled=3C
[  11733] t=24606,state=1,mode=1,fault=0,seq=0,vl=0,vr=0,pwl=0,pwr=0,actenc=37,dactenc=2,srate=55,starget=55,pidrate=54,pref=28,ppos=22,bi=5,ball=182,vball=1,bref=0,line=0,mask=00,bu=0,bd=0,oled=3C
[  11843] t=24706,state=1,mode=1,fault=0,seq=0,vl=0,vr=0,pwl=0,pwr=0,actenc=41,dactenc=0,srate=24,starget=24,pidrate=24,pref=29,ppos=26,bi=9,ball=181,vball=-5,bref=0,line=0,mask=00,bu=0,bd=0,oled=3C
[  11936] t=24806,state=1,mode=1,fault=0,seq=0,vl=0,vr=0,pwl=0,pwr=0,actenc=47,dactenc=0,srate=49,starget=49,pidrate=49,pref=36,ppos=31,bi=13,ball=182,vball=3,bref=0,line=0,mask=00,bu=0,bd=0,oled=3C
[  12046] t=24906,state=1,mode=1,fault=0,seq=0,vl=0,vr=0,pwl=0,pwr=0,actenc=51,dactenc=0,srate=30,starget=30,pidrate=30,pref=37,ppos=34,bi=16,ball=181,vball=-1,bref=0,line=0,mask=00,bu=0,bd=0,oled=3C
[  12139] t=25006,state=1,mode=1,fault=0,seq=0,vl=0,vr=0,pwl=0,pwr=0,actenc=58,dactenc=1,srate=51,starget=51,pidrate=51,pref=44,ppos=39,bi=20,ball=182,vball=6,bref=0,line=0,mask=00,bu=0,bd=0,oled=3C
[  12233] t=25106,state=1,mode=1,fault=0,seq=0,vl=0,vr=0,pwl=0,pwr=0,actenc=61,dactenc=0,srate=24,starget=24,pidrate=23,pref=45,ppos=43,bi=23,ball=182,vball=0,bref=0,line=0,mask=00,bu=0,bd=0,oled=3C
[  12343] t=25206,state=1,mode=1,fault=0,seq=0,vl=0,vr=0,pwl=0,pwr=0,actenc=73,dactenc=1,srate=59,starget=59,pidrate=59,pref=59,ppos=53,bi=27,ball=187,vball=23,bref=0,line=0,mask=00,bu=0,bd=0,oled=3C
[  12436] t=25306,state=1,mode=1,fault=0,seq=0,vl=0,vr=0,pwl=0,pwr=0,actenc=75,dactenc=0,srate=15,starget=15,pidrate=15,pref=56,ppos=54,bi=31,ball=186,vball=6,bref=0,line=0,mask=00,bu=0,bd=0,oled=3C
[  12546] t=25406,state=1,mode=1,fault=0,seq=0,vl=0,vr=0,pwl=0,pwr=0,actenc=71,dactenc=-1,srate=-47,starget=-47,pidrate=-47,pref=46,ppos=51,bi=35,ball=182,vball=-26,bref=0,line=0,mask=00,bu=0,bd=0,oled=3C
[  12639] t=25506,state=1,mode=1,fault=0,seq=0,vl=0,vr=0,pwl=0,pwr=0,actenc=69,dactenc=0,srate=133,starget=133,pidrate=133,pref=63,ppos=50,bi=35,ball=183,vball=16,bref=0,line=0,mask=00,bu=0,bd=0,oled=3C
[  12733] t=25606,state=1,mode=1,fault=0,seq=0,vl=0,vr=0,pwl=0,pwr=0,actenc=81,dactenc=0,srate=-76,starget=-76,pidrate=-75,pref=50,ppos=57,bi=35,ball=182,vball=-17,bref=0,line=0,mask=00,bu=0,bd=0,oled=3C
[  12843] t=25706,state=1,mode=1,fault=0,seq=0,vl=0,vr=0,pwl=0,pwr=0,actenc=56,dactenc=-1,srate=-200,starget=-200,pidrate=-200,pref=17,ppos=37,bi=35,ball=168,vball=-95,bref=0,line=0,mask=00,bu=0,bd=0,oled=3C
[  12936] t=25806,state=1,mode=1,fault=0,seq=0,vl=0,vr=0,pwl=0,pwr=0,actenc=38,dactenc=0,srate=-138,starget=-138,pidrate=-138,pref=8,ppos=22,bi=35,ball=156,vball=-113,bref=0,line=0,mask=00,bu=0,bd=0,oled=3C
[  13046] t=25906,state=1,mode=1,fault=0,seq=0,vl=0,vr=0,pwl=0,pwr=0,actenc=13,dactenc=-2,srate=-215,starget=-215,pidrate=-215,pref=-17,ppos=3,bi=35,ball=137,vball=-173,bref=0,line=0,mask=00,bu=0,bd=0,oled=3C
[  13139] t=26006,state=1,mode=1,fault=0,seq=0,vl=0,vr=0,pwl=0,pwr=0,actenc=-9,dactenc=0,srate=-72,starget=-72,pidrate=-72,pref=-20,ppos=-13,bi=35,ball=118,vball=-175,bref=0,line=0,mask=00,bu=0,bd=0,oled=3C
[  13233] t=26106,state=1,mode=1,fault=0,seq=0,vl=0,vr=0,pwl=0,pwr=0,actenc=-12,dactenc=0,srate=27,starget=27,pidrate=26,pref=-11,ppos=-14,bi=35,ball=109,vball=-149,bref=0,line=0,mask=00,bu=0,bd=0,oled=3C
[  13343] t=26206,state=1,mode=1,fault=0,seq=0,vl=0,vr=0,pwl=0,pwr=0,actenc=-14,dactenc=0,srate=-34,starget=-34,pidrate=-33,pref=-21,ppos=-17,bi=35,ball=92,vball=-168,bref=0,line=0,mask=00,bu=0,bd=0,oled=3C
[  13436] t=26306,state=1,mode=1,fault=0,seq=0,vl=0,vr=0,pwl=0,pwr=0,actenc=-12,dactenc=1,srate=237,starget=237,pidrate=236,pref=9,ppos=-14,bi=35,ball=89,vball=-91,bref=0,line=0,mask=00,bu=0,bd=0,oled=3C
[  13546] t=26406,state=1,mode=1,fault=0,seq=0,vl=0,vr=0,pwl=0,pwr=0,actenc=24,dactenc=0,srate=229,starget=229,pidrate=228,pref=36,ppos=14,bi=35,ball=90,vball=-22,bref=0,line=0,mask=00,bu=0,bd=0,oled=3C
[  13639] t=26506,state=1,mode=1,fault=0,seq=0,vl=0,vr=0,pwl=0,pwr=0,actenc=45,dactenc=0,srate=45,starget=45,pidrate=45,pref=34,ppos=29,bi=35,ball=88,vball=-28,bref=0,line=0,mask=00,bu=0,bd=0,oled=3C
[  13733] t=26606,state=1,mode=1,fault=0,seq=0,vl=0,vr=0,pwl=0,pwr=0,actenc=48,dactenc=-1,srate=101,starget=101,pidrate=100,pref=43,ppos=33,bi=35,ball=87,vball=-6,bref=0,line=0,mask=00,bu=0,bd=0,oled=3C
[  13843] t=26706,state=1,mode=1,fault=0,seq=0,vl=0,vr=0,pwl=0,pwr=0,actenc=59,dactenc=1,srate=35,starget=35,pidrate=35,pref=44,ppos=40,bi=35,ball=87,vball=-2,bref=0,line=0,mask=00,bu=0,bd=0,oled=3C
[  13936] t=26806,state=1,mode=1,fault=0,seq=0,vl=0,vr=0,pwl=0,pwr=0,actenc=60,dactenc=0,srate=24,starget=24,pidrate=24,pref=44,ppos=42,bi=36,ball=87,vball=-4,bref=0,line=0,mask=00,bu=0,bd=0,oled=3C
[  14046] t=26906,state=1,mode=1,fault=0,seq=0,vl=0,vr=0,pwl=0,pwr=0,actenc=65,dactenc=1,srate=41,starget=41,pidrate=40,pref=49,ppos=45,bi=37,ball=87,vball=3,bref=0,line=0,mask=00,bu=0,bd=0,oled=3C
[  14139] t=27006,state=1,mode=1,fault=0,seq=0,vl=0,vr=0,pwl=0,pwr=0,actenc=68,dactenc=0,srate=0,starget=0,pidrate=0,pref=48,ppos=48,bi=39,ball=87,vball=-5,bref=0,line=0,mask=00,bu=0,bd=0,oled=3C
[  14233] t=27106,state=1,mode=1,fault=0,seq=0,vl=0,vr=0,pwl=0,pwr=0,actenc=68,dactenc=0,srate=15,starget=15,pidrate=15,pref=50,ppos=48,bi=41,ball=86,vball=-4,bref=0,line=0,mask=00,bu=0,bd=0,oled=3C
[  14343] t=27206,state=1,mode=1,fault=0,seq=0,vl=0,vr=0,pwl=0,pwr=0,actenc=71,dactenc=0,srate=23,starget=23,pidrate=22,pref=53,ppos=50,bi=43,ball=86,vball=-1,bref=0,line=0,mask=00,bu=0,bd=0,oled=3C
[  14436] t=27306,state=1,mode=1,fault=0,seq=0,vl=0,vr=0,pwl=0,pwr=0,actenc=73,dactenc=0,srate=-13,starget=-13,pidrate=-13,pref=49,ppos=50,bi=44,ball=84,vball=-14,bref=0,line=0,mask=00,bu=0,bd=0,oled=3C
[  14546] t=27406,state=1,mode=1,fault=0,seq=0,vl=0,vr=0,pwl=0,pwr=0,actenc=83,dactenc=0,srate=70,starget=70,pidrate=70,pref=66,ppos=59,bi=46,ball=89,vball=22,bref=0,line=0,mask=00,bu=0,bd=0,oled=3C
[  14639] t=27506,state=1,mode=1,fault=0,seq=0,vl=0,vr=0,pwl=0,pwr=0,actenc=81,dactenc=0,srate=-42,starget=-42,pidrate=-41,pref=50,ppos=54,bi=48,ball=84,vball=-19,bref=0,line=0,mask=00,bu=0,bd=0,oled=3C
[  14733] t=27606,state=1,mode=1,fault=0,seq=0,vl=0,vr=0,pwl=0,pwr=0,actenc=84,dactenc=0,srate=77,starget=77,pidrate=76,pref=67,ppos=59,bi=50,ball=88,vball=16,bref=0,line=0,mask=00,bu=0,bd=0,oled=3C
[  14843] t=27706,state=1,mode=1,fault=0,seq=0,vl=0,vr=0,pwl=0,pwr=0,actenc=91,dactenc=1,srate=23,starget=23,pidrate=23,pref=67,ppos=65,bi=51,ball=89,vball=12,bref=0,line=0,mask=00,bu=0,bd=0,oled=3C
[  14936] t=27806,state=1,mode=1,fault=0,seq=0,vl=0,vr=0,pwl=0,pwr=0,actenc=92,dactenc=1,srate=34,starget=34,pidrate=33,pref=67,ppos=64,bi=53,ball=89,vball=9,bref=0,line=0,mask=00,bu=0,bd=0,oled=3C
[  15046] t=27906,state=1,mode=1,fault=0,seq=0,vl=0,vr=0,pwl=0,pwr=0,actenc=88,dactenc=0,srate=-33,starget=-33,pidrate=-32,pref=57,ppos=61,bi=55,ball=85,vball=-19,bref=0,line=0,mask=00,bu=0,bd=0,oled=3C
[  15139] t=28006,state=1,mode=1,fault=0,seq=0,vl=0,vr=0,pwl=0,pwr=0,actenc=88,dactenc=0,srate=27,starget=27,pidrate=26,pref=64,ppos=61,bi=57,ball=85,vball=-6,bref=0,line=0,mask=00,bu=0,bd=0,oled=3C
[  15233] t=28106,state=1,mode=1,fault=0,seq=0,vl=0,vr=0,pwl=0,pwr=0,actenc=91,dactenc=0,srate=29,starget=29,pidrate=29,pref=68,ppos=65,bi=58,ball=85,vball=-1,bref=0,line=0,mask=00,bu=0,bd=0,oled=3C
[  15343] t=28206,state=1,mode=1,fault=0,seq=0,vl=0,vr=0,pwl=0,pwr=0,actenc=95,dactenc=0,srate=22,starget=22,pidrate=22,pref=70,ppos=68,bi=60,ball=85,vball=0,bref=0,line=0,mask=00,bu=0,bd=0,oled=3C
[  15436] t=28306,state=1,mode=1,fault=0,seq=0,vl=0,vr=0,pwl=0,pwr=0,actenc=98,dactenc=0,srate=19,starget=19,pidrate=19,pref=72,ppos=70,bi=62,ball=85,vball=0,bref=0,line=0,mask=00,bu=0,bd=0,oled=3C
[  15546] t=28406,state=1,mode=1,fault=0,seq=0,vl=0,vr=0,pwl=0,pwr=0,actenc=101,dactenc=0,srate=22,starget=22,pidrate=21,pref=75,ppos=72,bi=63,ball=85,vball=2,bref=0,line=0,mask=00,bu=0,bd=0,oled=3C
[  15639] t=28506,state=1,mode=1,fault=0,seq=0,vl=0,vr=0,pwl=0,pwr=0,actenc=103,dactenc=0,srate=-34,starget=-34,pidrate=-34,pref=69,ppos=73,bi=65,ball=84,vball=-15,bref=0,line=0,mask=00,bu=0,bd=0,oled=3C
[  15733] t=28606,state=1,mode=1,fault=0,seq=0,vl=0,vr=0,pwl=0,pwr=0,actenc=100,dactenc=0,srate=19,starget=19,pidrate=18,pref=73,ppos=71,bi=67,ball=83,vball=-8,bref=0,line=0,mask=00,bu=0,bd=0,oled=3C
[  15843] t=28706,state=1,mode=1,fault=0,seq=0,vl=0,vr=0,pwl=0,pwr=0,actenc=103,dactenc=0,srate=30,starget=30,pidrate=29,pref=78,ppos=75,bi=68,ball=83,vball=-2,bref=0,line=0,mask=00,bu=0,bd=0,oled=3C
[  15936] t=28806,state=1,mode=1,fault=0,seq=0,vl=0,vr=0,pwl=0,pwr=0,actenc=109,dactenc=-1,srate=87,starget=87,pidrate=87,pref=90,ppos=82,bi=70,ball=86,vball=25,bref=0,line=0,mask=00,bu=0,bd=0,oled=3C
[  16046] t=28906,state=1,mode=1,fault=0,seq=0,vl=0,vr=0,pwl=0,pwr=0,actenc=115,dactenc=0,srate=11,starget=11,pidrate=10,pref=86,ppos=85,bi=72,ball=87,vball=10,bref=0,line=0,mask=00,bu=0,bd=0,oled=3C
[  16139] t=29006,state=1,mode=1,fault=0,seq=0,vl=0,vr=0,pwl=0,pwr=0,actenc=115,dactenc=0,srate=0,starget=0,pidrate=0,pref=85,ppos=85,bi=74,ball=87,vball=2,bref=0,line=0,mask=00,bu=0,bd=0,oled=3C
[  16233] t=29106,state=1,mode=1,fault=0,seq=0,vl=0,vr=0,pwl=0,pwr=0,actenc=115,dactenc=0,srate=-16,starget=-16,pidrate=-15,pref=84,ppos=85,bi=75,ball=86,vball=-4,bref=0,line=0,mask=00,bu=0,bd=0,oled=3C
[  16343] t=29206,state=1,mode=1,fault=0,seq=0,vl=0,vr=0,pwl=0,pwr=0,actenc=103,dactenc=0,srate=-112,starget=-112,pidrate=-112,pref=62,ppos=73,bi=76,ball=79,vball=-57,bref=0,line=0,mask=00,bu=0,bd=0,oled=3C
[  16436] t=29306,state=1,mode=1,fault=0,seq=0,vl=0,vr=0,pwl=0,pwr=0,actenc=94,dactenc=0,srate=-40,starget=-40,pidrate=-40,pref=62,ppos=66,bi=76,ball=75,vball=-56,bref=0,line=0,mask=00,bu=0,bd=0,oled=3C
[  16546] t=29406,state=1,mode=1,fault=0,seq=0,vl=0,vr=0,pwl=0,pwr=0,actenc=92,dactenc=0,srate=46,starget=46,pidrate=46,pref=71,ppos=66,bi=76,ball=70,vball=-33,bref=0,line=0,mask=00,bu=0,bd=0,oled=3C
[  16639] t=29506,state=1,mode=1,fault=0,seq=0,vl=0,vr=0,pwl=0,pwr=0,actenc=103,dactenc=0,srate=80,starget=80,pidrate=79,pref=84,ppos=76,bi=76,ball=71,vball=-2,bref=0,line=0,mask=00,bu=0,bd=0,oled=3C
[  16733] t=29606,state=1,mode=1,fault=0,seq=0,vl=0,vr=0,pwl=0,pwr=0,actenc=115,dactenc=0,srate=100,starget=100,pidrate=99,pref=96,ppos=86,bi=76,ball=75,vball=26,bref=0,line=0,mask=00,bu=0,bd=0,oled=3C
[  16843] t=29706,state=1,mode=1,fault=0,seq=0,vl=0,vr=0,pwl=0,pwr=0,actenc=117,dactenc=0,srate=-19,starget=-19,pidrate=-18,pref=84,ppos=86,bi=78,ball=72,vball=-6,bref=0,line=0,mask=00,bu=0,bd=0,oled=3C
[  16936] t=29806,state=1,mode=1,fault=0,seq=0,vl=0,vr=0,pwl=0,pwr=0,actenc=116,dactenc=0,srate=0,starget=0,pidrate=0,pref=86,ppos=86,bi=79,ball=72,vball=-5,bref=0,line=0,mask=00,bu=0,bd=0,oled=3C
[  17046] t=29906,state=1,mode=1,fault=0,seq=0,vl=0,vr=0,pwl=0,pwr=0,actenc=117,dactenc=0,srate=20,starget=20,pidrate=19,pref=89,ppos=87,bi=81,ball=72,vball=-1,bref=0,line=0,mask=00,bu=0,bd=0,oled=3C
[  17139] t=30006,state=1,mode=1,fault=0,seq=0,vl=0,vr=0,pwl=0,pwr=0,actenc=121,dactenc=0,srate=20,starget=20,pidrate=19,pref=91,ppos=89,bi=82,ball=72,vball=0,bref=0,line=0,mask=00,bu=0,bd=0,oled=3C
[  17233] t=30106,state=1,mode=1,fault=0,seq=0,vl=0,vr=0,pwl=0,pwr=0,actenc=123,dactenc=0,srate=19,starget=19,pidrate=19,pref=93,ppos=91,bi=84,ball=72,vball=0,bref=0,line=0,mask=00,bu=0,bd=0,oled=3C
[  17343] t=30206,state=1,mode=1,fault=0,seq=0,vl=0,vr=0,pwl=0,pwr=0,actenc=122,dactenc=0,srate=-65,starget=-65,pidrate=-64,pref=83,ppos=90,bi=85,ball=67,vball=-25,bref=0,line=0,mask=00,bu=0,bd=0,oled=3C
[  17436] t=30306,state=1,mode=1,fault=0,seq=0,vl=0,vr=0,pwl=0,pwr=0,actenc=116,dactenc=0,srate=-19,starget=-19,pidrate=-19,pref=83,ppos=85,bi=86,ball=64,vball=-27,bref=0,line=0,mask=00,bu=0,bd=0,oled=3C
[  17546] t=30406,state=1,mode=1,fault=0,seq=0,vl=0,vr=0,pwl=0,pwr=0,actenc=119,dactenc=0,srate=24,starget=24,pidrate=24,pref=91,ppos=89,bi=88,ball=64,vball=-9,bref=0,line=0,mask=00,bu=0,bd=0,oled=3C
[  17639] t=30506,state=1,mode=1,fault=0,seq=0,vl=0,vr=0,pwl=0,pwr=0,actenc=123,dactenc=0,srate=11,starget=11,pidrate=11,pref=93,ppos=92,bi=89,ball=64,vball=-9,bref=0,line=0,mask=00,bu=0,bd=0,oled=3C
[  17733] t=30606,state=1,mode=1,fault=0,seq=0,vl=0,vr=0,pwl=0,pwr=0,actenc=120,dactenc=0,srate=-44,starget=-44,pidrate=-44,pref=83,ppos=88,bi=90,ball=59,vball=-34,bref=0,line=0,mask=00,bu=0,bd=0,oled=3C
[  17843] t=30706,state=1,mode=1,fault=0,seq=0,vl=0,vr=0,pwl=0,pwr=0,actenc=121,dactenc=0,srate=52,starget=52,pidrate=51,pref=95,ppos=90,bi=91,ball=59,vball=-7,bref=0,line=0,mask=00,bu=0,bd=0,oled=3C
[  17936] t=30806,state=1,mode=1,fault=0,seq=0,vl=0,vr=0,pwl=0,pwr=0,actenc=128,dactenc=1,srate=40,starget=40,pidrate=40,pref=100,ppos=96,bi=93,ball=60,vball=0,bref=0,line=0,mask=00,bu=0,bd=0,oled=3C
[  18046] t=30906,state=1,mode=1,fault=0,seq=0,vl=0,vr=0,pwl=0,pwr=0,actenc=131,dactenc=0,srate=20,starget=20,pidrate=19,pref=101,ppos=99,bi=94,ball=60,vball=0,bref=0,line=0,mask=00,bu=0,bd=0,oled=3C
[  18139] t=31006,state=1,mode=1,fault=0,seq=0,vl=0,vr=0,pwl=0,pwr=0,actenc=133,dactenc=0,srate=19,starget=19,pidrate=19,pref=103,ppos=101,bi=95,ball=60,vball=1,bref=0,line=0,mask=00,bu=0,bd=0,oled=3C
[  18233] t=31106,state=1,mode=1,fault=0,seq=0,vl=0,vr=0,pwl=0,pwr=0,actenc=133,dactenc=0,srate=19,starget=19,pidrate=19,pref=104,ppos=102,bi=96,ball=60,vball=0,bref=0,line=0,mask=00,bu=0,bd=0,oled=3C
[  18343] t=31206,state=1,mode=1,fault=0,seq=0,vl=0,vr=0,pwl=0,pwr=0,actenc=139,dactenc=-1,srate=-45,starget=-45,pidrate=-45,pref=102,ppos=106,bi=97,ball=61,vball=-8,bref=0,line=0,mask=00,bu=0,bd=0,oled=3C
[  18436] t=31306,state=1,mode=1,fault=0,seq=0,vl=0,vr=0,pwl=0,pwr=0,actenc=137,dactenc=0,srate=0,starget=0,pidrate=0,pref=104,ppos=104,bi=99,ball=61,vball=-4,bref=0,line=0,mask=00,bu=0,bd=0,oled=3C
[  18546] t=31406,state=1,mode=1,fault=0,seq=0,vl=0,vr=0,pwl=0,pwr=0,actenc=138,dactenc=1,srate=19,starget=19,pidrate=19,pref=107,ppos=105,bi=100,ball=61,vball=-1,bref=0,line=0,mask=00,bu=0,bd=0,oled=3C
[  18639] t=31506,state=1,mode=1,fault=0,seq=0,vl=0,vr=0,pwl=0,pwr=0,actenc=152,dactenc=0,srate=54,starget=54,pidrate=53,pref=122,ppos=117,bi=100,ball=68,vball=36,bref=0,line=0,mask=00,bu=0,bd=0,oled=3C
[  18750] t=31606,state=1,mode=1,fault=0,seq=0,vl=0,vr=0,pwl=0,pwr=0,actenc=151,dactenc=0,srate=-41,starget=-41,pidrate=-40,pref=111,ppos=115,bi=100,ball=67,vball=7,bref=0,line=0,mask=00,bu=0,bd=0,oled=3C
[  18843] t=31706,state=1,mode=1,fault=0,seq=0,vl=0,vr=0,pwl=0,pwr=0,actenc=145,dactenc=0,srate=-32,starget=-32,pidrate=-32,pref=107,ppos=110,bi=100,ball=66,vball=-3,bref=0,line=0,mask=00,bu=0,bd=0,oled=3C
[  18936] t=31806,state=1,mode=1,fault=0,seq=0,vl=0,vr=0,pwl=0,pwr=0,actenc=144,dactenc=0,srate=0,starget=0,pidrate=0,pref=110,ppos=110,bi=102,ball=67,vball=1,bref=0,line=0,mask=00,bu=0,bd=0,oled=3C
[  19046] t=31906,state=1,mode=1,fault=0,seq=0,vl=0,vr=0,pwl=0,pwr=0,actenc=144,dactenc=0,srate=21,starget=21,pidrate=20,pref=112,ppos=110,bi=103,ball=67,vball=2,bref=0,line=0,mask=00,bu=0,bd=0,oled=3C
[  19139] t=32006,state=1,mode=1,fault=0,seq=0,vl=0,vr=0,pwl=0,pwr=0,actenc=145,dactenc=0,srate=19,starget=19,pidrate=19,pref=113,ppos=111,bi=104,ball=67,vball=2,bref=0,line=0,mask=00,bu=0,bd=0,oled=3C
[  19250] t=32106,state=1,mode=1,fault=0,seq=0,vl=0,vr=0,pwl=0,pwr=0,actenc=145,dactenc=0,srate=0,starget=0,pidrate=0,pref=112,ppos=112,bi=106,ball=66,vball=-5,bref=0,line=0,mask=00,bu=0,bd=0,oled=3C
[  19343] t=32206,state=1,mode=1,fault=0,seq=0,vl=0,vr=0,pwl=0,pwr=0,actenc=145,dactenc=-1,srate=24,starget=24,pidrate=24,pref=115,ppos=112,bi=107,ball=66,vball=0,bref=0,line=0,mask=00,bu=0,bd=0,oled=3C
[  19436] t=32306,state=1,mode=1,fault=0,seq=0,vl=0,vr=0,pwl=0,pwr=0,actenc=148,dactenc=-1,srate=19,starget=19,pidrate=19,pref=117,ppos=115,bi=108,ball=67,vball=0,bref=0,line=0,mask=00,bu=0,bd=0,oled=3C
[  19546] t=32406,state=1,mode=1,fault=0,seq=0,vl=0,vr=0,pwl=0,pwr=0,actenc=150,dactenc=1,srate=19,starget=19,pidrate=19,pref=117,ppos=115,bi=110,ball=66,vball=-1,bref=0,line=0,mask=00,bu=0,bd=0,oled=3C
[  19639] t=32506,state=1,mode=1,fault=0,seq=0,vl=0,vr=0,pwl=0,pwr=0,actenc=152,dactenc=0,srate=18,starget=18,pidrate=17,pref=119,ppos=117,bi=111,ball=66,vball=0,bref=0,line=0,mask=00,bu=0,bd=0,oled=3C
[  19750] t=32606,state=1,mode=1,fault=0,seq=0,vl=0,vr=0,pwl=0,pwr=0,actenc=153,dactenc=0,srate=21,starget=21,pidrate=21,pref=120,ppos=118,bi=112,ball=66,vball=0,bref=0,line=0,mask=00,bu=0,bd=0,oled=3C
[  19843] t=32706,state=1,mode=1,fault=0,seq=0,vl=0,vr=0,pwl=0,pwr=0,actenc=155,dactenc=0,srate=24,starget=24,pidrate=24,pref=123,ppos=121,bi=114,ball=67,vball=3,bref=0,line=0,mask=00,bu=0,bd=0,oled=3C
[  19936] t=32806,state=1,mode=1,fault=0,seq=0,vl=0,vr=0,pwl=0,pwr=0,actenc=157,dactenc=0,srate=19,starget=19,pidrate=19,pref=124,ppos=122,bi=115,ball=67,vball=2,bref=0,line=0,mask=00,bu=0,bd=0,oled=3C
[  20046] t=32906,state=1,mode=1,fault=0,seq=0,vl=0,vr=0,pwl=0,pwr=0,actenc=157,dactenc=0,srate=0,starget=0,pidrate=0,pref=123,ppos=122,bi=116,ball=66,vball=-4,bref=0,line=0,mask=00,bu=0,bd=0,oled=3C
[  20139] t=33006,state=1,mode=1,fault=0,seq=0,vl=0,vr=0,pwl=0,pwr=0,actenc=158,dactenc=1,srate=21,starget=21,pidrate=20,pref=125,ppos=123,bi=118,ball=66,vball=-1,bref=0,line=0,mask=00,bu=0,bd=0,oled=3C
[  20250] t=33106,state=1,mode=1,fault=0,seq=0,vl=0,vr=0,pwl=0,pwr=0,actenc=161,dactenc=0,srate=19,starget=19,pidrate=19,pref=128,ppos=126,bi=119,ball=67,vball=1,bref=0,line=0,mask=00,bu=0,bd=0,oled=3C
[  20343] t=33206,state=1,mode=1,fault=0,seq=0,vl=0,vr=0,pwl=0,pwr=0,actenc=164,dactenc=0,srate=19,starget=19,pidrate=19,pref=129,ppos=127,bi=120,ball=67,vball=1,bref=0,line=0,mask=00,bu=0,bd=0,oled=3C
[  20436] t=33306,state=1,mode=1,fault=0,seq=0,vl=0,vr=0,pwl=0,pwr=0,actenc=164,dactenc=0,srate=17,starget=17,pidrate=17,pref=129,ppos=127,bi=122,ball=66,vball=-1,bref=0,line=0,mask=00,bu=0,bd=0,oled=3C
[  20546] t=33406,state=1,mode=1,fault=0,seq=0,vl=0,vr=0,pwl=0,pwr=0,actenc=164,dactenc=0,srate=17,starget=17,pidrate=16,pref=129,ppos=127,bi=123,ball=66,vball=-4,bref=0,line=0,mask=00,bu=0,bd=0,oled=3C
[  20639] t=33506,state=1,mode=1,fault=0,seq=0,vl=0,vr=0,pwl=0,pwr=0,actenc=167,dactenc=1,srate=35,starget=35,pidrate=34,pref=134,ppos=131,bi=124,ball=66,vball=4,bref=0,line=0,mask=00,bu=0,bd=0,oled=3C
[  20750] t=33606,state=1,mode=1,fault=0,seq=0,vl=0,vr=0,pwl=0,pwr=0,actenc=172,dactenc=1,srate=29,starget=29,pidrate=28,pref=137,ppos=134,bi=126,ball=67,vball=8,bref=0,line=0,mask=00,bu=0,bd=0,oled=3C
[  20843] t=33706,state=1,mode=1,fault=0,seq=0,vl=0,vr=0,pwl=0,pwr=0,actenc=172,dactenc=0,srate=0,starget=0,pidrate=0,pref=134,ppos=135,bi=127,ball=67,vball=-1,bref=0,line=0,mask=00,bu=0,bd=0,oled=3C
[  20936] t=33806,state=1,mode=1,fault=0,seq=0,vl=0,vr=0,pwl=0,pwr=0,actenc=172,dactenc=0,srate=0,starget=0,pidrate=0,pref=135,ppos=135,bi=128,ball=66,vball=-3,bref=0,line=0,mask=00,bu=0,bd=0,oled=3C
[  21046] t=33906,state=1,mode=1,fault=0,seq=0,vl=0,vr=0,pwl=0,pwr=0,actenc=173,dactenc=-1,srate=19,starget=19,pidrate=18,pref=137,ppos=136,bi=130,ball=66,vball=-1,bref=0,line=0,mask=00,bu=0,bd=0,oled=3C
[  21139] t=34006,state=1,mode=1,fault=0,seq=0,vl=0,vr=0,pwl=0,pwr=0,actenc=179,dactenc=2,srate=19,starget=19,pidrate=18,pref=139,ppos=137,bi=131,ball=66,vball=0,bref=0,line=0,mask=00,bu=0,bd=0,oled=3C
[  21250] t=34106,state=1,mode=1,fault=0,seq=0,vl=0,vr=0,pwl=0,pwr=0,actenc=180,dactenc=2,srate=19,starget=19,pidrate=18,pref=140,ppos=139,bi=132,ball=66,vball=0,bref=0,line=0,mask=00,bu=0,bd=0,oled=3C
[  21343] t=34206,state=1,mode=1,fault=0,seq=0,vl=0,vr=0,pwl=0,pwr=0,actenc=182,dactenc=0,srate=20,starget=20,pidrate=20,pref=144,ppos=142,bi=134,ball=67,vball=4,bref=0,line=0,mask=00,bu=0,bd=0,oled=3C
[  21436] t=34306,state=1,mode=1,fault=0,seq=0,vl=0,vr=0,pwl=0,pwr=0,actenc=183,dactenc=0,srate=19,starget=19,pidrate=18,pref=144,ppos=142,bi=135,ball=67,vball=1,bref=0,line=0,mask=00,bu=0,bd=0,oled=3C
[  21546] t=34406,state=1,mode=1,fault=0,seq=0,vl=0,vr=0,pwl=0,pwr=0,actenc=184,dactenc=0,srate=19,starget=19,pidrate=18,pref=145,ppos=143,bi=137,ball=67,vball=0,bref=0,line=0,mask=00,bu=0,bd=0,oled=3C
[  21639] t=34506,state=1,mode=1,fault=0,seq=0,vl=0,vr=0,pwl=0,pwr=0,actenc=184,dactenc=0,srate=19,starget=19,pidrate=19,pref=146,ppos=144,bi=138,ball=67,vball=0,bref=0,line=0,mask=00,bu=0,bd=0,oled=3C
[  21750] t=34606,state=1,mode=1,fault=0,seq=0,vl=0,vr=0,pwl=0,pwr=0,actenc=186,dactenc=0,srate=23,starget=23,pidrate=23,pref=148,ppos=145,bi=140,ball=67,vball=0,bref=0,line=0,mask=00,bu=0,bd=0,oled=3C
[  21843] t=34706,state=1,mode=1,fault=0,seq=0,vl=0,vr=0,pwl=0,pwr=0,actenc=186,dactenc=0,srate=24,starget=24,pidrate=24,pref=149,ppos=147,bi=141,ball=67,vball=0,bref=0,line=0,mask=00,bu=0,bd=0,oled=3C
[  21936] t=34806,state=1,mode=1,fault=0,seq=0,vl=0,vr=0,pwl=0,pwr=0,actenc=188,dactenc=0,srate=20,starget=20,pidrate=19,pref=150,ppos=148,bi=142,ball=67,vball=-1,bref=0,line=0,mask=00,bu=0,bd=0,oled=3C
[  22046] t=34906,state=1,mode=1,fault=0,seq=0,vl=0,vr=0,pwl=0,pwr=0,actenc=188,dactenc=0,srate=27,starget=27,pidrate=26,pref=151,ppos=148,bi=144,ball=67,vball=-2,bref=0,line=0,mask=00,bu=0,bd=0,oled=3C
[  22139] t=35006,state=1,mode=1,fault=0,seq=0,vl=0,vr=0,pwl=0,pwr=0,actenc=191,dactenc=0,srate=19,starget=19,pidrate=18,pref=152,ppos=150,bi=145,ball=67,vball=0,bref=0,line=0,mask=00,bu=0,bd=0,oled=3C
[  22250] t=35106,state=1,mode=1,fault=0,seq=0,vl=0,vr=0,pwl=0,pwr=0,actenc=196,dactenc=1,srate=19,starget=19,pidrate=18,pref=154,ppos=152,bi=146,ball=67,vball=0,bref=0,line=0,mask=00,bu=0,bd=0,oled=3C
[  22343] t=35206,state=1,mode=1,fault=0,seq=0,vl=0,vr=0,pwl=0,pwr=0,actenc=198,dactenc=0,srate=19,starget=19,pidrate=19,pref=156,ppos=154,bi=147,ball=67,vball=1,bref=0,line=0,mask=00,bu=0,bd=0,oled=3C
[  22436] t=35306,state=1,mode=1,fault=0,seq=0,vl=0,vr=0,pwl=0,pwr=0,actenc=198,dactenc=0,srate=19,starget=19,pidrate=18,pref=157,ppos=155,bi=149,ball=67,vball=0,bref=0,line=0,mask=00,bu=0,bd=0,oled=3C
[  22546] t=35406,state=1,mode=1,fault=0,seq=0,vl=0,vr=0,pwl=0,pwr=0,actenc=203,dactenc=1,srate=59,starget=59,pidrate=59,pref=166,ppos=160,bi=150,ball=69,vball=18,bref=0,line=0,mask=00,bu=0,bd=0,oled=3C
[  22639] t=35506,state=1,mode=1,fault=0,seq=0,vl=0,vr=0,pwl=0,pwr=0,actenc=206,dactenc=0,srate=0,starget=0,pidrate=0,pref=163,ppos=162,bi=151,ball=70,vball=7,bref=0,line=0,mask=00,bu=0,bd=0,oled=3C
[  22750] t=35606,state=1,mode=1,fault=0,seq=0,vl=0,vr=0,pwl=0,pwr=0,actenc=204,dactenc=0,srate=-15,starget=-15,pidrate=-14,pref=158,ppos=160,bi=153,ball=68,vball=-6,bref=0,line=0,mask=00,bu=0,bd=0,oled=3C
[  22843] t=35706,state=1,mode=1,fault=0,seq=0,vl=0,vr=0,pwl=0,pwr=0,actenc=206,dactenc=0,srate=24,starget=24,pidrate=24,pref=166,ppos=163,bi=154,ball=70,vball=7,bref=0,line=0,mask=00,bu=0,bd=0,oled=3C
[  22936] t=35806,state=1,mode=1,fault=0,seq=0,vl=0,vr=0,pwl=0,pwr=0,actenc=207,dactenc=-1,srate=22,starget=22,pidrate=22,pref=166,ppos=164,bi=156,ball=70,vball=5,bref=0,line=0,mask=00,bu=0,bd=0,oled=3C
[  23046] t=35906,state=1,mode=1,fault=0,seq=0,vl=0,vr=0,pwl=0,pwr=0,actenc=211,dactenc=0,srate=0,starget=0,pidrate=0,pref=165,ppos=166,bi=157,ball=70,vball=-1,bref=0,line=0,mask=00,bu=0,bd=0,oled=3C
[  23139] t=36006,state=1,mode=1,fault=0,seq=0,vl=0,vr=0,pwl=0,pwr=0,actenc=208,dactenc=1,srate=-52,starget=-52,pidrate=-52,pref=157,ppos=163,bi=158,ball=67,vball=-22,bref=0,line=0,mask=00,bu=0,bd=0,oled=3C
[  23250] t=36106,state=1,mode=1,fault=0,seq=0,vl=0,vr=0,pwl=0,pwr=0,actenc=207,dactenc=0,srate=20,starget=20,pidrate=20,pref=164,ppos=162,bi=160,ball=67,vball=-9,bref=0,line=0,mask=00,bu=0,bd=0,oled=3C
[  23343] t=36206,state=1,mode=1,fault=0,seq=0,vl=0,vr=0,pwl=0,pwr=0,actenc=197,dactenc=1,srate=22,starget=22,pidrate=22,pref=154,ppos=152,bi=160,ball=58,vball=-31,bref=0,line=0,mask=00,bu=0,bd=0,oled=3C
[  23436] t=36306,state=1,mode=1,fault=0,seq=0,vl=0,vr=0,pwl=0,pwr=0,actenc=199,dactenc=1,srate=158,starget=367,pidrate=367,pref=193,ppos=156,bi=160,ball=66,vball=62,bref=0,line=0,mask=00,bu=0,bd=0,oled=3C
[  23546] t=36406,state=1,mode=1,fault=0,seq=0,vl=0,vr=0,pwl=0,pwr=0,actenc=224,dactenc=-1,srate=-16,starget=-18,pidrate=-18,pref=177,ppos=178,bi=160,ball=68,vball=21,bref=0,line=0,mask=00,bu=0,bd=0,oled=3C
[  23639] t=36506,state=1,mode=1,fault=0,seq=0,vl=0,vr=0,pwl=0,pwr=0,actenc=223,dactenc=1,srate=-60,starget=-60,pidrate=-60,pref=169,ppos=175,bi=160,ball=67,vball=2,bref=0,line=0,mask=00,bu=0,bd=0,oled=3C
[  23750] t=36606,state=1,mode=1,fault=0,seq=0,vl=0,vr=0,pwl=0,pwr=0,actenc=219,dactenc=0,srate=0,starget=0,pidrate=0,pref=171,ppos=172,bi=160,ball=68,vball=6,bref=0,line=0,mask=00,bu=0,bd=0,oled=3C
[  23843] t=36706,state=1,mode=1,fault=0,seq=0,vl=0,vr=0,pwl=0,pwr=0,actenc=219,dactenc=0,srate=-11,starget=-11,pidrate=-11,pref=171,ppos=172,bi=162,ball=68,vball=2,bref=0,line=0,mask=00,bu=0,bd=0,oled=3C
[  23936] t=36806,state=1,mode=1,fault=0,seq=0,vl=0,vr=0,pwl=0,pwr=0,actenc=219,dactenc=0,srate=-91,starget=-91,pidrate=-90,pref=163,ppos=172,bi=163,ball=66,vball=-20,bref=0,line=0,mask=00,bu=0,bd=0,oled=3C
[  24046] t=36906,state=1,mode=1,fault=0,seq=0,vl=0,vr=0,pwl=0,pwr=0,actenc=207,dactenc=0,srate=-115,starget=-115,pidrate=-114,pref=149,ppos=161,bi=163,ball=58,vball=-52,bref=0,line=0,mask=00,bu=0,bd=0,oled=3C
[  24139] t=37006,state=1,mode=1,fault=0,seq=0,vl=0,vr=0,pwl=0,pwr=0,actenc=202,dactenc=0,srate=61,starget=61,pidrate=60,pref=164,ppos=158,bi=163,ball=58,vball=-16,bref=0,line=0,mask=00,bu=0,bd=0,oled=3C
[  24250] t=37106,state=1,mode=1,fault=0,seq=0,vl=0,vr=0,pwl=0,pwr=0,actenc=209,dactenc=0,srate=51,starget=51,pidrate=50,pref=168,ppos=163,bi=163,ball=58,vball=-5,bref=0,line=0,mask=00,bu=0,bd=0,oled=3C
[  24343] t=37206,state=1,mode=1,fault=0,seq=0,vl=0,vr=0,pwl=0,pwr=0,actenc=214,dactenc=1,srate=130,starget=130,pidrate=129,pref=180,ppos=167,bi=164,ball=61,vball=20,bref=0,line=0,mask=00,bu=0,bd=0,oled=3C
[  24436] t=37306,state=1,mode=1,fault=0,seq=0,vl=0,vr=0,pwl=0,pwr=0,actenc=227,dactenc=0,srate=51,starget=51,pidrate=50,pref=183,ppos=178,bi=166,ball=64,vball=23,bref=0,line=0,mask=00,bu=0,bd=0,oled=3C
[  24546] t=37406,state=1,mode=1,fault=0,seq=0,vl=0,vr=0,pwl=0,pwr=0,actenc=229,dactenc=0,srate=-24,starget=-24,pidrate=-23,pref=178,ppos=180,bi=167,ball=64,vball=7,bref=0,line=0,mask=00,bu=0,bd=0,oled=3C
[  24639] t=37506,state=1,mode=1,fault=0,seq=0,vl=0,vr=0,pwl=0,pwr=0,actenc=228,dactenc=0,srate=-119,starget=-155,pidrate=-154,pref=163,ppos=178,bi=168,ball=60,vball=-31,bref=0,line=0,mask=00,bu=0,bd=0,oled=3C
[  24750] t=37606,state=1,mode=1,fault=0,seq=0,vl=0,vr=0,pwl=0,pwr=0,actenc=217,dactenc=-1,srate=0,starget=0,pidrate=0,pref=169,ppos=169,bi=170,ball=58,vball=-19,bref=0,line=0,mask=00,bu=0,bd=0,oled=3C
[  24843] t=37706,state=1,mode=1,fault=0,seq=0,vl=0,vr=0,pwl=0,pwr=0,actenc=219,dactenc=0,srate=48,starget=48,pidrate=48,pref=176,ppos=171,bi=171,ball=59,vball=-5,bref=0,line=0,mask=00,bu=0,bd=0,oled=3C
[  24936] t=37806,state=1,mode=1,fault=0,seq=0,vl=0,vr=0,pwl=0,pwr=0,actenc=223,dactenc=0,srate=37,starget=37,pidrate=36,pref=178,ppos=175,bi=172,ball=59,vball=-1,bref=0,line=0,mask=00,bu=0,bd=0,oled=3C
[  25046] t=37906,state=1,mode=1,fault=0,seq=0,vl=0,vr=0,pwl=0,pwr=0,actenc=227,dactenc=0,srate=24,starget=24,pidrate=24,pref=180,ppos=178,bi=173,ball=59,vball=0,bref=0,line=0,mask=00,bu=0,bd=0,oled=3C
[  25139] t=38006,state=1,mode=1,fault=0,seq=0,vl=0,vr=0,pwl=0,pwr=0,actenc=227,dactenc=0,srate=23,starget=23,pidrate=22,pref=181,ppos=179,bi=174,ball=59,vball=0,bref=0,line=0,mask=00,bu=0,bd=0,oled=3C
[  25250] t=38106,state=1,mode=1,fault=0,seq=0,vl=0,vr=0,pwl=0,pwr=0,actenc=227,dactenc=0,srate=23,starget=23,pidrate=23,pref=182,ppos=180,bi=175,ball=59,vball=0,bref=0,line=0,mask=00,bu=0,bd=0,oled=3C
[  25343] t=38206,state=1,mode=1,fault=0,seq=0,vl=0,vr=0,pwl=0,pwr=0,actenc=227,dactenc=0,srate=23,starget=23,pidrate=23,pref=184,ppos=181,bi=177,ball=59,vball=0,bref=0,line=0,mask=00,bu=0,bd=0,oled=3C
[  25436] t=38306,state=1,mode=1,fault=0,seq=0,vl=0,vr=0,pwl=0,pwr=0,actenc=237,dactenc=0,srate=62,starget=62,pidrate=62,pref=196,ppos=190,bi=178,ball=64,vball=25,bref=0,line=0,mask=00,bu=0,bd=0,oled=3C
[  25546] t=38406,state=1,mode=1,fault=0,seq=0,vl=0,vr=0,pwl=0,pwr=0,actenc=239,dactenc=0,srate=-33,starget=-33,pidrate=-33,pref=188,ppos=191,bi=179,ball=63,vball=3,bref=0,line=0,mask=00,bu=0,bd=0,oled=3C
[  25639] t=38506,state=1,mode=1,fault=0,seq=0,vl=0,vr=0,pwl=0,pwr=0,actenc=237,dactenc=0,srate=-17,starget=-17,pidrate=-16,pref=188,ppos=190,bi=180,ball=63,vball=0,bref=0,line=0,mask=00,bu=0,bd=0,oled=3C
[  25750] t=38606,state=1,mode=1,fault=0,seq=0,vl=0,vr=0,pwl=0,pwr=0,actenc=230,dactenc=0,srate=-64,starget=-64,pidrate=-64,pref=176,ppos=183,bi=182,ball=58,vball=-30,bref=0,line=0,mask=00,bu=0,bd=0,oled=3C
[  25843] t=38706,state=1,mode=1,fault=0,seq=0,vl=0,vr=0,pwl=0,pwr=0,actenc=228,dactenc=0,srate=41,starget=41,pidrate=40,pref=186,ppos=182,bi=183,ball=58,vball=-10,bref=0,line=0,mask=00,bu=0,bd=0,oled=3C
[  25936] t=38806,state=1,mode=1,fault=0,seq=0,vl=0,vr=0,pwl=0,pwr=0,actenc=231,dactenc=0,srate=43,starget=43,pidrate=42,pref=190,ppos=186,bi=184,ball=58,vball=-2,bref=0,line=0,mask=00,bu=0,bd=0,oled=3C
[  26046] t=38906,state=1,mode=1,fault=0,seq=0,vl=0,vr=0,pwl=0,pwr=0,actenc=235,dactenc=0,srate=125,starget=168,pidrate=168,pref=206,ppos=189,bi=185,ball=62,vball=32,bref=0,line=0,mask=00,bu=0,bd=0,oled=3C
[  26139] t=39006,state=1,mode=1,fault=0,seq=0,vl=0,vr=0,pwl=0,pwr=0,actenc=248,dactenc=0,srate=12,starget=12,pidrate=11,pref=201,ppos=200,bi=186,ball=64,vball=17,bref=0,line=0,mask=00,bu=0,bd=0,oled=3C
[  26250] t=39106,state=1,mode=1,fault=0,seq=0,vl=0,vr=0,pwl=0,pwr=0,actenc=250,dactenc=0,srate=-26,starget=-26,pidrate=-25,pref=197,ppos=199,bi=188,ball=63,vball=3,bref=0,line=0,mask=00,bu=0,bd=0,oled=3C
[  26343] t=39206,state=1,mode=1,fault=0,seq=0,vl=0,vr=0,pwl=0,pwr=0,actenc=248,dactenc=0,srate=-30,starget=-30,pidrate=-29,pref=195,ppos=198,bi=189,ball=63,vball=-2,bref=0,line=0,mask=00,bu=0,bd=0,oled=3C
[  26436] t=39306,state=1,mode=1,fault=0,seq=0,vl=0,vr=0,pwl=0,pwr=0,actenc=246,dactenc=0,srate=0,starget=0,pidrate=0,pref=197,ppos=197,bi=190,ball=62,vball=-3,bref=0,line=0,mask=00,bu=0,bd=0,oled=3C
[  26546] t=39406,state=1,mode=1,fault=0,seq=0,vl=0,vr=0,pwl=0,pwr=0,actenc=246,dactenc=0,srate=18,starget=18,pidrate=18,pref=199,ppos=197,bi=191,ball=62,vball=0,bref=0,line=0,mask=00,bu=0,bd=0,oled=3C
[  26639] t=39506,state=1,mode=1,fault=0,seq=0,vl=0,vr=0,pwl=0,pwr=0,actenc=246,dactenc=0,srate=23,starget=23,pidrate=22,pref=200,ppos=197,bi=193,ball=62,vball=-1,bref=0,line=0,mask=00,bu=0,bd=0,oled=3C
[  26750] t=39606,state=1,mode=1,fault=0,seq=0,vl=0,vr=0,pwl=0,pwr=0,actenc=248,dactenc=1,srate=24,starget=24,pidrate=24,pref=201,ppos=199,bi=194,ball=62,vball=0,bref=0,line=0,mask=00,bu=0,bd=0,oled=3C
[  26843] t=39706,state=1,mode=1,fault=0,seq=0,vl=0,vr=0,pwl=0,pwr=0,actenc=250,dactenc=0,srate=18,starget=18,pidrate=18,pref=202,ppos=200,bi=195,ball=62,vball=-1,bref=0,line=0,mask=00,bu=0,bd=0,oled=3C
[  26936] t=39806,state=1,mode=1,fault=0,seq=0,vl=0,vr=0,pwl=0,pwr=0,actenc=252,dactenc=-1,srate=20,starget=20,pidrate=20,pref=204,ppos=202,bi=196,ball=62,vball=0,bref=0,line=0,mask=00,bu=0,bd=0,oled=3C
[  27046] t=39906,state=1,mode=1,fault=0,seq=0,vl=0,vr=0,pwl=0,pwr=0,actenc=252,dactenc=-1,srate=24,starget=24,pidrate=24,pref=205,ppos=203,bi=198,ball=62,vball=0,bref=0,line=0,mask=00,bu=0,bd=0,oled=3C
[  27139] t=40006,state=1,mode=1,fault=0,seq=0,vl=0,vr=0,pwl=0,pwr=0,actenc=254,dactenc=0,srate=24,starget=24,pidrate=24,pref=206,ppos=204,bi=199,ball=62,vball=0,bref=0,line=0,mask=00,bu=0,bd=0,oled=3C
[  27250] t=40106,state=1,mode=1,fault=0,seq=0,vl=0,vr=0,pwl=0,pwr=0,actenc=255,dactenc=0,srate=30,starget=30,pidrate=29,pref=208,ppos=205,bi=200,ball=62,vball=1,bref=0,line=0,mask=00,bu=0,bd=0,oled=3C
[  27343] t=40206,state=1,mode=1,fault=0,seq=0,vl=0,vr=0,pwl=0,pwr=0,actenc=258,dactenc=0,srate=22,starget=22,pidrate=22,pref=209,ppos=207,bi=201,ball=62,vball=0,bref=0,line=0,mask=00,bu=0,bd=0,oled=3C
[  27436] t=40306,state=1,mode=1,fault=0,seq=0,vl=0,vr=0,pwl=0,pwr=0,actenc=258,dactenc=0,srate=23,starget=23,pidrate=22,pref=210,ppos=208,bi=203,ball=62,vball=0,bref=0,line=0,mask=00,bu=0,bd=0,oled=3C
[  27546] t=40406,state=1,mode=1,fault=0,seq=0,vl=0,vr=0,pwl=0,pwr=0,actenc=258,dactenc=-1,srate=25,starget=25,pidrate=25,pref=212,ppos=210,bi=204,ball=62,vball=1,bref=0,line=0,mask=00,bu=0,bd=0,oled=3C
[  27639] t=40506,state=1,mode=1,fault=0,seq=0,vl=0,vr=0,pwl=0,pwr=0,actenc=261,dactenc=0,srate=21,starget=21,pidrate=21,pref=213,ppos=211,bi=205,ball=62,vball=0,bref=0,line=0,mask=00,bu=0,bd=0,oled=3C
[  27750] t=40606,state=1,mode=1,fault=0,seq=0,vl=0,vr=0,pwl=0,pwr=0,actenc=261,dactenc=0,srate=22,starget=22,pidrate=22,pref=214,ppos=212,bi=206,ball=62,vball=0,bref=0,line=0,mask=00,bu=0,bd=0,oled=3C
[  27843] t=40706,state=1,mode=1,fault=0,seq=0,vl=0,vr=0,pwl=0,pwr=0,actenc=261,dactenc=0,srate=23,starget=23,pidrate=22,pref=215,ppos=213,bi=208,ball=62,vball=0,bref=0,line=0,mask=00,bu=0,bd=0,oled=3C
[  27936] t=40806,state=1,mode=1,fault=0,seq=0,vl=0,vr=0,pwl=0,pwr=0,actenc=261,dactenc=0,srate=23,starget=23,pidrate=23,pref=217,ppos=214,bi=209,ball=62,vball=0,bref=0,line=0,mask=00,bu=0,bd=0,oled=3C
[  28046] t=40906,state=1,mode=1,fault=0,seq=0,vl=0,vr=0,pwl=0,pwr=0,actenc=261,dactenc=0,srate=23,starget=23,pidrate=23,pref=218,ppos=215,bi=210,ball=62,vball=0,bref=0,line=0,mask=00,bu=0,bd=0,oled=3C
[  28139] t=41006,state=1,mode=1,fault=0,seq=0,vl=0,vr=0,pwl=0,pwr=0,actenc=261,dactenc=0,srate=23,starget=23,pidrate=22,pref=219,ppos=217,bi=211,ball=62,vball=0,bref=0,line=0,mask=00,bu=0,bd=0,oled=3C
[  28250] t=41106,state=1,mode=1,fault=0,seq=0,vl=0,vr=0,pwl=0,pwr=0,actenc=261,dactenc=0,srate=23,starget=23,pidrate=23,pref=220,ppos=218,bi=213,ball=62,vball=0,bref=0,line=0,mask=00,bu=0,bd=0,oled=3C
[  28343] t=41206,state=1,mode=1,fault=0,seq=0,vl=0,vr=0,pwl=0,pwr=0,actenc=261,dactenc=0,srate=24,starget=24,pidrate=24,pref=221,ppos=219,bi=214,ball=62,vball=-1,bref=0,line=0,mask=00,bu=0,bd=0,oled=3C
[  28436] t=41306,state=1,mode=1,fault=0,seq=0,vl=0,vr=0,pwl=0,pwr=0,actenc=263,dactenc=0,srate=25,starget=25,pidrate=24,pref=223,ppos=220,bi=215,ball=62,vball=0,bref=0,line=0,mask=00,bu=0,bd=0,oled=3C
[  28546] t=41406,state=1,mode=1,fault=0,seq=0,vl=0,vr=0,pwl=0,pwr=0,actenc=266,dactenc=0,srate=23,starget=23,pidrate=22,pref=224,ppos=222,bi=216,ball=62,vball=0,bref=0,line=0,mask=00,bu=0,bd=0,oled=3C
[  28639] t=41506,state=1,mode=1,fault=0,seq=0,vl=0,vr=0,pwl=0,pwr=0,actenc=266,dactenc=0,srate=23,starget=23,pidrate=23,pref=225,ppos=223,bi=218,ball=62,vball=0,bref=0,line=0,mask=00,bu=0,bd=0,oled=3C
[  28750] t=41606,state=1,mode=1,fault=0,seq=0,vl=0,vr=0,pwl=0,pwr=0,actenc=264,dactenc=-1,srate=-118,starget=-118,pidrate=-118,pref=209,ppos=221,bi=219,ball=57,vball=-40,bref=0,line=0,mask=00,bu=0,bd=0,oled=3C
[  28843] t=41706,state=1,mode=1,fault=0,seq=0,vl=0,vr=0,pwl=0,pwr=0,actenc=257,dactenc=-1,srate=-30,starget=-30,pidrate=-30,pref=212,ppos=215,bi=219,ball=56,vball=-34,bref=0,line=0,mask=00,bu=0,bd=0,oled=3C
[  28936] t=41806,state=1,mode=1,fault=0,seq=0,vl=0,vr=0,pwl=0,pwr=0,actenc=257,dactenc=1,srate=83,starget=83,pidrate=83,pref=224,ppos=216,bi=219,ball=57,vball=-3,bref=0,line=0,mask=00,bu=0,bd=0,oled=3C
[  29046] t=41906,state=1,mode=1,fault=0,seq=0,vl=0,vr=0,pwl=0,pwr=0,actenc=265,dactenc=1,srate=58,starget=58,pidrate=57,pref=228,ppos=223,bi=220,ball=58,vball=4,bref=0,line=0,mask=00,bu=0,bd=0,oled=3C
[  29139] t=42006,state=1,mode=1,fault=0,seq=0,vl=0,vr=0,pwl=0,pwr=0,actenc=267,dactenc=0,srate=121,starget=152,pidrate=151,pref=241,ppos=226,bi=221,ball=61,vball=33,bref=0,line=0,mask=00,bu=0,bd=0,oled=3C
[  29250] t=42106,state=1,mode=1,fault=0,seq=0,vl=0,vr=0,pwl=0,pwr=0,actenc=279,dactenc=1,srate=60,starget=60,pidrate=59,pref=242,ppos=236,bi=221,ball=63,vball=34,bref=0,line=0,mask=00,bu=0,bd=0,oled=3C
[  29343] t=42206,state=1,mode=1,fault=0,seq=0,vl=0,vr=0,pwl=0,pwr=0,actenc=282,dactenc=-2,srate=-60,starget=-60,pidrate=-60,pref=233,ppos=239,bi=223,ball=63,vball=5,bref=0,line=0,mask=00,bu=0,bd=0,oled=3C
[  29436] t=42306,state=1,mode=1,fault=0,seq=0,vl=0,vr=0,pwl=0,pwr=0,actenc=278,dactenc=1,srate=-26,starget=-26,pidrate=-26,pref=232,ppos=234,bi=224,ball=62,vball=0,bref=0,line=0,mask=00,bu=0,bd=0,oled=3C
[  29546] t=42406,state=1,mode=1,fault=0,seq=0,vl=0,vr=0,pwl=0,pwr=0,actenc=276,dactenc=0,srate=0,starget=0,pidrate=0,pref=233,ppos=234,bi=225,ball=62,vball=0,bref=0,line=0,mask=00,bu=0,bd=0,oled=3C
[  29639] t=42506,state=1,mode=1,fault=0,seq=0,vl=0,vr=0,pwl=0,pwr=0,actenc=276,dactenc=0,srate=0,starget=0,pidrate=0,pref=234,ppos=234,bi=226,ball=62,vball=0,bref=0,line=0,mask=00,bu=0,bd=0,oled=3C
[  29750] t=42606,state=1,mode=1,fault=0,seq=0,vl=0,vr=0,pwl=0,pwr=0,actenc=277,dactenc=0,srate=43,starget=43,pidrate=42,pref=240,ppos=235,bi=228,ball=64,vball=9,bref=0,line=0,mask=00,bu=0,bd=0,oled=3C
[  29843] t=42706,state=1,mode=1,fault=0,seq=0,vl=0,vr=0,pwl=0,pwr=0,actenc=287,dactenc=0,srate=20,starget=20,pidrate=19,pref=247,ppos=245,bi=228,ball=69,vball=26,bref=0,line=0,mask=00,bu=0,bd=0,oled=3C
[  29952] t=42806,state=1,mode=1,fault=0,seq=0,vl=0,vr=0,pwl=0,pwr=0,actenc=285,dactenc=0,srate=-135,starget=-143,pidrate=-143,pref=228,ppos=243,bi=228,ball=66,vball=-19,bref=0,line=0,mask=00,bu=0,bd=0,oled=3C
[  30046] t=42906,state=1,mode=1,fault=0,seq=0,vl=0,vr=0,pwl=0,pwr=0,actenc=272,dactenc=-1,srate=-34,starget=-34,pidrate=-34,pref=227,ppos=231,bi=228,ball=63,vball=-21,bref=0,line=0,mask=00,bu=0,bd=0,oled=3C
[  30139] t=43006,state=1,mode=1,fault=0,seq=0,vl=0,vr=0,pwl=0,pwr=0,actenc=271,dactenc=0,srate=42,starget=42,pidrate=41,pref=235,ppos=231,bi=230,ball=63,vball=-5,bref=0,line=0,mask=00,bu=0,bd=0,oled=3C
[  30250] t=43106,state=1,mode=1,fault=0,seq=0,vl=0,vr=0,pwl=0,pwr=0,actenc=276,dactenc=1,srate=16,starget=16,pidrate=16,pref=236,ppos=234,bi=231,ball=62,vball=-6,bref=0,line=0,mask=00,bu=0,bd=0,oled=3C
[  30343] t=43206,state=1,mode=1,fault=0,seq=0,vl=0,vr=0,pwl=0,pwr=0,actenc=275,dactenc=-1,srate=30,starget=30,pidrate=29,pref=239,ppos=236,bi=232,ball=62,vball=-3,bref=0,line=0,mask=00,bu=0,bd=0,oled=3C
[  30452] t=43306,state=1,mode=1,fault=0,seq=0,vl=0,vr=0,pwl=0,pwr=0,actenc=279,dactenc=-1,srate=26,starget=26,pidrate=25,pref=241,ppos=238,bi=233,ball=62,vball=0,bref=0,line=0,mask=00,bu=0,bd=0,oled=3C
[  30546] t=43406,state=1,mode=1,fault=0,seq=0,vl=0,vr=0,pwl=0,pwr=0,actenc=282,dactenc=0,srate=24,starget=24,pidrate=23,pref=242,ppos=240,bi=235,ball=62,vball=0,bref=0,line=0,mask=00,bu=0,bd=0,oled=3C
[  30639] t=43506,state=1,mode=1,fault=0,seq=0,vl=0,vr=0,pwl=0,pwr=0,actenc=284,dactenc=1,srate=26,starget=26,pidrate=26,pref=245,ppos=243,bi=236,ball=63,vball=3,bref=0,line=0,mask=00,bu=0,bd=0,oled=3C
[  30750] t=43606,state=1,mode=1,fault=0,seq=0,vl=0,vr=0,pwl=0,pwr=0,actenc=286,dactenc=0,srate=21,starget=21,pidrate=20,pref=245,ppos=243,bi=237,ball=63,vball=1,bref=0,line=0,mask=00,bu=0,bd=0,oled=3C
[  30843] t=43706,state=1,mode=1,fault=0,seq=0,vl=0,vr=0,pwl=0,pwr=0,actenc=286,dactenc=0,srate=23,starget=23,pidrate=22,pref=246,ppos=244,bi=239,ball=63,vball=0,bref=0,line=0,mask=00,bu=0,bd=0,oled=3C
[  30952] t=43806,state=1,mode=1,fault=0,seq=0,vl=0,vr=0,pwl=0,pwr=0,actenc=286,dactenc=0,srate=23,starget=23,pidrate=22,pref=247,ppos=245,bi=240,ball=63,vball=0,bref=0,line=0,mask=00,bu=0,bd=0,oled=3C
[  31046] t=43906,state=1,mode=1,fault=0,seq=0,vl=0,vr=0,pwl=0,pwr=0,actenc=286,dactenc=0,srate=23,starget=23,pidrate=23,pref=249,ppos=246,bi=241,ball=63,vball=0,bref=0,line=0,mask=00,bu=0,bd=0,oled=3C
[  31139] t=44006,state=1,mode=1,fault=0,seq=0,vl=0,vr=0,pwl=0,pwr=0,actenc=288,dactenc=0,srate=30,starget=30,pidrate=30,pref=252,ppos=249,bi=242,ball=64,vball=5,bref=0,line=0,mask=00,bu=0,bd=0,oled=3C
[  31250] t=44106,state=1,mode=1,fault=0,seq=0,vl=0,vr=0,pwl=0,pwr=0,actenc=289,dactenc=0,srate=0,starget=0,pidrate=0,pref=249,ppos=250,bi=244,ball=63,vball=-4,bref=0,line=0,mask=00,bu=0,bd=0,oled=3C
[  31343] t=44206,state=1,mode=1,fault=0,seq=0,vl=0,vr=0,pwl=0,pwr=0,actenc=289,dactenc=0,srate=-89,starget=-89,pidrate=-89,pref=239,ppos=248,bi=245,ball=59,vball=-31,bref=0,line=0,mask=00,bu=0,bd=0,oled=3C
[  31452] t=44306,state=1,mode=1,fault=0,seq=0,vl=0,vr=0,pwl=0,pwr=0,actenc=284,dactenc=0,srate=34,starget=34,pidrate=33,pref=248,ppos=245,bi=246,ball=59,vball=-12,bref=0,line=0,mask=00,bu=0,bd=0,oled=3C
[  31546] t=44406,state=1,mode=1,fault=0,seq=0,vl=0,vr=0,pwl=0,pwr=0,actenc=288,dactenc=0,srate=47,starget=47,pidrate=46,pref=253,ppos=248,bi=247,ball=59,vball=-3,bref=0,line=0,mask=00,bu=0,bd=0,oled=3C
[  31639] t=44506,state=1,mode=1,fault=0,seq=0,vl=0,vr=0,pwl=0,pwr=0,actenc=292,dactenc=0,srate=32,starget=32,pidrate=32,pref=255,ppos=252,bi=248,ball=59,vball=0,bref=0,line=0,mask=00,bu=0,bd=0,oled=3C
[  31750] t=44606,state=1,mode=1,fault=0,seq=0,vl=0,vr=0,pwl=0,pwr=0,actenc=295,dactenc=0,srate=116,starget=116,pidrate=115,pref=266,ppos=254,bi=250,ball=61,vball=22,bref=0,line=0,mask=00,bu=0,bd=0,oled=3C
[  31843] t=44706,state=1,mode=1,fault=0,seq=0,vl=0,vr=0,pwl=0,pwr=0,actenc=307,dactenc=0,srate=32,starget=32,pidrate=31,pref=268,ppos=264,bi=251,ball=64,vball=22,bref=0,line=0,mask=00,bu=0,bd=0,oled=3C
[  31952] t=44806,state=1,mode=1,fault=0,seq=0,vl=0,vr=0,pwl=0,pwr=0,actenc=307,dactenc=0,srate=-58,starget=-58,pidrate=-57,pref=259,ppos=265,bi=252,ball=63,vball=0,bref=0,line=0,mask=00,bu=0,bd=0,oled=3C
[  32046] t=44906,state=1,mode=1,fault=0,seq=0,vl=0,vr=0,pwl=0,pwr=0,actenc=305,dactenc=0,srate=-14,starget=-14,pidrate=-14,pref=260,ppos=261,bi=253,ball=63,vball=-2,bref=0,line=0,mask=00,bu=0,bd=0,oled=3C
[  32139] t=45006,state=1,mode=1,fault=0,seq=0,vl=0,vr=0,pwl=0,pwr=0,actenc=301,dactenc=0,srate=-83,starget=-83,pidrate=-82,pref=250,ppos=258,bi=255,ball=58,vball=-30,bref=0,line=0,mask=00,bu=0,bd=0,oled=3C
[  32250] t=45106,state=1,mode=1,fault=0,seq=0,vl=0,vr=0,pwl=0,pwr=0,actenc=298,dactenc=0,srate=0,starget=0,pidrate=0,pref=258,ppos=257,bi=256,ball=59,vball=-13,bref=0,line=0,mask=00,bu=0,bd=0,oled=3C
[  32343] t=45206,state=1,mode=1,fault=0,seq=0,vl=0,vr=0,pwl=0,pwr=0,actenc=298,dactenc=0,srate=39,starget=39,pidrate=39,pref=262,ppos=258,bi=257,ball=58,vball=-4,bref=0,line=0,mask=00,bu=0,bd=0,oled=3C
[  32452] t=45306,state=1,mode=1,fault=0,seq=0,vl=0,vr=0,pwl=0,pwr=0,actenc=302,dactenc=0,srate=32,starget=32,pidrate=31,pref=265,ppos=262,bi=258,ball=59,vball=-1,bref=0,line=0,mask=00,bu=0,bd=0,oled=3C
[  32546] t=45406,state=1,mode=1,fault=0,seq=0,vl=0,vr=0,pwl=0,pwr=0,actenc=305,dactenc=0,srate=22,starget=22,pidrate=22,pref=266,ppos=264,bi=259,ball=59,vball=0,bref=0,line=0,mask=00,bu=0,bd=0,oled=3C
[  32639] t=45506,state=1,mode=1,fault=0,seq=0,vl=0,vr=0,pwl=0,pwr=0,actenc=307,dactenc=0,srate=22,starget=22,pidrate=21,pref=268,ppos=265,bi=261,ball=59,vball=0,bref=0,line=0,mask=00,bu=0,bd=0,oled=3C
[  32750] t=45606,state=1,mode=1,fault=0,seq=0,vl=0,vr=0,pwl=0,pwr=0,actenc=307,dactenc=0,srate=22,starget=22,pidrate=21,pref=269,ppos=267,bi=262,ball=59,vball=0,bref=0,line=0,mask=00,bu=0,bd=0,oled=3C
[  32843] t=45706,state=1,mode=1,fault=0,seq=0,vl=0,vr=0,pwl=0,pwr=0,actenc=307,dactenc=0,srate=22,starget=22,pidrate=21,pref=270,ppos=268,bi=263,ball=59,vball=0,bref=0,line=0,mask=00,bu=0,bd=0,oled=3C
[  32952] t=45806,state=1,mode=1,fault=0,seq=0,vl=0,vr=0,pwl=0,pwr=0,actenc=308,dactenc=0,srate=30,starget=30,pidrate=30,pref=274,ppos=271,bi=264,ball=60,vball=5,bref=0,line=0,mask=00,bu=0,bd=0,oled=3C
[  33046] t=45906,state=1,mode=1,fault=0,seq=0,vl=0,vr=0,pwl=0,pwr=0,actenc=309,dactenc=0,srate=18,starget=18,pidrate=17,pref=273,ppos=271,bi=265,ball=60,vball=1,bref=0,line=0,mask=00,bu=0,bd=0,oled=3C
[  33139] t=46006,state=1,mode=1,fault=0,seq=0,vl=0,vr=0,pwl=0,pwr=0,actenc=309,dactenc=0,srate=0,starget=0,pidrate=0,pref=271,ppos=271,bi=267,ball=59,vball=-5,bref=0,line=0,mask=00,bu=0,bd=0,oled=3C
[  33250] t=46106,state=1,mode=1,fault=0,seq=0,vl=0,vr=0,pwl=0,pwr=0,actenc=309,dactenc=0,srate=26,starget=26,pidrate=25,pref=274,ppos=271,bi=268,ball=59,vball=-1,bref=0,line=0,mask=00,bu=0,bd=0,oled=3C
[  33343] t=46206,state=1,mode=1,fault=0,seq=0,vl=0,vr=0,pwl=0,pwr=0,actenc=312,dactenc=-1,srate=23,starget=23,pidrate=22,pref=276,ppos=274,bi=269,ball=59,vball=0,bref=0,line=0,mask=00,bu=0,bd=0,oled=3C
[  33452] t=46306,state=1,mode=1,fault=0,seq=0,vl=0,vr=0,pwl=0,pwr=0,actenc=312,dactenc=0,srate=23,starget=23,pidrate=22,pref=277,ppos=275,bi=270,ball=59,vball=0,bref=0,line=0,mask=00,bu=0,bd=0,oled=3C
[  33546] t=46406,state=1,mode=1,fault=0,seq=0,vl=0,vr=0,pwl=0,pwr=0,actenc=314,dactenc=0,srate=30,starget=30,pidrate=30,pref=281,ppos=278,bi=271,ball=60,vball=5,bref=0,line=0,mask=00,bu=0,bd=0,oled=3C
[  33639] t=46506,state=1,mode=1,fault=0,seq=0,vl=0,vr=0,pwl=0,pwr=0,actenc=316,dactenc=0,srate=0,starget=0,pidrate=0,pref=278,ppos=279,bi=272,ball=59,vball=-3,bref=0,line=0,mask=00,bu=0,bd=0,oled=3C
[  33750] t=46606,state=1,mode=1,fault=0,seq=0,vl=0,vr=0,pwl=0,pwr=0,actenc=315,dactenc=-1,srate=18,starget=18,pidrate=17,pref=280,ppos=279,bi=274,ball=59,vball=-1,bref=0,line=0,mask=00,bu=0,bd=0,oled=3C
[  33843] t=46706,state=1,mode=1,fault=0,seq=0,vl=0,vr=0,pwl=0,pwr=0,actenc=315,dactenc=-1,srate=25,starget=25,pidrate=24,pref=281,ppos=279,bi=275,ball=58,vball=-2,bref=0,line=0,mask=00,bu=0,bd=0,oled=3C
[  33952] t=46806,state=1,mode=1,fault=0,seq=0,vl=0,vr=0,pwl=0,pwr=0,actenc=320,dactenc=0,srate=23,starget=23,pidrate=23,pref=283,ppos=280,bi=276,ball=58,vball=0,bref=0,line=0,mask=00,bu=0,bd=0,oled=3C
[  34046] t=46906,state=1,mode=1,fault=0,seq=0,vl=0,vr=0,pwl=0,pwr=0,actenc=321,dactenc=0,srate=22,starget=22,pidrate=22,pref=284,ppos=282,bi=277,ball=58,vball=0,bref=0,line=0,mask=00,bu=0,bd=0,oled=3C
[  34139] t=47006,state=1,mode=1,fault=0,seq=0,vl=0,vr=0,pwl=0,pwr=0,actenc=321,dactenc=0,srate=22,starget=22,pidrate=22,pref=285,ppos=283,bi=278,ball=58,vball=0,bref=0,line=0,mask=00,bu=0,bd=0,oled=3C
[  34250] t=47106,state=1,mode=1,fault=0,seq=0,vl=0,vr=0,pwl=0,pwr=0,actenc=321,dactenc=0,srate=22,starget=22,pidrate=21,pref=287,ppos=284,bi=279,ball=58,vball=0,bref=0,line=0,mask=00,bu=0,bd=0,oled=3C
[  34343] t=47206,state=1,mode=1,fault=0,seq=0,vl=0,vr=0,pwl=0,pwr=0,actenc=321,dactenc=0,srate=27,starget=27,pidrate=27,pref=289,ppos=286,bi=281,ball=59,vball=2,bref=0,line=0,mask=00,bu=0,bd=0,oled=3C
[  34452] t=47306,state=1,mode=1,fault=0,seq=0,vl=0,vr=0,pwl=0,pwr=0,actenc=323,dactenc=0,srate=14,starget=14,pidrate=14,pref=288,ppos=287,bi=281,ball=58,vball=0,bref=0,line=0,mask=00,bu=0,bd=0,oled=3C
[  34546] t=47406,state=1,mode=1,fault=0,seq=0,vl=0,vr=0,pwl=0,pwr=0,actenc=323,dactenc=0,srate=24,starget=24,pidrate=24,pref=290,ppos=287,bi=283,ball=58,vball=0,bref=0,line=0,mask=00,bu=0,bd=0,oled=3C
[  34639] t=47506,state=1,mode=1,fault=0,seq=0,vl=0,vr=0,pwl=0,pwr=0,actenc=328,dactenc=1,srate=24,starget=24,pidrate=24,pref=293,ppos=290,bi=284,ball=58,vball=4,bref=0,line=0,mask=00,bu=0,bd=0,oled=3C
[  34750] t=47606,state=1,mode=1,fault=0,seq=0,vl=0,vr=0,pwl=0,pwr=0,actenc=328,dactenc=0,srate=19,starget=19,pidrate=19,pref=293,ppos=291,bi=285,ball=59,vball=2,bref=0,line=0,mask=00,bu=0,bd=0,oled=3C
[  34843] t=47706,state=1,mode=1,fault=0,seq=0,vl=0,vr=0,pwl=0,pwr=0,actenc=328,dactenc=0,srate=19,starget=19,pidrate=18,pref=294,ppos=292,bi=286,ball=59,vball=0,bref=0,line=0,mask=00,bu=0,bd=0,oled=3C
[  34952] t=47806,state=1,mode=1,fault=0,seq=0,vl=0,vr=0,pwl=0,pwr=0,actenc=328,dactenc=0,srate=0,starget=0,pidrate=0,pref=292,ppos=292,bi=288,ball=58,vball=-5,bref=0,line=0,mask=00,bu=0,bd=0,oled=3C
[  35046] t=47906,state=1,mode=1,fault=0,seq=0,vl=0,vr=0,pwl=0,pwr=0,actenc=330,dactenc=0,srate=22,starget=22,pidrate=21,pref=295,ppos=293,bi=289,ball=58,vball=-1,bref=0,line=0,mask=00,bu=0,bd=0,oled=3C
[  35139] t=48006,state=1,mode=1,fault=0,seq=0,vl=0,vr=0,pwl=0,pwr=0,actenc=332,dactenc=0,srate=19,starget=19,pidrate=19,pref=297,ppos=295,bi=290,ball=58,vball=0,bref=0,line=0,mask=00,bu=0,bd=0,oled=3C
[  35250] t=48106,state=1,mode=1,fault=0,seq=0,vl=0,vr=0,pwl=0,pwr=0,actenc=334,dactenc=0,srate=18,starget=18,pidrate=18,pref=298,ppos=296,bi=291,ball=58,vball=-1,bref=0,line=0,mask=00,bu=0,bd=0,oled=3C
[  35343] t=48206,state=1,mode=1,fault=0,seq=0,vl=0,vr=0,pwl=0,pwr=0,actenc=334,dactenc=0,srate=20,starget=20,pidrate=20,pref=299,ppos=297,bi=292,ball=57,vball=-1,bref=0,line=0,mask=00,bu=0,bd=0,oled=3C
[  35452] t=48306,state=1,mode=1,fault=0,seq=0,vl=0,vr=0,pwl=0,pwr=0,actenc=338,dactenc=0,srate=19,starget=19,pidrate=19,pref=300,ppos=298,bi=293,ball=57,vball=0,bref=0,line=0,mask=00,bu=0,bd=0,oled=3C
[  35546] t=48406,state=1,mode=1,fault=0,seq=0,vl=0,vr=0,pwl=0,pwr=0,actenc=338,dactenc=0,srate=19,starget=19,pidrate=18,pref=301,ppos=300,bi=294,ball=57,vball=0,bref=0,line=0,mask=00,bu=0,bd=0,oled=3C
[  35639] t=48506,state=1,mode=1,fault=0,seq=0,vl=0,vr=0,pwl=0,pwr=0,actenc=340,dactenc=0,srate=20,starget=20,pidrate=20,pref=305,ppos=303,bi=296,ball=58,vball=4,bref=0,line=0,mask=00,bu=0,bd=0,oled=3C
[  35750] t=48606,state=1,mode=1,fault=0,seq=0,vl=0,vr=0,pwl=0,pwr=0,actenc=341,dactenc=-1,srate=-65,starget=-65,pidrate=-65,pref=295,ppos=302,bi=297,ball=56,vball=-21,bref=0,line=0,mask=00,bu=0,bd=0,oled=3C
[  35843] t=48706,state=1,mode=1,fault=0,seq=0,vl=0,vr=0,pwl=0,pwr=0,actenc=334,dactenc=0,srate=-21,starget=-21,pidrate=-21,pref=293,ppos=295,bi=298,ball=52,vball=-28,bref=0,line=0,mask=00,bu=0,bd=0,oled=3C
[  35952] t=48806,state=1,mode=1,fault=0,seq=0,vl=0,vr=0,pwl=0,pwr=0,actenc=334,dactenc=-1,srate=46,starget=46,pidrate=46,pref=302,ppos=297,bi=299,ball=52,vball=-8,bref=0,line=0,mask=00,bu=0,bd=0,oled=3C
[  36046] t=48906,state=1,mode=1,fault=0,seq=0,vl=0,vr=0,pwl=0,pwr=0,actenc=340,dactenc=1,srate=186,starget=186,pidrate=185,pref=322,ppos=303,bi=300,ball=56,vball=37,bref=0,line=0,mask=00,bu=0,bd=0,oled=3C
[  36139] t=49006,state=1,mode=1,fault=0,seq=0,vl=0,vr=0,pwl=0,pwr=0,actenc=352,dactenc=0,srate=25,starget=25,pidrate=24,pref=317,ppos=315,bi=300,ball=59,vball=25,bref=0,line=0,mask=00,bu=0,bd=0,oled=3C
[  36250] t=49106,state=1,mode=1,fault=0,seq=0,vl=0,vr=0,pwl=0,pwr=0,actenc=350,dactenc=-1,srate=-44,starget=-44,pidrate=-43,pref=307,ppos=312,bi=300,ball=58,vball=1,bref=0,line=0,mask=00,bu=0,bd=0,oled=3C
[  36343] t=49206,state=1,mode=1,fault=0,seq=0,vl=0,vr=0,pwl=0,pwr=0,actenc=348,dactenc=0,srate=-15,starget=-15,pidrate=-15,pref=308,ppos=309,bi=301,ball=58,vball=0,bref=0,line=0,mask=00,bu=0,bd=0,oled=3C
[  36452] t=49306,state=1,mode=1,fault=0,seq=0,vl=0,vr=0,pwl=0,pwr=0,actenc=344,dactenc=-1,srate=-143,starget=-143,pidrate=-143,pref=292,ppos=306,bi=302,ball=53,vball=-40,bref=0,line=0,mask=00,bu=0,bd=0,oled=3C
[  36546] t=49406,state=1,mode=1,fault=0,seq=0,vl=0,vr=0,pwl=0,pwr=0,actenc=332,dactenc=0,srate=0,starget=0,pidrate=0,pref=298,ppos=298,bi=0,ball=49,vball=-35,bref=0,line=0,mask=00,bu=0,bd=0,oled=3C
[  36639] t=49506,state=1,mode=1,fault=0,seq=0,vl=0,vr=0,pwl=0,pwr=0,actenc=336,dactenc=0,srate=36,starget=36,pidrate=35,pref=307,ppos=304,bi=0,ball=53,vball=7,bref=0,line=0,mask=00,bu=0,bd=0,oled=3C
[  36750] t=49606,state=1,mode=1,fault=0,seq=0,vl=0,vr=0,pwl=0,pwr=0,actenc=339,dactenc=0,srate=131,starget=131,pidrate=131,pref=320,ppos=307,bi=0,ball=57,vball=39,bref=0,line=0,mask=00,bu=0,bd=0,oled=3C
[  36843] t=49706,state=1,mode=1,fault=0,seq=0,vl=0,vr=0,pwl=0,pwr=0,actenc=349,dactenc=1,srate=12,starget=12,pidrate=11,pref=316,ppos=315,bi=0,ball=59,vball=27,bref=0,line=0,mask=00,bu=0,bd=0,oled=3C
[  36952] t=49806,state=1,mode=1,fault=0,seq=0,vl=0,vr=0,pwl=0,pwr=0,actenc=347,dactenc=0,srate=-29,starget=-29,pidrate=-28,pref=310,ppos=312,bi=0,ball=59,vball=11,bref=0,line=0,mask=00,bu=0,bd=0,oled=3C
[  37046] t=49906,state=1,mode=1,fault=0,seq=0,vl=0,vr=0,pwl=0,pwr=0,actenc=343,dactenc=-1,srate=-33,starget=-33,pidrate=-32,pref=305,ppos=309,bi=0,ball=59,vball=0,bref=0,line=0,mask=00,bu=0,bd=0,oled=3C
[  37139] t=50006,state=1,mode=1,fault=0,seq=0,vl=0,vr=0,pwl=0,pwr=0,actenc=341,dactenc=0,srate=-12,starget=-12,pidrate=-12,pref=307,ppos=308,bi=1,ball=59,vball=1,bref=0,line=0,mask=00,bu=0,bd=0,oled=3C
[  37250] t=50106,state=1,mode=1,fault=0,seq=0,vl=0,vr=0,pwl=0,pwr=0,actenc=341,dactenc=0,srate=0,starget=0,pidrate=0,pref=308,ppos=308,bi=2,ball=59,vball=0,bref=0,line=0,mask=00,bu=0,bd=0,oled=3C
[  37343] t=50206,state=1,mode=1,fault=0,seq=0,vl=0,vr=0,pwl=0,pwr=0,actenc=341,dactenc=0,srate=0,starget=0,pidrate=0,pref=308,ppos=308,bi=3,ball=59,vball=-1,bref=0,line=0,mask=00,bu=0,bd=0,oled=3C
[  37452] t=50306,state=1,mode=1,fault=0,seq=0,vl=0,vr=0,pwl=0,pwr=0,actenc=341,dactenc=0,srate=-21,starget=-21,pidrate=-20,pref=306,ppos=308,bi=5,ball=58,vball=-10,bref=0,line=0,mask=00,bu=0,bd=0,oled=3C
[  37546] t=50406,state=1,mode=1,fault=0,seq=0,vl=0,vr=0,pwl=0,pwr=0,actenc=340,dactenc=0,srate=19,starget=19,pidrate=18,pref=310,ppos=308,bi=6,ball=57,vball=-3,bref=0,line=0,mask=00,bu=0,bd=0,oled=3C
[  37639] t=50506,state=1,mode=1,fault=0,seq=0,vl=0,vr=0,pwl=0,pwr=0,actenc=342,dactenc=1,srate=21,starget=21,pidrate=21,pref=312,ppos=310,bi=7,ball=57,vball=0,bref=0,line=0,mask=00,bu=0,bd=0,oled=3C
[  37750] t=50606,state=1,mode=1,fault=0,seq=0,vl=0,vr=0,pwl=0,pwr=0,actenc=343,dactenc=0,srate=19,starget=19,pidrate=18,pref=313,ppos=311,bi=8,ball=57,vball=-2,bref=0,line=0,mask=00,bu=0,bd=0,oled=3C
[  37843] t=50706,state=1,mode=1,fault=0,seq=0,vl=0,vr=0,pwl=0,pwr=0,actenc=338,dactenc=-1,srate=-150,starget=-150,pidrate=-149,pref=290,ppos=305,bi=9,ball=50,vball=-58,bref=0,line=0,mask=00,bu=0,bd=0,oled=3C
[  37952] t=50806,state=1,mode=1,fault=0,seq=0,vl=0,vr=0,pwl=0,pwr=0,actenc=333,dactenc=0,srate=0,starget=0,pidrate=0,pref=303,ppos=303,bi=0,ball=49,vball=-23,bref=0,line=0,mask=00,bu=0,bd=0,oled=3C
[  38046] t=50906,state=1,mode=1,fault=0,seq=0,vl=0,vr=0,pwl=0,pwr=0,actenc=343,dactenc=1,srate=200,starget=200,pidrate=199,pref=331,ppos=311,bi=0,ball=57,vball=53,bref=0,line=0,mask=00,bu=0,bd=0,oled=3C
[  38155] t=51006,state=1,mode=1,fault=0,seq=0,vl=0,vr=0,pwl=0,pwr=0,actenc=353,dactenc=-1,srate=0,starget=0,pidrate=0,pref=320,ppos=320,bi=0,ball=58,vball=24,bref=0,line=0,mask=00,bu=0,bd=0,oled=3C
[  38250] t=51106,state=1,mode=1,fault=0,seq=0,vl=0,vr=0,pwl=0,pwr=0,actenc=344,dactenc=-1,srate=-212,starget=-212,pidrate=-212,pref=287,ppos=309,bi=0,ball=50,vball=-53,bref=0,line=0,mask=00,bu=0,bd=0,oled=3C
[  38343] t=51206,state=1,mode=1,fault=0,seq=0,vl=0,vr=0,pwl=0,pwr=0,actenc=338,dactenc=0,srate=-11,starget=-11,pidrate=-10,pref=304,ppos=305,bi=0,ball=50,vball=-17,bref=0,line=0,mask=00,bu=0,bd=0,oled=3C
[  38452] t=51306,state=1,mode=1,fault=0,seq=0,vl=0,vr=0,pwl=0,pwr=0,actenc=340,dactenc=0,srate=29,starget=29,pidrate=28,pref=310,ppos=307,bi=0,ball=50,vball=-3,bref=0,line=0,mask=00,bu=0,bd=0,oled=3C
[  38546] t=51406,state=1,mode=1,fault=0,seq=0,vl=0,vr=0,pwl=0,pwr=0,actenc=342,dactenc=0,srate=20,starget=20,pidrate=19,pref=311,ppos=309,bi=0,ball=50,vball=0,bref=0,line=0,mask=00,bu=0,bd=0,oled=3C
[  38639] t=51506,state=1,mode=1,fault=0,seq=0,vl=0,vr=0,pwl=0,pwr=0,actenc=343,dactenc=0,srate=15,starget=15,pidrate=14,pref=311,ppos=310,bi=1,ball=50,vball=-3,bref=0,line=0,mask=00,bu=0,bd=0,oled=3C
[  38750] t=51606,state=1,mode=1,fault=0,seq=0,vl=0,vr=0,pwl=0,pwr=0,actenc=345,dactenc=1,srate=25,starget=25,pidrate=25,pref=314,ppos=312,bi=2,ball=50,vball=1,bref=0,line=0,mask=00,bu=0,bd=0,oled=3C
[  38843] t=51706,state=1,mode=1,fault=0,seq=0,vl=0,vr=0,pwl=0,pwr=0,actenc=347,dactenc=0,srate=23,starget=23,pidrate=23,pref=316,ppos=314,bi=3,ball=51,vball=4,bref=0,line=0,mask=00,bu=0,bd=0,oled=3C
[  38952] t=51806,state=1,mode=1,fault=0,seq=0,vl=0,vr=0,pwl=0,pwr=0,actenc=348,dactenc=0,srate=0,starget=0,pidrate=0,pref=315,ppos=314,bi=4,ball=50,vball=-2,bref=0,line=0,mask=00,bu=0,bd=0,oled=3C
[  39046] t=51906,state=1,mode=1,fault=0,seq=0,vl=0,vr=0,pwl=0,pwr=0,actenc=348,dactenc=0,srate=19,starget=19,pidrate=18,pref=316,ppos=314,bi=5,ball=50,vball=0,bref=0,line=0,mask=00,bu=0,bd=0,oled=3C
[  39155] t=52006,state=1,mode=1,fault=0,seq=0,vl=0,vr=0,pwl=0,pwr=0,actenc=364,dactenc=1,srate=94,starget=94,pidrate=94,pref=337,ppos=328,bi=5,ball=58,vball=47,bref=0,line=0,mask=00,bu=0,bd=0,oled=3C
[  39250] t=52106,state=1,mode=1,fault=0,seq=0,vl=0,vr=0,pwl=0,pwr=0,actenc=368,dactenc=0,srate=-44,starget=-44,pidrate=-43,pref=325,ppos=329,bi=5,ball=58,vball=16,bref=0,line=0,mask=00,bu=0,bd=0,oled=3C
[  39343] t=52206,state=1,mode=1,fault=0,seq=0,vl=0,vr=0,pwl=0,pwr=0,actenc=357,dactenc=0,srate=-72,starget=-72,pidrate=-71,pref=313,ppos=320,bi=5,ball=55,vball=-11,bref=0,line=0,mask=00,bu=0,bd=0,oled=3C
[  39452] t=52306,state=1,mode=1,fault=0,seq=0,vl=0,vr=0,pwl=0,pwr=0,actenc=341,dactenc=-1,srate=-305,starget=-305,pidrate=-305,pref=275,ppos=305,bi=6,ball=43,vball=-104,bref=0,line=0,mask=00,bu=0,bd=0,oled=3C
[  39546] t=52406,state=1,mode=1,fault=0,seq=0,vl=0,vr=0,pwl=0,pwr=0,actenc=299,dactenc=-2,srate=-400,starget=-400,pidrate=-400,pref=164,ppos=273,bi=6,ball=-2,vball=-368,bref=0,line=0,mask=00,bu=0,bd=0,oled=3C
[  39655] t=52506,state=1,mode=1,fault=0,seq=0,vl=0,vr=0,pwl=0,pwr=0,actenc=247,dactenc=-3,srate=-400,starget=-400,pidrate=-400,pref=44,ppos=233,bi=6,ball=-80,vball=-643,bref=0,line=0,mask=00,bu=0,bd=0,oled=3C
[  39750] t=52606,state=1,mode=1,fault=0,seq=0,vl=0,vr=0,pwl=0,pwr=0,actenc=196,dactenc=-3,srate=-400,starget=-400,pidrate=-400,pref=11,ppos=193,bi=6,ball=-183,vball=-914,bref=0,line=0,mask=00,bu=0,bd=0,oled=3C
[  39843] t=52706,state=1,mode=1,fault=0,seq=0,vl=0,vr=0,pwl=0,pwr=0,actenc=145,dactenc=-3,srate=-400,starget=-400,pidrate=-400,pref=11,ppos=153,bi=6,ball=-300,vball=-1102,bref=0,line=0,mask=00,bu=0,bd=0,oled=3C
[  39952] t=52806,state=1,mode=1,fault=0,seq=0,vl=0,vr=0,pwl=0,pwr=0,actenc=94,dactenc=-2,srate=-400,starget=-400,pidrate=-400,pref=11,ppos=113,bi=6,ball=-428,vball=-1209,bref=0,line=0,mask=00,bu=0,bd=0,oled=3C
[  40046] t=52906,state=1,mode=1,fault=0,seq=0,vl=0,vr=0,pwl=0,pwr=0,actenc=42,dactenc=-3,srate=-400,starget=-400,pidrate=-400,pref=11,ppos=73,bi=6,ball=-564,vball=-1278,bref=0,line=0,mask=00,bu=0,bd=0,oled=3C
[  40155] t=53006,state=1,mode=1,fault=0,seq=0,vl=0,vr=0,pwl=0,pwr=0,actenc=-5,dactenc=-2,srate=-247,starget=-247,pidrate=-246,pref=11,ppos=36,bi=6,ball=-673,vball=-1198,bref=0,line=0,mask=00,bu=0,bd=0,oled=3C
[  40250] t=53106,state=1,mode=1,fault=0,seq=0,vl=0,vr=0,pwl=0,pwr=0,actenc=-25,dactenc=-1,srate=-88,starget=-88,pidrate=-88,pref=11,ppos=20,bi=6,ball=-801,vball=-1271,bref=0,line=0,mask=00,bu=0,bd=0,oled=3C
[  40343] t=53206,state=1,mode=1,fault=0,seq=0,vl=0,vr=0,pwl=0,pwr=0,actenc=-31,dactenc=0,srate=-32,starget=-32,pidrate=-31,pref=11,ppos=15,bi=6,ball=-904,vball=-1103,bref=0,line=0,mask=00,bu=0,bd=0,oled=3C
[  40452] t=53306,state=1,mode=1,fault=0,seq=0,vl=0,vr=0,pwl=0,pwr=0,actenc=-34,dactenc=0,srate=-19,starget=-19,pidrate=-18,pref=11,ppos=13,bi=6,ball=-990,vball=-932,bref=0,line=0,mask=00,bu=0,bd=0,oled=3C
[  40546] t=53406,state=1,mode=1,fault=0,seq=0,vl=0,vr=0,pwl=0,pwr=0,actenc=-34,dactenc=0,srate=-19,starget=-19,pidrate=-18,pref=11,ppos=13,bi=6,ball=-1063,vball=-794,bref=0,line=0,mask=00,bu=0,bd=0,oled=3C
[  40655] t=53506,state=1,mode=1,fault=0,seq=0,vl=0,vr=0,pwl=0,pwr=0,actenc=-34,dactenc=0,srate=-19,starget=-19,pidrate=-18,pref=11,ppos=13,bi=6,ball=-1114,vball=-602,bref=0,line=0,mask=00,bu=0,bd=0,oled=3C
[  40750] t=53606,state=1,mode=1,fault=0,seq=0,vl=0,vr=0,pwl=0,pwr=0,actenc=-34,dactenc=0,srate=-19,starget=-19,pidrate=-18,pref=11,ppos=13,bi=6,ball=-1150,vball=-426,bref=0,line=0,mask=00,bu=0,bd=0,oled=3C
[  40843] t=53706,state=1,mode=1,fault=0,seq=0,vl=0,vr=0,pwl=0,pwr=0,actenc=-12,dactenc=3,srate=391,starget=391,pidrate=390,pref=70,ppos=31,bi=6,ball=-1168,vball=-252,bref=0,line=0,mask=00,bu=0,bd=0,oled=3C
[  40952] t=53806,state=1,mode=1,fault=0,seq=0,vl=0,vr=0,pwl=0,pwr=0,actenc=-9,dactenc=-2,srate=-100,starget=-100,pidrate=-100,pref=-888,ppos=33,bi=0,ball=-1170,vball=-96,bref=0,line=0,mask=00,bu=0,bd=0,oled=3C
[  41046] t=53906,state=1,mode=1,fault=0,seq=0,vl=0,vr=0,pwl=0,pwr=0,actenc=-21,dactenc=-1,srate=-100,starget=-100,pidrate=-100,pref=-888,ppos=23,bi=0,ball=-1161,vball=32,bref=0,line=0,mask=00,bu=0,bd=0,oled=3C
[  41155] t=54006,state=1,mode=1,fault=0,seq=0,vl=0,vr=0,pwl=0,pwr=0,actenc=-31,dactenc=0,srate=0,starget=0,pidrate=0,pref=15,ppos=15,bi=0,ball=-1132,vball=202,bref=0,line=0,mask=00,bu=0,bd=0,oled=3C
[  41250] t=54106,state=1,mode=1,fault=0,seq=0,vl=0,vr=0,pwl=0,pwr=0,actenc=-10,dactenc=1,srate=257,starget=257,pidrate=257,pref=59,ppos=34,bi=0,ball=-1097,vball=304,bref=0,line=0,mask=00,bu=0,bd=0,oled=3C
[  41343] t=54206,state=1,mode=1,fault=0,seq=0,vl=0,vr=0,pwl=0,pwr=0,actenc=36,dactenc=3,srate=268,starget=268,pidrate=267,pref=95,ppos=68,bi=0,ball=-1054,vball=380,bref=0,line=0,mask=00,bu=0,bd=0,oled=3C
[  41452] t=54306,state=1,mode=1,fault=0,seq=0,vl=0,vr=0,pwl=0,pwr=0,actenc=85,dactenc=3,srate=326,starget=326,pidrate=326,pref=138,ppos=106,bi=0,ball=-1000,vball=472,bref=0,line=0,mask=00,bu=0,bd=0,oled=3C
[  41546] t=54406,state=1,mode=1,fault=0,seq=0,vl=0,vr=0,pwl=0,pwr=0,actenc=125,dactenc=2,srate=270,starget=270,pidrate=269,pref=164,ppos=137,bi=0,ball=-945,vball=519,bref=0,line=0,mask=00,bu=0,bd=0,oled=3C
[  41655] t=54506,state=1,mode=1,fault=0,seq=0,vl=0,vr=0,pwl=0,pwr=0,actenc=155,dactenc=1,srate=176,starget=176,pidrate=176,pref=179,ppos=161,bi=0,ball=-890,vball=540,bref=0,line=0,mask=00,bu=0,bd=0,oled=3C
[  41750] t=54606,state=1,mode=1,fault=0,seq=0,vl=0,vr=0,pwl=0,pwr=0,actenc=164,dactenc=0,srate=0,starget=0,pidrate=0,pref=168,ppos=167,bi=0,ball=-842,vball=498,bref=0,line=0,mask=00,bu=0,bd=0,oled=3C
[  41843] t=54706,state=1,mode=1,fault=0,seq=0,vl=0,vr=0,pwl=0,pwr=0,actenc=156,dactenc=-1,srate=-120,starget=-120,pidrate=-120,pref=148,ppos=160,bi=0,ball=-801,vball=436,bref=0,line=0,mask=00,bu=0,bd=0,oled=3C
[  41952] t=54806,state=1,mode=1,fault=0,seq=0,vl=0,vr=0,pwl=0,pwr=0,actenc=131,dactenc=-1,srate=-219,starget=-219,pidrate=-218,pref=118,ppos=140,bi=0,ball=-771,vball=352,bref=0,line=0,mask=00,bu=0,bd=0,oled=3C
[  42046] t=54906,state=1,mode=1,fault=0,seq=0,vl=0,vr=0,pwl=0,pwr=0,actenc=95,dactenc=-2,srate=-329,starget=-329,pidrate=-329,pref=80,ppos=113,bi=0,ball=-750,vball=250,bref=0,line=0,mask=00,bu=0,bd=0,oled=3C
[  42155] t=55006,state=1,mode=1,fault=0,seq=0,vl=0,vr=0,pwl=0,pwr=0,actenc=66,dactenc=-1,srate=-324,starget=-324,pidrate=-323,pref=57,ppos=89,bi=0,ball=-730,vball=188,bref=0,line=0,mask=00,bu=0,bd=0,oled=3C
[  42250] t=55106,state=1,mode=1,fault=0,seq=0,vl=0,vr=0,pwl=0,pwr=0,actenc=26,dactenc=-2,srate=-237,starget=-237,pidrate=-236,pref=36,ppos=60,bi=0,ball=-721,vball=132,bref=0,line=0,mask=00,bu=0,bd=0,oled=3C
[  42343] t=55206,state=1,mode=1,fault=0,seq=0,vl=0,vr=0,pwl=0,pwr=0,actenc=6,dactenc=0,srate=-41,starget=-41,pidrate=-40,pref=39,ppos=43,bi=0,ball=-709,vball=136,bref=0,line=0,mask=00,bu=0,bd=0,oled=3C
[  42452] t=55306,state=1,mode=1,fault=0,seq=0,vl=0,vr=0,pwl=0,pwr=0,actenc=-4,dactenc=0,srate=19,starget=19,pidrate=19,pref=37,ppos=35,bi=0,ball=-698,vball=127,bref=0,line=0,mask=00,bu=0,bd=0,oled=3C
[  42546] t=55406,state=1,mode=1,fault=0,seq=0,vl=0,vr=0,pwl=0,pwr=0,actenc=-1,dactenc=1,srate=77,starget=77,pidrate=76,pref=47,ppos=39,bi=0,ball=-683,vball=147,bref=0,line=0,mask=00,bu=0,bd=0,oled=3C
[  42655] t=55506,state=1,mode=1,fault=0,seq=0,vl=0,vr=0,pwl=0,pwr=0,actenc=-2,dactenc=-1,srate=-173,starget=-173,pidrate=-172,pref=19,ppos=36,bi=0,ball=-677,vball=75,bref=0,line=0,mask=00,bu=0,bd=0,oled=3C
[  42750] t=55606,state=1,mode=1,fault=0,seq=0,vl=0,vr=0,pwl=0,pwr=0,actenc=-29,dactenc=0,srate=-177,starget=-177,pidrate=-177,pref=-2,ppos=14,bi=0,ball=-678,vball=21,bref=0,line=0,mask=00,bu=0,bd=0,oled=3C
[  42843] t=55706,state=1,mode=1,fault=0,seq=0,vl=0,vr=0,pwl=0,pwr=0,actenc=-48,dactenc=1,srate=-106,starget=-106,pidrate=-105,pref=-10,ppos=0,bi=0,ball=-679,vball=2,bref=0,line=0,mask=00,bu=0,bd=0,oled=3C
[  42952] t=55806,state=1,mode=1,fault=0,seq=0,vl=0,vr=0,pwl=0,pwr=0,actenc=-62,dactenc=0,srate=-107,starget=-107,pidrate=-107,pref=-20,ppos=-9,bi=-9,ball=-679,vball=0,bref=0,line=0,mask=00,bu=0,bd=0,oled=3C
[  43046] t=55906,state=1,mode=1,fault=0,seq=0,vl=0,vr=0,pwl=0,pwr=0,actenc=-77,dactenc=0,srate=-109,starget=-109,pidrate=-109,pref=-32,ppos=-21,bi=-22,ball=-679,vball=2,bref=0,line=0,mask=00,bu=0,bd=0,oled=3C
[  43155] t=56006,state=1,mode=1,fault=0,seq=0,vl=0,vr=0,pwl=0,pwr=0,actenc=-94,dactenc=-2,srate=-130,starget=-130,pidrate=-130,pref=-47,ppos=-34,bi=-36,ball=-679,vball=0,bref=0,line=0,mask=00,bu=0,bd=0,oled=3C
[  43250] t=56106,state=1,mode=1,fault=0,seq=0,vl=0,vr=0,pwl=0,pwr=0,actenc=-111,dactenc=-1,srate=-126,starget=-126,pidrate=-125,pref=-61,ppos=-48,bi=-49,ball=-679,vball=0,bref=0,line=0,mask=00,bu=0,bd=0,oled=3C
[  43343] t=56206,state=1,mode=1,fault=0,seq=0,vl=0,vr=0,pwl=0,pwr=0,actenc=-114,dactenc=-1,srate=0,starget=0,pidrate=0,pref=-50,ppos=-50,bi=-54,ball=-672,vball=36,bref=0,line=0,mask=00,bu=0,bd=0,oled=3C
[  43452] t=56306,state=1,mode=1,fault=0,seq=0,vl=0,vr=0,pwl=0,pwr=0,actenc=-118,dactenc=0,srate=-67,starget=-67,pidrate=-67,pref=-61,ppos=-54,bi=-54,ball=-673,vball=9,bref=0,line=0,mask=00,bu=0,bd=0,oled=3C
[  43546] t=56406,state=1,mode=1,fault=0,seq=0,vl=0,vr=0,pwl=0,pwr=0,actenc=-126,dactenc=0,srate=0,starget=0,pidrate=0,pref=-59,ppos=-60,bi=-54,ball=-672,vball=14,bref=0,line=0,mask=00,bu=0,bd=0,oled=3C
[  43655] t=56506,state=1,mode=1,fault=0,seq=0,vl=0,vr=0,pwl=0,pwr=0,actenc=-133,dactenc=-1,srate=-91,starget=-91,pidrate=-91,pref=-75,ppos=-66,bi=-68,ball=-671,vball=7,bref=0,line=0,mask=00,bu=0,bd=0,oled=3C
[  43750] t=56606,state=1,mode=1,fault=0,seq=0,vl=0,vr=0,pwl=0,pwr=0,actenc=-145,dactenc=0,srate=-108,starget=-108,pidrate=-107,pref=-88,ppos=-77,bi=-81,ball=-671,vball=8,bref=0,line=0,mask=00,bu=0,bd=0,oled=3C
[  43843] t=56706,state=1,mode=1,fault=0,seq=0,vl=0,vr=0,pwl=0,pwr=0,actenc=-163,dactenc=-1,srate=-127,starget=-127,pidrate=-127,pref=-104,ppos=-91,bi=-94,ball=-670,vball=3,bref=0,line=0,mask=00,bu=0,bd=0,oled=3C
[  43952] t=56806,state=1,mode=1,fault=0,seq=0,vl=0,vr=0,pwl=0,pwr=0,actenc=-181,dactenc=0,srate=-129,starget=-129,pidrate=-129,pref=-118,ppos=-105,bi=-108,ball=-671,vball=0,bref=0,line=0,mask=00,bu=0,bd=0,oled=3C
[  44046] t=56906,state=1,mode=1,fault=0,seq=0,vl=0,vr=0,pwl=0,pwr=0,actenc=-198,dactenc=0,srate=-110,starget=-110,pidrate=-109,pref=-130,ppos=-119,bi=-121,ball=-670,vball=3,bref=0,line=0,mask=00,bu=0,bd=0,oled=3C
[  44155] t=57006,state=1,mode=1,fault=0,seq=0,vl=0,vr=0,pwl=0,pwr=0,actenc=-214,dactenc=-1,srate=-112,starget=-112,pidrate=-112,pref=-143,ppos=-131,bi=-135,ball=-670,vball=5,bref=0,line=0,mask=00,bu=0,bd=0,oled=3C
[  44250] t=57106,state=1,mode=1,fault=0,seq=0,vl=0,vr=0,pwl=0,pwr=0,actenc=-231,dactenc=-1,srate=-125,starget=-125,pidrate=-125,pref=-158,ppos=-145,bi=-148,ball=-670,vball=1,bref=0,line=0,mask=00,bu=0,bd=0,oled=3C
[  44343] t=57206,state=1,mode=1,fault=0,seq=0,vl=0,vr=0,pwl=0,pwr=0,actenc=-249,dactenc=0,srate=-137,starget=-137,pidrate=-136,pref=-174,ppos=-160,bi=-162,ball=-670,vball=-4,bref=0,line=0,mask=00,bu=0,bd=0,oled=3C
[  44452] t=57306,state=1,mode=1,fault=0,seq=0,vl=0,vr=0,pwl=0,pwr=0,actenc=-263,dactenc=-1,srate=-96,starget=-96,pidrate=-96,pref=-181,ppos=-171,bi=-175,ball=-668,vball=11,bref=0,line=0,mask=00,bu=0,bd=0,oled=3C
[  44546] t=57406,state=1,mode=1,fault=0,seq=0,vl=0,vr=0,pwl=0,pwr=0,actenc=-267,dactenc=0,srate=-77,starget=-77,pidrate=-76,pref=-183,ppos=-176,bi=-179,ball=-665,vball=14,bref=0,line=0,mask=00,bu=0,bd=0,oled=3C
[  44655] t=57506,state=1,mode=1,fault=0,seq=0,vl=0,vr=0,pwl=0,pwr=0,actenc=-276,dactenc=0,srate=-46,starget=-46,pidrate=-46,pref=-188,ppos=-183,bi=-179,ball=-666,vball=3,bref=0,line=0,mask=00,bu=0,bd=0,oled=3C
[  44750] t=57606,state=1,mode=1,fault=0,seq=0,vl=0,vr=0,pwl=0,pwr=0,actenc=-275,dactenc=0,srate=-44,starget=-44,pidrate=-44,pref=-187,ppos=-183,bi=-179,ball=-664,vball=4,bref=0,line=0,mask=00,bu=0,bd=0,oled=3C
[  44858] t=57706,state=1,mode=1,fault=0,seq=0,vl=0,vr=0,pwl=0,pwr=0,actenc=-287,dactenc=0,srate=-87,starget=-87,pidrate=-86,pref=-201,ppos=-192,bi=-193,ball=-664,vball=3,bref=0,line=0,mask=00,bu=0,bd=0,oled=3C
[  44952] t=57806,state=1,mode=1,fault=0,seq=0,vl=0,vr=0,pwl=0,pwr=0,actenc=-297,dactenc=-1,srate=-62,starget=-62,pidrate=-62,pref=-206,ppos=-200,bi=-206,ball=-661,vball=22,bref=0,line=0,mask=00,bu=0,bd=0,oled=3C
[  45046] t=57906,state=1,mode=1,fault=0,seq=0,vl=0,vr=0,pwl=0,pwr=0,actenc=-262,dactenc=2,srate=400,starget=400,pidrate=400,pref=-94,ppos=-171,bi=-206,ball=-619,vball=292,bref=0,line=0,mask=00,bu=0,bd=0,oled=3C
[  45155] t=58006,state=1,mode=1,fault=0,seq=0,vl=0,vr=0,pwl=0,pwr=0,actenc=-212,dactenc=2,srate=400,starget=400,pidrate=400,pref=5,ppos=-131,bi=-206,ball=-555,vball=520,bref=0,line=0,mask=00,bu=0,bd=0,oled=3C
[  45250] t=58106,state=1,mode=1,fault=0,seq=0,vl=0,vr=0,pwl=0,pwr=0,actenc=-161,dactenc=3,srate=400,starget=400,pidrate=400,pref=114,ppos=-91,bi=-206,ball=-467,vball=768,bref=0,line=0,mask=00,bu=0,bd=0,oled=3C
[  45358] t=58206,state=1,mode=1,fault=0,seq=0,vl=0,vr=0,pwl=0,pwr=0,actenc=-109,dactenc=3,srate=400,starget=400,pidrate=400,pref=163,ppos=-51,bi=-206,ball=-363,vball=961,bref=0,line=0,mask=00,bu=0,bd=0,oled=3C
[  45452] t=58306,state=1,mode=1,fault=0,seq=0,vl=0,vr=0,pwl=0,pwr=0,actenc=-59,dactenc=2,srate=400,starget=400,pidrate=400,pref=163,ppos=-11,bi=-206,ball=-247,vball=1097,bref=0,line=0,mask=00,bu=0,bd=0,oled=3C
[  45546] t=58406,state=1,mode=1,fault=0,seq=0,vl=0,vr=0,pwl=0,pwr=0,actenc=-7,dactenc=3,srate=400,starget=400,pidrate=400,pref=163,ppos=28,bi=-206,ball=-163,vball=1176,bref=0,line=0,mask=00,bu=0,bd=0,oled=3C
[  45655] t=58506,state=1,mode=1,fault=0,seq=0,vl=0,vr=0,pwl=0,pwr=0,actenc=45,dactenc=3,srate=400,starget=400,pidrate=400,pref=163,ppos=68,bi=-206,ball=-42,vball=1064,bref=0,line=0,mask=00,bu=0,bd=0,oled=3C
[  45750] t=58606,state=4,mode=1,fault=5,seq=0,vl=0,vr=0,pwl=0,pwr=0,actenc=43,dactenc=0,srate=0,starget=0,pidrate=0,pref=72,ppos=72,bi=0,ball=131,vball=1578,bref=0,line=0,mask=00,bu=0,bd=0,oled=3C
[  45843] t=58706,state=4,mode=1,fault=5,seq=0,vl=0,vr=0,pwl=0,pwr=0,actenc=43,dactenc=0,srate=0,starget=0,pidrate=0,pref=72,ppos=72,bi=0,ball=285,vball=1504,bref=0,line=0,mask=00,bu=0,bd=0,oled=3C
[  45952] t=58806,state=4,mode=1,fault=5,seq=0,vl=0,vr=0,pwl=0,pwr=0,actenc=43,dactenc=0,srate=0,starget=0,pidrate=0,pref=72,ppos=72,bi=0,ball=393,vball=1227,bref=0,line=0,mask=00,bu=0,bd=0,oled=3C
[  46046] t=58906,state=4,mode=1,fault=5,seq=0,vl=0,vr=0,pwl=0,pwr=0,actenc=43,dactenc=0,srate=0,starget=0,pidrate=0,pref=72,ppos=72,bi=0,ball=502,vball=1146,bref=0,line=0,mask=00,bu=0,bd=0,oled=3C
[  46155] t=59006,state=4,mode=1,fault=5,seq=0,vl=0,vr=0,pwl=0,pwr=0,actenc=43,dactenc=0,srate=0,starget=0,pidrate=0,pref=72,ppos=72,bi=0,ball=593,vball=992,bref=0,line=0,mask=00,bu=0,bd=0,oled=3C
[  46250] t=59106,state=4,mode=1,fault=5,seq=0,vl=0,vr=0,pwl=0,pwr=0,actenc=43,dactenc=0,srate=0,starget=0,pidrate=0,pref=72,ppos=72,bi=0,ball=673,vball=868,bref=0,line=0,mask=00,bu=0,bd=0,oled=3C
[  46343] t=59206,state=4,mode=1,fault=5,seq=0,vl=0,vr=0,pwl=0,pwr=0,actenc=43,dactenc=0,srate=0,starget=0,pidrate=0,pref=72,ppos=72,bi=0,ball=735,vball=705,bref=0,line=0,mask=00,bu=0,bd=0,oled=3C
[  46452] t=59306,state=4,mode=1,fault=5,seq=0,vl=0,vr=0,pwl=0,pwr=0,actenc=43,dactenc=0,srate=0,starget=0,pidrate=0,pref=72,ppos=72,bi=0,ball=774,vball=494,bref=0,line=0,mask=00,bu=0,bd=0,oled=3C
[  46546] t=59406,state=4,mode=1,fault=5,seq=0,vl=0,vr=0,pwl=0,pwr=0,actenc=43,dactenc=0,srate=0,starget=0,pidrate=0,pref=72,ppos=72,bi=0,ball=797,vball=307,bref=0,line=0,mask=00,bu=0,bd=0,oled=3C
[  46655] t=59506,state=4,mode=1,fault=5,seq=0,vl=0,vr=0,pwl=0,pwr=0,actenc=43,dactenc=0,srate=0,starget=0,pidrate=0,pref=72,ppos=72,bi=0,ball=812,vball=222,bref=0,line=0,mask=00,bu=0,bd=0,oled=3C
[  46750] t=59606,state=4,mode=1,fault=5,seq=0,vl=0,vr=0,pwl=0,pwr=0,actenc=43,dactenc=0,srate=0,starget=0,pidrate=0,pref=72,ppos=72,bi=0,ball=801,vball=-28,bref=0,line=0,mask=00,bu=0,bd=0,oled=3C
[  46843] t=59706,state=4,mode=1,fault=5,seq=0,vl=0,vr=0,pwl=0,pwr=0,actenc=43,dactenc=0,srate=0,starget=0,pidrate=0,pref=72,ppos=72,bi=0,ball=800,vball=0,bref=0,line=0,mask=00,bu=0,bd=0,oled=3C
[  46952] t=59806,state=4,mode=1,fault=5,seq=0,vl=0,vr=0,pwl=0,pwr=0,actenc=43,dactenc=0,srate=0,starget=0,pidrate=0,pref=72,ppos=72,bi=0,ball=778,vball=-147,bref=0,line=0,mask=00,bu=0,bd=0,oled=3C
[  47046] t=59906,state=4,mode=1,fault=5,seq=0,vl=0,vr=0,pwl=0,pwr=0,actenc=43,dactenc=0,srate=0,starget=0,pidrate=0,pref=72,ppos=72,bi=0,ball=755,vball=-189,bref=0,line=0,mask=00,bu=0,bd=0,oled=3C
[  47155] t=60006,state=4,mode=1,fault=5,seq=0,vl=0,vr=0,pwl=0,pwr=0,actenc=43,dactenc=0,srate=0,starget=0,pidrate=0,pref=72,ppos=72,bi=0,ball=716,vball=-316,bref=0,line=0,mask=00,bu=0,bd=0,oled=3C
[  47250] t=60106,state=4,mode=1,fault=5,seq=0,vl=0,vr=0,pwl=0,pwr=0,actenc=43,dactenc=0,srate=0,starget=0,pidrate=0,pref=72,ppos=72,bi=0,ball=684,vball=-321,bref=0,line=0,mask=00,bu=0,bd=0,oled=3C
[  47343] t=60206,state=4,mode=1,fault=5,seq=0,vl=0,vr=0,pwl=0,pwr=0,actenc=43,dactenc=0,srate=0,starget=0,pidrate=0,pref=72,ppos=72,bi=0,ball=642,vball=-394,bref=0,line=0,mask=00,bu=0,bd=0,oled=3C
[  47452] t=60306,state=4,mode=1,fault=5,seq=0,vl=0,vr=0,pwl=0,pwr=0,actenc=43,dactenc=0,srate=0,starget=0,pidrate=0,pref=72,ppos=72,bi=0,ball=595,vball=-439,bref=0,line=0,mask=00,bu=0,bd=0,oled=3C
[  47546] t=60406,state=4,mode=1,fault=5,seq=0,vl=0,vr=0,pwl=0,pwr=0,actenc=43,dactenc=0,srate=0,starget=0,pidrate=0,pref=72,ppos=72,bi=0,ball=549,vball=-459,bref=0,line=0,mask=00,bu=0,bd=0,oled=3C
[  47655] t=60506,state=4,mode=1,fault=5,seq=0,vl=0,vr=0,pwl=0,pwr=0,actenc=43,dactenc=0,srate=0,starget=0,pidrate=0,pref=72,ppos=72,bi=0,ball=491,vball=-510,bref=0,line=0,mask=00,bu=0,bd=0,oled=3C
[  47750] t=60606,state=4,mode=1,fault=5,seq=0,vl=0,vr=0,pwl=0,pwr=0,actenc=43,dactenc=0,srate=0,starget=0,pidrate=0,pref=72,ppos=72,bi=0,ball=418,vball=-656,bref=0,line=0,mask=00,bu=0,bd=0,oled=3C
[  47858] t=60706,state=4,mode=1,fault=5,seq=0,vl=0,vr=0,pwl=0,pwr=0,actenc=43,dactenc=0,srate=0,starget=0,pidrate=0,pref=72,ppos=72,bi=0,ball=352,vball=-652,bref=0,line=0,mask=00,bu=0,bd=0,oled=3C
[  47952] t=60806,state=4,mode=1,fault=5,seq=0,vl=0,vr=0,pwl=0,pwr=0,actenc=43,dactenc=0,srate=0,starget=0,pidrate=0,pref=72,ppos=72,bi=0,ball=282,vball=-680,bref=0,line=0,mask=00,bu=0,bd=0,oled=3C
[  48046] t=60906,state=4,mode=1,fault=5,seq=0,vl=0,vr=0,pwl=0,pwr=0,actenc=43,dactenc=0,srate=0,starget=0,pidrate=0,pref=72,ppos=72,bi=0,ball=208,vball=-711,bref=0,line=0,mask=00,bu=0,bd=0,oled=3C
[  48155] t=61006,state=4,mode=1,fault=5,seq=0,vl=0,vr=0,pwl=0,pwr=0,actenc=43,dactenc=0,srate=0,starget=0,pidrate=0,pref=72,ppos=72,bi=0,ball=140,vball=-707,bref=0,line=0,mask=00,bu=0,bd=0,oled=3C
[  48250] t=61106,state=4,mode=1,fault=5,seq=0,vl=0,vr=0,pwl=0,pwr=0,actenc=43,dactenc=0,srate=0,starget=0,pidrate=0,pref=72,ppos=72,bi=0,ball=96,vball=-679,bref=0,line=0,mask=00,bu=0,bd=0,oled=3C
[  48358] t=61206,state=4,mode=1,fault=5,seq=0,vl=0,vr=0,pwl=0,pwr=0,actenc=43,dactenc=0,srate=0,starget=0,pidrate=0,pref=72,ppos=72,bi=0,ball=7,vball=-690,bref=0,line=0,mask=00,bu=0,bd=0,oled=3C
[  48452] t=61306,state=4,mode=1,fault=5,seq=0,vl=0,vr=0,pwl=0,pwr=0,actenc=43,dactenc=0,srate=0,starget=0,pidrate=0,pref=72,ppos=72,bi=0,ball=-101,vball=-949,bref=0,line=0,mask=00,bu=0,bd=0,oled=3C
[  48546] t=61406,state=4,mode=1,fault=5,seq=0,vl=0,vr=0,pwl=0,pwr=0,actenc=43,dactenc=0,srate=0,starget=0,pidrate=0,pref=72,ppos=72,bi=0,ball=-179,vball=-828,bref=0,line=0,mask=00,bu=0,bd=0,oled=3C
[  48655] t=61506,state=4,mode=1,fault=5,seq=0,vl=0,vr=0,pwl=0,pwr=0,actenc=43,dactenc=0,srate=0,starget=0,pidrate=0,pref=72,ppos=72,bi=0,ball=-259,vball=-817,bref=0,line=0,mask=00,bu=0,bd=0,oled=3C
[  48750] t=61606,state=4,mode=1,fault=5,seq=0,vl=0,vr=0,pwl=0,pwr=0,actenc=43,dactenc=0,srate=0,starget=0,pidrate=0,pref=72,ppos=72,bi=0,ball=-328,vball=-740,bref=0,line=0,mask=00,bu=0,bd=0,oled=3C
[  48858] t=61706,state=4,mode=1,fault=5,seq=0,vl=0,vr=0,pwl=0,pwr=0,actenc=43,dactenc=0,srate=0,starget=0,pidrate=0,pref=72,ppos=72,bi=0,ball=-395,vball=-678,bref=0,line=0,mask=00,bu=0,bd=0,oled=3C
[  48952] t=61806,state=4,mode=1,fault=5,seq=0,vl=0,vr=0,pwl=0,pwr=0,actenc=43,dactenc=0,srate=0,starget=0,pidrate=0,pref=72,ppos=72,bi=0,ball=-461,vball=-666,bref=0,line=0,mask=00,bu=0,bd=0,oled=3C
[  49046] t=61906,state=4,mode=1,fault=5,seq=0,vl=0,vr=0,pwl=0,pwr=0,actenc=43,dactenc=0,srate=0,starget=0,pidrate=0,pref=72,ppos=72,bi=0,ball=-526,vball=-663,bref=0,line=0,mask=00,bu=0,bd=0,oled=3C
[  49155] t=62006,state=4,mode=1,fault=5,seq=0,vl=0,vr=0,pwl=0,pwr=0,actenc=43,dactenc=0,srate=0,starget=0,pidrate=0,pref=72,ppos=72,bi=0,ball=-574,vball=-542,bref=0,line=0,mask=00,bu=0,bd=0,oled=3C
[  49250] t=62106,state=4,mode=1,fault=5,seq=0,vl=0,vr=0,pwl=0,pwr=0,actenc=43,dactenc=0,srate=0,starget=0,pidrate=0,pref=72,ppos=72,bi=0,ball=-615,vball=-461,bref=0,line=0,mask=00,bu=0,bd=0,oled=3C
[  49358] t=62206,state=4,mode=1,fault=5,seq=0,vl=0,vr=0,pwl=0,pwr=0,actenc=43,dactenc=0,srate=0,starget=0,pidrate=0,pref=72,ppos=72,bi=0,ball=-655,vball=-386,bref=0,line=0,mask=00,bu=0,bd=0,oled=3C
[  49452] t=62306,state=4,mode=1,fault=5,seq=0,vl=0,vr=0,pwl=0,pwr=0,actenc=43,dactenc=0,srate=0,starget=0,pidrate=0,pref=72,ppos=72,bi=0,ball=-667,vball=-196,bref=0,line=0,mask=00,bu=0,bd=0,oled=3C
[  49546] t=62406,state=4,mode=1,fault=5,seq=0,vl=0,vr=0,pwl=0,pwr=0,actenc=43,dactenc=0,srate=0,starget=0,pidrate=0,pref=72,ppos=72,bi=0,ball=-671,vball=-96,bref=0,line=0,mask=00,bu=0,bd=0,oled=3C
[  49655] t=62506,state=4,mode=1,fault=5,seq=0,vl=0,vr=0,pwl=0,pwr=0,actenc=43,dactenc=0,srate=0,starget=0,pidrate=0,pref=72,ppos=72,bi=0,ball=-683,vball=-101,bref=0,line=0,mask=00,bu=0,bd=0,oled=3C
[  49750] t=62606,state=4,mode=1,fault=5,seq=0,vl=0,vr=0,pwl=0,pwr=0,actenc=43,dactenc=0,srate=0,starget=0,pidrate=0,pref=72,ppos=72,bi=0,ball=-687,vball=-69,bref=0,line=0,mask=00,bu=0,bd=0,oled=3C
[  49858] t=62706,state=4,mode=1,fault=5,seq=0,vl=0,vr=0,pwl=0,pwr=0,actenc=43,dactenc=0,srate=0,starget=0,pidrate=0,pref=72,ppos=72,bi=0,ball=-689,vball=-30,bref=0,line=0,mask=00,bu=0,bd=0,oled=3C
[  49952] t=62806,state=4,mode=1,fault=5,seq=0,vl=0,vr=0,pwl=0,pwr=0,actenc=43,dactenc=0,srate=0,starget=0,pidrate=0,pref=72,ppos=72,bi=0,ball=-688,vball=-4,bref=0,line=0,mask=00,bu=0,bd=0,oled=3C
[  50046] t=62906,state=4,mode=1,fault=5,seq=0,vl=0,vr=0,pwl=0,pwr=0,actenc=43,dactenc=0,srate=0,starget=0,pidrate=0,pref=72,ppos=72,bi=0,ball=-692,vball=-34,bref=0,line=0,mask=00,bu=0,bd=0,oled=3C
[  50155] t=63006,state=4,mode=1,fault=5,seq=0,vl=0,vr=0,pwl=0,pwr=0,actenc=43,dactenc=0,srate=0,starget=0,pidrate=0,pref=72,ppos=72,bi=0,ball=-689,vball=12,bref=0,line=0,mask=00,bu=0,bd=0,oled=3C
[  50250] t=63106,state=4,mode=1,fault=5,seq=0,vl=0,vr=0,pwl=0,pwr=0,actenc=43,dactenc=0,srate=0,starget=0,pidrate=0,pref=72,ppos=72,bi=0,ball=-688,vball=7,bref=0,line=0,mask=00,bu=0,bd=0,oled=3C
[  50358] t=63206,state=4,mode=1,fault=5,seq=0,vl=0,vr=0,pwl=0,pwr=0,actenc=43,dactenc=0,srate=0,starget=0,pidrate=0,pref=72,ppos=72,bi=0,ball=-688,vball=3,bref=0,line=0,mask=00,bu=0,bd=0,oled=3C
[  50452] t=63306,state=4,mode=1,fault=5,seq=0,vl=0,vr=0,pwl=0,pwr=0,actenc=43,dactenc=0,srate=0,starget=0,pidrate=0,pref=72,ppos=72,bi=0,ball=-688,vball=0,bref=0,line=0,mask=00,bu=0,bd=0,oled=3C
[  50546] t=63406,state=4,mode=1,fault=5,seq=0,vl=0,vr=0,pwl=0,pwr=0,actenc=43,dactenc=0,srate=0,starget=0,pidrate=0,pref=72,ppos=72,bi=0,ball=-688,vball=0,bref=0,line=0,mask=00,bu=0,bd=0,oled=3C
[  50655] t=63506,state=4,mode=1,fault=5,seq=0,vl=0,vr=0,pwl=0,pwr=0,actenc=43,dactenc=0,srate=0,starget=0,pidrate=0,pref=72,ppos=72,bi=0,ball=-688,vball=3,bref=0,line=0,mask=00,bu=0,bd=0,oled=3C
[  50750] t=63606,state=4,mode=1,fault=5,seq=0,vl=0,vr=0,pwl=0,pwr=0,actenc=43,dactenc=0,srate=0,starget=0,pidrate=0,pref=72,ppos=72,bi=0,ball=-688,vball=2,bref=0,line=0,mask=00,bu=0,bd=0,oled=3C
[  50858] t=63706,state=4,mode=1,fault=5,seq=0,vl=0,vr=0,pwl=0,pwr=0,actenc=43,dactenc=0,srate=0,starget=0,pidrate=0,pref=72,ppos=72,bi=0,ball=-688,vball=-2,bref=0,line=0,mask=00,bu=0,bd=0,oled=3C
[  50952] t=63806,state=4,mode=1,fault=5,seq=0,vl=0,vr=0,pwl=0,pwr=0,actenc=43,dactenc=0,srate=0,starget=0,pidrate=0,pref=72,ppos=72,bi=0,ball=-689,vball=-3,bref=0,line=0,mask=00,bu=0,bd=0,oled=3C
[  51046] t=63906,state=4,mode=1,fault=5,seq=0,vl=0,vr=0,pwl=0,pwr=0,actenc=43,dactenc=0,srate=0,starget=0,pidrate=0,pref=72,ppos=72,bi=0,ball=-689,vball=-1,bref=0,line=0,mask=00,bu=0,bd=0,oled=3C
[  51155] t=64006,state=4,mode=1,fault=5,seq=0,vl=0,vr=0,pwl=0,pwr=0,actenc=43,dactenc=0,srate=0,starget=0,pidrate=0,pref=72,ppos=72,bi=0,ball=-689,vball=-3,bref=0,line=0,mask=00,bu=0,bd=0,oled=3C
[  51250] t=64106,state=4,mode=1,fault=5,seq=0,vl=0,vr=0,pwl=0,pwr=0,actenc=43,dactenc=0,srate=0,starget=0,pidrate=0,pref=72,ppos=72,bi=0,ball=-689,vball=0,bref=0,line=0,mask=00,bu=0,bd=0,oled=3C
[  51358] t=64206,state=4,mode=1,fault=5,seq=0,vl=0,vr=0,pwl=0,pwr=0,actenc=43,dactenc=0,srate=0,starget=0,pidrate=0,pref=72,ppos=72,bi=0,ball=-688,vball=10,bref=0,line=0,mask=00,bu=0,bd=0,oled=3C
[  51452] t=64306,state=4,mode=1,fault=5,seq=0,vl=0,vr=0,pwl=0,pwr=0,actenc=43,dactenc=0,srate=0,starget=0,pidrate=0,pref=72,ppos=72,bi=0,ball=-687,vball=5,bref=0,line=0,mask=00,bu=0,bd=0,oled=3C
[  51546] t=64406,state=4,mode=1,fault=5,seq=0,vl=0,vr=0,pwl=0,pwr=0,actenc=43,dactenc=0,srate=0,starget=0,pidrate=0,pref=72,ppos=72,bi=0,ball=-688,vball=-4,bref=0,line=0,mask=00,bu=0,bd=0,oled=3C
[  51655] t=64506,state=4,mode=1,fault=5,seq=0,vl=0,vr=0,pwl=0,pwr=0,actenc=43,dactenc=0,srate=0,starget=0,pidrate=0,pref=72,ppos=72,bi=0,ball=-689,vball=-6,bref=0,line=0,mask=00,bu=0,bd=0,oled=3C
[  51750] t=64606,state=4,mode=1,fault=5,seq=0,vl=0,vr=0,pwl=0,pwr=0,actenc=43,dactenc=0,srate=0,starget=0,pidrate=0,pref=72,ppos=72,bi=0,ball=-688,vball=4,bref=0,line=0,mask=00,bu=0,bd=0,oled=3C
[  51858] t=64706,state=4,mode=1,fault=5,seq=0,vl=0,vr=0,pwl=0,pwr=0,actenc=43,dactenc=0,srate=0,starget=0,pidrate=0,pref=72,ppos=72,bi=0,ball=-689,vball=-4,bref=0,line=0,mask=00,bu=0,bd=0,oled=3C
[  51952] t=64806,state=4,mode=1,fault=5,seq=0,vl=0,vr=0,pwl=0,pwr=0,actenc=43,dactenc=0,srate=0,starget=0,pidrate=0,pref=72,ppos=72,bi=0,ball=-689,vball=-1,bref=0,line=0,mask=00,bu=0,bd=0,oled=3C
[  52046] t=64906,state=4,mode=1,fault=5,seq=0,vl=0,vr=0,pwl=0,pwr=0,actenc=43,dactenc=0,srate=0,starget=0,pidrate=0,pref=72,ppos=72,bi=0,ball=-689,vball=0,bref=0,line=0,mask=00,bu=0,bd=0,oled=3C
[  52155] t=65006,state=4,mode=1,fault=5,seq=0,vl=0,vr=0,pwl=0,pwr=0,actenc=43,dactenc=0,srate=0,starget=0,pidrate=0,pref=72,ppos=72,bi=0,ball=-689,vball=0,bref=0,line=0,mask=00,bu=0,bd=0,oled=3C
[  52250] t=65106,state=4,mode=1,fault=5,seq=0,vl=0,vr=0,pwl=0,pwr=0,actenc=43,dactenc=0,srate=0,starget=0,pidrate=0,pref=72,ppos=72,bi=0,ball=-688,vball=7,bref=0,line=0,mask=00,bu=0,bd=0,oled=3C
[  52358] t=65206,state=4,mode=1,fault=5,seq=0,vl=0,vr=0,pwl=0,pwr=0,actenc=43,dactenc=0,srate=0,starget=0,pidrate=0,pref=72,ppos=72,bi=0,ball=-688,vball=3,bref=0,line=0,mask=00,bu=0,bd=0,oled=3C
[  52452] t=65306,state=4,mode=1,fault=5,seq=0,vl=0,vr=0,pwl=0,pwr=0,actenc=43,dactenc=0,srate=0,starget=0,pidrate=0,pref=72,ppos=72,bi=0,ball=-689,vball=-5,bref=0,line=0,mask=00,bu=0,bd=0,oled=3C
[  52546] t=65406,state=4,mode=1,fault=5,seq=0,vl=0,vr=0,pwl=0,pwr=0,actenc=43,dactenc=0,srate=0,starget=0,pidrate=0,pref=72,ppos=72,bi=0,ball=-689,vball=0,bref=0,line=0,mask=00,bu=0,bd=0,oled=3C
[  52655] t=65506,state=4,mode=1,fault=5,seq=0,vl=0,vr=0,pwl=0,pwr=0,actenc=43,dactenc=0,srate=0,starget=0,pidrate=0,pref=72,ppos=72,bi=0,ball=-688,vball=0,bref=0,line=0,mask=00,bu=0,bd=0,oled=3C
[  52750] t=65606,state=4,mode=1,fault=5,seq=0,vl=0,vr=0,pwl=0,pwr=0,actenc=43,dactenc=0,srate=0,starget=0,pidrate=0,pref=72,ppos=72,bi=0,ball=-689,vball=-3,bref=0,line=0,mask=00,bu=0,bd=0,oled=3C
[  52858] t=65706,state=4,mode=1,fault=5,seq=0,vl=0,vr=0,pwl=0,pwr=0,actenc=43,dactenc=0,srate=0,starget=0,pidrate=0,pref=72,ppos=72,bi=0,ball=-689,vball=-1,bref=0,line=0,mask=00,bu=0,bd=0,oled=3C
[  52952] t=65806,state=4,mode=1,fault=5,seq=0,vl=0,vr=0,pwl=0,pwr=0,actenc=43,dactenc=0,srate=0,starget=0,pidrate=0,pref=72,ppos=72,bi=0,ball=-689,vball=0,bref=0,line=0,mask=00,bu=0,bd=0,oled=3C
[  53046] t=65906,state=4,mode=1,fault=5,seq=0,vl=0,vr=0,pwl=0,pwr=0,actenc=43,dactenc=0,srate=0,starget=0,pidrate=0,pref=72,ppos=72,bi=0,ball=-689,vball=0,bref=0,line=0,mask=00,bu=0,bd=0,oled=3C
[  53155] t=66006,state=4,mode=1,fault=5,seq=0,vl=0,vr=0,pwl=0,pwr=0,actenc=43,dactenc=0,srate=0,starget=0,pidrate=0,pref=72,ppos=72,bi=0,ball=-688,vball=3,bref=0,line=0,mask=00,bu=0,bd=0,oled=3C
[  53250] t=66106,state=4,mode=1,fault=5,seq=0,vl=0,vr=0,pwl=0,pwr=0,actenc=43,dactenc=0,srate=0,starget=0,pidrate=0,pref=72,ppos=72,bi=0,ball=-689,vball=-5,bref=0,line=0,mask=00,bu=0,bd=0,oled=3C
[  53358] t=66206,state=4,mode=1,fault=5,seq=0,vl=0,vr=0,pwl=0,pwr=0,actenc=43,dactenc=0,srate=0,starget=0,pidrate=0,pref=72,ppos=72,bi=0,ball=-690,vball=-2,bref=0,line=0,mask=00,bu=0,bd=0,oled=3C
[  53452] t=66306,state=4,mode=1,fault=5,seq=0,vl=0,vr=0,pwl=0,pwr=0,actenc=43,dactenc=0,srate=0,starget=0,pidrate=0,pref=72,ppos=72,bi=0,ball=-689,vball=6,bref=0,line=0,mask=00,bu=0,bd=0,oled=3C
[  53546] t=66406,state=4,mode=1,fault=5,seq=0,vl=0,vr=0,pwl=0,pwr=0,actenc=43,dactenc=0,srate=0,starget=0,pidrate=0,pref=72,ppos=72,bi=0,ball=-689,vball=-1,bref=0,line=0,mask=00,bu=0,bd=0,oled=3C
[  53655] t=66506,state=4,mode=1,fault=5,seq=0,vl=0,vr=0,pwl=0,pwr=0,actenc=43,dactenc=0,srate=0,starget=0,pidrate=0,pref=72,ppos=72,bi=0,ball=-689,vball=-1,bref=0,line=0,mask=00,bu=0,bd=0,oled=3C
[  53750] t=66606,state=4,mode=1,fault=5,seq=0,vl=0,vr=0,pwl=0,pwr=0,actenc=43,dactenc=0,srate=0,starget=0,pidrate=0,pref=72,ppos=72,bi=0,ball=-689,vball=2,bref=0,line=0,mask=00,bu=0,bd=0,oled=3C
[  53858] t=66706,state=4,mode=1,fault=5,seq=0,vl=0,vr=0,pwl=0,pwr=0,actenc=43,dactenc=0,srate=0,starget=0,pidrate=0,pref=72,ppos=72,bi=0,ball=-689,vball=2,bref=0,line=0,mask=00,bu=0,bd=0,oled=3C
[  53952] t=66806,state=4,mode=1,fault=5,seq=0,vl=0,vr=0,pwl=0,pwr=0,actenc=43,dactenc=0,srate=0,starget=0,pidrate=0,pref=72,ppos=72,bi=0,ball=-688,vball=3,bref=0,line=0,mask=00,bu=0,bd=0,oled=3C
[  54046] t=66906,state=4,mode=1,fault=5,seq=0,vl=0,vr=0,pwl=0,pwr=0,actenc=43,dactenc=0,srate=0,starget=0,pidrate=0,pref=72,ppos=72,bi=0,ball=-688,vball=3,bref=0,line=0,mask=00,bu=0,bd=0,oled=3C
[  54155] t=67006,state=4,mode=1,fault=5,seq=0,vl=0,vr=0,pwl=0,pwr=0,actenc=43,dactenc=0,srate=0,starget=0,pidrate=0,pref=72,ppos=72,bi=0,ball=-688,vball=1,bref=0,line=0,mask=00,bu=0,bd=0,oled=3C
[  54250] t=67106,state=4,mode=1,fault=5,seq=0,vl=0,vr=0,pwl=0,pwr=0,actenc=43,dactenc=0,srate=0,starget=0,pidrate=0,pref=72,ppos=72,bi=0,ball=-688,vball=-1,bref=0,line=0,mask=00,bu=0,bd=0,oled=3C
[  54358] t=67206,state=4,mode=1,fault=5,seq=0,vl=0,vr=0,pwl=0,pwr=0,actenc=43,dactenc=0,srate=0,starget=0,pidrate=0,pref=72,ppos=72,bi=0,ball=-688,vball=-1,bref=0,line=0,mask=00,bu=0,bd=0,oled=3C
[  54452] t=67306,state=4,mode=1,fault=5,seq=0,vl=0,vr=0,pwl=0,pwr=0,actenc=43,dactenc=0,srate=0,starget=0,pidrate=0,pref=72,ppos=72,bi=0,ball=-688,vball=0,bref=0,line=0,mask=00,bu=0,bd=0,oled=3C
[  54546] t=67406,state=4,mode=1,fault=5,seq=0,vl=0,vr=0,pwl=0,pwr=0,actenc=43,dactenc=0,srate=0,starget=0,pidrate=0,pref=72,ppos=72,bi=0,ball=-688,vball=1,bref=0,line=0,mask=00,bu=0,bd=0,oled=3C
[  54655] t=67506,state=4,mode=1,fault=5,seq=0,vl=0,vr=0,pwl=0,pwr=0,actenc=43,dactenc=0,srate=0,starget=0,pidrate=0,pref=72,ppos=72,bi=0,ball=-688,vball=1,bref=0,line=0,mask=00,bu=0,bd=0,oled=3C
[  54750] t=67606,state=4,mode=1,fault=5,seq=0,vl=0,vr=0,pwl=0,pwr=0,actenc=43,dactenc=0,srate=0,starget=0,pidrate=0,pref=72,ppos=72,bi=0,ball=-688,vball=0,bref=0,line=0,mask=00,bu=0,bd=0,oled=3C
[  54858] t=67706,state=4,mode=1,fault=5,seq=0,vl=0,vr=0,pwl=0,pwr=0,actenc=43,dactenc=0,srate=0,starget=0,pidrate=0,pref=72,ppos=72,bi=0,ball=-688,vball=0,bref=0,line=0,mask=00,bu=0,bd=0,oled=3C
[  54952] t=67806,state=4,mode=1,fault=5,seq=0,vl=0,vr=0,pwl=0,pwr=0,actenc=43,dactenc=0,srate=0,starget=0,pidrate=0,pref=72,ppos=72,bi=0,ball=-688,vball=0,bref=0,line=0,mask=00,bu=0,bd=0,oled=3C
[  55061] t=67906,state=4,mode=1,fault=5,seq=0,vl=0,vr=0,pwl=0,pwr=0,actenc=43,dactenc=0,srate=0,starget=0,pidrate=0,pref=72,ppos=72,bi=0,ball=-689,vball=-7,bref=0,line=0,mask=00,bu=0,bd=0,oled=3C
[  55155] t=68006,state=4,mode=1,fault=5,seq=0,vl=0,vr=0,pwl=0,pwr=0,actenc=43,dactenc=0,srate=0,starget=0,pidrate=0,pref=72,ppos=72,bi=0,ball=-688,vball=-2,bref=0,line=0,mask=00,bu=0,bd=0,oled=3C
[  55250] t=68106,state=4,mode=1,fault=5,seq=0,vl=0,vr=0,pwl=0,pwr=0,actenc=43,dactenc=0,srate=0,starget=0,pidrate=0,pref=72,ppos=72,bi=0,ball=-689,vball=-3,bref=0,line=0,mask=00,bu=0,bd=0,oled=3C
[  55358] t=68206,state=4,mode=1,fault=5,seq=0,vl=0,vr=0,pwl=0,pwr=0,actenc=43,dactenc=0,srate=0,starget=0,pidrate=0,pref=72,ppos=72,bi=0,ball=-689,vball=0,bref=0,line=0,mask=00,bu=0,bd=0,oled=3C
[  55452] t=68306,state=4,mode=1,fault=5,seq=0,vl=0,vr=0,pwl=0,pwr=0,actenc=43,dactenc=0,srate=0,starget=0,pidrate=0,pref=72,ppos=72,bi=0,ball=-688,vball=1,bref=0,line=0,mask=00,bu=0,bd=0,oled=3C
[  55561] t=68406,state=4,mode=1,fault=5,seq=0,vl=0,vr=0,pwl=0,pwr=0,actenc=43,dactenc=0,srate=0,starget=0,pidrate=0,pref=72,ppos=72,bi=0,ball=-689,vball=-2,bref=0,line=0,mask=00,bu=0,bd=0,oled=3C
[  55655] t=68506,state=4,mode=1,fault=5,seq=0,vl=0,vr=0,pwl=0,pwr=0,actenc=43,dactenc=0,srate=0,starget=0,pidrate=0,pref=72,ppos=72,bi=0,ball=-689,vball=-1,bref=0,line=0,mask=00,bu=0,bd=0,oled=3C
[  55750] t=68606,state=4,mode=1,fault=5,seq=0,vl=0,vr=0,pwl=0,pwr=0,actenc=43,dactenc=0,srate=0,starget=0,pidrate=0,pref=72,ppos=72,bi=0,ball=-689,vball=0,bref=0,line=0,mask=00,bu=0,bd=0,oled=3C
[  55843] t
