[      0] >>> bench on
[      0] OK stepper visual-only bench active; use zero before tests
[    187] >>> clear
[    187] OK fault cleared
[    375] >>> diag reset
[    391] OK actuator diagnostics reset
[    562] >>> gain ball 0.8 0.0 6.0 -1
[    577] OK ball gains kp=0.800 ki=0.000 kd=6.000 sign=-1
[    750] >>> gain accel 0.4
[    750] OK ball acceleration gain ka=0.400
[    937] >>> limit rate 30
[    937] OK ball rate limit=30 steps/s
[   1125] >>> stream on 20
[   1125] OK stream on 20 ms
[   1171] STATUS mode=1 fault=none enc=113 denc=0 sreq=0 sapplied=0 crate=0 uimp=0 upos=0 uneg=0 ball=-45.25 vball=-0.01 aball=0.0 bref=0.00 pid=0.0 apid=0.0 integ=0.0 vision=1 current=1 vframe=27195 vs=1 vage=31 vpage=31 vdt=34 vmax=13390 vacc=26433 vrej=0 seq=0 elapsed=0 oled=3C
[   1202] STATUS mode=1 fault=none enc=113 denc=0 sreq=0 sapplied=0 crate=0 uimp=0 upos=0 uneg=0 ball=-45.25 vball=-0.01 aball=0.0 bref=0.00 pid=0.0 apid=0.0 integ=0.0 vision=1 current=1 vframe=27195 vs=1 vage=51 vpage=51 vdt=34 vmax=13390 vacc=26433 vrej=0 seq=0 elapsed=0 oled=3C
[   1218] STATUS mode=1 fault=none enc=113 denc=0 sreq=0 sapplied=0 crate=0 uimp=0 upos=0 uneg=0 ball=-45.25 vball=-0.01 aball=0.0 bref=0.00 pid=0.0 apid=0.0 integ=0.0 vision=1 current=1 vframe=27195 vs=1 vage=71 vpage=71 vdt=34 vmax=13390 vacc=26433 vrej=0 seq=0 elapsed=0 oled=3C
[   1250] STATUS mode=1 fault=none enc=113 denc=0 sreq=0 sapplied=0 crate=0 uimp=0 upos=0 uneg=0 ball=-45.25 vball=-0.01 aball=0.0 bref=0.00 pid=0.0 apid=0.0 integ=0.0 vision=1 current=1 vframe=27195 vs=1 vage=91 vpage=91 vdt=34 vmax=13390 vacc=26433 vrej=0 seq=0 elapsed=0 oled=3C
[   1266] STATUS mode=1 fault=none enc=113 denc=0 sreq=0 sapplied=0 crate=0 uimp=0 upos=0 uneg=0 ball=-45.24 vball=0.03 aball=0.0 bref=0.00 pid=0.0 apid=0.0 integ=0.0 vision=1 current=1 vframe=27196 vs=1 vage=6 vpage=6 vdt=105 vmax=13390 vacc=26434 vrej=0 seq=0 elapsed=0 oled=3C
[   1296] STATUS mode=1 fault=none enc=113 denc=0 sreq=0 sapplied=0 crate=0 uimp=0 upos=0 uneg=0 ball=-45.24 vball=0.03 aball=0.0 bref=0.00 pid=0.0 apid=0.0 integ=0.0 vision=1 current=1 vframe=27196 vs=1 vage=26 vpage=26 vdt=105 vmax=13390 vacc=26434 vrej=0 seq=0 elapsed=0 oled=3C
[   1296] >>> ball 0.0
[   1312] STATUS mode=1 fault=none enc=113 denc=0 sreq=0 sapplied=0 crate=0 uimp=0 upos=0 uneg=0 ball=-45.24 vball=0.06 aball=0.0 bref=0.00 pid=0.0 apid=0.0 integ=0.0 vision=1 current=1 vframe=27198 vs=1 vage=4 vpage=4 vdt=33 vmax=13390 vacc=26436 vrej=0 seq=0 elapsed=0 oled=3C
[   1343] STATUS mode=3 fault=none enc=113 denc=0 sreq=0 sapplied=0 crate=-15 uimp=0 upos=0 uneg=0 ball=-45.24 vball=0.06 aball=0.0 bref=0.00 pid=-30.0 apid=0.0 integ=-0.0 vision=1 current=1 vframe=27198 vs=1 vage=24 vpage=24 vdt=33 vmax=13390 vacc=26436 vrej=0 seq=0 elapsed=0 oled=3C
[   1359] STATUS mode=3 fault=none enc=113 denc=0 sreq=-30 sapplied=-30 crate=-30 uimp=-245 upos=0 uneg=10 ball=-45.24 vball=0.06 aball=0.0 bref=0.00 pid=-30.0 apid=0.0 integ=-0.0 vision=1 current=1 vframe=27198 vs=1 vage=44 vpage=44 vdt=33 vmax=13390 vacc=26436 vrej=0 seq=0 elapsed=0 oled=3C
[   1391] STATUS mode=3 fault=none enc=114 denc=0 sreq=-30 sapplied=-30 crate=-30 uimp=-845 upos=0 uneg=30 ball=-45.24 vball=0.06 aball=0.0 bref=0.00 pid=-30.0 apid=0.0 integ=-0.0 vision=1 current=1 vframe=27198 vs=1 vage=64 vpage=64 vdt=33 vmax=13390 vacc=26436 vrej=0 seq=0 elapsed=0 oled=3C
[   1405] STATUS mode=3 fault=none enc=112 denc=0 sreq=-30 sapplied=-30 crate=-30 uimp=-1445 upos=0 uneg=50 ball=-45.24 vball=0.06 aball=0.0 bref=0.00 pid=-30.0 apid=0.0 integ=-0.0 vision=1 current=1 vframe=27198 vs=1 vage=84 vpage=84 vdt=33 vmax=13390 vacc=26436 vrej=0 seq=0 elapsed=0 oled=3C
[   1437] STATUS mode=3 fault=none enc=111 denc=0 sreq=-30 sapplied=-30 crate=-30 uimp=-2645 upos=0 uneg=90 ball=-45.23 vball=0.03 aball=-0.1 bref=0.00 pid=-30.0 apid=-0.1 integ=-0.0 vision=1 current=1 vframe=27199 vs=1 vage=17 vpage=17 vdt=107 vmax=13390 vacc=26437 vrej=0 seq=0 elapsed=0 oled=3C
[   1468] STATUS mode=3 fault=none enc=110 denc=0 sreq=-30 sapplied=-30 crate=-30 uimp=-3245 upos=0 uneg=110 ball=-45.38 vball=-2.80 aball=-0.1 bref=0.00 pid=-30.0 apid=-0.1 integ=-0.0 vision=1 current=1 vframe=27200 vs=1 vage=10 vpage=10 vdt=27 vmax=13390 vacc=26438 vrej=0 seq=0 elapsed=0 oled=3C
[   1484] STATUS mode=3 fault=none enc=110 denc=0 sreq=-30 sapplied=-30 crate=-30 uimp=-3845 upos=0 uneg=130 ball=-45.38 vball=-2.80 aball=-0.1 bref=0.00 pid=-30.0 apid=-0.1 integ=-0.0 vision=1 current=1 vframe=27200 vs=1 vage=30 vpage=30 vdt=27 vmax=13390 vacc=26438 vrej=0 seq=0 elapsed=0 oled=3C
[   1516] STATUS mode=3 fault=none enc=109 denc=0 sreq=-30 sapplied=-30 crate=-30 uimp=-4445 upos=0 uneg=150 ball=-45.42 vball=-1.99 aball=-0.1 bref=0.00 pid=-30.0 apid=-0.1 integ=-0.0 vision=1 current=1 vframe=27201 vs=1 vage=18 vpage=18 vdt=32 vmax=13390 vacc=26439 vrej=0 seq=0 elapsed=0 oled=3C
[   1546] STATUS mode=3 fault=none enc=107 denc=0 sreq=-30 sapplied=-30 crate=-30 uimp=-5645 upos=0 uneg=190 ball=-45.42 vball=-1.99 aball=-0.1 bref=0.00 pid=-30.0 apid=-0.1 integ=-0.0 vision=1 current=1 vframe=27201 vs=1 vage=58 vpage=58 vdt=32 vmax=13390 vacc=26439 vrej=0 seq=0 elapsed=0 oled=3C
[   1562] STATUS mode=3 fault=none enc=106 denc=0 sreq=-30 sapplied=-30 crate=-30 uimp=-6245 upos=0 uneg=210 ball=-45.42 vball=-1.99 aball=-0.1 bref=0.00 pid=-30.0 apid=-0.1 integ=-0.0 vision=1 current=1 vframe=27201 vs=1 vage=78 vpage=78 vdt=32 vmax=13390 vacc=26439 vrej=0 seq=0 elapsed=0 oled=3C
[   1593] STATUS mode=3 fault=none enc=106 denc=0 sreq=-30 sapplied=-30 crate=-30 uimp=-6845 upos=0 uneg=230 ball=-45.42 vball=-1.99 aball=-0.1 bref=0.00 pid=-30.0 apid=-0.1 integ=-0.0 vision=1 current=1 vframe=27201 vs=1 vage=98 vpage=98 vdt=32 vmax=13390 vacc=26439 vrej=0 seq=0 elapsed=0 oled=3C
[   1609] STATUS mode=3 fault=none enc=103 denc=-1 sreq=-28 sapplied=-28 crate=-28 uimp=-8045 upos=0 uneg=270 ball=-45.31 vball=1.57 aball=-3.3 bref=0.00 pid=-28.1 apid=-1.3 integ=-0.0 vision=1 current=1 vframe=27203 vs=1 vage=4 vpage=4 vdt=31 vmax=13390 vacc=26441 vrej=0 seq=0 elapsed=0 oled=3C
[   1641] STATUS mode=3 fault=none enc=103 denc=0 sreq=-28 sapplied=-28 crate=-28 uimp=-8605 upos=0 uneg=290 ball=-45.31 vball=1.57 aball=-3.3 bref=0.00 pid=-28.1 apid=-1.3 integ=-0.0 vision=1 current=1 vframe=27203 vs=1 vage=24 vpage=24 vdt=31 vmax=13390 vacc=26441 vrej=0 seq=0 elapsed=0 oled=3C
[   1671] STATUS mode=3 fault=none enc=102 denc=0 sreq=-28 sapplied=-28 crate=-28 uimp=-9165 upos=0 uneg=310 ball=-45.25 vball=1.65 aball=-3.3 bref=0.00 pid=-27.6 apid=-1.3 integ=-0.0 vision=1 current=1 vframe=27204 vs=1 vage=11 vpage=11 vdt=33 vmax=13390 vacc=26442 vrej=0 seq=0 elapsed=0 oled=3C
[   1687] STATUS mode=3 fault=none enc=102 denc=1 sreq=-28 sapplied=-28 crate=-28 uimp=-9725 upos=0 uneg=330 ball=-45.25 vball=1.65 aball=-3.3 bref=0.00 pid=-27.6 apid=-1.3 integ=-0.0 vision=1 current=1 vframe=27204 vs=1 vage=31 vpage=31 vdt=33 vmax=13390 vacc=26442 vrej=0 seq=0 elapsed=0 oled=3C
[   1718] STATUS mode=3 fault=none enc=100 denc=0 sreq=-28 sapplied=-28 crate=-28 uimp=-10845 upos=0 uneg=370 ball=-45.25 vball=1.65 aball=-3.3 bref=0.00 pid=-27.6 apid=-1.3 integ=-0.0 vision=1 current=1 vframe=27204 vs=1 vage=71 vpage=71 vdt=33 vmax=13390 vacc=26442 vrej=0 seq=0 elapsed=0 oled=3C
[   1734] STATUS mode=3 fault=none enc=99 denc=0 sreq=-28 sapplied=-28 crate=-28 uimp=-11405 upos=0 uneg=390 ball=-45.25 vball=1.65 aball=-3.3 bref=0.00 pid=-27.6 apid=-1.3 integ=-0.0 vision=1 current=1 vframe=27204 vs=1 vage=91 vpage=91 vdt=33 vmax=13390 vacc=26442 vrej=0 seq=0 elapsed=0 oled=3C
[   1766] STATUS mode=3 fault=none enc=98 denc=-1 sreq=-29 sapplied=-29 crate=-29 uimp=-11970 upos=0 uneg=410 ball=-45.28 vball=0.89 aball=3.7 bref=0.00 pid=-29.4 apid=1.5 integ=-0.0 vision=1 current=1 vframe=27205 vs=1 vage=9 vpage=9 vdt=102 vmax=13390 vacc=26443 vrej=0 seq=0 elapsed=0 oled=3C
[   1796] STATUS mode=3 fault=none enc=98 denc=0 sreq=-29 sapplied=-29 crate=-29 uimp=-12550 upos=0 uneg=430 ball=-45.28 vball=0.89 aball=3.7 bref=0.00 pid=-29.4 apid=1.5 integ=-0.0 vision=1 current=1 vframe=27205 vs=1 vage=29 vpage=29 vdt=102 vmax=13390 vacc=26443 vrej=0 seq=0 elapsed=0 oled=3C
[   1812] STATUS mode=3 fault=none enc=97 denc=0 sreq=-30 sapplied=-30 crate=-30 uimp=-13745 upos=0 uneg=470 ball=-45.34 vball=-0.29 aball=3.7 bref=0.00 pid=-30.0 apid=1.5 integ=-0.0 vision=1 current=1 vframe=27207 vs=1 vage=5 vpage=5 vdt=33 vmax=13390 vacc=26445 vrej=0 seq=0 elapsed=0 oled=3C
[   1843] STATUS mode=3 fault=none enc=95 denc=0 sreq=-30 sapplied=-30 crate=-30 uimp=-14345 upos=0 uneg=490 ball=-45.34 vball=-0.29 aball=3.7 bref=0.00 pid=-30.0 apid=1.5 integ=-0.0 vision=1 current=1 vframe=27207 vs=1 vage=25 vpage=25 vdt=33 vmax=13390 vacc=26445 vrej=0 seq=0 elapsed=0 oled=3C
[   1859] STATUS mode=3 fault=none enc=94 denc=-1 sreq=-30 sapplied=-30 crate=-30 uimp=-14945 upos=0 uneg=510 ball=-45.34 vball=-0.29 aball=3.7 bref=0.00 pid=-30.0 apid=1.5 integ=-0.0 vision=1 current=1 vframe=27207 vs=1 vage=45 vpage=45 vdt=33 vmax=13390 vacc=26445 vrej=0 seq=0 elapsed=0 oled=3C
[   1891] STATUS mode=3 fault=none enc=94 denc=0 sreq=-30 sapplied=-30 crate=-30 uimp=-15545 upos=0 uneg=530 ball=-45.34 vball=-0.29 aball=3.7 bref=0.00 pid=-30.0 apid=1.5 integ=-0.0 vision=1 current=1 vframe=27207 vs=1 vage=65 vpage=65 vdt=33 vmax=13390 vacc=26445 vrej=0 seq=0 elapsed=0 oled=3C
[   1921] STATUS mode=3 fault=none enc=93 denc=0 sreq=-30 sapplied=-30 crate=-30 uimp=-16745 upos=0 uneg=570 ball=-45.35 vball=-0.19 aball=-1.0 bref=0.00 pid=-30.0 apid=-0.4 integ=-0.0 vision=1 current=1 vframe=27208 vs=1 vage=5 vpage=5 vdt=100 vmax=13390 vacc=26446 vrej=0 seq=0 elapsed=0 oled=3C
[   1937] STATUS mode=3 fault=none enc=91 denc=0 sreq=-30 sapplied=-30 crate=-30 uimp=-17345 upos=0 uneg=590 ball=-45.35 vball=-0.19 aball=-1.0 bref=0.00 pid=-30.0 apid=-0.4 integ=-0.0 vision=1 current=1 vframe=27208 vs=1 vage=25 vpage=25 vdt=100 vmax=13390 vacc=26446 vrej=0 seq=0 elapsed=0 oled=3C
[   1968] STATUS mode=3 fault=none enc=91 denc=0 sreq=-30 sapplied=-30 crate=-30 uimp=-17945 upos=0 uneg=610 ball=-45.36 vball=-0.12 aball=-1.0 bref=0.00 pid=-30.0 apid=-0.4 integ=-0.0 vision=1 current=1 vframe=27209 vs=1 vage=12 vpage=12 vdt=33 vmax=13390 vacc=26447 vrej=0 seq=0 elapsed=0 oled=3C
[   1984] STATUS mode=3 fault=none enc=90 denc=0 sreq=-30 sapplied=-30 crate=-30 uimp=-18545 upos=0 uneg=630 ball=-45.36 vball=-0.12 aball=-1.0 bref=0.00 pid=-30.0 apid=-0.4 integ=-0.0 vision=1 current=1 vframe=27209 vs=1 vage=32 vpage=32 vdt=33 vmax=13390 vacc=26447 vrej=0 seq=0 elapsed=0 oled=3C
[   2016] STATUS mode=3 fault=none enc=89 denc=0 sreq=-30 sapplied=-30 crate=-30 uimp=-19745 upos=0 uneg=670 ball=-45.35 vball=-0.06 aball=-1.0 bref=0.00 pid=-30.0 apid=-0.4 integ=-0.0 vision=1 current=1 vframe=27210 vs=1 vage=38 vpage=38 vdt=34 vmax=13390 vacc=26448 vrej=0 seq=0 elapsed=0 oled=3C
[   2046] STATUS mode=3 fault=none enc=88 denc=0 sreq=-30 sapplied=-30 crate=-30 uimp=-20345 upos=0 uneg=690 ball=-45.35 vball=-0.06 aball=-1.0 bref=0.00 pid=-30.0 apid=-0.4 integ=-0.0 vision=1 current=1 vframe=27210 vs=1 vage=58 vpage=58 vdt=34 vmax=13390 vacc=26448 vrej=0 seq=0 elapsed=0 oled=3C
[   2062] STATUS mode=3 fault=none enc=87 denc=0 sreq=-30 sapplied=-30 crate=-30 uimp=-20945 upos=0 uneg=710 ball=-45.35 vball=-0.06 aball=-1.0 bref=0.00 pid=-30.0 apid=-0.4 integ=-0.0 vision=1 current=1 vframe=27210 vs=1 vage=78 vpage=78 vdt=34 vmax=13390 vacc=26448 vrej=0 seq=0 elapsed=0 oled=3C
[   2093] STATUS mode=3 fault=none enc=87 denc=0 sreq=-30 sapplied=-30 crate=-30 uimp=-21545 upos=0 uneg=730 ball=-45.35 vball=-0.06 aball=-1.0 bref=0.00 pid=-30.0 apid=-0.4 integ=-0.0 vision=1 current=1 vframe=27210 vs=1 vage=98 vpage=98 vdt=34 vmax=13390 vacc=26448 vrej=0 seq=0 elapsed=0 oled=3C
[   2125] STATUS mode=3 fault=none enc=85 denc=0 sreq=-30 sapplied=-30 crate=-30 uimp=-22745 upos=0 uneg=770 ball=-45.31 vball=0.61 aball=-0.1 bref=0.00 pid=-30.0 apid=-0.0 integ=-0.0 vision=1 current=1 vframe=27212 vs=1 vage=5 vpage=5 vdt=31 vmax=13390 vacc=26450 vrej=0 seq=0 elapsed=0 oled=3C
[   2141] STATUS mode=3 fault=none enc=84 denc=0 sreq=-30 sapplied=-30 crate=-30 uimp=-23345 upos=0 uneg=790 ball=-45.31 vball=0.61 aball=-0.1 bref=0.00 pid=-30.0 apid=-0.0 integ=-0.0 vision=1 current=1 vframe=27212 vs=1 vage=25 vpage=25 vdt=31 vmax=13390 vacc=26450 vrej=0 seq=0 elapsed=0 oled=3C
[   2171] STATUS mode=3 fault=none enc=83 denc=-1 sreq=-30 sapplied=-30 crate=-30 uimp=-23945 upos=0 uneg=810 ball=-45.29 vball=0.65 aball=-0.1 bref=0.00 pid=-30.0 apid=-0.0 integ=-0.0 vision=1 current=1 vframe=27213 vs=1 vage=13 vpage=13 vdt=32 vmax=13390 vacc=26451 vrej=0 seq=0 elapsed=0 oled=3C
[   2187] STATUS mode=3 fault=none enc=83 denc=0 sreq=-30 sapplied=-30 crate=-30 uimp=-24545 upos=0 uneg=830 ball=-45.29 vball=0.65 aball=-0.1 bref=0.00 pid=-30.0 apid=-0.0 integ=-0.0 vision=1 current=1 vframe=27213 vs=1 vage=33 vpage=33 vdt=32 vmax=13390 vacc=26451 vrej=0 seq=0 elapsed=0 oled=3C
[   2218] STATUS mode=3 fault=none enc=82 denc=0 sreq=-30 sapplied=-30 crate=-30 uimp=-25745 upos=0 uneg=870 ball=-45.29 vball=0.65 aball=-0.1 bref=0.00 pid=-30.0 apid=-0.0 integ=-0.0 vision=1 current=1 vframe=27213 vs=1 vage=73 vpage=73 vdt=32 vmax=13390 vacc=26451 vrej=0 seq=0 elapsed=0 oled=3C
[   2250] STATUS mode=3 fault=none enc=80 denc=0 sreq=-30 sapplied=-30 crate=-30 uimp=-26345 upos=0 uneg=890 ball=-45.29 vball=0.65 aball=-0.1 bref=0.00 pid=-30.0 apid=-0.0 integ=-0.0 vision=1 current=1 vframe=27213 vs=1 vage=93 vpage=93 vdt=32 vmax=13390 vacc=26451 vrej=0 seq=0 elapsed=0 oled=3C
[   2266] STATUS mode=3 fault=none enc=79 denc=-1 sreq=-30 sapplied=-30 crate=-30 uimp=-26945 upos=0 uneg=910 ball=-45.34 vball=0.18 aball=0.5 bref=0.00 pid=-30.0 apid=0.2 integ=-0.0 vision=1 current=1 vframe=27214 vs=1 vage=9 vpage=9 vdt=104 vmax=13390 vacc=26452 vrej=0 seq=0 elapsed=0 oled=3C
[   2296] STATUS mode=3 fault=none enc=79 denc=0 sreq=-30 sapplied=-30 crate=-30 uimp=-27545 upos=0 uneg=930 ball=-45.34 vball=0.18 aball=0.5 bref=0.00 pid=-30.0 apid=0.2 integ=-0.0 vision=1 current=1 vframe=27214 vs=1 vage=29 vpage=29 vdt=104 vmax=13390 vacc=26452 vrej=0 seq=0 elapsed=0 oled=3C
[   2312] STATUS mode=3 fault=none enc=78 denc=0 sreq=-30 sapplied=-30 crate=-30 uimp=-28745 upos=0 uneg=970 ball=-45.38 vball=-0.28 aball=0.5 bref=0.00 pid=-30.0 apid=0.2 integ=-0.0 vision=1 current=1 vframe=27216 vs=1 vage=5 vpage=5 vdt=33 vmax=13390 vacc=26454 vrej=0 seq=0 elapsed=0 oled=3C
[   2343] STATUS mode=3 fault=none enc=76 denc=0 sreq=-30 sapplied=-30 crate=-30 uimp=-29345 upos=0 uneg=990 ball=-45.38 vball=-0.28 aball=0.5 bref=0.00 pid=-30.0 apid=0.2 integ=-0.0 vision=1 current=1 vframe=27216 vs=1 vage=25 vpage=25 vdt=33 vmax=13390 vacc=26454 vrej=0 seq=0 elapsed=0 oled=3C
[   2375] STATUS mode=3 fault=none enc=75 denc=-1 sreq=-30 sapplied=-30 crate=-30 uimp=-29945 upos=0 uneg=1010 ball=-45.38 vball=-0.28 aball=0.5 bref=0.00 pid=-30.0 apid=0.2 integ=-0.0 vision=1 current=1 vframe=27216 vs=1 vage=45 vpage=45 vdt=33 vmax=13390 vacc=26454 vrej=0 seq=0 elapsed=0 oled=3C
[   2391] STATUS mode=3 fault=none enc=75 denc=0 sreq=-30 sapplied=-30 crate=-30 uimp=-30545 upos=0 uneg=1030 ball=-45.38 vball=-0.28 aball=0.5 bref=0.00 pid=-30.0 apid=0.2 integ=-0.0 vision=1 current=1 vframe=27216 vs=1 vage=65 vpage=65 vdt=33 vmax=13390 vacc=26454 vrej=0 seq=0 elapsed=0 oled=3C
[   2421] STATUS mode=3 fault=none enc=74 denc=0 sreq=-30 sapplied=-30 crate=-30 uimp=-31745 upos=0 uneg=1070 ball=-45.38 vball=-0.28 aball=0.5 bref=0.00 pid=-30.0 apid=0.2 integ=-0.0 vision=1 current=1 vframe=27216 vs=1 vage=105 vpage=105 vdt=33 vmax=13390 vacc=26454 vrej=0 seq=0 elapsed=0 oled=3C
[   2437] STATUS mode=3 fault=none enc=72 denc=0 sreq=-30 sapplied=-30 crate=-30 uimp=-32345 upos=0 uneg=1090 ball=-45.37 vball=-0.09 aball=-0.4 bref=0.00 pid=-30.0 apid=-0.2 integ=-0.0 vision=1 current=1 vframe=27217 vs=1 vage=14 vpage=14 vdt=111 vmax=13390 vacc=26455 vrej=0 seq=0 elapsed=0 oled=3C
[   2468] STATUS mode=3 fault=none enc=71 denc=-1 sreq=-30 sapplied=-30 crate=-30 uimp=-32945 upos=0 uneg=1110 ball=-45.34 vball=0.50 aball=-0.4 bref=0.00 pid=-30.0 apid=-0.2 integ=-0.0 vision=1 current=1 vframe=27218 vs=1 vage=12 vpage=12 vdt=22 vmax=13390 vacc=26456 vrej=0 seq=0 elapsed=0 oled=3C
[   2500] STATUS mode=3 fault=none enc=71 denc=0 sreq=-30 sapplied=-30 crate=-30 uimp=-33545 upos=0 uneg=1130 ball=-45.34 vball=0.50 aball=-0.4 bref=0.00 pid=-30.0 apid=-0.2 integ=-0.0 vision=1 current=1 vframe=27218 vs=1 vage=32 vpage=32 vdt=22 vmax=13390 vacc=26456 vrej=0 seq=0 elapsed=0 oled=3C
[   2516] STATUS mode=3 fault=none enc=70 denc=0 sreq=-30 sapplied=-30 crate=-30 uimp=-34745 upos=0 uneg=1170 ball=-45.34 vball=0.36 aball=-0.4 bref=0.00 pid=-30.0 apid=-0.2 integ=-0.0 vision=1 current=1 vframe=27219 vs=1 vage=39 vpage=39 vdt=33 vmax=13390 vacc=26457 vrej=0 seq=0 elapsed=0 oled=3C
[   2546] STATUS mode=3 fault=none enc=69 denc=0 sreq=-30 sapplied=-30 crate=-30 uimp=-35345 upos=0 uneg=1190 ball=-45.34 vball=0.36 aball=-0.4 bref=0.00 pid=-30.0 apid=-0.2 integ=-0.0 vision=1 current=1 vframe=27219 vs=1 vage=59 vpage=59 vdt=33 vmax=13390 vacc=26457 vrej=0 seq=0 elapsed=0 oled=3C
[   2562] STATUS mode=3 fault=none enc=68 denc=-1 sreq=-30 sapplied=-30 crate=-30 uimp=-35945 upos=0 uneg=1210 ball=-45.34 vball=0.36 aball=-0.4 bref=0.00 pid=-30.0 apid=-0.2 integ=-0.0 vision=1 current=1 vframe=27219 vs=1 vage=79 vpage=79 vdt=33 vmax=13390 vacc=26457 vrej=0 seq=0 elapsed=0 oled=3C
[   2593] STATUS mode=3 fault=none enc=67 denc=-1 sreq=-30 sapplied=-30 crate=-30 uimp=-36545 upos=0 uneg=1230 ball=-45.34 vball=0.36 aball=-0.4 bref=0.00 pid=-30.0 apid=-0.2 integ=-0.0 vision=1 current=1 vframe=27219 vs=1 vage=99 vpage=99 vdt=33 vmax=13390 vacc=26457 vrej=0 seq=0 elapsed=0 oled=3C
[   2625] STATUS mode=3 fault=none enc=66 denc=0 sreq=-28 sapplied=-28 crate=-28 uimp=-37745 upos=0 uneg=1270 ball=-45.22 vball=1.32 aball=1.3 bref=0.00 pid=-27.7 apid=0.5 integ=-0.0 vision=1 current=1 vframe=27221 vs=1 vage=4 vpage=4 vdt=34 vmax=13390 vacc=26459 vrej=0 seq=0 elapsed=0 oled=3C
[   2641] STATUS mode=3 fault=none enc=65 denc=0 sreq=-28 sapplied=-28 crate=-28 uimp=-38305 upos=0 uneg=1290 ball=-45.22 vball=1.32 aball=1.3 bref=0.00 pid=-27.7 apid=0.5 integ=-0.0 vision=1 current=1 vframe=27221 vs=1 vage=24 vpage=24 vdt=34 vmax=13390 vacc=26459 vrej=0 seq=0 elapsed=0 oled=3C
[   2671] STATUS mode=3 fault=none enc=65 denc=1 sreq=-30 sapplied=-30 crate=-30 uimp=-38885 upos=0 uneg=1310 ball=-45.22 vball=0.77 aball=1.3 bref=0.00 pid=-30.0 apid=0.5 integ=-0.0 vision=1 current=1 vframe=27222 vs=1 vage=11 vpage=11 vdt=33 vmax=13390 vacc=26460 vrej=0 seq=0 elapsed=0 oled=3C
[   2687] STATUS mode=3 fault=none enc=63 denc=0 sreq=-30 sapplied=-30 crate=-30 uimp=-39485 upos=0 uneg=1330 ball=-45.22 vball=0.77 aball=1.3 bref=0.00 pid=-30.0 apid=0.5 integ=-0.0 vision=1 current=1 vframe=27222 vs=1 vage=31 vpage=31 vdt=33 vmax=13390 vacc=26460 vrej=0 seq=0 elapsed=0 oled=3C
[   2718] STATUS mode=3 fault=none enc=62 denc=0 sreq=-30 sapplied=-30 crate=-30 uimp=-40685 upos=0 uneg=1370 ball=-45.22 vball=0.77 aball=1.3 bref=0.00 pid=-30.0 apid=0.5 integ=-0.0 vision=1 current=1 vframe=27222 vs=1 vage=71 vpage=71 vdt=33 vmax=13390 vacc=26460 vrej=0 seq=0 elapsed=0 oled=3C
[   2750] STATUS mode=3 fault=none enc=61 denc=0 sreq=-30 sapplied=-30 crate=-30 uimp=-41285 upos=0 uneg=1390 ball=-45.22 vball=0.77 aball=1.3 bref=0.00 pid=-30.0 apid=0.5 integ=-0.0 vision=1 current=1 vframe=27222 vs=1 vage=91 vpage=91 vdt=33 vmax=13390 vacc=26460 vrej=0 seq=0 elapsed=0 oled=3C
[   2766] STATUS mode=3 fault=none enc=61 denc=1 sreq=-30 sapplied=-30 crate=-30 uimp=-41885 upos=0 uneg=1410 ball=-45.22 vball=0.77 aball=1.3 bref=0.00 pid=-30.0 apid=0.5 integ=-0.0 vision=1 current=1 vframe=27222 vs=1 vage=111 vpage=111 vdt=33 vmax=13390 vacc=26460 vrej=0 seq=0 elapsed=0 oled=3C
[   2796] STATUS mode=3 fault=none enc=58 denc=-1 sreq=-30 sapplied=-30 crate=-30 uimp=-43085 upos=0uneg=1430 ball=-45.22 vball=0.77 aball=1.3 bref=0.00 pid=-30.0 apid=0.5 integ=-0.0 vision=1 current=1 vframe=27222 vs=1 vage=131 vpage=131 vdt=33 vmax=13390 vacc=26460 vrej=0 seq=0 elapsed=0 oled=3C
[   2812] STATUS mode=3 fault=none enc=58 denc=0 sreq=-26 sapplied=-26 crate=-26 uimp=-43685 upos=0 uneg=1470 ball=-44.93 vball=5.84 aball=0.6 bref=0.00 pid=-0.7 apid=0.2 integ=-0.0 vision=1 current=1 vframe=27224 vs=1 vage=5 vpage=5 vdt=23 vmax=13390 vacc=26462 vrej=0 seq=0 elapsed=0 oled=3C
[   2843] STATUS mode=3 fault=none enc=57 denc=0 sreq=0 sapplied=0 crate=-11 uimp=-43930 upos=0 uneg=1480 ball=-44.93 vball=5.84 aball=0.6 bref=0.00 pid=-0.7 apid=0.2 integ=-0.0 vision=1 current=1 vframe=27224 vs=1 vage=25 vpage=25 vdt=23 vmax=13390 vacc=26462 vrej=0 seq=0 elapsed=0 oled=3C
[   2875] STATUS mode=3 fault=none enc=57 denc=0 sreq=0 sapplied=0 crate=-8 uimp=-43930 upos=0 uneg=1480 ball=-44.82 vball=4.64 aball=0.6 bref=0.00 pid=-7.8 apid=0.2 integ=-0.0 vision=1 current=1 vframe=27225 vs=1 vage=12 vpage=12 vdt=33 vmax=13390 vacc=26463 vrej=0 seq=0 elapsed=0 oled=3C
[   2891] STATUS mode=3 fault=none enc=57 denc=0 sreq=0 sapplied=0 crate=-8 uimp=-43930 upos=0 uneg=1480 ball=-44.82 vball=4.64 aball=0.6 bref=0.00 pid=-7.8 apid=0.2 integ=-0.0 vision=1 current=1 vframe=27225 vs=1 vage=32 vpage=32 vdt=33 vmax=13390 vacc=26463 vrej=0 seq=0 elapsed=0 oled=3C
[   2921] STATUS mode=3 fault=none enc=57 denc=0 sreq=0 sapplied=0 crate=-8 uimp=-43930 upos=0 uneg=1480 ball=-44.82 vball=4.64 aball=0.6 bref=0.00 pid=-7.8 apid=0.2 integ=-0.0 vision=1 current=1 vframe=27225 vs=1 vage=72 vpage=72 vdt=33 vmax=13390 vacc=26463 vrej=0 seq=0 elapsed=0 oled=3C
[   2937] STATUS mode=3 fault=none enc=57 denc=0 sreq=0 sapplied=0 crate=-8 uimp=-43930 upos=0 uneg=1480 ball=-44.82 vball=4.64 aball=0.6 bref=0.00 pid=-7.8 apid=0.2 integ=-0.0 vision=1 current=1 vframe=27225 vs=1 vage=92 vpage=92 vdt=33 vmax=13390 vacc=26463 vrej=0 seq=0 elapsed=0 oled=3C
[   2968] STATUS mode=3 fault=none enc=57 denc=0 sreq=0 sapplied=0 crate=-19 uimp=-43930 upos=0 uneg=1480 ball=-45.14 vball=-0.65 aball=-2.7 bref=0.00 pid=-30.0 apid=-1.1 integ=-0.0 vision=1 current=1 vframe=27226 vs=1 vage=13 vpage=13 vdt=99 vmax=13390 vacc=26464 vrej=0 seq=0 elapsed=0 oled=3C
[   3000] STATUS mode=3 fault=none enc=57 denc=0 sreq=-30 sapplied=-30 crate=-30 uimp=-44330 upos=0 uneg=1495 ball=-45.14 vball=-0.65 aball=-2.7 bref=0.00 pid=-30.0 apid=-1.1 integ=-0.0 vision=1 current=1 vframe=27226 vs=1 vage=33 vpage=33 vdt=99 vmax=13390 vacc=26464 vrej=0 seq=0 elapsed=0 oled=3C
[   3016] STATUS mode=3 fault=none enc=56 denc=1 sreq=-30 sapplied=-30 crate=-30 uimp=-45530 upos=0 uneg=1535 ball=-45.17 vball=-0.71 aball=-2.7 bref=0.00 pid=-30.0 apid=-1.1 integ=-0.0 vision=1 current=1 vframe=27227 vs=1 vage=38 vpage=38 vdt=35 vmax=13390 vacc=26465 vrej=0 seq=0 elapsed=0 oled=3C
[   3046] STATUS mode=3 fault=none enc=54 denc=-1 sreq=-30 sapplied=-30 crate=-30 uimp=-46130 upos=0 uneg=1555 ball=-45.17 vball=-0.71 aball=-2.7 bref=0.00 pid=-30.0 apid=-1.1 integ=-0.0 vision=1 current=1 vframe=27227 vs=1 vage=58 vpage=58 vdt=35 vmax=13390 vacc=26465 vrej=0 seq=0 elapsed=0 oled=3C
[   3062] STATUS mode=3 fault=none enc=54 denc=0 sreq=-30 sapplied=-30 crate=-30 uimp=-46730 upos=0 uneg=1575 ball=-45.17 vball=-0.71 aball=-2.7 bref=0.00 pid=-30.0 apid=-1.1 integ=-0.0 vision=1 current=1 vframe=27227 vs=1 vage=78 vpage=78 vdt=35 vmax=13390 vacc=26465 vrej=0 seq=0 elapsed=0 oled=3C
[   3093] STATUS mode=3 fault=none enc=53 denc=0 sreq=-30 sapplied=-30 crate=-30 uimp=-47330 upos=0 uneg=1595 ball=-45.17 vball=-0.71 aball=-2.7 bref=0.00 pid=-30.0 apid=-1.1 integ=-0.0 vision=1 current=1 vframe=27227 vs=1 vage=98 vpage=98 vdt=35 vmax=13390 vacc=26465 vrej=0 seq=0 elapsed=0 oled=3C
[   3125] STATUS mode=3 fault=none enc=52 denc=0 sreq=-30 sapplied=-30 crate=-30 uimp=-48530 upos=0 uneg=1635 ball=-45.18 vball=-0.28 aball=-0.6 bref=0.00 pid=-30.0 apid=-0.2 integ=-0.0 vision=1 current=1 vframe=27229 vs=1 vage=23 vpage=23 vdt=8 vmax=13390 vacc=26467 vrej=0 seq=0 elapsed=0 oled=3C
[   3141] STATUS mode=3 fault=none enc=50 denc=-1 sreq=-30 sapplied=-30 crate=-30 uimp=-49130 upos=0 uneg=1655 ball=-45.17 vball=-0.03 aball=-0.6 bref=0.00 pid=-30.0 apid=-0.2 integ=-0.0 vision=1 current=1 vframe=27230 vs=1 vage=10 vpage=10 vdt=33 vmax=13390 vacc=26468 vrej=0 seq=0 elapsed=0 oled=3C
[   3171] STATUS mode=3 fault=none enc=51 denc=0 sreq=-30 sapplied=-30 crate=-30 uimp=-49730 upos=0 uneg=1675 ball=-45.17 vball=-0.03 aball=-0.6 bref=0.00 pid=-30.0 apid=-0.2 integ=-0.0 vision=1 current=1 vframe=27230 vs=1 vage=30 vpage=30 vdt=33 vmax=13390 vacc=26468 vrej=0 seq=0 elapsed=0 oled=3C
[   3187] STATUS mode=3 fault=none enc=50 denc=0 sreq=-30 sapplied=-30 crate=-30 uimp=-50330 upos=0 uneg=1695 ball=-45.17 vball=-0.00 aball=-0.6 bref=0.00 pid=-30.0 apid=-0.2 integ=-0.0 vision=1 current=1 vframe=27231 vs=1 vage=17 vpage=17 vdt=33 vmax=13390 vacc=26469 vrej=0 seq=0 elapsed=0 oled=3C
[   3218] STATUS mode=3 fault=none enc=48 denc=-1 sreq=-30 sapplied=-30 crate=-30 uimp=-51530 upos=0 uneg=1735 ball=-45.17 vball=-0.00 aball=-0.6 bref=0.00 pid=-30.0 apid=-0.2 integ=-0.0 vision=1 current=1 vframe=27231 vs=1 vage=57 vpage=57 vdt=33 vmax=13390 vacc=26469 vrej=0 seq=0 elapsed=0 oled=3C
[   3250] STATUS mode=3 fault=none enc=48 denc=0 sreq=-30 sapplied=-30 crate=-30 uimp=-52130 upos=0 uneg=1755 ball=-45.17 vball=-0.00 aball=-0.6 bref=0.00 pid=-30.0 apid=-0.2 integ=-0.0 vision=1 current=1 vframe=27231 vs=1 vage=77 vpage=77 vdt=33 vmax=13390 vacc=26469 vrej=0 seq=0 elapsed=0 oled=3C
[   3266] STATUS mode=3 fault=none enc=47 denc=0 sreq=-30 sapplied=-30 crate=-30 uimp=-52730 upos=0 uneg=1775 ball=-45.17 vball=0.00 aball=0.7 bref=0.00 pid=-30.0 apid=0.3 integ=-0.0 vision=1 current=1 vframe=27232 vs=1 vage=3 vpage=3 vdt=94 vmax=13390 vacc=26470 vrej=0 seq=0 elapsed=0 oled=3C
[   3296] STATUS mode=3 fault=none enc=45 denc=-1 sreq=-30 sapplied=-30 crate=-30 uimp=-53930 upos=0 uneg=1815 ball=-45.17 vball=0.00 aball=0.7 bref=0.00 pid=-30.0 apid=0.3 integ=-0.0 vision=1 current=1 vframe=27233 vs=1 vage=23 vpage=23 vdt=20 vmax=13390 vacc=26471 vrej=0 seq=0 elapsed=0 oled=3C
[   3327] STATUS mode=3 fault=none enc=44 denc=-1 sreq=-30 sapplied=-30 crate=-30 uimp=-54530 upos=0 uneg=1835 ball=-45.17 vball=0.00 aball=0.7 bref=0.00 pid=-30.0 apid=0.3 integ=-0.0 vision=1 current=1 vframe=27234 vs=1 vage=8 vpage=8 vdt=35 vmax=13390 vacc=26472 vrej=0 seq=0 elapsed=0 oled=3C
[   3343] STATUS mode=3 fault=none enc=44 denc=0 sreq=-30 sapplied=-30 crate=-30 uimp=-55130 upos=0 uneg=1855 ball=-45.17 vball=0.00 aball=0.7 bref=0.00 pid=-30.0 apid=0.3 integ=-0.0 vision=1 current=1 vframe=27234 vs=1 vage=28 vpage=28 vdt=35 vmax=13390 vacc=26472 vrej=0 seq=0 elapsed=0 oled=3C
[   3375] STATUS mode=3 fault=none enc=43 denc=0 sreq=-30 sapplied=-30 crate=-30 uimp=-55730 upos=0 uneg=1875 ball=-45.17 vball=0.00 aball=0.7 bref=0.00 pid=-30.0 apid=0.3 integ=-0.0 vision=1 current=1 vframe=27234 vs=1 vage=48 vpage=48 vdt=35 vmax=13390 vacc=26472 vrej=0 seq=0 elapsed=0 oled=3C
[   3391] STATUS mode=3 fault=none enc=41 denc=-1 sreq=-30 sapplied=-30 crate=-30 uimp=-56930 upos=0 uneg=1915 ball=-45.17 vball=0.00 aball=0.7 bref=0.00 pid=-30.0 apid=0.3 integ=-0.0 vision=1 current=1 vframe=27234 vs=1 vage=88 vpage=88 vdt=35 vmax=13390 vacc=26472 vrej=0 seq=0 elapsed=0 oled=3C
[   3421] STATUS mode=3 fault=none enc=41 denc=0 sreq=-30 sapplied=-30 crate=-30 uimp=-57530 upos=0 uneg=1935 ball=-45.20 vball=-0.13 aball=-0.0 bref=0.00 pid=-30.0 apid=-0.0 integ=-0.0 vision=1 current=1 vframe=27235 vs=1 vage=14 vpage=14 vdt=94 vmax=13390 vacc=26473 vrej=0 seq=0 elapsed=0 oled=3C
[   3452] STATUS mode=3 fault=none enc=40 denc=0 sreq=-30 sapplied=-30 crate=-30 uimp=-58130 upos=0 uneg=1955 ball=-45.22 vball=-0.45 aball=-0.0 bref=0.00 pid=-30.0 apid=-0.0 integ=-0.0 vision=1 current=1 vframe=27236 vs=1 vage=12 vpage=12 vdt=22 vmax=13390 vacc=26474 vrej=0 seq=0 elapsed=0 oled=3C
[   3468] STATUS mode=3 fault=none enc=40 denc=1 sreq=-30 sapplied=-30 crate=-30 uimp=-58730 upos=0 uneg=1975 ball=-45.22 vball=-0.45 aball=-0.0 bref=0.00 pid=-30.0 apid=-0.0 integ=-0.0 vision=1 current=1 vframe=27236 vs=1 vage=32 vpage=32 vdt=22 vmax=13390 vacc=26474 vrej=0 seq=0 elapsed=0 oled=3C
[   3500] STATUS mode=3 fault=none enc=37 denc=-1 sreq=-30 sapplied=-30 crate=-30 uimp=-59930 upos=0 uneg=2015 ball=-45.20 vball=0.07 aball=-0.0 bref=0.00 pid=-30.0 apid=-0.0 integ=-0.0 vision=1 current=1 vframe=27243 vs=1 vage=39 vpage=39 vdt=33 vmax=13390 vacc=26481 vrej=0 seq=0 elapsed=0 oled=3C
[   3516] STATUS mode=3 fault=none enc=37 denc=0 sreq=-30 sapplied=-30 crate=-30 uimp=-60530 upos=0 uneg=2035 ball=-45.20 vball=0.07 aball=-0.0 bref=0.00 pid=-30.0 apid=-0.0 integ=-0.0 vision=1 current=1 vframe=27243 vs=1 vage=59 vpage=59 vdt=33 vmax=13390 vacc=26481 vrej=0 seq=0 elapsed=0 oled=3C
[   3546] STATUS mode=3 fault=none enc=36 denc=0 sreq=-30 sapplied=-30 crate=-30 uimp=-61130 upos=0 uneg=2055 ball=-45.20 vball=0.07 aball=-0.0 bref=0.00 pid=-30.0 apid=-0.0 integ=-0.0 vision=1 current=1 vframe=27243 vs=1 vage=79 vpage=79 vdt=33 vmax=13390 vacc=26481 vrej=0 seq=0 elapsed=0 oled=3C
[   3577] STATUS mode=3 fault=none enc=36 denc=0 sreq=-30 sapplied=-30 crate=-30 uimp=-61730 upos=0 uneg=2075 ball=-45.19 vball=0.15 aball=0.8 bref=0.00 pid=-30.0 apid=0.3 integ=-0.0 vision=1 current=1 vframe=27244 vs=1 vage=4 vpage=4 vdt=95 vmax=13390 vacc=26482 vrej=0 seq=0 elapsed=0 oled=3C
[   3593] STATUS mode=3 fault=none enc=33 denc=1 sreq=0 sapplied=0 crate=-14 uimp=-62575 upos=0 uneg=2105 ball=-45.00 vball=3.56 aball=0.8 bref=0.00 pid=-14.3 apid=0.3 integ=-0.0 vision=1 current=1 vframe=27245 vs=1 vage=23 vpage=23 vdt=21 vmax=13390 vacc=26483 vrej=0 seq=0 elapsed=0 oled=3C
[   3625] STATUS mode=3 fault=none enc=33 denc=0 sreq=0 sapplied=0 crate=-19 uimp=-62575 upos=0 uneg=2105 ball=-44.92 vball=2.81 aball=0.8 bref=0.00 pid=-18.7 apid=0.3 integ=-0.0 vision=1 current=1 vframe=27246 vs=1 vage=8 vpage=8 vdt=35 vmax=13390 vacc=26484 vrej=0 seq=0 elapsed=0 oled=3C
[   3641] STATUS mode=3 fault=none enc=33 denc=0 sreq=0 sapplied=0 crate=-19 uimp=-62575 upos=0 uneg=2105 ball=-44.92 vball=2.81 aball=0.8 bref=0.00 pid=-18.7 apid=0.3 integ=-0.0 vision=1 current=1 vframe=27246 vs=1 vage=28 vpage=28 vdt=35 vmax=13390 vacc=26484 vrej=0 seq=0 elapsed=0 oled=3C
[   3671] STATUS mode=3 fault=none enc=33 denc=0 sreq=0 sapplied=0 crate=-19 uimp=-62575 upos=0 uneg=2105 ball=-44.92 vball=2.81 aball=0.8 bref=0.00 pid=-18.7 apid=0.3 integ=-0.0 vision=1 current=1 vframe=27246 vs=1 vage=48 vpage=48 vdt=35 vmax=13390 vacc=26484 vrej=0 seq=0 elapsed=0 oled=3C
[   3687] STATUS mode=3 fault=none enc=33 denc=0 sreq=0 sapplied=0 crate=-19 uimp=-62575 upos=0 uneg=2105 ball=-44.92 vball=2.81 aball=0.8 bref=0.00 pid=-18.7 apid=0.3 integ=-0.0 vision=1 current=1 vframe=27246 vs=1 vage=88 vpage=88 vdt=35 vmax=13390 vacc=26484 vrej=0 seq=0 elapsed=0 oled=3C
[   3718] STATUS mode=3 fault=none enc=33 denc=0 sreq=0 sapplied=0 crate=-19 uimp=-62575 upos=0 uneg=2105 ball=-44.92 vball=2.81 aball=0.8 bref=0.00 pid=-18.7 apid=0.3 integ=-0.0 vision=1 current=1 vframe=27246 vs=1 vage=108 vpage=108 vdt=35 vmax=13390 vacc=26484 vrej=0 seq=0 elapsed=0 oled=3C
[   3750] STATUS mode=3 fault=none enc=33 denc=0 sreq=-23 sapplied=-23 crate=-23 uimp=-62800 upos=0 uneg=2115 ball=-44.82 vball=1.78 aball=4.8 bref=0.00 pid=-23.3 apid=1.9 integ=-0.0 vision=1 current=1 vframe=27247 vs=1 vage=15 vpage=15 vdt=113 vmax=13390 vacc=26485 vrej=0 seq=0 elapsed=0 oled=3C
[   3766] STATUS mode=3 fault=none enc=33 denc=0 sreq=-29 sapplied=-29 crate=-29 uimp=-63310 upos=0 uneg=2135 ball=-44.82 vball=0.90 aball=4.8 bref=0.00 pid=-28.5 apid=1.9 integ=-0.0 vision=1 current=1 vframe=27248 vs=1 vage=12 vpage=12 vdt=23 vmax=13390 vacc=26486 vrej=0 seq=0 elapsed=0 oled=3C
[   3796] STATUS mode=3 fault=none enc=31 denc=-1 sreq=-29 sapplied=-29 crate=-29 uimp=-63890 upos=0 uneg=2155 ball=-44.82 vball=0.90 aball=4.8 bref=0.00 pid=-28.5 apid=1.9 integ=-0.0 vision=1 current=1 vframe=27248 vs=1 vage=32 vpage=32 vdt=23 vmax=13390 vacc=26486 vrej=0 seq=0 elapsed=0 oled=3C
[   3827] STATUS mode=3 fault=none enc=30 denc=0 sreq=-30 sapplied=-30 crate=-30 uimp=-65085 upos=0 uneg=2195 ball=-44.82 vball=0.42 aball=4.8 bref=0.00 pid=-30.0 apid=1.9 integ=-0.0 vision=1 current=1 vframe=27249 vs=1 vage=40 vpage=40 vdt=32 vmax=13390 vacc=26487 vrej=0 seq=0 elapsed=0 oled=3C
[   3843] STATUS mode=3 fault=none enc=29 denc=0 sreq=-30 sapplied=-30 crate=-30 uimp=-65685 upos=0 uneg=2215 ball=-44.82 vball=0.42 aball=4.8 bref=0.00 pid=-30.0 apid=1.9 integ=-0.0 vision=1 current=1 vframe=27249 vs=1 vage=60 vpage=60 vdt=32 vmax=13390 vacc=26487 vrej=0 seq=0 elapsed=0 oled=3C
[   3875] STATUS mode=3 fault=none enc=29 denc=0 sreq=-30 sapplied=-30 crate=-30 uimp=-66285 upos=0 uneg=2235 ball=-44.82 vball=0.42 aball=4.8 bref=0.00 pid=-30.0 apid=1.9 integ=-0.0 vision=1 current=1 vframe=27249 vs=1 vage=80 vpage=80 vdt=32 vmax=13390 vacc=26487 vrej=0 seq=0 elapsed=0 oled=3C
[   3891] STATUS mode=3 fault=none enc=27 denc=-1 sreq=-30 sapplied=-30 crate=-30 uimp=-67485 upos=0 uneg=2275 ball=-44.78 vball=0.42 aball=4.8 bref=0.00 pid=-30.0 apid=1.9 integ=-0.0 vision=1 current=1 vframe=27249 vs=1 vage=100 vpage=100 vdt=32 vmax=13390 vacc=26487 vrej=0 seq=0 elapsed=0 oled=3C
[   3921] STATUS mode=3 fault=none enc=26 denc=-1 sreq=-30 sapplied=-30 crate=-30 uimp=-68085 upos=0 uneg=2295 ball=-44.74 vball=0.84 aball=-0.8 bref=0.00 pid=-30.0 apid=-0.3 integ=-0.0 vision=1 current=1 vframe=27251 vs=1 vage=5 vpage=5 vdt=32 vmax=13390 vacc=26489 vrej=0 seq=0 elapsed=0 oled=3C
[   3937] STATUS mode=3 fault=none enc=26 denc=1 sreq=-30 sapplied=-30 crate=-30 uimp=-68685 upos=0 uneg=2315 ball=-44.74 vball=0.84 aball=-0.8 bref=0.00 pid=-30.0 apid=-0.3 integ=-0.0 vision=1 current=1 vframe=27251 vs=1 vage=25 vpage=25 vdt=32 vmax=13390 vacc=26489 vrej=0 seq=0 elapsed=0 oled=3C
[   3968] STATUS mode=3 fault=none enc=25 denc=0 sreq=-30 sapplied=-30 crate=-30 uimp=-69285 upos=0 uneg=2335 ball=-44.74 vball=0.45 aball=-0.8 bref=0.00 pid=-30.0 apid=-0.3 integ=-0.0 vision=1 current=1 vframe=27252 vs=1 vage=13 vpage=13 vdt=32 vmax=13390 vacc=26490 vrej=0 seq=0 elapsed=0 oled=3C
[   4000] STATUS mode=3 fault=none enc=23 denc=-1 sreq=-30 sapplied=-30 crate=-30 uimp=-70485 upos=0 uneg=2375 ball=-44.74 vball=0.45 aball=-0.8 bref=0.00 pid=-30.0 apid=-0.3 integ=-0.0 vision=1 current=1 vframe=27252 vs=1 vage=53 vpage=53 vdt=32 vmax=13390 vacc=26490 vrej=0 seq=0 elapsed=0 oled=3C
[   4016] STATUS mode=3 fault=none enc=22 denc=-1 sreq=-30 sapplied=-30 crate=-30 uimp=-71085 upos=0 uneg=2395 ball=-44.74 vball=0.45 aball=-0.8 bref=0.00 pid=-30.0 apid=-0.3 integ=-0.0 vision=1 current=1 vframe=27252 vs=1 vage=73 vpage=73 vdt=32 vmax=13390 vacc=26490 vrej=0 seq=0 elapsed=0 oled=3C
[   4046] STATUS mode=3 fault=none enc=21 denc=0 sreq=-30 sapplied=-30 crate=-30 uimp=-71685 upos=0 uneg=2415 ball=-44.74 vball=0.45 aball=-0.8 bref=0.00 pid=-30.0 apid=-0.3 integ=-0.0 vision=1 current=1 vframe=27252 vs=1 vage=93 vpage=93 vdt=32 vmax=13390 vacc=26490 vrej=0 seq=0 elapsed=0 oled=3C
[   4077] STATUS mode=3 fault=none enc=21 denc=0 sreq=-30 sapplied=-30 crate=-30 uimp=-72285 upos=0 uneg=2435 ball=-44.73 vball=0.25 aball=-1.3 bref=0.00 pid=-30.0 apid=-0.5 integ=-0.0 vision=1 current=1 vframe=27253 vs=1 vage=10 vpage=10 vdt=103 vmax=13390 vacc=26491 vrej=0 seq=0 elapsed=0 oled=3C
[   4093] STATUS mode=3 fault=none enc=19 denc=-1 sreq=-30 sapplied=-30 crate=-30 uimp=-73485 upos=0 uneg=2475 ball=-44.71 vball=0.51 aball=-1.3 bref=0.00 pid=-30.0 apid=-0.5 integ=-0.0 vision=1 current=1 vframe=27254 vs=1 vage=19 vpage=19 vdt=31 vmax=13390 vacc=26492 vrej=0 seq=0 elapsed=0 oled=3C
[   4125] STATUS mode=3 fault=none enc=18 denc=0 sreq=-26 sapplied=-26 crate=-26 uimp=-74085 upos=0 uneg=2495 ball=-44.44 vball=3.74 aball=-1.3 bref=0.00 pid=-13.6 apid=-0.5 integ=-0.0 vision=1 current=1 vframe=27255 vs=1 vage=5 vpage=5 vdt=34 vmax=13390 vacc=26493 vrej=0 seq=0 elapsed=0 oled=3C
[   4141] STATUS mode=3 fault=none enc=17 denc=0 sreq=0 sapplied=0 crate=-14 uimp=-74330 upos=0 uneg=2505 ball=-44.44 vball=3.74 aball=-1.3 bref=0.00 pid=-13.6 apid=-0.5 integ=-0.0 vision=1 current=1 vframe=27255 vs=1 vage=25 vpage=25 vdt=34 vmax=13390 vacc=26493 vrej=0 seq=0 elapsed=0 oled=3C
[   4171] STATUS mode=3 fault=none enc=17 denc=0 sreq=0 sapplied=0 crate=-14 uimp=-74330 upos=0 uneg=2505 ball=-44.44 vball=3.74 aball=-1.3 bref=0.00 pid=-13.6 apid=-0.5 integ=-0.0 vision=1 current=1 vframe=27255 vs=1 vage=45 vpage=45 vdt=34 vmax=13390 vacc=26493 vrej=0 seq=0 elapsed=0 oled=3C
[   4202] STATUS mode=3 fault=none enc=17 denc=0 sreq=0 sapplied=0 crate=-14 uimp=-74330 upos=0 uneg=2505 ball=-44.44 vball=3.74 aball=-1.3 bref=0.00 pid=-13.6 apid=-0.5 integ=-0.0 vision=1 current=1 vframe=27255 vs=1 vage=85 vpage=85 vdt=34 vmax=13390 vacc=26493 vrej=0 seq=0 elapsed=0 oled=3C
[   4218] STATUS mode=3 fault=none enc=17 denc=0 sreq=0 sapplied=0 crate=-14 uimp=-74330 upos=0 uneg=2505 ball=-44.44 vball=3.74 aball=-1.3 bref=0.00 pid=-13.6 apid=-0.5 integ=-0.0 vision=1 current=1 vframe=27255 vs=1 vage=105 vpage=105 vdt=34 vmax=13390 vacc=26493 vrej=0 seq=0 elapsed=0 oled=3C
[   4250] STATUS mode=3 fault=none enc=17 denc=0 sreq=0 sapplied=0 crate=-19 uimp=-74330 upos=0 uneg=2505 ball=-44.34 vball=2.42 aball=4.8 bref=0.00 pid=-19.0 apid=1.9 integ=-0.0 vision=1 current=1 vframe=27256 vs=1 vage=15 vpage=15 vdt=110 vmax=13390 vacc=26494 vrej=0 seq=0 elapsed=0 oled=3C
[   4266] STATUS mode=3 fault=none enc=17 denc=0 sreq=-30 sapplied=-30 crate=-30 uimp=-74580 upos=0 uneg=2515 ball=-44.41 vball=-0.08 aball=4.8 bref=0.00 pid=-30.0 apid=1.9 integ=-0.0 vision=1 current=1 vframe=27257 vs=1 vage=12 vpage=12 vdt=23 vmax=13390 vacc=26495 vrej=0 seq=0 elapsed=0 oled=3C
[   4296] STATUS mode=3 fault=none enc=16 denc=0 sreq=-30 sapplied=-30 crate=-30 uimp=-75780 upos=0 uneg=2555 ball=-44.42 vball=-0.18 aball=4.8 bref=0.00 pid=-30.0 apid=1.9 integ=-0.0 vision=1 current=1 vframe=27258 vs=1 vage=19 vpage=19 vdt=33 vmax=13390 vacc=26496 vrej=0 seq=0 elapsed=0 oled=3C
[   4327] STATUS mode=3 fault=none enc=15 denc=-1 sreq=-30 sapplied=-30 crate=-30 uimp=-76380 upos=0 uneg=2575 ball=-44.42 vball=-0.18 aball=4.8 bref=0.00 pid=-30.0 apid=1.9 integ=-0.0 vision=1 current=1 vframe=27258 vs=1 vage=39 vpage=39 vdt=33 vmax=13390 vacc=26496 vrej=0 seq=0 elapsed=0 oled=3C
[   4343] STATUS mode=3 fault=none enc=15 denc=1 sreq=-30 sapplied=-30 crate=-30 uimp=-76980 upos=0 uneg=2595 ball=-44.42 vball=-0.18 aball=4.8 bref=0.00 pid=-30.0 apid=1.9 integ=-0.0 vision=1 current=1 vframe=27258 vs=1 vage=59 vpage=59 vdt=33 vmax=13390 vacc=26496 vrej=0 seq=0 elapsed=0 oled=3C
[   4375] STATUS mode=3 fault=none enc=13 denc=0 sreq=-30 sapplied=-30 crate=-30 uimp=-77580 upos=0 uneg=2615 ball=-44.42 vball=-0.18 aball=4.8 bref=0.00 pid=-30.0 apid=1.9 integ=-0.0 vision=1 current=1 vframe=27258 vs=1 vage=79 vpage=79 vdt=33 vmax=13390 vacc=26496 vrej=0 seq=0 elapsed=0 oled=3C
[   4391] STATUS mode=3 fault=none enc=12 denc=0 sreq=-30 sapplied=-30 crate=-30 uimp=-78780 upos=0 uneg=2655 ball=-44.42 vball=-0.11 aball=-4.3 bref=0.00 pid=-30.0 apid=-1.7 integ=-0.0 vision=1 current=1 vframe=27259 vs=1 vage=11 vpage=11 vdt=108 vmax=13390 vacc=26497 vrej=0 seq=0 elapsed=0 oled=3C
[   4421] STATUS mode=3 fault=none enc=11 denc=-1 sreq=-30 sapplied=-30 crate=-30 uimp=-79380 upos=0 uneg=2675 ball=-44.42 vball=-0.01 aball=-4.3 bref=0.00 pid=-30.0 apid=-1.7 integ=-0.0 vision=1 current=1 vframe=27260 vs=1 vage=6 vpage=6 vdt=25 vmax=13390 vacc=26498 vrej=0 seq=0 elapsed=0 oled=3C
[   4452] STATUS mode=3 fault=none enc=11 denc=0 sreq=-30 sapplied=-30 crate=-30 uimp=-79980 upos=0 uneg=2695 ball=-44.42 vball=-0.01 aball=-4.3 bref=0.00 pid=-30.0 apid=-1.7 integ=-0.0 vision=1 current=1 vframe=27260 vs=1 vage=26 vpage=26 vdt=25 vmax=13390 vacc=26498 vrej=0 seq=0 elapsed=0 oled=3C
[   4468] STATUS mode=3 fault=none enc=9 denc=0 sreq=-30 sapplied=-30 crate=-30 uimp=-80580 upos=0 uneg=2715 ball=-44.42 vball=0.00 aball=-4.3 bref=0.00 pid=-30.0 apid=-1.7 integ=-0.0 vision=1 current=1 vframe=27261 vs=1 vage=13 vpage=13 vdt=33 vmax=13390 vacc=26499 vrej=0 seq=0 elapsed=0 oled=3C
[   4500] STATUS mode=3 fault=none enc=9 denc=0 sreq=-30 sapplied=-30 crate=-30 uimp=-81780 upos=0 uneg=2755 ball=-44.42 vball=0.00 aball=-4.3 bref=0.00 pid=-30.0 apid=-1.7 integ=-0.0 vision=1 current=1 vframe=27261 vs=1 vage=53 vpage=53 vdt=33 vmax=13390 vacc=26499 vrej=0 seq=0 elapsed=0 oled=3C
[   4530] STATUS mode=3 fault=none enc=8 denc=0 sreq=-30 sapplied=-30 crate=-30 uimp=-82380 upos=0 uneg=2775 ball=-44.42 vball=0.00 aball=-4.3 bref=0.00 pid=-30.0 apid=-1.7 integ=-0.0 vision=1 current=1 vframe=27261 vs=1 vage=73 vpage=73 vdt=33 vmax=13390 vacc=26499 vrej=0 seq=0 elapsed=0 oled=3C
[   4546] STATUS mode=3 fault=none enc=7 denc=-1 sreq=-30 sapplied=-30 crate=-30 uimp=-82980 upos=0 uneg=2795 ball=-44.42 vball=0.00 aball=-4.3 bref=0.00 pid=-30.0 apid=-1.7 integ=-0.0 vision=1 current=1 vframe=27261 vs=1 vage=93 vpage=93 vdt=33 vmax=13390 vacc=26499 vrej=0 seq=0 elapsed=0 oled=3C
[   4577] STATUS mode=3 fault=none enc=6 denc=0 sreq=-30 sapplied=-30 crate=-30 uimp=-83580 upos=0 uneg=2815 ball=-44.42 vball=0.00 aball=-2.0 bref=0.00 pid=-30.0 apid=-0.8 integ=-0.0 vision=1 current=1 vframe=27262 vs=1 vage=15 vpage=15 vdt=98 vmax=13390 vacc=26500 vrej=0 seq=0 elapsed=0 oled=3C
[   4593] STATUS mode=3 fault=none enc=5 denc=0 sreq=-30 sapplied=-30 crate=-30 uimp=-84780 upos=0 uneg=2855 ball=-44.42 vball=-0.00 aball=-2.0 bref=0.00 pid=-30.0 apid=-0.8 integ=-0.0 vision=1 current=1 vframe=27263 vs=1 vage=20 vpage=20 vdt=35 vmax=13390 vacc=26501 vrej=0 seq=0 elapsed=0 oled=3C
[   4625] STATUS mode=3 fault=none enc=4 denc=-1 sreq=-30 sapplied=-30 crate=-30 uimp=-85380 upos=0 uneg=2875 ball=-44.42 vball=-0.00 aball=-2.0 bref=0.00 pid=-30.0 apid=-0.8 integ=-0.0 vision=1 current=1 vframe=27263 vs=1 vage=40 vpage=40 vdt=35 vmax=13390 vacc=26501 vrej=0 seq=0 elapsed=0 oled=3C
[   4655] STATUS mode=3 fault=none enc=3 denc=-1 sreq=-30 sapplied=-30 crate=-30 uimp=-85980 upos=0 uneg=2895 ball=-44.42 vball=-0.00 aball=-2.0 bref=0.00 pid=-30.0 apid=-0.8 integ=-0.0 vision=1 current=1 vframe=27263 vs=1 vage=60 vpage=60 vdt=35 vmax=13390 vacc=26501 vrej=0 seq=0 elapsed=0 oled=3C
[   4671] STATUS mode=3 fault=none enc=3 denc=1 sreq=-30 sapplied=-30 crate=-30 uimp=-86580 upos=0 uneg=2915 ball=-44.42 vball=-0.00 aball=-2.0 bref=0.00 pid=-30.0 apid=-0.8 integ=-0.0 vision=1 current=1 vframe=27263 vs=1 vage=80 vpage=80 vdt=35 vmax=13390 vacc=26501 vrej=0 seq=0 elapsed=0 oled=3C
[   4702] STATUS mode=3 fault=none enc=1 denc=0 sreq=-30 sapplied=-30 crate=-30 uimp=-87780 upos=0 uneg=2955 ball=-44.39 vball=0.25 aball=-0.2 bref=0.00 pid=-30.0 apid=-0.1 integ=-0.0 vision=1 current=1 vframe=27265 vs=1 vage=6 vpage=6 vdt=8 vmax=13390 vacc=26503 vrej=0 seq=0 elapsed=0 oled=3C
[   4718] STATUS mode=3 fault=none enc=0 denc=-1 sreq=-30 sapplied=-30 crate=-30 uimp=-88380 upos=0 uneg=2975 ball=-44.39 vball=0.25 aball=-0.2 bref=0.00 pid=-30.0 apid=-0.1 integ=-0.0 vision=1 current=1 vframe=27265 vs=1 vage=26 vpage=26 vdt=8 vmax=13390 vacc=26503 vrej=0 seq=0 elapsed=0 oled=3C
[   4750] STATUS mode=3 fault=none enc=0 denc=0 sreq=-30 sapplied=-30 crate=-30 uimp=-88980 upos=0 uneg=2995 ball=-44.39 vball=0.02 aball=-0.2 bref=0.00 pid=-30.0 apid=-0.1 integ=-0.0 vision=1 current=1 vframe=27266 vs=1 vage=10 vpage=10 vdt=36 vmax=13390 vacc=26504 vrej=0 seq=0 elapsed=0 oled=3C
[   4780] STATUS mode=3 fault=none enc=-1 denc=1 sreq=-30 sapplied=-30 crate=-30 uimp=-89580 upos=0 uneg=3015 ball=-44.39 vball=0.02 aball=-0.2 bref=0.00 pid=-30.0 apid=-0.1 integ=-0.0 vision=1 current=1 vframe=27266 vs=1 vage=30 vpage=30 vdt=36 vmax=13390 vacc=26504 vrej=0 seq=0 elapsed=0 oled=3C
[   4796] STATUS mode=3 fault=none enc=-3 denc=0 sreq=-30 sapplied=-30 crate=-30 uimp=-90780 upos=0 uneg=3055 ball=-44.39 vball=0.02 aball=-0.2 bref=0.00 pid=-30.0 apid=-0.1 integ=-0.0 vision=1 current=1 vframe=27266 vs=1 vage=70 vpage=70 vdt=36 vmax=13390 vacc=26504 vrej=0 seq=0 elapsed=0 oled=3C
[   4827] STATUS mode=3 fault=none enc=-4 denc=-1 sreq=-30 sapplied=-30 crate=-30 uimp=-91380 upos=0 uneg=3075 ball=-44.39 vball=0.02 aball=-0.2 bref=0.00 pid=-30.0 apid=-0.1 integ=-0.0 vision=1 current=1 vframe=27266 vs=1 vage=90 vpage=90 vdt=36 vmax=13390 vacc=26504 vrej=0 seq=0 elapsed=0 oled=3C
[   4843] STATUS mode=3 fault=none enc=-4 denc=0 sreq=-30 sapplied=-30 crate=-30 uimp=-91980 upos=0 uneg=3095 ball=-44.39 vball=0.01 aball=-1.0 bref=0.00 pid=-30.0 apid=-0.4 integ=-0.0 vision=1 current=1 vframe=27267 vs=1 vage=7 vpage=7 vdt=103 vmax=13390 vacc=26505 vrej=0 seq=0 elapsed=0 oled=3C
[   4875] STATUS mode=3 fault=none enc=-6 denc=-1 sreq=-30 sapplied=-30 crate=-30 uimp=-93180 upos=0 uneg=3135 ball=-44.39 vball=.01 aball=-1.0 bref=0.00 pid=-30.0 apid=-0.4 integ=-0.0 vision=1 current=1 vframe=27268 vs=1 vage=18 vpage=18 vdt=9 vmax=13390 vacc=26506 vrej=0 seq=0 elapsed=0 oled=3C
[   4905] STATUS mode=3 fault=none enc=-7 denc=0 sreq=-30 sapplied=-30 crate=-30 uimp=-93780 upos=0 uneg=3155 ball=-44.45 vball=-0.94 aball=-1.0 bref=0.00 pid=-30.0 apid=-0.4 integ=-0.0 vision=1 current=1 vframe=27270 vs=1 vage=5 vpage=5 vdt=33 vmax=13390 vacc=26508 vrej=0 seq=0 elapsed=0 oled=3C
[   4921] STATUS mode=3 fault=none enc=-8 denc=-1 sreq=-30 sapplied=-30 crate=-30 uimp=-94380 upos=0 uneg=3175 ball=-44.45 vball=-0.94 aball=-1.0 bref=0.00 pid=-30.0 apid=-0.4 integ=-0.0 vision=1 current=1 vframe=27270 vs=1 vage=25 vpage=25 vdt=33 vmax=13390 vacc=26508 vrej=0 seq=0 elapsed=0 oled=3C
[   4952] STATUS mode=3 fault=none enc=-8 denc=0 sreq=-30 sapplied=-30 crate=-30 uimp=-94980 upos=0 uneg=3195 ball=-44.45 vball=-0.94 aball=-1.0 bref=0.00 pid=-30.0 apid=-0.4 integ=-0.0 vision=1 current=1 vframe=27270 vs=1 vage=45 vpage=45 vdt=33 vmax=13390 vacc=26508 vrej=0 seq=0 elapsed=0 oled=3C
[   4968] STATUS mode=3 fault=none enc=-10 denc=-1 sreq=-30 sapplied=-30 crate=-30 uimp=-96180 upos=0 uneg=3235 ball=-44.45 vball=-0.94 aball=-1.0 bref=0.00 pid=-30.0 apid=-0.4 integ=-0.0 vision=1 current=1 vframe=27270 vs=1 vage=85 vpage=85 vdt=33 vmax=13390 vacc=26508 vrej=0 seq=0 elapsed=0 oled=3C
[   5000] STATUS mode=3 fault=none enc=-11 denc=0 sreq=-30 sapplied=-30 crate=-30 uimp=-96780 upos=0 uneg=3255 ball=-44.50 vball=-0.83 aball=-2.9 bref=0.00 pid=-30.0 apid=-1.1 integ=-0.0 vision=1 current=1 vframe=27277 vs=1 vage=5 vpage=5 vdt=100 vmax=13390 vacc=26515 vrej=0 seq=0 elapsed=0 oled=3C
[   5030] STATUS mode=3 fault=none enc=-12 denc=-1 sreq=-30 sapplied=-30 crate=-30 uimp=-97380 upos=0 uneg=3275 ball=-44.50 vball=-0.83 aball=-2.9 bref=0.00 pid=-30.0 apid=-1.1 integ=-0.0 vision=1 current=1 vframe=27277 vs=1 vage=25 vpage=25 vdt=100 vmax=13390 vacc=26515 vrej=0 seq=0 elapsed=0 oled=3C
[   5046] STATUS mode=3 fault=none enc=-12 denc=0 sreq=-29 sapplied=-29 crate=-29 uimp=-97970 upos=0 uneg=3295 ball=-44.37 vball=1.21 aball=-2.9 bref=0.00 pid=-29.4 apid=-1.1 integ=-0.0 vision=1 current=1 vframe=27278 vs=1 vage=12 vpage=12 vdt=33 vmax=13390 vacc=26516 vrej=0 seq=0 elapsed=0 oled=3C
[   5077] STATUS mode=3 fault=none enc=-13 denc=0 sreq=-30 sapplied=-30 crate=-30 uimp=-99145 upos=0 uneg=3335 ball=-44.44 vball=-0.27 aball=-2.9 bref=0.00 pid=-30.0 apid=-1.1 integ=-0.0 vision=1 current=1 vframe=27279 vs=1 vage=19 vpage=19 vdt=33 vmax=13390 vacc=26517 vrej=0 seq=0 elapsed=0 oled=3C
[   5109] STATUS mode=3 fault=none enc=-14 denc=0 sreq=-30 sapplied=-30 crate=-30 uimp=-99745 upos=0 uneg=3355 ball=-44.44 vball=-0.27 aball=-2.9 bref=0.00 pid=-30.0 apid=-1.1 integ=-0.0 vision=1 current=1 vframe=27279 vs=1 vage=39 vpage=39 vdt=33 vmax=13390 vacc=26517 vrej=0 seq=0 elapsed=0 oled=3C
[   5125] STATUS mode=3 fault=none enc=-15 denc=-1 sreq=-30 sapplied=-30 crate=-30 uimp=-100345 upos=0 uneg=3375 ball=-44.44 vball=-0.27 aball=-2.9 bref=0.00 pid=-30.0 apid=-1.1 integ=-0.0 vision=1 current=1 vframe=27279 vs=1 vage=59 vpage=59 vdt=33 vmax=13390 vacc=26517 vrej=0 seq=0 elapsed=0 oled=3C
[   5155] STATUS mode=3 fault=none enc=-16 denc=-1 sreq=-30 sapplied=-30 crate=-30 uimp=-100945 upos=0 uneg=3395 ball=-44.44 vball=-0.27 aball=-2.9 bref=0.00 pid=-30.0 apid=-1.1 integ=-0.0 vision=1 current=1 vframe=27279 vs=1 vage=79 vpage=79 vdt=33 vmax=13390 vacc=26517 vrej=0 seq=0 elapsed=0 oled=3C
[   5187] STATUS mode=3 fault=none enc=-17 denc=0 sreq=-26 sapplied=-26 crate=-26 uimp=-102145 upos=0 uneg=3435 ball=-44.36 vball=2.20 aball=0.1 bref=0.00 pid=-22.3 apid=0.0 integ=-0.0 vision=1 current=1 vframe=27281 vs=1 vage=2 vpage=2 vdt=23 vmax=13390 vacc=26519 vrej=0 seq=0 elapsed=0 oled=3C
[   5202] STATUS mode=3 fault=none enc=-18 denc=-1 sreq=-22 sapplied=-22 crate=-22 uimp=-102610 upos=0 uneg=3455 ball=-44.36 vball=2.20 aball=0.1 bref=0.00 pid=-22.3 apid=0.0 integ=-0.0 vision=1 current=1 vframe=27281 vs=1 vage=22 vpage=22 vdt=23 vmax=13390 vacc=26519 vrej=0 seq=0 elapsed=0 oled=3C
[   5234] STATUS mode=3 fault=none enc=-18 denc=0 sreq=-30 sapplied=-30 crate=-30 uimp=-103070 upos=0 uneg=3475 ball=-44.37 vball=0.99 aball=0.1 bref=0.00 pid=-29.5 apid=0.0 integ=-0.0 vision=1 current=1 vframe=27282 vs=1 vage=8 vpage=8 vdt=34 vmax=13390 vacc=26520 vrej=0 seq=0 elapsed=0 oled=3C
[   5250] STATUS mode=3 fault=none enc=-19 denc=1 sreq=-30 sapplied=-30 crate=-30 uimp=-103670 upos=0 uneg=3495 ball=-44.37 vball=0.99 aball=0.1 bref=0.00 pid=-29.5 apid=0.0 integ=-0.0 vision=1 current=1 vframe=27282 vs=1 vage=28 vpage=28 vdt=34 vmax=13390 vacc=26520 vrej=0 seq=0 elapsed=0 oled=3C
[   5280] STATUS mode=3 fault=none enc=-20 denc=0 sreq=-30 sapplied=-30 crate=-30 uimp=-104870 upos=0 uneg=3535 ball=-44.37 vball=0.99 aball=0.1 bref=0.00 pid=-29.5 apid=0.0 integ=-0.0 vision=1 current=1 vframe=27282 vs=1 vage=68 vpage=68 vdt=34 vmax=13390 vacc=26520 vrej=0 seq=0 elapsed=0 oled=3C
[   5312] STATUS mode=3 fault=none enc=-22 denc=-1 sreq=-30 sapplied=-30 crate=-30 uimp=-105470 upos=0 uneg=3555 ball=-44.37 vball=0.99 aball=0.1 bref=0.00 pid=-29.5 apid=0.0 integ=-0.0 vision=1 current=1 vframe=27282 vs=1 vage=88 vpage=88 vdt=34 vmax=13390 vacc=26520 vrej=0 seq=0 elapsed=0 oled=3C
[   5327] STATUS mode=3 fault=none enc=-22 denc=0 sreq=-30 sapplied=-30 crate=-30 uimp=-106070 upos=0 uneg=3575 ball=-44.38 vball=0.44 aball=2.0 bref=0.00 pid=-30.0 apid=0.8 integ=-0.0 vision=1 current=1 vframe=27283 vs=1 vage=9 vpage=9 vdt=99 vmax=13390 vacc=26521 vrej=0 seq=0 elapsed=0 oled=3C
[   5359] STATUS mode=3 fault=none enc=-23 denc=0 sreq=-30 sapplied=-30 crate=-30 uimp=-107270 upos=0 uneg=3615 ball=-44.47 vball=-1.08 aball=2.0 bref=0.00 pid=30.0 apid=0.8 integ=-0.0 vision=1 current=1 vframe=27283 vs=1 vage=29 vpage=29 vdt=99 vmax=13390 vacc=26521 vrej=0 seq=0 elapsed=0 oled=3C
[   5375] STATUS mode=3 fault=none enc=-25 denc=-1 sreq=-30 sapplied=-30 crate=-30 uimp=-107870 upos=0 uneg=3635 ball=-44.47 vball=-1.08 aball=2.0 bref=0.00 pid=-30.0 apid=0.8 integ=-0.0 vision=1 current=1 vframe=27284 vs=1 vage=35 vpage=35 vdt=34 vmax=13390 vacc=26522 vrej=0 seq=0 elapsed=0 oled=3C
[   5405] STATUS mode=3 fault=none enc=-26 denc=-1 sreq=-30 sapplied=-30 crate=-30 uimp=-108470 upos=0 uneg=3655 ball=-44.49 vball=-0.71 aball=2.0 bref=0.00 pid=-30.0 apid=0.8 integ=-0.0 vision=1 current=1 vframe=27285 vs=1 vage=20 vpage=20 vdt=35 vmax=13390 vacc=26523 vrej=0 seq=0 elapsed=0 oled=3C
[   5437] STATUS mode=3 fault=none enc=-26 denc=0 sreq=-30 sapplied=-30 crate=-30 uimp=-109070 upos=0 uneg=3675 ball=-44.49 vball=-0.71 aball=2.0 bref=0.00 pid=-30.0 apid=0.8 integ=-0.0 vision=1 current=1 vframe=27285 vs=1 vage=40 vpage=40 vdt=35 vmax=13390 vacc=26523 vrej=0 seq=0 elapsed=0 oled=3C
[   5452] STATUS mode=3 fault=none enc=-27 denc=0 sreq=-30 sapplied=-30 crate=-30 uimp=-110270 upos=0 uneg=3715 ball=-44.49 vball=-0.71 aball=2.0 bref=0.00 pid=-30.0 apid=0.8 integ=-0.0 vision=1 current=1 vframe=27285 vs=1 vage=80 vpage=80 vdt=35 vmax=13390 vacc=26523 vrej=0 seq=0 elapsed=0 oled=3C
[   5484] STATUS mode=3 fault=none enc=-28 denc=0 sreq=-30 sapplied=-30 crate=-30 uimp=-110870 upos=0 uneg=3735 ball=-44.49 vball=-0.39 aball=-1.1 bref=0.00 pid=-30.0 apid=-0.4 integ=-0.0 vision=1 current=1 vframe=27286 vs=1 vage=1 vpage=1 vdt=99 vmax=13390 vacc=26524 vrej=0 seq=0 elapsed=0 oled=3C
[   5500] STATUS mode=3 fault=none enc=-29 denc=-1 sreq=-30 sapplied=-30 crate=-30 uimp=-111470 upos=0 uneg=3755 ball=-44.49 vball=-0.39 aball=-1.1 bref=0.00 pid=-30.0 apid=-0.4 integ=-0.0 vision=1 current=1 vframe=27286 vs=1 vage=21 vpage=21 vdt=99 vmax=13390 vacc=26524 vrej=0 seq=0 elapsed=0 oled=3C
[   5530] STATUS mode=3 fault=none enc=-29 denc=0 sreq=-29 sapplied=-29 crate=-29 uimp=-112065 upos=0 uneg=3775 ball=-44.40 vball=1.17 aball=-1.1 bref=0.00 pid=-28.9 apid=-0.4 integ=-0.0 vision=1 current=1 vframe=27287 vs=1 vage=8 vpage=8 vdt=33 vmax=13390 vacc=26525 vrej=0 seq=0 elapsed=0 oled=3C
[   5562] STATUS mode=3 fault=none enc=-31 denc=0 sreq=-30 sapplied=-30 crate=-30 uimp=-113235 upos=0 uneg=3815 ball=-44.40 vball=0.52 aball=-1.1 bref=0.00 pid=-30.0 apid=-0.4 integ=-0.0 vision=1 current=1 vframe=27288 vs=1 vage=15 vpage=15 vdt=33 vmax=13390 vacc=26526 vrej=0 seq=0 elapsed=0 oled=3C
[   5577] STATUS mode=3 fault=none enc=-32 denc=0 sreq=-30 sapplied=-30 crate=-30 uimp=-113835 upos=0 uneg=3835 ball=-44.40 vball=0.52 aball=-1.1 bref=0.00 pid=-30.0 apid=-0.4 integ=-0.0 vision=1 current=1 vframe=27288 vs=1 vage=35 vpage=35 vdt=33 vmax=13390 vacc=26526 vrej=0 seq=0 elapsed=0 oled=3C
[   5609] STATUS mode=3 fault=none enc=-32 denc=0 sreq=-30 sapplied=-30 crate=-30 uimp=-114435 upos=0 uneg=3855 ball=-44.40 vball=0.52 aball=-1.1 bref=0.00 pid=-30.0 apid=-0.4 integ=-0.0 vision=1 current=1 vframe=27288 vs=1 vage=55 vpage=55 vdt=33 vmax=13390 vacc=26526 vrej=0 seq=0 elapsed=0 oled=3C
[   5641] STATUS mode=3 fault=none enc=-33 denc=-1 sreq=-30 sapplied=-30 crate=-30 uimp=-115035 upos=0 uneg=3875 ball=-44.40 vball=0.52 aball=-1.1 bref=0.00 pid=-30.0 apid=-0.4 integ=-0.0 vision=1 current=1 vframe=27288 vs=1 vage=75 vpage=75 vdt=33 vmax=13390 vacc=26526 vrej=0 seq=0 elapsed=0 oled=3C
[   5655] STATUS mode=3 fault=none enc=-34 denc=0 sreq=-30 sapplied=-30 crate=-30 uimp=-116235 upos=0 uneg=3915 ball=-44.37 vball=0.48 aball=1.7 bref=0.00 pid=-30.0 apid=0.7 integ=-0.0 vision=1 current=1 vframe=27289 vs=1 vage=15 vpage=15 vdt=100 vmax=13390 vacc=26527 vrej=0 seq=0 elapsed=0 oled=3C
[   5687] STATUS mode=3 fault=none enc=-35 denc=0 sreq=-30 sapplied=-30 crate=-30 uimp=-116835 upos=0 uneg=3935 ball=-44.40 vball=-0.13 aball=1.7 bref=0.00 pid=-30.0 apid=0.7 integ=-0.0 vision=1 current=1 vframe=27290 vs=1 vage=2 vpage=2 vdt=33 vmax=13390 vacc=26528 vrej=0 seq=0 elapsed=0 oled=3C
[   5702] STATUS mode=3 fault=none enc=-36 denc=-1 sreq=-30 sapplied=-30 crate=-30 uimp=-117435 upos=0 uneg=3955 ball=-44.40 vball=-0.13 aball=1.7 bref=0.00 pid=-30.0 apid=0.7 integ=-0.0 vision=1 current=1 vframe=27290 vs=1 vage=22 vpage=22 vdt=33 vmax=13390 vacc=26528 vrej=0 seq=0 elapsed=0 oled=3C
[   5734] STATUS mode=3 fault=none enc=-37 denc=-1 sreq=-30 sapplied=-30 crate=-30 uimp=-118035 upos=0 uneg=3975 ball=-44.39 vball=0.11 aball=1.7 bref=0.00 pid=-30.0 apid=0.7 integ=-0.0 vision=1 current=1 vframe=27291 vs=1 vage=8 vpage=8 vdt=34 vmax=13390 vacc=26529 vrej=0 seq=0 elapsed=0 oled=3C
[   5766] STATUS mode=3 fault=none enc=-38 denc=0 sreq=-30 sapplied=-30 crate=-30 uimp=-119235 upos=0 uneg=4015 ball=-44.39 vball=0.11 aball=1.7 bref=0.00 pid=-30.0 apid=0.7 integ=-0.0 vision=1 current=1 vframe=27291 vs=1 vage=48 vpage=48 vdt=34 vmax=13390 vacc=26529 vrej=0 seq=0 elapsed=0 oled=3C
[   5780] STATUS mode=3 fault=none enc=-39 denc=0 sreq=-30 sapplied=-30 crate=-30 uimp=-119835 upos=0 uneg=4035 ball=-44.39 vball=0.11 aball=1.7 bref=0.00 pid=-30.0 apid=0.7 integ=-0.0 vision=1 current=1 vframe=27291 vs=1 vage=68 vpage=68 vdt=34 vmax=13390 vacc=26529 vrej=0 seq=0 elapsed=0 oled=3C
[   5812] STATUS mode=3 fault=none enc=-40 denc=-1 sreq=-30 sapplied=-30 crate=-30 uimp=-120435 upos=0 uneg=4055 ball=-44.39 vball=0.11 aball=1.7 bref=0.00 pid=-30.0 apid=0.7 integ=-0.0 vision=1 current=1 vframe=27291 vs=1 vage=88 vpage=88 vdt=34 vmax=13390 vacc=26529 vrej=0 seq=0 elapsed=0 oled=3C
[   5843] STATUS mode=3 fault=none enc=-41 denc=1 sreq=-30 sapplied=-30 crate=-30 uimp=-121635 upos=0 uneg=4095 ball=-44.39 vball=0.08 aball=-0.1 bref=0.00 pid=-30.0 apid=-0.1 integ=-0.0 vision=1 current=1 vframe=27292 vs=1 vage=30 vpage=30 vdt=98 vmax=13390 vacc=26530 vrej=0 seq=0 elapsed=0 oled=3C
[   5859] STATUS mode=3 fault=none enc=-42 denc=0 sreq=-30 sapplied=-30 crate=-30 uimp=-122235 upos=0 uneg=4115 ball=-44.39 vball=-0.02 aball=-0.1 bref=0.00 pid=-30.0 apid=-0.1 integ=-0.0 vision=1 current=1 vframe=27293 vs=1 vage=16 vpage=16 vdt=34 vmax=13390 vacc=26531 vrej=0 seq=0 elapsed=0 oled=3C
[   5891] STATUS mode=3 fault=none enc=-43 denc=0 sreq=-30 sapplied=-30 crate=-30 uimp=-122835 upos=0 uneg=4135 ball=-44.39 vball=-0.02 aball=-0.1 bref=0.00 pid=-30.0 apid=-0.1 integ=-0.0 vision=1 current=1 vframe=27293 vs=1 vage=36 vpage=36 vdt=34 vmax=13390 vacc=26531 vrej=0 seq=0 elapsed=0 oled=3C
[   5905] STATUS mode=3 fault=none enc=-44 denc=-1 sreq=-30 sapplied=-30 crate=-30 uimp=-123435 upos=0 uneg=4155 ball=-44.39 vball=-0.02 aball=-0.1 bref=0.00 pid=-30.0 apid=-0.1 integ=-0.0 vision=1 current=1 vframe=27293 vs=1 vage=56 vpage=56 vdt=34 vmax=13390 vacc=26531 vrej=0 seq=0 elapsed=0 oled=3C
[   5937] STATUS mode=3 fault=none enc=-45 denc=1 sreq=-30 sapplied=-30 crate=-30 uimp=-124635 upos=0 uneg=4195 ball=-44.39 vball=-0.02 aball=-0.1 bref=0.00 pid=-30.0 apid=-0.1 integ=-0.0 vision=1 current=1 vframe=27293 vs=1 vage=96 vpage=96 vdt=34 vmax=13390 vacc=26531 vrej=0 seq=0 elapsed=0 oled=3C
[   5968] STATUS mode=3 fault=none enc=-46 denc=-1 sreq=-30 sapplied=-30 crate=-30 uimp=-125235 upos=0 uneg=4215 ball=-44.39 vball=-0.01 aball=-0.4 bref=0.00 pid=-30.0 apid=-0.1 integ=-0.0 vision=1 current=1 vframe=27294 vs=1 vage=10 vpage=10 vdt=106 vmax=13390 vacc=26532 vrej=0 seq=0 elapsed=0 oled=3C
[   5984] STATUS mode=3 fault=none enc=-47 denc=0 sreq=-30 sapplied=-30 crate=-30 uimp=-125835 upos=0 uneg=4235 ball=-44.39 vball=0.00 aball=-0.4 bref=0.00 pid=-30.0 apid=-0.1 integ=-0.0 vision=1 current=1 vframe=27296 vs=1 vage=2 vpage=2 vdt=17 vmax=13390 vacc=26534 vrej=0 seq=0 elapsed=0 oled=3C
[   6016] STATUS mode=3 fault=none enc=-48 denc=-1 sreq=-30 sapplied=-30 crate=-30 uimp=-126435 upos=0 uneg=4255 ball=-44.39 vball=0.00 aball=-0.4 bref=0.00 pid=-30.0 apid=-0.1 integ=-0.0 vision=1 current=1 vframe=27296 vs=1 vage=22 vpage=22 vdt=17 vmax=13390 vacc=26534 vrej=0 seq=0 elapsed=0 oled=3C
[   6046] STATUS mode=3 fault=none enc=-49 denc=1 sreq=-30 sapplied=-30 crate=-30 uimp=-127635 upos=0 uneg=4295 ball=-44.39 vball=0.00 aball=-0.4 bref=0.00 pid=-30.0 apid=-0.1 integ=-0.0 vision=1 current=1 vframe=27297 vs=1 vage=28 vpage=28 vdt=34 vmax=13390 vacc=26535 vrej=0 seq=0 elapsed=0 oled=3C
[   6062] STATUS mode=3 fault=none enc=-49 denc=0 sreq=-30 sapplied=-30 crate=-30 uimp=-128235 upos=0 uneg=4315 ball=-44.39 vball=0.00 aball=-0.4 bref=0.00 pid=-30.0 apid=-0.1 integ=-0.0 vision=1 current=1 vframe=27297 vs=1 vage=48 vpage=48 vdt=34 vmax=13390 vacc=26535 vrej=0 seq=0 elapsed=0 oled=3C
[   6093] STATUS mode=3 fault=none enc=-51 denc=0 sreq=-30 sapplied=-30 crate=-30 uimp=-128835 upos=0 uneg=4335 ball=-44.39 vball=0.00 aball=-0.4 bref=0.00 pid=-30.0 apid=-0.1 integ=-0.0 vision=1 current=1 vframe=27297 vs=1 vage=68 vpage=68 vdt=34 vmax=13390 vacc=26535 vrej=0 seq=0 elapsed=0 oled=3C
[   6109] STATUS mode=3 fault=none enc=-52 denc=0 sreq=-30 sapplied=-30 crate=-30 uimp=-130035 upos=0 uneg=4375 ball=-44.39 vball=0.00 aball=-0.4 bref=0..00 pid=-30.0 apid=-0.1 integ=-0.0 vision=1 current=1 vframe=27297 vs=1 vage=88 vpage=88 vdt=34 vmax=13390 vacc=26535 vrej=0 seq=0 elapsed=0 oled=3C
[   6141] STATUS mode=3 fault=none enc=-53 denc=0 sreq=-30 sapplied=-30 crate=-30 uimp=-130635 upos=0 uneg=4395 ball=-44.39 vball=0.00 aball=-0.4 bref=0.00 pid=-30.0 apid=-0.1 integ=-0.0 vision=1 current=1 vframe=27297 vs=1 vage=128 vpage=128 vdt=34 vmax=13390 vacc=26535 vrej=0 seq=0 elapsed=0 oled=3C
[   6171] STATUS mode=3 fault=none enc=-53 denc=0 sreq=-30 sapplied=-30 crate=-30 uimp=-131235 upos=0 uneg=4415 ball=-44.39 vball=0.00 aball=-0.4 bref=0.00 pid=-30.0 apid=-0.1 integ=-0.0 vision=1 current=1 vframe=27297 vs=1 vage=148 vpage=148 vdt=34 vmax=13390 vacc=26535 vrej=0 seq=0 elapsed=0 oled=3C
[   6187] STATUS mode=3 fault=none enc=-54 denc=0 sreq=0 sapplied=0 crate=-4 uimp=-131385 upos=0 uneg=4420 ball=-44.36 vball=0.23 aball=0.3 bref=0.00 pid=-30.0 apid=0.1 integ=-0.0 vision=1 current=1 vframe=27298 vs=1 vage=5 vpage=5 vdt=163 vmax=13390 vacc=26536 vrej=0 seq=0 elapsed=0 oled=3C
[   6218] STATUS mode=3 fault=none enc=-54 denc=0 sreq=-30 sapplied=-30 crate=-30 uimp=-131780 upos=0 uneg=4435 ball=-44.30 vball=0.85 aball=0.3 bref=0.00 pid=-30.0 apid=0.1 integ=-0.0 vision=1 current=1 vframe=27300 vs=1 vage=4 vpage=4 vdt=20 vmax=13390 vacc=26538 vrej=0 seq=0 elapsed=0 oled=3C
[   6234] STATUS mode=3 fault=none enc=-55 denc=0 sreq=-28 sapplied=-28 crate=-28 uimp=-132370 upos=0 uneg=4455 ball=-44.27 vball=1.24 aball=0.3 bref=0.00 pid=-27.9 apid=0.1 integ=-0.0 vision=1 current=1 vframe=27301 vs=1 vage=8 vpage=8 vdt=16 vmax=13390 vacc=26539 vrej=0 seq=0 elapsed=0 oled=3C
[   6266] STATUS mode=3 fault=none enc=-56 denc=0 sreq=-28 sapplied=-28 crate=-28 uimp=-132930 upos=0 uneg=4475 ball=-44.27 vball=1.24 aball=0.3 bref=0.00 pid=-27.9 apid=0.1 integ=-0.0 vision=1 current=1 vframe=27301 vs=1 vage=28 vpage=28 vdt=16 vmax=13390 vacc=26539 vrej=0 seq=0 elapsed=0 oled=3C
[   6296] STATUS mode=3 fault=none enc=-57 denc=-1 sreq=-28 sapplied=-28 crate=-28 uimp=-133490 upos=0 uneg=4495 ball=-44.27 vball=1.24 aball=0.3 bref=0.00 pid=-27.9 apid=0.1 integ=-0.0 vision=1 current=1 vframe=27301 vs=1 vage=48 vpage=48 vdt=16 vmax=13390 vacc=26539 vrej=0 seq=0 elapsed=0 oled=3C
[   6312] STATUS mode=3 fault=none enc=-58 denc=0 sreq=-28 sapplied=-28 crate=-28 uimp=-134610 upos=0 uneg=4535 ball=-44.27 vball=1.24 aball=0.3 bref=0.00 pid=-27.9 apid=0.1 integ=-0.0 vision=1 current=1 vframe=27301 vs=1 vage=88 vpage=88 vdt=16 vmax=13390 vacc=26539 vrej=0 seq=0 elapsed=0 oled=3C
[   6343] STATUS mode=3 fault=none enc=-59 denc=0 sreq=-30 sapplied=-30 crate=-30 uimp=-135180 upos=0 uneg=4555 ball=-44.24 vball=0.83 aball=1.9 bref=0.00 pid=-29.7 apid=0.7 integ=-0.0 vision=1 current=1 vframe=27302 vs=1 vage=7 vpage=7 vdt=101 vmax=13390 vacc=26540 vrej=0 seq=0 elapsed=0 oled=3C
[   6375] STATUS mode=3 fault=none enc=-60 denc=0 sreq=-30 sapplied=-30 crate=-30 uimp=-135780 upos=0 uneg=4575 ball=-44.24 vball=0.83 aball=1.9 bref=0.00 pid=-29.7 apid=0.7 integ=-0.0 vision=1 current=1 vframe=27302 vs=1 vage=27 vpage=27 vdt=101 vmax=13390 vacc=26540 vrej=0 seq=0 elapsed=0 oled=3C
[   6391] STATUS mode=3 fault=none enc=-60 denc=0 sreq=-30 sapplied=-30 crate=-30 uimp=-136380 upos=0 uneg=4595 ball=-44.32 vball=-1.03 aball=1.9 bref=0.00 pid=-30.0 apid=0.7 integ=-0.0 vision=1 current=1 vframe=27303 vs=1 vage=20 vpage=20 vdt=27 vmax=13390 vacc=26541 vrej=0 seq=0 elapsed=0 oled=3C
[   6421] STATUS mode=3 fault=none enc=-63 denc=-1 sreq=-30 sapplied=-30 crate=-30 uimp=-137580 upos=0 uneg=4635 ball=-44.35 vball=-0.95 aball=1.9 bref=0.00 pid=-30.0 apid=0.7 integ=-0.0 vision=1 current=1 vframe=27304 vs=1 vage=27 vpage=27 vdt=33 vmax=13390 vacc=26542 vrej=0 seq=0 elapsed=0 oled=3C
[   6437] STATUS mode=3 fault=none enc=-63 denc=0 sreq=-30 sapplied=-30 crate=-30 uimp=-138180 upos=0 uneg=4655 ball=-44.35 vball=-0.95 aball=1.9 bref=0.00 pid=-30.0 apid=0.7 integ=-0.0 vision=1 current=1 vframe=27304 vs=1 vage=47 vpage=47 vdt=33 vmax=13390 vacc=26542 vrej=0 seq=0 elapsed=0 oled=3C
[   6468] STATUS mode=3 fault=none enc=-64 denc=0 sreq=-30 sapplied=-30 crate=-30 uimp=-138780 upos=0 uneg=4675 ball=-44.35 vball=-0.95 aball=1.9 bref=0.00 pid=-30.0 apid=0.7 integ=-0.0 vision=1 current=1 vframe=27304 vs=1 vage=67 vpage=67 vdt=33 vmax=13390 vacc=26542 vrej=0 seq=0 elapsed=0 oled=3C
[   6500] STATUS mode=3 fault=none enc=-64 denc=0 sreq=-30 sapplied=-30 crate=-30 uimp=-139380 upos=0 uneg=4695 ball=-44.35 vball=-0.95 aball=1.9 bref=0.00 pid=-30.0 apid=0.7 integ=-0.0 vision=1 current=1 vframe=27304 vs=1 vage=87 vpage=87 vdt=33 vmax=13390 vacc=26542 vrej=0 seq=0 elapsed=0 oled=3C
[   6516] STATUS mode=3 fault=none enc=-67 denc=-1 sreq=-27 sapplied=-27 crate=-27 uimp=-140565 upos=0 uneg=4735 ball=-44.28 vball=1.64 aball=-3.0 bref=0.00 pid=-26.8 apid=-1.2 integ=-0.0 vision=1 current=1 vframe=27306 vs=1 vage=10 vpage=10 vdt=21 vmax=13390 vacc=26544 vrej=0 seq=0 elapsed=0 oled=3C
[   6546] STATUS mode=3 fault=none enc=-66 denc=0 sreq=-27 sapplied=-27 crate=-27 uimp=-141105 upos=0 uneg=4755 ball=-44.28 vball=1.64 aball=-3.0 bref=0.00 pid=-26.8 apid=-1.2 integ=-0.0 vision=1 current=1 vframe=27306 vs=1 vage=30 vpage=30 vdt=21 vmax=13390 vacc=26544 vrej=0 seq=0 elapsed=0 oled=3C
[   6577] STATUS mode=3 fault=none enc=-68 denc=0 sreq=-30 sapplied=-30 crate=-30 uimp=-141690 upos=0 uneg=4775 ball=-44.27 vball=1.07 aball=-3.0 bref=0.00 pid=-30.0 apid=-1.2 integ=-0.0 vision=1 current=1 vframe=27307 vs=1 vage=16 vpage=16 vdt=34 vmax=13390 vacc=26545 vrej=0 seq=0 elapsed=0 oled=3C
[   6593] STATUS mode=3 fault=none enc=-68 denc=0 sreq=-30 sapplied=-30 crate=-30 uimp=-142290 upos=0 uneg=4795 ball=-44.27 vball=1.07 aball=-3.0 bref=0.00 pid=-30.0 apid=-1.2 integ=-0.0 vision=1 current=1 vframe=27307 vs=1 vage=36 vpage=36 vdt=34 vmax=13390 vacc=26545 vrej=0 seq=0 elapsed=0 oled=3C
[   6625] STATUS mode=3 fault=none enc=-70 denc=0 sreq=-30 sapplied=-30 crate=-30 uimp=-143490 upos=0 uneg=4835 ball=-44.27 vball=1.07 aball=-3.0 bref=0.00 pid=-30.0 apid=-1.2 integ=-0.0 vision=1 current=1 vframe=27307 vs=1 vage=76 vpage=76 vdt=34 vmax=13390 vacc=26545 vrej=0 seq=0 elapsed=0 oled=3C
[   6641] STATUS mode=3 fault=none enc=-70 denc=0 sreq=-26 sapplied=-26 crate=-26 uimp=-144090 upos=0 uneg=4855 ball=-44.01 vball=2.84 aball=8.6 bref=0.00 pid=-14.7 apid=3.4 integ=-0.0 vision=1 current=1 vframe=27308 vs=1 vage=2 vpage=2 vdt=94 vmax=13390 vacc=26546 vrej=0 seq=0 elapsed=0 oled=3C
[   6671] STATUS mode=3 fault=none enc=-71 denc=1 sreq=0 sapplied=0 crate=-15 uimp=-144335 upos=0 uneg=4865 ball=-44.01 vball=2.84 aball=8.6 bref=0.00 pid=-14.7 apid=3.4 integ=-0.0 vision=1 current=1 vframe=27308 vs=1 vage=22 vpage=22 vdt=94 vmax=13390 vacc=26546 vrej=0 seq=0 elapsed=0 oled=3C
[   6702] STATUS mode=3 fault=none enc=-72 denc=0 sreq=-21 sapplied=-21 crate=-21 uimp=-144335 upos=0 uneg=4865 ball=-44.03 vball=0.37 aball=8.6 bref=0.00 pid=-29.6 apid=3.4 integ=-0.0 vision=1 current=1 vframe=27310 vs=1 vage=4 vpage=4 vdt=35 vmax=13390 vacc=26548 vrej=0 seq=0 elapsed=0 oled=3C
[   6718] STATUS mode=3 fault=none enc=-72 denc=0 sreq=-30 sapplied=-30 crate=-30 uimp=-144850 upos=0 uneg=4885 ball=-44.03 vball=0.37 aball=8.6 bref=0.00 pid=-29.6 apid=3.4 integ=-0.0 vision=1 current=1 vframe=27310 vs=1 vage=24 vpage=24 vdt=35 vmax=13390 vacc=26548 vrej=0 seq=0 elapsed=0 oled=3C
[   6750] STATUS mode=3 fault=none enc=-73 denc=-1 sreq=-30 sapplied=-30 crate=-30 uimp=-145450 upos=0 uneg=4905 ball=-44.03 vball=0.37 aball=8.6 bref=0.00 pid=-29.6 apid=3.4 integ=-0.0 vision=1 current=1 vframe=27310 vs=1 vage=44 vpage=44 vdt=35 vmax=13390 vacc=26548 vrej=0 seq=0 elapsed=0 oled=3C
[   6766] STATUS mode=3 fault=none enc=-72 denc=0 sreq=-30 sapplied=-30 crate=-30 uimp=-146050 upos=0 uneg=4925 ball=-44.03 vball=0.37 aball=8.6 bref=0.00 pid=-29.6 apid=3.4 integ=-0.0 vision=1 current=1 vframe=27310 vs=1 vage=64 vpage=64 vdt=35 vmax=13390 vacc=26548 vrej=0 seq=0 elapsed=0 oled=3C
[   6796] STATUS mode=3 fault=none enc=-73 denc=0 sreq=-30 sapplied=-30 crate=-30 uimp=-147250 upos=0 uneg=4965 ball=-44.07 vball=-0.25 aball=-4.4 bref=0.00 pid=-30.0 apid=-1.8 integ=-0.0 vision=1 current=1 vframe=27311 vs=1 vage=10 vpage=10 vdt=94 vmax=13390 vacc=26549 vrej=0 seq=0 elapsed=0 oled=3C
[   6827] STATUS mode=3 fault=none enc=-75 denc=-1 sreq=-30 sapplied=-30 crate=-30 uimp=-147850 upos=0 uneg=4985 ball=-44.07 vball=-0.08 aball=-4.4 bref=0.00 pid=-30.0 apid=-1.8 integ=-0.0 vision=1 current=1 vframe=27312 vs=1 vage=9 vpage=9 vdt=21 vmax=13390 vacc=26550 vrej=0 seq=0 elapsed=0 oled=3C
[   6843] STATUS mode=3 fault=none enc=-76 denc=-1 sreq=-30 sapplied=-30 crate=-30 uimp=-148450 upos=0 uneg=5005 ball=-44.07 vball=-0.08 aball=-4.4 bref=0.00 pid=-30.0 apid=-1.8 integ=-0.0 vision=1 current=1 vframe=27312 vs=1 vage=29 vpage=29 vdt=21 vmax=13390 vacc=26550 vrej=0 seq=0 elapsed=0 oled=3C
[   6875] STATUS mode=3 fault=none enc=-76 denc=0 sreq=-30 sapplied=-30 crate=-30 uimp=-149050 upos=0 uneg=5025 ball=-44.07 vball=-0.04 aball=-4.4 bref=0.00 pid=-30.0 apid=-1.8 integ=-0.0 vision=1 current=1 vframe=27313 vs=1 vage=16 vpage=16 vdt=33 vmax=13390 vacc=26551 vrej=0 seq=0 elapsed=0 oled=3C
[   6905] STATUS mode=3 fault=none enc=-77 denc=0 sreq=-30 sapplied=-30 crate=-30 uimp=-150250 upos=0 uneg=5065 ball=-44.07 vball=-0.04 aball=-4.4 bref=0.00 pid=-30.0 apid=-1.8 integ=-0.0 vision=1 current=1 vframe=27313 vs=1 vage=56 vpage=56 vdt=33 vmax=13390 vacc=26551 vrej=0 seq=0 elapsed=0 oled=3C
[   6921] STATUS mode=3 fault=none enc=-79 denc=-1 sreq=-30 sapplied=-30 crate=-30 uimp=-150850 upos=0 uneg=5085 ball=-44.07 vball=-0.04 aball=-4.4 bref=0.00 pid=-30.0 apid=-1.8 integ=-0.0 vision=1 current=1 vframe=27313 vs=1 vage=76 vpage=76 vdt=33 vmax=13390 vacc=26551 vrej=0 seq=0 elapsed=0 oled=3C
[   6952] STATUS mode=3 fault=none enc=-80 denc=-1 sreq=-30 sapplied=-30 crate=-30 uimp=-151450 upos=0 uneg=5105 ball=-44.07 vball=-0.04 aball=-4.4 bref=0.00 pid=-30.0 apid=-1.8 integ=-0.0 vision=1 current=1 vframe=27313 vs=1 vage=96 vpage=96 vdt=33 vmax=13390 vacc=26551 vrej=0 seq=0 elapsed=0 oled=3C
[   6968] STATUS mode=3 fault=none enc=-80 denc=0 sreq=-30 sapplied=-30 crate=-30 uimp=-152050 upos=0 uneg=5125 ball=-44.07 vball=-0.02 aball=-1.7 bref=0.00 pid=-30.0 apid=-0.7 integ=-0.0 vision=1 current=1 vframe=27314 vs=1 vage=20 vpage=20 vdt=96 vmax=13390 vacc=26552 vrej=0 seq=0 elapsed=0 oled=3C
[   7000] STATUS mode=3 fault=none enc=-81 denc=0 sreq=-30 sapplied=-30 crate=-30 uimp=-153250 upos=0 uneg=5165 ball=-44.07 vball=0.00 aball=-1.7 bref=0.00 pid=-30.0 apid=-0.7 integ=-0.0 vision=1 current=1 vframe=27316 vs=1 vage=6 vpage=6 vdt=34 vmax=13390 vacc=26554 vrej=0 seq=0 elapsed=0 oled=3C
[   7030] STATUS mode=3 fault=none enc=-82 denc=0 sreq=-30 sapplied=-30 crate=-30 uimp=-153850 upos=0 uneg=5185 ball=-44.07 vball=0.00 aball=-1.7 bref=0.00 pid=-30.0 apid=-0.7 integ=-0.0 vision=1 current=1 vframe=27316 vs=1 vage=26 vpage=26 vdt=34 vmax=13390 vacc=26554 vrej=0 seq=0 elapsed=0 oled=3C
[   7046] STATUS mode=3 fault=none enc=-84 denc=-1 sreq=-30 sapplied=-30 crate=-30 uimp=-154450 upos=0 uneg=5205 ball=-44.07 vball=0.00 aball=-1.7 bref=0.00 pid=-30.0 apid=-0.7 integ=-0.0 vision=1 current=1 vframe=27316 vs=1 vage=46 vpage=46 vdt=34 vmax=13390 vacc=26554 vrej=0 seq=0 elapsed=0 oled=3C
[   7077] STATUS mode=3 fault=none enc=-85 denc=0 sreq=-30 sapplied=-30 crate=-30 uimp=-155650 upos=0 uneg=5245 ball=-44.07 vball=0.00 aball=-1.7 bref=0.00 pid=-30.0 apid=-0.7 integ=-0.0 vision=1 current=1 vframe=27316 vs=1 vage=86 vpage=86 vdt=34 vmax=13390 vacc=26554 vrej=0 seq=0 elapsed=0 oled=3C
[   7109] STATUS mode=3 fault=none enc=-85 denc=0 sreq=-30 sapplied=-30 crate=-30 uimp=-156250 upos=0 uneg=5265 ball=-44.07 vball=0.00 aball=-0.9 bref=0.00 pid=-30.0 apid=-0.4 integ=-0.0 vision=1 current=1 vframe=27317 vs=1 vage=10 vpage=10 vdt=96 vmax=13390 vacc=26555 vrej=0 seq=0 elapsed=0 oled=3C
[   7125] STATUS mode=3 fault=none enc=-86 denc=0 sreq=-30 sapplied=-30 crate=-30 uimp=-156850 upos=0 uneg=5285 ball=-44.07 vball=-0.00 aball=-0.9 bref=0.00 pid=-30.0 apid=-0.4 integ=-0.0 vision=1 current=1 vframe=27318 vs=1 vage=9 vpage=9 vdt=21 vmax=13390 vacc=26556 vrej=0 seq=0 elapsed=0 oled=3C
[   7155] STATUS mode=3 fault=none enc=-87 denc=0 sreq=-30 sapplied=-30 crate=-30 uimp=-157450 upos=0 uneg=5305 ball=-44.07 vball=-0.00 aball=-0.9 bref=0.00 pid=-30.0 apid=-0.4 integ=-0.0 vision=1 current=1 vframe=27318 vs=1 vage=29 vpage=29 vdt=21 vmax=13390 vacc=26556 vrej=0 seq=0 elapsed=0 oled=3C
[   7171] STATUS mode=3 fault=none enc=-89 denc=0 sreq=-30 sapplied=-30 crate=-30 uimp=-158650 upos=0 uneg=5345 ball=-44.07 vball=-0.00 aball=-0.9 bref=0.00 pid=-30.0 apid=-0.4 integ=-0.0 vision=1 current=1 vframe=27319 vs=1 vage=36 vpage=36 vdt=33 vmax=13390 vacc=26557 vrej=0 seq=0 elapsed=0 oled=3C
[   7202] STATUS mode=3 fault=none enc=-89 denc=-1 sreq=-30 sapplied=-30 crate=-30 uimp=-159250 upos=0 uneg=5365 ball=-44.07 vball=-0.00 aball=-0.9 bref=0.00 pid=-30.0 apid=-0.4 integ=-0.0 vision=1 current=1 vframe=27319 vs=1 vage=56 vpage=56 vdt=33 vmax=13390 vacc=26557 vrej=0 seq=0 elapsed=0 oled=3C
[   7234] STATUS mode=3 fault=none enc=-90 denc=0 sreq=-30 sapplied=-30 crate=-30 uimp=-159850 upos=0 uneg=5385 ball=-44.07 vball=-0.00 aball=-0.9 bref=0.00 pid=-30.0 apid=-0.4 integ=-0.0 vision=1 current=1 vframe=27319 vs=1 vage=76 vpage=76 vdt=33 vmax=13390 vacc=26557 vrej=0 seq=0 elapsed=0 oled=3C
[   7250] STATUS mode=3 fault=none enc=-92 denc=-1 sreq=-30 sapplied=-30 crate=-30 uimp=-160450 upos=0 uneg=5405 ball=-44.05 vball=0.14 aball=-0.1 bref=0.00 pid=-30.0 apid=-0.0 integ=-0.0 vision=1 current=1 vframe=27320 vs=1 vage=1 vpage=1 vdt=95 vmax=13390 vacc=26558 vrej=0 seq=0 elapsed=0 oled=3C
[   7280] STATUS mode=3 fault=none enc=-91 denc=0 sreq=-21 sapplied=-21 crate=-21 uimp=-161550 upos=0 uneg=5445 ball=-43.96 vball=2.36 aball=-0.1 bref=0.00 pid=-21.0 apid=-0.0 integ=-0.0 vision=1 current=1 vframe=27321 vs=1 vage=19 vpage=19 vdt=22 vmax=13390 vacc=26559 vrej=0 seq=0 elapsed=0 oled=3C
[   7312] STATUS mode=3 fault=none enc=-92 denc=0 sreq=-25 sapplied=-25 crate=-25 uimp=-161990 upos=0 uneg=5465 ball=-43.93 vball=1.64 aball=-0.1 bref=0.00 pid=-25.3 apid=-0.0 integ=-0.0 vision=1 current=1 vframe=27322 vs=1 vage=6 vpage=6 vdt=33 vmax=13390 vacc=26560 vrej=0 seq=0 elapsed=0 oled=3C
[   7327] STATUS mode=3 fault=none enc=-92 denc=0 sreq=-25 sapplied=-25 crate=-25 uimp=-162490 upos=0 uneg=5485 ball=-43.93 vball=1.64 aball=-0.1 bref=0.00 pid=-25.3 apid=-0.0 integ=-0.0 vision=1 current=1 vframe=27322 vs=1 vage=26 vpage=26 vdt=33 vmax=13390 vacc=26560 vrej=0 seq=0 elapsed=0 oled=3C
[   7359] STATUS mode=3 fault=none enc=-93 denc=0 sreq=-25 sapplied=-25 crate=-25 uimp=-162990 upos=0 uneg=5505 ball=-43.93 vball=1.64 aball=-0.1 bref=0.00 pid=-25.3 apid=-0.0 integ=-0.0 vision=1 current=1 vframe=27322 vs=1 vage=46 vpage=46 vdt=33 vmax=13390 vacc=26560 vrej=0 seq=0 elapsed=0 oled=3C
[   7375] STATUS mode=3 fault=none enc=-94 denc=0 sreq=-25 sapplied=-25 crate=-25 uimp=-163990 upos=0 uneg=5545 ball=-43.93 vball=1.64 aball=-0.1 bref=0.00 pid=-25.3 apid=-0.0 integ=-0.0 vision=1 current=1 vframe=27322 vs=1 vage=86 vpage=86 vdt=33 vmax=13390 vacc=26560 vrej=0 seq=0 elapsed=0 oled=3C
[   7405] STATUS mode=3 fault=none enc=-95 denc=0 sreq=-25 sapplied=-25 crate=-25 uimp=-164490 upos=0 uneg=5565 ball=-43.93 vball=1.64 aball=-0.1 bref=0.00 pid=-25.3 apid=-0.0 integ=-0.0 vision=1 current=1 vframe=27322 vs=1 vage=106 vpage=106 vdt=33 vmax=13390 vacc=26560 vrej=0 seq=0 elapsed=0 oled=3C
[   7437] STATUS mode=3 fault=none enc=-96 denc=0 sreq=-30 sapplied=-30 crate=-30 uimp=-165060 upos=0 uneg=5585 ball=-43.94 vball=0.67 aball=1.4 bref=0.00 pid=-30.0 apid=0.6 integ=-0.0 vision=1 current=1 vframe=27323 vs=1 vage=16 vpage=16 vdt=110 vmax=13390 vacc=26561 vrej=0 seq=0 elapsed=0 oled=3C
[   7452] STATUS mode=3 fault=none enc=-97 denc=0 sreq=-30 sapplied=-30 crate=-30 uimp=-166260 upos=0 uneg=5625 ball=-43.94 vball=0.29 aball=1.4 bref=0.00 pid=-30.0 apid=0.6 integ=-0.0 vision=1 current=1 vframe=27324 vs=1 vage=33 vpage=33 vdt=23 vmax=13390 vacc=26562 vrej=0 seq=0 elapsed=0 oled=3C
[   7484] STATUS mode=3 fault=none enc=-98 denc=0 sreq=-30 sapplied=-30 crate=-30 uimp=-166860 upos=0 uneg=5645 ball=-43.96 vball=-0.16 aball=1.4 bref=0.00 pid=-30.0 apid=0.6 integ=-0.0 vision=1 current=1 vframe=27325 vs=1 vage=20 vpage=20 vdt=33 vmax=13390 vacc=26563 vrej=0 seq=0 elapsed=0 oled=3C
[   7516] STATUS mode=3 fault=none enc=-98 denc=1 sreq=-30 sapplied=-30 crate=-30 uimp=-167460 upos=0 uneg=5665 ball=-43.96 vball=-0.16 aball=1.4 bref=0.00 pid=-30.0 apid=0.6 integ=-0.0 vision=1 current=1 vframe=27325 vs=1 vage=40 vpage=40 vdt=33 vmax=13390 vacc=26563 vrej=0 seq=0 elapsed=0 oled=3C
[   7530] STATUS mode=3 fault=none enc=-100 denc=-1 sreq=-30 sapplied=-30 crate=-30 uimp=-168060 upos=0 uneg=5685 ball=-43.96 vball=-0.16 aball=1.4 bref=0.00 pid=-30.0 apid=0.6 integ=-0.0 vision=1 current=1 vframe=27325 vs=1 vage=60 vpage=60 vdt=33 vmax=13390 vacc=26563 vrej=0 seq=0 elapsed=0 oled=3C
[   7562] STATUS mode=3 fault=none enc=-101 denc=0 sreq=-30 sapplied=-30 crate=-30 uimp=-169260 upos=0 uneg=5725 ball=-43.96 vball=-0.16 aball=1.4 bref=0.00 pid=-30.0 apid=0.6 integ=-0.0 vision=1 current=1 vframe=27325 vs=1 vage=100 vpage=100 vdt=33 vmax=13390 vacc=26563 vrej=0 seq=0 elapsed=0 oled=3C
[   7577] STATUS mode=3 fault=none enc=-102 denc=0 sreq=-30 sapplied=-30 crate=-30 uimp=-169860 upos=0 uneg=5745 ball=-43.97 vball=-0.12 aball=-1.5 bref=0.00 pid=-30.0 apid=-0.6 integ=-0.0 vision=1 current=1 vframe=27326 vs=1 vage=17 vpage=17 vdt=103 vmax=13390 vacc=26564 vrej=0 seq=0 elapsed=0 oled=3C
[   7609] STATUS mode=3 fault=none enc=-102 denc=0 sreq=-30 sapplied=-30 crate=-30 uimp=-170460 upos=0 uneg=5765 ball=-43.96 vball=0.09 aball=-1.5 bref=0.00 pid=-30.0 apid=-0.6 integ=-0.0 vision=1 current=1 vframe=27327 vs=1 vage=7 vpage=7 vdt=30 vmax=13390 vacc=26565 vrej=0 seq=0 elapsed=0 oled=3C
[   7641] STATUS mode=3 fault=none enc=-104 denc=0 sreq=-30 sapplied=-30 crate=-30 uimp=-171060 upos=0 uneg=5785 ball=-43.96 vball=0.09 aball=-1.5 bref=0.00 pid=-30.0 apid=-0.6 integ=-0.0 vision=1 current=1 vframe=27327 vs=1 vage=27 vpage=27 vdt=30 vmax=13390 vacc=26565 vrej=0 seq=0 elapsed=0 oled=3C
[   7655] STATUS mode=3 fault=none enc=-105 denc=0 sreq=0 sapplied=0 crate=-11 uimp=-171605 upos=0 uneg=5805 ball=-43.65 vball=4.10 aball=-1.5 bref=0.00 pid=-10.9 apid=-0.6 integ=-0.0 vision=1 current=1 vframe=27328 vs=1 vage=33 vpage=33 vdt=34 vmax=13390 vacc=26566 vrej=0 seq=0 elapsed=0 oled=3C
[   7687] STATUS mode=3 fault=none enc=-105 denc=0 sreq=0 sapplied=0 crate=-11 uimp=-171605 upos=0 uneg=5805 ball=-43.65 vball=4.10 aball=-1.5 bref=0.00 pid=-10.9 apid=-0.6 integ=-0.0 vision=1 current=1 vframe=27328 vs=1 vage=53 vpage=53 vdt=34 vmax=13390 vacc=26566 vrej=0 seq=0 elapsed=0 oled=3C
[   7718] STATUS mode=3 fault=none enc=-105 denc=0 sreq=0 sapplied=0 crate=-11 uimp=-171605 upos=0 uneg=5805 ball=-43.65 vball=4.10 aball=-1.5 bref=0.00 pid=-10.9 apid=-0.6 integ=-0.0 vision=1 current=1 vframe=27328 vs=1 vage=73 vpage=73 vdt=34 vmax=13390 vacc=26566 vrej=0 seq=0 elapsed=0 oled=3C
[   7734] STATUS mode=3 fault=none enc=-105 denc=0 sreq=0 sapplied=0 crate=-11 uimp=-171605 upos=0 uneg=5805 ball=-43.65 vball=4.10 aball=-1.5 bref=0.00 pid=-10.9 apid=-0.6 integ=-0.0 vision=1 current=1 vframe=27328 vs=1 vage=93 vpage=93 vdt=34 vmax=13390 vacc=26566 vrej=0 seq=0 elapsed=0 oled=3C
[   7766] STATUS mode=3 fault=none enc=-105 denc=0 sreq=-30 sapplied=-30 crate=-30 uimp=-172145 upos=0 uneg=5825 ball=-43.93 vball=-0.38 aball=-1.5 bref=0.00 pid=-30.0 apid=-0.6 integ=-0.0 vision=1 current=1 vframe=27329 vs=1 vage=31 vpage=31 vdt=102 vmax=13390 vacc=26567 vrej=0 seq=0 elapsed=0 oled=3C
[   7780] STATUS mode=3 fault=none enc=-107 denc=-1 sreq=-30 sapplied=-30 crate=-30 uimp=-172745 upos=0 uneg=5845 ball=-43.97 vball=-0.84 aball=-1.5 bref=0.00 pid=-30.0 apid=-0.6 integ=-0.0 vision=1 current=1 vframe=27330 vs=1 vage=19 vpage=19 vdt=32 vmax=13390 vacc=26568 vrej=0 seq=0 elapsed=0 oled=3C
[   7812] STATUS mode=3 fault=none enc=-106 denc=0 sreq=-30 sapplied=-30 crate=-30 uimp=-173345 upos=0 uneg=5865 ball=-43.98 vball=-0.53 aball=-1.5 bref=0.00 pid=-30.0 apid=-0.6 integ=-0.0 vision=1 current=1 vframe=27331 vs=1 vage=7 vpage=7 vdt=32 vmax=13390 vacc=26569 vrej=0 seq=0 elapsed=0 oled=3C
[   7843] STATUS mode=3 fault=none enc=-107 denc=0 sreq=-30 sapplied=-30 crate=-30 uimp=-174545 upos=0 uneg=5905 ball=-43.98 vball=-0.53 aball=-1.5 bref=0.00 pid=-30.0 apid=-0.6 integ=-0.0 vision=1 current=1 vframe=27331 vs=1 vage=47 vpage=47 vdt=32 vmax=13390 vacc=26569 vrej=0 seq=0 elapsed=0 oled=3C
[   7859] STATUS mode=3 fault=none enc=-108 denc=1 sreq=-30 sapplied=-30 crate=-30 uimp=-175145 upos=0 uneg=5925 ball=-43.98 vball=-0.53 aball=-1.5 bref=0.00 pid=-30.0 apid=-0.6 integ=-0.0 vision=1 current=1 vframe=27331 vs=1 vage=67 vpage=67 vdt=32 vmax=13390 vacc=26569 vrej=0 seq=0 elapsed=0 oled=3C
[   7891] STATUS mode=3 fault=none enc=-110 denc=-1 sreq=-30 sapplied=-30 crate=-30 uimp=-175745 upos=0 uneg=5945 ball=-43.98 vball=-0.53 aball=-1.5 bref=0.00 pid=-30.0 apid=-0.6 integ=-0.0 vision=1 current=1 vframe=27331 vs=1 vage=87 vpage=87 vdt=32 vmax=13390 vacc=26569 vrej=0 seq=0 elapsed=0 oled=3C
[   7921] STATUS mode=3 fault=none enc=-110 denc=0 sreq=-30 sapplied=-30 crate=-30 uimp=-176345 upos=0 uneg=5965 ball=-43.94 vball=0.03 aball=0.3 bref=0.00 pid=-30.0 apid=0.1 integ=-0.0 vision=1 current=1 vframe=27332 vs=1 vage=7 vpage=7 vdt=100 vmax=13390 vacc=26570 vrej=0 seq=0 elapsed=0 oled=3C
[   7937] STATUS mode=3 fault=none enc=-111 denc=0 sreq=-30 sapplied=-30 crate=-30 uimp=-177545 upos=0 uneg=6005 ball=-43.93 vball=0.17 aball=0.3 bref=0.00 pid=-30.0 apid=0.1 integ=-0.0 vision=1 current=1 vframe=27333 vs=1 vage=14 vpage=14 vdt=33 vmax=13390 vacc=26571 vrej=0 seq=0 elapsed=0 oled=3C
[   7968] STATUS mode=3 fault=none enc=-112 denc=0 sreq=-30 sapplied=-30 crate=-30 uimp=-178145 upos=0 uneg=6025 ball=-43.93 vball=0.17 aball=0.3 bref=0.00 pid=-30.0 apid=0.1 integ=-0.0 vision=1 current=1 vframe=27333 vs=1 vage=34 vpage=34 vdt=33 vmax=13390 vacc=26571 vrej=0 seq=0 elapsed=0 oled=3C
[   7984] STATUS mode=3 fault=none enc=-113 denc=-1 sreq=-30 sapplied=-30 crate=-30 uimp=-178745 upos=0 uneg=6045 ball=-43.92 vball=0.10 aball=0.3 bref=0.00 pid=-30.0 apid=0.1 integ=-0.0 vision=1 current=1 vframe=27334 vs=1 vage=20 vpage=20 vdt=34 vmax=13390 vacc=26572 vrej=0 seq=0 elapsed=0 oled=3C
[   8016] STATUS mode=3 fault=none enc=-113 denc=0 sreq=-30 sapplied=-30 crate=-30 uimp=-179345 upos=0 uneg=6065 ball=-43.92 vball=0.10 aball=0.3 bref=0.00 pid=-30.0 apid=0.1 integ=-0.0 vision=1 current=1 vframe=27334 vs=1 vage=40 vpage=40 vdt=34 vmax=13390 vacc=26572 vrej=0 seq=0 elapsed=0 oled=3C
[   8046] STATUS mode=3 fault=none enc=-114 denc=0 sreq=-30 sapplied=-30 crate=-30 uimp=-180545 upos=0 uneg=6105 ball=-43.92 vball=0.10 aball=0.3 bref=0.00 pid=-30.0 apid=0.1 integ=-0.0 vision=1 current=1 vframe=27334 vs=1 vage=80 vpage=80 vdt=34 vmax=13390 vacc=26572 vrej=0 seq=0 elapsed=0 oled=3C
[   8062] STATUS mode=3 fault=none enc=-116 denc=-1 sreq=-30 sapplied=-30 crate=-30 uimp=-181145 upos=0 uneg=6125 ball=-43.92 vball=0.10 aball=0.3 bref=0.00 pid=-30.0 apid=0.1 integ=-0.0 vision=1 current=1 vframe=27334 vs=1 vage=100 vpage=100 vdt=34 vmax=13390 vacc=26572 vrej=0 seq=0 elapsed=0 oled=3C
[   8093] STATUS mode=3 fault=none enc=-117 denc=-1 sreq=-30 sapplied=-30 crate=-30 uimp=-181745 upos=0 uneg=6145 ball=-43.92 vball=0.06 aball=0.2 bref=0.00 pid=-30.0 apid=0.1 integ=-0.0 vision=1 current=1 vframe=27335 vs=1 vage=2 vpage=2 vdt=118 vmax=13390 vacc=26573 vrej=0 seq=0 elapsed=0 oled=3C
[   8109] STATUS mode=3 fault=none enc=-118 denc=0 sreq=-30 sapplied=-30 crate=-30 uimp=-182945 upos=0 uneg=6185 ball=-43.91 vball=0.18 aball=0.2 bref=0.00 pid=-30.0 apid=0.1 integ=-0.0 vision=1 current=1 vframe=27336 vs=1 vage=10 vpage=10 vdt=32 vmax=13390 vacc=26574 vrej=0 seq=0 elapsed=0 oled=3C
[   8141] STATUS mode=3 fault=none enc=-118 denc=0 sreq=-30 sapplied=-30 crate=-30 uimp=-183545 upos=0 uneg=6205 ball=-43.91 vball=0.18 aball=0.2 bref=0.00 pid=-30.0 apid=0.1 integ=-0.0 vision=1 current=1 vframe=27336 vs=1 vage=30 vpage=30 vdt=32 vmax=13390 vacc=26574 vrej=0 seq=0 elapsed=0 oled=3C
[   8171] STATUS mode=3 fault=none enc=-119 denc=0 sreq=-30 sapplied=-30 crate=-30 uimp=-184145 upos=0 uneg=6225 ball=-43.91 vball=0.15 aball=0.2 bref=0.00 pid=-30.0 apid=0.1 integ=-0.0 vision=1 current=1 vframe=27337 vs=1 vage=17 vpage=17 vdt=33 vmax=13390 vacc=26575 vrej=0 seq=0 elapsed=0 oled=3C
[   8187] STATUS mode=3 fault=none enc=-121 denc=-1 sreq=-30 sapplied=-30 crate=-30 uimp=-184745 upos=0 uneg=6245 ball=-43.91 vball=0.15 aball=0.2 bref=0.00 pid=-30.0 apid=0.1 integ=-0.0 vision=1 current=1 vframe=27337 vs=1 vage=37 vpage=37 vdt=33 vmax=13390 vacc=26575 vrej=0 seq=0 elapsed=0 oled=3C
[   8218] STATUS mode=3 fault=none enc=-122 denc=0 sreq=-30 sapplied=-30 crate=-30 uimp=-185945 upos=0 uneg=6285 ball=-43.91 vball=0.15 aball=0.2 bref=0.00 pid=-30.0 apid=0.1 integ=-0.0 vision=1 current=1 vframe=27337 vs=1 vage=77 vpage=77 vdt=33 vmax=13390 vacc=26575 vrej=0 seq=0 elapsed=0 oled=3C
[   8250] STATUS mode=3 fault=none enc=-122 denc=0 sreq=-30 sapplied=-30 crate=-30 uimp=-186545 upos=0 uneg=6305 ball=-43.91 vball=0.15 aball=0.2 bref=0.00 pid=-30.0 apid=0.1 integ=-0.0 vision=1 current=1 vframe=27337 vs=1 vage=97 vpage=97 vdt=33 vmax=13390 vacc=26575 vrej=0 seq=0 elapsed=0 oled=3C
[   8266] STATUS mode=3 fault=none enc=-123 denc=0 sreq=-30 sapplied=-30 crate=-30 uimp=-187145 upos=0 uneg=6325 ball=-43.90 vball=0.12 aball=0.3 bref=0.00 pid=-30.0 apid=0.1 integ=-0.0 vision=1 current=1 vframe=27338 vs=1 vage=20 vpage=20 vdt=97 vmax=13390 vacc=26576 vrej=0 seq=0 elapsed=0 oled=3C
[   8296] STATUS mode=3 fault=none enc=-125 denc=-1 sreq=-30 sapplied=-30 crate=-30 uimp=-187745 upos=0 uneg=6345 ball=-43.89 vball=0.09 aball=0.3 bref=0.00 pid=-30.0 apid=0.1 integ=-0.0 vision=1 current=1 vframe=27339 vs=1 vage=3 vpage=3 vdt=37 vmax=13390 vacc=26577 vrej=0 seq=0 elapsed=0 oled=3C
[   8312] STATUS mode=3 fault=none enc=-126 denc=0 sreq=-30 sapplied=-30 crate=-30 uimp=-188945 upos=0 uneg=6385 ball=-43.89 vball=0.09 aball=0.3 bref=0.00 pid=-30.0 apid=0.1 integ=-0.0 vision=1 current=1 vframe=27339 vs=1 vage=43 vpage=43 vdt=37 vmax=13390 vacc=26577 vrej=0 seq=0 elapsed=0 oled=3C
[   8343] STATUS mode=3 fault=none enc=-126 denc=0 sreq=-30 sapplied=-30 crate=-30 uimp=-189545 upos=0 uneg=6405 ball=-43.89 vball=0.09 aball=0.3 bref=0.00 pid=-30.0 apid=0.1 integ=-0.0 vision=1 current=1 vframe=27339 vs=1 vage=63 vpage=63 vdt=37 vmax=13390 vacc=26577 vrej=0 seq=0 elapsed=0 oled=3C
[   8375] STATUS mode=3 fault=none enc=-127 denc=0 sreq=-30 sapplied=-30 crate=-30 uimp=-190145 upos=0 uneg=6425 ball=-43.89 vball=0.09 aball=0.3 bref=0.00 pid=-30.0 apid=0.1 integ=-0.0 vision=1 current=1 vframe=27339 vs=1 vage=83 vpage=83 vdt=37 vmax=13390 vacc=26577 vrej=0 seq=0 elapsed=0 oled=3C
[   8391] STATUS mode=3 fault=none enc=-129 denc=-1 sreq=-30 sapplied=-30 crate=-30 uimp=-190745 upos=0 uneg=6445 ball=-43.89 vball=0.09 aball=0.3 bref=0.00 pid=-30.0 apid=0.1 integ=-0.0 vision=1 current=1 vframe=27339 vs=1 vage=103 vpage=103 vdt=37 vmax=13390 vacc=26577 vrej=0 seq=0 elapsed=0 oled=3C
[   8421] STATUS mode=3 fault=none enc=-130 denc=0 sreq=-30 sapplied=-30 crate=-30 uimp=-191945 upos=0 uneg=6485 ball=-43.88 vball=0.17 aball=0.4 bref=0.00 pid=-30.0 apid=0.2 integ=-0.0 vision=1 current=1 vframe=27341 vs=1 vage=28 vpage=28 vdt=8 vmax=13390 vacc=26579 vrej=0 seq=0 elapsed=0 oled=3C
[   8437] STATUS mode=3 fault=none enc=-130 denc=0 sreq=0 sapplied=0 crate=-19 uimp=-192490 upos=0 uneg=6505 ball=-43.55 vball=5.98 aball=0.4 bref=0.00 pid=1.2 apid=0.2 integ=-0.0 vision=1 current=1 vframe=27342 vs=1 vage=13 vpage=13 vdt=35 vmax=13390 vacc=26580 vrej=0 seq=0 elapsed=0 oled=3C
[   8468] STATUS mode=3 fault=none enc=-131 denc=0 sreq=0 sapplied=0 crate=-4 uimp=-192490 upos=0 uneg=6505 ball=-43.55 vball=5.98 aball=0.4 bref=0.00 pid=1.2 apid=0.2 integ=-0.0 vision=1 current=1 vframe=27342 vs=1 vage=33 vpage=33 vdt=35 vmax=13390 vacc=26580 vrej=0 seq=0 elapsed=0 oled=3C
[   8500] STATUS mode=3 fault=none enc=-131 denc=0 sreq=0 sapplied=0 crate=1 uimp=-192490 upos=0 uneg=6505 ball=-43.55 vball=5.98 aball=0.4 bref=0.00 pid=1.2 apid=0.2 integ=-0.0 vision=1 current=1 vframe=27342 vs=1 vage=53 vpage=53 vdt=35 vmax=13390 vacc=26580 vrej=0 seq=0 elapsed=0 oled=3C
[   8516] STATUS mode=3 fault=none enc=-131 denc=0 sreq=0 sapplied=0 crate=1 uimp=-192490 upos=0 uneg=6505 ball=-43.55 vball=5.98 aball=0.4 bref=0.00 pid=1.2 apid=0.2 integ=-0.0 vision=1 current=1 vframe=27342 vs=1 vage=93 vpage=93 vdt=35 vmax=13390 vacc=26580 vrej=0 seq=0 elapsed=0 oled=3C
[   8546] STATUS mode=3 fault=none enc=-131 denc=0 sreq=0 sapplied=0 crate=-3 uimp=-192490 upos=0 uneg=6505 ball=-43.56 vball=3.10 aball=8.7 bref=0.00 pid=-12.8 apid=3.5 integ=-0.0 vision=1 current=1 vframe=27343 vs=1 vage=2 vpage=2 vdt=111 vmax=13390 vacc=26581 vrej=0 seq=0 elapsed=0 oled=3C
[   8562] STATUS mode=3 fault=none enc=-131 denc=0 sreq=0 sapplied=0 crate=-17 uimp=-192490 upos=0 uneg=6505 ball=-43.51 vball=2.40 aball=8.7 bref=0.00 pid=-16.9 apid=3.5 integ=-0.0 vision=1 current=1 vframe=27344 vs=1 vage=14 vpage=14 vdt=8 vmax=13390 vacc=26582 vrej=0 seq=0 elapsed=0 oled=3C
[   8593] STATUS mode=3 fault=none enc=-131 denc=0 sreq=-21 sapplied=-21 crate=-21 uimp=-192490 upos=0 uneg=6505 ball=-43.58 vball=0.21 aball=8.7 bref=0.00 pid=-30.0 apid=3.5 integ=-0.0 vision=1 current=1 vframe=27345 vs=1 vage=3 vpage=3 vdt=31 vmax=13390 vacc=26583 vrej=0 seq=0 elapsed=0 oled=3C
[   8625] STATUS mode=3 fault=none enc=-132 denc=0 sreq=-30 sapplied=-30 crate=-30 uimp=-193605 upos=0 uneg=6545 ball=-43.59 vball=-0.04 aball=8.7 bref=0.00 pid=-30.0 apid=3.5 integ=-0.0 vision=1 current=1 vframe=27346 vs=1 vage=10 vpage=10 vdt=33 vmax=13390 vacc=26584 vrej=0 seq=0 elapsed=0 oled=3C
[   8641] STATUS mode=3 fault=none enc=-132 denc=0 sreq=-30 sapplied=-30 crate=-30 uimp=-194205 upos=0 uneg=6565 ball=-43.59 vball=-0.04 aball=8.7 bref=0.00 pid=-30.0 apid=3.5 integ=-0.0 vision=1 current=1 vframe=27346 vs=1 vage=30 vpage=30 vdt=33 vmax=13390 vacc=26584 vrej=0 seq=0 elapsed=0 oled=3C
[   8671] STATUS mode=3 fault=none enc=-133 denc=0 sreq=-30 sapplied=-30 crate=-30 uimp=-194805 upos=0 uneg=6585 ball=-43.59 vball=-0.04 aball=8.7 bref=0.00 pid=-30.0 apid=3.5 integ=-0.0 vision=1 current=1 vframe=27346 vs=1 vage=50 vpage=50 vdt=33 vmax=13390 vacc=26584 vrej=0 seq=0 elapsed=0 oled=3C
[   8687] STATUS mode=3 fault=none enc=-133 denc=0 sreq=-30 sapplied=-30 crate=-30 uimp=-195405 upos=0 uneg=6605 ball=-43.59 vball=-0.04 aball=8.7 bref=0.00 pid=-30.0 apid=3.5 integ=-0.0 vision=1 current=1 vframe=27346 vs=1 vage=70 vpage=70 vdt=33 vmax=13390 vacc=26584 vrej=0 seq=0 elapsed=0 oled=3C
[   8718] STATUS mode=3 fault=none enc=-136 denc=-1 sreq=-30 sapplied=-30 crate=-30 uimp=-196605 upos=0 uneg=6645 ball=-43.59 vball=-0.04 aball=-3.2 bref=0.00 pid=-30.0 apid=-1.3 integ=-0.0 vision=1 current=1 vframe=27347 vs=1 vage=6 vpage=6 vdt=104 vmax=13390 vacc=26585 vrej=0 seq=0 elapsed=0 oled=3C
[   8750] STATUS mode=3 fault=none enc=-136 denc=0 sreq=-30 sapplied=-30 crate=-30 uimp=-197205 upos=0 uneg=6665 ball=-43.59 vball=-0.04 aball=-3.2 bref=0.00 pid=-30.0 apid=-1.3 integ=-0.0 vision=1 current=1 vframe=27347 vs=1 vage=26 vpage=26 vdt=104 vmax=13390 vacc=26585 vrej=0 seq=0 elapsed=0 oled=3C
[   8766] STATUS mode=3 fault=none enc=-137 denc=0 sreq=-30 sapplied=-30 crate=-30 uimp=-197805 upos=0 uneg=6685 ball=-43.59 vball=-0.01 aball=-3.2 bref=0.00 pid=-30.0 apid=-1.3 integ=-0.0 vision=1 current=1 vframe=27348 vs=1 vage=16 vpage=16 vdt=30 vmax=13390 vacc=26586 vrej=0 seq=0 elapsed=0 oled=3C
[   8796] STATUS mode=3 fault=none enc=-139 denc=-1 sreq=-30 sapplied=-30 crate=-30 uimp=-199005 upos=0 uneg=6725 ball=-43.59 vball=-0.00 aball=-3.2 bref=0.00 pid=-30.0 apid=-1.3 integ=-0.0 vision=1 current=1 vframe=27349 vs=1 vage=23 vpage=23 vdt=33 vmax=13390 vacc=26587 vrej=0 seq=0 elapsed=0 oled=3C
[   8827] STATUS mode=3 fault=none enc=-140 denc=0 sreq=-30 sapplied=-30 crate=-30 uimp=-199605 upos=0 uneg=6745 ball=-43.59 vball=-0.00 aball=-3.2 bref=0.00 pid=-30.0 apid=-1.3 integ=-0.0 vision=1 current=1 vframe=27349 vs=1 vage=43 vpage=43 vdt=33 vmax=13390 vacc=26587 vrej=0 seq=0 elapsed=0 oled=3C
[   8843] STATUS mode=3 fault=none enc=-140 denc=0 sreq=-30 sapplied=-30 crate=-30 uimp=-200205 upos=0 uneg=6765 ball=-43.59 vball=-0.00 aball=-3.2 bref=0.00 pid=-30.0 apid=-1.3 integ=-0.0 vision=1 current=1 vframe=27349 vs=1 vage=63 vpage=63 vdt=33 vmax=13390 vacc=26587 vrej=0 seq=0 elapsed=0 oled=3C
[   8875] STATUS mode=3 fault=none enc=-141 denc=0 sreq=-30 sapplied=-30 crate=-30 uimp=-200805 upos=0 uneg=6785 ball=-43.59 vball=-0.00 aball=-3.2 bref=0.00 pid=-30.0 apid=-1.3 integ=-0.0 vision=1 current=1 vframe=27349 vs=1 vage=83 vpage=83 vdt=33 vmax=13390 vacc=26587 vrej=0 seq=0 elapsed=0 oled=3C
[   8905] STATUS mode=3 fault=none enc=-143 denc=0 sreq=-30 sapplied=-30 crate=-30 uimp=-202005 upos=0 uneg=6825 ball=-43.59 vball=-0.00 aball=-1.7 bref=0.00 pid=-30.0 apid=-0.7 integ=-0.0 vision=1 current=1 vframe=27350 vs=1 vage=14 vpage=14 vdt=109 vmax=13390 vacc=26588 vrej=0 seq=0 elapsed=0 oled=3C
[   8921] STATUS mode=3 fault=none enc=-144 denc=0 sreq=-30 sapplied=-30 crate=-30 uimp=-202605 upos=0 uneg=6845 ball=-43.60 vball=-0.10 aball=-1.7 bref=0.00 pid=-30.0 apid=-0.7 integ=-0.0 vision=1 current=1 vframe=27351 vs=1 vage=10 vpage=10 vdt=24 vmax=13390 vacc=26589 vrej=0 seq=0 elapsed=0 oled=3C
[   8952] STATUS mode=3 fault=none enc=-144 denc=0 sreq=-30 sapplied=-30 crate=-30 uimp=-203205 upos=0 uneg=6865 ball=-43.60 vball=-0.10 aball=-1.7 bref=0.00 pid=-30.0 apid=-0.7 integ=-0.0 vision=1 current=1 vframe=27351 vs=1 vage=30 vpage=30 vdt=24 vmax=13390 vacc=26589 vrej=0 seq=0 elapsed=0 oled=3C
[   8968] STATUS mode=3 fault=none enc=-145 denc=-1 sreq=0 sapplied=0 crate=-15 uimp=-203600 upos=0 uneg=6880 ball=-43.37 vball=3.93 aball=-1.7 bref=0.00 pid=-11.8 apid=-0.7 integ=-0.0 vision=1 current=1 vframe=27352 vs=1 vage=17 vpage=17 vdt=33 vmax=13390 vacc=26590 vrej=0 seq=0 elapsed=0 oled=3C
[   9000] STATUS mode=3 fault=none enc=-145 denc=0 sreq=0 sapplied=0 crate=-12 uimp=-203600 upos=0 uneg=6880 ball=-43.37 vball=3.93 aball=-1.7 bref=0.00 pid=-11.8 apid=-0.7 integ=-0.0 vision=1 current=1 vframe=27352 vs=1 vage=57 vpage=57 vdt=33 vmax=13390 vacc=26590 vrej=0 seq=0 elapsed=0 oled=3C
[   9030] STATUS mode=3 fault=none enc=-145 denc=0 sreq=0 sapplied=0 crate=-12 uimp=-203600 upos=0 uneg=6880 ball=-43.37 vball=3.93 aball=-1.7 bref=0.00 pid=-11.8 apid=-0.7 integ=-0.0 vision=1 current=1 vframe=27352 vs=1 vage=77 vpage=77 vdt=33 vmax=13390 vacc=26590 vrej=0 seq=0 elapsed=0 oled=3C
[   9046] STATUS mode=3 fault=none enc=-145 denc=0 sreq=0 sapplied=0 crate=-12 uimp=-203600 upos=0 uneg=6880 ball=-43.37 vball=3.93 aball=-1.7 bref=0.00 pid=-11.8 apid=-0.7 integ=-0.0 vision=1 current=1 vframe=27352 vs=1 vage=97 vpage=97 vdt=33 vmax=13390 vacc=26590 vrej=0 seq=0 elapsed=0 oled=3C
[   9077] STATUS mode=3 fault=none enc=-145 denc=0 sreq=0 sapplied=0 crate=-15 uimp=-203600 upos=0 uneg=6880 ball=-43.26 vball=0.54 aball=8.6 bref=0.00 pid=-10.8 apid=3.4 integ=-0.0 vision=1 current=1 vframe=27353 vs=1 vage=14 vpage=14 vdt=103 vmax=13390 vacc=26591 vrej=0 seq=0 elapsed=0 oled=3C
[   9093] STATUS mode=3 fault=none enc=-145 denc=0 sreq=-28 sapplied=-28 crate=-28 uimp=-203840 upos=0 uneg=6890 ball=-43.26 vball=0.54 aball=8.6 bref=0.00 pid=-27.9 apid=3.4 integ=-0.0 vision=1 current=1 vframe=27354 vs=1 vage=24 vpage=24 vdt=30 vmax=13390 vacc=26592 vrej=0 seq=0 elapsed=0 oled=3C
[   9125] STATUS mode=3 fault=none enc=-145 denc=0 sreq=-29 sapplied=-29 crate=-29 uimp=-204410 upos=0 uneg=6910 ball=-43.25 vball=0.42 aball=8.6 bref=0.00 pid=-28.6 apid=3.4 integ=-0.0 vision=1 current=1 vframe=27355 vs=1 vage=11 vpage=11 vdt=33 vmax=13390 vacc=26593 vrej=0 seq=0 elapsed=0 oled=3C
[   9155] STATUS mode=3 fault=none enc=-147 denc=-1 sreq=-29 sapplied=-29 crate=-29 uimp=-204990 upos=0 uneg=6930 ball=-43.25 vball=0.42 aball=8.6 bref=0.00 pid=-28.6 apid=3.4 integ=-0.0 vision=1 current=1 vframe=27355 vs=1 vage=31 vpage=31 vdt=33 vmax=13390 vacc=26593 vrej=0 seq=0 elapsed=0 oled=3C
[   9171] STATUS mode=3 fault=none enc=-148 denc=0 sreq=-29 sapplied=-29 crate=-29 uimp=-206150 upos=0 uneg=6970 ball=-43.25 vball=0.42 aball=8.6 bref=0.00 pid=-28.6 apid=3.4 integ=-0.0 vision=1 current=1 vframe=27355 vs=1 vage=71 vpage=71 vdt=33 vmax=13390 vacc=26593 vrej=0 seq=0 elapsed=0 oled=3C
[   9202] STATUS mode=3 fault=none enc=-149 denc=-1 sreq=-29 sapplied=-29 crate=-29 uimp=-206730 upos=0 uneg=6990 ball=-43.25 vball=0.42 aball=8.6 bref=0.00 pid=-28.6 apid=3.4 integ=-0.0 vision=1 current=1 vframe=27355 vs=1 vage=91 vpage=91 vdt=33 vmax=13390 vacc=26593 vrej=0 seq=0 elapsed=0 oled=3C
[   9234] STATUS mode=3 fault=none enc=-149 denc=0 sreq=-30 sapplied=-30 crate=-30 uimp=-207315 upos=0 uneg=7010 ball=-43.24 vball=0.31 aball=-3.6 bref=0.00 pid=-30.0 apid=-1.4 integ=-0.0 vision=1 current=1 vframe=27356 vs=1 vage=7 vpage=7 vdt=104 vmax=13390 vacc=26594 vrej=0 seq=0 elapsed=0 oled=3C
[   9250] STATUS mode=3 fault=none enc=-150 denc=0 sreq=-30 sapplied=-30 crate=-30 uimp=-207915 upos=0 uneg=7030 ball=-43.24 vball=0.31 aball=-3.6 bref=0.00 pid=-30.0 apid=-1.4 integ=-0.0 vision=1 current=1 vframe=27356 vs=1 vage=27 vpage=27 vdt=104 vmax=13390 vacc=26594 vrej=0 seq=0 elapsed=0 oled=3C
[   9280] STATUS mode=3 fault=none enc=-151 denc=0 sreq=-30 sapplied=-30 crate=-30 uimp=-209115 upos=0 uneg=7070 ball=-43.27 vball=-0.15 aball=-3.6 bref=0.00 pid=-30.0 apid=-1.4 integ=-0.0 vision=1 current=1 vframe=27358 vs=1 vage=4 vpage=4 vdt=34 vmax=13390 vacc=26596 vrej=0 seq=0 elapsed=0 oled=3C
[   9312] STATUS mode=3 fault=none enc=-152 denc=0 sreq=-30 sapplied=-30 crate=-30 uimp=-209715 upos=0 uneg=7090 ball=-43.27 vball=-0.15 aball=-3.6 bref=0.00 pid=-30.0 apid=-1.4 integ=-0.0 vision=1 current=1 vframe=27358 vs=1 vage=24 vpage=24 vdt=34 vmax=13390 vacc=26596 vrej=0 seq=0 elapsed=0 oled=3C
[   9327] STATUS mode=3 fault=none enc=-152 denc=0 sreq=-30 sapplied=-30 crate=-30 uimp=-210315 upos=0 uneg=7110 ball=-43.27 vball=-0.15 aball=-3.6 bref=0.00 pid=-30.0 apid=-1.4 integ=-0.0 vision=1 current=1 vframe=27358 vs=1 vage=44 vpage=44 vdt=34 vmax=13390 vacc=26596 vrej=0 seq=0 elapsed=0 oled=3C
[   9359] STATUS mode=3 fault=none enc=-153 denc=0 sreq=-30 sapplied=-30 crate=-30 uimp=-210915 upos=0 uneg=7130 ball=-43.27 vball=-0.15 aball=-3.6 bref=0.00 pid=-30.0 apid=-1.4 integ=-0.0 vision=1 current=1 vframe=27358 vs=1 vage=64 vpage=64 vdt=34 vmax=13390 vacc=26596 vrej=0 seq=0 elapsed=0 oled=3C
[   9375] STATUS mode=3 fault=none enc=-155 denc=-1 sreq=-30 sapplied=-30 crate=-30 uimp=-212115 upos=0 uneg=7170 ball=-43.27 vball=-0.15 aball=-3.6 bref=0.00 pid=-30.0 apid=-1.4 integ=-0.0 vision=1 current=1 vframe=27358 vs=1 vage=104 vpage=104 vdt=34 vmax=13390 vacc=26596 vrej=0 seq=0 elapsed=0 oled=3C
[   9405] STATUS mode=3 fault=none enc=-156 denc=-1 sreq=-30 sapplied=-30 crate=-30 uimp=-212715 upos=0 uneg=7190 ball=-43.19 vball=0.54 aball=-1.4 bref=0.00 pid=-30.0 apid=-0.6 integ=-0.0 vision=1 current=1 vframe=27359 vs=1 vage=1 vpage=1 vdt=123 vmax=13390 vacc=26597 vrej=0 seq=0 elapsed=0 oled=3C
[   9437] STATUS mode=3 fault=none enc=-156 denc=0 sreq=-30 sapplied=-30 crate=-30 uimp=-213315 upos=0 uneg=7210 ball=-43.46 vball=-3.83 aball=-1.4 bref=0.00 pid=-30.0 apid=-0.6 integ=-0.0 vision=1 current=1 vframe=27360 vs=1 vage=3 vpage=3 vdt=18 vmax=13390 vacc=26598 vrej=0 seq=0 elapsed=0 oled=3C
[   9452] STATUS mode=3 fault=none enc=-157 denc=0 sreq=-30 sapplied=-30 crate=-30 uimp=-214515 upos=0 uneg=7250 ball=-43.49 vball=-2.63 aball=-1.4 bref=0.00 pid=-30.0 apid=-0.6 integ=-0.0 vision=1 current=1 vframe=27361 vs=1 vage=16 vpage=16 vdt=27 vmax=13390 vacc=26599 vrej=0 seq=0 elapsed=0 oled=3C
[   9484] STATUS mode=3 fault=none enc=-158 denc=0 sreq=-30 sapplied=-30 crate=-30 uimp=-215115 upos=0 uneg=7270 ball=-43.49 vball=-2.63 aball=-1.4 bref=0.00 pid=-30.0 apid=-0.6 integ=-0.0 vision=1 current=1 vframe=27361 vs=1 vage=36 vpage=36 vdt=27 vmax=13390 vacc=26599 vrej=0 seq=0 elapsed=0 oled=3C
[   9516] STATUS mode=3 fault=none enc=-160 denc=-1 sreq=-30 sapplied=-30 crate=-30 uimp=-215715 upos=0 uneg=7290 ball=-43.49 vball=-2.63 aball=-1.4 bref=0.00 pid=-30.0 apid=-0.6 integ=-0.0 vision=1 current=1 vframe=27361 vs=1 vage=56 vpage=56 vdt=27 vmax=13390 vacc=26599 vrej=0 seq=0 elapsed=0 oled=3C
[   9530] STATUS mode=3 fault=none enc=-160 denc=0 sreq=-30 sapplied=-30 crate=-30 uimp=-216315 upos=0 uneg=7310 ball=-43.49 vball=-2.63 aball=-1.4 bref=0.00 pid=-30.0 apid=-0.6 integ=-0.0 vision=1 current=1 vframe=27361 vs=1 vage=76 vpage=76 vdt=27 vmax=13390 vacc=26599 vrej=0 seq=0 elapsed=0 oled=3C
[   9562] STATUS mode=3 fault=none enc=-161 denc=0 sreq=-30 sapplied=-30 crate=-30 uimp=-217515 upos=0 uneg=7350 ball=-43.48 vball=0.34 aball=-7.4 bref=0.00 pid=-30.0 apid=-2.9 integ=-0.0 vision=1 current=1 vframe=27363 vs=1 vage=1 vpage=1 vdt=21 vmax=13390 vacc=26601 vrej=0 seq=0 elapsed=0 oled=3C
[   9577] STATUS mode=3 fault=none enc=-162 denc=0 sreq=-30 sapplied=-30 crate=-30 uimp=-218115 upos=0 uneg=7370 ball=-43.48 vball=0.34 aball=-7.4 bref=0.00 pid=-30.0 apid=-2.9 integ=-0.0 vision=1 current=1 vframe=27363 vs=1 vage=21 vpage=21 vdt=21 vmax=13390 vacc=26601 vrej=0 seq=0 elapsed=0 oled=3C
[   9609] STATUS mode=3 fault=none enc=-164 denc=-1 sreq=-30 sapplied=-30 crate=-30 uimp=-218715 upos=0 uneg=7390 ball=-43.47 vball=0.34 aball=-7.4 bref=0.00 pid=-30.0 apid=-2.9 integ=-0.0 vision=1 current=1 vframe=27364 vs=1 vage=7 vpage=7 vdt=34 vmax=13390 vacc=26602 vrej=0 seq=0 elapsed=0 oled=3C
[   9641] STATUS mode=3 fault=none enc=-163 denc=0 sreq=-30 sapplied=-30 crate=-30 uimp=-219315 upos=0 uneg=7410 ball=-43.47 vball=0.34 aball=-7.4 bref=0.00 pid=-30.0 apid=-2.9 integ=-0.0 vision=1 current=1 vframe=27364 vs=1 vage=27 vpage=27 vdt=34 vmax=13390 vacc=26602 vrej=0 seq=0 elapsed=0 oled=3C
[   9655] STATUS mode=3 fault=none enc=-165 denc=-1 sreq=-30 sapplied=-30 crate=-30 uimp=-220515 upos=0 uneg=7450 ball=-43.47 vball=0.34 aball=-7.4 bref=0.00 pid=-30.0 apid=-2.9 integ=-0.0 vision=1 current=1 vframe=27364 vs=1 vage=67 vpage=67 vdt=34 vmax=13390 vacc=26602 vrej=0 seq=0 elapsed=0 oled=3C
[   9687] STATUS mode=3 fault=none enc=-166 denc=0 sreq=-30 sapplied=-30 crate=-30 uimp=-221115 upos=0 uneg=7470 ball=-43.47 vball=0.34 aball=-7.4 bref=0.00 pid=-30.0 apid=-2.9 integ=-0.0 vision=1 current=1 vframe=27364 vs=1 vage=87 vpage=87 vdt=34 vmax=13390 vacc=26602 vrej=0 seq=0 elapsed=0 oled=3C
[   9718] STATUS mode=3 fault=none enc=-166 denc=0 sreq=0 sapplied=0 crate=-19 uimp=-221660 upos=0 uneg=7490 ball=-43.33 vball=2.42 aball=7.7 bref=0.00 pid=-17.1 apid=3.1 integ=-0.0 vision=1 current=1 vframe=27365 vs=1 vage=12 vpage=12 vdt=95 vmax=13390 vacc=26603 vrej=0 seq=0 elapsed=0 oled=3C
[   9734] STATUS mode=3 fault=none enc=-167 denc=0 sreq=-30 sapplied=-30 crate=-30 uimp=-222330 upos=0 uneg=7515 ball=-43.46 vball=-1.86 aball=7.7 bref=0.00 pid=-30.0 apid=3.1 integ=-0.0 vision=1 current=1 vframe=27366 vs=1 vage=30 vpage=30 vdt=22 vmax=13390 vacc=26604 vrej=0 seq=0 elapsed=0 oled=3C
[   9766] STATUS mode=3 fault=none enc=-169 denc=0 sreq=-30 sapplied=-30 crate=-30 uimp=-222930 upos=0 uneg=7535 ball=-43.54 vball=-2.34 aball=7.7 bref=0.00 pid=-30.0 apid=3.1 integ=-0.0 vision=1 current=1 vframe=27367 vs=1 vage=17 vpage=17 vdt=33 vmax=13390 vacc=26605 vrej=0 seq=0 elapsed=0 oled=3C
[   9780] STATUS mode=3 fault=none enc=-169 denc=-1 sreq=-30 sapplied=-30 crate=-30 uimp=-223530 upos=0 uneg=7555 ball=-43.54 vball=-2.34 aball=7.7 bref=0.00 pid=-30.0 apid=3.1 integ=-0.0 vision=1 current=1 vframe=27367 vs=1 vage=37 vpage=37 vdt=33 vmax=13390 vacc=26605 vrej=0 seq=0 elapsed=0 oled=3C
[   9812] STATUS mode=3 fault=none enc=-170 denc=0 sreq=-30 sapplied=-30 crate=-30 uimp=-224130 upos=0 uneg=7575 ball=-43.54 vball=-2.34 aball=7.7 bref=0.00 pid=-30.0 apid=3.1 integ=-0.0 vision=1 current=1 vframe=27367 vs=1 vage=57 vpage=57 vdt=33 vmax=13390 vacc=26605 vrej=0 seq=0 elapsed=0 oled=3C
[   9843] STATUS mode=3 fault=none enc=-171 denc=0 sreq=-30 sapplied=-30 crate=-30 uimp=-225330 upos=0 uneg=7615 ball=-43.54 vball=-2.34 aball=7.7 bref=0.00 pid=-30.0 apid=3.1 integ=-0.0 vision=1 current=1 vframe=27367 vs=1 vage=97 vpage=97 vdt=33 vmax=13390 vacc=26605 vrej=0 seq=0 elapsed=0 oled=3C
[   9859] STATUS mode=3 fault=none enc=-172 denc=0 sreq=-30 sapplied=-30 crate=-30 uimp=-225930 upos=0 uneg=7635 ball=-43.62 vball=-1.77 aball=-7.9 bref=0.00 pid=-30.0 apid=-3.2 integ=-0.0 vision=1 current=1 vframe=27368 vs=1 vage=17 vpage=17 vdt=100 vmax=13390 vacc=26606 vrej=0 seq=0 elapsed=0 oled=3C
[   9891] STATUS mode=3 fault=none enc=-173 denc=-1 sreq=0 sapplied=0 crate=-15 uimp=-226325 upos=0 uneg=7650 ball=-41.71 vball=44.89 aball=-7.9 bref=0.00 pid=30.0 apid=-3.2 integ=-0.0 vision=1 current=1 vframe=27369 vs=1 vage=18 vpage=18 vdt=19 vmax=13390 vacc=26607 vrej=0 seq=0 elapsed=0 oled=3C
[   9921] STATUS mode=3 fault=none enc=-173 denc=0 sreq=0 sapplied=0 crate=0 uimp=-226325 upos=0 uneg=7650 ball=-40.34 vball=43.30 aball=-7.9 bref=0.00 pid=30.0 apid=-3.2 integ=-0.0 vision=1 current=1 vframe=27370 vs=1 vage=5 vpage=5 vdt=33 vmax=13390 vacc=26608 vrej=0 seq=0 elapsed=0 oled=3C
[   9937] STATUS mode=3 fault=none enc=-173 denc=0 sreq=30 sapplied=30 crate=30 uimp=-226195 upos=5 uneg=7650 ball=-40.34 vball=43.30 aball=-7.9 bref=0.00 pid=30.0 apid=-3.2 integ=-0.0 vision=1 current=1 vframe=27370 vs=1 vage=45 vpage=45 vdt=33 vmax=13390 vacc=26608 vrej=0 seq=0 elapsed=0 oled=3C
[   9968] STATUS mode=3 fault=none enc=-173 denc=0 sreq=30 sapplied=30 crate=30 uimp=-225595 upos=25 uneg=7650 ball=-40.34 vball=43.30 aball=-7.9 bref=0.00 pid=30.0 apid=-3.2 integ=-0.0 vision=1 current=1 vframe=27370 vs=1 vage=65 vpage=65 vdt=33 vmax=13390 vacc=26608 vrej=0 seq=0 elapsed=0 oled=3C
[   9984] STATUS mode=3 fault=none enc=-172 denc=1 sreq=30 sapplied=30 crate=30 uimp=-224995 upos=45 uneg=7650 ball=-40.34 vball=43.30 aball=-7.9 bref=0.00 pid=30.0 apid=-3.2 integ=-0.0 vision=1 current=1 vframe=27370 vs=1 vage=85 vpage=85 vdt=33 vmax=13390 vacc=26608 vrej=0 seq=0 elapsed=0 oled=3C
[  10016] STATUS mode=3 fault=none enc=-172 denc=0 sreq=30 sapplied=30 crate=30 uimp=-224395 upos=65 uneg=7650 ball=-38.16 vball=33.68 aball=101.3 bref=0.00 pid=30.0 apid=40.5 integ=-0.0 vision=1 current=1 vframe=27371 vs=1 vage=6 vpage=6 vdt=99 vmax=13390 vacc=26609 vrej=0 seq=0 elapsed=0 oled=3C
[  10046] STATUS mode=3 fault=none enc=-170 denc=2 sreq=30 sapplied=30 crate=30 uimp=-223195 upos=105 uneg=7650 ball=-33.19 vball=99.99 aball=101.3 bref=0.00 pid=30.0 apid=40.5 integ=-0.0 vision=1 current=1 vframe=27372 vs=1 vage=13 vpage=13 vdt=33 vmax=13390 vacc=26610 vrej=0 seq=0 elapsed=0 oled=3C
[  10062] STATUS mode=3 fault=none enc=-170 denc=0 sreq=30 sapplied=30 crate=30 uimp=-222595 upos=125 uneg=7650 ball=-33.19 vball=99.99 aball=101.3 bref=0.00 pid=30.0 apid=40.5 integ=-0.0 vision=1 current=1 vframe=27372 vs=1 vage=33 vpage=33 vdt=33 vmax=13390 vacc=26610 vrej=0 seq=0 elapsed=0 oled=3C
[  10093] STATUS mode=3 fault=none enc=-169 denc=0 sreq=30 sapplied=30 crate=30 uimp=-221995 upos=145 uneg=7650 ball=-33.19 vball=99.99 aball=101.3 bref=0.00 pid=30.0 apid=40.5 integ=-0.0 vision=1 current=1 vframe=27372 vs=1 vage=53 vpage=53 vdt=33 vmax=13390 vacc=26610 vrej=0 seq=0 elapsed=0 oled=3C
[  10125] STATUS mode=3 fault=none enc=-168 denc=0 sreq=30 sapplied=30 crate=30 uimp=-220795 upos=185 uneg=7650 ball=-33.19 vball=99.99 aball=101.3 bref=0.00 pid=30.0 apid=40.5 integ=-0.0 vision=1 current=1 vframe=27372 vs=1 vage=93 vpage=93 vdt=33 vmax=13390 vacc=26610 vrej=0 seq=0 elapsed=0 oled=3C
[  10141] STATUS mode=3 fault=none enc=-167 denc=1 sreq=30 sapplied=30 crate=30 uimp=-220195 upos=205 uneg=7650 ball=-30.26 vball=95.27 aball=258.0 bref=0.00 pid=30.0 apid=103.2 integ=-0.0 vision=1 current=1 vframe=27373 vs=1 vage=9 vpage=9 vdt=104 vmax=13390 vacc=26611 vrej=0 seq=0 elapsed=0 oled=3C
[  10171] STATUS mode=3 fault=none enc=-166 denc=0 sreq=30 sapplied=30 crate=30 uimp=-219595 upos=225 uneg=7650 ball=-27.44 vball=78.73 aball=258.0 bref=0.00 pid=30.0 apid=103.2 integ=-0.0 vision=1 current=1 vframe=27374 vs=1 vage=18 vpage=18 vdt=11 vmax=13390 vacc=26612 vrej=0 seq=0 elapsed=0 oled=3C
[  10187] STATUS mode=3 fault=none enc=-166 denc=-1 sreq=30 sapplied=30 crate=30 uimp=-218995 upos=245 uneg=7650 ball=-21.33 vball=185.34 aball=258.0 bref=0.00 pid=30.0 apid=103.2 integ=-0.0 vision=1 current=1 vframe=27375 vs=1 vage=20 vpage=20 vdt=18 vmax=13390 vacc=26613 vrej=0 seq=0 elapsed=0 oled=3C
[  10218] STATUS mode=3 fault=none enc=-164 denc=0 sreq=30 sapplied=30 crate=30 uimp=-217795 upos=285 uneg=7650 ball=-17.63 vball=149.39 aball=258.0 bref=0.00 pid=30.0 apid=103.2 integ=-0.0 vision=1 current=1 vframe=27376 vs=1 vage=27 vpage=27 vdt=33 vmax=13390 vacc=26614 vrej=0 seq=0 elapsed=0 oled=3C
[  10250] STATUS mode=3 fault=none enc=-163 denc=1 sreq=30 sapplied=30 crate=30 uimp=-217195 upos=305 uneg=7650 ball=-17.63 vball=149.39 aball=258.0 bref=0.00 pid=30.0 apid=103.2 integ=-0.0 vision=1 current=1 vframe=27376 vs=1 vage=47 vpage=47 vdt=33 vmax=13390 vacc=26614 vrej=0 seq=0 elapsed=0 oled=3C
[  10266] STATUS mode=3 fault=none enc=-162 denc=0 sreq=30 sapplied=30 crate=30 uimp=-216595 upos=325 uneg=7650 ball=-17.63 vball=149.39 aball=258.0 bref=0.00 pid=30.0 apid=103.2 integ=-0.0 vision=1 current=1 vframe=27376 vs=1 vage=67 vpage=67 vdt=33 vmax=13390 vacc=26614 vrej=0 seq=0 elapsed=0 oled=3C
[  10296] STATUS mode=3 fault=none enc=-162 denc=0 sreq=30 sapplied=30 crate=30 uimp=-215995 upos=345 uneg=7650 ball=-17.63 vball=149.39 aball=258.0 bref=0.00 pid=30.0 apid=103.2 integ=-0.0 vision=1 current=1 vframe=27376 vs=1 vage=87 vpage=87 vdt=33 vmax=13390 vacc=26614 vrej=0 seq=0 elapsed=0 oled=3C
[  10327] STATUS mode=3 fault=none enc=-160 denc=1 sreq=30 sapplied=30 crate=30 uimp=-214795 upos=385 uneg=7650 ball=-3.06 vball=246.76 aball=204.9 bref=0.00 pid=30.0 apid=82.0 integ=-0.0 vision=1 current=1 vframe=27378 vs=1 vage=10 vpage=10 vdt=24 vmax=13390 vacc=26616 vrej=0 seq=0 elapsed=0 oled=3C
[  10343] STATUS mode=3 fault=none enc=-159 denc=2 sreq=30 sapplied=30 crate=30 uimp=-214195 upos=405 uneg=7650 ball=-3.06 vball=246.76 aball=204.9 bref=0.00 pid=30.0 apid=82.0 integ=-0.0 vision=1 current=1 vframe=27378 vs=1 vage=30 vpage=30 vdt=24 vmax=13390 vacc=26616 vrej=0 seq=0 elapsed=0 oled=3C
[  10375] STATUS mode=3 fault=none enc=-159 denc=0 sreq=30 sapplied=30 crate=30 uimp=-213595 upos=425 uneg=7650 ball=1.14 vball=188.21 aball=204.9 bref=0.00 pid=30.0 apid=82.0 integ=-0.0 vision=1 current=1 vframe=27379 vs=1 vage=18 vpage=18 vdt=32 vmax=13390 vacc=26617 vrej=0 seq=0 elapsed=0 oled=3C
[  10405] STATUS mode=3 fault=none enc=-158 denc=0 sreq=30 sapplied=30 crate=30 uimp=-212395 upos=465 uneg=7650 ball=1.14 vball=188.21 aball=204.9 bref=0.00 pid=30.0 apid=82.0 integ=-0.0 vision=1 current=1 vframe=27379 vs=1 vage=58 vpage=58 vdt=32 vmax=13390 vacc=26617 vrej=0 seq=0 elapsed=0 oled=3C
[  10421] STATUS mode=3 fault=none enc=-157 denc=-1 sreq=30 sapplied=30 crate=30 uimp=-211795 upos=485 uneg=7650 ball=1.14 vball=188.21 aball=204.9 bref=0.00 pid=30.0 apid=82.0 integ=-0.0 vision=1 current=1 vframe=27379 vs=1 vage=78 vpage=78 vdt=32 vmax=13390 vacc=26617 vrej=0 seq=0 elapsed=0 oled=3C
[  10452] STATUS mode=3 fault=none enc=-155 denc=2 sreq=30 sapplied=30 crate=30 uimp=-211195 upos=505 uneg=7650 ball=9.25 vball=148.69 aball=206.0 bref=0.00 pid=30.0 apid=82.4 integ=-0.0 vision=1 current=1 vframe=27380 vs=1 vage=1 vpage=1 vdt=97 vmax=13390 vacc=26618 vrej=0 seq=0 elapsed=0 oled=3C
[  10468] STATUS mode=3 fault=none enc=-155 denc=0 sreq=30 sapplied=30 crate=30 uimp=-210595 upos=525 uneg=7650 ball=16.62 vball=252.79 aball=206.0 bref=0.00 pid=30.0 apid=82.4 integ=-0.0 vision=1 current=1 vframe=27381 vs=1 vage=1 vpage=1 vdt=20 vmax=13390 vacc=26619 vrej=0 seq=0 elapsed=0 oled=3C
[  10468] >>> stop
[  10500] STATUS mode=3 fault=none enc=-154 denc=0 sreq=30 sapplied=30 crate=30 uimp=-209395 upos=565 uneg=7650 ball=23.59 vball=228.80 aball=206.0 bref=0.00 pid=30.0 apid=82.4 integ=-0.0 vision=1 current=1 vframe=27382 vs=1 vage=7 vpage=7 vdt=34 vmax=13390 vacc=26620 vrej=0 seq=0 elapsed=0 oled=3C
[  10530] STATUS mode=1 fault=none enc=-170 denc=-6 sreq=0 sapplied=0 crate=0 uimp=-209395 upos=565 uneg=7650 ball=23.59 vball=228.80 aball=0.0 bref=0.00 pid=0.0 apid=0.0 integ=0.0 vision=1 current=1 vframe=27382 vs=1 vage=27 vpage=27 vdt=34 vmax=13390 vacc=26620 vrej=0 seq=0 elapsed=0 oled=3C
[  10546] STATUS mode=1 fault=none enc=-172 denc=0 sreq=0 sapplied=0 crate=0 uimp=-209395 upos=565 uneg=7650 ball=23.59 vball=228.80 aball=0.0 bref=0.00 pid=0.0 apid=0.0 integ=0.0 vision=1 current=1 vframe=27382 vs=1 vage=47 vpage=47 vdt=34 vmax=13390 vacc=26620 vrej=0 seq=0 elapsed=0 oled=3C
[  10577] STATUS mode=1 fault=none enc=-172 denc=0 sreq=0 sapplied=0 crate=0 uimp=-209395 upos=565 uneg=7650 ball=23.59 vball=228.80 aball=0.0 bref=0.00 pid=0.0 apid=0.0 integ=0.0 vision=1 current=1 vframe=27382 vs=1 vage=67 vpage=67 vdt=34 vmax=13390 vacc=26620 vrej=0 seq=0 elapsed=0 oled=3C
[  10593] STATUS mode=1 fault=none enc=-172 denc=0 sreq=0 sapplied=0 crate=0 uimp=-209395 upos=565 uneg=7650 ball=31.67 vball=173.19 aball=0.0 bref=0.00 pid=0.0 apid=0.0 integ=0.0 vision=1 current=1 vframe=27383 vs=1 vage=11 vpage=11 vdt=96 vmax=13390 vacc=26621 vrej=0 seq=0 elapsed=0 oled=3C
[  10625] STATUS mode=1 fault=none enc=-172 denc=0 sreq=0 sapplied=0 crate=0 uimp=-209395 upos=565 uneg=7650 ball=31.67 vball=173.19 aball=0.0 bref=0.00 pid=0.0 apid=0.0 integ=0.0 vision=1 current=1 vframe=27383 vs=1 vage=31 vpage=31 vdt=96 vmax=13390 vacc=26621 vrej=0 seq=0 elapsed=0 oled=3C
[  10641] STATUS mode=1 fault=none enc=-172 denc=0 sreq=0 sapplied=0 crate=0 uimp=-209395 upos=565 uneg=7650 ball=46.24 vball=343.89 aball=0.0 bref=0.00 pid=0.0 apid=0.0 integ=0.0 vision=1 current=1 vframe=27384 vs=1 vage=15 vpage=15 vdt=36 vmax=13390 vacc=26622 vrej=0 seq=0 elapsed=0 oled=3C
[  10671] STATUS mode=1 fault=none enc=-172 denc=0 sreq=0 sapplied=0 crate=0 uimp=-209395 upos=565 uneg=7650 ball=46.24 vball=343.89 aball=0.0 bref=0.00 pid=0.0 apid=0.0 integ=0.0 vision=1 current=1 vframe=27384 vs=1 vage=35 vpage=35 vdt=36 vmax=13390 vacc=26622 vrej=0 seq=0 elapsed=0 oled=3C
[  10702] STATUS mode=1 fault=none enc=-172 denc=0 sreq=0 sapplied=0 crate=0 uimp=-209395 upos=565 uneg=7650 ball=46.24 vball=343.89 aball=0.0 bref=0.00 pid=0.0 apid=0.0 integ=0.0 vision=1 current=1 vframe=27384 vs=1 vage=75 vpage=75 vdt=36 vmax=13390 vacc=26622 vrej=0 seq=0 elapsed=0 oled=3C
[  10718] STATUS mode=1 fault=none enc=-172 denc=0 sreq=0 sapplied=0 crate=0 uimp=-209395 upos=565 uneg=7650 ball=46.24 vball=343.89 aball=0.0 bref=0.00 pid=0.0 apid=0.0 integ=0.0 vision=1 current=1 vframe=27384 vs=1 vage=95 vpage=95 vdt=36 vmax=13390 vacc=26622 vrej=0 seq=0 elapsed=0 oled=3C
[  10750] STATUS mode=1 fault=none enc=-172 denc=0 sreq=0 sapplied=0 crate=0 uimp=-209395 upos=565 uneg=7650 ball=60.24 vball=218.78 aball=0.0 bref=0.00 pid=0.0 apid=0.0 integ=0.0 vision=1 current=1 vframe=27386 vs=1 vage=1 vpage=1 vdt=7 vmax=13390 vacc=26624 vrej=0 seq=0 elapsed=0 oled=3C
[  10766] STATUS mode=1 fault=none enc=-172 denc=0 sreq=0 sapplied=0 crate=0 uimp=-209395 upos=565 uneg=7650 ball=60.24 vball=218.78 aball=0.0 bref=0.00 pid=0.0 apid=0.0 integ=0.0 vision=1 current=1 vframe=27386 vs=1 vage=21 vpage=21 vdt=7 vmax=13390 vacc=26624 vrej=0 seq=0 elapsed=0 oled=3C
[  10796] STATUS mode=1 fault=none enc=-172 denc=0 sreq=0 sapplied=0 crate=0 uimp=-209395 upos=565 uneg=7650 ball=73.56 vball=328.35 aball=0.0 bref=0.00 pid=0.0 apid=0.0 integ=0.0 vision=1 current=1 vframe=27387 vs=1 vage=4 vpage=4 vdt=37 vmax=13390 vacc=26625 vrej=0 seq=0 elapsed=0 oled=3C
[  10827] STATUS mode=1 fault=none enc=-172 denc=0 sreq=0 sapplied=0 crate=0 uimp=-209395 upos=565 uneg=7650 ball=73.56 vball=328.35 aball=0.0 bref=0.00 pid=0.0 apid=0.0 integ=0.0 vision=1 current=1 vframe=27387 vs=1 vage=44 vpage=44 vdt=37 vmax=13390 vacc=26625 vrej=0 seq=0 elapsed=0 oled=3C
[  10827] >>> stream off
[  10843] STATUS mode=1 fault=none enc=-172 denc=0 sreq=0 sapplied=0 crate=0 uimp=-209395 upos=565 uneg=7650 ball=73.56 vball=328.35 aball=0.0 bref=0.00 pid=0.0 apid=0.0 integ=0.0 vision=1 current=1 vframe=27387 vs=1 vage=64 vpage=64 vdt=37 vmax=13390 vacc=26625 vrej=0 seq=0 elapsed=0 oled=3C
[  10843] OK stream off
[  11030] STOP_REASON speed_limit
