[      0] >>> bench on
[     15] OK stepper visual-only bench active; command pose preserved
[    140] >>> clear
[    140] OK fault cleared
[    281] >>> diag reset
[    297] OK actuator diagnostics reset
[    437] >>> gain zero 4.0 6.0 0.0 2.0 0.0
[    453] OK zero gains kx=4.000 kv=6.000 ki=0.000 kq=2.000 ka=0.000
[    592] >>> limit zero 200.0 100.0
[    608] OK zero limits rate=200 pose=100
[    750] >>> stream on 20
[    765] OK stream on 20 ms
[    797] STATUS mode=1 fault=none enc=815 denc=0 sreq=0 sapplied=0 crate=0 uimp=0 upos=0 uneg=0 ball=112.25 vball=-0.10 aball=0.0 bref=0.00 pid=0.0 pref=613.3 ppos=613.3 apid=0.0 integ=0.0 vision=1 current=1 vframe=17963 vs=1 vage=12 vpage=12 vdt=33 vmax=6166 vacc=17090 vrej=0 seq=0 elapsed=0 oled=3C
[    828] STATUS mode=1 fault=none enc=815 denc=0 sreq=0 sapplied=0 crate=0 uimp=0 upos=0 uneg=0 ball=112.25 vball=-0.10 aball=0.0 bref=0.00 pid=0.0 pref=613.3 ppos=613.3 apid=0.0 integ=0.0 vision=1 current=1 vframe=17963 vs=1 vage=32 vpage=32 vdt=33 vmax=6166 vacc=17090 vrej=0 seq=0 elapsed=0 oled=3C
[    858] STATUS mode=1 fault=none enc=815 denc=0 sreq=0 sapplied=0 crate=0 uimp=0 upos=0 uneg=0 ball=112.25 vball=-0.06 aball=0.0 bref=0.00 pid=0.0 pref=613.3 ppos=613.3 apid=0.0 integ=0.0 vision=1 current=1 vframe=17964 vs=1 vage=19 vpage=19 vdt=33 vmax=6166 vacc=17091 vrej=0 seq=0 elapsed=0 oled=3C
[    875] STATUS mode=1 fault=none enc=815 denc=0 sreq=0 sapplied=0 crate=0 uimp=0 upos=0 uneg=0 ball=112.25 vball=-0.03 aball=0.0 bref=0.00 pid=0.0 pref=613.3 ppos=613.3 apid=0.0 integ=0.0 vision=1 current=1 vframe=17965 vs=1 vage=6 vpage=6 vdt=33 vmax=6166 vacc=17092 vrej=0 seq=0 elapsed=0 oled=3C
[    906] STATUS mode=1 fault=none enc=815 denc=0 sreq=0 sapplied=0 crate=0 uimp=0 upos=0 uneg=0 ball=112.25 vball=-0.02 aball=0.0 bref=0.00 pid=0.0 pref=613.3 ppos=613.3 apid=0.0 integ=0.0 vision=1 current=1 vframe=17966 vs=1 vage=1 vpage=1 vdt=45 vmax=6166 vacc=17093 vrej=0 seq=0 elapsed=0 oled=3C
[    906] >>> zeroctl start
[    922] STATUS mode=1 fault=none enc=816 denc=0 sreq=0 sapplied=0 crate=0 uimp=0 upos=0 uneg=0 ball=112.25 vball=-0.02 aball=0.0 bref=0.00 pid=0.0 pref=613.3 ppos=613.3 apid=0.0 integ=0.0 vision=1 current=1 vframe=17967 vs=1 vage=13 vpage=13 vdt=8 vmax=6166 vacc=17094 vrej=0 seq=0 elapsed=0 oled=3C
[    953] STATUS mode=3 fault=none enc=824 denc=1 sreq=200 sapplied=200 crate=200 uimp=500 upos=5 uneg=0 ball=112.25 vball=-0.01 aball=0.0 bref=0.00 pid=200.0 pref=0.0 ppos=0.5 apid=0.0 integ=0.0 vision=1 current=1 vframe=17968 vs=1 vage=2 vpage=2 vdt=31 vmax=6166 vacc=17095 vrej=0 seq=0 elapsed=0 oled=3C
[    983] STATUS mode=3 fault=none enc=828 denc=0 sreq=200 sapplied=200 crate=200 uimp=4500 upos=25 uneg=0 ball=112.25 vball=-0.01 aball=0.1 bref=0.00 pid=200.0 pref=0.0 ppos=4.5 apid=0.0 integ=0.0 vision=1 current=1 vframe=17968 vs=1 vage=22 vpage=22 vdt=31 vmax=6166 vacc=17095 vrej=0 seq=0 elapsed=0 oled=3C
[   1000] STATUS mode=3 fault=none enc=838 denc=1 sreq=200 sapplied=200 crate=200 uimp=12500 upos=65 uneg=0 ball=112.25 vball=-0.01 aball=0.1 bref=0.00 pid=200.0 pref=0.0 ppos=12.5 apid=0.0 integ=0.0 vision=1 current=1 vframe=17969 vs=1 vage=29 vpage=29 vdt=33 vmax=6166 vacc=17096 vrej=0 seq=0 elapsed=0 oled=3C
[   1031] STATUS mode=3 fault=none enc=843 denc=1 sreq=200 sapplied=200 crate=200 uimp=16500 upos=85 uneg=0 ball=112.25 vball=-0.00 aball=0.1 bref=0.00 pid=200.0 pref=0.0 ppos=16.5 apid=0.0 integ=0.0 vision=1 current=1 vframe=17970 vs=1 vage=16 vpage=16 vdt=33 vmax=6166 vacc=17097 vrej=0 seq=0 elapsed=0 oled=3C
[   1062] STATUS mode=3 fault=none enc=849 denc=2 sreq=200 sapplied=200 crate=200 uimp=20500 upos=105 uneg=0 ball=112.11 vball=-1.26 aball=0.1 bref=0.00 pid=200.0 pref=0.0 ppos=20.5 apid=0.0 integ=0.0 vision=1 current=1 vframe=17971 vs=1 vage=1 vpage=1 vdt=35 vmax=6166 vacc=17098 vrej=0 seq=0 elapsed=0 oled=3C
[   1092] STATUS mode=3 fault=none enc=859 denc=1 sreq=200 sapplied=200 crate=200 uimp=28500 upos=145 uneg=0 ball=112.04 vball=-1.49 aball=-8.5 bref=0.00 pid=200.0 pref=0.0 ppos=28.5 apid=-0.0 integ=0.0 vision=1 current=1 vframe=17972 vs=1 vage=9 vpage=9 vdt=32 vmax=6166 vacc=17099 vrej=0 seq=0 elapsed=0 oled=3C
[   1108] STATUS mode=3 fault=none enc=865 denc=2 sreq=200 sapplied=200 crate=200 uimp=32500 upos=165 uneg=0 ball=112.04 vball=-1.49 aball=-8.5 bref=0.00 pid=200.0 pref=0.0 ppos=32.5 apid=-0.0 integ=0.0 vision=1 current=1 vframe=17972 vs=1 vage=29 vpage=29 vdt=32 vmax=6166 vacc=17099 vrej=0 seq=0 elapsed=0 oled=3C
[   1140] STATUS mode=3 fault=none enc=870 denc=1 sreq=200 sapplied=200 crate=200 uimp=36500 upos=185 uneg=0 ball=112.06 vball=-0.89 aball=-1.8 bref=0.00 pid=200.0 pref=0.0 ppos=36.5 apid=-0.0 integ=0.0 vision=1 current=1 vframe=17973 vs=1 vage=16 vpage=16 vdt=33 vmax=6166 vacc=17100 vrej=0 seq=0 elapsed=0 oled=3C
[   1172] STATUS mode=3 fault=none enc=880 denc=1 sreq=200 sapplied=200 crate=200 uimp=44500 upos=225 uneg=0 ball=112.27 vball=1.14 aball=13.6 bref=0.00 pid=200.0 pref=0.0 ppos=44.5 apid=0.0 integ=0.0 vision=1 current=1 vframe=17974 vs=1 vage=22 vpage=22 vdt=34 vmax=6166 vacc=17101 vrej=0 seq=0 elapsed=0 oled=3C
[   1187] STATUS mode=3 fault=none enc=885 denc=1 sreq=200 sapplied=200 crate=200 uimp=48500 upos=245 uneg=0 ball=112.21 vball=0.35 aball=4.4 bref=0.00 pid=200.0 pref=0.0 ppos=48.5 apid=0.0 integ=0.0 vision=1 current=1 vframe=17975 vs=1 vage=8 vpage=8 vdt=34 vmax=6166 vacc=17102 vrej=0 seq=0 elapsed=0 oled=3C
[   1217] STATUS mode=3 fault=none enc=890 denc=1 sreq=200 sapplied=200 crate=200 uimp=52500 upos=265 uneg=0 ball=112.21 vball=0.35 aball=4.4 bref=0.00 pid=200.0 pref=0.0 ppos=52.5 apid=0.0 integ=0.0 vision=1 current=1 vframe=17975 vs=1 vage=28 vpage=28 vdt=34 vmax=6166 vacc=17102 vrej=0 seq=0 elapsed=0 oled=3C
[   1250] STATUS mode=3 fault=none enc=900 denc=1 sreq=200 sapplied=200 crate=200 uimp=60500 upos=305 uneg=0 ball=112.12 vball=-0.66 aball=-4.4 bref=0.00 pid=200.0 pref=0.0 ppos=60.5 apid=-0.0 integ=0.0 vision=1 current=1 vframe=17976 vs=1 vage=35 vpage=35 vdt=33 vmax=6166 vacc=17103 vrej=0 seq=0 elapsed=0 oled=3C
[   1265] STATUS mode=3 fault=none enc=906 denc=2 sreq=200 sapplied=200 crate=200 uimp=64500 upos=325 uneg=0 ball=112.26 vball=0.78 aball=7.0 bref=0.00 pid=200.0 pref=0.0 ppos=64.5 apid=0.0 integ=0.0 vision=1 current=1 vframe=17977 vs=1 vage=20 vpage=20 vdt=35 vmax=6166 vacc=17104 vrej=0 seq=0 elapsed=0 oled=3C
[   1297] STATUS mode=3 fault=none enc=911 denc=2 sreq=200 sapplied=200 crate=200 uimp=68500 upos=345 uneg=0 ball=112.69 vball=4.56 aball=33.0 bref=0.00 pid=200.0 pref=0.0 ppos=68.5 apid=0.0 integ=0.0 vision=1 current=1 vframe=17978 vs=1 vage=6 vpage=6 vdt=34 vmax=6166 vacc=17105 vrej=0 seq=0 elapsed=0 oled=3C
[   1328] STATUS mode=3 fault=none enc=920 denc=1 sreq=200 sapplied=200 crate=200 uimp=76500 upos=385 uneg=0 ball=112.95 vball=5.34 aball=30.7 bref=0.00 pid=200.0 pref=0.0 ppos=76.5 apid=0.0 integ=0.0 vision=1 current=1 vframe=17979 vs=1 vage=13 vpage=13 vdt=33 vmax=6166 vacc=17106 vrej=0 seq=0 elapsed=0 oled=3C
[   1342] STATUS mode=3 fault=none enc=926 denc=2 sreq=200 sapplied=200 crate=200 uimp=80500 upos=405 uneg=0 ball=112.95 vball=5.34 aball=30.7 bref=0.00 pid=200.0 pref=0.0 ppos=80.5 apid=0.0 integ=0.0 vision=1 current=1 vframe=17979 vs=1 vage=33 vpage=33 vdt=33 vmax=6166 vacc=17106 vrej=0 seq=0 elapsed=0 oled=3C
[   1375] STATUS mode=3 fault=none enc=931 denc=1 sreq=200 sapplied=200 crate=200 uimp=84500 upos=425 uneg=0 ball=113.00 vball=4.22 aball=14.5 bref=0.00 pid=200.0 pref=0.0 ppos=84.5 apid=0.0 integ=0.0 vision=1 current=1 vframe=17980 vs=1 vage=20 vpage=20 vdt=33 vmax=6166 vacc=17107 vrej=0 seq=0 elapsed=0 oled=3C
[   1406] STATUS mode=3 fault=none enc=941 denc=1 sreq=200 sapplied=200 crate=200 uimp=92500 upos=465 uneg=0 ball=113.00 vball=2.93 aball=1.1 bref=0.00 pid=200.0 pref=0.0 ppos=92.5 apid=0.0 integ=0.0 vision=1 current=1 vframe=17981 vs=1 vage=27 vpage=27 vdt=33 vmax=6166 vacc=17108 vrej=0 seq=0 elapsed=0 oled=3C
[   1437] STATUS mode=3 fault=none enc=946 denc=0 sreq=200 sapplied=200 crate=200 uimp=96500 upos=485 uneg=0 ball=113.48 vball=6.32 aball=26.5 bref=0.00 pid=200.0 pref=0.0 ppos=96.5 apid=0.0 integ=0.0 vision=1 current=1 vframe=17982 vs=1 vage=14 vpage=14 vdt=33 vmax=6166 vacc=17109 vrej=0 seq=0 elapsed=0 oled=3C
[   1453] STATUS mode=3 fault=none enc=952 denc=2 sreq=100 sapplied=100 crate=100 uimp=100500 upos=505 uneg=0 ball=113.48 vball=6.32 aball=26.5 bref=0.00 pid=0.0 pref=0.0 ppos=100.5 apid=0.0 integ=0.0 vision=1 current=1 vframe=17982 vs=1 vage=34 vpage=34 vdt=33 vmax=6166 vacc=17109 vrej=0 seq=0 elapsed=0 oled=3C
[   1483] STATUS mode=3 fault=none enc=953 denc=0 sreq=0 sapplied=0 crate=0 uimp=101000 upos=510 uneg=0 ball=113.82 vball=5.48 aball=8.2 bref=0.00 pid=0.0 pref=0.0 ppos=101.0 apid=0.0 integ=0.0 vision=1 current=1 vframe=17984 vs=1 vage=7 vpage=7 vdt=33 vmax=6166 vacc=17111 vrej=0 seq=0 elapsed=0 oled=3C
[   1515] STATUS mode=3 fault=none enc=953 denc=0 sreq=0 sapplied=0 crate=0 uimp=101000 upos=510 uneg=0 ball=113.82 vball=5.48 aball=8.2 bref=0.00 pid=0.0 pref=0.0 ppos=101.0 apid=0.0 integ=0.0 vision=1 current=1 vframe=17984 vs=1 vage=27 vpage=27 vdt=33 vmax=6166 vacc=17111 vrej=0 seq=0 elapsed=0 oled=3C
[   1531] STATUS mode=3 fault=none enc=953 denc=0 sreq=0 sapplied=0 crate=0 uimp=101000 upos=510 uneg=0 ball=113.82 vball=3.92 aball=-5.6 bref=0.00 pid=0.0 pref=0.0 ppos=101.0 apid=-0.0 integ=0.0 vision=1 current=1 vframe=17985 vs=1 vage=14 vpage=14 vdt=33 vmax=6166 vacc=17112 vrej=0 seq=0 elapsed=0 oled=3C
[   1562] STATUS mode=3 fault=none enc=953 denc=0 sreq=0 sapplied=0 crate=0 uimp=101000 upos=510 uneg=0 ball=113.82 vball=3.92 aball=-5.6 bref=0.00 pid=0.0 pref=0.0 ppos=101.0 apid=-0.0 integ=0.0 vision=1 current=1 vframe=17985 vs=1 vage=34 vpage=34 vdt=33 vmax=6166 vacc=17112 vrej=0 seq=0 elapsed=0 oled=3C
[   1592] STATUS mode=3 fault=none enc=953 denc=0 sreq=0 sapplied=0 crate=0 uimp=101000 upos=510 uneg=0 ball=114.06 vball=3.68 aball=-5.2 bref=0.00 pid=0.0 pref=0.0 ppos=101.0 apid=-0.0 integ=0.0 vision=1 current=1 vframe=17987 vs=1 vage=9 vpage=9 vdt=31 vmax=6166 vacc=17114 vrej=0 seq=0 elapsed=0 oled=3C
[   1608] STATUS mode=3 fault=none enc=953 denc=0 sreq=0 sapplied=0 crate=0 uimp=101000 upos=510 uneg=0 ball=114.06 vball=3.68 aball=-5.2 bref=0.00 pid=0.0 pref=0.0 ppos=101.0 apid=-0.0 integ=0.0 vision=1 current=1 vframe=17987 vs=1 vage=29 vpage=29 vdt=31 vmax=6166 vacc=17114 vrej=0 seq=0 elapsed=0 oled=3C
[   1640] STATUS mode=3 fault=none enc=953 denc=0 sreq=0 sapplied=0 crate=0 uimp=101000 upos=510 uneg=0 ball=113.85 vball=0.82 aball=-25.5 bref=0.00 pid=0.0 pref=0.0 ppos=101.0 apid=-0.0 integ=0.0 vision=1 current=1 vframe=17988 vs=1 vage=16 vpage=16 vdt=33 vmax=6166 vacc=17115 vrej=0 seq=0 elapsed=0 oled=3C
[   1672] STATUS mode=3 fault=none enc=953 denc=0 sreq=0 sapplied=0 crate=0 uimp=101000 upos=510 uneg=0 ball=113.78 vball=-0.08 aball=-26.0 bref=0.00 pid=0.0 pref=0.0 ppos=101.0 apid=-0.0 integ=0.0 vision=1 current=1 vframe=17989 vs=1 vage=23 vpage=23 vdt=33 vmax=6166 vacc=17116 vrej=0 seq=0 elapsed=0 oled=3C
[   1687] STATUS mode=3 fault=none enc=953 denc=0 sreq=0 sapplied=0 crate=0 uimp=101000 upos=510 uneg=0 ball=113.76 vball=-0.18 aball=-20.2 bref=0.00 pid=0.0 pref=0.0 ppos=101.0 apid=-0.0 integ=0.0 vision=1 current=1 vframe=17990 vs=1 vage=9 vpage=9 vdt=34 vmax=6166 vacc=17117 vrej=0 seq=0 elapsed=0 oled=3C
[   1717] STATUS mode=3 fault=none enc=953 denc=0 sreq=0 sapplied=0 crate=0 uimp=101000 upos=510 uneg=0 ball=113.76 vball=-0.18 aball=-20.2 bref=0.00 pid=0.0 pref=0.0 ppos=101.0 apid=-0.0 integ=0.0 vision=1 current=1 vframe=17990 vs=1 vage=29 vpage=29 vdt=34 vmax=6166 vacc=17117 vrej=0 seq=0 elapsed=0 oled=3C
[   1750] STATUS mode=3 fault=none enc=953 denc=0 sreq=0 sapplied=0 crate=0 uimp=101000 upos=510 uneg=0 ball=113.97 vball=1.29 aball=-4.7 bref=0.00 pid=0.0 pref=0.0 ppos=101.0 apid=-0.0 integ=0.0 vision=1 current=1 vframe=17992 vs=1 vage=3 vpage=3 vdt=33 vmax=6166 vacc=17119 vrej=0 seq=0 elapsed=0 oled=3C
[   1765] STATUS mode=3 fault=none enc=953 denc=0 sreq=0 sapplied=0 crate=0 uimp=101000 upos=510 uneg=0 ball=113.97 vball=1.29 aball=-2.8 bref=0.00 pid=0.0 pref=0.0 ppos=101.0 apid=-0.0 integ=0.0 vision=1 current=1 vframe=17992 vs=1 vage=23 vpage=23 vdt=33 vmax=6166 vacc=17119 vrej=0 seq=0 elapsed=0 oled=3C
[   1797] STATUS mode=3 fault=none enc=953 denc=0 sreq=0 sapplied=0 crate=0 uimp=101000 upos=510 uneg=0 ball=113.99 vball=1.11 aball=-3.5 bref=0.00 pid=0.0 pref=0.0 ppos=101.0 apid=-0.0 integ=0.0 vision=1 current=1 vframe=17993 vs=1 vage=9 vpage=9 vdt=34 vmax=6166 vacc=17120 vrej=0 seq=0 elapsed=0 oled=3C
[   1828] STATUS mode=3 fault=none enc=953 denc=0 sreq=0 sapplied=0 crate=0 uimp=101000 upos=510 uneg=0 ball=113.99 vball=1.11 aball=-3.5 bref=0.00 pid=0.0 pref=0.0 ppos=101.0 apid=-0.0 integ=0.0 vision=1 current=1 vframe=17993 vs=1 vage=29 vpage=29 vdt=34 vmax=6166 vacc=17120 vrej=0 seq=0 elapsed=0 oled=3C
[   1842] STATUS mode=3 fault=none enc=953 denc=0 sreq=0 sapplied=0 crate=0 uimp=101000 upos=510 uneg=0 ball=113.99 vball=0.59 aball=-4.5 bref=0.00 pid=0.0 pref=0.0 ppos=101.0 apid=-0.0 integ=0.0 vision=1 current=1 vframe=17995 vs=1 vage=3 vpage=3 vdt=33 vmax=6166 vacc=17122 vrej=0 seq=0 elapsed=0 oled=3C
[   1875] STATUS mode=3 fault=none enc=953 denc=0 sreq=0 sapplied=0 crate=0 uimp=101000 upos=510 uneg=0 ball=113.99 vball=0.59 aball=-5.4 bref=0.00 pid=0.0 pref=0.0 ppos=101.0 apid=-0.0 integ=0.0 vision=1 current=1 vframe=17995 vs=1 vage=23 vpage=23 vdt=33 vmax=6166 vacc=17122 vrej=0 seq=0 elapsed=0 oled=3C
[   1906] STATUS mode=3 fault=none enc=953 denc=0 sreq=0 sapplied=0 crate=0 uimp=101000 upos=510 uneg=0 ball=114.00 vball=0.47 aball=-5.0 bref=0.00 pid=0.0 pref=0.0 ppos=101.0 apid=-0.0 integ=0.0 vision=1 current=1 vframe=17996 vs=1 vage=10 vpage=10 vdt=33 vmax=6166 vacc=17123 vrej=0 seq=0 elapsed=0 oled=3C
[   1922] STATUS mode=3 fault=none enc=953 denc=0 sreq=0 sapplied=0 crate=0 uimp=101000 upos=510 uneg=0 ball=114.01 vball=0.46 aball=-3.8 bref=0.00 pid=0.0 pref=0.0 ppos=101.0 apid=-0.0 integ=0.0 vision=1 current=1 vframe=17997 vs=1 vage=16 vpage=16 vdt=34 vmax=6166 vacc=17124 vrej=0 seq=0 elapsed=0 oled=3C
[   1953] STATUS mode=3 fault=none enc=953 denc=0 sreq=0 sapplied=0 crate=0 uimp=101000 upos=510 uneg=0 ball=114.02 vball=0.38 aball=-3.8 bref=0.00 pid=0.0 pref=0.0 ppos=101.0 apid=-0.0 integ=0.0 vision=1 current=1 vframe=17998 vs=1 vage=3 vpage=3 vdt=33 vmax=6166 vacc=17125 vrej=0 seq=0 elapsed=0 oled=3C
[   1983] STATUS mode=3 fault=none enc=953 denc=0 sreq=0 sapplied=0 crate=0 uimp=101000 upos=510 uneg=0 ball=114.02 vball=0.38 aball=-3.5 bref=0.00 pid=0.0 pref=0.0 ppos=101.0 apid=-0.0 integ=0.0 vision=1 current=1 vframe=17998 vs=1 vage=23 vpage=23 vdt=33 vmax=6166 vacc=17125 vrej=0 seq=0 elapsed=0 oled=3C
[   2000] STATUS mode=3 fault=none enc=953 denc=0 sreq=0 sapplied=0 crate=0 uimp=101000 upos=510 uneg=0 ball=114.02 vball=0.27 aball=-3.4 bref=0.00 pid=0.0 pref=0.0 ppos=101.0 apid=-0.0 integ=0.0 vision=1 current=1 vframe=17999 vs=1 vage=30 vpage=30 vdt=33 vmax=6166 vacc=17126 vrej=0 seq=0 elapsed=0 oled=3C
[   2031] STATUS mode=3 fault=none enc=953 denc=0 sreq=0 sapplied=0 crate=0 uimp=101000 upos=510 uneg=0 ball=114.01 vball=0.10 aball=-3.8 bref=0.00 pid=0.0 pref=0.0 ppos=101.0 apid=-0.0 integ=0.0 vision=1 current=1 vframe=18000 vs=1 vage=16 vpage=16 vdt=34 vmax=6166 vacc=17127 vrej=0 seq=0 elapsed=0 oled=3C
[   2062] STATUS mode=3 fault=none enc=953 denc=0 sreq=0 sapplied=0 crate=0 uimp=101000 upos=510 uneg=0 ball=114.02 vball=0.12 aball=-3.8 bref=0.00 pid=0.0 pref=0.0 ppos=101.0 apid=-0.0 integ=0.0 vision=1 current=1 vframe=18001 vs=1 vage=2 vpage=2 vdt=34 vmax=6166 vacc=17128 vrej=0 seq=0 elapsed=0 oled=3C
[   2078] STATUS mode=3 fault=none enc=953 denc=0 sreq=0 sapplied=0 crate=0 uimp=101000 upos=510 uneg=0 ball=114.02 vball=0.12 aball=-2.7 bref=0.00 pid=0.0 pref=0.0 ppos=101.0 apid=-0.0 integ=0.0 vision=1 current=1 vframe=18001 vs=1 vage=22 vpage=22 vdt=34 vmax=6166 vacc=17128 vrej=0 seq=0 elapsed=0 oled=3C
[   2108] STATUS mode=3 fault=none enc=953 denc=0 sreq=0 sapplied=0 crate=0 uimp=101000 upos=510 uneg=0 ball=114.02 vball=0.10 aball=-2.2 bref=0.00 pid=0.0 pref=0.0 ppos=101.0 apid=-0.0 integ=0.0 vision=1 current=1 vframe=18002 vs=1 vage=29 vpage=29 vdt=33 vmax=6166 vacc=17129 vrej=0 seq=0 elapsed=0 oled=3C
[   2140] STATUS mode=3 fault=none enc=953 denc=0 sreq=0 sapplied=0 crate=0 uimp=101000 upos=510 uneg=0 ball=114.02 vball=0.07 aball=-1.9 bref=0.00 pid=0.0 pref=0.0 ppos=101.0 apid=-0.0 integ=0.0 vision=1 current=1 vframe=18003 vs=1 vage=16 vpage=16 vdt=33 vmax=6166 vacc=17130 vrej=0 seq=0 elapsed=0 oled=3C
[   2156] STATUS mode=3 fault=none enc=953 denc=0 sreq=0 sapplied=0 crate=0 uimp=101000 upos=510 uneg=0 ball=114.02 vball=0.04 aball=-1.9 bref=0.00 pid=0.0 pref=0.0 ppos=101.0 apid=-0.0 integ=0.0 vision=1 current=1 vframe=18004 vs=1 vage=3 vpage=3 vdt=33 vmax=6166 vacc=17131 vrej=0 seq=0 elapsed=0 oled=3C
[   2187] STATUS mode=3 fault=none enc=953 denc=0 sreq=0 sapplied=0 crate=0 uimp=101000 upos=510 uneg=0 ball=114.02 vball=0.03 aball=-1.3 bref=0.00 pid=0.0 pref=0.0 ppos=101.0 apid=-0.0 integ=0.0 vision=1 current=1 vframe=18005 vs=1 vage=10 vpage=10 vdt=33 vmax=6166 vacc=17132 vrej=0 seq=0 elapsed=0 oled=3C
[   2217] STATUS mode=3 fault=none enc=953 denc=0 sreq=0 sapplied=0 crate=0 uimp=101000 upos=510 uneg=0 ball=114.02 vball=0.03 aball=-1.3 bref=0.00 pid=0.0 pref=0.0 ppos=101.0 apid=-0.0 integ=0.0 vision=1 current=1 vframe=18005 vs=1 vage=30 vpage=30 vdt=33 vmax=6166 vacc=17132 vrej=0 seq=0 elapsed=0 oled=3C
[   2233] STATUS mode=3 fault=none enc=953 denc=0 sreq=0 sapplied=0 crate=0 uimp=101000 upos=510 uneg=0 ball=113.99 vball=-0.23 aball=-2.9 bref=0.00 pid=0.0 pref=0.0 ppos=101.0 apid=-0.0 integ=0.0 vision=1 current=1 vframe=18006 vs=1 vage=16 vpage=16 vdt=34 vmax=6166 vacc=17133 vrej=0 seq=0 elapsed=0 oled=3C
[   2265] STATUS mode=3 fault=none enc=953 denc=0 sreq=0 sapplied=0 crate=0 uimp=101000 upos=510 uneg=0 ball=113.77 vball=-2.10 aball=-16.3 bref=0.00 pid=0.0 pref=0.0 ppos=101.0 apid=-0.0 integ=0.0 vision=1 current=1 vframe=18007 vs=1 vage=23 vpage=23 vdt=33 vmax=6166 vacc=17134 vrej=0 seq=0 elapsed=0 oled=3C
[   2297] STATUS mode=3 fault=none enc=953 denc=0 sreq=0 sapplied=0 crate=0 uimp=101000 upos=510 uneg=0 ball=113.70 vball=-2.06 aball=-11.9 bref=0.00 pid=0.0 pref=0.0 ppos=101.0 apid=-0.0 integ=0.0 vision=1 current=1 vframe=18008 vs=1 vage=10 vpage=10 vdt=33 vmax=6166 vacc=17135 vrej=0 seq=0 elapsed=0 oled=3C
[   2312] STATUS mode=3 fault=none enc=953 denc=0 sreq=0 sapplied=0 crate=0 uimp=101000 upos=510 uneg=0 ball=113.70 vball=-2.06 aball=-11.9 bref=0.00 pid=0.0 pref=0.0 ppos=101.0 apid=-0.0 integ=0.0 vision=1 current=1 vframe=18008 vs=1 vage=30 vpage=30 vdt=33 vmax=6166 vacc=17135 vrej=0 seq=0 elapsed=0 oled=3C
[   2342] STATUS mode=3 fault=none enc=953 denc=0 sreq=0 sapplied=0 crate=0 uimp=101000 upos=510 uneg=0 ball=113.69 vball=-1.08 aball=-5.4 bref=0.00 pid=0.0 pref=0.0 ppos=101.0 apid=-0.0 integ=0.0 vision=1 current=1 vframe=18010 vs=1 vage=3 vpage=3 vdt=33 vmax=6166 vacc=17137 vrej=0 seq=0 elapsed=0 oled=3C
[   2375] STATUS mode=3 fault=none enc=953 denc=0 sreq=0 sapplied=0 crate=0 uimp=101000 upos=510 uneg=0 ball=113.69 vball=-1.08 aball=-0.3 bref=0.00 pid=0.0 pref=0.0 ppos=101.0 apid=-0.0 integ=0.0 vision=1 current=1 vframe=18010 vs=1 vage=23 vpage=23 vdt=33 vmax=6166 vacc=17137 vrej=0 seq=0 elapsed=0 oled=3C
[   2390] STATUS mode=3 fault=none enc=953 denc=0 sreq=0 sapplied=0 crate=0 uimp=101000 upos=510 uneg=0 ball=113.70 vball=-0.70 aball=2.6 bref=0.00 pid=0.0 pref=0.0 ppos=101.0 apid=0.0 integ=0.0 vision=1 current=1 vframe=18011 vs=1 vage=9 vpage=9 vdt=34 vmax=6166 vacc=17138 vrej=0 seq=0 elapsed=0 oled=3C
[   2422] STATUS mode=3 fault=none enc=953 denc=0 sreq=0 sapplied=0 crate=0 uimp=101000 upos=510 uneg=0 ball=113.70 vball=-0.70 aball=2.6 bref=0.00 pid=0.0 pref=0.0 ppos=101.0 apid=0.0 integ=0.0 vision=1 current=1 vframe=18011 vs=1 vage=29 vpage=29 vdt=34 vmax=6166 vacc=17138 vrej=0 seq=0 elapsed=0 oled=3C
[   2453] STATUS mode=3 fault=none enc=953 denc=0 sreq=0 sapplied=0 crate=0 uimp=101000 upos=510 uneg=0 ball=113.86 vball=1.28 aball=3.8 bref=0.00 pid=0.0 pref=0.0 ppos=101.0 apid=0.0 integ=0.0 vision=1 current=1 vframe=18019 vs=1 vage=2 vpage=2 vdt=34 vmax=6166 vacc=17146 vrej=0 seq=0 elapsed=0 oled=3C
[   2467] STATUS mode=3 fault=none enc=953 denc=0 sreq=0 sapplied=0 crate=0 uimp=101000 upos=510 uneg=0 ball=113.86 vball=1.28 aball=15.6 bref=0.00 pid=0.0 pref=0.0 ppos=101.0 apid=0.0 integ=0.0 vision=1 current=1 vframe=18019 vs=1 vage=22 vpage=22 vdt=34 vmax=6166 vacc=17146 vrej=0 seq=0 elapsed=0 oled=3C
[   2500] STATUS mode=3 fault=none enc=953 denc=0 sreq=0 sapplied=0 crate=0 uimp=101000 upos=510 uneg=0 ball=113.99 vball=2.06 aball=17.8 bref=0.00 pid=0.0 pref=0.0 ppos=101.0 apid=0.0 integ=0.0 vision=1 current=1 vframe=18020 vs=1 vage=10 vpage=10 vdt=32 vmax=6166 vacc=17147 vrej=0 seq=0 elapsed=0 oled=3C
[   2515] STATUS mode=3 fault=none enc=953 denc=0 sreq=0 sapplied=0 crate=0 uimp=101000 upos=510 uneg=0 ball=113.88 vball=0.56 aball=2.6 bref=0.00 pid=0.0 pref=0.0 ppos=101.0 apid=0.0 integ=0.0 vision=1 current=1 vframe=18021 vs=1 vage=15 vpage=15 vdt=35 vmax=6166 vacc=17148 vrej=0 seq=0 elapsed=0 oled=3C
[   2547] STATUS mode=3 fault=none enc=953 denc=0 sreq=0 sapplied=0 crate=0 uimp=101000 upos=510 uneg=0 ball=113.76 vball=-0.69 aball=2.6 bref=0.00 pid=0.0 pref=0.0 ppos=101.0 apid=0.0 integ=0.0 vision=1 current=1 vframe=18022 vs=1 vage=2 vpage=2 vdt=33 vmax=6166 vacc=17149 vrej=0 seq=0 elapsed=0 oled=3C
[   2578] STATUS mode=3 fault=none enc=953 denc=0 sreq=0 sapplied=0 crate=0 uimp=101000 upos=510 uneg=0 ball=113.76 vball=-0.69 aball=-7.5 bref=0.00 pid=0.0 pref=0.0 ppos=101.0 apid=-0.0 integ=0.0 vision=1 current=1 vframe=18022 vs=1 vage=22 vpage=22 vdt=33 vmax=6166 vacc=17149 vrej=0 seq=0 elapsed=0 oled=3C
[   2608] STATUS mode=3 fault=none enc=953 denc=0 sreq=0 sapplied=0 crate=0 uimp=101000 upos=510 uneg=0 ball=113.94 vball=1.17 aball=8.9 bref=0.00 pid=0.0 pref=0.0 ppos=101.0 apid=0.0 integ=0.0 vision=1 current=1 vframe=18023 vs=1 vage=10 vpage=10 vdt=32 vmax=6166 vacc=17150 vrej=0 seq=0 elapsed=0 oled=3C
[   2625] STATUS mode=3 fault=none enc=953 denc=0 sreq=0 sapplied=0 crate=0 uimp=101000 upos=510 uneg=0 ball=114.01 vball=1.37 aball=8.1 bref=0.00 pid=0.0 pref=0.0 ppos=101.0 apid=0.0 integ=0.0 vision=1 current=1 vframe=18024 vs=1 vage=16 vpage=16 vdt=34 vmax=6166 vacc=17151 vrej=0 seq=0 elapsed=0 oled=3C
[   2656] STATUS mode=3 fault=none enc=953 denc=0 sreq=0 sapplied=0 crate=0 uimp=101000 upos=510 uneg=0 ball=114.02 vball=1.10 aball=8.1 bref=0.00 pid=0.0 pref=0.0 ppos=101.0 apid=0.0 integ=0.0 vision=1 current=1 vframe=18025 vs=1 vage=3 vpage=3 vdt=33 vmax=6166 vacc=17152 vrej=0 seq=0 elapsed=0 oled=3C
[   2672] STATUS mode=3 fault=none enc=953 denc=0 sreq=0 sapplied=0 crate=0 uimp=101000 upos=510 uneg=0 ball=114.02 vball=1.10 aball=4.1 bref=0.00 pid=0.0 pref=0.0 ppos=101.0 apid=0.0 integ=0.0 vision=1 current=1 vframe=18025 vs=1 vage=23 vpage=23 vdt=33 vmax=6166 vacc=17152 vrej=0 seq=0 elapsed=0 oled=3C
[   2703] STATUS mode=3 fault=none enc=953 denc=0 sreq=0 sapplied=0 crate=0 uimp=101000 upos=510 uneg=0 ball=114.02 vball=0.77 aball=0.5 bref=0.00 pid=0.0 pref=0.0 ppos=101.0 apid=0.0 integ=0.0 vision=1 current=1 vframe=18026 vs=1 vage=30 vpage=30 vdt=33 vmax=6166 vacc=17153 vrej=0 seq=0 elapsed=0 oled=3C
[   2733] STATUS mode=3 fault=none enc=953 denc=0 sreq=0 sapplied=0 crate=0 uimp=101000 upos=510 uneg=0 ball=114.02 vball=0.51 aball=-1.6 bref=0.00 pid=0.0 pref=0.0 ppos=101.0 apid=-0.0 integ=0.0 vision=1 current=1 vframe=18027 vs=1 vage=17 vpage=17 vdt=33 vmax=6166 vacc=17154 vrej=0 seq=0 elapsed=0 oled=3C
[   2750] STATUS mode=3 fault=none enc=953 denc=0 sreq=0 sapplied=0 crate=0 uimp=101000 upos=510 uneg=0 ball=114.02 vball=0.42 aball=-1.6 bref=0.00 pid=0.0 pref=0.0 ppos=101.0 apid=-0.0 integ=0.0 vision=1 current=1 vframe=18028 vs=1 vage=3 vpage=3 vdt=34 vmax=6166 vacc=17155 vrej=0 seq=0 elapsed=0 oled=3C
[   2781] STATUS mode=3 fault=none enc=953 denc=0 sreq=0 sapplied=0 crate=0 uimp=101000 upos=510 uneg=0 ball=114.02 vball=0.30 aball=-2.3 bref=0.00 pid=0.0 pref=0.0 ppos=101.0 apid=-0.0 integ=0.0 vision=1 current=1 vframe=18029 vs=1 vage=10 vpage=10 vdt=33 vmax=6166 vacc=17156 vrej=0 seq=0 elapsed=0 oled=3C
[   2812] STATUS mode=3 fault=none enc=953 denc=0 sreq=0 sapplied=0 crate=0 uimp=101000 upos=510 uneg=0 ball=114.02 vball=0.30 aball=-2.3 bref=0.00 pid=0.0 pref=0.0 ppos=101.0 apid=-0.0 integ=0.0 vision=1 current=1 vframe=18029 vs=1 vage=30 vpage=30 vdt=33 vmax=6166 vacc=17156 vrej=0 seq=0 elapsed=0 oled=3C
[   2828] STATUS mode=3 fault=none enc=953 denc=0 sreq=0 sapplied=0 crate=0 uimp=101000 upos=510 uneg=0 ball=114.01 vball=0.11 aball=-3.2 bref=0.00 pid=0.0 pref=0.0 ppos=101.0 apid=-0.0 integ=0.0 vision=1 current=1 vframe=18030 vs=1 vage=17 vpage=17 vdt=33 vmax=6166 vacc=17157 vrej=0 seq=0 elapsed=0 oled=3C
[   2858] STATUS mode=3 fault=none enc=953 denc=0 sreq=0 sapplied=0 crate=0 uimp=101000 upos=510 uneg=0 ball=114.01 vball=0.04 aball=-2.9 bref=0.00 pid=0.0 pref=0.0 ppos=101.0 apid=-0.0 integ=0.0 vision=1 current=1 vframe=18031 vs=1 vage=3 vpage=3 vdt=34 vmax=6166 vacc=17158 vrej=0 seq=0 elapsed=0 oled=3C
[   2890] STATUS mode=3 fault=none enc=953 denc=0 sreq=0 sapplied=0 crate=0 uimp=101000 upos=510 uneg=0 ball=113.99 vball=-0.07 aball=-3.0 bref=0.00 pid=0.0 pref=0.0 ppos=101.0 apid=-0.0 integ=0.0 vision=1 current=1 vframe=18032 vs=1 vage=10 vpage=10 vdt=33 vmax=6166 vacc=17159 vrej=0 seq=0 elapsed=0 oled=3C
[   2906] STATUS mode=3 fault=none enc=953 denc=0 sreq=0 sapplied=0 crate=0 uimp=101000 upos=510 uneg=0 ball=113.99 vball=-0.07 aball=-3.0 bref=0.00 pid=0.0 pref=0.0 ppos=101.0 apid=-0.0 integ=0.0 vision=1 current=1 vframe=18032 vs=1 vage=30 vpage=30 vdt=33 vmax=6166 vacc=17159 vrej=0 seq=0 elapsed=0 oled=3C
[   2937] STATUS mode=3 fault=none enc=953 denc=0 sreq=0 sapplied=0 crate=0 uimp=101000 upos=510 uneg=0 ball=113.97 vball=-0.26 aball=-3.6 bref=0.00 pid=0.0 pref=0.0 ppos=101.0 apid=-0.0 integ=0.0 vision=1 current=1 vframe=18033 vs=1 vage=16 vpage=16 vdt=34 vmax=6166 vacc=17160 vrej=0 seq=0 elapsed=0 oled=3C
[   2967] STATUS mode=3 fault=none enc=953 denc=0 sreq=0 sapplied=0 crate=0 uimp=101000 upos=510 uneg=0 ball=113.96 vball=-0.26 aball=-2.7 bref=0.00 pid=0.0 pref=0.0 ppos=101.0 apid=-0.0 integ=0.0 vision=1 current=1 vframe=18034 vs=1 vage=22 vpage=22 vdt=34 vmax=6166 vacc=17161 vrej=0 seq=0 elapsed=0 oled=3C
[   2983] STATUS mode=3 fault=none enc=953 denc=0 sreq=0 sapplied=0 crate=0 uimp=101000 upos=510 uneg=0 ball=113.96 vball=-0.21 aball=-1.7 bref=0.00 pid=0.0 pref=0.0 ppos=101.0 apid=-0.0 integ=0.0 vision=1 current=1 vframe=18035 vs=1 vage=10 vpage=10 vdt=32 vmax=6166 vacc=17162 vrej=0 seq=0 elapsed=0 oled=3C
[   3015] STATUS mode=3 fault=none enc=953 denc=0 sreq=0 sapplied=0 crate=0 uimp=101000 upos=510 uneg=0 ball=113.96 vball=-0.21 aball=-1.7 bref=0.00 pid=0.0 pref=0.0 ppos=101.0 apid=-0.0 integ=0.0 vision=1 current=1 vframe=18035 vs=1 vage=30 vpage=30 vdt=32 vmax=6166 vacc=17162 vrej=0 seq=0 elapsed=0 oled=3C
[   3047] STATUS mode=3 fault=none enc=953 denc=0 sreq=0 sapplied=0 crate=0 uimp=101000 upos=510 uneg=0 ball=113.96 vball=-0.05 aball=-0.6 bref=0.00 pid=0.0 pref=0.0 ppos=101.0 apid=-0.0 integ=0.0 vision=1 current=1 vframe=18037 vs=1 vage=3 vpage=3 vdt=34 vmax=6166 vacc=17164 vrej=0 seq=0 elapsed=0 oled=3C
[   3062] STATUS mode=3 fault=none enc=953 denc=0 sreq=0 sapplied=0 crate=0 uimp=101000 upos=510 uneg=0 ball=113.96 vball=-0.05 aball=0.1 bref=0.00 pid=0.0 pref=0.0 ppos=101.0 apid=0.0 integ=0.0 vision=1 current=1 vframe=18037 vs=1 vage=23 vpage=23 vdt=34 vmax=6166 vacc=17164 vrej=0 seq=0 elapsed=0 oled=3C
[   3092] STATUS mode=3 fault=none enc=953 denc=0 sreq=0 sapplied=0 crate=0 uimp=101000 upos=510 uneg=0 ball=113.97 vball=-0.01 aball=0.4 bref=0.00 pid=0.0 pref=0.0 ppos=101.0 apid=0.0 integ=0.0 vision=1 current=1 vframe=18038 vs=1 vage=10 vpage=10 vdt=33 vmax=6166 vacc=17165 vrej=0 seq=0 elapsed=0 oled=3C
[   3125] STATUS mode=3 fault=none enc=953 denc=0 sreq=0 sapplied=0 crate=0 uimp=101000 upos=510 uneg=0 ball=113.97 vball=-0.01 aball=0.4 bref=0.00 pid=0.0 pref=0.0 ppos=101.0 apid=0.0 integ=0.0 vision=1 current=1 vframe=18038 vs=1 vage=30 vpage=30 vdt=33 vmax=6166 vacc=17165 vrej=0 seq=0 elapsed=0 oled=3C
[   3140] STATUS mode=3 fault=none enc=953 denc=0 sreq=0 sapplied=0 crate=0 uimp=101000 upos=510 uneg=0 ball=113.99 vball=0.23 aball=0.4 bref=0.00 pid=0.0 pref=0.0 ppos=101.0 apid=0.0 integ=0.0 vision=1 current=1 vframe=18040 vs=1 vage=3 vpage=3 vdt=33 vmax=6166 vacc=17167 vrej=0 seq=0 elapsed=0 oled=3C
[   3172] STATUS mode=3 fault=none enc=953 denc=0 sreq=0 sapplied=0 crate=0 uimp=101000 upos=510 uneg=0 ball=113.99 vball=0.23 aball=2.0 bref=0.00 pid=0.0 pref=0.0 ppos=101.0 apid=0.0 integ=0.0 vision=1 current=1 vframe=18040 vs=1 vage=23 vpage=23 vdt=33 vmax=6166 vacc=17167 vrej=0 seq=0 elapsed=0 oled=3C
[   3203] STATUS mode=3 fault=none enc=953 denc=0 sreq=0 sapplied=0 crate=0 uimp=101000 upos=510 uneg=0 ball=114.02 vball=0.42 aball=3.0 bref=0.00 pid=0.0 pref=0.0 ppos=101.0 apid=0.0 integ=0.0 vision=1 current=1 vframe=18041 vs=1 vage=10 vpage=10 vdt=33 vmax=6166 vacc=17168 vrej=0 seq=0 elapsed=0 oled=3C
[   3217] STATUS mode=3 fault=none enc=953 denc=0 sreq=0 sapplied=0 crate=0 uimp=101000 upos=510 uneg=0 ball=114.02 vball=0.31 aball=1.4 bref=0.00 pid=0.0 pref=0.0 ppos=101.0 apid=0.0 integ=0.0 vision=1 current=1 vframe=18042 vs=1 vage=16 vpage=16 vdt=34 vmax=6166 vacc=17169 vrej=0 seq=0 elapsed=0 oled=3C
[   3250] STATUS mode=3 fault=none enc=953 denc=0 sreq=0 sapplied=0 crate=0 uimp=101000 upos=510 uneg=0 ball=114.03 vball=0.31 aball=1.4 bref=0.00 pid=0.0 pref=0.0 ppos=101.0 apid=0.0 integ=0.0 vision=1 current=1 vframe=18043 vs=1 vage=3 vpage=3 vdt=33 vmax=6166 vacc=17170 vrej=0 seq=0 elapsed=0 oled=3C
[   3281] STATUS mode=3 fault=none enc=953 denc=0 sreq=0 sapplied=0 crate=0 uimp=101000 upos=510 uneg=0 ball=114.03 vball=0.31 aball=1.1 bref=0.00 pid=0.0 pref=0.0 ppos=101.0 apid=0.0 integ=0.0 vision=1 current=1 vframe=18043 vs=1 vage=23 vpage=23 vdt=33 vmax=6166 vacc=17170 vrej=0 seq=0 elapsed=0 oled=3C
[   3297] STATUS mode=3 fault=none enc=953 denc=0 sreq=0 sapplied=0 crate=0 uimp=101000 upos=510 uneg=0 ball=114.03 vball=0.23 aball=0.2 bref=0.00 pid=0.0 pref=0.0 ppos=101.0 apid=0.0 integ=0.0 vision=1 current=1 vframe=18044 vs=1 vage=30 vpage=30 vdt=33 vmax=6166 vacc=17171 vrej=0 seq=0 elapsed=0 oled=3C
[   3328] STATUS mode=3 fault=none enc=953 denc=0 sreq=0 sapplied=0 crate=0 uimp=101000 upos=510 uneg=0 ball=114.00 vball=-0.15 aball=-2.7 bref=0.00 pid=0.0 pref=0.0 ppos=101.0 apid=-0.0 integ=0.0 vision=1 current=1 vframe=18045 vs=1 vage=16 vpage=16 vdt=34 vmax=6166 vacc=17172 vrej=0 seq=0 elapsed=0 oled=3C
[   3358] STATUS mode=3 fault=none enc=953 denc=0 sreq=0 sapplied=0 crate=0 uimp=101000 upos=510 uneg=0 ball=113.76 vball=-2.26 aball=-18.5 bref=0.00 pid=0.0 pref=0.0 ppos=101.0 apid=-0.0 integ=0.0 vision=1 current=1 vframe=18046 vs=1 vage=4 vpage=4 vdt=32 vmax=6166 vacc=17173 vrej=0 seq=0 elapsed=0 oled=3C
[   3375] STATUS mode=3 fault=none enc=953 denc=0 sreq=0 sapplied=0 crate=0 uimp=101000 upos=510 uneg=0 ball=113.76 vball=-2.26 aball=-18.5 bref=0.00 pid=0.0 pref=0.0 ppos=101.0 apid=-0.0 integ=0.0 vision=1 current=1 vframe=18046 vs=1 vage=24 vpage=24 vdt=32 vmax=6166 vacc=17173 vrej=0 seq=0 elapsed=0 oled=3C
[   3406] STATUS mode=3 fault=none enc=953 denc=0 sreq=0 sapplied=0 crate=0 uimp=101000 upos=510 uneg=0 ball=113.66 vball=-2.40 aball=-14.9 bref=0.00 pid=0.0 pref=0.0 ppos=101.0 apid=-0.0 integ=0.0 vision=1 current=1 vframe=18047 vs=1 vage=31 vpage=31 vdt=33 vmax=6166 vacc=17174 vrej=0 seq=0 elapsed=0 oled=3C
[   3437] STATUS mode=3 fault=none enc=953 denc=0 sreq=0 sapplied=0 crate=0 uimp=101000 upos=510 uneg=0 ball=113.64 vball=-1.89 aball=-7.3 bref=0.00 pid=0.0 pref=0.0 ppos=101.0 apid=-0.0 integ=0.0 vision=1 current=1 vframe=18048 vs=1 vage=18 vpage=18 vdt=33 vmax=6166 vacc=17175 vrej=0 seq=0 elapsed=0 oled=3C
[   3453] STATUS mode=3 fault=none enc=953 denc=0 sreq=0 sapplied=0 crate=0 uimp=101000 upos=510 uneg=0 ball=113.64 vball=-1.33 aball=-7.3 bref=0.00 pid=0.0 pref=0.0 ppos=101.0 apid=-0.0 integ=0.0 vision=1 current=1 vframe=18049 vs=1 vage=2 vpage=2 vdt=36 vmax=6166 vacc=17176 vrej=0 seq=0 elapsed=0 oled=3C
[   3483] STATUS mode=3 fault=none enc=953 denc=0 sreq=0 sapplied=0 crate=0 uimp=101000 upos=510 uneg=0 ball=113.61 vball=-1.20 aball=-0.2 bref=0.00 pid=0.0 pref=0.0 ppos=101.0 apid=-0.0 integ=0.0 vision=1 current=1 vframe=18050 vs=1 vage=11 vpage=11 vdt=31 vmax=6166 vacc=17177 vrej=0 seq=0 elapsed=0 oled=3C
[   3515] STATUS mode=3 fault=none enc=953 denc=0 sreq=0 sapplied=0 crate=0 uimp=101000 upos=510 uneg=0 ball=113.61 vball=-1.20 aball=-0.2 bref=0.00 pid=0.0 pref=0.0 ppos=101.0 apid=-0.0 integ=0.0 vision=1 current=1 vframe=18050 vs=1 vage=31 vpage=31 vdt=31 vmax=6166 vacc=17177 vrej=0 seq=0 elapsed=0 oled=3C
[   3531] STATUS mode=3 fault=none enc=953 denc=0 sreq=0 sapplied=0 crate=0 uimp=101000 upos=510 uneg=0 ball=113.79 vball=0.77 aball=14.8 bref=0.00 pid=0.0 pref=0.0 ppos=101.0 apid=0.0 integ=0.0 vision=1 current=1 vframe=18051 vs=1 vage=18 vpage=18 vdt=33 vmax=6166 vacc=17178 vrej=0 seq=0 elapsed=0 oled=3C
[   3562] STATUS mode=3 fault=none enc=953 denc=0 sreq=0 sapplied=0 crate=0 uimp=101000 upos=510 uneg=0 ball=113.93 vball=1.81 aball=19.0 bref=0.00 pid=0.0 pref=0.0 ppos=101.0 apid=0.0 integ=0.0 vision=1 current=1 vframe=18052 vs=1 vage=25 vpage=25 vdt=33 vmax=6166 vacc=17179 vrej=0 seq=0 elapsed=0 oled=3C
[   3592] STATUS mode=3 fault=none enc=953 denc=0 sreq=0 sapplied=0 crate=0 uimp=101000 upos=510 uneg=0 ball=113.94 vball=1.33 aball=10.7 bref=0.00 pid=0.0 pref=0.0 ppos=101.0 apid=0.0 integ=0.0 vision=1 current=1 vframe=18053 vs=1 vage=11 vpage=11 vdt=34 vmax=6166 vacc=17180 vrej=0 seq=0 elapsed=0 oled=3C
[   3608] STATUS mode=3 fault=none enc=953 denc=0 sreq=0 sapplied=0 crate=0 uimp=101000 upos=510 uneg=0 ball=113.94 vball=1.33 aball=10.7 bref=0.00 pid=0.0 pref=0.0 ppos=101.0 apid=0.0 integ=0.0 vision=1 current=1 vframe=18053 vs=1 vage=31 vpage=31 vdt=34 vmax=6166 vacc=17180 vrej=0 seq=0 elapsed=0 oled=3C
[   3640] STATUS mode=3 fault=none enc=953 denc=0 sreq=0 sapplied=0 crate=0 uimp=101000 upos=510 uneg=0 ball=113.81 vball=-0.32 aball=-4.5 bref=0.00 pid=0.0 pref=0.0 ppos=101.0 apid=-0.0 integ=0.0 vision=1 current=1 vframe=18054 vs=1 vage=18 vpage=18 vdt=33 vmax=6166 vacc=17181 vrej=0 seq=0 elapsed=0 oled=3C
[   3672] STATUS mode=3 fault=none enc=953 denc=0 sreq=0 sapplied=0 crate=0 uimp=101000 upos=510 uneg=0 ball=113.69 vball=-1.23 aball=-10.0 bref=0.00 pid=0.0 pref=0.0 ppos=101.0 apid=-0.0 integ=0.0 vision=1 current=1 vframe=18055 vs=1 vage=24 vpage=24 vdt=34 vmax=6166 vacc=17182 vrej=0 seq=0 elapsed=0 oled=3C
[   3687] STATUS mode=3 fault=none enc=953 denc=0 sreq=0 sapplied=0 crate=0 uimp=101000 upos=510 uneg=0 ball=113.66 vball=-1.17 aball=-7.1 bref=0.00 pid=0.0 pref=0.0 ppos=101.0 apid=-0.0 integ=0.0 vision=1 current=1 vframe=18056 vs=1 vage=11 vpage=11 vdt=33 vmax=6166 vacc=17183 vrej=0 seq=0 elapsed=0 oled=3C
[   3717] STATUS mode=3 fault=none enc=953 denc=0 sreq=0 sapplied=0 crate=0 uimp=101000 upos=510 uneg=0 ball=113.66 vball=-1.17 aball=-7.1 bref=0.00 pid=0.0 pref=0.0 ppos=101.0 apid=-0.0 integ=0.0 vision=1 current=1 vframe=18056 vs=1 vage=31 vpage=31 vdt=33 vmax=6166 vacc=17183 vrej=0 seq=0 elapsed=0 oled=3C
[   3750] STATUS mode=3 fault=none enc=953 denc=0 sreq=0 sapplied=0 crate=0 uimp=101000 upos=510 uneg=0 ball=113.65 vball=-0.60 aball=-0.2 bref=0.00 pid=0.0 pref=0.0 ppos=101.0 apid=-0.0 integ=0.0 vision=1 current=1 vframe=18058 vs=1 vage=5 vpage=5 vdt=32 vmax=6166 vacc=17185 vrej=0 seq=0 elapsed=0 oled=3C
[   3765] STATUS mode=3 fault=none enc=953 denc=0 sreq=0 sapplied=0 crate=0 uimp=101000 upos=510 uneg=0 ball=113.65 vball=-0.60 aball=-0.2 bref=0.00 pid=0.0 pref=0.0 ppos=101.0 apid=-0.0 integ=0.0 vision=1 current=1 vframe=18058 vs=1 vage=25 vpage=25 vdt=32 vmax=6166 vacc=17185 vrej=0 seq=0 elapsed=0 oled=3C
[   3797] STATUS mode=3 fault=none enc=953 denc=0 sreq=0 sapplied=0 crate=0 uimp=101000 upos=510 uneg=0 ball=113.67 vball=-0.30 aball=2.0 bref=0.00 pid=0.0 pref=0.0 ppos=101.0 apid=0.0 integ=0.0 vision=1 current=1 vframe=18059 vs=1 vage=10 vpage=10 vdt=35 vmax=6166 vacc=17186 vrej=0 seq=0 elapsed=0 oled=3C
[   3828] STATUS mode=3 fault=none enc=953 denc=0 sreq=0 sapplied=0 crate=0 uimp=101000 upos=510 uneg=0 ball=113.89 vball=1.75 aball=17.5 bref=0.00 pid=0.0 pref=0.0 ppos=101.0 apid=0.0 integ=0.0 vision=1 current=1 vframe=18060 vs=1 vage=18 vpage=18 vdt=32 vmax=6166 vacc=17187 vrej=0 seq=0 elapsed=0 oled=3C
[   3842] STATUS mode=3 fault=none enc=953 denc=0 sreq=0 sapplied=0 crate=0 uimp=101000 upos=510 uneg=0 ball=113.99 vball=2.03 aball=15.2 bref=0.00 pid=0.0 pref=0.0 ppos=101.0 apid=0.0 integ=0.0 vision=1 current=1 vframe=18061 vs=1 vage=4 vpage=4 vdt=34 vmax=6166 vacc=17188 vrej=0 seq=0 elapsed=0 oled=3C
[   3875] STATUS mode=3 fault=none enc=953 denc=0 sreq=0 sapplied=0 crate=0 uimp=101000 upos=510 uneg=0 ball=113.99 vball=2.03 aball=15.2 bref=0.00 pid=0.0 pref=0.0 ppos=101.0 apid=0.0 integ=0.0 vision=1 current=1 vframe=18061 vs=1 vage=24 vpage=24 vdt=34 vmax=6166 vacc=17188 vrej=0 seq=0 elapsed=0 oled=3C
[   3906] STATUS mode=3 fault=none enc=953 denc=0 sreq=0 sapplied=0 crate=0 uimp=101000 upos=510 uneg=0 ball=114.02 vball=1.76 aball=9.4 bref=0.00 pid=0.0 pref=0.0 ppos=101.0 apid=0.0 integ=0.0 vision=1 current=1 vframe=18062 vs=1 vage=11 vpage=11 vdt=33 vmax=6166 vacc=17189 vrej=0 seq=0 elapsed=0 oled=3C
[   3922] STATUS mode=3 fault=none enc=953 denc=0 sreq=0 sapplied=0 crate=0 uimp=101000 upos=510 uneg=0 ball=113.92 vball=0.30 aball=-4.0 bref=0.00 pid=0.0 pref=0.0 ppos=101.0 apid=-0.0 integ=0.0 vision=1 current=1 vframe=18063 vs=1 vage=18 vpage=18 vdt=33 vmax=6166 vacc=17190 vrej=0 seq=0 elapsed=0 oled=3C
[   3953] STATUS mode=3 fault=none enc=953 denc=0 sreq=0 sapplied=0 crate=0 uimp=101000 upos=510 uneg=0 ball=113.83 vball=-0.58 aball=-9.5 bref=0.00 pid=0.0 pref=0.0 ppos=101.0 apid=-0.0 integ=0.0 vision=1 current=1 vframe=18064 vs=1 vage=4 vpage=4 vdt=34 vmax=6166 vacc=17191 vrej=0 seq=0 elapsed=0 oled=3C
[   3983] STATUS mode=3 fault=none enc=953 denc=0 sreq=0 sapplied=0 crate=0 uimp=101000 upos=510 uneg=0 ball=113.83 vball=-0.58 aball=-9.5 bref=0.00 pid=0.0 pref=0.0 ppos=101.0 apid=-0.0 integ=0.0 vision=1 current=1 vframe=18064 vs=1 vage=24 vpage=24 vdt=34 vmax=6166 vacc=17191 vrej=0 seq=0 elapsed=0 oled=3C
[   4000] STATUS mode=3 fault=none enc=953 denc=0 sreq=0 sapplied=0 crate=0 uimp=101000 upos=510 uneg=0 ball=113.80 vball=-0.66 aball=-7.7 bref=0.00 pid=0.0 pref=0.0 ppos=101.0 apid=-0.0 integ=0.0 vision=1 current=1 vframe=18065 vs=1 vage=31 vpage=31 vdt=33 vmax=6166 vacc=17192 vrej=0 seq=0 elapsed=0 oled=3C
[   4031] STATUS mode=3 fault=none enc=953 denc=0 sreq=0 sapplied=0 crate=0 uimp=101000 upos=510 uneg=0 ball=113.78 vball=-0.63 aball=-5.6 bref=0.00 pid=0.0 pref=0.0 ppos=101.0 apid=-0.0 integ=0.0 vision=1 current=1 vframe=18066 vs=1 vage=17 vpage=17 vdt=34 vmax=6166 vacc=17193 vrej=0 seq=0 elapsed=0 oled=3C
[   4062] STATUS mode=3 fault=none enc=953 denc=0 sreq=0 sapplied=0 crate=0 uimp=101000 upos=510 uneg=0 ball=113.71 vball=-1.11 aball=-7.8 bref=0.00 pid=0.0 pref=0.0 ppos=101.0 apid=-0.0 integ=0.0 vision=1 current=1 vframe=18067 vs=1 vage=4 vpage=4 vdt=33 vmax=6166 vacc=17194 vrej=0 seq=0 elapsed=0 oled=3C
[   4078] STATUS mode=3 fault=none enc=953 denc=0 sreq=0 sapplied=0 crate=0 uimp=101000 upos=510 uneg=0 ball=113.69 vball=-0.96 aball=-4.8 bref=0.00 pid=0.0 pref=0.0 ppos=101.0 apid=-0.0 integ=0.0 vision=1 current=1 vframe=18068 vs=1 vage=10 vpage=10 vdt=34 vmax=6166 vacc=17195 vrej=0 seq=0 elapsed=0 oled=3C
[   4108] STATUS mode=3 fault=none enc=953 denc=0 sreq=0 sapplied=0 crate=0 uimp=101000 upos=510 uneg=0 ball=113.69 vball=-0.96 aball=-4.8 bref=0.00 pid=0.0 pref=0.0 ppos=101.0 apid=-0.0 integ=0.0 vision=1 current=1 vframe=18068 vs=1 vage=30 vpage=30 vdt=34 vmax=6166 vacc=17195 vrej=0 seq=0 elapsed=0 oled=3C
[   4140] STATUS mode=3 fault=none enc=953 denc=0 sreq=0 sapplied=0 crate=0 uimp=101000 upos=510 uneg=0 ball=113.90 vball=1.17 aball=12.6 bref=0.00 pid=0.0 pref=0.0 ppos=101.0 apid=0.0 integ=0.0 vision=1 current=1 vframe=18069 vs=1 vage=17 vpage=17 vdt=33 vmax=6166 vacc=17196 vrej=0 seq=0 elapsed=0 oled=3C
[   4156] STATUS mode=3 fault=none enc=953 denc=0 sreq=0 sapplied=0 crate=0 uimp=101000 upos=510 uneg=0 ball=114.02 vball=1.82 aball=14.3 bref=0.00 pid=0.0 pref=0.0 ppos=101.0 apid=0.0 integ=0.0 vision=1 current=1 vframe=18070 vs=1 vage=24 vpage=24 vdt=33 vmax=6166 vacc=17197 vrej=0 seq=0 elapsed=0 oled=3C
[   4187] STATUS mode=3 fault=none enc=953 denc=0 sreq=0 sapplied=0 crate=0 uimp=101000 upos=510 uneg=0 ball=114.07 vball=1.72 aball=10.0 bref=0.00 pid=0.0 pref=0.0 ppos=101.0 apid=0.0 integ=0.0 vision=1 current=1 vframe=18071 vs=1 vage=11 vpage=11 vdt=33 vmax=6166 vacc=17198 vrej=0 seq=0 elapsed=0 oled=3C
[   4217] STATUS mode=3 fault=none enc=953 denc=0 sreq=0 sapplied=0 crate=0 uimp=101000 upos=510 uneg=0 ball=114.07 vball=1.72 aball=10.0 bref=0.00 pid=0.0 pref=0.0 ppos=101.0 apid=0.0 integ=0.0 vision=1 current=1 vframe=18071 vs=1 vage=31 vpage=31 vdt=33 vmax=6166 vacc=17198 vrej=0 seq=0 elapsed=0 oled=3C
[   4233] STATUS mode=3 fault=none enc=953 denc=0 sreq=0 sapplied=0 crate=0 uimp=101000 upos=510 uneg=0 ball=114.08 vball=1.29 aball=4.3 bref=0.00 pid=0.0 pref=0.0 ppos=101.0 apid=0.0 integ=0.0 vision=1 current=1 vframe=18072 vs=1 vage=17 vpage=17 vdt=34 vmax=6166 vacc=17199 vrej=0 seq=0 elapsed=0 oled=3C
[   4265] STATUS mode=3 fault=none enc=953 denc=0 sreq=0 sapplied=0 crate=0 uimp=101000 upos=510 uneg=0 ball=114.07 vball=0.88 aball=0.1 bref=0.00 pid=0.0 pref=0.0 ppos=101.0 apid=0.0 integ=0.0 vision=1 current=1 vframe=18073 vs=1 vage=24 vpage=24 vdt=33 vmax=6166 vacc=17200 vrej=0 seq=0 elapsed=0 oled=3C
[   4297] STATUS mode=3 fault=none enc=953 denc=0 sreq=0 sapplied=0 crate=0 uimp=101000 upos=510 uneg=0 ball=114.10 vball=0.92 aball=0.4 bref=0.00 pid=0.0 pref=0.0 ppos=101.0 apid=0.0 integ=0.0 vision=1 current=1 vframe=18074 vs=1 vage=10 vpage=10 vdt=34 vmax=6166 vacc=17201 vrej=0 seq=0 elapsed=0 oled=3C
[   4312] STATUS mode=3 fault=none enc=953 denc=0 sreq=0 sapplied=0 crate=0 uimp=101000 upos=510 uneg=0 ball=114.10 vball=0.92 aball=0.4 bref=0.00 pid=0.0 pref=0.0 ppos=101.0 apid=0.0 integ=0.0 vision=1 current=1 vframe=18074 vs=1 vage=30 vpage=30 vdt=34 vmax=6166 vacc=17201 vrej=0 seq=0 elapsed=0 oled=3C
[   4342] STATUS mode=3 fault=none enc=953 denc=0 sreq=0 sapplied=0 crate=0 uimp=101000 upos=510 uneg=0 ball=114.12 vball=0.58 aball=-1.8 bref=0.00 pid=0.0 pref=0.0 ppos=101.0 apid=-0.0 integ=0.0 vision=1 current=1 vframe=18076 vs=1 vage=4 vpage=4 vdt=33 vmax=6166 vacc=17203 vrej=0 seq=0 elapsed=0 oled=3C
[   4375] STATUS mode=3 fault=none enc=953 denc=0 sreq=0 sapplied=0 crate=0 uimp=101000 upos=510 uneg=0 ball=114.12 vball=0.58 aball=-1.8 bref=0.00 pid=0.0 pref=0.0 ppos=101.0 apid=-0.0 integ=0.0 vision=1 current=1 vframe=18076 vs=1 vage=24 vpage=24 vdt=33 vmax=6166 vacc=17203 vrej=0 seq=0 elapsed=0 oled=3C
[   4390] STATUS mode=3 fault=none enc=953 denc=0 sreq=0 sapplied=0 crate=0 uimp=101000 upos=510 uneg=0 ball=114.12 vball=0.47 aball=-2.2 bref=0.00 pid=0.0 pref=0.0 ppos=101.0 apid=-0.0 integ=0.0 vision=1 current=1 vframe=18077 vs=1 vage=11 vpage=11 vdt=33 vmax=6166 vacc=17204 vrej=0 seq=0 elapsed=0 oled=3C
[   4422] STATUS mode=3 fault=none enc=953 denc=0 sreq=0 sapplied=0 crate=0 uimp=101000 upos=510 uneg=0 ball=114.12 vball=0.47 aball=-2.2 bref=0.00 pid=0.0 pref=0.0 ppos=101.0 apid=-0.0 integ=0.0 vision=1 current=1 vframe=18077 vs=1 vage=31 vpage=31 vdt=33 vmax=6166 vacc=17204 vrej=0 seq=0 elapsed=0 oled=3C
[   4453] STATUS mode=3 fault=none enc=953 denc=0 sreq=0 sapplied=0 crate=0 uimp=101000 upos=510 uneg=0 ball=114.09 vball=-0.07 aball=-5.3 bref=0.00 pid=0.0 pref=0.0 ppos=101.0 apid=-0.0 integ=0.0 vision=1 current=1 vframe=18079 vs=1 vage=4 vpage=4 vdt=33 vmax=6166 vacc=17206 vrej=0 seq=0 elapsed=0 oled=3C
[   4467] STATUS mode=3 fault=none enc=953 denc=0 sreq=0 sapplied=0 crate=0 uimp=101000 upos=510 uneg=0 ball=114.09 vball=-0.07 aball=-5.3 bref=0.00 pid=0.0 pref=0.0 ppos=101.0 apid=-0.0 integ=0.0 vision=1 current=1 vframe=18079 vs=1 vage=24 vpage=24 vdt=33 vmax=6166 vacc=17206 vrej=0 seq=0 elapsed=0 oled=3C
[   4500] STATUS mode=3 fault=none enc=953 denc=0 sreq=0 sapplied=0 crate=0 uimp=101000 upos=510 uneg=0 ball=114.08 vball=-0.19 aball=-4.9 bref=0.00 pid=0.0 pref=0.0 ppos=101.0 apid=-0.0 integ=0.0 vision=1 current=1 vframe=18080 vs=1 vage=11 vpage=11 vdt=33 vmax=6166 vacc=17207 vrej=0 seq=0 elapsed=0 oled=3C
[   4531] STATUS mode=3 fault=none enc=953 denc=0 sreq=0 sapplied=0 crate=0 uimp=101000 upos=510 uneg=0 ball=114.07 vball=-0.18 aball=-3.6 bref=0.00 pid=0.0 pref=0.0 ppos=101.0 apid=-0.0 integ=0.0 vision=1 current=1 vframe=18081 vs=1 vage=18 vpage=18 vdt=33 vmax=6166 vacc=17208 vrej=0 seq=0 elapsed=0 oled=3C
[   4547] STATUS mode=3 fault=none enc=953 denc=0 sreq=0 sapplied=0 crate=0 uimp=101000 upos=510 uneg=0 ball=114.07 vball=-0.13 aball=-2.3 bref=0.00 pid=0.0 pref=0.0 ppos=101.0 apid=-0.0 integ=0.0 vision=1 current=1 vframe=18082 vs=1 vage=4 vpage=4 vdt=34 vmax=6166 vacc=17209 vrej=0 seq=0 elapsed=0 oled=3C
[   4578] STATUS mode=3 fault=none enc=953 denc=0 sreq=0 sapplied=0 crate=0 uimp=101000 upos=510 uneg=0 ball=114.07 vball=-0.13 aball=-2.3 bref=0.00 pid=0.0 pref=0.0 ppos=101.0 apid=-0.0 integ=0.0 vision=1 current=1 vframe=18082 vs=1 vage=24 vpage=24 vdt=34 vmax=6166 vacc=17209 vrej=0 seq=0 elapsed=0 oled=3C
[   4608] STATUS mode=3 fault=none enc=953 denc=0 sreq=0 sapplied=0 crate=0 uimp=101000 upos=510 uneg=0 ball=114.07 vball=-0.09 aball=-1.5 bref=0.00 pid=0.0 pref=0.0 ppos=101.0 apid=-0.0 integ=0.0 vision=1 current=1 vframe=18083 vs=1 vage=29 vpage=29 vdt=35 vmax=6166 vacc=17210 vrej=0 seq=0 elapsed=0 oled=3C
[   4625] STATUS mode=3 fault=none enc=953 denc=0 sreq=0 sapplied=0 crate=0 uimp=101000 upos=510 uneg=0 ball=114.04 vball=-0.29 aball=-2.6 bref=0.00 pid=0.0 pref=0.0 ppos=101.0 apid=-0.0 integ=0.0 vision=1 current=1 vframe=18084 vs=1 vage=16 vpage=16 vdt=33 vmax=6166 vacc=17211 vrej=0 seq=0 elapsed=0 oled=3C
[   4656] STATUS mode=3 fault=none enc=953 denc=0 sreq=0 sapplied=0 crate=0 uimp=101000 upos=510 uneg=0 ball=114.03 vball=-0.29 aball=-2.6 bref=0.00 pid=0.0 pref=0.0 ppos=101.0 apid=-0.0 integ=0.0 vision=1 current=1 vframe=18085 vs=1 vage=2 vpage=2 vdt=34 vmax=6166 vacc=17212 vrej=0 seq=0 elapsed=0 oled=3C
[   4687] STATUS mode=3 fault=none enc=953 denc=0 sreq=0 sapplied=0 crate=0 uimp=101000 upos=510 uneg=0 ball=114.03 vball=-0.29 aball=-2.0 bref=0.00 pid=0.0 pref=0.0 ppos=101.0 apid=-0.0 integ=0.0 vision=1 current=1 vframe=18085 vs=1 vage=42 vpage=42 vdt=34 vmax=6166 vacc=17212 vrej=0 seq=0 elapsed=0 oled=3C
[   4703] STATUS mode=3 fault=none enc=953 denc=0 sreq=0 sapplied=0 crate=0 uimp=101000 upos=510 uneg=0 ball=114.05 vball=-0.06 aball=-0.2 bref=0.00 pid=0.0 pref=0.0 ppos=101.0 apid=-0.0 integ=0.0 vision=1 current=1 vframe=18086 vs=1 vage=16 vpage=16 vdt=46 vmax=6166 vacc=17213 vrej=0 seq=0 elapsed=0 oled=3C
[   4733] STATUS mode=3 fault=none enc=953 denc=0 sreq=0 sapplied=0 crate=0 uimp=101000 upos=510 uneg=0 ball=114.06 vball=0.03 aball=1.2 bref=0.00 pid=0.0 pref=0.0 ppos=101.0 apid=0.0 integ=0.0 vision=1 current=1 vframe=18087 vs=1 vage=20 vpage=20 vdt=16 vmax=6166 vacc=17214 vrej=0 seq=0 elapsed=0 oled=3C
[   4765] STATUS mode=3 fault=none enc=953 denc=0 sreq=0 sapplied=0 crate=0 uimp=101000 upos=510 uneg=0 ball=114.07 vball=0.12 aball=1.2 bref=0.00 pid=0.0 pref=0.0 ppos=101.0 apid=0.0 integ=0.0 vision=1 current=1 vframe=18088 vs=1 vage=3 vpage=3 vdt=37 vmax=6166 vacc=17215 vrej=0 seq=0 elapsed=0 oled=3C
[   4781] STATUS mode=3 fault=none enc=953 denc=0 sreq=0 sapplied=0 crate=0 uimp=101000 upos=510 uneg=0 ball=114.07 vball=0.09 aball=1.2 bref=0.00 pid=0.0 pref=0.0 ppos=101.0 apid=0.0 integ=0.0 vision=1 current=1 vframe=18090 vs=1 vage=1 vpage=1 vdt=23 vmax=6166 vacc=17217 vrej=0 seq=0 elapsed=0 oled=3C
[   4812] STATUS mode=3 fault=none enc=953 denc=0 sreq=0 sapplied=0 crate=0 uimp=101000 upos=510 uneg=0 ball=114.07 vball=0.09 aball=0.5 bref=0.00 pid=0.0 pref=0.0 ppos=101.0 apid=0.0 integ=0.0 vision=1 current=1 vframe=18090 vs=1 vage=21 vpage=21 vdt=23 vmax=6166 vacc=17217 vrej=0 seq=0 elapsed=0 oled=3C
[   4842] STATUS mode=3 fault=none enc=953 denc=0 sreq=0 sapplied=0 crate=0 uimp=101000 upos=510 uneg=0 ball=113.84 vball=-3.15 aball=-34.8 bref=0.00 pid=0.0 pref=0.0 ppos=101.0 apid=-0.0 integ=0.0 vision=1 current=1 vframe=18091 vs=1 vage=18 vpage=18 vdt=23 vmax=6166 vacc=17218 vrej=0 seq=0 elapsed=0 oled=3C
[   4858] STATUS mode=3 fault=none enc=953 denc=0 sreq=0 sapplied=0 crate=0 uimp=101000 upos=510 uneg=0 ball=113.76 vball=-2.92 aball=-24.4 bref=0.00 pid=0.0 pref=0.0 ppos=101.0 apid=-0.0 integ=0.0 vision=1 current=1 vframe=18092 vs=1 vage=25 vpage=25 vdt=33 vmax=6166 vacc=17219 vrej=0 seq=0 elapsed=0 oled=3C
[   4890] STATUS mode=3 fault=none enc=953 denc=0 sreq=0 sapplied=0 crate=0 uimp=101000 upos=510 uneg=0 ball=113.75 vball=-2.18 aball=-12.7 bref=0.00 pid=0.0 pref=0.0 ppos=101.0 apid=-0.0 integ=0.0 vision=1 current=1 vframe=18093 vs=1 vage=12 vpage=12 vdt=33 vmax=6166 vacc=17220 vrej=0 seq=0 elapsed=0 oled=3C
[   4922] STATUS mode=3 fault=none enc=953 denc=0 sreq=0 sapplied=0 crate=0 uimp=101000 upos=510 uneg=0 ball=113.75 vball=-2.18 aball=-12.7 bref=0.00 pid=0.0 pref=0.0 ppos=101.0 apid=-0.0 integ=0.0 vision=1 current=1 vframe=18093 vs=1 vage=32 vpage=32 vdt=33 vmax=6166 vacc=17220 vrej=0 seq=0 elapsed=0 oled=3C
[   4937] STATUS mode=3 fault=none enc=953 denc=0 sreq=0 sapplied=0 crate=0 uimp=101000 upos=510 uneg=0 ball=113.81 vball=-0.67 aball=2.3 bref=0.00 pid=0.0 pref=0.0 ppos=101.0 apid=0.0 integ=0.0 vision=1 current=1 vframe=18095 vs=1 vage=5 vpage=5 vdt=33 vmax=6166 vacc=17222 vrej=0 seq=0 elapsed=0 oled=3C
[   4967] STATUS mode=3 fault=none enc=953 denc=0 sreq=0 sapplied=0 crate=0 uimp=101000 upos=510 uneg=0 ball=113.81 vball=-0.67 aball=2.3 bref=0.00 pid=0.0 pref=0.0 ppos=101.0 apid=0.0 integ=0.0 vision=1 current=1 vframe=18095 vs=1 vage=25 vpage=25 vdt=33 vmax=6166 vacc=17222 vrej=0 seq=0 elapsed=0 oled=3C
[   5000] STATUS mode=3 fault=none enc=953 denc=0 sreq=0 sapplied=0 crate=0 uimp=101000 upos=510 uneg=0 ball=113.84 vball=-0.23 aball=5.1 bref=0.00 pid=0.0 pref=0.0 ppos=101.0 apid=0.0 integ=0.0 vision=1 current=1 vframe=18096 vs=1 vage=12 vpage=12 vdt=33 vmax=6166 vacc=17223 vrej=0 seq=0 elapsed=0 oled=3C
[   5015] STATUS mode=3 fault=none enc=953 denc=0 sreq=0 sapplied=0 crate=0 uimp=101000 upos=510 uneg=0 ball=113.84 vball=-0.23 aball=5.1 bref=0.00 pid=0.0 pref=0.0 ppos=101.0 apid=0.0 integ=0.0 vision=1 current=1 vframe=18096 vs=1 vage=32 vpage=32 vdt=33 vmax=6166 vacc=17223 vrej=0 seq=0 elapsed=0 oled=3C
[   5047] STATUS mode=3 fault=none enc=953 denc=0 sreq=0 sapplied=0 crate=0 uimp=101000 upos=510 uneg=0 ball=113.85 vball=-0.01 aball=4.2 bref=0.00 pid=0.0 pref=0.0 ppos=101.0 apid=0.0 integ=0.0 vision=1 current=1 vframe=18098 vs=1 vage=5 vpage=5 vdt=34 vmax=6166 vacc=17225 vrej=0 seq=0 elapsed=0 oled=3C
[   5078] STATUS mode=3 fault=none enc=953 denc=0 sreq=0 sapplied=0 crate=0 uimp=101000 upos=510 uneg=0 ball=113.85 vball=-0.01 aball=4.2 bref=0.00 pid=0.0 pref=0.0 ppos=101.0 apid=0.0 integ=0.0 vision=1 current=1 vframe=18098 vs=1 vage=25 vpage=25 vdt=34 vmax=6166 vacc=17225 vrej=0 seq=0 elapsed=0 oled=3C
[   5092] STATUS mode=3 fault=none enc=953 denc=0 sreq=0 sapplied=0 crate=0 uimp=101000 upos=510 uneg=0 ball=113.85 vball=0.01 aball=3.3 bref=0.00 pid=0.0 pref=0.0 ppos=101.0 apid=0.0 integ=0.0 vision=1 current=1 vframe=18099 vs=1 vage=12 vpage=12 vdt=33 vmax=6166 vacc=17226 vrej=0 seq=0 elapsed=0 oled=3C
[   5125] STATUS mode=3 fault=none enc=953 denc=0 sreq=0 sapplied=0 crate=0 uimp=101000 upos=510 uneg=0 ball=113.85 vball=0.01 aball=2.5 bref=0.00 pid=0.0 pref=0.0 ppos=101.0 apid=0.0 integ=0.0 vision=1 current=1 vframe=18100 vs=1 vage=19 vpage=19 vdt=33 vmax=6166 vacc=17227 vrej=0 seq=0 elapsed=0 oled=3C
[   5156] STATUS mode=3 fault=none enc=953 denc=0 sreq=0 sapplied=0 crate=0 uimp=101000 upos=510 uneg=0 ball=113.85 vball=0.01 aball=1.9 bref=0.00 pid=0.0 pref=0.0 ppos=101.0 apid=0.0 integ=0.0 vision=1 current=1 vframe=18107 vs=1 vage=5 vpage=5 vdt=34 vmax=6166 vacc=17234 vrej=0 seq=0 elapsed=0 oled=3C
[   5172] STATUS mode=3 fault=none enc=953 denc=0 sreq=0 sapplied=0 crate=0 uimp=101000 upos=510 uneg=0 ball=113.85 vball=0.01 aball=1.9 bref=0.00 pid=0.0 pref=0.0 ppos=101.0 apid=0.0 integ=0.0 vision=1 current=1 vframe=18107 vs=1 vage=25 vpage=25 vdt=34 vmax=6166 vacc=17234 vrej=0 seq=0 elapsed=0 oled=3C
[   5203] STATUS mode=3 fault=none enc=953 denc=0 sreq=0 sapplied=0 crate=0 uimp=101000 upos=510 uneg=0 ball=113.85 vball=0.01 aball=1.4 bref=0.00 pid=0.0 pref=0.0 ppos=101.0 apid=0.0 integ=0.0 vision=1 current=1 vframe=18108 vs=1 vage=12 vpage=12 vdt=33 vmax=6166 vacc=17235 vrej=0 seq=0 elapsed=0 oled=3C
[   5233] STATUS mode=3 fault=none enc=953 denc=0 sreq=0 sapplied=0 crate=0 uimp=101000 upos=510 uneg=0 ball=113.85 vball=0.00 aball=1.0 bref=0.00 pid=0.0 pref=0.0 ppos=101.0 apid=0.0 integ=0.0 vision=1 current=1 vframe=18109 vs=1 vage=19 vpage=19 vdt=33 vmax=6166 vacc=17236 vrej=0 seq=0 elapsed=0 oled=3C
[   5250] STATUS mode=3 fault=none enc=953 denc=0 sreq=0 sapplied=0 crate=0 uimp=101000 upos=510 uneg=0 ball=113.85 vball=0.00 aball=0.7 bref=0.00 pid=0.0 pref=0.0 ppos=101.0 apid=0.0 integ=0.0 vision=1 current=1 vframe=18110 vs=1 vage=6 vpage=6 vdt=33 vmax=6166 vacc=17237 vrej=0 seq=0 elapsed=0 oled=3C
[   5281] STATUS mode=3 fault=none enc=953 denc=0 sreq=0 sapplied=0 crate=0 uimp=101000 upos=510 uneg=0 ball=113.85 vball=0.00 aball=0.7 bref=0.00 pid=0.0 pref=0.0 ppos=101.0 apid=0.0 integ=0.0 vision=1 current=1 vframe=18110 vs=1 vage=26 vpage=26 vdt=33 vmax=6166 vacc=17237 vrej=0 seq=0 elapsed=0 oled=3C
[   5312] STATUS mode=3 fault=none enc=953 denc=0 sreq=0 sapplied=0 crate=0 uimp=101000 upos=510 uneg=0 ball=113.85 vball=0.00 aball=0.5 bref=0.00 pid=0.0 pref=0.0 ppos=101.0 apid=0.0 integ=0.0 vision=1 current=1 vframe=18111 vs=1 vage=32 vpage=32 vdt=34 vmax=6166 vacc=17238 vrej=0 seq=0 elapsed=0 oled=3C
[   5328] STATUS mode=3 fault=none enc=953 denc=0 sreq=0 sapplied=0 crate=0 uimp=101000 upos=510 uneg=0 ball=113.77 vball=-0.81 aball=-5.5 bref=0.00 pid=0.0 pref=0.0 ppos=101.0 apid=-0.0 integ=0.0 vision=1 current=1 vframe=18112 vs=1 vage=18 vpage=18 vdt=34 vmax=6166 vacc=17239 vrej=0 seq=0 elapsed=0 oled=3C
[   5358] STATUS mode=3 fault=none enc=953 denc=0 sreq=0 sapplied=0 crate=0 uimp=101000 upos=510 uneg=0 ball=113.70 vball=-1.17 aball=-6.9 bref=0.00 pid=0.0 pref=0.0 ppos=101.0 apid=-0.0 integ=0.0 vision=1 current=1 vframe=18113 vs=1 vage=5 vpage=5 vdt=33 vmax=6166 vacc=17240 vrej=0 seq=0 elapsed=0 oled=3C
[   5390] STATUS mode=3 fault=none enc=953 denc=0 sreq=0 sapplied=0 crate=0 uimp=101000 upos=510 uneg=0 ball=113.68 vball=-0.98 aball=-3.7 bref=0.00 pid=0.0 pref=0.0 ppos=101.0 apid=-0.0 integ=0.0 vision=1 current=1 vframe=18114 vs=1 vage=12 vpage=12 vdt=33 vmax=6166 vacc=17241 vrej=0 seq=0 elapsed=0 oled=3C
[   5406] STATUS mode=3 fault=none enc=953 denc=0 sreq=0 sapplied=0 crate=0 uimp=101000 upos=510 uneg=0 ball=113.68 vball=-0.98 aball=-3.7 bref=0.00 pid=0.0 pref=0.0 ppos=101.0 apid=-0.0 integ=0.0 vision=1 current=1 vframe=18114 vs=1 vage=32 vpage=32 vdt=33 vmax=6166 vacc=17241 vrej=0 seq=0 elapsed=0 oled=3C
[   5437] STATUS mode=3 fault=none enc=953 denc=0 sreq=0 sapplied=0 crate=0 uimp=101000 upos=510 uneg=0 ball=113.68 vball=-0.71 aball=-0.8 bref=0.00 pid=0.0 pref=0.0 ppos=101.0 apid=-0.0 integ=0.0 vision=1 current=1 vframe=18115 vs=1 vage=18 vpage=18 vdt=34 vmax=6166 vacc=17242 vrej=0 seq=0 elapsed=0 oled=3C
[   5467] STATUS mode=3 fault=none enc=953 denc=0 sreq=0 sapplied=0 crate=0 uimp=101000 upos=510 uneg=0 ball=113.68 vball=-0.47 aball=1.2 bref=0.00 pid=0.0 pref=0.0 ppos=101.0 apid=0.0 integ=0.0 vision=1 current=1 vframe=18116 vs=1 vage=5 vpage=5 vdt=33 vmax=6166 vacc=17243 vrej=0 seq=0 elapsed=0 oled=3C
[   5483] STATUS mode=3 fault=none enc=953 denc=0 sreq=0 sapplied=0 crate=0 uimp=101000 upos=510 uneg=0 ball=113.68 vball=-0.30 aball=2.2 bref=0.00 pid=0.0 pref=0.0 ppos=101.0 apid=0.0 integ=0.0 vision=1 current=1 vframe=18117 vs=1 vage=12 vpage=12 vdt=33 vmax=6166 vacc=17244 vrej=0 seq=0 elapsed=0 oled=3C
[   5515] STATUS mode=3 fault=none enc=953 denc=0 sreq=0 sapplied=0 crate=0 uimp=101000 upos=510 uneg=0 ball=113.68 vball=-0.30 aball=2.2 bref=0.00 pid=0.0 pref=0.0 ppos=101.0 apid=0.0 integ=0.0 vision=1 current=1 vframe=18117 vs=1 vage=32 vpage=32 vdt=33 vmax=6166 vacc=17244 vrej=0 seq=0 elapsed=0 oled=3C
[   5547] STATUS mode=3 fault=none enc=953 denc=0 sreq=0 sapplied=0 crate=0 uimp=101000 upos=510 uneg=0 ball=113.69 vball=-0.18 aball=2.5 bref=0.00 pid=0.0 pref=0.0 ppos=101.0 apid=0.0 integ=0.0 vision=1 current=1 vframe=18118 vs=1 vage=18 vpage=18 vdt=34 vmax=6166 vacc=17245 vrej=0 seq=0 elapsed=0 oled=3C
[   5562] STATUS mode=3 fault=none enc=953 denc=0 sreq=0 sapplied=0 crate=0 uimp=101000 upos=510 uneg=0 ball=113.69 vball=-0.10 aball=2.5 bref=0.00 pid=0.0 pref=0.0 ppos=101.0 apid=0.0 integ=0.0 vision=1 current=1 vframe=18119 vs=1 vage=25 vpage=25 vdt=33 vmax=6166 vacc=17246 vrej=0 seq=0 elapsed=0 oled=3C
[   5592] STATUS mode=3 fault=none enc=953 denc=0 sreq=0 sapplied=0 crate=0 uimp=101000 upos=510 uneg=0 ball=113.74 vball=0.39 aball=5.5 bref=0.00 pid=0.0 pref=0.0 ppos=101.0 apid=0.0 integ=0.0 vision=1 current=1 vframe=18120 vs=1 vage=11 vpage=11 vdt=34 vmax=6166 vacc=17247 vrej=0 seq=0 elapsed=0 oled=3C
[   5625] STATUS mode=3 fault=none enc=953 denc=0 sreq=0 sapplied=0 crate=0 uimp=101000 upos=510 uneg=0 ball=113.74 vball=0.39 aball=5.5 bref=0.00 pid=0.0 pref=0.0 ppos=101.0 apid=0.0 integ=0.0 vision=1 current=1 vframe=18120 vs=1 vage=31 vpage=31 vdt=34 vmax=6166 vacc=17247 vrej=0 seq=0 elapsed=0 oled=3C
[   5640] STATUS mode=3 fault=none enc=953 denc=0 sreq=0 sapplied=0 crate=0 uimp=101000 upos=510 uneg=0 ball=113.72 vball=-0.00 aball=0.5 bref=0.00 pid=0.0 pref=0.0 ppos=101.0 apid=0.0 integ=0.0 vision=1 current=1 vframe=18122 vs=1 vage=5 vpage=5 vdt=33 vmax=6166 vacc=17249 vrej=0 seq=0 elapsed=0 oled=3C
[   5672] STATUS mode=3 fault=none enc=953 denc=0 sreq=0 sapplied=0 crate=0 uimp=101000 upos=510 uneg=0 ball=113.72 vball=-0.00 aball=0.5 bref=0.00 pid=0.0 pref=0.0 ppos=101.0 apid=0.0 integ=0.0 vision=1 current=1 vframe=18122 vs=1 vage=25 vpage=25 vdt=33 vmax=6166 vacc=17249 vrej=0 seq=0 elapsed=0 oled=3C
[   5703] STATUS mode=3 fault=none enc=953 denc=0 sreq=0 sapplied=0 crate=0 uimp=101000 upos=510 uneg=0 ball=113.68 vball=-0.37 aball=-2.4 bref=0.00 pid=0.0 pref=0.0 ppos=101.0 apid=-0.0 integ=0.0 vision=1 current=1 vframe=18123 vs=1 vage=12 vpage=12 vdt=33 vmax=6166 vacc=17250 vrej=0 seq=0 elapsed=0 oled=3C
[   5717] STATUS mode=3 fault=none enc=953 denc=0 sreq=0 sapplied=0 crate=0 uimp=101000 upos=510 uneg=0 ball=113.68 vball=-0.37 aball=-2.4 bref=0.00 pid=0.0 pref=0.0 ppos=101.0 apid=-0.0 integ=0.0 vision=1 current=1 vframe=18123 vs=1 vage=32 vpage=32 vdt=33 vmax=6166 vacc=17250 vrej=0 seq=0 elapsed=0 oled=3C
[   5750] STATUS mode=3 fault=none enc=953 denc=0 sreq=0 sapplied=0 crate=0 uimp=101000 upos=510 uneg=0 ball=113.72 vball=0.12 aball=1.7 bref=0.00 pid=0.0 pref=0.0 ppos=101.0 apid=0.0 integ=0.0 vision=1 current=1 vframe=18125 vs=1 vage=5 vpage=5 vdt=33 vmax=6166 vacc=17252 vrej=0 seq=0 elapsed=0 oled=3C
[   5781] STATUS mode=3 fault=none enc=953 denc=0 sreq=0 sapplied=0 crate=0 uimp=101000 upos=510 uneg=0 ball=113.72 vball=0.12 aball=1.7 bref=0.00 pid=0.0 pref=0.0 ppos=101.0 apid=0.0 integ=0.0 vision=1 current=1 vframe=18125 vs=1 vage=25 vpage=25 vdt=33 vmax=6166 vacc=17252 vrej=0 seq=0 elapsed=0 oled=3C
[   5797] STATUS mode=3 fault=none enc=953 denc=0 sreq=0 sapplied=0 crate=0 uimp=101000 upos=510 uneg=0 ball=113.74 vball=0.20 aball=1.9 bref=0.00 pid=0.0 pref=0.0 ppos=101.0 apid=0.0 integ=0.0 vision=1 current=1 vframe=18126 vs=1 vage=12 vpage=12 vdt=33 vmax=6166 vacc=17253 vrej=0 seq=0 elapsed=0 oled=3C
[   5828] STATUS mode=3 fault=none enc=953 denc=0 sreq=0 sapplied=0 crate=0 uimp=101000 upos=510 uneg=0 ball=113.74 vball=0.17 aball=1.2 bref=0.00 pid=0.0 pref=0.0 ppos=101.0 apid=0.0 integ=0.0 vision=1 current=1 vframe=18127 vs=1 vage=18 vpage=18 vdt=34 vmax=6166 vacc=17254 vrej=0 seq=0 elapsed=0 oled=3C
[   5842] STATUS mode=3 fault=none enc=953 denc=0 sreq=0 sapplied=0 crate=0 uimp=101000 upos=510 uneg=0 ball=113.74 vball=0.13 aball=0.6 bref=0.00 pid=0.0 pref=0.0 ppos=101.0 apid=0.0 integ=0.0 vision=1 current=1 vframe=18128 vs=1 vage=5 vpage=5 vdt=33 vmax=6166 vacc=17255 vrej=0 seq=0 elapsed=0 oled=3C
[   5875] STATUS mode=3 fault=none enc=953 denc=0 sreq=0 sapplied=0 crate=0 uimp=101000 upos=510 uneg=0 ball=113.74 vball=0.13 aball=0.6 bref=0.00 pid=0.0 pref=0.0 ppos=101.0 apid=0.0 integ=0.0 vision=1 current=1 vframe=18128 vs=1 vage=25 vpage=25 vdt=33 vmax=6166 vacc=17255 vrej=0 seq=0 elapsed=0 oled=3C
[   5906] STATUS mode=3 fault=none enc=953 denc=0 sreq=0 sapplied=0 crate=0 uimp=101000 upos=510 uneg=0 ball=113.74 vball=0.08 aball=0.1 bref=0.00 pid=0.0 pref=0.0 ppos=101.0 apid=0.0 integ=0.0 vision=1 current=1 vframe=18129 vs=1 vage=12 vpage=12 vdt=33 vmax=6166 vacc=17256 vrej=0 seq=0 elapsed=0 oled=3C
[   5922] STATUS mode=3 fault=none enc=953 denc=0 sreq=0 sapplied=0 crate=0 uimp=101000 upos=510 uneg=0 ball=113.74 vball=0.05 aball=-0.1 bref=0.00 pid=0.0 pref=0.0 ppos=101.0 apid=-0.0 integ=0.0 vision=1 current=1 vframe=18130 vs=1 vage=15 vpage=15 vdt=37 vmax=6166 vacc=17257 vrej=0 seq=0 elapsed=0 oled=3C
[   5953] STATUS mode=3 fault=none enc=953 denc=0 sreq=0 sapplied=0 crate=0 uimp=101000 upos=510 uneg=0 ball=113.74 vball=0.05 aball=-0.1 bref=0.00 pid=0.0 pref=0.0 ppos=101.0 apid=-0.0 integ=0.0 vision=1 current=1 vframe=18131 vs=1 vage=16 vpage=16 vdt=19 vmax=6166 vacc=17258 vrej=0 seq=0 elapsed=0 oled=3C
[   5983] STATUS mode=3 fault=none enc=953 denc=0 sreq=0 sapplied=0 crate=0 uimp=101000 upos=510 uneg=0 ball=113.74 vball=0.02 aball=-0.3 bref=0.00 pid=0.0 pref=0.0 ppos=101.0 apid=-0.0 integ=0.0 vision=1 current=1 vframe=18132 vs=1 vage=8 vpage=8 vdt=28 vmax=6166 vacc=17259 vrej=0 seq=0 elapsed=0 oled=3C
[   6000] STATUS mode=3 fault=none enc=953 denc=0 sreq=0 sapplied=0 crate=0 uimp=101000 upos=510 uneg=0 ball=113.90 vball=1.38 aball=10.0 bref=0.00 pid=0.0 pref=0.0 ppos=101.0 apid=0.0 integ=0.0 vision=1 current=1 vframe=18133 vs=1 vage=15 vpage=15 vdt=33 vmax=6166 vacc=17260 vrej=0 seq=0 elapsed=0 oled=3C
[   6031] STATUS mode=3 fault=none enc=953 denc=0 sreq=0 sapplied=0 crate=0 uimp=101000 upos=510 uneg=0 ball=113.96 vball=1.53 aball=10.0 bref=0.00 pid=0.0 pref=0.0 ppos=101.0 apid=0.0 integ=0.0 vision=1 current=1 vframe=18134 vs=1 vage=2 vpage=2 vdt=33 vmax=6166 vacc=17261 vrej=0 seq=0 elapsed=0 oled=3C
[   6062] STATUS mode=3 fault=none enc=953 denc=0 sreq=0 sapplied=0 crate=0 uimp=101000 upos=510 uneg=0 ball=113.96 vball=1.53 aball=8.7 bref=0.00 pid=0.0 pref=0.0 ppos=101.0 apid=0.0 integ=0.0 vision=1 current=1 vframe=18134 vs=1 vage=22 vpage=22 vdt=33 vmax=6166 vacc=17261 vrej=0 seq=0 elapsed=0 oled=3C
[   6078] STATUS mode=3 fault=none enc=953 denc=0 sreq=0 sapplied=0 crate=0 uimp=101000 upos=510 uneg=0 ball=113.98 vball=1.27 aball=4.5 bref=0.00 pid=0.0 pref=0.0 ppos=101.0 apid=0.0 integ=0.0 vision=1 current=1 vframe=18135 vs=1 vage=29 vpage=29 vdt=33 vmax=6166 vacc=17262 vrej=0 seq=0 elapsed=0 oled=3C
[   6108] STATUS mode=3 fault=none enc=953 denc=0 sreq=0 sapplied=0 crate=0 uimp=101000 upos=510 uneg=0 ball=113.99 vball=0.91 aball=0.8 bref=0.00 pid=0.0 pref=0.0 ppos=101.0 apid=0.0 integ=0.0 vision=1 current=1 vframe=18136 vs=1 vage=14 vpage=14 vdt=35 vmax=6166 vacc=17263 vrej=0 seq=0 elapsed=0 oled=3C
[   6140] STATUS mode=3 fault=none enc=953 denc=0 sreq=0 sapplied=0 crate=0 uimp=101000 upos=510 uneg=0 ball=114.00 vball=0.80 aball=0.8 bref=0.00 pid=0.0 pref=0.0 ppos=101.0 apid=0.0 integ=0.0 vision=1 current=1 vframe=18137 vs=1 vage=1 vpage=1 vdt=33 vmax=6166 vacc=17264 vrej=0 seq=0 elapsed=0 oled=3C
[   6156] STATUS mode=3 fault=none enc=953 denc=0 sreq=0 sapplied=0 crate=0 uimp=101000 upos=510 uneg=0 ball=114.00 vball=0.80 aball=-0.2 bref=0.00 pid=0.0 pref=0.0 ppos=101.0 apid=-0.0 integ=0.0 vision=1 current=1 vframe=18137 vs=1 vage=21 vpage=21 vdt=33 vmax=6166 vacc=17264 vrej=0 seq=0 elapsed=0 oled=3C
[   6187] STATUS mode=3 fault=none enc=953 denc=0 sreq=0 sapplied=0 crate=0 uimp=101000 upos=510 uneg=0 ball=114.02 vball=0.69 aball=-1.0 bref=0.00 pid=0.0 pref=0.0 ppos=101.0 apid=-0.0 integ=0.0 vision=1 current=1 vframe=18138 vs=1 vage=30 vpage=30 vdt=31 vmax=6166 vacc=17265 vrej=0 seq=0 elapsed=0 oled=3C
[   6217] STATUS mode=3 fault=none enc=953 denc=0 sreq=0 sapplied=0 crate=0 uimp=101000 upos=510 uneg=0 ball=114.02 vball=0.50 aball=-2.2 bref=0.00 pid=0.0 pref=0.0 ppos=101.0 apid=-0.0 integ=0.0 vision=1 current=1 vframe=18139 vs=1 vage=16 vpage=16 vdt=34 vmax=6166 vacc=17266 vrej=0 seq=0 elapsed=0 oled=3C
[   6233] STATUS mode=3 fault=none enc=953 denc=0 sreq=0 sapplied=0 crate=0 uimp=101000 upos=510 uneg=0 ball=114.02 vball=0.34 aball=-2.2 bref=0.00 pid=0.0 pref=0.0 ppos=101.0 apid=-0.0 integ=0.0 vision=1 current=1 vframe=18140 vs=1 vage=3 vpage=3 vdt=33 vmax=6166 vacc=17267 vrej=0 seq=0 elapsed=0 oled=3C
[   6265] STATUS mode=3 fault=none enc=953 denc=0 sreq=0 sapplied=0 crate=0 uimp=101000 upos=510 uneg=0 ball=114.03 vball=0.34 aball=-2.1 bref=0.00 pid=0.0 pref=0.0 ppos=101.0 apid=-0.0 integ=0.0 vision=1 current=1 vframe=18141 vs=1 vage=10 vpage=10 vdt=33 vmax=6166 vacc=17268 vrej=0 seq=0 elapsed=0 oled=3C
[   6297] STATUS mode=3 fault=none enc=953 denc=0 sreq=0 sapplied=0 crate=0 uimp=101000 upos=510 uneg=0 ball=114.03 vball=0.34 aball=-2.1 bref=0.00 pid=0.0 pref=0.0 ppos=101.0 apid=-0.0 integ=0.0 vision=1 current=1 vframe=18141 vs=1 vage=30 vpage=30 vdt=33 vmax=6166 vacc=17268 vrej=0 seq=0 elapsed=0 oled=3C
[   6312] STATUS mode=3 fault=none enc=953 denc=0 sreq=0 sapplied=0 crate=0 uimp=101000 upos=510 uneg=0 ball=114.02 vball=0.18 aball=-2.8 bref=0.00 pid=0.0 pref=0.0 ppos=101.0 apid=-0.0 integ=0.0 vision=1 current=1 vframe=18142 vs=1 vage=17 vpage=17 vdt=33 vmax=6166 vacc=17269 vrej=0 seq=0 elapsed=0 oled=3C
[   6342] STATUS mode=3 fault=none enc=953 denc=0 sreq=0 sapplied=0 crate=0 uimp=101000 upos=510 uneg=0 ball=114.00 vball=-0.04 aball=-3.7 bref=0.00 pid=0.0 pref=0.0 ppos=101.0 apid=-0.0 integ=0.0 vision=1 current=1 vframe=18143 vs=1 vage=23 vpage=23 vdt=34 vmax=6166 vacc=17270 vrej=0 seq=0 elapsed=0 oled=3C
[   6375] STATUS mode=3 fault=none enc=953 denc=0 sreq=0 sapplied=0 crate=0 uimp=101000 upos=510 uneg=0 ball=113.98 vball=-0.22 aball=-4.2 bref=0.00 pid=0.0 pref=0.0 ppos=101.0 apid=-0.0 integ=0.0 vision=1 current=1 vframe=18144 vs=1 vage=10 vpage=10 vdt=33 vmax=6166 vacc=17271 vrej=0 seq=0 elapsed=0 oled=3C
[   6390] STATUS mode=3 fault=none enc=953 denc=0 sreq=0 sapplied=0 crate=0 uimp=101000 upos=510 uneg=0 ball=113.98 vball=-0.22 aball=-4.2 bref=0.00 pid=0.0 pref=0.0 ppos=101.0 apid=-0.0 integ=0.0 vision=1 current=1 vframe=18144 vs=1 vage=30 vpage=30 vdt=33 vmax=6166 vacc=17271 vrej=0 seq=0 elapsed=0 oled=3C
[   6422] STATUS mode=3 fault=none enc=953 denc=0 sreq=0 sapplied=0 crate=0 uimp=101000 upos=510 uneg=0 ball=114.00 vball=0.04 aball=-1.2 bref=0.00 pid=0.0 pref=0.0 ppos=101.0 apid=-0.0 integ=0.0 vision=1 current=1 vframe=18145 vs=1 vage=17 vpage=17 vdt=33 vmax=6166 vacc=17272 vrej=0 seq=0 elapsed=0 oled=3C
[   6453] STATUS mode=3 fault=none enc=953 denc=0 sreq=0 sapplied=0 crate=0 uimp=101000 upos=510 uneg=0 ball=113.89 vball=-1.08 aball=-9.1 bref=0.00 pid=0.0 pref=0.0 ppos=101.0 apid=-0.0 integ=0.0 vision=1 current=1 vframe=18146 vs=1 vage=23 vpage=23 vdt=34 vmax=6166 vacc=17273 vrej=0 seq=0 elapsed=0 oled=3C
[   6467] STATUS mode=3 fault=none enc=953 denc=0 sreq=0 sapplied=0 crate=0 uimp=101000 upos=510 uneg=0 ball=113.76 vball=-1.89 aball=-12.8 bref=0.00 pid=0.0 pref=0.0 ppos=101.0 apid=-0.0 integ=0.0 vision=1 current=1 vframe=18147 vs=1 vage=9 vpage=9 vdt=34 vmax=6166 vacc=17274 vrej=0 seq=0 elapsed=0 oled=3C
[   6500] STATUS mode=3 fault=none enc=953 denc=0 sreq=0 sapplied=0 crate=0 uimp=101000 upos=510 uneg=0 ball=113.76 vball=-1.89 aball=-12.8 bref=0.00 pid=0.0 pref=0.0 ppos=101.0 apid=-0.0 integ=0.0 vision=1 current=1 vframe=18147 vs=1 vage=29 vpage=29 vdt=34 vmax=6166 vacc=17274 vrej=0 seq=0 elapsed=0 oled=3C
[   6531] STATUS mode=3 fault=none enc=953 denc=0 sreq=0 sapplied=0 crate=0 uimp=101000 upos=510 uneg=0 ball=113.94 vball=0.61 aball=-0.7 bref=0.00 pid=0.0 pref=0.0 ppos=101.0 apid=-0.0 integ=0.0 vision=1 current=1 vframe=18149 vs=1 vage=3 vpage=3 vdt=34 vmax=6166 vacc=17276 vrej=0 seq=0 elapsed=0 oled=3C
[   6547] STATUS mode=3 fault=none enc=953 denc=0 sreq=0 sapplied=0 crate=0 uimp=101000 upos=510 uneg=0 ball=113.94 vball=0.61 aball=9.5 bref=0.00 pid=0.0 pref=0.0 ppos=101.0 apid=0.0 integ=0.0 vision=1 current=1 vframe=18149 vs=1 vage=23 vpage=23 vdt=34 vmax=6166 vacc=17276 vrej=0 seq=0 elapsed=0 oled=3C
[   6578] STATUS mode=3 fault=none enc=953 denc=0 sreq=0 sapplied=0 crate=0 uimp=101000 upos=510 uneg=0 ball=113.99 vball=0.79 aball=8.4 bref=0.00 pid=0.0 pref=0.0 ppos=101.0 apid=0.0 integ=0.0 vision=1 current=1 vframe=18150 vs=1 vage=8 vpage=8 vdt=35 vmax=6166 vacc=17277 vrej=0 seq=0 elapsed=0 oled=3C
[   6608] STATUS mode=3 fault=none enc=953 denc=0 sreq=0 sapplied=0 crate=0 uimp=101000 upos=510 uneg=0 ball=113.94 vball=0.04 aball=0.4 bref=0.00 pid=0.0 pref=0.0 ppos=101.0 apid=0.0 integ=0.0 vision=1 current=1 vframe=18151 vs=1 vage=16 vpage=16 vdt=32 vmax=6166 vacc=17278 vrej=0 seq=0 elapsed=0 oled=3C
[   6625] STATUS mode=3 fault=none enc=953 denc=0 sreq=0 sapplied=0 crate=0 uimp=101000 upos=510 uneg=0 ball=113.89 vball=-0.41 aball=0.4 bref=0.00 pid=0.0 pref=0.0 ppos=101.0 apid=0.0 integ=0.0 vision=1 current=1 vframe=18152 vs=1 vage=2 vpage=2 vdt=34 vmax=6166 vacc=17279 vrej=0 seq=0 elapsed=0 oled=3C
[   6656] STATUS mode=3 fault=none enc=953 denc=0 sreq=0 sapplied=0 crate=0 uimp=101000 upos=510 uneg=0 ball=113.89 vball=-0.41 aball=-3.0 bref=0.00 pid=0.0 pref=0.0 ppos=101.0 apid=-0.0 integ=0.0 vision=1 current=1 vframe=18152 vs=1 vage=22 vpage=22 vdt=34 vmax=6166 vacc=17279 vrej=0 seq=0 elapsed=0 oled=3C
[   6687] STATUS mode=3 fault=none enc=953 denc=0 sreq=0 sapplied=0 crate=0 uimp=101000 upos=510 uneg=0 ball=113.87 vball=-0.51 aball=-3.0 bref=0.00 pid=0.0 pref=0.0 ppos=101.0 apid=-0.0 integ=0.0 vision=1 current=1 vframe=18153 vs=1 vage=8 vpage=8 vdt=34 vmax=6166 vacc=17280 vrej=0 seq=0 elapsed=0 oled=3C
[   6703] STATUS mode=3 fault=none enc=953 denc=0 sreq=0 sapplied=0 crate=0 uimp=101000 upos=510 uneg=0 ball=113.91 vball=0.01 aball=1.8 bref=0.00 pid=0.0 pref=0.0 ppos=101.0 apid=0.0 integ=0.0 vision=1 current=1 vframe=18154 vs=1 vage=16 vpage=16 vdt=32 vmax=6166 vacc=17281 vrej=0 seq=0 elapsed=0 oled=3C
[   6733] STATUS mode=3 fault=none enc=953 denc=0 sreq=0 sapplied=0 crate=0 uimp=101000 upos=510 uneg=0 ball=113.92 vball=0.13 aball=1.8 bref=0.00 pid=0.0 pref=0.0 ppos=101.0 apid=0.0 integ=0.0 vision=1 current=1 vframe=18155 vs=1 vage=2 vpage=2 vdt=34 vmax=6166 vacc=17282 vrej=0 seq=0 elapsed=0 oled=3C
[   6765] STATUS mode=3 fault=none enc=953 denc=0 sreq=0 sapplied=0 crate=0 uimp=101000 upos=510 uneg=0 ball=113.92 vball=0.13 aball=2.3 bref=0.00 pid=0.0 pref=0.0 ppos=101.0 apid=0.0 integ=0.0 vision=1 current=1 vframe=18155 vs=1 vage=22 vpage=22 vdt=34 vmax=6166 vacc=17282 vrej=0 seq=0 elapsed=0 oled=3C
[   6781] STATUS mode=3 fault=none enc=953 denc=0 sreq=0 sapplied=0 crate=0 uimp=101000 upos=510 uneg=0 ball=113.94 vball=0.26 aball=2.7 bref=0.00 pid=0.0 pref=0.0 ppos=101.0 apid=0.0 integ=0.0 vision=1 current=1 vframe=18156 vs=1 vage=29 vpage=29 vdt=33 vmax=6166 vacc=17283 vrej=0 seq=0 elapsed=0 oled=3C
[   6812] STATUS mode=3 fault=none enc=953 denc=0 sreq=0 sapplied=0 crate=0 uimp=101000 upos=510 uneg=0 ball=113.94 vball=0.22 aball=1.7 bref=0.00 pid=0.0 pref=0.0 ppos=101.0 apid=0.0 integ=0.0 vision=1 current=1 vframe=18157 vs=1 vage=15 vpage=15 vdt=34 vmax=6166 vacc=17284 vrej=0 seq=0 elapsed=0 oled=3C
[   6842] STATUS mode=3 fault=none enc=953 denc=0 sreq=0 sapplied=0 crate=0 uimp=101000 upos=510 uneg=0 ball=113.94 vball=0.16 aball=1.7 bref=0.00 pid=0.0 pref=0.0 ppos=101.0 apid=0.0 integ=0.0 vision=1 current=1 vframe=18158 vs=1 vage=2 vpage=2 vdt=33 vmax=6166 vacc=17285 vrej=0 seq=0 elapsed=0 oled=3C
[   6858] STATUS mode=3 fault=none enc=953 denc=0 sreq=0 sapplied=0 crate=0 uimp=101000 upos=510 uneg=0 ball=113.94 vball=0.11 aball=0.2 bref=0.00 pid=0.0 pref=0.0 ppos=101.0 apid=0.0 integ=0.0 vision=1 current=1 vframe=18158 vs=1 vage=22 vpage=22 vdt=33 vmax=6166 vacc=17285 vrej=0 seq=0 elapsed=0 oled=3C
[   6890] STATUS mode=3 fault=none enc=953 denc=0 sreq=0 sapplied=0 crate=0 uimp=101000 upos=510 uneg=0 ball=113.94 vball=0.11 aball=0.2 bref=0.00 pid=0.0 pref=0.0 ppos=101.0 apid=0.0 integ=0.0 vision=1 current=1 vframe=18159 vs=1 vage=29 vpage=29 vdt=33 vmax=6166 vacc=17286 vrej=0 seq=0 elapsed=0 oled=3C
[   6922] STATUS mode=3 fault=none enc=953 denc=0 sreq=0 sapplied=0 crate=0 uimp=101000 upos=510 uneg=0 ball=113.94 vball=0.07 aball=-0.1 bref=0.00 pid=0.0 pref=0.0 ppos=101.0 apid=-0.0 integ=0.0 vision=1 current=1 vframe=18160 vs=1 vage=16 vpage=16 vdt=33 vmax=6166 vacc=17287 vrej=0 seq=0 elapsed=0 oled=3C
[   6937] STATUS mode=3 fault=none enc=953 denc=0 sreq=0 sapplied=0 crate=0 uimp=101000 upos=510 uneg=0 ball=113.91 vball=-0.25 aball=-0.1 bref=0.00 pid=0.0 pref=0.0 ppos=101.0 apid=-0.0 integ=0.0 vision=1 current=1 vframe=18161 vs=1 vage=3 vpage=3 vdt=33 vmax=6166 vacc=17288 vrej=0 seq=0 elapsed=0 oled=3C
[   6967] STATUS mode=3 fault=none enc=953 denc=0 sreq=0 sapplied=0 crate=0 uimp=101000 upos=510 uneg=0 ball=113.90 vball=-0.27 aball=-2.0 bref=0.00 pid=0.0 pref=0.0 ppos=101.0 apid=-0.0 integ=0.0 vision=1 current=1 vframe=18162 vs=1 vage=9 vpage=9 vdt=34 vmax=6166 vacc=17289 vrej=0 seq=0 elapsed=0 oled=3C
[   7000] STATUS mode=3 fault=none enc=953 denc=0 sreq=0 sapplied=0 crate=0 uimp=101000 upos=510 uneg=0 ball=113.90 vball=-0.27 aball=-2.0 bref=0.00 pid=0.0 pref=0.0 ppos=101.0 apid=-0.0 integ=0.0 vision=1 current=1 vframe=18162 vs=1 vage=29 vpage=29 vdt=34 vmax=6166 vacc=17289 vrej=0 seq=0 elapsed=0 oled=3C
[   7015] STATUS mode=3 fault=none enc=953 denc=0 sreq=0 sapplied=0 crate=0 uimp=101000 upos=510 uneg=0 ball=113.90 vball=-0.21 aball=-1.1 bref=0.00 pid=0.0 pref=0.0 ppos=101.0 apid=-0.0 integ=0.0 vision=1 current=1 vframe=18163 vs=1 vage=16 vpage=16 vdt=33 vmax=6166 vacc=17290 vrej=0 seq=0 elapsed=0 oled=3C
[   7047] STATUS mode=3 fault=none enc=953 denc=0 sreq=0 sapplied=0 crate=0 uimp=101000 upos=510 uneg=0 ball=113.89 vball=-0.25 aball=-1.1 bref=0.00 pid=0.0 pref=0.0 ppos=101.0 apid=-0.0 integ=0.0 vision=1 current=1 vframe=18164 vs=1 vage=23 vpage=23 vdt=33 vmax=6166 vacc=17291 vrej=0 seq=0 elapsed=0 oled=3C
[   7078] STATUS mode=3 fault=none enc=953 denc=0 sreq=0 sapplied=0 crate=0 uimp=101000 upos=510 uneg=0 ball=113.73 vball=-1.52 aball=-10.5 bref=0.00 pid=0.0 pref=0.0 ppos=101.0 apid=-0.0 integ=0.0 vision=1 current=1 vframe=18165 vs=1 vage=10 vpage=10 vdt=33 vmax=6166 vacc=17292 vrej=0 seq=0 elapsed=0 oled=3C
[   7092] STATUS mode=3 fault=none enc=953 denc=0 sreq=0 sapplied=0 crate=0 uimp=101000 upos=510 uneg=0 ball=113.73 vball=-1.52 aball=-10.5 bref=0.00 pid=0.0 pref=0.0 ppos=101.0 apid=-0.0 integ=0.0 vision=1 current=1 vframe=18165 vs=1 vage=30 vpage=30 vdt=33 vmax=6166 vacc=17292 vrej=0 seq=0 elapsed=0 oled=3C
[   7125] STATUS mode=3 fault=none enc=953 denc=0 sreq=0 sapplied=0 crate=0 uimp=101000 upos=510 uneg=0 ball=113.67 vball=-1.11 aball=-7.6 bref=0.00 pid=0.0 pref=0.0 ppos=101.0 apid=-0.0 integ=0.0 vision=1 current=1 vframe=18167 vs=1 vage=3 vpage=3 vdt=32 vmax=6166 vacc=17294 vrej=0 seq=0 elapsed=0 oled=3C
[   7156] STATUS mode=3 fault=none enc=953 denc=0 sreq=0 sapplied=0 crate=0 uimp=101000 upos=510 uneg=0 ball=113.67 vball=-1.11 aball=-2.8 bref=0.00 pid=0.0 pref=0.0 ppos=101.0 apid=-0.0 integ=0.0 vision=1 current=1 vframe=18167 vs=1 vage=23 vpage=23 vdt=32 vmax=6166 vacc=17294 vrej=0 seq=0 elapsed=0 oled=3C
[   7172] STATUS mode=3 fault=none enc=953 denc=0 sreq=0 sapplied=0 crate=0 uimp=101000 upos=510 uneg=0 ball=113.67 vball=-0.78 aball=0.3 bref=0.00 pid=0.0 pref=0.0 ppos=101.0 apid=0.0 integ=0.0 vision=1 current=1 vframe=18168 vs=1 vage=8 vpage=8 vdt=35 vmax=6166 vacc=17295 vrej=0 seq=0 elapsed=0 oled=3C
[   7203] STATUS mode=3 fault=none enc=953 denc=0 sreq=0 sapplied=0 crate=0 uimp=101000 upos=510 uneg=0 ball=113.67 vball=-0.78 aball=0.3 bref=0.00 pid=0.0 pref=0.0 ppos=101.0 apid=0.0 integ=0.0 vision=1 current=1 vframe=18168 vs=1 vage=28 vpage=28 vdt=35 vmax=6166 vacc=17295 vrej=0 seq=0 elapsed=0 oled=3C
[   7233] STATUS mode=3 fault=none enc=953 denc=0 sreq=0 sapplied=0 crate=0 uimp=101000 upos=510 uneg=0 ball=113.71 vball=-0.07 aball=2.4 bref=0.00 pid=0.0 pref=0.0 ppos=101.0 apid=0.0 integ=0.0 vision=1 current=1 vframe=18170 vs=1 vage=3 vpage=3 vdt=33 vmax=6166 vacc=17297 vrej=0 seq=0 elapsed=0 oled=3C
[   7250] STATUS mode=3 fault=none enc=953 denc=0 sreq=0 sapplied=0 crate=0 uimp=101000 upos=510 uneg=0 ball=113.71 vball=-0.07 aball=5.1 bref=0.00 pid=0.0 pref=0.0 ppos=101.0 apid=0.0 integ=0.0 vision=1 current=1 vframe=18170 vs=1 vage=23 vpage=23 vdt=33 vmax=6166 vacc=17297 vrej=0 seq=0 elapsed=0 oled=3C
[   7281] STATUS mode=3 fault=none enc=953 denc=0 sreq=0 sapplied=0 crate=0 uimp=101000 upos=510 uneg=0 ball=113.73 vball=0.15 aball=5.4 bref=0.00 pid=0.0 pref=0.0 ppos=101.0 apid=0.0 integ=0.0 vision=1 current=1 vframe=18171 vs=1 vage=9 vpage=9 vdt=34 vmax=6166 vacc=17298 vrej=0 seq=0 elapsed=0 oled=3C
[   7312] STATUS mode=3 fault=none enc=953 denc=0 sreq=0 sapplied=0 crate=0 uimp=101000 upos=510 uneg=0 ball=113.74 vball=0.17 aball=4.2 bref=0.00 pid=0.0 pref=0.0 ppos=101.0 apid=0.0 integ=0.0 vision=1 current=1 vframe=18172 vs=1 vage=16 vpage=16 vdt=33 vmax=6166 vacc=17299 vrej=0 seq=0 elapsed=0 oled=3C
[   7328] STATUS mode=3 fault=none enc=953 denc=0 sreq=0 sapplied=0 crate=0 uimp=101000 upos=510 uneg=0 ball=113.74 vball=0.14 aball=4.2 bref=0.00 pid=0.0 pref=0.0 ppos=101.0 apid=0.0 integ=0.0 vision=1 current=1 vframe=18173 vs=1 vage=3 vpage=3 vdt=33 vmax=6166 vacc=17300 vrej=0 seq=0 elapsed=0 oled=3C
[   7358] STATUS mode=3 fault=none enc=953 denc=0 sreq=0 sapplied=0 crate=0 uimp=101000 upos=510 uneg=0 ball=113.74 vball=0.14 aball=2.9 bref=0.00 pid=0.0 pref=0.0 ppos=101.0 apid=0.0 integ=0.0 vision=1 current=1 vframe=18173 vs=1 vage=23 vpage=23 vdt=33 vmax=6166 vacc=17300 vrej=0 seq=0 elapsed=0 oled=3C
[   7390] STATUS mode=3 fault=none enc=953 denc=0 sreq=0 sapplied=0 crate=0 uimp=101000 upos=510 uneg=0 ball=113.74 vball=0.10 aball=1.9 bref=0.00 pid=0.0 pref=0.0 ppos=101.0 apid=0.0 integ=0.0 vision=1 current=1 vframe=18174 vs=1 vage=9 vpage=9 vdt=34 vmax=6166 vacc=17301 vrej=0 seq=0 elapsed=0 oled=3C
[   7406] STATUS mode=3 fault=none enc=953 denc=0 sreq=0 sapplied=0 crate=0 uimp=101000 upos=510 uneg=0 ball=113.74 vball=0.11 aball=1.5 bref=0.00 pid=0.0 pref=0.0 ppos=101.0 apid=0.0 integ=0.0 vision=1 current=1 vframe=18175 vs=1 vage=16 vpage=16 vdt=33 vmax=6166 vacc=17302 vrej=0 seq=0 elapsed=0 oled=3C
[   7437] STATUS mode=3 fault=none enc=953 denc=0 sreq=0 sapplied=0 crate=0 uimp=101000 upos=510 uneg=0 ball=113.75 vball=0.11 aball=1.5 bref=0.00 pid=0.0 pref=0.0 ppos=101.0 apid=0.0 integ=0.0 vision=1 current=1 vframe=18176 vs=1 vage=3 vpage=3 vdt=33 vmax=6166 vacc=17303 vrej=0 seq=0 elapsed=0 oled=3C
[   7467] STATUS mode=3 fault=none enc=953 denc=0 sreq=0 sapplied=0 crate=0 uimp=101000 upos=510 uneg=0 ball=113.75 vball=0.11 aball=1.1 bref=0.00 pid=0.0 pref=0.0 ppos=101.0 apid=0.0 integ=0.0 vision=1 current=1 vframe=18176 vs=1 vage=23 vpage=23 vdt=33 vmax=6166 vacc=17303 vrej=0 seq=0 elapsed=0 oled=3C
[   7483] STATUS mode=3 fault=none enc=953 denc=0 sreq=0 sapplied=0 crate=0 uimp=101000 upos=510 uneg=0 ball=113.74 vball=0.03 aball=0.2 bref=0.00 pid=0.0 pref=0.0 ppos=101.0 apid=0.0 integ=0.0 vision=1 current=1 vframe=18177 vs=1 vage=30 vpage=30 vdt=33 vmax=6166 vacc=17304 vrej=0 seq=0 elapsed=0 oled=3C
[   7515] STATUS mode=3 fault=none enc=953 denc=0 sreq=0 sapplied=0 crate=0 uimp=101000 upos=510 uneg=0 ball=113.74 vball=-0.01 aball=-0.1 bref=0.00 pid=0.0 pref=0.0 ppos=101.0 apid=-0.0 integ=0.0 vision=1 current=1 vframe=18178 vs=1 vage=16 vpage=16 vdt=34 vmax=6166 vacc=17305 vrej=0 seq=0 elapsed=0 oled=3C
[   7547] STATUS mode=3 fault=none enc=953 denc=0 sreq=0 sapplied=0 crate=0 uimp=101000 upos=510 uneg=0 ball=113.74 vball=-0.02 aball=-0.1 bref=0.00 pid=0.0 pref=0.0 ppos=101.0 apid=-0.0 integ=0.0 vision=1 current=1 vframe=18179 vs=1 vage=3 vpage=3 vdt=33 vmax=6166 vacc=17306 vrej=0 seq=0 elapsed=0 oled=3C
[   7562] STATUS mode=3 fault=none enc=953 denc=0 sreq=0 sapplied=0 crate=0 uimp=101000 upos=510 uneg=0 ball=113.74 vball=-0.02 aball=-0.1 bref=0.00 pid=0.0 pref=0.0 ppos=101.0 apid=-0.0 integ=0.0 vision=1 current=1 vframe=18180 vs=1 vage=10 vpage=10 vdt=33 vmax=6166 vacc=17307 vrej=0 seq=0 elapsed=0 oled=3C
[   7592] STATUS mode=3 fault=none enc=953 denc=0 sreq=0 sapplied=0 crate=0 uimp=101000 upos=510 uneg=0 ball=113.74 vball=-0.02 aball=-0.1 bref=0.00 pid=0.0 pref=0.0 ppos=101.0 apid=-0.0 integ=0.0 vision=1 current=1 vframe=18180 vs=1 vage=30 vpage=30 vdt=33 vmax=6166 vacc=17307 vrej=0 seq=0 elapsed=0 oled=3C
[   7625] STATUS mode=3 fault=none enc=953 denc=0 sreq=0 sapplied=0 crate=0 uimp=101000 upos=510 uneg=0 ball=113.74 vball=-0.01 aball=-0.0 bref=0.00 pid=0.0 pref=0.0 ppos=101.0 apid=-0.0 integ=0.0 vision=1 current=1 vframe=18181 vs=1 vage=17 vpage=17 vdt=33 vmax=6166 vacc=17308 vrej=0 seq=0 elapsed=0 oled=3C
[   7640] STATUS mode=3 fault=none enc=953 denc=0 sreq=0 sapplied=0 crate=0 uimp=101000 upos=510 uneg=0 ball=113.72 vball=-0.16 aball=-0.0 bref=0.00 pid=0.0 pref=0.0 ppos=101.0 apid=-0.0 integ=0.0 vision=1 current=1 vframe=18182 vs=1 vage=2 vpage=2 vdt=35 vmax=6166 vacc=17309 vrej=0 seq=0 elapsed=0 oled=3C
[   7672] STATUS mode=3 fault=none enc=953 denc=0 sreq=0 sapplied=0 crate=0 uimp=101000 upos=510 uneg=0 ball=113.71 vball=-0.16 aball=-0.8 bref=0.00 pid=0.0 pref=0.0 ppos=101.0 apid=-0.0 integ=0.0 vision=1 current=1 vframe=18183 vs=1 vage=10 vpage=10 vdt=32 vmax=6166 vacc=17310 vrej=0 seq=0 elapsed=0 oled=3C
[   7703] STATUS mode=3 fault=none enc=953 denc=0 sreq=0 sapplied=0 crate=0 uimp=101000 upos=510 uneg=0 ball=113.71 vball=-0.16 aball=-0.8 bref=0.00 pid=0.0 pref=0.0 ppos=101.0 apid=-0.0 integ=0.0 vision=1 current=1 vframe=18183 vs=1 vage=30 vpage=30 vdt=32 vmax=6166 vacc=17310 vrej=0 seq=0 elapsed=0 oled=3C
[   7717] STATUS mode=3 fault=none enc=953 denc=0 sreq=0 sapplied=0 crate=0 uimp=101000 upos=510 uneg=0 ball=113.73 vball=0.09 aball=1.3 bref=0.00 pid=0.0 pref=0.0 ppos=101.0 apid=0.0 integ=0.0 vision=1 current=1 vframe=18184 vs=1 vage=17 vpage=17 vdt=33 vmax=6166 vacc=17311 vrej=0 seq=0 elapsed=0 oled=3C
[   7750] STATUS mode=3 fault=none enc=953 denc=0 sreq=0 sapplied=0 crate=0 uimp=101000 upos=510 uneg=0 ball=113.78 vball=0.44 aball=3.6 bref=0.00 pid=0.0 pref=0.0 ppos=101.0 apid=0.0 integ=0.0 vision=1 current=1 vframe=18185 vs=1 vage=24 vpage=24 vdt=33 vmax=6166 vacc=17312 vrej=0 seq=0 elapsed=0 oled=3C
[   7765] STATUS mode=3 fault=none enc=953 denc=0 sreq=0 sapplied=0 crate=0 uimp=101000 upos=510 uneg=0 ball=113.79 vball=0.43 aball=2.6 bref=0.00 pid=0.0 pref=0.0 ppos=101.0 apid=0.0 integ=0.0 vision=1 current=1 vframe=18186 vs=1 vage=10 vpage=10 vdt=34 vmax=6166 vacc=17313 vrej=0 seq=0 elapsed=0 oled=3C
[   7797] STATUS mode=3 fault=none enc=953 denc=0 sreq=0 sapplied=0 crate=0 uimp=101000 upos=510 uneg=0 ball=113.79 vball=0.43 aball=2.6 bref=0.00 pid=0.0 pref=0.0 ppos=101.0 apid=0.0 integ=0.0 vision=1 current=1 vframe=18186 vs=1 vage=30 vpage=30 vdt=34 vmax=6166 vacc=17313 vrej=0 seq=0 elapsed=0 oled=3C
[   7828] STATUS mode=3 fault=none enc=953 denc=0 sreq=0 sapplied=0 crate=0 uimp=101000 upos=510 uneg=0 ball=113.93 vball=1.56 aball=1.1 bref=0.00 pid=0.0 pref=0.0 ppos=101.0 apid=0.0 integ=0.0 vision=1 current=1 vframe=18188 vs=1 vage=3 vpage=3 vdt=34 vmax=6166 vacc=17315 vrej=0 seq=0 elapsed=0 oled=3C
[   7842] STATUS mode=3 fault=none enc=953 denc=0 sreq=0 sapplied=0 crate=0 uimp=101000 upos=510 uneg=0 ball=113.93 vball=1.56 aball=10.0 bref=0.00 pid=0.0 pref=0.0 ppos=101.0 apid=0.0 integ=0.0 vision=1 current=1 vframe=18188 vs=1 vage=23 vpage=23 vdt=34 vmax=6166 vacc=17315 vrej=0 seq=0 elapsed=0 oled=3C
[   7875] STATUS mode=3 fault=none enc=953 denc=0 sreq=0 sapplied=0 crate=0 uimp=101000 upos=510 uneg=0 ball=114.06 vball=2.19 aball=12.3 bref=0.00 pid=0.0 pref=0.0 ppos=101.0 apid=0.0 integ=0.0 vision=1 current=1 vframe=18189 vs=1 vage=10 vpage=10 vdt=33 vmax=6166 vacc=17316 vrej=0 seq=0 elapsed=0 oled=3C
[   7906] STATUS mode=3 fault=none enc=953 denc=0 sreq=0 sapplied=0 crate=0 uimp=101000 upos=510 uneg=0 ball=114.06 vball=2.19 aball=12.3 bref=0.00 pid=0.0 pref=0.0 ppos=101.0 apid=0.0 integ=0.0 vision=1 current=1 vframe=18189 vs=1 vage=30 vpage=30 vdt=33 vmax=6166 vacc=17316 vrej=0 seq=0 elapsed=0 oled=3C
[   7922] STATUS mode=3 fault=none enc=953 denc=0 sreq=0 sapplied=0 crate=0 uimp=101000 upos=510 uneg=0 ball=114.10 vball=1.32 aball=6.5 bref=0.00 pid=0.0 pref=0.0 ppos=101.0 apid=0.0 integ=0.0 vision=1 current=1 vframe=18191 vs=1 vage=2 vpage=2 vdt=35 vmax=6166 vacc=17318 vrej=0 seq=0 elapsed=0 oled=3C
[   7953] STATUS mode=3 fault=none enc=953 denc=0 sreq=0 sapplied=0 crate=0 uimp=101000 upos=510 uneg=0 ball=114.10 vball=1.32 aball=1.2 bref=0.00 pid=0.0 pref=0.0 ppos=101.0 apid=0.0 integ=0.0 vision=1 current=1 vframe=18191 vs=1 vage=22 vpage=22 vdt=35 vmax=6166 vacc=17318 vrej=0 seq=0 elapsed=0 oled=3C
[   7983] STATUS mode=3 fault=none enc=953 denc=0 sreq=0 sapplied=0 crate=0 uimp=101000 upos=510 uneg=0 ball=114.12 vball=1.11 aball=-0.7 bref=0.00 pid=0.0 pref=0.0 ppos=101.0 apid=-0.0 integ=0.0 vision=1 current=1 vframe=18192 vs=1 vage=9 vpage=9 vdt=33 vmax=6166 vacc=17319 vrej=0 seq=0 elapsed=0 oled=3C
[   8000] STATUS mode=3 fault=none enc=953 denc=0 sreq=0 sapplied=0 crate=0 uimp=101000 upos=510 uneg=0 ball=114.12 vball=0.80 aball=-2.9 bref=0.00 pid=0.0 pref=0.0 ppos=101.0 apid=-0.0 integ=0.0 vision=1 current=1 vframe=18193 vs=1 vage=16 vpage=16 vdt=33 vmax=6166 vacc=17320 vrej=0 seq=0 elapsed=0 oled=3C
[   8031] STATUS mode=3 fault=none enc=953 denc=0 sreq=0 sapplied=0 crate=0 uimp=101000 upos=510 uneg=0 ball=113.90 vball=-1.42 aball=-2.9 bref=0.00 pid=0.0 pref=0.0 ppos=101.0 apid=-0.0 integ=0.0 vision=1 current=1 vframe=18194 vs=1 vage=3 vpage=3 vdt=33 vmax=6166 vacc=17321 vrej=0 seq=0 elapsed=0 oled=3C
[   8062] STATUS mode=3 fault=none enc=953 denc=0 sreq=0 sapplied=0 crate=0 uimp=101000 upos=510 uneg=0 ball=113.90 vball=-1.42 aball=-19.0 bref=0.00 pid=0.0 pref=0.0 ppos=101.0 apid=-0.0 integ=0.0 vision=1 current=1 vframe=18194 vs=1 vage=23 vpage=23 vdt=33 vmax=6166 vacc=17321 vrej=0 seq=0 elapsed=0 oled=3C
[   8078] STATUS mode=3 fault=none enc=953 denc=0 sreq=0 sapplied=0 crate=0 uimp=101000 upos=510 uneg=0 ball=113.91 vball=-0.73 aball=-9.0 bref=0.00 pid=0.0 pref=0.0 ppos=101.0 apid=-0.0 integ=0.0 vision=1 current=1 vframe=18195 vs=1 vage=30 vpage=30 vdt=33 vmax=6166 vacc=17322 vrej=0 seq=0 elapsed=0 oled=3C
[   8108] STATUS mode=3 fault=none enc=953 denc=0 sreq=0 sapplied=0 crate=0 uimp=101000 upos=510 uneg=0 ball=114.03 vball=0.52 aball=2.7 bref=0.00 pid=0.0 pref=0.0 ppos=101.0 apid=0.0 integ=0.0 vision=1 current=1 vframe=18196 vs=1 vage=17 vpage=17 vdt=33 vmax=6166 vacc=17323 vrej=0 seq=0 elapsed=0 oled=3C
[   8140] STATUS mode=3 fault=none enc=953 denc=0 sreq=0 sapplied=0 crate=0 uimp=101000 upos=510 uneg=0 ball=114.08 vball=0.82 aball=2.7 bref=0.00 pid=0.0 pref=0.0 ppos=101.0 apid=0.0 integ=0.0 vision=1 current=1 vframe=18197 vs=1 vage=2 vpage=2 vdt=35 vmax=6166 vacc=17324 vrej=0 seq=0 elapsed=0 oled=3C
[   8156] STATUS mode=3 fault=none enc=953 denc=0 sreq=0 sapplied=0 crate=0 uimp=101000 upos=510 uneg=0 ball=114.08 vball=0.82 aball=4.2 bref=0.00 pid=0.0 pref=0.0 ppos=101.0 apid=0.0 integ=0.0 vision=1 current=1 vframe=18197 vs=1 vage=22 vpage=22 vdt=35 vmax=6166 vacc=17324 vrej=0 seq=0 elapsed=0 oled=3C
[   8187] STATUS mode=3 fault=none enc=953 denc=0 sreq=0 sapplied=0 crate=0 uimp=101000 upos=510 uneg=0 ball=114.10 vball=0.71 aball=2.3 bref=0.00 pid=0.0 pref=0.0 ppos=101.0 apid=0.0 integ=0.0 vision=1 current=1 vframe=18198 vs=1 vage=29 vpage=29 vdt=33 vmax=6166 vacc=17325 vrej=0 seq=0 elapsed=0 oled=3C
[   8217] STATUS mode=3 fault=none enc=953 denc=0 sreq=0 sapplied=0 crate=0 uimp=101000 upos=510 uneg=0 ball=114.10 vball=0.51 aball=0.2 bref=0.00 pid=0.0 pref=0.0 ppos=101.0 apid=0.0 integ=0.0 vision=1 current=1 vframe=18199 vs=1 vage=17 vpage=17 vdt=32 vmax=6166 vacc=17326 vrej=0 seq=0 elapsed=0 oled=3C
[   8233] STATUS mode=3 fault=none enc=953 denc=0 sreq=0 sapplied=0 crate=0 uimp=101000 upos=510 uneg=0 ball=114.10 vball=0.35 aball=0.2 bref=0.00 pid=0.0 pref=0.0 ppos=101.0 apid=0.0 integ=0.0 vision=1 current=1 vframe=18200 vs=1 vage=3 vpage=3 vdt=34 vmax=6166 vacc=17327 vrej=0 seq=0 elapsed=0 oled=3C
[   8265] STATUS mode=3 fault=none enc=953 denc=0 sreq=0 sapplied=0 crate=0 uimp=101000 upos=510 uneg=0 ball=114.08 vball=0.12 aball=-2.5 bref=0.00 pid=0.0 pref=0.0 ppos=101.0 apid=-0.0 integ=0.0 vision=1 current=1 vframe=18201 vs=1 vage=10 vpage=10 vdt=33 vmax=6166 vacc=17328 vrej=0 seq=0 elapsed=0 oled=3C
[   8297] STATUS mode=3 fault=none enc=953 denc=0 sreq=0 sapplied=0 crate=0 uimp=101000 upos=510 uneg=0 ball=114.08 vball=0.12 aball=-2.5 bref=0.00 pid=0.0 pref=0.0 ppos=101.0 apid=-0.0 integ=0.0 vision=1 current=1 vframe=18201 vs=1 vage=30 vpage=30 vdt=33 vmax=6166 vacc=17328 vrej=0 seq=0 elapsed=0 oled=3C
[   8312] STATUS mode=3 fault=none enc=953 denc=0 sreq=0 sapplied=0 crate=0 uimp=101000 upos=510 uneg=0 ball=114.03 vball=-0.38 aball=-5.7 bref=0.00 pid=0.0 pref=0.0 ppos=101.0 apid=-0.0 integ=0.0 vision=1 current=1 vframe=18202 vs=1 vage=17 vpage=17 vdt=33 vmax=6166 vacc=17329 vrej=0 seq=0 elapsed=0 oled=3C
[   8342] STATUS mode=3 fault=none enc=953 denc=0 sreq=0 sapplied=0 crate=0 uimp=101000 upos=510 uneg=0 ball=113.88 vball=-1.72 aball=-5.7 bref=0.00 pid=0.0 pref=0.0 ppos=101.0 apid=-0.0 integ=0.0 vision=1 current=1 vframe=18203 vs=1 vage=3 vpage=3 vdt=34 vmax=6166 vacc=17330 vrej=0 seq=0 elapsed=0 oled=3C
[   8375] STATUS mode=3 fault=none enc=953 denc=0 sreq=0 sapplied=0 crate=0 uimp=101000 upos=510 uneg=0 ball=113.75 vball=-2.33 aball=-15.2 bref=0.00 pid=0.0 pref=0.0 ppos=101.0 apid=-0.0 integ=0.0 vision=1 current=1 vframe=18204 vs=1 vage=10 vpage=10 vdt=33 vmax=6166 vacc=17331 vrej=0 seq=0 elapsed=0 oled=3C
[   8390] STATUS mode=3 fault=none enc=953 denc=0 sreq=0 sapplied=0 crate=0 uimp=101000 upos=510 uneg=0 ball=113.75 vball=-2.33 aball=-15.2 bref=0.00 pid=0.0 pref=0.0 ppos=101.0 apid=-0.0 integ=0.0 vision=1 current=1 vframe=18204 vs=1 vage=30 vpage=30 vdt=33 vmax=6166 vacc=17331 vrej=0 seq=0 elapsed=0 oled=3C
[   8422] STATUS mode=3 fault=none enc=953 denc=0 sreq=0 sapplied=0 crate=0 uimp=101000 upos=510 uneg=0 ball=113.73 vball=-1.81 aball=-7.6 bref=0.00 pid=0.0 pref=0.0 ppos=101.0 apid=-0.0 integ=0.0 vision=1 current=1 vframe=18205 vs=1 vage=16 vpage=16 vdt=34 vmax=6166 vacc=17332 vrej=0 seq=0 elapsed=0 oled=3C
[   8453] STATUS mode=3 fault=none enc=953 denc=0 sreq=0 sapplied=0 crate=0 uimp=101000 upos=510 uneg=0 ball=113.73 vball=-1.27 aball=-1.7 bref=0.00 pid=0.0 pref=0.0 ppos=101.0 apid=-0.0 integ=0.0 vision=1 current=1 vframe=18206 vs=1 vage=22 vpage=22 vdt=34 vmax=6166 vacc=17333 vrej=0 seq=0 elapsed=0 oled=3C
[   8467] STATUS mode=3 fault=none enc=953 denc=0 sreq=0 sapplied=0 crate=0 uimp=101000 upos=510 uneg=0 ball=113.74 vball=-0.82 aball=2.2 bref=0.00 pid=0.0 pref=0.0 ppos=101.0 apid=0.0 integ=0.0 vision=1 current=1 vframe=18207 vs=1 vage=10 vpage=10 vdt=32 vmax=6166 vacc=17334 vrej=0 seq=0 elapsed=0 oled=3C
[   8500] STATUS mode=3 fault=none enc=953 denc=0 sreq=0 sapplied=0 crate=0 uimp=101000 upos=510 uneg=0 ball=113.74 vball=-0.82 aball=2.2 bref=0.00 pid=0.0 pref=0.0 ppos=101.0 apid=0.0 integ=0.0 vision=1 current=1 vframe=18207 vs=1 vage=30 vpage=30 vdt=32 vmax=6166 vacc=17334 vrej=0 seq=0 elapsed=0 oled=3C
[   8531] STATUS mode=3 fault=none enc=953 denc=0 sreq=0 sapplied=0 crate=0 uimp=101000 upos=510 uneg=0 ball=113.70 vball=-0.63 aball=2.7 bref=0.00 pid=0.0 pref=0.0 ppos=101.0 apid=0.0 integ=0.0 vision=1 current=1 vframe=18209 vs=1 vage=4 vpage=4 vdt=33 vmax=6166 vacc=17336 vrej=0 seq=0 elapsed=0 oled=3C
[   8547] STATUS mode=3 fault=none enc=953 denc=0 sreq=0 sapplied=0 crate=0 uimp=101000 upos=510 uneg=0 ball=113.70 vball=-0.63 aball=2.7 bref=0.00 pid=0.0 pref=0.0 ppos=101.0 apid=0.0 integ=0.0 vision=1 current=1 vframe=18209 vs=1 vage=24 vpage=24 vdt=33 vmax=6166 vacc=17336 vrej=0 seq=0 elapsed=0 oled=3C
[   8578] STATUS mode=3 fault=none enc=953 denc=0 sreq=0 sapplied=0 crate=0 uimp=101000 upos=510 uneg=0 ball=113.70 vball=-0.43 aball=3.5 bref=0.00 pid=0.0 pref=0.0 ppos=101.0 apid=0.0 integ=0.0 vision=1 current=1 vframe=18210 vs=1 vage=10 vpage=10 vdt=34 vmax=6166 vacc=17337 vrej=0 seq=0 elapsed=0 oled=3C
[   8608] STATUS mode=3 fault=none enc=953 denc=0 sreq=0 sapplied=0 crate=0 uimp=101000 upos=510 uneg=0 ball=113.70 vball=-0.43 aball=3.5 bref=0.00 pid=0.0 pref=0.0 ppos=101.0 apid=0.0 integ=0.0 vision=1 current=1 vframe=18210 vs=1 vage=30 vpage=30 vdt=34 vmax=6166 vacc=17337 vrej=0 seq=0 elapsed=0 oled=3C
[   8625] STATUS mode=3 fault=none enc=953 denc=0 sreq=0 sapplied=0 crate=0 uimp=101000 upos=510 uneg=0 ball=113.69 vball=-0.31 aball=3.1 bref=0.00 pid=0.0 pref=0.0 ppos=101.0 apid=0.0 integ=0.0 vision=1 current=1 vframe=18212 vs=1 vage=3 vpage=3 vdt=34 vmax=6166 vacc=17339 vrej=0 seq=0 elapsed=0 oled=3C
[   8656] STATUS mode=3 fault=none enc=953 denc=0 sreq=0 sapplied=0 crate=0 uimp=101000 upos=510 uneg=0 ball=113.69 vball=-0.31 aball=2.7 bref=0.00 pid=0.0 pref=0.0 ppos=101.0 apid=0.0 integ=0.0 vision=1 current=1 vframe=18212 vs=1 vage=23 vpage=23 vdt=34 vmax=6166 vacc=17339 vrej=0 seq=0 elapsed=0 oled=3C
[   8687] STATUS mode=3 fault=none enc=953 denc=0 sreq=0 sapplied=0 crate=0 uimp=101000 upos=510 uneg=0 ball=113.86 vball=1.29 aball=14.2 bref=0.00 pid=0.0 pref=0.0 ppos=101.0 apid=0.0 integ=0.0 vision=1 current=1 vframe=18213 vs=1 vage=10 vpage=10 vdt=33 vmax=6166 vacc=17340 vrej=0 seq=0 elapsed=0 oled=3C
[   8703] STATUS mode=3 fault=none enc=953 denc=0 sreq=0 sapplied=0 crate=0 uimp=101000 upos=510 uneg=0 ball=114.00 vball=2.19 aball=17.5 bref=0.00 pid=0.0 pref=0.0 ppos=101.0 apid=0.0 integ=0.0 vision=1 current=1 vframe=18214 vs=1 vage=17 vpage=17 vdt=33 vmax=6166 vacc=17341 vrej=0 seq=0 elapsed=0 oled=3C
[   8733] STATUS mode=3 fault=none enc=953 denc=0 sreq=0 sapplied=0 crate=0 uimp=101000 upos=510 uneg=0 ball=114.05 vball=1.91 aball=17.5 bref=0.00 pid=0.0 pref=0.0 ppos=101.0 apid=0.0 integ=0.0 vision=1 current=1 vframe=18215 vs=1 vage=3 vpage=3 vdt=34 vmax=6166 vacc=17342 vrej=0 seq=0 elapsed=0 oled=3C
[   8765] STATUS mode=3 fault=none enc=953 denc=0 sreq=0 sapplied=0 crate=0 uimp=101000 upos=510 uneg=0 ball=114.05 vball=1.91 aball=11.0 bref=0.00 pid=0.0 pref=0.0 ppos=101.0 apid=0.0 integ=0.0 vision=1 current=1 vframe=18215 vs=1 vage=23 vpage=23 vdt=34 vmax=6166 vacc=17342 vrej=0 seq=0 elapsed=0 oled=3C
[   8781] STATUS mode=3 fault=none enc=953 denc=0 sreq=0 sapplied=0 crate=0 uimp=101000 upos=510 uneg=0 ball=114.05 vball=1.39 aball=4.3 bref=0.00 pid=0.0 pref=0.0 ppos=101.0 apid=0.0 integ=0.0 vision=1 current=1 vframe=18216 vs=1 vage=30 vpage=30 vdt=33 vmax=6166 vacc=17343 vrej=0 seq=0 elapsed=0 oled=3C
[   8812] STATUS mode=3 fault=none enc=953 denc=0 sreq=0 sapplied=0 crate=0 uimp=101000 upos=510 uneg=0 ball=114.06 vball=1.08 aball=1.0 bref=0.00 pid=0.0 pref=0.0 ppos=101.0 apid=0.0 integ=0.0 vision=1 current=1 vframe=18217 vs=1 vage=16 vpage=16 vdt=34 vmax=6166 vacc=17344 vrej=0 seq=0 elapsed=0 oled=3C
[   8842] STATUS mode=3 fault=none enc=953 denc=0 sreq=0 sapplied=0 crate=0 uimp=101000 upos=510 uneg=0 ball=114.06 vball=0.76 aball=1.0 bref=0.00 pid=0.0 pref=0.0 ppos=101.0 apid=0.0 integ=0.0 vision=1 current=1 vframe=18218 vs=1 vage=3 vpage=3 vdt=33 vmax=6166 vacc=17345 vrej=0 seq=0 elapsed=0 oled=3C
[   8858] STATUS mode=3 fault=none enc=953 denc=0 sreq=0 sapplied=0 crate=0 uimp=101000 upos=510 uneg=0 ball=114.06 vball=0.76 aball=-1.7 bref=0.00 pid=0.0 pref=0.0 ppos=101.0 apid=-0.0 integ=0.0 vision=1 current=1 vframe=18218 vs=1 vage=23 vpage=23 vdt=33 vmax=6166 vacc=17345 vrej=0 seq=0 elapsed=0 oled=3C
[   8890] STATUS mode=3 fault=none enc=953 denc=0 sreq=0 sapplied=0 crate=0 uimp=101000 upos=510 uneg=0 ball=114.06 vball=0.50 aball=-3.2 bref=0.00 pid=0.0 pref=0.0 ppos=101.0 apid=-0.0 integ=0.0 vision=1 current=1 vframe=18219 vs=1 vage=29 vpage=29 vdt=34 vmax=6166 vacc=17346 vrej=0 seq=0 elapsed=0 oled=3C
[   8922] STATUS mode=3 fault=none enc=953 denc=0 sreq=0 sapplied=0 crate=0 uimp=101000 upos=510 uneg=0 ball=114.02 vball=0.01 aball=-6.2 bref=0.00 pid=0.0 pref=0.0 ppos=101.0 apid=-0.0 integ=0.0 vision=1 current=1 vframe=18220 vs=1 vage=17 vpage=17 vdt=32 vmax=6166 vacc=17347 vrej=0 seq=0 elapsed=0 oled=3C
[   8937] STATUS mode=3 fault=none enc=953 denc=0 sreq=0 sapplied=0 crate=0 uimp=101000 upos=510 uneg=0 ball=114.03 vball=0.08 aball=-6.2 bref=0.00 pid=0.0 pref=0.0 ppos=101.0 apid=-0.0 integ=0.0 vision=1 current=1 vframe=18221 vs=1 vage=3 vpage=3 vdt=34 vmax=6166 vacc=17348 vrej=0 seq=0 elapsed=0 oled=3C
[   8967] STATUS mode=3 fault=none enc=953 denc=0 sreq=0 sapplied=0 crate=0 uimp=101000 upos=510 uneg=0 ball=114.04 vball=0.19 aball=-2.2 bref=0.00 pid=0.0 pref=0.0 ppos=101.0 apid=-0.0 integ=0.0 vision=1 current=1 vframe=18222 vs=1 vage=12 vpage=12 vdt=31 vmax=6166 vacc=17349 vrej=0 seq=0 elapsed=0 oled=3C
[   9000] STATUS mode=3 fault=none enc=953 denc=0 sreq=0 sapplied=0 crate=0 uimp=101000 upos=510 uneg=0 ball=114.04 vball=0.19 aball=-2.2 bref=0.00 pid=0.0 pref=0.0 ppos=101.0 apid=-0.0 integ=0.0 vision=1 current=1 vframe=18222 vs=1 vage=32 vpage=32 vdt=31 vmax=6166 vacc=17349 vrej=0 seq=0 elapsed=0 oled=3C
[   9015] STATUS mode=3 fault=none enc=953 denc=0 sreq=0 sapplied=0 crate=0 uimp=101000 upos=510 uneg=0 ball=114.02 vball=-0.07 aball=-3.5 bref=0.00 pid=0.0 pref=0.0 ppos=101.0 apid=-0.0 integ=0.0 vision=1 current=1 vframe=18223 vs=1 vage=16 vpage=16 vdt=36 vmax=6166 vacc=17350 vrej=0 seq=0 elapsed=0 oled=3C
[   9047] STATUS mode=3 fault=none enc=953 denc=0 sreq=0 sapplied=0 crate=0 uimp=101000 upos=510 uneg=0 ball=113.98 vball=-0.38 aball=-5.1 bref=0.00 pid=0.0 pref=0.0 ppos=101.0 apid=-0.0 integ=0.0 vision=1 current=1 vframe=18224 vs=1 vage=25 vpage=25 vdt=31 vmax=6166 vacc=17351 vrej=0 seq=0 elapsed=0 oled=3C
[   9078] STATUS mode=3 fault=none enc=953 denc=0 sreq=0 sapplied=0 crate=0 uimp=101000 upos=510 uneg=0 ball=113.76 vball=-2.27 aball=-17.7 bref=0.00 pid=0.0 pref=0.0 ppos=101.0 apid=-0.0 integ=0.0 vision=1 current=1 vframe=18225 vs=1 vage=11 vpage=11 vdt=34 vmax=6166 vacc=17352 vrej=0 seq=0 elapsed=0 oled=3C
[   9092] STATUS mode=3 fault=none enc=953 denc=0 sreq=0 sapplied=0 crate=0 uimp=101000 upos=510 uneg=0 ball=113.76 vball=-2.27 aball=-17.7 bref=0.00 pid=0.0 pref=0.0 ppos=101.0 apid=-0.0 integ=0.0 vision=1 current=1 vframe=18225 vs=1 vage=31 vpage=31 vdt=34 vmax=6166 vacc=17352 vrej=0 seq=0 elapsed=0 oled=3C
[   9125] STATUS mode=3 fault=none enc=953 denc=0 sreq=0 sapplied=0 crate=0 uimp=101000 upos=510 uneg=0 ball=113.68 vball=-2.24 aball=-13.1 bref=0.00 pid=0.0 pref=0.0 ppos=101.0 apid=-0.0 integ=0.0 vision=1 current=1 vframe=18226 vs=1 vage=18 vpage=18 vdt=33 vmax=6166 vacc=17353 vrej=0 seq=0 elapsed=0 oled=3C
[   9156] STATUS mode=3 fault=none enc=953 denc=0 sreq=0 sapplied=0 crate=0 uimp=101000 upos=510 uneg=0 ball=113.67 vball=-1.72 aball=-5.9 bref=0.00 pid=0.0 pref=0.0 ppos=101.0 apid=-0.0 integ=0.0 vision=1 current=1 vframe=18227 vs=1 vage=25 vpage=25 vdt=33 vmax=6166 vacc=17354 vrej=0 seq=0 elapsed=0 oled=3C
[   9172] STATUS mode=3 fault=none enc=953 denc=0 sreq=0 sapplied=0 crate=0 uimp=101000 upos=510 uneg=0 ball=113.67 vball=-1.18 aball=-0.4 bref=0.00 pid=0.0 pref=0.0 ppos=101.0 apid=-0.0 integ=0.0 vision=1 current=1 vframe=18228 vs=1 vage=11 vpage=11 vdt=34 vmax=6166 vacc=17355 vrej=0 seq=0 elapsed=0 oled=3C
[   9203] STATUS mode=3 fault=none enc=953 denc=0 sreq=0 sapplied=0 crate=0 uimp=101000 upos=510 uneg=0 ball=113.67 vball=-1.18 aball=-0.4 bref=0.00 pid=0.0 pref=0.0 ppos=101.0 apid=-0.0 integ=0.0 vision=1 current=1 vframe=18228 vs=1 vage=31 vpage=31 vdt=34 vmax=6166 vacc=17355 vrej=0 seq=0 elapsed=0 oled=3C
[   9233] STATUS mode=3 fault=none enc=953 denc=0 sreq=0 sapplied=0 crate=0 uimp=101000 upos=510 uneg=0 ball=113.68 vball=-0.49 aball=4.2 bref=0.00 pid=0.0 pref=0.0 ppos=101.0 apid=0.0 integ=0.0 vision=1 current=1 vframe=18230 vs=1 vage=5 vpage=5 vdt=33 vmax=6166 vacc=17357 vrej=0 seq=0 elapsed=0 oled=3C
[   9250] STATUS mode=3 fault=none enc=953 denc=0 sreq=0 sapplied=0 crate=0 uimp=101000 upos=510 uneg=0 ball=113.68 vball=-0.49 aball=4.2 bref=0.00 pid=0.0 pref=0.0 ppos=101.0 apid=0.0 integ=0.0 vision=1 current=1 vframe=18230 vs=1 vage=25 vpage=25 vdt=33 vmax=6166 vacc=17357 vrej=0 seq=0 elapsed=0 oled=3C
[   9281] STATUS mode=3 fault=none enc=953 denc=0 sreq=0 sapplied=0 crate=0 uimp=101000 upos=510 uneg=0 ball=113.69 vball=-0.32 aball=4.4 bref=0.00 pid=0.0 pref=0.0 ppos=101.0 apid=0.0 integ=0.0 vision=1 current=1 vframe=18231 vs=1 vage=10 vpage=10 vdt=35 vmax=6166 vacc=17358 vrej=0 seq=0 elapsed=0 oled=3C
[   9312] STATUS mode=3 fault=none enc=953 denc=0 sreq=0 sapplied=0 crate=0 uimp=101000 upos=510 uneg=0 ball=113.69 vball=-0.20 aball=4.2 bref=0.00 pid=0.0 pref=0.0 ppos=101.0 apid=0.0 integ=0.0 vision=1 current=1 vframe=18232 vs=1 vage=18 vpage=18 vdt=32 vmax=6166 vacc=17359 vrej=0 seq=0 elapsed=0 oled=3C
[   9328] STATUS mode=3 fault=none enc=953 denc=0 sreq=0 sapplied=0 crate=0 uimp=101000 upos=510 uneg=0 ball=113.69 vball=-0.12 aball=3.8 bref=0.00 pid=0.0 pref=0.0 ppos=101.0 apid=0.0 integ=0.0 vision=1 current=1 vframe=18233 vs=1 vage=5 vpage=5 vdt=33 vmax=6166 vacc=17360 vrej=0 seq=0 elapsed=0 oled=3C
[   9358] STATUS mode=3 fault=none enc=953 denc=0 sreq=0 sapplied=0 crate=0 uimp=101000 upos=510 uneg=0 ball=113.69 vball=-0.12 aball=3.8 bref=0.00 pid=0.0 pref=0.0 ppos=101.0 apid=0.0 integ=0.0 vision=1 current=1 vframe=18233 vs=1 vage=25 vpage=25 vdt=33 vmax=6166 vacc=17360 vrej=0 seq=0 elapsed=0 oled=3C
[   9390] STATUS mode=3 fault=none enc=953 denc=0 sreq=0 sapplied=0 crate=0 uimp=101000 upos=510 uneg=0 ball=113.84 vball=1.34 aball=13.9 bref=0.00 pid=0.0 pref=0.0 ppos=101.0 apid=0.0 integ=0.0 vision=1 current=1 vframe=18234 vs=1 vage=12 vpage=12 vdt=33 vmax=6166 vacc=17361 vrej=0 seq=0 elapsed=0 oled=3C
[   9406] STATUS mode=3 fault=none enc=953 denc=0 sreq=0 sapplied=0 crate=0 uimp=101000 upos=510 uneg=0 ball=113.94 vball=1.57 aball=12.0 bref=0.00 pid=0.0 pref=0.0 ppos=101.0 apid=0.0 integ=0.0 vision=1 current=1 vframe=18235 vs=1 vage=16 vpage=16 vdt=36 vmax=6166 vacc=17362 vrej=0 seq=0 elapsed=0 oled=3C
[   9437] STATUS mode=3 fault=none enc=953 denc=0 sreq=0 sapplied=0 crate=0 uimp=101000 upos=510 uneg=0 ball=115.36 vball=14.43 aball=12.0 bref=0.00 pid=0.0 pref=0.0 ppos=101.0 apid=0.0 integ=0.0 vision=1 current=1 vframe=18236 vs=1 vage=2 vpage=2 vdt=34 vmax=6166 vacc=17363 vrej=0 seq=0 elapsed=0 oled=3C
[   9467] STATUS mode=3 fault=none enc=953 denc=0 sreq=0 sapplied=0 crate=0 uimp=101000 upos=510 uneg=0 ball=115.36 vball=14.43 aball=103.6 bref=0.00 pid=0.0 pref=0.0 ppos=101.0 apid=0.0 integ=0.0 vision=1 current=1 vframe=18236 vs=1 vage=22 vpage=22 vdt=34 vmax=6166 vacc=17363 vrej=0 seq=0 elapsed=0 oled=3C
[   9483] STATUS mode=3 fault=none enc=953 denc=0 sreq=0 sapplied=0 crate=0 uimp=101000 upos=510 uneg=0 ball=116.62 vball=21.08 aball=128.1 bref=0.00 pid=0.0 pref=0.0 ppos=101.0 apid=0.0 integ=0.0 vision=1 current=1 vframe=18237 vs=1 vage=29 vpage=29 vdt=33 vmax=6166 vacc=17364 vrej=0 seq=0 elapsed=0 oled=3C
[   9515] STATUS mode=3 fault=none enc=953 denc=0 sreq=0 sapplied=0 crate=0 uimp=101000 upos=510 uneg=0 ball=116.97 vball=17.85 aball=71.6 bref=0.00 pid=0.0 pref=0.0 ppos=101.0 apid=0.0 integ=0.0 vision=1 current=1 vframe=18238 vs=1 vage=16 vpage=16 vdt=33 vmax=6166 vacc=17365 vrej=0 seq=0 elapsed=0 oled=3C
[   9547] STATUS mode=3 fault=none enc=953 denc=0 sreq=0 sapplied=0 crate=0 uimp=101000 upos=510 uneg=0 ball=117.00 vball=12.85 aball=71.6 bref=0.00 pid=0.0 pref=0.0 ppos=101.0 apid=0.0 integ=0.0 vision=1 current=1 vframe=18239 vs=1 vage=2 vpage=2 vdt=34 vmax=6166 vacc=17366 vrej=0 seq=0 elapsed=0 oled=3C
[   9562] STATUS mode=3 fault=none enc=953 denc=0 sreq=0 sapplied=0 crate=0 uimp=101000 upos=510 uneg=0 ball=116.95 vball=8.57 aball=-19.7 bref=0.00 pid=0.0 pref=0.0 ppos=101.0 apid=-0.0 integ=0.0 vision=1 current=1 vframe=18240 vs=1 vage=9 vpage=9 vdt=33 vmax=6166 vacc=17367 vrej=0 seq=0 elapsed=0 oled=3C
[   9592] STATUS mode=3 fault=none enc=953 denc=0 sreq=0 sapplied=0 crate=0 uimp=101000 upos=510 uneg=0 ball=116.95 vball=8.57 aball=-19.7 bref=0.00 pid=0.0 pref=0.0 ppos=101.0 apid=-0.0 integ=0.0 vision=1 current=1 vframe=18240 vs=1 vage=29 vpage=29 vdt=33 vmax=6166 vacc=17367 vrej=0 seq=0 elapsed=0 oled=3C
[   9625] STATUS mode=3 fault=none enc=953 denc=0 sreq=0 sapplied=0 crate=0 uimp=101000 upos=510 uneg=0 ball=116.89 vball=5.49 aball=-38.1 bref=0.00 pid=0.0 pref=0.0 ppos=101.0 apid=-0.0 integ=0.0 vision=1 current=1 vframe=18241 vs=1 vage=16 vpage=16 vdt=33 vmax=6166 vacc=17368 vrej=0 seq=0 elapsed=0 oled=3C
[   9640] STATUS mode=3 fault=none enc=953 denc=0 sreq=0 sapplied=0 crate=0 uimp=101000 upos=510 uneg=0 ball=116.84 vball=3.48 aball=-43.4 bref=0.00 pid=0.0 pref=0.0 ppos=101.0 apid=-0.0 integ=0.0 vision=1 current=1 vframe=18242 vs=1 vage=2 vpage=2 vdt=34 vmax=6166 vacc=17369 vrej=0 seq=0 elapsed=0 oled=3C
[   9672] STATUS mode=3 fault=none enc=953 denc=0 sreq=0 sapplied=0 crate=0 uimp=101000 upos=510 uneg=0 ball=116.81 vball=2.14 aball=-42.7 bref=0.00 pid=0.0 pref=0.0 ppos=101.0 apid=-0.0 integ=0.0 vision=1 current=1 vframe=18243 vs=1 vage=9 vpage=9 vdt=33 vmax=6166 vacc=17370 vrej=0 seq=0 elapsed=0 oled=3C
[   9703] STATUS mode=3 fault=none enc=953 denc=0 sreq=0 sapplied=0 crate=0 uimp=101000 upos=510 uneg=0 ball=116.81 vball=2.14 aball=-42.7 bref=0.00 pid=0.0 pref=0.0 ppos=101.0 apid=-0.0 integ=0.0 vision=1 current=1 vframe=18243 vs=1 vage=29 vpage=29 vdt=33 vmax=6166 vacc=17370 vrej=0 seq=0 elapsed=0 oled=3C
[   9717] STATUS mode=3 fault=none enc=953 denc=0 sreq=0 sapplied=0 crate=0 uimp=101000 upos=510 uneg=0 ball=116.78 vball=1.30 aball=-38.4 bref=0.00 pid=0.0 pref=0.0 ppos=101.0 apid=-0.0 integ=0.0 vision=1 current=1 vframe=18244 vs=1 vage=16 vpage=16 vdt=33 vmax=6166 vacc=17371 vrej=0 seq=0 elapsed=0 oled=3C
[   9750] STATUS mode=3 fault=none enc=953 denc=0 sreq=0 sapplied=0 crate=0 uimp=101000 upos=510 uneg=0 ball=116.77 vball=0.81 aball=-32.4 bref=0.00 pid=0.0 pref=0.0 ppos=101.0 apid=-0.0 integ=0.0 vision=1 current=1 vframe=18245 vs=1 vage=22 vpage=22 vdt=34 vmax=6166 vacc=17372 vrej=0 seq=0 elapsed=0 oled=3C
[   9781] STATUS mode=3 fault=none enc=953 denc=0 sreq=0 sapplied=0 crate=0 uimp=101000 upos=510 uneg=0 ball=115.38 vball=-12.52 aball=-131.8 bref=0.00 pid=0.0 pref=0.0 ppos=101.0 apid=-0.0 integ=0.0 vision=1 current=1 vframe=18246 vs=1 vage=11 vpage=11 vdt=31 vmax=6166 vacc=17373 vrej=0 seq=0 elapsed=0 oled=3C
[   9797] STATUS mode=3 fault=none enc=953 denc=0 sreq=0 sapplied=0 crate=0 uimp=101000 upos=510 uneg=0 ball=115.38 vball=-12.52 aball=-131.8 bref=0.00 pid=0.0 pref=0.0 ppos=101.0 apid=-0.0 integ=0.0 vision=1 current=1 vframe=18246 vs=1 vage=31 vpage=31 vdt=31 vmax=6166 vacc=17373 vrej=0 seq=0 elapsed=0 oled=3C
[   9828] STATUS mode=3 fault=none enc=953 denc=0 sreq=0 sapplied=0 crate=0 uimp=101000 upos=510 uneg=0 ball=113.78 vball=-16.81 aball=-93.8 bref=0.00 pid=0.0 pref=0.0 ppos=101.0 apid=-0.0 integ=0.0 vision=1 current=1 vframe=18248 vs=1 vage=4 vpage=4 vdt=34 vmax=6166 vacc=17375 vrej=0 seq=0 elapsed=0 oled=3C
[   9858] STATUS mode=3 fault=none enc=953 denc=0 sreq=0 sapplied=0 crate=0 uimp=101000 upos=510 uneg=0 ball=113.78 vball=-16.81 aball=-93.8 bref=0.00 pid=0.0 pref=0.0 ppos=101.0 apid=-0.0 integ=0.0 vision=1 current=1 vframe=18248 vs=1 vage=24 vpage=24 vdt=34 vmax=6166 vacc=17375 vrej=0 seq=0 elapsed=0 oled=3C
[   9875] STATUS mode=3 fault=none enc=953 denc=0 sreq=0 sapplied=0 crate=0 uimp=101000 upos=510 uneg=0 ball=113.74 vball=-12.18 aball=-35.3 bref=0.00 pid=0.0 pref=0.0 ppos=101.0 apid=-0.0 integ=0.0 vision=1 current=1 vframe=18249 vs=1 vage=11 vpage=11 vdt=33 vmax=6166 vacc=17376 vrej=0 seq=0 elapsed=0 oled=3C
[   9906] STATUS mode=3 fault=none enc=953 denc=0 sreq=0 sapplied=0 crate=0 uimp=101000 upos=510 uneg=0 ball=113.79 vball=-8.14 aball=3.2 bref=0.00 pid=0.0 pref=0.0 ppos=101.0 apid=0.0 integ=0.0 vision=1 current=1 vframe=18250 vs=1 vage=17 vpage=17 vdt=34 vmax=6166 vacc=17377 vrej=0 seq=0 elapsed=0 oled=3C
[   9937] STATUS mode=3 fault=none enc=953 denc=0 sreq=0 sapplied=0 crate=0 uimp=101000 upos=510 uneg=0 ball=113.84 vball=-5.28 aball=24.1 bref=0.00 pid=0.0 pref=0.0 ppos=101.0 apid=0.0 integ=0.0 vision=1 current=1 vframe=18251 vs=1 vage=4 vpage=4 vdt=33 vmax=6166 vacc=17378 vrej=0 seq=0 elapsed=0 oled=3C
[   9953] STATUS mode=3 fault=none enc=953 denc=0 sreq=0 sapplied=0 crate=0 uimp=101000 upos=510 uneg=0 ball=113.84 vball=-5.28 aball=24.1 bref=0.00 pid=0.0 pref=0.0 ppos=101.0 apid=0.0 integ=0.0 vision=1 current=1 vframe=18251 vs=1 vage=24 vpage=24 vdt=33 vmax=6166 vacc=17378 vrej=0 seq=0 elapsed=0 oled=3C
[   9983] STATUS mode=3 fault=none enc=953 denc=0 sreq=0 sapplied=0 crate=0 uimp=101000 upos=510 uneg=0 ball=113.89 vball=-3.31 aball=33.5 bref=0.00 pid=0.0 pref=0.0 ppos=101.0 apid=0.0 integ=0.0 vision=1 current=1 vframe=18252 vs=1 vage=12 vpage=12 vdt=32 vmax=6166 vacc=17379 vrej=0 seq=0 elapsed=0 oled=3C
[  10015] STATUS mode=3 fault=none enc=953 denc=0 sreq=0 sapplied=0 crate=0 uimp=101000 upos=510 uneg=0 ball=113.93 vball=-2.03 aball=34.5 bref=0.00 pid=0.0 pref=0.0 ppos=101.0 apid=0.0 integ=0.0 vision=1 current=1 vframe=18253 vs=1 vage=18 vpage=18 vdt=34 vmax=6166 vacc=17380 vrej=0 seq=0 elapsed=0 oled=3C
[  10031] STATUS mode=3 fault=none enc=953 denc=0 sreq=0 sapplied=0 crate=0 uimp=101000 upos=510 uneg=0 ball=113.92 vball=-1.50 aball=29.9 bref=0.00 pid=0.0 pref=0.0 ppos=101.0 apid=0.0 integ=0.0 vision=1 current=1 vframe=18254 vs=1 vage=5 vpage=5 vdt=33 vmax=6166 vacc=17381 vrej=0 seq=0 elapsed=0 oled=3C
[  10062] STATUS mode=3 fault=none enc=953 denc=0 sreq=0 sapplied=0 crate=0 uimp=101000 upos=510 uneg=0 ball=113.92 vball=-1.50 aball=29.9 bref=0.00 pid=0.0 pref=0.0 ppos=101.0 apid=0.0 integ=0.0 vision=1 current=1 vframe=18254 vs=1 vage=25 vpage=25 vdt=33 vmax=6166 vacc=17381 vrej=0 seq=0 elapsed=0 oled=3C
[  10092] STATUS mode=3 fault=none enc=953 denc=0 sreq=0 sapplied=0 crate=0 uimp=101000 upos=510 uneg=0 ball=113.94 vball=-0.84 aball=27.3 bref=0.00 pid=0.0 pref=0.0 ppos=101.0 apid=0.0 integ=0.0 vision=1 current=1 vframe=18255 vs=1 vage=31 vpage=31 vdt=34 vmax=6166 vacc=17382 vrej=0 seq=0 elapsed=0 oled=3C
[  10108] STATUS mode=3 fault=none enc=953 denc=0 sreq=0 sapplied=0 crate=0 uimp=101000 upos=510 uneg=0 ball=113.96 vball=-0.39 aball=23.9 bref=0.00 pid=0.0 pref=0.0 ppos=101.0 apid=0.0 integ=0.0 vision=1 current=1 vframe=18256 vs=1 vage=18 vpage=18 vdt=33 vmax=6166 vacc=17383 vrej=0 seq=0 elapsed=0 oled=3C
[  10140] STATUS mode=3 fault=none enc=953 denc=0 sreq=0 sapplied=0 crate=0 uimp=101000 upos=510 uneg=0 ball=113.97 vball=-0.19 aball=19.4 bref=0.00 pid=0.0 pref=0.0 ppos=101.0 apid=0.0 integ=0.0 vision=1 current=1 vframe=18257 vs=1 vage=4 vpage=4 vdt=34 vmax=6166 vacc=17384 vrej=0 seq=0 elapsed=0 oled=3C
[  10172] STATUS mode=3 fault=none enc=953 denc=0 sreq=0 sapplied=0 crate=0 uimp=101000 upos=510 uneg=0 ball=113.98 vball=-0.09 aball=15.3 bref=0.00 pid=0.0 pref=0.0 ppos=101.0 apid=0.0 integ=0.0 vision=1 current=1 vframe=18258 vs=1 vage=11 vpage=11 vdt=33 vmax=6166 vacc=17385 vrej=0 seq=0 elapsed=0 oled=3C
[  10187] STATUS mode=3 fault=none enc=953 denc=0 sreq=0 sapplied=0 crate=0 uimp=101000 upos=510 uneg=0 ball=113.98 vball=-0.09 aball=15.3 bref=0.00 pid=0.0 pref=0.0 ppos=101.0 apid=0.0 integ=0.0 vision=1 current=1 vframe=18258 vs=1 vage=31 vpage=31 vdt=33 vmax=6166 vacc=17385 vrej=0 seq=0 elapsed=0 oled=3C
[  10217] STATUS mode=3 fault=none enc=953 denc=0 sreq=0 sapplied=0 crate=0 uimp=101000 upos=510 uneg=0 ball=113.98 vball=-0.05 aball=11.8 bref=0.00 pid=0.0 pref=0.0 ppos=101.0 apid=0.0 integ=0.0 vision=1 current=1 vframe=18265 vs=1 vage=17 vpage=17 vdt=34 vmax=6166 vacc=17392 vrej=0 seq=0 elapsed=0 oled=3C
[  10250] STATUS mode=3 fault=none enc=953 denc=0 sreq=0 sapplied=0 crate=0 uimp=101000 upos=510 uneg=0 ball=113.95 vball=-0.29 aball=7.0 bref=0.00 pid=0.0 pref=0.0 ppos=101.0 apid=0.0 integ=0.0 vision=1 current=1 vframe=18266 vs=1 vage=4 vpage=4 vdt=33 vmax=6166 vacc=17393 vrej=0 seq=0 elapsed=0 oled=3C
[  10265] STATUS mode=3 fault=none enc=953 denc=0 sreq=0 sapplied=0 crate=0 uimp=101000 upos=510 uneg=0 ball=113.93 vball=-0.43 aball=4.2 bref=0.00 pid=0.0 pref=0.0 ppos=101.0 apid=0.0 integ=0.0 vision=1 current=1 vframe=18267 vs=1 vage=11 vpage=11 vdt=33 vmax=6166 vacc=17394 vrej=0 seq=0 elapsed=0 oled=3C
[  10297] STATUS mode=3 fault=none enc=953 denc=0 sreq=0 sapplied=0 crate=0 uimp=101000 upos=510 uneg=0 ball=113.93 vball=-0.43 aball=4.2 bref=0.00 pid=0.0 pref=0.0 ppos=101.0 apid=0.0 integ=0.0 vision=1 current=1 vframe=18267 vs=1 vage=31 vpage=31 vdt=33 vmax=6166 vacc=17394 vrej=0 seq=0 elapsed=0 oled=3C
[  10328] STATUS mode=3 fault=none enc=953 denc=0 sreq=0 sapplied=0 crate=0 uimp=101000 upos=510 uneg=0 ball=113.97 vball=0.03 aball=6.6 bref=0.00 pid=0.0 pref=0.0 ppos=101.0 apid=0.0 integ=0.0 vision=1 current=1 vframe=18268 vs=1 vage=18 vpage=18 vdt=33 vmax=6166 vacc=17395 vrej=0 seq=0 elapsed=0 oled=3C
[  10342] STATUS mode=3 fault=none enc=953 denc=0 sreq=0 sapplied=0 crate=0 uimp=101000 upos=510 uneg=0 ball=113.98 vball=0.14 aball=5.8 bref=0.00 pid=0.0 pref=0.0 ppos=101.0 apid=0.0 integ=0.0 vision=1 current=1 vframe=18269 vs=1 vage=25 vpage=25 vdt=33 vmax=6166 vacc=17396 vrej=0 seq=0 elapsed=0 oled=3C
[  10375] STATUS mode=3 fault=none enc=953 denc=0 sreq=0 sapplied=0 crate=0 uimp=101000 upos=510 uneg=0 ball=113.98 vball=0.13 aball=4.3 bref=0.00 pid=0.0 pref=0.0 ppos=101.0 apid=0.0 integ=0.0 vision=1 current=1 vframe=18270 vs=1 vage=12 vpage=12 vdt=33 vmax=6166 vacc=17397 vrej=0 seq=0 elapsed=0 oled=3C
[  10406] STATUS mode=3 fault=none enc=953 denc=0 sreq=0 sapplied=0 crate=0 uimp=101000 upos=510 uneg=0 ball=113.98 vball=0.13 aball=4.3 bref=0.00 pid=0.0 pref=0.0 ppos=101.0 apid=0.0 integ=0.0 vision=1 current=1 vframe=18270 vs=1 vage=32 vpage=32 vdt=33 vmax=6166 vacc=17397 vrej=0 seq=0 elapsed=0 oled=3C
[  10422] STATUS mode=3 fault=none enc=953 denc=0 sreq=0 sapplied=0 crate=0 uimp=101000 upos=510 uneg=0 ball=113.98 vball=0.07 aball=2.0 bref=0.00 pid=0.0 pref=0.0 ppos=101.0 apid=0.0 integ=0.0 vision=1 current=1 vframe=18279 vs=1 vage=4 vpage=4 vdt=35 vmax=6166 vacc=17406 vrej=0 seq=0 elapsed=0 oled=3C
[  10453] STATUS mode=3 fault=none enc=953 denc=0 sreq=0 sapplied=0 crate=0 uimp=101000 upos=510 uneg=0 ball=113.98 vball=0.07 aball=2.0 bref=0.00 pid=0.0 pref=0.0 ppos=101.0 apid=0.0 integ=0.0 vision=1 current=1 vframe=18279 vs=1 vage=24 vpage=24 vdt=35 vmax=6166 vacc=17406 vrej=0 seq=0 elapsed=0 oled=3C
[  10483] STATUS mode=3 fault=none enc=953 denc=0 sreq=0 sapplied=0 crate=0 uimp=101000 upos=510 uneg=0 ball=113.98 vball=0.04 aball=1.3 bref=0.00 pid=0.0 pref=0.0 ppos=101.0 apid=0.0 integ=0.0 vision=1 current=1 vframe=18280 vs=1 vage=13 vpage=13 vdt=31 vmax=6166 vacc=17407 vrej=0 seq=0 elapsed=0 oled=3C
[  10500] STATUS mode=3 fault=none enc=953 denc=0 sreq=0 sapplied=0 crate=0 uimp=101000 upos=510 uneg=0 ball=113.98 vball=0.04 aball=1.3 bref=0.00 pid=0.0 pref=0.0 ppos=101.0 apid=0.0 integ=0.0 vision=1 current=1 vframe=18280 vs=1 vage=33 vpage=33 vdt=31 vmax=6166 vacc=17407 vrej=0 seq=0 elapsed=0 oled=3C
[  10531] STATUS mode=3 fault=none enc=953 denc=0 sreq=0 sapplied=0 crate=0 uimp=101000 upos=510 uneg=0 ball=113.98 vball=0.02 aball=0.6 bref=0.00 pid=0.0 pref=0.0 ppos=101.0 apid=0.0 integ=0.0 vision=1 current=1 vframe=18282 vs=1 vage=6 vpage=6 vdt=33 vmax=6166 vacc=17409 vrej=0 seq=0 elapsed=0 oled=3C
[  10562] STATUS mode=3 fault=none enc=953 denc=0 sreq=0 sapplied=0 crate=0 uimp=101000 upos=510 uneg=0 ball=113.98 vball=0.02 aball=0.6 bref=0.00 pid=0.0 pref=0.0 ppos=101.0 apid=0.0 integ=0.0 vision=1 current=1 vframe=18282 vs=1 vage=26 vpage=26 vdt=33 vmax=6166 vacc=17409 vrej=0 seq=0 elapsed=0 oled=3C
[  10578] STATUS mode=3 fault=none enc=953 denc=0 sreq=0 sapplied=0 crate=0 uimp=101000 upos=510 uneg=0 ball=113.98 vball=0.01 aball=0.4 bref=0.00 pid=0.0 pref=0.0 ppos=101.0 apid=0.0 integ=0.0 vision=1 current=1 vframe=18283 vs=1 vage=13 vpage=13 vdt=33 vmax=6166 vacc=17410 vrej=0 seq=0 elapsed=0 oled=3C
[  10608] STATUS mode=3 fault=none enc=953 denc=0 sreq=0 sapplied=0 crate=0 uimp=101000 upos=510 uneg=0 ball=113.82 vball=-1.58 aball=-11.4 bref=0.00 pid=0.0 pref=0.0 ppos=101.0 apid=-0.0 integ=0.0 vision=1 current=1 vframe=18284 vs=1 vage=19 vpage=19 vdt=34 vmax=6166 vacc=17411 vrej=0 seq=0 elapsed=0 oled=3C
[  10640] STATUS mode=3 fault=none enc=953 denc=0 sreq=0 sapplied=0 crate=0 uimp=101000 upos=510 uneg=0 ball=113.68 vball=-2.34 aball=-14.0 bref=0.00 pid=0.0 pref=0.0 ppos=101.0 apid=-0.0 integ=0.0 vision=1 current=1 vframe=18285 vs=1 vage=4 vpage=4 vdt=35 vmax=6166 vacc=17412 vrej=0 seq=0 elapsed=0 oled=3C
[  10656] STATUS mode=3 fault=none enc=953 denc=0 sreq=0 sapplied=0 crate=0 uimp=101000 upos=510 uneg=0 ball=113.68 vball=-2.34 aball=-14.0 bref=0.00 pid=0.0 pref=0.0 ppos=101.0 apid=-0.0 integ=0.0 vision=1 current=1 vframe=18285 vs=1 vage=24 vpage=24 vdt=35 vmax=6166 vacc=17412 vrej=0 seq=0 elapsed=0 oled=3C
[  10687] STATUS mode=3 fault=none enc=953 denc=0 sreq=0 sapplied=0 crate=0 uimp=101000 upos=510 uneg=0 ball=113.64 vball=-1.99 aball=-7.7 bref=0.00 pid=0.0 pref=0.0 ppos=101.0 apid=-0.0 integ=0.0 vision=1 current=1 vframe=18286 vs=1 vage=33 vpage=33 vdt=31 vmax=6166 vacc=17413 vrej=0 seq=0 elapsed=0 oled=3C
[  10717] STATUS mode=3 fault=none enc=953 denc=0 sreq=0 sapplied=0 crate=0 uimp=101000 upos=510 uneg=0 ball=113.64 vball=-1.43 aball=-1.8 bref=0.00 pid=0.0 pref=0.0 ppos=101.0 apid=-0.0 integ=0.0 vision=1 current=1 vframe=18287 vs=1 vage=18 vpage=18 vdt=35 vmax=6166 vacc=17414 vrej=0 seq=0 elapsed=0 oled=3C
[  10733] STATUS mode=3 fault=none enc=953 denc=0 sreq=0 sapplied=0 crate=0 uimp=101000 upos=510 uneg=0 ball=113.87 vball=1.01 aball=17.2 bref=0.00 pid=0.0 pref=0.0 ppos=101.0 apid=0.0 integ=0.0 vision=1 current=1 vframe=18288 vs=1 vage=5 vpage=5 vdt=33 vmax=6166 vacc=17415 vrej=0 seq=0 elapsed=0 oled=3C
[  10765] STATUS mode=3 fault=none enc=953 denc=0 sreq=0 sapplied=0 crate=0 uimp=101000 upos=510 uneg=0 ball=113.87 vball=1.01 aball=17.2 bref=0.00 pid=0.0 pref=0.0 ppos=101.0 apid=0.0 integ=0.0 vision=1 current=1 vframe=18288 vs=1 vage=25 vpage=25 vdt=33 vmax=6166 vacc=17415 vrej=0 seq=0 elapsed=0 oled=3C
[  10797] STATUS mode=3 fault=none enc=953 denc=0 sreq=0 sapplied=0 crate=0 uimp=101000 upos=510 uneg=0 ball=113.95 vball=1.39 aball=15.8 bref=0.00 pid=0.0 pref=0.0 ppos=101.0 apid=0.0 integ=0.0 vision=1 current=1 vframe=18289 vs=1 vage=32 vpage=32 vdt=33 vmax=6166 vacc=17416 vrej=0 seq=0 elapsed=0 oled=3C
[  10812] STATUS mode=3 fault=none enc=953 denc=0 sreq=0 sapplied=0 crate=0 uimp=101000 upos=510 uneg=0 ball=113.97 vball=1.16 aball=10.1 bref=0.00 pid=0.0 pref=0.0 ppos=101.0 apid=0.0 integ=0.0 vision=1 current=1 vframe=18290 vs=1 vage=18 vpage=18 vdt=34 vmax=6166 vacc=17417 vrej=0 seq=0 elapsed=0 oled=3C
[  10842] STATUS mode=3 fault=none enc=953 denc=0 sreq=0 sapplied=0 crate=0 uimp=101000 upos=510 uneg=0 ball=113.97 vball=0.83 aball=5.0 bref=0.00 pid=0.0 pref=0.0 ppos=101.0 apid=0.0 integ=0.0 vision=1 current=1 vframe=18291 vs=1 vage=6 vpage=6 vdt=32 vmax=6166 vacc=17418 vrej=0 seq=0 elapsed=0 oled=3C
[  10875] STATUS mode=3 fault=none enc=953 denc=0 sreq=0 sapplied=0 crate=0 uimp=101000 upos=510 uneg=0 ball=113.97 vball=0.56 aball=1.8 bref=0.00 pid=0.0 pref=0.0 ppos=101.0 apid=0.0 integ=0.0 vision=1 current=1 vframe=18292 vs=1 vage=12 vpage=12 vdt=34 vmax=6166 vacc=17419 vrej=0 seq=0 elapsed=0 oled=3C
[  10890] STATUS mode=3 fault=none enc=953 denc=0 sreq=0 sapplied=0 crate=0 uimp=101000 upos=510 uneg=0 ball=113.97 vball=0.56 aball=1.8 bref=0.00 pid=0.0 pref=0.0 ppos=101.0 apid=0.0 integ=0.0 vision=1 current=1 vframe=18292 vs=1 vage=32 vpage=32 vdt=34 vmax=6166 vacc=17419 vrej=0 seq=0 elapsed=0 oled=3C
[  10922] STATUS mode=3 fault=none enc=953 denc=0 sreq=0 sapplied=0 crate=0 uimp=101000 upos=510 uneg=0 ball=113.74 vball=-1.62 aball=-15.2 bref=0.00 pid=0.0 pref=0.0 ppos=101.0 apid=-0.0 integ=0.0 vision=1 current=1 vframe=18293 vs=1 vage=19 vpage=19 vdt=33 vmax=6166 vacc=17420 vrej=0 seq=0 elapsed=0 oled=3C
[  10953] STATUS mode=3 fault=none enc=953 denc=0 sreq=0 sapplied=0 crate=0 uimp=101000 upos=510 uneg=0 ball=113.66 vball=-1.78 aball=-12.6 bref=0.00 pid=0.0 pref=0.0 ppos=101.0 apid=-0.0 integ=0.0 vision=1 current=1 vframe=18294 vs=1 vage=26 vpage=26 vdt=33 vmax=6166 vacc=17421 vrej=0 seq=0 elapsed=0 oled=3C
[  10967] STATUS mode=3 fault=none enc=953 denc=0 sreq=0 sapplied=0 crate=0 uimp=101000 upos=510 uneg=0 ball=113.66 vball=-1.24 aball=-6.1 bref=0.00 pid=0.0 pref=0.0 ppos=101.0 apid=-0.0 integ=0.0 vision=1 current=1 vframe=18295 vs=1 vage=6 vpage=6 vdt=40 vmax=6166 vacc=17422 vrej=0 seq=0 elapsed=0 oled=3C
[  11000] STATUS mode=3 fault=none enc=953 denc=0 sreq=0 sapplied=0 crate=0 uimp=101000 upos=510 uneg=0 ball=113.66 vball=-1.24 aball=-6.1 bref=0.00 pid=0.0 pref=0.0 ppos=101.0 apid=-0.0 integ=0.0 vision=1 current=1 vframe=18295 vs=1 vage=26 vpage=26 vdt=40 vmax=6166 vacc=17422 vrej=0 seq=0 elapsed=0 oled=3C
[  11031] STATUS mode=3 fault=none enc=953 denc=0 sreq=0 sapplied=0 crate=0 uimp=101000 upos=510 uneg=0 ball=113.71 vball=-0.41 aball=3.1 bref=0.00 pid=0.0 pref=0.0 ppos=101.0 apid=0.0 integ=0.0 vision=1 current=1 vframe=18296 vs=1 vage=19 vpage=19 vdt=27 vmax=6166 vacc=17423 vrej=0 seq=0 elapsed=0 oled=3C
[  11047] STATUS mode=3 fault=none enc=953 denc=0 sreq=0 sapplied=0 crate=0 uimp=101000 upos=510 uneg=0 ball=113.71 vball=-0.29 aball=3.2 bref=0.00 pid=0.0 pref=0.0 ppos=101.0 apid=0.0 integ=0.0 vision=1 current=1 vframe=18297 vs=1 vage=25 vpage=25 vdt=34 vmax=6166 vacc=17424 vrej=0 seq=0 elapsed=0 oled=3C
[  11078] STATUS mode=3 fault=none enc=953 denc=0 sreq=0 sapplied=0 crate=0 uimp=101000 upos=510 uneg=0 ball=113.69 vball=-0.35 aball=2.0 bref=0.00 pid=0.0 pref=0.0 ppos=101.0 apid=0.0 integ=0.0 vision=1 current=1 vframe=18298 vs=1 vage=12 vpage=12 vdt=33 vmax=6166 vacc=17425 vrej=0 seq=0 elapsed=0 oled=3C
[  11108] STATUS mode=3 fault=none enc=953 denc=0 sreq=0 sapplied=0 crate=0 uimp=101000 upos=510 uneg=0 ball=113.69 vball=-0.35 aball=2.0 bref=0.00 pid=0.0 pref=0.0 ppos=101.0 apid=0.0 integ=0.0 vision=1 current=1 vframe=18298 vs=1 vage=32 vpage=32 vdt=33 vmax=6166 vacc=17425 vrej=0 seq=0 elapsed=0 oled=3C
[  11108] >>> stop
[  11125] STATUS mode=3 fault=none enc=953 denc=0 sreq=0 sapplied=0 crate=0 uimp=101000 upos=510 uneg=0 ball=113.69 vball=-0.20 aball=2.1 bref=0.00 pid=0.0 pref=0.0 ppos=101.0 apid=0.0 integ=0.0 vision=1 current=1 vframe=18300 vs=1 vage=6 vpage=6 vdt=32 vmax=6166 vacc=17427 vrej=0 seq=0 elapsed=0 oled=3C
[  11156] STATUS mode=1 fault=none enc=946 denc=-2 sreq=0 sapplied=0 crate=0 uimp=101000 upos=510 uneg=0 ball=113.69 vball=-0.20 aball=0.0 bref=0.00 pid=0.0 pref=714.3 ppos=714.3 apid=0.0 integ=0.0 vision=1 current=1 vframe=18300 vs=1 vage=26 vpage=26 vdt=32 vmax=6166 vacc=17427 vrej=0 seq=0 elapsed=0 oled=3C
[  11187] STATUS mode=1 fault=none enc=945 denc=0 sreq=0 sapplied=0 crate=0 uimp=101000 upos=510 uneg=0 ball=113.69 vball=-0.13 aball=0.0 bref=0.00 pid=0.0 pref=714.3 ppos=714.3 apid=0.0 integ=0.0 vision=1 current=1 vframe=18301 vs=1 vage=12 vpage=12 vdt=34 vmax=6166 vacc=17428 vrej=0 seq=0 elapsed=0 oled=3C
[  11203] STATUS mode=1 fault=none enc=945 denc=0 sreq=0 sapplied=0 crate=0 uimp=101000 upos=510 uneg=0 ball=113.69 vball=-0.08 aball=0.0 bref=0.00 pid=0.0 pref=714.3 ppos=714.3 apid=0.0 integ=0.0 vision=1 current=1 vframe=18302 vs=1 vage=19 vpage=19 vdt=33 vmax=6166 vacc=17429 vrej=0 seq=0 elapsed=0 oled=3C
[  11233] STATUS mode=1 fault=none enc=945 denc=0 sreq=0 sapplied=0 crate=0 uimp=101000 upos=510 uneg=0 ball=113.69 vball=-0.05 aball=0.0 bref=0.00 pid=0.0 pref=714.3 ppos=714.3 apid=0.0 integ=0.0 vision=1 current=1 vframe=18303 vs=1 vage=6 vpage=6 vdt=33 vmax=6166 vacc=17430 vrej=0 seq=0 elapsed=0 oled=3C
[  11265] STATUS mode=1 fault=none enc=945 denc=0 sreq=0 sapplied=0 crate=0 uimp=101000 upos=510 uneg=0 ball=113.69 vball=-0.05 aball=0.0 bref=0.00 pid=0.0 pref=714.3 ppos=714.3 apid=0.0 integ=0.0 vision=1 current=1 vframe=18303 vs=1 vage=26 vpage=26 vdt=33 vmax=6166 vacc=17430 vrej=0 seq=0 elapsed=0 oled=3C
[  11281] STATUS mode=1 fault=none enc=945 denc=0 sreq=0 sapplied=0 crate=0 uimp=101000 upos=510 uneg=0 ball=113.71 vball=0.11 aball=0.0 bref=0.00 pid=0.0 pref=714.3 ppos=714.3 apid=0.0 integ=0.0 vision=1 current=1 vframe=18304 vs=1 vage=13 vpage=13 vdt=33 vmax=6166 vacc=17431 vrej=0 seq=0 elapsed=0 oled=3C
[  11312] STATUS mode=1 fault=none enc=945 denc=0 sreq=0 sapplied=0 crate=0 uimp=101000 upos=510 uneg=0 ball=113.71 vball=0.12 aball=0.0 bref=0.00 pid=0.0 pref=714.3 ppos=714.3 apid=0.0 integ=0.0 vision=1 current=1 vframe=18305 vs=1 vage=19 vpage=19 vdt=34 vmax=6166 vacc=17432 vrej=0 seq=0 elapsed=0 oled=3C
[  11342] STATUS mode=1 fault=none enc=945 denc=0 sreq=0 sapplied=0 crate=0 uimp=101000 upos=510 uneg=0 ball=113.72 vball=0.10 aball=0.0 bref=0.00 pid=0.0 pref=714.3 ppos=714.3 apid=0.0 integ=0.0 vision=1 current=1 vframe=18306 vs=1 vage=6 vpage=6 vdt=33 vmax=6166 vacc=17433 vrej=0 seq=0 elapsed=0 oled=3C
[  11358] STATUS mode=1 fault=none enc=945 denc=0 sreq=0 sapplied=0 crate=0 uimp=101000 upos=510 uneg=0 ball=113.72 vball=0.10 aball=0.0 bref=0.00 pid=0.0 pref=714.3 ppos=714.3 apid=0.0 integ=0.0 vision=1 current=1 vframe=18306 vs=1 vage=26 vpage=26 vdt=33 vmax=6166 vacc=17433 vrej=0 seq=0 elapsed=0 oled=3C
[  11390] STATUS mode=1 fault=none enc=945 denc=0 sreq=0 sapplied=0 crate=0 uimp=101000 upos=510 uneg=0 ball=113.72 vball=0.07 aball=0.0 bref=0.00 pid=0.0 pref=714.3 ppos=714.3 apid=0.0 integ=0.0 vision=1 current=1 vframe=18307 vs=1 vage=32 vpage=32 vdt=34 vmax=6166 vacc=17434 vrej=0 seq=0 elapsed=0 oled=3C
[  11422] STATUS mode=1 fault=none enc=945 denc=0 sreq=0 sapplied=0 crate=0 uimp=101000 upos=510 uneg=0 ball=113.72 vball=0.05 aball=0.0 bref=0.00 pid=0.0 pref=714.3 ppos=714.3 apid=0.0 integ=0.0 vision=1 current=1 vframe=18308 vs=1 vage=19 vpage=19 vdt=33 vmax=6166 vacc=17435 vrej=0 seq=0 elapsed=0 oled=3C
[  11422] >>> stream off
[  11437] STATUS mode=1 fault=none enc=945 denc=0 sreq=0 sapplied=0 crate=0 uimp=101000 upos=510 uneg=0 ball=113.72 vball=0.03 aball=0.0 bref=0.00 pid=0.0 pref=714.3 ppos=714.3 apid=0.0 integ=0.0 vision=1 current=1 vframe=18309 vs=1 vage=4 vpage=4 vdt=35 vmax=6166 vacc=17436 vrej=0 seq=0 elapsed=0 oled=3C
[  11437] OK stream off
[  11592] STOP_REASON time_limit
