[      0] >>> bench on
[      0] OK stepper visual-only bench active; use zero before tests
[    186] >>> clear
[    186] OK fault cleared
[    375] >>> diag reset
[    375] OK actuator diagnostics reset
[    561] >>> gain ball 3.0 1.0 2.0 -1
[    577] OK ball gains kp=3.000 ki=1.000 kd=2.000 sign=-1
[    750] >>> gain accel 0.0
[    766] OK ball acceleration gain ka=0.000
[    936] >>> limit rate 2000
[    952] OK ball rate limit=2000 steps/s
[   1125] >>> stream on 20
[   1141] OK stream on 20 ms
[   1172] STATUS mode=1 fault=none enc=-163 denc=0 sreq=0 sapplied=0 crate=0 uimp=0 upos=0 uneg=0 ball=-125.00 vball=0.00 aball=0.0 bref=0.00 pid=0.0 pref=0.0 ppos=0.0 apid=0.0 integ=0.0 vision=1 current=1 vframe=344 vs=1 vage=20 vpage=20 vdt=33 vmax=174 vacc=344 vrej=0 seq=0 elapsed=0 oled=3C
[   1202] STATUS mode=1 fault=none enc=-163 denc=0 sreq=0 sapplied=0 crate=0 uimp=0 upos=0 uneg=0 ball=-125.00 vball=0.00 aball=0.0 bref=0.00 pid=0.0 pref=0.0 ppos=0.0 apid=0.0 integ=0.0 vision=1 current=1 vframe=345 vs=1 vage=7 vpage=7 vdt=33 vmax=174 vacc=345 vrej=0 seq=0 elapsed=0 oled=3C
[   1218] STATUS mode=1 fault=none enc=-163 denc=0 sreq=0 sapplied=0 crate=0 uimp=0 upos=0 uneg=0 ball=-125.00 vball=0.00 aball=0.0 bref=0.00 pid=0.0 pref=0.0 ppos=0.0 apid=0.0 integ=0.0 vision=1 current=1 vframe=345 vs=1 vage=27 vpage=27 vdt=33 vmax=174 vacc=345 vrej=0 seq=0 elapsed=0 oled=3C
[   1250] STATUS mode=1 fault=none enc=-163 denc=0 sreq=0 sapplied=0 crate=0 uimp=0 upos=0 uneg=0 ball=-125.00 vball=0.00 aball=0.0 bref=0.00 pid=0.0 pref=0.0 ppos=0.0 apid=0.0 integ=0.0 vision=1 current=1 vframe=345 vs=1 vage=47 vpage=47 vdt=33 vmax=174 vacc=345 vrej=0 seq=0 elapsed=0 oled=3C
[   1281] STATUS mode=1 fault=none enc=-163 denc=0 sreq=0 sapplied=0 crate=0 uimp=0 upos=0 uneg=0 ball=-125.00 vball=0.00 aball=0.0 bref=0.00 pid=0.0 pref=0.0 ppos=0.0 apid=0.0 integ=0.0 vision=1 current=1 vframe=345 vs=1 vage=67 vpage=67 vdt=33 vmax=174 vacc=345 vrej=0 seq=0 elapsed=0 oled=3C
[   1297] STATUS mode=1 fault=none enc=-163 denc=0 sreq=0 sapplied=0 crate=0 uimp=0 upos=0 uneg=0 ball=-125.00 vball=0.00 aball=0.0 bref=0.00 pid=0.0 pref=0.0 ppos=0.0 apid=0.0 integ=0.0 vision=1 current=1 vframe=346 vs=1 vage=10 vpage=10 vdt=97 vmax=174 vacc=346 vrej=0 seq=0 elapsed=0 oled=3C
[   1297] >>> ball 0.0
[   1327] STATUS mode=1 fault=none enc=-163 denc=0 sreq=0 sapplied=0 crate=0 uimp=0 upos=0 uneg=0 ball=-125.00 vball=0.00 aball=0.0 bref=0.00 pid=0.0 pref=0.0 ppos=0.0 apid=0.0 integ=0.0 vision=1 current=1 vframe=346 vs=1 vage=30 vpage=30 vdt=97 vmax=174 vacc=346 vrej=0 seq=0 elapsed=0 oled=3C
[   1358] STATUS mode=3 fault=none enc=-163 denc=0 sreq=-200 sapplied=-200 crate=-200 uimp=0 upos=0 uneg=0 ball=-125.00 vball=0.00 aball=0.0 bref=0.00 pid=-400.0 pref=-1200.0 ppos=0.0 apid=0.0 integ=0.0 vision=1 current=1 vframe=347 vs=1 vage=14 vpage=14 vdt=36 vmax=174 vacc=347 vrej=0 seq=0 elapsed=0 oled=3C
[   1375] STATUS mode=3 fault=none enc=-181 denc=-3 sreq=-400 sapplied=-400 crate=-400 uimp=-14500 upos=0 uneg=40 ball=-125.00 vball=0.00 aball=0.0 bref=0.00 pid=-400.0 pref=1200.0 ppos=-6.5 apid=0.0 integ=0.0 vision=1 current=1 vframe=347 vs=1 vage=34 vpage=34 vdt=36 vmax=174 vacc=347 vrej=0 seq=0 elapsed=0 oled=3C
[   1406] STATUS mode=3 fault=none enc=-191 denc=-2 sreq=-400 sapplied=-400 crate=-400 uimp=-22500 upos=0 uneg=60 ball=-125.00 vball=0.00 aball=0.0 bref=0.00 pid=-400.0 pref=-1200.0 ppos=-22.5 apid=0.0 integ=0.0 vision=1 current=1 vframe=347 vs=1 vage=74 vpage=74 vdt=36 vmax=174 vacc=347 vrej=0 seq=0 elapsed=0 oled=3C
[   1436] STATUS mode=3 fault=none enc=-201 denc=-2 sreq=-400 sapplied=-400 crate=-400 uimp=-30500 upos=0 uneg=80 ball=-125.00 vball=0.00 aball=0.0 bref=0.00 pid=-400.0 pref=-1200.0 ppos=-30.5 apid=0.0 integ=0.0 vision=1 current=1 vframe=347 vs=1 vage=94 vpage=94 vdt=36 vmax=174 vacc=347 vrej=0 seq=0 elapsed=0 oled=3C
[   1452] STATUS mode=3 fault=none enc=-222 denc=-2 sreq=-400 sapplied=-400 crate=-400 uimp=-46500 upos=0 uneg=120 ball=-125.00 vball=0.00 aball=0.0 bref=0.00 pid=-400.0 pref=-1200.0 ppos=-46.5 apid=0.0 integ=0.0 vision=1 current=1 vframe=349 vs=1 vage=15 vpage=15 vdt=8 vmax=174 vacc=349 vrej=0 seq=0 elapsed=0 oled=3C
[   1483] STATUS mode=3 fault=none enc=-232 denc=-2 sreq=-400 sapplied=-400 crate=-400 uimp=-54500 upos=0 uneg=140 ball=-125.00 vball=0.00 aball=0.0 bref=0.00 pid=-400.0 pref=-1200.0 ppos=-54.5 apid=0.0 integ=0.0 vision=1 current=1 vframe=350 vs=1 vage=4 vpage=4 vdt=31 vmax=174 vacc=350 vrej=0 seq=0 elapsed=0 oled=3C
[   1516] STATUS mode=3 fault=none enc=-243 denc=-3 sreq=-400 sapplied=-400 crate=-400 uimp=-62500 upos=0 uneg=160 ball=-125.00 vball=0.00 aball=0.0 bref=0.00 pid=-400.0 pref=-1200.0 ppos=-62.5 apid=0.0 integ=0.0 vision=1 current=1 vframe=350 vs=1 vage=24 vpage=24 vdt=31 vmax=174 vacc=350 vrej=0 seq=0 elapsed=0 oled=3C
[   1547] STATUS mode=3 fault=none enc=-264 denc=-3 sreq=-400 sapplied=-400 crate=-400 uimp=-78500 upos=0 uneg=200 ball=-125.00 vball=0.00 aball=0.0 bref=0.00 pid=-400.0 pref=-1200.0 ppos=-78.5 apid=0.0 integ=0.0 vision=1 current=1 vframe=351 vs=1 vage=31 vpage=31 vdt=33 vmax=174 vacc=351 vrej=0 seq=0 elapsed=0 oled=3C
[   1561] STATUS mode=3 fault=none enc=-274 denc=-3 sreq=-400 sapplied=-400 crate=-400 uimp=-86500 upos=0 uneg=220 ball=-125.00 vball=0.00 aball=0.0 bref=0.00 pid=-400.0 pref=-1200.0 ppos=-86.5 apid=0.0 integ=0.0 vision=1 current=1 vframe=351 vs=1 vage=51 vpage=51 vdt=33 vmax=174 vacc=351 vrej=0 seq=0 elapsed=0 oled=3C
[   1593] STATUS mode=3 fault=none enc=-285 denc=-3 sreq=-400 sapplied=-400 crate=-400 uimp=-94500 upos=0 uneg=240 ball=-125.00 vball=0.00 aball=0.0 bref=0.00 pid=-400.0 pref=-1200.0 ppos=-94.5 apid=0.0 integ=0.0 vision=1 current=1 vframe=351 vs=1 vage=71 vpage=71 vdt=33 vmax=174 vacc=351 vrej=0 seq=0 elapsed=0 oled=3C
[   1625] STATUS mode=3 fault=none enc=-305 denc=-3 sreq=-400 sapplied=-400 crate=-400 uimp=-110500 upos=0 uneg=280 ball=-125.00 vball=0.00 aball=0.0 bref=0.00 pid=-400.0 pref=-1200.0 ppos=-110.5 apid=0.0 integ=0.0 vision=1 current=1 vframe=352 vs=1 vage=7 vpage=7 vdt=104 vmax=174 vacc=352 vrej=0 seq=0 elapsed=0 oled=3C
[   1656] STATUS mode=3 fault=none enc=-315 denc=-2 sreq=-400 sapplied=-400 crate=-400 uimp=-118500 upos=0 uneg=300 ball=-125.00 vball=0.00 aball=0.0 bref=0.00 pid=-400.0 pref=-1200.0 ppos=-118.5 apid=0.0 integ=0.0 vision=1 current=1 vframe=352 vs=1 vage=27 vpage=27 vdt=104 vmax=174 vacc=352 vrej=0 seq=0 elapsed=0 oled=3C
[   1672] STATUS mode=3 fault=none enc=-325 denc=-2 sreq=-400 sapplied=-400 crate=-400 uimp=-126500 upos=0 uneg=320 ball=-125.00 vball=0.00 aball=0.0 bref=0.00 pid=-400.0 pref=-1200.0 ppos=-126.5 apid=0.0 integ=0.0 vision=1 current=1 vframe=353 vs=1 vage=18 vpage=18 vdt=29 vmax=174 vacc=353 vrej=0 seq=0 elapsed=0 oled=3C
[   1702] STATUS mode=3 fault=none enc=-346 denc=-2 sreq=-400 sapplied=-400 crate=-400 uimp=-142500 upos=0 uneg=360 ball=-125.00 vball=0.00 aball=0.0 bref=0.00 pid=-400.0 pref=-1200.0 ppos=-142.5 apid=0.0 integ=0.0 vision=1 current=1 vframe=354 vs=1 vage=24 vpage=24 vdt=34 vmax=174 vacc=354 vrej=0 seq=0 elapsed=0 oled=3C
[   1733] STATUS mode=3 fault=none enc=-356 denc=-2 sreq=-400 sapplied=-400 crate=-400 uimp=-150500 upos=0 uneg=380 ball=-125.00 vball=0.00 aball=0.0 bref=0.00 pid=-400.0 pref=-1200.0 ppos=-150.5 apid=0.0 integ=0.0 vision=1 current=1 vframe=354 vs=1 vage=44 vpage=44 vdt=34 vmax=174 vacc=354 vrej=0 seq=0 elapsed=0 oled=3C
[   1766] STATUS mode=3 fault=none enc=-367 denc=-3 sreq=-400 sapplied=-400 crate=-400 uimp=-158500 upos=0 uneg=400 ball=-125.00 vball=0.00 aball=0.0 bref=0.00 pid=-400.0 pref=-1200.0 ppos=-158.5 apid=0.0 integ=0.0 vision=1 current=1 vframe=354 vs=1 vage=64 vpage=64 vdt=34 vmax=174 vacc=354 vrej=0 seq=0 elapsed=0 oled=3C
[   1781] STATUS mode=3 fault=none enc=-387 denc=-3 sreq=-400 sapplied=-400 crate=-400 uimp=-174500 upos=0 uneg=440 ball=-125.00 vball=0.00 aball=0.0 bref=0.00 pid=-400.0 pref=-1200.0 ppos=-174.5 apid=0.0 integ=0.0 vision=1 current=1 vframe=355 vs=1 vage=3 vpage=3 vdt=101 vmax=174 vacc=355 vrej=0 seq=0 elapsed=0 oled=3C
[   1811] STATUS mode=3 fault=none enc=-397 denc=-3 sreq=-400 sapplied=-400 crate=-400 uimp=-182500 upos=0 uneg=460 ball=-125.00 vball=0.00 aball=0.0 bref=0.00 pid=-400.0 pref=-1200.0 ppos=-182.5 apid=0.0 integ=0.0 vision=1 current=1 vframe=355 vs=1 vage=23 vpage=23 vdt=101 vmax=174 vacc=355 vrej=0 seq=0 elapsed=0 oled=3C
[   1843] STATUS mode=3 fault=none enc=-418 denc=-2 sreq=-400 sapplied=-400 crate=-400 uimp=-198500 upos=0 uneg=500 ball=-125.00 vball=0.00 aball=0.0 bref=0.00 pid=-400.0 pref=-1200.0 ppos=-198.5 apid=0.0 integ=0.0 vision=1 current=1 vframe=356 vs=1 vage=31 vpage=31 vdt=32 vmax=174 vacc=356 vrej=0 seq=0 elapsed=0 oled=3C
[   1875] STATUS mode=3 fault=none enc=-428 denc=-3 sreq=-400 sapplied=-400 crate=-400 uimp=-206500 upos=0 uneg=520 ball=-125.00 vball=0.00 aball=0.0 bref=0.00 pid=-400.0 pref=-1200.0 ppos=-206.5 apid=0.0 integ=0.0 vision=1 current=1 vframe=357 vs=1 vage=18 vpage=18 vdt=33 vmax=174 vacc=357 vrej=0 seq=0 elapsed=0 oled=3C
[   1891] STATUS mode=3 fault=none enc=-437 denc=-2 sreq=-400 sapplied=-400 crate=-400 uimp=-214500 upos=0 uneg=540 ball=-125.00 vball=0.00 aball=0.0 bref=0.00 pid=-400.0 pref=-1200.0 ppos=-214.5 apid=0.0 integ=0.0 vision=1 current=1 vframe=357 vs=1 vage=38 vpage=38 vdt=33 vmax=174 vacc=357 vrej=0 seq=0 elapsed=0 oled=3C
[   1922] STATUS mode=3 fault=none enc=-458 denc=-2 sreq=-400 sapplied=-400 crate=-400 uimp=-230500 upos=0 uneg=580 ball=-125.00 vball=0.00 aball=0.0 bref=0.00 pid=-400.0 pref=-1200.0 ppos=-230.5 apid=0.0 integ=0.0 vision=1 current=1 vframe=357 vs=1 vage=78 vpage=78 vdt=33 vmax=174 vacc=357 vrej=0 seq=0 elapsed=0 oled=3C
[   1952] STATUS mode=3 fault=none enc=-468 denc=-3 sreq=-400 sapplied=-400 crate=-400 uimp=-238500 upos=0 uneg=600 ball=-125.00 vball=0.00 aball=0.0 bref=0.00 pid=-400.0 pref=-1200.0 ppos=-238.5 apid=0.0 integ=0.0 vision=1 current=1 vframe=357 vs=1 vage=98 vpage=98 vdt=33 vmax=174 vacc=357 vrej=0 seq=0 elapsed=0 oled=3C
[   1983] STATUS mode=3 fault=none enc=-478 denc=-3 sreq=-400 sapplied=-400 crate=-400 uimp=-246500 upos=0 uneg=620 ball=-125.00 vball=0.00 aball=0.0 bref=0.00 pid=-400.0 pref=-1200.0 ppos=-246.5 apid=0.0 integ=0.0 vision=1 current=1 vframe=358 vs=1 vage=16 vpage=16 vdt=102 vmax=174 vacc=358 vrej=0 seq=0 elapsed=0 oled=3C
[   2000] STATUS mode=3 fault=none enc=-498 denc=-2 sreq=-400 sapplied=-400 crate=-400 uimp=-262500 upos=0 uneg=660 ball=-125.00 vball=0.00 aball=0.0 bref=0.00 pid=-400.0 pref=-1200.0 ppos=-262.5 apid=0.0 integ=0.0 vision=1 current=1 vframe=359 vs=1 vage=25 vpage=25 vdt=31 vmax=174 vacc=359 vrej=0 seq=0 elapsed=0 oled=3C
[   2031] STATUS mode=3 fault=none enc=-508 denc=-3 sreq=-400 sapplied=-400 crate=-400 uimp=-270500 upos=0 uneg=680 ball=-125.00 vball=0.00 aball=0.0 bref=0.00 pid=-400.0 pref=-1200.0 ppos=-270.5 apid=0.0 integ=0.0 vision=1 current=1 vframe=360 vs=1 vage=11 vpage=11 vdt=34 vmax=174 vacc=360 vrej=0 seq=0 elapsed=0 oled=3C
[   2061] STATUS mode=3 fault=none enc=-518 denc=-2 sreq=-400 sapplied=-400 crate=-400 uimp=-278500 upos=0 uneg=700 ball=-125.00 vball=0.00 aball=0.0 bref=0.00 pid=-400.0 pref=-1200.0 ppos=-278.5 apid=0.0 integ=0.0 vision=1 current=1 vframe=360 vs=1 vage=31 vpage=31 vdt=34 vmax=174 vacc=360 vrej=0 seq=0 elapsed=0 oled=3C
[   2093] STATUS mode=3 fault=none enc=-538 denc=-3 sreq=-400 sapplied=-400 crate=-400 uimp=-294500 upos=0 uneg=740 ball=-125.00 vball=0.00 aball=0.0 bref=0.00 pid=-400.0 pref=-1200.0 ppos=-294.5 apid=0.0 integ=0.0 vision=1 current=1 vframe=360 vs=1 vage=71 vpage=71 vdt=34 vmax=174 vacc=360 vrej=0 seq=0 elapsed=0 oled=3C
[   2108] STATUS mode=3 fault=none enc=-547 denc=-2 sreq=-400 sapplied=-400 crate=-400 uimp=-302500 upos=0 uneg=760 ball=-125.00 vball=0.00 aball=0.0 bref=0.00 pid=-400.0 pref=-1200.0 ppos=-302.5 apid=0.0 integ=0.0 vision=1 current=1 vframe=360 vs=1 vage=91 vpage=91 vdt=34 vmax=174 vacc=360 vrej=0 seq=0 elapsed=0 oled=3C
[   2141] STATUS mode=3 fault=none enc=-568 denc=-3 sreq=-400 sapplied=-400 crate=-400 uimp=-318500 upos=0 uneg=800 ball=-125.00 vball=0.00 aball=0.0 bref=0.00 pid=-400.0 pref=-1200.0 ppos=-318.5 apid=0.0 integ=0.0 vision=1 current=1 vframe=362 vs=1 vage=15 vpage=15 vdt=21 vmax=174 vacc=362 vrej=0 seq=0 elapsed=0 oled=3C
[   2172] STATUS mode=3 fault=none enc=-578 denc=-3 sreq=-400 sapplied=-400 crate=-400 uimp=-326500 upos=0 uneg=820 ball=-125.00 vball=0.00 aball=0.0 bref=0.00 pid=-400.0 pref=-1200.0 ppos=-326.5 apid=0.0 integ=0.0 vision=1 current=1 vframe=363 vs=1 vage=2 vpage=2 vdt=33 vmax=174 vacc=363 vrej=0 seq=0 elapsed=0 oled=3C
[   2186] STATUS mode=3 fault=none enc=-587 denc=-3 sreq=-400 sapplied=-400 crate=-400 uimp=-334500 upos=0 uneg=840 ball=-125.00 vball=0.00 aball=0.0 bref=0.00 pid=-400.0 pref=-1200.0 ppos=-334.5 apid=0.0 integ=0.0 vision=1 current=1 vframe=363 vs=1 vage=22 vpage=22 vdt=33 vmax=174 vacc=363 vrej=0 seq=0 elapsed=0 oled=3C
[   2218] STATUS mode=3 fault=none enc=-607 denc=-2 sreq=-400 sapplied=-400 crate=-400 uimp=-350500 upos=0 uneg=880 ball=-125.00 vball=0.00 aball=0.0 bref=0.00 pid=-400.0 pref=-1200.0 ppos=-350.5 apid=0.0 integ=0.0 vision=1 current=1 vframe=363 vs=1 vage=62 vpage=62 vdt=33 vmax=174 vacc=363 vrej=0 seq=0 elapsed=0 oled=3C
[   2250] STATUS mode=3 fault=none enc=-617 denc=-2 sreq=-400 sapplied=-400 crate=-400 uimp=-358500 upos=0 uneg=900 ball=-125.00 vball=0.00 aball=0.0 bref=0.00 pid=-400.0 pref=-1200.0 ppos=-358.5 apid=0.0 integ=0.0 vision=1 current=1 vframe=363 vs=1 vage=82 vpage=82 vdt=33 vmax=174 vacc=363 vrej=0 seq=0 elapsed=0 oled=3C
[   2281] STATUS mode=3 fault=none enc=-627 denc=-3 sreq=-400 sapplied=-400 crate=-400 uimp=-366500 upos=0 uneg=920 ball=-125.00 vball=0.00 aball=0.0 bref=0.00 pid=-400.0 pref=-1200.0 ppos=-366.5 apid=0.0 integ=0.0 vision=1 current=1 vframe=363 vs=1 vage=102 vpage=102 vdt=33 vmax=174 vacc=363 vrej=0 seq=0 elapsed=0 oled=3C
[   2297] STATUS mode=3 fault=none enc=-647 denc=-2 sreq=-400 sapplied=-400 crate=-400 uimp=-382500 upos=0 uneg=960 ball=-125.00 vball=0.00 aball=0.0 bref=0.00 pid=-400.0 pref=-1200.0 ppos=-382.5 apid=0.0 integ=0.0 vision=1 current=1 vframe=365 vs=1 vage=7 vpage=7 vdt=33 vmax=174 vacc=365 vrej=0 seq=0 elapsed=0 oled=3C
[   2327] STATUS mode=3 fault=none enc=-658 denc=-2 sreq=-400 sapplied=-400 crate=-400 uimp=-390500 upos=0 uneg=980 ball=-125.00 vball=0.00 aball=0.0 bref=0.00 pid=-400.0 pref=-1200.0 ppos=-390.5 apid=0.0 integ=0.0 vision=1 current=1 vframe=365 vs=1 vage=27 vpage=27 vdt=33 vmax=174 vacc=365 vrej=0 seq=0 elapsed=0 oled=3C
[   2358] STATUS mode=3 fault=none enc=-668 denc=-3 sreq=-400 sapplied=-400 crate=-400 uimp=-398500 upos=0 uneg=1000 ball=-125.00 vball=0.00 aball=0.0 bref=0.00 pid=-400.0 pref=-1200.0 ppos=-398.5 apid=0.0 integ=0.0 vision=1 current=1 vframe=366 vs=1 vage=14 vpage=14 vdt=33 vmax=174 vacc=366 vrej=0 seq=0 elapsed=0 oled=3C
[   2391] STATUS mode=3 fault=none enc=-688 denc=-3 sreq=-400 sapplied=-400 crate=-400 uimp=-414500 upos=0 uneg=1040 ball=-125.00 vball=0.00 aball=0.0 bref=0.00 pid=-400.0 pref=-1200.0 ppos=-414.5 apid=0.0 integ=0.0 vision=1 current=1 vframe=366 vs=1 vage=54 vpage=54 vdt=33 vmax=174 vacc=366 vrej=0 seq=0 elapsed=0 oled=3C
[   2422] STATUS mode=3 fault=none enc=-699 denc=-3 sreq=-400 sapplied=-400 crate=-400 uimp=-422500 upos=0 uneg=1060 ball=-125.00 vball=0.00 aball=0.0 bref=0.00 pid=-400.0 pref=-1200.0 ppos=-422.5 apid=0.0 integ=0.0 vision=1 current=1 vframe=366 vs=1 vage=74 vpage=74 vdt=33 vmax=174 vacc=366 vrej=0 seq=0 elapsed=0 oled=3C
[   2436] STATUS mode=3 fault=none enc=-718 denc=-2 sreq=-400 sapplied=-400 crate=-400 uimp=-438500 upos=0 uneg=1100 ball=-125.00 vball=0.00 aball=0.0 bref=0.00 pid=-400.0 pref=-1200.0 ppos=-438.5 apid=0.0 integ=0.0 vision=1 current=1 vframe=367 vs=1 vage=12 vpage=12 vdt=102 vmax=174 vacc=367 vrej=0 seq=0 elapsed=0 oled=3C
[   2468] STATUS mode=3 fault=none enc=-729 denc=-3 sreq=-400 sapplied=-400 crate=-400 uimp=-446500 upos=0 uneg=1120 ball=-125.00 vball=0.00 aball=0.0 bref=0.00 pid=-400.0 pref=-1200.0 ppos=-446.5 apid=0.0 integ=0.0 vision=1 current=1 vframe=368 vs=1 vage=1 vpage=1 vdt=31 vmax=174 vacc=368 vrej=0 seq=0 elapsed=0 oled=3C
[   2500] STATUS mode=3 fault=none enc=-740 denc=-3 sreq=-400 sapplied=-400 crate=-400 uimp=-454500 upos=0 uneg=1140 ball=-125.00 vball=0.00 aball=0.0 bref=0.00 pid=-400.0 pref=-1200.0 ppos=-454.5 apid=0.0 integ=0.0 vision=1 current=1 vframe=368 vs=1 vage=21 vpage=21 vdt=31 vmax=174 vacc=368 vrej=0 seq=0 elapsed=0 oled=3C
[   2516] STATUS mode=3 fault=none enc=-760 denc=-3 sreq=-400 sapplied=-400 crate=-400 uimp=-470500 upos=0 uneg=1180 ball=-125.00 vball=0.00 aball=0.0 bref=0.00 pid=-400.0 pref=-1200.0 ppos=-470.5 apid=0.0 integ=0.0 vision=1 current=1 vframe=369 vs=1 vage=28 vpage=28 vdt=33 vmax=174 vacc=369 vrej=0 seq=0 elapsed=0 oled=3C
[   2547] STATUS mode=3 fault=none enc=-770 denc=-3 sreq=-400 sapplied=-400 crate=-400 uimp=-478500 upos=0 uneg=1200 ball=-125.00 vball=0.00 aball=0.0 bref=0.00 pid=-400.0 pref=-1200.0 ppos=-478.5 apid=0.0 integ=0.0 vision=1 current=1 vframe=369 vs=1 vage=48 vpage=48 vdt=33 vmax=174 vacc=369 vrej=0 seq=0 elapsed=0 oled=3C
[   2577] STATUS mode=3 fault=none enc=-781 denc=-3 sreq=-400 sapplied=-400 crate=-400 uimp=-486500 upos=0 uneg=1220 ball=-125.00 vball=0.00 aball=0.0 bref=0.00 pid=-400.0 pref=-1200.0 ppos=-486.5 apid=0.0 integ=0.0 vision=1 current=1 vframe=369 vs=1 vage=68 vpage=68 vdt=33 vmax=174 vacc=369 vrej=0 seq=0 elapsed=0 oled=3C
[   2608] STATUS mode=3 fault=none enc=-800 denc=-2 sreq=-400 sapplied=-400 crate=-400 uimp=-502500 upos=0 uneg=1260 ball=-125.00 vball=0.00 aball=0.0 bref=0.00 pid=-400.0 pref=-1200.0 ppos=-502.5 apid=0.0 integ=0.0 vision=1 current=1 vframe=370 vs=1 vage=7 vpage=7 vdt=101 vmax=174 vacc=370 vrej=0 seq=0 elapsed=0 oled=3C
[   2641] STATUS mode=3 fault=none enc=-811 denc=-3 sreq=-400 sapplied=-400 crate=-400 uimp=-510500 upos=0 uneg=1280 ball=-125.00 vball=0.00 aball=0.0 bref=0.00 pid=-400.0 pref=-1200.0 ppos=-510.5 apid=0.0 integ=0.0 vision=1 current=1 vframe=370 vs=1 vage=27 vpage=27 vdt=101 vmax=174 vacc=370 vrej=0 seq=0 elapsed=0 oled=3C
[   2656] STATUS mode=3 fault=none enc=-831 denc=-2 sreq=-400 sapplied=-400 crate=-400 uimp=-526500 upos=0 uneg=1320 ball=-125.00 vball=0.00 aball=0.0 bref=0.00 pid=-400.0 pref=-1200.0 ppos=-526.5 apid=0.0 integ=0.0 vision=1 current=1 vframe=372 vs=1 vage=1 vpage=1 vdt=33 vmax=174 vacc=372 vrej=0 seq=0 elapsed=0 oled=3C
[   2686] STATUS mode=3 fault=none enc=-841 denc=-2 sreq=-400 sapplied=-400 crate=-400 uimp=-534500 upos=0 uneg=1340 ball=-125.00 vball=0.00 aball=0.0 bref=0.00 pid=-400.0 pref=-1200.0 ppos=-534.5 apid=0.0 integ=0.0 vision=1 current=1 vframe=372 vs=1 vage=21 vpage=21 vdt=33 vmax=174 vacc=372 vrej=0 seq=0 elapsed=0 oled=3C
[   2718] STATUS mode=3 fault=none enc=-852 denc=-3 sreq=-400 sapplied=-400 crate=-400 uimp=-542500 upos=0 uneg=1360 ball=-125.00 vball=0.00 aball=0.0 bref=0.00 pid=-400.0 pref=-1200.0 ppos=-542.5 apid=0.0 integ=0.0 vision=1 current=1 vframe=372 vs=1 vage=41 vpage=41 vdt=33 vmax=174 vacc=372 vrej=0 seq=0 elapsed=0 oled=3C
[   2733] STATUS mode=3 fault=none enc=-872 denc=-2 sreq=-400 sapplied=-400 crate=-400 uimp=-558500 upos=0 uneg=1400 ball=-125.00 vball=0.00 aball=0.0 bref=0.00 pid=-400.0 pref=-1200.0 ppos=-558.5 apid=0.0 integ=0.0 vision=1 current=1 vframe=372 vs=1 vage=81 vpage=81 vdt=33 vmax=174 vacc=372 vrej=0 seq=0 elapsed=0 oled=3C
[   2766] STATUS mode=3 fault=none enc=-882 denc=-3 sreq=-400 sapplied=-400 crate=-400 uimp=-566500 upos=0 uneg=1420 ball=-125.00 vball=0.00 aball=0.0 bref=0.00 pid=-400.0 pref=-1200.0 ppos=-566.5 apid=0.0 integ=0.0 vision=1 current=1 vframe=372 vs=1 vage=101 vpage=101 vdt=33 vmax=174 vacc=372 vrej=0 seq=0 elapsed=0 oled=3C
[   2797] STATUS mode=3 fault=none enc=-892 denc=-2 sreq=-400 sapplied=-400 crate=-400 uimp=-574500 upos=0 uneg=1440 ball=-125.00 vball=0.00 aball=0.0 bref=0.00 pid=-400.0 pref=-1200.0 ppos=-574.5 apid=0.0 integ=0.0 vision=1 current=1 vframe=373 vs=1 vage=17 vpage=17 vdt=104 vmax=174 vacc=373 vrej=0 seq=0 elapsed=0 oled=3C
[   2827] STATUS mode=3 fault=none enc=-913 denc=-3 sreq=-400 sapplied=-400 crate=-400 uimp=-590500 upos=0 uneg=1480 ball=-125.00 vball=0.00 aball=0.0 bref=0.00 pid=-400.0 pref=-1200.0 ppos=-590.5 apid=0.0 integ=0.0 vision=1 current=1 vframe=374 vs=1 vage=28 vpage=28 vdt=29 vmax=174 vacc=374 vrej=0 seq=0 elapsed=0 oled=3C
[   2843] STATUS mode=3 fault=none enc=-923 denc=-2 sreq=-400 sapplied=-400 crate=-400 uimp=-598500 upos=0 uneg=1500 ball=-125.00 vball=0.00 aball=0.0 bref=0.00 pid=-400.0 pref=-1200.0 ppos=-598.5 apid=0.0 integ=0.0 vision=1 current=1 vframe=375 vs=1 vage=15 vpage=15 vdt=33 vmax=174 vacc=375 vrej=0 seq=0 elapsed=0 oled=3C
[   2875] STATUS mode=3 fault=none enc=-933 denc=-2 sreq=-400 sapplied=-400 crate=-400 uimp=-606500 upos=0 uneg=1520 ball=-125.00 vball=0.00 aball=0.0 bref=0.00 pid=-400.0 pref=-1200.0 ppos=-606.5 apid=0.0 integ=0.0 vision=1 current=1 vframe=375 vs=1 vage=35 vpage=35 vdt=33 vmax=174 vacc=375 vrej=0 seq=0 elapsed=0 oled=3C
[   2906] STATUS mode=3 fault=none enc=-953 denc=-3 sreq=-400 sapplied=-400 crate=-400 uimp=-622500 upos=0 uneg=1560 ball=-125.00 vball=0.00 aball=0.0 bref=0.00 pid=-400.0 pref=-1200.0 ppos=-622.5 apid=0.0 integ=0.0 vision=1 current=1 vframe=375 vs=1 vage=75 vpage=75 vdt=33 vmax=174 vacc=375 vrej=0 seq=0 elapsed=0 oled=3C
[   2936] STATUS mode=3 fault=none enc=-963 denc=-3 sreq=-400 sapplied=-400 crate=-400 uimp=-630500 upos=0 uneg=1580 ball=-125.00 vball=0.00 aball=0.0 bref=0.00 pid=-400.0 pref=-1200.0 ppos=-630.5 apid=0.0 integ=0.0 vision=1 current=1 vframe=375 vs=1 vage=95 vpage=95 vdt=33 vmax=174 vacc=375 vrej=0 seq=0 elapsed=0 oled=3C
[   2968] STATUS mode=3 fault=none enc=-984 denc=-3 sreq=-400 sapplied=-400 crate=-400 uimp=-646500 upos=0 uneg=1620 ball=-125.00 vball=0.00 aball=0.0 bref=0.00 pid=-400.0 pref=-1200.0 ppos=-646.5 apid=0.0 integ=0.0 vision=1 current=1 vframe=377 vs=1 vage=2 vpage=2 vdt=31 vmax=174 vacc=377 vrej=0 seq=0 elapsed=0 oled=3C
[   2983] STATUS mode=3 fault=none enc=-993 denc=-2 sreq=-400 sapplied=-400 crate=-400 uimp=-654500 upos=0 uneg=1640 ball=-125.00 vball=0.00 aball=0.0 bref=0.00 pid=-400.0 pref=-1200.0 ppos=-654.5 apid=0.0 integ=0.0 vision=1 current=1 vframe=377 vs=1 vage=22 vpage=22 vdt=31 vmax=174 vacc=377 vrej=0 seq=0 elapsed=0 oled=3C
[   3016] STATUS mode=3 fault=none enc=-1003 denc=-2 sreq=-400 sapplied=-400 crate=-400 uimp=-662500 upos=0 uneg=1660 ball=-125.00 vball=0.00 aball=0.0 bref=0.00 pid=-400.0 pref=-1200.0 ppos=-662.5 apid=0.0 integ=0.0 vision=1 current=1 vframe=378 vs=1 vage=8 vpage=8 vdt=34 vmax=174 vacc=378 vrej=0 seq=0 elapsed=0 oled=3C
[   3047] STATUS mode=3 fault=none enc=-1024 denc=-2 sreq=-400 sapplied=-400 crate=-400 uimp=-678500 upos=0 uneg=1700 ball=-125.00 vball=0.00 aball=0.0 bref=0.00 pid=-400.0 pref=-1200.0 ppos=-678.5 apid=0.0 integ=0.0 vision=1 current=1 vframe=378 vs=1 vage=48 vpage=48 vdt=34 vmax=174 vacc=378 vrej=0 seq=0 elapsed=0 oled=3C
[   3077] STATUS mode=3 fault=none enc=-1033 denc=-2 sreq=-400 sapplied=-400 crate=-400 uimp=-686500 upos=0 uneg=1720 ball=-125.00 vball=0.00 aball=0.0 bref=0.00 pid=-400.0 pref=-1200.0 ppos=-686.5 apid=0.0 integ=0.0 vision=1 current=1 vframe=378 vs=1 vage=68 vpage=68 vdt=34 vmax=174 vacc=378 vrej=0 seq=0 elapsed=0 oled=3C
[   3093] STATUS mode=3 fault=none enc=-1043 denc=-2 sreq=-400 sapplied=-400 crate=-400 uimp=-694500 upos=0 uneg=1740 ball=-125.00 vball=0.00 aball=0.0 bref=0.00 pid=-400.0 pref=-1200.0 ppos=-694.5 apid=0.0 integ=0.0 vision=1 current=1 vframe=378 vs=1 vage=88 vpage=88 vdt=34 vmax=174 vacc=378 vrej=0 seq=0 elapsed=0 oled=3C
[   3125] STATUS mode=3 fault=none enc=-1064 denc=-2 sreq=-400 sapplied=-400 crate=-400 uimp=-710500 upos=0 uneg=1780 ball=-125.00 vball=0.00 aball=0.0 bref=0.00 pid=-400.0 pref=-1200.0 ppos=-710.5 apid=0.0 integ=0.0 vision=1 current=1 vframe=379 vs=1 vage=18 vpage=18 vdt=110 vmax=174 vacc=379 vrej=0 seq=0 elapsed=0 oled=3C
[   3156] STATUS mode=3 fault=none enc=-1073 denc=-2 sreq=-400 sapplied=-400 crate=-400 uimp=-718500 upos=0 uneg=1800 ball=-125.00 vball=0.00 aball=0.0 bref=0.00 pid=-400.0 pref=-1200.0 ppos=-718.5 apid=0.0 integ=0.0 vision=1 current=1 vframe=380 vs=1 vage=16 vpage=16 vdt=22 vmax=174 vacc=380 vrej=0 seq=0 elapsed=0 oled=3C
[   3186] STATUS mode=3 fault=none enc=-1093 denc=-2 sreq=-400 sapplied=-400 crate=-400 uimp=-734500 upos=0 uneg=1840 ball=-123.78 vball=19.88 aball=0.0 bref=0.00 pid=-400.0 pref=-1200.0 ppos=-734.5 apid=0.0 integ=0.0 vision=1 current=1 vframe=381 vs=1 vage=22 vpage=22 vdt=34 vmax=174 vacc=381 vrej=0 seq=0 elapsed=0 oled=3C
[   3202] STATUS mode=3 fault=none enc=-1104 denc=-3 sreq=-400 sapplied=-400 crate=-400 uimp=-742500 upos=0 uneg=1860 ball=-123.78 vball=19.88 aball=0.0 bref=0.00 pid=-400.0 pref=-1200.0 ppos=-742.5 apid=0.0 integ=0.0 vision=1 current=1 vframe=381 vs=1 vage=42 vpage=42 vdt=34 vmax=174 vacc=381 vrej=0 seq=0 elapsed=0 oled=3C
[   3233] STATUS mode=3 fault=none enc=-1113 denc=-2 sreq=-400 sapplied=-400 crate=-400 uimp=-750500 upos=0 uneg=1880 ball=-123.78 vball=19.88 aball=0.0 bref=0.00 pid=-400.0 pref=-1200.0 ppos=-750.5 apid=0.0 integ=0.0 vision=1 current=1 vframe=381 vs=1 vage=62 vpage=62 vdt=34 vmax=174 vacc=381 vrej=0 seq=0 elapsed=0 oled=3C
[   3266] STATUS mode=3 fault=none enc=-1134 denc=-3 sreq=-400 sapplied=-400 crate=-400 uimp=-766500 upos=0 uneg=1920 ball=-120.47 vball=34.60 aball=102.4 bref=0.00 pid=-400.0 pref=-1200.0 ppos=-766.5 apid=0.0 integ=0.0 vision=1 current=1 vframe=382 vs=1 vage=6 vpage=6 vdt=96 vmax=174 vacc=382 vrej=0 seq=0 elapsed=0 oled=3C
[   3297] STATUS mode=3 fault=none enc=-1144 denc=-2 sreq=-400 sapplied=-400 crate=-400 uimp=-774500 upos=0 uneg=1940 ball=-120.47 vball=34.60 aball=102.4 bref=0.00 pid=-400.0 pref=-1200.0 ppos=-774.5 apid=0.0 integ=0.0 vision=1 current=1 vframe=382 vs=1 vage=26 vpage=26 vdt=96 vmax=174 vacc=382 vrej=0 seq=0 elapsed=0 oled=3C
[   3311] STATUS mode=3 fault=none enc=-1154 denc=-3 sreq=-300 sapplied=-300 crate=-300 uimp=-782500 upos=0 uneg=1960 ball=-112.55 vball=117.47 aball=102.4 bref=0.00 pid=2000.0 pref=-102.7 ppos=-782.5 apid=0.0 integ=-0.0 vision=1 current=1 vframe=383 vs=1 vage=7 vpage=7 vdt=39 vmax=174 vacc=383 vrej=0 seq=0 elapsed=0 oled=3C
[   3343] STATUS mode=3 fault=none enc=-1153 denc=2 sreq=500 sapplied=500 crate=500 uimp=-781000 upos=15 uneg=1975 ball=-112.55 vball=117.47 aball=102.4 bref=0.00 pid=2000.0 pref=-102.7 ppos=-781.0 apid=0.0 integ=-0.0 vision=1 current=1 vframe=383 vs=1 vage=47 vpage=47 vdt=39 vmax=174 vacc=383 vrej=0 seq=0 elapsed=0 oled=3C
[   3375] STATUS mode=3 fault=none enc=-1136 denc=6 sreq=900 sapplied=900 crate=900 uimp=-768000 upos=35 uneg=1975 ball=-112.55 vball=117.47 aball=102.4 bref=0.00 pid=2000.0 pref=-102.7 ppos=-768.0 apid=0.0 integ=-0.0 vision=1 current=1 vframe=383 vs=1 vage=67 vpage=67 vdt=39 vmax=174 vacc=383 vrej=0 seq=0 elapsed=0 oled=3C
[   3406] STATUS mode=3 fault=none enc=-1073 denc=9 sreq=1700 sapplied=1700 crate=1700 uimp=-718000 upos=75 uneg=1975 ball=-107.44 vball=140.44 aball=102.4 bref=0.00 pid=2000.0 pref=-102.7 ppos=-718.0 apid=0.0 integ=-0.0 vision=1 current=1 vframe=384 vs=1 vage=4 vpage=4 vdt=103 vmax=174 vacc=384 vrej=0 seq=0 elapsed=0 oled=3C
[   3422] STATUS mode=3 fault=none enc=-1026 denc=12 sreq=2000 sapplied=2000 crate=2000 uimp=-681000 upos=95 uneg=1975 ball=-103.13 vball=116.38 aball=391.7 bref=0.00 pid=2000.0 pref=-76.6 ppos=-681.0 apid=0.0 integ=-0.0 vision=1 current=1 vframe=385 vs=1 vage=16 vpage=16 vdt=8 vmax=174 vacc=385 vrej=0 seq=0 elapsed=0 oled=3C
[   3452] STATUS mode=3 fault=none enc=-976 denc=13 sreq=2000 sapplied=2000 crate=2000 uimp=-641000 upos=115 uneg=1975 ball=-97.68 vball=159.76 aball=391.7 bref=0.00 pid=2000.0 pref=26.5 ppos=-641.0 apid=0.0 integ=-0.0 vision=1 current=1 vframe=386 vs=1 vage=17 vpage=17 vdt=19 vmax=174 vacc=386 vrej=0 seq=0 elapsed=0 oled=3C
[   3483] STATUS mode=3 fault=none enc=-873 denc=13 sreq=2000 sapplied=2000 crate=2000 uimp=-561000 upos=155 uneg=1975 ball=-88.97 vball=202.34 aball=391.7 bref=0.00 pid=2000.0 pref=137.8 ppos=-561.0 apid=0.0 integ=-0.0 vision=1 current=1 vframe=387 vs=1 vage=22 vpage=22 vdt=35 vmax=174 vacc=387 vrej=0 seq=0 elapsed=0 oled=3C
[   3516] STATUS mode=3 fault=none enc=-823 denc=12 sreq=2000 sapplied=2000 crate=2000 uimp=-521000 upos=175 uneg=1975 ball=-88.97 vball=202.34 aball=391.7 bref=0.00 pid=2000.0 pref=137.8 ppos=-521.0 apid=0.0 integ=-0.0 vision=1 current=1 vframe=387 vs=1 vage=42 vpage=42 vdt=35 vmax=174 vacc=387 vrej=0 seq=0 elapsed=0 oled=3C
[   3547] STATUS mode=3 fault=none enc=-772 denc=12 sreq=2000 sapplied=2000 crate=2000 uimp=-481000 upos=195 uneg=1975 ball=-88.97 vball=202.34 aball=391.7 bref=0.00 pid=2000.0 pref=137.8 ppos=-481.0 apid=0.0 integ=-0.0 vision=1 current=1 vframe=387 vs=1 vage=62 vpage=62 vdt=35 vmax=174 vacc=387 vrej=0 seq=0 elapsed=0 oled=3C
[   3561] STATUS mode=3 fault=none enc=-669 denc=13 sreq=2000 sapplied=2000 crate=2000 uimp=-401000 upos=235 uneg=1975 ball=-80.09 vball=161.22 aball=275.4 bref=0.00 pid=2000.0 pref=82.2 ppos=-401.0 apid=0.0 integ=-0.0 vision=1 current=1 vframe=388 vs=1 vage=8 vpage=8 vdt=94 vmax=174 vacc=388 vrej=0 seq=0 elapsed=0 oled=3C
[   3593] STATUS mode=3 fault=none enc=-619 denc=12 sreq=2000 sapplied=2000 crate=2000 uimp=-361000 upos=255 uneg=1975 ball=-73.83 vball=195.55 aball=275.4 bref=0.00 pid=2000.0 pref=169.6 ppos=-361.0 apid=0.0 integ=-0.0 vision=1 current=1 vframe=389 vs=1 vage=7 vpage=7 vdt=21 vmax=174 vacc=389 vrej=0 seq=0 elapsed=0 oled=3C
[   3625] STATUS mode=3 fault=none enc=-519 denc=13 sreq=2000 sapplied=2000 crate=2000 uimp=-281000 upos=295 uneg=1975 ball=-64.68 vball=226.00 aball=275.4 bref=0.00 pid=2000.0 pref=258.0 ppos=-281.0 apid=0.0 integ=-0.0 vision=1 current=1 vframe=390 vs=1 vage=11 vpage=11 vdt=36 vmax=174 vacc=390 vrej=0 seq=0 elapsed=0 oled=3C
[   3656] STATUS mode=3 fault=none enc=-469 denc=12 sreq=2000 sapplied=2000 crate=2000 uimp=-241000 upos=315 uneg=1975 ball=-64.68 vball=226.00 aball=275.4 bref=0.00 pid=2000.0 pref=258.0 ppos=-241.0 apid=0.0 integ=-0.0 vision=1 current=1 vframe=390 vs=1 vage=31 vpage=31 vdt=36 vmax=174 vacc=390 vrej=0 seq=0 elapsed=0 oled=3C
[   3672] STATUS mode=3 fault=none enc=-420 denc=12 sreq=2000 sapplied=2000 crate=2000 uimp=-201000 upos=335 uneg=1975 ball=-64.68 vball=226.00 aball=275.4 bref=0.00 pid=2000.0 pref=258.0 ppos=-201.0 apid=0.0 integ=-0.0 vision=1 current=1 vframe=390 vs=1 vage=51 vpage=51 vdt=36 vmax=174 vacc=390 vrej=0 seq=0 elapsed=0 oled=3C
[   3702] STATUS mode=3 fault=none enc=-317 denc=13 sreq=2000 sapplied=2000 crate=2000 uimp=-121000 upos=375 uneg=1975 ball=-64.68 vball=226.00 aball=275.4 bref=0.00 pid=2000.0 pref=258.0 ppos=-121.0 apid=0.0 integ=-0.0 vision=1 current=1 vframe=390 vs=1 vage=91 vpage=91 vdt=36 vmax=174 vacc=390 vrej=0 seq=0 elapsed=0 oled=3C
[   3733] STATUS mode=3 fault=none enc=-266 denc=12 sreq=2000 sapplied=2000 crate=2000 uimp=-81000 upos=395 uneg=1975 ball=-54.53 vball=179.90 aball=204.7 bref=0.00 pid=2000.0 pref=196.2 ppos=-81.0 apid=0.0 integ=-0.0 vision=1 current=1 vframe=391 vs=1 vage=10 vpage=10 vdt=101 vmax=174 vacc=391 vrej=0 seq=0 elapsed=0 oled=3C
[   3766] STATUS mode=3 fault=none enc=-163 denc=13 sreq=2000 sapplied=2000 crate=2000 uimp=-1000 upos=435 uneg=1975 ball=-45.18 vball=223.64 aball=204.7 bref=0.00 pid=2000.0 pref=300.0 ppos=-1.0 apid=0.0 integ=-0.0 vision=1 current=1 vframe=392 vs=1 vage=18 vpage=18 vdt=32 vmax=174 vacc=392 vrej=0 seq=0 elapsed=0 oled=3C
[   3781] STATUS mode=3 fault=none enc=-112 denc=13 sreq=1900 sapplied=1900 crate=1900 uimp=39000 upos=455 uneg=1975 ball=-41.32 vball=175.36 aball=204.7 bref=0.00 pid=1877.6 pref=226.8 ppos=39.0 apid=0.0 integ=-0.0 vision=1 current=1 vframe=393 vs=1 vage=5 vpage=5 vdt=33 vmax=174 vacc=393 vrej=0 seq=0 elapsed=0 oled=3C
[   3811] STATUS mode=3 fault=none enc=-67 denc=11 sreq=1527 sapplied=1527 crate=1527 uimp=74040 upos=475 uneg=1975 ball=-41.32 vball=175.36 aball=204.7 bref=0.00 pid=1527.2 pref=226.8 ppos=74.0 apid=0.0 integ=-0.0 vision=1 current=1 vframe=393 vs=1 vage=25 vpage=25 vdt=33 vmax=174 vacc=393 vrej=0 seq=0 elapsed=0 oled=3C
[   3843] STATUS mode=3 fault=none enc=-3 denc=7 sreq=1013 sapplied=1013 crate=1013 uimp=125445 upos=515 uneg=1975 ball=-41.32 vball=175.36 aball=204.7 bref=0.00 pid=1013.2 pref=226.8 ppos=125.4 apid=0.0 integ=-0.0 vision=1 current=1 vframe=393 vs=1 vage=65 vpage=65 vdt=33 vmax=174 vacc=393 vrej=0 seq=0 elapsed=0 oled=3C
[   3875] STATUS mode=3 fault=none enc=21 denc=5 sreq=825 sapplied=825 crate=825 uimp=144240 upos=535 uneg=1975 ball=-41.32 vball=175.36 aball=204.7 bref=0.00 pid=825.2 pref=226.8 ppos=144.2 apid=0.0 integ=-0.0 vision=1 current=1 vframe=393 vs=1 vage=85 vpage=85 vdt=33 vmax=174 vacc=393 vrej=0 seq=0 elapsed=0 oled=3C
[   3891] STATUS mode=3 fault=none enc=40 denc=5 sreq=672 sapplied=672 crate=672 uimp=159550 upos=555 uneg=1975 ball=-35.40 vball=122.56 aball=204.7 bref=0.00 pid=672.1 pref=226.8 ppos=159.5 apid=0.0 integ=-0.0 vision=1 current=1 vframe=394 vs=1 vage=3 vpage=3 vdt=102 vmax=174 vacc=394 vrej=0 seq=0 elapsed=0 oled=3C
[   3922] STATUS mode=3 fault=none enc=57 denc=1 sreq=-128 sapplied=-128 crate=-128 uimp=172570 upos=590 uneg=1975 ball=-34.86 vball=72.41 aball=-41.9 bref=0.00 pid=-1323.3 pref=40.2 ppos=172.6 apid=-0.0 integ=-0.0 vision=1 current=1 vframe=395 vs=1 vage=12 vpage=12 vdt=31 vmax=174 vacc=395 vrej=0 seq=0 elapsed=0 oled=3C
[   3952] STATUS mode=3 fault=none enc=51 denc=-3 sreq=-528 sapplied=-528 crate=-528 uimp=167010 upos=590 uneg=1995 ball=-34.86 vball=72.41 aball=-41.9 bref=0.00 pid=-1267.7 pref=40.2 ppos=167.0 apid=-0.0 integ=-0.0 vision=1 current=1 vframe=395 vs=1 vage=32 vpage=32 vdt=31 vmax=174 vacc=395 vrej=0 seq=0 elapsed=0 oled=3C
[   3983] STATUS mode=3 fault=none enc=33 denc=-6 sreq=-928 sapplied=-928 crate=-928 uimp=153450 upos=590 uneg=2015 ball=-35.05 vball=35.03 aball=-41.9 bref=0.00 pid=-1885.4 pref=-35.1 ppos=153.4 apid=-0.0 integ=-0.0 vision=1 current=1 vframe=396 vs=1 vage=19 vpage=19 vdt=33 vmax=174 vacc=396 vrej=0 seq=0 elapsed=0 oled=3C
[   4000] STATUS mode=3 fault=none enc=-31 denc=-9 sreq=-1383 sapplied=-1383 crate=-1383 uimp=103190 upos=590 uneg=2055 ball=-35.05 vball=35.03 aball=-41.9 bref=0.00 pid=-1382.8 pref=-35.1 ppos=103.2 apid=-0.0 integ=-0.0 vision=1 current=1 vframe=396 vs=1 vage=59 vpage=59 vdt=33 vmax=174 vacc=396 vrej=0 seq=0 elapsed=0 oled=3C
[   4031] STATUS mode=3 fault=none enc=-63 denc=-7 sreq=-1126 sapplied=-1126 crate=-1126 uimp=77535 upos=590 uneg=2075 ball=-35.05 vball=35.03 aball=-41.9 bref=0.00 pid=-1126.2 pref=-35.1 ppos=77.5 apid=-0.0 integ=-0.0 vision=1 current=1 vframe=396 vs=1 vage=79 vpage=79 vdt=33 vmax=174 vacc=396 vrej=0 seq=0 elapsed=0 oled=3C
[   4061] STATUS mode=3 fault=none enc=-114 denc=-6 sreq=-1171 sapplied=-1171 crate=-1171 uimp=37495 upos=590 uneg=2115 ball=-36.13 vball=8.81 aball=-335.2 bref=0.00 pid=-1282.6 pref=-90.8 ppos=37.5 apid=-0.0 integ=-0.0 vision=1 current=1 vframe=397 vs=1 vage=19 vpage=19 vdt=100 vmax=174 vacc=397 vrej=0 seq=0 elapsed=0 oled=3C
[   4093] STATUS mode=3 fault=none enc=-145 denc=-7 sreq=-1205 sapplied=-1205 crate=-1205 uimp=14180 upos=590 uneg=2135 ball=-46.00 vball=-137.45 aball=-335.2 bref=0.00 pid=-2000.0 pref=-300.0 ppos=14.2 apid=-0.0 integ=-0.0 vision=1 current=1 vframe=398 vs=1 vage=6 vpage=6 vdt=33 vmax=174 vacc=398 vrej=0 seq=0 elapsed=0 oled=3C
[   4125] STATUS mode=3 fault=none enc=-180 denc=-9 sreq=-1605 sapplied=-1605 crate=-1605 uimp=-12920 upos=590 uneg=2155 ball=-46.00 vball=-137.45 aball=-335.2 bref=0.00 pid=-2000.0 pref=-300.0 ppos=-12.9 apid=-0.0 integ=-0.0 vision=1 current=1 vframe=398 vs=1 vage=26 vpage=26 vdt=33 vmax=174 vacc=398 vrej=0 seq=0 elapsed=0 oled=3C
[   4141] STATUS mode=3 fault=none enc=-277 denc=-13 sreq=-2000 sapplied=-2000 crate=-2000 uimp=-88020 upos=590 uneg=2195 ball=-51.58 vball=-149.16 aball=-335.2 bref=0.00 pid=-2000.0 pref=-300.0 ppos=-88.0 apid=-0.0 integ=-0.0 vision=1 current=1 vframe=399 vs=1 vage=32 vpage=32 vdt=34 vmax=174 vacc=399 vrej=0 seq=0 elapsed=0 oled=3C
[   4172] STATUS mode=3 fault=none enc=-327 denc=-12 sreq=-1733 sapplied=-1733 crate=-1733 uimp=-126740 upos=590 uneg=2215 ball=-51.58 vball=-149.16 aball=-335.2 bref=0.00 pid=-1732.6 pref=-300.0 ppos=-126.7 apid=-0.0 integ=-0.0 vision=1 current=1 vframe=399 vs=1 vage=52 vpage=52 vdt=34 vmax=174 vacc=399 vrej=0 seq=0 elapsed=0 oled=3C
[   4202] STATUS mode=3 fault=none enc=-401 denc=-8 sreq=-1149 sapplied=-1149 crate=-1149 uimp=-185060 upos=590 uneg=2255 ball=-51.58 vball=-149.16 aball=-335.2 bref=0.00 pid=-1149.4 pref=-300.0 ppos=-185.1 apid=-0.0 integ=-0.0 vision=1 current=1 vframe=399 vs=1 vage=92 vpage=92 vdt=34 vmax=174 vacc=399 vrej=0 seq=0 elapsed=0 oled=3C
[   4233] STATUS mode=3 fault=none enc=-428 denc=-6 sreq=-936 sapplied=-936 crate=-936 uimp=-206375 upos=590 uneg=2275 ball=-59.95 vball=-126.47 aball=-542.4 bref=0.00 pid=-936.2 pref=-300.0 ppos=-206.4 apid=-0.0 integ=-0.0 vision=1 current=1 vframe=400 vs=1 vage=9 vpage=9 vdt=103 vmax=174 vacc=400 vrej=0 seq=0 elapsed=0 oled=3C
[   4266] STATUS mode=3 fault=none enc=-450 denc=-6 sreq=-763 sapplied=-763 crate=-763 uimp=-223740 upos=590 uneg=2295 ball=-59.95 vball=-126.47 aball=-542.4 bref=0.00 pid=-762.6 pref=-300.0 ppos=-223.7 apid=-0.0 integ=-0.0 vision=1 current=1 vframe=400 vs=1 vage=29 vpage=29 vdt=103 vmax=174 vacc=400 vrej=0 seq=0 elapsed=0 oled=3C
[   4281] STATUS mode=3 fault=none enc=-482 denc=-4 sreq=-506 sapplied=-506 crate=-506 uimp=-249410 upos=590 uneg=2335 ball=-85.40 vball=-295.95 aball=-542.4 bref=0.00 pid=-505.9 pref=-300.0 ppos=-249.4 apid=-0.0 integ=-0.0 vision=1 current=1 vframe=402 vs=1 vage=6 vpage=6 vdt=33 vmax=174 vacc=402 vrej=0 seq=0 elapsed=0 oled=3C
[   4311] STATUS mode=3 fault=none enc=-494 denc=-3 sreq=-412 sapplied=-412 crate=-412 uimp=-258800 upos=590 uneg=2355 ball=-85.40 vball=-295.95 aball=-542.4 bref=0.00 pid=-412.0 pref=-300.0 ppos=-258.8 apid=-0.0 integ=-0.0 vision=1 current=1 vframe=402 vs=1 vage=26 vpage=26 vdt=33 vmax=174 vacc=402 vrej=0 seq=0 elapsed=0 oled=3C
[   4343] STATUS mode=3 fault=none enc=-510 denc=-1 sreq=-273 sapplied=-273 crate=-273 uimp=-272670 upos=590 uneg=2395 ball=-85.40 vball=-295.95 aball=-542.4 bref=0.00 pid=-273.3 pref=-300.0 ppos=-272.7 apid=-0.0 integ=-0.0 vision=1 current=1 vframe=402 vs=1 vage=66 vpage=66 vdt=33 vmax=174 vacc=402 vrej=0 seq=0 elapsed=0 oled=3C
[   4375] STATUS mode=3 fault=none enc=-516 denc=0 sreq=-223 sapplied=-223 crate=-223 uimp=-277740 upos=590 uneg=2415 ball=-85.40 vball=-295.95 aball=-542.4 bref=0.00 pid=-222.6 pref=-300.0 ppos=-277.7 apid=-0.0 integ=-0.0 vision=1 current=1 vframe=402 vs=1 vage=86 vpage=86 vdt=33 vmax=174 vacc=402 vrej=0 seq=0 elapsed=0 oled=3C
[   4406] STATUS mode=3 fault=none enc=-522 denc=-2 sreq=-181 sapplied=-181 crate=-181 uimp=-281870 upos=590 uneg=2435 ball=-85.40 vball=-295.95 aball=-542.4 bref=0.00 pid=-181.3 pref=-300.0 ppos=-281.9 apid=-0.0 integ=-0.0 vision=1 current=1 vframe=402 vs=1 vage=106 vpage=106 vdt=33 vmax=174 vacc=402 vrej=0 seq=0 elapsed=0 oled=3C
[   4422] STATUS mode=3 fault=none enc=-529 denc=-1 sreq=-120 sapplied=-120 crate=-120 uimp=-287970 upos=590 uneg=2475 ball=-111.29 vball=-298.75 aball=-574.0 bref=0.00 pid=-120.3 pref=-300.0 ppos=-288.0 apid=-0.0 integ=-0.0 vision=1 current=1 vframe=404 vs=1 vage=13 vpage=13 vdt=27 vmax=174 vacc=404 vrej=0 seq=0 elapsed=0 oled=3C
[   4452] STATUS mode=3 fault=none enc=-531 denc=0 sreq=-98 sapplied=-98 crate=-98 uimp=-290200 upos=590 uneg=2495 ball=-111.29 vball=-298.75 aball=-574.0 bref=0.00 pid=-98.0 pref=-300.0 ppos=-290.2 apid=-0.0 integ=-0.0 vision=1 current=1 vframe=404 vs=1 vage=33 vpage=33 vdt=27 vmax=174 vacc=404 vrej=0 seq=0 elapsed=0 oled=3C
[   4483] STATUS mode=3 fault=none enc=-544 denc=-3 sreq=-400 sapplied=-400 crate=-400 uimp=-301550 upos=590 uneg=2535 ball=-125.45 vball=-345.85 aball=-574.0 bref=0.00 pid=-400.0 pref=-1200.0 ppos=-301.5 apid=-0.0 integ=0.0 vision=1 current=1 vframe=405 vs=1 vage=38 vpage=38 vdt=35 vmax=174 vacc=405 vrej=0 seq=0 elapsed=0 oled=3C
[   4516] STATUS mode=3 fault=none enc=-553 denc=-2 sreq=-400 sapplied=-400 crate=-400 uimp=-309550 upos=590 uneg=2555 ball=-125.45 vball=-345.85 aball=-574.0 bref=0.00 pid=-400.0 pref=-1200.0 ppos=-309.5 apid=-0.0 integ=0.0 vision=1 current=1 vframe=405 vs=1 vage=58 vpage=58 vdt=35 vmax=174 vacc=405 vrej=0 seq=0 elapsed=0 oled=3C
[   4547] STATUS mode=3 fault=none enc=-563 denc=-2 sreq=-400 sapplied=-400 crate=-400 uimp=-317550 upos=590 uneg=2575 ball=-125.45 vball=-345.85 aball=-574.0 bref=0.00 pid=-400.0 pref=-1200.0 ppos=-317.5 apid=-0.0 integ=0.0 vision=1 current=1 vframe=405 vs=1 vage=78 vpage=78 vdt=35 vmax=174 vacc=405 vrej=0 seq=0 elapsed=0 oled=3C
[   4561] STATUS mode=3 fault=none enc=-584 denc=-3 sreq=-400 sapplied=-400 crate=-400 uimp=-333550 upos=590 uneg=2615 ball=-125.45 vball=-345.85 aball=-574.0 bref=0.00 pid=-400.0 pref=-1200.0 ppos=-333.5 apid=-0.0 integ=0.0 vision=1 current=1 vframe=405 vs=1 vage=118 vpage=118 vdt=35 vmax=174 vacc=405 vrej=0 seq=0 elapsed=0 oled=3C
[   4593] STATUS mode=3 fault=none enc=-593 denc=-2 sreq=-400 sapplied=-400 crate=-400 uimp=-341550 upos=590 uneg=2635 ball=-125.45 vball=-345.85 aball=-574.0 bref=0.00 pid=-400.0 pref=-1200.0 ppos=-341.5 apid=-0.0 integ=0.0 vision=1 current=0 vframe=406 vs=0 vage=138 vpage=8 vdt=35 vmax=174 vacc=405 vrej=0 seq=0 elapsed=0 oled=3C
[   4625] STATUS mode=3 fault=none enc=-605 denc=0 sreq=-200 sapplied=-200 crate=-200 uimp=-350050 upos=590 uneg=2660 ball=-127.48 vball=-64.16 aball=13.1 bref=0.00 pid=-400.0 pref=-1200.0 ppos=-350.0 apid=0.0 integ=0.0 vision=1 current=1 vframe=407 vs=1 vage=13 vpage=13 vdt=165 vmax=174 vacc=406 vrej=0 seq=0 elapsed=0 oled=3C
[   4656] STATUS mode=3 fault=none enc=-612 denc=-2 sreq=-400 sapplied=-400 crate=-400 uimp=-356550 upos=590 uneg=2680 ball=-127.48 vball=-64.16 aball=13.1 bref=0.00 pid=-400.0 pref=-1200.0 ppos=-356.5 apid=0.0 integ=0.0 vision=1 current=1 vframe=407 vs=1 vage=33 vpage=33 vdt=165 vmax=174 vacc=406 vrej=0 seq=0 elapsed=0 oled=3C
[   4686] STATUS mode=3 fault=none enc=-622 denc=-2 sreq=-400 sapplied=-400 crate=-400 uimp=-364550 upos=590 uneg=2700 ball=-127.48 vball=-64.16 aball=13.1 bref=0.00 pid=-400.0 pref=-1200.0 ppos=-364.5 apid=0.0 integ=0.0 vision=1 current=1 vframe=407 vs=1 vage=53 vpage=53 vdt=165 vmax=174 vacc=406 vrej=0 seq=0 elapsed=0 oled=3C
[   4702] STATUS mode=3 fault=none enc=-642 denc=-3 sreq=-400 sapplied=-400 crate=-400 uimp=-380550 upos=590 uneg=2740 ball=-127.48 vball=-64.16 aball=13.1 bref=0.00 pid=-400.0 pref=-1200.0 ppos=-380.5 apid=0.0 integ=0.0 vision=1 current=1 vframe=407 vs=1 vage=93 vpage=93 vdt=165 vmax=174 vacc=406 vrej=0 seq=0 elapsed=0 oled=3C
[   4733] STATUS mode=3 fault=none enc=-653 denc=-3 sreq=-400 sapplied=-400 crate=-400 uimp=-388550 upos=590 uneg=2760 ball=-125.38 vball=-12.70 aball=232.0 bref=0.00 pid=-400.0 pref=-1200.0 ppos=-388.5 apid=0.0 integ=0.0 vision=1 current=1 vframe=408 vs=1 vage=10 vpage=10 vdt=103 vmax=174 vacc=407 vrej=0 seq=0 elapsed=0 oled=3C
[   4766] STATUS mode=3 fault=none enc=-673 denc=-3 sreq=-400 sapplied=-400 crate=-400 uimp=-404550 upos=590 uneg=2800 ball=-121.26 vball=51.54 aball=232.0 bref=0.00 pid=-400.0 pref=-1200.0 ppos=-404.5 apid=0.0 integ=0.0 vision=1 current=1 vframe=409 vs=1 vage=19 vpage=19 vdt=31 vmax=174 vacc=408 vrej=0 seq=0 elapsed=0 oled=3C
[   4797] STATUS mode=3 fault=none enc=-683 denc=-3 sreq=-300 sapplied=-300 crate=-300 uimp=-412550 upos=590 uneg=2820 ball=-119.30 vball=56.40 aball=232.0 bref=0.00 pid=1674.5 pref=-245.1 ppos=-412.5 apid=0.0 integ=-0.0 vision=1 current=1 vframe=410 vs=1 vage=7 vpage=7 vdt=32 vmax=174 vacc=409 vrej=0 seq=0 elapsed=0 oled=3C
[   4811] STATUS mode=3 fault=none enc=-688 denc=-1 sreq=100 sapplied=0 crate=100 uimp=-415550 upos=590 uneg=2835 ball=-119.30 vball=56.40 aball=232.0 bref=0.00 pid=1704.5 pref=-245.1 ppos=-415.5 apid=0.0 integ=-0.0 vision=1 current=1 vframe=410 vs=1 vage=27 vpage=27 vdt=32 vmax=174 vacc=409 vrej=0 seq=0 elapsed=0 oled=3C
[   4843] STATUS mode=3 fault=none enc=-667 denc=4 sreq=900 sapplied=900 crate=900 uimp=-398050 upos=625 uneg=2835 ball=-119.30 vball=56.40 aball=232.0 bref=0.00 pid=1529.5 pref=-245.1 ppos=-398.0 apid=0.0 integ=-0.0 vision=1 current=1 vframe=410 vs=1 vage=67 vpage=67 vdt=32 vmax=174 vacc=409 vrej=0 seq=0 elapsed=0 oled=3C
[   4875] STATUS mode=3 fault=none enc=-640 denc=7 sreq=1300 sapplied=1300 crate=1300 uimp=-377050 upos=645 uneg=2835 ball=-119.30 vball=56.40 aball=232.0 bref=0.00 pid=1319.5 pref=-245.1 ppos=-377.0 apid=0.0 integ=-0.0 vision=1 current=1 vframe=410 vs=1 vage=87 vpage=87 vdt=32 vmax=174 vacc=409 vrej=0 seq=0 elapsed=0 oled=3C
[   4906] STATUS mode=3 fault=none enc=-588 denc=4 sreq=792 sapplied=792 crate=792 uimp=-336020 upos=685 uneg=2835 ball=-115.89 vball=62.08 aball=273.4 bref=0.00 pid=758.8 pref=-277.0 ppos=-352.9 apid=0.0 integ=-0.0 vision=1 current=1 vframe=411 vs=1 vage=13 vpage=13 vdt=94 vmax=174 vacc=410 vrej=0 seq=0 elapsed=0 oled=3C
[   4922] STATUS mode=3 fault=none enc=-565 denc=7 sreq=942 sapplied=942 crate=942 uimp=-317685 upos=705 uneg=2835 ball=-115.89 vball=62.08 aball=273.4 bref=0.00 pid=941.8 pref=-223.5 ppos=-317.7 apid=0.0 integ=-0.0 vision=1 current=1 vframe=412 vs=1 vage=29 vpage=29 vdt=24 vmax=174 vacc=411 vrej=0 seq=0 elapsed=0 oled=3C
[   4952] STATUS mode=3 fault=none enc=-544 denc=5 sreq=595 sapplied=595 crate=595 uimp=-301050 upos=725 uneg=2835 ball=-115.37 vball=40.50 aball=273.4 bref=0.00 pid=359.4 pref=-265.1 ppos=-301.1 apid=0.0 integ=-0.0 vision=1 current=1 vframe=413 vs=1 vage=16 vpage=16 vdt=33 vmax=174 vacc=412 vrej=0 seq=0 elapsed=0 oled=3C
[   4983] STATUS mode=3 fault=none enc=-527 denc=1 sreq=220 sapplied=220 crate=220 uimp=-287135 upos=765 uneg=2835 ball=-115.37 vball=40.50 aball=273.4 bref=0.00 pid=220.3 pref=-265.1 ppos=-287.1 apid=0.0 integ=-0.0 vision=1 current=1 vframe=413 vs=1 vage=56 vpage=56 vdt=33 vmax=174 vacc=412 vrej=0 seq=0 elapsed=0 oled=3C
[   5016] STATUS mode=3 fault=none enc=-523 denc=0 sreq=179 sapplied=179 crate=179 uimp=-283050 upos=785 uneg=2835 ball=-115.37 vball=40.50 aball=273.4 bref=0.00 pid=179.4 pref=-265.1 ppos=-283.1 apid=0.0 integ=-0.0 vision=1 current=1 vframe=413 vs=1 vage=76 vpage=76 vdt=33 vmax=174 vacc=412 vrej=0 seq=0 elapsed=0 oled=3C
[   5031] STATUS mode=3 fault=none enc=-517 denc=2 sreq=146 sapplied=146 crate=146 uimp=-279725 upos=805 uneg=2835 ball=-115.37 vball=40.50 aball=273.4 bref=0.00 pid=146.2 pref=-265.1 ppos=-279.7 apid=0.0 integ=-0.0 vision=1 current=1 vframe=413 vs=1 vage=96 vpage=96 vdt=33 vmax=174 vacc=412 vrej=0 seq=0 elapsed=0 oled=3C
[   5061] STATUS mode=3 fault=none enc=-517 denc=-2 sreq=-112 sapplied=-112 crate=-112 uimp=-280650 upos=820 uneg=2855 ball=-113.85 vball=19.31 aball=114.1 bref=0.00 pid=-111.7 pref=-291.8 ppos=-280.6 apid=0.0 integ=-0.0 vision=1 current=1 vframe=415 vs=1 vage=1 vpage=1 vdt=34 vmax=174 vacc=414 vrej=0 seq=0 elapsed=0 oled=3C
[   5093] STATUS mode=3 fault=none enc=-519 denc=0 sreq=-161 sapplied=-161 crate=-161 uimp=-283895 upos=820 uneg=2875 ball=-113.85 vball=19.31 aball=114.1 bref=0.00 pid=-161.1 pref=-300.0 ppos=-283.9 apid=0.0 integ=-0.0 vision=1 current=1 vframe=415 vs=1 vage=21 vpage=21 vdt=34 vmax=174 vacc=414 vrej=0 seq=0 elapsed=0 oled=3C
[   5125] STATUS mode=3 fault=none enc=-524 denc=-1 sreq=-131 sapplied=-131 crate=-131 uimp=-286880 upos=820 uneg=2895 ball=-113.80 vball=10.68 aball=114.1 bref=0.00 pid=-131.2 pref=-300.0 ppos=-286.9 apid=0.0 integ=-0.0 vision=1 current=1 vframe=416 vs=1 vage=9 vpage=9 vdt=32 vmax=174 vacc=415 vrej=0 seq=0 elapsed=0 oled=3C
[   5141] STATUS mode=3 fault=none enc=-529 denc=-1 sreq=-87 sapplied=-87 crate=-87 uimp=-291295 upos=820 uneg=2935 ball=-113.80 vball=10.68 aball=114.1 bref=0.00 pid=-87.0 pref=-300.0 ppos=-291.3 apid=0.0 integ=-0.0 vision=1 current=1 vframe=416 vs=1 vage=49 vpage=49 vdt=32 vmax=174 vacc=415 vrej=0 seq=0 elapsed=0 oled=3C
[   5172] STATUS mode=3 fault=none enc=-531 denc=-1 sreq=-71 sapplied=-71 crate=-71 uimp=-292915 upos=820 uneg=2955 ball=-113.80 vball=10.68 aball=114.1 bref=0.00 pid=-70.8 pref=-300.0 ppos=-292.9 apid=0.0 integ=-0.0 vision=1 current=1 vframe=416 vs=1 vage=69 vpage=69 vdt=32 vmax=174 vacc=415 vrej=0 seq=0 elapsed=0 oled=3C
[   5202] STATUS mode=3 fault=none enc=-534 denc=0 sreq=-47 sapplied=-47 crate=-47 uimp=-295300 upos=820 uneg=2995 ball=-113.93 vball=4.49 aball=6.0 bref=0.00 pid=-47.0 pref=-300.0 ppos=-295.3 apid=0.0 integ=-0.0 vision=1 current=1 vframe=417 vs=1 vage=9 vpage=9 vdt=100 vmax=174 vacc=416 vrej=0 seq=0 elapsed=0 oled=3C
[   5233] STATUS mode=3 fault=none enc=-535 denc=-1 sreq=-38 sapplied=-38 crate=-38 uimp=-296170 upos=820 uneg=3015 ball=-113.93 vball=4.49 aball=6.0 bref=0.00 pid=-38.3 pref=-300.0 ppos=-296.2 apid=0.0 integ=-0.0 vision=1 current=1 vframe=417 vs=1 vage=29 vpage=29 vdt=100 vmax=174 vacc=416 vrej=0 seq=0 elapsed=0 oled=3C
[   5250] STATUS mode=3 fault=none enc=-535 denc=0 sreq=-31 sapplied=-31 crate=-31 uimp=-296880 upos=820 uneg=3035 ball=-115.63 vball=-22.36 aball=6.0 bref=0.00 pid=-31.2 pref=-300.0 ppos=-296.9 apid=0.0 integ=-0.0 vision=1 current=1 vframe=418 vs=1 vage=16 vpage=16 vdt=33 vmax=174 vacc=417 vrej=0 seq=0 elapsed=0 oled=3C
[   5281] STATUS mode=3 fault=none enc=-536 denc=1 sreq=-21 sapplied=-21 crate=-21 uimp=-297930 upos=820 uneg=3075 ball=-116.69 vball=-27.27 aball=6.0 bref=0.00 pid=-20.7 pref=-300.0 ppos=-297.9 apid=0.0 integ=-0.0 vision=1 current=1 vframe=419 vs=1 vage=23 vpage=23 vdt=33 vmax=174 vacc=418 vrej=0 seq=0 elapsed=0 oled=3C
[   5311] STATUS mode=3 fault=none enc=-538 denc=0 sreq=0 sapplied=0 crate=-19 uimp=-298135 upos=820 uneg=3085 ball=-116.69 vball=-27.27 aball=6.0 bref=0.00 pid=-18.6 pref=-300.0 ppos=-298.1 apid=0.0 integ=-0.0 vision=1 current=1 vframe=419 vs=1 vage=43 vpage=43 vdt=33 vmax=174 vacc=418 vrej=0 seq=0 elapsed=0 oled=3C
[   5343] STATUS mode=3 fault=none enc=-538 denc=0 sreq=0 sapplied=0 crate=-19 uimp=-298135 upos=820 uneg=3085 ball=-116.69 vball=-27.27 aball=6.0 bref=0.00 pid=-18.6 pref=-300.0 ppos=-298.1 apid=0.0 integ=-0.0 vision=1 current=1 vframe=419 vs=1 vage=63 vpage=63 vdt=33 vmax=174 vacc=418 vrej=0 seq=0 elapsed=0 oled=3C
[   5358] STATUS mode=3 fault=none enc=-538 denc=0 sreq=0 sapplied=0 crate=-19 uimp=-298135 upos=820 uneg=3085 ball=-116.69 vball=-27.27 aball=6.0 bref=0.00 pid=-18.6 pref=-300.0 ppos=-298.1 apid=0.0 integ=-0.0 vision=1 current=1 vframe=419 vs=1 vage=103 vpage=103 vdt=33 vmax=174 vacc=418 vrej=0 seq=0 elapsed=0 oled=3C
[   5391] STATUS mode=3 fault=none enc=-538 denc=0 sreq=0 sapplied=0 crate=-19 uimp=-298135 upos=820 uneg=3085 ball=-118.34 vball=-25.64 aball=-77.0 bref=0.00 pid=-18.6 pref=-300.0 ppos=-298.1 apid=-0.0 integ=-0.0 vision=1 current=1 vframe=420 vs=1 vage=20 vpage=20 vdt=103 vmax=174 vacc=419 vrej=0 seq=0 elapsed=0 oled=3C
[   5422] STATUS mode=3 fault=none enc=-538 denc=0 sreq=0 sapplied=0 crate=-19 uimp=-298135 upos=820 uneg=3085 ball=-122.17 vball=-73.94 aball=-77.0 bref=0.00 pid=-18.6 pref=-300.0 ppos=-298.1 apid=-0.0 integ=-0.0 vision=1 current=1 vframe=421 vs=1 vage=10 vpage=10 vdt=30 vmax=174 vacc=420 vrej=0 seq=0 elapsed=0 oled=3C
[   5452] STATUS mode=3 fault=none enc=-538 denc=0 sreq=0 sapplied=0 crate=-19 uimp=-298135 upos=820 uneg=3085 ball=-124.00 vball=-64.15 aball=-77.0 bref=0.00 pid=-18.6 pref=-300.0 ppos=-298.1 apid=-0.0 integ=-0.0 vision=1 current=1 vframe=422 vs=1 vage=17 vpage=17 vdt=33 vmax=174 vacc=421 vrej=0 seq=0 elapsed=0 oled=3C
[   5468] STATUS mode=3 fault=none enc=-538 denc=0 sreq=0 sapplied=0 crate=-19 uimp=-298135 upos=820 uneg=3085 ball=-124.00 vball=-64.15 aball=-77.0 bref=0.00 pid=-18.6 pref=-300.0 ppos=-298.1 apid=-0.0 integ=-0.0 vision=1 current=1 vframe=422 vs=1 vage=37 vpage=37 vdt=33 vmax=174 vacc=421 vrej=0 seq=0 elapsed=0 oled=3C
[   5500] STATUS mode=3 fault=none enc=-538 denc=0 sreq=0 sapplied=0 crate=-19 uimp=-298135 upos=820 uneg=3085 ball=-124.00 vball=-64.15 aball=-77.0 bref=0.00 pid=-18.6 pref=-300.0 ppos=-298.1 apid=-0.0 integ=-0.0 vision=1 current=1 vframe=422 vs=1 vage=77 vpage=77 vdt=33 vmax=174 vacc=421 vrej=0 seq=0 elapsed=0 oled=3C
[   5531] STATUS mode=3 fault=none enc=-538 denc=0 sreq=0 sapplied=0 crate=-19 uimp=-298135 upos=820 uneg=3085 ball=-124.00 vball=-64.15 aball=-77.0 bref=0.00 pid=-18.6 pref=-300.0 ppos=-298.1 apid=-0.0 integ=-0.0 vision=1 current=1 vframe=422 vs=1 vage=97 vpage=97 vdt=33 vmax=174 vacc=421 vrej=0 seq=0 elapsed=0 oled=3C
[   5561] STATUS mode=3 fault=none enc=-538 denc=0 sreq=0 sapplied=0 crate=-19 uimp=-298135 upos=820 uneg=3085 ball=-126.47 vball=-50.44 aball=-110.0 bref=0.00 pid=-18.6 pref=-300.0 ppos=-298.1 apid=-0.0 integ=-0.0 vision=1 current=1 vframe=423 vs=1 vage=15 vpage=15 vdt=102 vmax=174 vacc=422 vrej=0 seq=0 elapsed=0 oled=3C
[   5577] STATUS mode=3 fault=none enc=-538 denc=0 sreq=0 sapplied=0 crate=-19 uimp=-298135 upos=820 uneg=3085 ball=-125.29 vball=-10.25 aball=-110.0 bref=0.00 pid=-18.6 pref=-300.0 ppos=-298.1 apid=-0.0 integ=-0.0 vision=1 current=1 vframe=424 vs=1 vage=23 vpage=23 vdt=32 vmax=174 vacc=423 vrej=0 seq=0 elapsed=0 oled=3C
[   5608] STATUS mode=3 fault=none enc=-538 denc=0 sreq=0 sapplied=0 crate=-19 uimp=-298135 upos=820 uneg=3085 ball=-125.29 vball=-10.25 aball=-110.0 bref=0.00 pid=-18.6 pref=-300.0 ppos=-298.1 apid=-0.0 integ=-0.0 vision=1 current=1 vframe=424 vs=1 vage=43 vpage=43 vdt=32 vmax=174 vacc=423 vrej=0 seq=0 elapsed=0 oled=3C
[   5641] STATUS mode=3 fault=none enc=-538 denc=0 sreq=0 sapplied=0 crate=-19 uimp=-298135 upos=820 uneg=3085 ball=-125.29 vball=-10.25 aball=-110.0 bref=0.00 pid=-18.6 pref=-300.0 ppos=-298.1 apid=-0.0 integ=-0.0 vision=1 current=1 vframe=424 vs=1 vage=63 vpage=63 vdt=32 vmax=174 vacc=423 vrej=0 seq=0 elapsed=0 oled=3C
[   5672] STATUS mode=3 fault=none enc=-538 denc=0 sreq=0 sapplied=0 crate=-19 uimp=-298135 upos=820 uneg=3085 ball=-125.29 vball=-10.25 aball=-110.0 bref=0.00 pid=-18.6 pref=-300.0 ppos=-298.1 apid=-0.0 integ=-0.0 vision=1 current=1 vframe=424 vs=1 vage=103 vpage=103 vdt=32 vmax=174 vacc=423 vrej=0 seq=0 elapsed=0 oled=3C
[   5686] STATUS mode=3 fault=none enc=-538 denc=0 sreq=0 sapplied=0 crate=-19 uimp=-298135 upos=820 uneg=3085 ball=-125.06 vball=-2.35 aball=83.8 bref=0.00 pid=-18.6 pref=-300.0 ppos=-298.1 apid=0.0 integ=-0.0 vision=1 current=1 vframe=425 vs=1 vage=5 vpage=5 vdt=118 vmax=174 vacc=424 vrej=0 seq=0 elapsed=0 oled=3C
[   5718] STATUS mode=3 fault=none enc=-538 denc=0 sreq=0 sapplied=0 crate=-19 uimp=-298135 upos=820 uneg=3085 ball=-125.08 vball=-1.76 aball=83.8 bref=0.00 pid=-18.6 pref=-300.0 ppos=-298.1 apid=0.0 integ=-0.0 vision=1 current=1 vframe=426 vs=1 vage=17 vpage=17 vdt=8 vmax=174 vacc=425 vrej=0 seq=0 elapsed=0 oled=3C
[   5750] STATUS mode=3 fault=none enc=-538 denc=0 sreq=0 sapplied=0 crate=-19 uimp=-298135 upos=820 uneg=3085 ball=-125.00 vball=0.78 aball=83.8 bref=0.00 pid=-18.6 pref=-300.0 ppos=-298.1 apid=0.0 integ=-0.0 vision=1 current=1 vframe=427 vs=1 vage=34 vpage=34 vdt=23 vmax=174 vacc=426 vrej=0 seq=0 elapsed=0 oled=3C
[   5766] STATUS mode=3 fault=none enc=-538 denc=0 sreq=0 sapplied=0 crate=-19 uimp=-298135 upos=820 uneg=3085 ball=-125.00 vball=0.52 aball=83.8 bref=0.00 pid=-18.6 pref=-300.0 ppos=-298.1 apid=0.0 integ=-0.0 vision=1 current=1 vframe=428 vs=1 vage=18 vpage=18 vdt=36 vmax=174 vacc=427 vrej=0 seq=0 elapsed=0 oled=3C
[   5797] STATUS mode=3 fault=none enc=-538 denc=0 sreq=0 sapplied=0 crate=-19 uimp=-298135 upos=820 uneg=3085 ball=-125.00 vball=0.52 aball=83.8 bref=0.00 pid=-18.6 pref=-300.0 ppos=-298.1 apid=0.0 integ=-0.0 vision=1 current=1 vframe=428 vs=1 vage=38 vpage=38 vdt=36 vmax=174 vacc=427 vrej=0 seq=0 elapsed=0 oled=3C
[   5827] STATUS mode=3 fault=none enc=-538 denc=0 sreq=0 sapplied=0 crate=-19 uimp=-298135 upos=820 uneg=3085 ball=-125.00 vball=0.52 aball=83.8 bref=0.00 pid=-18.6 pref=-300.0 ppos=-298.1 apid=0.0 integ=-0.0 vision=1 current=1 vframe=428 vs=1 vage=78 vpage=78 vdt=36 vmax=174 vacc=427 vrej=0 seq=0 elapsed=0 oled=3C
[   5858] STATUS mode=3 fault=none enc=-538 denc=0 sreq=0 sapplied=0 crate=-19 uimp=-298135 upos=820 uneg=3085 ball=-125.00 vball=0.52 aball=83.8 bref=0.00 pid=-18.6 pref=-300.0 ppos=-298.1 apid=0.0 integ=-0.0 vision=1 current=1 vframe=428 vs=1 vage=98 vpage=98 vdt=36 vmax=174 vacc=427 vrej=0 seq=0 elapsed=0 oled=3C
[   5875] STATUS mode=3 fault=none enc=-538 denc=0 sreq=0 sapplied=0 crate=-19 uimp=-298135 upos=820 uneg=3085 ball=-124.99 vball=0.28 aball=53.3 bref=0.00 pid=-18.6 pref=-300.0 ppos=-298.1 apid=0.0 integ=-0.0 vision=1 current=1 vframe=429 vs=1 vage=20 vpage=20 vdt=98 vmax=174 vacc=428 vrej=0 seq=0 elapsed=0 oled=3C
[   5906] STATUS mode=3 fault=none enc=-538 denc=0 sreq=0 sapplied=0 crate=-19 uimp=-298135 upos=820 uneg=3085 ball=-125.00 vball=0.03 aball=53.3 bref=0.00 pid=-18.6 pref=-300.0 ppos=-298.1 apid=0.0 integ=-0.0 vision=1 current=1 vframe=430 vs=1 vage=28 vpage=28 vdt=32 vmax=174 vacc=429 vrej=0 seq=0 elapsed=0 oled=3C
[   5936] STATUS mode=3 fault=none enc=-538 denc=0 sreq=0 sapplied=0 crate=-19 uimp=-298135 upos=820 uneg=3085 ball=-125.00 vball=-0.00 aball=53.3 bref=0.00 pid=-18.6 pref=-300.0 ppos=-298.1 apid=0.0 integ=-0.0 vision=1 current=1 vframe=431 vs=1 vage=15 vpage=15 vdt=33 vmax=174 vacc=430 vrej=0 seq=0 elapsed=0 oled=3C
[   5968] STATUS mode=3 fault=none enc=-538 denc=0 sreq=0 sapplied=0 crate=-19 uimp=-298135 upos=820 uneg=3085 ball=-125.00 vball=-0.00 aball=53.3 bref=0.00 pid=-18.6 pref=-300.0 ppos=-298.1 apid=0.0 integ=-0.0 vision=1 current=1 vframe=431 vs=1 vage=35 vpage=35 vdt=33 vmax=174 vacc=430 vrej=0 seq=0 elapsed=0 oled=3C
[   5983] STATUS mode=3 fault=none enc=-538 denc=0 sreq=0 sapplied=0 crate=-19 uimp=-298135 upos=820 uneg=3085 ball=-125.00 vball=-0.00 aball=53.3 bref=0.00 pid=-18.6 pref=-300.0 ppos=-298.1 apid=0.0 integ=-0.0 vision=1 current=1 vframe=431 vs=1 vage=75 vpage=75 vdt=33 vmax=174 vacc=430 vrej=0 seq=0 elapsed=0 oled=3C
[   6016] STATUS mode=3 fault=none enc=-538 denc=0 sreq=0 sapplied=0 crate=-19 uimp=-298135 upos=820 uneg=3085 ball=-125.00 vball=-0.00 aball=53.3 bref=0.00 pid=-18.6 pref=-300.0 ppos=-298.1 apid=0.0 integ=-0.0 vision=1 current=1 vframe=431 vs=1 vage=95 vpage=95 vdt=33 vmax=174 vacc=430 vrej=0 seq=0 elapsed=0 oled=3C
[   6047] STATUS mode=3 fault=none enc=-538 denc=0 sreq=0 sapplied=0 crate=-19 uimp=-298135 upos=820 uneg=3085 ball=-125.00 vball=-0.00 aball=28.5 bref=0.00 pid=-18.6 pref=-300.0 ppos=-298.1 apid=0.0 integ=-0.0 vision=1 current=1 vframe=433 vs=1 vage=1 vpage=1 vdt=34 vmax=174 vacc=432 vrej=0 seq=0 elapsed=0 oled=3C
[   6061] STATUS mode=3 fault=none enc=-538 denc=0 sreq=0 sapplied=0 crate=-19 uimp=-298135 upos=820 uneg=3085 ball=-125.00 vball=-0.00 aball=28.5 bref=0.00 pid=-18.6 pref=-300.0 ppos=-298.1 apid=0.0 integ=-0.0 vision=1 current=1 vframe=433 vs=1 vage=21 vpage=21 vdt=34 vmax=174 vacc=432 vrej=0 seq=0 elapsed=0 oled=3C
[   6093] STATUS mode=3 fault=none enc=-538 denc=0 sreq=0 sapplied=0 crate=-19 uimp=-298135 upos=820 uneg=3085 ball=-125.00 vball=-0.00 aball=28.5 bref=0.00 pid=-18.6 pref=-300.0 ppos=-298.1 apid=0.0 integ=-0.0 vision=1 current=1 vframe=434 vs=1 vage=8 vpage=8 vdt=33 vmax=174 vacc=433 vrej=0 seq=0 elapsed=0 oled=3C
[   6125] STATUS mode=3 fault=none enc=-538 denc=0 sreq=0 sapplied=0 crate=-19 uimp=-298135 upos=820 uneg=3085 ball=-125.00 vball=-0.00 aball=28.5 bref=0.00 pid=-18.6 pref=-300.0 ppos=-298.1 apid=0.0 integ=-0.0 vision=1 current=1 vframe=434 vs=1 vage=48 vpage=48 vdt=33 vmax=174 vacc=433 vrej=0 seq=0 elapsed=0 oled=3C
[   6156] STATUS mode=3 fault=none enc=-538 denc=0 sreq=0 sapplied=0 crate=-19 uimp=-298135 upos=820 uneg=3085 ball=-125.00 vball=-0.00 aball=28.5 bref=0.00 pid=-18.6 pref=-300.0 ppos=-298.1 apid=0.0 integ=-0.0 vision=1 current=1 vframe=434 vs=1 vage=68 vpage=68 vdt=33 vmax=174 vacc=433 vrej=0 seq=0 elapsed=0 oled=3C
[   6172] STATUS mode=3 fault=none enc=-538 denc=0 sreq=0 sapplied=0 crate=-19 uimp=-298135 upos=820 uneg=3085 ball=-125.00 vball=-0.00 aball=28.5 bref=0.00 pid=-18.6 pref=-300.0 ppos=-298.1 apid=0.0 integ=-0.0 vision=1 current=1 vframe=434 vs=1 vage=88 vpage=88 vdt=33 vmax=174 vacc=433 vrej=0 seq=0 elapsed=0 oled=3C
[   6202] STATUS mode=3 fault=none enc=-538 denc=0 sreq=0 sapplied=0 crate=-19 uimp=-298135 upos=820 uneg=3085 ball=-125.00 vball=-0.00 aball=15.7 bref=0.00 pid=-18.6 pref=-300.0 ppos=-298.1 apid=0.0 integ=-0.0 vision=1 current=1 vframe=435 vs=1 vage=31 vpage=31 vdt=97 vmax=174 vacc=434 vrej=0 seq=0 elapsed=0 oled=3C
[   6233] STATUS mode=3 fault=none enc=-538 denc=0 sreq=0 sapplied=0 crate=-19 uimp=-298135 upos=820 uneg=3085 ball=-125.00 vball=0.00 aball=15.7 bref=0.00 pid=-18.6 pref=-300.0 ppos=-298.1 apid=0.0 integ=-0.0 vision=1 current=1 vframe=436 vs=1 vage=14 vpage=14 vdt=37 vmax=174 vacc=435 vrej=0 seq=0 elapsed=0 oled=3C
[   6250] STATUS mode=3 fault=none enc=-538 denc=0 sreq=0 sapplied=0 crate=-19 uimp=-298135 upos=820 uneg=3085 ball=-125.00 vball=0.00 aball=15.7 bref=0.00 pid=-18.6 pref=-300.0 ppos=-298.1 apid=0.0 integ=-0.0 vision=1 current=1 vframe=436 vs=1 vage=34 vpage=34 vdt=37 vmax=174 vacc=435 vrej=0 seq=0 elapsed=0 oled=3C
[   6281] STATUS mode=3 fault=none enc=-538 denc=0 sreq=0 sapplied=0 crate=-19 uimp=-298135 upos=820 uneg=3085 ball=-125.00 vball=0.00 aball=15.7 bref=0.00 pid=-18.6 pref=-300.0 ppos=-298.1 apid=0.0 integ=-0.0 vision=1 current=1 vframe=436 vs=1 vage=74 vpage=74 vdt=37 vmax=174 vacc=435 vrej=0 seq=0 elapsed=0 oled=3C
[   6311] STATUS mode=3 fault=none enc=-538 denc=0 sreq=0 sapplied=0 crate=-19 uimp=-298135 upos=820 uneg=3085 ball=-125.00 vball=0.00 aball=15.7 bref=0.00 pid=-18.6 pref=-300.0 ppos=-298.1 apid=0.0 integ=-0.0 vision=1 current=1 vframe=436 vs=1 vage=94 vpage=94 vdt=37 vmax=174 vacc=435 vrej=0 seq=0 elapsed=0 oled=3C
[   6343] STATUS mode=3 fault=none enc=-538 denc=0 sreq=0 sapplied=0 crate=-19 uimp=-298135 upos=820 uneg=3085 ball=-125.00 vball=0.00 aball=8.6 bref=0.00 pid=-18.6 pref=-300.0 ppos=-298.1 apid=0.0 integ=-0.0 vision=1 current=1 vframe=438 vs=1 vage=3 vpage=3 vdt=8 vmax=174 vacc=437 vrej=0 seq=0 elapsed=0 oled=3C
[   6358] STATUS mode=3 fault=none enc=-538 denc=0 sreq=0 sapplied=0 crate=-19 uimp=-298135 upos=820 uneg=3085 ball=-125.00 vball=-0.00 aball=8.6 bref=0.00 pid=-18.6 pref=-300.0 ppos=-298.1 apid=0.0 integ=-0.0 vision=1 current=1 vframe=439 vs=1 vage=20 vpage=20 vdt=23 vmax=174 vacc=438 vrej=0 seq=0 elapsed=0 oled=3C
[   6391] STATUS mode=3 fault=none enc=-538 denc=0 sreq=0 sapplied=0 crate=-19 uimp=-298135 upos=820 uneg=3085 ball=-125.00 vball=-0.00 aball=8.6 bref=0.00 pid=-18.6 pref=-300.0 ppos=-298.1 apid=0.0 integ=-0.0 vision=1 current=1 vframe=440 vs=1 vage=8 vpage=8 vdt=32 vmax=174 vacc=439 vrej=0 seq=0 elapsed=0 oled=3C
[   6422] STATUS mode=3 fault=none enc=-538 denc=0 sreq=0 sapplied=0 crate=-19 uimp=-298135 upos=820 uneg=3085 ball=-125.00 vball=-0.00 aball=8.6 bref=0.00 pid=-18.6 pref=-300.0 ppos=-298.1 apid=0.0 integ=-0.0 vision=1 current=1 vframe=440 vs=1 vage=28 vpage=28 vdt=32 vmax=174 vacc=439 vrej=0 seq=0 elapsed=0 oled=3C
[   6436] STATUS mode=3 fault=none enc=-538 denc=0 sreq=0 sapplied=0 crate=-19 uimp=-298135 upos=820 uneg=3085 ball=-125.00 vball=-0.00 aball=8.6 bref=0.00 pid=-18.6 pref=-300.0 ppos=-298.1 apid=0.0 integ=-0.0 vision=1 current=1 vframe=440 vs=1 vage=68 vpage=68 vdt=32 vmax=174 vacc=439 vrej=0 seq=0 elapsed=0 oled=3C
[   6468] STATUS mode=3 fault=none enc=-538 denc=0 sreq=0 sapplied=0 crate=-19 uimp=-298135 upos=820 uneg=3085 ball=-125.00 vball=-0.00 aball=8.6 bref=0.00 pid=-18.6 pref=-300.0 ppos=-298.1 apid=0.0 integ=-0.0 vision=1 current=1 vframe=440 vs=1 vage=88 vpage=88 vdt=32 vmax=174 vacc=439 vrej=0 seq=0 elapsed=0 oled=3C
[   6500] STATUS mode=3 fault=none enc=-538 denc=0 sreq=0 sapplied=0 crate=-19 uimp=-298135 upos=820 uneg=3085 ball=-125.00 vball=-0.00 aball=8.6 bref=0.00 pid=-18.6 pref=-300.0 ppos=-298.1 apid=0.0 integ=-0.0 vision=1 current=1 vframe=441 vs=1 vage=4 vpage=4 vdt=104 vmax=174 vacc=440 vrej=0 seq=0 elapsed=0 oled=3C
[   6531] STATUS mode=3 fault=none enc=-538 denc=0 sreq=0 sapplied=0 crate=-19 uimp=-298135 upos=820 uneg=3085 ball=-125.00 vball=-0.00 aball=4.7 bref=0.00 pid=-18.6 pref=-300.0 ppos=-298.1 apid=0.0 integ=-0.0 vision=1 current=1 vframe=442 vs=1 vage=14 vpage=14 vdt=30 vmax=174 vacc=441 vrej=0 seq=0 elapsed=0 oled=3C
[   6547] STATUS mode=3 fault=none enc=-538 denc=0 sreq=0 sapplied=0 crate=-19 uimp=-298135 upos=820 uneg=3085 ball=-125.00 vball=0.00 aball=4.7 bref=0.00 pid=-18.6 pref=-300.0 ppos=-298.1 apid=0.0 integ=-0.0 vision=1 current=1 vframe=443 vs=1 vage=1 vpage=1 vdt=33 vmax=174 vacc=442 vrej=0 seq=0 elapsed=0 oled=3C
[   6577] STATUS mode=3 fault=none enc=-538 denc=0 sreq=0 sapplied=0 crate=-19 uimp=-298135 upos=820 uneg=3085 ball=-125.00 vball=0.00 aball=4.7 bref=0.00 pid=-18.6 pref=-300.0 ppos=-298.1 apid=0.0 integ=-0.0 vision=1 current=1 vframe=443 vs=1 vage=21 vpage=21 vdt=33 vmax=174 vacc=442 vrej=0 seq=0 elapsed=0 oled=3C
[   6608] STATUS mode=3 fault=none enc=-538 denc=0 sreq=0 sapplied=0 crate=-19 uimp=-298135 upos=820 uneg=3085 ball=-125.00 vball=0.00 aball=4.7 bref=0.00 pid=-18.6 pref=-300.0 ppos=-298.1 apid=0.0 integ=-0.0 vision=1 current=1 vframe=443 vs=1 vage=61 vpage=61 vdt=33 vmax=174 vacc=442 vrej=0 seq=0 elapsed=0 oled=3C
[   6625] STATUS mode=3 fault=none enc=-538 denc=0 sreq=0 sapplied=0 crate=-19 uimp=-298135 upos=820 uneg=3085 ball=-125.00 vball=0.00 aball=4.7 bref=0.00 pid=-18.6 pref=-300.0 ppos=-298.1 apid=0.0 integ=-0.0 vision=1 current=1 vframe=443 vs=1 vage=81 vpage=81 vdt=33 vmax=174 vacc=442 vrej=0 seq=0 elapsed=0 oled=3C
[   6656] STATUS mode=3 fault=none enc=-538 denc=0 sreq=0 sapplied=0 crate=-19 uimp=-298135 upos=820 uneg=3085 ball=-125.00 vball=0.00 aball=4.7 bref=0.00 pid=-18.6 pref=-300.0 ppos=-298.1 apid=0.0 integ=-0.0 vision=1 current=1 vframe=443 vs=1 vage=101 vpage=101 vdt=33 vmax=174 vacc=442 vrej=0 seq=0 elapsed=0 oled=3C
[   6686] STATUS mode=3 fault=none enc=-538 denc=0 sreq=0 sapplied=0 crate=-19 uimp=-298135 upos=820 uneg=3085 ball=-125.00 vball=0.00 aball=2.6 bref=0.00 pid=-18.6 pref=-300.0 ppos=-298.1 apid=0.0 integ=-0.0 vision=1 current=1 vframe=445 vs=1 vage=8 vpage=8 vdt=32 vmax=174 vacc=444 vrej=0 seq=0 elapsed=0 oled=3C
[   6718] STATUS mode=3 fault=none enc=-538 denc=0 sreq=0 sapplied=0 crate=-19 uimp=-298135 upos=820 uneg=3085 ball=-125.00 vball=0.00 aball=2.6 bref=0.00 pid=-18.6 pref=-300.0 ppos=-298.1 apid=0.0 integ=-0.0 vision=1 current=1 vframe=445 vs=1 vage=28 vpage=28 vdt=32 vmax=174 vacc=444 vrej=0 seq=0 elapsed=0 oled=3C
[   6733] STATUS mode=3 fault=none enc=-538 denc=0 sreq=0 sapplied=0 crate=-19 uimp=-298135 upos=820 uneg=3085 ball=-125.00 vball=0.00 aball=2.6 bref=0.00 pid=-18.6 pref=-300.0 ppos=-298.1 apid=0.0 integ=-0.0 vision=1 current=1 vframe=446 vs=1 vage=14 vpage=14 vdt=34 vmax=174 vacc=445 vrej=0 seq=0 elapsed=0 oled=3C
[   6766] STATUS mode=3 fault=none enc=-538 denc=0 sreq=0 sapplied=0 crate=-19 uimp=-298135 upos=820 uneg=3085 ball=-125.00 vball=0.00 aball=2.6 bref=0.00 pid=-18.6 pref=-300.0 ppos=-298.1 apid=0.0 integ=-0.0 vision=1 current=1 vframe=446 vs=1 vage=54 vpage=54 vdt=34 vmax=174 vacc=445 vrej=0 seq=0 elapsed=0 oled=3C
[   6797] STATUS mode=3 fault=none enc=-538 denc=0 sreq=0 sapplied=0 crate=-19 uimp=-298135 upos=820 uneg=3085 ball=-125.00 vball=0.00 aball=2.6 bref=0.00 pid=-18.6 pref=-300.0 ppos=-298.1 apid=0.0 integ=-0.0 vision=1 current=1 vframe=446 vs=1 vage=74 vpage=74 vdt=34 vmax=174 vacc=445 vrej=0 seq=0 elapsed=0 oled=3C
[   6811] STATUS mode=3 fault=none enc=-538 denc=0 sreq=0 sapplied=0 crate=-19 uimp=-298135 upos=820 uneg=3085 ball=-125.00 vball=0.00 aball=2.6 bref=0.00 pid=-18.6 pref=-300.0 ppos=-298.1 apid=0.0 integ=-0.0 vision=1 current=1 vframe=446 vs=1 vage=94 vpage=94 vdt=34 vmax=174 vacc=445 vrej=0 seq=0 elapsed=0 oled=3C
[   6843] STATUS mode=3 fault=none enc=-538 denc=0 sreq=0 sapplied=0 crate=-19 uimp=-298135 upos=820 uneg=3085 ball=-125.00 vball=0.00 aball=1.4 bref=0.00 pid=-18.6 pref=-300.0 ppos=-298.1 apid=0.0 integ=-0.0 vision=1 current=1 vframe=447 vs=1 vage=33 vpage=33 vdt=101 vmax=174 vacc=446 vrej=0 seq=0 elapsed=0 oled=3C
[   6875] STATUS mode=3 fault=none enc=-538 denc=0 sreq=0 sapplied=0 crate=-19 uimp=-298135 upos=820 uneg=3085 ball=-125.00 vball=-0.00 aball=1.4 bref=0.00 pid=-18.6 pref=-300.0 ppos=-298.1 apid=0.0 integ=-0.0 vision=1 current=1 vframe=448 vs=1 vage=20 vpage=20 vdt=33 vmax=174 vacc=447 vrej=0 seq=0 elapsed=0 oled=3C
[   6906] STATUS mode=3 fault=none enc=-538 denc=0 sreq=0 sapplied=0 crate=-19 uimp=-298135 upos=820 uneg=3085 ball=-125.00 vball=-0.00 aball=1.4 bref=0.00 pid=-18.6 pref=-300.0 ppos=-298.1 apid=0.0 integ=-0.0 vision=1 current=1 vframe=449 vs=1 vage=8 vpage=8 vdt=32 vmax=174 vacc=448 vrej=0 seq=0 elapsed=0 oled=3C
[   6922] STATUS mode=3 fault=none enc=-538 denc=0 sreq=0 sapplied=0 crate=-19 uimp=-298135 upos=820 uneg=3085 ball=-125.00 vball=-0.00 aball=1.4 bref=0.00 pid=-18.6 pref=-300.0 ppos=-298.1 apid=0.0 integ=-0.0 vision=1 current=1 vframe=449 vs=1 vage=48 vpage=48 vdt=32 vmax=174 vacc=448 vrej=0 seq=0 elapsed=0 oled=3C
[   6952] STATUS mode=3 fault=none enc=-538 denc=0 sreq=0 sapplied=0 crate=-19 uimp=-298135 upos=820 uneg=3085 ball=-125.00 vball=-0.00 aball=1.4 bref=0.00 pid=-18.6 pref=-300.0 ppos=-298.1 apid=0.0 integ=-0.0 vision=1 current=1 vframe=449 vs=1 vage=68 vpage=68 vdt=32 vmax=174 vacc=448 vrej=0 seq=0 elapsed=0 oled=3C
[   6983] STATUS mode=3 fault=none enc=-538 denc=0 sreq=0 sapplied=0 crate=-19 uimp=-298135 upos=820 uneg=3085 ball=-125.00 vball=-0.00 aball=1.4 bref=0.00 pid=-18.6 pref=-300.0 ppos=-298.1 apid=0.0 integ=-0.0 vision=1 current=1 vframe=449 vs=1 vage=88 vpage=88 vdt=32 vmax=174 vacc=448 vrej=0 seq=0 elapsed=0 oled=3C
[   7000] STATUS mode=3 fault=none enc=-538 denc=0 sreq=0 sapplied=0 crate=-19 uimp=-298135 upos=820 uneg=3085 ball=-125.00 vball=-0.00 aball=0.8 bref=0.00 pid=-18.6 pref=-300.0 ppos=-298.1 apid=0.0 integ=-0.0 vision=1 current=1 vframe=450 vs=1 vage=26 vpage=26 vdt=102 vmax=174 vacc=449 vrej=0 seq=0 elapsed=0 oled=3C
[   7031] STATUS mode=3 fault=none enc=-538 denc=0 sreq=0 sapplied=0 crate=-19 uimp=-298135 upos=820 uneg=3085 ball=-125.00 vball=-0.00 aball=0.8 bref=0.00 pid=-18.6 pref=-300.0 ppos=-298.1 apid=0.0 integ=-0.0 vision=1 current=1 vframe=451 vs=1 vage=14 vpage=14 vdt=32 vmax=174 vacc=450 vrej=0 seq=0 elapsed=0 oled=3C
[   7061] STATUS mode=3 fault=none enc=-538 denc=0 sreq=0 sapplied=0 crate=-19 uimp=-298135 upos=820 uneg=3085 ball=-125.00 vball=0.00 aball=0.8 bref=0.00 pid=-18.6 pref=-300.0 ppos=-298.1 apid=0.0 integ=-0.0 vision=1 current=1 vframe=458 vs=1 vage=1 vpage=1 vdt=33 vmax=174 vacc=457 vrej=0 seq=0 elapsed=0 oled=3C
[   7093] STATUS mode=3 fault=none enc=-538 denc=0 sreq=0 sapplied=0 crate=-19 uimp=-298135 upos=820 uneg=3085 ball=-125.00 vball=0.00 aball=0.8 bref=0.00 pid=-18.6 pref=-300.0 ppos=-298.1 apid=0.0 integ=-0.0 vision=1 current=1 vframe=458 vs=1 vage=41 vpage=41 vdt=33 vmax=174 vacc=457 vrej=0 seq=0 elapsed=0 oled=3C
[   7108] STATUS mode=3 fault=none enc=-538 denc=0 sreq=0 sapplied=0 crate=-19 uimp=-298135 upos=820 uneg=3085 ball=-125.00 vball=0.00 aball=0.8 bref=0.00 pid=-18.6 pref=-300.0 ppos=-298.1 apid=0.0 integ=-0.0 vision=1 current=1 vframe=458 vs=1 vage=61 vpage=61 vdt=33 vmax=174 vacc=457 vrej=0 seq=0 elapsed=0 oled=3C
[   7141] STATUS mode=3 fault=none enc=-538 denc=0 sreq=0 sapplied=0 crate=-19 uimp=-298135 upos=820 uneg=3085 ball=-125.00 vball=0.00 aball=0.8 bref=0.00 pid=-18.6 pref=-300.0 ppos=-298.1 apid=0.0 integ=-0.0 vision=1 current=1 vframe=458 vs=1 vage=81 vpage=81 vdt=33 vmax=174 vacc=457 vrej=0 seq=0 elapsed=0 oled=3C
[   7172] STATUS mode=3 fault=none enc=-538 denc=0 sreq=0 sapplied=0 crate=-19 uimp=-298135 upos=820 uneg=3085 ball=-125.00 vball=0.00 aball=0.4 bref=0.00 pid=-18.6 pref=-300.0 ppos=-298.1 apid=0.0 integ=-0.0 vision=1 current=1 vframe=459 vs=1 vage=15 vpage=15 vdt=106 vmax=174 vacc=458 vrej=0 seq=0 elapsed=0 oled=3C
[   7186] STATUS mode=3 fault=none enc=-538 denc=0 sreq=0 sapplied=0 crate=-19 uimp=-298135 upos=820 uneg=3085 ball=-125.00 vball=-0.00 aball=0.4 bref=0.00 pid=-18.6 pref=-300.0 ppos=-298.1 apid=0.0 integ=-0.0 vision=1 current=1 vframe=460 vs=1 vage=9 vpage=9 vdt=26 vmax=174 vacc=459 vrej=0 seq=0 elapsed=0 oled=3C
[   7218] STATUS mode=3 fault=none enc=-538 denc=0 sreq=0 sapplied=0 crate=-19 uimp=-298135 upos=820 uneg=3085 ball=-125.00 vball=-0.00 aball=0.4 bref=0.00 pid=-18.6 pref=-300.0 ppos=-298.1 apid=0.0 integ=-0.0 vision=1 current=1 vframe=460 vs=1 vage=29 vpage=29 vdt=26 vmax=174 vacc=459 vrej=0 seq=0 elapsed=0 oled=3C
[   7250] STATUS mode=3 fault=none enc=-538 denc=0 sreq=0 sapplied=0 crate=-19 uimp=-298135 upos=820 uneg=3085 ball=-125.00 vball=-0.00 aball=0.4 bref=0.00 pid=-18.6 pref=-300.0 ppos=-298.1 apid=0.0 integ=-0.0 vision=1 current=1 vframe=461 vs=1 vage=35 vpage=35 vdt=34 vmax=174 vacc=460 vrej=0 seq=0 elapsed=0 oled=3C
[   7281] STATUS mode=3 fault=none enc=-538 denc=0 sreq=0 sapplied=0 crate=-19 uimp=-298135 upos=820 uneg=3085 ball=-125.00 vball=-0.00 aball=0.4 bref=0.00 pid=-18.6 pref=-300.0 ppos=-298.1 apid=0.0 integ=-0.0 vision=1 current=1 vframe=461 vs=1 vage=55 vpage=55 vdt=34 vmax=174 vacc=460 vrej=0 seq=0 elapsed=0 oled=3C
[   7297] STATUS mode=3 fault=none enc=-538 denc=0 sreq=0 sapplied=0 crate=-19 uimp=-298135 upos=820 uneg=3085 ball=-125.00 vball=-0.00 aball=0.4 bref=0.00 pid=-18.6 pref=-300.0 ppos=-298.1 apid=0.0 integ=-0.0 vision=1 current=1 vframe=461 vs=1 vage=75 vpage=75 vdt=34 vmax=174 vacc=460 vrej=0 seq=0 elapsed=0 oled=3C
[   7327] STATUS mode=3 fault=none enc=-538 denc=0 sreq=0 sapplied=0 crate=-19 uimp=-298135 upos=820 uneg=3085 ball=-125.00 vball=-0.00 aball=0.2 bref=0.00 pid=-18.6 pref=-300.0 ppos=-298.1 apid=0.0 integ=-0.0 vision=1 current=1 vframe=462 vs=1 vage=13 vpage=13 vdt=102 vmax=174 vacc=461 vrej=0 seq=0 elapsed=0 oled=3C
[   7358] STATUS mode=3 fault=none enc=-538 denc=0 sreq=0 sapplied=0 crate=-19 uimp=-298135 upos=820 uneg=3085 ball=-125.00 vball=-0.00 aball=0.2 bref=0.00 pid=-18.6 pref=-300.0 ppos=-298.1 apid=0.0 integ=-0.0 vision=1 current=1 vframe=463 vs=1 vage=2 vpage=2 vdt=31 vmax=174 vacc=462 vrej=0 seq=0 elapsed=0 oled=3C
[   7375] STATUS mode=3 fault=none enc=-538 denc=0 sreq=0 sapplied=0 crate=-19 uimp=-298135 upos=820 uneg=3085 ball=-125.00 vball=-0.00 aball=0.2 bref=0.00 pid=-18.6 pref=-300.0 ppos=-298.1 apid=0.0 integ=-0.0 vision=1 current=1 vframe=464 vs=1 vage=9 vpage=9 vdt=t=31 vmax=174 vacc=462 vrej=0 seq=0 elapsed=0 oled=3C
[   7406] STATUS mode=3 fault=none enc=-538 denc=0 sreq=0 sapplied=0 crate=-19 uimp=-298135 upos=820 uneg=3085 ball=-125.00 vball=-0.00 aball=0.2 bref=0.00 pid=-18.6 pref=-300.0 ppos=-298.1 apid=0.0 integ=-0.0 vision=1 current=1 vframe=464 vs=1 vage=29 vpage=29 vdt=33 vmax=174 vacc=463 vrej=0 seq=0 elapsed=0 oled=3C
[   7436] STATUS mode=3 fault=none enc=-538 denc=0 sreq=0 sapplied=0 crate=-19 uimp=-298135 upos=820 uneg=3085 ball=-125.00 vball=-0.00 aball=0.2 bref=0.00 pid=-18.6 pref=-300.0 ppos=-298.1 apid=0.0 integ=-0.0 vision=1 current=1 vframe=464 vs=1 vage=49 vpage=49 vdt=33 vmax=174 vacc=463 vrej=0 seq=0 elapsed=0 oled=3C
[   7468] STATUS mode=3 fault=none enc=-538 denc=0 sreq=0 sapplied=0 crate=-19 uimp=-298135 upos=820 uneg=3085 ball=-125.00 vball=-0.00 aball=0.2 bref=0.00 pid=-18.6 pref=-300.0 ppos=-298.1 apid=0.0 integ=-0.0 vision=1 current=1 vframe=464 vs=1 vage=89 vpage=89 vdt=33 vmax=174 vacc=463 vrej=0 seq=0 elapsed=0 oled=3C
[   7483] STATUS mode=3 fault=none enc=-538 denc=0 sreq=0 sapplied=0 crate=-19 uimp=-298135 upos=820 uneg=3085 ball=-125.00 vball=-0.00 aball=0.1 bref=0.00 pid=-18.6 pref=-300.0 ppos=-298.1 apid=0.0 integ=-0.0 vision=1 current=1 vframe=465 vs=1 vage=13 vpage=13 vdt=96 vmax=174 vacc=464 vrej=0 seq=0 elapsed=0 oled=3C
[   7516] STATUS mode=3 fault=none enc=-538 denc=0 sreq=0 sapplied=0 crate=-19 uimp=-298135 upos=820 uneg=3085 ball=-125.00 vball=-0.00 aball=0.1 bref=0.00 pid=-18.6 pref=-300.0 ppos=-298.1 apid=0.0 integ=-0.0 vision=1 current=1 vframe=466 vs=1 vage=11 vpage=11 vdt=22 vmax=174 vacc=465 vrej=0 seq=0 elapsed=0 oled=3C
[   7547] STATUS mode=3 fault=none enc=-538 denc=0 sreq=0 sapplied=0 crate=-19 uimp=-298135 upos=820 uneg=3085 ball=-125.00 vball=-0.00 aball=0.1 bref=0.00 pid=-18.6 pref=-300.0 ppos=-298.1 apid=0.0 integ=-0.0 vision=1 current=1 vframe=467 vs=1 vage=19 vpage=19 vdt=32 vmax=174 vacc=466 vrej=0 seq=0 elapsed=0 oled=3C
[   7561] STATUS mode=3 fault=none enc=-538 denc=0 sreq=0 sapplied=0 crate=-19 uimp=-298135 upos=820 uneg=3085 ball=-125.00 vball=-0.00 aball=0.1 bref=0.00 pid=-18.6 pref=-300.0 ppos=-298.1 apid=0.0 integ=-0.0 vision=1 current=1 vframe=467 vs=1 vage=39 vpage=39 vdt=32 vmax=174 vacc=466 vrej=0 seq=0 elapsed=0 oled=3C
[   7593] STATUS mode=3 fault=none enc=-538 denc=0 sreq=0 sapplied=0 crate=-19 uimp=-298135 upos=820 uneg=3085 ball=-125.00 vball=-0.00 aball=0.1 bref=0.00 pid=-18.6 pref=-300.0 ppos=-298.1 apid=0.0 integ=-0.0 vision=1 current=1 vframe=467 vs=1 vage=59 vpage=59 vdt=32 vmax=174 vacc=466 vrej=0 seq=0 elapsed=0 oled=3C
[   7625] STATUS mode=3 fault=none enc=-538 denc=0 sreq=0 sapplied=0 crate=-19 uimp=-298135 upos=820 uneg=3085 ball=-125.00 vball=-0.00 aball=0.1 bref=0.00 pid=-18.6 pref=-300.0 ppos=-298.1 apid=0.0 integ=-0.0 vision=1 current=1 vframe=468 vs=1 vage=3 vpage=3 vdt=96 vmax=174 vacc=467 vrej=0 seq=0 elapsed=0 oled=3C
[   7656] STATUS mode=3 fault=none enc=-538 denc=0 sreq=0 sapplied=0 crate=-19 uimp=-298135 upos=820 uneg=3085 ball=-125.00 vball=-0.00 aball=0.1 bref=0.00 pid=-18.6 pref=-300.0 ppos=-298.1 apid=0.0 integ=-0.0 vision=1 current=1 vframe=469 vs=1 vage=2 vpage=2 vdt=21 vmax=174 vacc=468 vrej=0 seq=0 elapsed=0 oled=3C
[   7672] STATUS mode=3 fault=none enc=-538 denc=0 sreq=0 sapplied=0 crate=-19 uimp=-298135 upos=820 uneg=3085 ball=-125.00 vball=-0.00 aball=0.1 bref=0.00 pid=-18.6 pref=-300.0 ppos=-298.1 apid=0.0 integ=-0.0 vision=1 current=1 vframe=469 vs=1 vage=22 vpage=22 vdt=21 vmax=174 vacc=468 vrej=0 seq=0 elapsed=0 oled=3C
[   7702] STATUS mode=3 fault=none enc=-538 denc=0 sreq=0 sapplied=0 crate=-19 uimp=-298135 upos=820 uneg=3085 ball=-125.00 vball=-0.00 aball=0.1 bref=0.00 pid=-18.6 pref=-300.0 ppos=-298.1 apid=0.0 integ=-0.0 vision=1 current=1 vframe=470 vs=1 vage=29 vpage=29 vdt=33 vmax=174 vacc=469 vrej=0 seq=0 elapsed=0 oled=3C
[   7733] STATUS mode=3 fault=none enc=-538 denc=0 sreq=0 sapplied=0 crate=-19 uimp=-298135 upos=820 uneg=3085 ball=-125.00 vball=-0.00 aball=0.1 bref=0.00 pid=-18.6 pref=-300.0 ppos=-298.1 apid=0.0 integ=-0.0 vision=1 current=1 vframe=470 vs=1 vage=49 vpage=49 vdt=33 vmax=174 vacc=469 vrej=0 seq=0 elapsed=0 oled=3C
[   7766] STATUS mode=3 fault=none enc=-538 denc=0 sreq=0 sapplied=0 crate=-19 uimp=-298135 upos=820 uneg=3085 ball=-125.00 vball=-0.00 aball=0.1 bref=0.00 pid=-18.6 pref=-300.0 ppos=-298.1 apid=0.0 integ=-0.0 vision=1 current=1 vframe=470 vs=1 vage=69 vpage=69 vdt=33 vmax=174 vacc=469 vrej=0 seq=0 elapsed=0 oled=3C
[   7781] STATUS mode=3 fault=none enc=-538 denc=0 sreq=0 sapplied=0 crate=-19 uimp=-298135 upos=820 uneg=3085 ball=-125.00 vball=-0.00 aball=0.0 bref=0.00 pid=-18.6 pref=-300.0 ppos=-298.1 apid=0.0 integ=-0.0 vision=1 current=1 vframe=471 vs=1 vage=13 vpage=13 vdt=96 vmax=174 vacc=470 vrej=0 seq=0 elapsed=0 oled=3C
[   7811] STATUS mode=3 fault=none enc=-538 denc=0 sreq=0 sapplied=0 crate=-19 uimp=-298135 upos=820 uneg=3085 ball=-125.00 vball=-0.00 aball=0.0 bref=0.00 pid=-18.6 pref=-300.0 ppos=-298.1 apid=0.0 integ=-0.0 vision=1 current=1 vframe=472 vs=1 vage=12 vpage=12 vdt=21 vmax=174 vacc=471 vrej=0 seq=0 elapsed=0 oled=3C
[   7843] STATUS mode=3 fault=none enc=-538 denc=0 sreq=0 sapplied=0 crate=-19 uimp=-298135 upos=820 uneg=3085 ball=-125.00 vball=-0.00 aball=0.0 bref=0.00 pid=-18.6 pref=-300.0 ppos=-298.1 apid=0.0 integ=-0.0 vision=1 current=1 vframe=472 vs=1 vage=32 vpage=32 vdt=21 vmax=174 vacc=471 vrej=0 seq=0 elapsed=0 oled=3C
[   7858] STATUS mode=3 fault=none enc=-538 denc=0 sreq=0 sapplied=0 crate=-19 uimp=-298135 upos=820 uneg=3085 ball=-125.00 vball=-0.00 aball=0.0 bref=0.00 pid=-18.6 pref=-300.0 ppos=-298.1 apid=0.0 integ=-0.0 vision=1 current=1 vframe=473 vs=1 vage=39 vpage=39 vdt=33 vmax=174 vacc=472 vrej=0 seq=0 elapsed=0 oled=3C
[   7891] STATUS mode=3 fault=none enc=-538 denc=0 sreq=0 sapplied=0 crate=-19 uimp=-298135 upos=820 uneg=3085 ball=-125.00 vball=-0.00 aball=0.0 bref=0.00 pid=-18.6 pref=-300.0 ppos=-298.1 apid=0.0 integ=-0.0 vision=1 current=1 vframe=473 vs=1 vage=59 vpage=59 vdt=33 vmax=174 vacc=472 vrej=0 seq=0 elapsed=0 oled=3C
[   7922] STATUS mode=3 fault=none enc=-538 denc=0 sreq=0 sapplied=0 crate=-19 uimp=-298135 upos=820 uneg=3085 ball=-125.00 vball=-0.00 aball=0.0 bref=0.00 pid=-18.6 pref=-300.0 ppos=-298.1 apid=0.0 integ=-0.0 vision=1 current=1 vframe=473 vs=1 vage=79 vpage=79 vdt=33 vmax=174 vacc=472 vrej=0 seq=0 elapsed=0 oled=3C
[   7952] STATUS mode=3 fault=none enc=-538 denc=0 sreq=0 sapplied=0 crate=-19 uimp=-298135 upos=820 uneg=3085 ball=-125.00 vball=-0.00 aball=0.0 bref=0.00 pid=-18.6 pref=-300.0 ppos=-298.1 apid=0.0 integ=-0.0 vision=1 current=1 vframe=475 vs=1 vage=2 vpage=2 vdt=20 vmax=174 vacc=474 vrej=0 seq=0 elapsed=0 oled=3C
[   7968] STATUS mode=3 fault=none enc=-538 denc=0 sreq=0 sapplied=0 crate=-19 uimp=-298135 upos=820 uneg=3085 ball=-125.00 vball=-0.00 aball=0.0 bref=0.00 pid=-18.6 pref=-300.0 ppos=-298.1 apid=0.0 integ=-0.0 vision=1 current=1 vframe=475 vs=1 vage=22 vpage=22 vdt=20 vmax=174 vacc=474 vrej=0 seq=0 elapsed=0 oled=3C
[   8000] STATUS mode=3 fault=none enc=-538 denc=0 sreq=0 sapplied=0 crate=-19 uimp=-298135 upos=820 uneg=3085 ball=-125.00 vball=-0.00 aball=0.0 bref=0.00 pid=-18.6 pref=-300.0 ppos=-298.1 apid=0.0 integ=-0.0 vision=1 current=1 vframe=476 vs=1 vage=9 vpage=9 vdt=33 vmax=174 vacc=475 vrej=0 seq=0 elapsed=0 oled=3C
[   8031] STATUS mode=3 fault=none enc=-538 denc=0 sreq=0 sapplied=0 crate=-19 uimp=-298135 upos=820 uneg=3085 ball=-125.00 vball=-0.00 aball=0.0 bref=0.00 pid=-18.6 pref=-300.0 ppos=-298.1 apid=0.0 integ=-0.0 vision=1 current=1 vframe=476 vs=1 vage=49 vpage=49 vdt=33 vmax=174 vacc=475 vrej=0 seq=0 elapsed=0 oled=3C
[   8047] STATUS mode=3 fault=none enc=-538 denc=0 sreq=0 sapplied=0 crate=-19 uimp=-298135 upos=820 uneg=3085 ball=-125.00 vball=-0.00 aball=0.0 bref=0.00 pid=-18.6 pref=-300.0 ppos=-298.1 apid=0.0 integ=-0.0 vision=1 current=1 vframe=476 vs=1 vage=69 vpage=69 vdt=33 vmax=174 vacc=475 vrej=0 seq=0 elapsed=0 oled=3C
[   8077] STATUS mode=3 fault=none enc=-538 denc=0 sreq=0 sapplied=0 crate=-19 uimp=-298135 upos=820 uneg=3085 ball=-125.00 vball=-0.00 aball=0.0 bref=0.00 pid=-18.6 pref=-300.0 ppos=-298.1 apid=0.0 integ=-0.0 vision=1 current=1 vframe=476 vs=1 vage=89 vpage=89 vdt=33 vmax=174 vacc=475 vrej=0 seq=0 elapsed=0 oled=3C
[   8108] STATUS mode=3 fault=none enc=-538 denc=0 sreq=0 sapplied=0 crate=-19 uimp=-298135 upos=820 uneg=3085 ball=-125.00 vball=-0.00 aball=0.0 bref=0.00 pid=-18.6 pref=-300.0 ppos=-298.1 apid=0.0 integ=-0.0 vision=1 current=1 vframe=477 vs=1 vage=30 vpage=30 vdt=99 vmax=174 vacc=476 vrej=0 seq=0 elapsed=0 oled=3C
[   8141] STATUS mode=3 fault=none enc=-538 denc=0 sreq=0 sapplied=0 crate=-19 uimp=-298135 upos=820 uneg=3085 ball=-125.00 vball=-0.00 aball=0.0 bref=0.00 pid=-18.6 pref=-300.0 ppos=-298.1 apid=0.0 integ=-0.0 vision=1 current=1 vframe=478 vs=1 vage=15 vpage=15 vdt=35 vmax=174 vacc=477 vrej=0 seq=0 elapsed=0 oled=3C
[   8156] STATUS mode=3 fault=none enc=-538 denc=0 sreq=0 sapplied=0 crate=-19 uimp=-298135 upos=820 uneg=3085 ball=-125.00 vball=-0.00 aball=0.0 bref=0.00 pid=-18.6 pref=-300.0 ppos=-298.1 apid=0.0 integ=-0.0 vision=1 current=1 vframe=478 vs=1 vage=35 vpage=35 vdt=35 vmax=174 vacc=477 vrej=0 seq=0 elapsed=0 oled=3C
[   8186] STATUS mode=3 fault=none enc=-538 denc=0 sreq=0 sapplied=0 crate=-19 uimp=-298135 upos=820 uneg=3085 ball=-125.00 vball=-0.00 aball=0.0 bref=0.00 pid=-18.6 pref=-300.0 ppos=-298.1 apid=0.0 integ=-0.0 vision=1 current=1 vframe=478 vs=1 vage=75 vpage=75 vdt=35 vmax=174 vacc=477 vrej=0 seq=0 elapsed=0 oled=3C
[   8218] STATUS mode=3 fault=none enc=-538 denc=0 sreq=0 sapplied=0 crate=-19 uimp=-298135 upos=820 uneg=3085 ball=-125.00 vball=-0.00 aball=0.0 bref=0.00 pid=-18.6 pref=-300.0 ppos=-298.1 apid=0.0 integ=-0.0 vision=1 current=1 vframe=478 vs=1 vage=95 vpage=95 vdt=35 vmax=174 vacc=477 vrej=0 seq=0 elapsed=0 oled=3C
[   8233] STATUS mode=3 fault=none enc=-538 denc=0 sreq=0 sapplied=0 crate=-19 uimp=-298135 upos=820 uneg=3085 ball=-125.00 vball=-0.00 aball=0.0 bref=0.00 pid=-18.6 pref=-300.0 ppos=-298.1 apid=0.0 integ=-0.0 vision=1 current=1 vframe=479 vs=1 vage=6 vpage=6 vdt=109 vmax=174 vacc=478 vrej=0 seq=0 elapsed=0 oled=3C
[   8266] STATUS mode=3 fault=none enc=-538 denc=0 sreq=0 sapplied=0 crate=-19 uimp=-298135 upos=820 uneg=3085 ball=-125.00 vball=-0.00 aball=0.0 bref=0.00 pid=-18.6 pref=-300.0 ppos=-298.1 apid=0.0 integ=-0.0 vision=1 current=1 vframe=481 vs=1 vage=5 vpage=5 vdt=33 vmax=174 vacc=480 vrej=0 seq=0 elapsed=0 oled=3C
[   8297] STATUS mode=3 fault=none enc=-538 denc=0 sreq=0 sapplied=0 crate=-19 uimp=-298135 upos=820 uneg=3085 ball=-125.00 vball=-0.00 aball=0.0 bref=0.00 pid=-18.6 pref=-300.0 ppos=-298.1 apid=0.0 integ=-0.0 vision=1 current=1 vframe=481 vs=1 vage=25 vpage=25 vdt=33 vmax=174 vacc=480 vrej=0 seq=0 elapsed=0 oled=3C
[   8327] STATUS mode=3 fault=none enc=-538 denc=0 sreq=0 sapplied=0 crate=-19 uimp=-298135 upos=820 uneg=3085 ball=-125.00 vball=-0.00 aball=0.0 bref=0.00 pid=-18.6 pref=-300.0 ppos=-298.1 apid=0.0 integ=-0.0 vision=1 current=1 vframe=482 vs=1 vage=12 vpage=12 vdt=33 vmax=174 vacc=481 vrej=0 seq=0 elapsed=0 oled=3C
[   8343] STATUS mode=3 fault=none enc=-538 denc=0 sreq=0 sapplied=0 crate=-19 uimp=-298135 upos=820 uneg=3085 ball=-125.00 vball=-0.00 aball=0.0 bref=0.00 pid=-18.6 pref=-300.0 ppos=-298.1 apid=0.0 integ=-0.0 vision=1 current=1 vframe=482 vs=1 vage=52 vpage=52 vdt=33 vmax=174 vacc=481 vrej=0 seq=0 elapsed=0 oled=3C
[   8375] STATUS mode=3 fault=none enc=-538 denc=0 sreq=0 sapplied=0 crate=-19 uimp=-298135 upos=820 uneg=3085 ball=-125.00 vball=-0.00 aball=0.0 bref=0.00 pid=-18.6 pref=-300.0 ppos=-298.1 apid=0.0 integ=-0.0 vision=1 current=1 vframe=482 vs=1 vage=72 vpage=72 vdt=33 vmax=174 vacc=481 vrej=0 seq=0 elapsed=0 oled=3C
[   8406] STATUS mode=3 fault=none enc=-538 denc=0 sreq=0 sapplied=0 crate=-19 uimp=-298135 upos=820 uneg=3085 ball=-125.00 vball=-0.00 aball=0.0 bref=0.00 pid=-18.6 pref=-300.0 ppos=-298.1 apid=0.0 integ=-0.0 vision=1 current=1 vframe=482 vs=1 vage=92 vpage=92 vdt=33 vmax=174 vacc=481 vrej=0 seq=0 elapsed=0 oled=3C
[   8422] STATUS mode=3 fault=none enc=-538 denc=0 sreq=0 sapplied=0 crate=-19 uimp=-298135 upos=820 uneg=3085 ball=-125.00 vball=-0.00 aball=0.0 bref=0.00 pid=-18.6 pref=-300.0 ppos=-298.1 apid=0.0 integ=-0.0 vision=1 current=1 vframe=483 vs=1 vage=14 vpage=14 vdt=118 vmax=174 vacc=482 vrej=0 seq=0 elapsed=0 oled=3C
[   8452] STATUS mode=3 fault=none enc=-538 denc=0 sreq=0 sapplied=0 crate=-19 uimp=-298135 upos=820 uneg=3085 ball=-125.00 vball=-0.00 aball=0.0 bref=0.00 pid=-18.6 pref=-300.0 ppos=-298.1 apid=0.0 integ=-0.0 vision=1 current=1 vframe=484 vs=1 vage=3 vpage=3 vdt=31 vmax=174 vacc=483 vrej=0 seq=0 elapsed=0 oled=3C
[   8483] STATUS mode=3 fault=none enc=-538 denc=0 sreq=0 sapplied=0 crate=-19 uimp=-298135 upos=820 uneg=3085 ball=-125.00 vball=-0.00 aball=0.0 bref=0.00 pid=-18.6 pref=-300.0 ppos=-298.1 apid=0.0 integ=-0.0 vision=1 current=1 vframe=484 vs=1 vage=23 vpage=23 vdt=31 vmax=174 vacc=483 vrej=0 seq=0 elapsed=0 oled=3C
[   8516] STATUS mode=3 fault=none enc=-538 denc=0 sreq=0 sapplied=0 crate=-19 uimp=-298135 upos=820 uneg=3085 ball=-125.00 vball=-0.00 aball=0.0 bref=0.00 pid=-18.6 pref=-300.0 ppos=-298.1 apid=0.0 integ=-0.0 vision=1 current=1 vframe=485 vs=1 vage=30 vpage=30 vdt=33 vmax=174 vacc=484 vrej=0 seq=0 elapsed=0 oled=3C
[   8531] STATUS mode=3 fault=none enc=-538 denc=0 sreq=0 sapplied=0 crate=-19 uimp=-298135 upos=820 uneg=3085 ball=-125.00 vball=-0.00 aball=0.0 bref=0.00 pid=-18.6 pref=-300.0 ppos=-298.1 apid=0.0 integ=-0.0 vision=1 current=1 vframe=485 vs=1 vage=50 vpage=50 vdt=33 vmax=174 vacc=484 vrej=0 seq=0 elapsed=0 oled=3C
[   8561] STATUS mode=3 fault=none enc=-538 denc=0 sreq=0 sapplied=0 crate=-19 uimp=-298135 upos=820 uneg=3085 ball=-125.00 vball=-0.00 aball=0.0 bref=0.00 pid=-18.6 pref=-300.0 ppos=-298.1 apid=0.0 integ=-0.0 vision=1 current=1 vframe=485 vs=1 vage=70 vpage=70 vdt=33 vmax=174 vacc=484 vrej=0 seq=0 elapsed=0 oled=3C
[   8593] STATUS mode=3 fault=none enc=-538 denc=0 sreq=0 sapplied=0 crate=-19 uimp=-298135 upos=820 uneg=3085 ball=-125.00 vball=-0.00 aball=0.0 bref=0.00 pid=-18.6 pref=-300.0 ppos=-298.1 apid=0.0 integ=-0.0 vision=1 current=1 vframe=485 vs=1 vage=110 vpage=110 vdt=33 vmax=174 vacc=484 vrej=0 seq=0 elapsed=0 oled=3C
[   8625] STATUS mode=3 fault=none enc=-538 denc=0 sreq=0 sapplied=0 crate=-19 uimp=-298135 upos=820 uneg=3085 ball=-125.00 vball=-0.00 aball=0.0 bref=0.00 pid=-18.6 pref=-300.0 ppos=-298.1 apid=0.0 integ=-0.0 vision=1 current=1 vframe=485 vs=1 vage=130 vpage=130 vdt=33 vmax=174 vacc=484 vrej=0 seq=0 elapsed=0 oled=3C
[   8641] STATUS mode=3 fault=none enc=-538 denc=0 sreq=0 sapplied=0 crate=-19 uimp=-298135 upos=820 uneg=3085 ball=-125.00 vball=-0.00 aball=0.0 bref=0.00 pid=-18.6 pref=-300.0 ppos=-298.1 apid=0.0 integ=-0.0 vision=1 current=1 vframe=487 vs=1 vage=15 vpage=15 vdt=9 vmax=174 vacc=486 vrej=0 seq=0 elapsed=0 oled=3C
[   8672] STATUS mode=3 fault=none enc=-538 denc=0 sreq=0 sapplied=0 crate=-19 uimp=-298135 upos=820 uneg=3085 ball=-125.00 vball=-0.00 aball=0.0 bref=0.00 pid=-18.6 pref=-300.0 ppos=-298.1 apid=0.0 integ=-0.0 vision=1 current=1 vframe=487 vs=1 vage=35 vpage=35 vdt=9 vmax=174 vacc=486 vrej=0 seq=0 elapsed=0 oled=3C
[   8702] STATUS mode=3 fault=none enc=-538 denc=0 sreq=0 sapplied=0 crate=-19 uimp=-298135 upos=820 uneg=3085 ball=-125.00 vball=-0.00 aball=0.0 bref=0.00 pid=-18.6 pref=-300.0 ppos=-298.1 apid=0.0 integ=-0.0 vision=1 current=1 vframe=488 vs=1 vage=20 vpage=20 vdt=35 vmax=174 vacc=487 vrej=0 seq=0 elapsed=0 oled=3C
[   8718] STATUS mode=3 fault=none enc=-538 denc=0 sreq=0 sapplied=0 crate=-19 uimp=-298135 upos=820 uneg=3085 ball=-125.00 vball=-0.00 aball=0.0 bref=0.00 pid=-18.6 pref=-300.0 ppos=-298.1 apid=0.0 integ=-0.0 vision=1 current=1 vframe=488 vs=1 vage=60 vpage=60 vdt=35 vmax=174 vacc=487 vrej=0 seq=0 elapsed=0 oled=3C
[   8750] STATUS mode=3 fault=none enc=-538 denc=0 sreq=0 sapplied=0 crate=-19 uimp=-298135 upos=820 uneg=3085 ball=-125.00 vball=-0.00 aball=0.0 bref=0.00 pid=-18.6 pref=-300.0 ppos=-298.1 apid=0.0 integ=-0.0 vision=1 current=1 vframe=488 vs=1 vage=80 vpage=80 vdt=35 vmax=174 vacc=487 vrej=0 seq=0 elapsed=0 oled=3C
[   8781] STATUS mode=3 fault=none enc=-538 denc=0 sreq=0 sapplied=0 crate=-19 uimp=-298135 upos=820 uneg=3085 ball=-125.00 vball=-0.00 aball=0.0 bref=0.00 pid=-18.6 pref=-300.0 ppos=-298.1 apid=0.0 integ=-0.0 vision=1 current=1 vframe=488 vs=1 vage=100 vpage=100 vdt=35 vmax=174 vacc=487 vrej=0 seq=0 elapsed=0 oled=3C
[   8811] STATUS mode=3 fault=none enc=-538 denc=0 sreq=0 sapplied=0 crate=-19 uimp=-298135 upos=820 uneg=3085 ball=-125.00 vball=-0.00 aball=0.0 bref=0.00 pid=-18.6 pref=-300.0 ppos=-298.1 apid=0.0 integ=-0.0 vision=1 current=1 vframe=490 vs=1 vage=3 vpage=3 vdt=10 vmax=174 vacc=489 vrej=0 seq=0 elapsed=0 oled=3C
[   8827] STATUS mode=3 fault=none enc=-538 denc=0 sreq=0 sapplied=0 crate=-19 uimp=-298135 upos=820 uneg=3085 ball=-125.00 vball=-0.00 aball=0.0 bref=0.00 pid=-18.6 pref=-300.0 ppos=-298.1 apid=0.0 integ=-0.0 vision=1 current=1 vframe=491 vs=1 vage=1 vpage=1 vdt=22 vmax=174 vacc=490 vrej=0 seq=0 elapsed=0 oled=3C
[   8858] STATUS mode=3 fault=none enc=-538 denc=0 sreq=0 sapplied=0 crate=-19 uimp=-298135 upos=820 uneg=3085 ball=-125.00 vball=-0.00 aball=0.0 bref=0.00 pid=-18.6 pref=-300.0 ppos=-298.1 apid=0.0 integ=-0.0 vision=1 current=1 vframe=491 vs=1 vage=21 vpage=21 vdt=22 vmax=174 vacc=490 vrej=0 seq=0 elapsed=0 oled=3C
[   8891] STATUS mode=3 fault=none enc=-538 denc=0 sreq=0 sapplied=0 crate=-19 uimp=-298135 upos=820 uneg=3085 ball=-125.00 vball=-0.00 aball=0.0 bref=0.00 pid=-18.6 pref=-300.0 ppos=-298.1 apid=0.0 integ=-0.0 vision=1 current=1 vframe=492 vs=1 vage=27 vpage=27 vdt=34 vmax=174 vacc=491 vrej=0 seq=0 elapsed=0 oled=3C
[   8906] STATUS mode=3 fault=none enc=-538 denc=0 sreq=0 sapplied=0 crate=-19 uimp=-298135 upos=820 uneg=3085 ball=-125.00 vball=-0.00 aball=0.0 bref=0.00 pid=-18.6 pref=-300.0 ppos=-298.1 apid=0.0 integ=-0.0 vision=1 current=1 vframe=492 vs=1 vage=47 vpage=47 vdt=34 vmax=174 vacc=491 vrej=0 seq=0 elapsed=0 oled=3C
[   8936] STATUS mode=3 fault=none enc=-538 denc=0 sreq=0 sapplied=0 crate=-19 uimp=-298135 upos=820 uneg=3085 ball=-125.00 vball=-0.00 aball=0.0 bref=0.00 pid=-18.6 pref=-300.0 ppos=-298.1 apid=0.0 integ=-0.0 vision=1 current=1 vframe=492 vs=1 vage=67 vpage=67 vdt=34 vmax=174 vacc=491 vrej=0 seq=0 elapsed=0 oled=3C
[   8968] STATUS mode=3 fault=none enc=-538 denc=0 sreq=0 sapplied=0 crate=-19 uimp=-298135 upos=820 uneg=3085 ball=-125.00 vball=-0.00 aball=0.0 bref=0.00 pid=-18.6 pref=-300.0 ppos=-298.1 apid=0.0 integ=-0.0 vision=1 current=1 vframe=493 vs=1 vage=10 vpage=10 vdt=97 vmax=174 vacc=492 vrej=0 seq=0 elapsed=0 oled=3C
[   9000] STATUS mode=3 fault=none enc=-538 denc=0 sreq=0 sapplied=0 crate=-19 uimp=-298135 upos=820 uneg=3085 ball=-125.00 vball=-0.00 aball=0.0 bref=0.00 pid=-18.6 pref=-300.0 ppos=-298.1 apid=0.0 integ=-0.0 vision=1 current=1 vframe=494 vs=1 vage=9 vpage=9 vdt=21 vmax=174 vacc=493 vrej=0 seq=0 elapsed=0 oled=3C
[   9016] STATUS mode=3 fault=none enc=-538 denc=0 sreq=0 sapplied=0 crate=-19 uimp=-298135 upos=820 uneg=3085 ball=-125.00 vball=-0.00 aball=0.0 bref=0.00 pid=-18.6 pref=-300.0 ppos=-298.1 apid=0.0 integ=-0.0 vision=1 current=1 vframe=494 vs=1 vage=29 vpage=29 vdt=21 vmax=174 vacc=493 vrej=0 seq=0 elapsed=0 oled=3C
[   9047] STATUS mode=3 fault=none enc=-538 denc=0 sreq=0 sapplied=0 crate=-19 uimp=-298135 upos=820 uneg=3085 ball=-125.00 vball=-0.00 aball=0.0 bref=0.00 pid=-18.6 pref=-300.0 ppos=-298.1 apid=0.0 integ=-0.0 vision=1 current=1 vframe=495 vs=1 vage=36 vpage=36 vdt=33 vmax=174 vacc=494 vrej=0 seq=0 elapsed=0 oled=3C
[   9077] STATUS mode=3 fault=none enc=-538 denc=0 sreq=0 sapplied=0 crate=-19 uimp=-298135 upos=820 uneg=3085 ball=-125.00 vball=-0.00 aball=0.0 bref=0.00 pid=-18.6 pref=-300.0 ppos=-298.1 apid=0.0 integ=-0.0 vision=1 current=1 vframe=495 vs=1 vage=56 vpage=56 vdt=33 vmax=174 vacc=494 vrej=0 seq=0 elapsed=0 oled=3C
[   9093] STATUS mode=3 fault=none enc=-538 denc=0 sreq=0 sapplied=0 crate=-19 uimp=-298135 upos=820 uneg=3085 ball=-125.00 vball=-0.00 aball=0.0 bref=0.00 pid=-18.6 pref=-300.0 ppos=-298.1 apid=0.0 integ=-0.0 vision=1 current=1 vframe=495 vs=1 vage=76 vpage=76 vdt=33 vmax=174 vacc=494 vrej=0 seq=0 elapsed=0 oled=3C
[   9125] STATUS mode=3 fault=none enc=-538 denc=0 sreq=0 sapplied=0 crate=-19 uimp=-298135 upos=820 uneg=3085 ball=-125.00 vball=-0.00 aball=0.0 bref=0.00 pid=-18.6 pref=-300.0 ppos=-298.1 apid=0.0 integ=-0.0 vision=1 current=1 vframe=496 vs=1 vage=17 vpage=17 vdt=99 vmax=174 vacc=495 vrej=0 seq=0 elapsed=0 oled=3C
[   9156] STATUS mode=3 fault=none enc=-538 denc=0 sreq=0 sapplied=0 crate=-19 uimp=-298135 upos=820 uneg=3085 ball=-125.00 vball=-0.00 aball=0.0 bref=0.00 pid=-18.6 pref=-300.0 ppos=-298.1 apid=0.0 integ=-0.0 vision=1 current=1 vframe=497 vs=1 vage=4 vpage=4 vdt=33 vmax=174 vacc=496 vrej=0 seq=0 elapsed=0 oled=3C
[   9186] STATUS mode=3 fault=none enc=-538 denc=0 sreq=0 sapplied=0 crate=-19 uimp=-298135 upos=820 uneg=3085 ball=-125.00 vball=-0.00 aball=0.0 bref=0.00 pid=-18.6 pref=-300.0 ppos=-298.1 apid=0.0 integ=-0.0 vision=1 current=1 vframe=497 vs=1 vage=24 vpage=24 vdt=33 vmax=174 vacc=496 vrej=0 seq=0 elapsed=0 oled=3C
[   9202] STATUS mode=3 fault=none enc=-538 denc=0 sreq=0 sapplied=0 crate=-19 uimp=-298135 upos=820 uneg=3085 ball=-125.00 vball=-0.00 aball=0.0 bref=0.00 pid=-18.6 pref=-300.0 ppos=-298.1 apid=0.0 integ=-0.0 vision=1 current=1 vframe=497 vs=1 vage=64 vpage=64 vdt=33 vmax=174 vacc=496 vrej=0 seq=0 elapsed=0 oled=3C
[   9233] STATUS mode=3 fault=none enc=-538 denc=0 sreq=0 sapplied=0 crate=-19 uimp=-298135 upos=820 uneg=3085 ball=-125.00 vball=-0.00 aball=0.0 bref=0.00 pid=-18.6 pref=-300.0 ppos=-298.1 apid=0.0 integ=-0.0 vision=1 current=1 vframe=497 vs=1 vage=84 vpage=84 vdt=33 vmax=174 vacc=496 vrej=0 seq=0 elapsed=0 oled=3C
[   9266] STATUS mode=3 fault=none enc=-538 denc=0 sreq=0 sapplied=0 crate=-19 uimp=-298135 upos=820 uneg=3085 ball=-125.00 vball=-0.00 aball=0.0 bref=0.00 pid=-18.6 pref=-300.0 ppos=-298.1 apid=0.0 integ=-0.0 vision=1 current=1 vframe=497 vs=1 vage=104 vpage=104 vdt=33 vmax=174 vacc=496 vrej=0 seq=0 elapsed=0 oled=3C
[   9281] STATUS mode=3 fault=none enc=-538 denc=0 sreq=0 sapplied=0 crate=-19 uimp=-298135 upos=820 uneg=3085 ball=-125.00 vball=-0.00 aball=0.0 bref=0.00 pid=-18.6 pref=-300.0 ppos=-298.1 apid=0.0 integ=-0.0 vision=1 current=1 vframe=500 vs=1 vage=10 vpage=10 vdt=20 vmax=174 vacc=499 vrej=0 seq=0 elapsed=0 oled=3C
[   9311] STATUS mode=3 fault=none enc=-538 denc=0 sreq=0 sapplied=0 crate=-19 uimp=-298135 upos=820 uneg=3085 ball=-125.00 vball=-0.00 aball=0.0 bref=0.00 pid=-18.6 pref=-300.0 ppos=-298.1 apid=0.0 integ=-0.0 vision=1 current=1 vframe=500 vs=1 vage=30 vpage=30 vdt=20 vmax=174 vacc=499 vrej=0 seq=0 elapsed=0 oled=3C
[   9343] STATUS mode=3 fault=none enc=-538 denc=0 sreq=0 sapplied=0 crate=-19 uimp=-298135 upos=820 uneg=3085 ball=-125.00 vball=-0.00 aball=0.0 bref=0.00 pid=-18.6 pref=-300.0 ppos=-298.1 apid=0.0 integ=-0.0 vision=1 current=1 vframe=501 vs=1 vage=17 vpage=17 vdt=33 vmax=174 vacc=500 vrej=0 seq=0 elapsed=0 oled=3C
[   9343] >>> stop
[   9375] STATUS mode=3 fault=none enc=-538 denc=0 sreq=0 sapplied=0 crate=-19 uimp=-298135 upos=820 uneg=3085 ball=-125.00 vball=-0.00 aball=0.0 bref=0.00 pid=-18.6 pref=-300.0 ppos=-298.1 apid=0.0 integ=-0.0 vision=1 current=1 vframe=501 vs=1 vage=57 vpage=57 vdt=33 vmax=174 vacc=500 vrej=0 seq=0 elapsed=0 oled=3C
[   9391] STATUS mode=1 fault=none enc=-538 denc=0 sreq=0 sapplied=0 crate=0 uimp=-298135 upos=820 uneg=3085 ball=-125.00 vball=-0.00 aball=0.0 bref=0.00 pid=0.0 pref=0.0 ppos=0.0 apid=0.0 integ=0.0 vision=1 current=1 vframe=501 vs=1 vage=77 vpage=77 vdt=33 vmax=174 vacc=500 vrej=0 seq=0 elapsed=0 oled=3C
[   9422] STATUS mode=1 fault=none enc=-538 denc=0 sreq=0 sapplied=0 crate=0 uimp=-298135 upos=820 uneg=3085 ball=-125.00 vball=-0.00 aball=0.0 bref=0.00 pid=0.0 pref=0.0 ppos=0.0 apid=0.0 integ=0.0 vision=1 current=1 vframe=501 vs=1 vage=97 vpage=97 vdt=33 vmax=174 vacc=500 vrej=0 seq=0 elapsed=0 oled=3C
[   9452] STATUS mode=1 fault=none enc=-538 denc=0 sreq=0 sapplied=0 crate=0 uimp=-298135 upos=820 uneg=3085 ball=-125.00 vball=-0.00 aball=0.0 bref=0.00 pid=0.0 pref=0.0 ppos=0.0 apid=0.0 integ=0.0 vision=1 current=1 vframe=503 vs=1 vage=3 vpage=3 vdt=36 vmax=174 vacc=502 vrej=0 seq=0 elapsed=0 oled=3C
[   9468] STATUS mode=1 fault=none enc=-538 denc=0 sreq=0 sapplied=0 crate=0 uimp=-298135 upos=820 uneg=3085 ball=-125.00 vball=-0.00 aball=0.0 bref=0.00 pid=0.0 pref=0.0 ppos=0.0 apid=0.0 integ=0.0 vision=1 current=1 vframe=503 vs=1 vage=23 vpage=23 vdt=36 vmax=174 vacc=502 vrej=0 seq=0 elapsed=0 oled=3C
[   9500] STATUS mode=1 fault=none enc=-538 denc=0 sreq=0 sapplied=0 crate=0 uimp=-298135 upos=820 uneg=3085 ball=-125.00 vball=-0.00 aball=0.0 bref=0.00 pid=0.0 pref=0.0 ppos=0.0 apid=0.0 integ=0.0 vision=1 current=1 vframe=503 vs=1 vage=43 vpage=43 vdt=36 vmax=174 vacc=502 vrej=0 seq=0 elapsed=0 oled=3C
[   9531] STATUS mode=1 fault=none enc=-538 denc=0 sreq=0 sapplied=0 crate=0 uimp=-298135 upos=820 uneg=3085 ball=-125.00 vball=-0.00 aball=0.0 bref=0.00 pid=0.0 pref=0.0 ppos=0.0 apid=0.0 integ=0.0 vision=1 current=1 vframe=503 vs=1 vage=83 vpage=83 vdt=36 vmax=174 vacc=502 vrej=0 seq=0 elapsed=0 oled=3C
[   9547] STATUS mode=1 fault=none enc=-538 denc=0 sreq=0 sapplied=0 crate=0 uimp=-298135 upos=820 uneg=3085 ball=-125.00 vball=-0.00 aball=0.0 bref=0.00 pid=0.0 pref=0.0 ppos=0.0 apid=0.0 integ=0.0 vision=1 current=1 vframe=503 vs=1 vage=103 vpage=103 vdt=36 vmax=174 vacc=502 vrej=0 seq=0 elapsed=0 oled=3C
[   9577] STATUS mode=1 fault=none enc=-538 denc=0 sreq=0 sapplied=0 crate=0 uimp=-298135 upos=820 uneg=3085 ball=-125.00 vball=-0.00 aball=0.0 bref=0.00 pid=0.0 pref=0.0 ppos=0.0 apid=0.0 integ=0.0 vision=1 current=1 vframe=505 vs=1 vage=7 vpage=7 vdt=8 vmax=174 vacc=504 vrej=0 seq=0 elapsed=0 oled=3C
[   9593] STATUS mode=1 fault=none enc=-538 denc=0 sreq=0 sapplied=0 crate=0 uimp=-298135 upos=820 uneg=3085 ball=-125.00 vball=-0.00 aball=0.0 bref=0.00 pid=0.0 pref=0.0 ppos=0.0 apid=0.0 integ=0.0 vision=1 current=1 vframe=505 vs=1 vage=27 vpage=27 vdt=8 vmax=174 vacc=504 vrej=0 seq=0 elapsed=0 oled=3C
[   9625] STATUS mode=1 fault=none enc=-538 denc=0 sreq=0 sapplied=0 crate=0 uimp=-298135 upos=820 uneg=3085 ball=-125.00 vball=-0.00 aball=0.0 bref=0.00 pid=0.0 pref=0.0 ppos=0.0 apid=0.0 integ=0.0 vision=1 current=1 vframe=506 vs=1 vage=33 vpage=33 vdt=34 vmax=174 vacc=505 vrej=0 seq=0 elapsed=0 oled=3C
[   9656] STATUS mode=1 fault=none enc=-538 denc=0 sreq=0 sapplied=0 crate=0 uimp=-298135 upos=820 uneg=3085 ball=-125.00 vball=-0.00 aball=0.0 bref=0.00 pid=0.0 pref=0.0 ppos=0.0 apid=0.0 integ=0.0 vision=1 current=1 vframe=506 vs=1 vage=53 vpage=53 vdt=34 vmax=174 vacc=505 vrej=0 seq=0 elapsed=0 oled=3C
[   9672] STATUS mode=1 fault=none enc=-538 denc=0 sreq=0 sapplied=0 crate=0 uimp=-298135 upos=820 uneg=3085 ball=-125.00 vball=-0.00 aball=0.0 bref=0.00 pid=0.0 pref=0.0 ppos=0.0 apid=0.0 integ=0.0 vision=1 current=1 vframe=506 vs=1 vage=73 vpage=73 vdt=34 vmax=174 vacc=505 vrej=0 seq=0 elapsed=0 oled=3C
[   9702] STATUS mode=1 fault=none enc=-538 denc=0 sreq=0 sapplied=0 crate=0 uimp=-298135 upos=820 uneg=3085 ball=-125.00 vball=-0.00 aball=0.0 bref=0.00 pid=0.0 pref=0.0 ppos=0.0 apid=0.0 integ=0.0 vision=1 current=1 vframe=508 vs=1 vage=1 vpage=1 vdt=7 vmax=174 vacc=507 vrej=0 seq=0 elapsed=0 oled=3C
[   9702] >>> stream off
[   9733] STATUS mode=1 fault=none enc=-538 denc=0 sreq=0 sapplied=0 crate=0 uimp=-298135 upos=820 uneg=3085 ball=-125.00 vball=-0.00 aball=0.0 bref=0.00 pid=0.0 pref=0.0 ppos=0.0 apid=0.0 integ=0.0 vision=1 current=1 vframe=508 vs=1 vage=21 vpage=21 vdt=7 vmax=174 vacc=507 vrej=0 seq=0 elapsed=0 oled=3C
[   9733] OK stream off
[   9906] STOP_REASON time_limit
