[      0] >>> bench on
[      0] OK stepper visual-only bench active; command pose preserved
[    186] >>> clear
[    186] OK fault cleared
[    375] >>> diag reset
[    375] OK actuator diagnostics reset
[    561] >>> gain ball 1.2 0.5 2.0 -1
[    561] OK ball gains kp=1.200 ki=0.500 kd=2.000 sign=-1
[    750] >>> gain accel 0.0
[    750] OK ball acceleration gain ka=0.000
[    921] >>> limit rate 400
[    936] OK ball rate limit=400 steps/s
[   1093] >>> stream on 20
[   1093] OK stream on 20 ms
[   1125] STATUS mode=1 fault=none enc=-183 denc=0 sreq=0 sapplied=0 crate=0 uimp=0 upos=0 uneg=0 ball=3.75 vball=-0.00 aball=0.0 bref=0.00 pid=0.0 pref=-6.4 ppos=-6.4 apid=0.0 integ=0.0 vision=1 current=1 vframe=9417 vs=1 vage=13 vpage=13 vdt=34 vmax=3067 vacc=9256 vrej=0 seq=0 elapsed=0 oled=3C
[   1155] STATUS mode=1 fault=none enc=-183 denc=0 sreq=0 sapplied=0 crate=0 uimp=0 upos=0 uneg=0 ball=3.75 vball=-0.00 aball=0.0 bref=0.00 pid=0.0 pref=-6.4 ppos=-6.4 apid=0.0 integ=0.0 vision=1 current=1 vframe=9417 vs=1 vage=33 vpage=33 vdt=34 vmax=3067 vacc=9256 vrej=0 seq=0 elapsed=0 oled=3C
[   1186] STATUS mode=1 fault=none enc=-183 denc=0 sreq=0 sapplied=0 crate=0 uimp=0 upos=0 uneg=0 ball=3.75 vball=-0.00 aball=0.0 bref=0.00 pid=0.0 pref=-6.4 ppos=-6.4 apid=0.0 integ=0.0 vision=1 current=1 vframe=9418 vs=1 vage=20 vpage=20 vdt=33 vmax=3067 vacc=9257 vrej=0 seq=0 elapsed=0 oled=3C
[   1202] STATUS mode=1 fault=none enc=-183 denc=0 sreq=0 sapplied=0 crate=0 uimp=0 upos=0 uneg=0 ball=3.75 vball=-0.00 aball=0.0 bref=0.00 pid=0.0 pref=-6.4 ppos=-6.4 apid=0.0 integ=0.0 vision=1 current=1 vframe=9419 vs=1 vage=7 vpage=7 vdt=33 vmax=3067 vacc=9258 vrej=0 seq=0 elapsed=0 oled=3C
[   1233] STATUS mode=1 fault=none enc=-183 denc=0 sreq=0 sapplied=0 crate=0 uimp=0 upos=0 uneg=0 ball=3.75 vball=-0.00 aball=0.0 bref=0.00 pid=0.0 pref=-6.4 ppos=-6.4 apid=0.0 integ=0.0 vision=1 current=1 vframe=9420 vs=1 vage=14 vpage=14 vdt=33 vmax=3067 vacc=9259 vrej=0 seq=0 elapsed=0 oled=3C
[   1264] STATUS mode=1 fault=none enc=-183 denc=0 sreq=0 sapplied=0 crate=0 uimp=0 upos=0 uneg=0 ball=3.75 vball=-0.00 aball=0.0 bref=0.00 pid=0.0 pref=-6.4 ppos=-6.4 apid=0.0 integ=0.0 vision=1 current=1 vframe=9420 vs=1 vage=34 vpage=34 vdt=33 vmax=3067 vacc=9259 vrej=0 seq=0 elapsed=0 oled=3C
[   1264] >>> ball 30.0
[   1280] STATUS mode=1 fault=none enc=-183 denc=0 sreq=0 sapplied=0 crate=0 uimp=0 upos=0 uneg=0 ball=3.75 vball=-0.00 aball=0.0 bref=0.00 pid=0.0 pref=-6.4 ppos=-6.4 apid=0.0 integ=0.0 vision=1 current=1 vframe=9421 vs=1 vage=20 vpage=20 vdt=34 vmax=3067 vacc=9260 vrej=0 seq=0 elapsed=0 oled=3C
[   1311] STATUS mode=3 fault=none enc=-179 denc=4 sreq=-100 sapplied=-100 crate=-100 uimp=0 upos=0 uneg=0 ball=3.75 vball=-0.00 aball=0.0 bref=30.00 pid=-315.0 pref=-37.9 ppos=-6.4 apid=0.0 integ=-0.0 vision=1 current=1 vframe=9422 vs=1 vage=7 vpage=7 vdt=33 vmax=3067 vacc=9261 vrej=0 seq=0 elapsed=0 oled=3C
[   1343] STATUS mode=3 fault=none enc=-190 denc=-2 sreq=-221 sapplied=-221 crate=-221 uimp=-9445 upos=0 uneg=40 ball=3.75 vball=-0.00 aball=0.0 bref=30.00 pid=-220.6 pref=-37.9 ppos=-15.8 apid=0.0 integ=-0.0 vision=1 current=1 vframe=9423 vs=1 vage=14 vpage=14 vdt=33 vmax=3067 vacc=9262 vrej=0 seq=0 elapsed=0 oled=3C
[   1358] STATUS mode=3 fault=none enc=-195 denc=-2 sreq=-180 sapplied=-180 crate=-180 uimp=-13540 upos=0 uneg=60 ball=3.75 vball=-0.00 aball=0.0 bref=30.00 pid=-179.6 pref=-37.9 ppos=-19.9 apid=0.0 integ=-0.0 vision=1 current=1 vframe=9423 vs=1 vage=34 vpage=34 vdt=33 vmax=3067 vacc=9262 vrej=0 seq=0 elapsed=0 oled=3C
[   1389] STATUS mode=3 fault=none enc=-199 denc=-1 sreq=-146 sapplied=-146 crate=-146 uimp=-16875 upos=0 uneg=80 ball=3.75 vball=-0.00 aball=0.0 bref=30.00 pid=-146.3 pref=-37.9 ppos=-23.3 apid=0.0 integ=-0.0 vision=1 current=1 vframe=9424 vs=1 vage=20 vpage=20 vdt=34 vmax=3067 vacc=9263 vrej=0 seq=0 elapsed=0 oled=3C
[   1421] STATUS mode=3 fault=none enc=-205 denc=-1 sreq=-85 sapplied=-85 crate=-85 uimp=-21515 upos=0 uneg=120 ball=3.79 vball=0.73 aball=3.3 bref=30.00 pid=-84.8 pref=-36.4 ppos=-27.9 apid=0.0 integ=-0.0 vision=1 current=1 vframe=9425 vs=1 vage=27 vpage=27 vdt=33 vmax=3067 vacc=9264 vrej=0 seq=0 elapsed=0 oled=3C
[   1436] STATUS mode=3 fault=none enc=-206 denc=0 sreq=-67 sapplied=-67 crate=-67 uimp=-23080 upos=0 uneg=140 ball=3.82 vball=0.80 aball=3.3 bref=30.00 pid=-67.4 pref=-36.2 ppos=-29.5 apid=0.0 integ=-0.0 vision=1 current=1 vframe=9426 vs=1 vage=14 vpage=14 vdt=33 vmax=3067 vacc=9265 vrej=0 seq=0 elapsed=0 oled=3C
[   1468] STATUS mode=3 fault=none enc=-208 denc=0 sreq=-55 sapplied=-55 crate=-55 uimp=-24330 upos=0 uneg=160 ball=3.82 vball=0.80 aball=3.3 bref=30.00 pid=-54.9 pref=-36.2 ppos=-30.7 apid=0.0 integ=-0.0 vision=1 current=1 vframe=9426 vs=1 vage=34 vpage=34 vdt=33 vmax=3067 vacc=9265 vrej=0 seq=0 elapsed=0 oled=3C
[   1500] STATUS mode=3 fault=none enc=-210 denc=1 sreq=-53 sapplied=-53 crate=-53 uimp=-26375 upos=0 uneg=200 ball=3.82 vball=0.08 aball=-1.1 bref=30.00 pid=-53.1 pref=-38.1 ppos=-32.8 apid=-0.0 integ=-0.4 vision=1 current=1 vframe=9428 vs=1 vage=7 vpage=7 vdt=33 vmax=3067 vacc=9267 vrej=0 seq=0 elapsed=0 oled=3C
[   1530] STATUS mode=3 fault=none enc=-212 denc=0 sreq=-43 sapplied=-43 crate=-43 uimp=-27360 upos=0 uneg=220 ball=3.82 vball=0.08 aball=-1.1 bref=30.00 pid=-43.3 pref=-38.1 ppos=-33.7 apid=-0.0 integ=-0.4 vision=1 current=1 vframe=9428 vs=1 vage=27 vpage=27 vdt=33 vmax=3067 vacc=9267 vrej=0 seq=0 elapsed=0 oled=3C
[   1546] STATUS mode=3 fault=none enc=-213 denc=0 sreq=-54 sapplied=-54 crate=-54 uimp=-28260 upos=0 uneg=240 ball=3.77 vball=-0.65 aball=-1.1 bref=30.00 pid=-53.8 pref=-40.0 ppos=-34.6 apid=-0.0 integ=-0.9 vision=1 current=1 vframe=9429 vs=1 vage=14 vpage=14 vdt=33 vmax=3067 vacc=9268 vrej=0 seq=0 elapsed=0 oled=3C
[   1577] STATUS mode=3 fault=none enc=-214 denc=0 sreq=-25 sapplied=-25 crate=-25 uimp=-29905 upos=0 uneg=280 ball=3.80 vball=0.16 aball=-1.1 bref=30.00 pid=-25.3 pref=-38.8 ppos=-36.3 apid=-0.0 integ=-1.3 vision=1 current=1 vframe=9430 vs=1 vage=20 vpage=20 vdt=34 vmax=3067 vacc=9269 vrej=0 seq=0 elapsed=0 oled=3C
[   1608] STATUS mode=3 fault=none enc=-215 denc=0 sreq=0 sapplied=0 crate=11 uimp=-30375 upos=0 uneg=300 ball=3.92 vball=1.89 aball=7.5 bref=30.00 pid=11.2 pref=-35.6 ppos=-36.8 apid=0.0 integ=-1.7 vision=1 current=1 vframe=9431 vs=1 vage=7 vpage=7 vdt=33 vmax=3067 vacc=9270 vrej=0 seq=0 elapsed=0 oled=3C
[   1625] STATUS mode=3 fault=none enc=-215 denc=0 sreq=0 sapplied=0 crate=11 uimp=-30375 upos=0 uneg=300 ball=3.92 vball=1.89 aball=7.5 bref=30.00 pid=11.2 pref=-35.6 ppos=-36.8 apid=0.0 integ=-1.7 vision=1 current=1 vframe=9431 vs=1 vage=27 vpage=27 vdt=33 vmax=3067 vacc=9270 vrej=0 seq=0 elapsed=0 oled=3C
[   1655] STATUS mode=3 fault=none enc=-215 denc=0 sreq=0 sapplied=0 crate=0 uimp=-30375 upos=0 uneg=300 ball=3.94 vball=1.24 aball=7.5 bref=30.00 pid=0.0 pref=-37.4 ppos=-36.8 apid=0.0 integ=-2.2 vision=1 current=1 vframe=9432 vs=1 vage=34 vpage=34 vdt=33 vmax=3067 vacc=9271 vrej=0 seq=0 elapsed=0 oled=3C
[   1686] STATUS mode=3 fault=none enc=-215 denc=0 sreq=0 sapplied=0 crate=-16 uimp=-30375 upos=0 uneg=300 ball=3.96 vball=0.97 aball=7.5 bref=30.00 pid=-15.6 pref=-38.3 ppos=-36.8 apid=0.0 integ=-2.6 vision=1 current=1 vframe=9433 vs=1 vage=19 vpage=19 vdt=35 vmax=3067 vacc=9272 vrej=0 seq=0 elapsed=0 oled=3C
[   1702] STATUS mode=3 fault=none enc=-215 denc=0 sreq=-27 sapplied=-27 crate=-27 uimp=-30375 upos=0 uneg=300 ball=3.97 vball=0.60 aball=-1.5 bref=30.00 pid=-27.3 pref=-39.5 ppos=-36.8 apid=-0.0 integ=-3.1 vision=1 current=1 vframe=9434 vs=1 vage=5 vpage=5 vdt=34 vmax=3067 vacc=9273 vrej=0 seq=0 elapsed=0 oled=3C
[   1733] STATUS mode=3 fault=none enc=-217 denc=-1 sreq=-34 sapplied=-34 crate=-34 uimp=-31375 upos=0 uneg=340 ball=3.95 vball=-0.01 aball=-1.5 bref=30.00 pid=-34.0 pref=-41.2 ppos=-37.8 apid=-0.0 integ=-3.5 vision=1 current=1 vframe=9435 vs=1 vage=12 vpage=12 vdt=33 vmax=3067 vacc=9274 vrej=0 seq=0 elapsed=0 oled=3C
[   1764] STATUS mode=3 fault=none enc=-217 denc=0 sreq=-28 sapplied=-28 crate=-28 uimp=-32005 upos=0 uneg=360 ball=3.95 vball=-0.01 aball=-1.5 bref=30.00 pid=-27.7 pref=-41.2 ppos=-38.4 apid=-0.0 integ=-3.5 vision=1 current=1 vframe=9435 vs=1 vage=32 vpage=32 vdt=33 vmax=3067 vacc=9274 vrej=0 seq=0 elapsed=0 oled=3C
[   1796] STATUS mode=3 fault=none enc=-218 denc=0 sreq=-29 sapplied=-29 crate=-29 uimp=-32585 upos=0 uneg=380 ball=3.94 vball=-0.13 aball=-1.5 bref=30.00 pid=-28.9 pref=-41.9 ppos=-39.0 apid=-0.0 integ=-3.9 vision=1 current=1 vframe=9436 vs=1 vage=18 vpage=18 vdt=34 vmax=3067 vacc=9275 vrej=0 seq=0 elapsed=0 oled=3C
[   1811] STATUS mode=3 fault=none enc=-219 denc=0 sreq=-31 sapplied=-31 crate=-31 uimp=-33820 upos=0 uneg=420 ball=3.91 vball=-0.61 aball=-6.3 bref=30.00 pid=-30.8 pref=-43.3 ppos=-40.2 apid=-0.0 integ=-4.4 vision=1 current=1 vframe=9437 vs=1 vage=25 vpage=25 vdt=33 vmax=3067 vacc=9276 vrej=0 seq=0 elapsed=0 oled=3C
[   1843] STATUS mode=3 fault=none enc=-221 denc=-2 sreq=0 sapplied=0 crate=-17 uimp=-34260 upos=0 uneg=435 ball=3.94 vball=0.07 aball=-6.3 bref=30.00 pid=-16.7 pref=-42.3 ppos=-40.6 apid=-0.0 integ=-4.8 vision=1 current=1 vframe=9438 vs=1 vage=12 vpage=12 vdt=33 vmax=3067 vacc=9277 vrej=0 seq=0 elapsed=0 oled=3C
[   1875] STATUS mode=3 fault=none enc=-220 denc=0 sreq=0 sapplied=0 crate=-17 uimp=-34260 upos=0 uneg=435 ball=3.94 vball=0.09 aball=-6.3 bref=30.00 pid=-16.7 pref=-42.3 ppos=-40.6 apid=-0.0 integ=-4.8 vision=1 current=1 vframe=9439 vs=1 vage=1 vpage=1 vdt=31 vmax=3067 vacc=9278 vrej=0 seq=0 elapsed=0 oled=3C
[   1889] STATUS mode=3 fault=none enc=-221 denc=0 sreq=-24 sapplied=-24 crate=-24 uimp=-34360 upos=0 uneg=440 ball=3.94 vball=0.05 aball=-0.4 bref=30.00 pid=-24.5 pref=-43.2 ppos=-40.7 apid=-0.0 integ=-5.6 vision=1 current=1 vframe=9440 vs=1 vage=8 vpage=8 vdt=33 vmax=3067 vacc=9279 vrej=0 seq=0 elapsed=0 oled=3C
[   1921] STATUS mode=3 fault=none enc=-221 denc=0 sreq=-20 sapplied=-20 crate=-20 uimp=-34810 upos=0 uneg=460 ball=3.94 vball=0.05 aball=-0.4 bref=30.00 pid=-20.0 pref=-43.2 ppos=-41.2 apid=-0.0 integ=-5.6 vision=1 current=1 vframe=9440 vs=1 vage=28 vpage=28 vdt=33 vmax=3067 vacc=9279 vrej=0 seq=0 elapsed=0 oled=3C
[   1952] STATUS mode=3 fault=none enc=-222 denc=0 sreq=-32 sapplied=-32 crate=-32 uimp=-35260 upos=0 uneg=475 ball=3.90 vball=-0.56 aball=-0.4 bref=30.00 pid=-32.3 pref=-44.9 ppos=-41.6 apid=-0.0 integ=-6.1 vision=1 current=1 vframe=9441 vs=1 vage=16 vpage=16 vdt=32 vmax=3067 vacc=9280 vrej=0 seq=0 elapsed=0 oled=3C
[   1983] STATUS mode=3 fault=none enc=-223 denc=0 sreq=-21 sapplied=-21 crate=-21 uimp=-36350 upos=0 uneg=515 ball=3.89 vball=-0.34 aball=-0.4 bref=30.00 pid=-21.5 pref=-44.9 ppos=-42.7 apid=-0.0 integ=-6.5 vision=1 current=1 vframe=9442 vs=1 vage=23 vpage=23 vdt=33 vmax=3067 vacc=9281 vrej=0 seq=0 elapsed=0 oled=3C
[   2000] STATUS mode=3 fault=none enc=-223 denc=0 sreq=84 sapplied=84 crate=84 uimp=-36555 upos=0 uneg=525 ball=4.25 vball=4.60 aball=20.7 bref=30.00 pid=83.7 pref=-34.6 ppos=-42.9 apid=0.0 integ=-6.5 vision=1 current=1 vframe=9443 vs=1 vage=10 vpage=10 vdt=33 vmax=3067 vacc=9282 vrej=0 seq=0 elapsed=0 oled=3C
[   2030] STATUS mode=3 fault=none enc=-222 denc=0 sreq=68 sapplied=68 crate=68 uimp=-34995 upos=20 uneg=525 ball=4.25 vball=4.60 aball=20.7 bref=30.00 pid=68.1 pref=-34.6 ppos=-41.4 apid=0.0 integ=-6.5 vision=1 current=1 vframe=9443 vs=1 vage=30 vpage=30 vdt=33 vmax=3067 vacc=9282 vrej=0 seq=0 elapsed=0 oled=3C
[   2061] STATUS mode=3 fault=none enc=-221 denc=0 sreq=0 sapplied=0 crate=19 uimp=-33655 upos=60 uneg=525 ball=4.27 vball=1.32 aball=20.7 bref=30.00 pid=18.7 pref=-38.2 ppos=-40.0 apid=0.0 integ=-6.5 vision=1 current=1 vframe=9445 vs=1 vage=3 vpage=3 vdt=33 vmax=3067 vacc=9284 vrej=0 seq=0 elapsed=0 oled=3C
[   2077] STATUS mode=3 fault=none enc=-220 denc=0 sreq=0 sapplied=0 crate=-11 uimp=-33655 upos=60 uneg=525 ball=4.27 vball=1.32 aball=20.7 bref=30.00 pid=-10.7 pref=-41.1 ppos=-40.0 apid=0.0 integ=-6.5 vision=1 current=1 vframe=9445 vs=1 vage=23 vpage=23 vdt=33 vmax=3067 vacc=9284 vrej=0 seq=0 elapsed=0 oled=3C
[   2108] STATUS mode=3 fault=none enc=-220 denc=0 sreq=-25 sapplied=-25 crate=-25 uimp=-33655 upos=60 uneg=525 ball=4.26 vball=0.59 aball=-6.7 bref=30.00 pid=-25.4 pref=-42.6 ppos=-40.0 apid=-0.0 integ=-6.5 vision=1 current=1 vframe=9446 vs=1 vage=10 vpage=10 vdt=33 vmax=3067 vacc=9285 vrej=0 seq=0 elapsed=0 oled=3C
[   2139] STATUS mode=3 fault=none enc=-220 denc=0 sreq=-23 sapplied=-23 crate=-23 uimp=-34575 upos=60 uneg=565 ball=4.26 vball=0.25 aball=-6.7 bref=30.00 pid=-23.0 pref=-43.3 ppos=-41.0 apid=-0.0 integ=-6.5 vision=1 current=1 vframe=9447 vs=1 vage=17 vpage=17 vdt=33 vmax=3067 vacc=9286 vrej=0 seq=0 elapsed=0 oled=3C
[   2155] STATUS mode=3 fault=none enc=-221 denc=0 sreq=0 sapplied=0 crate=-19 uimp=-35005 upos=60 uneg=585 ball=4.26 vball=0.11 aball=-6.7 bref=30.00 pid=-18.7 pref=-43.3 ppos=-41.4 apid=-0.0 integ=-6.5 vision=1 current=1 vframe=9448 vs=1 vage=3 vpage=3 vdt=34 vmax=3067 vacc=9287 vrej=0 seq=0 elapsed=0 oled=3C
[   2186] STATUS mode=3 fault=none enc=-221 denc=0 sreq=0 sapplied=0 crate=-19 uimp=-35210 upos=60 uneg=595 ball=4.26 vball=0.11 aball=-6.7 bref=30.00 pid=-19.4 pref=-43.5 ppos=-41.6 apid=-0.0 integ=-6.5 vision=1 current=1 vframe=9448 vs=1 vage=23 vpage=23 vdt=34 vmax=3067 vacc=9287 vrej=0 seq=0 elapsed=0 oled=3C
[   2218] STATUS mode=3 fault=none enc=-221 denc=0 sreq=0 sapplied=0 crate=-19 uimp=-35415 upos=60 uneg=605 ball=4.26 vball=0.05 aball=-6.1 bref=30.00 pid=-18.6 pref=-43.7 ppos=-41.8 apid=-0.0 integ=-6.5 vision=1 current=1 vframe=9449 vs=1 vage=28 vpage=28 vdt=35 vmax=3067 vacc=9288 vrej=0 seq=0 elapsed=0 oled=3C
[   2250] STATUS mode=3 fault=none enc=-221 denc=0 sreq=-21 sapplied=-21 crate=-21 uimp=-35640 upos=60 uneg=615 ball=4.25 vball=0.02 aball=-6.1 bref=30.00 pid=-21.2 pref=-44.1 ppos=-42.0 apid=-0.0 integ=-6.9 vision=1 current=1 vframe=9450 vs=1 vage=16 vpage=16 vdt=32 vmax=3067 vacc=9289 vrej=0 seq=0 elapsed=0 oled=3C
[   2264] STATUS mode=3 fault=none enc=-221 denc=0 sreq=0 sapplied=0 crate=-19 uimp=-35845 upos=60 uneg=625 ball=4.21 vball=-0.59 aball=-6.1 bref=30.00 pid=-19.1 pref=-44.1 ppos=-42.2 apid=-0.0 integ=-6.9 vision=1 current=1 vframe=9451 vs=1 vage=2 vpage=2 vdt=34 vmax=3067 vacc=9290 vrej=0 seq=0 elapsed=0 oled=3C
[   2296] STATUS mode=3 fault=none enc=-221 denc=0 sreq=-25 sapplied=-25 crate=-25 uimp=-36935 upos=60 uneg=660 ball=4.21 vball=-0.35 aball=-5.1 bref=30.00 pid=-24.7 pref=-45.8 ppos=-43.3 apid=-0.0 integ=-7.8 vision=1 current=1 vframe=9452 vs=1 vage=9 vpage=9 vdt=33 vmax=3067 vacc=9291 vrej=0 seq=0 elapsed=0 oled=3C
[   2327] STATUS mode=3 fault=none enc=-222 denc=0 sreq=-20 sapplied=-20 crate=-20 uimp=-37390 upos=60 uneg=680 ball=4.21 vball=-0.35 aball=-5.1 bref=30.00 pid=-20.2 pref=-45.8 ppos=-43.8 apid=-0.0 integ=-7.8 vision=1 current=1 vframe=9452 vs=1 vage=29 vpage=29 vdt=33 vmax=3067 vacc=9291 vrej=0 seq=0 elapsed=0 oled=3C
[   2343] STATUS mode=3 fault=none enc=-222 denc=0 sreq=0 sapplied=0 crate=-19 uimp=-37590 upos=60 uneg=690 ball=4.21 vball=-0.17 aball=-5.1 bref=30.00 pid=-18.7 pref=-45.9 ppos=-44.0 apid=-0.0 integ=-8.2 vision=1 current=1 vframe=9453 vs=1 vage=17 vpage=17 vdt=32 vmax=3067 vacc=9292 vrej=0 seq=0 elapsed=0 oled=3C
[   2375] STATUS mode=3 fault=none enc=-222 denc=0 sreq=0 sapplied=0 crate=-19 uimp=-37795 upos=60 uneg=700 ball=4.21 vball=-0.07 aball=-5.1 bref=30.00 pid=-19.0 pref=-46.1 ppos=-44.2 apid=-0.0 integ=-8.6 vision=1 current=1 vframe=9454 vs=1 vage=23 vpage=23 vdt=34 vmax=3067 vacc=9293 vrej=0 seq=0 elapsed=0 oled=3C
[   2405] STATUS mode=3 fault=none enc=-222 denc=0 sreq=-23 sapplied=-23 crate=-23 uimp=-37795 upos=60 uneg=700 ball=4.21 vball=-0.03 aball=-1.4 bref=30.00 pid=-22.9 pref=-46.5 ppos=-44.2 apid=-0.0 integ=-9.1 vision=1 current=1 vframe=9455 vs=1 vage=7 vpage=7 vdt=36 vmax=3067 vacc=9294 vrej=0 seq=0 elapsed=0 oled=3C
[   2436] STATUS mode=3 fault=none enc=-222 denc=0 sreq=0 sapplied=0 crate=-19 uimp=-38225 upos=60 uneg=720 ball=4.21 vball=-0.03 aball=-1.4 bref=30.00 pid=-18.6 pref=-46.5 ppos=-44.6 apid=-0.0 integ=-9.1 vision=1 current=1 vframe=9455 vs=1 vage=27 vpage=27 vdt=36 vmax=3067 vacc=9294 vrej=0 seq=0 elapsed=0 oled=3C
[   2452] STATUS mode=3 fault=none enc=-222 denc=0 sreq=0 sapplied=0 crate=-19 uimp=-38540 upos=60 uneg=735 ball=4.12 vball=-1.11 aball=-1.4 bref=30.00 pid=-19.0 pref=-46.8 ppos=-44.9 apid=-0.0 integ=-9.5 vision=1 current=1 vframe=9457 vs=1 vage=2 vpage=2 vdt=34 vmax=3067 vacc=9296 vrej=0 seq=0 elapsed=0 oled=3C
[   2483] STATUS mode=3 fault=none enc=-221 denc=1 sreq=-40 sapplied=-40 crate=-40 uimp=-39205 upos=60 uneg=750 ball=4.12 vball=-1.11 aball=-1.4 bref=30.00 pid=-39.9 pref=-49.6 ppos=-45.6 apid=-0.0 integ=-9.9 vision=1 current=1 vframe=9457 vs=1 vage=22 vpage=22 vdt=34 vmax=3067 vacc=9296 vrej=0 seq=0 elapsed=0 oled=3C
[   2514] STATUS mode=3 fault=none enc=-223 denc=0 sreq=-28 sapplied=-28 crate=-28 uimp=-39945 upos=60 uneg=770 ball=4.12 vball=-0.68 aball=-3.8 bref=30.00 pid=-28.1 pref=-49.1 ppos=-46.3 apid=-0.0 integ=-10.3 vision=1 current=1 vframe=9458 vs=1 vage=9 vpage=9 vdt=33 vmax=3067 vacc=9297 vrej=0 seq=0 elapsed=0 oled=3C
[   2530] STATUS mode=3 fault=none enc=-224 denc=0 sreq=0 sapplied=0 crate=-18 uimp=-40690 upos=60 uneg=800 ball=4.12 vball=-0.32 aball=-3.8 bref=30.00 pid=-17.8 pref=-48.9 ppos=-47.1 apid=-0.0 integ=-10.8 vision=1 current=1 vframe=9459 vs=1 vage=16 vpage=16 vdt=33 vmax=3067 vacc=9298 vrej=0 seq=0 elapsed=0 oled=3C
[   2561] STATUS mode=3 fault=none enc=-224 denc=0 sreq=0 sapplied=0 crate=-18 uimp=-40690 upos=60 uneg=800 ball=4.12 vball=-0.14 aball=-3.8 bref=30.00 pid=-17.8 pref=-48.9 ppos=-47.1 apid=-0.0 integ=-10.8 vision=1 current=1 vframe=9460 vs=1 vage=1 vpage=1 vdt=35 vmax=3067 vacc=9299 vrej=0 seq=0 elapsed=0 oled=3C
[   2593] STATUS mode=3 fault=none enc=-224 denc=0 sreq=0 sapplied=0 crate=-19 uimp=-40690 upos=60 uneg=800 ball=4.12 vball=-0.14 aball=-3.8 bref=30.00 pid=-18.7 pref=-48.9 ppos=-47.1 apid=-0.0 integ=-11.2 vision=1 current=1 vframe=9460 vs=1 vage=21 vpage=21 vdt=35 vmax=3067 vacc=9299 vrej=0 seq=0 elapsed=0 oled=3C
[   2608] STATUS mode=3 fault=none enc=-224 denc=0 sreq=0 sapplied=0 crate=0 uimp=-40690 upos=60 uneg=800 ball=4.21 vball=1.04 aball=5.7 bref=30.00 pid=0.0 pref=-46.9 ppos=-47.1 apid=0.0 integ=-11.6 vision=1 current=1 vframe=9461 vs=1 vage=29 vpage=29 vdt=32 vmax=3067 vacc=9300 vrej=0 seq=0 elapsed=0 oled=3C
[   2639] STATUS mode=3 fault=none enc=-224 denc=0 sreq=0 sapplied=0 crate=-10 uimp=-40690 upos=60 uneg=800 ball=4.21 vball=0.65 aball=5.7 bref=30.00 pid=-10.2 pref=-48.1 ppos=-47.1 apid=0.0 integ=-12.1 vision=1 current=1 vframe=9462 vs=1 vage=16 vpage=16 vdt=33 vmax=3067 vacc=9301 vrej=0 seq=0 elapsed=0 oled=3C
[   2671] STATUS mode=3 fault=none enc=-224 denc=0 sreq=0 sapplied=0 crate=-10 uimp=-40690 upos=60 uneg=800 ball=4.26 vball=0.90 aball=5.7 bref=30.00 pid=-10.2 pref=-48.1 ppos=-47.1 apid=0.0 integ=-12.1 vision=1 current=1 vframe=9463 vs=1 vage=2 vpage=2 vdt=34 vmax=3067 vacc=9302 vrej=0 seq=0 elapsed=0 oled=3C
[   2702] STATUS mode=3 fault=none enc=-224 denc=0 sreq=-34 sapplied=-34 crate=-34 uimp=-40690 upos=60 uneg=800 ball=4.21 vball=-0.08 aball=-1.9 bref=30.00 pid=-33.5 pref=-50.4 ppos=-47.1 apid=-0.0 integ=-12.9 vision=1 current=1 vframe=9464 vs=1 vage=8 vpage=8 vdt=34 vmax=3067 vacc=9303 vrej=0 seq=0 elapsed=0 oled=3C
[   2718] STATUS mode=3 fault=none enc=-224 denc=0 sreq=-27 sapplied=-27 crate=-27 uimp=-41315 upos=60 uneg=820 ball=4.21 vball=-0.08 aball=-1.9 bref=30.00 pid=-27.3 pref=-50.4 ppos=-47.7 apid=-0.0 integ=-12.9 vision=1 current=1 vframe=9464 vs=1 vage=28 vpage=28 vdt=34 vmax=3067 vacc=9303 vrej=0 seq=0 elapsed=0 oled=3C
[   2750] STATUS mode=3 fault=none enc=-225 denc=-1 sreq=-27 sapplied=-27 crate=-27 uimp=-41850 upos=60 uneg=840 ball=4.21 vball=-0.13 aball=-1.9 bref=30.00 pid=-27.3 pref=-51.0 ppos=-48.2 apid=-0.0 integ=-13.4 vision=1 current=1 vframe=9465 vs=1 vage=14 vpage=14 vdt=34 vmax=3067 vacc=9304 vrej=0 seq=0 elapsed=0 oled=3C
[   2780] STATUS mode=3 fault=none enc=-225 denc=0 sreq=-21 sapplied=-21 crate=-21 uimp=-42810 upos=60 uneg=880 ball=4.21 vball=-0.07 aball=-1.9 bref=30.00 pid=-20.7 pref=-51.3 ppos=-49.2 apid=-0.0 integ=-13.8 vision=1 current=1 vframe=9466 vs=1 vage=22 vpage=22 vdt=32 vmax=3067 vacc=9305 vrej=0 seq=0 elapsed=0 oled=3C
[   2796] STATUS mode=3 fault=none enc=-226 denc=0 sreq=-22 sapplied=-22 crate=-22 uimp=-43015 upos=60 uneg=890 ball=4.21 vball=-0.03 aball=-0.8 bref=30.00 pid=-22.1 pref=-51.6 ppos=-49.4 apid=-0.0 integ=-14.2 vision=1 current=1 vframe=9467 vs=1 vage=9 vpage=9 vdt=33 vmax=3067 vacc=9306 vrej=0 seq=0 elapsed=0 oled=3C
[   2827] STATUS mode=3 fault=none enc=-226 denc=0 sreq=0 sapplied=0 crate=-19 uimp=-43330 upos=60 uneg=905 ball=4.21 vball=-0.03 aball=-0.8 bref=30.00 pid=-18.9 pref=-51.6 ppos=-49.7 apid=-0.0 integ=-14.2 vision=1 current=1 vframe=9467 vs=1 vage=29 vpage=29 vdt=33 vmax=3067 vacc=9306 vrej=0 seq=0 elapsed=0 oled=3C
[   2858] STATUS mode=3 fault=none enc=-226 denc=0 sreq=0 sapplied=0 crate=-19 uimp=-43760 upos=60 uneg=925 ball=4.21 vball=-0.01 aball=-0.8 bref=30.00 pid=-18.6 pref=-52.0 ppos=-50.1 apid=-0.0 integ=-14.7 vision=1 current=1 vframe=9469 vs=1 vage=2 vpage=2 vdt=33 vmax=3067 vacc=9308 vrej=0 seq=0 elapsed=0 oled=3C
[   2889] STATUS mode=3 fault=none enc=-226 denc=0 sreq=-20 sapplied=-20 crate=-20 uimp=-44090 upos=60 uneg=940 ball=4.21 vball=-0.01 aball=-0.8 bref=30.00 pid=-19.6 pref=-52.4 ppos=-50.5 apid=-0.0 integ=-15.1 vision=1 current=1 vframe=9469 vs=1 vage=22 vpage=22 vdt=33 vmax=3067 vacc=9308 vrej=0 seq=0 elapsed=0 oled=3C
[   2905] STATUS mode=3 fault=none enc=-226 denc=0 sreq=-23 sapplied=-23 crate=-23 uimp=-44190 upos=60 uneg=945 ball=4.21 vball=-0.00 aball=-0.3 bref=30.00 pid=-22.6 pref=-52.8 ppos=-50.6 apid=-0.0 integ=-15.5 vision=1 current=1 vframe=9470 vs=1 vage=9 vpage=9 vdt=33 vmax=3067 vacc=9309 vrej=0 seq=0 elapsed=0 oled=3C
[   2936] STATUS mode=3 fault=none enc=-226 denc=0 sreq=-23 sapplied=-23 crate=-23 uimp=-44630 upos=60 uneg=965 ball=4.21 vball=-0.00 aball=-0.3 bref=30.00 pid=-22.7 pref=-53.3 ppos=-51.0 apid=-0.0 integ=-16.0 vision=1 current=1 vframe=9471 vs=1 vage=14 vpage=14 vdt=35 vmax=3067 vacc=9310 vrej=0 seq=0 elapsed=0 oled=3C
[   2968] STATUS mode=3 fault=none enc=-226 denc=0 sreq=0 sapplied=0 crate=-19 uimp=-44955 upos=60 uneg=980 ball=4.21 vball=-0.00 aball=-0.3 bref=30.00 pid=-19.5 pref=-53.3 ppos=-51.3 apid=-0.0 integ=-16.0 vision=1 current=1 vframe=9472 vs=1 vage=2 vpage=2 vdt=32 vmax=3067 vacc=9311 vrej=0 seq=0 elapsed=0 oled=3C
[   3000] STATUS mode=3 fault=none enc=-226 denc=0 sreq=-20 sapplied=-20 crate=-20 uimp=-45290 upos=60 uneg=995 ball=4.21 vball=-0.00 aball=-0.3 bref=30.00 pid=-20.2 pref=-53.7 ppos=-51.7 apid=-0.0 integ=-16.4 vision=1 current=1 vframe=9472 vs=1 vage=22 vpage=22 vdt=32 vmax=3067 vacc=9311 vrej=0 seq=0 elapsed=0 oled=3C
[   3014] STATUS mode=3 fault=none enc=-226 denc=0 sreq=0 sapplied=0 crate=-11 uimp=-45390 upos=60 uneg=1000 ball=4.24 vball=0.61 aball=2.6 bref=30.00 pid=-10.9 pref=-52.9 ppos=-51.8 apid=0.0 integ=-16.8 vision=1 current=1 vframe=9473 vs=1 vage=29 vpage=29 vdt=33 vmax=3067 vacc=9312 vrej=0 seq=0 elapsed=0 oled=3C
[   3046] STATUS mode=3 fault=none enc=-226 denc=0 sreq=-25 sapplied=-25 crate=-25 uimp=-45660 upos=60 uneg=1010 ball=4.22 vball=-0.01 aball=2.6 bref=30.00 pid=-25.0 pref=-54.5 ppos=-52.0 apid=0.0 integ=-17.2 vision=1 current=1 vframe=9474 vs=1 vage=17 vpage=17 vdt=32 vmax=3067 vacc=9313 vrej=0 seq=0 elapsed=0 oled=3C
[   3077] STATUS mode=3 fault=none enc=-227 denc=0 sreq=-20 sapplied=-20 crate=-20 uimp=-46125 upos=60 uneg=1030 ball=4.21 vball=-0.21 aball=2.6 bref=30.00 pid=-20.4 pref=-54.5 ppos=-52.5 apid=0.0 integ=-17.2 vision=1 current=1 vframe=9475 vs=1 vage=2 vpage=2 vdt=35 vmax=3067 vacc=9314 vrej=0 seq=0 elapsed=0 oled=3C
[   3093] STATUS mode=3 fault=none enc=-227 denc=1 sreq=-22 sapplied=-22 crate=-22 uimp=-47075 upos=60 uneg=1070 ball=4.21 vball=-0.13 aball=-1.9 bref=30.00 pid=-22.1 pref=-55.7 ppos=-53.5 apid=-0.0 integ=-18.1 vision=1 current=1 vframe=9476 vs=1 vage=9 vpage=9 vdt=33 vmax=3067 vacc=9315 vrej=0 seq=0 elapsed=0 oled=3C
[   3125] STATUS mode=3 fault=none enc=-229 denc=-2 sreq=0 sapplied=0 crate=-19 uimp=-47390 upos=60 uneg=1085 ball=4.21 vball=-0.13 aball=-1.9 bref=30.00 pid=-19.0 pref=-55.7 ppos=-53.8 apid=-0.0 integ=-18.1 vision=1 current=1 vframe=9476 vs=1 vage=29 vpage=29 vdt=33 vmax=3067 vacc=9315 vrej=0 seq=0 elapsed=0 oled=3C
[   3155] STATUS mode=3 fault=none enc=-228 denc=0 sreq=-20 sapplied=-20 crate=-20 uimp=-47605 upos=60 uneg=1095 ball=4.21 vball=-0.06 aball=-1.9 bref=30.00 pid=-19.7 pref=-56.0 ppos=-54.0 apid=-0.0 integ=-18.5 vision=1 current=1 vframe=9477 vs=1 vage=16 vpage=16 vdt=33 vmax=3067 vacc=9316 vrej=0 seq=0 elapsed=0 oled=3C
[   3186] STATUS mode=3 fault=none enc=-228 denc=0 sreq=0 sapplied=0 crate=-19 uimp=-48020 upos=60 uneg=1115 ball=4.21 vball=-0.03 aball=-1.9 bref=30.00 pid=-19.2 pref=-56.3 ppos=-54.4 apid=-0.0 integ=-18.9 vision=1 current=1 vframe=9478 vs=1 vage=23 vpage=23 vdt=33 vmax=3067 vacc=9317 vrej=0 seq=0 elapsed=0 oled=3C
[   3202] STATUS mode=3 fault=none enc=-228 denc=0 sreq=-22 sapplied=-22 crate=-22 uimp=-48135 upos=60 uneg=1120 ball=4.21 vball=-0.01 aball=-0.5 bref=30.00 pid=-21.9 pref=-56.7 ppos=-54.5 apid=-0.0 integ=-19.4 vision=1 current=1 vframe=9479 vs=1 vage=10 vpage=10 vdt=33 vmax=3067 vacc=9318 vrej=0 seq=0 elapsed=0 oled=3C
[   3233] STATUS mode=3 fault=none enc=-228 denc=0 sreq=-30 sapplied=-30 crate=-30 uimp=-48770 upos=60 uneg=1145 ball=4.17 vball=-0.48 aball=-0.5 bref=30.00 pid=-29.8 pref=-58.1 ppos=-55.2 apid=-0.0 integ=-19.8 vision=1 current=1 vframe=9480 vs=1 vage=16 vpage=16 vdt=34 vmax=3067 vacc=9319 vrej=0 seq=0 elapsed=0 oled=3C
[   3264] STATUS mode=3 fault=none enc=-229 denc=0 sreq=-24 sapplied=-24 crate=-24 uimp=-49325 upos=60 uneg=1165 ball=4.17 vball=-0.29 aball=-0.5 bref=30.00 pid=-24.3 pref=-58.1 ppos=-55.7 apid=-0.0 integ=-19.8 vision=1 current=1 vframe=9481 vs=1 vage=2 vpage=2 vdt=34 vmax=3067 vacc=9320 vrej=0 seq=0 elapsed=0 oled=3C
[   3296] STATUS mode=3 fault=none enc=-230 denc=-1 sreq=-20 sapplied=-20 crate=-20 uimp=-49780 upos=60 uneg=1185 ball=4.17 vball=-0.29 aball=-0.5 bref=30.00 pid=-20.3 pref=-58.2 ppos=-56.2 apid=-0.0 integ=-20.2 vision=1 current=1 vframe=9481 vs=1 vage=22 vpage=22 vdt=34 vmax=3067 vacc=9320 vrej=0 seq=0 elapsed=0 oled=3C
[   3311] STATUS mode=3 fault=none enc=-230 denc=0 sreq=0 sapplied=0 crate=-18 uimp=-49880 upos=60 uneg=1190 ball=4.18 vball=0.00 aball=-0.2 bref=30.00 pid=-17.5 pref=-58.0 ppos=-56.3 apid=-0.0 integ=-20.6 vision=1 current=1 vframe=9482 vs=1 vage=30 vpage=30 vdt=32 vmax=3067 vacc=9321 vrej=0 seq=0 elapsed=0 oled=3C
[   3343] STATUS mode=3 fault=none enc=-230 denc=0 sreq=0 sapplied=0 crate=-19 uimp=-50085 upos=60 uneg=1200 ball=4.18 vball=0.03 aball=-0.2 bref=30.00 pid=-19.0 pref=-58.4 ppos=-56.5 apid=-0.0 integ=-21.1 vision=1 current=1 vframe=9483 vs=1 vage=18 vpage=18 vdt=32 vmax=3067 vacc=9322 vrej=0 seq=0 elapsed=0 oled=3C
[   3375] STATUS mode=3 fault=none enc=-230 denc=0 sreq=0 sapplied=0 crate=-19 uimp=-50085 upos=60 uneg=1200 ball=4.18 vball=0.01 aball=-0.2 bref=30.00 pid=-19.0 pref=-58.4 ppos=-56.5 apid=-0.0 integ=-21.1 vision=1 current=1 vframe=9484 vs=1 vage=4 vpage=4 vdt=34 vmax=3067 vacc=9323 vrej=0 seq=0 elapsed=0 oled=3C
[   3389] STATUS mode=3 fault=none enc=-230 denc=0 sreq=0 sapplied=0 crate=-13 uimp=-50525 upos=60 uneg=1220 ball=4.22 vball=0.55 aball=2.3 bref=30.00 pid=-12.6 pref=-58.2 ppos=-56.9 apid=0.0 integ=-22.0 vision=1 current=1 vframe=9485 vs=1 vage=9 vpage=9 vdt=35 vmax=3067 vacc=9324 vrej=0 seq=0 elapsed=0 oled=3C
[   3421] STATUS mode=3 fault=none enc=-230 denc=0 sreq=0 sapplied=0 crate=-13 uimp=-50525 upos=60 uneg=1220 ball=4.22 vball=0.55 aball=2.3 bref=30.00 pid=-12.6 pref=-58.2 ppos=-56.9 apid=0.0 integ=-22.0 vision=1 current=1 vframe=9485 vs=1 vage=29 vpage=29 vdt=35 vmax=3067 vacc=9324 vrej=0 seq=0 elapsed=0 oled=3C
[   3452] STATUS mode=3 fault=none enc=-230 denc=0 sreq=-36 sapplied=-36 crate=-36 uimp=-50915 upos=60 uneg=1230 ball=4.17 vball=-0.56 aball=2.3 bref=30.00 pid=-35.9 pref=-60.9 ppos=-57.3 apid=0.0 integ=-22.4 vision=1 current=1 vframe=9486 vs=1 vage=15 vpage=15 vdt=34 vmax=3067 vacc=9325 vrej=0 seq=0 elapsed=0 oled=3C
[   3483] STATUS mode=3 fault=none enc=-231 denc=0 sreq=-39 sapplied=-39 crate=-39 uimp=-52380 upos=60 uneg=1270 ball=4.11 vball=-1.22 aball=2.3 bref=30.00 pid=-39.3 pref=-62.7 ppos=-58.8 apid=0.0 integ=-22.8 vision=1 current=1 vframe=9487 vs=1 vage=23 vpage=23 vdt=32 vmax=3067 vacc=9326 vrej=0 seq=0 elapsed=0 oled=3C
[   3500] STATUS mode=3 fault=none enc=-232 denc=1 sreq=0 sapplied=0 crate=-19 uimp=-53040 upos=60 uneg=1290 ball=4.13 vball=-0.32 aball=-2.7 bref=30.00 pid=-18.8 pref=-61.3 ppos=-59.4 apid=-0.0 integ=-23.2 vision=1 current=1 vframe=9488 vs=1 vage=10 vpage=10 vdt=33 vmax=3067 vacc=9327 vrej=0 seq=0 elapsed=0 oled=3C
[   3530] STATUS mode=3 fault=none enc=-233 denc=0 sreq=0 sapplied=0 crate=-19 uimp=-53040 upos=60 uneg=1290 ball=4.13 vball=-0.32 aball=-2.7 bref=30.00 pid=-18.8 pref=-61.3 ppos=-59.4 apid=-0.0 integ=-23.2 vision=1 current=1 vframe=9488 vs=1 vage=30 vpage=30 vdt=33 vmax=3067 vacc=9327 vrej=0 seq=0 elapsed=0 oled=3C
[   3561] STATUS mode=3 fault=none enc=-233 denc=0 sreq=0 sapplied=0 crate=-19 uimp=-53040 upos=60 uneg=1290 ball=4.14 vball=-0.04 aball=-2.7 bref=30.00 pid=-18.6 pref=-61.3 ppos=-59.4 apid=-0.0 integ=-23.7 vision=1 current=1 vframe=9490 vs=1 vage=2 vpage=2 vdt=34 vmax=3067 vacc=9329 vrej=0 seq=0 elapsed=0 oled=3C
[   3577] STATUS mode=3 fault=none enc=-233 denc=0 sreq=0 sapplied=0 crate=-19 uimp=-53355 upos=60 uneg=1305 ball=4.14 vball=-0.04 aball=-2.7 bref=30.00 pid=-18.7 pref=-61.6 ppos=-59.7 apid=-0.0 integ=-24.1 vision=1 current=1 vframe=9490 vs=1 vage=22 vpage=22 vdt=34 vmax=3067 vacc=9329 vrej=0 seq=0 elapsed=0 oled=3C
[   3608] STATUS mode=3 fault=none enc=-233 denc=0 sreq=-43 sapplied=-43 crate=-43 uimp=-53580 upos=60 uneg=1310 ball=4.07 vball=-1.10 aball=-5.0 bref=30.00 pid=-42.6 pref=-64.2 ppos=-60.0 apid=-0.0 integ=-24.5 vision=1 current=1 vframe=9491 vs=1 vage=10 vpage=10 vdt=32 vmax=3067 vacc=9330 vrej=0 seq=0 elapsed=0 oled=3C
[   3639] STATUS mode=3 fault=none enc=-234 denc=0 sreq=-28 sapplied=-28 crate=-28 uimp=-55015 upos=60 uneg=1350 ball=4.05 vball=-0.86 aball=-5.0 bref=30.00 pid=-28.1 pref=-64.2 ppos=-61.4 apid=-0.0 integ=-25.0 vision=1 current=1 vframe=9492 vs=1 vage=16 vpage=16 vdt=34 vmax=3067 vacc=9331 vrej=0 seq=0 elapsed=0 oled=3C
[   3671] STATUS mode=3 fault=none enc=-234 denc=0 sreq=-23 sapplied=-23 crate=-23 uimp=-55535 upos=60 uneg=1370 ball=4.09 vball=0.06 aball=-5.0 bref=30.00 pid=-22.9 pref=-64.2 ppos=-61.9 apid=-0.0 integ=-25.0 vision=1 current=1 vframe=9493 vs=1 vage=3 vpage=3 vdt=33 vmax=3067 vacc=9332 vrej=0 seq=0 elapsed=0 oled=3C
[   3686] STATUS mode=3 fault=none enc=-235 denc=0 sreq=0 sapplied=0 crate=0 uimp=-55650 upos=60 uneg=1375 ball=4.09 vball=0.06 aball=-5.0 bref=30.00 pid=0.0 pref=-62.8 ppos=-62.0 apid=-0.0 integ=-25.4 vision=1 current=1 vframe=9493 vs=1 vage=23 vpage=23 vdt=33 vmax=3067 vacc=9332 vrej=0 seq=0 elapsed=0 oled=3C
[   3718] STATUS mode=3 fault=none enc=-235 denc=0 sreq=0 sapplied=0 crate=11 uimp=-55650 upos=60 uneg=1375 ball=4.17 vball=1.15 aball=7.2 bref=30.00 pid=11.1 pref=-60.9 ppos=-62.0 apid=0.0 integ=-25.8 vision=1 current=1 vframe=9494 vs=1 vage=28 vpage=28 vdt=35 vmax=3067 vacc=9333 vrej=0 seq=0 elapsed=0 oled=3C
[   3750] STATUS mode=3 fault=none enc=-235 denc=0 sreq=0 sapplied=0 crate=-14 uimp=-55650 upos=60 uneg=1375 ball=4.14 vball=0.11 aball=7.2 bref=30.00 pid=-14.2 pref=-63.5 ppos=-62.0 apid=0.0 integ=-26.3 vision=1 current=1 vframe=9495 vs=1 vage=16 vpage=16 vdt=32 vmax=3067 vacc=9334 vrej=0 seq=0 elapsed=0 oled=3C
[   3764] STATUS mode=3 fault=none enc=-235 denc=0 sreq=0 sapplied=0 crate=-14 uimp=-55650 upos=60 uneg=1375 ball=4.09 vball=-0.55 aball=7.2 bref=30.00 pid=-14.2 pref=-63.5 ppos=-62.0 apid=0.0 integ=-26.3 vision=1 current=1 vframe=9496 vs=1 vage=1 vpage=1 vdt=35 vmax=3067 vacc=9335 vrej=0 seq=0 elapsed=0 oled=3C
[   3796] STATUS mode=3 fault=none enc=-235 denc=0 sreq=-23 sapplied=-23 crate=-23 uimp=-56635 upos=60 uneg=1410 ball=4.09 vball=-0.36 aball=-2.8 bref=30.00 pid=-23.2 pref=-65.3 ppos=-63.0 apid=-0.0 integ=-27.1 vision=1 current=1 vframe=9497 vs=1 vage=8 vpage=8 vdt=33 vmax=3067 vacc=9336 vrej=0 seq=0 elapsed=0 oled=3C
[   3827] STATUS mode=3 fault=none enc=-237 denc=-1 sreq=0 sapplied=0 crate=-19 uimp=-57065 upos=60 uneg=1430 ball=4.09 vball=-0.36 aball=-2.8 bref=30.00 pid=-18.9 pref=-65.3 ppos=-63.5 apid=-0.0 integ=-27.1 vision=1 current=1 vframe=9497 vs=1 vage=28 vpage=28 vdt=33 vmax=3067 vacc=9336 vrej=0 seq=0 elapsed=0 oled=3C
[   3858] STATUS mode=3 fault=none enc=-236 denc=1 sreq=0 sapplied=0 crate=-19 uimp=-57165 upos=60 uneg=1435 ball=4.09 vball=-0.18 aball=-2.8 bref=30.00 pid=-18.6 pref=-65.4 ppos=-63.6 apid=-0.0 integ=-27.6 vision=1 current=1 vframe=9498 vs=1 vage=15 vpage=15 vdt=33 vmax=3067 vacc=9337 vrej=0 seq=0 elapsed=0 oled=3C
[   3875] STATUS mode=3 fault=none enc=-236 denc=0 sreq=0 sapplied=0 crate=-13 uimp=-57165 upos=60 uneg=1435 ball=4.11 vball=0.31 aball=-2.8 bref=30.00 pid=-12.8 pref=-64.8 ppos=-63.6 apid=-0.0 integ=-28.0 vision=1 current=1 vframe=9499 vs=1 vage=22 vpage=22 vdt=33 vmax=3067 vacc=9338 vrej=0 seq=0 elapsed=0 oled=3C
[   3905] STATUS mode=3 fault=none enc=-236 denc=0 sreq=0 sapplied=0 crate=-17 uimp=-57165 upos=60 uneg=1435 ball=4.12 vball=0.30 aball=1.4 bref=30.00 pid=-17.1 pref=-65.3 ppos=-63.6 apid=0.0 integ=-28.4 vision=1 current=1 vframe=9500 vs=1 vage=9 vpage=9 vdt=33 vmax=3067 vacc=9339 vrej=0 seq=0 elapsed=0 oled=3C
[   3936] STATUS mode=3 fault=none enc=-236 denc=0 sreq=0 sapplied=0 crate=-17 uimp=-57165 upos=60 uneg=1435 ball=4.12 vball=0.30 aball=1.4 bref=30.00 pid=-17.1 pref=-65.3 ppos=-63.6 apid=0.0 integ=-28.4 vision=1 current=1 vframe=9500 vs=1 vage=29 vpage=29 vdt=33 vmax=3067 vacc=9339 vrej=0 seq=0 elapsed=0 oled=3C
[   3952] STATUS mode=3 fault=none enc=-238 denc=-2 sreq=0 sapplied=0 crate=-19 uimp=-57715 upos=60 uneg=1460 ball=4.21 vball=1.23 aball=1.4 bref=30.00 pid=-18.7 pref=-66.0 ppos=-64.1 apid=0.0 integ=-28.9 vision=1 current=1 vframe=9502 vs=1 vage=2 vpage=2 vdt=34 vmax=3067 vacc=9341 vrej=0 seq=0 elapsed=0 oled=3C
[   3983] STATUS mode=3 fault=none enc=-238 denc=0 sreq=0 sapplied=0 crate=0 uimp=-57715 upos=60 uneg=1460 ball=4.21 vball=1.23 aball=1.4 bref=30.00 pid=0.0 pref=-64.2 ppos=-64.1 apid=0.0 integ=-29.3 vision=1 current=1 vframe=9502 vs=1 vage=22 vpage=22 vdt=34 vmax=3067 vacc=9341 vrej=0 seq=0 elapsed=0 oled=3C
[   4014] STATUS mode=3 fault=none enc=-238 denc=0 sreq=0 sapplied=0 crate=-15 uimp=-57715 upos=60 uneg=1460 ball=4.21 vball=0.72 aball=2.7 bref=30.00 pid=-15.1 pref=-65.6 ppos=-64.1 apid=0.0 integ=-29.7 vision=1 current=1 vframe=9503 vs=1 vage=9 vpage=9 vdt=33 vmax=3067 vacc=9342 vrej=0 seq=0 elapsed=0 oled=3C
[   4030] STATUS mode=3 fault=none enc=-238 denc=0 sreq=-24 sapplied=-24 crate=-24 uimp=-57975 upos=60 uneg=1470 ball=4.21 vball=0.35 aball=2.7 bref=30.00 pid=-24.1 pref=-66.8 ppos=-64.4 apid=0.0 integ=-30.1 vision=1 current=1 vframe=9504 vs=1 vage=16 vpage=16 vdt=33 vmax=3067 vacc=9343 vrej=0 seq=0 elapsed=0 oled=3C
[   4061] STATUS mode=3 fault=none enc=-238 denc=0 sreq=-20 sapplied=-20 crate=-20 uimp=-58425 upos=60 uneg=1490 ball=4.21 vball=0.15 aball=2.7 bref=30.00 pid=-19.6 pref=-66.8 ppos=-64.8 apid=0.0 integ=-30.1 vision=1 current=1 vframe=9505 vs=1 vage=2 vpage=2 vdt=34 vmax=3067 vacc=9344 vrej=0 seq=0 elapsed=0 oled=3C
[   4093] STATUS mode=3 fault=none enc=-239 denc=0 sreq=-23 sapplied=-23 crate=-23 uimp=-58910 upos=60 uneg=1510 ball=4.21 vball=0.15 aball=2.7 bref=30.00 pid=-23.2 pref=-67.6 ppos=-65.3 apid=0.0 integ=-30.6 vision=1 current=1 vframe=9505 vs=1 vage=22 vpage=22 vdt=34 vmax=3067 vacc=9344 vrej=0 seq=0 elapsed=0 oled=3C
[   4125] STATUS mode=3 fault=none enc=-241 denc=0 sreq=-20 sapplied=-20 crate=-20 uimp=-59800 upos=60 uneg=1550 ball=4.21 vball=0.06 aball=-1.5 bref=30.00 pid=-20.3 pref=-68.2 ppos=-66.2 apid=-0.0 integ=-31.0 vision=1 current=1 vframe=9506 vs=1 vage=29 vpage=29 vdt=33 vmax=3067 vacc=9345 vrej=0 seq=0 elapsed=0 oled=3C
[   4139] STATUS mode=3 fault=none enc=-241 denc=0 sreq=-22 sapplied=-22 crate=-22 uimp=-60135 upos=60 uneg=1565 ball=4.21 vball=0.03 aball=-1.5 bref=30.00 pid=-21.8 pref=-68.7 ppos=-66.5 apid=-0.0 integ=-31.4 vision=1 current=1 vframe=9507 vs=1 vage=16 vpage=16 vdt=33 vmax=3067 vacc=9346 vrej=0 seq=0 elapsed=0 oled=3C
[   4171] STATUS mode=3 fault=none enc=-242 denc=-1 sreq=0 sapplied=0 crate=-19 uimp=-60450 upos=60 uneg=1580 ball=4.21 vball=0.01 aball=-1.5 bref=30.00 pid=-18.7 pref=-68.7 ppos=-66.8 apid=-0.0 integ=-31.4 vision=1 current=1 vframe=9508 vs=1 vage=3 vpage=3 vdt=33 vmax=3067 vacc=9347 vrej=0 seq=0 elapsed=0 oled=3C
[   4202] STATUS mode=3 fault=none enc=-242 denc=0 sreq=-24 sapplied=-24 crate=-24 uimp=-60880 upos=60 uneg=1600 ball=4.21 vball=0.00 aball=-1.1 bref=30.00 pid=-23.6 pref=-69.6 ppos=-67.3 apid=-0.0 integ=-32.3 vision=1 current=1 vframe=9509 vs=1 vage=9 vpage=9 vdt=34 vmax=3067 vacc=9348 vrej=0 seq=0 elapsed=0 oled=3C
[   4218] STATUS mode=3 fault=none enc=-242 denc=0 sreq=0 sapplied=0 crate=-19 uimp=-61315 upos=60 uneg=1620 ball=4.21 vball=0.00 aball=-1.1 bref=30.00 pid=-19.3 pref=-69.6 ppos=-67.7 apid=-0.0 integ=-32.3 vision=1 current=1 vframe=9509 vs=1 vage=29 vpage=29 vdt=34 vmax=3067 vacc=9348 vrej=0 seq=0 elapsed=0 oled=3C
[   4250] STATUS mode=3 fault=none enc=-242 denc=0 sreq=-21 sapplied=-21 crate=-21 uimp=-61545 upos=60 uneg=1630 ball=4.21 vball=0.00 aball=-1.1 bref=30.00 pid=-21.2 pref=-70.1 ppos=-67.9 apid=-0.0 integ=-32.7 vision=1 current=1 vframe=9510 vs=1 vage=16 vpage=16 vdt=33 vmax=3067 vacc=9349 vrej=0 seq=0 elapsed=0 oled=3C
[   4280] STATUS mode=3 fault=none enc=-242 denc=0 sreq=-20 sapplied=-20 crate=-20 uimp=-62080 upos=60 uneg=1655 ball=4.21 vball=0.00 aball=-1.1 bref=30.00 pid=-20.1 pref=-70.5 ppos=-68.5 apid=-0.0 integ=-33.1 vision=1 current=1 vframe=9511 vs=1 vage=23 vpage=23 vdt=33 vmax=3067 vacc=9350 vrej=0 seq=0 elapsed=0 oled=3C
[   4311] STATUS mode=3 fault=none enc=-242 denc=0 sreq=-30 sapplied=-30 crate=-30 uimp=-62180 upos=60 uneg=1660 ball=4.19 vball=-0.33 aball=-2.1 bref=30.00 pid=-30.4 pref=-71.6 ppos=-68.6 apid=-0.0 integ=-33.6 vision=1 current=1 vframe=9512 vs=1 vage=9 vpage=9 vdt=34 vmax=3067 vacc=9351 vrej=0 seq=0 elapsed=0 oled=3C
[   4327] STATUS mode=3 fault=none enc=-242 denc=0 sreq=-25 sapplied=-25 crate=-25 uimp=-62740 upos=60 uneg=1680 ball=4.19 vball=-0.33 aball=-2.1 bref=30.00 pid=-24.8 pref=-71.6 ppos=-69.1 apid=-0.0 integ=-33.6 vision=1 current=1 vframe=9512 vs=1 vage=29 vpage=29 vdt=34 vmax=3067 vacc=9351 vrej=0 seq=0 elapsed=0 oled=3C
[   4358] STATUS mode=3 fault=none enc=-243 denc=0 sreq=0 sapplied=0 crate=-19 uimp=-63675 upos=60 uneg=1720 ball=4.18 vball=-0.15 aball=-2.1 bref=30.00 pid=-19.3 pref=-72.0 ppos=-70.1 apid=-0.0 integ=-34.0 vision=1 current=1 vframe=9514 vs=1 vage=3 vpage=3 vdt=32 vmax=3067 vacc=9353 vrej=0 seq=0 elapsed=0 oled=3C
[   4389] STATUS mode=3 fault=none enc=-243 denc=0 sreq=0 sapplied=0 crate=-19 uimp=-63775 upos=60 uneg=1725 ball=4.18 vball=-0.15 aball=-2.1 bref=30.00 pid=-19.4 pref=-72.1 ppos=-70.2 apid=-0.0 integ=-34.4 vision=1 current=1 vframe=9514 vs=1 vage=23 vpage=23 vdt=32 vmax=3067 vacc=9353 vrej=0 seq=0 elapsed=0 oled=3C
[   4421] STATUS mode=3 fault=none enc=-243 denc=0 sreq=0 sapplied=0 crate=-19 uimp=-64090 upos=60 uneg=1740 ball=4.18 vball=-0.07 aball=0.0 bref=30.00 pid=-19.1 pref=-72.4 ppos=-70.5 apid=0.0 integ=-34.9 vision=ion=1 current=1 vframe=9515 vs=1 vage=9 vpage=9 vdt=34 vmax=3067 vacc=9354 vrej=0 seq=0 elapsed=0 oled=3C
[   4436] STATUS mode=3 fault=none enc=-243 denc=0 sreq=-20 sapplied=-20 crate=-20 uimp=-64310 upos=60 uneg=1750 ball=4.18 vball=-0.03 aball=0.0 bref=30.00 pid=-20.3 pref=-72.7 ppos=-70.7 apid=0.0 integ=-35.3 vision=1 current=1 vframe=9516 vs=1 vage=16 vpage=16 vdt=33 vmax=3067 vacc=9355 vrej=0 seq=0 elapsed=0 oled=3C
[   4468] STATUS mode=3 fault=none enc=-243 denc=0 sreq=0 sapplied=0 crate=-19 uimp=-64410 upos=60 uneg=1755 ball=4.18 vball=-0.01 aball=0.0 bref=30.00 pid=-19.3 pref=-72.7 ppos=-70.8 apid=0.0 integ=-35.3 vision=1 current=1 vframe=9517 vs=1 vage=3 vpage=3 vdt=33 vmax=3067 vacc=9356 vrej=0 seq=0 elapsed=0 oled=3C
[   4500] STATUS mode=3 fault=none enc=-243 denc=0 sreq=-23 sapplied=-23 crate=-23 uimp=-64840 upos=60 uneg=1775 ball=4.18 vball=-0.01 aball=0.3 bref=30.00 pid=-23.4 pref=-73.6 ppos=-71.2 apid=0.0 integ=-36.2 vision=1 current=1 vframe=9518 vs=1 vage=8 vpage=8 vdt=35 vmax=3067 vacc=9357 vrej=0 seq=0 elapsed=0 oled=3C
[   4514] STATUS mode=3 fault=none enc=-243 denc=0 sreq=0 sapplied=0 crate=-19 uimp=-65270 upos=60 uneg=1795 ball=4.18 vball=-0.01 aball=0.3 bref=30.00 pid=-19.1 pref=-73.6 ppos=-71.7 apid=0.0 integ=-36.2 vision=1 current=1 vframe=9518 vs=1 vage=28 vpage=28 vdt=35 vmax=3067 vacc=9357 vrej=0 seq=0 elapsed=0 oled=3C
[   4546] STATUS mode=3 fault=none enc=-243 denc=0 sreq=-21 sapplied=-21 crate=-21 uimp=-65495 upos=60 uneg=1805 ball=4.18 vball=-0.00 aball=0.3 bref=30.00 pid=-20.9 pref=-74.0 ppos=-71.9 apid=0.0 integ=-36.6 vision=1 current=1 vframe=9519 vs=1 vage=15 vpage=15 vdt=33 vmax=3067 vacc=9358 vrej=0 seq=0 elapsed=0 oled=3C
[   4577] STATUS mode=3 fault=none enc=-243 denc=0 sreq=-20 sapplied=-20 crate=-20 uimp=-66030 upos=60 uneg=1830 ball=4.18 vball=-0.00 aball=0.3 bref=30.00 pid=-19.7 pref=-74.4 ppos=-72.4 apid=0.0 integ=-37.0 vision=1 current=1 vframe=9520 vs=1 vage=23 vpage=23 vdt=32 vmax=3067 vacc=9359 vrej=0 seq=0 elapsed=0 oled=3C
[   4608] STATUS mode=3 fault=none enc=-243 denc=0 sreq=-22 sapplied=-22 crate=-22 uimp=-66245 upos=60 uneg=1840 ball=4.18 vball=-0.00 aball=0.2 bref=30.00 pid=-21.8 pref=-74.8 ppos=-72.6 apid=0.0 integ=-37.4 vision=1 current=1 vframe=9521 vs=1 vage=10 vpage=10 vdt=33 vmax=3067 vacc=9360 vrej=0 seq=0 elapsed=0 oled=3C
[   4625] STATUS mode=3 fault=none enc=-243 denc=0 sreq=0 sapplied=0 crate=-19 uimp=-66560 upos=60 uneg=1855 ball=4.18 vball=-0.00 aball=0.2 bref=30.00 pid=-18.7 pref=-74.8 ppos=-72.9 apid=0.0 integ=-37.4 vision=1 current=1 vframe=9521 vs=1 vage=30 vpage=30 vdt=33 vmax=3067 vacc=9360 vrej=0 seq=0 elapsed=0 oled=3C
[   4655] STATUS mode=3 fault=none enc=-243 denc=0 sreq=0 sapplied=0 crate=-19 uimp=-66990 upos=60 uneg=1875 ball=3.88 vball=-4.83 aball=0.2 bref=30.00 pid=-18.8 pref=-75.3 ppos=-73.4 apid=0.0 integ=-37.9 vision=1 current=1 vframe=9523 vs=1 vage=3 vpage=3 vdt=33 vmax=3067 vacc=9362 vrej=0 seq=0 elapsed=0 oled=3C
[   4686] STATUS mode=3 fault=none enc=-244 denc=0 sreq=-102 sapplied=-102 crate=-102 uimp=-68685 upos=60 uneg=1890 ball=3.88 vball=-4.83 aball=0.2 bref=30.00 pid=-102.0 pref=-85.3 ppos=-75.1 apid=0.0 integ=-37.9 vision=1 current=1 vframe=9523 vs=1 vage=23 vpage=23 vdt=33 vmax=3067 vacc=9362 vrej=0 seq=0 elapsed=0 oled=3C
[   4702] STATUS mode=3 fault=none enc=-247 denc=-1 sreq=-74 sapplied=-74 crate=-74 uimp=-70530 upos=60 uneg=1910 ball=3.75 vball=-4.29 aball=-19.2 bref=30.00 pid=-74.3 pref=-84.4 ppos=-76.9 apid=-0.0 integ=-37.9 vision=1 current=1 vframe=9524 vs=1 vage=10 vpage=10 vdt=33 vmax=3067 vacc=9363 vrej=0 seq=0 elapsed=0 oled=3C
[   4733] STATUS mode=3 fault=none enc=-250 denc=-1 sreq=63 sapplied=63 crate=63 uimp=-72170 upos=65 uneg=1940 ball=4.04 vball=1.57 aball=-19.2 bref=30.00 pid=62.8 pref=-72.3 ppos=-78.6 apid=-0.0 integ=-37.9 vision=1 current=1 vframe=9525 vs=1 vage=17 vpage=17 vdt=33 vmax=3067 vacc=9364 vrej=0 seq=0 elapsed=0 oled=3C
[   4764] STATUS mode=3 fault=none enc=-249 denc=0 sreq=51 sapplied=51 crate=51 uimp=-71000 upos=85 uneg=1940 ball=4.08 vball=1.31 aball=-19.2 bref=30.00 pid=51.1 pref=-72.3 ppos=-77.4 apid=-0.0 integ=-37.9 vision=1 current=1 vframe=9526 vs=1 vage=2 vpage=2 vdt=35 vmax=3067 vacc=9365 vrej=0 seq=0 elapsed=0 oled=3C
[   4796] STATUS mode=3 fault=none enc=-248 denc=1 sreq=38 sapplied=38 crate=38 uimp=-70120 upos=105 uneg=1940 ball=4.08 vball=1.31 aball=-19.2 bref=30.00 pid=37.5 pref=-72.8 ppos=-76.5 apid=-0.0 integ=-37.9 vision=1 current=1 vframe=9526 vs=1 vage=22 vpage=22 vdt=35 vmax=3067 vacc=9365 vrej=0 seq=0 elapsed=0 oled=3C
[   4811] STATUS mode=3 fault=none enc=-246 denc=0 sreq=0 sapplied=0 crate=18 uimp=-69420 upos=125 uneg=1940 ball=4.08 vball=0.66 aball=11.5 bref=30.00 pid=17.5 pref=-74.1 ppos=-75.8 apid=0.0 integ=-37.9 vision=1 current=1 vframe=9527 vs=1 vage=29 vpage=29 vdt=33 vmax=3067 vacc=9366 vrej=0 seq=0 elapsed=0 oled=3C
[   4843] STATUS mode=3 fault=none enc=-246 denc=0 sreq=0 sapplied=0 crate=19 uimp=-69420 upos=125 uneg=1940 ball=4.11 vball=0.74 aball=11.5 bref=30.00 pid=19.5 pref=-73.9 ppos=-75.8 apid=0.0 integ=-37.9 vision=1 current=1 vframe=9528 vs=1 vage=15 vpage=15 vdt=34 vmax=3067 vacc=9367 vrej=0 seq=0 elapsed=0 oled=3C
[   4875] STATUS mode=3 fault=none enc=-246 denc=0 sreq=0 sapplied=0 crate=19 uimp=-69420 upos=125 uneg=1940 ball=3.99 vball=-1.61 aball=11.5 bref=30.00 pid=19.5 pref=-73.9 ppos=-75.8 apid=0.0 integ=-37.9 vision=1 current=1 vframe=9529 vs=1 vage=2 vpage=2 vdt=33 vmax=3067 vacc=9368 vrej=0 seq=0 elapsed=0 oled=3C
[   4889] STATUS mode=3 fault=none enc=-246 denc=0 sreq=-22 sapplied=-22 crate=-22 uimp=-70190 upos=125 uneg=1970 ball=3.94 vball=-1.60 aball=-3.9 bref=30.00 pid=-21.6 pref=-78.7 ppos=-76.6 apid=-0.0 integ=-37.9 vision=1 current=1 vframe=9530 vs=1 vage=10 vpage=10 vdt=32 vmax=3067 vacc=9369 vrej=0 seq=0 elapsed=0 oled=3C
[   4921] STATUS mode=3 fault=none enc=-247 denc=0 sreq=0 sapplied=0 crate=-19 uimp=-70405 upos=125 uneg=1980 ball=3.94 vball=-1.60 aball=-3.9 bref=30.00 pid=-19.5 pref=-78.7 ppos=-76.8 apid=-0.0 integ=-37.9 vision=1 current=1 vframe=9530 vs=1 vage=30 vpage=30 vdt=32 vmax=3067 vacc=9369 vrej=0 seq=0 elapsed=0 oled=3C
[   4952] STATUS mode=3 fault=none enc=-247 denc=0 sreq=0 sapplied=0 crate=0 uimp=-70405 upos=125 uneg=1980 ball=3.93 vball=-0.85 aball=-3.9 bref=30.00 pid=0.0 pref=-77.7 ppos=-76.8 apid=-0.0 integ=-38.3 vision=1 current=1 vframe=9531 vs=1 vage=16 vpage=16 vdt=34 vmax=3067 vacc=9370 vrej=0 seq=0 elapsed=0 oled=3C
[   4983] STATUS mode=3 fault=none enc=-247 denc=0 sreq=0 sapplied=0 crate=0 uimp=-70405 upos=125 uneg=1980 ball=3.94 vball=-0.39 aball=-3.9 bref=30.00 pid=0.0 pref=-77.2 ppos=-76.8 apid=-0.0 integ=-38.8 vision=1 current=1 vframe=9532 vs=1 vage=22 vpage=22 vdt=34 vmax=3067 vacc=9371 vrej=0 seq=0 elapsed=0 oled=3C
[   5000] STATUS mode=3 fault=none enc=-247 denc=0 sreq=0 sapplied=0 crate=0 uimp=-70405 upos=125 uneg=1980 ball=3.94 vball=-0.17 aball=4.3 bref=30.00 pid=0.0 pref=-77.2 ppos=-76.8 apid=0.0 integ=-39.2 vision=1 current=1 vframe=9533 vs=1 vage=11 vpage=11 vdt=31 vmax=3067 vacc=9372 vrej=0 seq=0 elapsed=0 oled=3C
[   5030] STATUS mode=3 fault=none enc=-247 denc=0 sreq=0 sapplied=0 crate=0 uimp=-70405 upos=125 uneg=1980 ball=3.94 vball=-0.17 aball=4.3 bref=30.00 pid=0.0 pref=-77.2 ppos=-76.8 apid=0.0 integ=-39.2 vision=1 current=1 vframe=9533 vs=1 vage=31 vpage=31 vdt=31 vmax=3067 vacc=9372 vrej=0 seq=0 elapsed=0 oled=3C
[   5061] STATUS mode=3 fault=none enc=-247 denc=0 sreq=0 sapplied=0 crate=0 uimp=-70405 upos=125 uneg=1980 ball=3.94 vball=-0.03 aball=4.3 bref=30.00 pid=0.0 pref=-77.4 ppos=-76.8 apid=0.0 integ=-39.6 vision=1 current=1 vframe=9535 vs=1 vage=2 vpage=2 vdt=34 vmax=3067 vacc=9374 vrej=0 seq=0 elapsed=0 oled=3C
[   5077] STATUS mode=3 fault=none enc=-247 denc=0 sreq=0 sapplied=0 crate=0 uimp=-70405 upos=125 uneg=1980 ball=3.94 vball=-0.03 aball=4.3 bref=30.00 pid=0.0 pref=-77.8 ppos=-76.8 apid=0.0 integ=-40.1 vision=1 current=1 vframe=9535 vs=1 vage=22 vpage=22 vdt=34 vmax=3067 vacc=9374 vrej=0 seq=0 elapsed=0 oled=3C
[   5108] STATUS mode=3 fault=none enc=-247 denc=0 sreq=0 sapplied=0 crate=-14 uimp=-70405 upos=125 uneg=1980 ball=3.94 vball=-0.01 aball=3.1 bref=30.00 pid=-13.8 pref=-78.2 ppos=-76.8 apid=0.0 integ=-40.5 vision=1 current=1 vframe=9536 vs=1 vage=10 vpage=10 vdt=32 vmax=3067 vacc=9375 vrej=0 seq=0 elapsed=0 oled=3C
[   5139] STATUS mode=3 fault=none enc=-247 denc=0 sreq=0 sapplied=0 crate=-18 uimp=-70405 upos=125 uneg=1980 ball=3.94 vball=-0.01 aball=3.1 bref=30.00 pid=-18.2 pref=-78.6 ppos=-76.8 apid=0.0 integ=-40.9 vision=1 current=1 vframe=9537 vs=1 vage=16 vpage=16 vdt=34 vmax=3067 vacc=9376 vrej=0 seq=0 elapsed=0 oled=3C
[   5155] STATUS mode=3 fault=none enc=-247 denc=0 sreq=0 sapplied=0 crate=-18 uimp=-70405 upos=125 uneg=1980 ball=3.94 vball=-0.00 aball=3.1 bref=30.00 pid=-18.2 pref=-78.6 ppos=-76.8 apid=0.0 integ=-40.9 vision=1 current=1 vframe=9538 vs=1 vage=3 vpage=3 vdt=33 vmax=3067 vacc=9377 vrej=0 seq=0 elapsed=0 oled=3C
[   5186] STATUS mode=3 fault=none enc=-247 denc=0 sreq=0 sapplied=0 crate=-19 uimp=-70720 upos=125 uneg=1995 ball=3.94 vball=-0.00 aball=3.1 bref=30.00 pid=-19.1 pref=-79.0 ppos=-77.1 apid=0.0 integ=-41.4 vision=1 current=1 vframe=9538 vs=1 vage=23 vpage=23 vdt=33 vmax=3067 vacc=9377 vrej=0 seq=0 elapsed=0 oled=3C
[   5218] STATUS mode=3 fault=none enc=-247 denc=0 sreq=0 sapplied=0 crate=-19 uimp=-71035 upos=125 uneg=2010 ball=3.98 vball=0.07 aball=2.1 bref=30.00 pid=-18.5 pref=-79.3 ppos=-77.4 apid=0.0 integ=-41.8 vision=1 current=1 vframe=9539 vs=1 vage=29 vpage=29 vdt=34 vmax=3067 vacc=9378 vrej=0 seq=0 elapsed=0 oled=3C
[   5250] STATUS mode=3 fault=none enc=-247 denc=0 sreq=-31 sapplied=-31 crate=-31 uimp=-71370 upos=125 uneg=2020 ball=3.94 vball=-0.48 aball=2.1 bref=30.00 pid=-31.0 pref=-80.9 ppos=-77.8 apid=0.0 integ=-42.2 vision=1 current=1 vframe=9540 vs=1 vage=16 vpage=16 vdt=33 vmax=3067 vacc=9379 vrej=0 seq=0 elapsed=0 oled=3C
[   5264] STATUS mode=3 fault=none enc=-247 denc=0 sreq=-25 sapplied=-25 crate=-25 uimp=-71945 upos=125 uneg=2040 ball=4.10 vball=1.84 aball=2.1 bref=30.00 pid=-25.2 pref=-80.9 ppos=-78.3 apid=0.0 integ=-42.2 vision=1 current=1 vframe=9541 vs=1 vage=3 vpage=3 vdt=33 vmax=3067 vacc=9380 vrej=0 seq=0 elapsed=0 oled=3C
[   5296] STATUS mode=3 fault=none enc=-248 denc=0 sreq=-41 sapplied=0 crate=-41 uimp=-71970 upos=130 uneg=2045 ball=4.00 vball=-0.87 aball=-3.1 bref=30.00 pid=-40.7 pref=-82.4 ppos=-78.4 apid=-0.0 integ=-43.1 vision=1 current=1 vframe=9542 vs=1 vage=9 vpage=9 vdt=34 vmax=3067 vacc=9381 vrej=0 seq=0 elapsed=0 oled=3C
[   5327] STATUS mode=3 fault=none enc=-249 denc=-1 sreq=-35 sapplied=-35 crate=-35 uimp=-72555 upos=130 uneg=2060 ball=4.00 vball=-0.87 aball=-3.1 bref=30.00 pid=-34.9 pref=-82.4 ppos=-78.9 apid=-0.0 integ=-43.1 vision=1 current=1 vframe=9542 vs=1 vage=29 vpage=29 vdt=34 vmax=3067 vacc=9381 vrej=0 seq=0 elapsed=0 oled=3C
[   5358] STATUS mode=3 fault=none enc=-249 denc=1 sreq=-39 sapplied=-39 crate=-39 uimp=-73315 upos=130 uneg=2080 ball=3.94 vball=-1.20 aball=-3.1 bref=30.00 pid=-38.9 pref=-83.6 ppos=-79.7 apid=-0.0 integ=-43.5 vision=1 current=1 vframe=9543 vs=1 vage=16 vpage=16 vdt=33 vmax=3067 vacc=9382 vrej=0 seq=0 elapsed=0 oled=3C
[   5375] STATUS mode=3 fault=none enc=-251 denc=0 sreq=-26 sapplied=-26 crate=-26 uimp=-74625 upos=130 uneg=2120 ball=3.92 vball=-0.97 aball=-3.1 bref=30.00 pid=-25.7 pref=-83.6 ppos=-81.0 apid=-0.0 integ=-44.0 vision=1 current=1 vframe=9544 vs=1 vage=23 vpage=23 vdt=33 vmax=3067 vacc=9383 vrej=0 seq=0 elapsed=0 oled=3C
[   5405] STATUS mode=3 fault=none enc=-251 denc=0 sreq=0 sapplied=0 crate=-18 uimp=-75100 upos=130 uneg=2140 ball=3.91 vball=-0.58 aball=-0.4 bref=30.00 pid=-17.8 pref=-83.3 ppos=-81.5 apid=-0.0 integ=-44.4 vision=1 current=1 vframe=9545 vs=1 vage=9 vpage=9 vdt=34 vmax=3067 vacc=9384 vrej=0 seq=0 elapsed=0 oled=3C
[   5436] STATUS mode=3 fault=none enc=-252 denc=0 sreq=0 sapplied=0 crate=-18 uimp=-75100 upos=130 uneg=2140 ball=3.91 vball=-0.58 aball=-0.4 bref=30.00 pid=-17.8 pref=-83.3 ppos=-81.5 apid=-0.0 integ=-44.4 vision=1 current=1 vframe=9545 vs=1 vage=29 vpage=29 vdt=34 vmax=3067 vacc=9384 vrej=0 seq=0 elapsed=0 oled=3C
[   5452] STATUS mode=3 fault=none enc=-252 denc=0 sreq=0 sapplied=0 crate=-16 uimp=-75100 upos=130 uneg=2140 ball=3.94 vball=0.21 aball=-0.4 bref=30.00 pid=-15.9 pref=-83.1 ppos=-81.5 apid=-0.0 integ=-44.8 vision=1 current=1 vframe=9547 vs=1 vage=3 vpage=3 vdt=33 vmax=3067 vacc=9386 vrej=0 seq=0 elapsed=0 oled=3C
[   5483] STATUS mode=3 fault=none enc=-252 denc=0 sreq=0 sapplied=0 crate=-10 uimp=-75100 upos=130 uneg=2140 ball=3.94 vball=0.21 aball=-0.4 bref=30.00 pid=-10.2 pref=-82.5 ppos=-81.5 apid=-0.0 integ=-45.3 vision=1 current=1 vframe=9547 vs=1 vage=23 vpage=23 vdt=33 vmax=3067 vacc=9386 vrej=0 seq=0 elapsed=0 oled=3C
[   5514] STATUS mode=3 fault=none enc=-252 denc=0 sreq=29 sapplied=0 crate=29 uimp=-75100 upos=130 uneg=2140 ball=4.10 vball=2.29 aball=12.7 bref=30.00 pid=28.9 pref=-78.6 ppos=-81.5 apid=0.0 integ=-45.7 vision=1 current=1 vframe=9548 vs=1 vage=9 vpage=9 vdt=34 vmax=3067 vacc=9387 vrej=0 seq=0 elapsed=0 oled=3C
[   5546] STATUS mode=3 fault=none enc=-251 denc=0 sreq=0 sapplied=0 crate=0 uimp=-74445 upos=155 uneg=2140 ball=4.11 vball=1.35 aball=12.7 bref=30.00 pid=0.0 pref=-80.9 ppos=-80.8 apid=0.0 integ=-46.1 vision=1 current=1 vframe=9549 vs=1 vage=16 vpage=16 vdt=33 vmax=3067 vacc=9388 vrej=0 seq=0 elapsed=0 oled=3C
[   5561] STATUS mode=3 fault=none enc=-251 denc=0 sreq=0 sapplied=0 crate=0 uimp=-74445 upos=155 uneg=2140 ball=4.11 vball=0.65 aball=12.7 bref=30.00 pid=0.0 pref=-80.9 ppos=-80.8 apid=0.0 integ=-46.1 vision=1 current=1 vframe=9550 vs=1 vage=3 vpage=3 vdt=33 vmax=3067 vacc=9389 vrej=0 seq=0 elapsed=0 oled=3C
[   5593] STATUS mode=3 fault=none enc=-251 denc=0 sreq=0 sapplied=0 crate=-19 uimp=-74445 upos=155 uneg=2140 ball=4.11 vball=0.65 aball=12.7 bref=30.00 pid=-18.9 pref=-82.7 ppos=-80.8 apid=0.0 integ=-46.6 vision=1 current=1 vframe=9550 vs=1 vage=23 vpage=23 vdt=33 vmax=3067 vacc=9389 vrej=0 seq=0 elapsed=0 oled=3C
[   5625] STATUS mode=3 fault=none enc=-251 denc=0 sreq=-60 sapplied=-60 crate=-60 uimp=-75440 upos=155 uneg=2155 ball=3.97 vball=-1.58 aball=-10.4 bref=30.00 pid=-59.6 pref=-87.8 ppos=-81.8 apid=-0.0 integ=-47.0 vision=1 current=1 vframe=9551 vs=1 vage=29 vpage=29 vdt=34 vmax=3067 vacc=9390 vrej=0 seq=0 elapsed=0 oled=3C
[   5639] STATUS mode=3 fault=none enc=-253 denc=0 sreq=-42 sapplied=-42 crate=-42 uimp=-76480 upos=155 uneg=2175 ball=3.95 vball=-1.00 aball=-10.4 bref=30.00 pid=-42.1 pref=-87.1 ppos=-82.9 apid=-0.0 integ=-47.4 vision=1 current=1 vframe=9552 vs=1 vage=16 vpage=16 vdt=33 vmax=3067 vacc=9391 vrej=0 seq=0 elapsed=0 oled=3C
[   5671] STATUS mode=3 fault=none enc=-254 denc=0 sreq=-23 sapplied=-23 crate=-23 uimp==-77260 upos=155 uneg=2195 ball=3.96 vball=-0.48 aball=-10.4 bref=30.00 pid=-34.3 pref=-87.1 ppos=-83.6 apid=-0.0 integ=-47.4 vision=1 current=1 vframe=9553 vs=1 vage=3 vpage=3 vdt=33 vmax=3067 vacc=9392 vrej=0 seq=0 elapsed=0 oled=3C
[   5702] STATUS mode=3 fault=none enc=-255 denc=-1 sreq=0 sapplied=0 crate=-18 uimp=-78130 upos=155 uneg=2230 ball=3.96 vball=-0.21 aball=0.5 bref=30.00 pid=-18.3 pref=-86.4 ppos=-84.5 apid=0.0 integ=-48.3 vision=1 current=1 vframe=9554 vs=1 vage=10 vpage=10 vdt=33 vmax=3067 vacc=9393 vrej=0 seq=0 elapsed=0 oled=3C
[   5733] STATUS mode=3 fault=none enc=-255 denc=0 sreq=0 sapplied=0 crate=-18 uimp=-78130 upos=155 uneg=2230 ball=3.96 vball=-0.21 aball=0.5 bref=30.00 pid=-18.3 pref=-86.4 ppos=-84.5 apid=0.0 integ=-48.3 vision=1 current=1 vframe=9554 vs=1 vage=30 vpage=30 vdt=33 vmax=3067 vacc=9393 vrej=0 seq=0 elapsed=0 oled=3C
[   5750] STATUS mode=3 fault=none enc=-255 denc=0 sreq=0 sapplied=0 crate=-19 uimp=-78230 upos=155 uneg=2235 ball=3.96 vball=-0.09 aball=0.5 bref=30.00 pid=-19.3 pref=-86.6 ppos=-84.6 apid=0.0 integ=-48.7 vision=1 current=1 vframe=9555 vs=1 vage=36 vpage=36 vdt=34 vmax=3067 vacc=9394 vrej=0 seq=0 elapsed=0 oled=3C
[   5780] STATUS mode=3 fault=none enc=-255 denc=0 sreq=-21 sapplied=-21 crate=-21 uimp=-78455 upos=155 uneg=2245 ball=3.96 vball=-0.04 aball=0.5 bref=30.00 pid=-20.9 pref=-86.9 ppos=-84.8 apid=0.0 integ=-49.2 vision=1 current=1 vframe=9556 vs=1 vage=19 vpage=19 vdt=37 vmax=3067 vacc=9395 vrej=0 seq=0 elapsed=0 oled=3C
[   5811] STATUS mode=3 fault=none enc=-255 denc=0 sreq=-23 sapplied=-23 crate=-23 uimp=-78660 upos=155 uneg=2255 ball=3.96 vball=-0.02 aball=1.1 bref=30.00 pid=-22.6 pref=-87.3 ppos=-85.0 apid=0.0 integ=-49.6 vision=1 current=1 vframe=9557 vs=1 vage=7 vpage=7 vdt=32 vmax=3067 vacc=9396 vrej=0 seq=0 elapsed=0 oled=3C
[   5843] STATUS mode=3 fault=none enc=-255 denc=0 sreq=-25 sapplied=-25 crate=-25 uimp=-78980 upos=155 uneg=2270 ball=3.96 vball=-0.01 aball=1.1 bref=30.00 pid=-24.6 pref=-87.8 ppos=-85.4 apid=0.0 integ=-50.2 vision=1 current=1 vframe=9558 vs=1 vage=6 vpage=6 vdt=41 vmax=3067 vacc=9397 vrej=0 seq=0 elapsed=0 oled=3C
[   5858] STATUS mode=3 fault=none enc=-255 denc=0 sreq=-20 sapplied=-20 crate=-20 uimp=-79435 upos=155 uneg=2290 ball=3.96 vball=-0.01 aball=1.1 bref=30.00 pid=-20.0 pref=-87.8 ppos=-85.8 apid=0.0 integ=-50.2 vision=1 current=1 vframe=9558 vs=1 vage=26 vpage=26 vdt=41 vmax=3067 vacc=9397 vrej=0 seq=0 elapsed=0 oled=3C
[   5889] STATUS mode=3 fault=none enc=-256 denc=1 sreq=0 sapplied=0 crate=-19 uimp=-79535 upos=155 uneg=2295 ball=3.96 vball=-0.00 aball=1.1 bref=30.00 pid=-19.0 pref=-87.8 ppos=-85.9 apid=0.0 integ=-50.2 vision=1 current=1 vframe=9559 vs=1 vage=4 vpage=4 vdt=42 vmax=3067 vacc=9398 vrej=0 seq=0 elapsed=0 oled=3C
[   5921] STATUS mode=3 fault=none enc=-257 denc=-1 sreq=0 sapplied=0 crate=-19 uimp=-80310 upos=155 uneg=2330 ball=3.96 vball=-0.00 aball=0.7 bref=30.00 pid=-18.7 pref=-88.6 ppos=-86.7 apid=0.0 integ=-50.9 vision=1 current=1 vframe=9560 vs=1 vage=27 vpage=27 vdt=17 vmax=3067 vacc=9399 vrej=0 seq=0 elapsed=0 oled=3C
[   5936] STATUS mode=3 fault=none enc=-258 denc=0 sreq=-21 sapplied=-21 crate=-21 uimp=-80535 upos=155 uneg=2340 ball=3.96 vball=-0.00 aball=0.7 bref=30.00 pid=-20.7 pref=-89.0 ppos=-86.9 apid=0.0 integ=-51.4 vision=1 current=1 vframe=9561 vs=1 vage=15 vpage=15 vdt=32 vmax=3067 vacc=9400 vrej=0 seq=0 elapsed=0 oled=3C
[   5968] STATUS mode=3 fault=none enc=-259 denc=-1 sreq=0 sapplied=0 crate=-19 uimp=-80850 upos=155 uneg=2355 ball=3.96 vball=-0.00 aball=0.7 bref=30.00 pid=-19.5 pref=-89.2 ppos=-87.2 apid=0.0 integ=-51.5 vision=1 current=1 vframe=9562 vs=1 vage=20 vpage=20 vdt=15 vmax=3067 vacc=9401 vrej=0 seq=0 elapsed=0 oled=3C
[   6000] STATUS mode=3 fault=none enc=-259 denc=0 sreq=0 sapplied=0 crate=-19 uimp=-81290 upos=155 uneg=2375 ball=3.96 vball=-0.00 aball=0.4 bref=30.00 pid=-19.4 pref=-89.6 ppos=-87.7 apid=0.0 integ=-52.0 vision=1 current=1 vframe=9563 vs=1 vage=27 vpage=27 vdt=33 vmax=3067 vacc=9402 vrej=0 seq=0 elapsed=0 oled=3C
[   6030] STATUS mode=3 fault=none enc=-259 denc=0 sreq=-23 sapplied=-23 crate=-23 uimp=-81410 upos=155 uneg=2380 ball=3.96 vball=-0.00 aball=0.4 bref=30.00 pid=-22.6 pref=-90.1 ppos=-87.8 apid=0.0 integ=-52.4 vision=1 current=1 vframe=9564 vs=1 vage=13 vpage=13 vdt=34 vmax=3067 vacc=9403 vrej=0 seq=0 elapsed=0 oled=3C
[   6046] STATUS mode=3 fault=none enc=-259 denc=0 sreq=0 sapplied=0 crate=-19 uimp=-81730 upos=155 uneg=2395 ball=3.96 vball=-0.00 aball=0.4 bref=30.00 pid=-19.4 pref=-90.1 ppos=-88.1 apid=0.0 integ=-52.4 vision=1 current=1 vframe=9564 vs=1 vage=33 vpage=33 vdt=34 vmax=3067 vacc=9403 vrej=0 seq=0 elapsed=0 oled=3C
[   6077] STATUS mode=3 fault=none enc=-259 denc=0 sreq=-31 sapplied=-31 crate=-31 uimp=-82690 upos=155 uneg=2430 ball=3.91 vball=-0.59 aball=-2.4 bref=30.00 pid=-30.9 pref=-92.2 ppos=-89.1 apid=-0.0 integ=-53.3 vision=1 current=1 vframe=9566 vs=1 vage=6 vpage=6 vdt=34 vmax=3067 vacc=9405 vrej=0 seq=0 elapsed=0 oled=3C
[   6108] STATUS mode=3 fault=none enc=-260 denc=0 sreq=-25 sapplied=-25 crate=-25 uimp=-83265 upos=155 uneg=2450 ball=3.91 vball=-0.59 aball=-2.4 bref=30.00 pid=-25.2 pref=-92.2 ppos=-89.7 apid=-0.0 integ=-53.3 vision=1 current=1 vframe=9566 vs=1 vage=26 vpage=26 vdt=34 vmax=3067 vacc=9405 vrej=0 seq=0 elapsed=0 oled=3C
[   6125] STATUS mode=3 fault=none enc=-262 denc=-2 sreq=0 sapplied=0 crate=13 uimp=-83625 upos=155 uneg=2465 ball=4.01 vball=1.29 aball=-2.4 bref=30.00 pid=13.1 pref=-88.7 ppos=-90.0 apid=-0.0 integ=-53.7 vision=1 current=1 vframe=9567 vs=1 vage=14 vpage=14 vdt=32 vmax=3067 vacc=9406 vrej=0 seq=0 elapsed=0 oled=3C
[   6155] STATUS mode=3 fault=none enc=-262 denc=0 sreq=0 sapplied=0 crate=15 uimp=-83625 upos=155 uneg=2465 ball=4.08 vball=1.55 aball=-2.4 bref=30.00 pid=14.8 pref=-88.5 ppos=-90.0 apid=-0.0 integ=-54.1 vision=1 current=1 vframe=9568 vs=1 vage=21 vpage=21 vdt=33 vmax=3067 vacc=9407 vrej=0 seq=0 elapsed=0 oled=3C
[   6186] STATUS mode=3 fault=none enc=-262 denc=0 sreq=0 sapplied=0 crate=0 uimp=-83625 upos=155 uneg=2465 ball=4.08 vball=0.83 aball=5.1 bref=30.00 pid=0.0 pref=-90.4 ppos=-90.0 apid=0.0 integ=-54.6 vision=1 current=1 vframe=9569 vs=1 vage=6 vpage=6 vdt=35 vmax=3067 vacc=9408 vrej=0 seq=0 elapsed=0 oled=3C
[   6218] STATUS mode=3 fault=none enc=-262 denc=0 sreq=0 sapplied=0 crate=0 uimp=-83625 upos=155 uneg=2465 ball=4.08 vball=0.83 aball=5.1 bref=30.00 pid=0.0 pref=-90.4 ppos=-90.0 apid=0.0 integ=-54.6 vision=1 current=1 vframe=9569 vs=1 vage=26 vpage=26 vdt=35 vmax=3067 vacc=9408 vrej=0 seq=0 elapsed=0 oled=3C
[   6233] STATUS mode=3 fault=none enc=-262 denc=0 sreq=0 sapplied=0 crate=-18 uimp=-83625 upos=155 uneg=2465 ball=4.07 vball=0.38 aball=5.1 bref=30.00 pid=-17.5 pref=-91.8 ppos=-90.0 apid=0.0 integ=-55.0 vision=1 current=1 vframe=9570 vs=1 vage=33 vpage=33 vdt=33 vmax=3067 vacc=9409 vrej=0 seq=0 elapsed=0 oled=3C
[   6264] STATUS mode=3 fault=none enc=-262 denc=0 sreq=-22 sapplied=-22 crate=-22 uimp=-84000 upos=155 uneg=2480 ball=4.07 vball=0.16 aball=5.1 bref=30.00 pid=-22.4 pref=-92.6 ppos=-90.4 apid=0.0 integ=-55.4 vision=1 current=1 vframe=9571 vs=1 vage=20 vpage=20 vdt=33 vmax=3067 vacc=9410 vrej=0 seq=0 elapsed=0 oled=3C
[   6296] STATUS mode=3 fault=none enc=-263 denc=-2 sreq=-76 sapplied=-76 crate=-76 uimp=-84315 upos=155 uneg=2495 ball=3.89 vball=-2.35 aball=-11.7 bref=30.00 pid=-76.0 pref=-98.3 ppos=-90.7 apid=-0.0 integ=-55.9 vision=1 current=1 vframe=9572 vs=1 vage=7 vpage=7 vdt=33 vmax=3067 vacc=9411 vrej=0 seq=0 elapsed=0 oled=3C
[   6311] STATUS mode=3 fault=none enc=-265 denc=0 sreq=-38 sapplied=-38 crate=-38 uimp=-86810 upos=155 uneg=2535 ball=3.87 vball=-1.45 aball=-11.7 bref=30.00 pid=-37.7 pref=-97.0 ppos=-93.2 apid=-0.0 integ=-56.3 vision=1 current=1 vframe=9573 vs=1 vage=13 vpage=13 vdt=34 vmax=3067 vacc=9412 vrej=0 seq=0 elapsed=0 oled=3C
[   6343] STATUS mode=3 fault=none enc=-265 denc=0 sreq=-31 sapplied=-31 crate=-31 uimp=-87510 upos=155 uneg=2555 ball=3.87 vball=-1.45 aball=-11.7 bref=30.00 pid=-30.7 pref=-97.0 ppos=-93.9 apid=-0.0 integ=-56.3 vision=1 current=1 vframe=9573 vs=1 vage=33 vpage=33 vdt=34 vmax=3067 vacc=9412 vrej=0 seq=0 elapsed=0 oled=3C
[   6375] STATUS mode=3 fault=none enc=-266 denc=0 sreq=0 sapplied=0 crate=-18 uimp=-87665 upos=155 uneg=2560 ball=3.87 vball=-0.68 aball=-11.7 bref=30.00 pid=-18.0 pref=-95.9 ppos=-94.1 apid=-0.0 integ=-56.8 vision=1 current=1 vframe=9574 vs=1 vage=20 vpage=20 vdt=33 vmax=3067 vacc=9413 vrej=0 seq=0 elapsed=0 oled=3C
[   6405] STATUS mode=3 fault=none enc=-266 denc=0 sreq=0 sapplied=0 crate=-15 uimp=-87665 upos=155 uneg=2560 ball=3.88 vball=-0.30 aball=2.8 bref=30.00 pid=-14.6 pref=-95.5 ppos=-94.1 apid=0.0 integ=-57.2 vision=1 current=1 vframe=9575 vs=1 vage=27 vpage=27 vdt=33 vmax=3067 vacc=9414 vrej=0 seq=0 elapsed=0 oled=3C
[   6421] STATUS mode=3 fault=none enc=-266 denc=0 sreq=0 sapplied=0 crate=0 uimp=-87665 upos=155 uneg=2560 ball=3.90 vball=0.19 aball=2.8 bref=30.00 pid=0.0 pref=-94.9 ppos=-94.1 apid=0.0 integ=-57.6 vision=1 current=1 vframe=9576 vs=1 vage=14 vpage=14 vdt=33 vmax=3067 vacc=9415 vrej=0 seq=0 elapsed=0 oled=3C
[   6452] STATUS mode=3 fault=none enc=-266 denc=0 sreq=0 sapplied=0 crate=0 uimp=-87665 upos=155 uneg=2560 ball=3.90 vball=0.19 aball=2.8 bref=30.00 pid=0.0 pref=-94.9 ppos=-94.1 apid=0.0 integ=-57.6 vision=1 current=1 vframe=9576 vs=1 vage=34 vpage=34 vdt=33 vmax=3067 vacc=9415 vrej=0 seq=0 elapsed=0 oled=3C
[   6483] STATUS mode=3 fault=none enc=-266 denc=0 sreq=-20 sapplied=-20 crate=-20 uimp=-87665 upos=155 uneg=2560 ball=3.91 vball=0.07 aball=3.2 bref=30.00 pid=-19.9 pref=-96.0 ppos=-94.1 apid=0.0 integ=-58.5 vision=1 current=1 vframe=9578 vs=1 vage=7 vpage=7 vdt=32 vmax=3067 vacc=9417 vrej=0 seq=0 elapsed=0 oled=3C
[   6500] STATUS mode=3 fault=none enc=-266 denc=0 sreq=0 sapplied=0 crate=-19 uimp=-87765 upos=155 uneg=2565 ball=3.91 vball=0.07 aball=3.2 bref=30.00 pid=-18.9 pref=-96.0 ppos=-94.2 apid=0.0 integ=-58.5 vision=1 current=1 vframe=9578 vs=1 vage=27 vpage=27 vdt=32 vmax=3067 vacc=9417 vrej=0 seq=0 elapsed=0 oled=3C
[   6530] STATUS mode=3 fault=none enc=-266 denc=0 sreq=-23 sapplied=-23 crate=-23 uimp=-87885 upos=155 uneg=2570 ball=3.91 vball=0.03 aball=3.2 bref=30.00 pid=-23.0 pref=-96.6 ppos=-94.3 apid=0.0 integ=-58.9 vision=1 current=1 vframe=9579 vs=1 vage=13 vpage=13 vdt=34 vmax=3067 vacc=9418 vrej=0 seq=0 elapsed=0 oled=3C
[   6561] STATUS mode=3 fault=none enc=-267 denc=0 sreq=0 sapplied=0 crate=-14 uimp=-88315 upos=155 uneg=2590 ball=3.94 vball=0.48 aball=3.2 bref=30.00 pid=-13.6 pref=-96.1 ppos=-94.7 apid=0.0 integ=-59.4 vision=1 current=1 vframe=9580 vs=1 vage=20 vpage=20 vdt=33 vmax=3067 vacc=9419 vrej=0 seq=0 elapsed=0 oled=3C
[   6593] STATUS mode=3 fault=none enc=-267 denc=0 sreq=-22 sapplied=-22 crate=-22 uimp=-88315 upos=155 uneg=2590 ball=3.94 vball=0.29 aball=2.7 bref=30.00 pid=-21.8 pref=-96.9 ppos=-94.7 apid=0.0 integ=-59.8 vision=1 current=1 vframe=9581 vs=1 vage=6 vpage=6 vdt=34 vmax=3067 vacc=9420 vrej=0 seq=0 elapsed=0 oled=3C
[   6608] STATUS mode=3 fault=none enc=-267 denc=0 sreq=0 sapplied=0 crate=-19 uimp=-88630 upos=155 uneg=2605 ball=3.94 vball=0.29 aball=2.7 bref=30.00 pid=-18.7 pref=-96.9 ppos=-95.0 apid=0.0 integ=-59.8 vision=1 current=1 vframe=9581 vs=1 vage=26 vpage=26 vdt=34 vmax=3067 vacc=9420 vrej=0 seq=0 elapsed=0 oled=3C
[   6639] STATUS mode=3 fault=none enc=-267 denc=0 sreq=-20 sapplied=-20 crate=-20 uimp=-89215 upos=155 uneg=2630 ball=3.94 vball=0.14 aball=2.7 bref=30.00 pid=-20.1 pref=-97.6 ppos=-95.6 apid=0.0 integ=-60.2 vision=1 current=1 vframe=9582 vs=1 vage=33 vpage=33 vdt=33 vmax=3067 vacc=9421 vrej=0 seq=0 elapsed=0 oled=3C
[   6671] STATUS mode=3 fault=none enc=-268 denc=-1 sreq=-21 sapplied=-21 crate=-21 uimp=-89675 upos=155 uneg=2650 ball=3.94 vball=0.06 aball=2.7 bref=30.00 pid=-21.4 pref=-98.2 ppos=-96.1 apid=0.0 integ=-60.7 vision=1 current=1 vframe=9583 vs=1 vage=20 vpage=20 vdt=33 vmax=3067 vacc=9422 vrej=0 seq=0 elapsed=0 oled=3C
[   6702] STATUS mode=3 fault=none enc=-270 denc=0 sreq=-89 sapplied=-89 crate=-89 uimp=-91895 upos=155 uneg=2680 ball=3.62 vball=-4.22 aball=-18.8 bref=30.00 pid=-88.7 pref=-107.2 ppos=-98.3 apid=-0.0 integ=-60.7 vision=1 current=1 vframe=9584 vs=1 vage=26 vpage=26 vdt=34 vmax=3067 vacc=9423 vrej=0 seq=0 elapsed=0 oled=3C
[   6718] STATUS mode=3 fault=none enc=-273 denc=0 sreq=-41 sapplied=-41 crate=-41 uimp=-93380 upos=155 uneg=2700 ball=3.59 vball=-2.58 aball=-18.8 bref=30.00 pid=-41.4 pref=-103.9 ppos=-99.8 apid=-0.0 integ=-60.7 vision=1 current=1 vframe=9585 vs=1 vage=13 vpage=13 vdt=33 vmax=3067 vacc=9424 vrej=0 seq=0 elapsed=0 oled=3C
[   6750] STATUS mode=3 fault=none enc=-273 denc=0 sreq=-34 sapplied=-34 crate=-34 uimp=-94145 upos=155 uneg=2720 ball=3.59 vball=-2.58 aball=-18.8 bref=30.00 pid=-33.7 pref=-103.9 ppos=-100.5 apid=-0.0 integ=-60.7 vision=1 current=1 vframe=9585 vs=1 vage=33 vpage=33 vdt=33 vmax=3067 vacc=9424 vrej=0 seq=0 elapsed=0 oled=3C
[   6780] STATUS mode=3 fault=none enc=-274 denc=0 sreq=0 sapplied=0 crate=11 uimp=-94475 upos=155 uneg=2730 ball=3.61 vball=-0.54 aball=6.2 bref=30.00 pid=10.6 pref=-99.8 ppos=-100.9 apid=0.0 integ=-60.7 vision=1 current=1 vframe=9587 vs=1 vage=6 vpage=6 vdt=33 vmax=3067 vacc=9426 vrej=0 seq=0 elapsed=0 oled=3C
[   6796] STATUS mode=3 fault=none enc=-274 denc=0 sreq=0 sapplied=0 crate=11 uimp=-94475 upos=155 uneg=2730 ball=3.61 vball=-0.54 aball=6.2 bref=30.00 pid=10.6 pref=-99.8 ppos=-100.9 apid=0.0 integ=-60.7 vision=1 current=1 vframe=9587 vs=1 vage=26 vpage=26 vdt=33 vmax=3067 vacc=9426 vrej=0 seq=0 elapsed=0 oled=3C
[   6827] STATUS mode=3 fault=none enc=-274 denc=0 sreq=143 sapplied=143 crate=143 uimp=-94475 upos=155 uneg=2730 ball=3.96 vball=5.89 aball=6.2 bref=30.00 pid=143.4 pref=-86.5 ppos=-100.9 apid=0.0 integ=-60.7 vision=1 current=1 vframe=9588 vs=1 vage=13 vpage=13 vdt=33 vmax=3067 vacc=9427 vrej=0 seq=0 elapsed=0 oled=3C
[   6858] STATUS mode=3 fault=none enc=-269 denc=2 sreq=83 sapplied=83 crate=83 uimp=-89780 upos=195 uneg=2730 ball=4.13 vball=5.13 aball=6.2 bref=30.00 pid=83.3 pref=-87.8 ppos=-96.2 apid=0.0 integ=-60.7 vision=1 current=1 vframe=9589 vs=1 vage=19 vpage=19 vdt=34 vmax=3067 vacc=9428 vrej=0 seq=0 elapsed=0 oled=3C
[   6889] STATUS mode=3 fault=none enc=-268 denc=0 sreq=0 sapplied=0 crate=18 uimp=-88240 upos=215 uneg=2730 ball=4.13 vball=2.65 aball=17.8 bref=30.00 pid=18.3 pref=-92.8 ppos=-94.6 apid=0.0 integ=-60.7 vision=1 current=1 vframe=9590 vs=1 vage=6 vpage=6 vdt=33 vmax=3067 vacc=9429 vrej=0 seq=0 elapsed=0 oled=3C
[   6905] STATUS mode=3 fault=none enc=-267 denc=0 sreq=0 sapplied=0 crate=18 uimp=-88240 upos=215 uneg=2730 ball=4.13 vball=2.65 aball=17.8 bref=30.00 pid=18.3 pref=-92.8 ppos=-94.6 apid=0.0 integ=-60.7 vision=1 current=1 vframe=9590 vs=1 vage=26 vpage=26 vdt=33 vmax=3067 vacc=9429 vrej=0 seq=0 elapsed=0 oled=3C
[   6936] STATUS mode=3 fault=none enc=-268 denc=-1 sreq=-51 sapplied=-51 crate=-51 uimp=-89410 upos=215 uneg=2750 ball=3.93 vball=-1.28 aball=17.8 bref=30.00 pid=-51.0 pref=-100.9 ppos=-95.8 apid=0.0 integ=-60.7 vision=1 current=1 vframe=9591 vs=1 vage=32 vpage=32 vdt=34 vmax=3067 vacc=9430 vrej=0 seq=0 elapsed=0 oled=3C
[   6968] STATUS mode=3 fault=none enc=-268 denc=0 sreq=-31 sapplied=-31 crate=-31 uimp=-90180 upos=215 uneg=2770 ball=3.93 vball=-0.67 aball=17.8 bref=30.00 pid=-31.1 pref=-99.7 ppos=-96.6 apid=0.0 integ=-60.7 vision=1 current=1 vframe=9592 vs=1 vage=20 vpage=20 vdt=32 vmax=3067 vacc=9431 vrej=0 seq=0 elapsed=0 oled=3C
[   6983] STATUS mode=3 fault=none enc=-269 denc=-1 sreq=0 sapplied=0 crate=-15 uimp=-90760 upos=215 uneg=2790 ball=3.94 vball=-0.17 aball=-2.9 bref=30.00 pid=-15.2 pref=-98.7 ppos=-97.1 apid=-0.0 integ=-60.7 vision=1 current=1 vframe=9593 vs=1 vage=6 vpage=6 vdt=34 vmax=3067 vacc=9432 vrej=0 seq=0 elapsed=0 oled=3C
[   7014] STATUS mode=3 fault=none enc=-269 denc=0 sreq=0 sapplied=0 crate=-13 uimp=-90760 upos=215 uneg=2790 ball=3.94 vball=-0.05 aball=-2.9 bref=30.00 pid=-12.8 pref=-98.4 ppos=-97.1 apid=-0.0 integ=-60.7 vision=1 current=1 vframe=9594 vs=1 vage=13 vpage=13 vdt=33 vmax=3067 vacc=9433 vrej=0 seq=0 elapsed=0 oled=3C
[   7046] STATUS mode=3 fault=none enc=-269 denc=0 sreq=0 sapplied=0 crate=-13 uimp=-90760 upos=215 uneg=2790 ball=3.94 vball=-0.05 aball=-2.9 bref=30.00 pid=-12.8 pref=-98.4 ppos=-97.1 apid=-0.0 integ=-60.7 vision=1 current=1 vframe=9594 vs=1 vage=33 vpage=33 vdt=33 vmax=3067 vacc=9433 vrej=0 seq=0 elapsed=0 oled=3C
[   7077] STATUS mode=3 fault=none enc=-269 denc=0 sreq=29 sapplied=29 crate=29 uimp=-90440 upos=225 uneg=2790 ball=4.10 vball=2.12 aball=-2.9 bref=30.00 pid=29.3 pref=-93.9 ppos=-96.8 apid=-0.0 integ=-60.7 vision=1 current=1 vframe=9595 vs=1 vage=20 vpage=20 vdt=33 vmax=3067 vacc=9434 vrej=0 seq=0 elapsed=0 oled=3C
[   7093] STATUS mode=3 fault=none enc=-268 denc=0 sreq=-40 sapplied=-40 crate=-40 uimp=-90570 upos=245 uneg=2805 ball=3.92 vball=-1.32 aball=-6.8 bref=30.00 pid=-40.3 pref=-101.0 ppos=-97.0 apid=-0.0 integ=-60.7 vision=1 current=1 vframe=9596 vs=1 vage=27 vpage=27 vdt=33 vmax=3067 vacc=9435 vrej=0 seq=0 elapsed=0 oled=3C
[   7125] STATUS mode=3 fault=none enc=-269 denc=0 sreq=-67 sapplied=-67 crate=-67 uimp=-91490 upos=245 uneg=2825 ball=3.76 vball=-2.78 aball=-6.8 bref=30.00 pid=-66.7 pref=-104.5 ppos=-97.9 apid=-0.0 integ=-61.1 vision=1 current=1 vframe=9597 vs=1 vage=13 vpage=13 vdt=34 vmax=3067 vacc=9436 vrej=0 seq=0 elapsed=0 oled=3C
[   7155] STATUS mode=3 fault=none enc=-270 denc=0 sreq=-54 sapplied=-54 crate=-54 uimp=-92725 upos=245 uneg=2845 ball=3.76 vball=-2.78 aball=-6.8 bref=30.00 pid=-54.3 pref=-104.5 ppos=-99.1 apid=-0.0 integ=-61.1 vision=1 current=1 vframe=9597 vs=1 vage=33 vpage=33 vdt=34 vmax=3067 vacc=9436 vrej=0 seq=0 elapsed=0 oled=3C
[   7186] STATUS mode=3 fault=none enc=-271 denc=0 sreq=0 sapplied=0 crate=0 uimp=-93970 upos=245 uneg=2885 ball=3.75 vball=-0.74 aball=-1.1 bref=30.00 pid=0.0 pref=-101.3 ppos=-100.4 apid=-0.0 integ=-62.0 vision=1 current=1 vframe=9599 vs=1 vage=8 vpage=8 vdt=32 vmax=3067 vacc=9438 vrej=0 seq=0 elapsed=0 oled=3C
[   7202] STATUS mode=3 fault=none enc=-271 denc=0 sreq=0 sapplied=0 crate=0 uimp=-93970 upos=245 uneg=2885 ball=3.75 vball=-0.74 aball=-1.1 bref=30.00 pid=0.0 pref=-101.3 ppos=-100.4 apid=-0.0 integ=-62.0 vision=1 current=1 vframe=9599 vs=1 vage=28 vpage=28 vdt=32 vmax=3067 vacc=9438 vrej=0 seq=0 elapsed=0 oled=3C
[   7233] STATUS mode=3 fault=none enc=-271 denc=0 sreq=36 sapplied=36 crate=36 uimp=-93165 upos=265 uneg=2885 ball=3.92 vball=1.71 aball=-1.1 bref=30.00 pid=35.6 pref=-96.0 ppos=-99.6 apid=-0.0 integ=-62.4 vision=1 current=1 vframe=9601 vs==1 vage=14 vpage=14 vdt=34 vmax=3067 vacc=9439 vrej=0 seq=0 elapsed=0 oled=3C
[   7264] STATUS mode=3 fault=none enc=-271 denc=0 sreq=0 sapplied=0 crate=19 uimp=-92660 upos=285 uneg=2885 ball=3.92 vball=1.71 aball=-1.1 bref=30.00 pid=19.4 pref=-97.1 ppos=-99.0 apid=-0.0 integ=-62.8 vision=1 current=1 vframe=9601 vs=1 vage=21 vpage=21 vdt=33 vmax=3067 vacc=9440 vrej=0 seq=0 elapsed=0 oled=3C
[   7280] STATUS mode=3 fault=none enc=-270 denc=0 sreq=0 sapplied=0 crate=0 uimp=-92660 upos=285 uneg=2885 ball=3.94 vball=1.12 aball=7.8 bref=30.00 pid=0.0 pref=-98.7 ppos=-99.0 apid=0.0 integ=-63.3 vision=1 current=1 vframe=9602 vs=1 vage=8 vpage=8 vdt=33 vmax=3067 vacc=9441 vrej=0 seq=0 elapsed=0 oled=3C
[   7311] STATUS mode=3 fault=none enc=-270 denc=0 sreq=0 sapplied=0 crate=-12 uimp=-92660 upos=285 uneg=2885 ball=3.94 vball=12 aball=7.8 bref=30.00 pid=0.0 pref=-98.7 ppos=-99.0 apid=0.0 integ=-63.3 vision=1 current=1 vframe=9602 vs=1 vage=28 vpage=28 vdt=33 vmax=3067 vacc=9441 vrej=0 seq=0 elapsed=0 oled=3C
[   7343] STATUS mode=3 fault=none enc=-270 denc=0 sreq=0 sapplied=0 crate=-12 uimp=-92660 upos=285 uneg=2885 ball=3.95 vball=0.58 aball=7.8 bref=30.00 pid=-12.2 pref=-100.3 ppos=-99.0 apid=0.0 integ=-63.7 vision=1 current=1 vframe=9604 vs=1 vage=1 vpage=1 vdt=33 vmax=3067 vacc=9443 vrej=0 seq=0 elapsed=0 oled=3C
[   7358] STATUS mode=3 fault=none enc=-270 denc=0 sreq=0 sapplied=0 crate=-16 uimp=-92660 upos=285 uneg=2885 ball=3.95 vball=0.58 aball=7.8 bref=30.00 pid=-15.8 pref=-100.6 ppos=-99.0 apid=0.0 integ=-64.1 vision=1 current=1 vframe=9604 vs=1 vage=21 vpage=21 vdt=33 vmax=3067 vacc=9443 vrej=0 seq=0 elapsed=0 oled=3C
[   7389] STATUS mode=3 fault=none enc=-270 denc=0 sreq=-22 sapplied=0 crate=-22 uimp=-92660 upos=285 uneg=2885 ball=3.96 vball=0.47 aball=1.4 bref=30.00 pid=-22.3 pref=-101.3 ppos=-99.0 apid=0.0 integ=-64.6 vision=1 current=1 vframe=9605 vs=1 vage=7 vpage=7 vdt=34 vmax=3067 vacc=9444 vrej=0 seq=0 elapsed=0 oled=3C
[   7421] STATUS mode=3 fault=none enc=-270 denc=0 sreq=-26 sapplied=-26 crate=-26 uimp=-93115 upos=285 uneg=2905 ball=3.97 vball=0.26 aball=1.4 bref=30.00 pid=-26.2 pref=-102.1 ppos=-99.5 apid=0.0 integ=-65.0 vision=1 current=1 vframe=9606 vs=1 vage=14 vpage=14 vdt=33 vmax=3067 vacc=9445 vrej=0 seq=0 elapsed=0 oled=3C
[   7452] STATUS mode=3 fault=none enc=-270 denc=0 sreq=-21 sapplied=-21 crate=-21 uimp=-93600 upos=285 uneg=2925 ball=3.96 vball=0.12 aball=1.4 bref=30.00 pid=-21.3 pref=-102.1 ppos=-100.0 apid=0.0 integ=-65.0 vision=1 current=1 vframe=9607 vs=1 vage=1 vpage=1 vdt=33 vmax=3067 vacc=9446 vrej=0 seq=0 elapsed=0 oled=3C
[   7468] STATUS mode=3 fault=none enc=-271 denc=0 sreq=-25 sapplied=-25 crate=-25 uimp=-94530 upos=285 uneg=2965 ball=3.96 vball=0.05 aball=-1.1 bref=30.00 pid=-25.2 pref=-103.4 ppos=-100.9 apid=-0.0 integ=-65.9 vision=1 current=1 vframe=9608 vs=1 vage=6 vpage=6 vdt=35 vmax=3067 vacc=9447 vrej=0 seq=0 elapsed=0 oled=3C
[   7500] STATUS mode=3 fault=none enc=-272 denc=-1 sreq=-20 sapplied=-20 crate=-20 uimp=-95000 upos=285 uneg=2985 ball=3.96 vball=0.05 aball=-1.1 bref=30.00 pid=-20.5 pref=-103.4 ppos=-101.4 apid=-0.0 integ=-65.9 vision=1 current=1 vframe=9608 vs=1 vage=26 vpage=26 vdt=35 vmax=3067 vacc=9447 vrej=0 seq=0 elapsed=0 oled=3C
[   7530] STATUS mode=3 fault=none enc=-273 denc=0 sreq=-23 sapplied=-23 crate=-23 uimp=-95220 upos=285 uneg=2995 ball=3.96 vball=0.02 aball=-1.1 bref=30.00 pid=-23.2 pref=-103.9 ppos=-101.6 apid=-0.0 integ=-66.3 vision=1 current=1 vframe=9609 vs=1 vage=13 vpage=13 vdt=33 vmax=3067 vacc=9448 vrej=0 seq=0 elapsed=0 oled=3C
[   7561] STATUS mode=3 fault=none enc=-274 denc=0 sreq=0 sapplied=0 crate=0 uimp=-95650 upos=285 uneg=3015 ball=4.08 vball=1.47 aball=-1.1 bref=30.00 pid=0.0 pref=-101.3 ppos=-102.0 apid=-0.0 integ=-66.8 vision=1 current=1 vframe=9610 vs=1 vage=20 vpage=20 vdt=33 vmax=3067 vacc=9449 vrej=0 seq=0 elapsed=0 oled=3C
[   7577] STATUS mode=3 fault=none enc=-274 denc=0 sreq=-20 sapplied=-20 crate=-20 uimp=-95650 upos=285 uneg=3015 ball=4.04 vball=0.32 aball=0.6 bref=30.00 pid=-20.5 pref=-104.1 ppos=-102.0 apid=0.0 integ=-67.2 vision=1 current=1 vframe=9611 vs=1 vage=7 vpage=7 vdt=33 vmax=3067 vacc=9450 vrej=0 seq=0 elapsed=0 oled=3C
[   7608] STATUS mode=3 fault=none enc=-274 denc=0 sreq=0 sapplied=0 crate=-19 uimp=-95750 upos=285 uneg=3020 ball=4.04 vball=0.32 aball=0.6 bref=30.00 pid=-19.5 pref=-104.1 ppos=-102.1 apid=0.0 integ=-67.2 vision=1 current=1 vframe=9611 vs=1 vage=27 vpage=27 vdt=33 vmax=3067 vacc=9450 vrej=0 seq=0 elapsed=0 oled=3C
[   7639] STATUS mode=3 fault=none enc=-274 denc=0 sreq=-27 sapplied=-27 crate=-27 uimp=-96555 upos=285 uneg=3045 ball=4.06 vball=0.64 aball=0.6 bref=30.00 pid=-27.5 pref=-105.7 ppos=-102.9 apid=0.0 integ=-67.6 vision=1 current=1 vframe=9613 vs=1 vage=0 vpage=0 vdt=34 vmax=3067 vacc=9452 vrej=0 seq=0 elapsed=0 oled=3C
[   7671] STATUS mode=3 fault=none enc=-275 denc=0 sreq=0 sapplied=0 crate=-12 uimp=-96690 upos=285 uneg=3050 ball=4.06 vball=0.64 aball=0.6 bref=30.00 pid=-12.1 pref=-104.3 ppos=-103.1 apid=0.0 integ=-68.1 vision=1 current=1 vframe=9613 vs=1 vage=20 vpage=20 vdt=34 vmax=3067 vacc=9452 vrej=0 seq=0 elapsed=0 oled=3C
[   7686] STATUS mode=3 fault=none enc=-275 denc=0 sreq=-33 sapplied=-33 crate=-33 uimp=-96690 upos=285 uneg=3050 ball=4.03 vball=-0.17 aball=-1.9 bref=30.00 pid=-33.0 pref=-106.4 ppos=-103.1 apid=-0.0 integ=-68.5 vision=1 current=1 vframe=9614 vs=1 vage=7 vpage=7 vdt=33 vmax=3067 vacc=9453 vrej=0 seq=0 elapsed=0 oled=3C
[   7718] STATUS mode=3 fault=none enc=-277 denc=-2 sreq=-30 sapplied=-30 crate=-30 uimp=-97845 upos=285 uneg=3090 ball=4.01 vball=-0.39 aball=-1.9 bref=30.00 pid=-30.4 pref=-107.3 ppos=-104.2 apid=-0.0 integ=-68.9 vision=1 current=1 vframe=9615 vs=1 vage=14 vpage=14 vdt=33 vmax=3067 vacc=9454 vrej=0 seq=0 elapsed=0 oled=3C
[   7750] STATUS mode=3 fault=none enc=-276 denc=0 sreq=-25 sapplied=-25 crate=-25 uimp=-98405 upos=285 uneg=3110 ball=4.01 vball=-0.39 aball=-1.9 bref=30.00 pid=-24.8 pref=-107.3 ppos=-104.8 apid=-0.0 integ=-68.9 vision=1 current=1 vframe=9615 vs=1 vage=34 vpage=34 vdt=33 vmax=3067 vacc=9454 vrej=0 seq=0 elapsed=0 oled=3C
[   7780] STATUS mode=3 fault=none enc=-277 denc=0 sreq=-21 sapplied=-21 crate=-21 uimp=-98880 upos=285 uneg=3130 ball=4.01 vball=-0.22 aball=-1.9 bref=30.00 pid=-21.0 pref=-107.4 ppos=-105.3 apid=-0.0 integ=-69.4 vision=1 current=1 vframe=9616 vs=1 vage=20 vpage=20 vdt=34 vmax=3067 vacc=9455 vrej=0 seq=0 elapsed=0 oled=3C
[   7796] STATUS mode=3 fault=none enc=-278 denc=0 sreq=0 sapplied=0 crate=-14 uimp=-99085 upos=285 uneg=3140 ball=4.03 vball=0.24 aball=0.8 bref=30.00 pid=-13.9 pref=-106.9 ppos=-105.5 apid=0.0 integ=-69.8 vision=1 current=1 vframe=9617 vs=1 vage=26 vpage=26 vdt=34 vmax=3067 vacc=9456 vrej=0 seq=0 elapsed=0 oled=3C
[   7827] STATUS mode=3 fault=none enc=-278 denc=0 sreq=0 sapplied=0 crate=-19 uimp=-99185 upos=285 uneg=3145 ball=4.04 vball=0.16 aball=0.8 bref=30.00 pid=-18.6 pref=-107.4 ppos=-105.6 apid=0.0 integ=-70.2 vision=1 current=1 vframe=9618 vs=1 vage=14 vpage=14 vdt=32 vmax=3067 vacc=9457 vrej=0 seq=0 elapsed=0 oled=3C
[   7858] STATUS mode=3 fault=none enc=-278 denc=0 sreq=-21 sapplied=-21 crate=-21 uimp=-99535 upos=285 uneg=3160 ball=4.03 vball=0.08 aball=0.8 bref=30.00 pid=-21.1 pref=-108.0 ppos=.6 apid=0.0 integ=-70.2 vision=1 current=1 vframe=9619 vs=1 vage=1 vpage=1 vdt=33 vmax=3067 vacc=9458 vrej=0 seq=0 elapsed=0 oled=3C
[   7875] STATUS mode=3 fault=none enc=-279 denc=0 sreq=-99 sapplied=-99 crate=-99 uimp=-99740 upos=285 uneg=3170 ball=3.79 vball=-3.57 aball=-16.9 bref=30.00 pid=-99.4 pref=-116.1 ppos=-106.1 apid=-0.0 integ=-71.1 vision=1 current=1 vframe=9627 vs=1 vage=7 vpage=7 vdt=34 vmax=3067 vacc=9466 vrej=0 seq=0 elapsed=0 oled=3C
[   7905] STATUS mode=3 fault=none enc=-280 denc=0 sreq=-81 sapplied=-81 crate=-81 uimp=-101580 upos=285 uneg=3190 ball=3.79 vball=-3.57 aball=-16.9 bref=30.00 pid=-81.0 pref=-116.1 ppos=-108.0 apid=-0.0 integ=-71.1 vision=1 current=1 vframe=9627 vs=1 vage=27 vpage=27 vdt=34 vmax=3067 vacc=9466 vrej=0 seq=0 elapsed=0 oled=3C
[   7936] STATUS mode=3 fault=none enc=-283 denc=0 sreq=-44 sapplied=-44 crate=-44 uimp=-104030 upos=285 uneg=3230 ball=3.73 vball=-2.71 aball=-16.9 bref=30.00 pid=-44.3 pref=-114.9 ppos=-110.4 apid=-0.0 integ=-71.5 vision=1 current=1 vframe=9628 vs=1 vage=34 vpage=34 vdt=33 vmax=3067 vacc=9467 vrej=0 seq=0 elapsed=0 oled=3C
[   7968] STATUS mode=3 fault=none enc=-284 denc=0 sreq=0 sapplied=0 crate=-19 uimp=-104350 upos=285 uneg=3240 ball=3.73 vball=-1.36 aball=-16.9 bref=30.00 pid=-18.6 pref=-112.6 ppos=-110.7 apid=-0.0 integ=-72.0 vision=1 current=1 vframe=9629 vs=1 vage=20 vpage=20 vdt=34 vmax=3067 vacc=9468 vrej=0 seq=0 elapsed=0 oled=3C
[   7983] STATUS mode=3 fault=none enc=-284 denc=0 sreq=0 sapplied=0 crate=0 uimp=-104350 upos=285 uneg=3240 ball=3.74 vball=-0.61 aball=4.0 bref=30.00 pid=0.0 pref=-111.5 ppos=-110.7 apid=0.0 integ=-72.4 vision=1 current=1 vframe=9630 vs=1 vage=7 vpage=7 vdt=33 vmax=3067 vacc=9469 vrej=0 seq=0 elapsed=0 oled=3C
[   8014] STATUS mode=3 fault=none enc=-284 denc=0 sreq=46 sapplied=46 crate=46 uimp=-104350 upos=285 uneg=3240 ball=3.92 vball=2.17 aball=4.0 bref=30.00 pid=45.5 pref=-106.2 ppos=-110.7 apid=0.0 integ=-72.8 vision=1 current=1 vframe=9631 vs=1 vage=13 vpage=13 vdt=34 vmax=3067 vacc=9470 vrej=0 seq=0 elapsed=0 oled=3C
[   8046] STATUS mode=3 fault=none enc=-284 denc=0 sreq=37 sapplied=37 crate=37 uimp=-103505 upos=305 uneg=3240 ball=3.92 vball=2.17 aball=4.0 bref=30.00 pid=37.1 pref=-106.2 ppos=-109.9 apid=0.0 integ=-72.8 vision=1 current=1 vframe=9631 vs=1 vage=33 vpage=33 vdt=34 vmax=3067 vacc=9470 vrej=0 seq=0 elapsed=0 oled=3C
[   8077] STATUS mode=3 fault=none enc=-283 denc=1 sreq=0 sapplied=0 crate=0 uimp=-103320 upos=310 uneg=3240 ball=3.92 vball=1.03 aball=4.0 bref=30.00 pid=0.0 pref=-108.9 ppos=-109.7 apid=0.0 integ=-73.3 vision=1 current=1 vframe=9632 vs=1 vage=20 vpage=20 vdt=33 vmax=3067 vacc=9471 vrej=0 seq=0 elapsed=0 oled=3C
[   8093] STATUS mode=3 fault=none enc=-283 denc=0 sreq=0 sapplied=0 crate=-11 uimp=-103320 upos=310 uneg=3240 ball=3.91 vball=0.32 aball=6.4 bref=30.00 pid=-10.5 pref=-110.8 ppos=-109.7 apid=0.0 integ=-73.7 vision=1 current=1 vframe=9633 vs=1 vage=27 vpage=27 vdt=33 vmax=3067 vacc=9472 vrej=0 seq=0 elapsed=0 oled=3C
[   8125] STATUS mode=3 fault=none enc=-283 denc=0 sreq=0 sapplied=0 crate=-17 uimp=-103320 upos=310 uneg=3240 ball=3.91 vball=0.22 aball=6.4 bref=30.00 pid=-16.9 pref=-111.4 ppos=-109.7 apid=0.0 integ=-74.1 vision=1 current=1 vframe=9634 vs=1 vage=13 vpage=13 vdt=34 vmax=3067 vacc=9473 vrej=0 seq=0 elapsed=0 oled=3C
[   8155] STATUS mode=3 fault=none enc=-283 denc=0 sreq=0 sapplied=0 crate=-17 uimp=-103320 upos=310 uneg=3240 ball=3.91 vball=0.22 aball=6.4 bref=30.00 pid=-16.9 pref=-111.4 ppos=-109.7 apid=0.0 integ=-74.1 vision=1 current=1 vframe=9634 vs=1 vage=33 vpage=33 vdt=34 vmax=3067 vacc=9473 vrej=0 seq=0 elapsed=0 oled=3C
[   8171] STATUS mode=3 fault=none enc=-283 denc=0 sreq=0 sapplied=0 crate=0 uimp=-103750 upos=310 uneg=3260 ball=3.99 vball=1.30 aball=7.9 bref=30.00 pid=0.0 pref=-110.0 ppos=-110.1 apid=0.0 integ=-75.0 vision=1 current=1 vframe=9636 vs=1 vage=7 vpage=7 vdt=33 vmax=3067 vacc=9475 vrej=0 seq=0 elapsed=0 oled=3C
[   8202] STATUS mode=3 fault=none enc=-283 denc=0 sreq=0 sapplied=0 crate=0 uimp=-103750 upos=310 uneg=3260 ball=3.99 vball=1.30 aball=7.9 bref=30.00 pid=0.0 pref=-110.0 ppos=-110.1 apid=0.0 integ=-75.0 vision=1 current=1 vframe=9636 vs=1 vage=27 vpage=27 vdt=33 vmax=3067 vacc=9475 vrej=0 seq=0 elapsed=0 oled=3C
[   8233] STATUS mode=3 fault=none enc=-283 denc=0 sreq=0 sapplied=0 crate=0 uimp=-103750 upos=310 uneg=3260 ball=4.03 vball=1.13 aball=7.9 bref=30.00 pid=0.0 pref=-110.7 ppos=-110.1 apid=0.0 integ=-75.4 vision=1 current=1 vframe=9637 vs=1 vage=14 vpage=14 vdt=33 vmax=3067 vacc=9476 vrej=0 seq=0 elapsed=0 oled=3C
[   8264] STATUS mode=3 fault=none enc=-283 denc=0 sreq=0 sapplied=0 crate=-19 uimp=-103955 upos=310 uneg=3270 ball=4.03 vball=0.59 aball=7.9 bref=30.00 pid=-19.0 pref=-112.2 ppos=-110.3 apid=0.0 integ=-75.9 vision=1 current=1 vframe=9638 vs=1 vage=20 vpage=20 vdt=34 vmax=3067 vacc=9477 vrej=0 seq=0 elapsed=0 oled=3C
[   8280] STATUS mode=3 fault=none enc=-283 denc=0 sreq=-30 sapplied=-30 crate=-30 uimp=-103955 upos=310 uneg=3270 ball=4.02 vball=0.27 aball=-0.3 bref=30.00 pid=-29.9 pref=-113.3 ppos=-110.3 apid=-0.0 integ=-76.3 vision=1 current=1 vframe=9639 vs=1 vage=7 vpage=7 vdt=33 vmax=3067 vacc=9478 vrej=0 seq=0 elapsed=0 oled=3C
[   8311] STATUS mode=3 fault=none enc=-283 denc=0 sreq=-24 sapplied=-24 crate=-24 uimp=-104510 upos=310 uneg=3290 ball=4.02 vball=0.27 aball=-0.3 bref=30.00 pid=-24.3 pref=-113.3 ppos=-110.9 apid=-0.0 integ=-76.3 vision=1 current=1 vframe=9639 vs=1 vage=27 vpage=27 vdt=33 vmax=3067 vacc=9478 vrej=0 seq=0 elapsed=0 oled=3C
[   8343] STATUS mode=3 fault=none enc=-284 denc=0 sreq=-22 sapplied=-22 crate=-22 uimp=-105495 upos=310 uneg=3330 ball=4.02 vball=0.05 aball=-0.3 bref=30.00 pid=-21.9 pref=-114.1 ppos=-111.9 apid=-0.0 integ=-76.7 vision=1 current=1 vframe=9641 vs=1 vage=1 vpage=1 vdt=33 vmax=3067 vacc=9480 vrej=0 seq=0 elapsed=0 oled=3C
[   8375] STATUS mode=3 fault=none enc=-285 denc=-1 sreq=-23 sapplied=-23 crate=-23 uimp=-105980 upos=310 uneg=3350 ball=4.02 vball=0.05 aball=-0.3 bref=30.00 pid=-22.6 pref=-114.6 ppos=-112.4 apid=-0.0 integ=-77.2 vision=1 current=1 vframe=9641 vs=1 vage=21 vpage=21 vdt=33 vmax=3067 vacc=9480 vrej=0 seq=0 elapsed=0 oled=3C
[   8389] STATUS mode=3 fault=none enc=-285 denc=0 sreq=48 sapplied=48 crate=48 uimp=-105495 upos=325 uneg=3365 ball=4.31 vball=3.88 aball=16.1 bref=30.00 pid=48.3 pref=-107.1 ppos=-111.9 apid=0.0 integ=-77.6 vision=1 current=1 vframe=9642 vs=1 vage=27 vpage=27 vdt=34 vmax=3067 vacc=9481 vrej=0 seq=0 elapsed=0 oled=3C
[   8421] STATUS mode=3 fault=none enc=-285 denc=0 sreq=0 sapplied=0 crate=0 uimp=-104805 upos=340 uneg=3365 ball=4.33 vball=2.32 aball=16.1 bref=30.00 pid=0.0 pref=-110.6 ppos=-111.2 apid=0.0 integ=-78.0 vision=1 current=1 vframe=9643 vs=1 vage=13 vpage=13 vdt=34 vmax=3067 vacc=9482 vrej=0 seq=0 elapsed=0 oled=3C
[   8452] STATUS mode=3 fault=none enc=-285 denc=0 sreq=0 sapplied=0 crate=0 uimp=-104805 upos=340 uneg=3365 ball=4.33 vball=2.32 aball=16.1 bref=30.00 pid=0.0 pref=-110.6 ppos=-111.2 apid=0.0 integ=-78.0 vision=1 current=1 vframe=9643 vs=1 vage=33 vpage=33 vdt=34 vmax=3067 vacc=9482 vrej=0 seq=0 elapsed=0 oled=3C
[   8468] STATUS mode=3 fault=none enc=-285 denc=0 sreq=-40 sapplied=-40 crate=-40 uimp=-105125 upos=340 uneg=3380 ball=4.30 vball=0.28 aball=-7.3 bref=30.00 pid=-40.4 pref=-115.6 ppos=-111.5 apid=-0.0 integ=-78.9 vision=1 current=1 vframe=9645 vs=1 vage=7 vpage=7 vdt=31 vmax=3067 vacc=9484 vrej=0 seq=0 elapsed=0 oled=3C
[   8500] STATUS mode=3 fault=none enc=-285 denc=-1 sreq=-33 sapplied=-33 crate=-33 uimp=-105870 upos=340 uneg=3400 ball=4.30 vball=0.28 aball=-7.3 bref=30.00 pid=-32.9 pref=-115.6 ppos=-112.3 apid=-0.0 integ=-78.9 vision=1 current=1 vframe=9645 vs=1 vage=27 vpage=27 vdt=31 vmax=3067 vacc=9484 vrej=0 seq=0 elapsed=0 oled=3C
[   8530] STATUS mode=3 fault=none enc=-285 denc=0 sreq=-35 sapplied=-35 crate=-35 uimp=-106525 upos=340 uneg=3420 ball=4.30 vball=0.09 aball=-7.3 bref=30.00 pid=-34.7 pref=-116.4 ppos=-112.9 apid=-0.0 integ=-79.3 vision=1 current=1 vframe=9646 vs=1 vage=12 vpage=12 vdt=35 vmax=3067 vacc=9485 vrej=0 seq=0 elapsed=0 oled=3C
[   8561] STATUS mode=3 fault=none enc=-286 denc=0 sreq=-28 sapplied=-28 crate=-28 uimp=-107745 upos=340 uneg=3460 ball=4.30 vball=0.03 aball=-7.3 bref=30.00 pid=-27.9 pref=-116.9 ppos=-114.1 apid=-0.0 integ=-79.8 vision=1 current=1 vframe=9647 vs=1 vage=19 vpage=19 vdt=33 vmax=3067 vacc=9486 vrej=0 seq=0 elapsed=0 oled=3C
[   8577] STATUS mode=3 fault=none enc=-286 denc=0 sreq=-22 sapplied=-22 crate=-22 uimp=-108265 upos=340 uneg=3480 ball=4.31 vball=0.27 aball=-4.1 bref=30.00 pid=-21.9 pref=-116.8 ppos=-114.7 apid=-0.0 integ=-80.2 vision=1 current=1 vframe=9648 vs=1 vage=7 vpage=7 vdt=32 vmax=3067 vacc=9487 vrej=0 seq=0 elapsed=0 oled=3C
[   8608] STATUS mode=3 fault=none enc=-288 denc=-2 sreq=0 sapplied=0 crate=-19 uimp=-108580 upos=340 uneg=3495 ball=4.31 vball=0.27 aball=-4.1 bref=30.00 pid=-18.8 pref=-116.8 ppos=-115.0 apid=-0.0 integ=-80.2 vision=1 current=1 vframe=9648 vs=1 vage=27 vpage=27 vdt=32 vmax=3067 vacc=9487 vrej=0 seq=0 elapsed=0 oled=3C
[   8639] STATUS mode=3 fault=none enc=-288 denc=-1 sreq=0 sapplied=0 crate=-19 uimp=-109150 upos=340 uneg=3520 ball=4.32 vball=0.16 aball=-4.1 bref=30.00 pid=-19.5 pref=-117.5 ppos=-115.5 apid=-0.0 integ=-80.6 vision=1 current=1 vframe=9649 vs=1 vage=33 vpage=33 vdt=34 vmax=3067 vacc=9488 vrej=0 seq=0 elapsed=0 oled=3C
[   8671] STATUS mode=3 fault=none enc=-289 denc=0 sreq=-22 sapplied=-22 crate=-22 uimp=-109510 upos=340 uneg=3535 ball=4.32 vball=0.08 aball=-4.1 bref=30.00 pid=-21.7 pref=-118.1 ppos=-115.9 apid=-0.0 integ=-81.0 vision=1 current=1 vframe=9650 vs=1 vage=20 vpage=20 vdt=33 vmax=3067 vacc=9489 vrej=0 seq=0 elapsed=0 oled=3C
[   8686] STATUS mode=3 fault=none enc=-290 denc=-1 sreq=-24 sapplied=-24 crate=-24 uimp=-109825 upos=340 uneg=3550 ball=4.32 vball=0.03 aball=-3.3 bref=30.00 pid=-23.8 pref=-118.6 ppos=-116.2 apid=-0.0 integ=-81.5 vision=1 current=1 vframe=9651 vs=1 vage=7 vpage=7 vdt=33 vmax=3067 vacc=9490 vrej=0 seq=0 elapsed=0 oled=3C
[   8718] STATUS mode=3 fault=none enc=-290 denc=0 sreq=-154 sapplied=-154 crate=-154 uimp=-110860 upos=340 uneg=3575 ball=3.82 vball=-6.72 aball=-3.3 bref=30.00 pid=-154.5 pref=-132.7 ppos=-117.2 apid=-0.0 integ=-81.5 vision=1 current=1 vframe=9652 vs=1 vage=14 vpage=14 vdt=33 vmax=3067 vacc=9491 vrej=0 seq=0 elapsed=0 oled=3C
[   8750] STATUS mode=3 fault=none enc=-295 denc=-2 sreq=-126 sapplied=-126 crate=-126 uimp=-113720 upos=340 uneg=3595 ball=3.82 vball=-6.72 aball=-3.3 bref=30.00 pid=-125.9 pref=-132.7 ppos=-120.1 apid=-0.0 integ=-81.5 vision=1 current=1 vframe=9652 vs=1 vage=34 vpage=34 vdt=33 vmax=3067 vacc=9491 vrej=0 seq=0 elapsed=0 oled=3C
[   8780] STATUS mode=3 fault=none enc=-297 denc=0 sreq=0 sapplied=0 crate=0 uimp=-116350 upos=340 uneg=3635 ball=3.79 vball=-1.93 aball=-10.7 bref=30.00 pid=0.0 pref=-123.2 ppos=-122.7 apid=-0.0 integ=-81.5 vision=1 current=1 vframe=9654 vs=1 vage=7 vpage=7 vdt=33 vmax=3067 vacc=9493 vrej=0 seq=0 elapsed=0 oled=3C
[   8796] STATUS mode=3 fault=none enc=-298 denc=0 sreq=0 sapplied=0 crate=0 uimp=-116350 upos=340 uneg=3635 ball=3.79 vball=-1.93 aball=-10.7 bref=30.00 pid=0.0 pref=-123.2 ppos=-122.7 apid=-0.0 integ=-81.5 vision=1 current=1 vframe=9654 vs=1 vage=27 vpage=27 vdt=33 vmax=3067 vacc=9493 vrej=0 seq=0 elapsed=0 oled=3C
[   8827] STATUS mode=3 fault=none enc=-298 denc=0 sreq=0 sapplied=0 crate=17 uimp=-116350 upos=340 uneg=3635 ball=3.80 vball=-0.87 aball=-10.7 bref=30.00 pid=17.2 pref=-121.0 ppos=-122.7 apid=-0.0 integ=-81.5 vision=1 current=1 vframe=9655 vs=1 vage=13 vpage=13 vdt=34 vmax=3067 vacc=9494 vrej=0 seq=0 elapsed=0 oled=3C
[   8858] STATUS mode=3 fault=none enc=-298 denc=0 sreq=25 sapplied=25 crate=25 uimp=-116085 upos=350 uneg=3635 ball=3.80 vball=-0.36 aball=-10.7 bref=30.00 pid=24.7 pref=-120.0 ppos=-122.5 apid=-0.0 integ=-81.5 vision=1 current=1 vframe=9656 vs=1 vage=20 vpage=20 vdt=33 vmax=3067 vacc=9495 vrej=0 seq=0 elapsed=0 oled=3C
[   8889] STATUS mode=3 fault=none enc=-298 denc=0 sreq=25 sapplied=25 crate=25 uimp=-115630 upos=370 uneg=3635 ball=3.81 vball=-0.15 aball=2.2 bref=30.00 pid=24.5 pref=-119.6 ppos=-122.0 apid=0.0 integ=-81.5 vision=1 current=1 vframe=9657 vs=1 vage=7 vpage=7 vdt=33 vmax=3067 vacc=9496 vrej=0 seq=0 elapsed=0 oled=3C
[   8905] STATUS mode=3 fault=none enc=-297 denc=1 sreq=20 sapplied=20 crate=20 uimp=-115175 upos=390 uneg=3635 ball=3.81 vball=-0.15 aball=2.2 bref=30.00 pid=20.0 pref=-119.6 ppos=-121.6 apid=0.0 integ=-81.5 vision=1 current=1 vframe=9657 vs=1 vage=27 vpage=27 vdt=33 vmax=3067 vacc=9496 vrej=0 seq=0 elapsed=0 oled=3C
[   8936] STATUS mode=3 fault=none enc=-298 denc=-1 sreq=-59 sapplied=-59 crate=-59 uimp=-116425 upos=395 uneg=3655 ball=3.52 vball=-4.56 aball=2.2 bref=30.00 pid=-59.2 pref=-128.7 ppos=-122.8 apid=0.0 integ=-81.5 vision=1 current=1 vframe=9658 vs=1 vage=33 vpage=33 vdt=34 vmax=3067 vacc=9497 vrej=0 seq=0 elapsed=0 oled=3C
[   8968] STATUS mode=3 fault=none enc=-298 denc=0 sreq=-20 sapplied=-20 crate=-20 uimp=-117225 upos=395 uneg=3675 ball=3.45 vball=-2.98 aball=2.2 bref=30.00 pid=-20.5 pref=-125.7 ppos=-123.6 apid=0.0 integ=-81.5 vision=1 current=1 vframe=9659 vs=1 vage=19 vpage=19 vdt=34 vmax=3067 vacc=9498 vrej=0 seq=0 elapsed=0 oled=3C
[   9000] STATUS mode=3 fault=none enc=-299 denc=0 sreq=0 sapplied=0 crate=17 uimp=-117325 upos=395 uneg=3680 ball=3.48 vball=-1.16 aball=-3.4 bref=30.00 pid=17.3 pref=-122.0 ppos=-123.7 apid=-0.0 integ=-81.5 vision=1 current=1 vframe=9660 vs=1 vage=7 vpage=7 vdt=32 vmax=3067 vacc=9499 vrej=0 seq=0 elapsed=0 oled=3C
[   9014] STATUS mode=3 fault=none enc=-299 denc=0 sreq=0 sapplied=0 crate=18 uimp=-117325 upos=395 uneg=3680 ball=3.44 vball=-1.10 aball=-3.4 bref=30.00 pid=18.0 pref=-121.9 ppos=-123.7 apid=-0.0 integ=-81.5 vision=1 current=1 vframe=9661 vs=1 vage=12 vpage=12 vdt=35 vmax=3067 vacc=9500 vrej=0 seq=0 elapsed=0 oled=3C
[   9046] STATUS mode=3 fault=none enc=-299 denc=0 sreq=0 sapplied=0 crate=18 uimp=-117325 upos=395 uneg=3680 ball=3.44 vball=-1.10 aball=-3.4 bref=30.00 pid=18.0 pref=-121.9 ppos=-123.7 apid=-0.0 integ=-81.5 vision=1 current=1 vframe=9661 vs=1 vage=32 vpage=32 vdt=35 vmax=3067 vacc=9500 vrej=0 seq=0 elapsed=0 oled=3C
[   9077] STATUS mode=3 fault=none enc=-299 denc=0 sreq=0 sapplied=0 crate=0 uimp=-116450 upos=425 uneg=3680 ball=3.39 vball=-1.26 aball=-2.3 bref=30.00 pid=0.0 pref=-122.3 ppos=-122.8 apid=-0.0 integ=teg=-81.5 vision=1 current=1 vframe=9662 vs=1 vage=20 vpage=20 vdt=32 vmax=3067 vacc=9501 vrej=0 seq=0 elapsed=0 oled=3C
[   9093] STATUS mode=3 fault=none enc=-298 denc=0 sreq=0 sapplied=0 crate=0 uimp=-116450 upos=425 uneg=3680 ball=3.39 vball=-1.26 aball=-2.3 bref=30.00 pid=0.0 pref=-122.3 ppos=-122.8 apid=-0.0 integ=-81.5 vision=1 current=1 vframe=9663 vs=1 vage=25 vpage=25 vdt=35 vmax=3067 vacc=9502 vrej=0 seq=0 elapsed=0 oled=3C
[   9125] STATUS mode=3 fault=none enc=-298 denc=0 sreq=0 sapplied=0 crate=0 uimp=-116450 upos=425 uneg=3680 ball=3.36 vball=-1.07 aball=-2.3 bref=30.00 pid=0.0 pref=-121.9 ppos=-122.8 apid=-0.0 integ=-81.5 vision=1 current=1 vframe=9664 vs=1 vage=12 vpage=12 vdt=33 vmax=3067 vacc=9503 vrej=0 seq=0 elapsed=0 oled=3C
[   9155] STATUS mode=3 fault=none enc=-298 denc=0 sreq=0 sapplied=0 crate=13 uimp=-116450 upos=425 uneg=3680 ball=3.35 vball=-0.66 aball=-2.3 bref=30.00 pid=12.6 pref=-121.6 ppos=-122.8 apid=-0.0 integ=-81.9 vision=1 current=1 vframe=9665 vs=1 vage=19 vpage=19 vdt=33 vmax=3067 vacc=9504 vrej=0 seq=0 elapsed=0 oled=3C
[   9186] STATUS mode=3 fault=none enc=-298 denc=0 sreq=0 sapplied=0 crate=15 uimp=-116450 upos=425 uneg=3680 ball=3.35 vball=-0.35 aball=2.9 bref=30.00 pid=14.5 pref=-121.4 ppos=-122.8 apid=0.0 integ=-82.3 vision=1 current=1 vframe=9666 vs=1 vage=7 vpage=7 vdt=32 vmax=3067 vacc=9505 vrej=0 seq=0 elapsed=0 oled=3C
[   9202] STATUS mode=3 fault=none enc=-298 denc=0 sreq=0 sapplied=0 crate=15 uimp=-116450 upos=425 uneg=3680 ball=3.35 vball=-0.35 aball=2.9 bref=30.00 pid=14.5 pref=-121.4 ppos=-122.8 apid=0.0 integ=-82.3 vision=1 current=1 vframe=9666 vs=1 vage=27 vpage=27 vdt=32 vmax=3067 vacc=9505 vrej=0 seq=0 elapsed=0 oled=3C
[   9233] STATUS mode=3 fault=none enc=-298 denc=0 sreq=30 sapplied=30 crate=30 uimp=-115575 upos=450 uneg=3680 ball=3.44 vball=1.03 aball=2.9 bref=30.00 pid=29.9 pref=-119.0 ppos=-122.0 apid=0.0 integ=-82.8 vision=1 current=1 vframe=9667 vs=1 vage=33 vpage=33 vdt=34 vmax=3067 vacc=9506 vrej=0 seq=0 elapsed=0 oled=3C
[   9264] STATUS mode=3 fault=none enc=-297 denc=1 sreq=0 sapplied=0 crate=0 uimp=-115425 upos=455 uneg=3680 ball=3.40 vball=-0.01 aball=2.9 bref=30.00 pid=0.0 pref=-121.5 ppos=-121.8 apid=0.0 integ=-83.2 vision=1 current=1 vframe=9668 vs=1 vage=20 vpage=20 vdt=33 vmax=3067 vacc=9507 vrej=0 seq=0 elapsed=0 oled=3C
[   9296] STATUS mode=3 fault=none enc=-297 denc=0 sreq=23 sapplied=23 crate=23 uimp=-115425 upos=455 uneg=3680 ball=3.49 vball=1.19 aball=8.5 bref=30.00 pid=23.3 pref=-119.5 ppos=-121.8 apid=0.0 integ=-83.7 vision=1 current=1 vframe=9669 vs=1 vage=6 vpage=6 vdt=34 vmax=3067 vacc=9508 vrej=0 seq=0 elapsed=0 oled=3C
[   9311] STATUS mode=3 fault=none enc=-297 denc=0 sreq=90 sapplied=90 crate=90 uimp=-114520 upos=480 uneg=3680 ball=3.72 vball=4.86 aball=8.5 bref=30.00 pid=90.5 pref=-111.9 ppos=-120.9 apid=0.0 integ=-83.7 vision=1 current=1 vframe=9670 vs=1 vage=13 vpage=13 vdt=33 vmax=3067 vacc=9509 vrej=0 seq=0 elapsed=0 oled=3C
[   9343] STATUS mode=3 fault=none enc=-296 denc=0 sreq=74 sapplied=74 crate=74 uimp=-112840 upos=500 uneg=3680 ball=3.72 vball=4.86 aball=8.5 bref=30.00 pid=73.7 pref=-111.9 ppos=-119.2 apid=0.0 integ=-83.7 vision=1 current=1 vframe=9670 vs=1 vage=33 vpage=33 vdt=33 vmax=3067 vacc=9509 vrej=0 seq=0 elapsed=0 oled=3C
[   9375] STATUS mode=3 fault=none enc=-295 denc=0 sreq=44 sapplied=44 crate=44 uimp=-111645 upos=520 uneg=3680 ball=3.83 vball=3.91 aball=8.5 bref=30.00 pid=44.0 pref=-113.6 ppos=-118.0 apid=0.0 integ=-83.7 vision=1 current=1 vframe=9671 vs=1 vage=19 vpage=19 vdt=34 vmax=3067 vacc=9510 vrej=0 seq=0 elapsed=0 oled=3C
[   9389] STATUS mode=3 fault=none enc=-292 denc=0 sreq=0 sapplied=0 crate=0 uimp=-110825 upos=540 uneg=3680 ball=3.81 vball=1.67 aball=6.8 bref=30.00 pid=0.0 pref=-118.1 ppos=-117.2 apid=0.0 integ=-83.7 vision=1 current=1 vframe=9672 vs=1 vage=26 vpage=26 vdt=33 vmax=3067 vacc=9511 vrej=0 seq=0 elapsed=0 oled=3C
[   9421] STATUS mode=3 fault=none enc=-292 denc=0 sreq=-24 sapplied=-24 crate=-24 uimp=-110825 upos=540 uneg=3680 ball=3.81 vball=0.94 aball=6.8 bref=30.00 pid=-23.8 pref=-119.6 ppos=-117.2 apid=0.0 integ=-83.7 vision=1 current=1 vframe=9673 vs=1 vage=13 vpage=13 vdt=33 vmax=3067 vacc=9512 vrej=0 seq=0 elapsed=0 oled=3C
[   9452] STATUS mode=3 fault=none enc=-292 denc=0 sreq=0 sapplied=0 crate=-19 uimp=-111265 upos=540 uneg=3700 ball=3.81 vball=0.94 aball=6.8 bref=30.00 pid=-19.4 pref=-119.6 ppos=-117.7 apid=0.0 integ=-83.7 vision=1 current=1 vframe=9673 vs=1 vage=33 vpage=33 vdt=33 vmax=3067 vacc=9512 vrej=0 seq=0 elapsed=0 oled=3C
[   9483] STATUS mode=3 fault=none enc=-292 denc=0 sreq=0 sapplied=0 crate=-12 uimp=-112115 upos=540 uneg=3735 ball=3.86 vball=0.86 aball=0.1 bref=30.00 pid=-11.9 pref=-119.7 ppos=-118.5 apid=0.0 integ=-83.7 vision=1 current=1 vframe=9675 vs=1 vage=6 vpage=6 vdt=34 vmax=3067 vacc=9514 vrej=0 seq=0 elapsed=0 oled=3C
[   9500] STATUS mode=3 fault=none enc=-293 denc=0 sreq=0 sapplied=0 crate=-12 uimp=-112115 upos=540 uneg=3735 ball=3.86 vball=0.86 aball=0.1 bref=30.00 pid=-11.9 pref=-119.7 ppos=-118.5 apid=0.0 integ=-83.7 vision=1 current=1 vframe=9675 vs=1 vage=26 vpage=26 vdt=34 vmax=3067 vacc=9514 vrej=0 seq=0 elapsed=0 oled=3C
[   9530] STATUS mode=3 fault=none enc=-293 denc=0 sreq=0 sapplied=0 crate=-19 uimp=-112215 upos=540 uneg=3740 ball=3.86 vball=0.48 aball=0.1 bref=30.00 pid=-18.5 pref=-120.5 ppos=-118.6 apid=0.0 integ=-83.7 vision=1 current=1 vframe=9676 vs=1 vage=13 vpage=13 vdt=33 vmax=3067 vacc=9515 vrej=0 seq=0 elapsed=0 oled=3C
[   9561] STATUS mode=3 fault=none enc=-293 denc=0 sreq=-25 sapplied=-25 crate=-25 uimp=-112490 upos=540 uneg=3750 ball=3.86 vball=0.22 aball=0.1 bref=30.00 pid=-25.4 pref=-121.4 ppos=-118.9 apid=0.0 integ=-84.1 vision=1 current=1 vframe=9677 vs=1 vage=19 vpage=19 vdt=34 vmax=3067 vacc=9516 vrej=0 seq=0 elapsed=0 oled=3C
[   9593] STATUS mode=3 fault=none enc=-294 denc=0 sreq=-27 sapplied=-27 crate=-27 uimp=-112960 upos=540 uneg=3770 ball=3.86 vball=0.10 aball=-3.4 bref=30.00 pid=-27.3 pref=-122.1 ppos=-119.3 apid=-0.0 integ=-84.5 vision=1 current=1 vframe=9678 vs=1 vage=7 vpage=7 vdt=32 vmax=3067 vacc=9517 vrej=0 seq=0 elapsed=0 oled=3C
[   9608] STATUS mode=3 fault=none enc=-294 denc=1 sreq=-22 sapplied=-22 crate=-22 uimp=-113465 upos=540 uneg=3790 ball=3.86 vball=0.10 aball=-3.4 bref=30.00 pid=-22.2 pref=-122.1 ppos=-119.9 apid=-0.0 integ=-84.5 vision=1 current=1 vframe=9678 vs=1 vage=27 vpage=27 vdt=32 vmax=3067 vacc=9517 vrej=0 seq=0 elapsed=0 oled=3C
[   9639] STATUS mode=3 fault=none enc=-295 denc=-1 sreq=0 sapplied=0 crate=-19 uimp=-114335 upos=540 uneg=3830 ball=3.86 vball=0.04 aball=-3.4 bref=30.00 pid=-19.2 pref=-122.6 ppos=-120.7 apid=-0.0 integ=-85.0 vision=1 current=1 vframe=9679 vs=1 vage=33 vpage=33 vdt=34 vmax=3067 vacc=9518 vrej=0 seq=0 elapsed=0 oled=3C
[   9671] STATUS mode=3 fault=none enc=-296 denc=0 sreq=-20 sapplied=-20 crate=-20 uimp=-114680 upos=540 uneg=3845 ball=3.86 vball=0.02 aball=-3.4 bref=30.00 pid=-20.4 pref=-123.1 ppos=-121.1 apid=-0.0 integ=-85.4 vision=1 current=1 vframe=9680 vs=1 vage=20 vpage=20 vdt=33 vmax=3067 vacc=9519 vrej=0 seq=0 elapsed=0 oled=3C
[   9686] STATUS mode=3 fault=none enc=-296 denc=0 sreq=0 sapplied=0 crate=0 uimp=-114780 upos=540 uneg=3850 ball=3.96 vball=1.61 aball=4.9 bref=30.00 pid=0.0 pref=-120.3 ppos=-121.2 apid=0.0 integ=-85.8 vision=1 current=1 vframe=9681 vs=1 vage=26 vpage=26 vdt=34 vmax=3067 vacc=9520 vrej=0 seq=0 elapsed=0 oled=3C
[   9718] STATUS mode=3 fault=none enc=-296 denc=0 sreq=0 sapplied=0 crate=0 uimp=-114780 upos=540 uneg=3850 ball=4.00 vball=1.45 aball=4.9 bref=30.00 pid=0.0 pref=-121.0 ppos=-121.2 apid=0.0 integ=-86.3 vision=1 current=1 vframe=9682 vs=1 vage=13 vpage=13 vdt=33 vmax=3067 vacc=9521 vrej=0 seq=0 elapsed=0 oled=3C
[   9750] STATUS mode=3 fault=none enc=-296 denc=0 sreq=0 sapplied=0 crate=0 uimp=-114780 upos=540 uneg=3850 ball=4.00 vball=1.45 aball=4.9 bref=30.00 pid=0.0 pref=-121.0 ppos=-121.2 apid=0.0 integ=-86.3 vision=1 current=1 vframe=9682 vs=1 vage=33 vpage=33 vdt=33 vmax=3067 vacc=9521 vrej=0 seq=0 elapsed=0 oled=3C
[   9796] STATUS mode=3 fault=none enc=-296 denc=0 sreq=-29 sapplied=-29 crate=-29 uimp=-114780 upos=540 uneg=3850 ball=4.00 vball=0.34 aball=-3.1 bref=30.00 pid=-28.7 pref=-124.0 ppos=-121.2 apid=-0.0 integ=-87.1 vision=1 current=1 vframe=9684 vs=1 vage=7 vpage=7 vdt=33 vmax=3067 vacc=9523 vrej=0 seq=0 elapsed=0 oled=STATUS mode=3 fault=none enc=-296 denc=0 sreq=-23 sapplied=-23 crate=-23 uimp=-115315 upos=540 uneg=3870 ball=4.00 vball=0.34 aball=-3.1 bref=30.00 pid=-23.3 pref=-124.0 ppos=-121.7 apid=-0.0 integ=-87.1 vision=1 current=1 vframe=9684 vs=1 vage=27 vpage=27 vdt=33 vmax=3067 vacc=9523 vrej=0 seq=0 elapsed=0 oled=3C
[   9827] STATUS mode=3 fault=none enc=-297 denc=-1 sreq=-45 sapplied=-45 crate=-45 uimp=-115880 upos=540 uneg=3890 ball=3.93 vball=-0.75 aball=-3.1 bref=30.00 pid=-44.7 pref=-126.7 ppos=-122.3 apid=-0.0 integ=-87.6 vision=1 current=1 vframe=9685 vs=1 vage=13 vpage=13 vdt=34 vmax=3067 vacc=9524 vrej=0 seq=0 elapsed=0 oled=3C
[   9858] STATUS mode=3 fault=none enc=-298 denc=0 sreq=-29 sapplied=-29 crate=-29 uimp=-117370 upos=540 uneg=3930 ball=3.92 vball=-0.47 aball=-3.1 bref=30.00 pid=-28.9 pref=-126.7 ppos=-123.8 apid=-0.0 integ=-88.0 vision=1 current=1 vframe=9686 vs=1 vage=18 vpage=18 vdt=35 vmax=3067 vacc=9525 vrej=0 seq=0 elapsed=0 oled=3C
[   9889] STATUS mode=3 fault=none enc=-298 denc=0 sreq=-74 sapplied=-74 crate=-74 uimp=-117905 upos=540 uneg=3950 ball=3.74 vball=-2.67 aball=-15.3 bref=30.00 pid=-73.8 pref=-131.7 ppos=-124.3 apid=-0.0 integ=-88.4 vision=1 current=1 vframe=9687 vs=1 vage=7 vpage=7 vdt=31 vmax=3067 vacc=9526 vrej=0 seq=0 elapsed=0 oled=3C
[   9905] STATUS mode=3 fault=none enc=-300 denc=-1 sreq=-60 sapplied=-60 crate=-60 uimp=-119275 upos=540 uneg=3970 ball=3.74 vball=-2.67 aball=-15.3 bref=30.00 pid=-60.1 pref=-131.7 ppos=-125.7 apid=-0.0 integ=-88.4 vision=1 current=1 vframe=9687 vs=1 vage=27 vpage=27 vdt=31 vmax=3067 vacc=9526 vrej=0 seq=0 elapsed=0 oled=3C
[   9936] STATUS mode=3 fault=none enc=-303 denc=0 sreq=-51 sapplied=-51 crate=-51 uimp=-121605 upos=540 uneg=4010 ball=3.26 vball=-6.85 aball=-15.3 bref=30.00 pid=-50.6 pref=-133.1 ppos=-128.0 apid=-0.0 integ=-88.9 vision=1 current=1 vframe=9689 vs=1 vage=1 vpage=1 vdt=33 vmax=3067 vacc=9528 vrej=0 seq=0 elapsed=0 oled=3C
[   9968] STATUS mode=3 fault=none enc=-304 denc=1 sreq=-110 sapplied=-110 crate=-110 uimp=-123685 upos=540 uneg=4030 ball=3.26 vball=-6.85 aball=-15.3 bref=30.00 pid=-109.7 pref=-141.0 ppos=-130.1 apid=-0.0 integ=-88.9 vision=1 current=1 vframe=9689 vs=1 vage=21 vpage=21 vdt=33 vmax=3067 vacc=9528 vrej=0 seq=0 elapsed=0 oled=3C
[  10000] STATUS mode=3 fault=none enc=-306 denc=0 sreq=-30 sapplied=-30 crate=-30 uimp=-126415 upos=540 uneg=4070 ball=3.21 vball=-4.22 aball=-15.4 bref=30.00 pid=-30.4 pref=-135.8 ppos=-132.8 apid=-0.0 integ=-88.9 vision=1 current=1 vframe=9690 vs=1 vage=28 vpage=28 vdt=33 vmax=3067 vacc=9529 vrej=0 seq=0 elapsed=0 oled=3C
[  10014] STATUS mode=3 fault=none enc=-307 denc=0 sreq=62 sapplied=62 crate=62 uimp=-126845 upos=540 uneg=4085 ball=3.38 vball=0.09 aball=-15.4 bref=30.00 pid=62.1 pref=-127.0 ppos=-133.2 apid=-0.0 integ=-88.9 vision=1 current=1 vframe=9691 vs=1 vage=12 vpage=12 vdt=36 vmax=3067 vacc=9530 vrej=0 seq=0 elapsed=0 oled=3C
[  10046] STATUS mode=3 fault=none enc=-307 denc=1 sreq=51 sapplied=51 crate=51 uimp=-125695 upos=560 uneg=4085 ball=3.38 vball=0.09 aball=-15.4 bref=30.00 pid=50.6 pref=-127.0 ppos=-132.1 apid=-0.0 integ=-88.9 vision=1 current=1 vframe=9691 vs=1 vage=32 vpage=32 vdt=36 vmax=3067 vacc=9530 vrej=0 seq=0 elapsed=0 oled=3C
[  10077] STATUS mode=3 fault=none enc=-306 denc=0 sreq=35 sapplied=35 crate=35 uimp=-123830 upos=600 uneg=4085 ball=3.41 vball=0.22 aball=10.9 bref=30.00 pid=34.9 pref=-126.7 ppos=-130.2 apid=0.0 integ=-88.9 vision=1 current=1 vframe=9693 vs=1 vage=5 vpage=5 vdt=34 vmax=3067 vacc=9532 vrej=0 seq=0 elapsed=0 oled=3C
[  10108] STATUS mode=3 fault=none enc=-305 denc=0 sreq=28 sapplied=28 crate=28 uimp=-123180 upos=620 uneg=4085 ball=3.41 vball=0.22 aball=10.9 bref=30.00 pid=28.4 pref=-126.7 ppos=-129.6 apid=0.0 integ=-88.9 vision=1 current=1 vframe=9693 vs=1 vage=25 vpage=25 vdt=34 vmax=3067 vacc=9532 vrej=0 seq=0 elapsed=0 oled=3C
[  10125] STATUS mode=3 fault=none enc=-305 denc=0 sreq=21 sapplied=21 crate=21 uimp=-122665 upos=640 uneg=4085 ball=3.41 vball=0.10 aball=10.9 bref=30.00 pid=20.9 pref=-127.0 ppos=-129.1 apid=0.0 integ=-88.9 vision=1 current=1 vframe=9694 vs=1 vage=12 vpage=12 vdt=33 vmax=3067 vacc=9533 vrej=0 seq=0 elapsed=0 oled=3C
[  10155] STATUS mode=3 fault=none enc=-304 denc=0 sreq=0 sapplied=0 crate=18 uimp=-122460 upos=650 uneg=4085 ball=3.41 vball=0.05 aball=10.9 bref=30.00 pid=17.8 pref=-127.1 ppos=-128.8 apid=0.0 integ=-88.9 vision=1 current=1 vframe=9695 vs=1 vage=19 vpage=19 vdt=33 vmax=3067 vacc=9534 vrej=0 seq=0 elapsed=0 oled=3C
[  10186] STATUS mode=3 fault=none enc=-304 denc=0 sreq=0 sapplied=0 crate=17 uimp=-122460 upos=650 uneg=4085 ball=3.40 vball=0.02 aball=5.1 bref=30.00 pid=17.1 pref=-127.1 ppos=-128.8 apid=0.0 integ=-88.9 vision=1 current=1 vframe=9696 vs=1 vage=6 vpage=6 vdt=33 vmax=3067 vacc=9535 vrej=0 seq=0 elapsed=0 oled=3C
[  10218] STATUS mode=3 fault=none enc=-304 denc=0 sreq=0 sapplied=0 crate=17 uimp=-122460 upos=650 uneg=4085 ball=3.40 vball=0.02 aball=5.1 bref=30.00 pid=17.1 pref=-127.1 ppos=-128.8 apid=0.0 integ=-88.9 vision=1 current=1 vframe=9696 vs=1 vage=26 vpage=26 vdt=33 vmax=3067 vacc=9535 vrej=0 seq=0 elapsed=0 oled=3C
[  10233] STATUS mode=3 fault=none enc=-304 denc=0 sreq=0 sapplied=0 crate=12 uimp=-122460 upos=650 uneg=4085 ball=3.40 vball=0.01 aball=5.1 bref=30.00 pid=12.4 pref=-127.6 ppos=-128.8 apid=0.0 integ=-89.3 vision=1 current=1 vframe=9697 vs=1 vage=32 vpage=32 vdt=34 vmax=3067 vacc=9536 vrej=0 seq=0 elapsed=0 oled=3C
[  10264] STATUS mode=3 fault=none enc=-304 denc=0 sreq=0 sapplied=0 crate=0 uimp=-122460 upos=650 uneg=4085 ball=3.40 vball=0.00 aball=5.1 bref=30.00 pid=0.0 pref=-128.1 ppos=-128.8 apid=0.0 integ=-89.8 vision=1 current=1 vframe=9698 vs=1 vage=17 vpage=17 vdt=35 vmax=3067 vacc=9537 vrej=0 seq=0 elapsed=0 oled=3C
[  10296] STATUS mode=3 fault=none enc=-304 denc=0 sreq=97 sapplied=97 crate=97 uimp=-122460 upos=650 uneg=4085 ball=3.73 vball=4.25 aball=21.6 bref=30.00 pid=96.5 pref=-119.2 ppos=-128.8 apid=0.0 integ=-89.8 vision=1 current=1 vframe=9699 vs=1 vage=5 vpage=5 vdt=32 vmax=3067 vacc=9538 vrej=0 seq=0 elapsed=0 oled=3C
[  10311] STATUS mode=3 fault=none enc=-301 denc=0 sreq=33 sapplied=33 crate=33 uimp=-119365 upos=690 uneg=4085 ball=3.76 vball=2.60 aball=21.6 bref=30.00 pid=32.9 pref=-122.5 ppos=-125.8 apid=0.0 integ=-89.8 vision=1 current=1 vframe=9700 vs=1 vage=12 vpage=12 vdt=33 vmax=3067 vacc=9539 vrej=0 seq=0 elapsed=0 oled=3C
[  10343] STATUS mode=3 fault=none enc=-301 denc=0 sreq=27 sapplied=27 crate=27 uimp=-118755 upos=710 uneg=4085 ball=3.76 vball=2.60 aball=21.6 bref=30.00 pid=26.8 pref=-122.5 ppos=-125.1 apid=0.0 integ=-89.8 vision=1 current=1 vframe=9700 vs=1 vage=32 vpage=32 vdt=33 vmax=3067 vacc=9539 vrej=0 seq=0 elapsed=0 oled=3C
[  10375] STATUS mode=3 fault=none enc=-300 denc=0 sreq=0 sapplied=0 crate=0 uimp=-118495 upos=720 uneg=4085 ball=3.75 vball=1.22 aball=21.6 bref=30.00 pid=0.0 pref=-125.2 ppos=-124.9 apid=0.0 integ=-89.8 vision=1 current=1 vframe=9701 vs=1 vage=18 vpage=18 vdt=34 vmax=3067 vacc=9540 vrej=0 seq=0 elapsed=0 oled=3C
[  10389] STATUS mode=3 fault=none enc=-300 denc=0 sreq=0 sapplied=0 crate=-17 uimp=-118495 upos=720 uneg=4085 ball=3.75 vball=0.54 aball=-5.0 bref=30.00 pid=-17.1 pref=-126.6 ppos=-124.9 apid=-0.0 integ=-89.8 vision=1 current=1 vframe=9702 vs=1 vage=26 vpage=26 vdt=32 vmax=3067 vacc=9541 vrej=0 seq=0 elapsed=0 oled=3C
[  10421] STATUS mode=3 fault=none enc=-300 denc=0 sreq=-23 sapplied=-23 crate=-23 uimp=-118495 upos=720 uneg=4085 ball=3.74 vball=0.23 aball=-5.0 bref=30.00 pid=-23.4 pref=-127.2 ppos=-124.9 apid=-0.0 integ=-89.8 vision=1 current=1 vframe=9703 vs=1 vage=12 vpage=12 vdt=34 vmax=3067 vacc=9542 vrej=0 seq=0 elapsed=0 oled=3C
[  10452] STATUS mode=3 fault=none enc=-300 denc=0 sreq=0 sapplied=0 crate=-19 uimp=-118925 upos=720 uneg=4105 ball=3.50 vball=-4.08 aball=-5.0 bref=30.00 pid=-19.1 pref=-127.2 ppos=-125.3 apid=-0.0 integ=-89.8 vision=1 current=1 vframe=9704 vs=1 vage=1 vpage=1 vdt=31 vmax=3067 vacc=9543 vrej=0 seq=0 elapsed=0 oled=3C
[  10483] STATUS mode=3 fault=none enc=-302 denc=0 sreq=-67 sapplied=-67 crate=-67 uimp=-122195 upos=720 uneg=4140 ball=3.39 vball=-3.59 aball=-21.7 bref=30.00 pid=-67.0 pref=-135.3 ppos=-128.6 apid=-0.0 integ=-89.8 vision=1 current=1 vframe=9705 vs=1 vage=8 vpage=8 vdt=33 vmax=3067 vacc=9544 vrej=0 seq=0 elapsed=0 oled=3C
[  10514] STATUS mode=3 fault=none enc=-305 denc=-2 sreq=-55 sapplied=-55 crate=-55 uimp=-123435 upos=720 uneg=4160 ball=3.39 vball=-3.59 aball=-21.7 bref=30.00 pid=-54.6 pref=-135.3 ppos=-129.8 apid=-0.0 integ=-89.8 vision=1 current=1 vframe=9705 vs=1 vage=28 vpage=28 vdt=33 vmax=3067 vacc=9544 vrej=0 seq=0 elapsed=0 oled=3C
[  10530] STATUS mode=3 fault=none enc=-305 denc=0 sreq=0 sapplied=0 crate=0 uimp=-124215 upos=720 uneg=4175 ball=3.40 vball=-1.41 aball=-21.7 bref=30.00 pid=0.0 pref=-131.0 ppos=-130.6 apid=-0.0 integ=-89.8 vision=1 current=1 vframe=9707 vs=1 vage=1 vpage=1 vdt=32 vmax=3067 vacc=9546 vrej=0 seq=0 elapsed=0 oled=3C
[  10561] STATUS mode=3 fault=none enc=-305 denc=0 sreq=0 sapplied=0 crate=0 uimp=-124215 upos=720 uneg=4175 ball=3.40 vball=-1.41 aball=-21.7 bref=30.00 pid=0.0 pref=-130.9 ppos=-130.6 apid=-0.0 integ=-89.8 vision=1 current=1 vframe=9707 vs=1 vage=21 vpage=21 vdt=32 vmax=3067 vacc=9546 vrej=0 seq=0 elapsed=0 oled=3C
[  10593] STATUS mode=3 fault=none enc=-305 denc=0 sreq=0 sapplied=0 crate=10 uimp=-124215 upos=720 uneg=4175 ball=3.40 vball=-0.74 aball=0.8 bref=30.00 pid=10.3 pref=-129.6 ppos=-130.6 apid=0.0 integ=-89.8 vision=1 current=1 vframe=9708 vs=1 vage=7 vpage=7 vdt=34 vmax=3067 vacc=9547 vrej=0 seq=0 elapsed=0 oled=3C
[  10608] STATUS mode=3 fault=none enc=-305 denc=0 sreq=0 sapplied=0 crate=18 uimp=-124215 upos=720 uneg=4175 ball=3.40 vball=-0.34 aball=0.8 bref=30.00 pid=18.3 pref=-128.8 ppos=-130.6 apid=0.0 integ=-89.8 vision=1 current=1 vframe=9709 vs=1 vage=14 vpage=14 vdt=33 vmax=3067 vacc=9548 vrej=0 seq=0 elapsed=0 oled=3C
[  10639] STATUS mode=3 fault=none enc=-305 denc=0 sreq=0 sapplied=0 crate=18 uimp=-124215 upos=720 uneg=4175 ball=3.40 vball=-0.15 aball=0.8 bref=30.00 pid=18.3 pref=-128.8 ppos=-130.6 apid=0.0 integ=-89.8 vision=1 current=1 vframe=9710 vs=1 vage=1 vpage=1 vdt=33 vmax=3067 vacc=9549 vrej=0 seq=0 elapsed=0 oled=3C
[  10671] STATUS mode=3 fault=none enc=-305 denc=0 sreq=20 sapplied=20 crate=20 uimp=-124000 upos=730 uneg=4175 ball=3.40 vball=-0.15 aball=0.8 bref=30.00 pid=19.9 pref=-128.4 ppos=-130.4 apid=0.0 integ=-89.8 vision=1 current=1 vframe=9710 vs=1 vage=21 vpage=21 vdt=33 vmax=3067 vacc=9549 vrej=0 seq=0 elapsed=0 oled=3C
[  10702] STATUS mode=3 fault=none enc=-305 denc=0 sreq=0 sapplied=0 crate=0 uimp=-123900 upos=735 uneg=4175 ball=3.36 vball=-0.61 aball=1.0 bref=30.00 pid=0.0 pref=-129.8 ppos=-130.3 apid=0.0 integ=-90.2 vision=1 current=1 vframe=9711 vs=1 vage=27 vpage=27 vdt=34 vmax=3067 vacc=9550 vrej=0 seq=0 elapsed=0 oled=3C
[  10718] STATUS mode=3 fault=none enc=-305 denc=0 sreq=0 sapplied=0 crate=17 uimp=-123900 upos=735 uneg=4175 ball=3.40 vball=0.21 aball=1.0 bref=30.00 pid=17.2 pref=-128.6 ppos=-130.3 apid=0.0 integ=-90.7 vision=1 current=1 vframe=9712 vs=1 vage=14 vpage=14 vdt=33 vmax=3067 vacc=9551 vrej=0 seq=0 elapsed=0 oled=3C
[  10750] STATUS mode=3 fault=none enc=-305 denc=0 sreq=0 sapplied=0 crate=17 uimp=-123900 upos=735 uneg=4175 ball=3.40 vball=0.21 aball=1.0 bref=30.00 pid=17.2 pref=-128.6 ppos=-130.3 apid=0.0 integ=-90.7 vision=1 current=1 vframe=9712 vs=1 vage=34 vpage=34 vdt=33 vmax=3067 vacc=9551 vrej=0 seq=0 elapsed=0 oled=3C
[  10780] STATUS mode=3 fault=none enc=-305 denc=0 sreq=0 sapplied=0 crate=13 uimp=-123900 upos=735 uneg=4175 ball=3.49 vball=0.39 aball=5.0 bref=30.00 pid=12.9 pref=-129.0 ppos=-130.3 apid=0.0 integ=-91.6 vision=1 current=1 vframe=9714 vs=1 vage=6 vpage=6 vdt=34 vmax=3067 vacc=9553 vrej=0 seq=0 elapsed=0 oled=3C
[  10796] STATUS mode=3 fault=none enc=-305 denc=0 sreq=0 sapplied=0 crate=13 uimp=-123900 upos=735 uneg=4175 ball=3.49 vball=0.39 aball=5.0 bref=30.00 pid=12.9 pref=-129.0 ppos=-130.3 apid=0.0 integ=-91.6 vision=1 current=1 vframe=9714 vs=1 vage=26 vpage=26 vdt=34 vmax=3067 vacc=9553 vrej=0 seq=0 elapsed=0 oled=3C
[  10827] STATUS mode=3 fault=none enc=-305 denc=0 sreq=69 sapplied=69 crate=69 uimp=-123535 upos=740 uneg=4175 ball=3.73 vball=3.46 aball=5.0 bref=30.00 pid=69.2 pref=-123.0 ppos=-129.9 apid=0.0 integ=-92.0 vision=1 current=1 vframe=9715 vs=1 vage=13 vpage=13 vdt=33 vmax=3067 vacc=9554 vrej=0 seq=0 elapsed=0 oled=3C
[  10858] STATUS mode=3 fault=none enc=-304 denc=-1 sreq=0 sapplied=0 crate=16 uimp=-121705 upos=770 uneg=4175 ball=3.75 vball=1.93 aball=5.0 bref=30.00 pid=16.0 pref=-126.5 ppos=-128.1 apid=0.0 integ=-92.5 vision=1 current=1 vframe=9716 vs=1 vage=19 vpage=19 vdt=34 vmax=3067 vacc=9555 vrej=0 seq=0 elapsed=0 oled=3C
[  10889] STATUS mode=3 fault=none enc=-304 denc=0 sreq=-78 sapplied=0 crate=-78 uimp=-121705 upos=770 uneg=4175 ball=3.52 vball=-2.40 aball=-9.8 bref=30.00 pid=-77.7 pref=-135.9 ppos=-128.1 apid=-0.0 integ=-92.9 vision=1 current=1 vframe=9717 vs=1 vage=6 vpage=6 vdt=33 vmax=3067 vacc=9556 vrej=0 seq=0 elapsed=0 oled=3C
[  10905] STATUS mode=3 fault=none enc=-304 denc=-1 sreq=-67 sapplied=-67 crate=-67 uimp=-122815 upos=770 uneg=4190 ball=3.52 vball=-2.40 aball=-9.8 bref=30.00 pid=-66.6 pref=-135.9 ppos=-129.2 apid=-0.0 integ=-92.9 vision=1 current=1 vframe=9717 vs=1 vage=26 vpage=26 vdt=33 vmax=3067 vacc=9556 vrej=0 seq=0 elapsed=0 oled=3C
[  10936] STATUS mode=3 fault=none enc=-306 denc=-1 sreq=-48 sapplied=-48 crate=-48 uimp=-125170 upos=770 uneg=4230 ball=3.44 vball=-2.39 aball=-9.8 bref=30.00 pid=-48.2 pref=-136.4 ppos=-131.6 apid=-0.0 integ=-93.3 vision=1 current=1 vframe=9718 vs=1 vage=33 vpage=33 vdt=33 vmax=3067 vacc=9557 vrej=0 seq=0 elapsed=0 oled=3C
[  10968] STATUS mode=3 fault=none enc=-307 denc=0 sreq=-45 sapplied=-45 crate=-45 uimp=-126130 upos=770 uneg=4250 ball=3.35 vball=-2.44 aball=-9.8 bref=30.00 pid=-45.2 pref=-137.0 ppos=-132.5 apid=-0.0 integ=-93.8 vision=1 current=1 vframe=9719 vs=1 vage=19 vpage=19 vdt=34 vmax=3067 vacc=9558 vrej=0 seq=0 elapsed=0 oled=3C
[  11000] STATUS mode=3 fault=none enc=-307 denc=0 sreq=0 sapplied=0 crate=-18 uimp=-126970 upos=770 uneg=4270 ball=3.35 vball=-1.29 aball=-0.4 bref=30.00 pid=-18.2 pref=-135.2 ppos=-133.4 apid=-0.0 integ=-94.2 vision=1 current=1 vframe=9720 vs=1 vage=6 vpage=6 vdt=33 vmax=3067 vacc=9559 vrej=0 seq=0 elapsed=0 oled=3C
[  11014] STATUS mode=3 fault=none enc=-308 denc=0 sreq=0 sapplied=0 crate=0 uimp=-126970 upos=770 uneg=4270 ball=3.36 vball=-0.59 aball=-0.4 bref=30.00 pid=0.0 pref=-134.2 ppos=-133.4 apid=-0.0 integ=-94.7 vision=1 current=1 vframe=9721 vs=1 vage=13 vpage=13 vdt=33 vmax=3067 vacc=9560 vrej=0 seq=0 elapsed=0 oled=3C
[  11046] STATUS mode=3 fault=none enc=-308 denc=0 sreq=0 sapplied=0 crate=0 uimp=-126970 upos=770 uneg=4270 ball=3.36 vball=-0.59 aball=-0.4 bref=30.00 pid=0.0 pref=-134.2 ppos=-133.4 apid=-0.0 integ=-94.7 vision=1 current=1 vframe=9721 vs=1 vage=33 vpage=33 vdt=33 vmax=3067 vacc=9560 vrej=0 seq=0 elapsed=0 oled=3C
[  11077] STATUS mode=3 fault=none enc=-308 denc=0 sreq=153 sapplied=153 crate=153 uimp=-126165 upos=775 uneg=4270 ball=3.93 vball=7.52 aball=-0.4 bref=30.00 pid=152.5 pref=-117.3 ppos=-132.6 apid=-0.0 integ=-94.7 vision=1 current=1 vframe=9722 vs=1 vage=19 vpage=19 vdt=34 vmax=3067 vacc=9561 vrej=0 seq=0 elapsed=0 oled=3C
[  11108] STATUS mode=3 fault=none enc=-305 denc=0 sreq=58 sapplied=58 crate=58 uimp=-122010 upos=815 uneg=4270 ball=4.00 vball=4.83 aball=27.3 bref=30.00 pid=58.0 pref=-122.6 ppos=-128.4 apid=0.0 integ=-94.7 vision=1 current=1 vframe=9723 vs=1 vage=26 vpage=26 vdt=33 vmax=3067 vacc=9562 vrej=0 seq=0 elapsed=0 oled=3C
[  11125] STATUS mode=3 fault=none enc=-304 denc=-1 sreq=0 sapplied=0 crate=0 uimp=-121185 upos=830 uneg=4270 ball=3.99 vball=2.37 aball=27.3 bref=30.00 pid=0.0 pref=-127.5 ppos=-127.6 apid=0.0 integ=-94.7 vision=1 current=1 vframe=9724 vs=1 vage=13 vpage=13 vdt=33 vmax=3067 vacc=9563 vrej=0 seq=0 elapsed=0 oled=3C
[  11155] STATUS mode=3 fault=none enc=-304 denc=0 sreq=0 sapplied=0 crate=0 uimp=-121185 upos=830 uneg=4270 ball=4.03 vball=1.83 aball=27.3 bref=30.00 pid=0.0 pref=-128.6 ppos=-127.6 apid=0.0 integ=-94.7 vision=1 current=1 vframe=9725 vs=1 vage=18 vpage=18 vdt=35 vmax=3067 vacc=9564 vrej=0 seq=0 elapsed=0 oled=3C
[  11186] STATUS mode=3 fault=none enc=-304 denc=0 sreq=0 sapplied=0 crate=0 uimp=-121185 upos=830 uneg=4270 ball=4.55 vball=8.47 aball=27.3 bref=30.00 pid=0.0 pref=-128.6 ppos=-127.6 apid=0.0 integ=-94.7 vision=1 current=1 vframe=9726 vs=1 vage=4 vpage=4 vdt=34 vmax=3067 vacc=9565 vrej=0 seq=0 elapsed=0 oled=3C
[  11202] STATUS mode=3 fault=none enc=-302 denc=0 sreq=112 sapplied=112 crate=112 uimp=-119475 upos=845 uneg=4270 ball=4.55 vball=8.47 aball=31.1 bref=30.00 pid=112.1 pref=-114.7 ppos=-125.9 apid=0.0 integ=-94.7 vision=1 current=1 vframe=9726 vs=1 vage=24 vpage=24 vdt=34 vmax=3067 vacc=9565 vrej=0 seq=0 elapsed=0 oled=3C
[  11233] STATUS mode=3 fault=none enc=-291 denc=2 sreq=269 sapplied=269 crate=269 uimp=-110885 upos=885 uneg=4270 ball=5.60 vball=20.00 aball=31.1 bref=30.00 pid=269.4 pref=-90.3 ppos=-117.3 apid=0.0 integ=-0.0 vision=1 current=1 vframe=9727 vs=1 vage=33 vpage=33 vdt=31 vmax=3067 vacc=9566 vrej=0 seq=0 elapsed=0 oled=3C
[  11264] STATUS mode=3 fault=none enc=-286 denc=1 sreq=95 sapplied=95 crate=95 uimp=-106980 upos=905 uneg=4270 ball=5.82 vball=13.09 aball=31.1 bref=30.00 pid=94.8 pref=-103.9 ppos=-113.4 apid=0.0 integ=-0.0 vision=1 current=1 vframe=9728 vs=1 vage=19 vpage=19 vdt=34 vmax=3067 vacc=9567 vrej=0 seq=0 elapsed=0 oled=3C
[  11296] STATUS mode=3 fault=none enc=-284 denc=0 sreq=131 sapplied=131 crate=131 uimp=-105220 upos=925 uneg=4270 ball=6.34 vball=15.46 aball=49.2 bref=30.00 pid=130.8 pref=-98.5 ppos=-111.6 apid=0.0 integ=-0.0 vision=1 current=1 vframe=9729 vs=1 vage=6 vpage=6 vdt=33 vmax=3067 vacc=9568 vrej=0 seq=0 elapsed=0 oled=3C
[  11296] >>> stop
[  11311] STATUS mode=3 fault=none enc=-278 denc=2 sreq=283 sapplied=283 crate=283 uimp=-100295 upos=965 uneg=4270 ball=7.42 vball=24.87 aball=49.2 bref=30.00 pid=282.7 pref=-78.4 ppos=-106.7 apid=0.0 integ=-0.0 vision=1 current=1 vframe=9730 vs=1 vage=13 vpage=13 vdt=33 vmax=3067 vacc=9569 vrej=0 seq=0 elapsed=0 oled=3C
[  11343] STATUS mode=1 fault=none enc=-285 denc=-1 sreq=0 sapplied=0 crate=0 uimp=-98880 upos=970 uneg=4270 ball=7.42 vball=24.87 aball=0.0 bref=30.00 pid=0.0 pref=-105.3 ppos=-105.3 apid=0.0 integ=0.0 vision=1 current=1 vframe=9730 vs=1 vage=33 vpage=33 vdt=33 vmax=3067 vacc=9569 vrej=0 seq=0 elapsed=0 oled=3C
[  11375] STATUS mode=1 fault=none enc=-287 denc=-1 sreq=0 sapplied=0 crate=0 uimp=-98880 upos=970 uneg=4270 ball=7.78 vball=17.76 aball=0.0 bref=30.00 pid=0.0 pref=-105.3 ppos=-105.3 apid=0.0 integ=0.0 vision=1 current=1 vframe=9731 vs=1 vage=19 vpage=19 vdt=34 vmax=3067 vacc=9570 vrej=0 seq=0 elapsed=0 oled=3C
[  11389] STATUS mode=1 fault=none enc=-287 denc=0 sreq=0 sapplied=0 crate=0 uimp=-98880 upos=970 uneg=4270 ball=8.53 vball=21.91 aball=0.0 bref=30.00 pid=0.0 pref=-105.3 ppos=-105.3 apid=0.0 integ=0.0 vision=1 current=1 vframe=9732 vs=1 vage=26 vpage=26 vdt=33 vmax=3067 vacc=9571 vrej=0 seq=0 elapsed=0 oled=3C
[  11421] STATUS mode=1 fault=none enc=-287 denc=0 sreq=0 sapplied=0 crate=0 uimp=-98880 upos=970 uneg=4270 ball=9.43 vball=23.35 aball=0.0 bref=30.00 pid=0.0 pref=-105.3 ppos=-105.3 apid=0.0 integ=0.0 vision=1 current=1 vframe=9733 vs=1 vage=13 vpage=13 vdt=33 vmax=3067 vacc=9572 vrej=0 seq=0 elapsed=0 oled=3C
[  11452] STATUS mode=1 fault=none enc=-287 denc=0 sreq=0 sapplied=0 crate=0 uimp=-98880 upos=970 uneg=4270 ball=9.43 vball=23.35 aball=0.0 bref=30.00 pid=0.0 pref=-105.3 ppos=-105.3 apid=0.0 integ=0.0 vision=1 current=1 vframe=9733 vs=1 vage=33 vpage=33 vdt=33 vmax=3067 vacc=9572 vrej=0 seq=0 elapsed=0 oled=3C
[  11468] STATUS mode=1 fault=none enc=-287 denc=0 sreq=0 sapplied=0 crate=0 uimp=-98880 upos=970 uneg=4270 ball=12.02 vball=35.63 aball=0.0 bref=30.00 pid=0.0 pref=-105.3 ppos=-105.3 apid=0.0 integ=0.0 vision=1 current=1 vframe=9735 vs=1 vage=7 vpage=7 vdt=33 vmax=3067 vacc=9574 vrej=0 seq=0 elapsed=0 oled=3C
[  11500] STATUS mode=1 fault=none enc=-287 denc=0 sreq=0 sapplied=0 crate=0 uimp=-98880 upos=970 uneg=4270 ball=12.02 vball=35.63 aball=0.0 bref=30.00 pid=0.0 pref=-105.3 ppos=-105.3 apid=0.0 integ=0.0 vision=1 current=1 vframe=9735 vs=1 vage=27 vpage=27 vdt=33 vmax=3067 vacc=9574 vrej=0 seq=0 elapsed=0 oled=3C
[  11530] STATUS mode=1 fault=none enc=-287 denc=0 sreq=0 sapplied=0 crate=0 uimp=-98880 upos=970 uneg=4270 ball=12.83 vball=29.07 aball=0.0 bref=30.00 pid=0.0 pref=-105.3 ppos=-105.3 apid=0.0 integ=0.0 vision=1 current=1 vframe=9736 vs=1 vage=13 vpage=13 vdt=34 vmax=3067 vacc=9575 vrej=0 seq=0 elapsed=0 oled=3C
[  11561] STATUS mode=1 fault=none enc=-287 denc=0 sreq=0 sapplied=0 crate=0 uimp=-98880 upos=970 uneg=4270 ball=14.64 vball=39.89 aball=0.0 bref=30.00 pid=0.0 pref=-105.3 ppos=-105.3 apid=0.0 integ=0.0 vision=1 current=1 vframe=9737 vs=1 vage=20 vpage=20 vdt=33 vmax=3067 vacc=9576 vrej=0 seq=0 elapsed=0 oled=3C
[  11577] STATUS mode=1 fault=none enc=-287 denc=0 sreq=0 sapplied=0 crate=0 uimp=-98880 upos=970 uneg=4270 ball=15.42 vball=32.67 aball=0.0 bref=30.00 pid=0.0 pref=-105.3 ppos=-105.3 apid=0.0 integ=0.0 vision=1 current=1 vframe=9738 vs=1 vage=7 vpage=7 vdt=33 vmax=3067 vacc=9577 vrej=0 seq=0 elapsed=0 oled=3C
[  11608] STATUS mode=1 fault=none enc=-287 denc=0 sreq=0 sapplied=0 crate=0 uimp=-98880 upos=970 uneg=4270 ball=15.42 vball=32.67 aball=0.0 bref=30.00 pid=0.0 pref=-105.3 ppos=-105.3 apid=0.0 integ=0.0 vision=1 current=1 vframe=9738 vs=1 vage=27 vpage=27 vdt=33 vmax=3067 vacc=9577 vrej=0 seq=0 elapsed=0 oled=3C
[  11639] STATUS mode=1 fault=none enc=-287 denc=0 sreq=0 sapplied=0 crate=0 uimp=-98880 upos=970 uneg=4270 ball=17.10 vball=40.23 aball=0.0 bref=30.00 pid=0.0 pref=-105.3 ppos=-105.3 apid=0.0 integ=0.0 vision=1 current=1 vframe=9739 vs=1 vage=33 vpage=33 vdt=34 vmax=3067 vacc=9578 vrej=0 seq=0 elapsed=0 oled=3C
[  11655] STATUS mode=1 fault=none enc=-287 denc=0 sreq=0 sapplied=0 crate=0 uimp=-98880 upos=970 uneg=4270 ball=19.20 vball=52.67 aball=0.0 bref=30.00 pid=0.0 pref=-105.3 ppos=-105.3 apid=0.0 integ=0.0 vision=1 current=1 vframe=9740 vs=1 vage=20 vpage=20 vdt=33 vmax=3067 vacc=9579 vrej=0 seq=0 elapsed=0 oled=3C
[  11655] >>> stream off
[  11686] STATUS mode=1 fault=none enc=-287 denc=0 sreq=0 sapplied=0 crate=0 uimp=-98880 upos=970 uneg=4270 ball=21.09 vball=57.25 aball=0.0 bref=30.00 pid=0.0 pref=-105.3 ppos=-105.3 apid=0.0 integ=0.0 vision=1 current=1 vframe=9741 vs=1 vage=7 vpage=7 vdt=33 vmax=3067 vacc=9580 vrej=0 seq=0 elapsed=0 oled=3C
[  11686] OK stream off
[  11875] STOP_REASON time_limit
