[      0] >>> bench on
[      0] OK stepper visual-only bench active; use zero before tests
[    187] >>> clear
[    187] OK fault cleared
[    375] >>> diag reset
[    390] OK actuator diagnostics reset
[    562] >>> gain ball 4.0 5.0 3.5 -1
[    578] OK ball gains kp=4.000 ki=5.000 kd=3.500 sign=-1
[    750] >>> gain accel 0.0
[    765] OK ball acceleration gain ka=0.000
[    937] >>> limit rate 2000
[    937] OK ball rate limit=2000 steps/s
[   1125] >>> stream on 20
[   1125] OK stream on 20 ms
[   1172] STATUS mode=1 fault=none enc=269 denc=0 sreq=0 sapplied=0 crate=0 uimp=0 upos=0 uneg=0 ball=-121.14 vball=0.00 aball=0.0 bref=0.00 pid=0.0 pref=0.0 ppos=0.0 apid=0.0 integ=0.0 vision=1 current=1 vframe=863 vs=1 vage=15 vpage=15 vdt=34 vmax=168 vacc=863 vrej=0 seq=0 elapsed=0 oled=3C
[   1203] STATUS mode=1 fault=none enc=269 denc=0 sreq=0 sapplied=0 crate=0 uimp=0 upos=0 uneg=0 ball=-121.14 vball=0.00 aball=0.0 bref=0.00 pid=0.0 pref=0.0 ppos=0.0 apid=0.0 integ=0.0 vision=1 current=1 vframe=863 vs=1 vage=35 vpage=35 vdt=34 vmax=168 vacc=863 vrej=0 seq=0 elapsed=0 oled=3C
[   1217] STATUS mode=1 fault=none enc=269 denc=0 sreq=0 sapplied=0 crate=0 uimp=0 upos=0 uneg=0 ball=-121.14 vball=0.00 aball=0.0 bref=0.00 pid=0.0 pref=0.0 ppos=0.0 apid=0.0 integ=0.0 vision=1 current=1 vframe=863 vs=1 vage=55 vpage=55 vdt=34 vmax=168 vacc=863 vrej=0 seq=0 elapsed=0 oled=3C
[   1250] STATUS mode=1 fault=none enc=269 denc=0 sreq=0 sapplied=0 crate=0 uimp=0 upos=0 uneg=0 ball=-121.14 vball=0.00 aball=0.0 bref=0.00 pid=0.0 pref=0.0 ppos=0.0 apid=0.0 integ=0.0 vision=1 current=1 vframe=863 vs=1 vage=75 vpage=75 vdt=34 vmax=168 vacc=863 vrej=0 seq=0 elapsed=0 oled=3C
[   1265] STATUS mode=1 fault=none enc=269 denc=0 sreq=0 sapplied=0 crate=0 uimp=0 upos=0 uneg=0 ball=-121.14 vball=0.00 aball=0.0 bref=0.00 pid=0.0 pref=0.0 ppos=0.0 apid=0.0 integ=0.0 vision=1 current=1 vframe=863 vs=1 vage=95 vpage=95 vdt=34 vmax=168 vacc=863 vrej=0 seq=0 elapsed=0 oled=3C
[   1297] STATUS mode=1 fault=none enc=269 denc=0 sreq=0 sapplied=0 crate=0 uimp=0 upos=0 uneg=0 ball=-121.14 vball=0.00 aball=0.0 bref=0.00 pid=0.0 pref=0.0 ppos=0.0 apid=0.0 integ=0.0 vision=1 current=1 vframe=865 vs=1 vage=4 vpage=4 vdt=32 vmax=168 vacc=865 vrej=0 seq=0 elapsed=0 oled=3C
[   1297] >>> ball 0.0
[   1328] STATUS mode=1 fault=none enc=269 denc=0 sreq=0 sapplied=0 crate=0 uimp=0 upos=0 uneg=0 ball=-121.14 vball=0.00 aball=0.0 bref=0.00 pid=0.0 pref=0.0 ppos=0.0 apid=0.0 integ=0.0 vision=1 current=1 vframe=865 vs=1 vage=24 vpage=24 vdt=32 vmax=168 vacc=865 vrej=0 seq=0 elapsed=0 oled=3C
[   1342] STATUS mode=3 fault=none enc=309 denc=23 sreq=-200 sapplied=-200 crate=-200 uimp=0 upos=0 uneg=0 ball=-121.14 vball=0.00 aball=0.0 bref=0.00 pid=-400.0 pref=-1200.0 ppos=0.0 apid=0.0 integ=0.0 vision=1 current=1 vframe=866 vs=1 vage=11 vpage=11 vdt=33 vmax=168 vacc=866 vrej=0 seq=0 elapsed=0 oled=3C
[   1375] STATUS mode=3 fault=none enc=294 denc=-1 sreq=-400 sapplied=-400 crate=-400 uimp=-6500 upos=0 uneg=20 ball=-121.14 vball=0.00 aball=0.0 bref=0.00 pid=-400.0 pref=-1200.0 ppos=-6.5 apid=0.0 integ=0.0 vision=1 current=1 vframe=866 vs=1 vage=31 vpage=31 vdt=33 vmax=168 vacc=866 vrej=0 seq=0 elapsed=0 oled=3C
[   1406] STATUS mode=3 fault=none enc=273 denc=-3 sreq=-400 sapplied=-400 crate=-400 uimp=-22500 upos=0 uneg=60 ball=-121.14 vball=0.00 aball=0.0 bref=0.00 pid=-400.0 pref=-1200.0 ppos=-22.5 apid=0.0 integ=0.0 vision=1 current=1 vframe=866 vs=1 vage=71 vpage=71 vdt=33 vmax=168 vacc=866 vrej=0 seq=0 elapsed=0 oled=3C
[   1422] STATUS mode=3 fault=none enc=263 denc=-2 sreq=-400 sapplied=-400 crate=-400 uimp=-30500 upos=0 uneg=80 ball=-121.14 vball=0.00 aball=0.0 bref=0.00 pid=-400.0 pref=-1200.0 ppos=-30.5 apid=0.0 integ=0.0 vision=1 current=1 vframe=866 vs=1 vage=91 vpage=91 vdt=33 vmax=168 vacc=866 vrej=0 seq=0 elapsed=0 oled=3C
[   1453] STATUS mode=3 fault=none enc=243 denc=-3 sreq=-400 sapplied=-400 crate=-400 uimp=-46500 upos=0 uneg=120 ball=-121.14 vball=0.00 aball=0.0 bref=0.00 pid=-400.0 pref=-1200.0 ppos=-38.5 apid=0.0 integ=0.0 vision=1 current=1 vframe=867 vs=1 vage=10 vpage=10 vdt=101 vmax=168 vacc=867 vrej=0 seq=0 elapsed=0 oled=3C
[   1483] STATUS mode=3 fault=none enc=232 denc=-3 sreq=-400 sapplied=-400 crate=-400 uimp=-54500 upos=0 uneg=140 ball=-121.77 vball=-10.95 aball=0.0 bref=0.00 pid=-400.0 pref=-1200.0 ppos=-54.5 apid=0.0 integ=0.0 vision=1 current=1 vframe=868 vs=1 vage=17 vpage=17 vdt=33 vmax=168 vacc=868 vrej=0 seq=0 elapsed=0 oled=3C
[   1515] STATUS mode=3 fault=none enc=221 denc=-3 sreq=-400 sapplied=-400 crate=-400 uimp=-62500 upos=0 uneg=160 ball=-121.77 vball=-10.95 aball=0.0 bref=0.00 pid=-400.0 pref=-1200.0 ppos=-62.5 apid=0.0 integ=0.0 vision=1 current=1 vframe=868 vs=1 vage=37 vpage=37 vdt=33 vmax=168 vacc=868 vrej=0 seq=0 elapsed=0 oled=3C
[   1531] STATUS mode=3 fault=none enc=201 denc=-2 sreq=-400 sapplied=-400 crate=-400 uimp=-78500 upos=0 uneg=200 ball=-121.77 vball=-10.95 aball=0.0 bref=0.00 pid=-400.0 pref=-1200.0 ppos=-78.5 apid=0.0 integ=0.0 vision=1 current=1 vframe=868 vs=1 vage=77 vpage=77 vdt=33 vmax=168 vacc=868 vrej=0 seq=0 elapsed=0 oled=3C
[   1562] STATUS mode=3 fault=none enc=191 denc=-2 sreq=-400 sapplied=-400 crate=-400 uimp=-86500 upos=0 uneg=220 ball=-121.77 vball=-10.95 aball=0.0 bref=0.00 pid=-400.0 pref=-1200.0 ppos=-86.5 apid=0.0 integ=0.0 vision=1 current=1 vframe=868 vs=1 vage=97 vpage=97 vdt=33 vmax=168 vacc=868 vrej=0 seq=0 elapsed=0 oled=3C
[   1592] STATUS mode=3 fault=none enc=181 denc=-2 sreq=-400 sapplied=-400 crate=-400 uimp=-94500 upos=0 uneg=240 ball=-122.08 vball=-10.00 aball=-31.5 bref=0.00 pid=-400.0 pref=-1200.0 ppos=-94.5 apid=-0.0 integ=0.0 vision=1 current=1 vframe=869 vs=1 vage=7 vpage=7 vdt=110 vmax=168 vacc=869 vrej=0 seq=0 elapsed=0 oled=3C
[   1625] STATUS mode=3 fault=none enc=160 denc=-3 sreq=-400 sapplied=-400 crate=-400 uimp=-110500 upos=0 uneg=280 ball=-121.40 vball=3.03 aball=-31.5 bref=0.00 pid=-400.0 pref=-1200.0 ppos=-110.5 apid=-0.0 integ=0.0 vision=1 current=1 vframe=871 vs=1 vage=8 vpage=8 vdt=31 vmax=168 vacc=871 vrej=0 seq=0 elapsed=0 oled=3C
[   1640] STATUS mode=3 fault=none enc=150 denc=-3 sreq=-400 sapplied=-400 crate=-400 uimp=-118500 upos=0 uneg=300 ball=-121.40 vball=3.03 aball=-31.5 bref=0.00 pid=-400.0 pref=-1200.0 ppos=-118.5 apid=-0.0 integ=0.0 vision=1 current=1 vframe=871 vs=1 vage=28 vpage=28 vdt=31 vmax=168 vacc=871 vrej=0 seq=0 elapsed=0 oled=3C
[   1672] STATUS mode=3 fault=none enc=139 denc=-3 sreq=-400 sapplied=-400 crate=-400 uimp=-126500 upos=0 uneg=320 ball=-121.41 vball=1.20 aball=-31.5 bref=0.00 pid=-400.0 pref=-1200.0 ppos=-126.5 apid=-0.0 integ=0.0 vision=1 current=1 vframe=872 vs=1 vage=15 vpage=15 vdt=33 vmax=168 vacc=872 vrej=0 seq=0 elapsed=0 oled=3C
[   1703] STATUS mode=3 fault=none enc=119 denc=-2 sreq=-400 sapplied=-400 crate=-400 uimp=-142500 upos=0 uneg=360 ball=-121.41 vball=1.20 aball=-31.5 bref=0.00 pid=-400.0 pref=-1200.0 ppos=-142.5 apid=-0.0 integ=0.0 vision=1 current=1 vframe=872 vs=1 vage=55 vpage=55 vdt=33 vmax=168 vacc=872 vrej=0 seq=0 elapsed=0 oled=3C
[   1733] STATUS mode=3 fault=none enc=108 denc=-3 sreq=-400 sapplied=-400 crate=-400 uimp=-150500 upos=0 uneg=380 ball=-121.41 vball=1.20 aball=-31.5 bref=0.00 pid=-400.0 pref=-1200.0 ppos=-150.5 apid=-0.0 integ=0.0 vision=1 current=1 vframe=872 vs=1 vage=75 vpage=75 vdt=33 vmax=168 vacc=872 vrej=0 seq=0 elapsed=0 oled=3C
[   1750] STATUS mode=3 fault=none enc=88 denc=-2 sreq=-400 sapplied=-400 crate=-400 uimp=-166500 upos=0 uneg=420 ball=-121.45 vball=0.19 aball=9.7 bref=0.00 pid=-400.0 pref=-1200.0 ppos=-166.5 apid=0.0 integ=0.0 vision=1 current=1 vframe=873 vs=1 vage=17 vpage=17 vdt=98 vmax=168 vacc=873 vrej=0 seq=0 elapsed=0 oled=ed=3C
[   1781] STATUS mode=3 fault=none enc=78 denc=-3 sreq=-400 sapplied=-400 crate=-400 uimp=-174500 upos=0 uneg=440 ball=-121.09 vball=7.78 aball=9.7 bref=0.00 pid=-400.0 pref=-1200.0 ppos=-174.5 apid=0.0 integ=0.0 vision=1 current=1 vframe=874 vs=1 vage=2 vpage=2 vdt=35 vmax=168 vacc=874 vrej=0 seq=0 elapsed=0 oled=3C
[   1812] STATUS mode=3 fault=none enc=67 denc=-4 sreq=-400 sapplied=-400 crate=-400 uimp=-182500 upos=0 uneg=460 ball=-121.09 vball=7.78 aball=9.7 bref=0.00 pid=-400.0 pref=-1200.0 ppos=-182.5 apid=0.0 integ=0.0 vision=1 current=1 vframe=874 vs=1 vage=22 vpage=22 vdt=35 vmax=168 vacc=874 vrej=0 seq=0 elapsed=0 oled=3C
[   1828] STATUS mode=3 fault=none enc=47 denc=-2 sreq=-400 sapplied=-400 crate=-400 uimp=-198500 upos=0 uneg=500 ball=-121.09 vball=7.78 aball=9.7 bref=0.00 pid=-400.0 pref=-1200.0 ppos=-198.5 apid=0.0 integ=0.0 vision=1 current=1 vframe=874 vs=1 vage=62 vpage=62 vdt=35 vmax=168 vacc=874 vrej=0 seq=0 elapsed=0 oled=3C
[   1858] STATUS mode=3 fault=none enc=37 denc=-3 sreq=-400 sapplied=-400 crate=-400 uimp=-206500 upos=0 uneg=520 ball=-121.09 vball=7.78 aball=9.7 bref=0.00 pid=-400.0 pref=-1200.0 ppos=-206.5 apid=0.0 integ=0.0 vision=1 current=1 vframe=874 vs=1 vage=82 vpage=82 vdt=35 vmax=168 vacc=874 vrej=0 seq=0 elapsed=0 oled=3C
[   1890] STATUS mode=3 fault=none enc=27 denc=-2 sreq=-400 sapplied=-400 crate=-400 uimp=-214500 upos=0 uneg=540 ball=-121.09 vball=7.78 aball=9.7 bref=0.00 pid=-400.0 pref=-1200.0 ppos=-214.5 apid=0.0 integ=0.0 vision=1 current=1 vframe=874 vs=1 vage=102 vpage=102 vdt=35 vmax=168 vacc=874 vrej=0 seq=0 elapsed=0 oled=3C
[   1922] STATUS mode=3 fault=none enc=7 denc=-2 sreq=-400 sapplied=-400 crate=-400 uimp=-230500 upos=0 uneg=580 ball=-118.34 vball=23.05 aball=89.0 bref=0.00 pid=-400.0 pref=-1200.0 ppos=-230.5 apid=0.0 integ=0.0 vision=1 current=1 vframe=876 vs=1 vage=27 vpage=27 vdt=6 vmax=168 vacc=876 vrej=0 seq=0 elapsed=0 oled=3C
[   1937] STATUS mode=3 fault=none enc=-2 denc=-1 sreq=-200 sapplied=-200 crate=-200 uimp=-238000 upos=0 uneg=600 ball=-113.99 vball=91.25 aball=89.0 bref=0.00 pid=1014.2 pref=-136.6 ppos=-238.0 apid=0.0 integ=-0.0 vision=1 current=1 vframe=877 vs=1 vage=12 vpage=12 vdt=35 vmax=168 vacc=877 vrej=0 seq=0 elapsed=0 oled=3C
[   1967] STATUS mode=3 fault=none enc=-5 denc=1 sreq=200 sapplied=200 crate=200 uimp=-239500 upos=0 uneg=610 ball=-113.99 vball=91.25 aball=89.0 bref=0.00 pid=1029.2 pref=-136.6 ppos=-239.5 apid=0.0 integ=-0.0 vision=1 current=1 vframe=877 vs=1 vage=32 vpage=32 vdt=35 vmax=168 vacc=877 vrej=0 seq=0 elapsed=0 oled=3C
[   2000] STATUS mode=3 fault=none enc=21 denc=6 sreq=811 sapplied=811 crate=811 uimp=-217730 upos=40 uneg=610 ball=-113.99 vball=91.25 aball=89.0 bref=0.00 pid=811.5 pref=-136.6 ppos=-217.7 apid=0.0 integ=-0.0 vision=1 current=1 vframe=877 vs=1 vage=72 vpage=72 vdt=35 vmax=168 vacc=877 vrej=0 seq=0 elapsed=0 oled=3C
[   2031] STATUS mode=3 fault=none enc=40 denc=4 sreq=661 sapplied=661 crate=661 uimp=-202680 upos=60 uneg=610 ball=-113.99 vball=91.25 aball=89.0 bref=0.00 pid=661.0 pref=-136.6 ppos=-202.7 apid=0.0 integ=-0.0 vision=1 current=1 vframe=877 vs=1 vage=92 vpage=92 vdt=35 vmax=168 vacc=877 vrej=0 seq=0 elapsed=0 oled=3C
[   2047] STATUS mode=3 fault=none enc=55 denc=3 sreq=538 sapplied=538 crate=538 uimp=-190415 upos=80 uneg=610 ball=-112.31 vball=72.06 aball=89.0 bref=0.00 pid=538.3 pref=-136.6 ppos=-190.4 apid=0.0 integ=-0.0 vision=1 current=1 vframe=878 vs=1 vage=2 vpage=2 vdt=110 vmax=168 vacc=878 vrej=0 seq=0 elapsed=0 oled=3C
[   2078] STATUS mode=3 fault=none enc=67 denc=0 sreq=-262 sapplied=-262 crate=-262 uimp=-182585 upos=110 uneg=615 ball=-110.14 vball=59.20 aball=183.3 bref=0.00 pid=-507.7 pref=-233.4 ppos=-182.6 apid=0.0 integ=-0.0 vision=1 current=1 vframe=879 vs=1 vage=35 vpage=35 vdt=7 vmax=168 vacc=879 vrej=0 seq=0 elapsed=0 oled=3C
[   2108] STATUS mode=3 fault=none enc=63 denc=-1 sreq=138 sapplied=138 crate=138 uimp=-185015 upos=110 uneg=630 ball=-105.31 vball=97.28 aball=183.3 bref=0.00 pid=1042.5 pref=-80.8 ppos=-185.0 apid=0.0 integ=-0.0 vision=1 current=1 vframe=880 vs=1 vage=20 vpage=20 vdt=35 vmax=168 vacc=880 vrej=0 seq=0 elapsed=0 oled=3C
[   2140] STATUS mode=3 fault=none enc=69 denc=2 sreq=538 sapplied=538 crate=538 uimp=-179255 upos=130 uneg=630 ball=-102.61 vball=89.93 aball=183.3 bref=0.00 pid=835.7 pref=-95.7 ppos=-179.3 apid=0.0 integ=-0.0 vision=1 current=1 vframe=881 vs=1 vage=7 vpage=7 vdt=33 vmax=168 vacc=881 vrej=0 seq=0 elapsed=0 oled=3C
[   2156] STATUS mode=3 fault=none enc=103 denc=4 sreq=573 sapplied=573 crate=573 uimp=-152945 upos=170 uneg=630 ball=-102.61 vball=89.93 aball=183.3 bref=0.00 pid=572.6 pref=-95.7 ppos=-152.9 apid=0.0 integ=-0.0 vision=1 current=1 vframe=881 vs=1 vage=47 vpage=47 vdt=33 vmax=168 vacc=881 vrej=0 seq=0 elapsed=0 oled=3C
[   2187] STATUS mode=3 fault=none enc=117 denc=3 sreq=466 sapplied=466 crate=466 uimp=-142320 upos=190 uneg=630 ball=-102.61 vball=89.93 aball=183.3 bref=0.00 pid=466.3 pref=-95.7 ppos=-142.3 apid=0.0 integ=-0.0 vision=1 current=1 vframe=881 vs=1 vage=67 vpage=67 vdt=33 vmax=168 vacc=881 vrej=0 seq=0 elapsed=0 oled=3C
[   2217] STATUS mode=3 fault=none enc=136 denc=2 sreq=143 sapplied=143 crate=143 uimp=-127035 upos=230 uneg=630 ball=-98.83 vball=68.75 aball=92.1 bref=0.00 pid=-276.6 pref=-154.7 ppos=-127.0 apid=0.0 integ=-0.0 vision=1 current=1 vframe=882 vs=1 vage=11 vpage=11 vdt=96 vmax=168 vacc=882 vrej=0 seq=0 elapsed=0 oled=3C
[   2250] STATUS mode=3 fault=none enc=138 denc=0 sreq=-257 sapplied=-257 crate=-257 uimp=-126890 upos=240 uneg=635 ball=-98.83 vball=68.75 aball=92.1 bref=0.00 pid=-278.0 pref=-154.7 ppos=-126.9 apid=0.0 integ=-0.0 vision=1 current=1 vframe=882 vs=1 vage=31 vpage=31 vdt=96 vmax=168 vacc=882 vrej=0 seq=0 elapsed=0 oled=3C
[   2265] STATUS mode=3 fault=none enc=133 denc=-1 sreq=35 sapplied=0 crate=35 uimp=-130650 upos=240 uneg=655 ball=-92.19 vball=124.75 aball=92.1 bref=0.00 pid=1985.2 pref=67.9 ppos=-130.7 apid=0.0 integ=-0.0 vision=1 current=1 vframe=883 vs=1 vage=14 vpage=14 vdt=37 vmax=168 vacc=883 vrej=0 seq=0 elapsed=0 oled=3C
[   2297] STATUS mode=3 fault=none enc=151 denc=4 sreq=835 sapplied=835 crate=835 uimp=-115425 upos=275 uneg=655 ball=-92.19 vball=124.75 aball=92.1 bref=0.00 pid=1832.9 pref=67.9 ppos=-115.4 apid=0.0 integ=-0.0 vision=1 current=1 vframe=883 vs=1 vage=54 vpage=54 vdt=37 vmax=168 vacc=883 vrej=0 seq=0 elapsed=0 oled=3C
[   2328] STATUS mode=3 fault=none enc=177 denc=7 sreq=1235 sapplied=1235 crate=1235 uimp=-95725 upos=295 uneg=655 ball=-92.19 vball=124.75 aball=92.1 bref=0.00 pid=1635.9 pref=67.9 ppos=-95.7 apid=0.0 integ=-0.0 vision=1 current=1 vframe=883 vs=1 vage=74 vpage=74 vdt=37 vmax=168 vacc=883 vrej=0 seq=0 elapsed=0 oled=3C
[   2342] STATUS mode=3 fault=none enc=211 denc=8 sreq=1364 sapplied=1364 crate=1364 uimp=-68520 upos=315 uneg=655 ball=-92.19 vball=124.75 aball=92.1 bref=0.00 pid=1363.8 pref=67.9 ppos=-68.5 apid=0.0 integ=-0.0 vision=1 current=1 vframe=883 vs=1 vage=94 vpage=94 vdt=37 vmax=168 vacc=883 vrej=0 seq=0 elapsed=0 oled=3C
[   2375] STATUS mode=3 fault=none enc=268 denc=5 sreq=711 sapplied=711 crate=711 uimp=-24000 upos=355 uneg=655 ball=-84.68 vball=96.25 aball=192.9 bref=0.00 pid=221.5 pref=-1.8 ppos=-24.0 apid=0.0 integ=-0.0 vision=1 current=1 vframe=885 vs=1 vage=13 vpage=13 vdt=9 vmax=168 vacc=885 vrej=0 seq=0 elapsed=0 oled=3C
[   2406] STATUS mode=3 fault=none enc=283 denc=3 sreq=511 sapplied=511 crate=511 uimp=-12780 upos=375 uneg=655 ball=-78.24 vball=151.98 aball=192.9 bref=0.00 pid=2000.0 pref=219.0 ppos=-12.8 apid=0.0 integ=-0.0 vision=1 current=1 vframe=886 vs=1 vage=4 vpage=4 vdt=29 vmax=168 vacc=886 vrej=0 seq=0 elapsed=0 oled=3C
[   2437] STATUS mode=3 fault=none enc=299 denc=4 sreq=911 sapplied=911 crate=911 uimp=440 upos=395 uneg=655 ball=-78.24 vball=151.98 aball=192.9 bref=0.00 pid=2000.0 pref=219.0 ppos=0.4 apid=0.0 integ=-0.0 vision=1 current=1 vframe=886 vs=1 vage=24 vpage=24 vdt=29 vmax=168 vacc=886 vrej=0 seq=0 elapsed=0 oled=3C
[   2453] STATUS mode=3 fault=none enc=348 denc=5 sreq=793 sapplied=793 crate=793 uimp=38785 upos=435 uneg=655 ball=-75.37 vball=119.87 aball=192.9 bref=0.00 pid=792.8 pref=118.1 ppos=38.8 apid=0.0 integ=-0.0 vision=1 current=1 vframe=887 vs=1 vage=31 vpage=31 vdt=33 vmax=168 vacc=887 vrej=0 seq=0 elapsed=0 oled=3C
[   2483] STATUS mode=3 fault=none enc=366 denc=3 sreq=646 sapplied=646 crate=646 uimp=53490 upos=455 uneg=655 ball=-75.37 vball=119.87 aball=192.9 bref=0.00 pid=645.7 pref=118.1 ppos=53.5 apid=0.0 integ=-0.0 vision=1 current=1 vframe=887 vs=1 vage=51 vpage=51 vdt=33 vmax=168 vacc=887 vrej=0 seq=0 elapsed=0 oled=3C
[   2515] STATUS mode=3 fault=none enc=381 denc=3 sreq=526 sapplied=526 crate=526 uimp=65470 upos=475 uneg=655 ball=-75.37 vball=119.87 aball=192.9 bref=0.00 pid=525.9 pref=118.1 ppos=65.5 apid=0.0 integ=-0.0 vision=1 current=1 vframe=887 vs=1 vage=71 vpage=71 vdt=33 vmax=168 vacc=887 vrej=0 seq=0 elapsed=0 oled=3C
[   2531] STATUS mode=3 fault=none enc=403 denc=1 sreq=187 sapplied=187 crate=187 uimp=82775 upos=515 uneg=655 ball=-70.35 vball=91.02 aball=41.1 bref=0.00 pid=-456.1 pref=37.2 ppos=82.8 apid=0.0 integ=-0.0 vision=1 current=1 vframe=888 vs=1 vage=10 vpage=10 vdt=101 vmax=168 vacc=888 vrej=0 seq=0 elapsed=0 oled=3C
[   2562] STATUS mode=3 fault=none enc=405 denc=-1 sreq=-213 sapplied=-213 crate=-213 uimp=84145 upos=525 uneg=655 ball=-70.35 vball=91.02 aball=41.1 bref=0.00 pid=-469.8 pref=37.2 ppos=84.1 apid=0.0 integ=-0.0 vision=1 current=1 vframe=888 vs=1 vage=30 vpage=30 vdt=101 vmax=168 vacc=888 vrej=0 seq=0 elapsed=0 oled=3C
[   2592] STATUS mode=3 fault=none enc=402 denc=0 sreq=0 sapplied=0 crate=-13 uimp=79885 upos=525 uneg=675 ball=-65.19 vball=121.06 aball=41.1 bref=0.00 pid=830.6 pref=163.0 ppos=79.9 apid=0.0 integ=-0.0 vision=1 current=1 vframe=889 vs=1 vage=16 vpage=16 vdt=34 vmax=168 vacc=889 vrej=0 seq=0 elapsed=0 oled=3C
[   2625] STATUS mode=3 fault=none enc=409 denc=2 sreq=214 sapplied=214 crate=214 uimp=87120 upos=555 uneg=675 ball=-62.39 vball=102.30 aball=41.1 bref=0.00 pid=213.7 pref=108.5 ppos=87.1 apid=0.0 integ=-0.0 vision=1 current=1 vframe=890 vs=1 vage=24 vpage=24 vdt=32 vmax=168 vacc=890 vrej=0 seq=0 elapsed=0 oled=3C
[   2640] STATUS mode=3 fault=none enc=413 denc=0 sreq=174 sapplied=174 crate=174 uimp=91085 upos=575 uneg=675 ball=-62.39 vball=102.30 aball=41.1 bref=0.00 pid=174.1 pref=108.5 ppos=91.1 apid=0.0 integ=-0.0 vision=1 current=1 vframe=890 vs=1 vage=44 vpage=44 vdt=32 vmax=168 vacc=890 vrej=0 seq=0 elapsed=0 oled=3C
[   2672] STATUS mode=3 fault=none enc=417 denc=1 sreq=142 sapplied=142 crate=142 uimp=94310 upos=595 uneg=675 ball=-62.39 vball=102.30 aball=41.1 bref=0.00 pid=141.8 pref=108.5 ppos=94.3 apid=0.0 integ=-0.0 vision=1 current=1 vframe=890 vs=1 vage=64 vpage=64 vdt=32 vmax=168 vacc=890 vrej=0 seq=0 elapsed=0 oled=3C
[   2703] STATUS mode=3 fault=none enc=422 denc=0 sreq=94 sapplied=94 crate=94 uimp=99085 upos=635 uneg=675 ball=-59.16 vball=71.80 aball=41.1 bref=0.00 pid=94.1 pref=108.5 ppos=99.1 apid=0.0 integ=-0.0 vision=1 current=1 vframe=891 vs=1 vage=2 vpage=2 vdt=102 vmax=168 vacc=891 vrej=0 seq=0 elapsed=0 oled=3C
[   2717] STATUS mode=3 fault=none enc=423 denc=0 sreq=-306 sapplied=-306 crate=-306 uimp=98525 upos=640 uneg=680 ball=-59.16 vball=71.80 aball=-28.9 bref=0.00 pid=-838.6 pref=14.7 ppos=98.5 apid=-0.0 integ=-0.0 vision=1 current=1 vframe=891 vs=1 vage=22 vpage=22 vdt=102 vmax=168 vacc=891 vrej=0 seq=0 elapsed=0 oled=3C
[   2750] STATUS mode=3 fault=none enc=412 denc=-4 sreq=-706 sapplied=-706 crate=-706 uimp=89405 upos=640 uneg=700 ball=-57.02 vball=69.30 aball=-28.9 bref=0.00 pid=-749.4 pref=14.5 ppos=89.4 apid=-0.0 integ=-0.0 vision=1 current=1 vframe=892 vs=1 vage=11 vpage=11 vdt=31 vmax=168 vacc=892 vrej=0 seq=0 elapsed=0 oled=3C
[   2781] STATUS mode=3 fault=none enc=377 denc=-6 sreq=-882 sapplied=-882 crate=-882 uimp=62405 upos=640 uneg=740 ball=-56.13 vball=47.56 aball=-28.9 bref=0.00 pid=-1204.6 pref=-58.1 ppos=62.4 apid=-0.0 integ=-0.0 vision=1 current=1 vframe=893 vs=1 vage=17 vpage=17 vdt=34 vmax=168 vacc=893 vrej=0 seq=0 elapsed=0 oled=3C
[   2812] STATUS mode=3 fault=none enc=352 denc=-8 sreq=-1005 sapplied=-1005 crate=-1005 uimp=42390 upos=640 uneg=760 ball=-56.13 vball=47.56 aball=-28.9 bref=0.00 pid=-1004.5 pref=-58.1 ppos=42.4 apid=-0.0 integ=-0.0 vision=1 current=1 vframe=893 vs=1 vage=37 vpage=37 vdt=34 vmax=168 vacc=893 vrej=0 seq=0 elapsed=0 oled=3C
[   2828] STATUS mode=3 fault=none enc=330 denc=-5 sreq=-818 sapplied=-818 crate=-818 uimp=23755 upos=640 uneg=780 ball=-56.13 vball=47.56 aball=-28.9 bref=0.00 pid=-818.2 pref=-58.1 ppos=23.8 apid=-0.0 integ=-0.0 vision=1 current=1 vframe=893 vs=1 vage=57 vpage=57 vdt=34 vmax=168 vacc=893 vrej=0 seq=0 elapsed=0 oled=3C
[   2858] STATUS mode=3 fault=none enc=294 denc=-4 sreq=-543 sapplied=-543 crate=-543 uimp=-3775 upos=640 uneg=820 ball=-54.96 vball=29.09 aball=-28.9 bref=0.00 pid=-542.8 pref=-58.1 ppos=-3.8 apid=-0.0 integ=-0.0 vision=1 current=1 vframe=894 vs=1 vage=2 vpage=2 vdt=95 vmax=168 vacc=894 vrej=0 seq=0 elapsed=0 oled=3C
[   2890] STATUS mode=3 fault=none enc=277 denc=-5 sreq=-943 sapplied=-943 crate=-943 uimp=-17635 upos=640 uneg=840 ball=-54.96 vball=29.09 aball=-136.0 bref=0.00 pid=-1003.9 pref=-118.0 ppos=-17.6 apid=-0.0 integ=-0.0 vision=1 current=1 vframe=894 vs=1 vage=22 vpage=22 vdt=95 vmax=168 vacc=894 vrej=0 seq=0 elapsed=0 oled=3C
[   2922] STATUS mode=3 fault=none enc=224 denc=-9 sreq=-1363 sapplied=-1363 crate=-1363 uimp=-58255 upos=640 uneg=880 ball=-55.85 vball=-7.06 aball=-136.0 bref=0.00 pid=-1898.5 pref=-248.1 ppos=-58.3 apid=-0.0 integ=-0.0 vision=1 current=1 vframe=895 vs=1ge=5 vpage=5 vdt=37 vmax=168 vacc=895 vrej=0 seq=0 elapsed=0 oled=3C
[   2937] STATUS mode=3 fault=none enc=185 denc=-11 sreq=-1596 sapplied=-1596 crate=-1596 uimp=-88515 upos=640 uneg=900 ball=-55.85 vball=-7.06 aball=-136.0 bref=0.00 pid=-1595.9 pref=-248.1 ppos=-88.5 apid=-0.0 integ=-0.0 vision=1 current=1 vframe=895 vs=1 vage=45 vpage=45 vdt=37 vmax=168 vacc=895 vrej=0 seq=0 elapsed=0 oled=3C
[   2967] STATUS mode=3 fault=none enc=148 denc=-8 sreq=-1300 sapplied=-1300 crate=-1300 uimp=-118115 upos=640 uneg=920 ball=-55.85 vball=-7.06 aball=-136.0 bref=0.00 pid=-1299.9 pref=-248.1 ppos=-118.1 apid=-0.0 integ=-0.0 vision=1 current=1 vframe=895 vs=1 vage=65 vpage=65 vdt=37 vmax=168 vacc=895 vrej=0 seq=0 elapsed=0 oled=3C
[   3000] STATUS mode=3 fault=none enc=92 denc=-5 sreq=-862 sapplied=-862 crate=-862 uimp=-161875 upos=640 uneg=960 ball=-55.85 vball=-7.06 aball=-136.0 bref=0.00 pid=-862.3 pref=-248.1 ppos=-161.9 apid=-0.0 integ=-0.0 vision=1 current=1 vframe=895 vs=1 vage=105 vpage=105 vdt=37 vmax=168 vacc=895 vrej=0 seq=0 elapsed=0 oled=3C
[   3031] STATUS mode=3 fault=none enc=72 denc=-4 sreq=-698 sapplied=-698 crate=-698 uimp=-178025 upos=640 uneg=980 ball=-56.36 vball=-6.40 aball=-189.2 bref=0.00 pid=-698.1 pref=-247.8 ppos=-178.0 apid=-0.0 integ=-0.0 vision=1 current=1 vframe=897 vs=1 vage=11 vpage=11 vdt=6 vmax=168 vacc=897 vrej=0 seq=0 elapsed=0 oled=3C
[   3047] STATUS mode=3 fault=none enc=53 denc=-5 sreq=-830 sapplied=-830 crate=-830 uimp=-191630 upos=640 uneg=1000 ball=-57.25 vball=-28.65 aball=-189.2 bref=0.00 pid=-1083.7 pref=-300.0 ppos=-191.6 apid=-0.0 integ=-0.0 vision=1 current=1 vframe=898 vs=1 vage=10 vpage=10 vdt=21 vmax=168 vacc=898 vrej=0 seq=0 elapsed=0 oled=3C
[   3078] STATUS mode=3 fault=none enc=9 denc=-5 sreq=-732 sapplied=-732 crate=-732 uimp=-226810 upos=640 uneg=1040 ball=-57.67 vball=-21.81 aball=-189.2 bref=0.00 pid=-731.9 pref=-300.0 ppos=-226.8 apid=-0.0 integ=-0.0 vision=1 current=1 vframe=899 vs=1 vage=19 vpage=19 vdt=31 vmax=168 vacc=899 vrej=0 seq=0 elapsed=0 oled=3C
[   3108] STATUS mode=3 fault=none enc=-7 denc=-4 sreq=-596 sapplied=-596 crate=-596 uimp=-240390 upos=640 uneg=1060 ball=-57.67 vball=-21.81 aball=-189.2 bref=0.00 pid=-596.1 pref=-300.0 ppos=-240.4 apid=-0.0 integ=-0.0 vision=1 current=1 vframe=899 vs=1 vage=39 vpage=39 vdt=31 vmax=168 vacc=899 vrej=0 seq=0 elapsed=0 oled=3C
[   3140] STATUS mode=3 fault=none enc=-33 denc=-3 sreq=-396 sapplied=-396 crate=-396 uimp=-260450 upos=640 uneg=1100 ball=-57.67 vball=-21.81 aball=-189.2 bref=0.00 pid=-395.5 pref=-300.0 ppos=-260.4 apid=-0.0 integ=-0.0 vision=1 current=1 vframe=899 vs=1 vage=79 vpage=79 vdt=31 vmax=168 vacc=899 vrej=0 seq=0 elapsed=0 oled=3C
[   3172] STATUS mode=3 fault=none enc=-43 denc=-3 sreq=-322 sapplied=-322 crate=-322 uimp=-267790 upos=640 uneg=1120 ball=-57.67 vball=-21.81 aball=-189.2 bref=0.00 pid=-322.1 pref=-300.0 ppos=-267.8 apid=-0.0 integ=-0.0 vision=1 current=1 vframe=899 vs=1 vage=99 vpage=99 vdt=31 vmax=168 vacc=899 vrej=0 seq=0 elapsed=0 oled=3C
[   3187] STATUS mode=3 fault=none enc=-48 denc=-2 sreq=-120 sapplied=-120 crate=-120 uimp=-271805 upos=640 uneg=1140 ball=-58.30 vball=-14.46 aball=-123.2 bref=0.00 pid=-120.1 pref=-283.8 ppos=-271.8 apid=-0.0 integ=-0.0 vision=1 current=1 vframe=900 vs=1 vage=20 vpage=20 vdt=99 vmax=168 vacc=900 vrej=0 seq=0 elapsed=0 oled=3C
[   3217] STATUS mode=3 fault=none enc=-47 denc=3 sreq=397 sapplied=397 crate=397 uimp=-271560 upos=650 uneg=1160 ball=-57.46 vball=10.58 aball=-123.2 bref=0.00 pid=787.5 pref=-192.8 ppos=-271.6 apid=-0.0 integ=-0.0 vision=1 current=1 vframe=901 vs=1 vage=26 vpage=26 vdt=34 vmax=168 vacc=901 vrej=0 seq=0 elapsed=0 oled=3C
[   3250] STATUS mode=3 fault=none enc=-34 denc=5 sreq=678 sapplied=678 crate=678 uimp=-260620 upos=670 uneg=1160 ball=-57.46 vball=10.58 aball=-123.2 bref=0.00 pid=678.1 pref=-192.8 ppos=-260.6 apid=-0.0 integ=-0.0 vision=1 current=1 vframe=901 vs=1 vage=46 vpage=46 vdt=34 vmax=168 vacc=901 vrej=0 seq=0 elapsed=0 oled=3C
[   3281] STATUS mode=3 fault=none enc=-5 denc=3 sreq=450 sapplied=450 crate=450 uimp=-237795 upos=710 uneg=1160 ball=-57.46 vball=10.58 aball=-123.2 bref=0.00 pid=449.9 pref=-192.8 ppos=-237.8 apid=-0.0 integ=-0.0 vision=1 current=1 vframe=901 vs=1 vage=86 vpage=86 vdt=34 vmax=168 vacc=901 vrej=0 seq=0 elapsed=0 oled=3C
[   3297] STATUS mode=3 fault=none enc=6 denc=3 sreq=366 sapplied=366 crate=366 uimp=-229450 upos=730 uneg=1160 ball=-57.46 vball=10.58 aball=-123.2 bref=0.00 pid=366.4 pref=-192.8 ppos=-229.5 apid=-0.0 integ=-0.0 vision=1 current=1 vframe=901 vs=1 vage=106 vpage=106 vdt=34 vmax=168 vacc=901 vrej=0 seq=0 elapsed=0 oled=3C
[   3328] STATUS mode=3 fault=none enc=18 denc=3 sreq=557 sapplied=557 crate=557 uimp=-219530 upos=750 uneg=1160 ball=-55.66 vball=16.80 aball=38.0 bref=0.00 pid=556.9 pref=-163.8 ppos=-219.5 apid=0.0 integ=-0.0 vision=1 current=1 vframe=903 vs=1 vage=12 vpage=12 vdt=6 vmax=168 vacc=903 vrej=0 seq=0 elapsed=0 oled=3C
[   3358] STATUS mode=3 fault=none enc=44 denc=4 sreq=731 sapplied=731 crate=731 uimp=-198965 upos=790 uneg=1160 ball=-52.58 vball=67.92 aball=38.0 bref=0.00 pid=2000.0 pref=27.4 ppos=-199.0 apid=0.0 integ=-0.0 vision=1 current=1 vframe=904 vs=1 vage=15 vpage=15 vdt=37 vmax=168 vacc=904 vrej=0 seq=0 elapsed=0 oled=3C
[   3390] STATUS mode=3 fault=none enc=67 denc=7 sreq=1131 sapplied=1131 crate=1131 uimp=-181345 upos=810 uneg=1160 ball=-52.58 vball=67.92 aball=38.0 bref=0.00 pid=2000.0 pref=27.4 ppos=-181.3 apid=0.0 integ=-0.0 vision=1 current=1 vframe=904 vs=1 vage=35 vpage=35 vdt=37 vmax=168 vacc=904 vrej=0 seq=0 elapsed=0 oled=3C
[   3406] STATUS mode=3 fault=none enc=99 denc=8 sreq=1531 sapplied=1531 crate=1531 uimp=-155725 upos=830 uneg=1160 ball=-52.58 vball=67.92 aball=38.0 bref=0.00 pid=1831.3 pref=27.4 ppos=-155.7 apid=0.0 integ=-0.0 vision=1 current=1 vframe=904 vs=1 vage=55 vpage=55 vdt=37 vmax=168 vacc=904 vrej=0 seq=0 elapsed=0 oled=3C
[   3437] STATUS mode=3 fault=none enc=177 denc=8 sreq=1230 sapplied=1230 crate=1230 uimp=-95585 upos=870 uneg=1160 ball=-52.58 vball=67.92 aball=38.0 bref=0.00 pid=1229.9 pref=27.4 ppos=-95.6 apid=0.0 integ=-0.0 vision=1 current=1 vframe=904 vs=1 vage=95 vpage=95 vdt=37 vmax=168 vacc=904 vrej=0 seq=0 elapsed=0 oled=3C
[   3467] STATUS mode=3 fault=none enc=206 denc=6 sreq=954 sapplied=954 crate=954 uimp=-72775 upos=890 uneg=1160 ball=-51.00 vball=57.76 aball=134.4 bref=0.00 pid=709.4 pref=-1.8 ppos=-72.8 apid=0.0 integ=-0.0 vision=1 current=1 vframe=905 vs=1 vage=4 vpage=4 vdt=111 vmax=168 vacc=905 vrej=0 seq=0 elapsed=0 oled=3C
[   3500] STATUS mode=3 fault=none enc=227 denc=5 sreq=554 sapplied=554 crate=554 uimp=-56695 upos=910 uneg=1160 ball=-49.17 vball=47.69 aball=134.4 bref=0.00 pid=269.3 pref=-29.8 ppos=-56.7 apid=0.0 integ=-0.0 vision=1 current=1 vframe=906 vs=1 vage=16 vpage=16 vdt=8 vmax=168 vacc=906 vrej=0 seq=0 elapsed=0 oled=3C
[   3515] STATUS mode=3 fault=none enc=250 denc=3 sreq=754 sapplied=754 crate=754 uimp=-38535 upos=950 uneg=1160 ball=-45.83 vball=77.28 aball=134.4 bref=0.00 pid=1257.0 pref=87.2 ppos=-38.5 apid=0.0 integ=-0.0 vision=1 current=1 vframe=907 vs=1 vage=26 vpage=26 vdt=30 vmax=168 vacc=907 vrej=0 seq=0 elapsed=0 oled=3C
[   3547] STATUS mode=3 fault=none enc=272 denc=6 sreq=785 sapplied=785 crate=785 uimp=-21455 upos=970 uneg=1160 ball=-43.97 vball=66.54 aball=134.4 bref=0.00 pid=784.7 pref=57.0 ppos=-21.5 apid=0.0 integ=-0.0 vision=1 current=1 vframe=908 vs=1 vage=12 vpage=12 vdt=34 vmax=168 vacc=908 vrej=0 seq=0 elapsed=0 oled=3C
[   3578] STATUS mode=3 fault=none enc=291 denc=5 sreq=639 sapplied=639 crate=639 uimp=-6900 upos=990 uneg=1160 ball=-43.97 vball=66.54 aball=134.4 bref=0.00 pid=639.1 pref=57.0 ppos=-6.9 apid=0.0 integ=-0.0 vision=1 current=1 vframe=908 vs=1 vage=32 vpage=32 vdt=34 vmax=168 vacc=908 vrej=0 seq=0 elapsed=0 oled=3C
[   3592] STATUS mode=3 fault=none enc=318 denc=4 sreq=424 sapplied=424 crate=424 uimp=14615 upos=1030 uneg=1160 ball=-43.97 vball=66.54 aball=134.4 bref=0.00 pid=424.0 pref=57.0 ppos=14.6 apid=0.0 integ=-0.0 vision=1 current=1 vframe=908 vs=1 vage=72 vpage=72 vdt=34 vmax=168 vacc=908 vrej=0 seq=0 elapsed=0 oled=3C
[   3625] STATUS mode=3 fault=none enc=327 denc=2 sreq=345 sapplied=345 crate=345 uimp=22480 upos=1050 uneg=1160 ball=-43.97 vball=66.54 aball=134.4 bref=0.00 pid=345.3 pref=57.0 ppos=22.5 apid=0.0 integ=-0.0 vision=1 current=1 vframe=908 vs=1 vage=92 vpage=92 vdt=34 vmax=168 vacc=908 vrej=0 seq=0 elapsed=0 oled=3C
[   3656] STATUS mode=3 fault=none enc=333 denc=1 sreq=28 sapplied=28 crate=28 uimp=27625 upos=1070 uneg=1160 ball=-41.38 vball=48.44 aball=49.0 bref=0.00 pid=-236.0 pref=4.0 ppos=27.6 apid=0.0 integ=-0.0 vision=1 current=1 vframe=909 vs=1 vage=16 vpage=16 vdt=96 vmax=168 vacc=909 vrej=0 seq=0 elapsed=0 oled=3C
[   3672] STATUS mode=3 fault=none enc=345 denc=4 sreq=628 sapplied=628 crate=628 uimp=35965 upos=1100 uneg=1160 ball=-37.64 vball=62.14 aball=49.0 bref=0.00 pid=1156.8 pref=151.6 ppos=36.0 apid=0.0 integ=-0.0 vision=1 current=1 vframe=911 vs=1 vage=1 vpage=1 vdt=35 vmax=168 vacc=911 vrej=0 seq=0 elapsed=0 oled=3C
[   3703] STATUS mode=3 fault=none enc=357 denc=2 sreq=228 sapplied=228 crate=228 uimp=45525 upos=1120 uneg=1160 ball=-37.64 vball=62.14 aball=49.0 bref=0.00 pid=214.1 pref=66.9 ppos=45.5 apid=0.0 integ=-0.0 vision=1 current=1 vframe=911 vs=1 vage=21 vpage=21 vdt=35 vmax=168 vacc=911 vrej=0 seq=0 elapsed=0 oled=3C
[   3733] STATUS mode=3 fault=none enc=362 denc=1 sreq=174 sapplied=174 crate=174 uimp=49560 upos=1140 uneg=1160 ball=-37.64 vball=62.14 aball=49.0 bref=0.00 pid=173.7 pref=66.9 ppos=49.6 apid=0.0 integ=-0.0 vision=1 current=1 vframe=911 vs=1 vage=41 vpage=41 vdt=35 vmax=168 vacc=911 vrej=0 seq=0 elapsed=0 oled=3C
[   3765] STATUS mode=3 fault=none enc=369 denc=1 sreq=115 sapplied=115 crate=115 uimp=55405 upos=1180 uneg=1160 ball=-37.64 vball=62.14 aball=49.0 bref=0.00 pid=115.3 pref=66.9 ppos=55.4 apid=0.0 integ=-0.0 vision=1 current=1 vframe=911 vs=1 vage=81 vpage=81 vdt=35 vmax=168 vacc=911 vrej=0 seq=0 elapsed=0 oled=3C
[   3781] STATUS mode=3 fault=none enc=372 denc=1 sreq=94 sapplied=94 crate=94 uimp=57545 upos=1200 uneg=1160 ball=-37.64 vball=62.14 aball=49.0 bref=0.00 pid=93.9 pref=66.9 ppos=57.5 apid=0.0 integ=-0.0 vision=1 current=1 vframe=911 vs=1 vage=101 vpage=101 vdt=35 vmax=168 vacc=911 vrej=0 seq=0 elapsed=0 oled=3C
[   3812] STATUS mode=3 fault=none enc=373 denc=-1 sreq=-211 sapplied=-211 crate=-211 uimp=58460 upos=1210 uneg=1160 ball=-35.58 vball=44.71 aball=16.4 bref=0.00 pid=-442.9 pref=14.2 ppos=58.5 apid=0.0 integ=-0.0 vision=1 current=1 vframe=912 vs=1 vage=16 vpage=16 vdt=105 vmax=168 vacc=912 vrej=0 seq=0 elapsed=0 oled=3C
[   3842] STATUS mode=3 fault=none enc=346 denc=-7 sreq=-838 sapplied=-838 crate=-838 uimp=36160 upos=1210 uneg=1200 ball=-35.38 vball=26.81 aball=16.4 bref=0.00 pid=-838.4 pref=-47.7 ppos=36.2 apid=0.0 integ=-0.0 vision=1 current=1 vframe=913 vs=1 vage=29 vpage=29 vdt=27 vmax=168 vacc=913 vrej=0 seq=0 elapsed=0 oled=3C
[   3875] STATUS mode=3 fault=none enc=324 denc=-7 sreq=-984 sapplied=-984 crate=-984 uimp=18515 upos=1210 uneg=1220 ball=-35.18 vball=17.37 aball=16.4 bref=0.00 pid=-984.4 pref=-79.9 ppos=18.5 apid=0.0 integ=-0.0 vision=1 current=1 vframe=914 vs=1 vage=15 vpage=15 vdt=34 vmax=168 vacc=914 vrej=0 seq=0 elapsed=0 oled=3C
[   3890] STATUS mode=3 fault=none enc=300 denc=-7 sreq=-802 sapplied=-802 crate=-802 uimp=260 upos=1210 uneg=1240 ball=-35.18 vball=17.37 aball=16.4 bref=0.00 pid=-801.8 pref=-79.9 ppos=0.3 apid=0.0 integ=-0.0 vision=1 current=1 vframe=914 vs=1 vage=35 vpage=35 vdt=34 vmax=168 vacc=914 vrej=0 seq=0 elapsed=0 oled=3C
[   3922] STATUS mode=3 fault=none enc=266 denc=-4 sreq=-532 sapplied=-532 crate=-532 uimp=-26725 upos=1210 uneg=1280 ball=-35.18 vball=17.37 aball=16.4 bref=0.00 pid=-532.0 pref=-79.9 ppos=-26.7 apid=0.0 integ=-0.0 vision=1 current=1 vframe=914 vs=1 vage=75 vpage=75 vdt=34 vmax=168 vacc=914 vrej=0 seq=0 elapsed=0 oled=3C
[   3953] STATUS mode=3 fault=none enc=254 denc=-3 sreq=-433 sapplied=-433 crate=-433 uimp=-36590 upos=1210 uneg=1300 ball=-35.18 vball=17.37 aball=16.4 bref=0.00 pid=-433.3 pref=-79.9 ppos=-36.6 apid=0.0 integ=-0.0 vision=1 current=1 vframe=914 vs=1 vage=95 vpage=95 vdt=34 vmax=168 vacc=914 vrej=0 seq=0 elapsed=0 oled=3C
[   3983] STATUS mode=3 fault=none enc=229 denc=-3 sreq=-437 sapplied=-437 crate=-437 uimp=-56160 upos=1210 uneg=1340 ball=-37.37 vball=-30.97 aball=-84.0 bref=0.00 pid=-437.3 pref=-99.9 ppos=-56.2 apid=-0.0 integ=-0.0 vision=1 current=1 vframe=916 vs=1 vage=1 vpage=1 vdt=33 vmax=168 vacc=916 vrej=0 seq=0 elapsed=0 oled=3C
[   4000] STATUS mode=3 fault=none enc=214 denc=-4 sreq=-837 sapplied=-837 crate=-837 uimp=-67900 upos=1210 uneg=1360 ball=-37.37 vball=-30.97 aball=-84.0 bref=0.00 pid=-1899.7 pref=-257.9 ppos=-67.9 apid=-0.0 integ=-0.0 vision=1 current=1 vframe=916 vs=1 vage=21 vpage=21 vdt=33 vmax=168 vacc=916 vrej=0 seq=0 elapsed=0 oled=3C
[   4031] STATUS mode=3 fault=none enc=188 denc=-7 sreq=-1237 sapplied=-1237 crate=-1237 uimp=-87640 upos=1210 uneg=1380 ball=-38.41 vball=-32.31 aball=-84.0 bref=0.00 pid=-1790.8 pref=-266.7 ppos=-87.6 apid=-0.0 integ=-0.0 vision=1 current=1 vframe=917 vs=1 vage=7 vpage=7 vdt=34 vmax=168 vacc=917 vrej=0 seq=0 elapsed=0 oled=3C
[   4062] STATUS mode=3 fault=none enc=117 denc=-8 sreq=-1233 sapplied=-1233 crate=-1233 uimp=-143455 upos=1210 uneg=1420 ball=-38.41 vball=-32.31 aball=-84.0 bref=0.00 pid=-1232.7 pref=-266.7 ppos=-143.5 apid=-0.0 integ=-0.0 vision=1 current=1 vframe=917 vs=1 vage=47 vpage=47 vdt=34 vmax=168 vacc=917 vrej=0 seq=0 elapsed=0 oled=3C
[   4092] STATUS mode=3 fault=none enc=88 denc=-6 sreq=-1004 sapplied=-1004 crate=-1004 uimp=-166320 upos=1210 uneg=1440 ball=-38.41 vball=-32.31 aball=-84.0 bref=0.00 pid=-1004.0 pref=-266.7 ppos=-166.3 apid=-0.0 integ=-0.0 vision=1 current=1 vframe=917 vs=1 vage=67 vpage=67 vdt=34 vmax=168 vacc=917 vrej=0 seq=0 elapsed=0 oled=3C
[   4108] STATUS mode=3 fault=none enc=45 denc=-3 sreq=-538 sapplied=-538 crate=-538 uimp=-199800 upos=1210 uneg=1480 ball=-39.63 vball=-23.44 aball=-140.2 bref=0.00 pid=-407.6 pref=-240.6 ppos=-199.8 apid=-0.0 integ=-0.0 vision=1 current=1 vframe=918 vs=1 vage=8 vpage=8 vdt=99 vmax=168 vacc=918 vrej=0 seq=0 elapsed=0 oled=3C
[   4140] STATUS mode=3 fault=none enc=34 denc=-3 sreq=-324 sapplied=-324 crate=-324 uimp=-208180 upos=1210 uneg=1500 ball=-39.63 vball=-23.44 aball=-140.2 bref=0.00 pid=-323.8 pref=-240.6 ppos=-208.2 apid=-0.0 integ=-0.0 vision=1 current=1 vframe=918 vs=1 vage=28 vpage=28 vdt=99 vmax=168 vacc=918 vrej=0 seq=0 elapsed=0 oled=3C
[   4172] STATUS mode=3 fault=none enc=24 denc=-4 sreq=-608 sapplied=-608 crate=-608 uimp=-215920 upos=1210 uneg=1520 ball=-41.34 vball=-36.20 aball=-140.2 bref=0.00 pid=-761.4 pref=-292.1 ppos=-215.9 apid=-0.0 integ=-0.0 vision=1 current=1 vframe=919 vs=1 vage=15 vpage=15 vdt=33 vmax=168 vacc=919 vrej=0 seq=0 elapsed=0 oled=3C
[   4203] STATUS mode=3 fault=none enc=-4 denc=-2 sreq=-293 sapplied=-293 crate=-293 uimp=-238845 upos=1210 uneg=1560 ball=-41.98 vball=-28.63 aball=-140.2 bref=0.00 pid=-292.8 pref=-268.1 ppos=-238.8 apid=-0.0 integ=-0.0 vision=1 current=1 vframe=920 vs=1 vage=22 vpage=22 vdt=33 vmax=168 vacc=920 vrej=0 seq=0 elapsed=0 oled=3C
[   4233] STATUS mode=3 fault=none enc=-11 denc=-2 sreq=-238 sapplied=-238 crate=-238 uimp=-244275 upos=1210 uneg=1580 ball=-41.98 vball=-28.63 aball=-140.2 bref=0.00 pid=-238.5 pref=-268.1 ppos=-244.3 apid=-0.0 integ=-0.0 vision=1 current=1 vframe=920 vs=1 vage=42 vpage=42 vdt=33 vmax=168 vacc=920 vrej=0 seq=0 elapsed=0 oled=3C
[   4250] STATUS mode=3 fault=none enc=-16 denc=-1 sreq=-194 sapplied=-194 crate=-194 uimp=-248695 upos=1210 uneg=1600 ball=-41.98 vball=-28.63 aball=-140.2 bref=0.00 pid=-194.3 pref=-268.1 ppos=-248.7 apid=-0.0 integ=-0.0 vision=1 current=1 vframe=920 vs=1 vage=62 vpage=62 vdt=33 vmax=168 vacc=920 vrej=0 seq=0 elapsed=0 oled=3C
[   4281] STATUS mode=3 fault=none enc=-25 denc=-1 sreq=-129 sapplied=-129 crate=-129 uimp=-255235 upos=1210 uneg=1640 ball=-41.98 vball=-28.63 aball=-140.2 bref=0.00 pid=-128.9 pref=-268.1 ppos=-255.2 apid=-0.0 integ=-0.0 vision=1 current=1 vframe=920 vs=1 vage=102 vpage=102 vdt=33 vmax=168 vacc=920 vrej=0 seq=0 elapsed=0 oled=3C
[   4312] STATUS mode=3 fault=none enc=-26 denc=1 sreq=184 sapplied=184 crate=184 uimp=-255170 upos=1215 uneg=1650 ball=-42.68 vball=-18.86 aball=-64.8 bref=0.00 pid=184.4 pref=-236.7 ppos=-255.2 apid=-0.0 integ=-0.0 vision=1 current=1 vframe=921 vs=1 vage=20 vpage=20 vdt=102 vmax=168 vacc=921 vrej=0 seq=0 elapsed=0 oled=3C
[   4342] STATUS mode=3 fault=none enc=-10 denc=3 sreq=398 sapplied=398 crate=398 uimp=-242765 upos=1255 uneg=1650 ball=-42.64 vball=-9.26 aball=-64.8 bref=0.00 pid=398.0 pref=-203.0 ppos=-242.8 apid=-0.0 integ=-0.0 vision=1 current=1 vframe=922 vs=1 vage=29 vpage=29 vdt=31 vmax=168 vacc=922 vrej=0 seq=0 elapsed=0 oled=3C
[   4358] STATUS mode=3 fault=none enc=1 denc=3 sreq=493 sapplied=493 crate=493 uimp=-233900 upos=1275 uneg=1650 ball=-42.59 vball=-4.06 aball=-64.8 bref=0.00 pid=493.3 pref=-184.6 ppos=-233.9 apid=-0.0 integ=-0.0 vision=1 current=1 vframe=923 vs=1 vage=16 vpage=16 vdt=33 vmax=168 vacc=923 vrej=0 seq=0 elapsed=0 oled=3C
[   4390] STATUS mode=3 fault=none enc=13 denc=4 sreq=402 sapplied=402 crate=402 uimp=-224750 upos=1295 uneg=1650 ball=-42.59 vball=-4.06 aball=-64.8 bref=0.00 pid=401.8 pref=-184.6 ppos=-224.8 apid=-0.0 integ=-0.0 vision=1 current=1 vframe=923 vs=1 vage=36 vpage=36 vdt=33 vmax=168 vacc=923 vrej=0 seq=0 elapsed=0 oled=3C
[   4422] STATUS mode=3 fault=none enc=29 denc=1 sreq=267 sapplied=267 crate=267 uimp=-211225 upos=1335 uneg=1650 ball=-42.59 vball=-4.06 aball=-64.8 bref=0.00 pid=266.6 pref=-184.6 ppos=-211.2 apid=-0.0 integ=-0.0 vision=1 current=1 vframe=923 vs=1 vage=76 vpage=76 vdt=33 vmax=168 vacc=923 vrej=0 seq=0 elapsed=0 oled=3C
[   4453] STATUS mode=3 fault=none enc=36 denc=2 sreq=217 sapplied=217 crate=217 uimp=-206275 upos=1355 uneg=1650 ball=-42.59 vball=-4.06 aball=-64.8 bref=0.00 pid=217.1 pref=-184.6 ppos=-206.3 apid=-0.0 integ=-0.0 vision=1 current=1 vframe=923 vs=1 vage=96 vpage=96 vdt=33 vmax=168 vacc=923 vrej=0 seq=0 elapsed=0 oled=3C
[   4467] STATUS mode=3 fault=none enc=39 denc=0 sreq=77 sapplied=77 crate=77 uimp=-202700 upos=1375 uneg=1650 ball=-42.37 vball=-1.25 aball=11.2 bref=0.00 pid=76.6 pref=-195.0 ppos=-202.7 apid=0.0 integ=-21.2 vision=1 current=1 vframe=924 vs=1 vage=11 vpage=11 vdt=105 vmax=168 vacc=924 vrej=0 seq=0 elapsed=0 oled=3C
[   4500] STATUS mode=3 fault=none enc=47 denc=3 sreq=566 sapplied=566 crate=566 uimp=-194955 upos=1415 uneg=1650 ball=-40.32 vball=33.27 aball=11.2 bref=0.00 pid=1289.4 pref=-66.0 ppos=-195.0 apid=0.0 integ=-0.0 vision=1 current=1 vframe=925 vs=1 vage=23 vpage=23 vdt=28 vmax=168 vacc=925 vrej=0 seq=0 elapsed=0 oled=3C
[   4531] STATUS mode=3 fault=none enc=66 denc=6 sreq=966 sapplied=966 crate=966 uimp=-180635 upos=1435 uneg=1650 ball=-39.12 vball=34.57 aball=11.2 bref=0.00 pid=1239.7 pref=-56.7 ppos=-180.6 apid=0.0 integ=-0.0 vision=1 current=1 vframe=926 vs=1 vage=10 vpage=10 vdt=33 vmax=168 vacc=926 vrej=0 seq=0 elapsed=0 oled=3C
[   4562] STATUS mode=3 fault=none enc=118 denc=6 sreq=837 sapplied=837 crate=837 uimp=-140325 upos=1475 uneg=1650 ball=-39.12 vball=34.57 aball=11.2 bref=0.00 pid=836.6 pref=-56.7 ppos=-140.3 apid=0.0 integ=-0.0 vision=1 current=1 vframe=926 vs=1 vage=50 vpage=50 vdt=33 vmax=168 vacc=926 vrej=0 seq=0 elapsed=0 oled=3C
[   4578] STATUS mode=3 fault=none enc=137 denc=5 sreq=681 sapplied=681 crate=681 uimp=-124805 upos=1495 uneg=1650 ball=-39.12 vball=34.57 aball=11.2 bref=0.00 pid=681.4 pref=-56.7 ppos=-124.8 apid=0.0 integ=-0.0 vision=1 current=1 vframe=926 vs=1 vage=70 vpage=70 vdt=33 vmax=168 vacc=926 vrej=0 seq=0 elapsed=0 oled=3C
[   4608] STATUS mode=3 fault=none enc=154 denc=4 sreq=555 sapplied=555 crate=555 uimp=-112170 upos=1515 uneg=1650 ball=-39.12 vball=34.57 aball=11.2 bref=0.00 pid=555.0 pref=-56.7 ppos=-112.2 apid=0.0 integ=-0.0 vision=1 current=1 vframe=926 vs=1 vage=90 vpage=90 vdt=33 vmax=168 vacc=926 vrej=0 seq=0 elapsed=0 oled=3C
[   4640] STATUS mode=3 fault=none enc=175 denc=2 sreq=248 sapplied=248 crate=248 uimp=-95180 upos=1555 uneg=1650 ball=-37.30 vball=28.56 aball=85.6 bref=0.00 pid=247.6 pref=-70.4 ppos=-95.2 apid=0.0 integ=-0.0 vision=1 current=1 vframe=927 vs=1 vage=22 vpage=22 vdt=108 vmax=168 vacc=927 vrej=0 seq=0 elapsed=0 oled=3C
[   4672] STATUS mode=3 fault=none enc=183 denc=3 sreq=535 sapplied=535 crate=535 uimp=-88915 upos=1575 uneg=1650 ball=-34.62 vball=56.13 aball=85.6 bref=0.00 pid=1257.1 pref=36.8 ppos=-88.9 apid=0.0 integ=-0.0 vision=1 current=1 vframe=928 vs=1 vage=17 vpage=17 vdt=25 vmax=168 vacc=928 vrej=0 seq=0 elapsed=0 oled=3C
[   4687] STATUS mode=3 fault=none enc=201 denc=5 sreq=891 sapplied=891 crate=891 uimp=-75215 upos=1595 uneg=1650 ball=-33.31 vball=48.09 aball=85.6 bref=0.00 pid=891.1 pref=13.9 ppos=-75.2 apid=0.0 integ=-0.0 vision=1 current=1 vframe=929 vs=1 vage=3 vpage=3 vdt=34 vmax=168 vacc=929 vrej=0 seq=0 elapsed=0 oled=3C
[   4717] STATUS mode=3 fault=none enc=239 denc=3 sreq=591 sapplied=591 crate=591 uimp=-45225 upos=1635 uneg=1650 ball=-33.31 vball=48.09 aball=85.6 bref=0.00 pid=591.2 pref=13.9 ppos=-45.2 apid=0.0 integ=-0.0 vision=1 current=1 vframe=929 vs=1 vage=43 vpage=43 vdt=34 vmax=168 vacc=929 vrej=0 seq=0 elapsed=0 oled=3C
[   4750] STATUS mode=3 fault=none enc=253 denc=3 sreq=481 sapplied=481 crate=481 uimp=-34255 upos=1655 uneg=1650 ball=-33.31 vball=48.09 aball=85.6 bref=0.00 pid=481.4 pref=13.9 ppos=-34.3 apid=0.0 integ=-0.0 vision=1 current=1 vframe=929 vs=1 vage=63 vpage=63 vdt=34 vmax=168 vacc=929 vrej=0 seq=0 elapsed=0 oled=3C
[   4765] STATUS mode=3 fault=none enc=264 denc=3 sreq=392 sapplied=392 crate=392 uimp=-25325 upos=1675 uneg=1650 ball=-33.31 vball=48.09 aball=85.6 bref=0.00 pid=392.1 pref=13.9 ppos=-25.3 apid=0.0 integ=-0.0 vision=1 current=1 vframe=929 vs=1 vage=83 vpage=83 vdt=34 vmax=168 vacc=929 vrej=0 seq=0 elapsed=0 oled=3C
[   4797] STATUS mode=3 fault=none enc=275 denc=0 sreq=33 sapplied=33 crate=33 uimp=-15830 upos=1715 uneg=1650 ball=-31.39 vball=38.36 aball=75.5 bref=0.00 pid=33.4 pref=-12.5 ppos=-15.8 apid=0.0 integ=-0.0 vision=1 current=1 vframe=930 vs=1 vage=27 vpage=27 vdt=96 vmax=168 vacc=930 vrej=0 seq=0 elapsed=0 oled=3C
[   4828] STATUS mode=3 fault=none enc=277 denc=2 sreq=230 sapplied=230 crate=230 uimp=-14705 upos=1735 uneg=1650 ball=-29.06 vball=56.63 aball=75.5 bref=0.00 pid=754.8 pref=60.8 ppos=-14.7 apid=0.0 integ=-0.0 vision=1 current=1 vframe=931 vs=1 vage=10 vpage=10 vdt=37 vmax=168 vacc=931 vrej=0 seq=0 elapsed=0 oled=3C
[   4858] STATUS mode=3 fault=none enc=287 denc=3 sreq=630 sapplied=630 crate=630 uimp=-7105 upos=1755 uneg=1650 ball=-29.06 vball=56.63 aball=75.5 bref=0.00 pid=678.8 pref=60.8 ppos=-7.1 apid=0.0 integ=-0.0 vision=1 current=1 vframe=931 vs=1 vage=30 vpage=30 vdt=37 vmax=168 vacc=931 vrej=0 seq=0 elapsed=0 oled=3C
[   4875] STATUS mode=3 fault=none enc=316 denc=3 sreq=452 sapplied=452 crate=452 uimp=15570 upos=1795 uneg=1650 ball=-29.06 vball=56.63 aball=75.5 bref=0.00 pid=452.1 pref=60.8 ppos=15.6 apid=0.0 integ=-0.0 vision=1 current=1 vframe=931 vs=1 vage=70 vpage=70 vdt=37 vmax=168 vacc=931 vrej=0 seq=0 elapsed=0 oled=3C
[   4906] STATUS mode=3 fault=none enc=326 denc=2 sreq=368 sapplied=368 crate=368 uimp=23955 upos=1815 uneg=1650 ball=-29.06 vball=56.63 aball=75.5 bref=0.00 pid=368.2 pref=60.8 ppos=24.0 apid=0.0 integ=-0.0 vision=1 current=1 vframe=931 vs=1 vage=90 vpage=90 vdt=37 vmax=168 vacc=931 vrej=0 seq=0 elapsed=0 oled=3C
[   4937] STATUS mode=3 fault=none enc=335 denc=2 sreq=216 sapplied=216 crate=216 uimp=30785 upos=1835 uneg=1650 ball=-28.61 vball=35.73 aball=33.3 bref=0.00 pid=-413.6 pref=-10.6 ppos=30.8 apid=0.0 integ=-0.0 vision=1 current=1 vframe=932 vs=1 vage=4 vpage=4 vdt=106 vmax=168 vacc=932 vrej=0 seq=0 elapsed=0 oled=3C
[   4953] STATUS mode=3 fault=none enc=331 denc=-2 sreq=-584 sapplied=-584 crate=-584 uimp=25765 upos=1845 uneg=1670 ball=-27.68 vball=7.85 aball=33.3 bref=0.00 pid=-1302.0 pref=-104.4 ppos=25.8 apid=0.0 integ=-0.0 vision=1 current=1 vframe=934 vs=1 vage=18 vpage=18 vdt=19 vmax=168 vacc=934 vrej=0 seq=0 elapsed=0 oled=3C
[   4983] STATUS mode=3 fault=none enc=311 denc=-6 sreq=-984 sapplied=-984 crate=-984 uimp=11085 upos=1845 uneg=1690 ball=-27.60 vball=5.07 aball=33.3 bref=0.00 pid=-1249.3 pref=-113.8 ppos=11.1 apid=0.0 integ=-0.0 vision=1 current=1 vframe=935 vs=1 vage=4 vpage=4 vdt=34 vmax=168 vacc=935 vrej=0 seq=0 elapsed=0 oled=3C
[   5015] STATUS mode=3 fault=none enc=284 denc=-7 sreq=-1034 sapplied=-1034 crate=-1034 uimp=-10430 upos=1845 uneg=1710 ball=-27.60 vball=5.07 aball=33.3 bref=0.00 pid=-1034.1 pref=-113.8 ppos=-10.4 apid=0.0 integ=-0.0 vision=1 current=1 vframe=935 vs=1 vage=24 vpage=24 vdt=34 vmax=168 vacc=935 vrej=0 seq=0 elapsed=0 oled=3C
[   5047] STATUS mode=3 fault=none enc=240 denc=-4 sreq=-686 sapplied=-686 crate=-686 uimp=-45230 upos=1845 uneg=1750 ball=-27.60 vball=5.07 aball=33.3 bref=0.00 pid=-686.1 pref=-113.8 ppos=-45.2 apid=0.0 integ=-0.0 vision=1 current=1 vframe=935 vs=1 vage=64 vpage=64 vdt=34 vmax=168 vacc=935 vrej=0 seq=0 elapsed=0 oled=3C
[   5062] STATUS mode=3 fault=none enc=222 denc=-5 sreq=-559 sapplied=-559 crate=-559 uimp=-57955 upos=1845 uneg=1770 ball=-27.60 vball=5.07 aball=33.3 bref=0.00 pid=-558.9 pref=-113.8 ppos=-58.0 apid=0.0 integ=-0.0 vision=1 current=1 vframe=935 vs=1 vage=84 vpage=84 vdt=34 vmax=168 vacc=935 vrej=0 seq=0 elapsed=0 oled=3C
[   5092] STATUS mode=3 fault=none enc=195 denc=-3 sreq=-665 sapplied=-665 crate=-665 uimp=-80140 upos=1845 uneg=1810 ball=-28.50 vball=-21.82 aball=-75.3 bref=0.00 pid=-1447.6 pref=3.8 ppos=-68.3 apid=-0.0 integ=-13.3 vision=1 current=1 vframe=936 vs=1 vage=7 vpage=7 vdt=97 vmax=168 vacc=936 vrej=0 seq=0 elapsed=0 oled=3C
[   5125] STATUS mode=3 fault=none enc=173 denc=-6 sreq=-1065 sapplied=-1065 crate=-1065 uimp=-96440 upos=1845 uneg=1830 ball=-28.50 vball=-21.82 aball=-75.3 bref=0.00 pid=-1284.6 pref=-224.9 ppos=-96.4 apid=-0.0 integ=-0.0 vision=1 current=1 vframe=937 vs=1 vage=27 vpage=27 vdt=20 vmax=168 vacc=937 vrej=0 seq=0 elapsed=0 oled=3C
[   5156] STATUS mode=3 fault=none enc=145 denc=-8 sreq=-929 sapplied=-929 crate=-929 uimp=-117805 upos=1845 uneg=1850 ball=-28.91 vball=-17.30 aball=-75.3 bref=0.00 pid=-929.1 pref=-210.7 ppos=-117.8 apid=-0.0 integ=-0.0 vision=1 current=1 vframe=938 vs=1 vage=13 vpage=13 vdt=34 vmax=168 vacc=938 vrej=0 seq=0 elapsed=0 oled=3C
[   5187] STATUS mode=3 fault=none enc=106 denc=-4 sreq=-616 sapplied=-616 crate=-616 uimp=-149085 upos=1845 uneg=1890 ball=-28.91 vball=-17.30 aball=-75.3 bref=0.00 pid=-616.3 pref=-210.7 ppos=-149.1 apid=-0.0 integ=-0.0 vision=1 current=1 vframe=938 vs=1 vage=53 vpage=53 vdt=34 vmax=168 vacc=938 vrej=0 seq=0 elapsed=0 oled=3C
[   5203] STATUS mode=3 fault=none enc=91 denc=-4 sreq=-502 sapplied=-502 crate=-502 uimp=-160515 upos=1845 uneg=1910 ball=-28.91 vball=-17.30 aball=-75.3 bref=0.00 pid=-502.0 pref=-210.7 ppos=-160.5 apid=-0.0 integ=-0.0 vision=1 current=1 vframe=938 vs=1 vage=73 vpage=73 vdt=34 vmax=168 vacc=938 vrej=0 seq=0 elapsed=0 oled=3C
[   5233] STATUS mode=3 fault=none enc=80 denc=-3 sreq=-409 sapplied=-409 crate=-409 uimp=-169825 upos=1845 uneg=1930 ball=-28.91 vball=-17.30 aball=-75.3 bref=0.00 pid=-408.9 pref=-210.7 ppos=-169.8 apid=-0.0 integ=-0.0 vision=1 current=1 vframe=938 vs=1 vage=93 vpage=93 vdt=34 vmax=168 vacc=938 vrej=0 seq=0 elapsed=0 oled=3C
[   5265] STATUS mode=3 fault=none enc=66 denc=-1 sreq=-204 sapplied=-204 crate=-204 uimp=-181205 upos=1845 uneg=1970 ball=-29.87 vball=-13.59 aball=-91.1 bref=0.00 pid=-203.7 pref=-201.6 ppos=-181.2 apid=-0.0 integ=-0.0 vision=1 current=1 vframe=939 vs=1 vage=36 vpage=36 vdt=97 vmax=168 vacc=939 vrej=0 seq=0 elapsed=0 oled=3C
[   5297] STATUS mode=3 fault=none enc=55 denc=-4 sreq=-604 sapplied=-604 crate=-604 uimp=-188285 upos=1845 uneg=1990 ball=-31.75 vball=-40.98 aball=-91.1 bref=0.00 pid=-1166.7 pref=-305.0 ppos=-188.3 apid=-0.0 integ=-0.0 vision=1 current=1 vframe=940 vs=1 vage=20 vpage=20 vdt=36 vmax=168 vacc=940 vrej=0 seq=0 elapsed=0 oled=3C
[   5312] STATUS mode=3 fault=none enc=13 denc=-4 sreq=-828 sapplied=-828 crate=-828 uimp=-222160 upos=1845 uneg=2030 ball=-31.75 vball=-40.98 aball=-91.1 bref=0.00 pid=-828.0 pref=-305.0 ppos=-222.2 apid=-0.0 integ=-0.0 vision=1 current=1 vframe=940 vs=1 vage=60 vpage=60 vdt=36 vmax=168 vacc=940 vrej=0 seq=0 elapsed=0 oled=3C
[   5342] STATUS mode=3 fault=none enc=-6 denc=-4 sreq=-674 sapplied=-674 crate=-674 uimp=-237520 upos=1845 uneg=2050 ball=-31.75 vball=-40.98 aball=-91.1 bref=0.00 pid=-674.4 pref=-305.0 ppos=-237.5 apid=-0.0 integ=-0.0 vision=1 current=1 vframe=940 vs=1 vage=80 vpage=80 vdt=36 vmax=168 vacc=940 vrej=0 seq=0 elapsed=0 oled=3C
[   5375] STATUS mode=3 fault=none enc=-23 denc=-4 sreq=-549 sapplied=-549 crate=-549 uimp=-250030 upos=1845 uneg=2070 ball=-31.75 vball=-40.98 aball=-91.1 bref=0.00 pid=-549.3 pref=-305.0 ppos=-250.0 apid=-0.0 integ=-0.0 vision=1 current=1 vframe=940 vs=1 vage=100 vpage=100 vdt=36 vmax=168 vacc=940 vrej=0 seq=0 elapsed=0 oled=3C
[   5406] STATUS mode=3 fault=none enc=-36 denc=-1 sreq=45 sapplied=45 crate=45 uimp=-260935 upos=1845 uneg=2105 ball=-33.20 vball=-25.47 aball=-107.7 bref=0.00 pid=44.6 pref=-256.5 ppos=-260.9 apid=-0.0 integ=-0.0 vision=1 current=1 vframe=942 vs=1 vage=26 vpage=26 vdt=8 vmax=168 vacc=942 vrej=0 seq=0 elapsed=0 oled=3C
[   5437] STATUS mode=3 fault=none enc=-35 denc=1 sreq=240 sapplied=240 crate=240 uimp=-259600 upos=1865 uneg=2105 ball=-32.51 vball=3.79 aball=-107.7 bref=0.00 pid=1022.8 pref=-157.3 ppos=-259.6 apid=-0.0 integ=-6.0 vision=1 current=1 vframe=943 vs=1 vage=9 vpage=9 vdt=37 vmax=168 vacc=943 vrej=0 seq=0 elapsed=0 oled=3C
[   5453] STATUS mode=3 fault=none enc=-8 denc=6 sreq=792 sapplied=792 crate=792 uimp=-236530 upos=1905 uneg=2105 ball=-32.51 vball=3.79 aball=-107.7 bref=0.00 pid=792.1 pref=-157.3 ppos=-236.5 apid=-0.0 integ=-6.0 vision=1 current=1 vframe=943 vs=1 vage=49 vpage=49 vdt=37 vmax=168 vacc=943 vrej=0 seq=0 elapsed=0 oled=3C
[   5483] STATUS mode=3 fault=none enc=11 denc=5 sreq=645 sapplied=645 crate=645 uimp=-221835 upos=1925 uneg=2105 ball=-32.51 vball=3.79 aball=-107.7 bref=0.00 pid=645.2 pref=-157.3 ppos=-221.8 apid=-0.0 integ=-6.0 vision=1 current=1 vframe=943 vs=1 vage=69 vpage=69 vdt=37 vmax=168 vacc=943 vrej=0 seq=0 elapsed=0 oled=3C
[   5515] STATUS mode=3 fault=none enc=25 denc=3 sreq=526 sapplied=526 crate=526 uimp=-209870 upos=1945 uneg=2105 ball=-32.51 vball=3.79 aball=-107.7 bref=0.00 pid=525.5 pref=-157.3 ppos=-209.9 apid=-0.0 integ=-6.0 vision=1 current=1 vframe=943 vs=1 vage=89 vpage=89 vdt=37 vmax=168 vacc=943 vrej=0 seq=0 elapsed=0 oled=3C
[   5531] STATUS mode=3 fault=none enc=45 denc=1 sreq=134 sapplied=134 crate=134 uimp=-194495 upos=1985 uneg=2105 ball=-32.43 vball=1.90 aball=40.1 bref=0.00 pid=133.5 pref=-181.1 ppos=-194.5 apid=0.0 integ=-23.5 vision=1 current=1 vframe=945 vs=1 vage=11 vpage=11 vdt=8 vmax=168 vacc=945 vrej=0 seq=0 elapsed=0 oled=3C
[   5562] STATUS mode=3 fault=none enc=48 denc=1 sreq=109 sapplied=109 crate=109 uimp=-192020 upos=2005 uneg=2105 ball=-32.43 vball=1.90 aball=40.1 bref=0.00 pid=108.8 pref=-181.1 ppos=-192.0 apid=0.0 integ=-23.5 vision=1 current=1 vframe=945 vs=1 vage=31 vpage=31 vdt=8 vmax=168 vacc=945 vrej=0 seq=0 elapsed=0 oled=3C
[   5592] STATUS mode=3 fault=none enc=51 denc=2 sreq=298 sapplied=298 crate=298 uimp=-189480 upos=2025 uneg=2105 ball=-30.76 vball=25.58 aball=40.1 bref=0.00 pid=979.0 pref=-91.6 ppos=-189.5 apid=0.0 integ=-0.0 vision=1 current=1 vframe=946 vs=1 vage=12 vpage=12 vdt=39 vmax=168 vacc=946 vrej=0 seq=0 elapsed=0 oled=3C
[   5625] STATUS mode=3 fault=none enc=84 denc=6 sreq=924 sapplied=924 crate=924 uimp=-163685 upos=2065 uneg=2105 ball=-29.59 vball=30.04 aball=168.2 bref=0.00 pid=923.9 pref=-71.3 ppos=-163.7 apid=0.0 integ=-0.0 vision=1 current=1 vframe=953 vs=1 vage=14 vpage=14 vdt=38 vmax=168 vacc=953 vrej=0 seq=0 elapsed=0 oled=3C
[   5640] STATUS mode=3 fault=none enc=105 denc=5 sreq=753 sapplied=753 crate=753 uimp=-146545 upos=2085 uneg=2105 ball=-29.59 vball=30.04 aball=168.2 bref=0.00 pid=752.5 pref=-71.3 ppos=-146.5 apid=0.0 integ=-0.0 vision=1 current=1 vframe=953 vs=1 vage=34 vpage=34 vdt=38 vmax=168 vacc=953 vrej=0 seq=0 elapsed=0 oled=3C
[   5672] STATUS mode=3 fault=none enc=123 denc=4 sreq=613 sapplied=613 crate=613 uimp=-132585 upos=2105 uneg=2105 ball=-29.59 vball=30.04 aball=168.2 bref=0.00 pid=612.9 pref=-71.3 ppos=-132.6 apid=0.0 integ=-0.0 vision=1 current=1 vframe=953 vs=1 vage=54 vpage=54 vdt=38 vmax=168 vacc=953 vrej=0 seq=0 elapsed=0 oled=3C
[   5703] STATUS mode=3 fault=none enc=150 denc=2 sreq=407 sapplied=407 crate=407 uimp=-111955 upos=2145 uneg=2105 ball=-29.59 vball=30.04 aball=168.2 bref=0.00 pid=406.6 pref=-71.3 ppos=-112.0 apid=0.0 integ=-0.0 vision=1 current=1 vframe=953 vs=1 vage=94 vpage=94 vdt=38 vmax=168 vacc=953 vrej=0 seq=0 elapsed=0 oled=3C
[   5733] STATUS mode=3 fault=none enc=160 denc=2 sreq=331 sapplied=331 crate=331 uimp=-104410 upos=2165 uneg=2105 ball=-29.59 vball=30.04 aball=168.2 bref=0.00 pid=331.2 pref=-71.3 ppos=-104.4 apid=0.0 integ=-0.0 vision=1 current=1 vframe=953 vs=1 vage=114 vpage=114 vdt=38 vmax=168 vacc=953 vrej=0 seq=0 elapsed=0 oled=3C
[   5750] STATUS mode=3 fault=none enc=167 denc=1 sreq=184 sapplied=184 crate=184 uimp=-98265 upos=2185 uneg=2105 ball=-28.20 vball=22.50 aball=66.6 bref=0.00 pid=61.4 pref=-92.1 ppos=-98.3 apid=0.0 integ=-0.0 vision=1 current=1 vframe=954 vs=1 vage=3 vpage=3 vdt=131 vmax=168 vacc=954 vrej=0 seq=0 elapsed=0 oled=3C
[   5781] STATUS mode=3 fault=none enc=174 denc=2 sreq=443 sapplied=443 crate=443 uimp=-92595 upos=2225 uneg=2105 ball=-24.93 vball=90.96 aball=66.6 bref=0.00 pid=2000.0 pref=160.6 ppos=-92.6 apid=0.0 integ=-0.0 vision=1 current=1 vframe=955 vs=1 vage=21 vpage=21 vdt=22 vmax=168 vacc=955 vrej=0 seq=0 elapsed=0 oled=3C
[   5812] STATUS mode=3 fault=none enc=190 denc=5 sreq=843 sapplied=843 crate=843 uimp=-80735 upos=2245 uneg=2105 ball=-23.25 vball=68.64 aball=66.6 bref=0.00 pid=1699.0 pref=89.2 ppos=-80.7 apid=0.0 integ=-0.0 vision=1 current=1 vframe=956 vs=1 vage=6 vpage=6 vdt=35 vmax=168 vacc=956 vrej=0 seq=0 elapsed=0 oled=3C
[   5842] STATUS mode=3 fault=none enc=249 denc=7 sreq=1237 sapplied=1237 crate=1237 uimp=-34575 upos=2285 uneg=2105 ball=-23.25 vball=68.64 aball=66.6 bref=0.00 pid=1500.4 pref=89.2 ppos=-60.9 apid=0.0 integ=-0.0 vision=1 current=1 vframe=956 vs=1 vage=26 vpage=26 vdt=35 vmax=168 vacc=956 vrej=0 seq=0 elapsed=0 oled=3C
[   5858] STATUS mode=3 fault=none enc=278 denc=6 sreq=1008 sapplied=1008 crate=1008 uimp=-11620 upos=2305 uneg=2105 ball=-23.25 vball=68.64 aball=66.6 bref=0.00 pid=1007.9 pref=89.2 ppos=-11.6 apid=0.0 integ=-0.0 vision=1 current=1 vframe=956 vs=1 vage=66 vpage=66 vdt=35 vmax=168 vacc=956 vrej=0 seq=0 elapsed=0 oled=3C
[   5890] STATUS mode=3 fault=none enc=302 denc=6 sreq=821 sapplied=821 crate=821 uimp=7075 upos=2325 uneg=2105 ball=-23.25 vball=68.64 aball=66.6 bref=0.00 pid=820.9 pref=89.2 ppos=7.1 apid=0.0 integ=-0.0 vision=1 current=1 vframe=956 vs=1 vage=86 vpage=86 vdt=35 vmax=168 vacc=956 vrej=0 seq=0 elapsed=0 oled=3C
[   5922] STATUS mode=3 fault=none enc=331 denc=2 sreq=141 sapplied=141 crate=141 uimp=29810 upos=2365 uneg=2105 ball=-21.88 vball=40.12 aball=88.8 bref=0.00 pid=-349.8 pref=-5.2 ppos=29.8 apid=0.0 integ=-0.0 vision=1 current=1 vframe=957 vs=1 vage=31 vpage=31 vdt=95 vmax=168 vacc=957 vrej=0 seq=0 elapsed=0 oled=3C
[   5937] STATUS mode=3 fault=none enc=332 denc=0 sreq=-259 sapplied=-259 crate=-259 uimp=29925 upos=2375 uneg=2110 ball=-21.72 vball=17.48 aball=88.8 bref=0.00 pid=-1137.0 pref=-83.8 ppos=29.9 apid=0.0 integ=-0.0 vision=1 current=1 vframe=958 vs=1 vage=14 vpage=14 vdt=37 vmax=168 vacc=958 vrej=0 seq=0 elapsed=0 oled=3C
[   5967] STATUS mode=3 fault=none enc=322 denc=-4 sreq=-659 sapplied=-659 crate=-659 uimp=21745 upos=2375 uneg=2130 ball=-21.72 vball=17.48 aball=88.8 bref=0.00 pid=-1055.2 pref=-83.8 ppos=21.7 apid=0.0 integ=-0.0 vision=1 current=1 vframe=958 vs=1 vage=34 vpage=34 vdt=37 vmax=168 vacc=958 vrej=0 seq=0 elapsed=0 oled=3C
[   6000] STATUS mode=3 fault=none enc=281 denc=-4 sreq=-728 sapplied=-728 crate=-728 uimp=-10935 upos=2375 uneg=2170 ball=-21.72 vball=17.48 aball=88.8 bref=0.00 pid=-728.4 pref=-83.8 ppos=-10.9 apid=0.0 integ=-0.0 vision=1 current=1 vframe=958 vs=1 vage=74 vpage=74 vdt=37 vmax=168 vacc=958 vrej=0 seq=0 elapsed=0 oled=3C
[   6031] STATUS mode=3 fault=none enc=262 denc=-4 sreq=-593 sapplied=-593 crate=-593 uimp=-24445 upos=2375 uneg=2190 ball=-21.72 vball=17.48 aball=88.8 bref=0.00 pid=-593.3 pref=-83.8 ppos=-24.4 apid=0.0 integ=-0.0 vision=1 current=1 vframe=958 vs=1 vage=94 vpage=94 vdt=37 vmax=168 vacc=958 vrej=0 seq=0 elapsed=0 oled=3C
[   6047] STATUS mode=3 fault=none enc=249 denc=-3 sreq=-483 sapplied=-483 crate=-483 uimp=-35450 upos=2375 uneg=2210 ball=-21.72 vball=17.48 aball=88.8 bref=0.00 pid=-483.2 pref=-83.8 ppos=-35.4 apid=0.0 integ=-0.0 vision=1 current=1 vframe=958 vs=1 vage=114 vpage=114 vdt=37 vmax=168 vacc=958 vrej=0 seq=0 elapsed=0 oled=3C
[   6078] STATUS mode=3 fault=none enc=222 denc=-4 sreq=-517 sapplied=-517 crate=-517 uimp=-55580 upos=2375 uneg=2250 ball=-21.14 vball=10.11 aball=-26.7 bref=0.00 pid=-516.7 pref=-107.2 ppos=-55.6 apid=-0.0 integ=-0.0 vision=1 current=1 vframe=960 vs=1 vage=18 vpage=18 vdt=9 vmax=168 vacc=960 vrej=0 seq=0 elapsed=0 oled=3C
[   6108] STATUS mode=3 fault=none enc=210 denc=-3 sreq=-543 sapplied=-543 crate=-543 uimp=-65165 upos=2375 uneg=2270 ball=-21.59 vball=-2.09 aball=-26.7 bref=0.00 pid=-900.4 pref=-155.2 ppos=-65.2 apid=-0.0 integ=-3.5 vision=1 current=1 vframe=961 vs=1 vage=6 vpage=6 vdt=32 vmax=168 vacc=961 vrej=0 seq=0 elapsed=0 oled=3C
[   6140] STATUS mode=3 fault=none enc=193 denc=-5 sreq=-764 sapplied=-764 crate=-764 uimp=-78830 upos=2375 uneg=2290 ball=-21.59 vball=-2.09 aball=-26.7 bref=0.00 pid=-763.7 pref=-155.2 ppos=-78.8 apid=-0.0 integ=-3.5 vision=1 current=1 vframe=961 vs=1 vage=26 vpage=26 vdt=32 vmax=168 vacc=961 vrej=0 seq=0 elapsed=0 oled=3C
[   6156] STATUS mode=3 fault=none enc=154 denc=-4 sreq=-654 sapplied=-654 crate=-654 uimp=-109520 upos=2375 uneg=2330 ball=-21.99 vball=-7.26 aball=-26.7 bref=0.00 pid=-653.8 pref=-174.9 ppos=-109.5 apid=-0.0 integ=-3.5 vision=1 current=1 vframe=962 vs=1 vage=34 vpage=34 vdt=32 vmax=168 vacc=962 vrej=0 seq=0 elapsed=0 oled=3C
[   6187] STATUS mode=3 fault=none enc=137 denc=-4 sreq=-532 sapplied=-532 crate=-532 uimp=-121650 upos=2375 uneg=2350 ball=-21.99 vball=-7.26 aball=-26.7 bref=0.00 pid=-532.5 pref=-174.9 ppos=-121.6 apid=-0.0 integ=-3.5 vision=1 current=1 vframe=962 vs=1 vage=54 vpage=54 vdt=32 vmax=168 vacc=962 vrej=0 seq=0 elapsed=0 oled=3C
[   6217] STATUS mode=3 fault=none enc=115 denc=-2 sreq=-353 sapplied=-353 crate=-353 uimp=-139575 upos=2375 uneg=2390 ball=-21.99 vball=-7.26 aball=-26.7 bref=0.00 pid=-353.2 pref=-174.9 ppos=-139.6 apid=-0.0 integ=-3.5 vision=1 current=1 vframe=962 vs=1 vage=94 vpage=94 vdt=32 vmax=168 vacc=962 vrej=0 seq=0 elapsed=0 oled=3C
[   6250] STATUS mode=3 fault=none enc=106 denc=-2 sreq=-330 sapplied=-330 crate=-330 uimp=-146585 upos=2375 uneg=2410 ball=-22.71 vball=-7.78 aball=-67.4 bref=0.00 pid=-330.1 pref=-179.6 ppos=-146.6 apid=-0.0 integ=-3.5 vision=1 current=1 vframe=963 vs=1 vage=13 vpage=13 vdt=101 vmax=168 vacc=963 vrej=0 seq=0 elapsed=0 oled=3C
[   6281] STATUS mode=3 fault=none enc=98 denc=-2 sreq=-269 sapplied=-269 crate=-269 uimp=-152710 upos=2375 uneg=2430 ball=-22.71 vball=-7.78 aball=-67.4 bref=0.00 pid=-268.9 pref=-179.6 ppos=-152.7 apid=-0.0 integ=-3.5 vision=1 current=1 vframe=963 vs=1 vage=33 vpage=33 vdt=101 vmax=168 vacc=963 vrej=0 seq=0 elapsed=0 oled=3C
[   6297] STATUS mode=3 fault=none enc=71 denc=-4 sreq=-530 sapplied=-530 crate=-530 uimp=-174390 upos=2375 uneg=2470 ball=-24.37 vball=-18.32 aball=-67.4 bref=0.00 pid=-487.4 pref=-223.1 ppos=-174.4 apid=-0.0 integ=-0.0 vision=1 current=1 vframe=965 vs=1 vage=5 vpage=5 vdt=34 vmax=168 vacc=965 vrej=0 seq=0 elapsed=0 oled=3C
[   6328] STATUS mode=3 fault=none enc=58 denc=-3 sreq=-395 sapplied=-395 crate=-395 uimp=-183615 upos=2375 uneg=2490 ball=-24.37 vball=-18.32 aball=-67.4 bref=0.00 pid=-395.1 pref=-223.1 ppos=-183.6 apid=-0.0 integ=-0.0 vision=1 current=1 vframe=965 vs=1 vage=25 vpage=25 vdt=34 vmax=168 vacc=965 vrej=0 seq=0 elapsed=0 oled=3C
[   6358] STATUS mode=3 fault=none enc=42 denc=-2 sreq=-262 sapplied=-262 crate=-262 uimp=-196915 upos=2375 uneg=2530 ball=-24.37 vball=-18.32 aball=-67.4 bref=0.00 pid=-262.1 pref=-223.1 ppos=-196.9 apid=-0.0 integ=-0.0 vision=1 current=1 vframe=965 vs=1 vage=65 vpage=65 vdt=34 vmax=168 vacc=965 vrej=0 seq=0 elapsed=0 oled=3C
[   6390] STATUS mode=3 fault=none enc=36 denc=-1 sreq=-213 sapplied=-213 crate=-213 uimp=-201780 upos=2375 uneg=2550 ball=-24.37 vball=-18.32 aball=-67.4 bref=0.00 pid=-213.5 pref=-223.1 ppos=-201.8 apid=-0.0 integ=-0.0 vision=1 current=1 vframe=965 vs=1 vage=85 vpage=85 vdt=34 vmax=168 vacc=965 vrej=0 seq=0 elapsed=0 oled=3C
[   6406] STATUS mode=3 fault=none enc=32 denc=0 sreq=0 sapplied=0 crate=7 uimp=-205290 upos=2375 uneg=2570 ball=-24.72 vball=-11.38 aball=-46.9 bref=0.00 pid=50.5 pref=-200.2 ppos=-205.3 apid=-0.0 integ=-0.0 vision=1 current=1 vframe=966 vs=1 vage=9 vpage=9 vdt=96 vmax=168 vacc=966 vrej=0 seq=0 elapsed=0 oled=3C
[   6437] STATUS mode=3 fault=none enc=31 denc=-1 sreq=343 sapplied=343 crate=343 uimp=-202420 upos=2405 uneg=2570 ball=-24.41 vball=2.76 aball=-46.9 bref=0.00 pid=486.4 pref=-153.8 ppos=-202.4 apid=-0.0 integ=-4.3 vision=1 current=1 vframe=967 vs=1 vage=14 vpage=14 vdt=35 vmax=168 vacc=967 vrej=0 seq=0 elapsed=0 oled=3C
[   6467] STATUS mode=3 fault=none enc=42 denc=3 sreq=403 sapplied=403 crate=403 uimp=-194130 upos=2425 uneg=2570 ball=-24.41 vball=2.76 aball=-46.9 bref=0.00 pid=403.5 pref=-153.8 ppos=-194.1 apid=-0.0 integ=-4.3 vision=1 current=1 vframe=967 vs=1 vage=34 vpage=34 vdt=35 vmax=168 vacc=967 vrej=0 seq=0 elapsed=0 oled=3C
[   6500] STATUS mode=3 fault=none enc=50 denc=2 sreq=329 sapplied=329 crate=329 uimp=-186650 upos=2445 uneg=2570 ball=-24.41 vball=2.76 aball=-46.9 bref=0.00 pid=328.7 pref=-153.8 ppos=-186.6 apid=-0.0 integ=-4.3 vision=1 current=1 vframe=967 vs=1 vage=54 vpage=54 vdt=35 vmax=168 vacc=967 vrej=0 seq=0 elapsed=0 oled=3C
[   6515] STATUS mode=3 fault=none enc=65 denc=2 sreq=218 sapplied=218 crate=218 uimp=-175585 upos=2485 uneg=2570 ball=-24.41 vball=2.76 aball=-46.9 bref=0.00 pid=218.0 pref=-153.8 ppos=-175.6 apid=-0.0 integ=-4.3 vision=1 current=1 vframe=967 vs=1 vage=94 vpage=94 vdt=35 vmax=168 vacc=967 vrej=0 seq=0 elapsed=0 oled=3C
[   6547] STATUS mode=3 fault=none enc=70 denc=1 sreq=87 sapplied=87 crate=87 uimp=-171540 upos=2505 uneg=2570 ball=-24.49 vball=0.37 aball=10.4 bref=0.00 pid=-31.7 pref=-174.7 ppos=-171.5 apid=0.0 integ=-16.5 vision=1 current=1 vframe=968 vs=1 vage=3 vpage=3 vdt=111 vmax=168 vacc=968 vrej=0 seq=0 elapsed=0 oled=3C
[   6578] STATUS mode=3 fault=none enc=71 denc=1 sreq=-46 sapplied=-46 crate=-46 uimp=-171345 upos=2510 uneg=2575 ball=-24.49 vball=0.26 aball=10.4 bref=0.00 pid=-46.1 pref=-176.0 ppos=-171.3 apid=0.0 integ=-17.4 vision=1 current=1 vframe=969 vs=1 vage=16 vpage=16 vdt=7 vmax=168 vacc=969 vrej=0 seq=0 elapsed=0 oled=3C
[   6608] STATUS mode=3 fault=none enc=69 denc=-1 sreq=-54 sapplied=-54 crate=-54 uimp=-173430 upos=2510 uneg=2615 ball=-24.47 vball=0.53 aball=10.4 bref=0.00 pid=-54.1 pref=-178.8 ppos=-173.4 apid=0.0 integ=-21.3 vision=1 current=1 vframe=970 vs=1 vage=24 vpage=24 vdt=32 vmax=168 vacc=970 vrej=0 seq=0 elapsed=0 oled=3C
[   6625] STATUS mode=3 fault=none enc=67 denc=-2 sreq=151 sapplied=151 crate=151 uimp=-174200 upos=2510 uneg=2630 ball=-24.01 vball=6.70 aball=10.4 bref=0.00 pid=187.9 pref=-155.4 ppos=-174.2 apid=0.0 integ=-21.3 vision=1 current=1 vframe=971 vs=1 vage=10 vpage=10 vdt=34 vmax=168 vacc=971 vrej=0 seq=0 elapsed=0 oled=3C
[   6656] STATUS mode=3 fault=none enc=75 denc=1 sreq=126 sapplied=126 crate=126 uimp=-168000 upos=2550 uneg=2630 ball=-24.01 vball=6.70 aball=10.4 bref=0.00 pid=125.9 pref=-155.4 ppos=-168.0 apid=0.0 integ=-21.3 vision=1 current=1 vframe=971 vs=1 vage=50 vpage=50 vdt=34 vmax=168 vacc=971 vrej=0 seq=0 elapsed=0 oled=3C
[   6687] STATUS mode=3 fault=none enc=78 denc=1 sreq=103 sapplied=103 crate=103 uimp=-165660 upos=2570 uneg=2630 ball=-24.01 vball=6.70 aball=10.4 bref=0.00 pid=102.5 pref=-155.4 ppos=-165.7 apid=0.0 integ=-21.3 vision=1 current=1 vframe=971 vs=1 vage=70 vpage=70 vdt=34 vmax=168 vacc=971 vrej=0 seq=0 elapsed=0 oled=3C
[   6717] STATUS mode=3 fault=none enc=80 denc=1 sreq=83 sapplied=83 crate=83 uimp=-163755 upos=2590 uneg=2630 ball=-24.01 vball=6.70 aball=10.4 bref=0.00 pid=83.5 pref=-155.4 ppos=-163.8 apid=0.0 integ=-21.3 vision=1 current=1 vframe=971 vs=1 vage=90 vpage=90 vdt=34 vmax=168 vacc=971 vrej=0 seq=0 elapsed=0 oled=3C
[   6733] STATUS mode=3 fault=none enc=85 denc=2 sreq=163 sapplied=163 crate=163 uimp=-159265 upos=2630 uneg=2630 ball=-23.20 vball=9.33 aball=28.0 bref=0.00 pid=163.0 pref=-143.0 ppos=-159.3 apid=0.0 integ=-21.3 vision=1 current=1 vframe=972 vs=1 vage=22 vpage=22 vdt=108 vmax=168 vacc=972 vrej=0 seq=0 elapsed=0 oled=3C
[   6765] STATUS mode=3 fault=none enc=91 denc=4 sreq=455 sapplied=455 crate=455 uimp=-154625 upos=2650 uneg=2630 ball=-22.06 vball=27.51 aball=28.0 bref=0.00 pid=798.5 pref=-74.8 ppos=-154.6 apid=0.0 integ=-0.0 vision=1 current=1 vframe=973 vs=1 vage=17 vpage=17 vdt=25 vmax=168 vacc=973 vrej=0 seq=0 elapsed=0 oled=3C
[   6797] STATUS mode=3 fault=none enc=106 denc=5 sreq=615 sapplied=615 crate=615 uimp=-142725 upos=2670 uneg=2630 ball=-21.66 vball=19.83 aball=28.0 bref=0.00 pid=426.7 pref=-100.1 ppos=-142.7 apid=0.0 integ=-0.0 vision=1 current=1 vframe=974 vs=1 vage=4 vpage=4 vdt=33 vmax=168 vacc=974 vrej=0 seq=0 elapsed=0 oled=3C
[   6812] STATUS mode=3 fault=none enc=125 denc=1 sreq=270 sapplied=270 crate=270 uimp=-127095 upos=2710 uneg=2630 ball=-21.66 vball=19.83 aball=28.0 bref=0.00 pid=270.4 pref=-100.1 ppos=-127.1 apid=0.0 integ=-0.0 vision=1 current=1 vframe=974 vs=1 vage=44 vpage=44 vdt=33 vmax=168 vacc=974 vrej=0 seq=0 elapsed=0 oled=3C
[   6842] STATUS mode=3 fault=none enc=131 denc=1 sreq=220 sapplied=220 crate=220 uimp=-122080 upos=2730 uneg=2630 ball=-21.66 vball=19.83 aball=28.0 bref=0.00 pid=220.3 pref=-100.1 ppos=-122.1 apid=0.0 integ=-0.0 vision=1 current=1 vframe=974 vs=1 vage=64 vpage=64 vdt=33 vmax=168 vacc=974 vrej=0 seq=0 elapsed=0 oled=3C
[   6875] STATUS mode=3 fault=none enc=136 denc=1 sreq=179 sapplied=179 crate=179 uimp=-117995 upos=2750 uneg=2630 ball=-21.66 vball=19.83 aball=28.0 bref=0.00 pid=179.4 pref=-100.1 ppos=-118.0 apid=0.0 integ=-0.0 vision=1 current=1 vframe=974 vs=1 vage=84 vpage=84 vdt=33 vmax=168 vacc=974 vrej=0 seq=0 elapsed=0 oled=3C
[   6906] STATUS mode=3 fault=none enc=145 denc=2 sreq=127 sapplied=127 crate=127 uimp=-111825 upos=2790 uneg=2630 ball=-20.43 vball=18.69 aball=41.6 bref=0.00 pid=127.0 pref=-99.1 ppos=-111.8 apid=0.0 integ=-0.0 vision=1 current=1 vframe=975 vs=1 vage=21 vpage=21 vdt=103 vmax=168 vacc=975 vrej=0 seq=0 elapsed=0 oled=3C
[   6922] STATUS mode=3 fault=none enc=148 denc=0 sreq=233 sapplied=233 crate=233 uimp=-108935 upos=2810 uneg=2630 ball=-19.68 vball=21.69 aball=41.6 bref=0.00 pid=233.1 pref=-85.6 ppos=-108.9 apid=0.0 integ=-0.0 vision=1 current=1 vframe=976 vs=1 vage=10 vpage=10 vdt=31 vmax=168 vacc=976 vrej=0 seq=0 elapsed=0 oled=3C
[   6953] STATUS mode=3 fault=none enc=154 denc=1 sreq=190 sapplied=190 crate=190 uimp=-104615 upos=2830 uneg=2630 ball=-19.68 vball=21.69 aball=41.6 bref=0.00 pid=189.9 pref=-85.6 ppos=-104.6 apid=0.0 integ=-0.0 vision=1 current=1 vframe=976 vs=1 vage=30 vpage=30 vdt=31 vmax=168 vacc=976 vrej=0 seq=0 elapsed=0 oled=3C
[   6983] STATUS mode=3 fault=none enc=163 denc=1 sreq=137 sapplied=137 crate=137 uimp=-97830 upos=2870 uneg=2630 ball=-18.92 vball=21.24 aball=41.6 bref=0.00 pid=136.7 pref=-84.2 ppos=-97.8 apid=0.0 integ=-0.0 vision=1 current=1 vframe=977 vs=1 vage=37 vpage=37 vdt=33 vmax=168 vacc=977 vrej=0 seq=0 elapsed=0 oled=3C
[   7015] STATUS mode=3 fault=none enc=166 denc=0 sreq=111 sapplied=111 crate=111 uimp=-95295 upos=2890 uneg=2630 ball=-18.92 vball=21.24 aball=41.6 bref=0.00 pid=111.4 pref=-84.2 ppos=-95.3 apid=0.0 integ=-0.0 vision=1 current=1 vframe=977 vs=1 vage=57 vpage=57 vdt=33 vmax=168 vacc=977 vrej=0 seq=0 elapsed=0 oled=3C
[   7031] STATUS mode=3 fault=none enc=168 denc=0 sreq=91 sapplied=91 crate=91 uimp=-93230 upos=2910 uneg=2630 ball=-18.92 vball=21.24 aball=41.6 bref=0.00 pid=90.7 pref=-84.2 ppos=-93.2 apid=0.0 integ=-0.0 vision=1 current=1 vframe=977 vs=1 vage=77 vpage=77 vdt=33 vmax=168 vacc=977 vrej=0 seq=0 elapsed=0 oled=3C
[   7062] STATUS mode=3 fault=none enc=173 denc=0 sreq=-126 sapplied=-126 crate=-126 uimp=-91475 upos=2940 uneg=2635 ball=-18.07 vball=14.58 aball=11.9 bref=0.00 pid=-125.9 pref=-104.1 ppos=-91.5 apid=0.0 integ=-0.0 vision=1 current=1 vframe=978 vs=1 vage=13 vpage=13 vdt=104 vmax=168 vacc=978 vrej=0 seq=0 elapsed=0 oled=3C
[   7092] STATUS mode=3 fault=none enc=170 denc=-1 sreq=0 sapplied=0 crate=-8 uimp=-93815 upos=2940 uneg=2655 ball=-17.19 vball=22.45 aball=11.9 bref=0.00 pid=208.1 pref=-73.0 ppos=-93.8 apid=0.0 integ=-0.0 vision=1 current=1 vframe=979 vs=1 vage=4 vpage=4 vdt=29 vmax=168 vacc=979 vrej=0 seq=0 elapsed=0 oled=3C
[   7108] STATUS mode=3 fault=none enc=170 denc=1 sreq=189 sapplied=189 crate=189 uimp=-91860 upos=2950 uneg=2655 ball=-17.19 vball=22.45 aball=11.9 bref=0.00 pid=188.6 pref=-73.0 ppos=-91.9 apid=0.0 integ=-0.0 vision=1 current=1 vframe=979 vs=1 vage=24 vpage=24 vdt=29 vmax=168 vacc=979 vrej=0 seq=0 elapsed=0 oled=3C
[   7140] STATUS mode=3 fault=none enc=173 denc=-2 sreq=-148 sapplied=-148 crate=-148 uimp=-91060 upos=2970 uneg=2670 ball=-17.09 vball=12.96 aball=11.9 bref=0.00 pid=-147.6 pref=-105.8 ppos=-91.1 apid=0.0 integ=-0.0 vision=1 current=1 vframe=980 vs=1 vage=31 vpage=31 vdt=33 vmax=168 vacc=980 vrej=0 seq=0 elapsed=0 oled=3C
[   7172] STATUS mode=3 fault=none enc=170 denc=0 sreq=-120 sapplied=-120 crate=-120 uimp=-93800 upos=2970 uneg=2690 ball=-17.09 vball=12.96 aball=11.9 bref=0.00 pid=-120.2 pref=-105.8 ppos=-93.8 apid=0.0 integ=-0.0 vision=1 current=1 vframe=980 vs=1 vage=51 vpage=51 vdt=33 vmax=168 vacc=980 vrej=0 seq=0 elapsed=0 oled=3C
[   7203] STATUS mode=3 fault=none enc=166 denc=0 sreq=-80 sapplied=-80 crate=-80 uimp=-97840 upos=2970 uneg=2730 ball=-17.09 vball=12.96 aball=11.9 bref=0.00 pid=-79.8 pref=-105.8 ppos=-97.8 apid=0.0 integ=-0.0 vision=1 current=1 vframe=980 vs=1 vage=91 vpage=91 vdt=33 vmax=168 vacc=980 vrej=0 seq=0 elapsed=0 oled=3C
[   7217] STATUS mode=3 fault=none enc=163 denc=-1 sreq=-65 sapplied=-65 crate=-65 uimp=-99320 upos=2970 uneg=2750 ball=-17.09 vball=12.96 aball=11.9 bref=0.00 pid=-65.0 pref=-105.8 ppos=-99.3 apid=0.0 integ=-0.0 vision=1 current=1 vframe=980 vs=1 vage=111 vpage=111 vdt=33 vmax=168 vacc=980 vrej=0 seq=0 elapsed=0 oled=3C
[   7250] STATUS mode=3 fault=none enc=160 denc=-2 sreq=-176 sapplied=-176 crate=-176 uimp=-102375 upos=2970 uneg=2770 ball=-16.51 vball=8.24 aball=-10.0 bref=0.00 pid=-176.4 pref=-120.0 ppos=-102.4 apid=-0.0 integ=-0.0 vision=1 current=1 vframe=981 vs=1 vage=20 vpage=20 vdt=111 vmax=168 vacc=981 vrej=0 seq=0 elapsed=0 oled=3C
[   7281] STATUS mode=3 fault=none enc=145 denc=-3 sreq=-280 sapplied=-280 crate=-280 uimp=-113680 upos=2970 uneg=2810 ball=-16.43 vball=3.26 aball=-10.0 bref=0.00 pid=-279.8 pref=-141.7 ppos=-113.7 apid=-0.0 integ=-4.5 vision=1 current=1 vframe=983 vs=1 vage=5 vpage=5 vdt=33 vmax=168 vacc=983 vrej=0 seq=0 elapsed=0 oled=3C
[   7312] STATUS mode=3 fault=none enc=138 denc=-1 sreq=-228 sapplied=-228 crate=-228 uimp=-118870 upos=2970 uneg=2830 ball=-16.43 vball=3.26 aball=-10.0 bref=0.00 pid=-227.9 pref=-141.7 ppos=-118.9 apid=-0.0 integ=-4.5 vision=1 current=1 vframe=983 vs=1 vage=25 vpage=25 vdt=33 vmax=168 vacc=983 vrej=0 seq=0 elapsed=0 oled=3C
[   7342] STATUS mode=3 fault=none enc=133 denc=-1 sreq=-186 sapplied=-186 crate=-186 uimp=-123095 upos=2970 uneg=2850 ball=-16.43 vball=3.26 aball=-10.0 bref=0.00 pid=-185.6 pref=-141.7 ppos=-123.1 apid=-0.0 integ=-4.5 vision=1 current=1 vframe=983 vs=1 vage=45 vpage=45 vdt=33 vmax=168 vacc=983 vrej=0 seq=0 elapsed=0 oled=3C
[   7358] STATUS mode=3 fault=none enc=126 denc=-1 sreq=-123 sapplied=-123 crate=-123 uimp=-129345 upos=2970 uneg=2890 ball=-16.43 vball=3.26 aball=-10.0 bref=0.00 pid=-123.1 pref=-141.7 ppos=-129.3 apid=-0.0 integ=-4.5 vision=1 current=1 vframe=983 vs=1 vage=85 vpage=85 vdt=33 vmax=168 vacc=983 vrej=0 seq=0 elapsed=0 oled=3C
[   7390] STATUS mode=3 fault=none enc=123 denc=0 sreq=-100 sapplied=-100 crate=-100 uimp=-131630 upos=2970 uneg=2910 ball=-16.41 vball=1.68 aball=-10.0 bref=0.00 pid=-100.3 pref=-141.7 ppos=-131.6 apid=-0.0 integ=-4.5 vision=1 current=1 vframe=984 vs=1 vage=2 vpage=2 vdt=103 vmax=168 vacc=984 vrej=0 seq=0 elapsed=0 oled=3C
[   7422] STATUS mode=3 fault=none enc=113 denc=-2 sreq=-210 sapplied=-210 crate=-210 uimp=-139255 upos=2970 uneg=2950 ball=-16.40 vball=1.05 aball=-24.2 bref=0.00 pid=-210.1 pref=-160.3 ppos=-139.3 apid=-0.0 integ=-15.5 vision=1 current=1 vframe=985 vs=1 vage=8 vpage=8 vdt=34 vmax=168 vacc=985 vrej=0 seq=0 elapsed=0 oled=3C
[   7453] STATUS mode=3 fault=none enc=109 denc=-1 sreq=-171 sapplied=-171 crate=-171 uimp=-143155 upos=2970 uneg=2970 ball=-16.40 vball=1.05 aball=-24.2 bref=0.00 pid=-171.1 pref=-160.3 ppos=-143.2 apid=-0.0 integ=-15.5 vision=1 current=1 vframe=985 vs=1 vage=28 vpage=28 vdt=34 vmax=168 vacc=985 vrej=0 seq=0 elapsed=0 oled=3C
[   7467] STATUS mode=3 fault=none enc=104 denc=-1 sreq=-169 sapplied=-169 crate=-169 uimp=-146655 upos=2970 uneg=2990 ball=-16.38 vball=0.83 aball=-24.2 bref=0.00 pid=-169.2 pref=-163.6 ppos=-146.7 apid=-0.0 integ=-18.1 vision=1 current=1 vframe=986 vs=1 vage=16 vpage=16 vdt=32 vmax=168 vacc=986 vrej=0 seq=0 elapsed=0 oled=3C
[   7500] STATUS mode=3 fault=none enc=97 denc=-1 sreq=-112 sapplied=-112 crate=-112 uimp=-152350 upos=2970 uneg=3030 ball=-16.38 vball=0.83 aball=-24.2 bref=0.00 pid=-112.3 pref=-163.6 ppos=-152.3 apid=-0.0 integ=-18.1 vision=1 current=1 vframe=986 vs=1 vage=56 vpage=56 vdt=32 vmax=168 vacc=986 vrej=0 seq=0 elapsed=0 oled=3C
[   7531] STATUS mode=3 fault=none enc=94 denc=-1 sreq=-91 sapplied=-91 crate=-91 uimp=-154430 upos=2970 uneg=3050 ball=-16.38 vball=0.83 aball=-24.2 bref=0.00 pid=-91.5 pref=-163.6 ppos=-154.4 apid=-0.0 integ=-18.1 vision=1 current=1 vframe=986 vs=1 vage=76 vpage=76 vdt=32 vmax=168 vacc=986 vrej=0 seq=0 elapsed=0 oled=3C
[   7562] STATUS mode=3 fault=none enc=90 denc=-1 sreq=-155 sapplied=-155 crate=-155 uimp=-157510 upos=2970 uneg=3090 ball=-16.37 vball=0.47 aball=.2 bref=0.00 pid=-74.5 pref=-163.6 ppos=-156.1 apid=-0.0 integ=-18.1 vision=1 current=1 vframe=986 vs=1 vage=96 vpage=96 vdt=32 vmax=168 vacc=986 vrej=0 seq=0 elapsed=0 oled=3C
[   7578] STATUS mode=3 fault=none enc=88 denc=-1 sreq=-33 sapplied=-33 crate=-33 uimp=-160385 upos=2970 uneg=3110 ball=-16.08 vball=6.64 aball=-16.4 bref=0.00 pid=101.6 pref=-150.2 ppos=-160.4 apid=-0.0 integ=-26.3 vision=1 current=1 vframe=988 vs=1 vage=3 vpage=3 vdt=22 vmax=168 vacc=988 vrej=0 seq=0 elapsed=0 oled=3C
[   7608] STATUS mode=3 fault=none enc=87 denc=0 sreq=93 sapplied=93 crate=93 uimp=-159545 upos=2980 uneg=3115 ball=-16.08 vball=6.64 aball=-16.4 bref=0.00 pid=93.2 pref=-150.2 ppos=-159.5 apid=-0.0 integ=-26.3 vision=1 current=1 vframe=988 vs=1 vage=23 vpage=23 vdt=22 vmax=168 vacc=988 vrej=0 seq=0 elapsed=0 oled=3C
[   7640] STATUS mode=3 fault=none enc=89 denc=0 sreq=20 sapplied=20 crate=20 uimp=-157625 upos=3020 uneg=3115 ball=-15.97 vball=4.98 aball=-16.4 bref=0.00 pid=20.3 pref=-155.6 ppos=-157.6 apid=-0.0 integ=-26.3 vision=1 current=1 vframe=989 vs=1 vage=30 vpage=30 vdt=33 vmax=168 vacc=989 vrej=0 seq=0 elapsed=0 oled=3C
[   7672] STATUS mode=3 fault=none enc=90 denc=0 sreq=0 sapplied=0 crate=19 uimp=-157525 upos=3025 uneg=3115 ball=-15.97 vball=4.98 aball=-16.4 bref=0.00 pid=19.3 pref=-155.6 ppos=-157.5 apid=-0.0 integ=-26.3 vision=1 current=1 vframe=989 vs=1 vage=50 vpage=50 vdt=33 vmax=168 vacc=989 vrej=0 seq=0 elapsed=0 oled=3C
[   7687] STATUS mode=3 fault=none enc=90 denc=0 sreq=0 sapplied=0 crate=19 uimp=-157525 upos=3025 uneg=3115 ball=-15.97 vball=4.98 aball=-16.4 bref=0.00 pid=19.3 pref=-155.6 ppos=-157.5 apid=-0.0 integ=-26.3 vision=1 current=1 vframe=989 vs=1 vage=70 vpage=70 vdt=33 vmax=168 vacc=989 vrej=0 seq=0 elapsed=0 oled=3C
[   7717] STATUS mode=3 fault=none enc=90 denc=0 sreq=-137 sapplied=-137 crate=-137 uimp=-157525 upos=3025 uneg=3115 ball=-15.91 vball=2.73 aball=-2.5 bref=0.00 pid=-136.6 pref=-171.2 ppos=-157.5 apid=-0.0 integ=-34.3 vision=1 current=1 vframe=990 vs=1 vage=8 vpage=8 vdt=102 vmax=168 vacc=990 vrej=0 seq=0 elapsed=0 oled=3C
[   7750] STATUS mode=3 fault=none enc=88 denc=-2 sreq=-111 sapplied=-111 crate=-111 uimp=-160060 upos=3025 uneg=3135 ball=-15.91 vball=2.73 aball=-2.5 bref=0.00 pid=-111.3 pref=-171.2 ppos=-160.1 apid=-0.0 integ=-34.3 vision=1 current=1 vframe=990 vs=1 vage=28 vpage=28 vdt=102 vmax=168 vacc=990 vrej=0 seq=0 elapsed=0 oled=3C
[   7781] STATUS mode=3 fault=none enc=86 denc=-1 sreq=-128 sapplied=-128 crate=-128 uimp=-162530 upos=3025 uneg=3155 ball=-15.86 vball=2.22 aball=-2.5 bref=0.00 pid=-127.8 pref=-175.3 ppos=-162.5 apid=-0.0 integ=-36.8 vision=1 current=1 vframe=991 vs=1 vage=16 vpage=16 vdt=32 vmax=168 vacc=991 vrej=0 seq=0 elapsed=0 oled=3C
[   7797] STATUS mode=3 fault=none enc=79 denc=0 sreq=-137 sapplied=-137 crate=-137 uimp=-168030 upos=3025 uneg=3195 ball=-15.86 vball=1.12 aball=-2.5 bref=0.00 pid=-137.5 pref=-181.8 ppos=-168.0 apid=-0.0 integ=-39.4 vision=1 current=1 vframe=992 vs=1 vage=23 vpage=23 vdt=33 vmax=168 vacc=992 vrej=0 seq=0 elapsed=0 oled=3C
[   7828] STATUS mode=3 fault=none enc=76 denc=0 sreq=-112 sapplied=-112 crate=-112 uimp=-170580 upos=3025 uneg=3215 ball=-15.86 vball=1.12 aball=-2.5 bref=0.00 pid=-112.0 pref=-181.8 ppos=-170.6 apid=-0.0 integ=-39.4 vision=1 current=1 vframe=992 vs=1 vage=43 vpage=43 vdt=33 vmax=168 vacc=992 vrej=0 seq=0 elapsed=0 oled=3C
[   7858] STATUS mode=3 fault=none enc=73 denc=0 sreq=-91 sapplied=-91 crate=-91 uimp=-172655 upos=3025 uneg=3235 ball=-15.86 vball=1.12 aball=-2.5 bref=0.00 pid=-91.2 pref=-181.8 ppos=-172.7 apid=-0.0 integ=-39.4 vision=1 current=1 vframe=992 vs=1 vage=63 vpage=63 vdt=33 vmax=168 vacc=992 vrej=0 seq=0 elapsed=0 oled=3C
[   7890] STATUS mode=3 fault=none enc=69 denc=0 sreq=-61 sapplied=-61 crate=-61 uimp=-175725 upos=3025 uneg=3275 ball=-15.86 vball=1.12 aball=-2.5 bref=0.00 pid=-60.5 pref=-181.8 ppos=-175.7 apid=-0.0 integ=-39.4 vision=1 current=1 vframe=992 vs=1 vage=103 vpage=103 vdt=33 vmax=168 vacc=992 vrej=0 seq=0 elapsed=0 oled=3C
[   7906] STATUS mode=3 fault=none enc=67 denc=-1 sreq=-133 sapplied=-133 crate=-133 uimp=-178240 upos=3025 uneg=3295 ball=-15.85 vball=0.59 aball=-7.1 bref=0.00 pid=-132.8 pref=-191.5 ppos=-178.2 apid=-0.0 integ=-47.4 vision=1 current=1 vframe=993 vs=1 vage=20 vpage=20 vdt=103 vmax=168 vacc=993 vrej=0 seq=0 elapsed=0 oled=3C
[   7937] STATUS mode=3 fault=none enc=63 denc=0 sreq=0 sapplied=0 crate=-19 uimp=-180235 upos=3025 uneg=3315 ball=-15.64 vball=3.71 aball=-7.1 bref=0.00 pid=-19.5 pref=-182.2 ppos=-180.2 apid=-0.0 integ=-49.8 vision=1 current=1 vframe=994 vs=1 vage=29 vpage=29 vdt=31 vmax=168 vacc=994 vrej=0 seq=0 elapsed=0 oled=3C
[   7967] STATUS mode=3 fault=none enc=63 denc=0 sreq=-32 sapplied=-32 crate=-32 uimp=-180575 upos=3025 uneg=3325 ball=-15.51 vball=3.85 aball=-7.1 bref=0.00 pid=-31.5 pref=-183.7 ppos=-180.6 apid=-0.0 integ=-52.3 vision=1 current=1 vframe=995 vs=1 vage=16 vpage=16 vdt=33 vmax=168 vacc=995 vrej=0 seq=0 elapsed=0 oled=3C
[   8000] STATUS mode=3 fault=none enc=63 denc=0 sreq=-26 sapplied=-26 crate=-26 uimp=-181160 upos=3025 uneg=3345 ball=-15.51 vball=3.85 aball=-7.1 bref=0.00 pid=-25.7 pref=-183.7 ppos=-181.2 apid=-0.0 integ=-52.3 vision=1 current=1 vframe=995 vs=1 vage=36 vpage=36 vdt=33 vmax=168 vacc=995 vrej=0 seq=0 elapsed=0 oled=3C
[   8015] STATUS mode=3 fault=none enc=62 denc=0 sreq=0 sapplied=0 crate=-19 uimp=-181840 upos=3025 uneg=3375 ball=-15.51 vball=3.85 aball=-7.1 bref=0.00 pid=-18.9 pref=-183.7 ppos=-181.8 apid=-0.0 integ=-52.3 vision=1 current=1 vframe=995 vs=1 vage=76 vpage=76 vdt=33 vmax=168 vacc=995 vrej=0 seq=0 elapsed=0 oled=3C
[   8047] STATUS mode=3 fault=none enc=62 denc=0 sreq=0 sapplied=0 crate=-19 uimp=-181840 upos=3025 uneg=3375 ball=-15.51 vball=3.85 aball=-7.1 bref=0.00 pid=-18.9 pref=-183.7 ppos=-181.8 apid=-0.0 integ=-52.3 vision=1 current=1 vframe=995 vs=1 vage=96 vpage=96 vdt=33 vmax=168 vacc=995 vrej=0 seq=0 elapsed=0 oled=3C
[   8078] STATUS mode=3 fault=none enc=62 denc=0 sreq=-118 sapplied=-118 crate=-118 uimp=-182435 upos=3025 uneg=3380 ball=-15.40 vball=2.91 aball=2.2 bref=0.00 pid=-118.4 pref=-194.3 ppos=-182.4 apid=0.0 integ=-60.0 vision=1 current=1 vframe=996 vs=1 vage=9 vpage=9 vdt=107 vmax=168 vacc=996 vrej=0 seq=0 elapsed=0 oled=3C
[   8092] STATUS mode=3 fault=none enc=55 denc=-1 sreq=-180 sapplied=-180 crate=-180 uimp=-188035 upos=3025 uneg=3420 ball=-15.47 vball=0.24 aball=2.2 bref=0.00 pid=-179.6 pref=-206.0 ppos=-188.0 apid=0.0 integ=-62.1 vision=1 current=1 vframe=997 vs=1 vage=22 vpage=22 vdt=27 vmax=168 vacc=997 vrej=0 seq=0 elapsed=0 oled=3C
[   8125] STATUS mode=3 fault=none enc=51 denc=-1 sreq=-182 sapplied=-182 crate=-182 uimp=-191560 upos=3025 uneg=3440 ball=-15.48 vball=-0.10 aball=2.2 bref=0.00 pid=-182.2 pref=-209.8 ppos=-191.6 apid=0.0 integ=-64.7 vision=1 current=1 vframe=998 vs=1 vage=9 vpage=9 vdt=33 vmax=168 vacc=998 vrej=0 seq=0 elapsed=0 oled=3C
[   8156] STATUS mode=3 fault=none enc=47 denc=0 sreq=-148 sapplied=-148 crate=-148 uimp=-194935 upos=3025 uneg=3460 ball=-15.48 vball=-0.10 aball=2.2 bref=0.00 pid=-148.4 pref=-209.8 ppos=-194.9 apid=0.0 integ=-64.7 vision=1 current=1 vframe=998 vs=1 vage=29 vpage=29 vdt=33 vmax=168 vacc=998 vrej=0 seq=0 elapsed=0 oled=3C
[   8187] STATUS mode=3 fault=none enc=41 denc=0 sreq=-98 sapplied=-98 crate=-98 uimp=-199930 upos=3025 uneg=3500 ball=-15.48 vball=-0.10 aball=2.2 bref=0.00 pid=-98.5 pref=-209.8 ppos=-199.9 apid=0.0 integ=-64.7 vision=1 current=1 vframe=998 vs=1 vage=69 vpage=69 vdt=33 vmax=168 vacc=998 vrej=0 seq=0 elapsed=0 oled=3C
[   8217] STATUS mode=3 fault=none enc=38 denc=-1 sreq=-80 sapplied=-80 crate=-80 uimp=-201755 upos=3025 uneg=3520 ball=-15.48 vball=-0.10 aball=2.2 bref=0.00 pid=-80.2 pref=-209.8 ppos=-201.8 apid=0.0 integ=-64.7 vision=1 current=1 vframe=998 vs=1 vage=89 vpage=89 vdt=33 vmax=168 vacc=998 vrej=0 seq=0 elapsed=0 oled=3C
[   8233] STATUS mode=3 fault=none enc=32 denc=-2 sreq=-122 sapplied=-122 crate=-122 uimp=-206450 upos=3025 uneg=3560 ball=-15.52 vball=-0.36 aball=-8.0 bref=0.00 pid=-121.6 pref=-218.6 ppos=-206.4 apid=-0.0 integ=-72.4 vision=1 current=1 vframe=999 vs=1 vage=29 vpage=29 vdt=100 vmax=168 vacc=999 vrej=0 seq=0 elapsed=0 oled=3C
[   8265] STATUS mode=3 fault=none enc=29 denc=0 sreq=-134 sapplied=-134 crate=-134 uimp=-209285 upos=3025 uneg=3580 ball=-15.56 vball=-0.79 aball=-8.0 bref=0.00 pid=-134.0 pref=-222.7 ppos=-209.3 apid=-0.0 integ=-74.9 vision=1 current=1 vframe=1000 vs=1 vage=18 vpage=18 vdt=31 vmax=168 vacc=1000 vrej=0 seq=0 elapsed=0 oled=3C
[   8297] STATUS mode=3 fault=none enc=26 denc=-1 sreq=-86 sapplied=-86 crate=-86 uimp=-211770 upos=3025 uneg=3600 ball=-15.50 vball=0.56 aball=-8.0 bref=0.00 pid=-85.8 pref=-220.4 ppos=-211.8 apid=-0.0 integ=-77.5 vision=1 current=1 vframe=1001 vs=1 vage=4 vpage=4 vdt=34 vmax=168 vacc=1001 vrej=0 seq=0 elapsed=0 oled=3C
[   8328] STATUS mode=3 fault=none enc=22 denc=-1 sreq=-57 sapplied=-57 crate=-57 uimp=-214660 upos=3025 uneg=3640 ball=-15.50 vball=0.56 aball=-8.0 bref=0.00 pid=-56.9 pref=-220.4 ppos=-214.7 apid=-0.0 integ=-77.5 vision=1 current=1 vframe=1001 vs=1 vage=44 vpage=44 vdt=34 vmax=168 vacc=1001 vrej=0 seq=0 elapsed=0 oled=3C
[   8342] STATUS mode=3 fault=none enc=21 denc=-1 sreq=-46 sapplied=-46 crate=-46 uimp=-215715 upos=3025 uneg=3660 ball=-15.50 vball=0.56 aball=-8.0 bref=0.00 pid=-46.4 pref=-220.4 ppos=-215.7 apid=-0.0 integ=-77.5 vision=1 current=1 vframe=1001 vs=1 vage=64 vpage=64 vdt=34 vmax=168 vacc=1001 vrej=0 seq=0 elapsed=0 oled=3C
[   8375] STATUS mode=3 fault=none enc=20 denc=0 sreq=-38 sapplied=-38 crate=-38 uimp=-216575 upos=3025 uneg=3680 ball=-15.50 vball=0.56 aball=-8.0 bref=0.00 pid=-37.8 pref=-220.4 ppos=-216.6 apid=-0.0 integ=-77.5 vision=1 current=1 vframe=1001 vs=1 vage=84 vpage=84 vdt=34 vmax=168 vacc=1001 vrej=0 seq=0 elapsed=0 oled=3C
[   8406] STATUS mode=3 fault=none enc=18 denc=0 sreq=-90 sapplied=-90 crate=-90 uimp=-218920 upos=3025 uneg=3720 ball=-15.46 vball=0.57 aball=-1.9 bref=0.00 pid=-89.7 pref=-227.9 ppos=-218.9 apid=-0.0 integ=-85.2 vision=1 current=1 vframe=1002 vs=1 vage=20 vpage=20 vdt=104 vmax=168 vacc=1002 vrej=0 seq=0 elapsed=0 oled=3C
[   8437] STATUS mode=3 fault=none enc=15 denc=-2 sreq=-120 sapplied=-120 crate=-120 uimp=-220830 upos=3025 uneg=3740 ball=-15.49 vball=-0.18 aball=-1.9 bref=0.00 pid=-119.7 pref=-232.8 ppos=-220.8 apid=-0.0 integ=-87.4 vision=1 current=1 vframe=1003 vs=1 vage=12 vpage=12 vdt=28 vmax=168 vacc=1003 vrej=0 seq=0 elapsed=0 oled=3C
[   8453] STATUS mode=3 fault=none enc=11 denc=0 sreq=-102 sapplied=-102 crate=-102 uimp=-225235 upos=3025 uneg=3780 ball=-15.49 vball=-0.18 aball=-1.9 bref=0.00 pid=-102.0 pref=-235.4 ppos=-225.2 apid=-0.0 integ=-90.0 vision=1 current=1 vframe=1004 vs=1 vage=18 vpage=18 vdt=34 vmax=168 vacc=1004 vrej=0 seq=0 elapsed=0 oled=3C
[   8483] STATUS mode=3 fault=none enc=8 denc=0 sreq=-83 sapplied=-83 crate=-83 uimp=-227125 upos=3025 uneg=3800 ball=-15.49 vball=-0.18 aball=-1.9 bref=0.00 pid=-83.1 pref=-235.4 ppos=-227.1 apid=-0.0 integ=-90.0 vision=1 current=1 vframe=1004 vs=1 vage=38 vpage=38 vdt=34 vmax=168 vacc=1004 vrej=0 seq=0 elapsed=0 oled=3C
[   8515] STATUS mode=3 fault=none enc=6 denc=-1 sreq=-68 sapplied=-68 crate=-68 uimp=-228665 upos=3025 uneg=3820 ball=-15.49 vball=-0.18 aball=-1.9 bref=0.00 pid=-67.7 pref=-235.4 ppos=-228.7 apid=-0.0 integ=-90.0 vision=1 current=1 vframe=1004 vs=1 vage=58 vpage=58 vdt=34 vmax=168 vacc=1004 vrej=0 seq=0 elapsed=0 oled=3C
[   8547] STATUS mode=3 fault=none enc=4 denc=-1 sreq=-45 sapplied=-45 crate=-45 uimp=-230940 upos=3025 uneg=3860 ball=-15.49 vball=-0.18 aball=-1.9 bref=0.00 pid=-45.0 pref=-235.4 ppos=-230.9 apid=-0.0 integ=-90.0 vision=1 current=1 vframe=1004 vs=1 vage=98 vpage=98 vdt=34 vmax=168 vacc=1004 vrej=0 seq=0 elapsed=0 oled=3C
[   8562] STATUS mode=3 fault=none enc=3 denc=0 sreq=-30 sapplied=-30 crate=-30 uimp=-231700 upos=3025 uneg=3880 ball=-14.98 vball=1.60 aball=1.7 bref=0.00 pid=-29.6 pref=-234.7 ppos=-231.7 apid=0.0 integ=-97.5 vision=1 current=1 vframe=1005 vs=1 vage=13 vpage=13 vdt=105 vmax=168 vacc=1005 vrej=0 seq=0 elapsed=0 oled=3C
[   8592] STATUS mode=3 fault=none enc=2 denc=-1 sreq=75 sapplied=0 crate=75 uimp=-232250 upos=3025 uneg=3900 ball=-14.78 vball=4.45 aball=1.7 bref=0.00 pid=83.7 pref=-223.9 ppos=-232.2 apid=0.0 integ=-97.5 vision=1 current=1 vframe=1006 vs=1 vage=6 vpage=6 vdt=27 vmax=168 vacc=1006 vrej=0 seq=0 elapsed=0 oled=3C
[   8625] STATUS mode=3 fault=none enc=5 denc=1 sreq=-31 sapplied=-31 crate=-31 uimp=-230030 upos=3055 uneg=3900 ball=-14.77 vball=2.50 aball=1.7 bref=0.00 pid=-31.5 pref=-233.2 ppos=-230.0 apid=0.0 integ=-100.0 vision=1 current=1 vframe=1007 vs=1 vage=12 vpage=12 vdt=34 vmax=168 vacc=1007 vrej=0 seq=0 elapsed=0 oled=3C
[   8656] STATUS mode=3 fault=none enc=4 denc=0 sreq=-26 sapplied=-26 crate=-26 uimp=-230610 upos=3055 uneg=3920 ball=-14.77 vball=2.50 aball=1.7 bref=0.00 pid=-25.7 pref=-233.2 ppos=-230.6 apid=0.0 integ=-100.0 vision=1 current=1 vframe=1007 vs=1 vage=32 vpage=32 vdt=34 vmax=168 vacc=1007 vrej=0 seq=0 elapsed=0 oled=3C
[   8672] STATUS mode=3 fault=none enc=4 denc=0 sreq=-21 sapplied=-21 crate=-21 uimp=-231085 upos=3055 uneg=3940 ball=-14.77 vball=2.50 aball=1.7 bref=0.00 pid=-20.9 pref=-233.2 ppos=-231.1 apid=0.0 integ=-100.0 vision=1 current=1 vframe=1007 vs=1 vage=52 vpage=52 vdt=34 vmax=168 vacc=1007 vrej=0 seq=0 elapsed=0 oled=3C
[   8703] STATUS mode=3 fault=none enc=3 denc=0 sreq=0 sapplied=0 crate=-19 uimp=-231290 upos=3055 uneg=3950 ball=-14.77 vball=2.50 aball=1.7 bref=0.00 pid=-18.9 pref=-233.2 ppos=-231.3 apid=0.0 integ=-100.0 vision=1 current=1 vframe=1007 vs=1 vage=92 vpage=92 vdt=34 vmax=168 vacc=1007 vrej=0 seq=0 elapsed=0 oled=3C
[   8733] STATUS mode=3 fault=none enc=3 denc=0 sreq=-119 sapplied=-119 crate=-119 uimp=-231290 upos=3055 uneg=3950 ball=-14.74 vball=1.34 aball=0.2 bref=0.00 pid=-132.0 pref=-244.5 ppos=-231.3 apid=0.0 integ=-107.4 vision=1 current=1 vframe=1008 vs=1 vage=7 vpage=7 vdt=105 vmax=168 vacc=1008 vrej=0 seq=0 elapsed=0 oled=3C
[   8765] STATUS mode=3 fault=none enc=-3 denc=-1 sreq=-147 sapplied=-147 crate=-147 uimp=-236675 upos=3055 uneg=3990 ball=-14.79 vball=0.02 aball=0.2 bref=0.00 pid=-147.0 pref=-251.4 ppos=-236.7 apid=0.0 integ=-109.5 vision=1 current=1 vframe=1009 vs=1 vage=19 vpage=19 vdt=28 vmax=168 vacc=1009 vrej=0 seq=0 elapsed=0 oled=3C
[   8781] STATUS mode=3 fault=none enc=-5 denc=0 sreq=-153 sapplied=-153 crate=-153 uimp=-239405 upos=3055 uneg=4010 ball=-14.80 vball=-0.22 aball=0.2 bref=0.00 pid=-152.9 pref=-254.7 ppos=-239.4 apid=0.0 integ=-111.9 vision=1 current=1 vframe=1010 vs=1 vage=6 vpage=6 vdt=33 vmax=168 vacc=1010 vrej=0 seq=0 elapsed=0 oled=3C
[   8812] STATUS mode=3 fault=none enc=-10 denc=-1 sreq=-125 sapplied=-125 crate=-125 uimp=-242240 upos=3055 uneg=4030 ball=-14.80 vball=-0.22 aball=0.2 bref=0.00 pid=-124.6 pref=-254.7 ppos=-242.2 apid=0.0 integ=-111.9 vision=1 current=1 vframe=1010 vs=1 vage=26 vpage=26 vdt=33 vmax=168 vacc=1010 vrej=0 seq=0 elapsed=0 oled=3C
[   8842] STATUS mode=3 fault=none enc=-15 denc=0 sreq=-83 sapplied=-83 crate=-83 uimp=-246430 upos=3055 uneg=4070 ball=-14.80 vball=-0.22 aball=0.2 bref=0.00 pid=-82.7 pref=-254.7 ppos=-246.4 apid=0.0 integ=-111.9 vision=1 current=1 vframe=1010 vs=1 vage=66 vpage=66 vdt=33 vmax=168 vacc=1010 vrej=0 seq=0 elapsed=0 oled=3C
[   8875] STATUS mode=3 fault=none enc=-18 denc=-2 sreq=-67 sapplied=-67 crate=-67 uimp=-247970 upos=3055 uneg=4090 ball=-14.80 vball=-0.22 aball=0.2 bref=0.00 pid=-67.3 pref=-254.7 ppos=-248.0 apid=0.0 integ=-111.9 vision=1 current=1 vframe=1010 vs=1 vage=86 vpage=86 vdt=33 vmax=168 vacc=1010 vrej=0 seq=0 elapsed=0 oled=3C
[   8890] STATUS mode=3 fault=none enc=-19 denc=-1 sreq=-121 sapplied=-121 crate=-121 uimp=-249565 upos=3055 uneg=4110 ball=-14.81 vball=-0.14 aball=-4.1 bref=0.00 pid=-120.8 pref=-261.6 ppos=-249.6 apid=-0.0 integ=-119.1 vision=1 current=1 vframe=1011 vs=1 vage=9 vpage=9 vdt=97 vmax=168 vacc=1011 vrej=0 seq=0 elapsed=0 oled=3C
[   8922] STATUS mode=3 fault=none enc=-24 denc=-1 sreq=-67 sapplied=-67 crate=-67 uimp=-253485 upos=3055 uneg=4150 ball=-14.75 vball=0.98 aball=-4.1 bref=0.00 pid=-66.5 pref=-260.1 ppos=-253.5 apid=-0.0 integ=-121.7 vision=1 current=1 vframe=1012 vs=1 vage=13 vpage=13 vdt=36 vmax=168 vacc=1012 vrej=0 seq=0 elapsed=0 oled=3C
[   8953] STATUS mode=3 fault=none enc=-26 denc=0 sreq=-54 sapplied=-54 crate=-54 uimp=-254720 upos=3055 uneg=4170 ball=-14.75 vball=0.98 aball=-4.1 bref=0.00 pid=-54.2 pref=-260.1 ppos=-254.7 apid=-0.0 integ=-121.7 vision=1 current=1 vframe=1012 vs=1 vage=33 vpage=33 vdt=36 vmax=168 vacc=1012 vrej=0 seq=0 elapsed=0 oled=3C
[   8983] STATUS mode=3 fault=none enc=-27 denc=0 sreq=-36 sapplied=-36 crate=-36 uimp=-256540 upos=3055 uneg=4210 ball=-14.75 vball=0.98 aball=-4.1 bref=0.00 pid=-36.0 pref=-260.1 ppos=-256.5 apid=-0.0 integ=-121.7 vision=1 current=1 vframe=1012 vs=1 vage=73 vpage=73 vdt=36 vmax=168 vacc=1012 vrej=0 seq=0 elapsed=0 oled=3C
[   9015] STATUS mode=3 fault=none enc=-28 denc=0 sreq=-29 sapplied=-29 crate=-29 uimp=-257205 upos=3055 uneg=4230 ball=-14.75 vball=0.98 aball=-4.1 bref=0.00 pid=-29.3 pref=-260.1 ppos=-257.2 apid=-0.0 integ=-121.7 vision=1 current=1 vframe=1012 vs=1 vage=93 vpage=93 vdt=36 vmax=168 vacc=1012 vrej=0 seq=0 elapsed=0 oled=3C
[   9031] STATUS mode=3 fault=none enc=-30 denc=-2 sreq=-108 sapplied=-108 crate=-108 uimp=-258190 upos=3055 uneg=4250 ball=-14.74 vball=0.43 aball=-0.0 bref=0.00 pid=-108.3 pref=-269.0 ppos=-258.2 apid=-0.0 integ=-129.1 vision=1 current=1 vframe=1014 vs=1 vage=2 vpage=2 vdt=7 vmax=168 vacc=1014 vrej=0 seq=0 elapsed=0 oled=3C
[   9062] STATUS mode=3 fault=none enc=-34 denc=-1 sreq=-156 sapplied=-156 crate=-156 uimp=-263405 upos=3055 uneg=4290 ball=-14.81 vball=-1.63 aball=-0.0 bref=0.00 pid=-156.3 pref=-279.0 ppos=-263.4 apid=-0.0 integ=-131.3 vision=1 current=1 vframe=1015 vs=1 vage=20 vpage=20 vdt=22 vmax=168 vacc=1015 vrej=0 seq=0 elapsed=0 oled=3C
[   9092] STATUS mode=3 fault=none enc=-37 denc=-1 sreq=-118 sapplied=-118 crate=-118 uimp=-266300 upos=3055 uneg=4310 ball=-14.80 vball=-0.60 aball=-0.0 bref=0.00 pid=-117.5 pref=-278.1 ppos=-266.3 apid=-0.0 integ=-133.9 vision=1 current=1 vframe=1016 vs=1 vage=4 vpage=4 vdt=36 vmax=168 vacc=1016 vrej=0 seq=0 elapsed=0 oled=3C
[   9125] STATUS mode=3 fault=none enc=-42 denc=-1 sreq=-78 sapplied=-78 crate=-78 uimp=-270260 upos=3055 uneg=4350 ball=-14.80 vball=-0.60 aball=-0.0 bref=0.00 pid=-77.9 pref=-278.1 ppos=-270.3 apid=-0.0 integ=-133.9 vision=1 current=1 vframe=1016 vs=1 vage=44 vpage=44 vdt=36 vmax=168 vacc=1016 vrej=0 seq=0 elapsed=0 oled=3C
[   9140] STATUS mode=3 fault=none enc=-44 denc=0 sreq=-63 sapplied=-63 crate=-63 uimp=-271705 upos=3055 uneg=4370 ball=-14.80 vball=-0.60 aball=-0.0 bref=0.00 pid=-63.5 pref=-278.1 ppos=-271.7 apid=-0.0 integ=-133.9 vision=1 current=1 vframe=1016 vs=1 vage=64 vpage=64 vdt=36 vmax=168 vacc=1016 vrej=0 seq=0 elapsed=0 oled=3C
[   9172] STATUS mode=3 fault=none enc=-45 denc=0 sreq=-52 sapplied=-52 crate=-52 uimp=-272875 upos=3055 uneg=4390 ball=-14.80 vball=-0.60 aball=-0.0 bref=0.00 pid=-51.8 pref=-278.1 ppos=-272.9 apid=-0.0 integ=-133.9 vision=1 current=1 vframe=1016 vs=1 vage=84 vpage=84 vdt=36 vmax=168 vacc=1016 vrej=0 seq=0 elapsed=0 oled=3C
[   9203] STATUS mode=3 fault=none enc=-49 denc=-2 sreq=-70 sapplied=-70 crate=-70 uimp=-275710 upos=3055 uneg=4430 ball=-14.75 vball=0.44 aball=-1.8 bref=0.00 pid=-69.9 pref=-282.7 ppos=-275.7 apid=-0.0 integ=-142.4 vision=1 current=1 vframe=1018 vs=1 vage=9 vpage=9 vdt=22 vmax=168 vacc=1018 vrej=0 seq=0 elapsed=0 oled=3C
[   9233] STATUS mode=3 fault=none enc=-50 denc=0 sreq=-57 sapplied=-57 crate=-57 uimp=-277005 upos=3055 uneg=4450 ball=-14.75 vball=0.44 aball=-1.8 bref=0.00 pid=-57.0 pref=-282.7 ppos=-277.0 apid=-0.0 integ=-142.4 vision=1 current=1 vframe=1018 vs=1 vage=29 vpage=29 vdt=22 vmax=168 vacc=1018 vrej=0 seq=0 elapsed=0 oled=3C
[   9250] STATUS mode=3 fault=none enc=-51 denc=1 sreq=246 sapplied=246 crate=246 uimp=-276830 upos=3060 uneg=4460 ball=-13.49 vball=17.23 aball=-1.8 bref=0.00 pid=579.3 pref=-218.9 ppos=-276.8 apid=-0.0 integ=-0.0 vision=1 current=1 vframe=1019 vs=1 vage=16 vpage=16 vdt=33 vmax=168 vacc=1019 vrej=0 seq=0 elapsed=0 oled=3C
[   9281] STATUS mode=3 fault=none enc=-30 denc=3 sreq=408 sapplied=408 crate=408 uimp=-259710 upos=3100 uneg=4460 ball=-13.49 vball=17.23 aball=-1.8 bref=0.00 pid=408.1 pref=-218.9 ppos=-259.7 apid=-0.0 integ=-0.0 vision=1 current=1 vframe=1019 vs=1 vage=56 vpage=56 vdt=33 vmax=168 vacc=1019 vrej=0 seq=0 elapsed=0 oled=3C
[   9312] STATUS mode=3 fault=none enc=-20 denc=3 sreq=332 sapplied=332 crate=332 uimp=-252140 upos=3120 uneg=4460 ball=-13.49 vball=17.23 aball=-1.8 bref=0.00 pid=332.4 pref=-218.9 ppos=-252.1 apid=-0.0 integ=-0.0 vision=1 current=1 vframe=1019 vs=1 vage=76 vpage=76 vdt=33 vmax=168 vacc=1019 vrej=0 seq=0 elapsed=0 oled=3C
[   9342] STATUS mode=3 fault=none enc=-8 denc=1 sreq=104 sapplied=104 crate=104 uimp=-242640 upos=3160 uneg=4460 ball=-12.73 vball=12.55 aball=36.4 bref=0.00 pid=104.0 pref=-232.2 ppos=-242.6 apid=0.0 integ=-0.0 vision=1 current=1 vframe=1020 vs=1 vage=19 vpage=19 vdt=97 vmax=168 vacc=1020 vrej=0 seq=0 elapsed=0 oled=3C
[   9342] >>> stop
[   9358] STATUS mode=3 fault=none enc=-6 denc=1 sreq=85 sapplied=85 crate=85 uimp=-240710 upos=3180 uneg=4460 ball=-10.22 vball=40.52 aball=36.4 bref=0.00 pid=84.7 pref=-232.2 ppos=-240.7 apid=0.0 integ=-0.0 vision=1 current=1 vframe=1021 vs=1 vage=2 vpage=2 vdt=37 vmax=168 vacc=1021 vrej=0 seq=0 elapsed=0 oled=3C
[   9390] STATUS mode=1 fault=none enc=-10 denc=-3 sreq=0 sapplied=0 crate=0 uimp=-239360 upos=3190 uneg=4460 ball=-10.22 vball=40.52 aball=0.0 bref=0.00 pid=0.0 pref=-239.4 ppos=-239.4 apid=0.0 integ=0.0 vision=1 current=1 vframe=1021 vs=1 vage=22 vpage=22 vdt=37 vmax=168 vacc=1021 vrej=0 seq=0 elapsed=0 oled=3C
[   9422] STATUS mode=1 fault=none enc=-12 denc=0 sreq=0 sapplied=0 crate=0 uimp=-239360 upos=3190 uneg=4460 ball=-10.22 vball=40.52 aball=0.0 bref=0.00 pid=0.0 pref=-239.4 ppos=-239.4 apid=0.0 integ=0.0 vision=1 current=1 vframe=1021 vs=1 vage=62 vpage=62 vdt=37 vmax=168 vacc=1021 vrej=0 seq=0 elapsed=0 oled=3C
[   9453] STATUS mode=1 fault=none enc=-12 denc=0 sreq=0 sapplied=0 crate=0 uimp=-239360 upos=3190 uneg=4460 ball=-10.22 vball=40.52 aball=0.0 bref=0.00 pid=0.0 pref=-239.4 ppos=-239.4 apid=0.0 integ=0.0 vision=1 current=1 vframe=1021 vs=1 vage=82 vpage=82 vdt=37 vmax=168 vacc=1021 vrej=0 seq=0 elapsed=0 oled=3C
[   9467] STATUS mode=1 fault=none enc=-12 denc=0 sreq=0 sapplied=0 crate=0 uimp=-239360 upos=3190 uneg=4460 ball=-10.22 vball=40.52 aball=0.0 bref=0.00 pid=0.0 pref=-239.4 ppos=-239.4 apid=0.0 integ=0.0 vision=1 current=1 vframe=1021 vs=1 vage=102 vpage=102 vdt=37 vmax=168 vacc=1021 vrej=0 seq=0 elapsed=0 oled=3C
[   9500] STATUS mode=1 fault=none enc=-12 denc=0 sreq=0 sapplied=0 crate=0 uimp=-239360 upos=3190 uneg=4460 ball=-4.04 vball=94.34 aball=0.0 bref=0.00 pid=0.0 pref=-239.4 ppos=-239.4 apid=0.0 integ=0.0 vision=1 current=1 vframe=1024 vs=1 vage=9 vpage=9 vdt=21 vmax=168 vacc=1024 vrej=0 seq=0 elapsed=0 oled=3C
[   9531] STATUS mode=1 fault=none enc=-12 denc=0 sreq=0 sapplied=0 crate=0 uimp=-239360 upos=3190 uneg=4460 ball=-4.04 vball=94.34 aball=0.0 bref=0.00 pid=0.0 pref=-239.4 ppos=-239.4 apid=0.0 integ=0.0 vision=1 current=1 vframe=1024 vs=1 vage=29 vpage=29 vdt=21 vmax=168 vacc=1024 vrej=0 seq=0 elapsed=0 oled=3C
[   9547] STATUS mode=1 fault=none enc=-12 denc=0 sreq=0 sapplied=0 crate=0 uimp=-239360 upos=3190 uneg=4460 ball=-1.59 vball=83.10 aball=0.0 bref=0.00 pid=0.0 pref=-239.4 ppos=-239.4 apid=0.0 integ=0.0 vision=1 current=1 vframe=1025 vs=1 vage=16 vpage=16 vdt=33 vmax=168 vacc=1025 vrej=0 seq=0 elapsed=0 oled=3C
[   9578] STATUS mode=1 fault=none enc=-12 denc=0 sreq=0 sapplied=0 crate=0 uimp=-239360 upos=3190 uneg=4460 ball=-1.59 vball=83.10 aball=0.0 bref=0.00 pid=0.0 pref=-239.4 ppos=-239.4 apid=0.0 integ=0.0 vision=1 current=1 vframe=1025 vs=1 vage=36 vpage=36 vdt=33 vmax=168 vacc=1025 vrej=0 seq=0 elapsed=0 oled=3C
[   9608] STATUS mode=1 fault=none enc=-12 denc=0 sreq=0 sapplied=0 crate=0 uimp=-239360 upos=3190 uneg=4460 ball=-1.59 vball=83.10 aball=0.0 bref=0.00 pid=0.0 pref=-239.4 ppos=-239.4 apid=0.0 integ=0.0 vision=1 current=1 vframe=1025 vs=1 vage=76 vpage=76 vdt=33 vmax=168 vacc=1025 vrej=0 seq=0 elapsed=0 oled=3C
[   9625] STATUS mode=1 fault=none enc=-12 denc=0 sreq=0 sapplied=0 crate=0 uimp=-239360 upos=3190 uneg=4460 ball=1.62 vball=58.87 aball=0.0 bref=0.00 pid=0.0 pref=-239.4 ppos=-239.4 apid=0.0 integ=0.0 vision=1 current=1 vframe=1026 vs=1 vage=0 vpage=0 vdt=96 vmax=168 vacc=1026 vrej=0 seq=0 elapsed=0 oled=3C
[   9656] STATUS mode=1 fault=none enc=-12 denc=0 sreq=0 sapplied=0 crate=0 uimp=-239360 upos=3190 uneg=4460 ball=1.62 vball=58.87 aball=0.0 bref=0.00 pid=0.0 pref=-239.4 ppos=-239.4 apid=0.0 integ=0.0 vision=1 current=1 vframe=1026 vs=1 vage=20 vpage=20 vdt=96 vmax=168 vacc=1026 vrej=0 seq=0 elapsed=0 oled=3C
[   9687] STATUS mode=1 fault=none enc=-12 denc=0 sreq=0 sapplied=0 crate=0 uimp=-239360 upos=3190 uneg=4460 ball=5.25 vball=124.30 aball=0.0 bref=0.00 pid=0.0 pref=-239.4 ppos=-239.4 apid=0.0 integ=0.0 vision=1 current=0 vframe=1028 vs=0 vage=39 vpage=7 vdt=21 vmax=168 vacc=1027 vrej=0 seq=0 elapsed=0 oled=3C
[   9703] STATUS mode=1 fault=none enc=-12 denc=0 sreq=0 sapplied=0 crate=0 uimp=-239360 upos=3190 uneg=4460 ball=5.25 vball=124.30 aball=0.0 bref=0.00 pid=0.0 pref=-239.4 ppos=-239.4 apid=0.0 integ=0.0 vision=1 current=0 vframe=1028 vs=0 vage=59 vpage=27 vdt=21 vmax=168 vacc=1027 vrej=0 seq=0 elapsed=0 oled=3C
[   9703] >>> stream off
[   9733] STATUS mode=1 fault=none enc=-12 denc=0 sreq=0 sapplied=0 crate=0 uimp=-239360 upos=3190 uneg=4460 ball=5.25 vball=124.30 aball=0.0 bref=0.00 pid=0.0 pref=-239.4 ppos=-239.4 apid=0.0 integ=0.0 vision=1 current=0 vframe=1028 vs=0 vage=79 vpage=47 vdt=21 vmax=168 vacc=1027 vrej=0 seq=0 elapsed=0 oled=3C
[   9733] OK stream off
[   9922] STOP_REASON time_limit
