[     16] >>> bench on
[     16] OK stepper visual-only bench active; command pose preserved
[    202] >>> clear
[    202] OK fault cleared
[    391] >>> diag reset
[    391] OK actuator diagnostics reset
[    577] >>> gain ball 1.2 2.0 0.6 -1
[    577] OK ball gains kp=1.200 ki=2.000 kd=0.600 sign=-1
[    766] >>> gain accel 0.0
[    766] OK ball acceleration gain ka=0.000
[    952] >>> limit rate 800
[    952] OK ball rate limit=800 steps/s
[   1141] >>> stream on 20
[   1141] OK stream on 20 ms
[   1187] STATUS mode=1 fault=none enc=-32 denc=0 sreq=0 sapplied=0 crate=0 uimp=0 upos=0 uneg=0 ball=-125.00 vball=0.00 aball=0.0 bref=0.00 pid=0.0 pref=0.0 ppos=0.0 apid=0.0 integ=0.0 vision=1 current=1 vframe=292 vs=1 vage=56 vpage=56 vdt=34 vmax=144 vacc=292 vrej=0 seq=0 elapsed=0 oled=3C
[   1202] STATUS mode=1 fault=none enc=-32 denc=0 sreq=0 sapplied=0 crate=0 uimp=0 upos=0 uneg=0 ball=-125.00 vball=0.00 aball=0.0 bref=0.00 pid=0.0 pref=0.0 ppos=0.0 apid=0.0 integ=0.0 vision=1 current=1 vframe=292 vs=1 vage=76 vpage=76 vdt=34 vmax=144 vacc=292 vrej=0 seq=0 elapsed=0 oled=3C
[   1234] STATUS mode=1 fault=none enc=-32 denc=0 sreq=0 sapplied=0 crate=0 uimp=0 upos=0 uneg=0 ball=-125.00 vball=0.00 aball=0.0 bref=0.00 pid=0.0 pref=0.0 ppos=0.0 apid=0.0 integ=0.0 vision=1 current=1 vframe=293 vs=1 vage=4 vpage=4 vdt=92 vmax=144 vacc=293 vrej=0 seq=0 elapsed=0 oled=3C
[   1266] STATUS mode=1 fault=none enc=-32 denc=0 sreq=0 sapplied=0 crate=0 uimp=0 upos=0 uneg=0 ball=-125.00 vball=0.00 aball=0.0 bref=0.00 pid=0.0 pref=0.0 ppos=0.0 apid=0.0 integ=0.0 vision=1 current=1 vframe=293 vs=1 vage=24 vpage=24 vdt=92 vmax=144 vacc=293 vrej=0 seq=0 elapsed=0 oled=3C
[   1280] STATUS mode=1 fault=none enc=-32 denc=0 sreq=0 sapplied=0 crate=0 uimp=0 upos=0 uneg=0 ball=-125.00 vball=0.00 aball=0.0 bref=0.00 pid=0.0 pref=0.0 ppos=0.0 apid=0.0 integ=0.0 vision=1 current=1 vframe=294 vs=1 vage=20 vpage=20 vdt=24 vmax=144 vacc=294 vrej=0 seq=0 elapsed=0 oled=3C
[   1312] STATUS mode=1 fault=none enc=-32 denc=0 sreq=0 sapplied=0 crate=0 uimp=0 upos=0 uneg=0 ball=-125.00 vball=0.00 aball=0.0 bref=0.00 pid=0.0 pref=0.0 ppos=0.0 apid=0.0 integ=0.0 vision=1 current=1 vframe=295 vs=1 vage=27 vpage=27 vdt=33 vmax=144 vacc=295 vrej=0 seq=0 elapsed=0 oled=3C
[   1312] >>> ball 0.0
[   1327] STATUS mode=1 fault=none enc=-32 denc=0 sreq=0 sapplied=0 crate=0 uimp=0 upos=0 uneg=0 ball=-125.00 vball=0.00 aball=0.0 bref=0.00 pid=0.0 pref=0.0 ppos=0.0 apid=0.0 integ=0.0 vision=1 current=1 vframe=295 vs=1 vage=47 vpage=47 vdt=33 vmax=144 vacc=295 vrej=0 seq=0 elapsed=0 oled=3C
[   1359] STATUS mode=3 fault=none enc=5 denc=2 sreq=-300 sapplied=-300 crate=-300 uimp=-1000 upos=0 uneg=5 ball=-125.00 vball=0.00 aball=0.0 bref=0.00 pid=-400.0 pref=-1200.0 ppos=-1.0 apid=0.0 integ=0.0 vision=1 current=1 vframe=295 vs=1 vage=67 vpage=67 vdt=33 vmax=144 vacc=295 vrej=0 seq=0 elapsed=0 oled=3C
[   1391] STATUS mode=3 fault=none enc=-9 denc=-2 sreq=-400 sapplied=-400 crate=-400 uimp=-8500 upos=0 uneg=25 ball=-125.00 vball=0.00 aball=0.0 bref=0.00 pid=-400.0 pref=-1200.0 ppos=-8.5 apid=0.0 integ=0.0 vision=1 current=1 vframe=295 vs=1 vage=87 vpage=87 vdt=33 vmax=144 vacc=295 vrej=0 seq=0 elapsed=0 oled=3C
[   1405] STATUS mode=3 fault=none enc=-29 denc=-3 sreq=-400 sapplied=-400 crate=-400 uimp=-24500 upos=0 uneg=65 ball=-125.00 vball=0.00 aball=0.0 bref=0.00 pid=-400.0 pref=-1200.0 ppos=-24.5 apid=0.0 integ=0.0 vision=1 current=1 vframe=297 vs=1 vage=8 vpage=8 vdt=26 vmax=144 vacc=297 vrej=0 seq=0 elapsed=0 oled=3C
[   1437] STATUS mode=3 fault=none enc=-39 denc=-2 sreq=-400 sapplied=-400 crate=-400 uimp=-32500 upos=0 uneg=85 ball=-125.00 vball=0.00 aball=0.0 bref=0.00 pid=-400.0 pref=-1200.0 ppos=-32.5 apid=0.0 integ=0.0 vision=1 current=1 vframe=297 vs=1 vage=28 vpage=28 vdt=26 vmax=144 vacc=297 vrej=0 seq=0 elapsed=0 oled=3C
[   1468] STATUS mode=3 fault=none enc=-59 denc=-3 sreq=-400 sapplied=-400 crate=-400 uimp=-48500 upos=0 uneg=125 ball=-125.00 vball=0.00 aball=0.0 bref=0.00 pid=-400.0 pref=-1200.0 ppos=-40.5 apid=0.0 integ=0.0 vision=1 current=1 vframe=298 vs=1 vage=16 vpage=16 vdt=32 vmax=144 vacc=298 vrej=0 seq=0 elapsed=0 oled=3C
[   1500] STATUS mode=3 fault=none enc=-69 denc=-2 sreq=-400 sapplied=-400 crate=-400 uimp=-56500 upos=0 uneg=145 ball=-125.00 vball=0.00 aball=0.0 bref=0.00 pid=-400.0 pref=-1200.0 ppos=-56.5 apid=0.0 integ=0.0 vision=1 current=1 vframe=298 vs=1 vage=56 vpage=56 vdt=32 vmax=144 vacc=298 vrej=0 seq=0 elapsed=0 oled=3C
[   1516] STATUS mode=3 fault=none enc=-80 denc=-3 sreq=-400 sapplied=-400 crate=-400 uimp=-64500 upos=0 uneg=165 ball=-125.00 vball=0.00 aball=0.0 bref=0.00 pid=-400.0 pref=-1200.0 ppos=-64.5 apid=0.0 integ=0.0 vision=1 current=1 vframe=298 vs=1 vage=76 vpage=76 vdt=32 vmax=144 vacc=298 vrej=0 seq=0 elapsed=0 oled=3C
[   1546] STATUS mode=3 fault=none enc=-99 denc=-2 sreq=-400 sapplied=-400 crate=-400 uimp=-80500 upos=0 uneg=205 ball=-125.00 vball=0.00 aball=0.0 bref=0.00 pid=-400.0 pref=-1200.0 ppos=-80.5 apid=0.0 integ=0.0 vision=1 current=1 vframe=299 vs=1 vage=13 vpage=13 vdt=103 vmax=144 vacc=299 vrej=0 seq=0 elapsed=0 oled=3C
[   1577] STATUS mode=3 fault=none enc=-109 denc=-2 sreq=-400 sapplied=-400 crate=-400 uimp=-88500 upos=0 uneg=225 ball=-125.00 vball=0.00 aball=0.0 bref=0.00 pid=-400.0 pref=-1200.0 ppos=-88.5 apid=0.0 integ=0.0 vision=1 current=1 vframe=300 vs=1 vage=1 vpage=1 vdt=32 vmax=144 vacc=300 vrej=0 seq=0 elapsed=0 oled=3C
[   1609] STATUS mode=3 fault=none enc=-120 denc=-3 sreq=-400 sapplied=-400 crate=-400 uimp=-96500 upos=0 uneg=245 ball=-125.00 vball=0.00 aball=0.0 bref=0.00 pid=-400.0 pref=-1200.0 ppos=-96.5 apid=0.0 integ=0.0 vision=1 current=1 vframe=300 vs=1 vage=21 vpage=21 vdt=32 vmax=144 vacc=300 vrej=0 seq=0 elapsed=0 oled=3C
[   1625] STATUS mode=3 fault=none enc=-139 denc=-2 sreq=-400 sapplied=-400 crate=-400 uimp=-112500 upos=0 uneg=285 ball=-125.00 vball=0.00 aball=0.0 bref=0.00 pid=-400.0 pref=-1200.0 ppos=-112.5 apid=0.0 integ=0.0 vision=1 current=1 vframe=301 vs=1 vage=27 vpage=27 vdt=34 vmax=144 vacc=301 vrej=0 seq=0 elapsed=0 oled=3C
[   1655] STATUS mode=3 fault=none enc=-150 denc=-2 sreq=-400 sapplied=-400 crate=-400 uimp=-120500 upos=0 uneg=305 ball=-125.00 vball=0.00 aball=0.0 bref=0.00 pid=-400.0 pref=-1200.0 ppos=-120.5 apid=0.0 integ=0.0 vision=1 current=1 vframe=301 vs=1 vage=47 vpage=47 vdt=34 vmax=144 vacc=301 vrej=0 seq=0 elapsed=0 oled=3C
[   1687] STATUS mode=3 fault=none enc=-160 denc=-2 sreq=-400 sapplied=-400 crate=-400 uimp=-128500 upos=0 uneg=325 ball=-125.00 vball=0.00 aball=0.0 bref=0.00 pid=-400.0 pref=-1200.0 ppos=-128.5 apid=0.0 integ=0.0 vision=1 current=1 vframe=301 vs=1 vage=67 vpage=67 vdt=34 vmax=144 vacc=301 vrej=0 seq=0 elapsed=0 oled=3C
[   1702] STATUS mode=3 fault=none enc=-181 denc=-3 sreq=-400 sapplied=-400 crate=-400 uimp=-144500 upos=0 uneg=365 ball=-125.00 vball=0.00 aball=0.0 bref=0.00 pid=-400.0 pref=-1200.0 ppos=-144.5 apid=0.0 integ=0.0 vision=1 current=1 vframe=301 vs=1 vage=107 vpage=107 vdt=34 vmax=144 vacc=301 vrej=0 seq=0 elapsed=0 oled=3C
[   1734] STATUS mode=3 fault=none enc=-191 denc=-3 sreq=-400 sapplied=-400 crate=-400 uimp=-152500 upos=0 uneg=385 ball=-125.00 vball=0.00 aball=0.0 bref=0.00 pid=-400.0 pref=-1200.0 ppos=-152.5 apid=0.0 integ=0.0 vision=1 current=0 vframe=302 vs=0 vage=127 vpage=19 vdt=34 vmax=144 vacc=301 vrej=0 seq=0 elapsed=0 oled=3C
[   1766] STATUS mode=3 fault=none enc=-201 denc=-2 sreq=-400 sapplied=-400 crate=-400 uimp=-160500 upos=0 uneg=405 ball=-125.00 vball=0.00 aball=0.0 bref=0.00 pid=-400.0 pref=-1200.0 ppos=-160.5 apid=0.0 integ=0.0 vision=1 current=1 vframe=303 vs=1 vage=13 vpage=13 vdt=134 vmax=144 vacc=302 vrej=0 seq=0 elapsed=0 oled=3C
[   1796] STATUS mode=3 fault=none enc=-221 denc=-3 sreq=-400 sapplied=-400 crate=-400 uimp=-176500 upos=0 uneg=445 ball=-125.00 vball=0.00 aball=0.0 bref=0.00 pid=-400.0 pref=-1200.0 ppos=-176.5 apid=0.0 integ=0.0 vision=1 current=1 vframe=304 vs=1 vage=21 vpage=21 vdt=32 vmax=144 vacc=303 vrej=0 seq=0 elapsed=0 oled=3C
[   1827] STATUS mode=3 fault=none enc=-231 denc=-2 sreq=-400 sapplied=-400 crate=-400 uimp=-184500 upos=0 uneg=465 ball=-125.00 vball=0.00 aball=0.0 bref=0.00 pid=-400.0 pref=-1200.0 ppos=-184.5 apid=0.0 integ=0.0 vision=1 current=1 vframe=304 vs=1 vage=41 vpage=41 vdt=32 vmax=144 vacc=303 vrej=0 seq=0 elapsed=0 oled=3C
[   1843] STATUS mode=3 fault=none enc=-252 denc=-2 sreq=-400 sapplied=-400 crate=-400 uimp=-200500 upos=0 uneg=505 ball=-125.00 vball=0.00 aball=0.0 bref=0.00 pid=-400.0 pref=-1200.0 ppos=-200.5 apid=0.0 integ=0.0 vision=1 current=1 vframe=304 vs=1 vage=81 vpage=81 vdt=32 vmax=144 vacc=303 vrej=0 seq=0 elapsed=0 oled=3C
[   1875] STATUS mode=3 fault=none enc=-262 denc=-2 sreq=-400 sapplied=-400 crate=-400 uimp=-208500 upos=0 uneg=525 ball=-125.00 vball=0.00 aball=0.0 bref=0.00 pid=-400.0 pref=-1200.0 ppos=-208.5 apid=0.0 integ=0.0 vision=1 current=0 vframe=305 vs=0 vage=101 vpage=1 vdt=32 vmax=144 vacc=303 vrej=0 seq=0 elapsed=0 oled=3C
[   1905] STATUS mode=3 fault=none enc=-272 denc=-2 sreq=-400 sapplied=-400 crate=-400 uimp=-216500 upos=0 uneg=545 ball=-125.00 vball=0.00 aball=0.0 bref=0.00 pid=-400.0 pref=-1200.0 ppos=-216.5 apid=0.0 integ=0.0 vision=1 current=0 vframe=305 vs=0 vage=121 vpage=21 vdt=32 vmax=144 vacc=303 vrej=0 seq=0 elapsed=0 oled=3C
[   1921] STATUS mode=3 fault=none enc=-289 denc=1 sreq=0 sapplied=0 crate=0 uimp=-228500 upos=0 uneg=575 ball=-125.00 vball=0.00 aball=0.0 bref=0.00 pid=-400.0 pref=-228.5 ppos=-228.5 apid=0.0 integ=0.0 vision=1 current=0 vframe=306 vs=0 vage=161 vpage=30 vdt=32 vmax=144 vacc=303 vrej=0 seq=0 elapsed=0 oled=3C
[   1952] STATUS mode=3 fault=none enc=-289 denc=0 sreq=0 sapplied=0 crate=0 uimp=-228500 upos=0 uneg=575 ball=-97.01 vball=485.85 aball=675.0 bref=0.00 pid=0.0 pref=-228.5 ppos=-228.5 apid=0.0 integ=-0.0 vision=1 current=1 vframe=307 vs=1 vage=16 vpage=16 vdt=165 vmax=165 vacc=304 vrej=0 seq=0 elapsed=0 oled=3C
[   1984] STATUS mode=3 fault=none enc=-289 denc=0 sreq=0 sapplied=0 crate=0 uimp=-228500 upos=0 uneg=575 ball=-97.01 vball=485.85 aball=675.0 bref=0.00 pid=0.0 pref=-228.5 ppos=-228.5 apid=0.0 integ=-0.0 vision=1 current=1 vframe=307 vs=1 vage=36 vpage=36 vdt=165 vmax=165 vacc=304 vrej=0 seq=0 elapsed=0 oled=3C
[   2016] STATUS mode=3 fault=none enc=-289 denc=0 sreq=0 sapplied=0 crate=0 uimp=-228500 upos=0 uneg=575 ball=-97.01 vball=485.85 aball=675.0 bref=0.00 pid=0.0 pref=-228.5 ppos=-228.5 apid=0.0 integ=-0.0 vision=1 current=1 vframe=307 vs=1 vage=76 vpage=76 vdt=165 vmax=165 vacc=304 vrej=0 seq=0 elapsed=0 oled=3C
[   2030] STATUS mode=3 fault=none enc=-289 denc=0 sreq=0 sapplied=0 crate=0 uimp=-228500 upos=0 uneg=575 ball=-97.01 vball=485.85 aball=675.0 bref=0.00 pid=0.0 pref=-228.5 ppos=-228.5 apid=0.0 integ=-0.0 vision=1 current=1 vframe=307 vs=1 vage=96 vpage=96 vdt=165 vmax=165 vacc=304 vrej=0 seq=0 elapsed=0 oled=3C
[   2062] STATUS mode=3 fault=none enc=-289 denc=0 sreq=-44 sapplied=-44 crate=-44 uimp=-229230 upos=0 uneg=590 ball=-72.26 vball=427.79 aball=107.3 bref=0.00 pid=-44.1 pref=-233.6 ppos=-229.2 apid=0.0 integ=-0.0 vision=1 current=1 vframe=308 vs=1 vage=17 vpage=17 vdt=99 vmax=165 vacc=305 vrej=0 seq=0 elapsed=0 oled=3C
[   2093] STATUS mode=3 fault=none enc=-294 denc=-3 sreq=-538 sapplied=-538 crate=-538 uimp=-235810 upos=0 uneg=630 ball=-75.84 vball=84.49 aball=107.3 bref=0.00 pid=-800.0 pref=-443.9 ppos=-235.8 apid=0.0 integ=-0.0 vision=1 current=1 vframe=309 vs=1 vage=23 vpage=23 vdt=34 vmax=165 vacc=306 vrej=0 seq=0 elapsed=0 oled=3C
[   2109] STATUS mode=3 fault=none enc=-312 denc=-5 sreq=-800 sapplied=-800 crate=-800 uimp=-249380 upos=0 uneg=650 ball=-75.84 vball=84.49 aball=107.3 bref=0.00 pid=-800.0 pref=-443.9 ppos=-249.4 apid=0.0 integ=-0.0 vision=1 current=1 vframe=309 vs=1 vage=43 vpage=43 vdt=34 vmax=165 vacc=306 vrej=0 seq=0 elapsed=0 oled=3C
[   2141] STATUS mode=3 fault=none enc=-333 denc=-5 sreq=-800 sapplied=-800 crate=-800 uimp=-265380 upos=0 uneg=670 ball=-75.84 vball=84.49 aball=107.3 bref=0.00 pid=-800.0 pref=-443.9 ppos=-265.4 apid=0.0 integ=-0.0 vision=1 current=1 vframe=309 vs=1 vage=63 vpage=63 vdt=34 vmax=165 vacc=306 vrej=0 seq=0 elapsed=0 oled=3C
[   2171] STATUS mode=3 fault=none enc=-373 denc=-5 sreq=-800 sapplied=-800 crate=-800 uimp=-297380 upos=0 uneg=710 ball=-75.84 vball=84.49 aball=107.3 bref=0.00 pid=-800.0 pref=-443.9 ppos=-297.4 apid=0.0 integ=-0.0 vision=1 current=1 vframe=309 vs=1 vage=103 vpage=103 vdt=34 vmax=165 vacc=306 vrej=0 seq=0 elapsed=0 oled=3C
[   2202] STATUS mode=3 fault=none enc=-394 denc=-6 sreq=-800 sapplied=-800 crate=-800 uimp=-313380 upos=0 uneg=730 ball=-70.92 vball=65.64 aball=-616.0 bref=0.00 pid=-800.0 pref=-449.3 ppos=-313.4 apid=-0.0 integ=-0.0 vision=1 current=1 vframe=311 vs=1 vage=9 vpage=9 vdt=8 vmax=165 vacc=308 vrej=0 seq=0 elapsed=0 oled=3C
[   2234] STATUS mode=3 fault=none enc=-414 denc=-5 sreq=-800 sapplied=-800 crate=-800 uimp=-329380 upos=0 uneg=750 ball=-70.92 vball=65.64 aball=-616.0 bref=0.00 pid=-800.0 pref=-449.3 ppos=-329.4 apid=-0.0 integ=-0.0 vision=1 current=1 vframe=311 vs=1 vage=29 vpage=29 vdt=8 vmax=165 vacc=308 vrej=0 seq=0 elapsed=0 oled=3C
[   2250] STATUS mode=3 fault=none enc=-444 denc=-3 sreq=-382 sapplied=-382 crate=-382 uimp=-352740 upos=0 uneg=790 ball=-64.21 vball=149.46 aball=-616.0 bref=0.00 pid=-382.3 pref=-391.0 ppos=-352.7 apid=-0.0 integ=-0.0 vision=1 current=1 vframe=312 vs=1 vage=33 vpage=33 vdt=36 vmax=165 vacc=309 vrej=0 seq=0 elapsed=0 oled=3C
[   2280] STATUS mode=3 fault=none enc=-452 denc=-2 sreq=-311 sapplied=-311 crate=-311 uimp=-359830 upos=0 uneg=810 ball=-64.21 vball=149.46 aball=-616.0 bref=0.00 pid=-311.4 pref=-391.0 ppos=-359.8 apid=-0.0 integ=-0.0 vision=1 current=1 vframe=312 vs=1 vage=53 vpage=53 vdt=36 vmax=165 vacc=309 vrej=0 seq=0 elapsed=0 oled=3C
[   2312] STATUS mode=3 fault=none enc=-464 denc=-1 sreq=-207 sapplied=-207 crate=-207 uimp=-370310 upos=0 uneg=850 ball=-64.21 vball=149.46 aball=-616.0 bref=0.00 pid=-206.6 pref=-391.0 ppos=-370.3 apid=-0.0 integ=-0.0 vision=1 current=1 vframe=312 vs=1 vage=93 vpage=93 vdt=36 vmax=165 vacc=309 vrej=0 seq=0 elapsed=0 oled=3C
[   2343] STATUS mode=3 fault=none enc=-471 denc=-3 sreq=-306 sapplied=-306 crate=-306 uimp=-374685 upos=0 uneg=870 ball=-61.25 vball=119.73 aball=-212.1 bref=0.00 pid=-305.7 pref=-405.3 ppos=-374.7 apid=-0.0 integ=-0.0 vision=1 current=1 vframe=313 vs=1 vage=9 vpage=9 vdt=104 vmax=165 vacc=310 vrej=0 seq=0 elapsed=0 oled=3C
[   2359] STATUS mode=3 fault=none enc=-479 denc=-2 sreq=-320 sapplied=-320 crate=-320 uimp=-381535 upos=0 uneg=890 ball=-57.71 vball=98.91 aball=-212.1 bref=0.00 pid=-319.7 pref=-413.5 ppos=-381.5 apid=-0.0 integ=-0.0 vision=1 current=1 vframe=314 vs=1 vage=19 vpage=19 vdt=10 vmax=165 vacc=311 vrej=0 seq=0 elapsed=0 oled=3C
[   2391] STATUS mode=3 fault=none enc=-484 denc=0 sreq=94 sapplied=94 crate=94 uimp=-382680 upos=15 uneg=910 ball=-48.29 vball=147.03 aball=-212.1 bref=0.00 pid=93.5 pref=-373.3 ppos=-382.7 apid=-0.0 integ=-0.0 vision=1 current=1 vframe=316 vs=1 vage=6 vpage=6 vdt=34 vmax=165 vacc=313 vrej=0 seq=0 elapsed=0 oled=3C
[   2421] STATUS mode=3 fault=none enc=-481 denc=1 sreq=76 sapplied=76 crate=76 uimp=-380945 upos=35 uneg=910 ball=-48.29 vball=147.03 aball=-212.1 bref=0.00 pid=76.2 pref=-373.3 ppos=-380.9 apid=-0.0 integ=-0.0 vision=1 current=1 vframe=316 vs=1 vage=26 vpage=26 vdt=34 vmax=165 vacc=313 vrej=0 seq=0 elapsed=0 oled=3C
[   2452] STATUS mode=3 fault=none enc=-480 denc=0 sreq=62 sapplied=62 crate=62 uimp=-379535 upos=55 uneg=910 ball=-48.29 vball=147.03 aball=-212.1 bref=0.00 pid=62.1 pref=-373.3 ppos=-379.5 apid=-0.0 integ=-0.0 vision=1 current=1 vframe=316 vs=1 vage=46 vpage=46 vdt=34 vmax=165 vacc=313 vrej=0 seq=0 elapsed=0 oled=3C
[   2468] STATUS mode=3 fault=none enc=-478 denc=-1 sreq=41 sapplied=41 crate=41 uimp=-377445 upos=95 uneg=910 ball=-48.29 vball=147.03 aball=-212.1 bref=0.00 pid=41.2 pref=-373.3 ppos=-377.4 apid=-0.0 integ=-0.0 vision=1 current=1 vframe=316 vs=1 vage=86 vpage=86 vdt=34 vmax=165 vacc=313 vrej=0 seq=0 elapsed=0 oled=3C
[   2500] STATUS mode=3 fault=none enc=-476 denc=0 sreq=-65 sapplied=0 crate=-65 uimp=-376685 upos=115 uneg=910 ball=-43.04 vball=104.91 aball=-157.3 bref=0.00 pid=-156.1 pref=-392.3 ppos=-376.7 apid=-0.0 integ=-0.0 vision=1 current=1 vframe=317 vs=1 vage=5 vpage=5 vdt=101 vmax=165 vacc=314 vrej=0 seq=0 elapsed=0 oled=3C
[   2530] STATUS mode=3 fault=none enc=-481 denc=-1 sreq=173 sapplied=173 crate=173 uimp=-380350 upos=115 uneg=940 ball=-34.56 vball=181.03 aball=-157.3 bref=0.00 pid=439.0 pref=-336.5 ppos=-380.4 apid=-0.0 integ=-0.0 vision=1 current=1 vframe=318 vs=1 vage=13 vpage=13 vdt=32 vmax=165 vacc=315 vrej=0 seq=0 elapsed=0 oled=3C
[   2546] STATUS mode=3 fault=none enc=-474 denc=3 sreq=378 sapplied=378 crate=378 uimp=-374265 upos=135 uneg=940 ball=-34.56 vball=181.03 aball=-157.3 bref=0.00 pid=378.1 pref=-336.5 ppos=-374.3 apid=-0.0 integ=-0.0 vision=1 current=1 vframe=318 vs=1 vage=33 vpage=33 vdt=32 vmax=165 vacc=315 vrej=0 seq=0 elapsed=0 oled=3C
[   2577] STATUS mode=3 fault=none enc=-466 denc=2 sreq=250 sapplied=250 crate=250 uimp=-368225 upos=155 uneg=940 ball=-29.93 vball=160.40 aball=-157.3 bref=0.00 pid=249.5 pref=-343.3 ppos=-368.2 apid=-0.0 integ=-0.0 vision=1 current=1 vframe=319 vs=1 vage=19 vpage=19 vdt=34 vmax=165 vacc=316 vrej=0 seq=0 elapsed=0 oled=3C
[   2609] STATUS mode=3 fault=none enc=-456 denc=1 sreq=166 sapplied=166 crate=166 uimp=-359830 upos=195 uneg=940 ball=-29.93 vball=160.40 aball=-157.3 bref=0.00 pid=165.6 pref=-343.3 ppos=-359.8 apid=-0.0 integ=-0.0 vision=1 current=1 vframe=319 vs=1 vage=59 vpage=59 vdt=34 vmax=165 vacc=316 vrej=0 seq=0 elapsed=0 oled=3C
[   2641] STATUS mode=3 fault=none enc=-452 denc=1 sreq=135 sapplied=135 crate=135 uimp=-356760 upos=215 uneg=940 ball=-29.93 vball=160.40 aball=-157.3 bref=0.00 pid=134.9 pref=-343.3 ppos=-356.8 apid=-0.0 integ=-0.0 vision=1 current=1 vframe=319 vs=1 vage=79 vpage=79 vdt=34 vmax=165 vacc=316 vrej=0 seq=0 elapsed=0 oled=3C
[   2671] STATUS mode=3 fault=none enc=-450 denc=0 sreq=110 sapplied=110 crate=110 uimp=-354255 upos=235 uneg=940 ball=-29.93 vball=160.40 aball=-157.3 bref=0.00 pid=109.8 pref=-343.3 ppos=-354.3 apid=-0.0 integ=-0.0 vision=1 current=1 vframe=319 vs=1 vage=99 vpage=99 vdt=34 vmax=165 vacc=316 vrej=0 seq=0 elapsed=0 oled=3C
[   2687] STATUS mode=3 fault=none enc=-448 denc=0 sreq=174 sapplied=174 crate=174 uimp=-353590 upos=245 uneg=955 ball=-16.01 vball=161.23 aball=-34.7 bref=0.00 pid=275.2 pref=-326.1 ppos=-353.6 apid=-0.0 integ=-0.0 vision=1 current=1 vframe=321 vs=1 vage=7 vpage=7 vdt=27 vmax=165 vacc=318 vrej=0 seq=0 elapsed=0 oled=3C
[   2718] STATUS mode=3 fault=none enc=-442 denc=2 sreq=228 sapplied=228 crate=228 uimp=-348920 upos=265 uneg=955 ball=-16.01 vball=161.23 aball=-34.7 bref=0.00 pid=228.5 pref=-326.1 ppos=-348.9 apid=-0.0 integ=-0.0 vision=1 current=1 vframe=321 vs=1 vage=27 vpage=27 vdt=27 vmax=165 vacc=318 vrej=0 seq=0 elapsed=0 oled=3C
[   2750] STATUS mode=3 fault=none enc=-437 denc=1 sreq=186 sapplied=186 crate=186 uimp=-344685 upos=285 uneg=955 ball=-16.01 vball=161.23 aball=-34.7 bref=0.00 pid=186.1 pref=-326.1 ppos=-344.7 apid=-0.0 integ=-0.0 vision=1 current=0 vframe=322 vs=0 vage=47 vpage=18 vdt=27 vmax=165 vacc=318 vrej=0 seq=0 elapsed=0 oled=3C
[   2780] STATUS mode=3 fault=none enc=-429 denc=1 sreq=123 sapplied=123 crate=123 uimp=-338415 upos=325 uneg=955 ball=-16.01 vball=161.23 aball=-34.7 bref=0.00 pid=123.4 pref=-326.1 ppos=-338.4 apid=-0.0 integ=-0.0 vision=1 current=0 vframe=322 vs=0 vage=87 vpage=58 vdt=27 vmax=165 vacc=318 vrej=0 seq=0 elapsed=0 oled=3C
[   2796] STATUS mode=3 fault=none enc=-427 denc=-1 sreq=101 sapplied=101 crate=101 uimp=-336130 upos=345 uneg=955 ball=-16.01 vball=161.23 aball=-34.7 bref=0.00 pid=100.6 pref=-326.1 ppos=-336.1 apid=-0.0 integ=-0.0 vision=1 current=0 vframe=322 vs=0 vage=107 vpage=78 vdt=27 vmax=165 vacc=318 vrej=0 seq=0 elapsed=0 oled=3C
[   2827] STATUS mode=3 fault=none enc=-421 denc=2 sreq=239 sapplied=239 crate=239 uimp=-332220 upos=385 uneg=955 ball=1.36 vball=156.04 aball=66.1 bref=0.00 pid=238.8 pref=-308.3 ppos=-332.2 apid=0.0 integ=-0.0 vision=1 current=1 vframe=323 vs=1 vage=8 vpage=8 vdt=139 vmax=165 vacc=319 vrej=0 seq=0 elapsed=0 oled=3C
[   2859] STATUS mode=3 fault=none enc=-419 denc=1 sreq=305 sapplied=305 crate=305 uimp=-327790 upos=405 uneg=955 ball=12.73 vball=285.27 aball=66.1 bref=0.00 pid=800.0 pref=-217.2 ppos=-327.8 apid=0.0 integ=-0.0 vision=1 current=1 vframe=324 vs=1 vage=1 vpage=1 vdt=27 vmax=165 vacc=320 vrej=0 seq=0 elapsed=0 oled=3C
[   2875] STATUS mode=3 fault=none enc=-406 denc=5 sreq=705 sapplied=705 crate=705 uimp=-318690 upos=425 uneg=955 ball=12.73 vball=285.27 aball=66.1 bref=0.00 pid=800.0 pref=-217.2 ppos=-318.7 apid=0.0 integ=-0.0 vision=1 current=1 vframe=324 vs=1 vage=21 vpage=21 vdt=27 vmax=165 vacc=320 vrej=0 seq=0 elapsed=0 oled=3C
[   2905] STATUS mode=3 fault=none enc=-372 denc=3 sreq=525 sapplied=525 crate=525 uimp=-291700 upos=465 uneg=955 ball=18.95 vball=236.14 aball=66.1 bref=0.00 pid=525.3 pref=-239.2 ppos=-291.7 apid=0.0 integ=-0.0 vision=1 current=1 vframe=325 vs=1 vage=27 vpage=27 vdt=34 vmax=165 vacc=321 vrej=0 seq=0 elapsed=0 oled=3C
[   2937] STATUS mode=3 fault=none enc=-360 denc=2 sreq=428 sapplied=428 crate=428 uimp=-281960 upos=485 uneg=955 ball=18.95 vball=236.14 aball=66.1 bref=0.00 pid=427.9 pref=-239.2 ppos=-282.0 apid=0.0 integ=-0.0 vision=1 current=1 vframe=325 vs=1 vage=47 vpage=47 vdt=34 vmax=165 vacc=321 vrej=0 seq=0 elapsed=0 oled=3C
[   2968] STATUS mode=3 fault=none enc=-349 denc=3 sreq=349 sapplied=349 crate=349 uimp=-274025 upos=505 uneg=955 ball=18.95 vball=236.14 aball=66.1 bref=0.00 pid=348.5 pref=-239.2 ppos=-274.0 apid=0.0 integ=-0.0 vision=1 current=1 vframe=325 vs=1 vage=67 vpage=67 vdt=34 vmax=165 vacc=321 vrej=0 seq=0 elapsed=0 oled=3C
[   2984] STATUS mode=3 fault=none enc=-336 denc=1 sreq=-30 sapplied=0 crate=-30 uimp=-263585 upos=545 uneg=955 ball=27.22 vball=173.93 aball=89.0 bref=0.00 pid=-29.9 pref=-266.6 ppos=-263.6 apid=0.0 integ=-0.0 vision=1 current=1 vframe=326 vs=1 vage=15 vpage=15 vdt=92 vmax=165 vacc=322 vrej=0 seq=0 elapsed=0 oled=3C
[   3016] STATUS mode=3 fault=none enc=-335 denc=0 sreq=172 sapplied=172 crate=172 uimp=-263875 upos=545 uneg=965 ball=33.75 vball=201.13 aball=89.0 bref=0.00 pid=214.6 pref=-242.4 ppos=-263.9 apid=0.0 integ=-0.0 vision=1 current=1 vframe=327 vs=1 vage=9 vpage=9 vdt=26 vmax=165 vacc=323 vrej=0 seq=0 elapsed=0 oled=3C
[   3046] STATUS mode=3 fault=none enc=-331 denc=1 sreq=177 sapplied=177 crate=177 uimp=-260075 upos=565 uneg=965 ball=33.75 vball=201.13 aball=89.0 bref=0.00 pid=176.6 pref=-242.4 ppos=-260.1 apid=0.0 integ=-0.0 vision=1 current=1 vframe=327 vs=1 vage=29 vpage=29 vdt=26 vmax=165 vacc=323 vrej=0 seq=0 elapsed=0 oled=3C
[   3077] STATUS mode=3 fault=none enc=-324 denc=1 sreq=117 sapplied=117 crate=117 uimp=-254130 upos=605 uneg=965 ball=33.75 vball=201.13 aball=89.0 bref=0.00 pid=117.1 pref=-242.4 ppos=-254.1 apid=0.0 integ=-0.0 vision=1 current=0 vframe=328 vs=0 vage=69 vpage=40 vdt=26 vmax=165 vacc=323 vrej=0 seq=0 elapsed=0 oled=3C
[   3093] STATUS mode=3 fault=none enc=-321 denc=1 sreq=95 sapplied=95 crate=95 uimp=-251960 upos=625 uneg=965 ball=33.75 vball=201.13 aball=89.0 bref=0.00 pid=95.4 pref=-242.4 ppos=-252.0 apid=0.0 integ=-0.0 vision=1 current=0 vframe=328 vs=0 vage=89 vpage=60 vdt=26 vmax=165 vacc=323 vrej=0 seq=0 elapsed=0 oled=3C
[   3125] STATUS mode=3 fault=none enc=-318 denc=2 sreq=78 sapplied=78 crate=78 uimp=-250190 upos=645 uneg=965 ball=33.75 vball=201.13 aball=89.0 bref=0.00 pid=77.7 pref=-242.4 ppos=-250.2 apid=0.0 integ=-0.0 vision=1 current=0 vframe=328 vs=0 vage=109 vpage=80 vdt=26 vmax=165 vacc=323 vrej=0 seq=0 elapsed=0 oled=3C
[   3155] STATUS mode=3 fault=none enc=-316 denc=0 sreq=52 sapplied=52 crate=52 uimp=-247575 upos=685 uneg=965 ball=33.75 vball=201.13 aball=89.0 bref=0.00 pid=51.6 pref=-242.4 ppos=-247.6 apid=0.0 integ=-0.0 vision=1 current=0 vframe=329 vs=0 vage=149 vpage=25 vdt=26 vmax=165 vacc=323 vrej=0 seq=0 elapsed=0 oled=3C
[   3187] STATUS mode=3 fault=none enc=-311 denc=2 sreq=452 sapplied=452 crate=452 uimp=-243535 upos=705 uneg=965 ball=56.87 vball=247.90 aball=239.1 bref=0.00 pid=569.2 pref=-186.6 ppos=-243.5 apid=0.0 integ=-0.0 vision=1 current=1 vframe=330 vs=1 vage=20 vpage=20 vdt=149 vmax=165 vacc=324 vrej=0 seq=0 elapsed=0 oled=3C
[   3202] STATUS mode=3 fault=none enc=-298 denc=3 sreq=529 sapplied=529 crate=529 uimp=-233480 upos=725 uneg=965 ball=64.82 vball=242.05 aball=239.1 bref=0.00 pid=529.0 pref=-180.6 ppos=-233.5 apid=0.0 integ=-0.0 vision=1 current=1 vframe=331 vs=1 vage=1 vpage=1 vdt=39 vmax=165 vacc=325 vrej=0 seq=0 elapsed=0 oled=3C
[   3234] STATUS mode=3 fault=none enc=-276 denc=2 sreq=351 sapplied=351 crate=351 uimp=-215675 upos=765 uneg=965 ball=64.82 vball=242.05 aball=239.1 bref=0.00 pid=350.9 pref=-180.6 ppos=-215.7 apid=0.0 integ=-0.0 vision=1 current=1 vframe=331 vs=1 vage=41 vpage=41 vdt=39 vmax=165 vacc=325 vrej=0 seq=0 elapsed=0 oled=3C
[   3266] STATUS mode=3 fault=none enc=-267 denc=3 sreq=286 sapplied=286 crate=286 uimp=-209165 upos=785 uneg=965 ball=64.82 vball=242.05 aball=239.1 bref=0.00 pid=285.8 pref=-180.6 ppos=-209.2 apid=0.0 integ=-0.0 vision=1 current=1 vframe=331 vs=1 vage=61 vpage=61 vdt=39 vmax=165 vacc=325 vrej=0 seq=0 elapsed=0 oled=3C
[   3280] STATUS mode=3 fault=none enc=-257 denc=-1 sreq=0 sapplied=0 crate=10 uimp=-199990 upos=825 uneg=965 ball=73.18 vball=175.61 aball=-118.7 bref=0.00 pid=-104.3 pref=-210.4 ppos=-200.0 apid=-0.0 integ=-0.0 vision=1 current=1 vframe=332 vs=1 vage=10 vpage=10 vdt=91 vmax=165 vacc=326 vrej=0 seq=0 elapsed=0 oled=3C
[   3312] STATUS mode=3 fault=none enc=-255 denc=0 sreq=-94 sapplied=-94 crate=-94 uimp=-201005 upos=825 uneg=975 ball=73.18 vball=175.61 aball=-118.7 bref=0.00 pid=-94.1 pref=-210.4 ppos=-201.0 apid=-0.0 integ=-0.0 vision=1 current=1 vframe=332 vs=1 vage=30 vpage=30 vdt=91 vmax=165 vacc=326 vrej=0 seq=0 elapsed=0 oled=3C
[   3343] STATUS mode=3 fault=none enc=-258 denc=0 sreq=211 sapplied=211 crate=211 uimp=-201920 upos=825 uneg=985 ball=81.89 vball=208.64 aball=-118.7 bref=0.00 pid=217.7 pref=-180.1 ppos=-201.9 apid=-0.0 integ=-0.0 vision=1 current=1 vframe=333 vs=1 vage=14 vpage=14 vdt=36 vmax=165 vacc=327 vrej=0 seq=0 elapsed=0 oled=3C
[   3375] STATUS mode=3 fault=none enc=-250 denc=0 sreq=145 sapplied=145 crate=145 uimp=-194615 upos=865 uneg=985 ball=81.89 vball=208.64 aball=-118.7 bref=0.00 pid=144.7 pref=-180.1 ppos=-194.6 apid=-0.0 integ=-0.0 vision=1 current=1 vframe=333 vs=1 vage=54 vpage=54 vdt=36 vmax=165 vacc=327 vrej=0 seq=0 elapsed=0 oled=3C
[   3391] STATUS mode=3 fault=none enc=-247 denc=1 sreq=118 sapplied=118 crate=118 uimp=-191930 upos=885 uneg=985 ball=81.89 vball=208.64 aball=-118.7 bref=0.00 pid=117.8 pref=-180.1 ppos=-191.9 apid=-0.0 integ=-0.0 vision=1 current=1 vframe=333 vs=1 vage=74 vpage=74 vdt=36 vmax=165 vacc=327 vrej=0 seq=0 elapsed=0 oled=3C
[   3421] STATUS mode=3 fault=none enc=-244 denc=1 sreq=96 sapplied=96 crate=96 uimp=-189745 upos=905 uneg=985 ball=81.89 vball=208.64 aball=-118.7 bref=0.00 pid=96.0 pref=-180.1 ppos=-189.7 apid=-0.0 integ=-0.0 vision=1 current=1 vframe=333 vs=1 vage=94 vpage=94 vdt=36 vmax=165 vacc=327 vrej=0 seq=0 elapsed=0 oled=3C
[   3452] STATUS mode=3 fault=none enc=-241 denc=0 sreq=-161 sapplied=-161 crate=-161 uimp=-189555 upos=925 uneg=995 ball=92.12 vball=145.59 aball=-58.6 bref=0.00 pid=-161.4 pref=-205.7 ppos=-189.6 apid=-0.0 integ=-0.0 vision=1 current=1 vframe=335 vs=1 vage=15 vpage=15 vdt=7 vmax=165 vacc=329 vrej=0 seq=0 elapsed=0 oled=3C
[   3484] STATUS mode=3 fault=none enc=-245 denc=-1 sreq=-38 sapplied=-38 crate=-38 uimp=-192545 upos=925 uneg=1015 ball=99.29 vball=189.04 aball=-58.6 bref=0.00 pid=215.2 pref=-171.0 ppos=-192.5 apid=-0.0 integ=-0.0 vision=1 current=1 vframe=336 vs=1 vage=4 vpage=4 vdt=31 vmax=165 vacc=330 vrej=0 seq=0 elapsed=0 oled=3C
[   3500] STATUS mode=3 fault=none enc=-245 denc=1 sreq=199 sapplied=199 crate=199 uimp=-190880 upos=935 uneg=1020 ball=99.29 vball=189.04 aball=-58.6 bref=0.00 pid=198.5 pref=-171.0 ppos=-190.9 apid=-0.0 integ=-0.0 vision=1 current=1 vframe=336 vs=1 vage=24 vpage=24 vdt=31 vmax=165 vacc=330 vrej=0 seq=0 elapsed=0 oled=3C
[   3530] STATUS mode=3 fault=none enc=-240 denc=0 sreq=-49 sapplied=-49 crate=-49 uimp=-188460 upos=955 uneg=1035 ball=102.62 vball=145.17 aball=-58.6 bref=0.00 pid=-48.9 pref=-193.4 ppos=-188.5 apid=-0.0 integ=-0.0 vision=1 current=1 vframe=337 vs=1 vage=30 vpage=30 vdt=34 vmax=165 vacc=331 vrej=0 seq=0 elapsed=0 oled=3C
[   3562] STATUS mode=3 fault=none enc=-242 denc=-1 sreq=-40 sapplied=-40 crate=-40 uimp=-189365 upos=955 uneg=1055 ball=102.62 vball=145.17 aball=-58.6 bref=0.00 pid=-39.9 pref=-193.4 ppos=-189.4 apid=-0.0 integ=-0.0 vision=1 current=1 vframe=337 vs=1 vage=50 vpage=50 vdt=34 vmax=165 vacc=331 vrej=0 seq=0 elapsed=0 oled=3C
[   3593] STATUS mode=3 fault=none enc=-242 denc=0 sreq=-26 sapplied=-26 crate=-26 uimp=-190705 upos=955 uneg=1095 ball=102.62 vball=145.17 aball=-58.6 bref=0.00 pid=-26.5 pref=-193.4 ppos=-190.7 apid=-0.0 integ=-0.0 vision=1 current=1 vframe=337 vs=1 vage=90 vpage=90 vdt=34 vmax=165 vacc=331 vrej=0 seq=0 elapsed=0 oled=3C
[   3609] STATUS mode=3 fault=none enc=-245 denc=-1 sreq=-174 sapplied=-174 crate=-174 uimp=-193350 upos=955 uneg=1115 ball=107.62 vball=106.11 aball=-226.6 bref=0.00 pid=-174.4 pref=-210.8 ppos=-193.4 apid=-0.0 integ=-0.0 vision=1 current=1 vframe=338 vs=1 vage=16 vpage=16 vdt=94 vmax=165 vacc=332 vrej=0 seq=0 elapsed=0 oled=3C
[   3641] STATUS mode=3 fault=none enc=-249 denc=-2 sreq=-129 sapplied=-129 crate=-129 uimp=-196435 upos=955 uneg=1135 ball=109.81 vball=104.22 aball=-226.6 bref=0.00 pid=-128.6 pref=-209.3 ppos=-196.4 apid=-0.0 integ=-0.0 vision=1 current=1 vframe=339 vs=1 vage=13 vpage=13 vdt=23 vmax=165 vacc=333 vrej=0 seq=0 elapsed=0 oled=3C
[   3671] STATUS mode=3 fault=none enc=-253 denc=1 sreq=-83 sapplied=-83 crate=-83 uimp=-200720 upos=955 uneg=1175 ball=113.06 vball=98.23 aball=-226.6 bref=0.00 pid=-82.7 pref=-209.0 ppos=-200.7 apid=-0.0 integ=-0.0 vision=1 current=1 vframe=340 vs=1 vage=20 vpage=20 vdt=33 vmax=165 vacc=334 vrej=0 seq=0 elapsed=0 oled=3C
[   3702] STATUS mode=3 fault=none enc=-256 denc=-1 sreq=-67 sapplied=-67 crate=-67 uimp=-202260 upos=955 uneg=1195 ball=113.06 vball=98.23 aball=-226.6 bref=0.00 pid=-67.3 pref=-209.0 ppos=-202.3 apid=-0.0 integ=-0.0 vision=1 current=1 vframe=340 vs=1 vage=40 vpage=40 vdt=33 vmax=165 vacc=334 vrej=0 seq=0 elapsed=0 oled=3C
[   3734] STATUS mode=3 fault=none enc=-259 denc=-1 sreq=-45 sapplied=-45 crate=-45 uimp=-204525 upos=955 uneg=1235 ball=113.06 vball=98.23 aball=-226.6 bref=0.00 pid=-44.6 pref=-209.0 ppos=-204.5 apid=-0.0 integ=-0.0 vision=1 current=1 vframe=340 vs=1 vage=60 vpage=60 vdt=33 vmax=165 vacc=334 vrej=0 seq=0 elapsed=0 oled=3C
[   3750] STATUS mode=3 fault=none enc=-260 denc=-1 sreq=-104 sapplied=-104 crate=-104 uimp=-205710 upos=955 uneg=1255 ball=117.11 vball=78.23 aball=-208.8 bref=0.00 pid=-104.2 pref=-216.1 ppos=-205.7 apid=-0.0 integ=-0.0 vision=1 current=1 vframe=341 vs=1 vage=7 vpage=7 vdt=93 vmax=165 vacc=335 vrej=0 seq=0 elapsed=0 oled=3C
[   3780] STATUS mode=3 fault=none enc=-262 denc=-2 sreq=-116 sapplied=-116 crate=-116 uimp=-207640 upos=955 uneg=1275 ball=118.42 vball=70.50 aball=-208.8 bref=0.00 pid=-115.5 pref=-219.2 ppos=-207.6 apid=-0.0 integ=-0.0 vision=1 current=1 vframe=342 vs=1 vage=3 vpage=3 vdt=24 vmax=165 vacc=336 vrej=0 seq=0 elapsed=0 oled=3C
[   3812] STATUS mode=3 fault=none enc=-267 denc=-2 sreq=-174 sapplied=-174 crate=-174 uimp=-212040 upos=955 uneg=1315 ball=119.53 vball=51.20 aball=-208.8 bref=0.00 pid=-174.0 pref=-229.4 ppos=-212.0 apid=-0.0 integ=-0.0 vision=1 current=1 vframe=343 vs=1 vage=10 vpage=10 vdt=33 vmax=165 vacc=337 vrej=0 seq=0 elapsed=0 oled=3C
[   3843] STATUS mode=3 fault=none enc=-270 denc=0 sreq=-142 sapplied=-142 crate=-142 uimp=-215265 upos=955 uneg=1335 ball=119.53 vball=51.20 aball=-208.8 bref=0.00 pid=-141.8 pref=-229.4 ppos=-215.3 apid=-0.0 integ=-0.0 vision=1 current=1 vframe=343 vs=1 vage=30 vpage=30 vdt=33 vmax=165 vacc=337 vrej=0 seq=0 elapsed=0 oled=3C
[   3859] STATUS mode=3 fault=none enc=-274 denc=-1 sreq=-115 sapplied=-115 crate=-115 uimp=-217900 upos=955 uneg=1355 ball=119.53 vball=51.20 aball=-208.8 bref=0.00 pid=-115.4 pref=-229.4 ppos=-217.9 apid=-0.0 integ=-0.0 vision=1 current=1 vframe=343 vs=1 vage=50 vpage=50 vdt=33 vmax=165 vacc=337 vrej=0 seq=0 elapsed=0 oled=3C
[   3891] STATUS mode=3 fault=none enc=-279 denc=-1 sreq=-77 sapplied=-77 crate=-77 uimp=-221785 upos=955 uneg=1395 ball=119.53 vball=51.20 aball=-208.8 bref=0.00 pid=-76.6 pref=-229.4 ppos=-221.8 apid=-0.0 integ=-0.0 vision=1 current=1 vframe=343 vs=1 vage=90 vpage=90 vdt=33 vmax=165 vacc=337 vrej=0 seq=0 elapsed=0 oled=3C
[   3921] STATUS mode=3 fault=none enc=-281 denc=0 sreq=-165 sapplied=-165 crate=-165 uimp=-224270 upos=955 uneg=1415 ball=120.34 vball=30.68 aball=-255.6 bref=0.00 pid=-165.1 pref=-240.8 ppos=-224.3 apid=-0.0 integ=-0.0 vision=1 current=1 vframe=344 vs=1 vage=15 vpage=15 vdt=95 vmax=165 vacc=338 vrej=0 seq=0 elapsed=0 oled=3C
[   3952] STATUS mode=3 fault=none enc=-286 denc=0 sreq=-68 sapplied=-68 crate=-68 uimp=-228345 upos=955 uneg=1455 ball=121.27 vball=38.14 aball=-255.6 bref=0.00 pid=-68.4 pref=-235.2 ppos=-228.3 apid=-0.0 integ=-0.0 vision=1 current=1 vframe=345 vs=1 vage=33 vpage=33 vdt=22 vmax=165 vacc=339 vrej=0 seq=0 elapsed=0 oled=3C
[   3984] STATUS mode=3 fault=none enc=-285 denc=2 sreq=332 sapplied=332 crate=332 uimp=-226865 upos=965 uneg=1460 ball=121.63 vball=24.51 aball=-255.6 bref=0.00 pid=400.0 pref=796.4 ppos=-226.9 apid=-0.0 integ=0.0 vision=1 current=1 vframe=346 vs=1 vage=20 vpage=20 vdt=33 vmax=165 vacc=340 vrej=0 seq=0 elapsed=0 oled=3C
[   4000] STATUS mode=3 fault=none enc=-276 denc=3 sreq=400 sapplied=400 crate=400 uimp=-219205 upos=985 uneg=1460 ball=121.63 vball=24.51 aball=-255.6 bref=0.00 pid=400.0 pref=796.4 ppos=-219.2 apid=-0.0 integ=0.0 vision=1 current=1 vframe=346 vs=1 vage=40 vpage=40 vdt=33 vmax=165 vacc=340 vrej=0 seq=0 elapsed=0 oled=3C
[   4030] STATUS mode=3 fault=none enc=-255 denc=3 sreq=400 sapplied=400 crate=400 uimp=-203205 upos=1025 uneg=1460 ball=121.63 vball=24.51 aball=-255.6 bref=0.00 pid=400.0 pref=796.4 ppos=-203.2 apid=-0.0 integ=0.0 vision=1 current=1 vframe=346 vs=1 vage=80 vpage=80 vdt=33 vmax=165 vacc=340 vrej=0 seq=0 elapsed=0 oled=3C
[   4062] STATUS mode=3 fault=none enc=-245 denc=3 sreq=400 sapplied=400 crate=400 uimp=-195205 upos=1045 uneg=1460 ball=121.91 vball=13.79 aball=-191.6 bref=0.00 pid=400.0 pref=796.4 ppos=-195.2 apid=-0.0 integ=0.0 vision=1 current=1 vframe=347 vs=1 vage=6 vpage=6 vdt=94 vmax=165 vacc=341 vrej=0 seq=0 elapsed=0 oled=3C
[   4077] STATUS mode=3 fault=none enc=-235 denc=2 sreq=400 sapplied=400 crate=400 uimp=-187205 upos=1065 uneg=1460 ball=121.69 vball=1.57 aball=-191.6 bref=0.00 pid=400.0 pref=796.4 ppos=-187.2 apid=-0.0 integ=0.0 vision=1 current=1 vframe=348 vs=1 vage=5 vpage=5 vdt=21 vmax=165 vacc=342 vrej=0 seq=0 elapsed=0 oled=3C
[   4109] STATUS mode=3 fault=none enc=-214 denc=2 sreq=400 sapplied=400 crate=400 uimp=-171205 upos=1105 uneg=1460 ball=121.47 vball=-2.96 aball=-191.6 bref=0.00 pid=400.0 pref=796.4 ppos=-171.2 apid=-0.0 integ=0.0 vision=1 current=1 vframe=349 vs=1 vage=11 vpage=11 vdt=34 vmax=165 vacc=343 vrej=0 seq=0 elapsed=0 oled=3C
[   4141] STATUS mode=3 fault=none enc=-204 denc=2 sreq=400 sapplied=400 crate=400 uimp=-163205 upos=1125 uneg=1460 ball=121.47 vball=-2.96 aball=-191.6 bref=0.00 pid=400.0 pref=796.4 ppos=-163.2 apid=-0.0 integ=0.0 vision=1 current=1 vframe=349 vs=1 vage=31 vpage=31 vdt=34 vmax=165 vacc=343 vrej=0 seq=0 elapsed=0 oled=3C
[   4171] STATUS mode=3 fault=none enc=-183 denc=4 sreq=400 sapplied=400 crate=400 uimp=-147205 upos=1165 uneg=1460 ball=121.47 vball=-2.96 aball=-191.6 bref=0.00 pid=400.0 pref=796.4 ppos=-147.2 apid=-0.0 integ=0.0 vision=1 current=1 vframe=349 vs=1 vage=71 vpage=71 vdt=34 vmax=165 vacc=343 vrej=0 seq=0 elapsed=0 oled=3C
[   4187] STATUS mode=3 fault=none enc=-173 denc=3 sreq=400 sapplied=400 crate=400 uimp=-139205 upos=1185 uneg=1460 ball=121.47 vball=-2.96 aball=-191.6 bref=0.00 pid=400.0 pref=796.4 ppos=-139.2 apid=-0.0 integ=0.0 vision=1 current=1 vframe=349 vs=1 vage=91 vpage=91 vdt=34 vmax=165 vacc=343 vrej=0 seq=0 elapsed=0 oled=3C
[   4218] STATUS mode=3 fault=none enc=-164 denc=2 sreq=400 sapplied=400 crate=400 uimp=-131205 upos=1205 uneg=1460 ball=119.44 vball=-17.40 aball=-200.2 bref=0.00 pid=400.0 pref=796.4 ppos=-131.2 apid=-0.0 integ=0.0 vision=1 current=1 vframe=350 vs=1 vage=18 vpage=18 vdt=93 vmax=165 vacc=344 vrej=0 seq=0 elapsed=0 oled=3C
[   4250] STATUS mode=3 fault=none enc=-143 denc=2 sreq=400 sapplied=400 crate=400 uimp=-115205 upos=1245 uneg=1460 ball=116.87 vball=-68.81 aball=-200.2 bref=0.00 pid=400.0 pref=796.4 ppos=-115.2 apid=-0.0 integ=0.0 vision=1 current=1 vframe=351 vs=1 vage=35 vpage=35 vdt=23 vmax=165 vacc=345 vrej=0 seq=0 elapsed=0 oled=3C
[   4280] STATUS mode=3 fault=none enc=-132 denc=3 sreq=400 sapplied=400 crate=400 uimp=-107205 upos=1265 uneg=1460 ball=115.50 vball=-54.78 aball=-200.2 bref=0.00 pid=400.0 pref=796.4 ppos=-107.2 apid=-0.0 integ=0.0 vision=1 current=1 vframe=352 vs=1 vage=19 vpage=19 vdt=36 vmax=165 vacc=346 vrej=0 seq=0 elapsed=0 oled=3C
[   4296] STATUS mode=3 fault=none enc=-123 denc=2 sreq=400 sapplied=400 crate=400 uimp=-99205 upos=1285 uneg=1460 ball=115.50 vball=-54.78 aball=-200.2 bref=0.00 pid=400.0 pref=796.4 ppos=-99.2 apid=-0.0 integ=0.0 vision=1 current=1 vframe=352 vs=1 vage=39 vpage=39 vdt=36 vmax=165 vacc=346 vrej=0 seq=0 elapsed=0 oled=3C
[   4327] STATUS mode=3 fault=none enc=-103 denc=2 sreq=400 sapplied=400 crate=400 uimp=-83205 upos=1325 uneg=1460 ball=115.50 vball=-54.78 aball=-200.2 bref=0.00 pid=400.0 pref=796.4 ppos=-83.2 apid=-0.0 integ=0.0 vision=1 current=1 vframe=352 vs=1 vage=79 vpage=79 vdt=36 vmax=165 vacc=346 vrej=0 seq=0 elapsed=0 oled=3C
[   4359] STATUS mode=3 fault=none enc=-93 denc=2 sreq=400 sapplied=400 crate=400 uimp=-75205 upos=1345 uneg=1460 ball=112.97 vball=-45.51 aball=-192.8 bref=0.00 pid=400.0 pref=796.4 ppos=-75.2 apid=-0.0 integ=0.0 vision=1 current=1 vframe=353 vs=1 vage=5 vpage=5 vdt=94 vmax=165 vacc=347 vrej=0 seq=0 elapsed=0 oled=3C
[   4391] STATUS mode=3 fault=none enc=-83 denc=3 sreq=300 sapplied=300 crate=300 uimp=-67205 upos=1365 uneg=1460 ball=108.42 vball=-117.77 aball=-192.8 bref=0.00 pid=0.0 pref=-67.2 ppos=-67.2 apid=-0.0 integ=-0.0 vision=1 current=1 vframe=354 vs=1 vage=1 vpage=1 vdt=24 vmax=165 vacc=348 vrej=0 seq=0 elapsed=0 oled=3C
[   4405] STATUS mode=3 fault=none enc=-79 denc=0 sreq=-26 sapplied=-26 crate=-26 uimp=-64630 upos=1380 uneg=1475 ball=108.42 vball=-117.77 aball=-192.8 bref=0.00 pid=-25.7 pref=-67.2 ppos=-64.6 apid=-0.0 integ=-0.0 vision=1 current=0 vframe=355 vs=0 vage=41 vpage=13 vdt=24 vmax=165 vacc=348 vrej=0 seq=0 elapsed=0 oled=3C
[   4437] STATUS mode=3 fault=none enc=-79 denc=-1 sreq=-21 sapplied=-21 crate=-21 uimp=-65105 upos=1380 uneg=1495 ball=108.42 vball=-117.77 aball=-192.8 bref=0.00 pid=-21.0 pref=-67.2 ppos=-65.1 apid=-0.0 integ=-0.0 vision=1 current=0 vframe=355 vs=0 vage=61 vpage=33 vdt=24 vmax=165 vacc=348 vrej=0 seq=0 elapsed=0 oled=3C
[   4468] STATUS mode=3 fault=none enc=-80 denc=0 sreq=0 sapplied=0 crate=-19 uimp=-65310 upos=1380 uneg=1505 ball=108.42 vball=-117.77 aball=-192.8 bref=0.00 pid=-18.9 pref=-67.2 ppos=-65.3 apid=-0.0 integ=-0.0 vision=1 current=0 vframe=355 vs=0 vage=101 vpage=73 vdt=24 vmax=165 vacc=348 vrej=0 seq=0 elapsed=0 oled=3C
[   4500] STATUS mode=3 fault=none enc=-80 denc=0 sreq=0 sapplied=0 crate=-19 uimp=-65310 upos=1380 uneg=1505 ball=108.42 vball=-117.77 aball=-192.8 bref=0.00 pid=-18.9 pref=-67.2 ppos=-65.3 apid=-0.0 integ=-0.0 vision=1 current=0 vframe=355 vs=0 vage=121 vpage=93 vdt=24 vmax=165 vacc=348 vrej=0 seq=0 elapsed=0 oled=3C
[   4516] STATUS mode=3 fault=none enc=-80 denc=0 sreq=0 sapplied=0 crate=-19 uimp=-65310 upos=1380 uneg=1505 ball=108.42 vball=-117.77 aball=-192.8 bref=0.00 pid=-18.9 pref=-67.2 ppos=-65.3 apid=-0.0 integ=-0.0 vision=1 current=0 vframe=356 vs=0 vage=141 vpage=19 vdt=24 vmax=165 vacc=348 vrej=0 seq=0 elapsed=0 oled=3C
[   4546] STATUS mode=3 fault=none enc=-80 denc=0 sreq=0 sapplied=0 crate=0 uimp=-65310 upos=1380 uneg=1505 ball=108.42 vball=-117.77 aball=-192.8 bref=0.00 pid=-18.9 pref=-65.3 ppos=-65.3 apid=-0.0 integ=-0.0 vision=1 current=0 vframe=358 vs=0 vage=181 vpage=1 vdt=24 vmax=165 vacc=348 vrej=0 seq=0 elapsed=0 oled=3C
[   4577] STATUS mode=3 fault=none enc=-80 denc=0 sreq=0 sapplied=0 crate=0 uimp=-65310 upos=1380 uneg=1505 ball=108.42 vball=-117.77 aball=-192.8 bref=0.00 pid=-18.9 pref=-65.3 ppos=-65.3 apid=-0.0 integ=-0.0 vision=1 current=0 vframe=358 vs=0 vage=201 vpage=21 vdt=24 vmax=165 vacc=348 vrej=0 seq=0 elapsed=0 oled=3C
[   4609] STATUS mode=3 fault=none enc=-80 denc=0 sreq=0 sapplied=0 crate=0 uimp=-65310 upos=1380 uneg=1505 ball=108.42 vball=-117.77 aball=-192.8 bref=0.00 pid=-18.9 pref=-65.3 ppos=-65.3 apid=-0.0 integ=-0.0 vision=1 current=0 vframe=358 vs=0 vage=221 vpage=41 vdt=24 vmax=165 vacc=348 vrej=0 seq=0 elapsed=0 oled=3C
[   4625] STATUS mode=3 fault=none enc=-80 denc=0 sreq=0 sapplied=0 crate=0 uimp=-65310 upos=1380 uneg=1505 ball=108.42 vball=-117.77 aball=-192.8 bref=0.00 pid=-18.9 pref=-65.3 ppos=-65.3 apid=-0.0 integ=-0.0 vision=1 current=0 vframe=358 vs=0 vage=261 vpage=81 vdt=24 vmax=165 vacc=348 vrej=0 seq=0 elapsed=0 oled=3C
[   4655] STATUS mode=3 fault=none enc=-80 denc=0 sreq=0 sapplied=0 crate=0 uimp=-65310 upos=1380 uneg=1505 ball=108.42 vball=-117.77 aball=-192.8 bref=0.00 pid=-18.9 pref=-65.3 ppos=-65.3 apid=-0.0 integ=-0.0 vision=1 current=0 vframe=359 vs=0 vage=281 vpage=7 vdt=24 vmax=165 vacc=348 vrej=0 seq=0 elapsed=0 oled=3C
[   4687] STATUS mode=3 fault=none enc=-80 denc=0 sreq=0 sapplied=0 crate=0 uimp=-65310 upos=1380 uneg=1505 ball=108.42 vball=-117.77 aball=-192.8 bref=0.00 pid=-18.9 pref=-65.3 ppos=-65.3 apid=-0.0 integ=-0.0 vision=1 current=0 vframe=360 vs=0 vage=301 vpage=5 vdt=24 vmax=165 vacc=348 vrej=0 seq=0 elapsed=0 oled=3C
[   4702] STATUS mode=3 fault=none enc=-80 denc=0 sreq=0 sapplied=0 crate=0 uimp=-65310 upos=1380 uneg=1505 ball=108.42 vball=-117.77 aball=-192.8 bref=0.00 pid=-18.9 pref=-65.3 ppos=-65.3 apid=-0.0 integ=-0.0 vision=1 current=0 vframe=361 vs=0 vage=341 vpage=11 vdt=24 vmax=165 vacc=348 vrej=0 seq=0 elapsed=0 oled=3C
[   4734] STATUS mode=3 fault=none enc=-80 denc=0 sreq=0 sapplied=0 crate=0 uimp=-65310 upos=1380 uneg=1505 ball=108.42 vball=-117.77 aball=-192.8 bref=0.00 pid=-18.9 pref=-65.3 ppos=-65.3 apid=-0.0 integ=-0.0 vision=1 current=0 vframe=361 vs=0 vage=361 vpage=31 vdt=24 vmax=165 vacc=348 vrej=0 seq=0 elapsed=0 oled=3C
[   4766] STATUS mode=3 fault=none enc=-80 denc=0 sreq=0 sapplied=0 crate=0 uimp=-65310 upos=1380 uneg=1505 ball=108.42 vball=-117.77 aball=-192.8 bref=0.00 pid=-18.9 pref=-65.3 ppos=-65.3 apid=-0.0 integ=-0.0 vision=1 current=0 vframe=361 vs=0 vage=381 vpage=51 vdt=24 vmax=165 vacc=348 vrej=0 seq=0 elapsed=0 oled=3C
[   4796] STATUS mode=3 fault=none enc=-80 denc=0 sreq=0 sapplied=0 crate=0 uimp=-65310 upos=1380 uneg=1505 ball=108.42 vball=-117.77 aball=-192.8 bref=0.00 pid=-18.9 pref=-65.3 ppos=-65.3 apid=-0.0 integ=-0.0 vision=1 current=0 vframe=361 vs=0 vage=421 vpage=91 vdt=24 vmax=165 vacc=348 vrej=0 seq=0 elapsed=0 oled=3C
[   4812] STATUS mode=3 fault=none enc=-80 denc=0 sreq=0 sapplied=0 crate=0 uimp=-65310 upos=1380 uneg=1505 ball=108.42 vball=-117.77 aball=-192.8 bref=0.00 pid=-18.9 pref=-65.3 ppos=-65.3 apid=-0.0 integ=-0.0 vision=1 current=0 vframe=362 vs=0 vage=441 vpage=16 vdt=24 vmax=165 vacc=348 vrej=0 seq=0 elapsed=0 oled=3C
[   4843] STATUS mode=3 fault=none enc=-80 denc=0 sreq=40 sapplied=40 crate=40 uimp=-65095 upos=1385 uneg=1505 ball=103.72 vball=-98.11 aball=0.0 bref=0.00 pid=40.5 pref=-61.0 ppos=-65.1 apid=0.0 integ=-0.0 vision=1 current=1 vframe=363 vs=1 vage=13 vpage=13 vdt=448 vmax=448 vacc=349 vrej=0 seq=0 elapsed=0 oled=3C
[   4875] STATUS mode=3 fault=none enc=-78 denc=1 sreq=-269 sapplied=-269 crate=-269 uimp=-64870 upos=1415 uneg=1510 ball=32.62 vball=-45.72 aball=0.0 bref=0.00 pid=-500.6 pref=-114.9 ppos=-64.9 apid=0.0 integ=-0.0 vision=1 current=1 vframe=364 vs=1 vage=13 vpage=13 vdt=40 vmax=448 vacc=350 vrej=0 seq=0 elapsed=0 oled=3C
[   4905] STATUS mode=3 fault=none enc=-88 denc=-3 sreq=-423 sapplied=-423 crate=-423 uimp=-72630 upos=1415 uneg=1530 ball=32.62 vball=-45.72 aball=0.0 bref=0.00 pid=-423.0 pref=-114.9 ppos=-72.6 apid=0.0 integ=-0.0 vision=1 current=1 vframe=364 vs=1 vage=33 vpage=33 vdt=40 vmax=448 vacc=350 vrej=0 seq=0 elapsed=0 oled=3C
[   4921] STATUS mode=3 fault=none enc=-97 denc=-2 sreq=-345 sapplied=-345 crate=-345 uimp=-80480 upos=1415 uneg=1550 ball=32.62 vball=-45.72 aball=0.0 bref=0.00 pid=-344.5 pref=-114.9 ppos=-80.5 apid=0.0 integ=-0.0 vision=1 current=1 vframe=364 vs=1 vage=53 vpage=53 vdt=40 vmax=448 vacc=350 vrej=0 seq=0 elapsed=0 oled=3C
[   4952] STATUS mode=3 fault=none enc=-112 denc=-1 sreq=-229 sapplied=-229 crate=-229 uimp=-92080 upos=1415 uneg=1590 ball=32.62 vball=-45.72 aball=0.0 bref=0.00 pid=-228.5 pref=-114.9 ppos=-92.1 apid=0.0 integ=-0.0 vision=1 current=1 vframe=364 vs=1 vage=93 vpage=93 vdt=40 vmax=448 vacc=350 vrej=0 seq=0 elapsed=0 oled=3C
[   4984] STATUS mode=3 fault=none enc=-117 denc=-1 sreq=-186 sapplied=-186 crate=-186 uimp=-96320 upos=1415 uneg=1610 ball=32.62 vball=-45.72 aball=0.0 bref=0.00 pid=-186.1 pref=-114.9 ppos=-96.3 apid=0.0 integ=-0.0 vision=1 current=0 vframe=365 vs=0 vage=113 vpage=19 vdt=40 vmax=448 vacc=350 vrej=0 seq=0 elapsed=0 oled=3C
[   5016] STATUS mode=3 fault=none enc=-125 denc=-1 sreq=0 sapplied=0 crate=0 uimp=-102590 upos=1415 uneg=1650 ball=32.62 vball=-45.72 aball=0.0 bref=0.00 pid=-129.9 pref=-102.6 ppos=-102.6 apid=0.0 integ=-0.0 vision=1 current=0 vframe=366 vs=0 vage=153 vpage=31 vdt=40 vmax=448 vacc=350 vrej=0 seq=0 elapsed=0 oled=3C
[   5030] STATUS mode=3 fault=none enc=-125 denc=0 sreq=0 sapplied=0 crate=0 uimp=-102590 upos=1415 uneg=1650 ball=32.62 vball=-45.72 aball=0.0 bref=0.00 pid=-129.9 pref=-102.6 ppos=-102.6 apid=0.0 integ=-0.0 vision=1 current=0 vframe=366 vs=0 vage=173 vpage=51 vdt=40 vmax=448 vacc=350 vrej=0 seq=0 elapsed=0 oled=3C
[   5062] STATUS mode=3 fault=none enc=-125 denc=0 sreq=0 sapplied=0 crate=0 uimp=-102590 upos=1415 uneg=1650 ball=32.62 vball=-45.72 aball=0.0 bref=0.00 pid=-129.9 pref=-102.6 ppos=-102.6 apid=0.0 integ=-0.0 vision=1 current=0 vframe=366 vs=0 vage=193 vpage=71 vdt=40 vmax=448 vacc=350 vrej=0 seq=0 elapsed=0 oled=3C
[   5093] STATUS mode=3 fault=none enc=-125 denc=0 sreq=-100 sapplied=-100 crate=-100 uimp=-102590 upos=1415 uneg=1650 ball=-3.49 vball=-318.08 aball=0.0 bref=0.00 pid=-800.0 pref=-321.7 ppos=-102.6 apid=0.0 integ=-0.0 vision=1 current=1 vframe=367 vs=1 vage=5 vpage=5 vdt=228 vmax=448 vacc=351 vrej=0 seq=0 elapsed=0 oled=3C
[   5125] STATUS mode=3 fault=none enc=-129 denc=-3 sreq=-500 sapplied=-500 crate=-500 uimp=-107590 upos=1415 uneg=1670 ball=-16.01 vball=-274.88 aball=0.0 bref=0.00 pid=-800.0 pref=-310.8 ppos=-107.6 apid=0.0 integ=-0.0 vision=1 current=1 vframe=368 vs=1 vage=18 vpage=18 vdt=7 vmax=448 vacc=352 vrej=0 seq=0 elapsed=0 oled=3C
[   5141] STATUS mode=3 fault=none enc=-146 denc=-6 sreq=-800 sapplied=-800 crate=-800 uimp=-120590 upos=1415 uneg=1690 ball=-26.29 vball=-322.63 aball=0.0 bref=0.00 pid=-800.0 pref=-351.8 ppos=-120.6 apid=0.0 integ=-0.0 vision=1 current=1 vframe=369 vs=1 vage=13 vpage=13 vdt=25 vmax=448 vacc=353 vrej=0 seq=0 elapsed=0 oled=3C
[   5171] STATUS mode=3 fault=none enc=-187 denc=-6 sreq=-800 sapplied=-800 crate=-800 uimp=-152590 upos=1415 uneg=1730 ball=-40.17 vball=-359.90 aball=0.0 bref=0.00 pid=-800.0 pref=-390.8 ppos=-152.6 apid=0.0 integ=-0.0 vision=1 current=1 vframe=370 vs=1 vage=20 vpage=20 vdt=33 vmax=448 vacc=354 vrej=0 seq=0 elapsed=0 oled=3C
[   5202] STATUS mode=3 fault=none enc=-207 denc=-5 sreq=-800 sapplied=-800 crate=-800 uimp=-168590 upos=1415 uneg=1750 ball=-40.17 vball=-359.90 aball=0.0 bref=0.00 pid=-800.0 pref=-390.8 ppos=-168.6 apid=0.0 integ=-0.0 vision=1 current=1 vframe=370 vs=1 vage=40 vpage=40 vdt=33 vmax=448 vacc=354 vrej=0 seq=0 elapsed=0 oled=3C
[   5234] STATUS mode=3 fault=none enc=-248 denc=-5 sreq=-800 sapplied=-800 crate=-800 uimp=-200590 upos=1415 uneg=1790 ball=-40.17 vball=-359.90 aball=0.0 bref=0.00 pid=-800.0 pref=-390.8 ppos=-200.6 apid=0.0 integ=-0.0 vision=1 current=1 vframe=370 vs=1 vage=80 vpage=80 vdt=33 vmax=448 vacc=354 vrej=0 seq=0 elapsed=0 oled=3C
[   5250] STATUS mode=3 fault=none enc=-269 denc=-6 sreq=-800 sapplied=-800 crate=-800 uimp=-216590 upos=1415 uneg=1810 ball=-40.17 vball=-359.90 aball=0.0 bref=0.00 pid=-800.0 pref=-390.8 ppos=-216.6 apid=0.0 integ=-0.0 vision=1 current=1 vframe=370 vs=1 vage=100 vpage=100 vdt=33 vmax=448 vacc=354 vrej=0 seq=0 elapsed=0 oled=3C
[   5280] STATUS mode=3 fault=none enc=-289 denc=-5 sreq=-800 sapplied=-800 crate=-800 uimp=-232590 upos=1415 uneg=1830 ball=-55.52 vball=-281.93 aball=98.6 bref=0.00 pid=-800.0 pref=-362.4 ppos=-232.6 apid=0.0 integ=-0.0 vision=1 current=1 vframe=371 vs=1 vage=20 vpage=20 vdt=100 vmax=448 vacc=355 vrej=0 seq=0 elapsed=0 oled=3C
[   5312] STATUS mode=3 fault=none enc=-330 denc=-5 sreq=-800 sapplied=-800 crate=-800 uimp=-264590 upos=1415 uneg=1870 ball=-65.24 vball=-283.04 aball=98.6 bref=0.00 pid=-800.0 pref=-374.8 ppos=-264.6 apid=0.0 integ=-0.0 vision=1 current=1 vframe=372 vs=1 vage=27 vpage=27 vdt=33 vmax=448 vacc=356 vrej=0 seq=0 elapsed=0 oled=3C
[   5343] STATUS mode=3 fault=none enc=-351 denc=-6 sreq=-800 sapplied=-800 crate=-800 uimp=-280590 upos=1415 uneg=1890 ball=-65.24 vball=-283.04 aball=98.6 bref=0.00 pid=-800.0 pref=-374.8 ppos=-280.6 apid=0.0 integ=-0.0 vision=1 current=1 vframe=372 vs=1 vage=47 vpage=47 vdt=33 vmax=448 vacc=356 vrej=0 seq=0 elapsed=0 oled=3C
[   5375] STATUS mode=3 fault=none enc=-389 denc=-4 sreq=-637 sapplied=-637 crate=-637 uimp=-311090 upos=1415 uneg=1930 ball=-65.24 vball=-283.04 aball=98.6 bref=0.00 pid=-636.7 pref=-374.8 ppos=-311.1 apid=0.0 integ=-0.0 vision=1 current=1 vframe=372 vs=1 vage=67 vpage=67 vdt=33 vmax=448 vacc=356 vrej=0 seq=0 elapsed=0 oled=3C
[   5391] STATUS mode=3 fault=none enc=-405 denc=-4 sreq=-646 sapplied=-646 crate=-646 uimp=-322905 upos=1415 uneg=1950 ball=-81.70 vball=-378.21 aball=-257.5 bref=0.00 pid=-800.0 pref=-426.6 ppos=-322.9 apid=-0.0 integ=-0.0 vision=1 current=1 vframe=373 vs=1 vage=1 vpage=1 vdt=106 vmax=448 vacc=357 vrej=0 seq=0 elapsed=0 oled=3C
[   5421] STATUS mode=3 fault=none enc=-423 denc=-5 sreq=-800 sapplied=-800 crate=-800 uimp=-337865 upos=1415 uneg=1970 ball=-93.27 vball=-312.83 aball=-257.5 bref=0.00 pid=-800.0 pref=-426.3 ppos=-337.9 apid=-0.0 integ=-0.0 vision=1 current=1 vframe=374 vs=1 vage=14 vpage=14 vdt=7 vmax=448 vacc=358 vrej=0 seq=0 elapsed=0 oled=3C
[   5452] STATUS mode=3 fault=none enc=-460 denc=-4 sreq=-594 sapplied=-594 crate=-594 uimp=-367205 upos=1415 uneg=2010 ball=-107.89 vball=-360.04 aball=-257.5 bref=0.00 pid=-594.4 pref=-426.6 ppos=-367.2 apid=-0.0 integ=-0.0 vision=1 current=1 vframe=375 vs=1 vage=18 vpage=18 vdt=36 vmax=448 vacc=359 vrej=0 seq=0 elapsed=0 oled=3C
[   5484] STATUS mode=3 fault=none enc=-474 denc=-3 sreq=-484 sapplied=-484 crate=-484 uimp=-378230 upos=1415 uneg=2030 ball=-107.89 vball=-360.04 aball=-257.5 bref=0.00 pid=-484.2 pref=-426.6 ppos=-378.2 apid=-0.0 integ=-0.0 vision=1 current=1 vframe=375 vs=1 vage=38 vpage=38 vdt=36 vmax=448 vacc=359 vrej=0 seq=0 elapsed=0 oled=3C
[   5516] STATUS mode=3 fault=none enc=-495 denc=-3 sreq=-321 sapplied=-321 crate=-321 uimp=-394525 upos=1415 uneg=2070 ball=-107.89 vball=-360.04 aball=-257.5 bref=0.00 pid=-321.2 pref=-426.6 ppos=-394.5 apid=-0.0 integ=-0.0 vision=1 current=1 vframe=375 vs=1 vage=78 vpage=78 vdt=36 vmax=448 vacc=359 vrej=0 seq=0 elapsed=0 oled=3C
[   5530] STATUS mode=3 fault=none enc=-502 denc=-2 sreq=-262 sapplied=-262 crate=-262 uimp=-400480 upos=1415 uneg=2090 ball=-107.89 vball=-360.04 aball=-257.5 bref=0.00 pid=-261.7 pref=-426.6 ppos=-400.5 apid=-0.0 integ=-0.0 vision=1 current=1 vframe=375 vs=1 vage=98 vpage=98 vdt=36 vmax=448 vacc=359 vrej=0 seq=0 elapsed=0 oled=3C
[   5562] STATUS mode=3 fault=none enc=-507 denc=-1 sreq=-213 sapplied=-213 crate=-213 uimp=-405335 upos=1415 uneg=2110 ball=-125.48 vball=-257.57 aball=54.6 bref=0.00 pid=-213.1 pref=-426.6 ppos=-405.3 apid=0.0 integ=-0.0 vision=1 current=1 vframe=377 vs=1 vage=6 vpage=6 vdt=7 vmax=448 vacc=361 vrej=0 seq=0 elapsed=0 oled=3C
[   5593] STATUS mode=3 fault=none enc=-517 denc=-1 sreq=-141 sapplied=-141 crate=-141 uimp=-412510 upos=1415 uneg=2150 ball=-125.48 vball=-257.57 aball=54.6 bref=0.00 pid=-141.4 pref=-426.6 ppos=-412.5 apid=0.0 integ=-0.0 vision=1 current=0 vframe=378 vs=0 vage=46 vpage=25 vdt=7 vmax=448 vacc=361 vrej=0 seq=0 elapsed=0 oled=3C
[   5625] STATUS mode=3 fault=none enc=-520 denc=-1 sreq=-115 sapplied=-115 crate=-115 uimp=-415130 upos=1415 uneg=2170 ball=-125.48 vball=-257.57 aball=54.6 bref=0.00 pid=-115.2 pref=-426.6 ppos=-415.1 apid=0.0 integ=-0.0 vision=1 current=0 vframe=379 vs=0 vage=66 vpage=11 vdt=7 vmax=448 vacc=361 vrej=0 seq=0 elapsed=0 oled=3C
[   5641] STATUS mode=3 fault=none enc=-525 denc=-1 sreq=-76 sapplied=-76 crate=-76 uimp=-419005 upos=1415 uneg=2210 ball=-125.48 vball=-257.57 aball=54.6 bref=0.00 pid=-76.4 pref=-426.6 ppos=-419.0 apid=0.0 integ=-0.0 vision=1 current=0 vframe=379 vs=0 vage=106 vpage=51 vdt=7 vmax=448 vacc=361 vrej=0 seq=0 elapsed=0 oled=3C
[   5671] STATUS mode=3 fault=none enc=-526 denc=0 sreq=-62 sapplied=-62 crate=-62 uimp=-420425 upos=1415 uneg=2230 ball=-125.48 vball=-257.57 aball=54.6 bref=0.00 pid=-62.2 pref=-426.6 ppos=-420.4 apid=0.0 integ=-0.0 vision=1 current=0 vframe=379 vs=0 vage=126 vpage=71 vdt=7 vmax=448 vacc=361 vrej=0 seq=0 elapsed=0 oled=3C
[   5702] STATUS mode=3 fault=none enc=-527 denc=0 sreq=-51 sapplied=-51 crate=-51 uimp=-421575 upos=1415 uneg=2250 ball=-125.48 vball=-257.57 aball=54.6 bref=0.00 pid=-50.7 pref=-426.6 ppos=-421.6 apid=0.0 integ=-0.0 vision=1 current=0 vframe=379 vs=0 vage=146 vpage=91 vdt=7 vmax=448 vacc=361 vrej=0 seq=0 elapsed=0 oled=3C
[   5734] STATUS mode=3 fault=none enc=-517 denc=4 sreq=645 sapplied=645 crate=645 uimp=-411830 upos=1440 uneg=2255 ball=-129.05 vball=-109.68 aball=600.2 bref=0.00 pid=645.2 pref=-347.3 ppos=-411.8 apid=0.0 integ=-0.0 vision=1 current=1 vframe=380 vs=1 vage=32 vpage=32 vdt=154 vmax=448 vacc=362 vrej=0 seq=0 elapsed=0 oled=3C
[   5766] STATUS mode=3 fault=none enc=-498 denc=5 sreq=800 sapplied=800 crate=800 uimp=-396880 upos=1460 uneg=2255 ball=-124.97 vball=28.57 aball=600.2 bref=0.00 pid=800.0 pref=-259.5 ppos=-396.9 apid=0.0 integ=-0.0 vision=1 current=1 vframe=381 vs=1 vage=16 vpage=16 vdt=36 vmax=448 vacc=363 vrej=0 seq=0 elapsed=0 oled=3C
[   5780] STATUS mode=3 fault=none enc=-478 denc=5 sreq=800 sapplied=800 crate=800 uimp=-380880 upos=1480 uneg=2255 ball=-124.97 vball=28.57 aball=600.2 bref=0.00 pid=800.0 pref=-259.5 ppos=-380.9 apid=0.0 integ=-0.0 vision=1 current=1 vframe=381 vs=1 vage=36 vpage=36 vdt=36 vmax=448 vacc=363 vrej=0 seq=0 elapsed=0 oled=3C
[   5812] STATUS mode=3 fault=none enc=-437 denc=5 sreq=800 sapplied=800 crate=800 uimp=-348880 upos=1520 uneg=2255 ball=-124.97 vball=28.57 aball=600.2 bref=0.00 pid=800.0 pref=-259.5 ppos=-348.9 apid=0.0 integ=-0.0 vision=1 current=1 vframe=381 vs=1 vage=76 vpage=76 vdt=36 vmax=448 vacc=363 vrej=0 seq=0 elapsed=0 oled=3C
[   5843] STATUS mode=3 fault=none enc=-417 denc=5 sreq=735 sapplied=735 crate=735 uimp=-333010 upos=1540 uneg=2255 ball=-124.97 vball=28.57 aball=600.2 bref=0.00 pid=735.4 pref=-259.5 ppos=-333.0 apid=0.0 integ=-0.0 vision=1 current=1 vframe=381 vs=1 vage=96 vpage=96 vdt=36 vmax=448 vacc=363 vrej=0 seq=0 elapsed=0 oled=3C
[   5875] STATUS mode=3 fault=none enc=-393 denc=0 sreq=64 sapplied=64 crate=64 uimp=-313420 upos=1580 uneg=2255 ball=-124.58 vball=12.71 aball=726.6 bref=0.00 pid=-400.0 pref=-1326.6 ppos=-313.4 apid=0.0 integ=0.0 vision=1 current=1 vframe=383 vs=1 vage=19 vpage=19 vdt=10 vmax=448 vacc=365 vrej=0 seq=0 elapsed=0 oled=3C
[   5891] STATUS mode=3 fault=none enc=-392 denc=-1 sreq=-336 sapplied=-336 crate=-336 uimp=-314960 upos=1585 uneg=2265 ball=-124.93 vball=1.95 aball=726.6 bref=0.00 pid=-400.0 pref=-1326.6 ppos=-315.0 apid=0.0 integ=0.0 vision=1 current=1 vframe=384 vs=1 vage=4 vpage=4 vdt=35 vmax=448 vacc=366 vrej=0 seq=0 elapsed=0 oled=3C
[   5921] STATUS mode=3 fault=none enc=-402 denc=-2 sreq=-400 sapplied=-400 crate=-400 uimp=-322640 upos=1585 uneg=2285 ball=-124.93 vball=1.95 aball=726.6 bref=0.00 pid=-400.0 pref=-1326.6 ppos=-322.6 apid=0.0 integ=0.0 vision=1 current=1 vframe=384 vs=1 vage=24 vpage=24 vdt=35 vmax=448 vacc=366 vrej=0 seq=0 elapsed=0 oled=3C
[   5952] STATUS mode=3 fault=none enc=-422 denc=-2 sreq=-400 sapplied=-400 crate=-400 uimp=-338640 upos=1585 uneg=2325 ball=-124.99 vball=0.21 aball=726.6 bref=0.00 pid=-400.0 pref=-1326.6 ppos=-338.6 apid=0.0 integ=0.0 vision=1 current=1 vframe=385 vs=1 vage=31 vpage=31 vdt=33 vmax=448 vacc=367 vrej=0 seq=0 elapsed=0 oled=3C
[   5984] STATUS mode=3 fault=none enc=-433 denc=-3 sreq=-400 sapplied=-400 crate=-400 uimp=-346640 upos=1585 uneg=2345 ball=-124.99 vball=0.21 aball=726.6 bref=0.00 pid=-400.0 pref=-1326.6 ppos=-346.6 apid=0.0 integ=0.0 vision=1 current=1 vframe=385 vs=1 vage=51 vpage=51 vdt=33 vmax=448 vacc=367 vrej=0 seq=0 elapsed=0 oled=3C
[   6000] STATUS mode=3 fault=none enc=-443 denc=-3 sreq=-400 sapplied=-400 crate=-400 uimp=-354640 upos=1585 uneg=2365 ball=-124.99 vball=0.21 aball=726.6 bref=0.00 pid=-400.0 pref=-1326.6 ppos=-354.6 apid=0.0 integ=0.0 vision=1 current=1 vframe=385 vs=1 vage=71 vpage=71 vdt=33 vmax=448 vacc=367 vrej=0 seq=0 elapsed=0 oled=3C
[   6030] STATUS mode=3 fault=none enc=-462 denc=-2 sreq=-400 sapplied=-400 crate=-400 uimp=-370640 upos=1585 uneg=2405 ball=-124.99 vball=0.21 aball=726.6 bref=0.00 pid=-400.0 pref=-1326.6 ppos=-370.6 apid=0.0 integ=0.0 vision=1 current=0 vframe=387 vs=0 vage=111 vpage=1 vdt=33 vmax=448 vacc=367 vrej=0 seq=0 elapsed=0 oled=3C
[   6062] STATUS mode=3 fault=none enc=-473 denc=-3 sreq=-400 sapplied=-400 crate=-400 uimp=-378640 upos=1585 uneg=2425 ball=-124.99 vball=0.21 aball=726.6 bref=0.00 pid=-400.0 pref=-1326.6 ppos=-378.6 apid=0.0 integ=0.0 vision=1 current=0 vframe=387 vs=0 vage=131 vpage=21 vdt=33 vmax=448 vacc=367 vrej=0 seq=0 elapsed=0 oled=3C
[   6093] STATUS mode=3 fault=none enc=-485 denc=0 sreq=0 sapplied=0 crate=0 uimp=-386640 upos=1585 uneg=2445 ball=-124.99 vball=0.21 aball=726.6 bref=0.00 pid=-400.0 pref=-386.6 ppos=-386.6 apid=0.0 integ=0.0 vision=1 current=0 vframe=388 vs=0 vage=171 vpage=25 vdt=33 vmax=448 vacc=367 vrej=0 seq=0 elapsed=0 oled=3C
[   6109] STATUS mode=3 fault=none enc=-485 denc=0 sreq=0 sapplied=0 crate=0 uimp=-386640 upos=1585 uneg=2445 ball=-124.99 vball=0.21 aball=726.6 bref=0.00 pid=-400.0 pref=-386.6 ppos=-386.6 apid=0.0 integ=0.0 vision=1 current=0 vframe=388 vs=0 vage=191 vpage=45 vdt=33 vmax=448 vacc=367 vrej=0 seq=0 elapsed=0 oled=3C
[   6141] STATUS mode=3 fault=none enc=-485 denc=0 sreq=0 sapplied=0 crate=0 uimp=-386640 upos=1585 uneg=2445 ball=-124.99 vball=0.21 aball=726.6 bref=0.00 pid=-400.0 pref=-386.6 ppos=-386.6 apid=0.0 integ=0.0 vision=1 current=0 vframe=388 vs=0 vage=211 vpage=65 vdt=33 vmax=448 vacc=367 vrej=0 seq=0 elapsed=0 oled=3C
[   6171] STATUS mode=3 fault=none enc=-485 denc=0 sreq=-100 sapplied=-100 crate=-100 uimp=-386640 upos=1585 uneg=2445 ball=-61.68 vball=0.00 aball=0.0 bref=0.00 pid=-400.0 pref=-1326.6 ppos=-386.6 apid=0.0 integ=0.0 vision=1 current=1 vframe=389 vs=1 vage=5 vpage=5 vdt=246 vmax=448 vacc=368 vrej=0 seq=0 elapsed=0 oled=3C
[   6202] STATUS mode=3 fault=none enc=-490 denc=-3 sreq=-400 sapplied=-400 crate=-400 uimp=-391640 upos=1585 uneg=2465 ball=-61.68 vball=0.00 aball=0.0 bref=0.00 pid=-400.0 pref=-1326.6 ppos=-391.6 apid=0.0 integ=0.0 vision=1 current=0 vframe=390 vs=0 vage=25 vpage=9 vdt=246 vmax=448 vacc=368 vrej=0 seq=0 elapsed=0 oled=3C
[   6218] STATUS mode=3 fault=none enc=-500 denc=-3 sreq=-400 sapplied=-400 crate=-400 uimp=-399640 upos=1585 uneg=2485 ball=-61.68 vball=0.00 aball=0.0 bref=0.00 pid=-400.0 pref=-1326.6 ppos=-399.6 apid=0.0 integ=0.0 vision=1 current=0 vframe=390 vs=0 vage=45 vpage=29 vdt=246 vmax=448 vacc=368 vrej=0 seq=0 elapsed=0 oled=3C
[   6250] STATUS mode=3 fault=none enc=-510 denc=0 sreq=29 sapplied=29 crate=29 uimp=-406490 upos=1590 uneg=2510 ball=-39.37 vball=275.94 aball=0.0 bref=0.00 pid=28.5 pref=-403.6 ppos=-406.5 apid=0.0 integ=-0.0 vision=1 current=1 vframe=391 vs=1 vage=35 vpage=35 vdt=50 vmax=448 vacc=369 vrej=0 seq=0 elapsed=0 oled=3C
[   6280] STATUS mode=3 fault=none enc=-509 denc=0 sreq=23 sapplied=23 crate=23 uimp=-405960 upos=1610 uneg=2510 ball=-39.37 vball=275.94 aball=0.0 bref=0.00 pid=23.2 pref=-403.6 ppos=-406.0 apid=0.0 integ=-0.0 vision=1 current=1 vframe=391 vs=1 vage=55 vpage=55 vdt=50 vmax=448 vacc=369 vrej=0 seq=0 elapsed=0 oled=3C
[   6312] STATUS mode=3 fault=none enc=-510 denc=0 sreq=0 sapplied=0 crate=19 uimp=-405530 upos=1630 uneg=2510 ball=-39.37 vball=275.94 aball=0.0 bref=0.00 pid=18.9 pref=-403.6 ppos=-405.5 apid=0.0 integ=-0.0 vision=1 current=1 vframe=391 vs=1 vage=75 vpage=75 vdt=50 vmax=448 vacc=369 vrej=0 seq=0 elapsed=0 oled=3C
[   6327] STATUS mode=3 fault=none enc=-511 denc=-2 sreq=-150 sapplied=-150 crate=-150 uimp=-408025 upos=1630 uneg=2525 ball=-27.32 vball=219.57 aball=675.0 bref=0.00 pid=-149.8 pref=-423.0 ppos=-408.0 apid=0.0 integ=-0.0 vision=1 current=1 vframe=392 vs=1 vage=21 vpage=21 vdt=94 vmax=448 vacc=370 vrej=0 seq=0 elapsed=0 oled=3C
[   6359] STATUS mode=3 fault=none enc=-514 denc=0 sreq=122 sapplied=122 crate=122 uimp=-408385 upos=1635 uneg=2535 ball=-20.09 vball=249.79 aball=675.0 bref=0.00 pid=121.9 pref=-396.2 ppos=-408.4 apid=0.0 integ=-0.0 vision=1 current=1 vframe=393 vs=1 vage=17 vpage=17 vdt=24 vmax=448 vacc=371 vrej=0 seq=0 elapsed=0 oled=3C
[   6391] STATUS mode=3 fault=none enc=-503 denc=1 sreq=422 sapplied=422 crate=422 uimp=-399325 upos=1675 uneg=2535 ball=-8.42 vball=291.52 aball=675.0 bref=0.00 pid=421.7 pref=-357.2 ppos=-399.3 apid=0.0 integ=-0.0 vision=1 current=1 vframe=394 vs=1 vage=25 vpage=25 vdt=32 vmax=448 vacc=372 vrej=0 seq=0 elapsed=0 oled=3C
[   6421] STATUS mode=3 fault=none enc=-493 denc=2 sreq=343 sapplied=343 crate=343 uimp=-391495 upos=1695 uneg=2535 ball=-8.42 vball=291.52 aball=675.0 bref=0.00 pid=343.4 pref=-357.2 ppos=-391.5 apid=0.0 integ=-0.0 vision=1 current=1 vframe=394 vs=1 vage=45 vpage=45 vdt=32 vmax=448 vacc=372 vrej=0 seq=0 elapsed=0 oled=3C
[   6437] STATUS mode=3 fault=none enc=-485 denc=1 sreq=280 sapplied=280 crate=280 uimp=-385130 upos=1715 uneg=2535 ball=-8.42 vball=291.52 aball=675.0 bref=0.00 pid=279.8 pref=-357.2 ppos=-385.1 apid=0.0 integ=-0.0 vision=1 current=1 vframe=394 vs=1 vage=65 vpage=65 vdt=32 vmax=448 vacc=372 vrej=0 seq=0 elapsed=0 oled=3C
[   6468] STATUS mode=3 fault=none enc=-474 denc=0 sreq=0 sapplied=0 crate=6 uimp=-376160 upos=1755 uneg=2535 ball=3.15 vball=222.48 aball=379.7 bref=0.00 pid=-85.3 pref=-384.7 ppos=-376.2 apid=0.0 integ=-0.0 vision=1 current=1 vframe=395 vs=1 vage=6 vpage=6 vdt=99 vmax=448 vacc=373 vrej=0 seq=0 elapsed=0 oled=3C
[   6500] STATUS mode=3 fault=none enc=-472 denc=1 sreq=-77 sapplied=-77 crate=-77 uimp=-376990 upos=1755 uneg=2545 ball=3.15 vball=222.48 aball=379.7 bref=0.00 pid=-77.0 pref=-384.7 ppos=-377.0 apid=0.0 integ=-0.0 vision=1 current=0 vframe=396 vs=0 vage=26 vpage=9 vdt=99 vmax=448 vacc=373 vrej=0 seq=0 elapsed=0 oled=3C
[   6530] STATUS mode=3 fault=none enc=-474 denc=-1 sreq=-63 sapplied=-63 crate=-63 uimp=-378420 upos=1755 uneg=2565 ball=3.15 vball=222.48 aball=379.7 bref=0.00 pid=-62.7 pref=-384.7 ppos=-378.4 apid=0.0 integ=-0.0 vision=1 current=0 vframe=396 vs=0 vage=46 vpage=29 vdt=99 vmax=448 vacc=373 vrej=0 seq=0 elapsed=0 oled=3C
[   6546] STATUS mode=3 fault=none enc=-465 denc=4 sreq=613 sapplied=613 crate=613 uimp=-370535 upos=1780 uneg=2575 ball=21.05 vball=312.48 aball=379.7 bref=0.00 pid=613.2 pref=-309.2 ppos=-370.5 apid=0.0 integ=-0.0 vision=1 current=1 vframe=397 vs=1 vage=35 vpage=35 vdt=51 vmax=448 vacc=374 vrej=0 seq=0 elapsed=0 oled=3C
[   6577] STATUS mode=3 fault=none enc=-451 denc=3 sreq=499 sapplied=499 crate=499 uimp=-359160 upos=1800 uneg=2575 ball=21.05 vball=312.48 aball=379.7 bref=0.00 pid=499.5 pref=-309.2 ppos=-359.2 apid=0.0 integ=-0.0 vision=1 current=1 vframe=397 vs=1 vage=55 vpage=55 vdt=51 vmax=448 vacc=374 vrej=0 seq=0 elapsed=0 oled=3C
[   6609] STATUS mode=3 fault=none enc=-440 denc=3 sreq=407 sapplied=407 crate=407 uimp=-349895 upos=1820 uneg=2575 ball=21.05 vball=312.48 aball=379.7 bref=0.00 pid=406.8 pref=-309.2 ppos=-349.9 apid=0.0 integ=-0.0 vision=1 current=1 vframe=397 vs=1 vage=75 vpage=75 vdt=51 vmax=448 vacc=374 vrej=0 seq=0 elapsed=0 oled=3C
[   6641] STATUS mode=3 fault=none enc=-426 denc=0 sreq=151 sapplied=151 crate=151 uimp=-338600 upos=1860 uneg=2575 ball=34.72 vball=261.26 aball=330.0 bref=0.00 pid=150.6 pref=-323.5 ppos=-338.6 apid=0.0 integ=-0.0 vision=1 current=1 vframe=398 vs=1 vage=22 vpage=22 vdt=93 vmax=448 vacc=375 vrej=0 seq=0 elapsed=0 oled=3C
[   6655] STATUS mode=3 fault=none enc=-418 denc=3 sreq=508 sapplied=508 crate=508 uimp=-332580 upos=1880 uneg=2575 ball=44.83 vball=310.71 aball=330.0 bref=0.00 pid=508.4 pref=-281.7 ppos=-332.6 apid=0.0 integ=-0.0 vision=1 current=1 vframe=399 vs=1 vage=17 vpage=17 vdt=25 vmax=448 vacc=376 vrej=0 seq=0 elapsed=0 oled=3C
[   6687] STATUS mode=3 fault=none enc=-389 denc=4 sreq=659 sapplied=659 crate=659 uimp=-310170 upos=1920 uneg=2575 ball=58.31 vball=346.20 aball=330.0 bref=0.00 pid=659.0 pref=-244.3 ppos=-310.2 apid=0.0 integ=-0.0 vision=1 current=1 vframe=400 vs=1 vage=23 vpage=23 vdt=34 vmax=448 vacc=377 vrej=0 seq=0 elapsed=0 oled=3C
[   6718] STATUS mode=3 fault=none enc=-374 denc=3 sreq=537 sapplied=537 crate=537 uimp=-297945 upos=1940 uneg=2575 ball=58.31 vball=346.20 aball=330.0 bref=0.00 pid=536.8 pref=-244.3 ppos=-297.9 apid=0.0 integ=-0.0 vision=1 current=1 vframe=400 vs=1 vage=43 vpage=43 vdt=34 vmax=448 vacc=377 vrej=0 seq=0 elapsed=0 oled=3C
[   6750] STATUS mode=3 fault=none enc=-362 denc=2 sreq=437 sapplied=437 crate=437 uimp=-287990 upos=1960 uneg=2575 ball=58.31 vball=346.20 aball=330.0 bref=0.00 pid=437.2 pref=-244.3 ppos=-288.0 apid=0.0 integ=-0.0 vision=1 current=1 vframe=400 vs=1 vage=63 vpage=63 vdt=34 vmax=448 vacc=377 vrej=0 seq=0 elapsed=0 oled=3C
[   6766] STATUS mode=3 fault=none enc=-342 denc=2 sreq=205 sapplied=205 crate=205 uimp=-273280 upos=2000 uneg=2575 ball=71.84 vball=254.59 aball=162.8 bref=0.00 pid=-97.2 pref=-283.0 ppos=-273.3 apid=0.0 integ=-0.0 vision=1 current=1 vframe=401 vs=1 vage=2 vpage=2 vdt=101 vmax=448 vacc=378 vrej=0 seq=0 elapsed=0 oled=3C
[   6796] STATUS mode=3 fault=none enc=-340 denc=0 sreq=-113 sapplied=-113 crate=-113 uimp=-271730 upos=2010 uneg=2575 ball=71.84 vball=254.59 aball=162.8 bref=0.00 pid=-112.7 pref=-283.0 ppos=-271.7 apid=0.0 integ=-0.0 vision=1 current=1 vframe=401 vs=1 vage=22 vpage=22 vdt=101 vmax=448 vacc=378 vrej=0 seq=0 elapsed=0 oled=3C
[   6827] STATUS mode=3 fault=none enc=-341 denc=0 sreq=193 sapplied=193 crate=193 uimp=-272830 upos=2010 uneg=2585 ball=87.63 vball=371.23 aball=162.8 bref=0.00 pid=508.7 pref=-222.0 ppos=-272.8 apid=0.0 integ=-0.0 vision=1 current=1 vframe=402 vs=1 vage=12 vpage=12 vdt=30 vmax=448 vacc=379 vrej=0 seq=0 elapsed=0 oled=3C
[   6859] STATUS mode=3 fault=none enc=-323 denc=2 sreq=347 sapplied=347 crate=347 uimp=-258140 upos=2050 uneg=2585 ball=95.52 vball=306.42 aball=162.8 bref=0.00 pid=346.6 pref=-223.5 ppos=-258.1 apid=0.0 integ=-0.0 vision=1 current=1 vframe=403 vs=1 vage=19 vpage=19 vdt=33 vmax=448 vacc=380 vrej=0 seq=0 elapsed=0 oled=3C
[   6875] STATUS mode=3 fault=none enc=-315 denc=2 sreq=282 sapplied=282 crate=282 uimp=-251710 upos=2070 uneg=2585 ball=95.52 vball=306.42 aball=162.8 bref=0.00 pid=282.3 pref=-223.5 ppos=-251.7 apid=0.0 integ=-0.0 vision=1 current=1 vframe=403 vs=1 vage=39 vpage=39 vdt=33 vmax=448 vacc=380 vrej=0 seq=0 elapsed=0 oled=3C
[   6905] STATUS mode=3 fault=none enc=-302 denc=2 sreq=187 sapplied=187 crate=187 uimp=-242210 upos=2110 uneg=2585 ball=95.52 vball=306.42 aball=162.8 bref=0.00 pid=187.3 pref=-223.5 ppos=-242.2 apid=0.0 integ=-0.0 vision=1 current=1 vframe=403 vs=1 vage=79 vpage=79 vdt=33 vmax=448 vacc=380 vrej=0 seq=0 elapsed=0 oled=3C
[   6937] STATUS mode=3 fault=none enc=-298 denc=1 sreq=61 sapplied=61 crate=61 uimp=-238735 upos=2130 uneg=2585 ball=106.84 vball=226.02 aball=8.7 bref=0.00 pid=-194.1 pref=-258.1 ppos=-238.7 apid=0.0 integ=-0.0 vision=1 current=1 vframe=404 vs=1 vage=3 vpage=3 vdt=96 vmax=448 vacc=381 vrej=0 seq=0 elapsed=0 oled=3C
[   6968] STATUS mode=3 fault=none enc=-298 denc=-1 sreq=-90 sapplied=-90 crate=-90 uimp=-240075 upos=2135 uneg=2595 ball=114.33 vball=262.30 aball=8.7 bref=0.00 pid=126.9 pref=-227.4 ppos=-240.1 apid=0.0 integ=-0.0 vision=1 current=1 vframe=405 vs=1 vage=2 vpage=2 vdt=21 vmax=448 vacc=382 vrej=0 seq=0 elapsed=0 oled=3C
[   6984] STATUS mode=3 fault=none enc=-297 denc=0 sreq=102 sapplied=102 crate=102 uimp=-237550 upos=2160 uneg=2600 ball=114.33 vball=262.30 aball=8.7 bref=0.00 pid=101.7 pref=-227.4 ppos=-237.6 apid=0.0 integ=-0.0 vision=1 current=0 vframe=406 vs=0 vage=42 vpage=10 vdt=21 vmax=448 vacc=382 vrej=0 seq=0 elapsed=0 oled=3C
[   7016] STATUS mode=3 fault=none enc=-294 denc=1 sreq=83 sapplied=83 crate=83 uimp=-235660 upos=2180 uneg=2600 ball=114.33 vball=262.30 aball=8.7 bref=0.00 pid=82.8 pref=-227.4 ppos=-235.7 apid=0.0 integ=-0.0 vision=1 current=0 vframe=406 vs=0 vage=62 vpage=30 vdt=21 vmax=448 vacc=382 vrej=0 seq=0 elapsed=0 oled=3C
[   7046] STATUS mode=3 fault=none enc=-293 denc=0 sreq=67 sapplied=67 crate=67 uimp=-234120 upos=2200 uneg=2600 ball=114.33 vball=262.30 aball=8.7 bref=0.00 pid=67.4 pref=-227.4 ppos=-234.1 apid=0.0 integ=-0.0 vision=1 current=0 vframe=406 vs=0 vage=82 vpage=50 vdt=21 vmax=448 vacc=382 vrej=0 seq=0 elapsed=0 oled=3C
[   7077] STATUS mode=3 fault=none enc=-291 denc=0 sreq=45 sapplied=45 crate=45 uimp=-231850 upos=2240 uneg=2600 ball=114.33 vball=262.30 aball=8.7 bref=0.00 pid=44.7 pref=-227.4 ppos=-231.9 apid=0.0 integ=-0.0 vision=1 current=0 vframe=406 vs=0 vage=122 vpage=90 vdt=21 vmax=448 vacc=382 vrej=0 seq=0 elapsed=0 oled=3C
[   7093] STATUS mode=3 fault=none enc=-290 denc=0 sreq=36 sapplied=36 crate=36 uimp=-231025 upos=2260 uneg=2600 ball=114.33 vball=262.30 aball=8.7 bref=0.00 pid=36.4 pref=-227.4 ppos=-231.0 apid=0.0 integ=-0.0 vision=1 current=0 vframe=407 vs=0 vage=142 vpage=15 vdt=21 vmax=448 vacc=382 vrej=0 seq=0 elapsed=0 oled=3C
[   7125] STATUS mode=3 fault=none enc=-289 denc=0 sreq=0 sapplied=0 crate=0 uimp=-230670 upos=2270 uneg=2600 ball=114.33 vball=262.30 aball=8.7 bref=0.00 pid=34.6 pref=-230.7 ppos=-230.7 apid=0.0 integ=-0.0 vision=1 current=0 vframe=408 vs=0 vage=162 vpage=14 vdt=21 vmax=448 vacc=382 vrej=0 seq=0 elapsed=0 oled=3C
[   7155] STATUS mode=3 fault=none enc=-289 denc=0 sreq=0 sapplied=0 crate=0 uimp=-230670 upos=2270 uneg=2600 ball=114.33 vball=262.30 aball=8.7 bref=0.00 pid=34.6 pref=-230.7 ppos=-230.7 apid=0.0 integ=-0.0 vision=1 current=0 vframe=409 vs=0 vage=202 vpage=21 vdt=21 vmax=448 vacc=382 vrej=0 seq=0 elapsed=0 oled=3C
[   7171] STATUS mode=3 fault=none enc=-289 denc=0 sreq=0 sapplied=0 crate=0 uimp=-230670 upos=2270 uneg=2600 ball=114.33 vball=262.30 aball=8.7 bref=0.00 pid=34.6 pref=-230.7 ppos=-230.7 apid=0.0 integ=-0.0 vision=1 current=0 vframe=409 vs=0 vage=222 vpage=41 vdt=21 vmax=448 vacc=382 vrej=0 seq=0 elapsed=0 oled=3C
[   7202] STATUS mode=3 fault=none enc=-289 denc=0 sreq=0 sapplied=0 crate=0 uimp=-230670 upos=2270 uneg=2600 ball=114.33 vball=262.30 aball=8.7 bref=0.00 pid=34.6 pref=-230.7 ppos=-230.7 apid=0.0 integ=-0.0 vision=1 current=0 vframe=409 vs=0 vage=242 vpage=61 vdt=21 vmax=448 vacc=382 vrej=0 seq=0 elapsed=0 oled=3C
[   7234] STATUS mode=3 fault=none enc=-289 denc=0 sreq=0 sapplied=0 crate=0 uimp=-230670 upos=2270 uneg=2600 ball=114.33 vball=262.30 aball=8.7 bref=0.00 pid=34.6 pref=-230.7 ppos=-230.7 apid=0.0 integ=-0.0 vision=1 current=0 vframe=410 vs=0 vage=282 vpage=6 vdt=21 vmax=448 vacc=382 vrej=0 seq=0 elapsed=0 oled=3C
[   7266] STATUS mode=3 fault=none enc=-289 denc=0 sreq=0 sapplied=0 crate=0 uimp=-230670 upos=2270 uneg=2600 ball=114.33 vball=262.30 aball=8.7 bref=0.00 pid=34.6 pref=-230.7 ppos=-230.7 apid=0.0 integ=-0.0 vision=1 current=0 vframe=411 vs=0 vage=302 vpage=2 vdt=21 vmax=448 vacc=382 vrej=0 seq=0 elapsed=0 oled=3C
[   7280] STATUS mode=3 fault=none enc=-289 denc=0 sreq=0 sapplied=0 crate=0 uimp=-230670 upos=2270 uneg=2600 ball=114.33 vball=262.30 aball=8.7 bref=0.00 pid=34.6 pref=-230.7 ppos=-230.7 apid=0.0 integ=-0.0 vision=1 current=0 vframe=411 vs=0 vage=322 vpage=22 vdt=21 vmax=448 vacc=382 vrej=0 seq=0 elapsed=0 oled=3C
[   7312] STATUS mode=3 fault=none enc=-289 denc=0 sreq=0 sapplied=0 crate=0 uimp=-230670 upos=2270 uneg=2600 ball=114.33 vball=262.30 aball=8.7 bref=0.00 pid=34.6 pref=-230.7 ppos=-230.7 apid=0.0 integ=-0.0 vision=1 current=0 vframe=412 vs=0 vage=362 vpage=30 vdt=21 vmax=448 vacc=382 vrej=0 seq=0 elapsed=0 oled=3C
[   7343] STATUS mode=3 fault=none enc=-289 denc=0 sreq=0 sapplied=0 crate=0 uimp=-230670 upos=2270 uneg=2600 ball=114.33 vball=262.30 aball=8.7 bref=0.00 pid=34.6 pref=-230.7 ppos=-230.7 apid=0.0 integ=-0.0 vision=1 current=0 vframe=412 vs=0 vage=382 vpage=50 vdt=21 vmax=448 vacc=382 vrej=0 seq=0 elapsed=0 oled=3C
[   7359] STATUS mode=3 fault=none enc=-289 denc=0 sreq=0 sapplied=0 crate=0 uimp=-230670 upos=2270 uneg=2600 ball=114.33 vball=262.30 aball=8.7 bref=0.00 pid=34.6 pref=-230.7 ppos=-230.7 apid=0.0 integ=-0.0 vision=1 current=0 vframe=412 vs=0 vage=402 vpage=70 vdt=21 vmax=448 vacc=382 vrej=0 seq=0 elapsed=0 oled=3C
[   7391] STATUS mode=3 fault=none enc=-289 denc=0 sreq=0 sapplied=0 crate=0 uimp=-230670 upos=2270 uneg=2600 ball=114.33 vball=262.30 aball=8.7 bref=0.00 pid=34.6 pref=-230.7 ppos=-230.7 apid=0.0 integ=-0.0 vision=1 current=0 vframe=413 vs=0 vage=442 vpage=12 vdt=21 vmax=448 vacc=382 vrej=0 seq=0 elapsed=0 oled=3C
[   7421] STATUS mode=3 fault=none enc=-289 denc=0 sreq=0 sapplied=0 crate=0 uimp=-230670 upos=2270 uneg=2600 ball=114.33 vball=262.30 aball=8.7 bref=0.00 pid=34.6 pref=-230.7 ppos=-230.7 apid=0.0 integ=-0.0 vision=1 current=0 vframe=413 vs=0 vage=462 vpage=32 vdt=21 vmax=448 vacc=382 vrej=0 seq=0 elapsed=0 oled=3C
[   7452] STATUS mode=3 fault=none enc=-289 denc=0 sreq=0 sapplied=0 crate=0 uimp=-230670 upos=2270 uneg=2600 ball=114.33 vball=262.30 aball=8.7 bref=0.00 pid=34.6 pref=-230.7 ppos=-230.7 apid=0.0 integ=-0.0 vision=1 current=0 vframe=414 vs=0 vage=482 vpage=17 vdt=21 vmax=448 vacc=382 vrej=0 seq=0 elapsed=0 oled=3C
[   7468] STATUS mode=3 fault=none enc=-289 denc=0 sreq=0 sapplied=0 crate=0 uimp=-230670 upos=2270 uneg=2600 ball=114.33 vball=262.30 aball=8.7 bref=0.00 pid=34.6 pref=-230.7 ppos=-230.7 apid=0.0 integ=-0.0 vision=1 current=0 vframe=414 vs=0 vage=522 vpage=57 vdt=21 vmax=448 vacc=382 vrej=0 seq=0 elapsed=0 oled=3C
[   7500] STATUS mode=3 fault=none enc=-289 denc=0 sreq=0 sapplied=0 crate=0 uimp=-230670 upos=2270 uneg=2600 ball=114.33 vball=262.30 aball=8.7 bref=0.00 pid=34.6 pref=-230.7 ppos=-230.7 apid=0.0 integ=-0.0 vision=1 current=0 vframe=414 vs=0 vage=542 vpage=77 vdt=21 vmax=448 vacc=382 vrej=0 seq=0 elapsed=0 oled=3C
[   7530] STATUS mode=3 fault=none enc=-289 denc=0 sreq=0 sapplied=0 crate=0 uimp=-230670 upos=2270 uneg=2600 ball=114.33 vball=262.30 aball=8.7 bref=0.00 pid=34.6 pref=-230.7 ppos=-230.7 apid=0.0 integ=-0.0 vision=1 current=0 vframe=414 vs=0 vage=562 vpage=97 vdt=21 vmax=448 vacc=382 vrej=0 seq=0 elapsed=0 oled=3C
[   7546] STATUS mode=3 fault=none enc=-296 denc=-3 sreq=-600 sapplied=-600 crate=-600 uimp=-237670 upos=2270 uneg=2620 ball=123.83 vball=42.13 aball=0.0 bref=0.00 pid=-800.0 pref=-348.1 ppos=-237.7 apid=0.0 integ=-0.0 vision=1 current=0 vframe=416 vs=0 vage=27 vpage=22 vdt=575 vmax=575 vacc=383 vrej=0 seq=0 elapsed=0 oled=3C
[   7577] STATUS mode=3 fault=none enc=-315 denc=-5 sreq=-700 sapplied=-700 crate=-700 uimp=-252170 upos=2270 uneg=2640 ball=121.54 vball=-1.58 aball=0.0 bref=0.00 pid=400.0 pref=678.0 ppos=-252.2 apid=0.0 integ=0.0 vision=1 current=1 vframe=417 vs=1 vage=2 vpage=2 vdt=45 vmax=575 vacc=384 vrej=0 seq=0 elapsed=0 oled=3C
[   7609] STATUS mode=3 fault=none enc=-334 denc=-1 sreq=100 sapplied=0 crate=100 uimp=-266170 upos=2270 uneg=2675 ball=121.54 vball=-1.58 aball=0.0 bref=0.00 pid= pid=400.0 pref=678.0 ppos=-263.2 apid=0.0 integ=0.0 vision=1 current=1 vframe=417 vs=1 vage=22 vpage=22 vdt=45 vmax=575 vacc=384 vrej=0 seq=0 elapsed=0 oled=3C
[   7641] STATUS mode=3 fault=none enc=-330 denc=2 sreq=400 sapplied=400 crate=400 uimp=-261670 upos=2285 uneg=2675 ball=121.54 vball=-1.58 aball=0.0 bref=0.00 pid=400.0 pref=678.0 ppos=-261.7 apid=0.0 integ=0.0 vision=1 current=1 vframe=417 vs=1 vage=62 vpage=62 vdt=45 vmax=575 vacc=384 vrej=0 seq=0 elapsed=0 oled=3C
[   7655] STATUS mode=3 fault=none enc=-320 denc=2 sreq=400 sapplied=400 crate=400 uimp=-253670 upos=2305 uneg=2675 ball=121.54 vball=-1.58 aball=0.0 bref=0.00 pid=400.0 pref=678.0 ppos=-253.7 apid=0.0 integ=0.0 vision=1 current=1 vframe=417 vs=1 vage=82 vpage=82 vdt=45 vmax=575 vacc=384 vrej=0 seq=0 elapsed=0 oled=3C
[   7687] STATUS mode=3 fault=none enc=-299 denc=1 sreq=400 sapplied=400 crate=400 uimp=-237670 upos=2345 uneg=2675 ball=120.62 vball=-8.18 aball=-159.1 bref=0.00 pid=400.0 pref=678.0 ppos=-237.7 apid=-0.0 integ=0.0 vision=1 current=1 vframe=419 vs=1 vage=7 vpage=7 vdt=12 vmax=575 vacc=386 vrej=0 seq=0 elapsed=0 oled=3C
[   7718] STATUS mode=3 fault=none enc=-289 denc=2 sreq=400 sapplied=400 crate=400 uimp=-229670 upos=2365 uneg=2675 ball=120.62 vball=-8.18 aball=-159.1 bref=0.00 pid=400.0 pref=678.0 ppos=-229.7 apid=-0.0 integ=0.0 vision=1 current=1 vframe=419 vs=1 vage=27 vpage=27 vdt=12 vmax=575 vacc=386 vrej=0 seq=0 elapsed=0 oled=3C
[   7750] STATUS mode=3 fault=none enc=-279 denc=2 sreq=400 sapplied=400 crate=400 uimp=-221670 upos=2385 uneg=2675 ball=120.62 vball=-8.18 aball=-159.1 bref=0.00 pid=400.0 pref=678.0 ppos=-221.7 apid=-0.0 integ=0.0 vision=1 current=0 vframe=420 vs=0 vage=47 vpage=16 vdt=12 vmax=575 vacc=386 vrej=0 seq=0 elapsed=0 oled=3C
[   7766] STATUS mode=3 fault=none enc=-258 denc=2 sreq=400 sapplied=400 crate=400 uimp=-205670 upos=2425 uneg=2675 ball=120.62 vball=-8.18 aball=-159.1 bref=0.00 pid=400.0 pref=678.0 ppos=-205.7 apid=-0.0 integ=0.0 vision=1 current=0 vframe=420 vs=0 vage=87 vpage=56 vdt=12 vmax=575 vacc=386 vrej=0 seq=0 elapsed=0 oled=3C
[   7796] STATUS mode=3 fault=none enc=-248 denc=2 sreq=400 sapplied=400 crate=400 uimp=-197670 upos=2445 uneg=2675 ball=120.62 vball=-8.18 aball=-159.1 bref=0.00 pid=400.0 pref=678.0 ppos=-197.7 apid=-0.0 integ=0.0 vision=1 current=0 vframe=420 vs=0 vage=107 vpage=76 vdt=12 vmax=575 vacc=386 vrej=0 seq=0 elapsed=0 oled=3C
[   7827] STATUS mode=3 fault=none enc=-237 denc=4 sreq=400 sapplied=400 crate=400 uimp=-189670 upos=2465 uneg=2675 ball=120.62 vball=-8.18 aball=-159.1 bref=0.00 pid=400.0 pref=678.0 ppos=-189.7 apid=-0.0 integ=0.0 vision=1 current=0 vframe=420 vs=0 vage=127 vpage=96 vdt=12 vmax=575 vacc=386 vrej=0 seq=0 elapsed=0 oled=3C
[   7859] STATUS mode=3 fault=none enc=-223 denc=1 sreq=0 sapplied=0 crate=0 uimp=-179670 upos=2490 uneg=2675 ball=120.62 vball=-8.18 aball=-159.1 bref=0.00 pid=400.0 pref=-179.7 ppos=-179.7 apid=-0.0 integ=0.0 vision=1 current=0 vframe=422 vs=0 vage=167 vpage=30 vdt=12 vmax=575 vacc=386 vrej=0 seq=0 elapsed=0 oled=3C
[   7875] STATUS mode=3 fault=none enc=-220 denc=3 sreq=400 sapplied=400 crate=400 uimp=-176670 upos=2505 uneg=2675 ball=120.63 vball=-3.63 aball=-71.1 bref=0.00 pid=400.0 pref=678.0 ppos=-176.7 apid=-0.0 integ=0.0 vision=1 current=1 vframe=423 vs=1 vage=19 vpage=19 vdt=168 vmax=575 vacc=387 vrej=0 seq=0 elapsed=0 oled=3C
[   7905] STATUS mode=3 fault=none enc=-201 denc=2 sreq=400 sapplied=400 crate=400 uimp=-160670 upos=2545 uneg=2675 ball=120.63 vball=-3.63 aball=-71.1 bref=0.00 pid=400.0 pref=678.0 ppos=-168.7 apid=-0.0 integ=0.0 vision=1 current=0 vframe=424 vs=0 vage=39 vpage=10 vdt=168 vmax=575 vacc=387 vrej=0 seq=0 elapsed=0 oled=3C
[   7937] STATUS mode=3 fault=none enc=-190 denc=3 sreq=400 sapplied=400 crate=400 uimp=-152670 upos=2565 uneg=2675 ball=120.63 vball=-3.63 aball=-71.1 bref=0.00 pid=400.0 pref=678.0 ppos=-152.7 apid=-0.0 integ=0.0 vision=1 current=0 vframe=424 vs=0 vage=79 vpage=50 vdt=168 vmax=575 vacc=387 vrej=0 seq=0 elapsed=0 oled=3C
[   7968] STATUS mode=3 fault=none enc=-180 denc=2 sreq=400 sapplied=400 crate=400 uimp=-144670 upos=2585 uneg=2675 ball=120.63 vball=-3.63 aball=-71.1 bref=0.00 pid=400.0 pref=678.0 ppos=-144.7 apid=-0.0 integ=0.0 vision=1 current=0 vframe=424 vs=0 vage=99 vpage=70 vdt=168 vmax=575 vacc=387 vrej=0 seq=0 elapsed=0 oled=3C
[   7984] STATUS mode=3 fault=none enc=-160 denc=3 sreq=400 sapplied=400 crate=400 uimp=-128670 upos=2625 uneg=2675 ball=121.85 vball=7.77 aball=1.6 bref=0.00 pid=400.0 pref=678.0 ppos=-128.7 apid=0.0 integ=0.0 vision=1 current=1 vframe=425 vs=1 vage=13 vpage=13 vdt=126 vmax=575 vacc=388 vrej=0 seq=0 elapsed=0 oled=3C
[   8016] STATUS mode=3 fault=none enc=-149 denc=3 sreq=400 sapplied=400 crate=400 uimp=-120670 upos=2645 uneg=2675 ball=122.62 vball=19.51 aball=1.6 bref=0.00 pid=400.0 pref=678.0 ppos=-120.7 apid=0.0 integ=0.0 vision=1 current=1 vframe=426 vs=1 vage=9 vpage=9 vdt=24 vmax=575 vacc=389 vrej=0 seq=0 elapsed=0 oled=3C
[   8046] STATUS mode=3 fault=none enc=-138 denc=4 sreq=400 sapplied=400 crate=400 uimp=-112670 upos=2665 uneg=2675 ball=122.62 vball=19.51 aball=1.6 bref=0.00 pid=400.0 pref=678.0 ppos=-112.7 apid=0.0 integ=0.0 vision=1 current=1 vframe=426 vs=1 vage=29 vpage=29 vdt=24 vmax=575 vacc=389 vrej=0 seq=0 elapsed=0 oled=3C
[   8077] STATUS mode=3 fault=none enc=-119 denc=3 sreq=400 sapplied=400 crate=400 uimp=-96670 upos=2705 uneg=2675 ball=122.62 vball=19.51 aball=1.6 bref=0.00 pid=400.0 pref=678.0 ppos=-96.7 apid=0.0 integ=0.0 vision=1 current=0 vframe=427 vs=0 vage=69 vpage=39 vdt=24 vmax=575 vacc=389 vrej=0 seq=0 elapsed=0 oled=3C
[   8093] STATUS mode=3 fault=none enc=-109 denc=3 sreq=400 sapplied=400 crate=400 uimp=-88670 upos=2725 uneg=2675 ball=122.62 vball=19.51 aball=1.6 bref=0.00 pid=400.0 pref=678.0 ppos=-88.7 apid=0.0 integ=0.0 vision=1 current=0 vframe=427 vs=0 vage=89 vpage=59 vdt=24 vmax=575 vacc=389 vrej=0 seq=0 elapsed=0 oled=3C
[   8125] STATUS mode=3 fault=none enc=-99 denc=3 sreq=400 sapplied=400 crate=400 uimp=-80670 upos=2745 uneg=2675 ball=122.62 vball=19.51 aball=1.6 bref=0.00 pid=400.0 pref=678.0 ppos=-80.7 apid=0.0 integ=0.0 vision=1 current=0 vframe=427 vs=0 vage=109 vpage=79 vdt=24 vmax=575 vacc=389 vrej=0 seq=0 elapsed=0 oled=3C
[   8155] STATUS mode=3 fault=none enc=-80 denc=2 sreq=400 sapplied=400 crate=400 uimp=-64670 upos=2785 uneg=2675 ball=122.62 vball=19.51 aball=1.6 bref=0.00 pid=400.0 pref=678.0 ppos=-64.7 apid=0.0 integ=0.0 vision=1 current=0 vframe=429 vs=0 vage=149 vpage=4 vdt=24 vmax=575 vacc=389 vrej=0 seq=0 elapsed=0 oled=3C
[   8171] STATUS mode=3 fault=none enc=-76 denc=0 sreq=0 sapplied=0 crate=0 uimp=-62670 upos=2790 uneg=2675 ball=122.62 vball=19.51 aball=1.6 bref=0.00 pid=400.0 pref=-62.7 ppos=-62.7 apid=0.0 integ=0.0 vision=1 current=0 vframe=429 vs=0 vage=169 vpage=24 vdt=24 vmax=575 vacc=389 vrej=0 seq=0 elapsed=0 oled=3C
[   8202] STATUS mode=3 fault=none enc=-76 denc=0 sreq=0 sapplied=0 crate=0 uimp=-62670 upos=2790 uneg=2675 ball=122.62 vball=19.51 aball=1.6 bref=0.00 pid=400.0 pref=-62.7 ppos=-62.7 apid=0.0 integ=0.0 vision=1 current=0 vframe=430 vs=0 vage=189 vpage=9 vdt=24 vmax=575 vacc=389 vrej=0 seq=0 elapsed=0 oled=3C
[   8234] STATUS mode=3 fault=none enc=-76 denc=0 sreq=0 sapplied=0 crate=0 uimp=-62670 upos=2790 uneg=2675 ball=122.62 vball=19.51 aball=1.6 bref=0.00 pid=400.0 pref=-62.7 ppos=-62.7 apid=0.0 integ=0.0 vision=1 current=0 vframe=430 vs=0 vage=229 vpage=49 vdt=24 vmax=575 vacc=389 vrej=0 seq=0 elapsed=0 oled=3C
[   8250] STATUS mode=3 fault=none enc=-76 denc=0 sreq=0 sapplied=0 crate=0 uimp=-62670 upos=2790 uneg=2675 ball=122.62 vball=19.51 aball=1.6 bref=0.00 pid=400.0 pref=-62.7 ppos=-62.7 apid=0.0 integ=0.0 vision=1 current=0 vframe=430 vs=0 vage=249 vpage=69 vdt=24 vmax=575 vacc=389 vrej=0 seq=0 elapsed=0 oled=3C
[   8280] STATUS mode=3 fault=none enc=-76 denc=0 sreq=0 sapplied=0 crate=0 uimp=-62670 upos=2790 uneg=2675 ball=122.62 vball=19.51 aball=1.6 bref=0.00 pid=400.0 pref=-62.7 ppos=-62.7 apid=0.0 integ=0.0 vision=1 current=0 vframe=430 vs=0 vage=269 vpage=89 vdt=24 vmax=575 vacc=389 vrej=0 seq=0 elapsed=0 oled=3C
[   8312] STATUS mode=3 fault=none enc=-76 denc=0 sreq=0 sapplied=0 crate=0 uimp=-62670 upos=2790 uneg=2675 ball=122.62 vball=19.51 aball=1.6 bref=0.00 pid=400.0 pref=-62.7 ppos=-62.7 apid=0.0 integ=0.0 vision=1 current=0 vframe=431 vs=0 vage=309 vpage=30 vdt=24 vmax=575 vacc=389 vrej=0 seq=0 elapsed=0 oled=3C
[   8327] STATUS mode=3 fault=none enc=-76 denc=0 sreq=0 sapplied=0 crate=0 uimp=-62670 upos=2790 uneg=2675 ball=122.62 vball=19.51 aball=1.6 bref=0.00 pid=400.0 pref=-62.7 ppos=-62.7 apid=0.0 integ=0.0 vision=1 current=0 vframe=432 vs=0 vage=329 vpage=17 vdt=24 vmax=575 vacc=389 vrej=0 seq=0 elapsed=0 oled=3C
[   8359] STATUS mode=3 fault=none enc=-76 denc=0 sreq=0 sapplied=0 crate=0 uimp=-62670 upos=2790 uneg=2675 ball=122.62 vball=19.51 aball=1.6 bref=0.00 pid=400.0 pref=-62.7 ppos=-62.7 apid=0.0 integ=0.0 vision=1 current=0 vframe=433 vs=0 vage=349 vpage=3 vdt=24 vmax=575 vacc=389 vrej=0 seq=0 elapsed=0 oled=3C
[   8391] STATUS mode=3 fault=none enc=-76 denc=0 sreq=0 sapplied=0 crate=0 uimp=-62670 upos=2790 uneg=2675 ball=122.62 vball=19.51 aball=1.6 bref=0.00 pid=400.0 pref=-62.7 ppos=-62.7 apid=0.0 integ=0.0 vision=1 current=0 vframe=433 vs=0 vage=389 vpage=43 vdt=24 vmax=575 vacc=389 vrej=0 seq=0 elapsed=0 oled=3C
[   8421] STATUS mode=3 fault=none enc=-76 denc=0 sreq=0 sapplied=0 crate=0 uimp=-62670 upos=2790 uneg=2675 ball=122.62 vball=19.51 aball=1.6 bref=0.00 pid=400.0 pref=-62.7 ppos=-62.7 apid=0.0 integ=0.0 vision=1 current=0 vframe=433 vs=0 vage=409 vpage=63 vdt=24 vmax=575 vacc=389 vrej=0 seq=0 elapsed=0 oled=3C
[   8437] STATUS mode=3 fault=none enc=-76 denc=0 sreq=0 sapplied=0 crate=0 uimp=-62670 upos=2790 uneg=2675 ball=122.62 vball=19.51 aball=1.6 bref=0.00 pid=400.0 pref=-62.7 ppos=-62.7 apid=0.0 integ=0.0 vision=1 current=0 vframe=433 vs=0 vage=429 vpage=83 vdt=24 vmax=575 vacc=389 vrej=0 seq=0 elapsed=0 oled=3C
[   8468] STATUS mode=3 fault=none enc=-76 denc=0 sreq=0 sapplied=0 crate=0 uimp=-62670 upos=2790 uneg=2675 ball=122.62 vball=19.51 aball=1.6 bref=0.00 pid=400.0 pref=-62.7 ppos=-62.7 apid=0.0 integ=0.0 vision=1 current=0 vframe=433 vs=0 vage=449 vpage=103 vdt=24 vmax=575 vacc=389 vrej=0 seq=0 elapsed=0 oled=3C
[   8500] STATUS mode=3 fault=none enc=-76 denc=0 sreq=0 sapplied=0 crate=0 uimp=-62670 upos=2790 uneg=2675 ball=122.62 vball=19.51 aball=1.6 bref=0.00 pid=400.0 pref=-62.7 ppos=-62.7 apid=0.0 integ=0.0 vision=1 current=0 vframe=434 vs=0 vage=489 vpage=8 vdt=24 vmax=575 vacc=389 vrej=0 seq=0 elapsed=0 oled=3C
[   8516] STATUS mode=3 fault=none enc=-76 denc=0 sreq=0 sapplied=0 crate=0 uimp=-62670 upos=2790 uneg=2675 ball=122.62 vball=19.51 aball=1.6 bref=0.00 pid=400.0 pref=-62.7 ppos=-62.7 apid=0.0 integ=0.0 vision=1 current=0 vframe=435 vs=0 vage=509 vpage=16 vdt=24 vmax=575 vacc=389 vrej=0 seq=0 elapsed=0 oled=3C
[   8546] STATUS mode=3 fault=none enc=-76 denc=0 sreq=0 sapplied=0 crate=0 uimp=-62670 upos=2790 uneg=2675 ball=122.62 vball=19.51 aball=1.6 bref=0.00 pid=400.0 pref=-62.7 ppos=-62.7 apid=0.0 integ=0.0 vision=1 current=0 vframe=436 vs=0 vage=529 vpage=7 vdt=24 vmax=575 vacc=389 vrej=0 seq=0 elapsed=0 oled=3C
[   8577] STATUS mode=3 fault=none enc=-76 denc=0 sreq=0 sapplied=0 crate=0 uimp=-62670 upos=2790 uneg=2675 ball=122.62 vball=19.51 aball=1.6 bref=0.00 pid=400.0 pref=-62.7 ppos=-62.7 apid=0.0 integ=0.0 vision=1 current=0 vframe=436 vs=0 vage=569 vpage=47 vdt=24 vmax=575 vacc=389 vrej=0 seq=0 elapsed=0 oled=3C
[   8593] STATUS mode=3 fault=none enc=-76 denc=0 sreq=0 sapplied=0 crate=0 uimp=-62670 upos=2790 uneg=2675 ball=122.62 vball=19.51 aball=1.6 bref=0.00 pid=400.0 pref=-62.7 ppos=-62.7 apid=0.0 integ=0.0 vision=1 current=0 vframe=436 vs=0 vage=589 vpage=67 vdt=24 vmax=575 vacc=389 vrej=0 seq=0 elapsed=0 oled=3C
[   8625] STATUS mode=3 fault=none enc=-76 denc=0 sreq=0 sapplied=0 crate=0 uimp=-62670 upos=2790 uneg=2675 ball=122.62 vball=19.51 aball=1.6 bref=0.00 pid=400.0 pref=-62.7 ppos=-62.7 apid=0.0 integ=0.0 vision=1 current=0 vframe=436 vs=0 vage=609 vpage=87 vdt=24 vmax=575 vacc=389 vrej=0 seq=0 elapsed=0 oled=3C
[   8655] STATUS mode=3 fault=none enc=-76 denc=0 sreq=0 sapplied=0 crate=0 uimp=-62670 upos=2790 uneg=2675 ball=122.62 vball=19.51 aball=1.6 bref=0.00 pid=400.0 pref=-62.7 ppos=-62.7 apid=0.0 integ=0.0 vision=1 current=0 vframe=436 vs=0 vage=649 vpage=127 vdt=24 vmax=575 vacc=389 vrej=0 seq=0 elapsed=0 oled=3C
[   8671] STATUS mode=3 fault=none enc=-76 denc=0 sreq=0 sapplied=0 crate=0 uimp=-62670 upos=2790 uneg=2675 ball=122.62 vball=19.51 aball=1.6 bref=0.00 pid=400.0 pref=-62.7 ppos=-62.7 apid=0.0 integ=0.0 vision=1 current=0 vframe=438 vs=0 vage=669 vpage=10 vdt=24 vmax=575 vacc=389 vrej=0 seq=0 elapsed=0 oled=3C
[   8702] STATUS mode=3 fault=none enc=-76 denc=0 sreq=0 sapplied=0 crate=0 uimp=-62670 upos=2790 uneg=2675 ball=122.62 vball=19.51 aball=1.6 bref=0.00 pid=400.0 pref=-62.7 ppos=-62.7 apid=0.0 integ=0.0 vision=1 current=0 vframe=439 vs=0 vage=689 vpage=10 vdt=24 vmax=575 vacc=389 vrej=0 seq=0 elapsed=0 oled=3C
[   8734] STATUS mode=3 fault=none enc=-76 denc=0 sreq=0 sapplied=0 crate=0 uimp=-62670 upos=2790 uneg=2675 ball=122.62 vball=19.51 aball=1.6 bref=0.00 pid=400.0 pref=-62.7 ppos=-62.7 apid=0.0 integ=0.0 vision=1 current=0 vframe=440 vs=0 vage=729 vpage=17 vdt=24 vmax=575 vacc=389 vrej=0 seq=0 elapsed=0 oled=3C
[   8750] STATUS mode=3 fault=none enc=-76 denc=0 sreq=0 sapplied=0 crate=0 uimp=-62670 upos=2790 uneg=2675 ball=122.62 vball=19.51 aball=1.6 bref=0.00 pid=400.0 pref=-62.7 ppos=-62.7 apid=0.0 integ=0.0 vision=1 current=0 vframe=440 vs=0 vage=749 vpage=37 vdt=24 vmax=575 vacc=389 vrej=0 seq=0 elapsed=0 oled=3C
[   8780] STATUS mode=3 fault=none enc=-76 denc=0 sreq=0 sapplied=0 crate=0 uimp=-62670 upos=2790 uneg=2675 ball=122.62 vball=19.51 aball=1.6 bref=0.00 pid=400.0 pref=-62.7 ppos=-62.7 apid=0.0 integ=0.0 vision=1 current=0 vframe=440 vs=0 vage=769 vpage=57 vdt=24 vmax=575 vacc=389 vrej=0 seq=0 elapsed=0 oled=3C
[   8812] STATUS mode=3 fault=none enc=-76 denc=0 sreq=0 sapplied=0 crate=0 uimp=-62670 upos=2790 uneg=2675 ball=122.62 vball=19.51 aball=1.6 bref=0.00 pid=400.0 pref=-62.7 ppos=-62.7 apid=0.0 integ=0.0 vision=1 current=0 vframe=441 vs=0 vage=809 vpage=3 vdt=24 vmax=575 vacc=389 vrej=0 seq=0 elapsed=0 oled=3C
[   8827] STATUS mode=3 fault=none enc=-76 denc=0 sreq=0 sapplied=0 crate=0 uimp=-62670 upos=2790 uneg=2675 ball=122.62 vball=19.51 aball=1.6 bref=0.00 pid=400.0 pref=-62.7 ppos=-62.7 apid=0.0 integ=0.0 vision=1 current=0 vframe=441 vs=0 vage=829 vpage=23 vdt=24 vmax=575 vacc=389 vrej=0 seq=0 elapsed=0 oled=3C
[   8859] STATUS mode=3 fault=none enc=-76 denc=0 sreq=0 sapplied=0 crate=0 uimp=-62670 upos=2790 uneg=2675 ball=122.62 vball=19.51 aball=1.6 bref=0.00 pid=400.0 pref=-62.7 ppos=-62.7 apid=0.0 integ=0.0 vision=1 current=0 vframe=442 vs=0 vage=849 vpage=20 vdt=24 vmax=575 vacc=389 vrej=0 seq=0 elapsed=0 oled=3C
[   8891] STATUS mode=3 fault=none enc=-76 denc=0 sreq=0 sapplied=0 crate=0 uimp=-62670 upos=2790 uneg=2675 ball=122.62 vball=19.51 aball=1.6 bref=0.00 pid=400.0 pref=-62.7 ppos=-62.7 apid=0.0 integ=0.0 vision=1 current=0 vframe=443 vs=0 vage=889 vpage=25 vdt=24 vmax=575 vacc=389 vrej=0 seq=0 elapsed=0 oled=3C
[   8905] STATUS mode=3 fault=none enc=-76 denc=0 sreq=0 sapplied=0 crate=0 uimp=-62670 upos=2790 uneg=2675 ball=122.62 vball=19.51 aball=1.6 bref=0.00 pid=400.0 pref=-62.7 ppos=-62.7 apid=0.0 integ=0.0 vision=1 current=0 vframe=443 vs=0 vage=909 vpage=45 vdt=24 vmax=575 vacc=389 vrej=0 seq=0 elapsed=0 oled=3C
[   8937] STATUS mode=3 fault=none enc=-76 denc=0 sreq=0 sapplied=0 crate=0 uimp=-62670 upos=2790 uneg=2675 ball=122.62 vball=19.51 aball=1.6 bref=0.00 pid=400.0 pref=-62.7 ppos=-62.7 apid=0.0 integ=0.0 vision=1 current=0 vframe=443 vs=0 vage=929 vpage=65 vdt=24 vmax=575 vacc=389 vrej=0 seq=0 elapsed=0 oled=3C
[   8968] STATUS mode=3 fault=none enc=-76 denc=0 sreq=0 sapplied=0 crate=0 uimp=-62670 upos=2790 uneg=2675 ball=122.62 vball=19.51 aball=1.6 bref=0.00 pid=400.0 pref=-62.7 ppos=-62.7 apid=0.0 integ=0.0 vision=1 current=0 vframe=443 vs=0 vage=949 vpage=85 vdt=24 vmax=575 vacc=389 vrej=0 seq=0 elapsed=0 oled=3C
[   9000] STATUS mode=3 fault=none enc=-68 denc=3 sreq=400 sapplied=400 crate=400 uimp=-55670 upos=2815 uneg=2675 ball=123.16 vball=15.60 aball=0.0 bref=0.00 pid=400.0 pref=678.0 ppos=-55.7 apid=0.0 integ=0.0 vision=1 current=0 vframe=445 vs=0 vage=30 vpage=9 vdt=959 vmax=959 vacc=390 vrej=0 seq=0 elapsed=0 oled=3C
[   9016] STATUS mode=3 fault=none enc=-58 denc=2 sreq=400 sapplied=400 crate=400 uimp=-47670 upos=2835 uneg=2675 ball=123.16 vball=15.60 aball=0.0 bref=0.00 pid=400.0 pref=678.0 ppos=-47.7 apid=0.0 integ=0.0 vision=1 current=0 vframe=445 vs=0 vage=50 vpage=29 vdt=959 vmax=959 vacc=390 vrej=0 seq=0 elapsed=0 oled=3C
[   9046] STATUS mode=3 fault=none enc=-48 denc=2 sreq=400 sapplied=400 crate=400 uimp=-39670 upos=2855 uneg=2675 ball=-125.00 vball=0.00 aball=0.0 bref=0.00 pid=400.0 pref=678.0 ppos=-39.7 apid=0.0 integ=0.0 vision=1 current=1 vframe=446 vs=1 vage=14 vpage=14 vdt=56 vmax=959 vacc=391 vrej=0 seq=0 elapsed=0 oled=3C
[   9077] STATUS mode=3 fault=none enc=-28 denc=3 sreq=400 sapplied=400 crate=400 uimp=-23670 upos=2895 uneg=2675 ball=-125.00 vball=0.00 aball=0.0 bref=0.00 pid=400.0 pref=678.0 ppos=-23.7 apid=0.0 integ=0.0 vision=1 current=1 vframe=446 vs=1 vage=54 vpage=54 vdt=56 vmax=959 vacc=391 vrej=0 seq=0 elapsed=0 oled=3C
[   9093] STATUS mode=3 fault=none enc=-18 denc=3 sreq=400 sapplied=400 crate=400 uimp=-15670 upos=2915 uneg=2675 ball=-125.00 vball=0.00 aball=0.0 bref=0.00 pid=400.0 pref=678.0 ppos=-15.7 apid=0.0 integ=0.0 vision=1 current=1 vframe=446 vs=1 vage=74 vpage=74 vdt=56 vmax=959 vacc=391 vrej=0 seq=0 elapsed=0 oled=3C
[   9125] STATUS mode=3 fault=none enc=-8 denc=3 sreq=400 sapplied=400 crate=400 uimp=-7670 upos=2935 uneg=2675 ball=-125.00 vball=0.00 aball=0.0 bref=0.00 pid=400.0 pref=678.0 ppos=-7.7 apid=0.0 integ=0.0 vision=1 current=1 vframe=446 vs=1 vage=94 vpage=94 vdt=56 vmax=959 vacc=391 vrej=0 seq=0 elapsed=0 oled=3C
[   9155] STATUS mode=3 fault=none enc=12 denc=3 sreq=400 sapplied=400 crate=400 uimp=8330 upos=2975 uneg=2675 ball=-125.00 vball=0.00 aball=-46.5 bref=0.00 pid=400.0 pref=678.0 ppos=8.3 apid=-0.0 integ=0.0 vision=1 current=1 vframe=448 vs=1 vage=15 vpage=15 vdt=24 vmax=959 vacc=393 vrej=0 seq=0 elapsed=0 oled=3C
[   9187] STATUS mode=3 fault=none enc=22 denc=2 sreq=400 sapplied=400 crate=400 uimp=16330 upos=2995 uneg=2675 ball=-125.00 vball=0.00 aball=-46.5 bref=0.00 pid=400.0 pref=678.0 ppos=16.3 apid=-0.0 integ=0.0 vision=1 current=1 vframe=449 vs=1 vage=3 vpage=3 vdt=32 vmax=959 vacc=394 vrej=0 seq=0 elapsed=0 oled=3C
[   9202] STATUS mode=3 fault=none enc=32 denc=3 sreq=400 sapplied=400 crate=400 uimp=24330 upos=3015 uneg=2675 ball=-125.00 vball=0.00 aball=-46.5 bref=0.00 pid=400.0 pref=678.0 ppos=24.3 apid=-0.0 integ=0.0 vision=1 current=1 vframe=449 vs=1 vage=23 vpage=23 vdt=32 vmax=959 vacc=394 vrej=0 seq=0 elapsed=0 oled=3C
[   9234] STATUS mode=3 fault=none enc=51 denc=2 sreq=400 sapplied=400 crate=400 uimp=40330 upos=3055 uneg=2675 ball=-125.00 vball=0.00 aball=-46.5 bref=0.00 pid=400.0 pref=678.0 ppos=40.3 apid=-0.0 integ=0.0 vision=1 current=1 vframe=449 vs=1 vage=63 vpage=63 vdt=32 vmax=959 vacc=394 vrej=0 seq=0 elapsed=0 oled=3C
[   9266] STATUS mode=3 fault=none enc=61 denc=2 sreq=400 sapplied=400 crate=400 uimp=48330 upos=3075 uneg=2675 ball=-125.00 vball=0.00 aball=-46.5 bref=0.00 pid=400.0 pref=678.0 ppos=48.3 apid=-0.0 integ=0.0 vision=1 current=1 vframe=449 vs=1 vage=83 vpage=83 vdt=32 vmax=959 vacc=394 vrej=0 seq=0 elapsed=0 oled=3C
[   9280] STATUS mode=3 fault=none enc=71 denc=2 sreq=400 sapplied=400 crate=400 uimp=56330 upos=3095 uneg=2675 ball=-125.00 vball=0.00 aball=-25.6 bref=0.00 pid=400.0 pref=678.0 ppos=56.3 apid=-0.0 integ=0.0 vision=1 current=1 vframe=450 vs=1 vage=4 vpage=4 vdt=99 vmax=959 vacc=395 vrej=0 seq=0 elapsed=0 oled=3C
[   9312] STATUS mode=3 fault=none enc=91 denc=2 sreq=400 sapplied=400 crate=400 uimp=72330 upos=3135 uneg=2675 ball=-125.00 vball=0.00 aball=-25.6 bref=0.00 pid=400.0 pref=678.0 ppos=72.3 apid=-0.0 integ=0.0 vision=1 current=1 vframe=451 vs=1 vage=10 vpage=10 vdt=34 vmax=959 vacc=396 vrej=0 seq=0 elapsed=0 oled=3C
[   9343] STATUS mode=3 fault=none enc=102 denc=3 sreq=400 sapplied=400 crate=400 uimp=80330 upos=3155 uneg=2675 ball=-125.00 vball=0.00 aball=-25.6 bref=0.00 pid=400.0 pref=678.0 ppos=80.3 apid=-0.0 integ=0.0 vision=1 current=1 vframe=451 vs=1 vage=30 vpage=30 vdt=34 vmax=959 vacc=396 vrej=0 seq=0 elapsed=0 oled=3C
[   9375] STATUS mode=3 fault=none enc=112 denc=3 sreq=400 sapplied=400 crate=400 uimp=88330 upos=3175 uneg=2675 ball=-125.00 vball=0.00 aball=-25.6 bref=0.00 pid=400.0 pref=678.0 ppos=88.3 apid=-0.0 integ=0.0 vision=1 current=1 vframe=451 vs=1 vage=50 vpage=50 vdt=34 vmax=959 vacc=396 vrej=0 seq=0 elapsed=0 oled=3C
[   9391] STATUS mode=3 fault=none enc=133 denc=4 sreq=400 sapplied=400 crate=400 uimp=104330 upos=3215 uneg=2675 ball=-125.00 vball=0.00 aball=-25.6 bref=0.00 pid=400.0 pref=678.0 ppos=104.3 apid=-0.0 integ=0.0 vision=1 current=1 vframe=451 vs=1 vage=90 vpage=90 vdt=34 vmax=959 vacc=396 vrej=0 seq=0 elapsed=0 oled=3C
[   9421] STATUS mode=3 fault=none enc=142 denc=2 sreq=400 sapplied=400 crate=400 uimp=112330 upos=3235 uneg=2675 ball=-125.00 vball=0.00 aball=-14.1 bref=0.00 pid=400.0 pref=678.0 ppos=112.3 apid=-0.0 integ=0.0 vision=1 current=1 vframe=452 vs=1 vage=4 vpage=4 vdt=106 vmax=959 vacc=397 vrej=0 seq=0 elapsed=0 oled=3C
[   9452] STATUS mode=3 fault=none enc=162 denc=2 sreq=400 sapplied=400 crate=400 uimp=128330 upos=3275 uneg=2675 ball=-125.00 vball=0.00 aball=-14.1 bref=0.00 pid=400.0 pref=678.0 ppos=128.3 apid=-0.0 integ=0.0 vision=1 current=1 vframe=460 vs=1 vage=11 vpage=11 vdt=21 vmax=959 vacc=405 vrej=0 seq=0 elapsed=0 oled=3C
[   9468] STATUS mode=3 fault=none enc=174 denc=3 sreq=400 sapplied=400 crate=400 uimp=136330 upos=3295 uneg=2675 ball=-125.00 vball=0.00 aball=-14.1 bref=0.00 pid=400.0 pref=678.0 ppos=136.3 apid=-0.0 integ=0.0 vision=1 current=1 vframe=461 vs=1 vage=5 vpage=5 vdt=26 vmax=959 vacc=406 vrej=0 seq=0 elapsed=0 oled=3C
[   9500] STATUS mode=3 fault=none enc=184 denc=3 sreq=400 sapplied=400 crate=400 uimp=144330 upos=3315 uneg=2675 ball=-125.00 vball=0.00 aball=-14.1 bref=0.00 pid=400.0 pref=678.0 ppos=144.3 apid=-0.0 integ=0.0 vision=1 current=1 vframe=461 vs=1 vage=25 vpage=25 vdt=26 vmax=959 vacc=406 vrej=0 seq=0 elapsed=0 oled=3C
[   9530] STATUS mode=3 fault=none enc=204 denc=3 sreq=400 sapplied=400 crate=400 uimp=160330 upos=3355 uneg=2675 ball=-125.00 vball=0.00 aball=-14.1 bref=0.00 pid=400.0 pref=678.0 ppos=160.3 apid=-0.0 integ=0.0 vision=1 current=1 vframe=461 vs=1 vage=65 vpage=65 vdt=26 vmax=959 vacc=406 vrej=0 seq=0 elapsed=0 oled=3C
[   9562] STATUS mode=3 fault=none enc=215 denc=3 sreq=400 sapplied=400 crate=400 uimp=168330 upos=3375 uneg=2675 ball=-125.00 vball=0.00 aball=-14.1 bref=0.00 pid=400.0 pref=678.0 ppos=168.3 apid=-0.0 integ=0.0 vision=1 current=1 vframe=461 vs=1 vage=85 vpage=85 vdt=26 vmax=959 vacc=406 vrej=0 seq=0 elapsed=0 oled=3C
[   9577] STATUS mode=3 fault=none enc=225 denc=2 sreq=400 sapplied=400 crate=400 uimp=176330 upos=3395 uneg=2675 ball=-125.00 vball=0.00 aball=-7.7 bref=0.00 pid=400.0 pref=678.0 ppos=176.3 apid=-0.0 integ=0.0 vision=1 current=1 vframe=462 vs=1 vage=2 vpage=2 vdt=103 vmax=959 vacc=407 vrej=0 seq=0 elapsed=0 oled=3C
[   9609] STATUS mode=3 fault=none enc=245 denc=2 sreq=400 sapplied=400 crate=400 uimp=192330 upos=3435 uneg=2675 ball=-125.00 vball=0.00 aball=-7.7 bref=0.00 pid=400.0 pref=678.0 ppos=192.3 apid=-0.0 integ=0.0 vision=1 current=1 vframe=463 vs=1 vage=10 vpage=10 vdt=32 vmax=959 vacc=408 vrej=0 seq=0 elapsed=0 oled=3C
[   9641] STATUS mode=3 fault=none enc=256 denc=3 sreq=400 sapplied=400 crate=400 uimp=200330 upos=3455 uneg=2675 ball=-125.00 vball=0.00 aball=-7.7 bref=0.00 pid=400.0 pref=678.0 ppos=200.3 apid=-0.0 integ=0.0 vision=1 current=1 vframe=463 vs=1 vage=30 vpage=30 vdt=32 vmax=959 vacc=408 vrej=0 seq=0 elapsed=0 oled=3C
[   9671] STATUS mode=3 fault=none enc=266 denc=2 sreq=400 sapplied=400 crate=400 uimp=208330 upos=3475 uneg=2675 ball=-125.00 vball=0.00 aball=-7.7 bref=0.00 pid=400.0 pref=678.0 ppos=208.3 apid=-0.0 integ=0.0 vision=1 current=1 vframe=464 vs=1 vage=16 vpage=16 vdt=34 vmax=959 vacc=409 vrej=0 seq=0 elapsed=0 oled=3C
[   9687] STATUS mode=3 fault=none enc=287 denc=3 sreq=400 sapplied=400 crate=400 uimp=224330 upos=3515 uneg=2675 ball=-125.00 vball=0.00 aball=-7.7 bref=0.00 pid=400.0 pref=678.0 ppos=224.3 apid=-0.0 integ=0.0 vision=1 current=1 vframe=464 vs=1 vage=56 vpage=56 vdt=34 vmax=959 vacc=409 vrej=0 seq=0 elapsed=0 oled=3C
[   9718] STATUS mode=3 fault=none enc=297 denc=3 sreq=400 sapplied=400 crate=400 uimp=232330 upos=3535 uneg=2675 ball=-125.00 vball=0.00 aball=-7.7 bref=0.00 pid=400.0 pref=678.0 ppos=232.3 apid=-0.0 integ=0.0 vision=1 current=1 vframe=464 vs=1 vage=76 vpage=76 vdt=34 vmax=959 vacc=409 vrej=0 seq=0 elapsed=0 oled=3C
[   9750] STATUS mode=3 fault=none enc=307 denc=2 sreq=400 sapplied=400 crate=400 uimp=240330 upos=3555 uneg=2675 ball=-125.00 vball=0.00 aball=-7.7 bref=0.00 pid=400.0 pref=678.0 ppos=240.3 apid=-0.0 integ=0.0 vision=1 current=1 vframe=464 vs=1 vage=96 vpage=96 vdt=34 vmax=959 vacc=409 vrej=0 seq=0 elapsed=0 oled=3C
[   9766] STATUS mode=3 fault=none enc=327 denc=2 sreq=400 sapplied=400 crate=400 uimp=256330 upos=3595 uneg=2675 ball=-125.00 vball=0.00 aball=-4.3 bref=0.00 pid=400.0 pref=678.0 ppos=256.3 apid=-0.0 integ=0.0 vision=1 current=1 vframe=466 vs=1 vage=6 vpage=6 vdt=32 vmax=959 vacc=411 vrej=0 seq=0 elapsed=0 oled=3C
[   9796] STATUS mode=3 fault=none enc=338 denc=3 sreq=400 sapplied=400 crate=400 uimp=264330 upos=3615 uneg=2675 ball=-125.00 vball=0.00 aball=-4.3 bref=0.00 pid=400.0 pref=678.0 ppos=264.3 apid=-0.0 integ=0.0 vision=1 current=1 vframe=466 vs=1 vage=26 vpage=26 vdt=32 vmax=959 vacc=411 vrej=0 seq=0 elapsed=0 oled=3C
[   9827] STATUS mode=3 fault=none enc=348 denc=2 sreq=400 sapplied=400 crate=400 uimp=272330 upos=3635 uneg=2675 ball=-125.00 vball=0.00 aball=-4.3 bref=0.00 pid=400.0 pref=678.0 ppos=272.3 apid=-0.0 integ=0.0 vision=1 current=1 vframe=467 vs=1 vage=12 vpage=12 vdt=34 vmax=959 vacc=412 vrej=0 seq=0 elapsed=0 oled=3C
[   9859] STATUS mode=3 fault=none enc=368 denc=2 sreq=400 sapplied=400 crate=400 uimp=288330 upos=3675 uneg=2675 ball=-125.00 vball=0.00 aball=-4.3 bref=0.00 pid=400.0 pref=678.0 ppos=288.3 apid=-0.0 integ=0.0 vision=1 current=1 vframe=467 vs=1 vage=52 vpage=52 vdt=34 vmax=959 vacc=412 vrej=0 seq=0 elapsed=0 oled=3C
[   9875] STATUS mode=3 fault=none enc=379 denc=3 sreq=400 sapplied=400 crate=400 uimp=296330 upos=3695 uneg=2675 ball=-125.00 vball=0.00 aball=-4.3 bref=0.00 pid=400.0 pref=678.0 ppos=296.3 apid=-0.0 integ=0.0 vision=1 current=1 vframe=467 vs=1 vage=72 vpage=72 vdt=34 vmax=959 vacc=412 vrej=0 seq=0 elapsed=0 oled=3C
[   9905] STATUS mode=3 fault=none enc=390 denc=4 sreq=400 sapplied=400 crate=400 uimp=304330 upos=3715 uneg=2675 ball=-125.00 vball=0.00 aball=-4.3 bref=0.00 pid=400.0 pref=678.0 ppos=304.3 apid=-0.0 integ=0.0 vision=1 current=1 vframe=467 vs=1 vage=92 vpage=92 vdt=34 vmax=959 vacc=412 vrej=0 seq=0 elapsed=0 oled=3C
[   9937] STATUS mode=3 fault=none enc=409 denc=3 sreq=400 sapplied=400 crate=400 uimp=320330 upos=3755 uneg=2675 ball=-125.00 vball=0.00 aball=-2.3 bref=0.00 pid=400.0 pref=678.0 ppos=320.3 apid=-0.0 integ=0.0 vision=1 current=1 vframe=468 vs=1 vage=30 vpage=30 vdt=102 vmax=959 vacc=413 vrej=0 seq=0 elapsed=0 oled=3C
[   9952] STATUS mode=3 fault=none enc=420 denc=3 sreq=400 sapplied=400 crate=400 uimp=328330 upos=3775 uneg=2675 ball=-125.00 vball=0.00 aball=-2.3 bref=0.00 pid=400.0 pref=678.0 ppos=328.3 apid=-0.0 integ=0.0 vision=1 current=1 vframe=469 vs=1 vage=20 vpage=20 vdt=30 vmax=959 vacc=414 vrej=0 seq=0 elapsed=0 oled=3C
[   9984] STATUS mode=3 fault=none enc=430 denc=2 sreq=400 sapplied=400 crate=400 uimp=336330 upos=3795 uneg=2675 ball=-125.00 vball=0.00 aball=-2.3 bref=0.00 pid=400.0 pref=678.0 ppos=336.3 apid=-0.0 integ=0.0 vision=1 current=1 vframe=470 vs=1 vage=6 vpage=6 vdt=34 vmax=959 vacc=415 vrej=0 seq=0 elapsed=0 oled=3C
[  10016] STATUS mode=3 fault=none enc=450 denc=2 sreq=400 sapplied=400 crate=400 uimp=352330 upos=3835 uneg=2675 ball=-125.00 vball=0.00 aball=-2.3 bref=0.00 pid=400.0 pref=678.0 ppos=352.3 apid=-0.0 integ=0.0 vision=1 current=1 vframe=470 vs=1 vage=46 vpage=46 vdt=34 vmax=959 vacc=415 vrej=0 seq=0 elapsed=0 oled=3C
[  10046] STATUS mode=3 fault=none enc=460 denc=3 sreq=400 sapplied=400 crate=400 uimp=360330 upos=3855 uneg=2675 ball=-125.00 vball=0.00 aball=-2.3 bref=0.00 pid=400.0 pref=678.0 ppos=360.3 apid=-0.0 integ=0.0 vision=1 current=1 vframe=470 vs=1 vage=66 vpage=66 vdt=34 vmax=959 vacc=415 vrej=0 seq=0 elapsed=0 oled=3C
[  10062] STATUS mode=3 fault=none enc=470 denc=2 sreq=400 sapplied=400 crate=400 uimp=368330 upos=3875 uneg=2675 ball=-125.00 vball=0.00 aball=-2.3 bref=0.00 pid=400.0 pref=678.0 ppos=368.3 apid=-0.0 integ=0.0 vision=1 current=1 vframe=470 vs=1 vage=86 vpage=86 vdt=34 vmax=959 vacc=415 vrej=0 seq=0 elapsed=0 oled=3C
[  10093] STATUS mode=3 fault=none enc=490 denc=3 sreq=400 sapplied=400 crate=400 uimp=384330 upos=3915 uneg=2675 ball=-125.00 vball=0.00 aball=-1.3 bref=0.00 pid=400.0 pref=678.0 ppos=384.3 apid=-0.0 integ=0.0 vision=1 current=1 vframe=472 vs=1 vage=9 vpage=9 vdt=24 vmax=959 vacc=417 vrej=0 seq=0 elapsed=0 oled=3C
[  10125] STATUS mode=3 fault=none enc=501 denc=3 sreq=400 sapplied=400 crate=400 uimp=392330 upos=3935 uneg=2675 ball=-125.00 vball=0.00 aball=-1.3 bref=0.00 pid=400.0 pref=678.0 ppos=392.3 apid=-0.0 integ=0.0 vision=1 current=1 vframe=472 vs=1 vage=29 vpage=29 vdt=24 vmax=959 vacc=417 vrej=0 seq=0 elapsed=0 oled=3C
[  10155] STATUS mode=3 fault=none enc=520 denc=3 sreq=400 sapplied=400 crate=400 uimp=408330 upos=3975 uneg=2675 ball=-125.00 vball=0.00 aball=-1.3 bref=0.00 pid=400.0 pref=678.0 ppos=400.3 apid=-0.0 integ=0.0 vision=1 current=1 vframe=473 vs=1 vage=17 vpage=17 vdt=32 vmax=959 vacc=418 vrej=0 seq=0 elapsed=0 oled=3C
[  10171] STATUS mode=3 fault=none enc=529 denc=2 sreq=400 sapplied=400 crate=400 uimp=416330 upos=3995 uneg=2675 ball=-125.00 vball=0.00 aball=-1.3 bref=0.00 pid=400.0 pref=678.0 ppos=416.3 apid=-0.0 integ=0.0 vision=1 current=1 vframe=473 vs=1 vage=57 vpage=57 vdt=32 vmax=959 vacc=418 vrej=0 seq=0 elapsed=0 oled=3C
[  10202] STATUS mode=3 fault=none enc=540 denc=3 sreq=400 sapplied=400 crate=400 uimp=424330 upos=4015 uneg=2675 ball=-125.00 vball=0.00 aball=-1.3 bref=0.00 pid=400.0 pref=678.0 ppos=424.3 apid=-0.0 integ=0.0 vision=1 current=1 vframe=473 vs=1 vage=77 vpage=77 vdt=32 vmax=959 vacc=418 vrej=0 seq=0 elapsed=0 oled=3C
[  10234] STATUS mode=3 fault=none enc=560 denc=3 sreq=400 sapplied=400 crate=400 uimp=440330 upos=4055 uneg=2675 ball=-125.00 vball=0.00 aball=-0.7 bref=0.00 pid=400.0 pref=678.0 ppos=440.3 apid=-0.0 integ=0.0 vision=1 current=1 vframe=474 vs=1 vage=22 vpage=22 vdt=95 vmax=959 vacc=419 vrej=0 seq=0 elapsed=0 oled=3C
[  10250] STATUS mode=3 fault=none enc=569 denc=2 sreq=400 sapplied=400 crate=400 uimp=448330 upos=4075 uneg=2675 ball=-125.00 vball=0.00 aball=-0.7 bref=0.00 pid=400.0 pref=678.0 ppos=448.3 apid=-0.0 integ=0.0 vision=1 current=1 vframe=475 vs=1 vage=20 vpage=20 vdt=22 vmax=959 vacc=420 vrej=0 seq=0 elapsed=0 oled=3C
[  10280] STATUS mode=3 fault=none enc=580 denc=3 sreq=400 sapplied=400 crate=400 uimp=456330 upos=4095 uneg=2675 ball=-125.00 vball=0.00 aball=-0.7 bref=0.00 pid=400.0 pref=678.0 ppos=456.3 apid=-0.0 integ=0.0 vision=1 current=1 vframe=476 vs=1 vage=6 vpage=6 vdt=34 vmax=959 vacc=421 vrej=0 seq=0 elapsed=0 oled=3C
[  10312] STATUS mode=3 fault=none enc=601 denc=3 sreq=400 sapplied=400 crate=400 uimp=472330 upos=4135 uneg=2675 ball=-125.00 vball=0.00 aball=-0.7 bref=0.00 pid=400.0 pref=678.0 ppos=472.3 apid=-0.0 integ=0.0 vision=1 current=1 vframe=476 vs=1 vage=46 vpage=46 vdt=34 vmax=959 vacc=421 vrej=0 seq=0 elapsed=0 oled=3C
[  10343] STATUS mode=3 fault=none enc=611 denc=3 sreq=400 sapplied=400 crate=400 uimp=480330 upos=4155 uneg=2675 ball=-125.00 vball=0.00 aball=-0.7 bref=0.00 pid=400.0 pref=678.0 ppos=480.3 apid=-0.0 integ=0.0 vision=1 current=1 vframe=476 vs=1 vage=66 vpage=66 vdt=34 vmax=959 vacc=421 vrej=0 seq=0 elapsed=0 oled=3C
[  10359] STATUS mode=3 fault=none enc=621 denc=3 sreq=400 sapplied=400 crate=400 uimp=488330 upos=4175 uneg=2675 ball=-125.00 vball=0.00 aball=-0.7 bref=0.00 pid=400.0 pref=678.0 ppos=488.3 apid=-0.0 integ=0.0 vision=1 current=1 vframe=476 vs=1 vage=86 vpage=86 vdt=34 vmax=959 vacc=421 vrej=0 seq=0 elapsed=0 oled=3C
[  10391] STATUS mode=3 fault=none enc=642 denc=3 sreq=400 sapplied=400 crate=400 uimp=504330 upos=4215 uneg=2675 ball=-125.00 vball=0.00 aball=-0.4 bref=0.00 pid=400.0 pref=678.0 ppos=504.3 apid=-0.0 integ=0.0 vision=1 current=1 vframe=478 vs=1 vage=9 vpage=9 vdt=21 vmax=959 vacc=423 vrej=0 seq=0 elapsed=0 oled=3C
[  10421] STATUS mode=3 fault=none enc=651 denc=2 sreq=400 sapplied=400 crate=400 uimp=512330 upos=4235 uneg=2675 ball=-125.00 vball=0.00 aball=-0.4 bref=0.00 pid=400.0 pref=678.0 ppos=512.3 apid=-0.0 integ=0.0 vision=1 current=1 vframe=478 vs=1 vage=29 vpage=29 vdt=21 vmax=959 vacc=423 vrej=0 seq=0 elapsed=0 oled=3C
[  10437] STATUS mode=3 fault=none enc=663 denc=3 sreq=400 sapplied=400 crate=400 uimp=520330 upos=4255 uneg=2675 ball=-125.00 vball=0.00 aball=-0.4 bref=0.00 pid=400.0 pref=678.0 ppos=520.3 apid=-0.0 integ=0.0 vision=1 current=1 vframe=479 vs=1 vage=15 vpage=15 vdt=34 vmax=959 vacc=424 vrej=0 seq=0 elapsed=0 oled=3C
[  10468] STATUS mode=3 fault=none enc=684 denc=2 sreq=400 sapplied=400 crate=400 uimp=536330 upos=4295 uneg=2675 ball=-125.00 vball=0.00 aball=-0.4 bref=0.00 pid=400.0 pref=678.0 ppos=536.3 apid=-0.0 integ=0.0 vision=1 current=1 vframe=479 vs=1 vage=55 vpage=55 vdt=34 vmax=959 vacc=424 vrej=0 seq=0 elapsed=0 oled=3C
[  10500] STATUS mode=3 fault=none enc=694 denc=3 sreq=400 sapplied=400 crate=400 uimp=544330 upos=4315 uneg=2675 ball=-125.00 vball=0.00 aball=-0.4 bref=0.00 pid=400.0 pref=678.0 ppos=544.3 apid=-0.0 integ=0.0 vision=1 current=1 vframe=479 vs=1 vage=75 vpage=75 vdt=34 vmax=959 vacc=424 vrej=0 seq=0 elapsed=0 oled=3C
[  10530] STATUS mode=3 fault=none enc=705 denc=3 sreq=400 sapplied=400 crate=400 uimp=552330 upos=4335 uneg=2675 ball=-125.00 vball=0.00 aball=-0.2 bref=0.00 pid=400.0 pref=678.0 ppos=552.3 apid=-0.0 integ=0.0 vision=1 current=1 vframe=480 vs=1 vage=2 vpage=2 vdt=93 vmax=959 vacc=425 vrej=0 seq=0 elapsed=0 oled=3C
[  10546] STATUS mode=3 fault=none enc=726 denc=3 sreq=400 sapplied=400 crate=400 uimp=568330 upos=4375 uneg=2675 ball=-125.00 vball=0.00 aball=-0.2 bref=0.00 pid=400.0 pref=678.0 ppos=568.3 apid=-0.0 integ=0.0 vision=1 current=1 vframe=481 vs=1 vage=19 vpage=19 vdt=23 vmax=959 vacc=426 vrej=0 seq=0 elapsed=0 oled=3C
[  10577] STATUS mode=3 fault=none enc=736 denc=2 sreq=400 sapplied=400 crate=400 uimp=576330 upos=4395 uneg=2675 ball=-125.00 vball=0.00 aball=-0.2 bref=0.00 pid=400.0 pref=678.0 ppos=576.3 apid=-0.0 integ=0.0 vision=1 current=1 vframe=482 vs=1 vage=5 vpage=5 vdt=34 vmax=959 vacc=427 vrej=0 seq=0 elapsed=0 oled=3C
[  10609] STATUS mode=3 fault=none enc=747 denc=3 sreq=400 sapplied=400 crate=400 uimp=584330 upos=4415 uneg=2675 ball=-125.00 vball=0.00 aball=-0.2 bref=0.00 pid=400.0 pref=678.0 ppos=584.3 apid=-0.0 integ=0.0 vision=1 current=1 vframe=482 vs=1 vage=25 vpage=25 vdt=34 vmax=959 vacc=427 vrej=0 seq=0 elapsed=0 oled=3C
[  10625] STATUS mode=3 fault=none enc=768 denc=2 sreq=400 sapplied=400 crate=400 uimp=600330 upos=4455 uneg=2675 ball=-125.00 vball=0.00 aball=-0.2 bref=0.00 pid=400.0 pref=678.0 ppos=600.3 apid=-0.0 integ=0.0 vision=1 current=1 vframe=482 vs=1 vage=65 vpage=65 vdt=34 vmax=959 vacc=427 vrej=0 seq=0 elapsed=0 oled=3C
[  10655] STATUS mode=3 fault=none enc=778 denc=2 sreq=400 sapplied=400 crate=400 uimp=608330 upos=4475 uneg=2675 ball=-125.00 vball=0.00 aball=-0.2 bref=0.00 pid=400.0 pref=678.0 ppos=608.3 apid=-0.0 integ=0.0 vision=1 current=1 vframe=482 vs=1 vage=85 vpage=85 vdt=34 vmax=959 vacc=427 vrej=0 seq=0 elapsed=0 oled=3C
[  10687] STATUS mode=3 fault=none enc=789 denc=3 sreq=400 sapplied=400 crate=400 uimp=616330 upos=4495 uneg=2675 ball=-125.00 vball=0.00 aball=-0.1 bref=0.00 pid=400.0 pref=678.0 ppos=616.3 apid=-0.0 integ=0.0 vision=1 current=1 vframe=483 vs=1 vage=9 vpage=9 vdt=96 vmax=959 vacc=428 vrej=0 seq=0 elapsed=0 oled=3C
[  10718] STATUS mode=3 fault=none enc=810 denc=3 sreq=400 sapplied=400 crate=400 uimp=632330 upos=4535 uneg=2675 ball=-125.00 vball=0.00 aball=-0.1 bref=0.00 pid=400.0 pref=678.0 ppos=632.3 apid=-0.0 integ=0.0 vision=1 current=1 vframe=484 vs=1 vage=12 vpage=12 vdt=37 vmax=959 vacc=429 vrej=0 seq=0 elapsed=0 oled=3C
[  10734] STATUS mode=3 fault=none enc=820 denc=2 sreq=377 sapplied=377 crate=377 uimp=640315 upos=4555 uneg=2675 ball=-125.00 vball=0.00 aball=-0.1 bref=0.00 pid=377.2 pref=678.0 ppos=640.3 apid=-0.0 integ=0.0 vision=1 current=1 vframe=484 vs=1 vage=32 vpage=32 vdt=37 vmax=959 vacc=429 vrej=0 seq=0 elapsed=0 oled=3C
[  10766] STATUS mode=3 fault=none enc=830 denc=3 sreq=307 sapplied=307 crate=307 uimp=647305 upos=4575 uneg=2675 ball=-125.00 vball=0.00 aball=-0.1 bref=0.00 pid=307.3 pref=678.0 ppos=647.3 apid=-0.0 integ=0.0 vision=1 current=1 vframe=484 vs=1 vage=52 vpage=52 vdt=37 vmax=959 vacc=429 vrej=0 seq=0 elapsed=0 oled=3C
[  10796] STATUS mode=3 fault=none enc=844 denc=2 sreq=204 sapplied=204 crate=204 uimp=657650 upos=4615 uneg=2675 ball=-125.00 vball=0.00 aball=-0.1 bref=0.00 pid=203.9 pref=678.0 ppos=657.6 apid=-0.0 integ=0.0 vision=1 current=1 vframe=484 vs=1 vage=92 vpage=92 vdt=37 vmax=959 vacc=429 vrej=0 seq=0 elapsed=0 oled=3C
[  10827] STATUS mode=3 fault=none enc=849 denc=2 sreq=166 sapplied=166 crate=166 uimp=661435 upos=4635 uneg=2675 ball=-125.00 vball=0.00 aball=-0.1 bref=0.00 pid=166.0 pref=678.0 ppos=661.4 apid=-0.0 integ=0.0 vision=1 current=1 vframe=485 vs=1 vage=2 vpage=2 vdt=110 vmax=959 vacc=430 vrej=0 seq=0 elapsed=0 oled=3C
[  10843] STATUS mode=3 fault=none enc=852 denc=1 sreq=135 sapplied=135 crate=135 uimp=664515 upos=4655 uneg=2675 ball=-125.00 vball=0.00 aball=-0.1 bref=0.00 pid=135.2 pref=678.0 ppos=664.5 apid=-0.0 integ=0.0 vision=1 current=1 vframe=486 vs=1 vage=14 vpage=14 vdt=8 vmax=959 vacc=431 vrej=0 seq=0 elapsed=0 oled=3C
[  10875] STATUS mode=3 fault=none enc=857 denc=-1 sreq=90 sapplied=90 crate=90 uimp=669060 upos=4695 uneg=2675 ball=-125.00 vball=0.00 aball=-0.1 bref=0.00 pid=89.8 pref=678.0 ppos=669.1 apid=-0.0 integ=0.0 vision=1 current=1 vframe=487 vs=1 vage=22 vpage=22 vdt=32 vmax=959 vacc=432 vrej=0 seq=0 elapsed=0 oled=3C
[  10905] STATUS mode=3 fault=none enc=860 denc=2 sreq=73 sapplied=73 crate=73 uimp=670725 upos=4715 uneg=2675 ball=-125.00 vball=0.00 aball=-0.1 bref=0.00 pid=73.1 pref=678.0 ppos=670.7 apid=-0.0 integ=0.0 vision=1 current=1 vframe=488 vs=1 vage=9 vpage=9 vdt=33 vmax=959 vacc=433 vrej=0 seq=0 elapsed=0 oled=3C
[  10921] STATUS mode=3 fault=none enc=861 denc=0 sreq=60 sapplied=60 crate=60 uimp=672080 upos=4735 uneg=2675 ball=-125.00 vball=0.00 aball=-0.1 bref=0.00 pid=59.6 pref=678.0 ppos=672.1 apid=-0.0 integ=0.0 vision=1 current=1 vframe=488 vs=1 vage=29 vpage=29 vdt=33 vmax=959 vacc=433 vrej=0 seq=0 elapsed=0 oled=3C
[  10952] STATUS mode=3 fault=none enc=863 denc=-1 sreq=39 sapplied=39 crate=39 uimp=674090 upos=4775 uneg=2675 ball=-125.00 vball=0.00 aball=-0.1 bref=0.00 pid=39.5 pref=678.0 ppos=674.1 apid=-0.0 integ=0.0 vision=1 current=1 vframe=488 vs=1 vage=69 vpage=69 vdt=33 vmax=959 vacc=433 vrej=0 seq=0 elapsed=0 oled=3C
[  10984] STATUS mode=3 fault=none enc=863 denc=-1 sreq=32 sapplied=32 crate=32 uimp=674825 upos=4795 uneg=2675 ball=-125.00 vball=0.00 aball=-0.1 bref=0.00 pid=32.1 pref=678.0 ppos=674.8 apid=-0.0 integ=0.0 vision=1 current=1 vframe=488 vs=1 vage=89 vpage=89 vdt=33 vmax=959 vacc=433 vrej=0 seq=0 elapsed=0 oled=3C
[  11000] STATUS mode=3 fault=none enc=865 denc=0 sreq=26 sapplied=26 crate=26 uimp=675425 upos=4815 uneg=2675 ball=-125.00 vball=0.00 aball=-0.0 bref=0.00 pid=26.1 pref=678.0 ppos=675.4 apid=-0.0 integ=0.0 vision=1 current=1 vframe=489 vs=1 vage=1 vpage=1 vdt=108 vmax=959 vacc=434 vrej=0 seq=0 elapsed=0 oled=3C
[  11030] STATUS mode=3 fault=none enc=866 denc=0 sreq=0 sapplied=0 crate=19 uimp=676115 upos=4845 uneg=2675 ball=-125.00 vball=0.00 aball=-0.0 bref=0.00 pid=19.2 pref=678.0 ppos=676.1 apid=-0.0 integ=0.0 vision=1 current=1 vframe=490 vs=1 vage=16 vpage=16 vdt=25 vmax=959 vacc=435 vrej=0 seq=0 elapsed=0 oled=3C
[  11062] STATUS mode=3 fault=none enc=866 denc=0 sreq=0 sapplied=0 crate=19 uimp=676115 upos=4845 uneg=2675 ball=-125.00 vball=0.00 aball=-0.0 bref=0.00 pid=19.2 pref=678.0 ppos=676.1 apid=-0.0 integ=0.0 vision=1 current=1 vframe=491 vs=1 vage=3 vpage=3 vdt=33 vmax=959 vacc=436 vrej=0 seq=0 elapsed=0 oled=3C
[  11093] STATUS mode=3 fault=none enc=866 denc=0 sreq=0 sapplied=0 crate=19 uimp=676115 upos=4845 uneg=2675 ball=-125.00 vball=0.00 aball=-0.0 bref=0.00 pid=19.2 pref=678.0 ppos=676.1 apid=-0.0 integ=0.0 vision=1 current=1 vframe=491 vs=1 vage=23 vpage=23 vdt=33 vmax=959 vacc=436 vrej=0 seq=0 elapsed=0 oled=3C
[  11109] STATUS mode=3 fault=none enc=866 denc=0 sreq=0 sapplied=0 crate=19 uimp=676115 upos=4845 uneg=2675 ball=-125.00 vball=0.00 aball=-0.0 bref=0.00 pid=19.2 pref=678.0 ppos=676.1 apid=-0.0 integ=0.0 vision=1 current=1 vframe=491 vs=1 vage=63 vpage=63 vdt=33 vmax=959 vacc=436 vrej=0 seq=0 elapsed=0 oled=3C
[  11141] STATUS mode=3 fault=none enc=866 denc=0 sreq=0 sapplied=0 crate=19 uimp=676115 upos=4845 uneg=2675 ball=-125.00 vball=0.00 aball=-0.0 bref=0.00 pid=19.2 pref=678.0 ppos=676.1 apid=-0.0 integ=0.0 vision=1 current=1 vframe=491 vs=1 vage=83 vpage=83 vdt=33 vmax=959 vacc=436 vrej=0 seq=0 elapsed=0 oled=3C
[  11155] STATUS mode=3 fault=none enc=866 denc=0 sreq=0 sapplied=0 crate=19 uimp=676115 upos=4845 uneg=2675 ball=-125.00 vball=0.00 aball=-0.0 bref=0.00 pid=19.2 pref=678.0 ppos=676.1 apid=-0.0 integ=0.0 vision=1 current=1 vframe=492 vs=1 vage=4 vpage=4 vdt=99 vmax=959 vacc=437 vrej=0 seq=0 elapsed=0 oled=3C
[  11187] STATUS mode=3 fault=none enc=866 denc=0 sreq=0 sapplied=0 crate=19 uimp=676115 upos=4845 uneg=2675 ball=-125.00 vball=0.00 aball=-0.0 bref=0.00 pid=19.2 pref=678.0 ppos=676.1 apid=-0.0 integ=0.0 vision=1 current=1 vframe=493 vs=1 vage=9 vpage=9 vdt=35 vmax=959 vacc=438 vrej=0 seq=0 elapsed=0 oled=3C
[  11218] STATUS mode=3 fault=none enc=866 denc=0 sreq=0 sapplied=0 crate=19 uimp=676115 upos=4845 uneg=2675 ball=-125.00 vball=0.00 aball=-0.0 bref=0.00 pid=19.2 pref=678.0 ppos=676.1 apid=-0.0 integ=0.0 vision=1 current=1 vframe=493 vs=1 vage=29 vpage=29 vdt=35 vmax=959 vacc=438 vrej=0 seq=0 elapsed=0 oled=3C
[  11250] STATUS mode=3 fault=none enc=866 denc=0 sreq=0 sapplied=0 crate=19 uimp=676115 upos=4845 uneg=2675 ball=-125.00 vball=0.00 aball=-0.0 bref=0.00 pid=19.2 pref=678.0 ppos=676.1 apid=-0.0 integ=0.0 vision=1 current=1 vframe=493 vs=1 vage=49 vpage=49 vdt=35 vmax=959 vacc=438 vrej=0 seq=0 elapsed=0 oled=3C
[  11266] STATUS mode=3 fault=none enc=866 denc=0 sreq=0 sapplied=0 crate=19 uimp=676115 upos=4845 uneg=2675 ball=-125.00 vball=0.00 aball=-0.0 bref=0.00 pid=19.2 pref=678.0 ppos=676.1 apid=-0.0 integ=0.0 vision=1 current=1 vframe=493 vs=1 vage=89 vpage=89 vdt=35 vmax=959 vacc=438 vrej=0 seq=0 elapsed=0 oled=3C
[  11296] STATUS mode=3 fault=none enc=866 denc=0 sreq=0 sapplied=0 crate=19 uimp=676115 upos=4845 uneg=2675 ball=-125.00 vball=0.00 aball=-0.0 bref=0.00 pid=19.2 pref=678.0 ppos=676.1 apid=-0.0 integ=0.0 vision=1 current=1 vframe=494 vs=1 vage=6 vpage=6 vdt=103 vmax=959 vacc=439 vrej=0 seq=0 elapsed=0 oled=3C
[  11327] STATUS mode=3 fault=none enc=866 denc=0 sreq=0 sapplied=0 crate=19 uimp=676115 upos=4845 uneg=2675 ball=-125.00 vball=0.00 aball=-0.0 bref=0.00 pid=19.2 pref=678.0 ppos=676.1 apid=-0.0 integ=0.0 vision=1 current=1 vframe=495 vs=1 vage=18 vpage=18 vdt=8 vmax=959 vacc=440 vrej=0 seq=0 elapsed=0 oled=3C
[  11343] STATUS mode=3 fault=none enc=866 denc=0 sreq=0 sapplied=0 crate=19 uimp=676115 upos=4845 uneg=2675 ball=-125.00 vball=0.00 aball=-0.0 bref=0.00 pid=19.2 pref=678.0 ppos=676.1 apid=-0.0 integ=0.0 vision=1 current=1 vframe=497 vs=1 vage=3 vpage=3 vdt=32 vmax=959 vacc=442 vrej=0 seq=0 elapsed=0 oled=3C
[  11375] STATUS mode=3 fault=none enc=866 denc=0 sreq=0 sapplied=0 crate=19 uimp=676115 upos=4845 uneg=2675 ball=-125.00 vball=0.00 aball=-0.0 bref=0.00 pid=19.2 pref=678.0 ppos=676.1 apid=-0.0 integ=0.0 vision=1 current=1 vframe=497 vs=1 vage=23 vpage=23 vdt=32 vmax=959 vacc=442 vrej=0 seq=0 elapsed=0 oled=3C
[  11405] STATUS mode=3 fault=none enc=866 denc=0 sreq=0 sapplied=0 crate=19 uimp=676115 upos=4845 uneg=2675 ball=-125.00 vball=0.00 aball=-0.0 bref=0.00 pid=19.2 pref=678.0 ppos=676.1 apid=-0.0 integ=0.0 vision=1 current=1 vframe=497 vs=1 vage=43 vpage=43 vdt=32 vmax=959 vacc=442 vrej=0 seq=0 elapsed=0 oled=3C
[  11421] STATUS mode=3 fault=none enc=866 denc=0 sreq=0 sapplied=0 crate=19 uimp=676115 upos=4845 uneg=2675 ball=-125.00 vball=0.00 aball=-0.0 bref=0.00 pid=19.2 pref=678.0 ppos=676.1 apid=-0.0 integ=0.0 vision=1 current=1 vframe=497 vs=1 vage=83 vpage=83 vdt=32 vmax=959 vacc=442 vrej=0 seq=0 elapsed=0 oled=3C
[  11452] STATUS mode=3 fault=none enc=866 denc=0 sreq=0 sapplied=0 crate=19 uimp=676115 upos=4845 uneg=2675 ball=-125.00 vball=0.00 aball=-0.0 bref=0.00 pid=19.2 pref=678.0 ppos=676.1 apid=-0.0 integ=0.0 vision=1 current=1 vframe=498 vs=1 vage=7 vpage=7 vdt=96 vmax=959 vacc=443 vrej=0 seq=0 elapsed=0 oled=3C
[  11484] STATUS mode=3 fault=none enc=866 denc=0 sreq=0 sapplied=0 crate=19 uimp=676115 upos=4845 uneg=2675 ball=-125.00 vball=0.00 aball=-0.0 bref=0.00 pid=19.2 pref=678.0 ppos=676.1 apid=-0.0 integ=0.0 vision=1 current=1 vframe=499 vs=1 vage=6 vpage=6 vdt=21 vmax=959 vacc=444 vrej=0 seq=0 elapsed=0 oled=3C
[  11500] STATUS mode=3 fault=none enc=866 denc=0 sreq=0 sapplied=0 crate=19 uimp=676115 upos=4845 uneg=2675 ball=-125.00 vball=0.00 aball=-0.0 bref=0.00 pid=19.2 pref=678.0 ppos=676.1 apid=-0.0 integ=0.0 vision=1 current=1 vframe=499 vs=1 vage=26 vpage=26 vdt=21 vmax=959 vacc=444 vrej=0 seq=0 elapsed=0 oled=3C
[  11530] STATUS mode=3 fault=none enc=866 denc=0 sreq=0 sapplied=0 crate=19 uimp=676115 upos=4845 uneg=2675 ball=-125.00 vball=0.00 aball=-0.0 bref=0.00 pid=19.2 pref=678.0 ppos=676.1 apid=-0.0 integ=0.0 vision=1 current=1 vframe=500 vs=1 vage=33 vpage=33 vdt=33 vmax=959 vacc=445 vrej=0 seq=0 elapsed=0 oled=3C
[  11562] STATUS mode=3 fault=none enc=866 denc=0 sreq=0 sapplied=0 crate=19 uimp=676115 upos=4845 uneg=2675 ball=-125.00 vball=0.00 aball=-0.0 bref=0.00 pid=19.2 pref=678.0 ppos=676.1 apid=-0.0 integ=0.0 vision=1 current=1 vframe=500 vs=1 vage=53 vpage=53 vdt=33 vmax=959 vacc=445 vrej=0 seq=0 elapsed=0 oled=3C
[  11593] STATUS mode=3 fault=none enc=866 denc=0 sreq=0 sapplied=0 crate=19 uimp=676115 upos=4845 uneg=2675 ball=-125.00 vball=0.00 aball=-0.0 bref=0.00 pid=19.2 pref=678.0 ppos=676.1 apid=-0.0 integ=0.0 vision=1 current=1 vframe=500 vs=1 vage=73 vpage=73 vdt=33 vmax=959 vacc=445 vrej=0 seq=0 elapsed=0 oled=3C
[  11609] STATUS mode=3 fault=none enc=866 denc=0 sreq=0 sapplied=0 crate=19 uimp=676115 upos=4845 uneg=2675 ball=-125.00 vball=0.00 aball=-0.0 bref=0.00 pid=19.2 pref=678.0 ppos=676.1 apid=-0.0 integ=0.0 vision=1 current=1 vframe=501 vs=1 vage=17 vpage=17 vdt=96 vmax=959 vacc=446 vrej=0 seq=0 elapsed=0 oled=3C
[  11641] STATUS mode=3 fault=none enc=866 denc=0 sreq=0 sapplied=0 crate=19 uimp=676115 upos=4845 uneg=2675 ball=-125.00 vball=0.00 aball=-0.0 bref=0.00 pid=19.2 pref=678.0 ppos=676.1 apid=-0.0 integ=0.0 vision=1 current=1 vframe=502 vs=1 vage=16 vpage=16 vdt=21 vmax=959 vacc=447 vrej=0 seq=0 elapsed=0 oled=3C
[  11671] STATUS mode=3 fault=none enc=866 denc=0 sreq=0 sapplied=0 crate=19 uimp=676115 upos=4845 uneg=2675 ball=-125.00 vball=0.00 aball=-0.0 bref=0.00 pid=19.2 pref=678.0 ppos=676.1 apid=-0.0 integ=0.0 vision=1 current=1 vframe=503 vs=1 vage=3 vpage=3 vdt=33 vmax=959 vacc=448 vrej=0 seq=0 elapsed=0 oled=3C
[  11687] STATUS mode=3 fault=none enc=866 denc=0 sreq=0 sapplied=0 crate=19 uimp=676115 upos=4845 uneg=2675 ball=-125.00 vball=0.00 aball=-0.0 bref=0.00 pid=19.2 pref=678.0 ppos=676.1 apid=-0.0 integ=0.0 vision=1 current=1 vframe=503 vs=1 vage=43 vpage=43 vdt=33 vmax=959 vacc=448 vrej=0 seq=0 elapsed=0 oled=3C
[  11718] STATUS mode=3 fault=none enc=866 denc=0 sreq=0 sapplied=0 crate=19 uimp=676115 upos=4845 uneg=2675 ball=-125.00 vball=0.00 aball=-0.0 bref=0.00 pid=19.2 pref=678.0 ppos=676.1 apid=-0.0 integ=0.0 vision=1 current=1 vframe=503 vs=1 vage=63 vpage=63 vdt=33 vmax=959 vacc=448 vrej=0 seq=0 elapsed=0 oled=3C
[  11750] STATUS mode=3 fault=none enc=866 denc=0 sreq=0 sapplied=0 crate=19 uimp=676115 upos=4845 uneg=2675 ball=-125.00 vball=0.00 aball=-0.0 bref=0.00 pid=19.2 pref=678.0 ppos=676.1 apid=-0.0 integ=0.0 vision=1 current=1 vframe=503 vs=1 vage=83 vpage=83 vdt=33 vmax=959 vacc=448 vrej=0 seq=0 elapsed=0 oled=3C
[  11766] STATUS mode=3 fault=none enc=866 denc=0 sreq=0 sapplied=0 crate=19 uimp=676115 upos=4845 uneg=2675 ball=-125.00 vball=0.00 aball=-0.0 bref=0.00 pid=19.2 pref=678.0 ppos=676.1 apid=-0.0 integ=0.0 vision=1 current=1 vframe=504 vs=1 vage=7 vpage=7 vdt=116 vmax=959 vacc=449 vrej=0 seq=0 elapsed=0 oled=3C
[  11796] STATUS mode=3 fault=none enc=866 denc=0 sreq=0 sapplied=0 crate=19 uimp=676115 upos=4845 uneg=2675 ball=-125.00 vball=0.00 aball=-0.0 bref=0.00 pid=19.2 pref=678.0 ppos=676.1 apid=-0.0 integ=0.0 vision=1 current=1 vframe=504 vs=1 vage=27 vpage=27 vdt=116 vmax=959 vacc=449 vrej=0 seq=0 elapsed=0 oled=3C
[  11827] STATUS mode=3 fault=none enc=866 denc=0 sreq=0 sapplied=0 crate=19 uimp=676115 upos=4845 uneg=2675 ball=-125.00 vball=0.00 aball=-0.0 bref=0.00 pid=19.2 pref=678.0 ppos=676.1 apid=-0.0 integ=0.0 vision=1 current=1 vframe=505 vs=1 vage=12 vpage=12 vdt=35 vmax=959 vacc=450 vrej=0 seq=0 elapsed=0 oled=3C
[  11843] STATUS mode=3 fault=none enc=866 denc=0 sreq=0 sapplied=0 crate=19 uimp=676115 upos=4845 uneg=2675 ball=-125.00 vball=0.00 aball=-0.0 bref=0.00 pid=19.2 pref=678.0 ppos=676.1 apid=-0.0 integ=0.0 vision=1 current=1 vframe=505 vs=1 vage=52 vpage=52 vdt=35 vmax=959 vacc=450 vrej=0 seq=0 elapsed=0 oled=3C
[  11875] STATUS mode=3 fault=none enc=866 denc=0 sreq=0 sapplied=0 crate=19 uimp=676115 upos=4845 uneg=2675 ball=-125.00 vball=0.00 aball=-0.0 bref=0.00 pid=19.2 pref=678.0 ppos=676.1 apid=-0.0 integ=0.0 vision=1 current=1 vframe=505 vs=1 vage=72 vpage=72 vdt=35 vmax=959 vacc=450 vrej=0 seq=0 elapsed=0 oled=3C
[  11905] STATUS mode=3 fault=none enc=866 denc=0 sreq=0 sapplied=0 crate=19 uimp=676115 upos=4845 uneg=2675 ball=-125.00 vball=0.00 aball=-0.0 bref=0.00 pid=19.2 pref=678.0 ppos=676.1 apid=-0.0 integ=0.0 vision=1 current=1 vframe=505 vs=1 vage=92 vpage=92 vdt=35 vmax=959 vacc=450 vrej=0 seq=0 elapsed=0 oled=3C
[  11937] STATUS mode=3 fault=none enc=866 denc=0 sreq=0 sapplied=0 crate=19 uimp=676115 upos=4845 uneg=2675 ball=-125.00 vball=0.00 aball=-0.0 bref=0.00 pid=19.2 pref=678.0 ppos=676.1 apid=-0.0 integ=0.0 vision=1 current=1 vframe=507 vs=1 vage=17 vpage=17 vdt=9 vmax=959 vacc=452 vrej=0 seq=0 elapsed=0 oled=3C
[  11952] STATUS mode=3 fault=none enc=866 denc=0 sreq=0 sapplied=0 crate=19 uimp=676115 upos=4845 uneg=2675 ball=-125.00 vball=0.00 aball=-0.0 bref=0.00 pid=19.2 pref=678.0 ppos=676.1 apid=-0.0 integ=0.0 vision=1 current=1 vframe=508 vs=1 vage=3 vpage=3 vdt=34 vmax=959 vacc=453 vrej=0 seq=0 elapsed=0 oled=3C
[  11984] STATUS mode=3 fault=none enc=866 denc=0 sreq=0 sapplied=0 crate=19 uimp=676115 upos=4845 uneg=2675 ball=-125.00 vball=0.00 aball=-0.0 bref=0.00 pid=19.2 pref=678.0 ppos=676.1 apid=-0.0 integ=0.0 vision=1 current=1 vframe=508 vs=1 vage=23 vpage=23 vdt=34 vmax=959 vacc=453 vrej=0 seq=0 elapsed=0 oled=3C
[  12016] STATUS mode=3 fault=none enc=866 denc=0 sreq=0 sapplied=0 crate=19 uimp=676115 upos=4845 uneg=2675 ball=-125.00 vball=0.00 aball=-0.0 bref=0.00 pid=19.2 pref=678.0 ppos=676.1 apid=-0.0 integ=0.0 vision=1 current=1 vframe=508 vs=1 vage=63 vpage=63 vdt=34 vmax=959 vacc=453 vrej=0 seq=0 elapsed=0 oled=3C
[  12030] STATUS mode=3 fault=none enc=866 denc=0 sreq=0 sapplied=0 crate=19 uimp=676115 upos=4845 uneg=2675 ball=-125.00 vball=0.00 aball=-0.0 bref=0.00 pid=19.2 pref=678.0 ppos=676.1 apid=-0.0 integ=0.0 vision=1 current=1 vframe=508 vs=1 vage=83 vpage=83 vdt=34 vmax=959 vacc=453 vrej=0 seq=0 elapsed=0 oled=3C
[  12062] STATUS mode=3 fault=none enc=866 denc=0 sreq=0 sapplied=0 crate=19 uimp=676115 upos=4845 uneg=2675 ball=-125.00 vball=0.00 aball=-0.0 bref=0.00 pid=19.2 pref=678.0 ppos=676.1 apid=-0.0 integ=0.0 vision=1 current=1 vframe=508 vs=1 vage=103 vpage=103 vdt=34 vmax=959 vacc=453 vrej=0 seq=0 elapsed=0 oled=3C
[  12093] STATUS mode=3 fault=none enc=866 denc=0 sreq=0 sapplied=0 crate=19 uimp=676115 upos=4845 uneg=2675 ball=-125.00 vball=0.00 aball=-0.0 bref=0.00 pid=19.2 pref=678.0 ppos=676.1 apid=-0.0 integ=0.0 vision=1 current=1 vframe=510 vs=1 vage=2 vpage=2 vdt=8 vmax=959 vacc=455 vrej=0 seq=0 elapsed=0 oled=3C
[  12109] STATUS mode=3 fault=none enc=866 denc=0 sreq=0 sapplied=0 crate=19 uimp=676115 upos=4845 uneg=2675 ball=-125.00 vball=0.00 aball=-0.0 bref=0.00 pid=19.2 pref=678.0 ppos=676.1 apid=-0.0 integ=0.0 vision=1 current=1 vframe=511 vs=1 vage=13 vpage=13 vdt=29 vmax=959 vacc=456 vrej=0 seq=0 elapsed=0 oled=3C
[  12141] STATUS mode=3 fault=none enc=866 denc=0 sreq=0 sapplied=0 crate=19 uimp=676115 upos=4845 uneg=2675 ball=-125.00 vball=0.00 aball=-0.0 bref=0.00 pid=19.2 pref=678.0 ppos=676.1 apid=-0.0 integ=0.0 vision=1 current=1 vframe=511 vs=1 vage=33 vpage=33 vdt=29 vmax=959 vacc=456 vrej=0 seq=0 elapsed=0 oled=3C
[  12171] STATUS mode=3 fault=none enc=866 denc=0 sreq=0 sapplied=0 crate=19 uimp=676115 upos=4845 uneg=2675 ball=-125.00 vball=0.00 aball=-0.0 bref=0.00 pid=19.2 pref=678.0 ppos=676.1 apid=-0.0 integ=0.0 vision=1 current=1 vframe=512 vs=1 vage=20 vpage=20 vdt=33 vmax=959 vacc=457 vrej=0 seq=0 elapsed=0 oled=3C
[  12187] STATUS mode=3 fault=none enc=866 denc=0 sreq=0 sapplied=0 crate=19 uimp=676115 upos=4845 uneg=2675 ball=-125.00 vball=0.00 aball=-0.0 bref=0.00 pid=19.2 pref=678.0 ppos=676.1 apid=-0.0 integ=0.0 vision=1 current=1 vframe=512 vs=1 vage=60 vpage=60 vdt=33 vmax=959 vacc=457 vrej=0 seq=0 elapsed=0 oled=3C
[  12218] STATUS mode=3 fault=none enc=866 denc=0 sreq=0 sapplied=0 crate=19 uimp=676115 upos=4845 uneg=2675 ball=-125.00 vball=0.00 aball=-0.0 bref=0.00 pid=19.2 pref=678.0 ppos=676.1 apid=-0.0 integ=0.0 vision=1 current=1 vframe=512 vs=1 vage=80 vpage=80 vdt=33 vmax=959 vacc=457 vrej=0 seq=0 elapsed=0 oled=3C
[  12250] STATUS mode=3 fault=none enc=866 denc=0 sreq=0 sapplied=0 crate=19 uimp=676115 upos=4845 uneg=2675 ball=-125.00 vball=0.00 aball=-0.0 bref=0.00 pid=19.2 pref=678.0 ppos=676.1 apid=-0.0 integ=0.0 vision=1 current=1 vframe=513 vs=1 vage=4 vpage=4 vdt=96 vmax=959 vacc=458 vrej=0 seq=0 elapsed=0 oled=3C
[  12266] STATUS mode=3 fault=none enc=866 denc=0 sreq=0 sapplied=0 crate=19 uimp=676115 upos=4845 uneg=2675 ball=-125.00 vball=0.00 aball=-0.0 bref=0.00 pid=19.2 pref=678.0 ppos=676.1 apid=-0.0 integ=0.0 vision=1 current=1 vframe=514 vs=1 vage=23 vpage=23 vdt=21 vmax=959 vacc=459 vrej=0 seq=0 elapsed=0 oled=3C
[  12296] STATUS mode=3 fault=none enc=866 denc=0 sreq=0 sapplied=0 crate=19 uimp=676115 upos=4845 uneg=2675 ball=-125.00 vball=0.00 aball=-0.0 bref=0.00 pid=19.2 pref=678.0 ppos=676.1 apid=-0.0 integ=0.0 vision=1 current=1 vframe=515 vs=1 vage=11 vpage=11 vdt=32 vmax=959 vacc=460 vrej=0 seq=0 elapsed=0 oled=3C
[  12327] STATUS mode=3 fault=none enc=866 denc=0 sreq=0 sapplied=0 crate=19 uimp=676115 upos=4845 uneg=2675 ball=-125.00 vball=0.00 aball=-0.0 bref=0.00 pid=19.2 pref=678.0 ppos=676.1 apid=-0.0 integ=0.0 vision=1 current=1 vframe=515 vs=1 vage=31 vpage=31 vdt=32 vmax=959 vacc=460 vrej=0 seq=0 elapsed=0 oled=3C
[  12359] STATUS mode=3 fault=none enc=866 denc=0 sreq=0 sapplied=0 crate=19 uimp=676115 upos=4845 uneg=2675 ball=-125.00 vball=0.00 aball=-0.0 bref=0.00 pid=19.2 pref=678.0 ppos=676.1 apid=-0.0 integ=0.0 vision=1 current=1 vframe=515 vs=1 vage=71 vpage=71 vdt=32 vmax=959 vacc=460 vrej=0 seq=0 elapsed=0 oled=3C
[  12375] STATUS mode=3 fault=none enc=866 denc=0 sreq=0 sapplied=0 crate=19 uimp=676115 upos=4845 uneg=2675 ball=-125.00 vball=0.00 aball=-0.0 bref=0.00 pid=19.2 pref=678.0 ppos=676.1 apid=-0.0 integ=0.0 vision=1 current=1 vframe=515 vs=1 vage=91 vpage=91 vdt=32 vmax=959 vacc=460 vrej=0 seq=0 elapsed=0 oled=3C
[  12405] STATUS mode=3 fault=none enc=866 denc=0 sreq=0 sapplied=0 crate=19 uimp=676115 upos=4845 uneg=2675 ball=-125.00 vball=0.00 aball=-0.0 bref=0.00 pid=19.2 pref=678.0 ppos=676.1 apid=-0.0 integ=0.0 vision=1 current=1 vframe=516 vs=1 vage=16 vpage=16 vdt=95 vmax=959 vacc=461 vrej=0 seq=0 elapsed=0 oled=3C
[  12437] STATUS mode=3 fault=none enc=866 denc=0 sreq=0 sapplied=0 crate=19 uimp=676115 upos=4845 uneg=2675 ball=-125.00 vball=0.00 aball=-0.0 bref=0.00 pid=19.2 pref=678.0 ppos=676.1 apid=-0.0 integ=0.0 vision=1 current=1 vframe=518 vs=1 vage=1 vpage=1 vdt=33 vmax=959 vacc=463 vrej=0 seq=0 elapsed=0 oled=3C
[  12452] STATUS mode=3 fault=none enc=866 denc=0 sreq=0 sapplied=0 crate=19 uimp=676115 upos=4845 uneg=2675 ball=-125.00 vball=0.00 aball=-0.0 bref=0.00 pid=19.2 pref=678.0 ppos=676.1 apid=-0.0 integ=0.0 vision=1 current=1 vframe=518 vs=1 vage=21 vpage=21 vdt=33 vmax=959 vacc=463 vrej=0 seq=0 elapsed=0 oled=3C
[  12484] STATUS mode=3 fault=none enc=866 denc=0 sreq=0 sapplied=0 crate=19 uimp=676115 upos=4845 uneg=2675 ball=-125.00 vball=0.00 aball=-0.0 bref=0.00 pid=19.2 pref=678.0 ppos=676.1 apid=-0.0 integ=0.0 vision=1 current=1 vframe=518 vs=1 vage=41 vpage=41 vdt=33 vmax=959 vacc=463 vrej=0 seq=0 elapsed=0 oled=3C
[  12516] STATUS mode=3 fault=none enc=866 denc=0 sreq=0 sapplied=0 crate=19 uimp=676115 upos=4845 uneg=2675 ball=-125.00 vball=0.00 aball=-0.0 bref=0.00 pid=19.2 pref=678.0 ppos=676.1 apid=-0.0 integ=0.0 vision=1 current=1 vframe=518 vs=1 vage=81 vpage=81 vdt=33 vmax=959 vacc=463 vrej=0 seq=0 elapsed=0 oled=3C
[  12530] STATUS mode=3 fault=none enc=866 denc=0 sreq=0 sapplied=0 crate=19 uimp=676115 upos=4845 uneg=2675 ball=-125.00 vball=0.00 aball=-0.0 bref=0.00 pid=19.2 pref=678.0 ppos=676.1 apid=-0.0 integ=0.0 vision=1 current=1 vframe=519 vs=1 vage=6 vpage=6 vdt=95 vmax=959 vacc=464 vrej=0 seq=0 elapsed=0 oled=3C
[  12562] STATUS mode=3 fault=none enc=866 denc=0 sreq=0 sapplied=0 crate=19 uimp=676115 upos=4845 uneg=2675 ball=-125.00 vball=0.00 aball=-0.0 bref=0.00 pid=19.2 pref=678.0 ppos=676.1 apid=-0.0 integ=0.0 vision=1 current=1 vframe=520 vs=1 vage=5 vpage=5 vdt=21 vmax=959 vacc=465 vrej=0 seq=0 elapsed=0 oled=3C
[  12593] STATUS mode=3 fault=none enc=866 denc=0 sreq=0 sapplied=0 crate=19 uimp=676115 upos=4845 uneg=2675 ball=-125.00 vball=0.00 aball=-0.0 bref=0.00 pid=19.2 pref=678.0 ppos=676.1 apid=-0.0 integ=0.0 vision=1 current=1 vframe=521 vs=1 vage=11 vpage=11 vdt=34 vmax=959 vacc=466 vrej=0 seq=0 elapsed=0 oled=3C
[  12609] STATUS mode=3 fault=none enc=866 denc=0 sreq=0 sapplied=0 crate=19 uimp=676115 upos=4845 uneg=2675 ball=-125.00 vball=0.00 aball=-0.0 bref=0.00 pid=19.2 pref=678.0 ppos=676.1 apid=-0.0 integ=0.0 vision=1 current=1 vframe=521 vs=1 vage=31 vpage=31 vdt=34 vmax=959 vacc=466 vrej=0 seq=0 elapsed=0 oled=3C
[  12641] STATUS mode=3 fault=none enc=866 denc=0 sreq=0 sapplied=0 crate=19 uimp=676115 upos=4845 uneg=2675 ball=-125.00 vball=0.00 aball=-0.0 bref=0.00 pid=19.2 pref=678.0 ppos=676.1 apid=-0.0 integ=0.0 vision=1 current=1 vframe=521 vs=1 vage=51 vpage=51 vdt=34 vmax=959 vacc=466 vrej=0 seq=0 elapsed=0 oled=3C
[  12671] STATUS mode=3 fault=none enc=866 denc=0 sreq=0 sapplied=0 crate=19 uimp=676115 upos=4845 uneg=2675 ball=-125.00 vball=0.00 aball=-0.0 bref=0.00 pid=19.2 pref=678.0 ppos=676.1 apid=-0.0 integ=0.0 vision=1 current=1 vframe=521 vs=1 vage=71 vpage=71 vdt=34 vmax=959 vacc=466 vrej=0 seq=0 elapsed=0 oled=3C
[  12687] STATUS mode=3 fault=none enc=866 denc=0 sreq=0 sapplied=0 crate=19 uimp=676115 upos=4845 uneg=2675 ball=-125.00 vball=0.00 aball=-0.0 bref=0.00 pid=19.2 pref=678.0 ppos=676.1 apid=-0.0 integ=0.0 vision=1 current=1 vframe=522 vs=1 vage=16 vpage=16 vdt=95 vmax=959 vacc=467 vrej=0 seq=0 elapsed=0 oled=3C
[  12718] STATUS mode=3 fault=none enc=866 denc=0 sreq=0 sapplied=0 crate=19 uimp=676115 upos=4845 uneg=2675 ball=-125.00 vball=0.00 aball=-0.0 bref=0.00 pid=19.2 pref=678.0 ppos=676.1 apid=-0.0 integ=0.0 vision=1 current=1 vframe=523 vs=1 vage=14 vpage=14 vdt=22 vmax=959 vacc=468 vrej=0 seq=0 elapsed=0 oled=3C
[  12750] STATUS mode=3 fault=none enc=866 denc=0 sreq=0 sapplied=0 crate=19 uimp=676115 upos=4845 uneg=2675 ball=-125.00 vball=0.00 aball=-0.0 bref=0.00 pid=19.2 pref=678.0 ppos=676.1 apid=-0.0 integ=0.0 vision=1 current=1 vframe=524 vs=1 vage=1 vpage=1 vdt=33 vmax=959 vacc=469 vrej=0 seq=0 elapsed=0 oled=3C
[  12780] STATUS mode=3 fault=none enc=866 denc=0 sreq=0 sapplied=0 crate=19 uimp=676115 upos=4845 uneg=2675 ball=-125.00 vball=0.00 aball=-0.0 bref=0.00 pid=19.2 pref=678.0 ppos=676.1 apid=-0.0 integ=0.0 vision=1 current=1 vframe=524 vs=1 vage=41 vpage=41 vdt=33 vmax=959 vacc=469 vrej=0 seq=0 elapsed=0 oled=3C
[  12796] STATUS mode=3 fault=none enc=866 denc=0 sreq=0 sapplied=0 crate=19 uimp=676115 upos=4845 uneg=2675 ball=-125.00 vball=0.00 aball=-0.0 bref=0.00 pid=19.2 pref=678.0 ppos=676.1 apid=-0.0 integ=0.0 vision=1 current=1 vframe=524 vs=1 vage=61 vpage=61 vdt=33 vmax=959 vacc=469 vrej=0 seq=0 elapsed=0 oled=3C
[  12827] STATUS mode=3 fault=none enc=866 denc=0 sreq=0 sapplied=0 crate=19 uimp=676115 upos=4845 uneg=2675 ball=-125.00 vball=0.00 aball=-0.0 bref=0.00 pid=19.2 pref=678.0 ppos=676.1 apid=-0.0 integ=0.0 vision=1 current=1 vframe=524 vs=1 vage=81 vpage=81 vdt=33 vmax=959 vacc=469 vrej=0 seq=0 elapsed=0 oled=3C
[  12859] STATUS mode=3 fault=none enc=866 denc=0 sreq=0 sapplied=0 crate=19 uimp=676115 upos=4845 uneg=2675 ball=-125.00 vball=0.00 aball=-0.0 bref=0.00 pid=19.2 pref=678.0 ppos=676.1 apid=-0.0 integ=0.0 vision=1 current=1 vframe=526 vs=1 vage=4 vpage=4 vdt=23 vmax=959 vacc=471 vrej=0 seq=0 elapsed=0 oled=3C
[  12875] STATUS mode=3 fault=none enc=866 denc=0 sreq=0 sapplied=0 crate=19 uimp=676115 upos=4845 uneg=2675 ball=-125.00 vball=0.00 aball=-0.0 bref=0.00 pid=19.2 pref=678.0 ppos=676.1 apid=-0.0 integ=0.0 vision=1 current=1 vframe=526 vs=1 vage=24 vpage=24 vdt=23 vmax=959 vacc=471 vrej=0 seq=0 elapsed=0 oled=3C
[  12905] STATUS mode=3 fault=none enc=866 denc=0 sreq=0 sapplied=0 crate=19 uimp=676115 upos=4845 uneg=2675 ball=-125.00 vball=0.00 aball=-0.0 bref=0.00 pid=19.2 pref=678.0 ppos=676.1 apid=-0.0 integ=0.0 vision=1 current=1 vframe=527 vs=1 vage=11 vpage=11 vdt=33 vmax=959 vacc=472 vrej=0 seq=0 elapsed=0 oled=3C
[  12937] STATUS mode=3 fault=none enc=866 denc=0 sreq=0 sapplied=0 crate=19 uimp=676115 upos=4845 uneg=2675 ball=-125.00 vball=0.00 aball=-0.0 bref=0.00 pid=19.2 pref=678.0 ppos=676.1 apid=-0.0 integ=0.0 vision=1 current=1 vframe=527 vs=1 vage=51 vpage=51 vdt=33 vmax=959 vacc=472 vrej=0 seq=0 elapsed=0 oled=3C
[  12952] STATUS mode=3 fault=none enc=866 denc=0 sreq=0 sapplied=0 crate=19 uimp=676115 upos=4845 uneg=2675 ball=-125.00 vball=0.00 aball=-0.0 bref=0.00 pid=19.2 pref=678.0 ppos=676.1 apid=-0.0 integ=0.0 vision=1 current=1 vframe=527 vs=1 vage=71 vpage=71 vdt=33 vmax=959 vacc=472 vrej=0 seq=0 elapsed=0 oled=3C
[  12984] STATUS mode=3 fault=none enc=866 denc=0 sreq=0 sapplied=0 crate=19 uimp=676115 upos=4845 uneg=2675 ball=-125.00 vball=0.00 aball=-0.0 bref=0.00 pid=19.2 pref=678.0 ppos=676.1 apid=-0.0 integ=0.0 vision=1 current=1 vframe=527 vs=1 vage=91 vpage=91 vdt=33 vmax=959 vacc=472 vrej=0 seq=0 elapsed=0 oled=3C
[  13016] STATUS mode=3 fault=none enc=866 denc=0 sreq=0 sapplied=0 crate=19 uimp=676115 upos=4845 uneg=2675 ball=-125.00 vball=0.00 aball=-0.0 bref=0.00 pid=19.2 pref=678.0 ppos=676.1 apid=-0.0 integ=0.0 vision=1 current=1 vframe=529 vs=1 vage=14 vpage=14 vdt=23 vmax=959 vacc=474 vrej=0 seq=0 elapsed=0 oled=3C
[  13030] STATUS mode=3 fault=none enc=866 denc=0 sreq=0 sapplied=0 crate=19 uimp=676115 upos=4845 uneg=2675 ball=-125.00 vball=0.00 aball=-0.0 bref=0.00 pid=19.2 pref=678.0 ppos=676.1 apid=-0.0 integ=0.0 vision=1 current=1 vframe=530 vs=1 vage=1 vpage=1 vdt=33 vmax=959 vacc=475 vrej=0 seq=0 elapsed=0 oled=3C
[  13062] STATUS mode=3 fault=none enc=866 denc=0 sreq=0 sapplied=0 crate=19 uimp=676115 upos=4845 uneg=2675 ball=-125.00 vball=0.00 aball=-0.0 bref=0.00 pid=19.2 pref=678.0 ppos=676.1 apid=-0.0 integ=0.0 vision=1 current=1 vframe=530 vs=1 vage=21 vpage=21 vdt=33 vmax=959 vacc=475 vrej=0 seq=0 elapsed=0 oled=3C
[  13093] STATUS mode=3 fault=none enc=866 denc=0 sreq=0 sapplied=0 crate=19 uimp=676115 upos=4845 uneg=2675 ball=-125.00 vball=0.00 aball=-0.0 bref=0.00 pid=19.2 pref=678.0 ppos=676.1 apid=-0.0 integ=0.0 vision=1 current=1 vframe=530 vs=1 vage=61 vpage=61 vdt=33 vmax=959 vacc=475 vrej=0 seq=0 elapsed=0 oled=3C
[  13109] STATUS mode=3 fault=none enc=866 denc=0 sreq=0 sapplied=0 crate=19 uimp=676115 upos=4845 uneg=2675 ball=-125.00 vball=0.00 aball=-0.0 bref=0.00 pid=19.2 pref=678.0 ppos=676.1 apid=-0.0 integ=0.0 vision=1 current=1 vframe=530 vs=1 vage=81 vpage=81 vdt=33 vmax=959 vacc=475 vrej=0 seq=0 elapsed=0 oled=3C
[  13141] STATUS mode=3 fault=none enc=866 denc=0 sreq=0 sapplied=0 crate=19 uimp=676115 upos=4845 uneg=2675 ball=-125.00 vball=0.00 aball=-0.0 bref=0.00 pid=19.2 pref=678.0 ppos=676.1 apid=-0.0 integ=0.0 vision=1 current=1 vframe=531 vs=1 vage=5 vpage=5 vdt=96 vmax=959 vacc=476 vrej=0 seq=0 elapsed=0 oled=3C
[  13171] STATUS mode=3 fault=none enc=866 denc=0 sreq=0 sapplied=0 crate=19 uimp=676115 upos=4845 uneg=2675 ball=-125.00 vball=0.00 aball=-0.0 bref=0.00 pid=19.2 pref=678.0 ppos=676.1 apid=-0.0 integ=0.0 vision=1 current=1 vframe=532 vs=1 vage=23 vpage=23 vdt=22 vmax=959 vacc=477 vrej=0 seq=0 elapsed=0 oled=3C
[  13202] STATUS mode=3 fault=none enc=866 denc=0 sreq=0 sapplied=0 crate=19 uimp=676115 upos=4845 uneg=2675 ball=-125.00 vball=0.00 aball=-0.0 bref=0.00 pid=19.2 pref=678.0 ppos=676.1 apid=-0.0 integ=0.0 vision=1 current=1 vframe=533 vs=1 vage=10 vpage=10 vdt=33 vmax=959 vacc=478 vrej=0 seq=0 elapsed=0 oled=3C
[  13218] STATUS mode=3 fault=none enc=866 denc=0 sreq=0 sapplied=0 crate=19 uimp=676115 upos=4845 uneg=2675 ball=-125.00 vball=0.00 aball=-0.0 bref=0.00 pid=19.2 pref=678.0 ppos=676.1 apid=-0.0 integ=0.0 vision=1 current=1 vframe=533 vs=1 vage=30 vpage=30 vdt=33 vmax=959 vacc=478 vrej=0 seq=0 elapsed=0 oled=3C
[  13250] STATUS mode=3 fault=none enc=866 denc=0 sreq=0 sapplied=0 crate=19 uimp=676115 upos=4845 uneg=2675 ball=-125.00 vball=0.00 aball=-0.0 bref=0.00 pid=19.2 pref=678.0 ppos=676.1 apid=-0.0 integ=0.0 vision=1 current=1 vframe=533 vs=1 vage=50 vpage=50 vdt=33 vmax=959 vacc=478 vrej=0 seq=0 elapsed=0 oled=3C
[  13280] STATUS mode=3 fault=none enc=866 denc=0 sreq=0 sapplied=0 crate=19 uimp=676115 upos=4845 uneg=2675 ball=-125.00 vball=0.00 aball=-0.0 bref=0.00 pid=19.2 pref=678.0 ppos=676.1 apid=-0.0 integ=0.0 vision=1 current=1 vframe=533 vs=1 vage=90 vpage=90 vdt=33 vmax=959 vacc=478 vrej=0 seq=0 elapsed=0 oled=3C
[  13296] STATUS mode=3 fault=none enc=866 denc=0 sreq=0 sapplied=0 crate=19 uimp=676115 upos=4845 uneg=2675 ball=-125.00 vball=0.00 aball=-0.0 bref=0.00 pid=19.2 pref=678.0 ppos=676.1 apid=-0.0 integ=0.0 vision=1 current=1 vframe=534 vs=1 vage=15 vpage=15 vdt=95 vmax=959 vacc=479 vrej=0 seq=0 elapsed=0 oled=3C
[  13327] STATUS mode=3 fault=none enc=866 denc=0 sreq=0 sapplied=0 crate=19 uimp=676115 upos=4845 uneg=2675 ball=-125.00 vball=0.00 aball=-0.0 bref=0.00 pid=19.2 pref=678.0 ppos=676.1 apid=-0.0 integ=0.0 vision=1 current=1 vframe=535 vs=1 vage=13 vpage=13 vdt=22 vmax=959 vacc=480 vrej=0 seq=0 elapsed=0 oled=3C
[  13359] STATUS mode=3 fault=none enc=866 denc=0 sreq=0 sapplied=0 crate=19 uimp=676115 upos=4845 uneg=2675 ball=-125.00 vball=0.00 aball=-0.0 bref=0.00 pid=19.2 pref=678.0 ppos=676.1 apid=-0.0 integ=0.0 vision=1 current=1 vframe=536 vs=1 vage=20 vpage=20 vdt=33 vmax=959 vacc=481 vrej=0 seq=0 elapsed=0 oled=3C
[  13375] STATUS mode=3 fault=none enc=866 denc=0 sreq=0 sapplied=0 crate=19 uimp=676115 upos=4845 uneg=2675 ball=-125.00 vball=0.00 aball=-0.0 bref=0.00 pid=19.2 pref=678.0 ppos=676.1 apid=-0.0 integ=0.0 vision=1 current=1 vframe=536 vs=1 vage=40 vpage=40 vdt=33 vmax=959 vacc=481 vrej=0 seq=0 elapsed=0 oled=3C
[  13405] STATUS mode=3 fault=none enc=866 denc=0 sreq=0 sapplied=0 crate=19 uimp=676115 upos=4845 uneg=2675 ball=-125.00 vball=0.00 aball=-0.0 bref=0.00 pid=19.2 pref=678.0 ppos=676.1 apid=-0.0 integ=0.0 vision=1 current=1 vframe=536 vs=1 vage=60 vpage=60 vdt=33 vmax=959 vacc=481 vrej=0 seq=0 elapsed=0 oled=3C
[  13437] STATUS mode=3 fault=none enc=866 denc=0 sreq=0 sapplied=0 crate=19 uimp=676115 upos=4845 uneg=2675 ball=-125.00 vball=0.00 aball=-0.0 bref=0.00 pid=19.2 pref=678.0 ppos=676.1 apid=-0.0 integ=0.0 vision=1 current=1 vframe=537 vs=1 vage=5 vpage=5 vdt=95 vmax=959 vacc=482 vrej=0 seq=0 elapsed=0 oled=3C
[  13452] STATUS mode=3 fault=none enc=866 denc=0 sreq=0 sapplied=0 crate=19 uimp=676115 upos=4845 uneg=2675 ball=-125.00 vball=0.00 aball=-0.0 bref=0.00 pid=19.2 pref=678.0 ppos=676.1 apid=-0.0 integ=0.0 vision=1 current=1 vframe=538 vs=1 vage=3 vpage=3 vdt=22 vmax=959 vacc=483 vrej=0 seq=0 elapsed=0 oled=3C
[  13484] STATUS mode=3 fault=none enc=866 denc=0 sreq=0 sapplied=0 crate=19 uimp=676115 upos=4845 uneg=2675 ball=-125.00 vball=0.00 aball=-0.0 bref=0.00 pid=19.2 pref=678.0 ppos=676.1 apid=-0.0 integ=0.0 vision=1 current=1 vframe=538 vs=1 vage=23 vpage=23 vdt=22 vmax=959 vacc=483 vrej=0 seq=0 elapsed=0 oled=3C
[  13516] STATUS mode=3 fault=none enc=866 denc=0 sreq=0 sapplied=0 crate=19 uimp=676115 upos=4845 uneg=2675 ball=-125.00 vball=0.00 aball=-0.0 bref=0.00 pid=19.2 pref=678.0 ppos=676.1 apid=-0.0 integ=0.0 vision=1 current=1 vframe=539 vs=1 vage=30 vpage=30 vdt=33 vmax=959 vacc=484 vrej=0 seq=0 elapsed=0 oled=3C
[  13530] STATUS mode=3 fault=none enc=866 denc=0 sreq=0 sapplied=0 crate=19 uimp=676115 upos=4845 uneg=2675 ball=-125.00 vball=0.00 aball=-0.0 bref=0.00 pid=19.2 pref=678.0 ppos=676.1 apid=-0.0 integ=0.0 vision=1 current=1 vframe=539 vs=1 vage=50 vpage=50 vdt=33 vmax=959 vacc=484 vrej=0 seq=0 elapsed=0 oled=3C
[  13562] STATUS mode=3 fault=none enc=866 denc=0 sreq=0 sapplied=0 crate=19 uimp=676115 upos=4845 uneg=2675 ball=-125.00 vball=0.00 aball=-0.0 bref=0.00 pid=19.2 pref=678.0 ppos=676.1 apid=-0.0 integ=0.0 vision=1 current=1 vframe=539 vs=1 vage=70 vpage=70 vdt=33 vmax=959 vacc=484 vrej=0 seq=0 elapsed=0 oled=3C
[  13593] STATUS mode=3 fault=none enc=866 denc=0 sreq=0 sapplied=0 crate=19 uimp=676115 upos=4845 uneg=2675 ball=-125.00 vball=0.00 aball=-0.0 bref=0.00 pid=19.2 pref=678.0 ppos=676.1 apid=-0.0 integ=0.0 vision=1 current=1 vframe=540 vs=1 vage=17 vpage=17 vdt=93 vmax=959 vacc=485 vrej=0 seq=0 elapsed=0 oled=3C
[  13625] STATUS mode=3 fault=none enc=866 denc=0 sreq=0 sapplied=0 crate=19 uimp=676115 upos=4845 uneg=2675 ball=-125.00 vball=0.00 aball=-0.0 bref=0.00 pid=19.2 pref=678.0 ppos=676.1 apid=-0.0 integ=0.0 vision=1 current=1 vframe=541 vs=1 vage=13 vpage=13 vdt=24 vmax=959 vacc=486 vrej=0 seq=0 elapsed=0 oled=3C
[  13641] STATUS mode=3 fault=none enc=866 denc=0 sreq=0 sapplied=0 crate=19 uimp=676115 upos=4845 uneg=2675 ball=-125.00 vball=0.00 aball=-0.0 bref=0.00 pid=19.2 pref=678.0 ppos=676.1 apid=-0.0 integ=0.0 vision=1 current=1 vframe=542 vs=1 vage=1 vpage=1 vdt=32 vmax=959 vacc=487 vrej=0 seq=0 elapsed=0 oled=3C
[  13671] STATUS mode=3 fault=none enc=866 denc=0 sreq=0 sapplied=0 crate=19 uimp=676115 upos=4845 uneg=2675 ball=-125.00 vball=0.00 aball=-0.0 bref=0.00 pid=19.2 pref=678.0 ppos=676.1 apid=-0.0 integ=0.0 vision=1 current=1 vframe=542 vs=1 vage=41 vpage=41 vdt=32 vmax=959 vacc=487 vrej=0 seq=0 elapsed=0 oled=3C
[  13702] STATUS mode=3 fault=none enc=866 denc=0 sreq=0 sapplied=0 crate=19 uimp=676115 upos=4845 uneg=2675 ball=-125.00 vball=0.00 aball=-0.0 bref=0.00 pid=19.2 pref=678.0 ppos=676.1 apid=-0.0 integ=0.0 vision=1 current=1 vframe=542 vs=1 vage=61 vpage=61 vdt=32 vmax=959 vacc=487 vrej=0 seq=0 elapsed=0 oled=3C
[  13718] STATUS mode=3 fault=none enc=866 denc=0 sreq=0 sapplied=0 crate=19 uimp=676115 upos=4845 uneg=2675 ball=-125.00 vball=0.00 aball=-0.0 bref=0.00 pid=19.2 pref=678.0 ppos=676.1 apid=-0.0 integ=0.0 vision=1 current=1 vframe=542 vs=1 vage=81 vpage=81 vdt=32 vmax=959 vacc=487 vrej=0 seq=0 elapsed=0 oled=3C
[  13750] STATUS mode=3 fault=none enc=866 denc=0 sreq=0 sapplied=0 crate=19 uimp=676115 upos=4845 uneg=2675 ball=-125.00 vball=0.00 aball=-0.0 bref=0.00 pid=19.2 pref=678.0 ppos=676.1 apid=-0.0 integ=0.0 vision=1 current=1 vframe=544 vs=1 vage=4 vpage=4 vdt=22 vmax=959 vacc=489 vrej=0 seq=0 elapsed=0 oled=3C
[  13780] STATUS mode=3 fault=none enc=866 denc=0 sreq=0 sapplied=0 crate=19 uimp=676115 upos=4845 uneg=2675 ball=-125.00 vball=0.00 aball=-0.0 bref=0.00 pid=19.2 pref=678.0 ppos=676.1 apid=-0.0 integ=0.0 vision=1 current=1 vframe=544 vs=1 vage=24 vpage=24 vdt=22 vmax=959 vacc=489 vrej=0 seq=0 elapsed=0 oled=3C
[  13796] STATUS mode=3 fault=none enc=866 denc=0 sreq=0 sapplied=0 crate=19 uimp=676115 upos=4845 uneg=2675 ball=-125.00 vball=0.00 aball=-0.0 bref=0.00 pid=19.2 pref=678.0 ppos=676.1 apid=-0.0 integ=0.0 vision=1 current=1 vframe=545 vs=1 vage=11 vpage=11 vdt=33 vmax=959 vacc=490 vrej=0 seq=0 elapsed=0 oled=3C
[  13827] STATUS mode=3 fault=none enc=866 denc=0 sreq=0 sapplied=0 crate=19 uimp=676115 upos=4845 uneg=2675 ball=-125.00 vball=0.00 aball=-0.0 bref=0.00 pid=19.2 pref=678.0 ppos=676.1 apid=-0.0 integ=0.0 vision=1 current=1 vframe=545 vs=1 vage=31 vpage=31 vdt=33 vmax=959 vacc=490 vrej=0 seq=0 elapsed=0 oled=3C
[  13859] STATUS mode=3 fault=none enc=866 denc=0 sreq=0 sapplied=0 crate=19 uimp=676115 upos=4845 uneg=2675 ball=-125.00 vball=0.00 aball=-0.0 bref=0.00 pid=19.2 pref=678.0 ppos=676.1 apid=-0.0 integ=0.0 vision=1 current=1 vframe=545 vs=1 vage=71 vpage=71 vdt=33 vmax=959 vacc=490 vrej=0 seq=0 elapsed=0 oled=3C
[  13875] STATUS mode=3 fault=none enc=866 denc=0 sreq=0 sapplied=0 crate=19 uimp=676115 upos=4845 uneg=2675 ball=-125.00 vball=0.00 aball=-0.0 bref=0.00 pid=19.2 pref=678.0 ppos=676.1 apid=-0.0 integ=0.0 vision=1 current=1 vframe=545 vs=1 vage=91 vpage=91 vdt=33 vmax=959 vacc=490 vrej=0 seq=0 elapsed=0 oled=3C
[  13905] STATUS mode=3 fault=none enc=866 denc=0 sreq=0 sapplied=0 crate=19 uimp=676115 upos=4845 uneg=2675 ball=-125.00 vball=0.00 aball=-0.0 bref=0.00 pid=19.2 pref=678.0 ppos=676.1 apid=-0.0 integ=0.0 vision=1 current=1 vframe=546 vs=1 vage=15 vpage=15 vdt=96 vmax=959 vacc=491 vrej=0 seq=0 elapsed=0 oled=3C
[  13937] STATUS mode=3 fault=none enc=866 denc=0 sreq=0 sapplied=0 crate=19 uimp=676115 upos=4845 uneg=2675 ball=-125.00 vball=0.00 aball=-0.0 bref=0.00 pid=19.2 pref=678.0 ppos=676.1 apid=-0.0 integ=0.0 vision=1 current=1 vframe=548 vs=1 vage=1 vpage=1 vdt=33 vmax=959 vacc=493 vrej=0 seq=0 elapsed=0 oled=3C
[  13952] STATUS mode=3 fault=none enc=866 denc=0 sreq=0 sapplied=0 crate=19 uimp=676115 upos=4845 uneg=2675 ball=-125.00 vball=0.00 aball=-0.0 bref=0.00 pid=19.2 pref=678.0 ppos=676.1 apid=-0.0 integ=0.0 vision=1 current=1 vframe=548 vs=1 vage=21 vpage=21 vdt=33 vmax=959 vacc=493 vrej=0 seq=0 elapsed=0 oled=3C
[  13984] STATUS mode=3 fault=none enc=866 denc=0 sreq=0 sapplied=0 crate=19 uimp=676115 upos=4845 uneg=2675 ball=-125.00 vball=0.00 aball=-0.0 bref=0.00 pid=19.2 pref=678.0 ppos=676.1 apid=-0.0 integ=0.0 vision=1 current=1 vframe=548 vs=1 vage=41 vpage=41 vdt=33 vmax=959 vacc=493 vrej=0 seq=0 elapsed=0 oled=3C
[  14016] STATUS mode=3 fault=none enc=866 denc=0 sreq=0 sapplied=0 crate=19 uimp=676115 upos=4845 uneg=2675 ball=-125.00 vball=0.00 aball=-0.0 bref=0.00 pid=19.2 pref=678.0 ppos=676.1 apid=-0.0 integ=0.0 vision=1 current=1 vframe=548 vs=1 vage=81 vpage=81 vdt=33 vmax=959 vacc=493 vrej=0 seq=0 elapsed=0 oled=3C
[  14046] STATUS mode=3 fault=none enc=866 denc=0 sreq=0 sapplied=0 crate=19 uimp=676115 upos=4845 uneg=2675 ball=-125.00 vball=0.00 aball=-0.0 bref=0.00 pid=19.2 pref=678.0 ppos=676.1 apid=-0.0 integ=0.0 vision=1 current=1 vframe=549 vs=1 vage=6 vpage=6 vdt=95 vmax=959 vacc=494 vrej=0 seq=0 elapsed=0 oled=3C
[  14062] STATUS mode=3 fault=none enc=866 denc=0 sreq=0 sapplied=0 crate=19 uimp=676115 upos=4845 uneg=2675 ball=-125.00 vball=0.00 aball=-0.0 bref=0.00 pid=19.2 pref=678.0 ppos=676.1 apid=-0.0 integ=0.0 vision=1 current=1 vframe=550 vs=1 vage=5 vpage=5 vdt=21 vmax=959 vacc=495 vrej=0 seq=0 elapsed=0 oled=3C
[  14093] STATUS mode=3 fault=none enc=866 denc=0 sreq=0 sapplied=0 crate=19 uimp=676115 upos=4845 uneg=2675 ball=-125.00 vball=0.00 aball=-0.0 bref=0.00 pid=19.2 pref=678.0 ppos=676.1 apid=-0.0 integ=0.0 vision=1 current=1 vframe=551 vs=1 vage=10 vpage=10 vdt=35 vmax=959 vacc=496 vrej=0 seq=0 elapsed=0 oled=3C
[  14125] STATUS mode=3 fault=none enc=866 denc=0 sreq=0 sapplied=0 crate=19 uimp=676115 upos=4845 uneg=2675 ball=-125.00 vball=0.00 aball=-0.0 bref=0.00 pid=19.2 pref=678.0 ppos=676.1 apid=-0.0 integ=0.0 vision=1 current=1 vframe=551 vs=1 vage=30 vpage=30 vdt=35 vmax=959 vacc=496 vrej=0 seq=0 elapsed=0 oled=3C
[  14141] STATUS mode=3 fault=none enc=866 denc=0 sreq=0 sapplied=0 crate=19 uimp=676115 upos=4845 uneg=2675 ball=-125.00 vball=0.00 aball=-0.0 bref=0.00 pid=19.2 pref=678.0 ppos=676.1 apid=-0.0 integ=0.0 vision=1 current=1 vframe=551 vs=1 vage=50 vpage=50 vdt=35 vmax=959 vacc=496 vrej=0 seq=0 elapsed=0 oled=3C
[  14171] STATUS mode=3 fault=none enc=866 denc=0 sreq=0 sapplied=0 crate=19 uimp=676115 upos=4845 uneg=2675 ball=-125.00 vball=0.00 aball=-0.0 bref=0.00 pid=19.2 pref=678.0 ppos=676.1 apid=-0.0 integ=0.0 vision=1 current=1 vframe=551 vs=1 vage=90 vpage=90 vdt=35 vmax=959 vacc=496 vrej=0 seq=0 elapsed=0 oled=3C
[  14202] STATUS mode=3 fault=none enc=866 denc=0 sreq=0 sapplied=0 crate=19 uimp=676115 upos=4845 uneg=2675 ball=-125.00 vball=0.00 aball=-0.0 bref=0.00 pid=19.2 pref=678.0 ppos=676.1 apid=-0.0 integ=0.0 vision=1 current=1 vframe=552 vs=1 vage=14 vpage=14 vdt=96 vmax=959 vacc=497 vrej=0 seq=0 elapsed=0 oled=3C
[  14218] STATUS mode=3 fault=none enc=866 denc=0 sreq=0 sapplied=0 crate=19 uimp=676115 upos=4845 uneg=2675 ball=-125.00 vball=0.00 aball=-0.0 bref=0.00 pid=19.2 pref=678.0 ppos=676.1 apid=-0.0 integ=0.0 vision=1 current=1 vframe=552 vs=1 vage=34 vpage=34 vdt=96 vmax=959 vacc=497 vrej=0 seq=0 elapsed=0 oled=3C
[  14250] STATUS mode=3 fault=none enc=866 denc=0 sreq=0 sapplied=0 crate=19 uimp=676115 upos=4845 uneg=2675 ball=-125.00 vball=0.00 aball=-0.0 bref=0.00 pid=19.2 pref=678.0 ppos=676.1 apid=-0.0 integ=0.0 vision=1 current=1 vframe=553 vs=1 vage=38 vpage=38 vdt=36 vmax=959 vacc=498 vrej=0 seq=0 elapsed=0 oled=3C
[  14280] STATUS mode=3 fault=none enc=866 denc=0 sreq=0 sapplied=0 crate=19 uimp=676115 upos=4845 uneg=2675 ball=-125.00 vball=0.00 aball=-0.0 bref=0.00 pid=19.2 pref=678.0 ppos=676.1 apid=-0.0 integ=0.0 vision=1 current=1 vframe=553 vs=1 vage=58 vpage=58 vdt=36 vmax=959 vacc=498 vrej=0 seq=0 elapsed=0 oled=3C
[  14296] STATUS mode=3 fault=none enc=866 denc=0 sreq=0 sapplied=0 crate=19 uimp=676115 upos=4845 uneg=2675 ball=-125.00 vball=0.00 aball=-0.0 bref=0.00 pid=19.2 pref=678.0 ppos=676.1 apid=-0.0 integ=0.0 vision=1 current=1 vframe=553 vs=1 vage=78 vpage=78 vdt=36 vmax=959 vacc=498 vrej=0 seq=0 elapsed=0 oled=3C
[  14327] STATUS mode=3 fault=none enc=866 denc=0 sreq=0 sapplied=0 crate=19 uimp=676115 upos=4845 uneg=2675 ball=-125.00 vball=0.00 aball=-0.0 bref=0.00 pid=19.2 pref=678.0 ppos=676.1 apid=-0.0 integ=0.0 vision=1 current=1 vframe=555 vs=1 vage=7 vpage=7 vdt=8 vmax=959 vacc=500 vrej=0 seq=0 elapsed=0 oled=3C
[  14359] STATUS mode=3 fault=none enc=866 denc=0 sreq=0 sapplied=0 crate=19 uimp=676115 upos=4845 uneg=2675 ball=-125.00 vball=0.00 aball=-0.0 bref=0.00 pid=19.2 pref=678.0 ppos=676.1 apid=-0.0 integ=0.0 vision=1 current=1 vframe=556 vs=1 vage=2 vpage=2 vdt=25 vmax=959 vacc=501 vrej=0 seq=0 elapsed=0 oled=3C
[  14375] STATUS mode=3 fault=none enc=866 denc=0 sreq=0 sapplied=0 crate=19 uimp=676115 upos=4845 uneg=2675 ball=-125.00 vball=0.00 aball=-0.0 bref=0.00 pid=19.2 pref=678.0 ppos=676.1 apid=-0.0 integ=0.0 vision=1 current=1 vframe=556 vs=1 vage=22 vpage=22 vdt=25 vmax=959 vacc=501 vrej=0 seq=0 elapsed=0 oled=3C
[  14405] STATUS mode=3 fault=none enc=866 denc=0 sreq=0 sapplied=0 crate=19 uimp=676115 upos=4845 uneg=2675 ball=-125.00 vball=0.00 aball=-0.0 bref=0.00 pid=19.2 pref=678.0 ppos=676.1 apid=-0.0 integ=0.0 vision=1 current=1 vframe=557 vs=1 vage=11 vpage=11 vdt=31 vmax=959 vacc=502 vrej=0 seq=0 elapsed=0 oled=3C
[  14437] STATUS mode=3 fault=none enc=866 denc=0 sreq=0 sapplied=0 crate=19 uimp=676115 upos=4845 uneg=2675 ball=-125.00 vball=0.00 aball=-0.0 bref=0.00 pid=19.2 pref=678.0 ppos=676.1 apid=-0.0 integ=0.0 vision=1 current=1 vframe=557 vs=1 vage=51 vpage=51 vdt=31 vmax=959 vacc=502 vrej=0 seq=0 elapsed=0 oled=3C
[  14468] STATUS mode=3 fault=none enc=866 denc=0 sreq=0 sapplied=0 crate=19 uimp=676115 upos=4845 uneg=2675 ball=-125.00 vball=0.00 aball=-0.0 bref=0.00 pid=19.2 pref=678.0 ppos=676.1 apid=-0.0 integ=0.0 vision=1 current=1 vframe=557 vs=1 vage=71 vpage=71 vdt=31 vmax=959 vacc=502 vrej=0 seq=0 elapsed=0 oled=3C
[  14484] STATUS mode=3 fault=none enc=866 denc=0 sreq=0 sapplied=0 crate=19 uimp=676115 upos=4845 uneg=2675 ball=-125.00 vball=0.00 aball=-0.0 bref=0.00 pid=19.2 pref=678.0 ppos=676.1 apid=-0.0 integ=0.0 vision=1 current=1 vframe=557 vs=1 vage=91 vpage=91 vdt=31 vmax=959 vacc=502 vrej=0 seq=0 elapsed=0 oled=3C
[  14516] STATUS mode=3 fault=none enc=866 denc=0 sreq=0 sapplied=0 crate=19 uimp=676115 upos=4845 uneg=2675 ball=-125.00 vball=0.00 aball=-0.0 bref=0.00 pid=19.2 pref=678.0 ppos=676.1 apid=-0.0 integ=0.0 vision=1 current=1 vframe=559 vs=1 vage=14 vpage=14 vdt=23 vmax=959 vacc=504 vrej=0 seq=0 elapsed=0 oled=3C
[  14546] STATUS mode=3 fault=none enc=866 denc=0 sreq=0 sapplied=0 crate=19 uimp=676115 upos=4845 uneg=2675 ball=-125.00 vball=0.00 aball=-0.0 bref=0.00 pid=19.2 pref=678.0 ppos=676.1 apid=-0.0 integ=0.0 vision=1 current=1 vframe=560 vs=1 vage=1 vpage=1 vdt=33 vmax=959 vacc=505 vrej=0 seq=0 elapsed=0 oled=3C
[  14562] STATUS mode=3 fault=none enc=866 denc=0 sreq=0 sapplied=0 crate=19 uimp=676115 upos=4845 uneg=2675 ball=-125.00 vball=0.00 aball=-0.0 bref=0.00 pid=19.2 pref=678.0 ppos=676.1 apid=-0.0 integ=0.0 vision=1 current=1 vframe=560 vs=1 vage=21 vpage=21 vdt=33 vmax=959 vacc=505 vrej=0 seq=0 elapsed=0 oled=3C
[  14593] STATUS mode=3 fault=none enc=866 denc=0 sreq=0 sapplied=0 crate=19 uimp=676115 upos=4845 uneg=2675 ball=-125.00 vball=0.00 aball=-0.0 bref=0.00 pid=19.2 pref=678.0 ppos=676.1 apid=-0.0 integ=0.0 vision=1 current=1 vframe=560 vs=1 vage=61 vpage=61 vdt=33 vmax=959 vacc=505 vrej=0 seq=0 elapsed=0 oled=3C
[  14625] STATUS mode=3 fault=none enc=866 denc=0 sreq=0 sapplied=0 crate=19 uimp=676115 upos=4845 uneg=2675 ball=-125.00 vball=0.00 aball=-0.0 bref=0.00 pid=19.2 pref=678.0 ppos=676.1 apid=-0.0 integ=0.0 vision=1 current=1 vframe=560 vs=1 vage=81 vpage=81 vdt=33 vmax=959 vacc=505 vrej=0 seq=0 elapsed=0 oled=3C
[  14641] STATUS mode=3 fault=none enc=866 denc=0 sreq=0 sapplied=0 crate=19 uimp=676115 upos=4845 uneg=2675 ball=-125.00 vball=0.00 aball=-0.0 bref=0.00 pid=19.2 pref=678.0 ppos=676.1 apid=-0.0 integ=0.0 vision=1 current=1 vframe=561 vs=1 vage=8 vpage=8 vdt=93 vmax=959 vacc=506 vrej=0 seq=0 elapsed=0 oled=3C
[  14671] STATUS mode=3 fault=none enc=866 denc=0 sreq=0 sapplied=0 crate=19 uimp=676115 upos=4845 uneg=2675 ball=-125.00 vball=0.00 aball=-0.0 bref=0.00 pid=19.2 pref=678.0 ppos=676.1 apid=-0.0 integ=0.0 vision=1 current=1 vframe=562 vs=1 vage=24 vpage=24 vdt=24 vmax=959 vacc=507 vrej=0 seq=0 elapsed=0 oled=3C
[  14702] STATUS mode=3 fault=none enc=866 denc=0 sreq=0 sapplied=0 crate=19 uimp=676115 upos=4845 uneg=2675 ball=-125.00 vball=0.00 aball=-0.0 bref=0.00 pid=19.2 pref=678.0 ppos=676.1 apid=-0.0 integ=0.0 vision=1 current=1 vframe=563 vs=1 vage=11 vpage=11 vdt=33 vmax=959 vacc=508 vrej=0 seq=0 elapsed=0 oled=3C
[  14718] STATUS mode=3 fault=none enc=866 denc=0 sreq=0 sapplied=0 crate=19 uimp=676115 upos=4845 uneg=2675 ball=-125.00 vball=0.00 aball=-0.0 bref=0.00 pid=19.2 pref=678.0 ppos=676.1 apid=-0.0 integ=0.0 vision=1 current=1 vframe=563 vs=1 vage=31 vpage=31 vdt=33 vmax=959 vacc=508 vrej=0 seq=0 elapsed=0 oled=3C
[  14750] STATUS mode=3 fault=none enc=866 denc=0 sreq=0 sapplied=0 crate=19 uimp=676115 upos=4845 uneg=2675 ball=-125.00 vball=0.00 aball=-0.0 bref=0.00 pid=19.2 pref=678.0 ppos=676.1 apid=-0.0 integ=0.0 vision=1 current=1 vframe=563 vs=1 vage=71 vpage=71 vdt=33 vmax=959 vacc=508 vrej=0 seq=0 elapsed=0 oled=3C
[  14780] STATUS mode=3 fault=none enc=866 denc=0 sreq=0 sapplied=0 crate=19 uimp=676115 upos=4845 uneg=2675 ball=-125.00 vball=0.00 aball=-0.0 bref=0.00 pid=19.2 pref=678.0 ppos=676.1 apid=-0.0 integ=0.0 vision=1 current=1 vframe=563 vs=1 vage=91 vpage=91 vdt=33 vmax=959 vacc=508 vrej=0 seq=0 elapsed=0 oled=3C
[  14812] STATUS mode=3 fault=none enc=866 denc=0 sreq=0 sapplied=0 crate=19 uimp=676115 upos=4845 uneg=2675 ball=-125.00 vball=0.00 aball=-0.0 bref=0.00 pid=19.2 pref=678.0 ppos=676.1 apid=-0.0 integ=0.0 vision=1 current=1 vframe=564 vs=1 vage=18 vpage=18 vdt=93 vmax=959 vacc=509 vrej=0 seq=0 elapsed=0 oled=3C
[  14827] STATUS mode=3 fault=none enc=866 denc=0 sreq=0 sapplied=0 crate=19 uimp=676115 upos=4845 uneg=2675 ball=-125.00 vball=0.00 aball=-0.0 bref=0.00 pid=19.2 pref=678.0 ppos=676.1 apid=-0.0 integ=0.0 vision=1 current=1 vframe=566 vs=1 vage=1 vpage=1 vdt=33 vmax=959 vacc=511 vrej=0 seq=0 elapsed=0 oled=3C
[  14859] STATUS mode=3 fault=none enc=866 denc=0 sreq=0 sapplied=0 crate=19 uimp=676115 upos=4845 uneg=2675 ball=-125.00 vball=0.00 aball=-0.0 bref=0.00 pid=19.2 pref=678.0 ppos=676.1 apid=-0.0 integ=0.0 vision=1 current=1 vframe=566 vs=1 vage=21 vpage=21 vdt=33 vmax=959 vacc=511 vrej=0 seq=0 elapsed=0 oled=3C
[  14891] STATUS mode=3 fault=none enc=866 denc=0 sreq=0 sapplied=0 crate=19 uimp=676115 upos=4845 uneg=2675 ball=-125.00 vball=0.00 aball=-0.0 bref=0.00 pid=19.2 pref=678.0 ppos=676.1 apid=-0.0 integ=0.0 vision=1 current=1 vframe=566 vs=1 vage=41 vpage=41 vdt=33 vmax=959 vacc=511 vrej=0 seq=0 elapsed=0 oled=3C
[  14905] STATUS mode=3 fault=none enc=866 denc=0 sreq=0 sapplied=0 crate=19 uimp=676115 upos=4845 uneg=2675 ball=-125.00 vball=0.00 aball=-0.0 bref=0.00 pid=19.2 pref=678.0 ppos=676.1 apid=-0.0 integ=0.0 vision=1 current=1 vframe=566 vs=1 vage=81 vpage=81 vdt=33 vmax=959 vacc=511 vrej=0 seq=0 elapsed=0 oled=3C
[  14937] STATUS mode=3 fault=none enc=866 denc=0 sreq=0 sapplied=0 crate=19 uimp=676115 upos=4845 uneg=2675 ball=-125.00 vball=0.00 aball=-0.0 bref=0.00 pid=19.2 pref=678.0 ppos=676.1 apid=-0.0 integ=0.0 vision=1 current=1 vframe=567 vs=1 vage=8 vpage=8 vdt=93 vmax=959 vacc=512 vrej=0 seq=0 elapsed=0 oled=3C
[  14968] STATUS mode=3 fault=none enc=866 denc=0 sreq=0 sapplied=0 crate=19 uimp=676115 upos=4845 uneg=2675 ball=-125.00 vball=0.00 aball=-0.0 bref=0.00 pid=19.2 pref=678.0 ppos=676.1 apid=-0.0 integ=0.0 vision=1 current=1 vframe=568 vs=1 vage=4 vpage=4 vdt=24 vmax=959 vacc=513 vrej=0 seq=0 elapsed=0 oled=3C
[  14984] STATUS mode=3 fault=none enc=866 denc=0 sreq=0 sapplied=0 crate=19 uimp=676115 upos=4845 uneg=2675 ball=-125.00 vball=0.00 aball=-0.0 bref=0.00 pid=19.2 pref=678.0 ppos=676.1 apid=-0.0 integ=0.0 vision=1 current=1 vframe=568 vs=1 vage=24 vpage=24 vdt=24 vmax=959 vacc=513 vrej=0 seq=0 elapsed=0 oled=3C
[  15016] STATUS mode=3 fault=none enc=866 denc=0 sreq=0 sapplied=0 crate=19 uimp=676115 upos=4845 uneg=2675 ball=-125.00 vball=0.00 aball=-0.0 bref=0.00 pid=19.2 pref=678.0 ppos=676.1 apid=-0.0 integ=0.0 vision=1 current=1 vframe=569 vs=1 vage=31 vpage=31 vdt=33 vmax=959 vacc=514 vrej=0 seq=0 elapsed=0 oled=3C
[  15046] STATUS mode=3 fault=none enc=866 denc=0 sreq=0 sapplied=0 crate=19 uimp=676115 upos=4845 uneg=2675 ball=-125.00 vball=0.00 aball=-0.0 bref=0.00 pid=19.2 pref=678.0 ppos=676.1 apid=-0.0 integ=0.0 vision=1 current=1 vframe=569 vs=1 vage=51 vpage=51 vdt=33 vmax=959 vacc=514 vrej=0 seq=0 elapsed=0 oled=3C
[  15062] STATUS mode=3 fault=none enc=866 denc=0 sreq=0 sapplied=0 crate=19 uimp=676115 upos=4845 uneg=2675 ball=-125.00 vball=0.00 aball=-0.0 bref=0.00 pid=19.2 pref=678.0 ppos=676.1 apid=-0.0 integ=0.0 vision=1 current=1 vframe=569 vs=1 vage=71 vpage=71 vdt=33 vmax=959 vacc=514 vrej=0 seq=0 elapsed=0 oled=3C
[  15093] STATUS mode=3 fault=none enc=866 denc=0 sreq=0 sapplied=0 crate=19 uimp=676115 upos=4845 uneg=2675 ball=-125.00 vball=0.00 aball=-0.0 bref=0.00 pid=19.2 pref=678.0 ppos=676.1 apid=-0.0 integ=0.0 vision=1 current=1 vframe=570 vs=1 vage=18 vpage=18 vdt=93 vmax=959 vacc=515 vrej=0 seq=0 elapsed=0 oled=3C
[  15125] STATUS mode=3 fault=none enc=866 denc=0 sreq=0 sapplied=0 crate=19 uimp=676115 upos=4845 uneg=2675 ball=-125.00 vball=0.00 aball=-0.0 bref=0.00 pid=19.2 pref=678.0 ppos=676.1 apid=-0.0 integ=0.0 vision=1 current=1 vframe=571 vs=1 vage=16 vpage=16 vdt=22 vmax=959 vacc=516 vrej=0 seq=0 elapsed=0 oled=3C
[  15141] STATUS mode=3 fault=none enc=866 denc=0 sreq=0 sapplied=0 crate=19 uimp=676115 upos=4845 uneg=2675 ball=-125.00 vball=0.00 aball=-0.0 bref=0.00 pid=19.2 pref=678.0 ppos=676.1 apid=-0.0 integ=0.0 vision=1 current=1 vframe=572 vs=1 vage=2 vpage=2 vdt=34 vmax=959 vacc=517 vrej=0 seq=0 elapsed=0 oled=3C
[  15171] STATUS mode=3 fault=none enc=866 denc=0 sreq=0 sapplied=0 crate=19 uimp=676115 upos=4845 uneg=2675 ball=-125.00 vball=0.00 aball=-0.0 bref=0.00 pid=19.2 pref=678.0 ppos=676.1 apid=-0.0 integ=0.0 vision=1 current=1 vframe=572 vs=1 vage=42 vpage=42 vdt=34 vmax=959 vacc=517 vrej=0 seq=0 elapsed=0 oled=3C
[  15202] STATUS mode=3 fault=none enc=866 denc=0 sreq=0 sapplied=0 crate=19 uimp=676115 upos=4845 uneg=2675 ball=-125.00 vball=0.00 aball=-0.0 bref=0.00 pid=19.2 pref=678.0 ppos=676.1 apid=-0.0 integ=0.0 vision=1 current=1 vframe=572 vs=1 vage=62 vpage=62 vdt=34 vmax=959 vacc=517 vrej=0 seq=0 elapsed=0 oled=3C
[  15218] STATUS mode=3 fault=none enc=866 denc=0 sreq=0 sapplied=0 crate=19 uimp=676115 upos=4845 uneg=2675 ball=-125.00 vball=0.00 aball=-0.0 bref=0.00 pid=19.2 pref=678.0 ppos=676.1 apid=-0.0 integ=0.0 vision=1 current=1 vframe=572 vs=1 vage=82 vpage=82 vdt=34 vmax=959 vacc=517 vrej=0 seq=0 elapsed=0 oled=3C
[  15250] STATUS mode=3 fault=none enc=866 denc=0 sreq=0 sapplied=0 crate=19 uimp=676115 upos=4845 uneg=2675 ball=-125.00 vball=0.00 aball=-0.0 bref=0.00 pid=19.2 pref=678.0 ppos=676.1 apid=-0.0 integ=0.0 vision=1 current=1 vframe=574 vs=1 vage=5 vpage=5 vdt=22 vmax=959 vacc=519 vrej=0 seq=0 elapsed=0 oled=3C
[  15280] STATUS mode=3 fault=none enc=866 denc=0 sreq=0 sapplied=0 crate=19 uimp=676115 upos=4845 uneg=2675 ball=-125.00 vball=0.00 aball=-0.0 bref=0.00 pid=19.2 pref=678.0 ppos=676.1 apid=-0.0 integ=0.0 vision=1 current=1 vframe=574 vs=1 vage=25 vpage=25 vdt=22 vmax=959 vacc=519 vrej=0 seq=0 elapsed=0 oled=3C
[  15312] STATUS mode=3 fault=none enc=866 denc=0 sreq=0 sapplied=0 crate=19 uimp=676115 upos=4845 uneg=2675 ball=-125.00 vball=0.00 aball=-0.0 bref=0.00 pid=19.2 pref=678.0 ppos=676.1 apid=-0.0 integ=0.0 vision=1 current=1 vframe=575 vs=1 vage=12 vpage=12 vdt=33 vmax=959 vacc=520 vrej=0 seq=0 elapsed=0 oled=3C
[  15327] STATUS mode=3 fault=none enc=866 denc=0 sreq=0 sapplied=0 crate=19 uimp=676115 upos=4845 uneg=2675 ball=-125.00 vball=0.00 aball=-0.0 bref=0.00 pid=19.2 pref=678.0 ppos=676.1 apid=-0.0 integ=0.0 vision=1 current=1 vframe=575 vs=1 vage=52 vpage=52 vdt=33 vmax=959 vacc=520 vrej=0 seq=0 elapsed=0 oled=3C
[  15359] STATUS mode=3 fault=none enc=866 denc=0 sreq=0 sapplied=0 crate=19 uimp=676115 upos=4845 uneg=2675 ball=-125.00 vball=0.00 aball=-0.0 bref=0.00 pid=19.2 pref=678.0 ppos=676.1 apid=-0.0 integ=0.0 vision=1 current=1 vframe=575 vs=1 vage=72 vpage=72 vdt=33 vmax=959 vacc=520 vrej=0 seq=0 elapsed=0 oled=3C
[  15391] STATUS mode=3 fault=none enc=866 denc=0 sreq=0 sapplied=0 crate=19 uimp=676115 upos=4845 uneg=2675 ball=-125.00 vball=0.00 aball=-0.0 bref=0.00 pid=19.2 pref=678.0 ppos=676.1 apid=-0.0 integ=0.0 vision=1 current=1 vframe=575 vs=1 vage=92 vpage=92 vdt=33 vmax=959 vacc=520 vrej=0 seq=0 elapsed=0 oled=3C
[  15405] STATUS mode=3 fault=none enc=866 denc=0 sreq=0 sapplied=0 crate=19 uimp=676115 upos=4845 uneg=2675 ball=-125.00 vball=0.00 aball=-0.0 bref=0.00 pid=19.2 pref=678.0 ppos=676.1 apid=-0.0 integ=0.0 vision=1 current=1 vframe=576 vs=1 vage=31 vpage=31 vdt=101 vmax=959 vacc=521 vrej=0 seq=0 elapsed=0 oled=3C
[  15437] STATUS mode=3 fault=none enc=866 denc=0 sreq=0 sapplied=0 crate=19 uimp=676115 upos=4845 uneg=2675 ball=-125.00 vball=0.00 aball=-0.0 bref=0.00 pid=19.2 pref=678.0 ppos=676.1 apid=-0.0 integ=0.0 vision=1 current=1 vframe=577 vs=1 vage=18 vpage=18 vdt=33 vmax=959 vacc=522 vrej=0 seq=0 elapsed=0 oled=3C
[  15468] STATUS mode=3 fault=none enc=866 denc=0 sreq=0 sapplied=0 crate=19 uimp=676115 upos=4845 uneg=2675 ball=-125.00 vball=0.00 aball=-0.0 bref=0.00 pid=19.2 pref=678.0 ppos=676.1 apid=-0.0 integ=0.0 vision=1 current=1 vframe=578 vs=1 vage=5 vpage=5 vdt=33 vmax=959 vacc=523 vrej=0 seq=0 elapsed=0 oled=3C
[  15484] STATUS mode=3 fault=none enc=866 denc=0 sreq=0 sapplied=0 crate=19 uimp=676115 upos=4845 uneg=2675 ball=-125.00 vball=0.00 aball=-0.0 bref=0.00 pid=19.2 pref=678.0 ppos=676.1 apid=-0.0 integ=0.0 vision=1 current=1 vframe=578 vs=1 vage=45 vpage=45 vdt=33 vmax=959 vacc=523 vrej=0 seq=0 elapsed=0 oled=3C
[  15516] STATUS mode=3 fault=none enc=866 denc=0 sreq=0 sapplied=0 crate=19 uimp=676115 upos=4845 uneg=2675 ball=-125.00 vball=0.00 aball=-0.0 bref=0.00 pid=19.2 pref=678.0 ppos=676.1 apid=-0.0 integ=0.0 vision=1 current=1 vframe=578 vs=1 vage=65 vpage=65 vdt=33 vmax=959 vacc=523 vrej=0 seq=0 elapsed=0 oled=3C
[  15546] STATUS mode=3 fault=none enc=866 denc=0 sreq=0 sapplied=0 crate=19 uimp=676115 upos=4845 uneg=2675 ball=-125.00 vball=0.00 aball=-0.0 bref=0.00 pid=19.2 pref=678.0 ppos=676.1 apid=-0.0 integ=0.0 vision=1 current=1 vframe=578 vs=1 vage=85 vpage=85 vdt=33 vmax=959 vacc=523 vrej=0 seq=0 elapsed=0 oled=3C
[  15562] STATUS mode=3 fault=none enc=866 denc=0 sreq=0 sapplied=0 crate=19 uimp=676115 upos=4845 uneg=2675 ball=-125.00 vball=0.00 aball=-0.0 bref=0.00 pid=19.2 pref=678.0 ppos=676.1 apid=-0.0 integ=0.0 vision=1 current=1 vframe=580 vs=1 vage=8 vpage=9 vdt=96 vmax=959 vacc=524 vrej=0 seq=0 elapsed=0 oled=3C
[  15593] STATUS mode=3 fault=none enc=866 denc=0 sreq=0 sapplied=0 crate=19 uimp=676115 upos=4845 uneg=2675 ball=-125.00 vball=0.00 aball=-0.0 bref=0.00 pid=19.2 pref=678.0 ppos=676.1 apid=-0.0 integ=0.0 vision=1 current=1 vframe=580 vs=1 vage=28 vpage=28 vdt=21 vmax=959 vacc=525 vrej=0 seq=0 elapsed=0 oled=3C
[  15625] STATUS mode=3 fault=none enc=866 denc=0 sreq=0 sapplied=0 crate=19 uimp=676115 upos=4845 uneg=2675 ball=-125.00 vball=0.00 aball=-0.0 bref=0.00 pid=19.2 pref=678.0 ppos=676.1 apid=-0.0 integ=0.0 vision=1 current=1 vframe=581 vs=1 vage=15 vpage=15 vdt=33 vmax=959 vacc=526 vrej=0 seq=0 elapsed=0 oled=3C
[  15641] STATUS mode=3 fault=none enc=866 denc=0 sreq=0 sapplied=0 crate=19 uimp=676115 upos=4845 uneg=2675 ball=-125.00 vball=0.00 aball=-0.0 bref=0.00 pid=19.2 pref=678.0 ppos=676.1 apid=-0.0 integ=0.0 vision=1 current=1 vframe=581 vs=1 vage=35 vpage=35 vdt=33 vmax=959 vacc=526 vrej=0 seq=0 elapsed=0 oled=3C
[  15671] STATUS mode=3 fault=none enc=866 denc=0 sreq=0 sapplied=0 crate=19 uimp=676115 upos=4845 uneg=2675 ball=-125.00 vball=0.00 aball=-0.0 bref=0.00 pid=19.2 pref=678.0 ppos=676.1 apid=-0.0 integ=0.0 vision=1 current=1 vframe=581 vs=1 vage=75 vpage=75 vdt=33 vmax=959 vacc=526 vrej=0 seq=0 elapsed=0 oled=3C
[  15702] STATUS mode=3 fault=none enc=866 denc=0 sreq=0 sapplied=0 crate=19 uimp=676115 upos=4845 uneg=2675 ball=-125.00 vball=0.00 aball=-0.0 bref=0.00 pid=19.2 pref=678.0 ppos=676.1 apid=-0.0 integ=0.0 vision=1 current=1 vframe=581 vs=1 vage=95 vpage=95 vdt=33 vmax=959 vacc=526 vrej=0 seq=0 elapsed=0 oled=3C
[  15734] STATUS mode=3 fault=none enc=866 denc=0 sreq=0 sapplied=0 crate=19 uimp=676115 upos=4845 uneg=2675 ball=-125.00 vball=0.00 aball=-0.0 bref=0.00 pid=19.2 pref=678.0 ppos=676.1 apid=-0.0 integ=0.0 vision=1 current=1 vframe=582 vs=1 vage=14 vpage=14 vdt=101 vmax=959 vacc=527 vrej=0 seq=0 elapsed=0 oled=3C
[  15750] STATUS mode=3 fault=none enc=866 denc=0 sreq=0 sapplied=0 crate=19 uimp=676115 upos=4845 uneg=2675 ball=-125.00 vball=0.00 aball=-0.0 bref=0.00 pid=19.2 pref=678.0 ppos=676.1 apid=-0.0 integ=0.0 vision=1 current=1 vframe=584 vs=1 vage=5 vpage=5 vdt=33 vmax=959 vacc=529 vrej=0 seq=0 elapsed=0 oled=3C
[  15780] STATUS mode=3 fault=none enc=866 denc=0 sreq=0 sapplied=0 crate=19 uimp=676115 upos=4845 uneg=2675 ball=-125.00 vball=0.00 aball=-0.0 bref=0.00 pid=19.2 pref=678.0 ppos=676.1 apid=-0.0 integ=0.0 vision=1 current=1 vframe=584 vs=1 vage=25 vpage=25 vdt=33 vmax=959 vacc=529 vrej=0 seq=0 elapsed=0 oled=3C
[  15812] STATUS mode=3 fault=none enc=866 denc=0 sreq=0 sapplied=0 crate=19 uimp=676115 upos=4845 uneg=2675 ball=-125.00 vball=0.00 aball=-0.0 bref=0.00 pid=19.2 pref=678.0 ppos=676.1 apid=-0.0 integ=0.0 vision=1 current=1 vframe=584 vs=1 vage=45 vpage=45 vdt=33 vmax=959 vacc=529 vrej=0 seq=0 elapsed=0 oled=3C
[  15827] STATUS mode=3 fault=none enc=866 denc=0 sreq=0 sapplied=0 crate=19 uimp=676115 upos=4845 uneg=2675 ball=-125.00 vball=0.00 aball=-0.0 bref=0.00 pid=19.2 pref=678.0 ppos=676.1 apid=-0.0 integ=0.0 vision=1 current=1 vframe=584 vs=1 vage=85 vpage=85 vdt=33 vmax=959 vacc=529 vrej=0 seq=0 elapsed=0 oled=3C
[  15859] STATUS mode=3 fault=none enc=866 denc=0 sreq=0 sapplied=0 crate=19 uimp=676115 upos=4845 uneg=2675 ball=-125.00 vball=0.00 aball=-0.0 bref=0.00 pid=19.2 pref=678.0 ppos=676.1 apid=-0.0 integ=0.0 vision=1 current=1 vframe=585 vs=1 vage=10 vpage=10 vdt=95 vmax=959 vacc=530 vrej=0 seq=0 elapsed=0 oled=3C
[  15891] STATUS mode=3 fault=none enc=866 denc=0 sreq=0 sapplied=0 crate=19 uimp=676115 upos=4845 uneg=2675 ball=-125.00 vball=0.00 aball=-0.0 bref=0.00 pid=19.2 pref=678.0 ppos=676.1 apid=-0.0 integ=0.0 vision=1 current=1 vframe=586 vs=1 vage=8 vpage=8 vdt=22 vmax=959 vacc=531 vrej=0 seq=0 elapsed=0 oled=3C
[  15905] STATUS mode=3 fault=none enc=866 denc=0 sreq=0 sapplied=0 crate=19 uimp=676115 upos=4845 uneg=2675 ball=-125.00 vball=0.00 aball=-0.0 bref=0.00 pid=19.2 pref=678.0 ppos=676.1 apid=-0.0 integ=0.0 vision=1 current=1 vframe=593 vs=1 vage=15 vpage=15 vdt=33 vmax=959 vacc=538 vrej=0 seq=0 elapsed=0 oled=3C
[  15937] STATUS mode=3 fault=none enc=866 denc=0 sreq=0 sapplied=0 crate=19 uimp=676115 upos=4845 uneg=2675 ball=-125.00 vball=0.00 aball=-0.0 bref=0.00 pid=19.2 pref=678.0 ppos=676.1 apid=-0.0 integ=0.0 vision=1 current=1 vframe=593 vs=1 vage=35 vpage=35 vdt=33 vmax=959 vacc=538 vrej=0 seq=0 elapsed=0 oled=3C
[  15968] STATUS mode=3 fault=none enc=866 denc=0 sreq=0 sapplied=0 crate=19 uimp=676115 upos=4845 uneg=2675 ball=-125.00 vball=0.00 aball=-0.0 bref=0.00 pid=19.2 pref=678.0 ppos=676.1 apid=-0.0 integ=0.0 vision=1 current=1 vframe=593 vs=1 vage=55 vpage=55 vdt=33 vmax=959 vacc=538 vrej=0 seq=0 elapsed=0 oled=3C
[  15984] STATUS mode=3 fault=none enc=866 denc=0 sreq=0 sapplied=0 crate=19 uimp=676115 upos=4845 uneg=2675 ball=-125.00 vball=0.00 aball=-0.0 bref=0.00 pid=19.2 pref=678.0 ppos=676.1 apid=-0.0 integ=0.0 vision=1 current=1 vframe=593 vs=1 vage=95 vpage=95 vdt=33 vmax=959 vacc=538 vrej=0 seq=0 elapsed=0 oled=3C
[  16016] STATUS mode=3 fault=none enc=866 denc=0 sreq=0 sapplied=0 crate=19 uimp=676115 upos=4845 uneg=2675 ball=-125.00 vball=0.00 aball=-0.0 bref=0.00 pid=19.2 pref=678.0 ppos=676.1 apid=-0.0 integ=0.0 vision=1 current=1 vframe=594 vs=1 vage=14 vpage=14 vdt=101 vmax=959 vacc=539 vrej=0 seq=0 elapsed=0 oled=3C
[  16046] STATUS mode=3 fault=none enc=866 denc=0 sreq=0 sapplied=0 crate=19 uimp=676115 upos=4845 uneg=2675 ball=-125.00 vball=0.00 aball=-0.0 bref=0.00 pid=19.2 pref=678.0 ppos=676.1 apid=-0.0 integ=0.0 vision=1 current=1 vframe=595 vs=1 vage=1 vpage=1 vdt=33 vmax=959 vacc=540 vrej=0 seq=0 elapsed=0 oled=3C
[  16062] STATUS mode=3 fault=none enc=866 denc=0 sreq=0 sapplied=0 crate=19 uimp=676115 upos=4845 uneg=2675 ball=-125.00 vball=0.00 aball=-0.0 bref=0.00 pid=19.2 pref=678.0 ppos=676.1 apid=-0.0 integ=0.0 vision=1 current=1 vframe=596 vs=1 vage=7 vpage=7 vdt=34 vmax=959 vacc=541 vrej=0 seq=0 elapsed=0 oled=3C
[  16093] STATUS mode=3 fault=none enc=866 denc=0 sreq=0 sapplied=0 crate=19 uimp=676115 upos=4845 uneg=2675 ball=-125.00 vball=0.00 aball=-0.0 bref=0.00 pid=19.2 pref=678.0 ppos=676.1 apid=-0.0 integ=0.0 vision=1 current=1 vframe=596 vs=1 vage=27 vpage=27 vdt=34 vmax=959 vacc=541 vrej=0 seq=0 elapsed=0 oled=3C
[  16125] STATUS mode=3 fault=none enc=866 denc=0 sreq=0 sapplied=0 crate=19 uimp=676115 upos=4845 uneg=2675 ball=-125.00 vball=0.00 aball=-0.0 bref=0.00 pid=19.2 pref=678.0 ppos=676.1 apid=-0.0 integ=0.0 vision=1 current=1 vframe=596 vs=1 vage=47 vpage=47 vdt=34 vmax=959 vacc=541 vrej=0 seq=0 elapsed=0 oled=3C
[  16155] STATUS mode=3 fault=none enc=866 denc=0 sreq=0 sapplied=0 crate=19 uimp=676115 upos=4845 uneg=2675 ball=-125.00 vball=0.00 aball=-0.0 bref=0.00 pid=19.2 pref=678.0 ppos=676.1 apid=-0.0 integ=0.0 vision=1 current=1 vframe=596 vs=1 vage=87 vpage=87 vdt=34 vmax=959 vacc=541 vrej=0 seq=0 elapsed=0 oled=3C
[  16171] STATUS mode=3 fault=none enc=866 denc=0 sreq=0 sapplied=0 crate=19 uimp=676115 upos=4845 uneg=2675 ball=-125.00 vball=0.00 aball=-0.0 bref=0.00 pid=19.2 pref=678.0 ppos=676.1 apid=-0.0 integ=0.0 vision=1 current=1 vframe=597 vs=1 vage=7 vpage=7 vdt=100 vmax=959 vacc=542 vrej=0 seq=0 elapsed=0 oled=3C
[  16202] STATUS mode=3 fault=none enc=866 denc=0 sreq=0 sapplied=0 crate=19 uimp=676115 upos=4845 uneg=2675 ball=-125.00 vball=0.00 aball=-0.0 bref=0.00 pid=19.2 pref=678.0 ppos=676.1 apid=-0.0 integ=0.0 vision=1 current=1 vframe=597 vs=1 vage=27 vpage=27 vdt=100 vmax=959 vacc=542 vrej=0 seq=0 elapsed=0 oled=3C
[  16234] STATUS mode=3 fault=none enc=866 denc=0 sreq=0 sapplied=0 crate=19 uimp=676115 upos=4845 uneg=2675 ball=-125.00 vball=0.00 aball=-0.0 bref=0.00 pid=19.2 pref=678.0 ppos=676.1 apid=-0.0 integ=0.0 vision=1 current=1 vframe=598 vs=1 vage=14 vpage=14 vdt=33 vmax=959 vacc=543 vrej=0 seq=0 elapsed=0 oled=3C
[  16250] STATUS mode=3 fault=none enc=866 denc=0 sreq=0 sapplied=0 crate=19 uimp=676115 upos=4845 uneg=2675 ball=-125.00 vball=0.00 aball=-0.0 bref=0.00 pid=19.2 pref=678.0 ppos=676.1 apid=-0.0 integ=0.0 vision=1 current=1 vframe=599 vs=1 vage=21 vpage=21 vdt=33 vmax=959 vacc=544 vrej=0 seq=0 elapsed=0 oled=3C
[  16280] STATUS mode=3 fault=none enc=866 denc=0 sreq=0 sapplied=0 crate=19 uimp=676115 upos=4845 uneg=2675 ball=-125.00 vball=0.00 aball=-0.0 bref=0.00 pid=19.2 pref=678.0 ppos=676.1 apid=-0.0 integ=0.0 vision=1 current=1 vframe=599 vs=1 vage=41 vpage=41 vdt=33 vmax=959 vacc=544 vrej=0 seq=0 elapsed=0 oled=3C
[  16312] STATUS mode=3 fault=none enc=866 denc=0 sreq=0 sapplied=0 crate=19 uimp=676115 upos=4845 uneg=2675 ball=-125.00 vball=0.00 aball=-0.0 bref=0.00 pid=19.2 pref=678.0 ppos=676.1 apid=-0.0 integ=0.0 vision=1 current=1 vframe=599 vs=1 vage=61 vpage=61 vdt=33 vmax=959 vacc=544 vrej=0 seq=0 elapsed=0 oled=3C
[  16327] STATUS mode=3 fault=none enc=866 denc=0 sreq=0 sapplied=0 crate=19 uimp=676115 upos=4845 uneg=2675 ball=-125.00 vball=0.00 aball=-0.0 bref=0.00 pid=19.2 pref=678.0 ppos=676.1 apid=-0.0 integ=0.0 vision=1 current=1 vframe=600 vs=1 vage=2 vpage=2 vdt=99 vmax=959 vacc=545 vrej=0 seq=0 elapsed=0 oled=3C
[  16359] STATUS mode=3 fault=none enc=866 denc=0 sreq=0 sapplied=0 crate=19 uimp=676115 upos=4845 uneg=2675 ball=-125.00 vball=0.00 aball=-0.0 bref=0.00 pid=19.2 pref=678.0 ppos=676.1 apid=-0.0 integ=0.0 vision=1 current=1 vframe=601 vs=1 vage=5 vpage=5 vdt=17 vmax=959 vacc=546 vrej=0 seq=0 elapsed=0 oled=3C
[  16391] STATUS mode=3 fault=none enc=866 denc=0 sreq=0 sapplied=0 crate=19 uimp=676115 upos=4845 uneg=2675 ball=-125.00 vball=0.00 aball=-0.0 bref=0.00 pid=19.2 pref=678.0 ppos=676.1 apid=-0.0 integ=0.0 vision=1 current=1 vframe=601 vs=1 vage=25 vpage=25 vdt=17 vmax=959 vacc=546 vrej=0 seq=0 elapsed=0 oled=3C
[  16405] STATUS mode=3 fault=none enc=866 denc=0 sreq=0 sapplied=0 crate=19 uimp=676115 upos=4845 uneg=2675 ball=-125.00 vball=0.00 aball=-0.0 bref=0.00 pid=19.2 pref=678.0 ppos=676.1 apid=-0.0 integ=0.0 vision=1 current=1 vframe=602 vs=1 vage=32 vpage=32 vdt=33 vmax=959 vacc=547 vrej=0 seq=0 elapsed=0 oled=3C
[  16437] STATUS mode=3 fault=none enc=866 denc=0 sreq=0 sapplied=0 crate=19 uimp=676115 upos=4845 uneg=2675 ball=-125.00 vball=0.00 aball=-0.0 bref=0.00 pid=19.2 pref=678.0 ppos=676.1 apid=-0.0 integ=0.0 vision=1 current=1 vframe=602 vs=1 vage=52 vpage=52 vdt=33 vmax=959 vacc=547 vrej=0 seq=0 elapsed=0 oled=3C
[  16468] STATUS mode=3 fault=none enc=866 denc=0 sreq=0 sapplied=0 crate=19 uimp=676115 upos=4845 uneg=2675 ball=-125.00 vball=0.00 aball=-0.0 bref=0.00 pid=19.2 pref=678.0 ppos=676.1 apid=-0.0 integ=0.0 vision=1 current=1 vframe=602 vs=1 vage=72 vpage=72 vdt=33 vmax=959 vacc=547 vrej=0 seq=0 elapsed=0 oled=3C
[  16500] STATUS mode=3 fault=none enc=866 denc=0 sreq=0 sapplied=0 crate=19 uimp=676115 upos=4845 uneg=2675 ball=-125.00 vball=0.00 aball=-0.0 bref=0.00 pid=19.2 pref=678.0 ppos=676.1 apid=-0.0 integ=0.0 vision=1 current=1 vframe=603 vs=1 vage=15 vpage=15 vdt=97 vmax=959 vacc=548 vrej=0 seq=0 elapsed=0 oled=3C
[  16516] STATUS mode=3 fault=none enc=866 denc=0 sreq=0 sapplied=0 crate=19 uimp=676115 upos=4845 uneg=2675 ball=-125.00 vball=0.00 aball=-0.0 bref=0.00 pid=19.2 pref=678.0 ppos=676.1 apid=-0.0 integ=0.0 vision=1 current=1 vframe=603 vs=1 vage=35 vpage=35 vdt=97 vmax=959 vacc=548 vrej=0 seq=0 elapsed=0 oled=3C
[  16546] STATUS mode=3 fault=none enc=866 denc=0 sreq=0 sapplied=0 crate=19 uimp=676115 upos=4845 uneg=2675 ball=-125.00 vball=0.00 aball=-0.0 bref=0.00 pid=19.2 pref=678.0 ppos=676.1 apid=-0.0 integ=0.0 vision=1 current=1 vframe=604 vs=1 vage=19 vpage=19 vdt=36 vmax=959 vacc=549 vrej=0 seq=0 elapsed=0 oled=3C
[  16577] STATUS mode=3 fault=none enc=866 denc=0 sreq=0 sapplied=0 crate=19 uimp=676115 upos=4845 uneg=2675 ball=-125.00 vball=0.00 aball=-0.0 bref=0.00 pid=19.2 pref=678.0 ppos=676.1 apid=-0.0 integ=0.0 vision=1 current=1 vframe=604 vs=1 vage=59 vpage=59 vdt=36 vmax=959 vacc=549 vrej=0 seq=0 elapsed=0 oled=3C
[  16593] STATUS mode=3 fault=none enc=866 denc=0 sreq=0 sapplied=0 crate=19 uimp=676115 upos=4845 uneg=2675 ball=-125.00 vball=0.00 aball=-0.0 bref=0.00 pid=19.2 pref=678.0 ppos=676.1 apid=-0.0 integ=0.0 vision=1 current=1 vframe=604 vs=1 vage=79 vpage=79 vdt=36 vmax=959 vacc=549 vrej=0 seq=0 elapsed=0 oled=3C
[  16625] STATUS mode=3 fault=none enc=866 denc=0 sreq=0 sapplied=0 crate=19 uimp=676115 upos=4845 uneg=2675 ball=-125.00 vball=0.00 aball=-0.0 bref=0.00 pid=19.2 pref=678.0 ppos=676.1 apid=-0.0 integ=0.0 vision=1 current=1 vframe=604 vs=1 vage=99 vpage=99 vdt=36 vmax=959 vacc=549 vrej=0 seq=0 elapsed=0 oled=3C
[  16655] STATUS mode=3 fault=none enc=866 denc=0 sreq=0 sapplied=0 crate=19 uimp=676115 upos=4845 uneg=2675 ball=-125.00 vball=0.00 aball=-0.0 bref=0.00 pid=19.2 pref=678.0 ppos=676.1 apid=-0.0 integ=0.0 vision=1 current=1 vframe=607 vs=1 vage=6 vpage=6 vdt=20 vmax=959 vacc=552 vrej=0 seq=0 elapsed=0 oled=3C
[  16671] STATUS mode=3 fault=none enc=866 denc=0 sreq=0 sapplied=0 crate=19 uimp=676115 upos=4845 uneg=2675 ball=-125.00 vball=0.00 aball=-0.0 bref=0.00 pid=19.2 pref=678.0 ppos=676.1 apid=-0.0 integ=0.0 vision=1 current=1 vframe=607 vs=1 vage=26 vpage=26 vdt=20 vmax=959 vacc=552 vrej=0 seq=0 elapsed=0 oled=3C
[  16702] STATUS mode=3 fault=none enc=866 denc=0 sreq=0 sapplied=0 crate=19 uimp=676115 upos=4845 uneg=2675 ball=-125.00 vball=0.00 aball=-0.0 bref=0.00 pid=19.2 pref=678.0 ppos=676.1 apid=-0.0 integ=0.0 vision=1 current=1 vframe=608 vs=1 vage=12 vpage=12 vdt=34 vmax=959 vacc=553 vrej=0 seq=0 elapsed=0 oled=3C
[  16734] STATUS mode=3 fault=none enc=866 denc=0 sreq=0 sapplied=0 crate=19 uimp=676115 upos=4845 uneg=2675 ball=-125.00 vball=0.00 aball=-0.0 bref=0.00 pid=19.2 pref=678.0 ppos=676.1 apid=-0.0 integ=0.0 vision=1 current=1 vframe=608 vs=1 vage=52 vpage=52 vdt=34 vmax=959 vacc=553 vrej=0 seq=0 elapsed=0 oled=3C
[  16750] STATUS mode=3 fault=none enc=866 denc=0 sreq=0 sapplied=0 crate=19 uimp=676115 upos=4845 uneg=2675 ball=-125.00 vball=0.00 aball=-0.0 bref=0.00 pid=19.2 pref=678.0 ppos=676.1 apid=-0.0 integ=0.0 vision=1 current=1 vframe=608 vs=1 vage=72 vpage=72 vdt=34 vmax=959 vacc=553 vrej=0 seq=0 elapsed=0 oled=3C
[  16780] STATUS mode=3 fault=none enc=866 denc=0 sreq=0 sapplied=0 crate=19 uimp=676115 upos=4845 uneg=2675 ball=-125.00 vball=0.00 aball=-0.0 bref=0.00 pid=19.2 pref=678.0 ppos=676.1 apid=-0.0 integ=0.0 vision=1 current=1 vframe=608 vs=1 vage=92 vpage=92 vdt=34 vmax=959 vacc=553 vrej=0 seq=0 elapsed=0 oled=3C
[  16812] STATUS mode=3 fault=none enc=866 denc=0 sreq=0 sapplied=0 crate=19 uimp=676115 upos=4845 uneg=2675 ball=-125.00 vball=0.00 aball=-0.0 bref=0.00 pid=19.2 pref=678.0 ppos=676.1 apid=-0.0 integ=0.0 vision=1 current=1 vframe=608 vs=1 vage=112 vpage=112 vdt=34 vmax=959 vacc=553 vrej=0 seq=0 elapsed=0 oled=3C
[  16843] STATUS mode=3 fault=none enc=866 denc=0 sreq=0 sapplied=0 crate=19 uimp=676115 upos=4845 uneg=2675 ball=-125.00 vball=0.00 aball=-0.0 bref=0.00 pid=19.2 pref=678.0 ppos=676.1 apid=-0.0 integ=0.0 vision=1 current=1 vframe=610 vs=1 vage=2 vpage=2 vdt=36 vmax=959 vacc=555 vrej=0 seq=0 elapsed=0 oled=3C
[  16859] STATUS mode=3 fault=none enc=866 denc=0 sreq=0 sapplied=0 crate=19 uimp=676115 upos=4845 uneg=2675 ball=-125.00 vball=0.00 aball=-0.0 bref=0.00 pid=19.2 pref=678.0 ppos=676.1 apid=-0.0 integ=0.0 vision=1 current=1 vframe=610 vs=1 vage=22 vpage=22 vdt=36 vmax=959 vacc=555 vrej=0 seq=0 elapsed=0 oled=3C
[  16891] STATUS mode=3 fault=none enc=866 denc=0 sreq=0 sapplied=0 crate=19 uimp=676115 upos=4845 uneg=2675 ball=-125.00 vball=0.00 aball=-0.0 bref=0.00 pid=19.2 pref=678.0 ppos=676.1 apid=-0.0 integ=0.0 vision=1 current=1 vframe=610 vs=1 vage=42 vpage=42 vdt=36 vmax=959 vacc=555 vrej=0 seq=0 elapsed=0 oled=3C
[  16921] STATUS mode=3 fault=none enc=866 denc=0 sreq=0 sapplied=0 crate=19 uimp=676115 upos=4845 uneg=2675 ball=-125.00 vball=0.00 aball=-0.0 bref=0.00 pid=19.2 pref=678.0 ppos=676.1 apid=-0.0 integ=0.0 vision=1 current=1 vframe=610 vs=1 vage=82 vpage=82 vdt=36 vmax=959 vacc=555 vrej=0 seq=0 elapsed=0 oled=3C
[  16937] STATUS mode=3 fault=none enc=866 denc=0 sreq=0 sapplied=0 crate=19 uimp=676115 upos=4845 uneg=2675 ball=-125.00 vball=0.00 aball=-0.0 bref=0.00 pid=19.2 pref=678.0 ppos=676.1 apid=-0.0 integ=0.0 vision=1 current=1 vframe=610 vs=1 vage=102 vpage=102 vdt=36 vmax=959 vacc=555 vrej=0 seq=0 elapsed=0 oled=3C
[  16968] STATUS mode=3 fault=none enc=866 denc=0 sreq=0 sapplied=0 crate=19 uimp=676115 upos=4845 uneg=2675 ball=-125.00 vball=0.00 aball=-0.0 bref=0.00 pid=19.2 pref=678.0 ppos=676.1 apid=-0.0 integ=0.0 vision=1 current=1 vframe=612 vs=1 vage=5 vpage=5 vdt=7 vmax=959 vacc=557 vrej=0 seq=0 elapsed=0 oled=3C
[  17000] STATUS mode=3 fault=none enc=866 denc=0 sreq=0 sapplied=0 crate=19 uimp=676115 upos=4845 uneg=2675 ball=-125.00 vball=0.00 aball=-0.0 bref=0.00 pid=19.2 pref=678.0 ppos=676.1 apid=-0.0 integ=0.0 vision=1 current=1 vframe=613 vs=1 vage=12 vpage=12 vdt=33 vmax=959 vacc=558 vrej=0 seq=0 elapsed=0 oled=3C
[  17016] STATUS mode=3 fault=none enc=866 denc=0 sreq=0 sapplied=0 crate=19 uimp=676115 upos=4845 uneg=2675 ball=-125.00 vball=0.00 aball=-0.0 bref=0.00 pid=19.2 pref=678.0 ppos=676.1 apid=-0.0 integ=0.0 vision=1 current=1 vframe=613 vs=1 vage=32 vpage=32 vdt=33 vmax=959 vacc=558 vrej=0 seq=0 elapsed=0 oled=3C
[  17046] STATUS mode=3 fault=none enc=866 denc=0 sreq=0 sapplied=0 crate=19 uimp=676115 upos=4845 uneg=2675 ball=-125.00 vball=0.00 aball=-0.0 bref=0.00 pid=19.2 pref=678.0 ppos=676.1 apid=-0.0 integ=0.0 vision=1 current=1 vframe=614 vs=1 vage=19 vpage=19 vdt=33 vmax=959 vacc=559 vrej=0 seq=0 elapsed=0 oled=3C
[  17077] STATUS mode=3 fault=none enc=866 denc=0 sreq=0 sapplied=0 crate=19 uimp=676115 upos=4845 uneg=2675 ball=-125.00 vball=0.00 aball=-0.0 bref=0.00 pid=19.2 pref=678.0 ppos=676.1 apid=-0.0 integ=0.0 vision=1 current=1 vframe=614 vs=1 vage=59 vpage=59 vdt=33 vmax=959 vacc=559 vrej=0 seq=0 elapsed=0 oled=3C
[  17093] STATUS mode=3 fault=none enc=866 denc=0 sreq=0 sapplied=0 crate=19 uimp=676115 upos=4845 uneg=2675 ball=-125.00 vball=0.00 aball=-0.0 bref=0.00 pid=19.2 pref=678.0 ppos=676.1 apid=-0.0 integ=0.0 vision=1 current=1 vframe=614 vs=1 vage=79 vpage=79 vdt=33 vmax=959 vacc=559 vrej=0 seq=0 elapsed=0 oled=3C
[  17125] STATUS mode=3 fault=none enc=866 denc=0 sreq=0 sapplied=0 crate=19 uimp=676115 upos=4845 uneg=2675 ball=-125.00 vball=0.00 aball=-0.0 bref=0.00 pid=19.2 pref=678.0 ppos=676.1 apid=-0.0 integ=0.0 vision=1 current=1 vframe=615 vs=1 vage=3 vpage=3 vdt=96 vmax=959 vacc=560 vrej=0 seq=0 elapsed=0 oled=3C
[  17155] STATUS mode=3 fault=none enc=866 denc=0 sreq=0 sapplied=0 crate=19 uimp=676115 upos=4845 uneg=2675 ball=-125.00 vball=0.00 aball=-0.0 bref=0.00 pid=19.2 pref=678.0 ppos=676.1 apid=-0.0 integ=0.0 vision=1 current=1 vframe=616 vs=1 vage=21 vpage=21 vdt=22 vmax=959 vacc=561 vrej=0 seq=0 elapsed=0 oled=3C
[  17171] STATUS mode=3 fault=none enc=866 denc=0 sreq=0 sapplied=0 crate=19 uimp=676115 upos=4845 uneg=2675 ball=-125.00 vball=0.00 aball=-0.0 bref=0.00 pid=19.2 pref=678.0 ppos=676.1 apid=-0.0 integ=0.0 vision=1 current=1 vframe=617 vs=1 vage=9 vpage=9 vdt=32 vmax=959 vacc=562 vrej=0 seq=0 elapsed=0 oled=3C
[  17202] STATUS mode=3 fault=none enc=866 denc=0 sreq=0 sapplied=0 crate=19 uimp=676115 upos=4845 uneg=2675 ball=-125.00 vball=0.00 aball=-0.0 bref=0.00 pid=19.2 pref=678.0 ppos=676.1 apid=-0.0 integ=0.0 vision=1 current=1 vframe=617 vs=1 vage=29 vpage=29 vdt=32 vmax=959 vacc=562 vrej=0 seq=0 elapsed=0 oled=3C
[  17234] STATUS mode=3 fault=none enc=866 denc=0 sreq=0 sapplied=0 crate=19 uimp=676115 upos=4845 uneg=2675 ball=-125.00 vball=0.00 aball=-0.0 bref=0.00 pid=19.2 pref=678.0 ppos=676.1 apid=-0.0 integ=0.0 vision=1 current=1 vframe=617 vs=1 vage=69 vpage=69 vdt=32 vmax=959 vacc=562 vrej=0 seq=0 elapsed=0 oled=3C
[  17250] STATUS mode=3 fault=none enc=866 denc=0 sreq=0 sapplied=0 crate=19 uimp=676115 upos=4845 uneg=2675 ball=-125.00 vball=0.00 aball=-0.0 bref=0.00 pid=19.2 pref=678.0 ppos=676.1 apid=-0.0 integ=0.0 vision=1 current=1 vframe=617 vs=1 vage=89 vpage=89 vdt=32 vmax=959 vacc=562 vrej=0 seq=0 elapsed=0 oled=3C
[  17280] STATUS mode=3 fault=none enc=866 denc=0 sreq=0 sapplied=0 crate=19 uimp=676115 upos=4845 uneg=2675 ball=-125.00 vball=0.00 aball=-0.0 bref=0.00 pid=19.2 pref=678.0 ppos=676.1 apid=-0.0 integ=0.0 vision=1 current=1 vframe=618 vs=1 vage=14 vpage=14 vdt=95 vmax=959 vacc=563 vrej=0 seq=0 elapsed=0 oled=3C
[  17312] STATUS mode=3 fault=none enc=866 denc=0 sreq=0 sapplied=0 crate=19 uimp=676115 upos=4845 uneg=2675 ball=-125.00 vball=0.00 aball=-0.0 bref=0.00 pid=19.2 pref=678.0 ppos=676.1 apid=-0.0 integ=0.0 vision=1 current=1 vframe=619 vs=1 vage=32 vpage=32 vdt=22 vmax=959 vacc=564 vrej=0 seq=0 elapsed=0 oled=3C
[  17343] STATUS mode=3 fault=none enc=866 denc=0 sreq=0 sapplied=0 crate=19 uimp=676115 upos=4845 uneg=2675 ball=-125.00 vball=0.00 aball=-0.0 bref=0.00 pid=19.2 pref=678.0 ppos=676.1 apid=-0.0 integ=0.0 vision=1 current=1 vframe=620 vs=1 vage=19 vpage=19 vdt=33 vmax=959 vacc=565 vrej=0 seq=0 elapsed=0 oled=3C
[  17359] STATUS mode=3 fault=none enc=866 denc=0 sreq=0 sapplied=0 crate=19 uimp=676115 upos=4845 uneg=2675 ball=-125.00 vball=0.00 aball=-0.0 bref=0.00 pid=19.2 pref=678.0 ppos=676.1 apid=-0.0 integ=0.0 vision=1 current=1 vframe=620 vs=1 vage=39 vpage=39 vdt=33 vmax=959 vacc=565 vrej=0 seq=0 elapsed=0 oled=3C
[  17391] STATUS mode=3 fault=none enc=866 denc=0 sreq=0 sapplied=0 crate=19 uimp=676115 upos=4845 uneg=2675 ball=-125.00 vball=0.00 aball=-0.0 bref=0.00 pid=19.2 pref=678.0 ppos=676.1 apid=-0.0 integ=0.0 vision=1 current=1 vframe=620 vs=1 vage=79 vpage=79 vdt=33 vmax=959 vacc=565 vrej=0 seq=0 elapsed=0 oled=3C
[  17421] STATUS mode=3 fault=none enc=866 denc=0 sreq=0 sapplied=0 crate=19 uimp=676115 upos=4845 uneg=2675 ball=-125.00 vball=0.00 aball=-0.0 bref=0.00 pid=19.2 pref=678.0 ppos=676.1 apid=-0.0 integ=0.0 vision=1 current=1 vframe=621 vs=1 vage=2 vpage=2 vdt=97 vmax=959 vacc=566 vrej=0 seq=0 elapsed=0 oled=3C
[  17437] STATUS mode=3 fault=none enc=866 denc=0 sreq=0 sapplied=0 crate=19 uimp=676115 upos=4845 uneg=2675 ball=-125.00 vball=0.00 aball=-0.0 bref=0.00 pid=19.2 pref=678.0 ppos=676.1 apid=-0.0 integ=0.0 vision=1 current=1 vframe=622 vs=1 vage=2 vpage=2 vdt=20 vmax=959 vacc=567 vrej=0 seq=0 elapsed=0 oled=3C
[  17468] STATUS mode=3 fault=none enc=866 denc=0 sreq=0 sapplied=0 crate=19 uimp=676115 upos=4845 uneg=2675 ball=-125.00 vball=0.00 aball=-0.0 bref=0.00 pid=19.2 pref=678.0 ppos=676.1 apid=-0.0 integ=0.0 vision=1 current=1 vframe=622 vs=1 vage=22 vpage=22 vdt=20 vmax=959 vacc=567 vrej=0 seq=0 elapsed=0 oled=3C
[  17500] STATUS mode=3 fault=none enc=866 denc=0 sreq=0 sapplied=0 crate=19 uimp=676115 upos=4845 uneg=2675 ball=-125.00 vball=0.00 aball=-0.0 bref=0.00 pid=19.2 pref=678.0 ppos=676.1 apid=-0.0 integ=0.0 vision=1 current=1 vframe=623 vs=1 vage=29 vpage=29 vdt=33 vmax=959 vacc=568 vrej=0 seq=0 elapsed=0 oled=3C
[  17516] STATUS mode=3 fault=none enc=866 denc=0 sreq=0 sapplied=0 crate=19 uimp=676115 upos=4845 uneg=2675 ball=-125.00 vball=0.00 aball=-0.0 bref=0.00 pid=19.2 pref=678.0 ppos=676.1 apid=-0.0 integ=0.0 vision=1 current=1 vframe=623 vs=1 vage=49 vpage=49 vdt=33 vmax=959 vacc=568 vrej=0 seq=0 elapsed=0 oled=3C
[  17546] STATUS mode=3 fault=none enc=866 denc=0 sreq=0 sapplied=0 crate=19 uimp=676115 upos=4845 uneg=2675 ball=-125.00 vball=0.00 aball=-0.0 bref=0.00 pid=19.2 pref=678.0 ppos=676.1 apid=-0.0 integ=0.0 vision=1 current=1 vframe=623 vs=1 vage=69 vpage=69 vdt=33 vmax=959 vacc=568 vrej=0 seq=0 elapsed=0 oled=3C
[  17577] STATUS mode=3 fault=none enc=866 denc=0 sreq=0 sapplied=0 crate=19 uimp=676115 upos=4845 uneg=2675 ball=-125.00 vball=0.00 aball=-0.0 bref=0.00 pid=19.2 pref=678.0 ppos=676.1 apid=-0.0 integ=0.0 vision=1 current=1 vframe=624 vs=1 vage=14 vpage=14 vdt=95 vmax=959 vacc=569 vrej=0 seq=0 elapsed=0 oled=3C
[  17593] STATUS mode=3 fault=none enc=866 denc=0 sreq=0 sapplied=0 crate=19 uimp=676115 upos=4845 uneg=2675 ball=-125.00 vball=0.00 aball=-0.0 bref=0.00 pid=19.2 pref=678.0 ppos=676.1 apid=-0.0 integ=0.0 vision=1 current=1 vframe=625 vs=1 vage=12 vpage=12 vdt=22 vmax=959 vacc=570 vrej=0 seq=0 elapsed=0 oled=3C
[  17625] STATUS mode=3 fault=none enc=866 denc=0 sreq=0 sapplied=0 crate=19 uimp=676115 upos=4845 uneg=2675 ball=-125.00 vball=0.00 aball=-0.0 bref=0.00 pid=19.2 pref=678.0 ppos=676.1 apid=-0.0 integ=0.0 vision=1 current=1 vframe=625 vs=1 vage=32 vpage=32 vdt=22 vmax=959 vacc=570 vrej=0 seq=0 elapsed=0 oled=3C
[  17655] STATUS mode=3 fault=none enc=866 denc=0 sreq=0 sapplied=0 crate=19 uimp=676115 upos=4845 uneg=2675 ball=-125.00 vball=0.00 aball=-0.0 bref=0.00 pid=19.2 pref=678.0 ppos=676.1 apid=-0.0 integ=0.0 vision=1 current=1 vframe=626 vs=1 vage=38 vpage=38 vdt=34 vmax=959 vacc=571 vrej=0 seq=0 elapsed=0 oled=3C
[  17687] STATUS mode=3 fault=none enc=866 denc=0 sreq=0 sapplied=0 crate=19 uimp=676115 upos=4845 uneg=2675 ball=-125.00 vball=0.00 aball=-0.0 bref=0.00 pid=19.2 pref=678.0 ppos=676.1 apid=-0.0 integ=0.0 vision=1 current=1 vframe=626 vs=1 vage=58 vpage=58 vdt=34 vmax=959 vacc=571 vrej=0 seq=0 elapsed=0 oled=3C
[  17702] STATUS mode=3 fault=none enc=866 denc=0 sreq=0 sapplied=0 crate=19 uimp=676115 upos=4845 uneg=2675 ball=-125.00 vball=0.00 aball=-0.0 bref=0.00 pid=19.2 pref=678.0 ppos=676.1 apid=-0.0 integ=0.0 vision=1 current=1 vframe=626 vs=1 vage=78 vpage=78 vdt=34 vmax=959 vacc=571 vrej=0 seq=0 elapsed=0 oled=3C
[  17734] STATUS mode=3 fault=none enc=866 denc=0 sreq=0 sapplied=0 crate=19 uimp=676115 upos=4845 uneg=2675 ball=-125.00 vball=0.00 aball=-0.0 bref=0.00 pid=19.2 pref=678.0 ppos=676.1 apid=-0.0 integ=0.0 vision=1 current=1 vframe=627 vs=1 vage=22 vpage=22 vdt=96 vmax=959 vacc=572 vrej=0 seq=0 elapsed=0 oled=3C
[  17766] STATUS mode=3 fault=none enc=866 denc=0 sreq=0 sapplied=0 crate=19 uimp=676115 upos=4845 uneg=2675 ball=-125.00 vball=0.00 aball=-0.0 bref=0.00 pid=19.2 pref=678.0 ppos=676.1 apid=-0.0 integ=0.0 vision=1 current=1 vframe=628 vs=1 vage=6 vpage=6 vdt=36 vmax=959 vacc=573 vrej=0 seq=0 elapsed=0 oled=3C
[  17780] STATUS mode=3 fault=none enc=866 denc=0 sreq=0 sapplied=0 crate=19 uimp=676115 upos=4845 uneg=2675 ball=-125.00 vball=0.00 aball=-0.0 bref=0.00 pid=19.2 pref=678.0 ppos=676.1 apid=-0.0 integ=0.0 vision=1 current=1 vframe=628 vs=1 vage=26 vpage=26 vdt=36 vmax=959 vacc=573 vrej=0 seq=0 elapsed=0 oled=3C
[  17812] STATUS mode=3 fault=none enc=866 denc=0 sreq=0 sapplied=0 crate=19 uimp=676115 upos=4845 uneg=2675 ball=-125.00 vball=0.00 aball=-0.0 bref=0.00 pid=19.2 pref=678.0 ppos=676.1 apid=-0.0 integ=0.0 vision=1 current=1 vframe=628 vs=1 vage=66 vpage=66 vdt=36 vmax=959 vacc=573 vrej=0 seq=0 elapsed=0 oled=3C
[  17843] STATUS mode=3 fault=none enc=866 denc=0 sreq=0 sapplied=0 crate=19 uimp=676115 upos=4845 uneg=2675 ball=-125.00 vball=0.00 aball=-0.0 bref=0.00 pid=19.2 pref=678.0 ppos=676.1 apid=-0.0 integ=0.0 vision=1 current=1 vframe=628 vs=1 vage=86 vpage=86 vdt=36 vmax=959 vacc=573 vrej=0 seq=0 elapsed=0 oled=3C
[  17859] STATUS mode=3 fault=none enc=866 denc=0 sreq=0 sapplied=0 crate=19 uimp=676115 upos=4845 uneg=2675 ball=-125.00 vball=0.00 aball=-0.0 bref=0.00 pid=19.2 pref=678.0 ppos=676.1 apid=-0.0 integ=0.0 vision=1 current=1 vframe=628 vs=1 vage=106 vpage=106 vdt=36 vmax=959 vacc=573 vrej=0 seq=0 elapsed=0 oled=3C
[  17891] STATUS mode=3 fault=none enc=866 denc=0 sreq=0 sapplied=0 crate=19 uimp=676115 upos=4845 uneg=2675 ball=-125.00 vball=0.00 aball=-0.0 bref=0.00 pid=19.2 pref=678.0 ppos=676.1 apid=-0.0 integ=0.0 vision=1 current=1 vframe=630 vs=1 vage=32 vpage=32 vdt=7 vmax=959 vacc=575 vrej=0 seq=0 elapsed=0 oled=3C
[  17921] STATUS mode=3 fault=none enc=866 denc=0 sreq=0 sapplied=0 crate=19 uimp=676115 upos=4845 uneg=2675 ball=-125.00 vball=0.00 aball=-0.0 bref=0.00 pid=19.2 pref=678.0 ppos=676.1 apid=-0.0 integ=0.0 vision=1 current=1 vframe=631 vs=1 vage=16 vpage=16 vdt=36 vmax=959 vacc=576 vrej=0 seq=0 elapsed=0 oled=3C
[  17937] STATUS mode=3 fault=none enc=866 denc=0 sreq=0 sapplied=0 crate=19 uimp=676115 upos=4845 uneg=2675 ball=-125.00 vball=0.00 aball=-0.0 bref=0.00 pid=19.2 pref=678.0 ppos=676.1 apid=-0.0 integ=0.0 vision=1 current=1 vframe=631 vs=1 vage=36 vpage=36 vdt=36 vmax=959 vacc=576 vrej=0 seq=0 elapsed=0 oled=3C
[  17968] STATUS mode=3 fault=none enc=866 denc=0 sreq=0 sapplied=0 crate=19 uimp=676115 upos=4845 uneg=2675 ball=-125.00 vball=0.00 aball=-0.0 bref=0.00 pid=19.2 pref=678.0 ppos=676.1 apid=-0.0 integ=0.0 vision=1 current=1 vframe=631 vs=1 vage=76 vpage=76 vdt=36 vmax=959 vacc=576 vrej=0 seq=0 elapsed=0 oled=3C
[  18000] STATUS mode=3 fault=none enc=866 denc=0 sreq=0 sapplied=0 crate=19 uimp=676115 upos=4845 uneg=2675 ball=-125.00 vball=0.00 aball=-0.0 bref=0.00 pid=19.2 pref=678.0 ppos=676.1 apid=-0.0 integ=0.0 vision=1 current=1 vframe=631 vs=1 vage=96 vpage=96 vdt=36 vmax=959 vacc=576 vrej=0 seq=0 elapsed=0 oled=3C
[  18016] STATUS mode=3 fault=none enc=866 denc=0 sreq=0 sapplied=0 crate=19 uimp=676115 upos=4845 uneg=2675 ball=-125.00 vball=0.00 aball=-0.0 bref=0.00 pid=19.2 pref=678.0 ppos=676.1 apid=-0.0 integ=0.0 vision=1 current=1 vframe=633 vs=1 vage=2 vpage=2 vdt=7 vmax=959 vacc=578 vrej=0 seq=0 elapsed=0 oled=3C
[  18046] STATUS mode=3 fault=none enc=866 denc=0 sreq=0 sapplied=0 crate=19 uimp=676115 upos=4845 uneg=2675 ball=-125.00 vball=0.00 aball=-0.0 bref=0.00 pid=19.2 pref=678.0 ppos=676.1 apid=-0.0 integ=0.0 vision=1 current=1 vframe=633 vs=1 vage=22 vpage=22 vdt=7 vmax=959 vacc=578 vrej=0 seq=0 elapsed=0 oled=3C
[  18077] STATUS mode=3 fault=none enc=866 denc=0 sreq=0 sapplied=0 crate=19 uimp=676115 upos=4845 uneg=2675 ball=-125.00 vball=0.00 aball=-0.0 bref=0.00 pid=19.2 pref=678.0 ppos=676.1 apid=-0.0 integ=0.0 vision=1 current=1 vframe=634 vs=1 vage=26 vpage=26 vdt=36 vmax=959 vacc=579 vrej=0 seq=0 elapsed=0 oled=3C
[  18109] STATUS mode=3 fault=none enc=866 denc=0 sreq=0 sapplied=0 crate=19 uimp=676115 upos=4845 uneg=2675 ball=-125.00 vball=0.00 aball=-0.0 bref=0.00 pid=19.2 pref=678.0 ppos=676.1 apid=-0.0 integ=0.0 vision=1 current=1 vframe=634 vs=1 vage=46 vpage=46 vdt=36 vmax=959 vacc=579 vrej=0 seq=0 elapsed=0 oled=3C
[  18125] STATUS mode=3 fault=none enc=866 denc=0 sreq=0 sapplied=0 crate=19 uimp=676115 upos=4845 uneg=2675 ball=-125.00 vball=0.00 aball=-0.0 bref=0.00 pid=19.2 pref=678.0 ppos=676.1 apid=-0.0 integ=0.0 vision=1 current=1 vframe=634 vs=1 vage=66 vpage=66 vdt=36 vmax=959 vacc=579 vrej=0 seq=0 elapsed=0 oled=3C
[  18155] STATUS mode=3 fault=none enc=866 denc=0 sreq=0 sapplied=0 crate=19 uimp=676115 upos=4845 uneg=2675 ball=-125.00 vball=0.00 aball=-0.0 bref=0.00 pid=19.2 pref=678.0 ppos=676.1 apid=-0.0 integ=0.0 vision=1 current=1 vframe=634 vs=1 vage=106 vpage=106 vdt=36 vmax=959 vacc=579 vrej=0 seq=0 elapsed=0 oled=3C
[  18187] STATUS mode=3 fault=none enc=866 denc=0 sreq=0 sapplied=0 crate=19 uimp=676115 upos=4845 uneg=2675 ball=-125.00 vball=0.00 aball=-0.0 bref=0.00 pid=19.2 pref=678.0 ppos=676.1 apid=-0.0 integ=0.0 vision=1 current=1 vframe=636 vs=1 vage=12 vpage=12 vdt=7 vmax=959 vacc=581 vrej=0 seq=0 elapsed=0 oled=3C
[  18202] STATUS mode=3 fault=none enc=866 denc=0 sreq=0 sapplied=0 crate=19 uimp=676115 upos=4845 uneg=2675 ball=-125.00 vball=0.00 aball=-0.0 bref=0.00 pid=19.2 pref=678.0 ppos=676.1 apid=-0.0 integ=0.0 vision=1 current=1 vframe=636 vs=1 vage=32 vpage=32 vdt=7 vmax=959 vacc=581 vrej=0 seq=0 elapsed=0 oled=3C
[  18234] STATUS mode=3 fault=none enc=866 denc=0 sreq=0 sapplied=0 crate=19 uimp=676115 upos=4845 uneg=2675 ball=-125.00 vball=0.00 aball=-0.0 bref=0.00 pid=19.2 pref=678.0 ppos=676.1 apid=-0.0 integ=0.0 vision=1 current=1 vframe=637 vs=1 vage=36 vpage=36 vdt=36 vmax=959 vacc=582 vrej=0 seq=0 elapsed=0 oled=3C
[  18266] STATUS mode=3 fault=none enc=866 denc=0 sreq=0 sapplied=0 crate=19 uimp=676115 upos=4845 uneg=2675 ball=-125.00 vball=0.00 aball=-0.0 bref=0.00 pid=19.2 pref=678.0 ppos=676.1 apid=-0.0 integ=0.0 vision=1 current=1 vframe=637 vs=1 vage=56 vpage=56 vdt=36 vmax=959 vacc=582 vrej=0 seq=0 elapsed=0 oled=3C
[  18280] STATUS mode=3 fault=none enc=866 denc=0 sreq=0 sapplied=0 crate=19 uimp=676115 upos=4845 uneg=2675 ball=-125.00 vball=0.00 aball=-0.0 bref=0.00 pid=19.2 pref=678.0 ppos=676.1 apid=-0.0 integ=0.0 vision=1 current=1 vframe=637 vs=1 vage=76 vpage=76 vdt=36 vmax=959 vacc=582 vrej=0 seq=0 elapsed=0 oled=3C
[  18312] STATUS mode=3 fault=none enc=866 denc=0 sreq=0 sapplied=0 crate=19 uimp=676115 upos=4845 uneg=2675 ball=-125.00 vball=0.00 aball=-0.0 bref=0.00 pid=19.2 pref=678.0 ppos=676.1 apid=-0.0 integ=0.0 vision=1 current=1 vframe=638 vs=1 vage=8 vpage=8 vdt=108 vmax=959 vacc=583 vrej=0 seq=0 elapsed=0 oled=3C
[  18343] STATUS mode=3 fault=none enc=866 denc=0 sreq=0 sapplied=0 crate=19 uimp=676115 upos=4845 uneg=2675 ball=-125.00 vball=0.00 aball=-0.0 bref=0.00 pid=19.2 pref=678.0 ppos=676.1 apid=-0.0 integ=0.0 vision=1 current=1 vframe=639 vs=1 vage=20 vpage=20 vdt=8 vmax=959 vacc=584 vrej=0 seq=0 elapsed=0 oled=3C
[  18359] STATUS mode=3 fault=none enc=866 denc=0 sreq=0 sapplied=0 crate=19 uimp=676115 upos=4845 uneg=2675 ball=-125.00 vball=0.00 aball=-0.0 bref=0.00 pid=19.2 pref=678.0 ppos=676.1 apid=-0.0 integ=0.0 vision=1 current=1 vframe=640 vs=1 vage=6 vpage=6 vdt=34 vmax=959 vacc=585 vrej=0 seq=0 elapsed=0 oled=3C
[  18391] STATUS mode=3 fault=none enc=866 denc=0 sreq=0 sapplied=0 crate=19 uimp=676115 upos=4845 uneg=2675 ball=-125.00 vball=0.00 aball=-0.0 bref=0.00 pid=19.2 pref=678.0 ppos=676.1 apid=-0.0 integ=0.0 vision=1 current=1 vframe=640 vs=1 vage=46 vpage=46 vdt=34 vmax=959 vacc=585 vrej=0 seq=0 elapsed=0 oled=3C
[  18421] STATUS mode=3 fault=none enc=866 denc=0 sreq=0 sapplied=0 crate=19 uimp=676115 upos=4845 uneg=2675 ball=-125.00 vball=0.00 aball=-0.0 bref=0.00 pid=19.2 pref=678.0 ppos=676.1 apid=-0.0 integ=0.0 vision=1 current=1 vframe=640 vs=1 vage=66 vpage=66 vdt=34 vmax=959 vacc=585 vrej=0 seq=0 elapsed=0 oled=3C
[  18452] STATUS mode=3 fault=none enc=866 denc=0 sreq=0 sapplied=0 crate=19 uimp=676115 upos=4845 uneg=2675 ball=-125.00 vball=0.00 aball=-0.0 bref=0.00 pid=19.2 pref=678.0 ppos=676.1 apid=-0.0 integ=0.0 vision=1 current=1 vframe=640 vs=1 vage=86 vpage=86 vdt=34 vmax=959 vacc=585 vrej=0 seq=0 elapsed=0 oled=3C
[  18468] STATUS mode=3 fault=none enc=866 denc=0 sreq=0 sapplied=0 crate=19 uimp=676115 upos=4845 uneg=2675 ball=-125.00 vball=0.00 aball=-0.0 bref=0.00 pid=19.2 pref=678.0 ppos=676.1 apid=-0.0 integ=0.0 vision=1 current=1 vframe=642 vs=1 vage=14 vpage=14 vdt=8 vmax=959 vacc=587 vrej=0 seq=0 elapsed=0 oled=3C
[  18500] STATUS mode=3 fault=none enc=866 denc=0 sreq=0 sapplied=0 crate=19 uimp=676115 upos=4845 uneg=2675 ball=-125.00 vball=0.00 aball=-0.0 bref=0.00 pid=19.2 pref=678.0 ppos=676.1 apid=-0.0 integ=0.0 vision=1 current=1 vframe=643 vs=1 vage=12 vpage=12 vdt=22 vmax=959 vacc=588 vrej=0 seq=0 elapsed=0 oled=3C
[  18530] STATUS mode=3 fault=none enc=866 denc=0 sreq=0 sapplied=0 crate=19 uimp=676115 upos=4845 uneg=2675 ball=-125.00 vball=0.00 aball=-0.0 bref=0.00 pid=19.2 pref=678.0 ppos=676.1 apid=-0.0 integ=0.0 vision=1 current=1 vframe=643 vs=1 vage=32 vpage=32 vdt=22 vmax=959 vacc=588 vrej=0 seq=0 elapsed=0 oled=3C
[  18546] STATUS mode=3 fault=none enc=866 denc=0 sreq=0 sapplied=0 crate=19 uimp=676115 upos=4845 uneg=2675 ball=-125.00 vball=0.00 aball=-0.0 bref=0.00 pid=19.2 pref=678.0 ppos=676.1 apid=-0.0 integ=0.0 vision=1 current=1 vframe=644 vs=1 vage=39 vpage=39 vdt=33 vmax=959 vacc=589 vrej=0 seq=0 elapsed=0 oled=3C
[  18577] STATUS mode=3 fault=none enc=866 denc=0 sreq=0 sapplied=0 crate=19 uimp=676115 upos=4845 uneg=2675 ball=-125.00 vball=0.00 aball=-0.0 bref=0.00 pid=19.2 pref=678.0 ppos=676.1 apid=-0.0 integ=0.0 vision=1 current=1 vframe=644 vs=1 vage=59 vpage=59 vdt=33 vmax=959 vacc=589 vrej=0 seq=0 elapsed=0 oled=3C
[  18609] STATUS mode=3 fault=none enc=866 denc=0 sreq=0 sapplied=0 crate=19 uimp=676115 upos=4845 uneg=2675 ball=-125.00 vball=0.00 aball=-0.0 bref=0.00 pid=19.2 pref=678.0 ppos=676.1 apid=-0.0 integ=0.0 vision=1 current=1 vframe=644 vs=1 vage=79 vpage=79 vdt=33 vmax=959 vacc=589 vrej=0 seq=0 elapsed=0 oled=3C
[  18625] STATUS mode=3 fault=none enc=866 denc=0 sreq=0 sapplied=0 crate=19 uimp=676115 upos=4845 uneg=2675 ball=-125.00 vball=0.00 aball=-0.0 bref=0.00 pid=19.2 pref=678.0 ppos=676.1 apid=-0.0 integ=0.0 vision=1 current=1 vframe=645 vs=1 vage=5 vpage=5 vdt=94 vmax=959 vacc=590 vrej=0 seq=0 elapsed=0 oled=3C
[  18655] STATUS mode=3 fault=none enc=866 denc=0 sreq=0 sapplied=0 crate=19 uimp=676115 upos=4845 uneg=2675 ball=-125.00 vball=0.00 aball=-0.0 bref=0.00 pid=19.2 pref=678.0 ppos=676.1 apid=-0.0 integ=0.0 vision=1 current=1 vframe=646 vs=1 vage=22 vpage=22 vdt=23 vmax=959 vacc=591 vrej=0 seq=0 elapsed=0 oled=3C
[  18687] STATUS mode=3 fault=none enc=866 denc=0 sreq=0 sapplied=0 crate=19 uimp=676115 upos=4845 uneg=2675 ball=-125.00 vball=0.00 aball=-0.0 bref=0.00 pid=19.2 pref=678.0 ppos=676.1 apid=-0.0 integ=0.0 vision=1 current=1 vframe=647 vs=1 vage=9 vpage=9 vdt=33 vmax=959 vacc=592 vrej=0 seq=0 elapsed=0 oled=3C
[  18702] STATUS mode=3 fault=none enc=866 denc=0 sreq=0 sapplied=0 crate=19 uimp=676115 upos=4845 uneg=2675 ball=-125.00 vball=0.00 aball=-0.0 bref=0.00 pid=19.2 pref=678.0 ppos=676.1 apid=-0.0 integ=0.0 vision=1 current=1 vframe=647 vs=1 vage=29 vpage=29 vdt=33 vmax=959 vacc=592 vrej=0 seq=0 elapsed=0 oled=3C
[  18734] STATUS mode=3 fault=none enc=866 denc=0 sreq=0 sapplied=0 crate=19 uimp=676115 upos=4845 uneg=2675 ball=-125.00 vball=0.00 aball=-0.0 bref=0.00 pid=19.2 pref=678.0 ppos=676.1 apid=-0.0 integ=0.0 vision=1 current=1 vframe=647 vs=1 vage=69 vpage=69 vdt=33 vmax=959 vacc=592 vrej=0 seq=0 elapsed=0 oled=3C
[  18766] STATUS mode=3 fault=none enc=866 denc=0 sreq=0 sapplied=0 crate=19 uimp=676115 upos=4845 uneg=2675 ball=-125.00 vball=0.00 aball=-0.0 bref=0.00 pid=19.2 pref=678.0 ppos=676.1 apid=-0.0 integ=0.0 vision=1 current=1 vframe=647 vs=1 vage=89 vpage=89 vdt=33 vmax=959 vacc=592 vrej=0 seq=0 elapsed=0 oled=3C
[  18780] STATUS mode=3 fault=none enc=866 denc=0 sreq=0 sapplied=0 crate=19 uimp=676115 upos=4845 uneg=2675 ball=-125.00 vball=0.00 aball=-0.0 bref=0.00 pid=19.2 pref=678.0 ppos=676.1 apid=-0.0 integ=0.0 vision=1 current=1 vframe=647 vs=1 vage=109 vpage=109 vdt=33 vmax=959 vacc=592 vrej=0 seq=0 elapsed=0 oled=3C
[  18812] STATUS mode=3 fault=none enc=866 denc=0 sreq=0 sapplied=0 crate=19 uimp=676115 upos=4845 uneg=2675 ball=-125.00 vball=0.00 aball=-0.0 bref=0.00 pid=19.2 pref=678.0 ppos=676.1 apid=-0.0 integ=0.0 vision=1 current=1 vframe=649 vs=1 vage=16 vpage=16 vdt=23 vmax=959 vacc=594 vrej=0 seq=0 elapsed=0 oled=3C
[  18843] STATUS mode=3 fault=none enc=866 denc=0 sreq=0 sapplied=0 crate=19 uimp=676115 upos=4845 uneg=2675 ball=-125.00 vball=0.00 aball=-0.0 bref=0.00 pid=19.2 pref=678.0 ppos=676.1 apid=-0.0 integ=0.0 vision=1 current=1 vframe=649 vs=1 vage=36 vpage=36 vdt=23 vmax=959 vacc=594 vrej=0 seq=0 elapsed=0 oled=3C
[  18875] STATUS mode=3 fault=none enc=866 denc=0 sreq=0 sapplied=0 crate=19 uimp=676115 upos=4845 uneg=2675 ball=-125.00 vball=0.00 aball=-0.0 bref=0.00 pid=19.2 pref=678.0 ppos=676.1 apid=-0.0 integ=0.0 vision=1 current=1 vframe=650 vs=1 vage=10 vpage=10 vdt=46 vmax=959 vacc=595 vrej=0 seq=0 elapsed=0 oled=3C
[  18891] STATUS mode=3 fault=none enc=866 denc=0 sreq=0 sapplied=0 crate=19 uimp=676115 upos=4845 uneg=2675 ball=-125.00 vball=0.00 aball=-0.0 bref=0.00 pid=19.2 pref=678.0 ppos=676.1 apid=-0.0 integ=0.0 vision=1 current=1 vframe=650 vs=1 vage=50 vpage=50 vdt=46 vmax=959 vacc=595 vrej=0 seq=0 elapsed=0 oled=3C
[  18921] STATUS mode=3 fault=none enc=866 denc=0 sreq=0 sapplied=0 crate=19 uimp=676115 upos=4845 uneg=2675 ball=-125.00 vball=0.00 aball=-0.0 bref=0.00 pid=19.2 pref=678.0 ppos=676.1 apid=-0.0 integ=0.0 vision=1 current=1 vframe=650 vs=1 vage=70 vpage=70 vdt=46 vmax=959 vacc=595 vrej=0 seq=0 elapsed=0 oled=3C
[  18952] STATUS mode=3 fault=none enc=866 denc=0 sreq=0 sapplied=0 crate=19 uimp=676115 upos=4845 uneg=2675 ball=-125.00 vball=0.00 aball=-0.0 bref=0.00 pid=19.2 pref=678.0 ppos=676.1 apid=-0.0 integ=0.0 vision=1 current=1 vframe=650 vs=1 vage=90 vpage=90 vdt=46 vmax=959 vacc=595 vrej=0 seq=0 elapsed=0 oled=3C
[  18968] STATUS mode=3 fault=none enc=866 denc=0 sreq=0 sapplied=0 crate=19 uimp=676115 upos=4845 uneg=2675 ball=-125.00 vball=0.00 aball=-0.0 bref=0.00 pid=19.2 pref=678.0 ppos=676.1 apid=-0.0 integ=0.0 vision=1 current=1 vframe=651 vs=1 vage=1 vpage=1 vdt=129 vmax=959 vacc=596 vrej=0 seq=0 elapsed=0 oled=3C
[  19000] STATUS mode=3 fault=none enc=866 denc=0 sreq=0 sapplied=0 crate=19 uimp=676115 upos=4845 uneg=2675 ball=-125.00 vball=0.00 aball=-0.0 bref=0.00 pid=19.2 pref=678.0 ppos=676.1 apid=-0.0 integ=0.0 vision=1 current=1 vframe=651 vs=1 vage=21 vpage=21 vdt=129 vmax=959 vacc=596 vrej=0 seq=0 elapsed=0 oled=3C
[  19030] STATUS mode=3 fault=none enc=866 denc=0 sreq=0 sapplied=0 crate=19 uimp=676115 upos=4845 uneg=2675 ball=-125.00 vball=0.00 aball=-0.0 bref=0.00 pid=19.2 pref=678.0 ppos=676.1 apid=-0.0 integ=0.0 vision=1 current=1 vframe=652 vs=1 vage=16 vpage=16 vdt=25 vmax=959 vacc=597 vrej=0 seq=0 elapsed=0 oled=3C
[  19046] STATUS mode=3 fault=none enc=866 denc=0 sreq=0 sapplied=0 crate=19 uimp=676115 upos=4845 uneg=2675 ball=-125.00 vball=0.00 aball=-0.0 bref=0.00 pid=19.2 pref=678.0 ppos=676.1 apid=-0.0 integ=0.0 vision=1 current=1 vframe=653 vs=1 vage=23 vpage=23 vdt=33 vmax=959 vacc=598 vrej=0 seq=0 elapsed=0 oled=3C
[  19077] STATUS mode=3 fault=none enc=866 denc=0 sreq=0 sapplied=0 crate=19 uimp=676115 upos=4845 uneg=2675 ball=-125.00 vball=0.00 aball=-0.0 bref=0.00 pid=19.2 pref=678.0 ppos=676.1 apid=-0.0 integ=0.0 vision=1 current=1 vframe=653 vs=1 vage=43 vpage=43 vdt=33 vmax=959 vacc=598 vrej=0 seq=0 elapsed=0 oled=3C
[  19109] STATUS mode=3 fault=none enc=866 denc=0 sreq=0 sapplied=0 crate=19 uimp=676115 upos=4845 uneg=2675 ball=-125.00 vball=0.00 aball=-0.0 bref=0.00 pid=19.2 pref=678.0 ppos=676.1 apid=-0.0 integ=0.0 vision=1 current=1 vframe=653 vs=1 vage=63 vpage=63 vdt=33 vmax=959 vacc=598 vrej=0 seq=0 elapsed=0 oled=3C
[  19125] STATUS mode=3 fault=none enc=866 denc=0 sreq=0 sapplied=0 crate=19 uimp=676115 upos=4845 uneg=2675 ball=-125.00 vball=0.00 aball=-0.0 bref=0.00 pid=19.2 pref=678.0 ppos=676.1 apid=-0.0 integ=0.0 vision=1 current=1 vframe=654 vs=1 vage=6 vpage=6 vdt=97 vmax=959 vacc=599 vrej=0 seq=0 elapsed=0 oled=3C
[  19155] STATUS mode=3 fault=none enc=866 denc=0 sreq=0 sapplied=0 crate=19 uimp=676115 upos=4845 uneg=2675 ball=-125.00 vball=0.00 aball=-0.0 bref=0.00 pid=19.2 pref=678.0 ppos=676.1 apid=-0.0 integ=0.0 vision=1 current=1 vframe=654 vs=1 vage=26 vpage=26 vdt=97 vmax=959 vacc=599 vrej=0 seq=0 elapsed=0 oled=3C
[  19187] STATUS mode=3 fault=none enc=866 denc=0 sreq=0 sapplied=0 crate=19 uimp=676115 upos=4845 uneg=2675 ball=-125.00 vball=0.00 aball=-0.0 bref=0.00 pid=19.2 pref=678.0 ppos=676.1 apid=-0.0 integ=0.0 vision=1 current=1 vframe=655 vs=1 vage=9 vpage=9 vdt=37 vmax=959 vacc=600 vrej=0 seq=0 elapsed=0 oled=3C
[  19202] STATUS mode=3 fault=none enc=866 denc=0 sreq=0 sapplied=0 crate=19 uimp=676115 upos=4845 uneg=2675 ball=-125.00 vball=0.00 aball=-0.0 bref=0.00 pid=19.2 pref=678.0 ppos=676.1 apid=-0.0 integ=0.0 vision=1 current=1 vframe=655 vs=1 vage=29 vpage=29 vdt=37 vmax=959 vacc=600 vrej=0 seq=0 elapsed=0 oled=3C
[  19234] STATUS mode=3 fault=none enc=866 denc=0 sreq=0 sapplied=0 crate=19 uimp=676115 upos=4845 uneg=2675 ball=-125.00 vball=0.00 aball=-0.0 bref=0.00 pid=19.2 pref=678.0 ppos=676.1 apid=-0.0 integ=0.0 vision=1 current=1 vframe=655 vs=1 vage=69 vpage=69 vdt=37 vmax=959 vacc=600 vrej=0 seq=0 elapsed=0 oled=3C
[  19266] STATUS mode=3 fault=none enc=866 denc=0 sreq=0 sapplied=0 crate=19 uimp=676115 upos=4845 uneg=2675 ball=-125.00 vball=0.00 aball=-0.0 bref=0.00 pid=19.2 pref=678.0 ppos=676.1 apid=-0.0 integ=0.0 vision=1 current=1 vframe=655 vs=1 vage=89 vpage=89 vdt=37 vmax=959 vacc=600 vrej=0 seq=0 elapsed=0 oled=3C
[  19296] STATUS mode=3 fault=none enc=866 denc=0 sreq=0 sapplied=0 crate=19 uimp=676115 upos=4845 uneg=2675 ball=-125.00 vball=0.00 aball=-0.0 bref=0.00 pid=19.2 pref=678.0 ppos=676.1 apid=-0.0 integ=0.0 vision=1 current=1 vframe=656 vs=1 vage=5 vpage=5 vdt=104 vmax=959 vacc=601 vrej=0 seq=0 elapsed=0 oled=3C
[  19312] STATUS mode=3 fault=none enc=866 denc=0 sreq=0 sapplied=0 crate=19 uimp=676115 upos=4845 uneg=2675 ball=-125.00 vball=0.00 aball=-0.0 bref=0.00 pid=19.2 pref=678.0 ppos=676.1 apid=-0.0 integ=0.0 vision=1 current=1 vframe=658 vs=1 vage=17 vpage=17 vdt=21 vmax=959 vacc=603 vrej=0 seq=0 elapsed=0 oled=3C
[  19343] STATUS mode=3 fault=none enc=866 denc=0 sreq=0 sapplied=0 crate=19 uimp=676115 upos=4845 uneg=2675 ball=-125.00 vball=0.00 aball=-0.0 bref=0.00 pid=19.2 pref=678.0 ppos=676.1 apid=-0.0 integ=0.0 vision=1 current=1 vframe=659 vs=1 vage=3 vpage=3 vdt=34 vmax=959 vacc=604 vrej=0 seq=0 elapsed=0 oled=3C
[  19375] STATUS mode=3 fault=none enc=866 denc=0 sreq=0 sapplied=0 crate=19 uimp=676115 upos=4845 uneg=2675 ball=-125.00 vball=0.00 aball=-0.0 bref=0.00 pid=19.2 pref=678.0 ppos=676.1 apid=-0.0 integ=0.0 vision=1 current=1 vframe=659 vs=1 vage=23 vpage=23 vdt=34 vmax=959 vacc=604 vrej=0 seq=0 elapsed=0 oled=3C
[  19391] STATUS mode=3 fault=none enc=866 denc=0 sreq=0 sapplied=0 crate=19 uimp=676115 upos=4845 uneg=2675 ball=-125.00 vball=0.00 aball=-0.0 bref=0.00 pid=19.2 pref=678.0 ppos=676.1 apid=-0.0 integ=0.0 vision=1 current=1 vframe=659 vs=1 vage=63 vpage=63 vdt=34 vmax=959 vacc=604 vrej=0 seq=0 elapsed=0 oled=3C
[  19421] STATUS mode=3 fault=none enc=866 denc=0 sreq=0 sapplied=0 crate=19 uimp=676115 upos=4845 uneg=2675 ball=-125.00 vball=0.00 aball=-0.0 bref=0.00 pid=19.2 pref=678.0 ppos=676.1 apid=-0.0 integ=0.0 vision=1 current=1 vframe=659 vs=1 vage=83 vpage=83 vdt=34 vmax=959 vacc=604 vrej=0 seq=0 elapsed=0 oled=3C
[  19452] STATUS mode=3 fault=none enc=866 denc=0 sreq=0 sapplied=0 crate=19 uimp=676115 upos=4845 uneg=2675 ball=-125.00 vball=0.00 aball=-0.0 bref=0.00 pid=19.2 pref=678.0 ppos=676.1 apid=-0.0 integ=0.0 vision=1 current=1 vframe=660 vs=1 vage=7 vpage=7 vdt=96 vmax=959 vacc=605 vrej=0 seq=0 elapsed=0 oled=3C
[  19468] STATUS mode=3 fault=none enc=866 denc=0 sreq=0 sapplied=0 crate=19 uimp=676115 upos=4845 uneg=2675 ball=-125.00 vball=0.00 aball=-0.0 bref=0.00 pid=19.2 pref=678.0 ppos=676.1 apid=-0.0 integ=0.0 vision=1 current=1 vframe=661 vs=1 vage=26 vpage=26 vdt=21 vmax=959 vacc=606 vrej=0 seq=0 elapsed=0 oled=3C
[  19500] STATUS mode=3 fault=none enc=866 denc=0 sreq=0 sapplied=0 crate=19 uimp=676115 upos=4845 uneg=2675 ball=-125.00 vball=0.00 aball=-0.0 bref=0.00 pid=19.2 pref=678.0 ppos=676.1 apid=-0.0 integ=0.0 vision=1 current=1 vframe=662 vs=1 vage=14 vpage=14 vdt=32 vmax=959 vacc=607 vrej=0 seq=0 elapsed=0 oled=3C
[  19530] STATUS mode=3 fault=none enc=866 denc=0 sreq=0 sapplied=0 crate=19 uimp=676115 upos=4845 uneg=2675 ball=-125.00 vball=0.00 aball=-0.0 bref=0.00 pid=19.2 pref=678.0 ppos=676.1 apid=-0.0 integ=0.0 vision=1 current=1 vframe=662 vs=1 vage=34 vpage=34 vdt=32 vmax=959 vacc=607 vrej=0 seq=0 elapsed=0 oled=3C
[  19546] STATUS mode=3 fault=none enc=866 denc=0 sreq=0 sapplied=0 crate=19 uimp=676115 upos=4845 uneg=2675 ball=-125.00 vball=0.00 aball=-0.0 bref=0.00 pid=19.2 pref=678.0 ppos=676.1 apid=-0.0 integ=0.0 vision=1 current=1 vframe=662 vs=1 vage=74 vpage=74 vdt=32 vmax=959 vacc=607 vrej=0 seq=0 elapsed=0 oled=3C
[  19577] STATUS mode=3 fault=none enc=866 denc=0 sreq=0 sapplied=0 crate=19 uimp=676115 upos=4845 uneg=2675 ball=-125.00 vball=0.00 aball=-0.0 bref=0.00 pid=19.2 pref=678.0 ppos=676.1 apid=-0.0 integ=0.0 vision=1 current=1 vframe=662 vs=1 vage=94 vpage=94 vdt=32 vmax=959 vacc=607 vrej=0 seq=0 elapsed=0 oled=3C
[  19609] STATUS mode=3 fault=none enc=866 denc=0 sreq=0 sapplied=0 crate=19 uimp=676115 upos=4845 uneg=2675 ball=-125.00 vball=0.00 aball=-0.0 bref=0.00 pid=19.2 pref=678.0 ppos=676.1 apid=-0.0 integ=0.0 vision=1 current=1 vframe=663 vs=1 vage=16 vpage=16 vdt=98 vmax=959 vacc=608 vrej=0 seq=0 elapsed=0 oled=3C
[  19625] STATUS mode=3 fault=none enc=866 denc=0 sreq=0 sapplied=0 crate=19 uimp=676115 upos=4845 uneg=2675 ball=-125.00 vball=0.00 aball=-0.0 bref=0.00 pid=19.2 pref=678.0 ppos=676.1 apid=-0.0 integ=0.0 vision=1 current=1 vframe=664 vs=1 vage=20 vpage=20 vdt=36 vmax=959 vacc=609 vrej=0 seq=0 elapsed=0 oled=3C
[  19655] STATUS mode=3 fault=none enc=866 denc=0 sreq=0 sapplied=0 crate=19 uimp=676115 upos=4845 uneg=2675 ball=-125.00 vball=0.00 aball=-0.0 bref=0.00 pid=19.2 pref=678.0 ppos=676.1 apid=-0.0 integ=0.0 vision=1 current=1 vframe=664 vs=1 vage=40 vpage=40 vdt=36 vmax=959 vacc=609 vrej=0 seq=0 elapsed=0 oled=3C
[  19687] STATUS mode=3 fault=none enc=866 denc=0 sreq=0 sapplied=0 crate=19 uimp=676115 upos=4845 uneg=2675 ball=-125.00 vball=0.00 aball=-0.0 bref=0.00 pid=19.2 pref=678.0 ppos=676.1 apid=-0.0 integ=0.0 vision=1 current=1 vframe=664 vs=1 vage=60 vpage=60 vdt=36 vmax=959 vacc=609 vrej=0 seq=0 elapsed=0 oled=3C
[  19718] STATUS mode=3 fault=none enc=866 denc=0 sreq=0 sapplied=0 crate=19 uimp=676115 upos=4845 uneg=2675 ball=-125.00 vball=0.00 aball=-0.0 bref=0.00 pid=19.2 pref=678.0 ppos=676.1 apid=-0.0 integ=0.0 vision=1 current=1 vframe=664 vs=1 vage=100 vpage=100 vdt=36 vmax=959 vacc=609 vrej=0 seq=0 elapsed=0 oled=3C
[  19734] STATUS mode=3 fault=none enc=866 denc=0 sreq=0 sapplied=0 crate=19 uimp=676115 upos=4845 uneg=2675 ball=-125.00 vball=0.00 aball=-0.0 bref=0.00 pid=19.2 pref=678.0 ppos=676.1 apid=-0.0 integ=0.0 vision=1 current=1 vframe=666 vs=1 vage=7 vpage=7 vdt=7 vmax=959 vacc=611 vrej=0 seq=0 elapsed=0 oled=3C
[  19766] STATUS mode=3 fault=none enc=866 denc=0 sreq=0 sapplied=0 crate=19 uimp=676115 upos=4845 uneg=2675 ball=-125.00 vball=0.00 aball=-0.0 bref=0.00 pid=19.2 pref=678.0 ppos=676.1 apid=-0.0 integ=0.0 vision=1 current=1 vframe=666 vs=1 vage=27 vpage=27 vdt=7 vmax=959 vacc=611 vrej=0 seq=0 elapsed=0 oled=3C
[  19796] STATUS mode=3 fault=none enc=866 denc=0 sreq=0 sapplied=0 crate=19 uimp=676115 upos=4845 uneg=2675 ball=-125.00 vball=0.00 aball=-0.0 bref=0.00 pid=19.2 pref=678.0 ppos=676.1 apid=-0.0 integ=0.0 vision=1 current=1 vframe=667 vs=1 vage=30 vpage=30 vdt=37 vmax=959 vacc=612 vrej=0 seq=0 elapsed=0 oled=3C
[  19812] STATUS mode=3 fault=none enc=866 denc=0 sreq=0 sapplied=0 crate=19 uimp=676115 upos=4845 uneg=2675 ball=-125.00 vball=0.00 aball=-0.0 bref=0.00 pid=19.2 pref=678.0 ppos=676.1 apid=-0.0 integ=0.0 vision=1 current=1 vframe=667 vs=1 vage=50 vpage=50 vdt=37 vmax=959 vacc=612 vrej=0 seq=0 elapsed=0 oled=3C
[  19843] STATUS mode=3 fault=none enc=866 denc=0 sreq=0 sapplied=0 crate=19 uimp=676115 upos=4845 uneg=2675 ball=-125.00 vball=0.00 aball=-0.0 bref=0.00 pid=19.2 pref=678.0 ppos=676.1 apid=-0.0 integ=0.0 vision=1 current=1 vframe=667 vs=1 vage=70 vpage=70 vdt=37 vmax=959 vacc=612 vrej=0 seq=0 elapsed=0 oled=3C
[  19875] STATUS mode=3 fault=none enc=866 denc=0 sreq=0 sapplied=0 crate=19 uimp=676115 upos=4845 uneg=2675 ball=-125.00 vball=0.00 aball=-0.0 bref=0.00 pid=19.2 pref=678.0 ppos=676.1 apid=-0.0 integ=0.0 vision=1 current=1 vframe=667 vs=1 vage=90 vpage=90 vdt=37 vmax=959 vacc=612 vrej=0 seq=0 elapsed=0 oled=3C
[  19891] STATUS mode=3 fault=none enc=866 denc=0 sreq=0 sapplied=0 crate=19 uimp=676115 upos=4845 uneg=2675 ball=-125.00 vball=0.00 aball=-0.0 bref=0.00 pid=19.2 pref=678.0 ppos=676.1 apid=-0.0 integ=0.0 vision=1 current=1 vframe=669 vs=1 vage=18 vpage=18 vdt=9 vmax=959 vacc=614 vrej=0 seq=0 elapsed=0 oled=3C
[  19921] STATUS mode=3 fault=none enc=866 denc=0 sreq=0 sapplied=0 crate=19 uimp=676115 upos=4845 uneg=2675 ball=-125.00 vball=0.00 aball=-0.0 bref=0.00 pid=19.2 pref=678.0 ppos=676.1 apid=-0.0 integ=0.0 vision=1 current=1 vframe=670 vs=1 vage=16 vpage=16 vdt=22 vmax=959 vacc=615 vrej=0 seq=0 elapsed=0 oled=3C
[  19952] STATUS mode=3 fault=none enc=866 denc=0 sreq=0 sapplied=0 crate=19 uimp=676115 upos=4845 uneg=2675 ball=-125.00 vball=0.00 aball=-0.0 bref=0.00 pid=19.2 pref=678.0 ppos=676.1 apid=-0.0 integ=0.0 vision=1 current=1 vframe=671 vs=1 vage=3 vpage=3 vdt=33 vmax=959 vacc=616 vrej=0 seq=0 elapsed=0 oled=3C
[  19968] STATUS mode=3 fault=none enc=866 denc=0 sreq=0 sapplied=0 crate=19 uimp=676115 upos=4845 uneg=2675 ball=-125.00 vball=0.00 aball=-0.0 bref=0.00 pid=19.2 pref=678.0 ppos=676.1 apid=-0.0 integ=0.0 vision=1 current=1 vframe=671 vs=1 vage=43 vpage=43 vdt=33 vmax=959 vacc=616 vrej=0 seq=0 elapsed=0 oled=3C
[  20000] STATUS mode=3 fault=none enc=866 denc=0 sreq=0 sapplied=0 crate=19 uimp=676115 upos=4845 uneg=2675 ball=-125.00 vball=0.00 aball=-0.0 bref=0.00 pid=19.2 pref=678.0 ppos=676.1 apid=-0.0 integ=0.0 vision=1 current=1 vframe=671 vs=1 vage=63 vpage=63 vdt=33 vmax=959 vacc=616 vrej=0 seq=0 elapsed=0 oled=3C
[  20030] STATUS mode=3 fault=none enc=866 denc=0 sreq=0 sapplied=0 crate=19 uimp=676115 upos=4845 uneg=2675 ball=-125.00 vball=0.00 aball=-0.0 bref=0.00 pid=19.2 pref=678.0 ppos=676.1 apid=-0.0 integ=0.0 vision=1 current=1 vframe=671 vs=1 vage=83 vpage=83 vdt=33 vmax=959 vacc=616 vrej=0 seq=0 elapsed=0 oled=3C
[  20046] STATUS mode=3 fault=none enc=866 denc=0 sreq=0 sapplied=0 crate=19 uimp=676115 upos=4845 uneg=2675 ball=-125.00 vball=0.00 aball=-0.0 bref=0.00 pid=19.2 pref=678.0 ppos=676.1 apid=-0.0 integ=0.0 vision=1 current=1 vframe=672 vs=1 vage=22 vpage=22 vdt=101 vmax=959 vacc=617 vrej=0 seq=0 elapsed=0 oled=3C
[  20077] STATUS mode=3 fault=none enc=866 denc=0 sreq=0 sapplied=0 crate=19 uimp=676115 upos=4845 uneg=2675 ball=-125.00 vball=0.00 aball=-0.0 bref=0.00 pid=19.2 pref=678.0 ppos=676.1 apid=-0.0 integ=0.0 vision=1 current=1 vframe=673 vs=1 vage=9 vpage=9 vdt=33 vmax=959 vacc=618 vrej=0 seq=0 elapsed=0 oled=3C
[  20109] STATUS mode=3 fault=none enc=866 denc=0 sreq=0 sapplied=0 crate=19 uimp=676115 upos=4845 uneg=2675 ball=-125.00 vball=0.00 aball=-0.0 bref=0.00 pid=19.2 pref=678.0 ppos=676.1 apid=-0.0 integ=0.0 vision=1 current=1 vframe=673 vs=1 vage=29 vpage=29 vdt=33 vmax=959 vacc=618 vrej=0 seq=0 elapsed=0 oled=3C
[  20141] STATUS mode=3 fault=none enc=866 denc=0 sreq=0 sapplied=0 crate=19 uimp=676115 upos=4845 uneg=2675 ball=-125.00 vball=0.00 aball=-0.0 bref=0.00 pid=19.2 pref=678.0 ppos=676.1 apid=-0.0 integ=0.0 vision=1 current=1 vframe=674 vs=1 vage=36 vpage=36 vdt=33 vmax=959 vacc=619 vrej=0 seq=0 elapsed=0 oled=3C
[  20155] STATUS mode=3 fault=none enc=866 denc=0 sreq=0 sapplied=0 crate=19 uimp=676115 upos=4845 uneg=2675 ball=-125.00 vball=0.00 aball=-0.0 bref=0.00 pid=19.2 pref=678.0 ppos=676.1 apid=-0.0 integ=0.0 vision=1 current=1 vframe=674 vs=1 vage=56 vpage=56 vdt=33 vmax=959 vacc=619 vrej=0 seq=0 elapsed=0 oled=3C
[  20187] STATUS mode=3 fault=none enc=866 denc=0 sreq=0 sapplied=0 crate=19 uimp=676115 upos=4845 uneg=2675 ball=-125.00 vball=0.00 aball=-0.0 bref=0.00 pid=19.2 pref=678.0 ppos=676.1 apid=-0.0 integ=0.0 vision=1 current=1 vframe=674 vs=1 vage=76 vpage=76 vdt=33 vmax=959 vacc=619 vrej=0 seq=0 elapsed=0 oled=3C
[  20218] STATUS mode=3 fault=none enc=866 denc=0 sreq=0 sapplied=0 crate=19 uimp=676115 upos=4845 uneg=2675 ball=-125.00 vball=0.00 aball=-0.0 bref=0.00 pid=19.2 pref=678.0 ppos=676.1 apid=-0.0 integ=0.0 vision=1 current=1 vframe=675 vs=1 vage=16 vpage=16 vdt=100 vmax=959 vacc=620 vrej=0 seq=0 elapsed=0 oled=3C
[  20234] STATUS mode=3 fault=none enc=866 denc=0 sreq=0 sapplied=0 crate=19 uimp=676115 upos=4845 uneg=2675 ball=-125.00 vball=0.00 aball=-0.0 bref=0.00 pid=19.2 pref=678.0 ppos=676.1 apid=-0.0 integ=0.0 vision=1 current=1 vframe=676 vs=1 vage=3 vpage=3 vdt=33 vmax=959 vacc=621 vrej=0 seq=0 elapsed=0 oled=3C
[  20266] STATUS mode=3 fault=none enc=866 denc=0 sreq=0 sapplied=0 crate=19 uimp=676115 upos=4845 uneg=2675 ball=-125.00 vball=0.00 aball=-0.0 bref=0.00 pid=19.2 pref=678.0 ppos=676.1 apid=-0.0 integ=0.0 vision=1 current=1 vframe=676 vs=1 vage=23 vpage=23 vdt=33 vmax=959 vacc=621 vrej=0 seq=0 elapsed=0 oled=3C
[  20296] STATUS mode=3 fault=none enc=866 denc=0 sreq=0 sapplied=0 crate=19 uimp=676115 upos=4845 uneg=2675 ball=-125.00 vball=0.00 aball=-0.0 bref=0.00 pid=19.2 pref=678.0 ppos=676.1 apid=-0.0 integ=0.0 vision=1 current=1 vframe=676 vs=1 vage=63 vpage=63 vdt=33 vmax=959 vacc=621 vrej=0 seq=0 elapsed=0 oled=3C
[  20312] STATUS mode=3 fault=none enc=866 denc=0 sreq=0 sapplied=0 crate=19 uimp=676115 upos=4845 uneg=2675 ball=-125.00 vball=0.00 aball=-0.0 bref=0.00 pid=19.2 pref=678.0 ppos=676.1 apid=-0.0 integ=0.0 vision=1 current=1 vframe=676 vs=1 vage=83 vpage=83 vdt=33 vmax=959 vacc=621 vrej=0 seq=0 elapsed=0 oled=3C
[  20343] STATUS mode=3 fault=none enc=866 denc=0 sreq=0 sapplied=0 crate=19 uimp=676115 upos=4845 uneg=2675 ball=-125.00 vball=0.00 aball=-0.0 bref=0.00 pid=19.2 pref=678.0 ppos=676.1 apid=-0.0 integ=0.0 vision=1 current=1 vframe=676 vs=1 vage=103 vpage=103 vdt=33 vmax=959 vacc=621 vrej=0 seq=0 elapsed=0 oled=3C
[  20375] STATUS mode=3 fault=none enc=866 denc=0 sreq=0 sapplied=0 crate=19 uimp=676115 upos=4845 uneg=2675 ball=-125.00 vball=0.00 aball=-0.0 bref=0.00 pid=19.2 pref=678.0 ppos=676.1 apid=-0.0 integ=0.0 vision=1 current=1 vframe=679 vs=1 vage=9 vpage=9 vdt=22 vmax=959 vacc=624 vrej=0 seq=0 elapsed=0 oled=3C
[  20391] STATUS mode=3 fault=none enc=866 denc=0 sreq=0 sapplied=0 crate=19 uimp=676115 upos=4845 uneg=2675 ball=-125.00 vball=0.00 aball=-0.0 bref=0.00 pid=19.2 pref=678.0 ppos=676.1 apid=-0.0 integ=0.0 vision=1 current=1 vframe=679 vs=1 vage=29 vpage=29 vdt=22 vmax=959 vacc=624 vrej=0 seq=0 elapsed=0 oled=3C
[  20421] STATUS mode=3 fault=none enc=866 denc=0 sreq=0 sapplied=0 crate=19 uimp=676115 upos=4845 uneg=2675 ball=-125.00 vball=0.00 aball=-0.0 bref=0.00 pid=19.2 pref=678.0 ppos=676.1 apid=-0.0 integ=0.0 vision=1 current=1 vframe=680 vs=1 vage=15 vpage=15 vdt=34 vmax=959 vacc=625 vrej=0 seq=0 elapsed=0 oled=3C
[  20452] STATUS mode=3 fault=none enc=866 denc=0 sreq=0 sapplied=0 crate=19 uimp=676115 upos=4845 uneg=2675 ball=-125.00 vball=0.00 aball=-0.0 bref=0.00 pid=19.2 pref=678.0 ppos=676.1 apid=-0.0 integ=0.0 vision=1 current=1 vframe=680 vs=1 vage=35 vpage=35 vdt=34 vmax=959 vacc=625 vrej=0 seq=0 elapsed=0 oled=3C
[  20468] STATUS mode=3 fault=none enc=866 denc=0 sreq=0 sapplied=0 crate=19 uimp=676115 upos=4845 uneg=2675 ball=-125.00 vball=0.00 aball=-0.0 bref=0.00 pid=19.2 pref=678.0 ppos=676.1 apid=-0.0 integ=0.0 vision=1 current=1 vframe=680 vs=1 vage=75 vpage=75 vdt=34 vmax=959 vacc=625 vrej=0 seq=0 elapsed=0 oled=3C
[  20500] STATUS mode=3 fault=none enc=866 denc=0 sreq=0 sapplied=0 crate=19 uimp=676115 upos=4845 uneg=2675 ball=-125.00 vball=0.00 aball=-0.0 bref=0.00 pid=19.2 pref=678.0 ppos=676.1 apid=-0.0 integ=0.0 vision=1 current=1 vframe=681 vs=1 vage=1 vpage=1 vdt=94 vmax=959 vacc=626 vrej=0 seq=0 elapsed=0 oled=3C
[  20530] STATUS mode=3 fault=none enc=866 denc=0 sreq=0 sapplied=0 crate=19 uimp=676115 upos=4845 uneg=2675 ball=-125.00 vball=0.00 aball=-0.0 bref=0.00 pid=19.2 pref=678.0 ppos=676.1 apid=-0.0 integ=0.0 vision=1 current=1 vframe=681 vs=1 vage=21 vpage=21 vdt=94 vmax=959 vacc=626 vrej=0 seq=0 elapsed=0 oled=3C
[  20562] STATUS mode=3 fault=none enc=866 denc=0 sreq=0 sapplied=0 crate=19 uimp=676115 upos=4845 uneg=2675 ball=-125.00 vball=0.00 aball=-0.0 bref=0.00 pid=19.2 pref=678.0 ppos=676.1 apid=-0.0 integ=0.0 vision=1 current=1 vframe=683 vs=1 vage=7 vpage=7 vdt=33 vmax=959 vacc=628 vrej=0 seq=0 elapsed=0 oled=3C
[  20577] STATUS mode=3 fault=none enc=866 denc=0 sreq=0 sapplied=0 crate=19 uimp=676115 upos=4845 uneg=2675 ball=-125.00 vball=0.00 aball=-0.0 bref=0.00 pid=19.2 pref=678.0 ppos=676.1 apid=-0.0 integ=0.0 vision=1 current=1 vframe=683 vs=1 vage=27 vpage=27 vdt=33 vmax=959 vacc=628 vrej=0 seq=0 elapsed=0 oled=3C
[  20609] STATUS mode=3 fault=none enc=866 denc=0 sreq=0 sapplied=0 crate=19 uimp=676115 upos=4845 uneg=2675 ball=-125.00 vball=0.00 aball=-0.0 bref=0.00 pid=19.2 pref=678.0 ppos=676.1 apid=-0.0 integ=0.0 vision=1 current=1 vframe=683 vs=1 vage=47 vpage=47 vdt=33 vmax=959 vacc=628 vrej=0 seq=0 elapsed=0 oled=3C
[  20641] STATUS mode=3 fault=none enc=866 denc=0 sreq=0 sapplied=0 crate=19 uimp=676115 upos=4845 uneg=2675 ball=-125.00 vball=0.00 aball=-0.0 bref=0.00 pid=19.2 pref=678.0 ppos=676.1 apid=-0.0 integ=0.0 vision=1 current=1 vframe=683 vs=1 vage=87 vpage=87 vdt=33 vmax=959 vacc=628 vrej=0 seq=0 elapsed=0 oled=3C
[  20655] STATUS mode=3 fault=none enc=866 denc=0 sreq=0 sapplied=0 crate=19 uimp=676115 upos=4845 uneg=2675 ball=-125.00 vball=0.00 aball=-0.0 bref=0.00 pid=19.2 pref=678.0 ppos=676.1 apid=-0.0 integ=0.0 vision=1 current=1 vframe=684 vs=1 vage=10 vpage=10 vdt=97 vmax=959 vacc=629 vrej=0 seq=0 elapsed=0 oled=3C
[  20687] STATUS mode=3 fault=none enc=866 denc=0 sreq=0 sapplied=0 crate=19 uimp=676115 upos=4845 uneg=2675 ball=-125.00 vball=0.00 aball=-0.0 bref=0.00 pid=19.2 pref=678.0 ppos=676.1 apid=-0.0 integ=0.0 vision=1 current=1 vframe=684 vs=1 vage=30 vpage=30 vdt=97 vmax=959 vacc=629 vrej=0 seq=0 elapsed=0 oled=3C
[  20718] STATUS mode=3 fault=none enc=866 denc=0 sreq=0 sapplied=0 crate=19 uimp=676115 upos=4845 uneg=2675 ball=-125.00 vball=0.00 aball=-0.0 bref=0.00 pid=19.2 pref=678.0 ppos=676.1 apid=-0.0 integ=0.0 vision=1 current=1 vframe=685 vs=1 vage=34 vpage=34 vdt=36 vmax=959 vacc=630 vrej=0 seq=0 elapsed=0 oled=3C
[  20734] STATUS mode=3 fault=none enc=866 denc=0 sreq=0 sapplied=0 crate=19 uimp=676115 upos=4845 uneg=2675 ball=-125.00 vball=0.00 aball=-0.0 bref=0.00 pid=19.2 pref=678.0 ppos=676.1 apid=-0.0 integ=0.0 vision=1 current=1 vframe=685 vs=1 vage=54 vpage=54 vdt=36 vmax=959 vacc=630 vrej=0 seq=0 elapsed=0 oled=3C
[  20766] STATUS mode=3 fault=none enc=866 denc=0 sreq=0 sapplied=0 crate=19 uimp=676115 upos=4845 uneg=2675 ball=-125.00 vball=0.00 aball=-0.0 bref=0.00 pid=19.2 pref=678.0 ppos=676.1 apid=-0.0 integ=0.0 vision=1 current=1 vframe=685 vs=1 vage=74 vpage=74 vdt=36 vmax=959 vacc=630 vrej=0 seq=0 elapsed=0 oled=3C
[  20796] STATUS mode=3 fault=none enc=866 denc=0 sreq=0 sapplied=0 crate=19 uimp=676115 upos=4845 uneg=2675 ball=-125.00 vball=0.00 aball=-0.0 bref=0.00 pid=19.2 pref=678.0 ppos=676.1 apid=-0.0 integ=0.0 vision=1 current=1 vframe=686 vs=1 vage=6 vpage=6 vdt=108 vmax=959 vacc=631 vrej=0 seq=0 elapsed=0 oled=3C
[  20812] STATUS mode=3 fault=none enc=866 denc=0 sreq=0 sapplied=0 crate=19 uimp=676115 upos=4845 uneg=2675 ball=-125.00 vball=0.00 aball=-0.0 bref=0.00 pid=19.2 pref=678.0 ppos=676.1 apid=-0.0 integ=0.0 vision=1 current=1 vframe=687 vs=1 vage=19 vpage=19 vdt=7 vmax=959 vacc=632 vrej=0 seq=0 elapsed=0 oled=3C
[  20843] STATUS mode=3 fault=none enc=866 denc=0 sreq=0 sapplied=0 crate=19 uimp=676115 upos=4845 uneg=2675 ball=-125.00 vball=0.00 aball=-0.0 bref=0.00 pid=19.2 pref=678.0 ppos=676.1 apid=-0.0 integ=0.0 vision=1 current=1 vframe=688 vs=1 vage=4 vpage=4 vdt=35 vmax=959 vacc=633 vrej=0 seq=0 elapsed=0 oled=3C
[  20875] STATUS mode=3 fault=none enc=866 denc=0 sreq=0 sapplied=0 crate=19 uimp=676115 upos=4845 uneg=2675 ball=-125.00 vball=0.00 aball=-0.0 bref=0.00 pid=19.2 pref=678.0 ppos=676.1 apid=-0.0 integ=0.0 vision=1 current=1 vframe=688 vs=1 vage=44 vpage=44 vdt=35 vmax=959 vacc=633 vrej=0 seq=0 elapsed=0 oled=3C
[  20905] STATUS mode=3 fault=none enc=866 denc=0 sreq=0 sapplied=0 crate=19 uimp=676115 upos=4845 uneg=2675 ball=-125.00 vball=0.00 aball=-0.0 bref=0.00 pid=19.2 pref=678.0 ppos=676.1 apid=-0.0 integ=0.0 vision=1 current=1 vframe=688 vs=1 vage=64 vpage=64 vdt=35 vmax=959 vacc=633 vrej=0 seq=0 elapsed=0 oled=3C
[  20921] STATUS mode=3 fault=none enc=866 denc=0 sreq=0 sapplied=0 crate=19 uimp=676115 upos=4845 uneg=2675 ball=-125.00 vball=0.00 aball=-0.0 bref=0.00 pid=19.2 pref=678.0 ppos=676.1 apid=-0.0 integ=0.0 vision=1 current=1 vframe=688 vs=1 vage=84 vpage=84 vdt=35 vmax=959 vacc=633 vrej=0 seq=0 elapsed=0 oled=3C
[  20952] STATUS mode=3 fault=none enc=866 denc=0 sreq=0 sapplied=0 crate=19 uimp=676115 upos=4845 uneg=2675 ball=-125.00 vball=0.00 aball=-0.0 bref=0.00 pid=19.2 pref=678.0 ppos=676.1 apid=-0.0 integ=0.0 vision=1 current=1 vframe=690 vs=1 vage=10 vpage=10 vdt=7 vmax=959 vacc=635 vrej=0 seq=0 elapsed=0 oled=3C
[  20984] STATUS mode=3 fault=none enc=866 denc=0 sreq=0 sapplied=0 crate=19 uimp=676115 upos=4845 uneg=2675 ball=-125.00 vball=0.00 aball=-0.0 bref=0.00 pid=19.2 pref=678.0 ppos=676.1 apid=-0.0 integ=0.0 vision=1 current=1 vframe=690 vs=1 vage=30 vpage=30 vdt=7 vmax=959 vacc=635 vrej=0 seq=0 elapsed=0 oled=3C
[  21000] STATUS mode=3 fault=none enc=866 denc=0 sreq=0 sapplied=0 crate=19 uimp=676115 upos=4845 uneg=2675 ball=-125.00 vball=0.00 aball=-0.0 bref=0.00 pid=19.2 pref=678.0 ppos=676.1 apid=-0.0 integ=0.0 vision=1 current=1 vframe=691 vs=1 vage=13 vpage=13 vdt=37 vmax=959 vacc=636 vrej=0 seq=0 elapsed=0 oled=3C
[  21030] STATUS mode=3 fault=none enc=866 denc=0 sreq=0 sapplied=0 crate=19 uimp=676115 upos=4845 uneg=2675 ball=-125.00 vball=0.00 aball=-0.0 bref=0.00 pid=19.2 pref=678.0 ppos=676.1 apid=-0.0 integ=0.0 vision=1 current=1 vframe=691 vs=1 vage=33 vpage=33 vdt=37 vmax=959 vacc=636 vrej=0 seq=0 elapsed=0 oled=3C
[  21062] STATUS mode=3 fault=none enc=866 denc=0 sreq=0 sapplied=0 crate=19 uimp=676115 upos=4845 uneg=2675 ball=-125.00 vball=0.00 aball=-0.0 bref=0.00 pid=19.2 pref=678.0 ppos=676.1 apid=-0.0 integ=0.0 vision=1 current=1 vframe=691 vs=1 vage=73 vpage=73 vdt=37 vmax=959 vacc=636 vrej=0 seq=0 elapsed=0 oled=3C
[  21077] STATUS mode=3 fault=none enc=866 denc=0 sreq=0 sapplied=0 crate=19 uimp=676115 upos=4845 uneg=2675 ball=-125.00 vball=0.00 aball=-0.0 bref=0.00 pid=19.2 pref=678.0 ppos=676.1 apid=-0.0 integ=0.0 vision=1 current=1 vframe=691 vs=1 vage=93 vpage=93 vdt=37 vmax=959 vacc=636 vrej=0 seq=0 elapsed=0 oled=3C
[  21109] STATUS mode=3 fault=none enc=866 denc=0 sreq=0 sapplied=0 crate=19 uimp=676115 upos=4845 uneg=2675 ball=-125.00 vball=0.00 aball=-0.0 bref=0.00 pid=19.2 pref=678.0 ppos=676.1 apid=-0.0 integ=0.0 vision=1 current=1 vframe=693 vs=1 vage=2 vpage=2 vdt=7 vmax=959 vacc=638 vrej=0 seq=0 elapsed=0 oled=3C
[  21141] STATUS mode=3 fault=none enc=866 denc=0 sreq=0 sapplied=0 crate=19 uimp=676115 upos=4845 uneg=2675 ball=-125.00 vball=0.00 aball=-0.0 bref=0.00 pid=19.2 pref=678.0 ppos=676.1 apid=-0.0 integ=0.0 vision=1 current=1 vframe=694 vs=1 vage=19 vpage=19 vdt=23 vmax=959 vacc=639 vrej=0 seq=0 elapsed=0 oled=3C
[  21155] STATUS mode=3 fault=none enc=866 denc=0 sreq=0 sapplied=0 crate=19 uimp=676115 upos=4845 uneg=2675 ball=-125.00 vball=0.00 aball=-0.0 bref=0.00 pid=19.2 pref=678.0 ppos=676.1 apid=-0.0 integ=0.0 vision=1 current=1 vframe=695 vs=1 vage=7 vpage=7 vdt=32 vmax=959 vacc=640 vrej=0 seq=0 elapsed=0 oled=3C
[  21187] STATUS mode=3 fault=none enc=866 denc=0 sreq=0 sapplied=0 crate=19 uimp=676115 upos=4845 uneg=2675 ball=-125.00 vball=0.00 aball=-0.0 bref=0.00 pid=19.2 pref=678.0 ppos=676.1 apid=-0.0 integ=0.0 vision=1 current=1 vframe=695 vs=1 vage=27 vpage=27 vdt=32 vmax=959 vacc=640 vrej=0 seq=0 elapsed=0 oled=3C
[  21218] STATUS mode=3 fault=none enc=866 denc=0 sreq=0 sapplied=0 crate=19 uimp=676115 upos=4845 uneg=2675 ball=-125.00 vball=0.00 aball=-0.0 bref=0.00 pid=19.2 pref=678.0 ppos=676.1 apid=-0.0 integ=0.0 vision=1 current=1 vframe=695 vs=1 vage=67 vpage=67 vdt=32 vmax=959 vacc=640 vrej=0 seq=0 elapsed=0 oled=3C
[  21234] STATUS mode=3 fault=none enc=866 denc=0 sreq=0 sapplied=0 crate=19 uimp=676115 upos=4845 uneg=2675 ball=-125.00 vball=0.00 aball=-0.0 bref=0.00 pid=19.2 pref=678.0 ppos=676.1 apid=-0.0 integ=0.0 vision=1 current=1 vframe=695 vs=1 vage=87 vpage=87 vdt=32 vmax=959 vacc=640 vrej=0 seq=0 elapsed=0 oled=3C
[  21266] STATUS mode=3 fault=none enc=866 denc=0 sreq=0 sapplied=0 crate=19 uimp=676115 upos=4845 uneg=2675 ball=-125.00 vball=0.00 aball=-0.0 bref=0.00 pid=19.2 pref=678.0 ppos=676.1 apid=-0.0 integ=0.0 vision=1 current=1 vframe=696 vs=1 vage=13 vpage=13 vdt=94 vmax=959 vacc=641 vrej=0 seq=0 elapsed=0 oled=3C
[  21296] STATUS mode=3 fault=none enc=866 denc=0 sreq=0 sapplied=0 crate=19 uimp=676115 upos=4845 uneg=2675 ball=-125.00 vball=0.00 aball=-0.0 bref=0.00 pid=19.2 pref=678.0 ppos=676.1 apid=-0.0 integ=0.0 vision=1 current=1 vframe=697 vs=1 vage=30 vpage=30 vdt=23 vmax=959 vacc=642 vrej=0 seq=0 elapsed=0 oled=3C
[  21327] STATUS mode=3 fault=none enc=866 denc=0 sreq=0 sapplied=0 crate=19 uimp=676115 upos=4845 uneg=2675 ball=-125.00 vball=0.00 aball=-0.0 bref=0.00 pid=19.2 pref=678.0 ppos=676.1 apid=-0.0 integ=0.0 vision=1 current=1 vframe=698 vs=1 vage=17 vpage=17 vdt=33 vmax=959 vacc=643 vrej=0 seq=0 elapsed=0 oled=3C
[  21343] STATUS mode=3 fault=none enc=866 denc=0 sreq=0 sapplied=0 crate=19 uimp=676115 upos=4845 uneg=2675 ball=-125.00 vball=0.00 aball=-0.0 bref=0.00 pid=19.2 pref=678.0 ppos=676.1 apid=-0.0 integ=0.0 vision=1 current=1 vframe=698 vs=1 vage=37 vpage=37 vdt=33 vmax=959 vacc=643 vrej=0 seq=0 elapsed=0 oled=3C
[  21343] >>> stop
[  21375] STATUS mode=3 fault=none enc=866 denc=0 sreq=0 sapplied=0 crate=19 uimp=676115 upos=4845 uneg=2675 ball=-125.00 vball=0.00 aball=-0.0 bref=0.00 pid=19.2 pref=678.0 ppos=676.1 apid=-0.0 integ=0.0 vision=1 current=1 vframe=698 vs=1 vage=77 vpage=77 vdt=33 vmax=959 vacc=643 vrej=0 seq=0 elapsed=0 oled=3C
[  21405] STATUS mode=1 fault=none enc=865 denc=0 sreq=0 sapplied=0 crate=0 uimp=676115 upos=4845 uneg=2675 ball=-125.00 vball=0.00 aball=0.0 bref=0.00 pid=0.0 pref=676.1 ppos=676.1 apid=0.0 integ=0.0 vision=1 current=1 vframe=698 vs=1 vage=97 vpage=97 vdt=33 vmax=959 vacc=643 vrej=0 seq=0 elapsed=0 oled=3C
[  21421] STATUS mode=1 fault=none enc=865 denc=0 sreq=0 sapplied=0 crate=0 uimp=676115 upos=4845 uneg=2675 ball=-125.00 vball=0.00 aball=0.0 bref=0.00 pid=0.0 pref=676.1 ppos=676.1 apid=0.0 integ=0.0 vision=1 current=1 vframe=699 vs=1 vage=16 vpage=16 vdt=101 vmax=959 vacc=644 vrej=0 seq=0 elapsed=0 oled=3C
[  21452] STATUS mode=1 fault=none enc=865 denc=1 sreq=0 sapplied=0 crate=0 uimp=676115 upos=4845 uneg=2675 ball=-125.00 vball=0.00 aball=0.0 bref=0.00 pid=0.0 pref=676.1 ppos=676.1 apid=0.0 integ=0.0 vision=1 current=1 vframe=700 vs=1 vage=23 vpage=23 vdt=33 vmax=959 vacc=645 vrej=0 seq=0 elapsed=0 oled=3C
[  21484] STATUS mode=1 fault=none enc=865 denc=0 sreq=0 sapplied=0 crate=0 uimp=676115 upos=4845 uneg=2675 ball=-125.00 vball=0.00 aball=0.0 bref=0.00 pid=0.0 pref=676.1 ppos=676.1 apid=0.0 integ=0.0 vision=1 current=1 vframe=701 vs=1 vage=10 vpage=10 vdt=33 vmax=959 vacc=646 vrej=0 seq=0 elapsed=0 oled=3C
[  21500] STATUS mode=1 fault=none enc=865 denc=0 sreq=0 sapplied=0 crate=0 uimp=676115 upos=4845 uneg=2675 ball=-125.00 vball=0.00 aball=0.0 bref=0.00 pid=0.0 pref=676.1 ppos=676.1 apid=0.0 integ=0.0 vision=1 current=1 vframe=701 vs=1 vage=30 vpage=30 vdt=33 vmax=959 vacc=646 vrej=0 seq=0 elapsed=0 oled=3C
[  21530] STATUS mode=1 fault=none enc=865 denc=0 sreq=0 sapplied=0 crate=0 uimp=676115 upos=4845 uneg=2675 ball=-125.00 vball=0.00 aball=0.0 bref=0.00 pid=0.0 pref=676.1 ppos=676.1 apid=0.0 integ=0.0 vision=1 current=1 vframe=701 vs=1 vage=50 vpage=50 vdt=33 vmax=959 vacc=646 vrej=0 seq=0 elapsed=0 oled=3C
[  21562] STATUS mode=1 fault=none enc=865 denc=0 sreq=0 sapplied=0 crate=0 uimp=676115 upos=4845 uneg=2675 ball=-125.00 vball=0.00 aball=0.0 bref=0.00 pid=0.0 pref=676.1 ppos=676.1 apid=0.0 integ=0.0 vision=1 current=1 vframe=701 vs=1 vage=90 vpage=90 vdt=33 vmax=959 vacc=646 vrej=0 seq=0 elapsed=0 oled=3C
[  21577] STATUS mode=1 fault=none enc=865 denc=0 sreq=0 sapplied=0 crate=0 uimp=676115 upos=4845 uneg=2675 ball=-125.00 vball=0.00 aball=0.0 bref=0.00 pid=0.0 pref=676.1 ppos=676.1 apid=0.0 integ=0.0 vision=1 current=1 vframe=702 vs=1 vage=13 vpage=13 vdt=97 vmax=959 vacc=647 vrej=0 seq=0 elapsed=0 oled=3C
[  21609] STATUS mode=1 fault=none enc=865 denc=0 sreq=0 sapplied=0 crate=0 uimp=676115 upos=4845 uneg=2675 ball=-125.00 vball=0.00 aball=0.0 bref=0.00 pid=0.0 pref=676.1 ppos=676.1 apid=0.0 integ=0.0 vision=1 current=1 vframe=702 vs=1 vage=33 vpage=33 vdt=97 vmax=959 vacc=647 vrej=0 seq=0 elapsed=0 oled=3C
[  21641] STATUS mode=1 fault=none enc=865 denc=1 sreq=0 sapplied=0 crate=0 uimp=676115 upos=4845 uneg=2675 ball=-125.00 vball=0.00 aball=0.0 bref=0.00 pid=0.0 pref=676.1 ppos=676.1 apid=0.0 integ=0.0 vision=1 current=1 vframe=703 vs=1 vage=37 vpage=37 vdt=36 vmax=959 vacc=648 vrej=0 seq=0 elapsed=0 oled=3C
[  21655] STATUS mode=1 fault=none enc=865 denc=0 sreq=0 sapplied=0 crate=0 uimp=676115 upos=4845 uneg=2675 ball=-125.00 vball=0.00 aball=0.0 bref=0.00 pid=0.0 pref=676.1 ppos=676.1 apid=0.0 integ=0.0 vision=1 current=1 vframe=703 vs=1 vage=57 vpage=57 vdt=36 vmax=959 vacc=648 vrej=0 seq=0 elapsed=0 oled=3C
[  21687] STATUS mode=1 fault=none enc=865 denc=0 sreq=0 sapplied=0 crate=0 uimp=676115 upos=4845 uneg=2675 ball=-125.00 vball=0.00 aball=0.0 bref=0.00 pid=0.0 pref=676.1 ppos=676.1 apid=0.0 integ=0.0 vision=1 current=1 vframe=703 vs=1 vage=77 vpage=77 vdt=36 vmax=959 vacc=648 vrej=0 seq=0 elapsed=0 oled=3C
[  21718] STATUS mode=1 fault=none enc=865 denc=0 sreq=0 sapplied=0 crate=0 uimp=676115 upos=4845 uneg=2675 ball=-125.00 vball=0.00 aball=0.0 bref=0.00 pid=0.0 pref=676.1 ppos=676.1 apid=0.0 integ=0.0 vision=1 current=1 vframe=705 vs=1 vage=6 vpage=6 vdt=7 vmax=959 vacc=650 vrej=0 seq=0 elapsed=0 oled=3C
[  21718] >>> stream off
[  21734] STATUS mode=1 fault=none enc=865 denc=0 sreq=0 sapplied=0 crate=0 uimp=676115 upos=4845 uneg=2675 ball=-125.00 vball=0.00 aball=0.0 bref=0.00 pid=0.0 pref=676.1 ppos=676.1 apid=0.0 integ=0.0 vision=1 current=1 vframe=706 vs=1 vage=4 vpage=4 vdt=22 vmax=959 vacc=651 vrej=0 seq=0 elapsed=0 oled=3C
[  21734] OK stream off
[  21921] STOP_REASON time_limit
