[      0] >>> bench on
[      0] OK stepper visual-only bench active; command pose preserved
[    187] >>> clear
[    187] OK fault cleared
[    375] >>> diag reset
[    375] OK actuator diagnostics reset
[    562] >>> gain ball 1.2 0.5 6.0 -1
[    577] OK ball gains kp=1.200 ki=0.500 kd=6.000 sign=-1
[    750] >>> gain accel 0.0
[    766] OK ball acceleration gain ka=0.000
[    937] >>> limit rate 100
[    937] OK ball rate limit=100 steps/s
[   1125] >>> stream on 20
[   1141] OK stream on 20 ms
[   1171] STATUS mode=1 fault=none enc=830 denc=0 sreq=0 sapplied=0 crate=0 uimp=0 upos=0 uneg=0 ball=-25.15 vball=-2.49 aball=0.0 bref=0.00 pid=0.0 pref=665.4 ppos=665.4 apid=0.0 integ=0.0 vision=1 current=1 vframe=2324 vs=1 vage=33 vpage=33 vdt=33 vmax=99 vacc=2317 vrej=0 seq=0 elapsed=0 oled=3C
[   1202] STATUS mode=1 fault=none enc=829 denc=0 sreq=0 sapplied=0 crate=0 uimp=0 upos=0 uneg=0 ball=-24.96 vball=-0.07 aball=0.0 bref=0.00 pid=0.0 pref=665.4 ppos=665.4 apid=0.0 integ=0.0 vision=1 current=1 vframe=2325 vs=1 vage=19 vpage=19 vdt=34 vmax=99 vacc=2318 vrej=0 seq=0 elapsed=0 oled=3C
[   1218] STATUS mode=1 fault=none enc=830 denc=0 sreq=0 sapplied=0 crate=0 uimp=0 upos=0 uneg=0 ball=-24.88 vball=0.64 aball=0.0 bref=0.00 pid=0.0 pref=665.4 ppos=665.4 apid=0.0 integ=0.0 vision=1 current=1 vframe=2326 vs=1 vage=4 vpage=4 vdt=35 vmax=99 vacc=2319 vrej=0 seq=0 elapsed=0 oled=3C
[   1250] STATUS mode=1 fault=none enc=830 denc=0 sreq=0 sapplied=0 crate=0 uimp=0 upos=0 uneg=0 ball=-24.88 vball=0.64 aball=0.0 bref=0.00 pid=0.0 pref=665.4 ppos=665.4 apid=0.0 integ=0.0 vision=1 current=1 vframe=2326 vs=1 vage=24 vpage=24 vdt=35 vmax=99 vacc=2319 vrej=0 seq=0 elapsed=0 oled=3C
[   1280] STATUS mode=1 fault=none enc=830 denc=0 sreq=0 sapplied=0 crate=0 uimp=0 upos=0 uneg=0 ball=-24.85 vball=0.67 aball=0.0 bref=0.00 pid=0.0 pref=665.4 ppos=665.4 apid=0.0 integ=0.0 vision=1 current=1 vframe=2327 vs=1 vage=33 vpage=33 vdt=31 vmax=99 vacc=2320 vrej=0 seq=0 elapsed=0 oled=3C
[   1296] STATUS mode=1 fault=none enc=830 denc=0 sreq=0 sapplied=0 crate=0 uimp=0 upos=0 uneg=0 ball=-24.88 vball=0.21 aball=0.0 bref=0.00 pid=0.0 pref=665.4 ppos=665.4 apid=0.0 integ=0.0 vision=1 current=1 vframe=2328 vs=1 vage=18 vpage=18 vdt=35 vmax=99 vacc=2321 vrej=0 seq=0 elapsed=0 oled=3C
[   1296] >>> ball 0.0
[   1327] STATUS mode=1 fault=none enc=830 denc=0 sreq=0 sapplied=0 crate=0 uimp=0 upos=0 uneg=0 ball=-24.89 vball=0.05 aball=0.0 bref=0.00 pid=0.0 pref=665.4 ppos=665.4 apid=0.0 integ=0.0 vision=1 current=1 vframe=2329 vs=1 vage=6 vpage=6 vdt=32 vmax=99 vacc=2322 vrej=0 seq=0 elapsed=0 oled=3C
[   1359] STATUS mode=3 fault=none enc=832 denc=0 sreq=-100 sapplied=-100 crate=-100 uimp=-500 upos=0 uneg=5 ball=-24.89 vball=0.05 aball=0.0 bref=0.00 pid=-100.0 pref=635.9 ppos=664.9 apid=0.0 integ=-0.0 vision=1 current=1 vframe=2329 vs=1 vage=26 vpage=26 vdt=32 vmax=99 vacc=2322 vrej=0 seq=0 elapsed=0 oled=3C
[   1375] STATUS mode=3 fault=none enc=827 denc=-1 sreq=-100 sapplied=-100 crate=-100 uimp=-4500 upos=0 uneg=45 ball=-24.88 vball=0.18 aball=0.0 bref=0.00 pid=-100.0 pref=636.7 ppos=660.9 apid=0.0 integ=-0.0 vision=1 current=1 vframe=2330 vs=1 vage=30 vpage=30 vdt=36 vmax=99 vacc=2323 vrej=0 seq=0 elapsed=0 oled=3C
[   1405] STATUS mode=3 fault=none enc=824 denc=-2 sreq=-100 sapplied=-100 crate=-100 uimp=-6500 upos=0 uneg=65 ball=-24.84 vball=0.50 aball=0.0 bref=0.00 pid=-100.0 pref=638.6 ppos=658.9 apid=0.0 integ=-0.0 vision=1 current=1 vframe=2331 vs=1 vage=18 vpage=18 vdt=32 vmax=99 vacc=2324 vrej=0 seq=0 elapsed=0 oled=3C
[   1437] STATUS mode=3 fault=none enc=821 denc=-2 sreq=-100 sapplied=-100 crate=-100 uimp=-8500 upos=0 uneg=85 ball=-24.81 vball=0.55 aball=2.2 bref=0.00 pid=-100.0 pref=639.0 ppos=656.9 apid=0.0 integ=-0.0 vision=1 current=1 vframe=2332 vs=1 vage=6 vpage=6 vdt=32 vmax=99 vacc=2325 vrej=0 seq=0 elapsed=0 oled=3C
[   1452] STATUS mode=3 fault=none enc=816 denc=-1 sreq=-100 sapplied=-100 crate=-100 uimp=-12500 upos=0 uneg=125 ball=-25.00 vball=-1.35 aball=2.2 bref=0.00 pid=-100.0 pref=627.3 ppos=652.9 apid=0.0 integ=-0.0 vision=1 current=1 vframe=2333 vs=1 vage=13 vpage=13 vdt=33 vmax=99 vacc=2326 vrej=0 seq=0 elapsed=0 oled=3C
[   1484] STATUS mode=3 fault=none enc=814 denc=-2 sreq=-100 sapplied=-100 crate=-100 uimp=-14500 upos=0 uneg=145 ball=-25.00 vball=-1.35 aball=2.2 bref=0.00 pid=-100.0 pref=627.3 ppos=650.9 apid=0.0 integ=-0.0 vision=1 current=1 vframe=2333 vs=1 vage=33 vpage=33 vdt=33 vmax=99 vacc=2326 vrej=0 seq=0 elapsed=0 oled=3C
[   1516] STATUS mode=3 fault=none enc=812 denc=-1 sreq=-100 sapplied=-100 crate=-100 uimp=-16500 upos=0 uneg=165 ball=-25.15 vball=-2.26 aball=2.2 bref=0.00 pid=-100.0 pref=621.7 ppos=648.9 apid=0.0 integ=-0.0 vision=1 current=1 vframe=2334 vs=1 vage=19 vpage=19 vdt=34 vmax=99 vacc=2327 vrej=0 seq=0 elapsed=0 oled=3C
[   1546] STATUS mode=3 fault=none enc=806 denc=-2 sreq=-100 sapplied=-100 crate=-100 uimp=-20500 upos=0 uneg=205 ball=-25.20 vball=-1.95 aball=-9.9 bref=0.00 pid=-100.0 pref=623.1 ppos=644.9 apid=-0.0 integ=-0.4 vision=1 current=1 vframe=2335 vs=1 vage=25 vpage=25 vdt=34 vmax=99 vacc=2328 vrej=0 seq=0 elapsed=0 oled=3C
[   1562] STATUS mode=3 fault=none enc=803 denc=-2 sreq=-100 sapplied=-100 crate=-100 uimp=-22500 upos=0 uneg=225 ball=-25.28 vball=-2.20 aball=-9.9 bref=0.00 pid=-100.0 pref=621.1 ppos=642.9 apid=-0.0 integ=-0.8 vision=1 current=1 vframe=2336 vs=1 vage=13 vpage=13 vdt=32 vmax=99 vacc=2329 vrej=0 seq=0 elapsed=0 oled=3C
[   1593] STATUS mode=3 fault=none enc=801 denc=-1 sreq=-100 sapplied=-100 crate=-100 uimp=-24500 upos=0 uneg=245 ball=-25.28 vball=-2.20 aball=-9.9 bref=0.00 pid=-100.0 pref=621.1 ppos=640.9 apid=-0.0 integ=-0.8 vision=1 current=1 vframe=2336 vs=1 vage=33 vpage=33 vdt=32 vmax=99 vacc=2329 vrej=0 seq=0 elapsed=0 oled=3C
[   1625] STATUS mode=3 fault=none enc=796 denc=-1 sreq=-100 sapplied=-100 crate=-100 uimp=-28500 upos=0 uneg=285 ball=-25.51 vball=-2.74 aball=-9.0 bref=0.00 pid=-100.0 pref=616.7 ppos=636.9 apid=-0.0 integ=-1.7 vision=1 current=1 vframe=2338 vs=1 vage=6 vpage=6 vdt=33 vmax=99 vacc=2331 vrej=0 seq=0 elapsed=0 oled=3C
[   1655] STATUS mode=3 fault=none enc=794 denc=-1 sreq=-100 sapplied=-100 crate=-100 uimp=-30500 upos=0 uneg=305 ball=-25.51 vball=-2.74 aball=-9.0 bref=0.00 pid=-100.0 pref=616.7 ppos=634.9 apid=-0.0 integ=-1.7 vision=1 current=1 vframe=2338 vs=1 vage=26 vpage=26 vdt=33 vmax=99 vacc=2331 vrej=0 seq=0 elapsed=0 oled=3C
[   1671] STATUS mode=3 fault=none enc=791 denc=-2 sreq=-100 sapplied=-100 crate=-100 uimp=-32500 upos=0 uneg=325 ball=-25.53 vball=-2.09 aball=-9.0 bref=0.00 pid=-100.0 pref=620.1 ppos=632.9 apid=-0.0 integ=-2.1 vision=1 current=1 vframe=2339 vs=1 vage=11 vpage=11 vdt=35 vmax=99 vacc=2332 vrej=0 seq=0 elapsed=0 oled=3C
[   1702] STATUS mode=3 fault=none enc=787 denc=0 sreq=0 sapplied=0 crate=11 uimp=-35000 upos=0 uneg=350 ball=-25.39 vball=-0.14 aball=-9.0 bref=0.00 pid=11.3 pref=631.6 ppos=630.4 apid=-0.0 integ=-2.6 vision=1 current=1 vframe=2340 vs=1 vage=17 vpage=17 vdt=34 vmax=99 vacc=2333 vrej=0 seq=0 elapsed=0 oled=3C
[   1734] STATUS mode=3 fault=none enc=787 denc=0 sreq=79 sapplied=0 crate=79 uimp=-35000 upos=0 uneg=350 ball=-25.26 vball=1.04 aball=11.7 bref=0.00 pid=79.5 pref=638.4 ppos=630.4 apid=0.0 integ=-3.0 vision=1 current=1 vframe=2341 vs=1 vage=4 vpage=4 vdt=33 vmax=99 vacc=2334 vrej=0 seq=0 elapsed=0 oled=3C
[   1750] STATUS mode=3 fault=none enc=788 denc=1 sreq=68 sapplied=68 crate=68 uimp=-33865 upos=15 uneg=350 ball=-25.26 vball=1.04 aball=11.7 bref=0.00 pid=68.1 pref=638.4 ppos=631.6 apid=0.0 integ=-3.0 vision=1 current=1 vframe=2341 vs=1 vage=24 vpage=24 vdt=33 vmax=99 vacc=2334 vrej=0 seq=0 elapsed=0 oled=3C
[   1780] STATUS mode=3 fault=none enc=790 denc=0 sreq=45 sapplied=45 crate=45 uimp=-31585 upos=55 uneg=350 ball=-25.21 vball=1.09 aball=11.7 bref=0.00 pid=44.8 pref=638.3 ppos=633.8 apid=0.0 integ=-3.4 vision=1 current=1 vframe=2342 vs=1 vage=31 vpage=31 vdt=33 vmax=99 vacc=2335 vrej=0 seq=0 elapsed=0 oled=3C
[   1812] STATUS mode=3 fault=none enc=791 denc=0 sreq=0 sapplied=0 crate=-19 uimp=-31460 upos=60 uneg=355 ball=-25.27 vball=0.14 aball=11.7 bref=0.00 pid=-18.5 pref=632.1 ppos=634.0 apid=0.0 integ=-3.8 vision=1 current=1 vframe=2343 vs=1 vage=17 vpage=17 vdt=34 vmax=99 vacc=2336 vrej=0 seq=0 elapsed=0 oled=3C
[   1827] STATUS mode=3 fault=none enc=791 denc=0 sreq=-55 sapplied=-55 crate=-55 uimp=-31460 upos=60 uneg=355 ball=-25.33 vball=-0.39 aball=0.0 bref=0.00 pid=-55.2 pref=628.4 ppos=634.0 apid=0.0 integ=-4.2 vision=1 current=1 vframe=2344 vs=1 vage=4 vpage=4 vdt=33 vmax=99 vacc=2337 vrej=0 seq=0 elapsed=0 oled=3C
[   1859] STATUS mode=3 fault=none enc=790 denc=0 sreq=-44 sapplied=-44 crate=-44 uimp=-33355 upos=60 uneg=395 ball=-25.35 vball=-0.44 aball=0.0 bref=0.00 pid=-43.7 pref=627.7 ppos=632.1 apid=0.0 integ=-4.7 vision=1 current=1 vframe=2345 vs=1 vage=11 vpage=11 vdt=33 vmax=99 vacc=2338 vrej=0 seq=0 elapsed=0 oled=3C
[   1891] STATUS mode=3 fault=none enc=788 denc=-1 sreq=-36 sapplied=-36 crate=-36 uimp=-34160 upos=60 uneg=415 ball=-25.35 vball=-0.44 aball=0.0 bref=0.00 pid=-35.6 pref=627.7 ppos=631.3 apid=0.0 integ=-4.7 vision=1 current=1 vframe=2345 vs=1 vage=31 vpage=31 vdt=33 vmax=99 vacc=2338 vrej=0 seq=0 elapsed=0 oled=3C
[   1921] STATUS mode=3 fault=none enc=789 denc=0 sreq=-28 sapplied=-28 crate=-28 uimp=-34800 upos=60 uneg=435 ball=-25.35 vball=-0.34 aball=0.0 bref=0.00 pid=-27.5 pref=627.9 ppos=630.6 apid=0.0 integ=-5.1 vision=1 current=1 vframe=2346 vs=1 vage=17 vpage=17 vdt=34 vmax=99 vacc=2339 vrej=0 seq=0 elapsed=0 oled=3C
[   1937] STATUS mode=3 fault=none enc=786 denc=0 sreq=0 sapplied=0 crate=-19 uimp=-35520 upos=60 uneg=465 ball=-25.35 vball=-0.24 aball=0.7 bref=0.00 pid=-18.5 pref=628.1 ppos=629.9 apid=0.0 integ=-5.5 vision=1 current=1 vframe=2347 vs=1 vage=24 vpage=24 vdt=33 vmax=99 vacc=2340 vrej=0 seq=0 elapsed=0 oled=3C
[   1968] STATUS mode=3 fault=none enc=786 denc=0 sreq=-43 sapplied=-43 crate=-43 uimp=-35745 upos=60 uneg=470 ball=-25.40 vball=-0.60 aball=0.7 bref=0.00 pid=-42.7 pref=625.4 ppos=629.7 apid=0.0 integ=-5.9 vision=1 current=1 vframe=2348 vs=1 vage=11 vpage=11 vdt=33 vmax=99 vacc=2341 vrej=0 seq=0 elapsed=0 oled=3C
[   2000] STATUS mode=3 fault=none enc=786 denc=0 sreq=-35 sapplied=-35 crate=-35 uimp=-36540 upos=60 uneg=490 ball=-25.40 vball=-0.60 aball=0.7 bref=0.00 pid=-34.7 pref=625.4 ppos=628.9 apid=0.0 integ=-5.9 vision=1 current=1 vframe=2348 vs=1 vage=31 vpage=31 vdt=33 vmax=99 vacc=2341 vrej=0 seq=0 elapsed=0 oled=3C
[   2016] STATUS mode=3 fault=none enc=784 denc=1 sreq=-30 sapplied=-30 crate=-30 uimp=-38175 upos=60 uneg=530 ball=-25.45 vball=-0.64 aball=-1.4 bref=0.00 pid=-30.0 pref=624.3 ppos=627.3 apid=-0.0 integ=-6.8 vision=1 current=1 vframe=2350 vs=1 vage=3 vpage=3 vdt=35 vmax=99 vacc=2343 vrej=0 seq=0 elapsed=0 oled=3C
[   2046] STATUS mode=3 fault=none enc=783 denc=0 sreq=-24 sapplied=-24 crate=-24 uimp=-38735 upos=60 uneg=550 ball=-25.45 vball=-0.64 aball=-1.4 bref=0.00 pid=-24.4 pref=624.3 ppos=626.7 apid=-0.0 integ=-6.8 vision=1 current=1 vframe=2350 vs=1 vage=23 vpage=23 vdt=35 vmax=99 vacc=2343 vrej=0 seq=0 elapsed=0 oled=3C
[   2077] STATUS mode=3 fault=none enc=782 denc=0 sreq=0 sapplied=0 crate=-15 uimp=-38970 upos=60 uneg=560 ball=-25.45 vball=-0.46 aball=-1.4 bref=0.00 pid=-15.2 pref=624.9 ppos=626.5 apid=-0.0 integ=-7.2 vision=1 current=1 vframe=2351 vs=1 vage=12 vpage=12 vdt=31 vmax=99 vacc=2344 vrej=0 seq=0 elapsed=0 oled=3C
[   2109] STATUS mode=3 fault=none enc=782 denc=0 sreq=-20 sapplied=-20 crate=-20 uimp=-39300 upos=60 uneg=575 ball=-25.47 vball=-0.52 aball=-1.4 bref=0.00 pid=-20.1 pref=624.1 ppos=626.1 apid=-0.0 integ=-7.6 vision=1 current=1 vframe=2352 vs=1 vage=18 vpage=18 vdt=34 vmax=99 vacc=2345 vrej=0 seq=0 elapsed=0 oled=3C
[   2125] STATUS mode=3 fault=none enc=782 denc=0 sreq=-24 sapplied=-24 crate=-24 uimp=-39400 upos=60 uneg=580 ball=-25.49 vball=-0.52 aball=-0.2 bref=0.00 pid=-23.5 pref=623.7 ppos=626.0 apid=-0.0 integ=-8.0 vision=1 current=1 vframe=2353 vs=1 vage=5 vpage=5 vdt=33 vmax=99 vacc=2346 vrej=0 seq=0 elapsed=0 oled=3C
[   2155] STATUS mode=3 fault=none enc=782 denc=0 sreq=0 sapplied=0 crate=-19 uimp=-39835 upos=60 uneg=600 ball=-25.49 vball=-0.52 aball=-0.2 bref=0.00 pid=-19.2 pref=623.7 ppos=625.6 apid=-0.0 integ=-8.0 vision=1 current=1 vframe=2353 vs=1 vage=25 vpage=25 vdt=33 vmax=99 vacc=2346 vrej=0 seq=0 elapsed=0 oled=3C
[   2187] STATUS mode=3 fault=none enc=782 denc=0 sreq=0 sapplied=0 crate=-16 uimp=-39835 upos=60 uneg=600 ball=-25.49 vball=-0.40 aball=-0.2 bref=0.00 pid=-16.2 pref=624.0 ppos=625.6 apid=-0.0 integ=-8.5 vision=1 current=1 vframe=2354 vs=1 vage=32 vpage=32 vdt=33 vmax=99 vacc=2347 vrej=0 seq=0 elapsed=0 oled=3C
[   2202] STATUS mode=3 fault=none enc=782 denc=0 sreq=0 sapplied=0 crate=-12 uimp=-39835 upos=60 uneg=600 ball=-25.49 vball=-0.27 aball=-0.2 bref=0.00 pid=-12.5 pref=624.3 ppos=625.6 apid=-0.0 integ=-8.9 vision=1 current=1 vframe=2355 vs=1 vage=20 vpage=20 vdt=32 vmax=99 vacc=2348 vrej=0 seq=0 elapsed=0 oled=3C
[   2234] STATUS mode=3 fault=none enc=782 denc=0 sreq=-23 sapplied=-23 crate=-23 uimp=-39835 upos=60 uneg=600 ball=-25.52 vball=-0.36 aball=0.6 bref=0.00 pid=-22.7 pref=623.3 ppos=625.6 apid=0.0 integ=-9.3 vision=1 current=1 vframe=2356 vs=1 vage=5 vpage=5 vdt=35 vmax=99 vacc=2349 vrej=0 seq=0 elapsed=0 oled=3C
[   2266] STATUS mode=3 fault=none enc=782 denc=0 sreq=-42 sapplied=-42 crate=-42 uimp=-40610 upos=60 uneg=625 ball=-25.57 vball=-0.73 aball=0.6 bref=0.00 pid=-42.0 pref=620.6 ppos=624.8 apid=0.0 integ=-9.7 vision=1 current=1 vframe=2357 vs=1 vage=12 vpage=12 vdt=33 vmax=99 vacc=2350 vrej=0 seq=0 elapsed=0 oled=3C
[   2280] STATUS mode=3 fault=none enc=781 denc=-1 sreq=-34 sapplied=-34 crate=-34 uimp=-41390 upos=60 uneg=645 ball=-25.57 vball=-0.73 aball=0.6 bref=0.00 pid=-34.2 pref=620.6 ppos=624.0 apid=0.0 integ=-9.7 vision=1 current=1 vframe=2357 vs=1 vage=32 vpage=32 vdt=33 vmax=99 vacc=2350 vrej=0 seq=0 elapsed=0 oled=3C
[   2312] STATUS mode=3 fault=none enc=781 denc=0 sreq=0 sapplied=0 crate=0 uimp=-41560 upos=60 uneg=650 ball=-25.52 vball=0.02 aball=0.6 bref=0.00 pid=0.0 pref=624.7 ppos=623.9 apid=0.0 integ=-10.2 vision=1 current=1 vframe=2358 vs=1 vage=18 vpage=18 vdt=34 vmax=99 vacc=2351 vrej=0 seq=0 elapsed=0 oled=3C
[   2343] STATUS mode=3 fault=none enc=781 denc=0 sreq=0 sapplied=0 crate=19 uimp=-41355 upos=70 uneg=650 ball=-25.50 vball=0.29 aball=3.3 bref=0.00 pid=19.0 pref=626.0 ppos=624.1 apid=0.0 integ=-10.6 vision=1 current=1 vframe=2359 vs=1 vage=25 vpage=25 vdt=33 vmax=99 vacc=2352 vrej=0 seq=0 elapsed=0 oled=3C
[   2359] STATUS mode=3 fault=none enc=781 denc=0 sreq=32 sapplied=32 crate=32 uimp=-41015 upos=80 uneg=650 ball=-25.45 vball=0.62 aball=3.3 bref=0.00 pid=31.8 pref=627.6 ppos=624.4 apid=0.0 integ=-11.0 vision=1 current=1 vframe=2360 vs=1 vage=12 vpage=12 vdt=33 vmax=99 vacc=2353 vrej=0 seq=0 elapsed=0 oled=3C
[   2391] STATUS mode=3 fault=none enc=781 denc=0 sreq=26 sapplied=26 crate=26 uimp=-40425 upos=100 uneg=650 ball=-25.45 vball=0.62 aball=3.3 bref=0.00 pid=25.9 pref=627.6 ppos=625.0 apid=0.0 integ=-11.0 vision=1 current=1 vframe=2360 vs=1 vage=32 vpage=32 vdt=33 vmax=99 vacc=2353 vrej=0 seq=0 elapsed=0 oled=3C
[   2421] STATUS mode=3 fault=none enc=781 denc=0 sreq=0 sapplied=0 crate=0 uimp=-40295 upos=105 uneg=650 ball=-25.43 vball=0.41 aball=2.3 bref=0.00 pid=0.0 pref=625.5 ppos=625.1 apid=0.0 integ=-11.9 vision=1 current=1 vframe=2362 vs=1 vage=5 vpage=5 vdt=33 vmax=99 vacc=2355 vrej=0 seq=0 elapsed=0 oled=3C
[   2437] STATUS mode=3 fault=none enc=781 denc=0 sreq=0 sapplied=0 crate=0 uimp=-40295 upos=105 uneg=650 ball=-25.43 vball=0.41 aball=2.3 bref=0.00 pid=0.0 pref=625.5 ppos=625.1 apid=0.0 integ=-11.9 vision=1 current=1 vframe=2362 vs=1 vage=25 vpage=25 vdt=33 vmax=99 vacc=2355 vrej=0 seq=0 elapsed=0 oled=3C
[   2468] STATUS mode=3 fault=none enc=782 denc=1 sreq=-50 sapplied=-50 crate=-50 uimp=-40295 upos=105 uneg=650 ball=-25.50 vball=-0.39 aball=2.3 bref=0.00 pid=-49.7 pref=620.2 ppos=625.1 apid=0.0 integ=-12.3 vision=1 current=1 vframe=2363 vs=1 vage=9 vpage=9 vdt=36 vmax=99 vacc=2356 vrej=0 seq=0 elapsed=0 oled=3C
[   2500] STATUS mode=3 fault=none enc=782 denc=0 sreq=-40 sapplied=-40 crate=-40 uimp=-41220 upos=105 uneg=670 ball=-25.50 vball=-0.39 aball=2.3 bref=0.00 pid=-40.5 pref=620.2 ppos=624.2 apid=0.0 integ=-12.3 vision=1 current=1 vframe=2363 vs=1 vage=29 vpage=29 vdt=36 vmax=99 vacc=2356 vrej=0 seq=0 elapsed=0 oled=3C
[   2530] STATUS mode=3 fault=none enc=780 denc=0 sreq=-49 sapplied=-49 crate=-49 uimp=-43560 upos=105 uneg=710 ball=-25.59 vball=-0.77 aball=-4.0 bref=0.00 pid=-49.3 pref=616.9 ppos=621.9 apid=-0.0 integ=-13.2 vision=1 current=1 vframe=2365 vs=1 vage=4 vpage=4 vdt=34 vmax=99 vacc=2358 vrej=0 seq=0 elapsed=0 oled=3C
[   2546] STATUS mode=3 fault=none enc=778 denc=0 sreq=-40 sapplied=-40 crate=-40 uimp=-44470 upos=105 uneg=730 ball=-25.59 vball=-0.77 aball=-4.0 bref=0.00 pid=-40.2 pref=616.9 ppos=621.0 apid=-0.0 integ=-13.2 vision=1 current=1 vframe=2365 vs=1 vage=24 vpage=24 vdt=34 vmax=99 vacc=2358 vrej=0 seq=0 elapsed=0 oled=3C
[   2577] STATUS mode=3 fault=none enc=777 denc=0 sreq=0 sapplied=0 crate=14 uimp=-44860 upos=105 uneg=740 ball=-25.52 vball=0.11 aball=-4.0 bref=0.00 pid=13.5 pref=621.9 ppos=620.6 apid=-0.0 integ=-13.5 vision=1 current=1 vframe=2366 vs=1 vage=34 vpage=34 vdt=30 vmax=99 vacc=2359 vrej=0 seq=0 elapsed=0 oled=3C
[   2609] STATUS mode=3 fault=none enc=777 denc=0 sreq=38 sapplied=38 crate=38 uimp=-44440 upos=115 uneg=740 ball=-25.46 vball=0.66 aball=-4.0 bref=0.00 pid=38.5 pref=624.8 ppos=621.0 apid=-0.0 integ=-14.0 vision=1 current=1 vframe=2367 vs=1 vage=18 vpage=18 vdt=36 vmax=99 vacc=2360 vrej=0 seq=0 elapsed=0 oled=3C
[   2625] STATUS mode=3 fault=none enc=777 denc=0 sreq=26 sapplied=26 crate=26 uimp=-43725 upos=135 uneg=740 ball=-25.44 vball=0.64 aball=4.2 bref=0.00 pid=26.2 pref=624.3 ppos=621.7 apid=0.0 integ=-14.4 vision=1 current=1 vframe=2368 vs=1 vage=5 vpage=5 vdt=33 vmax=99 vacc=2361 vrej=0 seq=0 elapsed=0 oled=3C
[   2655] STATUS mode=3 fault=none enc=777 denc=-1 sreq=21 sapplied=21 crate=21 uimp=-43240 upos=155 uneg=740 ball=-25.44 vball=0.64 aball=4.2 bref=0.00 pid=21.3 pref=624.3 ppos=622.2 apid=0.0 integ=-14.4 vision=1 current=1 vframe=2368 vs=1 vage=25 vpage=25 vdt=33 vmax=99 vacc=2361 vrej=0 seq=0 elapsed=0 oled=3C
[   2687] STATUS mode=3 fault=none enc=778 denc=0 sreq=-42 sapplied=-42 crate=-42 uimp=-43985 upos=165 uneg=760 ball=-25.54 vball=-0.44 aball=4.2 bref=0.00 pid=-41.8 pref=617.3 ppos=621.4 apid=0.0 integ=-14.9 vision=1 current=1 vframe=2369 vs=1 vage=29 vpage=29 vdt=36 vmax=99 vacc=2362 vrej=0 seq=0 elapsed=0 oled=3C
[   2718] STATUS mode=3 fault=none enc=777 denc=0 sreq=-48 sapplied=-48 crate=-48 uimp=-44915 upos=165 uneg=780 ball=-25.58 vball=-0.62 aball=4.2 bref=0.00 pid=-48.0 pref=615.7 ppos=620.5 apid=0.0 integ=-15.3 vision=1 current=1 vframe=2370 vs=1 vage=16 vpage=16 vdt=33 vmax=99 vacc=2363 vrej=0 seq=0 elapsed=0 oled=3C
[   2734] STATUS mode=3 fault=none enc=775 denc=0 sreq=-31 sapplied=-31 crate=-31 uimp==-45805 upos=165 uneg=800 ball=-25.59 vball=-0.52 aball=-2.8 bref=0.00 pid=-37.5 pref=615.9 ppos=619.6 apid=-0.0 integ=-15.7 vision=1 current=1 vframe=2371 vs=1 vage=3 vpage=3 vdt=33 vmax=99 vacc=2364 vrej=0 seq=0 elapsed=0 oled=3C
[   2766] STATUS mode=3 fault=none enc=774 denc=0 sreq=-20 sapplied=-20 crate=-20 uimp=-47045 upos=165 uneg=840 ball=-25.59 vball=-0.37 aball=-2.8 bref=0.00 pid=-20.4 pref=616.3 ppos=618.4 apid=-0.0 integ=-16.2 vision=1 current=1 vframe=2372 vs=1 vage=9 vpage=9 vdt=34 vmax=99 vacc=2365 vrej=0 seq=0 elapsed=0 oled=3C
[   2796] STATUS mode=3 fault=none enc=773 denc=0 sreq=0 sapplied=0 crate=-19 uimp=-47145 upos=165 uneg=845 ball=-25.59 vball=-0.37 aball=-2.8 bref=0.00 pid=-19.4 pref=616.3 ppos=618.3 apid=-0.0 integ=-16.2 vision=1 current=1 vframe=2372 vs=1 vage=29 vpage=29 vdt=34 vmax=99 vacc=2365 vrej=0 seq=0 elapsed=0 oled=3C
[   2812] STATUS mode=3 fault=none enc=773 denc=0 sreq=0 sapplied=0 crate=-15 uimp=-47145 upos=165 uneg=845 ball=-25.58 vball=-0.16 aball=0.1 bref=0.00 pid=-15.1 pref=616.8 ppos=618.3 apid=0.0 integ=-17.0 vision=1 current=1 vframe=2374 vs=1 vage=3 vpage=3 vdt=33t=33 vmax=99 vacc=2366 vrej=0 seq=0 elapsed=0 oled=3C
[   2843] STATUS mode=3 fault=none enc=773 denc=0 sreq=0 sapplied=0 crate=-15 uimp=-47145 upos=165 uneg=845 ball=-25.58 vball=-0.16 aball=0.1 bref=0.00 pid=-15.1 pref=616.8 ppos=618.3 apid=0.0 integ=-17.0 vision=1 current=1 vframe=2374 vs=1 vage=23 vpage=23 vdt=33 vmax=99 vacc=2367 vrej=0 seq=0 elapsed=0 oled=3C
[   2875] STATUS mode=3 fault=none enc=773 denc=0 sreq=0 sapplied=0 crate=0 uimp=-47145 upos=165 uneg=845 ball=-25.54 vball=0.16 aball=0.1 bref=0.00 pid=0.0 pref=618.3 ppos=618.3 apid=0.0 integ=-17.4 vision=1 current=1 vframe=2375 vs=1 vage=9 vpage=9 vdt=34 vmax=99 vacc=2368 vrej=0 seq=0 elapsed=0 oled=3C
[   2891] STATUS mode=3 fault=none enc=773 denc=0 sreq=0 sapplied=0 crate=0 uimp=-47145 upos=165 uneg=845 ball=-25.54 vball=0.16 aball=0.1 bref=0.00 pid=0.0 pref=618.3 ppos=618.3 apid=0.0 integ=-17.4 vision=1 current=1 vframe=2375 vs=1 vage=29 vpage=29 vdt=34 vmax=99 vacc=2368 vrej=0 seq=0 elapsed=0 oled=3C
[   2921] STATUS mode=3 fault=none enc=773 denc=0 sreq=-25 sapplied=-25 crate=-25 uimp=-47575 upos=165 uneg=865 ball=-25.58 vball=-0.19 aball=-0.1 bref=0.00 pid=-25.4 pref=615.3 ppos=617.9 apid=-0.0 integ=-18.3 vision=1 current=1 vframe=2377 vs=1 vage=3 vpage=3 vdt=33 vmax=99 vacc=2370 vrej=0 seq=0 elapsed=0 oled=3C
[   2952] STATUS mode=3 fault=none enc=773 denc=0 sreq=-21 sapplied=-21 crate=-21 uimp=-48045 upos=165 uneg=885 ball=-25.58 vball=-0.19 aball=-0.1 bref=0.00 pid=-20.7 pref=615.3 ppos=617.4 apid=-0.0 integ=-18.3 vision=1 current=1 vframe=2377 vs=1 vage=23 vpage=23 vdt=33 vmax=99 vacc=2370 vrej=0 seq=0 elapsed=0 oled=3C
[   2984] STATUS mode=3 fault=none enc=772 denc=1 sreq=-20 sapplied=-20 crate=-20 uimp=-48355 upos=165 uneg=900 ball=-25.59 vball=-0.16 aball=-0.1 bref=0.00 pid=-20.3 pref=615.0 ppos=617.1 apid=-0.0 integ=-18.7 vision=1 current=1 vframe=2378 vs=1 vage=9 vpage=9 vdt=34 vmax=99 vacc=2371 vrej=0 seq=0 elapsed=0 oled=3C
[   3000] STATUS mode=3 fault=none enc=772 denc=0 sreq=0 sapplied=0 crate=-19 uimp=-48560 upos=165 uneg=910 ball=-25.59 vball=-0.11 aball=-0.1 bref=0.00 pid=-19.5 pref=614.9 ppos=616.9 apid=-0.0 integ=-19.1 vision=1 current=1 vframe=2379 vs=1 vage=16 vpage=16 vdt=33 vmax=99 vacc=2372 vrej=0 seq=0 elapsed=0 oled=3C
[   3030] STATUS mode=3 fault=none enc=772 denc=0 sreq=-21 sapplied=-21 crate=-21 uimp=-48560 upos=165 uneg=910 ball=-25.58 vball=-0.07 aball=0.5 bref=0.00 pid=-21.3 pref=614.7 ppos=616.9 apid=0.0 integ=-19.6 vision=1 current=1 vframe=2380 vs=1 vage=2 vpage=2 vdt=34 vmax=99 vacc=2373 vrej=0 seq=0 elapsed=0 oled=3C
[   3062] STATUS mode=3 fault=none enc=772 denc=0 sreq=0 sapplied=0 crate=-19 uimp=-48765 upos=165 uneg=920 ball=-25.58 vball=-0.07 aball=0.5 bref=0.00 pid=-19.2 pref=614.7 ppos=616.7 apid=0.0 integ=-19.6 vision=1 current=1 vframe=2380 vs=1 vage=22 vpage=22 vdt=34 vmax=99 vacc=2373 vrej=0 seq=0 elapsed=0 oled=3C
[   3077] STATUS mode=3 fault=none enc=772 denc=0 sreq=0 sapplied=0 crate=-19 uimp=-49080 upos=165 uneg=935 ball=-25.58 vball=-0.05 aball=0.5 bref=0.00 pid=-19.1 pref=614.4 ppos=616.3 apid=0.0 integ=-20.0 vision=1 current=1 vframe=2381 vs=1 vage=29 vpage=29 vdt=33 vmax=99 vacc=2374 vrej=0 seq=0 elapsed=0 oled=3C
[   3109] STATUS mode=3 fault=none enc=772 denc=0 sreq=-20 sapplied=-20 crate=-20 uimp=-49295 upos=165 uneg=945 ball=-25.58 vball=-0.03 aball=0.5 bref=0.00 pid=-20.0 pref=614.1 ppos=616.1 apid=0.0 integ=-20.4 vision=1 current=1 vframe=2382 vs=1 vage=16 vpage=16 vdt=33 vmax=99 vacc=2375 vrej=0 seq=0 elapsed=0 oled=3C
[   3141] STATUS mode=3 fault=none enc=772 denc=0 sreq=-23 sapplied=-23 crate=-23 uimp=-49395 upos=165 uneg=950 ball=-25.58 vball=-0.02 aball=0.5 bref=0.00 pid=-22.6 pref=613.8 ppos=616.0 apid=0.0 integ=-20.8 vision=1 current=1 vframe=2383 vs=1 vage=3 vpage=3 vdt=33 vmax=99 vacc=2376 vrej=0 seq=0 elapsed=0 oled=3C
[   3171] STATUS mode=3 fault=none enc=772 denc=0 sreq=-20 sapplied=-20 crate=-20 uimp=-49820 upos=165 uneg=970 ball=-25.58 vball=0.02 aball=0.5 bref=0.00 pid=-20.4 pref=613.6 ppos=615.6 apid=0.0 integ=-21.3 vision=1 current=1 vframe=2384 vs=1 vage=8 vpage=8 vdt=35 vmax=99 vacc=2377 vrej=0 seq=0 elapsed=0 oled=3C
[   3187] STATUS mode=3 fault=none enc=772 denc=0 sreq=0 sapplied=0 crate=-19 uimp=-49920 upos=165 uneg=975 ball=-25.58 vball=0.02 aball=0.5 bref=0.00 pid=-19.4 pref=613.6 ppos=615.5 apid=0.0 integ=-21.3 vision=1 current=1 vframe=2384 vs=1 vage=28 vpage=28 vdt=35 vmax=99 vacc=2377 vrej=0 seq=0 elapsed=0 oled=3C
[   3218] STATUS mode=3 fault=none enc=772 denc=0 sreq=-21 sapplied=-21 crate=-21 uimp=-50150 upos=165 uneg=985 ball=-25.58 vball=0.02 aball=0.5 bref=0.00 pid=-21.2 pref=613.2 ppos=615.3 apid=0.0 integ=-21.7 vision=1 current=1 vframe=2385 vs=1 vage=16 vpage=16 vdt=32 vmax=99 vacc=2378 vrej=0 seq=0 elapsed=0 oled=3C
[   3250] STATUS mode=3 fault=none enc=772 denc=0 sreq=0 sapplied=0 crate=-19 uimp=-50785 upos=165 uneg=1015 ball=-25.58 vball=0.02 aball=0.5 bref=0.00 pid=-19.1 pref=612.7 ppos=614.6 apid=0.0 integ=-22.1 vision=1 current=1 vframe=2386 vs=1 vage=23 vpage=23 vdt=33 vmax=99 vacc=2379 vrej=0 seq=0 elapsed=0 oled=3C
[   3266] STATUS mode=3 fault=none enc=772 denc=0 sreq=-23 sapplied=-23 crate=-23 uimp=-50905 upos=165 uneg=1020 ball=-25.58 vball=0.01 aball=0.5 bref=0.00 pid=-22.8 pref=612.2 ppos=614.5 apid=0.0 integ=-22.6 vision=1 current=1 vframe=2387 vs=1 vage=9 vpage=9 vdt=34 vmax=99 vacc=2380 vrej=0 seq=0 elapsed=0 oled=3C
[   3296] STATUS mode=3 fault=none enc=771 denc=-1 sreq=0 sapplied=0 crate=-19 uimp=-51335 upos=165 uneg=1040 ball=-25.58 vball=0.01 aball=0.5 bref=0.00 pid=-18.5 pref=612.2 ppos=614.1 apid=0.0 integ=-22.6 vision=1 current=1 vframe=2387 vs=1 vage=29 vpage=29 vdt=34 vmax=99 vacc=2380 vrej=0 seq=0 elapsed=0 oled=3C
[   3327] STATUS mode=3 fault=none enc=770 denc=0 sreq=-24 sapplied=-24 crate=-24 uimp=-51665 upos=165 uneg=1055 ball=-25.58 vball=0.01 aball=0.2 bref=0.00 pid=-23.7 pref=611.4 ppos=613.8 apid=0.0 integ=-23.4 vision=1 current=1 vframe=2389 vs=1 vage=3 vpage=3 vdt=33 vmax=99 vacc=2382 vrej=0 seq=0 elapsed=0 oled=3C
[   3343] STATUS mode=3 fault=none enc=770 denc=0 sreq=0 sapplied=0 crate=-19 uimp=-52100 upos=165 uneg=1075 ball=-25.58 vball=0.01 aball=0.2 bref=0.00 pid=-19.3 pref=611.4 ppos=613.3 apid=0.0 integ=-23.4 vision=1 current=1 vframe=2389 vs=1 vage=23 vpage=23 vdt=33 vmax=99 vacc=2382 vrej=0 seq=0 elapsed=0 oled=3C
[   3375] STATUS mode=3 fault=none enc=770 denc=0 sreq=-25 sapplied=-25 crate=-25 uimp=-52230 upos=165 uneg=1080 ball=-25.58 vball=-0.03 aball=0.2 bref=0.00 pid=-24.7 pref=610.7 ppos=613.2 apid=0.0 integ=-23.8 vision=1 current=1 vframe=2390 vs=1 vage=10 vpage=10 vdt=33 vmax=99 vacc=2383 vrej=0 seq=0 elapsed=0 oled=3C
[   3405] STATUS mode=3 fault=none enc=769 denc=0 sreq=-21 sapplied=-21 crate=-21 uimp=-53010 upos=165 uneg=1115 ball=-25.58 vball=-0.03 aball=0.2 bref=0.00 pid=-21.2 pref=610.3 ppos=612.4 apid=0.0 integ=-24.3 vision=1 current=1 vframe=2391 vs=1 vage=16 vpage=16 vdt=34 vmax=99 vacc=2384 vrej=0 seq=0 elapsed=0 oled=3C
[   3437] STATUS mode=3 fault=none enc=769 denc=0 sreq=-23 sapplied=-23 crate=-23 uimp=-53215 upos=165 uneg=1125 ball=-25.58 vball=-0.02 aball=-0.0 bref=0.00 pid=-22.5 pref=610.0 ppos=612.2 apid=-0.0 integ=-24.7 vision=1 current=1 vframe=2392 vs=1 vage=5 vpage=5 vdt=31 vmax=99 vacc=2385 vrej=0 seq=0 elapsed=0 oled=3C
[   3452] STATUS mode=3 fault=none enc=769 denc=0 sreq=0 sapplied=0 crate=-19 uimp=-53535 upos=165 uneg=1140 ball=-25.58 vball=-0.02 aball=-0.0 bref=0.00 pid=-19.3 pref=610.0 ppos=611.9 apid=-0.0 integ=-24.7 vision=1 current=1 vframe=2392 vs=1 vage=25 vpage=25 vdt=31 vmax=99 vacc=2385 vrej=0 seq=0 elapsed=0 oled=3C
[   3484] STATUS mode=3 fault=none enc=769 denc=0 sreq=0 sapplied=0 crate=-19 uimp=-53965 upos=165 uneg=1160 ball=-25.58 vball=-0.01 aball=-0.0 bref=0.00 pid=-18.6 pref=609.6 ppos=611.5 apid=-0.0 integ=-25.1 vision=1 current=1 vframe=2393 vs=1 vage=32 vpage=32 vdt=33 vmax=99 vacc=2386 vrej=0 seq=0 elapsed=0 oled=3C
[   3516] STATUS mode=3 fault=none enc=769 denc=0 sreq=-20 sapplied=-20 crate=-20 uimp=-54295 upos=165 uneg=1175 ball=-25.58 vball=-0.01 aball=-0.0 bref=0.00 pid=-19.6 pref=609.2 ppos=611.1 apid=-0.0 integ=-25.5 vision=1 current=1 vframe=2394 vs=1 vage=19 vpage=19 vdt=33 vmax=99 vacc=2387 vrej=0 seq=0 elapsed=0 oled=3C
[   3530] STATUS mode=3 fault=none enc=769 denc=0 sreq=-23 sapplied=-23 crate=-23 uimp=-54395 upos=165 uneg=1180 ball=-25.58 vball=-0.01 aball=0.0 bref=0.00 pid=-23.3 pref=608.7 ppos=611.0 apid=0.0 integ=-26.0 vision=1 current=1 vframe=2395 vs=1 vage=2 vpage=2 vdt=37 vmax=99 vacc=2388 vrej=0 seq=0 elapsed=0 oled=3C
[   3562] STATUS mode=3 fault=none enc=769 denc=0 sreq=-22 sapplied=-22 crate=-22 uimp=-54940 upos=165 uneg=1205 ball=-25.58 vball=-0.00 aball=0.0 bref=0.00 pid=-21.6 pref=608.3 ppos=610.5 apid=0.0 integ=-26.4 vision=1 current=1 vframe=2396 vs=1 vage=8 vpage=8 vdt=34 vmax=99 vacc=2389 vrej=0 seq=0 elapsed=0 oled=3C
[   3593] STATUS mode=3 fault=none enc=769 denc=0 sreq=0 sapplied=0 crate=-19 uimp=-55150 upos=165 uneg=1215 ball=-25.58 vball=-0.00 aball=0.0 bref=0.00 pid=-19.5 pref=608.3 ppos=610.3 apid=0.0 integ=-26.4 vision=1 current=1 vframe=2396 vs=1 vage=28 vpage=28 vdt=34 vmax=99 vacc=2389 vrej=0 seq=0 elapsed=0 oled=3C
[   3625] STATUS mode=3 fault=none enc=769 denc=0 sreq=-21 sapplied=-21 crate=-20 uimp=-55480 upos=165 uneg=1230 ball=-25.58 vball=-0.00 aball=0.0 bref=0.00 pid=-20.0 pref=607.9 ppos=609.9 apid=0.0 integ=-26.8 vision=1 current=1 vframe=2397 vs=1 vage=18 vpage=18 vdt=30 vmax=99 vacc=2390 vrej=0 seq=0 elapsed=0 oled=3C
[   3641] STATUS mode=3 fault=none enc=769 denc=0 sreq=0 sapplied=0 crate=-19 uimp=-55785 upos=165 uneg=1245 ball=-25.58 vball=0.03 aball=0.2 bref=0.00 pid=-19.3 pref=607.7 ppos=609.6 apid=0.0 integ=-27.2 vision=1 current=1 vframe=2398 vs=1 vage=26 vpage=26 vdt=32 vmax=99 vacc=2391 vrej=0 seq=0 elapsed=0 oled=3C
[   3671] STATUS mode=3 fault=none enc=769 denc=0 sreq=-22 sapplied=-22 crate=-22 uimp=-56030 upos=165 uneg=1255 ball=-25.58 vball=0.01 aball=0.2 bref=0.00 pid=-22.4 pref=607.2 ppos=609.4 apid=0.0 integ=-27.6 vision=1 current=1 vframe=2399 vs=1 vage=12 vpage=12 vdt=34 vmax=99 vacc=2392 vrej=0 seq=0 elapsed=0 oled=3C
[   3702] STATUS mode=3 fault=none enc=767 denc=0 sreq=-21 sapplied=-21 crate=-21 uimp=-56695 upos=165 uneg=1285 ball=-25.58 vball=-0.01 aball=0.2 bref=0.00 pid=-21.1 pref=606.6 ppos=1 apid=0.0 integ=-27.6 vision=1 current=1 vframe=2399 vs=1 vage=32 vpage=32 vdt=34 vmax=99 vacc=2392 vrej=0 seq=0 elapsed=0 oled=3C
[   3718] STATUS mode=3 fault=none enc=766 denc=0 sreq=-23 sapplied=-23 crate=-23 uimp=-56900 upos=165 uneg=1295 ball=-25.58 vball=-0.01 aball=-0.1 bref=0.00 pid=-23.4 pref=606.2 ppos=608.5 apid=-0.0 integ=-28.5 vision=1 current=1 vframe=2401 vs=1 vage=5 vpage=5 vdt=34 vmax=99 vacc=2394 vrej=0 seq=0 elapsed=0 oled=3C
[   3750] STATUS mode=3 fault=none enc=766 denc=0 sreq=0 sapplied=0 crate=-19 uimp=-57330 upos=165 uneg=1315 ball=-25.58 vball=-0.01 aball=-0.1 bref=0.00 pid=-19.1 pref=606.2 ppos=608.1 apid=-0.0 integ=-28.5 vision=1 current=1 vframe=2401 vs=1 vage=25 vpage=25 vdt=34 vmax=99 vacc=2394 vrej=0 seq=0 elapsed=0 oled=3C
[   3780] STATUS mode=3 fault=none enc=766 denc=0 sreq=0 sapplied=0 crate=-19 uimp=-57760 upos=165 uneg=1335 ball=-25.58 vball=-0.01 aball=-0.1 bref=0.00 pid=-19.1 pref=605.8 ppos=607.7 apid=-0.0 integ=-28.9 vision=1 current=1 vframe=2402 vs=1 vage=32 vpage=32 vdt=33 vmax=99 vacc=2395 vrej=0 seq=0 elapsed=0 oled=3C
[   3812] STATUS mode=3 fault=none enc=766 denc=0 sreq=-20 sapplied=-20 crate=-20 uimp=-58090 upos=165 uneg=1350 ball=-25.58 vball=-0.01 aball=-0.1 bref=0.00 pid=-20.0 pref=605.3 ppos=607.3 apid=-0.0 integ=-29.3 vision=1 current=1 vframe=2403 vs=1 vage=19 vpage=19 vdt=33 vmax=99 vacc=2396 vrej=0 seq=0 elapsed=0 oled=3C
[   3827] STATUS mode=3 fault=none enc=766 denc=0 sreq=-23 sapplied=-23 crate=-23 uimp=-58190 upos=165 uneg=1355 ball=-25.58 vball=-0.00 aball=0.0 bref=0.00 pid=-22.9 pref=605.0 ppos=607.2 apid=0.0 integ=-29.8 vision=1 current=1 vframe=2404 vs=1 vage=4 vpage=4 vdt=35 vmax=99 vacc=2397 vrej=0 seq=0 elapsed=0 oled=3C
[   3859] STATUS mode=3 fault=none enc=766 denc=0 sreq=-20 sapplied=-20 crate=-20 uimp=-58845 upos=165 uneg=1385 ball=-25.58 vball=-0.00 aball=0.0 bref=0.00 pid=-20.4 pref=604.5 ppos=606.6 apid=0.0 integ=-30.2 vision=1 current=1 vframe=2405 vs=1 vage=12 vpage=12 vdt=32 vmax=99 vacc=2398 vrej=0 seq=0 elapsed=0 oled=3C
[   3891] STATUS mode=3 fault=none enc=766 denc=0 sreq=0 sapplied=0 crate=-19 uimp=-58945 upos=165 uneg=1390 ball=-25.58 vball=-0.00 aball=0.0 bref=0.00 pid=-19.4 pref=604.5 ppos=606.5 apid=0.0 integ=-30.2 vision=1 current=1 vframe=2405 vs=1 vage=32 vpage=32 vdt=32 vmax=99 vacc=2398 vrej=0 seq=0 elapsed=0 oled=3C
[   3905] STATUS mode=3 fault=none enc=766 denc=0 sreq=-20 sapplied=-20 crate=-20 uimp=-59285 upos=165 uneg=1405 ball=-25.58 vball=-0.00 aball=0.0 bref=0.00 pid=-20.4 pref=604.1 ppos=606.1 apid=0.0 integ=-30.6 vision=1 current=1 vframe=2406 vs=1 vage=18 vpage=18 vdt=34 vmax=99 vacc=2399 vrej=0 seq=0 elapsed=0 oled=3C
[   3937] STATUS mode=3 fault=none enc=767 denc=1 sreq=100 sapplied=100 crate=100 uimp=-57885 upos=180 uneg=1410 ball=-24.98 vball=5.33 aball=24.2 bref=0.00 pid=100.0 pref=636.8 ppos=607.5 apid=0.0 integ=-30.6 vision=1 current=1 vframe=2407 vs=1 vage=25 vpage=25 vdt=33 vmax=99 vacc=2400 vrej=0 seq=0 elapsed=0 oled=3C
[   3968] STATUS mode=3 fault=none enc=770 denc=2 sreq=100 sapplied=100 crate=100 uimp=-55885 upos=200 uneg=1410 ball=-24.79 vball=5.37 aball=24.2 bref=0.00 pid=100.0 pref=637.3 ppos=609.5 apid=0.0 integ=-30.6 vision=1 current=1 vframe=2408 vs=1 vage=12 vpage=12 vdt=33 vmax=99 vacc=2401 vrej=0 seq=0 elapsed=0 oled=3C
[   4000] STATUS mode=3 fault=none enc=772 denc=1 sreq=100 sapplied=100 crate=100 uimp=-53885 upos=220 uneg=1410 ball=-24.79 vball=5.37 aball=24.2 bref=0.00 pid=100.0 pref=637.3 ppos=611.5 apid=0.0 integ=-30.6 vision=1 current=1 vframe=2408 vs=1 vage=32 vpage=32 vdt=33 vmax=99 vacc=2401 vrej=0 seq=0 elapsed=0 oled=3C
[   4016] STATUS mode=3 fault=none enc=778 denc=2 sreq=67 sapplied=67 crate=67 uimp=-49885 upos=260 uneg=1410 ball=-24.75 vball=2.85 aball=2.2 bref=0.00 pid=66.6 pref=622.2 ppos=615.5 apid=0.0 integ=-30.6 vision=1 current=1 vframe=2410 vs=1 vage=5 vpage=5 vdt=34 vmax=99 vacc=2403 vrej=0 seq=0 elapsed=0 oled=3C
[   4046] STATUS mode=3 fault=none enc=778 denc=0 sreq=54 sapplied=54 crate=54 uimp=-48650 upos=280 uneg=1410 ball=-24.75 vball=2.85 aball=2.2 bref=0.00 pid=54.2 pref=622.2 ppos=616.8 apid=0.0 integ=-30.6 vision=1 current=1 vframe=2410 vs=1 vage=25 vpage=25 vdt=34 vmax=99 vacc=2403 vrej=0 seq=0 elapsed=0 oled=3C
[   4077] STATUS mode=3 fault=none enc=780 denc=0 sreq=0 sapplied=0 crate=-10 uimp=-48120 upos=290 uneg=1410 ball=-24.77 vball=1.87 aball=2.2 bref=0.00 pid=-10.1 pref=616.3 ppos=617.3 apid=0.0 integ=-30.6 vision=1 current=1 vframe=2411 vs=1 vage=12 vpage=12 vdt=33 vmax=99 vacc=2404 vrej=0 seq=0 elapsed=0 oled=3C
[   4093] STATUS mode=3 fault=none enc=780 denc=0 sreq=-47 sapplied=-47 crate=-47 uimp=-48625 upos=290 uneg=1420 ball=-24.78 vball=1.18 aball=2.2 bref=0.00 pid=-46.6 pref=612.1 ppos=616.8 apid=0.0 integ=-30.6 vision=1 current=1 vframe=2412 vs=1 vage=20 vpage=20 vdt=32 vmax=99 vacc=2405 vrej=0 seq=0 elapsed=0 oled=3C
[   4125] STATUS mode=3 fault=none enc=778 denc=-1 sreq=-100 sapplied=-100 crate=-100 uimp=-49490 upos=290 uneg=1440 ball=-25.20 vball=-3.00 aball=-25.1 bref=0.00 pid=-100.0 pref=586.6 ppos=615.9 apid=-0.0 integ=-30.6 vision=1 current=1 vframe=2413 vs=1 vage=5 vpage=5 vdt=35 vmax=99 vacc=2406 vrej=0 seq=0 elapsed=0 oled=3C
[   4155] STATUS mode=3 fault=none enc=778 denc=0 sreq=-100 sapplied=-100 crate=-100 uimp=-51490 upos=290 uneg=1460 ball=-25.20 vball=-3.00 aball=-25.1 bref=0.00 pid=-100.0 pref=586.6 ppos=613.9 apid=-0.0 integ=-30.6 vision=1 current=1 vframe=2413 vs=1 vage=25 vpage=25 vdt=35 vmax=99 vacc=2406 vrej=0 seq=0 elapsed=0 oled=3C
[   4187] STATUS mode=3 fault=none enc=773 denc=0 sreq=-100 sapplied=-100 crate=-100 uimp=-55490 upos=290 uneg=1500 ball=-25.46 vball=-4.34 aball=-25.1 bref=0.00 pid=-100.0 pref=578.2 ppos=609.9 apid=-0.0 integ=-30.6 vision=1 current=1 vframe=2414 vs=1 vage=31 vpage=31 vdt=34 vmax=99 vacc=2407 vrej=0 seq=0 elapsed=0 oled=3C
[   4202] STATUS mode=3 fault=none enc=770 denc=0 sreq=-100 sapplied=-100 crate=-100 uimp=-57490 upos=290 uneg=1520 ball=-25.61 vball=-4.30 aball=-25.1 bref=0.00 pid=-100.0 pref=578.3 ppos=607.9 apid=-0.0 integ=-30.6 vision=1 current=1 vframe=2415 vs=1 vage=18 vpage=18 vdt=33 vmax=99 vacc=2408 vrej=0 seq=0 elapsed=0 oled=3C
[   4234] STATUS mode=3 fault=none enc=767 denc=0 sreq=-100 sapplied=-100 crate=-100 uimp=-59490 upos=290 uneg=1540 ball=-25.64 vball=-3.28 aball=-15.1 bref=0.00 pid=-100.0 pref=584.4 ppos=605.9 apid=-0.0 integ=-30.6 vision=1 current=1 vframe=2416 vs=1 vage=4 vpage=4 vdt=34 vmax=99 vacc=2409 vrej=0 seq=0 elapsed=0 oled=3C
[   4266] STATUS mode=3 fault=none enc=762 denc=0 sreq=-100 sapplied=-100 crate=-100 uimp=-63490 upos=290 uneg=1580 ball=-25.63 vball=-2.25 aball=-15.1 bref=0.00 pid=-100.0 pref=590.5 ppos=601.9 apid=-0.0 integ=-30.6 vision=1 current=1 vframe=2423 vs=1 vage=11 vpage=11 vdt=33 vmax=99 vacc=2416 vrej=0 seq=0 elapsed=0 oled=3C
[   4296] STATUS mode=3 fault=none enc=759 denc=-1 sreq=-94 sapplied=-94 crate=-94 uimp=-65485 upos=290 uneg=1600 ball=-25.63 vball=-2.25 aball=-15.1 bref=0.00 pid=-94.0 pref=590.5 ppos=599.9 apid=-0.0 integ=-30.6 vision=1 current=1 vframe=2423 vs=1 vage=31 vpage=31 vdt=33 vmax=99 vacc=2416 vrej=0 seq=0 elapsed=0 oled=3C
[   4312] STATUS mode=3 fault=none enc=758 denc=0 sreq=0 sapplied=0 crate=0 uimp=-65955 upos=290 uneg=1605 ball=-25.53 vball=-0.63 aball=3.8 bref=0.00 pid=0.0 pref=600.4 ppos=599.5 apid=0.0 integ=-30.6 vision=1 current=1 vframe=2425 vs=1 vage=5 vpage=5 vdt=33 vmax=99 vacc=2418 vrej=0 seq=0 elapsed=0 oled=3C
[   4343] STATUS mode=3 fault=none enc=758 denc=0 sreq=0 sapplied=0 crate=0 uimp=-65955 upos=290 uneg=1605 ball=-25.53 vball=-0.63 aball=3.8 bref=0.00 pid=0.0 pref=600.4 ppos=599.5 apid=0.0 integ=-30.6 vision=1 current=1 vframe=2425 vs=1 vage=25 vpage=25 vdt=33 vmax=99 vacc=2418 vrej=0 seq=0 elapsed=0 oled=3C
[   4375] STATUS mode=3 fault=none enc=758 denc=0 sreq=0 sapplied=0 crate=0 uimp=-65955 upos=290 uneg=1605 ball=-25.58 vball=-0.86 aball=3.8 bref=0.00 pid=0.0 pref=598.9 ppos=599.5 apid=0.0 integ=-30.6 vision=1 current=1 vframe=2426 vs=1 vage=11 vpage=11 vdt=34 vmax=99 vacc=2419 vrej=0 seq=0 elapsed=0 oled=3C
[   4391] STATUS mode=3 fault=none enc=758 denc=0 sreq=0 sapplied=0 crate=0 uimp=-65955 upos=290 uneg=1605 ball=-25.58 vball=-0.86 aball=3.8 bref=0.00 pid=0.0 pref=598.9 ppos=599.5 apid=0.0 integ=-30.6 vision=1 current=1 vframe=2426 vs=1 vage=31 vpage=31 vdt=34 vmax=99 vacc=2419 vrej=0 seq=0 elapsed=0 oled=3C
[   4421] STATUS mode=3 fault=none enc=758 denc=0 sreq=0 sapplied=0 crate=11 uimp=-65955 upos=290 uneg=1605 ball=-25.59 vball=-0.51 aball=2.6 bref=0.00 pid=11.3 pref=600.6 ppos=599.5 apid=0.0 integ=-31.1 vision=1 current=1 vframe=2428 vs=1 vage=4 vpage=4 vdt=34 vmax=99 vacc=2421 vrej=0 seq=0 elapsed=0 oled=3C
[   4452] STATUS mode=3 fault=none enc=758 denc=0 sreq=0 sapplied=0 crate=11 uimp=-65955 upos=290 uneg=1605 ball=-25.59 vball=-0.51 aball=2.6 bref=0.00 pid=11.3 pref=600.6 ppos=599.5 apid=0.0 integ=-31.1 vision=1 current=1 vframe=2428 vs=1 vage=24 vpage=24 vdt=34 vmax=99 vacc=2421 vrej=0 seq=0 elapsed=0 oled=3C
[   4468] STATUS mode=3 fault=none enc=758 denc=0 sreq=0 sapplied=0 crate=17 uimp=-65955 upos=290 uneg=1605 ball=-25.59 vball=-0.34 aball=2.6 bref=0.00 pid=17.2 pref=601.2 ppos=599.5 apid=0.0 integ=-31.5 vision=1 current=1 vframe=2429 vs=1 vage=11 vpage=11 vdt=33 vmax=99 vacc=2422 vrej=0 seq=0 elapsed=0 oled=3C
[   4500] STATUS mode=3 fault=none enc=758 denc=0 sreq=0 sapplied=0 crate=19 uimp=-65855 upos=295 uneg=1605 ball=-25.59 vball=-0.22 aball=2.6 bref=0.00 pid=19.2 pref=601.5 ppos=599.6 apid=0.0 integ=-31.9 vision=1 current=1 vframe=2430 vs=1 vage=18 vpage=18 vdt=33 vmax=99 vacc=2423 vrej=0 seq=0 elapsed=0 oled=3C
[   4530] STATUS mode=3 fault=none enc=758 denc=0 sreq=20 sapplied=20 crate=20 uimp=-65855 upos=295 uneg=1605 ball=-25.59 vball=-0.14 aball=3.1 bref=0.00 pid=19.8 pref=601.6 ppos=599.6 apid=0.0 integ=-32.3 vision=1 current=1 vframe=2431 vs=1 vage=5 vpage=5 vdt=33 vmax=99 vacc=2424 vrej=0 seq=0 elapsed=0 oled=3C
[   4562] STATUS mode=3 fault=none enc=758 denc=0 sreq=0 sapplied=0 crate=19 uimp=-65755 upos=300 uneg=1605 ball=-25.59 vball=-0.14 aball=3.1 bref=0.00 pid=18.8 pref=601.6 ppos=599.7 apid=0.0 integ=-32.3 vision=1 current=1 vframe=2431 vs=1 vage=25 vpage=25 vdt=33 vmax=99 vacc=2424 vrej=0 seq=0 elapsed=0 oled=3C
[   4577] STATUS mode=3 fault=none enc=760 denc=0 sreq=100 sapplied=100 crate=100 uimp=-62755 upos=330 uneg=1605 ball=-25.11 vball=3.86 aball=3.1 bref=0.00 pid=100.0 pref=625.7 ppos=602.7 apid=0.0 integ=-32.7 vision=1 current=1 vframe=2432 vs=1 vage=32 vpage=32 vdt=33 vmax=99 vacc=2425 vrej=0 seq=0 elapsed=0 oled=3C
[   4609] STATUS mode=3 fault=none enc=763 denc=0 sreq=100 sapplied=100 crate=100 uimp=-60755 upos=350 uneg=1605 ball=-24.96 vball=4.02 aball=3.1 bref=0.00 pid=100.0 pref=626.9 ppos=604.7 apid=0.0 integ=-32.7 vision=1 current=1 vframe=2433 vs=1 vage=18 vpage=18 vdt=34 vmax=99 vacc=2426 vrej=0 seq=0 elapsed=0 oled=3C
[   4641] STATUS mode=3 fault=none enc=765 denc=0 sreq=100 sapplied=100 crate=100 uimp=-58755 upos=370 uneg=1605 ball=-24.93 vball=3.13 aball=16.7 bref=0.00 pid=100.0 pref=621.6 ppos=606.7 apid=0.0 integ=-32.7 vision=1 current=1 vframe=2434 vs=1 vage=7 vpage=7 vdt=31 vmax=99 vacc=2427 vrej=0 seq=0 elapsed=0 oled=3C
[   4655] STATUS mode=3 fault=none enc=771 denc=0 sreq=100 sapplied=100 crate=100 uimp=-54755 upos=410 uneg=1605 ball=-24.76 vball=3.71 aball=16.7 bref=0.00 pid=100.0 pref=625.2 ppos=610.7 apid=0.0 integ=-32.7 vision=1 current=1 vframe=2435 vs=1 vage=11 vpage=11 vdt=36 vmax=99 vacc=2428 vrej=0 seq=0 elapsed=0 oled=3C
[   4687] STATUS mode=3 fault=none enc=774 denc=0 sreq=100 sapplied=100 crate=100 uimp=-52755 upos=430 uneg=1605 ball=-24.76 vball=3.71 aball=16.7 bref=0.00 pid=100.0 pref=625.2 ppos=612.7 apid=0.0 integ=-32.7 vision=1 current=1 vframe=2435 vs=1 vage=31 vpage=31 vdt=36 vmax=99 vacc=2428 vrej=0 seq=0 elapsed=0 oled=3C
[   4718] STATUS mode=3 fault=none enc=776 denc=1 sreq=77 sapplied=77 crate=77 uimp=-50970 upos=450 uneg=1605 ball=-24.69 vball=3.19 aball=16.7 bref=0.00 pid=77.4 pref=622.2 ppos=614.5 apid=0.0 integ=-32.7 vision=1 current=1 vframe=2436 vs=1 vage=18 vpage=18 vdt=33 vmax=99 vacc=2429 vrej=0 seq=0 elapsed=0 oled=3C
[   4750] STATUS mode=3 fault=none enc=780 denc=-1 sreq=100 sapplied=100 crate=100 uimp=-47535 upos=490 uneg=1605 ball=-24.07 vball=7.73 aball=29.5 bref=0.00 pid=100.0 pref=650.2 ppos=617.9 apid=0.0 integ=-32.7 vision=1 current=1 vframe=2437 vs=1 vage=25 vpage=25 vdt=33 vmax=99 vacc=2430 vrej=0 seq=0 elapsed=0 oled=3C
[   4766] STATUS mode=3 fault=none enc=783 denc=0 sreq=100 sapplied=100 crate=100 uimp=-45535 upos=510 uneg=1605 ball=-23.89 vball=7.06 aball=29.5 bref=0.00 pid=100.0 pref=646.4 ppos=619.9 apid=0.0 integ=-32.7 vision=1 current=1 vframe=2438 vs=1 vage=11 vpage=11 vdt=34 vmax=99 vacc=2431 vrej=0 seq=0 elapsed=0 oled=3C
[   4796] STATUS mode=3 fault=none enc=785 denc=-1 sreq=100 sapplied=100 crate=100 uimp=-43535 upos=530 uneg=1605 ball=-23.89 vball=7.06 aball=29.5 bref=0.00 pid=100.0 pref=646.4 ppos=621.9 apid=0.0 integ=-32.7 vision=1 current=1 vframe=2438 vs=1 vage=31 vpage=31 vdt=34 vmax=99 vacc=2431 vrej=0 seq=0 elapsed=0 oled=3C
[   4827] STATUS mode=3 fault=none enc=791 denc=0 sreq=0 sapplied=0 crate=0 uimp=-39535 upos=570 uneg=1605 ball=-23.87 vball=3.55 aball=-2.6 bref=0.00 pid=0.0 pref=625.3 ppos=625.9 apid=-0.0 integ=-32.7 vision=1 current=1 vframe=2440 vs=1 vage=5 vpage=5 vdt=33 vmax=99 vacc=2433 vrej=0 seq=0 elapsed=0 oled=3C
[   4843] STATUS mode=3 fault=none enc=792 denc=0 sreq=0 sapplied=0 crate=0 uimp=-39535 upos=570 uneg=1605 ball=-23.87 vball=3.55 aball=-2.6 bref=0.00 pid=0.0 pref=625.3 ppos=625.9 apid=-0.0 integ=-32.7 vision=1 current=1 vframe=2440 vs=1 vage=25 vpage=25 vdt=33 vmax=99 vacc=2433 vrej=0 seq=0 elapsed=0 oled=3C
[   4875] STATUS mode=3 fault=none enc=792 denc=0 sreq=-100 sapplied=-100 crate=-100 uimp=-39535 upos=570 uneg=1605 ball=-24.38 vball=-1.94 aball=-2.6 bref=0.00 pid=-100.0 pref=591.8 ppos=625.9 apid=-0.0 integ=-32.7 vision=1 current=1 vframe=2441 vs=1 vage=11 vpage=11 vdt=34 vmax=99 vacc=2434 vrej=0 seq=0 elapsed=0 oled=3C
[   4905] STATUS mode=3 fault=none enc=789 denc=1 sreq=-100 sapplied=-100 crate=-100 uimp=-43535 upos=570 uneg=1645 ball=-24.75 vball=-4.46 aball=-2.6 bref=0.00 pid=-100.0 pref=576.2 ppos=621.9 apid=-0.0 integ=-32.7 vision=1 current=1 vframe=2442 vs=1 vage=19 vpage=19 vdt=32 vmax=99 vacc=2435 vrej=0 seq=0 elapsed=0 oled=3C
[   4937] STATUS mode=3 fault=none enc=786 denc=0 sreq=-100 sapplied=-100 crate=-100 uimp=-45535 upos=570 uneg=1665 ball=-24.86 vball=-4.08 aball=-36.1 bref=0.00 pid=-100.0 pref=578.4 ppos=619.9 apid=-0.0 integ=-32.7 vision=1 current=1 vframe=2443 vs=1 vage=6 vpage=6 vdt=33 vmax=99 vacc=2436 vrej=0 seq=0 elapsed=0 oled=3C
[   4952] STATUS mode=3 fault=none enc=781 denc=0 sreq=-100 sapplied=-100 crate=-100 uimp=-49535 upos=570 uneg=1705 ball=-24.86 vball=-4.08 aball=-36.1 bref=0.00 pid=-100.0 pref=578.4 ppos=617.9 apid=-0.0 integ=-32.7 vision=1 current=1 vframe=2443 vs=1 vage=26 vpage=26 vdt=33 vmax=99 vacc=2436 vrej=0 seq=0 elapsed=0 oled=3C
[   4984] STATUS mode=3 fault=none enc=778 denc=0 sreq=-100 sapplied=-100 crate=-100 uimp=-51535 upos=570 uneg=1725 ball=-24.87 vball=-3.02 aball=-36.1 bref=0.00 pid=-100.0 pref=584.7 ppos=613.9 apid=-0.0 integ=-32.7 vision=1 current=1 vframe=2444 vs=1 vage=32 vpage=32 vdt=34 vmax=99 vacc=2437 vrej=0 seq=0 elapsed=0 oled=3C
[   5016] STATUS mode=3 fault=none enc=776 denc=1 sreq=-100 sapplied=-100 crate=-100 uimp=-53535 upos=570 uneg=1745 ball=-24.86 vball=-2.05 aball=-36.1 bref=0.00 pid=-100.0 pref=590.6 ppos=611.9 apid=-0.0 integ=-32.7 vision=1 current=1 vframe=2445 vs=1 vage=19 vpage=19 vdt=33 vmax=99 vacc=2438 vrej=0 seq=0 elapsed=0 oled=3C
[   5046] STATUS mode=3 fault=none enc=770 denc=0 sreq=-100 sapplied=-100 crate=-100 uimp=-57535 upos=570 uneg=1785 ball=-24.86 vball=-1.69 aball=-8.4 bref=0.00 pid=-100.0 pref=592.7 ppos=607.9 apid=-0.0 integ=-32.7 vision=1 current=1 vframe=2446 vs=1 vage=32 vpage=32 vdt=27 vmax=99 vacc=2439 vrej=0 seq=0 elapsed=0 oled=3C
[   5062] STATUS mode=3 fault=none enc=767 denc=0 sreq=-100 sapplied=-100 crate=-100 uimp=-59535 upos=570 uneg=1805 ball=-24.86 vball=-1.41 aball=-8.4 bref=0.00 pid=-100.0 pref=594.4 ppos=605.9 apid=-0.0 integ=-32.7 vision=1 current=1 vframe=2447 vs=1 vage=13 vpage=13 vdt=39 vmax=99 vacc=2440 vrej=0 seq=0 elapsed=0 oled=3C
[   5093] STATUS mode=3 fault=none enc=765 denc=1 sreq=-82 sapplied=-82 crate=-82 uimp=-61535 upos=570 uneg=1825 ball=-24.86 vball=-1.19 aball=-8.4 bref=0.00 pid=-81.8 pref=595.7 ppos=603.9 apid=-0.0 integ=-32.7 vision=1 current=1 vframe=2448 vs=1 vage=2 vpage=2 vdt=31 vmax=99 vacc=2441 vrej=0 seq=0 elapsed=0 oled=3C
[   5125] STATUS mode=3 fault=none enc=761 denc=0 sreq=-43 sapplied=-43 crate=-43 uimp=-64230 upos=570 uneg=1865 ball=-24.86 vball=-0.99 aball=-1.5 bref=0.00 pid=-42.8 pref=596.9 ppos=601.2 apid=-0.0 integ=-32.7 vision=1 current=1 vframe=2449 vs=1 vage=10 vpage=10 vdt=32 vmax=99 vacc=2442 vrej=0 seq=0 elapsed=0 oled=3C
[   5155] STATUS mode=3 fault=none enc=761 denc=0 sreq=-26 sapplied=-26 crate=-26 uimp=-64925 upos=570 uneg=1885 ball=-24.86 vball=-0.82 aball=-1.5 bref=0.00 pid=-25.7 pref=597.9 ppos=600.5 apid=-0.0 integ=-32.7 vision=1 current=1 vframe=2450 vs=1 vage=15 vpage=15 vdt=15 vmax=99 vacc=2443 vrej=0 seq=0 elapsed=0 oled=3C
[   5171] STATUS mode=3 fault=none enc=760 denc=1 sreq=-100 sapplied=-100 crate=-100 uimp=-66175 upos=570 uneg=1905 ball=-25.45 vball=-8.11 aball=-1.5 bref=0.00 pid=-100.0 pref=553.5 ppos=599.3 apid=-0.0 integ=-32.7 vision=1 current=1 vframe=2451 vs=1 vage=14 vpage=14 vdt=21 vmax=99 vacc=2444 vrej=0 seq=0 elapsed=0 oled=3C
[   5202] STATUS mode=3 fault=none enc=755 denc=0 sreq=-100 sapplied=-100 crate=-100 uimp=-70175 upos=570 uneg=1945 ball=-25.27 vball=-4.08 aball=-1.5 bref=0.00 pid=-100.0 pref=577.9 ppos=595.3 apid=-0.0 integ=-32.7 vision=1 current=1 vframe=2452 vs=1 vage=18 vpage=18 vdt=36 vmax=99 vacc=2445 vrej=0 seq=0 elapsed=0 oled=3C
[   5234] STATUS mode=3 fault=none enc=752 denc=0 sreq=0 sapplied=0 crate=0 uimp=-72175 upos=570 uneg=1965 ball=-24.96 vball=-0.07 aball=3.1 bref=0.00 pid=90.6 pref=602.3 ppos=593.3 apid=0.0 integ=-32.7 vision=1 current=1 vframe=2453 vs=1 vage=4 vpage=4 vdt=34 vmax=99 vacc=2446 vrej=0 seq=0 elapsed=0 oled=3C
[   5266] STATUS mode=3 fault=none enc=751 denc=0 sreq=82 sapplied=82 crate=82 uimp=-71290 upos=580 uneg=1965 ball=-24.96 vball=-0.07 aball=3.1 bref=0.00 pid=81.8 pref=602.3 ppos=594.1 apid=0.0 integ=-32.7 vision=1 current=1 vframe=2453 vs=1 vage=24 vpage=24 vdt=34 vmax=99 vacc=2446 vrej=0 seq=0 elapsed=0 oled=3C
[   5280] STATUS mode=3 fault=none enc=755 denc=0 sreq=100 sapplied=100 crate=100 uimp=-67490 upos=620 uneg=1965 ball=-24.85 vball=0.94 aball=3.1 bref=0.00 pid=100.0 pref=608.5 ppos=597.9 apid=0.0 integ=-32.7 vision=1 current=1 vframe=2454 vs=1 vage=32 vpage=32 vdt=32 vmax=99 vacc=2447 vrej=0 seq=0 elapsed=0 oled=3C
[   5312] STATUS mode=3 fault=none enc=758 denc=0 sreq=88 sapplied=88 crate=88 uimp=-65535 upos=640 uneg=1965 ball=-24.81 vball=0.97 aball=3.1 bref=0.00 pid=88.4 pref=608.7 ppos=599.9 apid=0.0 integ=-32.7 vision=1 current=1 vframe=2455 vs=1 vage=20 vpage=20 vdt=32 vmax=99 vacc=2448 vrej=0 seq=0 elapsed=0 oled=3C
[   5343] STATUS mode=3 fault=none enc=760 denc=1 sreq=59 sapplied=59 crate=59 uimp=-63895 upos=660 uneg=1965 ball=-24.80 vball=0.75 aball=5.4 bref=0.00 pid=58.9 pref=607.4 ppos=601.5 apid=0.0 integ=-32.7 vision=1 current=1 vframe=2456 vs=1 vage=6 vpage=6 vdt=34 vmax=99 vacc=2449 vrej=0 seq=0 elapsed=0 oled=3C
[   5359] STATUS mode=3 fault=none enc=761 denc=-1 sreq=27 sapplied=27 crate=27 uimp=-62045 upos=700 uneg=1965 ball=-24.81 vball=0.52 aball=5.4 bref=0.00 pid=26.5 pref=606.0 ppos=603.4 apid=0.0 integ=-32.7 vision=1 current=1 vframe=2457 vs=1 vage=12 vpage=12 vdt=34 vmax=99 vacc=2450 vrej=0 seq=0 elapsed=0 oled=3C
[   5391] STATUS mode=3 fault=none enc=761 denc=0 sreq=22 sapplied=22 crate=22 uimp=-61550 upos=720 uneg=1965 ball=-24.81 vball=0.52 aball=5.4 bref=0.00 pid=21.6 pref=606.0 ppos=603.9 apid=0.0 integ=-32.7 vision=1 current=1 vframe=2457 vs=1 vage=32 vpage=32 vdt=34 vmax=99 vacc=2450 vrej=0 seq=0 elapsed=0 oled=3C
[   5421] STATUS mode=3 fault=none enc=762 denc=0 sreq=0 sapplied=0 crate=0 uimp=-61440 upos=725 uneg=1965 ball=-24.81 vball=0.34 aball=5.4 bref=0.00 pid=0.0 pref=605.0 ppos=604.0 apid=0.0 integ=-32.7 vision=1 current=1 vframe=2458 vs=1 vage=19 vpage=19 vdt=33 vmax=99 vacc=2451 vrej=0 seq=0 elapsed=0 oled=3C
[   5437] STATUS mode=3 fault=none enc=762 denc=0 sreq=0 sapplied=0 crate=0 uimp=-61440 upos=725 uneg=1965 ball=-24.81 vball=0.22 aball=0.6 bref=0.00 pid=0.0 pref=604.2 ppos=604.0 apid=0.0 integ=-32.7 vision=1 current=1 vframe=2459 vs=1 vage=26 vpage=26 vdt=33 vmax=99 vacc=2452 vrej=0 seq=0 elapsed=0 oled=3C
[   5468] STATUS mode=3 fault=none enc=762 denc=0 sreq=0 sapplied=0 crate=0 uimp=-61440 upos=725 uneg=1965 ball=-24.81 vball=0.13 aball=0.6 bref=0.00 pid=0.0 pref=603.3 ppos=604.0 apid=0.0 integ=-33.2 vision=1 current=1 vframe=2460 vs=1 vage=12 vpage=12 vdt=34 vmax=99 vacc=2453 vrej=0 seq=0 elapsed=0 oled=3C
[   5500] STATUS mode=3 fault=none enc=762 denc=0 sreq=0 sapplied=0 crate=0 uimp=-61440 upos=725 uneg=1965 ball=-24.81 vball=0.13 aball=0.6 bref=0.00 pid=0.0 pref=603.3 ppos=604.0 apid=0.0 integ=-33.2 vision=1 current=1 vframe=2460 vs=1 vage=32 vpage=32 vdt=34 vmax=99 vacc=2453 vrej=0 seq=0 elapsed=0 oled=3C
[   5516] STATUS mode=3 fault=none enc=762 denc=0 sreq=-20 sapplied=0 crate=-20 uimp=-61440 upos=725 uneg=1965 ball=-24.82 vball=0.05 aball=-0.4 bref=0.00 pid=-20.4 pref=602.0 ppos=604.0 apid=-0.0 integ=-34.0 vision=1 current=1 vframe=2462 vs=1 vage=5 vpage=5 vdt=34 vmax=99 vacc=2455 vrej=0 seq=0 elapsed=0 oled=3C
[   5546] STATUS mode=3 fault=none enc=762 denc=0 sreq=0 sapplied=0 crate=-19 uimp=-61540 upos=725 uneg=1970 ball=-24.82 vball=0.05 aball=-0.4 bref=0.00 pid=-19.4 pref=602.0 ppos=603.9 apid=-0.0 integ=-34.0 vision=1 current=1 vframe=2462 vs=1 vage=25 vpage=25 vdt=34 vmax=99 vacc=2455 vrej=0 seq=0 elapsed=0 oled=3C
[   5577] STATUS mode=3 fault=none enc=762 denc=0 sreq=100 sapplied=100 crate=100 uimp=-61040 upos=730 uneg=1970 ball=-24.49 vball=3.25 aball=-0.4 bref=0.00 pid=100.0 pref=621.1 ppos=604.4 apid=-0.0 integ=-34.4 vision=1 current=1 vframe=2463 vs=1 vage=12 vpage=12 vdt=33 vmax=99 vacc=2456 vrej=0 seq=0 elapsed=0 oled=3C
[   5609] STATUS mode=3 fault=none enc=768 denc=2 sreq=100 sapplied=100 crate=100 uimp=-57040 upos=770 uneg=1970 ball=-24.20 vball=4.76 aball=-0.4 bref=0.00 pid=100.0 pref=630.6 ppos=608.4 apid=-0.0 integ=-34.4 vision=1 current=1 vframe=2464 vs=1 vage=19 vpage=19 vdt=33 vmax=99 vacc=2457 vrej=0 seq=0 elapsed=0 oled=3C
[   5625] STATUS mode=3 fault=none enc=771 denc=2 sreq=100 sapplied=100 crate=100 uimp=-55040 upos=790 uneg=1970 ball=-24.12 vball=4.05 aball=17.8 bref=0.00 pid=100.0 pref=626.4 ppos=610.4 apid=0.0 integ=-34.4 vision=1 current=1 vframe=2465 vs=1 vage=5 vpage=5 vdt=34 vmax=99 vacc=2458 vrej=0 seq=0 elapsed=0 oled=3C
[   5655] STATUS mode=3 fault=none enc=774 denc=2 sreq=100 sapplied=100 crate=100 uimp=-53040 upos=810 uneg=1970 ball=-24.12 vball=4.05 aball=17.8 bref=0.00 pid=100.0 pref=626.4 ppos=612.4 apid=0.0 integ=-34.4 vision=1 current=1 vframe=2465 vs=1 vage=25 vpage=25 vdt=34 vmax=99 vacc=2458 vrej=0 seq=0 elapsed=0 oled=3C
[   5687] STATUS mode=3 fault=none enc=777 denc=1 sreq=51 sapplied=51 crate=51 uimp=-50190 upos=850 uneg=1970 ball=-24.10 vball=3.04 aball=17.8 bref=0.00 pid=51.1 pref=620.4 ppos=615.2 apid=0.0 integ=-34.4 vision=1 current=1 vframe=2466 vs=1 vage=32 vpage=32 vdt=33 vmax=99 vacc=2459 vrej=0 seq=0 elapsed=0 oled=3C
[   5702] STATUS mode=3 fault=none enc=777 denc=0 sreq=0 sapplied=0 crate=0 uimp=-49935 upos=855 uneg=1970 ball=-24.10 vball=2.14 aball=17.8 bref=0.00 pid=0.0 pref=615.0 ppos=615.5 apid=0.0 integ=-34.4 vision=1 current=1 vframe=2467 vs=1 vage=18 vpage=18 vdt=34 vmax=99 vacc=2460 vrej=0 seq=0 elapsed=0 oled=3C
[   5734] STATUS mode=3 fault=none enc=777 denc=0 sreq=-49 sapplied=0 crate=-49 uimp=-49935 upos=855 uneg=1970 ball=-24.11 vball=1.41 aball=-2.1 bref=0.00 pid=-49.4 pref=610.6 ppos=615.5 apid=-0.0 integ=-34.4 vision=1 current=1 vframe=2468 vs=1 vage=5 vpage=5 vdt=33 vmax=99 vacc=2461 vrej=0 seq=0 elapsed=0 oled=3C
[   5766] STATUS mode=3 fault=none enc=776 denc=0 sreq=-63 sapplied=-63 crate=-63 uimp=-51730 upos=855 uneg=2005 ball=-24.13 vball=0.89 aball=-2.1 bref=0.00 pid=-62.8 pref=607.4 ppos=613.7 apid=-0.0 integ=-34.4 vision=1 current=1 vframe=2469 vs=1 vage=12 vpage=12 vdt=33 vmax=99 vacc=2462 vrej=0 seq=0 elapsed=0 oled=3C
[   5796] STATUS mode=3 fault=none enc=775 denc=0 sreq=-51 sapplied=-51 crate=-51 uimp=-52900 upos=855 uneg=2025 ball=-24.13 vball=0.89 aball=-2.1 bref=0.00 pid=-51.1 pref=607.4 ppos=612.5 apid=-0.0 integ=-34.4 vision=1 current=1 vframe=2469 vs=1 vage=32 vpage=32 vdt=33 vmax=99 vacc=2462 vrej=0 seq=0 elapsed=0 oled=3C
[   5812] STATUS mode=3 fault=none enc=774 denc=0 sreq=-59 sapplied=-59 crate=-59 uimp=-54130 upos=855 uneg=2045 ball=-24.13 vball=0.56 aball=-2.1 bref=0.00 pid=-58.6 pref=605.4 ppos=611.3 apid=-0.0 integ=-34.4 vision=1 current=1 vframe=2470 vs=1 vage=19 vpage=19 vdt=33 vmax=99 vacc=2463 vrej=0 seq=0 elapsed=0 oled=3C
[   5843] STATUS mode=3 fault=none enc=770 denc=-1 sreq=-55 sapplied=-55 crate=-55 uimp=-56475 upos=855 uneg=2085 ball=-24.15 vball=0.23 aball=-6.5 bref=0.00 pid=-55.2 pref=603.4 ppos=609.0 apid=-0.0 integ=-34.4 vision=1 current=1 vframe=2471 vs=1 vage=25 vpage=25 vdt=34 vmax=99 vacc=2464 vrej=0 seq=0 elapsed=0 oled=3C
[   5875] STATUS mode=3 fault=none enc=768 denc=-1 sreq=-59 sapplied=-59 crate=-59 uimp=-57650 upos=855 uneg=2105 ball=-24.17 vball=0.04 aball=-6.5 bref=0.00 pid=-59.1 pref=601.9 ppos=607.8 apid=-0.0 integ=-34.8 vision=1 current=1 vframe=2472 vs=1 vage=12 vpage=12 vdt=33 vmax=99 vacc=2465 vrej=0 seq=0 elapsed=0 oled=3C
[   5891] STATUS mode=3 fault=none enc=768 denc=0 sreq=-48 sapplied=-48 crate=-48 uimp=-58745 upos=855 uneg=2125 ball=-24.17 vball=0.04 aball=-6.5 bref=0.00 pid=-48.2 pref=601.9 ppos=606.7 apid=-0.0 integ=-34.8 vision=1 current=1 vframe=2472 vs=1 vage=32 vpage=32 vdt=33 vmax=99 vacc=2465 vrej=0 seq=0 elapsed=0 oled=3C
[   5921] STATUS mode=3 fault=none enc=762 denc=-2 sreq=-100 sapplied=-100 crate=-100 uimp=-62485 upos=855 uneg=2165 ball=-24.82 vball=-4.38 aball=-24.3 bref=0.00 pid=-100.0 pref=574.6 ppos=602.9 apid=-0.0 integ=-34.8 vision=1 current=1 vframe=2474 vs=1 vage=5 vpage=5 vdt=33 vmax=99 vacc=2467 vrej=0 seq=0 elapsed=0 oled=3C
[   5952] STATUS mode=3 fault=none enc=759 denc=-2 sreq=-100 sapplied=-100 crate=-100 uimp=-64485 upos=855 uneg=2185 ball=-24.82 vball=-4.38 aball=-24.3 bref=0.00 pid=-100.0 pref=574.6 ppos=600.9 apid=-0.0 integ=-34.8 vision=1 current=1 vframe=2474 vs=1 vage=25 vpage=25 vdt=33 vmax=99 vacc=2467 vrej=0 seq=0 elapsed=0 oled=3C
[   5984] STATUS mode=3 fault=none enc=755 denc=-1 sreq=-100 sapplied=-100 crate=-100 uimp=-68485 upos=855 uneg=2225 ball=-24.87 vball=-3.48 aball=-24.3 bref=0.00 pid=-100.0 pref=579.9 ppos=596.9 apid=-0.0 integ=-34.8 vision=1 current=1 vframe=2475 vs=1 vage=32 vpage=32 vdt=33 vmax=99 vacc=2468 vrej=0 seq=0 elapsed=0 oled=3C
[   6016] STATUS mode=3 fault=none enc=752 denc=-2 sreq=-88 sapplied=-88 crate=-88 uimp=-70440 upos=855 uneg=2245 ball=-24.87 vball=-2.44 aball=-24.3 bref=0.00 pid=-88.4 pref=586.1 ppos=595.0 apid=-0.0 integ=-34.8 vision=1 current=1 vframe=2476 vs=1 vage=19 vpage=19 vdt=33 vmax=99 vacc=2469 vrej=0 seq=0 elapsed=0 oled=3C
[   6030] STATUS mode=3 fault=none enc=751 denc=0 sreq=-23 sapplied=-23 crate=-23 uimp=-72080 upos=855 uneg=2265 ball=-24.86 vball=-1.62 aball=-0.9 bref=0.00 pid=-22.7 pref=591.1 ppos=593.3 apid=-0.0 integ=-34.8 vision=1 current=1 vframe=2477 vs=1 vage=5 vpage=5 vdt=34 vmax=99 vacc=2470 vrej=0 seq=0 elapsed=0 oled=3C
[   6062] STATUS mode=3 fault=none enc=750 denc=0 sreq=0 sapplied=0 crate=16 uimp=-72405 upos=855 uneg=2280 ball=-24.84 vball=-1.03 aball=-0.9 bref=0.00 pid=16.2 pref=594.6 ppos=593.0 apid=-0.0 integ=-34.8 vision=1 current=1 vframe=2478 vs=1 vage=12 vpage=12 vdt=33 vmax=99 vacc=2471 vrej=0 seq=0 elapsed=0 oled=3C
[   6093] STATUS mode=3 fault=none enc=750 denc=0 sreq=0 sapplied=0 crate=16 uimp=-72405 upos=855 uneg=2280 ball=-24.84 vball=-1.03 aball=-0.9 bref=0.00 pid=16.2 pref=594.6 ppos=593.0 apid=-0.0 integ=-34.8 vision=1 current=1 vframe=2478 vs=1 vage=32 vpage=32 vdt=33 vmax=99 vacc=2471 vrej=0 seq=0 elapsed=0 oled=3C
[   6109] STATUS mode=3 fault=none enc=750 denc=0 sreq=36 sapplied=36 crate=36 uimp=-72015 upos=865 uneg=2280 ball=-24.83 vball=-0.64 aball=-0.9 bref=0.00 pid=35.8 pref=597.0 ppos=593.4 apid=-0.0 integ=-34.8 vision=1 current=1 vframe=2479 vs=1 vage=18 vpage=18 vdt=34 vmax=99 vacc=2472 vrej=0 seq=0 elapsed=0 oled=3C
[   6141] STATUS mode=3 fault=none enc=751 denc=0 sreq=36 sapplied=36 crate=36 uimp=-70545 upos=905 uneg=2280 ball=-24.83 vball=-0.40 aball=5.0 bref=0.00 pid=35.5 pref=598.4 ppos=594.9 apid=0.0 integ=-34.8 vision=1 current=1 vframe=2480 vs=1 vage=25 vpage=25 vdt=33 vmax=99 vacc=2473 vrej=0 seq=0 elapsed=0 oled=3C
[   6171] STATUS mode=3 fault=none enc=752 denc=0 sreq=34 sapplied=34 crate=34 uimp=-69825 upos=925 uneg=2280 ball=-24.82 vball=-0.24 aball=5.0 bref=0.00 pid=33.9 pref=599.0 ppos=595.6 apid=0.0 integ=-35.2 vision=1 current=1 vframe=2481 vs=1 vage=12 vpage=12 vdt=33 vmax=99 vacc=2474 vrej=0 seq=0 elapsed=0 oled=3C
[   6187] STATUS mode=3 fault=none enc=752 denc=0 sreq=28 sapplied=28 crate=28 uimp=-69195 upos=945 uneg=2280 ball=-24.82 vball=-0.24 aball=5.0 bref=0.00 pid=27.6 pref=599.0 ppos=596.2 apid=0.0 integ=-35.2 vision=1 current=1 vframe=2481 vs=1 vage=32 vpage=32 vdt=33 vmax=99 vacc=2474 vrej=0 seq=0 elapsed=0 oled=3C
[   6218] STATUS mode=3 fault=none enc=752 denc=0 sreq=-100 sapplied=-100 crate=-100 uimp=-70620 upos=950 uneg=2310 ball=-25.24 vball=-3.08 aball=-9.4 bref=0.00 pid=-100.0 pref=580.6 ppos=594.8 apid=-0.0 integ=-36.0 vision=1 current=1 vframe=2483 vs=1 vage=6 vpage=6 vdt=33 vmax=99 vacc=2476 vrej=0 seq=0 elapsed=0 oled=3C
[   6250] STATUS mode=3 fault=none enc=750 denc=0 sreq=-100 sapplied=-100 crate=-100 uimp=-72620 upos=950 uneg=2330 ball=-25.24 vball=-3.08 aball=-9.4 bref=0.00 pid=-100.0 pref=580.6 ppos=592.8 apid=-0.0 integ=-36.0 vision=1 current=1 vframe=2483 vs=1 vage=26 vpage=26 vdt=33 vmax=99 vacc=2476 vrej=0 seq=0 elapsed=0 oled=3C
[   6280] STATUS mode=3 fault=none enc=747 denc=0 sreq=-100 sapplied=-100 crate=-100 uimp=-74620 upos=950 uneg=2350 ball=-25.50 vball=-4.49 aball=-9.4 bref=0.00 pid=-100.0 pref=571.9 ppos=590.8 apid=-0.0 integ=-36.0 vision=1 current=1 vframe=2484 vs=1 vage=12 vpage=12 vdt=34 vmax=99 vacc=2477 vrej=0 seq=0 elapsed=0 oled=3C
[   6296] STATUS mode=3 fault=none enc=742 denc=0 sreq=-100 sapplied=-100 crate=-100 uimp=-78620 upos=950 uneg=2390 ball=-25.57 vball=-3.77 aball=-9.4 bref=0.00 pid=-100.0 pref=576.1 ppos=586.8 apid=-0.0 integ=-36.0 vision=1 current=1 vframe=2485 vs=1 vage=20 vpage=20 vdt=32 vmax=99 vacc=2478 vrej=0 seq=0 elapsed=0 oled=3C
[   6327] STATUS mode=3 fault=none enc=739 denc=0 sreq=100 sapplied=0 crate=100 uimp=-80105 upos=950 uneg=2405 ball=-25.21 vball=0.75 aball=12.2 bref=0.00 pid=100.0 pref=603.6 ppos=585.3 apid=0.0 integ=-36.0 vision=1 current=1 vframe=2486 vs=1 vage=7 vpage=7 vdt=33 vmax=99 vacc=2479 vrej=0 seq=0 elapsed=0 oled=3C
[   6359] STATUS mode=3 fault=none enc=741 denc=2 sreq=100 sapplied=100 crate=100 uimp=-78605 upos=965 uneg=2405 ball=-25.21 vball=0.75 aball=12.2 bref=0.00 pid=100.0 pref=603.6 ppos=586.8 apid=0.0 integ=-36.0 vision=1 current=1 vframe=2486 vs=1 vage=27 vpage=27 vdt=33 vmax=99 vacc=2479 vrej=0 seq=0 elapsed=0 oled=3C
[   6391] STATUS mode=3 fault=none enc=746 denc=2 sreq=100 sapplied=100 crate=100 uimp=-74605 upos=1005 uneg=2405 ball=-24.87 vball=3.56 aball=12.2 bref=0.00 pid=100.0 pref=620.9 ppos=590.8 apid=0.0 integ=-36.0 vision=1 current=1 vframe=2487 vs=1 vage=33 vpage=33 vdt=34 vmax=99 vacc=2480 vrej=0 seq=0 elapsed=0 oled=3C
[   6405] STATUS mode=3 fault=none enc=748 denc=2 sreq=100 sapplied=100 crate=100 uimp=-72605 upos=1025 uneg=2405 ball=-24.76 vball=3.40 aball=12.2 bref=0.00 pid=100.0 pref=620.1 ppos=592.8 apid=0.0 integ=-36.0 vision=1 current=1 vframe=2488 vs=1 vage=20 vpage=20 vdt=33 vmax=99 vacc=2481 vrej=0 seq=0 elapsed=0 oled=3C
[   6437] STATUS mode=3 fault=none enc=751 denc=2 sreq=100 sapplied=100 crate=100 uimp=-70605 upos=1045 uneg=2405 ball=-24.74 vball=2.59 aball=14.9 bref=0.00 pid=100.0 pref=615.2 ppos=594.8 apid=0.0 integ=-36.0 vision=1 current=1 vframe=2489 vs=1 vage=6 vpage=6 vdt=34 vmax=99 vacc=2482 vrej=0 seq=0 elapsed=0 oled=3C
[   6468] STATUS mode=3 fault=none enc=755 denc=1 sreq=100 sapplied=100 crate=100 uimp=-66605 upos=1085 uneg=2405 ball=-24.75 vball=1.75 aball=14.9 bref=0.00 pid=100.0 pref=610.2 ppos=598.8 apid=0.0 integ=-36.0 vision=1 current=1 vframe=2490 vs=1 vage=13 vpage=13 vdt=33 vmax=99 vacc=2483 vrej=0 seq=0 elapsed=0 oled=3C
[   6484] STATUS mode=3 fault=none enc=758 denc=1 sreq=94 sapplied=94 crate=94 uimp=-64610 upos=1105 uneg=2405 ball=-24.75 vball=1.75 aball=14.9 bref=0.00 pid=93.7 pref=610.2 ppos=600.8 apid=0.0 integ=-36.0 vision=1 current=1 vframe=2490 vs=1 vage=33 vpage=33 vdt=33 vmax=99 vacc=2483 vrej=0 seq=0 elapsed=0 oled=3C
[   6516] STATUS mode=3 fault=none enc=759 denc=0 sreq=23 sapplied=23 crate=23 uimp=-62695 upos=1145 uneg=2405 ball=-24.73 vball=1.03 aball=1.2 bref=0.00 pid=23.3 pref=605.1 ppos==602.0 apid=0.0 integ=-36.5 vision=1 current=1 vframe=2491 vs=1 vage=19 vpage=19 vdt=34 vmax=99 vacc=2484 vrej=0 seq=0 elapsed=0 oled=3C
[   6546] STATUS mode=3 fault=none enc=759 denc=0 sreq=0 sapplied=0 crate=19 uimp=-62265 upos=1165 uneg=2405 ball=-24.73 vball=1.03 aball=1.2 bref=0.00 pid=19.0 pref=605.1 ppos=603.2 apid=0.0 integ=-36.9 vision=1 current=1 vframe=2492 vs=1 vage=26 vpage=26 vdt=33 vmax=99 vacc=2485 vrej=0 seq=0 elapsed=0 oled=3C
[   6577] STATUS mode=3 fault=none enc=760 denc=0 sreq=0 sapplied=0 crate=17 uimp=-62265 upos=1165 uneg=2405 ball=-24.70 vball=1.06 aball=1.2 bref=0.00 pid=17.1 pref=604.9 ppos=603.2 apid=0.0 integ=-37.3 vision=1 current=1 vframe=2493 vs=1 vage=13 vpage=13 vdt=33 vmax=99 vacc=2486 vrej=0 seq=0 elapsed=0 oled=3C
[   6593] STATUS mode=3 fault=none enc=760 denc=0 sreq=0 sapplied=0 crate=17 uimp=-62265 upos=1165 uneg=2405 ball=-24.70 vball=1.06 aball=1.2 bref=0.00 pid=17.1 pref=604.9 ppos=603.2 apid=0.0 integ=-37.3 vision=1 current=1 vframe=2493 vs=1 vage=33 vpage=33 vdt=33 vmax=99 vacc=2486 vrej=0 seq=0 elapsed=0 oled=3C
[   6625] STATUS mode=3 fault=none enc=760 denc=0 sreq=-100 sapplied=-100 crate=-100 uimp=-62265 upos=1165 uneg=2405 ball=-25.25 vball=-4.17 aball=-23.0 bref=0.00 pid=-100.0 pref=572.4 ppos=603.2 apid=-0.0 integ=-37.7 vision=1 current=1 vframe=2495 vs=1 vage=7 vpage=7 vdt=33 vmax=99 vacc=2488 vrej=0 seq=0 elapsed=0 oled=3C
[   6655] STATUS mode=3 fault=none enc=759 denc=0 sreq=-100 sapplied=-100 crate=-100 uimp=-64265 upos=1165 uneg=2425 ball=-25.25 vball=-4.17 aball=-23.0 bref=0.00 pid=-100.0 pref=572.4 ppos=601.2 apid=-0.0 integ=-37.7 vision=1 current=1 vframe=2495 vs=1 vage=27 vpage=27 vdt=33 vmax=99 vacc=2488 vrej=0 seq=0 elapsed=0 oled=3C
[   6687] STATUS mode=3 fault=none enc=757 denc=0 sreq=0 sapplied=0 crate=-19 uimp=-65265 upos=1165 uneg=2435 ball=-24.94 vball=0.08 aball=-23.0 bref=0.00 pid=-18.6 pref=598.3 ppos=600.2 apid=-0.0 integ=-37.7 vision=1 current=1 vframe=2496 vs=1 vage=33 vpage=33 vdt=34 vmax=99 vacc=2489 vrej=0 seq=0 elapsed=0 oled=3C
[   6702] STATUS mode=3 fault=none enc=757 denc=0 sreq=100 sapplied=100 crate=100 uimp=-64265 upos=1175 uneg=2435 ball=-24.47 vball=4.06 aball=-23.0 bref=0.00 pid=100.0 pref=622.7 ppos=601.2 apid=-0.0 integ=-37.7 vision=1 current=1 vframe=2497 vs=1 vage=18 vpage=18 vdt=35 vmax=99 vacc=2490 vrej=0 seq=0 elapsed=0 oled=3C
[   6734] STATUS mode=3 fault=none enc=759 denc=0 sreq=100 sapplied=100 crate=100 uimp=-62265 upos=1195 uneg=2435 ball=-23.94 vball=7.65 aball=40.0 bref=0.00 pid=100.0 pref=644.9 ppos=603.2 apid=0.0 integ=-37.7 vision=1 current=1 vframe=2498 vs=1 vage=6 vpage=6 vdt=32 vmax=99 vacc=2491 vrej=0 seq=0 elapsed=0 oled=3C
[   6766] STATUS mode=3 fault=none enc=764 denc=0 sreq=100 sapplied=100 crate=100 uimp=-58265 upos=1235 uneg=2435 ball=-23.60 vball=8.23 aball=40.0 bref=0.00 pid=100.0 pref=648.8 ppos=607.2 apid=0.0 integ=-37.7 vision=1 current=1 vframe=2499 vs=1 vage=11 vpage=11 vdt=35 vmax=99 vacc=2492 vrej=0 seq=0 elapsed=0 oled=3C
[   6780] STATUS mode=3 fault=none enc=767 denc=0 sreq=100 sapplied=100 crate=100 uimp=-56265 upos=1255 uneg=2435 ball=-23.60 vball=8.23 aball=40.0 bref=0.00 pid=100.0 pref=648.8 ppos=609.2 apid=0.0 integ=-37.7 vision=1 current=1 vframe=2499 vs=1 vage=31 vpage=31 vdt=35 vmax=99 vacc=2492 vrej=0 seq=0 elapsed=0 oled=3C
[   6812] STATUS mode=3 fault=none enc=769 denc=-1 sreq=100 sapplied=100 crate=100 uimp=-54265 upos=1275 uneg=2435 ball=-22.93 vball=12.25 aball=40.0 bref=0.00 pid=100.0 pref=673.7 ppos=611.2 apid=0.0 integ=-37.7 vision=1 current=1 vframe=2500 vs=1 vage=19 vpage=19 vdt=32 vmax=99 vacc=2493 vrej=0 seq=0 elapsed=0 oled=3C
[   6843] STATUS mode=3 fault=none enc=775 denc=0 sreq=100 sapplied=100 crate=100 uimp=-50265 upos=1315 uneg=2435 ball=-22.60 vball=11.44 aball=39.1 bref=0.00 pid=100.0 pref=669.3 ppos=615.2 apid=0.0 integ=-37.7 vision=1 current=1 vframe=2501 vs=1 vage=26 vpage=26 vdt=33 vmax=99 vacc=2494 vrej=0 seq=0 elapsed=0 oled=3C
[   6875] STATUS mode=3 fault=none enc=778 denc=1 sreq=100 sapplied=100 crate=100 uimp=-48265 upos=1335 uneg=2435 ball=-21.86 vball=14.92 aball=39.1 bref=0.00 pid=100.0 pref=691.0 ppos=617.2 apid=0.0 integ=-37.7 vision=1 current=1 vframe=2502 vs=1 vage=12 vpage=12 vdt=34 vmax=99 vacc=2495 vrej=0 seq=0 elapsed=0 oled=3C
[   6891] STATUS mode=3 fault=none enc=781 denc=1 sreq=100 sapplied=100 crate=100 uimp=-46265 upos=1355 uneg=2435 ball=-21.86 vball=14.92 aball=39.1 bref=0.00 pid=100.0 pref=691.0 ppos=619.2 apid=0.0 integ=-37.7 vision=1 current=1 vframe=2502 vs=1 vage=32 vpage=32 vdt=34 vmax=99 vacc=2495 vrej=0 seq=0 elapsed=0 oled=3C
[   6921] STATUS mode=3 fault=none enc=786 denc=0 sreq=100 sapplied=100 crate=100 uimp=-42265 upos=1395 uneg=2435 ball=-20.52 vball=17.37 aball=47.9 bref=0.00 pid=100.0 pref=707.3 ppos=623.2 apid=0.0 integ=-37.7 vision=1 current=1 vframe=2504 vs=1 vage=5 vpage=5 vdt=34 vmax=99 vacc=2497 vrej=0 seq=0 elapsed=0 oled=3C
[   6952] STATUS mode=3 fault=none enc=788 denc=0 sreq=100 sapplied=100 crate=100 uimp=-40265 upos=1415 uneg=2435 ball=-20.52 vball=17.37 aball=47.9 bref=0.00 pid=100.0 pref=707.3 ppos=625.2 apid=0.0 integ=-37.7 vision=1 current=1 vframe=2504 vs=1 vage=25 vpage=25 vdt=34 vmax=99 vacc=2497 vrej=0 seq=0 elapsed=0 oled=3C
[   6984] STATUS mode=3 fault=none enc=791 denc=0 sreq=100 sapplied=100 crate=100 uimp=-38265 upos=1435 uneg=2435 ball=-19.64 vball=19.99 aball=47.9 bref=0.00 pid=100.0 pref=724.1 ppos=627.2 apid=0.0 integ=-37.7 vision=1 current=1 vframe=2505 vs=1 vage=12 vpage=12 vdt=33 vmax=99 vacc=2498 vrej=0 seq=0 elapsed=0 oled=3C
[   7000] STATUS mode=3 fault=none enc=796 denc=0 sreq=100 sapplied=100 crate=100 uimp=-34265 upos=1475 uneg=2435 ball=-19.20 vball=18.02 aball=47.9 bref=0.00 pid=100.0 pref=712.8 ppos=631.2 apid=0.0 integ=-37.7 vision=1 current=1 vframe=2512 vs=1 vage=21 vpage=21 vdt=31 vmax=99 vacc=2505 vrej=0 seq=0 elapsed=0 oled=3C
[   7030] STATUS mode=3 fault=none enc=798 denc=0 sreq=100 sapplied=100 crate=100 uimp=-32265 upos=1495 uneg=2435 ball=-18.43 vball=19.53 aball=36.2 bref=0.00 pid=100.0 pref=722.8 ppos=633.2 apid=0.0 integ=-37.7 vision=1 current=1 vframe=2513 vs=1 vage=6 vpage=6 vdt=35 vmax=99 vacc=2506 vrej=0 seq=0 elapsed=0 oled=3C
[   7062] STATUS mode=3 fault=none enc=801 denc=1 sreq=100 sapplied=100 crate=100 uimp=-30265 upos=1515 uneg=2435 ball=-18.43 vball=19.53 aball=36.2 bref=0.00 pid=100.0 pref=722.8 ppos=635.2 apid=0.0 integ=-37.7 vision=1 current=1 vframe=2513 vs=1 vage=26 vpage=26 vdt=35 vmax=99 vacc=2506 vrej=0 seq=0 elapsed=0 oled=3C
[   7093] STATUS mode=3 fault=none enc=806 denc=0 sreq=100 sapplied=100 crate=100 uimp=-26265 upos=1555 uneg=2435 ball=-17.14 vball=25.23 aball=36.2 bref=0.00 pid=100.0 pref=758.6 ppos=639.2 apid=0.0 integ=-37.7 vision=1 current=1 vframe=2514 vs=1 vage=32 vpage=32 vdt=34 vmax=99 vacc=2507 vrej=0 seq=0 elapsed=0 oled=3C
[   7109] STATUS mode=3 fault=none enc=808 denc=0 sreq=100 sapplied=100 crate=100 uimp=-24265 upos=1575 uneg=2435 ball=-16.47 vball=23.31 aball=36.2 bref=0.00 pid=100.0 pref=747.8 ppos=641.2 apid=0.0 integ=-37.7 vision=1 current=1 vframe=2515 vs=1 vage=18 vpage=18 vdt=34 vmax=99 vacc=2508 vrej=0 seq=0 elapsed=0 oled=3C
[   7141] STATUS mode=3 fault=none enc=814 denc=0 sreq=100 sapplied=100 crate=100 uimp=-20265 upos=1615 uneg=2435 ball=-15.56 vball=24.77 aball=43.5 bref=0.00 pid=100.0 pref=757.7 ppos=645.2 apid=0.0 integ=-37.7 vision=1 current=1 vframe=2516 vs=1 vage=26 vpage=26 vdt=32 vmax=99 vacc=2509 vrej=0 seq=0 elapsed=0 oled=3C
[   7171] STATUS mode=3 fault=none enc=816 denc=0 sreq=100 sapplied=100 crate=100 uimp=-18265 upos=1635 uneg=2435 ball=-14.46 vball=27.23 aball=43.5 bref=0.00 pid=100.0 pref=773.8 ppos=647.2 apid=0.0 integ=-37.7 vision=1 current=1 vframe=2517 vs=1 vage=12 vpage=12 vdt=34 vmax=99 vacc=2510 vrej=0 seq=0 elapsed=0 oled=3C
[   7187] STATUS mode=3 fault=none enc=819 denc=1 sreq=100 sapplied=100 crate=100 uimp=-16265 upos=1655 uneg=2435 ball=-14.46 vball=27.23 aball=43.5 bref=0.00 pid=100.0 pref=773.8 ppos=649.2 apid=0.0 integ=-37.7 vision=1 current=1 vframe=2517 vs=1 vage=32 vpage=32 vdt=34 vmax=99 vacc=2510 vrej=0 seq=0 elapsed=0 oled=3C
[   7218] STATUS mode=3 fault=none enc=824 denc=0 sreq=100 sapplied=100 crate=100 uimp=-12265 upos=1695 uneg=2435 ball=-12.51 vball=28.58 aball=41.1 bref=0.00 pid=100.0 pref=784.2 ppos=653.2 apid=0.0 integ=-37.7 vision=1 current=1 vframe=2519 vs=1 vage=6 vpage=6 vdt=33 vmax=99 vacc=2512 vrej=0 seq=0 elapsed=0 oled=3C
[   7250] STATUS mode=3 fault=none enc=827 denc=1 sreq=100 sapplied=100 crate=100 uimp=-10265 upos=1715 uneg=2435 ball=-12.51 vball=28.58 aball=41.1 bref=0.00 pid=100.0 pref=784.2 ppos=655.2 apid=0.0 integ=-37.7 vision=1 current=1 vframe=2519 vs=1 vage=26 vpage=26 vdt=33 vmax=99 vacc=2512 vrej=0 seq=0 elapsed=0 oled=3C
[   7280] STATUS mode=3 fault=none enc=829 denc=0 sreq=100 sapplied=100 crate=100 uimp=-8265 upos=1735 uneg=2435 ball=-12.51 vball=28.58 aball=41.1 bref=0.00 pid=100.0 pref=784.2 ppos=657.2 apid=0.0 integ=-37.7 vision=1 current=0 vframe=2520 vs=0 vage=46 vpage=16 vdt=33 vmax=99 vacc=2512 vrej=0 seq=0 elapsed=0 oled=3C
[   7296] STATUS mode=3 fault=none enc=834 denc=0 sreq=100 sapplied=100 crate=100 uimp=-4265 upos=1775 uneg=2435 ball=-10.68 vball=28.20 aball=41.1 bref=0.00 pid=100.0 pref=784.1 ppos=661.2 apid=0.0 integ=-37.7 vision=1 current=1 vframe=2521 vs=1 vage=21 vpage=21 vdt=65 vmax=99 vacc=2513 vrej=0 seq=0 elapsed=0 oled=3C
[   7327] STATUS mode=3 fault=none enc=837 denc=1 sreq=100 sapplied=100 crate=100 uimp=-2265 upos=1795 uneg=2435 ball=-9.31 vball=31.88 aball=37.7 bref=0.00 pid=100.0 pref=807.9 ppos=663.2 apid=0.0 integ=-37.7 vision=1 current=1 vframe=2522 vs=1 vage=8 vpage=8 vdt=33 vmax=99 vacc=2514 vrej=0 seq=0 elapsed=0 oled=3C
[   7359] STATUS mode=3 fault=none enc=840 denc=1 sreq=100 sapplied=100 crate=100 uimp=-265 upos=1815 uneg=2435 ball=-9.31 vball=31.88 aball=37.7 bref=0.00 pid=100.0 pref=807.9 ppos=665.2 apid=0.0 integ=-37.7 vision=1 current=1 vframe=2522 vs=1 vage=28 vpage=28 vdt=33 vmax=99 vacc=2514 vrej=0 seq=0 elapsed=0 oled=3C
[   7391] STATUS mode=3 fault=none enc=844 denc=0 sreq=100 sapplied=100 crate=100 uimp=3735 upos=1855 uneg=2435 ball=-9.31 vball=31.88 aball=37.7 bref=0.00 pid=100.0 pref=807.9 ppos=669.2 apid=0.0 integ=-37.7 vision=1 current=0 vframe=2524 vs=0 vage=68 vpage=1 vdt=33 vmax=99 vacc=2514 vrej=0 seq=0 elapsed=0 oled=3C
[   7405] STATUS mode=3 fault=none enc=847 denc=1 sreq=100 sapplied=100 crate=100 uimp=5735 upos=1875 uneg=2435 ball=-9.31 vball=31.88 aball=37.7 bref=0.00 pid=100.0 pref=807.9 ppos=671.2 apid=0.0 integ=-37.7 vision=1 current=0 vframe=2524 vs=0 vage=88 vpage=21 vdt=33 vmax=99 vacc=2514 vrej=0 seq=0 elapsed=0 oled=3C
[   7437] STATUS mode=3 fault=none enc=849 denc=0 sreq=100 sapplied=100 crate=100 uimp=7735 upos=1895 uneg=2435 ball=-7.74 vball=27.06 aball=-0.5 bref=0.00 pid=100.0 pref=780.8 ppos=673.2 apid=-0.0 integ=-37.7 vision=1 current=1 vframe=2525 vs=1 vage=6 vpage=6 vdt=102 vmax=102 vacc=2515 vrej=0 seq=0 elapsed=0 oled=3C
[   7468] STATUS mode=3 fault=none enc=855 denc=0 sreq=100 sapplied=100 crate=100 uimp=11735 upos=1935 uneg=2435 ball=-7.74 vball=27.06 aball=-0.5 bref=0.00 pid=100.0 pref=780.8 ppos=677.2 apid=-0.0 integ=-37.7 vision=1 current=0 vframe=2526 vs=0 vage=46 vpage=17 vdt=102 vmax=102 vacc=2515 vrej=0 seq=0 elapsed=0 oled=3C
[   7484] STATUS mode=3 fault=none enc=858 denc=1 sreq=100 sapplied=100 crate=100 uimp=13735 upos=1955 uneg=2435 ball=-7.74 vball=27.06 aball=-0.5 bref=0.00 pid=100.0 pref=780.8 ppos=679.2 apid=-0.0 integ=-37.7 vision=1 current=0 vframe=2527 vs=0 vage=66 vpage=3 vdt=102 vmax=102 vacc=2515 vrej=0 seq=0 elapsed=0 oled=3C
[   7516] STATUS mode=3 fault=none enc=860 denc=0 sreq=100 sapplied=100 crate=100 uimp=15735 upos=1975 uneg=2435 ball=-7.74 vball=27.06 aball=-0.5 bref=0.00 pid=100.0 pref=780.8 ppos=681.2 apid=-0.0 integ=-37.7 vision=1 current=0 vframe=2527 vs=0 vage=86 vpage=23 vdt=102 vmax=102 vacc=2515 vrej=0 seq=0 elapsed=0 oled=3C
[   7546] STATUS mode=3 fault=none enc=866 denc=1 sreq=100 sapplied=100 crate=100 uimp=19735 upos=2015 uneg=2435 ball=-5.81 vball=24.81 aball=-10.3 bref=0.00 pid=100.0 pref=769.6 ppos=685.2 apid=-0.0 integ=-37.7 vision=1 current=1 vframe=2537 vs=1 vage=25 vpage=25 vdt=101 vmax=102 vacc=2520 vrej=0 seq=0 elapsed=0 oled=3C
[   7577] STATUS mode=3 fault=none enc=868 denc=0 sreq=100 sapplied=100 crate=100 uimp=21735 upos=2035 uneg=2435 ball=-4.98 vball=24.75 aball=-10.3 bref=0.00 pid=100.0 pref=770.3 ppos=687.2 apid=-0.0 integ=-37.7 vision=1 current=1 vframe=2538 vs=1 vage=14 vpage=14 vdt=31 vmax=102 vacc=2521 vrej=0 seq=0 elapsed=0 oled=3C
[   7593] STATUS mode=3 fault=none enc=873 denc=0 sreq=100 sapplied=100 crate=100 uimp=25735 upos=2075 uneg=2435 ball=-4.98 vball=24.75 aball=-10.3 bref=0.00 pid=100.0 pref=770.3 ppos=691.2 apid=-0.0 integ=-37.7 vision=1 current=0 vframe=2539 vs=0 vage=34 vpage=3 vdt=31 vmax=102 vacc=2521 vrej=0 seq=0 elapsed=0 oled=3C
[   7625] STATUS mode=3 fault=none enc=876 denc=0 sreq=100 sapplied=100 crate=100 uimp=27735 upos=2095 uneg=2435 ball=-2.99 vball=28.16 aball=9.9 bref=0.00 pid=100.0 pref=793.1 ppos=693.2 apid=0.0 integ=-37.7 vision=1 current=1 vframe=2540 vs=1 vage=8 vpage=8 vdt=66 vmax=102 vacc=2522 vrej=0 seq=0 elapsed=0 oled=3C
[   7655] STATUS mode=3 fault=none enc=878 denc=0 sreq=100 sapplied=100 crate=100 uimp=29735 upos=2115 uneg=2435 ball=-2.99 vball=28.16 aball=9.9 bref=0.00 pid=100.0 pref=793.1 ppos=695.2 apid=0.0 integ=-37.7 vision=1 current=1 vframe=2540 vs=1 vage=28 vpage=28 vdt=66 vmax=102 vacc=2522 vrej=0 seq=0 elapsed=0 oled=3C
[   7687] STATUS mode=3 fault=none enc=883 denc=0 sreq=100 sapplied=100 crate=100 uimp=33735 upos=2155 uneg=2435 ball=-2.01 vball=24.13 aball=9.9 bref=0.00 pid=100.0 pref=770.1 ppos=699.2 apid=0.0 integ=-37.7 vision=1 current=1 vframe=2542 vs=1 vage=2 vpage=2 vdt=33 vmax=102 vacc=2524 vrej=0 seq=0 elapsed=0 oled=3C
[   7702] STATUS mode=3 fault=none enc=886 denc=0 sreq=100 sapplied=100 crate=100 uimp=35735 upos=2175 uneg=2435 ball=-2.01 vball=24.13 aball=9.9 bref=0.00 pid=100.0 pref=770.1 ppos=701.2 apid=0.0 integ=-37.7 vision=1 current=1 vframe=2542 vs=1 vage=22 vpage=22 vdt=33 vmax=102 vacc=2524 vrej=0 seq=0 elapsed=0 oled=3C
[   7734] STATUS mode=3 fault=none enc=888 denc=0 sreq=100 sapplied=100 crate=100 uimp=37735 upos=2195 uneg=2435 ball=-1.55 vball=22.49 aball=-20.1 bref=0.00 pid=100.0 pref=760.8 ppos=703.2 apid=-0.0 integ=-37.7 vision=1 current=1 vframe=2543 vs=1 vage=8 vpage=8 vdt=34 vmax=102 vacc=2525 vrej=0 seq=0 elapsed=0 oled=3C
[   7766] STATUS mode=3 fault=none enc=893 denc=0 sreq=100 sapplied=100 crate=100 uimp=41735 upos=2235 uneg=2435 ball=-1.55 vball=22.49 aball=-20.1 bref=0.00 pid=100.0 pref=760.8 ppos=707.2 apid=-0.0 integ=-37.7 vision=1 current=0 vframe=2544 vs=0 vage=48 vpage=16 vdt=34 vmax=102 vacc=2525 vrej=0 seq=0 elapsed=0 oled=3C
[   7780] STATUS mode=3 fault=none enc=896 denc=0 sreq=100 sapplied=100 crate=100 uimp=43735 upos=2255 uneg=2435 ball=-0.81 vball=20.66 aball=-20.1 bref=0.00 pid=100.0 pref=750.7 ppos=709.2 apid=-0.0 integ=-37.7 vision=1 current=1 vframe=2553 vs=1 vage=2 vpage=2 vdt=1 vmax=102 vacc=2532 vrej=0 seq=0 elapsed=0 oled=3C
[   7812] STATUS mode=3 fault=none enc=898 denc=0 sreq=100 sapplied=100 crate=100 uimp=45735 upos=2275 uneg=2435 ball=-0.81 vball=20.66 aball=-20.1 bref=0.00 pid=100.0 pref=750.7 ppos=711.2 apid=-0.0 integ=-37.7 vision=1 current=1 vframe=2553 vs=1 vage=22 vpage=22 vdt=1 vmax=102 vacc=2532 vrej=0 seq=0 elapsed=0 oled=3C
[   7843] STATUS mode=3 fault=none enc=904 denc=1 sreq=100 sapplied=100 crate=100 uimp=49735 upos=2315 uneg=2435 ball=-0.81 vball=20.66 aball=-20.1 bref=0.00 pid=100.0 pref=750.7 ppos=715.2 apid=-0.0 integ=-37.7 vision=1 current=0 vframe=2554 vs=0 vage=62 vpage=31 vdt=1 vmax=102 vacc=2532 vrej=0 seq=0 elapsed=0 oled=3C
[   7875] STATUS mode=3 fault=none enc=907 denc=1 sreq=100 sapplied=100 crate=100 uimp=51735 upos=2335 uneg=2435 ball=-0.81 vball=20.66 aball=-20.1 bref=0.00 pid=100.0 pref=750.7 ppos=717.2 apid=-0.0 integ=-37.7 vision=1 current=0 vframe=2555 vs=0 vage=82 vpage=17 vdt=1 vmax=102 vacc=2532 vrej=0 seq=0 elapsed=0 oled=3C
[   7891] STATUS mode=3 fault=none enc=909 denc=0 sreq=100 sapplied=100 crate=100 uimp=53735 upos=2355 uneg=2435 ball=-0.81 vball=20.66 aball=-20.1 bref=0.00 pid=100.0 pref=750.7 ppos=719.2 apid=-0.0 integ=-37.7 vision=1 current=0 vframe=2556 vs=0 vage=102 vpage=4 vdt=1 vmax=102 vacc=2532 vrej=0 seq=0 elapsed=0 oled=3C
[   7921] STATUS mode=3 fault=none enc=914 denc=0 sreq=95 sapplied=95 crate=95 uimp=57735 upos=2395 uneg=2435 ball=0.28 vball=17.43 aball=-22.5 bref=0.00 pid=95.0 pref=732.7 ppos=723.2 apid=-0.0 integ=-37.7 vision=1 current=1 vframe=2557 vs=1 vage=9 vpage=9 vdt=133 vmax=133 vacc=2533 vrej=0 seq=0 elapsed=0 oled=3C
[   7952] STATUS mode=3 fault=none enc=917 denc=1 sreq=77 sapplied=77 crate=77 uimp=59495 upos=2415 uneg=2435 ball=0.28 vball=17.43 aball=-22.5 bref=0.00 pid=77.4 pref=732.7 ppos=724.9 apid=-0.0 integ=-37.7 vision=1 current=1 vframe=2557 vs=1 vage=29 vpage=29 vdt=133 vmax=133 vacc=2533 vrej=0 seq=0 elapsed=0 oled=3C
[   7984] STATUS mode=3 fault=none enc=918 denc=0 sreq=63 sapplied=63 crate=63 uimp=60930 upos=2435 uneg=2435 ball=0.28 vball=17.43 aball=-22.5 bref=0.00 pid=63.1 pref=732.7 ppos=726.4 apid=-0.0 integ=-37.7 vision=1 current=0 vframe=2558 vs=0 vage=49 vpage=17 vdt=133 vmax=133 vacc=2533 vrej=0 seq=0 elapsed=0 oled=3C
[   8000] STATUS mode=3 fault=none enc=920 denc=0 sreq=42 sapplied=42 crate=42 uimp=63050 upos=2475 uneg=2435 ball=0.28 vball=17.43 aball=-22.5 bref=0.00 pid=41.9 pref=732.7 ppos=728.5 apid=-0.0 integ=-37.7 vision=1 current=0 vframe=2559 vs=0 vage=89 vpage=24 vdt=133 vmax=133 vacc=2533 vrej=0 seq=0 elapsed=0 oled=3C
[   8030] STATUS mode=3 fault=none enc=922 denc=1 sreq=34 sapplied=34 crate=34 uimp=63830 upos=2495 uneg=2435 ball=0.28 vball=17.43 aball=-22.5 bref=0.00 pid=34.1 pref=732.7 ppos=729.3 apid=-0.0 integ=-37.7 vision=1 current=0 vframe=2560 vs=0 vage=109 vpage=10 vdt=133 vmax=133 vacc=2533 vrej=0 seq=0 elapsed=0 oled=3C
[   8062] STATUS mode=3 fault=none enc=922 denc=1 sreq=28 sapplied=28 crate=28 uimp=64460 upos=2515 uneg=2435 ball=0.28 vball=17.43 aball=-22.5 bref=0.00 pid=27.8 pref=732.7 ppos=729.9 apid=-0.0 integ=-37.7 vision=1 current=0 vframe=2560 vs=0 vage=129 vpage=30 vdt=133 vmax=133 vacc=2533 vrej=0 seq=0 elapsed=0 oled=3C
[   8077] STATUS mode=3 fault=none enc=923 denc=0 sreq=0 sapplied=0 crate=0 uimp=65090 upos=2540 uneg=2435 ball=0.28 vball=17.43 aball=-22.5 bref=0.00 pid=22.6 pref=730.5 ppos=730.5 apid=-0.0 integ=-37.7 vision=1 current=0 vframe=2562 vs=0 vage=169 vpage=3 vdt=133 vmax=133 vacc=2533 vrej=0 seq=0 elapsed=0 oled=3C
[   8109] STATUS mode=3 fault=none enc=923 denc=0 sreq=0 sapplied=0 crate=0 uimp=65090 upos=2540 uneg=2435 ball=0.28 vball=17.43 aball=-22.5 bref=0.00 pid=22.6 pref=730.5 ppos=730.5 apid=-0.0 integ=-37.7 vision=1 current=0 vframe=2562 vs=0 vage=189 vpage=23 vdt=133 vmax=133 vacc=2533 vrej=0 seq=0 elapsed=0 oled=3C
[   8141] STATUS mode=3 fault=none enc=923 denc=0 sreq=-100 sapplied=-100 crate=-100 uimp=65090 upos=2540 uneg=2435 ball=-0.17 vball=8.32 aball=-32.9 bref=0.00 pid=-100.0 pref=677.5 ppos=730.5 apid=-0.0 integ=-0.0 vision=1 current=1 vframe=2563 vs=1 vage=9 vpage=9 vdt=200 vmax=200 vacc=2534 vrej=0 seq=0 elapsed=0 oled=3C
[   8171] STATUS mode=3 fault=none enc=920 denc=0 sreq=-100 sapplied=-100 crate=-100 uimp=61090 upos=2540 uneg=2475 ball=-0.17 vball=8.32 aball=-32.9 bref=0.00 pid=-100.0 pref=677.5 ppos=726.5 apid=-0.0 integ=-0.0 vision=1 current=0 vframe=2564 vs=0 vage=49 vpage=15 vdt=200 vmax=200 vacc=2534 vrej=0 seq=0 elapsed=0 oled=3C
[   8187] STATUS mode=3 fault=none enc=919 denc=1 sreq=-100 sapplied=-100 crate=-100 uimp=59090 upos=2540 uneg=2495 ball=-0.17 vball=8.32 aball=-32.9 bref=0.00 pid=-100.0 pref=677.5 ppos=724.5 apid=-0.0 integ=-0.0 vision=1 current=0 vframe=2565 vs=0 vage=69 vpage=3 vdt=200 vmax=200 vacc=2534 vrej=0 seq=0 elapsed=0 oled=3C
[   8218] STATUS mode=3 fault=none enc=913 denc=0 sreq=-100 sapplied=-100 crate=-100 uimp=55090 upos=2540 uneg=2535 ball=-0.17 vball=8.32 aball=-32.9 bref=0.00 pid=-100.0 pref=677.5 ppos=720.5 apid=-0.0 integ=-0.0 vision=1 current=0 vframe=2566 vs=0 vage=109 vpage=9 vdt=200 vmax=200 vacc=2534 vrej=0 seq=0 elapsed=0 oled=3C
[   8250] STATUS mode=3 fault=none enc=911 denc=0 sreq=-100 sapplied=-100 crate=-100 uimp=53090 upos=2540 uneg=2555 ball=-0.17 vball=8.32 aball=-32.9 bref=0.00 pid=-100.0 pref=677.5 ppos=718.5 apid=-0.0 integ=-0.0 vision=1 current=0 vframe=2566 vs=0 vage=129 vpage=29 vdt=200 vmax=200 vacc=2534 vrej=0 seq=0 elapsed=0 oled=3C
[   8280] STATUS mode=3 fault=none enc=908 denc=0 sreq=-100 sapplied=-100 crate=-100 uimp=51090 upos=2540 uneg=2575 ball=-3.74 vball=-12.09 aball=-86.6 bref=0.00 pid=-100.0 pref=550.7 ppos=716.5 apid=-0.0 integ=-0.0 vision=1 current=1 vframe=2567 vs=1 vage=15 vpage=15 vdt=134 vmax=200 vacc=2535 vrej=0 seq=0 elapsed=0 oled=3C
[   8296] STATUS mode=3 fault=none enc=903 denc=0 sreq=-100 sapplied=-100 crate=-100 uimp=47090 upos=2540 uneg=2615 ball=-3.74 vball=-12.09 aball=-86.6 bref=0.00 pid=-100.0 pref=550.7 ppos=712.5 apid=-0.0 integ=-0.0 vision=1 current=0 vframe=2568 vs=0 vage=55 vpage=23 vdt=134 vmax=200 vacc=2535 vrej=0 seq=0 elapsed=0 oled=3C
[   8327] STATUS mode=3 fault=none enc=900 denc=0 sreq=-100 sapplied=-100 crate=-100 uimp=45090 upos=2540 uneg=2635 ball=-5.76 vball=-19.93 aball=-86.6 bref=0.00 pid=-100.0 pref=501.3 ppos=710.5 apid=-0.0 integ=-0.0 vision=1 current=1 vframe=2569 vs=1 vage=8 vpage=8 vdt=67 vmax=200 vacc=2536 vrej=0 seq=0 elapsed=0 oled=3C
[   8359] STATUS mode=3 fault=none enc=898 denc=0 sreq=-100 sapplied=-100 crate=-100 uimp=43090 upos=2540 uneg=2655 ball=-5.76 vball=-19.93 aball=-86.6 bref=0.00 pid=-100.0 pref=501.3 ppos=708.5 apid=-0.0 integ=-0.0 vision=1 current=1 vframe=2569 vs=1 vage=28 vpage=28 vdt=67 vmax=200 vacc=2536 vrej=0 seq=0 elapsed=0 oled=3C
[   8391] STATUS mode=3 fault=none enc=893 denc=1 sreq=-100 sapplied=-100 crate=-100 uimp=39090 upos=2540 uneg=2695 ball=-5.76 vball=-19.93 aball=-86.6 bref=0.00 pid=-100.0 pref=501.3 ppos=704.5 apid=-0.0 integ=-0.0 vision=1 current=0 vframe=2571 vs=0 vage=68 vpage=3 vdt=67 vmax=200 vacc=2536 vrej=0 seq=0 elapsed=0 oled=3C
[   8405] STATUS mode=3 fault=none enc=890 denc=0 sreq=-100 sapplied=-100 crate=-100 uimp=37090 upos=2540 uneg=2715 ball=-5.76 vball=-19.93 aball=-86.6 bref=0.00 pid=-100.0 pref=501.3 ppos=702.5 apid=-0.0 integ=-0.0 vision=1 current=0 vframe=2571 vs=0 vage=88 vpage=23 vdt=67 vmax=200 vacc=2536 vrej=0 seq=0 elapsed=0 oled=3C
[   8437] STATUS mode=3 fault=none enc=885 denc=0 sreq=-100 sapplied=-100 crate=-100 uimp=33090 upos=2540 uneg=2755 ball=-5.76 vball=-19.93 aball=-86.6 bref=0.00 pid=-100.0 pref=501.3 ppos=698.5 apid=-0.0 integ=-0.0 vision=1 current=0 vframe=2572 vs=0 vage=128 vpage=29 vdt=67 vmax=200 vacc=2536 vrej=0 seq=0 elapsed=0 oled=3C
[   8468] STATUS mode=3 fault=none enc=882 denc=0 sreq=-100 sapplied=-100 crate=-100 uimp=31090 upos=2540 uneg=2775 ball=-7.56 vball=-20.66 aball=-66.9 bref=0.00 pid=-100.0 pref=494.7 ppos=696.5 apid=-0.0 integ=-0.0 vision=1 current=1 vframe=2573 vs=1 vage=15 vpage=15 vdt=133 vmax=200 vacc=2537 vrej=0 seq=0 elapsed=0 oled=3C
[   8500] STATUS mode=3 fault=none enc=880 denc=0 sreq=-100 sapplied=-100 crate=-100 uimp=29090 upos=2540 uneg=2795 ball=-11.08 vball=-45.81 aball=-66.9 bref=0.00 pid=-100.0 pref=494.7 ppos=694.5 apid=-0.0 integ=-0.0 vision=1 current=1 vframe=2574 vs=1 vage=1 vpage=1 vdt=34 vmax=200 vacc=2538 vrej=0 seq=0 elapsed=0 oled=3C
[   8516] STATUS mode=3 fault=none enc=875 denc=0 sreq=-100 sapplied=-100 crate=-100 uimp=25090 upos=2540 uneg=2835 ball=-12.78 vball=-47.43 aball=-66.9 bref=0.00 pid=-100.0 pref=327.8 ppos=690.5 apid=-0.0 integ=-0.0 vision=1 current=1 vframe=2575 vs=1 vage=8 vpage=8 vdt=33 vmax=200 vacc=2539 vrej=0 seq=0 elapsed=0 oled=3C
[   8546] STATUS mode=3 fault=none enc=873 denc=1 sreq=-100 sapplied=-100 crate=-100 uimp=23090 upos=2540 uneg=2855 ball=-12.78 vball=-47.43 aball=-66.9 bref=0.00 pid=-100.0 pref=327.8 ppos=688.5 apid=-0.0 integ=-0.0 vision=1 current=1 vframe=2575 vs=1 vage=28 vpage=28 vdt=33 vmax=200 vacc=2539 vrej=0 seq=0 elapsed=0 oled=3C
[   8577] STATUS mode=3 fault=none enc=870 denc=0 sreq=-100 sapplied=-100 crate=-100 uimp=21090 upos=2540 uneg=2875 ball=-13.96 vball=-43.79 aball=-140.9 bref=0.00 pid=-100.0 pref=348.3 ppos=686.5 apid=-0.0 integ=-0.0 vision=1 current=1 vframe=2576 vs=1 vage=15 vpage=15 vdt=33 vmax=200 vacc=2540 vrej=0 seq=0 elapsed=0 oled=3C
[   8609] STATUS mode=3 fault=none enc=865 denc=0 sreq=-100 sapplied=-100 crate=-100 uimp=17090 upos=2540 uneg=2915 ball=-15.02 vball=-40.30 aball=-140.9 bref=0.00 pid=-100.0 pref=367.9 ppos=682.5 apid=-0.0 integ=-0.0 vision=1 current=1 vframe=2577 vs=1 vage=17 vpage=17 vdt=38 vmax=200 vacc=2541 vrej=0 seq=0 elapsed=0 oled=3C
[   8641] STATUS mode=3 fault=none enc=862 denc=0 sreq=-100 sapplied=-100 crate=-100 uimp=15090 upos=2540 uneg=2935 ball=-16.09 vball=-37.62 aball=-140.9 bref=0.00 pid=-100.0 pref=382.7 ppos=680.5 apid=-0.0 integ=-0.0 vision=1 current=1 vframe=2578 vs=1 vage=8 vpage=8 vdt=29 vmax=200 vacc=2542 vrej=0 seq=0 elapsed=0 oled=3C
[   8655] STATUS mode=3 fault=none enc=857 denc=0 sreq=-100 sapplied=-100 crate=-100 uimp=11090 upos=2540 uneg=2975 ball=-17.13 vball=-35.66 aball=-40.9 bref=0.00 pid=-100.0 pref=393.2 ppos=676.5 apid=-0.0 integ=-0.0 vision=1 current=1 vframe=2579 vs=1 vage=15 vpage=15 vdt=33 vmax=200 vacc=2543 vrej=0 seq=0 elapsed=0 oled=3C
[   8687] STATUS mode=3 fault=none enc=854 denc=0 sreq=-100 sapplied=-100 crate=-100 uimp=9090 upos=2540 uneg=2995 ball=-17.90 vball=-31.95 aball=-40.9 bref=0.00 pid=-100.0 pref=393.2 ppos=674.5 apid=-0.0 integ=-0.0 vision=1 current=1 vframe=2580 vs=1 vage=1 vpage=1 vdt=34 vmax=200 vacc=2544 vrej=0 seq=0 elapsed=0 oled=3C
[   8718] STATUS mode=3 fault=none enc=851 denc=0 sreq=-100 sapplied=-100 crate=-100 uimp=7090 upos=2540 uneg=3015 ball=-17.90 vball=-31.95 aball=-40.9 bref=0.00 pid=-100.0 pref=414.6 ppos=672.5 apid=-0.0 integ=-0.0 vision=1 current=1 vframe=2580 vs=1 vage=21 vpage=21 vdt=34 vmax=200 vacc=2544 vrej=0 seq=0 elapsed=0 oled=3C
[   8750] STATUS mode=3 fault=none enc=846 denc=0 sreq=-100 sapplied=-100 crate=-100 uimp=3090 upos=2540 uneg=3055 ball=-18.84 vball=-30.83 aball=-40.9 bref=0.00 pid=-100.0 pref=420.2 ppos=668.5 apid=-0.0 integ=-0.0 vision=1 current=1 vframe=2581 vs=1 vage=28 vpage=28 vdt=33 vmax=200 vacc=2545 vrej=0 seq=0 elapsed=0 oled=3C
[   8766] STATUS mode=3 fault=none enc=843 denc=0 sreq=-100 sapplied=-100 crate=-100 uimp=1090 upos=2540 uneg=3075 ball=-19.69 vball=-29.16 aball=6.8 bref=0.00 pid=-100.0 pref=429.2 ppos=666.5 apid=0.0 integ=-0.0 vision=1 current=1 vframe=2582 vs=1 vage=15 vpage=15 vdt=33 vmax=200 vacc=2546 vrej=0 seq=0 elapsed=0 oled=3C
[   8796] STATUS mode=3 fault=none enc=841 denc=0 sreq=-100 sapplied=-100 crate=-100 uimp=-910 upos=2540 uneg=3095 ball=-20.67 vball=-29.35 aball=6.8 bref=0.00 pid=-100.0 pref=426.8 ppos=664.5 apid=0.0 integ=-0.0 vision=1 current=1 vframe=2583 vs=1 vage=2 vpage=2 vdt=33 vmax=200 vacc=2547 vrej=0 seq=0 elapsed=0 oled=3C
[   8827] STATUS mode=3 fault=none enc=836 denc=0 sreq=-100 sapplied=-100 crate=-100 uimp=-4910 upos=2540 uneg=3135 ball=-21.36 vball=-26.88 aball=6.8 bref=0.00 pid=-100.0 pref=440.8 ppos=660.5 apid=0.0 integ=-0.0 vision=1 current=1 vframe=2584 vs=1 vage=9 vpage=9 vdt=33 vmax=200 vacc=2548 vrej=0 seq=0 elapsed=0 oled=3C
[   8859] STATUS mode=3 fault=none enc=834 denc=1 sreq=-100 sapplied=-100 crate=-100 uimp=-6910 upos=2540 uneg=3155 ball=-21.36 vball=-26.88 aball=6.8 bref=0.00 pid=-100.0 pref=440.8 ppos=658.5 apid=0.0 integ=-0.0 vision=1 current=1 vframe=2584 vs=1 vage=29 vpage=29 vdt=33 vmax=200 vacc=2548 vrej=0 seq=0 elapsed=0 oled=3C
[   8875] STATUS mode=3 fault=none enc=828 denc=0 sreq=-100 sapplied=-100 crate=-100 uimp=-10910 upos=2540 uneg=3195 ball=-23.28 vball=-28.08 aball=13.4 bref=0.00 pid=-100.0 pref=4318 ppos=656.5 apid=0.0 integ=-0.0 vision=1 current=1 vframe=2585 vs=1 vage=16 vpage=16 vdt=33 vmax=200 vacc=2549 vrej=0 seq=0 elapsed=0 oled=3C
[   8905] STATUS mode=3 fault=none enc=826 denc=0 sreq=-100 sapplied=-100 crate=-100 uimp=-12910 upos=2540 uneg=3215 ball=-23.28 vball=-28.08 aball=13.4 bref=0.00 pid=-100.0 pref=431.3 ppos=652.5 apid=0.0 integ=-0.0 vision=1 current=1 vframe=2586 vs=1 vage=23 vpage=23 vdt=33 vmax=200 vacc=2550 vrej=0 seq=0 elapsed=0 oled=3C
[   8937] STATUS mode=3 fault=none enc=823 denc=0 sreq=-100 sapplied=-100 crate=-100 uimp=-14910 upos=2540 uneg=3235 ball=-23.95 vball=-25.66 aball=13.4 bref=0.00 pid=-100.0 pref=445.0 ppos=650.5 apid=0.0 integ=-0.0 vision=1 current=1 vframe=2587 vs=1 vage=9 vpage=9 vdt=34 vmax=200 vacc=2551 vrej=0 seq=0 elapsed=0 oled=3C
[   8968] STATUS mode=3 fault=none enc=817 denc=0 sreq=-100 sapplied=-100 crate=-100 uimp=-18910 upos=2540 uneg=3275 ball=-24.41 vball=-22.23 aball=29.0 bref=0.00 pid=-100.0 pref=465.1 ppos=646.5 apid=0.0 integ=-0.0 vision=1 current=1 vframe=2588 vs=1 vage=16 vpage=16 vdt=33 vmax=200 vacc=2552 vrej=0 seq=0 elapsed=0 oled=3C
[   8984] STATUS mode=3 fault=none enc=816 denc=1 sreq=-100 sapplied=-100 crate=-100 uimp=-20910 upos=2540 uneg=3295 ball=-24.82 vball=-19.40 aball=29.0 bref=0.00 pid=-100.0 pref=481.6 ppos=644.5 apid=0.0 integ=-0.0 vision=1 current=1 vframe=2589 vs=1 vage=3 vpage=3 vdt=33 vmax=200 vacc=2553 vrej=0 seq=0 elapsed=0 oled=3C
[   9016] STATUS mode=3 fault=none enc=813 denc=1 sreq=-100 sapplied=-100 crate=-100 uimp=-22910 upos=2540 uneg=3315 ball=-24.82 vball=-19.40 aball=29.0 bref=0.00 pid=-100.0 pref=481.6 ppos=642.5 apid=0.0 integ=-0.0 vision=1 current=1 vframe=2589 vs=1 vage=23 vpage=23 vdt=33 vmax=200 vacc=2553 vrej=0 seq=0 elapsed=0 oled=3C
[   9046] STATUS mode=3 fault=none enc=808 denc=1 sreq=-100 sapplied=-100 crate=-100 uimp=-26910 upos=2540 uneg=3355 ball=-25.04 vball=-15.62 aball=29.0 bref=0.00 pid=-100.0 pref=504.0 ppos=638.5 apid=0.0 integ=-0.0 vision=1 current=1 vframe=2590 vs=1 vage=29 vpage=29 vdt=34 vmax=200 vacc=2554 vrej=0 seq=0 elapsed=0 oled=3C
[   9077] STATUS mode=3 fault=none enc=805 denc=0 sreq=-100 sapplied=-100 crate=-100 uimp=-28910 upos=2540 uneg=3375 ball=-25.74 vball=-17.23 aball=38.0 bref=0.00 pid=-100.0 pref=493.5 ppos=636.5 apid=0.0 integ=-0.0 vision=1 current=1 vframe=2591 vs=1 vage=14 vpage=14 vdt=35 vmax=200 vacc=2555 vrej=0 seq=0 elapsed=0 oled=3C
[   9093] STATUS mode=3 fault=none enc=800 denc=0 sreq=-100 sapplied=-100 crate=-100 uimp=-32910 upos=2540 uneg=3415 ball=-26.21 vball=-16.24 aball=38.0 bref=0.00 pid=-100.0 pref=498.9 ppos=634.5 apid=0.0 integ=-0.0 vision=1 current=1 vframe=2592 vs=1 vage=2 vpage=2 vdt=32 vmax=200 vacc=2556 vrej=0 seq=0 elapsed=0 oled=3C
[   9125] STATUS mode=3 fault=none enc=797 denc=0 sreq=-100 sapplied=-100 crate=-100 uimp=-34910 upos=2540 uneg=3435 ball=-26.36 vball=-12.66 aball=38.0 bref=0.00 pid=-100.0 pref=520.2 ppos=630.5 apid=0.0 integ=-0.0 vision=1 current=1 vframe=2593 vs=1 vage=9 vpage=9 vdt=33 vmax=200 vacc=2557 vrej=0 seq=0 elapsed=0 oled=3C
[   9155] STATUS mode=3 fault=none enc=795 denc=0 sreq=-100 sapplied=-100 crate=-100 uimp=-36910 upos=2540 uneg=3455 ball=-26.36 vball=-12.66 aball=38.0 bref=0.00 pid=-100.0 pref=520.2 ppos=628.5 apid=0.0 integ=-0.0 vision=1 current=1 vframe=2593 vs=1 vage=29 vpage=29 vdt=33 vmax=200 vacc=2557 vrej=0 seq=0 elapsed=0 oled=3C
[   9187] STATUS mode=3 fault=none enc=790 denc=0 sreq=-100 sapplied=-100 crate=-100 uimp=-40910 upos=2540 uneg=3495 ball=-27.04 vball=-12.26 aball=58.1 bref=0.00 pid=-100.0 pref=521.7 ppos=624.5 apid=0.0 integ=-0.0 vision=1 current=1 vframe=2595 vs=1 vage=2 vpage=2 vdt=34 vmax=200 vacc=2559 vrej=0 seq=0 elapsed=0 oled=3C
[   9202] STATUS mode=3 fault=none enc=787 denc=0 sreq=-100 sapplied=-100 crate=-100 uimp=-42910 upos=2540 uneg=3515 ball=-27.04 vball=-12.26 aball=58.1 bref=0.00 pid=-100.0 pref=521.7 ppos=622.5 apid=0.0 integ=-0.0 vision=1 current=1 vframe=2595 vs=1 vage=22 vpage=22 vdt=34 vmax=200 vacc=2559 vrej=0 seq=0 elapsed=0 oled=3C
[   9234] STATUS mode=3 fault=none enc=785 denc=1 sreq=-100 sapplied=-100 crate=-100 uimp=-44910 upos=2540 uneg=3535 ball=-27.23 vball=-10.21 aball=58.1 bref=0.00 pid=-100.0 pref=533.8 ppos=620.5 apid=0.0 integ=-0.0 vision=1 current=1 vframe=2596 vs=1 vage=9 vpage=9 vdt=33 vmax=200 vacc=2560 vrej=0 seq=0 elapsed=0 oled=3C
[   9266] STATUS mode=3 fault=none enc=779 denc=0 sreq=-100 sapplied=-100 crate=-100 uimp=-48910 upos=2540 uneg=3575 ball=-27.27 vball=-7.61 aball=38.8 bref=0.00 pid=-100.0 pref=549.4 ppos=616.5 apid=0.0 integ=-0.0 vision=1 current=1 vframe=2597 vs=1 vage=16 vpage=16 vdt=33 vmax=200 vacc=2561 vrej=0 seq=0 elapsed=0 oled=3C
[   9296] STATUS mode=3 fault=none enc=777 denc=1 sreq=-100 sapplied=-100 crate=-100 uimp=-50910 upos=2540 uneg=3595 ball=-27.28 vball=-5.44 aball=38.8 bref=0.00 pid=-100.0 pref=562.4 ppos=614.5 apid=0.0 integ=-0.0 vision=1 current=1 vframe=2598 vs=1 vage=3 vpage=3 vdt=33 vmax=200 vacc=2562 vrej=0 seq=0 elapsed=0 oled=3C
[   9312] STATUS mode=3 fault=none enc=775 denc=1 sreq=-100 sapplied=-100 crate=-100 uimp=-52910 upos=2540 uneg=3615 ball=-27.28 vball=-5.44 aball=38.8 bref=0.00 pid=-100.0 pref=562.4 ppos=612.5 apid=0.0 integ=-0.0 vision=1 current=1 vframe=2598 vs=1 vage=23 vpage=23 vdt=33 vmax=200 vacc=2562 vrej=0 seq=0 elapsed=0 oled=3C
[   9343] STATUS mode=3 fault=none enc=769 denc=1 sreq=-100 sapplied=-100 crate=-100 uimp=-56910 upos=2540 uneg=3655 ball=-27.26 vball=-3.64 aball=38.8 bref=0.00 pid=-100.0 pref=573.2 ppos=608.5 apid=0.0 integ=-0.0 vision=1 current=1 vframe=2599 vs=1 vage=29 vpage=29 vdt=34 vmax=200 vacc=2563 vrej=0 seq=0 elapsed=0 oled=3C
[   9375] STATUS mode=3 fault=none enc=766 denc=0 sreq=-100 sapplied=-100 crate=-100 uimp=-58910 upos=2540 uneg=3675 ball=-27.23 vball=-2.36 aball=44.3 bref=0.00 pid=-100.0 pref=580.9 ppos=606.5 apid=0.0 integ=-0.0 vision=1 current=1 vframe=2600 vs=1 vage=13 vpage=13 vdt=36 vmax=200 vacc=2564 vrej=0 seq=0 elapsed=0 oled=3C
[   9405] STATUS mode=3 fault=none enc=762 denc=0 sreq=69 sapplied=69 crate=69 uimp=-61045 upos=2545 uneg=3700 ball=-26.78 vball=2.61 aball=44.3 bref=0.00 pid=68.9 pref=611.3 ppos=604.4 apid=0.0 integ=-0.0 vision=1 current=1 vframe=2601 vs=1 vage=21 vpage=21 vdt=32 vmax=200 vacc=2565 vrej=0 seq=0 elapsed=0 oled=3C
[   9421] STATUS mode=3 fault=none enc=763 denc=0 sreq=100 sapplied=100 crate=100 uimp=-59565 upos=2565 uneg=3700 ball=-25.97 vball=8.69 aball=44.3 bref=0.00 pid=100.0 pref=648.7 ppos=605.9 apid=0.0 integ=-0.0 vision=1 current=1 vframe=2602 vs=1 vage=7 vpage=7 vdt=34 vmax=200 vacc=2566 vrej=0 seq=0 elapsed=0 oled=3C
[   9452] STATUS mode=3 fault=none enc=766 denc=0 sreq=100 sapplied=100 crate=100 uimp=-57565 upos=2585 uneg=3700 ball=-25.97 vball=8.69 aball=44.3 bref=0.00 pid=100.0 pref=648.7 ppos=607.9 apid=0.0 integ=-0.0 vision=1 current=1 vframe=2602 vs=1 vage=27 vpage=27 vdt=34 vmax=200 vacc=2566 vrej=0 seq=0 elapsed=0 oled=3C
[   9484] STATUS mode=3 fault=none enc=771 denc=0 sreq=100 sapplied=100 crate=100 uimp=-53565 upos=2625 uneg=3700 ball=-24.81 vball=13.30 aball=84.6 bref=0.00 pid=100.0 pref=677.8 ppos=611.9 apid=0.0 integ=-0.0 vision=1 current=1 vframe=2604 vs=1 vage=3 vpage=3 vdt=33 vmax=200 vacc=2568 vrej=0 seq=0 elapsed=0 oled=3C
[   9516] STATUS mode=3 fault=none enc=774 denc=0 sreq=100 sapplied=100 crate=100 uimp=-51565 upos=2645 uneg=3700 ball=-24.81 vball=13.30 aball=84.6 bref=0.00 pid=100.0 pref=677.8 ppos=613.9 apid=0.0 integ=-0.0 vision=1 current=1 vframe=2604 vs=1 vage=23 vpage=23 vdt=33 vmax=200 vacc=2568 vrej=0 seq=0 elapsed=0 oled=3C
[   9530] STATUS mode=3 fault=none enc=776 denc=0 sreq=100 sapplied=100 crate=100 uimp=-49565 upos=2665 uneg=3700 ball=-24.41 vball=12.86 aball=84.6 bref=0.00 pid=100.0 pref=675.6 ppos=615.9 apid=0.0 integ=-0.0 vision=1 current=1 vframe=2605 vs=1 vage=9 vpage=9 vdt=34 vmax=200 vacc=2569 vrej=0 seq=0 elapsed=0 oled=3C
[   9562] STATUS mode=3 fault=none enc=782 denc=1 sreq=100 sapplied=100 crate=100 uimp=-45565 upos=2705 uneg=3700 ball=-24.08 vball=11.96 aball=52.5 bref=0.00 pid=100.0 pref=670.6 ppos=619.9 apid=0.0 integ=-0.0 vision=1 current=1 vframe=2606 vs=1 vage=16 vpage=16 vdt=33 vmax=200 vacc=2570 vrej=0 seq=0 elapsed=0 oled=3C
[   9593] STATUS mode=3 fault=none enc=784 denc=0 sreq=100 sapplied=100 crate=100 uimp=-43565 upos=2725 uneg=3700 ball=-24.08 vball=11.96 aball=52.5 bref=0.00 pid=100.0 pref=670.6 ppos=621.9 apid=0.0 integ=-0.0 vision=1 current=1 vframe=2606 vs=1 vage=36 vpage=36 vdt=33 vmax=200 vacc=2570 vrej=0 seq=0 elapsed=0 oled=3C
[   9609] STATUS mode=3 fault=none enc=787 denc=0 sreq=100 sapplied=100 crate=100 uimp=-41565 upos=2745 uneg=3700 ball=-23.57 vball=12.95 aball=52.5 bref=0.00 pid=100.0 pref=677.2 ppos=623.9 apid=0.0 integ=-0.0 vision=1 current=1 vframe=2607 vs=1 vage=20 vpage=20 vdt=36 vmax=200 vacc=2571 vrej=0 seq=0 elapsed=0 oled=3C
[   9641] STATUS mode=3 fault=none enc=792 denc=0 sreq=100 sapplied=100 crate=100 uimp=-37565 upos=2785 uneg=3700 ball=-23.19 vball=12.66 aball=52.5 bref=0.00 pid=100.0 pref=675.9 ppos=627.9 apid=0.0 integ=-0.0 vision=1 current=1 vframe=2608 vs=1 vage=27 vpage=27 vdt=33 vmax=200 vacc=2572 vrej=0 seq=0 elapsed=0 oled=3C
[   9671] STATUS mode=3 fault=none enc=795 denc=1 sreq=100 sapplied=100 crate=100 uimp=-35565 upos=2805 uneg=3700 ball=-22.62 vball=13.73 aball=36.7 bref=0.00 pid=100.0 pref=683.0 ppos=629.9 apid=0.0 integ=-0.0 vision=1 current=1 vframe=2609 vs=1 vage=14 vpage=14 vdt=33 vmax=200 vacc=2573 vrej=0 seq=0 elapsed=0 oled=3C
[   9702] STATUS mode=3 fault=none enc=797 denc=1 sreq=100 sapplied=100 crate=100 uimp=-33565 upos=2825 uneg=3700 ball=-22.62 vball=13.73 aball=36.7 bref=0.00 pid=100.0 pref=683.0 ppos=631.9 apid=0.0 integ=-0.0 vision=1 current=1 vframe=2609 vs=1 vage=34 vpage=34 vdt=33 vmax=200 vacc=2573 vrej=0 seq=0 elapsed=0 oled=3C
[   9718] STATUS mode=3 fault=none enc=802 denc=0 sreq=100 sapplied=100 crate=100 uimp=-29565 upos=2865 uneg=3700 ball=-21.61 vball=15.38 aball=36.7 bref=0.00 pid=100.0 pref=694.1 ppos=635.9 apid=0.0 integ=-0.0 vision=1 current=1 vframe=2611 vs=1 vage=7 vpage=7 vdt=33 vmax=200 vacc=2575 vrej=0 seq=0 elapsed=0 oled=3C
[   9750] STATUS mode=3 fault=none enc=804 denc=0 sreq=100 sapplied=100 crate=100 uimp=-27565 upos=2885 uneg=3700 ball=-21.61 vball=15.38 aball=36.7 bref=0.00 pid=100.0 pref=694.1 ppos=637.9 apid=0.0 integ=-0.0 vision=1 current=1 vframe=2611 vs=1 vage=27 vpage=27 vdt=33 vmax=200 vacc=2575 vrej=0 seq=0 elapsed=0 oled=3C
[   9780] STATUS mode=3 fault=none enc=807 denc=0 sreq=100 sapplied=100 crate=100 uimp=-25565 upos=2905 uneg=3700 ball=-20.82 vball=17.83 aball=38.6 bref=0.00 pid=100.0 pref=709.7 ppos=639.9 apid=0.0 integ=-0.0 vision=1 current=1 vframe=2612 vs=1 vage=14 vpage=14 vdt=33 vmax=200 vacc=2576 vrej=0 seq=0 elapsed=0 oled=3C
[   9812] STATUS mode=3 fault=none enc=812 denc=0 sreq=100 sapplied=100 crate=100 uimp=-21565 upos=2945 uneg=3700 ball=-20.35 vball=16.76 aball=38.6 bref=0.00 pid=100.0 pref=703.9 ppos=643.9 apid=0.0 integ=-0.0 vision=1 current=1 vframe=2613 vs=1 vage=22 vpage=22 vdt=32 vmax=200 vacc=2577 vrej=0 seq=0 elapsed=0 oled=3C
[   9827] STATUS mode=3 fault=none enc=815 denc=0 sreq=100 sapplied=100 crate=100 uimp=-19565 upos=2965 uneg=3700 ball=-19.87 vball=16.03 aball=38.6 bref=0.00 pid=100.0 pref=700.1 ppos=645.9 apid=0.0 integ=-0.0 vision=1 current=1 vframe=2614 vs=1 vage=9 vpage=9 vdt=33 vmax=200 vacc=2578 vrej=0 seq=0 elapsed=0 oled=3C
[   9859] STATUS mode=3 fault=none enc=820 denc=1 sreq=100 sapplied=100 crate=100 uimp=-15565 upos=3005 uneg=3700 ball=-19.34 vball=15.98 aball=12.8 bref=0.00 pid=100.0 pref=700.4 ppos=649.9 apid=0.0 integ=-0.0 vision=1 current=1 vframe=2615 vs=1 vage=16 vpage=16 vdt=33 vmax=200 vacc=2579 vrej=0 seq=0 elapsed=0 oled=3C
[   9891] STATUS mode=3 fault=none enc=823 denc=1 sreq=100 sapplied=100 crate=100 uimp=-13565 upos=3025 uneg=3700 ball=-18.68 vball=17.08 aball=12.8 bref=0.00 pid=100.0 pref=707.8 ppos=651.9 apid=0.0 integ=-0.0 vision=1 current=1 vframe=2616 vs=1 vage=2 vpage=2 vdt=34 vmax=200 vacc=2580 vrej=0 seq=0 elapsed=0 oled=3C
[   9921] STATUS mode=3 fault=none enc=825 denc=0 sreq=100 sapplied=100 crate=100 uimp=-11565 upos=3045 uneg=3700 ball=-18.68 vball=17.08 aball=12.8 bref=0.00 pid=100.0 pref=707.8 ppos=653.9 apid=0.0 integ=-0.0 vision=1 current=1 vframe=2616 vs=1 vage=22 vpage=22 vdt=34 vmax=200 vacc=2580 vrej=0 seq=0 elapsed=0 oled=3C
[   9937] STATUS mode=3 fault=none enc=830 denc=0 sreq=100 sapplied=100 crate=100 uimp=-7565 upos=3085 uneg=3700 ball=-18.03 vball=17.81 aball=12.8 bref=0.00 pid=100.0 pref=713.0 ppos=657.9 apid=0.0 integ=-0.0 vision=1 current=1 vframe=2617 vs=1 vage=29 vpage=29 vdt=33 vmax=200 vacc=2581 vrej=0 seq=0 elapsed=0 oled=3C
[   9968] STATUS mode=3 fault=none enc=833 denc=0 sreq=100 sapplied=100 crate=100 uimp=-5565 upos=3105 uneg=3700 ball=-17.37 vball=18.24 aball=17.2 bref=0.00 pid=100.0 pref=716.3 ppos=659.9 apid=0.0 integ=-0.0 vision=1 current=1 vframe=2618 vs=1 vage=16 vpage=16 vdt=33 vmax=200 vacc=2582 vrej=0 seq=0 elapsed=0 oled=3C
[  10000] STATUS mode=3 fault=none enc=836 denc=0 sreq=100 sapplied=100 crate=100 uimp=-3565 upos=3125 uneg=3700 ball=-16.50 vball=20.57 aball=17.2 bref=0.00 pid=100.0 pref=731.4 ppos=661.9 apid=0.0 integ=-0.0 vision=1 current=1 vframe=2619 vs=1 vage=2 vpage=2 vdt=34 vmax=200 vacc=2583 vrej=0 seq=0 elapsed=0 oled=3C
[  10016] STATUS mode=3 fault=none enc=840 denc=0 sreq=100 sapplied=100 crate=100 uimp=435 upos=3165 uneg=3700 ball=-15.96 vball=19.18 aball=17.2 bref=0.00 pid=100.0 pref=723.7 ppos=665.9 apid=0.0 integ=-0.0 vision=1 current=1 vframe=2620 vs=1 vage=9 vpage=9 vdt=33 vmax=200 vacc=2584 vrej=0 seq=0 elapsed=0 oled=3C
[  10046] STATUS mode=3 fault=none enc=843 denc=1 sreq=100 sapplied=100 crate=100 uimp=2435 upos=3185 uneg=3700 ball=-15.96 vball=19.18 aball=17.2 bref=0.00 pid=100.0 pref=723.7 ppos=667.9 apid=0.0 integ=-0.0 vision=1 current=1 vframe=2620 vs=1 vage=29 vpage=29 vdt=33 vmax=200 vacc=2584 vrej=0 seq=0 elapsed=0 oled=3C
[  10077] STATUS mode=3 fault=none enc=845 denc=0 sreq=100 sapplied=100 crate=100 uimp=4435 upos=3205 uneg=3700 ball=-15.22 vball=20.01 aball=17.4 bref=0.00 pid=100.0 pref=729.5 ppos=669.9 apid=0.0 integ=-0.0 vision=1 current=1 vframe=2621 vs=1 vage=16 vpage=16 vdt=33 vmax=200 vacc=2585 vrej=0 seq=0 elapsed=0 oled=3C
[  10109] STATUS mode=3 fault=none enc=851 denc=0 sreq=100 sapplied=100 crate=100 uimp=8435 upos=3245 uneg=3700 ball=-14.42 vball=21.39 aball=17.4 bref=0.00 pid=100.0 pref=738.8 ppos=673.9 apid=0.0 integ=-0.0 vision=1 current=1 vframe=2622 vs=1 vage=19 vpage=19 vdt=37 vmax=200 vacc=2586 vrej=0 seq=0 elapsed=0 oled=3C
[  10125] STATUS mode=3 fault=none enc=854 denc=0 sreq=100 sapplied=100 crate=100 uimp=10435 upos=3265 uneg=3700 ball=-13.52 vball=22.91 aball=17.4 bref=0.00 pid=100.0 pref=749.0 ppos=675.9 apid=0.0 integ=-0.0 vision=1 current=1 vframe=2623 vs=1 vage=6 vpage=6 vdt=33 vmax=200 vacc=2587 vrej=0 seq=0 elapsed=0 oled=3C
[  10155] STATUS mode=3 fault=none enc=856 denc=0 sreq=100 sapplied=100 crate=100 uimp=12435 upos=3285 uneg=3700 ball=-13.52 vball=22.91 aball=17.4 bref=0.00 pid=100.0 pref=749.0 ppos=677.9 apid=0.0 integ=-0.0 vision=1 current=1 vframe=2623 vs=1 vage=26 vpage=26 vdt=33 vmax=200 vacc=2587 vrej=0 seq=0 elapsed=0 oled=3C
[  10187] STATUS mode=3 fault=none enc=862 denc=1 sreq=100 sapplied=100 crate=100 uimp=16435 upos=3325 uneg=3700 ball=-12.93 vball=21.29 aball=15.2 bref=0.00 pid=100.0 pref=740.0 ppos=681.9 apid=0.0 integ=-0.0 vision=1 current=1 vframe=2624 vs=1 vage=33 vpage=33 vdt=33 vmax=200 vacc=2588 vrej=0 seq=0 elapsed=0 oled=3C
[  10202] STATUS mode=3 fault=none enc=864 denc=0 sreq=100 sapplied=100 crate=100 uimp=18435 upos=3345 uneg=3700 ball=-12.66 vball=17.37 aball=15.2 bref=0.00 pid=100.0 pref=716.8 ppos=683.9 apid=0.0 integ=-0.0 vision=1 current=1 vframe=2625 vs=1 vage=20 vpage=20 vdt=33 vmax=200 vacc=2589 vrej=0 seq=0 elapsed=0 oled=3C
[  10234] STATUS mode=3 fault=none enc=867 denc=0 sreq=100 sapplied=100 crate=100 uimp=20435 upos=3365 uneg=3700 ball=-12.15 vball=16.89 aball=15.2 bref=0.00 pid=100.0 pref=714.5 ppos=685.9 apid=0.0 integ=-0.0 vision=1 current=1 vframe=2626 vs=1 vage=7 vpage=7 vdt=33 vmax=200 vacc=2590 vrej=0 seq=0 elapsed=0 oled=3C
[  10266] STATUS mode=3 fault=none enc=872 denc=0 sreq=100 sapplied=100 crate=100 uimp=24435 upos=3405 uneg=3700 ball=-11.68 vball=16.42 aball=-13.6 bref=0.00 pid=100.0 pref=712.3 ppos=689.9 apid=-0.0 integ=-0.0 vision=1 current=1 vframe=2627 vs=1 vage=13 vpage=13 vdt=34 vmax=200 vacc=2591 vrej=0 seq=0 elapsed=0 oled=3C
[  10296] STATUS mode=3 fault=none enc=875 denc=0 sreq=100 sapplied=100 crate=100 uimp=26435 upos=3425 uneg=3700 ball=-11.68 vball=16.42 aball=-13.6 bref=0.00 pid=100.0 pref=712.3 ppos=691.9 apid=-0.0 integ=-0.0 vision=1 current=1 vframe=2627 vs=1 vage=33 vpage=33 vdt=34 vmax=200 vacc=2591 vrej=0 seq=0 elapsed=0 oled=3C
[  10312] STATUS mode=3 fault=none enc=877 denc=-1 sreq=100 sapplied=100 crate=100 uimp=28435 upos=3445 uneg=3700 ball=-11.26 vball=15.63 aball=-13.6 bref=0.00 pid=100.0 pref=708.0 ppos=693.9 apid=-0.0 integ=-0.0 vision=1 current=1 vframe=2628 vs=1 vage=19 vpage=19 vdt=34 vmax=200 vacc=2592 vrej=0 seq=0 elapsed=0 oled=3C
[  10343] STATUS mode=3 fault=none enc=882 denc=0 sreq=100 sapplied=100 crate=100 uimp=32435 upos=3485 uneg=3700 ball=-11.26 vball=15.63 aball=-13.6 bref=0.00 pid=100.0 pref=708.0 ppos=697.9 apid=-0.0 integ=-0.0 vision=1 current=0 vframe=2629 vs=0 vage=59 vpage=27 vdt=34 vmax=200 vacc=2592 vrej=0 seq=0 elapsed=0 oled=3C
[  10375] STATUS mode=3 fault=none enc=884 denc=0 sreq=83 sapplied=83 crate=83 uimp=34315 upos=3505 uneg=3700 ball=-11.26 vball=15.63 aball=-13.6 bref=0.00 pid=82.7 pref=708.0 ppos=699.7 apid=-0.0 integ=-0.0 vision=1 current=0 vframe=2630 vs=0 vage=79 vpage=18 vdt=34 vmax=200 vacc=2592 vrej=0 seq=0 elapsed=0 oled=3C
[  10405] STATUS mode=3 fault=none enc=888 denc=1 sreq=55 sapplied=55 crate=55 uimp=37105 upos=3545 uneg=3700 ball=-11.26 vball=15.63 aball=-13.6 bref=0.00 pid=54.8 pref=708.0 ppos=702.5 apid=-0.0 integ=-0.0 vision=1 current=0 vframe=2631 vs=0 vage=119 vpage=24 vdt=34 vmax=200 vacc=2592 vrej=0 seq=0 elapsed=0 oled=3C
[  10421] STATUS mode=3 fault=none enc=889 denc=1 sreq=-100 sapplied=-100 crate=-100 uimp=37885 upos=3560 uneg=3700 ball=-10.27 vball=11.05 aball=-22.2 bref=0.00 pid=-100.0 pref=681.7 ppos=703.3 apid=-0.0 integ=-0.0 vision=1 current=1 vframe=2632 vs=1 vage=9 vpage=9 vdt=130 vmax=200 vacc=2593 vrej=0 seq=0 elapsed=0 oled=3C
[  10452] STATUS mode=3 fault=none enc=888 denc=0 sreq=-100 sapplied=-100 crate=-100 uimp=35885 upos=3560 uneg=3720 ball=-10.27 vball=11.05 aball=-22.2 bref=0.00 pid=-100.0 pref=681.7 ppos=701.3 apid=-0.0 integ=-0.0 vision=1 current=1 vframe=2632 vs=1 vage=29 vpage=29 vdt=130 vmax=200 vacc=2593 vrej=0 seq=0 elapsed=0 oled=3C
[  10484] STATUS mode=3 fault=none enc=884 denc=-1 sreq=-100 sapplied=-100 crate=-100 uimp=33480 upos=3560 uneg=3760 ball=-9.49 vball=10.63 aball=-22.2 bref=0.00 pid=-100.0 pref=680.1 ppos=698.9 apid=-0.0 integ=-0.0 vision=1 current=1 vframe=2634 vs=1 vage=3 vpage=3 vdt=33 vmax=200 vacc=2595 vrej=0 seq=0 elapsed=0 oled=3C
[  10516] STATUS mode=3 fault=none enc=884 denc=0 sreq=-100 sapplied=-100 crate=-100 uimp=31480 upos=3560 uneg=3780 ball=-9.49 vball=10.63 aball=-22.2 bref=0.00 pid=-100.0 pref=680.1 ppos=696.9 apid=-0.0 integ=-0.0 vision=1 current=1 vframe=2634 vs=1 vage=23 vpage=23 vdt=33 vmax=200 vacc=2595 vrej=0 seq=0 elapsed=0 oled=3C
[  10530] STATUS mode=3 fault=none enc=881 denc=0 sreq=-100 sapplied=-100 crate=-100 uimp=29480 upos=3560 uneg=3800 ball=-9.47 vball=7.65 aball=-27.7 bref=0.00 pid=-100.0 pref=662.3 ppos=694.9 apid=-0.0 integ=-0.0 vision=1 current=1 vframe=2643 vs=1 vage=10 vpage=10 vdt=33 vmax=200 vacc=2601 vrej=0 seq=0 elapsed=0 oled=3C
[  10562] STATUS mode=3 fault=none enc=876 denc=0 sreq=-100 sapplied=-100 crate=-100 uimp=25480 upos=3560 uneg=3840 ball=-9.50 vball=5.13 aball=-27.7 bref=0.00 pid=-100.0 pref=647.1 ppos=690.9 apid=-0.0 integ=-0.0 vision=1 current=1 vframe=2644 vs=1 vage=15 vpage=15 vdt=35 vmax=200 vacc=2602 vrej=0 seq=0 elapsed=0 oled=3C
[  10593] STATUS mode=3 fault=none enc=874 denc=0 sreq=-100 sapplied=-100 crate=-100 uimp=23480 upos=3560 uneg=3860 ball=-9.53 vball=3.34 aball=-27.7 bref=0.00 pid=-100.0 pref=636.4 ppos=688.9 apid=-0.0 integ=-0.0 vision=1 current=1 vframe=2645 vs=1 vage=3 vpage=3 vdt=32 vmax=200 vacc=2603 vrej=0 seq=0 elapsed=0 oled=3C
[  10625] STATUS mode=3 fault=none enc=871 denc=0 sreq=-100 sapplied=-100 crate=-100 uimp=21480 upos=3560 uneg=3880 ball=-9.53 vball=3.34 aball=-27.7 bref=0.00 pid=-100.0 pref=636.4 ppos=686.9 apid=-0.0 integ=-0.0 vision=1 current=1 vframe=2645 vs=1 vage=23 vpage=23 vdt=32 vmax=200 vacc=2603 vrej=0 seq=0 elapsed=0 oled=3C
[  10641] STATUS mode=3 fault=none enc=866 denc=0 sreq=-100 sapplied=-100 crate=-100 uimp=17480 upos=3560 uneg=3920 ball=-9.53 vball=2.40 aball=-38.8 bref=0.00 pid=-100.0 pref=630.7 ppos=682.9 apid=-0.0 integ=-0.0 vision=1 current=1 vframe=2646 vs=1 vage=30 vpage=30 vdt=33 vmax=200 vacc=2604 vrej=0 seq=0 elapsed=0 oled=3C
[  10671] STATUS mode=3 fault=none enc=863 denc=0 sreq=-100 sapplied=-100 crate=-100 uimp=15480 upos=3560 uneg=3940 ball=-9.54 vball=1.60 aball=-38.8 bref=0.00 pid=-100.0 pref=625.9 ppos=680.9 apid=-0.0 integ=-0.0 vision=1 current=1 vframe=2647 vs=1 vage=17 vpage=17 vdt=33 vmax=200 vacc=2605 vrej=0 seq=0 elapsed=0 oled=3C
[  10702] STATUS mode=3 fault=none enc=858 denc=0 sreq=-100 sapplied=-100 crate=-100 uimp=11480 upos=3560 uneg=3980 ball=-9.55 vball=1.05 aball=-38.8 bref=0.00 pid=-100.0 pref=622.6 ppos=676.9 apid=-0.0 integ=-0.0 vision=1 current=1 vframe=2648 vs=1 vage=23 vpage=23 vdt=34 vmax=200 vacc=2606 vrej=0 seq=0 elapsed=0 oled=3C
[  10734] STATUS mode=3 fault=none enc=855 denc=0 sreq=-100 sapplied=-100 crate=-100 uimp=9480 upos=3560 uneg=4000 ball=-9.55 vball=0.67 aball=-29.1 bref=0.00 pid=-100.0 pref=620.3 ppos=674.9 apid=-0.0 integ=-0.0 vision=1 current=1 vframe=2649 vs=1 vage=10 vpage=10 vdt=33 vmax=200 vacc=2607 vrej=0 seq=0 elapsed=0 oled=3C
[  10750] STATUS mode=3 fault=none enc=852 denc=0 sreq=-100 sapplied=-100 crate=-100 uimp=7480 upos=3560 uneg=4020 ball=-9.55 vball=0.67 aball=-29.1 bref=0.00 pid=-100.0 pref=620.3 ppos=672.9 apid=-0.0 integ=-0.0 vision=1 current=1 vframe=2649 vs=1 vage=30 vpage=30 vdt=33 vmax=200 vacc=2607 vrej=0 seq=0 elapsed=0 oled=3C
[  10780] STATUS mode=3 fault=none enc=847 denc=0 sreq=-100 sapplied=-100 crate=-100 uimp=3480 upos=3560 uneg=4060 ball=-9.78 vball=-1.68 aball=-29.1 bref=0.00 pid=-100.0 pref=605.9 ppos=668.9 apid=-0.0 integ=-0.0 vision=1 current=1 vframe=2651 vs=1 vage=4 vpage=4 vdt=33 vmax=200 vacc=2609 vrej=0 seq=0 elapsed=0 oled=3C
[  10812] STATUS mode=3 fault=none enc=845 denc=0 sreq=-100 sapplied=-100 crate=-100 uimp=1480 upos=3560 uneg=4080 ball=-9.78 vball=-1.68 aball=-29.1 bref=0.00 pid=-100.0 pref=605.9 ppos=666.9 apid=-0.0 integ=-0.0 vision=1 current=1 vframe=2651 vs=1 vage=24 vpage=24 vdt=33 vmax=200 vacc=2609 vrej=0 seq=0 elapsed=0 oled=3C
[  10843] STATUS mode=3 fault=none enc=842 denc=0 sreq=-100 sapplied=-100 crate=-100 uimp=-520 upos=3560 uneg=4100 ball=-9.94 vball=-2.58 aball=-30.7 bref=0.00 pid=-100.0 pref=600.2 ppos=664.9 apid=-0.0 integ=-0.2 vision=1 current=1 vframe=2652 vs=1 vage=10 vpage=10 vdt=34 vmax=200 vacc=2610 vrej=0 seq=0 elapsed=0 oled=3C
[  10859] STATUS mode=3 fault=none enc=837 denc=0 sreq=-100 sapplied=-100 crate=-100 uimp=-4520 upos=3560 uneg=4140 ball=-9.98 vball=-2.18 aball=-30.7 bref=0.00 pid=-100.0 pref=602.4 ppos=660.9 apid=-0.0 integ=-0.3 vision=1 current=1 vframe=2653 vs=1 vage=16 vpage=16 vdt=34 vmax=200 vacc=2611 vrej=0 seq=0 elapsed=0 oled=3C
[  10891] STATUS mode=3 fault=none enc=835 denc=1 sreq=-100 sapplied=-100 crate=-100 uimp=-6520 upos=3560 uneg=4160 ball=-9.99 vball=-1.59 aball=-30.7 bref=0.00 pid=-100.0 pref=605.7 ppos=658.9 apid=-0.0 integ=-0.5 vision=1 current=1 vframe=2654 vs=1 vage=3 vpage=3 vdt=33 vmax=200 vacc=2612 vrej=0 seq=0 elapsed=0 oled=3C
[  10921] STATUS mode=3 fault=none enc=832 denc=0 sreq=-100 sapplied=-100 crate=-100 uimp=-8520 upos=3560 uneg=4180 ball=-9.99 vball=-1.59 aball=-30.7 bref=0.00 pid=-100.0 pref=605.7 ppos=656.9 apid=-0.0 integ=-0.5 vision=1 current=1 vframe=2654 vs=1 vage=23 vpage=23 vdt=33 vmax=200 vacc=2612 vrej=0 seq=0 elapsed=0 oled=3C
[  10952] STATUS mode=3 fault=none enc=827 denc=0 sreq=-100 sapplied=-100 crate=-100 uimp=-12520 upos=3560 uneg=4220 ball=-9.79 vball=0.71 aball=-2.3 bref=0.00 pid=-100.0 pref=619.6 ppos=652.9 apid=-0.0 integ=-0.7 vision=1 current=1 vframe=2655 vs=1 vage=28 vpage=28 vdt=35 vmax=200 vacc=2613 vrej=0 seq=0 elapsed=0 oled=3C
[  10968] STATUS mode=3 fault=none enc=824 denc=0 sreq=-100 sapplied=-100 crate=-100 uimp=-14520 upos=3560 uneg=4240 ball=-9.62 vball=1.99 aball=-2.3 bref=0.00 pid=-100.0 pref=627.3 ppos=650.9 apid=-0.0 integ=-0.8 vision=1 current=1 vframe=2656 vs=1 vage=15 vpage=15 vdt=33 vmax=200 vacc=2614 vrej=0 seq=0 elapsed=0 oled=3C
[  11000] STATUS mode=3 fault=none enc=819 denc=0 sreq=-100 sapplied=-100 crate=-100 uimp=-18520 upos=3560 uneg=4280 ball=-9.57 vball=1.92 aball=-2.3 bref=0.00 pid=-100.0 pref=626.8 ppos=646.9 apid=-0.0 integ=-1.0 vision=1 current=1 vframe=2657 vs=1 vage=23 vpage=23 vdt=32 vmax=200 vacc=2615 vrej=0 seq=0 elapsed=0 oled=3C
[  11030] STATUS mode=3 fault=none enc=817 denc=1 sreq=-100 sapplied=-100 crate=-100 uimp=-20520 upos=3560 uneg=4300 ball=-9.56 vball=1.38 aball=1.8 bref=0.00 pid=-100.0 pref=623.4 ppos=644.9 apid=0.0 integ=-1.1 vision=1 current=1 vframe=2658 vs=1 vage=9 vpage=9 vdt=34 vmax=200 vacc=2616 vrej=0 seq=0 elapsed=0 oled=3C
[  11062] STATUS mode=3 fault=none enc=814 denc=0 sreq=-100 sapplied=-100 crate=-100 uimp=-22520 upos=3560 uneg=4320 ball=-9.56 vball=1.38 aball=1.8 bref=0.00 pid=-100.0 pref=623.4 ppos=642.9 apid=0.0 integ=-1.1 vision=1 current=1 vframe=2658 vs=1 vage=29 vpage=29 vdt=34 vmax=200 vacc=2616 vrej=0 seq=0 elapsed=0 oled=3C
[  11077] STATUS mode=3 fault=none enc=808 denc=0 sreq=-100 sapplied=-100 crate=-100 uimp=-26520 upos=3560 uneg=4360 ball=-9.57 vball=0.88 aball=1.8 bref=0.00 pid=-100.0 pref=620.2 ppos=638.9 apid=0.0 integ=-1.3 vision=1 current=0 vframe=2660 vs=0 vage=36 vpage=4 vdt=33 vmax=200 vacc=2617 vrej=0 seq=0 elapsed=0 oled=3C
[  11109] STATUS mode=3 fault=none enc=806 denc=0 sreq=-100 sapplied=-100 crate=-100 uimp=-28520 upos=3560 uneg=4380 ball=-9.57 vball=0.88 aball=1.8 bref=0.00 pid=-100.0 pref=620.2 ppos=636.9 apid=0.0 integ=-1.3 vision=1 current=0 vframe=2660 vs=0 vage=56 vpage=24 vdt=33 vmax=200 vacc=2617 vrej=0 seq=0 elapsed=0 oled=3C
[  11141] STATUS mode=3 fault=none enc=804 denc=0 sreq=-100 sapplied=-100 crate=-100 uimp=-30520 upos=3560 uneg=4400 ball=-9.57 vball=0.88 aball=1.8 bref=0.00 pid=-100.0 pref=620.2 ppos=634.9 apid=0.0 integ=-1.3 vision=1 current=0 vframe=2661 vs=0 vage=76 vpage=11 vdt=33 vmax=200 vacc=2617 vrej=0 seq=0 elapsed=0 oled=3C
[  11171] STATUS mode=3 fault=none enc=799 denc=0 sreq=-100 sapplied=-100 crate=-100 uimp=-34520 upos=3560 uneg=4440 ball=-9.54 vball=0.79 aball=-1.0 bref=0.00 pid=-100.0 pref=619.3 ppos=630.9 apid=-0.0 integ=-1.8 vision=1 current=1 vframe=2662 vs=1 vage=16 vpage=16 vdt=100 vmax=200 vacc=2618 vrej=0 seq=0 elapsed=0 oled=3C
[  11187] STATUS mode=3 fault=none enc=796 denc=0 sreq=-100 sapplied=-100 crate=-100 uimp=-36520 upos=3560 uneg=4460 ball=-9.55 vball=0.60 aball=-1.0 bref=0.00 pid=-100.0 pref=617.9 ppos=628.9 apid=-0.0 integ=-1.9 vision=1 current=1 vframe=2663 vs=1 vage=3 vpage=3 vdt=33 vmax=200 vacc=2619 vrej=0 seq=0 elapsed=0 oled=3C
[  11218] STATUS mode=3 fault=none enc=793 denc=-1 sreq=-90 sapplied=-90 crate=-90 uimp=-38495 upos=3560 uneg=4480 ball=-9.55 vball=0.60 aball=-1.0 bref=0.00 pid=-89.9 pref=617.9 ppos=626.9 apid=-0.0 integ=-1.9 vision=1 current=1 vframe=2663 vs=1 vage=23 vpage=23 vdt=33 vmax=200 vacc=2619 vrej=0 seq=0 elapsed=0 oled=3C
[  11250] STATUS mode=3 fault=none enc=790 denc=0 sreq=-60 sapplied=-60 crate=-60 uimp=-41520 upos=3560 uneg=4520 ball=-9.55 vball=0.60 aball=-1.0 bref=0.00 pid=-59.6 pref=617.9 ppos=623.9 apid=-0.0 integ=-1.9 vision=1 current=0 vframe=2664 vs=0 vage=63 vpage=31 vdt=33 vmax=200 vacc=2619 vrej=0 seq=0 elapsed=0 oled=3C
[  11280] STATUS mode=3 fault=none enc=789 denc=0 sreq=-49 sapplied=-49 crate=-49 uimp=-42630 upos=3560 uneg=4540 ball=-9.55 vball=0.60 aball=-1.0 bref=0.00 pid=-48.5 pref=617.9 ppos=622.8 apid=-0.0 integ=-1.9 vision=1 current=0 vframe=2665 vs=0 vage=83 vpage=16 vdt=33 vmax=200 vacc=2619 vrej=0 seq=0 elapsed=0 oled=3C
[  11296] STATUS mode=3 fault=none enc=786 denc=0 sreq=-62 sapplied=-62 crate=-62 uimp=-44760 upos=3560 uneg=4580 ball=-9.59 vball=0.11 aball=-2.8 bref=0.00 pid=-61.9 pref=614.5 ppos=620.7 apid=-0.0 integ=-2.4 vision=1 current=1 vframe=2666 vs=1 vage=21 vpage=21 vdt=102 vmax=200 vacc=2620 vrej=0 seq=0 elapsed=0 oled=3C
[  11327] STATUS mode=3 fault=none enc=785 denc=0 sreq=-57 sapplied=-57 crate=-57 uimp=-45940 upos=3560 uneg=4600 ball=-9.59 vball=0.03 aball=-2.8 bref=0.00 pid=-56.5 pref=613.8 ppos=619.5 apid=-0.0 integ=-2.6 vision=1 current=1 vframe=2676 vs=1 vage=7 vpage=7 vdt=1 vmax=200 vacc=2626 vrej=0 seq=0 elapsed=0 oled=3C
[  11359] STATUS mode=3 fault=none enc=784 denc=0 sreq=-46 sapplied=-46 crate=-46 uimp=-46990 upos=3560 uneg=4620 ball=-9.59 vball=0.03 aball=-2.8 bref=0.00 pid=-46.0 pref=613.8 ppos=618.4 apid=-0.0 integ=-2.6 vision=1 current=1 vframe=2676 vs=1 vage=27 vpage=27 vdt=1 vmax=200 vacc=2626 vrej=0 seq=0 elapsed=0 oled=3C
[  11375] STATUS mode=3 fault=none enc=781 denc=1 sreq=-33 sapplied=-33 crate=-33 uimp=-48610 upos=3560 uneg=4660 ball=-9.60 vball=0.01 aball=-2.8 bref=0.00 pid=-32.8 pref=613.5 ppos=616.8 apid=-0.0 integ=-2.7 vision=1 current=0 vframe=2678 vs=0 vage=33 vpage=3 vdt=34 vmax=200 vacc=2627 vrej=0 seq=0 elapsed=0 oled=3C
[  11405] STATUS mode=3 fault=none enc=781 denc=0 sreq=-27 sapplied=-27 crate=-27 uimp=-49220 upos=3560 uneg=4680 ball=-9.60 vball=0.01 aball=-2.8 bref=0.00 pid=-26.7 pref=613.5 ppos=616.2 apid=-0.0 integ=-2.7 vision=1 current=0 vframe=2678 vs=0 vage=53 vpage=23 vdt=34 vmax=200 vacc=2627 vrej=0 seq=0 elapsed=0 oled=3C
[  11437] STATUS mode=3 fault=none enc=779 denc=0 sreq=-22 sapplied=-22 crate=-22 uimp=-49715 upos=3560 uneg=4700 ball=-9.60 vball=0.01 aball=-2.8 bref=0.00 pid=-21.7 pref=613.5 ppos=615.7 apid=-0.0 integ=-2.7 vision=1 current=0 vframe=2679 vs=0 vage=73 vpage=9 vdt=34 vmax=200 vacc=2627 vrej=0 seq=0 elapsed=0 oled=3C
[  11468] STATUS mode=3 fault=none enc=778 denc=0 sreq=0 sapplied=0 crate=-19 uimp=-50030 upos=3560 uneg=4715 ball=-9.60 vball=0.01 aball=-2.8 bref=0.00 pid=-18.6 pref=613.5 ppos=615.4 apid=-0.0 integ=-2.7 vision=1 current=0 vframe=2680 vs=0 vage=113 vpage=16 vdt=34 vmax=200 vacc=2627 vrej=0 seq=0 elapsed=0 oled=3C
[  11484] STATUS mode=3 fault=none enc=778 denc=0 sreq=0 sapplied=0 crate=-19 uimp=-50030 upos=3560 uneg=4715 ball=-9.60 vball=0.01 aball=-2.8 bref=0.00 pid=-18.6 pref=613.5 ppos=615.4 apid=-0.0 integ=-2.7 vision=1 current=0 vframe=2681 vs=0 vage=133 vpage=2 vdt=34 vmax=200 vacc=2627 vrej=0 seq=0 elapsed=0 oled=3C
[  11516] STATUS mode=3 fault=none enc=778 denc=0 sreq=0 sapplied=0 crate=0 uimp=-50030 upos=3560 uneg=4715 ball=-9.60 vball=0.01 aball=-2.8 bref=0.00 pid=-18.6 pref=615.4 ppos=615.4 apid=-0.0 integ=-2.7 vision=1 current=0 vframe=2681 vs=0 vage=153 vpage=22 vdt=34 vmax=200 vacc=2627 vrej=0 seq=0 elapsed=0 oled=3C
[  11546] STATUS mode=3 fault=none enc=778 denc=0 sreq=0 sapplied=0 crate=0 uimp=-50030 upos=3560 uneg=4715 ball=-9.60 vball=0.01 aball=-2.8 bref=0.00 pid=-18.6 pref=615.4 ppos=615.4 apid=-0.0 integ=-2.7 vision=1 current=0 vframe=2682 vs=0 vage=193 vpage=29 vdt=34 vmax=200 vacc=2627 vrej=0 seq=0 elapsed=0 oled=3C
[  11562] STATUS mode=3 fault=none enc=778 denc=0 sreq=0 sapplied=0 crate=-19 uimp=-50030 upos=3560 uneg=4715 ball=-9.60 vball=-0.00 aball=0.0 bref=0.00 pid=-19.2 pref=613.5 ppos=615.4 apid=0.0 integ=-0.0 vision=1 current=1 vframe=2683 vs=1 vage=15 vpage=15 vdt=198 vmax=200 vacc=2628 vrej=0 seq=0 elapsed=0 oled=3C
[  11593] STATUS mode=3 fault=none enc=778 denc=0 sreq=0 sapplied=0 crate=-19 uimp=-50030 upos=3560 uneg=4715 ball=-9.60 vball=-0.00 aball=0.0 bref=0.00 pid=-19.2 pref=613.5 ppos=615.4 apid=0.0 integ=-0.0 vision=1 current=0 vframe=2684 vs=0 vage=35 vpage=5 vdt=198 vmax=200 vacc=2628 vrej=0 seq=0 elapsed=0 oled=3C
[  11625] STATUS mode=3 fault=none enc=778 denc=0 sreq=0 sapplied=0 crate=-19 uimp=-50030 upos=3560 uneg=4715 ball=-9.60 vball=-0.00 aball=0.0 bref=0.00 pid=-19.2 pref=613.5 ppos=615.4 apid=0.0 integ=-0.0 vision=1 current=0 vframe=2685 vs=0 vage=75 vpage=11 vdt=198 vmax=200 vacc=2628 vrej=0 seq=0 elapsed=0 oled=3C
[  11655] STATUS mode=3 fault=none enc=778 denc=0 sreq=0 sapplied=0 crate=-19 uimp=-50030 upos=3560 uneg=4715 ball=-9.60 vball=-0.00 aball=0.0 bref=0.00 pid=-19.2 pref=613.5 ppos=615.4 apid=0.0 integ=-0.0 vision=1 current=0 vframe=2685 vs=0 vage=95 vpage=31 vdt=198 vmax=200 vacc=2628 vrej=0 seq=0 elapsed=0 oled=3C
[  11671] STATUS mode=3 fault=none enc=778 denc=0 sreq=0 sapplied=0 crate=-19 uimp=-50030 upos=3560 uneg=4715 ball=-9.60 vball=-0.00 aball=0.0 bref=0.00 pid=-19.2 pref=613.5 ppos=615.4 apid=0.0 integ=-0.0 vision=1 current=1 vframe=2686 vs=1 vage=15 vpage=15 vdt=100 vmax=200 vacc=2629 vrej=0 seq=0 elapsed=0 oled=3C
[  11702] STATUS mode=3 fault=none enc=780 denc=2 sreq=100 sapplied=100 crate=100 uimp=-48530 upos=3575 uneg=4715 ball=-9.28 vball=2.92 aball=0.0 bref=0.00 pid=100.0 pref=631.4 ppos=616.9 apid=0.0 integ=-0.0 vision=1 current=1 vframe=2687 vs=1 vage=24 vpage=24 vdt=31 vmax=200 vacc=2630 vrej=0 seq=0 elapsed=0 oled=3C
[  11734] STATUS mode=3 fault=none enc=782 denc=2 sreq=100 sapplied=100 crate=100 uimp=-46530 upos=3595 uneg=4715 ball=-9.01 vball=4.45 aball=0.0 bref=0.00 pid=100.0 pref=640.9 ppos=618.9 apid=0.0 integ=-0.0 vision=1 current=1 vframe=2688 vs=1 vage=10 vpage=10 vdt=34 vmax=200 vacc=2631 vrej=0 seq=0 elapsed=0 oled=3C
[  11750] STATUS mode=3 fault=none enc=785 denc=2 sreq=100 sapplied=100 crate=100 uimp=-44530 upos=3615 uneg=4715 ball=-9.01 vball=4.45 aball=0.0 bref=0.00 pid=100.0 pref=640.9 ppos=620.9 apid=0.0 integ=-0.0 vision=1 current=1 vframe=2688 vs=1 vage=30 vpage=30 vdt=34 vmax=200 vacc=2631 vrej=0 seq=0 elapsed=0 oled=3C
[  11780] STATUS mode=3 fault=none enc=790 denc=2 sreq=100 sapplied=100 crate=100 uimp=-40530 upos=3655 uneg=4715 ball=-8.91 vball=2.84 aball=17.6 bref=0.00 pid=100.0 pref=637.6 ppos=624.9 apid=0.0 integ=-0.0 vision=1 current=1 vframe=2690 vs=1 vage=1 vpage=1 vdt=35 vmax=200 vacc=2633 vrej=0 seq=0 elapsed=0 oled=3C
[  11812] STATUS mode=3 fault=none enc=791 denc=1 sreq=51 sapplied=51 crate=51 uimp=-39175 upos=3675 uneg=4715 ball=-8.91 vball=2.84 aball=17.6 bref=0.00 pid=51.0 pref=631.3 ppos=626.3 apid=0.0 integ=-0.0 vision=1 current=1 vframe=2690 vs=1 vage=21 vpage=21 vdt=35 vmax=200 vacc=2633 vrej=0 seq=0 elapsed=0 oled=3C
[  11827] STATUS mode=3 fault=none enc=792 denc=1 sreq=0 sapplied=0 crate=14 uimp=-38450 upos=3690 uneg=4715 ball=-8.87 vball=2.34 aball=17.6 bref=0.00 pid=14.2 pref=628.4 ppos=627.0 apid=0.0 integ=-0.0 vision=1 current=1 vframe=2691 vs=1 vage=8 vpage=8 vdt=33 vmax=200 vacc=2634 vrej=0 seq=0 elapsed=0 oled=3C
[  11859] STATUS mode=3 fault=none enc=792 denc=0 sreq=-24 sapplied=-24 crate=-24 uimp=-38710 upos=3690 uneg=4725 ball=-8.87 vball=1.66 aball=-0.4 bref=0.00 pid=-24.0 pref=624.3 ppos=626.7 apid=-0.0 integ=-0.0 vision=1 current=1 vframe=2692 vs=1 vage=17 vpage=17 vdt=31 vmax=200 vacc=2635 vrej=0 seq=0 elapsed=0 oled=3C
[  11891] STATUS mode=3 fault=none enc=792 denc=0 sreq=-53 sapplied=-53 crate=-53 uimp=-39160 upos=3690 uneg=4745 ball=-8.87 vball=1.10 aball=-0.4 bref=0.00 pid=-53.1 pref=621.0 ppos=626.3 apid=-0.0 integ=-0.0 vision=1 current=1 vframe=2693 vs=1 vage=2 vpage=2 vdt=35 vmax=200 vacc=2636 vrej=0 seq=0 elapsed=0 oled=3C
[  11921] STATUS mode=3 fault=none enc=791 denc=0 sreq=-43 sapplied=-43 crate=-43 uimp=-40145 upos=3690 uneg=4765 ball=-8.87 vball=1.10 aball=-0.4 bref=0.00 pid=-43.3 pref=621.0 ppos=625.3 apid=-0.0 integ=-0.0 vision=1 current=1 vframe=2693 vs=1 vage=22 vpage=22 vdt=35 vmax=200 vacc=2636 vrej=0 seq=0 elapsed=0 oled=3C
[  11937] STATUS mode=3 fault=none enc=788 denc=0 sreq=-47 sapplied=-47 crate=-47 uimp=-42135 upos=3690 uneg=4805 ball=-8.88 vball=0.71 aball=-0.4 bref=0.00 pid=-46.9 pref=618.6 ppos=623.3 apid=-0.0 integ=-0.0 vision=1 current=1 vframe=2694 vs=1 vage=27 vpage=27 vdt=35 vmax=200 vacc=2637 vrej=0 seq=0 elapsed=0 oled=3C
[  11968] STATUS mode=3 fault=none enc=786 denc=-1 sreq=-59 sapplied=-59 crate=-59 uimp=-43230 upos=3690 uneg=4825 ball=-8.90 vball=0.36 aball=-6.0 bref=0.00 pid=-58.6 pref=616.3 ppos=622.2 apid=-0.0 integ=-0.1 vision=1 current=1 vframe=2695 vs=1 vage=15 vpage=15 vdt=32 vmax=200 vacc=2638 vrej=0 seq=0 elapsed=0 oled=3C
[  12000] STATUS mode=3 fault=none enc=785 denc=-1 sreq=-62 sapplied=-62 crate=-62 uimp=-44320 upos=3690 uneg=4845 ball=-8.91 vball=0.15 aball=-6.0 bref=0.00 pid=-61.9 pref=614.9 ppos=621.1 apid=-0.0 integ=-0.3 vision=1 current=1 vframe=2696 vs=1 vage=2 vpage=2 vdt=33 vmax=200 vacc=2639 vrej=0 seq=0 elapsed=0 oled=3C
[  12030] STATUS mode=3 fault=none enc=782 denc=-2 sreq=-48 sapplied=-48 crate=-48 uimp=-46435 upos=3690 uneg=4885 ball=-8.91 vball=0.06 aball=-6.0 bref=0.00 pid=-47.5 pref=614.2 ppos=619.0 apid=-0.0 integ=-0.4 vision=1 current=1 vframe=2697 vs=1 vage=11 vpage=11 vdt=31 vmax=200 vacc=2640 vrej=0 seq=0 elapsed=0 oled=3C
[  12046] STATUS mode=3 fault=none enc=782 denc=0 sreq=-39 sapplied=-39 crate=-39 uimp=-47320 upos=3690 uneg=4905 ball=-8.91 vball=0.06 aball=-6.0 bref=0.00 pid=-38.7 pref=614.2 ppos=618.1 apid=-0.0 integ=-0.4 vision=1 current=1 vframe=2697 vs=1 vage=31 vpage=31 vdt=31 vmax=200 vacc=2640 vrej=0 seq=0 elapsed=0 oled=3C
[  12077] STATUS mode=3 fault=none enc=781 denc=0 sreq=-34 sapplied=-34 crate=-34 uimp=-48085 upos=3690 uneg=4925 ball=-8.92 vball=0.03 aball=-4.8 bref=0.00 pid=-34.5 pref=613.9 ppos=617.3 apid=-0.0 integ=-0.6 vision=1 current=1 vframe=2698 vs=1 vage=17 vpage=17 vdt=34 vmax=200 vacc=2641 vrej=0 seq=0 elapsed=0 oled=3C
[  12109] STATUS mode=3 fault=none enc=779 denc=0 sreq=-25 sapplied=-25 crate=-25 uimp=-49295 upos=3690 uneg=4965 ball=-8.92 vball=0.01 aball=-4.8 bref=0.00 pid=-25.1 pref=613.6 ppos=616.1 apid=-0.0 integ=-0.7 vision=1 current=1 vframe=2699 vs=1 vage=22 vpage=22 vdt=35 vmax=200 vacc=2642 vrej=0 seq=0 elapsed=0 oled=3C
[  12125] STATUS mode=3 fault=none enc=778 denc=0 sreq=-22 sapplied=-22 crate=-22 uimp=-49775 upos=3690 uneg=4985 ball=-8.92 vball=0.00 aball=-4.8 bref=0.00 pid=-22.4 pref=613.4 ppos=615.7 apid=-0.0 integ=-0.9 vision=1 current=1 vframe=2700 vs=1 vage=8 vpage=8 vdt=34 vmax=200 vacc=2643 vrej=0 seq=0 elapsed=0 oled=3C
[  12155] STATUS mode=3 fault=none enc=776 denc=-2 sreq=0 sapplied=0 crate=-19 uimp=-50090 upos=3690 uneg=5000 ball=-8.92 vball=0.00 aball=-4.8 bref=0.00 pid=-19.3 pref=613.4 ppos=615.3 apid=-0.0 integ=-0.9 vision=1 current=1 vframe=2700 vs=1 vage=28 vpage=28 vdt=34 vmax=200 vacc=2643 vrej=0 seq=0 elapsed=0 oled=3C
[  12187] STATUS mode=3 fault=none enc=777 denc=0 sreq=0 sapplied=0 crate=-19 uimp=-50295 upos=3690 uneg=5010 ball=-8.92 vball=0.00 aball=-2.8 bref=0.00 pid=-18.7 pref=613.3 ppos=615.1 apid=-0.0 integ=-1.0 vision=1 current=1 vframe=2701 vs=1 vage=35 vpage=35 vdt=33 vmax=200 vacc=2644 vrej=0 seq=0 elapsed=0 oled=3C
[  12218] STATUS mode=3 fault=none enc=777 denc=0 sreq=0 sapplied=0 crate=-19 uimp=-50395 upos=3690 uneg=5015 ball=-8.92 vball=0.00 aball=-2.8 bref=0.00 pid=-19.3 pref=613.1 ppos=615.0 apid=-0.0 integ=-1.2 vision=1 current=1 vframe=2702 vs=1 vage=20 vpage=20 vdt=35 vmax=200 vacc=2645 vrej=0 seq=0 elapsed=0 oled=3C
[  12234] STATUS mode=3 fault=none enc=777 denc=0 sreq=-20 sapplied=-20 crate=-20 uimp=-50500 upos=3690 uneg=5020 ball=-8.92 vball=0.00 aball=-2.8 bref=0.00 pid=-19.6 pref=613.0 ppos=614.9 apid=-0.0 integ=-1.3 vision=1 current=1 vframe=2703 vs=1 vage=9 vpage=9 vdt=31 vmax=200 vacc=2646 vrej=0 seq=0 elapsed=0 oled=3C
[  12266] STATUS mode=3 fault=none enc=777 denc=0 sreq=-100 sapplied=-100 crate=-100 uimp=-51600 upos=3690 uneg=5035 ball=-9.22 vball=-2.67 aball=-13.5 bref=0.00 pid=-100.0 pref=596.4 ppos=613.8 apid=-0.0 integ=-1.5 vision=1 current=1 vframe=2704 vs=1 vage=15 vpage=15 vdt=34 vmax=200 vacc=2647 vrej=0 seq=0 elapsed=0 oled=3C
[  12296] STATUS mode=3 fault=none enc=774 denc=0 sreq=0 sapplied=0 crate=0 uimp=-53600 upos=3690 uneg=5055 ball=-9.01 vball=-0.12 aball=-13.5 bref=0.00 pid=0.0 pref=611.8 ppos=611.8 apid=-0.0 integ=-1.6 vision=1 current=1 vframe=2705 vs=1 vage=2 vpage=2 vdt=33 vmax=200 vacc=2648 vrej=0 seq=0 elapsed=0 oled=3C
[  12312] STATUS mode=3 fault=none enc=773 denc=0 sreq=0 sapplied=0 crate=0 uimp=-53600 upos=3690 uneg=5055 ball=-9.01 vball=-0.12 aball=-13.5 bref=0.00 pid=0.0 pref=611.8 ppos=611.8 apid=-0.0 integ=-1.6 vision=1 current=1 vframe=2705 vs=1 vage=22 vpage=22 vdt=33 vmax=200 vacc=2648 vrej=0 seq=0 elapsed=0 oled=3C
[  12343] STATUS mode=3 fault=none enc=773 denc=0 sreq=33 sapplied=33 crate=33 uimp=-52840 upos=3710 uneg=5055 ball=-8.94 vball=0.57 aball=-13.5 bref=0.00 pid=33.2 pref=615.9 ppos=612.6 apid=-0.0 integ=-1.8 vision=1 current=1 vframe=2706 vs=1 vage=28 vpage=28 vdt=34 vmax=200 vacc=2649 vrej=0 seq=0 elapsed=0 oled=3C
[  12375] STATUS mode=3 fault=none enc=774 denc=0 sreq=28 sapplied=28 crate=28 uimp=-52215 upos=3730 uneg=5055 ball=-8.92 vball=0.60 aball=7.3 bref=0.00 pid=27.5 pref=616.0 ppos=613.2 apid=0.0 integ=-1.9 vision=1 current=1 vframe=2707 vs=1 vage=15 vpage=15 vdt=33 vmax=200 vacc=2650 vrej=0 seq=0 elapsed=0 oled=3C
[  12405] STATUS mode=3 fault=none enc=774 denc=0 sreq=0 sapplied=0 crate=13 uimp=-51700 upos=3750 uneg=5055 ball=-8.91 vball=0.47 aball=7.3 bref=0.00 pid=13.2 pref=615.0 ppos=613.7 apid=0.0 integ=-2.1 vision=1 current=1 vframe=2708 vs=1 vage=2 vpage=2 vdt=33 vmax=200 vacc=2651 vrej=0 seq=0 elapsed=0 oled=3C
[  12421] STATUS mode=3 fault=none enc=775 denc=0 sreq=0 sapplied=0 crate=0 uimp=-51700 upos=3750 uneg=5055 ball=-8.91 vball=0.33 aball=7.3 bref=0.00 pid=0.0 pref=614.1 ppos=613.7 apid=0.0 integ=-2.2 vision=1 current=1 vframe=2709 vs=1 vage=10 vpage=10 vdt=32 vmax=200 vacc=2652 vrej=0 seq=0 elapsed=0 oled=3C
[  12452] STATUS mode=3 fault=none enc=775 denc=0 sreq=0 sapplied=0 crate=0 uimp=-51700 upos=3750 uneg=5055 ball=-8.91 vball=0.33 aball=7.3 bref=0.00 pid=0.0 pref=614.1 ppos=613.7 apid=0.0 integ=-2.2 vision=1 current=1 vframe=2709 vs=1 vage=30 vpage=30 vdt=32 vmax=200 vacc=2652 vrej=0 seq=0 elapsed=0 oled=3C
[  12484] STATUS mode=3 fault=none enc=775 denc=0 sreq=0 sapplied=0 crate=0 uimp=-51700 upos=3750 uneg=5055 ball=-8.91 vball=0.22 aball=2.3 bref=0.00 pid=0.0 pref=613.3 ppos=613.7 apid=0.0 integ=-2.4 vision=1 current=1 vframe=2710 vs=1 vage=15 vpage=15 vdt=35 vmax=200 vacc=2653 vrej=0 seq=0 elapsed=0 oled=3C
[  12500] STATUS mode=3 fault=none enc=775 denc=0 sreq=0 sapplied=0 crate=-11 uimp=-51700 upos=3750 uneg=5055 ball=-8.91 vball=0.14 aball=2.3 bref=0.00 pid=-11.1 pref=612.6 ppos=613.7 apid=0.0 integ=-2.5 vision=1 current=1 vframe=2711 vs=1 vage=21 vpage=21 vdt=34 vmax=200 vacc=2654 vrej=0 seq=0 elapsed=0 oled=3C
[  12530] STATUS mode=3 fault=none enc=775 denc=0 sreq=0 sapplied=0 crate=-16 uimp=-51700 upos=3750 uneg=5055 ball=-8.92 vball=0.09 aball=2.3 bref=0.00 pid=-15.7 pref=612.2 ppos=613.7 apid=0.0 integ=-2.7 vision=1 current=1 vframe=2712 vs=1 vage=8 vpage=8 vdt=33 vmax=200 vacc=2655 vrej=0 seq=0 elapsed=0 oled=3C
[  12562] STATUS mode=3 fault=none enc=775 denc=0 sreq=0 sapplied=0 crate=-16 uimp=-51700 upos=3750 uneg=5055 ball=-8.92 vball=0.09 aball=2.3 bref=0.00 pid=-15.7 pref=612.2 ppos=613.7 apid=0.0 integ=-2.7 vision=1 current=1 vframe=2712 vs=1 vage=28 vpage=28 vdt=33 vmax=200 vacc=2655 vrej=0 seq=0 elapsed=0 oled=3C
[  12577] STATUS mode=3 fault=none enc=775 denc=0 sreq=0 sapplied=0 crate=-19 uimp=-51800 upos=3750 uneg=5060 ball=-8.92 vball=0.03 aball=0.5 bref=0.00 pid=-18.6 pref=611.8 ppos=613.6 apid=0.0 integ=-2.8 vision=1 current=1 vframe=2714 vs=1 vage=1 vpage=1 vdt=34 vmax=200 vacc=2657 vrej=0 seq=0 elapsed=0 oled=3C
[  12609] STATUS mode=3 fault=none enc=775 denc=0 sreq=0 sapplied=0 crate=-19 uimp=-52005 upos=3750 uneg=5070 ball=-8.92 vball=0.03 aball=0.5 bref=0.00 pid=-19.2 pref=611.5 ppos=613.4 apid=0.0 integ=-3.0 vision=1 current=1 vframe=2714 vs=1 vage=21 vpage=21 vdt=34 vmax=200 vacc=2657 vrej=0 seq=0 elapsed=0 oled=3C
[  12641] STATUS mode=3 fault=none enc=775 denc=0 sreq=-20 sapplied=-20 crate=-20 uimp=-52110 upos=3750 uneg=5075 ball=-8.92 vball=0.02 aball=0.5 bref=0.00 pid=-20.2 pref=611.3 ppos=613.3 apid=0.0 integ=-3.1 vision=1 current=1 vframe=2715 vs=1 vage=8 vpage=8 vdt=33 vmax=200 vacc=2658 vrej=0 seq=0 elapsed=0 oled=3C
[  12655] STATUS mode=3 fault=none enc=775 denc=0 sreq=0 sapplied=0 crate=-19 uimp=-52415 upos=3750 uneg=5090 ball=-8.92 vball=0.01 aball=0.1 bref=0.00 pid=-19.3 pref=611.1 ppos=613.0 apid=0.0 integ=-3.3 vision=1 current=1 vframe=2716 vs=1 vage=14 vpage=14 vdt=34 vmax=200 vacc=2659 vrej=0 seq=0 elapsed=0 oled=3C
[  12687] STATUS mode=3 fault=none enc=775 denc=0 sreq=0 sapplied=0 crate=-19 uimp=-52415 upos=3750 uneg=5090 ball=-9.00 vball=-0.68 aball=0.1 bref=0.00 pid=-19.3 pref=611.1 ppos=613.0 apid=0.0 integ=-3.3 vision=1 current=1 vframe=2717 vs=1 vage=1 vpage=1 vdt=33 vmax=200 vacc=2660 vrej=0 seq=0 elapsed=0 oled=3C
[  12718] STATUS mode=3 fault=none enc=775 denc=0 sreq=-54 sapplied=-54 crate=-54 uimp=-53315 upos=3750 uneg=5105 ball=-9.00 vball=-0.68 aball=0.1 bref=0.00 pid=-54.2 pref=606.7 ppos=612.1 apid=0.0 integ=-3.4 vision=1 current=1 vframe=2717 vs=1 vage=21 vpage=21 vdt=33 vmax=200 vacc=2660 vrej=0 seq=0 elapsed=0 oled=3C
[  12750] STATUS mode=3 fault=none enc=773 denc=0 sreq=-38 sapplied=-38 crate=-38 uimp=-55200 upos=3750 uneg=5145 ball=-9.02 vball=-0.70 aball=0.1 bref=0.00 pid=-38.2 pref=606.4 ppos=610.2 apid=0.0 integ=-3.6 vision=1 current=1 vframe=2718 vs=1 vage=28 vpage=28 vdt=33 vmax=200 vacc=2661 vrej=0 seq=0 elapsed=0 oled=3C
[  12766] STATUS mode=3 fault=none enc=773 denc=0 sreq=-24 sapplied=-24 crate=-24 uimp=-55830 upos=3750 uneg=5165 ball=-9.03 vball=-0.54 aball=-2.4 bref=0.00 pid=-24.0 pref=607.2 ppos=609.6 apid=-0.0 integ=-3.7 vision=1 current=1 vframe=2719 vs=1 vage=14 vpage=14 vdt=34 vmax=200 vacc=2662 vrej=0 seq=0 elapsed=0 oled=3C
[  12796] STATUS mode=3 fault=none enc=772 denc=0 sreq=0 sapplied=0 crate=-11 uimp=-56280 upos=3750 uneg=5185 ball=-9.03 vball=-0.37 aball=-2.4 bref=0.00 pid=-10.7 pref=608.1 ppos=609.1 apid=-0.0 integ=-3.9 vision=1 current=1 vframe=2720 vs=1 vage=3 vpage=3 vdt=31 vmax=200 vacc=2663 vrej=0 seq=0 elapsed=0 oled=3C
[  12827] STATUS mode=3 fault=none enc=772 denc=0 sreq=0 sapplied=0 crate=0 uimp=-56280 upos=3750 uneg=5185 ball=-9.03 vball=-0.24 aball=-2.4 bref=0.00 pid=0.0 pref=608.7 ppos=609.1 apid=-0.0 integ=-4.0 vision=1 current=1 vframe=2721 vs=1 vage=8 vpage=8 vdt=35 vmax=200 vacc=2664 vrej=0 seq=0 elapsed=0 oled=3C
[  12843] STATUS mode=3 fault=none enc=772 denc=0 sreq=0 sapplied=0 crate=0 uimp=-56280 upos=3750 uneg=5185 ball=-9.03 vball=-0.24 aball=-2.4 bref=0.00 pid=0.0 pref=608.7 ppos=609.1 apid=-0.0 integ=-4.0 vision=1 current=1 vframe=2721 vs=1 vage=28 vpage=28 vdt=35 vmax=200 vacc=2664 vrej=0 seq=0 elapsed=0 oled=3C
[  12875] STATUS mode=3 fault=none enc=772 denc=0 sreq=0 sapplied=0 crate=0 uimp=-56280 upos=3750 uneg=5185 ball=-9.02 vball=-0.15 aball=0.4 bref=0.00 pid=0.0 pref=609.1 ppos=609.1 apid=0.0 integ=-4.2 vision=1 current=1 vframe=2722 vs=1 vage=14 vpage=14 vdt=34 vmax=200 vacc=2665 vrej=0 seq=0 elapsed=0 oled=3C
[  12905] STATUS mode=3 fault=none enc=772 denc=0 sreq=0 sapplied=0 crate=0 uimp=-56280 upos=3750 uneg=5185 ball=-9.02 vball=-0.10 aball=0.4 bref=0.00 pid=0.0 pref=609.3 ppos=609.1 apid=0.0 integ=-4.3 vision=1 current=1 vframe=2723 vs=1 vage=21 vpage=21 vdt=33 vmax=200 vacc=2666 vrej=0 seq=0 elapsed=0 oled=3C
[  12921] STATUS mode=3 fault=none enc=772 denc=0 sreq=0 sapplied=0 crate=0 uimp=-56280 upos=3750 uneg=5185 ball=-9.02 vball=-0.06 aball=0.4 bref=0.00 pid=0.0 pref=609.3 ppos=609.1 apid=0.0 integ=-4.5 vision=1 current=1 vframe=2724 vs=1 vage=8 vpage=8 vdt=33 vmax=200 vacc=2667 vrej=0 seq=0 elapsed=0 oled=3C
[  12952] STATUS mode=3 fault=none enc=772 denc=0 sreq=0 sapplied=0 crate=0 uimp=-56280 upos=3750 uneg=5185 ball=-9.02 vball=-0.06 aball=0.4 bref=0.00 pid=0.0 pref=609.3 ppos=609.1 apid=0.0 integ=-4.5 vision=1 current=1 vframe=2724 vs=1 vage=28 vpage=28 vdt=33 vmax=200 vacc=2667 vrej=0 seq=0 elapsed=0 oled=3C
[  12984] STATUS mode=3 fault=none enc=772 denc=0 sreq=0 sapplied=0 crate=0 uimp=-56280 upos=3750 uneg=5185 ball=-9.02 vball=-0.02 aball=0.7 bref=0.00 pid=0.0 pref=609.3 ppos=609.1 apid=0.0 integ=-4.6 vision=1 current=1 vframe=2726 vs=1 vage=1 vpage=1 vdt=33 vmax=200 vacc=2669 vrej=0 seq=0 elapsed=0 oled=3C
[  13000] STATUS mode=3 fault=none enc=772 denc=0 sreq=0 sapplied=0 crate=0 uimp=-56280 upos=3750 uneg=5185 ball=-9.02 vball=-0.02 aball=0.7 bref=0.00 pid=0.0 pref=609.3 ppos=609.1 apid=0.0 integ=-4.8 vision=1 current=1 vframe=2726 vs=1 vage=21 vpage=21 vdt=33 vmax=200 vacc=2669 vrej=0 seq=0 elapsed=0 oled=3C
[  13030] STATUS mode=3 fault=none enc=772 denc=0 sreq=0 sapplied=0 crate=0 uimp=-56280 upos=3750 uneg=5185 ball=-9.02 vball=-0.01 aball=0.7 bref=0.00 pid=0.0 pref=609.2 ppos=609.1 apid=0.0 integ=-4.9 vision=1 current=1 vframe=2727 vs=1 vage=8 vpage=8 vdt=33 vmax=200 vacc=2670 vrej=0 seq=0 elapsed=0 oled=3C
[  13062] STATUS mode=3 fault=none enc=772 denc=0 sreq=0 sapplied=0 crate=0 uimp=-56280 upos=3750 uneg=5185 ball=-9.02 vball=-0.01 aball=0.7 bref=0.00 pid=0.0 pref=609.2 ppos=609.1 apid=0.0 integ=-4.9 vision=1 current=1 vframe=2727 vs=1 vage=28 vpage=28 vdt=33 vmax=200 vacc=2670 vrej=0 seq=0 elapsed=0 oled=3C
[  13077] STATUS mode=3 fault=none enc=772 denc=0 sreq=0 sapplied=0 crate=0 uimp=-56280 upos=3750 uneg=5185 ball=-9.02 vball=-0.00 aball=0.5 bref=0.00 pid=0.0 pref=609.0 ppos=609.1 apid=0.0 integ=-5.2 vision=1 current=1 vframe=2729 vs=1 vage=2 vpage=2 vdt=32 vmax=200 vacc=2672 vrej=0 seq=0 elapsed=0 oled=3C
[  13109] STATUS mode=3 fault=none enc=772 denc=0 sreq=0 sapplied=0 crate=0 uimp=-56280 upos=3750 uneg=5185 ball=-9.02 vball=-0.00 aball=0.5 bref=0.00 pid=0.0 pref=609.0 ppos=609.1 apid=0.0 integ=-5.2 vision=1 current=1 vframe=2729 vs=1 vage=22 vpage=22 vdt=32 vmax=200 vacc=2672 vrej=0 seq=0 elapsed=0 oled=3C
[  13141] STATUS mode=3 fault=none enc=772 denc=0 sreq=25 sapplied=25 crate=25 uimp=-56280 upos=3750 uneg=5185 ball=-8.97 vball=0.47 aball=0.5 bref=0.00 pid=25.3 pref=611.7 ppos=609.1 apid=0.0 integ=-5.4 vision=1 current=1 vframe=2730 vs=1 vage=7 vpage=7 vdt=35 vmax=200 vacc=2673 vrej=0 seq=0 elapsed=0 oled=3C
[  13155] STATUS mode=3 fault=none enc=773 denc=0 sreq=31 sapplied=31 crate=31 uimp=-55275 upos=3790 uneg=5185 ball=-8.92 vball=0.74 aball=3.7 bref=0.00 pid=30.6 pref=613.2 ppos=610.2 apid=0.0 integ=-5.5 vision=1 current=1 vframe=2731 vs=1 vage=15 vpage=15 vdt=32 vmax=200 vacc=2674 vrej=0 seq=0 elapsed=0 oled=3C
[  13187] STATUS mode=3 fault=none enc=773 denc=0 sreq=0 sapplied=0 crate=17 uimp=-54705 upos=3810 uneg=5185 ball=-8.91 vball=0.63 aball=3.7 bref=0.00 pid=17.0 pref=612.4 ppos=610.7 apid=0.0 integ=-5.7 vision=1 current=1 vframe=2732 vs=1 vage=2 vpage=2 vdt=33 vmax=200 vacc=2675 vrej=0 seq=0 elapsed=0 oled=3C
[  13218] STATUS mode=3 fault=none enc=774 denc=0 sreq=0 sapplied=0 crate=17 uimp=-54705 upos=3810 uneg=5185 ball=-8.91 vball=0.63 aball=3.7 bref=0.00 pid=17.0 pref=612.4 ppos=610.7 apid=0.0 integ=-5.7 vision=1 current=1 vframe=2732 vs=1 vage=22 vpage=22 vdt=33 vmax=200 vacc=2675 vrej=0 seq=0 elapsed=0 oled=3C
[  13250] STATUS mode=3 fault=none enc=774 denc=0 sreq=0 sapplied=0 crate=0 uimp=-54705 upos=3810 uneg=5185 ball=-8.91 vball=0.45 aball=3.7 bref=0.00 pid=0.0 pref=611.2 ppos=610.7 apid=0.0 integ=-5.8 vision=1 current=1 vframe=2733 vs=1 vage=29 vpage=29 vdt=33 vmax=200 vacc=2676 vrej=0 seq=0 elapsed=0 oled=3C
[  13266] STATUS mode=3 fault=none enc=774 denc=0 sreq=0 sapplied=0 crate=0 uimp=-54705 upos=3810 uneg=5185 ball=-8.91 vball=0.30 aball=0.0 bref=0.00 pid=0.0 pref=610.1 ppos=610.7 apid=0.0 integ=-6.0 vision=1 current=1 vframe=2734 vs=1 vage=16 vpage=16 vdt=33 vmax=200 vacc=2677 vrej=0 seq=0 elapsed=0 oled=3C
[  13296] STATUS mode=3 fault=none enc=774 denc=0 sreq=0 sapplied=0 crate=0 uimp=-54705 upos=3810 uneg=5185 ball=-8.91 vball=0.20 aball=0.0 bref=0.00 pid=0.0 pref=610.1 ppos=610.7 apid=0.0 integ=-6.0 vision=1 current=1 vframe=2735 vs=1 vage=1 vpage=1 vdt=35 vmax=200 vacc=2678 vrej=0 seq=0 elapsed=0 oled=3C
[  13327] STATUS mode=3 fault=none enc=774 denc=0 sreq=-20 sapplied=-20 crate=-20 uimp=-54705 upos=3810 uneg=5185 ball=-8.91 vball=0.12 aball=0.0 bref=0.00 pid=-19.6 pref=608.8 ppos=610.7 apid=0.0 integ=-6.3 vision=1 current=1 vframe=2736 vs=1 vage=9 vpage=9 vdt=32 vmax=200 vacc=2679 vrej=0 seq=0 elapsed=0 oled=3C
[  13343] STATUS mode=3 fault=none enc=774 denc=0 sreq=0 sapplied=0 crate=-19 uimp=-54805 upos=3810 uneg=5190 ball=-8.91 vball=0.12 aball=0.0 bref=0.00 pid=-18.6 pref=608.8 ppos=610.6 apid=0.0 integ=-6.3 vision=1 current=1 vframe=2736 vs=1 vage=29 vpage=29 vdt=32 vmax=200 vacc=2679 vrej=0 seq=0 elapsed=0 oled=3C
[  13375] STATUS mode=3 fault=none enc=774 denc=0 sreq=-20 sapplied=-20 crate=-20 uimp=-55025 upos=3810 uneg=5200 ball=-8.92 vball=0.08 aball=-1.0 bref=0.00 pid=-20.4 pref=608.4 ppos=610.4 apid=-0.0 integ=-6.4 vision=1 current=1 vframe=2737 vs=1 vage=16 vpage=16 vdt=33 vmax=200 vacc=2680 vrej=0 seq=0 elapsed=0 oled=3C
[  13405] STATUS mode=3 fault=none enc=774 denc=0 sreq=-20 sapplied=-20 crate=-20 uimp=-55455 upos=3810 uneg=5220 ball=-8.92 vball=0.05 aball=-1.0 bref=0.00 pid=-19.6 pref=608.0 ppos=610.0 apid=-0.0 integ=-6.6 vision=1 current=1 vframe=2738 vs=1 vage=17 vpage=17 vdt=39 vmax=200 vacc=2681 vrej=0 seq=0 elapsed=0 oled=3C
[  13421] STATUS mode=3 fault=none enc=774 denc=0 sreq=0 sapplied=0 crate=-19 uimp=-55555 upos=3810 uneg=5225 ball=-8.92 vball=0.03 aball=-1.0 bref=0.00 pid=-18.6 pref=608.0 ppos=609.9 apid=-0.0 integ=-6.6 vision=1 current=1 vframe=2739 vs=1 vage=1 vpage=1 vdt=36 vmax=200 vacc=2682 vrej=0 seq=0 elapsed=0 oled=3C
[  13452] STATUS mode=3 fault=none enc=774 denc=0 sreq=0 sapplied=0 crate=-19 uimp=-55760 upos=3810 uneg=5235 ball=-8.92 vball=0.03 aball=-1.0 bref=0.00 pid=-19.4 pref=607.7 ppos=609.7 apid=-0.0 integ=-6.7 vision=1 current=1 vframe=2739 vs=1 vage=21 vpage=21 vdt=36 vmax=200 vacc=2682 vrej=0 seq=0 elapsed=0 oled=3C
[  13484] STATUS mode=3 fault=none enc=774 denc=0 sreq=0 sapplied=0 crate=-19 uimp=-56175 upos=3810 uneg=5255 ball=-8.92 vball=0.01 aball=-0.8 bref=0.00 pid=-18.8 pref=607.4 ppos=609.3 apid=-0.0 integ=-7.0 vision=1 current=1 vframe=2741 vs=1 vage=7 vpage=7 vdt=15 vmax=200 vacc=2684 vrej=0 seq=0 elapsed=0 oled=3C
[  13516] STATUS mode=3 fault=none enc=774 denc=0 sreq=0 sapplied=0 crate=-19 uimp=-56175 upos=3810 uneg=5255 ball=-8.92 vball=0.01 aball=-0.8 bref=0.00 pid=-18.8 pref=607.4 ppos=609.3 apid=-0.0 integ=-7.0 vision=1 current=1 vframe=2741 vs=1 vage=27 vpage=27 vdt=15 vmax=200 vacc=2684 vrej=0 seq=0 elapsed=0 oled=3C
[  13530] STATUS mode=3 fault=none enc=774 denc=0 sreq=0 sapplied=0 crate=-19 uimp=-56175 upos=3810 uneg=5255 ball=-8.92 vball=0.01 aball=-0.8 bref=0.00 pid=-18.8 pref=607.4 ppos=609.3 apid=-0.0 integ=-7.0 vision=1 current=1 vframe=2741 vs=1 vage=47 vpage=47 vdt=15 vmax=200 vacc=2684 vrej=0 seq=0 elapsed=0 oled=3C
[  13562] STATUS mode=3 fault=none enc=774 denc=0 sreq=0 sapplied=0 crate=-19 uimp=-56480 upos=3810 uneg=5270 ball=-8.92 vball=0.01 aball=-0.5 bref=0.00 pid=-18.7 pref=607.1 ppos=608.9 apid=-0.0 integ=-7.3 vision=1 current=1 vframe=2743 vs=1 vage=21 vpage=21 vdt=17 vmax=200 vacc=2686 vrej=0 seq=0 elapsed=0 oled=3C
[  13593] STATUS mode=3 fault=none enc=774 denc=0 sreq=0 sapplied=0 crate=-19 uimp=-56585 upos=3810 uneg=5275 ball=-8.92 vball=0.00 aball=-0.5 bref=0.00 pid=-19.5 pref=606.9 ppos=608.8 apid=-0.0 integ=-7.4 vision=1 current=1 vframe=2744 vs=1 vage=14 vpage=14 vdt=27 vmax=200 vacc=2687 vrej=0 seq=0 elapsed=0 oled=3C
[  13609] STATUS mode=3 fault=none enc=774 denc=0 sreq=-21 sapplied=-21 crate=-21 uimp=-56585 upos=3810 uneg=5275 ball=-8.92 vball=0.00 aball=-0.5 bref=0.00 pid=-20.9 pref=606.8 ppos=608.8 apid=-0.0 integ=-7.5 vision=1 current=1 vframe=2745 vs=1 vage=3 vpage=3 vdt=31 vmax=200 vacc=2688 vrej=0 seq=0 elapsed=0 oled=3C
[  13641] STATUS mode=3 fault=none enc=774 denc=0 sreq=0 sapplied=0 crate=-19 uimp=-56890 upos=3810 uneg=5290 ball=-8.92 vball=0.00 aball=-0.3 bref=0.00 pid=-19.2 pref=606.6 ppos=608.5 apid=-0.0 integ=-7.7 vision=1 current=1 vframe=2746 vs=1 vage=11 vpage=11 vdt=32 vmax=200 vacc=2689 vrej=0 seq=0 elapsed=0 oled=3C
[  13671] STATUS mode=3 fault=none enc=774 denc=0 sreq=0 sapplied=0 crate=-19 uimp=-56890 upos=3810 uneg=5290 ball=-8.92 vball=0.00 aball=-0.3 bref=0.00 pid=-19.2 pref=606.6 ppos=608.5 apid=-0.0 integ=-7.7 vision=1 current=1 vframe=2746 vs=1 vage=31 vpage=31 vdt=32 vmax=200 vacc=2689 vrej=0 seq=0 elapsed=0 oled=3C
[  13702] STATUS mode=3 fault=none enc=774 denc=0 sreq=0 sapplied=0 crate=-19 uimp=-57095 upos=3810 uneg=5300 ball=-8.92 vball=0.00 aball=-0.3 bref=0.00 pid=-18.6 pref=606.5 ppos=608.3 apid=-0.0 integ=-7.8 vision=1 current=1 vframe=2747 vs=1 vage=19 vpage=19 vdt=32 vmax=200 vacc=2690 vrej=0 seq=0 elapsed=0 oled=3C
[  13718] STATUS mode=3 fault=none enc=774 denc=0 sreq=0 sapplied=0 crate=-19 uimp=-57195 upos=3810 uneg=5305 ball=-8.92 vball=0.00 aball=-0.3 bref=0.00 pid=-19.1 pref=606.3 ppos=608.2 apid=-0.0 integ=-8.0 vision=1 current=1 vframe=2748 vs=1 vage=25 vpage=25 vdt=34 vmax=200 vacc=2691 vrej=0 seq=0 elapsed=0 oled=3C
[  13750] STATUS mode=3 fault=none enc=774 denc=0 sreq=-60 sapplied=-60 crate=-60 uimp=-57510 upos=3810 uneg=5310 ball=-9.00 vball=-0.69 aball=-3.3 bref=0.00 pid=-59.9 pref=601.9 ppos=607.9 apid=-0.0 integ=-8.1 vision=1 current=1 vframe=2749 vs=1 vage=11 vpage=11 vdt=34 vmax=200 vacc=2692 vrej=0 seq=0 elapsed=0 oled=3C
[  13780] STATUS mode=3 fault=none enc=773 denc=1 sreq=-49 sapplied=-49 crate=-49 uimp=-58620 upos=3810 uneg=5330 ball=-9.00 vball=-0.69 aball=-3.3 bref=0.00 pid=-48.8 pref=601.9 ppos=606.8 apid=-0.0 integ=-8.1 vision=1 current=1 vframe=2749 vs=1 vage=31 vpage=31 vdt=34 vmax=200 vacc=2692 vrej=0 seq=0 elapsed=0 oled=3C
[  13796] STATUS mode=3 fault=none enc=771 denc=0 sreq=-26 sapplied=-26 crate=-26 uimp=-60340 upos=3810 uneg=5370 ball=-9.03 vball=-0.54 aball=-3.3 bref=0.00 pid=-25.9 pref=602.5 ppos=605.1 apid=-0.0 integ=-8.4 vision=1 current=1 vframe=2751 vs=1 vage=4 vpage=4 vdt=34 vmax=200 vacc=2694 vrej=0 seq=0 elapsed=0 oled=3C
[  13827] STATUS mode=3 fault=none enc=772 denc=0 sreq=-21 sapplied=-21 crate=-21 uimp=-60820 upos=3810 uneg=5390 ball=-9.03 vball=-0.54 aball=-3.3 bref=0.00 pid=-21.1 pref=602.5 ppos=604.6 apid=-0.0 integ=-8.4 vision=1 current=1 vframe=2751 vs=1 vage=24 vpage=24 vdt=34 vmax=200 vacc=2694 vrej=0 seq=0 elapsed=0 oled=3C
[  13859] STATUS mode=3 fault=none enc=771 denc=0 sreq=0 sapplied=0 crate=0 uimp=-61025 upos=3810 uneg=5400 ball=-9.03 vball=-0.36 aball=-0.3 bref=0.00 pid=0.0 pref=603.4 ppos=604.4 apid=-0.0 integ=-8.6 vision=1 current=1 vframe=2752 vs=1 vage=12 vpage=12 vdt=32 vmax=200 vacc=2695 vrej=0 seq=0 elapsed=0 oled=3C
[  13891] STATUS mode=3 fault=none enc=771 denc=0 sreq=0 sapplied=0 crate=0 uimp=-61025 upos=3810 uneg=5400 ball=-9.03 vball=-0.24 aball=-0.3 bref=0.00 pid=0.0 pref=604.0 ppos=604.4 apid=-0.0 integ=-8.7 vision=1 current=1 vframe=2753 vs=1 vage=19 vpage=19 vdt=33 vmax=200 vacc=2696 vrej=0 seq=0 elapsed=0 oled=3C
[  13905] STATUS mode=3 fault=none enc=771 denc=0 sreq=0 sapplied=0 crate=0 uimp=-61025 upos=3810 uneg=5400 ball=-9.02 vball=-0.15 aball=-0.3 bref=0.00 pid=0.0 pref=604.4 ppos=604.4 apid=-0.0 integ=-8.9 vision=1 current=1 vframe=2754 vs=1 vage=5 vpage=5 vdt=34 vmax=200 vacc=2697 vrej=0 seq=0 elapsed=0 oled=3C
[  13937] STATUS mode=3 fault=none enc=771 denc=0 sreq=0 sapplied=0 crate=0 uimp=-61025 upos=3810 uneg=5400 ball=-9.02 vball=-0.15 aball=-0.3 bref=0.00 pid=0.0 pref=604.4 ppos=604.4 apid=-0.0 integ=-8.9 vision=1 current=1 vframe=2754 vs=1 vage=25 vpage=25 vdt=34 vmax=200 vacc=2697 vrej=0 seq=0 elapsed=0 oled=3C
[  13968] STATUS mode=3 fault=none enc=771 denc=0 sreq=0 sapplied=0 crate=0 uimp=-61025 upos=3810 uneg=5400 ball=-9.02 vball=-0.09 aball=1.0 bref=0.00 pid=0.0 pref=604.6 ppos=604.4 apid=0.0 integ=-9.0 vision=1 current=1 vframe=2755 vs=1 vage=32 vpage=32 vdt=33 vmax=200 vacc=2698 vrej=0 seq=0 elapsed=0 oled=3C
[  13984] STATUS mode=3 fault=none enc=771 denc=0 sreq=0 sapplied=0 crate=0 uimp=-61025 upos=3810 uneg=5400 ball=-9.02 vball=-0.06 aball=1.0 bref=0.00 pid=0.0 pref=604.6 ppos=604.4 apid=0.0 integ=-9.2 vision=1 current=1 vframe=2756 vs=1 vage=18 vpage=18 vdt=34 vmax=200 vacc=2699 vrej=0 seq=0 elapsed=0 oled=3C
[  14016] STATUS mode=3 fault=none enc=771 denc=0 sreq=0 sapplied=0 crate=0 uimp=-61025 upos=3810 uneg=5400 ball=-9.02 vball=-0.04 aball=1.0 bref=0.00 pid=0.0 pref=604.6 ppos=604.4 apid=0.0 integ=-9.3 vision=1 current=1 vframe=2757 vs=1 vage=5 vpage=5 vdt=33 vmax=200 vacc=2700 vrej=0 seq=0 elapsed=0 oled=3C
[  14046] STATUS mode=3 fault=none enc=771 denc=0 sreq=0 sapplied=0 crate=0 uimp=-61025 upos=3810 uneg=5400 ball=-9.02 vball=-0.04 aball=1.0 bref=0.00 pid=0.0 pref=604.6 ppos=604.4 apid=0.0 integ=-9.3 vision=1 current=1 vframe=2757 vs=1 vage=25 vpage=25 vdt=33 vmax=200 vacc=2700 vrej=0 seq=0 elapsed=0 oled=3C
[  14062] STATUS mode=3 fault=none enc=771 denc=0 sreq=0 sapplied=0 crate=0 uimp=-61025 upos=3810 uneg=5400 ball=-9.02 vball=-0.02 aball=0.9 bref=0.00 pid=0.0 pref=604.6 ppos=604.4 apid=0.0 integ=-9.5 vision=1 current=1 vframe=2758 vs=1 vage=32 vpage=32 vdt=33 vmax=200 vacc=2701 vrej=0 seq=0 elapsed=0 oled=3C
[  14093] STATUS mode=3 fault=none enc=771 denc=0 sreq=0 sapplied=0 crate=0 uimp=-61025 upos=3810 uneg=5400 ball=-9.02 vball=-0.01 aball=0.9 bref=0.00 pid=0.0 pref=604.5 ppos=604.4 apid=0.0 integ=-9.6 vision=1 current=1 vframe=2759 vs=1 vage=19 vpage=19 vdt=33 vmax=200 vacc=2702 vrej=0 seq=0 elapsed=0 oled=3C
[  14125] STATUS mode=3 fault=none enc=771 denc=0 sreq=0 sapplied=0 crate=0 uimp=-61025 upos=3810 uneg=5400 ball=-9.02 vball=-0.01 aball=0.9 bref=0.00 pid=0.0 pref=604.3 ppos=604.4 apid=0.0 integ=-9.8 vision=1 current=1 vframe=2767 vs=1 vage=4 vpage=4 vdt=35 vmax=200 vacc=2710 vrej=0 seq=0 elapsed=0 oled=3C
[  14141] STATUS mode=3 fault=none enc=771 denc=0 sreq=0 sapplied=0 crate=0 uimp=-61025 upos=3810 uneg=5400 ball=-9.02 vball=-0.00 aball=0.6 bref=0.00 pid=0.0 pref=604.2 ppos=604.4 apid=0.0 integ=-9.9 vision=1 current=1 vframe=2768 vs=1 vage=11 vpage=11 vdt=33 vmax=200 vacc=2711 vrej=0 seq=0 elapsed=0 oled=3C
[  14171] STATUS mode=3 fault=none enc=771 denc=0 sreq=0 sapplied=0 crate=0 uimp=-61025 upos=3810 uneg=5400 ball=-9.02 vball=-0.00 aball=0.6 bref=0.00 pid=0.0 pref=604.2 ppos=604.4 apid=0.0 integ=-9.9 vision=1 current=1 vframe=2768 vs=1 vage=31 vpage=31 vdt=33 vmax=200 vacc=2711 vrej=0 seq=0 elapsed=0 oled=3C
[  14202] STATUS mode=3 fault=none enc=771 denc=0 sreq=0 sapplied=0 crate=0 uimp=-61025 upos=3810 uneg=5400 ball=-9.02 vball=-0.00 aball=0.6 bref=0.00 pid=0.0 pref=604.1 ppos=604.4 apid=0.0 integ=-10.1 vision=1 current=1 vframe=2769 vs=1 vage=18 vpage=18 vdt=33 vmax=200 vacc=2712 vrej=0 seq=0 elapsed=0 oled=3C
[  14218] STATUS mode=3 fault=none enc=771 denc=0 sreq=0 sapplied=0 crate=0 uimp=-61025 upos=3810 uneg=5400 ball=-9.02 vball=-0.00 aball=0.6 bref=0.00 pid=0.0 pref=603.9 ppos=604.4 apid=0.0 integ=-10.2 vision=1 current=1 vframe=2770 vs=1 vage=25 vpage=25 vdt=33 vmax=200 vacc=2713 vrej=0 seq=0 elapsed=0 oled=3C
[  14250] STATUS mode=3 fault=none enc=771 denc=0 sreq=35 sapplied=35 crate=35 uimp=-60845 upos=3815 uneg=5400 ball=-8.94 vball=0.69 aball=3.5 bref=0.00 pid=34.5 pref=608.0 ppos=604.6 apid=0.0 integ=-10.4 vision=1 current=1 vframe=2771 vs=1 vage=12 vpage=12 vdt=33 vmax=200 vacc=2714 vrej=0 seq=0 elapsed=0 oled=3C
[  14280] STATUS mode=3 fault=none enc=770 denc=0 sreq=28 sapplied=28 crate=28 uimp=-60200 upos=3835 uneg=5400 ball=-8.94 vball=0.69 aball=3.5 bref=0.00 pid=28.1 pref=608.0 ppos=605.2 apid=0.0 integ=-10.4 vision=1 current=1 vframe=2771 vs=1 vage=32 vpage=32 vdt=33 vmax=200 vacc=2714 vrej=0 seq=0 elapsed=0 oled=3C
[  14296] STATUS mode=3 fault=none enc=771 denc=0 sreq=0 sapplied=0 crate=0 uimp=-59370 upos=3870 uneg=5400 ball=-8.91 vball=0.54 aball=3.5 bref=0.00 pid=0.0 pref=606.9 ppos=606.1 apid=0.0 integ=-10.7 vision=1 current=1 vframe=2773 vs=1 vage=5 vpage=5 vdt=33 vmax=200 vacc=2716 vrej=0 seq=0 elapsed=0 oled=3C
[  14327] STATUS mode=3 fault=none enc=771 denc=0 sreq=0 sapplied=0 crate=0 uimp=-59370 upos=3870 uneg=5400 ball=-8.91 vball=0.54 aball=3.5 bref=0.00 pid=0.0 pref=606.9 ppos=606.1 apid=0.0 integ=-10.7 vision=1 current=1 vframe=2773 vs=1 vage=25 vpage=25 vdt=33 vmax=200 vacc=2716 vrej=0 seq=0 elapsed=0 oled=3C
[  14359] STATUS mode=3 fault=none enc=771 denc=0 sreq=0 sapplied=0 crate=0 uimp=-59370 upos=3870 uneg=5400 ball=-8.91 vball=0.37 aball=0.5 bref=0.00 pid=0.0 pref=605.7 ppos=606.1 apid=0.0 integ=-10.8 vision=1 current=1 vframe=2774 vs=1 vage=12 vpage=12 vdt=33 vmax=200 vacc=2717 vrej=0 seq=0 elapsed=0 oled=3C
[  14375] STATUS mode=3 fault=none enc=771 denc=0 sreq=-50 sapplied=-50 crate=-50 uimp=-59905 upos=3870 uneg=5410 ball=-8.99 vball=-0.45 aball=0.5 bref=0.00 pid=-49.9 pref=600.5 ppos=605.5 apid=0.0 integ=-11.0 vision=1 current=1 vframe=2775 vs=1 vage=18 vpage=18 vdt=34 vmax=200 vacc=2718 vrej=0 seq=0 elapsed=0 oled=3C
[  14405] STATUS mode=3 fault=none enc=770 denc=-1 sreq=-48 sapplied=-48 crate=-48 uimp=-60830 upos=3870 uneg=5430 ball=-9.02 vball=-0.55 aball=0.5 bref=0.00 pid=-48.5 pref=599.8 ppos=604.6 apid=0.0 integ=-11.1 vision=1 current=1 vframe=2776 vs=1 vage=5 vpage=5 vdt=33 vmax=200 vacc=2719 vrej=0 seq=0 elapsed=0 oled=3C
[  14437] STATUS mode=3 fault=none enc=769 denc=-1 sreq=-39 sapplied=-39 crate=-39 uimp=-61730 upos=3870 uneg=5450 ball=-9.02 vball=-0.55 aball=0.5 bref=0.00 pid=-39.5 pref=599.8 ppos=603.7 apid=0.0 integ=-11.1 vision=1 current=1 vframe=2776 vs=1 vage=25 vpage=25 vdt=33 vmax=200 vacc=2719 vrej=0 seq=0 elapsed=0 oled=3C
[  14468] STATUS mode=3 fault=none enc=767 denc=-2 sreq=-22 sapplied=-22 crate=-22 uimp=-62930 upos=3870 uneg=5490 ball=-9.03 vball=-0.44 aball=-3.4 bref=0.00 pid=-22.5 pref=600.3 ppos=602.5 apid=-0.0 integ=-11.3 vision=1 current=1 vframe=2777 vs=1 vage=32 vpage=32 vdt=33 vmax=200 vacc=2720 vrej=0 seq=0 elapsed=0 oled=3C
[  14484] STATUS mode=3 fault=none enc=768 denc=0 sreq=0 sapplied=0 crate=15 uimp=-63040 upos=3870 uneg=5495 ball=-8.98 vball=0.19 aball=-3.4 bref=0.00 pid=15.5 pref=603.9 ppos=602.4 apid=-0.0 integ=-11.4 vision=1 current=1 vframe=2778 vs=1 vage=18 vpage=18 vdt=34 vmax=200 vacc=2721 vrej=0 seq=0 elapsed=0 oled=3C
[  14516] STATUS mode=3 fault=none enc=768 denc=0 sreq=36 sapplied=0 crate=36 uimp=-63040 upos=3870 uneg=5495 ball=-8.93 vball=0.54 aball=-3.4 bref=0.00 pid=35.6 pref=606.0 ppos=602.4 apid=-0.0 integ=-11.6 vision=1 current=1 vframe=2779 vs=1 vage=5 vpage=5 vdt=33 vmax=200 vacc=2722 vrej=0 seq=0 elapsed=0 oled=3C
[  14546] STATUS mode=3 fault=none enc=767 denc=0 sreq=22 sapplied=22 crate=22 uimp=-61995 upos=3905 uneg=5495 ball=-8.91 vball=0.50 aball=2.4 bref=0.00 pid=21.5 pref=605.6 ppos=603.4 apid=0.0 integ=-11.7 vision=1 current=1 vframe=2780 vs=1 vage=12 vpage=12 vdt=33 vmax=200 vacc=2723 vrej=0 seq=0 elapsed=0 oled=3C
[  14562] STATUS mode=3 fault=none enc=768 denc=-1 sreq=0 sapplied=0 crate=19 uimp=-61785 upos=3915 uneg=5495 ball=-8.91 vball=0.50 aball=2.4 bref=0.00 pid=19.4 pref=605.6 ppos=603.6 apid=0.0 integ=-11.7 vision=1 current=1 vframe=2780 vs=1 vage=32 vpage=32 vdt=33 vmax=200 vacc=2723 vrej=0 seq=0 elapsed=0 oled=3C
[  14593] STATUS mode=3 fault=none enc=768 denc=0 sreq=0 sapplied=0 crate=10 uimp=-61785 upos=3915 uneg=5495 ball=-8.91 vball=0.37 aball=2.4 bref=0.00 pid=10.1 pref=604.7 ppos=603.6 apid=0.0 integ=-11.9 vision=1 current=1 vframe=2781 vs=1 vage=18 vpage=18 vdt=34 vmax=200 vacc=2724 vrej=0 seq=0 elapsed=0 oled=3C
[  14625] STATUS mode=3 fault=none enc=768 denc=0 sreq=0 sapplied=0 crate=0 uimp=-61785 upos=3915 uneg=5495 ball=-8.91 vball=0.26 aball=2.4 bref=0.00 pid=0.0 pref=603.8 ppos=603.6 apid=0.0 integ=-12.0 vision=1 current=1 vframe=2782 vs=1 vage=25 vpage=25 vdt=33 vmax=200 vacc=2725 vrej=0 seq=0 elapsed=0 oled=3C
[  14655] STATUS mode=3 fault=none enc=768 denc=0 sreq=0 sapplied=0 crate=0 uimp=-61785 upos=3915 uneg=5495 ball=-8.91 vball=0.17 aball=-0.2 bref=0.00 pid=0.0 pref=603.2 ppos=603.6 apid=-0.0 integ=-12.2 vision=1 current=1 vframe=2783 vs=1 vage=13 vpage=13 vdt=32 vmax=200 vacc=2726 vrej=0 seq=0 elapsed=0 oled=3C
[  14671] STATUS mode=3 fault=none enc=768 denc=0 sreq=0 sapplied=0 crate=0 uimp=-61785 upos=3915 uneg=5495 ball=-8.91 vball=0.17 aball=-0.2 bref=0.00 pid=0.0 pref=603.2 ppos=603.6 apid=-0.0 integ=-12.2 vision=1 current=1 vframe=2783 vs=1 vage=33 vpage=33 vdt=32 vmax=200 vacc=2726 vrej=0 seq=0 elapsed=0 oled=3C
[  14702] STATUS mode=3 fault=none enc=768 denc=0 sreq=0 sapplied=0 crate=-14 uimp=-61785 upos=3915 uneg=5495 ball=-8.92 vball=0.07 aball=-0.2 bref=0.00 pid=-13.9 pref=602.3 ppos=603.6 apid=-0.0 integ=-12.5 vision=1 current=1 vframe=2785 vs=1 vage=6 vpage=6 vdt=33 vmax=200 vacc=2728 vrej=0 seq=0 elapsed=0 oled=3C
[  14734] STATUS mode=3 fault=none enc=768 denc=0 sreq=0 sapplied=0 crate=-14 uimp=-61785 upos=3915 uneg=5495 ball=-8.92 vball=0.07 aball=-0.2 bref=0.00 pid=-13.9 pref=602.3 ppos=603.6 apid=-0.0 integ=-12.5 vision=1 current=1 vframe=2785 vs=1 vage=26 vpage=26 vdt=33 vmax=200 vacc=2728 vrej=0 seq=0 elapsed=0 oled=3C
[  14750] STATUS mode=3 fault=none enc=768 denc=0 sreq=0 sapplied=0 crate=-17 uimp=-61785 upos=3915 uneg=5495 ball=-8.92 vball=0.04 aball=-0.7 bref=0.00 pid=-17.2 pref=601.9 ppos=603.6 apid=-0.0 integ=-12.6 vision=1 current=1 vframe=2786 vs=1 vage=12 vpage=12 vdt=34 vmax=200 vacc=2729 vrej=0 seq=0 elapsed=0 oled=3C
[  14780] STATUS mode=3 fault=none enc=768 denc=0 sreq=0 sapplied=0 crate=-19 uimp=-61885 upos=3915 uneg=5500 ball=-8.92 vball=0.02 aball=-0.7 bref=0.00 pid=-18.8 pref=601.7 ppos=603.5 apid=-0.0 integ=-12.8 vision=1 current=1 vframe=2787 vs=1 vage=20 vpage=20 vdt=32 vmax=200 vacc=2730 vrej=0 seq=0 elapsed=0 oled=3C
[  14812] STATUS mode=3 fault=none enc=768 denc=0 sreq=-20 sapplied=-20 crate=-20 uimp=-61990 upos=3915 uneg=5505 ball=-8.92 vball=0.01 aball=-0.7 bref=0.00 pid=-19.8 pref=601.5 ppos=603.4 apid=-0.0 integ=-12.9 vision=1 current=1 vframe=2788 vs=1 vage=7 vpage=7 vdt=33 vmax=200 vacc=2731 vrej=0 seq=0 elapsed=0 oled=3C
[  14843] STATUS mode=3 fault=none enc=768 denc=0 sreq=0 sapplied=0 crate=-19 uimp=-62090 upos=3915 uneg=5510 ball=-8.92 vball=0.01 aball=-0.7 bref=0.00 pid=-18.8 pref=601.5 ppos=603.3 apid=-0.0 integ=-12.9 vision=1 current=1 vframe=2788 vs=1 vage=27 vpage=27 vdt=33 vmax=200 vacc=2731 vrej=0 seq=0 elapsed=0 oled=3C
[  14859] STATUS mode=3 fault=none enc=768 denc=0 sreq=0 sapplied=0 crate=-19 uimp=-62190 upos=3915 uneg=5515 ball=-8.92 vball=0.01 aball=-0.5 bref=0.00 pid=-19.4 pref=601.3 ppos=603.2 apid=-0.0 integ=-13.1 vision=1 current=1 vframe=2789 vs=1 vage=33 vpage=33 vdt=34 vmax=200 vacc=2732 vrej=0 seq=0 elapsed=0 oled=3C
[  14891] STATUS mode=3 fault=none enc=768 denc=0 sreq=0 sapplied=0 crate=-19 uimp=-62395 upos=3915 uneg=5525 ball=-8.92 vball=0.01 aball=-0.5 bref=0.00 pid=-18.8 pref=601.2 ppos=603.0 apid=-0.0 integ=-13.2 vision=1 current=1 vframe=2790 vs=1 vage=20 vpage=20 vdt=33 vmax=200 vacc=2733 vrej=0 seq=0 elapsed=0 oled=3C
[  14921] STATUS mode=3 fault=none enc=768 denc=0 sreq=-21 sapplied=-21 crate=-21 uimp=-62395 upos=3915 uneg=5525 ball=-8.92 vball=0.00 aball=-0.5 bref=0.00 pid=-20.9 pref=600.9 ppos=603.0 apid=-0.0 integ=-13.4 vision=1 current=1 vframe=2791 vs=1 vage=6 vpage=6 vdt=34 vmax=200 vacc=2734 vrej=0 seq=0 elapsed=0 oled=3C
[  14937] STATUS mode=3 fault=none enc=768 denc=0 sreq=0 sapplied=0 crate=-19 uimp=-62700 upos=3915 uneg=5540 ball=-8.92 vball=0.00 aball=-0.3 bref=0.00 pid=-19.3 pref=600.8 ppos=602.7 apid=-0.0 integ=-13.5 vision=1 current=1 vframe=2792 vs=1 vage=13 vpage=13 vdt=33 vmax=200 vacc=2735 vrej=0 seq=0 elapsed=0 oled=3C
[  14968] STATUS mode=3 fault=none enc=768 denc=0 sreq=0 sapplied=0 crate=-19 uimp=-62700 upos=3915 uneg=5540 ball=-8.92 vball=0.00 aball=-0.3 bref=0.00 pid=-19.3 pref=600.8 ppos=602.7 apid=-0.0 integ=-13.5 vision=1 current=1 vframe=2792 vs=1 vage=33 vpage=33 vdt=33 vmax=200 vacc=2735 vrej=0 seq=0 elapsed=0 oled=3C
[  15000] STATUS mode=3 fault=none enc=768 denc=0 sreq=0 sapplied=0 crate=-19 uimp=-62905 upos=3915 uneg=5550 ball=-8.92 vball=0.00 aball=-0.3 bref=0.00 pid=-18.8 pref=600.6 ppos=602.5 apid=-0.0 integ=-13.7 vision=1 current=1 vframe=2793 vs=1 vage=19 vpage=19 vdt=34 vmax=200 vacc=2736 vrej=0 seq=0 elapsed=0 oled=3C
[  15016] STATUS mode=3 fault=none enc=768 denc=0 sreq=0 sapplied=0 crate=-19 uimp=-63005 upos=3915 uneg=5555 ball=-8.92 vball=0.00 aball=-0.3 bref=0.00 pid=-19.3 pref=600.5 ppos=602.4 apid=-0.0 integ=-13.8 vision=1 current=1 vframe=2794 vs=1 vage=26 vpage=26 vdt=33 vmax=200 vacc=2737 vrej=0 seq=0 elapsed=0 oled=3C
[  15046] STATUS mode=3 fault=none enc=768 denc=0 sreq=0 sapplied=0 crate=-19 uimp=-63210 upos=3915 uneg=5565 ball=-8.92 vball=0.00 aball=-0.2 bref=0.00 pid=-18.7 pref=600.4 ppos=602.2 apid=-0.0 integ=-13.9 vision=1 current=1 vframe=2795 vs=1 vage=13 vpage=13 vdt=33 vmax=200 vacc=2738 vrej=0 seq=0 elapsed=0 oled=3C
[  15077] STATUS mode=3 fault=none enc=768 denc=0 sreq=0 sapplied=0 crate=-19 uimp=-63210 upos=3915 uneg=5565 ball=-8.92 vball=0.00 aball=-0.2 bref=0.00 pid=-18.7 pref=600.4 ppos=602.2 apid=-0.0 integ=-13.9 vision=1 current=1 vframe=2795 vs=1 vage=33 vpage=33 vdt=33 vmax=200 vacc=2738 vrej=0 seq=0 elapsed=0 oled=3C
[  15109] STATUS mode=3 fault=none enc=768 denc=0 sreq=-21 sapplied=-21 crate=-21 uimp=-63310 upos=3915 uneg=5570 ball=-8.92 vball=0.00 aball=-0.2 bref=0.00 pid=-20.7 pref=600.0 ppos=602.1 apid=-0.0 integ=-14.2 vision=1 current=1 vframe=2797 vs=1 vage=5 vpage=5 vdt=35 vmax=200 vacc=2740 vrej=0 seq=0 elapsed=0 oled=3C
[  15125] STATUS mode=3 fault=none enc=768 denc=0 sreq=0 sapplied=0 crate=-19 uimp=-63515 upos=3915 uneg=5580 ball=-8.92 vball=0.00 aball=-0.2 bref=0.00 pid=-18.7 pref=600.0 ppos=601.9 apid=-0.0 integ=-14.2 vision=1 current=1 vframe=2797 vs=1 vage=25 vpage=25 vdt=35 vmax=200 vacc=2740 vrej=0 seq=0 elapsed=0 oled=3C
[  15155] STATUS mode=3 fault=none enc=768 denc=0 sreq=0 sapplied=0 crate=-19 uimp=-63615 upos=3915 uneg=5585 ball=-8.92 vball=0.00 aball=-0.1 bref=0.00 pid=-19.1 pref=599.9 ppos=601.8 apid=-0.0 integ=-14.4 vision=1 current=1 vframe=2798 vs=1 vage=13 vpage=13 vdt=32 vmax=200 vacc=2741 vrej=0 seq=0 elapsed=0 oled=3C
[  15187] STATUS mode=3 fault=none enc=768 denc=0 sreq=0 sapplied=0 crate=-19 uimp=-63820 upos=3915 uneg=5595 ball=-8.92 vball=0.00 aball=-0.1 bref=0.00 pid=-18.6 pref=599.8 ppos=601.6 apid=-0.0 integ=-14.5 vision=1 current=1 vframe=2799 vs=1 vage=19 vpage=19 vdt=34 vmax=200 vacc=2742 vrej=0 seq=0 elapsed=0 oled=3C
[  15218] STATUS mode=3 fault=none enc=768 denc=0 sreq=-20 sapplied=-20 crate=-20 uimp=-63820 upos=3915 uneg=5595 ball=-8.92 vball=0.00 aball=-0.1 bref=0.00 pid=-20.0 pref=599.6 ppos=601.6 apid=-0.0 integ=-14.7 vision=1 current=1 vframe=2800 vs=1 vage=6 vpage=6 vdt=33 vmax=200 vacc=2743 vrej=0 seq=0 elapsed=0 oled=3C
[  15234] STATUS mode=3 fault=none enc=768 denc=0 sreq=0 sapplied=0 crate=-19 uimp=-63920 upos=3915 uneg=5600 ball=-8.92 vball=0.00 aball=-0.1 bref=0.00 pid=-19.0 pref=599.6 ppos=601.5 apid=-0.0 integ=-14.7 vision=1 current=1 vframe=2800 vs=1 vage=26 vpage=26 vdt=33 vmax=200 vacc=2743 vrej=0 seq=0 elapsed=0 oled=3C
[  15266] STATUS mode=3 fault=none enc=768 denc=0 sreq=0 sapplied=0 crate=-19 uimp=-64025 upos=3915 uneg=5605 ball=-8.92 vball=0.00 aball=-0.1 bref=0.00 pid=-19.5 pref=599.5 ppos=601.4 apid=-0.0 integ=-14.8 vision=1 current=1 vframe=2801 vs=1 vage=33 vpage=33 vdt=33 vmax=200 vacc=2744 vrej=0 seq=0 elapsed=0 oled=3C
[  15296] STATUS mode=3 fault=none enc=768 denc=0 sreq=0 sapplied=0 crate=-19 uimp=-64230 upos=3915 uneg=5615 ball=-8.92 vball=0.00 aball=-0.1 bref=0.00 pid=-18.9 pref=599.3 ppos=601.2 apid=-0.0 integ=-15.0 vision=1 current=1 vframe=2802 vs=1 vage=19 vpage=19 vdt=34 vmax=200 vacc=2745 vrej=0 seq=0 elapsed=0 oled=3C
[  15312] STATUS mode=3 fault=none enc=768 denc=0 sreq=-20 sapplied=-20 crate=-20 uimp=-64230 upos=3915 uneg=5615 ball=-8.92 vball=0.00 aball=-0.1 bref=0.00 pid=-20.4 pref=599.2 ppos=601.2 apid=-0.0 integ=-15.1 vision=1 current=1 vframe=2803 vs=1 vage=5 vpage=5 vdt=34 vmax=200 vacc=2746 vrej=0 seq=0 elapsed=0 oled=3C
[  15343] STATUS mode=3 fault=none enc=768 denc=0 sreq=0 sapplied=0 crate=-19 uimp=-64535 upos=3915 uneg=5630 ball=-8.92 vball=0.00 aball=-0.0 bref=0.00 pid=-18.9 pref=599.0 ppos=600.9 apid=-0.0 integ=-15.3 vision=1 current=1 vframe=2804 vs=1 vage=12 vpage=12 vdt=33 vmax=200 vacc=2747 vrej=0 seq=0 elapsed=0 oled=3C
[  15375] STATUS mode=3 fault=none enc=768 denc=0 sreq=0 sapplied=0 crate=-19 uimp=-64535 upos=3915 uneg=5630 ball=-8.92 vball=0.00 aball=-0.0 bref=0.00 pid=-18.9 pref=599.0 ppos=600.9 apid=-0.0 integ=-15.3 vision=1 current=1 vframe=2804 vs=1 vage=32 vpage=32 vdt=33 vmax=200 vacc=2747 vrej=0 seq=0 elapsed=0 oled=3C
[  15405] STATUS mode=3 fault=none enc=768 denc=0 sreq=0 sapplied=0 crate=-19 uimp=-64635 upos=3915 uneg=5635 ball=-8.92 vball=0.00 aball=-0.0 bref=0.00 pid=-19.3 pref=598.9 ppos=600.8 apid=-0.0 integ=-15.4 vision=1 current=1 vframe=2805 vs=1 vage=19 vpage=19 vdt=33 vmax=200 vacc=2748 vrej=0 seq=0 elapsed=0 oled=3C
[  15421] STATUS mode=3 fault=none enc=768 denc=0 sreq=0 sapplied=0 crate=-19 uimp=-64840 upos=3915 uneg=5645 ball=-8.92 vball=0.00 aball=-0.0 bref=0.00 pid=-18.8 pref=598.7 ppos=600.6 apid=-0.0 integ=-15.6 vision=1 current=1 vframe=2806 vs=1 vage=26 vpage=26 vdt=33 vmax=200 vacc=2749 vrej=0 seq=0 elapsed=0 oled=3C
[  15452] STATUS mode=3 fault=none enc=768 denc=0 sreq=0 sapplied=0 crate=-19 uimp=-64940 upos=3915 uneg=5650 ball=-8.92 vball=0.00 aball=-0.0 bref=0.00 pid=-19.3 pref=598.6 ppos=600.5 apid=-0.0 integ=-15.7 vision=1 current=1 vframe=2807 vs=1 vage=12 vpage=12 vdt=34 vmax=200 vacc=2750 vrej=0 seq=0 elapsed=0 oled=3C
[  15484] STATUS mode=3 fault=none enc=768 denc=0 sreq=0 sapplied=0 crate=-19 uimp=-64940 upos=3915 uneg=5650 ball=-8.92 vball=0.00 aball=-0.0 bref=0.00 pid=-19.3 pref=598.6 ppos=600.5 apid=-0.0 integ=-15.7 vision=1 current=1 vframe=2807 vs=1 vage=32 vpage=32 vdt=34 vmax=200 vacc=2750 vrej=0 seq=0 elapsed=0 oled=3C
[  15500] STATUS mode=3 fault=none enc=768 denc=0 sreq=-20 sapplied=-20 crate=-20 uimp=-65145 upos=3915 uneg=5660 ball=-8.92 vball=0.00 aball=-0.0 bref=0.00 pid=-20.2 pref=598.3 ppos=600.3 apid=-0.0 integ=-16.0 vision=1 current=1 vframe=2809 vs=1 vage=6 vpage=6 vdt=33 vmax=200 vacc=2752 vrej=0 seq=0 elapsed=0 oled=3C
[  15530] STATUS mode=3 fault=none enc=768 denc=0 sreq=0 sapplied=0 crate=-19 uimp=-65245 upos=3915 uneg=5665 ball=-8.92 vball=0.00 aball=-0.0 bref=0.00 pid=-19.2 pref=598.3 ppos=600.2 apid=-0.0 integ=-16.0 vision=1 current=1 vframe=2809 vs=1 vage=26 vpage=26 vdt=33 vmax=200 vacc=2752 vrej=0 seq=0 elapsed=0 oled=3C
[  15562] STATUS mode=3 fault=none enc=768 denc=0 sreq=0 sapplied=0 crate=-19 uimp=-65450 upos=3915 uneg=5675 ball=-8.92 vball=0.00 aball=-0.0 bref=0.00 pid=-18.6 pref=598.1 ppos=600.0 apid=-0.0 integ=-16.2 vision=1 current=1 vframe=2810 vs=1 vage=12 vpage=12 vdt=34 vmax=200 vacc=2753 vrej=0 seq=0 elapsed=0 oled=3C
[  15593] STATUS mode=3 fault=none enc=768 denc=0 sreq=0 sapplied=0 crate=-19 uimp=-65550 upos=3915 uneg=5680 ball=-8.92 vball=0.00 aball=-0.0 bref=0.00 pid=-19.1 pref=598.0 ppos=599.9 apid=-0.0 integ=-16.3 vision=1 current=1 vframe=2811 vs=1 vage=19 vpage=19 vdt=33 vmax=200 vacc=2754 vrej=0 seq=0 elapsed=0 oled=3C
[  15609] STATUS mode=3 fault=none enc=768 denc=0 sreq=-21 sapplied=-21 crate=-21 uimp=-65550 upos=3915 uneg=5680 ball=-8.92 vball=0.00 aball=-0.0 bref=0.00 pid=-20.6 pref=597.8 ppos=599.9 apid=-0.0 integ=-16.5 vision=1 current=1 vframe=2812 vs=1 vage=5 vpage=5 vdt=34 vmax=200 vacc=2755 vrej=0 seq=0 elapsed=0 oled=3C
[  15641] STATUS mode=3 fault=none enc=768 denc=0 sreq=0 sapplied=0 crate=-19 uimp=-65755 upos=3915 uneg=5690 ball=-8.92 vball=0.00 aball=-0.0 bref=0.00 pid=-18.6 pref=597.8 ppos=599.7 apid=-0.0 integ=-16.5 vision=1 current=1 vframe=2812 vs=1 vage=25 vpage=25 vdt=34 vmax=200 vacc=2755 vrej=0 seq=0 elapsed=0 oled=3C
[  15671] STATUS mode=3 fault=none enc=768 denc=0 sreq=0 sapplied=0 crate=-19 uimp=-65855 upos=3915 uneg=5695 ball=-8.92 vball=0.00 aball=-0.0 bref=0.00 pid=-19.0 pref=597.7 ppos=599.6 apid=-0.0 integ=-16.6 vision=1 current=1 vframe=2813 vs=1 vage=33 vpage=33 vdt=32 vmax=200 vacc=2756 vrej=0 seq=0 elapsed=0 oled=3C
[  15687] STATUS mode=3 fault=none enc=768 denc=0 sreq=0 sapplied=0 crate=-19 uimp=-65960 upos=3915 uneg=5700 ball=-8.92 vball=0.00 aball=-0.0 bref=0.00 pid=-19.5 pref=597.5 ppos=599.5 apid=-0.0 integ=-16.8 vision=1 current=1 vframe=2814 vs=1 vage=19 vpage=19 vdt=34 vmax=200 vacc=2757 vrej=0 seq=0 elapsed=0 oled=3C
[  15718] STATUS mode=3 fault=none enc=768 denc=0 sreq=-21 sapplied=-21 crate=-21 uimp=-65960 upos=3915 uneg=5700 ball=-8.92 vball=0.00 aball=-0.0 bref=0.00 pid=-20.9 pref=597.4 ppos=599.5 apid=-0.0 integ=-16.9 vision=1 current=1 vframe=2815 vs=1 vage=6 vpage=6 vdt=33 vmax=200 vacc=2758 vrej=0 seq=0 elapsed=0 oled=3C
[  15750] STATUS mode=3 fault=none enc=768 denc=0 sreq=0 sapplied=0 crate=0 uimp=-66165 upos=3915 uneg=5710 ball=-8.88 vball=0.35 aball=1.6 bref=0.00 pid=0.0 pref=599.4 ppos=599.3 apid=0.0 integ=-17.1 vision=1 current=1 vframe=2816 vs=1 vage=12 vpage=12 vdt=34 vmax=200 vacc=2759 vrej=0 seq=0 elapsed=0 oled=3C
[  15766] STATUS mode=3 fault=none enc=768 denc=0 sreq=0 sapplied=0 crate=0 uimp=-66165 upos=3915 uneg=5710 ball=-8.88 vball=0.35 aball=1.6 bref=0.00 pid=0.0 pref=599.4 ppos=599.3 apid=0.0 integ=-17.1 vision=1 current=1 vframe=2816 vs=1 vage=32 vpage=32 vdt=34 vmax=200 vacc=2759 vrej=0 seq=0 elapsed=0 oled=3C
[  15796] STATUS mode=3 fault=none enc=768 denc=0 sreq=0 sapplied=0 crate=0 uimp=-66165 upos=3915 uneg=5710 ball=-8.87 vball=0.35 aball=1.6 bref=0.00 pid=0.0 pref=599.2 ppos=599.3 apid=0.0 integ=-17.2 vision=1 current=1 vframe=2817 vs=1 vage=19 vpage=19 vdt=33 vmax=200 vacc=2760 vrej=0 seq=0 elapsed=0 oled=3C
[  15827] STATUS mode=3 fault=none enc=768 denc=0 sreq=0 sapplied=0 crate=0 uimp=-66165 upos=3915 uneg=5710 ball=-8.86 vball=0.27 aball=1.6 bref=0.00 pid=0.0 pref=598.6 ppos=599.3 apid=0.0 integ=-17.4 vision=1 current=1 vframe=2818 vs=1 vage=26 vpage=26 vdt=33 vmax=200 vacc=2761 vrej=0 seq=0 elapsed=0 oled=3C
[  15859] STATUS mode=3 fault=none enc=768 denc=0 sreq=-31 sapplied=-31 crate=-31 uimp=-66495 upos=3915 uneg=5720 ball=-8.90 vball=-0.16 aball=-1.4 bref=0.00 pid=-30.9 pref=595.8 ppos=598.9 apid=-0.0 integ=-17.5 vision=1 current=1 vframe=2819 vs=1 vage=12 vpage=12 vdt=34 vmax=200 vacc=2762 vrej=0 seq=0 elapsed=0 oled=3C
[  15875] STATUS mode=3 fault=none enc=768 denc=-1 sreq=-25 sapplied=-25 crate=-25 uimp=-67065 upos=3915 uneg=5740 ball=-8.90 vball=-0.16 aball=-1.4 bref=0.00 pid=-25.2 pref=595.8 ppos=598.4 apid=-0.0 integ=-17.5 vision=1 current=1 vframe=2819 vs=1 vage=32 vpage=32 vdt=34 vmax=200 vacc=2762 vrej=0 seq=0 elapsed=0 oled=3C
[  15905] STATUS mode=3 fault=none enc=767 denc=0 sreq=-20 sapplied=-20 crate=-20 uimp=-68090 upos=3915 uneg=5780 ball=-8.92 vball=-0.19 aball=-1.4 bref=0.00 pid=-19.9 pref=595.3 ppos=597.3 apid=-0.0 integ=-17.8 vision=1 current=1 vframe=2821 vs=1 vage=6 vpage=6 vdt=33 vmax=200 vacc=2764 vrej=0 seq=0 elapsed=0 oled=3C
[  15937] STATUS mode=3 fault=none enc=766 denc=-1 sreq=0 sapplied=0 crate=-19 uimp=-68190 upos=3915 uneg=5785 ball=-8.92 vball=-0.19 aball=-1.4 bref=0.00 pid=-18.9 pref=595.3 ppos=597.2 apid=-0.0 integ=-17.8 vision=1 current=1 vframe=2821 vs=1 vage=26 vpage=26 vdt=33 vmax=200 vacc=2764 vrej=0 seq=0 elapsed=0 oled=3C
[  15968] STATUS mode=3 fault=none enc=766 denc=0 sreq=0 sapplied=0 crate=-17 uimp=-68190 upos=3915 uneg=5785 ball=-8.92 vball=-0.14 aball=-0.7 bref=0.00 pid=-17.4 pref=595.5 ppos=597.2 apid=-0.0 integ=-18.0 vision=1 current=1 vframe=2822 vs=1 vage=13 vpage=13 vdt=33 vmax=200 vacc=2765 vrej=0 seq=0 elapsed=0 oled=3C
[  15984] STATUS mode=3 fault=none enc=766 denc=0 sreq=0 sapplied=0 crate=-16 uimp=-68190 upos=3915 uneg=5785 ball=-8.92 vball=-0.09 aball=-0.7 bref=0.00 pid=-15.9 pref=595.6 ppos=597.2 apid=-0.0 integ=-18.1 vision=1 current=1 vframe=2823 vs=1 vage=19 vpage=19 vdt=34 vmax=200 vacc=2766 vrej=0 seq=0 elapsed=0 oled=3C
[  16016] STATUS mode=3 fault=none enc=766 denc=0 sreq=0 sapplied=0 crate=-16 uimp=-68190 upos=3915 uneg=5785 ball=-8.92 vball=-0.06 aball=-0.7 bref=0.00 pid=-15.6 pref=595.7 ppos=597.2 apid=-0.0 integ=-18.3 vision=1 current=1 vframe=2824 vs=1 vage=6 vpage=6 vdt=33 vmax=200 vacc=2767 vrej=0 seq=0 elapsed=0 oled=3C
[  16046] STATUS mode=3 fault=none enc=766 denc=0 sreq=0 sapplied=0 crate=-16 uimp=-68190 upos=3915 uneg=5785 ball=-8.92 vball=-0.06 aball=-0.7 bref=0.00 pid=-15.6 pref=595.7 ppos=597.2 apid=-0.0 integ=-18.3 vision=1 current=1 vframe=2824 vs=1 vage=26 vpage=26 vdt=33 vmax=200 vacc=2767 vrej=0 seq=0 elapsed=0 oled=3C
[  16062] STATUS mode=3 fault=none enc=766 denc=0 sreq=0 sapplied=0 crate=-16 uimp=-68190 upos=3915 uneg=5785 ball=-8.92 vball=-0.04 aball=0.1 bref=0.00 pid=-15.9 pref=595.7 ppos=597.2 apid=0.0 integ=-18.4 vision=1 current=1 vframe=2825 vs=1 vage=33 vpage=33 vdt=33 vmax=200 vacc=2768 vrej=0 seq=0 elapsed=0 oled=3C
[  16093] STATUS mode=3 fault=none enc=766 denc=0 sreq=0 sapplied=0 crate=-16 uimp=-68190 upos=3915 uneg=5785 ball=-8.92 vball=-0.02 aball=0.1 bref=0.00 pid=-16.1 pref=595.6 ppos=597.2 apid=0.0 integ=-18.6 vision=1 current=1 vframe=2826 vs=1 vage=20 vpage=20 vdt=33 vmax=200 vacc=2769 vrej=0 seq=0 elapsed=0 oled=3C
[  16125] STATUS mode=3 fault=none enc=766 denc=0 sreq=0 sapplied=0 crate=-17 uimp=-68190 upos=3915 uneg=5785 ball=-8.92 vball=-0.01 aball=0.1 bref=0.00 pid=-17.0 pref=595.5 ppos=597.2 apid=0.0 integ=-18.7 vision=1 current=1 vframe=2827 vs=1 vage=7 vpage=7 vdt=33 vmax=200 vacc=2770 vrej=0 seq=0 elapsed=0 oled=3C
[  16141] STATUS mode=3 fault=none enc=766 denc=0 sreq=0 sapplied=0 crate=-18 uimp=-68190 upos=3915 uneg=5785 ball=-8.92 vball=-0.01 aball=0.2 bref=0.00 pid=-18.5 pref=595.4 ppos=597.2 apid=0.0 integ=-18.8 vision=1 current=1 vframe=2828 vs=1 vage=14 vpage=14 vdt=33 vmax=200 vacc=2771 vrej=0 seq=0 elapsed=0 oled=3C
[  16171] STATUS mode=3 fault=none enc=766 denc=0 sreq=0 sapplied=0 crate=-18 uimp=-68190 upos=3915 uneg=5785 ball=-8.92 vball=-0.01 aball=0.2 bref=0.00 pid=-18.5 pref=595.4 ppos=597.2 apid=0.0 integ=-18.8 vision=1 current=1 vframe=2829 vs=1 vage=1 vpage=1 vdt=33 vmax=200 vacc=2772 vrej=0 seq=0 elapsed=0 oled=3C
[  16202] STATUS mode=3 fault=none enc=766 denc=0 sreq=0 sapplied=0 crate=-19 uimp=-68290 upos=3915 uneg=5790 ball=-8.92 vball=-0.01 aball=0.2 bref=0.00 pid=-18.9 pref=595.2 ppos=597.1 apid=0.0 integ=-19.0 vision=1 current=1 vframe=2829 vs=1 vage=21 vpage=21 vdt=33 vmax=200 vacc=2772 vrej=0 seq=0 elapsed=0 oled=3C
[  16234] STATUS mode=3 fault=none enc=766 denc=0 sreq=0 sapplied=0 crate=-19 uimp=-68390 upos=3915 uneg=5795 ball=-8.92 vball=-0.00 aball=0.2 bref=0.00 pid=-18.9 pref=595.2 ppos=597.0 apid=0.0 integ=-19.1 vision=1 current=1 vframe=2830 vs=1 vage=27 vpage=27 vdt=34 vmax=200 vacc=2773 vrej=0 seq=0 elapsed=0 oled=3C
[  16250] STATUS mode=3 fault=none enc=766 denc=0 sreq=0 sapplied=0 crate=-19 uimp=-68490 upos=3915 uneg=5800 ball=-8.92 vball=-0.00 aball=0.1 bref=0.00 pid=-19.3 pref=595.0 ppos=596.9 apid=0.0 integ=-19.3 vision=1 current=1 vframe=2831 vs=1 vage=14 vpage=14 vdt=33 vmax=200 vacc=2774 vrej=0 seq=0 elapsed=0 oled=3C
[  16280] STATUS mode=3 fault=none enc=766 denc=0 sreq=0 sapplied=0 crate=-19 uimp=-68490 upos=3915 uneg=5800 ball=-8.92 vball=-0.00 aball=0.1 bref=0.00 pid=-19.3 pref=595.0 ppos=596.9 apid=0.0 integ=-19.3 vision=1 current=1 vframe=2831 vs=1 vage=34 vpage=34 vdt=33 vmax=200 vacc=2774 vrej=0 seq=0 elapsed=0 oled=3C
[  16312] STATUS mode=3 fault=none enc=766 denc=0 sreq=0 sapplied=0 crate=-19 uimp=-68795 upos=3915 uneg=5815 ball=-8.92 vball=-0.00 aball=0.1 bref=0.00 pid=-19.3 pref=594.7 ppos=596.6 apid=0.0 integ=-19.6 vision=1 current=1 vframe=2833 vs=1 vage=7 vpage=7 vdt=32 vmax=200 vacc=2776 vrej=0 seq=0 elapsed=0 oled=3C
[  16327] STATUS mode=3 fault=none enc=766 denc=0 sreq=0 sapplied=0 crate=-19 uimp=-68795 upos=3915 uneg=5815 ball=-8.92 vball=-0.00 aball=0.1 bref=0.00 pid=-19.3 pref=594.7 ppos=596.6 apid=0.0 integ=-19.6 vision=1 current=1 vframe=2833 vs=1 vage=27 vpage=27 vdt=32 vmax=200 vacc=2776 vrej=0 seq=0 elapsed=0 oled=3C
[  16359] STATUS mode=3 fault=none enc=766 denc=0 sreq=0 sapplied=0 crate=-19 uimp=-69000 upos=3915 uneg=5825 ball=-8.92 vball=-0.00 aball=0.1 bref=0.00 pid=-18.7 pref=594.6 ppos=596.4 apid=0.0 integ=-19.7 vision=1 current=1 vframe=2834 vs=1 vage=13 vpage=13 vdt=34 vmax=200 vacc=2777 vrej=0 seq=0 elapsed=0 oled=3C
[  16391] STATUS mode=3 fault=none enc=766 denc=0 sreq=0 sapplied=0 crate=-19 uimp=-69100 upos=3915 uneg=5830 ball=-8.92 vball=-0.00 aball=0.1 bref=0.00 pid=-19.2 pref=594.4 ppos=596.3 apid=0.0 integ=-19.9 vision=1 current=1 vframe=2835 vs=1 vage=20 vpage=20 vdt=33 vmax=200 vacc=2778 vrej=0 seq=0 elapsed=0 oled=3C
[  16405] STATUS mode=3 fault=none enc=766 denc=0 sreq=-21 sapplied=-21 crate=-21 uimp=-69100 upos=3915 uneg=5830 ball=-8.92 vball=-0.00 aball=0.1 bref=0.00 pid=-20.8 pref=594.3 ppos=596.3 apid=0.0 integ=-20.0 vision=1 current=1 vframe=2836 vs=1 vage=5 vpage=5 vdt=35 vmax=200 vacc=2779 vrej=0 seq=0 elapsed=0 oled=3C
[  16437] STATUS mode=3 fault=none enc=766 denc=0 sreq=0 sapplied=0 crate=-19 uimp=-69305 upos=3915 uneg=5840 ball=-8.92 vball=-0.00 aball=0.1 bref=0.00 pid=-18.7 pref=594.3 ppos=596.1 apid=0.0 integ=-20.0 vision=1 current=1 vframe=2836 vs=1 vage=25 vpage=25 vdt=35 vmax=200 vacc=2779 vrej=0 seq=0 elapsed=0 oled=3C
[  16468] STATUS mode=3 fault=none enc=766 denc=0 sreq=0 sapplied=0 crate=-19 uimp=-69405 upos=3915 uneg=5845 ball=-8.92 vball=-0.00 aball=0.0 bref=0.00 pid=-19.1 pref=594.1 ppos=596.0 apid=0.0 integ=-20.2 vision=1 current=1 vframe=2838 vs=1 vage=1 vpage=1 vdt=33 vmax=200 vacc=2781 vrej=0 seq=0 elapsed=0 oled=3C
[  16500] STATUS mode=3 fault=none enc=766 denc=0 sreq=0 sapplied=0 crate=-19 uimp=-69610 upos=3915 uneg=5855 ball=-8.92 vball=-0.00 aball=0.0 bref=0.00 pid=-18.5 pref=594.0 ppos=595.8 apid=0.0 integ=-20.3 vision=1 current=1 vframe=2838 vs=1 vage=21 vpage=21 vdt=33 vmax=200 vacc=2781 vrej=0 seq=0 elapsed=0 oled=3C
[  16516] STATUS mode=3 fault=none enc=766 denc=0 sreq=0 sapplied=0 crate=-19 uimp=-69710 upos=3915 uneg=5860 ball=-8.92 vball=-0.00 aball=0.0 bref=0.00 pid=-19.0 pref=593.8 ppos=595.7 apid=0.0 integ=-20.5 vision=1 current=1 vframe=2839 vs=1 vage=7 vpage=7 vdt=34 vmax=200 vacc=2782 vrej=0 seq=0 elapsed=0 oled=3C
[  16546] STATUS mode=3 fault=none enc=766 denc=0 sreq=0 sapplied=0 crate=-19 uimp=-69815 upos=3915 uneg=5865 ball=-8.92 vball=-0.00 aball=0.0 bref=0.00 pid=-19.5 pref=593.7 ppos=595.6 apid=0.0 integ=-20.6 vision=1 current=1 vframe=2840 vs=1 vage=14 vpage=14 vdt=33 vmax=200 vacc=2783 vrej=0 seq=0 elapsed=0 oled=3C
[  16577] STATUS mode=3 fault=none enc=766 denc=0 sreq=0 sapplied=0 crate=-19 uimp=-69815 upos=3915 uneg=5865 ball=-8.92 vball=-0.00 aball=0.0 bref=0.00 pid=-19.5 pref=593.7 ppos=595.6 apid=0.0 integ=-20.6 vision=1 current=1 vframe=2840 vs=1 vage=34 vpage=34 vdt=33 vmax=200 vacc=2783 vrej=0 seq=0 elapsed=0 oled=3C
[  16593] STATUS mode=3 fault=none enc=766 denc=0 sreq=0 sapplied=0 crate=-19 uimp=-70020 upos=3915 uneg=5875 ball=-8.92 vball=-0.00 aball=0.0 bref=0.00 pid=-18.9 pref=593.5 ppos=595.4 apid=0.0 integ=-20.8 vision=1 current=1 vframe=2841 vs=1 vage=20 vpage=20 vdt=34 vmax=200 vacc=2784 vrej=0 seq=0 elapsed=0 oled=3C
[  16625] STATUS mode=3 fault=none enc=766 denc=0 sreq=0 sapplied=0 crate=-19 uimp=-70120 upos=3915 uneg=5880 ball=-8.92 vball=-0.00 aball=0.0 bref=0.00 pid=-19.4 pref=593.4 ppos=595.3 apid=0.0 integ=-20.9 vision=1 current=1 vframe=2842 vs=1 vage=27 vpage=27 vdt=33 vmax=200 vacc=2785 vrej=0 seq=0 elapsed=0 oled=3C
[  16655] STATUS mode=3 fault=none enc=766 denc=0 sreq=0 sapplied=0 crate=-19 uimp=-70325 upos=3915 uneg=5890 ball=-8.92 vball=-0.00 aball=0.0 bref=0.00 pid=-18.8 pref=593.2 ppos=595.1 apid=0.0 integ=-21.1 vision=1 current=1 vframe=2843 vs=1 vage=14 vpage=14 vdt=33 vmax=200 vacc=2786 vrej=0 seq=0 elapsed=0 oled=3C
[  16687] STATUS mode=3 fault=none enc=766 denc=0 sreq=0 sapplied=0 crate=-19 uimp=-70325 upos=3915 uneg=5890 ball=-8.92 vball=-0.00 aball=0.0 bref=0.00 pid=-18.8 pref=593.2 ppos=595.1 apid=0.0 integ=-21.1 vision=1 current=1 vframe=2843 vs=1 vage=34 vpage=34 vdt=33 vmax=200 vacc=2786 vrej=0 seq=0 elapsed=0 oled=3C
[  16702] STATUS mode=3 fault=none enc=766 denc=0 sreq=-20 sapplied=-20 crate=-20 uimp=-70530 upos=3915 uneg=5900 ball=-8.92 vball=-0.00 aball=0.0 bref=0.00 pid=-19.8 pref=592.9 ppos=594.9 apid=0.0 integ=-21.4 vision=1 current=1 vframe=2845 vs=1 vage=7 vpage=7 vdt=33 vmax=200 vacc=2788 vrej=0 seq=0 elapsed=0 oled=3C
[  16734] STATUS mode=3 fault=none enc=766 denc=0 sreq=0 sapplied=0 crate=-19 uimp=-70630 upos=3915 uneg=5905 ball=-8.92 vball=-0.00 aball=0.0 bref=0.00 pid=-18.8 pref=592.9 ppos=594.8 apid=0.0 integ=-21.4 vision=1 current=1 vframe=2845 vs=1 vage=27 vpage=27 vdt=33 vmax=200 vacc=2788 vrej=0 seq=0 elapsed=0 oled=3C
[  16766] STATUS mode=3 fault=none enc=766 denc=0 sreq=0 sapplied=0 crate=-19 uimp=-70730 upos=3915 uneg=5910 ball=-8.92 vball=-0.00 aball=0.0 bref=0.00 pid=-19.3 pref=592.8 ppos=594.7 apid=0.0 integ=-21.5 vision=1 current=1 vframe=2846 vs=1 vage=13 vpage=13 vdt=34 vmax=200 vacc=2789 vrej=0 seq=0 elapsed=0 oled=3C
[  16780] STATUS mode=3 fault=none enc=766 denc=0 sreq=0 sapplied=0 crate=-19 uimp=-70935 upos=3915 uneg=5920 ball=-8.92 vball=-0.00 aball=0.0 bref=0.00 pid=-18.7 pref=592.6 ppos=594.5 apid=0.0 integ=-21.7 vision=1 current=1 vframe=2847 vs=1 vage=21 vpage=21 vdt=32 vmax=200 vacc=2790 vrej=0 seq=0 elapsed=0 oled=3C
[  16812] STATUS mode=3 fault=none enc=766 denc=0 sreq=0 sapplied=0 crate=-19 uimp=-71035 upos=3915 uneg=5925 ball=-8.92 vball=-0.00 aball=0.0 bref=0.00 pid=-19.2 pref=592.5 ppos=594.4 apid=0.0 integ=-21.8 vision=1 current=1 vframe=2848 vs=1 vage=7 vpage=7 vdt=34 vmax=200 vacc=2791 vrej=0 seq=0 elapsed=0 oled=3C
[  16843] STATUS mode=3 fault=none enc=766 denc=0 sreq=0 sapplied=0 crate=-19 uimp=-71035 upos=3915 uneg=5925 ball=-8.92 vball=-0.00 aball=0.0 bref=0.00 pid=-19.2 pref=592.5 ppos=594.4 apid=0.0 integ=-21.8 vision=1 current=1 vframe=2848 vs=1 vage=27 vpage=27 vdt=34 vmax=200 vacc=2791 vrej=0 seq=0 elapsed=0 oled=3C
[  16875] STATUS mode=3 fault=none enc=766 denc=0 sreq=0 sapplied=0 crate=-19 uimp=-71240 upos=3915 uneg=5935 ball=-8.92 vball=-0.00 aball=0.0 bref=0.00 pid=-18.6 pref=592.3 ppos=594.2 apid=0.0 integ=-22.0 vision=1 current=1 vframe=2850 vs=1 vage=0 vpage=0 vdt=33 vmax=200 vacc=2793 vrej=0 seq=0 elapsed=0 oled=3C
[  16891] STATUS mode=3 fault=none enc=766 denc=0 sreq=0 sapplied=0 crate=-19 uimp=-71340 upos=3915 uneg=5940 ball=-8.92 vball=-0.00 aball=0.0 bref=0.00 pid=-19.1 pref=592.2 ppos=594.1 apid=0.0 integ=-22.1 vision=1 current=1 vframe=2850 vs=1 vage=20 vpage=20 vdt=33 vmax=200 vacc=2793 vrej=0 seq=0 elapsed=0 oled=3C
[  16921] STATUS mode=3 fault=none enc=766 denc=0 sreq=-20 sapplied=-20 crate=-20 uimp=-71445 upos=3915 uneg=5945 ball=-8.92 vball=-0.00 aball=0.0 bref=0.00 pid=-19.5 pref=592.0 ppos=594.0 apid=0.0 integ=-22.3 vision=1 current=1 vframe=2851 vs=1 vage=7 vpage=7 vdt=33 vmax=200 vacc=2794 vrej=0 seq=0 elapsed=0 oled=3C
[  16952] STATUS mode=3 fault=none enc=766 denc=0 sreq=0 sapplied=0 crate=-19 uimp=-71645 upos=3915 uneg=5955 ball=-8.92 vball=-0.00 aball=0.0 bref=0.00 pid=-19.0 pref=591.9 ppos=593.8 apid=0.0 integ=-22.4 vision=1 current=1 vframe=2852 vs=1 vage=14 vpage=14 vdt=33 vmax=200 vacc=2795 vrej=0 seq=0 elapsed=0 oled=3C
[  16968] STATUS mode=3 fault=none enc=766 denc=0 sreq=0 sapplied=0 crate=-19 uimp=-71645 upos=3915 uneg=5955 ball=-8.92 vball=-0.00 aball=0.0 bref=0.00 pid=-19.0 pref=591.9 ppos=593.8 apid=0.0 integ=-22.4 vision=1 current=1 vframe=2852 vs=1 vage=34 vpage=34 vdt=33 vmax=200 vacc=2795 vrej=0 seq=0 elapsed=0 oled=3C
[  17000] STATUS mode=3 fault=none enc=766 denc=0 sreq=0 sapplied=0 crate=-19 uimp=-71750 upos=3915 uneg=5960 ball=-8.92 vball=-0.00 aball=0.0 bref=0.00 pid=-19.5 pref=591.7 ppos=593.7 apid=0.0 integ=-22.6 vision=1 current=1 vframe=2853 vs=1 vage=20 vpage=20 vdt=34 vmax=200 vacc=2796 vrej=0 seq=0 elapsed=0 oled=3C
[  17030] STATUS mode=3 fault=none enc=766 denc=0 sreq=-20 sapplied=-20 crate=-20 uimp=-72335 upos=3915 uneg=5985 ball=-8.93 vball=-0.08 aball=0.0 bref=0.00 pid=-20.0 pref=591.1 ppos=593.1 apid=0.0 integ=-22.7 vision=1 current=1 vframe=2854 vs=1 vage=27 vpage=27 vdt=33 vmax=200 vacc=2797 vrej=0 seq=0 elapsed=0 oled=3C
[  17046] STATUS mode=3 fault=none enc=765 denc=0 sreq=0 sapplied=0 crate=-16 uimp=-72435 upos=3915 uneg=5990 ball=-8.92 vball=-0.01 aball=-0.0 bref=0.00 pid=-16.2 pref=591.4 ppos=593.0 apid=-0.0 integ=-22.9 vision=1 current=1 vframe=2855 vs=1 vage=14 vpage=14 vdt=33 vmax=200 vacc=2798 vrej=0 seq=0 elapsed=0 oled=3C
[  17077] STATUS mode=3 fault=none enc=765 denc=0 sreq=0 sapplied=0 crate=-16 uimp=-72435 upos=3915 uneg=5990 ball=-8.92 vball=0.01 aball=-0.0 bref=0.00 pid=-16.2 pref=591.4 ppos=593.0 apid=-0.0 integ=-22.9 vision=1 current=1 vframe=2856 vs=1 vage=1 vpage=1 vdt=33 vmax=200 vacc=2799 vrej=0 seq=0 elapsed=0 oled=3C
[  17109] STATUS mode=3 fault=none enc=765 denc=0 sreq=0 sapplied=0 crate=-17 uimp=-72435 upos=3915 uneg=5990 ball=-8.92 vball=0.02 aball=-0.0 bref=0.00 pid=-17.3 pref=591.3 ppos=593.0 apid=-0.0 integ=-23.2 vision=1 current=1 vframe=2857 vs=1 vage=7 vpage=7 vdt=34 vmax=200 vacc=2800 vrej=0 seq=0 elapsed=0 oled=3C
[  17141] STATUS mode=3 fault=none enc=765 denc=0 sreq=0 sapplied=0 crate=-17 uimp=-72435 upos=3915 uneg=5990 ball=-8.92 vball=0.02 aball=-0.0 bref=0.00 pid=-17.3 pref=591.3 ppos=593.0 apid=-0.0 integ=-23.2 vision=1 current=1 vframe=2857 vs=1 vage=27 vpage=27 vdt=34 vmax=200 vacc=2800 vrej=0 seq=0 elapsed=0 oled=3C
[  17155] STATUS mode=3 fault=none enc=765 denc=0 sreq=0 sapplied=0 crate=-19 uimp=-72435 upos=3915 uneg=5990 ball=-8.92 vball=0.01 aball=0.1 bref=0.00 pid=-19.4 pref=591.1 ppos=593.0 apid=0.0 integ=-23.3 vision=1 current=1 vframe=2858 vs=1 vage=14 vpage=14 vdt=33 vmax=200 vacc=2801 vrej=0 seq=0 elapsed=0 oled=3C
[  17187] STATUS mode=3 fault=none enc=765 denc=0 sreq=0 sapplied=0 crate=-19 uimp=-72640 upos=3915 uneg=6000 ball=-8.92 vball=0.01 aball=0.1 bref=0.00 pid=-18.9 pref=590.9 ppos=592.8 apid=0.0 integ=-23.5 vision=1 current=1 vframe=2859 vs=1 vage=20 vpage=20 vdt=34 vmax=200 vacc=2802 vrej=0 seq=0 elapsed=0 oled=3C
[  17218] STATUS mode=3 fault=none enc=765 denc=0 sreq=0 sapplied=0 crate=-19 uimp=-72740 upos=3915 uneg=6005 ball=-8.92 vball=0.01 aball=0.1 bref=0.00 pid=-19.4 pref=590.8 ppos=592.7 apid=0.0 integ=-23.6 vision=1 current=1 vframe=2860 vs=1 vage=7 vpage=7 vdt=33 vmax=200 vacc=2803 vrej=0 seq=0 elapsed=0 oled=3C
[  17234] STATUS mode=3 fault=none enc=765 denc=0 sreq=0 sapplied=0 crate=-19 uimp=-72740 upos=3915 uneg=6005 ball=-8.92 vball=0.01 aball=0.1 bref=0.00 pid=-19.4 pref=590.8 ppos=592.7 apid=0.0 integ=-23.6 vision=1 current=1 vframe=2860 vs=1 vage=27 vpage=27 vdt=33 vmax=200 vacc=2803 vrej=0 seq=0 elapsed=0 oled=3C
[  17266] STATUS mode=3 fault=none enc=765 denc=0 sreq=0 sapplied=0 crate=-19 uimp=-72945 upos=3915 uneg=6015 ball=-8.92 vball=0.00 aball=-0.0 bref=0.00 pid=-19.4 pref=590.5 ppos=592.5 apid=-0.0 integ=-23.8 vision=1 current=1 vframe=2862 vs=1 vage=1 vpage=1 vdt=33 vmax=200 vacc=2805 vrej=0 seq=0 elapsed=0 oled=3C
[  17296] STATUS mode=3 fault=none enc=765 denc=0 sreq=0 sapplied=0 crate=-19 uimp=-73150 upos=3915 uneg=6025 ball=-8.92 vball=0.00 aball=-0.0 bref=0.00 pid=-18.8 pref=590.4 ppos=592.3 apid=-0.0 integ=-23.9 vision=1 current=1 vframe=2862 vs=1 vage=21 vpage=21 vdt=33 vmax=200 vacc=2805 vrej=0 seq=0 elapsed=0 oled=3C
[  17312] STATUS mode=3 fault=none enc=765 denc=0 sreq=0 sapplied=0 crate=-19 uimp=-73250 upos=3915 uneg=6030 ball=-8.92 vball=0.00 aball=-0.0 bref=0.00 pid=-19.3 pref=590.3 ppos=592.2 apid=-0.0 integ=-24.0 vision=1 current=1 vframe=2863 vs=1 vage=8 vpage=8 vdt=33 vmax=200 vacc=2806 vrej=0 seq=0 elapsed=0 oled=3C
[  17343] STATUS mode=3 fault=none enc=765 denc=0 sreq=0 sapplied=0 crate=-19 uimp=-73455 upos=3915 uneg=6040 ball=-8.92 vball=0.00 aball=-0.0 bref=0.00 pid=-18.7 pref=590.1 ppos=592.0 apid=-0.0 integ=-24.2 vision=1 current=1 vframe=2864 vs=1 vage=15 vpage=15 vdt=33 vmax=200 vacc=2807 vrej=0 seq=0 elapsed=0 oled=3C
[  17375] STATUS mode=3 fault=none enc=765 denc=0 sreq=0 sapplied=0 crate=-19 uimp=-73455 upos=3915 uneg=6040 ball=-8.92 vball=0.00 aball=-0.0 bref=0.00 pid=-18.7 pref=590.1 ppos=592.0 apid=-0.0 integ=-24.2 vision=1 current=1 vframe=2865 vs=1 vage=1 vpage=1 vdt=34 vmax=200 vacc=2808 vrej=0 seq=0 elapsed=0 oled=3C
[  17405] STATUS mode=3 fault=none enc=765 denc=0 sreq=0 sapplied=0 crate=-19 uimp=-73555 upos=3915 uneg=6045 ball=-8.92 vball=0.00 aball=-0.0 bref=0.00 pid=-19.2 pref=590.0 ppos=591.9 apid=-0.0 integ=-24.3 vision=1 current=1 vframe=2865 vs=1 vage=21 vpage=21 vdt=34 vmax=200 vacc=2808 vrej=0 seq=0 elapsed=0 oled=3C
[  17421] STATUS mode=3 fault=none enc=765 denc=0 sreq=0 sapplied=0 crate=-19 uimp=-73760 upos=3915 uneg=6055 ball=-8.92 vball=0.00 aball=-0.0 bref=0.00 pid=-18.6 pref=589.8 ppos=591.7 apid=-0.0 integ=-24.5 vision=1 current=1 vframe=2866 vs=1 vage=28 vpage=28 vdt=33 vmax=200 vacc=2809 vrej=0 seq=0 elapsed=0 oled=3C
[  17452] STATUS mode=3 fault=none enc=765 denc=0 sreq=0 sapplied=0 crate=-19 uimp=-73860 upos=3915 uneg=6060 ball=-8.92 vball=0.00 aball=-0.0 bref=0.00 pid=-19.1 pref=589.7 ppos=591.6 apid=-0.0 integ=-24.6 vision=1 current=1 vframe=2867 vs=1 vage=15 vpage=15 vdt=33 vmax=200 vacc=2810 vrej=0 seq=0 elapsed=0 oled=3C
[  17484] STATUS mode=3 fault=none enc=765 denc=0 sreq=0 sapplied=0 crate=-19 uimp=-73860 upos=3915 uneg=6060 ball=-8.92 vball=0.00 aball=-0.0 bref=0.00 pid=-19.1 pref=589.7 ppos=591.6 apid=-0.0 integ=-24.6 vision=1 current=1 vframe=2868 vs=1 vage=1 vpage=1 vdt=34 vmax=200 vacc=2811 vrej=0 seq=0 elapsed=0 oled=3C
[  17500] STATUS mode=3 fault=none enc=765 denc=0 sreq=0 sapplied=0 crate=-19 uimp=-74165 upos=3915 uneg=6075 ball=-8.92 vball=0.00 aball=-0.0 bref=0.00 pid=-19.0 pref=589.4 ppos=591.3 apid=-0.0 integ=-24.9 vision=1 current=1 vframe=2869 vs=1 vage=8 vpage=8 vdt=33 vmax=200 vacc=2812 vrej=0 seq=0 elapsed=0 oled=3C
[  17530] STATUS mode=3 fault=none enc=765 denc=0 sreq=0 sapplied=0 crate=-19 uimp=-74165 upos=3915 uneg=6075 ball=-8.92 vball=0.00 aball=-0.0 bref=0.00 pid=-19.0 pref=589.4 ppos=591.3 apid=-0.0 integ=-24.9 vision=1 current=1 vframe=2869 vs=1 vage=28 vpage=28 vdt=33 vmax=200 vacc=2812 vrej=0 seq=0 elapsed=0 oled=3C
[  17562] STATUS mode=3 fault=none enc=765 denc=0 sreq=0 sapplied=0 crate=-19 uimp=-74270 upos=3915 uneg=6080 ball=-8.92 vball=0.00 aball=-0.0 bref=0.00 pid=-19.5 pref=589.2 ppos=591.2 apid=-0.0 integ=-25.1 vision=1 current=1 vframe=2870 vs=1 vage=15 vpage=15 vdt=33 vmax=200 vacc=2813 vrej=0 seq=0 elapsed=0 oled=3C
[  17593] STATUS mode=3 fault=none enc=765 denc=0 sreq=0 sapplied=0 crate=-19 uimp=-74475 upos=3915 uneg=6090 ball=-8.92 vball=0.00 aball=-0.0 bref=0.00 pid=-18.9 pref=589.1 ppos=591.0 apid=-0.0 integ=-25.2 vision=1 current=1 vframe=2871 vs=1 vage=22 vpage=22 vdt=33 vmax=200 vacc=2814 vrej=0 seq=0 elapsed=0 oled=3C
[  17609] STATUS mode=3 fault=none enc=765 denc=0 sreq=0 sapplied=0 crate=-19 uimp=-74575 upos=3915 uneg=6095 ball=-8.92 vball=0.00 aball=-0.0 bref=0.00 pid=-19.4 pref=588.9 ppos=590.9 apid=-0.0 integ=-25.4 vision=1 current=1 vframe=2872 vs=1 vage=8 vpage=8 vdt=34 vmax=200 vacc=2815 vrej=0 seq=0 elapsed=0 oled=3C
[  17641] STATUS mode=3 fault=none enc=765 denc=0 sreq=0 sapplied=0 crate=-19 uimp=-74575 upos=3915 uneg=6095 ball=-8.92 vball=0.00 aball=-0.0 bref=0.00 pid=-19.4 pref=588.9 ppos=590.9 apid=-0.0 integ=-25.4 vision=1 current=1 vframe=2872 vs=1 vage=28 vpage=28 vdt=34 vmax=200 vacc=2815 vrej=0 seq=0 elapsed=0 oled=3C
[  17671] STATUS mode=3 fault=none enc=765 denc=0 sreq=0 sapplied=0 crate=-19 uimp=-74780 upos=3915 uneg=6105 ball=-8.92 vball=0.00 aball=-0.0 bref=0.00 pid=-18.8 pref=588.8 ppos=590.7 apid=-0.0 integ=-25.5 vision=1 current=1 vframe=2873 vs=1 vage=35 vpage=35 vdt=33 vmax=200 vacc=2816 vrej=0 seq=0 elapsed=0 oled=3C
[  17687] STATUS mode=3 fault=none enc=765 denc=0 sreq=0 sapplied=0 crate=-19 uimp=-74880 upos=3915 uneg=6110 ball=-8.92 vball=0.00 aball=-0.0 bref=0.00 pid=-19.4 pref=588.6 ppos=590.6 apid=-0.0 integ=-25.7 vision=1 current=1 vframe=2874 vs=1 vage=20 vpage=20 vdt=35 vmax=200 vacc=2817 vrej=0 seq=0 elapsed=0 oled=3C
[  17718] STATUS mode=3 fault=none enc=765 denc=0 sreq=-20 sapplied=-20 crate=-20 uimp=-74985 upos=3915 uneg=6115 ball=-8.92 vball=0.00 aball=-0.0 bref=0.00 pid=-19.8 pref=588.5 ppos=590.4 apid=-0.0 integ=-25.8 vision=1 current=1 vframe=2875 vs=1 vage=8 vpage=8 vdt=32 vmax=200 vacc=2818 vrej=0 seq=0 elapsed=0 oled=3C
[  17750] STATUS mode=3 fault=none enc=765 denc=0 sreq=0 sapplied=0 crate=-19 uimp=-75185 upos=3915 uneg=6125 ball=-8.92 vball=0.00 aball=-0.0 bref=0.00 pid=-19.3 pref=588.3 ppos=590.2 apid=-0.0 integ=-26.0 vision=1 current=1 vframe=2876 vs=1 vage=14 vpage=14 vdt=34 vmax=200 vacc=2819 vrej=0 seq=0 elapsed=0 oled=3C
[  17780] STATUS mode=3 fault=none enc=765 denc=0 sreq=0 sapplied=0 crate=-19 uimp=-75185 upos=3915 uneg=6125 ball=-8.92 vball=0.00 aball=-0.0 bref=0.00 pid=-19.3 pref=588.3 ppos=590.2 apid=-0.0 integ=-26.0 vision=1 current=1 vframe=2877 vs=1 vage=1 vpage=1 vdt=33 vmax=200 vacc=2820 vrej=0 seq=0 elapsed=0 oled=3C
[  17796] STATUS mode=3 fault=none enc=765 denc=0 sreq=0 sapplied=0 crate=-19 uimp=-75390 upos=3915 uneg=6135 ball=-8.92 vball=0.00 aball=-0.0 bref=0.00 pid=-18.7 pref=588.2 ppos=590.0 apid=-0.0 integ=-26.1 vision=1 current=1 vframe=2877 vs=1 vage=21 vpage=21 vdt=33 vmax=200 vacc=2820 vrej=0 seq=0 elapsed=0 oled=3C
[  17827] STATUS mode=3 fault=none enc=765 denc=0 sreq=0 sapplied=0 crate=-19 uimp=-75490 upos=3915 uneg=6140 ball=-8.92 vball=0.00 aball=-0.0 bref=0.00 pid=-19.2 pref=588.0 ppos=589.9 apid=-0.0 integ=-26.3 vision=1 current=1 vframe=2878 vs=1 vage=28 vpage=28 vdt=33 vmax=200 vacc=2821 vrej=0 seq=0 elapsed=0 oled=3C
[  17859] STATUS mode=3 fault=none enc=765 denc=0 sreq=0 sapplied=0 crate=-19 uimp=-75695 upos=3915 uneg=6150 ball=-8.92 vball=0.00 aball=-0.0 bref=0.00 pid=-18.6 pref=587.9 ppos=589.7 apid=-0.0 integ=-26.4 vision=1 current=1 vframe=2879 vs=1 vage=15 vpage=15 vdt=33 vmax=200 vacc=2822 vrej=0 seq=0 elapsed=0 oled=3C
[  17875] STATUS mode=3 fault=none enc=765 denc=0 sreq=0 sapplied=0 crate=-19 uimp=-75695 upos=3915 uneg=6150 ball=-8.92 vball=0.00 aball=-0.0 bref=0.00 pid=-18.6 pref=587.9 ppos=589.7 apid=-0.0 integ=-26.4 vision=1 current=1 vframe=2880 vs=1 vage=1 vpage=1 vdt=34 vmax=200 vacc=2823 vrej=0 seq=0 elapsed=0 oled=3C
[  17905] STATUS mode=3 fault=none enc=765 denc=0 sreq=-20 sapplied=-20 crate=-20 uimp=-75900 upos=3915 uneg=6160 ball=-8.92 vball=0.00 aball=-0.0 bref=0.00 pid=-19.5 pref=587.6 ppos=589.5 apid=-0.0 integ=-26.7 vision=1 current=1 vframe=2881 vs=1 vage=8 vpage=8 vdt=33 vmax=200 vacc=2824 vrej=0 seq=0 elapsed=0 oled=3C
[  17937] STATUS mode=3 fault=none enc=765 denc=0 sreq=0 sapplied=0 crate=-19 uimp=-76000 upos=3915 uneg=6165 ball=-8.92 vball=0.00 aball=-0.0 bref=0.00 pid=-18.5 pref=587.6 ppos=589.4 apid=-0.0 integ=-26.7 vision=1 current=1 vframe=2881 vs=1 vage=28 vpage=28 vdt=33 vmax=200 vacc=2824 vrej=0 seq=0 elapsed=0 oled=3C
[  17968] STATUS mode=3 fault=none enc=765 denc=0 sreq=0 sapplied=0 crate=-19 uimp=-76100 upos=3915 uneg=6170 ball=-8.92 vball=0.00 aball=-0.0 bref=0.00 pid=-19.0 pref=587.4 ppos=589.3 apid=-0.0 integ=-26.9 vision=1 current=1 vframe=2882 vs=1 vage=15 vpage=15 vdt=33 vmax=200 vacc=2825 vrej=0 seq=0 elapsed=0 oled=3C
[  17984] STATUS mode=3 fault=none enc=765 denc=0 sreq=-32 sapplied=-32 crate=-32 uimp=-76640 upos=3915 uneg=6185 ball=-8.95 vball=-0.28 aball=-0.0 bref=0.00 pid=-32.3 pref=585.6 ppos=588.8 apid=-0.0 integ=-27.0 vision=1 current=1 vframe=2883 vs=1 vage=21 vpage=21 vdt=34 vmax=200 vacc=2826 vrej=0 seq=0 elapsed=0 oled=3C
[  18016] STATUS mode=3 fault=none enc=763 denc=-2 sreq=-36 sapplied=-36 crate=-36 uimp=-77290 upos=3915 uneg=6205 ball=-8.97 vball=-0.42 aball=-0.0 bref=0.00 pid=-35.9 pref=584.6 ppos=588.1 apid=-0.0 integ=-27.2 vision=1 current=1 vframe=2884 vs=1 vage=8 vpage=8 vdt=33 vmax=200 vacc=2827 vrej=0 seq=0 elapsed=0 oled=3C
[  18046] STATUS mode=3 fault=none enc=763 denc=0 sreq=-22 sapplied=-22 crate=-22 uimp=-78475 upos=3915 uneg=6245 ball=-8.98 vball=-0.36 aball=-1.6 bref=0.00 pid=-22.1 pref=584.7 ppos=587.0 apid=-0.0 integ=-27.3 vision=1 current=1 vframe=2885 vs=1 vage=14 vpage=14 vdt=34 vmax=200 vacc=2828 vrej=0 seq=0 elapsed=0 oled=3C
[  18062] STATUS mode=3 fault=none enc=762 denc=0 sreq=0 sapplied=0 crate=-19 uimp=-78790 upos=3915 uneg=6260 ball=-8.98 vball=-0.26 aball=-1.6 bref=0.00 pid=-19.0 pref=584.7 ppos=586.6 apid=-0.0 integ=-27.3 vision=1 current=1 vframe=2886 vs=1 vage=1 vpage=1 vdt=33 vmax=200 vacc=2829 vrej=0 seq=0 elapsed=0 oled=3C
[  18093] STATUS mode=3 fault=none enc=762 denc=0 sreq=0 sapplied=0 crate=-14 uimp=-78790 upos=3915 uneg=6260 ball=-8.98 vball=-0.26 aball=-1.6 bref=0.00 pid=-14.4 pref=585.2 ppos=586.6 apid=-0.0 integ=-27.5 vision=1 current=1 vframe=2886 vs=1 vage=21 vpage=21 vdt=33 vmax=200 vacc=2829 vrej=0 seq=0 elapsed=0 oled=3C
[  18125] STATUS mode=3 fault=none enc=762 denc=0 sreq=0 sapplied=0 crate=-11 uimp=-78790 upos=3915 uneg=6260 ball=-8.98 vball=-0.17 aball=-1.6 bref=0.00 pid=-10.6 pref=585.6 ppos=586.6 apid=-0.0 integ=-27.6 vision=1 current=1 vframe=2887 vs=1 vage=27 vpage=27 vdt=34 vmax=200 vacc=2830 vrej=0 seq=0 elapsed=0 oled=3C
[  18155] STATUS mode=3 fault=none enc=762 denc=0 sreq=0 sapplied=0 crate=0 uimp=-78790 upos=3915 uneg=6260 ball=-8.98 vball=-0.11 aball=0.2 bref=0.00 pid=0.0 pref=585.8 ppos=586.6 apid=0.0 integ=-27.8 vision=1 current=1 vframe=2888 vs=1 vage=14 vpage=14 vdt=33 vmax=200 vacc=2831 vrej=0 seq=0 elapsed=0 oled=3C
[  18171] STATUS mode=3 fault=none enc=762 denc=0 sreq=0 sapplied=0 crate=0 uimp=-78790 upos=3915 uneg=6260 ball=-8.98 vball=-0.11 aball=0.2 bref=0.00 pid=0.0 pref=585.8 ppos=586.6 apid=0.0 integ=-27.8 vision=1 current=1 vframe=2888 vs=1 vage=34 vpage=34 vdt=33 vmax=200 vacc=2831 vrej=0 seq=0 elapsed=0 oled=3C
[  18202] STATUS mode=3 fault=none enc=762 denc=0 sreq=0 sapplied=0 crate=0 uimp=-78790 upos=3915 uneg=6260 ball=-8.98 vball=-0.04 aball=0.2 bref=0.00 pid=0.0 pref=585.9 ppos=586.6 apid=0.0 integ=-28.1 vision=1 current=1 vframe=2890 vs=1 vage=7 vpage=7 vdt=33 vmax=200 vacc=2833 vrej=0 seq=0 elapsed=0 oled=3C
[  18234] STATUS mode=3 fault=none enc=762 denc=0 sreq=0 sapplied=0 crate=0 uimp=-78790 upos=3915 uneg=6260 ball=-8.98 vball=-0.04 aball=0.2 bref=0.00 pid=0.0 pref=585.9 ppos=586.6 apid=0.0 integ=-28.1 vision=1 current=1 vframe=2890 vs=1 vage=27 vpage=27 vdt=33 vmax=200 vacc=2833 vrej=0 seq=0 elapsed=0 oled=3C
[  18250] STATUS mode=3 fault=none enc=762 denc=0 sreq=0 sapplied=0 crate=0 uimp=-78790 upos=3915 uneg=6260 ball=-8.98 vball=-0.03 aball=0.5 bref=0.00 pid=0.0 pref=585.8 ppos=586.6 apid=0.0 integ=-28.2 vision=1 current=1 vframe=2891 vs=1 vage=14 vpage=14 vdt=33 vmax=200 vacc=2834 vrej=0 seq=0 elapsed=0 oled=3C
[  18280] STATUS mode=3 fault=none enc=762 denc=0 sreq=0 sapplied=0 crate=0 uimp=-78790 upos=3915 uneg=6260 ball=-8.98 vball=-0.02 aball=0.5 bref=0.00 pid=0.0 pref=585.8 ppos=586.6 apid=0.0 integ=-28.2 vision=1 current=1 vframe=2892 vs=1 vage=1 vpage=1 vdt=33 vmax=200 vacc=2835 vrej=0 seq=0 elapsed=0 oled=3C
[  18312] STATUS mode=3 fault=none enc=762 denc=0 sreq=0 sapplied=0 crate=0 uimp=-78790 upos=3915 uneg=6260 ball=-8.98 vball=-0.01 aball=0.5 bref=0.00 pid=0.0 pref=585.6 ppos=586.6 apid=0.0 integ=-28.5 vision=1 current=1 vframe=2893 vs=1 vage=7 vpage=7 vdt=34 vmax=200 vacc=2836 vrej=0 seq=0 elapsed=0 oled=3C
[  18327] STATUS mode=3 fault=none enc=762 denc=0 sreq=0 sapplied=0 crate=0 uimp=-78790 upos=3915 uneg=6260 ball=-8.98 vball=-0.01 aball=0.5 bref=0.00 pid=0.0 pref=585.6 ppos=586.6 apid=0.0 integ=-28.5 vision=1 current=1 vframe=2893 vs=1 vage=27 vpage=27 vdt=34 vmax=200 vacc=2836 vrej=0 seq=0 elapsed=0 oled=3C
[  18359] STATUS mode=3 fault=none enc=762 denc=0 sreq=0 sapplied=0 crate=-11 uimp=-78790 upos=3915 uneg=6260 ball=-8.98 vball=-0.01 aball=0.4 bref=0.00 pid=-11.4 pref=585.5 ppos=586.6 apid=0.0 integ=-28.7 vision=1 current=1 vframe=2894 vs=1 vage=14 vpage=14 vdt=33 vmax=200 vacc=2837 vrej=0 seq=0 elapsed=0 oled=3C
[  18391] STATUS mode=3 fault=none enc=762 denc=0 sreq=0 sapplied=0 crate=-12 uimp=-78790 upos=3915 uneg=6260 ball=-8.98 vball=-0.00 aball=0.4 bref=0.00 pid=-12.3 pref=585.4 ppos=586.6 apid=0.0 integ=-28.8 vision=1 current=1 vframe=2895 vs=1 vage=21 vpage=21 vdt=33 vmax=200 vacc=2838 vrej=0 seq=0 elapsed=0 oled=3C
[  18405] STATUS mode=3 fault=none enc=762 denc=0 sreq=0 sapplied=0 crate=-14 uimp=-78790 upos=3915 uneg=6260 ball=-8.98 vball=-0.00 aball=0.4 bref=0.00 pid=-13.8 pref=585.3 ppos=586.6 apid=0.0 integ=-29.0 vision=1 current=1 vframe=2896 vs=1 vage=7 vpage=7 vdt=34 vmax=200 vacc=2839 vrej=0 seq=0 elapsed=0 oled=3C
[  18437] STATUS mode=3 fault=none enc=762 denc=0 sreq=0 sapplied=0 crate=-14 uimp=-78790 upos=3915 uneg=6260 ball=-8.98 vball=-0.00 aball=0.4 bref=0.00 pid=-13.8 pref=585.3 ppos=586.6 apid=0.0 integ=-29.0 vision=1 current=1 vframe=2896 vs=1 vage=27 vpage=27 vdt=34 vmax=200 vacc=2839 vrej=0 seq=0 elapsed=0 oled=3C
[  18468] STATUS mode=3 fault=none enc=762 denc=0 sreq=0 sapplied=0 crate=-15 uimp=-78790 upos=3915 uneg=6260 ball=-8.98 vball=-0.00 aball=0.2 bref=0.00 pid=-15.3 pref=585.1 ppos=586.6 apid=0.0 integ=-29.1 vision=1 current=1 vframe=2898 vs=1 vage=1 vpage=1 vdt=33 vmax=200 vacc=2841 vrej=0 seq=0 elapsed=0 oled=3C
[  18500] STATUS mode=3 fault=none enc=762 denc=0 sreq=0 sapplied=0 crate=-17 uimp=-78790 upos=3915 uneg=6260 ball=-8.98 vball=-0.00 aball=0.2 bref=0.00 pid=-16.8 pref=585.0 ppos=586.6 apid=0.0 integ=-29.3 vision=1 current=1 vframe=2898 vs=1 vage=21 vpage=21 vdt=33 vmax=200 vacc=2841 vrej=0 seq=0 elapsed=0 oled=3C
[  18516] STATUS mode=3 fault=none enc=762 denc=0 sreq=0 sapplied=0 crate=-18 uimp=-78790 upos=3915 uneg=6260 ball=-8.98 vball=-0.00 aball=0.2 bref=0.00 pid=-18.3 pref=584.8 ppos=586.6 apid=0.0 integ=-29.4 vision=1 current=1 vframe=2906 vs=1 vage=8 vpage=8 vdt=33 vmax=200 vacc=2849 vrej=0 seq=0 elapsed=0 oled=3C
[  18546] STATUS mode=3 fault=none enc=762 denc=0 sreq=0 sapplied=0 crate=-19 uimp=-78890 upos=3915 uneg=6265 ball=-8.98 vball=-0.00 aball=0.1 bref=0.00 pid=-18.8 pref=584.7 ppos=586.5 apid=0.0 integ=-29.6 vision=1 current=1 vframe=2907 vs=1 vage=14 vpage=14 vdt=34 vmax=200 vacc=2850 vrej=0 seq=0 elapsed=0 oled=3C
[  18577] STATUS mode=3 fault=none enc=762 denc=0 sreq=0 sapplied=0 crate=-19 uimp=-78890 upos=3915 uneg=6265 ball=-8.98 vball=-0.00 aball=0.1 bref=0.00 pid=-18.8 pref=584.7 ppos=586.5 apid=0.0 integ=-29.6 vision=1 current=1 vframe=2908 vs=1 vage=1 vpage=1 vdt=33 vmax=200 vacc=2851 vrej=0 seq=0 elapsed=0 oled=3C
[  18593] STATUS mode=3 fault=none enc=762 denc=0 sreq=0 sapplied=0 crate=-19 uimp=-78990 upos=3915 uneg=6270 ball=-8.98 vball=-0.00 aball=0.1 bref=0.00 pid=-19.3 pref=584.5 ppos=586.4 apid=0.0 integ=-29.7 vision=1 current=1 vframe=2908 vs=1 vage=21 vpage=21 vdt=33 vmax=200 vacc=2851 vrej=0 seq=0 elapsed=0 oled=3C
[  18625] STATUS mode=3 fault=none enc=762 denc=0 sreq=0 sapplied=0 crate=-19 uimp=-79195 upos=3915 uneg=6280 ball=-8.98 vball=-0.00 aball=0.1 bref=0.00 pid=-18.8 pref=584.4 ppos=586.2 apid=0.0 integ=-29.9 vision=1 current=1 vframe=2909 vs=1 vage=27 vpage=27 vdt=34 vmax=200 vacc=2852 vrej=0 seq=0 elapsed=0 oled=3C
[  18655] STATUS mode=3 fault=none enc=762 denc=0 sreq=0 sapplied=0 crate=-19 uimp=-79295 upos=3915 uneg=6285 ball=-8.98 vball=-0.00 aball=0.1 bref=0.00 pid=-19.3 pref=584.2 ppos=586.1 apid=0.0 integ=-30.0 vision=1 current=1 vframe=2910 vs=1 vage=12 vpage=12 vdt=35 vmax=200 vacc=2853 vrej=0 seq=0 elapsed=0 oled=3C
[  18687] STATUS mode=3 fault=none enc=762 denc=0 sreq=0 sapplied=0 crate=-19 uimp=-79295 upos=3915 uneg=6285 ball=-8.98 vball=-0.00 aball=0.1 bref=0.00 pid=-19.3 pref=584.2 ppos=586.1 apid=0.0 integ=-30.0 vision=1 current=1 vframe=2910 vs=1 vage=32 vpage=32 vdt=35 vmax=200 vacc=2853 vrej=0 seq=0 elapsed=0 oled=3C
[  18702] STATUS mode=3 fault=none enc=762 denc=0 sreq=0 sapplied=0 crate=19 uimp=-79500 upos=3915 uneg=6295 ball=-8.92 vball=0.65 aball=0.1 bref=0.00 pid=19.5 pref=587.9 ppos=585.9 apid=0.0 integ=-30.3 vision=1 current=1 vframe=2912 vs=1 vage=6 vpage=6 vdt=28 vmax=200 vacc=2855 vrej=0 seq=0 elapsed=0 oled=3C
[  18734] STATUS mode=3 fault=none enc=762 denc=0 sreq=0 sapplied=0 crate=19 uimp=-79500 upos=3915 uneg=6295 ball=-8.92 vball=0.65 aball=0.1 bref=0.00 pid=19.5 pref=587.9 ppos=585.9 apid=0.0 integ=-30.3 vision=1 current=1 vframe=2912 vs=1 vage=26 vpage=26 vdt=28 vmax=200 vacc=2855 vrej=0 seq=0 elapsed=0 oled=3C
[  18766] STATUS mode=3 fault=none enc=762 denc=0 sreq=0 sapplied=0 crate=16 uimp=-79500 upos=3915 uneg=6295 ball=-8.90 vball=0.62 aball=2.9 bref=0.00 pid=16.4 pref=587.6 ppos=585.9 apid=0.0 integ=-30.5 vision=1 current=1 vframe=2913 vs=1 vage=13 vpage=13 vdt=33 vmax=200 vacc=2856 vrej=0 seq=0 elapsed=0 oled=3C
[  18780] STATUS mode=3 fault=none enc=762 denc=0 sreq=0 sapplied=0 crate=0 uimp=-79500 upos=3915 uneg=6295 ball=-8.89 vball=0.47 aball=2.9 bref=0.00 pid=0.0 pref=586.5 ppos=585.9 apid=0.0 integ=-30.6 vision=1 current=1 vframe=2914 vs=1 vage=20 vpage=20 vdt=33 vmax=200 vacc=2857 vrej=0 seq=0 elapsed=0 oled=3C
[  18812] STATUS mode=3 fault=none enc=762 denc=0 sreq=0 sapplied=0 crate=0 uimp=-79500 upos=3915 uneg=6295 ball=-8.89 vball=0.32 aball=2.9 bref=0.00 pid=0.0 pref=585.5 ppos=585.9 apid=0.0 integ=-30.8 vision=1 current=1 vframe=2915 vs=1 vage=7 vpage=7 vdt=33 vmax=200 vacc=2858 vrej=0 seq=0 elapsed=0 oled=3C
[  18843] STATUS mode=3 fault=none enc=762 denc=0 sreq=0 sapplied=0 crate=0 uimp=-79500 upos=3915 uneg=6295 ball=-8.89 vball=0.32 aball=2.9 bref=0.00 pid=0.0 pref=585.5 ppos=585.9 apid=0.0 integ=-30.8 vision=1 current=1 vframe=2915 vs=1 vage=27 vpage=27 vdt=33 vmax=200 vacc=2858 vrej=0 seq=0 elapsed=0 oled=3C
[  18859] STATUS mode=3 fault=none enc=762 denc=0 sreq=0 sapplied=0 crate=-13 uimp=-79500 upos=3915 uneg=6295 ball=-8.90 vball=0.21 aball=-0.3 bref=0.00 pid=-12.6 pref=584.7 ppos=585.9 apid=-0.0 integ=-30.9 vision=1 current=1 vframe=2916 vs=1 vage=33 vpage=33 vdt=34 vmax=200 vacc=2859 vrej=0 seq=0 elapsed=0 oled=3C
[  18891] STATUS mode=3 fault=none enc=762 denc=0 sreq=0 sapplied=0 crate=-19 uimp=-79500 upos=3915 uneg=6295 ball=-8.90 vball=0.13 aball=-0.3 bref=0.00 pid=-18.9 pref=584.0 ppos=585.9 apid=-0.0 integ=-31.1 vision=1 current=1 vframe=2917 vs=1 vage=20 vpage=20 vdt=33 vmax=200 vacc=2860 vrej=0 seq=0 elapsed=0 oled=3C
[  18921] STATUS mode=3 fault=none enc=762 denc=0 sreq=-22 sapplied=-22 crate=-22 uimp=-79615 upos=3915 uneg=6300 ball=-8.90 vball=0.08 aball=-0.3 bref=0.00 pid=-22.2 pref=583.6 ppos=585.8 apid=-0.0 integ=-31.2 vision=1 current=1 vframe=2918 vs=1 vage=7 vpage=7 vdt=33 vmax=200 vacc=2861 vrej=0 seq=0 elapsed=0 oled=3C
[  18937] STATUS mode=3 fault=none enc=762 denc=0 sreq=0 sapplied=0 crate=-14 uimp=-79930 upos=3915 uneg=6315 ball=-8.89 vball=0.18 aball=-0.3 bref=0.00 pid=-14.4 pref=584.1 ppos=585.5 apid=-0.0 integ=-31.4 vision=1 current=1 vframe=2919 vs=1 vage=14 vpage=14 vdt=33 vmax=200 vacc=2862 vrej=0 seq=0 elapsed=0 oled=3C
[  18968] STATUS mode=3 fault=none enc=762 denc=0 sreq=0 sapplied=0 crate=-14 uimp=-79930 upos=3915 uneg=6315 ball=-8.87 vball=0.23 aball=-0.3 bref=0.00 pid=-14.4 pref=584.1 ppos=585.5 apid=-0.0 integ=-31.4 vision=1 current=1 vframe=2920 vs=1 vage=1 vpage=1 vdt=33 vmax=200 vacc=2863 vrej=0 seq=0 elapsed=0 oled=3C
[  19000] STATUS mode=3 fault=none enc=762 denc=0 sreq=0 sapplied=0 crate=-13 uimp=-79930 upos=3915 uneg=6315 ball=-8.87 vball=0.23 aball=-0.3 bref=0.00 pid=-12.6 pref=584.2 ppos=585.5 apid=-0.0 integ=-31.5 vision=1 current=1 vframe=2920 vs=1 vage=21 vpage=21 vdt=33 vmax=200 vacc=2863 vrej=0 seq=0 elapsed=0 oled=3C
[  19030] STATUS mode=3 fault=none enc=762 denc=0 sreq=0 sapplied=0 crate=-17 uimp=-79930 upos=3915 uneg=6315 ball=-8.87 vball=0.19 aball=-0.3 bref=0.00 pid=-16.5 pref=583.9 ppos=585.5 apid=-0.0 integ=-31.6 vision=1 current=1 vframe=2921 vs=1 vage=27 vpage=27 vdt=34 vmax=200 vacc=2864 vrej=0 seq=0 elapsed=0 oled=3C
[  19046] STATUS mode=3 fault=none enc=762 denc=0 sreq=0 sapplied=0 crate=-19 uimp=-80135 upos=3915 uneg=6325 ball=-8.87 vball=0.14 aball=-0.3 bref=0.00 pid=-18.9 pref=583.4 ppos=585.3 apid=-0.0 integ=-31.8 vision=1 current=1 vframe=2922 vs=1 vage=14 vpage=14 vdt=33 vmax=200 vacc=2865 vrej=0 seq=0 elapsed=0 oled=3C
[  19077] STATUS mode=3 fault=none enc=762 denc=0 sreq=0 sapplied=0 crate=-19 uimp=-80135 upos=3915 uneg=6325 ball=-8.87 vball=0.14 aball=-0.3 bref=0.00 pid=-18.9 pref=583.4 ppos=585.3 apid=-0.0 integ=-31.8 vision=1 current=1 vframe=2922 vs=1 vage=34 vpage=34 vdt=33 vmax=200 vacc=2865 vrej=0 seq=0 elapsed=0 oled=3C
[  19109] STATUS mode=3 fault=none enc=762 denc=0 sreq=-22 sapplied=-22 crate=-22 uimp=-80565 upos=3915 uneg=6345 ball=-8.87 vball=0.06 aball=-0.3 bref=0.00 pid=-22.4 pref=582.6 ppos=584.9 apid=-0.0 integ=-32.1 vision=1 current=1 vframe=2924 vs=1 vage=6 vpage=6 vdt=34 vmax=200 vacc=2867 vrej=0 seq=0 elapsed=0 oled=3C
[  19125] STATUS mode=3 fault=none enc=762 denc=0 sreq=0 sapplied=0 crate=-19 uimp=-80880 upos=3915 uneg=6360 ball=-8.87 vball=0.06 aball=-0.3 bref=0.00 pid=-19.3 pref=582.6 ppos=584.6 apid=-0.0 integ=-32.1 vision=1 current=1 vframe=2924 vs=1 vage=26 vpage=26 vdt=34 vmax=200 vacc=2867 vrej=0 seq=0 elapsed=0 oled=3C
[  19155] STATUS mode=3 fault=none enc=762 denc=0 sreq=-28 sapplied=-28 crate=-28 uimp=-81180 upos=3915 uneg=6370 ball=-8.89 vball=-0.10 aball=-1.3 bref=0.00 pid=-27.6 pref=581.5 ppos=584.3 apid=-0.0 integ=-32.2 vision=1 current=1 vframe=2925 vs=1 vage=13 vpage=13 vdt=33 vmax=200 vacc=2868 vrej=0 seq=0 elapsed=0 oled=3C
[  19187] STATUS mode=3 fault=none enc=761 denc=0 sreq=-24 sapplied=-24 crate=-24 uimp=-82200 upos=3915 uneg=6410 ball=-8.90 vball=-0.18 aball=-1.3 bref=0.00 pid=-23.8 pref=580.9 ppos=583.2 apid=-0.0 integ=-32.4 vision=1 current=1 vframe=2926 vs=1 vage=20 vpage=20 vdt=33 vmax=200 vacc=2869 vrej=0 seq=0 elapsed=0 oled=3C
[  19218] STATUS mode=3 fault=none enc=761 denc=0 sreq=-20 sapplied=-20 crate=-20 uimp=-82640 upos=3915 uneg=6430 ball=-8.90 vball=-0.16 aball=-1.3 bref=0.00 pid=-19.7 pref=580.8 ppos=582.8 apid=-0.0 integ=-32.5 vision=1 current=1 vframe=2927 vs=1 vage=6 vpage=6 vdt=34 vmax=200 vacc=2870 vrej=0 seq=0 elapsed=0 oled=3C
[  19234] STATUS mode=3 fault=none enc=759 denc=-1 sreq=0 sapplied=0 crate=-19 uimp=-82740 upos=3915 uneg=6435 ball=-8.90 vball=-0.16 aball=-1.3 bref=0.00 pid=-18.7 pref=580.8 ppos=582.7 apid=-0.0 integ=-32.5 vision=1 current=1 vframe=2927 vs=1 vage=26 vpage=26 vdt=34 vmax=200 vacc=2870 vrej=0 seq=0 elapsed=0 oled=3C
[  19266] STATUS mode=3 fault=none enc=760 denc=0 sreq=0 sapplied=0 crate=-18 uimp=-82740 upos=3915 uneg=6435 ball=-8.90 vball=-0.12 aball=-0.8 bref=0.00 pid=-17.8 pref=580.9 ppos=582.7 apid=-0.0 integ=-32.7 vision=1 current=1 vframe=2928 vs=1 vage=33 vpage=33 vdt=33 vmax=200 vacc=2871 vrej=0 seq=0 elapsed=0 oled=3C
[  19296] STATUS mode=3 fault=none enc=760 denc=0 sreq=0 sapplied=0 crate=-17 uimp=-82740 upos=3915 uneg=6435 ball=-8.90 vball=-0.08 aball=-0.8 bref=0.00 pid=-16.8 pref=581.0 ppos=582.7 apid=-0.0 integ=-32.8 vision=1 current=1 vframe=2929 vs=1 vage=20 vpage=20 vdt=33 vmax=200 vacc=2872 vrej=0 seq=0 elapsed=0 oled=3C
[  19327] STATUS mode=3 fault=none enc=760 denc=0 sreq=0 sapplied=0 crate=-17 uimp=-82740 upos=3915 uneg=6435 ball=-8.90 vball=-0.05 aball=-0.8 bref=0.00 pid=-16.6 pref=581.0 ppos=582.7 apid=-0.0 integ=-33.0 vision=1 current=1 vframe=2930 vs=1 vage=6 vpage=6 vdt=34 vmax=200 vacc=2873 vrej=0 seq=0 elapsed=0 oled=3C
[  19343] STATUS mode=3 fault=none enc=760 denc=0 sreq=0 sapplied=0 crate=-17 uimp=-82740 upos=3915 uneg=6435 ball=-8.90 vball=-0.03 aball=-0.0 bref=0.00 pid=-16.8 pref=581.0 ppos=582.7 apid=-0.0 integ=-33.1 vision=1 current=1 vframe=2931 vs=1 vage=13 vpage=13 vdt=33 vmax=200 vacc=2874 vrej=0 seq=0 elapsed=0 oled=3C
[  19375] STATUS mode=3 fault=none enc=760 denc=0 sreq=0 sapplied=0 crate=-17 uimp=-82740 upos=3915 uneg=6435 ball=-8.90 vball=-0.03 aball=-0.0 bref=0.00 pid=-16.8 pref=581.0 ppos=582.7 apid=-0.0 integ=-33.1 vision=1 current=1 vframe=2931 vs=1 vage=33 vpage=33 vdt=33 vmax=200 vacc=2874 vrej=0 seq=0 elapsed=0 oled=3C
[  19405] STATUS mode=3 fault=none enc=760 denc=0 sreq=0 sapplied=0 crate=-18 uimp=-82740 upos=3915 uneg=6435 ball=-8.90 vball=-0.02 aball=-0.0 bref=0.00 pid=-17.7 pref=580.9 ppos=582.7 apid=-0.0 integ=-33.3 vision=1 current=1 vframe=2932 vs=1 vage=20 vpage=20 vdt=33 vmax=200 vacc=2875 vrej=0 seq=0 elapsed=0 oled=3C
[  19421] STATUS mode=3 fault=none enc=760 denc=0 sreq=0 sapplied=0 crate=-19 uimp=-82740 upos=3915 uneg=6435 ball=-8.90 vball=-0.01 aball=-0.0 bref=0.00 pid=-18.6 pref=580.8 ppos=582.7 apid=-0.0 integ=-33.4 vision=1 current=1 vframe=2933 vs=1 vage=26 vpage=26 vdt=34 vmax=200 vacc=2876 vrej=0 seq=0 elapsed=0 oled=3C
[  19452] STATUS mode=3 fault=none enc=760 denc=0 sreq=0 sapplied=0 crate=-19 uimp=-82840 upos=3915 uneg=6440 ball=-8.90 vball=-0.01 aball=0.1 bref=0.00 pid=-19.1 pref=580.7 ppos=582.6 apid=0.0 integ=-33.6 vision=1 current=1 vframe=2934 vs=1 vage=13 vpage=13 vdt=33 vmax=200 vacc=2877 vrej=0 seq=0 elapsed=0 oled=3C
[  19484] STATUS mode=3 fault=none enc=760 denc=0 sreq=0 sapplied=0 crate=-19 uimp=-82840 upos=3915 uneg=6440 ball=-8.90 vball=-0.01 aball=0.1 bref=0.00 pid=-19.1 pref=580.7 ppos=582.6 apid=0.0 integ=-33.6 vision=1 current=1 vframe=2934 vs=1 vage=33 vpage=33 vdt=33 vmax=200 vacc=2877 vrej=0 seq=0 elapsed=0 oled=3C
[  19516] STATUS mode=3 fault=none enc=760 denc=0 sreq=0 sapplied=0 crate=-19 uimp=-83040 upos=3915 uneg=6450 ball=-8.90 vball=-0.00 aball=0.1 bref=0.00 pid=-19.4 pref=580.5 ppos=582.4 apid=0.0 integ=-33.9 vision=1 current=1 vframe=2936 vs=1 vage=7 vpage=7 vdt=33 vmax=200 vacc=2879 vrej=0 seq=0 elapsed=0 oled=3C
[  19530] STATUS mode=3 fault=none enc=760 denc=0 sreq=0 sapplied=0 crate=-19 uimp=-83040 upos=3915 uneg=6450 ball=-8.90 vball=-0.00 aball=0.1 bref=0.00 pid=-19.4 pref=580.5 ppos=582.4 apid=0.0 integ=-33.9 vision=1 current=1 vframe=2936 vs=1 vage=27 vpage=27 vdt=33 vmax=200 vacc=2879 vrej=0 seq=0 elapsed=0 oled=3C
[  19562] STATUS mode=3 fault=none enc=760 denc=0 sreq=0 sapplied=0 crate=-19 uimp=-83245 upos=3915 uneg=6460 ball=-8.90 vball=-0.00 aball=0.1 bref=0.00 pid=-18.9 pref=580.3 ppos=582.2 apid=0.0 integ=-34.0 vision=1 current=1 vframe=2937 vs=1 vage=13 vpage=13 vdt=34 vmax=200 vacc=2880 vrej=0 seq=0 elapsed=0 oled=3C
[  19593] STATUS mode=3 fault=none enc=760 denc=0 sreq=0 sapplied=0 crate=-19 uimp=-83345 upos=3915 uneg=6465 ball=-8.90 vball=-0.00 aball=0.1 bref=0.00 pid=-19.3 pref=580.2 ppos=582.1 apid=0.0 integ=-34.2 vision=1 current=1 vframe=2938 vs=1 vage=20 vpage=20 vdt=33 vmax=200 vacc=2881 vrej=0 seq=0 elapsed=0 oled=3C
[  19609] STATUS mode=3 fault=none enc=760 denc=0 sreq=-36 sapplied=-36 crate=-36 uimp=-83345 upos=3915 uneg=6465 ball=-8.93 vball=-0.24 aball=0.1 bref=0.00 pid=-35.6 pref=578.5 ppos=582.1 apid=0.0 integ=-34.3 vision=1 current=1 vframe=2939 vs=1 vage=6 vpage=6 vdt=34 vmax=200 vacc=2882 vrej=0 seq=0 elapsed=0 oled=3C
[  19641] STATUS mode=3 fault=none enc=760 denc=0 sreq=-29 sapplied=-29 crate=-29 uimp=-84010 upos=3915 uneg=6485 ball=-8.93 vball=-0.24 aball=0.1 bref=0.00 pid=-29.0 pref=578.5 ppos=581.4 apid=0.0 integ=-34.3 vision=1 current=1 vframe=2939 vs=1 vage=26 vpage=26 vdt=34 vmax=200 vacc=2882 vrej=0 seq=0 elapsed=0 oled=3C
[  19671] STATUS mode=3 fault=none enc=758 denc=0 sreq=-20 sapplied=-20 crate=-20 uimp=-85030 upos=3915 uneg=6525 ball=-8.94 vball=-0.24 aball=-1.0 bref=0.00 pid=-20.4 pref=578.4 ppos=580.4 apid=-0.0 integ=-34.5 vision=1 current=1 vframe=2940 vs=1 vage=32 vpage=32 vdt=34 vmax=200 vacc=2883 vrej=0 seq=0 elapsed=0 oled=3C
[  19702] STATUS mode=3 fault=none enc=757 denc=0 sreq=0 sapplied=0 crate=0 uimp=-85130 upos=3915 uneg=6530 ball=-8.91 vball=0.08 aball=-1.0 bref=0.00 pid=0.0 pref=580.2 ppos=580.3 apid=-0.0 integ=-34.6 vision=1 current=1 vframe=2941 vs=1 vage=20 vpage=20 vdt=32 vmax=200 vacc=2884 vrej=0 seq=0 elapsed=0 oled=3C
[  19718] STATUS mode=3 fault=none enc=757 denc=0 sreq=0 sapplied=0 crate=0 uimp=-85130 upos=3915 uneg=6530 ball=-8.89 vball=0.26 aball=-1.0 bref=0.00 pid=0.0 pref=581.1 ppos=580.3 apid=-0.0 integ=-34.8 vision=1 current=1 vframe=2942 vs=1 vage=6 vpage=6 vdt=34 vmax=200 vacc=2885 vrej=0 seq=0 elapsed=0 oled=3C
[  19750] STATUS mode=3 fault=none enc=757 denc=0 sreq=0 sapplied=0 crate=0 uimp=-85130 upos=3915 uneg=6530 ball=-8.88 vball=0.25 aball=1.6 bref=0.00 pid=0.0 pref=580.9 ppos=580.3 apid=0.0 integ=-34.9 vision=1 current=1 vframe=2943 vs=1 vage=12 vpage=12 vdt=34 vmax=200 vacc=2886 vrej=0 seq=0 elapsed=0 oled=3C
[  19780] STATUS mode=3 fault=none enc=757 denc=0 sreq=0 sapplied=0 crate=0 uimp=-85130 upos=3915 uneg=6530 ball=-8.88 vball=0.25 aball=1.6 bref=0.00 pid=0.0 pref=580.9 ppos=580.3 apid=0.0 integ=-34.9 vision=1 current=1 vframe=2943 vs=1 vage=32 vpage=32 vdt=34 vmax=200 vacc=2886 vrej=0 seq=0 elapsed=0 oled=3C
[  19796] STATUS mode=3 fault=none enc=757 denc=0 sreq=0 sapplied=0 crate=0 uimp=-85130 upos=3915 uneg=6530 ball=-8.88 vball=0.18 aball=1.6 bref=0.00 pid=0.0 pref=580.4 ppos=580.3 apid=0.0 integ=-35.1 vision=1 current=1 vframe=2944 vs=1 vage=20 vpage=20 vdt=32 vmax=200 vacc=2887 vrej=0 seq=0 elapsed=0 oled=3C
[  19827] STATUS mode=3 fault=none enc=757 denc=0 sreq=0 sapplied=0 crate=-14 uimp=-85130 upos=3915 uneg=6530 ball=-8.90 vball=-0.04 aball=1.6 bref=0.00 pid=-14.3 pref=578.9 ppos=580.3 apid=0.0 integ=-35.2 vision=1 current=1 vframe=2945 vs=1 vage=27 vpage=27 vdt=33 vmax=200 vacc=2888 vrej=0 seq=0 elapsed=0 oled=3C
[  19859] STATUS mode=3 fault=none enc=757 denc=0 sreq=-21 sapplied=-21 crate=-21 uimp=-85365 upos=3915 uneg=6540 ball=-8.91 vball=-0.17 aball=-1.0 bref=0.00 pid=-21.4 pref=577.9 ppos=580.1 apid=-0.0 integ=-35.4 vision=1 current=1 vframe=2946 vs=1 vage=13 vpage=13 vdt=34 vmax=200 vacc=2889 vrej=0 seq=0 elapsed=0 oled=3C
[  19875] STATUS mode=3 fault=none enc=757 denc=0 sreq=0 sapplied=0 crate=-19 uimp=-85570 upos=3915 uneg=6550 ball=-8.91 vball=-0.17 aball=-1.0 bref=0.00 pid=-19.3 pref=577.9 ppos=579.9 apid=-0.0 integ=-35.4 vision=1 current=1 vframe=2946 vs=1 vage=33 vpage=33 vdt=34 vmax=200 vacc=2889 vrej=0 seq=0 elapsed=0 oled=3C
[  19905] STATUS mode=3 fault=none enc=757 denc=0 sreq=0 sapplied=0 crate=-18 uimp=-85670 upos=3915 uneg=6555 ball=-8.92 vball=-0.12 aball=-1.0 bref=0.00 pid=-18.4 pref=577.9 ppos=579.8 apid=-0.0 integ=-35.7 vision=1 current=1 vframe=2948 vs=1 vage=7 vpage=7 vdt=33 vmax=200 vacc=2891 vrej=0 seq=0 elapsed=0 oled=3C
[  19937] STATUS mode=3 fault=none enc=757 denc=0 sreq=0 sapplied=0 crate=-18 uimp=-85670 upos=3915 uneg=6555 ball=-8.92 vball=-0.12 aball=-1.0 bref=0.00 pid=-18.4 pref=577.9 ppos=579.8 apid=-0.0 integ=-35.7 vision=1 current=1 vframe=2948 vs=1 vage=27 vpage=27 vdt=33 vmax=200 vacc=2891 vrej=0 seq=0 elapsed=0 oled=3C
[  19968] STATUS mode=3 fault=none enc=757 denc=0 sreq=0 sapplied=0 crate=-17 uimp=-85670 upos=3915 uneg=6555 ball=-8.92 vball=-0.08 aball=-0.1 bref=0.00 pid=-17.5 pref=578.0 ppos=579.8 apid=-0.0 integ=-35.8 vision=1 current=1 vframe=2949 vs=1 vage=13 vpage=13 vdt=34 vmax=200 vacc=2892 vrej=0 seq=0 elapsed=0 oled=3C
[  19984] STATUS mode=3 fault=none enc=757 denc=0 sreq=0 sapplied=0 crate=-17 uimp=-85670 upos=3915 uneg=6555 ball=-8.92 vball=-0.05 aball=-0.1 bref=0.00 pid=-17.2 pref=578.0 ppos=579.8 apid=-0.0 integ=-36.0 vision=1 current=1 vframe=2950 vs=1 vage=20 vpage=20 vdt=33 vmax=200 vacc=2893 vrej=0 seq=0 elapsed=0 oled=3C
[  20016] STATUS mode=3 fault=none enc=757 denc=0 sreq=0 sapplied=0 crate=-17 uimp=-85670 upos=3915 uneg=6555 ball=-8.92 vball=-0.03 aball=-0.1 bref=0.00 pid=-17.4 pref=578.0 ppos=579.8 apid=-0.0 integ=-36.1 vision=1 current=1 vframe=2951 vs=1 vage=7 vpage=7 vdt=33 vmax=200 vacc=2894 vrej=0 seq=0 elapsed=0 oled=3C
[  20046] STATUS mode=3 fault=none enc=757 denc=0 sreq=0 sapplied=0 crate=-17 uimp=-85670 upos=3915 uneg=6555 ball=-8.92 vball=-0.03 aball=-0.1 bref=0.00 pid=-17.4 pref=578.0 ppos=579.8 apid=-0.0 integ=-36.1 vision=1 current=1 vframe=2951 vs=1 vage=27 vpage=27 vdt=33 vmax=200 vacc=2894 vrej=0 seq=0 elapsed=0 oled=3C
[  20062] STATUS mode=3 fault=none enc=757 denc=0 sreq=0 sapplied=0 crate=-18 uimp=-85670 upos=3915 uneg=6555 ball=-8.92 vball=-0.02 aball=0.2 bref=0.00 pid=-18.3 pref=577.9 ppos=579.8 apid=0.0 integ=-36.3 vision=1 current=1 vframe=2952 vs=1 vage=33 vpage=33 vdt=34 vmax=200 vacc=2895 vrej=0 seq=0 elapsed=0 oled=3C
[  20093] STATUS mode=3 fault=none enc=757 denc=0 sreq=0 sapplied=0 crate=-19 uimp=-85670 upos=3915 uneg=6555 ball=-8.92 vball=-0.01 aball=0.2 bref=0.00 pid=-19.2 pref=577.8 ppos=579.8 apid=0.0 integ=-36.4 vision=1 current=1 vframe=2953 vs=1 vage=20 vpage=20 vdt=33 vmax=200 vacc=2896 vrej=0 seq=0 elapsed=0 oled=3C
[  20125] STATUS mode=3 fault=none enc=757 denc=0 sreq=-20 sapplied=-20 crate=-20 uimp=-85775 upos=3915 uneg=6560 ball=-8.92 vball=-0.01 aball=0.2 bref=0.00 pid=-19.6 pref=577.7 ppos=579.7 apid=0.0 integ=-36.5 vision=1 current=1 vframe=2954 vs=1 vage=7 vpage=7 vdt=33 vmax=200 vacc=2897 vrej=0 seq=0 elapsed=0 oled=3C
[  20141] STATUS mode=3 fault=none enc=757 denc=0 sreq=0 sapplied=0 crate=0 uimp=-85875 upos=3915 uneg=6565 ball=-8.89 vball=0.25 aball=1.3 bref=0.00 pid=0.0 pref=579.1 ppos=579.6 apid=0.0 integ=-36.7 vision=1 current=1 vframe=2955 vs=1 vage=14 vpage=14 vdt=33 vmax=200 vacc=2898 vrej=0 seq=0 elapsed=0 oled=3C
[  20171] STATUS mode=3 fault=none enc=757 denc=0 sreq=0 sapplied=0 crate=0 uimp=-85875 upos=3915 uneg=6565 ball=-8.87 vball=0.37 aball=1.3 bref=0.00 pid=0.0 pref=579.1 ppos=579.6 apid=0.0 integ=-36.7 vision=1 current=1 vframe=2956 vs=1 vage=1 vpage=1 vdt=33 vmax=200 vacc=2899 vrej=0 seq=0 elapsed=0 oled=3C
[  20202] STATUS mode=3 fault=none enc=757 denc=0 sreq=0 sapplied=0 crate=0 uimp=-85875 upos=3915 uneg=6565 ball=-8.87 vball=0.37 aball=1.3 bref=0.00 pid=0.0 pref=579.7 ppos=579.6 apid=0.0 integ=-36.8 vision=1 current=1 vframe=2956 vs=1 vage=21 vpage=21 vdt=33 vmax=200 vacc=2899 vrej=0 seq=0 elapsed=0 oled=3C
[  20234] STATUS mode=3 fault=none enc=757 denc=0 sreq=0 sapplied=0 crate=0 uimp=-85875 upos=3915 uneg=6565 ball=-8.86 vball=0.32 aball=1.3 bref=0.00 pid=0.0 pref=579.3 ppos=579.6 apid=0.0 integ=-37.0 vision=1 current=1 vframe=2957 vs=1 vage=25 vpage=25 vdt=36 vmax=200 vacc=2900 vrej=0 seq=0 elapsed=0 oled=3C
[  20250] STATUS mode=3 fault=none enc=757 denc=0 sreq=0 sapplied=0 crate=0 uimp=-85875 upos=3915 uneg=6565 ball=-8.86 vball=0.23 aball=0.6 bref=0.00 pid=0.0 pref=578.6 ppos=579.6 apid=0.0 integ=-37.1 vision=1 current=1 vframe=2958 vs=1 vage=13 vpage=13 vdt=32 vmax=200 vacc=2901 vrej=0 seq=0 elapsed=0 oled=3C
[  20280] STATUS mode=3 fault=none enc=757 denc=0 sreq=0 sapplied=0 crate=0 uimp=-85875 upos=3915 uneg=6565 ball=-8.86 vball=0.15 aball=0.6 bref=0.00 pid=0.0 pref=578.6 ppos=579.6 apid=0.0 integ=-37.1 vision=1 current=1 vframe=2959 vs=1 vage=1 vpage=1 vdt=32 vmax=200 vacc=2902 vrej=0 seq=0 elapsed=0 oled=3C
[  20312] STATUS mode=3 fault=none enc=757 denc=0 sreq=-33 sapplied=-33 crate=-33 uimp=-86050 upos=3915 uneg=6570 ball=-8.89 vball=-0.14 aball=0.6 bref=0.00 pid=-33.2 pref=576.1 ppos=579.4 apid=0.0 integ=-37.4 vision=1 current=1 vframe=2960 vs=1 vage=7 vpage=7 vdt=34 vmax=200 vacc=2903 vrej=0 seq=0 elapsed=0 oled=3C
[  20327] STATUS mode=3 fault=none enc=757 denc=0 sreq=-27 sapplied=-27 crate=-27 uimp=-86665 upos=3915 uneg=6590 ball=-8.89 vball=-0.14 aball=0.6 bref=0.00 pid=-27.1 pref=576.1 ppos=578.8 apid=0.0 integ=-37.4 vision=1 current=1 vframe=2960 vs=1 vage=27 vpage=27 vdt=34 vmax=200 vacc=2903 vrej=0 seq=0 elapsed=0 oled=3C
[  20359] STATUS mode=3 fault=none enc=756 denc=1 sreq=-32 sapplied=-32 crate=-32 uimp=-87270 upos=3915 uneg=6610 ball=-8.91 vball=-0.29 aball=-2.0 bref=0.00 pid=-31.8 pref=575.0 ppos=578.2 apid=-0.0 integ=-37.6 vision=1 current=1 vframe=2961 vs=1 vage=12 vpage=12 vdt=35 vmax=200 vacc=2904 vrej=0 seq=0 elapsed=0 oled=3C
[  20391] STATUS mode=3 fault=none enc=755 denc=0 sreq=-28 sapplied=-28 crate=-28 uimp=-88450 upos=3915 uneg=6650 ball=-8.93 vball=-0.39 aball=-2.0 bref=0.00 pid=-27.6 pref=574.2 ppos=577.0 apid=-0.0 integ=-37.7 vision=1 current=1 vframe=2962 vs=1 vage=21 vpage=21 vdt=31 vmax=200 vacc=2905 vrej=0 seq=0 elapsed=0 oled=3C
[  20421] STATUS mode=3 fault=none enc=755 denc=0 sreq=-21 sapplied=-21 crate=-21 uimp=-88955 upos=3915 uneg=6670 ball=-8.94 vball=-0.33 aball=-2.0 bref=0.00 pid=-20.6 pref=574.4 ppos=576.5 apid=-0.0 integ=-37.9 vision=1 current=1 vframe=2963 vs=1 vage=7 vpage=7 vdt=34 vmax=200 vacc=2906 vrej=0 seq=0 elapsed=0 oled=3C
[  20437] STATUS mode=3 fault=none enc=754 denc=0 sreq=0 sapplied=0 crate=-19 uimp=-89160 upos=3915 uneg=6680 ball=-8.94 vball=-0.33 aball=-2.0 bref=0.00 pid=-18.6 pref=574.4 ppos=576.3 apid=-0.0 integ=-37.9 vision=1 current=1 vframe=2963 vs=1 vage=27 vpage=27 vdt=34 vmax=200 vacc=2906 vrej=0 seq=0 elapsed=0 oled=3C
[  20468] STATUS mode=3 fault=none enc=754 denc=0 sreq=0 sapplied=0 crate=0 uimp=-89160 upos=3915 uneg=6680 ball=-8.92 vball=-0.02 aball=-0.4 bref=0.00 pid=0.0 pref=575.4 ppos=576.3 apid=-0.0 integ=-38.0 vision=1 current=1 vframe=2965 vs=1 vage=1 vpage=1 vdt=33 vmax=200 vacc=2908 vrej=0 seq=0 elapsed=0 oled=3C
[  20500] STATUS mode=3 fault=none enc=754 denc=0 sreq=0 sapplied=0 crate=0 uimp=-89160 upos=3915 uneg=6680 ball=-8.92 vball=-0.02 aball=-0.4 bref=0.00 pid=0.0 pref=576.0 ppos=576.3 apid=-0.0 integ=-38.2 vision=1 current=1 vframe=2965 vs=1 vage=21 vpage=21 vdt=33 vmax=200 vacc=2908 vrej=0 seq=0 elapsed=0 oled=3C
[  20516] STATUS mode=3 fault=none enc=754 denc=0 sreq=0 sapplied=0 crate=11 uimp=-89160 upos=3915 uneg=6680 ball=-8.90 vball=0.22 aball=-0.4 bref=0.00 pid=10.5 pref=577.3 ppos=576.3 apid=-0.0 integ=-38.3 vision=1 current=1 vframe=2966 vs=1 vage=8 vpage=8 vdt=33 vmax=200 vacc=2909 vrej=0 seq=0 elapsed=0 oled=3C
[  20546] STATUS mode=3 fault=none enc=754 denc=0 sreq=0 sapplied=0 crate=0 uimp=-89160 upos=3915 uneg=6680 ball=-8.89 vball=0.22 aball=1.4 bref=0.00 pid=0.0 pref=577.2 ppos=576.3 apid=0.0 integ=-38.5 vision=1 current=1 vframe=2967 vs=1 vage=13 vpage=13 vdt=35 vmax=200 vacc=2910 vrej=0 seq=0 elapsed=0 oled=3C
[  20577] STATUS mode=3 fault=none enc=754 denc=0 sreq=0 sapplied=0 crate=0 uimp=-89160 upos=3915 uneg=6680 ball=-8.89 vball=0.17 aball=1.4 bref=0.00 pid=0.0 pref=577.2 ppos=576.3 apid=0.0 integ=-38.5 vision=1 current=1 vframe=2968 vs=1 vage=1 vpage=1 vdt=32 vmax=200 vacc=2911 vrej=0 seq=0 elapsed=0 oled=3C
[  20593] STATUS mode=3 fault=none enc=754 denc=0 sreq=0 sapplied=0 crate=0 uimp=-89160 upos=3915 uneg=6680 ball=-8.89 vball=0.17 aball=1.4 bref=0.00 pid=0.0 pref=576.7 ppos=576.3 apid=0.0 integ=-38.6 vision=1 current=1 vframe=2968 vs=1 vage=21 vpage=21 vdt=32 vmax=200 vacc=2911 vrej=0 seq=0 elapsed=0 oled=3C
[  20625] STATUS mode=3 fault=none enc=754 denc=0 sreq=29 sapplied=29 crate=29 uimp=-88495 upos=3935 uneg=6680 ball=-8.82 vball=0.70 aball=1.4 bref=0.00 pid=29.1 pref=579.9 ppos=576.9 apid=0.0 integ=-38.8 vision=1 current=1 vframe=2969 vs=1 vage=27 vpage=27 vdt=34 vmax=200 vacc=2912 vrej=0 seq=0 elapsed=0 oled=3C
[  20655] STATUS mode=3 fault=none enc=754 denc=0 sreq=25 sapplied=25 crate=25 uimp=-87945 upos=3955 uneg=6680 ball=-8.81 vball=0.74 aball=3.1 bref=0.00 pid=24.7 pref=580.0 ppos=577.5 apid=0.0 integ=-38.9 vision=1 current=1 vframe=2970 vs=1 vage=14 vpage=14 vdt=33 vmax=200 vacc=2913 vrej=0 seq=0 elapsed=0 oled=3C
[  20671] STATUS mode=3 fault=none enc=754 denc=0 sreq=20 sapplied=20 crate=20 uimp=-87490 upos=3975 uneg=6680 ball=-8.76 vball=0.86 aball=3.1 bref=0.00 pid=20.2 pref=580.0 ppos=577.9 apid=0.0 integ=-38.9 vision=1 current=1 vframe=2971 vs=1 vage=1 vpage=1 vdt=33 vmax=200 vacc=2914 vrej=0 seq=0 elapsed=0 oled=3C
[  20702] STATUS mode=3 fault=none enc=755 denc=0 sreq=-45 sapplied=-45 crate=-45 uimp=-86710 upos=4010 uneg=6680 ball=-8.85 vball=-0.16 aball=3.1 bref=0.00 pid=-45.1 pref=574.2 ppos=578.7 apid=0.0 integ=-39.2 vision=1 current=1 vframe=2972 vs=1 vage=7 vpage=7 vdt=34 vmax=200 vacc=2915 vrej=0 seq=0 elapsed=0 oled=3C
[  20734] STATUS mode=3 fault=none enc=755 denc=0 sreq=-37 sapplied=-37 crate=-37 uimp=-87550 upos=4010 uneg=6700 ball=-8.85 vball=-0.16 aball=3.1 bref=0.00 pid=-36.7 pref=574.2 ppos=577.9 apid=0.0 integ=-39.2 vision=1 current=1 vframe=2972 vs=1 vage=27 vpage=27 vdt=34 vmax=200 vacc=2915 vrej=0 seq=0 elapsed=0 oled=3C
[  20766] STATUS mode=3 fault=none enc=755 denc=1 sreq=-55 sapplied=-55 crate=-55 uimp=-88495 upos=4010 uneg=6720 ball=-8.91 vball=-0.58 aball=-4.2 bref=0.00 pid=-54.6 pref=571.5 ppos=576.9 apid=-0.0 integ=-39.4 vision=1 current=1 vframe=2973 vs=1 vage=14 vpage=14 vdt=33 vmax=200 vacc=2916 vrej=0 seq=0 elapsed=0 oled=3C
[  20780] STATUS mode=3 fault=none enc=753 denc=1 sreq=-40 sapplied=-40 crate=-40 uimp=-90400 upos=4010 uneg=6760 ball=-8.93 vball=-0.63 aball=-4.2 bref=0.00 pid=-40.3 pref=571.0 ppos=575.0 apid=-0.0 integ=-39.5 vision=1 current=1 vframe=2974 vs=1 vage=21 vpage=21 vdt=33 vmax=200 vacc=2917 vrej=0 seq=0 elapsed=0 oled=3C
[  20812] STATUS mode=3 fault=none enc=751 denc=-1 sreq=0 sapplied=0 crate=-16 uimp=-90970 upos=4010 uneg=6775 ball=-8.92 vball=-0.30 aball=-4.2 bref=0.00 pid=-16.2 pref=572.8 ppos=574.5 apid=-0.0 integ=-39.7 vision=1 current=1 vframe=2975 vs=1 vage=7 vpage=7 vdt=34 vmax=200 vacc=2918 vrej=0 seq=0 elapsed=0 oled=3C
[  20843] STATUS mode=3 fault=none enc=751 denc=0 sreq=0 sapplied=0 crate=-16 uimp=-90970 upos=4010 uneg=6775 ball=-8.92 vball=-0.30 aball=-4.2 bref=0.00 pid=-16.2 pref=572.8 ppos=574.5 apid=-0.0 integ=-39.7 vision=1 current=1 vframe=2975 vs=1 vage=27 vpage=27 vdt=34 vmax=200 vacc=2918 vrej=0 seq=0 elapsed=0 oled=3C
[  20875] STATUS mode=3 fault=none enc=751 denc=0 sreq=-21 sapplied=-21 crate=-21 uimp=-90970 upos=4010 uneg=6775 ball=-8.94 vball=-0.33 aball=-1.0 bref=0.00 pid=-21.1 pref=572.4 ppos=574.5 apid=-0.0 integ=-39.9 vision=1 current=1 vframe=2977 vs=1 vage=2 vpage=2 vdt=32 vmax=200 vacc=2920 vrej=0 seq=0 elapsed=0 oled=3C
[  20891] STATUS mode=3 fault=none enc=751 denc=0 sreq=0 sapplied=0 crate=-19 uimp=-91175 upos=4010 uneg=6785 ball=-8.94 vball=-0.33 aball=-1.0 bref=0.00 pid=-19.1 pref=572.4 ppos=574.3 apid=-0.0 integ=-39.9 vision=1 current=1 vframe=2977 vs=1 vage=22 vpage=22 vdt=32 vmax=200 vacc=2920 vrej=0 seq=0 elapsed=0 oled=3C
[  20921] STATUS mode=3 fault=none enc=751 denc=0 sreq=0 sapplied=0 crate=0 uimp=-91175 upos=4010 uneg=6785 ball=-8.91 vball=-0.02 aball=-1.0 bref=0.00 pid=0.0 pref=574.1 ppos=574.3 apid=-0.0 integ=-40.1 vision=1 current=1 vframe=2978 vs=1 vage=9 vpage=9 vdt=33 vmax=200 vacc=2921 vrej=0 seq=0 elapsed=0 oled=3C
[  20952] STATUS mode=3 fault=none enc=751 denc=0 sreq=0 sapplied=0 crate=0 uimp=-91175 upos=4010 uneg=6785 ball=-8.89 vball=0.19 aball=1.6 bref=0.00 pid=0.0 pref=575.2 ppos=574.3 apid=0.0 integ=-40.2 vision=1 current=1 vframe=2979 vs=1 vage=16 vpage=16 vdt=33 vmax=200 vacc=2922 vrej=0 seq=0 elapsed=0 oled=3C
[  20968] STATUS mode=3 fault=none enc=751 denc=0 sreq=0 sapplied=0 crate=0 uimp=-91175 upos=4010 uneg=6785 ball=-8.88 vball=0.20 aball=1.6 bref=0.00 pid=0.0 pref=575.2 ppos=574.3 apid=0.0 integ=-40.4 vision=1 current=1 vframe=2980 vs=1 vage=3 vpage=3 vdt=33 vmax=200 vacc=2923 vrej=0 seq=0 elapsed=0 oled=3C
[  21000] STATUS mode=3 fault=none enc=751 denc=0 sreq=0 sapplied=0 crate=0 uimp=-91175 upos=4010 uneg=6785 ball=-8.88 vball=0.20 aball=1.6 bref=0.00 pid=0.0 pref=575.2 ppos=574.3 apid=0.0 integ=-40.4 vision=1 current=1 vframe=2980 vs=1 vage=23 vpage=23 vdt=33 vmax=200 vacc=2923 vrej=0 seq=0 elapsed=0 oled=3C
[  21030] STATUS mode=3 fault=none enc=751 denc=0 sreq=0 sapplied=0 crate=0 uimp=-91175 upos=4010 uneg=6785 ball=-8.88 vball=0.15 aball=1.6 bref=0.00 pid=0.0 pref=574.7 ppos=574.3 apid=0.0 integ=-40.5 vision=1 current=1 vframe=2981 vs=1 vage=29 vpage=29 vdt=34 vmax=200 vacc=2924 vrej=0 seq=0 elapsed=0 oled=3C
[  21046] STATUS mode=3 fault=none enc=751 denc=0 sreq=0 sapplied=0 crate=0 uimp=-91175 upos=4010 uneg=6785 ball=-8.87 vball=0.22 aball=1.0 bref=0.00 pid=0.0 pref=575.0 ppos=574.3 apid=0.0 integ=-40.7 vision=1 current=1 vframe=2982 vs=1 vage=16 vpage=16 vdt=33 vmax=200 vacc=2925 vrej=0 seq=0 elapsed=0 oled=3C
[  21077] STATUS mode=3 fault=none enc=751 denc=0 sreq=0 sapplied=0 crate=0 uimp=-91175 upos=4010 uneg=6785 ball=-8.86 vball=0.19 aball=1.0 bref=0.00 pid=0.0 pref=574.7 ppos=574.3 apid=0.0 integ=-40.8 vision=1 current=1 vframe=2983 vs=1 vage=3 vpage=3 vdt=33 vmax=200 vacc=2926 vrej=0 seq=0 elapsed=0 oled=3C
[  21109] STATUS mode=3 fault=none enc=751 denc=0 sreq=0 sapplied=0 crate=-14 uimp=-91175 upos=4010 uneg=6785 ball=-8.89 vball=-0.08 aball=1.0 bref=0.00 pid=-13.8 pref=572.9 ppos=574.3 apid=0.0 integ=-41.0 vision=1 current=1 vframe=2984 vs=1 vage=9 vpage=9 vdt=34 vmax=200 vacc=2927 vrej=0 seq=0 elapsed=0 oled=3C
[  21125] STATUS mode=3 fault=none enc=751 denc=0 sreq=0 sapplied=0 crate=-14 uimp=-91175 upos=4010 uneg=6785 ball=-8.89 vball=-0.08 aball=1.0 bref=0.00 pid=-13.8 pref=572.9 ppos=574.3 apid=0.0 integ=-41.0 vision=1 current=1 vframe=2984 vs=1 vage=29 vpage=29 vdt=34 vmax=200 vacc=2927 vrej=0 seq=0 elapsed=0 oled=3C
[  21155] STATUS mode=3 fault=none enc=751 denc=0 sreq=-30 sapplied=-30 crate=-30 uimp=-91505 upos=4010 uneg=6795 ball=-8.92 vball=-0.38 aball=-2.1 bref=0.00 pid=-30.4 pref=570.9 ppos=573.9 apid=-0.0 integ=-41.1 vision=1 current=1 vframe=2985 vs=1 vage=16 vpage=16 vdt=33 vmax=200 vacc=2928 vrej=0 seq=0 elapsed=0 oled=3C
[  21187] STATUS mode=3 fault=none enc=750 denc=0 sreq=-27 sapplied=-27 crate=-27 uimp=-92670 upos=4010 uneg=6835 ball=-8.95 vball=-0.48 aball=-2.1 bref=0.00 pid=-26.5 pref=570.1 ppos=572.8 apid=-0.0 integ=-41.3 vision=1 current=1 vframe=2986 vs=1 vage=23 vpage=23 vdt=33 vmax=200 vacc=2929 vrej=0 seq=0 elapsed=0 oled=3C
[  21218] STATUS mode=3 fault=none enc=749 denc=-1 sreq=0 sapplied=0 crate=-10 uimp=-93050 upos=4010 uneg=6850 ball=-8.94 vball=-0.25 aball=-2.1 bref=0.00 pid=-10.3 pref=571.3 ppos=572.4 apid=-0.0 integ=-41.4 vision=1 current=1 vframe=2987 vs=1 vage=9 vpage=9 vdt=34 vmax=200 vacc=2930 vrej=0 seq=0 elapsed=0 oled=3C
[  21234] STATUS mode=3 fault=none enc=749 denc=0 sreq=0 sapplied=0 crate=-10 uimp=-93050 upos=4010 uneg=6850 ball=-8.94 vball=-0.25 aball=-2.1 bref=0.00 pid=-10.3 pref=571.3 ppos=572.4 apid=-0.0 integ=-41.4 vision=1 current=1 vframe=2987 vs=1 vage=29 vpage=29 vdt=34 vmax=200 vacc=2930 vrej=0 seq=0 elapsed=0 oled=3C
[  21266] STATUS mode=3 fault=none enc=749 denc=0 sreq=0 sapplied=0 crate=0 uimp=-93050 upos=4010 uneg=6850 ball=-8.92 vball=0.01 aball=0.3 bref=0.00 pid=0.0 pref=572.6 ppos=572.4 apid=0.0 integ=-41.7 vision=1 current=1 vframe=2989 vs=1 vage=2 vpage=2 vdt=34 vmax=200 vacc=2932 vrej=0 seq=0 elapsed=0 oled=3C
[  21296] STATUS mode=3 fault=none enc=749 denc=0 sreq=0 sapplied=0 crate=0 uimp=-93050 upos=4010 uneg=6850 ball=-8.92 vball=0.01 aball=0.3 bref=0.00 pid=0.0 pref=572.6 ppos=572.4 apid=0.0 integ=-41.7 vision=1 current=1 vframe=2989 vs=1 vage=22 vpage=22 vdt=34 vmax=200 vacc=2932 vrej=0 seq=0 elapsed=0 oled=3C
[  21312] STATUS mode=3 fault=none enc=749 denc=0 sreq=0 sapplied=0 crate=0 uimp=-93050 upos=4010 uneg=6850 ball=-8.92 vball=0.02 aball=0.3 bref=0.00 pid=0.0 pref=572.5 ppos=572.4 apid=0.0 integ=-41.9 vision=1 current=1 vframe=2990 vs=1 vage=9 vpage=9 vdt=33 vmax=200 vacc=2933 vrej=0 seq=0 elapsed=0 oled=3C
[  21343] STATUS mode=3 fault=none enc=749 denc=0 sreq=0 sapplied=0 crate=15 uimp=-93050 upos=4010 uneg=6850 ball=-8.89 vball=0.26 aball=1.6 bref=0.00 pid=14.9 pref=573.9 ppos=2.4 apid=0.0 integ=-41.9 vision=1 current=1 vframe=2990 vs=1 vage=29 vpage=29 vdt=33 vmax=200 vacc=2933 vrej=0 seq=0 elapsed=0 oled=3C
[  21375] STATUS mode=3 fault=none enc=749 denc=0 sreq=21 sapplied=0 crate=21 uimp=-93050 upos=4010 uneg=6850 ball=-8.87 vball=0.38 aball=1.6 bref=0.00 pid=20.9 pref=574.5 ppos=572.4 apid=0.0 integ=-42.2 vision=1 current=1 vframe=2992 vs=1 vage=2 vpage=2 vdt=34 vmax=200 vacc=2935 vrej=0 seq=0 elapsed=0 oled=3C
[  21391] STATUS mode=3 fault=none enc=749 denc=0 sreq=0 sapplied=0 crate=19 uimp=-92845 upos=4020 uneg=6850 ball=-8.87 vball=0.38 aball=1.6 bref=0.00 pid=18.8 pref=574.5 ppos=572.6 apid=0.0 integ=-42.2 vision=1 current=1 vframe=2992 vs=1 vage=22 vpage=22 vdt=34 vmax=200 vacc=2935 vrej=0 seq=0 elapsed=0 oled=3C
[  21421] STATUS mode=3 fault=none enc=749 denc=0 sreq=0 sapplied=0 crate=14 uimp=-92845 upos=4020 uneg=6850 ball=-8.86 vball=0.32 aball=1.6 bref=0.00 pid=14.0 pref=574.0 ppos=572.6 apid=0.0 integ=-42.3 vision=1 current=1 vframe=2993 vs=1 vage=11 vpage=11 vdt=31 vmax=200 vacc=2936 vrej=0 seq=0 elapsed=0 oled=3C
[  21452] STATUS mode=3 fault=none enc=749 denc=0 sreq=0 sapplied=0 crate=0 uimp=-92845 upos=4020 uneg=6850 ball=-8.86 vball=0.23 aball=0.7 bref=0.00 pid=0.0 pref=573.3 ppos=572.6 apid=0.0 integ=-42.5 vision=1 current=1 vframe=2994 vs=1 vage=15 vpage=15 vdt=36 vmax=200 vacc=2937 vrej=0 seq=0 elapsed=0 oled=3C
[  21468] STATUS mode=3 fault=none enc=749 denc=0 sreq=0 sapplied=0 crate=0 uimp=-92845 upos=4020 uneg=6850 ball=-8.86 vball=0.15 aball=0.7 bref=0.00 pid=0.0 pref=572.7 ppos=572.6 apid=0.0 integ=-42.6 vision=1 current=1 vframe=2995 vs=1 vage=2 vpage=2 vdt=33 vmax=200 vacc=2938 vrej=0 seq=0 elapsed=0 oled=3C
[  21500] STATUS mode=3 fault=none enc=749 denc=0 sreq=0 sapplied=0 crate=0 uimp=-92845 upos=4020 uneg=6850 ball=-8.86 vball=0.15 aball=0.7 bref=0.00 pid=0.0 pref=572.7 ppos=572.6 apid=0.0 integ=-42.6 vision=1 current=1 vframe=2995 vs=1 vage=22 vpage=22 vdt=33 vmax=200 vacc=2938 vrej=0 seq=0 elapsed=0 oled=3C
[  21530] STATUS mode=3 fault=none enc=749 denc=0 sreq=0 sapplied=0 crate=0 uimp=-92845 upos=4020 uneg=6850 ball=-8.86 vball=0.10 aball=0.7 bref=0.00 pid=0.0 pref=572.2 ppos=572.6 apid=0.0 integ=-42.8 vision=1 current=1 vframe=2996 vs=1 vage=29 vpage=29 vdt=33 vmax=200 vacc=2939 vrej=0 seq=0 elapsed=0 oled=3C
[  21546] STATUS mode=3 fault=none enc=749 denc=0 sreq=0 sapplied=0 crate=0 uimp=-92845 upos=4020 uneg=6850 ball=-8.87 vball=0.06 aball=-0.4 bref=0.00 pid=0.0 pref=571.8 ppos=572.6 apid=-0.0 integ=-42.9 vision=1 current=1 vframe=2997 vs=1 vage=17 vpage=17 vdt=32 vmax=200 vacc=2940 vrej=0 seq=0 elapsed=0 oled=3C
[  21577] STATUS mode=3 fault=none enc=749 denc=0 sreq=0 sapplied=0 crate=-10 uimp=-92845 upos=4020 uneg=6850 ball=-8.87 vball=0.04 aball=-0.4 bref=0.00 pid=-10.4 pref=571.5 ppos=572.6 apid=-0.0 integ=-43.1 vision=1 current=1 vframe=2998 vs=1 vage=3 vpage=3 vdt=34 vmax=200 vacc=2941 vrej=0 seq=0 elapsed=0 oled=3C
[  21609] STATUS mode=3 fault=none enc=749 denc=0 sreq=0 sapplied=0 crate=-13 uimp=-92845 upos=4020 uneg=6850 ball=-8.87 vball=0.02 aball=-0.4 bref=0.00 pid=-13.0 pref=571.3 ppos=572.6 apid=-0.0 integ=-43.2 vision=1 current=1 vframe=2999 vs=1 vage=11 vpage=11 vdt=32 vmax=200 vacc=2942 vrej=0 seq=0 elapsed=0 oled=3C
[  21641] STATUS mode=3 fault=none enc=749 denc=0 sreq=0 sapplied=0 crate=-13 uimp=-92845 upos=4020 uneg=6850 ball=-8.87 vball=0.02 aball=-0.4 bref=0.00 pid=-13.0 pref=571.3 ppos=572.6 apid=-0.0 integ=-43.2 vision=1 current=1 vframe=2999 vs=1 vage=31 vpage=31 vdt=32 vmax=200 vacc=2942 vrej=0 seq=0 elapsed=0 oled=3C
[  21655] STATUS mode=3 fault=none enc=749 denc=0 sreq=0 sapplied=0 crate=-15 uimp=-92845 upos=4020 uneg=6850 ball=-8.87 vball=0.01 aball=-0.4 bref=0.00 pid=-15.0 pref=571.1 ppos=572.6 apid=-0.0 integ=-43.3 vision=1 current=1 vframe=3000 vs=1 vage=19 vpage=19 vdt=32 vmax=200 vacc=2943 vrej=0 seq=0 elapsed=0 oled=3C
[  21687] STATUS mode=3 fault=none enc=749 denc=0 sreq=0 sapplied=0 crate=-17 uimp=-92845 upos=4020 uneg=6850 ball=-8.87 vball=0.01 aball=-0.4 bref=0.00 pid=-16.6 pref=570.9 ppos=572.6 apid=-0.0 integ=-43.5 vision=1 current=1 vframe=3008 vs=1 vage=24 vpage=24 vdt=35 vmax=200 vacc=2951 vrej=0 seq=0 elapsed=0 oled=3C
[  21718] STATUS mode=3 fault=none enc=749 denc=0 sreq=0 sapplied=0 crate=-18 uimp=-92845 upos=4020 uneg=6850 ball=-8.87 vball=0.01 aball=-0.4 bref=0.00 pid=-18.1 pref=570.8 ppos=572.6 apid=-0.0 integ=-43.6 vision=1 current=1 vframe=3009 vs=1 vage=11 vpage=11 vdt=33 vmax=200 vacc=2952 vrej=0 seq=0 elapsed=0 oled=3C
[  21734] STATUS mode=3 fault=none enc=749 denc=0 sreq=0 sapplied=0 crate=-18 uimp=-92845 upos=4020 uneg=6850 ball=-8.87 vball=0.01 aball=-0.4 bref=0.00 pid=-18.1 pref=570.8 ppos=572.6 apid=-0.0 integ=-43.6 vision=1 current=1 vframe=3009 vs=1 vage=31 vpage=31 vdt=33 vmax=200 vacc=2952 vrej=0 seq=0 elapsed=0 oled=3C
[  21766] STATUS mode=3 fault=none enc=749 denc=0 sreq=-26 sapplied=-26 crate=-26 uimp=-92945 upos=4020 uneg=6855 ball=-8.88 vball=-0.08 aball=-0.3 bref=0.00 pid=-25.5 pref=569.9 ppos=572.5 apid=-0.0 integ=-43.9 vision=1 current=1 vframe=3011 vs=1 vage=4 vpage=4 vdt=33 vmax=200 vacc=2954 vrej=0 seq=0 elapsed=0 oled=3C
[  21796] STATUS mode=3 fault=none enc=749 denc=0 sreq=-21 sapplied=-21 crate=-21 uimp=-93420 upos=4020 uneg=6875 ball=-8.88 vball=-0.08 aball=-0.3 bref=0.00 pid=-20.8 pref=569.9 ppos=572.0 apid=-0.0 integ=-43.9 vision=1 current=1 vframe=3011 vs=1 vage=24 vpage=24 vdt=33 vmax=200 vacc=2954 vrej=0 seq=0 elapsed=0 oled=3C
[  21827] STATUS mode=3 fault=none enc=747 denc=0 sreq=-21 sapplied=-21 crate=-21 uimp=-93740 upos=4020 uneg=6890 ball=-8.88 vball=-0.12 aball=-0.3 bref=0.00 pid=-21.5 pref=569.5 ppos=571.7 apid=-0.0 integ=-44.1 vision=1 current=1 vframe=3012 vs=1 vage=11 vpage=11 vdt=33 vmax=200 vacc=2955 vrej=0 seq=0 elapsed=0 oled=3C
[  21843] STATUS mode=3 fault=none enc=747 denc=0 sreq=0 sapplied=0 crate=-19 uimp=-94045 upos=4020 uneg=6905 ball=-8.89 vball=-0.10 aball=-0.6 bref=0.00 pid=-18.8 pref=569.5 ppos=571.4 apid=-0.0 integ=-44.2 vision=1 current=1 vframe=3013 vs=1 vage=17 vpage=17 vdt=34 vmax=200 vacc=2956 vrej=0 seq=0 elapsed=0 oled=3C
[  21875] STATUS mode=3 fault=none enc=747 denc=0 sreq=-34 sapplied=-34 crate=-34 uimp=-94045 upos=4020 uneg=6905 ball=-8.91 vball=-0.32 aball=-0.6 bref=0.00 pid=-33.8 pref=568.0 ppos=571.4 apid=-0.0 integ=-44.4 vision=1 current=1 vframe=3014 vs=1 vage=4 vpage=4 vdt=33 vmax=200 vacc=2957 vrej=0 seq=0 elapsed=0 oled=3C
[  21905] STATUS mode=3 fault=none enc=747 denc=0 sreq=-28 sapplied=-28 crate=-28 uimp=-94670 upos=4020 uneg=6925 ball=-8.91 vball=-0.32 aball=-0.6 bref=0.00 pid=-27.5 pref=568.0 ppos=570.8 apid=-0.0 integ=-44.4 vision=1 current=1 vframe=3014 vs=1 vage=24 vpage=24 vdt=33 vmax=200 vacc=2957 vrej=0 seq=0 elapsed=0 oled=3C
[  21937] STATUS mode=3 fault=none enc=746 denc=0 sreq=-25 sapplied=-25 crate=-25 uimp=-95785 upos=4020 uneg=6965 ball=-8.93 vball=-0.43 aball=-0.6 bref=0.00 pid=-24.7 pref=567.2 ppos=569.6 apid=-0.0 integ=-44.5 vision=1 current=1 vframe=3015 vs=1 vage=31 vpage=31 vdt=33 vmax=200 vacc=2958 vrej=0 seq=0 elapsed=0 oled=3C
[  21952] STATUS mode=3 fault=none enc=745 denc=1 sreq=0 sapplied=0 crate=-19 uimp=-96010 upos=4020 uneg=6975 ball=-8.94 vball=-0.35 aball=-1.5 bref=0.00 pid=-19.3 pref=567.5 ppos=569.4 apid=-0.0 integ=-44.7 vision=1 current=1 vframe=3016 vs=1 vage=17 vpage=17 vdt=34 vmax=200 vacc=2959 vrej=0 seq=0 elapsed=0 oled=3C
[  21984] STATUS mode=3 fault=none enc=745 denc=0 sreq=0 sapplied=0 crate=-15 uimp=-96010 upos=4020 uneg=6975 ball=-8.94 vball=-0.25 aball=-1.5 bref=0.00 pid=-14.7 pref=567.9 ppos=569.4 apid=-0.0 integ=-44.8 vision=1 current=1 vframe=3017 vs=1 vage=4 vpage=4 vdt=33 vmax=200 vacc=2960 vrej=0 seq=0 elapsed=0 oled=3C
[  22016] STATUS mode=3 fault=none enc=745 denc=0 sreq=0 sapplied=0 crate=-11 uimp=-96010 upos=4020 uneg=6975 ball=-8.94 vball=-0.17 aball=-1.5 bref=0.00 pid=-11.5 pref=568.3 ppos=569.4 apid=-0.0 integ=-45.0 vision=1 current=1 vframe=3018 vs=1 vage=10 vpage=10 vdt=34 vmax=200 vacc=2961 vrej=0 seq=0 elapsed=0 oled=3C
[  22030] STATUS mode=3 fault=none enc=745 denc=0 sreq=0 sapplied=0 crate=-11 uimp=-96010 upos=4020 uneg=6975 ball=-8.94 vball=-0.17 aball=-1.5 bref=0.00 pid=-11.5 pref=568.3 ppos=569.4 apid=-0.0 integ=-45.0 vision=1 current=1 vframe=3018 vs=1 vage=30 vpage=30 vdt=34 vmax=200 vacc=2961 vrej=0 seq=0 elapsed=0 oled=3C
[  22062] STATUS mode=3 fault=none enc=745 denc=0 sreq=0 sapplied=0 crate=0 uimp=-96010 upos=4020 uneg=6975 ball=-8.94 vball=-0.07 aball=0.3 bref=0.00 pid=0.0 pref=568.6 ppos=569.4 apid=0.0 integ=-45.3 vision=1 current=1 vframe=3020 vs=1 vage=4 vpage=4 vdt=33 vmax=200 vacc=2963 vrej=0 seq=0 elapsed=0 oled=3C
[  22093] STATUS mode=3 fault=none enc=745 denc=0 sreq=0 sapplied=0 crate=0 uimp=-96010 upos=4020 uneg=6975 ball=-8.94 vball=-0.07 aball=0.3 bref=0.00 pid=0.0 pref=568.6 ppos=569.4 apid=0.0 integ=-45.3 vision=1 current=1 vframe=3020 vs=1 vage=24 vpage=24 vdt=33 vmax=200 vacc=2963 vrej=0 seq=0 elapsed=0 oled=3C
[  22109] STATUS mode=3 fault=none enc=745 denc=0 sreq=0 sapplied=0 crate=0 uimp=-96010 upos=4020 uneg=6975 ball=-8.91 vball=0.22 aball=0.3 bref=0.00 pid=0.0 pref=570.2 ppos=569.4 apid=0.0 integ=-45.4 vision=1 current=1 vframe=3021 vs=1 vage=10 vpage=10 vdt=34 vmax=200 vacc=2964 vrej=0 seq=0 elapsed=0 oled=3C
[  22141] STATUS mode=3 fault=none enc=745 denc=0 sreq=0 sapplied=0 crate=0 uimp=-96010 upos=4020 uneg=6975 ball=-8.91 vball=0.22 aball=0.3 bref=0.00 pid=0.0 pref=570.2 ppos=569.4 apid=0.0 integ=-45.4 vision=1 current=1 vframe=3021 vs=1 vage=30 vpage=30 vdt=34 vmax=200 vacc=2964 vrej=0 seq=0 elapsed=0 oled=3C
[  22171] STATUS mode=3 fault=none enc=745 denc=0 sreq=0 sapplied=0 crate=11 uimp=-96010 upos=4020 uneg=6975 ball=-8.88 vball=0.31 aball=2.3 bref=0.00 pid=10.6 pref=570.5 ppos=569.4 apid=0.0 integ=-45.7 vision=1 current=1 vframe=3023 vs=1 vage=3 vpage=3 vdt=34 vmax=200 vacc=2966 vrej=0 seq=0 elapsed=0 oled=3C
[  22202] STATUS mode=3 fault=none enc=745 denc=0 sreq=0 sapplied=0 crate=11 uimp=-96010 upos=4020 uneg=6975 ball=-8.88 vball=0.31 aball=2.3 bref=0.00 pid=10.6 pref=570.5 ppos=569.4 apid=0.0 integ=-45.7 vision=1 current=1 vframe=3023 vs=1 vage=23 vpage=23 vdt=34 vmax=200 vacc=2966 vrej=0 seq=0 elapsed=0 oled=3C
[  22218] STATUS mode=3 fault=none enc=745 denc=0 sreq=0 sapplied=0 crate=0 uimp=-96010 upos=4020 uneg=6975 ball=-8.88 vball=0.23 aball=2.3 bref=0.00 pid=0.0 pref=569.9 ppos=569.4 apid=0.0 integ=-45.9 vision=1 current=1 vframe=3024 vs=1 vage=10 vpage=10 vdt=33 vmax=200 vacc=2967 vrej=0 seq=0 elapsed=0 oled=3C
[  22250] STATUS mode=3 fault=none enc=745 denc=0 sreq=21 sapplied=21 crate=21 uimp=-95895 upos=4025 uneg=6975 ball=-8.84 vball=0.55 aball=2.1 bref=0.00 pid=21.4 pref=571.7 ppos=569.5 apid=0.0 integ=-46.0 vision=1 current=1 vframe=3025 vs=1 vage=16 vpage=16 vdt=34 vmax=200 vacc=2968 vrej=0 seq=0 elapsed=0 oled=3C
[  22280] STATUS mode=3 fault=none enc=745 denc=0 sreq=28 sapplied=28 crate=28 uimp=-95690 upos=4035 uneg=6975 ball=-8.80 vball=0.71 aball=2.1 bref=0.00 pid=28.0 pref=572.5 ppos=569.7 apid=0.0 integ=-46.2 vision=1 current=1 vframe=3026 vs=1 vage=3 vpage=3 vdt=33 vmax=200 vacc=2969 vrej=0 seq=0 elapsed=0 oled=3C
[  22296] STATUS mode=3 fault=none enc=745 denc=0 sreq=23 sapplied=23 crate=23 uimp=-95170 upos=4055 uneg=6975 ball=-8.80 vball=0.71 aball=2.1 bref=0.00 pid=22.8 pref=572.5 ppos=570.3 apid=0.0 integ=-46.2 vision=1 current=1 vframe=3026 vs=1 vage=23 vpage=23 vdt=33 vmax=200 vacc=2969 vrej=0 seq=0 elapsed=0 oled=3C
[  22327] STATUS mode=3 fault=none enc=745 denc=0 sreq=0 sapplied=0 crate=10 uimp=-94840 upos=4070 uneg=6975 ball=-8.79 vball=0.58 aball=2.1 bref=0.00 pid=10.3 pref=571.6 ppos=570.6 apid=0.0 integ=-46.3 vision=1 current=1 vframe=3027 vs=1 vage=30 vpage=30 vdt=33 vmax=200 vacc=2970 vrej=0 seq=0 elapsed=0 oled=3C
[  22359] STATUS mode=3 fault=none enc=745 denc=0 sreq=0 sapplied=0 crate=0 uimp=-94840 upos=4070 uneg=6975 ball=-8.79 vball=0.42 aball=0.6 bref=0.00 pid=0.0 pref=570.5 ppos=570.6 apid=0.0 integ=-46.5 vision=1 current=1 vframe=3028 vs=1 vage=17 vpage=17 vdt=33 vmax=200 vacc=2971 vrej=0 seq=0 elapsed=0 oled=3C
[  22375] STATUS mode=3 fault=none enc=745 denc=0 sreq=0 sapplied=0 crate=10 uimp=-94840 upos=4070 uneg=6975 ball=-8.75 vball=0.62 aball=0.6 bref=0.00 pid=10.3 pref=571.6 ppos=570.6 apid=0.0 integ=-46.6 vision=1 current=1 vframe=3029 vs=1 vage=3 vpage=3 vdt=34 vmax=200 vacc=2972 vrej=0 seq=0 elapsed=0 oled=3C
[  22405] STATUS mode=3 fault=none enc=745 denc=0 sreq=0 sapplied=0 crate=0 uimp=-94840 upos=4070 uneg=6975 ball=-8.74 vball=0.53 aball=0.6 bref=0.00 pid=0.0 pref=570.9 ppos=570.6 apid=0.0 integ=-46.7 vision=1 current=1 vframe=3037 vs=1 vage=10 vpage=10 vdt=33 vmax=200 vacc=2980 vrej=0 seq=0 elapsed=0 oled=3C
[  22437] STATUS mode=3 fault=none enc=745 denc=0 sreq=0 sapplied=0 crate=0 uimp=-94840 upos=4070 uneg=6975 ball=-8.74 vball=0.53 aball=0.6 bref=0.00 pid=0.0 pref=570.9 ppos=570.6 apid=0.0 integ=-46.7 vision=1 current=1 vframe=3037 vs=1 vage=30 vpage=30 vdt=33 vmax=200 vacc=2980 vrej=0 seq=0 elapsed=0 oled=3C
[  22452] STATUS mode=3 fault=none enc=745 denc=0 sreq=0 sapplied=0 crate=0 uimp=-94840 upos=4070 uneg=6975 ball=-8.74 vball=0.38 aball=0.1 bref=0.00 pid=0.0 pref=569.9 ppos=570.6 apid=0.0 integ=-46.9 vision=1 current=1 vframe=3038 vs=1 vage=16 vpage=16 vdt=34 vmax=200 vacc=2981 vrej=0 seq=0 elapsed=0 oled=3C
[  22484] STATUS mode=3 fault=none enc=745 denc=0 sreq=0 sapplied=0 crate=-16 uimp=-94840 upos=4070 uneg=6975 ball=-8.74 vball=0.26 aball=0.1 bref=0.00 pid=-15.6 pref=569.0 ppos=570.6 apid=0.0 integ=-47.0 vision=1 current=1 vframe=3039 vs=1 vage=23 vpage=23 vdt=33 vmax=200 vacc=2982 vrej=0 seq=0 elapsed=0 oled=3C
[  22516] STATUS mode=3 fault=none enc=745 denc=0 sreq=-22 sapplied=-22 crate=-22 uimp=-94840 upos=4070 uneg=6975 ball=-8.74 vball=0.17 aball=0.1 bref=0.00 pid=-22.4 pref=568.4 ppos=570.6 apid=0.0 integ=-47.2 vision=1 current=1 vframe=3040 vs=1 vage=10 vpage=10 vdt=33 vmax=200 vacc=2983 vrej=0 seq=0 elapsed=0 oled=3C
[  22546] STATUS mode=3 fault=none enc=745 denc=0 sreq=0 sapplied=0 crate=-19 uimp=-95155 upos=4070 uneg=6990 ball=-8.74 vball=0.17 aball=0.1 bref=0.00 pid=-19.3 pref=568.4 ppos=570.3 apid=0.0 integ=-47.2 vision=1 current=1 vframe=3040 vs=1 vage=30 vpage=30 vdt=33 vmax=200 vacc=2983 vrej=0 seq=0 elapsed=0 oled=3C
[  22562] STATUS mode=3 fault=none enc=743 denc=-1 sreq=-63 sapplied=-63 crate=-63 uimp=-97650 upos=4070 uneg=7025 ball=-8.89 vball=-0.89 aball=-5.5 bref=0.00 pid=-62.7 pref=561.5 ppos=567.8 apid=-0.0 integ=-47.5 vision=1 current=1 vframe=3042 vs=1 vage=3 vpage=3 vdt=34 vmax=200 vacc=2985 vrej=0 seq=0 elapsed=0 oled=3C
[  22593] STATUS mode=3 fault=none enc=742 denc=0 sreq=-51 sapplied=-51 crate=-51 uimp=-98820 upos=4070 uneg=7045 ball=-8.89 vball=-0.89 aball=-5.5 bref=0.00 pid=-51.0 pref=561.5 ppos=566.6 apid=-0.0 integ=-47.5 vision=1 current=1 vframe=3042 vs=1 vage=23 vpage=23 vdt=34 vmax=200 vacc=2985 vrej=0 seq=0 elapsed=0 oled=3C
[  22625] STATUS mode=3 fault=none enc=740 denc=-1 sreq=-32 sapplied=-32 crate=-32 uimp=-99710 upos=4070 uneg=7065 ball=-8.90 vball=-0.69 aball=-5.5 bref=0.00 pid=-31.7 pref=562.6 ppos=565.7 apid=-0.0 integ=-47.6 vision=1 current=1 vframe=3043 vs=1 vage=10 vpage=10 vdt=33 vmax=200 vacc=2986 vrej=0 seq=0 elapsed=0 oled=3C
[  22641] STATUS mode=3 fault=none enc=739 denc=0 sreq=0 sapplied=0 crate=-13 uimp=-100430 upos=4070 uneg=7090 ball=-8.89 vball=-0.48 aball=-1.4 bref=0.00 pid=-13.2 pref=563.7 ppos=565.0 apid=-0.0 integ=-47.8 vision=1 current=1 vframe=3044 vs=1 vage=17 vpage=17 vdt=33 vmax=200 vacc=2987 vrej=0 seq=0 elapsed=0 oled=3C
[  22671] STATUS mode=3 fault=none enc=739 denc=0 sreq=0 sapplied=0 crate=0 uimp=-100430 upos=4070 uneg=7090 ball=-8.89 vball=-0.32 aball=-1.4 bref=0.00 pid=0.0 pref=564.5 ppos=565.0 apid=-0.0 integ=-47.9 vision=1 current=1 vframe=3045 vs=1 vage=4 vpage=4 vdt=33 vmax=200 vacc=2988 vrej=0 seq=0 elapsed=0 oled=3C
[  22702] STATUS mode=3 fault=none enc=739 denc=0 sreq=0 sapplied=0 crate=0 uimp=-100430 upos=4070 uneg=7090 ball=-8.89 vball=-0.32 aball=-1.4 bref=0.00 pid=0.0 pref=564.5 ppos=565.0 apid=-0.0 integ=-47.9 vision=1 current=1 vframe=3045 vs=1 vage=24 vpage=24 vdt=33 vmax=200 vacc=2988 vrej=0 seq=0 elapsed=0 oled=3C
[  22734] STATUS mode=3 fault=none enc=739 denc=0 sreq=46 sapplied=46 crate=46 uimp=-99395 upos=4090 uneg=7090 ball=-8.78 vball=0.70 aball=-1.4 bref=0.00 pid=45.6 pref=570.6 ppos=566.0 apid=-0.0 integ=-48.1 vision=1 current=1 vframe=3046 vs=1 vage=30 vpage=30 vdt=34 vmax=200 vacc=2989 vrej=0 seq=0 elapsed=0 oled=3C
[  22750] STATUS mode=3 fault=none enc=741 denc=1 sreq=41 sapplied=41 crate=41 uimp=-98475 upos=4110 uneg=7090 ball=-8.75 vball=0.80 aball=5.0 bref=0.00 pid=41.3 pref=571.1 ppos=567.0 apid=0.0 integ=-48.2 vision=1 current=1 vframe=3047 vs=1 vage=17 vpage=17 vdt=33 vmax=200 vacc=2990 vrej=0 seq=0 elapsed=0 oled=3C
[  22780] STATUS mode=3 fault=none enc=741 denc=0 sreq=22 sapplied=22 crate=22 uimp=-97715 upos=4130 uneg=7090 ball=-8.74 vball=0.63 aball=5.0 bref=0.00 pid=22.2 pref=569.9 ppos=567.7 apid=0.0 integ=-48.4 vision=1 current=1 vframe=3048 vs=1 vage=4 vpage=4 vdt=33 vmax=200 vacc=2991 vrej=0 seq=0 elapsed=0 oled=3C
[  22812] STATUS mode=3 fault=none enc=742 denc=0 sreq=0 sapplied=0 crate=0 uimp=-97400 upos=4145 uneg=7090 ball=-8.74 vball=0.45 aball=5.0 bref=0.00 pid=0.0 pref=568.7 ppos=568.0 apid=0.0 integ=-48.5 vision=1 current=1 vframe=3049 vs=1 vage=11 vpage=11 vdt=33 vmax=200 vacc=2992 vrej=0 seq=0 elapsed=0 oled=3C
[  22827] STATUS mode=3 fault=none enc=742 denc=0 sreq=0 sapplied=0 crate=0 uimp=-97400 upos=4145 uneg=7090 ball=-8.74 vball=0.45 aball=5.0 bref=0.00 pid=0.0 pref=568.7 ppos=568.0 apid=0.0 integ=-48.5 vision=1 current=1 vframe=3049 vs=1 vage=31 vpage=31 vdt=33 vmax=200 vacc=2992 vrej=0 seq=0 elapsed=0 oled=3C
[  22859] STATUS mode=3 fault=none enc=742 denc=0 sreq=0 sapplied=0 crate=0 uimp=-97400 upos=4145 uneg=7090 ball=-8.74 vball=0.29 aball=0.4 bref=0.00 pid=0.0 pref=567.6 ppos=568.0 apid=0.0 integ=-48.6 vision=1 current=1 vframe=3050 vs=1 vage=18 vpage=18 vdt=33 vmax=200 vacc=2993 vrej=0 seq=0 elapsed=0 oled=3C
[  22891] STATUS mode=3 fault=none enc=742 denc=0 sreq=0 sapplied=0 crate=-12 uimp=-97400 upos=4145 uneg=7090 ball=-8.74 vball=0.19 aball=0.4 bref=0.00 pid=-11.7 pref=566.9 ppos=568.0 apid=0.0 integ=-48.8 vision=1 current=1 vframe=3051 vs=1 vage=25 vpage=25 vdt=33 vmax=200 vacc=2994 vrej=0 seq=0 elapsed=0 oled=3C
[  22905] STATUS mode=3 fault=none enc=742 denc=0 sreq=-57 sapplied=-57 crate=-57 uimp=-97400 upos=4145 uneg=7090 ball=-8.81 vball=-0.52 aball=0.4 bref=0.00 pid=-56.6 pref=562.4 ppos=568.0 apid=0.0 integ=-48.9 vision=1 current=1 vframe=3052 vs=1 vage=11 vpage=11 vdt=34 vmax=200 vacc=2995 vrej=0 seq=0 elapsed=0 oled=3C
[  22937] STATUS mode=3 fault=none enc=743 denc=0 sreq=-46 sapplied=-46 crate=-46 uimp=-98455 upos=4145 uneg=7110 ball=-8.81 vball=-0.52 aball=0.4 bref=0.00 pid=-46.1 pref=562.4 ppos=567.0 apid=0.0 integ=-48.9 vision=1 current=1 vframe=3052 vs=1 vage=31 vpage=31 vdt=34 vmax=200 vacc=2995 vrej=0 seq=0 elapsed=0 oled=3C
[  22968] STATUS mode=3 fault=none enc=739 denc=-2 sreq=-43 sapplied=-43 crate=-43 uimp=-100785 upos=4145 uneg=7150 ball=-8.89 vball=-0.79 aball=-5.2 bref=0.00 pid=-42.9 pref=560.4 ppos=564.6 apid=-0.0 integ=-49.2 vision=1 current=1 vframe=3054 vs=1 vage=4 vpage=4 vdt=34 vmax=200 vacc=2997 vrej=0 seq=0 elapsed=0 oled=3C
[  23000] STATUS mode=3 fault=none enc=739 denc=0 sreq=-35 sapplied=-35 crate=-35 uimp=-101585 upos=4145 uneg=7170 ball=-8.89 vball=-0.79 aball=-5.2 bref=0.00 pid=-34.9 pref=560.4 ppos=563.8 apid=-0.0 integ=-49.2 vision=1 current=1 vframe=3054 vs=1 vage=24 vpage=24 vdt=34 vmax=200 vacc=2997 vrej=0 seq=0 elapsed=0 oled=3C
[  23016] STATUS mode=3 fault=none enc=738 denc=0 sreq=0 sapplied=0 crate=-19 uimp=-102085 upos=4145 uneg=7185 ball=-8.90 vball=-0.58 aball=-5.2 bref=0.00 pid=-18.9 pref=561.5 ppos=563.3 apid=-0.0 integ=-49.4 vision=1 current=1 vframe=3055 vs=1 vage=11 vpage=11 vdt=33 vmax=200 vacc=2998 vrej=0 seq=0 elapsed=0 oled=3C
[  23046] STATUS mode=3 fault=none enc=738 denc=0 sreq=0 sapplied=0 crate=0 uimp=-102085 upos=4145 uneg=7185 ball=-8.89 vball=-0.39 aball=-0.5 bref=0.00 pid=0.0 pref=562.5 ppos=563.3 apid=-0.0 integ=-49.5 vision=1 current=1 vframe=3056 vs=1 vage=18 vpage=18 vdt=33 vmax=200 vacc=2999 vrej=0 seq=0 elapsed=0 oled=3C
[  23077] STATUS mode=3 fault=none enc=738 denc=0 sreq=0 sapplied=0 crate=0 uimp=-102085 upos=4145 uneg=7185 ball=-8.89 vball=-0.25 aball=-0.5 bref=0.00 pid=0.0 pref=563.2 ppos=563.3 apid=-0.0 integ=-49.7 vision=1 current=1 vframe=3057 vs=1 vage=5 vpage=5 vdt=33 vmax=200 vacc=3000 vrej=0 seq=0 elapsed=0 oled=3C
[  23093] STATUS mode=3 fault=none enc=738 denc=0 sreq=0 sapplied=0 crate=0 uimp=-102085 upos=4145 uneg=7185 ball=-8.89 vball=-0.25 aball=-0.5 bref=0.00 pid=0.0 pref=563.2 ppos=563.3 apid=-0.0 integ=-49.7 vision=1 current=1 vframe=3057 vs=1 vage=25 vpage=25 vdt=33 vmax=200 vacc=3000 vrej=0 seq=0 elapsed=0 oled=3C
[  23125] STATUS mode=3 fault=none enc=738 denc=0 sreq=0 sapplied=0 crate=0 uimp=-102085 upos=4145 uneg=7185 ball=-8.89 vball=-0.16 aball=-0.5 bref=0.00 pid=0.0 pref=563.5 ppos=563.3 apid=-0.0 integ=-49.8 vision=1 current=1 vframe=3058 vs=1 vage=31 vpage=31 vdt=34 vmax=200 vacc=3001 vrej=0 seq=0 elapsed=0 oled=3C
[  23155] STATUS mode=3 fault=none enc=738 denc=0 sreq=0 sapplied=0 crate=0 uimp=-102085 upos=4145 uneg=7185 ball=-8.89 vball=-0.10 aball=1.0 bref=0.00 pid=0.0 pref=563.7 ppos=563.3 apid=0.0 integ=-50.0 vision=1 current=1 vframe=3059 vs=1 vage=15 vpage=15 vdt=36 vmax=200 vacc=3002 vrej=0 seq=0 elapsed=0 oled=3C
[  23187] STATUS mode=3 fault=none enc=738 denc=0 sreq=0 sapplied=0 crate=0 uimp=-102085 upos=4145 uneg=7185 ball=-8.89 vball=-0.06 aball=1.0 bref=0.00 pid=0.0 pref=563.8 ppos=563.3 apid=0.0 integ=-50.1 vision=1 current=1 vframe=3060 vs=1 vage=4 vpage=4 vdt=31 vmax=200 vacc=3003 vrej=0 seq=0 elapsed=0 oled=3C
[  23202] STATUS mode=3 fault=none enc=738 denc=0 sreq=0 sapplied=0 crate=0 uimp=-102085 upos=4145 uneg=7185 ball=-8.89 vball=-0.04 aball=1.0 bref=0.00 pid=0.0 pref=563.8 ppos=563.3 apid=0.0 integ=-50.3 vision=1 current=1 vframe=3061 vs=1 vage=7 vpage=7 vdt=37 vmax=200 vacc=3004 vrej=0 seq=0 elapsed=0 oled=3C
[  23234] STATUS mode=3 fault=none enc=738 denc=0 sreq=0 sapplied=0 crate=0 uimp=-102085 upos=4145 uneg=7185 ball=-8.89 vball=-0.04 aball=1.0 bref=0.00 pid=0.0 pref=563.8 ppos=563.3 apid=0.0 integ=-50.3 vision=1 current=1 vframe=3061 vs=1 vage=27 vpage=27 vdt=37 vmax=200 vacc=3004 vrej=0 seq=0 elapsed=0 oled=3C
[  23266] STATUS mode=3 fault=none enc=738 denc=0 sreq=0 sapplied=0 crate=0 uimp=-102085 upos=4145 uneg=7185 ball=-8.88 vball=-0.02 aball=0.9 bref=0.00 pid=0.0 pref=563.8 ppos=563.3 apid=0.0 integ=-50.4 vision=1 current=1 vframe=3062 vs=1 vage=14 vpage=14 vdt=33 vmax=200 vacc=3005 vrej=0 seq=0 elapsed=0 oled=3C
[  23280] STATUS mode=3 fault=none enc=738 denc=0 sreq=0 sapplied=0 crate=0 uimp=-102085 upos=4145 uneg=7185 ball=-8.88 vball=-0.01 aball=0.9 bref=0.00 pid=0.0 pref=563.7 ppos=563.3 apid=0.0 integ=-50.6 vision=1 current=1 vframe=3063 vs=1 vage=23 vpage=23 vdt=31 vmax=200 vacc=3006 vrej=0 seq=0 elapsed=0 oled=3C
[  23312] STATUS mode=3 fault=none enc=738 denc=0 sreq=0 sapplied=0 crate=0 uimp=-102085 upos=4145 uneg=7185 ball=-8.88 vball=-0.01 aball=0.9 bref=0.00 pid=0.0 pref=563.6 ppos=563.3 apid=0.0 integ=-50.7 vision=1 current=1 vframe=3064 vs=1 vage=10 vpage=10 vdt=33 vmax=200 vacc=3007 vrej=0 seq=0 elapsed=0 oled=3C
[  23343] STATUS mode=3 fault=none enc=738 denc=0 sreq=0 sapplied=0 crate=0 uimp=-102085 upos=4145 uneg=7185 ball=-8.88 vball=-0.01 aball=0.9 bref=0.00 pid=0.0 pref=563.6 ppos=563.3 apid=0.0 integ=-50.7 vision=1 current=1 vframe=3064 vs=1 vage=30 vpage=30 vdt=33 vmax=200 vacc=3007 vrej=0 seq=0 elapsed=0 oled=3C
[  23359] STATUS mode=3 fault=none enc=738 denc=0 sreq=0 sapplied=0 crate=0 uimp=-102085 upos=4145 uneg=7185 ball=-8.88 vball=-0.00 aball=0.6 bref=0.00 pid=0.0 pref=563.3 ppos=563.3 apid=0.0 integ=-50.9 vision=1 current=1 vframe=3065 vs=1 vage=18 vpage=18 vdt=32 vmax=200 vacc=3008 vrej=0 seq=0 elapsed=0 oled=3C
[  23391] STATUS mode=3 fault=none enc=738 denc=0 sreq=0 sapplied=0 crate=0 uimp=-102085 upos=4145 uneg=7185 ball=-8.88 vball=-0.00 aball=0.6 bref=0.00 pid=0.0 pref=563.3 ppos=563.3 apid=0.0 integ=-51.0 vision=1 current=1 vframe=3066 vs=1 vage=24 vpage=24 vdt=34 vmax=200 vacc=3009 vrej=0 seq=0 elapsed=0 oled=3C
[  23421] STATUS mode=3 fault=none enc=738 denc=0 sreq=0 sapplied=0 crate=0 uimp=-102085 upos=4145 uneg=7185 ball=-8.88 vball=-0.00 aball=0.6 bref=0.00 pid=0.0 pref=563.2 ppos=563.3 apid=0.0 integ=-51.2 vision=1 current=1 vframe=3067 vs=1 vage=11 vpage=11 vdt=33 vmax=200 vacc=3010 vrej=0 seq=0 elapsed=0 oled=3C
[  23437] STATUS mode=3 fault=none enc=738 denc=0 sreq=0 sapplied=0 crate=0 uimp=-102085 upos=4145 uneg=7185 ball=-8.88 vball=-0.00 aball=0.6 bref=0.00 pid=0.0 pref=563.2 ppos=563.3 apid=0.0 integ=-51.2 vision=1 current=1 vframe=3067 vs=1 vage=31 vpage=31 vdt=33 vmax=200 vacc=3010 vrej=0 seq=0 elapsed=0 oled=3C
[  23468] STATUS mode=3 fault=none enc=738 denc=0 sreq=0 sapplied=0 crate=0 uimp=-102085 upos=4145 uneg=7185 ball=-8.88 vball=-0.00 aball=0.3 bref=0.00 pid=0.0 pref=562.9 ppos=563.3 apid=0.0 integ=-51.5 vision=1 current=1 vframe=3069 vs=1 vage=4 vpage=4 vdt=34 vmax=200 vacc=3012 vrej=0 seq=0 elapsed=0 oled=3C
[  23500] STATUS mode=3 fault=none enc=738 denc=0 sreq=0 sapplied=0 crate=0 uimp=-102085 upos=4145 uneg=7185 ball=-8.88 vball=-0.00 aball=0.3 bref=0.00 pid=0.0 pref=562.9 ppos=563.3 apid=0.0 integ=-51.5 vision=1 current=1 vframe=3069 vs=1 vage=24 vpage=24 vdt=34 vmax=200 vacc=3012 vrej=0 seq=0 elapsed=0 oled=3C
[  23516] STATUS mode=3 fault=none enc=738 denc=0 sreq=0 sapplied=0 crate=0 uimp=-102085 upos=4145 uneg=7185 ball=-8.88 vball=-0.00 aball=0.3 bref=0.00 pid=0.0 pref=562.7 ppos=563.3 apid=0.0 integ=-51.6 vision=1 current=1 vframe=3070 vs=1 vage=11 vpage=11 vdt=33 vmax=200 vacc=3013 vrej=0 seq=0 elapsed=0 oled=3C
[  23546] STATUS mode=3 fault=none enc=738 denc=0 sreq=0 sapplied=0 crate=0 uimp=-102085 upos=4145 uneg=7185 ball=-8.86 vball=0.21 aball=1.1 bref=0.00 pid=0.0 pref=563.9 ppos=563.3 apid=0.0 integ=-51.8 vision=1 current=1 vframe=3071 vs=1 vage=17 vpage=17 vdt=34 vmax=200 vacc=3014 vrej=0 seq=0 elapsed=0 oled=3C
[  23577] STATUS mode=3 fault=none enc=738 denc=0 sreq=0 sapplied=0 crate=0 uimp=-102085 upos=4145 uneg=7185 ball=-8.85 vball=0.21 aball=1.1 bref=0.00 pid=0.0 pref=563.7 ppos=563.3 apid=0.0 integ=-51.9 vision=1 current=1 vframe=3072 vs=1 vage=4 vpage=4 vdt=33 vmax=200 vacc=3015 vrej=0 seq=0 elapsed=0 oled=3C
[  23609] STATUS mode=3 fault=none enc=738 denc=0 sreq=0 sapplied=0 crate=0 uimp=-102085 upos=4145 uneg=7185 ball=-8.85 vball=0.21 aball=1.1 bref=0.00 pid=0.0 pref=563.7 ppos=563.3 apid=0.0 integ=-51.9 vision=1 current=1 vframe=3072 vs=1 vage=24 vpage=24 vdt=33 vmax=200 vacc=3015 vrej=0 seq=0 elapsed=0 oled=3C
[  23625] STATUS mode=3 fault=none enc=738 denc=0 sreq=0 sapplied=0 crate=0 uimp=-102085 upos=4145 uneg=7185 ball=-8.85 vball=0.16 aball=1.1 bref=0.00 pid=0.0 pref=563.3 ppos=563.3 apid=0.0 integ=-52.1 vision=1 current=1 vframe=3073 vs=1 vage=31 vpage=31 vdt=33 vmax=200 vacc=3016 vrej=0 seq=0 elapsed=0 oled=3C
[  23655] STATUS mode=3 fault=none enc=738 denc=0 sreq=0 sapplied=0 crate=0 uimp=-102085 upos=4145 uneg=7185 ball=-8.85 vball=0.11 aball=0.2 bref=0.00 pid=0.0 pref=562.8 ppos=563.3 apid=0.0 integ=-52.2 vision=1 current=1 vframe=3074 vs=1 vage=18 vpage=18 vdt=33 vmax=200 vacc=3017 vrej=0 seq=0 elapsed=0 oled=3C
[  23687] STATUS mode=3 fault=none enc=738 denc=0 sreq=0 sapplied=0 crate=-18 uimp=-102085 upos=4145 uneg=7185 ball=-8.87 vball=-0.08 aball=0.2 bref=0.00 pid=-18.2 pref=561.5 ppos=563.3 apid=0.0 integ=-52.4 vision=1 current=1 vframe=3075 vs=1 vage=2 vpage=2 vdt=36 vmax=200 vacc=3018 vrej=0 seq=0 elapsed=0 oled=3C
[  23702] STATUS mode=3 fault=none enc=738 denc=0 sreq=-44 sapplied=-44 crate=-44 uimp=-102315 upos=4145 uneg=7190 ball=-8.92 vball=-0.51 aball=0.2 bref=0.00 pid=-43.8 pref=558.7 ppos=563.1 apid=0.0 integ=-52.5 vision=1 current=1 vframe=3076 vs=1 vage=10 vpage=10 vdt=32 vmax=200 vacc=3019 vrej=0 seq=0 elapsed=0 oled=3C
[  23734] STATUS mode=3 fault=none enc=738 denc=0 sreq=-36 sapplied=-36 crate=-36 uimp=-103130 upos=4145 uneg=7210 ball=-8.92 vball=-0.51 aball=0.2 bref=0.00 pid=-35.6 pref=558.7 ppos=562.3 apid=0.0 integ=-52.5 vision=1 current=1 vframe=3076 vs=1 vage=30 vpage=30 vdt=32 vmax=200 vacc=3019 vrej=0 seq=0 elapsed=0 oled=3C
[  23766] STATUS mode=3 fault=none enc=737 denc=0 sreq=0 sapplied=0 crate=-13 uimp=-103310 upos=4145 uneg=7215 ball=-8.90 vball=-0.14 aball=-1.0 bref=0.00 pid=-12.8 pref=560.8 ppos=562.1 apid=-0.0 integ=-52.6 vision=1 current=1 vframe=3077 vs=1 vage=17 vpage=17 vdt=33 vmax=200 vacc=3020 vrej=0 seq=0 elapsed=0 oled=3C
[  23796] STATUS mode=3 fault=none enc=737 denc=0 sreq=0 sapplied=0 crate=0 uimp=-103310 upos=4145 uneg=7215 ball=-8.89 vball=-0.02 aball=-1.0 bref=0.00 pid=0.0 pref=561.4 ppos=562.1 apid=-0.0 integ=-52.8 vision=1 current=1 vframe=3078 vs=1 vage=24 vpage=24 vdt=33 vmax=200 vacc=3021 vrej=0 seq=0 elapsed=0 oled=3C
[  23812] STATUS mode=3 fault=none enc=737 denc=0 sreq=0 sapplied=0 crate=0 uimp=-103310 upos=4145 uneg=7215 ball=-8.89 vball=0.02 aball=-1.0 bref=0.00 pid=0.0 pref=561.5 ppos=562.1 apid=-0.0 integ=-52.9 vision=1 current=1 vframe=3079 vs=1 vage=11 vpage=11 vdt=33 vmax=200 vacc=3022 vrej=0 seq=0 elapsed=0 oled=3C
[  23843] STATUS mode=3 fault=none enc=737 denc=0 sreq=0 sapplied=0 crate=0 uimp=-103310 upos=4145 uneg=7215 ball=-8.89 vball=0.02 aball=-1.0 bref=0.00 pid=0.0 pref=561.5 ppos=562.1 apid=-0.0 integ=-52.9 vision=1 current=1 vframe=3079 vs=1 vage=31 vpage=31 vdt=33 vmax=200 vacc=3022 vrej=0 seq=0 elapsed=0 oled=3C
[  23875] STATUS mode=3 fault=none enc=737 denc=0 sreq=0 sapplied=0 crate=0 uimp=-103310 upos=4145 uneg=7215 ball=-8.88 vball=0.02 aball=0.2 bref=0.00 pid=0.0 pref=561.2 ppos=562.1 apid=0.0 integ=-53.2 vision=1 current=1 vframe=3081 vs=1 vage=4 vpage=4 vdt=33 vmax=200 vacc=3024 vrej=0 seq=0 elapsed=0 oled=3C
[  23891] STATUS mode=3 fault=none enc=737 denc=0 sreq=0 sapplied=0 crate=0 uimp=-103310 upos=4145 uneg=7215 ball=-8.88 vball=0.02 aball=0.2 bref=0.00 pid=0.0 pref=561.2 ppos=562.1 apid=0.0 integ=-53.2 vision=1 current=1 vframe=3081 vs=1 vage=24 vpage=24 vdt=33 vmax=200 vacc=3024 vrej=0 seq=0 elapsed=0 oled=3C
[  23921] STATUS mode=3 fault=none enc=737 denc=0 sreq=0 sapplied=0 crate=-11 uimp=-103310 upos=4145 uneg=7215 ball=-8.88 vball=0.01 aball=0.2 bref=0.00 pid=-11.0 pref=561.0 ppos=562.1 apid=0.0 integ=-53.4 vision=1 current=1 vframe=3082 vs=1 vage=11 vpage=11 vdt=33 vmax=200 vacc=3025 vrej=0 seq=0 elapsed=0 oled=3C
[  23952] STATUS mode=3 fault=none enc=737 denc=0 sreq=0 sapplied=0 crate=-12 uimp=-103310 upos=4145 uneg=7215 ball=-8.88 vball=0.01 aball=0.0 bref=0.00 pid=-12.4 pref=560.9 ppos=562.1 apid=0.0 integ=-53.5 vision=1 current=1 vframe=3083 vs=1 vage=18 vpage=18 vdt=33 vmax=200 vacc=3026 vrej=0 seq=0 elapsed=0 oled=3C
[  23968] STATUS mode=3 fault=none enc=737 denc=0 sreq=0 sapplied=0 crate=-14 uimp=-103310 upos=4145 uneg=7215 ball=-8.88 vball=0.01 aball=0.0 bref=0.00 pid=-14.0 pref=560.7 ppos=562.1 apid=0.0 integ=-53.7 vision=1 current=1 vframe=3084 vs=1 vage=4 vpage=4 vdt=34 vmax=200 vacc=3027 vrej=0 seq=0 elapsed=0 oled=3C
[  24000] STATUS mode=3 fault=none enc=737 denc=0 sreq=0 sapplied=0 crate=-14 uimp=-103310 upos=4145 uneg=7215 ball=-8.88 vball=0.01 aball=0.0 bref=0.00 pid=-14.0 pref=560.7 ppos=562.1 apid=0.0 integ=-53.7 vision=1 current=1 vframe=3084 vs=1 vage=24 vpage=24 vdt=34 vmax=200 vacc=3027 vrej=0 seq=0 elapsed=0 oled=3C
[  24030] STATUS mode=3 fault=none enc=737 denc=0 sreq=0 sapplied=0 crate=-16 uimp=-103310 upos=4145 uneg=7215 ball=-8.88 vball=0.00 aball=0.0 bref=0.00 pid=-16.0 pref=560.5 ppos=562.1 apid=0.0 integ=-53.8 vision=1 current=1 vframe=3085 vs=1 vage=32 vpage=32 vdt=32 vmax=200 vacc=3028 vrej=0 seq=0 elapsed=0 oled=3C
[  24046] STATUS mode=3 fault=none enc=737 denc=0 sreq=0 sapplied=0 crate=-17 uimp=-103310 upos=4145 uneg=7215 ball=-8.88 vball=0.00 aball=-0.0 bref=0.00 pid=-17.5 pref=560.4 ppos=562.1 apid=-0.0 integ=-54.0 vision=1 current=1 vframe=3086 vs=1 vage=18 vpage=18 vdt=34 vmax=200 vacc=3029 vrej=0 seq=0 elapsed=0 oled=3C
[  24077] STATUS mode=3 fault=none enc=737 denc=0 sreq=0 sapplied=0 crate=-14 uimp=-103310 upos=4145 uneg=7215 ball=-8.88 vball=0.08 aball=-0.0 bref=0.00 pid=-14.2 pref=560.7 ppos=562.1 apid=-0.0 integ=-54.1 vision=1 current=1 vframe=3087 vs=1 vage=5 vpage=5 vdt=33 vmax=200 vacc=3030 vrej=0 seq=0 elapsed=0 oled=3C
[  24109] STATUS mode=3 fault=none enc=737 denc=0 sreq=0 sapplied=0 crate=-13 uimp=-103310 upos=4145 uneg=7215 ball=-8.87 vball=0.12 aball=-0.0 bref=0.00 pid=-13.1 pref=560.8 ppos=562.1 apid=-0.0 integ=-54.3 vision=1 current=1 vframe=3088 vs=1 vage=11 vpage=11 vdt=34 vmax=200 vacc=3031 vrej=0 seq=0 elapsed=0 oled=3C
[  24141] STATUS mode=3 fault=none enc=737 denc=0 sreq=0 sapplied=0 crate=-13 uimp=-103310 upos=4145 uneg=7215 ball=-8.87 vball=0.12 aball=-0.0 bref=0.00 pid=-13.1 pref=560.8 ppos=562.1 apid=-0.0 integ=-54.3 vision=1 current=1 vframe=3088 vs=1 vage=31 vpage=31 vdt=34 vmax=200 vacc=3031 vrej=0 seq=0 elapsed=0 oled=3C
[  24155] STATUS mode=3 fault=none enc=737 denc=0 sreq=0 sapplied=0 crate=-16 uimp=-103310 upos=4145 uneg=7215 ball=-8.87 vball=0.10 aball=0.4 bref=0.00 pid=-15.8 pref=560.5 ppos=562.1 apid=0.0 integ=-54.4 vision=1 current=1 vframe=3089 vs=1 vage=18 vpage=18 vdt=33 vmax=200 vacc=3032 vrej=0 seq=0 elapsed=0 oled=3C
[  24187] STATUS mode=3 fault=none enc=737 denc=0 sreq=0 sapplied=0 crate=-18 uimp=-103310 upos=4145 uneg=7215 ball=-8.87 vball=0.08 aball=0.4 bref=0.00 pid=-18.5 pref=560.3 ppos=562.1 apid=0.0 integ=-54.6 vision=1 current=1 vframe=3090 vs=1 vage=25 vpage=25 vdt=33 vmax=200 vacc=3033 vrej=0 seq=0 elapsed=0 oled=3C
[  24218] STATUS mode=3 fault=none enc=737 denc=0 sreq=-20 sapplied=-20 crate=-20 uimp=-103525 upos=4145 uneg=7225 ball=-8.87 vball=0.05 aball=0.4 bref=0.00 pid=-19.6 pref=559.9 ppos=561.9 apid=0.0 integ=-54.7 vision=1 current=1 vframe=3091 vs=1 vage=12 vpage=12 vdt=33 vmax=200 vacc=3034 vrej=0 seq=0 elapsed=0 oled=3C
[  24234] STATUS mode=3 fault=none enc=737 denc=0 sreq=0 sapplied=0 crate=-19 uimp=-103625 upos=4145 uneg=7230 ball=-8.87 vball=0.05 aball=0.4 bref=0.00 pid=-18.6 pref=559.9 ppos=561.8 apid=0.0 integ=-54.7 vision=1 current=1 vframe=3091 vs=1 vage=32 vpage=32 vdt=33 vmax=200 vacc=3034 vrej=0 seq=0 elapsed=0 oled=3C
[  24266] STATUS mode=3 fault=none enc=737 denc=0 sreq=0 sapplied=0 crate=16 uimp=-103830 upos=4145 uneg=7240 ball=-8.80 vball=0.63 aball=-0.1 bref=0.00 pid=16.2 pref=563.2 ppos=561.6 apid=-0.0 integ=-55.0 vision=1 current=1 vframe=3093 vs=1 vage=6 vpage=6 vdt=33 vmax=200 vacc=3036 vrej=0 seq=0 elapsed=0 oled=3C
[  24296] STATUS mode=3 fault=none enc=737 denc=0 sreq=0 sapplied=0 crate=16 uimp=-103830 upos=4145 uneg=7240 ball=-8.80 vball=0.63 aball=-0.1 bref=0.00 pid=16.2 pref=563.2 ppos=561.6 apid=-0.0 integ=-55.0 vision=1 current=1 vframe=3093 vs=1 vage=26 vpage=26 vdt=33 vmax=200 vacc=3036 vrej=0 seq=0 elapsed=0 oled=3C
[  24327] STATUS mode=3 fault=none enc=737 denc=0 sreq=33 sapplied=33 crate=33 uimp=-103655 upos=4150 uneg=7240 ball=-8.74 vball=0.95 aball=-0.1 bref=0.00 pid=32.9 pref=565.1 ppos=561.8 apid=-0.0 integ=-55.1 vision=1 current=1 vframe=3094 vs=1 vage=12 vpage=12 vdt=34 vmax=200 vacc=3037 vrej=0 seq=0 elapsed=0 oled=3C
[  24343] STATUS mode=3 fault=none enc=737 denc=0 sreq=0 sapplied=0 crate=16 uimp=-102910 upos=4175 uneg=7240 ball=-8.73 vball=0.81 aball=3.5 bref=0.00 pid=15.7 pref=564.1 ppos=562.5 apid=0.0 integ=-55.3 vision=1 current=1 vframe=3095 vs=1 vage=19 vpage=19 vdt=33 vmax=200 vacc=3038 vrej=0 seq=0 elapsed=0 oled=3C
[  24375] STATUS mode=3 fault=none enc=737 denc=0 sreq=0 sapplied=0 crate=0 uimp=-102910 upos=4175 uneg=7240 ball=-8.73 vball=0.51 aball=3.5 bref=0.00 pid=0.0 pref=562.1 ppos=562.5 apid=0.0 integ=-55.4 vision=1 current=1 vframe=3096 vs=1 vage=5 vpage=5 vdt=34 vmax=200 vacc=3039 vrej=0 seq=0 elapsed=0 oled=3C
[  24405] STATUS mode=3 fault=none enc=737 denc=0 sreq=0 sapplied=0 crate=0 uimp=-102910 upos=4175 uneg=7240 ball=-8.73 vball=0.51 aball=3.5 bref=0.00 pid=0.0 pref=562.1 ppos=562.5 apid=0.0 integ=-55.4 vision=1 current=1 vframe=3096 vs=1 vage=25 vpage=25 vdt=34 vmax=200 vacc=3039 vrej=0 seq=0 elapsed=0 oled=3C
[  24421] STATUS mode=3 fault=none enc=737 denc=0 sreq=0 sapplied=0 crate=-17 uimp=-102910 upos=4175 uneg=7240 ball=-8.74 vball=0.31 aball=3.5 bref=0.00 pid=-17.3 pref=560.8 ppos=562.5 apid=0.0 integ=-55.6 vision=1 current=1 vframe=3097 vs=1 vage=32 vpage=32 vdt=33 vmax=200 vacc=3040 vrej=0 seq=0 elapsed=0 oled=3C
[  24452] STATUS mode=3 fault=none enc=737 denc=0 sreq=-37 sapplied=-37 crate=-37 uimp=-103310 upos=4175 uneg=7250 ball=-8.77 vball=-0.05 aball=-2.0 bref=0.00 pid=-36.7 pref=558.4 ppos=562.1 apid=-0.0 integ=-55.7 vision=1 current=1 vframe=3098 vs=1 vage=19 vpage=19 vdt=33 vmax=200 vacc=3041 vrej=0 seq=0 elapsed=0 oled=3C
[  24484] STATUS mode=3 fault=none enc=737 denc=-1 sreq=-44 sapplied=-44 crate=-44 uimp=-103990 upos=4175 uneg=7270 ball=-8.79 vball=-0.25 aball=-2.0 bref=0.00 pid=-43.7 pref=557.1 ppos=561.4 apid=-0.0 integ=-55.9 vision=1 current=1 vframe=3099 vs=1 vage=5 vpage=5 vdt=34 vmax=200 vacc=3042 vrej=0 seq=0 elapsed=0 oled=3C
[  24516] STATUS mode=3 fault=none enc=735 denc=0 sreq=0 sapplied=0 crate=-12 uimp=-105145 upos=4175 uneg=7300 ball=-8.76 vball=0.10 aball=-2.0 bref=0.00 pid=-12.2 pref=559.1 ppos=560.3 apid=-0.0 integ=-56.0 vision=1 current=1 vframe=3100 vs=1 vage=12 vpage=12 vdt=33 vmax=200 vacc=3043 vrej=0 seq=0 elapsed=0 oled=3C
[  24530] STATUS mode=3 fault=none enc=735 denc=0 sreq=0 sapplied=0 crate=-12 uimp=-105145 upos=4175 uneg=7300 ball=-8.76 vball=0.10 aball=-2.0 bref=0.00 pid=-12.2 pref=559.1 ppos=560.3 apid=-0.0 integ=-56.0 vision=1 current=1 vframe=3100 vs=1 vage=32 vpage=32 vdt=33 vmax=200 vacc=3043 vrej=0 seq=0 elapsed=0 oled=3C
[  24562] STATUS mode=3 fault=none enc=735 denc=0 sreq=0 sapplied=0 crate=0 uimp=-105145 upos=4175 uneg=7300 ball=-8.75 vball=0.17 aball=-0.1 bref=0.00 pid=0.0 pref=559.4 ppos=560.3 apid=-0.0 integ=-56.2 vision=1 current=1 vframe=3101 vs=1 vage=19 vpage=19 vdt=33 vmax=200 vacc=3044 vrej=0 seq=0 elapsed=0 oled=3C
[  24593] STATUS mode=3 fault=none enc=735 denc=0 sreq=0 sapplied=0 crate=-12 uimp=-105145 upos=4175 uneg=7300 ball=-8.75 vball=0.15 aball=-0.1 bref=0.00 pid=-12.0 pref=559.1 ppos=560.3 apid=-0.0 integ=-56.3 vision=1 current=1 vframe=3102 vs=1 vage=25 vpage=25 vdt=34 vmax=200 vacc=3045 vrej=0 seq=0 elapsed=0 oled=3C
[  24609] STATUS mode=3 fault=none enc=735 denc=0 sreq=0 sapplied=0 crate=-16 uimp=-105145 upos=4175 uneg=7300 ball=-8.75 vball=0.11 aball=-0.1 bref=0.00 pid=-15.9 pref=558.7 ppos=560.3 apid=-0.0 integ=-56.5 vision=1 current=1 vframe=3110 vs=1 vage=12 vpage=12 vdt=33 vmax=200 vacc=3053 vrej=0 seq=0 elapsed=0 oled=3C
[  24641] STATUS mode=3 fault=none enc=735 denc=0 sreq=0 sapplied=0 crate=-16 uimp=-105145 upos=4175 uneg=7300 ball=-8.75 vball=0.11 aball=-0.1 bref=0.00 pid=-15.9 pref=558.7 ppos=560.3 apid=-0.0 integ=-56.5 vision=1 current=1 vframe=3110 vs=1 vage=32 vpage=32 vdt=33 vmax=200 vacc=3053 vrej=0 seq=0 elapsed=0 oled=3C
[  24671] STATUS mode=3 fault=none enc=735 denc=0 sreq=-21 sapplied=-21 crate=-21 uimp=-105245 upos=4175 uneg=7305 ball=-8.75 vball=0.05 aball=-0.5 bref=0.00 pid=-21.4 pref=558.1 ppos=560.2 apid=-0.0 integ=-56.8 vision=1 current=1 vframe=3112 vs=1 vage=6 vpage=6 vdt=33 vmax=200 vacc=3055 vrej=0 seq=0 elapsed=0 oled=3C
[  24702] STATUS mode=3 fault=none enc=735 denc=0 sreq=0 sapplied=0 crate=-19 uimp=-105450 upos=4175 uneg=7315 ball=-8.75 vball=0.05 aball=-0.5 bref=0.00 pid=-19.3 pref=558.1 ppos=560.0 apid=-0.0 integ=-56.8 vision=1 current=1 vframe=3112 vs=1 vage=26 vpage=26 vdt=33 vmax=200 vacc=3055 vrej=0 seq=0 elapsed=0 oled=3C
[  24718] STATUS mode=3 fault=none enc=735 denc=0 sreq=-21 sapplied=-21 crate=-21 uimp=-105560 upos=4175 uneg=7320 ball=-8.75 vball=0.03 aball=-0.5 bref=0.00 pid=-20.9 pref=557.8 ppos=559.9 apid=-0.0 integ=-56.9 vision=1 current=1 vframe=3113 vs=1 vage=11 vpage=11 vdt=35 vmax=200 vacc=3056 vrej=0 seq=0 elapsed=0 oled=3C
[  24750] STATUS mode=3 fault=none enc=735 denc=0 sreq=0 sapplied=0 crate=-19 uimp=-105970 upos=4175 uneg=7340 ball=-8.75 vball=0.02 aball=-0.5 bref=0.00 pid=-18.8 pref=557.6 ppos=559.5 apid=-0.0 integ=-57.0 vision=1 current=1 vframe=3114 vs=1 vage=19 vpage=19 vdt=32 vmax=200 vacc=3057 vrej=0 seq=0 elapsed=0 oled=3C
[  24780] STATUS mode=3 fault=none enc=735 denc=0 sreq=-21 sapplied=-21 crate=-21 uimp=-105970 upos=4175 uneg=7340 ball=-8.75 vball=0.01 aball=-0.5 bref=0.00 pid=-20.9 pref=557.4 ppos=559.5 apid=-0.0 integ=-57.2 vision=1 current=1 vframe=3115 vs=1 vage=5 vpage=5 vdt=34 vmax=200 vacc=3058 vrej=0 seq=0 elapsed=0 oled=3C
[  24796] STATUS mode=3 fault=none enc=735 denc=0 sreq=0 sapplied=0 crate=-19 uimp=-106175 upos=4175 uneg=7350 ball=-8.75 vball=0.01 aball=-0.5 bref=0.00 pid=-18.9 pref=557.4 ppos=559.3 apid=-0.0 integ=-57.2 vision=1 current=1 vframe=3115 vs=1 vage=25 vpage=25 vdt=34 vmax=200 vacc=3058 vrej=0 seq=0 elapsed=0 oled=3C
[  24827] STATUS mode=3 fault=none enc=735 denc=0 sreq=0 sapplied=0 crate=-19 uimp=-106275 upos=4175 uneg=7355 ball=-8.75 vball=0.01 aball=-0.5 bref=0.00 pid=-19.3 pref=557.2 ppos=559.2 apid=-0.0 integ=-57.3 vision=1 current=1 vframe=3116 vs=1 vage=32 vpage=32 vdt=33 vmax=200 vacc=3059 vrej=0 seq=0 elapsed=0 oled=3C
[  24859] STATUS mode=3 fault=none enc=735 denc=0 sreq=0 sapplied=0 crate=-19 uimp=-106480 upos=4175 uneg=7365 ball=-8.75 vball=0.00 aball=-0.4 bref=0.00 pid=-19.4 pref=557.0 ppos=559.0 apid=-0.0 integ=-57.5 vision=1 current=1 vframe=3117 vs=1 vage=18 vpage=18 vdt=34 vmax=200 vacc=3060 vrej=0 seq=0 elapsed=0 oled=3C
[  24891] STATUS mode=3 fault=none enc=735 denc=0 sreq=-21 sapplied=-21 crate=-21 uimp=-106480 upos=4175 uneg=7365 ball=-8.75 vball=0.00 aball=-0.4 bref=0.00 pid=-20.8 pref=556.9 ppos=559.0 apid=-0.0 integ=-57.6 vision=1 current=1 vframe=3118 vs=1 vage=5 vpage=5 vdt=33 vmax=200 vacc=3061 vrej=0 seq=0 elapsed=0 oled=3C
[  24905] STATUS mode=3 fault=none enc=735 denc=0 sreq=0 sapplied=0 crate=-19 uimp=-106785 upos=4175 uneg=7380 ball=-8.75 vball=0.00 aball=-0.4 bref=0.00 pid=-19.2 pref=556.7 ppos=558.6 apid=-0.0 integ=-57.8 vision=1 current=1 vframe=3119 vs=1 vage=12 vpage=12 vdt=33 vmax=200 vacc=3062 vrej=0 seq=0 elapsed=0 oled=3C
[  24937] STATUS mode=3 fault=none enc=735 denc=0 sreq=0 sapplied=0 crate=-19 uimp=-106785 upos=4175 uneg=7380 ball=-8.75 vball=0.00 aball=-0.4 bref=0.00 pid=-19.2 pref=556.7 ppos=558.6 apid=-0.0 integ=-57.8 vision=1 current=1 vframe=3119 vs=1 vage=32 vpage=32 vdt=33 vmax=200 vacc=3062 vrej=0 seq=0 elapsed=0 oled=3C
[  24968] STATUS mode=3 fault=none enc=735 denc=0 sreq=-20 sapplied=-20 crate=-20 uimp=-106990 upos=4175 uneg=7390 ball=5 vball=0.00 aball=-0.2 bref=0.00 pid=-18.6 pref=556.6 ppos=558.4 apid=-0.0 integ=-57.9 vision=1 current=1 vframe=3120 vs=1 vage=18 vpage=18 vdt=34 vmax=200 vacc=3063 vrej=0 seq=0 elapsed=0 oled=3C
[  25000] STATUS mode=3 fault=none enc=735 denc=0 sreq=0 sapplied=0 crate=-19 uimp=-107090 upos=4175 uneg=7395 ball=-8.75 vball=0.00 aball=-0.2 bref=0.00 pid=-19.1 pref=556.4 ppos=558.3 apid=-0.0 integ=-58.1 vision=1 current=1 vframe=3121 vs=1 vage=25 vpage=25 vdt=33 vmax=200 vacc=3064 vrej=0 seq=0 elapsed=0 oled=3C
[  25016] STATUS mode=3 fault=none enc=735 denc=0 sreq=-20 sapplied=-20 crate=-20 uimp=-107195 upos=4175 uneg=7400 ball=-8.75 vball=0.00 aball=-0.2 bref=0.00 pid=-19.5 pref=556.3 ppos=558.2 apid=-0.0 integ=-58.2 vision=1 current=1 vframe=3122 vs=1 vage=11 vpage=11 vdt=34 vmax=200 vacc=3065 vrej=0 seq=0 elapsed=0 oled=3C
[  25046] STATUS mode=3 fault=none enc=735 denc=0 sreq=0 sapplied=0 crate=-19 uimp=-107395 upos=4175 uneg=7410 ball=-8.75 vball=0.00 aball=-0.1 bref=0.00 pid=-19.0 pref=556.1 ppos=558.0 apid=-0.0 integ=-58.4 vision=1 current=1 vframe=3123 vs=1 vage=18 vpage=18 vdt=33 vmax=200 vacc=3066 vrej=0 seq=0 elapsed=0 oled=3C
[  25077] STATUS mode=3 fault=none enc=735 denc=0 sreq=-20 sapplied=-20 crate=-20 uimp=-107395 upos=4175 uneg=7410 ball=-8.75 vball=0.00 aball=-0.1 bref=0.00 pid=-20.4 pref=556.0 ppos=558.0 apid=-0.0 integ=-58.5 vision=1 current=1 vframe=3124 vs=1 vage=5 vpage=5 vdt=33 vmax=200 vacc=3067 vrej=0 seq=0 elapsed=0 oled=3C
[  25093] STATUS mode=3 fault=none enc=735 denc=0 sreq=0 sapplied=0 crate=-19 uimp=-107495 upos=4175 uneg=7415 ball=-8.75 vball=0.00 aball=-0.1 bref=0.00 pid=-19.4 pref=556.0 ppos=557.9 apid=-0.0 integ=-58.5 vision=1 current=1 vframe=3124 vs=1 vage=25 vpage=25 vdt=33 vmax=200 vacc=3067 vrej=0 seq=0 elapsed=0 oled=3C
[  25125] STATUS mode=3 fault=none enc=735 denc=0 sreq=0 sapplied=0 crate=-19 uimp=-107700 upos=4175 uneg=7425 ball=-8.75 vball=0.00 aball=-0.1 bref=0.00 pid=-18.8 pref=555.9 ppos=557.7 apid=-0.0 integ=-58.7 vision=1 current=1 vframe=3125 vs=1 vage=32 vpage=32 vdt=33 vmax=200 vacc=3068 vrej=0 seq=0 elapsed=0 oled=3C
[  25155] STATUS mode=3 fault=none enc=735 denc=0 sreq=0 sapplied=0 crate=-19 uimp=-107800 upos=4175 uneg=7430 ball=-8.75 vball=0.00 aball=-0.1 bref=0.00 pid=-19.3 pref=555.7 ppos=557.6 apid=-0.0 integ=-58.8 vision=1 current=1 vframe=3126 vs=1 vage=18 vpage=18 vdt=34 vmax=200 vacc=3069 vrej=0 seq=0 elapsed=0 oled=3C
[  25187] STATUS mode=3 fault=none enc=735 denc=0 sreq=-21 sapplied=-21 crate=-21 uimp=-107800 upos=4175 uneg=7430 ball=-8.75 vball=0.00 aball=-0.1 bref=0.00 pid=-20.7 pref=555.6 ppos=557.6 apid=-0.0 integ=-58.9 vision=1 current=1 vframe=3127 vs=1 vage=5 vpage=5 vdt=33 vmax=200 vacc=3070 vrej=0 seq=0 elapsed=0 oled=3C
[  25202] STATUS mode=3 fault=none enc=735 denc=0 sreq=0 sapplied=0 crate=-19 uimp=-108105 upos=4175 uneg=7445 ball=-8.75 vball=0.00 aball=-0.1 bref=0.00 pid=-19.1 pref=555.4 ppos=557.3 apid=-0.0 integ=-59.1 vision=1 current=1 vframe=3128 vs=1 vage=12 vpage=12 vdt=33 vmax=200 vacc=3071 vrej=0 seq=0 elapsed=0 oled=3C
[  25234] STATUS mode=3 fault=none enc=735 denc=0 sreq=0 sapplied=0 crate=-19 uimp=-108105 upos=4175 uneg=7445 ball=-8.75 vball=0.00 aball=-0.1 bref=0.00 pid=-19.1 pref=555.4 ppos=557.3 apid=-0.0 integ=-59.1 vision=1 current=1 vframe=3128 vs=1 vage=32 vpage=32 vdt=33 vmax=200 vacc=3071 vrej=0 seq=0 elapsed=0 oled=3C
[  25266] STATUS mode=3 fault=none enc=735 denc=0 sreq=0 sapplied=0 crate=-19 uimp=-108310 upos=4175 uneg=7455 ball=-8.75 vball=0.00 aball=-0.0 bref=0.00 pid=-18.6 pref=555.3 ppos=557.1 apid=-0.0 integ=-59.2 vision=1 current=1 vframe=3129 vs=1 vage=18 vpage=18 vdt=34 vmax=200 vacc=3072 vrej=0 seq=0 elapsed=0 oled=3C
[  25280] STATUS mode=3 fault=none enc=735 denc=0 sreq=0 sapplied=0 crate=-19 uimp=-108410 upos=4175 uneg=7460 ball=-8.75 vball=0.00 aball=-0.0 bref=0.00 pid=-19.0 pref=555.1 ppos=557.0 apid=-0.0 integ=-59.4 vision=1 current=1 vframe=3130 vs=1 vage=25 vpage=25 vdt=33 vmax=200 vacc=3073 vrej=0 seq=0 elapsed=0 oled=3C
[  25312] STATUS mode=3 fault=none enc=735 denc=0 sreq=0 sapplied=0 crate=-19 uimp=-108510 upos=4175 uneg=7465 ball=-8.75 vball=0.00 aball=-0.0 bref=0.00 pid=-19.5 pref=555.0 ppos=556.9 apid=-0.0 integ=-59.5 vision=1 current=1 vframe=3131 vs=1 vage=12 vpage=12 vdt=33 vmax=200 vacc=3074 vrej=0 seq=0 elapsed=0 oled=3C
[  25343] STATUS mode=3 fault=none enc=735 denc=0 sreq=0 sapplied=0 crate=-19 uimp=-108510 upos=4175 uneg=7465 ball=-8.75 vball=0.00 aball=-0.0 bref=0.00 pid=-19.5 pref=555.0 ppos=556.9 apid=-0.0 integ=-59.5 vision=1 current=1 vframe=3131 vs=1 vage=32 vpage=32 vdt=33 vmax=200 vacc=3074 vrej=0 seq=0 elapsed=0 oled=3C
[  25375] STATUS mode=3 fault=none enc=735 denc=0 sreq=-20 sapplied=-20 crate=-20 uimp=-108715 upos=4175 uneg=7475 ball=-8.75 vball=0.00 aball=-0.0 bref=0.00 pid=-20.3 pref=554.7 ppos=556.7 apid=-0.0 integ=-59.8 vision=1 current=1 vframe=3133 vs=1 vage=5 vpage=5 vdt=34 vmax=200 vacc=3076 vrej=0 seq=0 elapsed=0 oled=3C
[  25391] STATUS mode=3 fault=none enc=735 denc=0 sreq=0 sapplied=0 crate=-19 uimp=-108815 upos=4175 uneg=7480 ball=-8.75 vball=0.00 aball=-0.0 bref=0.00 pid=-19.3 pref=554.7 ppos=556.6 apid=-0.0 integ=-59.8 vision=1 current=1 vframe=3133 vs=1 vage=25 vpage=25 vdt=34 vmax=200 vacc=3076 vrej=0 seq=0 elapsed=0 oled=3C
[  25421] STATUS mode=3 fault=none enc=735 denc=0 sreq=0 sapplied=0 crate=-19 uimp=-109020 upos=4175 uneg=7490 ball=-8.75 vball=0.00 aball=-0.0 bref=0.00 pid=-18.7 pref=554.5 ppos=556.4 apid=-0.0 integ=-60.0 vision=1 current=1 vframe=3134 vs=1 vage=12 vpage=12 vdt=33 vmax=200 vacc=3077 vrej=0 seq=0 elapsed=0 oled=3C
[  25452] STATUS mode=3 fault=none enc=735 denc=0 sreq=0 sapplied=0 crate=-19 uimp=-109120 upos=4175 uneg=7495 ball=-8.75 vball=0.00 aball=-0.0 bref=0.00 pid=-19.2 pref=554.4 ppos=556.3 apid=-0.0 integ=-60.1 vision=1 current=1 vframe=3135 vs=1 vage=19 vpage=19 vdt=33 vmax=200 vacc=3078 vrej=0 seq=0 elapsed=0 oled=3C
[  25484] STATUS mode=3 fault=none enc=735 denc=0 sreq=-21 sapplied=-21 crate=-21 uimp=-109120 upos=4175 uneg=7495 ball=-8.75 vball=0.00 aball=-0.0 bref=0.00 pid=-20.6 pref=554.3 ppos=556.3 apid=-0.0 integ=-60.3 vision=1 current=1 vframe=3136 vs=1 vage=6 vpage=6 vdt=33 vmax=200 vacc=3079 vrej=0 seq=0 elapsed=0 oled=3C
[  25500] STATUS mode=3 fault=none enc=735 denc=0 sreq=0 sapplied=0 crate=-19 uimp=-109325 upos=4175 uneg=7505 ball=-8.75 vball=0.00 aball=-0.0 bref=0.00 pid=-18.6 pref=554.3 ppos=556.1 apid=-0.0 integ=-60.3 vision=1 current=1 vframe=3136 vs=1 vage=26 vpage=26 vdt=33 vmax=200 vacc=3079 vrej=0 seq=0 elapsed=0 oled=3C
[  25530] STATUS mode=3 fault=none enc=735 denc=0 sreq=0 sapplied=0 crate=-19 uimp=-109425 upos=4175 uneg=7510 ball=-8.75 vball=0.00 aball=-0.0 bref=0.00 pid=-19.1 pref=554.1 ppos=556.0 apid=-0.0 integ=-60.4 vision=1 current=1 vframe=3137 vs=1 vage=32 vpage=32 vdt=34 vmax=200 vacc=3080 vrej=0 seq=0 elapsed=0 oled=3C
[  25562] STATUS mode=3 fault=none enc=735 denc=0 sreq=0 sapplied=0 crate=-19 uimp=-109525 upos=4175 uneg=7515 ball=-8.75 vball=0.00 aball=-0.0 bref=0.00 pid=-19.5 pref=554.0 ppos=555.9 apid=-0.0 integ=-60.5 vision=1 current=1 vframe=3138 vs=1 vage=19 vpage=19 vdt=33 vmax=200 vacc=3081 vrej=0 seq=0 elapsed=0 oled=3C
[  25577] STATUS mode=3 fault=none enc=735 denc=0 sreq=-21 sapplied=-21 crate=-21 uimp=-109525 upos=4175 uneg=7515 ball=-8.75 vball=0.00 aball=-0.0 bref=0.00 pid=-20.9 pref=553.8 ppos=555.9 apid=-0.0 integ=-60.7 vision=1 current=1 vframe=3139 vs=1 vage=6 vpage=6 vdt=33 vmax=200 vacc=3082 vrej=0 seq=0 elapsed=0 oled=3C
[  25609] STATUS mode=3 fault=none enc=735 denc=0 sreq=0 sapplied=0 crate=-19 uimp=-109830 upos=4175 uneg=7530 ball=-8.75 vball=0.00 aball=-0.0 bref=0.00 pid=-19.3 pref=553.7 ppos=555.6 apid=-0.0 integ=-60.8 vision=1 current=1 vframe=3140 vs=1 vage=13 vpage=13 vdt=33 vmax=200 vacc=3083 vrej=0 seq=0 elapsed=0 oled=3C
[  25641] STATUS mode=3 fault=none enc=735 denc=0 sreq=0 sapplied=0 crate=-19 uimp=-109830 upos=4175 uneg=7530 ball=-8.75 vball=0.00 aball=-0.0 bref=0.00 pid=-19.3 pref=553.7 ppos=555.6 apid=-0.0 integ=-60.8 vision=1 current=1 vframe=3140 vs=1 vage=33 vpage=33 vdt=33 vmax=200 vacc=3083 vrej=0 seq=0 elapsed=0 oled=3C
[  25671] STATUS mode=3 fault=none enc=735 denc=0 sreq=0 sapplied=0 crate=-19 uimp=-110035 upos=4175 uneg=7540 ball=-8.75 vball=0.00 aball=-0.0 bref=0.00 pid=-18.7 pref=553.5 ppos=555.4 apid=-0.0 integ=-61.0 vision=1 current=1 vframe=3141 vs=1 vage=20 vpage=20 vdt=33 vmax=200 vacc=3084 vrej=0 seq=0 elapsed=0 oled=3C
[  25687] STATUS mode=3 fault=none enc=735 denc=0 sreq=0 sapplied=0 crate=-19 uimp=-110135 upos=4175 uneg=7545 ball=-8.75 vball=0.00 aball=-0.0 bref=0.00 pid=-19.2 pref=553.4 ppos=555.3 apid=-0.0 integ=-61.1 vision=1 current=1 vframe=3142 vs=1 vage=26 vpage=26 vdt=34 vmax=200 vacc=3085 vrej=0 seq=0 elapsed=0 oled=3C
[  25718] STATUS mode=3 fault=none enc=735 denc=0 sreq=0 sapplied=0 crate=-19 uimp=-110340 upos=4175 uneg=7555 ball=-8.75 vball=0.00 aball=-0.0 bref=0.00 pid=-18.6 pref=553.2 ppos=555.1 apid=-0.0 integ=-61.3 vision=1 current=1 vframe=3143 vs=1 vage=13 vpage=13 vdt=33 vmax=200 vacc=3086 vrej=0 seq=0 elapsed=0 oled=3C
[  25750] STATUS mode=3 fault=none enc=735 denc=0 sreq=0 sapplied=0 crate=-19 uimp=-110340 upos=4175 uneg=7555 ball=-8.75 vball=0.00 aball=-0.0 bref=0.00 pid=-18.6 pref=553.2 ppos=555.1 apid=-0.0 integ=-61.3 vision=1 current=1 vframe=3143 vs=1 vage=33 vpage=33 vdt=33 vmax=200 vacc=3086 vrej=0 seq=0 elapsed=0 oled=3C
[  25766] STATUS mode=3 fault=none enc=735 denc=0 sreq=0 sapplied=0 crate=-19 uimp=-110545 upos=4175 uneg=7565 ball=-8.75 vball=0.00 aball=-0.0 bref=0.00 pid=-19.5 pref=552.9 ppos=554.9 apid=-0.0 integ=-61.6 vision=1 current=1 vframe=3145 vs=1 vage=6 vpage=6 vdt=34 vmax=200 vacc=3088 vrej=0 seq=0 elapsed=0 oled=3C
[  25796] STATUS mode=3 fault=none enc=735 denc=0 sreq=0 sapplied=0 crate=-19 uimp=-110545 upos=4175 uneg=7565 ball=-8.75 vball=0.00 aball=-0.0 bref=0.00 pid=-19.5 pref=552.9 ppos=554.9 apid=-0.0 integ=-61.6 vision=1 current=1 vframe=3145 vs=1 vage=26 vpage=26 vdt=34 vmax=200 vacc=3088 vrej=0 seq=0 elapsed=0 oled=3C
[  25827] STATUS mode=3 fault=none enc=735 denc=0 sreq=0 sapplied=0 crate=-19 uimp=-110750 upos=4175 uneg=7575 ball=-8.75 vball=0.00 aball=-0.0 bref=0.00 pid=-18.9 pref=552.8 ppos=554.7 apid=-0.0 integ=-61.7 vision=1 current=1 vframe=3146 vs=1 vage=13 vpage=13 vdt=33 vmax=200 vacc=3089 vrej=0 seq=0 elapsed=0 oled=3C
[  25859] STATUS mode=3 fault=none enc=735 denc=0 sreq=0 sapplied=0 crate=-19 uimp=-110850 upos=4175 uneg=7580 ball=-8.75 vball=0.00 aball=-0.0 bref=0.00 pid=-19.3 pref=552.7 ppos=554.6 apid=-0.0 integ=-61.9 vision=1 current=1 vframe=3147 vs=1 vage=20 vpage=20 vdt=33 vmax=200 vacc=3090 vrej=0 seq=0 elapsed=0 oled=3C
[  25875] STATUS mode=3 fault=none enc=735 denc=0 sreq=-21 sapplied=-21 crate=-21 uimp=-110850 upos=4175 uneg=7580 ball=-8.75 vball=0.00 aball=-0.0 bref=0.00 pid=-20.8 pref=552.5 ppos=554.6 apid=-0.0 integ=-62.0 vision=1 current=1 vframe=3148 vs=1 vage=6 vpage=6 vdt=34 vmax=200 vacc=3091 vrej=0 seq=0 elapsed=0 oled=3C
[  25905] STATUS mode=3 fault=none enc=735 denc=0 sreq=0 sapplied=0 crate=-19 uimp=-111155 upos=4175 uneg=7595 ball=-8.75 vball=0.00 aball=-0.0 bref=0.00 pid=-19.2 pref=552.4 ppos=554.3 apid=-0.0 integ=-62.1 vision=1 current=1 vframe=3149 vs=1 vage=13 vpage=13 vdt=33 vmax=200 vacc=3092 vrej=0 seq=0 elapsed=0 oled=3C
[  25937] STATUS mode=3 fault=none enc=735 denc=0 sreq=0 sapplied=0 crate=-19 uimp=-111155 upos=4175 uneg=7595 ball=-8.75 vball=0.00 aball=-0.0 bref=0.00 pid=-19.2 pref=552.4 ppos=554.3 apid=-0.0 integ=-62.1 vision=1 current=1 vframe=3149 vs=1 vage=33 vpage=33 vdt=33 vmax=200 vacc=3092 vrej=0 seq=0 elapsed=0 oled=3C
[  25952] STATUS mode=3 fault=none enc=735 denc=0 sreq=0 sapplied=0 crate=-19 uimp=-111360 upos=4175 uneg=7605 ball=-8.75 vball=0.00 aball=-0.0 bref=0.00 pid=-18.6 pref=552.2 ppos=554.1 apid=-0.0 integ=-62.3 vision=1 current=1 vframe=3150 vs=1 vage=20 vpage=20 vdt=33 vmax=200 vacc=3093 vrej=0 seq=0 elapsed=0 oled=3C
[  25984] STATUS mode=3 fault=none enc=735 denc=0 sreq=0 sapplied=0 crate=-19 uimp=-111460 upos=4175 uneg=7610 ball=-8.75 vball=0.00 aball=-0.0 bref=0.00 pid=-19.1 pref=552.1 ppos=554.0 apid=-0.0 integ=-62.4 vision=1 current=1 vframe=3151 vs=1 vage=26 vpage=26 vdt=34 vmax=200 vacc=3094 vrej=0 seq=0 elapsed=0 oled=3C
[  26016] STATUS mode=3 fault=none enc=735 denc=0 sreq=0 sapplied=0 crate=-19 uimp=-111665 upos=4175 uneg=7620 ball=-8.75 vball=0.00 aball=-0.0 bref=0.00 pid=-18.5 pref=551.9 ppos=553.8 apid=-0.0 integ=-62.6 vision=1 current=1 vframe=3152 vs=1 vage=12 vpage=12 vdt=34 vmax=200 vacc=3095 vrej=0 seq=0 elapsed=0 oled=3C
[  26046] STATUS mode=3 fault=none enc=735 denc=0 sreq=0 sapplied=0 crate=-19 uimp=-111665 upos=4175 uneg=7620 ball=-8.75 vball=0.00 aball=-0.0 bref=0.00 pid=-18.5 pref=551.9 ppos=553.8 apid=-0.0 integ=-62.6 vision=1 current=1 vframe=3152 vs=1 vage=32 vpage=32 vdt=34 vmax=200 vacc=3095 vrej=0 seq=0 elapsed=0 oled=3C
[  26062] STATUS mode=3 fault=none enc=735 denc=0 sreq=-20 sapplied=-20 crate=-20 uimp=-111765 upos=4175 uneg=7625 ball=-8.75 vball=0.00 aball=-0.0 bref=0.00 pid=-20.5 pref=551.6 ppos=553.7 apid=-0.0 integ=-62.9 vision=1 current=1 vframe=3154 vs=1 vage=5 vpage=5 vdt=34 vmax=200 vacc=3097 vrej=0 seq=0 elapsed=0 oled=3C
[  26093] STATUS mode=3 fault=none enc=735 denc=0 sreq=0 sapplied=0 crate=-19 uimp=-111865 upos=4175 uneg=7630 ball=-8.75 vball=0.00 aball=-0.0 bref=0.00 pid=-19.5 pref=551.6 ppos=553.6 apid=-0.0 integ=-62.9 vision=1 current=1 vframe=3154 vs=1 vage=25 vpage=25 vdt=34 vmax=200 vacc=3097 vrej=0 seq=0 elapsed=0 oled=3C
[  26125] STATUS mode=3 fault=none enc=735 denc=0 sreq=0 sapplied=0 crate=-19 uimp=-112070 upos=4175 uneg=7640 ball=-8.75 vball=0.00 aball=-0.0 bref=0.00 pid=-18.8 pref=551.5 ppos=553.4 apid=-0.0 integ=-63.0 vision=1 current=1 vframe=3155 vs=1 vage=13 vpage=13 vdt=32 vmax=200 vacc=3098 vrej=0 seq=0 elapsed=0 oled=3C
[  26141] STATUS mode=3 fault=none enc=735 denc=0 sreq=0 sapplied=0 crate=-19 uimp=-112170 upos=4175 uneg=7645 ball=-8.75 vball=0.00 aball=-0.0 bref=0.00 pid=-19.3 pref=551.3 ppos=553.3 apid=-0.0 integ=-63.2 vision=1 current=1 vframe=3156 vs=1 vage=20 vpage=20 vdt=33 vmax=200 vacc=3099 vrej=0 seq=0 elapsed=0 oled=3C
[  26171] STATUS mode=3 fault=none enc=735 denc=0 sreq=-79 sapplied=-79 crate=-79 uimp=-112170 upos=4175 uneg=7645 ball=-8.86 vball=-0.95 aball=-0.0 bref=0.00 pid=-79.1 pref=545.4 ppos=553.3 apid=-0.0 integ=-63.3 vision=1 current=1 vframe=3157 vs=1 vage=6 vpage=6 vdt=34 vmax=200 vacc=3100 vrej=0 seq=0 elapsed=0 oled=3C
[  26202] STATUS mode=3 fault=none enc=734 denc=-1 sreq=-64 sapplied=-64 crate=-64 uimp=-113635 upos=4175 uneg=7665 ball=-8.86 vball=-0.95 aball=-0.0 bref=0.00 pid=-64.4 pref=545.4 ppos=551.8 apid=-0.0 integ=-63.3 vision=1 current=1 vframe=3157 vs=1 vage=26 vpage=26 vdt=34 vmax=200 vacc=3100 vrej=0 seq=0 elapsed=0 oled=3C
[  26234] STATUS mode=3 fault=none enc=732 denc=0 sreq=-44 sapplied=-44 crate=-44 uimp=-115845 upos=4175 uneg=7705 ball=-8.89 vball=-0.95 aball=-0.0 bref=0.00 pid=-44.2 pref=545.2 ppos=549.6 apid=-0.0 integ=-63.5 vision=1 current=1 vframe=3158 vs=1 vage=33 vpage=33 vdt=33 vmax=200 vacc=3101 vrej=0 seq=0 elapsed=0 oled=3C
[  26250] STATUS mode=3 fault=none enc=732 denc=0 sreq=-27 sapplied=-27 crate=-27 uimp=-116505 upos=4175 uneg=7725 ball=-8.90 vball=-0.74 aball=-3.3 bref=0.00 pid=-26.6 pref=546.3 ppos=548.9 apid=-0.0 integ=-63.6 vision=1 current=1 vframe=3159 vs=1 vage=19 vpage=19 vdt=34 vmax=200 vacc=3102 vrej=0 seq=0 elapsed=0 oled=3C
[  26280] STATUS mode=3 fault=none enc=731 denc=0 sreq=0 sapplied=0 crate=0 uimp=-117000 upos=4175 uneg=7745 ball=-8.90 vball=-0.51 aball=-3.3 bref=0.00 pid=0.0 pref=547.5 ppos=548.4 apid=-0.0 integ=-63.8 vision=1 current=1 vframe=3160 vs=1 vage=6 vpage=6 vdt=33 vmax=200 vacc=3103 vrej=0 seq=0 elapsed=0 oled=3C
[  26312] STATUS mode=3 fault=none enc=731 denc=0 sreq=0 sapplied=0 crate=0 uimp=-117000 upos=4175 uneg=7745 ball=-8.89 vball=-0.33 aball=-3.3 bref=0.00 pid=0.0 pref=548.4 ppos=548.4 apid=-0.0 integ=-63.9 vision=1 current=1 vframe=3161 vs=1 vage=12 vpage=12 vdt=34 vmax=200 vacc=3104 vrej=0 seq=0 elapsed=0 oled=3C
[  26343] STATUS mode=3 fault=none enc=731 denc=0 sreq=0 sapplied=0 crate=0 uimp=-117000 upos=4175 uneg=7745 ball=-8.89 vball=-0.33 aball=-3.3 bref=0.00 pid=0.0 pref=548.4 ppos=548.4 apid=-0.0 integ=-63.9 vision=1 current=1 vframe=3161 vs=1 vage=32 vpage=32 vdt=34 vmax=200 vacc=3104 vrej=0 seq=0 elapsed=0 oled=3C
[  26343] >>> stop
[  26359] STATUS mode=3 fault=none enc=731 denc=0 sreq=0 sapplied=0 crate=0 uimp=-117000 upos=4175 uneg=7745 ball=-8.89 vball=-0.21 aball=0.6 bref=0.00 pid=0.0 pref=549.0 ppos=548.4 apid=0.0 integ=-64.1 vision=1 current=1 vframe=3162 vs=1 vage=19 vpage=19 vdt=33 vmax=200 vacc=3105 vrej=0 seq=0 elapsed=0 oled=3C
[  26391] STATUS mode=1 fault=none enc=731 denc=0 sreq=0 sapplied=0 crate=0 uimp=-117000 upos=4175 uneg=7745 ball=-8.89 vball=-0.13 aball=0.0 bref=0.00 pid=0.0 pref=548.4 ppos=548.4 apid=0.0 integ=0.0 vision=1 current=1 vframe=3163 vs=1 vage=26 vpage=26 vdt=33 vmax=200 vacc=3106 vrej=0 seq=0 elapsed=0 oled=3C
[  26421] STATUS mode=1 fault=none enc=731 denc=0 sreq=0 sapplied=0 crate=0 uimp=-117000 upos=4175 uneg=7745 ball=-8.89 vball=-0.08 aball=0.0 bref=0.00 pid=0.0 pref=548.4 ppos=548.4 apid=0.0 integ=0.0 vision=1 current=1 vframe=3164 vs=1 vage=12 vpage=12 vdt=34 vmax=200 vacc=3107 vrej=0 seq=0 elapsed=0 oled=3C
[  26437] STATUS mode=1 fault=none enc=731 denc=0 sreq=0 sapplied=0 crate=0 uimp=-117000 upos=4175 uneg=7745 ball=-8.89 vball=-0.08 aball=0.0 bref=0.00 pid=0.0 pref=548.4 ppos=548.4 apid=0.0 integ=0.0 vision=1 current=1 vframe=3164 vs=1 vage=32 vpage=32 vdt=34 vmax=200 vacc=3107 vrej=0 seq=0 elapsed=0 oled=3C
[  26468] STATUS mode=1 fault=none enc=731 denc=0 sreq=0 sapplied=0 crate=0 uimp=-117000 upos=4175 uneg=7745 ball=-8.88 vball=-0.03 aball=0.0 bref=0.00 pid=0.0 pref=548.4 ppos=548.4 apid=0.0 integ=0.0 vision=1 current=1 vframe=3166 vs=1 vage=6 vpage=6 vdt=33 vmax=200 vacc=3109 vrej=0 seq=0 elapsed=0 oled=3C
[  26500] STATUS mode=1 fault=none enc=731 denc=0 sreq=0 sapplied=0 crate=0 uimp=-117000 upos=4175 uneg=7745 ball=-8.88 vball=-0.03 aball=0.0 bref=0.00 pid=0.0 pref=548.4 ppos=548.4 apid=0.0 integ=0.0 vision=1 current=1 vframe=3166 vs=1 vage=26 vpage=26 vdt=33 vmax=200 vacc=3109 vrej=0 seq=0 elapsed=0 oled=3C
[  26516] STATUS mode=1 fault=none enc=731 denc=0 sreq=0 sapplied=0 crate=0 uimp=-117000 upos=4175 uneg=7745 ball=-8.88 vball=-0.02 aball=0.0 bref=0.00 pid=0.0 pref=548.4 ppos=548.4 apid=0.0 integ=0.0 vision=1 current=1 vframe=3167 vs=1 vage=13 vpage=13 vdt=33 vmax=200 vacc=3110 vrej=0 seq=0 elapsed=0 oled=3C
[  26546] STATUS mode=1 fault=none enc=731 denc=0 sreq=0 sapplied=0 crate=0 uimp=-117000 upos=4175 uneg=7745 ball=-8.88 vball=-0.01 aball=0.0 bref=0.00 pid=0.0 pref=548.4 ppos=548.4 apid=0.0 integ=0.0 vision=1 current=1 vframe=3168 vs=1 vage=19 vpage=19 vdt=34 vmax=200 vacc=3111 vrej=0 seq=0 elapsed=0 oled=3C
[  26577] STATUS mode=1 fault=none enc=731 denc=0 sreq=0 sapplied=0 crate=0 uimp=-117000 upos=4175 uneg=7745 ball=-8.88 vball=-0.01 aball=0.0 bref=0.00 pid=0.0 pref=548.4 ppos=548.4 apid=0.0 integ=0.0 vision=1 current=1 vframe=3169 vs=1 vage=6 vpage=6 vdt=33 vmax=200 vacc=3112 vrej=0 seq=0 elapsed=0 oled=3C
[  26593] STATUS mode=1 fault=none enc=731 denc=0 sreq=0 sapplied=0 crate=0 uimp=-117000 upos=4175 uneg=7745 ball=-8.88 vball=-0.01 aball=0.0 bref=0.00 pid=0.0 pref=548.4 ppos=548.4 apid=0.0 integ=0.0 vision=1 current=1 vframe=3169 vs=1 vage=26 vpage=26 vdt=33 vmax=200 vacc=3112 vrej=0 seq=0 elapsed=0 oled=3C
[  26625] STATUS mode=1 fault=none enc=731 denc=0 sreq=0 sapplied=0 crate=0 uimp=-117000 upos=4175 uneg=7745 ball=-8.88 vball=-0.00 aball=0.0 bref=0.00 pid=0.0 pref=548.4 ppos=548.4 apid=0.0 integ=0.0 vision=1 current=1 vframe=3170 vs=1 vage=13 vpage=13 vdt=33 vmax=200 vacc=3113 vrej=0 seq=0 elapsed=0 oled=3C
[  26655] STATUS mode=1 fault=none enc=731 denc=0 sreq=0 sapplied=0 crate=0 uimp=-117000 upos=4175 uneg=7745 ball=-8.88 vball=-0.00 aball=0.0 bref=0.00 pid=0.0 pref=548.4 ppos=548.4 apid=0.0 integ=0.0 vision=1 current=1 vframe=3171 vs=1 vage=19 vpage=19 vdt=34 vmax=200 vacc=3114 vrej=0 seq=0 elapsed=0 oled=3C
[  26671] STATUS mode=1 fault=none enc=731 denc=0 sreq=0 sapplied=0 crate=0 uimp=-117000 upos=4175 uneg=7745 ball=-8.88 vball=-0.00 aball=0.0 bref=0.00 pid=0.0 pref=548.4 ppos=548.4 apid=0.0 integ=0.0 vision=1 current=1 vframe=3172 vs=1 vage=6 vpage=6 vdt=33 vmax=200 vacc=3115 vrej=0 seq=0 elapsed=0 oled=3C
[  26702] STATUS mode=1 fault=none enc=731 denc=0 sreq=0 sapplied=0 crate=0 uimp=-117000 upos=4175 uneg=7745 ball=-8.88 vball=-0.00 aball=0.0 bref=0.00 pid=0.0 pref=548.4 ppos=548.4 apid=0.0 integ=0.0 vision=1 current=1 vframe=3172 vs=1 vage=26 vpage=26 vdt=33 vmax=200 vacc=3115 vrej=0 seq=0 elapsed=0 oled=3C
[  26702] >>> stream off
[  26734] STATUS mode=1 fault=none enc=731 denc=0 sreq=0 sapplied=0 crate=0 uimp=-117000 upos=4175 uneg=7745 ball=-8.88 vball=-0.00 aball=0.0 bref=0.00 pid=0.0 pref=548.4 ppos=548.4 apid=0.0 integ=0.0 vision=1 current=1 vframe=3173 vs=1 vage=33 vpage=33 vdt=33 vmax=200 vacc=3116 vrej=0 seq=0 elapsed=0 oled=3C
[  26734] OK stream off
[  26921] STOP_REASON time_limit
