[      0] >>> bench on
[     16] OK stepper visual-only bench active; command pose preserved
[    188] >>> clear
[    202] OK fault cleared
[    375] >>> diag reset
[    391] OK actuator diagnostics reset
[    563] >>> gain ball 1.2 0.5 10.0 -1
[    577] OK ball gains kp=1.200 ki=0.500 kd=10.000 sign=-1
[    734] >>> gain accel 0.0
[    734] OK ball acceleration gain ka=0.000
[    922] >>> limit rate 100
[    922] OK ball rate limit=100 steps/s
[   1109] >>> stream on 20
[   1109] OK stream on 20 ms
[   1157] STATUS mode=1 fault=none enc=49 denc=0 sreq=0 sapplied=0 crate=0 uimp=0 upos=0 uneg=0 ball=-44.28 vball=-0.19 aball=0.0 bref=0.00 pid=0.0 pref=54.7 ppos=54.7 apid=0.0 integ=0.0 vision=1 current=1 vframe=19818 vs=1 vage=33 vpage=33 vdt=33 vmax=103 vacc=19797 vrej=0 seq=0 elapsed=0 oled=3C
[   1172] STATUS mode=1 fault=none enc=49 denc=0 sreq=0 sapplied=0 crate=0 uimp=0 upos=0 uneg=0 ball=-44.27 vball=-0.05 aball=0.0 bref=0.00 pid=0.0 pref=54.7 ppos=54.7 apid=0.0 integ=0.0 vision=1 current=1 vframe=19819 vs=1 vage=20 vpage=20 vdt=33 vmax=103 vacc=19798 vrej=0 seq=0 elapsed=0 oled=3C
[   1202] STATUS mode=1 fault=none enc=49 denc=0 sreq=0 sapplied=0 crate=0 uimp=0 upos=0 uneg=0 ball=-44.26 vball=0.03 aball=0.0 bref=0.00 pid=0.0 pref=54.7 ppos=54.7 apid=0.0 integ=0.0 vision=1 current=1 vframe=19820 vs=1 vage=6 vpage=6 vdt=34 vmax=103 vacc=19799 vrej=0 seq=0 elapsed=0 oled=3C
[   1218] STATUS mode=1 fault=none enc=49 denc=0 sreq=0 sapplied=0 crate=0 uimp=0 upos=0 uneg=0 ball=-44.26 vball=0.03 aball=0.0 bref=0.00 pid=0.0 pref=54.7 ppos=54.7 apid=0.0 integ=0.0 vision=1 current=1 vframe=19820 vs=1 vage=26 vpage=26 vdt=34 vmax=103 vacc=19799 vrej=0 seq=0 elapsed=0 oled=3C
[   1250] STATUS mode=1 fault=none enc=49 denc=0 sreq=0 sapplied=0 crate=0 uimp=0 upos=0 uneg=0 ball=-44.26 vball=0.05 aball=0.0 bref=0.00 pid=0.0 pref=54.7 ppos=54.7 apid=0.0 integ=0.0 vision=1 current=1 vframe=19821 vs=1 vage=33 vpage=33 vdt=33 vmax=103 vacc=19800 vrej=0 seq=0 elapsed=0 oled=3C
[   1282] STATUS mode=1 fault=none enc=49 denc=0 sreq=0 sapplied=0 crate=0 uimp=0 upos=0 uneg=0 ball=-44.28 vball=-0.14 aball=0.0 bref=0.00 pid=0.0 pref=54.7 ppos=54.7 apid=0.0 integ=0.0 vision=1 current=1 vframe=19822 vs=1 vage=20 vpage=20 vdt=33 vmax=103 vacc=19801 vrej=0 seq=0 elapsed=0 oled=3C
[   1282] >>> ball 0.0
[   1297] STATUS mode=1 fault=none enc=49 denc=0 sreq=0 sapplied=0 crate=0 uimp=0 upos=0 uneg=0 ball=-44.28 vball=-0.15 aball=0.0 bref=0.00 pid=0.0 pref=54.7 ppos=54.7 apid=0.0 integ=0.0 vision=1 current=1 vframe=19823 vs=1 vage=7 vpage=7 vdt=33 vmax=103 vacc=19802 vrej=0 seq=0 elapsed=0 oled=3C
[   1327] STATUS mode=3 fault=none enc=59 denc=2 sreq=-100 sapplied=-100 crate=-100 uimp=-500 upos=0 uneg=5 ball=-44.28 vball=-0.15 aball=0.0 bref=0.00 pid=-100.0 pref=0.0 ppos=54.2 apid=0.0 integ=-0.0 vision=1 current=1 vframe=19823 vs=1 vage=27 vpage=27 vdt=33 vmax=103 vacc=19802 vrej=0 seq=0 elapsed=0 oled=3C
[   1359] STATUS mode=3 fault=none enc=53 denc=-2 sreq=-100 sapplied=-100 crate=-100 uimp=-4500 upos=0 uneg=45 ball=-44.29 vball=-0.12 aball=0.0 bref=0.00 pid=-100.0 pref=0.3 ppos=50.2 apid=0.0 integ=-0.0 vision=1 current=1 vframe=19824 vs=1 vage=34 vpage=34 vdt=33 vmax=103 vacc=19803 vrej=0 seq=0 elapsed=0 oled=3C
[   1375] STATUS mode=3 fault=none enc=50 denc=-2 sreq=-100 sapplied=-100 crate=-100 uimp=-6500 upos=0 uneg=65 ball=-44.23 vball=0.36 aball=0.0 bref=0.00 pid=-100.0 pref=5.2 ppos=48.2 apid=0.0 integ=-0.0 vision=1 current=1 vframe=19825 vs=1 vage=20 vpage=20 vdt=34 vmax=103 vacc=19804 vrej=0 seq=0 elapsed=0 oled=3C
[   1407] STATUS mode=3 fault=none enc=48 denc=-2 sreq=-100 sapplied=-100 crate=-100 uimp=-8500 upos=0 uneg=85 ball=-44.21 vball=0.44 aball=2.7 bref=0.00 pid=-100.0 pref=6.0 ppos=46.2 apid=0.0 integ=-0.0 vision=1 current=1 vframe=19826 vs=1 vage=7 vpage=7 vdt=33 vmax=103 vacc=19805 vrej=0 seq=0 elapsed=0 oled=3C
[   1438] STATUS mode=3 fault=none enc=43 denc=-2 sreq=-100 sapplied=-100 crate=-100 uimp=-12500 upos=0 uneg=125 ball=-44.21 vball=0.36 aball=2.7 bref=0.00 pid=-100.0 pref=5.2 ppos=42.2 apid=0.0 integ=-0.0 vision=1 current=1 vframe=19827 vs=1 vage=12 vpage=12 vdt=35 vmax=103 vacc=19806 vrej=0 seq=0 elapsed=0 oled=3C
[   1468] STATUS mode=3 fault=none enc=40 denc=-2 sreq=-100 sapplied=-100 crate=-100 uimp=-14500 upos=0 uneg=145 ball=-44.21 vball=0.36 aball=2.7 bref=0.00 pid=-100.0 pref=5.2 ppos=40.2 apid=0.0 integ=-0.0 vision=1 current=1 vframe=19827 vs=1 vage=32 vpage=32 vdt=35 vmax=103 vacc=19806 vrej=0 seq=0 elapsed=0 oled=3C
[   1484] STATUS mode=3 fault=none enc=37 denc=-3 sreq=-100 sapplied=-100 crate=-100 uimp=-16500 upos=0 uneg=165 ball=-44.19 vball=0.42 aball=2.7 bref=0.00 pid=-100.0 pref=5.9 ppos=38.2 apid=0.0 integ=-0.0 vision=1 current=1 vframe=19828 vs=1 vage=18 vpage=18 vdt=34 vmax=103 vacc=19807 vrej=0 seq=0 elapsed=0 oled=3C
[   1516] STATUS mode=3 fault=none enc=32 denc=-2 sreq=-100 sapplied=-100 crate=-100 uimp=-20500 upos=0 uneg=205 ball=-43.96 vball=2.25 aball=9.5 bref=0.00 pid=-100.0 pref=23.7 ppos=34.2 apid=0.0 integ=-0.7 vision=1 current=1 vframe=19829 vs=1 vage=26 vpage=26 vdt=32 vmax=103 vacc=19808 vrej=0 seq=0 elapsed=0 oled=3C
[   1547] STATUS mode=3 fault=none enc=30 denc=-2 sreq=-100 sapplied=-100 crate=-100 uimp=-22500 upos=0 uneg=225 ball=-43.90 vball=2.16 aball=9.5 bref=0.00 pid=-100.0 pref=22.1 ppos=32.2 apid=0.0 integ=-1.5 vision=1 current=1 vframe=19830 vs=1 vage=11 vpage=11 vdt=35 vmax=103 vacc=19809 vrej=0 seq=0 elapsed=0 oled=3C
[   1563] STATUS mode=3 fault=none enc=29 denc=-1 sreq=-82 sapplied=-82 crate=-82 uimp=-24365 upos=0 uneg=245 ball=-43.90 vball=2.16 aball=9.5 bref=0.00 pid=-81.9 pref=22.1 ppos=30.3 apid=0.0 integ=-1.5 vision=1 current=1 vframe=19830 vs=1 vage=31 vpage=31 vdt=35 vmax=103 vacc=19809 vrej=0 seq=0 elapsed=0 oled=3C
[   1593] STATUS mode=3 fault=none enc=23 denc=-2 sreq=-100 sapplied=-100 crate=-100 uimp=-28275 upos=0 uneg=285 ball=-44.42 vball=-3.35 aball=-20.0 bref=0.00 pid=-100.0 pref=-35.0 ppos=26.4 apid=-0.0 integ=-2.9 vision=1 current=1 vframe=19832 vs=1 vage=6 vpage=6 vdt=34 vmax=103 vacc=19811 vrej=0 seq=0 elapsed=0 oled=3C
[   1625] STATUS mode=3 fault=none enc=20 denc=-2 sreq=-100 sapplied=-100 crate=-100 uimp=-30275 upos=0 uneg=305 ball=-44.42 vball=-3.35 aball=-20.0 bref=0.00 pid=-100.0 pref=-35.0 ppos=24.4 apid=-0.0 integ=-2.9 vision=1 current=1 vframe=19832 vs=1 vage=26 vpage=26 vdt=34 vmax=103 vacc=19811 vrej=0 seq=0 elapsed=0 oled=3C
[   1657] STATUS mode=3 fault=none enc=17 denc=-3 sreq=-100 sapplied=-100 crate=-100 uimp=-32275 upos=0 uneg=325 ball=-44.80 vball=-5.63 aball=-20.0 bref=0.00 pid=-100.0 pref=-58.3 ppos=22.4 apid=-0.0 integ=-2.9 vision=1 current=1 vframe=19833 vs=1 vage=13 vpage=13 vdt=33 vmax=103 vacc=19812 vrej=0 seq=0 elapsed=0 oled=3C
[   1672] STATUS mode=3 fault=none enc=12 denc=-3 sreq=-100 sapplied=-100 crate=-100 uimp=-36275 upos=0 uneg=365 ball=-44.93 vball=-5.09 aball=-20.0 bref=0.00 pid=-100.0 pref=-53.0 ppos=18.4 apid=-0.0 integ=-2.9 vision=1 current=1 vframe=19834 vs=1 vage=20 vpage=20 vdt=33 vmax=103 vacc=19813 vrej=0 seq=0 elapsed=0 oled=3C
[   1702] STATUS mode=3 fault=none enc=9 denc=-3 sreq=-100 sapplied=-100 crate=-100 uimp=-38275 upos=0 uneg=385 ball=-44.96 vball=-3.89 aball=-13.5 bref=0.00 pid=-100.0 pref=-41.1 ppos=16.4 apid=-0.0 integ=-2.9 vision=1 current=1 vframe=19835 vs=1 vage=8 vpage=8 vdt=32 vmax=103 vacc=19814 vrej=0 seq=0 elapsed=0 oled=3C
[   1734] STATUS mode=3 fault=none enc=8 denc=-1 sreq=-100 sapplied=-100 crate=-100 uimp=-40275 upos=0 uneg=405 ball=-44.96 vball=-3.89 aball=-13.5 bref=0.00 pid=-100.0 pref=-41.1 ppos=14.4 apid=-0.0 integ=-2.9 vision=1 current=1 vframe=19835 vs=1 vage=28 vpage=28 vdt=32 vmax=103 vacc=19814 vrej=0 seq=0 elapsed=0 oled=3C
[   1766] STATUS mode=3 fault=none enc=2 denc=-2 sreq=-100 sapplied=-100 crate=-100 uimp=-44275 upos=0 uneg=445 ball=-45.38 vball=-5.12 aball=-13.5 bref=0.00 pid=-100.0 pref=-53.9 ppos=10.4 apid=-0.0 integ=-2.9 vision=1 current=1 vframe=19837 vs=1 vage=2 vpage=2 vdt=31 vmax=103 vacc=19816 vrej=0 seq=0 elapsed=0 oled=3C
[   1782] STATUS mode=3 fault=none enc=-1 denc=-2 sreq=-100 sapplied=-100 crate=-100 uimp=-46275 upos=0 uneg=465 ball=-45.38 vball=-5.12 aball=-13.5 bref=0.00 pid=-100.0 pref=-53.9 ppos=8.4 apid=-0.0 integ=-2.9 vision=1 current=1 vframe=19837 vs=1 vage=22 vpage=22 vdt=31 vmax=103 vacc=19816 vrej=0 seq=0 elapsed=0 oled=3C
[   1813] STATUS mode=3 fault=none enc=-7 denc=-3 sreq=-100 sapplied=-100 crate=-100 uimp=-50275 upos=0 uneg=505 ball=-45.55 vball=-5.07 aball=-12.7 bref=0.00 pid=-100.0 pref=-53.6 ppos=4.4 apid=-0.0 integ=-2.9 vision=1 current=1 vframe=19838 vs=1 vage=28 vpage=28 vdt=34 vmax=103 vacc=19817 vrej=0 seq=0 elapsed=0 oled=3C
[   1843] STATUS mode=3 fault=none enc=-9 denc=-3 sreq=-100 sapplied=-100 crate=-100 uimp=-52275 upos=0 uneg=525 ball=-45.59 vball=-3.93 aball=-12.7 bref=0.00 pid=-100.0 pref=-42.2 ppos=2.4 apid=-0.0 integ=-2.9 vision=1 current=1 vframe=19839 vs=1 vage=13 vpage=13 vdt=35 vmax=103 vacc=19818 vrej=0 seq=0 elapsed=0 oled=3C
[   1875] STATUS mode=3 fault=none enc=-12 denc=-3 sreq=-100 sapplied=-100 crate=-100 uimp=-54275 upos=0 uneg=545 ball=-45.59 vball=-3.93 aball=-12.7 bref=0.00 pid=-100.0 pref=-42.2 ppos=0.4 apid=-0.0 integ=-2.9 vision=1 current=1 vframe=19839 vs=1 vage=33 vpage=33 vdt=35 vmax=103 vacc=19818 vrej=0 seq=0 elapsed=0 oled=3C
[   1891] STATUS mode=3 fault=none enc=-16 denc=-2 sreq=-100 sapplied=-100 crate=-100 uimp=-58275 upos=0 uneg=585 ball=-45.60 vball=-1.93 aball=7.1 bref=0.00 pid=-100.0 pref=-22.3 ppos=-3.6 apid=0.0 integ=-2.9 vision=1 current=1 vframe=19841 vs=1 vage=8 vpage=8 vdt=31 vmax=103 vacc=19820 vrej=0 seq=0 elapsed=0 oled=3C
[   1922] STATUS mode=3 fault=none enc=-18 denc=-1 sreq=-100 sapplied=-100 crate=-100 uimp=-60275 upos=0 uneg=605 ball=-45.60 vball=-1.93 aball=7.1 bref=0.00 pid=-100.0 pref=-22.3 ppos=-5.6 apid=0.0 integ=-2.9 vision=1 current=1 vframe=19841 vs=1 vage=28 vpage=28 vdt=31 vmax=103 vacc=19820 vrej=0 seq=0 elapsed=0 oled=3C
[   1952] STATUS mode=3 fault=none enc=-20 denc=-1 sreq=-76 sapplied=-76 crate=-76 uimp=-62095 upos=0 uneg=625 ball=-45.58 vball=-1.21 aball=7.1 bref=0.00 pid=-76.1 pref=-15.0 ppos=-7.4 apid=0.0 integ=-2.9 vision=1 current=1 vframe=19842 vs=1 vage=15 vpage=15 vdt=33 vmax=103 vacc=19821 vrej=0 seq=0 elapsed=0 oled=3C
[   1968] STATUS mode=3 fault=none enc=-24 denc=-1 sreq=0 sapplied=0 crate=0 uimp=-63815 upos=0 uneg=650 ball=-45.56 vball=-0.67 aball=7.1 bref=0.00 pid=0.0 pref=-9.6 ppos=-9.1 apid=0.0 integ=-2.9 vision=1 current=1 vframe=19843 vs=1 vage=20 vpage=20 vdt=35 vmax=103 vacc=19822 vrej=0 seq=0 elapsed=0 oled=3C
[   2000] STATUS mode=3 fault=none enc=-23 denc=1 sreq=100 sapplied=100 crate=100 uimp=-63815 upos=0 uneg=650 ball=-44.82 vball=6.14 aball=39.9 bref=0.00 pid=100.0 pref=59.4 ppos=-9.1 apid=0.0 integ=-2.9 vision=1 current=1 vframe=19844 vs=1 vage=7 vpage=7 vdt=33 vmax=103 vacc=19823 vrej=0 seq=0 elapsed=0 oled=3C
[   2032] STATUS mode=3 fault=none enc=-23 denc=-1 sreq=100 sapplied=100 crate=100 uimp=-61815 upos=20 uneg=650 ball=-44.82 vball=6.14 aball=39.9 bref=0.00 pid=100.0 pref=59.4 ppos=-7.1 apid=0.0 integ=-2.9 vision=1 current=1 vframe=19844 vs=1 vage=27 vpage=27 vdt=33 vmax=103 vacc=19823 vrej=0 seq=0 elapsed=0 oled=3C
[   2063] STATUS mode=3 fault=none enc=-18 denc=-1 sreq=100 sapplied=100 crate=100 uimp=-57815 upos=60 uneg=650 ball=-44.19 vball=10.10 aball=39.9 bref=0.00 pid=100.0 pref=99.7 ppos=-3.1 apid=0.0 integ=-0.0 vision=1 current=1 vframe=19845 vs=1 vage=33 vpage=33 vdt=34 vmax=103 vacc=19824 vrej=0 seq=0 elapsed=0 oled=3C
[   2077] STATUS mode=3 fault=none enc=-15 denc=0 sreq=100 sapplied=100 crate=100 uimp=-55815 upos=80 uneg=650 ball=-43.83 vball=10.16 aball=39.9 bref=0.00 pid=100.0 pref=100.8 ppos=-1.1 apid=0.0 integ=-0.0 vision=1 current=1 vframe=19846 vs=1 vage=20 vpage=20 vdt=33 vmax=103 vacc=19825 vrej=0 seq=0 elapsed=0 oled=3C
[   2109] STATUS mode=3 fault=none enc=-13 denc=-1 sreq=100 sapplied=100 crate=100 uimp=-53815 upos=100 uneg=650 ball=-43.51 vball=9.94 aball=39.0 bref=0.00 pid=100.0 pref=99.0 ppos=0.9 apid=0.0 integ=-0.0 vision=1 current=1 vframe=19847 vs=1 vage=7 vpage=7 vdt=33 vmax=103 vacc=19826 vrej=0 seq=0 elapsed=0 oled=3C
[   2141] STATUS mode=3 fault=none enc=-8 denc=-1 sreq=100 sapplied=100 crate=100 uimp=-49815 upos=140 uneg=650 ball=-43.28 vball=9.24 aball=39.0 bref=0.00 pid=100.0 pref=92.2 ppos=4.9 apid=0.0 integ=-0.0 vision=1 current=1 vframe=19848 vs=1 vage=13 vpage=13 vdt=34 vmax=103 vacc=19827 vrej=0 seq=0 elapsed=0 oled=3C
[   2157] STATUS mode=3 fault=none enc=-6 denc=-1 sreq=100 sapplied=100 crate=100 uimp=-47815 upos=160 uneg=650 ball=-43.28 vball=9.24 aball=39.0 bref=0.00 pid=100.0 pref=92.2 ppos=6.9 apid=0.0 integ=-0.0 vision=1 current=1 vframe=19848 vs=1 vage=33 vpage=33 vdt=34 vmax=103 vacc=19827 vrej=0 seq=0 elapsed=0 oled=3C
[   2188] STATUS mode=3 fault=none enc=-3 denc=-1 sreq=100 sapplied=100 crate=100 uimp=-45815 upos=180 uneg=650 ball=-42.97 vball=9.06 aball=39.0 bref=0.00 pid=100.0 pref=90.8 ppos=8.9 apid=0.0 integ=-0.0 vision=1 current=1 vframe=19849 vs=1 vage=19 vpage=19 vdt=34 vmax=103 vacc=19828 vrej=0 seq=0 elapsed=0 oled=3C
[   2218] STATUS mode=3 fault=none enc=2 denc=-1 sreq=100 sapplied=100 crate=100 uimp=-41815 upos=220 uneg=650 ball=-42.39 vball=11.78 aball=29.7 bref=0.00 pid=100.0 pref=118.7 ppos=12.9 apid=0.0 integ=-0.0 vision=1 current=1 vframe=19850 vs=1 vage=26 vpage=26 vdt=33 vmax=103 vacc=19829 vrej=0 seq=0 elapsed=0 oled=3C
[   2250] STATUS mode=3 fault=none enc=5 denc=-1 sreq=100 sapplied=100 crate=100 uimp=-39815 upos=240 uneg=650 ball=-41.92 vball=12.52 aball=29.7 bref=0.00 pid=100.0 pref=126.7 ppos=14.9 apid=0.0 integ=-0.0 vision=1 current=1 vframe=19851 vs=1 vage=13 vpage=13 vdt=33 vmax=103 vacc=19830 vrej=0 seq=0 elapsed=0 oled=3C
[   2266] STATUS mode=3 fault=none enc=7 denc=-1 sreq=100 sapplied=100 crate=100 uimp=-37815 upos=260 uneg=650 ball=-41.92 vball=12.52 aball=29.7 bref=0.00 pid=100.0 pref=126.7 ppos=16.9 apid=0.0 integ=-0.0 vision=1 current=1 vframe=19851 vs=1 vage=33 vpage=33 vdt=33 vmax=103 vacc=19830 vrej=0 seq=0 elapsed=0 oled=3C
[   2297] STATUS mode=3 fault=none enc=13 denc=-1 sreq=100 sapplied=100 crate=100 uimp=-33815 upos=300 uneg=650 ball=-41.65 vball=8.05 aball=-0.5 bref=0.00 pid=100.0 pref=82.3 ppos=20.9 apid=-0.0 integ=-0.0 vision=1 current=1 vframe=19853 vs=1 vage=6 vpage=6 vdt=33 vmax=103 vacc=19832 vrej=0 seq=0 elapsed=0 oled=3C
[   2327] STATUS mode=3 fault=none enc=15 denc=-2 sreq=100 sapplied=100 crate=100 uimp=-31815 upos=320 uneg=650 ball=-41.65 vball=8.05 aball=-0.5 bref=0.00 pid=100.0 pref=82.3 ppos=22.9 apid=-0.0 integ=-0.0 vision=1 current=1 vframe=19853 vs=1 vage=26 vpage=26 vdt=33 vmax=103 vacc=19832 vrej=0 seq=0 elapsed=0 oled=3C
[   2343] STATUS mode=3 fault=none enc=18 denc=-1 sreq=100 sapplied=100 crate=100 uimp=-29815 upos=340 uneg=650 ball=-41.44 vball=7.46 aball=-0.5 bref=0.00 pid=100.0 pref=76.6 ppos=24.9 apid=-0.0 integ=-0.0 vision=1 current=1 vframe=19854 vs=1 vage=12 vpage=12 vdt=34 vmax=103 vacc=19833 vrej=0 seq=0 elapsed=0 oled=3C
[   2375] STATUS mode=3 fault=none enc=23 denc=-1 sreq=100 sapplied=100 crate=100 uimp=-25815 upos=380 uneg=650 ball=-41.40 vball=5.63 aball=-0.5 bref=0.00 pid=100.0 pref=58.4 ppos=28.9 apid=-0.0 integ=-0.0 vision=1 current=1 vframe=19855 vs=1 vage=20 vpage=20 vdt=32 vmax=103 vacc=19834 vrej=0 seq=0 elapsed=0 oled=3C
[   2407] STATUS mode=3 fault=none enc=26 denc=-1 sreq=97 sapplied=97 crate=97 uimp=-23815 upos=400 uneg=650 ball=-41.41 vball=3.85 aball=-19.3 bref=0.00 pid=97.1 pref=40.6 ppos=30.9 apid=-0.0 integ=-0.0 vision=1 current=1 vframe=19856 vs=1 vage=7 vpage=7 vdt=33 vmax=103 vacc=19835 vrej=0 seq=0 elapsed=0 oled=3C
[   2438] STATUS mode=3 fault=none enc=29 denc=0 sreq=79 sapplied=79 crate=79 uimp=-22015 upos=420 uneg=650 ball=-41.41 vball=3.85 aball=-19.3 bref=0.00 pid=79.1 pref=40.6 ppos=32.7 apid=-0.0 integ=-0.0 vision=1 current=1 vframe=19856 vs=1 vage=27 vpage=27 vdt=33 vmax=103 vacc=19835 vrej=0 seq=0 elapsed=0 oled=3C
[   2452] STATUS mode=3 fault=none enc=30 denc=0 sreq=-34 sapplied=-34 crate=-34 uimp=-22230 upos=430 uneg=675 ball=-41.41 vball=2.70 aball=-19.3 bref=0.00 pid=-33.7 pref=29.1 ppos=32.4 apid=-0.0 integ=-0.0 vision=1 current=1 vframe=19857 vs=1 vage=32 vpage=32 vdt=35 vmax=103 vacc=19836 vrej=0 seq=0 elapsed=0 oled=3C
[   2484] STATUS mode=3 fault=none enc=29 denc=0 sreq=-100 sapplied=-100 crate=-100 uimp=-23900 upos=430 uneg=695 ball=-41.54 vball=0.59 aball=-19.3 bref=0.00 pid=-100.0 pref=7.8 ppos=30.8 apid=-0.0 integ=-0.0 vision=1 current=1 vframe=19858 vs=1 vage=19 vpage=19 vdt=33 vmax=103 vacc=19837 vrej=0 seq=0 elapsed=0 oled=3C
[   2516] STATUS mode=3 fault=none enc=26 denc=-2 sreq=-100 sapplied=-100 crate=-100 uimp=-25900 upos=430 uneg=715 ball=-41.72 vball=-1.22 aball=-33.2 bref=0.00 pid=-100.0 pref=-10.5 ppos=28.8 apid=-0.0 integ=-0.0 vision=1 current=1 vframe=19859 vs=1 vage=6 vpage=6 vdt=33 vmax=103 vacc=19838 vrej=0 seq=0 elapsed=0 oled=3C
[   2547] STATUS mode=3 fault=none enc=21 denc=-2 sreq=-100 sapplied=-100 crate=-100 uimp=-29900 upos=430 uneg=755 ball=-42.00 vball=-3.25 aball=-33.2 bref=0.00 pid=-100.0 pref=-31.1 ppos=24.8 apid=-0.0 integ=-0.0 vision=1 current=1 vframe=19860 vs=1 vage=13 vpage=13 vdt=33 vmax=103 vacc=19839 vrej=0 seq=0 elapsed=0 oled=3C
[   2563] STATUS mode=3 fault=none enc=19 denc=-2 sreq=-100 sapplied=-100 crate=-100 uimp=-31900 upos=430 uneg=775 ball=-42.00 vball=-3.25 aball=-33.2 bref=0.00 pid=-100.0 pref=-31.1 ppos=22.8 apid=-0.0 integ=-0.0 vision=1 current=1 vframe=19860 vs=1 vage=33 vpage=33 vdt=33 vmax=103 vacc=19839 vrej=0 seq=0 elapsed=0 oled=3C
[   2593] STATUS mode=3 fault=none enc=13 denc=-2 sreq=-100 sapplied=-100 crate=-100 uimp=-35900 upos=430 uneg=815 ball=-42.14 vball=-2.61 aball=-24.5 bref=0.00 pid=-100.0 pref=-25.6 ppos=18.8 apid=-0.0 integ=-0.7 vision=1 current=1 vframe=19862 vs=1 vage=6 vpage=6 vdt=34 vmax=103 vacc=19841 vrej=0 seq=0 elapsed=0 oled=3C
[   2625] STATUS mode=3 fault=none enc=11 denc=-1 sreq=-100 sapplied=-100 crate=-100 uimp=-37900 upos=430 uneg=835 ball=-42.14 vball=-2.61 aball=-24.5 bref=0.00 pid=-100.0 pref=-25.6 ppos=16.8 apid=-0.0 integ=-0.7 vision=1 current=1 vframe=19862 vs=1 vage=26 vpage=26 vdt=34 vmax=103 vacc=19841 vrej=0 seq=0 elapsed=0 oled=3C
[   2657] STATUS mode=3 fault=none enc=9 denc=0 sreq=-100 sapplied=-100 crate=-100 uimp=-39900 upos=430 uneg=855 ball=-42.15 vball=-1.97 aball=-24.5 bref=0.00 pid=-100.0 pref=-19.9 ppos=14.8 apid=-0.0 integ=-1.4 vision=1 current=1 vframe=19863 vs=1 vage=14 vpage=14 vdt=32 vmax=103 vacc=19842 vrej=0 seq=0 elapsed=0 oled=3C
[   2672] STATUS mode=3 fault=none enc=3 denc=-2 sreq=-100 sapplied=-100 crate=-100 uimp=-43900 upos=430 uneg=895 ball=-42.15 vball=-1.36 aball=-24.5 bref=0.00 pid=-100.0 pref=-14.5 ppos=10.8 apid=-0.0 integ=-2.1 vision=1 current=1 vframe=19864 vs=1 vage=20 vpage=20 vdt=34 vmax=103 vacc=19843 vrej=0 seq=0 elapsed=0 oled=3C
[   2702] STATUS mode=3 fault=none enc=0 denc=-2 sreq=-100 sapplied=-100 crate=-100 uimp=-45900 upos=430 uneg=915 ball=-42.09 vball=-0.42 aball=-3.5 bref=0.00 pid=-100.0 pref=-5.7 ppos=8.8 apid=-0.0 integ=-2.8 vision=1 current=1 vframe=19865 vs=1 vage=7 vpage=7 vdt=33 vmax=103 vacc=19844 vrej=0 seq=0 elapsed=0 oled=3C
[   2734] STATUS mode=3 fault=none enc=-3 denc=-2 sreq=-100 sapplied=-100 crate=-100 uimp=-47900 upos=430 uneg=935 ball=-42.09 vball=-0.42 aball=-3.5 bref=0.00 pid=-100.0 pref=-5.7 ppos=6.8 apid=-0.0 integ=-2.8 vision=1 current=1 vframe=19865 vs=1 vage=27 vpage=27 vdt=33 vmax=103 vacc=19844 vrej=0 seq=0 elapsed=0 oled=3C
[   2750] STATUS mode=3 fault=none enc=-6 denc=0 sreq=-65 sapplied=-65 crate=-65 uimp=-51250 upos=430 uneg=975 ball=-42.07 vball=-0.10 aball=-3.5 bref=0.00 pid=-65.3 pref=-3.1 ppos=3.4 apid=-0.0 integ=-3.5 vision=1 current=1 vframe=19867 vs=1 vage=0 vpage=0 vdt=34 vmax=103 vacc=19846 vrej=0 seq=0 elapsed=0 oled=3C
[   2782] STATUS mode=3 fault=none enc=-7 denc=0 sreq=-60 sapplied=-60 crate=-60 uimp=-52575 upos=430 uneg=995 ball=-42.07 vball=-0.10 aball=-3.5 bref=0.00 pid=-60.3 pref=-3.9 ppos=2.1 apid=-0.0 integ=-4.2 vision=1 current=1 vframe=19867 vs=1 vage=20 vpage=20 vdt=34 vmax=103 vacc=19846 vrej=0 seq=0 elapsed=0 oled=3C
[   2813] STATUS mode=3 fault=none enc=-9 denc=0 sreq=-96 sapplied=-96 crate=-96 uimp=-53930 upos=430 uneg=1015 ball=-42.12 vball=-0.52 aball=-2.4 bref=0.00 pid=-96.3 pref=-8.9 ppos=0.7 apid=-0.0 integ=-4.9 vision=1 current=1 vframe=19868 vs=1 vage=7 vpage=7 vdt=33 vmax=103 vacc=19847 vrej=0 seq=0 elapsed=0 oled=3C
[   2843] STATUS mode=3 fault=none enc=-13 denc=0 sreq=-60 sapplied=-60 crate=-60 uimp=-57125 upos=430 uneg=1055 ball=-42.12 vball=-0.40 aball=-2.4 bref=0.00 pid=-59.5 pref=-8.4 ppos=-2.4 apid=-0.0 integ=-5.6 vision=1 current=1 vframe=19869 vs=1 vage=13 vpage=13 vdt=34 vmax=103 vacc=19848 vrej=0 seq=0 elapsed=0 oled=3C
[   2859] STATUS mode=3 fault=none enc=-14 denc=1 sreq=-48 sapplied=-48 crate=-48 uimp=-58235 upos=430 uneg=1075 ball=-42.12 vball=-0.40 aball=-2.4 bref=0.00 pid=-48.4 pref=-8.4 ppos=-3.6 apid=-0.0 integ=-5.6 vision=1 current=1 vframe=19869 vs=1 vage=33 vpage=33 vdt=34 vmax=103 vacc=19848 vrej=0 seq=0 elapsed=0 oled=3C
[   2891] STATUS mode=3 fault=none enc=-15 denc=1 sreq=0 sapplied=0 crate=-19 uimp=-59420 upos=430 uneg=1115 ball=-42.11 vball=-0.09 aball=0.6 bref=0.00 pid=-19.3 pref=-6.7 ppos=-4.7 apid=0.0 integ=-7.0 vision=1 current=1 vframe=19871 vs=1 vage=7 vpage=7 vdt=33 vmax=103 vacc=19850 vrej=0 seq=0 elapsed=0 oled=3C
[   2922] STATUS mode=3 fault=none enc=-15 denc=0 sreq=0 sapplied=0 crate=-19 uimp=-59420 upos=430 uneg=1115 ball=-42.11 vball=-0.09 aball=0.6 bref=0.00 pid=-19.3 pref=-6.7 ppos=-4.7 apid=0.0 integ=-7.0 vision=1 current=1 vframe=19871 vs=1 vage=27 vpage=27 vdt=33 vmax=103 vacc=19850 vrej=0 seq=0 elapsed=0 oled=3C
[   2952] STATUS mode=3 fault=none enc=-15 denc=0 sreq=-20 sapplied=-20 crate=-20 uimp=-59635 upos=430 uneg=1125 ball=-42.11 vball=-0.05 aball=0.6 bref=0.00 pid=-20.1 pref=-7.0 ppos=-5.0 apid=0.0 integ=-7.7 vision=1 current=1 vframe=19872 vs=1 vage=14 vpage=14 vdt=33 vmax=103 vacc=19851 vrej=0 seq=0 elapsed=0 oled=3C
[   2968] STATUS mode=3 fault=none enc=-16 denc=-1 sreq=-41 sapplied=-41 crate=-41 uimp=-60415 upos=430 uneg=1145 ball=-42.13 vball=-0.26 aball=0.6 bref=0.00 pid=-40.7 pref=-9.8 ppos=-5.7 apid=0.0 integ=-8.4 vision=1 current=1 vframe=19873 vs=1 vage=20 vpage=20 vdt=34 vmax=103 vacc=19852 vrej=0 seq=0 elapsed=0 oled=3C
[   3000] STATUS mode=3 fault=none enc=-16 denc=1 sreq=-47 sapplied=-47 crate=-47 uimp=-61245 upos=430 uneg=1165 ball=-42.15 vball=-0.33 aball=-0.7 bref=0.00 pid=-46.8 pref=-11.2 ppos=-6.6 apid=-0.0 integ=-9.1 vision=1 current=1 vframe=19874 vs=1 vage=6 vpage=6 vdt=34 vmax=103 vacc=19853 vrej=0 seq=0 elapsed=0 oled=3C
[   3032] STATUS mode=3 fault=none enc=-18 denc=-1 sreq=-38 sapplied=-38 crate=-38 uimp=-62110 upos=430 uneg=1185 ball=-42.15 vball=-0.33 aball=-0.7 bref=0.00 pid=-38.2 pref=-11.2 ppos=-7.4 apid=-0.0 integ=-9.1 vision=1 current=1 vframe=19874 vs=1 vage=26 vpage=26 vdt=34 vmax=103 vacc=19853 vrej=0 seq=0 elapsed=0 oled=3C
[   3047] STATUS mode=3 fault=none enc=-20 denc=0 sreq=-40 sapplied=-40 crate=-40 uimp=-63930 upos=430 uneg=1225 ball=-42.18 vball=-0.46 aball=-0.7 bref=0.00 pid=-40.3 pref=-13.3 ppos=-9.3 apid=-0.0 integ=-9.8 vision=1 current=1 vframe=19875 vs=1 vage=33 vpage=33 vdt=33 vmax=103 vacc=19854 vrej=0 seq=0 elapsed=0 oled=3C
[   3077] STATUS mode=3 fault=none enc=-20 denc=1 sreq=-32 sapplied=-32 crate=-32 uimp=-64660 upos=430 uneg=1245 ball=-42.18 vball=-0.38 aball=-0.7 bref=0.00 pid=-32.0 pref=-13.2 ppos=-10.0 apid=-0.0 integ=-10.5 vision=1 current=1 vframe=19876 vs=1 vage=20 vpage=20 vdt=33 vmax=103 vacc=19855 vrej=0 seq=0 elapsed=0 oled=3C
[   3109] STATUS mode=3 fault=none enc=-21 denc=0 sreq=-22 sapplied=-22 crate=-22 uimp=-65235 upos=430 uneg=1265 ball=-42.19 vball=-0.27 aball=-0.1 bref=0.00 pid=-22.3 pref=-12.8 ppos=-10.6 apid=-0.0 integ=-11.2 vision=1 current=1 vframe=19877 vs=1 vage=7 vpage=7 vdt=33 vmax=103 vacc=19856 vrej=0 seq=0 elapsed=0 oled=3C
[   3141] STATUS mode=3 fault=none enc=-22 denc=0 sreq=33 sapplied=33 crate=33 uimp=-65375 upos=435 uneg=1280 ball=-42.12 vball=0.33 aball=-0.1 bref=0.00 pid=32.8 pref=-7.4 ppos=-10.7 apid=-0.0 integ=-11.9 vision=1 current=1 vframe=19878 vs=1 vage=13 vpage=13 vdt=34 vmax=103 vacc=19857 vrej=0 seq=0 elapsed=0 oled=3C
[   3157] STATUS mode=3 fault=none enc=-22 denc=0 sreq=27 sapplied=27 crate=27 uimp=-64765 upos=455 uneg=1280 ball=-42.12 vball=0.33 aball=-0.1 bref=0.00 pid=26.7 pref=-7.4 ppos=-10.1 apid=-0.0 integ=-11.9 vision=1 current=1 vframe=19878 vs=1 vage=33 vpage=33 vdt=34 vmax=103 vacc=19857 vrej=0 seq=0 elapsed=0 oled=3C
[   3188] STATUS mode=3 fault=none enc=-21 denc=1 sreq=23 sapplied=23 crate=23 uimp=-64250 upos=475 uneg=1280 ball=-42.10 vball=0.41 aball=-0.1 bref=0.00 pid=22.8 pref=-7.3 ppos=-9.6 apid=-0.0 integ=-12.6 vision=1 current=1 vframe=19879 vs=1 vage=20 vpage=20 vdt=33 vmax=103 vacc=19858 vrej=0 seq=0 elapsed=0 oled=3C
[   3218] STATUS mode=3 fault=none enc=-21 denc=0 sreq=0 sapplied=0 crate=0 uimp=-63920 upos=490 uneg=1280 ball=-42.10 vball=0.33 aball=2.6 bref=0.00 pid=0.0 pref=-8.8 ppos=-9.2 apid=0.0 integ=-13.4 vision=1 current=1 vframe=19880 vs=1 vage=26 vpage=26 vdt=34 vmax=103 vacc=19859 vrej=0 seq=0 elapsed=0 oled=3C
[   3234] STATUS mode=3 fault=none enc=-21 denc=0 sreq=0 sapplied=0 crate=-13 uimp=-63920 upos=490 uneg=1280 ball=-42.10 vball=0.23 aball=2.6 bref=0.00 pid=-12.6 pref=-10.5 ppos=-9.2 apid=0.0 integ=-14.0 vision=1 current=1 vframe=19881 vs=1 vage=13 vpage=13 vdt=33 vmax=103 vacc=19860 vrej=0 seq=0 elapsed=0 oled=3C
[   3266] STATUS mode=3 fault=none enc=-21 denc=0 sreq=0 sapplied=0 crate=-13 uimp=-63920 upos=490 uneg=1280 ball=-42.10 vball=0.23 aball=2.6 bref=0.00 pid=-12.6 pref=-10.5 ppos=-9.2 apid=0.0 integ=-14.0 vision=1 current=1 vframe=19881 vs=1 vage=33 vpage=33 vdt=33 vmax=103 vacc=19860 vrej=0 seq=0 elapsed=0 oled=3C
[   3297] STATUS mode=3 fault=none enc=-23 denc=-2 sreq=-46 sapplied=-46 crate=-46 uimp=-65320 upos=490 uneg=1310 ball=-42.13 vball=-0.10 aball=-0.5 bref=0.00 pid=-45.8 pref=-15.2 ppos=-10.6 apid=-0.0 integ=-15.4 vision=1 current=1 vframe=19883 vs=1 vage=7 vpage=7 vdt=32 vmax=103 vacc=19862 vrej=0 seq=0 elapsed=0 oled=3C
[   3327] STATUS mode=3 fault=none enc=-22 denc=0 sreq=-37 sapplied=-37 crate=-37 uimp=-66170 upos=490 uneg=1330 ball=-42.13 vball=-0.10 aball=-0.5 bref=0.00 pid=-37.3 pref=-15.2 ppos=-11.5 apid=-0.0 integ=-15.4 vision=1 current=1 vframe=19883 vs=1 vage=27 vpage=27 vdt=32 vmax=103 vacc=19862 vrej=0 seq=0 elapsed=0 oled=3C
[   3343] STATUS mode=3 fault=none enc=-24 denc=-1 sreq=-29 sapplied=-29 crate=-29 uimp=-66840 upos=490 uneg=1350 ball=-42.13 vball=-0.01 aball=-0.5 bref=0.00 pid=-28.8 pref=-15.0 ppos=-12.2 apid=-0.0 integ=-16.2 vision=1 current=1 vframe=19884 vs=1 vage=13 vpage=13 vdt=34 vmax=103 vacc=19863 vrej=0 seq=0 elapsed=0 oled=3C
[   3375] STATUS mode=3 fault=none enc=-25 denc=0 sreq=-23 sapplied=-23 crate=-23 uimp=-67880 upos=490 uneg=1390 ball=-42.12 vball=0.01 aball=-0.5 bref=0.00 pid=-23.4 pref=-15.5 ppos=-13.2 apid=-0.0 integ=-16.9 vision=1 current=1 vframe=19885 vs=1 vage=19 vpage=19 vdt=34 vmax=103 vacc=19864 vrej=0 seq=0 elapsed=0 oled=3C
[   3407] STATUS mode=3 fault=none enc=-25 denc=0 sreq=-25 sapplied=-25 crate=-25 uimp=-68340 upos=490 uneg=1410 ball=-42.12 vball=0.02 aball=0.3 bref=0.00 pid=-24.6 pref=-16.1 ppos=-13.7 apid=0.0 integ=-17.5 vision=1 current=1 vframe=19886 vs=1 vage=7 vpage=7 vdt=32 vmax=103 vacc=19865 vrej=0 seq=0 elapsed=0 oled=3C
[   3438] STATUS mode=3 fault=none enc=-26 denc=0 sreq=-20 sapplied=-20 crate=-20 uimp=-68795 upos=490 uneg=1430 ball=-42.12 vball=0.02 aball=0.3 bref=0.00 pid=-20.0 pref=-16.1 ppos=-14.1 apid=0.0 integ=-17.5 vision=1 current=1 vframe=19886 vs=1 vage=27 vpage=27 vdt=32 vmax=103 vacc=19865 vrej=0 seq=0 elapsed=0 oled=3C
[   3452] STATUS mode=3 fault=none enc=-28 denc=-1 sreq=-32 sapplied=-32 crate=-32 uimp=-70040 upos=490 uneg=1465 ball=-42.14 vball=-0.15 aball=0.3 bref=0.00 pid=-32.0 pref=-18.6 ppos=-15.4 apid=0.0 integ=-18.3 vision=1 current=1 vframe=19887 vs=1 vage=33 vpage=33 vdt=34 vmax=103 vacc=19866 vrej=0 seq=0 elapsed=0 oled=3C
[   3484] STATUS mode=3 fault=none enc=-29 denc=0 sreq=-79 sapplied=-79 crate=-79 uimp=-71515 upos=490 uneg=1485 ball=-42.21 vball=-0.69 aball=0.3 bref=0.00 pid=-79.0 pref=-24.7 ppos=-16.8 apid=0.0 integ=-19.0 vision=1 current=1 vframe=19888 vs=1 vage=20 vpage=20 vdt=33 vmax=103 vacc=19867 vrej=0 seq=0 elapsed=0 oled=3C
[   3516] STATUS mode=3 fault=none enc=-32 denc=0 sreq=-57 sapplied=-57 crate=-57 uimp=-74300 upos=490 uneg=1525 ball=-42.23 vball=-0.67 aball=-2.9 bref=0.00 pid=-56.6 pref=-25.3 ppos=-19.6 apid=-0.0 integ=-19.7 vision=1 current=1 vframe=19889 vs=1 vage=26 vpage=26 vdt=34 vmax=103 vacc=19868 vrej=0 seq=0 elapsed=0 oled=3C
[   3547] STATUS mode=3 fault=none enc=-32 denc=0 sreq=-34 sapplied=-34 crate=-34 uimp=-75225 upos=490 uneg=1545 ball=-42.23 vball=-0.47 aball=-2.9 bref=0.00 pid=-33.9 pref=-23.9 ppos=-20.5 apid=-0.0 integ=-20.3 vision=1 current=1 vframe=19890 vs=1 vage=15 vpage=15 vdt=31 vmax=103 vacc=19869 vrej=0 seq=0 elapsed=0 oled=3C
[   3563] STATUS mode=3 fault=none enc=-33 denc=0 sreq=-40 sapplied=-40 crate=-40 uimp=-75855 upos=490 uneg=1565 ball=-42.25 vball=-0.52 aball=-2.9 bref=0.00 pid=-40.0 pref=-25.2 ppos=-21.2 apid=-0.0 integ=-21.0 vision=1 current=1 vframe=19891 vs=1 vage=1 vpage=1 vdt=34 vmax=103 vacc=19870 vrej=0 seq=0 elapsed=0 oled=3C
[   3593] STATUS mode=3 fault=none enc=-35 denc=0 sreq=-28 sapplied=-28 crate=-28 uimp=-77205 upos=490 uneg=1605 ball=-42.26 vball=-0.46 aball=-0.7 bref=0.00 pid=-27.6 pref=-25.3 ppos=-22.5 apid=-0.0 integ=-21.7 vision=1 current=1 vframe=19892 vs=1 vage=8 vpage=8 vdt=33 vmax=103 vacc=19871 vrej=0 seq=0 elapsed=0 oled=3C
[   3625] STATUS mode=3 fault=none enc=-36 denc=0 sreq=-22 sapplied=-22 crate=-22 uimp=-77720 upos=490 uneg=1625 ball=-42.26 vball=-0.46 aball=-0.7 bref=0.00 pid=-22.5 pref=-25.3 ppos=-23.0 apid=-0.0 integ=-21.7 vision=1 current=1 vframe=19892 vs=1 vage=28 vpage=28 vdt=33 vmax=103 vacc=19871 vrej=0 seq=0 elapsed=0 oled=3C
[   3657] STATUS mode=3 fault=none enc=-37 denc=1 sreq=27 sapplied=27 crate=27 uimp=-77795 upos=495 uneg=1635 ball=-42.22 vball=0.09 aball=-0.7 bref=0.00 pid=26.8 pref=-20.4 ppos=-23.1 apid=-0.0 integ=-22.4 vision=1 current=1 vframe=19893 vs=1 vage=15 vpage=15 vdt=33 vmax=103 vacc=19872 vrej=0 seq=0 elapsed=0 oled=3C
[   3672] STATUS mode=3 fault=none enc=-36 denc=1 sreq=52 sapplied=52 crate=52 uimp=-76320 upos=535 uneg=1635 ball=-42.16 vball=0.56 aball=-0.7 bref=0.00 pid=52.4 pref=-16.4 ppos=-21.6 apid=-0.0 integ=-23.2 vision=1 current=1 vframe=19894 vs=1 vage=20 vpage=20 vdt=35 vmax=103 vacc=19873 vrej=0 seq=0 elapsed=0 oled=3C
[   3702] STATUS mode=3 fault=none enc=-35 denc=0 sreq=65 sapplied=65 crate=65 uimp=-75230 upos=555 uneg=1635 ball=-42.11 vball=0.86 aball=5.6 bref=0.00 pid=65.3 pref=-14.0 ppos=-20.6 apid=0.0 integ=-23.9 vision=1 current=1 vframe=19895 vs=1 vage=8 vpage=8 vdt=32 vmax=103 vacc=19874 vrej=0 seq=0 elapsed=0 oled=3C
[   3734] STATUS mode=3 fault=none enc=-33 denc=1 sreq=53 sapplied=53 crate=53 uimp=-74020 upos=575 uneg=1635 ball=-42.11 vball=0.86 aball=5.6 bref=0.00 pid=53.2 pref=-14.0 ppos=-19.3 apid=0.0 integ=-23.9 vision=1 current=1 vframe=19895 vs=1 vage=28 vpage=28 vdt=32 vmax=103 vacc=19874 vrej=0 seq=0 elapsed=0 oled=3C
[   3750] STATUS mode=3 fault=none enc=-33 denc=0 sreq=0 sapplied=0 crate=0 uimp=-72815 upos=615 uneg=1635 ball=-42.09 vball=0.53 aball=5.6 bref=0.00 pid=0.0 pref=-18.7 ppos=-18.1 apid=0.0 integ=-25.3 vision=1 current=1 vframe=19897 vs=1 vage=1 vpage=1 vdt=35 vmax=103 vacc=19876 vrej=0 seq=0 elapsed=0 oled=3C
[   3782] STATUS mode=3 fault=none enc=-32 denc=1 sreq=0 sapplied=0 crate=0 uimp=-72815 upos=615 uneg=1635 ball=-42.09 vball=0.53 aball=5.6 bref=0.00 pid=0.0 pref=-18.7 ppos=-18.1 apid=0.0 integ=-25.3 vision=1 current=1 vframe=19897 vs=1 vage=21 vpage=21 vdt=35 vmax=103 vacc=19876 vrej=0 seq=0 elapsed=0 oled=3C
[   3813] STATUS mode=3 fault=none enc=-32 denc=0 sreq=-51 sapplied=-51 crate=-51 uimp=-72815 upos=615 uneg=1635 ball=-42.12 vball=0.15 aball=-0.2 bref=0.00 pid=-50.8 pref=-23.2 ppos=-18.1 apid=-0.0 integ=-25.9 vision=1 current=1 vframe=19898 vs=1 vage=9 vpage=9 vdt=32 vmax=103 vacc=19877 vrej=0 seq=0 elapsed=0 oled=3C
[   3843] STATUS mode=3 fault=none enc=-33 denc=0 sreq=-56 sapplied=-56 crate=-56 uimp=-74895 upos=615 uneg=1675 ball=-42.13 vball=-0.04 aball=-0.2 bref=0.00 pid=-56.0 pref=-25.8 ppos=-20.2 apid=-0.0 integ=-26.6 vision=1 current=1 vframe=19899 vs=1 vage=16 vpage=16 vdt=33 vmax=103 vacc=19878 vrej=0 seq=0 elapsed=0 oled=3C
[   3859] STATUS mode=3 fault=none enc=-34 denc=0 sreq=-52 sapplied=-52 crate=-52 uimp=-75935 upos=615 uneg=1695 ball=-42.13 vball=-0.03 aball=-0.2 bref=0.00 pid=-51.8 pref=-26.4 ppos=-21.3 apid=-0.0 integ=-27.3 vision=1 current=1 vframe=19900 vs=1 vage=2 vpage=2 vdt=34 vmax=103 vacc=19879 vrej=0 seq=0 elapsed=0 oled=3C
[   3891] STATUS mode=3 fault=none enc=-35 denc=1 sreq=-42 sapplied=-42 crate=-42 uimp=-76895 upos=615 uneg=1715 ball=-42.13 vball=-0.03 aball=-0.2 bref=0.00 pid=-42.2 pref=-26.4 ppos=-22.2 apid=-0.0 integ=-27.3 vision=1 current=1 vframe=19900 vs=1 vage=22 vpage=22 vdt=34 vmax=103 vacc=19879 vrej=0 seq=0 elapsed=0 oled=3C
[   3922] STATUS mode=3 fault=none enc=-37 denc=-1 sreq=-29 sapplied=-29 crate=-29 uimp=-78350 upos=615 uneg=1755 ball=-42.13 vball=0.03 aball=-0.6 bref=0.00 pid=-29.0 pref=-26.6 ppos=-23.7 apid=-0.0 integ=-28.1 vision=1 current=1 vframe=19901 vs=1 vage=27 vpage=27 vdt=35 vmax=103 vacc=19880 vrej=0 seq=0 elapsed=0 oled=3C
[   3952] STATUS mode=3 fault=none enc=-37 denc=0 sreq=0 sapplied=0 crate=0 uimp=-78635 upos=615 uneg=1765 ball=-42.10 vball=0.31 aball=-0.6 bref=0.00 pid=0.0 pref=-24.4 ppos=-24.0 apid=-0.0 integ=-28.8 vision=1 current=1 vframe=19902 vs=1 vage=14 vpage=14 vdt=33 vmax=103 vacc=19881 vrej=0 seq=0 elapsed=0 oled=3C
[   3968] STATUS mode=3 fault=none enc=-37 denc=0 sreq=0 sapplied=0 crate=15 uimp=-78635 upos=615 uneg=1765 ball=-42.05 vball=0.57 aball=-0.6 bref=0.00 pid=14.9 pref=-22.5 ppos=-24.0 apid=-0.0 integ=-29.5 vision=1 current=1 vframe=19903 vs=1 vage=21 vpage=21 vdt=33 vmax=103 vacc=19882 vrej=0 seq=0 elapsed=0 oled=
[   4000] STATUS mode=3 fault=none enc=-37 denc=0 sreq=100 sapplied=100 crate=100 uimp=-78635 upos=615 uneg=1765 ball=-41.82 vball=2.49 aball=11.0 bref=0.00 pid=100.0 pref=-3.7 ppos=-24.0 apid=0.0 integ=-30.1 vision=1 current=1 vframe=19904 vs=1 vage=9 vpage=9 vdt=32 vmax=103 vacc=19883 vrej=0 seq=0 elapsed=0 oled=3C
[   4032] STATUS mode=3 fault=none enc=-37 denc=-1 sreq=100 sapplied=100 crate=100 uimp=-76635 upos=635 uneg=1765 ball=-41.82 vball=2.49 aball=11.0 bref=0.00 pid=100.0 pref=-3.7 ppos=-22.0 apid=0.0 integ=-30.1 vision=1 current=1 vframe=19904 vs=1 vage=29 vpage=29 vdt=32 vmax=103 vacc=19883 vrej=0 seq=0 elapsed=0 oled=3C
[   4047] STATUS mode=3 fault=none enc=-32 denc=0 sreq=85 sapplied=85 crate=85 uimp=-72635 upos=675 uneg=1765 ball=-41.70 vball=2.03 aball=11.0 bref=0.00 pid=84.6 pref=-9.5 ppos=-18.0 apid=0.0 integ=-31.5 vision=1 current=1 vframe=19913 vs=1 vage=3 vpage=3 vdt=33 vmax=103 vacc=19892 vrej=0 seq=0 elapsed=0 oled=3C
[   4077] STATUS mode=3 fault=none enc=-30 denc=0 sreq=69 sapplied=69 crate=69 uimp=-71065 upos=695 uneg=1765 ball=-41.70 vball=2.03 aball=11.0 bref=0.00 pid=68.9 pref=-9.5 ppos=-16.4 apid=0.0 integ=-31.5 vision=1 current=1 vframe=19913 vs=1 vage=23 vpage=23 vdt=33 vmax=103 vacc=19892 vrej=0 seq=0 elapsed=0 oled=3C
[   4109] STATUS mode=3 fault=none enc=-26 denc=2 sreq=100 sapplied=100 crate=100 uimp=-69585 upos=715 uneg=1765 ball=-41.50 vball=3.18 aball=9.2 bref=0.00 pid=100.0 pref=1.6 ppos=-14.9 apid=0.0 integ=-32.2 vision=1 current=1 vframe=19914 vs=1 vage=10 vpage=10 vdt=33 vmax=103 vacc=19893 vrej=0 seq=0 elapsed=0 oled=3C
[   4141] STATUS mode=3 fault=none enc=-22 denc=1 sreq=100 sapplied=100 crate=100 uimp=-65585 upos=755 uneg=1765 ball=-41.38 vball=3.29 aball=9.2 bref=0.00 pid=100.0 pref=2.1 ppos=-10.9 apid=0.0 integ=-32.9 vision=1 current=1 vframe=19915 vs=1 vage=16 vpage=16 vdt=34 vmax=103 vacc=19894 vrej=0 seq=0 elapsed=0 oled=3C
[   4157] STATUS mode=3 fault=none enc=-19 denc=1 sreq=100 sapplied=100 crate=100 uimp=-63585 upos=775 uneg=1765 ball=-41.38 vball=3.29 aball=9.2 bref=0.00 pid=100.0 pref=2.1 ppos=-8.9 apid=0.0 integ=-32.9 vision=1 current=1 vframe=19915 vs=1 vage=36 vpage=36 vdt=34 vmax=103 vacc=19894 vrej=0 seq=0 elapsed=0 oled=3C
[   4188] STATUS mode=3 fault=none enc=-18 denc=0 sreq=0 sapplied=0 crate=17 uimp=-62585 upos=785 uneg=1765 ball=-41.35 vball=2.54 aball=9.2 bref=0.00 pid=16.8 pref=-6.2 ppos=-7.9 apid=0.0 integ=-33.8 vision=1 current=1 vframe=19916 vs=1 vage=14 vpage=14 vdt=42 vmax=103 vacc=19895 vrej=0 seq=0 elapsed=0 oled=3C
[   4218] STATUS mode=3 fault=none enc=-18 denc=0 sreq=-66 sapplied=-66 crate=-66 uimp=-62930 upos=785 uneg=1770 ball=-41.36 vball=1.76 aball=-0.5 bref=0.00 pid=-66.0 pref=-14.8 ppos=-8.3 apid=-0.0 integ=-34.6 vision=1 current=1 vframe=19917 vs=1 vage=15 vpage=15 vdt=39 vmax=103 vacc=19896 vrej=0 seq=0 elapsed=0 oled=3C
[   4234] STATUS mode=3 fault=none enc=-18 denc=1 sreq=-86 sapplied=-86 crate=-86 uimp=-64505 upos=785 uneg=1790 ball=-41.36 vball=1.45 aball=-0.5 bref=0.00 pid=-86.0 pref=-18.4 ppos=-9.8 apid=-0.0 integ=-35.1 vision=1 current=1 vframe=19918 vs=1 vage=12 vpage=12 vdt=23 vmax=103 vacc=19897 vrej=0 seq=0 elapsed=0 oled=3C
[   4266] STATUS mode=3 fault=none enc=-20 denc=2 sreq=-96 sapplied=-96 crate=-96 uimp=-66345 upos=785 uneg=1810 ball=-41.36 vball=1.20 aball=-0.5 bref=0.00 pid=-96.5 pref=-21.3 ppos=-11.7 apid=-0.0 integ=-35.5 vision=1 current=1 vframe=19919 vs=1 vage=13 vpage=13 vdt=19 vmax=103 vacc=19898 vrej=0 seq=0 elapsed=0 oled=3C
[   4297] STATUS mode=3 fault=none enc=-26 denc=0 sreq=-100 sapplied=-100 crate=-100 uimp=-70070 upos=785 uneg=1850 ball=-41.37 vball=0.79 aball=-4.9 bref=0.00 pid=-100.0 pref=-26.5 ppos=-15.4 apid=-0.0 integ=-36.5 vision=1 current=1 vframe=19921 vs=1 vage=1 vpage=1 vdt=24 vmax=103 vacc=19900 vrej=0 seq=0 elapsed=0 oled=3C
[   4327] STATUS mode=3 fault=none enc=-29 denc=-1 sreq=-100 sapplied=-100 crate=-100 uimp=-72050 upos=785 uneg=1870 ball=-41.38 vball=0.64 aball=-4.9 bref=0.00 pid=-100.0 pref=-28.4 ppos=-17.4 apid=-0.0 integ=-36.9 vision=1 current=1 vframe=19922 vs=1 vage=2 vpage=2 vdt=19 vmax=103 vacc=19901 vrej=0 seq=0 elapsed=0 oled=3C
[   4343] STATUS mode=3 fault=none enc=-31 denc=0 sreq=-100 sapplied=-100 crate=-100 uimp=-74050 upos=785 uneg=1890 ball=-41.38 vball=0.50 aball=-4.9 bref=0.00 pid=-100.0 pref=-30.0 ppos=-19.4 apid=-0.0 integ=-37.1 vision=1 current=1 vframe=19923 vs=1 vage=12 vpage=12 vdt=10 vmax=103 vacc=19902 vrej=0 seq=0 elapsed=0 oled=3C
[   4375] STATUS mode=3 fault=none enc=-37 denc=-2 sreq=-88 sapplied=-88 crate=-88 uimp=-77880 upos=785 uneg=1930 ball=-41.38 vball=0.37 aball=-4.9 bref=0.00 pid=-88.0 pref=-32.0 ppos=-23.2 apid=-0.0 integ=-37.8 vision=1 current=1 vframe=19924 vs=1 vage=19 vpage=19 vdt=33 vmax=103 vacc=19903 vrej=0 seq=0 elapsed=0 oled=3C
[   4407] STATUS mode=3 fault=none enc=-39 denc=-1 sreq=-89 sapplied=-89 crate=-89 uimp=-79605 upos=785 uneg=1950 ball=-41.38 vball=0.25 aball=-5.3 bref=0.00 pid=-89.3 pref=-33.9 ppos=-24.9 apid=-0.0 integ=-38.5 vision=1 current=1 vframe=19925 vs=1 vage=7 vpage=7 vdt=32 vmax=103 vacc=19904 vrej=0 seq=0 elapsed=0 oled=3C
[   4438] STATUS mode=3 fault=none enc=-43 denc=-1 sreq=-74 sapplied=-74 crate=-74 uimp=-82775 upos=785 uneg=1990 ball=-41.38 vball=0.16 aball=-5.3 bref=0.00 pid=-73.7 pref=-35.5 ppos=-28.1 apid=-0.0 integ=38.5 vision=1 current=1 vframe=19925 vs=1 vage=27 vpage=27 vdt=32 vmax=103 vacc=19904 vrej=0 seq=0 elapsed=0 oled=3C
[   4452] STATUS mode=3 fault=none enc=-44 denc=0 sreq=-72 sapplied=-72 crate=-72 uimp=-84140 upos=785 uneg=2010 ball=-41.38 vball=0.10 aball=-5.3 bref=0.00 pid=-72.4 pref=-36.7 ppos=-29.5 apid=-0.0 integ=-39.8 vision=1 current=1 vframe=19927 vs=1 vage=2 vpage=2 vdt=31 vmax=103 vacc=19906 vrej=0 seq=0 elapsed=0 oled=3C
[   4484] STATUS mode=3 fault=none enc=-45 denc=0 sreq=-59 sapplied=-59 crate=-59 uimp=-85480 upos=785 uneg=2030 ball=-41.38 vball=0.10 aball=-5.3 bref=0.00 pid=-59.0 pref=-36.7 ppos=-30.8 apid=-0.0 integ=-39.8 vision=1 current=1 vframe=19927 vs=1 vage=22 vpage=22 vdt=31 vmax=103 vacc=19906 vrej=0 seq=0 elapsed=0 oled=3C
[   4516] STATUS mode=3 fault=none enc=-49 denc=0 sreq=-59 sapplied=-59 crate=-59 uimp=-88040 upos=785 uneg=2070 ball=-41.40 vball=-0.08 aball=-4.4 bref=0.00 pid=-58.7 pref=-39.2 ppos=-33.4 apid=-0.0 integ=-40.5 vision=1 current=1 vframe=19928 vs=1 vage=28 vpage=28 vdt=34 vmax=103 vacc=19907 vrej=0 seq=0 elapsed=0 oled=3C
[   4547] STATUS mode=3 fault=none enc=-50 denc=1 sreq=-64 sapplied=-64 crate=-64 uimp=-89305 upos=785 uneg=2090 ball=-41.41 vball=-0.19 aball=-4.4 bref=0.00 pid=-64.0 pref=-41.0 ppos=-34.6 apid=-0.0 integ=-41.2 vision=1 current=1 vframe=19929 vs=1 vage=15 vpage=15 vdt=33 vmax=103 vacc=19908 vrej=0 seq=0 elapsed=0 oled=3C
[   4563] STATUS mode=3 fault=none enc=-52 denc=-1 sreq=-57 sapplied=-57 crate=-57 uimp=-90495 upos=785 uneg=2110 ball=-41.42 vball=-0.17 aball=-4.4 bref=0.00 pid=-57.3 pref=-41.5 ppos=-35.8 apid=-0.0 integ=-41.9 vision=1 current=1 vframe=19930 vs=1 vage=1 vpage=1 vdt=34 vmax=103 vacc=19909 vrej=0 seq=0 elapsed=0 oled=3C
[   4593] STATUS mode=3 fault=none enc=-54 denc=-1 sreq=-40 sapplied=-40 crate=-40 uimp=-92430 upos=785 uneg=2150 ball=-41.42 vball=-0.12 aball=-2.6 bref=0.00 pid=-39.8 pref=-41.7 ppos=-37.8 apid=-0.0 integ=-42.6 vision=1 current=1 vframe=19931 vs=1 vage=8 vpage=8 vdt=33 vmax=103 vacc=19910 vrej=0 seq=0 elapsed=0 oled=3C
[   4625] STATUS mode=3 fault=none enc=-55 denc=-2 sreq=-32 sapplied=-32 crate=-32 uimp=-93170 upos=785 uneg=2170 ball=-41.42 vball=-0.12 aball=-2.6 bref=0.00 pid=-32.4 pref=-41.7 ppos=-38.5 apid=-0.0 integ=-42.6 vision=1 current=1 vframe=19931 vs=1 vage=28 vpage=28 vdt=33 vmax=103 vacc=19910 vrej=0 seq=0 elapsed=0 oled=3C
[   4657] STATUS mode=3 fault=none enc=-55 denc=0 sreq=-29 sapplied=-29 crate=-29 uimp=-93795 upos=785 uneg=2190 ball=-41.42 vball=-0.08 aball=-2.6 bref=0.00 pid=-28.9 pref=-42.0 ppos=-39.1 apid=-0.0 integ=-43.3 vision=1 current=1 vframe=19932 vs=1 vage=15 vpage=15 vdt=33 vmax=103 vacc=19911 vrej=0 seq=0 elapsed=0 oled=3C
[   4672] STATUS mode=3 fault=none enc=-56 denc=0 sreq=0 sapplied=0 crate=-12 uimp=-94330 upos=785 uneg=2210 ball=-41.40 vball=0.10 aball=-2.6 bref=0.00 pid=-12.2 pref=-40.9 ppos=-39.7 apid=-0.0 integ=-44.0 vision=1 current=1 vframe=19933 vs=1 vage=22 vpage=22 vdt=33 vmax=103 vacc=19912 vrej=0 seq=0 elapsed=0 oled=3C
[   4702] STATUS mode=3 fault=none enc=-56 denc=0 sreq=0 sapplied=0 crate=-18 uimp=-94330 upos=785 uneg=2210 ball=-41.39 vball=0.12 aball=-0.4 bref=0.00 pid=-17.5 pref=-41.4 ppos=-39.7 apid=-0.0 integ=-44.7 vision=1 current=1 vframe=19934 vs=1 vage=6 vpage=6 vdt=36 vmax=103 vacc=19913 vrej=0 seq=0 elapsed=0 oled=3C
[   4734] STATUS mode=3 fault=none enc=-56 denc=0 sreq=0 sapplied=0 crate=-18 uimp=-94330 upos=785 uneg=2210 ball=-41.39 vball=0.12 aball=-0.4 bref=0.00 pid=-17.5 pref=-41.4 ppos=-39.7 apid=-0.0 integ=-44.7 vision=1 current=1 vframe=19934 vs=1 vage=26 vpage=26 vdt=36 vmax=103 vacc=19913 vrej=0 seq=0 elapsed=0 oled=3C
[   4766] STATUS mode=3 fault=none enc=-56 denc=0 sreq=0 sapplied=0 crate=-19 uimp=-95015 upos=785 uneg=2240 ball=-41.39 vball=0.10 aball=-0.4 bref=0.00 pid=-19.1 pref=-42.2 ppos=-40.3 apid=-0.0 integ=-45.3 vision=1 current=1 vframe=19935 vs=1 vage=35 vpage=35 vdt=31 vmax=103 vacc=19914 vrej=0 seq=0 elapsed=0 oled=3C
[   4782] STATUS mode=3 fault=none enc=-57 denc=0 sreq=0 sapplied=0 crate=-19 uimp=-95115 upos=785 uneg=2245 ball=-41.38 vball=0.16 aball=-0.4 bref=0.00 pid=-19.4 pref=-42.4 ppos=-40.4 apid=-0.0 integ=-46.1 vision=1 current=1 vframe=19936 vs=1 vage=19 vpage=19 vdt=36 vmax=103 vacc=19915 vrej=0 seq=0 elapsed=0 oled=3C
[   4813] STATUS mode=3 fault=none enc=-57 denc=0 sreq=-22 sapplied=-22 crate=-22 uimp=-95765 upos=785 uneg=2270 ball=-41.38 vball=0.13 aball=-0.2 bref=0.00 pid=-22.3 pref=-43.3 ppos=-41.1 apid=-0.0 integ=-46.7 vision=1 current=1 vframe=19937 vs=1 vage=28 vpage=28 vdt=31 vmax=103 vacc=19916 vrej=0 seq=0 elapsed=0 oled=3C
[   4843] STATUS mode=3 fault=none enc=-57 denc=0 sreq=-20 sapplied=-20 crate=-20 uimp=-96195 upos=785 uneg=2290 ball=-41.37 vball=0.18 aball=-0.2 bref=0.00 pid=-19.7 pref=-43.5 ppos=-41.5 apid=-0.0 integ=-47.4 vision=1 current=1 vframe=19938 vs=1 vage=15 vpage=15 vdt=33 vmax=103 vacc=19917 vrej=0 seq=0 elapsed=0 oled=3C
[   4859] STATUS mode=3 fault=none enc=-59 denc=-1 sreq=-29 sapplied=-29 crate=-29 uimp=-96295 upos=785 uneg=2295 ball=-41.37 vball=0.15 aball=-0.2 bref=0.00 pid=-28.8 pref=-44.5 ppos=-41.6 apid=-0.0 integ=-48.1 vision=1 current=1 vframe=19939 vs=1 vage=1 vpage=1 vdt=34 vmax=103 vacc=19918 vrej=0 seq=0 elapsed=0 oled=3C
[   4891] STATUS mode=3 fault=none enc=-60 denc=-2 sreq=-37 sapplied=-37 crate=-37 uimp=-97355 upos=785 uneg=2335 ball=-41.38 vball=0.03 aball=-0.5 bref=0.00 pid=-36.9 pref=-46.4 ppos=-42.7 apid=-0.0 integ=-48.8 vision=1 current=1 vframe=19940 vs=1 vage=9 vpage=9 vdt=32 vmax=103 vacc=19919 vrej=0 seq=0 elapsed=0 oled=3C
[   4922] STATUS mode=3 fault=none enc=-60 denc=0 sreq=-30 sapplied=-30 crate=-30 uimp=-98040 upos=785 uneg=2355 ball=-41.38 vball=0.03 aball=-0.5 bref=0.00 pid=-30.1 pref=-46.4 ppos=-43.4 apid=-0.0 integ=-48.8 vision=1 current=1 vframe=19940 vs=1 vage=29 vpage=29 vdt=32 vmax=103 vacc=19919 vrej=0 seq=0 elapsed=0 oled=3C
[   4952] STATUS mode=3 fault=none enc=-61 denc=1 sreq=-100 sapplied=-100 crate=-100 uimp=-99335 upos=785 uneg=2375 ball=-41.47 vball=-0.79 aball=-0.5 bref=0.00 pid=-100.0 pref=-55.4 ppos=-44.7 apid=-0.0 integ=-49.5 vision=1 current=1 vframe=19941 vs=1 vage=15 vpage=15 vdt=34 vmax=103 vacc=19920 vrej=0 seq=0 elapsed=0 oled=3C
[   4968] STATUS mode=3 fault=none enc=-65 denc=0 sreq=-78 sapplied=-78 crate=-78 uimp=-103060 upos=785 uneg=2415 ball=-41.50 vball=-0.80 aball=-0.5 bref=0.00 pid=-78.4 pref=-56.2 ppos=-48.4 apid=-0.0 integ=-50.2 vision=1 current=1 vframe=19942 vs=1 vage=21 vpage=21 vdt=34 vmax=103 vacc=19921 vrej=0 seq=0 elapsed=0 oled=3C
[   5000] STATUS mode=3 fault=none enc=-68 denc=-2 sreq=-100 sapplied=-100 crate=-100 uimp=-104675 upos=785 uneg=2435 ball=-41.76 vball=-2.86 aball=-13.0 bref=0.00 pid=-100.0 pref=-77.8 ppos=-50.0 apid=-0.0 integ=-50.9 vision=1 current=1 vframe=19943 vs=1 vage=7 vpage=7 vdt=34 vmax=103 vacc=19922 vrej=0 seq=0 elapsed=0 oled=3C
[   5032] STATUS mode=3 fault=none enc=-71 denc=-2 sreq=-100 sapplied=-100 crate=-100 uimp=-106675 upos=785 uneg=2455 ball=-41.76 vball=-2.86 aball=-13.0 bref=0.00 pid=-100.0 pref=-77.8 ppos=-52.0 apid=-0.0 integ=-50.9 vision=1 current=1 vframe=19943 vs=1 vage=27 vpage=27 vdt=34 vmax=103 vacc=19922 vrej=0 seq=0 elapsed=0 oled=3C
[   5063] STATUS mode=3 fault=none enc=-76 denc=-2 sreq=-100 sapplied=-100 crate=-100 uimp=-110675 upos=785 uneg=2495 ball=-41.83 vball=-1.83 aball=-13.0 bref=0.00 pid=-100.0 pref=-69.0 ppos=-56.0 apid=-0.0 integ=-52.3 vision=1 current=1 vframe=19945 vs=1 vage=2 vpage=2 vdt=33 vmax=103 vacc=19924 vrej=0 seq=0 elapsed=0 oled=3C
[   5093] STATUS mode=3 fault=none enc=-79 denc=-2 sreq=-100 sapplied=-100 crate=-100 uimp=-112675 upos=785 uneg=2515 ball=-41.83 vball=-1.83 aball=-13.0 bref=0.00 pid=-100.0 pref=-69.0 ppos=-58.0 apid=-0.0 integ=-52.3 vision=1 current=1 vframe=19945 vs=1 vage=22 vpage=22 vdt=33 vmax=103 vacc=19924 vrej=0 seq=0 elapsed=0 oled=3C
[   5109] STATUS mode=3 fault=none enc=-80 denc=0 sreq=-28 sapplied=-28 crate=-28 uimp=-115005 upos=785 uneg=2555 ball=-41.82 vball=-1.18 aball=0.5 bref=0.00 pid=-28.4 pref=-63.2 ppos=-60.3 apid=0.0 integ=-52.9 vision=1 current=1 vframe=19946 vs=1 vage=29 vpage=29 vdt=33 vmax=103 vacc=19925 vrej=0 seq=0 elapsed=0 oled=3C
[   5141] STATUS mode=3 fault=none enc=-81 denc=0 sreq=0 sapplied=0 crate=15 uimp=-115280 upos=785 uneg=2565 ball=-41.80 vball=-0.70 aball=0.5 bref=0.00 pid=15.5 pref=-59.1 ppos=-60.6 apid=0.0 integ=-53.7 vision=1 current=1 vframe=19947 vs=1 vage=15 vpage=15 vdt=34 vmax=103 vacc=19926 vrej=0 seq=0 elapsed=0 oled=3C
[   5172] STATUS mode=3 fault=none enc=-81 denc=0 sreq=37 sapplied=0 crate=37 uimp=-115280 upos=785 uneg=2565 ball=-41.79 vball=-0.42 aball=0.5 bref=0.00 pid=36.7 pref=-56.9 ppos=-60.6 apid=0.0 integ=-54.3 vision=1 current=1 vframe=19948 vs=1 vage=2 vpage=2 vdt=33 vmax=103 vacc=19927 vrej=0 seq=0 elapsed=0 oled=3C
[   5202] STATUS mode=3 fault=none enc=-80 denc=1 sreq=45 sapplied=45 crate=45 uimp=-114075 upos=820 uneg=2565 ball=-41.78 vball=-0.15 aball=4.9 bref=0.00 pid=44.9 pref=-54.9 ppos=-59.4 apid=0.0 integ=-55.0 vision=1 current=1 vframe=19949 vs=1 vage=9 vpage=9 vdt=33 vmax=103 vacc=19928 vrej=0 seq=0 elapsed=0 oled=3C
[   5218] STATUS mode=3 fault=none enc=-80 denc=0 sreq=37 sapplied=37 crate=37 uimp=-113245 upos=840 uneg=2565 ball=-41.78 vball=-0.15 aball=4.9 bref=0.00 pid=36.6 pref=-54.9 ppos=-58.6 apid=0.0 integ=-55.0 vision=1 current=1 vframe=19949 vs=1 vage=29 vpage=29 vdt=33 vmax=103 vacc=19928 vrej=0 seq=0 elapsed=0 oled=3C
[   5250] STATUS mode=3 fault=none enc=-79 denc=-1 sreq=100 sapplied=100 crate=100 uimp=-111885 upos=860 uneg=2565 ball=-41.67 vball=0.85 aball=4.9 bref=0.00 pid=100.0 pref=-45.5 ppos=-57.2 apid=0.0 integ=-55.8 vision=1 current=1 vframe=19950 vs=1 vage=14 vpage=14 vdt=35 vmax=103 vacc=19929 vrej=0 seq=0 elapsed=0 oled=3C
[   5282] STATUS mode=3 fault=none enc=-74 denc=0 sreq=82 sapplied=82 crate=82 uimp=-108020 upos=900 uneg=2565 ball=-41.63 vball=0.95 aball=4.9 bref=0.00 pid=82.2 pref=-45.1 ppos=-53.3 apid=0.0 integ=-56.4 vision=1 current=1 vframe=19951 vs=1 vage=22 vpage=22 vdt=32 vmax=103 vacc=19930 vrej=0 seq=0 elapsed=0 oled=3C
[   5297] STATUS mode=3 fault=none enc=-73 denc=0 sreq=45 sapplied=45 crate=45 uimp=-106610 upos=920 uneg=2565 ball=-41.61 vball=0.79 aball=6.9 bref=0.00 pid=45.5 pref=-47.4 ppos=-51.9 apid=0.0 integ=-57.1 vision=1 current=1 vframe=19952 vs=1 vage=9 vpage=9 vdt=33 vmax=103 vacc=19931 vrej=0 seq=0 elapsed=0 oled=3C
[   5327] STATUS mode=3 fault=none enc=-72 denc=-1 sreq=37 sapplied=37 crate=37 uimp=-105770 upos=940 uneg=2565 ball=-41.61 vball=0.79 aball=6.9 bref=0.00 pid=37.1 pref=-47.4 ppos=-51.1 apid=0.0 integ=-57.1 vision=1 current=1 vframe=19952 vs=1 vage=29 vpage=29 vdt=33 vmax=103 vacc=19931 vrej=0 seq=0 elapsed=0 oled=3C
[   5359] STATUS mode=3 fault=none enc=-70 denc=0 sreq=-34 sapplied=-34 crate=-34 uimp=-105685 upos=945 uneg=2570 ball=-41.64 vball=0.23 aball=6.9 bref=0.00 pid=-34.1 pref=-54.4 ppos=-51.0 apid=0.0 integ=-58.5 vision=1 current=1 vframe=19954 vs=1 vage=2 vpage=2 vdt=34 vmax=103 vacc=19933 vrej=0 seq=0 elapsed=0 oled=3C
[   5391] STATUS mode=3 fault=none enc=-69 denc=1 sreq=-28 sapplied=-28 crate=-28 uimp=-106315 upos=945 uneg=2590 ball=-41.64 vball=0.23 aball=6.9 bref=0.00 pid=-27.8 pref=-54.4 ppos=-51.6 apid=0.0 integ=-58.5 vision=1 current=1 vframe=19954 vs=1 vage=22 vpage=22 vdt=34 vmax=103 vacc=19933 vrej=0 seq=0 elapsed=0 oled=3C
[   5407] STATUS mode=3 fault=none enc=-72 denc=-2 sreq=-36 sapplied=-36 crate=-36 uimp=-106900 upos=945 uneg=2610 ball=-41.64 vball=0.16 aball=1.0 bref=0.00 pid=-35.8 pref=-55.8 ppos=-52.2 apid=0.0 integ=-59.2 vision=1 current=1 vframe=19955 vs=1 vage=9 vpage=9 vdt=33 vmax=103 vacc=19934 vrej=0 seq=0 elapsed=0 oled=3C
[   5438] STATUS mode=3 fault=none enc=-72 denc=0 sreq=-37 sapplied=-37 crate=-37 uimp=-108315 upos=945 uneg=2650 ball=-41.64 vball=0.08 aball=1.0 bref=0.00 pid=-36.5 pref=-57.3 ppos=-53.6 apid=0.0 integ=-59.9 vision=1 current=1 vframe=19956 vs=1 vage=16 vpage=16 vdt=33 vmax=103 vacc=19935 vrej=0 seq=0 elapsed=0 oled=3C
[   5468] STATUS mode=3 fault=none enc=-73 denc=0 sreq=-42 sapplied=-42 crate=-42 uimp=-108995 upos=945 uneg=2670 ball=-41.65 vball=0.03 aball=1.0 bref=0.00 pid=-41.9 pref=-58.5 ppos=-54.3 apid=0.0 integ=-60.6 vision=1 current=1 vframe=19957 vs=1 vage=2 vpage=2 vdt=34 vmax=103 vacc=19936 vrej=0 seq=0 elapsed=0 oled=3C
[   5500] STATUS mode=3 fault=none enc=-74 denc=0 sreq=-40 sapplied=-40 crate=-40 uimp=-110470 upos=945 uneg=2710 ball=-41.65 vball=-0.03 aball=-0.3 bref=0.00 pid=-40.1 pref=-59.8 ppos=-55.8 apid=-0.0 integ=-61.3 vision=1 current=1 vframe=19958 vs=1 vage=9 vpage=9 vdt=33 vmax=103 vacc=19937 vrej=0 seq=0 elapsed=0 oled=3C
[   5516] STATUS mode=3 fault=none enc=-75 denc=-1 sreq=-33 sapplied=-33 crate=-33 uimp=-111210 upos=945 uneg=2730 ball=-41.65 vball=-0.03 aball=-0.3 bref=0.00 pid=-32.7 pref=-59.8 ppos=-56.5 apid=-0.0 integ=-61.3 vision=1 current=1 vframe=19958 vs=1 vage=29 vpage=29 vdt=33 vmax=103 vacc=19937 vrej=0 seq=0 elapsed=0 oled=3C
[   5547] STATUS mode=3 fault=none enc=-76 denc=0 sreq=-33 sapplied=-33 crate=-33 uimp=-111890 upos=945 uneg=2750 ball=-41.65 vball=-0.03 aball=-0.3 bref=0.00 pid=-32.9 pref=-60.5 ppos=-57.2 apid=-0.0 integ=-62.0 vision=1 current=1 vframe=19959 vs=1 vage=15 vpage=15 vdt=34 vmax=103 vacc=19938 vrej=0 seq=0 elapsed=0 oled=3C
[   5577] STATUS mode=3 fault=none enc=-77 denc=0 sreq=-28 sapplied=-28 crate=-28 uimp=-113105 upos=945 uneg=2790 ball=-41.65 vball=-0.03 aball=-0.3 bref=0.00 pid=-28.3 pref=-61.3 ppos=-58.4 apid=-0.0 integ=-62.7 vision=1 current=1 vframe=19960 vs=1 vage=19 vpage=19 vdt=36 vmax=103 vacc=19939 vrej=0 seq=0 elapsed=0 oled=3C
[   5609] STATUS mode=3 fault=none enc=-78 denc=0 sreq=-28 sapplied=-28 crate=-28 uimp=-113660 upos=945 uneg=2810 ball=-41.65 vball=-0.02 aball=-0.1 bref=0.00 pid=-28.2 pref=-61.8 ppos=-59.0 apid=-0.0 integ=-63.4 vision=1 current=1 vframe=19961 vs=1 vage=8 vpage=8 vdt=31 vmax=103 vacc=19940 vrej=0 seq=0 elapsed=0 oled=3C
[   5625] STATUS mode=3 fault=none enc=-79 denc=-1 sreq=-23 sapplied=-23 crate=-23 uimp=-114180 upos=945 uneg=2830 ball=-41.65 vball=-0.02 aball=-0.1 bref=0.00 pid=-23.0 pref=-61.8 ppos=-59.5 apid=-0.0 integ=-63.4 vision=1 current=1 vframe=19961 vs=1 vage=28 vpage=28 vdt=31 vmax=103 vacc=19940 vrej=0 seq=0 elapsed=0 oled=3C
[   5657] STATUS mode=3 fault=none enc=-82 denc=-2 sreq=-24 sapplied=-24 crate=-24 uimp=-114965 upos=945 uneg=2865 ball=-41.65 vball=0.03 aball=-0.1 bref=0.00 pid=-24.1 pref=-62.7 ppos=-60.3 apid=-0.0 integ=-64.8 vision=1 current=1 vframe=19963 vs=1 vage=1 vpage=1 vdt=33 vmax=103 vacc=19942 vrej=0 seq=0 elapsed=0 oled=3C
[   5688] STATUS mode=3 fault=none enc=-81 denc=0 sreq=-20 sapplied=-20 crate=-20 uimp=-115415 upos=945 uneg=2885 ball=-41.65 vball=0.03 aball=-0.1 bref=0.00 pid=-19.6 pref=-62.7 ppos=-60.7 apid=-0.0 integ=-64.8 vision=1 current=1 vframe=19963 vs=1 vage=21 vpage=21 vdt=33 vmax=103 vacc=19942 vrej=0 seq=0 elapsed=0 oled=3C
[   5718] STATUS mode=3 fault=none enc=-82 denc=0 sreq=-24 sapplied=-24 crate=-24 uimp=-115645 upos=945 uneg=2895 ball=-41.65 vball=0.03 aball=0.2 bref=0.00 pid=-24.4 pref=-63.4 ppos=-61.0 apid=0.0 integ=-65.5 vision=1 current=1 vframe=19964 vs=1 vage=7 vpage=7 vdt=34 vmax=103 vacc=19943 vrej=0 seq=0 elapsed=0 oled=3C
[   5734] STATUS mode=3 fault=none enc=-84 denc=-1 sreq=-24 sapplied=-24 crate=-24 uimp=-116460 upos=945 uneg=2930 ball=-41.65 vball=0.02 aball=0.2 bref=0.00 pid=-24.3 pref=-64.2 ppos=-61.8 apid=0.0 integ=-66.2 vision=1 current=1 vframe=19965 vs=1 vage=13 vpage=13 vdt=34 vmax=103 vacc=19944 vrej=0 seq=0 elapsed=0 oled=3C
[   5766] STATUS mode=3 fault=none enc=-84 denc=0 sreq=-27 sapplied=-27 crate=-27 uimp=-116910 upos=945 uneg=2950 ball=-41.65 vball=0.01 aball=0.2 bref=0.00 pid=-27.5 pref=-65.0 ppos=-62.2 apid=0.0 integ=-66.9 vision=1 current=1 vframe=19966 vs=1 vage=1 vpage=1 vdt=32 vmax=103 vacc=19945 vrej=0 seq=0 elapsed=0 oled=3C
[   5797] STATUS mode=3 fault=none enc=-85 denc=0 sreq=-25 sapplied=-25 crate=-25 uimp=-117865 upos=945 uneg=2990 ball=-41.65 vball=0.01 aball=-0.0 bref=0.00 pid=-25.0 pref=-65.7 ppos=-63.2 apid=-0.0 integ=-67.6 vision=1 current=1 vframe=19967 vs=1 vage=7 vpage=7 vdt=34 vmax=103 vacc=19946 vrej=0 seq=0 elapsed=0 oled=3C
[   5827] STATUS mode=3 fault=none enc=-86 denc=0 sreq=-20 sapplied=-20 crate=-20 uimp=-118330 upos=945 uneg=3010 ball=-41.65 vball=0.01 aball=-0.0 bref=0.00 pid=-20.3 pref=-65.7 ppos=-63.7 apid=-0.0 integ=-67.6 vision=1 current=1 vframe=19967 vs=1 vage=27 vpage=27 vdt=34 vmax=103 vacc=19946 vrej=0 seq=0 elapsed=0 oled=3C
[   5843] STATUS mode=3 fault=none enc=-86 denc=0 sreq=-24 sapplied=-24 crate=-24 uimp=-118685 upos=945 uneg=3025 ball=-41.65 vball=0.01 aball=-0.0 bref=0.00 pid=-23.7 pref=-66.4 ppos=-64.0 apid=-0.0 integ=-68.3 vision=1 current=1 vframe=19968 vs=1 vage=14 vpage=14 vdt=33 vmax=103 vacc=19947 vrej=0 seq=0 elapsed=0 oled=3C
[   5875] STATUS mode=3 fault=none enc=-88 denc=0 sreq=-22 sapplied=-22 crate=-22 uimp=-119620 upos=945 uneg=3065 ball=-41.65 vball=0.00 aball=-0.0 bref=0.00 pid=-22.0 pref=-67.1 ppos=-64.9 apid=-0.0 integ=-68.9 vision=1 current=1 vframe=19969 vs=1 vage=22 vpage=22 vdt=32 vmax=103 vacc=19948 vrej=0 seq=0 elapsed=0 oled=3C
[   5907] STATUS mode=3 fault=none enc=-88 denc=0 sreq=-24 sapplied=-24 crate=-24 uimp=-120065 upos=945 uneg=3085 ball=-41.65 vball=0.00 aball=-0.0 bref=0.00 pid=-24.4 pref=-67.8 ppos=-65.4 apid=-0.0 integ=-69.6 vision=1 current=1 vframe=19970 vs=1 vage=9 vpage=9 vdt=33 vmax=103 vacc=19949 vrej=0 seq=0 elapsed=0 oled=3C
[   5938] STATUS mode=3 fault=none enc=-89 denc=-1 sreq=-20 sapplied=-20 crate=-20 uimp=-120515 upos=945 uneg=3105 ball=-41.65 vball=0.00 aball=-0.0 bref=0.00 pid=-19.9 pref=-67.8 ppos=-65.8 apid=-0.0 integ=-69.6 vision=1 current=1 vframe=19970 vs=1 vage=29 vpage=29 vdt=33 vmax=103 vacc=19949 vrej=0 seq=0 elapsed=0 oled=3C
[   5952] STATUS mode=3 fault=none enc=-89 denc=0 sreq=0 sapplied=0 crate=-19 uimp=-121300 upos=945 uneg=3140 ball=-41.65 vball=0.00 aball=-0.0 bref=0.00 pid=-19.1 pref=-68.5 ppos=-66.6 apid=-0.0 integ=-70.3 vision=1 current=1 vframe=19971 vs=1 vage=35 vpage=35 vdt=34 vmax=103 vacc=19950 vrej=0 seq=0 elapsed=0 oled=3C
[   5984] STATUS mode=3 fault=none enc=-90 denc=0 sreq=-28 sapplied=-28 crate=-28 uimp=-121760 upos=945 uneg=3155 ball=-41.65 vball=-0.06 aball=-0.0 bref=0.00 pid=-27.8 pref=-69.9 ppos=-67.1 apid=-0.0 integ=-71.1 vision=1 current=1 vframe=19972 vs=1 vage=20 vpage=20 vdt=35 vmax=103 vacc=19951 vrej=0 seq=0 elapsed=0 oled=3C
[   6016] STATUS mode=3 fault=none enc=-92 denc=-2 sreq=-32 sapplied=-32 crate=-32 uimp=-122325 upos=945 uneg=3175 ball=-41.66 vball=-0.09 aball=-0.4 bref=0.00 pid=-32.2 pref=-70.9 ppos=-67.6 apid=-0.0 integ=-71.7 vision=1 current=1 vframe=19973 vs=1 vage=7 vpage=7 vdt=33 vmax=103 vacc=19952 vrej=0 seq=0 elapsed=0 oled=3C
[   6032] STATUS mode=3 fault=none enc=-92 denc=1 sreq=-26 sapplied=-26 crate=-26 uimp=-123460 upos=945 uneg=3215 ball=-41.66 vball=-0.07 aball=-0.4 bref=0.00 pid=-25.9 pref=-71.4 ppos=-68.8 apid=-0.0 integ=-72.4 vision=1 current=1 vframe=19974 vs=1 vage=13 vpage=13 vdt=34 vmax=103 vacc=19953 vrej=0 seq=0 elapsed=0 oled=3C
[   6063] STATUS mode=3 fault=none enc=-93 denc=0 sreq=-21 sapplied=-21 crate=-21 uimp=-123940 upos=945 uneg=3235 ball=-41.66 vball=-0.07 aball=-0.4 bref=0.00 pid=-21.1 pref=-71.4 ppos=-69.3 apid=-0.0 integ=-72.4 vision=1 current=1 vframe=19974 vs=1 vage=33 vpage=33 vdt=34 vmax=103 vacc=19953 vrej=0 seq=0 elapsed=0 oled=3C
[   6093] STATUS mode=3 fault=none enc=-94 denc=-1 sreq=-23 sapplied=-23 crate=-23 uimp=-124725 upos=945 uneg=3270 ball=-41.66 vball=-0.03 aball=0.0 bref=0.00 pid=-23.2 pref=-72.4 ppos=-70.0 apid=0.0 integ=-73.8 vision=1 current=1 vframe=19976 vs=1 vage=6 vpage=6 vdt=34 vmax=103 vacc=19955 vrej=0 seq=0 elapsed=0 oled=3C
[   6125] STATUS mode=3 fault=none enc=-94 denc=0 sreq=0 sapplied=0 crate=-19 uimp=-125155 upos=945 uneg=3290 ball=-41.66 vball=-0.03 aball=0.0 bref=0.00 pid=-18.9 pref=-72.4 ppos=-70.5 apid=0.0 integ=-73.8 vision=1 current=1 vframe=19976 vs=1 vage=26 vpage=26 vdt=34 vmax=103 vacc=19955 vrej=0 seq=0 elapsed=0 oled=3C
[   6141] STATUS mode=3 fault=none enc=-95 denc=0 sreq=-22 sapplied=-22 crate=-22 uimp=-125400 upos=945 uneg=3300 ball=-41.66 vball=-0.02 aball=0.0 bref=0.00 pid=-22.3 pref=-73.0 ppos=-70.7 apid=0.0 integ=-74.5 vision=1 current=1 vframe=19977 vs=1 vage=13 vpage=13 vdt=33 vmax=103 vacc=19956 vrej=0 seq=0 elapsed=0 oled=3C
[   6172] STATUS mode=3 fault=none enc=-96 denc=0 sreq=0 sapplied=0 crate=-15 uimp=-125715 upos=945 uneg=3315 ball=-41.65 vball=0.09 aball=0.0 bref=0.00 pid=-14.9 pref=-72.5 ppos=-71.0 apid=0.0 integ=-75.2 vision=1 current=1 vframe=19978 vs=1 vage=20 vpage=20 vdt=33 vmax=103 vacc=19957 vrej=0 seq=0 elapsed=0 oled=3C
[   6202] STATUS mode=3 fault=none enc=-96 denc=0 sreq=0 sapplied=0 crate=-13 uimp=-125715 upos=945 uneg=3315 ball=-41.64 vball=0.17 aball=0.9 bref=0.00 pid=-13.5 pref=-72.4 ppos=-71.0 apid=0.0 integ=-75.9 vision=1 current=1 vframe=19979 vs=1 vage=8 vpage=8 vdt=32 vmax=103 vacc=19958 vrej=0 seq=0 elapsed=0 oled=3C
[   6234] STATUS mode=3 fault=none enc=-96 denc=0 sreq=0 sapplied=0 crate=-13 uimp=-125715 upos=945 uneg=3315 ball=-41.64 vball=0.17 aball=0.9 bref=0.00 pid=-13.5 pref=-72.4 ppos=-71.0 apid=0.0 integ=-75.9 vision=1 current=1 vframe=19979 vs=1 vage=28 vpage=28 vdt=32 vmax=103 vacc=19958 vrej=0 seq=0 elapsed=0 oled=3C
[   6250] STATUS mode=3 fault=none enc=-96 denc=0 sreq=-32 sapplied=-32 crate=-32 uimp=-126145 upos=945 uneg=3335 ball=-41.64 vball=0.08 aball=0.9 bref=0.00 pid=-32.1 pref=-74.7 ppos=-71.5 apid=0.0 integ=-77.3 vision=1 current=1 vframe=19981 vs=1 vage=1 vpage=1 vdt=34 vmax=103 vacc=19960 vrej=0 seq=0 elapsed=0 oled=3C
[   6282] STATUS mode=3 fault=none enc=-96 denc=0 sreq=-26 sapplied=-26 crate=-26 uimp=-126745 upos=945 uneg=3355 ball=-41.64 vball=0.08 aball=0.9 bref=0.00 pid=-26.1 pref=-74.7 ppos=-72.1 apid=0.0 integ=-77.3 vision=1 current=1 vframe=19981 vs=1 vage=21 vpage=21 vdt=34 vmax=103 vacc=19960 vrej=0 seq=0 elapsed=0 oled=3C
[   6313] STATUS mode=3 fault=none enc=-98 denc=-2 sreq=-31 sapplied=-31 crate=-31 uimp=-127280 upos=945 uneg=3375 ball=-41.64 vball=0.05 aball=-0.0 bref=0.00 pid=-30.6 pref=-75.7 ppos=-72.6 apid=-0.0 integ=-78.0 vision=1 current=1 vframe=19982 vs=1 vage=8 vpage=8 vdt=33 vmax=103 vacc=19961 vrej=0 seq=0 elapsed=0 oled=3C
[   6343] STATUS mode=3 fault=none enc=-97 denc=0 sreq=0 sapplied=0 crate=-19 uimp=-128300 upos=945 uneg=3415 ball=-41.63 vball=0.13 aball=-0.0 bref=0.00 pid=-19.2 pref=-75.5 ppos=-73.6 apid=-0.0 integ=-78.7 vision=1 current=1 vframe=19983 vs=1 vage=15 vpage=15 vdt=33 vmax=103 vacc=19962 vrej=0 seq=0 elapsed=0 oled=3C
[   6359] STATUS mode=3 fault=none enc=-98 denc=0 sreq=-22 sapplied=-22 crate=-22 uimp=-128300 upos=945 uneg=3415 ball=-41.62 vball=0.17 aball=-0.0 bref=0.00 pid=-21.9 pref=-75.8 ppos=-73.6 apid=-0.0 integ=-79.3 vision=1 current=1 vframe=19984 vs=1 vage=2 vpage=2 vdt=33 vmax=103 vacc=19963 vrej=0 seq=0 elapsed=0 oled=3C
[   6391] STATUS mode=3 fault=none enc=-98 denc=0 sreq=0 sapplied=0 crate=-19 uimp=-128615 upos=945 uneg=3430 ball=-41.62 vball=0.17 aball=-0.0 bref=0.00 pid=-18.8 pref=-75.8 ppos=-73.9 apid=-0.0 integ=-79.3 vision=1 current=1 vframe=19984 vs=1 vage=22 vpage=22 vdt=33 vmax=103 vacc=19963 vrej=0 seq=0 elapsed=0 oled=3C
[   6422] STATUS mode=3 fault=none enc=-99 denc=0 sreq=-22 sapplied=-22 crate=-22 uimp=-129265 upos=945 uneg=3455 ball=-41.62 vball=0.14 aball=0.4 bref=0.00 pid=-22.2 pref=-76.8 ppos=-74.6 apid=0.0 integ=-80.0 vision=1 current=1 vframe=19985 vs=1 vage=29 vpage=29 vdt=33 vmax=103 vacc=19964 vrej=0 seq=0 elapsed=0 oled=3C
[   6452] STATUS mode=3 fault=none enc=-100 denc=-1 sreq=-27 sapplied=-27 crate=-27 uimp=-129830 upos=945 uneg=3475 ball=-41.62 vball=0.10 aball=0.4 bref=0.00 pid=-27.4 pref=-77.9 ppos=-75.2 apid=0.0 integ=-80.7 vision=1 current=1 vframe=19986 vs=1 vage=16 vpage=16 vdt=33 vmax=103 vacc=19965 vrej=0 seq=0 elapsed=0 oled=3C
[   6468] STATUS mode=3 fault=none enc=-101 denc=0 sreq=-33 sapplied=-33 crate=-33 uimp=-131075 upos=945 uneg=3515 ball=-41.62 vball=-0.01 aball=0.4 bref=0.00 pid=-32.8 pref=-79.7 ppos=-76.4 apid=0.0 integ=-81.4 vision=1 current=1 vframe=19987 vs=1 vage=23 vpage=23 vdt=33 vmax=103 vacc=19966 vrej=0 seq=0 elapsed=0 oled=3C
[   6500] STATUS mode=3 fault=none enc=-102 denc=0 sreq=-39 sapplied=-39 crate=-39 uimp=-131750 upos=945 uneg=3535 ball=-41.63 vball=-0.07 aball=-0.7 bref=0.00 pid=-39.2 pref=-81.0 ppos=-77.1 apid=-0.0 integ=-82.1 vision=1 current=1 vframe=19988 vs=1 vage=9 vpage=9 vdt=34 vmax=103 vacc=19967 vrej=0 seq=0 elapsed=0 oled=3C
[   6532] STATUS mode=3 fault=none enc=-102 denc=1 sreq=-32 sapplied=-32 crate=-32 uimp=-132475 upos=945 uneg=3555 ball=-41.63 vball=-0.07 aball=-0.7 bref=0.00 pid=-32.0 pref=-81.0 ppos=-77.8 apid=-0.0 integ=-82.1 vision=1 current=1 vframe=19988 vs=1 vage=29 vpage=29 vdt=34 vmax=103 vacc=19967 vrej=0 seq=0 elapsed=0 oled=3C
[   6563] STATUS mode=3 fault=none enc=-104 denc=0 sreq=-20 sapplied=-20 crate=-20 uimp=-133755 upos=945 uneg=3595 ball=-41.62 vball=0.06 aball=-0.7 bref=0.00 pid=-19.8 pref=-81.1 ppos=-79.1 apid=-0.0 integ=-83.5 vision=1 current=1 vframe=19990 vs=1 vage=3 vpage=3 vdt=33 vmax=103 vacc=19969 vrej=0 seq=0 elapsed=0 oled=3C
[   6577] STATUS mode=3 fault=none enc=-105 denc=0 sreq=0 sapplied=0 crate=-19 uimp=-133855 upos=945 uneg=3600 ball=-41.62 vball=0.06 aball=-0.7 bref=0.00 pid=-18.8 pref=-81.1 ppos=-79.2 apid=-0.0 integ=-83.5 vision=1 current=1 vframe=19990 vs=1 vage=23 vpage=23 vdt=33 vmax=103 vacc=19969 vrej=0 seq=0 elapsed=0 oled=3C
[   6609] STATUS mode=3 fault=none enc=-105 denc=0 sreq=100 sapplied=100 crate=100 uimp=-133855 upos=945 uneg=3600 ball=-41.32 vball=2.67 aball=12.1 bref=0.00 pid=100.0 pref=-55.3 ppos=-79.2 apid=0.0 integ=-84.2 vision=1 current=1 vframe=19991 vs=1 vage=10 vpage=10 vdt=33 vmax=103 vacc=19970 vrej=0 seq=0 elapsed=0 oled=3C
[   6641] STATUS mode=3 fault=none enc=-102 denc=-1 sreq=100 sapplied=100 crate=100 uimp=-129855 upos=985 uneg=3600 ball=-41.22 vball=2.70 aball=12.1 bref=0.00 pid=100.0 pref=-55.6 ppos=-75.2 apid=0.0 integ=-84.9 vision=1 current=1 vframe=19992 vs=1 vage=16 vpage=16 vdt=34 vmax=103 vacc=19971 vrej=0 seq=0 elapsed=0 oled=3C
[   6657] STATUS mode=3 fault=none enc=-99 denc=0 sreq=100 sapplied=100 crate=100 uimp=-127855 upos=1005 uneg=3600 ball=-41.20 vball=2.06 aball=12.1 bref=0.00 pid=100.0 pref=-62.6 ppos=-73.2 apid=0.0 integ=-85.5 vision=1 current=1 vframe=19993 vs=1 vage=3 vpage=3 vdt=33 vmax=103 vacc=19972 vrej=0 seq=0 elapsed=0 oled=3C
[   6688] STATUS mode=3 fault=none enc=-97 denc=-1 sreq=86 sapplied=86 crate=86 uimp=-125920 upos=1025 uneg=3600 ball=-41.20 vball=2.06 aball=12.1 bref=0.00 pid=86.3 pref=-62.6 ppos=-71.2 apid=0.0 integ=-85.5 vision=1 current=1 vframe=19993 vs=1 vage=23 vpage=23 vdt=33 vmax=103 vacc=19972 vrej=0 seq=0 elapsed=0 oled=3C
[   6718] STATUS mode=3 fault=none enc=-95 denc=-1 sreq=0 sapplied=0 crate=0 uimp=-124690 upos=1040 uneg=3600 ball=-41.21 vball=1.42 aball=1.1 bref=0.00 pid=0.0 pref=-69.7 ppos=-70.0 apid=0.0 integ=-86.3 vision=1 current=1 vframe=19994 vs=1 vage=28 vpage=28 vdt=35 vmax=103 vacc=19973 vrej=0 seq=0 elapsed=0 oled=3C
[   6750] STATUS mode=3 fault=none enc=-95 denc=0 sreq=-47 sapplied=-47 crate=-47 uimp=-125195 upos=1040 uneg=3610 ball=-41.21 vball=0.94 aball=1.1 bref=0.00 pid=-46.9 pref=-75.2 ppos=-70.5 apid=0.0 integ=-86.9 vision=1 current=1 vframe=19995 vs=1 vage=16 vpage=16 vdt=32 vmax=103 vacc=19974 vrej=0 seq=0 elapsed=0 oled=3C
[   6766] STATUS mode=3 fault=none enc=-97 denc=-1 sreq=-65 sapplied=-65 crate=-65 uimp=-127550 upos=1040 uneg=3650 ball=-41.22 vball=0.59 aball=1.1 bref=0.00 pid=-65.3 pref=-79.4 ppos=71.4 apid=0.0 integ=-87.6 vision=1 current=1 vframe=19996 vs=1 vage=3 vpage=3 vdt=33 vmax=103 vacc=19975 vrej=0 seq=0 elapsed=0 oled=3C
[   6797] STATUS mode=3 fault=none enc=-99 denc=-1 sreq=-81 sapplied=-81 crate=-81 uimp=-128905 upos=1040 uneg=3670 ball=-41.23 vball=0.37 aball=-4.1 bref=0.00 pid=-81.1 pref=-82.3 ppos=-74.2 apid=-0.0 integ=-88.3 vision=1 current=1 vframe=19997 vs=1 vage=8 vpage=8 vdt=35 vmax=103 vacc=19976 vrej=0 seq=0 elapsed=0 oled=3C
[   6827] STATUS mode=3 fault=none enc=-100 denc=0 sreq=-66 sapplied=-66 crate=-66 uimp=-130410 upos=1040 uneg=3690 ball=-41.23 vball=0.37 aball=-4.1 bref=0.00 pid=-66.0 pref=-82.3 ppos=-75.7 apid=-0.0 integ=-88.3 vision=1 current=1 vframe=19997 vs=1 vage=28 vpage=28 vdt=35 vmax=103 vacc=19976 vrej=0 seq=0 elapsed=0 oled=3C
[   6859] STATUS mode=3 fault=none enc=-102 denc=0 sreq=-40 sapplied=-40 crate=-40 uimp=-132490 upos=1040 uneg=3730 ball=-41.20 vball=0.49 aball=-4.1 bref=0.00 pid=-39.9 pref=-81.8 ppos=-77.8 apid=-0.0 integ=-89.0 vision=1 current=1 vframe=19998 vs=1 vage=34 vpage=34 vdt=34 vmax=103 vacc=19977 vrej=0 seq=0 elapsed=0 oled=3C
[   6875] STATUS mode=3 fault=none enc=-104 denc=-1 sreq=-45 sapplied=-45 crate=-45 uimp=-133445 upos=1040 uneg=3750 ball=-41.19 vball=0.41 aball=-4.1 bref=0.00 pid=-45.2 pref=-83.3 ppos=-78.8 apid=-0.0 integ=-89.7 vision=1 current=1 vframe=19999 vs=1 vage=20 vpage=20 vdt=34 vmax=103 vacc=19978 vrej=0 seq=0 elapsed=0 oled=3C
[   6907] STATUS mode=3 fault=none enc=-105 denc=0 sreq=-55 sapplied=-55 crate=-55 uimp=-134380 upos=1040 uneg=3770 ball=-41.19 vball=0.29 aball=-2.6 bref=0.00 pid=-54.6 pref=-85.2 ppos=-79.7 apid=-0.0 integ=-90.4 vision=1 current=1 vframe=20000 vs=1 vage=7 vpage=7 vdt=33 vmax=103 vacc=19979 vrej=0 seq=0 elapsed=0 oled=3C
[   6938] STATUS mode=3 fault=none enc=-107 denc=1 sreq=-48 sapplied=-48 crate=-48 uimp=-136345 upos=1040 uneg=3810 ball=-41.19 vball=0.23 aball=-2.6 bref=0.00 pid=-48.0 pref=-86.5 ppos=-81.7 apid=-0.0 integ=-91.1 vision=1 current=1 vframe=20001 vs=1 vage=13 vpage=13 vdt=34 vmax=103 vacc=19980 vrej=0 seq=0 elapsed=0 oled=3C
[   6968] STATUS mode=3 fault=none enc=-109 denc=-1 sreq=-39 sapplied=-39 crate=-39 uimp=-137235 upos=1040 uneg=3830 ball=-41.19 vball=0.23 aball=-2.6 bref=0.00 pid=-39.1 pref=-86.5 ppos=-82.6 apid=-0.0 integ=-91.1 vision=1 current=1 vframe=20001 vs=1 vage=33 vpage=33 vdt=34 vmax=103 vacc=19980 vrej=0 seq=0 elapsed=0 oled=3C
[   7000] STATUS mode=3 fault=none enc=-111 denc=-2 sreq=-42 sapplied=-42 crate=-42 uimp=-138125 upos=1040 uneg=3850 ball=-41.19 vball=0.18 aball=-2.6 bref=0.00 pid=-42.0 pref=-87.6 ppos=-83.4 apid=-0.0 integ=-91.8 vision=1 current=1 vframe=20002 vs=1 vage=20 vpage=20 vdt=33 vmax=103 vacc=19981 vrej=0 seq=0 elapsed=0 oled=3C
[   7016] STATUS mode=3 fault=none enc=-111 denc=0 sreq=-37 sapplied=-37 crate=-37 uimp=-139790 upos=1040 uneg=3890 ball=-41.19 vball=0.13 aball=-2.2 bref=0.00 pid=-36.5 pref=-88.8 ppos=-85.1 apid=-0.0 integ=-92.4 vision=1 current=1 vframe=20003 vs=1 vage=30 vpage=30 vdt=30 vmax=103 vacc=19982 vrej=0 seq=0 elapsed=0 oled=3C
[   7047] STATUS mode=3 fault=none enc=-113 denc=0 sreq=-41 sapplied=-41 crate=-41 uimp=-140590 upos=1040 uneg=3910 ball=-41.19 vball=0.08 aball=-2.2 bref=0.00 pid=-40.9 pref=-90.0 ppos=-85.9 apid=-0.0 integ=-93.1 vision=1 current=1 vframe=20004 vs=1 vage=14 vpage=14 vdt=36 vmax=103 vacc=19983 vrej=0 seq=0 elapsed=0 oled=3C
[   7077] STATUS mode=3 fault=none enc=-115 denc=-1 sreq=-35 sapplied=-35 crate=-35 uimp=-142150 upos=1040 uneg=3950 ball=-41.19 vball=0.05 aball=-2.2 bref=0.00 pid=-35.1 pref=-91.0 ppos=-87.5 apid=-0.0 integ=-93.8 vision=1 current=1 vframe=20005 vs=1 vage=21 vpage=21 vdt=33 vmax=103 vacc=19984 vrej=0 seq=0 elapsed=0 oled=3C
[   7109] STATUS mode=3 fault=none enc=-115 denc=0 sreq=-37 sapplied=-37 crate=-37 uimp=-142845 upos=1040 uneg=3970 ball=-41.19 vball=0.03 aball=-1.6 bref=0.00 pid=-37.2 pref=-91.9 ppos=-88.2 apid=-0.0 integ=-94.5 vision=1 current=1 vframe=20006 vs=1 vage=7 vpage=7 vdt=34 vmax=103 vacc=19985 vrej=0 seq=0 elapsed=0 oled=3C
[   7125] STATUS mode=3 fault=none enc=-117 denc=-1 sreq=-30 sapplied=-30 crate=-30 uimp=-143535 upos=1040 uneg=3990 ball=-41.19 vball=0.03 aball=-1.6 bref=0.00 pid=-30.3 pref=-91.9 ppos=-88.9 apid=-0.0 integ=-94.5 vision=1 current=1 vframe=20006 vs=1 vage=27 vpage=27 vdt=34 vmax=103 vacc=19985 vrej=0 seq=0 elapsed=0 oled=3C
[   7157] STATUS mode=3 fault=none enc=-117 denc=1 sreq=-33 sapplied=-33 crate=-33 uimp=-144765 upos=1040 uneg=4030 ball=-41.19 vball=0.01 aball=-1.6 bref=0.00 pid=-33.2 pref=-93.4 ppos=-90.1 apid=-0.0 integ=-95.8 vision=1 current=1 vframe=20008 vs=1 vage=3 vpage=3 vdt=30 vmax=103 vacc=19987 vrej=0 seq=0 elapsed=0 oled=3C
[   7188] STATUS mode=3 fault=none enc=-120 denc=-1 sreq=-27 sapplied=-27 crate=-27 uimp=-145380 upos=1040 uneg=4050 ball=-41.19 vball=0.01 aball=-1.6 bref=0.00 pid=-27.0 pref=-93.4 ppos=-90.7 apid=-0.0 integ=-95.8 vision=1 current=1 vframe=20008 vs=1 vage=23 vpage=23 vdt=30 vmax=103 vacc=19987 vrej=0 seq=0 elapsed=0 oled=3C
[   7218] STATUS mode=3 fault=none enc=-120 denc=1 sreq=-23 sapplied=-23 crate=-23 uimp=-146450 upos=1040 uneg=4090 ball=-41.19 vball=0.01 aball=-1.0 bref==0.00 pid=-28.7 pref=-94.1 ppos=-91.2 apid=-0.0 integ=-96.5 vision=1 current=1 vframe=20009 vs=1 vage=9 vpage=9 vdt=34 vmax=103 vacc=19988 vrej=0 seq=0 elapsed=0 oled=3C
[   7234] STATUS mode=3 fault=none enc=-122 denc=-1 sreq=-26 sapplied=-26 crate=-26 uimp=-146990 upos=1040 uneg=4110 ball=-41.19 vball=0.00 aball=-1.0 bref=0.00 pid=-25.7 pref=-94.9 ppos=-92.3 apid=-0.0 integ=-97.2 vision=1 current=1 vframe=20010 vs=1 vage=16 vpage=16 vdt=33 vmax=103 vacc=19989 vrej=0 seq=0 elapsed=0 oled=3C
[   7266] STATUS mode=3 fault=none enc=-121 denc=1 sreq=-28 sapplied=-28 crate=-28 uimp=-147465 upos=1040 uneg=4130 ball=-41.19 vball=0.00 aball=-1.0 bref=0.00 pid=-28.0 pref=-95.6 ppos=-92.8 apid=-0.0 integ=-97.9 vision=1 current=1 vframe=20011 vs=1 vage=2 vpage=2 vdt=34 vmax=103 vacc=19990 vrej=0 seq=0 elapsed=0 oled=3C
[   7297] STATUS mode=3 fault=none enc=-124 denc=-1 sreq=-52 sapplied=-52 crate=-52 uimp=-148590 upos=1040 uneg=4170 ball=-41.22 vball=-0.28 aball=-1.8 bref=0.00 pid=-52.1 pref=-99.1 ppos=-93.9 apid=-0.0 integ=-98.6 vision=1 current=1 vframe=20012 vs=1 vage=8 vpage=8 vdt=34 vmax=103 vacc=19991 vrej=0 seq=0 elapsed=0 oled=3C
[   7327] STATUS mode=3 fault=none enc=-125 denc=-1 sreq=-42 sapplied=-42 crate=-42 uimp=-149555 upos=1040 uneg=4190 ball=-41.22 vball=-0.28 aball=-1.8 bref=0.00 pid=-42.4 pref=-99.1 ppos=-94.9 apid=-0.0 integ=-98.6 vision=1 current=1 vframe=20012 vs=1 vage=28 vpage=28 vdt=34 vmax=103 vacc=19991 vrej=0 seq=0 elapsed=0 oled=3C
[   7343] STATUS mode=3 fault=none enc=-126 denc=0 sreq=-56 sapplied=-56 crate=-56 uimp=-150570 upos=1040 uneg=4210 ball=-41.25 vball=-0.45 aball=-1.8 bref=0.00 pid=-56.4 pref=-101.5 ppos=-95.9 apid=-0.0 integ=-99.3 vision=1 current=1 vframe=20013 vs=1 vage=15 vpage=15 vdt=33 vmax=103 vacc=19992 vrej=0 seq=0 elapsed=0 oled=3C
[   7375] STATUS mode=3 fault=none enc=-129 denc=-1 sreq=-38 sapplied=-38 crate=-38 uimp=-152485 upos=1040 uneg=4250 ball=-41.26 vball=-0.39 aball=-1.8 bref=0.00 pid=-38.2 pref=-101.6 ppos=-97.8 apid=-0.0 integ=-100.0 vision=1 current=1 vframe=20014 vs=1 vage=22 vpage=22 vdt=33 vmax=103 vacc=19993 vrej=0 seq=0 elapsed=0 oled=3C
[   7407] STATUS mode=3 fault=none enc=-129 denc=0 sreq=-27 sapplied=-27 crate=-27 uimp=-153175 upos=1040 uneg=4270 ball=-41.26 vball=-0.28 aball=-1.0 bref=0.00 pid=-27.3 pref=-101.2 ppos=-98.5 apid=-0.0 integ=-100.7 vision=1 current=1 vframe=20015 vs=1 vage=8 vpage=8 vdt=34 vmax=103 vacc=19994 vrej=0 seq=0 elapsed=0 oled=3C
[   7438] STATUS mode=3 fault=none enc=-130 denc=1 sreq=0 sapplied=0 crate=-18 uimp=-153895 upos=1040 uneg=4300 ball=-41.26 vball=-0.19 aball=-1.0 bref=0.00 pid=-17.9 pref=-101.0 ppos=-99.2 apid=-0.0 integ=-101.4 vision=1 current=1 vframe=20016 vs=1 vage=15 vpage=15 vdt=33 vmax=103 vacc=19995 vrej=0 seq=0 elapsed=0 oled=3C
[   7452] STATUS mode=3 fault=none enc=-130 denc=0 sreq=0 sapplied=0 crate=-18 uimp=-153895 upos=1040 uneg=4300 ball=-41.26 vball=-0.12 aball=-1.0 bref=0.00 pid=-17.8 pref=-101.0 ppos=-99.2 apid=-0.0 integ=-102.0 vision=1 current=1 vframe=20017 vs=1 vage=2 vpage=2 vdt=33 vmax=103 vacc=19996 vrej=0 seq=0 elapsed=0 oled=3C
[   7484] STATUS mode=3 fault=none enc=-130 denc=0 sreq=0 sapplied=0 crate=-18 uimp=-153895 upos=1040 uneg=4300 ball=-41.26 vball=-0.12 aball=-1.0 bref=0.00 pid=-17.8 pref=-101.0 ppos=-99.2 apid=-0.0 integ=-102.0 vision=1 current=1 vframe=20017 vs=1 vage=22 vpage=22 vdt=33 vmax=103 vacc=19996 vrej=0 seq=0 elapsed=0 oled=3C
[   7516] STATUS mode=3 fault=none enc=-130 denc=0 sreq=0 sapplied=0 crate=-19 uimp=-154100 upos=1040 uneg=4310 ball=-41.25 vball=-0.08 aball=0.3 bref=0.00 pid=-19.0 pref=-101.3 ppos=-99.4 apid=0.0 integ=-102.8 vision=1 current=1 vframe=20018 vs=1 vage=26 vpage=26 vdt=36 vmax=103 vacc=19997 vrej=0 seq=0 elapsed=0 oled=3C
[   7547] STATUS mode=3 fault=none enc=-130 denc=0 sreq=0 sapplied=0 crate=0 uimp=-154100 upos=1040 uneg=4310 ball=-41.24 vball=0.09 aball=0.3 bref=0.00 pid=0.0 pref=-100.3 ppos=-99.4 apid=0.0 integ=-103.5 vision=1 current=1 vframe=20019 vs=1 vage=13 vpage=13 vdt=33 vmax=103 vacc=19998 vrej=0 seq=0 elapsed=0 oled=3C
[   7563] STATUS mode=3 fault=none enc=-130 denc=0 sreq=0 sapplied=0 crate=0 uimp=-154100 upos=1040 uneg=4310 ball=-41.24 vball=0.09 aball=0.3 bref=0.00 pid=0.0 pref=-100.3 ppos=-99.4 apid=0.0 integ=-103.5 vision=1 current=1 vframe=20019 vs=1 vage=33 vpage=33 vdt=33 vmax=103 vacc=19998 vrej=0 seq=0 elapsed=0 oled=3C
[   7593] STATUS mode=3 fault=none enc=-130 denc=0 sreq=-21 sapplied=-21 crate=-21 uimp=-154210 upos=1040 uneg=4315 ball=-41.23 vball=0.09 aball=0.9 bref=0.00 pid=-21.3 pref=-101.7 ppos=-99.5 apid=0.0 integ=-104.9 vision=1 current=1 vframe=20021 vs=1 vage=6 vpage=6 vdt=34 vmax=103 vacc=20000 vrej=0 seq=0 elapsed=0 oled=3C
[   7625] STATUS mode=3 fault=none enc=-130 denc=0 sreq=0 sapplied=0 crate=-19 uimp=-154415 upos=1040 uneg=4325 ball=-41.23 vball=0.09 aball=0.9 bref=0.00 pid=-19.2 pref=-101.7 ppos=-99.7 apid=0.0 integ=-104.9 vision=1 current=1 vframe=20021 vs=1 vage=26 vpage=26 vdt=34 vmax=103 vacc=20000 vrej=0 seq=0 elapsed=0 oled=3C
[   7657] STATUS mode=3 fault=none enc=-130 denc=0 sreq=-26 sapplied=-26 crate=-26 uimp=-154700 upos=1040 uneg=4335 ball=-41.23 vball=0.06 aball=0.9 bref=0.00 pid=-26.2 pref=-102.6 ppos=-100.0 apid=0.0 integ=-105.5 vision=1 current=1 vframe=20022 vs=1 vage=13 vpage=13 vdt=33 vmax=103 vacc=20001 vrej=0 seq=0 elapsed=0 oled=3C
[   7672] STATUS mode=3 fault=none enc=-132 denc=-1 sreq=-25 sapplied=-25 crate=-25 uimp=-155705 upos=1040 uneg=4375 ball=-41.23 vball=0.04 aball=0.9 bref=0.00 pid=-24.9 pref=-103.5 ppos=-101.0 apid=0.0 integ=-106.2 vision=1 current=1 vframe=20023 vs=1 vage=20 vpage=20 vdt=33 vmax=103 vacc=20002 vrej=0 seq=0 elapsed=0 oled=3C
[   7702] STATUS mode=3 fault=none enc=-133 denc=-1 sreq=-54 sapplied=-54 crate=-54 uimp=-156345 upos=1040 uneg=4395 ball=-41.26 vball=-0.24 aball=-1.0 bref=0.00 pid=-53.9 pref=-107.1 ppos=-101.7 apid=-0.0 integ=-106.9 vision=1 current=1 vframe=20024 vs=1 vage=6 vpage=6 vdt=34 vmax=103 vacc=20003 vrej=0 seq=0 elapsed=0 oled=3C
[   7734] STATUS mode=3 fault=none enc=-134 denc=0 sreq=-43 sapplied=-43 crate=-43 uimp=-158245 upos=1040 uneg=4435 ball=-41.27 vball=-0.26 aball=-1.0 bref=0.00 pid=-43.4 pref=-107.9 ppos=-103.6 apid=-0.0 integ=-107.6 vision=1 current=1 vframe=20025 vs=1 vage=15 vpage=15 vdt=31 vmax=103 vacc=20004 vrej=0 seq=0 elapsed=0 oled=3C
[   7766] STATUS mode=3 fault=none enc=-135 denc=0 sreq=-36 sapplied=-36 crate=-36 uimp=-159045 upos=1040 uneg=4455 ball=-41.28 vball=-0.20 aball=-1.0 bref=0.00 pid=-36.4 pref=-108.0 ppos=-104.4 apid=-0.0 integ=-108.2 vision=1 current=1 vframe=20026 vs=1 vage=2 vpage=2 vdt=33 vmax=103 vacc=20005 vrej=0 seq=0 elapsed=0 oled=3C
[   7797] STATUS mode=3 fault=none enc=-136 denc=0 sreq=-30 sapplied=-30 crate=-30 uimp=-159720 upos=1040 uneg=4475 ball=-41.28 vball=-0.20 aball=-1.0 bref=0.00 pid=-29.6 pref=-108.0 ppos=-105.0 apid=-0.0 integ=-108.2 vision=1 current=1 vframe=20026 vs=1 vage=22 vpage=22 vdt=33 vmax=103 vacc=20005 vrej=0 seq=0 elapsed=0 oled=3C
[   7813] STATUS mode=3 fault=none enc=-137 denc=0 sreq=-21 sapplied=-21 crate=-21 uimp=-160750 upos=1040 uneg=4515 ball=-41.28 vball=-0.14 aball=-0.1 bref=0.00 pid=-20.5 pref=-108.1 ppos=-106.1 apid=-0.0 integ=-109.0 vision=1 current=1 vframe=20027 vs=1 vage=27 vpage=27 vdt=35 vmax=103 vacc=20006 vrej=0 seq=0 elapsed=0 oled=3C
[   7843] STATUS mode=3 fault=none enc=-137 denc=0 sreq=0 sapplied=0 crate=-19 uimp=-161060 upos=1040 uneg=4530 ball=-41.27 vball=-0.09 aball=-0.1 bref=0.00 pid=-19.1 pref=-108.3 ppos=-106.4 apid=-0.0 integ=-109.6 vision=1 current=1 vframe=20028 vs=1 vage=14 vpage=14 vdt=33 vmax=103 vacc=20007 vrej=0 seq=0 elapsed=0 oled=3C
[   7875] STATUS mode=3 fault=none enc=-137 denc=0 sreq=0 sapplied=0 crate=-19 uimp=-161375 upos=1040 uneg=4545 ball=-41.27 vball=-0.05 aball=-0.1 bref=0.00 pid=-19.0 pref=-108.6 ppos=-106.7 apid=-0.0 integ=-110.3 vision=1 current=1 vframe=20029 vs=1 vage=20 vpage=20 vdt=34 vmax=103 vacc=20008 vrej=0 seq=0 elapsed=0 oled=3C
[   7907] STATUS mode=3 fault=none enc=-137 denc=0 sreq=-23 sapplied=-23 crate=-23 uimp=-161495 upos=1040 uneg=4550 ball=-41.27 vball=-0.03 aball=0.5 bref=0.00 pid=-22.6 pref=-109.1 ppos=-106.8 apid=0.0 integ=-111.0 vision=1 current=1 vframe=20030 vs=1 vage=7 vpage=7 vdt=33 vmax=103 vacc=20009 vrej=0 seq=0 elapsed=0 oled=3C
[   7922] STATUS mode=3 fault=none enc=-137 denc=0 sreq=0 sapplied=0 crate=-19 uimp=-161815 upos=1040 uneg=4565 ball=-41.27 vball=-0.03 aball=0.5 bref=0.00 pid=-19.4 pref=-109.1 ppos=-107.1 apid=0.0 integ=-111.0 vision=1 current=1 vframe=20030 vs=1 vage=27 vpage=27 vdt=33 vmax=103 vacc=20009 vrej=0 seq=0 elapsed=0 oled=3C
[   7952] STATUS mode=3 fault=none enc=-139 denc=-1 sreq=-23 sapplied=-23 crate=-23 uimp=-162390 upos=1040 uneg=4590 ball=-41.27 vball=0.01 aball=0.5 bref=0.00 pid=-23.3 pref=-110.0 ppos=-107.7 apid=0.0 integ=-112.4 vision=1 current=1 vframe=20032 vs=1 vage=1 vpage=1 vdt=33 vmax=103 vacc=20011 vrej=0 seq=0 elapsed=0 oled=3C
[   7984] STATUS mode=3 fault=none enc=-138 denc=1 sreq=0 sapplied=0 crate=-19 uimp=-162820 upos=1040 uneg=4610 ball=-41.27 vball=0.01 aball=0.5 bref=0.00 pid=-19.0 pref=-110.0 ppos=-108.1 apid=0.0 integ=-112.4 vision=1 current=1 vframe=20032 vs=1 vage=21 vpage=21 vdt=33 vmax=103 vacc=20011 vrej=0 seq=0 elapsed=0 oled=3C
[   8016] STATUS mode=3 fault=none enc=-138 denc=0 sreq=-23 sapplied=-23 crate=-23 uimp=-162940 upos=1040 uneg=4615 ball=-41.27 vball=0.03 aball=0.5 bref=0.00 pid=-22.8 pref=-110.5 ppos=-108.3 apid=0.0 integ=-113.1 vision=1 current=1 vframe=20033 vs=1 vage=7 vpage=7 vdt=34 vmax=103 vacc=20012 vrej=0 seq=0 elapsed=0 oled=3C
[   8032] STATUS mode=3 fault=none enc=-138 denc=0 sreq=-48 sapplied=-48 crate=-48 uimp=-163795 upos=1040 uneg=4640 ball=-41.29 vball=-0.24 aball=0.5 bref=0.00 pid=-48.3 pref=-113.9 ppos=-109.1 apid=0.0 integ=-113.8 vision=1 current=1 vframe=20034 vs=1 vage=14 vpage=14 vdt=33 vmax=103 vacc=20013 vrej=0 seq=0 elapsed=0 oled=3C
[   8063] STATUS mode=3 fault=none enc=-140 denc=-1 sreq=-62 sapplied=-62 crate=-62 uimp=-164690 upos=1040 uneg=4660 ball=-41.32 vball=-0.39 aball=0.5 bref=0.00 pid=-61.5 pref=-116.2 ppos=-110.0 apid=0.0 integ=-114.4 vision=1 current=1 vframe=20035 vs=1 vage=1 vpage=1 vdt=33 vmax=103 vacc=20014 vrej=0 seq=0 elapsed=0 oled=3C
[   8093] STATUS mode=3 fault=none enc=-142 denc=0 sreq=0 sapplied=0 crate=-15 uimp=-166550 upos=1040 uneg=4695 ball=-41.30 vball=-0.05 aball=-0.1 bref=0.00 pid=-15.5 pref=-113.4 ppos=-111.9 apid=-0.0 integ=-115.1 vision=1 current=1 vframe=20036 vs=1 vage=8 vpage=8 vdt=33 vmax=103 vacc=20015 vrej=0 seq=0 elapsed=0 oled=3C
[   8125] STATUS mode=3 fault=none enc=-142 denc=0 sreq=0 sapplied=0 crate=-15 uimp=-166550 upos=1040 uneg=4695 ball=-41.30 vball=-0.05 aball=-0.1 bref=0.00 pid=-15.5 pref=-113.4 ppos=-111.9 apid=-0.0 integ=-115.1 vision=1 current=1 vframe=20036 vs=1 vage=28 vpage=28 vdt=33 vmax=103 vacc=20015 vrej=0 seq=0 elapsed=0 oled=3C
[   8141] STATUS mode=3 fault=none enc=-142 denc=0 sreq=0 sapplied=0 crate=0 uimp=-166550 upos=1040 uneg=4695 ball=-41.27 vball=0.17 aball=-0.1 bref=0.00 pid=0.0 pref=-111.9 ppos=-111.9 apid=-0.0 integ=-115.9 vision=1 current=1 vframe=20037 vs=1 vage=13 vpage=13 vdt=35 vmax=103 vacc=20016 vrej=0 seq=0 elapsed=0 oled=3C
[   8172] STATUS mode=3 fault=none enc=-142 denc=0 sreq=0 sapplied=0 crate=0 uimp=-166550 upos=1040 uneg=4695 ball=-41.27 vball=0.19 aball=-0.1 bref=0.00 pid=0.0 pref=-112.4 ppos=-111.9 apid=-0.0 integ=-116.5 vision=1 current=1 vframe=20038 vs=1 vage=21 vpage=21 vdt=32 vmax=103 vacc=20017 vrej=0 seq=0 elapsed=0 oled=3C
[   8202] STATUS mode=3 fault=none enc=-142 denc=0 sreq=0 sapplied=0 crate=13 uimp=-166550 upos=1040 uneg=4695 ball=-41.23 vball=0.43 aball=2.1 bref=0.00 pid=12.5 pref=-110.6 ppos=-111.9 apid=0.0 integ=-117.2 vision=1 current=1 vframe=20039 vs=1 vage=7 vpage=7 vdt=34 vmax=103 vacc=20018 vrej=0 seq=0 elapsed=0 oled=3C
[   8234] STATUS mode=3 fault=none enc=-142 denc=0 sreq=0 sapplied=0 crate=13 uimp=-166550 upos=1040 uneg=4695 ball=-41.23 vball=0.43 aball=2.1 bref=0.00 pid=12.5 pref=-110.6 ppos=-111.9 apid=0.0 integ=-117.2 vision=1 current=1 vframe=20039 vs=1 vage=27 vpage=27 vdt=34 vmax=103 vacc=20018 vrej=0 seq=0 elapsed=0 oled=3C
[   8250] STATUS mode=3 fault=none enc=-142 denc=0 sreq=-33 sapplied=-33 crate=-33 uimp=-166550 upos=1040 uneg=4695 ball=-41.24 vball=0.11 aball=2.1 bref=0.00 pid=-33.2 pref=-115.2 ppos=-111.9 apid=0.0 integ=-118.6 vision=1 current=1 vframe=20041 vs=1 vage=1 vpage=1 vdt=33 vmax=103 vacc=20020 vrej=0 seq=0 elapsed=0 oled=3C
[   8282] STATUS mode=3 fault=none enc=-142 denc=0 sreq=-27 sapplied=-27 crate=-27 uimp=-167165 upos=1040 uneg=4715 ball=-41.24 vball=0.11 aball=2.1 bref=0.00 pid=-27.1 pref=-115.2 ppos=-112.5 apid=0.0 integ=-118.6 vision=1 current=1 vframe=20041 vs=1 vage=21 vpage=21 vdt=33 vmax=103 vacc=20020 vrej=0 seq=0 elapsed=0 oled=3C
[   8313] STATUS mode=3 fault=none enc=-144 denc=-2 sreq=-51 sapplied=-51 crate=-51 uimp=-167820 upos=1040 uneg=4735 ball=-41.26 vball=-0.12 aball=-1.3 bref=0.00 pid=-51.0 pref=-118.2 ppos=-113.1 apid=-0.0 integ=-119.3 vision=1 current=1 vframe=20042 vs=1 vage=6 vpage=6 vdt=35 vmax=103 vacc=20021 vrej=0 seq=0 elapsed=0 oled=3C
[   8343] STATUS mode=3 fault=none enc=-145 denc=0 sreq=-43 sapplied=-43 crate=-43 uimp=-169630 upos=1040 uneg=4775 ball=-41.27 vball=-0.15 aball=-1.3 bref=0.00 pid=-42.6 pref=-119.2 ppos=-115.0 apid=-0.0 integ=-120.0 vision=1 current=1 vframe=20043 vs=1 vage=14 vpage=14 vdt=32 vmax=103 vacc=20022 vrej=0 seq=0 elapsed=0 oled=3C
[   8359] STATUS mode=3 fault=none enc=-146 denc=0 sreq=-39 sapplied=-39 crate=-39 uimp=-170420 upos=1040 uneg=4795 ball=-41.27 vball=-0.12 aball=-1.3 bref=0.00 pid=-38.5 pref=-119.6 ppos=-115.7 apid=-0.0 integ=-120.6 vision=1 current=1 vframe=20044 vs=1 vage=1 vpage=1 vdt=33 vmax=103 vacc=20023 vrej=0 seq=0 elapsed=0 oled=3C
[   8391] STATUS mode=3 fault=none enc=-148 denc=0 sreq=-29 sapplied=-29 crate=-29 uimp=-171740 upos=1040 uneg=4835 ball=-41.27 vball=-0.09 aball=-0.6 bref=0.00 pid=-29.3 pref=-120.0 ppos=-117.1 apid=-0.0 integ=-121.3 vision=1 current=1 vframe=20045 vs=1 vage=7 vpage=7 vdt=34 vmax=103 vacc=20024 vrej=0 seq=0 elapsed=0 oled=3C
[   8422] STATUS mode=3 fault=none enc=-149 denc=0 sreq=-24 sapplied=-24 crate=-24 uimp=-172280 upos=1040 uneg=4855 ball=-41.27 vball=-0.09 aball=-0.6 bref=0.00 pid=-23.9 pref=-120.0 ppos=-117.6 apid=-0.0 integ=-121.3 vision=1 current=1 vframe=20045 vs=1 vage=27 vpage=27 vdt=34 vmax=103 vacc=20024 vrej=0 seq=0 elapsed=0 oled=3C
[   8452] STATUS mode=3 fault=none enc=-149 denc=0 sreq=-23 sapplied=-23 crate=-23 uimp=-172760 upos=1040 uneg=4875 ball=-41.27 vball=-0.06 aball=-0.6 bref=0.00 pid=-22.9 pref=-120.4 ppos=-118.1 apid=-0.0 integ=-122.0 vision=1 current=1 vframe=20046 vs=1 vage=14 vpage=14 vdt=33 vmax=103 vacc=20025 vrej=0 seq=0 elapsed=0 oled=3C
[   8484] STATUS mode=3 fault=none enc=-150 denc=0 sreq=0 sapplied=0 crate=-19 uimp=-173620 upos=1040 uneg=4915 ball=-41.27 vball=-0.04 aball=-0.6 bref=0.00 pid=-19.1 pref=-120.9 ppos=-118.9 apid=-0.0 integ=-122.7 vision=1 current=1 vframe=20047 vs=1 vage=21 vpage=21 vdt=33 vmax=103 vacc=20026 vrej=0 seq=0 elapsed=0 oled=3C
[   8500] STATUS mode=3 fault=none enc=-151 denc=0 sreq=-23 sapplied=-23 crate=-23 uimp=-173740 upos=1040 uneg=4920 ball=-41.27 vball=-0.02 aball=0.0 bref=0.00 pid=-22.8 pref=-121.3 ppos=-119.1 apid=0.0 integ=-123.4 vision=1 current=1 vframe=20048 vs=1 vage=8 vpage=8 vdt=33 vmax=103 vacc=20027 vrej=0 seq=0 elapsed=0 oled=3C
[   8532] STATUS mode=3 fault=none enc=-151 denc=0 sreq=-23 sapplied=-23 crate=-23 uimp=-174315 upos=1040 uneg=4945 ball=-41.27 vball=-0.01 aball=0.0 bref=0.00 pid=-23.0 pref=-121.9 ppos=-119.6 apid=0.0 integ=-124.1 vision=1 current=1 vframe=20049 vs=1 vage=14 vpage=14 vdt=34 vmax=103 vacc=20028 vrej=0 seq=0 elapsed=0 oled=3C
[   8563] STATUS mode=3 fault=none enc=-151 denc=0 sreq=-26 sapplied=-26 crate=-26 uimp=-174745 upos=1040 uneg=4965 ball=-41.27 vball=-0.01 aball=0.0 bref=0.00 pid=-25.5 pref=-122.6 ppos=-120.1 apid=0.0 integ=-124.8 vision=1 current=1 vframe=20050 vs=1 vage=1 vpage=1 vdt=33 vmax=103 vacc=20029 vrej=0 seq=0 elapsed=0 oled=3C
[   8593] STATUS mode=3 fault=none enc=-153 denc=-1 sreq=-21 sapplied=-21 crate=-21 uimp=-175220 upos=1040 uneg=4985 ball=-41.27 vball=-0.01 aball=0.0 bref=0.00 pid=-20.8 pref=-122.6 ppos=-120.5 apid=0.0 integ=-124.8 vision=1 current=1 vframe=20050 vs=1 vage=21 vpage=21 vdt=33 vmax=103 vacc=20029 vrej=0 seq=0 elapsed=0 oled=3C
[   8609] STATUS mode=3 fault=none enc=-153 denc=0 sreq=-21 sapplied=-21 crate=-21 uimp=-176105 upos=1040 uneg=5025 ball=-41.27 vball=-0.00 aball=0.1 bref=0.00 pid=-21.2 pref=-123.5 ppos=-121.4 apid=0.0 integ=-125.8 vision=1 current=1 vframe=20052 vs=1 vage=11 vpage=11 vdt=27 vmax=103 vacc=20031 vrej=0 seq=0 elapsed=0 oled=3C
[   8641] STATUS mode=3 fault=none enc=-154 denc=0 sreq=0 sapplied=0 crate=-19 uimp=-176310 upos=1040 uneg=5035 ball=-41.27 vball=-0.00 aball=0.1 bref=0.00 pid=-19.2 pref=-123.5 ppos=-121.6 apid=0.0 integ=-125.8 vision=1 current=1 vframe=20052 vs=1 vage=31 vpage=31 vdt=27 vmax=103 vacc=20031 vrej=0 seq=0 elapsed=0 oled=3C
[   8672] STATUS mode=3 fault=none enc=-154 denc=0 sreq=0 sapplied=0 crate=0 uimp=-176310 upos=1040 uneg=5035 ball=-41.23 vball=0.33 aball=0.1 bref=0.00 pid=0.0 pref=-120.9 ppos=-121.6 apid=0.0 integ=-126.5 vision=1 current=1 vframe=20053 vs=1 vage=17 vpage=17 vdt=34 vmax=103 vacc=20032 vrej=0 seq=0 elapsed=0 oled=3C
[   8702] STATUS mode=3 fault=none enc=-154 denc=0 sreq=21 sapplied=21 crate=21 uimp=-175955 upos=1055 uneg=5035 ball=-41.20 vball=0.57 aball=2.8 bref=0.00 pid=21.3 pref=-119.1 ppos=-121.3 apid=0.0 integ=-127.2 vision=1 current=1 vframe=20054 vs=1 vage=24 vpage=24 vdt=33 vmax=103 vacc=20033 vrej=0 seq=0 elapsed=0 oled=3C
[   8718] STATUS mode=3 fault=none enc=-153 denc=0 sreq=0 sapplied=0 crate=0 uimp=-175750 upos=1065 uneg=5035 ball=-41.18 vball=0.53 aball=2.8 bref=0.00 pid=0.0 pref=-120.2 ppos=-121.1 apid=0.0 integ=-127.9 vision=1 current=1 vframe=20055 vs=1 vage=10 vpage=10 vdt=34 vmax=103 vacc=20034 vrej=0 seq=0 elapsed=0 oled=3C
[   8750] STATUS mode=3 fault=none enc=-153 denc=0 sreq=0 sapplied=0 crate=0 uimp=-175750 upos=1065 uneg=5035 ball=-41.18 vball=0.53 aball=2.8 bref=0.00 pid=0.0 pref=-120.2 ppos=-121.1 apid=0.0 integ=-127.9 vision=1 current=1 vframe=20055 vs=1 vage=30 vpage=30 vdt=34 vmax=103 vacc=20034 vrej=0 seq=0 elapsed=0 oled=3C
[   8782] STATUS mode=3 fault=none enc=-153 denc=0 sreq=0 sapplied=0 crate=-18 uimp=-175750 upos=1065 uneg=5035 ball=-41.16 vball=0.40 aball=0.8 bref=0.00 pid=-17.9 pref=-122.9 ppos=-121.1 apid=0.0 integ=-129.2 vision=1 current=1 vframe=20057 vs=1 vage=4 vpage=4 vdt=33 vmax=103 vacc=20036 vrej=0 seq=0 elapsed=0 oled=3C
[   8813] STATUS mode=3 fault=none enc=-153 denc=0 sreq=0 sapplied=0 crate=-18 uimp=-175750 upos=1065 uneg=5035 ball=-41.16 vball=0.40 aball=0.8 bref=0.00 pid=-17.9 pref=-122.9 ppos=-121.1 apid=0.0 integ=-129.2 vision=1 current=1 vframe=20057 vs=1 vage=24 vpage=24 vdt=33 vmax=103 vacc=20036 vrej=0 seq=0 elapsed=0 oled=3C
[   8827] STATUS mode=3 fault=none enc=-153 denc=0 sreq=-28 sapplied=-28 crate=-28 uimp=-176380 upos=1065 uneg=5055 ball=-41.16 vball=0.31 aball=0.8 bref=0.00 pid=-27.6 pref=-124.5 ppos=-121.7 apid=0.0 integ=-129.9 vision=1 current=1 vframe=20058 vs=1 vage=30 vpage=30 vdt=34 vmax=103 vacc=20037 vrej=0 seq=0 elapsed=0 oled=3C
[   8859] STATUS mode=3 fault=none enc=-154 denc=0 sreq=-37 sapplied=-37 crate=-37 uimp=-177135 upos=1065 uneg=5075 ball=-41.16 vball=0.21 aball=0.8 bref=0.00 pid=-36.8 pref=-126.1 ppos=-122.5 apid=0.0 integ=-130.6 vision=1 current=1 vframe=20059 vs=1 vage=17 vpage=17 vdt=33 vmax=103 vacc=20038 vrej=0 seq=0 elapsed=0 oled=3C
[   8891] STATUS mode=3 fault=none enc=-155 denc=-1 sreq=-100 sapplied=-100 crate=-100 uimp=-177820 upos=1065 uneg=5095 ball=-41.25 vball=-0.61 aball=-4.1 bref=0.00 pid=-100.0 pref=-135.1 ppos=-123.1 apid=-0.0 integ=-131.3 vision=1 current=1 vframe=20060 vs=1 vage=4 vpage=4 vdt=33 vmax=103 vacc=20039 vrej=0 seq=0 elapsed=0 oled=3C
[   8922] STATUS mode=3 fault=none enc=-160 denc=-2 sreq=-100 sapplied=-100 crate=-100 uimp=-181745 upos=1065 uneg=5135 ball=-41.29 vball=-0.81 aball=-4.1 bref=0.00 pid=-100.0 pref=-137.9 ppos=-127.1 apid=-0.0 integ=-132.0 vision=1 current=1 vframe=20061 vs=1 vage=10 vpage=10 vdt=34 vmax=103 vacc=20040 vrej=0 seq=0 elapsed=0 oled=3C
[   8952] STATUS mode=3 fault=none enc=-162 denc=-2 sreq=-89 sapplied=-89 crate=-89 uimp=-183700 upos=1065 uneg=5155 ball=-41.29 vball=-0.81 aball=-4.1 bref=0.00 pid=-88.5 pref=-137.9 ppos=-129.0 apid=-0.0 integ=-132.0 vision=1 current=1 vframe=20061 vs=1 vage=30 vpage=30 vdt=34 vmax=103 vacc=20040 vrej=0 seq=0 elapsed=0 oled=3C
[   8968] STATUS mode=3 fault=none enc=-165 denc=-1 sreq=0 sapplied=0 crate=0 uimp=-186475 upos=1065 uneg=5195 ball=-41.25 vball=0.01 aball=0.5 bref=0.00 pid=0.0 pref=-131.0 ppos=-131.8 apid=0.0 integ=-133.4 vision=1 current=1 vframe=20063 vs=1 vage=4 vpage=4 vdt=33 vmax=103 vacc=20042 vrej=0 seq=0 elapsed=0 oled=3C
[   9000] STATUS mode=3 fault=none enc=-166 denc=0 sreq=0 sapplied=0 crate=0 uimp=-186475 upos=1065 uneg=5195 ball=-41.25 vball=0.01 aball=0.5 bref=0.00 pid=0.0 pref=-131.0 ppos=-131.8 apid=0.0 integ=-133.4 vision=1 current=1 vframe=20063 vs=1 vage=24 vpage=24 vdt=33 vmax=103 vacc=20042 vrej=0 seq=0 elapsed=0 oled=3C
[   9032] STATUS mode=3 fault=none enc=-166 denc=0 sreq=45 sapplied=45 crate=45 uimp=-186475 upos=1065 uneg=5195 ball=-41.20 vball=0.44 aball=0.5 bref=0.00 pid=44.7 pref=-127.3 ppos=-131.8 apid=0.0 integ=-134.1 vision=1 current=1 vframe=20064 vs=1 vage=10 vpage=10 vdt=34 vmax=103 vacc=20043 vrej=0 seq=0 elapsed=0 oled=3C
[   9047] STATUS mode=3 fault=none enc=-165 denc=0 sreq=0 sapplied=0 crate=0 uimp=-185470 upos=1090 uneg=5195 ball=-41.22 vball=0.19 aball=0.5 bref=0.00 pid=0.0 pref=-130.5 ppos=-130.8 apid=0.0 integ=-134.7 vision=1 current=1 vframe=20065 vs=1 vage=17 vpage=17 vdt=33 vmax=103 vacc=20044 vrej=0 seq=0 elapsed=0 oled=3C
[   9077] STATUS mode=3 fault=none enc=-165 denc=0 sreq=0 sapplied=0 crate=-15 uimp=-185470 upos=1090 uneg=5195 ball=-41.22 vball=0.08 aball=0.6 bref=0.00 pid=-15.2 pref=-132.3 ppos=-130.8 apid=0.0 integ=-135.4 vision=1 current=1 vframe=20066 vs=1 vage=4 vpage=4 vdt=33 vmax=103 vacc=20045 vrej=0 seq=0 elapsed=0 oled=3C
[   9109] STATUS mode=3 fault=none enc=-165 denc=0 sreq=0 sapplied=0 crate=-15 uimp=-185470 upos=1090 uneg=5195 ball=-41.22 vball=0.08 aball=0.6 bref=0.00 pid=-15.2 pref=-132.3 ppos=-130.8 apid=0.0 integ=-135.4 vision=1 current=1 vframe=20066 vs=1 vage=24 vpage=24 vdt=33 vmax=103 vacc=20045 vrej=0 seq=0 elapsed=0 oled=3C
[   9141] STATUS mode=3 fault=none enc=-165 denc=0 sreq=-21 sapplied=-21 crate=-21 uimp=-186085 upos=1090 uneg=5220 ball=-41.23 vball=0.03 aball=0.6 bref=0.00 pid=-21.0 pref=-133.5 ppos=-131.4 apid=0.0 integ=-136.1 vision=1 current=1 vframe=20067 vs=1 vage=31 vpage=31 vdt=33 vmax=103 vacc=20046 vrej=0 seq=0 elapsed=0 oled=3C
[   9157] STATUS mode=3 fault=none enc=-166 denc=0 sreq=0 sapplied=0 crate=0 uimp=-186190 upos=1090 uneg=5225 ball=-41.19 vball=0.39 aball=0.6 bref=0.00 pid=0.0 pref=-130.6 ppos=-131.5 apid=0.0 integ=-136.8 vision=1 current=1 vframe=20068 vs=1 vage=17 vpage=17 vdt=34 vmax=103 vacc=20047 vrej=0 seq=0 elapsed=0 oled=3C
[   9188] STATUS mode=3 fault=none enc=-166 denc=0 sreq=-24 sapplied=-24 crate=-24 uimp=-186190 upos=1090 uneg=5225 ball=-41.20 vball=0.12 aball=0.5 bref=0.00 pid=-24.4 pref=-133.9 ppos=-131.5 apid=0.0 integ=-137.5 vision=1 current=1 vframe=20069 vs=1 vage=4 vpage=4 vdt=33 vmax=103 vacc=20048 vrej=0 seq=0 elapsed=0 oled=3C
[   9218] STATUS mode=3 fault=none enc=-167 denc=0 sreq=-53 sapplied=-53 crate=-53 uimp=-187315 upos=1090 uneg=5260 ball=-41.24 vball=-0.21 aball=0.5 bref=0.00 pid=-53.4 pref=-138.0 ppos=-132.6 apid=0.0 integ=-138.2 vision=1 current=1 vframe=20070 vs=1 vage=11 vpage=11 vdt=33 vmax=103 vacc=20049 vrej=0 seq=0 elapsed=0 oled=3C
[   9250] STATUS mode=3 fault=none enc=-168 denc=1 sreq=-44 sapplied=-44 crate=-44 uimp=-188305 upos=1090 uneg=5280 ball=-41.24 vball=-0.21 aball=0.5 bref=0.00 pid=-43.5 pref=-138.0 ppos=-133.6 apid=0.0 integ=-138.2 vision=1 current=1 vframe=20070 vs=1 vage=31 vpage=31 vdt=33 vmax=103 vacc=20049 vrej=0 seq=0 elapsed=0 oled=3C
[   9266] STATUS mode=3 fault=none enc=-171 denc=-1 sreq=53 sapplied=0 crate=53 uimp=-190075 upos=1090 uneg=5320 ball=-41.14 vball=0.70 aball=2.9 bref=0.00 pid=52.6 pref=-130.1 ppos=-135.4 apid=0.0 integ=-139.5 vision=1 current=1 vframe=20072 vs=1 vage=4 vpage=4 vdt=33 vmax=103 vacc=20051 vrej=0 vrej=0 seq=0 elapsed=0 oled=3C
[   9297] STATUS mode=3 fault=none enc=-171 denc=0 sreq=45 sapplied=45 crate=45 uimp=-189325 upos=1105 uneg=5320 ball=-41.14 vball=0.70 aball=2.9 bref=0.00 pid=45.1 pref=-130.1 ppos=-134.6 apid=0.0 integ=-139.5 vision=1 current=1 vframe=20072 vs=1 vage=24 vpage=24 vdt=33 vmax=103 vacc=20051 vrej=0 seq=0 elapsed=0 oled=3C
[   9327] STATUS mode=3 fault=none enc=-170 denc=0 sreq=66 sapplied=66 crate=66 uimp=-188330 upos=1125 uneg=5320 ball=-41.08 vball=1.08 aball=2.9 bref=0.00 pid=66.0 pref=-127.0 ppos=-133.7 apid=0.0 integ=-140.3 vision=1 current=1 vframe=20073 vs=1 vage=6 vpage=6 vdt=38 vmax=103 vacc=20052 vrej=0 seq=0 elapsed=0 oled=3C
[   9359] STATUS mode=3 fault=none enc=-168 denc=0 sreq=38 sapplied=38 crate=38 uimp=-186345 upos=1165 uneg=5320 ball=-41.03 vball=1.08 aball=3.7 bref=0.00 pid=37.6 pref=-127.9 ppos=-131.7 apid=0.0 integ=-141.2 vision=1 current=1 vframe=20075 vs=1 vage=1 vpage=1 vdt=30 vmax=103 vacc=20054 vrej=0 seq=0 elapsed=0 oled=3C
[   9375] STATUS mode=3 fault=none enc=-167 denc=1 sreq=31 sapplied=31 crate=31 uimp=-185645 upos=1185 uneg=5320 ball=-41.03 vball=1.08 aball=3.7 bref=0.00 pid=30.6 pref=-127.9 ppos=-131.0 apid=0.0 integ=-141.2 vision=1 current=1 vframe=20075 vs=1 vage=21 vpage=21 vdt=30 vmax=103 vacc=20054 vrej=0 seq=0 elapsed=0 oled=3C
[   9407] STATUS mode=3 fault=none enc=-165 denc=2 sreq=0 sapplied=0 crate=12 uimp=-185205 upos=1200 uneg=5320 ball=-41.00 vball=1.00 aball=3.7 bref=0.00 pid=11.7 pref=-129.4 ppos=-130.5 apid=0.0 integ=-141.9 vision=1 current=1 vframe=20076 vs=1 vage=8 vpage=8 vdt=33 vmax=103 vacc=20055 vrej=0 seq=0 elapsed=0 oled=3C
[   9438] STATUS mode=3 fault=none enc=-165 denc=0 sreq=0 sapplied=0 crate=-19 uimp=-185305 upos=1200 uneg=5325 ball=-40.99 vball=0.75 aball=3.7 bref=0.00 pid=-18.9 pref=-132.5 ppos=-130.6 apid=0.0 integ=-142.6 vision=1 current=1 vframe=20077 vs=1 vage=15 vpage=15 vdt=33 vmax=103 vacc=20056 vrej=0 seq=0 elapsed=0 oled=3C
[   9468] STATUS mode=3 fault=none enc=-165 denc=0 sreq=-50 sapplied=-50 crate=-50 uimp=-185305 upos=1200 uneg=5325 ball=-40.99 vball=0.51 aball=-0.6 bref=0.00 pid=-49.7 pref=-135.6 ppos=-130.6 apid=-0.0 integ=-143.3 vision=1 current=1 vframe=20078 vs=1 vage=2 vpage=2 vdt=33 vmax=103 vacc=20057 vrej=0 seq=0 elapsed=0 oled=3C
[   9484] STATUS mode=3 fault=none enc=-165 denc=0 sreq=-40 sapplied=-40 crate=-40 uimp=-186230 upos=1200 uneg=5345 ball=-40.99 vball=0.51 aball=-0.6 bref=0.00 pid=-40.4 pref=-135.6 ppos=-131.6 apid=-0.0 integ=-143.3 vision=1 current=1 vframe=20078 vs=1 vage=22 vpage=22 vdt=33 vmax=103 vacc=20057 vrej=0 seq=0 elapsed=0 oled=3C
[   9516] STATUS mode=3 fault=none enc=-167 denc=1 sreq=-47 sapplied=-47 crate=-47 uimp=-188165 upos=1200 uneg=5385 ball=-41.00 vball=0.33 aball=-0.6 bref=0.00 pid=-46.6 pref=-138.1 ppos=-133.5 apid=-0.0 integ=-144.0 vision=1 current=1 vframe=20079 vs=1 vage=26 vpage=26 vdt=36 vmax=103 vacc=20058 vrej=0 seq=0 elapsed=0 oled=3C
[   9547] STATUS mode=3 fault=none enc=-169 denc=-1 sreq=-55 sapplied=-55 crate=-55 uimp=-189205 upos=1200 uneg=5405 ball=-41.00 vball=0.21 aball=-0.6 bref=0.00 pid=-54.5 pref=-140.0 ppos=-134.5 apid=-0.0 integ=-144.6 vision=1 current=1 vframe=20080 vs=1 vage=15 vpage=15 vdt=31 vmax=103 vacc=20059 vrej=0 seq=0 elapsed=0 oled=3C
[   9577] STATUS mode=3 fault=none enc=-171 denc=0 sreq=-48 sapplied=-48 crate=-48 uimp=-191315 upos=1200 uneg=5445 ball=-41.00 vball=0.13 aball=-2.0 bref=0.00 pid=-48.2 pref=-141.5 ppos=-136.6 apid=-0.0 integ=-145.3 vision=1 current=1 vframe=20081 vs=1 vage=22 vpage=22 vdt=33 vmax=103 vacc=20060 vrej=0 seq=0 elapsed=0 oled=3C
[   9609] STATUS mode=3 fault=none enc=-172 denc=0 sreq=-51 sapplied=-51 crate=-51 uimp=-192265 upos=1200 uneg=5465 ball=-41.00 vball=0.08 aball=-2.0 bref=0.00 pid=-50.7 pref=-142.7 ppos=-137.6 apid=-0.0 integ=-146.0 vision=1 current=1 vframe=20082 vs=1 vage=8 vpage=8 vdt=34 vmax=103 vacc=20061 vrej=0 seq=0 elapsed=0 oled=3C
[   9625] STATUS mode=3 fault=none enc=-173 denc=1 sreq=-41 sapplied=-41 crate=-41 uimp=-193205 upos=1200 uneg=5485 ball=-41.00 vball=0.08 aball=-2.0 bref=0.00 pid=-41.3 pref=-142.7 ppos=-138.5 apid=-0.0 integ=-146.0 vision=1 current=1 vframe=20082 vs=1 vage=28 vpage=28 vdt=34 vmax=103 vacc=20061 vrej=0 seq=0 elapsed=0 oled=3C
[   9657] STATUS mode=3 fault=none enc=-175 denc=0 sreq=-44 sapplied=-44 crate=-44 uimp=-194875 upos=1200 uneg=5525 ball=-41.01 vball=0.02 aball=-1.6 bref=0.00 pid=-44.4 pref=-144.6 ppos=-140.2 apid=-0.0 integ=-147.4 vision=1 current=1 vframe=20084 vs=1 vage=1 vpage=1 vdt=34 vmax=103 vacc=20063 vrej=0 seq=0 elapsed=0 oled=3C
[   9688] STATUS mode=3 fault=none enc=-175 denc=0 sreq=-36 sapplied=-36 crate=-36 uimp=-195695 upos=1200 uneg=5545 ball=-41.01 vball=0.02 aball=-1.6 bref=0.00 pid=-36.2 pref=-144.6 ppos=-141.0 apid=-0.0 integ=-147.4 vision=1 current=1 vframe=20084 vs=1 vage=21 vpage=21 vdt=34 vmax=103 vacc=20063 vrej=0 seq=0 elapsed=0 oled=3C
[   9718] STATUS mode=3 fault=none enc=-178 denc=0 sreq=-30 sapplied=-30 crate=-30 uimp=-197095 upos=1200 uneg=5585 ball=-41.01 vball=0.01 aball=-1.6 bref=0.00 pid=-30.4 pref=-145.5 ppos=-142.4 apid=-0.0 integ=-148.1 vision=1 current=1 vframe=20085 vs=1 vage=26 vpage=26 vdt=35 vmax=103 vacc=20064 vrej=0 seq=0 elapsed=0 oled=3C
[   9734] STATUS mode=3 fault=none enc=-179 denc=1 sreq=100 sapplied=100 crate=100 uimp=-196890 upos=1205 uneg=5595 ball=-40.78 vball=1.98 aball=-1.6 bref=0.00 pid=100.0 pref=-126.1 ppos=-142.2 apid=-0.0 integ=-148.7 vision=1 current=1 vframe=20086 vs=1 vage=15 vpage=15 vdt=31 vmax=103 vacc=20065 vrej=0 seq=0 elapsed=0 oled=3C
[   9766] STATUS mode=3 fault=none enc=-177 denc=1 sreq=100 sapplied=100 crate=100 uimp=-194890 upos=1225 uneg=5595 ball=-40.70 vball=2.02 aball=8.1 bref=0.00 pid=100.0 pref=-126.3 ppos=-140.2 apid=0.0 integ=-149.4 vision=1 current=1 vframe=20087 vs=1 vage=1 vpage=1 vdt=34 vmax=103 vacc=20066 vrej=0 seq=0 elapsed=0 oled=3C
[   9797] STATUS mode=3 fault=none enc=-173 denc=1 sreq=37 sapplied=37 crate=37 uimp=-191195 upos=1265 uneg=5595 ball=-40.70 vball=1.44 aball=8.1 bref=0.00 pid=37.2 pref=-132.8 ppos=-136.5 apid=0.0 integ=-150.1 vision=1 current=1 vframe=20088 vs=1 vage=7 vpage=7 vdt=34 vmax=103 vacc=20067 vrej=0 seq=0 elapsed=0 oled=3C
[   9827] STATUS mode=3 fault=none enc=-173 denc=0 sreq=30 sapplied=30 crate=30 uimp=-190505 upos=1285 uneg=5595 ball=-40.70 vball=1.44 aball=8.1 bref=0.00 pid=30.3 pref=-132.8 ppos=-135.8 apid=0.0 integ=-150.1 vision=1 current=1 vframe=20088 vs=1 vage=27 vpage=27 vdt=34 vmax=103 vacc=20067 vrej=0 seq=0 elapsed=0 oled=3C
[   9843] STATUS mode=3 fault=none enc=-172 denc=0 sreq=-28 sapplied=-28 crate=-28 uimp=-190355 upos=1295 uneg=5600 ball=-40.71 vball=0.94 aball=8.1 bref=0.00 pid=-27.9 pref=-138.5 ppos=-135.7 apid=0.0 integ=-150.8 vision=1 current=1 vframe=20089 vs=1 vage=15 vpage=15 vdt=32 vmax=103 vacc=20068 vrej=0 seq=0 elapsed=0 oled=3C
[   9875] STATUS mode=3 fault=none enc=-173 denc=0 sreq=-57 sapplied=-57 crate=-57 uimp=-192165 upos=1295 uneg=5640 ball=-40.72 vball=0.54 aball=-2.2 bref=0.00 pid=-56.8 pref=-143.2 ppos=-137.5 apid=-0.0 integ=-151.5 vision=1 current=1 vframe=20090 vs=1 vage=21 vpage=21 vdt=34 vmax=103 vacc=20069 vrej=0 seq=0 elapsed=0 oled=3C
[   9907] STATUS mode=3 fault=none enc=-175 denc=-3 sreq=-75 sapplied=-75 crate=-75 uimp=-193370 upos=1295 uneg=5660 ball=-40.73 vball=0.31 aball=-2.2 bref=0.00 pid=-74.6 pref=-146.1 ppos=-138.7 apid=-0.0 integ=-152.1 vision=1 current=1 vframe=20091 vs=1 vage=8 vpage=8 vdt=33 vmax=103 vacc=20070 vrej=0 seq=0 elapsed=0 oled=3C
[   9938] STATUS mode=3 fault=none enc=-175 denc=0 sreq=-67 sapplied=-67 crate=-67 uimp=-196080 upos=1295 uneg=5700 ball=-40.73 vball=0.18 aball=-2.2 bref=0.00 pid=-67.2 pref=-148.1 ppos=-141.4 apid=-0.0 integ=-152.8 vision=1 current=1 vframe=20092 vs=1 vage=15 vpage=15 vdt=33 vmax=103 vacc=20071 vrej=0 seq=0 elapsed=0 oled=3C
[   9968] STATUS mode=3 fault=none enc=-178 denc=-1 sreq=-64 sapplied=-64 crate=-64 uimp=-197330 upos=1295 uneg=5720 ball=-40.73 vball=0.16 aball=-2.9 bref=0.00 pid=-63.6 pref=-149.0 ppos=-142.7 apid=-0.0 integ=-153.5 vision=1 current=1 vframe=20093 vs=1 vage=1 vpage=1 vdt=34 vmax=103 vacc=20072 vrej=0 seq=0 elapsed=0 oled=3C
[   9984] STATUS mode=3 fault=none enc=-180 denc=-2 sreq=-52 sapplied=-52 crate=-52 uimp=-198510 upos=1295 uneg=5740 ball=-40.73 vball=0.16 aball=-2.9 bref=0.00 pid=-51.8 pref=-149.0 ppos=-143.8 apid=-0.0 integ=-153.5 vision=1 current=1 vframe=20093 vs=1 vage=21 vpage=21 vdt=34 vmax=103 vacc=20072 vrej=0 seq=0 elapsed=0 oled=3C
[  10016] STATUS mode=3 fault=none enc=-180 denc=1 sreq=-40 sapplied=-40 crate=-40 uimp=-200430 upos=1295 uneg=5780 ball=-40.73 vball=0.15 aball=-2.9 bref=0.00 pid=-40.4 pref=-149.8 ppos=-145.8 apid=-0.0 integ=-154.2 vision=1 current=1 vframe=20094 vs=1 vage=28 vpage=28 vdt=33 vmax=103 vacc=20073 vrej=0 seq=0 elapsed=0 oled=3C
[  10047] STATUS mode=3 fault=none enc=-182 denc=0 sreq=-43 sapplied=-43 crate=-43 uimp=-201280 upos=1295 uneg=5800 ball=-40.73 vball=0.11 aball=-2.9 bref=0.00 pid=-42.8 pref=-150.9 ppos=-146.6 apid=-0.0 integ=-154.9 vision=1 current=1 vframe=20095 vs=1 vage=14 vpage=14 vdt=34 vmax=103 vacc=20074 vrej=0 seq=0 elapsed=0 oled=3C
[  10077] STATUS mode=3 fault=none enc=-184 denc=0 sreq=-46 sapplied=-46 crate=-46 uimp=-203135 upos=1295 uneg=5840 ball=-40.74 vball=-0.04 aball=-2.5 bref=0.00 pid=-46.1 pref=-153.1 ppos=-147.4 apid=-0.0 integ=-155.5 vision=1 current=1 vframe=20096 vs=1 vage=1 vpage=1 vdt=33 vmax=103 vacc=20075 vrej=0 seq=0 elapsed=0 oled=3C
[  10093] STATUS mode=3 fault=none enc=-185 denc=1 sreq=-52 sapplied=-52 crate=-52 uimp=-204070 upos=1295 uneg=5860 ball=-40.75 vball=-0.12 aball=-2.5 bref=0.00 pid=-51.8 pref=-154.6 ppos=-149.4 apid=-0.0 integ=-156.2 vision=1 current=1 vframe=20097 vs=1 vage=7 vpage=7 vdt=34 vmax=103 vacc=20076 vrej=0 seq=0 elapsed=0 oled=3C
[  10125] STATUS mode=3 fault=none enc=-187 denc=0 sreq=-42 sapplied=-42 crate=-42 uimp=-205030 upos=1295 uneg=5880 ball=-40.75 vball=-0.12 aball=-2.5 bref=0.00 pid=-42.2 pref=-154.6 ppos=-150.4 apid=-0.0 integ=-156.2 vision=1 current=1 vframe=20097 vs=1 vage=27 vpage=27 vdt=34 vmax=103 vacc=20076 vrej=0 seq=0 elapsed=0 oled=3C
[  10157] STATUS mode=3 fault=none enc=-190 denc=-1 sreq=-36 sapplied=-36 crate=-36 uimp=-206605 upos=1295 uneg=5920 ball=-40.75 vball=-0.08 aball=-1.6 bref=0.00 pid=-35.9 pref=-155.5 ppos=-151.9 apid=-0.0 integ=-157.6 vision=1 current=1 vframe=20099 vs=1 vage=1 vpage=1 vdt=33 vmax=103 vacc=20078 vrej=0 seq=0 elapsed=0 oled=3C
[  10188] STATUS mode=3 fault=none enc=-189 denc=0 sreq=-29 sapplied=-29 crate=-29 uimp=-207270 upos=1295 uneg=5940 ball=-40.75 vball=-0.08 aball=-1.6 bref=0.00 pid=-29.2 pref=-155.5 ppos=-152.6 apid=-0.0 integ=-157.6 vision=1 current=1 vframe=20099 vs=1 vage=21 vpage=21 vdt=33 vmax=103 vacc=20078 vrej=0 seq=0 elapsed=0 oled=3C
[  10218] STATUS mode=3 fault=none enc=-190 denc=1 sreq=-28 sapplied=-28 crate=-28 uimp=-207835 upos=1295 uneg=5960 ball=-40.75 vball=-0.06 aball=-1.6 bref=0.00 pid=-28.5 pref=-156.0 ppos=-153.2 apid=-0.0 integ=-158.3 vision=1 current=1 vframe=20100 vs=1 vage=7 vpage=7 vdt=34 vmax=103 vacc=20079 vrej=0 seq=0 elapsed=0 oled=3C
[  10234] STATUS mode=3 fault=none enc=-192 denc=0 sreq=-23 sapplied=-23 crate=-23 uimp=-208835 upos=1295 uneg=6000 ball=-40.75 vball=-0.04 aball=-1.6 bref=0.00 pid=-23.2 pref=-156.5 ppos=-154.2 apid=-0.0 integ=-158.9 vision=1 current=1 vframe=20101 vs=1 vage=14 vpage=14 vdt=33 vmax=103 vacc=20080 vrej=0 seq=0 elapsed=0 oled=3C
[  10266] STATUS mode=3 fault=none enc=-192 denc=0 sreq=-24 sapplied=-24 crate=-24 uimp=-209265 upos=1295 uneg=6020 ball=-40.75 vball=-0.02 aball=-0.6 bref=0.00 pid=-23.6 pref=-156.9 ppos=-154.6 apid=-0.0 integ=-159.6 vision=1 current=1 vframe=20102 vs=1 vage=1 vpage=1 vdt=33 vmax=103 vacc=20081 vrej=0 seq=0 elapsed=0 oled=3C
[  10297] STATUS mode=3 fault=none enc=-193 denc=0 sreq=0 sapplied=0 crate=0 uimp=-209700 upos=1295 uneg=6040 ball=-40.73 vball=0.16 aball=-0.6 bref=0.00 pid=0.0 pref=-155.8 ppos=-155.0 apid=-0.0 integ=-160.3 vision=1 current=1 vframe=20103 vs=1 vage=7 vpage=7 vdt=34 vmax=103 vacc=20082 vrej=0 seq=0 elapsed=0 oled=3C
[  10327] STATUS mode=3 fault=none enc=-193 denc=0 sreq=0 sapplied=0 crate=0 uimp=-209700 upos=1295 uneg=6040 ball=-40.73 vball=0.16 aball=-0.6 bref=0.00 pid=0.0 pref=-155.8 ppos=-155.0 apid=-0.0 integ=-160.3 vision=1 current=1 vframe=20103 vs=1 vage=27 vpage=27 vdt=34 vmax=103 vacc=20082 vrej=0 seq=0 elapsed=0 oled=3C
[  10343] STATUS mode=3 fault=none enc=-193 denc=0 sreq=0 sapplied=0 crate=-19 uimp=-209800 upos=1295 uneg=6045 ball=-40.73 vball=0.11 aball=-0.6 bref=0.00 pid=-18.7 pref=-157.0 ppos=-155.1 apid=-0.0 integ=-161.0 vision=1 current=1 vframe=20104 vs=1 vage=14 vpage=14 vdt=33 vmax=103 vacc=20083 vrej=0 seq=0 elapsed=0 oled=3C
[  10375] STATUS mode=3 fault=none enc=-193 denc=0 sreq=-26 sapplied=-26 crate=-26 uimp=-210380 upos=1295 uneg=6065 ball=-40.73 vball=0.05 aball=-0.0 bref=0.00 pid=-25.6 pref=-158.3 ppos=-155.7 apid=-0.0 integ=-161.7 vision=1 current=1 vframe=20105 vs=1 vage=21 vpage=21 vdt=33 vmax=103 vacc=20084 vrej=0 seq=0 elapsed=0 oled=3C
[  10407] STATUS mode=3 fault=none enc=-194 denc=-1 sreq=-30 sapplied=-30 crate=-30 uimp=-210905 upos=1295 uneg=6085 ball=-40.74 vball=0.02 aball=-0.0 bref=0.00 pid=-30.4 pref=-159.3 ppos=-156.2 apid=-0.0 integ=-162.3 vision=1 current=1 vframe=20106 vs=1 vage=7 vpage=7 vdt=34 vmax=103 vacc=20085 vrej=0 seq=0 elapsed=0 oled=3C
[  10438] STATUS mode=3 fault=none enc=-194 denc=0 sreq=-25 sapplied=-25 crate=-25 uimp=-211465 upos=1295 uneg=6105 ball=-40.74 vball=0.02 aball=-0.0 bref=0.00 pid=-24.8 pref=-159.3 ppos=-156.8 apid=-0.0 integ=-162.3 vision=1 current=1 vframe=20106 vs=1 vage=27 vpage=27 vdt=34 vmax=103 vacc=20085 vrej=0 seq=0 elapsed=0 oled=3C
[  10452] STATUS mode=3 fault=none enc=-195 denc=0 sreq=-30 sapplied=-30 crate=-30 uimp=-212505 upos=1295 uneg=6145 ball=-40.74 vball=0.00 aball=-0.2 bref=0.00 pid=-29.9 pref=-160.8 ppos=-157.8 apid=-0.0 integ=-163.7 vision=1 current=1 vframe=20108 vs=1 vage=1 vpage=1 vdt=33 vmax=103 vacc=20087 vrej=0 seq=0 elapsed=0 oled=3C
[  10484] STATUS mode=3 fault=none enc=-196 denc=1 sreq=-24 sapplied=-24 crate=-24 uimp=-213060 upos=1295 uneg=6165 ball=-40.74 vball=0.00 aball=-0.2 bref=0.00 pid=-24.3 pref=-160.8 ppos=-158.4 apid=-0.0 integ=-163.7 vision=1 current=1 vframe=20108 vs=1 vage=21 vpage=21 vdt=33 vmax=103 vacc=20087 vrej=0 seq=0 elapsed=0 oled=3C
[  10516] STATUS mode=3 fault=none enc=-198 denc=0 sreq=-21 sapplied=-21 crate=-21 uimp=-214035 upos=1295 uneg=6205 ball=-40.74 vball=0.00 aball=-0.2 bref=0.00 pid=-21.5 pref=-161.5 ppos=-159.4 apid=-0.0 integ=-164.4 vision=1 current=1 vframe=20109 vs=1 vage=27 vpage=27 vdt=34 vmax=103 vacc=20088 vrej=0 seq=0 elapsed=0 oled=3C
[  10547] STATUS mode=3 fault=none enc=-198 denc=0 sreq=-23 sapplied=-23 crate=-23 uimp=-214495 upos=1295 uneg=6225 ball=-40.74 vball=0.00 aball=-0.2 bref=0.00 pid=-23.4 pref=-162.2 ppos=-159.8 apid=-0.0 integ=-165.0 vision=1 current=1 vframe=20110 vs=1 vage=15 vpage=15 vdt=32 vmax=103 vacc=20089 vrej=0 seq=0 elapsed=0 oled=3C
[  10577] STATUS mode=3 fault=none enc=-199 denc=0 sreq=-25 sapplied=-25 crate=-25 uimp=-214925 upos=1295 uneg=6245 ball=-40.74 vball=0.01 aball=-0.1 bref=0.00 pid=-25.0 pref=-162.7 ppos=-160.2 apid=-0.0 integ=-165.7 vision=1 current=1 vframe=20111 vs=1 vage=1 vpage=1 vdt=34 vmax=103 vacc=20090 vrej=0 seq=0 elapsed=0 oled=3C
[  10593] STATUS mode=3 fault=none enc=-200 denc=0 sreq=0 sapplied=0 crate=0 uimp=-215490 upos=1295 uneg=6270 ball=-40.71 vball=0.24 aball=-0.1 bref=0.00 pid=0.0 pref=-161.1 ppos=-160.8 apid=-0.0 integ=-166.4 vision=1 current=1 vframe=20112 vs=1 vage=7 vpage=7 vdt=34 vmax=103 vacc=20091 vrej=0 seq=0 elapsed=0 oled=3C
[  10625] STATUS mode=3 fault=none enc=-200 denc=0 sreq=0 sapplied=0 crate=0 uimp=-215490 upos=1295 uneg=6270 ball=-40.71 vball=0.24 aball=-0.1 bref=0.00 pid=0.0 pref=-161.1 ppos=-160.8 apid=-0.0 integ=-166.4 vision=1 current=1 vframe=20112 vs=1 vage=27 vpage=27 vdt=34 vmax=103 vacc=20091 vrej=0 seq=0 elapsed=0 oled=3C
[  10657] STATUS mode=3 fault=none enc=-200 denc=0 sreq=0 sapplied=0 crate=-15 uimp=-215490 upos=1295 uneg=6270 ball=-40.71 vball=0.19 aball=-0.1 bref=0.00 pid=-14.7 pref=-162.3 ppos=-160.8 apid=-0.0 integ=-167.1 vision=1 current=1 vframe=20113 vs=1 vage=14 vpage=14 vdt=33 vmax=103 vacc=20092 vrej=0 seq=0 elapsed=0 oled=3C
[  10688] STATUS mode=3 fault=none enc=-200 denc=0 sreq=-25 sapplied=-25 crate=-25 uimp=-215915 upos=1295 uneg=6285 ball=-40.71 vball=0.11 aball=0.4 bref=0.00 pid=-25.3 pref=-163.8 ppos=-161.2 apid=0.0 integ=-167.8 vision=1 current=1 vframe=20114 vs=1 vage=20 vpage=20 vdt=34 vmax=103 vacc=20093 vrej=0 seq=0 elapsed=0 oled=3C
[  10702] STATUS mode=3 fault=none enc=-202 denc=-1 sreq=-32 sapplied=-32 crate=-32 uimp=-216440 upos=1295 uneg=6305 ball=-40.71 vball=0.06 aball=0.4 bref=0.00 pid=-31.8 pref=-164.9 ppos=-161.8 apid=0.0 integ=-168.5 vision=1 current=1 vframe=20115 vs=1 vage=7 vpage=7 vdt=33 vmax=103 vacc=20094 vrej=0 seq=0 elapsed=0 oled=3C
[  10734] STATUS mode=3 fault=none enc=-203 denc=0 sreq=-29 sapplied=-29 crate=-29 uimp=-217595 upos=1295 uneg=6345 ball=-40.71 vball=0.04 aball=0.4 bref=0.00 pid=-29.0 pref=-165.8 ppos=-162.9 apid=0.0 integ=-169.1 vision=1 current=1 vframe=20116 vs=1 vage=14 vpage=14 vdt=33 vmax=103 vacc=20095 vrej=0 seq=0 elapsed=0 oled=3C
[  10766] STATUS mode=3 fault=none enc=-203 denc=0 sreq=-32 sapplied=-32 crate=-32 uimp=-218135 upos=1295 uneg=6365 ball=-40.71 vball=0.02 aball=-0.2 bref=0.00 pid=-32.3 pref=-166.7 ppos=-163.5 apid=-0.0 integ=-169.8 vision=1 current=1 vframe=20117 vs=1 vage=1 vpage=1 vdt=33 vmax=103 vacc=20096 vrej=0 seq=0 elapsed=0 oled=3C
[  10797] STATUS mode=3 fault=none enc=-204 denc=1 sreq=-26 sapplied=-26 crate=-26 uimp=-218735 upos=1295 uneg=6385 ball=-40.71 vball=0.02 aball=-0.2 bref=0.00 pid=-26.3 pref=-166.7 ppos=-164.1 apid=-0.0 integ=-169.8 vision=1 current=1 vframe=20117 vs=1 vage=21 vpage=21 vdt=33 vmax=103 vacc=20096 vrej=0 seq=0 elapsed=0 oled=3C
[  10813] STATUS mode=3 fault=none enc=-206 denc=0 sreq=-23 sapplied=-23 crate=-23 uimp=-219795 upos=1295 uneg=6425 ball=-40.71 vball=0.01 aball=-0.2 bref=0.00 pid=-23.4 pref=-167.5 ppos=-165.1 apid=-0.0 integ=-170.5 vision=1 current=1 vframe=20118 vs=1 vage=28 vpage=28 vdt=33 vmax=103 vacc=20097 vrej=0 seq=0 elapsed=0 oled=3C
[  10843] STATUS mode=3 fault=none enc=-207 denc=0 sreq=-95 sapplied=-95 crate=-95 uimp=-221020 upos=1295 uneg=6445 ball=-40.79 vball=-0.75 aball=-0.2 bref=0.00 pid=-94.8 pref=-175.8 ppos=-166.3 apid=-0.0 integ=-171.1 vision=1 current=1 vframe=20119 vs=1 vage=15 vpage=15 vdt=33 vmax=103 vacc=20098 vrej=0 seq=0 elapsed=0 oled=3C
[  10875] STATUS mode=3 fault=none enc=-208 denc=0 sreq=-27 sapplied=-27 crate=-27 uimp=-223390 upos=1295 uneg=6485 ball=-40.76 vball=-0.24 aball=-1.3 bref=0.00 pid=-26.7 pref=-171.4 ppos=-168.7 apid=-0.0 integ=-171.8 vision=1 current=1 vframe=20120 vs=1 vage=21 vpage=21 vdt=34 vmax=103 vacc=20099 vrej=0 seq=0 elapsed=0 oled=3C
[  10907] STATUS mode=3 fault=none enc=-210 denc=-2 sreq=-42 sapplied=-42 crate=-42 uimp=-223990 upos=1295 uneg=6505 ball=-40.78 vball=-0.38 aball=-1.3 bref=0.00 pid=-41.7 pref=-173.5 ppos=-169.3 apid=-0.0 integ=-172.5 vision=1 current=1 vframe=20121 vs=1 vage=8 vpage=8 vdt=33 vmax=103 vacc=20100 vrej=0 seq=0 elapsed=0 oled=3C
[  10938] STATUS mode=3 fault=none enc=-209 denc=0 sreq=-34 sapplied=-34 crate=-34 uimp=-224770 upos=1295 uneg=6525 ball=-40.78 vball=-0.38 aball=-1.3 bref=0.00 pid=-33.9 pref=-173.5 ppos=-170.1 apid=-0.0 integ=-172.5 vision=1 current=1 vframe=20121 vs=1 vage=28 vpage=28 vdt=33 vmax=103 vacc=20100 vrej=0 seq=0 elapsed=0 oled=3C
[  10952] STATUS mode=3 fault=none enc=-211 denc=-1 sreq=50 sapplied=50 crate=50 uimp=-224315 upos=1320 uneg=6535 ball=-40.66 vball=0.62 aball=3.2 bref=0.00 pid=49.6 pref=-164.7 ppos=-169.6 apid=0.0 integ=-173.9 vision=1 current=1 vframe=20123 vs=1 vage=2 vpage=2 vdt=33 vmax=103 vacc=20102 vrej=0 seq=0 elapsed=0 oled=3C
[  10984] STATUS mode=3 fault=none enc=-209 denc=1 sreq=40 sapplied=40 crate=40 uimp=-223395 upos=1340 uneg=6535 ball=-40.66 vball=0.62 aball=3.2 bref=0.00 pid=40.4 pref=-164.7 ppos=-168.7 apid=0.0 integ=-173.9 vision=1 current=1 vframe=20123 vs=1 vage=22 vpage=22 vdt=33 vmax=103 vacc=20102 vrej=0 seq=0 elapsed=0 oled=3C
[  11016] STATUS mode=3 fault=none enc=-209 denc=0 sreq=24 sapplied=24 crate=24 uimp=-222700 upos=1360 uneg=6535 ball=-40.65 vball=0.59 aball=3.2 bref=0.00 pid=23.9 pref=-165.6 ppos=-168.0 apid=0.0 integ=-174.5 vision=1 current=1 vframe=20124 vs=1 vage=9 vpage=9 vdt=33 vmax=103 vacc=20103 vrej=0 seq=0 elapsed=0 oled=3C
[  11032] STATUS mode=3 fault=none enc=-208 denc=0 sreq=0 sapplied=0 crate=0 uimp=-222255 upos=1380 uneg=6535 ball=-40.64 vball=0.44 aball=3.2 bref=0.00 pid=0.0 pref=-167.8 ppos=-167.6 apid=0.0 integ=-175.2 vision=1 current=1 vframe=20125 vs=1 vage=15 vpage=15 vdt=34 vmax=103 vacc=20104 vrej=0 seq=0 elapsed=0 oled=3C
[  11063] STATUS mode=3 fault=none enc=-208 denc=0 sreq=0 sapplied=0 crate=0 uimp=-222255 upos=1380 uneg=6535 ball=-40.64 vball=0.44 aball=3.2 bref=0.00 pid=0.0 pref=-167.8 ppos=-167.6 apid=0.0 integ=-175.2 vision=1 current=1 vframe=20125 vs=1 vage=35 vpage=35 vdt=34 vmax=103 vacc=20104 vrej=0 seq=0 elapsed=0 oled=3C
[  11093] STATUS mode=3 fault=none enc=-209 denc=-2 sreq=-100 sapplied=-100 crate=-100 uimp=-223705 upos=1380 uneg=6565 ball=67 vball=0.12 aball=-0.4 bref=0.00 pid=-37.8 pref=-171.8 ppos=-168.0 apid=-0.0 integ=-175.9 vision=1 current=1 vframe=20126 vs=1 vage=20 vpage=20 vdt=35 vmax=103 vacc=20105 vrej=0 seq=0 elapsed=0 oled=3C
[  11125] STATUS mode=3 fault=none enc=-210 denc=-2 sreq=-100 sapplied=-100 crate=-100 uimp=-225705 upos=1380 uneg=6585 ball=-40.77 vball=-0.84 aball=-0.4 bref=0.00 pid=-100.0 pref=-182.2 ppos=-171.0 apid=-0.0 integ=-176.6 vision=1 current=1 vframe=20127 vs=1 vage=27 vpage=27 vdt=33 vmax=103 vacc=20106 vrej=0 seq=0 elapsed=0 oled=3C
[  11157] STATUS mode=3 fault=none enc=-212 denc=-2 sreq=-100 sapplied=-100 crate=-100 uimp=-227705 upos=1380 uneg=6605 ball=-40.81 vball=-1.01 aball=-0.4 bref=0.00 pid=-100.0 pref=-184.6 ppos=-173.0 apid=-0.0 integ=-177.3 vision=1 current=1 vframe=20128 vs=1 vage=15 vpage=15 vdt=32 vmax=103 vacc=20107 vrej=0 seq=0 elapsed=0 oled=3C
[  11172] STATUS mode=3 fault=none enc=-215 denc=0 sreq=-76 sapplied=-76 crate=-76 uimp=-231435 upos=1380 uneg=6645 ball=-40.84 vball=-0.92 aball=-5.0 bref=0.00 pid=-76.1 pref=-184.4 ppos=-176.8 apid=-0.0 integ=-177.9 vision=1 current=1 vframe=20129 vs=1 vage=22 vpage=22 vdt=33 vmax=103 vacc=20108 vrej=0 seq=0 elapsed=0 oled=3C
[  11202] STATUS mode=3 fault=none enc=-217 denc=0 sreq=-53 sapplied=-53 crate=-53 uimp=-232795 upos=1380 uneg=6665 ball=-40.85 vball=-0.75 aball=-5.0 bref=0.00 pid=-52.6 pref=-183.4 ppos=-178.1 apid=-0.0 integ=-178.6 vision=1 current=1 vframe=20130 vs=1 vage=8 vpage=8 vdt=34 vmax=103 vacc=20109 vrej=0 seq=0 elapsed=0 oled=3C
[  11234] STATUS mode=3 fault=none enc=-219 denc=0 sreq=-21 sapplied=-21 crate=-21 uimp=-234415 upos=1380 uneg=6705 ball==-40.85 vball=-0.75 aball=-5.0 bref=0.00 pid=-42.8 pref=-183.4 ppos=-179.1 apid=-0.0 integ=-178.6 vision=1 current=1 vframe=20130 vs=1 vage=28 vpage=28 vdt=34 vmax=103 vacc=20109 vrej=0 seq=0 elapsed=0 oled=3C
[  11266] STATUS mode=3 fault=none enc=-220 denc=0 sreq=0 sapplied=0 crate=0 uimp=-234620 upos=1380 uneg=6715 ball=-40.83 vball=-0.23 aball=0.3 bref=0.00 pid=0.0 pref=-179.5 ppos=-179.9 apid=0.0 integ=-180.0 vision=1 current=1 vframe=20132 vs=1 vage=2 vpage=2 vdt=33 vmax=103 vacc=20111 vrej=0 seq=0 elapsed=0 oled=3C
[  11282] STATUS mode=3 fault=none enc=-220 denc=0 sreq=0 sapplied=0 crate=0 uimp=-234620 upos=1380 uneg=6715 ball=-40.83 vball=-0.23 aball=0.3 bref=0.00 pid=0.0 pref=-179.5 ppos=-179.9 apid=0.0 integ=-180.0 vision=1 current=1 vframe=20132 vs=1 vage=22 vpage=22 vdt=33 vmax=103 vacc=20111 vrej=0 seq=0 elapsed=0 oled=3C
[  11313] STATUS mode=3 fault=none enc=-220 denc=0 sreq=50 sapplied=50 crate=50 uimp=-233485 upos=1400 uneg=6715 ball=-40.77 vball=0.40 aball=0.3 bref=0.00 pid=49.9 pref=-173.8 ppos=-178.8 apid=0.0 integ=-180.7 vision=1 current=1 vframe=20133 vs=1 vage=28 vpage=28 vdt=34 vmax=103 vacc=20112 vrej=0 seq=0 elapsed=0 oled=3C
[  11343] STATUS mode=3 fault=none enc=-219 denc=0 sreq=40 sapplied=40 crate=40 uimp=-232565 upos=1420 uneg=6715 ball=-40.75 vball=0.46 aball=0.3 bref=0.00 pid=40.2 pref=-173.9 ppos=-177.9 apid=0.0 integ=-181.3 vision=1 current=1 vframe=20134 vs=1 vage=15 vpage=15 vdt=33 vmax=103 vacc=20113 vrej=0 seq=0 elapsed=0 oled=3C
[  11375] STATUS mode=3 fault=none enc=-218 denc=0 sreq=28 sapplied=28 crate=28 uimp=-231820 upos=1440 uneg=6715 ball=-40.73 vball=0.48 aball=3.4 bref=0.00 pid=28.3 pref=-174.3 ppos=-177.1 apid=0.0 integ=-182.0 vision=1 current=1 vframe=20135 vs=1 vage=2 vpage=2 vdt=33 vmax=103 vacc=20114 vrej=0 seq=0 elapsed=0 oled=3C
[  11391] STATUS mode=3 fault=none enc=-217 denc=0 sreq=0 sapplied=0 crate=0 uimp=-230965 upos=1475 uneg=6715 ball=-40.72 vball=0.43 aball=3.4 bref=0.00 pid=0.0 pref=-175.5 ppos=-176.3 apid=0.0 integ=-182.7 vision=1 current=1 vframe=20136 vs=1 vage=8 vpage=8 vdt=34 vmax=103 vacc=20115 vrej=0 seq=0 elapsed=0 oled=3C
[  11422] STATUS mode=3 fault=none enc=-217 denc=0 sreq=0 sapplied=0 crate=0 uimp=-230965 upos=1475 uneg=6715 ball=-40.72 vball=0.43 aball=3.4 bref=0.00 pid=0.0 pref=-175.5 ppos=-176.3 apid=0.0 integ=-182.7 vision=1 current=1 vframe=20136 vs=1 vage=28 vpage=28 vdt=34 vmax=103 vacc=20115 vrej=0 seq=0 elapsed=0 oled=3C
[  11452] STATUS mode=3 fault=none enc=-217 denc=0 sreq=0 sapplied=0 crate=0 uimp=-230965 upos=1475 uneg=6715 ball=-40.72 vball=0.32 aball=3.4 bref=0.00 pid=0.0 pref=-177.3 ppos=-176.3 apid=0.0 integ=-183.4 vision=1 current=1 vframe=20137 vs=1 vage=15 vpage=15 vdt=33 vmax=103 vacc=20116 vrej=0 seq=0 elapsed=0 oled=3C
[  11484] STATUS mode=3 fault=none enc=-217 denc=0 sreq=-23 sapplied=-23 crate=-23 uimp=-231345 upos=1475 uneg=6730 ball=-40.72 vball=0.22 aball=0.7 bref=0.00 pid=-22.7 pref=-178.9 ppos=-176.7 apid=0.0 integ=-184.0 vision=1 current=1 vframe=20138 vs=1 vage=22 vpage=22 vdt=33 vmax=103 vacc=20117 vrej=0 seq=0 elapsed=0 oled=3C
[  11500] STATUS mode=3 fault=none enc=-218 denc=-1 sreq=-33 sapplied=-33 crate=-33 uimp=-231840 upos=1475 uneg=6750 ball=-40.72 vball=0.14 aball=0.7 bref=0.00 pid=-32.7 pref=-180.4 ppos=-177.2 apid=0.0 integ=-184.7 vision=1 current=1 vframe=20139 vs=1 vage=8 vpage=8 vdt=34 vmax=103 vacc=20118 vrej=0 seq=0 elapsed=0 oled=3C
[  11532] STATUS mode=3 fault=none enc=-218 denc=0 sreq=-27 sapplied=-27 crate=-27 uimp=-232445 upos=1475 uneg=6770 ball=-40.72 vball=0.14 aball=0.7 bref=0.00 pid=-26.6 pref=-180.4 ppos=-177.8 apid=0.0 integ=-184.7 vision=1 current=1 vframe=20139 vs=1 vage=28 vpage=28 vdt=34 vmax=103 vacc=20118 vrej=0 seq=0 elapsed=0 oled=3C
[  11563] STATUS mode=3 fault=none enc=-219 denc=0 sreq=-23 sapplied=-23 crate=-23 uimp=-232705 upos=1475 uneg=6780 ball=-40.69 vball=0.28 aball=0.7 bref=0.00 pid=-23.1 pref=-180.3 ppos=-178.0 apid=0.0 integ=-186.1 vision=1 current=1 vframe=20141 vs=1 vage=2 vpage=2 vdt=33 vmax=103 vacc=20120 vrej=0 seq=0 elapsed=0 oled=3C
[  11593] STATUS mode=3 fault=none enc=-219 denc=0 sreq=0 sapplied=0 crate=-19 uimp=-233135 upos=1475 uneg=6800 ball=-40.69 vball=0.28 aball=0.7 bref=0.00 pid=-18.8 pref=-180.3 ppos=-178.5 apid=0.0 integ=-186.1 vision=1 current=1 vframe=20141 vs=1 vage=22 vpage=22 vdt=33 vmax=103 vacc=20120 vrej=0 seq=0 elapsed=0 oled=3C
[  11609] STATUS mode=3 fault=none enc=-219 denc=0 sreq=-25 sapplied=-25 crate=-25 uimp=-233870 upos=1475 uneg=6825 ball=-40.69 vball=0.21 aball=0.7 bref=0.00 pid=-25.2 pref=-181.7 ppos=-179.2 apid=0.0 integ=-186.7 vision=1 current=1 vframe=20142 vs=1 vage=29 vpage=29 vdt=33 vmax=103 vacc=20121 vrej=0 seq=0 elapsed=0 oled=3C
[  11641] STATUS mode=3 fault=none enc=-220 denc=0 sreq=-33 sapplied=-33 crate=-33 uimp=-234475 upos=1475 uneg=6845 ball=-40.69 vball=0.14 aball=0.7 bref=0.00 pid=-33.0 pref=-183.1 ppos=-179.8 apid=0.0 integ=-187.4 vision=1 current=1 vframe=20143 vs=1 vage=15 vpage=15 vdt=34 vmax=103 vacc=20122 vrej=0 seq=0 elapsed=0 oled=3C
[  11672] STATUS mode=3 fault=none enc=-220 denc=0 sreq=-39 sapplied=-39 crate=-39 uimp=-235085 upos=1475 uneg=6865 ball=-40.69 vball=0.09 aball=-0.5 bref=0.00 pid=-38.7 pref=-184.3 ppos=-180.4 apid=-0.0 integ=-188.1 vision=1 current=1 vframe=20144 vs=1 vage=2 vpage=2 vdt=33 vmax=103 vacc=20123 vrej=0 seq=0 elapsed=0 oled=3C
[  11702] STATUS mode=3 fault=none enc=-223 denc=-2 sreq=-35 sapplied=-35 crate=-35 uimp=-236435 upos=1475 uneg=6905 ball=-40.69 vball=0.06 aball=-0.5 bref=0.00 pid=-35.1 pref=-185.3 ppos=-181.8 apid=-0.0 integ=-188.8 vision=1 current=1 vframe=20145 vs=1 vage=8 vpage=8 vdt=34 vmax=103 vacc=20124 vrej=0 seq=0 elapsed=0 oled=3C
[  11718] STATUS mode=3 fault=none enc=-222 denc=1 sreq=-29 sapplied=-29 crate=-29 uimp=-237085 upos=1475 uneg=6925 ball=-40.69 vball=0.06 aball=-0.5 bref=0.00 pid=-28.6 pref=-185.3 ppos=-182.4 apid=-0.0 integ=-188.8 vision=1 current=1 vframe=20145 vs=1 vage=28 vpage=28 vdt=34 vmax=103 vacc=20124 vrej=0 seq=0 elapsed=0 oled=3C
[  11750] STATUS mode=3 fault=none enc=-224 denc=0 sreq=-31 sapplied=-31 crate=-31 uimp=-237700 upos=1475 uneg=6945 ball=-40.69 vball=0.04 aball=-0.5 bref=0.00 pid=-31.1 pref=-186.1 ppos=-183.0 apid=-0.0 integ=-189.5 vision=1 current=1 vframe=20146 vs=1 vage=15 vpage=15 vdt=33 vmax=103 vacc=20125 vrej=0 seq=0 elapsed=0 oled=3C
[  11782] STATUS mode=3 fault=none enc=-225 denc=0 sreq=-28 sapplied=-28 crate=-28 uimp=-238910 upos=1475 uneg=6985 ball=-40.69 vball=0.02 aball=-0.6 bref=0.00 pid=-27.7 pref=-187.0 ppos=-184.2 apid=-0.0 integ=-190.1 vision=1 current=1 vframe=20147 vs=1 vage=22 vpage=22 vdt=33 vmax=103 vacc=20126 vrej=0 seq=0 elapsed=0 oled=3C
[  11813] STATUS mode=3 fault=none enc=-227 denc=-2 sreq=0 sapplied=0 crate=0 uimp=-239305 upos=1475 uneg=7000 ball=-40.66 vball=0.32 aball=-0.6 bref=0.00 pid=0.0 pref=-184.7 ppos=-184.6 apid=-0.0 integ=-190.8 vision=1 current=1 vframe=20148 vs=1 vage=8 vpage=8 vdt=34 vmax=103 vacc=20127 vrej=0 seq=0 elapsed=0 oled=3C
[  11827] STATUS mode=3 fault=none enc=-226 denc=0 sreq=0 sapplied=0 crate=0 uimp=-239305 upos=1475 uneg=7000 ball=-40.63 vball=0.48 aball=-0.6 bref=0.00 pid=0.0 pref=-183.7 ppos=-184.6 apid=-0.0 integ=-191.5 vision=1 current=1 vframe=20149 vs=1 vage=15 vpage=15 vdt=33 vmax=103 vacc=20128 vrej=0 seq=0 elapsed=0 oled=3C
[  11859] STATUS mode=3 fault=none enc=-226 denc=0 sreq=0 sapplied=0 crate=0 uimp=-239305 upos=1475 uneg=7000 ball=-40.62 vball=0.41 aball=1.4 bref=0.00 pid=0.0 pref=-185.1 ppos=-184.6 apid=0.0 integ=-192.2 vision=1 current=1 vframe=20150 vs=1 vage=1 vpage=1 vdt=34 vmax=103 vacc=20129 vrej=0 seq=0 elapsed=0 oled=3C
[  11891] STATUS mode=3 fault=none enc=-226 denc=0 sreq=0 sapplied=0 crate=0 uimp=-239305 upos=1475 uneg=7000 ball=-40.62 vball=0.41 aball=1.4 bref=0.00 pid=0.0 pref=-185.1 ppos=-184.6 apid=0.0 integ=-192.2 vision=1 current=1 vframe=20150 vs=1 vage=21 vpage=21 vdt=34 vmax=103 vacc=20129 vrej=0 seq=0 elapsed=0 oled=3C
[  11922] STATUS mode=3 fault=none enc=-226 denc=0 sreq=0 sapplied=0 crate=-18 uimp=-239305 upos=1475 uneg=7000 ball=-40.62 vball=0.34 aball=1.4 bref=0.00 pid=-18.2 pref=-186.4 ppos=-184.6 apid=0.0 integ=-192.9 vision=1 current=1 vframe=20151 vs=1 vage=28 vpage=28 vdt=33 vmax=103 vacc=20130 vrej=0 seq=0 elapsed=0 oled=3C
[  11938] STATUS mode=3 fault=none enc=-226 denc=0 sreq=-30 sapplied=-30 crate=-30 uimp=-239625 upos=1475 uneg=7010 ball=-40.61 vball=0.26 aball=1.4 bref=0.00 pid=-29.6 pref=-187.9 ppos=-184.9 apid=0.0 integ=-193.5 vision=1 current=1 vframe=20152 vs=1 vage=15 vpage=15 vdt=33 vmax=103 vacc=20131 vrej=0 seq=0 elapsed=0 oled=3C
[  11968] STATUS mode=3 fault=none enc=-227 denc=-1 sreq=-39 sapplied=-39 crate=-39 uimp=-240175 upos=1475 uneg=7030 ball=-40.61 vball=0.18 aball=-0.3 bref=0.00 pid=-38.8 pref=-189.4 ppos=-185.5 apid=-0.0 integ=-194.2 vision=1 current=1 vframe=20153 vs=1 vage=2 vpage=2 vdt=33 vmax=103 vacc=20132 vrej=0 seq=0 elapsed=0 oled=3C
[  12000] STATUS mode=3 fault=none enc=-230 denc=-2 sreq=-38 sapplied=-38 crate=-38 uimp=-241545 upos=1475 uneg=7070 ball=-40.62 vball=0.12 aball=-0.3 bref=0.00 pid=-38.1 pref=-190.7 ppos=-186.9 apid=-0.0 integ=-194.9 vision=1 current=1 vframe=20154 vs=1 vage=8 vpage=8 vdt=34 vmax=103 vacc=20133 vrej=0 seq=0 elapsed=0 oled=3C
[  12032] STATUS mode=3 fault=none enc=-229 denc=0 sreq=-31 sapplied=-31 crate=-31 uimp=-242250 upos=1475 uneg=7090 ball=-40.62 vball=0.12 aball=-0.3 bref=0.00 pid=-31.0 pref=-190.7 ppos=-187.6 apid=-0.0 integ=-194.9 vision=1 current=1 vframe=20154 vs=1 vage=28 vpage=28 vdt=34 vmax=103 vacc=20133 vrej=0 seq=0 elapsed=0 oled=3C
[  12047] STATUS mode=3 fault=none enc=-231 denc=0 sreq=-52 sapplied=-52 crate=-52 uimp=-243920 upos=1475 uneg=7130 ball=-40.64 vball=-0.12 aball=-1.5 bref=0.00 pid=-52.0 pref=-194.4 ppos=-189.2 apid=-0.0 integ=-196.2 vision=1 current=1 vframe=20156 vs=1 vage=2 vpage=2 vdt=33 vmax=103 vacc=20135 vrej=0 seq=0 elapsed=0 oled=3C
[  12077] STATUS mode=3 fault=none enc=-234 denc=-2 sreq=-42 sapplied=-42 crate=-42 uimp=-244885 upos=1475 uneg=7150 ball=-40.64 vball=-0.12 aball=-1.5 bref=0.00 pid=-42.3 pref=-194.4 ppos=-190.2 apid=-0.0 integ=-196.2 vision=1 current=1 vframe=20156 vs=1 vage=22 vpage=22 vdt=33 vmax=103 vacc=20135 vrej=0 seq=0 elapsed=0 oled=3C
[  12109] STATUS mode=3 fault=none enc=-234 denc=-1 sreq=-40 sapplied=-40 crate=-40 uimp=-245695 upos=1475 uneg=7170 ball=-40.64 vball=-0.11 aball=-1.5 bref=0.00 pid=-39.9 pref=-195.0 ppos=-191.0 apid=-0.0 integ=-196.9 vision=1 current=1 vframe=20157 vs=1 vage=9 vpage=9 vdt=33 vmax=103 vacc=20136 vrej=0 seq=0 elapsed=0 oled=3C
[  12141] STATUS mode=3 fault=none enc=-235 denc=0 sreq=-29 sapplied=-29 crate=-29 uimp=-247080 upos=1475 uneg=7210 ball=-40.64 vball=-0.07 aball=-1.5 bref=0.00 pid=-28.8 pref=-195.3 ppos=-192.4 apid=-0.0 integ=-197.6 vision=1 current=1 vframe=20158 vs=1 vage=16 vpage=16 vdt=33 vmax=103 vacc=20137 vrej=0 seq=0 elapsed=0 oled=3C
[  12172] STATUS mode=3 fault=none enc=-235 denc=0 sreq=-27 sapplied=-27 crate=-27 uimp=-247615 upos=1475 uneg=7230 ball=-40.64 vball=-0.04 aball=-0.5 bref=0.00 pid=-27.2 pref=-195.7 ppos=-192.9 apid=-0.0 integ=-198.3 vision=1 current=1 vframe=20159 vs=1 vage=3 vpage=3 vdt=33 vmax=103 vacc=20138 vrej=0 seq=0 elapsed=0 oled=3C
[  12188] STATUS mode=3 fault=none enc=-237 denc=0 sreq=-24 sapplied=-24 crate=-24 uimp=-248560 upos=1475 uneg=7270 ball=-40.64 vball=-0.03 aball=-0.5 bref=0.00 pid=-23.6 pref=-196.2 ppos=-193.9 apid=-0.0 integ=-198.9 vision=1 current=1 vframe=20160 vs=1 vage=9 vpage=9 vdt=34 vmax=10103 vacc=20138 vrej=0 seq=0 elapsed=0 oled=3C
[  12218] STATUS mode=3 fault=none enc=-238 denc=-1 sreq=0 sapplied=0 crate=-19 uimp=-248995 upos=1475 uneg=7290 ball=-40.64 vball=-0.03 aball=-0.5 bref=0.00 pid=-19.3 pref=-196.2 ppos=-194.3 apid=-0.0 integ=-198.9 vision=1 current=1 vframe=20160 vs=1 vage=29 vpage=29 vdt=34 vmax=103 vacc=20139 vrej=0 seq=0 elapsed=0 oled=3C
[  12250] STATUS mode=3 fault=none enc=-238 denc=0 sreq=-47 sapplied=-47 crate=-47 uimp=-249770 upos=1475 uneg=7305 ball=-40.67 vball=-0.31 aball=-0.5 bref=0.00 pid=-46.6 pref=-199.7 ppos=-195.1 apid=-0.0 integ=-199.6 vision=1 current=1 vframe=20161 vs=1 vage=16 vpage=16 vdt=33 vmax=103 vacc=20140 vrej=0 seq=0 elapsed=0 oled=3C
[  12282] STATUS mode=3 fault=none enc=-241 denc=-1 sreq=-36 sapplied=-36 crate=-36 uimp=-251465 upos=1475 uneg=7345 ball=-40.68 vball=-0.31 aball=-1.5 bref=0.00 pid=-36.5 pref=-200.4 ppos=-196.8 apid=-0.0 integ=-200.3 vision=1 current=1 vframe=20162 vs=1 vage=23 vpage=23 vdt=33 vmax=103 vacc=20141 vrej=0 seq=0 elapsed=0 oled=3C
[  12313] STATUS mode=3 fault=none enc=-241 denc=0 sreq=-30 sapplied=-30 crate=-30 uimp=-252140 upos=1475 uneg=7365 ball=-40.69 vball=-0.24 aball=-1.5 bref=0.00 pid=-29.8 pref=-200.4 ppos=-197.5 apid=-0.0 integ=-201.0 vision=1 current=1 vframe=20163 vs=1 vage=9 vpage=9 vdt=34 vmax=103 vacc=20142 vrej=0 seq=0 elapsed=0 oled=3C
[  12327] STATUS mode=3 fault=none enc=-242 denc=0 sreq=-24 sapplied=-24 crate=-24 uimp=-252695 upos=1475 uneg=7385 ball=-40.69 vball=-0.24 aball=-1.5 bref=0.00 pid=-24.2 pref=-200.4 ppos=-198.0 apid=-0.0 integ=-201.0 vision=1 current=1 vframe=20163 vs=1 vage=29 vpage=29 vdt=34 vmax=103 vacc=20142 vrej=0 seq=0 elapsed=0 oled=3C
[  12359] STATUS mode=3 fault=none enc=-243 denc=1 sreq=-20 sapplied=-20 crate=-20 uimp=-253130 upos=1475 uneg=7405 ball=-40.68 vball=-0.11 aball=0.1 bref=0.00 pid=-20.4 pref=-200.5 ppos=-198.5 apid=0.0 integ=-202.3 vision=1 current=1 vframe=20165 vs=1 vage=2 vpage=2 vdt=34 vmax=103 vacc=20144 vrej=0 seq=0 elapsed=0 oled=3C
[  12391] STATUS mode=3 fault=none enc=-243 denc=0 sreq=0 sapplied=0 crate=-19 uimp=-253230 upos=1475 uneg=7410 ball=-40.68 vball=-0.11 aball=0.1 bref=0.00 pid=-19.4 pref=-200.5 ppos=-198.6 apid=0.0 integ=-202.3 vision=1 current=1 vframe=20165 vs=1 vage=22 vpage=22 vdt=34 vmax=103 vacc=20144 vrej=0 seq=0 elapsed=0 oled=3C
[  12422] STATUS mode=3 fault=none enc=-243 denc=0 sreq=0 sapplied=0 crate=-19 uimp=-253545 upos=1475 uneg=7425 ball=-40.68 vball=-0.07 aball=0.1 bref=0.00 pid=-18.9 pref=-200.8 ppos=-198.9 apid=0.0 integ=-203.0 vision=1 current=1 vframe=20166 vs=1 vage=29 vpage=29 vdt=33 vmax=103 vacc=20145 vrej=0 seq=0 elapsed=0 oled=3C
[  12438] STATUS mode=3 fault=none enc=-243 denc=0 sreq=0 sapplied=0 crate=-19 uimp=-253865 upos=1475 uneg=7440 ball=-40.68 vball=-0.04 aball=0.1 bref=0.00 pid=-19.4 pref=-201.1 ppos=-199.2 apid=0.0 integ=-203.7 vision=1 current=1 vframe=20167 vs=1 vage=16 vpage=16 vdt=33 vmax=103 vacc=20146 vrej=0 seq=0 elapsed=0 oled=3C
[  12468] STATUS mode=3 fault=none enc=-243 denc=0 sreq=0 sapplied=0 crate=0 uimp=-253865 upos=1475 uneg=7440 ball=-40.65 vball=0.26 aball=1.7 bref=0.00 pid=0.0 pref=-198.8 ppos=-199.2 apid=0.0 integ=-204.4 vision=1 current=1 vframe=20168 vs=1 vage=3 vpage=3 vdt=33 vmax=103 vacc=20147 vrej=0 seq=0 elapsed=0 oled=3C
[  12500] STATUS mode=3 fault=none enc=-243 denc=0 sreq=0 sapplied=0 crate=12 uimp=-253865 upos=1475 uneg=7440 ball=-40.63 vball=0.40 aball=1.7 bref=0.00 pid=11.5 pref=-198.0 ppos=-199.2 apid=0.0 integ=-205.0 vision=1 current=1 vframe=20169 vs=1 vage=9 vpage=9 vdt=34 vmax=103 vacc=20148 vrej=0 seq=0 elapsed=0 oled=3C
[  12516] STATUS mode=3 fault=none enc=-243 denc=0 sreq=0 sapplied=0 crate=12 uimp=-253865 upos=1475 uneg=7440 ball=-40.63 vball=0.40 aball=1.7 bref=0.00 pid=11.5 pref=-198.0 ppos=-199.2 apid=0.0 integ=-205.0 vision=1 current=1 vframe=20169 vs=1 vage=29 vpage=29 vdt=34 vmax=103 vacc=20148 vrej=0 seq=0 elapsed=0 oled=3C
[  12547] STATUS mode=3 fault=none enc=-243 denc=0 sreq=0 sapplied=0 crate=0 uimp=-253865 upos=1475 uneg=7440 ball=-40.62 vball=0.34 aball=1.7 bref=0.00 pid=0.0 pref=-199.3 ppos=-199.2 apid=0.0 integ=-205.7 vision=1 current=1 vframe=20170 vs=1 vage=16 vpage=16 vdt=33 vmax=103 vacc=20149 vrej=0 seq=0 elapsed=0 oled=3C
[  12577] STATUS mode=3 fault=none enc=-243 denc=0 sreq=0 sapplied=0 crate=-17 uimp=-253865 upos=1475 uneg=7440 ball=-40.62 vball=0.25 aball=0.9 bref=0.00 pid=-16.9 pref=-200.9 ppos=-199.2 apid=0.0 integ=-206.4 vision=1 current=1 vframe=20171 vs=1 vage=22 vpage=22 vdt=34 vmax=103 vacc=20150 vrej=0 seq=0 elapsed=0 oled=3C
[  12609] STATUS mode=3 fault=none enc=-243 denc=0 sreq=-30 sapplied=-30 crate=-30 uimp=-254025 upos=1475 uneg=7445 ball=-40.62 vball=0.17 aball=0.9 bref=0.00 pid=-30.0 pref=-202.3 ppos=-199.3 apid=0.0 integ=-207.1 vision=1 current=1 vframe=20172 vs=1 vage=9 vpage=9 vdt=33 vmax=103 vacc=20151 vrej=0 seq=0 elapsed=0 oled=3C
[  12625] STATUS mode=3 fault=none enc=-244 denc=0 sreq=-24 sapplied=-24 crate=-24 uimp=-254585 upos=1475 uneg=7465 ball=-40.62 vball=0.17 aball=0.9 bref=0.00 pid=-24.4 pref=-202.3 ppos=-199.9 apid=0.0 integ=-207.1 vision=1 current=1 vframe=20172 vs=1 vage=29 vpage=29 vdt=33 vmax=103 vacc=20151 vrej=0 seq=0 elapsed=0 oled=3C
[  12657] STATUS mode=3 fault=none enc=-245 denc=0 sreq=0 sapplied=0 crate=-19 uimp=-255745 upos=1475 uneg=7505 ball=-40.60 vball=0.24 aball=0.5 bref=0.00 pid=-19.2 pref=-203.0 ppos=-201.1 apid=0.0 integ=-208.4 vision=1 current=1 vframe=20174 vs=1 vage=2 vpage=2 vdt=33 vmax=103 vacc=20153 vrej=0 seq=0 elapsed=0 oled=3C
[  12688] STATUS mode=3 fault=none enc=-246 denc=0 sreq=0 sapplied=0 crate=-19 uimp=-255745 upos=1475 uneg=7505 ball=-40.60 vball=0.24 aball=0.5 bref=0.00 pid=-19.2 pref=-203.0 ppos=-201.1 apid=0.0 integ=-208.4 vision=1 current=1 vframe=20174 vs=1 vage=22 vpage=22 vdt=33 vmax=103 vacc=20153 vrej=0 seq=0 elapsed=0 oled=3C
[  12718] STATUS mode=3 fault=none enc=-246 denc=0 sreq=-22 sapplied=-22 crate=-22 uimp=-256380 upos=1475 uneg=7530 ball=-40.60 vball=0.22 aball=0.5 bref=0.00 pid=-21.6 pref=-203.9 ppos=-201.7 apid=0.0 integ=-209.1 vision=1 current=1 vframe=20175 vs=1 vage=29 vpage=29 vdt=33 vmax=103 vacc=20154 vrej=0 seq=0 elapsed=0 oled=3C
[  12750] STATUS mode=3 fault=none enc=-247 denc=0 sreq=-28 sapplied=-28 crate=-28 uimp=-256895 upos=1475 uneg=7550 ball=-40.60 vball=0.17 aball=0.5 bref=0.00 pid=-28.3 pref=-205.0 ppos=-202.2 apid=0.0 integ=-209.8 vision=1 current=1 vframe=20176 vs=1 vage=15 vpage=15 vdt=34 vmax=103 vacc=20155 vrej=0 seq=0 elapsed=0 oled=3C
[  12766] STATUS mode=3 fault=none enc=-247 denc=0 sreq=-36 sapplied=-36 crate=-36 uimp=-257420 upos=1475 uneg=7570 ball=-40.60 vball=0.11 aball=-0.3 bref=0.00 pid=-35.6 pref=-206.3 ppos=-202.7 apid=-0.0 integ=-210.4 vision=1 current=1 vframe=20177 vs=1 vage=3 vpage=3 vdt=32 vmax=103 vacc=20156 vrej=0 seq=0 elapsed=0 oled=3C
[  12797] STATUS mode=3 fault=none enc=-250 denc=-1 sreq=-61 sapplied=-61 crate=-61 uimp=-258815 upos=1475 uneg=7610 ball=-40.63 vball=-0.21 aball=-0.3 bref=0.00 pid=-60.9 pref=-210.2 ppos=-204.1 apid=-0.0 integ=-211.1 vision=1 current=1 vframe=20178 vs=1 vage=9 vpage=9 vdt=34 vmax=103 vacc=20157 vrej=0 seq=0 elapsed=0 oled=3C
[  12827] STATUS mode=3 fault=none enc=-251 denc=0 sreq=-50 sapplied=-50 crate=-50 uimp=-259945 upos=1475 uneg=7630 ball=-40.63 vball=-0.21 aball=-0.3 bref=0.00 pid=-49.6 pref=-210.2 ppos=-205.3 apid=-0.0 integ=-211.1 vision=1 current=1 vframe=20178 vs=1 vage=29 vpage=29 vdt=34 vmax=103 vacc=20157 vrej=0 seq=0 elapsed=0 oled=3C
[  12859] STATUS mode=3 fault=none enc=-251 denc=0 sreq=-24 sapplied=-24 crate=-24 uimp=-260590 upos=1475 uneg=7650 ball=-40.61 vball=0.05 aball=-0.3 bref=0.00 pid=-23.6 pref=-208.3 ppos=-205.9 apid=-0.0 integ=-211.8 vision=1 current=1 vframe=20179 vs=1 vage=16 vpage=16 vdt=33 vmax=103 vacc=20158 vrej=0 seq=0 elapsed=0 oled=3C
[  12875] STATUS mode=3 fault=none enc=-252 denc=0 sreq=0 sapplied=0 crate=0 uimp=-261025 upos=1475 uneg=7670 ball=-40.58 vball=0.26 aball=0.5 bref=0.00 pid=0.0 pref=-206.8 ppos=-206.3 apid=0.0 integ=-212.5 vision=1 current=1 vframe=20180 vs=1 vage=21 vpage=21 vdt=35 vmax=103 vacc=20159 vrej=0 seq=0 elapsed=0 oled=3C
[  12907] STATUS mode=3 fault=none enc=-252 denc=0 sreq=100 sapplied=100 crate=100 uimp=-261025 upos=1475 uneg=7670 ball=-40.40 vball=1.74 aball=0.5 bref=0.00 pid=100.0 pref=-192.5 ppos=-206.3 apid=0.0 integ=-213.2 vision=1 current=1 vframe=20181 vs=1 vage=8 vpage=8 vdt=33 vmax=103 vacc=20160 vrej=0 seq=0 elapsed=0 oled=3C
[  12938] STATUS mode=3 fault=none enc=-249 denc=0 sreq=100 sapplied=100 crate=100 uimp=-257025 upos=1515 uneg=7670 ball=-40.28 vball=2.27 aball=0.5 bref=0.00 pid=100.0 pref=-187.7 ppos=-202.3 apid=0.0 integ=-213.8 vision=1 current=1 vframe=20182 vs=1 vage=15 vpage=15 vdt=33 vmax=103 vacc=20161 vrej=0 seq=0 elapsed=0 oled=3C
[  12968] STATUS mode=3 fault=none enc=-247 denc=-1 sreq=100 sapplied=100 crate=100 uimp=-255025 upos=1535 uneg=7670 ball=-40.22 vball=2.16 aball=8.8 bref=0.00 pid=100.0 pref=-189.4 ppos=-200.3 apid=0.0 integ=-214.5 vision=1 current=1 vframe=20183 vs=1 vage=1 vpage=1 vdt=34 vmax=103 vacc=20162 vrej=0 seq=0 elapsed=0 oled=3C
[  12984] STATUS mode=3 fault=none enc=-244 denc=0 sreq=90 sapplied=90 crate=90 uimp=-253060 upos=1555 uneg=7670 ball=-40.22 vball=2.16 aball=8.8 bref=0.00 pid=89.5 pref=-189.4 ppos=-198.4 apid=0.0 integ=-214.5 vision=1 current=1 vframe=20183 vs=1 vage=21 vpage=21 vdt=34 vmax=103 vacc=20162 vrej=0 seq=0 elapsed=0 oled=3C
[  13016] STATUS mode=3 fault=none enc=-240 denc=0 sreq=0 sapplied=0 crate=0 uimp=-251395 upos=1575 uneg=7670 ball=-40.21 vball=1.59 aball=8.8 bref=0.00 pid=0.0 pref=-195.9 ppos=-196.7 apid=0.0 integ=-215.3 vision=1 current=1 vframe=20184 vs=1 vage=21 vpage=21 vdt=40 vmax=103 vacc=20163 vrej=0 seq=0 elapsed=0 oled=3C
[  13047] STATUS mode=3 fault=none enc=-240 denc=0 sreq=-100 sapplied=0 crate=-100 uimp=-251395 upos=1575 uneg=7670 ball=-40.42 vball=-0.99 aball=8.8 bref=0.00 pid=-100.0 pref=-222.7 ppos=-196.7 apid=0.0 integ=-216.1 vision=1 current=1 vframe=20185 vs=1 vage=4 vpage=4 vdt=37 vmax=103 vacc=20164 vrej=0 seq=0 elapsed=0 oled=3C
[  13077] STATUS mode=3 fault=none enc=-242 denc=-2 sreq=-100 sapplied=-100 crate=-100 uimp=-252895 upos=1575 uneg=7685 ball=-40.53 vball=-1.60 aball=-14.0 bref=0.00 pid=-100.0 pref=-229.2 ppos=-198.2 apid=-0.0 integ=-216.3 vision=1 current=1 vframe=20186 vs=1 vage=11 vpage=11 vdt=13 vmax=103 vacc=20165 vrej=0 seq=0 elapsed=0 oled=3C
[  13109] STATUS mode=3 fault=none enc=-246 denc=-1 sreq=-100 sapplied=-100 crate=-100 uimp=-256895 upos=1575 uneg=7725 ball=-40.61 vball=-1.99 aball=-14.0 bref=0.00 pid=-100.0 pref=-233.8 ppos=-202.2 apid=-0.0 integ=-217.0 vision=1 current=1 vframe=20187 vs=1 vage=21 vpage=21 vdt=30 vmax=103 vacc=20166 vrej=0 seq=0 elapsed=0 oled=3C
[  13125] STATUS mode=3 fault=none enc=-249 denc=-2 sreq=-100 sapplied=-100 crate=-100 uimp=-258895 upos=1575 uneg=7745 ball=-40.63 vball=-1.57 aball=-14.0 bref=0.00 pid=-100.0 pref=-230.3 ppos=-204.2 apid=-0.0 integ=-217.6 vision=1 current=1 vframe=20188 vs=1 vage=10 vpage=10 vdt=31 vmax=103 vacc=20167 vrej=0 seq=0 elapsed=0 oled=3C
[  13157] STATUS mode=3 fault=none enc=-254 denc=-2 sreq=-100 sapplied=-100 crate=-100 uimp=-262895 upos=1575 uneg=7785 ball=-40.62 vball=-1.05 aball=-5.0 bref=0.00 pid=-100.0 pref=-225.7 ppos=-208.2 apid=-0.0 integ=-218.3 vision=1 current=1 vframe=20189 vs=1 vage=17 vpage=17 vdt=33 vmax=103 vacc=20168 vrej=0 seq=0 elapsed=0 oled=3C
[  13188] STATUS mode=3 fault=none enc=-256 denc=-1 sreq=-100 sapplied=-100 crate=-100 uimp=-264895 upos=1575 uneg=7805 ball=-40.61 vball=-0.67 aball=-5.0 bref=0.00 pid=-100.0 pref=-222.6 ppos=-210.2 apid=-0.0 integ=-218.9 vision=1 current=1 vframe=20190 vs=1 vage=5 vpage=5 vdt=32 vmax=103 vacc=20169 vrej=0 seq=0 elapsed=0 oled=3C
[  13218] STATUS mode=3 fault=none enc=-261 denc=-2 sreq=-89 sapplied=-89 crate=-89 uimp=-268855 upos=1575 uneg=7845 ball=-40.63 vball=-0.65 aball=-5.0 bref=0.00 pid=-88.9 pref=-223.1 ppos=-214.2 apid=-0.0 integ=-219.6 vision=1 current=1 vframe=20191 vs=1 vage=12 vpage=12 vdt=33 vmax=103 vacc=20170 vrej=0 seq=0 elapsed=0 oled=3C
[  13250] STATUS mode=3 fault=none enc=-262 denc=0 sreq=-72 sapplied=-72 crate=-72 uimp=-270500 upos=1575 uneg=7865 ball=-40.63 vball=-0.65 aball=-5.0 bref=0.00 pid=-72.4 pref=-223.1 ppos=-215.8 apid=-0.0 integ=-219.6 vision=1 current=1 vframe=20191 vs=1 vage=32 vpage=32 vdt=33 vmax=103 vacc=20170 vrej=0 seq=0 elapsed=0 oled=3C
[  13266] STATUS mode=3 fault=none enc=-264 denc=0 sreq=-74 sapplied=-74 crate=-74 uimp=-272090 upos=1575 uneg=7885 ball=-40.66 vball=-0.75 aball=-1.4 bref=0.00 pid=-73.8 pref=-224.8 ppos=-217.4 apid=-0.0 integ=-220.3 vision=1 current=1 vframe=20192 vs=1 vage=18 vpage=18 vdt=34 vmax=103 vacc=20171 vrej=0 seq=0 elapsed=0 oled=3C
[  13297] STATUS mode=3 fault=none enc=-267 denc=-1 sreq=-46 sapplied=-46 crate=-46 uimp=-274500 upos=1575 uneg=7925 ball=-40.68 vball=-0.64 aball=-1.4 bref=0.00 pid=-45.6 pref=-224.4 ppos=-219.8 apid=-0.0 integ=-220.9 vision=1 current=1 vframe=20193 vs=1 vage=25 vpage=25 vdt=33 vmax=103 vacc=20172 vrej=0 seq=0 elapsed=0 oled=3C
[  13327] STATUS mode=3 fault=none enc=-268 denc=1 sreq=0 sapplied=0 crate=0 uimp=-274945 upos=1575 uneg=7935 ball=-40.65 vball=-0.24 aball=-1.4 bref=0.00 pid=0.0 pref=-221.0 ppos=-220.3 apid=-0.0 integ=-221.6 vision=1 current=1 vframe=20194 vs=1 vage=12 vpage=12 vdt=33 vmax=103 vacc=20173 vrej=0 seq=0 elapsed=0 oled=3C
[  13359] STATUS mode=3 fault=none enc=-268 denc=0 sreq=0 sapplied=0 crate=0 uimp=-274945 upos=1575 uneg=7935 ball=-40.65 vball=-0.24 aball=-1.4 bref=0.00 pid=0.0 pref=-221.0 ppos=-220.3 apid=-0.0 integ=-221.6 vision=1 current=1 vframe=20194 vs=1 vage=32 vpage=32 vdt=33 vmax=103 vacc=20173 vrej=0 seq=0 elapsed=0 oled=3C
[  13375] STATUS mode=3 fault=none enc=-268 denc=0 sreq=0 sapplied=0 crate=12 uimp=-274945 upos=1575 uneg=7935 ball=-40.62 vball=0.09 aball=2.7 bref=0.00 pid=12.2 pref=-219.0 ppos=-220.3 apid=0.0 integ=-223.0 vision=1 current=1 vframe=20196 vs=1 vage=5 vpage=5 vdt=33 vmax=103 vacc=20175 vrej=0 seq=0 elapsed=0 oled=3C
[  13407] STATUS mode=3 fault=none enc=-268 denc=0 sreq=0 sapplied=0 crate=12 uimp=-274945 upos=1575 uneg=7935 ball=-40.62 vball=0.09 aball=2.7 bref=0.00 pid=12.2 pref=-219.0 ppos=-220.3 apid=0.0 integ=-223.0 vision=1 current=1 vframe=20196 vs=1 vage=25 vpage=25 vdt=33 vmax=103 vacc=20175 vrej=0 seq=0 elapsed=0 oled=3C
[  13438] STATUS mode=3 fault=none enc=-268 denc=0 sreq=0 sapplied=0 crate=0 uimp=-274945 upos=1575 uneg=7935 ball=-40.62 vball=0.08 aball=2.7 bref=0.00 pid=0.0 pref=-219.8 ppos=-220.3 apid=0.0 integ=-223.6 vision=1 current=1 vframe=20197 vs=1 vage=32 vpage=32 vdt=33 vmax=103 vacc=20176 vrej=0 seq=0 elapsed=0 oled=3C
[  13468] STATUS mode=3 fault=none enc=-268 denc=0 sreq=100 sapplied=100 crate=100 uimp=-273945 upos=1585 uneg=7935 ball=-40.38 vball=2.06 aball=10.7 bref=0.00 pid=100.0 pref=-200.4 ppos=-219.3 apid=0.0 integ=-224.3 vision=1 current=1 vframe=20198 vs=1 vage=18 vpage=18 vdt=34 vmax=103 vacc=20177 vrej=0 seq=0 elapsed=0 oled=3C
[  13484] STATUS mode=3 fault=none enc=-266 denc=-1 sreq=100 sapplied=100 crate=100 uimp=-271945 upos=1605 uneg=7935 ball=-40.31 vball=2.10 aball=10.7 bref=0.00 pid=100.0 pref=-200.6 ppos=-217.3 apid=0.0 integ=-225.0 vision=1 current=1 vframe=20199 vs=1 vage=5 vpage=5 vdt=33 vmax=103 vacc=20178 vrej=0 seq=0 elapsed=0 oled=3C
[  13516] STATUS mode=3 fault=none enc=-261 denc=0 sreq=73 sapplied=73 crate=73 uimp=-268155 upos=1645 uneg=7935 ball=-40.30 vball=1.61 aball=10.7 bref=0.00 pid=73.3 pref=-206.1 ppos=-213.5 apid=0.0 integ=-225.7 vision=1 current=1 vframe=20200 vs=1 vage=12 vpage=12 vdt=33 vmax=103 vacc=20179 vrej=0 seq=0 elapsed=0 oled=3C
[  13547] STATUS mode=3 fault=none enc=-260 denc=-1 sreq=60 sapplied=60 crate=60 uimp=-266795 upos=1665 uneg=7935 ball=-40.30 vball=1.61 aball=10.7 bref=0.00 pid=59.7 pref=-206.1 ppos=-212.1 apid=0.0 integ=-225.7 vision=1 current=1 vframe=20200 vs=1 vage=32 vpage=32 vdt=33 vmax=103 vacc=20179 vrej=0 seq=0 elapsed=0 oled=3C
[  13577] STATUS mode=3 fault=none enc=-259 denc=0 sreq=0 sapplied=0 crate=17 uimp=-266495 upos=1670 uneg=7935 ball=-40.28 vball=1.28 aball=2.3 bref=0.00 pid=17.3 pref=-210.1 ppos=-211.8 apid=0.0 integ=-226.3 vision=1 current=1 vframe=20201 vs=1 vage=19 vpage=19 vdt=33 vmax=103 vacc=20180 vrej=0 seq=0 elapsed=0 oled=3C
[  13593] STATUS mode=3 fault=none enc=-259 denc=0 sreq=-20 sapplied=-20 crate=-20 uimp=-266945 upos=1670 uneg=7955 ball=-40.28 vball=0.93 aball=2.3 bref=0.00 pid=-19.9 pref=-214.3 ppos=-212.3 apid=0.0 integ=-227.0 vision=1 current=1 vframe=20202 vs=1 vage=26 vpage=26 vdt=33 vmax=103 vacc=20181 vrej=0 seq=0 elapsed=0 oled=3C
[  13625] STATUS mode=3 fault=none enc=-260 denc=0 sreq=-50 sapplied=-50 crate=-50 uimp=-267590 upos=1670 uneg=7970 ball=-40.28 vball=0.63 aball=2.3 bref=0.00 pid=-50.3 pref=-217.9 ppos=-212.9 apid=0.0 integ=-227.7 vision=1 current=1 vframe=20203 vs=1 vage=12 vpage=12 vdt=34 vmax=103 vacc=20182 vrej=0 seq=0 elapsed=0 oled=3C
[  13657] STATUS mode=3 fault=none enc=-262 denc=-1 sreq=-9 sapplied=-69 crate=-69 uimp=-268520 upos=1670 uneg=7990 ball=-40.28 vball=0.41 aball=-2.7 bref=0.00 pid=-69.2 pref=-220.8 ppos=-213.8 apid=-0.0 integ=-228.3 vision=1 current=1 vframe=20204 vs=1 vage=1 vpage=1 vdt=31 vmax=103 vacc=20183 vrej=0 seq=0 elapsed=0 oled=3C
[  13688] STATUS mode=3 fault=none enc=-263 denc=0 sreq=-68 sapplied=-68 crate=-68 uimp=-270960 upos=1670 uneg=8030 ball=-40.29 vball=0.25 aball=-2.7 bref=0.00 pid=-67.6 pref=-223.0 ppos=-216.3 apid=-0.0 integ=-229.0 vision=1 current=1 vframe=20205 vs=1 vage=8 vpage=8 vdt=33 vmax=103 vacc=20184 vrej=0 seq=0 elapsed=0 oled=3C
[  13702] STATUS mode=3 fault=none enc=-266 denc=-2 sreq=-55 sapplied=-55 crate=-55 uimp=-272215 upos=1670 uneg=8050 ball=-40.29 vball=0.25 aball=-2.7 bref=0.00 pid=-55.0 pref=-223.0 ppos=-217.5 apid=-0.0 integ=-229.0 vision=1 current=1 vframe=20205 vs=1 vage=28 vpage=28 vdt=33 vmax=103 vacc=20184 vrej=0 seq=0 elapsed=0 oled=3C
[  13734] STATUS mode=3 fault=none enc=-267 denc=0 sreq=-46 sapplied=-46 crate=-46 uimp=-274165 upos=1670 uneg=8090 ball=-40.27 vball=0.28 aball=-2.1 bref=0.00 pid=-45.8 pref=-224.1 ppos=-219.5 apid=-0.0 integ=-230.3 vision=1 current=1 vframe=20207 vs=1 vage=1 vpage=1 vdt=33 vmax=103 vacc=20186 vrej=0 seq=0 elapsed=0 oled=3C
[  13766] STATUS mode=3 fault=none enc=-268 denc=0 sreq=-37 sapplied=-37 crate=-37 uimp=-275010 upos=1670 uneg=8110 ball=-40.27 vball=0.28 aball=-2.1 bref=0.00 pid=-37.3 pref=-224.1 ppos=-220.3 apid=-0.0 integ=-230.3 vision=1 current=1 vframe=20207 vs=1 vage=21 vpage=21 vdt=33 vmax=103 vacc=20186 vrej=0 seq=0 elapsed=0 oled=3C
[  13797] STATUS mode=3 fault=none enc=-270 denc=0 sreq=-42 sapplied=-42 crate=-42 uimp=-275765 upos=1670 uneg=8130 ball=-40.26 vball=0.22 aball=-2.1 bref=0.00 pid=-42.3 pref=-225.3 ppos=-221.1 apid=-0.0 integ=-231.0 vision=1 current=1 vframe=20208 vs=1 vage=8 vpage=8 vdt=33 vmax=103 vacc=20187 vrej=0 seq=0 elapsed=0 oled=3C
[  13813] STATUS mode=3 fault=none enc=-272 denc=-1 sreq=-41 sapplied=-41 crate=-41 uimp=-277325 upos=1670 uneg=8170 ball=-40.27 vball=0.15 aball=-2.1 bref=0.00 pid=-40.7 pref=-226.7 ppos=-222.6 apid=-0.0 integ=-231.7 vision=1 current=1 vframe=20209 vs=1 vage=14 vpage=14 vdt=34 vmax=103 vacc=20188 vrej=0 seq=0 elapsed=0 oled=3C
[  13843] STATUS mode=3 fault=none enc=-272 denc=0 sreq=-33 sapplied=-33 crate=-33 uimp=-278085 upos=1670 uneg=8190 ball=-40.27 vball=0.15 aball=-2.1 bref=0.00 pid=-33.1 pref=-226.7 ppos=-223.4 apid=-0.0 integ=-231.7 vision=1 current=1 vframe=20209 vs=1 vage=34 vpage=34 vdt=34 vmax=103 vacc=20188 vrej=0 seq=0 elapsed=0 oled=3C
[  13875] STATUS mode=3 fault=none enc=-275 denc=-1 sreq=-40 sapplied=-40 crate=-40 uimp=-279605 upos=1670 uneg=8230 ball=-40.27 vball=0.06 aball=-1.9 bref=0.00 pid=-40.2 pref=-228.9 ppos=-224.9 apid=-0.0 integ=-233.0 vision=1 current=1 vframe=20211 vs=1 vage=8 vpage=8 vdt=31 vmax=103 vacc=20190 vrej=0 seq=0 elapsed=0 oled=3C
[  13907] STATUS mode=3 fault=none enc=-275 denc=0 sreq=-33 sapplied=-33 crate=-33 uimp=-280345 upos=1670 uneg=8250 ball=-40.27 vball=0.06 aball=-1.9 bref=0.00 pid=-32.8 pref=-228.9 ppos=-225.7 apid=-0.0 integ=-233.0 vision=1 current=1 vframe=20211 vs=1 vage=28 vpage=28 vdt=31 vmax=103 vacc=20190 vrej=0 seq=0 elapsed=0 oled=3C
[  13938] STATUS mode=3 fault=none enc=-275 denc=0 sreq=-35 sapplied=-35 crate=-35 uimp=-281035 upos=1670 uneg=8270 ball=-40.27 vball=0.04 aball=-1.9 bref=0.00 pid=-34.5 pref=-229.8 ppos=-226.4 apid=-0.0 integ=-233.7 vision=1 current=1 vframe=20212 vs=1 vage=15 vpage=15 vdt=33 vmax=103 vacc=20191 vrej=0 seq=0 elapsed=0 oled=3C
[  13952] STATUS mode=3 fault=none enc=-277 denc=0 sreq=-30 sapplied=-30 crate=-30 uimp=-282365 upos=1670 uneg=8310 ball=-40.27 vball=0.02 aball=-1.4 bref=0.00 pid=-30.0 pref=-230.7 ppos=-227.7 apid=-0.0 integ=-234.3 vision=1 current=1 vframe=20213 vs=1 vage=21 vpage=21 vdt=34 vmax=103 vacc=20192 vrej=0 seq=0 elapsed=0 oled=3C
[  13984] STATUS mode=3 fault=none enc=-278 denc=-1 sreq=-32 sapplied=-32 crate=-32 uimp=-282960 upos=1670 uneg=8330 ball=-40.27 vball=0.01 aball=-1.4 bref=0.00 pid=-31.7 pref=-231.5 ppos=-228.3 apid=-0.0 integ=-235.0 vision=1 current=1 vframe=20214 vs=1 vage=8 vpage=8 vdt=33 vmax=103 vacc=20193 vrej=0 seq=0 elapsed=0 oled=3C
[  14016] STATUS mode=3 fault=none enc=-279 denc=0 sreq=-27 sapplied=-27 crate=-27 uimp=-284100 upos=1670 uneg=8370 ball=-40.27 vball=0.01 aball=-1.4 bref=0.00 pid=-27.2 pref=-232.1 ppos=-229.4 apid=-0.0 integ=-235.7 vision=1 current=1 vframe=20215 vs=1 vage=14 vpage=14 vdt=34 vmax=103 vacc=20194 vrej=0 seq=0 elapsed=0 oled=3C
[  14047] STATUS mode=3 fault=none enc=-280 denc=-1 sreq=-29 sapplied=-29 crate=-29 uimp=-284605 upos=1670 uneg=8390 ball=-40.27 vball=0.01 aball=-0.8 bref=0.00 pid=-28.8 pref=-232.8 ppos=-229.9 apid=-0.0 integ=-236.3 vision=1 current=1 vframe=20216 vs=1 vage=1 vpage=1 vdt=33 vmax=103 vacc=20195 vrej=0 seq=0 elapsed=0 oled=3C
[  14063] STATUS mode=3 fault=none enc=-280 denc=0 sreq=-23 sapplied=-23 crate=-23 uimp=-285140 upos=1670 uneg=8410 ball=-40.27 vball=0.01 aball=-0.8 bref=0.00 pid=-23.4 pref=-232.8 ppos=-230.5 apid=-0.0 integ=-236.3 vision=1 current=1 vframe=20216 vs=1 vage=21 vpage=21 vdt=33 vmax=103 vacc=20195 vrej=0 seq=0 elapsed=0 oled=3C
[  14093] STATUS mode=3 fault=none enc=-282 denc=0 sreq=-21 sapplied=-21 crate=-21 uimp=-286100 upos=1670 uneg=8450 ball=-40.27 vball=0.00 aball=-0.8 bref=0.00 pid=-21.5 pref=-233.6 ppos=-231.4 apid=-0.0 integ=-237.0 vision=1 current=1 vframe=20217 vs=1 vage=28 vpage=28 vdt=33 vmax=103 vacc=20196 vrej=0 seq=0 elapsed=0 oled=3C
[  14125] STATUS mode=3 fault=none enc=-282 denc=0 sreq=-24 sapplied=-24 crate=-24 uimp=-286560 upos=1670 uneg=8470 ball=-40.27 vball=0.00 aball=-0.8 bref=0.00 pid=-23.7 pref=-234.3 ppos=-231.9 apid=-0.0 integ=-237.7 vision=1 current=1 vframe=20218 vs=1 vage=14 vpage=14 vdt=34 vmax=103 vacc=20197 vrej=0 seq=0 elapsed=0 oled=3C
[  14157] STATUS mode=3 fault=none enc=-283 denc=0 sreq=0 sapplied=0 crate=-19 uimp=-287000 upos=1670 uneg=8490 ball=-40.27 vball=0.00 aball=-0.8 bref=0.00 pid=-19.3 pref=-234.3 ppos=-232.3 apid=-0.0 integ=-237.7 vision=1 current=1 vframe=20218 vs=1 vage=34 vpage=34 vdt=34 vmax=103 vacc=20197 vrej=0 seq=0 elapsed=0 oled=3C
[  14188] STATUS mode=3 fault=none enc=-284 denc=-1 sreq=-29 sapplied=-29 crate=-29 uimp=-287955 upos=1670 uneg=8525 ball=-40.28 vball=-0.06 aball=-0.7 bref=0.00 pid=-29.4 pref=-236.2 ppos=-233.3 apid=-0.0 integ=-239.0 vision=1 current=1 vframe=20220 vs=1 vage=7 vpage=7 vdt=33 vmax=103 vacc=20199 vrej=0 seq=0 elapsed=0 oled=3C
[  14202] STATUS mode=3 fault=none enc=-285 denc=-1 sreq=-24 sapplied=-24 crate=-24 uimp=-288500 upos=1670 uneg=8545 ball=-40.28 vball=-0.06 aball=-0.7 bref=0.00 pid=-23.9 pref=-236.2 ppos=-233.8 apid=-0.0 integ=-239.0 vision=1 current=1 vframe=20220 vs=1 vage=27 vpage=27 vdt=33 vmax=103 vacc=20199 vrej=0 seq=0 elapsed=0 oled=3C
[  14234] STATUS mode=3 fault=none enc=-286 denc=0 sreq=-20 sapplied=-20 crate=-20 uimp=-289455 upos=1670 uneg=8585 ball=-40.28 vball=-0.05 aball=-0.7 bref=0.00 pid=-20.0 pref=-236.8 ppos=-234.8 apid=-0.0 integ=-239.7 vision=1 current=1 vframe=20221 vs=1 vage=34 vpage=34 vdt=33 vmax=103 vacc=20200 vrej=0 seq=0 elapsed=0 oled=3C
[  14266] STATUS mode=3 fault=none enc=-286 denc=0 sreq=-21 sapplied=-21 crate=-21 uimp=-289910 upos=1670 uneg=8605 ball=-40.28 vball=-0.04 aball=-0.4 bref=0.00 pid=-21.3 pref=-237.4 ppos=-235.2 apid=-0.0 integ=-240.4 vision=1 current=1 vframe=20222 vs=1 vage=20 vpage=20 vdt=34 vmax=103 vacc=20201 vrej=0 seq=0 elapsed=0 oled=3C
[  14297] STATUS mode=3 fault=none enc=-287 denc=0 sreq=-34 sapplied=-34 crate=-34 uimp=-290295 upos=1670 uneg=8620 ball=-40.29 vball=-0.14 aball=-0.4 bref=0.00 pid=-34.2 pref=-239.0 ppos=-235.6 apid=-0.0 integ=-241.1 vision=1 current=1 vframe=20223 vs=1 vage=7 vpage=7 vdt=33 vmax=103 vacc=20202 vrej=0 seq=0 elapsed=0 oled=3C
[  14313] STATUS mode=3 fault=none enc=-288 denc=-1 sreq=-22 sapplied=-22 crate=-22 uimp=-291445 upos=1670 uneg=8660 ball=-40.29 vball=-0.07 aball=-0.4 bref=0.00 pid=-22.4 pref=-239.0 ppos=-236.8 apid=-0.0 integ=-241.7 vision=1 current=1 vframe=20224 vs=1 vage=14 vpage=14 vdt=33 vmax=103 vacc=20203 vrej=0 seq=0 elapsed=0 oled=3C
[  14343] STATUS mode=3 fault=none enc=-288 denc=0 sreq=0 sapplied=0 crate=-19 uimp=-291760 upos=1670 uneg=8675 ball=-40.29 vball=-0.07 aball=-0.4 bref=0.00 pid=-19.2 pref=-239.0 ppos=-237.1 apid=-0.0 integ=-241.7 vision=1 current=1 vframe=20224 vs=1 vage=34 vpage=34 vdt=33 vmax=103 vacc=20203 vrej=0 seq=0 elapsed=0 oled=3C
[  14375] STATUS mode=3 fault=none enc=-288 denc=0 sreq=-20 sapplied=-20 crate=-20 uimp=-291865 upos=1670 uneg=8680 ball=-40.28 vball=0.04 aball=0.1 bref=0.00 pid=-20.4 pref=-239.2 ppos=-237.2 apid=0.0 integ=-243.1 vision=1 current=1 vframe=20226 vs=1 vage=8 vpage=8 vdt=32 vmax=103 vacc=20205 vrej=0 seq=0 elapsed=0 oled=3C
[  14407] STATUS mode=3 fault=none enc=-288 denc=0 sreq=0 sapplied=0 crate=-19 uimp=-291965 upos=1670 uneg=8685 ball=-40.28 vball=0.04 aball=0.1 bref=0.00 pid=-19.4 pref=-239.2 ppos=-237.3 apid=0.0 integ=-243.1 vision=1 current=1 vframe=20226 vs=1 vage=28 vpage=28 vdt=32 vmax=103 vacc=20205 vrej=0 seq=0 elapsed=0 oled=3C
[  14438] STATUS mode=3 fault=none enc=-288 denc=0 sreq=-24 sapplied=-24 crate=-24 uimp=-292230 upos=1670 uneg=8695 ball=-40.28 vball=0.03 aball=0.1 bref=0.00 pid=-24.4 pref=-240.0 ppos=-237.6 apid=0.0 integ=-243.7 vision=1 current=1 vframe=20227 vs=1 vage=15 vpage=15 vdt=33 vmax=103 vacc=20206 vrej=0 seq=0 elapsed=0 oled=3C
[  14452] STATUS mode=3 fault=none enc=-289 denc=1 sreq=-22 sapplied=-22 crate=-22 uimp=-293175 upos=1670 uneg=8735 ball=-40.28 vball=0.03 aball=0.1 bref=0.00 pid=-21.8 pref=-240.7 ppos=-238.5 apid=0.0 integ=-244.4 vision=1 current=1 vframe=20228 vs=1 vage=21 vpage=21 vdt=34 vmax=103 vacc=20207 vrej=0 seq=0 elapsed=0 oled=3C
[  14484] STATUS mode=3 fault=none enc=-290 denc=0 sreq=-28 sapplied=-28 crate=-28 uimp=-293635 upos=1670 uneg=8755 ball=-40.28 vball=-0.01 aball=0.1 bref=0.00 pid=-27.8 pref=-241.7 ppos=-239.0 apid=0.0 integ=-245.1 vision=1 current=1 vframe=20229 vs=1 vage=8 vpage=8 vdt=33 vmax=103 vacc=20208 vrej=0 seq=0 elapsed=0 oled=3C
[  14516] STATUS mode=3 fault=none enc=-291 denc=0 sreq=-23 sapplied=-23 crate=-23 uimp=-294150 upos=1670 uneg=8775 ball=-40.28 vball=-0.01 aball=0.1 bref=0.00 pid=-22.7 pref=-241.7 ppos=-239.5 apid=0.0 integ=-245.1 vision=1 current=1 vframe=20229 vs=1 vage=28 vpage=28 vdt=33 vmax=103 vacc=20208 vrej=0 seq=0 elapsed=0 oled=3C
[  14547] STATUS mode=3 fault=none enc=-292 denc=-1 sreq=-24 sapplied=-24 crate=-24 uimp=-295145 upos=1670 uneg=8815 ball=-40.28 vball=0.01 aball=-0.0 bref=0.00 pid=-24.2 pref=-242.9 ppos=-240.5 apid=-0.0 integ=-246.4 vision=1 current=1 vframe=20231 vs=1 vage=1 vpage=1 vdt=34 vmax=103 vacc=20210 vrej=0 seq=0 elapsed=0 oled=3C
[  14563] STATUS mode=3 fault=none enc=-292 denc=0 sreq=-20 sapplied=-20 crate=-20 uimp=-295595 upos=1670 uneg=8835 ball=-40.28 vball=0.01 aball=-0.0 bref=0.00 pid=-19.7 pref=-242.9 ppos=-240.9 apid=-0.0 integ=-246.4 vision=1 current=1 vframe=20231 vs=1 vage=21 vpage=21 vdt=34 vmax=103 vacc=20210 vrej=0 seq=0 elapsed=0 oled=3C
[  14593] STATUS mode=3 fault=none enc=-293 denc=0 sreq=0 sapplied=0 crate=-19 uimp=-296250 upos=1670 uneg=8865 ball=-40.28 vball=0.02 aball=-0.0 bref=0.00 pid=-19.0 pref=-243.5 ppos=-241.6 apid=-0.0 integ=-247.1 vision=1 current=1 vframe=20232 vs=1 vage=27 vpage=27 vdt=34 vmax=103 vacc=20211 vrej=0 seq=0 elapsed=0 oled=3C
[  14625] STATUS mode=3 fault=none enc=-294 denc=0 sreq=0 sapplied=0 crate=-19 uimp=-296455 upos=1670 uneg=8875 ball=-40.27 vball=0.07 aball=-0.0 bref=0.00 pid=-18.7 pref=-243.6 ppos=-241.8 apid=-0.0 integ=-247.8 vision=1 current=1 vframe=20233 vs=1 vage=13 vpage=13 vdt=34 vmax=103 vacc=20212 vrej=0 seq=0 elapsed=0 oled=3C
[  14657] STATUS mode=3 fault=none enc=-294 denc=0 sreq=-22 sapplied=-22 crate=-22 uimp=-296455 upos=1670 uneg=8875 ball=-40.27 vball=0.10 aball=0.4 bref=0.00 pid=-22.1 pref=-244.0 ppos=-241.8 apid=0.0 integ=-248.4 vision=1 current=1 vframe=20234 vs=1 vage=1 vpage=1 vdt=32 vmax=103 vacc=20213 vrej=0 seq=0 elapsed=0 oled=3C
[  14672] STATUS mode=3 fault=none enc=-294 denc=0 sreq=-26 sapplied=-26 crate=-26 uimp=-296905 upos=1670 uneg=8895 ball=-40.26 vball=0.08 aball=0.4 bref=0.00 pid=-26.1 pref=-244.8 ppos=-242.2 apid=0.0 integ=-249.1 vision=1 current=1 vframe=20235 vs=1 vage=8 vpage=8 vdt=33 vmax=103 vacc=20214 vrej=0 seq=0 elapsed=0 oled=3C
[  14702] STATUS mode=3 fault=none enc=-294 denc=0 sreq=-21 sapplied=-21 crate=-21 uimp=-297390 upos=1670 uneg=8915 ball=-40.26 vball=0.08 aball=0.4 bref=0.00 pid=-21.3 pref=-244.8 ppos=-242.7 apid=0.0 integ=-249.1 vision=1 current=1 vframe=20235 vs=1 vage=28 vpage=28 vdt=33 vmax=103 vacc=20214 vrej=0 seq=0 elapsed=0 oled=3C
[  14734] STATUS mode=3 fault=none enc=-295 denc=0 sreq=-34 sapplied=-34 crate=-34 uimp=-297965 upos=1670 uneg=8935 ball=-40.27 vball=-0.04 aball=0.4 bref=0.00 pid=-34.3 pref=-246.7 ppos=-243.3 apid=0.0 integ=-249.8 vision=1 current=1 vframe=20236 vs=1 vage=15 vpage=15 vdt=33 vmax=103 vacc=20215 vrej=0 seq=0 elapsed=0 oled=3C
[  14766] STATUS mode=3 fault=none enc=-296 denc=0 sreq=-23 sapplied=-23 crate=-23 uimp=-299135 upos=1670 uneg=8975 ball=-40.27 vball=0.02 aball=-0.2 bref=0.00 pid=-23.3 pref=-246.8 ppos=-244.5 apid=-0.0 integ=-250.4 vision=1 current=1 vframe=20237 vs=1 vage=22 vpage=22 vdt=33 vmax=103 vacc=20216 vrej=0 seq=0 elapsed=0 oled=3C
[  14782] STATUS mode=3 fault=none enc=-297 denc=0 sreq=-24 sapplied=-24 crate=-24 uimp=-299595 upos=1670 uneg=8995 ball=-40.27 vball=0.03 aball=-0.2 bref=0.00 pid=-24.3 pref=-247.3 ppos=-244.9 apid=-0.0 integ=-251.1 vision=1 current=1 vframe=20238 vs=1 vage=9 vpage=9 vdt=33 vmax=103 vacc=20217 vrej=0 seq=0 elapsed=0 oled=3C
[  14813] STATUS mode=3 fault=none enc=-297 denc=0 sreq=-24 sapplied=-24 crate=-24 uimp=-300405 upos=1670 uneg=9030 ball=-40.27 vball=0.02 aball=-0.2 bref=0.00 pid=-24.0 pref=-248.1 ppos=-245.7 apid=-0.0 integ=-251.8 vision=1 current=1 vframe=20239 vs=1 vage=15 vpage=15 vdt=34 vmax=103 vacc=20218 vrej=0 seq=0 elapsed=0 oled=3C
[  14843] STATUS mode=3 fault=none enc=-298 denc=0 sreq=-26 sapplied=-26 crate=-26 uimp=-300855 upos=1670 uneg=9050 ball=-40.27 vball=0.02 aball=-0.1 bref=0.00 pid=-26.2 pref=-248.8 ppos=-246.2 apid=-0.0 integ=-252.4 vision=1 current=1 vframe=20240 vs=1 vage=2 vpage=2 vdt=33 vmax=103 vacc=20219 vrej=0 seq=0 elapsed=0 oled=3C
[  14875] STATUS mode=3 fault=none enc=-298 denc=1 sreq=-21 sapplied=-21 crate=-21 uimp=-301340 upos=1670 uneg=9070 ball=-40.27 vball=0.02 aball=-0.1 bref=0.00 pid=-21.3 pref=-248.8 ppos=-246.7 apid=-0.0 integ=-252.4 vision=1 current=1 vframe=20240 vs=1 vage=22 vpage=22 vdt=33 vmax=103 vacc=20219 vrej=0 seq=0 elapsed=0 oled=3C
[  14907] STATUS mode=3 fault=none enc=-299 denc=0 sreq=-21 sapplied=-21 crate=-21 uimp=-302155 upos=1670 uneg=9105 ball=-40.27 vball=0.01 aball=-0.1 bref=0.00 pid=-20.8 pref=-249.6 ppos=-247.5 apid=-0.0 integ=-253.1 vision=1 current=1 vframe=20241 vs=1 vage=29 vpage=29 vdt=33 vmax=103 vacc=20220 vrej=0 seq=0 elapsed=0 oled=3C
[  14922] STATUS mode=3 fault=none enc=-300 denc=-1 sreq=-23 sapplied=-23 crate=-23 uimp=-302610 upos=1670 uneg=9125 ball=-40.27 vball=0.01 aball=-0.1 bref=0.00 pid=-23.1 pref=-250.2 ppos=-247.9 apid=-0.0 integ=-253.8 vision=1 current=1 vframe=20242 vs=1 vage=15 vpage=15 vdt=34 vmax=103 vacc=20221 vrej=0 seq=0 elapsed=0 oled=3C
[  14952] STATUS mode=3 fault=none enc=-300 denc=0 sreq=0 sapplied=0 crate=-19 uimp=-303470 upos=1670 uneg=9165 ball=-40.26 vball=0.03 aball=-0.0 bref=0.00 pid=-19.0 pref=-250.7 ppos=-248.8 apid=-0.0 integ=-254.5 vision=1 current=1 vframe=20243 vs=1 vage=22 vpage=22 vdt=33 vmax=103 vacc=20222 vrej=0 seq=0 elapsed=0 oled=3C
[  14984] STATUS mode=3 fault=none enc=-301 denc=0 sreq=-22 sapplied=-22 crate=-22 uimp=-303590 upos=1670 uneg=9170 ball=-40.26 vball=0.05 aball=-0.0 bref=0.00 pid=-22.5 pref=-251.2 ppos=-248.9 apid=-0.0 integ=-255.1 vision=1 current=1 vframe=20244 vs=1 vage=9 vpage=9 vdt=33 vmax=103 vacc=20223 vrej=0 seq=0 elapsed=0 oled=3C
[  15016] STATUS mode=3 fault=none enc=-301 denc=0 sreq=0 sapplied=0 crate=-19 uimp=-303905 upos=1670 uneg=9185 ball=-40.26 vball=0.05 aball=-0.0 bref=0.00 pid=-19.3 pref=-251.2 ppos=-249.2 apid=-0.0 integ=-255.1 vision=1 current=1 vframe=20244 vs=1 vage=29 vpage=29 vdt=33 vmax=103 vacc=20223 vrej=0 seq=0 elapsed=0 oled=3C
[  15032] STATUS mode=3 fault=none enc=-302 denc=0 sreq=-28 sapplied=-28 crate=-28 uimp=-304625 upos=1670 uneg=9215 ball=-40.26 vball=0.03 aball=-0.0 bref=0.00 pid=-27.6 pref=-252.7 ppos=-249.9 apid=-0.0 integ=-256.5 vision=1 current=1 vframe=20246 vs=1 vage=2 vpage=2 vdt=33 vmax=103 vacc=20225 vrej=0 seq=0 elapsed=0 oled=3C
[  15063] STATUS mode=3 fault=none enc=-303 denc=0 sreq=-22 sapplied=-22 crate=-22 uimp=-305140 upos=1670 uneg=9235 ball=-40.26 vball=0.03 aball=-0.0 bref=0.00 pid=-22.5 pref=-252.7 ppos=-250.5 apid=-0.0 integ=-256.5 vision=1 current=1 vframe=20246 vs=1 vage=22 vpage=22 vdt=33 vmax=103 vacc=20225 vrej=0 seq=0 elapsed=0 oled=3C
[  15093] STATUS mode=3 fault=none enc=-303 denc=0 sreq=-26 sapplied=-26 crate=-26 uimp=-305590 upos=1670 uneg=9255 ball=-40.26 vball=0.02 aball=-0.0 bref=0.00 pid=-25.6 pref=-253.5 ppos=-250.9 apid=-0.0 integ=-257.1 vision=1 current=1 vframe=20247 vs=1 vage=9 vpage=9 vdt=33 vmax=103 vacc=20226 vrej=0 seq=0 elapsed=0 oled=3C
[  15125] STATUS mode=3 fault=none enc=-304 denc=0 sreq=-24 sapplied=-24 crate=-24 uimp=-306530 upos=1670 uneg=9295 ball=-40.26 vball=0.01 aball=-0.0 bref=0.00 pid=-24.1 pref=-254.3 ppos=-251.9 apid=-0.0 integ=-257.8 vision=1 current=1 vframe=20248 vs=1 vage=15 vpage=15 vdt=34 vmax=103 vacc=20227 vrej=0 seq=0 elapsed=0 oled=3C
[  15157] STATUS mode=3 fault=none enc=-304 denc=0 sreq=-26 sapplied=-26 crate=-26 uimp=-306980 upos=1670 uneg=9315 ball=-40.26 vball=0.01 aball=-0.1 bref=0.00 pid=-26.2 pref=-254.9 ppos=-252.3 apid=-0.0 integ=-258.5 vision=1 current=1 vframe=20249 vs=1 vage=2 vpage=2 vdt=33 vmax=103 vacc=20228 vrej=0 seq=0 elapsed=0 oled=3C
[  15172] STATUS mode=3 fault=none enc=-306 denc=1 sreq=-26 sapplied=-26 crate=-26 uimp=-307805 upos=1670 uneg=9350 ball=-40.26 vball=0.00 aball=-0.1 bref=0.00 pid=-25.6 pref=-255.7 ppos=-253.1 apid=-0.0 integ=-259.1 vision=1 current=1 vframe=20250 vs=1 vage=9 vpage=9 vdt=33 vmax=103 vacc=20229 vrej=0 seq=0 elapsed=0 oled=3C
[  15202] STATUS mode=3 fault=none enc=-307 denc=0 sreq=-21 sapplied=-21 crate=-21 uimp=-308280 upos=1670 uneg=9370 ball=-40.26 vball=0.00 aball=-0.1 bref=0.00 pid=-20.9 pref=-255.7 ppos=-253.6 apid=-0.0 integ=-259.1 vision=1 current=1 vframe=20250 vs=1 vage=29 vpage=29 vdt=33 vmax=103 vacc=20229 vrej=0 seq=0 elapsed=0 oled=3C
[  15234] STATUS mode=3 fault=none enc=-308 denc=-1 sreq=-23 sapplied=-23 crate=-23 uimp=-308740 upos=1670 uneg=9390 ball=-40.26 vball=0.00 aball=-0.1 bref=0.00 pid=-23.3 pref=-256.4 ppos=-254.1 apid=-0.0 integ=-259.8 vision=1 current=1 vframe=20251 vs=1 vage=14 vpage=14 vdt=35 vmax=103 vacc=20230 vrej=0 seq=0 elapsed=0 oled=3C
[  15266] STATUS mode=3 fault=none enc=-308 denc=0 sreq=-21 sapplied=-21 crate=-21 uimp=-309645 upos=1670 uneg=9430 ball=-40.26 vball=0.00 aball=-0.1 bref=0.00 pid=-20.9 pref=-257.1 ppos=-255.0 apid=-0.0 integ=-260.5 vision=1 current=1 vframe=20252 vs=1 vage=21 vpage=21 vdt=33 vmax=103 vacc=20231 vrej=0 seq=0 elapsed=0 oled=3C
[  15282] STATUS mode=3 fault=none enc=-309 denc=0 sreq=-24 sapplied=-24 crate=-24 uimp=-309975 upos=1670 uneg=9445 ball=-40.26 vball=0.00 aball=-0.1 bref=0.00 pid=-24.0 pref=-257.7 ppos=-255.3 apid=-0.0 integ=-261.2 vision=1 current=1 vframe=20253 vs=1 vage=9 vpage=9 vdt=32 vmax=103 vacc=20232 vrej=0 seq=0 elapsed=0 oled=3C
[  15313] STATUS mode=3 fault=none enc=-311 denc=0 sreq=-23 sapplied=-23 crate=-23 uimp=-310775 upos=1670 uneg=9480 ball=-40.26 vball=0.00 aball=-0.1 bref=0.00 pid=-23.3 pref=-258.4 ppos=-256.1 apid=-0.0 integ=-261.9 vision=1 current=1 vframe=20254 vs=1 vage=13 vpage=13 vdt=36 vmax=103 vacc=20233 vrej=0 seq=0 elapsed=0 oled=3C
[  15343] STATUS mode=3 fault=none enc=-311 denc=0 sreq=-29 sapplied=-29 crate=-29 uimp=-311205 upos=1670 uneg=9500 ball=-40.26 vball=-0.04 aball=-0.2 bref=0.00 pid=-29.4 pref=-259.5 ppos=-256.5 apid=-0.0 integ=-262.5 vision=1 current=1 vframe=20255 vs=1 vage=1 vpage=1 vdt=32 vmax=103 vacc=20234 vrej=0 seq=0 elapsed=0 oled=3C
[  15375] STATUS mode=3 fault=none enc=-312 denc=0 sreq=-24 sapplied=-24 crate=-24 uimp=-311750 upos=1670 uneg=9520 ball=-40.26 vball=-0.04 aball=-0.2 bref=0.00 pid=-24.0 pref=-259.5 ppos=-257.1 apid=-0.0 integ=-262.5 vision=1 current=1 vframe=20255 vs=1 vage=21 vpage=21 vdt=32 vmax=103 vacc=20234 vrej=0 seq=0 elapsed=0 oled=3C
[  15407] STATUS mode=3 fault=none enc=-313 denc=1 sreq=-21 sapplied=-21 crate=-21 uimp=-312710 upos=1670 uneg=9560 ball=-40.27 vball=-0.04 aball=-0.2 bref=0.00 pid=-21.1 pref=-260.1 ppos=-258.0 apid=-0.0 integ=-263.2 vision=1 current=1 vframe=20256 vs=1 vage=28 vpage=28 vdt=33 vmax=103 vacc=20235 vrej=0 seq=0 elapsed=0 oled=3C
[  15422] STATUS mode=3 fault=none enc=-313 denc=0 sreq=-22 sapplied=-22 crate=-22 uimp=-313155 upos=1670 uneg=9580 ball=-40.27 vball=-0.03 aball=-0.2 bref=0.00 pid=-22.3 pref=-260.7 ppos=-258.5 apid=-0.0 integ=-263.9 vision=1 current=1 vframe=20257 vs=1 vage=15 vpage=15 vdt=33 vmax=103 vacc=20236 vrej=0 seq=0 elapsed=0 oled=3C
[  15452] STATUS mode=3 fault=none enc=-314 denc=0 sreq=-20 sapplied=-20 crate=-20 uimp=-313930 upos=1670 uneg=9615 ball=-40.27 vball=-0.02 aball=-0.0 bref=0.00 pid=-20.2 pref=-261.3 ppos=-259.3 apid=-0.0 integ=-264.5 vision=1 current=1 vframe=20258 vs=1 vage=22 vpage=22 vdt=33 vmax=3 vacc=20237 vrej=0 seq=0 elapsed=0 oled=3C
[  15484] STATUS mode=3 fault=none enc=-315 denc=0 sreq=-55 sapplied=-55 crate=-55 uimp=-314315 upos=1670 uneg=9625 ball=-40.30 vball=-0.33 aball=-0.0 bref=0.00 pid=-54.6 pref=-265.1 ppos=-259.6 apid=-0.0 integ=-265.2 vision=1 current=1 vframe=20259 vs=1 vage=8 vpage=8 vdt=34 vmax=103 vacc=20238 vrej=0 seq=0 elapsed=0 oled=3C
[  15516] STATUS mode=3 fault=none enc=-317 denc=-2 sreq=-44 sapplied=-44 crate=-44 uimp=-315330 upos=1670 uneg=9645 ball=-40.30 vball=-0.33 aball=-0.0 bref=0.00 pid=-44.4 pref=-265.1 ppos=-260.7 apid=-0.0 integ=-265.2 vision=1 current=1 vframe=20259 vs=1 vage=28 vpage=28 vdt=34 vmax=103 vacc=20238 vrej=0 seq=0 elapsed=0 oled=3C
[  15532] STATUS mode=3 fault=none enc=-319 denc=0 sreq=-33 sapplied=-33 crate=-33 uimp=-317000 upos=1670 uneg=9685 ball=-40.32 vball=-0.25 aball=-1.0 bref=0.00 pid=-33.5 pref=-265.7 ppos=-262.3 apid=-0.0 integ=-266.6 vision=1 current=1 vframe=20261 vs=1 vage=1 vpage=1 vdt=34 vmax=103 vacc=20240 vrej=0 seq=0 elapsed=0 oled=3C
[  15563] STATUS mode=3 fault=none enc=-319 denc=1 sreq=-27 sapplied=-27 crate=-27 uimp=-317620 upos=1670 uneg=9705 ball=-40.32 vball=-0.25 aball=-1.0 bref=0.00 pid=-27.3 pref=-265.7 ppos=-262.9 apid=-0.0 integ=-266.6 vision=1 current=1 vframe=20261 vs=1 vage=21 vpage=21 vdt=34 vmax=103 vacc=20240 vrej=0 seq=0 elapsed=0 oled=3C
[  15593] STATUS mode=3 fault=none enc=-320 denc=0 sreq=-21 sapplied=-21 crate=-21 uimp=-318120 upos=1670 uneg=9725 ball=-40.31 vball=-0.17 aball=-1.0 bref=0.00 pid=-20.8 pref=-265.5 ppos=-263.4 apid=-0.0 integ=-267.2 vision=1 current=1 vframe=20268 vs=1 vage=8 vpage=8 vdt=33 vmax=103 vacc=20247 vrej=0 seq=0 elapsed=0 oled=3C
[  15625] STATUS mode=3 fault=none enc=-321 denc=0 sreq=0 sapplied=0 crate=-19 uimp=-318325 upos=1670 uneg=9735 ball=-40.31 vball=-0.11 aball=-1.0 bref=0.00 pid=-19.4 pref=-265.6 ppos=-263.6 apid=-0.0 integ=-267.9 vision=1 current=1 vframe=20269 vs=1 vage=15 vpage=15 vdt=33 vmax=103 vacc=20248 vrej=0 seq=0 elapsed=0 oled=3C
[  15641] STATUS mode=3 fault=none enc=-321 denc=0 sreq=-22 sapplied=-22 crate=-22 uimp=-318325 upos=1670 uneg=9735 ball=-40.31 vball=-0.07 aball=0.2 bref=0.00 pid=-22.3 pref=-265.9 ppos=-263.6 apid=0.0 integ=-268.6 vision=1 current=1 vframe=20270 vs=1 vage=1 vpage=1 vdt=34 vmax=103 vacc=20249 vrej=0 seq=0 elapsed=0 oled=3C
[  15672] STATUS mode=3 fault=none enc=-321 denc=0 sreq=-22 sapplied=-22 crate=-22 uimp=-318755 upos=1670 uneg=9755 ball=-40.31 vball=-0.04 aball=0.2 bref=0.00 pid=-21.6 pref=-266.2 ppos=-264.1 apid=0.0 integ=-269.2 vision=1 current=1 vframe=20271 vs=1 vage=8 vpage=8 vdt=33 vmax=103 vacc=20250 vrej=0 seq=0 elapsed=0 oled=3C
[  15702] STATUS mode=3 fault=none enc=-321 denc=0 sreq=0 sapplied=0 crate=-19 uimp=-318970 upos=1670 uneg=9765 ball=-40.31 vball=-0.04 aball=0.2 bref=0.00 pid=-19.5 pref=-266.2 ppos=-264.3 apid=0.0 integ=-269.2 vision=1 current=1 vframe=20271 vs=1 vage=28 vpage=28 vdt=33 vmax=103 vacc=20250 vrej=0 seq=0 elapsed=0 oled=3C
[  15734] STATUS mode=3 fault=none enc=-321 denc=0 sreq=-23 sapplied=-23 crate=-23 uimp=-319215 upos=1670 uneg=9775 ball=-40.31 vball=-0.03 aball=0.2 bref=0.00 pid=-22.7 pref=-266.8 ppos=-264.5 apid=0.0 integ=-269.9 vision=1 current=1 vframe=20272 vs=1 vage=15 vpage=15 vdt=33 vmax=103 vacc=20251 vrej=0 seq=0 elapsed=0 oled=3C
[  15766] STATUS mode=3 fault=none enc=-322 denc=1 sreq=-21 sapplied=-21 crate=-21 uimp=-320010 upos=1670 uneg=9810 ball=-40.31 vball=-0.02 aball=0.4 bref=0.00 pid=-20.6 pref=-267.4 ppos=-265.3 apid=0.0 integ=-270.6 vision=1 current=1 vframe=20273 vs=1 vage=21 vpage=21 vdt=34 vmax=103 vacc=20252 vrej=0 seq=0 elapsed=0 oled=3C
[  15782] STATUS mode=3 fault=none enc=-324 denc=0 sreq=-23 sapplied=-23 crate=-23 uimp=-320335 upos=1670 uneg=9825 ball=-40.31 vball=-0.01 aball=0.4 bref=0.00 pid=-23.0 pref=-268.0 ppos=-265.7 apid=0.0 integ=-271.2 vision=1 current=1 vframe=20274 vs=1 vage=8 vpage=8 vdt=33 vmax=103 vacc=20253 vrej=0 seq=0 elapsed=0 oled=3C
[  15813] STATUS mode=3 fault=none enc=-324 denc=0 sreq=0 sapplied=0 crate=-19 uimp=-320765 upos=1670 uneg=9845 ball=-40.31 vball=-0.01 aball=0.4 bref=0.00 pid=-18.7 pref=-268.0 ppos=-266.1 apid=0.0 integ=-271.2 vision=1 current=1 vframe=20274 vs=1 vage=28 vpage=28 vdt=33 vmax=103 vacc=20253 vrej=0 seq=0 elapsed=0 oled=3C
[  15843] STATUS mode=3 fault=none enc=-325 denc=0 sreq=-34 sapplied=-34 crate=-34 uimp=-321765 upos=1670 uneg=9875 ball=-40.33 vball=-0.13 aball=-0.3 bref=0.00 pid=-34.2 pref=-270.5 ppos=-267.1 apid=-0.0 integ=-272.6 vision=1 current=1 vframe=20276 vs=1 vage=2 vpage=2 vdt=33 vmax=103 vacc=20255 vrej=0 seq=0 elapsed=0 oled=3C
[  15875] STATUS mode=3 fault=none enc=-326 denc=1 sreq=-28 sapplied=-28 crate=-28 uimp=-322400 upos=1670 uneg=9895 ball=-40.33 vball=-0.13 aball=-0.3 bref=0.00 pid=-27.9 pref=-270.5 ppos=-267.7 apid=-0.0 integ=-272.6 vision=1 current=1 vframe=20276 vs=1 vage=22 vpage=22 vdt=33 vmax=103 vacc=20255 vrej=0 seq=0 elapsed=0 oled=3C
[  15891] STATUS mode=3 fault=none enc=-327 denc=1 sreq=-21 sapplied=-21 crate=-21 uimp=-323425 upos=1670 uneg=9935 ball=-40.33 vball=-0.10 aball=-0.3 bref=0.00 pid=-21.5 pref=-270.9 ppos=-268.7 apid=-0.0 integ=-273.3 vision=1 current=1 vframe=20277 vs=1 vage=28 vpage=28 vdt=34 vmax=103 vacc=20256 vrej=0 seq=0 elapsed=0 oled=3C
[  15922] STATUS mode=3 fault=none enc=-328 denc=0 sreq=-21 sapplied=-21 crate=-21 uimp=-323855 upos=1670 uneg=9955 ball=-40.33 vball=-0.07 aball=-0.3 bref=0.00 pid=-21.0 pref=-271.3 ppos=-269.2 apid=-0.0 integ=-274.0 vision=1 current=1 vframe=20278 vs=1 vage=14 vpage=14 vdt=34 vmax=103 vacc=20257 vrej=0 seq=0 elapsed=0 oled=3C
[  15952] STATUS mode=3 fault=none enc=-329 denc=0 sreq=-23 sapplied=-23 crate=-23 uimp=-324060 upos=1670 uneg=9965 ball=-40.33 vball=-0.04 aball=0.2 bref=0.00 pid=-22.6 pref=-271.6 ppos=-269.4 apid=0.0 integ=-274.6 vision=1 current=1 vframe=20279 vs=1 vage=1 vpage=1 vdt=33 vmax=103 vacc=20258 vrej=0 seq=0 elapsed=0 oled=3C
[  15984] STATUS mode=3 fault=none enc=-329 denc=0 sreq=-24 sapplied=-24 crate=-24 uimp=-324505 upos=1670 uneg=9985 ball=-40.33 vball=-0.03 aball=0.2 bref=0.00 pid=-23.8 pref=-272.2 ppos=-269.8 apid=0.0 integ=-275.3 vision=1 current=1 vframe=20280 vs=1 vage=8 vpage=8 vdt=33 vmax=103 vacc=20259 vrej=0 seq=0 elapsed=0 oled=3C
[  16000] STATUS mode=3 fault=none enc=-329 denc=0 sreq=0 sapplied=0 crate=-19 uimp=-324945 upos=1670 uneg=10005 ball=-40.33 vball=-0.03 aball=0.2 bref=0.00 pid=-19.4 pref=-272.2 ppos=-270.3 apid=0.0 integ=-275.3 vision=1 current=1 vframe=20280 vs=1 vage=28 vpage=28 vdt=33 vmax=103 vacc=20259 vrej=0 seq=0 elapsed=0 oled=3C
[  16032] STATUS mode=3 fault=none enc=-330 denc=0 sreq=0 sapplied=0 crate=-19 uimp=-325620 upos=1670 uneg=10035 ball=-40.33 vball=-0.02 aball=0.2 bref=0.00 pid=-18.5 pref=-272.8 ppos=-270.9 apid=0.0 integ=-276.0 vision=1 current=1 vframe=20281 vs=1 vage=34 vpage=34 vdt=34 vmax=103 vacc=20260 vrej=0 seq=0 elapsed=0 oled=3C
[  16063] STATUS mode=3 fault=none enc=-332 denc=0 sreq=-21 sapplied=-21 crate=-21 uimp=-325965 upos=1670 uneg=10050 ball=-40.33 vball=-0.01 aball=0.3 bref=0.00 pid=-21.0 pref=-273.4 ppos=-271.3 apid=0.0 integ=-276.7 vision=1 current=1 vframe=20282 vs=1 vage=20 vpage=20 vdt=34 vmax=103 vacc=20261 vrej=0 seq=0 elapsed=0 oled=3C
[  16093] STATUS mode=3 fault=none enc=-333 denc=0 sreq=0 sapplied=0 crate=0 uimp=-326170 upos=1670 uneg=10060 ball=-40.31 vball=0.19 aball=0.3 bref=0.00 pid=0.0 pref=-272.0 ppos=-271.5 apid=0.0 integ=-277.3 vision=1 current=1 vframe=20283 vs=1 vage=8 vpage=8 vdt=32 vmax=103 vacc=20262 vrej=0 seq=0 elapsed=0 oled=3C
[  16109] STATUS mode=3 fault=none enc=-333 denc=0 sreq=0 sapplied=0 crate=0 uimp=-326170 upos=1670 uneg=10060 ball=-40.28 vball=0.34 aball=0.3 bref=0.00 pid=0.0 pref=-271.2 ppos=-271.5 apid=0.0 integ=-278.0 vision=1 current=1 vframe=20284 vs=1 vage=14 vpage=14 vdt=34 vmax=103 vacc=20263 vrej=0 seq=0 elapsed=0 oled=3C
[  16141] STATUS mode=3 fault=none enc=-333 denc=0 sreq=0 sapplied=0 crate=0 uimp=-326170 upos=1670 uneg=10060 ball=-40.28 vball=0.30 aball=1.6 bref=0.00 pid=0.0 pref=-272.2 ppos=-271.5 apid=0.0 integ=-278.6 vision=1 current=1 vframe=20285 vs=1 vage=2 vpage=2 vdt=32 vmax=103 vacc=20264 vrej=0 seq=0 elapsed=0 oled=3C
[  16172] STATUS mode=3 fault=none enc=-333 denc=0 sreq=0 sapplied=0 crate=0 uimp=-326170 upos=1670 uneg=10060 ball=-40.28 vball=0.30 aball=1.6 bref=0.00 pid=0.0 pref=-272.2 ppos=-271.5 apid=0.0 integ=-278.6 vision=1 current=1 vframe=20285 vs=1 vage=22 vpage=22 vdt=32 vmax=103 vacc=20264 vrej=0 seq=0 elapsed=0 oled=3C
[  16202] STATUS mode=3 fault=none enc=-333 denc=0 sreq=0 sapplied=0 crate=-19 uimp=-326485 upos=1670 uneg=10075 ball=-40.27 vball=0.22 aball=1.6 bref=0.00 pid=-18.6 pref=-273.7 ppos=-271.8 apid=0.0 integ=-279.3 vision=1 current=1 vframe=20286 vs=1 vage=28 vpage=28 vdt=34 vmax=103 vacc=20265 vrej=0 seq=0 elapsed=0 oled=3C
[  16218] STATUS mode=3 fault=none enc=-333 denc=0 sreq=-30 sapplied=-30 crate=-30 uimp=-326805 upos=1670 uneg=10085 ball=-40.28 vball=0.15 aball=1.6 bref=0.00 pid=-29.6 pref=-275.1 ppos=-272.1 apid=0.0 integ=-280.0 vision=1 current=1 vframe=20287 vs=1 vage=13 vpage=13 vdt=35 vmax=103 vacc=20266 vrej=0 seq=0 elapsed=0 oled=3C
[  16250] STATUS mode=3 fault=none enc=-333 denc=0 sreq=-24 sapplied=-24 crate=-24 uimp=-327355 upos=1670 uneg=10105 ball=-40.28 vball=0.15 aball=1.6 bref=0.00 pid=-24.1 pref=-275.1 ppos=-272.7 apid=0.0 integ=-280.0 vision=1 current=1 vframe=20287 vs=1 vage=33 vpage=33 vdt=35 vmax=103 vacc=20266 vrej=0 seq=0 elapsed=0 oled=3C
[  16282] STATUS mode=3 fault=none enc=-335 denc=-1 sreq=-34 sapplied=-34 crate=-34 uimp=-328595 upos=1670 uneg=10145 ball=-40.28 vball=0.06 aball=-0.1 bref=0.00 pid=-33.8 pref=-277.3 ppos=-273.9 apid=-0.0 integ=-281.3 vision=1 current=1 vframe=20289 vs=1 vage=8 vpage=8 vdt=32 vmax=103 vacc=20268 vrej=0 seq=0 elapsed=0 oled=3C
[  16313] STATUS mode=3 fault=none enc=-335 denc=0 sreq=-28 sapplied=-28 crate=-28 uimp=-329220 upos=1670 uneg=10165 ball=-40.28 vball=0.06 aball=-0.1 bref=0.00 pid=-27.5 pref=-277.3 ppos=-274.5 apid=-0.0 integ=-281.3 vision=1 current=1 vframe=20289 vs=1 vage=28 vpage=28 vdt=32 vmax=103 vacc=20268 vrej=0 seq=0 elapsed=0 oled=3C
[  16327] STATUS mode=3 fault=none enc=-336 denc=0 sreq=74 sapplied=0 crate=74 uimp=-330375 upos=1670 uneg=10205 ball=-40.13 vball=1.48 aball=6.3 bref=0.00 pid=100.0 pref=-264.2 ppos=-275.7 apid=0.0 integ=-282.7 vision=1 current=1 vframe=20291 vs=1 vage=2 vpage=2 vdt=33 vmax=103 vacc=20270 vrej=0 seq=0 elapsed=0 oled=3C
[  16359] STATUS mode=3 fault=none enc=-336 denc=1 sreq=100 sapplied=100 crate=100 uimp=-328875 upos=1685 uneg=10205 ball=-40.13 vball=1.48 aball=6.3 bref=0.00 pid=99.6 pref=-264.2 ppos=-274.2 apid=0.0 integ=-282.7 vision=1 current=1 vframe=20291 vs=1 vage=22 vpage=22 vdt=33 vmax=103 vacc=20270 vrej=0 seq=0 elapsed=0 oled=3C
[  16391] STATUS mode=3 fault=none enc=-334 denc=1 sreq=100 sapplied=100 crate=100 uimp=-326950 upos=1705 uneg=10205 ball=-40.00 vball=2.17 aball=6.3 bref=0.00 pid=100.0 pref=-257.9 ppos=-272.3 apid=0.0 integ=-283.3 vision=1 current=1 vframe=20292 vs=1 vage=8 vpage=8 vdt=34 vmax=103 vacc=20271 vrej=0 seq=0 elapsed=0 oled=3C
[  16422] STATUS mode=3 fault=none enc=-331 denc=-1 sreq=52 sapplied=52 crate=52 uimp=-323385 upos=1745 uneg=10205 ball=-39.98 vball=1.67 aball=6.3 bref=0.00 pid=52.1 pref=-263.5 ppos=-268.7 apid=0.0 integ=-284.0 vision=1 current=1 vframe=20293 vs=1 vage=15 vpage=15 vdt=33 vmax=103 vacc=20272 vrej=0 seq=0 elapsed=0 oled=3C
[  16438] STATUS mode=3 fault=none enc=-329 denc=1 sreq=-23 sapplied=0 crate=-23 uimp=-322420 upos=1765 uneg=10205 ball=-39.99 vball=1.09 aball=1.8 bref=0.00 pid=-22.5 pref=-270.0 ppos=-267.7 apid=0.0 integ=-284.7 vision=1 current=1 vframe=20294 vs=1 vage=1 vpage=1 vdt=34 vmax=103 vacc=20273 vrej=0 seq=0 elapsed=0 oled=3C
[  16468] STATUS mode=3 fault=none enc=-329 denc=-1 sreq=0 sapplied=0 crate=-19 uimp=-322740 upos=1765 uneg=10220 ball=-39.99 vball=1.09 aball=1.8 bref=0.00 pid=-19.3 pref=-270.0 ppos=-268.1 apid=0.0 integ=-284.7 vision=1 current=1 vframe=20294 vs=1 vage=21 vpage=21 vdt=34 vmax=103 vacc=20273 vrej=0 seq=0 elapsed=0 oled=3C
[  16500] STATUS mode=3 fault=none enc=-329 denc=0 sreq=-72 sapplied=-72 crate=-72 uimp=-324835 upos=1765 uneg=10245 ball=-40.03 vball=0.43 aball=1.8 bref=0.00 pid=-71.6 pref=-277.3 ppos=-270.2 apid=0.0 integ=-285.4 vision=1 current=1 vframe=20295 vs=1 vage=27 vpage=27 vdt=34 vmax=103 vacc=20274 vrej=0 seq=0 elapsed=0 oled=3C
[  16532] STATUS mode=3 fault=none enc=-331 denc=1 sreq=-87 sapplied=-87 crate=-87 uimp=-326635 upos=1765 uneg=10265 ball=-40.05 vball=0.16 aball=1.8 bref=0.00 pid=-87.1 pref=-280.7 ppos=-272.0 apid=0.0 integ=-286.0 vision=1 current=1 vframe=20296 vs=1 vage=16 vpage=16 vdt=31 vmax=103 vacc=20275 vrej=0 seq=0 elapsed=0 oled=3C
[  16563] STATUS mode=3 fault=none enc=-335 denc=0 sreq=-72 sapplied=-72 crate=-72 uimp=-329900 upos=1765 uneg=10305 ball=-40.05 vball=0.05 aball=-3.8 bref=0.00 pid=-72.3 pref=-282.4 ppos=-275.2 apid=-0.0 integ=-286.7 vision=1 current=1 vframe=20297 vs=1 vage=22 vpage=22 vdt=34 vmax=103 vacc=20276 vrej=0 seq=0 elapsed=0 oled=3C
[  16577] STATUS mode=3 fault=none enc=-338 denc=-2 sreq=-69 sapplied=-69 crate=-69 uimp=-331295 upos=1765 uneg=10325 ball=-40.06 vball=0.01 aball=-3.8 bref=0.00 pid=-69.2 pref=-283.5 ppos=-276.6 apid=-0.0 integ=-287.3 vision=1 current=1 vframe=20298 vs=1 vage=8 vpage=8 vdt=34 vmax=103 vacc=20277 vrej=0 seq=0 elapsed=0 oled=3C
[  16609] STATUS mode=3 fault=none enc=-338 denc=1 sreq=-56 sapplied=-56 crate=-56 uimp=-332575 upos=1765 uneg=10345 ball=-40.06 vball=0.01 aball=-3.8 bref=0.00 pid=-56.4 pref=-283.5 ppos=-277.9 apid=-0.0 integ=-287.3 vision=1 current=1 vframe=20298 vs=1 vage=28 vpage=28 vdt=34 vmax=103 vacc=20277 vrej=0 seq=0 elapsed=0 oled=3C
[  16641] STATUS mode=3 fault=none enc=-341 denc=0 sreq=-50 sapplied=-50 crate=-50 uimp=-334680 upos=1765 uneg=10385 ball=-40.06 vball=-0.00 aball=-2.3 bref=0.00 pid=-49.6 pref=-285.0 ppos=-280.0 apid=-0.0 integ=-288.7 vision=1 current=1 vframe=20300 vs=1 vage=2 vpage=2 vdt=33 vmax=103 vacc=20279 vrej=0 seq=0 elapsed=0 oled=3C
[  16672] STATUS mode=3 fault=none enc=-342 denc=0 sreq=-40 sapplied=-40 crate=-40 uimp=-335605 upos=1765 uneg=10405 ball=-40.06 vball=-0.00 aball=-2.3 bref=0.00 pid=-40.4 pref=-285.0 ppos=-280.9 apid=-0.0 integ=-288.7 vision=1 current=1 vframe=20300 vs=1 vage=22 vpage=22 vdt=33 vmax=103 vacc=20279 vrej=0 seq=0 elapsed=0 oled=3C
[  16702] STATUS mode=3 fault=none enc=-344 denc=0 sreq=-32 sapplied=-32 crate=-32 uimp=-337125 upos=1765 uneg=10445 ball=-40.06 vball=-0.00 aball=-2.3 bref=0.00 pid=-32.2 pref=-285.7 ppos=-282.4 apid=-0.0 integ=-289.4 vision=1 current=1 vframe=20301 vs=1 vage=27 vpage=27 vdt=35 vmax=103 vacc=20280 vrej=0 seq=0 elapsed=0 oled=3C
[  16718] STATUS mode=3 fault=none enc=-345 denc=0 sreq=-32 sapplied=-32 crate=-32 uimp=-337790 upos=1765 uneg=10465 ball=-40.06 vball=-0.00 aball=-2.3 bref=0.00 pid=-32.1 pref=-286.3 ppos=-283.1 apid=-0.0 integ=-290.0 vision=1 current=1 vframe=20302 vs=1 vage=14 vpage=14 vdt=33 vmax=103 vacc=20281 vrej=0 seq=0 elapsed=0 oled=3C
[  16750] STATUS mode=3 fault=none enc=-345 denc=0 sreq=-33 sapplied=-33 crate=-33 uimp=-338390 upos=1765 uneg=10485 ball=-40.06 vball=-0.00 aball=-1.3 bref=0.00 pid=-32.7 pref=-287.0 ppos=-283.7 apid=-0.0 integ=-290.7 vision=1 current=1 vframe=20303 vs=1 vage=1 vpage=1 vdt=33 vmax=103 vacc=20282 vrej=0 seq=0 elapsed=0 oled=3C
[  16782] STATUS mode=3 fault=none enc=-348 denc=-2 sreq=-28 sapplied=-28 crate=-28 uimp=-339525 upos=1765 uneg=10525 ball=-40.06 vball=-0.00 aball=-1.3 bref=0.00 pid=-27.8 pref=-287.6 ppos=-284.8 apid=-0.0 integ=-291.3 vision=1 current=1 vframe=20304 vs=1 vage=9 vpage=9 vdt=32 vmax=103 vacc=20283 vrej=0 seq=0 elapsed=0 oled=3C
[  16813] STATUS mode=3 fault=none enc=-347 denc=0 sreq=-23 sapplied=-23 crate=-23 uimp=-340040 upos=1765 uneg=10545 ball=-40.06 vball=-0.00 aball=-1.3 bref=0.00 pid=-22.6 pref=-287.6 ppos=-285.4 apid=-0.0 integ=-291.3 vision=1 current=1 vframe=20304 vs=1 vage=29 vpage=29 vdt=32 vmax=103 vacc=20283 vrej=0 seq=0 elapsed=0 oled=3C
[  16827] STATUS mode=3 fault=none enc=-349 denc=0 sreq=-27 sapplied=-27 crate=-27 uimp=-340980 upos=1765 uneg=10585 ball=-40.06 vball=-0.00 aball=-0.7 bref=0.00 pid=-26.7 pref=-289.0 ppos=-286.3 apid=-0.0 integ=-292.7 vision=1 current=1 vframe=20306 vs=1 vage=2 vpage=2 vdt=33 vmax=103 vacc=20285 vrej=0 seq=0 elapsed=0 oled=3C
[  16859] STATUS mode=3 fault=none enc=-350 denc=0 sreq=-22 sapplied=-22 crate=-22 uimp=-341475 upos=1765 uneg=10605 ball=-40.06 vball=-0.00 aball=-0.7 bref=0.00 pid=-21.7 pref=-289.0 ppos=-286.8 apid=-0.0 integ=-292.7 vision=1 current=1 vframe=20306 vs=1 vage=22 vpage=22 vdt=33 vmax=103 vacc=20285 vrej=0 seq=0 elapsed=0 oled=3C
[  16891] STATUS mode=3 fault=none enc=-350 denc=0 sreq=-24 sapplied=-24 crate=-24 uimp=-341915 upos=1765 uneg=10625 ball=-40.06 vball=-0.00 aball=-0.7 bref=0.00 pid=-23.9 pref=-289.6 ppos=-287.2 apid=-0.0 integ=-293.3 vision=1 current=1 vframe=20307 vs=1 vage=9 vpage=9 vdt=33 vmax=103 vacc=20286 vrej=0 seq=0 elapsed=0 oled=3C
[  16922] STATUS mode=3 fault=none enc=-352 denc=0 sreq=0 sapplied=0 crate=-16 uimp=-342360 upos=1765 uneg=10645 ball=-40.05 vball=0.10 aball=-0.7 bref=0.00 pid=-16.2 pref=-289.3 ppos=-287.7 apid=-0.0 integ=-294.0 vision=1 current=1 vframe=20308 vs=1 vage=15 vpage=15 vdt=34 vmax=103 vacc=20287 vrej=0 seq=0 elapsed=0 oled=3C
[  16952] STATUS mode=3 fault=none enc=-352 denc=0 sreq=-27 sapplied=-27 crate=-27 uimp=-342360 upos=1765 uneg=10645 ball=-40.05 vball=0.06 aball=-0.1 bref=0.00 pid=-27.0 pref=-290.4 ppos=-287.7 apid=-0.0 integ=-294.7 vision=1 current=1 vframe=20309 vs=1 vage=1 vpage=1 vdt=34 vmax=103 vacc=20288 vrej=0 seq=0 elapsed=0 oled=3C
[  16968] STATUS mode=3 fault=none enc=-353 denc=-1 sreq=-26 sapplied=-26 crate=-26 uimp=-343310 upos=1765 uneg=10685 ball=-40.05 vball=.06 aball=-0.1 bref=0.00 pid=-22.0 pref=-290.4 ppos=-288.2 apid=-0.0 integ=-294.7 vision=1 current=1 vframe=20309 vs=1 vage=21 vpage=21 vdt=34 vmax=103 vacc=20288 vrej=0 seq=0 elapsed=0 oled=3C
[  17000] STATUS mode=3 fault=none enc=-353 denc=0 sreq=-21 sapplied=-21 crate=-21 uimp=-343795 upos=1765 uneg=10705 ball=-40.05 vball=0.04 aball=-0.1 bref=0.00 pid=-21.2 pref=-291.2 ppos=-289.1 apid=-0.0 integ=-295.3 vision=1 current=1 vframe=20310 vs=1 vage=28 vpage=28 vdt=33 vmax=103 vacc=20289 vrej=0 seq=0 elapsed=0 oled=3C
[  17032] STATUS mode=3 fault=none enc=-354 denc=0 sreq=-25 sapplied=-25 crate=-25 uimp=-344270 upos=1765 uneg=10725 ball=-40.05 vball=0.02 aball=-0.1 bref=0.00 pid=-25.1 pref=-292.1 ppos=-289.6 apid=-0.0 integ=-296.0 vision=1 current=1 vframe=20311 vs=1 vage=15 vpage=15 vdt=33 vmax=103 vacc=20290 vrej=0 seq=0 elapsed=0 oled=3C
[  17063] STATUS mode=3 fault=none enc=-355 denc=1 sreq=-23 sapplied=-23 crate=-23 uimp=-345255 upos=1765 uneg=10765 ball=-40.05 vball=0.01 aball=-0.3 bref=0.00 pid=-23.0 pref=-292.9 ppos=-290.6 apid=-0.0 integ=-296.7 vision=1 current=1 vframe=20312 vs=1 vage=21 vpage=21 vdt=34 vmax=103 vacc=20291 vrej=0 seq=0 elapsed=0 oled=3C
[  17077] STATUS mode=3 fault=none enc=-355 denc=0 sreq=-25 sapplied=-25 crate=-25 uimp=-345715 upos=1765 uneg=10785 ball=-40.05 vball=0.01 aball=-0.3 bref=0.00 pid=-25.1 pref=-293.5 ppos=-291.0 apid=-0.0 integ=-297.4 vision=1 current=1 vframe=20313 vs=1 vage=8 vpage=8 vdt=33 vmax=103 vacc=20292 vrej=0 seq=0 elapsed=0 oled=3C
[  17109] STATUS mode=3 fault=none enc=-356 denc=0 sreq=-20 sapplied=-20 crate=-20 uimp=-346180 upos=1765 uneg=10805 ball=-40.05 vball=0.01 aball=-0.3 bref=0.00 pid=-20.4 pref=-293.5 ppos=-291.5 apid=-0.0 integ=-297.4 vision=1 current=1 vframe=20313 vs=1 vage=28 vpage=28 vdt=33 vmax=103 vacc=20292 vrej=0 seq=0 elapsed=0 oled=3C
[  17141] STATUS mode=3 fault=none enc=-357 denc=0 sreq=-27 sapplied=-27 crate=-27 uimp=-346995 upos=1765 uneg=10840 ball=-40.05 vball=0.00 aball=-0.2 bref=0.00 pid=-26.7 pref=-295.0 ppos=-292.3 apid=-0.0 integ=-298.7 vision=1 current=1 vframe=20315 vs=1 vage=1 vpage=1 vdt=34 vmax=103 vacc=20294 vrej=0 seq=0 elapsed=0 oled=3C
[  17172] STATUS mode=3 fault=none enc=-357 denc=1 sreq=-22 sapplied=-22 crate=-22 uimp=-347490 upos=1765 uneg=10860 ball=-40.05 vball=0.00 aball=-0.2 bref=0.00 pid=-21.7 pref=-295.0 ppos=-292.8 apid=-0.0 integ=-298.7 vision=1 current=1 vframe=20315 vs=1 vage=21 vpage=21 vdt=34 vmax=103 vacc=20294 vrej=0 seq=0 elapsed=0 oled=3C
[  17202] STATUS mode=3 fault=none enc=-358 denc=0 sreq=0 sapplied=0 crate=-19 uimp=-348375 upos=1765 uneg=10900 ball=-40.05 vball=0.00 aball=-0.2 bref=0.00 pid=-19.5 pref=-295.6 ppos=-293.7 apid=-0.0 integ=-299.4 vision=1 current=1 vframe=20316 vs=1 vage=28 vpage=28 vdt=33 vmax=103 vacc=20295 vrej=0 seq=0 elapsed=0 oled=3C
[  17218] STATUS mode=3 fault=none enc=-359 denc=0 sreq=-24 sapplied=-24 crate=-24 uimp=-348630 upos=1765 uneg=10910 ball=-40.05 vball=0.00 aball=-0.2 bref=0.00 pid=-23.9 pref=-296.3 ppos=-294.0 apid=-0.0 integ=-300.1 vision=1 current=1 vframe=20317 vs=1 vage=13 vpage=13 vdt=35 vmax=103 vacc=20296 vrej=0 seq=0 elapsed=0 oled=3C
[  17250] STATUS mode=3 fault=none enc=-359 denc=1 sreq=0 sapplied=0 crate=0 uimp=-349075 upos=1765 uneg=10930 ball=-40.01 vball=0.34 aball=1.4 bref=0.00 pid=0.0 pref=-293.5 ppos=-294.4 apid=0.0 integ=-300.7 vision=1 current=1 vframe=20318 vs=1 vage=1 vpage=1 vdt=32 vmax=103 vacc=20297 vrej=0 seq=0 elapsed=0 oled=3C
[  17282] STATUS mode=3 fault=none enc=-360 denc=0 sreq=-30 sapplied=-30 crate=-30 uimp=-349235 upos=1765 uneg=10935 ball=-40.04 vball=0.01 aball=1.4 bref=0.00 pid=-30.0 pref=-297.6 ppos=-294.6 apid=0.0 integ=-301.4 vision=1 current=1 vframe=20319 vs=1 vage=7 vpage=7 vdt=34 vmax=103 vacc=20298 vrej=0 seq=0 elapsed=0 oled=3C
[  17313] STATUS mode=3 fault=none enc=-361 denc=0 sreq=-24 sapplied=-24 crate=-24 uimp=-349790 upos=1765 uneg=10955 ball=-40.04 vball=0.01 aball=1.4 bref=0.00 pid=-24.4 pref=-297.6 ppos=-295.1 apid=0.0 integ=-301.4 vision=1 current=1 vframe=20319 vs=1 vage=27 vpage=27 vdt=34 vmax=103 vacc=20298 vrej=0 seq=0 elapsed=0 oled=3C
[  17327] STATUS mode=3 fault=none enc=-362 denc=0 sreq=0 sapplied=0 crate=0 uimp=-351025 upos=1765 uneg=10995 ball=-40.01 vball=0.30 aball=0.6 bref=0.00 pid=0.0 pref=-295.9 ppos=9.1 ppos=-295.7 apid=0.0 integ=-302.0 vision=1 current=1 vframe=20320 vs=1 vage=14 vpage=14 vdt=33 vmax=103 vacc=20299 vrej=0 seq=0 elapsed=0 oled=3C
[  17359] STATUS mode=3 fault=none enc=-363 denc=0 sreq=0 sapplied=0 crate=0 uimp=-351025 upos=1765 uneg=10995 ball=-40.01 vball=0.30 aball=0.6 bref=0.00 pid=0.0 pref=-295.9 ppos=-296.3 apid=0.0 integ=-302.7 vision=1 current=1 vframe=20321 vs=1 vage=21 vpage=21 vdt=33 vmax=103 vacc=20300 vrej=0 seq=0 elapsed=0 oled=3C
[  17391] STATUS mode=3 fault=none enc=-363 denc=0 sreq=0 sapplied=0 crate=19 uimp=-351025 upos=1765 uneg=10995 ball=-39.97 vball=0.51 aball=0.6 bref=0.00 pid=19.0 pref=-294.4 ppos=-296.3 apid=0.0 integ=-303.4 vision=1 current=1 vframe=20322 vs=1 vage=8 vpage=8 vdt=33 vmax=103 vacc=20301 vrej=0 seq=0 elapsed=0 oled=3C
[  17422] STATUS mode=3 fault=none enc=-363 denc=0 sreq=-27 sapplied=-27 crate=-27 uimp=-351315 upos=1765 uneg=11005 ball=-40.00 vball=0.09 aball=0.6 bref=0.00 pid=-27.1 pref=-299.3 ppos=-296.6 apid=0.0 integ=-304.0 vision=1 current=1 vframe=20323 vs=1 vage=15 vpage=15 vdt=33 vmax=103 vacc=20302 vrej=0 seq=0 elapsed=0 oled=3C
[  17438] STATUS mode=3 fault=none enc=-363 denc=0 sreq=-41 sapplied=-41 crate=-41 uimp=-351815 upos=1765 uneg=11025 ball=-40.01 vball=-0.03 aball=-1.2 bref=0.00 pid=-41.0 pref=-301.2 ppos=-297.1 apid=-0.0 integ=-304.7 vision=1 current=1 vframe=20324 vs=1 vage=1 vpage=1 vdt=34 vmax=103 vacc=20303 vrej=0 seq=0 elapsed=0 oled=3C
[  17468] STATUS mode=3 fault=none enc=-365 denc=0 sreq=-33 sapplied=-33 crate=-33 uimp=-352575 upos=1765 uneg=11045 ball=-40.01 vball=-0.03 aball=-1.2 bref=0.00 pid=-33.4 pref=-301.2 ppos=-297.9 apid=-0.0 integ=-304.7 vision=1 current=1 vframe=20324 vs=1 vage=21 vpage=21 vdt=34 vmax=103 vacc=20303 vrej=0 seq=0 elapsed=0 oled=3C
[  17500] STATUS mode=3 fault=none enc=-366 denc=0 sreq=0 sapplied=0 crate=-19 uimp=-353600 upos=1765 uneg=11085 ball=-40.00 vball=0.08 aball=-1.2 bref=0.00 pid=-18.7 pref=-300.8 ppos=-298.9 apid=-0.0 integ=-305.4 vision=1 current=1 vframe=20325 vs=1 vage=28 vpage=28 vdt=33 vmax=103 vacc=20304 vrej=0 seq=0 elapsed=0 oled=3C
[  17532] STATUS mode=3 fault=none enc=-368 denc=-1 sreq=0 sapplied=0 crate=-16 uimp=-353600 upos=1765 uneg=11085 ball=-39.99 vball=0.17 aball=-1.2 bref=0.00 pid=-16.1 pref=-300.5 ppos=-298.9 apid=-0.0 integ=-306.0 vision=1 current=1 vframe=20326 vs=1 vage=15 vpage=15 vdt=33 vmax=103 vacc=20305 vrej=0 seq=0 elapsed=0 oled=3C
[  17547] STATUS mode=3 fault=none enc=-367 denc=0 sreq=-20 sapplied=-20 crate=-20 uimp=-354055 upos=1765 uneg=11105 ball=-39.99 vball=0.15 aball=0.2 bref=0.00 pid=-20.2 pref=-301.4 ppos=-299.4 apid=0.0 integ=-306.7 vision=1 current=1 vframe=20327 vs=1 vage=22 vpage=22 vdt=33 vmax=103 vacc=20306 vrej=0 seq=0 elapsed=0 oled=3C
[  17577] STATUS mode=3 fault=none enc=-369 denc=-1 sreq=-28 sapplied=-28 crate=-28 uimp=-354305 upos=1765 uneg=11115 ball=-39.99 vball=0.11 aball=0.2 bref=0.00 pid=-28.3 pref=-302.5 ppos=-299.6 apid=0.0 integ=-307.3 vision=1 current=1 vframe=20328 vs=1 vage=9 vpage=9 vdt=33 vmax=103 vacc=20307 vrej=0 seq=0 elapsed=0 oled=3C
[  17609] STATUS mode=3 fault=none enc=-369 denc=0 sreq=-23 sapplied=-23 crate=-23 uimp=-354830 upos=1765 uneg=11135 ball=-39.99 vball=0.11 aball=0.2 bref=0.00 pid=-23.0 pref=-302.5 ppos=-300.2 apid=0.0 integ=-307.3 vision=1 current=1 vframe=20328 vs=1 vage=29 vpage=29 vdt=33 vmax=103 vacc=20307 vrej=0 seq=0 elapsed=0 oled=3C
[  17641] STATUS mode=3 fault=none enc=-370 denc=0 sreq=87 sapplied=0 crate=87 uimp=-354945 upos=1765 uneg=11140 ball=-39.72 vball=2.41 aball=10.3 bref=0.00 pid=100.0 pref=-280.5 ppos=-300.3 apid=0.0 integ=-308.7 vision=1 current=1 vframe=20330 vs=1 vage=2 vpage=2 vdt=34 vmax=103 vacc=20309 vrej=0 seq=0 elapsed=0 oled=3C
[  17672] STATUS mode=3 fault=none enc=-368 denc=2 sreq=100 sapplied=100 crate=100 uimp=-353445 upos=1780 uneg=11140 ball=-39.72 vball=2.41 aball=10.3 bref=0.00 pid=100.0 pref=-280.5 ppos=-298.8 apid=0.0 integ=-308.7 vision=1 current=1 vframe=20330 vs=1 vage=22 vpage=22 vdt=34 vmax=103 vacc=20309 vrej=0 seq=0 elapsed=0 oled=3C
[  17688] STATUS mode=3 fault=none enc=-366 denc=2 sreq=100 sapplied=100 crate=100 uimp=-351445 upos=1800 uneg=11140 ball=-39.62 vball=2.53 aball=10.3 bref=0.00 pid=100.0 pref=-279.8 ppos=-296.8 apid=0.0 integ=-309.3 vision=1 current=1 vframe=20331 vs=1 vage=9 vpage=9 vdt=33 vmax=103 vacc=20310 vrej=0 seq=0 elapsed=0 oled=3C
[  17718] STATUS mode=3 fault=none enc=-361 denc=2 sreq=87 sapplied=87 crate=87 uimp=-347500 upos=1840 uneg=11140 ball=-39.57 vball=2.16 aball=10.3 bref=0.00 pid=87.3 pref=-284.1 ppos=-292.8 apid=0.0 integ=-310.0 vision=1 current=1 vframe=20332 vs=1 vage=16 vpage=16 vdt=33 vmax=103 vacc=20311 vrej=0 seq=0 elapsed=0 oled=3C
[  17750] STATUS mode=3 fault=none enc=-360 denc=0 sreq=-25 sapplied=0 crate=-25 uimp=-345880 upos=1860 uneg=11140 ball=-39.62 vball=1.14 aball=-0.1 bref=0.00 pid=-38.2 pref=-295.0 ppos=-291.2 apid=-0.0 integ=-310.6 vision=1 current=1 vframe=20333 vs=1 vage=2 vpage=2 vdt=34 vmax=103 vacc=20312 vrej=0 seq=0 elapsed=0 oled=3C
[  17782] STATUS mode=3 fault=none enc=-360 denc=-1 sreq=-100 sapplied=-100 crate=-100 uimp=-347395 upos=1860 uneg=11175 ball=-39.66 vball=0.40 aball=-0.1 bref=0.00 pid=-100.0 pref=-303.1 ppos=-292.7 apid=-0.0 integ=-311.3 vision=1 current=1 vframe=20334 vs=1 vage=9 vpage=9 vdt=33 vmax=103 vacc=20313 vrej=0 seq=0 elapsed=0 oled=3C
[  17797] STATUS mode=3 fault=none enc=-362 denc=-2 sreq=-85 sapplied=-85 crate=-85 uimp=-349305 upos=1860 uneg=11195 ball=-39.66 vball=0.40 aball=-0.1 bref=0.00 pid=-85.0 pref=-303.1 ppos=-294.6 apid=-0.0 integ=-311.3 vision=1 current=1 vframe=20334 vs=1 vage=29 vpage=29 vdt=33 vmax=103 vacc=20313 vrej=0 seq=0 elapsed=0 oled=3C
[  17827] STATUS mode=3 fault=none enc=-364 denc=-2 sreq=-100 sapplied=-100 crate=-100 uimp=-351230 upos=1860 uneg=11215 ball=-39.68 vball=0.13 aball=-0.1 bref=0.00 pid=-99.5 pref=-306.5 ppos=-296.6 apid=-0.0 integ=-312.0 vision=1 current=1 vframe=20335 vs=1 vage=16 vpage=16 vdt=33 vmax=103 vacc=20314 vrej=0 seq=0 elapsed=0 oled=3C
[  17859] STATUS mode=3 fault=none enc=-367 denc=1 sreq=-66 sapplied=-66 crate=-66 uimp=-354590 upos=1860 uneg=11255 ball=-39.67 vball=0.19 aball=-4.4 bref=0.00 pid=-66.4 pref=-306.5 ppos=-299.9 apid=-0.0 integ=-312.6 vision=1 current=1 vframe=20336 vs=1 vage=23 vpage=23 vdt=33 vmax=103 vacc=20315 vrej=0 seq=0 elapsed=0 oled=3C
[  17891] STATUS mode=3 fault=none enc=-369 denc=0 sreq=-50 sapplied=-50 crate=-50 uimp=-355800 upos=1860 uneg=11275 ball=-39.65 vball=0.30 aball=-4.4 bref=0.00 pid=-50.2 pref=-306.1 ppos=-301.1 apid=-0.0 integ=-313.3 vision=1 current=1 vframe=20337 vs=1 vage=7 vpage=7 vdt=36 vmax=103 vacc=20316 vrej=0 seq=0 elapsed=0 oled=3C
[  17922] STATUS mode=3 fault=none enc=-371 denc=1 sreq=-65 sapplied=-65 crate=-65 uimp=-357835 upos=1860 uneg=11315 ball=-39.67 vball=0.01 aball=-4.4 bref=0.00 pid=-65.4 pref=-309.7 ppos=-303.2 apid=-0.0 integ=-314.0 vision=1 current=1 vframe=20338 vs=1 vage=15 vpage=15 vdt=32 vmax=103 vacc=20317 vrej=0 seq=0 elapsed=0 oled=3C
[  17938] STATUS mode=3 fault=none enc=-372 denc=0 sreq=-74 sapplied=-74 crate=-74 uimp=-359045 upos=1860 uneg=11335 ball=-39.69 vball=-0.13 aball=-3.8 bref=0.00 pid=-74.1 pref=-311.8 ppos=-304.4 apid=-0.0 integ=-314.6 vision=1 current=1 vframe=20339 vs=1 vage=2 vpage=2 vdt=33 vmax=103 vacc=20318 vrej=0 seq=0 elapsed=0 oled=3C
[  17968] STATUS mode=3 fault=none enc=-375 denc=-2 sreq=-60 sapplied=-60 crate=-60 uimp=-360420 upos=1860 uneg=11355 ball=-39.69 vball=-0.13 aball=-3.8 bref=0.00 pid=-60.3 pref=-311.8 ppos=-305.7 apid=-0.0 integ=-314.6 vision=1 current=1 vframe=20339 vs=1 vage=22 vpage=22 vdt=33 vmax=103 vacc=20318 vrej=0 seq=0 elapsed=0 oled=3C
[  18000] STATUS mode=3 fault=none enc=-376 denc=0 sreq=0 sapplied=0 crate=-19 uimp=-361840 upos=1860 uneg=11395 ball=-39.66 vball=0.20 aball=-3.8 bref=0.00 pid=-19.3 pref=-309.1 ppos=-307.2 apid=-0.0 integ=-315.3 vision=1 current=1 vframe=20340 vs=1 vage=29 vpage=29 vdt=33 vmax=103 vacc=20319 vrej=0 seq=0 elapsed=0 oled=3C
[  18032] STATUS mode=3 fault=none enc=-377 denc=0 sreq=35 sapplied=35 crate=35 uimp=-361655 upos=1865 uneg=11395 ball=-39.58 vball=0.82 aball=-3.8 bref=0.00 pid=35.1 pref=-303.5 ppos=-307.0 apid=-0.0 integ=-315.9 vision=1 current=1 vframe=20341 vs=1 vage=15 vpage=15 vdt=34 vmax=103 vacc=20320 vrej=0 seq=0 elapsed=0 oled=3C
[  18047] STATUS mode=3 fault=none enc=-376 denc=0 sreq=47 sapplied=47 crate=47 uimp=-361005 upos=1885 uneg=11395 ball=-39.51 vball=1.17 aball=3.8 bref=0.00 pid=58.1 pref=-300.5 ppos=-306.3 apid=0.0 integ=-316.6 vision=1 current=1 vframe=20342 vs=1 vage=3 vpage=3 vdt=32 vmax=103 vacc=20321 vrej=0 seq=0 elapsed=0 oled=3C
[  18077] STATUS mode=3 fault=none enc=-375 denc=0 sreq=20 sapplied=20 crate=20 uimp=-359150 upos=1925 uneg=11395 ball=-39.49 vball=1.04 aball=3.8 bref=0.00 pid=20.0 pref=-302.5 ppos=-304.5 apid=0.0 integ=-317.2 vision=1 current=1 vframe=20343 vs=1 vage=9 vpage=9 vdt=34 vmax=103 vacc=20322 vrej=0 seq=0 elapsed=0 oled=3C
[  18109] STATUS mode=3 fault=none enc=-374 denc=1 sreq=0 sapplied=0 crate=19 uimp=-359050 upos=1930 uneg=11395 ball=-39.49 vball=1.04 aball=3.8 bref=0.00 pid=19.0 pref=-302.5 ppos=-304.4 apid=0.0 integ=-317.2 vision=1 current=1 vframe=20343 vs=1 vage=29 vpage=29 vdt=34 vmax=103 vacc=20322 vrej=0 seq=0 elapsed=0 oled=3C
[  18141] STATUS mode=3 fault=none enc=-373 denc=1 sreq=-100 sapplied=-100 crate=-100 uimp=-359610 upos=1930 uneg=11420 ball=-39.56 vball=-0.09 aball=-3.5 bref=0.00 pid=-100.0 pref=-315.2 ppos=-304.9 apid=-0.0 integ=-318.6 vision=1 current=1 vframe=20345 vs=1 vage=1 vpage=1 vdt=33 vmax=103 vacc=20324 vrej=0 seq=0 elapsed=0 oled=3C
[  18157] STATUS mode=3 fault=none enc=-375 denc=0 sreq=-84 sapplied=-84 crate=-84 uimp=-361505 upos=1930 uneg=11440 ball=-39.56 vball=-0.09 aball=-3.5 bref=0.00 pid=-83.7 pref=-315.2 ppos=-306.8 apid=-0.0 integ=-318.6 vision=1 current=1 vframe=20345 vs=1 vage=21 vpage=21 vdt=33 vmax=103 vacc=20324 vrej=0 seq=0 elapsed=0 oled=3C
[  18188] STATUS mode=3 fault=none enc=-377 denc=-1 sreq=-100 sapplied=-100 crate=-100 uimp=-363200 upos=1930 uneg=11460 ball=-39.60 vball=-0.48 aball=-3.5 bref=0.00 pid=-100.0 pref=-319.8 ppos=-308.5 apid=-0.0 integ=-319.2 vision=1 current=1 vframe=20346 vs=1 vage=8 vpage=8 vdt=33 vmax=103 vacc=20325 vrej=0 seq=0 elapsed=0 oled=3C
[  18218] STATUS mode=3 fault=none enc=-381 denc=0 sreq=-23 sapplied=-23 crate=-23 uimp=-366345 upos=1930 uneg=11500 ball=-39.54 vball=0.16 aball=-3.5 bref=0.00 pid=-23.1 pref=-314.0 ppos=-311.7 apid=-0.0 integ=-319.9 vision=1 current=1 vframe=20347 vs=1 vage=15 vpage=15 vdt=33 vmax=103 vacc=20326 vrej=0 seq=0 elapsed=0 oled=3C
[  18250] STATUS mode=3 fault=none enc=-381 denc=0 sreq=0 sapplied=0 crate=-12 uimp=-366775 upos=1930 uneg=11520 ball=-39.52 vball=0.29 aball=-0.2 bref=0.00 pid=-12.1 pref=-313.3 ppos=-312.1 apid=-0.0 integ=-320.5 vision=1 current=1 vframe=20348 vs=1 vage=2 vpage=2 vdt=33 vmax=103 vacc=20327 vrej=0 seq=0 elapsed=0 oled=3C
[  18282] STATUS mode=3 fault=none enc=-382 denc=0 sreq=-22 sapplied=-22 crate=-22 uimp=-366890 upos=1930 uneg=11525 ball=-39.52 vball=0.25 aball=-0.2 bref=0.00 pid=-21.6 pref=-314.4 ppos=-312.2 apid=-0.0 integ=-321.2 vision=1 current=1 vframe=20349 vs=1 vage=8 vpage=8 vdt=34 vmax=103 vacc=20328 vrej=0 seq=0 elapsed=0 oled=3C
[  18297] STATUS mode=3 fault=none enc=-382 denc=0 sreq=0 sapplied=0 crate=-19 uimp=-367105 upos=1930 uneg=11535 ball=-39.52 vball=0.25 aball=-0.2 bref=0.00 pid=-19.5 pref=-314.4 ppos=-312.4 apid=-0.0 integ=-321.2 vision=1 current=1 vframe=20349 vs=1 vage=28 vpage=28 vdt=34 vmax=103 vacc=20328 vrej=0 seq=0 elapsed=0 oled=3C
[  18327] STATUS mode=3 fault=none enc=-383 denc=-1 sreq=-87 sapplied=-87 crate=-87 uimp=-368050 upos=1930 uneg=11545 ball=-39.59 vball=-0.45 aball=-0.2 bref=0.00 pid=-87.4 pref=-322.1 ppos=-313.4 apid=-0.0 integ=-321.9 vision=1 current=1 vframe=20350 vs=1 vage=15 vpage=15 vdt=33 vmax=103 vacc=20329 vrej=0 seq=0 elapsed=0 oled=3C
[  18359] STATUS mode=3 fault=none enc=-386 denc=1 sreq=-55 sapplied=-55 crate=-55 uimp=-370915 upos=1930 uneg=11585 ball=-39.60 vball=-0.34 aball=-2.9 bref=0.00 pid=-54.6 pref=-321.7 ppos=-316.2 apid=-0.0 integ=-322.5 vision=1 current=1 vframe=20351 vs=1 vage=21 vpage=21 vdt=34 vmax=103 vacc=20330 vrej=0 seq=0 elapsed=0 oled=3C
[  18391] STATUS mode=3 fault=none enc=-388 denc=0 sreq=-41 sapplied=-41 crate=-41 uimp=-371910 upos=1930 uneg=11605 ball=-39.60 vball=-0.24 aball=-2.9 bref=0.00 pid=-41.2 pref=-321.4 ppos=-317.2 apid=-0.0 integ=-323.2 vision=1 current=1 vframe=20352 vs=1 vage=8 vpage=8 vdt=33 vmax=103 vacc=20331 vrej=0 seq=0 elapsed=0 oled=3C
[  18422] STATUS mode=3 fault=none enc=-389 denc=0 sreq=-26 sapplied=-26 crate=-26 uimp=-373280 upos=1930 uneg=11645 ball=-39.59 vball=-0.16 aball=-2.9 bref=0.000 pid=-33.6 pref=-321.4 ppos=-318.0 apid=-0.0 integ=-323.2 vision=1 current=1 vframe=20352 vs=1 vage=28 vpage=28 vdt=33 vmax=103 vacc=20331 vrej=0 seq=0 elapsed=0 oled=3C
[  18438] STATUS mode=3 fault=none enc=-389 denc=0 sreq=-22 sapplied=-22 crate=-22 uimp=-373760 upos=1930 uneg=11665 ball=-39.59 vball=-0.10 aball=-0.5 bref=0.00 pid=-21.8 pref=-321.3 ppos=-319.1 apid=-0.0 integ=-324.5 vision=1 current=1 vframe=20354 vs=1 vage=1 vpage=1 vdt=34 vmax=103 vacc=20333 vrej=0 seq=0 elapsed=0 oled=3C
[  18468] STATUS mode=3 fault=none enc=-390 denc=1 sreq=0 sapplied=0 crate=-19 uimp=-374075 upos=1930 uneg=11680 ball=-39.59 vball=-0.10 aball=-0.5 bref=0.00 pid=-18.7 pref=-321.3 ppos=-319.4 apid=-0.0 integ=-324.5 vision=1 current=1 vframe=20354 vs=1 vage=21 vpage=21 vdt=34 vmax=103 vacc=20333 vrej=0 seq=0 elapsed=0 oled=3C
[  18500] STATUS mode=3 fault=none enc=-391 denc=0 sreq=0 sapplied=0 crate=-19 uimp=-374280 upos=1930 uneg=11690 ball=-39.59 vball=-0.06 aball=-0.5 bref=0.00 pid=-19.2 pref=-321.5 ppos=-319.6 apid=-0.0 integ=-325.2 vision=1 current=1 vframe=20355 vs=1 vage=28 vpage=28 vdt=33 vmax=103 vacc=20334 vrej=0 seq=0 elapsed=0 oled=3C
[  18532] STATUS mode=3 fault=none enc=-391 denc=0 sreq=-21 sapplied=-21 crate=-21 uimp=-374515 upos=1930 uneg=11700 ball=-39.59 vball=-0.04 aball=-0.5 bref=0.00 pid=-21.4 pref=-322.0 ppos=-319.8 apid=-0.0 integ=-325.8 vision=1 current=1 vframe=20356 vs=1 vage=15 vpage=15 vdt=33 vmax=103 vacc=20335 vrej=0 seq=0 elapsed=0 oled=3C
[  18547] STATUS mode=3 fault=none enc=-391 denc=0 sreq=-41 sapplied=-41 crate=-41 uimp=-374720 upos=1930 uneg=11710 ball=-39.61 vball=-0.19 aball=-0.7 bref=0.00 pid=-41.1 pref=-324.1 ppos=-320.0 apid=-0.0 integ=-326.5 vision=1 current=1 vframe=20357 vs=1 vage=2 vpage=2 vdt=33 vmax=103 vacc=20336 vrej=0 seq=0 elapsed=0 oled=3C
[  18577] STATUS mode=3 fault=none enc=-392 denc=-1 sreq=-41 sapplied=-41 crate=-41 uimp=-376170 upos=1930 uneg=11750 ball=-39.62 vball=-0.26 aball=-0.7 bref=0.00 pid=-40.6 pref=-325.6 ppos=-321.5 apid=-0.0 integ=-327.2 vision=1 current=1 vframe=20358 vs=1 vage=7 vpage=7 vdt=35 vmax=103 vacc=20337 vrej=0 seq=0 elapsed=0 oled=3C
[  18609] STATUS mode=3 fault=none enc=-392 denc=0 sreq=-33 sapplied=-33 crate=-33 uimp=-376930 upos=1930 uneg=11770 ball=-39.62 vball=-0.26 aball=-0.7 bref=0.00 pid=-33.0 pref=-325.6 ppos=-322.3 apid=-0.0 integ=-327.2 vision=1 current=1 vframe=20358 vs=1 vage=27 vpage=27 vdt=35 vmax=103 vacc=20337 vrej=0 seq=0 elapsed=0 oled=3C
[  18641] STATUS mode=3 fault=none enc=-393 denc=1 sreq=-24 sapplied=-24 crate=-24 uimp=-378105 upos=1930 uneg=11810 ball=-39.63 vball=-0.22 aball=-0.7 bref=0.00 pid=-23.8 pref=-325.8 ppos=-323.4 apid=-0.0 integ=-327.8 vision=1 current=1 vframe=20359 vs=1 vage=35 vpage=35 vdt=32 vmax=103 vacc=20338 vrej=0 seq=0 elapsed=0 oled=3C
[  18672] STATUS mode=3 fault=none enc=-394 denc=1 sreq=0 sapplied=0 crate=-19 uimp=-378325 upos=1930 uneg=11820 ball=-39.63 vball=-0.13 aball=-0.1 bref=0.00 pid=-19.5 pref=-325.6 ppos=-323.6 apid=-0.0 integ=-328.5 vision=1 current=1 vframe=20360 vs=1 vage=20 vpage=20 vdt=35 vmax=103 vacc=20339 vrej=0 seq=0 elapsed=0 oled=3C
[  18688] STATUS mode=3 fault=none enc=-395 denc=0 sreq=0 sapplied=0 crate=-19 uimp=-378425 upos=1930 uneg=11825 ball=-39.62 vball=-0.07 aball=-0.1 bref=0.00 pid=-18.7 pref=-325.6 ppos=-323.7 apid=-0.0 integ=-329.1 vision=1 current=1 vframe=20361 vs=1 vage=8 vpage=8 vdt=32 vmax=103 vacc=20340 vrej=0 seq=0 elapsed=0 oled=3C
[  18718] STATUS mode=3 fault=none enc=-395 denc=0 sreq=-20 sapplied=-20 crate=-20 uimp=-378640 upos=1930 uneg=11835 ball=-39.62 vball=-0.04 aball=-0.1 bref=0.00 pid=-20.3 pref=-326.0 ppos=-324.0 apid=-0.0 integ=-329.8 vision=1 current=1 vframe=20362 vs=1 vage=14 vpage=14 vdt=34 vmax=103 vacc=20341 vrej=0 seq=0 elapsed=0 oled=3C
[  18750] STATUS mode=3 fault=none enc=-395 denc=0 sreq=-24 sapplied=-24 crate=-24 uimp=-378740 upos=1930 uneg=11840 ball=-39.62 vball=-0.02 aball=0.4 bref=0.00 pid=-23.6 pref=-326.4 ppos=-324.1 apid=0.0 integ=-330.4 vision=1 current=1 vframe=20363 vs=1 vage=2 vpage=2 vdt=32 vmax=103 vacc=20342 vrej=0 seq=0 elapsed=0 oled=3C
[  18782] STATUS mode=3 fault=none enc=-395 denc=0 sreq=-24 sapplied=-24 crate=-24 uimp=-379300 upos=1930 uneg=11865 ball=-39.62 vball=-0.01 aball=0.4 bref=0.00 pid=-24.0 pref=-327.0 ppos=-324.6 apid=0.0 integ=-331.1 vision=1 current=1 vframe=20364 vs=1 vage=7 vpage=7 vdt=35 vmax=103 vacc=20343 vrej=0 seq=0 elapsed=0 oled=3C
[  18797] STATUS mode=3 fault=none enc=-395 denc=0 sreq=0 sapplied=0 crate=-19 uimp=-379750 upos=1930 uneg=11885 ball=-39.62 vball=-0.01 aball=0.4 bref=0.00 pid=-19.5 pref=-327.0 ppos=-325.1 apid=0.0 integ=-331.1 vision=1 current=1 vframe=20364 vs=1 vage=27 vpage=27 vdt=35 vmax=103 vacc=20343 vrej=0 seq=0 elapsed=0 oled=3C
[  18827] STATUS mode=3 fault=none enc=-397 denc=-1 sreq=-23 sapplied=-23 crate=-23 uimp=-380005 upos=1930 uneg=11895 ball=-39.62 vball=-0.01 aball=0.4 bref=0.00 pid=-23.5 pref=-327.7 ppos=-325.3 apid=0.0 integ=-331.8 vision=1 current=1 vframe=20365 vs=1 vage=14 vpage=14 vdt=33 vmax=103 vacc=20344 vrej=0 seq=0 elapsed=0 oled=3C
[  18859] STATUS mode=3 fault=none enc=-397 denc=0 sreq=-20 sapplied=-20 crate=-20 uimp=-380890 upos=1930 uneg=11935 ball=-39.62 vball=-0.00 aball=0.3 bref=0.00 pid=-20.1 pref=-328.2 ppos=-326.2 apid=0.0 integ=-332.5 vision=1 current=1 vframe=20366 vs=1 vage=21 vpage=21 vdt=33 vmax=103 vacc=20345 vrej=0 seq=0 elapsed=0 oled=3C
[  18891] STATUS mode=3 fault=none enc=-397 denc=0 sreq=-24 sapplied=-24 crate=-24 uimp=-381120 upos=1930 uneg=11945 ball=-39.62 vball=-0.00 aball=0.3 bref=0.00 pid=-24.4 pref=-328.9 ppos=-326.4 apid=0.0 integ=-333.1 vision=1 current=1 vframe=20367 vs=1 vage=8 vpage=8 vdt=33 vmax=103 vacc=20346 vrej=0 seq=0 elapsed=0 oled=3C
[  18907] STATUS mode=3 fault=none enc=-397 denc=0 sreq=-20 sapplied=-20 crate=-20 uimp=-381570 upos=1930 uneg=11965 ball=-39.62 vball=-0.00 aball=0.3 bref=0.00 pid=-19.9 pref=-328.9 ppos=-326.9 apid=0.0 integ=-333.1 vision=1 current=1 vframe=20367 vs=1 vage=28 vpage=28 vdt=33 vmax=103 vacc=20346 vrej=0 seq=0 elapsed=0 oled=3C
[  18938] STATUS mode=3 fault=none enc=-398 denc=1 sreq=-25 sapplied=-25 crate=-25 uimp=-382345 upos=1930 uneg=12000 ball=-39.62 vball=-0.00 aball=0.2 bref=0.00 pid=-25.2 pref=-330.2 ppos=-327.7 apid=0.0 integ=-334.4 vision=1 current=1 vframe=20369 vs=1 vage=2 vpage=2 vdt=33 vmax=103 vacc=20348 vrej=0 seq=0 elapsed=0 oled=3C
[  18968] STATUS mode=3 fault=none enc=-400 denc=-1 sreq=-21 sapplied=-21 crate=-21 uimp=-382815 upos=1930 uneg=12020 ball=-39.62 vball=-0.00 aball=0.2 bref=0.00 pid=-20.5 pref=-330.2 ppos=-328.1 apid=0.0 integ=-334.4 vision=1 current=1 vframe=20369 vs=1 vage=22 vpage=22 vdt=33 vmax=103 vacc=20348 vrej=0 seq=0 elapsed=0 oled=3C
[  19000] STATUS mode=3 fault=none enc=-400 denc=0 sreq=-20 sapplied=-20 crate=-20 uimp=-383505 upos=1930 uneg=12050 ball=-39.62 vball=-0.00 aball=0.2 bref=0.00 pid=-20.1 pref=-330.8 ppos=-328.8 apid=0.0 integ=-335.1 vision=1 current=1 vframe=20370 vs=1 vage=29 vpage=29 vdt=33 vmax=103 vacc=20349 vrej=0 seq=0 elapsed=0 oled=3C
[  19032] STATUS mode=3 fault=none enc=-400 denc=0 sreq=-22 sapplied=-22 crate=-22 uimp=-383975 upos=1930 uneg=12070 ball=-39.62 vball=-0.00 aball=0.2 bref=0.00 pid=-22.2 pref=-331.5 ppos=-329.3 apid=0.0 integ=-335.7 vision=1 current=1 vframe=20371 vs=1 vage=15 vpage=15 vdt=34 vmax=103 vacc=20350 vrej=0 seq=0 elapsed=0 oled=3C
[  19047] STATUS mode=3 fault=none enc=-401 denc=0 sreq=0 sapplied=0 crate=0 uimp=-384290 upos=1930 uneg=12085 ball=-39.60 vball=0.19 aball=1.0 bref=0.00 pid=0.0 pref=-330.2 ppos=-329.6 apid=0.0 integ=-336.4 vision=1 current=1 vframe=20372 vs=1 vage=2 vpage=2 vdt=33 vmax=103 vacc=20351 vrej=0 seq=0 elapsed=0 oled=3C
[  19077] STATUS mode=3 fault=none enc=-401 denc=0 sreq=0 sapplied=0 crate=-13 uimp=-384290 upos=1930 uneg=12085 ball=-39.59 vball=0.19 aball=1.0 bref=0.00 pid=-12.7 pref=-330.9 ppos=-329.6 apid=0.0 integ=-337.0 vision=1 current=1 vframe=20373 vs=1 vage=9 vpage=9 vdt=33 vmax=103 vacc=20352 vrej=0 seq=0 elapsed=0 oled=3C
[  19109] STATUS mode=3 fault=none enc=-401 denc=0 sreq=0 sapplied=0 crate=-13 uimp=-384290 upos=1930 uneg=12085 ball=-39.59 vball=0.19 aball=1.0 bref=0.00 pid=-12.7 pref=-330.9 ppos=-329.6 apid=0.0 integ=-337.0 vision=1 current=1 vframe=20373 vs=1 vage=29 vpage=29 vdt=33 vmax=103 vacc=20352 vrej=0 seq=0 elapsed=0 oled=3C
[  19141] STATUS mode=3 fault=none enc=-403 denc=0 sreq=-30 sapplied=-30 crate=-30 uimp=-384840 upos=1930 uneg=12100 ball=-39.59 vball=0.14 aball=1.0 bref=0.00 pid=-20.8 pref=-332.0 ppos=-330.0 apid=0.0 integ=-337.7 vision=1 current=1 vframe=20374 vs=1 vage=16 vpage=16 vdt=33 vmax=103 vacc=20353 vrej=0 seq=0 elapsed=0 oled=3C
[  19157] STATUS mode=3 fault=none enc=-403 denc=0 sreq=-24 sapplied=-24 crate=-24 uimp=-385390 upos=1930 uneg=12130 ball=-39.59 vball=0.10 aball=0.1 bref=0.00 pid=-24.2 pref=-333.1 ppos=-330.7 apid=0.0 integ=-338.4 vision=1 current=1 vframe=20375 vs=1 vage=21 vpage=21 vdt=35 vmax=103 vacc=20354 vrej=0 seq=0 elapsed=0 oled=3C
[  19188] STATUS mode=3 fault=none enc=-404 denc=-1 sreq=0 sapplied=0 crate=10 uimp=-385735 upos=1930 uneg=12145 ball=-39.55 vball=0.47 aball=0.1 bref=0.00 pid=10.4 pref=-330.0 ppos=-331.1 apid=0.0 integ=-339.0 vision=1 current=1 vframe=20376 vs=1 vage=9 vpage=9 vdt=32 vmax=103 vacc=20355 vrej=0 seq=0 elapsed=0 oled=3C
[  19218] STATUS mode=3 fault=none enc=-404 denc=0 sreq=20 sapplied=20 crate=20 uimp=-385630 upos=1935 uneg=12145 ball=-39.51 vball=0.64 aball=0.1 bref=0.00 pid=20.1 pref=-328.9 ppos=-330.9 apid=0.0 integ=-339.7 vision=1 current=1 vframe=20377 vs=1 vage=15 vpage=15 vdt=34 vmax=103 vacc=20356 vrej=0 seq=0 elapsed=0 oled=3C
[  19250] STATUS mode=3 fault=none enc=-404 denc=0 sreq=-37 sapplied=0 crate=-37 uimp=-385530 upos=1940 uneg=12145 ball=-39.54 vball=0.15 aball=0.3 bref=0.00 pid=-36.8 pref=-334.5 ppos=-330.8 apid=0.0 integ=-340.3 vision=1 current=1 vframe=20378 vs=1 vage=2 vpage=2 vdt=33 vmax=103 vacc=20357 vrej=0 seq=0 elapsed=0 oled=3C
[  19266] STATUS mode=3 fault=none enc=-404 denc=0 sreq=-32 sapplied=-32 crate=-32 uimp=-386055 upos=1940 uneg=12160 ball=-39.54 vball=0.15 aball=0.3 bref=0.00 pid=-31.5 pref=-334.5 ppos=-331.4 apid=0.0 integ=-340.3 vision=1 current=1 vframe=20378 vs=1 vage=22 vpage=22 vdt=33 vmax=103 vacc=20357 vrej=0 seq=0 elapsed=0 oled=3C
[  19297] STATUS mode=3 fault=none enc=-406 denc=1 sreq=-53 sapplied=-53 crate=-53 uimp=-388065 upos=1940 uneg=12200 ball=-39.58 vball=-0.20 aball=0.3 bref=0.00 pid=-53.4 pref=-338.7 ppos=-333.4 apid=0.0 integ=-341.0 vision=1 current=1 vframe=20386 vs=1 vage=29 vpage=29 vdt=33 vmax=103 vacc=20365 vrej=0 seq=0 elapsed=0 oled=3C
[  19327] STATUS mode=3 fault=none enc=-410 denc=-2 sreq=-100 sapplied=-100 crate=-100 uimp=-389830 upos=1940 uneg=12220 ball=-39.74 vball=-1.77 aball=0.3 bref=0.00 pid=-100.0 pref=-355.3 ppos=-335.1 apid=0.0 integ=-341.7 vision=1 current=1 vframe=20387 vs=1 vage=16 vpage=16 vdt=33 vmax=103 vacc=20366 vrej=0 seq=0 elapsed=0 oled=3C
[  19327] >>> stop
[  19359] STATUS mode=3 fault=none enc=-415 denc=-2 sreq=-100 sapplied=-100 crate=-100 uimp=-393830 upos=1940 uneg=12260 ball=-39.89 vball=-2.44 aball=-11.5 bref=0.00 pid=-100.0 pref=-362.8 ppos=-339.1 apid=-0.0 integ=-342.3 vision=1 current=1 vframe=20388 vs=1 vage=22 vpage=22 vdt=34 vmax=103 vacc=20367 vrej=0 seq=0 elapsed=0 oled=3C
[  19375] STATUS mode=1 fault=none enc=-416 denc=0 sreq=0 sapplied=0 crate=0 uimp=-393830 upos=1940 uneg=12260 ball=-39.92 vball=-2.04 aball=0.0 bref=0.00 pid=0.0 pref=-339.1 ppos=-339.1 apid=0.0 integ=0.0 vision=1 current=1 vframe=20389 vs=1 vage=8 vpage=8 vdt=34 vmax=103 vacc=20368 vrej=0 seq=0 elapsed=0 oled=3C
[  19407] STATUS mode=1 fault=none enc=-416 denc=0 sreq=0 sapplied=0 crate=0 uimp=-393830 upos=1940 uneg=12260 ball=-39.92 vball=-2.04 aball=0.0 bref=0.00 pid=0.0 pref=-339.1 ppos=-339.1 apid=0.0 integ=0.0 vision=1 current=1 vframe=20389 vs=1 vage=28 vpage=28 vdt=34 vmax=103 vacc=20368 vrej=0 seq=0 elapsed=0 oled=3C
[  19438] STATUS mode=1 fault=none enc=-416 denc=0 sreq=0 sapplied=0 crate=0 uimp=-393830 upos=1940 uneg=12260 ball=-39.92 vball=-0.98 aball=0.0 bref=0.00 pid=0.0 pref=-339.1 ppos=-339.1 apid=0.0 integ=0.0 vision=1 current=1 vframe=20391 vs=1 vage=2 vpage=2 vdt=33 vmax=103 vacc=20370 vrej=0 seq=0 elapsed=0 oled=3C
[  19468] STATUS mode=1 fault=none enc=-416 denc=0 sreq=0 sapplied=0 crate=0 uimp=-393830 upos=1940 uneg=12260 ball=-39.92 vball=-0.98 aball=0.0 bref=0.00 pid=0.0 pref=-339.1 ppos=-339.1 apid=0.0 integ=0.0 vision=1 current=1 vframe=20391 vs=1 vage=22 vpage=22 vdt=33 vmax=103 vacc=20370 vrej=0 seq=0 elapsed=0 oled=3C
[  19484] STATUS mode=1 fault=none enc=-416 denc=0 sreq=0 sapplied=0 crate=0 uimp=-393830 upos=1940 uneg=12260 ball=-39.88 vball=-0.32 aball=0.0 bref=0.00 pid=0.0 pref=-339.1 ppos=-339.1 apid=0.0 integ=0.0 vision=1 current=1 vframe=20392 vs=1 vage=9 vpage=9 vdt=33 vmax=103 vacc=20371 vrej=0 seq=0 elapsed=0 oled=3C
[  19516] STATUS mode=1 fault=none enc=-416 denc=0 sreq=0 sapplied=0 crate=0 uimp=-393830 upos=1940 uneg=12260 ball=-39.85 vball=0.04 aball=0.0 bref=0.00 pid=0.0 pref=-339.1 ppos=-339.1 apid=0.0 integ=0.0 vision=1 current=1 vframe=20393 vs=1 vage=16 vpage=16 vdt=33 vmax=103 vacc=20372 vrej=0 seq=0 elapsed=0 oled=3C
[  19547] STATUS mode=1 fault=none enc=-416 denc=0 sreq=0 sapplied=0 crate=0 uimp=-393830 upos=1940 uneg=12260 ball=-39.84 vball=0.12 aball=0.0 bref=0.00 pid=0.0 pref=-339.1 ppos=-339.1 apid=0.0 integ=0.0 vision=1 current=1 vframe=20394 vs=1 vage=2 vpage=2 vdt=34 vmax=103 vacc=20373 vrej=0 seq=0 elapsed=0 oled=3C
[  19563] STATUS mode=1 fault=none enc=-416 denc=0 sreq=0 sapplied=0 crate=0 uimp=-393830 upos=1940 uneg=12260 ball=-39.84 vball=0.12 aball=0.0 bref=0.00 pid=0.0 pref=-339.1 ppos=-339.1 apid=0.0 integ=0.0 vision=1 current=1 vframe=20394 vs=1 vage=22 vpage=22 vdt=34 vmax=103 vacc=20373 vrej=0 seq=0 elapsed=0 oled=3C
[  19593] STATUS mode=1 fault=none enc=-416 denc=0 sreq=0 sapplied=0 crate=0 uimp=-393830 upos=1940 uneg=12260 ball=-39.82 vball=0.24 aball=0.0 bref=0.00 pid=0.0 pref=-339.1 ppos=-339.1 apid=0.0 integ=0.0 vision=1 current=1 vframe=20395 vs=1 vage=28 vpage=28 vdt=34 vmax=103 vacc=20374 vrej=0 seq=0 elapsed=0 oled=3C
[  19625] STATUS mode=1 fault=none enc=-416 denc=0 sreq=0 sapplied=0 crate=0 uimp=-393830 upos=1940 uneg=12260 ball=-39.84 vball=0.00 aball=0.0 bref=0.00 pid=0.0 pref=-339.1 ppos=-339.1 apid=0.0 integ=0.0 vision=1 current=1 vframe=20396 vs=1 vage=15 vpage=15 vdt=33 vmax=103 vacc=20375 vrej=0 seq=0 elapsed=0 oled=3C
[  19657] STATUS mode=1 fault=none enc=-416 denc=0 sreq=0 sapplied=0 crate=0 uimp=-393830 upos=1940 uneg=12260 ball=-39.86 vball=-0.20 aball=0.0 bref=0.00 pid=0.0 pref=-339.1 ppos=-339.1 apid=0.0 integ=0.0 vision=1 current=1 vframe=20397 vs=1 vage=1 vpage=1 vdt=34 vmax=103 vacc=20376 vrej=0 seq=0 elapsed=0 oled=3C
[  19672] STATUS mode=1 fault=none enc=-416 denc=0 sreq=0 sapplied=0 crate=0 uimp=-393830 upos=1940 uneg=12260 ball=-39.87 vball=-0.20 aball=0.0 bref=0.00 pid=0.0 pref=-339.1 ppos=-339.1 apid=0.0 integ=0.0 vision=1 current=1 vframe=20398 vs=1 vage=8 vpage=8 vdt=33 vmax=103 vacc=20377 vrej=0 seq=0 elapsed=0 oled=3C
[  19702] STATUS mode=1 fault=none enc=-416 denc=0 sreq=0 sapplied=0 crate=0 uimp=-393830 upos=1940 uneg=12260 ball=-39.87 vball=-0.20 aball=0.0 bref=0.00 pid=0.0 pref=-339.1 ppos=-339.1 apid=0.0 integ=0.0 vision=1 current=1 vframe=20398 vs=1 vage=28 vpage=28 vdt=33 vmax=103 vacc=20377 vrej=0 seq=0 elapsed=0 oled=3C
[  19702] >>> stream off
[  19734] STATUS mode=1 fault=none enc=-416 denc=0 sreq=0 sapplied=0 crate=0 uimp=-393830 upos=1940 uneg=12260 ball=-39.89 vball=-0.34 aball=0.0 bref=0.00 pid=0.0 pref=-339.1 ppos=-339.1 apid=0.0 integ=0.0 vision=1 current=1 vframe=20399 vs=1 vage=15 vpage=15 vdt=33 vmax=103 vacc=20378 vrej=0 seq=0 elapsed=0 oled=3C
[  19734] OK stream off
[  19922] STOP_REASON time_limit
