[      0] >>> bench on
[      0] OK stepper visual-only bench active; command pose preserved
[    188] >>> clear
[    188] OK fault cleared
[    375] >>> diag reset
[    375] OK actuator diagnostics reset
[    563] >>> gain ball 3.0 0.0 5.0 -1
[    563] OK ball gains kp=3.000 ki=0.000 kd=5.000 sign=-1
[    750] >>> gain accel 0.0
[    750] OK ball acceleration gain ka=0.000
[    938] >>> limit rate 250
[    938] OK ball rate limit=250 steps/s
[   1125] >>> stream on 20
[   1125] OK stream on 20 ms
[   1172] STATUS mode=1 fault=none enc=936 denc=0 sreq=0 sapplied=0 crate=0 uimp=0 upos=0 uneg=0 ball=28.11 vball=-0.47 aball=0.0 bref=0.00 pid=0.0 pref=714.3 ppos=714.3 apid=0.0 integ=0.0 vision=1 current=1 vframe=20769 vs=1 vage=30 vpage=30 vdt=18 vmax=334 vacc=20609 vrej=0 seq=0 elapsed=0 oled=3C
[   1203] STATUS mode=1 fault=none enc=936 denc=0 sreq=0 sapplied=0 crate=0 uimp=0 upos=0 uneg=0 ball=28.08 vball=-0.61 aball=0.0 bref=0.00 pid=0.0 pref=714.3 ppos=714.3 apid=0.0 integ=0.0 vision=1 current=1 vframe=20770 vs=1 vage=14 vpage=14 vdt=36 vmax=334 vacc=20610 vrej=0 seq=0 elapsed=0 oled=3C
[   1219] STATUS mode=1 fault=none enc=936 denc=0 sreq=0 sapplied=0 crate=0 uimp=0 upos=0 uneg=0 ball=28.06 vball=-0.57 aball=0.0 bref=0.00 pid=0.0 pref=714.3 ppos=714.3 apid=0.0 integ=0.0 vision=1 current=1 vframe=20771 vs=1 vage=5 vpage=5 vdt=29 vmax=334 vacc=20611 vrej=0 seq=0 elapsed=0 oled=3C
[   1250] STATUS mode=1 fault=none enc=936 denc=0 sreq=0 sapplied=0 crate=0 uimp=0 upos=0 uneg=0 ball=28.06 vball=-0.57 aball=0.0 bref=0.00 pid=0.0 pref=714.3 ppos=714.3 apid=0.0 integ=0.0 vision=1 current=1 vframe=20771 vs=1 vage=25 vpage=25 vdt=29 vmax=334 vacc=20611 vrej=0 seq=0 elapsed=0 oled=3C
[   1266] STATUS mode=1 fault=none enc=936 denc=0 sreq=0 sapplied=0 crate=0 uimp=0 upos=0 uneg=0 ball=27.91 vball=-1.79 aball=0.0 bref=0.00 pid=0.0 pref=714.3 ppos=714.3 apid=0.0 integ=0.0 vision=1 current=1 vframe=20772 vs=1 vage=29 vpage=29 vdt=36 vmax=334 vacc=20612 vrej=0 seq=0 elapsed=0 oled=3C
[   1297] STATUS mode=1 fault=none enc=936 denc=0 sreq=0 sapplied=0 crate=0 uimp=0 upos=0 uneg=0 ball=27.78 vball=-2.32 aball=0.0 bref=0.00 pid=0.0 pref=714.3 ppos=714.3 apid=0.0 integ=0.0 vision=1 current=1 vframe=20773 vs=1 vage=13 vpage=13 vdt=36 vmax=334 vacc=20613 vrej=0 seq=0 elapsed=0 oled=3C
[   1297] >>> ball 0.0
[   1328] STATUS mode=1 fault=none enc=936 denc=0 sreq=0 sapplied=0 crate=0 uimp=0 upos=0 uneg=0 ball=27.91 vball=-0.93 aball=0.0 bref=0.00 pid=0.0 pref=714.3 ppos=714.3 apid=0.0 integ=0.0 vision=1 current=1 vframe=20774 vs=1 vage=15 vpage=15 vdt=18 vmax=334 vacc=20614 vrej=0 seq=0 elapsed=0 oled=3C
[   1344] STATUS mode=3 fault=none enc=936 denc=0 sreq=100 sapplied=0 crate=100 uimp=0 upos=0 uneg=0 ball=28.09 vball=1.18 aball=0.0 bref=0.00 pid=250.0 pref=804.4 ppos=714.3 apid=0.0 integ=-0.0 vision=1 current=1 vframe=20775 vs=1 vage=10 vpage=10 vdt=25 vmax=334 vacc=20615 vrej=0 seq=0 elapsed=0 oled=3C
[   1375] STATUS mode=3 fault=none enc=946 denc=2 sreq=250 sapplied=250 crate=250 uimp=8500 upos=35 uneg=0 ball=28.20 vball=2.10 aball=0.0 bref=0.00 pid=250.0 pref=809.4 ppos=722.8 apid=0.0 integ=-0.0 vision=1 current=1 vframe=20776 vs=1 vage=29 vpage=29 vdt=21 vmax=334 vacc=20616 vrej=0 seq=0 elapsed=0 oled=3C
[   1406] STATUS mode=3 fault=none enc=952 denc=1 sreq=250 sapplied=250 crate=250 uimp=13500 upos=55 uneg=0 ball=28.24 vball=1.82 aball=0.0 bref=0.00 pid=250.0 pref=808.1 ppos=727.8 apid=0.0 integ=-0.0 vision=1 current=1 vframe=20777 vs=1 vage=14 vpage=14 vdt=35 vmax=334 vacc=20617 vrej=0 seq=0 elapsed=0 oled=3C
[   1422] STATUS mode=3 fault=none enc=958 denc=1 sreq=250 sapplied=250 crate=250 uimp=18500 upos=75 uneg=0 ball=28.25 vball=1.36 aball=0.0 bref=0.00 pid=250.0 pref=808.1 ppos=732.8 apid=0.0 integ=-0.0 vision=1 current=1 vframe=20778 vs=1 vage=2 vpage=2 vdt=32 vmax=334 vacc=20618 vrej=0 seq=0 elapsed=0 oled=3C
[   1453] STATUS mode=3 fault=none enc=971 denc=2 sreq=250 sapplied=250 crate=250 uimp=28500 upos=115 uneg=0 ball=28.24 vball=0.93 aball=0.9 bref=0.00 pid=250.0 pref=803.6 ppos=742.8 apid=0.0 integ=-0.0 vision=1 current=1 vframe=20779 vs=1 vage=9 vpage=9 vdt=33 vmax=334 vacc=20619 vrej=0 seq=0 elapsed=0 oled=3C
[   1483] STATUS mode=3 fault=none enc=977 denc=2 sreq=250 sapplied=250 crate=250 uimp=33500 upos=135 uneg=0 ball=28.24 vball=0.93 aball=0.9 bref=0.00 pid=250.0 pref=803.6 ppos=747.8 apid=0.0 integ=-0.0 vision=1 current=1 vframe=20779 vs=1 vage=29 vpage=29 vdt=33 vmax=334 vacc=20619 vrej=0 seq=0 elapsed=0 oled=3C
[   1516] STATUS mode=3 fault=none enc=984 denc=2 sreq=250 sapplied=250 crate=250 uimp=38500 upos=155 uneg=0 ball=28.24 vball=0.60 aball=0.9 bref=0.00 pid=250.0 pref=802.0 ppos=752.8 apid=0.0 integ=-0.0 vision=1 current=1 vframe=20780 vs=1 vage=15 vpage=15 vdt=34 vmax=334 vacc=20620 vrej=0 seq=0 elapsed=0 oled=3C
[   1531] STATUS mode=3 fault=none enc=996 denc=1 sreq=250 sapplied=250 crate=250 uimp=48500 upos=195 uneg=0 ball=27.99 vball=-2.02 aball=-14.7 bref=0.00 pid=250.0 pref=788.1 ppos=762.8 apid=-0.0 integ=-0.0 vision=1 current=1 vframe=20781 vs=1 vage=22 vpage=22 vdt=33 vmax=334 vacc=20621 vrej=0 seq=0 elapsed=0 oled=3C
[   1563] STATUS mode=3 fault=none enc=1001 denc=1 sreq=139 sapplied=139 crate=139 uimp=52835 upos=215 uneg=0 ball=27.77 vball=-3.31 aball=-14.7 bref=0.00 pid=139.2 pref=781.0 ppos=767.1 apid=-0.0 integ=-0.0 vision=1 current=1 vframe=20782 vs=1 vage=9 vpage=9 vdt=33 vmax=334 vacc=20622 vrej=0 seq=0 elapsed=0 oled=3C
[   1594] STATUS mode=3 fault=none enc=1003 denc=-1 sreq=113 sapplied=113 crate=113 uimp=55415 upos=235 uneg=0 ball=27.77 vball=-3.31 aball=-14.7 bref=0.00 pid=113.5 pref=781.0 ppos=769.7 apid=-0.0 integ=-0.0 vision=1 current=1 vframe=20782 vs=1 vage=29 vpage=29 vdt=33 vmax=334 vacc=20622 vrej=0 seq=0 elapsed=0 oled=3C
[   1608] STATUS mode=3 fault=none enc=1008 denc=0 sreq=119 sapplied=119 crate=119 uimp=59415 upos=275 uneg=0 ball=27.67 vball=-2.33 aball=-9.5 bref=0.00 pid=119.5 pref=785.6 ppos=773.7 apid=-0.0 integ=-0.0 vision=1 current=1 vframe=20784 vs=1 vage=3 vpage=3 vdt=33 vmax=334 vacc=20624 vrej=0 seq=0 elapsed=0 oled=3C
[   1641] STATUS mode=3 fault=none enc=1011 denc=0 sreq=97 sapplied=97 crate=97 uimp=61630 upos=295 uneg=0 ball=27.67 vball=-2.33 aball=-9.5 bref=0.00 pid=97.3 pref=785.6 ppos=775.9 apid=-0.0 integ=-0.0 vision=1 current=1 vframe=20784 vs=1 vage=23 vpage=23 vdt=33 vmax=334 vacc=20624 vrej=0 seq=0 elapsed=0 oled=3C
[   1672] STATUS mode=3 fault=none enc=1015 denc=1 sreq=247 sapplied=247 crate=247 uimp=63955 upos=315 uneg=0 ball=27.97 vball=0.94 aball=-9.5 bref=0.00 pid=246.6 pref=802.9 ppos=778.2 apid=-0.0 integ=-0.0 vision=1 current=1 vframe=20785 vs=1 vage=9 vpage=9 vdt=34 vmax=334 vacc=20625 vrej=0 seq=0 elapsed=0 oled=3C
[   1703] STATUS mode=3 fault=none enc=1024 denc=2 sreq=250 sapplied=250 crate=250 uimp=72990 upos=355 uneg=0 ball=28.47 vball=5.08 aball=-9.5 bref=0.00 pid=250.0 pref=825.1 ppos=787.3 apid=-0.0 integ=-0.0 vision=1 current=1 vframe=20786 vs=1 vage=13 vpage=13 vdt=36 vmax=334 vacc=20626 vrej=0 seq=0 elapsed=0 oled=3C
[   1719] STATUS mode=3 fault=none enc=1031 denc=2 sreq=250 sapplied=250 crate=250 uimp=77990 upos=375 uneg=0 ball=28.63 vball=4.89 aball=27.6 bref=0.00 pid=250.0 pref=824.6 ppos=792.3 apid=0.0 integ=-0.0 vision=1 current=1 vframe=20787 vs=1 vage=4 vpage=4 vdt=29 vmax=334 vacc=20627 vrej=0 seq=0 elapsed=0 oled=3C
[   1750] STATUS mode=3 fault=none enc=1036 denc=1 sreq=250 sapplied=250 crate=250 uimp=82990 upos=395 uneg=0 ball=28.63 vball=4.89 aball=27.6 bref=0.00 pid=250.0 pref=824.6 ppos=797.3 apid=0.0 integ=-0.0 vision=1 current=1 vframe=20787 vs=1 vage=24 vpage=24 vdt=29 vmax=334 vacc=20627 vrej=0 seq=0 elapsed=0 oled=3C
[   1781] STATUS mode=3 fault=none enc=1042 denc=0 sreq=37 sapplied=37 crate=37 uimp=88330 upos=435 uneg=0 ball=28.41 vball=1.35 aball=27.6 bref=0.00 pid=36.5 pref=806.2 ppos=802.6 apid=0.0 integ=-0.0 vision=1 current=1 vframe=20788 vs=1 vage=28 vpage=28 vdt=36 vmax=334 vacc=20628 vrej=0 seq=0 elapsed=0 oled=3C
[   1797] STATUS mode=3 fault=none enc=1043 denc=0 sreq=-92 sapplied=-92 crate=-92 uimp=88205 upos=445 uneg=5 ball=28.17 vball=-1.11 aball=27.6 bref=0.00 pid=-92.4 pref=793.2 ppos=802.5 apid=0.0 integ=-0.0 vision=1 current=1 vframe=20789 vs=1 vage=15 vpage=15 vdt=33 vmax=334 vacc=20629 vrej=0 seq=0 elapsed=0 oled=3C
[   1828] STATUS mode=3 fault=none enc=1042 denc=-1 sreq=-95 sapplied=-95 crate=-95 uimp=86495 upos=445 uneg=25 ball=28.09 vball=-1.45 aball=-13.1 bref=0.00 pid=-94.7 pref=791.3 ppos=800.8 apid=-0.0 integ=-0.0 vision=1 current=1 vframe=20790 vs=1 vage=3 vpage=3 vdt=32 vmax=334 vacc=20630 vrej=0 seq=0 elapsed=0 oled=3C
[   1858] STATUS mode=3 fault=none enc=1040 denc=0 sreq=-59 sapplied=-59 crate=-59 uimp=83330 upos=445 uneg=65 ball=28.07 vball=-1.35 aball=-13.1 bref=0.00 pid=-58.7 pref=791.7 ppos=797.6 apid=-0.0 integ=-0.0 vision=1 current=1 vframe=20791 vs=1 vage=9 vpage=9 vdt=34 vmax=334 vacc=20631 vrej=0 seq=0 elapsed=0 oled=3C
[   1891] STATUS mode=3 fault=none enc=1038 denc=0 sreq=-48 sapplied=-48 crate=-48 uimp=82240 upos=445 uneg=85 ball=28.07 vball=-1.35 aball=-13.1 bref=0.00 pid=-47.8 pref=791.7 ppos=796.5 apid=-0.0 integ=-0.0 vision=1 current=1 vframe=20791 vs=1 vage=29 vpage=29 vdt=34 vmax=334 vacc=20631 vrej=0 seq=0 elapsed=0 oled=3C
[   1906] STATUS mode=3 fault=none enc=1036 denc=0 sreq=-69 sapplied=-69 crate=-69 uimp=81035 upos=445 uneg=105 ball=27.96 vball=-1.94 aball=-13.1 bref=0.00 pid=-68.5 pref=788.4 ppos=795.3 apid=-0.0 integ=-0.0 vision=1 current=1 vframe=20792 vs=1 vage=15 vpage=15 vdt=34 vmax=334 vacc=20632 vrej=0 seq=0 elapsed=0 oled=3C
[   1938] STATUS mode=3 fault=none enc=1033 denc=0 sreq=-45 sapplied=-45 crate=-45 uimp=78725 upos=445 uneg=145 ball=27.96 vball=-1.94 aball=-13.1 bref=0.00 pid=-45.4 pref=788.4 ppos=793.0 apid=-0.0 integ=-0.0 vision=1 current=0 vframe=20793 vs=0 vage=55 vpage=26 vdt=34 vmax=334 vacc=20632 vrej=0 seq=0 elapsed=0 oled=3C
[   1969] STATUS mode=3 fault=none enc=1032 denc=0 sreq=-37 sapplied=-37 crate=-37 uimp=77885 upos=445 uneg=165 ball=27.84 vball=-1.86 aball=-8.6 bref=0.00 pid=-36.6 pref=788.5 ppos=792.1 apid=-0.0 integ=-0.0 vision=1 current=1 vframe=20794 vs=1 vage=12 vpage=12 vdt=63 vmax=334 vacc=20633 vrej=0 seq=0 elapsed=0 oled=3C
[   1983] STATUS mode=3 fault=none enc=1032 denc=0 sreq=-30 sapplied=-30 crate=-30 uimp=77205 upos=445 uneg=185 ball=27.84 vball=-1.86 aball=-8.6 bref=0.00 pid=-29.8 pref=788.5 ppos=791.5 apid=-0.0 integ=-0.0 vision=1 current=1 vframe=20794 vs=1 vage=32 vpage=32 vdt=63 vmax=334 vacc=20633 vrej=0 seq=0 elapsed=0 oled=3C
[   2016] STATUS mode=3 fault=none enc=1039 denc=2 sreq=250 sapplied=250 crate=250 uimp=84155 upos=475 uneg=190 ball=31.05 vball=20.84 aball=-8.6 bref=0.00 pid=250.0 pref=911.6 ppos=798.4 apid=-0.0 integ=-0.0 vision=1 current=1 vframe=20796 vs=1 vage=5 vpage=5 vdt=33 vmax=334 vacc=20635 vrej=0 seq=0 elapsed=0 oled=3C
[   2047] STATUS mode=3 fault=none enc=1044 denc=1 sreq=250 sapplied=250 crate=250 uimp=89155 upos=495 uneg=190 ball=31.05 vball=20.84 aball=-8.6 bref=0.00 pid=250.0 pref=911.6 ppos=803.4 apid=-0.0 integ=-0.0 vision=1 current=1 vframe=20796 vs=1 vage=25 vpage=25 vdt=33 vmax=334 vacc=20635 vrej=0 seq=0 elapsed=0 oled=3C
[   2078] STATUS mode=3 fault=none enc=1057 denc=2 sreq=250 sapplied=250 crate=250 uimp=99155 upos=535 uneg=190 ball=31.23 vball=16.21 aball=76.6 bref=0.00 pid=250.0 pref=889.0 ppos=808.4 apid=0.0 integ=-0.0 vision=1 current=1 vframe=20797 vs=1 vage=12 vpage=12 vdt=33 vmax=334 vacc=20636 vrej=0 seq=0 elapsed=0 oled=3C
[   2094] STATUS mode=3 fault=none enc=1063 denc=2 sreq=250 sapplied=250 crate=250 uimp=104155 upos=555 uneg=190 ball=31.21 vball=11.23 aball=76.6 bref=0.00 pid=250.0 pref=864.0 ppos=818.4 apid=0.0 integ=-0.0 vision=1 current=1 vframe=20798 vs=1 vage=18 vpage=18 vdt=34 vmax=334 vacc=20637 vrej=0 seq=0 elapsed=0 oled=3C
[   2125] STATUS mode=3 fault=none enc=1070 denc=2 sreq=211 sapplied=211 crate=211 uimp=109155 upos=575 uneg=190 ball=31.15 vball=7.36 aball=76.6 bref=0.00 pid=211.0 pref=844.5 ppos=823.4 apid=0.0 integ=-0.0 vision=1 current=1 vframe=20799 vs=1 vage=5 vpage=5 vdt=33 vmax=334 vacc=20638 vrej=0 seq=0 elapsed=0 oled=3C
[   2156] STATUS mode=3 fault=none enc=1077 denc=0 sreq=-26 sapplied=0 crate=-26 uimp=115790 upos=615 uneg=190 ball=31.02 vball=4.02 aball=-12.7 bref=0.00 pid=-26.3 pref=827.4 ppos=830.1 apid=-0.0 integ=-0.0 vision=1 current=1 vframe=20800 vs=1 vage=12 vpage=12 vdt=33 vmax=334 vacc=20639 vrej=0 seq=0 elapsed=0 oled=3C
[   2188] STATUS mode=3 fault=none enc=1078 denc=-1 sreq=-23 sapplied=-23 crate=-23 uimp=115415 upos=615 uneg=205 ball=31.02 vball=4.02 aball=-12.7 bref=0.00 pid=-22.5 pref=827.4 ppos=829.7 apid=-0.0 integ=-0.0 vision=1 current=1 vframe=20800 vs=1 vage=32 vpage=32 vdt=33 vmax=334 vacc=20639 vrej=0 seq=0 elapsed=0 oled=3C
[   2203] STATUS mode=3 fault=none enc=1077 denc=-1 sreq=-111 sapplied=-111 crate=-111 uimp=113480 upos=615 uneg=225 ball=30.91 vball=1.92 aball=-12.7 bref=0.00 pid=-111.5 pref=816.6 ppos=827.7 apid=-0.0 integ=-0.0 vision=1 current=1 vframe=20801 vs=1 vage=19 vpage=19 vdt=33 vmax=334 vacc=20640 vrej=0 seq=0 elapsed=0 oled=3C
[   2233] STATUS mode=3 fault=none enc=1071 denc=-1 sreq=-125 sapplied=-125 crate=-125 uimp=108555 upos=615 uneg=265 ball=30.84 vball=0.70 aball=-12.7 bref=0.00 pid=-125.3 pref=810.3 ppos=822.8 apid=-0.0 integ=-0.0 vision=1 current=1 vframe=20802 vs=1 vage=26 vpage=26 vdt=33 vmax=334 vacc=20641 vrej=0 seq=0 elapsed=0 oled=3C
[   2266] STATUS mode=3 fault=none enc=1068 denc=-1 sreq=-125 sapplied=-125 crate=-125 uimp=106115 upos=615 uneg=285 ball=30.81 vball=0.24 aball=-24.0 bref=0.00 pid=-124.8 pref=807.9 ppos=820.4 apid=-0.0 integ=-0.0 vision=1 current=1 vframe=20803 vs=1 vage=12 vpage=12 vdt=34 vmax=334 vacc=20642 vrej=0 seq=0 elapsed=0 oled=3C
[   2297] STATUS mode=3 fault=none enc=1065 denc=-1 sreq=-102 sapplied=-102 crate=-102 uimp=103795 upos=615 uneg=305 ball=30.81 vball=0.24 aball=-24.0 bref=0.00 pid=-101.6 pref=807.9 ppos=818.1 apid=-0.0 integ=-0.0 vision=1 current=1 vframe=20803 vs=1 vage=32 vpage=32 vdt=34 vmax=334 vacc=20642 vrej=0 seq=0 elapsed=0 oled=3C
[   2313] STATUS mode=3 fault=none enc=1062 denc=-1 sreq=-62 sapplied=-62 crate=-62 uimp=100715 upos=615 uneg=345 ball=30.85 vball=0.39 aball=-24.0 bref=0.00 pid=-62.1 pref=808.8 ppos=815.0 apid=-0.0 integ=-0.0 vision=1 current=1 vframe=20805 vs=1 vage=6 vpage=6 vdt=33 vmax=334 vacc=20644 vrej=0 seq=0 elapsed=0 oled=3C
[   2344] STATUS mode=3 fault=none enc=1061 denc=0 sreq=-51 sapplied=-51 crate=-51 uimp=99565 upos=615 uneg=365 ball=30.85 vball=0.39 aball=-24.0 bref=0.00 pid=-50.6 pref=808.8 ppos=813.8 apid=-0.0 integ=-0.0 vision=1 current=1 vframe=20805 vs=1 vage=26 vpage=26 vdt=33 vmax=334 vacc=20644 vrej=0 seq=0 elapsed=0 oled=3C
[   2375] STATUS mode=3 fault=none enc=1058 denc=0 sreq=-64 sapplied=-64 crate=-64 uimp=96960 upos=615 uneg==385 ball=30.77 vball=-0.36 aball=-15.9 bref=0.00 pid=-79.1 pref=804.8 ppos=812.7 apid=-0.0 integ=-0.0 vision=1 current=1 vframe=20806 vs=1 vage=12 vpage=12 vdt=34 vmax=334 vacc=20645 vrej=0 seq=0 elapsed=0 oled=3C
[   2406] STATUS mode=3 fault=none enc=1056 denc=-1 sreq=-58 sapplied=-58 crate=-58 uimp=95675 upos=615 uneg=425 ball=30.75 vball=-0.48 aball=-15.9 bref=0.00 pid=-58.2 pref=804.1 ppos=809.9 apid=-0.0 integ=-0.0 vision=1 current=1 vframe=20807 vs=1 vage=18 vpage=18 vdt=34 vmax=334 vacc=20646 vrej=0 seq=0 elapsed=0 oled=3C
[   2422] STATUS mode=3 fault=none enc=1055 denc=0 sreq=-43 sapplied=-43 crate=-43 uimp=94595 upos=615 uneg=445 ball=30.74 vball=-0.39 aball=-15.9 bref=0.00 pid=-43.2 pref=804.5 ppos=808.9 apid=-0.0 integ=-0.0 vision=1 current=1 vframe=20808 vs=1 vage=4 vpage=4 vdt=34 vmax=334 vacc=20647 vrej=0 seq=0 elapsed=0 oled=3C
[   2453] STATUS mode=3 fault=none enc=1054 denc=0 sreq=-23 sapplied=-23 crate=-23 uimp=93170 upos=615 uneg=485 ball=30.74 vball=-0.28 aball=-8.4 bref=0.00 pid=-23.5 pref=805.1 ppos=807.4 apid=-0.0 integ=-0.0 vision=1 current=1 vframe=20809 vs=1 vage=12 vpage=12 vdt=32 vmax=334 vacc=20648 vrej=0 seq=0 elapsed=0 oled=3C
[   2483] STATUS mode=3 fault=none enc=1053 denc=1 sreq=0 sapplied=0 crate=-19 uimp=92740 upos=615 uneg=505 ball=30.74 vball=-0.28 aball=-8.4 bref=0.00 pid=-19.2 pref=805.1 ppos=807.0 apid=-0.0 integ=-0.0 vision=1 current=1 vframe=20809 vs=1 vage=32 vpage=32 vdt=32 vmax=334 vacc=20648 vrej=0 seq=0 elapsed=0 oled=3C
[   2516] STATUS mode=3 fault=none enc=1053 denc=0 sreq=0 sapplied=0 crate=-15 uimp=92740 upos=615 uneg=505 ball=30.74 vball=-0.19 aball=-8.4 bref=0.00 pid=-14.7 pref=805.5 ppos=807.0 apid=-0.0 integ=-0.0 vision=1 current=1 vframe=20810 vs=1 vage=17 vpage=17 vdt=35 vmax=334 vacc=20649 vrej=0 seq=0 elapsed=0 oled=3C
[   2531] STATUS mode=3 fault=none enc=1053 denc=0 sreq=0 sapplied=0 crate=-11 uimp=92740 upos=615 uneg=505 ball=30.74 vball=-0.12 aball=-8.4 bref=0.00 pid=-11.2 pref=805.9 ppos=807.0 apid=-0.0 integ=-0.0 vision=1 current=1 vframe=20811 vs=1 vage=25 vpage=25 vdt=32 vmax=334 vacc=20650 vrej=0 seq=0 elapsed=0 oled=3C
[   2563] STATUS mode=3 fault=none enc=1053 denc=0 sreq=0 sapplied=0 crate=0 uimp=92740 upos=615 uneg=505 ball=30.75 vball=-0.07 aball=-3.7 bref=0.00 pid=0.0 pref=806.2 ppos=807.0 apid=-0.0 integ=-0.0 vision=1 current=1 vframe=20812 vs=1 vage=12 vpage=12 vdt=33 vmax=334 vacc=20651 vrej=0 seq=0 elapsed=0 oled=3C
[   2594] STATUS mode=3 fault=none enc=1053 denc=0 sreq=0 sapplied=0 crate=0 uimp=92740 upos=615 uneg=505 ball=30.75 vball=-0.07 aball=-3.7 bref=0.00 pid=0.0 pref=806.2 ppos=807.0 apid=-0.0 integ=-0.0 vision=1 current=1 vframe=20812 vs=1 vage=32 vpage=32 vdt=33 vmax=334 vacc=20651 vrej=0 seq=0 elapsed=0 oled=3C
[   2608] STATUS mode=3 fault=none enc=1053 denc=0 sreq=0 sapplied=0 crate=0 uimp=92740 upos=615 uneg=505 ball=30.75 vball=-0.03 aball=-3.7 bref=0.00 pid=0.0 pref=806.4 ppos=807.0 apid=-0.0 integ=-0.0 vision=1 current=1 vframe=20814 vs=1 vage=3 vpage=3 vdt=34 vmax=334 vacc=20653 vrej=0 seq=0 elapsed=0 oled=3C
[   2641] STATUS mode=3 fault=none enc=1053 denc=0 sreq=0 sapplied=0 crate=0 uimp=92740 upos=615 uneg=505 ball=30.75 vball=-0.03 aball=-3.7 bref=0.00 pid=0.0 pref=806.4 ppos=807.0 apid=-0.0 integ=-0.0 vision=1 current=1 vframe=20814 vs=1 vage=23 vpage=23 vdt=34 vmax=334 vacc=20653 vrej=0 seq=0 elapsed=0 oled=3C
[   2672] STATUS mode=3 fault=none enc=1053 denc=0 sreq=0 sapplied=0 crate=0 uimp=92740 upos=615 uneg=505 ball=30.76 vball=0.08 aball=-1.3 bref=0.00 pid=0.0 pref=806.9 ppos=807.0 apid=-0.0 integ=-0.0 vision=1 current=1 vframe=20815 vs=1 vage=12 vpage=12 vdt=31 vmax=334 vacc=20654 vrej=0 seq=0 elapsed=0 oled=3C
[   2688] STATUS mode=3 fault=none enc=1053 denc=0 sreq=0 sapplied=0 crate=0 uimp=92740 upos=615 uneg=505 ball=30.77 vball=0.16 aball=-1.3 bref=0.00 pid=0.0 pref=807.4 ppos=807.0 apid=-0.0 integ=-0.0 vision=1 current=1 vframe=20816 vs=1 vage=18 vpage=18 vdt=34 vmax=334 vacc=20655 vrej=0 seq=0 elapsed=0 oled=3C
[   2719] STATUS mode=3 fault=none enc=1053 denc=0 sreq=0 sapplied=0 crate=0 uimp=92740 upos=615 uneg=505 ball=30.77 vball=0.15 aball=-1.3 bref=0.00 pid=0.0 pref=807.3 ppos=807.0 apid=-0.0 integ=-0.0 vision=1 current=1 vframe=20817 vs=1 vage=5 vpage=5 vdt=33 vmax=334 vacc=20656 vrej=0 seq=0 elapsed=0 oled=3C
[   2750] STATUS mode=3 fault=none enc=1053 denc=0 sreq=0 sapplied=0 crate=0 uimp=92740 upos=615 uneg=505 ball=30.77 vball=0.15 aball=-1.3 bref=0.00 pid=0.0 pref=807.3 ppos=807.0 apid=-0.0 integ=-0.0 vision=1 current=1 vframe=20817 vs=1 vage=25 vpage=25 vdt=33 vmax=334 vacc=20656 vrej=0 seq=0 elapsed=0 oled=3C
[   2766] STATUS mode=3 fault=none enc=1053 denc=0 sreq=0 sapplied=0 crate=0 uimp=92740 upos=615 uneg=505 ball=30.77 vball=0.11 aball=-0.6 bref=0.00 pid=0.0 pref=807.1 ppos=807.0 apid=-0.0 integ=-0.0 vision=1 current=1 vframe=20818 vs=1 vage=11 vpage=11 vdt=34 vmax=334 vacc=20657 vrej=0 seq=0 elapsed=0 oled=3C
[   2797] STATUS mode=3 fault=none enc=1053 denc=0 sreq=46 sapplied=46 crate=46 uimp=93235 upos=625 uneg=505 ball=30.88 vball=1.04 aball=-0.6 bref=0.00 pid=46.1 pref=812.1 ppos=807.5 apid=-0.0 integ=-0.0 vision=1 current=1 vframe=20819 vs=1 vage=18 vpage=18 vdt=33 vmax=334 vacc=20658 vrej=0 seq=0 elapsed=0 oled=3C
[   2828] STATUS mode=3 fault=none enc=1054 denc=1 sreq=38 sapplied=38 crate=38 uimp=94090 upos=645 uneg=505 ball=30.92 vball=1.03 aball=-0.6 bref=0.00 pid=38.2 pref=812.2 ppos=808.4 apid=-0.0 integ=-0.0 vision=1 current=1 vframe=20820 vs=1 vage=5 vpage=5 vdt=33 vmax=334 vacc=20659 vrej=0 seq=0 elapsed=0 oled=3C
[   2844] STATUS mode=3 fault=none enc=1054 denc=0 sreq=31 sapplied=31 crate=31 uimp=94800 upos=665 uneg=505 ball=30.92 vball=1.03 aball=-0.6 bref=0.00 pid=31.1 pref=812.2 ppos=809.1 apid=-0.0 integ=-0.0 vision=1 current=1 vframe=20820 vs=1 vage=25 vpage=25 vdt=33 vmax=334 vacc=20659 vrej=0 seq=0 elapsed=0 oled=3C
[   2875] STATUS mode=3 fault=none enc=1055 denc=0 sreq=0 sapplied=0 crate=0 uimp=95245 upos=680 uneg=505 ball=30.91 vball=0.66 aball=2.1 bref=0.00 pid=0.0 pref=810.3 ppos=809.5 apid=0.0 integ=-0.0 vision=1 current=1 vframe=20821 vs=1 vage=31 vpage=31 vdt=34 vmax=334 vacc=20660 vrej=0 seq=0 elapsed=0 oled=3C
[   2906] STATUS mode=3 fault=none enc=1055 denc=0 sreq=0 sapplied=0 crate=0 uimp=95245 upos=680 uneg=505 ball=30.90 vball=0.40 aball=2.1 bref=0.00 pid=0.0 pref=809.0 ppos=809.5 apid=0.0 integ=-0.0 vision=1 current=1 vframe=20822 vs=1 vage=18 vpage=18 vdt=33 vmax=334 vacc=20661 vrej=0 seq=0 elapsed=0 oled=3C
[   2938] STATUS mode=3 fault=none enc=1055 denc=0 sreq=0 sapplied=0 crate=-17 uimp=95245 upos=680 uneg=505 ball=30.89 vball=0.17 aball=2.1 bref=0.00 pid=-17.2 pref=807.8 ppos=809.5 apid=0.0 integ=-0.0 vision=1 current=1 vframe=20823 vs=1 vage=5 vpage=5 vdt=33 vmax=334 vacc=20662 vrej=0 seq=0 elapsed=0 oled=3C
[   2953] STATUS mode=3 fault=none enc=1055 denc=0 sreq=-24 sapplied=-24 crate=-24 uimp=95245 upos=680 uneg=505 ball=30.88 vball=0.04 aball=-1.6 bref=0.00 pid=-24.0 pref=807.1 ppos=809.5 apid=-0.0 integ=-0.0 vision=1 current=1 vframe=20824 vs=1 vage=12 vpage=12 vdt=33 vmax=334 vacc=20663 vrej=0 seq=0 elapsed=0 oled=3C
[   2983] STATUS mode=3 fault=none enc=1055 denc=0 sreq=-20 sapplied=-20 crate=-20 uimp=94795 upos=680 uneg=525 ball=30.88 vball=0.04 aball=-1.6 bref=0.00 pid=-19.6 pref=807.1 ppos=809.1 apid=-0.0 integ=-0.0 vision=1 current=1 vframe=20824 vs=1 vage=32 vpage=32 vdt=33 vmax=334 vacc=20663 vrej=0 seq=0 elapsed=0 oled=3C
[   3016] STATUS mode=3 fault=none enc=1054 denc=-1 sreq=0 sapplied=0 crate=-19 uimp=94490 upos=680 uneg=540 ball=30.88 vball=-0.01 aball=-1.6 bref=0.00 pid=-19.0 pref=806.9 ppos=808.8 apid=-0.0 integ=-0.0 vision=1 current=1 vframe=20825 vs=1 vage=18 vpage=18 vdt=34 vmax=334 vacc=20664 vrej=0 seq=0 elapsed=0 oled=3C
[   3031] STATUS mode=3 fault=none enc=1054 denc=0 sreq=0 sapplied=0 crate=-19 uimp=94390 upos=680 uneg=545 ball=30.88 vball=-0.02 aball=-1.6 bref=0.00 pid=-18.5 pref=806.8 ppos=808.7 apid=-0.0 integ=-0.0 vision=1 current=1 vframe=20826 vs=1 vage=25 vpage=25 vdt=33 vmax=334 vacc=20665 vrej=0 seq=0 elapsed=0 oled=3C
[   3063] STATUS mode=3 fault=none enc=1054 denc=0 sreq=0 sapplied=0 crate=-18 uimp=94390 upos=680 uneg=545 ball=30.88 vball=-0.01 aball=-1.1 bref=0.00 pid=-18.0 pref=806.9 ppos=808.7 apid=-0.0 integ=-0.0 vision=1 current=1 vframe=20827 vs=1 vage=12 vpage=12 vdt=33 vmax=334 vacc=20666 vrej=0 seq=0 elapsed=0 oled=3C
[   3094] STATUS mode=3 fault=none enc=1054 denc=0 sreq=0 sapplied=0 crate=-18 uimp=94390 upos=680 uneg=545 ball=30.88 vball=-0.01 aball=-1.1 bref=0.00 pid=-18.0 pref=806.9 ppos=808.7 apid=-0.0 integ=-0.0 vision=1 current=1 vframe=20827 vs=1 vage=32 vpage=32 vdt=33 vmax=334 vacc=20666 vrej=0 seq=0 elapsed=0 oled=3C
[   3125] STATUS mode=3 fault=none enc=1054 denc=0 sreq=0 sapplied=0 crate=-18 uimp=94390 upos=680 uneg=545 ball=30.88 vball=-0.00 aball=-1.1 bref=0.00 pid=-17.5 pref=806.9 ppos=808.7 apid=-0.0 integ=-0.0 vision=1 current=1 vframe=20829 vs=1 vage=5 vpage=5 vdt=34 vmax=334 vacc=20668 vrej=0 seq=0 elapsed=0 oled=3C
[   3141] STATUS mode=3 fault=none enc=1054 denc=0 sreq=0 sapplied=0 crate=-18 uimp=94390 upos=680 uneg=545 ball=30.88 vball=-0.00 aball=-1.1 bref=0.00 pid=-17.5 pref=806.9 ppos=808.7 apid=-0.0 integ=-0.0 vision=1 current=1 vframe=20829 vs=1 vage=25 vpage=25 vdt=34 vmax=334 vacc=20668 vrej=0 seq=0 elapsed=0 oled=3C
[   3172] STATUS mode=3 fault=none enc=1054 denc=0 sreq=0 sapplied=0 crate=-18 uimp=94390 upos=680 uneg=545 ball=30.88 vball=-0.00 aball=-0.6 bref=0.00 pid=-17.5 pref=806.9 ppos=808.7 apid=-0.0 integ=-0.0 vision=1 current=1 vframe=20830 vs=1 vage=12 vpage=12 vdt=33 vmax=334 vacc=20669 vrej=0 seq=0 elapsed=0 oled=3C
[   3203] STATUS mode=3 fault=none enc=1054 denc=0 sreq=0 sapplied=0 crate=-18 uimp=94390 upos=680 uneg=545 ball=30.88 vball=-0.00 aball=-0.6 bref=0.00 pid=-17.5 pref=806.9 ppos=808.7 apid=-0.0 integ=-0.0 vision=1 current=1 vframe=20831 vs=1 vage=19 vpage=19 vdt=33 vmax=334 vacc=20670 vrej=0 seq=0 elapsed=0 oled=3C
[   3219] STATUS mode=3 fault=none enc=1054 denc=0 sreq=0 sapplied=0 crate=-18 uimp=94390 upos=680 uneg=545 ball=30.88 vball=-0.00 aball=-0.6 bref=0.00 pid=-17.5 pref=806.9 ppos=808.7 apid=-0.0 integ=-0.0 vision=1 current=1 vframe=20832 vs=1 vage=5 vpage=5 vdt=34 vmax=334 vacc=20671 vrej=0 seq=0 elapsed=0 oled=3C
[   3250] STATUS mode=3 fault=none enc=1054 denc=0 sreq=0 sapplied=0 crate=-18 uimp=94390 upos=680 uneg=545 ball=30.88 vball=-0.00 aball=-0.6 bref=0.00 pid=-17.5 pref=806.9 ppos=808.7 apid=-0.0 integ=-0.0 vision=1 current=1 vframe=20832 vs=1 vage=25 vpage=25 vdt=34 vmax=334 vacc=20671 vrej=0 seq=0 elapsed=0 oled=3C
[   3281] STATUS mode=3 fault=none enc=1054 denc=0 sreq=0 sapplied=0 crate=-18 uimp=94390 upos=680 uneg=545 ball=30.88 vball=-0.00 aball=-0.3 bref=0.00 pid=-17.5 pref=806.9 ppos=808.7 apid=-0.0 integ=-0.0 vision=1 current=1 vframe=20833 vs=1 vage=30 vpage=30 vdt=35 vmax=334 vacc=20672 vrej=0 seq=0 elapsed=0 oled=3C
[   3313] STATUS mode=3 fault=none enc=1054 denc=0 sreq=0 sapplied=0 crate=-18 uimp=94390 upos=680 uneg=545 ball=30.88 vball=-0.00 aball=-0.3 bref=0.00 pid=-17.5 pref=806.9 ppos=808.7 apid=-0.0 integ=-0.0 vision=1 current=1 vframe=20834 vs=1 vage=17 vpage=17 vdt=33 vmax=334 vacc=20673 vrej=0 seq=0 elapsed=0 oled=3C
[   3328] STATUS mode=3 fault=none enc=1054 denc=0 sreq=0 sapplied=0 crate=-18 uimp=94390 upos=680 uneg=545 ball=30.88 vball=-0.00 aball=-0.3 bref=0.00 pid=-17.5 pref=806.9 ppos=808.7 apid=-0.0 integ=-0.0 vision=1 current=1 vframe=20835 vs=1 vage=5 vpage=5 vdt=32 vmax=334 vacc=20674 vrej=0 seq=0 elapsed=0 oled=3C
[   3358] STATUS mode=3 fault=none enc=1054 denc=0 sreq=0 sapplied=0 crate=-18 uimp=94390 upos=680 uneg=545 ball=30.88 vball=-0.00 aball=-0.2 bref=0.00 pid=-17.5 pref=806.9 ppos=808.7 apid=-0.0 integ=-0.0 vision=1 current=1 vframe=20836 vs=1 vage=12 vpage=12 vdt=33 vmax=334 vacc=20675 vrej=0 seq=0 elapsed=0 oled=3C
[   3391] STATUS mode=3 fault=none enc=1054 denc=0 sreq=0 sapplied=0 crate=-18 uimp=94390 upos=680 uneg=545 ball=30.88 vball=-0.00 aball=-0.2 bref=0.00 pid=-17.5 pref=806.9 ppos=808.7 apid=-0.0 integ=-0.0 vision=1 current=1 vframe=20836 vs=1 vage=32 vpage=32 vdt=33 vmax=334 vacc=20675 vrej=0 seq=0 elapsed=0 oled=3C
[   3406] STATUS mode=3 fault=none enc=1053 denc=-1 sreq=-41 sapplied=-41 crate=-41 uimp=93705 upos=680 uneg=560 ball=30.81 vball=-0.57 aball=-0.2 bref=0.00 pid=-41.3 pref=803.8 ppos=808.0 apid=-0.0 integ=-0.0 vision=1 current=1 vframe=20837 vs=1 vage=18 vpage=18 vdt=34 vmax=334 vacc=20676 vrej=0 seq=0 elapsed=0 oled=3C
[   3438] STATUS mode=3 fault=none enc=1051 denc=0 sreq=-48 sapplied=-48 crate=-48 uimp=91855 upos=680 uneg=600 ball=30.74 vball=-1.03 aball=-0.2 bref=0.00 pid=-47.9 pref=801.3 ppos=806.1 apid=-0.0 integ=-0.0 vision=1 current=1 vframe=20838 vs=1 vage=26 vpage=26 vdt=32 vmax=334 vacc=20677 vrej=0 seq=0 elapsed=0 oled=3C
[   3469] STATUS mode=3 fault=none enc=1050 denc=-1 sreq=-33 sapplied=-33 crate=-33 uimp=91000 upos=680 uneg=620 ball=30.72 vball=-0.89 aball=-4.1 bref=0.00 pid=-32.9 pref=802.0 ppos=805.3 apid=-0.0 integ=-0.0 vision=1 current=1 vframe=20839 vs=1 vage=12 vpage=12 vdt=34 vmax=334 vacc=20678 vrej=0 seq=0 elapsed=0 oled=3C
[   3500] STATUS mode=3 fault=none enc=1049 denc=0 sreq=0 sapplied=0 crate=-13 uimp=90255 upos=680 uneg=645 ball=30.72 vball=-0.65 aball=-4.1 bref=0.00 pid=-13.5 pref=803.2 ppos=804.5 apid=-0.0 integ=-0.0 vision=1 current=1 vframe=20840 vs=1 vage=19 vpage=19 vdt=33 vmax=334 vacc=20679 vrej=0 seq=0 elapsed=0 oled=3C
[   3516] STATUS mode=3 fault=none enc=1049 denc=0 sreq=0 sapplied=0 crate=0 uimp=90255 upos=680 uneg=645 ball=30.72 vball=-0.44 aball=-4.1 bref=0.00 pid=0.0 pref=804.2 ppos=804.5 apid=-0.0 integ=-0.0 vision=1 current=1 vframe=20841 vs=1 vage=6 vpage=6 vdt=33 vmax=334 vacc=20680 vrej=0 seq=0 elapsed=0 oled=3C
[   3547] STATUS mode=3 fault=none enc=1049 denc=0 sreq=0 sapplied=0 crate=0 uimp=90255 upos=680 uneg=645 ball=30.72 vball=-0.44 aball=-4.1 bref=0.00 pid=0.0 pref=804.2 ppos=804.5 apid=-0.0 integ=-0.0 vision=1 current=1 vframe=20841 vs=1 vage=26 vpage=26 vdt=33 vmax=334 vacc=20680 vrej=0 seq=0 elapsed=0 oled=3C
[   3578] STATUS mode=3 fault=none enc=1049 denc=0 sreq=42 sapplied=42 crate=42 uimp=90255 upos=680 uneg=645 ball=30.80 vball=0.42 aball=3.6 bref=0.00 pid=42.4 pref=808.8 ppos=804.5 apid=0.0 integ=-0.0 vision=1 current=1 vframe=20842 vs=1 vage=12 vpage=12 vdt=34 vmax=334 vacc=20681 vrej=0 seq=0 elapsed=0 oled=3C
[   3594] STATUS mode=3 fault=none enc=1050 denc=0 sreq=49 sapplied=49 crate=49 uimp=92020 upos=720 uneg=645 ball=30.86 vball=0.86 aball=3.6 bref=0.00 pid=48.6 pref=811.1 ppos=806.3 apid=0.0 integ=-0.0 vision=1 current=1 vframe=20843 vs=1 vage=20 vpage=20 vdt=32 vmax=334 vacc=20682 vrej=0 seq=0 elapsed=0 oled=3C
[   3625] STATUS mode=3 fault=none enc=1051 denc=0 sreq=36 sapplied=36 crate=36 uimp=92925 upos=740 uneg=645 ball=30.88 vball=0.77 aball=3.6 bref=0.00 pid=35.6 pref=810.8 ppos=807.2 apid=0.0 integ=-0.0 vision=1 current=1 vframe=20844 vs=1 vage=6 vpage=6 vdt=34 vmax=334 vacc=20683 vrej=0 seq=0 elapsed=0 oled=3C
[   3656] STATUS mode=3 fault=none enc=1051 denc=0 sreq=29 sapplied=29 crate=29 uimp=93590 upos=760 uneg=645 ball=30.88 vball=0.77 aball=3.6 bref=0.00 pid=29.0 pref=810.8 ppos=807.9 apid=0.0 integ=-0.0 vision=1 current=1 vframe=20844 vs=1 vage=26 vpage=26 vdt=34 vmax=334 vacc=20683 vrej=0 seq=0 elapsed=0 oled=3C
[   3672] STATUS mode=3 fault=none enc=1052 denc=0 sreq=0 sapplied=0 crate=16 uimp=93875 upos=770 uneg=645 ball=30.89 vball=0.57 aball=2.7 bref=0.00 pid=16.4 pref=809.8 ppos=808.1 apid=0.0 integ=-0.0 vision=1 current=1 vframe=20845 vs=1 vage=33 vpage=33 vdt=33 vmax=334 vacc=20684 vrej=0 seq=0 elapsed=0 oled=3C
[   3703] STATUS mode=3 fault=none enc=1052 denc=0 sreq=0 sapplied=0 crate=0 uimp=93875 upos=770 uneg=645 ball=30.88 vball=0.39 aball=2.7 bref=0.00 pid=0.0 pref=808.9 ppos=808.1 apid=0.0 integ=-0.0 vision=1 current=1 vframe=20846 vs=1 vage=18 vpage=18 vdt=35 vmax=334 vacc=20685 vrej=0 seq=0 elapsed=0 oled=3C
[   3733] STATUS mode=3 fault=none enc=1052 denc=0 sreq=0 sapplied=0 crate=0 uimp=93875 upos=770 uneg=645 ball=30.88 vball=0.25 aball=2.7 bref=0.00 pid=0.0 pref=808.2 ppos=808.1 apid=0.0 integ=-0.0 vision=1 current=1 vframe=20847 vs=1 vage=5 vpage=5 vdt=33 vmax=334 vacc=20686 vrej=0 seq=0 elapsed=0 oled=3C
[   3750] STATUS mode=3 fault=none enc=1052 denc=0 sreq=0 sapplied=0 crate=0 uimp=93875 upos=770 uneg=645 ball=30.88 vball=0.16 aball=-0.4 bref=0.00 pid=0.0 pref=807.7 ppos=808.1 apid=-0.0 integ=-0.0 vision=1 current=1 vframe=20848 vs=1 vage=12 vpage=12 vdt=33 vmax=334 vacc=20687 vrej=0 seq=0 elapsed=0 oled=3C
[   3781] STATUS mode=3 fault=none enc=1052 denc=0 sreq=0 sapplied=0 crate=0 uimp=93875 upos=770 uneg=645 ball=30.88 vball=0.16 aball=-0.4 bref=0.00 pid=0.0 pref=807.7 ppos=808.1 apid=-0.0 integ=-0.0 vision=1 current=1 vframe=20848 vs=1 vage=32 vpage=32 vdt=33 vmax=334 vacc=20687 vrej=0 seq=0 elapsed=0 oled=3C
[   3813] STATUS mode=3 fault=none enc=1052 denc=0 sreq=0 sapplied=0 crate=0 uimp=93875 upos=770 uneg=645 ball=30.88 vball=0.10 aball=-0.4 bref=0.00 pid=0.0 pref=807.4 ppos=808.1 apid=-0.0 integ=-0.0 vision=1 current=1 vframe=20849 vs=1 vage=19 vpage=19 vdt=33 vmax=334 vacc=20688 vrej=0 seq=0 elapsed=0 oled=3C
[   3828] STATUS mode=3 fault=none enc=1052 denc=0 sreq=0 sapplied=0 crate=0 uimp=93875 upos=770 uneg=645 ball=30.88 vball=0.06 aball=-0.4 bref=0.00 pid=0.0 pref=807.2 ppos=808.1 apid=-0.0 integ=-0.0 vision=1 current=1 vframe=20850 vs=1 vage=26 vpage=26 vdt=33 vmax=334 vacc=20689 vrej=0 seq=0 elapsed=0 oled=3C
[   3858] STATUS mode=3 fault=none enc=1052 denc=0 sreq=0 sapplied=0 crate=-10 uimp=93875 upos=770 uneg=645 ball=30.88 vball=0.04 aball=-0.7 bref=0.00 pid=-10.4 pref=807.1 ppos=808.1 apid=-0.0 integ=-0.0 vision=1 current=1 vframe=20851 vs=1 vage=12 vpage=12 vdt=34 vmax=334 vacc=20690 vrej=0 seq=0 elapsed=0 oled=3C
[   3891] STATUS mode=3 fault=none enc=1052 denc=0 sreq=0 sapplied=0 crate=-10 uimp=93875 upos=770 uneg=645 ball=30.88 vball=0.04 aball=-0.7 bref=0.00 pid=-10.4 pref=807.1 ppos=808.1 apid=-0.0 integ=-0.0 vision=1 current=1 vframe=20851 vs=1 vage=32 vpage=32 vdt=34 vmax=334 vacc=20690 vrej=0 seq=0 elapsed=0 oled=3C
[   3922] STATUS mode=3 fault=none enc=1052 denc=0 sreq=0 sapplied=0 crate=-12 uimp=93875 upos=770 uneg=645 ball=30.88 vball=0.01 aball=-0.7 bref=0.00 pid=-11.9 pref=807.0 ppos=808.1 apid=-0.0 integ=-0.0 vision=1 current=1 vframe=20853 vs=1 vage=6 vpage=6 vdt=34 vmax=334 vacc=20692 vrej=0 seq=0 elapsed=0 oled=3C
[   3938] STATUS mode=3 fault=none enc=1052 denc=0 sreq=0 sapplied=0 crate=-12 uimp=93875 upos=770 uneg=645 ball=30.88 vball=0.01 aball=-0.7 bref=0.00 pid=-11.9 pref=807.0 ppos=808.1 apid=-0.0 integ=-0.0 vision=1 current=1 vframe=20853 vs=1 vage=26 vpage=26 vdt=34 vmax=334 vacc=20692 vrej=0 seq=0 elapsed=0 oled=3C
[   3969] STATUS mode=3 fault=none enc=1052 denc=0 sreq=-250 sapplied=-250 crate=-250 uimp=92815 upos=770 uneg=650 ball=29.54 vball=-11.59 aball=-52.7 bref=0.00 pid=-250.0 pref=744.9 ppos=807.1 apid=-0.0 integ=-0.0 vision=1 current=1 vframe=20854 vs=1 vage=12 vpage=12 vdt=34 vmax=334 vacc=20693 vrej=0 seq=0 elapsed=0 oled=3C
[   4000] STATUS mode=3 fault=none enc=1040 denc=-2 sreq=-250 sapplied=-250 crate=-250 uimp=82815 upos=770 uneg=690 ball=29.11 vball=-11.54 aball=-52.7 bref=0.00 pid=-250.0 pref=743.9 ppos=797.1 apid=-0.0 integ=-0.0 vision=1 current=1 vframe=20855 vs=1 vage=18 vpage=18 vdt=34 vmax=334 vacc=20694 vrej=0 seq=0 elapsed=0 oled=3C
[   4031] STATUS mode=3 fault=none enc=1034 denc=-2 sreq=-250 sapplied=-250 crate=-250 uimp=77815 upos=770 uneg=710 ball=29.03 vball=-8.87 aball=-52.7 bref=0.00 pid=-250.0 pref=757.0 ppos=792.1 apid=-0.0 integ=-0.0 vision=1 current=1 vframe=20856 vs=1 vage=6 vpage=6 vdt=32 vmax=334 vacc=20695 vrej=0 seq=0 elapsed=0 oled=3C
[   4047] STATUS mode=3 fault=none enc=1028 denc=-1 sreq=-250 sapplied=-250 crate=-250 uimp=72815 upos=770 uneg=730 ball=29.03 vball=-8.87 aball=-52.7 bref=0.00 pid=-250.0 pref=757.0 ppos=787.1 apid=-0.0 integ=-0.0 vision=1 current=1 vframe=20856 vs=1 vage=26 vpage=26 vdt=32 vmax=334 vacc=20695 vrej=0 seq=0 elapsed=0 oled=3C
[   4078] STATUS mode=3 fault=none enc=1019 denc=-1 sreq=-97 sapplied=-97 crate=-97 uimp=66110 upos=770 uneg=770 ball=29.04 vball=-6.14 aball=-4.5 bref=0.00 pid=-96.9 pref=770.7 ppos=780.4 apid=-0.0 integ=-0.0 vision=1 current=1 vframe=20857 vs=1 vage=32 vpage=32 vdt=34 vmax=334 vacc=20696 vrej=0 seq=0 elapsed=0 oled=3C
[   4108] STATUS mode=3 fault=none enc=1018 denc=0 sreq=0 sapplied=0 crate=17 uimp=65165 upos=770 uneg=780 ball=29.07 vball=-4.06 aball=-4.5 bref=0.00 pid=17.4 pref=781.2 ppos=779.4 apid=-0.0 integ=-0.0 vision=1 current=1 vframe=20858 vs=1 vage=17 vpage=17 vdt=35 vmax=334 vacc=20697 vrej=0 seq=0 elapsed=0 oled=3C
[   4125] STATUS mode=3 fault=none enc=1018 denc=0 sreq=91 sapplied=0 crate=91 uimp=65165 upos=770 uneg=780 ball=29.10 vball=-2.61 aball=-4.5 bref=0.00 pid=90.8 pref=788.5 ppos=779.4 apid=-0.0 integ=-0.0 vision=1 current=1 vframe=20859 vs=1 vage=3 vpage=3 vdt=34 vmax=334 vacc=20698 vrej=0 seq=0 elapsed=0 oled=3C
[   4156] STATUS mode=3 fault=none enc=1019 denc=-1 sreq=113 sapplied=113 crate=113 uimp=68165 upos=805 uneg=780 ball=29.13 vball=-1.58 aball=17.7 bref=0.00 pid=113.2 pref=793.8 ppos=782.4 apid=0.0 integ=-0.0 vision=1 current=1 vframe=20860 vs=1 vage=10 vpage=10 vdt=33 vmax=334 vacc=20699 vrej=0 seq=0 elapsed=0 oled=3C
[   4188] STATUS mode=3 fault=none enc=1022 denc=0 sreq=92 sapplied=92 crate=92 uimp=70265 upos=825 uneg=780 ball=29.13 vball=-1.58 aball=17.7 bref=0.00 pid=92.2 pref=793.8 ppos=784.5 apid=0.0 integ=-0.0 vision=1 current=1 vframe=20860 vs=1 vage=30 vpage=30 vdt=33 vmax=334 vacc=20699 vrej=0 seq=0 elapsed=0 oled=3C
[   4219] STATUS mode=3 fault=none enc=1028 denc=1 sreq=187 sapplied=187 crate=187 uimp=74290 upos=865 uneg=780 ball=30.63 vball=12.27 aball=17.7 bref=0.00 pid=101.4 pref=796.8 ppos=786.7 apid=0.0 integ=-0.0 vision=1 current=1 vframe=20861 vs=1 vage=19 vpage=19 vdt=31 vmax=334 vacc=20700 vrej=0 seq=0 elapsed=0 oled=3C
[   4233] STATUS mode=3 fault=none enc=1032 denc=1 sreq=250 sapplied=250 crate=250 uimp=78975 upos=885 uneg=780 ball=30.63 vball=12.27 aball=17.7 bref=0.00 pid=250.0 pref=867.5 ppos=793.2 apid=0.0 integ=-0.0 vision=1 current=1 vframe=20862 vs=1 vage=24 vpage=24 vdt=35 vmax=334 vacc=20701 vrej=0 seq=0 elapsed=0 oled=3C
[   4266] STATUS mode=3 fault=none enc=1039 denc=2 sreq=250 sapplied=250 crate=250 uimp=83975 upos=905 uneg=780 ball=31.04 vball=12.31 aball=73.5 bref=0.00 pid=250.0 pref=868.9 ppos=798.2 apid=0.0 integ=-0.0 vision=1 current=1 vframe=20863 vs=1 vage=12 vpage=12 vdt=32 vmax=334 vacc=20702 vrej=0 seq=0 elapsed=0 oled=3C
[   4297] STATUS mode=3 fault=none enc=1051 denc=2 sreq=250 sapplied=250 crate=250 uimp=93975 upos=945 uneg=780 ball=31.19 vball=9.98 aball=73.5 bref=0.00 pid=250.0 pref=857.7 ppos=808.2 apid=0.0 integ=-0.0 vision=1 current=1 vframe=20864 vs=1 vage=17 vpage=17 vdt=35 vmax=334 vacc=20703 vrej=0 seq=0 elapsed=0 oled=3C
[   4328] STATUS mode=3 fault=none enc=1057 denc=1 sreq=250 sapplied=250 crate=250 uimp=98975 upos=965 uneg=780 ball=32.90 vball=21.99 aball=73.5 bref=0.00 pid=250.0 pref=922.9 ppos=813.2 apid=0.0 integ=-0.0 vision=1 current=1 vframe=20865 vs=1 vage=4 vpage=4 vdt=33 vmax=334 vacc=20704 vrej=0 seq=0 elapsed=0 oled=3C
[   4344] STATUS mode=3 fault=none enc=1064 denc=2 sreq=250 sapplied=250 crate=250 uimp=103975 upos=985 uneg=780 ball=32.90 vball=21.99 aball=73.5 bref=0.00 pid=250.0 pref=922.9 ppos=818.2 apid=0.0 integ=-0.0 vision=1 current=1 vframe=20865 vs=1 vage=24 vpage=24 vdt=33 vmax=334 vacc=20704 vrej=0 seq=0 elapsed=0 oled=3C
[   4375] STATUS mode=3 fault=none enc=1076 denc=1 sreq=250 sapplied=250 crate=250 uimp=113975 upos=1025 uneg=780 ball=33.39 vball=19.77 aball=74.0 bref=0.00 pid=250.0 pref=913.3 ppos=828.2 apid=0.0 integ=-0.0 vision=1 current=1 vframe=20866 vs=1 vage=32 vpage=32 vdt=32 vmax=334 vacc=20705 vrej=0 seq=0 elapsed=0 oled=3C
[   4406] STATUS mode=3 fault=none enc=1082 denc=2 sreq=250 sapplied=250 crate=250 uimp=118975 upos=1045 uneg=780 ball=33.39 vball=19.77 aball=74.0 bref=0.00 pid=250.0 pref=913.3 ppos=833.2 apid=0.0 integ=-0.0 vision=1 current=0 vframe=20867 vs=0 vage=52 vpage=20 vdt=32 vmax=334 vacc=20705 vrej=0 seq=0 elapsed=0 oled=3C
[   4438] STATUS mode=3 fault=none enc=1089 denc=2 sreq=150 sapplied=150 crate=150 uimp=123975 upos=1065 uneg=780 ball=31.88 vball=2.20 aball=74.0 bref=0.00 pid=-173.4 pref=820.9 ppos=838.2 apid=0.0 integ=-0.0 vision=1 current=1 vframe=20868 vs=1 vage=6 vpage=6 vdt=66 vmax=334 vacc=20706 vrej=0 seq=0 elapsed=0 oled=3C
[   4453] STATUS mode=3 fault=none enc=1087 denc=-1 sreq=-250 sapplied=-250 crate=-250 uimp=120465 upos=1075 uneg=805 ball=29.78 vball=-16.69 aball=-121.8 bref=0.00 pid=-250.0 pref=720.2 ppos=834.7 apid=-0.0 integ=-0.0 vision=1 current=1 vframe=20869 vs=1 vage=11 vpage=11 vdt=35 vmax=334 vacc=20707 vrej=0 seq=0 elapsed=0 oled=3C
[   4483] STATUS mode=3 fault=none enc=1081 denc=-1 sreq=-250 sapplied=-250 crate=-250 uimp=115465 upos=1075 uneg=825 ball=29.78 vball=-16.69 aball=-121.8 bref=0.00 pid=-250.0 pref=720.2 ppos=829.7 apid=-0.0 integ=-0.0 vision=1 current=1 vframe=20869 vs=1 vage=31 vpage=31 vdt=35 vmax=334 vacc=20707 vrej=0 seq=0 elapsed=0 oled=3C
[   4516] STATUS mode=3 fault=none enc=1074 denc=-2 sreq=-250 sapplied=-250 crate=-250 uimp=110465 upos=1075 uneg=845 ball=29.10 vball=-17.46 aball=-121.8 bref=0.00 pid=-250.0 pref=714.3 ppos=824.7 apid=-0.0 integ=-0.0 vision=1 current=1 vframe=20870 vs=1 vage=19 vpage=19 vdt=32 vmax=334 vacc=20708 vrej=0 seq=0 elapsed=0 oled=3C
[   4547] STATUS mode=3 fault=none enc=1062 denc=-1 sreq=-250 sapplied=-250 crate=-250 uimp=100465 upos=1075 uneg=885 ball=28.85 vball=-15.88 aball=-121.8 bref=0.00 pid=-250.0 pref=721.4 ppos=814.7 apid=-0.0 integ=-0.0 vision=1 current=1 vframe=20871 vs=1 vage=26 vpage=26 vdt=33 vmax=334 vacc=20709 vrej=0 seq=0 elapsed=0 oled=3C
[   4563] STATUS mode=3 fault=none enc=1056 denc=-1 sreq=-250 sapplied=-250 crate=-250 uimp=95465 upos=1075 uneg=905 ball=28.92 vball=-10.54 aball=-39.0 bref=0.00 pid=-250.0 pref=748.3 ppos=809.7 apid=-0.0 integ=-0.0 vision=1 current=1 vframe=20872 vs=1 vage=12 vpage=12 vdt=34 vmax=334 vacc=20710 vrej=0 seq=0 elapsed=0 oled=3C
[   4594] STATUS mode=3 fault=none enc=1043 denc=-1 sreq=-250 sapplied=-250 crate=-250 uimp=85465 upos=1075 uneg=945 ball=29.00 vball=-6.81 aball=-39.0 bref=0.00 pid=-250.0 pref=767.2 ppos=799.7 apid=-0.0 integ=-0.0 vision=1 current=1 vframe=20873 vs=1 vage=19 vpage=19 vdt=33 vmax=334 vacc=20711 vrej=0 seq=0 elapsed=0 oled=3C
[   4625] STATUS mode=3 fault=none enc=1037 denc=-1 sreq=-150 sapplied=-150 crate=-150 uimp=80465 upos=1075 uneg=965 ball=29.06 vball=-4.25 aball=-39.0 bref=0.00 pid=-145.4 pref=780.2 ppos=794.7 apid=-0.0 integ=-0.0 vision=1 current=1 vframe=20874 vs=1 vage=6 vpage=6 vdt=33 vmax=334 vacc=20712 vrej=0 seq=0 elapsed=0 oled=3C
[   4656] STATUS mode=3 fault=none enc=1034 denc=-1 sreq=-118 sapplied=-118 crate=-118 uimp=77750 upos=1075 uneg=985 ball=29.06 vball=-4.25 aball=-39.0 bref=0.00 pid=-118.2 pref=780.2 ppos=792.0 apid=-0.0 integ=-0.0 vision=1 current=1 vframe=20874 vs=1 vage=26 vpage=26 vdt=33 vmax=334 vacc=20712 vrej=0 seq=0 elapsed=0 oled=3C
[   4672] STATUS mode=3 fault=none enc=1031 denc=0 sreq=0 sapplied=0 crate=-18 uimp=76065 upos=1075 uneg=1000 ball=29.10 vball=-2.60 aball=14.3 bref=0.00 pid=-17.7 pref=788.6 ppos=790.3 apid=0.0 integ=-0.0 vision=1 current=1 vframe=20875 vs=1 vage=32 vpage=32 vdt=34 vmax=334 vacc=20713 vrej=0 seq=0 elapsed=0 oled=3C
[   4703] STATUS mode=3 fault=none enc=1031 denc=0 sreq=30 sapplied=30 crate=30 uimp=76390 upos=1085 uneg=1000 ball=29.13 vball=-1.60 aball=14.3 bref=0.00 pid=30.0 pref=793.7 ppos=790.7 apid=0.0 integ=-0.0 vision=1 current=1 vframe=20876 vs=1 vage=19 vpage=19 vdt=33 vmax=334 vacc=20714 vrej=0 seq=0 elapsed=0 oled=3C
[   4733] STATUS mode=3 fault=none enc=1031 denc=0 sreq=56 sapplied=56 crate=56 uimp=76950 upos=1105 uneg=1000 ball=29.15 vball=-0.97 aball=14.3 bref=0.00 pid=56.5 pref=796.9 ppos=791.2 apid=0.0 integ=-0.0 vision=1 current=1 vframe=20877 vs=1 vage=6 vpage=6 vdt=33 vmax=334 vacc=20715 vrej=0 seq=0 elapsed=0 oled=3C
[   4766] STATUS mode=3 fault=none enc=1033 denc=0 sreq=55 sapplied=55 crate=55 uimp=79040 upos=1145 uneg=1000 ball=29.16 vball=-0.58 aball=17.0 bref=0.00 pid=55.4 pref=798.8 ppos=793.3 apid=0.0 integ=-0.0 vision=1 current=1 vframe=20878 vs=1 vage=13 vpage=13 vdt=33 vmax=334 vacc=20716 vrej=0 seq=0 elapsed=0 oled=3C
[   4781] STATUS mode=3 fault=none enc=1034 denc=0 sreq=45 sapplied=45 crate=45 uimp=80070 upos=1165 uneg=1000 ball=29.16 vball=-0.58 aball=17.0 bref=0.00 pid=45.1 pref=798.8 ppos=794.3 apid=0.0 integ=-0.0 vision=1 current=1 vframe=20878 vs=1 vage=33 vpage=33 vdt=33 vmax=334 vacc=20716 vrej=0 seq=0 elapsed=0 oled=3C
[   4813] STATUS mode=3 fault=none enc=1035 denc=0 sreq=47 sapplied=47 crate=47 uimp=81075 upos=1185 uneg=1000 ball=29.17 vball=-0.35 aball=17.0 bref=0.00 pid=46.8 pref=800.0 ppos=795.3 apid=0.0 integ=-0.0 vision=1 current=1 vframe=20879 vs=1 vage=20 vpage=20 vdt=33 vmax=334 vacc=20717 vrej=0 seq=0 elapsed=0 oled=3C
[   4844] STATUS mode=3 fault=none enc=1038 denc=0 sreq=37 sapplied=37 crate=37 uimp=82785 upos=1225 uneg=1000 ball=29.17 vball=-0.21 aball=17.0 bref=0.00 pid=36.7 pref=800.7 ppos=797.0 apid=0.0 integ=-0.0 vision=1 current=1 vframe=20880 vs=1 vage=26 vpage=26 vdt=34 vmax=334 vacc=20718 vrej=0 seq=0 elapsed=0 oled=3C
[   4875] STATUS mode=3 fault=none enc=1039 denc=0 sreq=250 sapplied=250 crate=250 uimp=84995 upos=1245 uneg=1000 ball=29.93 vball=6.97 aball=43.3 bref=0.00 pid=250.0 pref=838.9 ppos=799.3 apid=0.0 integ=-0.0 vision=1 current=1 vframe=20881 vs=1 vage=13 vpage=13 vdt=33 vmax=334 vacc=20719 vrej=0 seq=0 elapsed=0 oled=3C
[   4891] STATUS mode=3 fault=none enc=1051 denc=2 sreq=250 sapplied=250 crate=250 uimp=94995 upos=1285 uneg=1000 ball=30.61 vball=10.60 aball=43.3 bref=0.00 pid=250.0 pref=859.1 ppos=809.3 apid=0.0 integ=-0.0 vision=1 current=1 vframe=20882 vs=1 vage=19 vpage=19 vdt=34 vmax=334 vacc=20720 vrej=0 seq=0 elapsed=0 oled=3C
[   4922] STATUS mode=3 fault=none enc=1057 denc=2 sreq=250 sapplied=250 crate=250 uimp=99995 upos=1305 uneg=1000 ball=30.79 vball=9.11 aball=43.3 bref=0.00 pid=250.0 pref=852.2 ppos=814.3 apid=0.0 integ=-0.0 vision=1 current=1 vframe=20883 vs=1 vage=7 vpage=7 vdt=32 vmax=334 vacc=20721 vrej=0 seq=0 elapsed=0 oled=3C
[   4953] STATUS mode=3 fault=none enc=1064 denc=3 sreq=250 sapplied=250 crate=250 uimp=104995 upos=1325 uneg=1000 ball=30.79 vball=9.11 aball=43.3 bref=0.00 pid=250.0 pref=852.2 ppos=819.3 apid=0.0 integ=-0.0 vision=1 current=1 vframe=20883 vs=1 vage=27 vpage=27 vdt=32 vmax=334 vacc=20721 vrej=0 seq=0 elapsed=0 oled=3C
[   4969] STATUS mode=3 fault=none enc=1072 denc=1 sreq=132 sapplied=132 crate=132 uimp=112255 upos=1365 uneg=1000 ball=30.81 vball=6.61 aball=22.2 bref=0.00 pid=132.2 pref=839.7 ppos=826.5 apid=0.0 integ=-0.0 vision=1 current=1 vframe=20884 vs=1 vage=33 vpage=33 vdt=34 vmax=334 vacc=20722 vrej=0 seq=0 elapsed=0 oled=3C
[   5000] STATUS mode=3 fault=none enc=1073 denc=-1 sreq=0 sapplied=0 crate=14 uimp=113075 upos=1375 uneg=1000 ball=30.79 vball=4.43 aball=22.2 bref=0.00 pid=14.5 pref=828.8 ppos=827.3 apid=0.0 integ=-0.0 vision=1 current=1 vframe=20885 vs=1 vage=20 vpage=20 vdt=33 vmax=334 vacc=20723 vrej=0 seq=0 elapsed=0 oled=3C
[   5031] STATUS mode=3 fault=none enc=1073 denc=-1 sreq=-64 sapplied=0 crate=-64 uimp=113075 upos=1375 uneg=1000 ball=30.76 vball=2.87 aball=22.2 bref=0.00 pid=-64.4 pref=820.9 ppos=827.3 apid=0.0 integ=-0.0 vision=1 current=1 vframe=20886 vs=1 vage=6 vpage=6 vdt=34 vmax=334 vacc=20724 vrej=0 seq=0 elapsed=0 oled=3C
[   5063] STATUS mode=3 fault=none enc=1072 denc=0 sreq=-94 sapplied=-94 crate=-94 uimp=110605 upos=1375 uneg=1035 ball=30.73 vball=1.80 aball=-9.4 bref=0.00 pid=-94.1 pref=815.5 ppos=824.9 apid=-0.0 integ=-0.0 vision=1 current=1 vframe=20887 vs=1 vage=13 vpage=13 vdt=33 vmax=334 vacc=20725 vrej=0 seq=0 elapsed=0 oled=3C
[   5078] STATUS mode=3 fault=none enc=1069 denc=-2 sreq=-77 sapplied=-77 crate=-77 uimp=108860 upos=1375 uneg=1055 ball=30.73 vball=1.80 aball=-9.4 bref=0.00 pid=-76.7 pref=815.5 ppos=823.1 apid=-0.0 integ=-0.0 vision=1 current=1 vframe=20887 vs=1 vage=33 vpage=33 vdt=33 vmax=334 vacc=20725 vrej=0 seq=0 elapsed=0 oled=3C
[   5108] STATUS mode=3 fault=none enc=1066 denc=-2 sreq=-92 sapplied=-92 crate=-92 uimp=106940 upos=1375 uneg=1075 ball=30.72 vball=1.11 aball=-9.4 bref=0.00 pid=-92.3 pref=812.0 ppos=821.2 apid=-0.0 integ=-0.0 vision=1 current=1 vframe=20888 vs=1 vage=20 vpage=20 vdt=33 vmax=334 vacc=20726 vrej=0 seq=0 elapsed=0 oled=3C
[   5141] STATUS mode=3 fault=none enc=1063 denc=0 sreq=-79 sapplied=-79 crate=-79 uimp=103430 upos=1375 uneg=1115 ball=30.70 vball=0.68 aball=-9.4 bref=0.00 pid=-79.3 pref=809.8 ppos=817.7 apid=-0.0 integ=-0.0 vision=1 current=1 vframe=20889 vs=1 vage=27 vpage=27 vdt=33 vmax=334 vacc=20727 vrej=0 seq=0 elapsed=0 oled=3C
[   5172] STATUS mode=3 fault=none enc=1062 denc=0 sreq=-52 sapplied=-52 crate=-52 uimp=102105 upos=1375 uneg=1135 ball=30.75 vball=0.94 aball=-9.1 bref=0.00 pid=-51.5 pref=811.2 ppos=816.4 apid=-0.0 integ=-0.0 vision=1 current=1 vframe=20890 vs=1 vage=13 vpage=13 vdt=34 vmax=334 vacc=20728 vrej=0 seq=0 elapsed=0 oled=3C
[   5188] STATUS mode=3 fault=none enc=1061 denc=0 sreq=-42 sapplied=-42 crate=-42 uimp=101150 upos=1375 uneg=1155 ball=30.75 vball=0.94 aball=-9.1 bref=0.00 pid=-42.0 pref=811.2 ppos=815.4 apid=-0.0 integ=-0.0 vision=1 current=1 vframe=20890 vs=1 vage=33 vpage=33 vdt=34 vmax=334 vacc=20728 vrej=0 seq=0 elapsed=0 oled=3C
[   5219] STATUS mode=3 fault=none enc=1060 denc=0 sreq=-34 sapplied=-34 crate=-34 uimp=99925 upos=1375 uneg=1195 ball=30.80 vball=0.82 aball=-9.1 bref=0.00 pid=-34.2 pref=810.8 ppos=814.2 apid=-0.0 integ=-0.0 vision=1 current=1 vframe=20892 vs=1 vage=7 vpage=7 vdt=33 vmax=334 vacc=20730 vrej=0 seq=0 elapsed=0 oled=3C
[   5250] STATUS mode=3 fault=none enc=1058 denc=0 sreq=-28 sapplied=-28 crate=-28 uimp=99290 upos=1375 uneg=1215 ball=30.80 vball=0.82 aball=-9.1 bref=0.00 pid=-27.9 pref=810.8 ppos=813.6 apid=-0.0 integ=-0.0 vision=1 current=1 vframe=20892 vs=1 vage=27 vpage=27 vdt=33 vmax=334 vacc=20730 vrej=0 seq=0 elapsed=0 oled=3C
[   5281] STATUS mode=3 fault=none enc=1057 denc=0 sreq=0 sapplied=0 crate=0 uimp=99020 upos=1375 uneg=1225 ball=30.89 vball=1.42 aball=-2.8 bref=0.00 pid=0.0 pref=814.0 ppos=813.3 apid=-0.0 integ=-0.0 vision=1 current=1 vframe=20893 vs=1 vage=33 vpage=33 vdt=34 vmax=334 vacc=20731 vrej=0 seq=0 elapsed=0 oled=3C
[   5297] STATUS mode=3 fault=none enc=1057 denc=0 sreq=0 sapplied=0 crate=19 uimp=99120 upos=1380 uneg=1225 ball=30.96 vball=1.63 aball=-2.8 bref=0.00 pid=19.1 pref=815.3 ppos=813.4 apid=-0.0 integ=-0.0 vision=1 current=1 vframe=20894 vs=1 vage=20 vpage=20 vdt=33 vmax=334 vacc=20732 vrej=0 seq=0 elapsed=0 oled=3C
[   5328] STATUS mode=3 fault=none enc=1057 denc=0 sreq=-25 sapplied=0 crate=-25 uimp=99120 upos=1380 uneg=1225 ball=30.92 vball=0.77 aball=-2.8 bref=0.00 pid=-25.1 pref=810.9 ppos=813.4 apid=-0.0 integ=-0.0 vision=1 current=1 vframe=20895 vs=1 vage=6 vpage=6 vdt=34 vmax=334 vacc=20733 vrej=0 seq=0 elapsed=0 oled=3C
[   5358] STATUS mode=3 fault=none enc=1056 denc=1 sreq=-50 sapplied=-50 crate=-50 uimp=98015 upos=1380 uneg=1260 ball=30.87 vball=0.08 aball=-7.6 bref=0.00 pid=-50.0 pref=807.3 ppos=812.3 apid=-0.0 integ=-0.0 vision=1 current=1 vframe=20896 vs=1 vage=13 vpage=13 vdt=33 vmax=334 vacc=20734 vrej=0 seq=0 elapsed=0 oled=3C
[   5375] STATUS mode=3 fault=none enc=1054 denc=0 sreq=-41 sapplied=-41 crate=-41 uimp=97085 upos=1380 uneg=1280 ball=30.87 vball=0.08 aball=-7.6 bref=0.00 pid=-40.7 pref=807.3 ppos=811.3 apid=-0.0 integ=-0.0 vision=1 current=1 vframe=20896 vs=1 vage=33 vpage=33 vdt=33 vmax=334 vacc=20734 vrej=0 seq=0 elapsed=0 oled=3C
[   5406] STATUS mode=3 fault=none enc=1053 denc=0 sreq=-41 sapplied=-41 crate=-41 uimp=96190 upos=1380 uneg=1300 ball=30.85 vball=-0.10 aball=-7.6 bref=0.00 pid=-41.4 pref=806.3 ppos=810.5 apid=-0.0 integ=-0.0 vision=1 current=1 vframe=20897 vs=1 vage=19 vpage=19 vdt=34 vmax=334 vacc=20735 vrej=0 seq=0 elapsed=0 oled=3C
[   5438] STATUS mode=3 fault=none enc=1051 denc=0 sreq=-56 sapplied=-56 crate=-56 uimp=94145 upos=1380 uneg=1340 ball=30.77 vball=-0.76 aball=-7.6 bref=0.00 pid=-56.3 pref=802.8 ppos=808.4 apid=-0.0 integ=-0.0 vision=1 current=1 vframe=20898 vs=1 vage=27 vpage=27 vdt=32 vmax=334 vacc=20736 vrej=0 seq=0 elapsed=0 oled=3C
[   5469] STATUS mode=3 fault=none enc=1049 denc=-1 sreq=-47 sapplied=-47 crate=-47 uimp=93090 upos=1380 uneg=1360 ball=30.74 vball=-0.76 aball=-7.9 bref=0.00 pid=-46.7 pref=802.7 ppos=807.4 apid=-0.0 integ=-0.0 vision=1 current=1 vframe=20906 vs=1 vage=13 vpage=13 vdt=34 vmax=334 vacc=20744 vrej=0 seq=0 elapsed=0 oled=3C
[   5483] STATUS mode=3 fault=none enc=1049 denc=0 sreq=-38 sapplied=-38 crate=-38 uimp=92225 upos=1380 uneg=1380 ball=30.74 vball=-0.76 aball=-7.9 bref=0.00 pid=-38.0 pref=802.7 ppos=806.5 apid=-0.0 integ=-0.0 vision=1 current=1 vframe=20906 vs=1 vage=33 vpage=33 vdt=34 vmax=334 vacc=20744 vrej=0 seq=0 elapsed=0 oled=3C
[   5516] STATUS mode=3 fault=none enc=1048 denc=0 sreq=0 sapplied=0 crate=0 uimp=91220 upos=1380 uneg=1420 ball=30.74 vball=-0.40 aball=-7.9 bref=0.00 pid=0.0 pref=804.5 ppos=805.5 apid=-0.0 integ=-0.0 vision=1 current=1 vframe=20908 vs=1 vage=6 vpage=6 vdt=34 vmax=334 vacc=20746 vrej=0 seq=0 elapsed=0 oled=3C
[   5547] STATUS mode=3 fault=none enc=1047 denc=1 sreq=0 sapplied=0 crate=0 uimp=91220 upos=1380 uneg=1420 ball=30.74 vball=-0.40 aball=-7.9 bref=0.00 pid=0.0 pref=804.5 ppos=805.5 apid=-0.0 integ=-0.0 vision=1 current=1 vframe=20908 vs=1 vage=26 vpage=26 vdt=34 vmax=334 vacc=20746 vrej=0 seq=0 elapsed=0 oled=3C
[   5578] STATUS mode=3 fault=none enc=1047 denc=0 sreq=0 sapplied=0 crate=0 uimp=91220 upos=1380 uneg=1420 ball=30.74 vball=-0.26 aball=-2.1 bref=0.00 pid=0.0 pref=805.2 ppos=805.5 apid=-0.0 integ=-0.0 vision=1 current=1 vframe=20909 vs=1 vage=13 vpage=13 vdt=33 vmax=334 vacc=20747 vrej=0 seq=0 elapsed=0 oled=3C
[   5594] STATUS mode=3 fault=none enc=1047 denc=0 sreq=34 sapplied=34 crate=34 uimp=91580 upos=1390 uneg=1420 ball=30.81 vball=0.50 aball=-2.1 bref=0.00 pid=33.5 pref=809.2 ppos=805.8 apid=-0.0 integ=-0.0 vision=1 current=1 vframe=20910 vs=1 vage=20 vpage=20 vdt=33 vmax=334 vacc=20748 vrej=0 seq=0 elapsed=0 oled=3C
[   5625] STATUS mode=3 fault=none enc=1046 denc=-1 sreq=48 sapplied=48 crate=48 uimp=92205 upos=1410 uneg=1420 ball=30.87 vball=0.88 aball=-2.1 bref=0.00 pid=48.1 pref=811.3 ppos=806.5 apid=-0.0 integ=-0.0 vision=1 current=1 vframe=20911 vs=1 vage=6 vpage=6 vdt=34 vmax=334 vacc=20749 vrej=0 seq=0 elapsed=0 oled=3C
[   5656] STATUS mode=3 fault=none enc=1048 denc=0 sreq=39 sapplied=39 crate=39 uimp=93095 upos=1430 uneg=1420 ball=30.87 vball=0.88 aball=-2.1 bref=0.00 pid=39.2 pref=811.3 ppos=807.4 apid=-0.0 integ=-0.0 vision=1 current=1 vframe=20911 vs=1 vage=26 vpage=26 vdt=34 vmax=334 vacc=20749 vrej=0 seq=0 elapsed=0 oled=3C
[   5672] STATUS mode=3 fault=none enc=1049 denc=0 sreq=22 sapplied=22 crate=22 uimp=94285 upos=1470 uneg=1420 ball=30.89 vball=0.77 aball=3.5 bref=0.00 pid=22.3 pref=810.8 ppos=808.5 apid=0.0 integ=-0.0 vision=1 current=1 vframe=20912 vs=1 vage=33 vpage=33 vdt=33 vmax=334 vacc=20750 vrej=0 seq=0 elapsed=0 oled=3C
[   5703] STATUS mode=3 fault=none enc=1050 denc=0 sreq=34 sapplied=34 crate=34 uimp=94965 upos=1490 uneg=1420 ball=30.95 vball=1.10 aball=3.5 bref=0.00 pid=33.8 pref=812.6 ppos=809.2 apid=0.0 integ=-0.0 vision=1 current=1 vframe=20913 vs=1 vage=19 vpage=19 vdt=34 vmax=334 vacc=20751 vrej=0 seq=0 elapsed=0 oled=3C
[   5733] STATUS mode=3 fault=none enc=1050 denc=0 sreq=20 sapplied=20 crate=20 uimp=95595 upos=1510 uneg=1420 ball=30.97 vball=0.93 aball=3.5 bref=0.00 pid=19.6 pref=811.8 ppos=809.9 apid=0.0 integ=-0.0 vision=1 current=1 vframe=20914 vs=1 vage=6 vpage=6 vdt=33 vmax=334 vacc=20752 vrej=0 seq=0 elapsed=0 oled=3C
[   5766] STATUS mode=3 fault=none enc=1051 denc=0 sreq=0 sapplied=0 crate=0 uimp=95695 upos=1515 uneg=1420 ball=30.97 vball=0.67 aball=1.5 bref=0.00 pid=0.0 pref=810.5 ppos=810.0 apid=0.0 integ=-0.0 vision=1 current=1 vframe=20915 vs=1 vage=13 vpage=13 vdt=33 vmax=334 vacc=20753 vrej=0 seq=0 elapsed=0 oled=3C
[   5781] STATUS mode=3 fault=none enc=1051 denc=0 sreq=0 sapplied=0 crate=0 uimp=95695 upos=1515 uneg=1420 ball=30.97 vball=0.67 aball=1.5 bref=0.00 pid=0.0 pref=810.5 ppos=810.0 apid=0.0 integ=-0.0 vision=1 current=1 vframe=20915 vs=1 vage=33 vpage=33 vdt=33 vmax=334 vacc=20753 vrej=0 seq=0 elapsed=0 oled=3C
[   5813] STATUS mode=3 fault=none enc=1051 denc=0 sreq=0 sapplied=0 crate=0 uimp=95695 upos=1515 uneg=1420 ball=30.97 vball=0.44 aball=1.5 bref=0.00 pid=0.0 pref=809.4 ppos=810.0 apid=0.0 integ=-0.0 vision=1 current=1 vframe=20916 vs=1 vage=20 vpage=20 vdt=33 vmax=334 vacc=20754 vrej=0 seq=0 elapsed=0 oled=3C
[   5844] STATUS mode=3 fault=none enc=1051 denc=0 sreq=0 sapplied=0 crate=-13 uimp=95695 upos=1515 uneg=1420 ball=30.97 vball=0.29 aball=1.5 bref=0.00 pid=-13.4 pref=808.6 ppos=810.0 apid=0.0 integ=-0.0 vision=1 current=1 vframe=20917 vs=1 vage=26 vpage=26 vdt=34 vmax=334 vacc=20755 vrej=0 seq=0 elapsed=0 oled=3C
[   5858] STATUS mode=3 fault=none enc=1051 denc=0 sreq=0 sapplied=0 crate=-19 uimp=95695 upos=1515 uneg=1420 ball=30.97 vball=0.18 aball=-1.4 bref=0.00 pid=-18.9 pref=808.1 ppos=810.0 apid=-0.0 integ=-0.0 vision=1 current=1 vframe=20918 vs=1 vage=13 vpage=13 vdt=33 vmax=334 vacc=20756 vrej=0 seq=0 elapsed=0 oled=3C
[   5891] STATUS mode=3 fault=none enc=1051 denc=0 sreq=0 sapplied=0 crate=-19 uimp=95695 upos=1515 uneg=1420 ball=30.97 vball=0.18 aball=-1.4 bref=0.00 pid=-18.9 pref=808.1 ppos=810.0 apid=-0.0 integ=-0.0 vision=1 current=1 vframe=20918 vs=1 vage=33 vpage=33 vdt=33 vmax=334 vacc=20756 vrej=0 seq=0 elapsed=0 oled=3C
[   5922] STATUS mode=3 fault=none enc=1051 denc=0 sreq=-21 sapplied=-21 crate=-21 uimp=95370 upos=1515 uneg=1435 ball=30.96 vball=0.07 aball=-1.4 bref=0.00 pid=-21.4 pref=807.5 ppos=809.6 apid=-0.0 integ=-0.0 vision=1 current=1 vframe=20920 vs=1 vage=6 vpage=6 vdt=34 vmax=334 vacc=20758 vrej=0 seq=0 elapsed=0 oled=3C
[   5938] STATUS mode=3 fault=none enc=1051 denc=0 sreq=0 sapplied=0 crate=-19 uimp=95165 upos=1515 uneg=1445 ball=30.96 vball=0.07 aball=-1.4 bref=0.00 pid=-19.4 pref=807.5 ppos=809.4 apid=-0.0 integ=-0.0 vision=1 current=1 vframe=20920 vs=1 vage=26 vpage=26 vdt=34 vmax=334 vacc=20758 vrej=0 seq=0 elapsed=0 oled=3C
[   5969] STATUS mode=3 fault=none enc=1051 denc=0 sreq=0 sapplied=0 crate=-19 uimp=94960 upos=1515 uneg=1455 ball=30.96 vball=0.04 aball=-1.4 bref=0.00 pid=-18.8 pref=807.3 ppos=809.2 apid=-0.0 integ=-0.0 vision=1 current=1 vframe=20921 vs=1 vage=13 vpage=13 vdt=33 vmax=334 vacc=20759 vrej=0 seq=0 elapsed=0 oled=3C
[   6000] STATUS mode=3 fault=none enc=1051 denc=0 sreq=-53 sapplied=-53 crate=-53 uimp=94075 upos=1515 uneg=1470 ball=30.88 vball=-0.77 aball=-1.4 bref=0.00 pid=-52.9 pref=803.1 ppos=808.3 apid=-0.0 integ=-0.0 vision=1 current=1 vframe=20922 vs=1 vage=20 vpage=20 vdt=33 vmax=334 vacc=20760 vrej=0 seq=0 elapsed=0 oled=3C
[   6031] STATUS mode=3 fault=none enc=1050 denc=0 sreq=-67 sapplied=-67 crate=-67 uimp=93095 upos=1515 uneg=1490 ball=30.80 vball=-1.21 aball=-1.4 bref=0.00 pid=-67.5 pref=800.6 ppos=807.4 apid=-0.0 integ=-0.0 vision=1 current=1 vframe=20923 vs=1 vage=5 vpage=5 vdt=35 vmax=334 vacc=20761 vrej=0 seq=0 elapsed=0 oled=3C
[   6047] STATUS mode=3 fault=none enc=1048 denc=-1 sreq=-55 sapplied=-55 crate=-55 uimp=91845 upos=1515 uneg=1510 ball=30.80 vball=-1.21 aball=-1.4 bref=0.00 pid=-55.0 pref=800.6 ppos=806.1 apid=-0.0 integ=-0.0 vision=1 current=1 vframe=20923 vs=1 vage=25 vpage=25 vdt=35 vmax=334 vacc=20761 vrej=0 seq=0 elapsed=0 oled=3C
[   6078] STATUS mode=3 fault=none enc=1047 denc=0 sreq=-31 sapplied=-31 crate=-31 uimp=90200 upos=1515 uneg=1550 ball=30.78 vball=-1.04 aball=-5.6 bref=0.00 pid=-30.6 pref=801.4 ppos=804.5 apid=-0.0 integ=-0.0 vision=1 current=1 vframe=20924 vs=1 vage=33 vpage=33 vdt=32 vmax=334 vacc=20762 vrej=0 seq=0 elapsed=0 oled=3C
[   6108] STATUS mode=3 fault=none enc=1045 denc=0 sreq=-153 sapplied=-153 crate=-153 uimp=87735 upos=1515 uneg=1570 ball=30.31 vball=-3.70 aball=-5.6 bref=0.00 pid=-153.1 pref=786.7 ppos=802.0 apid=-0.0 integ=-0.0 vision=1 current=1 vframe=20925 vs=1 vage=20 vpage=20 vdt=33 vmax=334 vacc=20763 vrej=0 seq=0 elapsed=0 oled=3C
[   6141] STATUS mode=3 fault=none enc=1040 denc=0 sreq=74 sapplied=74 crate=74 uimp=85550 upos=1525 uneg=1595 ball=30.65 vball=0.21 aball=-5.6 bref=0.00 pid=74.5 pref=807.3 ppos=799.8 apid=-0.0 integ=-0.0 vision=1 current=1 vframe=20926 vs=1 vage=27 vpage=27 vdt=33 vmax=334 vacc=20764 vrej=0 seq=0 elapsed=0 oled=3C
[   6156] STATUS mode=3 fault=none enc=1041 denc=-1 sreq=107 sapplied=107 crate=107 uimp=87435 upos=1545 uneg=1595 ball=30.76 vball=1.18 aball=6.9 bref=0.00 pid=107.4 pref=812.4 ppos=801.7 apid=0.0 integ=-0.0 vision=1 current=1 vframe=20927 vs=1 vage=13 vpage=13 vdt=34 vmax=334 vacc=20765 vrej=0 seq=0 elapsed=0 oled=3C
[   6188] STATUS mode=3 fault=none enc=1043 denc=-1 sreq=88 sapplied=88 crate=88 uimp=89425 upos=1565 uneg=1595 ball=30.80 vball=1.14 aball=6.9 bref=0.00 pid=87.6 pref=812.4 ppos=803.7 apid=0.0 integ=-0.0 vision=1 current=1 vframe=20928 vs=1 vage=1 vpage=1 vdt=32 vmax=334 vacc=20766 vrej=0 seq=0 elapsed=0 oled=3C
[   6219] STATUS mode=3 fault=none enc=1047 denc=0 sreq=109 sapplied=109 crate=109 uimp=92350 upos=1605 uneg=1595 ball=30.95 vball=2.07 aball=6.9 bref=0.00 pid=108.5 pref=817.5 ppos=806.6 apid=0.0 integ=-0.0 vision=1 current=1 vframe=20929 vs=1 vage=6 vpage=6 vdt=35 vmax=334 vacc=20767 vrej=0 seq=0 elapsed=0 oled=3C
[   6233] STATUS mode=3 fault=none enc=1050 denc=0 sreq=88 sapplied=88 crate=88 uimp=94365 upos=1625 uneg=1595 ball=30.95 vball=2.07 aball=6.9 bref=0.00 pid=88.4 pref=817.5 ppos=808.6 apid=0.0 integ=-0.0 vision=1 current=1 vframe=20929 vs=1 vage=26 vpage=26 vdt=35 vmax=334 vacc=20767 vrej=0 seq=0 elapsed=0 oled=3C
[   6266] STATUS mode=3 fault=none enc=1052 denc=1 sreq=63 sapplied=63 crate=63 uimp=95910 upos=1645 uneg=1595 ball=31.00 vball=1.85 aball=6.8 bref=0.00 pid=63.4 pref=816.5 ppos=810.2 apid=0.0 integ=-0.0 vision=1 current=1 vframe=20930 vs=1 vage=13 vpage=13 vdt=33 vmax=334 vacc=20768 vrej=0 seq=0 elapsed=0 oled=3C
[   6297] STATUS mode=3 fault=none enc=1054 denc=1 sreq=-42 sapplied=-42 crate=-42 uimp=96890 upos=1670 uneg=1605 ball=30.85 vball=0.03 aball=6.8 bref=0.00 pid=-41.9 pref=807.0 ppos=811.2 apid=0.0 integ=-0.0 vision=1 current=1 vframe=20931 vs=1 vage=21 vpage=21 vdt=32 vmax=334 vacc=20769 vrej=0 seq=0 elapsed=0 oled=3C
[   6328] STATUS mode=3 fault=none enc=1053 denc=-1 sreq=-58 sapplied=-58 crate=-58 uimp=96110 upos=1670 uneg=1625 ball=30.80 vball=-0.41 aball=6.8 bref=0.00 pid=-57.6 pref=804.6 ppos=810.4 apid=0.0 integ=-0.0 vision=1 current=1 vframe=20932 vs=1 vage=7 vpage=7 vdt=34 vmax=334 vacc=20770 vrej=0 seq=0 elapsed=0 oled=3C
[   6344] STATUS mode=3 fault=none enc=1051 denc=-2 sreq=-47 sapplied=-47 crate=-47 uimp=95040 upos=1670 uneg=1645 ball=30.80 vball=-0.41 aball=6.8 bref=0.00 pid=-46.9 pref=804.6 ppos=809.3 apid=0.0 integ=-0.0 vision=1 current=1 vframe=20932 vs=1 vage=27 vpage=27 vdt=34 vmax=334 vacc=20770 vrej=0 seq=0 elapsed=0 oled=3C
[   6375] STATUS mode=3 fault=none enc=1050 denc=0 sreq=-32 sapplied=-32 crate=-32 uimp=93425 upos=1670 uneg=1685 ball=30.79 vball=-0.43 aball=-6.6 bref=0.00 pid=-32.1 pref=804.5 ppos=807.7 apid=-0.0 integ=-0.0 vision=1 current=1 vframe=20933 vs=1 vage=34 vpage=34 vdt=33 vmax=334 vacc=20771 vrej=0 seq=0 elapsed=0 oled=3C
[   6406] STATUS mode=3 fault=none enc=1050 denc=0 sreq=-22 sapplied=-22 crate=-22 uimp=92900 upos=1670 uneg=1705 ball=30.78 vball=-0.33 aball=-6.6 bref=0.00 pid=-22.1 pref=805.0 ppos=807.2 apid=-0.0 integ=-0.0 vision=1 current=1 vframe=20934 vs=1 vage=20 vpage=20 vdt=34 vmax=334 vacc=20772 vrej=0 seq=0 elapsed=0 oled=3C
[   6438] STATUS mode=3 fault=none enc=1049 denc=-1 sreq=0 sapplied=0 crate=-14 uimp=92585 upos=1670 uneg=1720 ball=30.79 vball=-0.23 aball=-6.6 bref=0.00 pid=-13.7 pref=805.5 ppos=806.8 apid=-0.0 integ=-0.0 vision=1 current=1 vframe=20935 vs=1 vage=7 vpage=7 vdt=33 vmax=334 vacc=20773 vrej=0 seq=0 elapsed=0 oled=3C
[   6453] STATUS mode=3 fault=none enc=1049 denc=0 sreq=0 sapplied=0 crate=0 uimp=92585 upos=1670 uneg=1720 ball=30.79 vball=-0.15 aball=-2.4 bref=0.00 pid=0.0 pref=805.9 ppos=806.8 apid=-0.0 integ=-0.0 vision=1 current=1 vframe=20936 vs=1 vage=14 vpage=14 vdt=33 vmax=334 vacc=20774 vrej=0 seq=0 elapsed=0 oled=3C
[   6483] STATUS mode=3 fault=none enc=1049 denc=0 sreq=0 sapplied=0 crate=0 uimp=92585 upos=1670 uneg=1720 ball=30.79 vball=-0.09 aball=-2.4 bref=0.00 pid=0.0 pref=805.9 ppos=806.8 apid=-0.0 integ=-0.0 vision=1 current=1 vframe=20937 vs=1 vage=1 vpage=1 vdt=33 vmax=334 vacc=20775 vrej=0 seq=0 elapsed=0 oled=3C
[   6516] STATUS mode=3 fault=none enc=1049 denc=0 sreq=0 sapplied=0 crate=0 uimp=92585 upos=1670 uneg=1720 ball=30.79 vball=-0.09 aball=-2.4 bref=0.00 pid=0.0 pref=806.2 ppos=806.8 apid=-0.0 integ=-0.0 vision=1 current=1 vframe=20937 vs=1 vage=21 vpage=21 vdt=33 vmax=334 vacc=20775 vrej=0 seq=0 elapsed=0 oled=3C
[   6531] STATUS mode=3 fault=none enc=1049 denc=0 sreq=0 sapplied=0 crate=0 uimp=92585 upos=1670 uneg=1720 ball=30.79 vball=-0.06 aball=-2.4 bref=0.00 pid=0.0 pref=806.3 ppos=806.8 apid=-0.0 integ=-0.0 vision=1 current=1 vframe=20938 vs=1 vage=27 vpage=27 vdt=34 vmax=334 vacc=20776 vrej=0 seq=0 elapsed=0 oled=3C
[   6563] STATUS mode=3 fault=none enc=1049 denc=0 sreq=0 sapplied=0 crate=0 uimp=92585 upos=1670 uneg=1720 ball=30.79 vball=-0.04 aball=-0.8 bref=0.00 pid=0.0 pref=806.4 ppos=806.8 apid=-0.0 integ=-0.0 vision=1 current=1 vframe=20939 vs=1 vage=14 vpage=14 vdt=33 vmax=334 vacc=20777 vrej=0 seq=0 elapsed=0 oled=3C
[   6594] STATUS mode=3 fault=none enc=1049 denc=0 sreq=0 sapplied=0 crate=0 uimp=92585 upos=1670 uneg=1720 ball=30.79 vball=-0.02 aball=-0.8 bref=0.00 pid=0.0 pref=806.4 ppos=806.8 apid=-0.0 integ=-0.0 vision=1 current=1 vframe=20940 vs=1 vage=1 vpage=1 vdt=33 vmax=334 vacc=20778 vrej=0 seq=0 elapsed=0 oled=3C
[   6625] STATUS mode=3 fault=none enc=1049 denc=0 sreq=0 sapplied=0 crate=0 uimp=92585 upos=1670 uneg=1720 ball=30.79 vball=-0.01 aball=-0.8 bref=0.00 pid=0.0 pref=806.6 ppos=806.8 apid=-0.0 integ=-0.0 vision=1 current=1 vframe=20941 vs=1 vage=8 vpage=8 vdt=33 vmax=334 vacc=20779 vrej=0 seq=0 elapsed=0 oled=3C
[   6641] STATUS mode=3 fault=none enc=1049 denc=0 sreq=0 sapplied=0 crate=0 uimp=92585 upos=1670 uneg=1720 ball=30.79 vball=-0.01 aball=-0.8 bref=0.00 pid=0.0 pref=806.6 ppos=806.8 apid=-0.0 integ=-0.0 vision=1 current=1 vframe=20941 vs=1 vage=28 vpage=28 vdt=33 vmax=334 vacc=20779 vrej=0 seq=0 elapsed=0 oled=3C
[   6672] STATUS mode=3 fault=none enc=1049 denc=0 sreq=0 sapplied=0 crate=0 uimp=92585 upos=1670 uneg=1720 ball=30.79 vball=-0.01 aball=-0.3 bref=0.00 pid=0.0 pref=806.6 ppos=806.8 apid=-0.0 integ=-0.0 vision=1 current=1 vframe=20942 vs=1 vage=15 vpage=15 vdt=33 vmax=334 vacc=20780 vrej=0 seq=0 elapsed=0 oled=3C
[   6703] STATUS mode=3 fault=none enc=1049 denc=0 sreq=0 sapplied=0 crate=0 uimp=92585 upos=1670 uneg=1720 ball=30.79 vball=-0.00 aball=-0.3 bref=0.00 pid=0.0 pref=806.6 ppos=806.8 apid=-0.0 integ=-0.0 vision=1 current=1 vframe=20943 vs=1 vage=22 vpage=22 vdt=33 vmax=334 vacc=20781 vrej=0 seq=0 elapsed=0 oled=3C
[   6719] STATUS mode=3 fault=none enc=1049 denc=0 sreq=0 sapplied=0 crate=0 uimp=92585 upos=1670 uneg=1720 ball=30.79 vball=-0.00 aball=-0.3 bref=0.00 pid=0.0 pref=806.6 ppos=806.8 apid=-0.0 integ=-0.0 vision=1 current=1 vframe=20944 vs=1 vage=8 vpage=8 vdt=34 vmax=334 vacc=20782 vrej=0 seq=0 elapsed=0 oled=3C
[   6750] STATUS mode=3 fault=none enc=1049 denc=0 sreq=0 sapplied=0 crate=0 uimp=92585 upos=1670 uneg=1720 ball=30.79 vball=-0.00 aball=-0.3 bref=0.00 pid=0.0 pref=806.6 ppos=806.8 apid=-0.0 integ=-0.0 vision=1 current=1 vframe=20944 vs=1 vage=28 vpage=28 vdt=34 vmax=334 vacc=20782 vrej=0 seq=0 elapsed=0 oled=3C
[   6781] STATUS mode=3 fault=none enc=1045 denc=0 sreq=-162 sapplied=-162 crate=-162 uimp=87410 upos=1670 uneg=1750 ball=30.32 vball=-3.94 aball=-17.5 bref=0.00 pid=-161.5 pref=785.5 ppos=801.7 apid=-0.0 integ=-0.0 vision=1 current=1 vframe=20945 vs=1 vage=33 vpage=33 vdt=35 vmax=334 vacc=20783 vrej=0 seq=0 elapsed=0 oled=3C
[   6813] STATUS mode=3 fault=none enc=1041 denc=-1 sreq=-142 sapplied=-142 crate=-142 uimp=84245 upos=1670 uneg=1770 ball=30.17 vball=-4.09 aball=-17.5 bref=0.00 pid=-141.9 pref=784.3 ppos=798.5 apid=-0.0 integ=-0.0 vision=1 current=1 vframe=20946 vs=1 vage=19 vpage=19 vdt=34 vmax=334 vacc=20784 vrej=0 seq=0 elapsed=0 oled=3C
[   6828] STATUS mode=3 fault=none enc=1037 denc=-2 sreq=-70 sapplied=-70 crate=-70 uimp=81610 upos=1670 uneg=1790 ball=30.14 vball=-3.16 aball=-17.5 bref=0.00 pid=-69.9 pref=788.9 ppos=795.9 apid=-0.0 integ=-0.0 vision=1 current=1 vframe=20947 vs=1 vage=7 vpage=7 vdt=32 vmax=334 vacc=20785 vrej=0 seq=0 elapsed=0 oled=3C
[   6858] STATUS mode=3 fault=none enc=1035 denc=1 sreq=213 sapplied=213 crate=213 uimp=80490 upos=1675 uneg=1820 ball=30.62 vball=1.99 aball=17.1 bref=0.00 pid=213.2 pref=816.1 ppos=794.8 apid=0.0 integ=-0.0 vision=1 current=1 vframe=20948 vs=1 vage=13 vpage=13 vdt=34 vmax=334 vacc=20786 vrej=0 seq=0 elapsed=0 oled=3C
[   6891] STATUS mode=3 fault=none enc=1039 denc=1 sreq=174 sapplied=174 crate=174 uimp=84445 upos=1695 uneg=1820 ball=30.62 vball=1.99 aball=17.1 bref=0.00 pid=173.6 pref=816.1 ppos=798.7 apid=0.0 integ=-0.0 vision=1 current=1 vframe=20948 vs=1 vage=33 vpage=33 vdt=34 vmax=334 vacc=20786 vrej=0 seq=0 elapsed=0 oled=3C
[   6922] STATUS mode=3 fault=none enc=1043 denc=1 sreq=156 sapplied=156 crate=156 uimp=87910 upos=1715 uneg=1820 ball=30.73 vball=2.26 aball=17.1 bref=0.00 pid=155.8 pref=817.8 ppos=802.2 apid=0.0 integ=-0.0 vision=1 current=1 vframe=20949 vs=1 vage=20 vpage=20 vdt=33 vmax=334 vacc=20787 vrej=0 seq=0 elapsed=0 oled=3C
[   6938] STATUS mode=3 fault=none enc=1048 denc=-1 sreq=74 sapplied=74 crate=74 uimp=92490 upos=1755 uneg=1820 ball=30.72 vball=1.55 aball=17.1 bref=0.00 pid=74.2 pref=814.2 ppos=806.8 apid=0.0 integ=-0.0 vision=1 current=1 vframe=20950 vs=1 vage=27 vpage=27 vdt=33 vmax=334 vacc=20788 vrej=0 seq=0 elapsed=0 oled=3C
[   6969] STATUS mode=3 fault=none enc=1050 denc=0 sreq=35 sapplied=35 crate=35 uimp=93590 upos=1775 uneg=1820 ball=30.71 vball=1.00 aball=4.9 bref=0.00 pid=35.4 pref=811.4 ppos=807.9 apid=0.0 integ=-0.0 vision=1 current=1 vframe=20951 vs=1 vage=13 vpage=13 vdt=34 vmax=334 vacc=20789 vrej=0 seq=0 elapsed=0 oled=3C
[   7000] STATUS mode=3 fault=none enc=1050 denc=0 sreq=29 sapplied=29 crate=29 uimp=94245 upos=1795 uneg=1820 ball=30.71 vball=1.00 aball=4.9 bref=0.00 pid=28.8 pref=811.4 ppos=808.5 apid=0.0 integ=-0.0 vision=1 current=1 vframe=20951 vs=1 vage=33 vpage=33 vdt=34 vmax=334 vacc=20789 vrej=0 seq=0 elapsed=0 oled=3C
[   7016] STATUS mode=3 fault=none enc=1051 denc=0 sreq=0 sapplied=0 crate=0 uimp=94390 upos=1800 uneg=1820 ball=30.70 vball=0.39 aball=4.9 bref=0.00 pid=0.0 pref=808.3 ppos=808.7 apid=0.0 integ=-0.0 vision=1 current=1 vframe=20953 vs=1 vage=7 vpage=7 vdt=33 vmax=334 vacc=20791 vrej=0 seq=0 elapsed=0 oled=3C
[   7047] STATUS mode=3 fault=none enc=1051 denc=0 sreq=0 sapplied=0 crate=0 uimp=94390 upos=1800 uneg=1820 ball=30.70 vball=0.39 aball=4.9 bref=0.00 pid=0.0 pref=808.3 ppos=808.7 apid=0.0 integ=-0.0 vision=1 current=1 vframe=20953 vs=1 vage=27 vpage=27 vdt=33 vmax=334 vacc=20791 vrej=0 seq=0 elapsed=0 oled=3C
[   7078] STATUS mode=3 fault=none enc=1051 denc=0 sreq=0 sapplied=0 crate=15 uimp=94390 upos=1800 uneg=1820 ball=30.74 vball=0.74 aball=1.5 bref=0.00 pid=15.3 pref=810.2 ppos=808.7 apid=0.0 integ=-0.0 vision=1 current=1 vframe=20954 vs=1 vage=14 vpage=14 vdt=33 vmax=334 vacc=20792 vrej=0 seq=0 elapsed=0 oled=3C
[   7094] STATUS mode=3 fault=none enc=1052 denc=1 sreq=75 sapplied=75 crate=75 uimp=95635 upos=1815 uneg=1820 ball=30.92 vball=2.07 aball=1.5 bref=0.00 pid=74.7 pref=817.4 ppos=809.9 apid=0.0 integ=-0.0 vision=1 current=1 vframe=20955 vs=1 vage=20 vpage=20 vdt=34 vmax=334 vacc=20793 vrej=0 seq=0 elapsed=0 oled=3C
[   7125] STATUS mode=3 fault=none enc=1054 denc=1 sreq=55 sapplied=55 crate=55 uimp=97020 upos=1835 uneg=1820 ball=30.98 vball=1.91 aball=1.5 bref=0.00 pid=54.7 pref=816.8 ppos=811.3 apid=0.0 integ=-0.0 vision=1 current=1 vframe=20956 vs=1 vage=7 vpage=7 vdt=33 vmax=334 vacc=20794 vrej=0 seq=0 elapsed=0 oled=3C
[   7156] STATUS mode=3 fault=none enc=1055 denc=1 sreq=45 sapplied=45 crate=45 uimp=98035 upos=1855 uneg=1820 ball=30.98 vball=1.91 aball=1.5 bref=0.00 pid=44.5 pref=816.8 ppos=812.3 apid=0.0 integ=-0.0 vision=1 current=1 vframe=20956 vs=1 vage=27 vpage=27 vdt=33 vmax=334 vacc=20794 vrej=0 seq=0 elapsed=0 oled=3C
[   7172] STATUS mode=3 fault=none enc=1056 denc=0 sreq=0 sapplied=0 crate=17 uimp=98470 upos=1865 uneg=1820 ball=30.99 vball=1.44 aball=4.0 bref=0.00 pid=17.0 pref=814.4 ppos=812.7 apid=0.0 integ=-0.0 vision=1 current=1 vframe=20957 vs=1 vage=33 vpage=33 vdt=34 vmax=334 vacc=20795 vrej=0 seq=0 elapsed=0 oled=3C
[   7203] STATUS mode=3 fault=none enc=1056 denc=0 sreq=0 sapplied=0 crate=0 uimp=98470 upos=1865 uneg=1820 ball=30.98 vball=0.97 aball=4.0 bref=0.00 pid=0.0 pref=812.1 ppos=812.7 apid=0.0 integ=-0.0 vision=1 current=1 vframe=20958 vs=1 vage=20 vpage=20 vdt=33 vmax=334 vacc=20796 vrej=0 seq=0 elapsed=0 oled=3C
[   7233] STATUS mode=3 fault=none enc=1056 denc=0 sreq=-24 sapplied=0 crate=-24 uimp=98470 upos=1865 uneg=1820 ball=30.98 vball=0.63 aball=4.0 bref=0.00 pid=-23.8 pref=810.4 ppos=812.7 apid=0.0 integ=-0.0 vision=1 current=1 vframe=20959 vs=1 vage=6 vpage=6 vdt=34 vmax=334 vacc=20797 vrej=0 seq=0 elapsed=0 oled=3C
[   7266] STATUS mode=3 fault=none enc=1056 denc=0 sreq=-25 sapplied=-25 crate=-25 uimp=97765 upos=1865 uneg=1850 ball=30.98 vball=0.47 aball=-2.2 bref=0.00 pid=-24.8 pref=809.6 ppos=812.0 apid=-0.0 integ=-0.0 vision=1 current=1 vframe=20960 vs=1 vage=13 vpage=13 vdt=33 vmax=334 vacc=20798 vrej=0 seq=0 elapsed=0 oled=3C
[   7281] STATUS mode=3 fault=none enc=1056 denc=0 sreq=-20 sapplied=-20 crate=-20 uimp=97305 upos=1865 uneg=1870 ball=30.99 vball=0.43 aball=-2.2 bref=0.00 pid=-20.2 pref=809.6 ppos=811.6 apid=-0.0 integ=-0.0 vision=1 current=1 vframe=20961 vs=1 vage=1 vpage=1 vdt=32 vmax=334 vacc=20799 vrej=0 seq=0 elapsed=0 oled=3C
[   7313] STATUS mode=3 fault=none enc=1055 denc=-1 sreq=0 sapplied=0 crate=-19 uimp=97000 upos=1865 uneg=1885 ball=30.99 vball=0.43 aball=-2.2 bref=0.00 pid=-18.8 pref=809.4 ppos=811.3 apid=-0.0 integ=-0.0 vision=1 current=1 vframe=20961 vs=1 vage=21 vpage=21 vdt=32 vmax=334 vacc=20799 vrej=0 seq=0 elapsed=0 oled=3C
[   7344] STATUS mode=3 fault=none enc=1055 denc=0 sreq=0 sapplied=0 crate=-19 uimp=96685 upos=1865 uneg=1900 ball=31.00 vball=0.36 aball=-2.2 bref=0.00 pid=-18.9 pref=809.1 ppos=810.9 apid=-0.0 integ=-0.0 vision=1 current=1 vframe=20962 vs=1 vage=26 vpage=26 vdt=35 vmax=334 vacc=20800 vrej=0 seq=0 elapsed=0 oled=3C
[   7375] STATUS mode=3 fault=none enc=1055 denc=0 sreq=-25 sapplied=-25 crate=-25 uimp=96415 upos=1865 uneg=1910 ball=30.99 vball=0.19 aball=-2.5 bref=0.00 pid=-25.0 pref=808.2 ppos=810.7 apid=-0.0 integ=-0.0 vision=1 current=1 vframe=20963 vs=1 vage=14 vpage=14 vdt=32 vmax=334 vacc=20801 vrej=0 seq=0 elapsed=0 oled=3C
[   7391] STATUS mode=3 fault=none enc=1055 denc=0 sreq=-20 sapplied=-20 crate=-20 uimp=95950 upos=1865 uneg=1930 ball=30.99 vball=0.19 aball=-2.5 bref=0.00 pid=-20.3 pref=808.2 ppos=810.2 apid=-0.0 integ=-0.0 vision=1 current=1 vframe=20963 vs=1 vage=34 vpage=34 vdt=32 vmax=334 vacc=20801 vrej=0 seq=0 elapsed=0 oled=3C
[   7422] STATUS mode=3 fault=none enc=1052 denc=-2 sreq=-21 sapplied=-21 crate=-21 uimp=95170 upos=1865 uneg=1965 ball=30.98 vball=0.02 aball=-2.5 bref=0.00 pid=-21.3 pref=807.3 ppos=809.4 apid=-0.0 integ=-0.0 vision=1 current=1 vframe=20965 vs=1 vage=7 vpage=7 vdt=33 vmax=334 vacc=20803 vrej=0 seq=0 elapsed=0 oled=3C
[   7453] STATUS mode=3 fault=none enc=1053 denc=0 sreq=0 sapplied=0 crate=-19 uimp=94965 upos=1865 uneg=1975 ball=30.98 vball=0.02 aball=-2.5 bref=0.00 pid=-19.3 pref=807.3 ppos=809.2 apid=-0.0 integ=-0.0 vision=1 current=1 vframe=20965 vs=1 vage=27 vpage=27 vdt=33 vmax=334 vacc=20803 vrej=0 seq=0 elapsed=0 oled=3C
[   7469] STATUS mode=3 fault=none enc=1053 denc=0 sreq=0 sapplied=0 crate=-19 uimp=94865 upos=1865 uneg=1980 ball=30.98 vball=0.01 aball=-2.2 bref=0.00 pid=-18.8 pref=807.3 ppos=809.1 apid=-0.0 integ=-0.0 vision=1 current=1 vframe=20966 vs=1 vage=33 vpage=33 vdt=34 vmax=334 vacc=20804 vrej=0 seq=0 elapsed=0 oled=3C
[   7500] STATUS mode=3 fault=none enc=1053 denc=0 sreq=0 sapplied=0 crate=-19 uimp=94865 upos=1865 uneg=1980 ball=30.98 vball=0.00 aball=-2.2 bref=0.00 pid=-19.3 pref=807.2 ppos=809.1 apid=-0.0 integ=-0.0 vision=1 current=1 vframe=20967 vs=1 vage=20 vpage=20 vdt=33 vmax=334 vacc=20805 vrej=0 seq=0 elapsed=0 oled=3C
[   7531] STATUS mode=3 fault=none enc=1053 denc=0 sreq=-22 sapplied=-22 crate=-22 uimp=94865 upos=1865 uneg=1980 ball=30.97 vball=-0.04 aball=-2.2 bref=0.00 pid=-21.6 pref=807.0 ppos=809.1 apid=-0.0 integ=-0.0 vision=1 current=1 vframe=20968 vs=1 vage=7 vpage=7 vdt=33 vmax=334 vacc=20806 vrej=0 seq=0 elapsed=0 oled=3C
[   7563] STATUS mode=3 fault=none enc=1053 denc=0 sreq=0 sapplied=0 crate=0 uimp=94655 upos=1865 uneg=1990 ball=31.00 vball=0.25 aball=-0.1 bref=0.00 pid=0.0 pref=808.5 ppos=808.9 apid=-0.0 integ=-0.0 vision=1 current=1 vframe=20969 vs=1 vage=14 vpage=14 vdt=33 vmax=334 vacc=20807 vrej=0 seq=0 elapsed=0 oled=3C
[   7578] STATUS mode=3 fault=none enc=1053 denc=0 sreq=0 sapplied=0 crate=0 uimp=94655 upos=1865 uneg=1990 ball=31.01 vball=0.26 aball=-0.1 bref=0.00 pid=0.0 pref=808.5 ppos=808.9 apid=-0.0 integ=-0.0 vision=1 current=1 vframe=20970 vs=1 vage=0 vpage=0 vdt=34 vmax=334 vacc=20808 vrej=0 seq=0 elapsed=0 oled=3C
[   7608] STATUS mode=3 fault=none enc=1053 denc=0 sreq=0 sapplied=0 crate=0 uimp=94655 upos=1865 uneg=1990 ball=31.01 vball=0.26 aball=-0.1 bref=0.00 pid=0.0 pref=808.6 ppos=808.9 apid=-0.0 integ=-0.0 vision=1 current=1 vframe=20970 vs=1 vage=20 vpage=20 vdt=34 vmax=334 vacc=20808 vrej=0 seq=0 elapsed=0 oled=3C
[   7641] STATUS mode=3 fault=none enc=1053 denc=0 sreq=0 sapplied=0 crate=-19 uimp=94090 upos=1865 uneg=2015 ball=30.97 vball=-0.15 aball=-0.1 bref=0.00 pid=-19.3 pref=806.4 ppos=808.4 apid=-0.0 integ=-0.0 vision=1 current=1 vframe=20971 vs=1 vage=28 vpage=28 vdt=32 vmax=334 vacc=20809 vrej=0 seq=0 elapsed=0 oled=3C
[   7656] STATUS mode=3 fault=none enc=1051 denc=0 sreq=-21 sapplied=-21 crate=-21 uimp=93865 upos=1865 uneg=2025 ball=30.96 vball=-0.22 aball=-2.2 bref=0.00 pid=-20.9 pref=806.0 ppos=808.1 apid=-0.0 integ=-0.0 vision=1 current=1 vframe=20972 vs=1 vage=14 vpage=14 vdt=34 vmax=334 vacc=20810 vrej=0 seq=0 elapsed=0 oled=3C
[   7688] STATUS mode=3 fault=none enc=1051 denc=-1 sreq=0 sapplied=0 crate=-19 uimp=93660 upos=1865 uneg=2035 ball=30.96 vball=-0.19 aball=-2.2 bref=0.00 pid=-18.8 pref=806.0 ppos=807.9 apid=-0.0 integ=-0.0 vision=1 current=1 vframe=20973 vs=1 vage=1 vpage=1 vdt=33 vmax=334 vacc=20811 vrej=0 seq=0 elapsed=0 oled=3C
[   7719] STATUS mode=3 fault=none enc=1051 denc=0 sreq=0 sapplied=0 crate=-15 uimp=93660 upos=1865 uneg=2035 ball=30.96 vball=-0.14 aball=-2.2 bref=0.00 pid=-14.8 pref=806.4 ppos=807.9 apid=-0.0 integ=-0.0 vision=1 current=1 vframe=20974 vs=1 vage=6 vpage=6 vdt=35 vmax=334 vacc=20812 vrej=0 seq=0 elapsed=0 oled=3C
[   7750] STATUS mode=3 fault=none enc=1051 denc=0 sreq=0 sapplied=0 crate=-15 uimp=93660 upos=1865 uneg=2035 ball=30.96 vball=-0.14 aball=-2.2 bref=0.00 pid=-14.8 pref=806.4 ppos=807.9 apid=-0.0 integ=-0.0 vision=1 current=1 vframe=20974 vs=1 vage=26 vpage=26 vdt=35 vmax=334 vacc=20812 vrej=0 seq=0 elapsed=0 oled=3C
[   7766] STATUS mode=3 fault=none enc=1051 denc=0 sreq=-50 sapplied=-50 crate=-50 uimp=93120 upos=1865 uneg=2045 ball=30.89 vball=-0.91 aball=-4.3 bref=0.00 pid=-50.0 pref=802.4 ppos=807.4 apid=-0.0 integ=-0.0 vision=1 current=1 vframe=20975 vs=1 vage=13 vpage=13 vdt=33 vmax=334 vacc=20813 vrej=0 seq=0 elapsed=0 oled=3C
[   7797] STATUS mode=3 fault=none enc=1049 denc=0 sreq=0 sapplied=0 crate=0 uimp=91790 upos=1865 uneg=2075 ball=30.93 vball=-0.24 aball=-4.3 bref=0.00 pid=0.0 pref=805.9 ppos=806.1 apid=-0.0 integ=-0.0 vision=1 current=1 vframe=20976 vs=1 vage=14 vpage=14 vdt=39 vmax=334 vacc=20814 vrej=0 seq=0 elapsed=0 oled=3C
[   7828] STATUS mode=3 fault=none enc=1049 denc=0 sreq=0 sapplied=0 crate=10 uimp=91790 upos=1865 uneg=2075 ball=30.95 vball=-0.01 aball=-4.3 bref=0.00 pid=10.1 pref=807.1 ppos=806.1 apid=-0.0 integ=-0.0 vision=1 current=1 vframe=20977 vs=1 vage=3 vpage=3 vdt=31 vmax=334 vacc=20815 vrej=0 seq=0 elapsed=0 oled=3C
[   7844] STATUS mode=3 fault=none enc=1049 denc=0 sreq=0 sapplied=0 crate=10 uimp=91790 upos=1865 uneg=2075 ball=30.95 vball=-0.01 aball=-4.3 bref=0.00 pid=10.1 pref=807.1 ppos=806.1 apid=-0.0 integ=-0.0 vision=1 current=1 vframe=20977 vs=1 vage=23 vpage=23 vdt=31 vmax=334 vacc=20815 vrej=0 seq=0 elapsed=0 oled=3C
[   7875] STATUS mode=3 fault=none enc=1049 denc=0 sreq=0 sapplied=0 crate=13 uimp=91790 upos=1865 uneg=2075 ball=30.96 vball=0.05 aball=1.5 bref=0.00 pid=13.4 pref=807.4 ppos=806.1 apid=0.0 integ=-0.0 vision=1 current=1 vframe=20978 vs=1 vage=21 vpage=21 vdt=42 vmax=334 vacc=20816 vrej=0 seq=0 elapsed=0 oled=3C
[   7906] STATUS mode=3 fault=none enc=1049 denc=0 sreq=0 sapplied=0 crate=13 uimp=91790 upos=1865 uneg=2075 ball=30.96 vball=0.05 aball=1.5 bref=0.00 pid=13.4 pref=807.4 ppos=806.1 apid=0.0 integ=-0.0 vision=1 current=1 vframe=20979 vs=1 vage=14 vpage=14 vdt=27 vmax=334 vacc=20817 vrej=0 seq=0 elapsed=0 oled=3C
[   7938] STATUS mode=3 fault=none enc=1049 denc=0 sreq=0 sapplied=0 crate=13 uimp=91790 upos=1865 uneg=2075 ball=30.96 vball=0.04 aball=1.5 bref=0.00 pid=12.9 pref=807.3 ppos=806.1 apid=0.0 integ=-0.0 vision=1 current=1 vframe=20980 vs=1 vage=8 vpage=8 vdt=26 vmax=334 vacc=20818 vrej=0 seq=0 elapsed=0 oled=3C
[   7953] STATUS mode=3 fault=none enc=1049 denc=0 sreq=-42 sapplied=-42 crate=-42 uimp=91330 upos=1865 uneg=2085 ball=30.83 vball=-1.08 aball=-4.9 bref=0.00 pid=-42.4 pref=801.4 ppos=805.6 apid=-0.0 integ=-0.0 vision=1 current=1 vframe=20981 vs=1 vage=13 vpage=13 vdt=35 vmax=334 vacc=20819 vrej=0 seq=0 elapsed=0 oled=3C
[   7983] STATUS mode=3 fault=none enc=1048 denc=-1 sreq=-35 sapplied=-35 crate=-35 uimp=90550 upos=1865 uneg=2105 ball=30.83 vball=-1.08 aball=-4.9 bref=0.00 pid=-34.6 pref=801.4 ppos=804.8 apid=-0.0 integ=-0.0 vision=1 current=1 vframe=20981 vs=1 vage=33 vpage=33 vdt=35 vmax=334 vacc=20819 vrej=0 seq=0 elapsed=0 oled=3C
[   8016] STATUS mode=3 fault=none enc=1048 denc=0 sreq=-27 sapplied=-27 crate=-27 uimp=89920 upos=1865 uneg=2125 ball=30.80 vball=-1.04 aball=-4.9 bref=0.00 pid=-27.2 pref=801.5 ppos=804.2 apid=-0.0 integ=-0.0 vision=1 current=1 vframe=20982 vs=1 vage=20 vpage=20 vdt=33 vmax=334 vacc=20820 vrej=0 seq=0 elapsed=0 oled=3C
[   8031] STATUS mode=3 fault=none enc=1046 denc=0 sreq=-56 sapplied=-56 crate=-56 uimp=88145 upos=1865 uneg=2165 ball=30.66 vball=-1.88 aball=-4.9 bref=0.00 pid=-55.7 pref=796.8 ppos=802.4 apid=-0.0 integ=-0.0 vision=1 current=1 vframe=20983 vs=1 vage=27 vpage=27 vdt=33 vmax=334 vacc=20821 vrej=0 seq=0 elapsed=0 oled=3C
[   8063] STATUS mode=3 fault=none enc=1044 denc=0 sreq=0 sapplied=0 crate=0 uimp=87600 upos=1865 uneg=2175 ball=30.71 vball=-0.86 aball=-1.7 bref=0.00 pid=0.0 pref=802.1 ppos=801.9 apid=-0.0 integ=-0.0 vision=1 current=1 vframe=20984 vs=1 vage=13 vpage=13 vdt=34 vmax=334 vacc=20822 vrej=0 seq=0 elapsed=0 oled=3C
[   8094] STATUS mode=3 fault=none enc=1044 denc=0 sreq=0 sapplied=0 crate=0 uimp=87600 upos=1865 uneg=2175 ball=30.71 vball=-0.86 aball=-1.7 bref=0.00 pid=0.0 pref=802.1 ppos=801.9 apid=-0.0 integ=-0.0 vision=1 current=1 vframe=20984 vs=1 vage=33 vpage=33 vdt=34 vmax=334 vacc=20822 vrej=0 seq=0 elapsed=0 oled=3C
[   8125] STATUS mode=3 fault=none enc=1045 denc=1 sreq=0 sapplied=0 crate=0 uimp=88875 upos=1895 uneg=2175 ball=30.72 vball=-0.62 aball=-1.7 bref=0.00 pid=0.0 pref=803.3 ppos=803.1 apid=-0.0 integ=-0.0 vision=1 current=1 vframe=20986 vs=1 vage=7 vpage=7 vdt=33 vmax=334 vacc=20824 vrej=0 seq=0 elapsed=0 oled=3C
[   8141] STATUS mode=3 fault=none enc=1045 denc=0 sreq=0 sapplied=0 crate=0 uimp=88875 upos=1895 uneg=2175 ball=30.72 vball=-0.62 aball=-1.7 bref=0.00 pid=0.0 pref=803.3 ppos=803.1 apid=-0.0 integ=-0.0 vision=1 current=1 vframe=20986 vs=1 vage=27 vpage=27 vdt=33 vmax=334 vacc=20824 vrej=0 seq=0 elapsed=0 oled=3C
[   8172] STATUS mode=3 fault=none enc=1045 denc=0 sreq=-20 sapplied=-20 crate=-20 uimp=88770 upos=1895 uneg=2180 ball=30.65 vball=-1.03 aball=-1.7 bref=0.00 pid=-19.7 pref=801.1 ppos=803.0 apid=-0.0 integ=-0.0 vision=1 current=1 vframe=20987 vs=1 vage=15 vpage=15 vdt=32 vmax=334 vacc=20825 vrej=0 seq=0 elapsed=0 oled=3C
[   8203] STATUS mode=3 fault=none enc=1045 denc=0 sreq=0 sapplied=0 crate=0 uimp=88670 upos=1895 uneg=2185 ball=30.65 vball=-0.69 aball=-1.7 bref=0.00 pid=0.0 pref=802.8 ppos=802.9 apid=-0.0 integ=-0.0 vision=1 current=1 vframe=20988 vs=1 vage=21 vpage=21 vdt=34 vmax=334 vacc=20826 vrej=0 seq=0 elapsed=0 oled=3C
[   8219] STATUS mode=3 fault=none enc=1045 denc=0 sreq=0 sapplied=0 crate=16 uimp=88670 upos=1895 uneg=2185 ball=30.67 vball=-0.35 aball=-1.7 bref=0.00 pid=15.9 pref=804.5 ppos=802.9 apid=-0.0 integ=-0.0 vision=1 current=1 vframe=20989 vs=1 vage=8 vpage=8 vdt=33 vmax=334 vacc=20827 vrej=0 seq=0 elapsed=0 oled=3C
[   8250] STATUS mode=3 fault=none enc=1045 denc=0 sreq=0 sapplied=0 crate=16 uimp=88670 upos=1895 uneg=2185 ball=30.67 vball=-0.35 aball=-1.7 bref=0.00 pid=15.9 pref=804.5 ppos=802.9 apid=-0.0 integ=-0.0 vision=1 current=1 vframe=20989 vs=1 vage=28 vpage=28 vdt=33 vmax=334 vacc=20827 vrej=0 seq=0 elapsed=0 oled=3C
[   8281] STATUS mode=3 fault=none enc=1045 denc=0 sreq=-22 sapplied=-22 crate=-22 uimp=87880 upos=1895 uneg=2215 ball=30.67 vball=0.25 aball=-1.7 bref=0.00 pid=-22.0 pref=799.9 ppos=802.1 apid=-0.0 integ=-0.0 vision=1 current=1 vframe=20991 vs=1 vage=2 vpage=2 vdt=33 vmax=334 vacc=20829 vrej=0 seq=0 elapsed=0 oled=3C
[   8313] STATUS mode=3 fault=none enc=1044 denc=0 sreq=50 sapplied=50 crate=50 uimp=88305 upos=1905 uneg=2220 ball=30.67 vball=0.25 aball=-1.7 bref=0.00 pid=49.5 pref=807.5 ppos=802.6 apid=-0.0 integ=-0.0 vision=1 current=1 vframe=20991 vs=1 vage=22 vpage=22 vdt=33 vmax=334 vacc=20829 vrej=0 seq=0 elapsed=0 oled=3C
[   8328] STATUS mode=3 fault=none enc=1045 denc=0 sreq=87 sapplied=87 crate=87 uimp=89475 upos=1925 uneg=2220 ball=30.78 vball=1.17 aball=-1.7 bref=0.00 pid=87.1 pref=812.5 ppos=803.7 apid=-0.0 integ=-0.0 vision=1 current=1 vframe=20992 vs=1 vage=8 vpage=8 vdt=34 vmax=334 vacc=20830 vrej=0 seq=0 elapsed=0 oled=3C
[   8358] STATUS mode=3 fault=none enc=1048 denc=0 sreq=57 sapplied=57 crate=57 uimp=92410 upos=1965 uneg=2220 ball=30.82 vball=1.14 aball=9.6 bref=0.00 pid=57.5 pref=812.4 ppos=806.7 apid=0.0 integ=-0.0 vision=1 current=1 vframe=20993 vs=1 vage=15 vpage=15 vdt=33 vmax=334 vacc=20831 vrej=0 seq=0 elapsed=0 oled=3C
[   8391] STATUS mode=3 fault=none enc=1050 denc=0 sreq=47 sapplied=47 crate=47 uimp=93475 upos=1985 uneg=2220 ball=30.86 vball=1.12 aball=9.6 bref=0.00 pid=46.8 pref=812.4 ppos=807.7 apid=0.0 integ=-0.0 vision=1 current=1 vframe=21001 vs=1 vage=2 vpage=2 vdt=33 vmax=334 vacc=20839 vrej=0 seq=0 elapsed=0 oled=3C
[   8406] STATUS mode=3 fault=none enc=1051 denc=1 sreq=38 sapplied=38 crate=38 uimp=94345 upos=2005 uneg=2220 ball=30.86 vball=1.12 aball=9.6 bref=0.00 pid=38.3 pref=812.4 ppos=808.6 apid=0.0 integ=-0.0 vision=1 current=1 vframe=21001 vs=1 vage=22 vpage=22 vdt=33 vmax=334 vacc=20839 vrej=0 seq=0 elapsed=0 oled=3C
[   8438] STATUS mode=3 fault=none enc=1052 denc=0 sreq=0 sapplied=0 crate=19 uimp=94990 upos=2025 uneg=2220 ball=30.87 vball=0.86 aball=9.6 bref=0.00 pid=19.2 pref=811.2 ppos=809.3 apid=0.0 integ=-0.0 vision=1 current=1 vframe=21002 vs=1 vage=28 vpage=28 vdt=34 vmax=334 vacc=20840 vrej=0 seq=0 elapsed=0 oled=3C
[   8469] STATUS mode=3 fault=none enc=1052 denc=0 sreq=0 sapplied=0 crate=0 uimp=94990 upos=2025 uneg=2220 ball=30.86 vball=0.59 aball=2.8 bref=0.00 pid=0.0 pref=809.8 ppos=809.3 apid=0.0 integ=-0.0 vision=1 current=1 vframe=21003 vs=1 vage=15 vpage=15 vdt=33 vmax=334 vacc=20841 vrej=0 seq=0 elapsed=0 oled=3C
[   8500] STATUS mode=3 fault=none enc=1052 denc=0 sreq=0 sapplied=0 crate=0 uimp=94990 upos=2025 uneg=2220 ball=30.86 vball=0.38 aball=2.8 bref=0.00 pid=0.0 pref=809.8 ppos=809.3 apid=0.0 integ=-0.0 vision=1 current=1 vframe=21004 vs=1 vage=2 vpage=2 vdt=33 vmax=334 vacc=20842 vrej=0 seq=0 elapsed=0 oled=3C
[   8516] STATUS mode=3 fault=none enc=1052 denc=0 sreq=0 sapplied=0 crate=-12 uimp=94990 upos=2025 uneg=2220 ball=30.86 vball=0.24 aball=2.8 bref=0.00 pid=-12.1 pref=808.0 ppos=809.3 apid=0.0 integ=-0.0 vision=1 current=1 vframe=21005 vs=1 vage=9 vpage=9 vdt=33 vmax=334 vacc=20843 vrej=0 seq=0 elapsed=0 oled=3C
[   8547] STATUS mode=3 fault=none enc=1052 denc=0 sreq=0 sapplied=0 crate=-12 uimp=94990 upos=2025 uneg=2220 ball=30.86 vball=0.24 aball=2.8 bref=0.00 pid=-12.1 pref=808.0 ppos=809.3 apid=0.0 integ=-0.0 vision=1 current=1 vframe=21005 vs=1 vage=29 vpage=29 vdt=33 vmax=334 vacc=20843 vrej=0 seq=0 elapsed=0 oled=3C
[   8578] STATUS mode=3 fault=none enc=1052 denc=0 sreq=-250 sapplied=-250 crate=-250 uimp=93930 upos=2025 uneg=2225 ball=30.22 vball=-5.19 aball=-24.5 bref=0.00 pid=-250.0 pref=779.0 ppos=808.2 apid=-0.0 integ=-0.0 vision=1 current=1 vframe=21006 vs=1 vage=15 vpage=15 vdt=34 vmax=334 vacc=20844 vrej=0 seq=0 elapsed=0 oled=3C
[   8594] STATUS mode=3 fault=none enc=1041 denc=-1 sreq=-211 sapplied=-211 crate=-211 uimp=84210 upos=2025 uneg=2265 ball=30.03 vball=-5.39 aball=-24.5 bref=0.00 pid=-210.7 pref=777.4 ppos=798.5 apid=-0.0 integ=-0.0 vision=1 current=1 vframe=21007 vs=1 vage=22 vpage=22 vdt=33 vmax=334 vacc=20845 vrej=0 seq=0 elapsed=0 oled=3C
[   8625] STATUS mode=3 fault=none enc=1037 denc=0 sreq=-80 sapplied=-80 crate=-80 uimp=80755 upos=2025 uneg=2285 ball=30.05 vball=-3.47 aball=-24.5 bref=0.00 pid=-79.6 pref=787.1 ppos=795.0 apid=-0.0 integ=-0.0 vision=1 current=1 vframe=21008 vs=1 vage=8 vpage=8 vdt=34 vmax=334 vacc=20846 vrej=0 seq=0 elapsed=0 oled=3C
[   8656] STATUS mode=3 fault=none enc=1035 denc=-1 sreq=-65 sapplied=-65 crate=-65 uimp=79275 upos=2025 uneg=2305 ball=30.05 vball=-3.47 aball=-24.5 bref=0.00 pid=-64.8 pref=787.1 ppos=793.5 apid=-0.0 integ=-0.0 vision=1 current=1 vframe=21008 vs=1 vage=28 vpage=28 vdt=34 vmax=334 vacc=20846 vrej=0 seq=0 elapsed=0 oled=3C
[   8688] STATUS mode=3 fault=none enc=1033 denc=0 sreq=0 sapplied=0 crate=19 uimp=78965 upos=2040 uneg=2315 ball=30.18 vball=-0.80 aball=1.4 bref=0.00 pid=19.4 pref=795.2 ppos=793.2 apid=0.0 integ=-0.0 vision=1 current=1 vframe=21010 vs=1 vage=1 vpage=1 vdt=34 vmax=334 vacc=20848 vrej=0 seq=0 elapsed=0 oled=3C
[   8703] STATUS mode=3 fault=none enc=1033 denc=0 sreq=65 sapplied=65 crate=65 uimp=80045 upos=2055 uneg=2315 ball=30.18 vball=-0.80 aball=1.4 bref=0.00 pid=64.9 pref=800.8 ppos=794.3 apid=0.0 integ=-0.0 vision=1 current=1 vframe=21010 vs=1 vage=21 vpage=21 vdt=34 vmax=334 vacc=20848 vrej=0 seq=0 elapsed=0 oled=3C
[   8733] STATUS mode=3 fault=none enc=1037 denc=0 sreq=66 sapplied=66 crate=66 uimp=82905 upos=2095 uneg=2315 ball=30.22 vball=-0.23 aball=1.4 bref=0.00 pid=81.1 pref=803.8 ppos=795.7 apid=0.0 integ=-0.0 vision=1 current=1 vframe=21011 vs=1 vage=8 vpage=8 vdt=33 vmax=334 vacc=20849 vrej=0 seq=0 elapsed=0 oled=3C
[   8766] STATUS mode=3 fault=none enc=1038 denc=0 sreq=52 sapplied=52 crate=52 uimp=84115 upos=2115 uneg=2315 ball=30.21 vball=-0.26 aball=8.1 bref=0.00 pid=52.1 pref=803.6 ppos=798.4 apid=0.0 integ=-0.0 vision=1 current=1 vframe=21012 vs=1 vage=15 vpage=15 vdt=33 vmax=334 vacc=20850 vrej=0 seq=0 elapsed=0 oled=3C
[   8781] STATUS mode=3 fault=none enc=1039 denc=0 sreq=42 sapplied=42 crate=42 uimp=85085 upos=2135 uneg=2315 ball=30.19 vball=-0.33 aball=8.1 bref=0.00 pid=42.4 pref=803.6 ppos=799.3 apid=0.0 integ=-0.0 vision=1 current=1 vframe=21013 vs=1 vage=1 vpage=1 vdt=34 vmax=334 vacc=20851 vrej=0 seq=0 elapsed=0 oled=3C
[   8813] STATUS mode=3 fault=none enc=1040 denc=0 sreq=28 sapplied=28 crate=28 uimp=86400 upos=2175 uneg=2315 ball=30.19 vball=-0.33 aball=8.1 bref=0.00 pid=31.1 pref=803.2 ppos=800.1 apid=0.0 integ=-0.0 vision=1 current=1 vframe=21013 vs=1 vage=21 vpage=21 vdt=34 vmax=334 vacc=20851 vrej=0 seq=0 elapsed=0 oled=3C
[   8844] STATUS mode=3 fault=none enc=1041 denc=0 sreq=23 sapplied=23 crate=23 uimp=86915 upos=2195 uneg=2315 ball=30.18 vball=-0.27 aball=8.1 bref=0.00 pid=22.7 pref=803.5 ppos=801.2 apid=0.0 integ=-0.0 vision=1 current=1 vframe=21014 vs=1 vage=28 vpage=28 vdt=33 vmax=334 vacc=20852 vrej=0 seq=0 elapsed=0 oled=3C
[   8875] STATUS mode=3 fault=none enc=1041 denc=0 sreq=22 sapplied=22 crate=22 uimp=87375 upos=2215 uneg=2315 ball=30.18 vball=-0.19 aball=4.8 bref=0.00 pid=22.1 pref=803.9 ppos=801.6 apid=0.0 integ=-0.0 vision=1 current=1 vframe=21015 vs=1 vage=16 vpage=16 vdt=32 vmax=334 vacc=20853 vrej=0 seq=0 elapsed=0 oled=3C
[   8891] STATUS mode=3 fault=none enc=1042 denc=0 sreq=0 sapplied=0 crate=-12 uimp=87690 upos=2230 uneg=2315 ball=30.12 vball=-0.78 aball=4.8 bref=0.00 pid=-12.3 pref=800.7 ppos=802.0 apid=0.0 integ=-0 vision=1 current=1 vframe=21016 vs=1 vage=2 vpage=2 vdt=34 vmax=334 vacc=20854 vrej=0 seq=0 elapsed=0 oled=3C
[   8922] STATUS mode=3 fault=none enc=1042 denc=0 sreq=-29 sapplied=-29 crate=-29 uimp=87690 upos=2230 uneg=2315 ball=30.06 vball=-1.07 aball=4.8 bref=0.00 pid=-28.6 pref=799.1 ppos=802.0 apid=0.0 integ=-0.0 vision=1 current=1 vframe=21017 vs=1 vage=9 vpage=9 vdt=33 vmax=334 vacc=20855 vrej=0 seq=0 elapsed=0 oled=3C
[   8953] STATUS mode=3 fault=none enc=1042 denc=0 sreq=-23 sapplied=-23 crate=-23 uimp=87155 upos=2230 uneg=2335 ball=30.06 vball=-1.07 aball=4.8 bref=0.00 pid=-23.3 pref=799.1 ppos=801.4 apid=0.0 integ=-0.0 vision=1 current=1 vframe=21017 vs=1 vage=29 vpage=29 vdt=33 vmax=334 vacc=20855 vrej=0 seq=0 elapsed=0 oled=3C
[   8969] STATUS mode=3 fault=none enc=1041 denc=0 sreq=0 sapplied=0 crate=0 uimp=86930 upos=2230 uneg=2345 ball=30.04 vball=-0.64 aball=-0.6 bref=0.00 pid=0.0 pref=801.2 ppos=801.2 apid=-0.0 integ=-0.0 vision=1 current=1 vframe=21019 vs=1 vage=3 vpage=3 vdt=33 vmax=334 vacc=20857 vrej=0 seq=0 elapsed=0 oled=3C
[   9000] STATUS mode=3 fault=none enc=1041 denc=0 sreq=0 sapplied=0 crate=0 uimp=86930 upos=2230 uneg=2345 ball=30.04 vball=-0.64 aball=-0.6 bref=0.00 pid=0.0 pref=801.2 ppos=801.2 apid=-0.0 integ=-0.0 vision=1 current=1 vframe=21019 vs=1 vage=23 vpage=23 vdt=33 vmax=334 vacc=20857 vrej=0 seq=0 elapsed=0 oled=3C
[   9031] STATUS mode=3 fault=none enc=1041 denc=0 sreq=200 sapplied=200 crate=200 uimp=86930 upos=2230 uneg=2345 ball=30.44 vball=3.57 aball=-0.6 bref=0.00 pid=222.4 pref=823.4 ppos=801.2 apid=-0.0 integ=-0.0 vision=1 current=1 vframe=21020 vs=1 vage=10 vpage=10 vdt=33 vmax=334 vacc=20858 vrej=0 seq=0 elapsed=0 oled=3C
[   9063] STATUS mode=3 fault=none enc=1051 denc=1 sreq=250 sapplied=250 crate=250 uimp=95235 upos=2270 uneg=2345 ball=30.91 vball=6.46 aball=32.8 bref=0.00 pid=250.0 pref=839.3 ppos=809.5 apid=0.0 integ=-0.0 vision=1 current=1 vframe=21021 vs=1 vage=16 vpage=16 vdt=34 vmax=334 vacc=20859 vrej=0 seq=0 elapsed=0 oled=3C
[   9078] STATUS mode=3 fault=none enc=1057 denc=1 sreq=214 sapplied=214 crate=214 uimp=100235 upos=2290 uneg=2345 ball=31.04 vball=5.71 aball=32.8 bref=0.00 pid=214.3 pref=835.9 ppos=814.5 apid=0.0 integ=-0.0 vision=1 current=1 vframe=21022 vs=1 vage=3 vpage=3 vdt=33 vmax=334 vacc=20860 vrej=0 seq=0 elapsed=0 oled=3C
[   9108] STATUS mode=3 fault=none enc=1062 denc=1 sreq=175 sapplied=175 crate=175 uimp=104210 upos=2310 uneg=2345 ball=31.04 vball=5.71 aball=32.8 bref=0.00 pid=174.6 pref=835.9 ppos=818.5 apid=0.0 integ=-0.0 vision=1 current=1 vframe=21022 vs=1 vage=23 vpage=23 vdt=33 vmax=334 vacc=20860 vrej=0 seq=0 elapsed=0 oled=3C
[   9141] STATUS mode=3 fault=none enc=1066 denc=-1 sreq=57 sapplied=57 crate=57 uimp=108365 upos=2350 uneg=2345 ball=31.06 vball=4.17 aball=32.8 bref=0.00 pid=56.6 pref=828.3 ppos=822.6 apid=0.0 integ=-0.0 vision=1 current=1 vframe=21023 vs=1 vage=30 vpage=30 vdt=33 vmax=334 vacc=20861 vrej=0 seq=0 elapsed=0 oled=3C
[   9172] STATUS mode=3 fault=none enc=1067 denc=0 sreq=-246 sapplied=-246 crate=-246 uimp=108190 upos=2360 uneg=2350 ball=30.42 vball=-2.44 aball=-22.0 bref=0.00 pid=-250.0 pref=793.3 ppos=822.5 apid=-0.0 integ=-0.0 vision=1 current=1 vframe=21024 vs=1 vage=16 vpage=16 vdt=34 vmax=334 vacc=20862 vrej=0 seq=0 elapsed=0 oled=3C
[   9188] STATUS mode=3 fault=none enc=1061 denc=-2 sreq=-250 sapplied=-250 crate=-250 uimp=103210 upos=2360 uneg=2370 ball=30.21 vball=-3.59 aball=-22.0 bref=0.00 pid=-250.0 pref=786.9 ppos=817.5 apid=-0.0 integ=-0.0 vision=1 current=1 vframe=21025 vs=1 vage=3 vpage=3 vdt=33 vmax=334 vacc=20863 vrej=0 seq=0 elapsed=0 oled=3C
[   9219] STATUS mode=3 fault=none enc=1049 denc=-2 sreq=-218 sapplied=-218 crate=-218 uimp=93445 upos=2360 uneg=2410 ball=30.08 vball=-3.71 aball=-22.0 bref=0.00 pid=-217.6 pref=786.0 ppos=807.7 apid=-0.0 integ=-0.0 vision=1 current=1 vframe=21026 vs=1 vage=9 vpage=9 vdt=34 vmax=334 vacc=20864 vrej=0 seq=0 elapsed=0 oled=3C
[   9250] STATUS mode=3 fault=none enc=1044 denc=-1 sreq=-177 sapplied=-177 crate=-177 uimp=89405 upos=2360 uneg=2430 ball=30.08 vball=-3.71 aball=-22.0 bref=0.00 pid=-177.2 pref=786.0 ppos=803.7 apid=-0.0 integ=-0.0 vision=1 current=1 vframe=21026 vs=1 vage=29 vpage=29 vdt=34 vmax=334 vacc=20864 vrej=0 seq=0 elapsed=0 oled=3C
[   9281] STATUS mode=3 fault=none enc=1038 denc=-1 sreq=-56 sapplied==-123 crate=-123 uimp=86345 upos=2360 uneg=2450 ball=30.01 vball=-3.20 aball=-15.5 bref=0.00 pid=-123.2 pref=788.3 ppos=800.6 apid=-0.0 integ=-0.0 vision=1 current=1 vframe=21027 vs=1 vage=16 vpage=16 vdt=33 vmax=334 vacc=20865 vrej=0 seq=0 elapsed=0 oled=3C
[   9297] STATUS mode=3 fault=none enc=1037 denc=-1 sreq=-46 sapplied=-46 crate=-46 uimp=83015 upos=2360 uneg=2490 ball=30.01 vball=-2.32 aball=-15.5 bref=0.00 pid=-45.9 pref=792.7 ppos=797.3 apid=-0.0 integ=-0.0 vision=1 current=1 vframe=21028 vs=1 vage=23 vpage=23 vdt=33 vmax=334 vacc=20866 vrej=0 seq=0 elapsed=0 oled=3C
[   9328] STATUS mode=3 fault=none enc=1036 denc=-1 sreq=0 sapplied=0 crate=0 uimp=82360 upos=2360 uneg=2505 ball=30.01 vball=-1.55 aball=-15.5 bref=0.00 pid=0.0 pref=796.5 ppos=796.6 apid=-0.0 integ=-0.0 vision=1 current=1 vframe=21029 vs=1 vage=9 vpage=9 vdt=34 vmax=334 vacc=20867 vrej=0 seq=0 elapsed=0 oled=3C
[   9328] >>> stop
[   9358] STATUS mode=3 fault=none enc=1036 denc=0 sreq=25 sapplied=25 crate=25 uimp=82490 upos=2365 uneg=2505 ball=30.02 vball=-1.01 aball=1.3 bref=0.00 pid=25.2 pref=799.3 ppos=796.8 apid=0.0 integ=-0.0 vision=1 current=1 vframe=21030 vs=1 vage=16 vpage=16 vdt=33 vmax=334 vacc=20868 vrej=0 seq=0 elapsed=0 oled=3C
[   9391] STATUS mode=1 fault=none enc=1036 denc=0 sreq=0 sapplied=0 crate=0 uimp=82490 upos=2365 uneg=2505 ball=30.03 vball=-0.64 aball=0.0 bref=0.00 pid=0.0 pref=796.8 ppos=796.8 apid=0.0 integ=0.0 vision=1 current=1 vframe=21031 vs=1 vage=1 vpage=1 vdt=35 vmax=334 vacc=20869 vrej=0 seq=0 elapsed=0 oled=3C
[   9406] STATUS mode=1 fault=none enc=1036 denc=0 sreq=0 sapplied=0 crate=0 uimp=82490 upos=2365 uneg=2505 ball=30.03 vball=-0.64 aball=0.0 bref=0.00 pid=0.0 pref=796.8 ppos=796.8 apid=0.0 integ=0.0 vision=1 current=1 vframe=21031 vs=1 vage=21 vpage=21 vdt=35 vmax=334 vacc=20869 vrej=0 seq=0 elapsed=0 oled=3C
[   9438] STATUS mode=1 fault=none enc=1036 denc=0 sreq=0 sapplied=0 crate=0 uimp=82490 upos=2365 uneg=2505 ball=30.04 vball=-0.39 aball=0.0 bref=0.00 pid=0.0 pref=796.8 ppos=796.8 apid=0.0 integ=0.0 vision=1 current=1 vframe=21032 vs=1 vage=28 vpage=28 vdt=33 vmax=334 vacc=20870 vrej=0 seq=0 elapsed=0 oled=3C
[   9469] STATUS mode=1 fault=none enc=1036 denc=0 sreq=0 sapplied=0 crate=0 uimp=82490 upos=2365 uneg=2505 ball=30.15 vball=0.72 aball=0.0 bref=0.00 pid=0.0 pref=796.8 ppos=796.8 apid=0.0 integ=0.0 vision=1 current=1 vframe=21033 vs=1 vage=16 vpage=16 vdt=32 vmax=334 vacc=20871 vrej=0 seq=0 elapsed=0 oled=3C
[   9483] STATUS mode=1 fault=none enc=1036 denc=0 sreq=0 sapplied=0 crate=0 uimp=82490 upos=2365 uneg=2505 ball=30.67 vball=4.80 aball=0.0 bref=0.00 pid=0.0 pref=796.8 ppos=796.8 apid=0.0 integ=0.0 vision=1 current=1 vframe=21034 vs=1 vage=1 vpage=1 vdt=35 vmax=334 vacc=20872 vrej=0 seq=0 elapsed=0 oled=3C
[   9516] STATUS mode=1 fault=none enc=1036 denc=0 sreq=0 sapplied=0 crate=0 uimp=82490 upos=2365 uneg=2505 ball=30.67 vball=4.80 aball=0.0 bref=0.00 pid=0.0 pref=796.8 ppos=796.8 apid=0.0 integ=0.0 vision=1 current=1 vframe=21034 vs=1 vage=21 vpage=21 vdt=35 vmax=334 vacc=20872 vrej=0 seq=0 elapsed=0 oled=3C
[   9547] STATUS mode=1 fault=none enc=1036 denc=0 sreq=0 sapplied=0 crate=0 uimp=82490 upos=2365 uneg=2505 ball=30.90 vball=5.39 aball=0.0 bref=0.00 pid=0.0 pref=796.8 ppos=796.8 apid=0.0 integ=0.0 vision=1 current=1 vframe=21035 vs=1 vage=27 vpage=27 vdt=34 vmax=334 vacc=20873 vrej=0 seq=0 elapsed=0 oled=3C
[   9563] STATUS mode=1 fault=none enc=1036 denc=0 sreq=0 sapplied=0 crate=0 uimp=82490 upos=2365 uneg=2505 ball=30.89 vball=3.76 aball=0.0 bref=0.00 pid=0.0 pref=796.8 ppos=796.8 apid=0.0 integ=0.0 vision=1 current=1 vframe=21036 vs=1 vage=16 vpage=16 vdt=31 vmax=334 vacc=20874 vrej=0 seq=0 elapsed=0 oled=3C
[   9594] STATUS mode=1 fault=none enc=1036 denc=0 sreq=0 sapplied=0 crate=0 uimp=82490 upos=2365 uneg=2505 ball=30.87 vball=2.49 aball=0.0 bref=0.00 pid=0.0 pref=796.8 ppos=796.8 apid=0.0 integ=0.0 vision=1 current=1 vframe=21037 vs=1 vage=2 vpage=2 vdt=34 vmax=334 vacc=20875 vrej=0 seq=0 elapsed=0 oled=3C
[   9625] STATUS mode=1 fault=none enc=1036 denc=0 sreq=0 sapplied=0 crate=0 uimp=82490 upos=2365 uneg=2505 ball=30.85 vball=1.58 aball=0.0 bref=0.00 pid=0.0 pref=796.8 ppos=796.8 apid=0.0 integ=0.0 vision=1 current=1 vframe=21038 vs=1 vage=9 vpage=9 vdt=33 vmax=334 vacc=20876 vrej=0 seq=0 elapsed=0 oled=3C
[   9641] STATUS mode=1 fault=none enc=1036 denc=0 sreq=0 sapplied=0 crate=0 uimp=82490 upos=2365 uneg=2505 ball=30.85 vball=1.58 aball=0.0 bref=0.00 pid=0.0 pref=796.8 ppos=796.8 apid=0.0 integ=0.0 vision=1 current=1 vframe=21038 vs=1 vage=29 vpage=29 vdt=33 vmax=334 vacc=20876 vrej=0 seq=0 elapsed=0 oled=3C
[   9672] STATUS mode=1 fault=none enc=1036 denc=0 sreq=0 sapplied=0 crate=0 uimp=82490 upos=2365 uneg=2505 ball=30.62 vball=-0.83 aball=0.0 bref=0.00 pid=0.0 pref=796.8 ppos=796.8 apid=0.0 integ=0.0 vision=1 current=1 vframe=21039 vs=1 vage=15 vpage=15 vdt=34 vmax=334 vacc=20877 vrej=0 seq=0 elapsed=0 oled=3C
[   9703] STATUS mode=1 fault=none enc=1036 denc=0 sreq=0 sapplied=0 crate=0 uimp=82490 upos=2365 uneg=2505 ball=30.25 vball=-3.89 aball=0.0 bref=0.00 pid=0.0 pref=796.8 ppos=796.8 apid=0.0 integ=0.0 vision=1 current=1 vframe=21040 vs=1 vage=22 vpage=22 vdt=33 vmax=334 vacc=20878 vrej=0 seq=0 elapsed=0 oled=3C
[   9703] >>> stream off
[   9719] STATUS mode=1 fault=none enc=1036 denc=0 sreq=0 sapplied=0 crate=0 uimp=82490 upos=2365 uneg=2505 ball=30.32 vball=-1.83 aball=0.0 bref=0.00 pid=0.0 pref=796.8 ppos=796.8 apid=0.0 integ=0.0 vision=1 current=1 vframe=21041 vs=1 vage=9 vpage=9 vdt=33 vmax=334 vacc=20879 vrej=0 seq=0 elapsed=0 oled=3C
[   9719] OK stream off
[   9906] STOP_REASON time_limit
