[      0] >>> bench on
[      0] OK stepper visual-only bench active; command pose preserved
[    125] >>> clear
[    125] OK fault cleared
[    250] >>> diag reset
[    250] OK actuator diagnostics reset
[    375] >>> gain ball 3.0 0.0 5.0 -1
[    375] OK ball gains kp=3.000 ki=0.000 kd=5.000 sign=-1
[    500] >>> gain accel 0
[    500] OK ball acceleration gain ka=0.000
[    625] >>> limit rate 250
[    625] OK ball rate limit=250 steps/s
[    750] >>> stream on 20
[    750] OK stream on 20 ms
[    797] STATUS mode=1 fault=none enc=-83 denc=0 sreq=0 sapplied=0 crate=0 uimp=0 upos=0 uneg=0 ball=42.05 vball=-0.22 aball=0.0 bref=0.00 pid=0.0 pref=-75.5 ppos=-75.5 apid=0.0 integ=0.0 vision=1 current=1 vframe=29126 vs=1 vage=9 vpage=9 vdt=39 vmax=266 vacc=29069 vrej=0 seq=0 elapsed=0 oled=3C
[    813] STATUS mode=1 fault=none enc=-83 denc=0 sreq=0 sapplied=0 crate=0 uimp=0 upos=0 uneg=0 ball=42.05 vball=-0.15 aball=0.0 bref=0.00 pid=0.0 pref=-75.5 ppos=-75.5 apid=0.0 integ=0.0 vision=1 current=1 vframe=29127 vs=1 vage=2 vpage=2 vdt=27 vmax=266 vacc=29070 vrej=0 seq=0 elapsed=0 oled=3C
[    844] STATUS mode=1 fault=none enc=-83 denc=0 sreq=0 sapplied=0 crate=0 uimp=0 upos=0 uneg=0 ball=42.05 vball=-0.15 aball=0.0 bref=0.00 pid=0.0 pref=-75.5 ppos=-75.5 apid=0.0 integ=0.0 vision=1 current=1 vframe=29127 vs=1 vage=22 vpage=22 vdt=27 vmax=266 vacc=29070 vrej=0 seq=0 elapsed=0 oled=3C
[    875] STATUS mode=1 fault=none enc=-83 denc=0 sreq=0 sapplied=0 crate=0 uimp=0 upos=0 uneg=0 ball=42.05 vball=-0.10 aball=0.0 bref=0.00 pid=0.0 pref=-75.5 ppos=-75.5 apid=0.0 integ=0.0 vision=1 current=1 vframe=29128 vs=1 vage=9 vpage=9 vdt=33 vmax=266 vacc=29071 vrej=0 seq=0 elapsed=0 oled=3C
[    875] >>> ball 0
[    891] STATUS mode=1 fault=none enc=-83 denc=0 sreq=0 sapplied=0 crate=0 uimp=0 upos=0 uneg=0 ball=42.07 vball=0.09 aball=0.0 bref=0.00 pid=0.0 pref=-75.5 ppos=-75.5 apid=0.0 integ=0.0 vision=1 current=1 vframe=29129 vs=1 vage=14 vpage=14 vdt=35 vmax=266 vacc=29072 vrej=0 seq=0 elapsed=0 oled=3C
[    922] STATUS mode=3 fault=none enc=-75 denc=3 sreq=250 sapplied=250 crate=250 uimp=2750 upos=15 uneg=0 ball=42.06 vball=-0.04 aball=0.0 bref=0.00 pid=250.0 pref=51.1 ppos=-72.8 apid=0.0 integ=-0.0 vision=1 current=1 vframe=29130 vs=1 vage=1 vpage=1 vdt=33 vmax=266 vacc=29073 vrej=0 seq=0 elapsed=0 oled=3C
[    954] STATUS mode=3 fault=none enc=-69 denc=2 sreq=250 sapplied=250 crate=250 uimp=7750 upos=35 uneg=0 ball=42.06 vball=-0.04 aball=0.0 bref=0.00 pid=250.0 pref=50.4 ppos=-67.8 apid=0.0 integ=-0.0 vision=1 current=1 vframe=29130 vs=1 vage=21 vpage=21 vdt=33 vmax=266 vacc=29073 vrej=0 seq=0 elapsed=0 oled=3C
[    969] STATUS mode=3 fault=none enc=-62 denc=2 sreq=250 sapplied=250 crate=250 uimp=12750 upos=55 uneg=0 ball=42.05 vball=-0.06 aball=0.0 bref=0.00 pid=250.0 pref=50.3 ppos=-62.8 apid=0.0 integ=-0.0 vision=1 current=1 vframe=29131 vs=1 vage=8 vpage=8 vdt=33 vmax=266 vacc=29074 vrej=0 seq=0 elapsed=0 oled=3C
[   1000] STATUS mode=3 fault=none enc=-50 denc=2 sreq=250 sapplied=250 crate=250 uimp=22750 upos=95 uneg=0 ball=42.05 vball=-0.05 aball=-0.6 bref=0.00 pid=250.0 pref=50.4 ppos=-52.8 apid=-0.0 integ=-0.0 vision=1 current=1 vframe=29132 vs=1 vage=14 vpage=14 vdt=34 vmax=266 vacc=29075 vrej=0 seq=0 elapsed=0 oled=3C
[   1032] STATUS mode=3 fault=none enc=-44 denc=2 sreq=250 sapplied=250 crate=250 uimp=27750 upos=115 uneg=0 ball=42.05 vball=-0.04 aball=-0.6 bref=0.00 pid=250.0 pref=50.4 ppos=-47.8 apid=-0.0 integ=-0.0 vision=1 current=1 vframe=29133 vs=1 vage=1 vpage=1 vdt=33 vmax=266 vacc=29076 vrej=0 seq=0 elapsed=0 oled=3C
[   1047] STATUS mode=3 fault=none enc=-37 denc=2 sreq=250 sapplied=250 crate=250 uimp=32750 upos=135 uneg=0 ball=42.05 vball=-0.04 aball=-0.6 bref=0.00 pid=250.0 pref=50.4 ppos=-42.8 apid=-0.0 integ=-0.0 vision=1 current=1 vframe=29133 vs=1 vage=21 vpage=21 vdt=33 vmax=266 vacc=29076 vrej=0 seq=0 elapsed=0 oled=3C
[   1079] STATUS mode=3 fault=none enc=-24 denc=2 sreq=250 sapplied=250 crate=250 uimp=42750 upos=175 uneg=0 ball=42.05 vball=-0.02 aball=-0.6 bref=0.00 pid=250.0 pref=50.5 ppos=-32.8 apid=-0.0 integ=-0.0 vision=1 current=1 vframe=29134 vs=1 vage=29 vpage=29 vdt=32 vmax=266 vacc=29077 vrej=0 seq=0 elapsed=0 oled=3C
[   1110] STATUS mode=3 fault=none enc=-18 denc=1 sreq=250 sapplied=250 crate=250 uimp=47750 upos=195 uneg=0 ball=42.05 vball=-0.02 aball=-0.2 bref=0.00 pid=250.0 pref=50.5 ppos=-27.8 apid=-0.0 integ=-0.0 vision=1 current=1 vframe=29135 vs=1 vage=15 vpage=15 vdt=34 vmax=266 vacc=29078 vrej=0 seq=0 elapsed=0 oled=3C
[   1141] STATUS mode=3 fault=none enc=-11 denc=3 sreq=250 sapplied=250 crate=250 uimp=52750 upos=215 uneg=0 ball=42.05 vball=-0.01 aball=-0.2 bref=0.00 pid=250.0 pref=50.5 ppos=-22.8 apid=-0.0 integ=-0.0 vision=1 current=1 vframe=29136 vs=1 vage=1 vpage=1 vdt=34 vmax=266 vacc=29079 vrej=0 seq=0 elapsed=0 oled=3C
[   1157] STATUS mode=3 fault=none enc=1 denc=1 sreq=250 sapplied=250 crate=250 uimp=62750 upos=255 uneg=0 ball=42.05 vball=-0.01 aball=-0.2 bref=0.00 pid=250.0 pref=50.6 ppos=-12.8 apid=-0.0 integ=-0.0 vision=1 current=1 vframe=29137 vs=1 vage=7 vpage=7 vdt=34 vmax=266 vacc=29080 vrej=0 seq=0 elapsed=0 oled=3C
[   1188] STATUS mode=3 fault=none enc=8 denc=1 sreq=250 sapplied=250 crate=250 uimp=67750 upos=275 uneg=0 ball=42.05 vball=-0.01 aball=-0.2 bref=0.00 pid=250.0 pref=50.6 ppos=-7.8 apid=-0.0 integ=-0.0 vision=1 current=1 vframe=29137 vs=1 vage=27 vpage=27 vdt=34 vmax=266 vacc=29080 vrej=0 seq=0 elapsed=0 oled=3C
[   1219] STATUS mode=3 fault=none enc=15 denc=1 sreq=250 sapplied=250 crate=250 uimp=72750 upos=295 uneg=0 ball=42.05 vball=-0.00 aball=-0.0 bref=0.00 pid=250.0 pref=50.6 ppos=-2.8 apid=-0.0 integ=-0.0 vision=1 current=1 vframe=29138 vs=1 vage=15 vpage=15 vdt=32 vmax=266 vacc=29081 vrej=0 seq=0 elapsed=0 oled=3C
[   1235] STATUS mode=3 fault=none enc=28 denc=2 sreq=250 sapplied=250 crate=250 uimp=82750 upos=335 uneg=0 ball=42.05 vball=-0.00 aball=-0.0 bref=0.00 pid=250.0 pref=50.6 ppos=7.2 apid=-0.0 integ=-0.0 vision=1 current=1 vframe=29139 vs=1 vage=21 vpage=21 vdt=34 vmax=266 vacc=29082 vrej=0 seq=0 elapsed=0 oled=3C
[   1266] STATUS mode=3 fault=none enc=34 denc=1 sreq=250 sapplied=250 crate=250 uimp=87750 upos=355 uneg=0 ball=42.05 vball=-0.00 aball=-0.0 bref=0.00 pid=250.0 pref=50.6 ppos=12.2 apid=-0.0 integ=-0.0 vision=1 current=1 vframe=29140 vs=1 vage=8 vpage=8 vdt=33 vmax=266 vacc=29083 vrej=0 seq=0 elapsed=0 oled=3C
[   1297] STATUS mode=3 fault=none enc=40 denc=1 sreq=250 sapplied=250 crate=250 uimp=92750 upos=375 uneg=0 ball=42.05 vball=-0.00 aball=-0.0 bref=0.00 pid=250.0 pref=50.6 ppos=17.2 apid=-0.0 integ=-0.0 vision=1 current=1 vframe=29140 vs=1 vage=28 vpage=28 vdt=33 vmax=266 vacc=29083 vrej=0 seq=0 elapsed=0 oled=3C
[   1313] STATUS mode=3 fault=none enc=54 denc=2 sreq=234 sapplied=234 crate=234 uimp=102730 upos=415 uneg=0 ball=42.05 vball=-0.00 aball=-0.0 bref=0.00 pid=234.2 pref=50.6 ppos=27.2 apid=-0.0 integ=-0.0 vision=1 current=1 vframe=29141 vs=1 vage=32 vpage=32 vdt=36 vmax=266 vacc=29084 vrej=0 seq=0 elapsed=0 oled=3C
[   1344] STATUS mode=3 fault=none enc=60 denc=3 sreq=191 sapplied=191 crate=191 uimp=107070 upos=435 uneg=0 ball=42.05 vball=-0.00 aball=-0.0 bref=0.00 pid=190.8 pref=50.6 ppos=31.5 apid=-0.0 integ=-0.0 vision=1 current=1 vframe=29142 vs=1 vage=19 vpage=19 vdt=33 vmax=266 vacc=29085 vrej=0 seq=0 elapsed=0 oled=3C
[   1375] STATUS mode=3 fault=none enc=63 denc=1 sreq=64 sapplied=64 crate=64 uimp=110610 upos=455 uneg=0 ball=41.63 vball=-3.59 aball=-0.0 bref=0.00 pid=-36.7 pref=31.4 ppos=35.1 apid=-0.0 integ=-0.0 vision=1 current=1 vframe=29143 vs=1 vage=6 vpage=6 vdt=33 vmax=266 vacc=29086 vrej=0 seq=0 elapsed=0 oled=3C
[   1407] STATUS mode=3 fault=none enc=63 denc=-2 sreq=-204 sapplied=-204 crate=-204 uimp=109360 upos=460 uneg=30 ball=41.15 vball=-6.89 aball=-31.0 bref=0.00 pid=-203.6 pref=13.5 ppos=33.8 apid=-0.0 integ=-0.0 vision=1 current=1 vframe=29144 vs=1 vage=12 vpage=12 vdt=34 vmax=266 vacc=29087 vrej=0 seq=0 elapsed=0 oled=3C
[   1422] STATUS mode=3 fault=none enc=61 denc=-1 sreq=-166 sapplied=-166 crate=-166 uimp=105580 upos=460 uneg=50 ball=41.15 vball=-6.89 aball=-31.0 bref=0.00 pid=-165.8 pref=13.5 ppos=30.0 apid=-0.0 integ=-0.0 vision=1 current=1 vframe=29144 vs=1 vage=32 vpage=32 vdt=34 vmax=266 vacc=29087 vrej=0 seq=0 elapsed=0 oled=3C
[   1454] STATUS mode=3 fault=none enc=55 denc=-2 sreq=-250 sapplied=-250 crate=-250 uimp=101000 upos=460 uneg=70 ball=40.54 vball=-10.13 aball=-31.0 bref=0.00 pid=-250.0 pref=-4.6 ppos=25.5 apid=-0.0 integ=-0.0 vision=1 current=1 vframe=29145 vs=1 vage=19 vpage=19 vdt=33 vmax=266 vacc=29088 vrej=0 seq=0 elapsed=0 oled=3C
[   1485] STATUS mode=3 fault=none enc=42 denc=-2 sreq=-250 sapplied=-250 crate=-250 uimp=91000 upos=460 uneg=110 ball=39.95 vball=-12.31 aball=-31.0 bref=0.00 pid=-250.0 pref=-17.2 ppos=15.5 apid=-0.0 integ=-0.0 vision=1 current=1 vframe=29146 vs=1 vage=26 vpage=26 vdt=33 vmax=266 vacc=29089 vrej=0 seq=0 elapsed=0 oled=3C
[   1516] STATUS mode=3 fault=none enc=35 denc=-2 sreq=-250 sapplied=-250 crate=-250 uimp=86000 upos=460 uneg=130 ball=39.39 vball=-13.69 aball=-48.3 bref=0.00 pid=-250.0 pref=-25.8 ppos=10.5 apid=-0.0 integ=-0.0 vision=1 current=1 vframe=29147 vs=1 vage=14 vpage=14 vdt=32 vmax=266 vacc=29090 vrej=0 seq=0 elapsed=0 oled=3C
[   1532] STATUS mode=3 fault=none enc=23 denc=-2 sreq=-250 sapplied=-250 crate=-250 uimp=76000 upos=460 uneg=170 ball=38.90 vball=-14.26 aball=-48.3 bref=0.00 pid=-250.0 pref=-30.1 ppos=0.5 apid=-0.0 integ=-0.0 vision=1 current=1 vframe=29148 vs=1 vage=21 vpage=21 vdt=33 vmax=266 vacc=29091 vrej=0 seq=0 elapsed=0 oled=3C
[   1563] STATUS mode=3 fault=none enc=16 denc=-2 sreq=-250 sapplied=-250 crate=-250 uimp=71000 upos=460 uneg=190 ball=38.26 vball=-15.70 aball=-48.3 bref=0.00 pid=-250.0 pref=-39.3 ppos=-4.5 apid=-0.0 integ=-0.0 vision=1 current=1 vframe=29149 vs=1 vage=7 vpage=7 vdt=34 vmax=266 vacc=29092 vrej=0 seq=0 elapsed=0 oled=3C
[   1594] STATUS mode=3 fault=none enc=10 denc=-2 sreq=-250 sapplied=-250 crate=-250 uimp=66000 upos=460 uneg=210 ball=38.26 vball=-15.70 aball=-48.3 bref=0.00 pid=-250.0 pref=-39.3 ppos=-9.5 apid=-0.0 integ=-0.0 vision=1 current=1 vframe=29149 vs=1 vage=27 vpage=27 vdt=34 vmax=266 vacc=29092 vrej=0 seq=0 elapsed=0 oled=3C
[   1625] STATUS mode=3 fault=none enc=-4 denc=-2 sreq=-250 sapplied=-250 crate=-250 uimp=56000 upos=460 uneg=250 ball=37.50 vball=-17.94 aball=-45.7 bref=0.00 pid=-250.0 pref=-52.7 ppos=-19.5 apid=-0.0 integ=-0.0 vision=1 current=1 vframe=29150 vs=1 vage=34 vpage=34 vdt=33 vmax=266 vacc=29093 vrej=0 seq=0 elapsed=0 oled=3C
[   1641] STATUS mode=3 fault=none enc=-11 denc=-2 sreq=-250 sapplied=-250 crate=-250 uimp=51000 upos=460 uneg=270 ball=36.57 vball=-21.23 aball=-45.7 bref=0.00 pid=-250.0 pref=-72.0 ppos=-24.5 apid=-0.0 integ=-0.0 vision=1 current=1 vframe=29151 vs=1 vage=19 vpage=19 vdt=35 vmax=266 vacc=29094 vrej=0 seq=0 elapsed=0 oled=3C
[   1672] STATUS mode=3 fault=none enc=-17 denc=-2 sreq=-250 sapplied=-250 crate=-250 uimp=46000 upos=460 uneg=290 ball=35.28 vball=-26.40 aball=-45.7 bref=0.00 pid=-250.0 pref=-101.7 ppos=-29.5 apid=-0.0 integ=-0.0 vision=1 current=1 vframe=29152 vs=1 vage=8 vpage=8 vdt=31 vmax=266 vacc=29095 vrej=0 seq=0 elapsed=0 oled=3C
[   1704] STATUS mode=3 fault=none enc=-29 denc=-1 sreq=-250 sapplied=-250 crate=-250 uimp=36000 upos=460 uneg=330 ball=34.06 vball=-29.44 aball=-76.9 bref=0.00 pid=-250.0 pref=-120.6 ppos=-39.5 apid=-0.0 integ=-0.0 vision=1 current=1 vframe=29153 vs=1 vage=14 vpage=14 vdt=34 vmax=266 vacc=29096 vrej=0 seq=0 elapsed=0 oled=3C
[   1735] STATUS mode=3 fault=none enc=-36 denc=-2 sreq=-250 sapplied=-250 crate=-250 uimp=31000 upos=460 uneg=350 ball=33.42 vball=-26.58 aball=-76.9 bref=0.00 pid=-250.0 pref=-120.6 ppos=-44.5 apid=-0.0 integ=-0.0 vision=1 current=1 vframe=29154 vs=1 vage=1 vpage=1 vdt=33 vmax=266 vacc=29097 vrej=0 seq=0 elapsed=0 oled=3C
[   1750] STATUS mode=3 fault=none enc=-49 denc=-2 sreq=-250 sapplied=-250 crate=-250 uimp=21000 upos=460 uneg=390 ball=32.53 vball=-26.62 aball=-76.9 bref=0.00 pid=-250.0 pref=-111.1 ppos=-54.5 apid=-0.0 integ=-0.0 vision=1 current=1 vframe=29161 vs=1 vage=6 vpage=6 vdt=35 vmax=266 vacc=29104 vrej=0 seq=0 elapsed=0 oled=3C
[   1782] STATUS mode=3 fault=none enc=-55 denc=-2 sreq=-250 sapplied=-250 crate=-250 uimp=16000 upos=460 uneg=410 ball=32.53 vball=-26.62 aball=-76.9 bref=0.00 pid=-250.0 pref=-111.1 ppos=-59.5 apid=-0.0 integ=-0.0 vision=1 current=1 vframe=29161 vs=1 vage=26 vpage=26 vdt=35 vmax=266 vacc=29104 vrej=0 seq=0 elapsed=0 oled=3C
[   1813] STATUS mode=3 fault=none enc=-61 denc=-2 sreq=-250 sapplied=-250 crate=-250 uimp=11000 upos=460 uneg=430 ball=31.61 vball=-27.23 aball=-32.4 bref=0.00 pid=-250.0 pref=-116.9 ppos=-64.5 apid=-0.0 integ=-0.0 vision=1 current=1 vframe=29162 vs=1 vage=13 vpage=13 vdt=33 vmax=266 vacc=29105 vrej=0 seq=0 elapsed=0 oled=3C
[   1844] STATUS mode=3 fault=none enc=-74 denc=-2 sreq=-250 sapplied=-250 crate=-250 uimp=1000 upos=460 uneg=470 ball=30.79 vball=-26.68 aball=-32.4 bref=0.00 pid=-250.0 pref=-116.6 ppos=-74.5 apid=-0.0 integ=-0.0 vision=1 current=1 vframe=29163 vs=1 vage=19 vpage=19 vdt=34 vmax=266 vacc=29106 vrej=0 seq=0 elapsed=0 oled=3C
[   1875] STATUS mode=3 fault=none enc=-81 denc=-2 sreq=-250 sapplied=-250 crate=-250 uimp=-4000 upos=460 uneg=490 ball=29.71 vball=-28.09 aball=-32.4 bref=0.00 pid=-250.0 pref=-126.9 ppos=-79.5 apid=-0.0 integ=-0.0 vision=1 current=1 vframe=29164 vs=1 vage=6 vpage=6 vdt=33 vmax=266 vacc=29107 vrej=0 seq=0 elapsed=0 oled=3C
[   1891] STATUS mode=3 fault=none enc=-88 denc=-2 sreq=-250 sapplied=-250 crate=-250 uimp=-9000 upos=460 uneg=510 ball=29.71 vball=-28.09 aball=-32.4 bref=0.00 pid=-250.0 pref=-126.9 ppos=-84.5 apid=-0.0 integ=-0.0 vision=1 current=1 vframe=29164 vs=1 vage=26 vpage=26 vdt=33 vmax=266 vacc=29107 vrej=0 seq=0 elapsed=0 oled=3C
[   1922] STATUS mode=3 fault=none enc=-100 denc=-1 sreq=-250 sapplied=-250 crate=-250 uimp=-19000 upos=460 uneg=550 ball=28.53 vball=-30.20 aball=-31.2 bref=0.00 pid=-250.0 pref=-141.0 ppos=-94.5 apid=-0.0 integ=-0.0 vision=1 current=1 vframe=29165 vs=1 vage=33 vpage=33 vdt=33 vmax=266 vacc=29108 vrej=0 seq=0 elapsed=0 oled=3C
[   1954] STATUS mode=3 fault=none enc=-106 denc=-2 sreq=-250 sapplied=-250 crate=-250 uimp=-24000 upos=460 uneg=570 ball=27.56 vball=-30.32 aball=-31.2 bref=0.00 pid=-250.0 pref=-144.5 ppos=-99.5 apid=-0.0 integ=-0.0 vision=1 current=1 vframe=29166 vs=1 vage=20 vpage=20 vdt=33 vmax=266 vacc=29109 vrej=0 seq=0 elapsed=0 oled=3C
[   1985] STATUS mode=3 fault=none enc=-119 denc=-2 sreq=-248 sapplied=-248 crate=-248 uimp=-34000 upos=460 uneg=610 ball=26.80 vball=-27.84 aball=-31.2 bref=0.00 pid=-248.0 pref=-134.3 ppos=-109.5 apid=-0.0 integ=-0.0 vision=1 current=1 vframe=29167 vs=1 vage=29 vpage=29 vdt=31 vmax=266 vacc=29110 vrej=0 seq=0 elapsed=0 oled=3C
[   2000] STATUS mode=3 fault=none enc=-123 denc=-1 sreq=0 sapplied=0 crate=-10 uimp=-37280 upos=460 uneg=630 ball=26.36 vball=-23.48 aball=13.7 bref=0.00 pid=-10.4 pref=-113.9 ppos=-112.8 apid=0.0 integ=-0.0 vision=1 current=1 vframe=29168 vs=1 vage=15 vpage=15 vdt=34 vmax=266 vacc=29111 vrej=0 seq=0 elapsed=0 oled=3C
[   2032] STATUS mode=3 fault=none enc=-124 denc=0 sreq=0 sapplied=0 crate=-10 uimp=-37280 upos=460 uneg=630 ball=26.22 vball=-17.80 aball=13.7 bref=0.00 pid=-10.4 pref=-113.9 ppos=-112.8 apid=0.0 integ=-0.0 vision=1 current=1 vframe=29169 vs=1 vage=2 vpage=2 vdt=33 vmax=266 vacc=29112 vrej=0 seq=0 elapsed=0 oled=3C
[   2063] STATUS mode=3 fault=none enc=-117 denc=1 sreq=250 sapplied=250 crate=250 uimp=-30305 upos=490 uneg=630 ball=26.17 vball=-13.04 aball=13.7 bref=0.00 pid=250.0 pref=-62.2 ppos=-105.8 apid=0.0 integ=-0.0 vision=1 current=1 vframe=29170 vs=1 vage=9 vpage=9 vdt=33 vmax=266 vacc=29113 vrej=0 seq=0 elapsed=0 oled=3C
[   2094] STATUS mode=3 fault=none enc=-110 denc=2 sreq=250 sapplied=250 crate=250 uimp=-25305 upos=510 uneg=630 ball=26.17 vball=-13.04 aball=13.7 bref=0.00 pid=250.0 pref=-62.2 ppos=-100.8 apid=0.0 integ=-0.0 vision=1 current=1 vframe=29170 vs=1 vage=29 vpage=29 vdt=33 vmax=266 vacc=29113 vrej=0 seq=0 elapsed=0 oled=3C
[   2110] STATUS mode=3 fault=none enc=-104 denc=1 sreq=250 sapplied=250 crate=250 uimp=-20305 upos=530 uneg=630 ball=25.62 vball=-13.84 aball=50.9 bref=0.00 pid=250.0 pref=-67.9 ppos=-95.8 apid=0.0 integ=-0.0 vision=1 current=1 vframe=29171 vs=1 vage=15 vpage=15 vdt=34 vmax=266 vacc=29114 vrej=0 seq=0 elapsed=0 oled=3C
[   2141] STATUS mode=3 fault=none enc=-92 denc=1 sreq=250 sapplied=250 crate=250 uimp=-10445 upos=570 uneg=630 ball=25.46 vball=-11.23 aball=50.9 bref=0.00 pid=250.0 pref=-55.3 ppos=-86.0 apid=0.0 integ=-0.0 vision=1 current=1 vframe=29172 vs=1 vage=22 vpage=22 vdt=33 vmax=266 vacc=29115 vrej=0 seq=0 elapsed=0 oled=3C
[   2172] STATUS mode=3 fault=none enc=-85 denc=2 sreq=250 sapplied=250 crate=250 uimp=-5445 upos=590 uneg=630 ball=25.43 vball=-8.13 aball=50.9 bref=0.00 pid=250.0 pref=-39.9 ppos=-81.0 apid=0.0 integ=-0.0 vision=1 current=1 vframe=29173 vs=1 vage=9 vpage=9 vdt=33 vmax=266 vacc=29116 vrej=0 seq=0 elapsed=0 oled=3C
[   2188] STATUS mode=3 fault=none enc=-79 denc=1 sreq=250 sapplied=250 crate=250 uimp=-445 upos=610 uneg=630 ball=25.43 vball=-8.13 aball=50.9 bref=0.00 pid=250.0 pref=-39.9 ppos=-76.0 apid=0.0 integ=-0.0 vision=1 current=1 vframe=29173 vs=1 vage=29 vpage=29 vdt=33 vmax=266 vacc=29116 vrej=0 seq=0 elapsed=0 oled=3C
[   2219] STATUS mode=3 fault=none enc=-65 denc=2 sreq=250 sapplied=250 crate=250 uimp=9555 upos=650 uneg=630 ball=25.38 vball=-4.68 aball=66.2 bref=0.00 pid=250.0 pref=-22.8 ppos=-66.0 apid=0.0 integ=-0.0 vision=1 current=1 vframe=29175 vs=1 vage=3 vpage=3 vdt=33 vmax=266 vacc=29118 vrej=0 seq=0 elapsed=0 oled=3C
[   2250] STATUS mode=3 fault=none enc=-59 denc=2 sreq=250 sapplied=250 crate=250 uimp=14555 upos=670 uneg=630 ball=25.38 vball=-4.68 aball=66.2 bref=0.00 pid=250.0 pref=-22.8 ppos=-61.0 apid=0.0 integ=-0.0 vision=1 current=1 vframe=29175 vs=1 vage=23 vpage=23 vdt=33 vmax=266 vacc=29118 vrej=0 seq=0 elapsed=0 oled=3C
[   2282] STATUS mode=3 fault=none enc=-47 denc=1 sreq=250 sapplied=250 crate=250 uimp=19555 upos=690 uneg=630 ball=25.31 vball=-3.92 aball=66.2 bref=0.00 pid=250.0 pref=-19.2 ppos=-56.0 apid=0.0 integ=-0.0 vision=1 current=1 vframe=29176 vs=1 vage=9 vpage=9 vdt=34 vmax=266 vacc=29119 vrej=0 seq=0 elapsed=0 oled=3C
[   2297] STATUS mode=3 fault=none enc=-40 denc=2 sreq=250 sapplied=250 crate=250 uimp=29555 upos=730 uneg=630 ball=25.30 vball=-2.82 aball=47.9 bref=0.00 pid=250.0 pref=-13.7 ppos=-46.0 apid=0.0 integ=-0.0 vision=1 current=1 vframe=29177 vs=1 vage=14 vpage=14 vdt=35 vmax=266 vacc=29120 vrej=0 seq=0 elapsed=0 oled=3C
[   2329] STATUS mode=3 fault=none enc=-34 denc=1 sreq=250 sapplied=250 crate=250 uimp=34555 upos=750 uneg=630 ball=25.31 vball=-1.86 aball=47.9 bref=0.00 pid=250.0 pref=-13.7 ppos=-41.0 apid=0.0 integ=-0.0 vision=1 current=1 vframe=29178 vs=1 vage=2 vpage=2 vdt=32 vmax=266 vacc=29121 vrej=0 seq=0 elapsed=0 oled=3C
[   2360] STATUS mode=3 fault=none enc=-20 denc=3 sreq=250 sapplied=250 crate=250 uimp=44535 upos=790 uneg=630 ball=25.33 vball=-1.19 aball=47.9 bref=0.00 pid=250.0 pref=-5.5 ppos=-31.0 apid=0.0 integ=-0.0 vision=1 current=1 vframe=29179 vs=1 vage=9 vpage=9 vdt=33 vmax=266 vacc=29122 vrej=0 seq=0 elapsed=0 oled=3C
[   2375] STATUS mode=3 fault=none enc=-15 denc=1 sreq=208 sapplied=208 crate=208 uimp=49245 upos=810 uneg=630 ball=25.33 vball=-1.19 aball=47.9 bref=0.00 pid=208.0 pref=-5.5 ppos=-26.3 apid=0.0 integ=-0.0 vision=1 current=1 vframe=29179 vs=1 vage=29 vpage=29 vdt=33 vmax=266 vacc=29122 vrej=0 seq=0 elapsed=0 oled=3C
[   2407] STATUS mode=3 fault=none enc=-9 denc=2 sreq=250 sapplied=250 crate=250 uimp=53775 upos=830 uneg=630 ball=25.49 vball=0.56 aball=41.7 bref=0.00 pid=250.0 pref=3.7 ppos=-21.8 apid=0.0 integ=-0.0 vision=1 current=1 vframe=29180 vs=1 vage=15 vpage=15 vdt=34 vmax=266 vacc=29123 vrej=0 seq=0 elapsed=0 oled=3C
[   2438] STATUS mode=3 fault=none enc=4 denc=2 sreq=250 sapplied=250 crate=250 uimp=63270 upos=870 uneg=630 ball=25.70 vball=2.24 aball=41.7 bref=0.00 pid=250.0 pref=12.8 ppos=-12.3 apid=0.0 integ=-0.0 vision=1 current=1 vframe=29181 vs=1 vage=21 vpage=21 vdt=34 vmax=266 vacc=29124 vrej=0 seq=0 elapsed=0 oled=3C
[   2469] STATUS mode=3 fault=none enc=10 denc=2 sreq=239 sapplied=239 crate=239 uimp=68090 upos=890 uneg=630 ball=25.85 vball=2.89 aball=41.7 bref=0.00 pid=239.1 pref=16.5 ppos=-7.5 apid=0.0 integ=-0.0 vision=1 current=1 vframe=29182 vs=1 vage=9 vpage=9 vdt=32 vmax=266 vacc=29125 vrej=0 seq=0 elapsed=0 oled=3C
[   2485] STATUS mode=3 fault=none enc=16 denc=2 sreq=195 sapplied=195 crate=195 uimp=72525 upos=910 uneg=630 ball=25.85 vball=2.89 aball=41.7 bref=0.00 pid=194.7 pref=16.5 ppos=-3.0 apid=0.0 integ=-0.0 vision=1 current=1 vframe=29182 vs=1 vage=29 vpage=29 vdt=32 vmax=266 vacc=29125 vrej=0 seq=0 elapsed=0 oled=3C
[   2516] STATUS mode=3 fault=none enc=24 denc=2 sreq=111 sapplied=111 crate=111 uimp=78545 upos=950 uneg=630 ball=25.89 vball=2.39 aball=30.9 bref=0.00 pid=136.0 pref=14.1 ppos=0.5 apid=0.0 integ=-0.0 vision=1 current=1 vframe=29183 vs=1 vage=12 vpage=12 vdt=37 vmax=266 vacc=29126 vrej=0 seq=0 elapsed=0 oled=3C
[   2547] STATUS mode=3 fault=none enc=24 denc=0 sreq=48 sapplied=48 crate=48 uimp=79895 upos=970 uneg=630 ball=25.86 vball=1.42 aball=30.9 bref=0.00 pid=47.8 pref=9.1 ppos=4.4 apid=0.0 integ=-0.0 vision=1 current=1 vframe=29184 vs=1 vage=21 vpage=21 vdt=31 vmax=266 vacc=29127 vrej=0 seq=0 elapsed=0 oled=3C
[   2563] STATUS mode=3 fault=none enc=25 denc=0 sreq=184 sapplied=184 crate=184 uimp=81290 upos=990 uneg=630 ball=26.18 vball=4.24 aball=30.9 bref=0.00 pid=184.5 pref=24.2 ppos=5.7 apid=0.0 integ=-0.0 vision=1 current=1 vframe=29185 vs=1 vage=7 vpage=7 vdt=34 vmax=266 vacc=29128 vrej=0 seq=0 elapsed=0 oled=3C
[   2594] STATUS mode=3 fault=none enc=29 denc=1 sreq=150 sapplied=150 crate=150 uimp=84710 upos=1010 uneg=630 ball=26.18 vball=4.24 aball=30.9 bref=0.00 pid=150.3 pref=24.2 ppos=9.2 apid=0.0 integ=-0.0 vision=1 current=1 vframe=29185 vs=1 vage=27 vpage=27 vdt=34 vmax=266 vacc=29128 vrej=0 seq=0 elapsed=0 oled=3C
[   2625] STATUS mode=3 fault=none enc=38 denc=1 sreq=160 sapplied=160 crate=160 uimp=91955 upos=1050 uneg=630 ball=26.51 vball=5.69 aball=32.0 bref=0.00 pid=160.2 pref=32.4 ppos=16.4 apid=0.0 integ=-0.0 vision=1 current=1 vframe=29186 vs=1 vage=33 vpage=33 vdt=34 vmax=266 vacc=29129 vrej=0 seq=0 elapsed=0 oled=3C
[   2641] STATUS mode=3 fault=none enc=41 denc=0 sreq=92 sapplied=92 crate=92 uimp=94290 upos=1070 uneg=630 ball=26.59 vball=4.75 aball=32.0 bref=0.00 pid=92.3 pref=28.0 ppos=18.7 apid=0.0 integ=-0.0 vision=1 current=1 vframe=29187 vs=1 vage=20 vpage=20 vdt=33 vmax=266 vacc=29130 vrej=0 seq=0 elapsed=0 oled=3C
[   2672] STATUS mode=3 fault=none enc=44 denc=2 sreq=0 sapplied=0 crate=0 uimp=96000 upos=1090 uneg=630 ball=26.60 vball=3.43 aball=32.0 bref=0.00 pid=0.0 pref=21.4 ppos=20.5 apid=0.0 integ=-0.0 vision=1 current=1 vframe=29188 vs=1 vage=7 vpage=7 vdt=33 vmax=266 vacc=29131 vrej=0 seq=0 elapsed=0 oled=3C
[   2704] STATUS mode=3 fault=none enc=44 denc=0 sreq=-40 sapplied=-40 crate=-40 uimp=95790 upos=1090 uneg=635 ball=26.60 vball=2.40 aball=2.8 bref=0.00 pid=-39.9 pref=16.3 ppos=20.2 apid=0.0 integ=-0.0 vision=1 current=1 vframe=29189 vs=1 vage=13 vpage=13 vdt=34 vmax=266 vacc=29132 vrej=0 seq=0 elapsed=0 oled=3C
[   2719] STATUS mode=3 fault=none enc=44 denc=0 sreq=-33 sapplied=-33 crate=-33 uimp=95050 upos=1090 uneg=655 ball=26.60 vball=2.40 aball=2.8 bref=0.00 pid=-32.5 pref=16.3 ppos=19.5 apid=0.0 integ=-0.0 vision=1 current=1 vframe=29189 vs=1 vage=33 vpage=33 vdt=34 vmax=266 vacc=29132 vrej=0 seq=0 elapsed=0 oled=3C
[   2750] STATUS mode=3 fault=none enc=42 denc=-1 sreq=-62 sapplied=-62 crate=-62 uimp=93845 upos=1090 uneg=675 ball=26.59 vball=1.57 aball=2.8 bref=0.00 pid=-62.3 pref=12.1 ppos=18.3 apid=0.0 integ=-0.0 vision=1 current=1 vframe=29190 vs=1 vage=20 vpage=20 vdt=33 vmax=266 vacc=29133 vrej=0 seq=0 elapsed=0 oled=3C
[   2782] STATUS mode=3 fault=none enc=39 denc=-1 sreq=-61 sapplied=-61 crate=-61 uimp=91310 upos=1090 uneg=715 ball=26.58 vball=1.10 aball=2.8 bref=0.00 pid=-60.7 pref=9.7 ppos=15.8 apid=0.0 integ=-0.0 vision=1 current=1 vframe=29191 vs=1 vage=27 vpage=27 vdt=33 vmax=266 vacc=29134 vrej=0 seq=0 elapsed=0 oled=3C
[   2813] STATUS mode=3 fault=none enc=38 denc=1 sreq=-70 sapplied=-70 crate=-70 uimp=89955 upos=1090 uneg=735 ball=26.57 vball=0.64 aball=-6.4 bref=0.00 pid=-70.5 pref=7.4 ppos=14.4 apid=-0.0 integ=-0.0 vision=1 current=1 vframe=29192 vs=1 vage=13 vpage=13 vdt=34 vmax=266 vacc=29135 vrej=0 seq=0 elapsed=0 oled=3C
[   2829] STATUS mode=3 fault=none enc=36 denc=0 sreq=-57 sapplied=-57 crate=-57 uimp=88650 upos=1090 uneg=755 ball=26.57 vball=0.64 aball=-6.4 bref=0.00 pid=-57.4 pref=7.4 ppos=13.1 apid=-0.0 integ=-0.0 vision=1 current=1 vframe=29192 vs=1 vage=33 vpage=33 vdt=34 vmax=266 vacc=29135 vrej=0 seq=0 elapsed=0 oled=3C
[   2860] STATUS mode=3 fault=none enc=33 denc=-1 sreq=-56 sapplied=-56 crate=-56 uimp=86320 upos=1090 uneg=795 ball=26.55 vball=0.22 aball=-6.4 bref=0.00 pid=-55.7 pref=5.2 ppos=10.8 apid=-0.0 integ=-0.0 vision=1 current=1 vframe=29194 vs=1 vage=7 vpage=7 vdt=33 vmax=266 vacc=29137 vrej=0 seq=0 elapsed=0 oled=3C
[   2891] STATUS mode=3 fault=none enc=32 denc=-1 sreq=-45 sapplied=-45 crate=-45 uimp=85285 upos=1090 uneg=815 ball=26.55 vball=0.22 aball=-6.4 bref=0.00 pid=-45.4 pref=5.2 ppos=9.7 apid=-0.0 integ=-0.0 vision=1 current=1 vframe=29194 vs=1 vage=27 vpage=27 vdt=33 vmax=266 vacc=29137 vrej=0 seq=0 elapsed=0 oled=3C
[   2907] STATUS mode=3 fault=none enc=31 denc=0 sreq=-41 sapplied=-41 crate=-41 uimp=84405 upos=1090 uneg=835 ball=26.55 vball=0.13 aball=-5.8 bref=0.00 pid=-41.1 pref=4.8 ppos=8.9 apid=-0.0 integ=-0.0 vision=1 current=1 vframe=29195 vs=1 vage=13 vpage=13 vdt=34 vmax=266 vacc=29138 vrej=0 seq=0 elapsed=0 oled=3C
[   2938] STATUS mode=3 fault=none enc=29 denc=0 sreq=-31 sapplied=-31 crate=-31 uimp=82955 upos=1090 uneg=875 ball=26.54 vball=0.04 aball=-5.8 bref=0.00 pid=-31.4 pref=4.3 ppos=7.4 apid=-0.0 integ=-0.0 vision=1 current=1 vframe=29196 vs=1 vage=22 vpage=22 vdt=31 vmax=266 vacc=29139 vrej=0 seq=0 elapsed=0 oled=3C
[   2969] STATUS mode=3 fault=none enc=29 denc=0 sreq=-27 sapplied=-27 crate=-27 uimp=82365 upos=1090 uneg=895 ball=26.54 vball=0.00 aball=-5.8 bref=0.00 pid=-27.5 pref=4.1 ppos=6.8 apid=-0.0 integ=-0.0 vision=1 current=1 vframe=29197 vs=1 vage=9 vpage=9 vdt=33 vmax=266 vacc=29140 vrej=0 seq=0 elapsed=0 oled=3C
[   2985] STATUS mode=3 fault=none enc=28 denc=0 sreq=-22 sapplied=-22 crate=-22 uimp=81855 upos=1090 uneg=915 ball=26.54 vball=0.00 aball=-5.8 bref=0.00 pid=-22.4 pref=4.1 ppos=6.3 apid=-0.0 integ=-0.0 vision=1 current=1 vframe=29197 vs=1 vage=29 vpage=29 vdt=33 vmax=266 vacc=29140 vrej=0 seq=0 elapsed=0 oled=3C
[   3016] STATUS mode=3 fault=none enc=28 denc=0 sreq=0 sapplied=0 crate=0 uimp=81640 upos=1090 uneg=925 ball=26.59 vball=0.45 aball=-1.8 bref=0.00 pid=0.0 pref=6.5 ppos=6.1 apid=-0.0 integ=-0.0 vision=1 current=1 vframe=29198 vs=1 vage=33 vpage=33 vdt=36 vmax=266 vacc=29141 vrej=0 seq=0 elapsed=0 oled=3C
[   3047] STATUS mode=3 fault=none enc=28 denc=0 sreq=0 sapplied=0 crate=16 uimp=81640 upos=1090 uneg=925 ball=26.63 vball=0.68 aball=-1.8 bref=0.00 pid=16.5 pref=7.7 ppos=6.1 apid=-0.0 integ=-0.0 vision=1 current=1 vframe=29199 vs=1 vage=18 vpage=18 vdt=35 vmax=266 vacc=29142 vrej=0 seq=0 elapsed=0 oled=3C
[   3079] STATUS mode=3 fault=none enc=28 denc=0 sreq=0 sapplied=0 crate=-11 uimp=81640 upos=1090 uneg=925 ball=26.60 vball=0.15 aball=-1.8 bref=0.00 pid=-10.9 pref=5.0 ppos=6.1 apid=-0.0 integ=-0.0 vision=1 current=1 vframe=29200 vs=1 vage=7 vpage=7 vdt=31 vmax=266 vacc=29143 vrej=0 seq=0 elapsed=0 oled=3C
[   3094] STATUS mode=3 fault=none enc=28 denc=0 sreq=0 sapplied=0 crate=-19 uimp=81540 upos=1090 uneg=930 ball=26.58 vball=-0.02 aball=-3.1 bref=0.00 pid=-19.0 pref=4.1 ppos=6.0 apid=-0.0 integ=-0.0 vision=1 current=1 vframe=29201 vs=1 vage=14 vpage=14 vdt=33 vmax=266 vacc=29144 vrej=0 seq=0 elapsed=0 oled=3C
[   3125] STATUS mode=3 fault=none enc=28 denc=0 sreq=0 sapplied=0 crate=-19 uimp=81540 upos=1090 uneg=930 ball=26.58 vball=-0.02 aball=-3.1 bref=0.00 pid=-19.0 pref=4.1 ppos=6.0 apid=-0.0 integ=-0.0 vision=1 current=1 vframe=29201 vs=1 vage=34 vpage=34 vdt=33 vmax=266 vacc=29144 vrej=0 seq=0 elapsed=0 oled=3C
[   3157] STATUS mode=3 fault=none enc=28 denc=0 sreq=0 sapplied=0 crate=-13 uimp=81540 upos=1090 uneg=930 ball=26.59 vball=0.10 aball=-3.1 bref=0.00 pid=-12.7 pref=4.7 ppos=6.0 apid=-0.0 integ=-0.0 vision=1 current=1 vframe=29202 vs=1 vage=20 vpage=20 vdt=34 vmax=266 vacc=29145 vrej=0 seq=0 elapsed=0 oled=3C
[   3172] STATUS mode=3 fault=none enc=28 denc=0 sreq=0 sapplied=0 crate=0 uimp=81540 upos=1090 uneg=930 ball=26.61 vball=0.19 aball=-3.1 bref=0.00 pid=0.0 pref=5.2 ppos=6.0 apid=-0.0 integ=-0.0 vision=1 current=1 vframe=29203 vs=1 vage=7 vpage=7 vdt=33 vmax=266 vacc=29146 vrej=0 seq=0 elapsed=0 oled=3C
[   3204] STATUS mode=3 fault=none enc=28 denc=0 sreq=0 sapplied=0 crate=0 uimp=81540 upos=1090 uneg=930 ball=26.61 vball=0.17 aball=-0.9 bref=0.00 pid=0.0 pref=5.1 ppos=6.0 apid=-0.0 integ=-0.0 vision=1 current=1 vframe=29204 vs=1 vage=13 vpage=13 vdt=34 vmax=266 vacc=29147 vrej=0 seq=0 elapsed=0 oled=3C
[   3219] STATUS mode=3 fault=none enc=28 denc=0 sreq=0 sapplied=0 crate=0 uimp=81540 upos=1090 uneg=930 ball=26.61 vball=0.12 aball=-0.9 bref=0.00 pid=0.0 pref=5.1 ppos=6.0 apid=-0.0 integ=-0.0 vision=1 current=1 vframe=29205 vs=1 vage=1 vpage=1 vdt=32 vmax=266 vacc=29148 vrej=0 seq=0 elapsed=0 oled=3C
[   3250] STATUS mode=3 fault=none enc=28 denc=0 sreq=0 sapplied=0 crate=-11 uimp=81540 upos=1090 uneg=930 ball=26.61 vball=0.12 aball=-0.9 bref=0.00 pid=-11.1 pref=4.9 ppos=6.0 apid=-0.0 integ=-0.0 vision=1 current=1 vframe=29205 vs=1 vage=21 vpage=21 vdt=32 vmax=266 vacc=29148 vrej=0 seq=0 elapsed=0 oled=3C
[   3282] STATUS mode=3 fault=none enc=28 denc=0 sreq=20 sapplied=20 crate=20 uimp=81870 upos=1105 uneg=930 ball=26.68 vball=0.76 aball=-0.9 bref=0.00 pid=19.7 pref=8.3 ppos=6.3 apid=-0.0 integ=-0.0 vision=1 current=1 vframe=29206 vs=1 vage=27 vpage=27 vdt=34 vmax=266 vacc=29149 vrej=0 seq=0 elapsed=0 oled=3C
[   3313] STATUS mode=3 fault=none enc=28 denc=0 sreq=-20 sapplied=-20 crate=-20 uimp=81865 upos=1110 uneg=935 ball=26.63 vball=-0.00 aball=-1.3 bref=0.00 pid=-19.8 pref=4.3 ppos=6.3 apid=-0.0 integ=-0.0 vision=1 current=1 vframe=29207 vs=1 vage=15 vpage=15 vdt=32 vmax=266 vacc=29150 vrej=0 seq=0 elapsed=0 oled=3C
[   3329] STATUS mode=3 fault=none enc=28 denc=0 sreq=0 sapplied=0 crate=-19 uimp=81765 upos=1110 uneg=940 ball=26.63 vball=-0.00 aball=-1.3 bref=0.00 pid=-18.8 pref=4.3 ppos=6.2 apid=-0.0 integ=-0.0 vision=1 current=1 vframe=29207 vs=1 vage=35 vpage=35 vdt=32 vmax=266 vacc=29150 vrej=0 seq=0 elapsed=0 oled=3C
[   3360] STATUS mode=3 fault=none enc=26 denc=0 sreq=-26 sapplied=-26 crate=-26 uimp=80255 upos=1110 uneg=975 ball=26.56 vball=-0.41 aball=-1.3 bref=0.00 pid=-26.3 pref=2.1 ppos=4.7 apid=-0.0 integ=-0.0 vision=1 current=1 vframe=29209 vs=1 vage=7 vpage=7 vdt=33 vmax=266 vacc=29152 vrej=0 seq=0 elapsed=0 oled=3C
[   3391] STATUS mode=3 fault=none enc=26 denc=0 sreq=-21 sapplied=-21 crate=-21 uimp=79765 upos=1110 uneg=995 ball=26.56 vball=-0.41 aball=-1.3 bref=0.00 pid=-21.4 pref=2.1 ppos=4.2 apid=-0.0 integ=-0.0 vision=1 current=1 vframe=29209 vs=1 vage=27 vpage=27 vdt=33 vmax=266 vacc=29152 vrej=0 seq=0 elapsed=0 oled=3C
[   3407] STATUS mode=3 fault=none enc=25 denc=0 sreq=0 sapplied=0 crate=0 uimp=79560 upos=1110 uneg=1005 ball=26.58 vball=-0.18 aball=-1.5 bref=0.00 pid=0.0 pref=3.3 ppos=4.0 apid=-0.0 integ=-0.0 vision=1 current=1 vframe=29210 vs=1 vage=13 vpage=13 vdt=34 vmax=266 vacc=29153 vrej=0 seq=0 elapsed=0 oled=3C
[   3438] STATUS mode=3 fault=none enc=25 denc=0 sreq=0 sapplied=0 crate=0 uimp=79560 upos=1110 uneg=1005 ball=26.58 vball=-0.08 aball=-1.5 bref=0.00 pid=0.0 pref=3.8 ppos=4.0 apid=-0.0 integ=-0.0 vision=1 current=1 vframe=29211 vs=1 vage=23 vpage=23 vdt=30 vmax=266 vacc=29154 vrej=0 seq=0 elapsed=0 oled=3C
[   3469] STATUS mode=3 fault=none enc=25 denc=0 sreq=0 sapplied=0 crate=0 uimp=79560 upos=1110 uneg=1005 ball=26.58 vball=-0.03 aball=-1.5 bref=0.00 pid=0.0 pref=4.0 ppos=4.0 apid=-0.0 integ=-0.0 vision=1 current=1 vframe=29212 vs=1 vage=9 vpage=9 vdt=34 vmax=266 vacc=29155 vrej=0 seq=0 elapsed=0 oled=3C
[   3485] STATUS mode=3 fault=none enc=25 denc=0 sreq=0 sapplied=0 crate=0 uimp=79560 upos=1110 uneg=1005 ball=26.58 vball=-0.03 aball=-1.5 bref=0.00 pid=0.0 pref=4.0 ppos=4.0 apid=-0.0 integ=-0.0 vision=1 current=1 vframe=29212 vs=1 vage=29 vpage=29 vdt=34 vmax=266 vacc=29155 vrej=0 seq=0 elapsed=0 oled=3C
[   3516] STATUS mode=3 fault=none enc=25 denc=0 sreq=0 sapplied=0 crate=13 uimp=79560 upos=1110 uneg=1005 ball=26.60 vball=0.21 aball=0.9 bref=0.00 pid=12.9 pref=5.3 ppos=4.0 apid=0.0 integ=-0.0 vision=1 current=1 vframe=29213 vs=1 vage=12 vpage=12 vdt=37 vmax=266 vacc=29156 vrej=0 seq=0 elapsed=0 oled=3C
[   3547] STATUS mode=3 fault=none enc=25 denc=0 sreq=21 sapplied=21 crate=21 uimp=79795 upos=1120 uneg=1005 ball=26.63 vball=0.41 aball=0.9 bref=0.00 pid=21.5 pref=6.4 ppos=4.3 apid=0.0 integ=-0.0 vision=1 current=1 vframe=29214 vs=1 vage=21 vpage=21 vdt=31 vmax=266 vacc=29157 vrej=0 seq=0 elapsed=0 oled=3C
[   3563] STATUS mode=3 fault=none enc=25 denc=0 sreq=0 sapplied=0 crate=17 uimp=80000 upos=1130 uneg=1005 ball=26.64 vball=0.36 aball=0.9 bref=0.00 pid=17.2 pref=6.2 ppos=4.5 apid=0.0 integ=-0.0 vision=1 current=1 vframe=29215 vs=1 vage=8 vpage=8 vdt=33 vmax=266 vacc=29158 vrej=0 seq=0 elapsed=0 oled=3C
[   3594] STATUS mode=3 fault=none enc=25 denc=0 sreq=0 sapplied=0 crate=17 uimp=80000 upos=1130 uneg=1005 ball=26.64 vball=0.36 aball=0.9 bref=0.00 pid=17.2 pref=6.2 ppos=4.5 apid=0.0 integ=-0.0 vision=1 current=1 vframe=29215 vs=1 vage=28 vpage=28 vdt=33 vmax=266 vacc=29158 vrej=0 seq=0 elapsed=0 oled=3C
[   3625] STATUS mode=3 fault=none enc=25 denc=0 sreq=0 sapplied=0 crate=13 uimp=80000 upos=1130 uneg=1005 ball=26.64 vball=0.18 aball=0.8 bref=0.00 pid=12.7 pref=5.7 ppos=4.5 apid=0.0 integ=-0.0 vision=1 current=1 vframe=29217 vs=1 vage=2 vpage=2 vdt=32 vmax=266 vacc=29160 vrej=0 seq=0 elapsed=0 oled=3C
[   3641] STATUS mode=3 fault=none enc=25 denc=0 sreq=0 sapplied=0 crate=0 uimp=80000 upos=1130 uneg=1005 ball=26.64 vball=0.18 aball=0.8 bref=0.00 pid=0.0 pref=5.3 ppos=4.5 apid=0.0 integ=-0.0 vision=1 current=1 vframe=29217 vs=1 vage=22 vpage=22 vdt=32 vmax=266 vacc=29160 vrej=0 seq=0 elapsed=0 oled=3C
[   3672] STATUS mode=3 fault=none enc=25 denc=0 sreq=0 sapplied=0 crate=17 uimp=80000 upos=1130 uneg=1005 ball=26.66 vball=0.34 aball=0.8 bref=0.00 pid=16.8 pref=6.1 ppos=4.5 apid=0.0 integ=-0.0 vision=1 current=1 vframe=29218 vs=1 vage=11 vpage=11 vdt=31 vmax=266 vacc=29161 vrej=0 seq=0 elapsed=0 oled=3C
[   3704] STATUS mode=3 fault=none enc=25 denc=0 sreq=0 sapplied=0 crate=15 uimp=80000 upos=1130 uneg=1005 ball=26.67 vball=0.30 aball=0.6 bref=0.00 pid=15.1 pref=6.0 ppos=4.5 apid=0.0 integ=-0.0 vision=1 current=1 vframe=29219 vs=1 vage=16 vpage=16 vdt=35 vmax=266 vacc=29162 vrej=0 seq=0 elapsed=0 oled=3C
[   3719] STATUS mode=3 fault=none enc=25 denc=0 sreq=0 sapplied=0 crate=11 uimp=80000 upos=1130 uneg=1005 ball=26.67 vball=0.22 aball=0.6 bref=0.00 pid=11.1 pref=5.6 ppos=4.5 apid=0.0 integ=-0.0 vision=1 current=1 vframe=29220 vs=1 vage=3 vpage=3 vdt=33 vmax=266 vacc=29163 vrej=0 seq=0 elapsed=0 oled=3C
[   3750] STATUS mode=3 fault=none enc=25 denc=0 sreq=0 sapplied=0 crate=11 uimp=80000 upos=1130 uneg=1005 ball=26.67 vball=0.22 aball=0.6 bref=0.00 pid=11.1 pref=5.6 ppos=4.5 apid=0.0 integ=-0.0 vision=1 current=1 vframe=29220 vs=1 vage=23 vpage=23 vdt=33 vmax=266 vacc=29163 vrej=0 seq=0 elapsed=0 oled=3C
[   3782] STATUS mode=3 fault=none enc=25 denc=0 sreq=-20 sapplied=-20 crate=-20 uimp=80000 upos=1130 uneg=1005 ball=26.61 vball=-0.37 aball=0.6 bref=0.00 pid=-20.2 pref=2.4 ppos=4.5 apid=0.0 integ=-0.0 vision=1 current=1 vframe=29221 vs=1 vage=9 vpage=9 vdt=34 vmax=266 vacc=29164 vrej=0 seq=0 elapsed=0 oled=3C
[   3797] STATUS mode=3 fault=none enc=25 denc=0 sreq=-41 sapplied=-41 crate=-41 uimp=79460 upos=1130 uneg=1020 ball=26.55 vball=-0.85 aball=-4.8 bref=0.00 pid=-40.6 pref=-0.1 ppos=3.9 apid=-0.0 integ=-0.0 vision=1 current=1 vframe=29222 vs=1 vage=15 vpage=15 vdt=34 vmax=266 vacc=29165 vrej=0 seq=0 elapsed=0 oled=3C
[   3829] STATUS mode=3 fault=none enc=25 denc=0 sreq=-33 sapplied=-33 crate=-33 uimp=78700 upos=1130 uneg=1040 ball=26.53 vball=-0.77 aball=-4.8 bref=0.00 pid=-33.0 pref=-0.1 ppos=3.2 apid=-0.0 integ=-0.0 vision=1 current=1 vframe=29223 vs=1 vage=2 vpage=2 vdt=33 vmax=266 vacc=29166 vrej=0 seq=0 elapsed=0 oled=3C
[   3860] STATUS mode=3 fault=none enc=24 denc=0 sreq=-24 sapplied=-24 crate=-24 uimp=78135 upos=1130 uneg=1060 ball=26.53 vball=-0.77 aball=-4.8 bref=0.00 pid=-23.9 pref=0.2 ppos=2.6 apid=-0.0 integ=-0.0 vision=1 current=1 vframe=29223 vs=1 vage=22 vpage=22 vdt=33 vmax=266 vacc=29166 vrej=0 seq=0 elapsed=0 oled=3C
[   3875] STATUS mode=3 fault=none enc=23 denc=0 sreq=0 sapplied=0 crate=0 uimp=77790 upos=1130 uneg=1075 ball=26.54 vball=-0.37 aball=-4.8 bref=0.00 pid=0.0 pref=2.2 ppos=2.2 apid=-0.0 integ=-0.0 vision=1 current=1 vframe=29224 vs=1 vage=28 vpage=28 vdt=34 vmax=266 vacc=29167 vrej=0 seq=0 elapsed=0 oled=3C
[   3907] STATUS mode=3 fault=none enc=23 denc=0 sreq=0 sapplied=0 crate=14 uimp=77790 upos=1130 uneg=1075 ball=26.56 vball=-0.10 aball=0.7 bref=0.00 pid=13.9 pref=3.6 ppos=2.2 apid=0.0 integ=-0.0 vision=1 current=1 vframe=29225 vs=1 vage=14 vpage=14 vdt=34 vmax=266 vacc=29168 vrej=0 seq=0 elapsed=0 oled=3C
[   3938] STATUS mode=3 fault=none enc=23 denc=0 sreq=0 sapplied=0 crate=14 uimp=77790 upos=1130 uneg=1075 ball=26.56 vball=-0.10 aball=0.7 bref=0.00 pid=13.9 pref=3.6 ppos=2.2 apid=0.0 integ=-0.0 vision=1 current=1 vframe=29225 vs=1 vage=34 vpage=34 vdt=34 vmax=266 vacc=29168 vrej=0 seq=0 elapsed=0 oled=3C
[   3954] STATUS mode=3 fault=none enc=23 denc=0 sreq=0 sapplied=0 crate=0 uimp=77790 upos=1130 uneg=1075 ball=26.54 vball=-0.24 aball=0.7 bref=0.00 pid=0.0 pref=2.9 ppos=2.2 apid=0.0 integ=-0.0 vision=1 current=1 vframe=29227 vs=1 vage=8 vpage=8 vdt=32 vmax=266 vacc=29170 vrej=0 seq=0 elapsed=0 oled=3C
[   3985] STATUS mode=3 fault=none enc=23 denc=0 sreq=0 sapplied=0 crate=0 uimp=77790 upos=1130 uneg=1075 ball=26.54 vball=-0.24 aball=0.7 bref=0.00 pid=0.0 pref=2.9 ppos=2.2 apid=0.0 integ=-0.0 vision=1 current=1 vframe=29227 vs=1 vage=28 vpage=28 vdt=32 vmax=266 vacc=29170 vrej=0 seq=0 elapsed=0 oled=3C
[   4016] STATUS mode=3 fault=none enc=23 denc=0 sreq=0 sapplied=0 crate=0 uimp=77790 upos=1130 uneg=1075 ball=26.53 vball=-0.27 aball=-0.4 bref=0.00 pid=0.0 pref=2.7 ppos=2.2 apid=-0.0 integ=-0.0 vision=1 current=1 vframe=29228 vs=1 vage=14 vpage=14 vdt=34 vmax=266 vacc=29171 vrej=0 seq=0 elapsed=0 oled=3C
[   4032] STATUS mode=3 fault=none enc=23 denc=0 sreq=0 sapplied=0 crate=0 uimp=77790 upos=1130 uneg=1075 ball=26.53 vball=-0.21 aball=-0.4 bref=0.00 pid=0.0 pref=3.0 ppos=2.2 apid=-0.0 integ=-0.0 vision=1 current=1 vframe=29229 vs=1 vage=21 vpage=21 vdt=33 vmax=266 vacc=29172 vrej=0 seq=0 elapsed=0 oled=3C
[   4063] STATUS mode=3 fault=none enc=23 denc=0 sreq=0 sapplied=0 crate=11 uimp=77790 upos=1130 uneg=1075 ball=26.53 vball=-0.15 aball=-0.4 bref=0.00 pid=10.5 pref=3.3 ppos=2.2 apid=-0.0 integ=-0.0 vision=1 current=1 vframe=29230 vs=1 vage=7 vpage=7 vdt=34 vmax=266 vacc=29173 vrej=0 seq=0 elapsed=0 oled=3C
[   4094] STATUS mode=3 fault=none enc=23 denc=0 sreq=0 sapplied=0 crate=11 uimp=77790 upos=1130 uneg=1075 ball=26.53 vball=-0.15 aball=-0.4 bref=0.00 pid=10.5 pref=3.3 ppos=2.2 apid=-0.0 integ=-0.0 vision=1 current=1 vframe=29230 vs=1 vage=27 vpage=27 vdt=34 vmax=266 vacc=29173 vrej=0 seq=0 elapsed=0 oled=3C
[   4110] STATUS mode=3 fault=none enc=23 denc=0 sreq=0 sapplied=0 crate=18 uimp=77790 upos=1130 uneg=1075 ball=26.54 vball=-0.01 aball=1.0 bref=0.00 pid=17.8 pref=4.0 ppos=2.2 apid=0.0 integ=-0.0 vision=1 current=1 vframe=29231 vs=1 vage=14 vpage=14 vdt=33 vmax=266 vacc=29174 vrej=0 seq=0 elapsed=0 oled=3C
[   4141] STATUS mode=3 fault=none enc=23 denc=0 sreq=0 sapplied=0 crate=19 uimp=77890 upos=1135 uneg=1075 ball=26.55 vball=0.03 aball=1.0 bref=0.00 pid=19.1 pref=4.3 ppos=2.3 apid=0.0 integ=-0.0 vision=1 current=1 vframe=29232 vs=1 vage=20 vpage=20 vdt=34 vmax=266 vacc=29175 vrej=0 seq=0 elapsed=0 oled=3C
[   4172] STATUS mode=3 fault=none enc=23 denc=0 sreq=0 sapplied=0 crate=19 uimp=77890 upos=1135 uneg=1075 ball=26.55 vball=0.03 aball=1.0 bref=0.00 pid=19.1 pref=4.3 ppos=2.3 apid=0.0 integ=-0.0 vision=1 current=1 vframe=29233 vs=1 vage=7 vpage=7 vdt=33 vmax=266 vacc=29176 vrej=0 seq=0 elapsed=0 oled=3C
[   4188] STATUS mode=3 fault=none enc=23 denc=0 sreq=0 sapplied=0 crate=19 uimp=77890 upos=1135 uneg=1075 ball=26.55 vball=0.03 aball=1.0 bref=0.00 pid=19.1 pref=4.3 ppos=2.3 apid=0.0 integ=-0.0 vision=1 current=1 vframe=29233 vs=1 vage=27 vpage=27 vdt=33 vmax=266 vacc=29176 vrej=0 seq=0 elapsed=0 oled=3C
[   4219] STATUS mode=3 fault=none enc=24 denc=0 sreq=48 sapplied=48 crate=48 uimp=79625 upos=1165 uneg=1075 ball=26.68 vball=0.92 aball=4.6 bref=0.00 pid=48.2 pref=8.9 ppos=4.1 apid=0.0 integ=-0.0 vision=1 current=1 vframe=29235 vs=1 vage=1 vpage=1 vdt=33 vmax=266 vacc=29178 vrej=0 seq=0 elapsed=0 oled=3C
[   4250] STATUS mode=3 fault=none enc=25 denc=0 sreq=41 sapplied=41 crate=41 uimp=80545 upos=1185 uneg=1075 ball=26.68 vball=0.92 aball=4.6 bref=0.00 pid=40.9 pref=9.1 ppos=5.0 apid=0.0 integ=-0.0 vision=1 current=1 vframe=29235 vs=1 vage=21 vpage=21 vdt=33 vmax=266 vacc=29178 vrej=0 seq=0 elapsed=0 oled=3C
[   4266] STATUS mode=3 fault=none enc=25 denc=1 sreq=24 sapplied=24 crate=24 uimp=81255 upos=1205 uneg=1075 ball=26.69 vball=0.71 aball=4.6 bref=0.00 pid=23.7 pref=8.1 ppos=5.7 apid=0.0 integ=-0.0 vision=1 current=1 vframe=29236 vs=1 vage=8 vpage=8 vdt=33 vmax=266 vacc=29179 vrej=0 seq=0 elapsed=0 oled=3C
[   4297] STATUS mode=3 fault=none enc=25 denc=0 sreq=0 sapplied=0 crate=0 uimp=81690 upos=1225 uneg=1075 ball=26.69 vball=0.49 aball=0.7 bref=0.00 pid=0.0 pref=7.0 ppos=6.1 apid=0.0 integ=-0.0 vision=1 current=1 vframe=29237 vs=1 vage=15 vpage=15 vdt=33 vmax=266 vacc=29180 vrej=0 seq=0 elapsed=0 oled=3C
[   4329] STATUS mode=3 fault=none enc=25 denc=0 sreq=0 sapplied=0 crate=0 uimp=81690 upos=1225 uneg=1075 ball=26.68 vball=0.32 aball=0.7 bref=0.00 pid=0.0 pref=7.0 ppos=6.1 apid=0.0 integ=-0.0 vision=1 current=1 vframe=29238 vs=1 vage=1 vpage=1 vdt=34 vmax=266 vacc=29181 vrej=0 seq=0 elapsed=0 oled=3C
[   4344] STATUS mode=3 fault=none enc=25 denc=0 sreq=0 sapplied=0 crate=0 uimp=81690 upos=1225 uneg=1075 ball=26.68 vball=0.32 aball=0.7 bref=0.00 pid=0.0 pref=6.1 ppos=6.1 apid=0.0 integ=-0.0 vision=1 current=1 vframe=29238 vs=1 vage=21 vpage=21 vdt=34 vmax=266 vacc=29181 vrej=0 seq=0 elapsed=0 oled=3C
[   4375] STATUS mode=3 fault=none enc=25 denc=0 sreq=-22 sapplied=-22 crate=-22 uimp=81690 upos=1225 uneg=1075 ball=26.64 vball=-0.09 aball=0.7 bref=0.00 pid=-22.2 pref=3.9 ppos=6.1 apid=0.0 integ=-0.0 vision=1 current=1 vframe=29239 vs=1 vage=8 vpage=8 vdt=33 vmax=266 vacc=29182 vrej=0 seq=0 elapsed=0 oled=3C
[   4407] STATUS mode=3 fault=none enc=25 denc=0 sreq=-48 sapplied=-48 crate=-48 uimp=80850 upos=1225 uneg=1100 ball=26.57 vball=-0.74 aball=-5.1 bref=0.00 pid=-48.4 pref=0.5 ppos=5.3 apid=-0.0 integ=-0.0 vision=1 current=1 vframe=29240 vs=1 vage=14 vpage=14 vdt=34 vmax=266 vacc=29183 vrej=0 seq=0 elapsed=0 oled=3C
[   4422] STATUS mode=3 fault=none enc=25 denc=0 sreq=-39 sapplied=-39 crate=-39 uimp=79950 upos=1225 uneg=1120 ball=26.54 vball=-0.73 aball=-5.1 bref=0.00 pid=-39.4 pref=0.5 ppos=4.4 apid=-0.0 integ=-0.0 vision=1 current=1 vframe=29241 vs=1 vage=1 vpage=1 vdt=33 vmax=266 vacc=29184 vrej=0 seq=0 elapsed=0 oled=3C
[   4454] STATUS mode=3 fault=none enc=25 denc=0 sreq=-32 sapplied=-32 crate=-32 uimp=79215 upos=1225 uneg=1140 ball=26.54 vball=-0.73 aball=-5.1 bref=0.00 pid=-32.5 pref=0.4 ppos=3.7 apid=-0.0 integ=-0.0 vision=1 current=1 vframe=29241 vs=1 vage=21 vpage=21 vdt=33 vmax=266 vacc=29184 vrej=0 seq=0 elapsed=0 oled=3C
[   4485] STATUS mode=3 fault=none enc=23 denc=1 sreq=0 sapplied=0 crate=-19 uimp=78435 upos=1225 uneg=1170 ball=26.53 vball=-0.62 aball=-5.1 bref=0.00 pid=-19.4 pref=0.9 ppos=2.9 apid=-0.0 integ=-0.0 vision=1 current=1 vframe=29242 vs=1 vage=28 vpage=28 vdt=33 vmax=266 vacc=29185 vrej=0 seq=0 elapsed=0 oled=3C
[   4500] STATUS mode=3 fault=none enc=23 denc=0 sreq=0 sapplied=0 crate=-12 uimp=78435 upos=1225 uneg=1170 ball=26.53 vball=-0.47 aball=-1.6 bref=0.00 pid=-11.9 pref=1.7 ppos=2.9 apid=-0.0 integ=-0.0 vision=1 current=1 vframe=29243 vs=1 vage=14 vpage=14 vdt=34 vmax=266 vacc=29186 vrej=0 seq=0 elapsed=0 oled=3C
[   4532] STATUS mode=3 fault=none enc=23 denc=0 sreq=0 sapplied=0 crate=-12 uimp=78435 upos=1225 uneg=1170 ball=26.56 vball=-0.04 aball=-1.6 bref=0.00 pid=-11.9 pref=1.7 ppos=2.9 apid=-0.0 integ=-0.0 vision=1 current=1 vframe=29244 vs=1 vage=1 vpage=1 vdt=33 vmax=266 vacc=29187 vrej=0 seq=0 elapsed=0 oled=3C
[   4563] STATUS mode=3 fault=none enc=23 denc=0 sreq=29 sapplied=29 crate=29 uimp=78435 upos=1225 uneg=1170 ball=26.60 vball=0.31 aball=-1.6 bref=0.00 pid=29.2 pref=5.8 ppos=2.9 apid=-0.0 integ=-0.0 vision=1 current=1 vframe=29245 vs=1 vage=8 vpage=8 vdt=33 vmax=266 vacc=29188 vrej=0 seq=0 elapsed=0 oled=3C
[   4594] STATUS mode=3 fault=none enc=23 denc=0 sreq=24 sapplied=24 crate=24 uimp=78975 upos=1245 uneg=1170 ball=26.60 vball=0.31 aball=-1.6 bref=0.00 pid=23.8 pref=5.8 ppos=3.4 apid=-0.0 integ=-0.0 vision=1 current=1 vframe=29245 vs=1 vage=28 vpage=28 vdt=33 vmax=266 vacc=29188 vrej=0 seq=0 elapsed=0 oled=3C
[   4610] STATUS mode=3 fault=none enc=23 denc=-1 sreq=0 sapplied=0 crate=0 uimp=79210 upos=1255 uneg=1170 ball=26.58 vball=0.01 aball=1.3 bref=0.00 pid=0.0 pref=4.2 ppos=3.7 apid=0.0 integ=-0.0 vision=1 current=1 vframe=29246 vs=1 vage=16 vpage=16 vdt=32 vmax=266 vacc=29189 vrej=0 seq=0 elapsed=0 oled=3C
[   4641] STATUS mode=3 fault=none enc=24 denc=0 sreq=0 sapplied=0 crate=15 uimp=79210 upos=1255 uneg=1170 ball=26.60 vball=0.18 aball=1.3 bref=0.00 pid=14.9 pref=5.2 ppos=3.7 apid=0.0 integ=-0.0 vision=1 current=1 vframe=29247 vs=1 vage=21 vpage=21 vdt=35 vmax=266 vacc=29190 vrej=0 seq=0 elapsed=0 oled=3C
[   4672] STATUS mode=3 fault=none enc=24 denc=0 sreq=21 sapplied=21 crate=21 uimp=79320 upos=1260 uneg=1170 ball=26.62 vball=0.32 aball=1.3 bref=0.00 pid=21.4 pref=5.9 ppos=3.8 apid=0.0 integ=-0.0 vision=1 current=1 vframe=29248 vs=1 vage=8 vpage=8 vdt=33 vmax=266 vacc=29191 vrej=0 seq=0 elapsed=0 oled=3C
[   4688] STATUS mode=3 fault=none enc=24 denc=0 sreq=0 sapplied=0 crate=19 uimp=79525 upos=1270 uneg=1170 ball=26.62 vball=0.32 aball=1.3 bref=0.00 pid=19.3 pref=5.9 ppos=4.0 apid=0.0 integ=-0.0 vision=1 current=1 vframe=29248 vs=1 vage=28 vpage=28 vdt=33 vmax=266 vacc=29191 vrej=0 seq=0 elapsed=0 oled=3C
[   4719] STATUS mode=3 fault=none enc=24 denc=0 sreq=0 sapplied=0 crate=0 uimp=80210 upos=1300 uneg=1170 ball=26.63 vball=0.16 aball=2.6 bref=0.00 pid=0.0 pref=5.1 ppos=4.7 apid=0.0 integ=-0.0 vision=1 current=1 vframe=29250 vs=1 vage=4 vpage=4 vdt=30 vmax=266 vacc=29193 vrej=0 seq=0 elapsed=0 oled=3C
[   4735] STATUS mode=3 fault=none enc=24 denc=-1 sreq=0 sapplied=0 crate=0 uimp=80210 upos=1300 uneg=1170 ball=26.63 vball=0.16 aball=2.6 bref=0.00 pid=0.0 pref=5.1 ppos=4.7 apid=0.0 integ=-0.0 vision=1 current=1 vframe=29250 vs=1 vage=24 vpage=24 vdt=30 vmax=266 vacc=29193 vrej=0 seq=0 elapsed=0 oled=3C
[   4766] STATUS mode=3 fault=none enc=24 denc=0 sreq=0 sapplied=0 crate=-18 uimp=80210 upos=1300 uneg=1170 ball=26.58 vball=-0.27 aball=2.6 bref=0.00 pid=-18.2 pref=2.8 ppos=4.7 apid=0.0 integ=-0.0 vision=1 current=1 vframe=29251 vs=1 vage=10 vpage=10 vdt=34 vmax=266 vacc=29194 vrej=0 seq=0 elapsed=0 oled=3C
[   4797] STATUS mode=3 fault=none enc=24 denc=0 sreq=0 sapplied=0 crate=-18 uimp=80210 upos=1300 uneg=1170 ball=26.58 vball=-0.27 aball=2.6 bref=0.00 pid=-18.2 pref=2.8 ppos=4.7 apid=0.0 integ=-0.0 vision=1 current=1 vframe=29251 vs=1 vage=30 vpage=30 vdt=34 vmax=266 vacc=29194 vrej=0 seq=0 elapsed=0 oled=3C
[   4829] STATUS mode=3 fault=none enc=24 denc=0 sreq=0 sapplied=0 crate=0 uimp=80210 upos=1300 uneg=1170 ball=26.59 vball=-0.07 aball=-1.5 bref=0.00 pid=0.0 pref=3.9 ppos=4.7 apid=-0.0 integ=-0.0 vision=1 current=1 vframe=29253 vs=1 vage=4 vpage=4 vdt=33 vmax=266 vacc=29196 vrej=0 seq=0 elapsed=0 oled=3C
[   4844] STATUS mode=3 fault=none enc=24 denc=0 sreq=0 sapplied=0 crate=0 uimp=80210 upos=1300 uneg=1170 ball=26.59 vball=-0.07 aball=-1.5 bref=0.00 pid=0.0 pref=3.9 ppos=4.7 apid=-0.0 integ=-0.0 vision=1 current=1 vframe=29253 vs=1 vage=24 vpage=24 vdt=33 vmax=266 vacc=29196 vrej=0 seq=0 elapsed=0 oled=3C
[   4875] STATUS mode=3 fault=none enc=24 denc=0 sreq=0 sapplied=0 crate=-16 uimp=80210 upos=1300 uneg=1170 ball=26.57 vball=-0.22 aball=-1.5 bref=0.00 pid=-16.0 pref=3.1 ppos=4.7 apid=-0.0 integ=-0.0 vision=1 current=1 vframe=29254 vs=1 vage=8 vpage=8 vdt=36 vmax=266 vacc=29197 vrej=0 seq=0 elapsed=0 oled=3C
[   4907] STATUS mode=3 fault=none enc=24 denc=0 sreq=0 sapplied=0 crate=-16 uimp=80210 upos=1300 uneg=1170 ball=26.56 vball=-0.21 aball=-0.9 bref=0.00 pid=-15.8 pref=3.1 ppos=4.7 apid=-0.0 integ=-0.0 vision=1 current=1 vframe=29255 vs=1 vage=15 vpage=15 vdt=33 vmax=266 vacc=29198 vrej=0 seq=0 elapsed=0 oled=3C
[   4922] STATUS mode=3 fault=none enc=25 denc=1 sreq=0 sapplied=0 crate=-16 uimp=80210 upos=1300 uneg=1170 ball=26.59 vball=0.05 aball=-0.9 bref=0.00 pid=-15.8 pref=3.1 ppos=4.7 apid=-0.0 integ=-0.0 vision=1 current=1 vframe=29256 vs=1 vage=2 vpage=2 vdt=33 vmax=266 vacc=29199 vrej=0 seq=0 elapsed=0 oled=3C
[   4954] STATUS mode=3 fault=none enc=24 denc=0 sreq=0 sapplied=0 crate=0 uimp=80210 upos=1300 uneg=1170 ball=26.59 vball=0.05 aball=-0.9 bref=0.00 pid=0.0 pref=4.5 ppos=4.7 apid=-0.0 integ=-0.0 vision=1 current=1 vframe=29256 vs=1 vage=22 vpage=22 vdt=33 vmax=266 vacc=29199 vrej=0 seq=0 elapsed=0 oled=3C
[   4969] STATUS mode=3 fault=none enc=24 denc=0 sreq=0 sapplied=0 crate=0 uimp=80210 upos=1300 uneg=1170 ball=26.59 vball=0.10 aball=-0.9 bref=0.00 pid=0.0 pref=4.7 ppos=4.7 apid=-0.0 integ=-0.0 vision=1 current=1 vframe=29257 vs=1 vage=28 vpage=28 vdt=34 vmax=266 vacc=29200 vrej=0 seq=0 elapsed=0 oled=3C
[   5000] STATUS mode=3 fault=none enc=24 denc=0 sreq=0 sapplied=0 crate=0 uimp=80210 upos=1300 uneg=1170 ball=26.60 vball=0.09 aball=0.9 bref=0.00 pid=0.0 pref=4.7 ppos=4.7 apid=0.0 integ=-0.0 vision=1 current=1 vframe=29258 vs=1 vage=15 vpage=15 vdt=33 vmax=266 vacc=29201 vrej=0 seq=0 elapsed=0 oled=3C
[   5032] STATUS mode=3 fault=none enc=24 denc=0 sreq=0 sapplied=0 crate=0 uimp=80210 upos=1300 uneg=1170 ball=26.60 vball=0.06 aball=0.9 bref=0.00 pid=0.0 pref=4.7 ppos=4.7 apid=0.0 integ=-0.0 vision=1 current=1 vframe=29259 vs=1 vage=2 vpage=2 vdt=33 vmax=266 vacc=29202 vrej=0 seq=0 elapsed=0 oled=3C
[   5047] STATUS mode=3 fault=none enc=24 denc=0 sreq=0 sapplied=0 crate=0 uimp=80210 upos=1300 uneg=1170 ball=26.60 vball=0.06 aball=0.9 bref=0.00 pid=0.0 pref=4.6 ppos=4.7 apid=0.0 integ=-0.0 vision=1 current=1 vframe=29259 vs=1 vage=22 vpage=22 vdt=33 vmax=266 vacc=29202 vrej=0 seq=0 elapsed=0 oled=3C
[   5079] STATUS mode=3 fault=none enc=24 denc=0 sreq=0 sapplied=0 crate=0 uimp=80210 upos=1300 uneg=1170 ball=26.60 vball=0.04 aball=0.9 bref=0.00 pid=0.0 pref=4.5 ppos=4.7 apid=0.0 integ=-0.0 vision=1 current=1 vframe=29260 vs=1 vage=29 vpage=29 vdt=33 vmax=266 vacc=29203 vrej=0 seq=0 elapsed=0 oled=3C
[   5110] STATUS mode=3 fault=none enc=24 denc=0 sreq=0 sapplied=0 crate=0 uimp=80210 upos=1300 uneg=1170 ball=26.60 vball=0.03 aball=0.2 bref=0.00 pid=0.0 pref=4.4 ppos=4.7 apid=0.0 integ=-0.0 vision=1 current=1 vframe=29261 vs=1 vage=17 vpage=17 vdt=32 vmax=266 vacc=29204 vrej=0 seq=0 elapsed=0 oled=3C
[   5125] STATUS mode=3 fault=none enc=24 denc=0 sreq=0 sapplied=0 crate=0 uimp=80210 upos=1300 uneg=1170 ball=26.60 vball=0.02 aball=0.2 bref=0.00 pid=0.0 pref=4.4 ppos=4.7 apid=0.0 integ=-0.0 vision=1 current=1 vframe=29262 vs=1 vage=4 vpage=4 vdt=33 vmax=266 vacc=29205 vrej=0 seq=0 elapsed=0 oled=3C
[   5157] STATUS mode=3 fault=none enc=24 denc=0 sreq=0 sapplied=0 crate=0 uimp=80210 upos=1300 uneg=1170 ball=26.60 vball=0.01 aball=0.2 bref=0.00 pid=0.0 pref=4.3 ppos=4.7 apid=0.0 integ=-0.0 vision=1 current=1 vframe=29270 vs=1 vage=10 vpage=10 vdt=34 vmax=266 vacc=29213 vrej=0 seq=0 elapsed=0 oled=3C
[   5188] STATUS mode=3 fault=none enc=24 denc=0 sreq=0 sapplied=0 crate=0 uimp=80210 upos=1300 uneg=1170 ball=26.60 vball=0.01 aball=0.2 bref=0.00 pid=0.0 pref=4.3 ppos=4.7 apid=0.0 integ=-0.0 vision=1 current=1 vframe=29270 vs=1 vage=30 vpage=30 vdt=34 vmax=266 vacc=29213 vrej=0 seq=0 elapsed=0 oled=3C
[   5204] STATUS mode=3 fault=none enc=24 denc=0 sreq=0 sapplied=0 crate=0 uimp=80210 upos=1300 uneg=1170 ball=26.59 vball=0.00 aball=-0.0 bref=0.00 pid=0.0 pref=4.2 ppos=4.7 apid=-0.0 integ=-0.0 vision=1 current=1 vframe=29271 vs=1 vage=17 vpage=17 vdt=33 vmax=266 vacc=29214 vrej=0 seq=0 elapsed=0 oled=3C
[   5235] STATUS mode=3 fault=none enc=24 denc=0 sreq=0 sapplied=0 crate=0 uimp=80210 upos=1300 uneg=1170 ball=26.59 vball=-0.01 aball=-0.0 bref=0.00 pid=0.0 pref=4.2 ppos=4.7 apid=-0.0 integ=-0.0 vision=1 current=1 vframe=29272 vs=1 vage=3 vpage=3 vdt=34 vmax=266 vacc=29215 vrej=0 seq=0 elapsed=0 oled=3C
[   5266] STATUS mode=3 fault=none enc=24 denc=0 sreq=0 sapplied=0 crate=0 uimp=80210 upos=1300 uneg=1170 ball=26.59 vball=-0.01 aball=-0.0 bref=0.00 pid=0.0 pref=4.2 ppos=4.7 apid=-0.0 integ=-0.0 vision=1 current=1 vframe=29273 vs=1 vage=7 vpage=7 vdt=36 vmax=266 vacc=29216 vrej=0 seq=0 elapsed=0 oled=3C
[   5282] STATUS mode=3 fault=none enc=24 denc=0 sreq=0 sapplied=0 crate=0 uimp=80210 upos=1300 uneg=1170 ball=26.59 vball=-0.01 aball=-0.0 bref=0.00 pid=0.0 pref=4.2 ppos=4.7 apid=-0.0 integ=-0.0 vision=1 current=1 vframe=29273 vs=1 vage=27 vpage=27 vdt=36 vmax=266 vacc=29216 vrej=0 seq=0 elapsed=0 oled=3C
[   5313] STATUS mode=3 fault=none enc=24 denc=0 sreq=0 sapplied=0 crate=0 uimp=80210 upos=1300 uneg=1170 ball=26.59 vball=-0.01 aball=-0.1 bref=0.00 pid=0.0 pref=4.2 ppos=4.7 apid=-0.0 integ=-0.0 vision=1 current=1 vframe=29274 vs=1 vage=5 vpage=5 vdt=42 vmax=266 vacc=29217 vrej=0 seq=0 elapsed=0 oled=3C
[   5344] STATUS mode=3 fault=none enc=24 denc=0 sreq=0 sapplied=0 crate=0 uimp=80210 upos=1300 uneg=1170 ball=26.59 vball=-0.01 aball=-0.1 bref=0.00 pid=0.0 pref=4.2 ppos=4.7 apid=-0.0 integ=-0.0 vision=1 current=1 vframe=29275 vs=1 vage=26 vpage=26 vdt=19 vmax=266 vacc=29218 vrej=0 seq=0 elapsed=0 oled=3C
[   5360] STATUS mode=3 fault=none enc=24 denc=0 sreq=-20 sapplied=-20 crate=-20 uimp=79990 upos=1300 uneg=1180 ball=26.55 vball=-0.34 aball=-0.1 bref=0.00 pid=-20.4 pref=2.4 ppos=4.4 apid=-0.0 integ=-0.0 vision=1 current=1 vframe=29276 vs=1 vage=19 vpage=19 vdt=27 vmax=266 vacc=29219 vrej=0 seq=0 elapsed=0 oled=3C
[   5391] STATUS mode=3 fault=none enc=24 denc=0 sreq=-36 sapplied=-36 crate=-36 uimp=79700 upos=1300 uneg=1190 ball=26.52 vball=-0.69 aball=-0.1 bref=0.00 pid=-35.9 pref=0.6 ppos=4.2 apid=-0.0 integ=-0.0 vision=1 current=1 vframe=29277 vs=1 vage=9 vpage=9 vdt=30 vmax=266 vacc=29220 vrej=0 seq=0 elapsed=0 oled=3C
[   5422] STATUS mode=3 fault=none enc=24 denc=0 sreq=0 sapplied=0 crate=-12 uimp=78750 upos=1300 uneg=1220 ball=26.53 vball=-0.40 aball=-1.7 bref=0.00 pid=-11.6 pref=2.0 ppos=3.2 apid=-0.0 integ=-0.0 vision=1 current=1 vframe=29278 vs=1 vage=17 vpage=17 vdt=32 vmax=266 vacc=29221 vrej=0 seq=0 elapsed=0 oled=3C
[   5438] STATUS mode=3 fault=none enc=24 denc=0 sreq=0 sapplied=0 crate=0 uimp=78750 upos=1300 uneg=1220 ball=26.54 vball=-0.12 aball=-1.7 bref=0.00 pid=0.0 pref=3.5 ppos=3.2 apid=-0.0 integ=-0.0 vision=1 current=1 vframe=29279 vs=1 vage=5 vpage=5 vdt=32 vmax=266 vacc=29222 vrej=0 seq=0 elapsed=0 oled=3C
[   5469] STATUS mode=3 fault=none enc=24 denc=0 sreq=0 sapplied=0 crate=0 uimp=78750 upos=1300 uneg=1220 ball=26.54 vball=-0.12 aball=-1.7 bref=0.00 pid=0.0 pref=3.5 ppos=3.2 apid=-0.0 integ=-0.0 vision=1 current=1 vframe=29279 vs=1 vage=25 vpage=25 vdt=32 vmax=266 vacc=29222 vrej=0 seq=0 elapsed=0 oled=3C
[   5500] STATUS mode=3 fault=none enc=24 denc=0 sreq=0 sapplied=0 crate=0 uimp=78750 upos=1300 uneg=1220 ball=26.55 vball=-0.03 aball=-1.7 bref=0.00 pid=0.0 pref=4.0 ppos=3.2 apid=-0.0 integ=-0.0 vision=1 current=1 vframe=29280 vs=1 vage=31 vpage=31 vdt=34 vmax=266 vacc=29223 vrej=0 seq=0 elapsed=0 oled=3C
[   5516] STATUS mode=3 fault=none enc=24 denc=0 sreq=0 sapplied=0 crate=14 uimp=78750 upos=1300 uneg=1220 ball=26.56 vball=0.09 aball=1.3 bref=0.00 pid=13.8 pref=4.6 ppos=3.2 apid=0.0 integ=-0.0 vision=1 current=1 vframe=29281 vs=1 vage=18 vpage=18 vdt=33 vmax=266 vacc=29224 vrej=0 seq=0 elapsed=0 oled=3C
[   5547] STATUS mode=3 fault=none enc=24 denc=0 sreq=0 sapplied=0 crate=15 uimp=78750 upos=1300 uneg=1220 ball=26.57 vball=0.10 aball=1.3 bref=0.00 pid=14.6 pref=4.7 ppos=3.2 apid=0.0 integ=-0.0 vision=1 current=1 vframe=29282 vs=1 vage=5 vpage=5 vdt=33 vmax=266 vacc=29225 vrej=0 seq=0 elapsed=0 oled=3C
[   5579] STATUS mode=3 fault=none enc=24 denc=0 sreq=0 sapplied=0 crate=15 uimp=78750 upos=1300 uneg=1220 ball=26.57 vball=0.10 aball=1.3 bref=0.00 pid=14.6 pref=4.7 ppos=3.2 apid=0.0 integ=-0.0 vision=1 current=1 vframe=29282 vs=1 vage=25 vpage=25 vdt=33 vmax=266 vacc=29225 vrej=0 seq=0 elapsed=0 oled=3C
[   5594] STATUS mode=3 fault=none enc=24 denc=0 sreq=0 sapplied=0 crate=19 uimp=79065 upos=1315 uneg=1220 ball=26.58 vball=0.24 aball=1.3 bref=0.00 pid=18.7 pref=5.4 ppos=3.5 apid=0.0 integ=-0.0 vision=1 current=1 vframe=29283 vs=1 vage=32 vpage=32 vdt=33 vmax=266 vacc=29226 vrej=0 seq=0 elapsed=0 oled=3C
[   5625] STATUS mode=3 fault=none enc=24 denc=0 sreq=41 sapplied=41 crate=41 uimp=79755 upos=1330 uneg=1220 ball=26.65 vball=0.79 aball=3.9 bref=0.00 pid=41.4 pref=8.4 ppos=4.2 apid=0.0 integ=-0.0 vision=1 current=1 vframe=29284 vs=1 vage=18 vpage=18 vdt=34 vmax=266 vacc=29227 vrej=0 seq=0 elapsed=0 oled=3C
[   5657] STATUS mode=3 fault=none enc=24 denc=-1 sreq=26 sapplied=26 crate=26 uimp=80520 upos=1350 uneg=1220 ball=26.66 vball=0.63 aball=3.9 bref=0.00 pid=26.1 pref=7.6 ppos=5.0 apid=0.0 integ=-0.0 vision=1 current=1 vframe=29285 vs=1 vage=5 vpage=5 vdt=33 vmax=266 vacc=29228 vrej=0 seq=0 elapsed=0 oled=3C
[   5672] STATUS mode=3 fault=none enc=25 denc=0 sreq=0 sapplied=0 crate=0 uimp=81210 upos=1380 uneg=1220 ball=26.64 vball=0.29 aball=3.9 bref=0.00 pid=0.0 pref=5.8 ppos=5.7 apid=0.0 integ=-0.0 vision=1 current=1 vframe=29286 vs=1 vage=12 vpage=12 vdt=33 vmax=266 vacc=29229 vrej=0 seq=0 elapsed=0 oled=3C
[   5704] STATUS mode=3 fault=none enc=25 denc=0 sreq=0 sapplied=0 crate=0 uimp=81210 upos=1380 uneg=1220 ball=26.64 vball=0.29 aball=3.9 bref=0.00 pid=0.0 pref=5.8 ppos=5.7 apid=0.0 integ=-0.0 vision=1 current=1 vframe=29286 vs=1 vage=32 vpage=32 vdt=33 vmax=266 vacc=29229 vrej=0 seq=0 elapsed=0 oled=3C
[   5735] STATUS mode=3 fault=none enc=25 denc=0 sreq=0 sapplied=0 crate=0 uimp=81210 upos=1380 uneg=1220 ball=26.64 vball=0.22 aball=-0.4 bref=0.00 pid=0.0 pref=5.5 ppos=5.7 apid=-0.0 integ=-0.0 vision=1 current=1 vframe=29287 vs=1 vage=18 vpage=18 vdt=34 vmax=266 vacc=29230 vrej=0 seq=0 elapsed=0 oled=3C
[   5750] STATUS mode=3 fault=none enc=25 denc=0 sreq=0 sapplied=0 crate=0 uimp=81210 upos=1380 uneg=1220 ball=26.65 vball=0.20 aball=-0.4 bref=0.00 pid=0.0 pref=5.4 ppos=5.7 apid=-0.0 integ=-0.0 vision=1 current=1 vframe=29288 vs=1 vage=5 vpage=5 vdt=33 vmax=266 vacc=29231 vrej=0 seq=0 elapsed=0 oled=3C
[   5782] STATUS mode=3 fault=none enc=25 denc=0 sreq=0 sapplied=0 crate=-10 uimp=81210 upos=1380 uneg=1220 ball=26.64 vball=0.05 aball=-0.4 bref=0.00 pid=-10.4 pref=4.6 ppos=5.7 apid=-0.0 integ=-0.0 vision=1 current=1 vframe=29289 vs=1 vage=11 vpage=11 vdt=34 vmax=266 vacc=29232 vrej=0 seq=0 elapsed=0 oled=3C
[   5813] STATUS mode=3 fault=none enc=25 denc=0 sreq=0 sapplied=0 crate=-10 uimp=81210 upos=1380 uneg=1220 ball=26.63 vball=-0.05 aball=-0.4 bref=0.00 pid=-10.4 pref=4.6 ppos=5.7 apid=-0.0 integ=-0.0 vision=1 current=1 vframe=29290 vs=1 vage=1 vpage=1 vdt=30 vmax=266 vacc=29233 vrej=0 seq=0 elapsed=0 oled=3C
[   5829] STATUS mode=3 fault=none enc=25 denc=0 sreq=0 sapplied=0 crate=-16 uimp=81210 upos=1380 uneg=1220 ball=26.63 vball=-0.05 aball=-1.5 bref=0.00 pid=-15.7 pref=4.1 ppos=5.7 apid=-0.0 integ=-0.0 vision=1 current=1 vframe=29290 vs=1 vage=21 vpage=21 vdt=30 vmax=266 vacc=29233 vrej=0 seq=0 elapsed=0 oled=3C
[   5860] STATUS mode=3 fault=none enc=25 denc=0 sreq=0 sapplied=0 crate=0 uimp=81210 upos=1380 uneg=1220 ball=26.67 vball=0.33 aball=-1.5 bref=0.00 pid=0.0 pref=6.1 ppos=5.7 apid=-0.0 integ=-0.0 vision=1 current=1 vframe=29291 vs=1 vage=26 vpage=26 vdt=35 vmax=266 vacc=29234 vrej=0 seq=0 elapsed=0 oled=3C
[   5891] STATUS mode=3 fault=none enc=25 denc=0 sreq=0 sapplied=0 crate=13 uimp=81210 upos=1380 uneg=1220 ball=26.70 vball=0.48 aball=-1.5 bref=0.00 pid=12.9 pref=7.0 ppos=5.7 apid=-0.0 integ=-0.0 vision=1 current=1 vframe=29299 vs=1 vage=13 vpage=13 vdt=1 vmax=266 vacc=29242 vrej=0 seq=0 elapsed=0 oled=3C
[   5907] STATUS mode=3 fault=none enc=25 denc=0 sreq=0 sapplied=0 crate=13 uimp=81210 upos=1380 uneg=1220 ball=26.70 vball=0.48 aball=-1.5 bref=0.00 pid=12.9 pref=7.0 ppos=5.7 apid=-0.0 integ=-0.0 vision=1 current=1 vframe=29299 vs=1 vage=33 vpage=33 vdt=1 vmax=266 vacc=29242 vrej=0 seq=0 elapsed=0 oled=3C
[   5938] STATUS mode=3 fault=none enc=25 denc=0 sreq=0 sapplied=0 crate=0 uimp=81210 upos=1380 uneg=1220 ball=26.72 vball=0.36 aball=1.5 bref=0.00 pid=0.0 pref=6.4 ppos=5.7 apid=0.0 integ=-0.0 vision=1 current=1 vframe=29301 vs=1 vage=7 vpage=7 vdt=33 vmax=266 vacc=29244 vrej=0 seq=0 elapsed=0 oled=3C
[   5969] STATUS mode=3 fault=none enc=25 denc=0 sreq=0 sapplied=0 crate=0 uimp=81210 upos=1380 uneg=1220 ball=26.72 vball=0.36 aball=1.5 bref=0.00 pid=0.0 pref=6.4 ppos=5.7 apid=0.0 integ=-0.0 vision=1 current=1 vframe=29301 vs=1 vage=27 vpage=27 vdt=33 vmax=266 vacc=29244 vrej=0 seq=0 elapsed=0 oled=3C
[   5985] STATUS mode=3 fault=none enc=25 denc=0 sreq=0 sapplied=0 crate=0 uimp=81210 upos=1380 uneg=1220 ball=26.70 vball=0.12 aball=1.5 bref=0.00 pid=0.0 pref=5.2 ppos=5.7 apid=0.0 integ=-0.0 vision=1 current=1 vframe=29302 vs=1 vage=12 vpage=12 vdt=35 vmax=266 vacc=29245 vrej=0 seq=0 elapsed=0 oled=3C
[   6016] STATUS mode=3 fault=none enc=25 denc=0 sreq=-43 sapplied=-43 crate=-43 uimp=80745 upos=1380 uneg=1230 ball=26.62 vball=-0.68 aball=-4.4 bref=0.00 pid=-42.9 pref=0.9 ppos=.0 integ=-0.0 vision=1 current=1 vframe=29302 vs=1 vage=32 vpage=32 vdt=35 vmax=266 vacc=29245 vrej=0 seq=0 elapsed=0 oled=3C
[   6047] STATUS mode=3 fault=none enc=25 denc=0 sreq=-45 sapplied=-45 crate=-45 uimp=79945 upos=1380 uneg=1250 ball=26.58 vball=-0.85 aball=-4.4 bref=0.00 pid=-44.6 pref=-0.1 ppos=4.4 apid=-0.0 integ=-0.0 vision=1 current=1 vframe=29304 vs=1 vage=7 vpage=7 vdt=33 vmax=266 vacc=29247 vrej=0 seq=0 elapsed=0 oled=3C
[   6063] STATUS mode=3 fault=none enc=25 denc=0 sreq=-36 sapplied=-36 crate=-36 uimp=79120 upos=1380 uneg=1270 ball=26.58 vball=-0.85 aball=-4.4 bref=0.00 pid=-36.3 pref=-0.1 ppos=3.6 apid=-0.0 integ=-0.0 vision=1 current=1 vframe=29304 vs=1 vage=27 vpage=27 vdt=33 vmax=266 vacc=29247 vrej=0 seq=0 elapsed=0 oled=3C
[   6094] STATUS mode=3 fault=none enc=24 denc=0 sreq=-23 sapplied=-23 crate=-23 uimp=78520 upos=1380 uneg=1290 ball=26.57 vball=-0.69 aball=-4.4 bref=0.00 pid=-22.6 pref=0.7 ppos=3.0 apid=-0.0 integ=-0.0 vision=1 current=1 vframe=29305 vs=1 vage=14 vpage=14 vdt=33 vmax=266 vacc=29248 vrej=0 seq=0 elapsed=0 oled=3C
[   6125] STATUS mode=3 fault=none enc=23 denc=0 sreq=0 sapplied=0 crate=0 uimp=78200 upos=1380 uneg=1305 ball=26.59 vball=-0.33 aball=-0.8 bref=0.00 pid=0.0 pref=2.6 ppos=2.7 apid=-0.0 integ=-0.0 vision=1 current=1 vframe=29306 vs=1 vage=20 vpage=20 vdt=34 vmax=266 vacc=29249 vrej=0 seq=0 elapsed=0 oled=3C
[   6141] STATUS mode=3 fault=none enc=23 denc=0 sreq=0 sapplied=0 crate=0 uimp=78200 upos=1380 uneg=1305 ball=26.59 vball=-0.16 aball=-0.8 bref=0.00 pid=0.0 pref=3.4 ppos=2.7 apid=-0.0 integ=-0.0 vision=1 current=1 vframe=29307 vs=1 vage=8 vpage=8 vdt=32 vmax=266 vacc=29250 vrej=0 seq=0 elapsed=0 oled=3C
[   6172] STATUS mode=3 fault=none enc=23 denc=0 sreq=0 sapplied=0 crate=0 uimp=78200 upos=1380 uneg=1305 ball=26.59 vball=-0.16 aball=-0.8 bref=0.00 pid=0.0 pref=3.4 ppos=2.7 apid=-0.0 integ=-0.0 vision=1 current=1 vframe=29307 vs=1 vage=28 vpage=28 vdt=32 vmax=266 vacc=29250 vrej=0 seq=0 elapsed=0 oled=3C
[   6204] STATUS mode=3 fault=none enc=23 denc=0 sreq=0 sapplied=0 crate=12 uimp=78200 upos=1380 uneg=1305 ball=26.60 vball=-0.04 aball=-0.8 bref=0.00 pid=12.0 pref=3.9 ppos=2.7 apid=-0.0 integ=-0.0 vision=1 current=1 vframe=29309 vs=1 vage=1 vpage=1 vdt=33 vmax=266 vacc=29252 vrej=0 seq=0 elapsed=0 oled=3C
[   6219] STATUS mode=3 fault=none enc=23 denc=0 sreq=0 sapplied=0 crate=14 uimp=78200 upos=1380 uneg=1305 ball=26.60 vball=-0.04 aball=0.9 bref=0.00 pid=14.0 pref=4.1 ppos=2.7 apid=0.0 integ=-0.0 vision=1 current=1 vframe=29309 vs=1 vage=21 vpage=21 vdt=33 vmax=266 vacc=29252 vrej=0 seq=0 elapsed=0 oled=3C
[   6250] STATUS mode=3 fault=none enc=23 denc=0 sreq=0 sapplied=0 crate=15 uimp=78200 upos=1380 uneg=1305 ball=26.60 vball=-0.02 aball=0.9 bref=0.00 pid=15.0 pref=4.2 ppos=2.7 apid=0.0 integ=-0.0 vision=1 current=1 vframe=29310 vs=1 vage=8 vpage=8 vdt=33 vmax=266 vacc=29253 vrej=0 seq=0 elapsed=0 oled=3C
[   6282] STATUS mode=3 fault=none enc=23 denc=0 sreq=0 sapplied=0 crate=0 uimp=78200 upos=1380 uneg=1305 ball=26.58 vball=-0.23 aball=0.9 bref=0.00 pid=0.0 pref=3.0 ppos=2.7 apid=0.0 integ=-0.0 vision=1 current=1 vframe=29311 vs=1 vage=11 vpage=11 vdt=37 vmax=266 vacc=29254 vrej=0 seq=0 elapsed=0 oled=3C
[   6297] STATUS mode=3 fault=none enc=23 denc=0 sreq=0 sapplied=0 crate=0 uimp=78200 upos=1380 uneg=1305 ball=26.58 vball=-0.23 aball=0.9 bref=0.00 pid=0.0 pref=3.0 ppos=2.7 apid=0.0 integ=-0.0 vision=1 current=1 vframe=29311 vs=1 vage=31 vpage=31 vdt=37 vmax=266 vacc=29254 vrej=0 seq=0 elapsed=0 oled=3C
[   6329] STATUS mode=3 fault=none enc=23 denc=0 sreq=0 sapplied=0 crate=0 uimp=78200 upos=1380 uneg=1305 ball=26.56 vball=-0.33 aball=-0.8 bref=0.00 pid=0.0 pref=2.5 ppos=2.7 apid=-0.0 integ=-0.0 vision=1 current=1 vframe=29312 vs=1 vage=20 vpage=20 vdt=31 vmax=266 vacc=29255 vrej=0 seq=0 elapsed=0 oled=3C
[   6360] STATUS mode=3 fault=none enc=23 denc=0 sreq=0 sapplied=0 crate=0 uimp=78200 upos=1380 uneg=1305 ball=26.55 vball=-0.28 aball=-0.8 bref=0.00 pid=0.0 pref=2.7 ppos=2.7 apid=-0.0 integ=-0.0 vision=1 current=1 vframe=29313 vs=1 vage=6 vpage=6 vdt=34 vmax=266 vacc=29256 vrej=0 seq=0 elapsed=0 oled=3C
[   6375] STATUS mode=3 fault=none enc=23 denc=0 sreq=0 sapplied=0 crate=0 uimp=78200 upos=1380 uneg=1305 ball=26.55 vball=-0.20 aball=-0.8 bref=0.00 pid=0.0 pref=3.1 ppos=2.7 apid=-0.0 integ=-0.0 vision=1 current=1 vframe=29314 vs=1 vage=13 vpage=13 vdt=33 vmax=266 vacc=29257 vrej=0 seq=0 elapsed=0 oled=3C
[   6407] STATUS mode=3 fault=none enc=23 denc=0 sreq=0 sapplied=0 crate=0 uimp=78200 upos=1380 uneg=1305 ball=26.55 vball=-0.20 aball=-0.8 bref=0.00 pid=0.0 pref=3.1 ppos=2.7 apid=-0.0 integ=-0.0 vision=1 current=1 vframe=29314 vs=1 vage=33 vpage=33 vdt=33 vmax=266 vacc=29257 vrej=0 seq=0 elapsed=0 oled=3C
[   6438] STATUS mode=3 fault=none enc=23 denc=0 sreq=0 sapplied=0 crate=0 uimp=78200 upos=1380 uneg=1305 ball=26.55 vball=-0.13 aball=0.4 bref=0.00 pid=0.0 pref=3.5 ppos=2.7 apid=0.0 integ=-0.0 vision=1 current=1 vframe=29315 vs=1 vage=18 vpage=18 vdt=35 vmax=266 vacc=29258 vrej=0 seq=0 elapsed=0 oled=3C
[   6454] STATUS mode=3 fault=none enc=23 denc=0 sreq=0 sapplied=0 crate=11 uimp=78200 upos=1380 uneg=1305 ball=26.56 vball=-0.08 aball=0.4 bref=0.00 pid=10.8 pref=3.7 ppos=2.7 apid=0.0 integ=-0.0 vision=1 current=1 vframe=29316 vs=1 vage=26 vpage=26 vdt=32 vmax=266 vacc=29259 vrej=0 seq=0 elapsed=0 oled=3C
[   6485] STATUS mode=3 fault=none enc=23 denc=0 sreq=0 sapplied=0 crate=0 uimp=78200 upos=1380 uneg=1305 ball=26.55 vball=-0.14 aball=0.4 bref=0.00 pid=0.0 pref=3.4 ppos=2.7 apid=0.0 integ=-0.0 vision=1 current=1 vframe=29317 vs=1 vage=14 vpage=14 vdt=32 vmax=266 vacc=29260 vrej=0 seq=0 elapsed=0 oled=3C
[   6516] STATUS mode=3 fault=none enc=23 denc=0 sreq=0 sapplied=0 crate=0 uimp=78200 upos=1380 uneg=1305 ball=26.53 vball=-0.29 aball=0.4 bref=0.00 pid=0.0 pref=3.4 ppos=2.7 apid=0.0 integ=-0.0 vision=1 current=1 vframe=29318 vs=1 vage=1 vpage=1 vdt=33 vmax=266 vacc=29261 vrej=0 seq=0 elapsed=0 oled=3C
[   6532] STATUS mode=3 fault=none enc=23 denc=0 sreq=0 sapplied=0 crate=0 uimp=78200 upos=1380 uneg=1305 ball=26.51 vball=-0.33 aball=-0.5 bref=0.00 pid=0.0 pref=2.3 ppos=2.7 apid=-0.0 integ=-0.0 vision=1 current=1 vframe=29319 vs=1 vage=6 vpage=6 vdt=35 vmax=266 vacc=29262 vrej=0 seq=0 elapsed=0 oled=3C
[   6563] STATUS mode=3 fault=none enc=23 denc=0 sreq=0 sapplied=0 crate=0 uimp=78200 upos=1380 uneg=1305 ball=26.51 vball=-0.33 aball=-0.5 bref=0.00 pid=0.0 pref=2.3 ppos=2.7 apid=-0.0 integ=-0.0 vision=1 current=1 vframe=29319 vs=1 vage=26 vpage=26 vdt=35 vmax=266 vacc=29262 vrej=0 seq=0 elapsed=0 oled=3C
[   6594] STATUS mode=3 fault=none enc=23 denc=0 sreq=0 sapplied=0 crate=0 uimp=78200 upos=1380 uneg=1305 ball=26.51 vball=-0.27 aball=-0.5 bref=0.00 pid=0.0 pref=2.6 ppos=2.7 apid=-0.0 integ=-0.0 vision=1 current=1 vframe=29320 vs=1 vage=12 vpage=12 vdt=34 vmax=266 vacc=29263 vrej=0 seq=0 elapsed=0 oled=3C
[   6610] STATUS mode=3 fault=none enc=23 denc=0 sreq=0 sapplied=0 crate=0 uimp=78200 upos=1380 uneg=1305 ball=26.51 vball=-0.27 aball=-0.5 bref=0.00 pid=0.0 pref=2.6 ppos=2.7 apid=-0.0 integ=-0.0 vision=1 current=1 vframe=29320 vs=1 vage=32 vpage=32 vdt=34 vmax=266 vacc=29263 vrej=0 seq=0 elapsed=0 oled=3C
[   6641] STATUS mode=3 fault=none enc=23 denc=0 sreq=0 sapplied=0 crate=0 uimp=78200 upos=1380 uneg=1305 ball=26.51 vball=-0.13 aball=0.2 bref=0.00 pid=0.0 pref=3.3 ppos=2.7 apid=0.0 integ=-0.0 vision=1 current=1 vframe=29322 vs=1 vage=7 vpage=7 vdt=32 vmax=266 vacc=29265 vrej=0 seq=0 elapsed=0 oled=3C
[   6672] STATUS mode=3 fault=none enc=23 denc=0 sreq=0 sapplied=0 crate=0 uimp=78200 upos=1380 uneg=1305 ball=26.51 vball=-0.13 aball=0.2 bref=0.00 pid=0.0 pref=3.3 ppos=2.7 apid=0.0 integ=-0.0 vision=1 current=1 vframe=29322 vs=1 vage=27 vpage=27 vdt=32 vmax=266 vacc=29265 vrej=0 seq=0 elapsed=0 oled=3C
[   6688] STATUS mode=3 fault=none enc=23 denc=0 sreq=0 sapplied=0 crate=0 uimp=78200 upos=1380 uneg=1305 ball=26.51 vball=-0.08 aball=0.2 bref=0.00 pid=0.0 pref=3.6 ppos=2.7 apid=0.0 integ=-0.0 vision=1 current=1 vframe=29323 vs=1 vage=14 vpage=14 vdt=33 vmax=266 vacc=29266 vrej=0 seq=0 elapsed=0 oled=3C
[   6719] STATUS mode=3 fault=none enc=23 denc=0 sreq=0 sapplied=0 crate=11 uimp=78200 upos=1380 uneg=1305 ball=26.51 vball=-0.05 aball=0.7 bref=0.00 pid=10.8 pref=3.7 ppos=2.7 apid=0.0 integ=-0.0 vision=1 current=1 vframe=29324 vs=1 vage=21 vpage=21 vdt=33 vmax=266 vacc=29267 vrej=0 seq=0 elapsed=0 oled=3C
[   6750] STATUS mode=3 fault=none enc=23 denc=0 sreq=0 sapplied=0 crate=12 uimp=78200 upos=1380 uneg=1305 ball=26.51 vball=-0.03 aball=0.7 bref=0.00 pid=11.8 pref=3.8 ppos=2.7 apid=0.0 integ=-0.0 vision=1 current=1 vframe=29325 vs=1 vage=7 vpage=7 vdt=34 vmax=266 vacc=29268 vrej=0 seq=0 elapsed=0 oled=3C
[   6766] STATUS mode=3 fault=none enc=23 denc=0 sreq=0 sapplied=0 crate=12 uimp=78200 upos=1380 uneg=1305 ball=26.51 vball=-0.03 aball=0.7 bref=0.00 pid=11.8 pref=3.8 ppos=2.7 apid=0.0 integ=-0.0 vision=1 current=1 vframe=29325 vs=1 vage=27 vpage=27 vdt=34 vmax=266 vacc=29268 vrej=0 seq=0 elapsed=0 oled=3C
[   6797] STATUS mode=3 fault=none enc=23 denc=0 sreq=0 sapplied=0 crate=16 uimp=78200 upos=1380 uneg=1305 ball=26.52 vball=0.05 aball=0.7 bref=0.00 pid=16.1 pref=4.3 ppos=2.7 apid=0.0 integ=-0.0 vision=1 current=1 vframe=29326 vs=1 vage=34 vpage=34 vdt=33 vmax=266 vacc=29269 vrej=0 seq=0 elapsed=0 oled=3C
[   6829] STATUS mode=3 fault=none enc=23 denc=0 sreq=21 sapplied=21 crate=21 uimp=78425 upos=1390 uneg=1305 ball=26.54 vball=0.18 aball=1.4 bref=0.00 pid=21.0 pref=5.0 ppos=2.9 apid=0.0 integ=-0.0 vision=1 current=1 vframe=29327 vs=1 vage=18 vpage=18 vdt=36 vmax=266 vacc=29270 vrej=0 seq=0 elapsed=0 oled=3C
[   6844] STATUS mode=3 fault=none enc=23 denc=0 sreq=25 sapplied=25 crate=25 uimp=78630 upos=1400 uneg=1305 ball=26.56 vball=0.30 aball=1.4 bref=0.00 pid=25.5 pref=5.6 ppos=3.1 apid=0.0 integ=-0.0 vision=1 current=1 vframe=29328 vs=1 vage=7 vpage=7 vdt=31 vmax=266 vacc=29271 vrej=0 seq=0 elapsed=0 oled=3C
[   6875] STATUS mode=3 fault=none enc=23 denc=0 sreq=21 sapplied=21 crate=21 uimp=79100 upos=1420 uneg=1305 ball=26.56 vball=0.30 aball=1.4 bref=0.00 pid=20.8 pref=5.6 ppos=3.6 apid=0.0 integ=-0.0 vision=1 current=1 vframe=29328 vs=1 vage=27 vpage=27 vdt=31 vmax=266 vacc=29271 vrej=0 seq=0 elapsed=0 oled=3C
[   6907] STATUS mode=3 fault=none enc=24 denc=0 sreq=0 sapplied=0 crate=19 uimp=80000 upos=1460 uneg=1305 ball=26.62 vball=0.69 aball=1.4 bref=0.00 pid=19.4 pref=6.4 ppos=4.5 apid=0.0 integ=-0.0 vision=1 current=1 vframe=29330 vs=1 vage=1 vpage=1 vdt=33 vmax=266 vacc=29273 vrej=0 seq=0 elapsed=0 oled=3C
[   6922] STATUS mode=3 fault=none enc=24 denc=0 sreq=28 sapplied=28 crate=28 uimp=80470 upos=1475 uneg=1305 ball=26.62 vball=0.69 aball=3.1 bref=0.00 pid=28.4 pref=7.8 ppos=4.9 apid=0.0 integ=-0.0 vision=1 current=1 vframe=29330 vs=1 vage=21 vpage=21 vdt=33 vmax=266 vacc=29273 vrej=0 seq=0 elapsed=0 oled=3C
[   6954] STATUS mode=3 fault=none enc=24 denc=0 sreq=43 sapplied=43 crate=43 uimp=80995 upos=1495 uneg=1305 ball=26.69 vball=1.04 aball=3.1 bref=0.00 pid=42.7 pref=9.7 ppos=5.5 apid=0.0 integ=-0.0 vision=1 current=1 vframe=29331 vs=1 vage=7 vpage=7 vdt=34 vmax=266 vacc=29274 vrej=0 seq=0 elapsed=0 oled=3C
[   6985] STATUS mode=3 fault=none enc=24 denc=-1 sreq=22 sapplied=22 crate=22 uimp=82370 upos=1535 uneg=1305 ball=26.70 vball=0.89 aball=3.1 bref=0.00 pid=21.8 pref=9.0 ppos=6.8 apid=0.0 integ=-0.0 vision=1 current=1 vframe=29332 vs=1 vage=13 vpage=13 vdt=34 vmax=266 vacc=29275 vrej=0 seq=0 elapsed=0 oled=3C
[   7000] STATUS mode=3 fault=none enc=25 denc=0 sreq=0 sapplied=0 crate=19 uimp=82685 upos=1550 uneg=1305 ball=26.70 vball=0.57 aball=3.1 bref=0.00 pid=18.7 pref=9.0 ppos=7.1 apid=0.0 integ=-0.0 vision=1 current=1 vframe=29333 vs=1 vage=1 vpage=1 vdt=32 vmax=266 vacc=29276 vrej=0 seq=0 elapsed=0 oled=3C
[   7032] STATUS mode=3 fault=none enc=25 denc=0 sreq=0 sapplied=0 crate=0 uimp=82685 upos=1550 uneg=1305 ball=26.70 vball=0.57 aball=1.2 bref=0.00 pid=0.0 pref=7.4 ppos=7.1 apid=0.0 integ=-0.0 vision=1 current=1 vframe=29333 vs=1 vage=21 vpage=21 vdt=32 vmax=266 vacc=29276 vrej=0 seq=0 elapsed=0 oled=3C
[   7063] STATUS mode=3 fault=none enc=26 denc=1 sreq=-31 sapplied=-31 crate=-31 uimp=81980 upos=1550 uneg=1325 ball=26.63 vball=-0.20 aball=1.2 bref=0.00 pid=-30.9 pref=3.3 ppos=6.4 apid=0.0 integ=-0.0 vision=1 current=1 vframe=29334 vs=1 vage=28 vpage=28 vdt=33 vmax=266 vacc=29277 vrej=0 seq=0 elapsed=0 oled=3C
[   7079] STATUS mode=3 fault=none enc=25 denc=1 sreq=-41 sapplied=-41 crate=-41 uimp=81235 upos=1550 uneg=1345 ball=26.59 vball=-0.53 aball=1.2 bref=0.00 pid=-41.1 pref=1.6 ppos=5.7 apid=0.0 integ=-0.0 vision=1 current=1 vframe=29335 vs=1 vage=14 vpage=14 vdt=34 vmax=266 vacc=29278 vrej=0 seq=0 elapsed=0 oled=3C
[   7110] STATUS mode=3 fault=none enc=24 denc=-1 sreq=-34 sapplied=-34 crate=-34 uimp=80475 upos=1550 uneg=1365 ball=26.59 vball=-0.53 aball=1.2 bref=0.00 pid=-33.5 pref=1.6 ppos=4.9 apid=0.0 integ=-0.0 vision=1 current=1 vframe=29335 vs=1 vage=34 vpage=34 vdt=34 vmax=266 vacc=29278 vrej=0 seq=0 elapsed=0 oled=3C
[   7141] STATUS mode=3 fault=none enc=24 denc=0 sreq=0 sapplied=0 crate=0 uimp=80305 upos=1550 uneg=1370 ball=26.65 vball=0.25 aball=-2.1 bref=0.00 pid=0.0 pref=5.7 ppos=4.8 apid=-0.0 integ=-0.0 vision=1 current=1 vframe=29337 vs=1 vage=6 vpage=6 vdt=33 vmax=266 vacc=29280 vrej=0 seq=0 elapsed=0 oled=3C
[   7157] STATUS mode=3 fault=none enc=24 denc=0 sreq=0 sapplied=0 crate=0 uimp=80305 upos=1550 uneg=1370 ball=26.65 vball=0.25 aball=-2.1 bref=0.00 pid=0.0 pref=5.7 ppos=4.8 apid=-0.0 integ=-0.0 vision=1 current=1 vframe=29337 vs=1 vage=26 vpage=26 vdt=33 vmax=266 vacc=29280 vrej=0 seq=0 elapsed=0 oled=3C
[   7188] STATUS mode=3 fault=none enc=24 denc=0 sreq=0 sapplied=0 crate=10 uimp=80305 upos=1550 uneg=1370 ball=26.66 vball=0.27 aball=-2.1 bref=0.00 pid=10.2 pref=5.8 ppos=4.8 apid=-0.0 integ=-0.0 vision=1 current=1 vframe=29338 vs=1 vage=13 vpage=13 vdt=33 vmax=266 vacc=29281 vrej=0 seq=0 elapsed=0 oled=3C
[   7219] STATUS mode=3 fault=none enc=24 denc=0 sreq=0 sapplied=0 crate=10 uimp=80305 upos=1550 uneg=1370 ball=26.66 vball=0.27 aball=-2.1 bref=0.00 pid=10.2 pref=5.8 ppos=4.8 apid=-0.0 integ=-0.0 vision=1 current=1 vframe=29338 vs=1 vage=33 vpage=33 vdt=33 vmax=266 vacc=29281 vrej=0 seq=0 elapsed=0 oled=3C
[   7235] STATUS mode=3 fault=none enc=24 denc=0 sreq=0 sapplied=0 crate=15 uimp=80305 upos=1550 uneg=1370 ball=26.69 vball=0.34 aball=0.0 bref=0.00 pid=14.6 pref=6.2 ppos=4.8 apid=0.0 integ=-0.0 vision=1 current=1 vframe=29340 vs=1 vage=6 vpage=6 vdt=33 vmax=266 vacc=29283 vrej=0 seq=0 elapsed=0 oled=3C
[   7266] STATUS mode=3 fault=none enc=24 denc=0 sreq=0 sapplied=0 crate=15 uimp=80305 upos=1550 uneg=1370 ball=26.69 vball=0.34 aball=0.0 bref=0.00 pid=14.6 pref=6.2 ppos=4.8 apid=0.0 integ=-0.0 vision=1 current=1 vframe=29340 vs=1 vage=26 vpage=26 vdt=33 vmax=266 vacc=29283 vrej=0 seq=0 elapsed=0 oled=3C
[   7297] STATUS mode=3 fault=none enc=24 denc=0 sreq=0 sapplied=0 crate=13 uimp=80305 upos=1550 uneg=1370 ball=26.69 vball=0.30 aball=0.0 bref=0.00 pid=12.6 pref=6.0 ppos=4.8 apid=0.0 integ=-0.0 vision=1 current=1 vframe=29341 vs=1 vage=14 vpage=14 vdt=32 vmax=266 vacc=29284 vrej=0 seq=0 elapsed=0 oled=3C
[   7313] STATUS mode=3 fault=none enc=24 denc=0 sreq=0 sapplied=0 crate=0 uimp=80305 upos=1550 uneg=1370 ball=26.67 vball=0.02 aball=-0.8 bref=0.00 pid=0.0 pref=4.6 ppos=4.8 apid=-0.0 integ=-0.0 vision=1 current=1 vframe=29342 vs=1 vage=20 vpage=20 vdt=34 vmax=266 vacc=29285 vrej=0 seq=0 elapsed=0 oled=3C
[   7344] STATUS mode=3 fault=none enc=24 denc=0 sreq=0 sapplied=0 crate=0 uimp=80305 upos=1550 uneg=1370 ball=26.68 vball=0.12 aball=-0.8 bref=0.00 pid=0.0 pref=5.1 ppos=4.8 apid=-0.0 integ=-0.0 vision=1 current=1 vframe=29343 vs=1 vage=8 vpage=8 vdt=32 vmax=266 vacc=29286 vrej=0 seq=0 elapsed=0 oled=3C
[   7375] STATUS mode=3 fault=none enc=24 denc=0 sreq=0 sapplied=0 crate=0 uimp=80305 upos=1550 uneg=1370 ball=26.68 vball=0.12 aball=-0.8 bref=0.00 pid=0.0 pref=5.1 ppos=4.8 apid=-0.0 integ=-0.0 vision=1 current=1 vframe=29343 vs=1 vage=28 vpage=28 vdt=32 vmax=266 vacc=29286 vrej=0 seq=0 elapsed=0 oled=3C
[   7391] STATUS mode=3 fault=none enc=24 denc=0 sreq=0 sapplied=0 crate=0 uimp=80305 upos=1550 uneg=1370 ball=26.69 vball=0.13 aball=-0.8 bref=0.00 pid=0.0 pref=5.2 ppos=4.8 apid=-0.0 integ=-0.0 vision=1 current=1 vframe=29344 vs=1 vage=33 vpage=33 vdt=35 vmax=266 vacc=29287 vrej=0 seq=0 elapsed=0 oled=3C
[   7422] STATUS mode=3 fault=none enc=24 denc=0 sreq=0 sapplied=0 crate=0 uimp=80305 upos=1550 uneg=1370 ball=26.67 vball=-0.04 aball=-0.7 bref=0.00 pid=0.0 pref=4.3 ppos=4.8 apid=-0.0 integ=-0.0 vision=1 current=1 vframe=29345 vs=1 vage=18 vpage=18 vdt=35 vmax=266 vacc=29288 vrej=0 seq=0 elapsed=0 oled=3C
[   7454] STATUS mode=3 fault=none enc=24 denc=0 sreq=-35 sapplied=-35 crate=-35 uimp=80305 upos=1550 uneg=1370 ball=26.61 vball=-0.60 aball=-0.7 bref=0.00 pid=-34.7 pref=1.3 ppos=4.8 apid=-0.0 integ=-0.0 vision=1 current=1 vframe=29346 vs=1 vage=6 vpage=6 vdt=32 vmax=266 vacc=29289 vrej=0 seq=0 elapsed=0 oled=3C
[   7469] STATUS mode=3 fault=none enc=24 denc=0 sreq=-28 sapplied=-28 crate=-28 uimp=79660 upos=1550 uneg=1390 ball=26.61 vball=-0.60 aball=-0.7 bref=0.00 pid=-28.3 pref=1.3 ppos=4.1 apid=-0.0 integ=-0.0 vision=1 current=1 vframe=29346 vs=1 vage=26 vpage=26 vdt=32 vmax=266 vacc=29289 vrej=0 seq=0 elapsed=0 oled=3C
[   7500] STATUS mode=3 fault=none enc=23 denc=0 sreq=0 sapplied=0 crate=0 uimp=79255 upos=1550 uneg=1405 ball=26.63 vball=-0.17 aball=-0.7 bref=0.00 pid=0.0 pref=3.5 ppos=3.7 apid=-0.0 integ=-0.0 vision=1 current=1 vframe=29347 vs=1 vage=32 vpage=32 vdt=34 vmax=266 vacc=29290 vrej=0 seq=0 elapsed=0 oled=3C
[   7532] STATUS mode=3 fault=none enc=23 denc=0 sreq=0 sapplied=0 crate=18 uimp=79255 upos=1550 uneg=1405 ball=26.67 vball=0.20 aball=0.7 bref=0.00 pid=17.6 pref=5.5 ppos=3.7 apid=0.0 integ=-0.0 vision=1 current=1 vframe=29348 vs=1 vage=19 vpage=19 vdt=33 vmax=266 vacc=29291 vrej=0 seq=0 elapsed=0 oled=3C
[   7547] STATUS mode=3 fault=none enc=23 denc=0 sreq=0 sapplied=0 crate=0 uimp=79255 upos=1550 uneg=1405 ball=26.63 vball=-0.24 aball=0.7 bref=0.00 pid=0.0 pref=3.1 ppos=3.7 apid=0.0 integ=-0.0 vision=1 current=1 vframe=29349 vs=1 vage=6 vpage=6 vdt=33 vmax=266 vacc=29292 vrej=0 seq=0 elapsed=0 oled=3C
[   7579] STATUS mode=3 fault=none enc=23 denc=0 sreq=0 sapplied=0 crate=-18 uimp=79255 upos=1550 uneg=1405 ball=26.60 vball=-0.47 aball=0.7 bref=0.00 pid=-18.0 pref=1.9 ppos=3.7 apid=0.0 integ=-0.0 vision=1 current=1 vframe=29350 vs=1 vage=12 vpage=12 vdt=34 vmax=266 vacc=29293 vrej=0 seq=0 elapsed=0 oled=3C
[   7610] STATUS mode=3 fault=none enc=23 denc=0 sreq=0 sapplied=0 crate=-18 uimp=79255 upos=1550 uneg=1405 ball=26.60 vball=-0.47 aball=0.7 bref=0.00 pid=-18.0 pref=1.9 ppos=3.7 apid=0.0 integ=-0.0 vision=1 current=1 vframe=29350 vs=1 vage=32 vpage=32 vdt=34 vmax=266 vacc=29293 vrej=0 seq=0 elapsed=0 oled=3C
[   7641] STATUS mode=3 fault=none enc=23 denc=0 sreq=0 sapplied=0 crate=-14 uimp=79255 upos=1550 uneg=1405 ball=26.59 vball=-0.38 aball=-2.2 bref=0.00 pid=-13.8 pref=2.3 ppos=3.7 apid=-0.0 integ=-0.0 vision=1 current=1 vframe=29351 vs=1 vage=19 vpage=19 vdt=33 vmax=266 vacc=29294 vrej=0 seq=0 elapsed=0 oled=3C
[   7657] STATUS mode=3 fault=none enc=23 denc=0 sreq=20 sapplied=20 crate=20 uimp=79585 upos=1565 uneg=1405 ball=26.66 vball=0.32 aball=-2.2 bref=0.00 pid=19.9 pref=6.0 ppos=4.0 apid=-0.0 integ=-0.0 vision=1 current=1 vframe=29352 vs=1 vage=26 vpage=26 vdt=33 vmax=266 vacc=29295 vrej=0 seq=0 elapsed=0 oled=3C
[   7688] STATUS mode=3 fault=none enc=23 denc=0 sreq=22 sapplied=22 crate=22 uimp=79925 upos=1580 uneg=1405 ball=26.68 vball=0.42 aball=-2.2 bref=0.00 pid=22.1 pref=6.6 ppos=4.4 apid=-0.0 integ=-0.0 vision=1 current=1 vframe=29353 vs=1 vage=13 vpage=13 vdt=33 vmax=266 vacc=29296 vrej=0 seq=0 elapsed=0 oled=3C
[   7719] STATUS mode=3 fault=none enc=24 denc=2 sreq=0 sapplied=0 crate=19 uimp=80240 upos=1595 uneg=1405 ball=26.68 vball=0.42 aball=-2.2 bref=0.00 pid=19.0 pref=6.6 ppos=4.7 apid=-0.0 integ=-0.0 vision=1 current=1 vframe=29353 vs=1 vage=33 vpage=33 vdt=33 vmax=266 vacc=29296 vrej=0 seq=0 elapsed=0 oled=3C
[   7735] STATUS mode=3 fault=none enc=24 denc=0 sreq=0 sapplied=0 crate=11 uimp=80240 upos=1595 uneg=1405 ball=26.69 vball=0.25 aball=2.1 bref=0.00 pid=10.8 pref=5.8 ppos=4.7 apid=0.0 integ=-0.0 vision=1 current=1 vframe=29355 vs=1 vage=7 vpage=7 vdt=33 vmax=266 vacc=29298 vrej=0 seq=0 elapsed=0 oled=3C
[   7766] STATUS mode=3 fault=none enc=24 denc=0 sreq=0 sapplied=0 crate=11 uimp=80240 upos=1595 uneg=1405 ball=26.69 vball=0.25 aball=2.1 bref=0.00 pid=10.8 pref=5.8 ppos=4.7 apid=0.0 integ=-0.0 vision=1 current=1 vframe=29355 vs=1 vage=27 vpage=27 vdt=33 vmax=266 vacc=29298 vrej=0 seq=0 elapsed=0 oled=3C
[   7797] STATUS mode=3 fault=none enc=24 denc=0 sreq=0 sapplied=0 crate=0 uimp=80240 upos=1595 uneg=1405 ball=26.67 vball=-0.01 aball=2.1 bref=0.00 pid=0.0 pref=4.4 ppos=4.7 apid=0.0 integ=-0.0 vision=1 current=1 vframe=29356 vs=1 vage=13 vpage=13 vdt=34 vmax=266 vacc=29299 vrej=0 seq=0 elapsed=0 oled=3C
[   7813] STATUS mode=3 fault=none enc=24 denc=0 sreq=0 sapplied=0 crate=0 uimp=80240 upos=1595 uneg=1405 ball=26.67 vball=-0.01 aball=2.1 bref=0.00 pid=0.0 pref=4.4 ppos=4.7 apid=0.0 integ=-0.0 vision=1 current=1 vframe=29356 vs=1 vage=33 vpage=33 vdt=34 vmax=266 vacc=29299 vrej=0 seq=0 elapsed=0 oled=3C
[   7844] STATUS mode=3 fault=none enc=24 denc=0 sreq=-33 sapplied=-33 crate=-33 uimp=79100 upos=1595 uneg=1435 ball=26.55 vball=-0.77 aball=-3.8 bref=0.00 pid=-33.0 pref=0.3 ppos=3.6 apid=-0.0 integ=-0.0 vision=1 current=1 vframe=29358 vs=1 vage=6 vpage=6 vdt=34 vmax=266 vacc=29301 vrej=0 seq=0 elapsed=0 oled=3C
[   7875] STATUS mode=3 fault=none enc=22 denc=-1 sreq=-27 sapplied=-27 crate=-27 uimp=78490 upos=1595 uneg=1455 ball=26.55 vball=-0.77 aball=-3.8 bref=0.00 pid=-26.9 pref=0.3 ppos=2.9 apid=-0.0 integ=-0.0 vision=1 current=1 vframe=29358 vs=1 vage=26 vpage=26 vdt=34 vmax=266 vacc=29301 vrej=0 seq=0 elapsed=0 oled=3C
[   7891] STATUS mode=3 fault=none enc=22 denc=1 sreq=0 sapplied=0 crate=-15 uimp=78225 upos=1595 uneg=1465 ball=26.55 vball=-0.59 aball=-3.8 bref=0.00 pid=-15.3 pref=1.2 ppos=2.7 apid=-0.0 integ=-0.0 vision=1 current=1 vframe=29359 vs=1 vage=13 vpage=13 vdt=33 vmax=266 vacc=29302 vrej=0 seq=0 elapsed=0 oled=3C
[   7922] STATUS mode=3 fault=none enc=22 denc=0 sreq=0 sapplied=0 crate=0 uimp=78225 upos=1595 uneg=1465 ball=26.55 vball=-0.41 aball=-0.5 bref=0.00 pid=0.0 pref=2.1 ppos=2.7 apid=-0.0 integ=-0.0 vision=1 current=1 vframe=29360 vs=1 vage=22 vpage=22 vdt=31 vmax=266 vacc=29303 vrej=0 seq=0 elapsed=0 oled=3C
[   7954] STATUS mode=3 fault=none enc=22 denc=0 sreq=0 sapplied=0 crate=11 uimp=78225 upos=1595 uneg=1465 ball=26.57 vball=-0.07 aball=-0.5 bref=0.00 pid=11.4 pref=3.8 ppos=2.7 apid=-0.0 integ=-0.0 vision=1 current=1 vframe=29361 vs=1 vage=6 vpage=6 vdt=36 vmax=266 vacc=29304 vrej=0 seq=0 elapsed=0 oled=3C
[   7969] STATUS mode=3 fault=none enc=22 denc=0 sreq=0 sapplied=0 crate=11 uimp=78225 upos=1595 uneg=1465 ball=26.57 vball=-0.07 aball=-0.5 bref=0.00 pid=11.4 pref=3.8 ppos=2.7 apid=-0.0 integ=-0.0 vision=1 current=1 vframe=29361 vs=1 vage=26 vpage=26 vdt=36 vmax=266 vacc=29304 vrej=0 seq=0 elapsed=0 oled=3C
[   8000] STATUS mode=3 fault=none enc=22 denc=0 sreq=20 sapplied=20 crate=20 uimp=78430 upos=1605 uneg=1465 ball=26.60 vball=0.13 aball=2.2 bref=0.00 pid=20.2 pref=4.9 ppos=2.9 apid=0.0 integ=-0.0 vision=1 current=1 vframe=29363 vs=1 vage=3 vpage=3 vdt=31 vmax=266 vacc=29306 vrej=0 seq=0 elapsed=0 oled=3C
[   8032] STATUS mode=3 fault=none enc=22 denc=0 sreq=0 sapplied=0 crate=19 uimp=78530 upos=1610 uneg=1465 ball=26.60 vball=0.13 aball=2.2 bref=0.00 pid=19.2 pref=4.9 ppos=3.0 apid=0.0 integ=-0.0 vision=1 current=1 vframe=29363 vs=1 vage=23 vpage=23 vdt=31 vmax=266 vacc=29306 vrej=0 seq=0 elapsed=0 oled=3C
[   8047] STATUS mode=3 fault=none enc=22 denc=0 sreq=39 sapplied=39 crate=39 uimp=78530 upos=1610 uneg=1465 ball=26.64 vball=0.51 aball=2.2 bref=0.00 pid=39.4 pref=6.9 ppos=3.0 apid=0.0 integ=-0.0 vision=1 current=1 vframe=29364 vs=1 vage=7 vpage=7 vdt=36 vmax=266 vacc=29307 vrej=0 seq=0 elapsed=0 oled=3C
[   8079] STATUS mode=3 fault=none enc=22 denc=-1 sreq=31 sapplied=31 crate=31 uimp=79910 upos=1650 uneg=1465 ball=26.67 vball=0.60 aball=2.2 bref=0.00 pid=31.0 pref=7.5 ppos=4.4 apid=0.0 integ=-0.0 vision=1 current=1 vframe=29365 vs=1 vage=15 vpage=15 vdt=32 vmax=266 vacc=29308 vrej=0 seq=0 elapsed=0 oled=3C
[   8110] STATUS mode=3 fault=none enc=22 denc=0 sreq=25 sapplied=25 crate=25 uimp=80485 upos=1670 uneg=1465 ball=26.67 vball=0.60 aball=2.2 bref=0.00 pid=25.3 pref=7.5 ppos=4.9 apid=0.0 integ=-0.0 vision=1 current=1 vframe=29365 vs=1 vage=35 vpage=35 vdt=32 vmax=266 vacc=29308 vrej=0 seq=0 elapsed=0 oled=3C
[   8125] STATUS mode=3 fault=none enc=24 denc=2 sreq=0 sapplied=0 crate=19 uimp=80815 upos=1685 uneg=1465 ball=26.68 vball=0.53 aball=2.9 bref=0.00 pid=18.8 pref=7.1 ppos=5.3 apid=0.0 integ=-0.0 vision=1 current=1 vframe=29366 vs=1 vage=20 vpage=20 vdt=35 vmax=266 vacc=29309 vrej=0 seq=0 elapsed=0 oled=3C
[   8157] STATUS mode=3 fault=none enc=24 denc=0 sreq=0 sapplied=0 crate=15 uimp=80815 upos=1685 uneg=1465 ball=26.69 vball=0.45 aball=2.9 bref=0.00 pid=15.0 pref=6.8 ppos=5.3 apid=0.0 integ=-0.0 vision=1 current=1 vframe=29367 vs=1 vage=6 vpage=6 vdt=34 vmax=266 vacc=29310 vrej=0 seq=0 elapsed=0 oled=3C
[   8188] STATUS mode=3 fault=none enc=24 denc=0 sreq=0 sapplied=0 crate=0 uimp=80815 upos=1685 uneg=1465 ball=26.69 vball=0.32 aball=2.9 bref=0.00 pid=0.0 pref=6.1 ppos=5.3 apid=0.0 integ=-0.0 vision=1 current=1 vframe=29368 vs=1 vage=13 vpage=13 vdt=33 vmax=266 vacc=29311 vrej=0 seq=0 elapsed=0 oled=3C
[   8204] STATUS mode=3 fault=none enc=24 denc=0 sreq=0 sapplied=0 crate=0 uimp=80815 upos=1685 uneg=1465 ball=26.69 vball=0.32 aball=2.9 bref=0.00 pid=0.0 pref=6.1 ppos=5.3 apid=0.0 integ=-0.0 vision=1 current=1 vframe=29368 vs=1 vage=33 vpage=33 vdt=33 vmax=266 vacc=29311 vrej=0 seq=0 elapsed=0 oled=3C
[   8235] STATUS mode=3 fault=none enc=24 denc=0 sreq=0 sapplied=0 crate=-15 uimp=80815 upos=1685 uneg=1465 ball=26.65 vball=-0.13 aball=-1.4 bref=0.00 pid=-15.2 pref=3.8 ppos=5.3 apid=-0.0 integ=-0.0 vision=1 current=1 vframe=29369 vs=1 vage=20 vpage=20 vdt=33 vmax=266 vacc=29312 vrej=0 seq=0 elapsed=0 oled=3C
[   8266] STATUS mode=3 fault=none enc=24 denc=0 sreq=0 sapplied=0 crate=-11 uimp=80815 upos=1685 uneg=1465 ball=26.65 vball=-0.04 aball=-1.4 bref=0.00 pid=-10.7 pref=4.2 ppos=5.3 apid=-0.0 integ=-0.0 vision=1 current=1 vframe=29370 vs=1 vage=26 vpage=26 vdt=34 vmax=266 vacc=29313 vrej=0 seq=0 elapsed=0 oled=3C
[   8282] STATUS mode=3 fault=none enc=24 denc=0 sreq=0 sapplied=0 crate=0 uimp=80815 upos=1685 uneg=1465 ball=26.66 vball=0.06 aball=-1.4 bref=0.00 pid=0.0 pref=4.7 ppos=5.3 apid=-0.0 integ=-0.0 vision=1 current=1 vframe=29371 vs=1 vage=13 vpage=13 vdt=33 vmax=266 vacc=29314 vrej=0 seq=0 elapsed=0 oled=3C
[   8313] STATUS mode=3 fault=none enc=24 denc=0 sreq=0 sapplied=0 crate=0 uimp=80815 upos=1685 uneg=1465 ball=26.66 vball=0.06 aball=-1.4 bref=0.00 pid=0.0 pref=4.7 ppos=5.3 apid=-0.0 integ=-0.0 vision=1 current=1 vframe=29371 vs=1 vage=33 vpage=33 vdt=33 vmax=266 vacc=29314 vrej=0 seq=0 elapsed=0 oled=3C
[   8344] STATUS mode=3 fault=none enc=24 denc=0 sreq=0 sapplied=0 crate=0 uimp=80815 upos=1685 uneg=1465 ball=26.66 vball=0.11 aball=-0.5 bref=0.00 pid=0.0 pref=5.0 ppos=5.3 apid=-0.0 integ=-0.0 vision=1 current=1 vframe=29373 vs=1 vage=6 vpage=6 vdt=34 vmax=266 vacc=29316 vrej=0 seq=0 elapsed=0 oled=3C
[   8360] STATUS mode=3 fault=none enc=24 denc=0 sreq=0 sapplied=0 crate=0 uimp=80815 upos=1685 uneg=1465 ball=26.66 vball=0.11 aball=-0.5 bref=0.00 pid=0.0 pref=5.0 ppos=5.3 apid=-0.0 integ=-0.0 vision=1 current=1 vframe=29373 vs=1 vage=26 vpage=26 vdt=34 vmax=266 vacc=29316 vrej=0 seq=0 elapsed=0 oled=3C
[   8391] STATUS mode=3 fault=none enc=24 denc=0 sreq=0 sapplied=0 crate=0 uimp=80815 upos=1685 uneg=1465 ball=26.67 vball=0.12 aball=-0.5 bref=0.00 pid=0.0 pref=5.1 ppos=5.3 apid=-0.0 integ=-0.0 vision=1 current=1 vframe=29374 vs=1 vage=12 vpage=12 vdt=34 vmax=266 vacc=29317 vrej=0 seq=0 elapsed=0 oled=3C
[   8422] STATUS mode=3 fault=none enc=24 denc=0 sreq=0 sapplied=0 crate=0 uimp=80815 upos=1685 uneg=1465 ball=26.67 vball=0.12 aball=-0.5 bref=0.00 pid=0.0 pref=5.1 ppos=5.3 apid=-0.0 integ=-0.0 vision=1 current=1 vframe=29374 vs=1 vage=32 vpage=32 vdt=34 vmax=266 vacc=29317 vrej=0 seq=0 elapsed=0 oled=3C
[   8438] STATUS mode=3 fault=none enc=24 denc=0 sreq=-51 sapplied=-51 crate=-51 uimp=79860 upos=1685 uneg=1495 ball=26.53 vball=-0.96 aball=-2.3 bref=0.00 pid=-50.7 pref=-0.8 ppos=4.3 apid=-0.0 integ=-0.0 vision=1 current=1 vframe=29376 vs=1 vage=6 vpage=6 vdt=34 vmax=266 vacc=29319 vrej=0 seq=0 elapsed=0 oled=3C
[   8469] STATUS mode=3 fault=none enc=22 denc=-1 sreq=-41 sapplied=-41 crate=-41 uimp=78920 upos=1685 uneg=1515 ball=26.53 vball=-0.96 aball=-2.3 bref=0.00 pid=-41.3 pref=-0.8 ppos=3.4 apid=-0.0 integ=-0.0 vision=1 current=1 vframe=29376 vs=1 vage=26 vpage=26 vdt=34 vmax=266 vacc=29319 vrej=0 seq=0 elapsed=0 oled=3C
[   8500] STATUS mode=3 fault=none enc=21 denc=-1 sreq=-34 sapplied=-34 crate=-34 uimp=78160 upos=1685 uneg=1535 ball=26.50 vball=-0.94 aball=-2.3 bref=0.00 pid=-33.6 pref=-0.7 ppos=2.6 apid=-0.0 integ=-0.0 vision=1 current=1 vframe=29377 vs=1 vage=13 vpage=13 vdt=33 vmax=266 vacc=29320 vrej=0 seq=0 elapsed=0 oled=3C
[   8516] STATUS mode=3 fault=none enc=20 denc=0 sreq=0 sapplied=0 crate=0 uimp=77400 upos=1685 uneg=1560 ball=26.51 vball=-0.62 aball=-1.7 bref=0.00 pid=0.0 pref=0.9 ppos=1.9 apid=-0.0 integ=-0.0 vision=1 current=1 vframe=29378 vs=1 vage=19 vpage=19 vdt=34 vmax=266 vacc=29321 vrej=0 seq=0 elapsed=0 oled=3C
[   8547] STATUS mode=3 fault=none enc=20 denc=0 sreq=0 sapplied=0 crate=0 uimp=77400 upos=1685 uneg=1560 ball=26.51 vball=-0.42 aball=-1.7 bref=0.00 pid=0.0 pref=1.9 ppos=1.9 apid=-0.0 integ=-0.0 vision=1 current=1 vframe=29379 vs=1 vage=6 vpage=6 vdt=33 vmax=266 vacc=29322 vrej=0 seq=0 elapsed=0 oled=3C
[   8579] STATUS mode=3 fault=none enc=20 denc=0 sreq=0 sapplied=0 crate=0 uimp=77400 upos=1685 uneg=1560 ball=26.51 vball=-0.42 aball=-1.7 bref=0.00 pid=0.0 pref=1.9 ppos=1.9 apid=-0.0 integ=-0.0 vision=1 current=1 vframe=29379 vs=1 vage=26 vpage=26 vdt=33 vmax=266 vacc=29322 vrej=0 seq=0 elapsed=0 oled=3C
[   8594] STATUS mode=3 fault=none enc=22 denc=2 sreq=45 sapplied=45 crate=45 uimp=78710 upos=1710 uneg=1560 ball=26.62 vball=0.67 aball=-1.7 bref=0.00 pid=45.0 pref=7.7 ppos=3.2 apid=-0.0 integ=-0.0 vision=1 current=1 vframe=29380 vs=1 vage=33 vpage=33 vdt=33 vmax=266 vacc=29323 vrej=0 seq=0 elapsed=0 oled=3C
[   8625] STATUS mode=3 fault=none enc=22 denc=1 sreq=43 sapplied=43 crate=43 uimp=79655 upos=1730 uneg=1560 ball=26.66 vball=0.80 aball=5.5 bref=0.00 pid=43.2 pref=8.4 ppos=4.1 apid=0.0 integ=-0.0 vision=1 current=1 vframe=29381 vs=1 vage=19 vpage=19 vdt=34 vmax=266 vacc=29324 vrej=0 seq=0 elapsed=0 oled=3C
[   8657] STATUS mode=3 fault=none enc=22 denc=0 sreq=0 sapplied=0 crate=-19 uimp=80455 upos=1750 uneg=1560 ball=26.57 vball=-0.24 aball=5.5 bref=0.00 pid=-19.4 pref=3.0 ppos=4.9 apid=0.0 integ=-0.0 vision=1 current=1 vframe=29382 vs=1 vage=6 vpage=6 vdt=33 vmax=266 vacc=29325 vrej=0 seq=0 elapsed=0 oled=3C
[   8672] STATUS mode=3 fault=none enc=24 denc=1 sreq=-23 sapplied=-23 crate=-23 uimp=80335 upos=1750 uneg=1565 ball=26.55 vball=-0.32 aball=5.5 bref=0.00 pid=-22.9 pref=2.5 ppos=4.8 apid=0.0 integ=-0.0 vision=1 current=1 vframe=29383 vs=1 vage=13 vpage=13 vdt=33 vmax=266 vacc=29326 vrej=0 seq=0 elapsed=0 oled=3C
[   8704] STATUS mode=3 fault=none enc=24 denc=0 sreq=0 sapplied=0 crate=-19 uimp=79905 upos=1750 uneg=1585 ball=26.55 vball=-0.32 aball=5.5 bref=0.00 pid=-18.6 pref=2.5 ppos=4.4 apid=0.0 integ=-0.0 vision=1 current=1 vframe=29383 vs=1 vage=33 vpage=33 vdt=33 vmax=266 vacc=29326 vrej=0 seq=0 elapsed=0 oled=3C
[   8735] STATUS mode=3 fault=none enc=22 denc=0 sreq=33 sapplied=33 crate=33 uimp=80255 upos=1760 uneg=1585 ball=26.66 vball=0.71 aball=2.6 bref=0.00 pid=32.7 pref=8.0 ppos=4.7 apid=0.0 integ=-0.0 vision=1 current=1 vframe=29384 vs=1 vage=20 vpage=20 vdt=33 vmax=266 vacc=29327 vrej=0 seq=0 elapsed=0 oled=3C
[   8766] STATUS mode=3 fault=none enc=23 denc=-1 sreq=26 sapplied=26 crate=26 uimp=81455 upos=1800 uneg=1585 ball=26.69 vball=0.80 aball=2.6 bref=0.00 pid=26.1 pref=8.5 ppos=5.9 apid=0.0 integ=-0.0 vision=1 current=1 vframe=29385 vs=1 vage=26 vpage=26 vdt=34 vmax=266 vacc=29328 vrej=0 seq=0 elapsed=0 oled=3C
[   8782] STATUS mode=3 fault=none enc=24 denc=0 sreq=31 sapplied=31 crate=31 uimp=82050 upos=1820 uneg=1585 ball=26.74 vball=0.99 aball=2.6 bref=0.00 pid=31.2 pref=9.6 ppos=6.5 apid=0.0 integ=-0.0 vision=1 current=1 vframe=29386 vs=1 vage=13 vpage=13 vdt=33 vmax=266 vacc=29329 vrej=0 seq=0 elapsed=0 oled=3C
[   8813] STATUS mode=3 fault=none enc=24 denc=0 sreq=25 sapplied=25 crate=25 uimp=82630 upos=1840 uneg=1585 ball=26.74 vball=0.99 aball=2.6 bref=0.00 pid=25.4 pref=9.6 ppos=7.1 apid=0.0 integ=-0.0 vision=1 current=1 vframe=29386 vs=1 vage=33 vpage=33 vdt=33 vmax=266 vacc=29329 vrej=0 seq=0 elapsed=0 oled=3C
[   8829] STATUS mode=3 fault=none enc=25 denc=0 sreq=0 sapplied=0 crate=0 uimp=82755 upos=1845 uneg=1585 ball=26.74 vball=0.69 aball=1.3 bref=0.00 pid=0.0 pref=8.1 ppos=7.2 apid=0.0 integ=-0.0 vision=1 current=1 vframe=29387 vs=1 vage=20 vpage=20 vdt=33 vmax=266 vacc=29330 vrej=0 seq=0 elapsed=0 oled=3C
[   8860] STATUS mode=3 fault=none enc=26 denc=1 sreq=-39 sapplied=-39 crate=-39 uimp=82105 upos=1845 uneg=1600 ball=26.65 vball=-0.35 aball=1.3 bref=0.00 pid=-39.1 pref=2.7 ppos=6.6 apid=0.0 integ=-0.0 vision=1 current=1 vframe=29388 vs=1 vage=26 vpage=26 vdt=34 vmax=266 vacc=29331 vrej=0 seq=0 elapsed=0 oled=3C
[   8891] STATUS mode=3 fault=none enc=25 denc=1 sreq=-48 sapplied=-48 crate=-48 uimp=81200 upos=1845 uneg=1620 ball=26.60 vball=-0.69 aball=1.3 bref=0.00 pid=-48.5 pref=0.8 ppos=5.7 apid=0.0 integ=-0.0 vision=1 current=1 vframe=29389 vs=1 vage=13 vpage=13 vdt=33 vmax=266 vacc=29332 vrej=0 seq=0 elapsed=0 oled=3C
[   8922] STATUS mode=3 fault=none enc=24 denc=0 sreq=-39 sapplied=-39 crate=-39 uimp=80300 upos=1845 uneg=1640 ball=26.60 vball=-0.69 aball=1.3 bref=0.00 pid=-39.5 pref=0.8 ppos=4.8 apid=0.0 integ=-0.0 vision=1 current=1 vframe=29389 vs=1 vage=33 vpage=33 vdt=33 vmax=266 vacc=29332 vrej=0 seq=0 elapsed=0 oled=3C
[   8938] STATUS mode=3 fault=none enc=23 denc=1 sreq=0 sapplied=0 crate=-18 uimp=78955 upos=1845 uneg=1680 ball=26.57 vball=-0.52 aball=-5.5 bref=0.00 pid=-18.5 pref=1.6 ppos=3.4 apid=-0.0 integ=-0.0 vision=1 current=1 vframe=29391 vs=1 vage=6 vpage=6 vdt=34 vmax=266 vacc=29334 vrej=0 seq=0 elapsed=0 oled=3C
[   8969] STATUS mode=3 fault=none enc=21 denc=0 sreq=0 sapplied=0 crate=-18 uimp=78955 upos=1845 uneg=1680 ball=26.57 vball=-0.52 aball=-5.5 bref=0.00 pid=-18.5 pref=1.6 ppos=3.4 apid=-0.0 integ=-0.0 vision=1 current=1 vframe=29391 vs=1 vage=26 vpage=26 vdt=34 vmax=266 vacc=29334 vrej=0 seq=0 elapsed=0 oled=3C
[   9000] STATUS mode=3 fault=none enc=21 denc=0 sreq=0 sapplied=0 crate=-10 uimp=78955 upos=1845 uneg=1680 ball=26.57 vball=-0.36 aball=-5.5 bref=0.00 pid=-10.5 pref=2.4 ppos=3.4 apid=-0.0 integ=-0.0 vision=1 current=1 vframe=29392 vs=1 vage=13 vpage=13 vdt=33 vmax=266 vacc=29335 vrej=0 seq=0 elapsed=0 oled=3C
[   9016] STATUS mode=3 fault=none enc=21 denc=0 sreq=0 sapplied=0 crate=-15 uimp=78955 upos=1845 uneg=1680 ball=26.55 vball=-0.44 aball=-1.9 bref=0.00 pid=-15.1 pref=1.9 ppos=3.4 apid=-0.0 integ=-0.0 vision=1 current=1 vframe=29393 vs=1 vage=21 vpage=21 vdt=32 vmax=266 vacc=29336 vrej=0 seq=0 elapsed=0 oled=3C
[   9047] STATUS mode=3 fault=none enc=21 denc=0 sreq=0 sapplied=0 crate=-14 uimp=78955 upos=1845 uneg=1680 ball=26.54 vball=-0.42 aball=-1.9 bref=0.00 pid=-14.3 pref=2.0 ppos=3.4 apid=-0.0 integ=-0.0 vision=1 current=1 vframe=29394 vs=1 vage=8 vpage=8 vdt=33 vmax=266 vacc=29337 vrej=0 seq=0 elapsed=0 oled=3C
[   9079] STATUS mode=3 fault=none enc=21 denc=0 sreq=0 sapplied=0 crate=-14 uimp=78955 upos=1845 uneg=1680 ball=26.54 vball=-0.42 aball=-1.9 bref=0.00 pid=-14.3 pref=2.0 ppos=3.4 apid=-0.0 integ=-0.0 vision=1 current=1 vframe=29394 vs=1 vage=28 vpage=28 vdt=33 vmax=266 vacc=29337 vrej=0 seq=0 elapsed=0 oled=3C
[   9094] STATUS mode=3 fault=none enc=21 denc=0 sreq=0 sapplied=0 crate=0 uimp=78955 upos=1845 uneg=1680 ball=26.55 vball=-0.08 aball=-1.9 bref=0.00 pid=0.0 pref=2.5 ppos=3.4 apid=-0.0 integ=-0.0 vision=1 current=1 vframe=29396 vs=1 vage=1 vpage=1 vdt=33 vmax=266 vacc=29339 vrej=0 seq=0 elapsed=0 oled=3C
[   9125] STATUS mode=3 fault=none enc=21 denc=0 sreq=0 sapplied=0 crate=0 uimp=78955 upos=1845 uneg=1680 ball=26.55 vball=-0.08 aball=0.6 bref=0.00 pid=0.0 pref=3.7 ppos=3.4 apid=0.0 integ=-0.0 vision=1 current=1 vframe=29396 vs=1 vage=21 vpage=21 vdt=33 vmax=266 vacc=29339 vrej=0 seq=0 elapsed=0 oled=3C
[   9157] STATUS mode=3 fault=none enc=21 denc=0 sreq=0 sapplied=0 crate=0 uimp=78955 upos=1845 uneg=1680 ball=26.55 vball=-0.05 aball=0.6 bref=0.00 pid=0.0 pref=3.9 ppos=3.4 apid=0.0 integ=-0.0 vision=1 current=1 vframe=29397 vs=1 vage=7 vpage=7 vdt=34 vmax=266 vacc=29340 vrej=0 seq=0 elapsed=0 oled=3C
[   9172] STATUS mode=3 fault=none enc=21 denc=0 sreq=0 sapplied=0 crate=0 uimp=78955 upos=1845 uneg=1680 ball=26.55 vball=-0.03 aball=0.6 bref=0.00 pid=0.0 pref=4.0 ppos=3.4 apid=0.0 integ=-0.0 vision=1 current=1 vframe=29397 vs=1 vage=27 vpage=27 vdt=34 vmax=266 vacc=29340 vrej=0 seq=0 elapsed=0 oled=3C
[   9204] STATUS mode=3 fault=none enc=21 denc=0 sreq=0 sapplied=0 crate=0 uimp=78955 upos=1845 uneg=1680 ball=26.55 vball=-0.03 aball=0.6 bref=0.00 pid=0.0 pref=4.0 ppos=3.4 apid=0.0 integ=-0.0 vision=1 current=1 vframe=29398 vs=1 vage=34 vpage=34 vdt=33 vmax=266 vacc=29341 vrej=0 seq=0 elapsed=0 oled=3C
[   9235] STATUS mode=3 fault=none enc=21 denc=0 sreq=0 sapplied=0 crate=0 uimp=78955 upos=1845 uneg=1680 ball=26.55 vball=-0.07 aball=0.4 bref=0.00 pid=0.0 pref=3.8 ppos=3.4 apid=0.0 integ=-0.0 vision=1 current=1 vframe=29399 vs=1 vage=20 vpage=20 vdt=34 vmax=266 vacc=29342 vrej=0 seq=0 elapsed=0 oled=3C
[   9250] STATUS mode=3 fault=none enc=21 denc=0 sreq=0 sapplied=0 crate=0 uimp=78955 upos=1845 uneg=1680 ball=26.52 vball=-0.31 aball=0.4 bref=0.00 pid=0.0 pref=2.5 ppos=3.4 apid=0.0 integ=-0.0 vision=1 current=1 vframe=29400 vs=1 vage=7 vpage=7 vdt=33 vmax=266 vacc=29343 vrej=0 seq=0 elapsed=0 oled=3C
[   9282] STATUS mode=3 fault=none enc=21 denc=0 sreq=0 sapplied=0 crate=0 uimp=78955 upos=1845 uneg=1680 ball=26.51 vball=-0.29 aball=0.4 bref=0.00 pid=0.0 pref=2.5 ppos=3.4 apid=0.0 integ=-0.0 vision=1 current=1 vframe=29401 vs=1 vage=14 vpage=14 vdt=33 vmax=266 vacc=29344 vrej=0 seq=0 elapsed=0 oled=3C
[   9313] STATUS mode=3 fault=none enc=21 denc=0 sreq=0 sapplied=0 crate=0 uimp=78955 upos=1845 uneg=1680 ball=26.51 vball=-0.29 aball=0.4 bref=0.00 pid=0.0 pref=2.5 ppos=3.4 apid=0.0 integ=-0.0 vision=1 current=1 vframe=29401 vs=1 vage=34 vpage=34 vdt=33 vmax=266 vacc=29344 vrej=0 seq=0 elapsed=0 oled=3C
[   9329] STATUS mode=3 fault=none enc=21 denc=0 sreq=0 sapplied=0 crate=0 uimp=78955 upos=1845 uneg=1680 ball=26.52 vball=-0.08 aball=0.2 bref=0.00 pid=0.0 pref=3.6 ppos=3.4 apid=0.0 integ=-0.0 vision=1 current=1 vframe=29402 vs=1 vage=20 vpage=20 vdt=34 vmax=266 vacc=29345 vrej=0 seq=0 elapsed=0 oled=3C
[   9360] STATUS mode=3 fault=none enc=21 denc=0 sreq=0 sapplied=0 crate=19 uimp=79055 upos=1850 uneg=1680 ball=26.56 vball=0.26 aball=0.2 bref=0.00 pid=19.3 pref=5.4 ppos=3.5 apid=0.0 integ=-0.0 vision=1 current=1 vframe=29403 vs=1 vage=27 vpage=27 vdt=33 vmax=266 vacc=29346 vrej=0 seq=0 elapsed=0 oled=3C
[   9391] STATUS mode=3 fault=none enc=21 denc=0 sreq=56 sapplied=56 crate=56 uimp=79660 upos=1860 uneg=1680 ball=26.66 vball=1.05 aball=0.2 bref=0.00 pid=55.7 pref=9.7 ppos=4.1 apid=0.0 integ=-0.0 vision=1 current=1 vframe=29404 vs=1 vage=13 vpage=13 vdt=34 vmax=266 vacc=29347 vrej=0 seq=0 elapsed=0 oled=3C
[   9407] STATUS mode=3 fault=none enc=22 denc=0 sreq=44 sapplied=44 crate=44 uimp=80695 upos=1880 uneg=1680 ball=26.69 vball=1.01 aball=5.1 bref=0.00 pid=44.3 pref=9.6 ppos=5.2 apid=0.0 integ=-0.0 vision=1 current=1 vframe=29405 vs=1 vage=3 vpage=3 vdt=30 vmax=266 vacc=29348 vrej=0 seq=0 elapsed=0 oled=3C
[   9438] STATUS mode=3 fault=none enc=24 denc=2 sreq=36 sapplied=36 crate=36 uimp=81515 upos=1900 uneg=1680 ball=26.69 vball=1.01 aball=5.1 bref=0.00 pid=36.1 pref=9.6 ppos=6.0 apid=0.0 integ=-0.0 vision=1 current=1 vframe=29405 vs=1 vage=23 vpage=23 vdt=30 vmax=266 vacc=29348 vrej=0 seq=0 elapsed=0 oled=3C
[   9469] STATUS mode=3 fault=none enc=24 denc=0 sreq=0 sapplied=0 crate=19 uimp=82030 upos=1915 uneg=1680 ball=26.70 vball=0.76 aball=5.1 bref=0.00 pid=18.7 pref=8.4 ppos=6.5 apid=0.0 integ=-0.0 vision=1 current=1 vframe=29406 vs=1 vage=29 vpage=29 vdt=34 vmax=266 vacc=29349 vrej=0 seq=0 elapsed=0 oled=3C
[   9485] STATUS mode=3 fault=none enc=24 denc=0 sreq=-35 sapplied=-35 crate=-35 uimp=81845 upos=1915 uneg=1685 ball=26.60 vball=-0.29 aball=5.1 bref=0.00 pid=-34.9 pref=2.8 ppos=6.3 apid=0.0 integ=-0.0 vision=1 current=1 vframe=29407 vs=1 vage=15 vpage=15 vdt=34 vmax=266 vacc=29350 vrej=0 seq=0 elapsed=0 oled=3C
[   9516] STATUS mode=3 fault=none enc=25 denc=0 sreq=-28 sapplied=-28 crate=-28 uimp=81195 upos=1915 uneg=1705 ball=26.57 vball=-0.48 aball=5.1 bref=0.00 pid=-28.4 pref=2.8 ppos=5.7 apid=0.0 integ=-0.0 vision=1 current=1 vframe=29408 vs=1 vage=2 vpage=2 vdt=33 vmax=266 vacc=29351 vrej=0 seq=0 elapsed=0 oled=3C
[   9547] STATUS mode=3 fault=none enc=22 denc=-2 sreq=0 sapplied=0 crate=19 uimp=80060 upos=1915 uneg=1740 ball=26.65 vball=0.41 aball=-3.8 bref=0.00 pid=19.4 pref=6.5 ppos=4.5 apid=-0.0 integ=-0.0 vision=1 current=1 vframe=29409 vs=1 vage=9 vpage=9 vdt=33 vmax=266 vacc=29352 vrej=0 seq=0 elapsed=0 oled=3C
[   9563] STATUS mode=3 fault=none enc=23 denc=0 sreq=0 sapplied=0 crate=19 uimp=80060 upos=1915 uneg=1740 ball=26.65 vball=0.41 aball=-3.8 bref=0.00 pid=19.4 pref=6.5 ppos=4.5 apid=-0.0 integ=-0.0 vision=1 current=1 vframe=29409 vs=1 vage=29 vpage=29 vdt=33 vmax=266 vacc=29352 vrej=0 seq=0 elapsed=0 oled=3C
[   9594] STATUS mode=3 fault=none enc=23 denc=0 sreq=25 sapplied=25 crate=25 uimp=80190 upos=1920 uneg=1740 ball=26.68 vball=0.53 aball=-3.8 bref=0.00 pid=25.0 pref=7.1 ppos=4.6 apid=-0.0 integ=-0.0 vision=1 current=1 vframe=29410 vs=1 vage=13 vpage=13 vdt=36 vmax=266 vacc=29353 vrej=0 seq=0 elapsed=0 oled=3C
[   9625] STATUS mode=3 fault=none enc=24 denc=1 sreq=0 sapplied=0 crate=15 uimp=80755 upos=1945 uneg=1740 ball=26.69 vball=0.43 aball=1.9 bref=0.00 pid=14.7 pref=6.7 ppos=5.2 apid=0.0 integ=-0.0 vision=1 current=1 vframe=29411 vs=1 vage=20 vpage=20 vdt=33 vmax=266 vacc=29354 vrej=0 seq=0 elapsed=0 oled=3C
[   9641] STATUS mode=3 fault=none enc=24 denc=0 sreq=0 sapplied=0 crate=0 uimp=80755 upos=1945 uneg=1740 ball=26.69 vball=0.30 aball=1.9 bref=0.00 pid=0.0 pref=6.0 ppos=5.2 apid=0.0 integ=-0.0 vision=1 current=1 vframe=29412 vs=1 vage=7 vpage=7 vdt=33 vmax=266 vacc=29355 vrej=0 seq=0 elapsed=0 oled=3C
[   9672] STATUS mode=3 fault=none enc=24 denc=0 sreq=0 sapplied=0 crate=0 uimp=80755 upos=1945 uneg=1740 ball=26.69 vball=0.30 aball=1.9 bref=0.00 pid=0.0 pref=6.0 ppos=5.2 apid=0.0 integ=-0.0 vision=1 current=1 vframe=29412 vs=1 vage=27 vpage=27 vdt=33 vmax=266 vacc=29355 vrej=0 seq=0 elapsed=0 oled=3C
[   9704] STATUS mode=3 fault=none enc=24 denc=0 sreq=0 sapplied=0 crate=0 uimp=80755 upos=1945 uneg=1740 ball=26.67 vball=0.02 aball=1.9 bref=0.00 pid=0.0 pref=4.6 ppos=5.2 apid=0.0 integ=-0.0 vision=1 current=1 vframe=29413 vs=1 vage=13 vpage=13 vdt=34 vmax=266 vacc=29356 vrej=0 seq=0 elapsed=0 oled=3C
[   9719] STATUS mode=3 fault=none enc=24 denc=0 sreq=0 sapplied=0 crate=-16 uimp=80755 upos=1945 uneg=1740 ball=26.65 vball=-0.15 aball=-1.6 bref=0.00 pid=-15.6 pref=3.7 ppos=5.2 apid=-0.0 integ=-0.0 vision=1 current=1 vframe=29414 vs=1 vage=20 vpage=20 vdt=33 vmax=266 vacc=29357 vrej=0 seq=0 elapsed=0 oled=3C
[   9750] STATUS mode=3 fault=none enc=24 denc=0 sreq=0 sapplied=0 crate=-12 uimp=80755 upos=1945 uneg=1740 ball=26.65 vball=-0.07 aball=-1.6 bref=0.00 pid=-11.6 pref=4.1 ppos=5.2 apid=-0.0 integ=-0.0 vision=1 current=1 vframe=29415 vs=1 vage=6 vpage=6 vdt=34 vmax=266 vacc=29358 vrej=0 seq=0 elapsed=0 oled=3C
[   9782] STATUS mode=3 fault=none enc=24 denc=0 sreq=0 sapplied=0 crate=-12 uimp=80755 upos=1945 uneg=1740 ball=26.65 vball=-0.07 aball=-1.6 bref=0.00 pid=-11.6 pref=4.1 ppos=5.2 apid=-0.0 integ=-0.0 vision=1 current=1 vframe=29415 vs=1 vage=26 vpage=26 vdt=34 vmax=266 vacc=29358 vrej=0 seq=0 elapsed=0 oled=3C
[   9797] STATUS mode=3 fault=none enc=24 denc=0 sreq=0 sapplied=0 crate=-13 uimp=80755 upos=1945 uneg=1740 ball=26.65 vball=-0.11 aball=-1.6 bref=0.00 pid=-13.1 pref=3.9 ppos=5.2 apid=-0.0 integ=-0.0 vision=1 current=1 vframe=29417 vs=1 vage=2 vpage=2 vdt=33 vmax=266 vacc=29360 vrej=0 seq=0 elapsed=0 oled=3C
[   9829] STATUS mode=3 fault=none enc=24 denc=0 sreq=0 sapplied=0 crate=-14 uimp=80755 upos=1945 uneg=1740 ball=26.65 vball=-0.11 aball=-0.7 bref=0.00 pid=-13.6 pref=3.9 ppos=5.2 apid=-0.0 integ=-0.0 vision=1 current=1 vframe=29417 vs=1 vage=22 vpage=22 vdt=33 vmax=266 vacc=29360 vrej=0 seq=0 elapsed=0 oled=3C
[   9860] STATUS mode=3 fault=none enc=24 denc=0 sreq=-54 sapplied=-54 crate=-54 uimp=80755 upos=1945 uneg=1740 ball=26.56 vball=-0.87 aball=-0.7 bref=0.00 pid=-54.2 pref=-0.2 ppos=5.2 apid=-0.0 integ=-0.0 vision=1 current=1 vframe=29418 vs=1 vage=8 vpage=8 vdt=34 vmax=266 vacc=29361 vrej=0 seq=0 elapsed=0 oled=3C
[   9875] STATUS mode=3 fault=none enc=22 denc=-1 sreq=-44 sapplied=-44 crate=-44 uimp=78850 upos=1945 uneg=1780 ball=26.51 vball=-1.01 aball=-0.7 bref=0.00 pid=-43.7 pref=-1.1 ppos=3.3 apid=-0.0 integ=-0.0 vision=1 current=1 vframe=29419 vs=1 vage=15 vpage=15 vdt=33 vmax=266 vacc=29362 vrej=0 seq=0 elapsed=0 oled=3C
[   9907] STATUS mode=3 fault=none enc=21 denc=-1 sreq=-36 sapplied=-36 crate=-36 uimp=78040 upos=1945 uneg=1800 ball=26.55 vball=-0.37 aball=-0.7 bref=0.00 pid=-35.6 pref=-1.1 ppos=2.5 apid=-0.0 integ=-0.0 vision=1 current=1 vframe=29420 vs=1 vage=2 vpage=2 vdt=33 vmax=266 vacc=29363 vrej=0 seq=0 elapsed=0 oled=3C
[   9938] STATUS mode=3 fault=none enc=20 denc=0 sreq=0 sapplied=0 crate=0 uimp=77860 upos=1945 uneg=1805 ball=26.55 vball=-0.37 aball=-1.5 bref=0.00 pid=0.0 pref=2.3 ppos=2.3 apid=-0.0 integ=-0.0 vision=1 current=1 vframe=29420 vs=1 vage=22 vpage=22 vdt=33 vmax=266 vacc=29363 vrej=0 seq=0 elapsed=0 oled=3C
[   9969] STATUS mode=3 fault=none enc=20 denc=0 sreq=0 sapplied=0 crate=0 uimp=77860 upos=1945 uneg=1805 ball=26.56 vball=-0.18 aball=-1.5 bref=0.00 pid=0.0 pref=3.2 ppos=2.3 apid=-0.0 integ=-0.0 vision=1 current=1 vframe=29421 vs=1 vage=28 vpage=28 vdt=34 vmax=266 vacc=29364 vrej=0 seq=0 elapsed=0 oled=3C
[   9985] STATUS mode=3 fault=none enc=20 denc=0 sreq=0 sapplied=0 crate=12 uimp=77860 upos=1945 uneg=1805 ball=26.56 vball=-0.13 aball=-1.5 bref=0.00 pid=11.7 pref=3.5 ppos=2.3 apid=-0.0 integ=-0.0 vision=1 current=1 vframe=29422 vs=1 vage=13 vpage=13 vdt=35 vmax=266 vacc=29365 vrej=0 seq=0 elapsed=0 oled=3C
[  10016] STATUS mode=3 fault=none enc=20 denc=0 sreq=0 sapplied=0 crate=12 uimp=77860 upos=1945 uneg=1805 ball=26.56 vball=-0.13 aball=-1.5 bref=0.00 pid=11.7 pref=3.5 ppos=2.3 apid=-0.0 integ=-0.0 vision=1 current=1 vframe=29422 vs=1 vage=33 vpage=33 vdt=35 vmax=266 vacc=29365 vrej=0 seq=0 elapsed=0 oled=3C
[  10047] STATUS mode=3 fault=none enc=20 denc=0 sreq=0 sapplied=0 crate=0 uimp=77860 upos=1945 uneg=1805 ball=26.50 vball=-0.48 aball=-1.4 bref=0.00 pid=0.0 pref=1.6 ppos=2.3 apid=-0.0 integ=-0.0 vision=1 current=1 vframe=29424 vs=1 vage=7 vpage=7 vdt=33 vmax=266 vacc=29367 vrej=0 seq=0 elapsed=0 oled=3C
[  10063] STATUS mode=3 fault=none enc=20 denc=0 sreq=0 sapplied=0 crate=0 uimp=77860 upos=1945 uneg=1805 ball=26.50 vball=-0.48 aball=-1.4 bref=0.00 pid=0.0 pref=1.6 ppos=2.3 apid=-0.0 integ=-0.0 vision=1 current=1 vframe=29424 vs=1 vage=27 vpage=27 vdt=33 vmax=266 vacc=29367 vrej=0 seq=0 elapsed=0 oled=3C
[  10094] STATUS mode=3 fault=none enc=20 denc=0 sreq=0 sapplied=0 crate=0 uimp=77860 upos=1945 uneg=1805 ball=26.50 vball=-0.36 aball=-1.4 bref=0.00 pid=0.0 pref=2.2 ppos=2.3 apid=-0.0 integ=-0.0 vision=1 current=1 vframe=29425 vs=1 vage=14 vpage=14 vdt=33 vmax=266 vacc=29368 vrej=0 seq=0 elapsed=0 oled=3C
[  10125] STATUS mode=3 fault=none enc=20 denc=0 sreq=0 sapplied=0 crate=0 uimp=77860 upos=1945 uneg=1805 ball=26.50 vball=-0.25 aball=0.3 bref=0.00 pid=0.0 pref=2.7 ppos=2.3 apid=0.0 integ=-0.0 vision=1 current=1 vframe=29426 vs=1 vage=20 vpage=20 vdt=34 vmax=266 vacc=29369 vrej=0 seq=0 elapsed=0 oled=3C
[  10141] STATUS mode=3 fault=none enc=20 denc=0 sreq=0 sapplied=0 crate=18 uimp=77860 upos=1945 uneg=1805 ball=26.52 vball=0.03 aball=0.3 bref=0.00 pid=18.5 pref=4.2 ppos=2.3 apid=0.0 integ=-0.0 vision=1 current=1 vframe=29427 vs=1 vage=7 vpage=7 vdt=33 vmax=266 vacc=29370 vrej=0 seq=0 elapsed=0 oled=3C
[  10172] STATUS mode=3 fault=none enc=20 denc=0 sreq=0 sapplied=0 crate=18 uimp=77860 upos=1945 uneg=1805 ball=26.52 vball=0.03 aball=0.3 bref=0.00 pid=18.5 pref=4.2 ppos=2.3 apid=0.0 integ=-0.0 vision=1 current=1 vframe=29427 vs=1 vage=27 vpage=27 vdt=33 vmax=266 vacc=29370 vrej=0 seq=0 elapsed=0 oled=3C
[  10204] STATUS mode=3 fault=none enc=20 denc=0 sreq=28 sapplied=28 crate=28 uimp=78010 upos=1950 uneg=1805 ball=26.54 vball=0.24 aball=0.3 bref=0.00 pid=28.1 pref=5.3 ppos=2.5 apid=0.0 integ=-0.0 vision=1 current=1 vframe=29428 vs=1 vage=13 vpage=13 vdt=34 vmax=266 vacc=29371 vrej=0 seq=0 elapsed=0 oled=3C
[  10219] STATUS mode=3 fault=none enc=20 denc=0 sreq=20 sapplied=20 crate=20 uimp=78975 upos=1990 uneg=1805 ball=26.55 vball=0.26 aball=2.5 bref=0.00 pid=19.7 pref=5.4 ppos=3.4 apid=0.0 integ=-0.0 vision=1 current=1 vframe=29429 vs=1 vage=20 vpage=20 vdt=33 vmax=266 vacc=29372 vrej=0 seq=0 elapsed=0 oled=3C
[  10250] STATUS mode=3 fault=none enc=21 denc=0 sreq=30 sapplied=30 crate=30 uimp=79075 upos=1995 uneg=1805 ball=26.58 vball=0.47 aball=2.5 bref=0.00 pid=30.1 pref=6.5 ppos=3.5 apid=0.0 integ=-0.0 vision=1 current=1 vframe=29430 vs=1 vage=7 vpage=7 vdt=33 vmax=266 vacc=29373 vrej=0 seq=0 elapsed=0 oled=3C
[  10282] STATUS mode=3 fault=none enc=21 denc=0 sreq=25 sapplied=25 crate=25 uimp=79635 upos=2015 uneg=1805 ball=26.58 vball=0.47 aball=2.5 bref=0.00 pid=24.5 pref=6.5 ppos=4.1 apid=0.0 integ=-0.0 vision=1 current=1 vframe=29430 vs=1 vage=27 vpage=27 vdt=33 vmax=266 vacc=29373 vrej=0 seq=0 elapsed=0 oled=3C
[  10297] STATUS mode=3 fault=none enc=22 denc=0 sreq=0 sapplied=0 crate=19 uimp=80580 upos=2055 uneg=1805 ball=26.61 vball=0.54 aball=2.5 bref=0.00 pid=19.5 pref=7.0 ppos=5.0 apid=0.0 integ=-0.0 vision=1 current=1 vframe=29431 vs=1 vage=33 vpage=33 vdt=34 vmax=266 vacc=29374 vrej=0 seq=0 elapsed=0 oled=3C
[  10329] STATUS mode=3 fault=none enc=22 denc=0 sreq=0 sapplied=0 crate=14 uimp=80580 upos=2055 uneg=1805 ball=26.61 vball=0.44 aball=2.2 bref=0.00 pid=14.5 pref=6.5 ppos=5.0 apid=0.0 integ=-0.0 vision=1 current=1 vframe=29432 vs=1 vage=20 vpage=20 vdt=33 vmax=266 vacc=29375 vrej=0 seq=0 elapsed=0 oled=3C
[  10344] STATUS mode=3 fault=none enc=22 denc=0 sreq=0 sapplied=0 crate=0 uimp=80580 upos=2055 uneg=1805 ball=26.61 vball=0.31 aball=2.2 bref=0.00 pid=0.0 pref=5.8 ppos=5.0 apid=0.0 integ=-0.0 vision=1 current=1 vframe=29433 vs=1 vage=7 vpage=7 vdt=33 vmax=266 vacc=29376 vrej=0 seq=0 elapsed=0 oled=3C
[  10375] STATUS mode=3 fault=none enc=22 denc=0 sreq=0 sapplied=0 crate=0 uimp=80580 upos=2055 uneg=1805 ball=26.61 vball=0.18 aball=2.2 bref=0.00 pid=0.0 pref=5.2 ppos=5.0 apid=0.0 integ=-0.0 vision=1 current=1 vframe=29433 vs=1 vage=27 vpage=27 vdt=33 vmax=266 vacc=29376 vrej=0 seq=0 elapsed=0 oled=3C
[  10407] STATUS mode=3 fault=none enc=22 denc=0 sreq=0 sapplied=0 crate=0 uimp=80580 upos=2055 uneg=1805 ball=26.61 vball=0.18 aball=2.2 bref=0.00 pid=0.0 pref=5.2 ppos=5.0 apid=0.0 integ=-0.0 vision=1 current=1 vframe=29434 vs=1 vage=33 vpage=33 vdt=34 vmax=266 vacc=29377 vrej=0 seq=0 elapsed=0 oled=3C
[  10422] STATUS mode=3 fault=none enc=22 denc=0 sreq=0 sapplied=0 crate=-19 uimp=80375 upos=2055 uneg=1815 ball=26.57 vball=-0.24 aball=-1.9 bref=0.00 pid=-18.6 pref=3.0 ppos=4.8 apid=-0.0 integ=-0.0 vision=1 current=1 vframe=29435 vs=1 vage=20 vpage=20 vdt=33 vmax=266 vacc=29378 vrej=0 seq=0 elapsed=0 oled=3C
[  10454] STATUS mode=3 fault=none enc=22 denc=0 sreq=-41 sapplied=-41 crate=-41 uimp=80375 upos=2055 uneg=1815 ball=26.51 vball=-0.65 aball=-1.9 bref=0.00 pid=-41.0 pref=0.7 ppos=4.8 apid=-0.0 integ=-0.0 vision=1 current=1 vframe=29436 vs=1 vage=7 vpage=7 vdt=33 vmax=266 vacc=29379 vrej=0 seq=0 elapsed=0 oled=3C
[  10485] STATUS mode=3 fault=none enc=22 denc=0 sreq=-23 sapplied=-23 crate=-23 uimp=79045 upos=2055 uneg=1855 ball=26.50 vball=-0.55 aball=-1.9 bref=0.00 pid=-22.9 pref=1.2 ppos=3.5 apid=-0.0 integ=-0.0 vision=1 current=1 vframe=29437 vs=1 vage=14 vpage=14 vdt=33 vmax=266 vacc=29380 vrej=0 seq=0 elapsed=0 oled=3C
[  10516] STATUS mode=3 fault=none enc=21 denc=0 sreq=0 sapplied=0 crate=-19 uimp=78615 upos=2055 uneg=1875 ball=26.52 vball=-0.17 aball=-1.9 bref=0.00 pid=-18.6 pref=1.2 ppos=3.1 apid=-0.0 integ=-0.0 vision=1 current=1 vframe=29438 vs=1 vage=1 vpage=1 vdt=33 vmax=266 vacc=29381 vrej=0 seq=0 elapsed=0 oled=3C
[  10532] STATUS mode=3 fault=none enc=21 denc=0 sreq=0 sapplied=0 crate=0 uimp=78615 upos=2055 uneg=1875 ball=26.52 vball=-0.17 aball=-0.7 bref=0.00 pid=0.0 pref=3.2 ppos=3.1 apid=-0.0 integ=-0.0 vision=1 current=1 vframe=29438 vs=1 vage=21 vpage=21 vdt=33 vmax=266 vacc=29381 vrej=0 seq=0 elapsed=0 oled=3C
[  10563] STATUS mode=3 fault=none enc=21 denc=0 sreq=0 sapplied=0 crate=0 uimp=78615 upos=2055 uneg=1875 ball=26.50 vball=-0.36 aball=-0.7 bref=0.00 pid=0.0 pref=2.2 ppos=3.1 apid=-0.0 integ=-0.0 vision=1 current=1 vframe=29439 vs=1 vage=28 vpage=28 vdt=33 vmax=266 vacc=29382 vrej=0 seq=0 elapsed=0 oled=3C
[  10594] STATUS mode=3 fault=none enc=21 denc=0 sreq=0 sapplied=0 crate=0 uimp=78615 upos=2055 uneg=1875 ball=26.49 vball=-0.31 aball=-0.7 bref=0.00 pid=0.0 pref=2.4 ppos=3.1 apid=-0.0 integ=-0.0 vision=1 current=1 vframe=29440 vs=1 vage=14 vpage=14 vdt=34 vmax=266 vacc=29383 vrej=0 seq=0 elapsed=0 oled=3C
[  10610] STATUS mode=3 fault=none enc=21 denc=0 sreq=0 sapplied=0 crate=0 uimp=78615 upos=2055 uneg=1875 ball=26.50 vball=-0.17 aball=-0.7 bref=0.00 pid=0.0 pref=2.4 ppos=3.1 apid=-0.0 integ=-0.0 vision=1 current=1 vframe=29441 vs=1 vage=2 vpage=2 vdt=32 vmax=266 vacc=29384 vrej=0 seq=0 elapsed=0 oled=3C
[  10641] STATUS mode=3 fault=none enc=21 denc=0 sreq=0 sapplied=0 crate=0 uimp=78615 upos=2055 uneg=1875 ball=26.48 vball=-0.31 aball=-0.4 bref=0.00 pid=0.0 pref=2.3 ppos=3.1 apid=-0.0 integ=-0.0 vision=1 current=1 vframe=29442 vs=1 vage=8 vpage=8 vdt=34 vmax=266 vacc=29385 vrej=0 seq=0 elapsed=0 oled=3C
[  10672] STATUS mode=3 fault=none enc=21 denc=0 sreq=0 sapplied=0 crate=0 uimp=78615 upos=2055 uneg=1875 ball=26.48 vball=-0.31 aball=-0.4 bref=0.00 pid=0.0 pref=2.3 ppos=3.1 apid=-0.0 integ=-0.0 vision=1 current=1 vframe=29442 vs=1 vage=28 vpage=28 vdt=34 vmax=266 vacc=29385 vrej=0 seq=0 elapsed=0 oled=3C
[  10688] STATUS mode=3 fault=none enc=21 denc=0 sreq=0 sapplied=0 crate=-14 uimp=78615 upos=2055 uneg=1875 ball=26.45 vball=-0.42 aball=-0.4 bref=0.00 pid=-13.6 pref=1.7 ppos=3.1 apid=-0.0 integ=-0.0 vision=1 current=1 vframe=29443 vs=1 vage=15 vpage=15 vdt=33 vmax=266 vacc=29386 vrej=0 seq=0 elapsed=0 oled=3C
[  10719] STATUS mode=3 fault=none enc=21 denc=0 sreq=0 sapplied=0 crate=0 uimp=78615 upos=2055 uneg=1875 ball=26.47 vball=-0.10 aball=l=-0.4 bref=0.00 pid=-13.6 pref=1.7 ppos=3.1 apid=-0.0 integ=-0.0 vision=1 current=1 vframe=29444 vs=1 vage=2 vpage=2 vdt=33 vmax=266 vacc=29387 vrej=0 seq=0 elapsed=0 oled=3C
[  10750] STATUS mode=3 fault=none enc=21 denc=0 sreq=27 sapplied=27 crate=27 uimp=78615 upos=2055 uneg=1875 ball=26.52 vball=0.36 aball=0.1 bref=0.00 pid=27.5 pref=5.8 ppos=3.1 apid=0.0 integ=-0.0 vision=1 current=1 vframe=29445 vs=1 vage=8 vpage=8 vdt=34 vmax=266 vacc=29388 vrej=0 seq=0 elapsed=0 oled=3C
[  10766] STATUS mode=3 fault=none enc=21 denc=0 sreq=22 sapplied=22 crate=22 uimp=79125 upos=2075 uneg=1875 ball=26.52 vball=0.36 aball=0.1 bref=0.00 pid=22.4 pref=5.8 ppos=3.6 apid=0.0 integ=-0.0 vision=1 current=1 vframe=29445 vs=1 vage=28 vpage=28 vdt=34 vmax=266 vacc=29388 vrej=0 seq=0 elapsed=0 oled=3C
[  10797] STATUS mode=3 fault=none enc=22 denc=-1 sreq=29 sapplied=29 crate=29 uimp=79650 upos=2095 uneg=1875 ball=26.56 vball=0.57 aball=0.1 bref=0.00 pid=28.8 pref=7.0 ppos=4.1 apid=0.0 integ=-0.0 vision=1 current=1 vframe=29446 vs=1 vage=15 vpage=15 vdt=33 vmax=266 vacc=29389 vrej=0 seq=0 elapsed=0 oled=3C
[  10829] STATUS mode=3 fault=none enc=23 denc=-1 sreq=0 sapplied=0 crate=19 uimp=80400 upos=2125 uneg=1875 ball=26.57 vball=0.52 aball=2.8 bref=0.00 pid=19.1 pref=6.8 ppos=4.9 apid=0.0 integ=-0.0 vision=1 current=1 vframe=29447 vs=1 vage=21 vpage=21 vdt=34 vmax=266 vacc=29390 vrej=0 seq=0 elapsed=0 oled=3C
[  10844] STATUS mode=3 fault=none enc=24 denc=0 sreq=0 sapplied=0 crate=13 uimp=80400 upos=2125 uneg=1875 ball=26.57 vball=0.39 aball=2.8 bref=0.00 pid=12.6 pref=6.1 ppos=4.9 apid=0.0 integ=-0.0 vision=1 current=1 vframe=29448 vs=1 vage=7 vpage=7 vdt=34 vmax=266 vacc=29391 vrej=0 seq=0 elapsed=0 oled=3C
[  10875] STATUS mode=3 fault=none enc=24 denc=0 sreq=0 sapplied=0 crate=13 uimp=80400 upos=2125 uneg=1875 ball=26.57 vball=0.39 aball=2.8 bref=0.00 pid=12.6 pref=6.1 ppos=4.9 apid=0.0 integ=-0.0 vision=1 current=1 vframe=29448 vs=1 vage=27 vpage=27 vdt=34 vmax=266 vacc=29391 vrej=0 seq=0 elapsed=0 oled=3C
[  10907] STATUS mode=3 fault=none enc=24 denc=0 sreq=0 sapplied=0 crate=-14 uimp=80400 upos=2125 uneg=1875 ball=26.51 vball=-0.27 aball=2.8 bref=0.00 pid=-13.6 pref=3.5 ppos=4.9 apid=0.0 integ=-0.0 vision=1 current=1 vframe=29450 vs=1 vage=2 vpage=2 vdt=23 vmax=266 vacc=29393 vrej=0 seq=0 elapsed=0 oled=3C
[  10922] STATUS mode=3 fault=none enc=24 denc=0 sreq=-20 sapplied=-20 crate=-20 uimp=80185 upos=2125 uneg=1885 ball=26.51 vball=-0.27 aball=-2.0 bref=0.00 pid=-20.0 pref=2.6 ppos=4.6 apid=-0.0 integ=-0.0 vision=1 current=1 vframe=29450 vs=1 vage=22 vpage=22 vdt=23 vmax=266 vacc=29393 vrej=0 seq=0 elapsed=0 oled=3C
[  10954] STATUS mode=3 fault=none enc=24 denc=0 sreq=0 sapplied=0 crate=-19 uimp=79985 upos=2125 uneg=1895 ball=26.50 vball=-0.28 aball=-2.0 bref=0.00 pid=-18.9 pref=2.6 ppos=4.4 apid=-0.0 integ=-0.0 vision=1 current=1 vframe=29451 vs=1 vage=8 vpage=8 vdt=34 vmax=266 vacc=29394 vrej=0 seq=0 elapsed=0 oled=3C
[  10985] STATUS mode=3 fault=none enc=24 denc=0 sreq=0 sapplied=0 crate=-15 uimp=79985 upos=2125 uneg=1895 ball=26.50 vball=-0.21 aball=-2.0 bref=0.00 pid=-15.4 pref=2.9 ppos=4.4 apid=-0.0 integ=-0.0 vision=1 current=1 vframe=29452 vs=1 vage=15 vpage=15 vdt=33 vmax=266 vacc=29395 vrej=0 seq=0 elapsed=0 oled=3C
[  11000] STATUS mode=3 fault=none enc=24 denc=0 sreq=0 sapplied=0 crate=-15 uimp=79985 upos=2125 uneg=1895 ball=26.50 vball=-0.15 aball=-2.0 bref=0.00 pid=-15.4 pref=2.9 ppos=4.4 apid=-0.0 integ=-0.0 vision=1 current=1 vframe=29453 vs=1 vage=2 vpage=2 vdt=33 vmax=266 vacc=29396 vrej=0 seq=0 elapsed=0 oled=3C
[  11032] STATUS mode=3 fault=none enc=24 denc=0 sreq=0 sapplied=0 crate=-12 uimp=79985 upos=2125 uneg=1895 ball=26.50 vball=-0.15 aball=-0.6 bref=0.00 pid=-12.4 pref=3.2 ppos=4.4 apid=-0.0 integ=-0.0 vision=1 current=1 vframe=29453 vs=1 vage=22 vpage=22 vdt=33 vmax=266 vacc=29396 vrej=0 seq=0 elapsed=0 oled=3C
[  11063] STATUS mode=3 fault=none enc=24 denc=0 sreq=0 sapplied=0 crate=-12 uimp=79985 upos=2125 uneg=1895 ball=26.49 vball=-0.14 aball=-0.6 bref=0.00 pid=-12.1 pref=3.2 ppos=4.4 apid=-0.0 integ=-0.0 vision=1 current=1 vframe=29454 vs=1 vage=30 vpage=30 vdt=32 vmax=266 vacc=29397 vrej=0 seq=0 elapsed=0 oled=3C
[  11079] STATUS mode=3 fault=none enc=24 denc=0 sreq=0 sapplied=0 crate=-12 uimp=79985 upos=2125 uneg=1895 ball=26.49 vball=-0.13 aball=-0.6 bref=0.00 pid=-11.7 pref=3.3 ppos=4.4 apid=-0.0 integ=-0.0 vision=1 current=1 vframe=29455 vs=1 vage=15 vpage=15 vdt=35 vmax=266 vacc=29398 vrej=0 seq=0 elapsed=0 oled=3C
[  11110] STATUS mode=3 fault=none enc=24 denc=0 sreq=0 sapplied=0 crate=-12 uimp=79985 upos=2125 uneg=1895 ball=26.49 vball=-0.09 aball=-0.6 bref=0.00 pid=-11.7 pref=3.3 ppos=4.4 apid=-0.0 integ=-0.0 vision=1 current=1 vframe=29456 vs=1 vage=2 vpage=2 vdt=33 vmax=266 vacc=29399 vrej=0 seq=0 elapsed=0 oled=3C
[  11141] STATUS mode=3 fault=none enc=24 denc=0 sreq=0 sapplied=0 crate=0 uimp=79985 upos=2125 uneg=1895 ball=26.49 vball=-0.09 aball=-0.1 bref=0.00 pid=0.0 pref=3.5 ppos=4.4 apid=-0.0 integ=-0.0 vision=1 current=1 vframe=29456 vs=1 vage=22 vpage=22 vdt=33 vmax=266 vacc=29399 vrej=0 seq=0 elapsed=0 oled=3C
[  11157] STATUS mode=3 fault=none enc=24 denc=0 sreq=0 sapplied=0 crate=0 uimp=79985 upos=2125 uneg=1895 ball=26.49 vball=-0.02 aball=-0.1 bref=0.00 pid=0.0 pref=3.8 ppos=4.4 apid=-0.0 integ=-0.0 vision=1 current=1 vframe=29457 vs=1 vage=27 vpage=27 vdt=35 vmax=266 vacc=29400 vrej=0 seq=0 elapsed=0 oled=3C
[  11188] STATUS mode=3 fault=none enc=24 denc=0 sreq=0 sapplied=0 crate=12 uimp=79985 upos=2125 uneg=1895 ball=26.53 vball=0.31 aball=-0.1 bref=0.00 pid=11.6 pref=5.6 ppos=4.4 apid=-0.0 integ=-0.0 vision=1 current=1 vframe=29458 vs=1 vage=15 vpage=15 vdt=32 vmax=266 vacc=29401 vrej=0 seq=0 elapsed=0 oled=3C
[  11219] STATUS mode=3 fault=none enc=24 denc=0 sreq=0 sapplied=0 crate=12 uimp=79985 upos=2125 uneg=1895 ball=26.54 vball=0.32 aball=-0.1 bref=0.00 pid=11.6 pref=5.6 ppos=4.4 apid=-0.0 integ=-0.0 vision=1 current=1 vframe=29459 vs=1 vage=1 vpage=1 vdt=34 vmax=266 vacc=29402 vrej=0 seq=0 elapsed=0 oled=3C
[  11235] STATUS mode=3 fault=none enc=24 denc=0 sreq=0 sapplied=0 crate=12 uimp=79985 upos=2125 uneg=1895 ball=26.55 vball=0.30 aball=1.8 bref=0.00 pid=11.6 pref=5.6 ppos=4.4 apid=0.0 integ=-0.0 vision=1 current=1 vframe=29460 vs=1 vage=9 vpage=9 vdt=32 vmax=266 vacc=29403 vrej=0 seq=0 elapsed=0 oled=3C
[  11266] STATUS mode=3 fault=none enc=24 denc=0 sreq=0 sapplied=0 crate=12 uimp=79985 upos=2125 uneg=1895 ball=26.55 vball=0.30 aball=1.8 bref=0.00 pid=11.6 pref=5.6 ppos=4.4 apid=0.0 integ=-0.0 vision=1 current=1 vframe=29460 vs=1 vage=29 vpage=29 vdt=32 vmax=266 vacc=29403 vrej=0 seq=0 elapsed=0 oled=3C
[  11297] STATUS mode=3 fault=none enc=24 denc=0 sreq=0 sapplied=0 crate=0 uimp=79985 upos=2125 uneg=1895 ball=26.56 vball=0.25 aball=1.8 bref=0.00 pid=0.0 pref=5.4 ppos=4.4 apid=0.0 integ=-0.0 vision=1 current=1 vframe=29461 vs=1 vage=15 vpage=15 vdt=34 vmax=266 vacc=29404 vrej=0 seq=0 elapsed=0 oled=3C
[  11313] STATUS mode=3 fault=none enc=24 denc=0 sreq=0 sapplied=0 crate=0 uimp=79985 upos=2125 uneg=1895 ball=26.55 vball=0.08 aball=-0.1 bref=0.00 pid=0.0 pref=4.5 ppos=4.4 apid=-0.0 integ=-0.0 vision=1 current=1 vframe=29462 vs=1 vage=22 vpage=22 vdt=33 vmax=266 vacc=29405 vrej=0 seq=0 elapsed=0 oled=3C
[  11344] STATUS mode=3 fault=none enc=24 denc=0 sreq=0 sapplied=0 crate=0 uimp=79985 upos=2125 uneg=1895 ball=26.54 vball=-0.03 aball=-0.1 bref=0.00 pid=0.0 pref=3.9 ppos=4.4 apid=-0.0 integ=-0.0 vision=1 current=1 vframe=29463 vs=1 vage=10 vpage=10 vdt=32 vmax=266 vacc=29406 vrej=0 seq=0 elapsed=0 oled=3C
[  11375] STATUS mode=3 fault=none enc=24 denc=0 sreq=0 sapplied=0 crate=0 uimp=79985 upos=2125 uneg=1895 ball=26.54 vball=-0.03 aball=-0.1 bref=0.00 pid=0.0 pref=3.9 ppos=4.4 apid=-0.0 integ=-0.0 vision=1 current=1 vframe=29463 vs=1 vage=30 vpage=30 vdt=32 vmax=266 vacc=29406 vrej=0 seq=0 elapsed=0 oled=3C
[  11391] STATUS mode=3 fault=none enc=24 denc=0 sreq=0 sapplied=0 crate=0 uimp=79985 upos=2125 uneg=1895 ball=26.53 vball=-0.05 aball=-0.1 bref=0.00 pid=0.0 pref=3.8 ppos=4.4 apid=-0.0 integ=-0.0 vision=1 current=1 vframe=29464 vs=1 vage=17 vpage=17 vdt=33 vmax=266 vacc=29407 vrej=0 seq=0 elapsed=0 oled=3C
[  11422] STATUS mode=3 fault=none enc=24 denc=0 sreq=0 sapplied=0 crate=0 uimp=79985 upos=2125 uneg=1895 ball=26.53 vball=-0.05 aball=-0.6 bref=0.00 pid=0.0 pref=3.8 ppos=4.4 apid=-0.0 integ=-0.0 vision=1 current=1 vframe=29465 vs=1 vage=23 vpage=23 vdt=34 vmax=266 vacc=29408 vrej=0 seq=0 elapsed=0 oled=3C
[  11454] STATUS mode=3 fault=none enc=24 denc=0 sreq=0 sapplied=0 crate=0 uimp=79985 upos=2125 uneg=1895 ball=26.53 vball=-0.03 aball=-0.6 bref=0.00 pid=0.0 pref=3.9 ppos=4.4 apid=-0.0 integ=-0.0 vision=1 current=1 vframe=29466 vs=1 vage=10 vpage=10 vdt=33 vmax=266 vacc=29409 vrej=0 seq=0 elapsed=0 oled=3C
[  11469] STATUS mode=3 fault=none enc=24 denc=0 sreq=0 sapplied=0 crate=0 uimp=79985 upos=2125 uneg=1895 ball=26.53 vball=-0.03 aball=-0.6 bref=0.00 pid=0.0 pref=3.9 ppos=4.4 apid=-0.0 integ=-0.0 vision=1 current=1 vframe=29466 vs=1 vage=30 vpage=30 vdt=33 vmax=266 vacc=29409 vrej=0 seq=0 elapsed=0 oled=3C
[  11500] STATUS mode=3 fault=none enc=24 denc=0 sreq=0 sapplied=0 crate=0 uimp=79985 upos=2125 uneg=1895 ball=26.54 vball=0.05 aball=0.1 bref=0.00 pid=0.0 pref=4.3 ppos=4.4 apid=0.0 integ=-0.0 vision=1 current=1 vframe=29468 vs=1 vage=4 vpage=4 vdt=31 vmax=266 vacc=29411 vrej=0 seq=0 elapsed=0 oled=3C
[  11532] STATUS mode=3 fault=none enc=24 denc=0 sreq=0 sapplied=0 crate=0 uimp=79985 upos=2125 uneg=1895 ball=26.54 vball=0.05 aball=0.1 bref=0.00 pid=0.0 pref=4.3 ppos=4.4 apid=0.0 integ=-0.0 vision=1 current=1 vframe=29468 vs=1 vage=24 vpage=24 vdt=31 vmax=266 vacc=29411 vrej=0 seq=0 elapsed=0 oled=3C
[  11547] STATUS mode=3 fault=none enc=24 denc=0 sreq=0 sapplied=0 crate=0 uimp=79985 upos=2125 uneg=1895 ball=26.54 vball=0.04 aball=0.1 bref=0.00 pid=0.0 pref=4.3 ppos=4.4 apid=0.0 integ=-0.0 vision=1 current=1 vframe=29469 vs=1 vage=10 vpage=10 vdt=34 vmax=266 vacc=29412 vrej=0 seq=0 elapsed=0 oled=3C
[  11579] STATUS mode=3 fault=none enc=24 denc=0 sreq=0 sapplied=0 crate=0 uimp=79985 upos=2125 uneg=1895 ball=26.54 vball=0.03 aball=0.1 bref=0.00 pid=0.0 pref=4.2 ppos=4.4 apid=0.0 integ=-0.0 vision=1 current=1 vframe=29470 vs=1 vage=18 vpage=18 vdt=32 vmax=266 vacc=29413 vrej=0 seq=0 elapsed=0 oled=3C
[  11610] STATUS mode=3 fault=none enc=24 denc=0 sreq=0 sapplied=0 crate=0 uimp=79985 upos=2125 uneg=1895 ball=26.54 vball=0.02 aball=0.1 bref=0.00 pid=0.0 pref=4.2 ppos=4.4 apid=0.0 integ=-0.0 vision=1 current=1 vframe=29471 vs=1 vage=2 vpage=2 vdt=36 vmax=266 vacc=29414 vrej=0 seq=0 elapsed=0 oled=3C
[  11625] STATUS mode=3 fault=none enc=24 denc=0 sreq=0 sapplied=0 crate=0 uimp=79985 upos=2125 uneg=1895 ball=26.54 vball=0.02 aball=-0.1 bref=0.00 pid=0.0 pref=4.2 ppos=4.4 apid=-0.0 integ=-0.0 vision=1 current=1 vframe=29471 vs=1 vage=22 vpage=22 vdt=36 vmax=266 vacc=29414 vrej=0 seq=0 elapsed=0 oled=3C
[  11657] STATUS mode=3 fault=none enc=24 denc=0 sreq=0 sapplied=0 crate=0 uimp=79985 upos=2125 uneg=1895 ball=26.54 vball=0.01 aball=-0.1 bref=0.00 pid=0.0 pref=4.1 ppos=4.4 apid=-0.0 integ=-0.0 vision=1 current=1 vframe=29472 vs=1 vage=11 vpage=11 vdt=31 vmax=266 vacc=29415 vrej=0 seq=0 elapsed=0 oled=3C
[  11688] STATUS mode=3 fault=none enc=24 denc=0 sreq=0 sapplied=0 crate=0 uimp=79985 upos=2125 uneg=1895 ball=26.54 vball=0.01 aball=-0.1 bref=0.00 pid=0.0 pref=4.1 ppos=4.4 apid=-0.0 integ=-0.0 vision=1 current=1 vframe=29473 vs=1 vage=18 vpage=18 vdt=33 vmax=266 vacc=29416 vrej=0 seq=0 elapsed=0 oled=3C
[  11704] STATUS mode=3 fault=none enc=24 denc=0 sreq=0 sapplied=0 crate=0 uimp=79985 upos=2125 uneg=1895 ball=26.54 vball=0.00 aball=-0.1 bref=0.00 pid=0.0 pref=4.1 ppos=4.4 apid=-0.0 integ=-0.0 vision=1 current=1 vframe=29474 vs=1 vage=2 vpage=2 vdt=36 vmax=266 vacc=29417 vrej=0 seq=0 elapsed=0 oled=3C
[  11735] STATUS mode=3 fault=none enc=24 denc=0 sreq=0 sapplied=0 crate=0 uimp=79985 upos=2125 uneg=1895 ball=26.54 vball=0.00 aball=-0.1 bref=0.00 pid=0.0 pref=4.1 ppos=4.4 apid=-0.0 integ=-0.0 vision=1 current=1 vframe=29474 vs=1 vage=22 vpage=22 vdt=36 vmax=266 vacc=29417 vrej=0 seq=0 elapsed=0 oled=3C
[  11766] STATUS mode=3 fault=none enc=24 denc=0 sreq=0 sapplied=0 crate=0 uimp=79985 upos=2125 uneg=1895 ball=26.55 vball=0.06 aball=-0.1 bref=0.00 pid=0.0 pref=4.4 ppos=4.4 apid=-0.0 integ=-0.0 vision=1 current=1 vframe=29475 vs=1 vage=29 vpage=29 vdt=33 vmax=266 vacc=29418 vrej=0 seq=0 elapsed=0 oled=3C
[  11782] STATUS mode=3 fault=none enc=24 denc=0 sreq=0 sapplied=0 crate=0 uimp=79985 upos=2125 uneg=1895 ball=26.55 vball=0.09 aball=-0.1 bref=0.00 pid=0.0 pref=4.6 ppos=4.4 apid=-0.0 integ=-0.0 vision=1 current=1 vframe=29476 vs=1 vage=16 vpage=16 vdt=33 vmax=266 vacc=29419 vrej=0 seq=0 elapsed=0 oled=3C
[  11813] STATUS mode=3 fault=none enc=24 denc=0 sreq=0 sapplied=0 crate=16 uimp=79985 upos=2125 uneg=1895 ball=26.59 vball=0.37 aball=1.6 bref=0.00 pid=16.4 pref=6.1 ppos=4.4 apid=0.0 integ=-0.0 vision=1 current=1 vframe=29477 vs=1 vage=3 vpage=3 vdt=33 vmax=266 vacc=29420 vrej=0 seq=0 elapsed=0 oled=3C
[  11844] STATUS mode=3 fault=none enc=24 denc=0 sreq=0 sapplied=0 crate=16 uimp=79985 upos=2125 uneg=1895 ball=26.59 vball=0.37 aball=1.6 bref=0.00 pid=16.4 pref=6.1 ppos=4.4 apid=0.0 integ=-0.0 vision=1 current=1 vframe=29477 vs=1 vage=23 vpage=23 vdt=33 vmax=266 vacc=29420 vrej=0 seq=0 elapsed=0 oled=3C
[  11860] STATUS mode=3 fault=none enc=24 denc=0 sreq=0 sapplied=0 crate=18 uimp=79985 upos=2125 uneg=1895 ball=26.60 vball=0.40 aball=1.6 bref=0.00 pid=18.2 pref=6.3 ppos=4.4 apid=0.0 integ=-0.0 vision=1 current=1 vframe=29478 vs=1 vage=29 vpage=29 vdt=34 vmax=266 vacc=29421 vrej=0 seq=0 elapsed=0 oled=3C
[  11891] STATUS mode=3 fault=none enc=24 denc=0 sreq=0 sapplied=0 crate=13 uimp=79985 upos=2125 uneg=1895 ball=26.60 vball=0.30 aball=1.6 bref=0.00 pid=13.2 pref=5.8 ppos=4.4 apid=0.0 integ=-0.0 vision=1 current=1 vframe=29479 vs=1 vage=16 vpage=16 vdt=33 vmax=266 vacc=29422 vrej=0 seq=0 elapsed=0 oled=3C
[  11922] STATUS mode=3 fault=none enc=24 denc=0 sreq=0 sapplied=0 crate=0 uimp=79985 upos=2125 uneg=1895 ball=26.60 vball=0.18 aball=0.0 bref=0.00 pid=0.0 pref=5.2 ppos=4.4 apid=0.0 integ=-0.0 vision=1 current=1 vframe=29480 vs=1 vage=3 vpage=3 vdt=33 vmax=266 vacc=29423 vrej=0 seq=0 elapsed=0 oled=3C
[  11938] STATUS mode=3 fault=none enc=24 denc=0 sreq=0 sapplied=0 crate=19 uimp=79985 upos=2125 uneg=1895 ball=26.63 vball=0.39 aball=0.0 bref=0.00 pid=18.5 pref=6.3 ppos=4.4 apid=0.0 integ=-0.0 vision=1 current=1 vframe=29481 vs=1 vage=9 vpage=9 vdt=34 vmax=266 vacc=29424 vrej=0 seq=0 elapsed=0 oled=3C
[  11969] STATUS mode=3 fault=none enc=24 denc=0 sreq=0 sapplied=0 crate=19 uimp=79985 upos=2125 uneg=1895 ball=26.63 vball=0.39 aball=0.0 bref=0.00 pid=18.5 pref=6.3 ppos=4.4 apid=0.0 integ=-0.0 vision=1 current=1 vframe=29481 vs=1 vage=29 vpage=29 vdt=34 vmax=266 vacc=29424 vrej=0 seq=0 elapsed=0 oled=3C
[  12000] STATUS mode=3 fault=none enc=24 denc=0 sreq=23 sapplied=23 crate=23 uimp=80105 upos=2130 uneg=1895 ball=26.65 vball=0.49 aball=0.0 bref=0.00 pid=22.9 pref=6.9 ppos=4.6 apid=0.0 integ=-0.0 vision=1 current=1 vframe=29482 vs=1 vage=14 vpage=14 vdt=35 vmax=266 vacc=29425 vrej=0 seq=0 elapsed=0 oled=3C
[  12016] STATUS mode=3 fault=none enc=25 denc=1 sreq=34 sapplied=34 crate=34 uimp=81100 upos=2165 uneg=1895 ball=26.71 vball=0.87 aball=3.1 bref=0.00 pid=33.8 pref=8.9 ppos=5.6 apid=0.0 integ=-0.0 vision=1 current=1 vframe=29483 vs=1 vage=22 vpage=22 vdt=32 vmax=266 vacc=29426 vrej=0 seq=0 elapsed=0 oled=3C
[  12047] STATUS mode=3 fault=none enc=24 denc=0 sreq=23 sapplied=23 crate=23 uimp=81705 upos=2185 uneg=1895 ball=26.73 vball=0.76 aball=3.1 bref=0.00 pid=22.9 pref=8.4 ppos=6.2 apid=0.0 integ=-0.0 vision=1 current=1 vframe=29484 vs=1 vage=9 vpage=9 vdt=33 vmax=266 vacc=29427 vrej=0 seq=0 elapsed=0 oled=3C
[  12079] STATUS mode=3 fault=none enc=25 denc=0 sreq=0 sapplied=0 crate=19 uimp=82135 upos=2205 uneg=1895 ball=26.73 vball=0.76 aball=3.1 bref=0.00 pid=18.6 pref=8.4 ppos=6.6 apid=0.0 integ=-0.0 vision=1 current=1 vframe=29484 vs=1 vage=29 vpage=29 vdt=33 vmax=266 vacc=29427 vrej=0 seq=0 elapsed=0 oled=3C
[  12094] STATUS mode=3 fault=none enc=25 denc=0 sreq=0 sapplied=0 crate=0 uimp=82135 upos=2205 uneg=1895 ball=26.73 vball=0.56 aball=3.1 bref=0.00 pid=0.0 pref=7.4 ppos=6.6 apid=0.0 integ=-0.0 vision=1 current=1 vframe=29485 vs=1 vage=16 vpage=16 vdt=33 vmax=266 vacc=29428 vrej=0 seq=0 elapsed=0 oled=3C
[  12125] STATUS mode=3 fault=none enc=25 denc=0 sreq=0 sapplied=0 crate=0 uimp=82135 upos=2205 uneg=1895 ball=26.73 vball=0.37 aball=-0.6 bref=0.00 pid=0.0 pref=6.5 ppos=6.6 apid=-0.0 integ=-0.0 vision=1 current=1 vframe=29486 vs=1 vage=22 vpage=22 vdt=34 vmax=266 vacc=29429 vrej=0 seq=0 elapsed=0 oled=3C
[  12157] STATUS mode=3 fault=none enc=25 denc=0 sreq=0 sapplied=0 crate=0 uimp=82135 upos=2205 uneg=1895 ball=26.73 vball=0.24 aball=-0.6 bref=0.00 pid=0.0 pref=5.8 ppos=6.6 apid=-0.0 integ=-0.0 vision=1 current=1 vframe=29487 vs=1 vage=8 vpage=8 vdt=34 vmax=266 vacc=29430 vrej=0 seq=0 elapsed=0 oled=3C
[  12172] STATUS mode=3 fault=none enc=25 denc=0 sreq=0 sapplied=0 crate=0 uimp=82135 upos=2205 uneg=1895 ball=26.73 vball=0.24 aball=-0.6 bref=0.00 pid=0.0 pref=5.8 ppos=6.6 apid=-0.0 integ=-0.0 vision=1 current=1 vframe=29487 vs=1 vage=28 vpage=28 vdt=34 vmax=266 vacc=29430 vrej=0 seq=0 elapsed=0 oled=3C
[  12204] STATUS mode=3 fault=none enc=25 denc=0 sreq=0 sapplied=0 crate=-12 uimp=82135 upos=2205 uneg=1895 ball=26.72 vball=0.09 aball=-0.6 bref=0.00 pid=-11.9 pref=5.4 ppos=6.6 apid=-0.0 integ=-0.0 vision=1 current=1 vframe=29489 vs=1 vage=2 vpage=2 vdt=34 vmax=266 vacc=29432 vrej=0 seq=0 elapsed=0 oled=3C
[  12235] STATUS mode=3 fault=none enc=25 denc=0 sreq=0 sapplied=0 crate=-15 uimp=82135 upos=2205 uneg=1895 ball=26.72 vball=0.09 aball=-1.6 bref=0.00 pid=-15.3 pref=5.1 ppos=6.6 apid=-0.0 integ=-0.0 vision=1 current=1 vframe=29489 vs=1 vage=22 vpage=22 vdt=34 vmax=266 vacc=29432 vrej=0 seq=0 elapsed=0 oled=3C
[  12250] STATUS mode=3 fault=none enc=25 denc=0 sreq=0 sapplied=0 crate=-17 uimp=82135 upos=2205 uneg=1895 ball=26.72 vball=0.06 aball=-1.6 bref=0.00 pid=-16.7 pref=4.9 ppos=6.6 apid=-0.0 integ=-0.0 vision=1 current=1 vframe=29490 vs=1 vage=9 vpage=9 vdt=33 vmax=266 vacc=29433 vrej=0 seq=0 elapsed=0 oled=3C
[  12282] STATUS mode=3 fault=none enc=25 denc=0 sreq=0 sapplied=0 crate=-18 uimp=82135 upos=2205 uneg=1895 ball=26.72 vball=0.03 aball=-1.6 bref=0.00 pid=-18.2 pref=4.8 ppos=6.6 apid=-0.0 integ=-0.0 vision=1 current=1 vframe=29491 vs=1 vage=16 vpage=16 vdt=33 vmax=266 vacc=29434 vrej=0 seq=0 elapsed=0 oled=3C
[  12313] STATUS mode=3 fault=none enc=25 denc=0 sreq=0 sapplied=0 crate=-19 uimp=82135 upos=2205 uneg=1895 ball=26.72 vball=0.02 aball=-1.2 bref=0.00 pid=-18.7 pref=4.7 ppos=6.6 apid=-0.0 integ=-0.0 vision=1 current=1 vframe=29492 vs=1 vage=3 vpage=3 vdt=33 vmax=266 vacc=29435 vrej=0 seq=0 elapsed=0 oled=3C
[  12329] STATUS mode=3 fault=none enc=25 denc=0 sreq=0 sapplied=0 crate=-19 uimp=82135 upos=2205 uneg=1895 ball=26.72 vball=0.02 aball=-1.2 bref=0.00 pid=-18.7 pref=4.7 ppos=6.6 apid=-0.0 integ=-0.0 vision=1 current=1 vframe=29492 vs=1 vage=23 vpage=23 vdt=33 vmax=266 vacc=29435 vrej=0 seq=0 elapsed=0 oled=3C
[  12360] STATUS mode=3 fault=none enc=25 denc=0 sreq=-24 sapplied=-24 crate=-24 uimp=81595 upos=2205 uneg=1915 ball=26.70 vball=-0.18 aball=-1.2 bref=0.00 pid=-29.3 pref=3.7 ppos=6.6 apid=-0.0 integ=-0.0 vision=1 current=1 vframe=29493 vs=1 vage=9 vpage=9 vdt=34 vmax=266 vacc=29436 vrej=0 seq=0 elapsed=0 oled=3C
[  12391] STATUS mode=3 fault=none enc=25 denc=0 sreq=-21 sapplied=-21 crate=-21 uimp=81135 upos=2205 uneg=1935 ball=26.69 vball=-0.20 aball=-1.2 bref=0.00 pid=-20.7 pref=3.5 ppos=5.6 apid=-0.0 integ=-0.0 vision=1 current=1 vframe=29494 vs=1 vage=16 vpage=16 vdt=33 vmax=266 vacc=29437 vrej=0 seq=0 elapsed=0 oled=3C
[  12407] STATUS mode=3 fault=none enc=25 denc=1 sreq=0 sapplied=0 crate=-19 uimp=80930 upos=2205 uneg=1945 ball=26.69 vball=-0.15 aball=-1.2 bref=0.00 pid=-18.6 pref=3.5 ppos=5.4 apid=-0.0 integ=-0.0 vision=1 current=1 vframe=29495 vs=1 vage=2 vpage=2 vdt=34 vmax=266 vacc=29438 vrej=0 seq=0 elapsed=0 oled=3C
[  12438] STATUS mode=3 fault=none enc=25 denc=0 sreq=0 sapplied=0 crate=-16 uimp=80930 upos=2205 uneg=1945 ball=26.69 vball=-0.15 aball=-1.4 bref=0.00 pid=-16.1 pref=3.8 ppos=5.4 apid=-0.0 integ=-0.0 vision=1 current=1 vframe=29495 vs=1 vage=22 vpage=22 vdt=34 vmax=266 vacc=29438 vrej=0 seq=0 elapsed=0 oled=3C
[  12469] STATUS mode=3 fault=none enc=25 denc=0 sreq=0 sapplied=0 crate=-14 uimp=80930 upos=2205 uneg=1945 ball=26.69 vball=-0.11 aball=-1.4 bref=0.00 pid=-14.1 pref=4.0 ppos=5.4 apid=-0.0 integ=-0.0 vision=1 current=1 vframe=29496 vs=1 vage=29 vpage=29 vdt=33 vmax=266 vacc=29439 vrej=0 seq=0 elapsed=0 oled=3C
[  12485] STATUS mode=3 fault=none enc=25 denc=0 sreq=0 sapplied=0 crate=-12 uimp=80930 upos=2205 uneg=1945 ball=26.69 vball=-0.07 aball=-1.4 bref=0.00 pid=-12.1 pref=4.2 ppos=5.4 apid=-0.0 integ=-0.0 vision=1 current=1 vframe=29497 vs=1 vage=15 vpage=15 vdt=34 vmax=266 vacc=29440 vrej=0 seq=0 elapsed=0 oled=3C
[  12516] STATUS mode=3 fault=none enc=25 denc=0 sreq=-23 sapplied=-23 crate=-23 uimp=80930 upos=2205 uneg=1945 ball=26.67 vball=-0.27 aball=-1.3 bref=0.00 pid=-22.7 pref=3.1 ppos=5.4 apid=-0.0 integ=-0.0 vision=1 current=1 vframe=29498 vs=1 vage=3 vpage=3 vdt=32 vmax=266 vacc=29441 vrej=0 seq=0 elapsed=0 oled=3C
[  12547] STATUS mode=3 fault=none enc=25 denc=0 sreq=-23 sapplied=-23 crate=-23 uimp=80480 upos=2205 uneg=1965 ball=26.65 vball=-0.36 aball=-1.3 bref=0.00 pid=-23.3 pref=2.6 ppos=4.9 apid=-0.0 integ=-0.0 vision=1 current=1 vframe=29499 vs=1 vage=11 vpage=11 vdt=32 vmax=266 vacc=29442 vrej=0 seq=0 elapsed=0 oled=3C
[  12579] STATUS mode=3 fault=none enc=25 denc=0 sreq=0 sapplied=0 crate=-19 uimp=80050 upos=2205 uneg=1985 ball=26.65 vball=-0.36 aball=-1.3 bref=0.00 pid=-19.0 pref=2.6 ppos=4.5 apid=-0.0 integ=-0.0 vision=1 current=1 vframe=29499 vs=1 vage=31 vpage=31 vdt=32 vmax=266 vacc=29442 vrej=0 seq=0 elapsed=0 oled=3C
[  12594] STATUS mode=3 fault=none enc=24 denc=0 sreq=0 sapplied=0 crate=-16 uimp=80050 upos=2205 uneg=1985 ball=26.64 vball=-0.30 aball=-1.3 bref=0.00 pid=-16.3 pref=2.9 ppos=4.5 apid=-0.0 integ=-0.0 vision=1 current=1 vframe=29500 vs=1 vage=18 vpage=18 vdt=33 vmax=266 vacc=29443 vrej=0 seq=0 elapsed=0 oled=3C
[  12625] STATUS mode=3 fault=none enc=24 denc=0 sreq=0 sapplied=0 crate=-12 uimp=80050 upos=2205 uneg=1985 ball=26.64 vball=-0.22 aball=-0.5 bref=0.00 pid=-12.3 pref=3.3 ppos=4.5 apid=-0.0 integ=-0.0 vision=1 current=1 vframe=29501 vs=1 vage=23 vpage=23 vdt=35 vmax=266 vacc=29444 vrej=0 seq=0 elapsed=0 oled=3C
[  12657] STATUS mode=3 fault=none enc=24 denc=0 sreq=0 sapplied=0 crate=0 uimp=80050 upos=2205 uneg=1985 ball=26.64 vball=-0.15 aball=-0.5 bref=0.00 pid=0.0 pref=3.6 ppos=4.5 apid=-0.0 integ=-0.0 vision=1 current=1 vframe=29502 vs=1 vage=9 vpage=9 vdt=34 vmax=266 vacc=29445 vrej=0 seq=0 elapsed=0 oled=3C
[  12672] STATUS mode=3 fault=none enc=24 denc=0 sreq=0 sapplied=0 crate=0 uimp=80050 upos=2205 uneg=1985 ball=26.64 vball=-0.15 aball=-0.5 bref=0.00 pid=0.0 pref=3.6 ppos=4.5 apid=-0.0 integ=-0.0 vision=1 current=1 vframe=29502 vs=1 vage=29 vpage=29 vdt=34 vmax=266 vacc=29445 vrej=0 seq=0 elapsed=0 oled=3C
[  12704] STATUS mode=3 fault=none enc=24 denc=0 sreq=0 sapplied=0 crate=0 uimp=80050 upos=2205 uneg=1985 ball=26.64 vball=-0.06 aball=0.4 bref=0.00 pid=0.0 pref=4.1 ppos=4.5 apid=0.0 integ=-0.0 vision=1 current=1 vframe=29504 vs=1 vage=3 vpage=3 vdt=33 vmax=266 vacc=29447 vrej=0 seq=0 elapsed=0 oled=3C
[  12735] STATUS mode=3 fault=none enc=24 denc=0 sreq=0 sapplied=0 crate=0 uimp=80050 upos=2205 uneg=1985 ball=26.64 vball=-0.06 aball=0.4 bref=0.00 pid=0.0 pref=4.1 ppos=4.5 apid=0.0 integ=-0.0 vision=1 current=1 vframe=29504 vs=1 vage=23 vpage=23 vdt=33 vmax=266 vacc=29447 vrej=0 seq=0 elapsed=0 oled=3C
[  12750] STATUS mode=3 fault=none enc=24 denc=0 sreq=0 sapplied=0 crate=0 uimp=80050 upos=2205 uneg=1985 ball=26.64 vball=-0.04 aball=0.4 bref=0.00 pid=0.0 pref=4.2 ppos=4.5 apid=0.0 integ=-0.0 vision=1 current=1 vframe=29505 vs=1 vage=9 vpage=9 vdt=34 vmax=266 vacc=29448 vrej=0 seq=0 elapsed=0 oled=3C
[  12782] STATUS mode=3 fault=none enc=24 denc=0 sreq=0 sapplied=0 crate=0 uimp=80050 upos=2205 uneg=1985 ball=26.67 vball=0.19 aball=0.4 bref=0.00 pid=0.0 pref=5.4 ppos=4.5 apid=0.0 integ=-0.0 vision=1 current=1 vframe=29506 vs=1 vage=16 vpage=16 vdt=33 vmax=266 vacc=29449 vrej=0 seq=0 elapsed=0 oled=3C
[  12797] STATUS mode=3 fault=none enc=24 denc=0 sreq=0 sapplied=0 crate=0 uimp=80050 upos=2205 uneg=1985 ball=26.68 vball=0.20 aball=0.4 bref=0.00 pid=0.0 pref=5.4 ppos=4.5 apid=0.0 integ=-0.0 vision=1 current=1 vframe=29507 vs=1 vage=2 vpage=2 vdt=34 vmax=266 vacc=29450 vrej=0 seq=0 elapsed=0 oled=3C
[  12829] STATUS mode=3 fault=none enc=24 denc=0 sreq=0 sapplied=0 crate=0 uimp=80050 upos=2205 uneg=1985 ball=26.68 vball=0.20 aball=1.4 bref=0.00 pid=0.0 pref=5.5 ppos=4.5 apid=0.0 integ=-0.0 vision=1 current=1 vframe=29507 vs=1 vage=22 vpage=22 vdt=34 vmax=266 vacc=29450 vrej=0 seq=0 elapsed=0 oled=3C
[  12860] STATUS mode=3 fault=none enc=24 denc=0 sreq=0 sapplied=0 crate=0 uimp=80050 upos=2205 uneg=1985 ball=26.68 vball=0.16 aball=1.4 bref=0.00 pid=0.0 pref=5.3 ppos=4.5 apid=0.0 integ=-0.0 vision=1 current=1 vframe=29508 vs=1 vage=9 vpage=9 vdt=33 vmax=266 vacc=29451 vrej=0 seq=0 elapsed=0 oled=3C
[  12875] STATUS mode=3 fault=none enc=24 denc=0 sreq=0 sapplied=0 crate=0 uimp=80050 upos=2205 uneg=1985 ball=26.68 vball=0.14 aball=1.4 bref=0.00 pid=0.0 pref=5.2 ppos=4.5 apid=0.0 integ=-0.0 vision=1 current=1 vframe=29509 vs=1 vage=14 vpage=14 vdt=35 vmax=266 vacc=29452 vrej=0 seq=0 elapsed=0 oled=3C
[  12907] STATUS mode=3 fault=none enc=24 denc=0 sreq=0 sapplied=0 crate=0 uimp=80050 upos=2205 uneg=1985 ball=26.67 vball=-0.01 aball=-0.2 bref=0.00 pid=0.0 pref=4.4 ppos=4.5 apid=-0.0 integ=-0.0 vision=1 current=1 vframe=29510 vs=1 vage=3 vpage=3 vdt=31 vmax=266 vacc=29453 vrej=0 seq=0 elapsed=0 oled=3C
[  12938] STATUS mode=3 fault=none enc=24 denc=0 sreq=0 sapplied=0 crate=0 uimp=80050 upos=2205 uneg=1985 ball=26.67 vball=-0.01 aball=-0.2 bref=0.00 pid=0.0 pref=4.4 ppos=4.5 apid=-0.0 integ=-0.0 vision=1 current=1 vframe=29510 vs=1 vage=23 vpage=23 vdt=31 vmax=266 vacc=29453 vrej=0 seq=0 elapsed=0 oled=3C
[  12954] STATUS mode=3 fault=none enc=24 denc=0 sreq=0 sapplied=0 crate=0 uimp=80050 upos=2205 uneg=1985 ball=26.67 vball=-0.02 aball=-0.2 bref=0.00 pid=0.0 pref=4.4 ppos=4.5 apid=-0.0 integ=-0.0 vision=1 current=1 vframe=29511 vs=1 vage=29 vpage=29 vdt=34 vmax=266 vacc=29454 vrej=0 seq=0 elapsed=0 oled=3C
[  12985] STATUS mode=3 fault=none enc=24 denc=0 sreq=0 sapplied=0 crate=0 uimp=80050 upos=2205 uneg=1985 ball=26.66 vball=-0.09 aball=-0.2 bref=0.00 pid=0.0 pref=4.0 ppos=4.5 apid=-0.0 integ=-0.0 vision=1 current=1 vframe=29512 vs=1 vage=16 vpage=16 vdt=33 vmax=266 vacc=29455 vrej=0 seq=0 elapsed=0 oled=3C
[  13016] STATUS mode=3 fault=none enc=24 denc=0 sreq=0 sapplied=0 crate=0 uimp=80050 upos=2205 uneg=1985 ball=26.67 vball=0.05 aball=0.2 bref=0.00 pid=0.0 pref=4.7 ppos=4.5 apid=0.0 integ=-0.0 vision=1 current=1 vframe=29513 vs=1 vage=3 vpage=3 vdt=33 vmax=266 vacc=29456 vrej=0 seq=0 elapsed=0 oled=3C
[  13032] STATUS mode=3 fault=none enc=24 denc=0 sreq=0 sapplied=0 crate=0 uimp=80050 upos=2205 uneg=1985 ball=26.67 vball=0.05 aball=0.2 bref=0.00 pid=0.0 pref=4.7 ppos=4.5 apid=0.0 integ=-0.0 vision=1 current=1 vframe=29513 vs=1 vage=23 vpage=23 vdt=33 vmax=266 vacc=29456 vrej=0 seq=0 elapsed=0 oled=3C
[  13032] >>> stop
[  13063] STATUS mode=3 fault=none enc=24 denc=0 sreq=0 sapplied=0 crate=0 uimp=80050 upos=2205 uneg=1985 ball=26.65 vball=-0.14 aball=0.2 bref=0.00 pid=0.0 pref=3.7 ppos=4.5 apid=0.0 integ=-0.0 vision=1 current=1 vframe=29514 vs=1 vage=30 vpage=30 vdt=33 vmax=266 vacc=29457 vrej=0 seq=0 elapsed=0 oled=3C
[  13094] STATUS mode=1 fault=none enc=22 denc=0 sreq=0 sapplied=0 crate=0 uimp=80050 upos=2205 uneg=1985 ball=26.65 vball=-0.15 aball=0.0 bref=0.00 pid=0.0 pref=4.5 ppos=4.5 apid=0.0 integ=0.0 vision=1 current=1 vframe=29515 vs=1 vage=17 vpage=17 vdt=33 vmax=266 vacc=29458 vrej=0 seq=0 elapsed=0 oled=3C
[  13110] STATUS mode=1 fault=none enc=22 denc=0 sreq=0 sapplied=0 crate=0 uimp=80050 upos=2205 uneg=1985 ball=26.60 vball=-0.50 aball=0.0 bref=0.00 pid=0.0 pref=4.5 ppos=4.5 apid=0.0 integ=0.0 vision=1 current=1 vframe=29516 vs=1 vage=4 vpage=4 vdt=33 vmax=266 vacc=29459 vrej=0 seq=0 elapsed=0 oled=3C
[  13141] STATUS mode=1 fault=none enc=22 denc=0 sreq=0 sapplied=0 crate=0 uimp=80050 upos=2205 uneg=1985 ball=26.59 vball=-0.46 aball=0.0 bref=0.00 pid=0.0 pref=4.5 ppos=4.5 apid=0.0 integ=0.0 vision=1 current=1 vframe=29517 vs=1 vage=12 vpage=12 vdt=32 vmax=266 vacc=29460 vrej=0 seq=0 elapsed=0 oled=3C
[  13172] STATUS mode=1 fault=none enc=22 denc=0 sreq=0 sapplied=0 crate=0 uimp=80050 upos=2205 uneg=1985 ball=26.59 vball=-0.46 aball=0.0 bref=0.00 pid=0.0 pref=4.5 ppos=4.5 apid=0.0 integ=0.0 vision=1 current=1 vframe=29517 vs=1 vage=32 vpage=32 vdt=32 vmax=266 vacc=29460 vrej=0 seq=0 elapsed=0 oled=3C
[  13188] STATUS mode=1 fault=none enc=22 denc=0 sreq=0 sapplied=0 crate=0 uimp=80050 upos=2205 uneg=1985 ball=26.58 vball=-0.41 aball=0.0 bref=0.00 pid=0.0 pref=4.5 ppos=4.5 apid=0.0 integ=0.0 vision=1 current=1 vframe=29518 vs=1 vage=19 vpage=19 vdt=33 vmax=266 vacc=29461 vrej=0 seq=0 elapsed=0 oled=3C
[  13219] STATUS mode=1 fault=none enc=22 denc=0 sreq=0 sapplied=0 crate=0 uimp=80050 upos=2205 uneg=1985 ball=26.54 vball=-0.59 aball=0.0 bref=0.00 pid=0.0 pref=4.5 ppos=4.5 apid=0.0 integ=0.0 vision=1 current=1 vframe=29519 vs=1 vage=6 vpage=6 vdt=33 vmax=266 vacc=29462 vrej=0 seq=0 elapsed=0 oled=3C
[  13250] STATUS mode=1 fault=none enc=22 denc=0 sreq=0 sapplied=0 crate=0 uimp=80050 upos=2205 uneg=1985 ball=26.53 vball=-0.55 aball=0.0 bref=0.00 pid=0.0 pref=4.5 ppos=4.5 apid=0.0 integ=0.0 vision=1 current=1 vframe=29520 vs=1 vage=10 vpage=10 vdt=36 vmax=266 vacc=29463 vrej=0 seq=0 elapsed=0 oled=3C
[  13266] STATUS mode=1 fault=none enc=22 denc=0 sreq=0 sapplied=0 crate=0 uimp=80050 upos=2205 uneg=1985 ball=26.53 vball=-0.55 aball=0.0 bref=0.00 pid=0.0 pref=4.5 ppos=4.5 apid=0.0 integ=0.0 vision=1 current=1 vframe=29520 vs=1 vage=30 vpage=30 vdt=36 vmax=266 vacc=29463 vrej=0 seq=0 elapsed=0 oled=3C
[  13297] STATUS mode=1 fault=none enc=22 denc=0 sreq=0 sapplied=0 crate=0 uimp=80050 upos=2205 uneg=1985 ball=26.58 vball=0.03 aball=0.0 bref=0.00 pid=0.0 pref=4.5 ppos=4.5 apid=0.0 integ=0.0 vision=1 current=1 vframe=29521 vs=1 vage=19 vpage=19 vdt=31 vmax=266 vacc=29464 vrej=0 seq=0 elapsed=0 oled=3C
[  13297] >>> stream off
[  13329] STATUS mode=1 fault=none enc=22 denc=0 sreq=0 sapplied=0 crate=0 uimp=80050 upos=2205 uneg=1985 ball=26.59 vball=0.18 aball=0.0 bref=0.00 pid=0.0 pref=4.5 ppos=4.5 apid=0.0 integ=0.0 vision=1 current=1 vframe=29522 vs=1 vage=24 vpage=24 vdt=35 vmax=266 vacc=29465 vrej=0 seq=0 elapsed=0 oled=3C
[  13329] OK stream off
[  13454] RESULT center_timeout
