[     16] >>> bench on
[     16] OK stepper visual-only bench active; command pose preserved
[    141] >>> clear
[    141] OK fault cleared
[    266] >>> diag reset
[    266] OK actuator diagnostics reset
[    391] >>> gain ball 3.0 0.0 5.0 -1
[    391] OK ball gains kp=3.000 ki=0.000 kd=5.000 sign=-1
[    516] >>> gain accel 0
[    516] OK ball acceleration gain ka=0.000
[    641] >>> limit rate 250
[    641] OK ball rate limit=250 steps/s
[    766] >>> stream on 20
[    766] OK stream on 20 ms
[    813] STATUS mode=1 fault=none enc=44 denc=0 sreq=0 sapplied=0 crate=0 uimp=0 upos=0 uneg=0 ball=-103.58 vball=-0.13 aball=0.0 bref=0.00 pid=0.0 pref=14.6 ppos=14.6 apid=0.0 integ=0.0 vision=1 current=1 vframe=33761 vs=1 vage=11 vpage=11 vdt=33 vmax=266 vacc=33692 vrej=0 seq=0 elapsed=0 oled=3C
[    844] STATUS mode=1 fault=none enc=44 denc=0 sreq=0 sapplied=0 crate=0 uimp=0 upos=0 uneg=0 ball=-103.58 vball=-0.13 aball=0.0 bref=0.00 pid=0.0 pref=14.6 ppos=14.6 apid=0.0 integ=0.0 vision=1 current=1 vframe=33761 vs=1 vage=31 vpage=31 vdt=33 vmax=266 vacc=33692 vrej=0 seq=0 elapsed=0 oled=3C
[    860] STATUS mode=1 fault=none enc=44 denc=0 sreq=0 sapplied=0 crate=0 uimp=0 upos=0 uneg=0 ball=-103.59 vball=-0.15 aball=0.0 bref=0.00 pid=0.0 pref=14.6 ppos=14.6 apid=0.0 integ=0.0 vision=1 current=1 vframe=33762 vs=1 vage=18 vpage=18 vdt=33 vmax=266 vacc=33693 vrej=0 seq=0 elapsed=0 oled=3C
[    891] STATUS mode=1 fault=none enc=44 denc=0 sreq=0 sapplied=0 crate=0 uimp=0 upos=0 uneg=0 ball=-103.61 vball=-0.30 aball=0.0 bref=0.00 pid=0.0 pref=14.6 ppos=14.6 apid=0.0 integ=0.0 vision=1 current=1 vframe=33763 vs=1 vage=4 vpage=4 vdt=34 vmax=266 vacc=33694 vrej=0 seq=0 elapsed=0 oled=3C
[    891] >>> ball 0
[    907] STATUS mode=1 fault=none enc=44 denc=0 sreq=0 sapplied=0 crate=0 uimp=0 upos=0 uneg=0 ball=-103.63 vball=-0.37 aball=0.0 bref=0.00 pid=0.0 pref=14.6 ppos=14.6 apid=0.0 integ=0.0 vision=1 current=1 vframe=33764 vs=1 vage=11 vpage=11 vdt=33 vmax=266 vacc=33695 vrej=0 seq=0 elapsed=0 oled=3C
[    938] STATUS mode=3 fault=none enc=55 denc=2 sreq=-250 sapplied=-250 crate=-250 uimp=-2750 upos=0 uneg=15 ball=-103.63 vball=-0.37 aball=0.0 bref=0.00 pid=-250.0 pref=-285.4 ppos=11.8 apid=0.0 integ=-0.0 vision=1 current=1 vframe=33764 vs=1 vage=31 vpage=31 vdt=33 vmax=266 vacc=33695 vrej=0 seq=0 elapsed=0 oled=3C
[    969] STATUS mode=3 fault=none enc=47 denc=-2 sreq=-250 sapplied=-250 crate=-250 uimp=-7750 upos=0 uneg=35 ball=-103.63 vball=-0.29 aball=0.0 bref=0.00 pid=-250.0 pref=-285.4 ppos=6.8 apid=0.0 integ=-0.0 vision=1 current=1 vframe=33765 vs=1 vage=18 vpage=18 vdt=33 vmax=266 vacc=33696 vrej=0 seq=0 elapsed=0 oled=3C
[   1000] STATUS mode=3 fault=none enc=34 denc=-2 sreq=-250 sapplied=-250 crate=-250 uimp=-17750 upos=0 uneg=75 ball=-103.63 vball=-0.21 aball=0.0 bref=0.00 pid=-250.0 pref=-285.4 ppos=-3.2 apid=0.0 integ=-0.0 vision=1 current=1 vframe=33766 vs=1 vage=25 vpage=25 vdt=33 vmax=266 vacc=33697 vrej=0 seq=0 elapsed=0 oled=3C
[   1016] STATUS mode=3 fault=none enc=28 denc=-2 sreq=-250 sapplied=-250 crate=-250 uimp=-22750 upos=0 uneg=95 ball=-103.63 vball=-0.14 aball=1.0 bref=0.00 pid=-250.0 pref=-285.4 ppos=-8.2 apid=0.0 integ=-0.0 vision=1 current=1 vframe=33767 vs=1 vage=11 vpage=11 vdt=34 vmax=266 vacc=33698 vrej=0 seq=0 elapsed=0 oled=3C
[   1047] STATUS mode=3 fault=none enc=22 denc=-2 sreq=-250 sapplied=-250 crate=-250 uimp=-27750 upos=0 uneg=115 ball=-103.63 vball=-0.14 aball=1.0 bref=0.00 pid=-250.0 pref=-285.4 ppos=-13.2 apid=0.0 integ=-0.0 vision=1 current=1 vframe=33767 vs=1 vage=31 vpage=31 vdt=34 vmax=266 vacc=33698 vrej=0 seq=0 elapsed=0 oled=3C
[   1079] STATUS mode=3 fault=none enc=9 denc=-2 sreq=-250 sapplied=-250 crate=-250 uimp=-37750 upos=0 uneg=155 ball=-104.10 vball=-3.32 aball=1.0 bref=0.00 pid=-250.0 pref=-285.4 ppos=-23.2 apid=0.0 integ=-0.0 vision=1 current=1 vframe=33769 vs=1 vage=3 vpage=3 vdt=35 vmax=266 vacc=33700 vrej=0 seq=0 elapsed=0 oled=3C
[   1094] STATUS mode=3 fault=none enc=2 denc=-2 sreq=-250 sapplied=-250 crate=-250 uimp=-42750 upos=0 uneg=175 ball=-104.10 vball=-3.32 aball=1.0 bref=0.00 pid=-250.0 pref=-285.4 ppos=-28.2 apid=0.0 integ=-0.0 vision=1 current=1 vframe=33769 vs=1 vage=23 vpage=23 vdt=35 vmax=266 vacc=33700 vrej=0 seq=0 elapsed=0 oled=3C
[   1125] STATUS mode=3 fault=none enc=-5 denc=-2 sreq=-250 sapplied=-250 crate=-250 uimp=-47750 upos=0 uneg=195 ball=-103.88 vball=-0.28 aball=-0.0 bref=0.00 pid=-250.0 pref=-285.4 ppos=-33.2 apid=-0.0 integ=-0.0 vision=1 current=1 vframe=33770 vs=1 vage=9 vpage=9 vdt=34 vmax=266 vacc=33701 vrej=0 seq=0 elapsed=0 oled=3C
[   1157] STATUS mode=3 fault=none enc=-17 denc=-1 sreq=-250 sapplied=-250 crate=-250 uimp=-57750 upos=0 uneg=235 ball=-103.67 vball=1.64 aball=-0.0 bref=0.00 pid=-250.0 pref=-285.4 ppos=-43.2 apid=-0.0 integ=-0.0 vision=1 current=1 vframe=33771 vs=1 vage=16 vpage=16 vdt=33 vmax=266 vacc=33702 vrej=0 seq=0 elapsed=0 oled=3C
[   1188] STATUS mode=3 fault=none enc=-24 denc=-2 sreq=-250 sapplied=-250 crate=-250 uimp=-62750 upos=0 uneg=255 ball=-103.57 vball=2.01 aball=-0.0 bref=0.00 pid=-250.0 pref=-285.4 ppos=-48.2 apid=-0.0 integ=-0.0 vision=1 current=1 vframe=33772 vs=1 vage=3 vpage=3 vdt=33 vmax=266 vacc=33703 vrej=0 seq=0 elapsed=0 oled=3C
[   1219] STATUS mode=3 fault=none enc=-30 denc=-2 sreq=-250 sapplied=-250 crate=-250 uimp=-67750 upos=0 uneg=275 ball=-103.57 vball=2.01 aball=-0.0 bref=0.00 pid=-250.0 pref=-285.4 ppos=-53.2 apid=-0.0 integ=-0.0 vision=1 current=1 vframe=33772 vs=1 vage=23 vpage=23 vdt=33 vmax=266 vacc=33703 vrej=0 seq=0 elapsed=0 oled=3C
[   1235] STATUS mode=3 fault=none enc=-44 denc=-3 sreq=-250 sapplied=-250 crate=-250 uimp=-77750 upos=0 uneg=315 ball=-103.25 vball=4.26 aball=20.4 bref=0.00 pid=-250.0 pref=-273.9 ppos=-63.2 apid=0.0 integ=-0.0 vision=1 current=1 vframe=33773 vs=1 vage=29 vpage=29 vdt=34 vmax=266 vacc=33704 vrej=0 seq=0 elapsed=0 oled=3C
[   1266] STATUS mode=3 fault=none enc=-50 denc=-2 sreq=-250 sapplied=-250 crate=-250 uimp=-82750 upos=0 uneg=335 ball=-103.11 vball=4.19 aball=20.4 bref=0.00 pid=-250.0 pref=-273.8 ppos=-68.2 apid=0.0 integ=-0.0 vision=1 current=1 vframe=33774 vs=1 vage=18 vpage=18 vdt=31 vmax=266 vacc=33705 vrej=0 seq=0 elapsed=0 oled=3C
[   1297] STATUS mode=3 fault=none enc=-62 denc=-2 sreq=-250 sapplied=-250 crate=-250 uimp=-92750 upos=0 uneg=375 ball=-103.10 vball=3.04 aball=20.4 bref=0.00 pid=-250.0 pref=-279.5 ppos=-78.2 apid=0.0 integ=-0.0 vision=1 current=1 vframe=33775 vs=1 vage=22 vpage=22 vdt=36 vmax=266 vacc=33706 vrej=0 seq=0 elapsed=0 oled=3C
[   1329] STATUS mode=3 fault=none enc=-69 denc=-2 sreq=-250 sapplied=-250 crate=-250 uimp=-97750 upos=0 uneg=395 ball=-103.14 vball=1.80 aball=0.3 bref=0.00 pid=-250.0 pref=-285.4 ppos=-83.2 apid=0.0 integ=-0.0 vision=1 current=1 vframe=33776 vs=1 vage=8 vpage=8 vdt=34 vmax=266 vacc=33707 vrej=0 seq=0 elapsed=0 oled=3C
[   1344] STATUS mode=3 fault=none enc=-75 denc=-2 sreq=-250 sapplied=-250 crate=-250 uimp=-102750 upos=0 uneg=415 ball=-103.14 vball=1.80 aball=0.3 bref=0.00 pid=-250.0 pref=-285.4 ppos=-88.2 apid=0.0 integ=-0.0 vision=1 current=1 vframe=33776 vs=1 vage=28 vpage=28 vdt=34 vmax=266 vacc=33707 vrej=0 seq=0 elapsed=0 oled=3C
[   1375] STATUS mode=3 fault=none enc=-88 denc=-1 sreq=-250 sapplied=-250 crate=-250 uimp=-112750 upos=0 uneg=455 ball=-103.17 vball=0.67 aball=0.3 bref=0.00 pid=-250.0 pref=-285.4 ppos=-98.2 apid=0.0 integ=-0.0 vision=1 current=1 vframe=33778 vs=1 vage=3 vpage=3 vdt=33 vmax=266 vacc=33709 vrej=0 seq=0 elapsed=0 oled=3C
[   1407] STATUS mode=3 fault=none enc=-94 denc=-1 sreq=-250 sapplied=-250 crate=-250 uimp=-117750 upos=0 uneg=475 ball=-103.17 vball=0.67 aball=0.3 bref=0.00 pid=-250.0 pref=-285.4 ppos=-103.2 apid=0.0 integ=-0.0 vision=1 current=1 vframe=33778 vs=1 vage=23 vpage=23 vdt=33 vmax=266 vacc=33709 vrej=0 seq=0 elapsed=0 oled=3C
[   1438] STATUS mode=3 fault=none enc=-100 denc=-1 sreq=-250 sapplied=-250 crate=-250 uimp=-122750 upos=0 uneg=495 ball=-103.08 vball=1.31 aball=-2.1 bref=0.00 pid=-250.0 pref=-285.4 ppos=-108.2 apid=-0.0 integ=-0.0 vision=1 current=1 vframe=33779 vs=1 vage=9 vpage=9 vdt=34 vmax=266 vacc=33710 vrej=0 seq=0 elapsed=0 oled=3C
[   1454] STATUS mode=3 fault=none enc=-113 denc=-2 sreq=-250 sapplied=-250 crate=-250 uimp=-132750 upos=0 uneg=535 ball=-103.03 vball=1.35 aball=-2.1 bref=0.00 pid=-250.0 pref=-285.4 ppos=-118.2 apid=-0.0 integ=-0.0 vision=1 current=1 vframe=33780 vs=1 vage=16 vpage=16 vdt=33 vmax=266 vacc=33711 vrej=0 seq=0 elapsed=0 oled=3C
[   1485] STATUS mode=3 fault=none enc=-119 denc=-1 sreq=-250 sapplied=-250 crate=-250 uimp=-137750 upos=0 uneg=555 ball=-103.00 vball=1.19 aball=-2.1 bref=0.00 pid=-250.0 pref=-285.4 ppos=-123.2 apid=-0.0 integ=-0.0 vision=1 current=1 vframe=33781 vs=1 vage=4 vpage=4 vdt=32 vmax=266 vacc=33712 vrej=0 seq=0 elapsed=0 oled=3C
[   1516] STATUS mode=3 fault=none enc=-132 denc=-1 sreq=-250 sapplied=-250 crate=-250 uimp=-147750 upos=0 uneg=595 ball=-102.99 vball=0.93 aball=-2.9 bref=0.00 pid=-250.0 pref=-285.4 ppos=-133.2 apid=-0.0 integ=-0.0 vision=1 current=1 vframe=33782 vs=1 vage=10 vpage=10 vdt=34 vmax=266 vacc=33713 vrej=0 seq=0 elapsed=0 oled=3C
[   1547] STATUS mode=3 fault=none enc=-138 denc=-1 sreq=-250 sapplied=-250 crate=-250 uimp=-152750 upos=0 uneg=615 ball=-102.99 vball=0.93 aball=-2.9 bref=0.00 pid=-250.0 pref=-285.4 ppos=-138.2 apid=-0.0 integ=-0.0 vision=1 current=1 vframe=33782 vs=1 vage=30 vpage=30 vdt=34 vmax=266 vacc=33713 vrej=0 seq=0 elapsed=0 oled=3C
[   1563] STATUS mode=3 fault=none enc=-145 denc=-3 sreq=-250 sapplied=-250 crate=-250 uimp=-157750 upos=0 uneg=635 ball=-102.98 vball=0.74 aball=-2.9 bref=0.00 pid=-250.0 pref=-285.4 ppos=-143.2 apid=-0.0 integ=-0.0 vision=1 current=1 vframe=33783 vs=1 vage=17 vpage=17 vdt=33 vmax=266 vacc=33714 vrej=0 seq=0 elapsed=0 oled=3C
[   1594] STATUS mode=3 fault=none enc=-157 denc=-1 sreq=-250 sapplied=-250 crate=-250 uimp=-167750 upos=0 uneg=675 ball=-102.98 vball=0.56 aball=-2.9 bref=0.00 pid=-250.0 pref=-285.4 ppos=-153.2 apid=-0.0 integ=-0.0 vision=1 current=1 vframe=33784 vs=1 vage=24 vpage=24 vdt=33 vmax=266 vacc=33715 vrej=0 seq=0 elapsed=0 oled=3C
[   1625] STATUS mode=3 fault=none enc=-164 denc=-2 sreq=-250 sapplied=-250 crate=-250 uimp=-172750 upos=0 uneg=695 ball=-102.98 vball=0.39 aball=-4.0 bref=0.00 pid=-250.0 pref=-285.4 ppos=-158.2 apid=-0.0 integ=-0.0 vision=1 current=1 vframe=33785 vs=1 vage=11 vpage=11 vdt=33 vmax=266 vacc=33716 vrej=0 seq=0 elapsed=0 oled=3C
[   1657] STATUS mode=3 fault=none enc=-176 denc=-1 sreq=-250 sapplied=-250 crate=-250 uimp=-182750 upos=0 uneg=735 ball=-102.98 vball=0.25 aball=-4.0 bref=0.00 pid=-250.0 pref=-285.4 ppos=-163.2 apid=-0.0 integ=-0.0 vision=1 current=1 vframe=33785 vs=1 vage=31 vpage=31 vdt=33 vmax=266 vacc=33716 vrej=0 seq=0 elapsed=0 oled=3C
[   1688] STATUS mode=3 fault=none enc=-182 denc=-2 sreq=-250 sapplied=-250 crate=-250 uimp=-187750 upos=0 uneg=755 ball=-103.00 vball=0.04 aball=-4.0 bref=0.00 pid=-250.0 pref=-285.4 ppos=-173.2 apid=-0.0 integ=-0.0 vision=1 current=1 vframe=33787 vs=1 vage=4 vpage=4 vdt=33 vmax=266 vacc=33718 vrej=0 seq=0 elapsed=0 oled=3C
[   1704] STATUS mode=3 fault=none enc=-188 denc=-1 sreq=-250 sapplied=-250 crate=-250 uimp=-192750 upos=0 uneg=775 ball=-103.00 vball=0.04 aball=-4.0 bref=0.00 pid=-250.0 pref=-285.4 ppos=-178.2 apid=-0.0 integ=-0.0 vision=1 current=1 vframe=33787 vs=1 vage=24 vpage=24 vdt=33 vmax=266 vacc=33718 vrej=0 seq=0 elapsed=0 oled=3C
[   1735] STATUS mode=3 fault=none enc=-201 denc=-2 sreq=-250 sapplied=-250 crate=-250 uimp=-202750 upos=0 uneg=815 ball=-102.77 vball=1.91 aball=4.6 bref=0.00 pid=-250.0 pref=-284.2 ppos=-188.2 apid=0.0 integ=-0.0 vision=1 current=1 vframe=33788 vs=1 vage=31 vpage=31 vdt=33 vmax=266 vacc=33719 vrej=0 seq=0 elapsed=0 oled=3C
[   1766] STATUS mode=3 fault=none enc=-208 denc=-2 sreq=-250 sapplied=-250 crate=-250 uimp=-207750 upos=0 uneg=835 ball=-102.71 vball=1.91 aball=4.6 bref=0.00 pid=-250.0 pref=-284.0 ppos=-193.2 apid=0.0 integ=-0.0 vision=1 current=1 vframe=33789 vs=1 vage=17 vpage=17 vdt=34 vmax=266 vacc=33720 vrej=0 seq=0 elapsed=0 oled=3C
[   1797] STATUS mode=3 fault=none enc=-213 denc=-1 sreq=-250 sapplied=-250 crate=-250 uimp=-212750 upos=0 uneg=855 ball=-102.72 vball=1.23 aball=4.6 bref=0.00 pid=-250.0 pref=-285.4 ppos=-198.2 apid=0.0 integ=-0.0 vision=1 current=1 vframe=33790 vs=1 vage=4 vpage=4 vdt=33 vmax=266 vacc=33721 vrej=0 seq=0 elapsed=0 oled=3C
[   1813] STATUS mode=3 fault=none enc=-226 denc=-2 sreq=-250 sapplied=-250 crate=-250 uimp=-222750 upos=0 uneg=895 ball=-102.73 vball=0.78 aball=-2.4 bref=0.00 pid=-250.0 pref=-285.4 ppos=-208.2 apid=-0.0 integ=-0.0 vision=1 current=1 vframe=33791 vs=1 vage=8 vpage=8 vdt=36 vmax=266 vacc=33722 vrej=0 seq=0 elapsed=0 oled=3C
[   1844] STATUS mode=3 fault=none enc=-232 denc=-2 sreq=-250 sapplied=-250 crate=-250 uimp=-227750 upos=0 uneg=915 ball=-102.73 vball=0.78 aball=-2.4 bref=0.00 pid=-250.0 pref=-285.4 ppos=-213.2 apid=-0.0 integ=-0.0 vision=1 current=1 vframe=33791 vs=1 vage=28 vpage=28 vdt=36 vmax=266 vacc=33722 vrej=0 seq=0 elapsed=0 oled=3C
[   1875] STATUS mode=3 fault=none enc=-245 denc=-2 sreq=-250 sapplied=-250 crate=-250 uimp=-237750 upos=0 uneg=955 ball=-102.34 vball=3.03 aball=-2.4 bref=0.00 pid=-250.0 pref=-276.3 ppos=-223.2 apid=-0.0 integ=-0.0 vision=1 current=1 vframe=33793 vs=1 vage=2 vpage=2 vdt=33 vmax=266 vacc=33724 vrej=0 seq=0 elapsed=0 oled=3C
[   1907] STATUS mode=3 fault=none enc=-251 denc=-1 sreq=-250 sapplied=-250 crate=-250 uimp=-242750 upos=0 uneg=975 ball=-102.34 vball=3.03 aball=-2.4 bref=0.00 pid=-250.0 pref=-277.3 ppos=-228.2 apid=-0.0 integ=-0.0 vision=1 current=1 vframe=33793 vs=1 vage=22 vpage=22 vdt=33 vmax=266 vacc=33724 vrej=0 seq=0 elapsed=0 oled=3C
[   1938] STATUS mode=3 fault=none enc=-257 denc=-1 sreq=-250 sapplied=-250 crate=-250 uimp=-247750 upos=0 uneg=995 ball=-102.32 vball=2.30 aball=5.6 bref=0.00 pid=-250.0 pref=-280.9 ppos=-233.2 apid=0.0 integ=-0.0 vision=1 current=1 vframe=33794 vs=1 vage=9 vpage=9 vdt=33 vmax=266 vacc=33725 vrej=0 seq=0 elapsed=0 oled=3C
[   1954] STATUS mode=3 fault=none enc=-269 denc=-1 sreq=-250 sapplied=-250 crate=-250 uimp=-257750 upos=0 uneg=1035 ball=-102.29 vball=1.90 aball=5.6 bref=0.00 pid=-250.0 pref=-282.8 ppos=-243.2 apid=0.0 integ=-0.0 vision=1 current=1 vframe=33795 vs=1 vage=15 vpage=15 vdt=34 vmax=266 vacc=33726 vrej=0 seq=0 elapsed=0 oled=3C
[   1985] STATUS mode=3 fault=none enc=-276 denc=-2 sreq=-250 sapplied=-250 crate=-250 uimp=-262750 upos=0 uneg=1055 ball=-102.21 vball=2.04 aball=5.6 bref=0.00 pid=-250.0 pref=-282.8 ppos=-248.2 apid=0.0 integ=-0.0 vision=1 current=1 vframe=33796 vs=1 vage=2 vpage=2 vdt=33 vmax=266 vacc=33727 vrej=0 seq=0 elapsed=0 oled=3C
[   2016] STATUS mode=3 fault=none enc=-282 denc=-2 sreq=-250 sapplied=-250 crate=-250 uimp=-267750 upos=0 uneg=1075 ball=-102.21 vball=2.04 aball=5.6 bref=0.00 pid=-250.0 pref=-281.8 ppos=-253.2 apid=0.0 integ=-0.0 vision=1 current=1 vframe=33796 vs=1 vage=22 vpage=22 vdt=33 vmax=266 vacc=33727 vrej=0 seq=0 elapsed=0 oled=3C
[   2047] STATUS mode=3 fault=none enc=-294 denc=-1 sreq=-206 sapplied=-206 crate=-206 uimp=-277420 upos=0 uneg=1115 ball=-102.18 vball=1.71 aball=0.4 bref=0.00 pid=-205.7 pref=-283.4 ppos=-262.8 apid=0.0 integ=-0.0 vision=1 current=1 vframe=33797 vs=1 vage=29 vpage=29 vdt=33 vmax=266 vacc=33728 vrej=0 seq=0 elapsed=0 oled=3C
[   2063] STATUS mode=3 fault=none enc=-298 denc=-2 sreq=-122 sapplied=-122 crate=-122 uimp=-280740 upos=0 uneg=1135 ball=-102.03 vball=2.63 aball=0.4 bref=0.00 pid=-122.0 pref=-278.4 ppos=-266.2 apid=0.0 integ=-0.0 vision=1 current=1 vframe=33798 vs=1 vage=15 vpage=15 vdt=34 vmax=266 vacc=33729 vrej=0 seq=0 elapsed=0 oled=3C
[   2094] STATUS mode=3 fault=none enc=-301 denc=0 sreq=-51 sapplied=-51 crate=-51 uimp=-284355 upos=0 uneg=1175 ball=-101.87 vball=3.23 aball=0.4 bref=0.00 pid=-51.1 pref=-274.9 ppos=-269.8 apid=0.0 integ=-0.0 vision=1 current=1 vframe=33799 vs=1 vage=22 vpage=22 vdt=33 vmax=266 vacc=33730 vrej=0 seq=0 elapsed=0 oled=3C
[   2125] STATUS mode=3 fault=none enc=-304 denc=-2 sreq=-64 sapplied=-64 crate=-64 uimp=-285420 upos=0 uneg=1195 ball=-101.82 vball=2.73 aball=4.8 bref=0.00 pid=-63.9 pref=-277.2 ppos=-270.8 apid=0.0 integ=-0.0 vision=1 current=1 vframe=33800 vs=1 vage=8 vpage=8 vdt=34 vmax=266 vacc=33731 vrej=0 seq=0 elapsed=0 oled=3C
[   2157] STATUS mode=3 fault=none enc=-304 denc=1 sreq=-52 sapplied=-52 crate=-52 uimp=-286610 upos=0 uneg=1215 ball=-101.82 vball=2.73 aball=4.8 bref=0.00 pid=-52.0 pref=-277.2 ppos=-272.0 apid=0.0 integ=-0.0 vision=1 current=1 vframe=33800 vs=1 vage=28 vpage=28 vdt=34 vmax=266 vacc=33731 vrej=0 seq=0 elapsed=0 oled=3C
[   2172] STATUS mode=3 fault=none enc=-307 denc=-1 sreq=-65 sapplied=-65 crate=-65 uimp=-288995 upos=0 uneg=1255 ball=-101.74 vball=1.94 aball=4.8 bref=0.00 pid=-65.2 pref=-280.9 ppos=-274.4 apid=0.0 integ=-0.0 vision=1 current=1 vframe=33802 vs=1 vage=5 vpage=5 vdt=30 vmax=266 vacc=33733 vrej=0 seq=0 elapsed=0 oled=3C
[   2204] STATUS mode=3 fault=none enc=-308 denc=1 sreq=-53 sapplied=-53 crate=-53 uimp=-290205 upos=0 uneg=1275 ball=-101.74 vball=1.94 aball=4.8 bref=0.00 pid=-53.1 pref=-280.9 ppos=-275.6 apid=0.0 integ=-0.0 vision=1 current=1 vframe=33802 vs=1 vage=25 vpage=25 vdt=30 vmax=266 vacc=33733 vrej=0 seq=0 elapsed=0 oled=3C
[   2235] STATUS mode=3 fault=none enc=-311 denc=-2 sreq=-60 sapplied=-60 crate=-60 uimp=-291275 upos=0 uneg=1295 ball=-101.72 vball=1.57 aball=-2.8 bref=0.00 pid=-60.3 pref=-282.7 ppos=-276.7 apid=-0.0 integ=-0.0 vision=1 current=1 vframe=33803 vs=1 vage=11 vpage=11 vdt=34 vmax=266 vacc=33734 vrej=0 seq=0 elapsed=0 oled=3C
[   2266] STATUS mode=3 fault=none enc=-313 denc=1 sreq=-53 sapplied=-53 crate=-53 uimp=-293520 upos=0 uneg=1335 ball=-101.70 vball=1.25 aball=-2.8 bref=0.00 pid=-53.3 pref=-284.3 ppos=-278.9 apid=-0.0 integ=-0.0 vision=1 current=1 vframe=33804 vs=1 vage=18 vpage=18 vdt=33 vmax=266 vacc=33735 vrej=0 seq=0 elapsed=0 oled=3C
[   2282] STATUS mode=3 fault=none enc=-314 denc=1 sreq=-55 sapplied=-55 crate=-55 uimp=-294510 upos=0 uneg=1355 ball=-101.70 vball=0.88 aball=-2.8 bref=0.00 pid=-54.9 pref=-285.4 ppos=-279.9 apid=-0.0 integ=-0.0 vision=1 current=1 vframe=33805 vs=1 vage=5 vpage=5 vdt=33 vmax=266 vacc=33736 vrej=0 seq=0 elapsed=0 oled=3C
[   2313] STATUS mode=3 fault=none enc=-317 denc=-1 sreq=-36 sapplied=-36 crate=-36 uimp=-296355 upos=0 uneg=1395 ball=-101.71 vball=0.58 aball=-6.0 bref=0.00 pid=-36.4 pref=-285.4 ppos=-281.8 apid=-0.0 integ=-0.0 vision=1 current=1 vframe=33806 vs=1 vage=11 vpage=11 vdt=34 vmax=266 vacc=33737 vrej=0 seq=0 elapsed=0 oled=3C
[   2344] STATUS mode=3 fault=none enc=-317 denc=0 sreq=-30 sapplied=-30 crate=-30 uimp=-297030 upos=0 uneg=1415 ball=-101.71 vball=0.58 aball=-6.0 bref=0.00 pid=-29.7 pref=-285.4 ppos=-282.4 apid=-0.0 integ=-0.0 vision=1 current=1 vframe=33806 vs=1 vage=31 vpage=31 vdt=34 vmax=266 vacc=33737 vrej=0 seq=0 elapsed=0 oled=3C
[   2375] STATUS mode=3 fault=none enc=-318 denc=0 sreq=-24 sapplied=-24 crate=-24 uimp=-297580 upos=0 uneg=1435 ball=-101.71 vball=0.37 aball=-6.0 bref=0.00 pid=-24.2 pref=-285.4 ppos=-283.0 apid=-0.0 integ=-0.0 vision=1 current=1 vframe=33807 vs=1 vage=18 vpage=18 vdt=33 vmax=266 vacc=33738 vrej=0 seq=0 elapsed=0 oled=3C
[   2391] STATUS mode=3 fault=none enc=-319 denc=0 sreq=0 sapplied=0 crate=-19 uimp=-298130 upos=0 uneg=1460 ball=-101.68 vball=0.63 aball=-6.0 bref=0.00 pid=-18.7 pref=-285.4 ppos=-283.5 apid=-0.0 integ=-0.0 vision=1 current=1 vframe=33808 vs=1 vage=26 vpage=26 vdt=32 vmax=266 vacc=33739 vrej=0 seq=0 elapsed=0 oled=3C
[   2422] STATUS mode=3 fault=none enc=-319 denc=0 sreq=0 sapplied=0 crate=-19 uimp=-298130 upos=0 uneg=1460 ball=-101.64 vball=0.73 aball=-2.6 bref=0.00 pid=-18.7 pref=-285.4 ppos=-283.5 apid=-0.0 integ=-0.0 vision=1 current=1 vframe=33809 vs=1 vage=11 vpage=11 vdt=35 vmax=266 vacc=33740 vrej=0 seq=0 elapsed=0 oled=3C
[   2454] STATUS mode=3 fault=none enc=-319 denc=0 sreq=0 sapplied=0 crate=-19 uimp=-298130 upos=0 uneg=1460 ball=-101.64 vball=0.73 aball=-2.6 bref=0.00 pid=-18.7 pref=-285.4 ppos=-283.5 apid=-0.0 integ=-0.0 vision=1 current=1 vframe=33809 vs=1 vage=31 vpage=31 vdt=35 vmax=266 vacc=33740 vrej=0 seq=0 elapsed=0 oled=3C
[   2485] STATUS mode=3 fault=none enc=-317 denc=1 sreq=78 sapplied=78 crate=78 uimp=-295090 upos=30 uneg=1460 ball=-101.22 vball=3.28 aball=-2.6 bref=0.00 pid=78.3 pref=-272.7 ppos=-280.5 apid=-0.0 integ=-0.0 vision=1 current=1 vframe=33811 vs=1 vage=5 vpage=5 vdt=34 vmax=266 vacc=33742 vrej=0 seq=0 elapsed=0 oled=3C
[   2500] STATUS mode=3 fault=none enc=-315 denc=1 sreq=64 sapplied=64 crate=64 uimp=-293640 upos=50 uneg=1460 ball=-101.22 vball=3.28 aball=-2.6 bref=0.00 pid=63.8 pref=-272.7 ppos=-279.1 apid=-0.0 integ=-0.0 vision=1 current=1 vframe=33811 vs=1 vage=25 vpage=25 vdt=34 vmax=266 vacc=33742 vrej=0 seq=0 elapsed=0 oled=3C
[   2532] STATUS mode=3 fault=none enc=-314 denc=0 sreq=0 sapplied=0 crate=15 uimp=-292725 upos=65 uneg=1460 ball=-101.20 vball=2.48 aball=6.3 bref=0.00 pid=15.3 pref=-276.6 ppos=-278.1 apid=0.0 integ=-0.0 vision=1 current=1 vframe=33812 vs=1 vage=9 vpage=9 vdt=36 vmax=266 vacc=33743 vrej=0 seq=0 elapsed=0 oled=3C
[   2563] STATUS mode=3 fault=none enc=-314 denc=0 sreq=-22 sapplied=-22 crate=-22 uimp=-292965 upos=65 uneg=1470 ball=-101.21 vball=1.69 aball=6.3 bref=0.00 pid=-22.1 pref=-280.6 ppos=-278.4 apid=0.0 integ=-0.0 vision=1 current=1 vframe=33813 vs=1 vage=18 vpage=18 vdt=31 vmax=266 vacc=33744 vrej=0 seq=0 elapsed=0 oled=3C
[   2579] STATUS mode=3 fault=none enc=-315 denc=-2 sreq=-49 sapplied=-49 crate=-49 uimp=-293280 upos=65 uneg=1485 ball=-101.22 vball=1.10 aball=6.3 bref=0.00 pid=-48.8 pref=-283.6 ppos=-278.7 apid=0.0 integ=-0.0 vision=1 current=1 vframe=33814 vs=1 vage=5 vpage=5 vdt=33 vmax=266 vacc=33745 vrej=0 seq=0 elapsed=0 oled=3C
[   2610] STATUS mode=3 fault=none enc=-316 denc=0 sreq=-50 sapplied=-50 crate=-50 uimp=-295015 upos=65 uneg=1525 ball=-101.23 vball=0.70 aball=-4.7 bref=0.00 pid=-49.8 pref=283.6 ppos=-279.6 apid=0.0 integ=-0.0 vision=1 current=1 vframe=33814 vs=1 vage=25 vpage=25 vdt=33 vmax=266 vacc=33745 vrej=0 seq=0 elapsed=0 oled=3C
[   2641] STATUS mode=3 fault=none enc=-318 denc=-1 sreq=-41 sapplied=-41 crate=-41 uimp=-295940 upos=65 uneg=1545 ball=-101.23 vball=0.70 aball=-4.7 bref=0.00 pid=-40.6 pref=-285.4 ppos=-281.4 apid=-0.0 integ=-0.0 vision=1 current=1 vframe=33815 vs=1 vage=31 vpage=31 vdt=34 vmax=266 vacc=33746 vrej=0 seq=0 elapsed=0 oled=3C
[   2672] STATUS mode=3 fault=none enc=-318 denc=0 sreq=-33 sapplied=-33 crate=-33 uimp=-296700 upos=65 uneg=1565 ball=-101.23 vball=0.43 aball=-4.7 bref=0.00 pid=-33.0 pref=-285.4 ppos=-282.1 apid=-0.0 integ=-0.0 vision=1 current=1 vframe=33816 vs=1 vage=19 vpage=19 vdt=32 vmax=266 vacc=33747 vrej=0 seq=0 elapsed=0 oled=3C
[   2704] STATUS mode=3 fault=none enc=-319 denc=-1 sreq=-22 sapplied=-22 crate=-22 uimp=-297810 upos=65 uneg=1605 ball=-101.24 vball=0.26 aball=-4.7 bref=0.00 pid=-21.9 pref=-285.4 ppos=-283.2 apid=-0.0 integ=-0.0 vision=1 current=1 vframe=33817 vs=1 vage=25 vpage=25 vdt=34 vmax=266 vacc=33748 vrej=0 seq=0 elapsed=0 oled=3C
[   2719] STATUS mode=3 fault=none enc=-319 denc=0 sreq=0 sapplied=0 crate=-19 uimp=-298125 upos=65 uneg=1620 ball=-101.23 vball=0.26 aball=-4.6 bref=0.00 pid=-18.8 pref=-285.4 ppos=-283.5 apid=-0.0 integ=-0.0 vision=1 current=1 vframe=33818 vs=1 vage=12 vpage=12 vdt=33 vmax=266 vacc=33749 vrej=0 seq=0 elapsed=0 oled=3C
[   2750] STATUS mode=3 fault=none enc=-319 denc=0 sreq=0 sapplied=0 crate=-19 uimp=-298125 upos=65 uneg=1620 ball=-101.23 vball=0.26 aball=-4.6 bref=0.00 pid=-18.8 pref=-285.4 ppos=-283.5 apid=-0.0 integ=-0.0 vision=1 current=1 vframe=33818 vs=1 vage=32 vpage=32 vdt=33 vmax=266 vacc=33749 vrej=0 seq=0 elapsed=0 oled=3C
[   2782] STATUS mode=3 fault=none enc=-319 denc=0 sreq=0 sapplied=0 crate=-19 uimp=-298125 upos=65 uneg=1620 ball=-101.20 vball=0.40 aball=-4.6 bref=0.00 pid=-18.8 pref=-285.4 ppos=-283.5 apid=-0.0 integ=-0.0 vision=1 current=1 vframe=33820 vs=1 vage=5 vpage=5 vdt=34 vmax=266 vacc=33751 vrej=0 seq=0 elapsed=0 oled=3C
[   2797] STATUS mode=3 fault=none enc=-319 denc=0 sreq=0 sapplied=0 crate=-19 uimp=-298125 upos=65 uneg=1620 ball=-101.20 vball=0.40 aball=-4.6 bref=0.00 pid=-18.8 pref=-285.4 ppos=-283.5 apid=-0.0 integ=-0.0 vision=1 current=1 vframe=33820 vs=1 vage=25 vpage=25 vdt=34 vmax=266 vacc=33751 vrej=0 seq=0 elapsed=0 oled=3C
[   2829] STATUS mode=3 fault=none enc=-319 denc=0 sreq=0 sapplied=0 crate=-19 uimp=-298125 upos=65 uneg=1620 ball=-101.18 vball=0.46 aball=-1.6 bref=0.00 pid=-18.8 pref=-285.4 ppos=-283.5 apid=-0.0 integ=-0.0 vision=1 current=1 vframe=33821 vs=1 vage=13 vpage=13 vdt=32 vmax=266 vacc=33752 vrej=0 seq=0 elapsed=0 oled=3C
[   2860] STATUS mode=3 fault=none enc=-319 denc=0 sreq=0 sapplied=0 crate=-19 uimp=-298125 upos=65 uneg=1620 ball=-101.17 vball=0.37 aball=-1.6 bref=0.00 pid=-18.8 pref=-285.4 ppos=-283.5 apid=-0.0 integ=-0.0 vision=1 current=1 vframe=33822 vs=1 vage=18 vpage=18 vdt=35 vmax=266 vacc=33753 vrej=0 seq=0 elapsed=0 oled=3C
[   2891] STATUS mode=3 fault=none enc=-319 denc=0 sreq=0 sapplied=0 crate=-19 uimp=-298125 upos=65 uneg=1620 ball=-101.16 vball=0.34 aball=-1.6 bref=0.00 pid=-18.8 pref=-285.4 ppos=-283.5 apid=-0.0 integ=-0.0 vision=1 current=1 vframe=33823 vs=1 vage=5 vpage=5 vdt=33 vmax=266 vacc=33754 vrej=0 seq=0 elapsed=0 oled=3C
[   2907] STATUS mode=3 fault=none enc=-319 denc=0 sreq=0 sapplied=0 crate=-19 uimp=-298125 upos=65 uneg=1620 ball=-101.16 vball=0.29 aball=-1.6 bref=0.00 pid=-18.8 pref=-285.4 ppos=-283.5 apid=-0.0 integ=-0.0 vision=1 current=1 vframe=33823 vs=1 vage=25 vpage=25 vdt=33 vmax=266 vacc=33754 vrej=0 seq=0 elapsed=0 oled=3C
[   2938] STATUS mode=3 fault=none enc=-319 denc=0 sreq=0 sapplied=0 crate=-19 uimp=-298125 upos=65 uneg=1620 ball=-101.16 vball=0.29 aball=-1.6 bref=0.00 pid=-18.8 pref=-285.4 ppos=-283.5 apid=-0.0 integ=-0.0 vision=1 current=1 vframe=33824 vs=1 vage=31 vpage=31 vdt=34 vmax=266 vacc=33755 vrej=0 seq=0 elapsed=0 oled=3C
[   2969] STATUS mode=3 fault=none enc=-319 denc=0 sreq=0 sapplied=0 crate=-19 uimp=-298125 upos=65 uneg=1620 ball=-101.16 vball=0.21 aball=-1.6 bref=0.00 pid=-18.8 pref=-285.4 ppos=-283.5 apid=-0.0 integ=-0.0 vision=1 current=1 vframe=33825 vs=1 vage=18 vpage=18 vdt=33 vmax=266 vacc=33756 vrej=0 seq=0 elapsed=0 oled=3C
[   3000] STATUS mode=3 fault=none enc=-319 denc=0 sreq=0 sapplied=0 crate=-19 uimp=-298125 upos=65 uneg=1620 ball=-101.16 vball=0.14 aball=-1.6 bref=0.00 pid=-18.8 pref=-285.4 ppos=-283.5 apid=-0.0 integ=-0.0 vision=1 current=1 vframe=33826 vs=1 vage=25 vpage=25 vdt=33 vmax=266 vacc=33757 vrej=0 seq=0 elapsed=0 oled=3C
[   3016] STATUS mode=3 fault=none enc=-319 denc=0 sreq=0 sapplied=0 crate=-19 uimp=-298125 upos=65 uneg=1620 ball=-101.16 vball=0.09 aball=-1.8 bref=0.00 pid=-18.8 pref=-285.4 ppos=-283.5 apid=-0.0 integ=-0.0 vision=1 current=1 vframe=33827 vs=1 vage=12 vpage=12 vdt=33 vmax=266 vacc=33758 vrej=0 seq=0 elapsed=0 oled=3C
[   3047] STATUS mode=3 fault=none enc=-319 denc=0 sreq=0 sapplied=0 crate=-19 uimp=-298125 upos=65 uneg=1620 ball=-101.16 vball=0.09 aball=-1.8 bref=0.00 pid=-18.8 pref=-285.4 ppos=-283.5 apid=-0.0 integ=-0.0 vision=1 current=1 vframe=33827 vs=1 vage=32 vpage=32 vdt=33 vmax=266 vacc=33758 vrej=0 seq=0 elapsed=0 oled=3C
[   3079] STATUS mode=3 fault=none enc=-319 denc=0 sreq=0 sapplied=0 crate=-19 uimp=-298125 upos=65 uneg=1620 ball=-101.16 vball=0.04 aball=-1.8 bref=0.00 pid=-18.8 pref=-285.4 ppos=-283.5 apid=-0.0 integ=-0.0 vision=1 current=1 vframe=33829 vs=1 vage=5 vpage=5 vdt=33 vmax=266 vacc=33760 vrej=0 seq=0 elapsed=0 oled=3C
[   3110] STATUS mode=3 fault=none enc=-319 denc=0 sreq=0 sapplied=0 crate=-19 uimp=-298125 upos=65 uneg=1620 ball=-101.16 vball=0.04 aball=-1.8 bref=0.00 pid=-18.8 pref=-285.4 ppos=-283.5 apid=-0.0 integ=-0.0 vision=1 current=1 vframe=33829 vs=1 vage=25 vpage=25 vdt=33 vmax=266 vacc=33760 vrej=0 seq=0 elapsed=0 oled=3C
[   3125] STATUS mode=3 fault=none enc=-319 denc=0 sreq=0 sapplied=0 crate=-19 uimp=-298125 upos=65 uneg=1620 ball=-101.16 vball=0.02 aball=-1.3 bref=0.00 pid=-18.8 pref=-285.4 ppos=-283.5 apid=-0.0 integ=-0.0 vision=1 current=1 vframe=33830 vs=1 vage=12 vpage=12 vdt=33 vmax=266 vacc=33761 vrej=0 seq=0 elapsed=0 oled=3C
[   3157] STATUS mode=3 fault=none enc=-319 denc=0 sreq=0 sapplied=0 crate=19 uimp=-297920 upos=75 uneg=1620 ball=-101.01 vball=1.40 aball=-1.3 bref=0.00 pid=18.9 pref=-281.4 ppos=-283.3 apid=-0.0 integ=-0.0 vision=1 current=1 vframe=33831 vs=1 vage=19 vpage=19 vdt=33 vmax=266 vacc=33762 vrej=0 seq=0 elapsed=0 oled=3C
[   3188] STATUS mode=3 fault=none enc=-319 denc=0 sreq=60 sapplied=60 crate=60 uimp=-297920 upos=75 uneg=1620 ball=-100.88 vball=2.14 aball=-1.3 bref=0.00 pid=59.8 pref=-277.4 ppos=-283.3 apid=-0.0 integ=-0.0 vision=1 current=1 vframe=33832 vs=1 vage=5 vpage=5 vdt=34 vmax=266 vacc=33763 vrej=0 seq=0 elapsed=0 oled=3C
[   3219] STATUS mode=3 fault=none enc=-319 denc=0 sreq=49 sapplied=49 crate=49 uimp=-296810 upos=95 uneg=1620 ball=-100.88 vball=2.14 aball=-1.3 bref=0.00 pid=48.7 pref=-277.4 ppos=-282.2 apid=-0.0 integ=-0.0 vision=1 current=1 vframe=33832 vs=1 vage=25 vpage=25 vdt=34 vmax=266 vacc=33763 vrej=0 seq=0 elapsed=0 oled=3C
[   3235] STATUS mode=3 fault=none enc=-319 denc=0 sreq=21 sapplied=21 crate=21 uimp=-295505 upos=135 uneg=1620 ball=-100.84 vball=1.82 aball=7.4 bref=0.00 pid=20.8 pref=-278.8 ppos=-280.9 apid=0.0 integ=-0.0 vision=1 current=1 vframe=33833 vs=1 vage=32 vpage=32 vdt=33 vmax=266 vacc=33764 vrej=0 seq=0 elapsed=0 oled=3C
[   3266] STATUS mode=3 fault=none enc=-318 denc=0 sreq=0 sapplied=0 crate=0 uimp=-295400 upos=140 uneg=1620 ball=-100.84 vball=1.32 aball=7.4 bref=0.00 pid=0.0 pref=-281.3 ppos=-280.8 apid=0.0 integ=-0.0 vision=1 current=1 vframe=33834 vs=1 vage=18 vpage=18 vdt=34 vmax=266 vacc=33765 vrej=0 seq=0 elapsed=0 oled=3C
[   3297] STATUS mode=3 fault=none enc=-318 denc=0 sreq=-46 sapplied=0 crate=-46 uimp=-295400 upos=140 uneg=1620 ball=-100.99 vball=-0.51 aball=7.4 bref=0.00 pid=-46.0 pref=-285.4 ppos=-280.8 apid=0.0 integ=-0.0 vision=1 current=1 vframe=33835 vs=1 vage=5 vpage=5 vdt=33 vmax=266 vacc=33766 vrej=0 seq=0 elapsed=0 oled=3C
[   3329] STATUS mode=3 fault=none enc=-318 denc=0 sreq=-32 sapplied=-32 crate=-32 uimp=-296790 upos=140 uneg=1655 ball=-101.13 vball=-1.54 aball=-11.1 bref=0.00 pid=-32.1 pref=-285.4 ppos=-282.2 apid=-0.0 integ=-0.0 vision=1 current=1 vframe=33836 vs=1 vage=12 vpage=12 vdt=33 vmax=266 vacc=33767 vrej=0 seq=0 elapsed=0 oled=3C
[   3344] STATUS mode=3 fault=none enc=-318 denc=0 sreq=-26 sapplied=-26 crate=-26 uimp=-297385 upos=140 uneg=1675 ball=-101.13 vball=-1.54 aball=-11.1 bref=0.00 pid=-26.1 pref=-285.4 ppos=-282.8 apid=-0.0 integ=-0.0 vision=1 current=1 vframe=33836 vs=1 vage=32 vpage=32 vdt=33 vmax=266 vacc=33767 vrej=0 seq=0 elapsed=0 oled=3C
[   3375] STATUS mode=3 fault=none enc=-319 denc=0 sreq=0 sapplied=0 crate=0 uimp=-298075 upos=140 uneg=1705 ball=-100.90 vball=1.12 aball=-11.1 bref=0.00 pid=0.0 pref=-282.5 ppos=-283.5 apid=-0.0 integ=-0.0 vision=1 current=1 vframe=33838 vs=1 vage=5 vpage=5 vdt=33 vmax=266 vacc=33769 vrej=0 seq=0 elapsed=0 oled=3C
[   3407] STATUS mode=3 fault=none enc=-319 denc=0 sreq=0 sapplied=0 crate=0 uimp=-298075 upos=140 uneg=1705 ball=-100.90 vball=1.12 aball=-11.1 bref=0.00 pid=0.0 pref=-282.5 ppos=-283.5 apid=-0.0 integ=-0.0 vision=1 current=1 vframe=33838 vs=1 vage=25 vpage=25 vdt=33 vmax=266 vacc=33769 vrej=0 seq=0 elapsed=0 oled=3C
[   3422] STATUS mode=3 fault=none enc=-319 denc=0 sreq=0 sapplied=0 crate=11 uimp=-298075 upos=140 uneg=1705 ball=-100.86 vball=1.13 aball=5.9 bref=0.00 pid=11.4 pref=-282.3 ppos=-283.5 apid=0.0 integ=-0.0 vision=1 current=1 vframe=33839 vs=1 vage=12 vpage=12 vdt=33 vmax=266 vacc=33770 vrej=0 seq=0 elapsed=0 oled=3C
[   3454] STATUS mode=3 fault=none enc=-319 denc=0 sreq=0 sapplied=0 crate=-19 uimp=-298075 upos=140 uneg=1705 ball=-101.08 vball=-1.10 aball=5.9 bref=0.00 pid=-19.2 pref=-285.4 ppos=-283.5 apid=0.0 integ=-0.0 vision=1 current=1 vframe=33840 vs=1 vage=19 vpage=19 vdt=33 vmax=266 vacc=33771 vrej=0 seq=0 elapsed=0 oled=3C
[   3485] STATUS mode=3 fault=none enc=-319 denc=0 sreq=0 sapplied=0 crate=-19 uimp=-298075 upos=140 uneg=1705 ball=-101.16 vball=-1.43 aball=5.9 bref=0.00 pid=-19.2 pref=-285.4 ppos=-283.5 apid=0.0 integ=-0.0 vision=1 current=1 vframe=33841 vs=1 vage=6 vpage=6 vdt=33 vmax=266 vacc=33772 vrej=0 seq=0 elapsed=0 oled=3C
[   3516] STATUS mode=3 fault=none enc=-319 denc=0 sreq=0 sapplied=0 crate=-19 uimp=-298075 upos=140 uneg=1705 ball=-101.16 vball=-1.43 aball=5.9 bref=0.00 pid=-19.2 pref=-285.4 ppos=-283.5 apid=0.0 integ=-0.0 vision=1 current=1 vframe=33841 vs=1 vage=26 vpage=26 vdt=33 vmax=266 vacc=33772 vrej=0 seq=0 elapsed=0 oled=3C
[   3532] STATUS mode=3 fault=none enc=-319 denc=0 sreq=0 sapplied=0 crate=-19 uimp=-298075 upos=140 uneg=1705 ball=-101.18 vball=-1.17 aball=-7.2 bref=0.00 pid=-19.2 pref=-285.4 ppos=-283.5 apid=-0.0 integ=-0.0 vision=1 current=1 vframe=33842 vs=1 vage=33 vpage=33 vdt=33 vmax=266 vacc=33773 vrej=0 seq=0 elapsed=0 oled=3C
[   3563] STATUS mode=3 fault=none enc=-319 denc=0 sreq=0 sapplied=0 crate=-19 uimp=-298075 upos=140 uneg=1705 ball=-101.18 vball=-0.84 aball=-7.2 bref=0.00 pid=-19.2 pref=-285.4 ppos=-283.5 apid=-0.0 integ=-0.0 vision=1 current=1 vframe=33843 vs=1 vage=19 vpage=19 vdt=34 vmax=266 vacc=33774 vrej=0 seq=0 elapsed=0 oled=3C
[   3594] STATUS mode=3 fault=none enc=-319 denc=0 sreq=0 sapplied=0 crate=-19 uimp=-298075 upos=140 uneg=1705 ball=-101.17 vball=-0.55 aball=-7.2 bref=0.00 pid=-19.2 pref=-285.4 ppos=-283.5 apid=-0.0 integ=-0.0 vision=1 current=1 vframe=33844 vs=1 vage=6 vpage=6 vdt=33 vmax=266 vacc=33775 vrej=0 seq=0 elapsed=0 oled=3C
[   3625] STATUS mode=3 fault=none enc=-319 denc=0 sreq=0 sapplied=0 crate=-19 uimp=-298075 upos=140 uneg=1705 ball=-101.17 vball=-0.35 aball=-0.3 bref=0.00 pid=-19.2 pref=-285.4 ppos=-283.5 apid=-0.0 integ=-0.0 vision=1 current=1 vframe=33845 vs=1 vage=13 vpage=13 vdt=33 vmax=266 vacc=33776 vrej=0 seq=0 elapsed=0 oled=3C
[   3641] STATUS mode=3 fault=none enc=-319 denc=0 sreq=0 sapplied=0 crate=-19 uimp=-298075 upos=140 uneg=1705 ball=-101.17 vball=-0.35 aball=-0.3 bref=0.00 pid=-19.2 pref=-285.4 ppos=-283.5 apid=-0.0 integ=-0.0 vision=1 current=1 vframe=33845 vs=1 vage=33 vpage=33 vdt=33 vmax=266 vacc=33776 vrej=0 seq=0 elapsed=0 oled=3C
[   3672] STATUS mode=3 fault=none enc=-319 denc=0 sreq=0 sapplied=0 crate=-19 uimp=-298075 upos=140 uneg=1705 ball=-101.17 vball=-0.21 aball=-0.3 bref=0.00 pid=-19.2 pref=-285.4 ppos=-283.5 apid=-0.0 integ=-0.0 vision=1 current=1 vframe=33847 vs=1 vage=6 vpage=6 vdt=33 vmax=266 vacc=33778 vrej=0 seq=0 elapsed=0 oled=3C
[   3704] STATUS mode=3 fault=none enc=-319 denc=0 sreq=0 sapplied=0 crate=-19 uimp=-298075 upos=140 uneg=1705 ball=-101.17 vball=-0.21 aball=-0.3 bref=0.00 pid=-19.2 pref=-285.4 ppos=-283.5 apid=-0.0 integ=-0.0 vision=1 current=1 vframe=33847 vs=1 vage=26 vpage=26 vdt=33 vmax=266 vacc=33778 vrej=0 seq=0 elapsed=0 oled=3C
[   3735] STATUS mode=3 fault=none enc=-319 denc=0 sreq=0 sapplied=0 crate=-19 uimp=-298075 upos=140 uneg=1705 ball=-101.18 vball=-0.20 aball=0.5 bref=0.00 pid=-19.2 pref=-285.4 ppos=-283.5 apid=0.0 integ=-0.0 vision=1 current=1 vframe=33848 vs=1 vage=13 vpage=13 vdt=33 vmax=266 vacc=33779 vrej=0 seq=0 elapsed=0 oled=3C
[   3750] STATUS mode=3 fault=none enc=-319 denc=0 sreq=0 sapplied=0 crate=-19 uimp=-298075 upos=140 uneg=1705 ball=-101.18 vball=-0.15 aball=0.5 bref=0.00 pid=-19.2 pref=-285.4 ppos=-283.5 apid=0.0 integ=-0.0 vision=1 current=1 vframe=33849 vs=1 vage=19 vpage=19 vdt=34 vmax=266 vacc=33780 vrej=0 seq=0 elapsed=0 oled=3C
[   3782] STATUS mode=3 fault=none enc=-319 denc=0 sreq=0 sapplied=0 crate=-19 uimp=-298075 upos=140 uneg=1705 ball=-101.18 vball=-0.10 aball=0.5 bref=0.00 pid=-19.2 pref=-285.4 ppos=-283.5 apid=0.0 integ=-0.0 vision=1 current=1 vframe=33850 vs=1 vage=6 vpage=6 vdt=33 vmax=266 vacc=33781 vrej=0 seq=0 elapsed=0 oled=3C
[   3813] STATUS mode=3 fault=none enc=-319 denc=0 sreq=0 sapplied=0 crate=-19 uimp=-298075 upos=140 uneg=1705 ball=-101.18 vball=-0.10 aball=0.5 bref=0.00 pid=-19.2 pref=-285.4 ppos=-283.5 apid=0.0 integ=-0.0 vision=1 current=1 vframe=33850 vs=1 vage=26 vpage=26 vdt=33 vmax=266 vacc=33781 vrej=0 seq=0 elapsed=0 oled=3C
[   3844] STATUS mode=3 fault=none enc=-319 denc=0 sreq=0 sapplied=0 crate=-19 uimp=-298075 upos=140 uneg=1705 ball=-101.18 vball=-0.07 aball=0.9 bref=0.00 pid=-19.2 pref=-285.4 ppos=-283.5 apid=0.0 integ=-0.0 vision=1 current=1 vframe=33851 vs=1 vage=33 vpage=33 vdt=33 vmax=266 vacc=33782 vrej=0 seq=0 elapsed=0 oled=3C
[   3860] STATUS mode=3 fault=none enc=-319 denc=0 sreq=0 sapplied=0 crate=-19 uimp=-298075 upos=140 uneg=1705 ball=-101.18 vball=-0.04 aball=0.9 bref=0.00 pid=-19.2 pref=-285.4 ppos=-283.5 apid=0.0 integ=-0.0 vision=1 current=1 vframe=33852 vs=1 vage=19 vpage=19 vdt=34 vmax=266 vacc=33783 vrej=0 seq=0 elapsed=0 oled=3C
[   3891] STATUS mode=3 fault=none enc=-319 denc=0 sreq=0 sapplied=0 crate=-19 uimp=-298075 upos=140 uneg=1705 ball=-101.18 vball=-0.03 aball=0.9 bref=0.00 pid=-19.2 pref=-285.4 ppos=-283.5 apid=0.0 integ=-0.0 vision=1 current=1 vframe=33853 vs=1 vage=6 vpage=6 vdt=33 vmax=266 vacc=33784 vrej=0 seq=0 elapsed=0 oled=3C
[   3922] STATUS mode=3 fault=none enc=-319 denc=0 sreq=50 sapplied=50 crate=50 uimp=-297810 upos=145 uneg=1705 ball=-100.94 vball=2.00 aball=9.8 bref=0.00 pid=49.9 pref=-278.2 ppos=-283.2 apid=0.0 integ=-0.0 vision=1 current=1 vframe=33854 vs=1 vage=13 vpage=13 vdt=33 vmax=266 vacc=33785 vrej=0 seq=0 elapsed=0 oled=3C
[   3954] STATUS mode=3 fault=none enc=-319 denc=0 sreq=41 sapplied=41 crate=41 uimp=-296885 upos=165 uneg=1705 ball=-100.94 vball=2.00 aball=9.8 bref=0.00 pid=40.7 pref=-278.2 ppos=-282.3 apid=0.0 integ=-0.0 vision=1 current=1 vframe=33854 vs=1 vage=33 vpage=33 vdt=33 vmax=266 vacc=33785 vrej=0 seq=0 elapsed=0 oled=3C
[   3969] STATUS mode=3 fault=none enc=-319 denc=0 sreq=36 sapplied=36 crate=36 uimp=-296080 upos=185 uneg=1705 ball=-100.87 vball=2.03 aball=9.8 bref=0.00 pid=36.2 pref=-277.9 ppos=-281.5 apid=0.0 integ=-0.0 vision=1 current=1 vframe=33855 vs=1 vage=19 vpage=19 vdt=34 vmax=266 vacc=33786 vrej=0 seq=0 elapsed=0 oled=3C
[   4000] STATUS mode=3 fault=none enc=-318 denc=0 sreq=0 sapplied=0 crate=0 uimp=-295410 upos=205 uneg=1705 ball=-100.86 vball=1.57 aball=9.8 bref=0.00 pid=0.0 pref=-280.1 ppos=-280.8 apid=0.0 integ=-0.0 vision=1 current=1 vframe=33856 vs=1 vage=26 vpage=26 vdt=33 vmax=266 vacc=33787 vrej=0 seq=0 elapsed=0 oled=3C
[   4032] STATUS mode=3 fault=none enc=-318 denc=0 sreq=-46 sapplied=-46 crate=-46 uimp=-295410 upos=205 uneg=1705 ball=-101.09 vball=-0.93 aball=-7.7 bref=0.00 pid=-45.9 pref=-285.4 ppos=-280.8 apid=-0.0 integ=-0.0 vision=1 current=1 vframe=33857 vs=1 vage=12 vpage=12 vdt=34 vmax=266 vacc=33788 vrej=0 seq=0 elapsed=0 oled=3C
[   4063] STATUS mode=3 fault=none enc=-318 denc=0 sreq=-30 sapplied=-30 crate=-30 uimp=-296955 upos=205 uneg=1745 ball=-101.17 vball=-1.33 aball=-7.7 bref=0.00 pid=-30.4 pref=-285.4 ppos=-282.4 apid=-0.0 integ=-0.0 vision=1 current=1 vframe=33858 vs=1 vage=18 vpage=18 vdt=34 vmax=266 vacc=33789 vrej=0 seq=0 elapsed=0 oled=3C
[   4079] STATUS mode=3 fault=none enc=-318 denc=0 sreq=-25 sapplied=-25 crate=-25 uimp=-297520 upos=205 uneg=1765 ball=-101.04 vball=0.19 aball=-7.7 bref=0.00 pid=-24.8 pref=-285.4 ppos=-282.9 apid=-0.0 integ=-0.0 vision=1 current=1 vframe=33859 vs=1 vage=5 vpage=5 vdt=33 vmax=266 vacc=33790 vrej=0 seq=0 elapsed=0 oled=3C
[   4110] STATUS mode=3 fault=none enc=-319 denc=0 sreq=-20 sapplied=-20 crate=-20 uimp=-297980 upos=205 uneg=1785 ball=-101.04 vball=0.19 aball=-7.7 bref=0.00 pid=-20.2 pref=-285.4 ppos=-283.4 apid=-0.0 integ=-0.0 vision=1 current=1 vframe=33859 vs=1 vage=25 vpage=25 vdt=33 vmax=266 vacc=33790 vrej=0 seq=0 elapsed=0 oled=3C
[   4141] STATUS mode=3 fault=none enc=-319 denc=0 sreq=0 sapplied=0 crate=19 uimp=-298080 upos=205 uneg=1790 ball=-100.91 vball=1.30 aball=5.9 bref=0.00 pid=18.5 pref=-281.6 ppos=-283.5 apid=0.0 integ=-0.0 vision=1 current=1 vframe=33860 vs=1 vage=33 vpage=33 vdt=32 vmax=266 vacc=33791 vrej=0 seq=0 elapsed=0 oled=3C
[   4172] STATUS mode=3 fault=none enc=-319 denc=0 sreq=22 sapplied=22 crate=22 uimp=-297845 upos=215 uneg=1790 ball=-100.86 vball=1.38 aball=5.9 bref=0.00 pid=21.7 pref=-281.1 ppos=-283.3 apid=0.0 integ=-0.0 vision=1 current=1 vframe=33861 vs=1 vage=19 vpage=19 vdt=34 vmax=266 vacc=33792 vrej=0 seq=0 elapsed=0 oled=3C
[   4188] STATUS mode=3 fault=none enc=-318 denc=1 sreq=0 sapplied=0 crate=0 uimp=-297530 upos=230 uneg=1790 ball=-100.85 vball=1.08 aball=5.9 bref=0.00 pid=0.0 pref=-282.6 ppos=-282.9 apid=0.0 integ=-0.0 vision=1 current=1 vframe=33862 vs=1 vage=6 vpage=6 vdt=33 vmax=266 vacc=33793 vrej=0 seq=0 elapsed=0 oled=3C
[   4219] STATUS mode=3 fault=none enc=-319 denc=0 sreq=0 sapplied=0 crate=-13 uimp=-297530 upos=230 uneg=1790 ball=-100.85 vball=0.75 aball=0.8 bref=0.00 pid=-12.7 pref=-284.2 ppos=-282.9 apid=0.0 integ=-0.0 vision=1 current=1 vframe=33863 vs=1 vage=13 vpage=13 vdt=33 vmax=266 vacc=33794 vrej=0 seq=0 elapsed=0 oled=3C
[   4250] STATUS mode=3 fault=none enc=-319 denc=0 sreq=0 sapplied=0 crate=-13 uimp=-297530 upos=230 uneg=1790 ball=-100.85 vball=0.75 aball=0.8 bref=0.00 pid=-12.7 pref=-284.2 ppos=-282.9 apid=0.0 integ=-0.0 vision=1 current=1 vframe=33863 vs=1 vage=33 vpage=33 vdt=33 vmax=266 vacc=33794 vrej=0 seq=0 elapsed=0 oled=3C
[   4266] STATUS mode=3 fault=none enc=-319 denc=0 sreq=-22 sapplied=-22 crate=-22 uimp=-297770 upos=230 uneg=1800 ball=-100.85 vball=0.49 aball=0.8 bref=0.00 pid=-22.3 pref=-285.4 ppos=-283.2 apid=0.0 integ=-0.0 vision=1 current=1 vframe=33864 vs=1 vage=19 vpage=19 vdt=34 vmax=266 vacc=33795 vrej=0 seq=0 elapsed=0 oled=3C
[   4297] STATUS mode=3 fault=none enc=-319 denc=0 sreq=0 sapplied=0 crate=-19 uimp=-298085 upos=230 uneg=1815 ball=-100.86 vball=0.31 aball=0.8 bref=0.00 pid=-19.1 pref=-285.4 ppos=-283.5 apid=0.0 integ=-0.0 vision=1 current=1 vframe=33865 vs=1 vage=26 vpage=26 vdt=33 vmax=266 vacc=33796 vrej=0 seq=0 elapsed=0 oled=3C
[   4329] STATUS mode=3 fault=none enc=-319 denc=0 sreq=0 sapplied=0 crate=-19 uimp=-298085 upos=230 uneg=1815 ball=-100.86 vball=0.19 aball=-2.1 bref=0.00 pid=-19.1 pref=-285.4 ppos=-283.5 apid=-0.0 integ=-0.0 vision=1 current=1 vframe=33866 vs=1 vage=12 vpage=12 vdt=34 vmax=266 vacc=33797 vrej=0 seq=0 elapsed=0 oled=3C
[   4360] STATUS mode=3 fault=none enc=-319 denc=0 sreq=0 sapplied=0 crate=-19 uimp=-298085 upos=230 uneg=1815 ball=-100.86 vball=0.12 aball=-2.1 bref=0.00 pid=-19.1 pref=-285.4 ppos=-283.5 apid=-0.0 integ=-0.0 vision=1 current=1 vframe=33867 vs=1 vage=19 vpage=19 vdt=33 vmax=266 vacc=33798 vrej=0 seq=0 elapsed=0 oled=3C
[   4375] STATUS mode=3 fault=none enc=-319 denc=0 sreq=0 sapplied=0 crate=-19 uimp=-298085 upos=230 uneg=1815 ball=-100.86 vball=0.07 aball=-2.1 bref=0.00 pid=-19.1 pref=-285.4 ppos=-283.5 apid=-0.0 integ=-0.0 vision=1 current=1 vframe=33868 vs=1 vage=6 vpage=6 vdt=33 vmax=266 vacc=33799 vrej=0 seq=0 elapsed=0 oled=3C
[   4407] STATUS mode=3 fault=none enc=-319 denc=0 sreq=0 sapplied=0 crate=-19 uimp=-298085 upos=230 uneg=1815 ball=-100.86 vball=0.07 aball=-2.1 bref=0.00 pid=-19.1 pref=-285.4 ppos=-283.5 apid=-0.0 integ=-0.0 vision=1 current=1 vframe=33868 vs=1 vage=26 vpage=26 vdt=33 vmax=266 vacc=33799 vrej=0 seq=0 elapsed=0 oled=3C
[   4438] STATUS mode=3 fault=none enc=-319 denc=0 sreq=0 sapplied=0 crate=-19 uimp=-298085 upos=230 uneg=1815 ball=-100.86 vball=0.04 aball=-1.8 bref=0.00 pid=-19.1 pref=-285.4 ppos=-283.5 apid=-0.0 integ=-0.0 vision=1 current=1 vframe=33869 vs=1 vage=33 vpage=33 vdt=33 vmax=266 vacc=33800 vrej=0 seq=0 elapsed=0 oled=3C
[   4469] STATUS mode=3 fault=none enc=-319 denc=0 sreq=0 sapplied=0 crate=-19 uimp=-298085 upos=230 uneg=1815 ball=-100.86 vball=0.03 aball=-1.8 bref=0.00 pid=-19.1 pref=-285.4 ppos=-283.5 apid=-0.0 integ=-0.0 vision=1 current=1 vframe=33870 vs=1 vage=19 vpage=19 vdt=34 vmax=266 vacc=33801 vrej=0 seq=0 elapsed=0 oled=3C
[   4485] STATUS mode=3 fault=none enc=-319 denc=0 sreq=0 sapplied=0 crate=-19 uimp=-298085 upos=230 uneg=1815 ball=-100.86 vball=0.02 aball=-1.8 bref=0.00 pid=-19.1 pref=-285.4 ppos=-283.5 apid=-0.0 integ=-0.0 vision=1 current=1 vframe=33871 vs=1 vage=6 vpage=6 vdt=33 vmax=266 vacc=33802 vrej=0 seq=0 elapsed=0 oled=3C
[   4516] STATUS mode=3 fault=none enc=-319 denc=0 sreq=0 sapplied=0 crate=-19 uimp=-298085 upos=230 uneg=1815 ball=-100.86 vball=0.01 aball=-1.1 bref=0.00 pid=-19.1 pref=-285.4 ppos=-283.5 apid=-0.0 integ=-0.0 vision=1 current=1 vframe=33872 vs=1 vage=12 vpage=12 vdt=34 vmax=266 vacc=33803 vrej=0 seq=0 elapsed=0 oled=3C
[   4547] STATUS mode=3 fault=none enc=-319 denc=0 sreq=0 sapplied=0 crate=-19 uimp=-298085 upos=230 uneg=1815 ball=-100.86 vball=0.01 aball=-1.1 bref=0.00 pid=-19.1 pref=-285.4 ppos=-283.5 apid=-0.0 integ=-0.0 vision=1 current=1 vframe=33872 vs=1 vage=32 vpage=32 vdt=34 vmax=266 vacc=33803 vrej=0 seq=0 elapsed=0 oled=3C
[   4579] STATUS mode=3 fault=none enc=-319 denc=0 sreq=0 sapplied=0 crate=-19 uimp=-298085 upos=230 uneg=1815 ball=-100.86 vball=0.01 aball=-1.1 bref=0.00 pid=-19.1 pref=-285.4 ppos=-283.5 apid=-0.0 integ=-0.0 vision=1 current=1 vframe=33873 vs=1 vage=18 vpage=18 vdt=34 vmax=266 vacc=33804 vrej=0 seq=0 elapsed=0 oled=3C
[   4594] STATUS mode=3 fault=none enc=-319 denc=0 sreq=0 sapplied=0 crate=-19 uimp=-298085 upos=230 uneg=1815 ball=-100.86 vball=0.00 aball=-1.1 bref=0.00 pid=-19.1 pref=-285.4 ppos=-283.5 apid=-0.0 integ=-0.0 vision=1 current=1 vframe=33874 vs=1 vage=25 vpage=25 vdt=33 vmax=266 vacc=33805 vrej=0 seq=0 elapsed=0 oled=3C
[   4625] STATUS mode=3 fault=none enc=-319 denc=0 sreq=0 sapplied=0 crate=-19 uimp=-298085 upos=230 uneg=1815 ball=-100.86 vball=0.00 aball=-0.7 bref=0.00 pid=-19.1 pref=-285.4 ppos=-283.5 apid=-0.0 integ=-0.0 vision=1 current=1 vframe=33875 vs=1 vage=12 vpage=12 vdt=33 vmax=266 vacc=33806 vrej=0 seq=0 elapsed=0 oled=3C
[   4657] STATUS mode=3 fault=none enc=-319 denc=0 sreq=0 sapplied=0 crate=-19 uimp=-298085 upos=230 uneg=1815 ball=-100.86 vball=0.00 aball=-0.7 bref=0.00 pid=-19.1 pref=-285.4 ppos=-283.5 apid=-0.0 integ=-0.0 vision=1 current=1 vframe=33876 vs=1 vage=19 vpage=19 vdt=33 vmax=266 vacc=33807 vrej=0 seq=0 elapsed=0 oled=3C
[   4688] STATUS mode=3 fault=none enc=-319 denc=0 sreq=0 sapplied=0 crate=-19 uimp=-298085 upos=230 uneg=1815 ball=-100.86 vball=0.00 aball=-0.7 bref=0.00 pid=-19.1 pref=-285.4 ppos=-283.5 apid=-0.0 integ=-0.0 vision=1 current=1 vframe=33877 vs=1 vage=6 vpage=6 vdt=33 vmax=266 vacc=33808 vrej=0 seq=0 elapsed=0 oled=3C
[   4704] STATUS mode=3 fault=none enc=-319 denc=0 sreq=0 sapplied=0 crate=-19 uimp=-298085 upos=230 uneg=1815 ball=-100.86 vball=0.00 aball=-0.7 bref=0.00 pid=-19.1 pref=-285.4 ppos=-283.5 apid=-0.0 integ=-0.0 vision=1 current=1 vframe=33877 vs=1 vage=26 vpage=26 vdt=33 vmax=266 vacc=33808 vrej=0 seq=0 elapsed=0 oled=3C
[   4735] STATUS mode=3 fault=none enc=-319 denc=0 sreq=0 sapplied=0 crate=-19 uimp=-298085 upos=230 uneg=1815 ball=-100.86 vball=0.00 aball=-0.4 bref=0.00 pid=-19.1 pref=-285.4 ppos=-283.5 apid=-0.0 integ=-0.0 vision=1 current=1 vframe=33878 vs=1 vage=33 vpage=33 vdt=33 vmax=266 vacc=33809 vrej=0 seq=0 elapsed=0 oled=3C
[   4766] STATUS mode=3 fault=none enc=-319 denc=0 sreq=0 sapplied=0 crate=-19 uimp=-298085 upos=230 uneg=1815 ball=-100.86 vball=0.00 aball=-0.4 bref=0.00 pid=-19.1 pref=-285.4 ppos=-283.5 apid=-0.0 integ=-0.0 vision=1 current=1 vframe=33879 vs=1 vage=19 vpage=19 vdt=34 vmax=266 vacc=33810 vrej=0 seq=0 elapsed=0 oled=3C
[   4797] STATUS mode=3 fault=none enc=-319 denc=0 sreq=0 sapplied=0 crate=-19 uimp=-298085 upos=230 uneg=1815 ball=-100.86 vball=0.00 aball=-0.4 bref=0.00 pid=-19.1 pref=-285.4 ppos=-283.5 apid=-0.0 integ=-0.0 vision=1 current=1 vframe=33880 vs=1 vage=6 vpage=6 vdt=33 vmax=266 vacc=33811 vrej=0 seq=0 elapsed=0 oled=3C
[   4813] STATUS mode=3 fault=none enc=-319 denc=0 sreq=0 sapplied=0 crate=-19 uimp=-298085 upos=230 uneg=1815 ball=-100.86 vball=0.00 aball=-0.2 bref=0.00 pid=-19.1 pref=-285.4 ppos=-283.5 apid=-0.0 integ=-0.0 vision=1 current=1 vframe=33881 vs=1 vage=13 vpage=13 vdt=33 vmax=266 vacc=33812 vrej=0 seq=0 elapsed=0 oled=3C
[   4844] STATUS mode=3 fault=none enc=-319 denc=0 sreq=0 sapplied=0 crate=-19 uimp=-298085 upos=230 uneg=1815 ball=-100.86 vball=0.00 aball=-0.2 bref=0.00 pid=-19.1 pref=-285.4 ppos=-283.5 apid=-0.0 integ=-0.0 vision=1 current=1 vframe=33881 vs=1 vage=33 vpage=33 vdt=33 vmax=266 vacc=33812 vrej=0 seq=0 elapsed=0 oled=3C
[   4875] STATUS mode=3 fault=none enc=-319 denc=0 sreq=0 sapplied=0 crate=-19 uimp=-298085 upos=230 uneg=1815 ball=-101.10 vball=-2.02 aball=-0.2 bref=0.00 pid=-19.1 pref=-285.4 ppos=-283.5 apid=-0.0 integ=-0.0 vision=1 current=1 vframe=33882 vs=1 vage=19 vpage=19 vdt=34 vmax=266 vacc=33813 vrej=0 seq=0 elapsed=0 oled=3C
[   4907] STATUS mode=3 fault=none enc=-319 denc=0 sreq=0 sapplied=0 crate=-19 uimp=-298085 upos=230 uneg=1815 ball=-101.02 vball=-0.66 aball=-0.2 bref=0.00 pid=-19.1 pref=-285.4 ppos=-283.5 apid=-0.0 integ=-0.0 vision=1 current=1 vframe=33883 vs=1 vage=26 vpage=26 vdt=33 vmax=266 vacc=33814 vrej=0 seq=0 elapsed=0 oled=3C
[   4922] STATUS mode=3 fault=none enc=-319 denc=0 sreq=0 sapplied=0 crate=-18 uimp=-298085 upos=230 uneg=1815 ball=-100.91 vball=0.57 aball=2.5 bref=0.00 pid=-17.9 pref=-285.3 ppos=-283.5 apid=0.0 integ=-0.0 vision=1 current=1 vframe=33884 vs=1 vage=14 vpage=14 vdt=32 vmax=266 vacc=33815 vrej=0 seq=0 elapsed=0 oled=3C
[   4954] STATUS mode=3 fault=none enc=-319 denc=0 sreq=0 sapplied=0 crate=0 uimp=-298085 upos=230 uneg=1815 ball=-100.87 vball=l=0.57 aball=2.5 bref=0.00 pid=-17.9 pref=-285.3 ppos=-283.5 apid=0.0 integ=-0.0 vision=1 current=1 vframe=33884 vs=1 vage=34 vpage=34 vdt=32 vmax=266 vacc=33815 vrej=0 seq=0 elapsed=0 oled=3C
[   4985] STATUS mode=3 fault=none enc=-319 denc=0 sreq=0 sapplied=0 crate=-14 uimp=-298085 upos=230 uneg=1815 ball=-100.86 vball=0.61 aball=2.5 bref=0.00 pid=-14.5 pref=-284.9 ppos=-283.5 apid=0.0 integ=-0.0 vision=1 current=1 vframe=33886 vs=1 vage=7 vpage=7 vdt=33 vmax=266 vacc=33817 vrej=0 seq=0 elapsed=0 oled=3C
[   5000] STATUS mode=3 fault=none enc=-319 denc=0 sreq=0 sapplied=0 crate=-14 uimp=-298085 upos=230 uneg=1815 ball=-100.86 vball=0.61 aball=2.5 bref=0.00 pid=-14.5 pref=-284.9 ppos=-283.5 apid=0.0 integ=-0.0 vision=1 current=1 vframe=33886 vs=1 vage=27 vpage=27 vdt=33 vmax=266 vacc=33817 vrej=0 seq=0 elapsed=0 oled=3C
[   5032] STATUS mode=3 fault=none enc=-319 denc=0 sreq=0 sapplied=0 crate=-19 uimp=-298085 upos=230 uneg=1815 ball=-100.85 vball=0.44 aball=0.8 bref=0.00 pid=-19.1 pref=-285.4 ppos=-283.5 apid=0.0 integ=-0.0 vision=1 current=1 vframe=33887 vs=1 vage=32 vpage=32 vdt=35 vmax=266 vacc=33818 vrej=0 seq=0 elapsed=0 oled=3C
[   5063] STATUS mode=3 fault=none enc=-319 denc=0 sreq=0 sapplied=0 crate=-19 uimp=-298085 upos=230 uneg=1815 ball=-100.86 vball=0.28 aball=0.8 bref=0.00 pid=-19.1 pref=-285.4 ppos=-283.5 apid=0.0 integ=-0.0 vision=1 current=1 vframe=33888 vs=1 vage=20 vpage=20 vdt=32 vmax=266 vacc=33819 vrej=0 seq=0 elapsed=0 oled=3C
[   5094] STATUS mode=3 fault=none enc=-319 denc=0 sreq=0 sapplied=0 crate=-19 uimp=-298085 upos=230 uneg=1815 ball=-100.86 vball=0.18 aball=0.8 bref=0.00 pid=-19.1 pref=-285.4 ppos=-283.5 apid=0.0 integ=-0.0 vision=1 current=1 vframe=33889 vs=1 vage=7 vpage=7 vdt=33 vmax=266 vacc=33820 vrej=0 seq=0 elapsed=0 oled=3C
[   5110] STATUS mode=3 fault=none enc=-319 denc=0 sreq=0 sapplied=0 crate=-19 uimp=-298085 upos=230 uneg=1815 ball=-100.86 vball=0.11 aball=-1.1 bref=0.00 pid=-19.1 pref=-285.4 ppos=-283.5 apid=-0.0 integ=-0.0 vision=1 current=1 vframe=33890 vs=1 vage=13 vpage=13 vdt=34 vmax=266 vacc=33821 vrej=0 seq=0 elapsed=0 oled=3C
[   5141] STATUS mode=3 fault=none enc=-319 denc=0 sreq=0 sapplied=0 crate=-19 uimp=-298085 upos=230 uneg=1815 ball=-100.86 vball=0.11 aball=-1.1 bref=0.00 pid=-19.1 pref=-285.4 ppos=-283.5 apid=-0.0 integ=-0.0 vision=1 current=1 vframe=33890 vs=1 vage=33 vpage=33 vdt=34 vmax=266 vacc=33821 vrej=0 seq=0 elapsed=0 oled=3C
[   5172] STATUS mode=3 fault=none enc=-319 denc=0 sreq=0 sapplied=0 crate=-19 uimp=-298085 upos=230 uneg=1815 ball=-100.86 vball=0.07 aball=-1.1 bref=0.00 pid=-19.1 pref=-285.4 ppos=-283.5 apid=-0.0 integ=-0.0 vision=1 current=1 vframe=33891 vs=1 vage=20 vpage=20 vdt=33 vmax=266 vacc=33822 vrej=0 seq=0 elapsed=0 oled=3C
[   5204] STATUS mode=3 fault=none enc=-319 denc=0 sreq=0 sapplied=0 crate=-19 uimp=-298085 upos=230 uneg=1815 ball=-100.86 vball=0.04 aball=-1.1 bref=0.00 pid=-19.1 pref=-285.4 ppos=-283.5 apid=-0.0 integ=-0.0 vision=1 current=1 vframe=33892 vs=1 vage=27 vpage=27 vdt=33 vmax=266 vacc=33823 vrej=0 seq=0 elapsed=0 oled=3C
[   5219] STATUS mode=3 fault=none enc=-319 denc=0 sreq=0 sapplied=0 crate=-19 uimp=-298085 upos=230 uneg=1815 ball=-100.86 vball=0.03 aball=-0.9 bref=0.00 pid=-19.1 pref=-285.4 ppos=-283.5 apid=-0.0 integ=-0.0 vision=1 current=1 vframe=33893 vs=1 vage=13 vpage=13 vdt=34 vmax=266 vacc=33824 vrej=0 seq=0 elapsed=0 oled=3C
[   5250] STATUS mode=3 fault=none enc=-319 denc=0 sreq=0 sapplied=0 crate=-19 uimp=-298085 upos=230 uneg=1815 ball=-100.86 vball=0.03 aball=-0.9 bref=0.00 pid=-19.1 pref=-285.4 ppos=-283.5 apid=-0.0 integ=-0.0 vision=1 current=1 vframe=33893 vs=1 vage=33 vpage=33 vdt=34 vmax=266 vacc=33824 vrej=0 seq=0 elapsed=0 oled=3C
[   5282] STATUS mode=3 fault=none enc=-319 denc=0 sreq=0 sapplied=0 crate=-19 uimp=-298085 upos=230 uneg=1815 ball=-100.86 vball=0.01 aball=-0.9 bref=0.00 pid=-19.1 pref=-285.4 ppos=-283.5 apid=-0.0 integ=-0.0 vision=1 current=1 vframe=33895 vs=1 vage=7 vpage=7 vdt=32 vmax=266 vacc=33826 vrej=0 seq=0 elapsed=0 oled=3C
[   5313] STATUS mode=3 fault=none enc=-319 denc=0 sreq=0 sapplied=0 crate=-19 uimp=-298085 upos=230 uneg=1815 ball=-100.86 vball=0.01 aball=-0.9 bref=0.00 pid=-19.1 pref=-285.4 ppos=-283.5 apid=-0.0 integ=-0.0 vision=1 current=1 vframe=33895 vs=1 vage=27 vpage=27 vdt=32 vmax=266 vacc=33826 vrej=0 seq=0 elapsed=0 oled=3C
[   5329] STATUS mode=3 fault=none enc=-319 denc=0 sreq=0 sapplied=0 crate=-19 uimp=-298085 upos=230 uneg=1815 ball=-100.86 vball=0.01 aball=-0.6 bref=0.00 pid=-19.1 pref=-285.4 ppos=-283.5 apid=-0.0 integ=-0.0 vision=1 current=1 vframe=33896 vs=1 vage=13 vpage=13 vdt=34 vmax=266 vacc=33827 vrej=0 seq=0 elapsed=0 oled=3C
[   5360] STATUS mode=3 fault=none enc=-319 denc=0 sreq=0 sapplied=0 crate=-19 uimp=-298085 upos=230 uneg=1815 ball=-100.86 vball=0.00 aball=-0.6 bref=0.00 pid=-19.1 pref=-285.4 ppos=-283.5 apid=-0.0 integ=-0.0 vision=1 current=1 vframe=33897 vs=1 vage=20 vpage=20 vdt=33 vmax=266 vacc=33828 vrej=0 seq=0 elapsed=0 oled=3C
[   5391] STATUS mode=3 fault=none enc=-319 denc=0 sreq=0 sapplied=0 crate=-19 uimp=-298085 upos=230 uneg=1815 ball=-100.86 vball=0.00 aball=-0.6 bref=0.00 pid=-19.1 pref=-285.4 ppos=-283.5 apid=-0.0 integ=-0.0 vision=1 current=1 vframe=33898 vs=1 vage=7 vpage=7 vdt=33 vmax=266 vacc=33829 vrej=0 seq=0 elapsed=0 oled=3C
[   5422] STATUS mode=3 fault=none enc=-319 denc=0 sreq=0 sapplied=0 crate=-19 uimp=-298085 upos=230 uneg=1815 ball=-100.86 vball=0.00 aball=-0.4 bref=0.00 pid=-19.1 pref=-285.4 ppos=-283.5 apid=-0.0 integ=-0.0 vision=1 current=1 vframe=33899 vs=1 vage=14 vpage=14 vdt=33 vmax=266 vacc=33830 vrej=0 seq=0 elapsed=0 oled=3C
[   5438] STATUS mode=3 fault=none enc=-319 denc=0 sreq=0 sapplied=0 crate=-19 uimp=-298085 upos=230 uneg=1815 ball=-100.86 vball=0.00 aball=-0.4 bref=0.00 pid=-19.1 pref=-285.4 ppos=-283.5 apid=-0.0 integ=-0.0 vision=1 current=1 vframe=33899 vs=1 vage=34 vpage=34 vdt=33 vmax=266 vacc=33830 vrej=0 seq=0 elapsed=0 oled=3C
[   5469] STATUS mode=3 fault=none enc=-319 denc=0 sreq=0 sapplied=0 crate=-19 uimp=-298085 upos=230 uneg=1815 ball=-100.86 vball=0.00 aball=-0.4 bref=0.00 pid=-19.1 pref=-285.4 ppos=-283.5 apid=-0.0 integ=-0.0 vision=1 current=1 vframe=33900 vs=1 vage=20 vpage=20 vdt=34 vmax=266 vacc=33831 vrej=0 seq=0 elapsed=0 oled=3C
[   5500] STATUS mode=3 fault=none enc=-319 denc=0 sreq=0 sapplied=0 crate=-19 uimp=-298085 upos=230 uneg=1815 ball=-100.86 vball=0.00 aball=-0.4 bref=0.00 pid=-19.1 pref=-285.4 ppos=-283.5 apid=-0.0 integ=-0.0 vision=1 current=1 vframe=33901 vs=1 vage=26 vpage=26 vdt=34 vmax=266 vacc=33832 vrej=0 seq=0 elapsed=0 oled=3C
[   5532] STATUS mode=3 fault=none enc=-319 denc=0 sreq=0 sapplied=0 crate=-19 uimp=-298085 upos=230 uneg=1815 ball=-100.86 vball=0.00 aball=-0.2 bref=0.00 pid=-19.1 pref=-285.4 ppos=-283.5 apid=-0.0 integ=-0.0 vision=1 current=1 vframe=33902 vs=1 vage=13 vpage=13 vdt=33 vmax=266 vacc=33833 vrej=0 seq=0 elapsed=0 oled=3C
[   5547] STATUS mode=3 fault=none enc=-319 denc=0 sreq=0 sapplied=0 crate=-19 uimp=-298085 upos=230 uneg=1815 ball=-100.86 vball=0.00 aball=-0.2 bref=0.00 pid=-19.1 pref=-285.4 ppos=-283.5 apid=-0.0 integ=-0.0 vision=1 current=1 vframe=33902 vs=1 vage=33 vpage=33 vdt=33 vmax=266 vacc=33833 vrej=0 seq=0 elapsed=0 oled=3C
[   5579] STATUS mode=3 fault=none enc=-319 denc=0 sreq=0 sapplied=0 crate=-19 uimp=-298085 upos=230 uneg=1815 ball=-100.86 vball=0.00 aball=-0.2 bref=0.00 pid=-19.1 pref=-285.4 ppos=-283.5 apid=-0.0 integ=-0.0 vision=1 current=1 vframe=33904 vs=1 vage=6 vpage=6 vdt=33 vmax=266 vacc=33835 vrej=0 seq=0 elapsed=0 oled=3C
[   5610] STATUS mode=3 fault=none enc=-319 denc=0 sreq=0 sapplied=0 crate=-19 uimp=-298085 upos=230 uneg=1815 ball=-100.86 vball=0.00 aball=-0.2 bref=0.00 pid=-19.1 pref=-285.4 ppos=-283.5 apid=-0.0 integ=-0.0 vision=1 current=1 vframe=33904 vs=1 vage=26 vpage=26 vdt=33 vmax=266 vacc=33835 vrej=0 seq=0 elapsed=0 oled=3C
[   5641] STATUS mode=3 fault=none enc=-319 denc=0 sreq=0 sapplied=0 crate=-19 uimp=-298085 upos=230 uneg=1815 ball=-100.86 vball=0.00 aball=-0.1 bref=0.00 pid=-19.1 pref=-285.4 ppos=-283.5 apid=-0.0 integ=-0.0 vision=1 current=1 vframe=33905 vs=1 vage=13 vpage=13 vdt=33 vmax=266 vacc=33836 vrej=0 seq=0 elapsed=0 oled=3C
[   5657] STATUS mode=3 fault=none enc=-319 denc=0 sreq=0 sapplied=0 crate=-19 uimp=-298085 upos=230 uneg=1815 ball=-100.86 vball=0.00 aball=-0.1 bref=0.00 pid=-19.1 pref=-285.4 ppos=-283.5 apid=-0.0 integ=-0.0 vision=1 current=1 vframe=33906 vs=1 vage=19 vpage=19 vdt=34 vmax=266 vacc=33837 vrej=0 seq=0 elapsed=0 oled=3C
[   5688] STATUS mode=3 fault=none enc=-319 denc=0 sreq=0 sapplied=0 crate=-19 uimp=-298085 upos=230 uneg=1815 ball=-100.86 vball=0.00 aball=-0.1 bref=0.00 pid=-19.1 pref=-285.4 ppos=-283.5 apid=-0.0 integ=-0.0 vision=1 current=1 vframe=33907 vs=1 vage=6 vpage=6 vdt=33 vmax=266 vacc=33838 vrej=0 seq=0 elapsed=0 oled=3C
[   5719] STATUS mode=3 fault=none enc=-319 denc=0 sreq=0 sapplied=0 crate=-19 uimp=-298085 upos=230 uneg=1815 ball=-100.86 vball=0.00 aball=-0.1 bref=0.00 pid=-19.1 pref=-285.4 ppos=-283.5 apid=-0.0 integ=-0.0 vision=1 current=1 vframe=33908 vs=1 vage=12 vpage=12 vdt=34 vmax=266 vacc=33839 vrej=0 seq=0 elapsed=0 oled=3C
[   5750] STATUS mode=3 fault=none enc=-319 denc=0 sreq=0 sapplied=0 crate=-19 uimp=-298085 upos=230 uneg=1815 ball=-100.86 vball=0.00 aball=-0.1 bref=0.00 pid=-19.1 pref=-285.4 ppos=-283.5 apid=-0.0 integ=-0.0 vision=1 current=1 vframe=33908 vs=1 vage=32 vpage=32 vdt=34 vmax=266 vacc=33839 vrej=0 seq=0 elapsed=0 oled=3C
[   5766] STATUS mode=3 fault=none enc=-319 denc=0 sreq=0 sapplied=0 crate=-19 uimp=-298085 upos=230 uneg=1815 ball=-100.86 vball=0.00 aball=-0.1 bref=0.00 pid=-19.1 pref=-285.4 ppos=-283.5 apid=-0.0 integ=-0.0 vision=1 current=1 vframe=33909 vs=1 vage=19 vpage=19 vdt=33 vmax=266 vacc=33840 vrej=0 seq=0 elapsed=0 oled=3C
[   5797] STATUS mode=3 fault=none enc=-319 denc=0 sreq=0 sapplied=0 crate=-19 uimp=-298085 upos=230 uneg=1815 ball=-100.86 vball=0.00 aball=-0.1 bref=0.00 pid=-19.1 pref=-285.4 ppos=-283.5 apid=-0.0 integ=-0.0 vision=1 current=1 vframe=33910 vs=1 vage=26 vpage=26 vdt=33 vmax=266 vacc=33841 vrej=0 seq=0 elapsed=0 oled=3C
[   5829] STATUS mode=3 fault=none enc=-319 denc=0 sreq=0 sapplied=0 crate=-19 uimp=-298085 upos=230 uneg=1815 ball=-100.86 vball=0.00 aball=-0.0 bref=0.00 pid=-19.1 pref=-285.4 ppos=-283.5 apid=-0.0 integ=-0.0 vision=1 current=1 vframe=33911 vs=1 vage=12 vpage=12 vdt=34 vmax=266 vacc=33842 vrej=0 seq=0 elapsed=0 oled=3C
[   5844] STATUS mode=3 fault=none enc=-319 denc=0 sreq=0 sapplied=0 crate=-19 uimp=-298085 upos=230 uneg=1815 ball=-100.86 vball=0.00 aball=-0.0 bref=0.00 pid=-19.1 pref=-285.4 ppos=-283.5 apid=-0.0 integ=-0.0 vision=1 current=1 vframe=33911 vs=1 vage=32 vpage=32 vdt=34 vmax=266 vacc=33842 vrej=0 seq=0 elapsed=0 oled=3C
[   5875] STATUS mode=3 fault=none enc=-319 denc=0 sreq=0 sapplied=0 crate=-19 uimp=-298085 upos=230 uneg=1815 ball=-100.86 vball=0.00 aball=-0.0 bref=0.00 pid=-19.1 pref=-285.4 ppos=-283.5 apid=-0.0 integ=-0.0 vision=1 current=1 vframe=33913 vs=1 vage=6 vpage=6 vdt=33 vmax=266 vacc=33844 vrej=0 seq=0 elapsed=0 oled=3C
[   5907] STATUS mode=3 fault=none enc=-319 denc=0 sreq=0 sapplied=0 crate=-19 uimp=-298085 upos=230 uneg=1815 ball=-100.86 vball=0.00 aball=-0.0 bref=0.00 pid=-19.1 pref=-285.4 ppos=-283.5 apid=-0.0 integ=-0.0 vision=1 current=1 vframe=33913 vs=1 vage=26 vpage=26 vdt=33 vmax=266 vacc=33844 vrej=0 seq=0 elapsed=0 oled=3C
[   5938] STATUS mode=3 fault=none enc=-319 denc=0 sreq=0 sapplied=0 crate=-19 uimp=-298085 upos=230 uneg=1815 ball=-100.86 vball=0.00 aball=-0.0 bref=0.00 pid=-19.1 pref=-285.4 ppos=-283.5 apid=-0.0 integ=-0.0 vision=1 current=1 vframe=33914 vs=1 vage=12 vpage=12 vdt=34 vmax=266 vacc=33845 vrej=0 seq=0 elapsed=0 oled=3C
[   5954] STATUS mode=3 fault=none enc=-319 denc=0 sreq=0 sapplied=0 crate=-19 uimp=-298085 upos=230 uneg=1815 ball=-100.86 vball=0.00 aball=-0.0 bref=0.00 pid=-19.1 pref=-285.4 ppos=-283.5 apid=-0.0 integ=-0.0 vision=1 current=1 vframe=33915 vs=1 vage=19 vpage=19 vdt=33 vmax=266 vacc=33846 vrej=0 seq=0 elapsed=0 oled=3C
[   5985] STATUS mode=3 fault=none enc=-319 denc=0 sreq=0 sapplied=0 crate=-19 uimp=-298085 upos=230 uneg=1815 ball=-100.86 vball=0.00 aball=-0.0 bref=0.00 pid=-19.1 pref=-285.4 ppos=-283.5 apid=-0.0 integ=-0.0 vision=1 current=1 vframe=33916 vs=1 vage=6 vpage=6 vdt=33 vmax=266 vacc=33847 vrej=0 seq=0 elapsed=0 oled=3C
[   6016] STATUS mode=3 fault=none enc=-319 denc=0 sreq=0 sapplied=0 crate=-19 uimp=-298085 upos=230 uneg=1815 ball=-101.01 vball=-1.39 aball=-6.4 bref=0.00 pid=-19.1 pref=-285.4 ppos=-283.5 apid=-0.0 integ=-0.0 vision=1 current=1 vframe=33917 vs=1 vage=14 vpage=14 vdt=32 vmax=266 vacc=33848 vrej=0 seq=0 elapsed=0 oled=3C
[   6047] STATUS mode=3 fault=none enc=-319 denc=0 sreq=0 sapplied=0 crate=-19 uimp=-298085 upos=230 uneg=1815 ball=-101.01 vball=-1.39 aball=-6.4 bref=0.00 pid=-19.1 pref=-285.4 ppos=-283.5 apid=-0.0 integ=-0.0 vision=1 current=1 vframe=33917 vs=1 vage=34 vpage=34 vdt=32 vmax=266 vacc=33848 vrej=0 seq=0 elapsed=0 oled=3C
[   6063] STATUS mode=3 fault=none enc=-319 denc=0 sreq=0 sapplied=0 crate=-19 uimp=-298085 upos=230 uneg=1815 ball=-101.15 vball=-2.13 aball=-6.4 bref=0.00 pid=-19.1 pref=-285.4 ppos=-283.5 apid=-0.0 integ=-0.0 vision=1 current=1 vframe=33918 vs=1 vage=19 vpage=19 vdt=35 vmax=266 vacc=33849 vrej=0 seq=0 elapsed=0 oled=3C
[   6094] STATUS mode=3 fault=none enc=-319 denc=0 sreq=0 sapplied=0 crate=-19 uimp=-298085 upos=230 uneg=1815 ball=-100.96 vball=0.09 aball=-6.4 bref=0.00 pid=-19.1 pref=-285.4 ppos=-283.5 apid=-0.0 integ=-0.0 vision=1 current=1 vframe=33919 vs=1 vage=26 vpage=26 vdt=33 vmax=266 vacc=33850 vrej=0 seq=0 elapsed=0 oled=3C
[   6125] STATUS mode=3 fault=none enc=-319 denc=0 sreq=0 sapplied=0 crate=-16 uimp=-298085 upos=230 uneg=1815 ball=-100.90 vball=0.61 aball=5.4 bref=0.00 pid=-15.7 pref=-285.1 ppos=-283.5 apid=0.0 integ=-0.0 vision=1 current=1 vframe=33920 vs=1 vage=13 vpage=13 vdt=33 vmax=266 vacc=33851 vrej=0 seq=0 elapsed=0 oled=3C
[   6157] STATUS mode=3 fault=none enc=-319 denc=0 sreq=0 sapplied=0 crate=-16 uimp=-298085 upos=230 uneg=1815 ball=-100.90 vball=0.61 aball=5.4 bref=0.00 pid=-15.7 pref=-285.1 ppos=-283.5 apid=0.0 integ=-0.0 vision=1 current=1 vframe=33920 vs=1 vage=33 vpage=33 vdt=33 vmax=266 vacc=33851 vrej=0 seq=0 elapsed=0 oled=3C
[   6172] STATUS mode=3 fault=none enc=-319 denc=0 sreq=0 sapplied=0 crate=-19 uimp=-298085 upos=230 uneg=1815 ball=-100.87 vball=0.46 aball=5.4 bref=0.00 pid=-19.1 pref=-285.4 ppos=-283.5 apid=0.0 integ=-0.0 vision=1 current=1 vframe=33922 vs=1 vage=6 vpage=6 vdt=33 vmax=266 vacc=33853 vrej=0 seq=0 elapsed=0 oled=3C
[   6204] STATUS mode=3 fault=none enc=-319 denc=0 sreq=0 sapplied=0 crate=-19 uimp=-298085 upos=230 uneg=1815 ball=-100.87 vball=0.46 aball=5.4 bref=0.00 pid=-19.1 pref=-285.4 ppos=-283.5 apid=0.0 integ=-0.0 vision=1 current=1 vframe=33922 vs=1 vage=26 vpage=26 vdt=33 vmax=266 vacc=33853 vrej=0 seq=0 elapsed=0 oled=3C
[   6235] STATUS mode=3 fault=none enc=-319 denc=0 sreq=0 sapplied=0 crate=-19 uimp=-298085 upos=230 uneg=1815 ball=-100.87 vball=0.31 aball=1.6 bref=0.00 pid=-19.1 pref=-285.4 ppos=-283.5 apid=0.0 integ=-0.0 vision=1 current=1 vframe=33923 vs=1 vage=14 vpage=14 vdt=32 vmax=266 vacc=33854 vrej=0 seq=0 elapsed=0 oled=3C
[   6266] STATUS mode=3 fault=none enc=-319 denc=0 sreq=0 sapplied=0 crate=-19 uimp=-298085 upos=230 uneg=1815 ball=-100.87 vball=0.28 aball=1.6 bref=0.00 pid=-19.1 pref=-285.4 ppos=-283.5 apid=0.0 integ=-0.0 vision=1 current=1 vframe=33924 vs=1 vage=20 vpage=20 vdt=34 vmax=266 vacc=33855 vrej=0 seq=0 elapsed=0 oled=3C
[   6282] STATUS mode=3 fault=none enc=-319 denc=0 sreq=0 sapplied=0 crate=-19 uimp=-298085 upos=230 uneg=1815 ball=-100.86 vball=0.25 aball=1.6 bref=0.00 pid=-19.1 pref=-285.4 ppos=-283.5 apid=0.0 integ=-0.0 vision=1 current=1 vframe=33925 vs=1 vage=7 vpage=7 vdt=33 vmax=266 vacc=33856 vrej=0 seq=0 elapsed=0 oled=3C
[   6313] STATUS mode=3 fault=none enc=-319 denc=0 sreq=0 sapplied=0 crate=-19 uimp=-298085 upos=230 uneg=1815 ball=-100.86 vball=0.25 aball=1.6 bref=0.00 pid=-19.1 pref=-285.4 ppos=-283.5 apid=0.0 integ=-0.0 vision=1 current=1 vframe=33925 vs=1 vage=27 vpage=27 vdt=33 vmax=266 vacc=33856 vrej=0 seq=0 elapsed=0 oled=3C
[   6344] STATUS mode=3 fault=none enc=-319 denc=0 sreq=0 sapplied=0 crate=-19 uimp=-298085 upos=230 uneg=1815 ball=-100.86 vball=0.12 aball=0.3 bref=0.00 pid=-19.1 pref=-285.4 ppos=-283.5 apid=0.0 integ=-0.0 vision=1 current=1 vframe=33927 vs=1 vage=1 vpage=1 vdt=33 vmax=266 vacc=33858 vrej=0 seq=0 elapsed=0 oled=3C
[   6375] STATUS mode=3 fault=none enc=-319 denc=0 sreq=0 sapplied=0 crate=-19 uimp=-298085 upos=230 uneg=1815 ball=-100.86 vball=0.12 aball=0.3 bref=0.00 pid=-19.1 pref=-285.4 ppos=-283.5 apid=0.0 integ=-0.0 vision=1 current=1 vframe=33927 vs=1 vage=21 vpage=21 vdt=33 vmax=266 vacc=33858 vrej=0 seq=0 elapsed=0 oled=3C
[   6391] STATUS mode=3 fault=none enc=-319 denc=0 sreq=0 sapplied=0 crate=-19 uimp=-298085 upos=230 uneg=1815 ball=-100.86 vball=0.08 aball=0.3 bref=0.00 pid=-19.1 pref=-285.4 ppos=-283.5 apid=0.0 integ=-0.0 vision=1 current=1 vframe=33928 vs=1 vage=27 vpage=27 vdt=34 vmax=266 vacc=33859 vrej=0 seq=0 elapsed=0 oled=3C
[   6422] STATUS mode=3 fault=none enc=-319 denc=0 sreq=0 sapplied=0 crate=-19 uimp=-298085 upos=230 uneg=1815 ball=-100.86 vball=0.05 aball=-0.4 bref=0.00 pid=-19.1 pref=-285.4 ppos=-283.5 apid=-0.0 integ=-0.0 vision=1 current=1 vframe=33929 vs=1 vage=14 vpage=14 vdt=33 vmax=266 vacc=33860 vrej=0 seq=0 elapsed=0 oled=3C
[   6454] STATUS mode=3 fault=none enc=-319 denc=0 sreq=0 sapplied=0 crate=-19 uimp=-298085 upos=230 uneg=1815 ball=-100.86 vball=0.05 aball=-0.4 bref=0.00 pid=-19.1 pref=-285.4 ppos=-283.5 apid=-0.0 integ=-0.0 vision=1 current=1 vframe=33929 vs=1 vage=34 vpage=34 vdt=33 vmax=266 vacc=33860 vrej=0 seq=0 elapsed=0 oled=3C
[   6469] STATUS mode=3 fault=none enc=-319 denc=0 sreq=0 sapplied=0 crate=-19 uimp=-298085 upos=230 uneg=1815 ball=-100.86 vball=0.02 aball=-0.4 bref=0.00 pid=-19.1 pref=-285.4 ppos=-283.5 apid=-0.0 integ=-0.0 vision=1 current=1 vframe=33931 vs=1 vage=7 vpage=7 vdt=33 vmax=266 vacc=33862 vrej=0 seq=0 elapsed=0 oled=3C
[   6500] STATUS mode=3 fault=none enc=-319 denc=0 sreq=0 sapplied=0 crate=-19 uimp=-298085 upos=230 uneg=1815 ball=-100.86 vball=0.02 aball=-0.4 bref=0.00 pid=-19.1 pref=-285.4 ppos=-283.5 apid=-0.0 integ=-0.0 vision=1 current=1 vframe=33931 vs=1 vage=27 vpage=27 vdt=33 vmax=266 vacc=33862 vrej=0 seq=0 elapsed=0 oled=3C
[   6532] STATUS mode=3 fault=none enc=-319 denc=0 sreq=0 sapplied=0 crate=-19 uimp=-298085 upos=230 uneg=1815 ball=-100.86 vball=0.01 aball=-0.4 bref=0.00 pid=-19.1 pref=-285.4 ppos=-283.5 apid=-0.0 integ=-0.0 vision=1 current=1 vframe=33932 vs=1 vage=14 vpage=14 vdt=33 vmax=266 vacc=33863 vrej=0 seq=0 elapsed=0 oled=3C
[   6563] STATUS mode=3 fault=none enc=-319 denc=0 sreq=0 sapplied=0 crate=-19 uimp=-298085 upos=230 uneg=1815 ball=-100.86 vball=0.01 aball=-0.4 bref=0.00 pid=-19.1 pref=-285.4 ppos=-283.5 apid=-0.0 integ=-0.0 vision=1 current=1 vframe=33933 vs=1 vage=21 vpage=21 vdt=33 vmax=266 vacc=33864 vrej=0 seq=0 elapsed=0 oled=3C
[   6579] STATUS mode=3 fault=none enc=-319 denc=0 sreq=0 sapplied=0 crate=-19 uimp=-298085 upos=230 uneg=1815 ball=-100.86 vball=0.00 aball=-0.4 bref=0.00 pid=-19.1 pref=-285.4 ppos=-283.5 apid=-0.0 integ=-0.0 vision=1 current=1 vframe=33934 vs=1 vage=7 vpage=7 vdt=34 vmax=266 vacc=33865 vrej=0 seq=0 elapsed=0 oled=3C
[   6610] STATUS mode=3 fault=none enc=-319 denc=0 sreq=0 sapplied=0 crate=-19 uimp=-298085 upos=230 uneg=1815 ball=-100.86 vball=0.00 aball=-0.4 bref=0.00 pid=-19.1 pref=-285.4 ppos=-283.5 apid=-0.0 integ=-0.0 vision=1 current=1 vframe=33934 vs=1 vage=27 vpage=27 vdt=34 vmax=266 vacc=33865 vrej=0 seq=0 elapsed=0 oled=3C
[   6641] STATUS mode=3 fault=none enc=-319 denc=0 sreq=0 sapplied=0 crate=-19 uimp=-298085 upos=230 uneg=1815 ball=-100.86 vball=0.00 aball=-0.3 bref=0.00 pid=-19.1 pref=-285.4 ppos=-283.5 apid=-0.0 integ=-0.0 vision=1 current=1 vframe=33935 vs=1 vage=34 vpage=34 vdt=33 vmax=266 vacc=33866 vrej=0 seq=0 elapsed=0 oled=3C
[   6672] STATUS mode=3 fault=none enc=-319 denc=0 sreq=0 sapplied=0 crate=-19 uimp=-298085 upos=230 uneg=1815 ball=-100.88 vball=-0.12 aball=-0.3 bref=0.00 pid=-19.1 pref=-285.4 ppos=-283.5 apid=-0.0 integ=-0.0 vision=1 current=1 vframe=33936 vs=1 vage=19 vpage=19 vdt=35 vmax=266 vacc=33867 vrej=0 seq=0 elapsed=0 oled=3C
[   6688] STATUS mode=3 fault=none enc=-319 denc=0 sreq=0 sapplied=0 crate=-19 uimp=-298085 upos=230 uneg=1815 ball=-100.88 vball=-0.12 aball=-0.3 bref=0.00 pid=-19.1 pref=-285.4 ppos=-283.5 apid=-0.0 integ=-0.0 vision=1 current=1 vframe=33937 vs=1 vage=27 vpage=27 vdt=32 vmax=266 vacc=33868 vrej=0 seq=0 elapsed=0 oled=3C
[   6719] STATUS mode=3 fault=none enc=-319 denc=0 sreq=0 sapplied=0 crate=-19 uimp=-298085 upos=230 uneg=1815 ball=-100.88 vball=-0.09 aball=-0.6 bref=0.00 pid=-19.1 pref=-285.4 ppos=-283.5 apid=-0.0 integ=-0.0 vision=1 current=1 vframe=33938 vs=1 vage=14 vpage=14 vdt=33 vmax=266 vacc=33869 vrej=0 seq=0 elapsed=0 oled=3C
[   6750] STATUS mode=3 fault=none enc=-319 denc=0 sreq=0 sapplied=0 crate=-19 uimp=-298085 upos=230 uneg=1815 ball=-100.88 vball=-0.09 aball=-0.6 bref=0.00 pid=-19.1 pref=-285.4 ppos=-283.5 apid=-0.0 integ=-0.0 vision=1 current=1 vframe=33938 vs=1 vage=34 vpage=34 vdt=33 vmax=266 vacc=33869 vrej=0 seq=0 elapsed=0 oled=3C
[   6782] STATUS mode=3 fault=none enc=-319 denc=0 sreq=0 sapplied=0 crate=-19 uimp=-298085 upos=230 uneg=1815 ball=-100.88 vball=-0.04 aball=-0.6 bref=0.00 pid=-19.1 pref=-285.4 ppos=-283.5 apid=-0.0 integ=-0.0 vision=1 current=1 vframe=33940 vs=1 vage=7 vpage=7 vdt=33 vmax=266 vacc=33871 vrej=0 seq=0 elapsed=0 oled=3C
[   6797] STATUS mode=3 fault=none enc=-319 denc=0 sreq=0 sapplied=0 crate=-19 uimp=-298085 upos=230 uneg=1815 ball=-100.88 vball=-0.04 aball=-0.6 bref=0.00 pid=-19.1 pref=-285.4 ppos=-283.5 apid=-0.0 integ=-0.0 vision=1 current=1 vframe=33940 vs=1 vage=27 vpage=27 vdt=33 vmax=266 vacc=33871 vrej=0 seq=0 elapsed=0 oled=3C
[   6829] STATUS mode=3 fault=none enc=-319 denc=0 sreq=0 sapplied=0 crate=-19 uimp=-298085 upos=230 uneg=1815 ball=-100.88 vball=-0.03 aball=-0.0 bref=0.00 pid=-19.1 pref=-285.4 ppos=-283.5 apid=-0.0 integ=-0.0 vision=1 current=1 vframe=33941 vs=1 vage=14 vpage=14 vdt=33 vmax=266 vacc=33872 vrej=0 seq=0 elapsed=0 oled=3C
[   6860] STATUS mode=3 fault=none enc=-319 denc=0 sreq=0 sapplied=0 crate=-19 uimp=-298085 upos=230 uneg=1815 ball=-100.88 vball=-0.02 aball=-0.0 bref=0.00 pid=-19.1 pref=-285.4 ppos=-283.5 apid=-0.0 integ=-0.0 vision=1 current=1 vframe=33942 vs=1 vage=21 vpage=21 vdt=33 vmax=266 vacc=33873 vrej=0 seq=0 elapsed=0 oled=3C
[   6891] STATUS mode=3 fault=none enc=-319 denc=0 sreq=0 sapplied=0 crate=-19 uimp=-298085 upos=230 uneg=1815 ball=-100.88 vball=-0.01 aball=-0.0 bref=0.00 pid=-19.1 pref=-285.4 ppos=-283.5 apid=-0.0 integ=-0.0 vision=1 current=1 vframe=33943 vs=1 vage=7 vpage=7 vdt=34 vmax=266 vacc=33874 vrej=0 seq=0 elapsed=0 oled=3C
[   6907] STATUS mode=3 fault=none enc=-319 denc=0 sreq=0 sapplied=0 crate=-19 uimp=-298085 upos=230 uneg=1815 ball=-100.88 vball=-0.01 aball=-0.0 bref=0.00 pid=-19.1 pref=-285.4 ppos=-283.5 apid=-0.0 integ=-0.0 vision=1 current=1 vframe=33943 vs=1 vage=27 vpage=27 vdt=34 vmax=266 vacc=33874 vrej=0 seq=0 elapsed=0 oled=3C
[   6938] STATUS mode=3 fault=none enc=-319 denc=0 sreq=0 sapplied=0 crate=-19 uimp=-298085 upos=230 uneg=1815 ball=-100.88 vball=-0.01 aball=0.1 bref=0.00 pid=-19.1 pref=-285.4 ppos=-283.5 apid=0.0 integ=-0.0 vision=1 current=1 vframe=33944 vs=1 vage=34 vpage=34 vdt=33 vmax=266 vacc=33875 vrej=0 seq=0 elapsed=0 oled=3C
[   6969] STATUS mode=3 fault=none enc=-319 denc=0 sreq=0 sapplied=0 crate=-19 uimp=-298085 upos=230 uneg=1815 ball=-100.88 vball=-0.00 aball=0.1 bref=0.00 pid=-19.1 pref=-285.4 ppos=-283.5 apid=0.0 integ=-0.0 vision=1 current=1 vframe=33945 vs=1 vage=20 vpage=20 vdt=34 vmax=266 vacc=33876 vrej=0 seq=0 elapsed=0 oled=3C
[   7000] STATUS mode=3 fault=none enc=-319 denc=0 sreq=0 sapplied=0 crate=-19 uimp=-298085 upos=230 uneg=1815 ball=-100.88 vball=-0.00 aball=0.1 bref=0.00 pid=-19.1 pref=-285.4 ppos=-283.5 apid=0.0 integ=-0.0 vision=1 current=1 vframe=33946 vs=1 vage=27 vpage=27 vdt=33 vmax=266 vacc=33877 vrej=0 seq=0 elapsed=0 oled=3C
[   7016] STATUS mode=3 fault=none enc=-319 denc=0 sreq=0 sapplied=0 crate=-19 uimp=-298085 upos=230 uneg=1815 ball=-100.87 vball=0.08 aball=0.4 bref=0.00 pid=-19.1 pref=-285.4 ppos=-283.5 apid=0.0 integ=-0.0 vision=1 current=1 vframe=33947 vs=1 vage=14 vpage=14 vdt=33 vmax=266 vacc=33878 vrej=0 seq=0 elapsed=0 oled=3C
[   7047] STATUS mode=3 fault=none enc=-319 denc=0 sreq=0 sapplied=0 crate=-19 uimp=-298085 upos=230 uneg=1815 ball=-100.87 vball=0.08 aball=0.4 bref=0.00 pid=-19.1 pref=-285.4 ppos=-283.5 apid=0.0 integ=-0.0 vision=1 current=1 vframe=33947 vs=1 vage=34 vpage=34 vdt=33 vmax=266 vacc=33878 vrej=0 seq=0 elapsed=0 oled=3C
[   7079] STATUS mode=3 fault=none enc=-319 denc=0 sreq=0 sapplied=0 crate=-19 uimp=-298085 upos=230 uneg=1815 ball=-100.86 vball=0.11 aball=0.4 bref=0.00 pid=-19.1 pref=-285.4 ppos=-283.5 apid=0.0 integ=-0.0 vision=1 current=1 vframe=33949 vs=1 vage=7 vpage=7 vdt=33 vmax=266 vacc=33880 vrej=0 seq=0 elapsed=0 oled=3C
[   7110] STATUS mode=3 fault=none enc=-319 denc=0 sreq=0 sapplied=0 crate=-19 uimp=-298085 upos=230 uneg=1815 ball=-100.86 vball=0.11 aball=0.4 bref=0.00 pid=-19.1 pref=-285.4 ppos=-283.5 apid=0.0 integ=-0.0 vision=1 current=1 vframe=33949 vs=1 vage=27 vpage=27 vdt=33 vmax=266 vacc=33880 vrej=0 seq=0 elapsed=0 oled=3C
[   7125] STATUS mode=3 fault=none enc=-319 denc=0 sreq=0 sapplied=0 crate=-19 uimp=-298085 upos=230 uneg=1815 ball=-100.86 vball=0.08 aball=0.2 bref=0.00 pid=-19.1 pref=-285.4 ppos=-283.5 apid=0.0 integ=-0.0 vision=1 current=1 vframe=33950 vs=1 vage=13 vpage=13 vdt=34 vmax=266 vacc=33881 vrej=0 seq=0 elapsed=0 oled=3C
[   7157] STATUS mode=3 fault=none enc=-319 denc=0 sreq=0 sapplied=0 crate=-19 uimp=-298085 upos=230 uneg=1815 ball=-100.86 vball=0.05 aball=0.2 bref=0.00 pid=-19.1 pref=-285.4 ppos=-283.5 apid=0.0 integ=-0.0 vision=1 current=1 vframe=33951 vs=1 vage=20 vpage=20 vdt=33 vmax=266 vacc=33882 vrej=0 seq=0 elapsed=0 oled=3C
[   7188] STATUS mode=3 fault=none enc=-319 denc=0 sreq=0 sapplied=0 crate=-19 uimp=-298085 upos=230 uneg=1815 ball=-100.86 vball=0.03 aball=0.2 bref=0.00 pid=-19.1 pref=-285.4 ppos=-283.5 apid=0.0 integ=-0.0 vision=1 current=1 vframe=33952 vs=1 vage=7 vpage=7 vdt=33 vmax=266 vacc=33883 vrej=0 seq=0 elapsed=0 oled=3C
[   7219] STATUS mode=3 fault=none enc=-319 denc=0 sreq=0 sapplied=0 crate=-19 uimp=-298085 upos=230 uneg=1815 ball=-100.86 vball=0.03 aball=0.2 bref=0.00 pid=-19.1 pref=-285.4 ppos=-283.5 apid=0.0 integ=-0.0 vision=1 current=1 vframe=33952 vs=1 vage=27 vpage=27 vdt=33 vmax=266 vacc=33883 vrej=0 seq=0 elapsed=0 oled=3C
[   7235] STATUS mode=3 fault=none enc=-319 denc=0 sreq=0 sapplied=0 crate=-19 uimp=-298085 upos=230 uneg=1815 ball=-100.86 vball=0.02 aball=-0.1 bref=0.00 pid=-19.1 pref=-285.4 ppos=-283.5 apid=-0.0 integ=-0.0 vision=1 current=1 vframe=33953 vs=1 vage=33 vpage=33 vdt=34 vmax=266 vacc=33884 vrej=0 seq=0 elapsed=0 oled=3C
[   7266] STATUS mode=3 fault=none enc=-319 denc=0 sreq=0 sapplied=0 crate=-19 uimp=-298085 upos=230 uneg=1815 ball=-100.86 vball=0.01 aball=-0.1 bref=0.00 pid=-19.1 pref=-285.4 ppos=-283.5 apid=-0.0 integ=-0.0 vision=1 current=1 vframe=33954 vs=1 vage=20 vpage=20 vdt=33 vmax=266 vacc=33885 vrej=0 seq=0 elapsed=0 oled=3C
[   7297] STATUS mode=3 fault=none enc=-319 denc=0 sreq=0 sapplied=0 crate=-19 uimp=-298085 upos=230 uneg=1815 ball=-100.86 vball=0.01 aball=-0.1 bref=0.00 pid=-19.1 pref=-285.4 ppos=-283.5 apid=-0.0 integ=-0.0 vision=1 current=1 vframe=33955 vs=1 vage=6 vpage=6 vdt=34 vmax=266 vacc=33886 vrej=0 seq=0 elapsed=0 oled=3C
[   7313] STATUS mode=3 fault=none enc=-319 denc=0 sreq=0 sapplied=0 crate=-19 uimp=-298085 upos=230 uneg=1815 ball=-100.86 vball=0.00 aball=-0.2 bref=0.00 pid=-19.1 pref=-285.4 ppos=-283.5 apid=-0.0 integ=-0.0 vision=1 current=1 vframe=33956 vs=1 vage=13 vpage=13 vdt=33 vmax=266 vacc=33887 vrej=0 seq=0 elapsed=0 oled=3C
[   7344] STATUS mode=3 fault=none enc=-319 denc=0 sreq=0 sapplied=0 crate=-19 uimp=-298085 upos=230 uneg=1815 ball=-100.86 vball=0.00 aball=-0.2 bref=0.00 pid=-19.1 pref=-285.4 ppos=-283.5 apid=-0.0 integ=-0.0 vision=1 current=1 vframe=33956 vs=1 vage=33 vpage=33 vdt=33 vmax=266 vacc=33887 vrej=0 seq=0 elapsed=0 oled=3C
[   7375] STATUS mode=3 fault=none enc=-319 denc=0 sreq=0 sapplied=0 crate=-19 uimp=-298085 upos=230 uneg=1815 ball=-100.84 vball=0.15 aball=-0.2 bref=0.00 pid=-19.1 pref=-285.4 ppos=-283.5 apid=-0.0 integ=-0.0 vision=1 current=1 vframe=33958 vs=1 vage=6 vpage=6 vdt=34 vmax=266 vacc=33889 vrej=0 seq=0 elapsed=0 oled=3C
[   7407] STATUS mode=3 fault=none enc=-319 denc=0 sreq=0 sapplied=0 crate=-19 uimp=-298085 upos=230 uneg=1815 ball=-100.84 vball=0.15 aball=-0.2 bref=0.00 pid=-19.1 pref=-285.4 ppos=-283.5 apid=-0.0 integ=-0.0 vision=1 current=1 vframe=33958 vs=1 vage=26 vpage=26 vdt=34 vmax=266 vacc=33889 vrej=0 seq=0 elapsed=0 oled=3C
[   7422] STATUS mode=3 fault=none enc=-319 denc=0 sreq=0 sapplied=0 crate=-19 uimp=-298085 upos=230 uneg=1815 ball=-100.84 vball=0.12 aball=0.4 bref=0.00 pid=-19.1 pref=-285.4 ppos=-283.5 apid=0.0 integ=-0.0 vision=1 current=1 vframe=33959 vs=1 vage=13 vpage=13 vdt=33 vmax=266 vacc=33890 vrej=0 seq=0 elapsed=0 oled=3C
[   7454] STATUS mode=3 fault=none enc=-319 denc=0 sreq=0 sapplied=0 crate=-19 uimp=-298085 upos=230 uneg=1815 ball=-100.84 vball=0.08 aball=0.4 bref=0.00 pid=-19.1 pref=-285.4 ppos=-283.5 apid=0.0 integ=-0.0 vision=1 current=1 vframe=33960 vs=1 vage=20 vpage=20 vdt=33 vmax=266 vacc=33891 vrej=0 seq=0 elapsed=0 oled=3C
[   7485] STATUS mode=3 fault=none enc=-319 denc=0 sreq=0 sapplied=0 crate=-19 uimp=-298085 upos=230 uneg=1815 ball=-100.84 vball=0.05 aball=0.4 bref=0.00 pid=-19.1 pref=-285.4 ppos=-283.5 apid=0.0 integ=-0.0 vision=1 current=1 vframe=33961 vs=1 vage=7 vpage=7 vdt=33 vmax=266 vacc=33892 vrej=0 seq=0 elapsed=0 oled=3C
[   7516] STATUS mode=3 fault=none enc=-319 denc=0 sreq=0 sapplied=0 crate=-19 uimp=-298085 upos=230 uneg=1815 ball=-100.84 vball=0.05 aball=0.4 bref=0.00 pid=-19.1 pref=-285.4 ppos=-283.5 apid=0.0 integ=-0.0 vision=1 current=1 vframe=33961 vs=1 vage=27 vpage=27 vdt=33 vmax=266 vacc=33892 vrej=0 seq=0 elapsed=0 oled=3C
[   7532] STATUS mode=3 fault=none enc=-319 denc=0 sreq=0 sapplied=0 crate=-19 uimp=-298085 upos=230 uneg=1815 ball=-100.84 vball=0.03 aball=-0.2 bref=0.00 pid=-19.1 pref=-285.4 ppos=-283.5 apid=-0.0 integ=-0.0 vision=1 current=1 vframe=33962 vs=1 vage=33 vpage=33 vdt=34 vmax=266 vacc=33893 vrej=0 seq=0 elapsed=0 oled=3C
[   7563] STATUS mode=3 fault=none enc=-319 denc=0 sreq=0 sapplied=0 crate=-19 uimp=-298085 upos=230 uneg=1815 ball=-100.86 vball=-0.13 aball=-0.2 bref=0.00 pid=-19.1 pref=-285.4 ppos=-283.5 apid=-0.0 integ=-0.0 vision=1 current=1 vframe=33963 vs=1 vage=20 vpage=20 vdt=33 vmax=266 vacc=33894 vrej=0 seq=0 elapsed=0 oled=3C
[   7594] STATUS mode=3 fault=none enc=-319 denc=0 sreq=0 sapplied=0 crate=-19 uimp=-298085 upos=230 uneg=1815 ball=-100.86 vball=-0.14 aball=-0.2 bref=0.00 pid=-19.1 pref=-285.4 ppos=-283.5 apid=-0.0 integ=-0.0 vision=1 current=1 vframe=33964 vs=1 vage=7 vpage=7 vdt=33 vmax=266 vacc=33895 vrej=0 seq=0 elapsed=0 oled=3C
[   7625] STATUS mode=3 fault=none enc=-319 denc=0 sreq=0 sapplied=0 crate=-19 uimp=-298085 upos=230 uneg=1815 ball=-100.87 vball=-0.11 aball=-0.7 bref=0.00 pid=-19.1 pref=-285.4 ppos=-283.5 apid=-0.0 integ=-0.0 vision=1 current=1 vframe=33965 vs=1 vage=14 vpage=14 vdt=33 vmax=266 vacc=33896 vrej=0 seq=0 elapsed=0 oled=3C
[   7641] STATUS mode=3 fault=none enc=-319 denc=0 sreq=0 sapplied=0 crate=-19 uimp=-298085 upos=230 uneg=1815 ball=-100.87 vball=-0.11 aball=-0.7 bref=0.00 pid=-19.1 pref=-285.4 ppos=-283.5 apid=-0.0 integ=-0.0 vision=1 current=1 vframe=33965 vs=1 vage=34 vpage=34 vdt=33 vmax=266 vacc=33896 vrej=0 seq=0 elapsed=0 oled=3C
[   7672] STATUS mode=3 fault=none enc=-319 denc=0 sreq=0 sapplied=0 crate=-19 uimp=-298085 upos=230 uneg=1815 ball=-100.86 vball=-0.03 aball=-0.7 bref=0.00 pid=-19.1 pref=-285.4 ppos=-283.5 apid=-0.0 integ=-0.0 vision=1 current=1 vframe=33966 vs=1 vage=20 vpage=20 vdt=34 vmax=266 vacc=33897 vrej=0 seq=0 elapsed=0 oled=3C
[   7704] STATUS mode=3 fault=none enc=-319 denc=0 sreq=0 sapplied=0 crate=-19 uimp=-298085 upos=230 uneg=1815 ball=-100.85 vball=0.09 aball=-0.7 bref=0.00 pid=-19.1 pref=-285.4 ppos=-283.5 apid=-0.0 integ=-0.0 vision=1 current=1 vframe=33967 vs=1 vage=28 vpage=28 vdt=32 vmax=266 vacc=33898 vrej=0 seq=0 elapsed=0 oled=3C
[   7735] STATUS mode=3 fault=none enc=-319 denc=0 sreq=0 sapplied=0 crate=-19 uimp=-298085 upos=230 uneg=1815 ball=-100.85 vball=-0.01 aball=0.1 bref=0.00 pid=-19.1 pref=-285.4 ppos=-283.5 apid=0.0 integ=-0.0 vision=1 current=1 vframe=33968 vs=1 vage=14 vpage=14 vdt=34 vmax=266 vacc=33899 vrej=0 seq=0 elapsed=0 oled=3C
[   7750] STATUS mode=3 fault=none enc=-319 denc=0 sreq=0 sapplied=0 crate=-19 uimp=-298085 upos=230 uneg=1815 ball=-100.86 vball=-0.04 aball=0.1 bref=0.00 pid=-19.1 pref=-285.4 ppos=-283.5 apid=0.0 integ=-0.0 vision=1 current=1 vframe=33969 vs=1 vage=21 vpage=21 vdt=33 vmax=266 vacc=33900 vrej=0 seq=0 elapsed=0 oled=3C
[   7782] STATUS mode=3 fault=none enc=-319 denc=0 sreq=0 sapplied=0 crate=-19 uimp=-298085 upos=230 uneg=1815 ball=-100.86 vball=-0.09 aball=0.1 bref=0.00 pid=-19.1 pref=-285.4 ppos=-283.5 apid=0.0 integ=-0.0 vision=1 current=1 vframe=33970 vs=1 vage=8 vpage=8 vdt=33 vmax=266 vacc=33901 vrej=0 seq=0 elapsed=0 oled=3C
[   7813] STATUS mode=3 fault=none enc=-319 denc=0 sreq=0 sapplied=0 crate=-19 uimp=-298085 upos=230 uneg=1815 ball=-100.86 vball=-0.09 aball=0.1 bref=0.00 pid=-19.1 pref=-285.4 ppos=-283.5 apid=0.0 integ=-0.0 vision=1 current=1 vframe=33970 vs=1 vage=28 vpage=28 vdt=33 vmax=266 vacc=33901 vrej=0 seq=0 elapsed=0 oled=3C
[   7844] STATUS mode=3 fault=none enc=-319 denc=0 sreq=0 sapplied=0 crate=-19 uimp=-298085 upos=230 uneg=1815 ball=-100.87 vball=-0.06 aball=-0.3 bref=0.00 pid=-19.1 pref=-285.4 ppos=-283.5 apid=-0.0 integ=-0.0 vision=1 current=1 vframe=33972 vs=1 vage=1 vpage=1 vdt=33 vmax=266 vacc=33903 vrej=0 seq=0 elapsed=0 oled=3C
[   7860] STATUS mode=3 fault=none enc=-319 denc=0 sreq=0 sapplied=0 crate=-19 uimp=-298085 upos=230 uneg=1815 ball=-100.87 vball=-0.06 aball=-0.3 bref=0.00 pid=-19.1 pref=-285.4 ppos=-283.5 apid=-0.0 integ=-0.0 vision=1 current=1 vframe=33972 vs=1 vage=21 vpage=21 vdt=33 vmax=266 vacc=33903 vrej=0 seq=0 elapsed=0 oled=3C
[   7891] STATUS mode=3 fault=none enc=-319 denc=0 sreq=0 sapplied=0 crate=-19 uimp=-298085 upos=230 uneg=1815 ball=-100.87 vball=-0.04 aball=-0.3 bref=0.00 pid=-19.1 pref=-285.4 ppos=-283.5 apid=-0.0 integ=-0.0 vision=1 current=1 vframe=33973 vs=1 vage=8 vpage=8 vdt=33 vmax=266 vacc=33904 vrej=0 seq=0 elapsed=0 oled=3C
[   7922] STATUS mode=3 fault=none enc=-319 denc=0 sreq=0 sapplied=0 crate=-19 uimp=-298085 upos=230 uneg=1815 ball=-100.87 vball=-0.03 aball=0.1 bref=0.00 pid=-19.1 pref=-285.4 ppos=-283.5 apid=0.0 integ=-0.0 vision=1 current=1 vframe=33974 vs=1 vage=15 vpage=15 vdt=33 vmax=266 vacc=33905 vrej=0 seq=0 elapsed=0 oled=3C
[   7954] STATUS mode=3 fault=none enc=-319 denc=0 sreq=0 sapplied=0 crate=-19 uimp=-298085 upos=230 uneg=1815 ball=-100.87 vball=-0.03 aball=0.1 bref=0.00 pid=-19.1 pref=-285.4 ppos=-283.5 apid=0.0 integ=-0.0 vision=1 current=1 vframe=33974 vs=1 vage=35 vpage=35 vdt=33 vmax=266 vacc=33905 vrej=0 seq=0 elapsed=0 oled=3C
[   7969] STATUS mode=3 fault=none enc=-319 denc=0 sreq=0 sapplied=0 crate=-19 uimp=-298085 upos=230 uneg=1815 ball=-100.86 vball=-0.02 aball=0.1 bref=0.00 pid=-19.1 pref=-285.4 ppos=-283.5 apid=0.0 integ=-0.0 vision=1 current=1 vframe=33975 vs=1 vage=20 vpage=20 vdt=35 vmax=266 vacc=33906 vrej=0 seq=0 elapsed=0 oled=3C
[   8000] STATUS mode=3 fault=none enc=-319 denc=0 sreq=0 sapplied=0 crate=-19 uimp=-298085 upos=230 uneg=1815 ball=-100.86 vball=-0.01 aball=0.1 bref=0.00 pid=-19.1 pref=-285.4 ppos=-283.5 apid=0.0 integ=-0.0 vision=1 current=1 vframe=33976 vs=1 vage=27 vpage=27 vdt=33 vmax=266 vacc=33907 vrej=0 seq=0 elapsed=0 oled=3C
[   8032] STATUS mode=3 fault=none enc=-319 denc=0 sreq=0 sapplied=0 crate=-19 uimp=-298085 upos=230 uneg=1815 ball=-100.86 vball=-0.01 aball=0.1 bref=0.00 pid=-19.1 pref=-285.4 ppos=-283.5 apid=0.0 integ=-0.0 vision=1 current=1 vframe=33977 vs=1 vage=13 vpage=13 vdt=34 vmax=266 vacc=33908 vrej=0 seq=0 elapsed=0 oled=3C
[   8063] STATUS mode=3 fault=none enc=-319 denc=0 sreq=0 sapplied=0 crate=-19 uimp=-298085 upos=230 uneg=1815 ball=-100.86 vball=-0.00 aball=0.1 bref=0.00 pid=-19.1 pref=-285.4 ppos=-283.5 apid=0.0 integ=-0.0 vision=1 current=1 vframe=33978 vs=1 vage=21 vpage=21 vdt=32 vmax=266 vacc=33909 vrej=0 seq=0 elapsed=0 oled=3C
[   8079] STATUS mode=3 fault=none enc=-319 denc=0 sreq=0 sapplied=0 crate=-19 uimp=-298085 upos=230 uneg=1815 ball=-100.86 vball=-0.00 aball=0.1 bref=0.00 pid=-19.1 pref=-285.4 ppos=-283.5 apid=0.0 integ=-0.0 vision=1 current=1 vframe=33979 vs=1 vage=7 vpage=7 vdt=34 vmax=266 vacc=33910 vrej=0 seq=0 elapsed=0 oled=3C
[   8110] STATUS mode=3 fault=none enc=-319 denc=0 sreq=0 sapplied=0 crate=-19 uimp=-298085 upos=230 uneg=1815 ball=-100.86 vball=-0.00 aball=0.1 bref=0.00 pid=-19.1 pref=-285.4 ppos=-283.5 apid=0.0 integ=-0.0 vision=1 current=1 vframe=33979 vs=1 vage=27 vpage=27 vdt=34 vmax=266 vacc=33910 vrej=0 seq=0 elapsed=0 oled=3C
[   8141] STATUS mode=3 fault=none enc=-319 denc=0 sreq=0 sapplied=0 crate=-19 uimp=-298085 upos=230 uneg=1815 ball=-100.86 vball=-0.00 aball=0.1 bref=0.00 pid=-19.1 pref=-285.4 ppos=-283.5 apid=0.0 integ=-0.0 vision=1 current=1 vframe=33981 vs=1 vage=1 vpage=1 vdt=33 vmax=266 vacc=33912 vrej=0 seq=0 elapsed=0 oled=3C
[   8157] STATUS mode=3 fault=none enc=-319 denc=0 sreq=0 sapplied=0 crate=-19 uimp=-298085 upos=230 uneg=1815 ball=-100.86 vball=-0.00 aball=0.1 bref=0.00 pid=-19.1 pref=-285.4 ppos=-283.5 apid=0.0 integ=-0.0 vision=1 current=1 vframe=33981 vs=1 vage=21 vpage=21 vdt=33 vmax=266 vacc=33912 vrej=0 seq=0 elapsed=0 oled=3C
[   8188] STATUS mode=3 fault=none enc=-319 denc=0 sreq=0 sapplied=0 crate=-19 uimp=-298085 upos=230 uneg=1815 ball=-100.86 vball=-0.00 aball=0.1 bref=0.00 pid=-19.1 pref=-285.4 ppos=-283.5 apid=0.0 integ=-0.0 vision=1 current=1 vframe=33982 vs=1 vage=8 vpage=8 vdt=33 vmax=266 vacc=33913 vrej=0 seq=0 elapsed=0 oled=3C
[   8219] STATUS mode=3 fault=none enc=-319 denc=0 sreq=0 sapplied=0 crate=-19 uimp=-298085 upos=230 uneg=1815 ball=-100.86 vball=-0.00 aball=0.1 bref=0.00 pid=-19.1 pref=-285.4 ppos=-283.5 apid=0.0 integ=-0.0 vision=1 current=1 vframe=33983 vs=1 vage=14 vpage=14 vdt=34 vmax=266 vacc=33914 vrej=0 seq=0 elapsed=0 oled=3C
[   8250] STATUS mode=3 fault=none enc=-319 denc=0 sreq=0 sapplied=0 crate=-19 uimp=-298085 upos=230 uneg=1815 ball=-100.86 vball=-0.00 aball=0.1 bref=0.00 pid=-19.1 pref=-285.4 ppos=-283.5 apid=0.0 integ=-0.0 vision=1 current=1 vframe=33983 vs=1 vage=34 vpage=34 vdt=34 vmax=266 vacc=33914 vrej=0 seq=0 elapsed=0 oled=3C
[   8266] STATUS mode=3 fault=none enc=-319 denc=0 sreq=0 sapplied=0 crate=-19 uimp=-298085 upos=230 uneg=1815 ball=-100.86 vball=-0.00 aball=0.1 bref=0.00 pid=-19.1 pref=-285.4 ppos=-283.5 apid=0.0 integ=-0.0 vision=1 current=1 vframe=33984 vs=1 vage=19 vpage=19 vdt=35 vmax=266 vacc=33915 vrej=0 seq=0 elapsed=0 oled=3C
[   8297] STATUS mode=3 fault=none enc=-319 denc=0 sreq=0 sapplied=0 crate=-19 uimp=-298085 upos=230 uneg=1815 ball=-100.86 vball=-0.00 aball=0.1 bref=0.00 pid=-19.1 pref=-285.4 ppos=-283.5 apid=0.0 integ=-0.0 vision=1 current=1 vframe=33985 vs=1 vage=27 vpage=27 vdt=32 vmax=266 vacc=33916 vrej=0 seq=0 elapsed=0 oled=3C
[   8329] STATUS mode=3 fault=none enc=-319 denc=0 sreq=0 sapplied=0 crate=-19 uimp=-298085 upos=230 uneg=1815 ball=-100.86 vball=-0.00 aball=0.0 bref=0.00 pid=-19.1 pref=-285.4 ppos=-283.5 apid=0.0 integ=-0.0 vision=1 current=1 vframe=33986 vs=1 vage=14 vpage=14 vdt=33 vmax=266 vacc=33917 vrej=0 seq=0 elapsed=0 oled=3C
[   8360] STATUS mode=3 fault=none enc=-319 denc=0 sreq=0 sapplied=0 crate=-19 uimp=-298085 upos=230 uneg=1815 ball=-100.86 vball=-0.00 aball=0.0 bref=0.00 pid=-19.1 pref=-285.4 ppos=-283.5 apid=0.0 integ=-0.0 vision=1 current=1 vframe=33987 vs=1 vage=1 vpage=1 vdt=33 vmax=266 vacc=33918 vrej=0 seq=0 elapsed=0 oled=3C
[   8375] STATUS mode=3 fault=none enc=-319 denc=0 sreq=0 sapplied=0 crate=-19 uimp=-298085 upos=230 uneg=1815 ball=-100.86 vball=-0.00 aball=0.0 bref=0.00 pid=-19.1 pref=-285.4 ppos=-283.5 apid=0.0 integ=-0.0 vision=1 current=1 vframe=33988 vs=1 vage=7 vpage=7 vdt=34 vmax=266 vacc=33919 vrej=0 seq=0 elapsed=0 oled=3C
[   8407] STATUS mode=3 fault=none enc=-319 denc=0 sreq=0 sapplied=0 crate=-19 uimp=-298085 upos=230 uneg=1815 ball=-100.86 vball=-0.00 aball=0.0 bref=0.00 pid=-19.1 pref=-285.4 ppos=-283.5 apid=0.0 integ=-0.0 vision=1 current=1 vframe=33988 vs=1 vage=27 vpage=27 vdt=34 vmax=266 vacc=33919 vrej=0 seq=0 elapsed=0 oled=3C
[   8438] STATUS mode=3 fault=none enc=-319 denc=0 sreq=0 sapplied=0 crate=-19 uimp=-298085 upos=230 uneg=1815 ball=-100.86 vball=-0.00 aball=0.0 bref=0.00 pid=-19.1 pref=-285.4 ppos=-283.5 apid=0.0 integ=-0.0 vision=1 current=1 vframe=33989 vs=1 vage=14 vpage=14 vdt=33 vmax=266 vacc=33920 vrej=0 seq=0 elapsed=0 oled=3C
[   8469] STATUS mode=3 fault=none enc=-319 denc=0 sreq=0 sapplied=0 crate=-19 uimp=-298085 upos=230 uneg=1815 ball=-100.86 vball=-0.00 aball=0.0 bref=0.00 pid=-19.1 pref=-285.4 ppos=-283.5 apid=0.0 integ=-0.0 vision=1 current=1 vframe=33990 vs=1 vage=20 vpage=20 vdt=34 vmax=266 vacc=33921 vrej=0 seq=0 elapsed=0 oled=3C
[   8485] STATUS mode=3 fault=none enc=-319 denc=0 sreq=0 sapplied=0 crate=-19 uimp=-298085 upos=230 uneg=1815 ball=-100.86 vball=-0.00 aball=0.0 bref=0.00 pid=-19.1 pref=-285.4 ppos=-283.5 apid=0.0 integ=-0.0 vision=1 current=1 vframe=33991 vs=1 vage=7 vpage=7 vdt=33 vmax=266 vacc=33922 vrej=0 seq=0 elapsed=0 oled=3C
[   8516] STATUS mode=3 fault=none enc=-319 denc=0 sreq=0 sapplied=0 crate=-19 uimp=-298085 upos=230 uneg=1815 ball=-100.86 vball=-0.00 aball=0.0 bref=0.00 pid=-19.1 pref=-285.4 ppos=-283.5 apid=0.0 integ=-0.0 vision=1 current=1 vframe=33992 vs=1 vage=14 vpage=14 vdt=33 vmax=266 vacc=33923 vrej=0 seq=0 elapsed=0 oled=3C
[   8547] STATUS mode=3 fault=none enc=-319 denc=0 sreq=0 sapplied=0 crate=-19 uimp=-298085 upos=230 uneg=1815 ball=-100.86 vball=-0.00 aball=0.0 bref=0.00 pid=-19.1 pref=-285.4 ppos=-283.5 apid=0.0 integ=-0.0 vision=1 current=1 vframe=33992 vs=1 vage=34 vpage=34 vdt=33 vmax=266 vacc=33923 vrej=0 seq=0 elapsed=0 oled=3C
[   8579] STATUS mode=3 fault=none enc=-319 denc=0 sreq=0 sapplied=0 crate=-19 uimp=-298085 upos=230 uneg=1815 ball=-100.86 vball=-0.00 aball=0.0 bref=0.00 pid=-19.1 pref=-285.4 ppos=-283.5 apid=0.0 integ=-0.0 vision=1 current=1 vframe=33993 vs=1 vage=20 vpage=20 vdt=34 vmax=266 vacc=33924 vrej=0 seq=0 elapsed=0 oled=3C
[   8594] STATUS mode=3 fault=none enc=-319 denc=0 sreq=0 sapplied=0 crate=-19 uimp=-298085 upos=230 uneg=1815 ball=-100.86 vball=-0.00 aball=0.0 bref=0.00 pid=-19.1 pref=-285.4 ppos=-283.5 apid=0.0 integ=-0.0 vision=1 current=1 vframe=33994 vs=1 vage=27 vpage=27 vdt=33 vmax=266 vacc=33925 vrej=0 seq=0 elapsed=0 oled=3C
[   8625] STATUS mode=3 fault=none enc=-319 denc=0 sreq=0 sapplied=0 crate=-19 uimp=-298085 upos=230 uneg=1815 ball=-100.86 vball=-0.00 aball=0.0 bref=0.00 pid=-19.1 pref=-285.4 ppos=-283.5 apid=0.0 integ=-0.0 vision=1 current=1 vframe=33995 vs=1 vage=14 vpage=14 vdt=33 vmax=266 vacc=33926 vrej=0 seq=0 elapsed=0 oled=3C
[   8657] STATUS mode=3 fault=none enc=-319 denc=0 sreq=0 sapplied=0 crate=-19 uimp=-298085 upos=230 uneg=1815 ball=-100.86 vball=-0.00 aball=0.0 bref=0.00 pid=-19.1 pref=-285.4 ppos=-283.5 apid=0.0 integ=-0.0 vision=1 current=1 vframe=33996 vs=1 vage=1 vpage=1 vdt=33 vmax=266 vacc=33927 vrej=0 seq=0 elapsed=0 oled=3C
[   8672] STATUS mode=3 fault=none enc=-319 denc=0 sreq=0 sapplied=0 crate=-19 uimp=-298085 upos=230 uneg=1815 ball=-100.86 vball=-0.00 aball=0.0 bref=0.00 pid=-19.1 pref=-285.4 ppos=-283.5 apid=0.0 integ=-0.0 vision=1 current=1 vframe=33997 vs=1 vage=7 vpage=7 vdt=34 vmax=266 vacc=33928 vrej=0 seq=0 elapsed=0 oled=3C
[   8704] STATUS mode=3 fault=none enc=-319 denc=0 sreq=0 sapplied=0 crate=-19 uimp=-298085 upos=230 uneg=1815 ball=-100.86 vball=-0.00 aball=0.0 bref=0.00 pid=-19.1 pref=-285.4 ppos=-283.5 apid=0.0 integ=-0.0 vision=1 current=1 vframe=33997 vs=1 vage=27 vpage=27 vdt=34 vmax=266 vacc=33928 vrej=0 seq=0 elapsed=0 oled=3C
[   8735] STATUS mode=3 fault=none enc=-319 denc=0 sreq=0 sapplied=0 crate=-19 uimp=-298085 upos=230 uneg=1815 ball=-100.86 vball=-0.00 aball=0.0 bref=0.00 pid=-19.1 pref=-285.4 ppos=-283.5 apid=0.0 integ=-0.0 vision=1 current=1 vframe=33998 vs=1 vage=14 vpage=14 vdt=33 vmax=266 vacc=33929 vrej=0 seq=0 elapsed=0 oled=3C
[   8766] STATUS mode=3 fault=none enc=-319 denc=0 sreq=0 sapplied=0 crate=-19 uimp=-298085 upos=230 uneg=1815 ball=-100.86 vball=-0.00 aball=0.0 bref=0.00 pid=-19.1 pref=-285.4 ppos=-283.5 apid=0.0 integ=-0.0 vision=1 current=1 vframe=33999 vs=1 vage=21 vpage=21 vdt=33 vmax=266 vacc=33930 vrej=0 seq=0 elapsed=0 oled=3C
[   8782] STATUS mode=3 fault=none enc=-319 denc=0 sreq=0 sapplied=0 crate=-19 uimp=-298085 upos=230 uneg=1815 ball=-100.86 vball=-0.00 aball=0.0 bref=0.00 pid=-19.1 pref=-285.4 ppos=-283.5 apid=0.0 integ=-0.0 vision=1 current=1 vframe=34000 vs=1 vage=8 vpage=8 vdt=33 vmax=266 vacc=33931 vrej=0 seq=0 elapsed=0 oled=3C
[   8813] STATUS mode=3 fault=none enc=-319 denc=0 sreq=0 sapplied=0 crate=-19 uimp=-298085 upos=230 uneg=1815 ball=-100.86 vball=-0.00 aball=0.0 bref=0.00 pid=-19.1 pref=-285.4 ppos=-283.5 apid=0.0 integ=-0.0 vision=1 current=1 vframe=34000 vs=1 vage=28 vpage=28 vdt=33 vmax=266 vacc=33931 vrej=0 seq=0 elapsed=0 oled=3C
[   8844] STATUS mode=3 fault=none enc=-319 denc=0 sreq=0 sapplied=0 crate=-19 uimp=-298085 upos=230 uneg=1815 ball=-100.86 vball=-0.00 aball=0.0 bref=0.00 pid=-19.1 pref=-285.4 ppos=-283.5 apid=0.0 integ=-0.0 vision=1 current=1 vframe=34001 vs=1 vage=34 vpage=34 vdt=34 vmax=266 vacc=33932 vrej=0 seq=0 elapsed=0 oled=3C
[   8875] STATUS mode=3 fault=none enc=-319 denc=0 sreq=0 sapplied=0 crate=-19 uimp=-298085 upos=230 uneg=1815 ball=-100.86 vball=-0.00 aball=0.0 bref=0.00 pid=-19.1 pref=-285.4 ppos=-283.5 apid=0.0 integ=-0.0 vision=1 current=1 vframe=34002 vs=1 vage=20 vpage=20 vdt=34 vmax=266 vacc=33933 vrej=0 seq=0 elapsed=0 oled=3C
[   8891] STATUS mode=3 fault=none enc=-319 denc=0 sreq=0 sapplied=0 crate=-19 uimp=-298085 upos=230 uneg=1815 ball=-100.86 vball=-0.00 aball=0.0 bref=0.00 pid=-19.1 pref=-285.4 ppos=-283.5 apid=0.0 integ=-0.0 vision=1 current=1 vframe=34003 vs=1 vage=27 vpage=27 vdt=33 vmax=266 vacc=33934 vrej=0 seq=0 elapsed=0 oled=3C
[   8922] STATUS mode=3 fault=none enc=-319 denc=0 sreq=0 sapplied=0 crate=-19 uimp=-298085 upos=230 uneg=1815 ball=-100.86 vball=-0.00 aball=0.0 bref=0.00 pid=-19.1 pref=-285.4 ppos=-283.5 apid=0.0 integ=-0.0 vision=1 current=1 vframe=34004 vs=1 vage=14 vpage=14 vdt=33 vmax=266 vacc=33935 vrej=0 seq=0 elapsed=0 oled=3C
[   8954] STATUS mode=3 fault=none enc=-319 denc=0 sreq=0 sapplied=0 crate=-19 uimp=-298085 upos=230 uneg=1815 ball=-100.86 vball=-0.00 aball=0.0 bref=0.00 pid=-19.1 pref=-285.4 ppos=-283.5 apid=0.0 integ=-0.0 vision=1 current=1 vframe=34005 vs=1 vage=1 vpage=1 vdt=33 vmax=266 vacc=33936 vrej=0 seq=0 elapsed=0 oled=3C
[   8985] STATUS mode=3 fault=none enc=-319 denc=0 sreq=0 sapplied=0 crate=-19 uimp=-298085 upos=230 uneg=1815 ball=-100.86 vball=-0.00 aball=0.0 bref=0.00 pid=-19.1 pref=-285.4 ppos=-283.5 apid=0.0 integ=-0.0 vision=1 current=1 vframe=34006 vs=1 vage=7 vpage=7 vdt=34 vmax=266 vacc=33937 vrej=0 seq=0 elapsed=0 oled=3C
[   9000] STATUS mode=3 fault=none enc=-319 denc=0 sreq=0 sapplied=0 crate=-19 uimp=-298085 upos=230 uneg=1815 ball=-100.86 vball=-0.00 aball=0.0 bref=0.00 pid=-19.1 pref=-285.4 ppos=-283.5 apid=0.0 integ=-0.0 vision=1 current=1 vframe=34006 vs=1 vage=27 vpage=27 vdt=34 vmax=266 vacc=33937 vrej=0 seq=0 elapsed=0 oled=3C
[   9032] STATUS mode=3 fault=none enc=-319 denc=0 sreq=0 sapplied=0 crate=-19 uimp=-298085 upos=230 uneg=1815 ball=-100.86 vball=-0.00 aball=0.0 bref=0.00 pid=-19.1 pref=-285.4 ppos=-283.5 apid=0.0 integ=-0.0 vision=1 current=1 vframe=34007 vs=1 vage=13 vpage=13 vdt=34 vmax=266 vacc=33938 vrej=0 seq=0 elapsed=0 oled=3C
[   9063] STATUS mode=3 fault=none enc=-319 denc=0 sreq=0 sapplied=0 crate=-19 uimp=-298085 upos=230 uneg=1815 ball=-100.86 vball=-0.00 aball=0.0 bref=0.00 pid=-19.1 pref=-285.4 ppos=-283.5 apid=0.0 integ=-0.0 vision=1 current=1 vframe=34008 vs=1 vage=21 vpage=21 vdt=32 vmax=266 vacc=33939 vrej=0 seq=0 elapsed=0 oled=3C
[   9094] STATUS mode=3 fault=none enc=-319 denc=0 sreq=0 sapplied=0 crate=-19 uimp=-298085 upos=230 uneg=1815 ball=-100.86 vball=-0.00 aball=0.0 bref=0.00 pid=-19.1 pref=-285.4 ppos=-283.5 apid=0.0 integ=-0.0 vision=1 current=1 vframe=34009 vs=1 vage=8 vpage=8 vdt=33 vmax=266 vacc=33940 vrej=0 seq=0 elapsed=0 oled=3C
[   9110] STATUS mode=3 fault=none enc=-319 denc=0 sreq=0 sapplied=0 crate=-19 uimp=-298085 upos=230 uneg=1815 ball=-100.86 vball=-0.00 aball=0.0 bref=0.00 pid=-19.1 pref=-285.4 ppos=-283.5 apid=0.0 integ=-0.0 vision=1 current=1 vframe=34009 vs=1 vage=28 vpage=28 vdt=33 vmax=266 vacc=33940 vrej=0 seq=0 elapsed=0 oled=3C
[   9141] STATUS mode=3 fault=none enc=-319 denc=0 sreq=0 sapplied=0 crate=-19 uimp=-298085 upos=230 uneg=1815 ball=-100.86 vball=-0.00 aball=0.0 bref=0.00 pid=-19.1 pref=-285.4 ppos=-283.5 apid=0.0 integ=-0.0 vision=1 current=1 vframe=34011 vs=1 vage=1 vpage=1 vdt=34 vmax=266 vacc=33942 vrej=0 seq=0 elapsed=0 oled=3C
[   9172] STATUS mode=3 fault=none enc=-319 denc=0 sreq=0 sapplied=0 crate=-19 uimp=-298085 upos=230 uneg=1815 ball=-100.86 vball=-0.00 aball=0.0 bref=0.00 pid=-19.1 pref=-285.4 ppos=-283.5 apid=0.0 integ=-0.0 vision=1 current=1 vframe=34011 vs=1 vage=21 vpage=21 vdt=34 vmax=266 vacc=33942 vrej=0 seq=0 elapsed=0 oled=3C
[   9188] STATUS mode=3 fault=none enc=-319 denc=0 sreq=0 sapplied=0 crate=-19 uimp=-298085 upos=230 uneg=1815 ball=-100.86 vball=-0.00 aball=0.0 bref=0.00 pid=-19.1 pref=-285.4 ppos=-283.5 apid=0.0 integ=-0.0 vision=1 current=1 vframe=34012 vs=1 vage=7 vpage=7 vdt=34 vmax=266 vacc=33943 vrej=0 seq=0 elapsed=0 oled=3C
[   9219] STATUS mode=3 fault=none enc=-319 denc=0 sreq=0 sapplied=0 crate=-19 uimp=-298085 upos=230 uneg=1815 ball=-100.86 vball=-0.00 aball=0.0 bref=0.00 pid=-19.1 pref=-285.4 ppos=-283.5 apid=0.0 integ=-0.0 vision=1 current=1 vframe=34013 vs=1 vage=15 vpage=15 vdt=32 vmax=266 vacc=33944 vrej=0 seq=0 elapsed=0 oled=3C
[   9250] STATUS mode=3 fault=none enc=-319 denc=0 sreq=0 sapplied=0 crate=-19 uimp=-298085 upos=230 uneg=1815 ball=-100.86 vball=-0.00 aball=0.0 bref=0.00 pid=-19.1 pref=-285.4 ppos=-283.5 apid=0.0 integ=-0.0 vision=1 current=1 vframe=34014 vs=1 vage=1 vpage=1 vdt=34 vmax=266 vacc=33945 vrej=0 seq=0 elapsed=0 oled=3C
[   9282] STATUS mode=3 fault=none enc=-319 denc=0 sreq=0 sapplied=0 crate=-19 uimp=-298085 upos=230 uneg=1815 ball=-100.86 vball=-0.00 aball=0.0 bref=0.00 pid=-19.1 pref=-285.4 ppos=-283.5 apid=0.0 integ=-0.0 vision=1 current=1 vframe=34015 vs=1 vage=8 vpage=8 vdt=33 vmax=266 vacc=33946 vrej=0 seq=0 elapsed=0 oled=3C
[   9297] STATUS mode=3 fault=none enc=-319 denc=0 sreq=0 sapplied=0 crate=-19 uimp=-298085 upos=230 uneg=1815 ball=-100.86 vball=-0.00 aball=0.0 bref=0.00 pid=-19.1 pref=-285.4 ppos=-283.5 apid=0.0 integ=-0.0 vision=1 current=1 vframe=34015 vs=1 vage=28 vpage=28 vdt=33 vmax=266 vacc=33946 vrej=0 seq=0 elapsed=0 oled=3C
[   9329] STATUS mode=3 fault=none enc=-319 denc=0 sreq=0 sapplied=0 crate=-19 uimp=-298085 upos=230 uneg=1815 ball=-100.86 vball=-0.00 aball=0.0 bref=0.00 pid=-19.1 pref=-285.4 ppos=-283.5 apid=0.0 integ=-0.0 vision=1 current=1 vframe=34016 vs=1 vage=15 vpage=15 vdt=33 vmax=266 vacc=33947 vrej=0 seq=0 elapsed=0 oled=3C
[   9360] STATUS mode=3 fault=none enc=-319 denc=0 sreq=0 sapplied=0 crate=-19 uimp=-298085 upos=230 uneg=1815 ball=-100.86 vball=-0.00 aball=0.0 bref=0.00 pid=-19.1 pref=-285.4 ppos=-283.5 apid=0.0 integ=-0.0 vision=1 current=1 vframe=34017 vs=1 vage=22 vpage=22 vdt=33 vmax=266 vacc=33948 vrej=0 seq=0 elapsed=0 oled=3C
[   9391] STATUS mode=3 fault=none enc=-319 denc=0 sreq=0 sapplied=0 crate=-19 uimp=-298085 upos=230 uneg=1815 ball=-100.86 vball=-0.00 aball=0.0 bref=0.00 pid=-19.1 pref=-285.4 ppos=-283.5 apid=0.0 integ=-0.0 vision=1 current=1 vframe=34018 vs=1 vage=8 vpage=8 vdt=34 vmax=266 vacc=33949 vrej=0 seq=0 elapsed=0 oled=3C
[   9407] STATUS mode=3 fault=none enc=-319 denc=0 sreq=0 sapplied=0 crate=-19 uimp=-298085 upos=230 uneg=1815 ball=-100.86 vball=-0.00 aball=0.0 bref=0.00 pid=-19.1 pref=-285.4 ppos=-283.5 apid=0.0 integ=-0.0 vision=1 current=1 vframe=34018 vs=1 vage=28 vpage=28 vdt=34 vmax=266 vacc=33949 vrej=0 seq=0 elapsed=0 oled=3C
[   9438] STATUS mode=3 fault=none enc=-319 denc=0 sreq=0 sapplied=0 crate=-19 uimp=-298085 upos=230 uneg=1815 ball=-100.86 vball=-0.00 aball=0.0 bref=0.00 pid=-19.1 pref=-285.4 ppos=-283.5 apid=0.0 integ=-0.0 vision=1 current=1 vframe=34020 vs=1 vage=2 vpage=2 vdt=33 vmax=266 vacc=33951 vrej=0 seq=0 elapsed=0 oled=3C
[   9469] STATUS mode=3 fault=none enc=-319 denc=0 sreq=0 sapplied=0 crate=-19 uimp=-298085 upos=230 uneg=1815 ball=-100.86 vball=-0.00 aball=0.0 bref=0.00 pid=-19.1 pref=-285.4 ppos=-283.5 apid=0.0 integ=-0.0 vision=1 current=1 vframe=34020 vs=1 vage=22 vpage=22 vdt=33 vmax=266 vacc=33951 vrej=0 seq=0 elapsed=0 oled=3C
[   9500] STATUS mode=3 fault=none enc=-319 denc=0 sreq=0 sapplied=0 crate=-19 uimp=-298085 upos=230 uneg=1815 ball=-100.86 vball=-0.00 aball=0.0 bref=0.00 pid=-19.1 pref=-285.4 ppos=-283.5 apid=0.0 integ=-0.0 vision=1 current=1 vframe=34021 vs=1 vage=8 vpage=8 vdt=34 vmax=266 vacc=33952 vrej=0 seq=0 elapsed=0 oled=3C
[   9516] STATUS mode=3 fault=none enc=-319 denc=0 sreq=0 sapplied=0 crate=-19 uimp=-298085 upos=230 uneg=1815 ball=-100.86 vball=-0.00 aball=0.0 bref=0.00 pid=-19.1 pref=-285.4 ppos=-283.5 apid=0.0 integ=-0.0 vision=1 current=1 vframe=34022 vs=1 vage=15 vpage=15 vdt=33 vmax=266 vacc=33953 vrej=0 seq=0 elapsed=0 oled=3C
[   9547] STATUS mode=3 fault=none enc=-319 denc=0 sreq=0 sapplied=0 crate=-19 uimp=-298085 upos=230 uneg=1815 ball=-100.86 vball=-0.00 aball=0.0 bref=0.00 pid=-19.1 pref=-285.4 ppos=-283.5 apid=0.0 integ=-0.0 vision=1 current=1 vframe=34023 vs=1 vage=2 vpage=2 vdt=33 vmax=266 vacc=33954 vrej=0 seq=0 elapsed=0 oled=3C
[   9579] STATUS mode=3 fault=none enc=-319 denc=0 sreq=0 sapplied=0 crate=-19 uimp=-298085 upos=230 uneg=1815 ball=-100.86 vball=-0.00 aball=0.0 bref=0.00 pid=-19.1 pref=-285.4 ppos=-283.5 apid=0.0 integ=-0.0 vision=1 current=1 vframe=34023 vs=1 vage=22 vpage=22 vdt=33 vmax=266 vacc=33954 vrej=0 seq=0 elapsed=0 oled=3C
[   9594] STATUS mode=3 fault=none enc=-319 denc=0 sreq=0 sapplied=0 crate=-19 uimp=-298085 upos=230 uneg=1815 ball=-100.86 vball=-0.00 aball=0.0 bref=0.00 pid=-19.1 pref=-285.4 ppos=-283.5 apid=0.0 integ=-0.0 vision=1 current=1 vframe=34024 vs=1 vage=28 vpage=28 vdt=34 vmax=266 vacc=33955 vrej=0 seq=0 elapsed=0 oled=3C
[   9625] STATUS mode=3 fault=none enc=-319 denc=0 sreq=0 sapplied=0 crate=-19 uimp=-298085 upos=230 uneg=1815 ball=-100.86 vball=0.00 aball=0.0 bref=0.00 pid=-19.1 pref=-285.4 ppos=-283.5 apid=0.0 integ=-0.0 vision=1 current=1 vframe=34025 vs=1 vage=15 vpage=15 vdt=33 vmax=266 vacc=33956 vrej=0 seq=0 elapsed=0 oled=3C
[   9657] STATUS mode=3 fault=none enc=-319 denc=0 sreq=0 sapplied=0 crate=-19 uimp=-298085 upos=230 uneg=1815 ball=-100.86 vball=0.00 aball=0.0 bref=0.00 pid=-19.1 pref=-285.4 ppos=-283.5 apid=0.0 integ=-0.0 vision=1 current=1 vframe=34026 vs=1 vage=22 vpage=22 vdt=33 vmax=266 vacc=33957 vrej=0 seq=0 elapsed=0 oled=3C
[   9688] STATUS mode=3 fault=none enc=-319 denc=0 sreq=0 sapplied=0 crate=-19 uimp=-298085 upos=230 uneg=1815 ball=-100.86 vball=0.00 aball=0.0 bref=0.00 pid=-19.1 pref=-285.4 ppos=-283.5 apid=0.0 integ=-0.0 vision=1 current=1 vframe=34027 vs=1 vage=8 vpage=8 vdt=34 vmax=266 vacc=33958 vrej=0 seq=0 elapsed=0 oled=3C
[   9704] STATUS mode=3 fault=none enc=-319 denc=0 sreq=0 sapplied=0 crate=-19 uimp=-298085 upos=230 uneg=1815 ball=-100.86 vball=0.00 aball=0.0 bref=0.00 pid=-19.1 pref=-285.4 ppos=-283.5 apid=0.0 integ=-0.0 vision=1 current=1 vframe=34027 vs=1 vage=28 vpage=28 vdt=34 vmax=266 vacc=33958 vrej=0 seq=0 elapsed=0 oled=3C
[   9735] STATUS mode=3 fault=none enc=-319 denc=0 sreq=0 sapplied=0 crate=-19 uimp=-298085 upos=230 uneg=1815 ball=-100.86 vball=0.00 aball=0.0 bref=0.00 pid=-19.1 pref=-285.4 ppos=-283.5 apid=0.0 integ=-0.0 vision=1 current=1 vframe=34029 vs=1 vage=1 vpage=1 vdt=34 vmax=266 vacc=33960 vrej=0 seq=0 elapsed=0 oled=3C
[   9766] STATUS mode=3 fault=none enc=-319 denc=0 sreq=0 sapplied=0 crate=-19 uimp=-298085 upos=230 uneg=1815 ball=-100.86 vball=0.00 aball=0.0 bref=0.00 pid=-19.1 pref=-285.4 ppos=-283.5 apid=0.0 integ=-0.0 vision=1 current=1 vframe=34029 vs=1 vage=21 vpage=21 vdt=34 vmax=266 vacc=33960 vrej=0 seq=0 elapsed=0 oled=3C
[   9797] STATUS mode=3 fault=none enc=-319 denc=0 sreq=0 sapplied=0 crate=-19 uimp=-298085 upos=230 uneg=1815 ball=-100.86 vball=0.00 aball=0.0 bref=0.00 pid=-19.1 pref=-285.4 ppos=-283.5 apid=0.0 integ=-0.0 vision=1 current=1 vframe=34030 vs=1 vage=7 vpage=7 vdt=34 vmax=266 vacc=33961 vrej=0 seq=0 elapsed=0 oled=3C
[   9813] STATUS mode=3 fault=none enc=-319 denc=0 sreq=0 sapplied=0 crate=-19 uimp=-298085 upos=230 uneg=1815 ball=-100.86 vball=0.00 aball=0.0 bref=0.00 pid=-19.1 pref=-285.4 ppos=-283.5 apid=0.0 integ=-0.0 vision=1 current=1 vframe=34031 vs=1 vage=14 vpage=14 vdt=33 vmax=266 vacc=33962 vrej=0 seq=0 elapsed=0 oled=3C
[   9844] STATUS mode=3 fault=none enc=-319 denc=0 sreq=0 sapplied=0 crate=-19 uimp=-298085 upos=230 uneg=1815 ball=-100.86 vball=0.00 aball=0.0 bref=0.00 pid=-19.1 pref=-285.4 ppos=-283.5 apid=0.0 integ=-0.0 vision=1 current=1 vframe=34032 vs=1 vage=1 vpage=1 vdt=33 vmax=266 vacc=33963 vrej=0 seq=0 elapsed=0 oled=3C
[   9875] STATUS mode=3 fault=none enc=-319 denc=0 sreq=0 sapplied=0 crate=-19 uimp=-298085 upos=230 uneg=1815 ball=-100.86 vball=0.00 aball=0.0 bref=0.00 pid=-19.1 pref=-285.4 ppos=-283.5 apid=0.0 integ=-0.0 vision=1 current=1 vframe=34032 vs=1 vage=21 vpage=21 vdt=33 vmax=266 vacc=33963 vrej=0 seq=0 elapsed=0 oled=3C
[   9907] STATUS mode=3 fault=none enc=-319 denc=0 sreq=0 sapplied=0 crate=-19 uimp=-298085 upos=230 uneg=1815 ball=-100.86 vball=-0.00 aball=0.0 bref=0.00 pid=-19.1 pref=-285.4 ppos=-283.5 apid=0.0 integ=-0.0 vision=1 current=1 vframe=34033 vs=1 vage=27 vpage=27 vdt=34 vmax=266 vacc=33964 vrej=0 seq=0 elapsed=0 oled=3C
[   9922] STATUS mode=3 fault=none enc=-319 denc=0 sreq=0 sapplied=0 crate=-19 uimp=-298085 upos=230 uneg=1815 ball=-100.86 vball=-0.00 aball=0.0 bref=0.00 pid=-19.1 pref=-285.4 ppos=-283.5 apid=0.0 integ=-0.0 vision=1 current=1 vframe=34034 vs=1 vage=14 vpage=14 vdt=33 vmax=266 vacc=33965 vrej=0 seq=0 elapsed=0 oled=3C
[   9954] STATUS mode=3 fault=none enc=-319 denc=0 sreq=0 sapplied=0 crate=-19 uimp=-298085 upos=230 uneg=1815 ball=-100.86 vball=-0.00 aball=0.0 bref=0.00 pid=-19.1 pref=-285.4 ppos=-283.5 apid=0.0 integ=-0.0 vision=1 current=1 vframe=34035 vs=1 vage=1 vpage=1 vdt=33 vmax=266 vacc=33966 vrej=0 seq=0 elapsed=0 oled=3C
[   9985] STATUS mode=3 fault=none enc=-319 denc=0 sreq=0 sapplied=0 crate=-19 uimp=-298085 upos=230 uneg=1815 ball=-100.86 vball=-0.00 aball=0.0 bref=0.00 pid=-19.1 pref=-285.4 ppos=-283.5 apid=0.0 integ=-0.0 vision=1 current=1 vframe=34036 vs=1 vage=5 vpage=5 vdt=36 vmax=266 vacc=33967 vrej=0 seq=0 elapsed=0 oled=3C
[  10000] STATUS mode=3 fault=none enc=-319 denc=0 sreq=0 sapplied=0 crate=-19 uimp=-298085 upos=230 uneg=1815 ball=-100.86 vball=-0.00 aball=0.0 bref=0.00 pid=-19.1 pref=-285.4 ppos=-283.5 apid=0.0 integ=-0.0 vision=1 current=1 vframe=34036 vs=1 vage=25 vpage=25 vdt=36 vmax=266 vacc=33967 vrej=0 seq=0 elapsed=0 oled=3C
[  10032] STATUS mode=3 fault=none enc=-319 denc=0 sreq=0 sapplied=0 crate=-19 uimp=-298085 upos=230 uneg=1815 ball=-100.86 vball=-0.00 aball=0.0 bref=0.00 pid=-19.1 pref=-285.4 ppos=-283.5 apid=0.0 integ=-0.0 vision=1 current=1 vframe=34036 vs=1 vage=45 vpage=45 vdt=36 vmax=266 vacc=33967 vrej=0 seq=0 elapsed=0 oled=3C
[  10063] STATUS mode=3 fault=none enc=-319 denc=0 sreq=0 sapplied=0 crate=-19 uimp=-298085 upos=230 uneg=1815 ball=-100.86 vball=-0.00 aball=0.0 bref=0.00 pid=-19.1 pref=-285.4 ppos=-283.5 apid=0.0 integ=-0.0 vision=1 current=1 vframe=34039 vs=1 vage=4 vpage=4 vdt=23 vmax=266 vacc=33970 vrej=0 seq=0 elapsed=0 oled=3C
[  10094] STATUS mode=3 fault=none enc=-319 denc=0 sreq=0 sapplied=0 crate=-19 uimp=-298085 upos=230 uneg=1815 ball=-100.86 vball=-0.00 aball=0.0 bref=0.00 pid=-19.1 pref=-285.4 ppos=-283.5 apid=0.0 integ=-0.0 vision=1 current=1 vframe=34039 vs=1 vage=24 vpage=24 vdt=23 vmax=266 vacc=33970 vrej=0 seq=0 elapsed=0 oled=3C
[  10110] STATUS mode=3 fault=none enc=-319 denc=0 sreq=0 sapplied=0 crate=-19 uimp=-298085 upos=230 uneg=1815 ball=-100.86 vball=0.00 aball=0.0 bref=0.00 pid=-19.1 pref=-285.4 ppos=-283.5 apid=0.0 integ=-0.0 vision=1 current=1 vframe=34040 vs=1 vage=10 vpage=10 vdt=54 vmax=266 vacc=33971 vrej=0 seq=0 elapsed=0 oled=3C
[  10141] STATUS mode=3 fault=none enc=-319 denc=0 sreq=0 sapplied=0 crate=-19 uimp=-298085 upos=230 uneg=1815 ball=-100.86 vball=0.00 aball=0.0 bref=0.00 pid=-19.1 pref=-285.4 ppos=-283.5 apid=0.0 integ=-0.0 vision=1 current=1 vframe=34041 vs=1 vage=14 vpage=14 vdt=16 vmax=266 vacc=33972 vrej=0 seq=0 elapsed=0 oled=3C
[  10172] STATUS mode=3 fault=none enc=-319 denc=0 sreq=0 sapplied=0 crate=-19 uimp=-298085 upos=230 uneg=1815 ball=-100.86 vball=0.00 aball=0.0 bref=0.00 pid=-19.1 pref=-285.4 ppos=-283.5 apid=0.0 integ=-0.0 vision=1 current=1 vframe=34042 vs=1 vage=20 vpage=20 vdt=14 vmax=266 vacc=33973 vrej=0 seq=0 elapsed=0 oled=3C
[  10204] STATUS mode=3 fault=none enc=-319 denc=0 sreq=0 sapplied=0 crate=-19 uimp=-298085 upos=230 uneg=1815 ball=-100.86 vball=0.00 aball=0.0 bref=0.00 pid=-19.1 pref=-285.4 ppos=-283.5 apid=0.0 integ=-0.0 vision=1 current=1 vframe=34043 vs=1 vage=28 vpage=28 vdt=32 vmax=266 vacc=33974 vrej=0 seq=0 elapsed=0 oled=3C
[  10219] STATUS mode=3 fault=none enc=-319 denc=0 sreq=0 sapplied=0 crate=-19 uimp=-298085 upos=230 uneg=1815 ball=-100.86 vball=0.00 aball=0.0 bref=0.00 pid=-19.1 pref=-285.4 ppos=-283.5 apid=0.0 integ=-0.0 vision=1 current=1 vframe=34044 vs=1 vage=15 vpage=15 vdt=33 vmax=266 vacc=33975 vrej=0 seq=0 elapsed=0 oled=3C
[  10250] STATUS mode=3 fault=none enc=-319 denc=0 sreq=0 sapplied=0 crate=-19 uimp=-298085 upos=230 uneg=1815 ball=-100.86 vball=0.00 aball=0.0 bref=0.00 pid=-19.1 pref=-285.4 ppos=-283.5 apid=0.0 integ=-0.0 vision=1 current=1 vframe=34044 vs=1 vage=35 vpage=35 vdt=33 vmax=266 vacc=33975 vrej=0 seq=0 elapsed=0 oled=3C
[  10282] STATUS mode=3 fault=none enc=-319 denc=0 sreq=0 sapplied=0 crate=-19 uimp=-298085 upos=230 uneg=1815 ball=-100.86 vball=0.00 aball=0.0 bref=0.00 pid=-19.1 pref=-285.4 ppos=-283.5 apid=0.0 integ=-0.0 vision=1 current=1 vframe=34046 vs=1 vage=8 vpage=8 vdt=29 vmax=266 vacc=33977 vrej=0 seq=0 elapsed=0 oled=3C
[  10313] STATUS mode=3 fault=none enc=-319 denc=0 sreq=0 sapplied=0 crate=-19 uimp=-298085 upos=230 uneg=1815 ball=-100.86 vball=0.00 aball=0.0 bref=0.00 pid=-19.1 pref=-285.4 ppos=-283.5 apid=0.0 integ=-0.0 vision=1 current=1 vframe=34046 vs=1 vage=28 vpage=28 vdt=29 vmax=266 vacc=33977 vrej=0 seq=0 elapsed=0 oled=3C
[  10329] STATUS mode=3 fault=none enc=-319 denc=0 sreq=0 sapplied=0 crate=-19 uimp=-298085 upos=230 uneg=1815 ball=-100.86 vball=-0.00 aball=0.0 bref=0.00 pid=-19.1 pref=-285.4 ppos=-283.5 apid=0.0 integ=-0.0 vision=1 current=1 vframe=34047 vs=1 vage=13 vpage=13 vdt=35 vmax=266 vacc=33978 vrej=0 seq=0 elapsed=0 oled=3C
[  10360] STATUS mode=3 fault=none enc=-319 denc=0 sreq=0 sapplied=0 crate=-19 uimp=-298085 upos=230 uneg=1815 ball=-100.86 vball=-0.00 aball=0.0 bref=0.00 pid=-19.1 pref=-285.4 ppos=-283.5 apid=0.0 integ=-0.0 vision=1 current=1 vframe=34048 vs=1 vage=21 vpage=21 vdt=32 vmax=266 vacc=33979 vrej=0 seq=0 elapsed=0 oled=3C
[  10391] STATUS mode=3 fault=none enc=-319 denc=0 sreq=0 sapplied=0 crate=-19 uimp=-298085 upos=230 uneg=1815 ball=-100.86 vball=-0.00 aball=0.0 bref=0.00 pid=-19.1 pref=-285.4 ppos=-283.5 apid=0.0 integ=-0.0 vision=1 current=1 vframe=34049 vs=1 vage=8 vpage=8 vdt=33 vmax=266 vacc=33980 vrej=0 seq=0 elapsed=0 oled=3C
[  10407] STATUS mode=3 fault=none enc=-319 denc=0 sreq=0 sapplied=0 crate=-19 uimp=-298085 upos=230 uneg=1815 ball=-100.86 vball=-0.00 aball=0.0 bref=0.00 pid=-19.1 pref=-285.4 ppos=-283.5 apid=0.0 integ=-0.0 vision=1 current=1 vframe=34049 vs=1 vage=28 vpage=28 vdt=33 vmax=266 vacc=33980 vrej=0 seq=0 elapsed=0 oled=3C
[  10438] STATUS mode=3 fault=none enc=-319 denc=0 sreq=0 sapplied=0 crate=-19 uimp=-298085 upos=230 uneg=1815 ball=-100.86 vball=-0.00 aball=0.0 bref=0.00 pid=-19.1 pref=-285.4 ppos=-283.5 apid=0.0 integ=-0.0 vision=1 current=1 vframe=34051 vs=1 vage=2 vpage=2 vdt=33 vmax=266 vacc=33982 vrej=0 seq=0 elapsed=0 oled=3C
[  10469] STATUS mode=3 fault=none enc=-319 denc=0 sreq=0 sapplied=0 crate=-19 uimp=-298085 upos=230 uneg=1815 ball=-100.86 vball=-0.00 aball=0.0 bref=0.00 pid=-19.1 pref=-285.4 ppos=-283.5 apid=0.0 integ=-0.0 vision=1 current=1 vframe=34051 vs=1 vage=22 vpage=22 vdt=33 vmax=266 vacc=33982 vrej=0 seq=0 elapsed=0 oled=3C
[  10500] STATUS mode=3 fault=none enc=-319 denc=0 sreq=0 sapplied=0 crate=-19 uimp=-298085 upos=230 uneg=1815 ball=-100.86 vball=-0.00 aball=0.0 bref=0.00 pid=-19.1 pref=-285.4 ppos=-283.5 apid=0.0 integ=-0.0 vision=1 current=1 vframe=34052 vs=1 vage=9 vpage=9 vdt=33 vmax=266 vacc=33983 vrej=0 seq=0 elapsed=0 oled=3C
[  10516] STATUS mode=3 fault=none enc=-319 denc=0 sreq=0 sapplied=0 crate=-19 uimp=-298085 upos=230 uneg=1815 ball=-100.86 vball=-0.00 aball=0.0 bref=0.00 pid=-19.1 pref=-285.4 ppos=-283.5 apid=0.0 integ=-0.0 vision=1 current=1 vframe=34053 vs=1 vage=13 vpage=13 vdt=36 vmax=266 vacc=33984 vrej=0 seq=0 elapsed=0 oled=3C
[  10547] STATUS mode=3 fault=none enc=-319 denc=0 sreq=0 sapplied=0 crate=-19 uimp=-298085 upos=230 uneg=1815 ball=-100.86 vball=-0.00 aball=0.0 bref=0.00 pid=-19.1 pref=-285.4 ppos=-283.5 apid=0.0 integ=-0.0 vision=1 current=1 vframe=34054 vs=1 vage=2 vpage=2 vdt=31 vmax=266 vacc=33985 vrej=0 seq=0 elapsed=0 oled=3C
[  10579] STATUS mode=3 fault=none enc=-319 denc=0 sreq=0 sapplied=0 crate=-19 uimp=-298085 upos=230 uneg=1815 ball=-100.86 vball=0.00 aball=0.0 bref=0.00 pid=-19.1 pref=-285.4 ppos=-283.5 apid=0.0 integ=-0.0 vision=1 current=1 vframe=34055 vs=1 vage=9 vpage=9 vdt=33 vmax=266 vacc=33986 vrej=0 seq=0 elapsed=0 oled=3C
[  10610] STATUS mode=3 fault=none enc=-319 denc=0 sreq=0 sapplied=0 crate=-19 uimp=-298085 upos=230 uneg=1815 ball=-100.86 vball=0.00 aball=0.0 bref=0.00 pid=-19.1 pref=-285.4 ppos=-283.5 apid=0.0 integ=-0.0 vision=1 current=1 vframe=34055 vs=1 vage=29 vpage=29 vdt=33 vmax=266 vacc=33986 vrej=0 seq=0 elapsed=0 oled=3C
[  10625] STATUS mode=3 fault=none enc=-319 denc=0 sreq=0 sapplied=0 crate=-19 uimp=-298085 upos=230 uneg=1815 ball=-100.86 vball=0.00 aball=0.0 bref=0.00 pid=-19.1 pref=-285.4 ppos=-283.5 apid=0.0 integ=-0.0 vision=1 current=1 vframe=34056 vs=1 vage=16 vpage=16 vdt=33 vmax=266 vacc=33987 vrej=0 seq=0 elapsed=0 oled=3C
[  10657] STATUS mode=3 fault=none enc=-319 denc=0 sreq=0 sapplied=0 crate=-19 uimp=-298085 upos=230 uneg=1815 ball=-100.86 vball=0.00 aball=0.0 bref=0.00 pid=-19.1 pref=-285.4 ppos=-283.5 apid=0.0 integ=-0.0 vision=1 current=1 vframe=34057 vs=1 vage=22 vpage=22 vdt=34 vmax=266 vacc=33988 vrej=0 seq=0 elapsed=0 oled=3C
[  10688] STATUS mode=3 fault=none enc=-319 denc=0 sreq=0 sapplied=0 crate=-19 uimp=-298085 upos=230 uneg=1815 ball=-100.86 vball=0.00 aball=0.0 bref=0.00 pid=-19.1 pref=-285.4 ppos=-283.5 apid=0.0 integ=-0.0 vision=1 current=1 vframe=34058 vs=1 vage=9 vpage=9 vdt=33 vmax=266 vacc=33989 vrej=0 seq=0 elapsed=0 oled=3C
[  10719] STATUS mode=3 fault=none enc=-319 denc=0 sreq=0 sapplied=0 crate=-19 uimp=-298085 upos=230 uneg=1815 ball=-100.86 vball=0.00 aball=0.0 bref=0.00 pid=-19.1 pref=-285.4 ppos=-283.5 apid=0.0 integ=-0.0 vision=1 current=1 vframe=34058 vs=1 vage=29 vpage=29 vdt=33 vmax=266 vacc=33989 vrej=0 seq=0 elapsed=0 oled=3C
[  10735] STATUS mode=3 fault=none enc=-319 denc=0 sreq=0 sapplied=0 crate=-19 uimp=-298085 upos=230 uneg=1815 ball=-100.86 vball=0.00 aball=0.0 bref=0.00 pid=-19.1 pref=-285.4 ppos=-283.5 apid=0.0 integ=-0.0 vision=1 current=1 vframe=34060 vs=1 vage=2 vpage=2 vdt=34 vmax=266 vacc=33991 vrej=0 seq=0 elapsed=0 oled=3C
[  10766] STATUS mode=3 fault=none enc=-319 denc=0 sreq=0 sapplied=0 crate=-19 uimp=-298085 upos=230 uneg=1815 ball=-100.86 vball=0.00 aball=0.0 bref=0.00 pid=-19.1 pref=-285.4 ppos=-283.5 apid=0.0 integ=-0.0 vision=1 current=1 vframe=34060 vs=1 vage=22 vpage=22 vdt=34 vmax=266 vacc=33991 vrej=0 seq=0 elapsed=0 oled=3C
[  10797] STATUS mode=3 fault=none enc=-319 denc=0 sreq=0 sapplied=0 crate=-19 uimp=-298085 upos=230 uneg=1815 ball=-100.86 vball=0.00 aball=0.0 bref=0.00 pid=-19.1 pref=-285.4 ppos=-283.5 apid=0.0 integ=-0.0 vision=1 current=1 vframe=34061 vs=1 vage=9 vpage=9 vdt=33 vmax=266 vacc=33992 vrej=0 seq=0 elapsed=0 oled=3C
[  10813] STATUS mode=3 fault=none enc=-319 denc=0 sreq=0 sapplied=0 crate=-19 uimp=-298085 upos=230 uneg=1815 ball=-100.86 vball=-0.00 aball=0.0 bref=0.00 pid=-19.1 pref=-285.4 ppos=-283.5 apid=0.0 integ=-0.0 vision=1 current=1 vframe=34062 vs=1 vage=15 vpage=15 vdt=34 vmax=266 vacc=33993 vrej=0 seq=0 elapsed=0 oled=3C
[  10844] STATUS mode=3 fault=none enc=-319 denc=0 sreq=0 sapplied=0 crate=-19 uimp=-298085 upos=230 uneg=1815 ball=-100.86 vball=-0.00 aball=0.0 bref=0.00 pid=-19.1 pref=-285.4 ppos=-283.5 apid=0.0 integ=-0.0 vision=1 current=1 vframe=34063 vs=1 vage=2 vpage=2 vdt=33 vmax=266 vacc=33994 vrej=0 seq=0 elapsed=0 oled=3C
[  10875] STATUS mode=3 fault=none enc=-319 denc=0 sreq=0 sapplied=0 crate=-19 uimp=-298085 upos=230 uneg=1815 ball=-100.86 vball=-0.00 aball=0.0 bref=0.00 pid=-19.1 pref=-285.4 ppos=-283.5 apid=0.0 integ=-0.0 vision=1 current=1 vframe=34063 vs=1 vage=22 vpage=22 vdt=33 vmax=266 vacc=33994 vrej=0 seq=0 elapsed=0 oled=3C
[  10907] STATUS mode=3 fault=none enc=-319 denc=0 sreq=0 sapplied=0 crate=-19 uimp=-298085 upos=230 uneg=1815 ball=-100.86 vball=-0.00 aball=0.0 bref=0.00 pid=-19.1 pref=-285.4 ppos=-283.5 apid=0.0 integ=-0.0 vision=1 current=1 vframe=34064 vs=1 vage=29 vpage=29 vdt=33 vmax=266 vacc=33995 vrej=0 seq=0 elapsed=0 oled=3C
[  10922] STATUS mode=3 fault=none enc=-319 denc=0 sreq=0 sapplied=0 crate=-19 uimp=-298085 upos=230 uneg=1815 ball=-100.86 vball=-0.00 aball=0.0 bref=0.00 pid=-19.1 pref=-285.4 ppos=-283.5 apid=0.0 integ=-0.0 vision=1 current=1 vframe=34065 vs=1 vage=16 vpage=16 vdt=33 vmax=266 vacc=33996 vrej=0 seq=0 elapsed=0 oled=3C
[  10954] STATUS mode=3 fault=none enc=-319 denc=0 sreq=0 sapplied=0 crate=-19 uimp=-298085 upos=230 uneg=1815 ball=-100.86 vball=-0.00 aball=0.0 bref=0.00 pid=-19.1 pref=-285.4 ppos=-283.5 apid=0.0 integ=-0.0 vision=1 current=1 vframe=34066 vs=1 vage=2 vpage=2 vdt=34 vmax=266 vacc=33997 vrej=0 seq=0 elapsed=0 oled=3C
[  10985] STATUS mode=3 fault=none enc=-319 denc=0 sreq=0 sapplied=0 crate=-19 uimp=-298085 upos=230 uneg=1815 ball=-100.86 vball=-0.00 aball=0.0 bref=0.00 pid=-19.1 pref=-285.4 ppos=-283.5 apid=0.0 integ=-0.0 vision=1 current=1 vframe=34067 vs=1 vage=8 vpage=8 vdt=34 vmax=266 vacc=33998 vrej=0 seq=0 elapsed=0 oled=3C
[  11016] STATUS mode=3 fault=none enc=-319 denc=0 sreq=0 sapplied=0 crate=-19 uimp=-298085 upos=230 uneg=1815 ball=-100.86 vball=-0.00 aball=0.0 bref=0.00 pid=-19.1 pref=-285.4 ppos=-283.5 apid=0.0 integ=-0.0 vision=1 current=1 vframe=34067 vs=1 vage=28 vpage=28 vdt=34 vmax=266 vacc=33998 vrej=0 seq=0 elapsed=0 oled=3C
[  11032] STATUS mode=3 fault=none enc=-319 denc=0 sreq=0 sapplied=0 crate=-19 uimp=-298085 upos=230 uneg=1815 ball=-101.17 vball=-2.03 aball=-8.7 bref=0.00 pid=-19.1 pref=-285.4 ppos=-283.5 apid=-0.0 integ=-0.0 vision=1 current=1 vframe=34069 vs=1 vage=2 vpage=2 vdt=32 vmax=266 vacc=34000 vrej=0 seq=0 elapsed=0 oled=3C
[  11063] STATUS mode=3 fault=none enc=-319 denc=0 sreq=0 sapplied=0 crate=-19 uimp=-298085 upos=230 uneg=1815 ball=-101.17 vball=-2.03 aball=-8.7 bref=0.00 pid=-19.1 pref=-285.4 ppos=-283.5 apid=-0.0 integ=-0.0 vision=1 current=1 vframe=34069 vs=1 vage=22 vpage=22 vdt=32 vmax=266 vacc=34000 vrej=0 seq=0 elapsed=0 oled=3C
[  11094] STATUS mode=3 fault=none enc=-319 denc=0 sreq=0 sapplied=0 crate=-19 uimp=-298085 upos=230 uneg=1815 ball=-101.19 vball=-1.57 aball=-8.7 bref=0.00 pid=-19.1 pref=-285.4 ppos=-283.5 apid=-0.0 integ=-0.0 vision=1 current=1 vframe=34070 vs=1 vage=8 vpage=8 vdt=34 vmax=266 vacc=34001 vrej=0 seq=0 elapsed=0 oled=3C
[  11125] STATUS mode=3 fault=none enc=-319 denc=0 sreq=0 sapplied=0 crate=-19 uimp=-298085 upos=230 uneg=1815 ball=-101.18 vball=-1.10 aball=-0.8 bref=0.00 pid=-19.1 pref=-285.4 ppos=-283.5 apid=-0.0 integ=-0.0 vision=1 current=1 vframe=34071 vs=1 vage=14 vpage=14 vdt=34 vmax=266 vacc=34002 vrej=0 seq=0 elapsed=0 oled=3C
[  11141] STATUS mode=3 fault=none enc=-319 denc=0 sreq=0 sapplied=0 crate=-19 uimp=-298085 upos=230 uneg=1815 ball=-101.18 vball=-0.72 aball=-0.8 bref=0.00 pid=-19.1 pref=-285.4 ppos=-283.5 apid=-0.0 integ=-0.0 vision=1 current=1 vframe=34072 vs=1 vage=1 vpage=1 vdt=33 vmax=266 vacc=34003 vrej=0 seq=0 elapsed=0 oled=3C
[  11172] STATUS mode=3 fault=none enc=-319 denc=0 sreq=0 sapplied=0 crate=-19 uimp=-298085 upos=230 uneg=1815 ball=-101.18 vball=-0.72 aball=-0.8 bref=0.00 pid=-19.1 pref=-285.4 ppos=-283.5 apid=-0.0 integ=-0.0 vision=1 current=1 vframe=34072 vs=1 vage=21 vpage=21 vdt=33 vmax=266 vacc=34003 vrej=0 seq=0 elapsed=0 oled=3C
[  11204] STATUS mode=3 fault=none enc=-319 denc=0 sreq=0 sapplied=0 crate=-19 uimp=-298085 upos=230 uneg=1815 ball=-101.17 vball=-0.45 aball=-0.8 bref=0.00 pid=-19.1 pref=-285.4 ppos=-283.5 apid=-0.0 integ=-0.0 vision=1 current=1 vframe=34073 vs=1 vage=29 vpage=29 vdt=32 vmax=266 vacc=34004 vrej=0 seq=0 elapsed=0 oled=3C
[  11235] STATUS mode=3 fault=none enc=-319 denc=0 sreq=0 sapplied=0 crate=-19 uimp=-298085 upos=230 uneg=1815 ball=-101.17 vball=-0.28 aball=3.3 bref=0.00 pid=-19.1 pref=-285.4 ppos=-283.5 apid=0.0 integ=-0.0 vision=1 current=1 vframe=34074 vs=1 vage=15 vpage=15 vdt=34 vmax=266 vacc=34005 vrej=0 seq=0 elapsed=0 oled=3C
[  11250] STATUS mode=3 fault=none enc=-319 denc=0 sreq=0 sapplied=0 crate=-19 uimp=-298085 upos=230 uneg=1815 ball=-100.93 vball=1.88 aball=3.3 bref=0.00 pid=-19.1 pref=-285.4 ppos=-283.5 apid=0.0 integ=-0.0 vision=1 current=1 vframe=34075 vs=1 vage=2 vpage=2 vdt=33 vmax=266 vacc=34006 vrej=0 seq=0 elapsed=0 oled=3C
[  11282] STATUS mode=3 fault=none enc=-318 denc=1 sreq=41 sapplied=41 crate=41 uimp=-296810 upos=260 uneg=1815 ball=-100.86 vball=1.97 aball=3.3 bref=0.00 pid=40.8 pref=-278.1 ppos=-282.2 apid=0.0 integ=-0.0 vision=1 current=1 vframe=34076 vs=1 vage=9 vpage=9 vdt=33 vmax=266 vacc=34007 vrej=0 seq=0 elapsed=0 oled=3C
[  11313] STATUS mode=3 fault=none enc=-319 denc=0 sreq=33 sapplied=33 crate=33 uimp=-296050 upos=280 uneg=1815 ball=-100.86 vball=1.97 aball=3.3 bref=0.00 pid=33.2 pref=-278.1 ppos=-281.5 apid=0.0 integ=-0.0 vision=1 current=1 vframe=34076 vs=1 vage=29 vpage=29 vdt=33 vmax=266 vacc=34007 vrej=0 seq=0 elapsed=0 oled=3C
[  11329] STATUS mode=3 fault=none enc=-318 denc=0 sreq=0 sapplied=0 crate=0 uimp=-295725 upos=290 uneg=1815 ball=-100.84 vball=1.06 aball=9.9 bref=0.00 pid=0.0 pref=-280.3 ppos=-281.1 apid=0.0 integ=-0.0 vision=1 current=1 vframe=34078 vs=1 vage=2 vpage=2 vdt=33 vmax=266 vacc=34009 vrej=0 seq=0 elapsed=0 oled=3C
[  11360] STATUS mode=3 fault=none enc=-318 denc=0 sreq=0 sapplied=0 crate=-15 uimp=-295725 upos=290 uneg=1815 ball=-100.84 vball=1.06 aball=9.9 bref=0.00 pid=-14.9 pref=-282.6 ppos=-281.1 apid=0.0 integ=-0.0 vision=1 current=1 vframe=34078 vs=1 vage=22 vpage=22 vdt=33 vmax=266 vacc=34009 vrej=0 seq=0 elapsed=0 oled=3C
[  11391] STATUS mode=3 fault=none enc=-318 denc=0 sreq=-33 sapplied=-33 crate=-33 uimp=-295725 upos=290 uneg=1815 ball=-100.85 vball=0.70 aball=9.9 bref=0.00 pid=-33.2 pref=-284.5 ppos=-281.1 apid=0.0 integ=-0.0 vision=1 current=1 vframe=34079 vs=1 vage=9 vpage=9 vdt=33 vmax=266 vacc=34010 vrej=0 seq=0 elapsed=0 oled=3C
[  11422] STATUS mode=3 fault=none enc=-318 denc=1 sreq=-31 sapplied=-31 crate=-31 uimp=-296935 upos=290 uneg=1855 ball=-100.85 vball=0.45 aball=0.6 bref=0.00 pid=-30.6 pref=-285.4 ppos=-282.4 apid=0.0 integ=-0.0 vision=1 current=1 vframe=34080 vs=1 vage=15 vpage=15 vdt=34 vmax=266 vacc=34011 vrej=0 seq=0 elapsed=0 oled=3C
[  11438] STATUS mode=3 fault=none enc=-318 denc=0 sreq=-25 sapplied=-25 crate=-25 uimp=-297505 upos=290 uneg=1875 ball=-100.86 vball=0.28 aball=0.6 bref=0.00 pid=-24.9 pref=-285.4 ppos=-282.9 apid=0.0 integ=-0.0 vision=1 current=1 vframe=34081 vs=1 vage=2 vpage=2 vdt=33 vmax=266 vacc=34012 vrej=0 seq=0 elapsed=0 oled=3C
[  11469] STATUS mode=3 fault=none enc=-319 denc=-1 sreq=-20 sapplied=-20 crate=-20 uimp=-297965 upos=290 uneg=1895 ball=-100.86 vball=0.28 aball=0.6 bref=0.00 pid=-20.3 pref=-285.4 ppos=-283.4 apid=0.0 integ=-0.0 vision=1 current=1 vframe=34081 vs=1 vage=22 vpage=22 vdt=33 vmax=266 vacc=34012 vrej=0 seq=0 elapsed=0 oled=3C
[  11500] STATUS mode=3 fault=none enc=-319 denc=0 sreq=0 sapplied=0 crate=-19 uimp=-298065 upos=290 uneg=1900 ball=-100.86 vball=0.17 aball=0.6 bref=0.00 pid=-19.3 pref=-285.4 ppos=-283.5 apid=0.0 integ=-0.0 vision=1 current=1 vframe=34082 vs=1 vage=29 vpage=29 vdt=33 vmax=266 vacc=34013 vrej=0 seq=0 elapsed=0 oled=3C
[  11532] STATUS mode=3 fault=none enc=-319 denc=0 sreq=0 sapplied=0 crate=-19 uimp=-298065 upos=290 uneg=1900 ball=-100.86 vball=0.11 aball=-1.2 bref=0.00 pid=-19.3 pref=-285.4 ppos=-283.5 apid=-0.0 integ=-0.0 vision=1 current=1 vframe=34083 vs=1 vage=15 vpage=15 vdt=34 vmax=266 vacc=34014 vrej=0 seq=0 elapsed=0 oled=3C
[  11547] STATUS mode=3 fault=none enc=-319 denc=0 sreq=0 sapplied=0 crate=-19 uimp=-298065 upos=290 uneg=1900 ball=-100.86 vball=0.06 aball=-1.2 bref=0.00 pid=-19.3 pref=-285.4 ppos=-283.5 apid=-0.0 integ=-0.0 vision=1 current=1 vframe=34084 vs=1 vage=2 vpage=2 vdt=33 vmax=266 vacc=34015 vrej=0 seq=0 elapsed=0 oled=3C
[  11579] STATUS mode=3 fault=none enc=-319 denc=0 sreq=0 sapplied=0 crate=-19 uimp=-298065 upos=290 uneg=1900 ball=-100.86 vball=0.04 aball=-1.2 bref=0.00 pid=-19.3 pref=-285.4 ppos=-283.5 apid=-0.0 integ=-0.0 vision=1 current=1 vframe=34085 vs=1 vage=9 vpage=9 vdt=33 vmax=266 vacc=34016 vrej=0 seq=0 elapsed=0 oled=3C
[  11610] STATUS mode=3 fault=none enc=-319 denc=0 sreq=0 sapplied=0 crate=-19 uimp=-298065 upos=290 uneg=1900 ball=-100.86 vball=0.04 aball=-1.2 bref=0.00 pid=-19.3 pref=-285.4 ppos=-283.5 apid=-0.0 integ=-0.0 vision=1 current=1 vframe=34085 vs=1 vage=29 vpage=29 vdt=33 vmax=266 vacc=34016 vrej=0 seq=0 elapsed=0 oled=3C
[  11641] STATUS mode=3 fault=none enc=-319 denc=0 sreq=0 sapplied=0 crate=-19 uimp=-298065 upos=290 uneg=1900 ball=-100.86 vball=0.02 aball=-1.1 bref=0.00 pid=-19.3 pref=-285.4 ppos=-283.5 apid=-0.0 integ=-0.0 vision=1 current=1 vframe=34086 vs=1 vage=16 vpage=16 vdt=33 vmax=266 vacc=34017 vrej=0 seq=0 elapsed=0 oled=3C
[  11657] STATUS mode=3 fault=none enc=-319 denc=0 sreq=0 sapplied=0 crate=-19 uimp=-298065 upos=290 uneg=1900 ball=-100.86 vball=0.01 aball=-1.1 bref=0.00 pid=-19.3 pref=-285.4 ppos=-283.5 apid=-0.0 integ=-0.0 vision=1 current=1 vframe=34087 vs=1 vage=22 vpage=22 vdt=34 vmax=266 vacc=34018 vrej=0 seq=0 elapsed=0 oled=3C
[  11688] STATUS mode=3 fault=none enc=-319 denc=0 sreq=0 sapplied=0 crate=-19 uimp=-298065 upos=290 uneg=1900 ball=-100.86 vball=0.01 aball=-1.1 bref=0.00 pid=-19.3 pref=-285.4 ppos=-283.5 apid=-0.0 integ=-0.0 vision=1 current=1 vframe=34088 vs=1 vage=8 vpage=8 vdt=34 vmax=266 vacc=34019 vrej=0 seq=0 elapsed=0 oled=3C
[  11719] STATUS mode=3 fault=none enc=-319 denc=0 sreq=0 sapplied=0 crate=-19 uimp=-298065 upos=290 uneg=1900 ball=-100.86 vball=0.00 aball=-0.7 bref=0.00 pid=-19.3 pref=-285.4 ppos=-283.5 apid=-0.0 integ=-0.0 vision=1 current=1 vframe=34089 vs=1 vage=16 vpage=16 vdt=32 vmax=266 vacc=34020 vrej=0 seq=0 elapsed=0 oled=3C
[  11750] STATUS mode=3 fault=none enc=-319 denc=0 sreq=0 sapplied=0 crate=-19 uimp=-298065 upos=290 uneg=1900 ball=-100.86 vball=0.00 aball=-0.7 bref=0.00 pid=-19.3 pref=-285.4 ppos=-283.5 apid=-0.0 integ=-0.0 vision=1 current=1 vframe=34090 vs=1 vage=2 vpage=2 vdt=34 vmax=266 vacc=34021 vrej=0 seq=0 elapsed=0 oled=3C
[  11766] STATUS mode=3 fault=none enc=-319 denc=0 sreq=0 sapplied=0 crate=-19 uimp=-298065 upos=290 uneg=1900 ball=-100.86 vball=0.00 aball=-0.7 bref=0.00 pid=-19.3 pref=-285.4 ppos=-283.5 apid=-0.0 integ=-0.0 vision=1 current=1 vframe=34090 vs=1 vage=22 vpage=22 vdt=34 vmax=266 vacc=34021 vrej=0 seq=0 elapsed=0 oled=3C
[  11797] STATUS mode=3 fault=none enc=-319 denc=0 sreq=0 sapplied=0 crate=-19 uimp=-298065 upos=290 uneg=1900 ball=-100.86 vball=0.00 aball=-0.7 bref=0.00 pid=-19.3 pref=-285.4 ppos=-283.5 apid=-0.0 integ=-0.0 vision=1 current=1 vframe=34091 vs=1 vage=29 vpage=29 vdt=33 vmax=266 vacc=34022 vrej=0 seq=0 elapsed=0 oled=3C
[  11829] STATUS mode=3 fault=none enc=-319 denc=0 sreq=0 sapplied=0 crate=-19 uimp=-298065 upos=290 uneg=1900 ball=-100.86 vball=0.00 aball=-0.4 bref=0.00 pid=-19.3 pref=-285.4 ppos=-283.5 apid=-0.0 integ=-0.0 vision=1 current=1 vframe=34092 vs=1 vage=16 vpage=16 vdt=33 vmax=266 vacc=34023 vrej=0 seq=0 elapsed=0 oled=3C
[  11860] STATUS mode=3 fault=none enc=-319 denc=0 sreq=0 sapplied=0 crate=-19 uimp=-298065 upos=290 uneg=1900 ball=-100.86 vball=0.00 aball=-0.4 bref=0.00 pid=-19.3 pref=-285.4 ppos=-283.5 apid=-0.0 integ=-0.0 vision=1 current=1 vframe=34093 vs=1 vage=3 vpage=3 vdt=33 vmax=266 vacc=34024 vrej=0 seq=0 elapsed=0 oled=3C
[  11875] STATUS mode=3 fault=none enc=-319 denc=0 sreq=0 sapplied=0 crate=-19 uimp=-298065 upos=290 uneg=1900 ball=-100.86 vball=0.00 aball=-0.4 bref=0.00 pid=-19.3 pref=-285.4 ppos=-283.5 apid=-0.0 integ=-0.0 vision=1 current=1 vframe=34094 vs=1 vage=9 vpage=9 vdt=34 vmax=266 vacc=34025 vrej=0 seq=0 elapsed=0 oled=3C
[  11907] STATUS mode=3 fault=none enc=-319 denc=0 sreq=0 sapplied=0 crate=-19 uimp=-298065 upos=290 uneg=1900 ball=-100.86 vball=0.00 aball=-0.4 bref=0.00 pid=-19.3 pref=-285.4 ppos=-283.5 apid=-0.0 integ=-0.0 vision=1 current=1 vframe=34094 vs=1 vage=29 vpage=29 vdt=34 vmax=266 vacc=34025 vrej=0 seq=0 elapsed=0 oled=3C
[  11938] STATUS mode=3 fault=none enc=-319 denc=0 sreq=0 sapplied=0 crate=-19 uimp=-298065 upos=290 uneg=1900 ball=-100.86 vball=0.00 aball=-0.2 bref=0.00 pid=-19.3 pref=-285.4 ppos=-283.5 apid=-0.0 integ=-0.0 vision=1 current=1 vframe=34095 vs=1 vage=15 vpage=15 vdt=34 vmax=266 vacc=34026 vrej=0 seq=0 elapsed=0 oled=3C
[  11969] STATUS mode=3 fault=none enc=-319 denc=0 sreq=0 sapplied=0 crate=-19 uimp=-298065 upos=290 uneg=1900 ball=-100.86 vball=0.00 aball=-0.2 bref=0.00 pid=-19.3 pref=-285.4 ppos=-283.5 apid=-0.0 integ=-0.0 vision=1 current=1 vframe=34096 vs=1 vage=22 vpage=22 vdt=33 vmax=266 vacc=34027 vrej=0 seq=0 elapsed=0 oled=3C
[  11985] STATUS mode=3 fault=none enc=-319 denc=0 sreq=0 sapplied=0 crate=-19 uimp=-298065 upos=290 uneg=1900 ball=-100.85 vball=0.11 aball=-0.2 bref=0.00 pid=-19.3 pref=-285.4 ppos=-283.5 apid=-0.0 integ=-0.0 vision=1 current=1 vframe=34097 vs=1 vage=10 vpage=10 vdt=32 vmax=266 vacc=34028 vrej=0 seq=0 elapsed=0 oled=3C
[  12016] STATUS mode=3 fault=none enc=-319 denc=0 sreq=0 sapplied=0 crate=-19 uimp=-298065 upos=290 uneg=1900 ball=-100.84 vball=0.16 aball=0.6 bref=0.00 pid=-19.3 pref=-285.4 ppos=-283.5 apid=0.0 integ=-0.0 vision=1 current=1 vframe=34098 vs=1 vage=15 vpage=15 vdt=35 vmax=266 vacc=34029 vrej=0 seq=0 elapsed=0 oled=3C
[  12047] STATUS mode=3 fault=none enc=-319 denc=0 sreq=0 sapplied=0 crate=-19 uimp=-298065 upos=290 uneg=1900 ball=-100.84 vball=0.14 aball=0.6 bref=0.00 pid=-19.3 pref=-285.4 ppos=-283.5 apid=0.0 integ=-0.0 vision=1 current=1 vframe=34099 vs=1 vage=3 vpage=3 vdt=32 vmax=266 vacc=34030 vrej=0 seq=0 elapsed=0 oled=3C
[  12063] STATUS mode=3 fault=none enc=-319 denc=0 sreq=0 sapplied=0 crate=-19 uimp=-298065 upos=290 uneg=1900 ball=-100.84 vball=0.14 aball=0.6 bref=0.00 pid=-19.3 pref=-285.4 ppos=-283.5 apid=0.0 integ=-0.0 vision=1 current=1 vframe=34099 vs=1 vage=23 vpage=23 vdt=32 vmax=266 vacc=34030 vrej=0 seq=0 elapsed=0 oled=3C
[  12094] STATUS mode=3 fault=none enc=-319 denc=0 sreq=0 sapplied=0 crate=-19 uimp=-298065 upos=290 uneg=1900 ball=-100.84 vball=0.10 aball=0.6 bref=0.00 pid=-19.3 pref=-285.4 ppos=-283.5 apid=0.0 integ=-0.0 vision=1 current=1 vframe=34100 vs=1 vage=29 vpage=29 vdt=34 vmax=266 vacc=34031 vrej=0 seq=0 elapsed=0 oled=3C
[  12125] STATUS mode=3 fault=none enc=-319 denc=0 sreq=0 sapplied=0 crate=-19 uimp=-298065 upos=290 uneg=1900 ball=-100.84 vball=0.07 aball=-0.1 bref=0.00 pid=-19.3 pref=-285.4 ppos=-283.5 apid=-0.0 integ=-0.0 vision=1 current=1 vframe=34101 vs=1 vage=17 vpage=17 vdt=32 vmax=266 vacc=34032 vrej=0 seq=0 elapsed=0 oled=3C
[  12157] STATUS mode=3 fault=none enc=-319 denc=0 sreq=0 sapplied=0 crate=-19 uimp=-298065 upos=290 uneg=1900 ball=-100.84 vball=0.04 aball=-0.1 bref=0.00 pid=-19.3 pref=-285.4 ppos=-283.5 apid=-0.0 integ=-0.0 vision=1 current=1 vframe=34102 vs=1 vage=2 vpage=2 vdt=35 vmax=266 vacc=34033 vrej=0 seq=0 elapsed=0 oled=3C
[  12172] STATUS mode=3 fault=none enc=-319 denc=0 sreq=0 sapplied=0 crate=-19 uimp=-298065 upos=290 uneg=1900 ball=-100.84 vball=0.03 aball=-0.1 bref=0.00 pid=-19.3 pref=-285.4 ppos=-283.5 apid=-0.0 integ=-0.0 vision=1 current=1 vframe=34103 vs=1 vage=10 vpage=10 vdt=32 vmax=266 vacc=34034 vrej=0 seq=0 elapsed=0 oled=3C
[  12204] STATUS mode=3 fault=none enc=-319 denc=0 sreq=0 sapplied=0 crate=-19 uimp=-298065 upos=290 uneg=1900 ball=-100.84 vball=0.03 aball=-0.1 bref=0.00 pid=-19.3 pref=-285.4 ppos=-283.5 apid=-0.0 integ=-0.0 vision=1 current=1 vframe=34103 vs=1 vage=30 vpage=30 vdt=32 vmax=266 vacc=34034 vrej=0 seq=0 elapsed=0 oled=3C
[  12235] STATUS mode=3 fault=none enc=-319 denc=0 sreq=0 sapplied=0 crate=-19 uimp=-298065 upos=290 uneg=1900 ball=-100.84 vball=0.02 aball=-0.3 bref=0.00 pid=-19.3 pref=-285.4 ppos=-283.5 apid=-0.0 integ=-0.0 vision=1 current=1 vframe=34104 vs=1 vage=16 vpage=16 vdt=34 vmax=266 vacc=34035 vrej=0 seq=0 elapsed=0 oled=3C
[  12266] STATUS mode=3 fault=none enc=-319 denc=0 sreq=0 sapplied=0 crate=-19 uimp=-298065 upos=290 uneg=1900 ball=-100.84 vball=0.01 aball=-0.3 bref=0.00 pid=-19.3 pref=-285.4 ppos=-283.5 apid=-0.0 integ=-0.0 vision=1 current=1 vframe=34105 vs=1 vage=23 vpage=23 vdt=33 vmax=266 vacc=34036 vrej=0 seq=0 elapsed=0 oled=3C
[  12282] STATUS mode=3 fault=none enc=-319 denc=0 sreq=0 sapplied=0 crate=-19 uimp=-298065 upos=290 uneg=1900 ball=-100.84 vball=0.01 aball=-0.3 bref=0.00 pid=-19.3 pref=-285.4 ppos=-283.5 apid=-0.0 integ=-0.0 vision=1 current=1 vframe=34106 vs=1 vage=10 vpage=10 vdt=33 vmax=266 vacc=34037 vrej=0 seq=0 elapsed=0 oled=3C
[  12313] STATUS mode=3 fault=none enc=-319 denc=0 sreq=0 sapplied=0 crate=-19 uimp=-298065 upos=290 uneg=1900 ball=-100.84 vball=0.01 aball=-0.3 bref=0.00 pid=-19.3 pref=-285.4 ppos=-283.5 apid=-0.0 integ=-0.0 vision=1 current=1 vframe=34106 vs=1 vage=30 vpage=30 vdt=33 vmax=266 vacc=34037 vrej=0 seq=0 elapsed=0 oled=3C
[  12344] STATUS mode=3 fault=none enc=-319 denc=0 sreq=0 sapplied=0 crate=-19 uimp=-298065 upos=290 uneg=1900 ball=-100.84 vball=0.00 aball=-0.2 bref=0.00 pid=-19.3 pref=-285.4 ppos=-283.5 apid=-0.0 integ=-0.0 vision=1 current=1 vframe=34108 vs=1 vage=3 vpage=3 vdt=32 vmax=266 vacc=34039 vrej=0 seq=0 elapsed=0 oled=3C
[  12375] STATUS mode=3 fault=none enc=-319 denc=0 sreq=0 sapplied=0 crate=-19 uimp=-298065 upos=290 uneg=1900 ball=-100.84 vball=0.00 aball=-0.2 bref=0.00 pid=-19.3 pref=-285.4 ppos=-283.5 apid=-0.0 integ=-0.0 vision=1 current=1 vframe=34108 vs=1 vage=23 vpage=23 vdt=32 vmax=266 vacc=34039 vrej=0 seq=0 elapsed=0 oled=3C
[  12391] STATUS mode=3 fault=none enc=-319 denc=0 sreq=0 sapplied=0 crate=-19 uimp=-298065 upos=290 uneg=1900 ball=-100.85 vball=-0.12 aball=-0.2 bref=0.00 pid=-19.3 pref=-285.4 ppos=-283.5 apid=-0.0 integ=-0.0 vision=1 current=1 vframe=34109 vs=1 vage=30 vpage=30 vdt=33 vmax=266 vacc=34040 vrej=0 seq=0 elapsed=0 oled=3C
[  12422] STATUS mode=3 fault=none enc=-319 denc=0 sreq=0 sapplied=0 crate=-19 uimp=-298065 upos=290 uneg=1900 ball=-100.86 vball=-0.17 aball=-0.9 bref=0.00 pid=-19.3 pref=-285.4 ppos=-283.5 apid=-0.0 integ=-0.0 vision=1 current=1 vframe=34110 vs=1 vage=15 vpage=15 vdt=35 vmax=266 vacc=34041 vrej=0 seq=0 elapsed=0 oled=3C
[  12454] STATUS mode=3 fault=none enc=-319 denc=0 sreq=0 sapplied=0 crate=-19 uimp=-298065 upos=290 uneg=1900 ball=-100.87 vball=-0.14 aball=-0.9 bref=0.00 pid=-19.3 pref=-285.4 ppos=-283.5 apid=-0.0 integ=-0.0 vision=1 current=1 vframe=34111 vs=1 vage=3 vpage=3 vdt=32 vmax=266 vacc=34042 vrej=0 seq=0 elapsed=0 oled=3C
[  12485] STATUS mode=3 fault=none enc=-319 denc=0 sreq=0 sapplied=0 crate=-19 uimp=-298065 upos=290 uneg=1900 ball=-100.85 vball=0.04 aball=-0.9 bref=0.00 pid=-19.3 pref=-285.4 ppos=-283.5 apid=-0.0 integ=-0.0 vision=1 current=1 vframe=34112 vs=1 vage=10 vpage=10 vdt=33 vmax=266 vacc=34043 vrej=0 seq=0 elapsed=0 oled=3C
[  12500] STATUS mode=3 fault=none enc=-319 denc=0 sreq=0 sapplied=0 crate=-19 uimp=-298065 upos=290 uneg=1900 ball=-100.85 vball=0.04 aball=-0.9 bref=0.00 pid=-19.3 pref=-285.4 ppos=-283.5 apid=-0.0 integ=-0.0 vision=1 current=1 vframe=34112 vs=1 vage=30 vpage=30 vdt=33 vmax=266 vacc=34043 vrej=0 seq=0 elapsed=0 oled=3C
[  12532] STATUS mode=3 fault=none enc=-319 denc=0 sreq=0 sapplied=0 crate=-19 uimp=-298065 upos=290 uneg=1900 ball=-100.85 vball=0.03 aball=0.4 bref=0.00 pid=-19.3 pref=-285.4 ppos=-283.5 apid=0.0 integ=-0.0 vision=1 current=1 vframe=34113 vs=1 vage=15 vpage=15 vdt=35 vmax=266 vacc=34044 vrej=0 seq=0 elapsed=0 oled=3C
[  12563] STATUS mode=3 fault=none enc=-319 denc=0 sreq=0 sapplied=0 crate=-19 uimp=-298065 upos=290 uneg=1900 ball=-100.84 vball=0.08 aball=0.4 bref=0.00 pid=-19.3 pref=-285.4 ppos=-283.5 apid=0.0 integ=-0.0 vision=1 current=1 vframe=34114 vs=1 vage=22 vpage=22 vdt=33 vmax=266 vacc=34045 vrej=0 seq=0 elapsed=0 oled=3C
[  12594] STATUS mode=3 fault=none enc=-319 denc=0 sreq=0 sapplied=0 crate=-19 uimp=-298065 upos=290 uneg=1900 ball=-100.84 vball=0.07 aball=0.4 bref=0.00 pid=-19.3 pref=-285.4 ppos=-283.5 apid=0.0 integ=-0.0 vision=1 current=1 vframe=34115 vs=1 vage=9 vpage=9 vdt=33 vmax=266 vacc=34046 vrej=0 seq=0 elapsed=0 oled=3C
[  12610] STATUS mode=3 fault=none enc=-319 denc=0 sreq=0 sapplied=0 crate=-19 uimp=-298065 upos=290 uneg=1900 ball=-100.84 vball=0.07 aball=0.4 bref=0.00 pid=-19.3 pref=-285.4 ppos=-283.5 apid=0.0 integ=-0.0 vision=1 current=1 vframe=34115 vs=1 vage=29 vpage=29 vdt=33 vmax=266 vacc=34046 vrej=0 seq=0 elapsed=0 oled=3C
[  12641] STATUS mode=3 fault=none enc=-319 denc=0 sreq=0 sapplied=0 crate=-19 uimp=-298065 upos=290 uneg=1900 ball=-100.84 vball=0.04 aball=0.3 bref=0.00 pid=-19.3 pref=-285.4 ppos=-283.5 apid=0.0 integ=-0.0 vision=1 current=1 vframe=34117 vs=1 vage=3 vpage=3 vdt=33 vmax=266 vacc=34048 vrej=0 seq=0 elapsed=0 oled=3C
[  12672] STATUS mode=3 fault=none enc=-319 denc=0 sreq=0 sapplied=0 crate=-19 uimp=-298065 upos=290 uneg=1900 ball=-100.84 vball=0.04 aball=0.3 bref=0.00 pid=-19.3 pref=-285.4 ppos=-283.5 apid=0.0 integ=-0.0 vision=1 current=1 vframe=34117 vs=1 vage=23 vpage=23 vdt=33 vmax=266 vacc=34048 vrej=0 seq=0 elapsed=0 oled=3C
[  12704] STATUS mode=3 fault=none enc=-319 denc=0 sreq=0 sapplied=0 crate=-19 uimp=-298065 upos=290 uneg=1900 ball=-100.84 vball=0.02 aball=0.3 bref=0.00 pid=-19.3 pref=-285.4 ppos=-283.5 apid=0.0 integ=-0.0 vision=1 current=1 vframe=34118 vs=1 vage=9 vpage=9 vdt=34 vmax=266 vacc=34049 vrej=0 seq=0 elapsed=0 oled=3C
[  12719] STATUS mode=3 fault=none enc=-319 denc=0 sreq=0 sapplied=0 crate=-19 uimp=-298065 upos=290 uneg=1900 ball=-100.84 vball=0.01 aball=-0.0 bref=0.00 pid=-19.3 pref=-285.4 ppos=-283.5 apid=-0.0 integ=-0.0 vision=1 current=1 vframe=34119 vs=1 vage=16 vpage=16 vdt=33 vmax=266 vacc=34050 vrej=0 seq=0 elapsed=0 oled=3C
[  12750] STATUS mode=3 fault=none enc=-319 denc=0 sreq=0 sapplied=0 crate=-19 uimp=-298065 upos=290 uneg=1900 ball=-100.84 vball=0.01 aball=-0.0 bref=0.00 pid=-19.3 pref=-285.4 ppos=-283.5 apid=-0.0 integ=-0.0 vision=1 current=1 vframe=34120 vs=1 vage=3 vpage=3 vdt=33 vmax=266 vacc=34051 vrej=0 seq=0 elapsed=0 oled=3C
[  12782] STATUS mode=3 fault=none enc=-319 denc=0 sreq=0 sapplied=0 crate=-19 uimp=-298065 upos=290 uneg=1900 ball=-100.84 vball=0.01 aball=-0.0 bref=0.00 pid=-19.3 pref=-285.4 ppos=-283.5 apid=-0.0 integ=-0.0 vision=1 current=1 vframe=34121 vs=1 vage=9 vpage=9 vdt=34 vmax=266 vacc=34052 vrej=0 seq=0 elapsed=0 oled=3C
[  12797] STATUS mode=3 fault=none enc=-319 denc=0 sreq=0 sapplied=0 crate=-19 uimp=-298065 upos=290 uneg=1900 ball=-100.84 vball=0.01 aball=-0.0 bref=0.00 pid=-19.3 pref=-285.4 ppos=-283.5 apid=-0.0 integ=-0.0 vision=1 current=1 vframe=34121 vs=1 vage=29 vpage=29 vdt=34 vmax=266 vacc=34052 vrej=0 seq=0 elapsed=0 oled=3C
[  12829] STATUS mode=3 fault=none enc=-319 denc=0 sreq=0 sapplied=0 crate=-19 uimp=-298065 upos=290 uneg=1900 ball=-100.84 vball=0.00 aball=-0.0 bref=0.00 pid=-19.3 pref=-285.4 ppos=-283.5 apid=-0.0 integ=-0.0 vision=1 current=1 vframe=34122 vs=1 vage=16 vpage=16 vdt=33 vmax=266 vacc=34053 vrej=0 seq=0 elapsed=0 oled=3C
[  12860] STATUS mode=3 fault=none enc=-319 denc=0 sreq=0 sapplied=0 crate=-19 uimp=-298065 upos=290 uneg=1900 ball=-100.85 vball=-0.10 aball=-0.0 bref=0.00 pid=-19.3 pref=-285.4 ppos=-283.5 apid=-0.0 integ=-0.0 vision=1 current=1 vframe=34123 vs=1 vage=23 vpage=23 vdt=33 vmax=266 vacc=34054 vrej=0 seq=0 elapsed=0 oled=3C
[  12891] STATUS mode=3 fault=none enc=-319 denc=0 sreq=0 sapplied=0 crate=-19 uimp=-298065 upos=290 uneg=1900 ball=-100.86 vball=-0.15 aball=-0.0 bref=0.00 pid=-19.3 pref=-285.4 ppos=-283.5 apid=-0.0 integ=-0.0 vision=1 current=1 vframe=34124 vs=1 vage=10 vpage=10 vdt=33 vmax=266 vacc=34055 vrej=0 seq=0 elapsed=0 oled=3C
[  12907] STATUS mode=3 fault=none enc=-319 denc=0 sreq=0 sapplied=0 crate=-19 uimp=-298065 upos=290 uneg=1900 ball=-100.86 vball=-0.15 aball=-0.0 bref=0.00 pid=-19.3 pref=-285.4 ppos=-283.5 apid=-0.0 integ=-0.0 vision=1 current=1 vframe=34124 vs=1 vage=30 vpage=30 vdt=33 vmax=266 vacc=34055 vrej=0 seq=0 elapsed=0 oled=3C
[  12938] STATUS mode=3 fault=none enc=-319 denc=0 sreq=0 sapplied=0 crate=-19 uimp=-298065 upos=290 uneg=1900 ball=-100.87 vball=-0.09 aball=-0.6 bref=0.00 pid=-19.3 pref=-285.4 ppos=-283.5 apid=-0.0 integ=-0.0 vision=1 current=1 vframe=34126 vs=1 vage=3 vpage=3 vdt=33 vmax=266 vacc=34057 vrej=0 seq=0 elapsed=0 oled=3C
[  12969] STATUS mode=3 fault=none enc=-319 denc=0 sreq=0 sapplied=0 crate=-19 uimp=-298065 upos=290 uneg=1900 ball=-100.87 vball=-0.09 aball=-0.6 bref=0.00 pid=-19.3 pref=-285.4 ppos=-283.5 apid=-0.0 integ=-0.0 vision=1 current=1 vframe=34126 vs=1 vage=23 vpage=23 vdt=33 vmax=266 vacc=34057 vrej=0 seq=0 elapsed=0 oled=3C
[  13000] STATUS mode=3 fault=none enc=-319 denc=0 sreq=0 sapplied=0 crate=-19 uimp=-298065 upos=290 uneg=1900 ball=-100.87 vball=-0.06 aball=-0.6 bref=0.00 pid=-19.3 pref=-285.4 ppos=-283.5 apid=-0.0 integ=-0.0 vision=1 current=1 vframe=34127 vs=1 vage=9 vpage=9 vdt=34 vmax=266 vacc=34058 vrej=0 seq=0 elapsed=0 oled=3C
[  13016] STATUS mode=3 fault=none enc=-319 denc=0 sreq=0 sapplied=0 crate=-19 uimp=-298065 upos=290 uneg=1900 ball=-100.87 vball=-0.04 aball=0.1 bref=0.00 pid=-19.3 pref=-285.4 ppos=-283.5 apid=0.0 integ=-0.0 vision=1 current=1 vframe=34128 vs=1 vage=16 vpage=16 vdt=33 vmax=266 vacc=34059 vrej=0 seq=0 elapsed=0 oled=3C
[  13047] STATUS mode=3 fault=none enc=-319 denc=0 sreq=0 sapplied=0 crate=-19 uimp=-298065 upos=290 uneg=1900 ball=-100.87 vball=-0.03 aball=0.1 bref=0.00 pid=-19.3 pref=-285.4 ppos=-283.5 apid=0.0 integ=-0.0 vision=1 current=1 vframe=34129 vs=1 vage=3 vpage=3 vdt=33 vmax=266 vacc=34060 vrej=0 seq=0 elapsed=0 oled=3C
[  13079] STATUS mode=3 fault=none enc=-319 denc=0 sreq=0 sapplied=0 crate=-19 uimp=-298065 upos=290 uneg=1900 ball=-100.86 vball=-0.02 aball=0.1 bref=0.00 pid=-19.3 pref=-285.4 ppos=-283.5 apid=0.0 integ=-0.0 vision=1 current=1 vframe=34130 vs=1 vage=10 vpage=10 vdt=33 vmax=266 vacc=34061 vrej=0 seq=0 elapsed=0 oled=3C
[  13110] STATUS mode=3 fault=none enc=-319 denc=0 sreq=0 sapplied=0 crate=-19 uimp=-298065 upos=290 uneg=1900 ball=-100.86 vball=-0.02 aball=0.1 bref=0.00 pid=-19.3 pref=-285.4 ppos=-283.5 apid=0.0 integ=-0.0 vision=1 current=1 vframe=34130 vs=1 vage=30 vpage=30 vdt=33 vmax=266 vacc=34061 vrej=0 seq=0 elapsed=0 oled=3C
[  13125] STATUS mode=3 fault=none enc=-319 denc=0 sreq=0 sapplied=0 crate=-19 uimp=-298065 upos=290 uneg=1900 ball=-100.86 vball=-0.01 aball=0.2 bref=0.00 pid=-19.3 pref=-285.4 ppos=-283.5 apid=0.0 integ=-0.0 vision=1 current=1 vframe=34131 vs=1 vage=17 vpage=17 vdt=33 vmax=266 vacc=34062 vrej=0 seq=0 elapsed=0 oled=3C
[  13157] STATUS mode=3 fault=none enc=-319 denc=0 sreq=0 sapplied=0 crate=-19 uimp=-298065 upos=290 uneg=1900 ball=-100.86 vball=-0.01 aball=0.2 bref=0.00 pid=-19.3 pref=-285.4 ppos=-283.5 apid=0.0 integ=-0.0 vision=1 current=1 vframe=34132 vs=1 vage=23 vpage=23 vdt=34 vmax=266 vacc=34063 vrej=0 seq=0 elapsed=0 oled=3C
[  13188] STATUS mode=3 fault=none enc=-319 denc=0 sreq=0 sapplied=0 crate=-19 uimp=-298065 upos=290 uneg=1900 ball=-100.86 vball=-0.00 aball=0.2 bref=0.00 pid=-19.3 pref=-285.4 ppos=-283.5 apid=0.0 integ=-0.0 vision=1 current=1 vframe=34133 vs=1 vage=10 vpage=10 vdt=33 vmax=266 vacc=34064 vrej=0 seq=0 elapsed=0 oled=3C
[  13219] STATUS mode=3 fault=none enc=-319 denc=0 sreq=0 sapplied=0 crate=-19 uimp=-298065 upos=290 uneg=1900 ball=-100.86 vball=-0.00 aball=0.2 bref=0.00 pid=-19.3 pref=-285.4 ppos=-283.5 apid=0.0 integ=-0.0 vision=1 current=1 vframe=34133 vs=1 vage=30 vpage=30 vdt=33 vmax=266 vacc=34064 vrej=0 seq=0 elapsed=0 oled=3C
[  13235] STATUS mode=3 fault=none enc=-319 denc=0 sreq=0 sapplied=0 crate=-19 uimp=-298065 upos=290 uneg=1900 ball=-100.86 vball=-0.00 aball=0.1 bref=0.00 pid=-19.3 pref=-285.4 ppos=-283.5 apid=0.0 integ=-0.0 vision=1 current=1 vframe=34135 vs=1 vage=4 vpage=4 vdt=33 vmax=266 vacc=34066 vrej=0 seq=0 elapsed=0 oled=3C
[  13266] STATUS mode=3 fault=none enc=-319 denc=0 sreq=0 sapplied=0 crate=-19 uimp=-298065 upos=290 uneg=1900 ball=-100.86 vball=-0.00 aball=0.1 bref=0.00 pid=-19.3 pref=-285.4 ppos=-283.5 apid=0.0 integ=-0.0 vision=1 current=1 vframe=34135 vs=1 vage=24 vpage=24 vdt=33 vmax=266 vacc=34066 vrej=0 seq=0 elapsed=0 oled=3C
[  13297] STATUS mode=3 fault=none enc=-319 denc=0 sreq=0 sapplied=0 crate=-19 uimp=-298065 upos=290 uneg=1900 ball=-100.86 vball=-0.00 aball=0.1 bref=0.00 pid=-19.3 pref=-285.4 ppos=-283.5 apid=0.0 integ=-0.0 vision=1 current=1 vframe=34136 vs=1 vage=11 vpage=11 vdt=33 vmax=266 vacc=34067 vrej=0 seq=0 elapsed=0 oled=3C
[  13329] STATUS mode=3 fault=none enc=-319 denc=0 sreq=0 sapplied=0 crate=-19 uimp=-298065 upos=290 uneg=1900 ball=-100.86 vball=-0.00 aball=0.1 bref=0.00 pid=-19.3 pref=-285.4 ppos=-283.5 apid=0.0 integ=-0.0 vision=1 current=1 vframe=34137 vs=1 vage=17 vpage=17 vdt=34 vmax=266 vacc=34068 vrej=0 seq=0 elapsed=0 oled=3C
[  13344] STATUS mode=3 fault=none enc=-319 denc=0 sreq=0 sapplied=0 crate=-19 uimp=-298065 upos=290 uneg=1900 ball=-100.86 vball=-0.00 aball=0.1 bref=0.00 pid=-19.3 pref=-285.4 ppos=-283.5 apid=0.0 integ=-0.0 vision=1 current=1 vframe=34138 vs=1 vage=4 vpage=4 vdt=33 vmax=266 vacc=34069 vrej=0 seq=0 elapsed=0 oled=3C
[  13375] STATUS mode=3 fault=none enc=-319 denc=0 sreq=0 sapplied=0 crate=-19 uimp=-298065 upos=290 uneg=1900 ball=-100.86 vball=-0.00 aball=0.1 bref=0.00 pid=-19.3 pref=-285.4 ppos=-283.5 apid=0.0 integ=-0.0 vision=1 current=1 vframe=34138 vs=1 vage=24 vpage=24 vdt=33 vmax=266 vacc=34069 vrej=0 seq=0 elapsed=0 oled=3C
[  13407] STATUS mode=3 fault=none enc=-319 denc=0 sreq=0 sapplied=0 crate=-19 uimp=-298065 upos=290 uneg=1900 ball=-100.86 vball=-0.00 aball=0.1 bref=0.00 pid=-19.3 pref=-285.4 ppos=-283.5 apid=0.0 integ=-0.0 vision=1 current=1 vframe=34139 vs=1 vage=30 vpage=30 vdt=34 vmax=266 vacc=34070 vrej=0 seq=0 elapsed=0 oled=3C
[  13438] STATUS mode=3 fault=none enc=-319 denc=0 sreq=0 sapplied=0 crate=-19 uimp=-298065 upos=290 uneg=1900 ball=-100.86 vball=-0.00 aball=0.0 bref=0.00 pid=-19.3 pref=-285.4 ppos=-283.5 apid=0.0 integ=-0.0 vision=1 current=1 vframe=34140 vs=1 vage=17 vpage=17 vdt=33 vmax=266 vacc=34071 vrej=0 seq=0 elapsed=0 oled=3C
[  13454] STATUS mode=3 fault=none enc=-319 denc=0 sreq=0 sapplied=0 crate=-19 uimp=-298065 upos=290 uneg=1900 ball=-100.86 vball=-0.00 aball=0.0 bref=0.00 pid=-19.3 pref=-285.4 ppos=-283.5 apid=0.0 integ=-0.0 vision=1 current=1 vframe=34141 vs=1 vage=25 vpage=25 vdt=32 vmax=266 vacc=34072 vrej=0 seq=0 elapsed=0 oled=3C
[  13485] STATUS mode=3 fault=none enc=-319 denc=0 sreq=0 sapplied=0 crate=-19 uimp=-298065 upos=290 uneg=1900 ball=-100.86 vball=-0.00 aball=0.0 bref=0.00 pid=-19.3 pref=-285.4 ppos=-283.5 apid=0.0 integ=-0.0 vision=1 current=1 vframe=34142 vs=1 vage=9 vpage=9 vdt=36 vmax=266 vacc=34073 vrej=0 seq=0 elapsed=0 oled=3C
[  13516] STATUS mode=3 fault=none enc=-319 denc=0 sreq=0 sapplied=0 crate=-19 uimp=-298065 upos=290 uneg=1900 ball=-100.86 vball=-0.00 aball=0.0 bref=0.00 pid=-19.3 pref=-285.4 ppos=-283.5 apid=0.0 integ=-0.0 vision=1 current=1 vframe=34142 vs=1 vage=29 vpage=29 vdt=36 vmax=266 vacc=34073 vrej=0 seq=0 elapsed=0 oled=3C
[  13532] STATUS mode=3 fault=none enc=-319 denc=0 sreq=0 sapplied=0 crate=-19 uimp=-298065 upos=290 uneg=1900 ball=-100.86 vball=-0.00 aball=0.0 bref=0.00 pid=-19.3 pref=-285.4 ppos=-283.5 apid=0.0 integ=-0.0 vision=1 current=1 vframe=34144 vs=1 vage=4 vpage=4 vdt=33 vmax=266 vacc=34075 vrej=0 seq=0 elapsed=0 oled=3C
[  13563] STATUS mode=3 fault=none enc=-319 denc=0 sreq=0 sapplied=0 crate=-19 uimp=-298065 upos=290 uneg=1900 ball=-100.86 vball=-0.00 aball=0.0 bref=0.00 pid=-19.3 pref=-285.4 ppos=-283.5 apid=0.0 integ=-0.0 vision=1 current=1 vframe=34144 vs=1 vage=24 vpage=24 vdt=33 vmax=266 vacc=34075 vrej=0 seq=0 elapsed=0 oled=3C
[  13594] STATUS mode=3 fault=none enc=-319 denc=0 sreq=0 sapplied=0 crate=-19 uimp=-298065 upos=290 uneg=1900 ball=-100.86 vball=-0.00 aball=0.0 bref=0.00 pid=-19.3 pref=-285.4 ppos=-283.5 apid=0.0 integ=-0.0 vision=1 current=1 vframe=34145 vs=1 vage=11 vpage=11 vdt=33 vmax=266 vacc=34076 vrej=0 seq=0 elapsed=0 oled=3C
[  13625] STATUS mode=3 fault=none enc=-319 denc=0 sreq=0 sapplied=0 crate=-19 uimp=-298065 upos=290 uneg=1900 ball=-100.86 vball=-0.00 aball=0.0 bref=0.00 pid=-19.3 pref=-285.4 ppos=-283.5 apid=0.0 integ=-0.0 vision=1 current=1 vframe=34146 vs=1 vage=17 vpage=17 vdt=34 vmax=266 vacc=34077 vrej=0 seq=0 elapsed=0 oled=3C
[  13641] STATUS mode=3 fault=none enc=-319 denc=0 sreq=0 sapplied=0 crate=-19 uimp=-298065 upos=290 uneg=1900 ball=-100.86 vball=-0.00 aball=0.0 bref=0.00 pid=-19.3 pref=-285.4 ppos=-283.5 apid=0.0 integ=-0.0 vision=1 current=1 vframe=34147 vs=1 vage=4 vpage=4 vdt=33 vmax=266 vacc=34078 vrej=0 seq=0 elapsed=0 oled=3C
[  13672] STATUS mode=3 fault=none enc=-319 denc=0 sreq=0 sapplied=0 crate=-19 uimp=-298065 upos=290 uneg=1900 ball=-100.86 vball=-0.00 aball=0.0 bref=0.00 pid=-19.3 pref=-285.4 ppos=-283.5 apid=0.0 integ=-0.0 vision=1 current=1 vframe=34147 vs=1 vage=24 vpage=24 vdt=33 vmax=266 vacc=34078 vrej=0 seq=0 elapsed=0 oled=3C
[  13704] STATUS mode=3 fault=none enc=-319 denc=0 sreq=0 sapplied=0 crate=-19 uimp=-298065 upos=290 uneg=1900 ball=-100.86 vball=-0.00 aball=0.0 bref=0.00 pid=-19.3 pref=-285.4 ppos=-283.5 apid=0.0 integ=-0.0 vision=1 current=1 vframe=34148 vs=1 vage=31 vpage=31 vdt=33 vmax=266 vacc=34079 vrej=0 seq=0 elapsed=0 oled=3C
[  13735] STATUS mode=3 fault=none enc=-319 denc=0 sreq=0 sapplied=0 crate=-19 uimp=-298065 upos=290 uneg=1900 ball=-100.86 vball=-0.00 aball=0.0 bref=0.00 pid=-19.3 pref=-285.4 ppos=-283.5 apid=0.0 integ=-0.0 vision=1 current=1 vframe=34149 vs=1 vage=17 vpage=17 vdt=34 vmax=266 vacc=34080 vrej=0 seq=0 elapsed=0 oled=3C
[  13750] STATUS mode=3 fault=none enc=-319 denc=0 sreq=0 sapplied=0 crate=-19 uimp=-298065 upos=290 uneg=1900 ball=-100.86 vball=-0.00 aball=0.0 bref=0.00 pid=-19.3 pref=-285.4 ppos=-283.5 apid=0.0 integ=-0.0 vision=1 current=1 vframe=34150 vs=1 vage=4 vpage=4 vdt=33 vmax=266 vacc=34081 vrej=0 seq=0 elapsed=0 oled=3C
[  13782] STATUS mode=3 fault=none enc=-319 denc=0 sreq=0 sapplied=0 crate=-19 uimp=-298065 upos=290 uneg=1900 ball=-100.86 vball=-0.00 aball=0.0 bref=0.00 pid=-19.3 pref=-285.4 ppos=-283.5 apid=0.0 integ=-0.0 vision=1 current=1 vframe=34151 vs=1 vage=9 vpage=9 vdt=35 vmax=266 vacc=34082 vrej=0 seq=0 elapsed=0 oled=3C
[  13813] STATUS mode=3 fault=none enc=-319 denc=0 sreq=0 sapplied=0 crate=-19 uimp=-298065 upos=290 uneg=1900 ball=-100.86 vball=-0.00 aball=0.0 bref=0.00 pid=-19.3 pref=-285.4 ppos=-283.5 apid=0.0 integ=-0.0 vision=1 current=1 vframe=34151 vs=1 vage=29 vpage=29 vdt=35 vmax=266 vacc=34082 vrej=0 seq=0 elapsed=0 oled=3C
[  13844] STATUS mode=3 fault=none enc=-319 denc=0 sreq=0 sapplied=0 crate=-19 uimp=-298065 upos=290 uneg=1900 ball=-100.86 vball=-0.00 aball=0.0 bref=0.00 pid=-19.3 pref=-285.4 ppos=-283.5 apid=0.0 integ=-0.0 vision=1 current=1 vframe=34153 vs=1 vage=3 vpage=3 vdt=32 vmax=266 vacc=34084 vrej=0 seq=0 elapsed=0 oled=3C
[  13860] STATUS mode=3 fault=none enc=-319 denc=0 sreq=0 sapplied=0 crate=-19 uimp=-298065 upos=290 uneg=1900 ball=-100.86 vball=-0.00 aball=0.0 bref=0.00 pid=-19.3 pref=-285.4 ppos=-283.5 apid=0.0 integ=-0.0 vision=1 current=1 vframe=34153 vs=1 vage=23 vpage=23 vdt=32 vmax=266 vacc=34084 vrej=0 seq=0 elapsed=0 oled=3C
[  13891] STATUS mode=3 fault=none enc=-319 denc=0 sreq=0 sapplied=0 crate=-19 uimp=-298065 upos=290 uneg=1900 ball=-100.86 vball=-0.00 aball=0.0 bref=0.00 pid=-19.3 pref=-285.4 ppos=-283.5 apid=0.0 integ=-0.0 vision=1 current=1 vframe=34154 vs=1 vage=9 vpage=9 vdt=34 vmax=266 vacc=34085 vrej=0 seq=0 elapsed=0 oled=3C
[  13922] STATUS mode=3 fault=none enc=-319 denc=0 sreq=0 sapplied=0 crate=-19 uimp=-298065 upos=290 uneg=1900 ball=-100.86 vball=-0.00 aball=0.0 bref=0.00 pid=-19.3 pref=-285.4 ppos=-283.5 apid=0.0 integ=-0.0 vision=1 current=1 vframe=34155 vs=1 vage=17 vpage=17 vdt=32 vmax=266 vacc=34086 vrej=0 seq=0 elapsed=0 oled=3C
[  13954] STATUS mode=3 fault=none enc=-319 denc=0 sreq=0 sapplied=0 crate=-19 uimp=-298065 upos=290 uneg=1900 ball=-100.86 vball=-0.00 aball=0.0 bref=0.00 pid=-19.3 pref=-285.4 ppos=-283.5 apid=0.0 integ=-0.0 vision=1 current=1 vframe=34156 vs=1 vage=3 vpage=3 vdt=34 vmax=266 vacc=34087 vrej=0 seq=0 elapsed=0 oled=3C
[  13969] STATUS mode=3 fault=none enc=-319 denc=0 sreq=0 sapplied=0 crate=-19 uimp=-298065 upos=290 uneg=1900 ball=-100.86 vball=-0.00 aball=0.0 bref=0.00 pid=-19.3 pref=-285.4 ppos=-283.5 apid=0.0 integ=-0.0 vision=1 current=1 vframe=34156 vs=1 vage=23 vpage=23 vdt=34 vmax=266 vacc=34087 vrej=0 seq=0 elapsed=0 oled=3C
[  14000] STATUS mode=3 fault=none enc=-319 denc=0 sreq=0 sapplied=0 crate=-19 uimp=-298065 upos=290 uneg=1900 ball=-100.86 vball=-0.00 aball=0.0 bref=0.00 pid=-19.3 pref=-285.4 ppos=-283.5 apid=0.0 integ=-0.0 vision=1 current=1 vframe=34157 vs=1 vage=30 vpage=30 vdt=33 vmax=266 vacc=34088 vrej=0 seq=0 elapsed=0 oled=3C
[  14032] STATUS mode=3 fault=none enc=-319 denc=0 sreq=0 sapplied=0 crate=-19 uimp=-298065 upos=290 uneg=1900 ball=-100.86 vball=-0.00 aball=0.0 bref=0.00 pid=-19.3 pref=-285.4 ppos=-283.5 apid=0.0 integ=-0.0 vision=1 current=1 vframe=34158 vs=1 vage=16 vpage=16 vdt=34 vmax=266 vacc=34089 vrej=0 seq=0 elapsed=0 oled=3C
[  14047] STATUS mode=3 fault=none enc=-319 denc=0 sreq=0 sapplied=0 crate=-19 uimp=-298065 upos=290 uneg=1900 ball=-100.86 vball=-0.00 aball=0.0 bref=0.00 pid=-19.3 pref=-285.4 ppos=-283.5 apid=0.0 integ=-0.0 vision=1 current=1 vframe=34159 vs=1 vage=3 vpage=3 vdt=33 vmax=266 vacc=34090 vrej=0 seq=0 elapsed=0 oled=3C
[  14079] STATUS mode=3 fault=none enc=-319 denc=0 sreq=0 sapplied=0 crate=-19 uimp=-298065 upos=290 uneg=1900 ball=-100.86 vball=-0.00 aball=0.0 bref=0.00 pid=-19.3 pref=-285.4 ppos=-283.5 apid=0.0 integ=-0.0 vision=1 current=1 vframe=34160 vs=1 vage=10 vpage=10 vdt=33 vmax=266 vacc=34091 vrej=0 seq=0 elapsed=0 oled=3C
[  14110] STATUS mode=3 fault=none enc=-319 denc=0 sreq=0 sapplied=0 crate=-19 uimp=-298065 upos=290 uneg=1900 ball=-100.86 vball=-0.00 aball=0.0 bref=0.00 pid=-19.3 pref=-285.4 ppos=-283.5 apid=0.0 integ=-0.0 vision=1 current=1 vframe=34160 vs=1 vage=30 vpage=30 vdt=33 vmax=266 vacc=34091 vrej=0 seq=0 elapsed=0 oled=3C
[  14141] STATUS mode=3 fault=none enc=-319 denc=0 sreq=0 sapplied=0 crate=-19 uimp=-298065 upos=290 uneg=1900 ball=-100.86 vball=-0.00 aball=0.0 bref=0.00 pid=-19.3 pref=-285.4 ppos=-283.5 apid=0.0 integ=-0.0 vision=1 current=1 vframe=34161 vs=1 vage=17 vpage=17 vdt=33 vmax=266 vacc=34092 vrej=0 seq=0 elapsed=0 oled=3C
[  14157] STATUS mode=3 fault=none enc=-319 denc=0 sreq=0 sapplied=0 crate=-19 uimp=-298065 upos=290 uneg=1900 ball=-100.86 vball=-0.00 aball=0.0 bref=0.00 pid=-19.3 pref=-285.4 ppos=-283.5 apid=0.0 integ=-0.0 vision=1 current=1 vframe=34162 vs=1 vage=23 vpage=23 vdt=34 vmax=266 vacc=34093 vrej=0 seq=0 elapsed=0 oled=3C
[  14188] STATUS mode=3 fault=none enc=-319 denc=0 sreq=0 sapplied=0 crate=-19 uimp=-298065 upos=290 uneg=1900 ball=-100.86 vball=-0.00 aball=0.0 bref=0.00 pid=-19.3 pref=-285.4 ppos=-283.5 apid=0.0 integ=-0.0 vision=1 current=1 vframe=34163 vs=1 vage=10 vpage=10 vdt=33 vmax=266 vacc=34094 vrej=0 seq=0 elapsed=0 oled=3C
[  14219] STATUS mode=3 fault=none enc=-319 denc=0 sreq=0 sapplied=0 crate=-19 uimp=-298065 upos=290 uneg=1900 ball=-100.86 vball=-0.00 aball=0.0 bref=0.00 pid=-19.3 pref=-285.4 ppos=-283.5 apid=0.0 integ=-0.0 vision=1 current=1 vframe=34164 vs=1 vage=17 vpage=17 vdt=33 vmax=266 vacc=34095 vrej=0 seq=0 elapsed=0 oled=3C
[  14250] STATUS mode=3 fault=none enc=-319 denc=0 sreq=0 sapplied=0 crate=-19 uimp=-298065 upos=290 uneg=1900 ball=-100.86 vball=-0.00 aball=0.0 bref=0.00 pid=-19.3 pref=-285.4 ppos=-283.5 apid=0.0 integ=-0.0 vision=1 current=1 vframe=34165 vs=1 vage=3 vpage=3 vdt=34 vmax=266 vacc=34096 vrej=0 seq=0 elapsed=0 oled=3C
[  14266] STATUS mode=3 fault=none enc=-319 denc=0 sreq=0 sapplied=0 crate=-19 uimp=-298065 upos=290 uneg=1900 ball=-100.86 vball=-0.00 aball=0.0 bref=0.00 pid=-19.3 pref=-285.4 ppos=-283.5 apid=0.0 integ=-0.0 vision=1 current=1 vframe=34165 vs=1 vage=23 vpage=23 vdt=34 vmax=266 vacc=34096 vrej=0 seq=0 elapsed=0 oled=3C
[  14297] STATUS mode=3 fault=none enc=-319 denc=0 sreq=0 sapplied=0 crate=-19 uimp=-298065 upos=290 uneg=1900 ball=-100.86 vball=-0.00 aball=0.0 bref=0.00 pid=-19.3 pref=-285.4 ppos=-283.5 apid=0.0 integ=-0.0 vision=1 current=1 vframe=34166 vs=1 vage=31 vpage=31 vdt=32 vmax=266 vacc=34097 vrej=0 seq=0 elapsed=0 oled=3C
[  14329] STATUS mode=3 fault=none enc=-319 denc=0 sreq=0 sapplied=0 crate=-19 uimp=-298065 upos=290 uneg=1900 ball=-100.86 vball=-0.00 aball=0.0 bref=0.00 pid=-19.3 pref=-285.4 ppos=-283.5 apid=0.0 integ=-0.0 vision=1 current=1 vframe=34167 vs=1 vage=17 vpage=17 vdt=34 vmax=266 vacc=34098 vrej=0 seq=0 elapsed=0 oled=3C
[  14360] STATUS mode=3 fault=none enc=-319 denc=0 sreq=0 sapplied=0 crate=-19 uimp=-298065 upos=290 uneg=1900 ball=-100.86 vball=-0.00 aball=0.0 bref=0.00 pid=-19.3 pref=-285.4 ppos=-283.5 apid=0.0 integ=-0.0 vision=1 current=1 vframe=34168 vs=1 vage=3 vpage=3 vdt=34 vmax=266 vacc=34099 vrej=0 seq=0 elapsed=0 oled=3C
[  14375] STATUS mode=3 fault=none enc=-319 denc=0 sreq=0 sapplied=0 crate=-19 uimp=-298065 upos=290 uneg=1900 ball=-100.86 vball=-0.00 aball=0.0 bref=0.00 pid=-19.3 pref=-285.4 ppos=-283.5 apid=0.0 integ=-0.0 vision=1 current=1 vframe=34169 vs=1 vage=11 vpage=11 vdt=32 vmax=266 vacc=34100 vrej=0 seq=0 elapsed=0 oled=3C
[  14407] STATUS mode=3 fault=none enc=-319 denc=0 sreq=0 sapplied=0 crate=-19 uimp=-298065 upos=290 uneg=1900 ball=-100.86 vball=-0.00 aball=0.0 bref=0.00 pid=-19.3 pref=-285.4 ppos=-283.5 apid=0.0 integ=-0.0 vision=1 current=1 vframe=34169 vs=1 vage=31 vpage=31 vdt=32 vmax=266 vacc=34100 vrej=0 seq=0 elapsed=0 oled=3C
[  14438] STATUS mode=3 fault=none enc=-319 denc=0 sreq=0 sapplied=0 crate=-19 uimp=-298065 upos=290 uneg=1900 ball=-100.86 vball=-0.00 aball=0.0 bref=0.00 pid=-19.3 pref=-285.4 ppos=-283.5 apid=0.0 integ=-0.0 vision=1 current=1 vframe=34170 vs=1 vage=17 vpage=17 vdt=34 vmax=266 vacc=34101 vrej=0 seq=0 elapsed=0 oled=3C
[  14469] STATUS mode=3 fault=none enc=-319 denc=0 sreq=0 sapplied=0 crate=-19 uimp=-298065 upos=290 uneg=1900 ball=-100.85 vball=0.15 aball=0.0 bref=0.00 pid=-19.3 pref=-285.4 ppos=-283.5 apid=0.0 integ=-0.0 vision=1 current=1 vframe=34171 vs=1 vage=24 vpage=24 vdt=33 vmax=266 vacc=34102 vrej=0 seq=0 elapsed=0 oled=3C
[  14485] STATUS mode=3 fault=none enc=-319 denc=0 sreq=0 sapplied=0 crate=-19 uimp=-298065 upos=290 uneg=1900 ball=-100.84 vball=0.15 aball=0.0 bref=0.00 pid=-19.3 pref=-285.4 ppos=-283.5 apid=0.0 integ=-0.0 vision=1 current=1 vframe=34172 vs=1 vage=10 vpage=10 vdt=34 vmax=266 vacc=34103 vrej=0 seq=0 elapsed=0 oled=3C
[  14516] STATUS mode=3 fault=none enc=-319 denc=0 sreq=0 sapplied=0 crate=-19 uimp=-298065 upos=290 uneg=1900 ball=-100.84 vball=0.15 aball=0.0 bref=0.00 pid=-19.3 pref=-285.4 ppos=-283.5 apid=0.0 integ=-0.0 vision=1 current=1 vframe=34172 vs=1 vage=30 vpage=30 vdt=34 vmax=266 vacc=34103 vrej=0 seq=0 elapsed=0 oled=3C
[  14547] STATUS mode=3 fault=none enc=-319 denc=0 sreq=0 sapplied=0 crate=-19 uimp=-298065 upos=290 uneg=1900 ball=-100.84 vball=0.08 aball=0.5 bref=0.00 pid=-19.3 pref=-285.4 ppos=-283.5 apid=0.0 integ=-0.0 vision=1 current=1 vframe=34174 vs=1 vage=5 vpage=5 vdt=30 vmax=266 vacc=34105 vrej=0 seq=0 elapsed=0 oled=3C
[  14563] STATUS mode=3 fault=none enc=-319 denc=0 sreq=0 sapplied=0 crate=-19 uimp=-298065 upos=290 uneg=1900 ball=-100.84 vball=0.08 aball=0.5 bref=0.00 pid=-19.3 pref=-285.4 ppos=-283.5 apid=0.0 integ=-0.0 vision=1 current=1 vframe=34174 vs=1 vage=25 vpage=25 vdt=30 vmax=266 vacc=34105 vrej=0 seq=0 elapsed=0 oled=3C
[  14594] STATUS mode=3 fault=none enc=-319 denc=0 sreq=0 sapplied=0 crate=-19 uimp=-298065 upos=290 uneg=1900 ball=-100.85 vball=-0.05 aball=0.5 bref=0.00 pid=-19.3 pref=-285.4 ppos=-283.5 apid=0.0 integ=-0.0 vision=1 current=1 vframe=34175 vs=1 vage=11 vpage=11 vdt=34 vmax=266 vacc=34106 vrej=0 seq=0 elapsed=0 oled=3C
[  14625] STATUS mode=3 fault=none enc=-319 denc=0 sreq=0 sapplied=0 crate=-19 uimp=-298065 upos=290 uneg=1900 ball=-100.86 vball=-0.12 aball=-0.8 bref=0.00 pid=-19.3 pref=-285.4 ppos=-283.5 apid=-0.0 integ=-0.0 vision=1 current=1 vframe=34176 vs=1 vage=18 vpage=18 vdt=33 vmax=266 vacc=34107 vrej=0 seq=0 elapsed=0 oled=3C
[  14657] STATUS mode=3 fault=none enc=-319 denc=0 sreq=0 sapplied=0 crate=-19 uimp=-298065 upos=290 uneg=1900 ball=-100.87 vball=-0.11 aball=-0.8 bref=0.00 pid=-19.3 pref=-285.4 ppos=-283.5 apid=-0.0 integ=-0.0 vision=1 current=1 vframe=34177 vs=1 vage=5 vpage=5 vdt=33 vmax=266 vacc=34108 vrej=0 seq=0 elapsed=0 oled=3C
[  14672] STATUS mode=3 fault=none enc=-319 denc=0 sreq=0 sapplied=0 crate=-19 uimp=-298065 upos=290 uneg=1900 ball=-100.87 vball=-0.08 aball=-0.8 bref=0.00 pid=-19.3 pref=-285.4 ppos=-283.5 apid=-0.0 integ=-0.0 vision=1 current=1 vframe=34178 vs=1 vage=11 vpage=11 vdt=34 vmax=266 vacc=34109 vrej=0 seq=0 elapsed=0 oled=3C
[  14704] STATUS mode=3 fault=none enc=-319 denc=0 sreq=0 sapplied=0 crate=-19 uimp=-298065 upos=290 uneg=1900 ball=-100.87 vball=-0.08 aball=-0.8 bref=0.00 pid=-19.3 pref=-285.4 ppos=-283.5 apid=-0.0 integ=-0.0 vision=1 current=1 vframe=34178 vs=1 vage=31 vpage=31 vdt=34 vmax=266 vacc=34109 vrej=0 seq=0 elapsed=0 oled=3C
[  14735] STATUS mode=3 fault=none enc=-319 denc=0 sreq=0 sapplied=0 crate=-19 uimp=-298065 upos=290 uneg=1900 ball=-100.87 vball=-0.06 aball=-0.2 bref=0.00 pid=-19.3 pref=-285.4 ppos=-283.5 apid=-0.0 integ=-0.0 vision=1 current=1 vframe=34179 vs=1 vage=18 vpage=18 vdt=33 vmax=266 vacc=34110 vrej=0 seq=0 elapsed=0 oled=3C
[  14766] STATUS mode=3 fault=none enc=-319 denc=0 sreq=0 sapplied=0 crate=-19 uimp=-298065 upos=290 uneg=1900 ball=-100.87 vball=-0.04 aball=-0.2 bref=0.00 pid=-19.3 pref=-285.4 ppos=-283.5 apid=-0.0 integ=-0.0 vision=1 current=1 vframe=34180 vs=1 vage=25 vpage=25 vdt=33 vmax=266 vacc=34111 vrej=0 seq=0 elapsed=0 oled=3C
[  14782] STATUS mode=3 fault=none enc=-319 denc=0 sreq=0 sapplied=0 crate=-19 uimp=-298065 upos=290 uneg=1900 ball=-100.87 vball=-0.02 aball=-0.2 bref=0.00 pid=-19.3 pref=-285.4 ppos=-283.5 apid=-0.0 integ=-0.0 vision=1 current=1 vframe=34181 vs=1 vage=11 vpage=11 vdt=34 vmax=266 vacc=34112 vrej=0 seq=0 elapsed=0 oled=3C
[  14813] STATUS mode=3 fault=none enc=-319 denc=0 sreq=0 sapplied=0 crate=-19 uimp=-298065 upos=290 uneg=1900 ball=-100.87 vball=-0.02 aball=-0.2 bref=0.00 pid=-19.3 pref=-285.4 ppos=-283.5 apid=-0.0 integ=-0.0 vision=1 current=1 vframe=34181 vs=1 vage=31 vpage=31 vdt=34 vmax=266 vacc=34112 vrej=0 seq=0 elapsed=0 oled=3C
[  14844] STATUS mode=3 fault=none enc=-319 denc=0 sreq=0 sapplied=0 crate=-19 uimp=-298065 upos=290 uneg=1900 ball=-100.86 vball=-0.01 aball=0.1 bref=0.00 pid=-19.3 pref=-285.4 ppos=-283.5 apid=0.0 integ=-0.0 vision=1 current=1 vframe=34183 vs=1 vage=5 vpage=5 vdt=33 vmax=266 vacc=34114 vrej=0 seq=0 elapsed=0 oled=3C
[  14875] STATUS mode=3 fault=none enc=-319 denc=0 sreq=0 sapplied=0 crate=-19 uimp=-298065 upos=290 uneg=1900 ball=-100.86 vball=-0.01 aball=0.1 bref=0.00 pid=-19.3 pref=-285.4 ppos=-283.5 apid=0.0 integ=-0.0 vision=1 current=1 vframe=34183 vs=1 vage=25 vpage=25 vdt=33 vmax=266 vacc=34114 vrej=0 seq=0 elapsed=0 oled=3C
[  14891] STATUS mode=3 fault=none enc=-319 denc=0 sreq=0 sapplied=0 crate=-19 uimp=-298065 upos=290 uneg=1900 ball=-100.86 vball=-0.01 aball=0.1 bref=0.00 pid=-19.3 pref=-285.4 ppos=-283.5 apid=0.0 integ=-0.0 vision=1 current=1 vframe=34184 vs=1 vage=11 vpage=11 vdt=34 vmax=266 vacc=34115 vrej=0 seq=0 elapsed=0 oled=3C
[  14922] STATUS mode=3 fault=none enc=-319 denc=0 sreq=0 sapplied=0 crate=-19 uimp=-298065 upos=290 uneg=1900 ball=-100.86 vball=-0.00 aball=0.1 bref=0.00 pid=-19.3 pref=-285.4 ppos=-283.5 apid=0.0 integ=-0.0 vision=1 current=1 vframe=34185 vs=1 vage=18 vpage=18 vdt=33 vmax=266 vacc=34116 vrej=0 seq=0 elapsed=0 oled=3C
[  14954] STATUS mode=3 fault=none enc=-319 denc=0 sreq=0 sapplied=0 crate=-19 uimp=-298065 upos=290 uneg=1900 ball=-100.86 vball=-0.00 aball=0.1 bref=0.00 pid=-19.3 pref=-285.4 ppos=-283.5 apid=0.0 integ=-0.0 vision=1 current=1 vframe=34186 vs=1 vage=5 vpage=5 vdt=33 vmax=266 vacc=34117 vrej=0 seq=0 elapsed=0 oled=3C
[  14985] STATUS mode=3 fault=none enc=-319 denc=0 sreq=0 sapplied=0 crate=-19 uimp=-298065 upos=290 uneg=1900 ball=-100.86 vball=-0.00 aball=0.1 bref=0.00 pid=-19.3 pref=-285.4 ppos=-283.5 apid=0.0 integ=-0.0 vision=1 current=1 vframe=34187 vs=1 vage=11 vpage=11 vdt=34 vmax=266 vacc=34118 vrej=0 seq=0 elapsed=0 oled=3C
[  15000] STATUS mode=3 fault=none enc=-319 denc=0 sreq=0 sapplied=0 crate=-19 uimp=-298065 upos=290 uneg=1900 ball=-100.86 vball=-0.00 aball=0.1 bref=0.00 pid=-19.3 pref=-285.4 ppos=-283.5 apid=0.0 integ=-0.0 vision=1 current=1 vframe=34187 vs=1 vage=31 vpage=31 vdt=34 vmax=266 vacc=34118 vrej=0 seq=0 elapsed=0 oled=3C
[  15032] STATUS mode=3 fault=none enc=-319 denc=0 sreq=0 sapplied=0 crate=-19 uimp=-298065 upos=290 uneg=1900 ball=-100.86 vball=-0.00 aball=0.1 bref=0.00 pid=-19.3 pref=-285.4 ppos=-283.5 apid=0.0 integ=-0.0 vision=1 current=1 vframe=34188 vs=1 vage=18 vpage=18 vdt=33 vmax=266 vacc=34119 vrej=0 seq=0 elapsed=0 oled=3C
[  15063] STATUS mode=3 fault=none enc=-319 denc=0 sreq=0 sapplied=0 crate=-19 uimp=-298065 upos=290 uneg=1900 ball=-100.86 vball=-0.00 aball=0.1 bref=0.00 pid=-19.3 pref=-285.4 ppos=-283.5 apid=0.0 integ=-0.0 vision=1 current=1 vframe=34189 vs=1 vage=24 vpage=24 vdt=34 vmax=266 vacc=34120 vrej=0 seq=0 elapsed=0 oled=3C
[  15094] STATUS mode=3 fault=none enc=-319 denc=0 sreq=0 sapplied=0 crate=-19 uimp=-298065 upos=290 uneg=1900 ball=-100.86 vball=-0.00 aball=0.1 bref=0.00 pid=-19.3 pref=-285.4 ppos=-283.5 apid=0.0 integ=-0.0 vision=1 current=1 vframe=34190 vs=1 vage=10 vpage=10 vdt=34 vmax=266 vacc=34121 vrej=0 seq=0 elapsed=0 oled=3C
[  15110] STATUS mode=3 fault=none enc=-319 denc=0 sreq=0 sapplied=0 crate=-19 uimp=-298065 upos=290 uneg=1900 ball=-100.86 vball=-0.00 aball=0.1 bref=0.00 pid=-19.3 pref=-285.4 ppos=-283.5 apid=0.0 integ=-0.0 vision=1 current=1 vframe=34190 vs=1 vage=30 vpage=30 vdt=34 vmax=266 vacc=34121 vrej=0 seq=0 elapsed=0 oled=3C
[  15141] STATUS mode=3 fault=none enc=-319 denc=0 sreq=0 sapplied=0 crate=-19 uimp=-298065 upos=290 uneg=1900 ball=-100.86 vball=-0.00 aball=0.0 bref=0.00 pid=-19.3 pref=-285.4 ppos=-283.5 apid=0.0 integ=-0.0 vision=1 current=1 vframe=34192 vs=1 vage=4 vpage=4 vdt=33 vmax=266 vacc=34123 vrej=0 seq=0 elapsed=0 oled=3C
[  15172] STATUS mode=3 fault=none enc=-319 denc=0 sreq=0 sapplied=0 crate=-19 uimp=-298065 upos=290 uneg=1900 ball=-100.86 vball=-0.00 aball=0.0 bref=0.00 pid=-19.3 pref=-285.4 ppos=-283.5 apid=0.0 integ=-0.0 vision=1 current=1 vframe=34192 vs=1 vage=24 vpage=24 vdt=33 vmax=266 vacc=34123 vrej=0 seq=0 elapsed=0 oled=3C
[  15204] STATUS mode=3 fault=none enc=-319 denc=0 sreq=0 sapplied=0 crate=-19 uimp=-298065 upos=290 uneg=1900 ball=-100.86 vball=-0.00 aball=0.0 bref=0.00 pid=-19.3 pref=-285.4 ppos=-283.5 apid=0.0 integ=-0.0 vision=1 current=1 vframe=34193 vs=1 vage=11 vpage=11 vdt=33 vmax=266 vacc=34124 vrej=0 seq=0 elapsed=0 oled=3C
[  15219] STATUS mode=3 fault=none enc=-319 denc=0 sreq=0 sapplied=0 crate=-19 uimp=-298065 upos=290 uneg=1900 ball=-100.86 vball=-0.00 aball=0.0 bref=0.00 pid=-19.3 pref=-285.4 ppos=-283.5 apid=0.0 integ=-0.0 vision=1 current=1 vframe=34194 vs=1 vage=18 vpage=18 vdt=33 vmax=266 vacc=34125 vrej=0 seq=0 elapsed=0 oled=3C
[  15250] STATUS mode=3 fault=none enc=-319 denc=0 sreq=0 sapplied=0 crate=-19 uimp=-298065 upos=290 uneg=1900 ball=-100.86 vball=-0.00 aball=0.0 bref=0.00 pid=-19.3 pref=-285.4 ppos=-283.5 apid=0.0 integ=-0.0 vision=1 current=1 vframe=34195 vs=1 vage=4 vpage=4 vdt=34 vmax=266 vacc=34126 vrej=0 seq=0 elapsed=0 oled=3C
[  15282] STATUS mode=3 fault=none enc=-319 denc=0 sreq=0 sapplied=0 crate=-19 uimp=-298065 upos=290 uneg=1900 ball=-100.86 vball=-0.00 aball=0.0 bref=0.00 pid=-19.3 pref=-285.4 ppos=-283.5 apid=0.0 integ=-0.0 vision=1 current=1 vframe=34195 vs=1 vage=24 vpage=24 vdt=34 vmax=266 vacc=34126 vrej=0 seq=0 elapsed=0 oled=3C
[  15313] STATUS mode=3 fault=none enc=-319 denc=0 sreq=0 sapplied=0 crate=-19 uimp=-298065 upos=290 uneg=1900 ball=-100.86 vball=-0.00 aball=0.0 bref=0.00 pid=-19.3 pref=-285.4 ppos=-283.5 apid=0.0 integ=-0.0 vision=1 current=1 vframe=34196 vs=1 vage=31 vpage=31 vdt=33 vmax=266 vacc=34127 vrej=0 seq=0 elapsed=0 oled=3C
[  15329] STATUS mode=3 fault=none enc=-319 denc=0 sreq=0 sapplied=0 crate=-19 uimp=-298065 upos=290 uneg=1900 ball=-100.86 vball=-0.00 aball=0.0 bref=0.00 pid=-19.3 pref=-285.4 ppos=-283.5 apid=0.0 integ=-0.0 vision=1 current=1 vframe=34197 vs=1 vage=18 vpage=18 vdt=33 vmax=266 vacc=34128 vrej=0 seq=0 elapsed=0 oled=3C
[  15360] STATUS mode=3 fault=none enc=-319 denc=0 sreq=0 sapplied=0 crate=-19 uimp=-298065 upos=290 uneg=1900 ball=-100.86 vball=-0.00 aball=0.0 bref=0.00 pid=-19.3 pref=-285.4 ppos=-283.5 apid=0.0 integ=-0.0 vision=1 current=1 vframe=34198 vs=1 vage=24 vpage=24 vdt=34 vmax=266 vacc=34129 vrej=0 seq=0 elapsed=0 oled=3C
[  15391] STATUS mode=3 fault=none enc=-319 denc=0 sreq=0 sapplied=0 crate=-19 uimp=-298065 upos=290 uneg=1900 ball=-100.86 vball=-0.00 aball=0.0 bref=0.00 pid=-19.3 pref=-285.4 ppos=-283.5 apid=0.0 integ=-0.0 vision=1 current=1 vframe=34199 vs=1 vage=11 vpage=11 vdt=33 vmax=266 vacc=34130 vrej=0 seq=0 elapsed=0 oled=3C
[  15407] STATUS mode=3 fault=none enc=-319 denc=0 sreq=0 sapplied=0 crate=-19 uimp=-298065 upos=290 uneg=1900 ball=-100.86 vball=-0.00 aball=0.0 bref=0.00 pid=-19.3 pref=-285.4 ppos=-283.5 apid=0.0 integ=-0.0 vision=1 current=1 vframe=34199 vs=1 vage=31 vpage=31 vdt=33 vmax=266 vacc=34130 vrej=0 seq=0 elapsed=0 oled=3C
[  15438] STATUS mode=3 fault=none enc=-319 denc=0 sreq=0 sapplied=0 crate=-19 uimp=-298065 upos=290 uneg=1900 ball=-100.86 vball=-0.00 aball=0.0 bref=0.00 pid=-19.3 pref=-285.4 ppos=-283.5 apid=0.0 integ=-0.0 vision=1 current=1 vframe=34201 vs=1 vage=4 vpage=4 vdt=33 vmax=266 vacc=34132 vrej=0 seq=0 elapsed=0 oled=3C
[  15469] STATUS mode=3 fault=none enc=-319 denc=0 sreq=0 sapplied=0 crate=-19 uimp=-298065 upos=290 uneg=1900 ball=-100.86 vball=-0.00 aball=0.0 bref=0.00 pid=-19.3 pref=-285.4 ppos=-283.5 apid=0.0 integ=-0.0 vision=1 current=1 vframe=34201 vs=1 vage=24 vpage=24 vdt=33 vmax=266 vacc=34132 vrej=0 seq=0 elapsed=0 oled=3C
[  15500] STATUS mode=3 fault=none enc=-319 denc=0 sreq=0 sapplied=0 crate=-19 uimp=-298065 upos=290 uneg=1900 ball=-100.86 vball=-0.00 aball=0.0 bref=0.00 pid=-19.3 pref=-285.4 ppos=-283.5 apid=0.0 integ=-0.0 vision=1 current=1 vframe=34202 vs=1 vage=11 vpage=11 vdt=33 vmax=266 vacc=34133 vrej=0 seq=0 elapsed=0 oled=3C
[  15516] STATUS mode=3 fault=none enc=-319 denc=0 sreq=0 sapplied=0 crate=-19 uimp=-298065 upos=290 uneg=1900 ball=-101.01 vball=-1.39 aball=-6.3 bref=0.00 pid=-19.3 pref=-285.4 ppos=-283.5 apid=-0.0 integ=-0.0 vision=1 current=1 vframe=34203 vs=1 vage=18 vpage=18 vdt=33 vmax=266 vacc=34134 vrej=0 seq=0 elapsed=0 oled=3C
[  15547] STATUS mode=3 fault=none enc=-319 denc=0 sreq=0 sapplied=0 crate=-19 uimp=-298065 upos=290 uneg=1900 ball=-101.15 vball=-2.13 aball=-6.3 bref=0.00 pid=-19.3 pref=-285.4 ppos=-283.5 apid=-0.0 integ=-0.0 vision=1 current=1 vframe=34204 vs=1 vage=5 vpage=5 vdt=33 vmax=266 vacc=34135 vrej=0 seq=0 elapsed=0 oled=3C
[  15579] STATUS mode=3 fault=none enc=-319 denc=0 sreq=0 sapplied=0 crate=-19 uimp=-298065 upos=290 uneg=1900 ball=-101.15 vball=-2.13 aball=-6.3 bref=0.00 pid=-19.3 pref=-285.4 ppos=-283.5 apid=-0.0 integ=-0.0 vision=1 current=1 vframe=34204 vs=1 vage=25 vpage=25 vdt=33 vmax=266 vacc=34135 vrej=0 seq=0 elapsed=0 oled=3C
[  15610] STATUS mode=3 fault=none enc=-319 denc=0 sreq=0 sapplied=0 crate=-19 uimp=-298065 upos=290 uneg=1900 ball=-101.18 vball=-1.82 aball=-6.3 bref=0.00 pid=-19.3 pref=-285.4 ppos=-283.5 apid=-0.0 integ=-0.0 vision=1 current=1 vframe=34205 vs=1 vage=31 vpage=31 vdt=34 vmax=266 vacc=34136 vrej=0 seq=0 elapsed=0 oled=3C
[  15625] STATUS mode=3 fault=none enc=-319 denc=0 sreq=0 sapplied=0 crate=-19 uimp=-298065 upos=290 uneg=1900 ball=-101.19 vball=-1.31 aball=-3.1 bref=0.00 pid=-19.3 pref=-285.4 ppos=-283.5 apid=-0.0 integ=-0.0 vision=1 current=1 vframe=34206 vs=1 vage=18 vpage=18 vdt=33 vmax=266 vacc=34137 vrej=0 seq=0 elapsed=0 oled=3C
[  15657] STATUS mode=3 fault=none enc=-319 denc=0 sreq=0 sapplied=0 crate=0 uimp=-298065 upos=290 uneg=1900 ball=-100.95 vball=1.14 aball=-3.1 bref=0.00 pid=0.0 pref=-282.6 ppos=-283.5 apid=-0.0 integ=-0.0 vision=1 current=1 vframe=34207 vs=1 vage=25 vpage=25 vdt=33 vmax=266 vacc=34138 vrej=0 seq=0 elapsed=0 oled=3C
[  15688] STATUS mode=3 fault=none enc=-319 denc=0 sreq=29 sapplied=29 crate=29 uimp=-298065 upos=290 uneg=1900 ball=-100.87 vball=1.48 aball=-3.1 bref=0.00 pid=28.6 pref=-280.6 ppos=-283.5 apid=-0.0 integ=-0.0 vision=1 current=1 vframe=34208 vs=1 vage=11 vpage=11 vdt=34 vmax=266 vacc=34139 vrej=0 seq=0 elapsed=0 oled=3C
[  15719] STATUS mode=3 fault=none enc=-319 denc=0 sreq=23 sapplied=23 crate=23 uimp=-297535 upos=310 uneg=1900 ball=-100.87 vball=1.48 aball=-3.1 bref=0.00 pid=23.3 pref=-280.6 ppos=-283.0 apid=-0.0 integ=-0.0 vision=1 current=1 vframe=34208 vs=1 vage=31 vpage=31 vdt=34 vmax=266 vacc=34139 vrej=0 seq=0 elapsed=0 oled=3C
[  15735] STATUS mode=3 fault=none enc=-319 denc=0 sreq=-21 sapplied=-21 crate=-21 uimp=-297920 upos=320 uneg=1925 ball=-101.13 vball=-1.28 aball=3.4 bref=0.00 pid=-20.8 pref=-285.4 ppos=-283.3 apid=0.0 integ=-0.0 vision=1 current=1 vframe=34210 vs=1 vage=4 vpage=4 vdt=33 vmax=266 vacc=34141 vrej=0 seq=0 elapsed=0 oled=3C
[  15766] STATUS mode=3 fault=none enc=-319 denc=1 sreq=0 sapplied=0 crate=-19 uimp=-298125 upos=320 uneg=1935 ball=-101.13 vball=-1.28 aball=3.4 bref=0.00 pid=-18.7 pref=-285.4 ppos=-283.5 apid=0.0 integ=-0.0 vision=1 current=1 vframe=34210 vs=1 vage=24 vpage=24 vdt=33 vmax=266 vacc=34141 vrej=0 seq=0 elapsed=0 oled=3C
[  15797] STATUS mode=3 fault=none enc=-319 denc=0 sreq=0 sapplied=0 crate=-19 uimp=-298125 upos=320 uneg=1935 ball=-101.17 vball=-1.25 aball=3.4 bref=0.00 pid=-18.7 pref=-285.4 ppos=-283.5 apid=0.0 integ=-0.0 vision=1 current=1 vframe=34211 vs=1 vage=11 vpage=11 vdt=33 vmax=266 vacc=34142 vrej=0 seq=0 elapsed=0 oled=3C
[  15829] STATUS mode=3 fault=none enc=-319 denc=0 sreq=0 sapplied=0 crate=-19 uimp=-298125 upos=320 uneg=1935 ball=-101.18 vball=-0.94 aball=-1.6 bref=0.00 pid=-18.7 pref=-285.4 ppos=-283.5 apid=-0.0 integ=-0.0 vision=1 current=1 vframe=34212 vs=1 vage=18 vpage=18 vdt=33 vmax=266 vacc=34143 vrej=0 seq=0 elapsed=0 oled=3C
[  15844] STATUS mode=3 fault=none enc=-319 denc=0 sreq=0 sapplied=0 crate=-19 uimp=-298125 upos=320 uneg=1935 ball=-101.17 vball=-0.65 aball=-1.6 bref=0.00 pid=-18.7 pref=-285.4 ppos=-283.5 apid=-0.0 integ=-0.0 vision=1 current=1 vframe=34213 vs=1 vage=4 vpage=4 vdt=34 vmax=266 vacc=34144 vrej=0 seq=0 elapsed=0 oled=3C
[  15875] STATUS mode=3 fault=none enc=-319 denc=0 sreq=0 sapplied=0 crate=-19 uimp=-298125 upos=320 uneg=1935 ball=-101.17 vball=-0.65 aball=-1.6 bref=0.00 pid=-18.7 pref=-285.4 ppos=-283.5 apid=-0.0 integ=-0.0 vision=1 current=1 vframe=34213 vs=1 vage=24 vpage=24 vdt=34 vmax=266 vacc=34144 vrej=0 seq=0 elapsed=0 oled=3C
[  15907] STATUS mode=3 fault=none enc=-319 denc=0 sreq=0 sapplied=0 crate=-19 uimp=-298125 upos=320 uneg=1935 ball=-101.17 vball=-0.42 aball=-1.6 bref=0.00 pid=-18.7 pref=-285.4 ppos=-283.5 apid=-0.0 integ=-0.0 vision=1 current=1 vframe=34214 vs=1 vage=31 vpage=31 vdt=33 vmax=266 vacc=34145 vrej=0 seq=0 elapsed=0 oled=3C
[  15938] STATUS mode=3 fault=none enc=-319 denc=0 sreq=0 sapplied=0 crate=-19 uimp=-298125 upos=320 uneg=1935 ball=-101.17 vball=-0.27 aball=2.1 bref=0.00 pid=-18.7 pref=-285.4 ppos=-283.5 apid=0.0 integ=-0.0 vision=1 current=1 vframe=34215 vs=1 vage=18 vpage=18 vdt=33 vmax=266 vacc=34146 vrej=0 seq=0 elapsed=0 oled=3C
[  15954] STATUS mode=3 fault=none enc=-319 denc=0 sreq=0 sapplied=0 crate=-19 uimp=-298125 upos=320 uneg=1935 ball=-101.16 vball=-0.17 aball=2.1 bref=0.00 pid=-18.7 pref=-285.4 ppos=-283.5 apid=0.0 integ=-0.0 vision=1 current=1 vframe=34216 vs=1 vage=25 vpage=25 vdt=33 vmax=266 vacc=34147 vrej=0 seq=0 elapsed=0 oled=3C
[  15985] STATUS mode=3 fault=none enc=-319 denc=0 sreq=0 sapplied=0 crate=-19 uimp=-298125 upos=320 uneg=1935 ball=-101.16 vball=-0.10 aball=2.1 bref=0.00 pid=-18.7 pref=-285.4 ppos=-283.5 apid=0.0 integ=-0.0 vision=1 current=1 vframe=34217 vs=1 vage=12 vpage=12 vdt=33 vmax=266 vacc=34148 vrej=0 seq=0 elapsed=0 oled=3C
[  16016] STATUS mode=3 fault=none enc=-319 denc=0 sreq=0 sapplied=0 crate=-19 uimp=-298125 upos=320 uneg=1935 ball=-101.16 vball=-0.10 aball=2.1 bref=0.00 pid=-18.7 pref=-285.4 ppos=-283.5 apid=0.0 integ=-0.0 vision=1 current=1 vframe=34217 vs=1 vage=32 vpage=32 vdt=33 vmax=266 vacc=34148 vrej=0 seq=0 elapsed=0 oled=3C
[  16032] STATUS mode=3 fault=none enc=-319 denc=0 sreq=42 sapplied=42 crate=42 uimp=-296830 upos=350 uneg=1935 ball=-100.86 vball=1.99 aball=11.1 bref=0.00 pid=42.0 pref=-278.0 ppos=-282.2 apid=0.0 integ=-0.0 vision=1 current=1 vframe=34219 vs=1 vage=5 vpage=5 vdt=34 vmax=266 vacc=34150 vrej=0 seq=0 elapsed=0 oled=3C
[  16063] STATUS mode=3 fault=none enc=-319 denc=0 sreq=34 sapplied=34 crate=34 uimp=-296050 upos=370 uneg=1935 ball=-100.86 vball=1.99 aball=11.1 bref=0.00 pid=34.2 pref=-278.0 ppos=-281.5 apid=0.0 integ=-0.0 vision=1 current=1 vframe=34219 vs=1 vage=25 vpage=25 vdt=34 vmax=266 vacc=34150 vrej=0 seq=0 elapsed=0 oled=3C
[  16094] STATUS mode=3 fault=none enc=-318 denc=0 sreq=0 sapplied=0 crate=0 uimp=-295560 upos=385 uneg=1935 ball=-100.84 vball=1.54 aball=11.1 bref=0.00 pid=0.0 pref=-280.2 ppos=-281.0 apid=0.0 integ=-0.0 vision=1 current=1 vframe=34220 vs=1 vage=12 vpage=12 vdt=33 vmax=266 vacc=34151 vrej=0 seq=0 elapsed=0 oled=3C
[  16125] STATUS mode=3 fault=none enc=-318 denc=0 sreq=0 sapplied=0 crate=-16 uimp=-295560 upos=385 uneg=1935 ball=-100.84 vball=1.07 aball=2.3 bref=0.00 pid=-16.1 pref=-282.6 ppos=-281.0 apid=0.0 integ=-0.0 vision=1 current=1 vframe=34221 vs=1 vage=19 vpage=19 vdt=33 vmax=266 vacc=34152 vrej=0 seq=0 elapsed=0 oled=3C
[  16141] STATUS mode=3 fault=none enc=-318 denc=0 sreq=-35 sapplied=0 crate=-35 uimp=-295560 upos=385 uneg=1935 ball=-100.85 vball=0.70 aball=2.3 bref=0.00 pid=-34.9 pref=-284.5 ppos=-281.0 apid=0.0 integ=-0.0 vision=1 current=1 vframe=34222 vs=1 vage=6 vpage=6 vdt=33 vmax=266 vacc=34153 vrej=0 seq=0 elapsed=0 oled=3C
[  16172] STATUS mode=3 fault=none enc=-318 denc=0 sreq=-30 sapplied=-30 crate=-30 uimp=-296055 upos=385 uneg=1950 ball=-100.85 vball=0.70 aball=2.3 bref=0.00 pid=-29.9 pref=-284.5 ppos=-281.5 apid=0.0 integ=-0.0 vision=1 current=1 vframe=34222 vs=1 vage=26 vpage=26 vdt=33 vmax=266 vacc=34153 vrej=0 seq=0 elapsed=0 oled=3C
[  16204] STATUS mode=3 fault=none enc=-318 denc=0 sreq=-27 sapplied=-27 crate=-27 uimp=-297275 upos=385 uneg=1990 ball=-100.85 vball=0.44 aball=2.3 bref=0.00 pid=-27.2 pref=-285.4 ppos=-282.7 apid=0.0 integ=-0.0 vision=1 current=1 vframe=34223 vs=1 vage=32 vpage=32 vdt=34 vmax=266 vacc=34154 vrej=0 seq=0 elapsed=0 oled=3C
[  16235] STATUS mode=3 fault=none enc=-319 denc=0 sreq=-22 sapplied=-22 crate=-22 uimp=-297780 upos=385 uneg=2010 ball=-100.86 vball=0.28 aball=-2.3 bref=0.00 pid=-22.2 pref=-285.4 ppos=-283.2 apid=-0.0 integ=-0.0 vision=1 current=1 vframe=34224 vs=1 vage=19 vpage=19 vdt=33 vmax=266 vacc=34155 vrej=0 seq=0 elapsed=0 oled=3C
[  16250] STATUS mode=3 fault=none enc=-319 denc=0 sreq=0 sapplied=0 crate=-19 uimp=-298095 upos=385 uneg=2025 ball=-100.86 vball=0.17 aball=-2.3 bref=0.00 pid=-19.0 pref=-285.4 ppos=-283.5 apid=-0.0 integ=-0.0 vision=1 current=1 vframe=34225 vs=1 vage=4 vpage=4 vdt=35 vmax=266 vacc=34156 vrej=0 seq=0 elapsed=0 oled=3C
[  16282] STATUS mode=3 fault=none enc=-319 denc=0 sreq=0 sapplied=0 crate=-19 uimp=-298095 upos=385 uneg=2025 ball=-100.86 vball=0.10 aball=-2.3 bref=0.00 pid=-19.0 pref=-285.4 ppos=-283.5 apid=-0.0 integ=-0.0 vision=1 current=1 vframe=34226 vs=1 vage=12 vpage=12 vdt=32 vmax=266 vacc=34157 vrej=0 seq=0 elapsed=0 oled=3C
[  16313] STATUS mode=3 fault=none enc=-319 denc=0 sreq=0 sapplied=0 crate=-19 uimp=-298095 upos=385 uneg=2025 ball=-100.86 vball=0.10 aball=-2.3 bref=0.00 pid=-19.0 pref=-285.4 ppos=-283.5 apid=-0.0 integ=-0.0 vision=1 current=1 vframe=34226 vs=1 vage=32 vpage=32 vdt=32 vmax=266 vacc=34157 vrej=0 seq=0 elapsed=0 oled=3C
[  16344] STATUS mode=3 fault=none enc=-319 denc=0 sreq=0 sapplied=0 crate=-19 uimp=-298095 upos=385 uneg=2025 ball=-100.86 vball=0.04 aball=-2.2 bref=0.00 pid=-19.0 pref=-285.4 ppos=-283.5 apid=-0.0 integ=-0.0 vision=1 current=1 vframe=34228 vs=1 vage=5 vpage=5 vdt=34 vmax=266 vacc=34159 vrej=0 seq=0 elapsed=0 oled=3C
[  16360] STATUS mode=3 fault=none enc=-319 denc=0 sreq=0 sapplied=0 crate=-19 uimp=-298095 upos=385 uneg=2025 ball=-100.86 vball=0.04 aball=-2.2 bref=0.00 pid=-19.0 pref=-285.4 ppos=-283.5 apid=-0.0 integ=-0.0 vision=1 current=1 vframe=34228 vs=1 vage=25 vpage=25 vdt=34 vmax=266 vacc=34159 vrej=0 seq=0 elapsed=0 oled=3C
[  16391] STATUS mode=3 fault=none enc=-319 denc=0 sreq=0 sapplied=0 crate=-19 uimp=-298095 upos=385 uneg=2025 ball=-100.86 vball=0.02 aball=-2.2 bref=0.00 pid=-19.0 pref=-285.4 ppos=-283.5 apid=-0.0 integ=-0.0 vision=1 current=1 vframe=34229 vs=1 vage=10 vpage=10 vdt=35 vmax=266 vacc=34160 vrej=0 seq=0 elapsed=0 oled=3C
[  16422] STATUS mode=3 fault=none enc=-319 denc=0 sreq=0 sapplied=0 crate=-19 uimp=-298095 upos=385 uneg=2025 ball=-100.86 vball=0.01 aball=-1.5 bref=0.00 pid=-19.0 pref=-285.4 ppos=-283.5 apid=-0.0 integ=-0.0 vision=1 current=1 vframe=34236 vs=1 vage=18 vpage=18 vdt=32 vmax=266 vacc=34167 vrej=0 seq=0 elapsed=0 oled=3C
[  16454] STATUS mode=3 fault=none enc=-319 denc=0 sreq=0 sapplied=0 crate=-19 uimp=-298095 upos=385 uneg=2025 ball=-100.86 vball=0.01 aball=-1.5 bref=0.00 pid=-19.0 pref=-285.4 ppos=-283.5 apid=-0.0 integ=-0.0 vision=1 current=1 vframe=34237 vs=1 vage=5 vpage=5 vdt=33 vmax=266 vacc=34168 vrej=0 seq=0 elapsed=0 oled=3C
[  16469] STATUS mode=3 fault=none enc=-319 denc=0 sreq=0 sapplied=0 crate=-19 uimp=-298095 upos=385 uneg=2025 ball=-100.86 vball=0.01 aball=-1.5 bref=0.00 pid=-19.0 pref=-285.4 ppos=-283.5 apid=-0.0 integ=-0.0 vision=1 current=1 vframe=34237 vs=1 vage=25 vpage=25 vdt=33 vmax=266 vacc=34168 vrej=0 seq=0 elapsed=0 oled=3C
[  16500] STATUS mode=3 fault=none enc=-319 denc=0 sreq=0 sapplied=0 crate=-19 uimp=-298095 upos=385 uneg=2025 ball=-100.86 vball=0.00 aball=-1.5 bref=0.00 pid=-19.0 pref=-285.4 ppos=-283.5 apid=-0.0 integ=-0.0 vision=1 current=1 vframe=34238 vs=1 vage=32 vpage=32 vdt=33 vmax=266 vacc=34169 vrej=0 seq=0 elapsed=0 oled=3C
[  16532] STATUS mode=3 fault=none enc=-319 denc=0 sreq=0 sapplied=0 crate=-19 uimp=-298095 upos=385 uneg=2025 ball=-100.86 vball=0.00 aball=-0.8 bref=0.00 pid=-19.0 pref=-285.4 ppos=-283.5 apid=-0.0 integ=-0.0 vision=1 current=1 vframe=34239 vs=1 vage=18 vpage=18 vdt=34 vmax=266 vacc=34170 vrej=0 seq=0 elapsed=0 oled=3C
[  16563] STATUS mode=3 fault=none enc=-319 denc=0 sreq=0 sapplied=0 crate=-19 uimp=-298095 upos=385 uneg=2025 ball=-100.86 vball=0.00 aball=-0.8 bref=0.00 pid=-19.0 pref=-285.4 ppos=-283.5 apid=-0.0 integ=-0.0 vision=1 current=1 vframe=34240 vs=1 vage=5 vpage=5 vdt=33 vmax=266 vacc=34171 vrej=0 seq=0 elapsed=0 oled=3C
[  16579] STATUS mode=3 fault=none enc=-319 denc=0 sreq=0 sapplied=0 crate=-19 uimp=-298095 upos=385 uneg=2025 ball=-100.86 vball=0.00 aball=-0.8 bref=0.00 pid=-19.0 pref=-285.4 ppos=-283.5 apid=-0.0 integ=-0.0 vision=1 current=1 vframe=34241 vs=1 vage=12 vpage=12 vdt=33 vmax=266 vacc=34172 vrej=0 seq=0 elapsed=0 oled=3C
[  16610] STATUS mode=3 fault=none enc=-319 denc=0 sreq=0 sapplied=0 crate=-19 uimp=-298095 upos=385 uneg=2025 ball=-100.86 vball=0.00 aball=-0.8 bref=0.00 pid=-19.0 pref=-285.4 ppos=-283.5 apid=-0.0 integ=-0.0 vision=1 current=1 vframe=34241 vs=1 vage=32 vpage=32 vdt=33 vmax=266 vacc=34172 vrej=0 seq=0 elapsed=0 oled=3C
[  16641] STATUS mode=3 fault=none enc=-319 denc=0 sreq=0 sapplied=0 crate=-19 uimp=-298095 upos=385 uneg=2025 ball=-100.86 vball=0.00 aball=-0.5 bref=0.00 pid=-19.0 pref=-285.4 ppos=-283.5 apid=-0.0 integ=-0.0 vision=1 current=1 vframe=34243 vs=1 vage=5 vpage=5 vdt=32 vmax=266 vacc=34174 vrej=0 seq=0 elapsed=0 oled=3C
[  16672] STATUS mode=3 fault=none enc=-319 denc=0 sreq=0 sapplied=0 crate=-19 uimp=-298095 upos=385 uneg=2025 ball=-100.86 vball=0.00 aball=-0.5 bref=0.00 pid=-19.0 pref=-285.4 ppos=-283.5 apid=-0.0 integ=-0.0 vision=1 current=1 vframe=34243 vs=1 vage=25 vpage=25 vdt=32 vmax=266 vacc=34174 vrej=0 seq=0 elapsed=0 oled=3C
[  16688] STATUS mode=3 fault=none enc=-319 denc=0 sreq=0 sapplied=0 crate=-19 uimp=-298095 upos=385 uneg=2025 ball=-100.86 vball=0.00 aball=-0.5 bref=0.00 pid=-19.0 pref=-285.4 ppos=-283.5 apid=-0.0 integ=-0.0 vision=1 current=1 vframe=34244 vs=1 vage=11 vpage=11 vdt=34 vmax=266 vacc=34175 vrej=0 seq=0 elapsed=0 oled=3C
[  16719] STATUS mode=3 fault=none enc=-319 denc=0 sreq=0 sapplied=0 crate=-19 uimp=-298095 upos=385 uneg=2025 ball=-100.86 vball=0.00 aball=-0.3 bref=0.00 pid=-19.0 pref=-285.4 ppos=-283.5 apid=-0.0 integ=-0.0 vision=1 current=1 vframe=34245 vs=1 vage=18 vpage=18 vdt=33 vmax=266 vacc=34176 vrej=0 seq=0 elapsed=0 oled=3C
[  16750] STATUS mode=3 fault=none enc=-319 denc=0 sreq=0 sapplied=0 crate=-19 uimp=-298095 upos=385 uneg=2025 ball=-101.01 vball=-1.39 aball=-0.3 bref=0.00 pid=-19.0 pref=-285.4 ppos=-283.5 apid=-0.0 integ=-0.0 vision=1 current=1 vframe=34246 vs=1 vage=4 vpage=4 vdt=34 vmax=266 vacc=34177 vrej=0 seq=0 elapsed=0 oled=3C
[  16782] STATUS mode=3 fault=none enc=-319 denc=0 sreq=0 sapplied=0 crate=-19 uimp=-298095 upos=385 uneg=2025 ball=-101.01 vball=-1.39 aball=-0.3 bref=0.00 pid=-19.0 pref=-285.4 ppos=-283.5 apid=-0.0 integ=-0.0 vision=1 current=1 vframe=34246 vs=1 vage=24 vpage=24 vdt=34 vmax=266 vacc=34177 vrej=0 seq=0 elapsed=0 oled=3C
[  16797] STATUS mode=3 fault=none enc=-319 denc=0 sreq=0 sapplied=0 crate=-19 uimp=-298095 upos=385 uneg=2025 ball=-101.15 vball=-2.17 aball=-0.3 bref=0.00 pid=-19.0 pref=-285.4 ppos=-283.5 apid=-0.0 integ=-0.0 vision=1 current=1 vframe=34247 vs=1 vage=31 vpage=31 vdt=33 vmax=266 vacc=34178 vrej=0 seq=0 elapsed=0 oled=3C
[  16829] STATUS mode=3 fault=none enc=-319 denc=0 sreq=0 sapplied=0 crate=-19 uimp=-298095 upos=385 uneg=2025 ball=-101.18 vball=-1.85 aball=-8.5 bref=0.00 pid=-19.0 pref=-285.4 ppos=-283.5 apid=-0.0 integ=-0.0 vision=1 current=1 vframe=34248 vs=1 vage=18 vpage=18 vdt=33 vmax=266 vacc=34179 vrej=0 seq=0 elapsed=0 oled=3C
[  16860] STATUS mode=3 fault=none enc=-319 denc=0 sreq=0 sapplied=0 crate=-19 uimp=-298095 upos=385 uneg=2025 ball=-101.19 vball=-1.35 aball=-8.5 bref=0.00 pid=-19.0 pref=-285.4 ppos=-283.5 apid=-0.0 integ=-0.0 vision=1 current=1 vframe=34249 vs=1 vage=4 vpage=4 vdt=34 vmax=266 vacc=34180 vrej=0 seq=0 elapsed=0 oled=3C
[  16891] STATUS mode=3 fault=none enc=-319 denc=0 sreq=0 sapplied=0 crate=-19 uimp=-298095 upos=385 uneg=2025 ball=-101.18 vball=-0.90 aball=-8.5 bref=0.00 pid=-19.0 pref=-285.4 ppos=-283.5 apid=-0.0 integ=-0.0 vision=1 current=1 vframe=34250 vs=1 vage=11 vpage=11 vdt=33 vmax=266 vacc=34181 vrej=0 seq=0 elapsed=0 oled=3C
[  16907] STATUS mode=3 fault=none enc=-319 denc=0 sreq=0 sapplied=0 crate=-19 uimp=-298095 upos=385 uneg=2025 ball=-101.18 vball=-0.90 aball=-8.5 bref=0.00 pid=-19.0 pref=-285.4 ppos=-283.5 apid=-0.0 integ=-0.0 vision=1 current=1 vframe=34250 vs=1 vage=31 vpage=31 vdt=33 vmax=266 vacc=34181 vrej=0 seq=0 elapsed=0 oled=3C
[  16938] STATUS mode=3 fault=none enc=-318 denc=1 sreq=34 sapplied=34 crate=34 uimp=-297535 upos=410 uneg=2025 ball=-100.86 vball=1.68 aball=10.1 bref=0.00 pid=33.6 pref=-279.6 ppos=-283.0 apid=0.0 integ=-0.0 vision=1 current=1 vframe=34252 vs=1 vage=4 vpage=4 vdt=34 vmax=266 vacc=34183 vrej=0 seq=0 elapsed=0 oled=3C
[  16969] STATUS mode=3 fault=none enc=-319 denc=0 sreq=27 sapplied=27 crate=27 uimp=-296910 upos=430 uneg=2025 ball=-100.86 vball=1.68 aball=10.1 bref=0.00 pid=27.3 pref=-279.6 ppos=-282.3 apid=0.0 integ=-0.0 vision=1 current=1 vframe=34252 vs=1 vage=24 vpage=24 vdt=34 vmax=266 vacc=34183 vrej=0 seq=0 elapsed=0 oled=3C
[  17000] STATUS mode=3 fault=none enc=-318 denc=1 sreq=0 sapplied=0 crate=0 uimp=-296520 upos=445 uneg=2025 ball=-100.84 vball=1.35 aball=10.1 bref=0.00 pid=0.0 pref=-281.2 ppos=-281.9 apid=0.0 integ=-0.0 vision=1 current=1 vframe=34253 vs=1 vage=11 vpage=11 vdt=33 vmax=266 vacc=34184 vrej=0 seq=0 elapsed=0 oled=3C
[  17016] STATUS mode=3 fault=none enc=-318 denc=0 sreq=0 sapplied=0 crate=-12 uimp=-296520 upos=445 uneg=2025 ball=-100.84 vball=0.95 aball=3.4 bref=0.00 pid=-12.5 pref=-283.2 ppos=-281.9 apid=0.0 integ=-0.0 vision=1 current=1 vframe=34254 vs=1 vage=18 vpage=18 vdt=33 vmax=266 vacc=34185 vrej=0 seq=0 elapsed=0 oled=3C
[  17047] STATUS mode=3 fault=none enc=-318 denc=0 sreq=-29 sapplied=0 crate=-29 uimp=-296520 upos=445 uneg=2025 ball=-100.85 vball=0.63 aball=3.4 bref=0.00 pid=-28.8 pref=-284.8 ppos=-281.9 apid=0.0 integ=-0.0 vision=1 current=1 vframe=34255 vs=1 vage=5 vpage=5 vdt=33 vmax=266 vacc=34186 vrej=0 seq=0 elapsed=0 oled=3C
[  17079] STATUS mode=3 fault=none enc=-318 denc=0 sreq=-25 sapplied=-25 crate=-25 uimp=-296930 upos=445 uneg=2040 ball=-100.85 vball=0.63 aball=3.4 bref=0.00 pid=-24.7 pref=-284.8 ppos=-282.3 apid=0.0 integ=-0.0 vision=1 current=1 vframe=34255 vs=1 vage=25 vpage=25 vdt=33 vmax=266 vacc=34186 vrej=0 seq=0 elapsed=0 oled=3C
[  17094] STATUS mode=3 fault=none enc=-318 denc=1 sreq=-21 sapplied=-21 crate=-21 uimp=-297895 upos=445 uneg=2080 ball=-100.85 vball=0.40 aball=3.4 bref=0.00 pid=-21.0 pref=-285.4 ppos=-283.3 apid=0.0 integ=-0.0 vision=1 current=1 vframe=34256 vs=1 vage=32 vpage=32 vdt=33 vmax=266 vacc=34187 vrej=0 seq=0 elapsed=0 oled=3C
[  17125] STATUS mode=3 fault=none enc=-319 denc=1 sreq=0 sapplied=0 crate=-19 uimp=-298100 upos=445 uneg=2090 ball=-100.86 vball=0.25 aball=-1.3 bref=0.00 pid=-19.0 pref=-285.4 ppos=-283.5 apid=-0.0 integ=-0.0 vision=1 current=1 vframe=34257 vs=1 vage=18 vpage=18 vdt=34 vmax=266 vacc=34188 vrej=0 seq=0 elapsed=0 oled=3C
[  17157] STATUS mode=3 fault=none enc=-319 denc=0 sreq=0 sapplied=0 crate=-19 uimp=-298100 upos=445 uneg=2090 ball=-100.86 vball=0.16 aball=-1.3 bref=0.00 pid=-19.0 pref=-285.4 ppos=-283.5 apid=-0.0 integ=-0.0 vision=1 current=1 vframe=34258 vs=1 vage=5 vpage=5 vdt=33 vmax=266 vacc=34189 vrej=0 seq=0 elapsed=0 oled=3C
[  17188] STATUS mode=3 fault=none enc=-319 denc=0 sreq=0 sapplied=0 crate=-19 uimp=-298100 upos=445 uneg=2090 ball=-100.86 vball=0.09 aball=-1.3 bref=0.00 pid=-19.0 pref=-285.4 ppos=-283.5 apid=-0.0 integ=-0.0 vision=1 current=1 vframe=34259 vs=1 vage=12 vpage=12 vdt=33 vmax=266 vacc=34190 vrej=0 seq=0 elapsed=0 oled=3C
[  17219] STATUS mode=3 fault=none enc=-319 denc=0 sreq=0 sapplied=0 crate=-19 uimp=-298100 upos=445 uneg=2090 ball=-100.86 vball=0.09 aball=-1.3 bref=0.00 pid=-19.0 pref=-285.4 ppos=-283.5 apid=-0.0 integ=-0.0 vision=1 current=1 vframe=34259 vs=1 vage=32 vpage=32 vdt=33 vmax=266 vacc=34190 vrej=0 seq=0 elapsed=0 oled=3C
[  17235] STATUS mode=3 fault=none enc=-319 denc=0 sreq=0 sapplied=0 crate=-19 uimp=-298100 upos=445 uneg=2090 ball=-100.86 vball=0.03 aball=-1.6 bref=0.00 pid=-19.0 pref=-285.4 ppos=-283.5 apid=-0.0 integ=-0.0 vision=1 current=1 vframe=34260 vs=1 vage=18 vpage=18 vdt=34 vmax=266 vacc=34191 vrej=0 seq=0 elapsed=0 oled=3C
[  17266] STATUS mode=3 fault=none enc=-319 denc=0 sreq=0 sapplied=0 crate=-19 uimp=-298100 upos=445 uneg=2090 ball=-100.86 vball=0.03 aball=-1.6 bref=0.00 pid=-19.0 pref=-285.4 ppos=-283.5 apid=-0.0 integ=-0.0 vision=1 current=1 vframe=34261 vs=1 vage=25 vpage=25 vdt=33 vmax=266 vacc=34192 vrej=0 seq=0 elapsed=0 oled=3C
[  17297] STATUS mode=3 fault=none enc=-319 denc=0 sreq=0 sapplied=0 crate=-19 uimp=-298100 upos=445 uneg=2090 ball=-100.86 vball=0.02 aball=-1.6 bref=0.00 pid=-19.0 pref=-285.4 ppos=-283.5 apid=-0.0 integ=-0.0 vision=1 current=1 vframe=34262 vs=1 vage=11 vpage=11 vdt=34 vmax=266 vacc=34193 vrej=0 seq=0 elapsed=0 oled=3C
[  17313] STATUS mode=3 fault=none enc=-319 denc=0 sreq=0 sapplied=0 crate=-19 uimp=-298100 upos=445 uneg=2090 ball=-100.86 vball=0.01 aball=-1.1 bref=0.00 pid=-19.0 pref=-285.4 ppos=-283.5 apid=-0.0 integ=-0.0 vision=1 current=1 vframe=34263 vs=1 vage=19 vpage=19 vdt=32 vmax=266 vacc=34194 vrej=0 seq=0 elapsed=0 oled=3C
[  17344] STATUS mode=3 fault=none enc=-319 denc=0 sreq=0 sapplied=0 crate=-19 uimp=-298100 upos=445 uneg=2090 ball=-100.86 vball=0.01 aball=-1.1 bref=0.00 pid=-19.0 pref=-285.4 ppos=-283.5 apid=-0.0 integ=-0.0 vision=1 current=1 vframe=34264 vs=1 vage=5 vpage=5 vdt=34 vmax=266 vacc=34195 vrej=0 seq=0 elapsed=0 oled=3C
[  17375] STATUS mode=3 fault=none enc=-319 denc=0 sreq=0 sapplied=0 crate=-19 uimp=-298100 upos=445 uneg=2090 ball=-100.86 vball=0.01 aball=-1.1 bref=0.00 pid=-19.0 pref=-285.4 ppos=-283.5 apid=-0.0 integ=-0.0 vision=1 current=1 vframe=34264 vs=1 vage=25 vpage=25 vdt=34 vmax=266 vacc=34195 vrej=0 seq=0 elapsed=0 oled=3C
[  17407] STATUS mode=3 fault=none enc=-319 denc=0 sreq=0 sapplied=0 crate=-19 uimp=-298100 upos=445 uneg=2090 ball=-100.86 vball=0.00 aball=-1.1 bref=0.00 pid=-19.0 pref=-285.4 ppos=-283.5 apid=-0.0 integ=-0.0 vision=1 current=1 vframe=34265 vs=1 vage=31 vpage=31 vdt=34 vmax=266 vacc=34196 vrej=0 seq=0 elapsed=0 oled=3C
[  17422] STATUS mode=3 fault=none enc=-319 denc=0 sreq=0 sapplied=0 crate=-19 uimp=-298100 upos=445 uneg=2090 ball=-100.86 vball=0.00 aball=-0.6 bref=0.00 pid=-19.0 pref=-285.4 ppos=-283.5 apid=-0.0 integ=-0.0 vision=1 current=1 vframe=34266 vs=1 vage=19 vpage=19 vdt=32 vmax=266 vacc=34197 vrej=0 seq=0 elapsed=0 oled=3C
[  17454] STATUS mode=3 fault=none enc=-319 denc=0 sreq=0 sapplied=0 crate=-19 uimp=-298100 upos=445 uneg=2090 ball=-100.86 vball=0.00 aball=-0.6 bref=0.00 pid=-19.0 pref=-285.4 ppos=-283.5 apid=-0.0 integ=-0.0 vision=1 current=1 vframe=34267 vs=1 vage=6 vpage=6 vdt=33 vmax=266 vacc=34198 vrej=0 seq=0 elapsed=0 oled=3C
[  17485] STATUS mode=3 fault=none enc=-319 denc=0 sreq=0 sapplied=0 crate=-19 uimp=-298100 upos=445 uneg=2090 ball=-100.86 vball=0.00 aball=-0.6 bref=0.00 pid=-19.0 pref=-285.4 ppos=-283.5 apid=-0.0 integ=-0.0 vision=1 current=1 vframe=34268 vs=1 vage=12 vpage=12 vdt=34 vmax=266 vacc=34199 vrej=0 seq=0 elapsed=0 oled=3C
[  17516] STATUS mode=3 fault=none enc=-319 denc=0 sreq=0 sapplied=0 crate=-19 uimp=-298100 upos=445 uneg=2090 ball=-100.86 vball=0.00 aball=-0.6 bref=0.00 pid=-19.0 pref=-285.4 ppos=-283.5 apid=-0.0 integ=-0.0 vision=1 current=1 vframe=34268 vs=1 vage=32 vpage=32 vdt=34 vmax=266 vacc=34199 vrej=0 seq=0 elapsed=0 oled=3C
[  17532] STATUS mode=3 fault=none enc=-319 denc=0 sreq=0 sapplied=0 crate=-19 uimp=-298100 upos=445 uneg=2090 ball=-100.86 vball=0.00 aball=-0.4 bref=0.00 pid=-19.0 pref=-285.4 ppos=-283.5 apid=-0.0 integ=-0.0 vision=1 current=1 vframe=34269 vs=1 vage=19 vpage=19 vdt=33 vmax=266 vacc=34200 vrej=0 seq=0 elapsed=0 oled=3C
[  17563] STATUS mode=3 fault=none enc=-319 denc=0 sreq=0 sapplied=0 crate=-19 uimp=-298100 upos=445 uneg=2090 ball=-100.86 vball=0.00 aball=-0.4 bref=0.00 pid=-19.0 pref=-285.4 ppos=-283.5 apid=-0.0 integ=-0.0 vision=1 current=1 vframe=34270 vs=1 vage=26 vpage=26 vdt=33 vmax=266 vacc=34201 vrej=0 seq=0 elapsed=0 oled=3C
[  17594] STATUS mode=3 fault=none enc=-319 denc=0 sreq=0 sapplied=0 crate=-19 uimp=-298100 upos=445 uneg=2090 ball=-100.86 vball=0.00 aball=-0.4 bref=0.00 pid=-19.0 pref=-285.4 ppos=-283.5 apid=-0.0 integ=-0.0 vision=1 current=1 vframe=34271 vs=1 vage=12 vpage=12 vdt=34 vmax=266 vacc=34202 vrej=0 seq=0 elapsed=0 oled=3C
[  17625] STATUS mode=3 fault=none enc=-319 denc=0 sreq=0 sapplied=0 crate=-19 uimp=-298100 upos=445 uneg=2090 ball=-100.86 vball=0.00 aball=-0.2 bref=0.00 pid=-19.0 pref=-285.4 ppos=-283.5 apid=-0.0 integ=-0.0 vision=1 current=1 vframe=34272 vs=1 vage=19 vpage=19 vdt=33 vmax=266 vacc=34203 vrej=0 seq=0 elapsed=0 oled=3C
[  17641] STATUS mode=3 fault=none enc=-319 denc=0 sreq=0 sapplied=0 crate=-19 uimp=-298100 upos=445 uneg=2090 ball=-100.86 vball=0.00 aball=-0.2 bref=0.00 pid=-19.0 pref=-285.4 ppos=-283.5 apid=-0.0 integ=-0.0 vision=1 current=1 vframe=34273 vs=1 vage=6 vpage=6 vdt=33 vmax=266 vacc=34204 vrej=0 seq=0 elapsed=0 oled=3C
[  17672] STATUS mode=3 fault=none enc=-319 denc=0 sreq=0 sapplied=0 crate=-19 uimp=-298100 upos=445 uneg=2090 ball=-100.86 vball=0.00 aball=-0.2 bref=0.00 pid=-19.0 pref=-285.4 ppos=-283.5 apid=-0.0 integ=-0.0 vision=1 current=1 vframe=34273 vs=1 vage=26 vpage=26 vdt=33 vmax=266 vacc=34204 vrej=0 seq=0 elapsed=0 oled=3C
[  17704] STATUS mode=3 fault=none enc=-319 denc=0 sreq=0 sapplied=0 crate=-19 uimp=-298100 upos=445 uneg=2090 ball=-100.86 vball=0.00 aball=-0.2 bref=0.00 pid=-19.0 pref=-285.4 ppos=-283.5 apid=-0.0 integ=-0.0 vision=1 current=1 vframe=34274 vs=1 vage=32 vpage=32 vdt=34 vmax=266 vacc=34205 vrej=0 seq=0 elapsed=0 oled=3C
[  17735] STATUS mode=3 fault=none enc=-319 denc=0 sreq=0 sapplied=0 crate=-19 uimp=-298100 upos=445 uneg=2090 ball=-100.86 vball=0.00 aball=-0.1 bref=0.00 pid=-19.0 pref=-285.4 ppos=-283.5 apid=-0.0 integ=-0.0 vision=1 current=1 vframe=34275 vs=1 vage=20 vpage=20 vdt=32 vmax=266 vacc=34206 vrej=0 seq=0 elapsed=0 oled=3C
[  17750] STATUS mode=3 fault=none enc=-319 denc=0 sreq=0 sapplied=0 crate=-19 uimp=-298100 upos=445 uneg=2090 ball=-100.86 vball=0.00 aball=-0.1 bref=0.00 pid=-19.0 pref=-285.4 ppos=-283.5 apid=-0.0 integ=-0.0 vision=1 current=1 vframe=34276 vs=1 vage=6 vpage=6 vdt=34 vmax=266 vacc=34207 vrej=0 seq=0 elapsed=0 oled=3C
[  17782] STATUS mode=3 fault=none enc=-319 denc=0 sreq=0 sapplied=0 crate=-19 uimp=-298100 upos=445 uneg=2090 ball=-100.86 vball=0.00 aball=-0.1 bref=0.00 pid=-19.0 pref=-285.4 ppos=-283.5 apid=-0.0 integ=-0.0 vision=1 current=1 vframe=34277 vs=1 vage=13 vpage=13 vdt=33 vmax=266 vacc=34208 vrej=0 seq=0 elapsed=0 oled=3C
[  17813] STATUS mode=3 fault=none enc=-319 denc=0 sreq=0 sapplied=0 crate=-19 uimp=-298100 upos=445 uneg=2090 ball=-100.86 vball=0.00 aball=-0.1 bref=0.00 pid=-19.0 pref=-285.4 ppos=-283.5 apid=-0.0 integ=-0.0 vision=1 current=1 vframe=34277 vs=1 vage=33 vpage=33 vdt=33 vmax=266 vacc=34208 vrej=0 seq=0 elapsed=0 oled=3C
[  17844] STATUS mode=3 fault=none enc=-319 denc=0 sreq=0 sapplied=0 crate=-19 uimp=-298100 upos=445 uneg=2090 ball=-100.86 vball=0.00 aball=-0.1 bref=0.00 pid=-19.0 pref=-285.4 ppos=-283.5 apid=-0.0 integ=-0.0 vision=1 current=1 vframe=34278 vs=1 vage=20 vpage=20 vdt=33 vmax=266 vacc=34209 vrej=0 seq=0 elapsed=0 oled=3C
[  17860] STATUS mode=3 fault=none enc=-319 denc=0 sreq=0 sapplied=0 crate=-19 uimp=-298100 upos=445 uneg=2090 ball=-100.86 vball=0.00 aball=-0.1 bref=0.00 pid=-19.0 pref=-285.4 ppos=-283.5 apid=-0.0 integ=-0.0 vision=1 current=1 vframe=34279 vs=1 vage=25 vpage=25 vdt=35 vmax=266 vacc=34210 vrej=0 seq=0 elapsed=0 oled=3C
[  17891] STATUS mode=3 fault=none enc=-319 denc=0 sreq=0 sapplied=0 crate=-19 uimp=-298100 upos=445 uneg=2090 ball=-100.86 vball=0.00 aball=-0.1 bref=0.00 pid=-19.0 pref=-285.4 ppos=-283.5 apid=-0.0 integ=-0.0 vision=1 current=1 vframe=34280 vs=1 vage=12 vpage=12 vdt=33 vmax=266 vacc=34211 vrej=0 seq=0 elapsed=0 oled=3C
[  17922] STATUS mode=3 fault=none enc=-319 denc=0 sreq=0 sapplied=0 crate=-19 uimp=-298100 upos=445 uneg=2090 ball=-100.86 vball=0.00 aball=-0.0 bref=0.00 pid=-19.0 pref=-285.4 ppos=-283.5 apid=-0.0 integ=-0.0 vision=1 current=1 vframe=34281 vs=1 vage=19 vpage=19 vdt=33 vmax=266 vacc=34212 vrej=0 seq=0 elapsed=0 oled=3C
[  17954] STATUS mode=3 fault=none enc=-319 denc=0 sreq=0 sapplied=0 crate=-19 uimp=-298100 upos=445 uneg=2090 ball=-100.86 vball=0.00 aball=-0.0 bref=0.00 pid=-19.0 pref=-285.4 ppos=-283.5 apid=-0.0 integ=-0.0 vision=1 current=1 vframe=34282 vs=1 vage=6 vpage=6 vdt=33 vmax=266 vacc=34213 vrej=0 seq=0 elapsed=0 oled=3C
[  17969] STATUS mode=3 fault=none enc=-319 denc=0 sreq=0 sapplied=0 crate=-19 uimp=-298100 upos=445 uneg=2090 ball=-100.86 vball=0.00 aball=-0.0 bref=0.00 pid=-19.0 pref=-285.4 ppos=-283.5 apid=-0.0 integ=-0.0 vision=1 current=1 vframe=34282 vs=1 vage=26 vpage=26 vdt=33 vmax=266 vacc=34213 vrej=0 seq=0 elapsed=0 oled=3C
[  18000] STATUS mode=3 fault=none enc=-319 denc=0 sreq=0 sapplied=0 crate=-19 uimp=-298100 upos=445 uneg=2090 ball=-100.86 vball=0.00 aball=-0.0 bref=0.00 pid=-19.0 pref=-285.4 ppos=-283.5 apid=-0.0 integ=-0.0 vision=1 current=1 vframe=34283 vs=1 vage=33 vpage=33 vdt=33 vmax=266 vacc=34214 vrej=0 seq=0 elapsed=0 oled=3C
[  18032] STATUS mode=3 fault=none enc=-319 denc=0 sreq=0 sapplied=0 crate=-19 uimp=-298100 upos=445 uneg=2090 ball=-100.86 vball=0.00 aball=-0.0 bref=0.00 pid=-19.0 pref=-285.4 ppos=-283.5 apid=-0.0 integ=-0.0 vision=1 current=1 vframe=34284 vs=1 vage=20 vpage=20 vdt=33 vmax=266 vacc=34215 vrej=0 seq=0 elapsed=0 oled=3C
[  18063] STATUS mode=3 fault=none enc=-319 denc=0 sreq=0 sapplied=0 crate=-19 uimp=-298100 upos=445 uneg=2090 ball=-100.86 vball=0.00 aball=-0.0 bref=0.00 pid=-19.0 pref=-285.4 ppos=-283.5 apid=-0.0 integ=-0.0 vision=1 current=1 vframe=34285 vs=1 vage=5 vpage=5 vdt=35 vmax=266 vacc=34216 vrej=0 seq=0 elapsed=0 oled=3C
[  18079] STATUS mode=3 fault=none enc=-319 denc=0 sreq=0 sapplied=0 crate=-19 uimp=-298100 upos=445 uneg=2090 ball=-100.86 vball=0.00 aball=-0.0 bref=0.00 pid=-19.0 pref=-285.4 ppos=-283.5 apid=-0.0 integ=-0.0 vision=1 current=1 vframe=34286 vs=1 vage=11 vpage=11 vdt=34 vmax=266 vacc=34217 vrej=0 seq=0 elapsed=0 oled=3C
[  18110] STATUS mode=3 fault=none enc=-319 denc=0 sreq=0 sapplied=0 crate=-19 uimp=-298100 upos=445 uneg=2090 ball=-100.86 vball=0.00 aball=-0.0 bref=0.00 pid=-19.0 pref=-285.4 ppos=-283.5 apid=-0.0 integ=-0.0 vision=1 current=1 vframe=34286 vs=1 vage=31 vpage=31 vdt=34 vmax=266 vacc=34217 vrej=0 seq=0 elapsed=0 oled=3C
[  18141] STATUS mode=3 fault=none enc=-319 denc=0 sreq=0 sapplied=0 crate=-19 uimp=-298100 upos=445 uneg=2090 ball=-100.86 vball=0.00 aball=-0.0 bref=0.00 pid=-19.0 pref=-285.4 ppos=-283.5 apid=-0.0 integ=-0.0 vision=1 current=1 vframe=34287 vs=1 vage=18 vpage=18 vdt=33 vmax=266 vacc=34218 vrej=0 seq=0 elapsed=0 oled=3C
[  18172] STATUS mode=3 fault=none enc=-319 denc=0 sreq=0 sapplied=0 crate=-19 uimp=-298100 upos=445 uneg=2090 ball=-100.86 vball=0.00 aball=-0.0 bref=0.00 pid=-19.0 pref=-285.4 ppos=-283.5 apid=-0.0 integ=-0.0 vision=1 current=1 vframe=34288 vs=1 vage=25 vpage=25 vdt=33 vmax=266 vacc=34219 vrej=0 seq=0 elapsed=0 oled=3C
[  18188] STATUS mode=3 fault=none enc=-319 denc=0 sreq=0 sapplied=0 crate=-19 uimp=-298100 upos=445 uneg=2090 ball=-100.86 vball=0.00 aball=-0.0 bref=0.00 pid=-19.0 pref=-285.4 ppos=-283.5 apid=-0.0 integ=-0.0 vision=1 current=1 vframe=34289 vs=1 vage=11 vpage=11 vdt=34 vmax=266 vacc=34220 vrej=0 seq=0 elapsed=0 oled=3C
[  18219] STATUS mode=3 fault=none enc=-319 denc=0 sreq=0 sapplied=0 crate=-19 uimp=-298100 upos=445 uneg=2090 ball=-100.86 vball=0.00 aball=-0.0 bref=0.00 pid=-19.0 pref=-285.4 ppos=-283.5 apid=-0.0 integ=-0.0 vision=1 current=1 vframe=34290 vs=1 vage=18 vpage=18 vdt=33 vmax=266 vacc=34221 vrej=0 seq=0 elapsed=0 oled=3C
[  18250] STATUS mode=3 fault=none enc=-319 denc=0 sreq=0 sapplied=0 crate=-19 uimp=-298100 upos=445 uneg=2090 ball=-100.86 vball=0.00 aball=-0.0 bref=0.00 pid=-19.0 pref=-285.4 ppos=-283.5 apid=-0.0 integ=-0.0 vision=1 current=1 vframe=34291 vs=1 vage=5 vpage=5 vdt=33 vmax=266 vacc=34222 vrej=0 seq=0 elapsed=0 oled=3C
[  18282] STATUS mode=3 fault=none enc=-319 denc=0 sreq=0 sapplied=0 crate=-19 uimp=-298100 upos=445 uneg=2090 ball=-100.86 vball=0.00 aball=-0.0 bref=0.00 pid=-19.0 pref=-285.4 ppos=-283.5 apid=-0.0 integ=-0.0 vision=1 current=1 vframe=34291 vs=1 vage=25 vpage=25 vdt=33 vmax=266 vacc=34222 vrej=0 seq=0 elapsed=0 oled=3C
[  18297] STATUS mode=3 fault=none enc=-319 denc=0 sreq=0 sapplied=0 crate=-19 uimp=-298100 upos=445 uneg=2090 ball=-100.86 vball=0.00 aball=-0.0 bref=0.00 pid=-19.0 pref=-285.4 ppos=-283.5 apid=-0.0 integ=-0.0 vision=1 current=1 vframe=34292 vs=1 vage=33 vpage=33 vdt=32 vmax=266 vacc=34223 vrej=0 seq=0 elapsed=0 oled=3C
[  18329] STATUS mode=3 fault=none enc=-319 denc=0 sreq=0 sapplied=0 crate=-19 uimp=-298100 upos=445 uneg=2090 ball=-100.86 vball=0.00 aball=-0.0 bref=0.00 pid=-19.0 pref=-285.4 ppos=-283.5 apid=-0.0 integ=-0.0 vision=1 current=1 vframe=34293 vs=1 vage=20 vpage=20 vdt=33 vmax=266 vacc=34224 vrej=0 seq=0 elapsed=0 oled=3C
[  18360] STATUS mode=3 fault=none enc=-319 denc=0 sreq=0 sapplied=0 crate=-19 uimp=-298100 upos=445 uneg=2090 ball=-100.86 vball=0.00 aball=-0.0 bref=0.00 pid=-19.0 pref=-285.4 ppos=-283.5 apid=-0.0 integ=-0.0 vision=1 current=1 vframe=34294 vs=1 vage=6 vpage=6 vdt=34 vmax=266 vacc=34225 vrej=0 seq=0 elapsed=0 oled=3C
[  18375] STATUS mode=3 fault=none enc=-319 denc=0 sreq=0 sapplied=0 crate=-19 uimp=-298100 upos=445 uneg=2090 ball=-100.86 vball=0.00 aball=-0.0 bref=0.00 pid=-19.0 pref=-285.4 ppos=-283.5 apid=-0.0 integ=-0.0 vision=1 current=1 vframe=34295 vs=1 vage=13 vpage=13 vdt=33 vmax=266 vacc=34226 vrej=0 seq=0 elapsed=0 oled=3C
[  18407] STATUS mode=3 fault=none enc=-319 denc=0 sreq=0 sapplied=0 crate=-19 uimp=-298100 upos=445 uneg=2090 ball=-100.86 vball=0.00 aball=-0.0 bref=0.00 pid=-19.0 pref=-285.4 ppos=-283.5 apid=-0.0 integ=-0.0 vision=1 current=1 vframe=34295 vs=1 vage=33 vpage=33 vdt=33 vmax=266 vacc=34226 vrej=0 seq=0 elapsed=0 oled=3C
[  18438] STATUS mode=3 fault=none enc=-319 denc=0 sreq=0 sapplied=0 crate=-19 uimp=-298100 upos=445 uneg=2090 ball=-100.86 vball=0.00 aball=-0.0 bref=0.00 pid=-19.0 pref=-285.4 ppos=-283.5 apid=-0.0 integ=-0.0 vision=1 current=1 vframe=34296 vs=1 vage=20 vpage=20 vdt=33 vmax=266 vacc=34227 vrej=0 seq=0 elapsed=0 oled=3C
[  18469] STATUS mode=3 fault=none enc=-319 denc=0 sreq=0 sapplied=0 crate=-19 uimp=-298100 upos=445 uneg=2090 ball=-100.86 vball=0.00 aball=-0.0 bref=0.00 pid=-19.0 pref=-285.4 ppos=-283.5 apid=-0.0 integ=-0.0 vision=1 current=1 vframe=34297 vs=1 vage=25 vpage=25 vdt=35 vmax=266 vacc=34228 vrej=0 seq=0 elapsed=0 oled=3C
[  18485] STATUS mode=3 fault=none enc=-319 denc=0 sreq=0 sapplied=0 crate=-19 uimp=-298100 upos=445 uneg=2090 ball=-100.86 vball=0.00 aball=-0.0 bref=0.00 pid=-19.0 pref=-285.4 ppos=-283.5 apid=-0.0 integ=-0.0 vision=1 current=1 vframe=34298 vs=1 vage=13 vpage=13 vdt=32 vmax=266 vacc=34229 vrej=0 seq=0 elapsed=0 oled=3C
[  18516] STATUS mode=3 fault=none enc=-319 denc=0 sreq=0 sapplied=0 crate=-19 uimp=-298100 upos=445 uneg=2090 ball=-100.86 vball=0.00 aball=-0.0 bref=0.00 pid=-19.0 pref=-285.4 ppos=-283.5 apid=-0.0 integ=-0.0 vision=1 current=1 vframe=34299 vs=1 vage=19 vpage=19 vdt=34 vmax=266 vacc=34230 vrej=0 seq=0 elapsed=0 oled=3C
[  18547] STATUS mode=3 fault=none enc=-319 denc=0 sreq=0 sapplied=0 crate=-19 uimp=-298100 upos=445 uneg=2090 ball=-100.95 vball=-0.58 aball=-0.0 bref=0.00 pid=-19.0 pref=-285.4 ppos=-283.5 apid=-0.0 integ=-0.0 vision=1 current=1 vframe=34300 vs=1 vage=6 vpage=6 vdt=33 vmax=266 vacc=34231 vrej=0 seq=0 elapsed=0 oled=3C
[  18579] STATUS mode=3 fault=none enc=-319 denc=0 sreq=0 sapplied=0 crate=-19 uimp=-298100 upos=445 uneg=2090 ball=-100.95 vball=-0.58 aball=-0.0 bref=0.00 pid=-19.0 pref=-285.4 ppos=-283.5 apid=-0.0 integ=-0.0 vision=1 current=1 vframe=34300 vs=1 vage=26 vpage=26 vdt=33 vmax=266 vacc=34231 vrej=0 seq=0 elapsed=0 oled=3C
[  18594] STATUS mode=3 fault=none enc=-319 denc=0 sreq=0 sapplied=0 crate=-19 uimp=-298100 upos=445 uneg=2090 ball=-100.89 vball=0.12 aball=-0.0 bref=0.00 pid=-19.0 pref=-285.4 ppos=-283.5 apid=-0.0 integ=-0.0 vision=1 current=1 vframe=34301 vs=1 vage=31 vpage=31 vdt=35 vmax=266 vacc=34232 vrej=0 seq=0 elapsed=0 oled=3C
[  18625] STATUS mode=3 fault=none enc=-319 denc=0 sreq=0 sapplied=0 crate=-19 uimp=-298100 upos=445 uneg=2090 ball=-100.87 vball=0.27 aball=1.2 bref=0.00 pid=-19.0 pref=-285.4 ppos=-283.5 apid=0.0 integ=-0.0 vision=1 current=1 vframe=34302 vs=1 vage=19 vpage=19 vdt=32 vmax=266 vacc=34233 vrej=0 seq=0 elapsed=0 oled=3C
[  18657] STATUS mode=3 fault=none enc=-319 denc=0 sreq=0 sapplied=0 crate=-19 uimp=-298100 upos=445 uneg=2090 ball=-100.86 vball=0.24 aball=1.2 bref=0.00 pid=-19.0 pref=-285.4 ppos=-283.5 apid=0.0 integ=-0.0 vision=1 current=1 vframe=34303 vs=1 vage=6 vpage=6 vdt=33 vmax=266 vacc=34234 vrej=0 seq=0 elapsed=0 oled=3C
[  18688] STATUS mode=3 fault=none enc=-319 denc=0 sreq=0 sapplied=0 crate=-19 uimp=-298100 upos=445 uneg=2090 ball=-100.86 vball=0.18 aball=1.2 bref=0.00 pid=-19.0 pref=-285.4 ppos=-283.5 apid=0.0 integ=-0.0 vision=1 current=1 vframe=34304 vs=1 vage=13 vpage=13 vdt=33 vmax=266 vacc=34235 vrej=0 seq=0 elapsed=0 oled=3C
[  18704] STATUS mode=3 fault=none enc=-319 denc=0 sreq=0 sapplied=0 crate=-19 uimp=-298100 upos=445 uneg=2090 ball=-100.86 vball=0.18 aball=1.2 bref=0.00 pid=-19.0 pref=-285.4 ppos=-283.5 apid=0.0 integ=-0.0 vision=1 current=1 vframe=34304 vs=1 vage=33 vpage=33 vdt=33 vmax=266 vacc=34235 vrej=0 seq=0 elapsed=0 oled=3C
[  18735] STATUS mode=3 fault=none enc=-319 denc=0 sreq=0 sapplied=0 crate=-19 uimp=-298100 upos=445 uneg=2090 ball=-100.86 vball=0.12 aball=-0.0 bref=0.00 pid=-19.0 pref=-285.4 ppos=-283.5 apid=-0.0 integ=-0.0 vision=1 current=1 vframe=34305 vs=1 vage=19 vpage=19 vdt=34 vmax=266 vacc=34236 vrej=0 seq=0 elapsed=0 oled=3C
[  18766] STATUS mode=3 fault=none enc=-319 denc=0 sreq=0 sapplied=0 crate=-19 uimp=-298100 upos=445 uneg=2090 ball=-100.86 vball=0.08 aball=-0.0 bref=0.00 pid=-19.0 pref=-285.4 ppos=-283.5 apid=-0.0 integ=-0.0 vision=1 current=1 vframe=34306 vs=1 vage=26 vpage=26 vdt=33 vmax=266 vacc=34237 vrej=0 seq=0 elapsed=0 oled=3C
[  18797] STATUS mode=3 fault=none enc=-319 denc=0 sreq=0 sapplied=0 crate=-19 uimp=-298100 upos=445 uneg=2090 ball=-100.86 vball=0.05 aball=-0.0 bref=0.00 pid=-19.0 pref=-285.4 ppos=-283.5 apid=-0.0 integ=-0.0 vision=1 current=1 vframe=34307 vs=1 vage=12 vpage=12 vdt=34 vmax=266 vacc=34238 vrej=0 seq=0 elapsed=0 oled=3C
[  18813] STATUS mode=3 fault=none enc=-319 denc=0 sreq=0 sapplied=0 crate=-19 uimp=-298100 upos=445 uneg=2090 ball=-100.86 vball=0.05 aball=-0.0 bref=0.00 pid=-19.0 pref=-285.4 ppos=-283.5 apid=-0.0 integ=-0.0 vision=1 current=1 vframe=34307 vs=1 vage=32 vpage=32 vdt=34 vmax=266 vacc=34238 vrej=0 seq=0 elapsed=0 oled=3C
[  18844] STATUS mode=3 fault=none enc=-319 denc=0 sreq=0 sapplied=0 crate=-19 uimp=-298100 upos=445 uneg=2090 ball=-101.14 vball=-2.11 aball=-6.7 bref=0.00 pid=-19.0 pref=-285.4 ppos=-283.5 apid=-0.0 integ=-0.0 vision=1 current=1 vframe=34309 vs=1 vage=6 vpage=6 vdt=33 vmax=266 vacc=34240 vrej=0 seq=0 elapsed=0 oled=3C
[  18875] STATUS mode=3 fault=none enc=-319 denc=0 sreq=0 sapplied=0 crate=-19 uimp=-298100 upos=445 uneg=2090 ball=-101.14 vball=-2.11 aball=-6.7 bref=0.00 pid=-19.0 pref=-285.4 ppos=-283.5 apid=-0.0 integ=-0.0 vision=1 current=1 vframe=34309 vs=1 vage=26 vpage=26 vdt=33 vmax=266 vacc=34240 vrej=0 seq=0 elapsed=0 oled=3C
[  18907] STATUS mode=3 fault=none enc=-319 denc=0 sreq=0 sapplied=0 crate=-19 uimp=-298100 upos=445 uneg=2090 ball=-101.18 vball=-1.81 aball=-6.7 bref=0.00 pid=-19.0 pref=-285.4 ppos=-283.5 apid=-0.0 integ=-0.0 vision=1 current=1 vframe=34310 vs=1 vage=33 vpage=33 vdt=33 vmax=266 vacc=34241 vrej=0 seq=0 elapsed=0 oled=3C
[  18922] STATUS mode=3 fault=none enc=-319 denc=0 sreq=0 sapplied=0 crate=-19 uimp=-298100 upos=445 uneg=2090 ball=-101.04 vball=0.08 aball=2.9 bref=0.00 pid=-19.0 pref=-285.4 ppos=-283.5 apid=0.0 integ=-0.0 vision=1 current=1 vframe=34311 vs=1 vage=20 vpage=20 vdt=33 vmax=266 vacc=34242 vrej=0 seq=0 elapsed=0 oled=3C
[  18954] STATUS mode=3 fault=none enc=-319 denc=0 sreq=0 sapplied=0 crate=17 uimp=-298100 upos=445 uneg=2090 ball=-100.90 vball=1.25 aball=2.9 bref=0.00 pid=16.5 pref=-281.9 ppos=-283.5 apid=0.0 integ=-0.0 vision=1 current=1 vframe=34312 vs=1 vage=6 vpage=6 vdt=34 vmax=266 vacc=34243 vrej=0 seq=0 elapsed=0 oled=3C
[  18985] STATUS mode=3 fault=none enc=-319 denc=0 sreq=24 sapplied=24 crate=24 uimp=-297975 upos=450 uneg=2090 ball=-100.84 vball=1.39 aball=2.9 bref=0.00 pid=24.1 pref=-281.0 ppos=-283.4 apid=0.0 integ=-0.0 vision=1 current=1 vframe=34313 vs=1 vage=13 vpage=13 vdt=33 vmax=266 vacc=34244 vrej=0 seq=0 elapsed=0 oled=3C
[  19016] STATUS mode=3 fault=none enc=-319 denc=0 sreq=20 sapplied=20 crate=20 uimp=-297525 upos=470 uneg=2090 ball=-100.84 vball=1.39 aball=2.9 bref=0.00 pid=19.6 pref=-281.0 ppos=-282.9 apid=0.0 integ=-0.0 vision=1 current=1 vframe=34313 vs=1 vage=33 vpage=33 vdt=33 vmax=266 vacc=34244 vrej=0 seq=0 elapsed=0 oled=3C
[  19032] STATUS mode=3 fault=none enc=-319 denc=0 sreq=0 sapplied=0 crate=0 uimp=-297425 upos=475 uneg=2090 ball=-100.83 vball=1.11 aball=6.2 bref=0.00 pid=0.0 pref=-282.4 ppos=-282.8 apid=0.0 integ=-0.0 vision=1 current=1 vframe=34314 vs=1 vage=19 vpage=19 vdt=34 vmax=266 vacc=34245 vrej=0 seq=0 elapsed=0 oled=3C
[  19063] STATUS mode=3 fault=none enc=-319 denc=0 sreq=0 sapplied=0 crate=-12 uimp=-297425 upos=475 uneg=2090 ball=-100.83 vball=0.77 aball=6.2 bref=0.00 pid=-12.1 pref=-284.1 ppos=-282.8 apid=0.0 integ=-0.0 vision=1 current=1 vframe=34315 vs=1 vage=27 vpage=27 vdt=32 vmax=266 vacc=34246 vrej=0 seq=0 elapsed=0 oled=3C
[  19094] STATUS mode=3 fault=none enc=-319 denc=0 sreq=-24 sapplied=-24 crate=-24 uimp=-297550 upos=475 uneg=2095 ball=-100.83 vball=0.51 aball=6.2 bref=0.00 pid=-23.9 pref=-285.4 ppos=-283.0 apid=0.0 integ=-0.0 vision=1 current=1 vframe=34316 vs=1 vage=14 vpage=14 vdt=33 vmax=266 vacc=34247 vrej=0 seq=0 elapsed=0 oled=3C
[  19110] STATUS mode=3 fault=none enc=-319 denc=0 sreq=0 sapplied=0 crate=-19 uimp=-297995 upos=475 uneg=2115 ball=-100.83 vball=0.33 aball=6.2 bref=0.00 pid=-19.4 pref=-285.4 ppos=-283.4 apid=0.0 integ=-0.0 vision=1 current=1 vframe=34317 vs=1 vage=1 vpage=1 vdt=33 vmax=266 vacc=34248 vrej=0 seq=0 elapsed=0 oled=3C
[  19141] STATUS mode=3 fault=none enc=-319 denc=0 sreq=0 sapplied=0 crate=-19 uimp=-298095 upos=475 uneg=2120 ball=-100.84 vball=0.20 aball=-0.2 bref=0.00 pid=-19.0 pref=-285.4 ppos=-283.5 apid=-0.0 integ=-0.0 vision=1 current=1 vframe=34318 vs=1 vage=7 vpage=7 vdt=34 vmax=266 vacc=34249 vrej=0 seq=0 elapsed=0 oled=3C
[  19172] STATUS mode=3 fault=none enc=-319 denc=0 sreq=0 sapplied=0 crate=-19 uimp=-298095 upos=475 uneg=2120 ball=-100.84 vball=0.20 aball=-0.2 bref=0.00 pid=-19.0 pref=-285.4 ppos=-283.5 apid=-0.0 integ=-0.0 vision=1 current=1 vframe=34318 vs=1 vage=27 vpage=27 vdt=34 vmax=266 vacc=34249 vrej=0 seq=0 elapsed=0 oled=3C
[  19204] STATUS mode=3 fault=none enc=-319 denc=0 sreq=0 sapplied=0 crate=-19 uimp=-298095 upos=475 uneg=2120 ball=-100.84 vball=0.13 aball=-0.2 bref=0.00 pid=-19.0 pref=-285.4 ppos=-283.5 apid=-0.0 integ=-0.0 vision=1 current=1 vframe=34319 vs=1 vage=14 vpage=14 vdt=33 vmax=266 vacc=34250 vrej=0 seq=0 elapsed=0 oled=3C
[  19219] STATUS mode=3 fault=none enc=-319 denc=0 sreq=0 sapplied=0 crate=-19 uimp=-298095 upos=475 uneg=2120 ball=-100.84 vball=0.08 aball=-1.2 bref=0.00 pid=-19.0 pref=-285.4 ppos=-283.5 apid=-0.0 integ=-0.0 vision=1 current=1 vframe=34320 vs=1 vage=21 vpage=21 vdt=33 vmax=266 vacc=34251 vrej=0 seq=0 elapsed=0 oled=3C
[  19250] STATUS mode=3 fault=none enc=-319 denc=0 sreq=0 sapplied=0 crate=-19 uimp=-298095 upos=475 uneg=2120 ball=-100.84 vball=0.05 aball=-1.2 bref=0.00 pid=-19.0 pref=-285.4 ppos=-283.5 apid=-0.0 integ=-0.0 vision=1 current=1 vframe=34321 vs=1 vage=7 vpage=7 vdt=34 vmax=266 vacc=34252 vrej=0 seq=0 elapsed=0 oled=3C
[  19282] STATUS mode=3 fault=none enc=-319 denc=0 sreq=0 sapplied=0 crate=-19 uimp=-298095 upos=475 uneg=2120 ball=-100.84 vball=0.03 aball=-1.2 bref=0.00 pid=-19.0 pref=-285.4 ppos=-283.5 apid=-0.0 integ=-0.0 vision=1 current=1 vframe=34322 vs=1 vage=13 vpage=13 vdt=34 vmax=266 vacc=34253 vrej=0 seq=0 elapsed=0 oled=3C
[  19313] STATUS mode=3 fault=none enc=-319 denc=0 sreq=0 sapplied=0 crate=-19 uimp=-298095 upos=475 uneg=2120 ball=-100.84 vball=0.03 aball=-1.2 bref=0.00 pid=-19.0 pref=-285.4 ppos=-283.5 apid=-0.0 integ=-0.0 vision=1 current=1 vframe=34322 vs=1 vage=33 vpage=33 vdt=34 vmax=266 vacc=34253 vrej=0 seq=0 elapsed=0 oled=3C
[  19329] STATUS mode=3 fault=none enc=-319 denc=0 sreq=0 sapplied=0 crate=-19 uimp=-298095 upos=475 uneg=2120 ball=-100.84 vball=0.02 aball=-0.9 bref=0.00 pid=-19.0 pref=-285.4 ppos=-283.5 apid=-0.0 integ=-0.0 vision=1 current=1 vframe=34323 vs=1 vage=20 vpage=20 vdt=33 vmax=266 vacc=34254 vrej=0 seq=0 elapsed=0 oled=3C
[  19360] STATUS mode=3 fault=none enc=-319 denc=0 sreq=0 sapplied=0 crate=-19 uimp=-298095 upos=475 uneg=2120 ball=-100.84 vball=0.01 aball=-0.9 bref=0.00 pid=-19.0 pref=-285.4 ppos=-283.5 apid=-0.0 integ=-0.0 vision=1 current=1 vframe=34324 vs=1 vage=28 vpage=28 vdt=32 vmax=266 vacc=34255 vrej=0 seq=0 elapsed=0 oled=3C
[  19391] STATUS mode=3 fault=none enc=-319 denc=0 sreq=0 sapplied=0 crate=-19 uimp=-298095 upos=475 uneg=2120 ball=-100.84 vball=0.01 aball=-0.9 bref=0.00 pid=-19.0 pref=-285.4 ppos=-283.5 apid=-0.0 integ=-0.0 vision=1 current=1 vframe=34325 vs=1 vage=14 vpage=14 vdt=34 vmax=266 vacc=34256 vrej=0 seq=0 elapsed=0 oled=3C
[  19422] STATUS mode=3 fault=none enc=-319 denc=0 sreq=0 sapplied=0 crate=-19 uimp=-298095 upos=475 uneg=2120 ball=-100.84 vball=0.00 aball=-0.9 bref=0.00 pid=-19.0 pref=-285.4 ppos=-283.5 apid=-0.0 integ=-0.0 vision=1 current=1 vframe=34326 vs=1 vage=1 vpage=1 vdt=33 vmax=266 vacc=34257 vrej=0 seq=0 elapsed=0 oled=3C
[  19438] STATUS mode=3 fault=none enc=-319 denc=0 sreq=0 sapplied=0 crate=-19 uimp=-298095 upos=475 uneg=2120 ball=-100.84 vball=0.00 aball=-0.6 bref=0.00 pid=-19.0 pref=-285.4 ppos=-283.5 apid=-0.0 integ=-0.0 vision=1 current=1 vframe=34327 vs=1 vage=7 vpage=7 vdt=34 vmax=266 vacc=34258 vrej=0 seq=0 elapsed=0 oled=3C
[  19469] STATUS mode=3 fault=none enc=-319 denc=0 sreq=0 sapplied=0 crate=-19 uimp=-298095 upos=475 uneg=2120 ball=-100.84 vball=0.00 aball=-0.6 bref=0.00 pid=-19.0 pref=-285.4 ppos=-283.5 apid=-0.0 integ=-0.0 vision=1 current=1 vframe=34327 vs=1 vage=27 vpage=27 vdt=34 vmax=266 vacc=34258 vrej=0 seq=0 elapsed=0 oled=3C
[  19500] STATUS mode=3 fault=none enc=-319 denc=0 sreq=0 sapplied=0 crate=-19 uimp=-298095 upos=475 uneg=2120 ball=-100.84 vball=0.00 aball=-0.6 bref=0.00 pid=-19.0 pref=-285.4 ppos=-283.5 apid=-0.0 integ=-0.0 vision=1 current=1 vframe=34328 vs=1 vage=14 vpage=14 vdt=33 vmax=266 vacc=34259 vrej=0 seq=0 elapsed=0 oled=3C
[  19532] STATUS mode=3 fault=none enc=-319 denc=0 sreq=0 sapplied=0 crate=-19 uimp=-298095 upos=475 uneg=2120 ball=-100.84 vball=0.00 aball=-0.3 bref=0.00 pid=-19.0 pref=-285.4 ppos=-283.5 apid=-0.0 integ=-0.0 vision=1 current=1 vframe=34329 vs=1 vage=21 vpage=21 vdt=33 vmax=266 vacc=34260 vrej=0 seq=0 elapsed=0 oled=3C
[  19547] STATUS mode=3 fault=none enc=-319 denc=0 sreq=0 sapplied=0 crate=-19 uimp=-298095 upos=475 uneg=2120 ball=-100.84 vball=0.00 aball=-0.3 bref=0.00 pid=-19.0 pref=-285.4 ppos=-283.5 apid=-0.0 integ=-0.0 vision=1 current=1 vframe=34330 vs=1 vage=7 vpage=7 vdt=34 vmax=266 vacc=34261 vrej=0 seq=0 elapsed=0 oled=3C
[  19579] STATUS mode=3 fault=none enc=-319 denc=0 sreq=0 sapplied=0 crate=-19 uimp=-298095 upos=475 uneg=2120 ball=-100.84 vball=0.00 aball=-0.3 bref=0.00 pid=-19.0 pref=-285.4 ppos=-283.5 apid=-0.0 integ=-0.0 vision=1 current=1 vframe=34331 vs=1 vage=9 vpage=9 vdt=38 vmax=266 vacc=34262 vrej=0 seq=0 elapsed=0 oled=3C
[  19610] STATUS mode=3 fault=none enc=-319 denc=0 sreq=0 sapplied=0 crate=-19 uimp=-298095 upos=475 uneg=2120 ball=-100.84 vball=0.00 aball=-0.3 bref=0.00 pid=-19.0 pref=-285.4 ppos=-283.5 apid=-0.0 integ=-0.0 vision=1 current=1 vframe=34331 vs=1 vage=29 vpage=29 vdt=38 vmax=266 vacc=34262 vrej=0 seq=0 elapsed=0 oled=3C
[  19641] STATUS mode=3 fault=none enc=-319 denc=0 sreq=0 sapplied=0 crate=-19 uimp=-298095 upos=475 uneg=2120 ball=-100.84 vball=0.00 aball=-0.2 bref=0.00 pid=-19.0 pref=-285.4 ppos=-283.5 apid=-0.0 integ=-0.0 vision=1 current=1 vframe=34332 vs=1 vage=16 vpage=16 vdt=33 vmax=266 vacc=34263 vrej=0 seq=0 elapsed=0 oled=3C
[  19657] STATUS mode=3 fault=none enc=-319 denc=0 sreq=0 sapplied=0 crate=-19 uimp=-298095 upos=475 uneg=2120 ball=-100.84 vball=0.00 aball=-0.2 bref=0.00 pid=-19.0 pref=-285.4 ppos=-283.5 apid=-0.0 integ=-0.0 vision=1 current=1 vframe=34333 vs=1 vage=14 vpage=14 vdt=42 vmax=266 vacc=34264 vrej=0 seq=0 elapsed=0 oled=3C
[  19688] STATUS mode=3 fault=none enc=-319 denc=0 sreq=0 sapplied=0 crate=-19 uimp=-298095 upos=475 uneg=2120 ball=-100.84 vball=0.00 aball=-0.2 bref=0.00 pid=-19.0 pref=-285.4 ppos=-283.5 apid=-0.0 integ=-0.0 vision=1 current=1 vframe=34334 vs=1 vage=10 vpage=10 vdt=24 vmax=266 vacc=34265 vrej=0 seq=0 elapsed=0 oled=3C
[  19719] STATUS mode=3 fault=none enc=-319 denc=0 sreq=0 sapplied=0 crate=-19 uimp=-298095 upos=475 uneg=2120 ball=-100.84 vball=0.00 aball=-0.2 bref=0.00 pid=-19.0 pref=-285.4 ppos=-283.5 apid=-0.0 integ=-0.0 vision=1 current=1 vframe=34334 vs=1 vage=30 vpage=30 vdt=24 vmax=266 vacc=34265 vrej=0 seq=0 elapsed=0 oled=3C
[  19750] STATUS mode=3 fault=none enc=-319 denc=0 sreq=0 sapplied=0 crate=-19 uimp=-298095 upos=475 uneg=2120 ball=-100.85 vball=-0.01 aball=-0.5 bref=0.00 pid=-19.0 pref=-285.4 ppos=-283.5 apid=-0.0 integ=-0.0 vision=1 current=1 vframe=34336 vs=1 vage=6 vpage=6 vdt=31 vmax=266 vacc=34267 vrej=0 seq=0 elapsed=0 oled=3C
[  19766] STATUS mode=3 fault=none enc=-319 denc=0 sreq=0 sapplied=0 crate=-19 uimp=-298095 upos=475 uneg=2120 ball=-100.85 vball=-0.01 aball=-0.5 bref=0.00 pid=-19.0 pref=-285.4 ppos=-283.5 apid=-0.0 integ=-0.0 vision=1 current=1 vframe=34336 vs=1 vage=26 vpage=26 vdt=31 vmax=266 vacc=34267 vrej=0 seq=0 elapsed=0 oled=3C
[  19797] STATUS mode=3 fault=none enc=-319 denc=0 sreq=0 sapplied=0 crate=-19 uimp=-298095 upos=475 uneg=2120 ball=-100.84 vball=0.01 aball=-0.5 bref=0.00 pid=-19.0 pref=-285.4 ppos=-283.5 apid=-0.0 integ=-0.0 vision=1 current=1 vframe=34337 vs=1 vage=13 vpage=13 vdt=33 vmax=266 vacc=34268 vrej=0 seq=0 elapsed=0 oled=3C
[  19829] STATUS mode=3 fault=none enc=-319 denc=0 sreq=0 sapplied=0 crate=-19 uimp=-298095 upos=475 uneg=2120 ball=-100.84 vball=0.02 aball=0.2 bref=0.00 pid=-19.0 pref=-285.4 ppos=-283.5 apid=0.0 integ=-0.0 vision=1 current=1 vframe=34338 vs=1 vage=20 vpage=20 vdt=33 vmax=266 vacc=34269 vrej=0 seq=0 elapsed=0 oled=3C
[  19860] STATUS mode=3 fault=none enc=-319 denc=0 sreq=0 sapplied=0 crate=-19 uimp=-298095 upos=475 uneg=2120 ball=-100.84 vball=0.01 aball=0.2 bref=0.00 pid=-19.0 pref=-285.4 ppos=-283.5 apid=0.0 integ=-0.0 vision=1 current=1 vframe=34339 vs=1 vage=7 vpage=7 vdt=33 vmax=266 vacc=34270 vrej=0 seq=0 elapsed=0 oled=3C
[  19875] STATUS mode=3 fault=none enc=-319 denc=0 sreq=0 sapplied=0 crate=-19 uimp=-298095 upos=475 uneg=2120 ball=-100.84 vball=0.01 aball=0.2 bref=0.00 pid=-19.0 pref=-285.4 ppos=-283.5 apid=0.0 integ=-0.0 vision=1 current=1 vframe=34339 vs=1 vage=27 vpage=27 vdt=33 vmax=266 vacc=34270 vrej=0 seq=0 elapsed=0 oled=3C
[  19907] STATUS mode=3 fault=none enc=-319 denc=0 sreq=0 sapplied=0 crate=-19 uimp=-298095 upos=475 uneg=2120 ball=-100.85 vball=-0.09 aball=0.2 bref=0.00 pid=-19.0 pref=-285.4 ppos=-283.5 apid=0.0 integ=-0.0 vision=1 current=1 vframe=34340 vs=1 vage=33 vpage=33 vdt=34 vmax=266 vacc=34271 vrej=0 seq=0 elapsed=0 oled=3C
[  19938] STATUS mode=3 fault=none enc=-319 denc=0 sreq=0 sapplied=0 crate=-19 uimp=-298095 upos=475 uneg=2120 ball=-100.86 vball=-0.15 aball=-0.6 bref=0.00 pid=-19.0 pref=-285.4 ppos=-283.5 apid=-0.0 integ=-0.0 vision=1 current=1 vframe=34341 vs=1 vage=20 vpage=20 vdt=33 vmax=266 vacc=34272 vrej=0 seq=0 elapsed=0 oled=3C
[  19954] STATUS mode=3 fault=none enc=-319 denc=0 sreq=0 sapplied=0 crate=-19 uimp=-298095 upos=475 uneg=2120 ball=-100.87 vball=-0.13 aball=-0.6 bref=0.00 pid=-19.0 pref=-285.4 ppos=-283.5 apid=-0.0 integ=-0.0 vision=1 current=1 vframe=34342 vs=1 vage=27 vpage=27 vdt=33 vmax=266 vacc=34273 vrej=0 seq=0 elapsed=0 oled=3C
[  19985] STATUS mode=3 fault=none enc=-319 denc=0 sreq=0 sapplied=0 crate=-19 uimp=-298095 upos=475 uneg=2120 ball=-100.87 vball=-0.09 aball=-0.6 bref=0.00 pid=-19.0 pref=-285.4 ppos=-283.5 apid=-0.0 integ=-0.0 vision=1 current=1 vframe=34349 vs=1 vage=13 vpage=13 vdt=1 vmax=266 vacc=34280 vrej=0 seq=0 elapsed=0 oled=3C
[  20016] STATUS mode=3 fault=none enc=-319 denc=0 sreq=0 sapplied=0 crate=-19 uimp=-298095 upos=475 uneg=2120 ball=-100.87 vball=-0.06 aball=-0.6 bref=0.00 pid=-19.0 pref=-285.4 ppos=-283.5 apid=-0.0 integ=-0.0 vision=1 current=1 vframe=34350 vs=1 vage=1 vpage=1 vdt=32 vmax=266 vacc=34281 vrej=0 seq=0 elapsed=0 oled=3C
[  20047] STATUS mode=3 fault=none enc=-319 denc=0 sreq=0 sapplied=0 crate=-19 uimp=-298095 upos=475 uneg=2120 ball=-100.87 vball=-0.04 aball=0.1 bref=0.00 pid=-19.0 pref=-285.4 ppos=-283.5 apid=0.0 integ=-0.0 vision=1 current=1 vframe=34351 vs=1 vage=7 vpage=7 vdt=34 vmax=266 vacc=34282 vrej=0 seq=0 elapsed=0 oled=3C
[  20063] STATUS mode=3 fault=none enc=-319 denc=0 sreq=0 sapplied=0 crate=-19 uimp=-298095 upos=475 uneg=2120 ball=-100.87 vball=-0.04 aball=0.1 bref=0.00 pid=-19.0 pref=-285.4 ppos=-283.5 apid=0.0 integ=-0.0 vision=1 current=1 vframe=34351 vs=1 vage=27 vpage=27 vdt=34 vmax=266 vacc=34282 vrej=0 seq=0 elapsed=0 oled=3C
[  20094] STATUS mode=3 fault=none enc=-319 denc=0 sreq=0 sapplied=0 crate=-19 uimp=-298095 upos=475 uneg=2120 ball=-100.87 vball=-0.03 aball=0.1 bref=0.00 pid=-19.0 pref=-285.4 ppos=-283.5 apid=0.0 integ=-0.0 vision=1 current=1 vframe=34352 vs=1 vage=14 vpage=14 vdt=33 vmax=266 vacc=34283 vrej=0 seq=0 elapsed=0 oled=3C
[  20125] STATUS mode=3 fault=none enc=-319 denc=0 sreq=0 sapplied=0 crate=-19 uimp=-298095 upos=475 uneg=2120 ball=-100.86 vball=-0.02 aball=0.2 bref=0.00 pid=-19.0 pref=-285.4 ppos=-283.5 apid=0.0 integ=-0.0 vision=1 current=1 vframe=34353 vs=1 vage=21 vpage=21 vdt=33 vmax=266 vacc=34284 vrej=0 seq=0 elapsed=0 oled=3C
[  20157] STATUS mode=3 fault=none enc=-319 denc=0 sreq=0 sapplied=0 crate=-19 uimp=-298095 upos=475 uneg=2120 ball=-100.86 vball=-0.01 aball=0.2 bref=0.00 pid=-19.0 pref=-285.4 ppos=-283.5 apid=0.0 integ=-0.0 vision=1 current=1 vframe=34354 vs=1 vage=8 vpage=8 vdt=33 vmax=266 vacc=34285 vrej=0 seq=0 elapsed=0 oled=3C
[  20172] STATUS mode=3 fault=none enc=-319 denc=0 sreq=0 sapplied=0 crate=-19 uimp=-298095 upos=475 uneg=2120 ball=-100.86 vball=-0.01 aball=0.2 bref=0.00 pid=-19.0 pref=-285.4 ppos=-283.5 apid=0.0 integ=-0.0 vision=1 current=1 vframe=34354 vs=1 vage=28 vpage=28 vdt=33 vmax=266 vacc=34285 vrej=0 seq=0 elapsed=0 oled=3C
[  20204] STATUS mode=3 fault=none enc=-319 denc=0 sreq=0 sapplied=0 crate=-19 uimp=-298095 upos=475 uneg=2120 ball=-100.86 vball=-0.00 aball=0.2 bref=0.00 pid=-19.0 pref=-285.4 ppos=-283.5 apid=0.0 integ=-0.0 vision=1 current=1 vframe=34356 vs=1 vage=1 vpage=1 vdt=33 vmax=266 vacc=34287 vrej=0 seq=0 elapsed=0 oled=3C
[  20235] STATUS mode=3 fault=none enc=-319 denc=0 sreq=0 sapplied=0 crate=-19 uimp=-298095 upos=475 uneg=2120 ball=-100.86 vball=-0.00 aball=0.2 bref=0.00 pid=-19.0 pref=-285.4 ppos=-283.5 apid=0.0 integ=-0.0 vision=1 current=1 vframe=34356 vs=1 vage=21 vpage=21 vdt=33 vmax=266 vacc=34287 vrej=0 seq=0 elapsed=0 oled=3C
[  20266] STATUS mode=3 fault=none enc=-319 denc=0 sreq=0 sapplied=0 crate=-19 uimp=-298095 upos=475 uneg=2120 ball=-100.86 vball=-0.00 aball=0.2 bref=0.00 pid=-19.0 pref=-285.4 ppos=-283.5 apid=0.0 integ=-0.0 vision=1 current=1 vframe=34357 vs=1 vage=8 vpage=8 vdt=33 vmax=266 vacc=34288 vrej=0 seq=0 elapsed=0 oled=3C
[  20282] STATUS mode=3 fault=none enc=-319 denc=0 sreq=0 sapplied=0 crate=-19 uimp=-298095 upos=475 uneg=2120 ball=-100.86 vball=-0.00 aball=0.2 bref=0.00 pid=-19.0 pref=-285.4 ppos=-283.5 apid=0.0 integ=-0.0 vision=1 current=1 vframe=34358 vs=1 vage=3 vpage=3 vdt=45 vmax=266 vacc=34289 vrej=0 seq=0 elapsed=0 oled=3C
[  20313] STATUS mode=3 fault=none enc=-319 denc=0 sreq=0 sapplied=0 crate=-19 uimp=-298095 upos=475 uneg=2120 ball=-100.86 vball=-0.00 aball=0.2 bref=0.00 pid=-19.0 pref=-285.4 ppos=-283.5 apid=0.0 integ=-0.0 vision=1 current=1 vframe=34359 vs=1 vage=1 vpage=1 vdt=22 vmax=266 vacc=34290 vrej=0 seq=0 elapsed=0 oled=3C
[  20344] STATUS mode=3 fault=none enc=-319 denc=0 sreq=0 sapplied=0 crate=-19 uimp=-298095 upos=475 uneg=2120 ball=-100.86 vball=-0.00 aball=0.1 bref=0.00 pid=-19.0 pref=-285.4 ppos=-283.5 apid=0.0 integ=-0.0 vision=1 current=1 vframe=34360 vs=1 vage=8 vpage=8 vdt=33 vmax=266 vacc=34291 vrej=0 seq=0 elapsed=0 oled=3C
[  20375] STATUS mode=3 fault=none enc=-319 denc=0 sreq=0 sapplied=0 crate=-19 uimp=-298095 upos=475 uneg=2120 ball=-100.86 vball=-0.00 aball=0.1 bref=0.00 pid=-19.0 pref=-285.4 ppos=-283.5 apid=0.0 integ=-0.0 vision=1 current=1 vframe=34360 vs=1 vage=28 vpage=28 vdt=33 vmax=266 vacc=34291 vrej=0 seq=0 elapsed=0 oled=3C
[  20391] STATUS mode=3 fault=none enc=-319 denc=0 sreq=0 sapplied=0 crate=-19 uimp=-298095 upos=475 uneg=2120 ball=-100.86 vball=-0.00 aball=0.1 bref=0.00 pid=-19.0 pref=-285.4 ppos=-283.5 apid=0.0 integ=-0.0 vision=1 current=1 vframe=34361 vs=1 vage=14 vpage=14 vdt=34 vmax=266 vacc=34292 vrej=0 seq=0 elapsed=0 oled=3C
[  20422] STATUS mode=3 fault=none enc=-319 denc=0 sreq=0 sapplied=0 crate=-19 uimp=-298095 upos=475 uneg=2120 ball=-100.86 vball=-0.00 aball=0.1 bref=0.00 pid=-19.0 pref=-285.4 ppos=-283.5 apid=0.0 integ=-0.0 vision=1 current=1 vframe=34362 vs=1 vage=21 vpage=21 vdt=33 vmax=266 vacc=34293 vrej=0 seq=0 elapsed=0 oled=3C
[  20454] STATUS mode=3 fault=none enc=-319 denc=0 sreq=0 sapplied=0 crate=-19 uimp=-298095 upos=475 uneg=2120 ball=-100.86 vball=-0.00 aball=0.1 bref=0.00 pid=-19.0 pref=-285.4 ppos=-283.5 apid=0.0 integ=-0.0 vision=1 current=1 vframe=34363 vs=1 vage=8 vpage=8 vdt=33 vmax=266 vacc=34294 vrej=0 seq=0 elapsed=0 oled=3C
[  20469] STATUS mode=3 fault=none enc=-319 denc=0 sreq=0 sapplied=0 crate=-19 uimp=-298095 upos=475 uneg=2120 ball=-100.86 vball=-0.00 aball=0.1 bref=0.00 pid=-19.0 pref=-285.4 ppos=-283.5 apid=0.0 integ=-0.0 vision=1 current=1 vframe=34363 vs=1 vage=28 vpage=28 vdt=33 vmax=266 vacc=34294 vrej=0 seq=0 elapsed=0 oled=3C
[  20500] STATUS mode=3 fault=none enc=-319 denc=0 sreq=0 sapplied=0 crate=-19 uimp=-298095 upos=475 uneg=2120 ball=-100.86 vball=-0.00 aball=0.1 bref=0.00 pid=-19.0 pref=-285.4 ppos=-283.5 apid=0.0 integ=-0.0 vision=1 current=1 vframe=34364 vs=1 vage=35 vpage=35 vdt=33 vmax=266 vacc=34295 vrej=0 seq=0 elapsed=0 oled=3C
[  20532] STATUS mode=3 fault=none enc=-319 denc=0 sreq=0 sapplied=0 crate=-19 uimp=-298095 upos=475 uneg=2120 ball=-100.86 vball=-0.00 aball=0.0 bref=0.00 pid=-19.0 pref=-285.4 ppos=-283.5 apid=0.0 integ=-0.0 vision=1 current=1 vframe=34365 vs=1 vage=20 vpage=20 vdt=35 vmax=266 vacc=34296 vrej=0 seq=0 elapsed=0 oled=3C
[  20563] STATUS mode=3 fault=none enc=-319 denc=0 sreq=0 sapplied=0 crate=-19 uimp=-298095 upos=475 uneg=2120 ball=-100.86 vball=-0.00 aball=0.0 bref=0.00 pid=-19.0 pref=-285.4 ppos=-283.5 apid=0.0 integ=-0.0 vision=1 current=1 vframe=34366 vs=1 vage=8 vpage=8 vdt=32 vmax=266 vacc=34297 vrej=0 seq=0 elapsed=0 oled=3C
[  20579] STATUS mode=3 fault=none enc=-319 denc=0 sreq=0 sapplied=0 crate=-19 uimp=-298095 upos=475 uneg=2120 ball=-100.86 vball=-0.00 aball=0.0 bref=0.00 pid=-19.0 pref=-285.4 ppos=-283.5 apid=0.0 integ=-0.0 vision=1 current=1 vframe=34367 vs=1 vage=15 vpage=15 vdt=33 vmax=266 vacc=34298 vrej=0 seq=0 elapsed=0 oled=3C
[  20610] STATUS mode=3 fault=none enc=-319 denc=0 sreq=0 sapplied=0 crate=-19 uimp=-298095 upos=475 uneg=2120 ball=-100.86 vball=-0.00 aball=0.0 bref=0.00 pid=-19.0 pref=-285.4 ppos=-283.5 apid=0.0 integ=-0.0 vision=1 current=1 vframe=34367 vs=1 vage=35 vpage=35 vdt=33 vmax=266 vacc=34298 vrej=0 seq=0 elapsed=0 oled=3C
[  20641] STATUS mode=3 fault=none enc=-319 denc=0 sreq=0 sapplied=0 crate=-19 uimp=-298095 upos=475 uneg=2120 ball=-100.86 vball=-0.00 aball=0.0 bref=0.00 pid=-19.0 pref=-285.4 ppos=-283.5 apid=0.0 integ=-0.0 vision=1 current=1 vframe=34368 vs=1 vage=20 vpage=20 vdt=35 vmax=266 vacc=34299 vrej=0 seq=0 elapsed=0 oled=3C
[  20672] STATUS mode=3 fault=none enc=-319 denc=0 sreq=0 sapplied=0 crate=-19 uimp=-298095 upos=475 uneg=2120 ball=-100.86 vball=-0.00 aball=0.0 bref=0.00 pid=-19.0 pref=-285.4 ppos=-283.5 apid=0.0 integ=-0.0 vision=1 current=1 vframe=34369 vs=1 vage=27 vpage=27 vdt=33 vmax=266 vacc=34300 vrej=0 seq=0 elapsed=0 oled=3C
[  20688] STATUS mode=3 fault=none enc=-319 denc=0 sreq=0 sapplied=0 crate=-19 uimp=-298095 upos=475 uneg=2120 ball=-100.86 vball=-0.00 aball=0.0 bref=0.00 pid=-19.0 pref=-285.4 ppos=-283.5 apid=0.0 integ=-0.0 vision=1 current=1 vframe=34370 vs=1 vage=14 vpage=14 vdt=33 vmax=266 vacc=34301 vrej=0 seq=0 elapsed=0 oled=3C
[  20719] STATUS mode=3 fault=none enc=-319 denc=0 sreq=0 sapplied=0 crate=-19 uimp=-298095 upos=475 uneg=2120 ball=-100.86 vball=-0.00 aball=0.0 bref=0.00 pid=-19.0 pref=-285.4 ppos=-283.5 apid=0.0 integ=-0.0 vision=1 current=1 vframe=34371 vs=1 vage=21 vpage=21 vdt=33 vmax=266 vacc=34302 vrej=0 seq=0 elapsed=0 oled=3C
[  20750] STATUS mode=3 fault=none enc=-319 denc=0 sreq=0 sapplied=0 crate=-19 uimp=-298095 upos=475 uneg=2120 ball=-100.86 vball=-0.00 aball=0.0 bref=0.00 pid=-19.0 pref=-285.4 ppos=-283.5 apid=0.0 integ=-0.0 vision=1 current=1 vframe=34372 vs=1 vage=8 vpage=8 vdt=33 vmax=266 vacc=34303 vrej=0 seq=0 elapsed=0 oled=3C
[  20782] STATUS mode=3 fault=none enc=-319 denc=0 sreq=0 sapplied=0 crate=-19 uimp=-298095 upos=475 uneg=2120 ball=-100.86 vball=-0.00 aball=0.0 bref=0.00 pid=-19.0 pref=-285.4 ppos=-283.5 apid=0.0 integ=-0.0 vision=1 current=1 vframe=34372 vs=1 vage=28 vpage=28 vdt=33 vmax=266 vacc=34303 vrej=0 seq=0 elapsed=0 oled=3C
[  20797] STATUS mode=3 fault=none enc=-319 denc=0 sreq=0 sapplied=0 crate=-19 uimp=-298095 upos=475 uneg=2120 ball=-100.86 vball=-0.00 aball=0.0 bref=0.00 pid=-19.0 pref=-285.4 ppos=-283.5 apid=0.0 integ=-0.0 vision=1 current=1 vframe=34374 vs=1 vage=1 vpage=1 vdt=33 vmax=266 vacc=34305 vrej=0 seq=0 elapsed=0 oled=3C
[  20829] STATUS mode=3 fault=none enc=-319 denc=0 sreq=0 sapplied=0 crate=-19 uimp=-298095 upos=475 uneg=2120 ball=-100.86 vball=-0.00 aball=0.0 bref=0.00 pid=-19.0 pref=-285.4 ppos=-283.5 apid=0.0 integ=-0.0 vision=1 current=1 vframe=34374 vs=1 vage=21 vpage=21 vdt=33 vmax=266 vacc=34305 vrej=0 seq=0 elapsed=0 oled=3C
[  20860] STATUS mode=3 fault=none enc=-319 denc=0 sreq=0 sapplied=0 crate=-19 uimp=-298095 upos=475 uneg=2120 ball=-100.86 vball=-0.00 aball=0.0 bref=0.00 pid=-19.0 pref=-285.4 ppos=-283.5 apid=0.0 integ=-0.0 vision=1 current=1 vframe=34375 vs=1 vage=8 vpage=8 vdt=33 vmax=266 vacc=34306 vrej=0 seq=0 elapsed=0 oled=3C
[  20891] STATUS mode=3 fault=none enc=-319 denc=0 sreq=0 sapplied=0 crate=-19 uimp=-298095 upos=475 uneg=2120 ball=-100.86 vball=-0.00 aball=0.0 bref=0.00 pid=-19.0 pref=-285.4 ppos=-283.5 apid=0.0 integ=-0.0 vision=1 current=1 vframe=34376 vs=1 vage=14 vpage=14 vdt=34 vmax=266 vacc=34307 vrej=0 seq=0 elapsed=0 oled=3C
[  20907] STATUS mode=3 fault=none enc=-319 denc=0 sreq=0 sapplied=0 crate=-19 uimp=-298095 upos=475 uneg=2120 ball=-100.86 vball=-0.00 aball=0.0 bref=0.00 pid=-19.0 pref=-285.4 ppos=-283.5 apid=0.0 integ=-0.0 vision=1 current=1 vframe=34377 vs=1 vage=1 vpage=1 vdt=33 vmax=266 vacc=34308 vrej=0 seq=0 elapsed=0 oled=3C
[  20938] STATUS mode=3 fault=none enc=-319 denc=0 sreq=0 sapplied=0 crate=-19 uimp=-298095 upos=475 uneg=2120 ball=-100.86 vball=-0.00 aball=0.0 bref=0.00 pid=-19.0 pref=-285.4 ppos=-283.5 apid=0.0 integ=-0.0 vision=1 current=1 vframe=34377 vs=1 vage=21 vpage=21 vdt=33 vmax=266 vacc=34308 vrej=0 seq=0 elapsed=0 oled=3C
[  20969] STATUS mode=3 fault=none enc=-319 denc=0 sreq=0 sapplied=0 crate=-19 uimp=-298095 upos=475 uneg=2120 ball=-100.86 vball=-0.00 aball=0.0 bref=0.00 pid=-19.0 pref=-285.4 ppos=-283.5 apid=0.0 integ=-0.0 vision=1 current=1 vframe=34378 vs=1 vage=27 vpage=27 vdt=34 vmax=266 vacc=34309 vrej=0 seq=0 elapsed=0 oled=3C
[  21000] STATUS mode=3 fault=none enc=-319 denc=0 sreq=0 sapplied=0 crate=-19 uimp=-298095 upos=475 uneg=2120 ball=-100.86 vball=-0.00 aball=0.0 bref=0.00 pid=-19.0 pref=-285.4 ppos=-283.5 apid=0.0 integ=-0.0 vision=1 current=1 vframe=34379 vs=1 vage=14 vpage=14 vdt=33 vmax=266 vacc=34310 vrej=0 seq=0 elapsed=0 oled=3C
[  21016] STATUS mode=3 fault=none enc=-319 denc=0 sreq=0 sapplied=0 crate=-19 uimp=-298095 upos=475 uneg=2120 ball=-100.86 vball=-0.00 aball=0.0 bref=0.00 pid=-19.0 pref=-285.4 ppos=-283.5 apid=0.0 integ=-0.0 vision=1 current=1 vframe=34380 vs=1 vage=2 vpage=2 vdt=32 vmax=266 vacc=34311 vrej=0 seq=0 elapsed=0 oled=3C
[  21047] STATUS mode=3 fault=none enc=-319 denc=0 sreq=0 sapplied=0 crate=-19 uimp=-298095 upos=475 uneg=2120 ball=-100.86 vball=-0.00 aball=0.0 bref=0.00 pid=-19.0 pref=-285.4 ppos=-283.5 apid=0.0 integ=-0.0 vision=1 current=1 vframe=34387 vs=1 vage=7 vpage=7 vdt=35 vmax=266 vacc=34318 vrej=0 seq=0 elapsed=0 oled=3C
[  21047] >>> stop
[  21079] STATUS mode=3 fault=none enc=-319 denc=0 sreq=0 sapplied=0 crate=-19 uimp=-298095 upos=475 uneg=2120 ball=-100.86 vball=-0.00 aball=0.0 bref=0.00 pid=-19.0 pref=-285.4 ppos=-283.5 apid=0.0 integ=-0.0 vision=1 current=1 vframe=34387 vs=1 vage=27 vpage=27 vdt=35 vmax=266 vacc=34318 vrej=0 seq=0 elapsed=0 oled=3C
[  21094] STATUS mode=1 fault=none enc=-319 denc=0 sreq=0 sapplied=0 crate=0 uimp=-298095 upos=475 uneg=2120 ball=-100.86 vball=-0.00 aball=0.0 bref=0.00 pid=0.0 pref=-283.5 ppos=-283.5 apid=0.0 integ=0.0 vision=1 current=1 vframe=34389 vs=1 vage=1 vpage=1 vdt=34 vmax=266 vacc=34320 vrej=0 seq=0 elapsed=0 oled=3C
[  21125] STATUS mode=1 fault=none enc=-319 denc=0 sreq=0 sapplied=0 crate=0 uimp=-298095 upos=475 uneg=2120 ball=-100.86 vball=-0.00 aball=0.0 bref=0.00 pid=0.0 pref=-283.5 ppos=-283.5 apid=0.0 integ=0.0 vision=1 current=1 vframe=34389 vs=1 vage=21 vpage=21 vdt=34 vmax=266 vacc=34320 vrej=0 seq=0 elapsed=0 oled=3C
[  21157] STATUS mode=1 fault=none enc=-319 denc=0 sreq=0 sapplied=0 crate=0 uimp=-298095 upos=475 uneg=2120 ball=-100.86 vball=-0.00 aball=0.0 bref=0.00 pid=0.0 pref=-283.5 ppos=-283.5 apid=0.0 integ=0.0 vision=1 current=1 vframe=34390 vs=1 vage=8 vpage=8 vdt=33 vmax=266 vacc=34321 vrej=0 seq=0 elapsed=0 oled=3C
[  21188] STATUS mode=1 fault=none enc=-319 denc=0 sreq=0 sapplied=0 crate=0 uimp=-298095 upos=475 uneg=2120 ball=-100.86 vball=-0.00 aball=0.0 bref=0.00 pid=0.0 pref=-283.5 ppos=-283.5 apid=0.0 integ=0.0 vision=1 current=1 vframe=34391 vs=1 vage=14 vpage=14 vdt=34 vmax=266 vacc=34322 vrej=0 seq=0 elapsed=0 oled=3C
[  21204] STATUS mode=1 fault=none enc=-319 denc=0 sreq=0 sapplied=0 crate=0 uimp=-298095 upos=475 uneg=2120 ball=-100.86 vball=-0.00 aball=0.0 bref=0.00 pid=0.0 pref=-283.5 ppos=-283.5 apid=0.0 integ=0.0 vision=1 current=1 vframe=34392 vs=1 vage=1 vpage=1 vdt=33 vmax=266 vacc=34323 vrej=0 seq=0 elapsed=0 oled=3C
[  21235] STATUS mode=1 fault=none enc=-319 denc=0 sreq=0 sapplied=0 crate=0 uimp=-298095 upos=475 uneg=2120 ball=-100.86 vball=-0.00 aball=0.0 bref=0.00 pid=0.0 pref=-283.5 ppos=-283.5 apid=0.0 integ=0.0 vision=1 current=1 vframe=34392 vs=1 vage=21 vpage=21 vdt=33 vmax=266 vacc=34323 vrej=0 seq=0 elapsed=0 oled=3C
[  21266] STATUS mode=1 fault=none enc=-319 denc=0 sreq=0 sapplied=0 crate=0 uimp=-298095 upos=475 uneg=2120 ball=-100.86 vball=-0.00 aball=0.0 bref=0.00 pid=0.0 pref=-283.5 ppos=-283.5 apid=0.0 integ=0.0 vision=1 current=1 vframe=34393 vs=1 vage=27 vpage=27 vdt=34 vmax=266 vacc=34324 vrej=0 seq=0 elapsed=0 oled=3C
[  21282] STATUS mode=1 fault=none enc=-319 denc=0 sreq=0 sapplied=0 crate=0 uimp=-298095 upos=475 uneg=2120 ball=-100.86 vball=-0.00 aball=0.0 bref=0.00 pid=0.0 pref=-283.5 ppos=-283.5 apid=0.0 integ=0.0 vision=1 current=1 vframe=34394 vs=1 vage=14 vpage=14 vdt=33 vmax=266 vacc=34325 vrej=0 seq=0 elapsed=0 oled=3C
[  21313] STATUS mode=1 fault=none enc=-319 denc=0 sreq=0 sapplied=0 crate=0 uimp=-298095 upos=475 uneg=2120 ball=-100.86 vball=-0.00 aball=0.0 bref=0.00 pid=0.0 pref=-283.5 ppos=-283.5 apid=0.0 integ=0.0 vision=1 current=1 vframe=34395 vs=1 vage=1 vpage=1 vdt=33 vmax=266 vacc=34326 vrej=0 seq=0 elapsed=0 oled=3C
[  21313] >>> stream off
[  21344] STATUS mode=1 fault=none enc=-319 denc=0 sreq=0 sapplied=0 crate=0 uimp=-298095 upos=475 uneg=2120 ball=-100.86 vball=-0.00 aball=0.0 bref=0.00 pid=0.0 pref=-283.5 ppos=-283.5 apid=0.0 integ=0.0 vision=1 current=1 vframe=34396 vs=1 vage=6 vpage=6 vdt=35 vmax=266 vacc=34327 vrej=0 seq=0 elapsed=0 oled=3C
[  21344] OK stream off
[  21469] RESULT center_timeout
