[      0] >>> bench on
[      0] OK stepper visual-only bench active; command pose preserved
[    125] >>> clear
[    125] OK fault cleared
[    281] >>> diag reset
[    281] OK actuator diagnostics reset
[    406] >>> gain ball 3.0 0.5 5.0 -1
[    406] OK ball gains kp=3.000 ki=0.500 kd=5.000 sign=-1
[    547] >>> gain accel 0
[    561] OK ball acceleration gain ka=0.000
[    672] >>> limit rate 800
[    686] OK ball rate limit=800 steps/s
[    811] >>> stream on 20
[    811] OK stream on 20 ms
[    858] STATUS mode=1 fault=none enc=-275 denc=0 sreq=0 sapplied=0 crate=0 uimp=0 upos=0 uneg=0 ball=113.92 vball=-0.15 aball=0.0 bref=0.00 pid=0.0 pref=-205.6 ppos=-205.6 apid=0.0 integ=0.0 vision=1 current=1 vframe=3758 vs=1 vage=28 vpage=28 vdt=33 vmax=568 vacc=3732 vrej=0 seq=0 elapsed=0 oled=3C
[    875] STATUS mode=1 fault=none enc=-275 denc=0 sreq=0 sapplied=0 crate=0 uimp=0 upos=0 uneg=0 ball=113.92 vball=-0.10 aball=0.0 bref=0.00 pid=0.0 pref=-205.6 ppos=-205.6 apid=0.0 integ=0.0 vision=1 current=1 vframe=3759 vs=1 vage=14 vpage=14 vdt=34 vmax=568 vacc=3733 vrej=0 seq=0 elapsed=0 oled=3C
[    906] STATUS mode=1 fault=none enc=-275 denc=0 sreq=0 sapplied=0 crate=0 uimp=0 upos=0 uneg=0 ball=113.92 vball=-0.06 aball=0.0 bref=0.00 pid=0.0 pref=-205.6 ppos=-205.6 apid=0.0 integ=0.0 vision=1 current=1 vframe=3760 vs=1 vage=1 vpage=1 vdt=33 vmax=568 vacc=3734 vrej=0 seq=0 elapsed=0 oled=3C
[    922] STATUS mode=1 fault=none enc=-275 denc=0 sreq=0 sapplied=0 crate=0 uimp=0 upos=0 uneg=0 ball=113.92 vball=-0.06 aball=0.0 bref=0.00 pid=0.0 pref=-205.6 ppos=-205.6 apid=0.0 integ=0.0 vision=1 current=1 vframe=3760 vs=1 vage=21 vpage=21 vdt=33 vmax=568 vacc=3734 vrej=0 seq=0 elapsed=0 oled=3C
[    952] STATUS mode=1 fault=none enc=-275 denc=0 sreq=0 sapplied=0 crate=0 uimp=0 upos=0 uneg=0 ball=113.92 vball=-0.04 aball=0.0 bref=0.00 pid=0.0 pref=-205.6 ppos=-205.6 apid=0.0 integ=0.0 vision=1 current=1 vframe=3761 vs=1 vage=28 vpage=28 vdt=33 vmax=568 vacc=3735 vrej=0 seq=0 elapsed=0 oled=3C
[    952] >>> ball 0
[    983] STATUS mode=1 fault=none enc=-275 denc=0 sreq=0 sapplied=0 crate=0 uimp=0 upos=0 uneg=0 ball=113.92 vball=-0.02 aball=0.0 bref=0.00 pid=0.0 pref=-205.6 ppos=-205.6 apid=0.0 integ=0.0 vision=1 current=1 vframe=3762 vs=1 vage=15 vpage=15 vdt=33 vmax=568 vacc=3736 vrej=0 seq=0 elapsed=0 oled=3C
[   1000] STATUS mode=3 fault=none enc=-271 denc=0 sreq=300 sapplied=300 crate=300 uimp=1500 upos=10 uneg=0 ball=113.92 vball=-0.01 aball=0.0 bref=0.00 pid=800.0 pref=94.4 ppos=-204.1 apid=0.0 integ=-0.0 vision=1 current=1 vframe=3763 vs=1 vage=1 vpage=1 vdt=34 vmax=568 vacc=3737 vrej=0 seq=0 elapsed=0 oled=3C
[   1031] STATUS mode=3 fault=none enc=-259 denc=4 sreq=700 sapplied=700 crate=700 uimp=10500 upos=30 uneg=0 ball=113.92 vball=-0.01 aball=0.0 bref=0.00 pid=800.0 pref=94.4 ppos=-195.1 apid=0.0 integ=-0.0 vision=1 current=1 vframe=3763 vs=1 vage=21 vpage=21 vdt=34 vmax=568 vacc=3737 vrej=0 seq=0 elapsed=0 oled=3C
[   1061] STATUS mode=3 fault=none enc=-218 denc=5 sreq=800 sapplied=800 crate=800 uimp=42000 upos=70 uneg=0 ball=113.93 vball=0.09 aball=0.0 bref=0.00 pid=800.0 pref=94.4 ppos=-163.6 apid=0.0 integ=-0.0 vision=1 current=1 vframe=3764 vs=1 vage=28 vpage=28 vdt=33 vmax=568 vacc=3738 vrej=0 seq=0 elapsed=0 oled=3C
[   1077] STATUS mode=3 fault=none enc=-196 denc=5 sreq=800 sapplied=800 crate=800 uimp=58000 upos=90 uneg=0 ball=113.94 vball=0.14 aball=0.7 bref=0.00 pid=800.0 pref=94.4 ppos=-147.6 apid=0.0 integ=-0.0 vision=1 current=1 vframe=3765 vs=1 vage=15 vpage=15 vdt=33 vmax=568 vacc=3739 vrej=0 seq=0 elapsed=0 oled=3C
[   1108] STATUS mode=3 fault=none enc=-176 denc=5 sreq=800 sapplied=800 crate=800 uimp=74000 upos=110 uneg=0 ball=113.95 vball=0.12 aball=0.7 bref=0.00 pid=800.0 pref=94.4 ppos=-131.6 apid=0.0 integ=-0.0 vision=1 current=1 vframe=3766 vs=1 vage=2 vpage=2 vdt=33 vmax=568 vacc=3740 vrej=0 seq=0 elapsed=0 oled=3C
[   1141] STATUS mode=3 fault=none enc=-134 denc=5 sreq=800 sapplied=800 crate=800 uimp=106000 upos=150 uneg=0 ball=114.35 vball=3.77 aball=0.7 bref=0.00 pid=800.0 pref=94.4 ppos=-99.6 apid=0.0 integ=-0.0 vision=1 current=1 vframe=3767 vs=1 vage=9 vpage=9 vdt=33 vmax=568 vacc=3741 vrej=0 seq=0 elapsed=0 oled=3C
[   1172] STATUS mode=3 fault=none enc=-113 denc=5 sreq=800 sapplied=800 crate=800 uimp=122000 upos=170 uneg=0 ball=114.35 vball=3.77 aball=0.7 bref=0.00 pid=800.0 pref=94.4 ppos=-83.6 apid=0.0 integ=-0.0 vision=1 current=1 vframe=3767 vs=1 vage=29 vpage=29 vdt=33 vmax=568 vacc=3741 vrej=0 seq=0 elapsed=0 oled=3C
[   1186] STATUS mode=3 fault=none enc=-93 denc=5 sreq=800 sapplied=800 crate=800 uimp=138000 upos=190 uneg=0 ball=114.82 vball=6.86 aball=30.9 bref=0.00 pid=800.0 pref=94.4 ppos=-67.6 apid=0.0 integ=-0.0 vision=1 current=1 vframe=3768 vs=1 vage=16 vpage=16 vdt=33 vmax=568 vacc=3742 vrej=0 seq=0 elapsed=0 oled=3C
[   1218] STATUS mode=3 fault=none enc=-58 denc=3 sreq=300 sapplied=300 crate=300 uimp=165000 upos=230 uneg=0 ball=115.86 vball=13.70 aball=30.9 bref=0.00 pid=100.0 pref=994.4 ppos=-40.6 apid=0.0 integ=0.0 vision=1 current=1 vframe=3769 vs=1 vage=22 vpage=22 vdt=34 vmax=568 vacc=3743 vrej=0 seq=0 elapsed=0 oled=3C
[   1250] STATUS mode=3 fault=none enc=-54 denc=0 sreq=100 sapplied=100 crate=100 uimp=168500 upos=250 uneg=0 ball=116.53 vball=15.49 aball=30.9 bref=0.00 pid=100.0 pref=994.4 ppos=-37.1 apid=0.0 integ=0.0 vision=1 current=1 vframe=3770 vs=1 vage=11 vpage=11 vdt=31 vmax=568 vacc=3744 vrej=0 seq=0 elapsed=0 oled=3C
[   1266] STATUS mode=3 fault=none enc=-52 denc=-1 sreq=100 sapplied=100 crate=100 uimp=170500 upos=270 uneg=0 ball=116.53 vball=15.49 aball=30.9 bref=0.00 pid=100.0 pref=994.4 ppos=-35.1 apid=0.0 integ=0.0 vision=1 current=1 vframe=3770 vs=1 vage=31 vpage=31 vdt=31 vmax=568 vacc=3744 vrej=0 seq=0 elapsed=0 oled=3C
[   1297] STATUS mode=3 fault=none enc=-46 denc=0 sreq=100 sapplied=100 crate=100 uimp=174500 upos=310 uneg=0 ball=117.25 vball=13.34 aball=45.6 bref=0.00 pid=100.0 pref=994.4 ppos=-31.1 apid=0.0 integ=0.0 vision=1 current=1 vframe=3772 vs=1 vage=2 vpage=2 vdt=33 vmax=568 vacc=3746 vrej=0 seq=0 elapsed=0 oled=3C
[   1327] STATUS mode=3 fault=none enc=-44 denc=-1 sreq=100 sapplied=100 crate=100 uimp=176500 upos=330 uneg=0 ball=117.25 vball=13.34 aball=45.6 bref=0.00 pid=100.0 pref=994.4 ppos=-29.1 apid=0.0 integ=0.0 vision=1 current=1 vframe=3772 vs=1 vage=22 vpage=22 vdt=33 vmax=568 vacc=3746 vrej=0 seq=0 elapsed=0 oled=3C
[   1343] STATUS mode=3 fault=none enc=-41 denc=-1 sreq=100 sapplied=100 crate=100 uimp=178500 upos=350 uneg=0 ball=117.47 vball=11.36 aball=45.6 bref=0.00 pid=100.0 pref=994.4 ppos=-27.1 apid=0.0 integ=0.0 vision=1 current=1 vframe=3773 vs=1 vage=9 vpage=9 vdt=33 vmax=568 vacc=3747 vrej=0 seq=0 elapsed=0 oled=3C
[   1375] STATUS mode=3 fault=none enc=-36 denc=-1 sreq=100 sapplied=100 crate=100 uimp=182500 upos=390 uneg=0 ball=117.51 vball=8.30 aball=2.0 bref=0.00 pid=100.0 pref=994.4 ppos=-23.1 apid=0.0 integ=0.0 vision=1 current=1 vframe=3774 vs=1 vage=18 vpage=18 vdt=31 vmax=568 vacc=3748 vrej=0 seq=0 elapsed=0 oled=3C
[   1406] STATUS mode=3 fault=none enc=-33 denc=0 sreq=100 sapplied=100 crate=100 uimp=184500 upos=410 uneg=0 ball=117.59 vball=6.52 aball=2.0 bref=0.00 pid=100.0 pref=994.4 ppos=-21.1 apid=0.0 integ=0.0 vision=1 current=1 vframe=3775 vs=1 vage=5 vpage=5 vdt=33 vmax=568 vacc=3749 vrej=0 seq=0 elapsed=0 oled=3C
[   1436] STATUS mode=3 fault=none enc=-31 denc=-1 sreq=100 sapplied=100 crate=100 uimp=186500 upos=430 uneg=0 ball=117.59 vball=6.52 aball=2.0 bref=0.00 pid=100.0 pref=994.4 ppos=-19.1 apid=0.0 integ=0.0 vision=1 current=1 vframe=3775 vs=1 vage=25 vpage=25 vdt=33 vmax=568 vacc=3749 vrej=0 seq=0 elapsed=0 oled=3C
[   1452] STATUS mode=3 fault=none enc=-26 denc=-1 sreq=100 sapplied=100 crate=100 uimp=190500 upos=470 uneg=0 ball=117.59 vball=4.61 aball=2.0 bref=0.00 pid=100.0 pref=994.4 ppos=-15.1 apid=0.0 integ=0.0 vision=1 current=1 vframe=3776 vs=1 vage=31 vpage=31 vdt=34 vmax=568 vacc=3750 vrej=0 seq=0 elapsed=0 oled=3C
[   1483] STATUS mode=3 fault=none enc=-23 denc=0 sreq=100 sapplied=100 crate=100 uimp=192500 upos=490 uneg=0 ball=117.59 vball=3.26 aball=-21.6 bref=0.00 pid=100.0 pref=994.4 ppos=-13.1 apid=-0.0 integ=0.0 vision=1 current=1 vframe=3777 vs=1 vage=18 vpage=18 vdt=33 vmax=568 vacc=3751 vrej=0 seq=0 elapsed=0 oled=3C
[   1516] STATUS mode=3 fault=none enc=-21 denc=-1 sreq=100 sapplied=100 crate=100 uimp=194500 upos=510 uneg=0 ball=117.58 vball=2.22 aball=-21.6 bref=0.00 pid=100.0 pref=994.4 ppos=-11.1 apid=-0.0 integ=0.0 vision=1 current=1 vframe=3778 vs=1 vage=4 vpage=4 vdt=34 vmax=568 vacc=3752 vrej=0 seq=0 elapsed=0 oled=3C
[   1531] STATUS mode=3 fault=none enc=-16 denc=-1 sreq=100 sapplied=100 crate=100 uimp=198500 upos=550 uneg=0 ball=117.57 vball=1.43 aball=-21.6 bref=0.00 pid=100.0 pref=994.4 ppos=-7.1 apid=-0.0 integ=0.0 vision=1 current=1 vframe=3779 vs=1 vage=11 vpage=11 vdt=33 vmax=568 vacc=3753 vrej=0 seq=0 elapsed=0 oled=3C
[   1561] STATUS mode=3 fault=none enc=-13 denc=0 sreq=100 sapplied=100 crate=100 uimp=200500 upos=570 uneg=0 ball=117.57 vball=1.43 aball=-21.6 bref=0.00 pid=100.0 pref=994.4 ppos=-5.1 apid=-0.0 integ=0.0 vision=1 current=1 vframe=3779 vs=1 vage=31 vpage=31 vdt=33 vmax=568 vacc=3753 vrej=0 seq=0 elapsed=0 oled=3C
[   1593] STATUS mode=3 fault=none enc=-11 denc=-1 sreq=100 sapplied=100 crate=100 uimp=202500 upos=590 uneg=0 ball=117.46 vball=0.07 aball=-25.9 bref=0.00 pid=100.0 pref=994.4 ppos=-3.1 apid=-0.0 integ=0.0 vision=1 current=1 vframe=3780 vs=1 vage=16 vpage=16 vdt=35 vmax=568 vacc=3754 vrej=0 seq=0 elapsed=0 oled=3C
[   1625] STATUS mode=3 fault=none enc=-6 denc=-1 sreq=100 sapplied=100 crate=100 uimp=206500 upos=630 uneg=0 ball=117.42 vball=-0.26 aball=-25.9 bref=0.00 pid=100.0 pref=994.4 ppos=0.9 apid=-0.0 integ=0.0 vision=1 current=1 vframe=3781 vs=1 vage=23 vpage=23 vdt=33 vmax=568 vacc=3755 vrej=0 seq=0 elapsed=0 oled=3C
[   1641] STATUS mode=3 fault=none enc=-3 denc=-1 sreq=100 sapplied=100 crate=100 uimp=208500 upos=650 uneg=0 ball=117.41 vball=-0.30 aball=-25.9 bref=0.00 pid=100.0 pref=994.4 ppos=2.9 apid=-0.0 integ=0.0 vision=1 current=1 vframe=3782 vs=1 vage=11 vpage=11 vdt=32 vmax=568 vacc=3756 vrej=0 seq=0 elapsed=0 oled=3C
[   1672] STATUS mode=3 fault=none enc=-1 denc=-2 sreq=100 sapplied=100 crate=100 uimp=210500 upos=670 uneg=0 ball=117.41 vball=-0.30 aball=-25.9 bref=0.00 pid=100.0 pref=994.4 ppos=4.9 apid=-0.0 integ=0.0 vision=1 current=1 vframe=3782 vs=1 vage=31 vpage=31 vdt=32 vmax=568 vacc=3756 vrej=0 seq=0 elapsed=0 oled=3C
[   1702] STATUS mode=3 fault=none enc=4 denc=-2 sreq=100 sapplied=100 crate=100 uimp=214500 upos=710 uneg=0 ball=117.56 vball=1.28 aball=-15.7 bref=0.00 pid=100.0 pref=994.4 ppos=8.9 apid=-0.0 integ=0.0 vision=1 current=1 vframe=3784 vs=1 vage=4 vpage=4 vdt=34 vmax=568 vacc=3758 vrej=0 seq=0 elapsed=0 oled=3C
[   1718] STATUS mode=3 fault=none enc=7 denc=-1 sreq=100 sapplied=100 crate=100 uimp=216500 upos=730 uneg=0 ball=117.56 vball=1.28 aball=-15.7 bref=0.00 pid=100.0 pref=994.4 ppos=10.9 apid=-0.0 integ=0.0 vision=1 current=1 vframe=3784 vs=1 vage=24 vpage=24 vdt=34 vmax=568 vacc=3758 vrej=0 seq=0 elapsed=0 oled=3C
[   1750] STATUS mode=3 fault=none enc=10 denc=-1 sreq=100 sapplied=100 crate=100 uimp=218500 upos=750 uneg=0 ball=117.79 vball=2.97 aball=-15.7 bref=0.00 pid=100.0 pref=994.4 ppos=12.9 apid=-0.0 integ=0.0 vision=1 current=1 vframe=3785 vs=1 vage=11 vpage=11 vdt=33 vmax=568 vacc=3759 vrej=0 seq=0 elapsed=0 oled=3C
[   1781] STATUS mode=3 fault=none enc=15 denc=0 sreq=100 sapplied=100 crate=100 uimp=222500 upos=790 uneg=0 ball=117.89 vball=2.93 aball=5.2 bref=0.00 pid=100.0 pref=994.4 ppos=16.9 apid=0.0 integ=0.0 vision=1 current=1 vframe=3786 vs=1 vage=15 vpage=15 vdt=36 vmax=568 vacc=3760 vrej=0 seq=0 elapsed=0 oled=3C
[   1797] STATUS mode=3 fault=none enc=17 denc=-1 sreq=100 sapplied=100 crate=100 uimp=224500 upos=810 uneg=0 ball=117.95 vball=2.62 aball=5.2 bref=0.00 pid=100.0 pref=994.4 ppos=18.9 apid=0.0 integ=0.0 vision=1 current=1 vframe=3787 vs=1 vage=4 vpage=4 vdt=31 vmax=568 vacc=3761 vrej=0 seq=0 elapsed=0 oled=3C
[   1827] STATUS mode=3 fault=none enc=19 denc=-1 sreq=100 sapplied=100 crate=100 uimp=226500 upos=830 uneg=0 ball=117.95 vball=2.62 aball=5.2 bref=0.00 pid=100.0 pref=994.4 ppos=20.9 apid=0.0 integ=0.0 vision=1 current=1 vframe=3787 vs=1 vage=24 vpage=24 vdt=31 vmax=568 vacc=3761 vrej=0 seq=0 elapsed=0 oled=3C
[   1858] STATUS mode=3 fault=none enc=24 denc=-1 sreq=100 sapplied=100 crate=100 uimp=230500 upos=870 uneg=0 ball=117.99 vball=2.15 aball=5.2 bref=0.00 pid=100.0 pref=994.4 ppos=24.9 apid=0.0 integ=0.0 vision=1 current=1 vframe=3788 vs=1 vage=31 vpage=31 vdt=33 vmax=568 vacc=3762 vrej=0 seq=0 elapsed=0 oled=3C
[   1875] STATUS mode=3 fault=none enc=27 denc=-1 sreq=100 sapplied=100 crate=100 uimp=232500 upos=890 uneg=0 ball=118.25 vball=3.87 aball=7.2 bref=0.00 pid=100.0 pref=994.4 ppos=26.9 apid=0.0 integ=0.0 vision=1 current=1 vframe=3789 vs=1 vage=18 vpage=18 vdt=33 vmax=568 vacc=3763 vrej=0 seq=0 elapsed=0 oled=3C
[   1906] STATUS mode=3 fault=none enc=30 denc=-1 sreq=100 sapplied=100 crate=100 uimp=234500 upos=910 uneg=0 ball=118.36 vball=3.65 aball=7.2 bref=0.00 pid=100.0 pref=994.4 ppos=28.9 apid=0.0 integ=0.0 vision=1 current=1 vframe=3790 vs=1 vage=5 vpage=5 vdt=33 vmax=568 vacc=3764 vrej=0 seq=0 elapsed=0 oled=3C
[   1936] STATUS mode=3 fault=none enc=35 denc=-1 sreq=100 sapplied=100 crate=100 uimp=238500 upos=950 uneg=0 ball=118.29 vball=1.90 aball=7.2 bref=0.00 pid=100.0 pref=994.4 ppos=32.9 apid=0.0 integ=0.0 vision=1 current=1 vframe=3791 vs=1 vage=11 vpage=11 vdt=34 vmax=568 vacc=3765 vrej=0 seq=0 elapsed=0 oled=3C
[   1968] STATUS mode=3 fault=none enc=38 denc=-1 sreq=100 sapplied=100 crate=100 uimp=240500 upos=970 uneg=0 ball=118.29 vball=1.90 aball=7.2 bref=0.00 pid=100.0 pref=994.4 ppos=34.9 apid=0.0 integ=0.0 vision=1 current=1 vframe=3791 vs=1 vage=31 vpage=31 vdt=34 vmax=568 vacc=3765 vrej=0 seq=0 elapsed=0 oled=3C
[   1983] STATUS mode=3 fault=none enc=40 denc=-2 sreq=100 sapplied=100 crate=100 uimp=242500 upos=990 uneg=0 ball=118.20 vball=0.58 aball=-10.8 bref=0.00 pid=100.0 pref=994.4 ppos=36.9 apid=-0.0 integ=0.0 vision=1 current=1 vframe=3792 vs=1 vage=18 vpage=18 vdt=33 vmax=568 vacc=3766 vrej=0 seq=0 elapsed=0 oled=3C
[   2016] STATUS mode=3 fault=none enc=45 denc=-1 sreq=100 sapplied=100 crate=100 uimp=246500 upos=1030 uneg=0 ball=118.19 vball=0.32 aball=-10.8 bref=0.00 pid=100.0 pref=994.4 ppos=40.9 apid=-0.0 integ=0.0 vision=1 current=1 vframe=3793 vs=1 vage=25 vpage=25 vdt=33 vmax=568 vacc=3767 vrej=0 seq=0 elapsed=0 oled=3C
[   2047] STATUS mode=3 fault=none enc=48 denc=-1 sreq=100 sapplied=100 crate=100 uimp=248500 upos=1050 uneg=0 ball=118.19 vball=0.18 aball=-10.8 bref=0.00 pid=100.0 pref=994.4 ppos=42.9 apid=-0.0 integ=0.0 vision=1 current=1 vframe=3794 vs=1 vage=11 vpage=11 vdt=34 vmax=568 vacc=3768 vrej=0 seq=0 elapsed=0 oled=3C
[   2061] STATUS mode=3 fault=none enc=51 denc=0 sreq=100 sapplied=100 crate=100 uimp=250500 upos=1070 uneg=0 ball=118.19 vball=0.18 aball=-10.8 bref=0.00 pid=100.0 pref=994.4 ppos=44.9 apid=-0.0 integ=0.0 vision=1 current=1 vframe=3794 vs=1 vage=31 vpage=31 vdt=34 vmax=568 vacc=3768 vrej=0 seq=0 elapsed=0 oled=3C
[   2093] STATUS mode=3 fault=none enc=55 denc=-1 sreq=100 sapplied=100 crate=100 uimp=254500 upos=1110 uneg=0 ball=118.55 vball=2.99 aball=-1.0 bref=0.00 pid=100.0 pref=994.4 ppos=48.9 apid=-0.0 integ=0.0 vision=1 current=1 vframe=3796 vs=1 vage=5 vpage=5 vdt=33 vmax=568 vacc=3770 vrej=0 seq=0 elapsed=0 oled=3C
[   2125] STATUS mode=3 fault=none enc=58 denc=0 sreq=100 sapplied=100 crate=100 uimp=256500 upos=1130 uneg=0 ball=118.55 vball=2.99 aball=-1.0 bref=0.00 pid=100.0 pref=994.4 ppos=50.9 apid=-0.0 integ=0.0 vision=1 current=1 vframe=3796 vs=1 vage=25 vpage=25 vdt=33 vmax=568 vacc=3770 vrej=0 seq=0 elapsed=0 oled=3C
[   2141] STATUS mode=3 fault=none enc=60 denc=-1 sreq=100 sapplied=100 crate=100 uimp=258500 upos=1150 uneg=0 ball=118.63 vball=2.76 aball=-1.0 bref=0.00 pid=100.0 pref=994.4 ppos=52.9 apid=-0.0 integ=0.0 vision=1 current=1 vframe=3797 vs=1 vage=11 vpage=11 vdt=34 vmax=568 vacc=3771 vrej=0 seq=0 elapsed=0 oled=3C
[   2172] STATUS mode=3 fault=none enc=65 denc=-1 sreq=100 sapplied=100 crate=100 uimp=262500 upos=1190 uneg=0 ball=118.76 vball=3.12 aball=5.8 bref=0.00 pid=100.0 pref=994.4 ppos=56.9 apid=0.0 integ=0.0 vision=1 current=1 vframe=3798 vs=1 vage=17 vpage=17 vdt=34 vmax=568 vacc=3772 vrej=0 seq=0 elapsed=0 oled=3C
[   2202] STATUS mode=3 fault=none enc=67 denc=-1 sreq=100 sapplied=100 crate=100 uimp=264500 upos=1210 uneg=0 ball=118.81 vball=2.61 aball=5.8 bref=0.00 pid=100.0 pref=994.4 ppos=58.9 apid=0.0 integ=0.0 vision=1 current=1 vframe=3799 vs=1 vage=4 vpage=4 vdt=33 vmax=568 vacc=3773 vrej=0 seq=0 elapsed=0 oled=3C
[   2233] STATUS mode=3 fault=none enc=70 denc=-1 sreq=100 sapplied=100 crate=100 uimp=266500 upos=1230 uneg=0 ball=118.81 vball=2.61 aball=5.8 bref=0.00 pid=100.0 pref=994.4 ppos=60.9 apid=0.0 integ=0.0 vision=1 current=1 vframe=3799 vs=1 vage=24 vpage=24 vdt=33 vmax=568 vacc=3773 vrej=0 seq=0 elapsed=0 oled=3C
[   2250] STATUS mode=3 fault=none enc=75 denc=-1 sreq=100 sapplied=100 crate=100 uimp=270500 upos=1270 uneg=0 ball=118.81 vball=1.89 aball=5.8 bref=0.00 pid=100.0 pref=994.4 ppos=64.9 apid=0.0 integ=0.0 vision=1 current=1 vframe=3800 vs=1 vage=31 vpage=31 vdt=33 vmax=568 vacc=3774 vrej=0 seq=0 elapsed=0 oled=3C
[   2281] STATUS mode=3 fault=none enc=78 denc=-1 sreq=100 sapplied=100 crate=100 uimp=272500 upos=1290 uneg=0 ball=118.84 vball=1.59 aball=-3.7 bref=0.00 pid=100.0 pref=994.4 ppos=66.9 apid=-0.0 integ=0.0 vision=1 current=1 vframe=3801 vs=1 vage=18 vpage=18 vdt=33 vmax=568 vacc=3775 vrej=0 seq=0 elapsed=0 oled=3C
[   2311] STATUS mode=3 fault=none enc=80 denc=-1 sreq=100 sapplied=100 crate=100 uimp=274500 upos=1310 uneg=0 ball=119.06 vball=3.02 aball=-3.7 bref=0.00 pid=100.0 pref=994.4 ppos=68.9 apid=-0.0 integ=0.0 vision=1 current=1 vframe=3802 vs=1 vage=4 vpage=4 vdt=34 vmax=568 vacc=3776 vrej=0 seq=0 elapsed=0 oled=3C
[   2327] STATUS mode=3 fault=none enc=85 denc=-1 sreq=100 sapplied=100 crate=100 uimp=278500 upos=1350 uneg=0 ball=119.21 vball=3.50 aball=-3.7 bref=0.00 pid=100.0 pref=994.4 ppos=72.9 apid=-0.0 integ=0.0 vision=1 current=1 vframe=3803 vs=1 vage=11 vpage=11 vdt=33 vmax=568 vacc=3777 vrej=0 seq=0 elapsed=0 oled=3C
[   2358] STATUS mode=3 fault=none enc=88 denc=-1 sreq=100 sapplied=100 crate=100 uimp=280500 upos=1370 uneg=0 ball=119.21 vball=3.50 aball=-3.7 bref=0.00 pid=100.0 pref=994.4 ppos=74.9 apid=-0.0 integ=0.0 vision=1 current=1 vframe=3803 vs=1 vage=31 vpage=31 vdt=33 vmax=568 vacc=3777 vrej=0 seq=0 elapsed=0 oled=3C
[   2391] STATUS mode=3 fault=none enc=90 denc=-1 sreq=100 sapplied=100 crate=100 uimp=282500 upos=1390 uneg=0 ball=119.18 vball=2.20 aball=0.7 bref=0.00 pid=100.0 pref=994.4 ppos=76.9 apid=0.0 integ=0.0 vision=1 current=1 vframe=3804 vs=1 vage=19 vpage=19 vdt=32 vmax=568 vacc=3778 vrej=0 seq=0 elapsed=0 oled=3C
[   2406] STATUS mode=3 fault=none enc=95 denc=-1 sreq=100 sapplied=100 crate=100 uimp=286500 upos=1430 uneg=0 ball=119.16 vball=1.37 aball=0.7 bref=0.00 pid=100.0 pref=994.4 ppos=8.9 apid=0.0 integ=0.0 vision=1 current=1 vframe=3805 vs=1 vage=5 vpage=5 vdt=34 vmax=568 vacc=3779 vrej=0 seq=0 elapsed=0 oled=3C
[   2436] STATUS mode=3 fault=none enc=97 denc=-1 sreq=100 sapplied=100 crate=100 uimp=288500 upos=1450 uneg=0 ball=119.15 vball=0.85 aball=0.7 bref=0.00 pid=100.0 pref=994.4 ppos=82.9 apid=0.0 integ=0.0 vision=1 current=1 vframe=3806 vs=1 vage=12 vpage=12 vdt=33 vmax=568 vacc=3780 vrej=0 seq=0 elapsed=0 oled=3C
[   2468] STATUS mode=3 fault=none enc=100 denc=-1 sreq=100 sapplied=100 crate=100 uimp=290500 upos=1470 uneg=0 ball=119.15 vball=0.85 aball=0.7 bref=0.00 pid=100.0 pref=994.4 ppos=84.9 apid=0.0 integ=0.0 vision=1 current=1 vframe=3806 vs=1 vage=32 vpage=32 vdt=33 vmax=568 vacc=3780 vrej=0 seq=0 elapsed=0 oled=3C
[   2500] STATUS mode=3 fault=none enc=102 denc=-1 sreq=100 sapplied=100 crate=100 uimp=292500 upos=1490 uneg=0 ball=119.19 vball=0.99 aball=-5.1 bref=0.00 pid=100.0 pref=994.4 ppos=86.9 apid=-0.0 integ=0.0 vision=1 current=1 vframe=3807 vs=1 vage=19 vpage=19 vdt=33 vmax=568 vacc=3781 vrej=0 seq=0 elapsed=0 oled=3C
[   2516] STATUS mode=3 fault=none enc=107 denc=-1 sreq=100 sapplied=100 crate=100 uimp=296500 upos=1530 uneg=0 ball=119.21 vball=0.79 aball=-5.1 bref=0.00 pid=100.0 pref=994.4 ppos=90.9 apid=-0.0 integ=0.0 vision=1 current=1 vframe=3808 vs=1 vage=25 vpage=25 vdt=34 vmax=568 vacc=3782 vrej=0 seq=0 elapsed=0 oled=3C
[   2547] STATUS mode=3 fault=none enc=110 denc=-1 sreq=100 sapplied=100 crate=100 uimp=298500 upos=1550 uneg=0 ball=119.22 vball=0.71 aball=-5.1 bref=0.00 pid=100.0 pref=994.4 ppos=92.9 apid=-0.0 integ=0.0 vision=1 current=1 vframe=3809 vs=1 vage=12 vpage=12 vdt=33 vmax=568 vacc=3783 vrej=0 seq=0 elapsed=0 oled=3C
[   2577] STATUS mode=3 fault=none enc=113 denc=0 sreq=100 sapplied=100 crate=100 uimp=300500 upos=1570 uneg=0 ball=119.22 vball=0.71 aball=-5.1 bref=0.00 pid=100.0 pref=994.4 ppos=94.9 apid=-0.0 integ=0.0 vision=1 current=1 vframe=3809 vs=1 vage=32 vpage=32 vdt=33 vmax=568 vacc=3783 vrej=0 seq=0 elapsed=0 oled=3C
[   2593] STATUS mode=3 fault=none enc=118 denc=-1 sreq=100 sapplied=100 crate=100 uimp=304500 upos=1610 uneg=0 ball=119.36 vball=1.70 aball=-4.4 bref=0.00 pid=100.0 pref=994.4 ppos=98.9 apid=-0.0 integ=0.0 vision=1 current=1 vframe=3811 vs=1 vage=5 vpage=5 vdt=34 vmax=568 vacc=3785 vrej=0 seq=0 elapsed=0 oled=3C
[   2625] STATUS mode=3 fault=none enc=120 denc=-1 sreq=100 sapplied=100 crate=100 uimp=306500 upos=1630 uneg=0 ball=119.36 vball=1.70 aball=-4.4 bref=0.00 pid=100.0 pref=994.4 ppos=100.9 apid=-0.0 integ=0.0 vision=1 current=1 vframe=3811 vs=1 vage=25 vpage=25 vdt=34 vmax=568 vacc=3785 vrej=0 seq=0 elapsed=0 oled=3C
[   2656] STATUS mode=3 fault=none enc=123 denc=-1 sreq=100 sapplied=100 crate=100 uimp=308500 upos=1650 uneg=0 ball=119.50 vball=2.40 aball=-4.4 bref=0.00 pid=100.0 pref=994.4 ppos=102.9 apid=-0.0 integ=0.0 vision=1 current=1 vframe=3812 vs=1 vage=10 vpage=10 vdt=35 vmax=568 vacc=3786 vrej=0 seq=0 elapsed=0 oled=3C
[   2686] STATUS mode=3 fault=none enc=128 denc=-1 sreq=100 sapplied=100 crate=100 uimp=312500 upos=1690 uneg=0 ball=119.60 vball=2.55 aball=6.1 bref=0.00 pid=100.0 pref=994.4 ppos=106.9 apid=0.0 integ=0.0 vision=1 current=1 vframe=3813 vs=1 vage=17 vpage=17 vdt=33 vmax=568 vacc=3787 vrej=0 seq=0 elapsed=0 oled=3C
[   2702] STATUS mode=3 fault=none enc=131 denc=0 sreq=100 sapplied=100 crate=100 uimp=314500 upos=1710 uneg=0 ball=119.66 vball=2.33 aball=6.1 bref=0.00 pid=100.0 pref=994.4 ppos=108.9 apid=0.0 integ=0.0 vision=1 current=1 vframe=3814 vs=1 vage=4 vpage=4 vdt=33 vmax=568 vacc=3788 vrej=0 seq=0 elapsed=0 oled=3C
[   2733] STATUS mode=3 fault=none enc=133 denc=-1 sreq=100 sapplied=100 crate=100 uimp=316500 upos=1730 uneg=0 ball=119.66 vball=2.33 aball=6.1 bref=0.00 pid=100.0 pref=994.4 ppos=110.9 apid=0.0 integ=0.0 vision=1 current=1 vframe=3814 vs=1 vage=24 vpage=24 vdt=33 vmax=568 vacc=3788 vrej=0 seq=0 elapsed=0 oled=3C
[   2766] STATUS mode=3 fault=none enc=138 denc=0 sreq=100 sapplied=100 crate=100 uimp=320500 upos=1770 uneg=0 ball=119.67 vball=1.74 aball=6.1 bref=0.00 pid=100.0 pref=994.4 ppos=114.9 apid=0.0 integ=0.0 vision=1 current=1 vframe=3815 vs=1 vage=30 vpage=30 vdt=34 vmax=568 vacc=3789 vrej=0 seq=0 elapsed=0 oled=3C
[   2781] STATUS mode=3 fault=none enc=140 denc=-1 sreq=100 sapplied=100 crate=100 uimp=322500 upos=1790 uneg=0 ball=119.59 vball=0.48 aball=-5.8 bref=0.00 pid=100.0 pref=994.4 ppos=116.9 apid=-0.0 integ=0.0 vision=1 current=1 vframe=3816 vs=1 vage=15 vpage=15 vdt=35 vmax=568 vacc=3790 vrej=0 seq=0 elapsed=0 oled=3C
[   2811] STATUS mode=3 fault=none enc=142 denc=-1 sreq=100 sapplied=100 crate=100 uimp=324500 upos=1810 uneg=0 ball=119.56 vball=0.06 aball=-5.8 bref=0.00 pid=100.0 pref=994.4 ppos=118.9 apid=-0.0 integ=0.0 vision=1 current=1 vframe=3817 vs=1 vage=3 vpage=3 vdt=32 vmax=568 vacc=3791 vrej=0 seq=0 elapsed=0 oled=3C
[   2843] STATUS mode=3 fault=none enc=147 denc=-1 sreq=100 sapplied=100 crate=100 uimp=328500 upos=1850 uneg=0 ball=119.65 vball=0.82 aball=-5.8 bref=0.00 pid=100.0 pref=994.4 ppos=122.9 apid=-0.0 integ=0.0 vision=1 current=1 vframe=3818 vs=1 vage=10 vpage=10 vdt=33 vmax=568 vacc=3792 vrej=0 seq=0 elapsed=0 oled=3C
[   2875] STATUS mode=3 fault=none enc=150 denc=-1 sreq=100 sapplied=100 crate=100 uimp=330500 upos=1870 uneg=0 ball=119.65 vball=0.82 aball=-5.8 bref=0.00 pid=100.0 pref=994.4 ppos=124.9 apid=-0.0 integ=0.0 vision=1 current=1 vframe=3818 vs=1 vage=30 vpage=30 vdt=33 vmax=568 vacc=3792 vrej=0 seq=0 elapsed=0 oled=3C
[   2891] STATUS mode=3 fault=none enc=155 denc=-1 sreq=100 sapplied=100 crate=100 uimp=334500 upos=1910 uneg=0 ball=119.83 vball=2.03 aball=-1.2 bref=0.00 pid=00.0 pref=994.4 ppos=126.9 apid=-0.0 integ=0.0 vision=1 current=1 vframe=3819 vs=1 vage=16 vpage=16 vdt=34 vmax=568 vacc=3793 vrej=0 seq=0 elapsed=0 oled=3C
[   2922] STATUS mode=3 fault=none enc=157 denc=-1 sreq=100 sapplied=100 crate=100 uimp=336500 upos=1930 uneg=0 ball=119.83 vball=2.03 aball=-1.2 bref=0.00 pid=100.0 pref=994.4 ppos=130.9 apid=-0.0 integ=0.0 vision=1 current=1 vframe=3820 vs=1 vage=23 vpage=23 vdt=33 vmax=568 vacc=3794 vrej=0 seq=0 elapsed=0 oled=3C
[   2952] STATUS mode=3 fault=none enc=159 denc=-2 sreq=100 sapplied=100 crate=100 uimp=338500 upos=1950 uneg=0 ball=119.97 vball=2.56 aball=-1.2 bref=0.00 pid=100.0 pref=994.4 ppos=132.9 apid=-0.0 integ=0.0 vision=1 current=1 vframe=3821 vs=1 vage=10 vpage=10 vdt=33 vmax=568 vacc=3795 vrej=0 seq=0 elapsed=0 oled=3C
[   2968] STATUS mode=3 fault=none enc=165 denc=-1 sreq=100 sapplied=100 crate=100 uimp=342500 upos=1990 uneg=0 ball=120.02 vball=2.29 aball=5.5 bref=0.00 pid=100.0 pref=994.4 ppos=136.9 apid=0.0 integ=0.0 vision=1 current=1 vframe=3822 vs=1 vage=16 vpage=16 vdt=34 vmax=568 vacc=3796 vrej=0 seq=0 elapsed=0 oled=3C
[   3000] STATUS mode=3 fault=none enc=167 denc=-1 sreq=100 sapplied=100 crate=100 uimp=344500 upos=2010 uneg=0 ball=120.31 vball=4.16 aball=5.5 bref=0.00 pid=100.0 pref=994.4 ppos=138.9 apid=0.0 integ=0.0 vision=1 current=1 vframe=3823 vs=1 vage=3 vpage=3 vdt=33 vmax=568 vacc=3797 vrej=0 seq=0 elapsed=0 oled=3C
[   3031] STATUS mode=3 fault=none enc=170 denc=-1 sreq=100 sapplied=100 crate=100 uimp=346500 upos=2030 uneg=0 ball=120.31 vball=4.16 aball=5.5 bref=0.00 pid=100.0 pref=994.4 ppos=140.9 apid=0.0 integ=0.0 vision=1 current=1 vframe=3823 vs=1 vage=23 vpage=23 vdt=33 vmax=568 vacc=3797 vrej=0 seq=0 elapsed=0 oled=3C
[   3047] STATUS mode=3 fault=none enc=175 denc=0 sreq=100 sapplied=100 crate=100 uimp=350500 upos=2070 uneg=0 ball=120.43 vball=3.91 aball=5.5 bref=0.00 pid=100.0 pref=994.4 ppos=144.9 apid=0.0 integ=0.0 vision=1 current=1 vframe=3824 vs=1 vage=30 vpage=30 vdt=33 vmax=568 vacc=3798 vrej=0 seq=0 elapsed=0 oled=3C
[   3077] STATUS mode=3 fault=none enc=177 denc=-1 sreq=100 sapplied=100 crate=100 uimp=352500 upos=2090 uneg=0 ball=120.46 vball=3.03 aball=6.4 bref=0.00 pid=100.0 pref=994.4 ppos=146.9 apid=0.0 integ=0.0 vision=1 current=1 vframe=3825 vs=1 vage=16 vpage=16 vdt=34 vmax=568 vacc=3799 vrej=0 seq=0 elapsed=0 oled=3C
[   3108] STATUS mode=3 fault=none enc=179 denc=-1 sreq=100 sapplied=100 crate=100 uimp=354500 upos=2110 uneg=0 ball=120.54 vball=2.84 aball=6.4 bref=0.00 pid=100.0 pref=994.4 ppos=148.9 apid=0.0 integ=0.0 vision=1 current=1 vframe=3826 vs=1 vage=4 vpage=4 vdt=32 vmax=568 vacc=3800 vrej=0 seq=0 elapsed=0 oled=3C
[   3141] STATUS mode=3 fault=none enc=184 denc=-1 sreq=100 sapplied=100 crate=100 uimp=358500 upos=2150 uneg=0 ball=120.60 vball=2.54 aball=6.4 bref=0.00 pid=100.0 pref=994.4 ppos=150.9 apid=0.0 integ=0.0 vision=1 current=1 vframe=3826 vs=1 vage=24 vpage=24 vdt=32 vmax=568 vacc=3800 vrej=0 seq=0 elapsed=0 oled=3C
[   3156] STATUS mode=3 fault=none enc=187 denc=-1 sreq=100 sapplied=100 crate=100 uimp=360500 upos=2170 uneg=0 ball=120.60 vball=2.54 aball=6.4 bref=0.00 pid=100.0 pref=994.4 ppos=154.9 apid=0.0 integ=0.0 vision=1 current=1 vframe=3827 vs=1 vage=30 vpage=30 vdt=34 vmax=568 vacc=3801 vrej=0 seq=0 elapsed=0 oled=3C
[   3186] STATUS mode=3 fault=none enc=190 denc=0 sreq=100 sapplied=100 crate=100 uimp=362500 upos=2190 uneg=0 ball=120.61 vball=1.86 aball=-1.8 bref=0.00 pid=100.0 pref=994.4 ppos=156.9 apid=-0.0 integ=0.0 vision=1 current=1 vframe=3828 vs=1 vage=16 vpage=16 vdt=34 vmax=568 vacc=3802 vrej=0 seq=0 elapsed=0 oled=3C
[   3218] STATUS mode=3 fault=none enc=195 denc=0 sreq=100 sapplied=100 crate=100 uimp=366500 upos=2230 uneg=0 ball=120.63 vball=1.45 aball=-1.8 bref=0.00 pid=100.0 pref==994.4 ppos=158.9 apid=-0.0 integ=0.0 vision=1 current=1 vframe=3829 vs=1 vage=3 vpage=3 vdt=33 vmax=568 vacc=3803 vrej=0 seq=0 elapsed=0 oled=3C
[   3233] STATUS mode=3 fault=none enc=197 denc=-1 sreq=100 sapplied=100 crate=100 uimp=368500 upos=2250 uneg=0 ball=120.64 vball=1.12 aball=-1.8 bref=0.00 pid=100.0 pref=994.4 ppos=162.9 apid=-0.0 integ=0.0 vision=1 current=1 vframe=3830 vs=1 vage=10 vpage=10 vdt=33 vmax=568 vacc=3804 vrej=0 seq=0 elapsed=0 oled=3C
[   3266] STATUS mode=3 fault=none enc=200 denc=-1 sreq=100 sapplied=100 crate=100 uimp=370500 upos=2270 uneg=0 ball=120.64 vball=1.12 aball=-1.8 bref=0.00 pid=100.0 pref=994.4 ppos=164.9 apid=-0.0 integ=0.0 vision=1 current=1 vframe=3830 vs=1 vage=30 vpage=30 vdt=33 vmax=568 vacc=3804 vrej=0 seq=0 elapsed=0 oled=3C
[   3297] STATUS mode=3 fault=none enc=205 denc=-1 sreq=100 sapplied=100 crate=100 uimp=374500 upos=2310 uneg=0 ball=120.84 vball=2.35 aball=-5.7 bref=0.00 pid=100.0 pref=994.4 ppos=168.9 apid=-0.0 integ=0.0 vision=1 current=1 vframe=3832 vs=1 vage=3 vpage=3 vdt=33 vmax=568 vacc=3806 vrej=0 seq=0 elapsed=0 oled=3C
[   3327] STATUS mode=3 fault=none enc=207 denc=-1 sreq=100 sapplied=100 crate=100 uimp=376500 upos=2330 uneg=0 ball=120.84 vball=2.35 aball=-5.7 bref=0.00 pid=100.0 pref=994.4 ppos=170.9 apid=-0.0 integ=0.0 vision=1 current=1 vframe=3832 vs=1 vage=23 vpage=23 vdt=33 vmax=568 vacc=3806 vrej=0 seq=0 elapsed=0 oled=3C
[   3343] STATUS mode=3 fault=none enc=210 denc=-1 sreq=100 sapplied=100 crate=100 uimp=378500 upos=2350 uneg=0 ball=121.07 vball=3.58 aball=-5.7 bref=0.00 pid=100.0 pref=994.4 ppos=172.9 apid=-0.0 integ=0.0 vision=1 current=1 vframe=3833 vs=1 vage=9 vpage=9 vdt=34 vmax=568 vacc=3807 vrej=0 seq=0 elapsed=0 oled=3C
[   3375] STATUS mode=3 fault=none enc=215 denc=0 sreq=100 sapplied=100 crate=100 uimp=382500 upos=2390 uneg=0 ball=121.14 vball=3.12 aball=7.3 bref=0.00 pid=100.0 pref=994.4 ppos=176.9 apid=0.0 integ=0.0 vision=1 current=1 vframe=3834 vs=1 vage=16 vpage=16 vdt=33 vmax=568 vacc=3808 vrej=0 seq=0 elapsed=0 oled=3C
[   3406] STATUS mode=3 fault=none enc=217 denc=-1 sreq=100 sapplied=100 crate=100 uimp=384500 upos=2410 uneg=0 ball=121.16 vball=2.42 aball=7.3 bref=0.00 pid=100.0 pref=994.4 ppos=178.9 apid=0.0 integ=0.0 vision=1 current=1 vframe=3835 vs=1 vage=2 vpage=2 vdt=34 vmax=568 vacc=3809 vrej=0 seq=0 elapsed=0 oled=3C
[   3422] STATUS mode=3 fault=none enc=219 denc=-1 sreq=100 sapplied=100 crate=100 uimp=386500 upos=2430 uneg=0 ball=121.16 vball=2.42 aball=7.3 bref=0.00 pid=100.0 pref=994.4 ppos=180.9 apid=0.0 integ=0.0 vision=1 current=1 vframe=3835 vs=1 vage=22 vpage=22 vdt=34 vmax=568 vacc=3809 vrej=0 seq=0 elapsed=0 oled=3C
[   3452] STATUS mode=3 fault=none enc=224 denc=-1 sreq=100 sapplied=100 crate=100 uimp=390500 upos=2470 uneg=0 ball=121.16 vball=1.68 aball=7.3 bref=0.00 pid=100.0 pref=994.4 ppos=184.9 apid=0.0 integ=0.0 vision=1 current=1 vframe=3836 vs=1 vage=29 vpage=29 vdt=33 vmax=568 vacc=3810 vrej=0 seq=0 elapsed=0 oled=3C
[   3483] STATUS mode=3 fault=none enc=226 denc=-1 sreq=100 sapplied=100 crate=100 uimp=392500 upos=2490 uneg=0 ball=121.16 vball=1.16 aball=-4.8 bref=0.00 pid=100.0 pref=994.4 ppos=186.9 apid=-0.0 integ=0.0 vision=1 current=1 vframe=3837 vs=1 vage=16 vpage=16 vdt=33 vmax=568 vacc=3811 vrej=0 seq=0 elapsed=0 oled=3C
[   3516] STATUS mode=3 fault=none enc=229 denc=-1 sreq=100 sapplied=100 crate=100 uimp=394500 upos=2510 uneg=0 ball=121.15 vball=0.78 aball=-4.8 bref=0.00 pid=100.0 pref=994.4 ppos=188.9 apid=-0.0 integ=0.0 vision=1 current=1 vframe=3838 vs=1 vage=3 vpage=3 vdt=33 vmax=568 vacc=3812 vrej=0 seq=0 elapsed=0 oled=3C
[   3531] STATUS mode=3 fault=none enc=234 denc=-1 sreq=100 sapplied=100 crate=100 uimp=398500 upos=2550 uneg=0 ball=121.15 vball=0.51 aball=-4.8 bref=0.00 pid=100.0 pref=994.4 ppos=192.9 apid=-0.0 integ=0.0 vision=1 current=1 vframe=3839 vs=1 vage=9 vpage=9 vdt=34 vmax=568 vacc=3813 vrej=0 seq=0 elapsed=0 oled=3C
[   3561] STATUS mode=3 fault=none enc=237 denc=-1 sreq=100 sapplied=100 crate=100 uimp=400500 upos=2570 uneg=0 ball=121.15 vball=0.51 aball=-4.8 bref=0.00 pid=100.0 pref=994.4 ppos=194.9 apid=-0.0 integ=0.0 vision=1 current=1 vframe=3839 vs=1 vage=29 vpage=29 vdt=34 vmax=568 vacc=3813 vrej=0 seq=0 elapsed=0 oled=3C
[   3593] STATUS mode=3 fault=none enc=239 denc=-1 sreq=100 sapplied=100 crate=100 uimp=402500 upos=2590 uneg=0 ball=121.15 vball=0.38 aball=-6.2 bref=0.00 pid=100.0 pref=994.4 ppos=196.9 apid=-0.0 integ=0.0 vision=1 current=1 vframe=3840 vs=1 vage=16 vpage=16 vdt=33 vmax=568 vacc=3814 vrej=0 seq=0 elapsed=0 oled=3C
[   3608] STATUS mode=3 fault=none enc=244 denc=-1 sreq=100 sapplied=100 crate=100 uimp=406500 upos=2630 uneg=0 ball=121.17 vball=0.47 aball=-6.2 bref=0.00 pid=100.0 pref=994.4 ppos=200.9 apid=-0.0 integ=0.0 vision=1 current=1 vframe=3841 vs=1 vage=23 vpage=23 vdt=33 vmax=568 vacc=3815 vrej=0 seq=0 elapsed=0 oled=3C
[   3641] STATUS mode=3 fault=none enc=247 denc=-1 sreq=100 sapplied=100 crate=100 uimp=408500 upos=2650 uneg=0 ball=121.25 vball=0.97 aball=-6.2 bref=0.00 pid=100.0 pref=994.4 ppos=202.9 apid=-0.0 integ=0.0 vision=1 current=1 vframe=3842 vs=1 vage=10 vpage=10 vdt=33 vmax=568 vacc=3816 vrej=0 seq=0 elapsed=0 oled=3C
[   3672] STATUS mode=3 fault=none enc=250 denc=0 sreq=100 sapplied=100 crate=100 uimp=410500 upos=2670 uneg=0 ball=121.25 vball=0.97 aball=-6.2 bref=0.00 pid=100.0 pref=994.4 ppos=204.9 apid=-0.0 integ=0.0 vision=1 current=1 vframe=3842 vs=1 vage=30 vpage=30 vdt=33 vmax=568 vacc=3816 vrej=0 seq=0 elapsed=0 oled=3C
[   3702] STATUS mode=3 fault=none enc=254 denc=-1 sreq=100 sapplied=100 crate=100 uimp=414500 upos=2710 uneg=0 ball=121.44 vball=2.14 aball=-0.7 bref=0.00 pid=100.0 pref=994.4 ppos=208.9 apid=-0.0 integ=0.0 vision=1 current=1 vframe=3844 vs=1 vage=3 vpage=3 vdt=34 vmax=568 vacc=3818 vrej=0 seq=0 elapsed=0 oled=3C
[   3718] STATUS mode=3 fault=none enc=256 denc=-1 sreq=100 sapplied=100 crate=100 uimp=416500 upos=2730 uneg=0 ball=121.44 vball=2.14 aball=-0.7 bref=0.00 pid=100.0 pref=994.4 ppos=210.9 apid=-0.0 integ=0.0 vision=1 current=1 vframe=3844 vs=1 vage=23 vpage=23 vdt=34 vmax=568 vacc=3818 vrej=0 seq=0 elapsed=0 oled=3C
[   3750] STATUS mode=3 fault=none enc=259 denc=-1 sreq=100 sapplied=100 crate=100 uimp=418500 upos=2750 uneg=0 ball=121.64 vball=3.28 aball=-0.7 bref=0.00 pid=100.0 pref=994.4 ppos=212.9 apid=-0.0 integ=0.0 vision=1 current=1 vframe=3845 vs=1 vage=10 vpage=10 vdt=33 vmax=568 vacc=3819 vrej=0 seq=0 elapsed=0 oled=3C
[   3781] STATUS mode=3 fault=none enc=264 denc=-1 sreq=100 sapplied=100 crate=100 uimp=422500 upos=2790 uneg=0 ball=121.74 vball=3.21 aball=9.9 bref=0.00 pid=100.0 pref=994.4 ppos=216.9 apid=0.0 integ=0.0 vision=1 current=1 vframe=3846 vs=1 vage=19 vpage=19 vdt=31 vmax=568 vacc=3820 vrej=0 seq=0 elapsed=0 oled=3C
[   3797] STATUS mode=3 fault=none enc=267 denc=0 sreq=100 sapplied=100 crate=100 uimp=424500 upos=2810 uneg=0 ball=121.76 vball=2.43 aball=9.9 bref=0.00 pid=100.0 pref=994.4 ppos=218.9 apid=0.0 integ=0.0 vision=1 current=1 vframe=3847 vs=1 vage=6 vpage=6 vdt=33 vmax=568 vacc=3821 vrej=0 seq=0 elapsed=0 oled=3C
[   3827] STATUS mode=3 fault=none enc=270 denc=0 sreq=100 sapplied=100 crate=100 uimp=426500 upos=2830 uneg=0 ball=121.76 vball=2.43 aball=9.9 bref=0.00 pid=100.0 pref=994.4 ppos=220.9 apid=0.0 integ=0.0 vision=1 current=1 vframe=3847 vs=1 vage=26 vpage=26 vdt=33 vmax=568 vacc=3821 vrej=0 seq=0 elapsed=0 oled=3C
[   3858] STATUS mode=3 fault=none enc=275 denc=-1 sreq=100 sapplied=100 crate=100 uimp=430500 upos=2870 uneg=0 ball=121.70 vball=1.13 aball=9.9 bref=0.00 pid=100.0 pref=994.4 ppos=224.9 apid=0.0 integ=0.0 vision=1 current=1 vframe=3848 vs=1 vage=33 vpage=33 vdt=33 vmax=568 vacc=3822 vrej=0 seq=0 elapsed=0 oled=3C
[   3875] STATUS mode=3 fault=none enc=277 denc=-1 sreq=100 sapplied=100 crate=100 uimp=432500 upos=2890 uneg=0 ball=121.36 vball=-2.18 aball=-18.8 bref=0.00 pid=100.0 pref=994.4 ppos=226.9 apid=-0.0 integ=0.0 vision=1 current=1 vframe=3849 vs=1 vage=19 vpage=19 vdt=34 vmax=568 vacc=3823 vrej=0 seq=0 elapsed=0 oled=3C
[   3906] STATUS mode=3 fault=none enc=280 denc=-1 sreq=100 sapplied=100 crate=100 uimp=434500 upos=2910 uneg=0 ball=120.27 vball=-11.30 aball=-18.8 bref=0.00 pid=100.0 pref=994.4 ppos=228.9 apid=-0.0 integ=0.0 vision=1 current=1 vframe=3850 vs=1 vage=6 vpage=6 vdt=33 vmax=568 vacc=3824 vrej=0 seq=0 elapsed=0 oled=3C
[   3936] STATUS mode=3 fault=none enc=285 denc=-1 sreq=100 sapplied=100 crate=100 uimp=438500 upos=2950 uneg=0 ball=119.19 vball=-17.30 aball=-18.8 bref=0.00 pid=100.0 pref=994.4 ppos=232.9 apid=-0.0 integ=0.0 vision=1 current=1 vframe=3851 vs=1 vage=13 vpage=13 vdt=33 vmax=568 vacc=3825 vrej=0 seq=0 elapsed=0 oled=3C
[   3968] STATUS mode=3 fault=none enc=288 denc=-1 sreq=100 sapplied=100 crate=100 uimp=440500 upos=2970 uneg=0 ball=119.19 vball=-17.30 aball=-18.8 bref=0.00 pid=100.0 pref=994.4 ppos=234.9 apid=-0.0 integ=0.0 vision=1 current=1 vframe=3851 vs=1 vage=33 vpage=33 vdt=33 vmax=568 vacc=3825 vrej=0 seq=0 elapsed=0 oled=3C
[   3983] STATUS mode=3 fault=none enc=291 denc=0 sreq=0 sapplied=0 crate=0 uimp=441000 upos=2975 uneg=0 ball=118.68 vball=-16.72 aball=-76.4 bref=0.00 pid=0.0 pref=235.4 ppos=235.4 apid=-0.0 integ=-0.0 vision=1 current=1 vframe=3852 vs=1 vage=20 vpage=20 vdt=33 vmax=568 vacc=3826 vrej=0 seq=0 elapsed=0 oled=3C
[   4016] STATUS mode=3 fault=none enc=294 denc=2 sreq=100 sapplied=100 crate=100 uimp=443500 upos=3000 uneg=0 ball=117.83 vball=-19.36 aball=-76.4 bref=0.00 pid=100.0 pref=1162.9 ppos=237.9 apid=-0.0 integ=0.0 vision=1 current=1 vframe=3853 vs=1 vage=26 vpage=26 vdt=34 vmax=568 vacc=3827 vrej=0 seq=0 elapsed=0 oled=3C
[   4047] STATUS mode=3 fault=none enc=295 denc=0 sreq=0 sapplied=0 crate=0 uimp=444500 upos=3010 uneg=0 ball=117.34 vball=-17.94 aball=-76.4 bref=0.00 pid=0.0 pref=238.9 ppos=238.9 apid=-0.0 integ=-0.0 vision=1 current=1 vframe=3854 vs=1 vage=13 vpage=13 vdt=33 vmax=568 vacc=3828 vrej=0 seq=0 elapsed=0 oled=3C
[   4077] STATUS mode=3 fault=none enc=295 denc=0 sreq=0 sapplied=0 crate=0 uimp=444500 upos=3010 uneg=0 ball=117.34 vball=-17.94 aball=-76.4 bref=0.00 pid=0.0 pref=238.9 ppos=238.9 apid=-0.0 integ=-0.0 vision=1 current=1 vframe=3854 vs=1 vage=33 vpage=33 vdt=33 vmax=568 vacc=3828 vrej=0 seq=0 elapsed=0 oled=3C
[   4093] STATUS mode=3 fault=none enc=299 denc=2 sreq=0 sapplied=0 crate=0 uimp=447500 upos=3040 uneg=0 ball=115.84 vball=-20.48 aball=-48.7 bref=0.00 pid=0.0 pref=241.9 ppos=241.9 apid=-0.0 integ=-0.0 vision=1 current=1 vframe=3856 vs=1 vage=6 vpage=6 vdt=32 vmax=568 vacc=3830 vrej=0 seq=0 elapsed=0 oled=3C
[   4125] STATUS mode=3 fault=none enc=298 denc=0 sreq=0 sapplied=0 crate=0 uimp=447500 upos=3040 uneg=0 ball=115.84 vball=-20.48 aball=-48.7 bref=0.00 pid=0.0 pref=241.9 ppos=241.9 apid=-0.0 integ=-0.0 vision=1 current=1 vframe=3856 vs=1 vage=26 vpage=26 vdt=32 vmax=568 vacc=3830 vrej=0 seq=0 elapsed=0 oled=3C
[   4156] STATUS mode=3 fault=none enc=298 denc=0 sreq=-121 sapplied=-121 crate=-121 uimp=446860 upos=3040 uneg=5 ball=114.93 vball=-22.49 aball=-48.7 bref=0.00 pid=-121.4 pref=229.1 ppos=241.2 apid=-0.0 integ=-0.0 vision=1 current=1 vframe=3857 vs=1 vage=13 vpage=13 vdt=33 vmax=568 vacc=3831 vrej=0 seq=0 elapsed=0 oled=3C
[   4172] STATUS mode=3 fault=none enc=293 denc=-1 sreq=-160 sapplied=-160 crate=-160 uimp=441445 upos=3040 uneg=45 ball=114.00 vball=-23.79 aball=-51.6 bref=0.00 pid=-160.2 pref=219.8 ppos=235.8 apid=-0.0 integ=-0.0 vision=1 current=1 vframe=3858 vs=1 vage=17 vpage=17 vdt=36 vmax=568 vacc=3832 vrej=0 seq=0 elapsed=0 oled=3C
[   4202] STATUS mode=3 fault=none enc=288 denc=-2 sreq=-201 sapplied=-201 crate=-201 uimp=438100 upos=3040 uneg=65 ball=113.10 vball=-24.74 aball=-51.6 bref=0.00 pid=-201.2 pref=212.4 ppos=232.5 apid=-0.0 integ=-0.0 vision=1 current=1 vframe=3859 vs=1 vage=6 vpage=6 vdt=31 vmax=568 vacc=3833 vrej=0 seq=0 elapsed=0 oled=3C
[   4233] STATUS mode=3 fault=none enc=284 denc=-1 sreq=-164 sapplied=-164 crate=-164 uimp=434365 upos=3040 uneg=85 ball=113.10 vball=-24.74 aball=-51.6 bref=0.00 pid=-163.9 pref=212.4 ppos=228.7 apid=-0.0 integ=-0.0 vision=1 current=1 vframe=3859 vs=1 vage=26 vpage=26 vdt=31 vmax=568 vacc=3833 vrej=0 seq=0 elapsed=0 oled=3C
[   4266] STATUS mode=3 fault=none enc=277 denc=-1 sreq=-86 sapplied=-86 crate=-86 uimp=429665 upos=3040 uneg=125 ball=112.41 vball=-23.71 aball=-51.6 bref=0.00 pid=-86.0 pref=215.4 ppos=224.0 apid=-0.0 integ=-0.0 vision=1 current=1 vframe=3860 vs=1 vage=31 vpage=31 vdt=35 vmax=568 vacc=3834 vrej=0 seq=0 elapsed=0 oled=3C
[   4281] STATUS mode=3 fault=none enc=277 denc=1 sreq=-53 sapplied=-53 crate=-53 uimp=428365 upos=3040 uneg=145 ball=111.71 vball=-22.88 aball=-24.3 bref=0.00 pid=-52.6 pref=217.5 ppos=222.7 apid=-0.0 integ=-0.0 vision=1 current=1 vframe=3861 vs=1 vage=17 vpage=17 vdt=34 vmax=568 vacc=3835 vrej=0 seq=0 elapsed=0 oled=3C
[   4311] STATUS mode=3 fault=none enc=275 denc=-1 sreq=-144 sapplied=-144 crate=-144 uimp=427390 upos=3040 uneg=165 ball=110.74 vball=-24.32 aball=-24.3 bref=0.00 pid=-143.9 pref=207.4 ppos=221.8 apid=-0.0 integ=-0.0 vision=1 current=1 vframe=3862 vs=1 vage=3 vpage=3 vdt=34 vmax=568 vacc=3836 vrej=0 seq=0 elapsed=0 oled=3C
[   4343] STATUS mode=3 fault=none enc=269 denc=-1 sreq=-183 sapplied=-183 crate=-183 uimp=421610 upos=3040 uneg=205 ball=109.84 vball=-25.71 aball=-24.3 bref=0.00 pid=-182.6 pref=197.7 ppos=216.0 apid=-0.0 integ=-0.0 vision=1 current=1 vframe=3863 vs=1 vage=12 vpage=12 vdt=31 vmax=568 vacc=3837 vrej=0 seq=0 elapsed=0 oled=3C
[   4375] STATUS mode=3 fault=none enc=265 denc=0 sreq=-149 sapplied=-149 crate=-149 uimp=418220 upos=3040 uneg=225 ball=109.84 vball=-25.71 aball=-24.3 bref=0.00 pid=-148.7 pref=197.7 ppos=212.6 apid=-0.0 integ=-0.0 vision=1 current=1 vframe=3863 vs=1 vage=32 vpage=32 vdt=31 vmax=568 vacc=3837 vrej=0 seq=0 elapsed=0 oled=3C
[   4406] STATUS mode=3 fault=none enc=256 denc=-1 sreq=-309 sapplied=-309 crate=-309 uimp=411315 upos=3040 uneg=265 ball=107.75 vball=-29.05 aball=-27.7 bref=0.00 pid=-309.4 pref=174.8 ppos=205.7 apid=-0.0 integ=-0.0 vision=1 current=1 vframe=3865 vs=1 vage=6 vpage=6 vdt=32 vmax=568 vacc=3839 vrej=0 seq=0 elapsed=0 oled=3C
[   4422] STATUS mode=3 fault=none enc=249 denc=-2 sreq=-252 sapplied=-252 crate=-252 uimp=405580 upos=3040 uneg=285 ball=107.75 vball=-29.05 aball=-27.7 bref=0.00 pid=-252.0 pref=174.8 ppos=200.0 apid=-0.0 integ=-0.0 vision=1 current=1 vframe=3865 vs=1 vage=26 vpage=26 vdt=32 vmax=568 vacc=3839 vrej=0 seq=0 elapsed=0 oled=3C
[   4452] STATUS mode=3 fault=none enc=241 denc=-3 sreq=-417 sapplied=-417 crate=-417 uimp=399235 upos=3040 uneg=305 ball=106.42 vball=-32.83 aball=-27.7 bref=0.00 pid=-417.5 pref=151.9 ppos=193.6 apid=-0.0 integ=-0.0 vision=1 current=1 vframe=3866 vs=1 vage=13 vpage=13 vdt=33 vmax=568 vacc=3840 vrej=0 seq=0 elapsed=0 oled=3C
[   4483] STATUS mode=3 fault=none enc=222 denc=-2 sreq=-321 sapplied=-321 crate=-321 uimp=384450 upos=3040 uneg=345 ball=105.24 vball=-33.15 aball=-47.6 bref=0.00 pid=-321.0 pref=146.7 ppos=178.8 apid=-0.0 integ=-0.0 vision=1 current=1 vframe=3867 vs=1 vage=19 vpage=19 vdt=34 vmax=568 vacc=3841 vrej=0 seq=0 elapsed=0 oled=3C
[   4516] STATUS mode=3 fault=none enc=214 denc=-2 sreq=-379 sapplied=-379 crate=-379 uimp=377920 upos=3040 uneg=365 ball=103.96 vball=-34.85 aball=-47.6 bref=0.00 pid=-379.1 pref=134.4 ppos=172.3 apid=-0.0 integ=-0.0 vision=1 current=1 vframe=3868 vs=1 vage=6 vpage=6 vdt=33 vmax=568 vacc=3842 vrej=0 seq=0 elapsed=0 oled=3C
[   4531] STATUS mode=3 fault=none enc=196 denc=-3 sreq=-369 sapplied=-369 crate=-369 uimp=363970 upos=3040 uneg=405 ball=102.59 vball=-36.62 aball=-47.6 bref=0.00 pid=-369.2 pref=121.4 ppos=158.3 apid=-0.0 integ=-0.0 vision=1 current=1 vframe=3869 vs=1 vage=13 vpage=13 vdt=33 vmax=568 vacc=3843 vrej=0 seq=0 elapsed=0 oled=3C
[   4561] STATUS mode=3 fault=none enc=187 denc=-3 sreq=-301 sapplied=-301 crate=-301 uimp=357120 upos=3040 uneg=425 ball=102.59 vball=-36.62 aball=-47.6 bref=0.00 pid=-300.7 pref=121.4 ppos=151.5 apid=-0.0 integ=-0.0 vision=1 current=1 vframe=3869 vs=1 vage=33 vpage=33 vdt=33 vmax=568 vacc=3843 vrej=0 seq=0 elapsed=0 oled=3C
[   4593] STATUS mode=3 fault=none enc=180 denc=-2 sreq=-250 sapplied=-250 crate=-250 uimp=351450 upos=3040 uneg=445 ball=101.43 vball=-36.05 aball=-39.2 bref=0.00 pid=-250.3 pref=120.8 ppos=145.8 apid=-0.0 integ=-0.0 vision=1 current=1 vframe=3870 vs=1 vage=19 vpage=19 vdt=34 vmax=568 vacc=3844 vrej=0 seq=0 elapsed=0 oled=3C
[   4625] STATUS mode=3 fault=none enc=168 denc=-1 sreq=-247 sapplied=-247 crate=-247 uimp=341175 upos=3040 uneg=485 ball=100.12 vball=-37.26 aball=-39.2 bref=0.00 pid=-247.4 pref=110.8 ppos=135.5 apid=-0.0 integ=-0.0 vision=1 current=1 vframe=3871 vs=1 vage=24 vpage=24 vdt=35 vmax=568 vacc=3845 vrej=0 seq=0 elapsed=0 oled=3C
[   4641] STATUS mode=3 fault=none enc=163 denc=-1 sreq=-194 sapplied=-194 crate=-194 uimp=336675 upos=3040 uneg=505 ball=98.98 vball=-36.40 aball=-39.2 bref=0.00 pid=-193.5 pref=111.7 ppos=131.0 apid=-0.0 integ=-0.0 vision=1 current=1 vframe=3872 vs=1 vage=11 vpage=11 vdt=33 vmax=568 vacc=3846 vrej=0 seq=0 elapsed=0 oled=3C
[   4672] STATUS mode=3 fault=none enc=158 denc=-1 sreq=-158 sapplied=-158 crate=-158 uimp=333080 upos=3040 uneg=525 ball=98.98 vball=-36.40 aball=-39.2 bref=0.00 pid=-157.6 pref=111.7 ppos=127.5 apid=-0.0 integ=-0.0 vision=1 current=1 vframe=3872 vs=1 vage=31 vpage=31 vdt=33 vmax=568 vacc=3846 vrej=0 seq=0 elapsed=0 oled=3C
[   4702] STATUS mode=3 fault=none enc=155 denc=0 sreq=-61 sapplied=-61 crate=-61 uimp=330475 upos=3040 uneg=565 ball=96.91 vball=-33.75 aball=-12.7 bref=0.00 pid=-61.1 pref=118.7 ppos=124.8 apid=-0.0 integ=-0.0 vision=1 current=1 vframe=3874 vs=1 vage=4 vpage=4 vdt=33 vmax=568 vacc=3848 vrej=0 seq=0 elapsed=0 oled=3C
[   4733] STATUS mode=3 fault=none enc=154 denc=0 sreq=-50 sapplied=-50 crate=-50 uimp=329345 upos=3040 uneg=585 ball=96.91 vball=-33.75 aball=-12.7 bref=0.00 pid=-49.8 pref=118.7 ppos=123.7 apid=-0.0 integ=-0.0 vision=1 current=1 vframe=3874 vs=1 vage=24 vpage=24 vdt=33 vmax=568 vacc=3848 vrej=0 seq=0 elapsed=0 oled=3C
[   4750] STATUS mode=3 fault=none enc=151 denc=0 sreq=0 sapplied=0 crate=0 uimp=328860 upos=3040 uneg=595 ball=95.95 vball=-32.40 aball=-12.7 bref=0.00 pid=0.0 pref=122.6 ppos=123.2 apid=-0.0 integ=-0.0 vision=1 current=1 vframe=3875 vs=1 vage=31 vpage=31 vdt=33 vmax=568 vacc=3849 vrej=0 seq=0 elapsed=0 oled=3C
[   4781] STATUS mode=3 fault=none enc=151 denc=0 sreq=27 sapplied=27 crate=27 uimp=329150 upos=3050 uneg=595 ball=94.98 vball=-31.10 aball=6.2 bref=0.00 pid=26.7 pref=126.2 ppos=123.5 apid=0.0 integ=-0.0 vision=1 current=1 vframe=3876 vs=1 vage=17 vpage=17 vdt=34 vmax=568 vacc=3850 vrej=0 seq=0 elapsed=0 oled=3C
[   4811] STATUS mode=3 fault=none enc=151 denc=0 sreq=123 sapplied=123 crate=123 uimp=329645 upos=3070 uneg=595 ball=94.26 vball=-28.32 aball=6.2 bref=0.00 pid=139.1 pref=137.9 ppos=124.0 apid=0.0 integ=-0.0 vision=1 current=1 vframe=3877 vs=1 vage=4 vpage=4 vdt=33 vmax=568 vacc=3851 vrej=0 seq=0 elapsed=0 oled=3C
[   4843] STATUS mode=3 fault=none enc=158 denc=2 sreq=225 sapplied=225 crate=225 uimp=335490 upos=3110 uneg=595 ball=93.67 vball=-25.08 aball=6.2 bref=0.00 pid=225.0 pref=152.4 ppos=129.9 apid=0.0 integ=-0.0 vision=1 current=1 vframe=3878 vs=1 vage=11 vpage=11 vdt=33 vmax=568 vacc=3852 vrej=0 seq=0 elapsed=0 oled=3C
[   4858] STATUS mode=3 fault=none enc=164 denc=3 sreq=183 sapplied=183 crate=183 uimp=339665 upos=3130 uneg=595 ball=93.67 vball=-25.08 aball=6.2 bref=0.00 pid=183.3 pref=152.4 ppos=134.0 apid=0.0 integ=-0.0 vision=1 current=1 vframe=3878 vs=1 vage=31 vpage=31 vdt=33 vmax=568 vacc=3852 vrej=0 seq=0 elapsed=0 oled=3C
[   4891] STATUS mode=3 fault=none enc=170 denc=2 sreq=274 sapplied=274 crate=274 uimp=344950 upos=3150 uneg=595 ball=93.18 vball=-21.92 aball=44.7 bref=0.00 pid=273.7 pref=166.7 ppos=139.3 apid=0.0 integ=-0.0 vision=1 current=1 vframe=3879 vs=1 vage=17 vpage=17 vdt=34 vmax=568 vacc=3853 vrej=0 seq=0 elapsed=0 oled=3C
[   4922] STATUS mode=3 fault=none enc=183 denc=2 sreq=305 sapplied=305 crate=305 uimp=356055 upos=3190 uneg=595 ball=92.77 vball=-18.83 aball=44.7 bref=0.00 pid=304.9 pref=180.9 ppos=150.4 apid=0.0 integ=-0.0 vision=1 current=1 vframe=3880 vs=1 vage=16 vpage=16 vdt=41 vmax=568 vacc=3854 vrej=0 seq=0 elapsed=0 oled=3C
[   4936] STATUS mode=3 fault=none enc=193 denc=3 sreq=496 sapplied=496 crate=496 uimp=363430 upos=3210 uneg=595 ball=92.74 vball=-13.52 aball=44.7 bref=0.00 pid=495.7 pref=207.4 ppos=157.8 apid=0.0 integ=-0.0 vision=1 current=1 vframe=3881 vs=1 vage=11 vpage=11 vdt=25 vmax=568 vacc=3855 vrej=0 seq=0 elapsed=0 oled=3C
[   4968] STATUS mode=3 fault=none enc=205 denc=3 sreq=404 sapplied=404 crate=404 uimp=372625 upos=3230 uneg=595 ball=92.74 vball=-13.52 aball=44.7 bref=0.00 pid=403.8 pref=207.4 ppos=167.0 apid=0.0 integ=-0.0 vision=1 current=1 vframe=3881 vs=1 vage=31 vpage=31 vdt=25 vmax=568 vacc=3855 vrej=0 seq=0 elapsed=0 oled=3C
[   5000] STATUS mode=3 fault=none enc=228 denc=3 sreq=524 sapplied=524 crate=524 uimp=391690 upos=3270 uneg=595 ball=92.75 vball=-6.58 aball=80.1 bref=0.00 pid=560.4 pref=242.1 ppos=186.1 apid=0.0 integ=-0.0 vision=1 current=1 vframe=3883 vs=1 vage=4 vpage=4 vdt=34 vmax=568 vacc=3857 vrej=0 seq=0 elapsed=0 oled=3C
[   5031] STATUS mode=3 fault=none enc=241 denc=2 sreq=458 sapplied=458 crate=458 uimp=401930 upos=3290 uneg=595 ball=92.75 vball=-6.58 aball=80.1 bref=0.00 pid=458.0 pref=242.1 ppos=196.3 apid=0.0 integ=-0.0 vision=1 current=1 vframe=3883 vs=1 vage=24 vpage=24 vdt=34 vmax=568 vacc=3857 vrej=0 seq=0 elapsed=0 oled=3C
[   5047] STATUS mode=3 fault=none enc=254 denc=3 sreq=481 sapplied=481 crate=481 uimp=411590 upos=3310 uneg=595 ball=92.80 vball=-4.22 aball=80.1 bref=0.00 pid=480.9 pref=254.1 ppos=206.0 apid=0.0 integ=-0.0 vision=1 current=1 vframe=3884 vs=1 vage=11 vpage=11 vdt=33 vmax=568 vacc=3858 vrej=0 seq=0 elapsed=0 oled=3C
[   5077] STATUS mode=3 fault=none enc=276 denc=3 sreq=395 sapplied=395 crate=395 uimp=429035 upos=3350 uneg=595 ball=92.86 vball=-2.49 aball=75.9 bref=0.00 pid=394.8 pref=262.9 ppos=223.4 apid=0.0 integ=-0.0 vision=1 current=1 vframe=3885 vs=1 vage=16 vpage=16 vdt=35 vmax=568 vacc=3859 vrej=0 seq=0 elapsed=0 oled=3C
[   5108] STATUS mode=3 fault=none enc=286 denc=3 sreq=409 sapplied=409 crate=409 uimp=436355 upos=3370 uneg=595 ball=92.96 vball=-0.81 aball=75.9 bref=0.00 pid=408.6 pref=271.6 ppos=230.7 apid=0.0 integ=-0.0 vision=1 current=1 vframe=3886 vs=1 vage=4 vpage=4 vdt=32 vmax=568 vacc=3860 vrej=0 seq=0 elapsed=0 oled=3C
[   5125] STATUS mode=3 fault=none enc=295 denc=2 sreq=333 sapplied=333 crate=333 uimp=443935 upos=3390 uneg=595 ball=92.96 vball=-0.81 aball=75.9 bref=0.00 pid=332.8 pref=271.6 ppos=238.3 apid=0.0 integ=-0.0 vision=1 current=1 vframe=3886 vs=1 vage=24 vpage=24 vdt=32 vmax=568 vacc=3860 vrej=0 seq=0 elapsed=0 oled=3C
[   5156] STATUS mode=3 fault=none enc=317 denc=3 sreq=412 sapplied=412 crate=412 uimp=461210 upos=3430 uneg=595 ball=93.48 vball=4.17 aball=75.9 bref=0.00 pid=411.7 pref=296.8 ppos=255.6 apid=0.0 integ=-0.0 vision=1 current=1 vframe=3887 vs=1 vage=31 vpage=31 vdt=33 vmax=568 vacc=3861 vrej=0 seq=0 elapsed=0 oled=3C
[   5186] STATUS mode=3 fault=none enc=326 denc=1 sreq=335 sapplied=335 crate=335 uimp=468850 upos=3450 uneg=595 ball=93.75 vball=5.31 aball=77.2 bref=0.00 pid=335.3 pref=296.8 ppos=263.2 apid=0.0 integ=-0.0 vision=1 current=1 vframe=3888 vs=1 vage=17 vpage=17 vdt=34 vmax=568 vacc=3862 vrej=0 seq=0 elapsed=0 oled=3C
[   5218] STATUS mode=3 fault=none enc=334 denc=1 sreq=273 sapplied=273 crate=273 uimp=475070 upos=3470 uneg=595 ball=93.84 vball=4.50 aball=77.2 bref=0.00 pid=273.1 pref=296.8 ppos=269.4 apid=0.0 integ=-0.0 vision=1 current=1 vframe=3889 vs=1 vage=5 vpage=5 vdt=32 vmax=568 vacc=3863 vrej=0 seq=0 elapsed=0 oled=3C
[   5233] STATUS mode=3 fault=none enc=346 denc=2 sreq=169 sapplied=169 crate=169 uimp=484125 upos=3510 uneg=595 ball=93.87 vball=3.40 aball=77.2 bref=0.00 pid=168.7 pref=295.4 ppos=278.5 apid=0.0 integ=-0.0 vision=1 current=1 vframe=3890 vs=1 vage=11 vpage=11 vdt=34 vmax=568 vacc=3864 vrej=0 seq=0 elapsed=0 oled=3C
[   5266] STATUS mode=3 fault=none enc=349 denc=0 sreq=137 sapplied=137 crate=137 uimp=487255 upos=3530 uneg=595 ball=93.87 vball=3.40 aball=77.2 bref=0.00 pid=137.4 pref=295.4 ppos=281.6 apid=0.0 integ=-0.0 vision=1 current=1 vframe=3890 vs=1 vage=31 vpage=31 vdt=34 vmax=568 vacc=3864 vrej=0 seq=0 elapsed=0 oled=3C
[   5297] STATUS mode=3 fault=none enc=351 denc=0 sreq=68 sapplied=68 crate=68 uimp=489080 upos=3550 uneg=595 ball=93.87 vball=2.38 aball=29.0 bref=0.00 pid=68.1 pref=290.3 ppos=283.5 apid=0.0 integ=-0.0 vision=1 current=1 vframe=3891 vs=1 vage=19 vpage=19 vdt=32 vmax=568 vacc=3865 vrej=0 seq=0 elapsed=0 oled=3C
[   5311] STATUS mode=3 fault=none enc=354 denc=0 sreq=0 sapplied=0 crate=15 uimp=490050 upos=3565 uneg=595 ball=93.85 vball=1.52 aball=29.0 bref=0.00 pid=14.8 pref=285.9 ppos=284.4 apid=0.0 integ=-0.0 vision=1 current=1 vframe=3892 vs=1 vage=27 vpage=27 vdt=32 vmax=568 vacc=3866 vrej=0 seq=0 elapsed=0 oled=3C
[   5343] STATUS mode=3 fault=none enc=354 denc=0 sreq=0 sapplied=0 crate=-10 uimp=490050 upos=3565 uneg=595 ball=93.84 vball=1.02 aball=29.0 bref=0.00 pid=-10.5 pref=283.4 ppos=284.4 apid=0.0 integ=-0.0 vision=1 current=1 vframe=3893 vs=1 vage=11 vpage=11 vdt=36 vmax=568 vacc=3867 vrej=0 seq=0 elapsed=0 oled=3C
[   5375] STATUS mode=3 fault=none enc=354 denc=0 sreq=0 sapplied=0 crate=-10 uimp=490050 upos=3565 uneg=595 ball=93.84 vball=1.02 aball=29.0 bref=0.00 pid=-10.5 pref=283.4 ppos=284.4 apid=0.0 integ=-0.0 vision=1 current=1 vframe=3893 vs=1 vage=31 vpage=31 vdt=36 vmax=568 vacc=3867 vrej=0 seq=0 elapsed=0 oled=3C
[   5406] STATUS mode=3 fault=none enc=354 denc=0 sreq=-121 sapplied=-121 crate=-121 uimp=489325 upos=3565 uneg=625 ball=93.09 vball=-6.07 aball=8.4 bref=0.00 pid=-380.2 pref=245.7 ppos=283.7 apid=0.0 integ=-0.0 vision=1 current=1 vframe=3895 vs=1 vage=5 vpage=5 vdt=33 vmax=568 vacc=3869 vrej=0 seq=0 elapsed=0 oled=3C
[   5422] STATUS mode=3 fault=none enc=349 denc=-2 sreq=-330 sapplied=-330 crate=-330 uimp=484275 upos=3565 uneg=645 ball=93.09 vball=-6.07 aball=8.4 bref=0.00 pid=-329.7 pref=245.7 ppos=278.6 apid=0.0 integ=-0.0 vision=1 current=1 vframe=3895 vs=1 vage=25 vpage=25 vdt=33 vmax=568 vacc=3869 vrej=0 seq=0 elapsed=0 oled=3C
[   5452] STATUS mode=3 fault=none enc=341 denc=-2 sreq=-469 sapplied=-469 crate=-469 uimp=477580 upos=3565 uneg=665 ball=92.47 vball=-9.82 aball=8.4 bref=0.00 pid=-468.9 pref=225.1 ppos=272.0 apid=0.0 integ=-0.0 vision=1 current=1 vframe=3896 vs=1 vage=10 vpage=10 vdt=35 vmax=568 vacc=3870 vrej=0 seq=0 elapsed=0 oled=3C
[   5483] STATUS mode=3 fault=none enc=317 denc=-3 sreq=-486 sapplied=-486 crate=-486 uimp=459310 upos=3565 uneg=705 ball=91.73 vball=-13.38 aball=-58.0 bref=0.00 pid=-486.4 pref=205.0 ppos=253.7 apid=-0.0 integ=-0.0 vision=1 current=1 vframe=3897 vs=1 vage=17 vpage=17 vdt=33 vmax=568 vacc=3871 vrej=0 seq=0 elapsed=0 oled=3C
[   5516] STATUS mode=3 fault=none enc=305 denc=-3 sreq=-517 sapplied=-517 crate=-517 uimp=450290 upos=3565 uneg=725 ball=90.90 vball=-16.86 aball=-58.0 bref=0.00 pid=-595.1 pref=185.2 ppos=244.7 apid=-0.0 integ=-0.0 vision=1 current=1 vframe=3898 vs=1 vage=5 vpage=5 vdt=32 vmax=568 vacc=3872 vrej=0 seq=0 elapsed=0 oled=3C
[   5531] STATUS mode=3 fault=none enc=279 denc=-3 sreq=-596 sapplied=-596 crate=-596 uimp=428870 upos=3565 uneg=765 ball=89.94 vball=-20.58 aball=-58.0 bref=0.00 pid=-595.7 pref=163.7 ppos=234.0 apid=-0.0 integ=-0.0 vision=1 current=1 vframe=3898 vs=1 vage=25 vpage=25 vdt=32 vmax=568 vacc=3872 vrej=0 seq=0 elapsed=0 oled=3C
[   5561] STATUS mode=3 fault=none enc=264 denc=-3 sreq=-485 sapplied=-485 crate=-485 uimp=417815 upos=3565 uneg=785 ball=89.94 vball=-20.58 aball=-58.0 bref=0.00 pid=-485.1 pref=163.7 ppos=212.2 apid=-0.0 integ=-0.0 vision=1 current=1 vframe=3899 vs=1 vage=31 vpage=31 vdt=34 vmax=568 vacc=3873 vrej=0 seq=0 elapsed=0 oled=3C
[   5593] STATUS mode=3 fault=none enc=249 denc=-4 sreq=-615 sapplied=-615 crate=-615 uimp=405825 upos=3565 uneg=805 ball=88.78 vball=-24.87 aball=-84.1 bref=0.00 pid=-614.5 pref=138.7 ppos=200.2 apid=-0.0 integ=-0.0 vision=1 current=1 vframe=3900 vs=1 vage=18 vpage=18 vdt=33 vmax=568 vacc=3874 vrej=0 seq=0 elapsed=0 oled=3C
[   5625] STATUS mode=3 fault=none enc=217 denc=-4 sreq=-638 sapplied=-638 crate=-638 uimp=380760 upos=3565 uneg=845 ball=87.40 vball=-29.52 aball=-84.1 bref=0.00 pid=-637.8 pref=111.4 ppos=175.1 apid=-0.0 integ=-0.0 vision=1 current=1 vframe=3901 vs=1 vage=25 vpage=25 vdt=33 vmax=568 vacc=3875 vrej=0 seq=0 elapsed=0 oled=3C
[   5641] STATUS mode=3 fault=none enc=201 denc=-4 sreq=-623 sapplied=-623 crate=-623 uimp=367815 upos=3565 uneg=865 ball=86.26 vball=-31.12 aball=-84.1 bref=0.00 pid=-622.5 pref=99.9 ppos=162.2 apid=-0.0 integ=-0.0 vision=1 current=1 vframe=3902 vs=1 vage=12 vpage=12 vdt=33 vmax=568 vacc=3876 vrej=0 seq=0 elapsed=0 oled=3C
[   5672] STATUS mode=3 fault=none enc=186 denc=-3 sreq=-507 sapplied=-507 crate=-507 uimp=356265 upos=3565 uneg=885 ball=86.26 vball=-31.12 aball=-84.1 bref=0.00 pid=-507.0 pref=99.9 ppos=150.6 apid=-0.0 integ=-0.0 vision=1 current=1 vframe=3902 vs=1 vage=32 vpage=32 vdt=33 vmax=568 vacc=3876 vrej=0 seq=0 elapsed=0 oled=3C
[   5702] STATUS mode=3 fault=none enc=157 denc=-5 sreq=-575 sapplied=-575 crate=-575 uimp=333560 upos=3565 uneg=925 ball=83.58 vball=-35.42 aball=-86.7 bref=0.00 pid=-575.4 pref=70.4 ppos=127.9 apid=-0.0 integ=-0.0 vision=1 current=1 vframe=3904 vs=1 vage=8 vpage=8 vdt=31 vmax=568 vacc=3878 vrej=0 seq=0 elapsed=0 oled=3C
[   5733] STATUS mode=3 fault=none enc=144 denc=-3 sreq=-469 sapplied=-469 crate=-469 uimp=322890 upos=3565 uneg=945 ball=83.58 vball=-35.42 aball=-86.7 bref=0.00 pid=-468.7 pref=70.4 ppos=117.3 apid=-0.0 integ=-0.0 vision=1 current=1 vframe=3904 vs=1 vage=28 vpage=28 vdt=31 vmax=568 vacc=3878 vrej=0 seq=0 elapsed=0 oled=3C
[   5750] STATUS mode=3 fault=none enc=122 denc=-3 sreq=-376 sapplied=-376 crate=-376 uimp=304785 upos=3565 uneg=985 ball=82.31 vball=-36.42 aball=-86.7 bref=0.00 pid=-375.7 pref=61.6 ppos=99.2 apid=-0.0 integ=-0.0 vision=1 current=1 vframe=3905 vs=1 vage=34 vpage=34 vdt=34 vmax=568 vacc=3879 vrej=0 seq=0 elapsed=0 oled=3C
[   5781] STATUS mode=3 fault=none enc=112 denc=-2 sreq=-398 sapplied=-398 crate=-398 uimp=296820 upos=3565 uneg=1005 ball=80.85 vball=-37.58 aball=-64.2 bref=0.00 pid=-397.9 pref=51.4 ppos=91.2 apid=-0.0 integ=-0.0 vision=1 current=1 vframe=3906 vs=1 vage=15 vpage=15 vdt=39 vmax=568 vacc=3880 vrej=0 seq=0 elapsed=0 oled=3C
[   5811] STATUS mode=3 fault=none enc=102 denc=-2 sreq=-270 sapplied=-270 crate=-270 uimp=289440 upos=3565 uneg=1025 ball=79.77 vball=-35.86 aball=-64.2 bref=0.00 pid=-270.5 pref=56.8 ppos=83.8 apid=-0.0 integ=-0.0 vision=1 current=1 vframe=3907 vs=1 vage=3 vpage=3 vdt=32 vmax=568 vacc=3881 vrej=0 seq=0 elapsed=0 oled=3C
[   5843] STATUS mode=3 fault=none enc=92 denc=-1 sreq=-89 sapplied=-89 crate=-89 uimp=280790 upos=3565 uneg=1065 ball=78.87 vball=-33.43 aball=-64.2 bref=0.00 pid=-89.5 pref=66.2 ppos=75.2 apid=-0.0 integ=-0.0 vision=1 current=1 vframe=3908 vs=1 vage=8 vpage=8 vdt=35 vmax=568 vacc=3882 vrej=0 seq=0 elapsed=0 oled=3C
[   5858] STATUS mode=3 fault=none enc=90 denc=-1 sreq=-73 sapplied=-73 crate=-73 uimp=279130 upos=3565 uneg=1085 ball=78.87 vball=-33.43 aball=-64.2 bref=0.00 pid=-72.9 pref=66.2 ppos=73.5 apid=-0.0 integ=-0.0 vision=1 current=1 vframe=3908 vs=1 vage=28 vpage=28 vdt=35 vmax=568 vacc=3882 vrej=0 seq=0 elapsed=0 oled=3C
[   5891] STATUS mode=3 fault=none enc=89 denc=1 sreq=38 sapplied=0 crate=38 uimp=277780 upos=3565 uneg=1105 ball=78.31 vball=-28.42 aball=1.8 bref=0.00 pid=174.3 pref=89.6 ppos=72.2 apid=0.0 integ=-0.0 vision=1 current=1 vframe=3909 vs=1 vage=4 vpage=4 vdt=44 vmax=568 vacc=3883 vrej=0 seq=0 elapsed=0 oled=3C
[   5922] STATUS mode=3 fault=none enc=96 denc=1 sreq=224 sapplied=224 crate=224 uimp=285740 upos=3600 uneg=1105 ball=78.08 vball=-25.70 aball=1.8 bref=0.00 pid=223.8 pref=102.5 ppos=80.1 apid=0.0 integ=-0.0 vision=1 current=1 vframe=3910 vs=1 vage=28 vpage=28 vdt=16 vmax=568 vacc=3884 vrej=0 seq=0 elapsed=0 oled=3C
[   5952] STATUS mode=3 fault=none enc=103 denc=2 sreq=335 sapplied=335 crate=335 uimp=291250 upos=3620 uneg=1105 ball=77.61 vball=-22.10 aball=1.8 bref=0.00 pid=334.6 pref=119.1 ppos=85.6 apid=0.0 integ=-0.0 vision=1 current=1 vframe=3911 vs=1 vage=13 vpage=13 vdt=35 vmax=568 vacc=3885 vrej=0 seq=0 elapsed=0 oled=3C
[   5968] STATUS mode=3 fault=none enc=114 denc=4 sreq=585 sapplied=585 crate=585 uimp=299195 upos=3640 uneg=1105 ball=77.58 vball=-15.49 aball=1.8 bref=0.00 pid=584.8 pref=152.0 ppos=93.6 apid=0.0 integ=-0.0 vision=1 current=1 vframe=3912 vs=1 vage=12 vpage=12 vdt=21 vmax=568 vacc=3886 vrej=0 seq=0 elapsed=0 oled=3C
[   6000] STATUS mode=3 fault=none enc=143 denc=4 sreq=595 sapplied=595 crate=595 uimp=322955 upos=3680 uneg=1105 ball=77.62 vball=-10.55 aball=79.1 bref=0.00 pid=595.4 pref=176.9 ppos=117.3 apid=0.0 integ=-0.0 vision=1 current=1 vframe=3913 vs=1 vage=21 vpage=21 vdt=31 vmax=568 vacc=3887 vrej=0 seq=0 elapsed=0 oled=3C
[   6031] STATUS mode=3 fault=none enc=158 denc=4 sreq=660 sapplied=660 crate=660 uimp=334630 upos=3700 uneg=1105 ball=77.67 vball=-6.96 aball=79.1 bref=0.00 pid=659.6 pref=195.0 ppos=129.0 apid=0.0 integ=-0.0 vision=1 current=1 vframe=3914 vs=1 vage=8 vpage=8 vdt=33 vmax=568 vacc=3888 vrej=0 seq=0 elapsed=0 oled=3C
[   6047] STATUS mode=3 fault=none enc=173 denc=3 sreq=537 sapplied=537 crate=537 uimp=346870 upos=3720 uneg=1105 ball=77.67 vball=-6.96 aball=79.1 bref=0.00 pid=537.2 pref=195.0 ppos=141.2 apid=0.0 integ=-0.0 vision=1 current=1 vframe=3914 vs=1 vage=28 vpage=28 vdt=33 vmax=568 vacc=3888 vrej=0 seq=0 elapsed=0 oled=3C
[   6077] STATUS mode=3 fault=none enc=202 denc=3 sreq=640 sapplied=640 crate=640 uimp=370140 upos=3760 uneg=1105 ball=78.80 vball=6.17 aball=119.5 bref=0.00 pid=800.0 pref=264.0 ppos=164.5 apid=0.0 integ=-0.0 vision=1 current=1 vframe=3922 vs=1 vage=2 vpage=2 vdt=33 vmax=568 vacc=3896 vrej=0 seq=0 elapsed=0 oled=3C
[   6108] STATUS mode=3 fault=none enc=221 denc=5 sreq=800 sapplied=800 crate=800 uimp=385040 upos=3780 uneg=1105 ball=78.80 vball=6.17 aball=119.5 bref=0.00 pid=800.0 pref=264.0 ppos=179.4 apid=0.0 integ=-0.0 vision=1 current=1 vframe=3922 vs=1 vage=22 vpage=22 vdt=33 vmax=568 vacc=3896 vrej=0 seq=0 elapsed=0 oled=3C
[   6141] STATUS mode=3 fault=none enc=242 denc=6 sreq=800 sapplied=800 crate=800 uimp=400870 upos=3800 uneg=1105 ball=79.66 vball=12.15 aball=119.5 bref=0.00 pid=800.0 pref=296.5 ppos=195.2 apid=0.0 integ=-0.0 vision=1 current=1 vframe=3923 vs=1 vage=8 vpage=8 vdt=34 vmax=568 vacc=3897 vrej=0 seq=0 elapsed=0 oled=3C
[   6156] STATUS mode=3 fault=none enc=282 denc=5 sreq=700 sapplied=700 crate=700 uimp=432425 upos=3840 uneg=1105 ball=80.33 vball=14.39 aball=119.5 bref=0.00 pid=699.6 pref=296.8 ppos=226.8 apid=0.0 integ=-0.0 vision=1 current=1 vframe=3924 vs=1 vage=15 vpage=15 vdt=33 vmax=568 vacc=3898 vrej=0 seq=0 elapsed=0 oled=3C
[   6186] STATUS mode=3 fault=none enc=298 denc=4 sreq=570 sapplied=570 crate=570 uimp=445405 upos=3860 uneg=1105 ball=81.43 vball=19.88 aball=127.4 bref=0.00 pid=569.8 pref=296.8 ppos=239.8 apid=0.0 integ=-0.0 vision=1 current=1 vframe=3925 vs=1 vage=2 vpage=2 vdt=33 vmax=568 vacc=3899 vrej=0 seq=0 elapsed=0 oled=3C
[   6218] STATUS mode=3 fault=none enc=311 denc=3 sreq=464 sapplied=464 crate=464 uimp=455975 upos=3880 uneg=1105 ball=81.43 vball=19.88 aball=127.4 bref=0.00 pid=464.1 pref=296.8 ppos=250.3 apid=0.0 integ=-0.0 vision=1 current=1 vframe=3925 vs=1 vage=22 vpage=22 vdt=33 vmax=568 vacc=3899 vrej=0 seq=0 elapsed=0 oled=3C
[   6250] STATUS mode=3 fault=none enc=331 denc=1 sreq=308 sapplied=308 crate=308 uimp=471595 upos=3920 uneg=1105 ball=82.59 vball=24.42 aball=127.4 bref=0.00 pid=307.9 pref=296.8 ppos=266.0 apid=0.0 integ=-0.0 vision=1 current=1 vframe=3926 vs=1 vage=28 vpage=28 vdt=34 vmax=568 vacc=3900 vrej=0 seq=0 elapsed=0 oled=3C
[   6266] STATUS mode=3 fault=none enc=337 denc=0 sreq=251 sapplied=251 crate=251 uimp=477305 upos=3940 uneg=1105 ball=83.41 vball=24.38 aball=127.4 bref=0.00 pid=250.8 pref=296.8 ppos=271.7 apid=0.0 integ=-0.0 vision=1 current=1 vframe=3927 vs=1 vage=15 vpage=15 vdt=33 vmax=568 vacc=3901 vrej=0 seq=0 elapsed=0 oled=3C
[   6297] STATUS mode=3 fault=none enc=349 denc=2 sreq=166 sapplied=166 crate=166 uimp=485740 upos=3980 uneg=1105 ball=84.16 vball=23.93 aball=88.3 bref=0.00 pid=166.4 pref=296.8 ppos=280.1 apid=0.0 integ=-0.0 vision=1 current=1 vframe=3928 vs=1 vage=22 vpage=22 vdt=33 vmax=568 vacc=3902 vrej=0 seq=0 elapsed=0 oled=3C
[   6327] STATUS mode=3 fault=none enc=353 denc=1 sreq=136 sapplied=136 crate=136 uimp=488825 upos=4000 uneg=1105 ball=84.57 vball=20.51 aball=88.3 bref=0.00 pid=135.6 pref=296.8 ppos=283.2 apid=0.0 integ=-0.0 vision=1 current=1 vframe=3929 vs=1 vage=8 vpage=8 vdt=34 vmax=568 vacc=3903 vrej=0 seq=0 elapsed=0 oled=3C
[   6358] STATUS mode=3 fault=none enc=357 denc=2 sreq=110 sapplied=110 crate=110 uimp=491340 upos=4020 uneg=1105 ball=84.57 vball=20.51 aball=88.3 bref=0.00 pid=110.4 pref=296.8 ppos=285.7 apid=0.0 integ=-0.0 vision=1 current=1 vframe=3929 vs=1 vage=28 vpage=28 vdt=34 vmax=568 vacc=3903 vrej=0 seq=0 elapsed=0 oled=3C
[   6375] STATUS mode=3 fault=none enc=361 denc=1 sreq=73 sapplied=73 crate=73 uimp=495055 upos=4060 uneg=1105 ball=85.10 vball=14.10 aball=3.4 bref=0.00 pid=73.3 pref=296.8 ppos=289.4 apid=0.0 integ=-0.0 vision=1 current=1 vframe=3931 vs=1 vage=4 vpage=4 vdt=32 vmax=568 vacc=3905 vrej=0 seq=0 elapsed=0 oled=3C
[   6406] STATUS mode=3 fault=none enc=363 denc=1 sreq=60 sapplied=60 crate=60 uimp=496415 upos=4080 uneg=1105 ball=85.10 vball=14.10 aball=3.4 bref=0.00 pid=59.7 pref=296.8 ppos=290.8 apid=0.0 integ=-0.0 vision=1 current=1 vframe=3931 vs=1 vage=24 vpage=24 vdt=32 vmax=568 vacc=3905 vrej=0 seq=0 elapsed=0 oled=3C
[   6436] STATUS mode=3 fault=none enc=364 denc=0 sreq=49 sapplied=49 crate=49 uimp=497525 upos=4100 uneg=1105 ball=85.23 vball=11.03 aball=3.4 bref=0.00 pid=48.6 pref=296.8 ppos=291.9 apid=0.0 integ=-0.0 vision=1 current=1 vframe=3932 vs=1 vage=9 vpage=9 vdt=35 vmax=568 vacc=3906 vrej=0 seq=0 elapsed=0 oled=3C
[   6452] STATUS mode=3 fault=none enc=367 denc=-1 sreq=-23 sapplied=-23 crate=-23 uimp=498700 upos=4130 uneg=1110 ball=85.22 vball=7.67 aball=3.4 bref=0.00 pid=-23.1 pref=290.8 ppos=293.1 apid=0.0 integ=-0.0 vision=1 current=1 vframe=3933 vs=1 vage=15 vpage=15 vdt=34 vmax=568 vacc=3907 vrej=0 seq=0 elapsed=0 oled=3C
[   6483] STATUS mode=3 fault=none enc=367 denc=0 sreq=-120 sapplied=-120 crate=-120 uimp=498270 upos=4130 uneg=1130 ball=85.17 vball=4.93 aball=-38.6 bref=0.00 pid=-157.3 pref=276.9 ppos=292.6 apid=-0.0 integ=-0.0 vision=1 current=1 vframe=3934 vs=1 vage=2 vpage=2 vdt=33 vmax=568 vacc=3908 vrej=0 seq=0 elapsed=0 oled=3C
[   6516] STATUS mode=3 fault=none enc=365 denc=-1 sreq=-130 sapplied=-130 crate=-130 uimp=495510 upos=4130 uneg=1150 ball=85.17 vball=4.93 aball=-38.6 bref=0.00 pid=-129.7 pref=276.9 ppos=289.9 apid=-0.0 integ=-0.0 vision=1 current=1 vframe=3934 vs=1 vage=22 vpage=22 vdt=33 vmax=568 vacc=3908 vrej=0 seq=0 elapsed=0 oled=3C
[   6547] STATUS mode=3 fault=none enc=354 denc=-2 sreq=-193 sapplied=-193 crate=-193 uimp=488180 upos=4130 uneg=1190 ball=85.04 vball=2.27 aball=-38.6 bref=0.00 pid=-193.3 pref=263.2 ppos=282.6 apid=-0.0 integ=-0.0 vision=1 current=1 vframe=3935 vs=1 vage=28 vpage=28 vdt=34 vmax=568 vacc=3909 vrej=0 seq=0 elapsed=0 oled=3C
[   6561] STATUS mode=3 fault=none enc=347 denc=-3 sreq=-459 sapplied=-459 crate=-459 uimp=482955 upos=4130 uneg=1210 ball=84.43 vball=-3.72 aball=-38.6 bref=0.00 pid=-458.8 pref=231.4 ppos=277.3 apid=-0.0 integ=-0.0 vision=1 current=1 vframe=3936 vs=1 vage=15 vpage=15 vdt=33 vmax=568 vacc=3910 vrej=0 seq=0 elapsed=0 oled=3C
[   6593] STATUS mode=3 fault=none enc=337 denc=-2 sreq=-493 sapplied=-493 crate=-493 uimp=474445 upos=4130 uneg=1230 ball=83.74 vball=-8.85 aball=-82.6 bref=0.00 pid=-650.9 pref=203.7 ppos=268.8 apid=-0.0 integ=-0.0 vision=1 current=1 vframe=3937 vs=1 vage=1 vpage=1 vdt=34 vmax=568 vacc=3911 vrej=0 seq=0 elapsed=0 oled=3C
[   6625] STATUS mode=3 fault=none enc=308 denc=-4 sreq=-686 sapplied=-686 crate=-686 uimp=452585 upos=4130 uneg=1270 ball=82.93 vball=-13.48 aball=-82.6 bref=0.00 pid=-688.1 pref=178.1 ppos=247.0 apid=-0.0 integ=-0.0 vision=1 current=1 vframe=3938 vs=1 vage=9 vpage=9 vdt=32 vmax=568 vacc=3912 vrej=0 seq=0 elapsed=0 oled=3C
[   6656] STATUS mode=3 fault=none enc=292 denc=-4 sreq=-561 sapplied=-561 crate=-561 uimp=439830 upos=4130 uneg=1290 ball=82.93 vball=-13.48 aball=-82.6 bref=0.00 pid=-560.6 pref=178.1 ppos=234.2 apid=-0.0 integ=-0.0 vision=1 current=1 vframe=3938 vs=1 vage=29 vpage=29 vdt=32 vmax=568 vacc=3912 vrej=0 seq=0 elapsed=0 oled=3C
[   6672] STATUS mode=3 fault=none enc=258 denc=-4 sreq=-690 sapplied=-690 crate=-690 uimp=413525 upos=4130 uneg=1330 ball=80.82 vball=-22.68 aball=-108.3 bref=0.00 pid=-800.0 pref=125.8 ppos=207.9 apid=-0.0 integ=-0.0 vision=1 current=1 vframe=3940 vs=1 vage=2 vpage=2 vdt=34 vmax=568 vacc=3914 vrej=0 seq=0 elapsed=0 oled=3C
[   6702] STATUS mode=3 fault=none enc=240 denc=-4 sreq=-674 sapplied=-674 crate=-674 uimp=398860 upos=4130 uneg=1350 ball=80.82 vball=-22.68 aball=-108.3 bref=0.00 pid=-674.2 pref=125.8 ppos=193.2 apid=-0.0 integ=-0.0 vision=1 current=1 vframe=3940 vs=1 vage=22 vpage=22 vdt=34 vmax=568 vacc=3914 vrej=0 seq=0 elapsed=0 oled=3C
[   6733] STATUS mode=3 fault=none enc=223 denc=-4 sreq=-800 sapplied=-800 crate=-800 uimp=385710 upos=4130 uneg=1370 ball=79.53 vball=-27.61 aball=-108.3 bref=0.00 pid=-800.0 pref=97.3 ppos=180.1 apid=-0.0 integ=-0.0 vision=1 current=1 vframe=3941 vs=1 vage=10 vpage=10 vdt=32 vmax=568 vacc=3915 vrej=0 seq=0 elapsed=0 oled=3C
[   6766] STATUS mode=3 fault=none enc=186 denc=-4 sreq=-649 sapplied=-649 crate=-649 uimp=356300 upos=4130 uneg=1410 ball=78.40 vball=-29.23 aball=-108.3 bref=0.00 pid=-648.7 pref=85.8 ppos=150.7 apid=-0.0 integ=-0.0 vision=1 current=1 vframe=3942 vs=1 vage=17 vpage=17 vdt=33 vmax=568 vacc=3916 vrej=0 seq=0 elapsed=0 oled=3C
[   6781] STATUS mode=3 fault=none enc=171 denc=-3 sreq=-615 sapplied=-615 crate=-615 uimp=344270 upos=4130 uneg=1430 ball=77.25 vball=-30.28 aball=-93.4 bref=0.00 pid=-615.4 pref=77.1 ppos=138.6 apid=-0.0 integ=-0.0 vision=1 current=1 vframe=3943 vs=1 vage=1 vpage=1 vdt=36 vmax=568 vacc=3917 vrej=0 seq=0 elapsed=0 oled=3C
[   6811] STATUS mode=3 fault=none enc=157 denc=-3 sreq=-501 sapplied=-501 crate=-501 uimp=332855 upos=4130 uneg=1450 ball=77.25 vball=-30.28 aball=-93.4 bref=0.00 pid=-501.2 pref=77.1 ppos=127.2 apid=-0.0 integ=-0.0 vision=1 current=1 vframe=3943 vs=1 vage=21 vpage=21 vdt=36 vmax=568 vacc=3917 vrej=0 seq=0 elapsed=0 oled=3C
[   6843] STATUS mode=3 fault=none enc=134 denc=-2 sreq=-386 sapplied=-386 crate=-386 uimp=314080 upos=4130 uneg=1490 ball=76.23 vball=-31.11 aball=-93.4 bref=0.00 pid=-385.6 pref=69.9 ppos=108.5 apid=-0.0 integ=-0.0 vision=1 current=1 vframe=3944 vs=1 vage=31 vpage=31 vdt=30 vmax=568 vacc=3918 vrej=0 seq=0 elapsed=0 oled=3C
[   6875] STATUS mode=3 fault=none enc=124 denc=-2 sreq=-387 sapplied=-387 crate=-387 uimp=305720 upos=4130 uneg=1510 ball=75.04 vball=-32.09 aball=-93.4 bref=0.00 pid=-386.7 pref=61.4 ppos=100.1 apid=-0.0 integ=-0.0 vision=1 current=1 vframe=3945 vs=1 vage=18 vpage=18 vdt=33 vmax=568 vacc=3919 vrej=0 seq=0 elapsed=0 oled=3C
[   6906] STATUS mode=3 fault=none enc=111 denc=-1 sreq=-117 sapplied=-117 crate=-117 uimp=295445 upos=4130 uneg=1550 ball=74.41 vball=-28.37 aball=-42.4 bref=0.00 pid=-116.8 pref=78.1 ppos=89.8 apid=-0.0 integ=-0.0 vision=1 current=1 vframe=3946 vs=1 vage=25 vpage=25 vdt=33 vmax=568 vacc=3920 vrej=0 seq=0 elapsed=0 oled=3C
[   6922] STATUS mode=3 fault=none enc=108 denc=-2 sreq=0 sapplied=0 crate=0 uimp=293780 upos=4130 uneg=1565 ball=73.77 vball=-25.84 aball=-42.4 bref=0.00 pid=0.0 pref=88.9 ppos=88.2 apid=-0.0 integ=-0.0 vision=1 current=1 vframe=3947 vs=1 vage=9 vpage=9 vdt=36 vmax=568 vacc=3921 vrej=0 seq=0 elapsed=0 oled=3C
[   6952] STATUS mode=3 fault=none enc=109 denc=0 sreq=0 sapplied=0 crate=0 uimp=293780 upos=4130 uneg=1565 ball=73.77 vball=-25.84 aball=-42.4 bref=0.00 pid=0.0 pref=88.9 ppos=88.2 apid=-0.0 integ=-0.0 vision=1 current=1 vframe=3947 vs=1 vage=29 vpage=29 vdt=36 vmax=568 vacc=3921 vrej=0 seq=0 elapsed=0 oled=3C
[   6983] STATUS mode=3 fault=none enc=115 denc=1 sreq=273 sapplied=273 crate=273 uimp=299590 upos=4160 uneg=1565 ball=73.34 vball=-15.61 aball=33.0 bref=0.00 pid=447.6 pref=138.7 ppos=94.0 apid=0.0 integ=-0.0 vision=1 current=1 vframe=3949 vs=1 vage=3 vpage=3 vdt=33 vmax=568 vacc=3923 vrej=0 seq=0 elapsed=0 oled=3C
[   7000] STATUS mode=3 fault=none enc=124 denc=2 sreq=375 sapplied=375 crate=375 uimp=306870 upos=4180 uneg=1565 ball=73.34 vball=-15.61 aball=33.0 bref=0.00 pid=374.8 pref=138.7 ppos=101.2 apid=0.0 integ=-0.0 vision=1 current=1 vframe=3949 vs=1 vage=23 vpage=23 vdt=33 vmax=568 vacc=3923 vrej=0 seq=0 elapsed=0 oled=3C
[   7031] STATUS mode=3 fault=none enc=134 denc=3 sreq=538 sapplied=538 crate=538 uimp=314405 upos=4200 uneg=1565 ball=73.38 vball=-10.64 aball=33.0 bref=0.00 pid=549.2 pref=163.7 ppos=108.8 apid=0.0 integ=-0.0 vision=1 current=1 vframe=3950 vs=1 vage=9 vpage=9 vdt=34 vmax=568 vacc=3924 vrej=0 seq=0 elapsed=0 oled=3C
[   7061] STATUS mode=3 fault=none enc=159 denc=4 sreq=531 sapplied=531 crate=531 uimp=334325 upos=4240 uneg=1565 ball=73.43 vball=-7.04 aball=33.0 bref=0.00 pid=531.5 pref=181.8 ppos=128.7 apid=0.0 integ=-0.0 vision=1 current=1 vframe=3951 vs=1 vage=15 vpage=15 vdt=34 vmax=568 vacc=3925 vrej=0 seq=0 elapsed=0 oled=3C
[   7093] STATUS mode=3 fault=none enc=171 denc=3 sreq=556 sapplied=556 crate=556 uimp=344185 upos=4260 uneg=1565 ball=73.49 vball=-4.42 aball=68.5 bref=0.00 pid=565.7 pref=195.1 ppos=138.6 apid=0.0 integ=-0.0 vision=1 current=1 vframe=3952 vs=1 vage=3 vpage=3 vdt=32 vmax=568 vacc=3926 vrej=0 seq=0 elapsed=0 oled=3C
[   7108] STATUS mode=3 fault=none enc=184 denc=4 sreq=461 sapplied=461 crate=461 uimp=354635 upos=4280 uneg=1565 ball=73.49 vball=-4.42 aball=68.5 bref=0.00 pid=461.2 pref=195.1 ppos=149.0 apid=0.0 integ=-0.0 vision=1 current=1 vframe=3952 vs=1 vage=23 vpage=23 vdt=32 vmax=568 vacc=3926 vrej=0 seq=0 elapsed=0 oled=3C
[   7141] STATUS mode=3 fault=none enc=206 denc=2 sreq=364 sapplied=364 crate=364 uimp=371855 upos=4320 uneg=1565 ball=73.51 vball=-2.93 aball=68.5 bref=0.00 pid=364.1 pref=202.6 ppos=166.2 apid=0.0 integ=-0.0 vision=1 current=1 vframe=3953 vs=1 vage=29 vpage=29 vdt=34 vmax=568 vacc=3927 vrej=0 seq=0 elapsed=0 oled=3C
[   7172] STATUS mode=3 fault=none enc=215 denc=2 sreq=338 sapplied=338 crate=338 uimp=379305 upos=4340 uneg=1565 ball=73.52 vball=-1.96 aball=68.5 bref=0.00 pid=338.4 pref=207.5 ppos=173.7 apid=0.0 integ=-0.0 vision=1 current=1 vframe=3954 vs=1 vage=16 vpage=16 vdt=33 vmax=568 vacc=3928 vrej=0 seq=0 elapsed=0 oled=3C
[   7186] STATUS mode=3 fault=none enc=223 denc=2 sreq=337 sapplied=337 crate=337 uimp=385575 upos=4360 uneg=1565 ball=73.59 vball=-0.78 aball=54.0 bref=0.00 pid=336.8 pref=213.6 ppos=179.9 apid=0.0 integ=-0.0 vision=1 current=1 vframe=3955 vs=1 vage=3 vpage=3 vdt=33 vmax=568 vacc=3929 vrej=0 seq=0 elapsed=0 oled=3C
[   7218] STATUS mode=3 fault=none enc=237 denc=2 sreq=253 sapplied=253 crate=253 uimp=397075 upos=4400 uneg=1565 ball=73.63 vball=-0.17 aball=54.0 bref=0.00 pid=253.5 pref=216.8 ppos=191.4 apid=0.0 integ=-0.0 vision=1 current=1 vframe=3956 vs=1 vage=10 vpage=10 vdt=33 vmax=568 vacc=3930 vrej=0 seq=0 elapsed=0 oled=3C
[   7250] STATUS mode=3 fault=none enc=243 denc=1 sreq=206 sapplied=206 crate=206 uimp=401775 upos=4420 uneg=1565 ball=73.63 vball=-0.17 aball=54.0 bref=0.00 pid=206.5 pref=216.8 ppos=196.1 apid=0.0 integ=-0.0 vision=1 current=1 vframe=3956 vs=1 vage=30 vpage=30 vdt=33 vmax=568 vacc=3930 vrej=0 seq=0 elapsed=0 oled=3C
[   7281] STATUS mode=3 fault=none enc=248 denc=1 sreq=177 sapplied=177 crate=177 uimp=405745 upos=4440 uneg=1565 ball=73.65 vball=0.02 aball=54.0 bref=0.00 pid=176.9 pref=217.8 ppos=200.1 apid=0.0 integ=-0.0 vision=1 current=1 vframe=3957 vs=1 vage=16 vpage=16 vdt=34 vmax=568 vacc=3931 vrej=0 seq=0 elapsed=0 oled=3C
[   7297] STATUS mode=3 fault=none enc=255 denc=1 sreq=123 sapplied=123 crate=123 uimp=411825 upos=4480 uneg=1565 ball=73.67 vball=0.14 aball=33.9 bref=0.00 pid=122.7 pref=218.5 ppos=206.2 apid=0.0 integ=-0.0 vision=1 current=1 vframe=3958 vs=1 vage=23 vpage=23 vdt=33 vmax=568 vacc=3932 vrej=0 seq=0 elapsed=0 oled=3C
[   7327] STATUS mode=3 fault=none enc=257 denc=-1 sreq=112 sapplied=112 crate=112 uimp=414170 upos=4500 uneg=1565 ball=73.67 vball=0.14 aball=33.9 bref=0.00 pid=111.7 pref=219.7 ppos=208.5 apid=0.0 integ=1.3 vision=1 current=1 vframe=3959 vs=1 vage=9 vpage=9 vdt=34 vmax=568 vacc=3933 vrej=0 seq=0 elapsed=0 oled=3C
[   7358] STATUS mode=3 fault=none enc=259 denc=-1 sreq=91 sapplied=91 crate=91 uimp=416245 upos=4520 uneg=1565 ball=73.67 vball=0.14 aball=33.9 bref=0.00 pid=91.0 pref=219.7 ppos=210.6 apid=0.0 integ=1.3 vision=1 current=1 vframe=3959 vs=1 vage=29 vpage=29 vdt=34 vmax=568 vacc=3933 vrej=0 seq=0 elapsed=0 oled=3C
[   7375] STATUS mode=3 fault=none enc=265 denc=1 sreq=78 sapplied=78 crate=78 uimp=419620 upos=4560 uneg=1565 ball=73.67 vball=0.07 aball=18.3 bref=0.00 pid=78.4 pref=221.8 ppos=214.0 apid=0.0 integ=3.7 vision=1 current=1 vframe=3961 vs=1 vage=2 vpage=2 vdt=34 vmax=568 vacc=3935 vrej=0 seq=0 elapsed=0 oled=3C
[   7406] STATUS mode=3 fault=none enc=267 denc=1 sreq=64 sapplied=64 crate=64 uimp=421075 upos=4580 uneg=1565 ball=73.67 vball=0.07 aball=18.3 bref=0.00 pid=63.9 pref=221.8 ppos=215.4 apid=0.0 integ=3.7 vision=1 current=1 vframe=3961 vs=1 vage=22 vpage=22 vdt=34 vmax=568 vacc=3935 vrej=0 seq=0 elapsed=0 oled=3C
[   7436] STATUS mode=3 fault=none enc=269 denc=1 sreq=69 sapplied=69 crate=69 uimp=422355 upos=4600 uneg=1565 ball=73.68 vball=0.18 aball=18.3 bref=0.00 pid=69.0 pref=223.6 ppos=216.7 apid=0.0 integ=4.9 vision=1 current=1 vframe=3962 vs=1 vage=9 vpage=9 vdt=33 vmax=568 vacc=3936 vrej=0 seq=0 elapsed=0 oled=3C
[   7468] STATUS mode=3 fault=none enc=272 denc=1 sreq=60 sapplied=60 crate=60 uimp=424910 upos=4640 uneg=1565 ball=73.70 vball=0.25 aball=18.3 bref=0.00 pid=59.7 pref=225.3 ppos=219.3 apid=0.0 integ=6.2 vision=1 current=1 vframe=3963 vs=1 vage=16 vpage=16 vdt=33 vmax=568 vacc=3937 vrej=0 seq=0 elapsed=0 oled=3C
[   7483] STATUS mode=3 fault=none enc=273 denc=0 sreq=65 sapplied=65 crate=65 uimp=426020 upos=4660 uneg=1565 ball=73.71 vball=0.32 aball=11.2 bref=0.00 pid=65.0 pref=226.9 ppos=220.4 apid=0.0 integ=7.4 vision=1 current=1 vframe=3964 vs=1 vage=2 vpage=2 vdt=34 vmax=568 vacc=3938 vrej=0 seq=0 elapsed=0 oled=3C
[   7516] STATUS mode=3 fault=none enc=276 denc=1 sreq=53 sapplied=53 crate=53 uimp=427230 upos=4680 uneg=1565 ball=73.71 vball=0.32 aball=11.2 bref=0.00 pid=52.9 pref=226.9 ppos=221.6 apid=0.0 integ=7.4 vision=1 current=1 vframe=3964 vs=1 vage=22 vpage=22 vdt=34 vmax=568 vacc=3938 vrej=0 seq=0 elapsed=0 oled=3C
[   7547] STATUS mode=3 fault=none enc=278 denc=1 sreq=45 sapplied=45 crate=45 uimp=429295 upos=4720 uneg=1565 ball=73.72 vball=0.32 aball=11.2 bref=0.00 pid=44.7 pref=228.1 ppos=223.7 apid=0.0 integ=8.6 vision=1 current=1 vframe=3965 vs=1 vage=29 vpage=29 vdt=33 vmax=568 vacc=3939 vrej=0 seq=0 elapsed=0 oled=3C
[   7561] STATUS mode=3 fault=none enc=278 denc=0 sreq=40 sapplied=40 crate=40 uimp=430190 upos=4740 uneg=1565 ball=73.72 vball=0.17 aball=11.2 bref=0.00 pid=40.4 pref=228.6 ppos=224.6 apid=0.0 integ=9.8 vision=1 current=1 vframe=3966 vs=1 vage=16 vpage=16 vdt=33 vmax=568 vacc=3940 vrej=0 seq=0 elapsed=0 oled=3C
[   7593] STATUS mode=3 fault=none enc=280 denc=0 sreq=40 sapplied=40 crate=40 uimp=430935 upos=4760 uneg=1565 ball=73.71 vball=0.06 aball=5.0 bref=0.00 pid=39.7 pref=229.3 ppos=225.3 apid=0.0 integ=11.1 vision=1 current=1 vframe=3967 vs=1 vage=2 vpage=2 vdt=34 vmax=568 vacc=3941 vrej=0 seq=0 elapsed=0 oled=3C
[   7625] STATUS mode=3 fault=none enc=282 denc=2 sreq=36 sapplied=36 crate=36 uimp=432325 upos=4800 uneg=1565 ball=73.71 vball=0.02 aball=5.0 bref=0.00 pid=35.9 pref=230.3 ppos=226.7 apid=0.0 integ=12.3 vision=1 current=1 vframe=3968 vs=1 vage=9 vpage=9 vdt=33 vmax=568 vacc=3942 vrej=0 seq=0 elapsed=0 oled=3C
[   7641] STATUS mode=3 fault=none enc=282 denc=0 sreq=29 sapplied=29 crate=29 uimp=432990 upos=4820 uneg=1565 ball=73.71 vball=0.02 aball=5.0 bref=0.00 pid=29.3 pref=230.3 ppos=227.4 apid=0.0 integ=12.3 vision=1 current=1 vframe=3968 vs=1 vage=29 vpage=29 vdt=33 vmax=568 vacc=3942 vrej=0 seq=0 elapsed=0 oled=3C
[   7672] STATUS mode=3 fault=none enc=283 denc=0 sreq=34 sapplied=34 crate=34 uimp=433645 upos=4840 uneg=1565 ball=73.71 vball=0.00 aball=5.0 bref=0.00 pid=34.3 pref=231.4 ppos=228.0 apid=0.0 integ=13.6 vision=1 current=1 vframe=3969 vs=1 vage=15 vpage=15 vdt=34 vmax=568 vacc=3943 vrej=0 seq=0 elapsed=0 oled=3C
[   7702] STATUS mode=3 fault=none enc=285 denc=0 sreq=33 sapplied=33 crate=33 uimp=435020 upos=4880 uneg=1565 ball=73.71 vball=-0.00 aball=2.5 bref=0.00 pid=32.7 pref=232.7 ppos=229.4 apid=0.0 integ=14.8 vision=1 current=1 vframe=3970 vs=1 vage=22 vpage=22 vdt=33 vmax=568 vacc=3944 vrej=0 seq=0 elapsed=0 oled=3C
[   7718] STATUS mode=3 fault=none enc=286 denc=1 sreq=38 sapplied=38 crate=38 uimp=435685 upos=4900 uneg=1565 ball=73.71 vball=-0.00 aball=2.5 bref=0.00 pid=38.2 pref=233.9 ppos=230.1 apid=0.0 integ=16.0 vision=1 current=1 vframe=3971 vs=1 vage=9 vpage=9 vdt=33 vmax=568 vacc=3945 vrej=0 seq=0 elapsed=0 oled=3C
[   7750] STATUS mode=3 fault=none enc=286 denc=0 sreq=31 sapplied=31 crate=31 uimp=436390 upos=4920 uneg=1565 ball=73.71 vball=-0.00 aball=2.5 bref=0.00 pid=31.1 pref=233.9 ppos=230.8 apid=0.0 integ=16.0 vision=1 current=1 vframe=3971 vs=1 vage=29 vpage=29 vdt=33 vmax=568 vacc=3945 vrej=0 seq=0 elapsed=0 oled=3C
[   7781] STATUS mode=3 fault=none enc=288 denc=0 sreq=41 sapplied=41 crate=41 uimp=437810 upos=4960 uneg=1565 ball=73.71 vball=-0.00 aball=1.4 bref=0.00 pid=41.3 pref=236.3 ppos=232.2 apid=0.0 integ=18.4 vision=1 current=1 vframe=3973 vs=1 vage=3 vpage=3 vdt=33 vmax=568 vacc=3947 vrej=0 seq=0 elapsed=0 oled=3C
[   7811] STATUS mode=3 fault=none enc=289 denc=1 sreq=34 sapplied=34 crate=34 uimp=438570 upos=4980 uneg=1565 ball=73.71 vball=-0.00 aball=1.4 bref=0.00 pid=33.7 pref=236.3 ppos=232.9 apid=0.0 integ=18.4 vision=1 current=1 vframe=3973 vs=1 vage=23 vpage=23 vdt=33 vmax=568 vacc=3947 vrej=0 seq=0 elapsed=0 oled=3C
[   7827] STATUS mode=3 fault=none enc=290 denc=0 sreq=39 sapplied=39 crate=39 uimp=439255 upos=5000 uneg=1565 ball=73.71 vball=-0.00 aball=1.4 bref=0.00 pid=39.3 pref=237.6 ppos=233.6 apid=0.0 integ=19.7 vision=1 current=1 vframe=3974 vs=1 vage=9 vpage=9 vdt=34 vmax=568 vacc=3948 vrej=0 seq=0 elapsed=0 oled=3C
[   7858] STATUS mode=3 fault=none enc=291 denc=0 sreq=37 sapplied=37 crate=37 uimp=440750 upos=5040 uneg=1565 ball=73.71 vball=-0.00 aball=1.4 bref=0.00 pid=36.5 pref=238.8 ppos=235.1 apid=0.0 integ=20.9 vision=1 current=1 vframe=3975 vs=1 vage=16 vpage=16 vdt=33 vmax=568 vacc=3949 vrej=0 seq=0 elapsed=0 oled=3C
[   7891] STATUS mode=3 fault=none enc=293 denc=1 sreq=51 sapplied=51 crate=51 uimp=441430 upos=5060 uneg=1565 ball=73.73 vball=0.16 aball=1.5 bref=0.00 pid=50.5 pref=240.9 ppos=235.8 apid=0.0 integ=22.1 vision=1 current=1 vframe=3976 vs=1 vage=3 vpage=3 vdt=33 vmax=568 vacc=3950 vrej=0 seq=0 elapsed=0 oled=3C
[   7906] STATUS mode=3 fault=none enc=294 denc=0 sreq=41 sapplied=41 crate=41 uimp=442370 upos=5080 uneg=1565 ball=73.73 vball=0.16 aball=1.5 bref=0.00 pid=41.1 pref=240.9 ppos=236.7 apid=0.0 integ=22.1 vision=1 current=1 vframe=3976 vs=1 vage=23 vpage=23 vdt=33 vmax=568 vacc=3950 vrej=0 seq=0 elapsed=0 oled=3C
[   7936] STATUS mode=3 fault=none enc=296 denc=1 sreq=37 sapplied=37 crate=37 uimp=444045 upos=5120 uneg=1565 ball=73.73 vball=0.17 aball=1.5 bref=0.00 pid=37.4 pref=242.2 ppos=238.4 apid=0.0 integ=23.4 vision=1 current=1 vframe=3977 vs=1 vage=29 vpage=29 vdt=34 vmax=568 vacc=3951 vrej=0 seq=0 elapsed=0 oled=3C
[   7968] STATUS mode=3 fault=none enc=296 denc=0 sreq=29 sapplied=29 crate=29 uimp=444715 upos=5140 uneg=1565 ball=73.71 vball=-0.07 aball=1.5 bref=0.00 pid=29.2 pref=242.0 ppos=239.1 apid=0.0 integ=24.5 vision=1 current=1 vframe=3978 vs=1 vage=19 vpage=19 vdt=30 vmax=568 vacc=3952 vrej=0 seq=0 elapsed=0 oled=3C
[   7983] STATUS mode=3 fault=none enc=297 denc=1 sreq=27 sapplied=27 crate=27 uimp=445275 upos=5160 uneg=1565 ball=73.69 vball=-0.23 aball=-1.0 bref=0.00 pid=27.1 pref=242.4 ppos=239.6 apid=-0.0 integ=25.7 vision=1 current=1 vframe=3979 vs=1 vage=6 vpage=6 vdt=33 vmax=568 vacc=3953 vrej=0 seq=0 elapsed=0 oled=3C
[   8016] STATUS mode=3 fault=none enc=298 denc=0 sreq=32 sapplied=32 crate=32 uimp=446335 upos=5200 uneg=1565 ball=73.69 vball=-0.17 aball=-1.0 bref=0.00 pid=32.0 pref=243.9 ppos=240.7 apid=-0.0 integ=26.9 vision=1 current=1 vframe=3980 vs=1 vage=12 vpage=12 vdt=34 vmax=568 vacc=3954 vrej=0 seq=0 elapsed=0 oled=3C
[   8047] STATUS mode=3 fault=none enc=298 denc=-1 sreq=26 sapplied=26 crate=26 uimp=446925 upos=5220 uneg=1565 ball=73.69 vball=-0.17 aball=-1.0 bref=0.00 pid=26.1 pref=243.9 ppos=241.3 apid=-0.0 integ=26.9 vision=1 current=1 vframe=3980 vs=1 vage=32 vpage=32 vdt=34 vmax=568 vacc=3954 vrej=0 seq=0 elapsed=0 oled=3C
[   8077] STATUS mode=3 fault=none enc=300 denc=1 sreq=37 sapplied=37 crate=37 uimp=447670 upos=5240 uneg=1565 ball=73.70 vball=-0.05 aball=-1.0 bref=0.00 pid=37.1 pref=245.8 ppos=242.0 apid=-0.0 integ=28.2 vision=1 current=1 vframe=3981 vs=1 vage=19 vpage=19 vdt=33 vmax=568 vacc=3955 vrej=0 seq=0 elapsed=0 oled=3C
[   8093] STATUS mode=3 fault=none enc=301 denc=-1 sreq=30 sapplied=30 crate=30 uimp=449080 upos=5280 uneg=1565 ball=73.69 vball=-0.15 aball=-0.2 bref=0.00 pid=29.9 pref=246.4 ppos=243.5 apid=-0.0 integ=29.4 vision=1 current=1 vframe=3982 vs=1 vage=26 vpage=26 vdt=33 vmax=568 vacc=3956 vrej=0 seq=0 elapsed=0 oled=3C
[   8125] STATUS mode=3 fault=none enc=301 denc=-1 sreq=32 sapplied=32 crate=32 uimp=449720 upos=5300 uneg=1565 ball=73.67 vball=-0.21 aball=-0.2 bref=0.00 pid=32.4 pref=247.3 ppos=244.1 apid=-0.0 integ=30.6 vision=1 current=1 vframe=3983 vs=1 vage=12 vpage=12 vdt=34 vmax=568 vacc=3957 vrej=0 seq=0 elapsed=0 oled=3C
[   8156] STATUS mode=3 fault=none enc=302 denc=-1 sreq=26 sapplied=26 crate=26 uimp=450320 upos=5320 uneg=1565 ball=73.67 vball=-0.21 aball=-0.2 bref=0.00 pid=26.4 pref=247.3 ppos=244.7 apid=-0.0 integ=30.6 vision=1 current=1 vframe=3983 vs=1 vage=32 vpage=32 vdt=34 vmax=568 vacc=3957 vrej=0 seq=0 elapsed=0 oled=3C
[   8172] STATUS mode=3 fault=none enc=305 denc=2 sreq=31 sapplied=31 crate=31 uimp=451645 upos=5360 uneg=1565 ball=73.65 vball=-0.33 aball=-0.9 bref=0.00 pid=30.9 pref=249.1 ppos=246.0 apid=-0.0 integ=33.1 vision=1 current=1 vframe=3985 vs=1 vage=6 vpage=6 vdt=33 vmax=568 vacc=3959 vrej=0 seq=0 elapsed=0 oled=3C
[   8202] STATUS mode=3 fault=none enc=305 denc=0 sreq=25 sapplied=25 crate=25 uimp=452215 upos=5380 uneg=1565 ball=73.65 vball=-0.33 aball=-0.9 bref=0.00 pid=25.2 pref=249.1 ppos=246.6 apid=-0.0 integ=33.1 vision=1 current=1 vframe=3985 vs=1 vage=26 vpage=26 vdt=33 vmax=568 vacc=3959 vrej=0 seq=0 elapsed=0 oled=3C
[   8233] STATUS mode=3 fault=none enc=305 denc=-1 sreq=30 sapplied=30 crate=30 uimp=452785 upos=5400 uneg=1565 ball=73.63 vball=-0.36 aball=-0.9 bref=0.00 pid=29.9 pref=250.2 ppos=247.2 apid=-0.0 integ=34.3 vision=1 current=1 vframe=3986 vs=1 vage=12 vpage=12 vdt=34 vmax=568 vacc=3960 vrej=0 seq=0 elapsed=0 oled=3C
[   8266] STATUS mode=3 fault=none enc=307 denc=0 sreq=29 sapplied=29 crate=29 uimp=453945 upos=5440 uneg=1565 ball=73.62 vball=-0.38 aball=-0.9 bref=0.00 pid=29.2 pref=251.2 ppos=248.3 apid=-0.0 integ=35.5 vision=1 current=1 vframe=3987 vs=1 vage=19 vpage=19 vdt=33 vmax=568 vacc=3961 vrej=0 seq=0 elapsed=0 oled=3C
[   8281] STATUS mode=3 fault=none enc=309 denc=2 sreq=37 sapplied=37 crate=37 uimp=454555 upos=5460 uneg=1565 ball=73.61 vball=-0.34 aball=-0.5 bref=0.00 pid=36.9 pref=252.6 ppos=248.9 apid=-0.0 integ=36.7 vision=1 current=1 vframe=3988 vs=1 vage=6 vpage=6 vdt=33 vmax=568 vacc=3962 vrej=0 seq=0 elapsed=0 oled=3C
[   8311] STATUS mode=3 fault=none enc=308 denc=0 sreq=30 sapplied=30 crate=30 uimp=455240 upos=5480 uneg=1565 ball=73.61 vball=-0.34 aball=-0.5 bref=0.00 pid=30.0 pref=252.6 ppos=249.6 apid=-0.0 integ=36.7 vision=1 current=1 vframe=3988 vs=1 vage=26 vpage=26 vdt=33 vmax=568 vacc=3962 vrej=0 seq=0 elapsed=0 oled=3C
[   8343] STATUS mode=3 fault=none enc=311 denc=1 sreq=37 sapplied=37 crate=37 uimp=456860 upos=5520 uneg=1565 ball=73.62 vball=-0.14 aball=-0.5 bref=0.00 pid=36.7 pref=254.9 ppos=251.2 apid=-0.0 integ=38.0 vision=1 current=1 vframe=3989 vs=1 vage=32 vpage=32 vdt=34 vmax=568 vacc=3963 vrej=0 seq=0 elapsed=0 oled=3C
[   8358] STATUS mode=3 fault=none enc=312 denc=-1 sreq=53 sapplied=53 crate=53 uimp=457930 upos=5540 uneg=1565 ball=73.65 vball=0.14 aball=-0.5 bref=0.00 pid=53.0 pref=257.6 ppos=252.3 apid=-0.0 integ=39.2 vision=1 current=1 vframe=3990 vs=1 vage=19 vpage=19 vdt=33 vmax=568 vacc=3964 vrej=0 seq=0 elapsed=0 oled=3C
[   8391] STATUS mode=3 fault=none enc=313 denc=-1 sreq=59 sapplied=59 crate=59 uimp=458995 upos=5560 uneg=1565 ball=73.66 vball=0.23 aball=2.3 bref=0.00 pid=59.3 pref=259.3 ppos=253.4 apid=0.0 integ=40.4 vision=1 current=1 vframe=3991 vs=1 vage=6 vpage=6 vdt=33 vmax=568 vacc=3965 vrej=0 seq=0 elapsed=0 oled=3C
[   8422] STATUS mode=3 fault=none enc=316 denc=0 sreq=41 sapplied=41 crate=41 uimp=461015 upos=5600 uneg=1565 ball=73.65 vball=0.03 aball=2.3 bref=0.00 pid=41.3 pref=259.5 ppos=255.4 apid=0.0 integ=41.7 vision=1 current=1 vframe=3992 vs=1 vage=12 vpage=12 vdt=34 vmax=568 vacc=3966 vrej=0 seq=0 elapsed=0 oled=3C
[   8436] STATUS mode=3 fault=none enc=316 denc=0 sreq=34 sapplied=34 crate=34 uimp=461775 upos=5620 uneg=1565 ball=73.65 vball=0.03 aball=2.3 bref=0.00 pid=33.7 pref=259.5 ppos=256.1 apid=0.0 integ=41.7 vision=1 current=1 vframe=3992 vs=1 vage=32 vpage=32 vdt=34 vmax=568 vacc=3966 vrej=0 seq=0 elapsed=0 oled=3C
[   8468] STATUS mode=3 fault=none enc=318 denc=1 sreq=29 sapplied=29 crate=29 uimp=462435 upos=5640 uneg=1565 ball=73.63 vball=-0.15 aball=2.3 bref=0.00 pid=29.3 pref=259.7 ppos=256.8 apid=0.0 integ=42.8 vision=1 current=1 vframe=3993 vs=1 vage=20 vpage=20 vdt=32 vmax=568 vacc=3967 vrej=0 seq=0 elapsed=0 oled=3C
[   8500] STATUS mode=3 fault=none enc=319 denc=0 sreq=26 sapplied=26 crate=26 uimp=463620 upos=5680 uneg=1565 ball=73.62 vball=-0.22 aball=-0.8 bref=0.00 pid=26.2 pref=260.6 ppos=258.0 apid=-0.0 integ=44.1 vision=1 current=1 vframe=3994 vs=1 vage=26 vpage=26 vdt=34 vmax=568 vacc=3968 vrej=0 seq=0 elapsed=0 oled=3C
[   8531] STATUS mode=3 fault=none enc=319 denc=-1 sreq=34 sapplied=34 crate=34 uimp=464235 upos=5700 uneg=1565 ball=73.61 vball=-0.19 aball=-0.8 bref=0.00 pid=33.8 pref=262.0 ppos=258.6 apid=-0.0 integ=45.3 vision=1 current=1 vframe=3995 vs=1 vage=12 vpage=12 vdt=34 vmax=568 vacc=3969 vrej=0 seq=0 elapsed=0 oled=3C
[   8547] STATUS mode=3 fault=none enc=320 denc=-1 sreq=28 sapplied=28 crate=28 uimp=464860 upos=5720 uneg=1565 ball=73.61 vball=-0.19 aball=-0.8 bref=0.00 pid=27.5 pref=262.0 ppos=259.2 apid=-0.0 integ=45.3 vision=1 current=1 vframe=3995 vs=1 vage=32 vpage=32 vdt=34 vmax=568 vacc=3969 vrej=0 seq=0 elapsed=0 oled=3C
[   8577] STATUS mode=3 fault=none enc=321 denc=0 sreq=34 sapplied=34 crate=34 uimp=466010 upos=5760 uneg=1565 ball=73.59 vball=-0.31 aball=-0.8 bref=0.00 pid=34.1 pref=263.8 ppos=260.4 apid=-0.0 integ=47.8 vision=1 current=1 vframe=3997 vs=1 vage=5 vpage=5 vdt=34 vmax=568 vacc=3971 vrej=0 seq=0 elapsed=0 oled=3C
[   8608] STATUS mode=3 fault=none enc=324 denc=2 sreq=28 sapplied=28 crate=28 uimp=466640 upos=5780 uneg=1565 ball=73.59 vball=-0.31 aball=-0.8 bref=0.00 pid=27.8 pref=263.8 ppos=261.0 apid=-0.0 integ=47.8 vision=1 current=1 vframe=3997 vs=1 vage=25 vpage=25 vdt=34 vmax=568 vacc=3971 vrej=0 seq=0 elapsed=0 oled=3C
[   8625] STATUS mode=3 fault=none enc=323 denc=-1 sreq=36 sapplied=36 crate=36 uimp=467300 upos=5800 uneg=1565 ball=73.58 vball=-0.25 aball=-0.8 bref=0.00 pid=36.0 pref=265.3 ppos=261.7 apid=-0.0 integ=49.0 vision=1 current=1 vframe=3998 vs=1 vage=12 vpage=12 vdt=33 vmax=568 vacc=3972 vrej=0 seq=0 elapsed=0 oled=3C
[   8656] STATUS mode=3 fault=none enc=325 denc=0 sreq=50 sapplied=50 crate=50 uimp=468950 upos=5840 uneg=1565 ball=73.61 vball=0.09 aball=-0.8 bref=0.00 pid=50.3 pref=268.4 ppos=263.3 apid=-0.0 integ=50.3 vision=1 current=1 vframe=3999 vs=1 vage=17 vpage=17 vdt=35 vmax=568 vacc=3973 vrej=0 seq=0 elapsed=0 oled=3C
[   8686] STATUS mode=3 fault=none enc=327 denc=0 sreq=60 sapplied=60 crate=60 uimp=469880 upos=5860 uneg=1565 ball=73.63 vball=0.20 aball=1.8 bref=0.00 pid=59.6 pref=270.2 ppos=264.3 apid=0.0 integ=51.6 vision=1 current=1 vframe=4000 vs=1 vage=3 vpage=3 vdt=34 vmax=568 vacc=3974 vrej=0 seq=0 elapsed=0 oled=3C
[   8718] STATUS mode=3 fault=none enc=328 denc=-1 sreq=48 sapplied=48 crate=48 uimp=470990 upos=5880 uneg=1565 ball=73.63 vball=0.20 aball=1.8 bref=0.00 pid=48.5 pref=270.2 ppos=265.4 apid=0.0 integ=51.6 vision=1 current=1 vframe=4000 vs=1 vage=23 vpage=23 vdt=34 vmax=568 vacc=3974 vrej=0 seq=0 elapsed=0 oled=3C
[   8733] STATUS mode=3 fault=none enc=331 denc=0 sreq=47 sapplied=47 crate=47 uimp=473040 upos=5920 uneg=1565 ball=73.65 vball=0.32 aball=1.8 bref=0.00 pid=46.7 pref=272.1 ppos=267.4 apid=0.0 integ=52.8 vision=1 current=1 vframe=4001 vs=1 vage=30 vpage=30 vdt=33 vmax=568 vacc=3975 vrej=0 seq=0 elapsed=0 oled=3C
[   8766] STATUS mode=3 fault=none enc=332 denc=0 sreq=43 sapplied=43 crate=43 uimp=474000 upos=5940 uneg=1565 ball=73.64 vball=0.21 aball=1.8 bref=0.00 pid=43.5 pref=272.7 ppos=268.4 apid=0.0 integ=54.0 vision=1 current=1 vframe=4002 vs=1 vage=17 vpage=17 vdt=33 vmax=568 vacc=3976 vrej=0 seq=0 elapsed=0 oled=3C
[   8797] STATUS mode=3 fault=none enc=333 denc=0 sreq=40 sapplied=40 crate=40 uimp=474800 upos=5960 uneg=1565 ball=73.63 vball=0.06 aball=0.4 bref=0.00 pid=40.2 pref=273.2 ppos=269.2 apid=0.0 integ=55.3 vision=1 current=1 vframe=4003 vs=1 vage=3 vpage=3 vdt=34 vmax=568 vacc=3977 vrej=0 seq=0 elapsed=0 oled=3C
[   8811] STATUS mode=3 fault=none enc=336 denc=2 sreq=38 sapplied=38 crate=38 uimp=476215 upos=6000 uneg=1565 ball=73.64 vball=0.05 aball=0.4 bref=0.00 pid=38.0 pref=274.4 ppos=270.6 apid=0.0 integ=56.5 vision=1 current=1 vframe=4004 vs=1 vage=10 vpage=10 vdt=33 vmax=568 vacc=3978 vrej=0 seq=0 elapsed=0 oled=3C
[   8843] STATUS mode=3 fault=none enc=336 denc=0 sreq=31 sapplied=31 crate=31 uimp=476920 upos=6020 uneg=1565 ball=73.64 vball=0.05 aball=0.4 bref=0.00 pid=31.0 pref=274.4 ppos=271.3 apid=0.0 integ=56.5 vision=1 current=1 vframe=4004 vs=1 vage=30 vpage=30 vdt=33 vmax=568 vacc=3978 vrej=0 seq=0 elapsed=0 oled=3C
[   8875] STATUS mode=3 fault=none enc=337 denc=1 sreq=39 sapplied=39 crate=39 uimp=477730 upos=6040 uneg=1565 ball=73.65 vball=0.13 aball=0.4 bref=0.00 pid=39.3 pref=276.0 ppos=272.1 apid=0.0 integ=57.7 vision=1 current=1 vframe=4005 vs=1 vage=17 vpage=17 vdt=33 vmax=568 vacc=3979 vrej=0 seq=0 elapsed=0 oled=3C
[   8891] STATUS mode=3 fault=none enc=339 denc=1 sreq=43 sapplied=43 crate=43 uimp=479430 upos=6080 uneg=1565 ball=73.67 vball=0.28 aball=1.2 bref=0.00 pid=42.6 pref=278.1 ppos=272.8 apid=0.0 integ=58.9 vision=1 current=1 vframe=4006 vs=1 vage=4 vpage=4 vdt=33 vmax=568 vacc=3980 vrej=0 seq=0 elapsed=0 oled=3C
[   8922] STATUS mode=3 fault=none enc=340 denc=0 sreq=51 sapplied=51 crate=51 uimp=480305 upos=6100 uneg=1565 ball=73.69 vball=0.36 aball=1.2 bref=0.00 pid=50.9 pref=279.8 ppos=274.7 apid=0.0 integ=60.1 vision=1 current=1 vframe=4007 vs=1 vage=10 vpage=10 vdt=34 vmax=568 vacc=3981 vrej=0 seq=0 elapsed=0 oled=3C
[   8952] STATUS mode=3 fault=none enc=341 denc=0 sreq=41 sapplied=41 crate=41 uimp=481250 upos=6120 uneg=1565 ball=73.69 vball=0.36 aball=1.2 bref=0.00 pid=41.5 pref=279.8 ppos=275.6 apid=0.0 integ=60.1 vision=1 current=1 vframe=4007 vs=1 vage=30 vpage=30 vdt=34 vmax=568 vacc=3981 vrej=0 seq=0 elapsed=0 oled=3C
[   8968] STATUS mode=3 fault=none enc=343 denc=1 sreq=45 sapplied=45 crate=45 uimp=482195 upos=6140 uneg=1565 ball=73.70 vball=0.36 aball=1.2 bref=0.00 pid=44.5 pref=281.0 ppos=276.6 apid=0.0 integ=61.4 vision=1 current=1 vframe=4008 vs=1 vage=17 vpage=17 vdt=33 vmax=568 vacc=3982 vrej=0 seq=0 elapsed=0 oled=3C
[   9000] STATUS mode=3 fault=none enc=345 denc=0 sreq=43 sapplied=43 crate=43 uimp=484000 upos=6180 uneg=1565 ball=73.72 vball=0.44 aball=1.4 bref=0.00 pid=43.2 pref=282.7 ppos=278.4 apid=0.0 integ=62.6 vision=1 current=1 vframe=4009 vs=1 vage=24 vpage=24 vdt=33 vmax=568 vacc=3983 vrej=0 seq=0 elapsed=0 oled=3C
[   9031] STATUS mode=3 fault=none enc=346 denc=1 sreq=39 sapplied=39 crate=39 uimp=484845 upos=6200 uneg=1565 ball=73.72 vball=0.29 aball=1.4 bref=0.00 pid=39.4 pref=283.2 ppos=279.2 apid=0.0 integ=63.8 vision=1 current=1 vframe=4010 vs=1 vage=11 vpage=11 vdt=33 vmax=568 vacc=3984 vrej=0 seq=0 elapsed=0 oled=3C
[   9061] STATUS mode=3 fault=none enc=346 denc=-1 sreq=32 sapplied=32 crate=32 uimp=485575 upos=6220 uneg=1565 ball=73.72 vball=0.29 aball=1.4 bref=0.00 pid=32.1 pref=283.2 ppos=279.9 apid=0.0 integ=63.8 vision=1 current=1 vframe=4010 vs=1 vage=31 vpage=31 vdt=33 vmax=568 vacc=3984 vrej=0 seq=0 elapsed=0 oled=3C
[   9077] STATUS mode=3 fault=none enc=349 denc=1 sreq=138 sapplied=138 crate=138 uimp=487295 upos=6260 uneg=1565 ball=73.98 vball=2.35 aball=9.4 bref=0.00 pid=150.5 pref=296.7 ppos=281.7 apid=0.0 integ=66.3 vision=1 current=1 vframe=4012 vs=1 vage=4 vpage=4 vdt=33 vmax=568 vacc=3986 vrej=0 seq=0 elapsed=0 oled=3C
[   9108] STATUS mode=3 fault=none enc=350 denc=1 sreq=123 sapplied=123 crate=123 uimp=490035 upos=6280 uneg=1565 ball=73.98 vball=2.35 aball=9.4 bref=0.00 pid=123.1 pref=296.7 ppos=284.4 apid=0.0 integ=66.3 vision=1 current=1 vframe=4012 vs=1 vage=24 vpage=24 vdt=33 vmax=568 vacc=3986 vrej=0 seq=0 elapsed=0 oled=3C
[   9141] STATUS mode=3 fault=none enc=354 denc=1 sreq=117 sapplied=117 crate=117 uimp=492405 upos=6300 uneg=1565 ball=74.07 vball=2.39 aball=9.4 bref=0.00 pid=116.7 pref=298.4 ppos=286.8 apid=0.0 integ=67.5 vision=1 current=1 vframe=4013 vs=1 vage=10 vpage=10 vdt=34 vmax=568 vacc=3987 vrej=0 seq=0 elapsed=0 oled=3C
[   9156] STATUS mode=3 fault=none enc=358 denc=1 sreq=72 sapplied=72 crate=72 uimp=496230 upos=6340 uneg=1565 ball=74.10 vball=1.99 aball=9.4 bref=0.00 pid=71.5 pref=297.8 ppos=290.6 apid=0.0 integ=68.8 vision=1 current=1 vframe=4014 vs=1 vage=17 vpage=17 vdt=33 vmax=568 vacc=3988 vrej=0 seq=0 elapsed=0 oled=3C
[   9186] STATUS mode=3 fault=none enc=360 denc=1 sreq=36 sapplied=36 crate=36 uimp=497560 upos=6360 uneg=1565 ball=74.09 vball=1.30 aball=0.4 bref=0.00 pid=35.7 pref=295.5 ppos=291.9 apid=0.0 integ=70.0 vision=1 current=1 vframe=4015 vs=1 vage=4 vpage=4 vdt=33 vmax=568 vacc=3989 vrej=0 seq=0 elapsed=0 oled=3C
[   9218] STATUS mode=3 fault=none enc=361 denc=1 sreq=29 sapplied=29 crate=29 uimp=498225 upos=6380 uneg=1565 ball=74.09 vball=1.30 aball=0.4 bref=0.00 pid=29.0 pref=295.5 ppos=292.6 apid=0.0 integ=70.0 vision=1 current=1 vframe=4015 vs=1 vage=24 vpage=24 vdt=33 vmax=568 vacc=3989 vrej=0 seq=0 elapsed=0 oled=3C
[   9250] STATUS mode=3 fault=none enc=361 denc=0 sreq=0 sapplied=0 crate=13 uimp=498640 upos=6395 uneg=1565 ball=74.08 vball=0.82 aball=0.4 bref=0.00 pid=13.2 pref=294.3 ppos=293.0 apid=0.0 integ=71.2 vision=1 current=1 vframe=4016 vs=1 vage=30 vpage=30 vdt=34 vmax=568 vacc=3990 vrej=0 seq=0 elapsed=0 oled=3C
[   9266] STATUS mode=3 fault=none enc=362 denc=1 sreq=-85 sapplied=-85 crate=-85 uimp=497715 upos=6395 uneg=1575 ball=73.86 vball=-1.45 aball=0.4 bref=0.00 pid=-85.5 pref=283.5 ppos=292.1 apid=0.0 integ=72.5 vision=1 current=1 vframe=4017 vs=1 vage=17 vpage=17 vdt=33 vmax=568 vacc=3991 vrej=0 seq=0 elapsed=0 oled=3C
[   9297] STATUS mode=3 fault=none enc=359 denc=-2 sreq=-105 sapplied=-105 crate=-105 uimp=496135 upos=6395 uneg=1595 ball=73.70 vball=-2.31 aball=-15.9 bref=0.00 pid=-105.0 pref=280.0 ppos=290.5 apid=-0.0 integ=73.7 vision=1 current=1 vframe=4018 vs=1 vage=3 vpage=3 vdt=34 vmax=568 vacc=3992 vrej=0 seq=0 elapsed=0 oled=3C
[   9327] STATUS mode=3 fault=none enc=355 denc=-1 sreq=-57 sapplied=-57 crate=-57 uimp=492670 upos=6395 uneg=1635 ball=73.63 vball=-2.24 aball=-15.9 bref=0.00 pid=-56.8 pref=281.4 ppos=287.0 apid=-0.0 integ=74.9 vision=1 current=1 vframe=4019 vs=1 vage=10 vpage=10 vdt=33 vmax=568 vacc=3993 vrej=0 seq=0 elapsed=0 oled=3C
[   9343] STATUS mode=3 fault=none enc=354 denc=0 sreq=-46 sapplied=-46 crate=-46 uimp=491615 upos=6395 uneg=1655 ball=73.63 vball=-2.24 aball=-15.9 bref=0.00 pid=-46.2 pref=281.4 ppos=286.0 apid=-0.0 integ=74.9 vision=1 current=1 vframe=4019 vs=1 vage=30 vpage=30 vdt=33 vmax=568 vacc=3993 vrej=0 seq=0 elapsed=0 oled=3C
[   9375] STATUS mode=3 fault=none enc=353 denc=0 sreq=34 sapplied=0 crate=34 uimp=491385 upos=6395 uneg=1660 ball=73.62 vball=-1.16 aball=-3.5 bref=0.00 pid=34.1 pref=289.2 ppos=285.8 apid=.0 integ=76.2 vision=1 current=1 vframe=4020 vs=1 vage=16 vpage=16 vdt=34 vmax=568 vacc=3994 vrej=0 seq=0 elapsed=0 oled=3C
[   9406] STATUS mode=3 fault=none enc=353 denc=0 sreq=29 sapplied=29 crate=29 uimp=491870 upos=6410 uneg=1660 ball=73.62 vball=-1.16 aball=-3.5 bref=0.00 pid=29.2 pref=289.2 ppos=286.2 apid=-0.0 integ=77.4 vision=1 current=1 vframe=4021 vs=1 vage=24 vpage=24 vdt=32 vmax=568 vacc=3995 vrej=0 seq=0 elapsed=0 oled=3C
[   9436] STATUS mode=3 fault=none enc=354 denc=-1 sreq=66 sapplied=66 crate=66 uimp=492865 upos=6430 uneg=1660 ball=73.66 vball=-0.50 aball=-3.5 bref=0.00 pid=65.6 pref=293.8 ppos=287.2 apid=-0.0 integ=78.6 vision=1 current=1 vframe=4022 vs=1 vage=11 vpage=11 vdt=33 vmax=568 vacc=3996 vrej=0 seq=0 elapsed=0 oled=3C
[   9452] STATUS mode=3 fault=none enc=358 denc=2 sreq=74 sapplied=74 crate=74 uimp=495575 upos=6470 uneg=1660 ball=73.69 vball=-0.07 aball=-3.5 bref=0.00 pid=73.8 pref=297.3 ppos=289.9 apid=-0.0 integ=79.9 vision=1 current=1 vframe=4030 vs=1 vage=31 vpage=31 vdt=33 vmax=568 vacc=3996 vrej=0 seq=0 elapsed=0 oled=3C
[   9483] STATUS mode=3 fault=none enc=358 denc=0 sreq=79 sapplied=79 crate=79 uimp=496945 upos=6490 uneg=1660 ball=73.70 vball=0.05 aball=3.5 bref=0.00 pid=78.6 pref=299.2 ppos=291.3 apid=0.0 integ=81.1 vision=1 current=1 vframe=4031 vs=1 vage=3 vpage=3 vdt=33 vmax=568 vacc=4005 vrej=0 seq=0 elapsed=0 oled=3C
[   9516] STATUS mode=3 fault=none enc=361 denc=1 sreq=64 sapplied=64 crate=64 uimp=498405 upos=6510 uneg=1660 ball=73.70 vball=0.05 aball=3.5 bref=0.00 pid=64.0 pref=299.2 ppos=292.8 apid=0.0 integ=81.1 vision=1 current=1 vframe=4031 vs=1 vage=23 vpage=23 vdt=33 vmax=568 vacc=4005 vrej=0 seq=0 elapsed=0 oled=3C
[   9531] STATUS mode=3 fault=none enc=362 denc=0 sreq=42 sapplied=42 crate=42 uimp=499485 upos=6530 uneg=1660 ball=73.65 vball=-0.38 aball=3.5 bref=0.00 pid=42.0 pref=298.1 ppos=293.9 apid=0.0 integ=82.3 vision=1 current=1 vframe=4032 vs=1 vage=11 vpage=11 vdt=32 vmax=568 vacc=4006 vrej=0 seq=0 elapsed=0 oled=3C
[   9561] STATUS mode=3 fault=none enc=364 denc=0 sreq=37 sapplied=37 crate=37 uimp=501050 upos=6570 uneg=1660 ball=73.64 vball=-0.40 aball=3.5 bref=0.00 pid=37.2 pref=299.1 ppos=295.4 apid=0.0 integ=83.5 vision=1 current=1 vframe=4033 vs=1 vage=18 vpage=18 vdt=33 vmax=568 vacc=4007 vrej=0 seq=0 elapsed=0 oled=3C
[   9593] STATUS mode=3 fault=none enc=364 denc=0 sreq=47 sapplied=47 crate=47 uimp=501740 upos=6590 uneg=1660 ball=73.63 vball=-0.31 aball=0.3 bref=0.00 pid=47.0 pref=300.8 ppos=296.1 apid=0.0 integ=84.7 vision=1 current=1 vframe=4034 vs=1 vage=4 vpage=4 vdt=34 vmax=568 vacc=4008 vrej=0 seq=0 elapsed=0 oled=3C
[   9608] STATUS mode=3 fault=none enc=366 denc=0 sreq=38 sapplied=38 crate=38 uimp=502610 upos=6610 uneg=1660 ball=73.63 vball=-0.31 aball=0.3 bref=0.00 pid=38.3 pref=300.8 ppos=297.0 apid=0.0 integ=84.7 vision=1 current=1 vframe=4034 vs=1 vage=24 vpage=24 vdt=34 vmax=568 vacc=4008 vrej=0 seq=0 elapsed=0 oled=3C
[   9641] STATUS mode=3 fault=none enc=368 denc=-1 sreq=38 sapplied=38 crate=38 uimp=504340 upos=6650 uneg=1660 ball=73.63 vball=-0.22 aball=0.3 bref=0.00 pid=37.6 pref=302.5 ppos=298.7 apid=0.0 integ=85.9 vision=1 current=1 vframe=4035 vs=1 vage=31 vpage=31 vdt=33 vmax=568 vacc=4009 vrej=0 seq=0 elapsed=0 oled=3C
[   9672] STATUS mode=3 fault=none enc=369 denc=-1 sreq=44 sapplied=44 crate=44 uimp=505270 upos=6670 uneg=1660 ball=73.63 vball=-0.14 aball=0.3 bref=0.00 pid=44.5 pref=304.1 ppos=299.6 apid=0.0 integ=87.1 vision=1 current=1 vframe=4036 vs=1 vage=18 vpage=18 vdt=33 vmax=568 vacc=4010 vrej=0 seq=0 elapsed=0 oled=3C
[   9702] STATUS mode=3 fault=none enc=370 denc=0 sreq=47 sapplied=47 crate=47 uimp=506090 upos=6690 uneg=1660 ball=73.63 vball=-0.16 aball=0.8 bref=0.00 pid=47.4 pref=305.2 ppos=300.5 apid=0.0 integ=88.4 vision=1 current=1 vframe=4037 vs=1 vage=5 vpage=5 vdt=33 vmax=568 vacc=4011 vrej=0 seq=0 elapsed=0 oled=3C
[   9718] STATUS mode=3 fault=none enc=373 denc=1 sreq=44 sapplied=44 crate=44 uimp=507825 upos=6730 uneg=1660 ball=73.62 vball=-0.13 aball=0.8 bref=0.00 pid=43.8 pref=306.6 ppos=302.2 apid=0.0 integ=89.6 vision=1 current=1 vframe=4038 vs=1 vage=11 vpage=11 vdt=34 vmax=568 vacc=4012 vrej=0 seq=0 elapsed=0 oled=3C
[   9750] STATUS mode=3 fault=none enc=373 denc=0 sreq=36 sapplied=36 crate=36 uimp=508645 upos=6750 uneg=1660 ball=73.62 vball=-0.13 aball=0.8 bref=0.00 pid=35.6 pref=306.6 ppos=303.0 apid=0.0 integ=89.6 vision=1 current=1 vframe=4038 vs=1 vage=31 vpage=31 vdt=34 vmax=568 vacc=4012 vrej=0 seq=0 elapsed=0 oled=3C
[   9781] STATUS mode=3 fault=none enc=375 denc=0 sreq=44 sapplied=44 crate=44 uimp=509550 upos=6770 uneg=1660 ball=73.63 vball=-0.02 aball=0.8 bref=0.00 pid=43.8 pref=308.3 ppos=303.9 apid=0.0 integ=90.8 vision=1 current=1 vframe=4039 vs=1 vage=20 vpage=20 vdt=31 vmax=568 vacc=4013 vrej=0 seq=0 elapsed=0 oled=3C
[   9797] STATUS mode=3 fault=none enc=376 denc=0 sreq=34 sapplied=34 crate=34 uimp=511175 upos=6810 uneg=1660 ball=73.62 vball=-0.12 aball=0.6 bref=0.00 pid=34.4 pref=309.0 ppos=305.5 apid=0.0 integ=92.0 vision=1 current=1 vframe=4040 vs=1 vage=27 vpage=27 vdt=33 vmax=568 vacc=4014 vrej=0 seq=0 elapsed=0 oled=3C
[   9827] STATUS mode=3 fault=none enc=377 denc=0 sreq=32 sapplied=32 crate=32 uimp=511850 upos=6830 uneg=1660 ball=73.60 vball=-0.27 aball=0.6 bref=0.00 pid=31.7 pref=309.4 ppos=306.2 apid=0.0 integ=93.2 vision=1 current=1 vframe=4041 vs=1 vage=14 vpage=14 vdt=33 vmax=568 vacc=4015 vrej=0 seq=0 elapsed=0 oled=3C
[   9858] STATUS mode=3 fault=none enc=377 denc=0 sreq=26 sapplied=26 crate=26 uimp=512440 upos=6850 uneg=1660 ball=73.60 vball=-0.27 aball=0.6 bref=0.00 pid=25.8 pref=309.4 ppos=306.8 apid=0.0 integ=93.2 vision=1 current=1 vframe=4041 vs=1 vage=34 vpage=34 vdt=33 vmax=568 vacc=4015 vrej=0 seq=0 elapsed=0 oled=3C
[   9875] STATUS mode=3 fault=none enc=379 denc=1 sreq=41 sapplied=41 crate=41 uimp=513805 upos=6890 uneg=1660 ball=73.59 vball=-0.19 aball=0.0 bref=0.00 pid=40.8 pref=312.3 ppos=308.2 apid=0.0 integ=95.7 vision=1 current=1 vframe=4043 vs=1 vage=6 vpage=6 vdt=32 vmax=568 vacc=4017 vrej=0 seq=0 elapsed=0 oled=3C
[   9906] STATUS mode=3 fault=none enc=380 denc=0 sreq=33 sapplied=33 crate=33 uimp=514565 upos=6910 uneg=1660 ball=73.59 vball=-0.19 aball=0.0 bref=0.00 pid=33.2 pref=312.3 ppos=308.9 apid=0.0 integ=95.7 vision=1 current=1 vframe=4043 vs=1 vage=26 vpage=26 vdt=32 vmax=568 vacc=4017 vrej=0 seq=0 elapsed=0 oled=3C
[   9936] STATUS mode=3 fault=none enc=381 denc=1 sreq=61 sapplied=61 crate=61 uimp=515360 upos=6930 uneg=1660 ball=73.63 vball=0.23 aball=0.0 bref=0.00 pid=61.1 pref=315.8 ppos=309.7 apid=0.0 integ=97.0 vision=1 current=1 vframe=4044 vs=1 vage=9 vpage=9 vdt=37 vmax=568 vacc=4018 vrej=0 seq=0 elapsed=0 oled=3C
[   9968] STATUS mode=3 fault=none enc=385 denc=2 sreq=171 sapplied=171 crate=171 uimp=519335 upos=6970 uneg=1660 ball=73.93 vball=2.82 aball=0.0 bref=0.00 pid=170.6 pref=330.8 ppos=313.7 apid=0.0 integ=98.1 vision=1 current=1 vframe=4045 vs=1 vage=20 vpage=20 vdt=29 vmax=568 vacc=4019 vrej=0 seq=0 elapsed=0 oled=3C
[   9983] STATUS mode=3 fault=none enc=389 denc=2 sreq=152 sapplied=152 crate=152 uimp=522570 upos=6990 uneg=1660 ball=74.03 vball=2.79 aball=13.6 bref=0.00 pid=151.9 pref=332.1 ppos=316.9 apid=0.0 integ=99.3 vision=1 current=1 vframe=4046 vs=1 vage=7 vpage=7 vdt=33 vmax=568 vacc=4020 vrej=0 seq=0 elapsed=0 oled=3C
[  10016] STATUS mode=3 fault=none enc=393 denc=2 sreq=124 sapplied=124 crate=124 uimp=525385 upos=7010 uneg=1660 ball=74.03 vball=2.79 aball=13.6 bref=0.00 pid=123.8 pref=332.1 ppos=319.8 apid=0.0 integ=99.3 vision=1 current=1 vframe=4046 vs=1 vage=27 vpage=27 vdt=33 vmax=568 vacc=4020 vrej=0 seq=0 elapsed=0 oled=3C
[  10047] STATUS mode=3 fault=none enc=398 denc=2 sreq=73 sapplied=73 crate=73 uimp=529235 upos=7050 uneg=1660 ball=74.06 vball=2.28 aball=13.6 bref=0.00 pid=73.3 pref=330.9 ppos=323.6 apid=0.0 integ=100.6 vision=1 current=1 vframe=4047 vs=1 vage=33 vpage=33 vdt=34 vmax=568 vacc=4021 vrej=0 seq=0 elapsed=0 oled=3C
[  10061] STATUS mode=3 fault=none enc=398 denc=0 sreq=48 sapplied=48 crate=48 uimp=530390 upos=7070 uneg=1660 ball=74.08 vball=1.74 aball=13.6 bref=0.00 pid=47.5 pref=329.5 ppos=324.8 apid=0.0 integ=101.8 vision=1 current=1 vframe=4048 vs=1 vage=20 vpage=20 vdt=33 vmax=568 vacc=4022 vrej=0 seq=0 elapsed=0 oled=3C
[  10093] STATUS mode=3 fault=none enc=399 denc=0 sreq=34 sapplied=34 crate=34 uimp=531250 upos=7090 uneg=1660 ball=74.10 vball=1.38 aball=1.2 bref=0.00 pid=34.1 pref=329.0 ppos=325.6 apid=0.0 integ=103.1 vision=1 current=1 vframe=4049 vs=1 vage=6 vpage=6 vdt=34 vmax=568 vacc=4023 vrej=0 seq=0 elapsed=0 oled=3C
[  10125] STATUS mode=3 fault=none enc=401 denc=-1 sreq=39 sapplied=39 crate=39 uimp=532570 upos=7130 uneg=1660 ball=74.15 vball=1.46 aball=1.2 bref=0.00 pid=38.7 pref=330.8 ppos=326.9 apid=0.0 integ=104.3 vision=1 current=1 vframe=4050 vs=1 vage=13 vpage=13 vdt=33 vmax=568 vacc=4024 vrej=0 seq=0 elapsed=0 oled=3C
[  10156] STATUS mode=3 fault=none enc=401 denc=-1 sreq=31 sapplied=31 crate=31 uimp=533290 upos=7150 uneg=1660 ball=74.15 vball=1.46 aball=1.2 bref=0.00 pid=31.5 pref=330.8 ppos=327.7 apid=0.0 integ=104.3 vision=1 current=1 vframe=4050 vs=1 vage=33 vpage=33 vdt=33 vmax=568 vacc=4024 vrej=0 seq=0 elapsed=0 oled=3C
[  10172] STATUS mode=3 fault=none enc=402 denc=0 sreq=34 sapplied=34 crate=34 uimp=534015 upos=7170 uneg=1660 ball=74.19 vball=1.37 aball=1.2 bref=0.00 pid=34.3 pref=331.8 ppos=328.4 apid=0.0 integ=105.6 vision=1 current=1 vframe=4051 vs=1 vage=17 vpage=17 vdt=36 vmax=568 vacc=4025 vrej=0 seq=0 elapsed=0 oled=3C
[  10202] STATUS mode=3 fault=none enc=405 denc=2 sreq=78 sapplied=78 crate=78 uimp=536430 upos=7210 uneg=1660 ball=74.33 vball=2.40 aball=5.1 bref=0.00 pid=78.1 pref=338.6 ppos=330.8 apid=0.0 integ=106.9 vision=1 current=1 vframe=4052 vs=1 vage=24 vpage=24 vdt=33 vmax=568 vacc=4026 vrej=0 seq=0 elapsed=0 oled=3C
[  10233] STATUS mode=3 fault=none enc=407 denc=0 sreq=99 sapplied=99 crate=99 uimp=538260 upos=7230 uneg=1660 ball=74.47 vball=2.86 aball=5.1 bref=0.00 pid=99.3 pref=342.6 ppos=332.6 apid=0.0 integ=108.1 vision=1 current=1 vframe=4053 vs=1 vage=11 vpage=11 vdt=33 vmax=568 vacc=4027 vrej=0 seq=0 elapsed=0 oled=3C
[  10250] STATUS mode=3 fault=none enc=409 denc=0 sreq=81 sapplied=81 crate=81 uimp=540100 upos=7250 uneg=1660 ball=74.47 vball=2.86 aball=5.1 bref=0.00 pid=80.9 pref=342.6 ppos=334.5 apid=0.0 integ=108.1 vision=1 current=1 vframe=4053 vs=1 vage=31 vpage=31 vdt=33 vmax=568 vacc=4027 vrej=0 seq=0 elapsed=0 oled=3C
[  10281] STATUS mode=3 fault=none enc=412 denc=1 sreq=23 sapplied=23 crate=23 uimp=542285 upos=7290 uneg=1660 ball=74.51 vball=1.64 aball=-0.7 bref=0.00 pid=23.4 pref=339.0 ppos=336.7 apid=-0.0 integ=110.5 vision=1 current=1 vframe=4055 vs=1 vage=6 vpage=6 vdt=34 vmax=568 vacc=4029 vrej=0 seq=0 elapsed=0 oled=3C
[  10311] STATUS mode=3 fault=none enc=412 denc=1 sreq=0 sapplied=0 crate=19 uimp=542715 upos=7310 uneg=1660 ball=74.51 vball=1.64 aball=-0.7 bref=0.00 pid=19.1 pref=339.0 ppos=337.1 apid=-0.0 integ=110.5 vision=1 current=1 vframe=4055 vs=1 vage=26 vpage=26 vdt=34 vmax=568 vacc=4029 vrej=0 seq=0 elapsed=0 oled=3C
[  10327] STATUS mode=3 fault=none enc=413 denc=0 sreq=0 sapplied=0 crate=0 uimp=542715 upos=7310 uneg=1660 ball=74.51 vball=1.20 aball=-0.7 bref=0.00 pid=0.0 pref=338.0 ppos=337.1 apid=-0.0 integ=111.7 vision=1 current=1 vframe=4056 vs=1 vage=13 vpage=13 vdt=33 vmax=568 vacc=4030 vrej=0 seq=0 elapsed=0 oled=3C
[  10358] STATUS mode=3 fault=none enc=413 denc=0 sreq=0 sapplied=0 crate=0 uimp=542715 upos=7310 uneg=1660 ball=74.51 vball=0.79 aball=-0.7 bref=0.00 pid=0.0 pref=337.3 ppos=337.1 apid=-0.0 integ=113.0 vision=1 current=1 vframe=4057 vs=1 vage=19 vpage=19 vdt=34 vmax=568 vacc=4031 vrej=0 seq=0 elapsed=0 oled=3C
[  10391] STATUS mode=3 fault=none enc=413 denc=0 sreq=-200 sapplied=-200 crate=-200 uimp=542715 upos=7310 uneg=1660 ball=73.87 vball=-5.05 aball=-30.5 bref=0.00 pid=-309.6 pref=306.1 ppos=337.1 apid=-0.0 integ=113.0 vision=1 current=1 vframe=4058 vs=1 vage=6 vpage=6 vdt=33 vmax=568 vacc=4032 vrej=0 seq=0 elapsed=0 oled=3C
[  10422] STATUS mode=3 fault=none enc=408 denc=-2 sreq=-257 sapplied=-257 crate=-257 uimp=537440 upos=7310 uneg=1680 ball=73.87 vball=-5.05 aball=-30.5 bref=0.00 pid=-256.8 pref=306.1 ppos=331.8 apid=-0.0 integ=113.0 vision=1 current=1 vframe=4058 vs=1 vage=26 vpage=26 vdt=33 vmax=568 vacc=4032 vrej=0 seq=0 elapsed=0 oled=3C
[  10436] STATUS mode=3 fault=none enc=386 denc=-2 sreq=-443 sapplied=-443 crate=-443 uimp=520905 upos=7310 uneg=1720 ball=72.95 vball=-11.53 aball=-30.5 bref=0.00 pid=-443.1 pref=271.0 ppos=315.3 apid=-0.0 integ=-0.0 vision=1 current=1 vframe=4059 vs=1 vage=33 vpage=33 vdt=33 vmax=568 vacc=4033 vrej=0 seq=0 elapsed=0 oled=3C
[  10468] STATUS mode=3 fault=none enc=380 denc=0 sreq=-43 sapplied=-43 crate=-43 uimp=515045 upos=7310 uneg=1740 ball=72.32 vball=-13.81 aball=-30.5 bref=0.00 pid=36.4 pref=313.1 ppos=309.4 apid=-0.0 integ=-0.0 vision=1 current=1 vframe=4060 vs=1 vage=19 vpage=19 vdt=34 vmax=568 vacc=4034 vrej=0 seq=0 elapsed=0 oled=3C
[  10500] STATUS mode=3 fault=none enc=373 denc=-1 sreq=-205 sapplied=-205 crate=-205 uimp=510810 upos=7315 uneg=1765 ball=71.29 vball=-18.87 aball=-78.9 bref=0.00 pid=-205.1 pref=284.7 ppos=305.2 apid=-0.0 integ=-0.0 vision=1 current=1 vframe=061 vs=1 vage=6 vpage=6 vdt=33 vmax=568 vacc=4035 vrej=0 seq=0 elapsed=0 oled=3C
[  10531] STATUS mode=3 fault=none enc=367 denc=-1 sreq=-262 sapplied=-262 crate=-262 uimp=505980 upos=7315 uneg=1785 ball=70.46 vball=-20.48 aball=-78.9 bref=0.00 pid=-262.2 pref=274.1 ppos=300.4 apid=-0.0 integ=-0.0 vision=1 current=1 vframe=4062 vs=1 vage=13 vpage=13 vdt=33 vmax=568 vacc=4036 vrej=0 seq=0 elapsed=0 oled=3C
[  10547] STATUS mode=3 fault=none enc=360 denc=-2 sreq=-214 sapplied=-214 crate=-214 uimp=501115 upos=7315 uneg=1805 ball=70.46 vball=-20.48 aball=-78.9 bref=0.00 pid=-213.5 pref=274.1 ppos=295.5 apid=-0.0 integ=-0.0 vision=1 current=1 vframe=4062 vs=1 vage=33 vpage=33 vdt=33 vmax=568 vacc=4036 vrej=0 seq=0 elapsed=0 oled=3C
[  10577] STATUS mode=3 fault=none enc=340 denc=-2 sreq=-444 sapplied=-444 crate=-444 uimp=485550 upos=7315 uneg=1845 ball=68.19 vball=-26.85 aball=-79.3 bref=0.00 pid=-444.5 pref=235.5 ppos=279.9 apid=-0.0 integ=-0.0 vision=1 current=1 vframe=4064 vs=1 vage=6 vpage=6 vdt=34 vmax=568 vacc=4038 vrej=0 seq=0 elapsed=0 oled=3C
[  10608] STATUS mode=3 fault=none enc=329 denc=-2 sreq=-362 sapplied=-362 crate=-362 uimp=477310 upos=7315 uneg=1865 ball=68.19 vball=-26.85 aball=-79.3 bref=0.00 pid=-362.1 pref=235.5 ppos=271.7 apid=-0.0 integ=-0.0 vision=1 current=1 vframe=4064 vs=1 vage=26 vpage=26 vdt=34 vmax=568 vacc=4038 vrej=0 seq=0 elapsed=0 oled=3C
[  10641] STATUS mode=3 fault=none enc=318 denc=-4 sreq=-555 sapplied=-555 crate=-555 uimp=468840 upos=7315 uneg=1885 ball=66.71 vball=-31.52 aball=-79.3 bref=0.00 pid=-555.3 pref=207.7 ppos=263.2 apid=-0.0 integ=-0.0 vision=1 current=1 vframe=4065 vs=1 vage=11 vpage=11 vdt=35 vmax=568 vacc=4039 vrej=0 seq=0 elapsed=0 oled=3C
[  10672] STATUS mode=3 fault=none enc=290 denc=-5 sreq=-593 sapplied=-593 crate=-593 uimp=447140 upos=7315 uneg=1925 ball=65.22 vball=-35.71 aball=-79.3 bref=0.00 pid=-592.5 pref=182.3 ppos=241.5 apid=-0.0 integ=-0.0 vision=1 current=1 vframe=4066 vs=1 vage=20 vpage=20 vdt=31 vmax=568 vacc=4040 vrej=0 seq=0 elapsed=0 oled=3C
[  10686] STATUS mode=3 fault=none enc=275 denc=-5 sreq=-708 sapplied=-708 crate=-708 uimp=435510 upos=7315 uneg=1945 ball=63.68 vball=-39.43 aball=-100.8 bref=0.00 pid=-708.4 pref=159.0 ppos=229.9 apid=-0.0 integ=-0.0 vision=1 current=1 vframe=4067 vs=1 vage=7 vpage=7 vdt=33 vmax=568 vacc=4041 vrej=0 seq=0 elapsed=0 oled=3C
[  10718] STATUS mode=3 fault=none enc=242 denc=-5 sreq=-730 sapplied=-730 crate=-730 uimp=409770 upos=7315 uneg=1985 ball=61.86 vball=-43.91 aball=-100.8 bref=0.00 pid=-729.6 pref=131.2 ppos=204.1 apid=-0.0 integ=-0.0 vision=1 current=1 vframe=4068 vs=1 vage=14 vpage=14 vdt=33 vmax=568 vacc=4042 vrej=0 seq=0 elapsed=0 oled=3C
[  10750] STATUS mode=3 fault=none enc=225 denc=-3 sreq=-726 sapplied=-726 crate=-726 uimp=396235 upos=7315 uneg=2005 ball=60.16 vball=-45.76 aball=-100.8 bref=0.00 pid=-737.7 pref=116.8 ppos=190.6 apid=-0.0 integ=-0.0 vision=1 current=1 vframe=4069 vs=1 vage=1 vpage=1 vdt=33 vmax=568 vacc=4043 vrej=0 seq=0 elapsed=0 oled=3C
[  10781] STATUS mode=3 fault=none enc=208 denc=-5 sreq=-601 sapplied=-601 crate=-601 uimp=382605 upos=7315 uneg=2025 ball=60.16 vball=-45.76 aball=-100.8 bref=0.00 pid=-601.4 pref=116.8 ppos=177.0 apid=-0.0 integ=-0.0 vision=1 current=1 vframe=4069 vs=1 vage=21 vpage=21 vdt=33 vmax=568 vacc=4043 vrej=0 seq=0 elapsed=0 oled=3C
[  10797] STATUS mode=3 fault=none enc=183 denc=-2 sreq=-380 sapplied=-380 crate=-380 uimp=362800 upos=7315 uneg=2065 ball=58.79 vball=-44.47 aball=-77.7 bref=0.00 pid=-380.0 pref=119.2 ppos=157.2 apid=-0.0 integ=-0.0 vision=1 current=1 vframe=4070 vs=1 vage=25 vpage=25 vdt=36 vmax=568 vacc=4044 vrej=0 seq=0 elapsed=0 oled=3C
[  10827] STATUS mode=3 fault=none enc=174 denc=-2 sreq=-453 sapplied=-453 crate=-453 uimp=354405 upos=7315 uneg=2085 ball=57.10 vball=-46.60 aball=-77.7 bref=0.00 pid=-453.3 pref=103.5 ppos=148.8 apid=-0.0 integ=-0.0 vision=1 current=1 vframe=4071 vs=1 vage=12 vpage=12 vdt=33 vmax=568 vacc=4045 vrej=0 seq=0 elapsed=0 oled=3C
[  10858] STATUS mode=3 fault=none enc=155 denc=-2 sreq=-277 sapplied=-277 crate=-277 uimp=339690 upos=7315 uneg=2125 ball=55.68 vball=-45.16 aball=-77.7 bref=0.00 pid=-339.7 pref=106.4 ppos=140.4 apid=-0.0 integ=-0.0 vision=1 current=1 vframe=4072 vs=1 vage=1 vpage=1 vdt=31 vmax=568 vacc=4046 vrej=0 seq=0 elapsed=0 oled=3C
[  10891] STATUS mode=3 fault=none enc=149 denc=-1 sreq=-139 sapplied=-139 crate=-139 uimp=334990 upos=7315 uneg=2145 ball=54.46 vball=-42.62 aball=-34.2 bref=0.00 pid=-139.3 pref=115.4 ppos=129.4 apid=-0.0 integ=-0.0 vision=1 current=1 vframe=4073 vs=1 vage=7 vpage=7 vdt=34 vmax=568 vacc=4047 vrej=0 seq=0 elapsed=0 oled=3C
[  10922] STATUS mode=3 fault=none enc=145 denc=-1 sreq=-113 sapplied=-113 crate=-113 uimp=332410 upos=7315 uneg=2165 ball=54.46 vball=-42.62 aball=-34.2 bref=0.00 pid=-113.5 pref=115.4 ppos=126.8 apid=-0.0 integ=-0.0 vision=1 current=1 vframe=4073 vs=1 vage=27 vpage=27 vdt=34 vmax=568 vacc=4047 vrej=0 seq=0 elapsed=0 oled=3C
[  10936] STATUS mode=3 fault=none enc=140 denc=-1 sreq=-105 sapplied=-105 crate=-105 uimp=327510 upos=7315 uneg=2205 ball=53.04 vball=-42.58 aball=-34.2 bref=0.00 pid=-105.1 pref=111.4 ppos=121.9 apid=-0.0 integ=-0.0 vision=1 current=1 vframe=4074 vs=1 vage=32 vpage=32 vdt=35 vmax=568 vacc=4048 vrej=0 seq=0 elapsed=0 oled=3C
[  10968] STATUS mode=3 fault=none enc=138 denc=0 sreq=108 sapplied=108 crate=108 uimp=327555 upos=7320 uneg=2210 ball=52.13 vball=-37.76 aball=-34.2 bref=0.00 pid=108.1 pref=132.7 ppos=121.9 apid=-0.0 integ=-0.0 vision=1 current=1 vframe=4075 vs=1 vage=19 vpage=19 vdt=33 vmax=568 vacc=4049 vrej=0 seq=0 elapsed=0 oled=3C
[  11000] STATUS mode=3 fault=none enc=140 denc=1 sreq=193 sapplied=193 crate=193 uimp=329565 upos=7340 uneg=2210 ball=51.20 vball=-34.92 aball=15.1 bref=0.00 pid=202.2 pref=144.2 ppos=123.9 apid=0.0 integ=-0.0 vision=1 current=1 vframe=4076 vs=1 vage=5 vpage=5 vdt=34 vmax=568 vacc=4050 vrej=0 seq=0 elapsed=0 oled=3C
[  11016] STATUS mode=3 fault=none enc=151 denc=2 sreq=390 sapplied=390 crate=390 uimp=337960 upos=7380 uneg=2210 ball=50.68 vball=-29.17 aball=15.1 bref=0.00 pid=390.1 pref=171.3 ppos=132.3 apid=0.0 integ=-0.0 vision=1 current=1 vframe=4077 vs=1 vage=12 vpage=12 vdt=33 vmax=568 vacc=4051 vrej=0 seq=0 elapsed=0 oled=3C
[  11047] STATUS mode=3 fault=none enc=160 denc=1 sreq=318 sapplied=318 crate=318 uimp=345195 upos=7400 uneg=2210 ball=50.68 vball=-29.17 aball=15.1 bref=0.00 pid=317.8 pref=171.3 ppos=139.6 apid=0.0 integ=-0.0 vision=1 current=1 vframe=4077 vs=1 vage=32 vpage=32 vdt=33 vmax=568 vacc=4051 vrej=0 seq=0 elapsed=0 oled=3C
[  11077] STATUS mode=3 fault=none enc=172 denc=3 sreq=487 sapplied=487 crate=487 uimp=354030 upos=7420 uneg=2210 ball=50.30 vball=-23.79 aball=15.1 bref=0.00 pid=487.0 pref=197.1 ppos=148.4 apid=0.0 integ=-0.0 vision=1 current=1 vframe=4078 vs=1 vage=19 vpage=19 vdt=33 vmax=568 vacc=4052 vrej=0 seq=0 elapsed=0 oled=3C
[  11108] STATUS mode=3 fault=none enc=196 denc=3 sreq=444 sapplied=444 crate=444 uimp=373035 upos=7460 uneg=2210 ball=49.87 vball=-20.60 aball=72.8 bref=0.00 pid=443.6 pref=211.8 ppos=167.4 apid=0.0 integ=-0.0 vision=1 current=1 vframe=4079 vs=1 vage=25 vpage=25 vdt=34 vmax=568 vacc=4053 vrej=0 seq=0 elapsed=0 oled=3C
[  11125] STATUS mode=3 fault=none enc=208 denc=3 sreq=523 sapplied=523 crate=523 uimp=382720 upos=7480 uneg=2210 ball=49.60 vball=-16.91 aball=72.8 bref=0.00 pid=523.1 pref=229.4 ppos=177.1 apid=0.0 integ=-0.0 vision=1 current=1 vframe=4080 vs=1 vage=12 vpage=12 vdt=33 vmax=568 vacc=4054 vrej=0 seq=0 elapsed=0 oled=3C
[  11156] STATUS mode=3 fault=none enc=233 denc=4 sreq=518 sapplied=518 crate=518 uimp=402785 upos=7520 uneg=2210 ball=49.48 vball=-12.92 aball=72.8 bref=0.00 pid=426.1 pref=229.4 ppos=186.8 apid=0.0 integ=-0.0 vision=1 current=1 vframe=4080 vs=1 vage=32 vpage=32 vdt=33 vmax=568 vacc=4054 vrej=0 seq=0 elapsed=0 oled=3C
[  11186] STATUS mode=3 fault=none enc=245 denc=2 sreq=544 sapplied=544 crate=544 uimp=412395 upos=7540 uneg=2210 ball=49.49 vball=-9.05 aball=92.0 bref=0.00 pid=616.1 pref=268.4 ppos=206.8 apid=0.0 integ=-0.0 vision=1 current=1 vframe=4082 vs=1 vage=5 vpage=5 vdt=33 vmax=568 vacc=4056 vrej=0 seq=0 elapsed=0 oled=3C
[  11218] STATUS mode=3 fault=none enc=259 denc=3 sreq=505 sapplied=505 crate=505 uimp=423510 upos=7560 uneg=2210 ball=49.49 vball=-9.05 aball=92.0 bref=0.00 pid=504.9 pref=268.4 ppos=217.9 apid=0.0 integ=-0.0 vision=1 current=1 vframe=4082 vs=1 vage=25 vpage=25 vdt=33 vmax=568 vacc=4056 vrej=0 seq=0 elapsed=0 oled=3C
[  11233] STATUS mode=3 fault=none enc=283 denc=2 sreq=372 sapplied=372 crate=372 uimp=441820 upos=7600 uneg=2210 ball=49.30 vball=-7.94 aball=92.0 bref=0.00 pid=371.6 pref=273.4 ppos=236.2 apid=0.0 integ=-0.0 vision=1 current=1 vframe=4083 vs=1 vage=32 vpage=32 vdt=33 vmax=568 vacc=4057 vrej=0 seq=0 elapsed=0 oled=3C
[  11266] STATUS mode=3 fault=none enc=293 denc=2 sreq=387 sapplied=387 crate=387 uimp=450110 upos=7620 uneg=2210 ball=49.26 vball=-5.96 aball=92.0 bref=0.00 pid=386.5 pref=283.1 ppos=244.5 apid=0.0 integ=-0.0 vision=1 current=1 vframe=4084 vs=1 vage=19 vpage=19 vdt=33 vmax=568 vacc=4058 vrej=0 seq=0 elapsed=0 oled=3C
[  11297] STATUS mode=3 fault=none enc=303 denc=3 sreq=407 sapplied=407 crate=407 uimp=457280 upos=7640 uneg=2210 ball=49.27 vball=-4.13 aball=72.5 bref=0.00 pid=406.6 pref=292.3 ppos=251.7 apid=0.0 integ=-0.0 vision=1 current=1 vframe=4085 vs=1 vage=4 vpage=4 vdt=35 vmax=568 vacc=4059 vrej=0 seq=0 elapsed=0 oled=3C
[  11327] STATUS mode=3 fault=none enc=321 denc=2 sreq=341 sapplied=341 crate=341 uimp=471730 upos=7680 uneg=2210 ball=49.30 vball=-2.58 aball=72.5 bref=0.00 pid=340.5 pref=300.2 ppos=266.1 apid=0.0 integ=-0.0 vision=1 current=1 vframe=4086 vs=1 vage=12 vpage=12 vdt=32 vmax=568 vacc=4060 vrej=0 seq=0 elapsed=0 oled=3C
[  11343] STATUS mode=3 fault=none enc=329 denc=1 sreq=277 sapplied=277 crate=277 uimp=478045 upos=7700 uneg=2210 ball=49.30 vball=-2.58 aball=72.5 bref=0.00 pid=277.4 pref=300.2 ppos=272.4 apid=0.0 integ=-0.0 vision=1 current=1 vframe=4086 vs=1 vage=32 vpage=32 vdt=32 vmax=568 vacc=4060 vrej=0 seq=0 elapsed=0 oled=3C
[  11375] STATUS mode=3 fault=none enc=337 denc=2 sreq=279 sapplied=279 crate=279 uimp=484075 upos=7720 uneg=2210 ball=49.35 vball=-1.37 aball=72.5 bref=0.00 pid=279.1 pref=306.4 ppos=278.4 apid=0.0 integ=-0.0 vision=1 current=1 vframe=4087 vs=1 vage=19 vpage=19 vdt=33 vmax=568 vacc=4061 vrej=0 seq=0 elapsed=0 oled=3C
[  11406] STATUS mode=3 fault=none enc=353 denc=3 sreq=308 sapplied=308 crate=308 uimp=496065 upos=7760 uneg=2210 ball=49.63 vball=1.44 aball=65.2 bref=0.00 pid=308.0 pref=321.2 ppos=290.4 apid=0.0 integ=-0.0 vision=1 current=1 vframe=4088 vs=1 vage=25 vpage=25 vdt=34 vmax=568 vacc=4062 vrej=0 seq=0 elapsed=0 oled=3C
[  11422] STATUS mode=3 fault=none enc=362 denc=3 sreq=341 sapplied=341 crate=341 uimp=502755 upos=7780 uneg=2210 ball=49.89 vball=3.29 aball=65.2 bref=0.00 pid=341.4 pref=331.3 ppos=297.1 apid=0.0 integ=-0.0 vision=1 current=1 vframe=4089 vs=1 vage=12 vpage=12 vdt=33 vmax=568 vacc=4063 vrej=0 seq=0 elapsed=0 oled=3C
[  11452] STATUS mode=3 fault=none enc=370 denc=2 sreq=278 sapplied=278 crate=278 uimp=509085 upos=7800 uneg=2210 ball=49.89 vball=3.29 aball=65.2 bref=0.00 pid=278.1 pref=331.3 ppos=303.5 apid=0.0 integ=-0.0 vision=1 current=1 vframe=4089 vs=1 vage=32 vpage=32 vdt=33 vmax=568 vacc=4063 vrej=0 seq=0 elapsed=0 oled=3C
[  11483] STATUS mode=3 fault=none enc=380 denc=0 sreq=138 sapplied=138 crate=138 uimp=517935 upos=7840 uneg=2210 ball=49.98 vball=2.20 aball=39.3 bref=0.00 pid=137.9 pref=326.1 ppos=312.3 apid=0.0 integ=-0.0 vision=1 current=1 vframe=4091 vs=1 vage=5 vpage=5 vdt=34 vmax=568 vacc=4065 vrej=0 seq=0 elapsed=0 oled=3C
[  11516] STATUS mode=3 fault=none enc=384 denc=2 sreq=112 sapplied=112 crate=112 uimp=520490 upos=7860 uneg=2210 ball=49.98 vball=2.20 aball=39.3 bref=0.00 pid=112.3 pref=326.1 ppos=314.9 apid=0.0 integ=-0.0 vision=1 current=1 vframe=4091 vs=1 vage=25 vpage=25 vdt=34 vmax=568 vacc=4065 vrej=0 seq=0 elapsed=0 oled=3C
[  11531] STATUS mode=3 fault=none enc=387 denc=1 sreq=131 sapplied=131 crate=131 uimp=523000 upos=7880 uneg=2210 ball=50.18 vball=2.79 aball=39.3 bref=0.00 pid=131.2 pref=330.5 ppos=317.4 apid=0.0 integ=0.9 vision=1 current=1 vframe=4092 vs=1 vage=11 vpage=11 vdt=34 vmax=568 vacc=4066 vrej=0 seq=0 elapsed=0 oled=3C
[  11561] STATUS mode=3 fault=none enc=392 denc=-1 sreq=100 sapplied=100 crate=100 uimp=527635 upos=7920 uneg=2210 ball=50.29 vball=2.87 aball=39.3 bref=0.00 pid=100.0 pref=332.0 ppos=322.0 apid=0.0 integ=1.6 vision=1 current=1 vframe=4093 vs=1 vage=20 vpage=20 vdt=31 vmax=568 vacc=4067 vrej=0 seq=0 elapsed=0 oled=3C
[  11593] STATUS mode=3 fault=none enc=395 denc=0 sreq=0 sapplied=0 crate=19 uimp=529060 upos=7935 uneg=2210 ball=50.22 vball=1.41 aball=18.0 bref=0.00 pid=18.9 pref=325.3 ppos=323.4 apid=0.0 integ=2.5 vision=1 current=1 vframe=4094 vs=1 vage=7 vpage=7 vdt=33 vmax=568 vacc=4068 vrej=0 seq=0 elapsed=0 oled=3C
[  11608] STATUS mode=3 fault=none enc=395 denc=0 sreq=0 sapplied=0 crate=19 uimp=529060 upos=7935 uneg=2210 ball=50.22 vball=1.41 aball=18.0 bref=0.00 pid=18.9 pref=325.3 ppos=323.4 apid=0.0 integ=2.5 vision=1 current=1 vframe=4094 vs=1 vage=27 vpage=27 vdt=33 vmax=568 vacc=4068 vrej=0 seq=0 elapsed=0 oled=3C
[  11641] STATUS mode=3 fault=none enc=389 denc=-1 sreq=-203 sapplied=-203 crate=-203 uimp=523525 upos=7935 uneg=2235 ball=49.67 vball=-3.98 aball=18.0 bref=0.00 pid=-203.3 pref=297.6 ppos=317.9 apid=0.0 integ=3.3 vision=1 current=1 vframe=4095 vs=1 vage=33 vpage=33 vdt=34 vmax=568 vacc=4069 vrej=0 seq=0 elapsed=0 oled=3C
[  11672] STATUS mode=3 fault=none enc=382 denc=-2 sreq=-256 sapplied=-256 crate=-256 uimp=518255 upos=7935 uneg=2255 ball=49.31 vball=-5.87 aball=18.0 bref=0.00 pid=-255.9 pref=287.0 ppos=312.6 apid=0.0 integ=3.3 vision=1 current=1 vframe=4096 vs=1 vage=20 vpage=20 vdt=33 vmax=568 vacc=4070 vrej=0 seq=0 elapsed=0 oled=3C
[  11702] STATUS mode=3 fault=none enc=377 denc=-1 sreq=-195 sapplied=-195 crate=-195 uimp=513580 upos=7935 uneg=2275 ball=49.16 vball=-5.49 aball=-21.2 bref=0.00 pid=-194.6 pref=288.5 ppos=308.0 apid=-0.0 integ=3.3 vision=1 current=1 vframe=4097 vs=1 vage=7 vpage=7 vdt=33 vmax=568 vacc=4071 vrej=0 seq=0 elapsed=0 oled=3C
[  11718] STATUS mode=3 fault=none enc=366 denc=-2 sreq=-360 sapplied=-360 crate=-360 uimp=505410 upos=7935 uneg=2315 ball=48.46 vball=-10.01 aball=-21.2 bref=0.00 pid=-359.9 pref=263.8 ppos=299.8 apid=-0.0 integ=-0.0 vision=1 current=1 vframe=4098 vs=1 vage=13 vpage=13 vdt=34 vmax=568 vacc=4072 vrej=0 seq=0 elapsed=0 oled=3C
[  11750] STATUS mode=3 fault=none enc=357 denc=-2 sreq=-293 sapplied=-293 crate=-293 uimp=498730 upos=7935 uneg=2335 ball=48.46 vball=-10.01 aball=-21.2 bref=0.00 pid=-293.1 pref=263.8 ppos=293.1 apid=-0.0 integ=-0.0 vision=1 current=1 vframe=4098 vs=1 vage=33 vpage=33 vdt=34 vmax=568 vacc=4072 vrej=0 seq=0 elapsed=0 oled=3C
[  11781] STATUS mode=3 fault=none enc=351 denc=0 sreq=-86 sapplied=-86 crate=-86 uimp=495835 upos=7935 uneg=2350 ball=47.28 vball=-13.94 aball=-48.9 bref=0.00 pid=-107.8 pref=279.4 ppos=290.2 apid=-0.0 integ=-0.0 vision=1 current=1 vframe=4100 vs=1 vage=5 vpage=5 vdt=33 vmax=568 vacc=4074 vrej=0 seq=0 elapsed=0 oled=3C
[  11811] STATUS mode=3 fault=none enc=350 denc=1 sreq=-89 sapplied=-89 crate=-89 uimp=493930 upos=7935 uneg=2370 ball=47.28 vball=-13.94 aball=-48.9 bref=0.00 pid=-88.8 pref=279.4 ppos=288.3 apid=-0.0 integ=-0.0 vision=1 current=1 vframe=4100 vs=1 vage=25 vpage=25 vdt=33 vmax=568 vacc=4074 vrej=0 seq=0 elapsed=0 oled=3C
[  11827] STATUS mode=3 fault=none enc=347 denc=0 sreq=-312 sapplied=-312 crate=-312 uimp=490725 upos=7935 uneg=2390 ball=46.33 vball=-18.47 aball=-48.9 bref=0.00 pid=-311.7 pref=253.9 ppos=285.1 apid=-0.0 integ=-0.0 vision=1 current=1 vframe=4101 vs=1 vage=12 vpage=12 vdt=33 vmax=568 vacc=4075 vrej=0 seq=0 elapsed=0 oled=3C
[  11858] STATUS mode=3 fault=none enc=332 denc=-2 sreq=-307 sapplied=-307 crate=-307 uimp=478580 upos=7935 uneg=2430 ball=45.49 vball=-20.31 aball=-48.9 bref=0.00 pid=-307.5 pref=242.2 ppos=273.0 apid=-0.0 integ=-0.0 vision=1 current=1 vframe=4102 vs=1 vage=18 vpage=18 vdt=34 vmax=568 vacc=4076 vrej=0 seq=0 elapsed=0 oled=3C
[  11891] STATUS mode=3 fault=none enc=325 denc=-2 sreq=-299 sapplied=-299 crate=-299 uimp=472875 upos=7935 uneg=2450 ball=44.77 vball=-20.84 aball=-58.0 bref=0.00 pid=-298.5 pref=237.4 ppos=267.2 apid=-0.0 integ=-0.0 vision=1 current=1 vframe=4103 vs=1 vage=5 vpage=5 vdt=33 vmax=568 vacc=4077 vrej=0 seq=0 elapsed=0 oled=3C
[  11922] STATUS mode=3 fault=none enc=317 denc=-2 sreq=-243 sapplied=-243 crate=-243 uimp=467335 upos=7935 uneg=2470 ball=44.77 vball=-20.84 aball=-58.0 bref=0.00 pid=-243.1 pref=237.4 ppos=261.7 apid=-0.0 integ=-0.0 vision=1 current=1 vframe=4103 vs=1 vage=25 vpage=25 vdt=33 vmax=568 vacc=4077 vrej=0 seq=0 elapsed=0 oled=3C
[  11952] STATUS mode=3 fault=none enc=302 denc=-2 sreq=-279 sapplied=-279 crate=-279 uimp=455165 upos=7935 uneg=2510 ball=43.81 vball=-23.41 aball=-58.0 bref=0.00 pid=-278.7 pref=221.7 ppos=249.5 apid=-0.0 integ=-0.0 vision=1 current=1 vframe=4104 vs=1 vage=32 vpage=32 vdt=33 vmax=568 vacc=4078 vrej=0 seq=0 elapsed=0 oled=3C
[  11968] STATUS mode=3 fault=none enc=296 denc=-1 sreq=-233 sapplied=-233 crate=-233 uimp=449900 upos=7935 uneg=2530 ball=43.04 vball=-23.08 aball=-58.0 bref=0.00 pid=-232.7 pref=221.0 ppos=244.3 apid=-0.0 integ=-0.0 vision=1 current=1 vframe=4105 vs=1 vage=18 vpage=18 vdt=34 vmax=568 vacc=4079 vrej=0 seq=0 elapsed=0 oled=3C
[  12000] STATUS mode=3 fault=none enc=287 denc=-2 sreq=-112 sapplied=-112 crate=-112 uimp=443025 upos=7935 uneg=2570 ball=42.44 vball=-21.69 aball=-35.7 bref=0.00 pid=-112.4 pref=226.2 ppos=237.4 apid=-0.0 integ=-0.0 vision=1 current=1 vframe=4106 vs=1 vage=25 vpage=25 vdt=33 vmax=568 vacc=4080 vrej=0 seq=0 elapsed=0 oled=3C
[  12031] STATUS mode=3 fault=none enc=283 denc=-2 sreq=-162 sapplied=-162 crate=-162 uimp=440185 upos=7935 uneg=2590 ball=41.63 vball=-22.76 aball=-35.7 bref=0.00 pid=-161.8 pref=218.4 ppos=234.6 apid=-0.0 integ=-0.0 vision=1 current=1 vframe=4107 vs=1 vage=11 vpage=11 vdt=34 vmax=568 vacc=4081 vrej=0 seq=0 elapsed=0 oled=3C
[  12061] STATUS mode=3 fault=none enc=279 denc=-2 sreq=-132 sapplied=-132 crate=-132 uimp=437180 upos=7935 uneg=2610 ball=41.63 vball=-22.76 aball=-35.7 bref=0.00 pid=-131.8 pref=218.4 ppos=231.6 apid=-0.0 integ=-0.0 vision=1 current=1 vframe=4107 vs=1 vage=31 vpage=31 vdt=34 vmax=568 vacc=4081 vrej=0 seq=0 elapsed=0 oled=3C
[  12077] STATUS mode=3 fault=none enc=269 denc=-2 sreq=-268 sapplied=-268 crate=-268 uimp=429625 upos=7935 uneg=2650 ball=39.63 vball=-26.54 aball=-41.5 bref=0.00 pid=-305.2 pref=193.5 ppos=224.0 apid=-0.0 integ=-0.0 vision=1 current=1 vframe=4109 vs=1 vage=5 vpage=5 vdt=33 vmax=568 vacc=4083 vrej=0 seq=0 elapsed=0 oled=3C
[  12108] STATUS mode=3 fault=none enc=262 denc=-2 sreq=-250 sapplied=-250 crate=-250 uimp=424125 upos=7935 uneg=2670 ball=39.63 vball=-26.54 aball=-41.5 bref=0.00 pid=-250.2 pref=193.5 ppos=218.5 apid=-0.0 integ=-0.0 vision=1 current=1 vframe=4109 vs=1 vage=25 vpage=25 vdt=33 vmax=568 vacc=4083 vrej=0 seq=0 elapsed=0 oled=3C
[  12141] STATUS mode=3 fault=none enc=257 denc=-1 sreq=-194 sapplied=-194 crate=-194 uimp=419590 upos=7935 uneg=2690 ball=38.82 vball=-25.84 aball=-41.5 bref=0.00 pid=-194.2 pref=194.5 ppos=214.0 apid=-0.0 integ=-0.0 vision=1 current=1 vframe=4110 vs=1 vage=11 vpage=11 vdt=34 vmax=568 vacc=4084 vrej=0 seq=0 elapsed=0 oled=3C
[  12172] STATUS mode=3 fault=none enc=247 denc=-2 sreq=-193 sapplied=-193 crate=-193 uimp=411990 upos=7935 uneg=2730 ball=37.82 vball=-26.73 aball=-41.5 bref=0.00 pid=-192.7 pref=187.1 ppos=206.4 apid=-0.0 integ=-0.0 vision=1 current=1 vframe=4111 vs=1 vage=20 vpage=20 vdt=31 vmax=568 vacc=4085 vrej=0 seq=0 elapsed=0 oled=3C
[  12186] STATUS mode=3 fault=none enc=244 denc=0 sreq=-127 sapplied=-127 crate=-127 uimp=408570 upos=7935 uneg=2750 ball=37.06 vball=-25.65 aball=-18.7 bref=0.00 pid=-127.3 pref=190.2 ppos=202.9 apid=-0.0 integ=-0.0 vision=1 current=1 vframe=4112 vs=1 vage=8 vpage=8 vdt=32 vmax=568 vacc=4086 vrej=0 seq=0 elapsed=0 oled=3C
[  12218] STATUS mode=3 fault=none enc=238 denc=-1 sreq=36 sapplied=36 crate=36 uimp=405200 upos=7935 uneg=2780 ball=36.54 vball=-22.74 aball=-18.7 bref=0.00 pid=36.3 pref=203.2 ppos=199.6 apid=-0.0 integ=-0.0 vision=1 current=1 vframe=4113 vs=1 vage=14 vpage=14 vdt=34 vmax=568 vacc=4087 vrej=0 seq=0 elapsed=0 oled=3C
[  12250] STATUS mode=3 fault=none enc=239 denc=1 sreq=131 sapplied=131 crate=131 uimp=405875 upos=7955 uneg=2780 ball=36.09 vball=-20.01 aball=-18.7 bref=0.00 pid=152.6 pref=215.5 ppos=200.2 apid=-0.0 integ=-0.0 vision=1 current=1 vframe=4114 vs=1 vage=1 vpage=1 vdt=33 vmax=568 vacc=4088 vrej=0 seq=0 elapsed=0 oled=3C
[  12281] STATUS mode=3 fault=none enc=241 denc=1 sreq=125 sapplied=125 crate=125 uimp=408615 upos=7975 uneg=2780 ball=36.09 vball=-20.01 aball=-18.7 bref=0.00 pid=125.2 pref=215.5 ppos=203.0 apid=-0.0 integ=-0.0 vision=1 current=1 vframe=4114 vs=1 vage=21 vpage=21 vdt=33 vmax=568 vacc=4088 vrej=0 seq=0 elapsed=0 oled=3C
[  12297] STATUS mode=3 fault=none enc=251 denc=1 sreq=220 sapplied=220 crate=220 uimp=416485 upos=8015 uneg=2780 ball=35.82 vball=-16.37 aball=31.5 bref=0.00 pid=220.4 pref=232.9 ppos=210.9 apid=0.0 integ=-0.0 vision=1 current=1 vframe=4115 vs=1 vage=28 vpage=28 vdt=33 vmax=568 vacc=4089 vrej=0 seq=0 elapsed=0 oled=3C
[  12327] STATUS mode=3 fault=none enc=258 denc=3 sreq=391 sapplied=391 crate=391 uimp=422220 upos=8035 uneg=2780 ball=35.79 vball=-11.79 aball=31.5 bref=0.00 pid=391.1 pref=255.7 ppos=216.6 apid=0.0 integ=-0.0 vision=1 current=1 vframe=4116 vs=1 vage=14 vpage=14 vdt=34 vmax=568 vacc=4090 vrej=0 seq=0 elapsed=0 oled=3C
[  12358] STATUS mode=3 fault=none enc=267 denc=2 sreq=435 sapplied=435 crate=435 uimp=429475 upos=8055 uneg=2780 ball=35.90 vball=-7.35 aball=31.5 bref=0.00 pid=543.9 pref=278.2 ppos=223.8 apid=0.0 integ=-0.0 vision=1 current=1 vframe=4117 vs=1 vage=1 vpage=1 vdt=33 vmax=568 vacc=4091 vrej=0 seq=0 elapsed=0 oled=3C
[  12391] STATUS mode=3 fault=none enc=292 denc=4 sreq=502 sapplied=502 crate=502 uimp=448000 upos=8095 uneg=2780 ball=35.98 vball=-4.54 aball=70.0 bref=0.00 pid=501.5 pref=292.5 ppos=242.4 apid=0.0 integ=-0.0 vision=1 current=1 vframe=4118 vs=1 vage=7 vpage=7 vdt=34 vmax=568 vacc=4092 vrej=0 seq=0 elapsed=0 oled=3C
[  12406] STATUS mode=3 fault=none enc=303 denc=2 sreq=408 sapplied=408 crate=408 uimp=457305 upos=8115 uneg=2780 ball=35.98 vball=-4.54 aball=70.0 bref=0.00 pid=408.5 pref=292.5 ppos=251.7 apid=0.0 integ=-0.0 vision=1 current=1 vframe=4118 vs=1 vage=27 vpage=27 vdt=34 vmax=568 vacc=4092 vrej=0 seq=0 elapsed=0 oled=3C
[  12436] STATUS mode=3 fault=none enc=314 denc=3 sreq=414 sapplied=414 crate=414 uimp=465750 upos=8135 uneg=2780 ball=36.02 vball=-2.77 aball=70.0 bref=0.00 pid=413.7 pref=301.5 ppos=260.1 apid=0.0 integ=-0.0 vision=1 current=1 vframe=4119 vs=1 vage=15 vpage=15 vdt=32 vmax=568 vacc=4093 vrej=0 seq=0 elapsed=0 oled=3C
[  12468] STATUS mode=3 fault=none enc=331 denc=1 sreq=245 sapplied=245 crate=245 uimp=479010 upos=8175 uneg=2780 ball=35.85 vball=-3.39 aball=70.0 bref=0.00 pid=245.1 pref=297.9 ppos=273.4 apid=0.0 integ=-0.0 vision=1 current=1 vframe=4120 vs=1 vage=22 vpage=22 vdt=33 vmax=568 vacc=4094 vrej=0 seq=0 elapsed=0 oled=3C
[  12483] STATUS mode=3 fault=none enc=337 denc=1 sreq=208 sapplied=208 crate=208 uimp=483600 upos=8195 uneg=2780 ball=35.77 vball=-3.16 aball=44.9 bref=0.00 pid=208.2 pref=298.8 ppos=278.0 apid=0.0 integ=-0.0 vision=1 current=1 vframe=4121 vs=1 vage=9 vpage=9 vdt=33 vmax=568 vacc=4095 vrej=0 seq=0 elapsed=0 oled=3C
[  12516] STATUS mode=3 fault=none enc=342 denc=1 sreq=170 sapplied=170 crate=170 uimp=487465 upos=8215 uneg=2780 ball=35.77 vball=-3.16 aball=44.9 bref=0.00 pid=169.6 pref=298.8 ppos=281.8 apid=0.0 integ=-0.0 vision=1 current=1 vframe=4121 vs=1 vage=29 vpage=29 vdt=33 vmax=568 vacc=4095 vrej=0 seq=0 elapsed=0 oled=3C
[  12547] STATUS mode=3 fault=none enc=349 denc=0 sreq=201 sapplied=201 crate=201 uimp=494145 upos=8255 uneg=2780 ball=35.80 vball=-1.22 aball=44.9 bref=0.00 pid=200.7 pref=308.6 ppos=288.5 apid=0.0 integ=-0.0 vision=1 current=1 vframe=4123 vs=1 vage=2 vpage=2 vdt=33 vmax=568 vacc=4097 vrej=0 seq=0 elapsed=0 oled=3C
[  12577] STATUS mode=3 fault=none enc=355 denc=1 sreq=163 sapplied=163 crate=163 uimp=497870 upos=8275 uneg=2780 ball=35.80 vball=-1.22 aball=44.9 bref=0.00 pid=163.5 pref=308.6 ppos=292.2 apid=0.0 integ=-0.0 vision=1 current=1 vframe=4123 vs=1 vage=22 vpage=22 vdt=33 vmax=568 vacc=4097 vrej=0 seq=0 elapsed=0 oled=3C
[  12593] STATUS mode=3 fault=none enc=363 denc=1 sreq=138 sapplied=138 crate=138 uimp=504245 upos=8315 uneg=2780 ball=35.84 vball=-0.47 aball=36.5 bref=0.00 pid=138.4 pref=312.5 ppos=298.6 apid=0.0 integ=-0.0 vision=1 current=1 vframe=4124 vs=1 vage=27 vpage=27 vdt=35 vmax=568 vacc=4098 vrej=0 seq=0 elapsed=0 oled=3C
[  12625] STATUS mode=3 fault=none enc=367 denc=0 sreq=166 sapplied=166 crate=166 uimp=507390 upos=8335 uneg=2780 ball=35.94 vball=0.54 aball=36.5 bref=0.00 pid=166.4 pref=318.4 ppos=301.8 apid=0.0 integ=0.6 vision=1 current=1 vframe=4125 vs=1 vage=14 vpage=14 vdt=33 vmax=568 vacc=4099 vrej=0 seq=0 elapsed=0 oled=3C
[  12656] STATUS mode=3 fault=none enc=371 denc=0 sreq=136 sapplied=136 crate=136 uimp=510475 upos=8355 uneg=2780 ball=35.94 vball=0.54 aball=36.5 bref=0.00 pid=135.5 pref=318.4 ppos=304.8 apid=0.0 integ=0.6 vision=1 current=1 vframe=4125 vs=1 vage=34 vpage=34 vdt=33 vmax=568 vacc=4099 vrej=0 seq=0 elapsed=0 oled=3C
[  12686] STATUS mode=3 fault=none enc=379 denc=1 sreq=0 sapplied=0 crate=15 uimp=515870 upos=8395 uneg=2780 ball=35.68 vball=-2.03 aball=13.2 bref=0.00 pid=-42.4 pref=306.0 ppos=310.2 apid=0.0 integ=1.8 vision=1 current=1 vframe=4127 vs=1 vage=5 vpage=5 vdt=34 vmax=568 vacc=4101 vrej=0 seq=0 elapsed=0 oled=3C
[  12702] STATUS mode=3 fault=none enc=378 denc=0 sreq=-38 sapplied=-38 crate=-38 uimp=515460 upos=8395 uneg=2790 ball=35.68 vball=-2.03 aball=13.2 bref=0.00 pid=-38.3 pref=306.0 ppos=309.8 apid=0.0 integ=1.8 vision=1 current=1 vframe=4127 vs=1 vage=25 vpage=25 vdt=34 vmax=568 vacc=4101 vrej=0 seq=0 elapsed=0 oled=3C
[  12733] STATUS mode=3 fault=none enc=378 denc=1 sreq=-181 sapplied=-181 crate=-181 uimp=513460 upos=8395 uneg=2810 ball=35.30 vball=-5.05 aball=13.2 bref=0.00 pid=-180.7 pref=289.8 ppos=307.8 apid=0.0 integ=1.8 vision=1 current=1 vframe=4128 vs=1 vage=13 vpage=13 vdt=32 vmax=568 vacc=4102 vrej=0 seq=0 elapsed=0 oled=3C
[  12766] STATUS mode=3 fault=none enc=370 denc=-1 sreq=-120 sapplied=-120 crate=-120 uimp=507375 upos=8395 uneg=2850 ball=35.30 vball=-5.05 aball=13.2 bref=0.00 pid=-119.8 pref=289.8 ppos=301.7 apid=0.0 integ=1.8 vision=1 current=0 vframe=4136 vs=0 vage=19 vpage=19 vdt=34 vmax=568 vacc=4108 vrej=0 seq=0 elapsed=0 oled=3C
[  12781] STATUS mode=3 fault=none enc=367 denc=0 sreq=-125 sapplied=-125 crate=-125 uimp=505005 upos=8395 uneg=2870 ball=34.97 vball=-5.43 aball=-8.2 bref=0.00 pid=-125.0 pref=286.9 ppos=299.4 apid=-0.0 integ=1.8 vision=1 current=1 vframe=4137 vs=1 vage=6 vpage=6 vdt=33 vmax=568 vacc=4109 vrej=0 seq=0 elapsed=0 oled=3C
[  12811] STATUS mode=3 fault=none enc=363 denc=-2 sreq=-102 sapplied=-102 crate=-102 uimp=502685 upos=8395 uneg=2890 ball=34.97 vball=-5.43 aball=-8.2 bref=0.00 pid=-101.8 pref=286.9 ppos=297.1 apid=-0.0 integ=1.8 vision=1 current=1 vframe=4137 vs=1 vage=26 vpage=26 vdt=33 vmax=568 vacc=4109 vrej=0 seq=0 elapsed=0 oled=3C
[  12843] STATUS mode=3 fault=none enc=352 denc=-2 sreq=-264 sapplied=-264 crate=-264 uimp=493215 upos=8395 uneg=2930 ball=34.27 vball=-10.14 aball=-8.2 bref=0.00 pid=-263.6 pref=261.2 ppos=287.6 apid=-0.0 integ=-0.0 vision=1 current=1 vframe=4138 vs=1 vage=33 vpage=33 vdt=33 vmax=568 vacc=4110 vrej=0 seq=0 elapsed=0 oled=3C
[  12875] STATUS mode=3 fault=none enc=347 denc=-1 sreq=0 sapplied=0 crate=11 uimp=490755 upos=8395 uneg=2945 ball=33.71 vball=-12.01 aball=-8.2 bref=0.00 pid=11.4 pref=286.3 ppos=285.1 apid=-0.0 integ=-0.0 vision=1 current=1 vframe=4139 vs=1 vage=19 vpage=19 vdt=34 vmax=568 vacc=4111 vrej=0 seq=0 elapsed=0 oled=3C
[  12891] STATUS mode=3 fault=none enc=347 denc=0 sreq=73 sapplied=73 crate=73 uimp=490755 upos=8395 uneg=2945 ball=33.46 vball=-10.63 aball=-27.9 bref=0.00 pid=72.9 pref=292.4 ppos=285.1 apid=-0.0 integ=-0.0 vision=1 current=1 vframe=4140 vs=1 vage=6 vpage=6 vdt=33 vmax=568 vacc=4112 vrej=0 seq=0 elapsed=0 oled=3C
[  12922] STATUS mode=3 fault=none enc=349 denc=-1 sreq=-59 sapplied=-59 crate=-59 uimp=492375 upos=8425 uneg=2950 ball=32.90 vball=-12.61 aball=-27.9 bref=0.00 pid=-59.1 pref=280.8 ppos=286.7 apid=-0.0 integ=-0.0 vision=1 current=1 vframe=4141 vs=1 vage=13 vpage=13 vdt=33 vmax=568 vacc=4113 vrej=0 seq=0 elapsed=0 oled=3C
[  12952] STATUS mode=3 fault=none enc=348 denc=-1 sreq=-48 sapplied=-48 crate=-48 uimp=491280 upos=8425 uneg=2970 ball=32.90 vball=-12.61 aball=-27.9 bref=0.00 pid=-48.1 pref=280.8 ppos=285.7 apid=-0.0 integ=-0.0 vision=1 current=1 vframe=4141 vs=1 vage=33 vpage=33 vdt=33 vmax=568 vacc=4113 vrej=0 seq=0 elapsed=0 oled=3C
[  12983] STATUS mode=3 fault=none enc=347 denc=0 sreq=-112 sapplied=-112 crate=-112 uimp=489175 upos=8425 uneg=2990 ball=32.31 vball=-13.96 aball=-27.9 bref=0.00 pid=-112.3 pref=272.3 ppos=283.5 apid=-0.0 integ=-0.0 vision=1 current=1 vframe=4142 vs=1 vage=19 vpage=19 vdt=34 vmax=568 vacc=4114 vrej=0 seq=0 elapsed=0 oled=3C
[  13000] STATUS mode=3 fault=none enc=343 denc=2 sreq=-86 sapplied=-86 crate=-86 uimp=485045 upos=8425 uneg=3030 ball=31.83 vball=-13.98 aball=-30.4 bref=0.00 pid=-86.4 pref=270.8 ppos=279.4 apid=-0.0 integ=-0.0 vision=1 current=1 vframe=4143 vs=1 vage=26 vpage=26 vdt=33 vmax=568 vacc=4115 vrej=0 seq=0 elapsed=0 oled=3C
[  13031] STATUS mode=3 fault=none enc=339 denc=-2 sreq=-77 sapplied=-77 crate=-77 uimp=483375 upos=8425 uneg=3050 ball=31.38 vball=-13.85 aball=-30.4 bref=0.00 pid=-76.7 pref=270.1 ppos=277.7 apid=-0.0 integ=-0.0 vision=1 current=1 vframe=4144 vs=1 vage=13 vpage=13 vdt=33 vmax=568 vacc=4116 vrej=0 seq=0 elapsed=0 oled=3C
[  13061] STATUS mode=3 fault=none enc=337 denc=-1 sreq=-37 sapplied=-37 crate=-37 uimp=481025 upos=8425 uneg=3090 ball=31.00 vball=-13.30 aball=-30.4 bref=0.00 pid=-37.1 pref=271.7 ppos=275.4 apid=-0.0 integ=-0.0 vision=1 current=1 vframe=4145 vs=1 vage=19 vpage=19 vdt=34 vmax=568 vacc=4117 vrej=0 seq=0 elapsed=0 oled=3C
[  13093] STATUS mode=3 fault=none enc=336 denc=-1 sreq=-127 sapplied=-127 crate=-127 uimp=479830 upos=8425 uneg=3110 ball=30.38 vball=-14.96 aball=-21.1 bref=0.00 pid=-126.7 pref=261.5 ppos=274.2 apid=-0.0 integ=-0.0 vision=1 current=1 vframe=4146 vs=1 vage=6 vpage=6 vdt=33 vmax=568 vacc=4118 vrej=0 seq=0 elapsed=0 oled=3C
[  13125] STATUS mode=3 fault=none enc=335 denc=1 sreq=-103 sapplied=-103 crate=-103 uimp=477480 upos=8425 uneg=3130 ball=30.38 vball=-14.96 aball=-21.1 bref=0.00 pid=-103.2 pref=261.5 ppos=271.9 apid=-0.0 integ=-0.0 vision=1 current=1 vframe=4146 vs=1 vage=26 vpage=26 vdt=33 vmax=568 vacc=4118 vrej=0 seq=0 elapsed=0 oled=3C
[  13141] STATUS mode=3 fault=none enc=331 denc=1 sreq=-58 sapplied=-58 crate=-58 uimp=474400 upos=8425 uneg=3170 ball=29.94 vball=-14.40 aball=-21.1 bref=0.00 pid=-57.6 pref=263.0 ppos=268.8 apid=-0.0 integ=-0.0 vision=1 current=1 vframe=4147 vs=1 vage=33 vpage=33 vdt=33 vmax=568 vacc=4119 vrej=0 seq=0 elapsed=0 oled=3C
[  13172] STATUS mode=3 fault=none enc=328 denc=-2 sreq=-349 sapplied=-349 crate=-349 uimp=470240 upos=8425 uneg=3190 ball=28.79 vball=-20.37 aball=-21.1 bref=0.00 pid=-349.0 pref=229.7 ppos=264.6 apid=-0.0 integ=-0.0 vision=1 current=1 vframe=4148 vs=1 vage=19 vpage=19 vdt=34 vmax=568 vacc=4120 vrej=0 seq=0 elapsed=0 oled=3C
[  13202] STATUS mode=3 fault=none enc=319 denc=-3 sreq=-281 sapplied=-281 crate=-281 uimp=463780 upos=8425 uneg=3210 ball=28.14 vball=-19.92 aball=-33.9 bref=0.00 pid=-281.4 pref=230.0 ppos=258.2 apid=-0.0 integ=-0.0 vision=1 current=1 vframe=4149 vs=1 vage=6 vpage=6 vdt=33 vmax=568 vacc=4121 vrej=0 seq=0 elapsed=0 oled=3C
[  13233] STATUS mode=3 fault=none enc=306 denc=-2 sreq=-228 sapplied=-228 crate=-228 uimp=453865 upos=8425 uneg=3250 ball=27.43 vball=-20.41 aball=-33.9 bref=0.00 pid=-228.1 pref=225.4 ppos=248.2 apid=-0.0 integ=-0.0 vision=1 current=1 vframe=4150 vs=1 vage=13 vpage=13 vdt=33 vmax=568 vacc=4122 vrej=0 seq=0 elapsed=0 oled=3C
[  13250] STATUS mode=3 fault=none enc=301 denc=-1 sreq=-186 sapplied=-186 crate=-186 uimp=449630 upos=8425 uneg=3270 ball=27.43 vball=-20.41 aball=-33.9 bref=0.00 pid=-185.7 pref=225.4 ppos=244.0 apid=-0.0 integ=-0.0 vision=1 current=1 vframe=4150 vs=1 vage=33 vpage=33 vdt=33 vmax=568 vacc=4122 vrej=0 seq=0 elapsed=0 oled=3C
[  13281] STATUS mode=3 fault=none enc=297 denc=-2 sreq=0 sapplied=0 crate=0 uimp=446975 upos=8425 uneg=3305 ball=26.61 vball=-16.56 aball=-3.6 bref=0.00 pid=0.0 pref=242.2 ppos=241.3 apid=-0.0 integ=-0.0 vision=1 current=1 vframe=4152 vs=1 vage=6 vpage=6 vdt=33 vmax=568 vacc=4124 vrej=0 seq=0 elapsed=0 oled=3C
[  13311] STATUS mode=3 fault=none enc=297 denc=0 sreq=0 sapplied=0 crate=0 uimp=446975 upos=8425 uneg=3305 ball=26.61 vball=-16.56 aball=-3.6 bref=0.00 pid=0.0 pref=242.2 ppos=241.3 apid=-0.0 integ=-0.0 vision=1 current=1 vframe=4152 vs=1 vage=26 vpage=26 vdt=33 vmax=568 vacc=4124 vrej=0 seq=0 elapsed=0 oled=3C
[  13327] STATUS mode=3 fault=none enc=296 denc=-1 sreq=-164 sapplied=-164 crate=-164 uimp=445610 upos=8425 uneg=3315 ball=25.70 vball=-19.75 aball=-3.6 bref=0.00 pid=-164.4 pref=223.5 ppos=240.0 apid=-0.0 integ=-0.0 vision=1 current=1 vframe=4153 vs=1 vage=12 vpage=12 vdt=34 vmax=568 vacc=4125 vrej=0 seq=0 elapsed=0 oled=3C
[  13358] STATUS mode=3 fault=none enc=290 denc=-1 sreq=-76 sapplied=-76 crate=-76 uimp=440635 upos=8425 uneg=3355 ball=25.15 vball=-18.64 aball=-3.6 bref=0.00 pid=-75.7 pref=227.4 ppos=235.0 apid=-0.0 integ=-0.0 vision=1 current=1 vframe=4154 vs=1 vage=19 vpage=19 vdt=33 vmax=568 vacc=4126 vrej=0 seq=0 elapsed=0 oled=3C
[  13391] STATUS mode=3 fault=none enc=289 denc=1 sreq=0 sapplied=0 crate=0 uimp=439555 upos=8425 uneg=3370 ball=24.70 vball=-16.99 aball=-3.9 bref=0.00 pid=0.0 pref=234.3 ppos=233.9 apid=-0.0 integ=-0.0 vision=1 current=1 vframe=4155 vs=1 vage=6 vpage=6 vdt=33 vmax=568 vacc=4127 vrej=0 seq=0 elapsed=0 oled=3C
[  13422] STATUS mode=3 fault=none enc=289 denc=0 sreq=0 sapplied=0 crate=0 uimp=439555 upos=8425 uneg=3370 ball=24.70 vball=-16.99 aball=-3.9 bref=0.00 pid=0.0 pref=234.3 ppos=233.9 apid=-0.0 integ=-0.0 vision=1 current=1 vframe=4155 vs=1 vage=26 vpage=26 vdt=33 vmax=568 vacc=4127 vrej=0 seq=0 elapsed=0 oled=3C
[  13436] STATUS mode=3 fault=none enc=290 denc=0 sreq=89 sapplied=89 crate=89 uimp=441460 upos=8450 uneg=3370 ball=23.93 vball=-14.44 aball=-3.9 bref=0.00 pid=89.5 pref=244.8 ppos=235.8 apid=-0.0 integ=-0.0 vision=1 current=1 vframe=4157 vs=1 vage=1 vpage=1 vdt=33 vmax=568 vacc=4129 vrej=0 seq=0 elapsed=0 oled=3C
[  13468] STATUS mode=3 fault=none enc=292 denc=0 sreq=73 sapplied=73 crate=73 uimp=443120 upos=8470 uneg=3370 ball=23.93 vball=-14.44 aball=-3.9 bref=0.00 pid=72.9 pref=244.8 ppos=237.5 apid=-0.0 integ=-0.0 vision=1 current=1 vframe=4157 vs=1 vage=21 vpage=21 vdt=33 vmax=568 vacc=4129 vrej=0 seq=0 elapsed=0 oled=3C
[  13500] STATUS mode=3 fault=none enc=295 denc=2 sreq=208 sapplied=208 crate=208 uimp=444990 upos=8490 uneg=3370 ball=23.80 vball=-11.28 aball=24.1 bref=0.00 pid=208.3 pref=260.2 ppos=239.4 apid=0.0 integ=-0.0 vision=1 current=1 vframe=4158 vs=1 vage=8 vpage=8 vdt=33 vmax=568 vacc=4130 vrej=0 seq=0 elapsed=0 oled=3C
[  13516] STATUS mode=3 fault=none enc=303 denc=2 sreq=302 sapplied=302 crate=302 uimp=453405 upos=8530 uneg=3370 ball=23.82 vball=-7.74 aball=24.1 bref=0.00 pid=301.7 pref=277.9 ppos=247.8 apid=0.0 integ=-0.0 vision=1 current=1 vframe=4159 vs=1 vage=14 vpage=14 vdt=34 vmax=568 vacc=4131 vrej=0 seq=0 elapsed=0 oled=3C
[  13547] STATUS mode=3 fault=none enc=310 denc=2 sreq=359 sapplied=359 crate=359 uimp=459005 upos=8550 uneg=3370 ball=23.83 vball=-5.39 aball=24.1 bref=0.00 pid=363.5 pref=289.7 ppos=253.4 apid=0.0 integ=-0.0 vision=1 current=1 vframe=4160 vs=1 vage=2 vpage=2 vdt=32 vmax=568 vacc=4132 vrej=0 seq=0 elapsed=0 oled=3C
[  13577] STATUS mode=3 fault=none enc=319 denc=2 sreq=296 sapplied=296 crate=296 uimp=465730 upos=8570 uneg=3370 ball=23.83 vball=-5.39 aball=24.1 bref=0.00 pid=296.3 pref=289.7 ppos=260.1 apid=0.0 integ=-0.0 vision=1 current=1 vframe=4160 vs=1 vage=22 vpage=22 vdt=32 vmax=568 vacc=4132 vrej=0 seq=0 elapsed=0 oled=3C
[  13608] STATUS mode=3 fault=none enc=329 denc=1 sreq=154 sapplied=154 crate=154 uimp=474445 upos=8610 uneg=3370 ball=23.55 vball=-6.33 aball=35.5 bref=0.00 pid=153.7 pref=284.2 ppos=268.8 apid=0.0 integ=-0.0 vision=1 current=1 vframe=4161 vs=1 vage=28 vpage=28 vdt=34 vmax=568 vacc=4133 vrej=0 seq=0 elapsed=0 oled=3C
[  13625] STATUS mode=3 fault=none enc=334 denc=1 sreq=166 sapplied=166 crate=166 uimp=477740 upos=8630 uneg=3370 ball=23.44 vball=-5.36 aball=35.5 bref=0.00 pid=166.0 pref=288.7 ppos=272.1 apid=0.0 integ=-0.0 vision=1 current=1 vframe=4162 vs=1 vage=15 vpage=15 vdt=33 vmax=568 vacc=4134 vrej=0 seq=0 elapsed=0 oled=3C
[  13656] STATUS mode=3 fault=none enc=337 denc=0 sreq=213 sapplied=213 crate=213 uimp=480820 upos=8650 uneg=3370 ball=23.44 vball=-3.81 aball=35.5 bref=0.00 pid=212.7 pref=296.5 ppos=275.2 apid=0.0 integ=-0.0 vision=1 current=1 vframe=4163 vs=1 vage=2 vpage=2 vdt=33 vmax=568 vacc=4135 vrej=0 seq=0 elapsed=0 oled=3C
[  13686] STATUS mode=3 fault=none enc=347 denc=1 sreq=129 sapplied=129 crate=129 uimp=487915 upos=8690 uneg=3370 ball=23.31 vball=-3.98 aball=30.2 bref=0.00 pid=129.3 pref=295.2 ppos=282.3 apid=0.0 integ=-0.0 vision=1 current=1 vframe=4164 vs=1 vage=9 vpage=9 vdt=33 vmax=568 vacc=4136 vrej=0 seq=0 elapsed=0 oled=3C
[  13718] STATUS mode=3 fault=none enc=350 denc=2 sreq=105 sapplied=105 crate=105 uimp=490315 upos=8710 uneg=3370 ball=23.31 vball=-3.98 aball=30.2 bref=0.00 pid=105.3 pref=295.2 ppos=284.7 apid=0.0 integ=-0.0 vision=1 current=1 vframe=4164 vs=1 vage=29 vpage=29 vdt=33 vmax=568 vacc=4136 vrej=0 seq=0 elapsed=0 oled=3C
[  13733] STATUS mode=3 fault=none enc=352 denc=0 sreq=86 sapplied=86 crate=86 uimp=492275 upos=8730 uneg=3370 ball=23.18 vball=-3.89 aball=30.2 bref=0.00 pid=86.3 pref=295.3 ppos=286.6 apid=0.0 integ=-0.0 vision=1 current=1 vframe=4165 vs=1 vage=15 vpage=15 vdt=34 vmax=568 vacc=4137 vrej=0 seq=0 elapsed=0 oled=3C
[  13766] STATUS mode=3 fault=none enc=357 denc=1 sreq=88 sapplied=88 crate=88 uimp=495680 upos=8770 uneg=3370 ball=23.13 vball=-3.15 aball=30.2 bref=0.00 pid=87.8 pref=298.8 ppos=290.1 apid=0.0 integ=-0.0 vision=1 current=1 vframe=4166 vs=1 vage=18 vpage=18 vdt=37 vmax=568 vacc=4138 vrej=0 seq=0 elapsed=0 oled=3C
[  13797] STATUS mode=3 fault=none enc=358 denc=-1 sreq=87 sapplied=87 crate=87 uimp=497385 upos=8790 uneg=3370 ball=23.07 vball=-2.79 aball=21.9 bref=0.00 pid=86.9 pref=300.4 ppos=291.8 apid=0.0 integ=-0.0 vision=1 current=1 vframe=4167 vs=1 vage=7 vpage=7 vdt=31 vmax=568 vacc=4139 vrej=0 seq=0 elapsed=0 oled=3C
[  13811] STATUS mode=3 fault=none enc=361 denc=1 sreq=71 sapplied=71 crate=71 uimp=499000 upos=8810 uneg=3370 ball=23.07 vball=-2.79 aball=21.9 bref=0.00 pid=70.8 pref=300.4 ppos=293.4 apid=0.0 integ=-0.0 vision=1 current=1 vframe=4167 vs=1 vage=27 vpage=27 vdt=31 vmax=568 vacc=4139 vrej=0 seq=0 elapsed=0 oled=3C
[  13843] STATUS mode=3 fault=none enc=364 denc=0 sreq=47 sapplied=47 crate=47 uimp=501385 upos=8850 uneg=3370 ball=23.07 vball=-2.79 aball=21.9 bref=0.00 pid=46.9 pref=300.4 ppos=295.8 apid=0.0 integ=-0.0 vision=1 current=0 vframe=4168 vs=0 vage=67 vpage=34 vdt=31 vmax=568 vacc=4139 vrej=0 seq=0 elapsed=0 oled=3C
[  13875] STATUS mode=3 fault=none enc=364 denc=-1 sreq=-270 sapplied=-270 crate=-270 uimp=499590 upos=8855 uneg=3380 ball=22.07 vball=-8.89 aball=21.9 bref=0.00 pid=-270.1 pref=266.9 ppos=294.0 apid=0.0 integ=-0.0 vision=1 current=1 vframe=4169 vs=1 vage=19 vpage=19 vdt=68 vmax=568 vacc=4140 vrej=0 seq=0 elapsed=0 oled=3C
[  13906] STATUS mode=3 fault=none enc=357 denc=-2 sreq=-255 sapplied=-255 crate=-255 uimp=494395 upos=8855 uneg=3400 ball=21.69 vball=-9.40 aball=-17.7 bref=0.00 pid=-255.1 pref=263.3 ppos=288.8 apid=-0.0 integ=-0.0 vision=1 current=1 vframe=4170 vs=1 vage=7 vpage=7 vdt=32 vmax=568 vacc=4141 vrej=0 seq=0 elapsed=0 oled=3C
[  13922] STATUS mode=3 fault=none enc=347 denc=0 sreq=-123 sapplied=-123 crate=-123 uimp=486315 upos=8855 uneg=3440 ball=21.51 vball=-8.26 aball=-17.7 bref=0.00 pid=-122.7 pref=268.4 ppos=280.7 apid=-0.0 integ=-0.0 vision=1 current=1 vframe=4171 vs=1 vage=11 vpage=11 vdt=36 vmax=568 vacc=4142 vrej=0 seq=0 elapsed=0 oled=3C
[  13952] STATUS mode=3 fault=none enc=344 denc=0 sreq=-100 sapplied=-100 crate=-100 uimp=484035 upos=8855 uneg=3460 ball=21.51 vball=-8.26 aball=-17.7 bref=0.00 pid=-99.9 pref=268.4 ppos=278.4 apid=-0.0 integ=-0.0 vision=1 current=1 vframe=4171 vs=1 vage=31 vpage=31 vdt=36 vmax=568 vacc=4142 vrej=0 seq=0 elapsed=0 oled=3C
[  13983] STATUS mode=3 fault=none enc=337 denc=-1 sreq=-314 sapplied=-314 crate=-314 uimp=478565 upos=8855 uneg=3500 ball=20.37 vball=-13.51 aball=-28.2 bref=0.00 pid=-341.9 pref=238.7 ppos=272.9 apid=-0.0 integ=-0.0 vision=1 current=1 vframe=4173 vs=1 vage=7 vpage=7 vdt=32 vmax=568 vacc=4144 vrej=0 seq=0 elapsed=0 oled=3C
[  14016] STATUS mode=3 fault=none enc=329 denc=-2 sreq=-280 sapplied=-280 crate=-280 uimp=472345 upos=8855 uneg=3520 ball=20.37 vball=-13.51 aball=-28.2 bref=0.00 pid=-279.7 pref=238.7 ppos=266.7 apid=-0.0 integ=-0.0 vision=1 current=1 vframe=4173 vs=1 vage=27 vpage=27 vdt=32 vmax=568 vacc=4144 vrej=0 seq=0 elapsed=0 oled=3C
[  14031] STATUS mode=3 fault=none enc=320 denc=-3 sreq=-367 sapplied=-367 crate=-367 uimp=465855 upos=8855 uneg=3540 ball=19.59 vball=-16.09 aball=-28.2 bref=0.00 pid=-367.2 pref=223.5 ppos=260.2 apid=-0.0 integ=-0.0 vision=1 current=1 vframe=4174 vs=1 vage=12 vpage=12 vdt=35 vmax=568 vacc=4145 vrej=0 seq=0 elapsed=0 oled=3C
[  14061] STATUS mode=3 fault=none enc=305 denc=-1 sreq=-237 sapplied=-237 crate=-237 uimp=453615 upos=8855 uneg=3580 ball=19.11 vball=-15.64 aball=-28.2 bref=0.00 pid=-236.7 pref=224.3 ppos=248.0 apid=-0.0 integ=-0.0 vision=1 current=1 vframe=4175 vs=1 vage=20 vpage=20 vdt=32 vmax=568 vacc=4146 vrej=0 seq=0 elapsed=0 oled=3C
[  14093] STATUS mode=3 fault=none enc=298 denc=-2 sreq=-283 sapplied=-283 crate=-283 uimp=448745 upos=8855 uneg=3600 ball=18.40 vball=-17.11 aball=-31.6 bref=0.00 pid=-282.8 pref=214.8 ppos=243.1 apid=-0.0 integ=-0.0 vision=1 current=1 vframe=4176 vs=1 vage=6 vpage=6 vdt=34 vmax=568 vacc=4147 vrej=0 seq=0 elapsed=0 oled=3C
[  14125] STATUS mode=3 fault=none enc=287 denc=-1 sreq=-188 sapplied=-188 crate=-188 uimp=439230 upos=8855 uneg=3640 ball=18.40 vball=-17.11 aball=-31.6 bref=0.00 pid=-230.3 pref=214.8 ppos=237.9 apid=-0.0 integ=-0.0 vision=1 current=1 vframe=4176 vs=1 vage=26 vpage=26 vdt=34 vmax=568 vacc=4147 vrej=0 seq=0 elapsed=0 oled=3C
[  14156] STATUS mode=3 fault=none enc=282 denc=-1 sreq=-153 sapplied=-153 crate=-153 uimp=435750 upos=8855 uneg=3660 ball=18.40 vball=-17.11 aball=-31.6 bref=0.00 pid=-152.8 pref=214.8 ppos=230.1 apid=-0.0 integ=-0.0 vision=1 current=0 vframe=4177 vs=0 vage=66 vpage=34 vdt=34 vmax=568 vacc=4147 vrej=0 seq=0 elapsed=0 oled=3C
[  14172] STATUS mode=3 fault=none enc=281 denc=0 sreq=-55 sapplied=-55 crate=-55 uimp=434070 upos=8855 uneg=3680 ball=17.64 vball=-15.03 aball=-31.6 bref=0.00 pid=-54.8 pref=223.0 ppos=228.4 apid=-0.0 integ=-0.0 vision=1 current=1 vframe=4178 vs=1 vage=20 vpage=20 vdt=66 vmax=568 vacc=4148 vrej=0 seq=0 elapsed=0 oled=3C
[  14202] STATUS mode=3 fault=none enc=273 denc=-2 sreq=-268 sapplied=-268 crate=-268 uimp=426845 upos=8855 uneg=3720 ball=16.52 vball=-20.06 aball=-30.8 bref=0.00 pid=-267.7 pref=194.4 ppos=221.2 apid=-0.0 integ=-0.0 vision=1 current=1 vframe=4179 vs=1 vage=27 vpage=27 vdt=33 vmax=568 vacc=4149 vrej=0 seq=0 elapsed=0 oled=3C
[  14233] STATUS mode=3 fault=none enc=266 denc=-1 sreq=-242 sapplied=-242 crate=-242 uimp=421615 upos=8855 uneg=3740 ball=15.85 vball=-20.20 aball=-30.8 bref=0.00 pid=-242.5 pref=191.7 ppos=216.0 apid=-0.0 integ=-0.0 vision=1 current=1 vframe=4180 vs=1 vage=14 vpage=14 vdt=33 vmax=568 vacc=4150 vrej=0 seq=0 elapsed=0 oled=3C
[  14266] STATUS mode=3 fault=none enc=260 denc=-2 sreq=-198 sapplied=-198 crate=-198 uimp=417120 upos=8855 uneg=3760 ball=15.85 vball=-20.20 aball=-30.8 bref=0.00 pid=-197.5 pref=191.7 ppos=211.5 apid=-0.0 integ=-0.0 vision=1 current=1 vframe=4180 vs=1 vage=34 vpage=34 vdt=33 vmax=568 vacc=4150 vrej=0 seq=0 elapsed=0 oled=3C
[  14281] STATUS mode=3 fault=none enc=257 denc=-1 sreq=130 sapplied=130 crate=130 uimp=414780 upos=8855 uneg=3795 ball=15.33 vball=-13.81 aball=11.8 bref=0.00 pid=129.8 pref=222.1 ppos=209.2 apid=0.0 integ=-0.0 vision=1 current=1 vframe=4182 vs=1 vage=9 vpage=9 vdt=30 vmax=568 vacc=4152 vrej=0 seq=0 elapsed=0 oled=3C
[  14311] STATUS mode=3 fault=none enc=259 denc=1 sreq=106 sapplied=106 crate=106 uimp=417185 upos=8875 uneg=3795 ball=15.33 vball=-13.81 aball=11.8 bref=0.00 pid=105.7 pref=222.1 ppos=211.6 apid=0.0 integ=-0.0 vision=1 current=1 vframe=4182 vs=1 vage=29 vpage=29 vdt=30 vmax=568 vacc=4152 vrej=0 seq=0 elapsed=0 oled=3C
[  14343] STATUS mode=3 fault=none enc=265 denc=0 sreq=163 sapplied=163 crate=163 uimp=422060 upos=8915 uneg=3795 ball=15.01 vball=-12.62 aball=11.8 bref=0.00 pid=131.2 pref=227.1 ppos=214.0 apid=0.0 integ=-0.0 vision=1 current=1 vframe=4183 vs=1 vage=15 vpage=15 vdt=34 vmax=568 vacc=4153 vrej=0 seq=0 elapsed=0 oled=3C
[  14375] STATUS mode=3 fault=none enc=268 denc=0 sreq=133 sapplied=133 crate=133 uimp=425085 upos=8935 uneg=3795 ball=14.74 vball=-11.33 aball=11.8 bref=0.00 pid=133.0 pref=232.8 ppos=219.5 apid=0.0 integ=-0.0 vision=1 current=1 vframe=4184 vs=1 vage=22 vpage=22 vdt=33 vmax=568 vacc=4154 vrej=0 seq=0 elapsed=0 oled=3C
[  14391] STATUS mode=3 fault=none enc=273 denc=2 sreq=213 sapplied=213 crate=213 uimp=428080 upos=8955 uneg=3795 ball=14.62 vball=-9.06 aball=27.9 bref=0.00 pid=213.0 pref=243.7 ppos=222.5 apid=0.0 integ=-0.0 vision=1 current=1 vframe=4185 vs=1 vage=9 vpage=9 vdt=33 vmax=568 vacc=4155 vrej=0 seq=0 elapsed=0 oled=3C
[  14422] STATUS mode=3 fault=none enc=285 denc=2 sreq=245 sapplied=245 crate=245 uimp=436910 upos=8995 uneg=3795 ball=14.59 vball=-6.63 aball=27.9 bref=0.00 pid=245.3 pref=255.8 ppos=231.3 apid=0.0 integ=-0.0 vision=1 current=1 vframe=4186 vs=1 vage=16 vpage=16 vdt=33 vmax=568 vacc=4156 vrej=0 seq=0 elapsed=0 oled=3C
[  14452] STATUS mode=3 fault=none enc=290 denc=1 sreq=305 sapplied=305 crate=305 uimp=441455 upos=9015 uneg=3795 ball=14.60 vball=-4.53 aball=27.9 bref=0.00 pid=305.1 pref=266.3 ppos=235.8 apid=0.0 integ=-0.0 vision=1 current=1 vframe=4187 vs=1 vage=2 vpage=2 vdt=34 vmax=568 vacc=4157 vrej=0 seq=0 elapsed=0 oled=3C
[  14468] STATUS mode=3 fault=none enc=297 denc=1 sreq=249 sapplied=249 crate=249 uimp=447115 upos=9035 uneg=3795 ball=14.60 vball=-4.53 aball=27.9 bref=0.00 pid=248.5 pref=266.3 ppos=241.5 apid=0.0 integ=-0.0 vision=1 current=1 vframe=4187 vs=1 vage=22 vpage=22 vdt=34 vmax=568 vacc=4157 vrej=0 seq=0 elapsed=0 oled=3C
[  14500] STATUS mode=3 fault=none enc=310 denc=1 sreq=229 sapplied=229 crate=229 uimp=457355 upos=9075 uneg=3795 ball=14.64 vball=-2.90 aball=43.0 bref=0.00 pid=228.8 pref=274.6 ppos=251.7 apid=0.0 integ=-0.0 vision=1 current=1 vframe=4188 vs=1 vage=29 vpage=29 vdt=33 vmax=568 vacc=4158 vrej=0 seq=0 elapsed=0 oled=3C
[  14531] STATUS mode=3 fault=none enc=317 denc=1 sreq=235 sapplied=235 crate=235 uimp=462405 upos=9095 uneg=3795 ball=14.66 vball=-1.78 aball=43.0 bref=0.00 pid=234.9 pref=280.3 ppos=256.8 apid=0.0 integ=-0.0 vision=1 current=1 vframe=4189 vs=1 vage=16 vpage=16 vdt=33 vmax=568 vacc=4159 vrej=0 seq=0 elapsed=0 oled=3C
[  14561] STATUS mode=3 fault=none enc=322 denc=0 sreq=255 sapplied=255 crate=255 uimp=466760 upos=9115 uneg=3795 ball=14.74 vball=-0.56 aball=43.0 bref=0.00 pid=254.8 pref=286.6 ppos=261.1 apid=0.0 integ=-0.0 vision=1 current=1 vframe=4190 vs=1 vage=2 vpage=2 vdt=34 vmax=568 vacc=4160 vrej=0 seq=0 elapsed=0 oled=3C
[  14577] STATUS mode=3 fault=none enc=335 denc=2 sreq=380 sapplied=380 crate=380 uimp=475880 upos=9155 uneg=3795 ball=15.15 vball=3.52 aball=52.6 bref=0.00 pid=379.9 pref=308.2 ppos=270.3 apid=0.0 integ=-0.0 vision=1 current=1 vframe=4191 vs=1 vage=9 vpage=9 vdt=33 vmax=568 vacc=4161 vrej=0 seq=0 elapsed=0 oled=3C
[  14608] STATUS mode=3 fault=none enc=344 denc=3 sreq=309 sapplied=309 crate=309 uimp=482930 upos=9175 uneg=3795 ball=15.15 vball=3.52 aball=52.6 bref=0.00 pid=309.4 pref=308.2 ppos=277.3 apid=0.0 integ=-0.0 vision=1 current=1 vframe=4191 vs=1 vage=29 vpage=29 vdt=33 vmax=568 vacc=4161 vrej=0 seq=0 elapsed=0 oled=3C
[  14641] STATUS mode=3 fault=none enc=353 denc=3 sreq=404 sapplied=404 crate=404 uimp=490040 upos=9195 uneg=3795 ball=15.61 vball=6.55 aball=52.6 bref=0.00 pid=403.6 pref=324.8 ppos=284.4 apid=0.0 integ=-0.0 vision=1 current=1 vframe=4192 vs=1 vage=11 vpage=11 vdt=38 vmax=568 vacc=4162 vrej=0 seq=0 elapsed=0 oled=3C
[  14656] STATUS mode=3 fault=none enc=371 denc=2 sreq=270 sapplied=270 crate=270 uimp=503645 upos=9235 uneg=3795 ball=15.84 vball=6.46 aball=52.6 bref=0.00 pid=269.9 pref=325.0 ppos=298.0 apid=0.0 integ=-0.0 vision=1 current=1 vframe=4193 vs=1 vage=12 vpage=12 vdt=39 vmax=568 vacc=4163 vrej=0 seq=0 elapsed=0 oled=3C
[  14686] STATUS mode=3 fault=none enc=378 denc=2 sreq=220 sapplied=220 crate=220 uimp=508650 upos=9255 uneg=3795 ball=15.84 vball=6.46 aball=52.6 bref=0.00 pid=219.9 pref=325.0 ppos=303.0 apid=0.0 integ=-0.0 vision=1 current=1 vframe=4193 vs=1 vage=32 vpage=32 vdt=39 vmax=568 vacc=4163 vrej=0 seq=0 elapsed=0 oled=3C
[  14718] STATUS mode=3 fault=none enc=381 denc=2 sreq=-41 sapplied=-41 crate=-41 uimp=510450 upos=9270 uneg=3795 ball=15.44 vball=1.84 aball=22.1 bref=0.00 pid=-41.1 pref=300.7 ppos=304.8 apid=0.0 integ=-0.0 vision=1 current=1 vframe=4194 vs=1 vage=18 vpage=18 vdt=34 vmax=568 vacc=4164 vrej=0 seq=0 elapsed=0 oled=3C
[  14750] STATUS mode=3 fault=none enc=377 denc=-2 sreq=-289 sapplied=-289 crate=-289 uimp=504710 upos=9270 uneg=3835 ball=14.95 vball=-3.98 aball=22.1 bref=0.00 pid=-289.4 pref=270.1 ppos=299.1 apid=0.0 integ=-0.0 vision=1 current=1 vframe=4195 vs=1 vage=23 vpage=23 vdt=35 vmax=568 vacc=4165 vrej=0 seq=0 elapsed=0 oled=3C
[  14766] STATUS mode=3 fault=none enc=370 denc=-2 sreq=-236 sapplied=-236 crate=-236 uimp=499345 upos=9270 uneg=3855 ball=14.95 vball=-3.98 aball=22.1 bref=0.00 pid=-235.8 pref=270.1 ppos=293.7 apid=0.0 integ=-0.0 vision=1 current=1 vframe=4195 vs=1 vage=43 vpage=43 vdt=35 vmax=568 vacc=4165 vrej=0 seq=0 elapsed=0 oled=3C
[  14797] STATUS mode=3 fault=none enc=364 denc=-2 sreq=-221 sapplied=-221 crate=-221 uimp=494665 upos=9270 uneg=3875 ball=14.73 vball=-4.48 aball=-21.7 bref=0.00 pid=-220.6 pref=267.0 ppos=289.0 apid=-0.0 integ=-0.0 vision=1 current=1 vframe=4196 vs=1 vage=14 vpage=14 vdt=49 vmax=568 vacc=4166 vrej=0 seq=0 elapsed=0 oled=3C
[  14827] STATUS mode=3 fault=none enc=354 denc=-1 sreq=-186 sapplied=-186 crate=-186 uimp=487210 upos=9270 uneg=3915 ball=14.43 vball=-5.09 aball=-21.7 bref=0.00 pid=-185.5 pref=263.0 ppos=281.6 apid=-0.0 integ=-0.0 vision=1 current=1 vframe=4198 vs=1 vage=14 vpage=14 vdt=25 vmax=568 vacc=4168 vrej=0 seq=0 elapsed=0 oled=3C
[  14858] STATUS mode=3 fault=none enc=349 denc=-1 sreq=-151 sapplied=-151 crate=-151 uimp=483770 upos=9270 uneg=3935 ball=14.43 vball=-5.09 aball=-21.7 bref=0.00 pid=-151.1 pref=263.0 ppos=278.1 apid=-0.0 integ=-0.0 vision=1 current=1 vframe=4198 vs=1 vage=34 vpage=34 vdt=25 vmax=568 vacc=4168 vrej=0 seq=0 elapsed=0 oled=3C
[  14875] STATUS mode=3 fault=none enc=340 denc=-2 sreq=-258 sapplied=-258 crate=-258 uimp=476765 upos=9270 uneg=3975 ball=13.73 vball=-8.20 aball=-27.4 bref=0.00 pid=-257.6 pref=245.4 ppos=271.1 apid=-0.0 integ=-0.0 vision=1 current=1 vframe=4200 vs=1 vage=6 vpage=6 vdt=34 vmax=568 vacc=4170 vrej=0 seq=0 elapsed=0 oled=3C
[  14906] STATUS mode=3 fault=none enc=335 denc=-1 sreq=-210 sapplied=-210 crate=-210 uimp=471985 upos=9270 uneg=3995 ball=13.73 vball=-8.20 aball=-27.4 bref=0.00 pid=-209.8 pref=245.4 ppos=266.4 apid=-0.0 integ=-0.0 vision=1 current=1 vframe=4200 vs=1 vage=26 vpage=26 vdt=34 vmax=568 vacc=4170 vrej=0 seq=0 elapsed=0 oled=3C
[  14936] STATUS mode=3 fault=none enc=329 denc=-2 sreq=-165 sapplied=-165 crate=-165 uimp=468155 upos=9270 uneg=4015 ball=13.48 vball=-7.93 aball=-27.4 bref=0.00 pid=-165.5 pref=246.0 ppos=262.5 apid=-0.0 integ=-0.0 vision=1 current=1 vframe=4201 vs=1 vage=14 vpage=14 vdt=32 vmax=568 vacc=4171 vrej=0 seq=0 elapsed=0 oled=3C
[  14968] STATUS mode=3 fault=none enc=323 denc=-1 sreq=-70 sapplied=-70 crate=-70 uimp=463020 upos=9270 uneg=4055 ball=13.32 vball=-6.95 aball=-27.4 bref=0.00 pid=-69.9 pref=250.4 ppos=257.4 apid=-0.0 integ=-0.0 vision=1 current=1 vframe=4202 vs=1 vage=15 vpage=15 vdt=39 vmax=568 vacc=4172 vrej=0 seq=0 elapsed=0 oled=3C
[  14983] STATUS mode=3 fault=none enc=321 denc=-1 sreq=37 sapplied=0 crate=37 uimp=461725 upos=9270 uneg=4075 ball=13.30 vball=-5.06 aball=-1.1 bref=0.00 pid=36.9 pref=259.8 ppos=256.1 apid=-0.0 integ=-0.0 vision=1 current=1 vframe=4203 vs=1 vage=5 vpage=5 vdt=30 vmax=568 vacc=4173 vrej=0 seq=0 elapsed=0 oled=3C
[  15016] STATUS mode=3 fault=none enc=322 denc=1 sreq=32 sapplied=32 crate=32 uimp=462250 upos=9285 uneg=4075 ball=13.30 vball=-5.06 aball=-1.1 bref=0.00 pid=31.7 pref=259.8 ppos=256.6 apid=-0.0 integ=-0.0 vision=1 current=1 vframe=4203 vs=1 vage=25 vpage=25 vdt=30 vmax=568 vacc=4173 vrej=0 seq=0 elapsed=0 oled=3C
[  15047] STATUS mode=3 fault=none enc=322 denc=0 sreq=0 sapplied=0 crate=14 uimp=462560 upos=9295 uneg=4075 ball=13.11 vball=-5.23 aball=-1.1 bref=0.00 pid=14.4 pref=258.4 ppos=256.9 apid=-0.0 integ=-0.0 vision=1 current=1 vframe=4204 vs=1 vage=34 vpage=34 vdt=31 vmax=568 vacc=4174 vrej=0 seq=0 elapsed=0 oled=3C
[  15077] STATUS mode=3 fault=none enc=322 denc=0 sreq=26 sapplied=26 crate=26 uimp=462985 upos=9310 uneg=4075 ball=12.98 vball=-4.84 aball=-1.1 bref=0.00 pid=25.7 pref=259.9 ppos=257.4 apid=-0.0 integ=-0.0 vision=1 current=1 vframe=4205 vs=1 vage=19 vpage=19 vdt=35 vmax=568 vacc=4175 vrej=0 seq=0 elapsed=0 oled=3C
[  15093] STATUS mode=3 fault=none enc=324 denc=1 sreq=62 sapplied=62 crate=62 uimp=463675 upos=9330 uneg=4075 ball=12.92 vball=-3.95 aball=4.5 bref=0.00 pid=61.5 pref=264.2 ppos=258.0 apid=0.0 integ=-0.0 vision=1 current=1 vframe=4206 vs=1 vage=8 vpage=8 vdt=31 vmax=568 vacc=4176 vrej=0 seq=0 elapsed=0 oled=3C
[  15125] STATUS mode=3 fault=none enc=325 denc=0 sreq=25 sapplied=25 crate=25 uimp=465580 upos=9370 uneg=4075 ball=12.76 vball=-4.20 aball=4.5 bref=0.00 pid=25.1 pref=262.5 ppos=260.0 apid=0.0 integ=-0.0 vision=1 current=1 vframe=4207 vs=1 vage=14 vpage=14 vdt=34 vmax=568 vacc=4177 vrej=0 seq=0 elapsed=0 oled=3C
[  15156] STATUS mode=3 fault=none enc=325 denc=0 sreq=-78 sapplied=0 crate=-78 uimp=466050 upos=9390 uneg=4075 ball=12.37 vball=-6.50 aball=4.5 bref=0.00 pid=-106.2 pref=249.8 ppos=260.4 apid=0.0 integ=-0.0 vision=1 current=1 vframe=4208 vs=1 vage=1 vpage=1 vdt=33 vmax=568 vacc=4178 vrej=0 seq=0 elapsed=0 oled=3C
[  15172] STATUS mode=3 fault=none enc=325 denc=-2 sreq=-91 sapplied=-91 crate=-91 uimp=464535 upos=9390 uneg=4090 ball=12.37 vball=-6.50 aball=4.5 bref=0.00 pid=-91.1 pref=249.8 ppos=258.9 apid=0.0 integ=-0.0 vision=1 current=1 vframe=4208 vs=1 vage=21 vpage=21 vdt=33 vmax=568 vacc=4178 vrej=0 seq=0 elapsed=0 oled=3C
[  15202] STATUS mode=3 fault=none enc=322 denc=0 sreq=-77 sapplied=-77 crate=-77 uimp=460980 upos=9390 uneg=4130 ball=12.12 vball=-6.78 aball=-10.2 bref=0.00 pid=-77.0 pref=247.6 ppos=255.4 apid=-0.0 integ=-0.0 vision=1 current=1 vframe=4209 vs=1 vage=28 vpage=28 vdt=33 vmax=568 vacc=4179 vrej=0 seq=0 elapsed=0 oled=3C
[  15233] STATUS mode=3 fault=none enc=319 denc=0 sreq=0 sapplied=0 crate=0 uimp=460230 upos=9390 uneg=4140 ball=12.06 vball=-5.29 aball=-10.2 bref=0.00 pid=0.0 pref=254.9 ppos=254.6 apid=-0.0 integ=-0.0 vision=1 current=1 vframe=4210 vs=1 vage=14 vpage=14 vdt=34 vmax=568 vacc=4180 vrej=0 seq=0 elapsed=0 oled=3C
[  15266] STATUS mode=3 fault=none enc=319 denc=0 sreq=83 sapplied=0 crate=83 uimp=460230 upos=9390 uneg=4140 ball=12.06 vball=-3.70 aball=-10.2 bref=0.00 pid=82.7 pref=262.9 ppos=254.6 apid=-0.0 integ=-0.0 vision=1 current=1 vframe=4211 vs=1 vage=1 vpage=1 vdt=33 vmax=568 vacc=4181 vrej=0 seq=0 elapsed=0 oled=3C
[  15281] STATUS mode=3 fault=none enc=321 denc=1 sreq=105 sapplied=105 crate=105 uimp=462975 upos=9425 uneg=4140 ball=12.05 vball=-2.70 aball=12.4 bref=0.00 pid=104.9 pref=267.8 ppos=257.3 apid=0.0 integ=-0.0 vision=1 current=1 vframe=4212 vs=1 vage=6 vpage=6 vdt=35 vmax=568 vacc=4182 vrej=0 seq=0 elapsed=0 oled=3C
[  15311] STATUS mode=3 fault=none enc=324 denc=2 sreq=85 sapplied=85 crate=85 uimp=464925 upos=9445 uneg=4140 ball=12.05 vball=-2.70 aball=12.4 bref=0.00 pid=85.4 pref=267.8 ppos=259.3 apid=0.0 integ=-0.0 vision=1 current=1 vframe=4212 vs=1 vage=26 vpage=26 vdt=35 vmax=568 vacc=4182 vrej=0 seq=0 elapsed=0 oled=3C
[  15343] STATUS mode=3 fault=none enc=327 denc=2 sreq=107 sapplied=107 crate=107 uimp=466905 upos=9465 uneg=4140 ball=12.05 vball=-1.88 aball=12.4 bref=0.00 pid=106.6 pref=271.9 ppos=261.3 apid=0.0 integ=-0.0 vision=1 current=1 vframe=4213 vs=1 vage=14 vpage=14 vdt=32 vmax=568 vacc=4183 vrej=0 seq=0 elapsed=0 oled=3C
[  15358] STATUS mode=3 fault=none enc=332 denc=2 sreq=97 sapplied=97 crate=97 uimp=470925 upos=9505 uneg=4140 ball=12.06 vball=-1.28 aball=12.4 bref=0.00 pid=96.7 pref=275.0 ppos=265.3 apid=0.0 integ=-0.0 vision=1 current=1 vframe=4214 vs=1 vage=20 vpage=20 vdt=34 vmax=568 vacc=4184 vrej=0 seq=0 elapsed=0 oled=3C
[  15391] STATUS mode=3 fault=none enc=334 denc=1 sreq=99 sapplied=99 crate=99 uimp=472825 upos=9525 uneg=4140 ball=12.06 vball=-0.85 aball=15.3 bref=0.00 pid=99.2 pref=277.1 ppos=267.2 apid=0.0 integ=-0.0 vision=1 current=1 vframe=4215 vs=1 vage=8 vpage=8 vdt=32 vmax=568 vacc=4185 vrej=0 seq=0 elapsed=0 oled=3C
[  15422] STATUS mode=3 fault=none enc=337 denc=1 sreq=81 sapplied=81 crate=81 uimp=474665 upos=9545 uneg=4140 ball=12.06 vball=-0.85 aball=15.3 bref=0.00 pid=80.8 pref=277.1 ppos=269.0 apid=0.0 integ=-0.0 vision=1 current=1 vframe=4215 vs=1 vage=28 vpage=28 vdt=32 vmax=568 vacc=4185 vrej=0 seq=0 elapsed=0 oled=3C
[  15436] STATUS mode=3 fault=none enc=341 denc=2 sreq=90 sapplied=90 crate=90 uimp=477960 upos=9585 uneg=4140 ball=12.11 vball=-0.08 aball=15.3 bref=0.00 pid=89.8 pref=281.3 ppos=272.3 apid=0.0 integ=0.2 vision=1 current=1 vframe=4217 vs=1 vage=1 vpage=1 vdt=33 vmax=568 vacc=4187 vrej=0 seq=0 elapsed=0 oled=3C
[  15468] STATUS mode=3 fault=none enc=342 denc=1 sreq=73 sapplied=73 crate=73 uimp=479625 upos=9605 uneg=4140 ball=12.11 vball=-0.08 aball=15.3 bref=0.00 pid=73.2 pref=281.3 ppos=274.0 apid=0.0 integ=0.2 vision=1 current=1 vframe=4217 vs=1 vage=21 vpage=21 vdt=33 vmax=568 vacc=4187 vrej=0 seq=0 elapsed=0 oled=3C
[  15500] STATUS mode=3 fault=none enc=345 denc=2 sreq=70 sapplied=70 crate=70 uimp=481040 upos=9625 uneg=4140 ball=12.12 vball=0.10 aball=12.7 bref=0.00 pid=70.3 pref=282.4 ppos=275.4 apid=0.0 integ=0.4 vision=1 current=1 vframe=4218 vs=1 vage=8 vpage=8 vdt=33 vmax=568 vacc=4188 vrej=0 seq=0 elapsed=0 oled=3C
[  15531] STATUS mode=3 fault=none enc=347 denc=1 sreq=53 sapplied=53 crate=53 uimp=483470 upos=9665 uneg=4140 ball=12.14 vball=0.19 aball=12.7 bref=0.00 pid=53.2 pref=283.2 ppos=277.8 apid=0.0 integ=0.6 vision=1 current=1 vframe=4219 vs=1 vage=14 vpage=14 vdt=34 vmax=568 vacc=4189 vrej=0 seq=0 elapsed=0 oled=3C
[  15547] STATUS mode=3 fault=none enc=348 denc=1 sreq=44 sapplied=44 crate=44 uimp=484460 upos=9685 uneg=4140 ball=12.14 vball=0.17 aball=12.7 bref=0.00 pid=44.3 pref=283.3 ppos=278.8 apid=0.0 integ=0.8 vision=1 current=1 vframe=4220 vs=1 vage=1 vpage=1 vdt=33 vmax=568 vacc=4190 vrej=0 seq=0 elapsed=0 oled=3C
[  15577] STATUS mode=3 fault=none enc=349 denc=1 sreq=36 sapplied=36 crate=36 uimp=485280 upos=9705 uneg=4140 ball=12.14 vball=0.17 aball=12.7 bref=0.00 pid=36.1 pref=283.3 ppos=279.7 apid=0.0 integ=0.8 vision=1 current=1 vframe=4220 vs=1 vage=21 vpage=21 vdt=33 vmax=568 vacc=4190 vrej=0 seq=0 elapsed=0 oled=3C
[  15608] STATUS mode=3 fault=none enc=351 denc=2 sreq=0 sapplied=0 crate=19 uimp=486225 upos=9740 uneg=4140 ball=12.13 vball=-0.02 aball=6.4 bref=0.00 pid=18.9 pref=282.5 ppos=280.6 apid=0.0 integ=1.0 vision=1 current=1 vframe=4221 vs=1 vage=28 vpage=28 vdt=33 vmax=568 vacc=4191 vrej=0 seq=0 elapsed=0 oled=3C
[  15625] STATUS mode=3 fault=none enc=350 denc=0 sreq=0 sapplied=0 crate=19 uimp=486225 upos=9740 uneg=4140 ball=12.12 vball=-0.06 aball=6.4 bref=0.00 pid=18.6 pref=282.5 ppos=280.6 apid=0.0 integ=1.2 vision=1 current=1 vframe=4222 vs=1 vage=14 vpage=14 vdt=34 vmax=568 vacc=4192 vrej=0 seq=0 elapsed=0 oled=3C
[  15656] STATUS mode=3 fault=none enc=350 denc=0 sreq=63 sapplied=63 crate=63 uimp=486225 upos=9740 uneg=4140 ball=12.21 vball=0.73 aball=6.4 bref=0.00 pid=62.8 pref=286.9 ppos=280.6 apid=0.0 integ=1.4 vision=1 current=1 vframe=4223 vs=1 vage=1 vpage=1 vdt=33 vmax=568 vacc=4193 vrej=0 seq=0 elapsed=0 oled=3C
[  15686] STATUS mode=3 fault=none enc=354 denc=2 sreq=110 sapplied=110 crate=110 uimp=488705 upos=9780 uneg=4140 ball=12.42 vball=2.01 aball=12.7 bref=0.00 pid=110.4 pref=294.1 ppos=283.1 apid=0.0 integ=1.6 vision=1 current=1 vframe=4224 vs=1 vage=8 vpage=8 vdt=33 vmax=568 vacc=4194 vrej=0 seq=0 elapsed=0 oled=3C
[  15702] STATUS mode=3 fault=none enc=355 denc=1 sreq=90 sapplied=90 crate=90 uimp=490755 upos=9800 uneg=4140 ball=12.42 vball=2.01 aball=12.7 bref=0.00 pid=89.9 pref=294.1 ppos=285.1 apid=0.0 integ=1.6 vision=1 current=1 vframe=4224 vs=1 vage=28 vpage=28 vdt=33 vmax=568 vacc=4194 vrej=0 seq=0 elapsed=0 oled=3C
[  15733] STATUS mode=3 fault=none enc=356 denc=0 sreq=0 sapplied=0 crate=0 uimp=491630 upos=9810 uneg=4140 ball=12.31 vball=0.48 aball=12.7 bref=0.00 pid=0.0 pref=286.3 ppos=286.0 apid=0.0 integ=1.8 vision=1 current=1 vframe=4225 vs=1 vage=15 vpage=15 vdt=33 vmax=568 vacc=4195 vrej=0 seq=0 elapsed=0 oled=3C
[  15766] STATUS mode=3 fault=none enc=356 denc=0 sreq=0 sapplied=0 crate=-19 uimp=491425 upos=9810 uneg=4150 ball=12.27 vball=-0.02 aball=12.7 bref=0.00 pid=-18.7 pref=283.9 ppos=285.8 apid=0.0 integ=2.0 vision=1 current=1 vframe=4226 vs=1 vage=21 vpage=21 vdt=34 vmax=568 vacc=4196 vrej=0 seq=0 elapsed=0 oled=3C
[  15781] STATUS mode=3 fault=none enc=356 denc=0 sreq=-24 sapplied=-24 crate=-24 uimp=491300 upos=9810 uneg=4155 ball=12.25 vball=-0.18 aball=-2.8 bref=0.00 pid=-24.0 pref=283.3 ppos=285.7 apid=-0.0 integ=2.2 vision=1 current=1 vframe=4227 vs=1 vage=7 vpage=7 vdt=34 vmax=568 vacc=4197 vrej=0 seq=0 elapsed=0 oled=3C
[  15811] STATUS mode=3 fault=none enc=357 denc=1 sreq=0 sapplied=0 crate=-19 uimp=490850 upos=9810 uneg=4175 ball=12.25 vball=-0.18 aball=-2.8 bref=0.00 pid=-19.5 pref=283.3 ppos=285.2 apid=-0.0 integ=2.2 vision=1 current=1 vframe=4227 vs=1 vage=27 vpage=27 vdt=34 vmax=568 vacc=4197 vrej=0 seq=0 elapsed=0 oled=3C
[  15843] STATUS mode=3 fault=none enc=355 denc=0 sreq=0 sapplied=0 crate=0 uimp=490850 upos=9810 uneg=4175 ball=12.27 vball=0.03 aball=-2.8 bref=0.00 pid=0.0 pref=284.8 ppos=285.2 apid=-0.0 integ=2.6 vision=1 current=1 vframe=4229 vs=1 vage=1 vpage=1 vdt=33 vmax=568 vacc=4199 vrej=0 seq=0 elapsed=0 oled=3C
[  15875] STATUS mode=3 fault=none enc=355 denc=0 sreq=0 sapplied=0 crate=0 uimp=490850 upos=9810 uneg=4175 ball=12.27 vball=0.03 aball=-2.8 bref=0.00 pid=0.0 pref=284.8 ppos=285.2 apid=-0.0 integ=2.6 vision=1 current=1 vframe=4229 vs=1 vage=21 vpage=21 vdt=33 vmax=568 vacc=4199 vrej=0 seq=0 elapsed=0 oled=3C
[  15891] STATUS mode=3 fault=none enc=355 denc=0 sreq=200 sapplied=200 crate=200 uimp=490850 upos=9810 uneg=4175 ball=12.80 vball=4.70 aball=20.4 bref=0.00 pid=245.1 pref=309.7 ppos=285.2 apid=0.0 integ=2.6 vision=1 current=1 vframe=4230 vs=1 vage=7 vpage=7 vdt=34 vmax=568 vacc=4200 vrej=0 seq=0 elapsed=0 oled=3C
[  15922] STATUS mode=3 fault=none enc=365 denc=1 sreq=0 sapplied=0 crate=0 uimp=497620 upos=9845 uneg=4175 ball=12.63 vball=1.37 aball=20.4 bref=0.00 pid=0.0 pref=292.6 ppos=292.0 apid=0.0 integ=2.6 vision=1 current=1 vframe=4231 vs=1 vage=14 vpage=14 vdt=33 vmax=568 vacc=4201 vrej=0 seq=0 elapsed=0 oled=3C
[  15952] STATUS mode=3 fault=none enc=364 denc=0 sreq=-100 sapplied=0 crate=-100 uimp=497620 upos=9845 uneg=4175 ball=12.36 vball=-1.30 aball=20.4 bref=0.00 pid=-135.8 pref=278.4 ppos=292.0 apid=0.0 integ=2.6 vision=1 current=1 vframe=4232 vs=1 vage=3 vpage=3 vdt=31 vmax=568 vacc=4202 vrej=0 seq=0 elapsed=0 oled=3C
[  15968] STATUS mode=3 fault=none enc=363 denc=0 sreq=-116 sapplied=-116 crate=-116 uimp=495680 upos=9845 uneg=4190 ball=12.36 vball=-1.30 aball=20.4 bref=0.00 pid=-116.4 pref=278.4 ppos=290.1 apid=0.0 integ=2.6 vision=1 current=1 vframe=4232 vs=1 vage=23 vpage=23 vdt=31 vmax=568 vacc=4202 vrej=0 seq=0 elapsed=0 oled=3C
[  16000] STATUS mode=3 fault=none enc=357 denc=-1 sreq=-94 sapplied=-94 crate=-94 uimp=491260 upos=9845 uneg=4230 ball=12.27 vball=-1.69 aball=-17.8 bref=0.00 pid=-94.4 pref=276.2 ppos=285.6 apid=-0.0 integ=2.6 vision=1 current=1 vframe=4233 vs=1 vage=28 vpage=28 vdt=35 vmax=568 vacc=4203 vrej=0 seq=0 elapsed=0 oled=3C
[  16031] STATUS mode=3 fault=none enc=355 denc=0 sreq=-73 sapplied=-73 crate=-73 uimp=489560 upos=9845 uneg=4250 ball=12.23 vball=-1.57 aball=-17.8 bref=0.00 pid=-72.6 pref=276.7 ppos=283.9 apid=-0.0 integ=2.6 vision=1 current=1 vframe=4234 vs=1 vage=13 vpage=13 vdt=35 vmax=568 vacc=4204 vrej=0 seq=0 elapsed=0 oled=3C
[  16061] STATUS mode=3 fault=none enc=354 denc=0 sreq=-40 sapplied=-40 crate=-40 uimp=488210 upos=9845 uneg=4270 ball=12.22 vball=-1.18 aball=-17.8 bref=0.00 pid=-39.9 pref=278.6 ppos=282.6 apid=-0.0 integ=2.6 vision=1 current=1 vframe=4235 vs=1 vage=2 vpage=2 vdt=31 vmax=568 vacc=4205 vrej=0 seq=0 elapsed=0 oled=3C
[  16077] STATUS mode=3 fault=none enc=351 denc=-1 sreq=0 sapplied=0 crate=0 uimp=487005 upos=9845 uneg=4305 ball=12.22 vball=-0.79 aball=-5.7 bref=0.00 pid=0.0 pref=280.5 ppos=281.4 apid=-0.0 integ=2.6 vision=1 current=1 vframe=4236 vs=1 vage=8 vpage=8 vdt=34 vmax=568 vacc=4206 vrej=0 seq=0 elapsed=0 oled=3C
[  16108] STATUS mode=3 fault=none enc=352 denc=0 sreq=0 sapplied=0 crate=0 uimp=487005 upos=9845 uneg=4305 ball=12.22 vball=-0.79 aball=-5.7 bref=0.00 pid=0.0 pref=280.5 ppos=281.4 apid=-0.0 integ=2.6 vision=1 current=1 vframe=4236 vs=1 vage=28 vpage=28 vdt=34 vmax=568 vacc=4206 vrej=0 seq=0 elapsed=0 oled=3C
[  16141] STATUS mode=3 fault=none enc=352 denc=0 sreq=0 sapplied=0 crate=0 uimp=487005 upos=9845 uneg=4305 ball=12.24 vball=-0.45 aball=-5.7 bref=0.00 pid=0.0 pref=282.3 ppos=281.4 apid=-0.0 integ=2.6 vision=1 current=1 vframe=4237 vs=1 vage=15 vpage=15 vdt=33 vmax=568 vacc=4207 vrej=0 seq=0 elapsed=0 oled=3C
[  16156] STATUS mode=3 fault=none enc=352 denc=0 sreq=20 sapplied=20 crate=20 uimp=487220 upos=9855 uneg=4305 ball=12.24 vball=-0.24 aball=-5.7 bref=0.00 pid=19.8 pref=283.6 ppos=281.6 apid=-0.0 integ=2.9 vision=1 current=1 vframe=4238 vs=1 vage=19 vpage=19 vdt=36 vmax=568 vacc=4208 vrej=0 seq=0 elapsed=0 oled=3C
[  16186] STATUS mode=3 fault=none enc=352 denc=0 sreq=0 sapplied=0 crate=14 uimp=487320 upos=9860 uneg=4305 ball=12.22 vball=-0.36 aball=-1.2 bref=0.00 pid=14.1 pref=283.1 ppos=281.7 apid=-0.0 integ=3.1 vision=1 current=1 vframe=4239 vs=1 vage=8 vpage=8 vdt=31 vmax=568 vacc=4209 vrej=0 seq=0 elapsed=0 oled=3C
[  16218] STATUS mode=3 fault=none enc=352 denc=0 sreq=0 sapplied=0 crate=14 uimp=487320 upos=9860 uneg=4305 ball=12.22 vball=-0.36 aball=-1.2 bref=0.00 pid=14.1 pref=283.1 ppos=281.7 apid=-0.0 integ=3.1 vision=1 current=1 vframe=4239 vs=1 vage=28 vpage=28 vdt=31 vmax=568 vacc=4209 vrej=0 seq=0 elapsed=0 oled=3C
[  16233] STATUS mode=3 fault=none enc=352 denc=0 sreq=117 sapplied=117 crate=117 uimp=487320 upos=9860 uneg=4305 ball=12.47 vball=1.88 aball=-1.2 bref=0.00 pid=137.7 pref=295.5 ppos=281.7 apid=-0.0 integ=3.5 vision=1 current=1 vframe=4241 vs=1 vage=1 vpage=1 vdt=33 vmax=568 vacc=4211 vrej=0 seq=0 elapsed=0 oled=3C
[  16266] STATUS mode=3 fault=none enc=354 denc=2 sreq=113 sapplied=113 crate=113 uimp=489785 upos=9880 uneg=4305 ball=12.47 vball=1.88 aball=-1.2 bref=0.00 pid=113.1 pref=295.5 ppos=284.2 apid=-0.0 integ=3.5 vision=1 current=1 vframe=4241 vs=1 vage=21 vpage=21 vdt=33 vmax=568 vacc=4211 vrej=0 seq=0 elapsed=0 oled=3C
[  16297] STATUS mode=3 fault=none enc=357 denc=3 sreq=229 sapplied=229 crate=229 uimp=492405 upos=9900 uneg=4305 ball=12.82 vball=4.52 aball=21.3 bref=0.00 pid=229.4 pref=309.7 ppos=286.8 apid=0.0 integ=3.5 vision=1 current=1 vframe=4242 vs=1 vage=8 vpage=8 vdt=33 vmax=568 vacc=4212 vrej=0 seq=0 elapsed=0 oled=3C
[  16327] STATUS mode=3 fault=none enc=367 denc=1 sreq=134 sapplied=134 crate=134 uimp=499930 upos=9940 uneg=4305 ball=12.92 vball=4.06 aball=21.3 bref=0.00 pid=134.1 pref=307.7 ppos=294.3 apid=0.0 integ=3.5 vision=1 current=1 vframe=4243 vs=1 vage=15 vpage=15 vdt=33 vmax=568 vacc=4213 vrej=0 seq=0 elapsed=0 oled=3C
[  16343] STATUS mode=3 fault=none enc=370 denc=1 sreq=57 sapplied=57 crate=57 uimp=502415 upos=9960 uneg=4305 ball=12.94 vball=3.01 aball=21.3 bref=0.00 pid=57.4 pref=302.5 ppos=296.8 apid=0.0 integ=3.5 vision=1 current=1 vframe=4244 vs=1 vage=2 vpage=2 vdt=33 vmax=568 vacc=4214 vrej=0 seq=0 elapsed=0 oled=3C
[  16375] STATUS mode=3 fault=none enc=370 denc=-1 sreq=47 sapplied=47 crate=47 uimp=503480 upos=9980 uneg=4305 ball=12.94 vball=3.01 aball=21.3 bref=0.00 pid=46.7 pref=302.5 ppos=297.9 apid=0.0 integ=3.5 vision=1 current=1 vframe=4244 vs=1 vage=22 vpage=22 vdt=33 vmax=568 vacc=4214 vrej=0 seq=0 elapsed=0 oled=3C
[  16406] STATUS mode=3 fault=none enc=372 denc=0 sreq=0 sapplied=0 crate=-10 uimp=504145 upos=9995 uneg=4305 ball=12.93 vball=2.01 aball=0.3 bref=0.00 pid=-10.2 pref=297.5 ppos=298.5 apid=0.0 integ=3.5 vision=1 current=1 vframe=4245 vs=1 vage=29 vpage=29 vdt=33 vmax=568 vacc=4215 vrej=0 seq=0 elapsed=0 oled=3C
[  16422] STATUS mode=3 fault=none enc=372 denc=0 sreq=-45 sapplied=-45 crate=-45 uimp=503910 upos=9995 uneg=4310 ball=12.91 vball=1.28 aball=0.3 bref=0.00 pid=-45.0 pref=293.8 ppos=298.3 apid=0.0 integ=3.5 vision=1 current=1 vframe=4246 vs=1 vage=15 vpage=15 vdt=34 vmax=568 vacc=4216 vrej=0 seq=0 elapsed=0 oled=3C
[  16452] STATUS mode=3 fault=none enc=372 denc=0 sreq=-139 sapplied=-139 crate=-139 uimp=503070 upos=9995 uneg=4330 ball=12.66 vball=-1.24 aball=0.3 bref=0.00 pid=-170.1 pref=280.4 ppos=297.4 apid=0.0 integ=3.5 vision=1 current=1 vframe=4247 vs=1 vage=4 vpage=4 vdt=31 vmax=568 vacc=4217 vrej=0 seq=0 elapsed=0 oled=3C
[  16483] STATUS mode=3 fault=none enc=364 denc=-2 sreq=-211 sapplied=-211 crate=-211 uimp=496410 upos=9995 uneg=4370 ball=12.40 vball=-3.24 aball=-23.9 bref=0.00 pid=-211.3 pref=269.7 ppos=290.8 apid=-0.0 integ=3.5 vision=1 current=1 vframe=4248 vs=1 vage=11 vpage=11 vdt=33 vmax=568 vacc=4218 vrej=0 seq=0 elapsed=0 oled=3C
[  16516] STATUS mode=3 fault=none enc=359 denc=-1 sreq=-172 sapplied=-172 crate=-172 uimp=492490 upos=9995 uneg=4390 ball=12.40 vball=-3.24 aball=-23.9 bref=0.00 pid=-172.1 pref=269.7 ppos=286.9 apid=-0.0 integ=3.5 vision=1 current=1 vframe=4248 vs=1 vage=31 vpage=31 vdt=33 vmax=568 vacc=4218 vrej=0 seq=0 elapsed=0 oled=3C
[  16531] STATUS mode=3 fault=none enc=357 denc=0 sreq=-91 sapplied=-91 crate=-91 uimp=490115 upos=9995 uneg=4410 ball=12.40 vball=-2.09 aball=-23.9 bref=0.00 pid=-90.8 pref=275.4 ppos=284.5 apid=-0.0 integ=3.5 vision=1 current=1 vframe=4249 vs=1 vage=16 vpage=16 vdt=35 vmax=568 vacc=4219 vrej=0 seq=0 elapsed=0 oled=3C
[  16561] STATUS mode=3 fault=none enc=354 denc=0 sreq=0 sapplied=0 crate=14 uimp=488430 upos=9995 uneg=4430 ball=12.52 vball=-0.45 aball=-23.9 bref=0.00 pid=13.7 pref=284.2 ppos=282.8 apid=-0.0 integ=3.7 vision=1 current=1 vframe=4250 vs=1 vage=22 vpage=22 vdt=34 vmax=568 vacc=4220 vrej=0 seq=0 elapsed=0 oled=3C
[  16593] STATUS mode=3 fault=none enc=354 denc=0 sreq=-36 sapplied=-36 crate=-36 uimp=488240 upos=9995 uneg=4435 ball=12.40 vball=-1.45 aball=-5.3 bref=0.00 pid=-35.9 pref=279.0 ppos=282.6 apid=-0.0 integ=3.9 vision=1 current=1 vframe=4251 vs=1 vage=9 vpage=9 vdt=33 vmax=568 vacc=4221 vrej=0 seq=0 elapsed=0 oled=3C
[  16625] STATUS mode=3 fault=none enc=354 denc=0 sreq=-29 sapplied=-29 crate=-29 uimp=487575 upos=9995 uneg=4455 ball=12.40 vball=-1.45 aball=-5.3 bref=0.00 pid=-29.3 pref=279.0 ppos=281.9 apid=-0.0 integ=3.9 vision=1 current=1 vframe=4251 vs=1 vage=29 vpage=29 vdt=33 vmax=568 vacc=4221 vrej=0 seq=0 elapsed=0 oled=3C
[  16641] STATUS mode=3 fault=none enc=352 denc=1 sreq=-28 sapplied=-28 crate=-28 uimp=485480 upos=9995 uneg=4495 ball=12.23 vball=-1.82 aball=-5.3 bref=0.00 pid=-27.8 pref=277.1 ppos=279.9 apid=-0.0 integ=4.3 vision=1 current=1 vframe=4253 vs=1 vage=2 vpage=2 vdt=34 vmax=568 vacc=4223 vrej=0 seq=0 elapsed=0 oled=3C
[  16672] STATUS mode=3 fault=none enc=351 denc=0 sreq=-23 sapplied=-23 crate=-23 uimp=484965 upos=9995 uneg=4515 ball=12.23 vball=-1.82 aball=-5.3 bref=0.00 pid=-22.7 pref=277.1 ppos=279.3 apid=-0.0 integ=4.3 vision=1 current=1 vframe=4253 vs=1 vage=22 vpage=22 vdt=34 vmax=568 vacc=4223 vrej=0 seq=0 elapsed=0 oled=3C
[  16702] STATUS mode=3 fault=none enc=350 denc=0 sreq=0 sapplied=0 crate=0 uimp=484640 upos=9995 uneg=4530 ball=12.23 vball=-1.31 aball=-2.3 bref=0.00 pid=0.0 pref=279.8 ppos=279.0 apid=-0.0 integ=4.5 vision=1 current=1 vframe=4254 vs=1 vage=9 vpage=9 vdt=33 vmax=568 vacc=4224 vrej=0 seq=0 elapsed=0 oled=3C
[  16718] STATUS mode=3 fault=none enc=350 denc=0 sreq=112 sapplied=112 crate=112 uimp=485230 upos=10000 uneg=4530 ball=12.40 vball=0.75 aball=-2.3 bref=0.00 pid=112.4 pref=290.8 ppos=279.6 apid=-0.0 integ=4.7 vision=1 current=1 vframe=4255 vs=1 vage=15 vpage=15 vdt=34 vmax=568 vacc=4225 vrej=0 seq=0 elapsed=0 oled=3C
[  16750] STATUS mode=3 fault=none enc=353 denc=1 sreq=196 sapplied=196 crate=196 uimp=487310 upos=10020 uneg=4530 ball=12.71 vball=3.30 aball=-2.3 bref=0.00 pid=230.5 pref=304.7 ppos=281.7 apid=-0.0 integ=4.9 vision=1 current=1 vframe=4256 vs=1 vage=2 vpage=2 vdt=33 vmax=568 vacc=4226 vrej=0 seq=0 elapsed=0 oled=3C
[  16781] STATUS mode=3 fault=none enc=357 denc=2 sreq=189 sapplied=189 crate=189 uimp=491440 upos=10040 uneg=4530 ball=12.71 vball=3.30 aball=-2.3 bref=0.00 pid=189.2 pref=304.7 ppos=285.8 apid=-0.0 integ=4.9 vision=1 current=1 vframe=4256 vs=1 vage=22 vpage=22 vdt=33 vmax=568 vacc=4226 vrej=0 seq=0 elapsed=0 oled=3C
[  16811] STATUS mode=3 fault=none enc=364 denc=2 sreq=101 sapplied=101 crate=101 uimp=497100 upos=10080 uneg=4530 ball=12.74 vball=2.61 aball=16.0 bref=0.00 pid=101.2 pref=301.6 ppos=291.5 apid=0.0 integ=5.1 vision=1 current=1 vframe=4257 vs=1 vage=27 vpage=27 vdt=35 vmax=568 vacc=4227 vrej=0 seq=0 elapsed=0 oled=3C
[  16827] STATUS mode=3 fault=none enc=366 denc=1 sreq=-132 sapplied=-132 crate=-132 uimp=498085 upos=10090 uneg=4530 ball=12.37 vball=-1.68 aball=16.0 bref=0.00 pid=-132.2 pref=279.2 ppos=292.5 apid=0.0 integ=5.3 vision=1 current=1 vframe=4258 vs=1 vage=15 vpage=15 vdt=32 vmax=568 vacc=4228 vrej=0 seq=0 elapsed=0 oled=3C
[  16858] STATUS mode=3 fault=none enc=363 denc=-2 sreq=-152 sapplied=-152 crate=-152 uimp=495635 upos=10090 uneg=4550 ball=12.21 vball=-2.51 aball=16.0 bref=0.00 pid=-152.0 pref=274.8 ppos=290.0 apid=0.0 integ=5.5 vision=1 current=1 vframe=4259 vs=1 vage=2 vpage=2 vdt=33 vmax=568 vacc=4229 vrej=0 seq=0 elapsed=0 oled=3C
[  16891] STATUS mode=3 fault=none enc=357 denc=-1 sreq=-89 sapplied=-89 crate=-89 uimp=490580 upos=10090 uneg=4590 ball=12.16 vball=-2.28 aball=-13.4 bref=0.00 pid=-89.4 pref=276.0 ppos=285.0 apid=-0.0 integ=5.7 vision=1 current=1 vframe=4260 vs=1 vage=8 vpage=8 vdt=34 vmax=568 vacc=4230 vrej=0 seq=0 elapsed=0 oled=3C
[  16922] STATUS mode=3 fault=none enc=355 denc=0 sreq=-73 sapplied=-73 crate=-73 uimp=488920 upos=10090 uneg=4610 ball=12.16 vball=-2.28 aball=-13.4 bref=0.00 pid=-72.8 pref=276.0 ppos=283.3 apid=-0.0 integ=5.7 vision=1 current=1 vframe=4260 vs=1 vage=28 vpage=28 vdt=34 vmax=568 vacc=4230 vrej=0 seq=0 elapsed=0 oled=3C
[  16936] STATUS mode=3 fault=none enc=354 denc=0 sreq=0 sapplied=0 crate=17 uimp=487310 upos=10090 uneg=4650 ball=12.18 vball=-0.89 aball=-13.4 bref=0.00 pid=17.4 pref=283.4 ppos=281.7 apid=-0.0 integ=6.1 vision=1 current=1 vframe=4262 vs=1 vage=2 vpage=2 vdt=33 vmax=568 vacc=4232 vrej=0 seq=0 elapsed=0 oled=3C
[  16968] STATUS mode=3 fault=none enc=353 denc=0 sreq=0 sapplied=0 crate=17 uimp=487310 upos=10090 uneg=4650 ball=12.18 vball=-0.89 aball=-13.4 bref=0.00 pid=17.4 pref=283.4 ppos=281.7 apid=-0.0 integ=6.1 vision=1 current=1 vframe=4262 vs=1 vage=22 vpage=22 vdt=33 vmax=568 vacc=4232 vrej=0 seq=0 elapsed=0 oled=3C
[  17000] STATUS mode=3 fault=none enc=353 denc=0 sreq=41 sapplied=41 crate=41 uimp=487310 upos=10090 uneg=4650 ball=12.20 vball=-0.48 aball=0.7 bref=0.00 pid=40.6 pref=285.7 ppos=281.7 apid=0.0 integ=6.4 vision=1 current=1 vframe=4263 vs=1 vage=8 vpage=8 vdt=34 vmax=568 vacc=4233 vrej=0 seq=0 elapsed=0 oled=3C
[  17016] STATUS mode=3 fault=none enc=354 denc=0 sreq=39 sapplied=39 crate=39 uimp=488810 upos=10130 uneg=4650 ball=12.21 vball=-0.26 aball=0.7 bref=0.00 pid=38.9 pref=285.7 ppos=282.4 apid=0.0 integ=6.4 vision=1 current=1 vframe=4263 vs=1 vage=28 vpage=28 vdt=34 vmax=568 vacc=4233 vrej=0 seq=0 elapsed=0 oled=3C
[  17047] STATUS mode=3 fault=none enc=354 denc=0 sreq=46 sapplied=46 crate=46 uimp=489530 upos=10150 uneg=4650 ball=12.22 vball=-0.03 aball=0.7 bref=0.00 pid=45.5 pref=288.5 ppos=283.9 apid=0.0 integ=6.8 vision=1 current=1 vframe=4265 vs=1 vage=2 vpage=2 vdt=33 vmax=568 vacc=4235 vrej=0 seq=0 elapsed=0 oled=3C
[  17077] STATUS mode=3 fault=none enc=355 denc=0 sreq=37 sapplied=37 crate=37 uimp=490375 upos=10170 uneg=4650 ball=12.22 vball=-0.03 aball=0.7 bref=0.00 pid=37.1 pref=288.5 ppos=284.7 apid=0.0 integ=6.8 vision=1 current=1 vframe=4265 vs=1 vage=22 vpage=22 vdt=33 vmax=568 vacc=4235 vrej=0 seq=0 elapsed=0 oled=3C
[  17093] STATUS mode=3 fault=none enc=356 denc=-1 sreq=233 sapplied=233 crate=233 uimp=491565 upos=10190 uneg=4650 ball=12.74 vball=4.54 aball=23.0 bref=0.00 pid=269.3 pref=312.9 ppos=285.9 apid=0.0 integ=6.8 vision=1 current=1 vframe=4266 vs=1 vage=8 vpage=8 vdt=34 vmax=568 vacc=4236 vrej=0 seq=0 elapsed=0 oled=3C
[  17093] >>> stop
[  17125] STATUS mode=3 fault=none enc=368 denc=1 sreq=193 sapplied=193 crate=193 uimp=500650 upos=10230 uneg=4650 ball=12.92 vball=4.73 aball=23.0 bref=0.00 pid=193.3 pref=314.4 ppos=295.0 apid=0.0 integ=6.8 vision=1 current=1 vframe=4267 vs=1 vage=15 vpage=15 vdt=33 vmax=568 vacc=4237 vrej=0 seq=0 elapsed=0 oled=3C
[  17156] STATUS mode=1 fault=none enc=364 denc=-4 sreq=0 sapplied=0 crate=0 uimp=501615 upos=10235 uneg=4650 ball=12.96 vball=3.69 aball=0.0 bref=0.00 pid=0.0 pref=296.0 ppos=296.0 apid=0.0 integ=0.0 vision=1 current=1 vframe=4268 vs=1 vage=2 vpage=2 vdt=33 vmax=568 vacc=4238 vrej=0 seq=0 elapsed=0 oled=3C
[  17186] STATUS mode=1 fault=none enc=361 denc=0 sreq=0 sapplied=0 crate=0 uimp=501615 upos=10235 uneg=4650 ball=12.96 vball=3.69 aball=0.0 bref=0.00 pid=0.0 pref=296.0 ppos=296.0 apid=0.0 integ=0.0 vision=1 current=1 vframe=4268 vs=1 vage=22 vpage=22 vdt=33 vmax=568 vacc=4238 vrej=0 seq=0 elapsed=0 oled=3C
[  17202] STATUS mode=1 fault=none enc=361 denc=0 sreq=0 sapplied=0 crate=0 uimp=501615 upos=10235 uneg=4650 ball=12.96 vball=2.56 aball=0.0 bref=0.00 pid=0.0 pref=296.0 ppos=296.0 apid=0.0 integ=0.0 vision=1 current=1 vframe=4269 vs=1 vage=30 vpage=30 vdt=32 vmax=568 vacc=4239 vrej=0 seq=0 elapsed=0 oled=3C
[  17233] STATUS mode=1 fault=none enc=361 denc=0 sreq=0 sapplied=0 crate=0 uimp=501615 upos=10235 uneg=4650 ball=12.94 vball=1.67 aball=0.0 bref=0.00 pid=0.0 pref=296.0 ppos=296.0 apid=0.0 integ=0.0 vision=1 current=1 vframe=4270 vs=1 vage=15 vpage=15 vdt=35 vmax=568 vacc=4240 vrej=0 seq=0 elapsed=0 oled=3C
[  17266] STATUS mode=1 fault=none enc=361 denc=0 sreq=0 sapplied=0 crate=0 uimp=501615 upos=10235 uneg=4650 ball=12.93 vball=1.07 aball=0.0 bref=0.00 pid=0.0 pref=296.0 ppos=296.0 apid=0.0 integ=0.0 vision=1 current=1 vframe=4271 vs=1 vage=2 vpage=2 vdt=33 vmax=568 vacc=4241 vrej=0 seq=0 elapsed=0 oled=3C
[  17281] STATUS mode=1 fault=none enc=361 denc=0 sreq=0 sapplied=0 crate=0 uimp=501615 upos=10235 uneg=4650 ball=12.94 vball=0.80 aball=0.0 bref=0.00 pid=0.0 pref=296.0 ppos=296.0 apid=0.0 integ=0.0 vision=1 current=1 vframe=4272 vs=1 vage=8 vpage=8 vdt=34 vmax=568 vacc=4242 vrej=0 seq=0 elapsed=0 oled=3C
[  17311] STATUS mode=1 fault=none enc=361 denc=0 sreq=0 sapplied=0 crate=0 uimp=501615 upos=10235 uneg=4650 ball=12.94 vball=0.80 aball=0.0 bref=0.00 pid=0.0 pref=296.0 ppos=296.0 apid=0.0 integ=0.0 vision=1 current=1 vframe=4272 vs=1 vage=28 vpage=28 vdt=34 vmax=568 vacc=4242 vrej=0 seq=0 elapsed=0 oled=3C
[  17343] STATUS mode=1 fault=none enc=361 denc=0 sreq=0 sapplied=0 crate=0 uimp=501615 upos=10235 uneg=4650 ball=12.94 vball=0.62 aball=0.0 bref=0.00 pid=0.0 pref=296.0 ppos=296.0 apid=0.0 integ=0.0 vision=1 current=1 vframe=4273 vs=1 vage=15 vpage=15 vdt=33 vmax=568 vacc=4243 vrej=0 seq=0 elapsed=0 oled=3C
[  17343] >>> stream off
[  17358] STATUS mode=1 fault=none enc=361 denc=0 sreq=0 sapplied=0 crate=0 uimp=501615 upos=10235 uneg=4650 ball=12.94 vball=0.43 aball=0.0 bref=0.00 pid=0.0 pref=296.0 ppos=296.0 apid=0.0 integ=0.0 vision=1 current=1 vframe=4274 vs=1 vage=22 vpage=22 vdt=33 vmax=568 vacc=4244 vrej=0 seq=0 elapsed=0 oled=3C
[  17358] OK stream off
[  17500] RESULT center_timeout
