[      1] >>> bench on
[      7] OK stepper visual-only bench active; command pose preserved
[    129] >>> clear
[    131] OK fault cleared
[    252] >>> diag reset
[    256] OK actuator diagnostics reset
[    378] >>> gain ball 1.2 2.0 2.0 -1
[    385] OK ball gains kp=1.200 ki=2.000 kd=2.000 sign=-1
[    503] >>> gain accel 0
[    507] OK ball acceleration gain ka=0.000
[    628] >>> limit rate 400
[    632] OK ball rate limit=400 steps/s
[    753] >>> stream on 20
[    756] OK stream on 20 ms
[    799] STATUS mode=1 fault=none enc=-2 denc=0 sreq=0 sapplied=0 crate=0 uimp=0 upos=0 uneg=0 ball=113.58 vball=0.00 aball=0.0 bref=0.00 pid=0.0 pref=0.0 ppos=0.0 apid=0.0 integ=0.0 vision=1 current=1 vframe=353 vs=1 vage=20 vpage=20 vdt=34 vmax=44 vacc=353 vrej=0 seq=0 elapsed=0 oled=3C
[    823] STATUS mode=1 fault=none enc=-2 denc=0 sreq=0 sapplied=0 crate=0 uimp=0 upos=0 uneg=0 ball=113.58 vball=0.00 aball=0.0 bref=0.00 pid=0.0 pref=0.0 ppos=0.0 apid=0.0 integ=0.0 vision=1 current=1 vframe=354 vs=1 vage=7 vpage=7 vdt=33 vmax=44 vacc=354 vrej=0 seq=0 elapsed=0 oled=3C
[    848] STATUS mode=1 fault=none enc=-2 denc=0 sreq=0 sapplied=0 crate=0 uimp=0 upos=0 uneg=0 ball=113.58 vball=0.00 aball=0.0 bref=0.00 pid=0.0 pref=0.0 ppos=0.0 apid=0.0 integ=0.0 vision=1 current=1 vframe=354 vs=1 vage=27 vpage=27 vdt=33 vmax=44 vacc=354 vrej=0 seq=0 elapsed=0 oled=3C
[    872] STATUS mode=1 fault=none enc=-2 denc=0 sreq=0 sapplied=0 crate=0 uimp=0 upos=0 uneg=0 ball=113.58 vball=0.00 aball=0.0 bref=0.00 pid=0.0 pref=0.0 ppos=0.0 apid=0.0 integ=0.0 vision=1 current=1 vframe=355 vs=1 vage=13 vpage=13 vdt=34 vmax=44 vacc=355 vrej=0 seq=0 elapsed=0 oled=3C
[    897] STATUS mode=1 fault=none enc=-2 denc=0 sreq=0 sapplied=0 crate=0 uimp=0 upos=0 uneg=0 ball=113.58 vball=0.00 aball=0.0 bref=0.00 pid=0.0 pref=0.0 ppos=0.0 apid=0.0 integ=0.0 vision=1 current=1 vframe=355 vs=1 vage=33 vpage=33 vdt=34 vmax=44 vacc=355 vrej=0 seq=0 elapsed=0 oled=3C
[    897] >>> ball 0
[    921] STATUS mode=1 fault=none enc=-2 denc=0 sreq=0 sapplied=0 crate=0 uimp=0 upos=0 uneg=0 ball=113.58 vball=-0.04 aball=0.0 bref=0.00 pid=0.0 pref=0.0 ppos=0.0 apid=0.0 integ=0.0 vision=1 current=1 vframe=357 vs=1 vage=6 vpage=6 vdt=34 vmax=44 vacc=357 vrej=0 seq=0 elapsed=0 oled=3C
[    947] STATUS mode=3 fault=none enc=0 denc=0 sreq=300 sapplied=300 crate=300 uimp=1000 upos=5 uneg=0 ball=113.58 vball=-0.04 aball=0.0 bref=0.00 pid=400.0 pref=136.2 ppos=1.0 apid=0.0 integ=-0.0 vision=1 current=1 vframe=357 vs=1 vage=26 vpage=26 vdt=34 vmax=44 vacc=357 vrej=0 seq=0 elapsed=0 oled=3C
[    973] STATUS mode=3 fault=none enc=11 denc=2 sreq=400 sapplied=400 crate=400 uimp=8500 upos=25 uneg=0 ball=113.57 vball=-0.06 aball=0.0 bref=0.00 pid=400.0 pref=136.2 ppos=8.5 apid=0.0 integ=-0.0 vision=1 current=1 vframe=358 vs=1 vage=13 vpage=13 vdt=33 vmax=44 vacc=358 vrej=0 seq=0 elapsed=0 oled=3C
[    999] STATUS mode=3 fault=none enc=21 denc=3 sreq=400 sapplied=400 crate=400 uimp=16500 upos=45 uneg=0 ball=113.57 vball=-0.06 aball=0.0 bref=0.00 pid=400.0 pref=136.2 ppos=16.5 apid=0.0 integ=-0.0 vision=1 current=1 vframe=358 vs=1 vage=33 vpage=33 vdt=33 vmax=44 vacc=358 vrej=0 seq=0 elapsed=0 oled=3C
[   1025] STATUS mode=3 fault=none enc=42 denc=3 sreq=400 sapplied=400 crate=400 uimp=32500 upos=85 uneg=0 ball=113.57 vball=-0.04 aball=0.0 bref=0.00 pid=400.0 pref=136.2 ppos=32.5 apid=0.0 integ=-0.0 vision=1 current=1 vframe=360 vs=1 vage=7 vpage=7 vdt=33 vmax=44 vacc=360 vrej=0 seq=0 elapsed=0 oled=3C
[   1051] STATUS mode=3 fault=none enc=53 denc=3 sreq=400 sapplied=400 crate=400 uimp=40500 upos=105 uneg=0 ball=113.57 vball=-0.04 aball=0.0 bref=0.00 pid=400.0 pref=136.2 ppos=40.5 apid=0.0 integ=-0.0 vision=1 current=1 vframe=360 vs=1 vage=27 vpage=27 vdt=33 vmax=44 vacc=360 vrej=0 seq=0 elapsed=0 oled=3C
[   1077] STATUS mode=3 fault=none enc=63 denc=2 sreq=400 sapplied=400 crate=400 uimp=48500 upos=125 uneg=0 ball=113.58 vball=0.10 aball=0.0 bref=0.00 pid=400.0 pref=136.5 ppos=48.5 apid=0.0 integ=-0.0 vision=1 current=1 vframe=361 vs=1 vage=12 vpage=12 vdt=35 vmax=44 vacc=361 vrej=0 seq=0 elapsed=0 oled=3C
[   1103] STATUS mode=3 fault=none enc=84 denc=3 sreq=400 sapplied=400 crate=400 uimp=64500 upos=165 uneg=0 ball=113.82 vball=2.16 aball=0.0 bref=0.00 pid=400.0 pref=140.9 ppos=64.5 apid=0.0 integ=-0.0 vision=1 current=1 vframe=362 vs=1 vage=20 vpage=20 vdt=32 vmax=44 vacc=362 vrej=0 seq=0 elapsed=0 oled=3C
[   1129] STATUS mode=3 fault=none enc=95 denc=3 sreq=400 sapplied=400 crate=400 uimp=72500 upos=185 uneg=0 ball=114.08 vball=3.94 aball=17.9 bref=0.00 pid=400.0 pref=144.8 ppos=72.5 apid=0.0 integ=-0.0 vision=1 current=1 vframe=363 vs=1 vage=7 vpage=7 vdt=33 vmax=44 vacc=363 vrej=0 seq=0 elapsed=0 oled=3C
[   1155] STATUS mode=3 fault=none enc=105 denc=3 sreq=400 sapplied=400 crate=400 uimp=80500 upos=205 uneg=0 ball=114.08 vball=3.94 aball=17.9 bref=0.00 pid=400.0 pref=144.8 ppos=80.5 apid=0.0 integ=-0.0 vision=1 current=1 vframe=363 vs=1 vage=27 vpage=27 vdt=33 vmax=44 vacc=363 vrej=0 seq=0 elapsed=0 oled=3C
[   1181] STATUS mode=3 fault=none enc=126 denc=3 sreq=400 sapplied=400 crate=400 uimp=96500 upos=245 uneg=0 ball=114.83 vball=7.53 aball=17.9 bref=0.00 pid=400.0 pref=150.7 ppos=96.5 apid=0.0 integ=-0.0 vision=1 current=1 vframe=365 vs=1 vage=1 vpage=1 vdt=33 vmax=44 vacc=365 vrej=0 seq=0 elapsed=0 oled=3C
[   1208] STATUS mode=3 fault=none enc=136 denc=2 sreq=400 sapplied=400 crate=400 uimp=104500 upos=265 uneg=0 ball=114.83 vball=7.53 aball=17.9 bref=0.00 pid=400.0 pref=152.9 ppos=104.5 apid=0.0 integ=-0.0 vision=1 current=1 vframe=365 vs=1 vage=21 vpage=21 vdt=33 vmax=44 vacc=365 vrej=0 seq=0 elapsed=0 oled=3C
[   1234] STATUS mode=3 fault=none enc=147 denc=3 sreq=386 sapplied=386 crate=386 uimp=112500 upos=285 uneg=0 ball=114.97 vball=6.56 aball=21.6 bref=0.00 pid=385.8 pref=151.1 ppos=112.5 apid=0.0 integ=-0.0 vision=1 current=1 vframe=366 vs=1 vage=7 vpage=7 vdt=34 vmax=44 vacc=366 vrej=0 seq=0 elapsed=0 oled=3C
[   1260] STATUS mode=3 fault=none enc=156 denc=3 sreq=314 sapplied=314 crate=314 uimp=119660 upos=305 uneg=0 ball=114.97 vball=6.56 aball=21.6 bref=0.00 pid=314.2 pref=151.1 ppos=119.7 apid=0.0 integ=-0.0 vision=1 current=1 vframe=366 vs=1 vage=27 vpage=27 vdt=34 vmax=44 vacc=366 vrej=0 seq=0 elapsed=0 oled=3C
[   1287] STATUS mode=3 fault=none enc=163 denc=0 sreq=100 sapplied=100 crate=100 uimp=126220 upos=345 uneg=0 ball=115.37 vball=8.13 aball=21.6 bref=0.00 pid=100.0 pref=1200.0 ppos=126.2 apid=0.0 integ=0.0 vision=1 current=1 vframe=367 vs=1 vage=33 vpage=33 vdt=34 vmax=44 vacc=367 vrej=0 seq=0 elapsed=0 oled=3C
[   1313] STATUS mode=3 fault=none enc=166 denc=1 sreq=100 sapplied=100 crate=100 uimp=128220 upos=365 uneg=0 ball=115.72 vball=8.94 aball=21.6 bref=0.00 pid=100.0 pref=1200.0 ppos=128.2 apid=0.0 integ=0.0 vision=1 current=1 vframe=368 vs=1 vage=19 vpage=19 vdt=34 vmax=44 vacc=368 vrej=0 seq=0 elapsed=0 oled=3C
[   1339] STATUS mode=3 fault=none enc=169 denc=1 sreq=100 sapplied=100 crate=100 uimp=130220 upos=385 uneg=0 ball=115.81 vball=7.04 aball=14.0 bref=0.00 pid=100.0 pref=1200.0 ppos=130.2 apid=0.0 integ=0.0 vision=1 current=1 vframe=369 vs=1 vage=6 vpage=6 vdt=33 vmax=44 vacc=369 vrej=0 seq=0 elapsed=0 oled=3C
[   1366] STATUS mode=3 fault=none enc=173 denc=0 sreq=100 sapplied=100 crate=100 uimp=134220 upos=425 uneg=0 ball=115.81 vball=5.00 aball=14.0 bref=0.00 pid=100.0 pref=1200.0 ppos=134.2 apid=0.0 integ=0.0 vision=1 current=1 vframe=370 vs=1 vage=13 vpage=13 vdt=33 vmax=44 vacc=370 vrej=0 seq=0 elapsed=0 oled=3C
[   1392] STATUS mode=3 fault=none enc=176 denc=0 sreq=100 sapplied=100 crate=100 uimp=136220 upos=445 uneg=0 ball=115.81 vball=5.00 aball=14.0 bref=0.00 pid=100.0 pref=1200.0 ppos=136.2 apid=0.0 integ=0.0 vision=1 current=1 vframe=370 vs=1 vage=33 vpage=33 vdt=33 vmax=44 vacc=370 vrej=0 seq=0 elapsed=0 oled=3C
[   1418] STATUS mode=3 fault=none enc=179 denc=0 sreq=100 sapplied=100 crate=100 uimp=138220 upos=465 uneg=0 ball=115.83 vball=3.67 aball=14.0 bref=0.00 pid=100.0 pref=1200.0 ppos=138.2 apid=0.0 integ=0.0 vision=1 current=1 vframe=371 vs=1 vage=19 vpage=19 vdt=34 vmax=44 vacc=371 vrej=0 seq=0 elapsed=0 oled=3C
[   1445] STATUS mode=3 fault=none enc=184 denc=0 sreq=100 sapplied=100 crate=100 uimp=142220 upos=505 uneg=0 ball=115.82 vball=2.53 aball=-12.2 bref=0.00 pid=100.0 pref=1200.0 ppos=142.2 apid=-0.0 integ=0.0 vision=1 current=1 vframe=372 vs=1 vage=24 vpage=24 vdt=35 vmax=44 vacc=372 vrej=0 seq=0 elapsed=0 oled=3C
[   1472] STATUS mode=3 fault=none enc=187 denc=1 sreq=100 sapplied=100 crate=100 uimp=144220 upos=525 uneg=0 ball=115.80 vball=1.59 aball=-12.2 bref=0.00 pid=100.0 pref=1200.0 ppos=144.2 apid=-0.0 integ=0.0 vision=1 current=1 vframe=373 vs=1 vage=11 vpage=11 vdt=33 vmax=44 vacc=373 vrej=0 seq=0 elapsed=0 oled=3C
[   1498] STATUS mode=3 fault=none enc=189 denc=0 sreq=100 sapplied=100 crate=100 uimp=146220 upos=545 uneg=0 ball=115.80 vball=1.59 aball=-12.2 bref=0.00 pid=100.0 pref=1200.0 ppos=146.2 apid=-0.0 integ=0.0 vision=1 current=1 vframe=373 vs=1 vage=31 vpage=31 vdt=33 vmax=44 vacc=373 vrej=0 seq=0 elapsed=0 oled=3C
[   1524] STATUS mode=3 fault=none enc=194 denc=0 sreq=100 sapplied=100 crate=100 uimp=150220 upos=585 uneg=0 ball=116.18 vball=4.20 aball=0.9 bref=0.00 pid=100.0 pref=1200.0 ppos=150.2 apid=0.0 integ=0.0 vision=1 current=1 vframe=375 vs=1 vage=5 vpage=5 vdt=34 vmax=44 vacc=375 vrej=0 seq=0 elapsed=0 oled=3C
[   1551] STATUS mode=3 fault=none enc=197 denc=1 sreq=100 sapplied=100 crate=100 uimp=152220 upos=605 uneg=0 ball=116.18 vball=4.20 aball=0.9 bref=0.00 pid=100.0 pref=1200.0 ppos=152.2 apid=0.0 integ=0.0 vision=1 current=1 vframe=375 vs=1 vage=25 vpage=25 vdt=34 vmax=44 vacc=375 vrej=0 seq=0 elapsed=0 oled=3C
[   1577] STATUS mode=3 fault=none enc=199 denc=0 sreq=100 sapplied=100 crate=100 uimp=154220 upos=625 uneg=0 ball=116.57 vball=6.14 aball=0.9 bref=0.00 pid=100.0 pref=1200.0 ppos=154.2 apid=0.0 integ=0.0 vision=1 current=1 vframe=376 vs=1 vage=11 vpage=11 vdt=34 vmax=44 vacc=376 vrej=0 seq=0 elapsed=0 oled=3C
[   1603] STATUS mode=3 fault=none enc=204 denc=0 sreq=100 sapplied=100 crate=100 uimp=158220 upos=665 uneg=0 ball=116.64 vball=4.97 aball=0.9 bref=0.00 pid=100.0 pref=1200.0 ppos=158.2 apid=0.0 integ=0.0 vision=1 current=1 vframe=377 vs=1 vage=18 vpage=18 vdt=33 vmax=44 vacc=377 vrej=0 seq=0 elapsed=0 oled=3C
[   1630] STATUS mode=3 fault=none enc=207 denc=0 sreq=100 sapplied=100 crate=100 uimp=160220 upos=685 uneg=0 ball=116.53 vball=2.45 aball=-7.3 bref=0.00 pid=100.0 pref=1200.0 ppos=160.2 apid=-0.0 integ=0.0 vision=1 current=1 vframe=378 vs=1 vage=4 vpage=4 vdt=34 vmax=44 vacc=378 vrej=0 seq=0 elapsed=0 oled=3C
[   1656] STATUS mode=3 fault=none enc=210 denc=0 sreq=100 sapplied=100 crate=100 uimp=162220 upos=705 uneg=0 ball=116.53 vball=2.45 aball=-7.3 bref=0.00 pid=100.0 pref=1200.0 ppos=162.2 apid=-0.0 integ=0.0 vision=1 current=1 vframe=378 vs=1 vage=24 vpage=24 vdt=34 vmax=44 vacc=378 vrej=0 seq=0 elapsed=0 oled=3C
[   1683] STATUS mode=3 fault=none enc=215 denc=0 sreq=100 sapplied=100 crate=100 uimp=166220 upos=745 uneg=0 ball=116.48 vball=1.30 aball=-7.3 bref=0.00 pid=100.0 pref=1200.0 ppos=166.2 apid=-0.0 integ=0.0 vision=1 current=1 vframe=379 vs=1 vage=30 vpage=30 vdt=34 vmax=44 vacc=379 vrej=0 seq=0 elapsed=0 oled=3C
[   1709] STATUS mode=3 fault=none enc=218 denc=0 sreq=100 sapplied=100 crate=100 uimp=168220 upos=765 uneg=0 ball=116.56 vball=1.73 aball=-7.3 bref=0.00 pid=100.0 pref=1200.0 ppos=168.2 apid=-0.0 integ=0.0 vision=1 current=1 vframe=380 vs=1 vage=19 vpage=19 vdt=31 vmax=44 vacc=380 vrej=0 seq=0 elapsed=0 oled=3C
[   1735] STATUS mode=3 fault=none enc=220 denc=0 sreq=100 sapplied=100 crate=100 uimp=170220 upos=785 uneg=0 ball=116.59 vball=1.49 aball=-8.4 bref=0.00 pid=100.0 pref=1200.0 ppos=170.2 apid=-0.0 integ=0.0 vision=1 current=1 vframe=381 vs=1 vage=5 vpage=5 vdt=34 vmax=44 vacc=381 vrej=0 seq=0 elapsed=0 oled=3C
[   1762] STATUS mode=3 fault=none enc=225 denc=0 sreq=100 sapplied=100 crate=100 uimp=174220 upos=825 uneg=0 ball=116.49 vball=0.18 aball=-8.4 bref=0.00 pid=100.0 pref=1200.0 ppos=174.2 apid=-0.0 integ=0.0 vision=1 current=1 vframe=382 vs=1 vage=11 vpage=11 vdt=34 vmax=44 vacc=382 vrej=0 seq=0 elapsed=0 oled=3C
[   1788] STATUS mode=3 fault=none enc=228 denc=0 sreq=100 sapplied=100 crate=100 uimp=176220 upos=845 uneg=0 ball=116.49 vball=0.18 aball=-8.4 bref=0.00 pid=100.0 pref=1200.0 ppos=176.2 apid=-0.0 integ=0.0 vision=1 current=1 vframe=382 vs=1 vage=31 vpage=31 vdt=34 vmax=44 vacc=382 vrej=0 seq=0 elapsed=0 oled=3C
[   1815] STATUS mode=3 fault=none enc=231 denc=0 sreq=100 sapplied=100 crate=100 uimp=178220 upos=865 uneg=0 ball=116.45 vball=-0.20 aball=-8.4 bref=0.00 pid=100.0 pref=1200.0 ppos=178.2 apid=-0.0 integ=0.0 vision=1 current=1 vframe=383 vs=1 vage=18 vpage=18 vdt=33 vmax=44 vacc=383 vrej=0 seq=0 elapsed=0 oled=3C
[   1842] STATUS mode=3 fault=none enc=235 denc=0 sreq=100 sapplied=100 crate=100 uimp=182220 upos=905 uneg=0 ball=116.44 vball=-0.25 aball=-12.4 bref=0.00 pid=100.0 pref=1200.0 ppos=182.2 apid=-0.0 integ=0.0 vision=1 current=1 vframe=384 vs=1 vage=25 vpage=25 vdt=33 vmax=44 vacc=384 vrej=0 seq=0 elapsed=0 oled=3C
[   1868] STATUS mode=3 fault=none enc=238 denc=0 sreq=100 sapplied=100 crate=100 uimp=184220 upos=925 uneg=0 ball=116.43 vball=-0.24 aball=-12.4 bref=0.00 pid=100.0 pref=1200.0 ppos=184.2 apid=-0.0 integ=0.0 vision=1 current=1 vframe=385 vs=1 vage=12 vpage=12 vdt=33 vmax=44 vacc=385 vrej=0 seq=0 elapsed=0 oled=3C
[   1895] STATUS mode=3 fault=none enc=240 denc=0 sreq=100 sapplied=100 crate=100 uimp=186220 upos=945 uneg=0 ball=116.43 vball=-0.24 aball=-12.4 bref=0.00 pid=100.0 pref=1200.0 ppos=186.2 apid=-0.0 integ=0.0 vision=1 current=1 vframe=385 vs=1 vage=32 vpage=32 vdt=33 vmax=44 vacc=385 vrej=0 seq=0 elapsed=0 oled=3C
[   1921] STATUS mode=3 fault=none enc=245 denc=0 sreq=100 sapplied=100 crate=100 uimp=190220 upos=985 uneg=0 ball=116.51 vball=0.47 aball=-3.5 bref=0.00 pid=100.0 pref=1200.0 ppos=190.2 apid=-0.0 integ=0.0 vision=1 current=1 vframe=387 vs=1 vage=7 vpage=7 vdt=32 vmax=44 vacc=387 vrej=0 seq=0 elapsed=0 oled=3C
[   1948] STATUS mode=3 fault=none enc=248 denc=0 sreq=100 sapplied=100 crate=100 uimp=192220 upos=1005 uneg=0 ball=116.51 vball=0.47 aball=-3.5 bref=0.00 pid=100.0 pref=1200.0 ppos=192.2 apid=-0.0 integ=0.0 vision=1 current=1 vframe=387 vs=1 vage=27 vpage=27 vdt=32 vmax=44 vacc=387 vrej=0 seq=0 elapsed=0 oled=3C
[   1975] STATUS mode=3 fault=none enc=251 denc=0 sreq=100 sapplied=100 crate=100 uimp=194220 upos=1025 uneg=0 ball=116.52 vball=0.44 aball=-3.5 bref=0.00 pid=100.0 pref=1200.0 ppos=194.2 apid=-0.0 integ=0.0 vision=1 current=1 vframe=388 vs=1 vage=12 vpage=12 vdt=35 vmax=44 vacc=388 vrej=0 seq=0 elapsed=0 oled=3C
[   2001] STATUS mode=3 fault=none enc=256 denc=0 sreq=100 sapplied=100 crate=100 uimp=198220 upos=1065 uneg=0 ball=116.53 vball=0.43 aball=-3.5 bref=0.00 pid=100.0 pref=1200.0 ppos=196.2 apid=-0.0 integ=0.0 vision=1 current=1 vframe=388 vs=1 vage=32 vpage=32 vdt=35 vmax=44 vacc=388 vrej=0 seq=0 elapsed=0 oled=3C
[   2027] STATUS mode=3 fault=none enc=258 denc=0 sreq=100 sapplied=100 crate=100 uimp=200220 upos=1085 uneg=0 ball=116.81 vball=2.72 aball=8.0 bref=0.00 pid=100.0 pref=1200.0 ppos=200.2 apid=0.0 integ=0.0 vision=1 current=1 vframe=390 vs=1 vage=5 vpage=5 vdt=34 vmax=44 vacc=390 vrej=0 seq=0 elapsed=0 oled=3C
[   2054] STATUS mode=3 fault=none enc=261 denc=0 sreq=100 sapplied=100 crate=100 uimp=202220 upos=1105 uneg=0 ball=116.81 vball=2.72 aball=8.0 bref=0.00 pid=100.0 pref=1200.0 ppos=202.2 apid=0.0 integ=0.0 vision=1 current=1 vframe=390 vs=1 vage=25 vpage=25 vdt=34 vmax=44 vacc=390 vrej=0 seq=0 elapsed=0 oled=3C
[   2080] STATUS mode=3 fault=none enc=264 denc=1 sreq=100 sapplied=100 crate=100 uimp=204220 upos=1125 uneg=0 ball=117.16 vball=4.83 aball=8.0 bref=0.00 pid=100.0 pref=1200.0 ppos=204.2 apid=0.0 integ=0.0 vision=1 current=1 vframe=391 vs=1 vage=13 vpage=13 vdt=32 vmax=44 vacc=391 vrej=0 seq=0 elapsed=0 oled=3C
[   2107] STATUS mode=3 fault=none enc=269 denc=1 sreq=100 sapplied=100 crate=100 uimp=208220 upos=1165 uneg=0 ball=117.26 vball=4.32 aball=8.0 bref=0.00 pid=100.0 pref=1200.0 ppos=208.2 apid=0.0 integ=0.0 vision=1 current=1 vframe=392 vs=1 vage=20 vpage=20 vdt=33 vmax=44 vacc=392 vrej=0 seq=0 elapsed=0 oled=3C
[   2133] STATUS mode=3 fault=none enc=271 denc=0 sreq=100 sapplied=100 crate=100 uimp=210220 upos=1185 uneg=0 ball=117.28 vball=3.29 aball=7.0 bref=0.00 pid=100.0 pref=1200.0 ppos=210.2 apid=0.0 integ=0.0 vision=1 current=1 vframe=393 vs=1 vage=8 vpage=8 vdt=32 vmax=44 vacc=393 vrej=0 seq=0 elapsed=0 oled=3C
[   2159] STATUS mode=3 fault=none enc=273 denc=0 sreq=100 sapplied=100 crate=100 uimp=212220 upos=1205 uneg=0 ball=117.28 vball=3.29 aball=7.0 bref=0.00 pid=100.0 pref=1200.0 ppos=212.2 apid=0.0 integ=0.0 vision=1 current=1 vframe=393 vs=1 vage=28 vpage=28 vdt=32 vmax=44 vacc=393 vrej=0 seq=0 elapsed=0 oled=3C
[   2186] STATUS mode=3 fault=none enc=278 denc=0 sreq=100 sapplied=100 crate=100 uimp=216220 upos=1245 uneg=0 ball=117.27 vball=1.55 aball=7.0 bref=0.00 pid=100.0 pref=1200.0 ppos=216.2 apid=0.0 integ=0.0 vision=1 current=1 vframe=395 vs=1 vage=1 vpage=1 vdt=31 vmax=44 vacc=395 vrej=0 seq=0 elapsed=0 oled=3C
[   2212] STATUS mode=3 fault=none enc=281 denc=0 sreq=100 sapplied=100 crate=100 uimp=218220 upos=1265 uneg=0 ball=117.27 vball=1.55 aball=7.0 bref=0.00 pid=100.0 pref=1200.0 ppos=218.2 apid=0.0 integ=0.0 vision=1 current=1 vframe=395 vs=1 vage=21 vpage=21 vdt=31 vmax=44 vacc=395 vrej=0 seq=0 elapsed=0 oled=3C
[   2238] STATUS mode=3 fault=none enc=283 denc=0 sreq=100 sapplied=100 crate=100 uimp=220220 upos=1285 uneg=0 ball=117.29 vball=1.29 aball=-5.0 bref=0.00 pid=100.0 pref=1200.0 ppos=220.2 apid=-0.0 integ=0.0 vision=1 current=1 vframe=396 vs=1 vage=7 vpage=7 vdt=34 vmax=44 vacc=396 vrej=0 seq=0 elapsed=0 oled=3C
[   2265] STATUS mode=3 fault=none enc=289 denc=1 sreq=100 sapplied=100 crate=100 uimp=224220 upos=1325 uneg=0 ball=117.31 vball=1.04 aball=-5.0 bref=0.00 pid=100.0 pref=1200.0 ppos=224.2 apid=-0.0 integ=0.0 vision=1 current=1 vframe=397 vs=1 vage=11 vpage=11 vdt=36 vmax=44 vacc=397 vrej=0 seq=0 elapsed=0 oled=3C
[   2292] STATUS mode=3 fault=none enc=292 denc=0 sreq=100 sapplied=100 crate=100 uimp=226220 upos=1345 uneg=0 ball=117.31 vball=1.04 aball=-5.0 bref=0.00 pid=100.0 pref=1200.0 ppos=226.2 apid=-0.0 integ=0.0 vision=1 current=1 vframe=397 vs=1 vage=31 vpage=31 vdt=36 vmax=44 vacc=397 vrej=0 seq=0 elapsed=0 oled=3C
[   2318] STATUS mode=3 fault=none enc=294 denc=0 sreq=100 sapplied=100 crate=100 uimp=228220 upos=1365 uneg=0 ball=117.31 vball=0.77 aball=-5.0 bref=0.00 pid=100.0 pref=1200.0 ppos=228.2 apid=-0.0 integ=0.0 vision=1 current=1 vframe=398 vs=1 vage=19 vpage=19 vdt=32 vmax=44 vacc=398 vrej=0 seq=0 elapsed=0 oled=3C
[   2345] STATUS mode=3 fault=none enc=299 denc=0 sreq=100 sapplied=100 crate=100 uimp=232220 upos=1405 uneg=0 ball=117.38 vball=1.15 aball=-3.4 bref=0.00 pid=100.0 pref=1200.0 ppos=232.2 apid=-0.0 integ=0.0 vision=1 current=1 vframe=399 vs=1 vage=27 vpage=27 vdt=32 vmax=44 vacc=399 vrej=0 seq=0 elapsed=0 oled=3C
[   2371] STATUS mode=3 fault=none enc=302 denc=0 sreq=100 sapplied=100 crate=100 uimp=234220 upos=1425 uneg=0 ball=117.72 vball=3.79 aball=-3.4 bref=0.00 pid=100.0 pref=1200.0 ppos=234.2 apid=-0.0 integ=0.0 vision=1 current=1 vframe=400 vs=1 vage=14 vpage=14 vdt=33 vmax=44 vacc=400 vrej=0 seq=0 elapsed=0 oled=3C
[   2398] STATUS mode=3 fault=none enc=304 denc=0 sreq=100 sapplied=100 crate=100 uimp=236220 upos=1445 uneg=0 ball=117.79 vball=3.19 aball=-3.4 bref=0.00 pid=100.0 pref=1200.0 ppos=236.2 apid=-0.0 integ=0.0 vision=1 current=1 vframe=401 vs=1 vage=1 vpage=1 vdt=33 vmax=44 vacc=401 vrej=0 seq=0 elapsed=0 oled=3C
[   2424] STATUS mode=3 fault=none enc=309 denc=0 sreq=100 sapplied=100 crate=100 uimp=240220 upos=1485 uneg=0 ball=117.77 vball=2.10 aball=2.4 bref=0.00 pid=100.0 pref=1200.0 ppos=240.2 apid=0.0 integ=0.0 vision=1 current=1 vframe=402 vs=1 vage=8 vpage=8 vdt=33 vmax=44 vacc=402 vrej=0 seq=0 elapsed=0 oled=3C
[   2450] STATUS mode=3 fault=none enc=312 denc=0 sreq=100 sapplied=100 crate=100 uimp=242220 upos=1505 uneg=0 ball=117.77 vball=2.10 aball=2.4 bref=0.00 pid=100.0 pref=1200.0 ppos=242.2 apid=0.0 integ=0.0 vision=1 current=1 vframe=402 vs=1 vage=28 vpage=28 vdt=33 vmax=44 vacc=402 vrej=0 seq=0 elapsed=0 oled=3C
[   2477] STATUS mode=3 fault=none enc=314 denc=0 sreq=100 sapplied=100 crate=100 uimp=244220 upos=1525 uneg=0 ball=117.76 vball=1.35 aball=2.4 bref=0.00 pid=100.0 pref=1200.0 ppos=244.2 apid=0.0 integ=0.0 vision=1 current=1 vframe=403 vs=1 vage=15 vpage=15 vdt=33 vmax=44 vacc=403 vrej=0 seq=0 elapsed=0 oled=3C
[   2503] STATUS mode=3 fault=none enc=319 denc=0 sreq=100 sapplied=100 crate=100 uimp=248220 upos=1565 uneg=0 ball=117.91 vball=2.33 aball=2.4 bref=0.00 pid=100.0 pref=1200.0 ppos=248.2 apid=0.0 integ=0.0 vision=1 current=1 vframe=404 vs=1 vage=21 vpage=21 vdt=34 vmax=44 vacc=404 vrej=0 seq=0 elapsed=0 oled=3C
[   2530] STATUS mode=3 fault=none enc=321 denc=0 sreq=100 sapplied=100 crate=100 uimp=250220 upos=1585 uneg=0 ball=118.02 vball=2.62 aball=3.6 bref=0.00 pid=100.0 pref=1200.0 ppos=250.2 apid=0.0 integ=0.0 vision=1 current=1 vframe=405 vs=1 vage=6 vpage=6 vdt=35 vmax=44 vacc=405 vrej=0 seq=0 elapsed=0 oled=3C
[   2556] STATUS mode=3 fault=none enc=324 denc=1 sreq=100 sapplied=100 crate=100 uimp=252220 upos=1605 uneg=0 ball=118.02 vball=2.62 aball=3.6 bref=0.00 pid=100.0 pref=1200.0 ppos=252.2 apid=0.0 integ=0.0 vision=1 current=1 vframe=405 vs=1 vage=26 vpage=26 vdt=35 vmax=44 vacc=405 vrej=0 seq=0 elapsed=0 oled=3C
[   2582] STATUS mode=3 fault=none enc=329 denc=0 sreq=100 sapplied=100 crate=100 uimp=256220 upos=1645 uneg=0 ball=118.09 vball=1.81 aball=3.6 bref=0.00 pid=100.0 pref=1200.0 ppos=256.2 apid=0.0 integ=0.0 vision=1 current=1 vframe=407 vs=1 vage=1 vpage=1 vdt=34 vmax=44 vacc=407 vrej=0 seq=0 elapsed=0 oled=3C
[   2609] STATUS mode=3 fault=none enc=332 denc=1 sreq=100 sapplied=100 crate=100 uimp=258220 upos=1665 uneg=0 ball=118.09 vball=1.81 aball=3.6 bref=0.00 pid=100.0 pref=1200.0 ppos=258.2 apid=0.0 integ=0.0 vision=1 current=1 vframe=407 vs=1 vage=21 vpage=21 vdt=34 vmax=44 vacc=407 vrej=0 seq=0 elapsed=0 oled=3C
[   2635] STATUS mode=3 fault=none enc=333 denc=0 sreq=100 sapplied=100 crate=100 uimp=260220 upos=1685 uneg=0 ball=118.10 vball=1.36 aball=-3.8 bref=0.00 pid=100.0 pref=1200.0 ppos=260.2 apid=-0.0 integ=0.0 vision=1 current=1 vframe=408 vs=1 vage=8 vpage=8 vdt=33 vmax=44 vacc=408 vrej=0 seq=0 elapsed=0 oled=3C
[   2662] STATUS mode=3 fault=none enc=339 denc=0 sreq=100 sapplied=100 crate=100 uimp=264220 upos=1725 uneg=0 ball=118.10 vball=1.00 aball=-3.8 bref=0.00 pid=100.0 pref=1200.0 ppos=262.2 apid=-0.0 integ=0.0 vision=1 current=1 vframe=408 vs=1 vage=28 vpage=28 vdt=33 vmax=44 vacc=408 vrej=0 seq=0 elapsed=0 oled=3C
[   2688] STATUS mode=3 fault=none enc=342 denc=1 sreq=100 sapplied=100 crate=100 uimp=266220 upos=1745 uneg=0 ball=118.10 vball=1.00 aball=-3.8 bref=0.00 pid=100.0 pref=1200.0 ppos=266.2 apid=-0.0 integ=0.0 vision=1 current=1 vframe=409 vs=1 vage=35 vpage=35 vdt=33 vmax=44 vacc=409 vrej=0 seq=0 elapsed=0 oled=3C
[   2715] STATUS mode=3 fault=none enc=344 denc=0 sreq=100 sapplied=100 crate=100 uimp=268220 upos=1765 uneg=0 ball=118.10 vball=0.71 aball=-3.8 bref=0.00 pid=100.0 pref=1200.0 ppos=268.2 apid=-0.0 integ=0.0 vision=1 current=1 vframe=410 vs=1 vage=19 vpage=19 vdt=36 vmax=44 vacc=410 vrej=0 seq=0 elapsed=0 oled=3C
[   2741] STATUS mode=3 fault=none enc=347 denc=1 sreq=100 sapplied=100 crate=100 uimp=270220 upos=1785 uneg=0 ball=118.12 vball=0.62 aball=-5.3 bref=0.00 pid=100.0 pref=1200.0 ppos=270.2 apid=-0.0 integ=0.0 vision=1 current=1 vframe=411 vs=1 vage=6 vpage=6 vdt=33 vmax=44 vacc=411 vrej=0 seq=0 elapsed=0 oled=3C
[   2768] STATUS mode=3 fault=none enc=352 denc=1 sreq=100 sapplied=100 crate=100 uimp=274220 upos=1825 uneg=0 ball=118.37 vball=2.54 aball=-5.3 bref=0.00 pid=100.0 pref=1200.0 ppos=274.2 apid=-0.0 integ=0.0 vision=1 current=1 vframe=412 vs=1 vage=12 vpage=12 vdt=34 vmax=44 vacc=412 vrej=0 seq=0 elapsed=0 oled=3C
[   2794] STATUS mode=3 fault=none enc=353 denc=0 sreq=100 sapplied=100 crate=100 uimp=276220 upos=1845 uneg=0 ball=118.37 vball=2.54 aball=-5.3 bref=0.00 pid=100.0 pref=1200.0 ppos=276.2 apid=-0.0 integ=0.0 vision=1 current=1 vframe=412 vs=1 vage=32 vpage=32 vdt=34 vmax=44 vacc=412 vrej=0 seq=0 elapsed=0 oled=3C
[   2821] STATUS mode=3 fault=none enc=356 denc=0 sreq=100 sapplied=100 crate=100 uimp=278220 upos=1865 uneg=0 ball=118.54 vball=3.37 aball=-5.3 bref=0.00 pid=100.0 pref=1200.0 ppos=278.2 apid=-0.0 integ=0.0 vision=1 current=1 vframe=413 vs=1 vage=20 vpage=20 vdt=32 vmax=44 vacc=413 vrej=0 seq=0 elapsed=0 oled=3C
[   2847] STATUS mode=3 fault=none enc=361 denc=0 sreq=100 sapplied=100 crate=100 uimp=282220 upos=1905 uneg=0 ball=118.65 vball=3.41 aball=9.9 bref=0.00 pid=100.0 pref=1200.0 ppos=282.2 apid=0.0 integ=0.0 vision=1 current=1 vframe=414 vs=1 vage=28 vpage=28 vdt=32 vmax=44 vacc=414 vrej=0 seq=0 elapsed=0 oled=3C
[   2874] STATUS mode=3 fault=none enc=364 denc=1 sreq=100 sapplied=100 crate=100 uimp=284220 upos=1925 uneg=0 ball=118.73 vball=3.06 aball=9.9 bref=0.00 pid=100.0 pref=1200.0 ppos=284.2 apid=0.0 integ=0.0 vision=1 current=1 vframe=415 vs=1 vage=15 vpage=15 vdt=33 vmax=44 vacc=415 vrej=0 seq=0 elapsed=0 oled=3C
[   2900] STATUS mode=3 fault=none enc=366 denc=0 sreq=100 sapplied=100 crate=100 uimp=286220 upos=1945 uneg=0 ball=118.73 vball=3.06 aball=9.9 bref=0.00 pid=100.0 pref=1200.0 ppos=286.2 apid=0.0 integ=0.0 vision=1 current=1 vframe=415 vs=1 vage=35 vpage=35 vdt=33 vmax=44 vacc=415 vrej=0 seq=0 elapsed=0 oled=3C
[   2927] STATUS mode=3 fault=none enc=372 denc=1 sreq=100 sapplied=100 crate=100 uimp=290220 upos=1985 uneg=0 ball=118.76 vball=1.75 aball=-2.0 bref=0.00 pid=100.0 pref=1200.0 ppos=290.2 apid=-0.0 integ=0.0 vision=1 current=1 vframe=417 vs=1 vage=8 vpage=8 vdt=32 vmax=44 vacc=417 vrej=0 seq=0 elapsed=0 oled=3C
[   2953] STATUS mode=3 fault=none enc=374 denc=0 sreq=100 sapplied=100 crate=100 uimp=292220 upos=2005 uneg=0 ball=118.76 vball=1.75 aball=-2.0 bref=0.00 pid=100.0 pref=1200.0 ppos=292.2 apid=-0.0 integ=0.0 vision=1 current=1 vframe=417 vs=1 vage=28 vpage=28 vdt=32 vmax=44 vacc=417 vrej=0 seq=0 elapsed=0 oled=3C
[   2980] STATUS mode=3 fault=none enc=376 denc=0 sreq=100 sapplied=100 crate=100 uimp=294220 upos=2025 uneg=0 ball=118.75 vball=1.16 aball=-2.0 bref=0.00 pid=100.0 pref=1200.0 ppos=294.2 apid=-0.0 integ=0.0 vision=1 current=1 vframe=418 vs=1 vage=14 vpage=14 vdt=34 vmax=44 vacc=418 vrej=0 seq=0 elapsed=0 oled=3C
[   3006] STATUS mode=3 fault=none enc=382 denc=0 sreq=100 sapplied=100 crate=100 uimp=298220 upos=2065 uneg=0 ball=118.76 vball=0.87 aball=-2.0 bref=0.00 pid=100.0 pref=1200.0 ppos=298.2 apid=-0.0 integ=0.0 vision=1 current=1 vframe=419 vs=1 vage=22 vpage=22 vdt=32 vmax=44 vacc=419 vrej=0 seq=0 elapsed=0 oled=3C
[   3033] STATUS mode=3 fault=none enc=384 denc=0 sreq=100 sapplied=100 crate=100 uimp=300220 upos=2085 uneg=0 ball=118.77 vball=0.70 aball=-5.8 bref=0.00 pid=100.0 pref=1200.0 ppos=300.2 apid=-0.0 integ=0.0 vision=1 current=1 vframe=420 vs=1 vage=8 vpage=8 vdt=34 vmax=44 vacc=420 vrej=0 seq=0 elapsed=0 oled=3C
[   3059] STATUS mode=3 fault=none enc=387 denc=1 sreq=100 sapplied=100 crate=100 uimp=302220 upos=2105 uneg=0 ball=118.77 vball=0.70 aball=-5.8 bref=0.00 pid=100.0 pref=1200.0 ppos=302.2 apid=-0.0 integ=0.0 vision=1 current=1 vframe=420 vs=1 vage=28 vpage=28 vdt=34 vmax=44 vacc=420 vrej=0 seq=0 elapsed=0 oled=3C
[   3086] STATUS mode=3 fault=none enc=392 denc=0 sreq=100 sapplied=100 crate=100 uimp=306220 upos=2145 uneg=0 ball=119.06 vball=2.57 aball=-5.8 bref=0.00 pid=100.0 pref=1200.0 ppos=306.2 apid=-0.0 integ=0.0 vision=1 current=1 vframe=422 vs=1 vage=2 vpage=2 vdt=33 vmax=44 vacc=422 vrej=0 seq=0 elapsed=0 oled=3C
[   3112] STATUS mode=3 fault=none enc=394 denc=0 sreq=100 sapplied=100 crate=100 uimp=308220 upos=2165 uneg=0 ball=119.06 vball=2.57 aball=-5.8 bref=0.00 pid=100.0 pref=1200.0 ppos=308.2 apid=-0.0 integ=0.0 vision=1 current=1 vframe=422 vs=1 vage=22 vpage=22 vdt=33 vmax=44 vacc=422 vrej=0 seq=0 elapsed=0 oled=3C
[   3139] STATUS mode=3 fault=none enc=396 denc=0 sreq=100 sapplied=100 crate=100 uimp=310220 upos=2185 uneg=0 ball=119.11 vball=2.28 aball=3.9 bref=0.00 pid=100.0 pref=1200.0 ppos=310.2 apid=0.0 integ=0.0 vision=1 current=1 vframe=423 vs=1 vage=8 vpage=8 vdt=34 vmax=44 vacc=423 vrej=0 seq=0 elapsed=0 oled=3C
[   3165] STATUS mode=3 fault=none enc=401 denc=0 sreq=100 sapplied=100 crate=100 uimp=314220 upos=2225 uneg=0 ball=119.13 vball=1.75 aball=3.9 bref=0.00 pid=100.0 pref=1200.0 ppos=314.2 apid=0.0 integ=0.0 vision=1 current=1 vframe=424 vs=1 vage=15 vpage=15 vdt=33 vmax=44 vacc=424 vrej=0 seq=0 elapsed=0 oled=3C
[   3191] STATUS mode=3 fault=none enc=404 denc=1 sreq=100 sapplied=100 crate=100 uimp=316220 upos=2245 uneg=0 ball=119.13 vball=1.28 aball=3.9 bref=0.00 pid=100.0 pref=1200.0 ppos=316.2 apid=0.0 integ=0.0 vision=1 current=1 vframe=425 vs=1 vage=1 vpage=1 vdt=34 vmax=44 vacc=425 vrej=0 seq=0 elapsed=0 oled=3C
[   3218] STATUS mode=3 fault=none enc=406 denc=0 sreq=100 sapplied=100 crate=100 uimp=318220 upos=2265 uneg=0 ball=119.13 vball=1.28 aball=3.9 bref=0.00 pid=100.0 pref=1200.0 ppos=318.2 apid=0.0 integ=0.0 vision=1 current=1 vframe=425 vs=1 vage=21 vpage=21 vdt=34 vmax=44 vacc=425 vrej=0 seq=0 elapsed=0 oled=3C
[   3244] STATUS mode=3 fault=none enc=412 denc=1 sreq=100 sapplied=100 crate=100 uimp=322220 upos=2305 uneg=0 ball=119.15 vball=0.99 aball=-3.7 bref=0.00 pid=100.0 pref=1200.0 ppos=322.2 apid=-0.0 integ=0.0 vision=1 current=1 vframe=426 vs=1 vage=28 vpage=28 vdt=33 vmax=44 vacc=426 vrej=0 seq=0 elapsed=0 oled=3C
[   3271] STATUS mode=3 fault=none enc=413 denc=0 sreq=100 sapplied=100 crate=100 uimp=324220 upos=2325 uneg=0 ball=119.34 vball=2.40 aball=-3.7 bref=0.00 pid=100.0 pref=1200.0 ppos=324.2 apid=-0.0 integ=0.0 vision=1 current=1 vframe=427 vs=1 vage=13 vpage=13 vdt=35 vmax=44 vacc=427 vrej=0 seq=0 elapsed=0 oled=3C
[   3297] STATUS mode=3 fault=none enc=416 denc=0 sreq=100 sapplied=100 crate=100 uimp=326220 upos=2345 uneg=0 ball=119.55 vball=3.59 aball=-3.7 bref=0.00 pid=100.0 pref=1200.0 ppos=326.2 apid=-0.0 integ=0.0 vision=1 current=1 vframe=428 vs=1 vage=1 vpage=1 vdt=32 vmax=44 vacc=428 vrej=0 seq=0 elapsed=0 oled=3C
[   3323] STATUS mode=3 fault=none enc=421 denc=0 sreq=100 sapplied=100 crate=100 uimp=330220 upos=2385 uneg=0 ball=119.62 vball=3.15 aball=7.7 bref=0.00 pid=100.0 pref=1200.0 ppos=330.2 apid=0.0 integ=0.0 vision=1 current=1 vframe=429 vs=1 vage=8 vpage=8 vdt=33 vmax=44 vacc=429 vrej=0 seq=0 elapsed=0 oled=3C
[   3350] STATUS mode=3 fault=none enc=424 denc=0 sreq=100 sapplied=100 crate=100 uimp=332220 upos=2405 uneg=0 ball=119.62 vball=3.15 aball=7.7 bref=0.00 pid=100.0 pref=1200.0 ppos=332.2 apid=0.0 integ=0.0 vision=1 current=1 vframe=429 vs=1 vage=28 vpage=28 vdt=33 vmax=44 vacc=429 vrej=0 seq=0 elapsed=0 oled=3C
[   3376] STATUS mode=3 fault=none enc=426 denc=0 sreq=100 sapplied=100 crate=100 uimp=334220 upos=2425 uneg=0 ball=119.64 vball=2.35 aball=7.7 bref=0.00 pid=100.0 pref=1200.0 ppos=334.2 apid=0.0 integ=0.0 vision=1 current=1 vframe=430 vs=1 vage=14 vpage=14 vdt=34 vmax=44 vacc=430 vrej=0 seq=0 elapsed=0 oled=3C
[   3403] STATUS mode=3 fault=none enc=431 denc=0 sreq=100 sapplied=100 crate=100 uimp=338220 upos=2465 uneg=0 ball=119.85 vball=3.49 aball=7.7 bref=0.00 pid=100.0 pref=1200.0 ppos=338.2 apid=0.0 integ=0.0 vision=1 current=1 vframe=431 vs=1 vage=21 vpage=21 vdt=33 vmax=44 vacc=431 vrej=0 seq=0 elapsed=0 oled=3C
[   3429] STATUS mode=3 fault=none enc=433 denc=0 sreq=100 sapplied=100 crate=100 uimp=340220 upos=2485 uneg=0 ball=119.91 vball=2.97 aball=3.4 bref=0.00 pid=100.0 pref=1200.0 ppos=340.2 apid=0.0 integ=0.0 vision=1 current=1 vframe=432 vs=1 vage=7 vpage=7 vdt=34 vmax=44 vacc=432 vrej=0 seq=0 elapsed=0 oled=3C
[   3455] STATUS mode=3 fault=none enc=436 denc=0 sreq=100 sapplied=100 crate=100 uimp=342220 upos=2505 uneg=0 ball=119.91 vball=2.97 aball=3.4 bref=0.00 pid=100.0 pref=1200.0 ppos=342.2 apid=0.0 integ=0.0 vision=1 current=1 vframe=432 vs=1 vage=27 vpage=27 vdt=34 vmax=44 vacc=432 vrej=0 seq=0 elapsed=0 oled=3C
[   3482] STATUS mode=3 fault=none enc=441 denc=1 sreq=100 sapplied=100 crate=100 uimp=346220 upos=2545 uneg=0 ball=119.91 vball=1.42 aball=3.4 bref=0.00 pid=100.0 pref=1200.0 ppos=344.2 apid=0.0 integ=0.0 vision=1 current=1 vframe=433 vs=1 vage=13 vpage=13 vdt=34 vmax=44 vacc=433 vrej=0 seq=0 elapsed=0 oled=3C
[   3508] STATUS mode=3 fault=none enc=443 denc=0 sreq=100 sapplied=100 crate=100 uimp=348220 upos=2565 uneg=0 ball=119.91 vball=1.42 aball=3.4 bref=0.00 pid=100.0 pref=1200.0 ppos=348.2 apid=0.0 integ=0.0 vision=1 current=1 vframe=434 vs=1 vage=22 vpage=22 vdt=31 vmax=44 vacc=434 vrej=0 seq=0 elapsed=0 oled=3C
[   3535] STATUS mode=3 fault=none enc=446 denc=1 sreq=100 sapplied=100 crate=100 uimp=350220 upos=2585 uneg=0 ball=119.91 vball=1.01 aball=-7.1 bref=0.00 pid=100.0 pref=1200.0 ppos=350.2 apid=-0.0 integ=0.0 vision=1 current=1 vframe=435 vs=1 vage=9 vpage=9 vdt=33 vmax=44 vacc=435 vrej=0 seq=0 elapsed=0 oled=3C
[   3561] STATUS mode=3 fault=none enc=448 denc=0 sreq=100 sapplied=100 crate=100 uimp=352220 upos=2605 uneg=0 ball=119.91 vball=1.01 aball=-7.1 bref=0.00 pid=100.0 pref=1200.0 ppos=352.2 apid=-0.0 integ=0.0 vision=1 current=1 vframe=435 vs=1 vage=29 vpage=29 vdt=33 vmax=44 vacc=435 vrej=0 seq=0 elapsed=0 oled=3C
[   3588] STATUS mode=3 fault=none enc=453 denc=0 sreq=100 sapplied=100 crate=100 uimp=356220 upos=2645 uneg=0 ball=119.96 vball=0.88 aball=-7.1 bref=0.00 pid=100.0 pref=1200.0 ppos=356.2 apid=-0.0 integ=0.0 vision=1 current=1 vframe=437 vs=1 vage=2 vpage=2 vdt=33 vmax=44 vacc=437 vrej=0 seq=0 elapsed=0 oled=3C
[   3614] STATUS mode=3 fault=none enc=456 denc=0 sreq=100 sapplied=100 crate=100 uimp=358220 upos=2665 uneg=0 ball=119.96 vball=0.88 aball=-7.1 bref=0.00 pid=100.0 pref=1200.0 ppos=358.2 apid=-0.0 integ=0.0 vision=1 current=1 vframe=437 vs=1 vage=22 vpage=22 vdt=33 vmax=44 vacc=437 vrej=0 seq=0 elapsed=0 oled=3C
[   3640] STATUS mode=3 fault=none enc=459 denc=1 sreq=100 sapplied=100 crate=100 uimp=360220 upos=2685 uneg=0 ball=120.14 vball=2.35 aball=2.1 bref=0.00 pid=100.0 pref=1200.0 ppos=360.2 apid=0.0 integ=0.0 vision=1 current=1 vframe=438 vs=1 vage=8 vpage=8 vdt=34 vmax=44 vacc=438 vrej=0 seq=0 elapsed=0 oled=3C
[   3667] STATUS mode=3 fault=none enc=464 denc=1 sreq=100 sapplied=100 crate=100 uimp=364220 upos=2725 uneg=0 ball=120.29 vball=2.98 aball=2.1 bref=0.00 pid=100.0 pref=1200.0 ppos=364.2 apid=0.0 integ=0.0 vision=1 current=1 vframe=439 vs=1 vage=15 vpage=15 vdt=33 vmax=44 vacc=439 vrej=0 seq=0 elapsed=0 oled=3C
[   3693] STATUS mode=3 fault=none enc=466 denc=0 sreq=100 sapplied=100 crate=100 uimp=366220 upos=2745 uneg=0 ball=120.32 vball=2.32 aball=2.1 bref=0.00 pid=100.0 pref=1200.0 ppos=366.2 apid=0.0 integ=0.0 vision=1 current=1 vframe=440 vs=1 vage=1 vpage=1 vdt=34 vmax=44 vacc=440 vrej=0 seq=0 elapsed=0 oled=3C
[   3719] STATUS mode=3 fault=none enc=469 denc=1 sreq=100 sapplied=100 crate=100 uimp=368220 upos=2765 uneg=0 ball=120.32 vball=2.32 aball=2.1 bref=0.00 pid=100.0 pref=1200.0 ppos=368.2 apid=0.0 integ=0.0 vision=1 current=1 vframe=440 vs=1 vage=21 vpage=21 vdt=34 vmax=44 vacc=440 vrej=0 seq=0 elapsed=0 oled=3C
[   3746] STATUS mode=3 fault=none enc=473 denc=0 sreq=100 sapplied=100 crate=100 uimp=372220 upos=2805 uneg=0 ball=120.31 vball=1.54 aball=-2.5 bref=0.00 pid=100.0 pref=1200.0 ppos=372.2 apid=-0.0 integ=0.0 vision=1 current=1 vframe=441 vs=1 vage=28 vpage=28 vdt=33 vmax=44 vacc=441 vrej=0 seq=0 elapsed=0 oled=3C
[   3773] STATUS mode=3 fault=none enc=476 denc=0 sreq=100 sapplied=100 crate=100 uimp=374220 upos=2825 uneg=0 ball=120.36 vball=1.53 aball=-2.5 bref=0.00 pid=100.0 pref=1200.0 ppos=374.2 apid=-0.0 integ=0.0 vision=1 current=1 vframe=442 vs=1 vage=14 vpage=14 vdt=34 vmax=44 vacc=442 vrej=0 seq=0 elapsed=0 oled=3C
[   3799] STATUS mode=3 fault=none enc=478 denc=0 sreq=100 sapplied=100 crate=100 uimp=376220 upos=2845 uneg=0 ball=120.36 vball=1.53 aball=-2.5 bref=0.00 pid=100.0 pref=1200.0 ppos=376.2 apid=-0.0 integ=0.0 vision=1 current=1 vframe=442 vs=1 vage=34 vpage=34 vdt=34 vmax=44 vacc=442 vrej=0 seq=0 elapsed=0 oled=3C
[   3826] STATUS mode=3 fault=none enc=483 denc=0 sreq=100 sapplied=100 crate=100 uimp=380220 upos=2885 uneg=0 ball=120.48 vball=1.69 aball=-0.7 bref=0.00 pid=100.0 pref=1200.0 ppos=380.2 apid=-0.0 integ=0.0 vision=1 current=1 vframe=444 vs=1 vage=8 vpage=8 vdt=32 vmax=44 vacc=444 vrej=0 seq=0 elapsed=0 oled=3C
[   3852] STATUS mode=3 fault=none enc=485 denc=0 sreq=100 sapplied=100 crate=100 uimp=382220 upos=2905 uneg=0 ball=120.48 vball=1.69 aball=-0.7 bref=0.00 pid=100.0 pref=1200.0 ppos=382.2 apid=-0.0 integ=0.0 vision=1 current=1 vframe=444 vs=1 vage=28 vpage=28 vdt=32 vmax=44 vacc=444 vrej=0 seq=0 elapsed=0 oled=3C
[   3879] STATUS mode=3 fault=none enc=488 denc=0 sreq=100 sapplied=100 crate=100 uimp=384220 upos=2925 uneg=0 ball=120.51 vball=1.43 aball=-0.7 bref=0.00 pid=100.0 pref=1200.0 ppos=384.2 apid=-0.0 integ=0.0 vision=1 current=1 vframe=445 vs=1 vage=16 vpage=16 vdt=32 vmax=44 vacc=445 vrej=0 seq=0 elapsed=0 oled=3C
[   3905] STATUS mode=3 fault=none enc=493 denc=0 sreq=100 sapplied=100 crate=100 uimp=388220 upos=2965 uneg=0 ball=120.53 vball=1.17 aball=-0.7 bref=0.00 pid=100.0 pref=1200.0 ppos=388.2 apid=-0.0 integ=0.0 vision=1 current=1 vframe=446 vs=1 vage=23 vpage=23 vdt=33 vmax=44 vacc=446 vrej=0 seq=0 elapsed=0 oled=3C
[   3932] STATUS mode=3 fault=none enc=496 denc=0 sreq=100 sapplied=100 crate=100 uimp=390220 upos=2985 uneg=0 ball=120.58 vball=1.24 aball=-2.4 bref=0.00 pid=100.0 pref=1200.0 ppos=390.2 apid=-0.0 integ=0.0 vision=1 current=1 vframe=447 vs=1 vage=9 vpage=9 vdt=34 vmax=44 vacc=447 vrej=0 seq=0 elapsed=0 oled=3C
[   3958] STATUS mode=3 fault=none enc=498 denc=0 sreq=100 sapplied=100 crate=100 uimp=392220 upos=3005 uneg=0 ball=120.58 vball=1.24 aball=-2.4 bref=0.00 pid=100.0 pref=1200.0 ppos=392.2 apid=-0.0 integ=0.0 vision=1 current=1 vframe=447 vs=1 vage=29 vpage=29 vdt=34 vmax=44 vacc=447 vrej=0 seq=0 elapsed=0 oled=3C
[   3985] STATUS mode=3 fault=none enc=503 denc=0 sreq=100 sapplied=100 crate=100 uimp=396220 upos=3045 uneg=0 ball=120.60 vball=0.80 aball=-2.4 bref=0.00 pid=100.0 pref=1200.0 ppos=396.2 apid=-0.0 integ=0.0 vision=1 current=1 vframe=449 vs=1 vage=2 vpage=2 vdt=33 vmax=44 vacc=449 vrej=0 seq=0 elapsed=0 oled=3C
[   4011] STATUS mode=3 fault=none enc=506 denc=1 sreq=100 sapplied=100 crate=100 uimp=398220 upos=3065 uneg=0 ball=120.60 vball=0.80 aball=-2.4 bref=0.00 pid=100.0 pref=1200.0 ppos=398.2 apid=-0.0 integ=0.0 vision=1 current=1 vframe=449 vs=1 vage=22 vpage=22 vdt=33 vmax=44 vacc=449 vrej=0 seq=0 elapsed=0 oled=3C
[   4038] STATUS mode=3 fault=none enc=508 denc=0 sreq=100 sapplied=100 crate=100 uimp=400220 upos=3085 uneg=0 ball=120.72 vball=1.62 aball=0.4 bref=0.00 pid=100.0 pref=1200.0 ppos=400.2 apid=0.0 integ=0.0 vision=1 current=1 vframe=450 vs=1 vage=9 vpage=9 vdt=33 vmax=44 vacc=450 vrej=0 seq=0 elapsed=0 oled=3C
[   4064] STATUS mode=3 fault=none enc=513 denc=0 sreq=100 sapplied=100 crate=100 uimp=404220 upos=3125 uneg=0 ball=121.10 vball=4.48 aball=0.4 bref=0.00 pid=100.0 pref=1200.0 ppos=404.2 apid=0.0 integ=0.0 vision=1 current=1 vframe=451 vs=1 vage=16 vpage=16 vdt=33 vmax=44 vacc=451 vrej=0 seq=0 elapsed=0 oled=3C
[   4090] STATUS mode=3 fault=none enc=515 denc=0 sreq=100 sapplied=100 crate=100 uimp=406220 upos=3145 uneg=0 ball=121.33 vball=5.16 aball=0.4 bref=0.00 pid=100.0 pref=1200.0 ppos=406.2 apid=0.0 integ=0.0 vision=1 current=1 vframe=452 vs=1 vage=2 vpage=2 vdt=34 vmax=44 vacc=452 vrej=0 seq=0 elapsed=0 oled=3C
[   4117] STATUS mode=3 fault=none enc=518 denc=0 sreq=100 sapplied=100 crate=100 uimp=408220 upos=3165 uneg=0 ball=121.33 vball=5.16 aball=0.4 bref=0.00 pid=100.0 pref=1200.0 ppos=408.2 apid=0.0 integ=0.0 vision=1 current=1 vframe=452 vs=1 vage=22 vpage=22 vdt=34 vmax=44 vacc=452 vrej=0 seq=0 elapsed=0 oled=3C
[   4143] STATUS mode=3 fault=none enc=523 denc=0 sreq=100 sapplied=100 crate=100 uimp=412220 upos=3205 uneg=0 ball=121.44 vball=4.60 aball=13.6 bref=0.00 pid=100.0 pref=1200.0 ppos=412.2 apid=0.0 integ=0.0 vision=1 current=1 vframe=453 vs=1 vage=29 vpage=29 vdt=33 vmax=44 vacc=453 vrej=0 seq=0 elapsed=0 oled=3C
[   4170] STATUS mode=3 fault=none enc=526 denc=1 sreq=100 sapplied=100 crate=100 uimp=414220 upos=3225 uneg=0 ball=121.43 vball=3.17 aball=13.6 bref=0.00 pid=100.0 pref=1200.0 ppos=414.2 apid=0.0 integ=0.0 vision=1 current=1 vframe=454 vs=1 vage=16 vpage=16 vdt=33 vmax=44 vacc=454 vrej=0 seq=0 elapsed=0 oled=3C
[   4196] STATUS mode=3 fault=none enc=529 denc=1 sreq=100 sapplied=100 crate=100 uimp=416220 upos=3245 uneg=0 ball=121.34 vball=1.45 aball=13.6 bref=0.00 pid=100.0 pref=1200.0 ppos=416.2 apid=0.0 integ=0.0 vision=1 current=1 vframe=455 vs=1 vage=3 vpage=3 vdt=33 vmax=44 vacc=455 vrej=0 seq=0 elapsed=0 oled=3C
[   4223] STATUS mode=3 fault=none enc=534 denc=1 sreq=100 sapplied=100 crate=100 uimp=420220 upos=3285 uneg=0 ball=121.30 vball=0.67 aball=-10.2 bref=0.00 pid=100.0 pref=1200.0 ppos=420.2 apid=-0.0 integ=0.0 vision=1 current=1 vframe=456 vs=1 vage=9 vpage=9 vdt=34 vmax=44 vacc=456 vrej=0 seq=0 elapsed=0 oled=3C
[   4249] STATUS mode=3 fault=none enc=536 denc=0 sreq=100 sapplied=100 crate=100 uimp=422220 upos=3305 uneg=0 ball=121.30 vball=0.67 aball=-10.2 bref=0.00 pid=100.0 pref=1200.0 ppos=422.2 apid=-0.0 integ=0.0 vision=1 current=1 vframe=456 vs=1 vage=29 vpage=29 vdt=34 vmax=44 vacc=456 vrej=0 seq=0 elapsed=0 oled=3C
[   4276] STATUS mode=3 fault=none enc=539 denc=0 sreq=100 sapplied=100 crate=100 uimp=424220 upos=3325 uneg=0 ball=121.28 vball=0.31 aball=-10.2 bref=0.00 pid=100.0 pref=1200.0 ppos=424.2 apid=-0.0 integ=0.0 vision=1 current=1 vframe=457 vs=1 vage=16 vpage=16 vdt=33 vmax=44 vacc=457 vrej=0 seq=0 elapsed=0 oled=3C
[   4302] STATUS mode=3 fault=none enc=544 denc=0 sreq=100 sapplied=100 crate=100 uimp=428220 upos=3365 uneg=0 ball=121.28 vball=0.20 aball=-10.2 bref=0.00 pid=100.0 pref=1200.0 ppos=428.2 apid=-0.0 integ=0.0 vision=1 current=1 vframe=458 vs=1 vage=3 vpage=3 vdt=33 vmax=44 vacc=458 vrej=0 seq=0 elapsed=0 oled=3C
[   4329] STATUS mode=3 fault=none enc=547 denc=0 sreq=100 sapplied=100 crate=100 uimp=430220 upos=3385 uneg=0 ball=121.29 vball=0.23 aball=-7.6 bref=0.00 pid=100.0 pref=1200.0 ppos=430.2 apid=-0.0 integ=0.0 vision=1 current=1 vframe=459 vs=1 vage=9 vpage=9 vdt=34 vmax=44 vacc=459 vrej=0 seq=0 elapsed=0 oled=3C
[   4355] STATUS mode=3 fault=none enc=550 denc=1 sreq=100 sapplied=100 crate=100 uimp=432220 upos=3405 uneg=0 ball=121.29 vball=0.23 aball=-7.6 bref=0.00 pid=100.0 pref=1200.0 ppos=432.2 apid=-0.0 integ=0.0 vision=1 current=1 vframe=459 vs=1 vage=29 vpage=29 vdt=34 vmax=44 vacc=459 vrej=0 seq=0 elapsed=0 oled=3C
[   4382] STATUS mode=3 fault=none enc=552 denc=0 sreq=100 sapplied=100 crate=100 uimp=434220 upos=3425 uneg=0 ball=121.30 vball=0.22 aball=-7.6 bref=0.00 pid=100.0 pref=1200.0 ppos=434.2 apid=-0.0 integ=0.0 vision=1 current=1 vframe=460 vs=1 vage=14 vpage=14 vdt=35 vmax=44 vacc=460 vrej=0 seq=0 elapsed=0 oled=3C
[   4409] STATUS mode=3 fault=none enc=557 denc=0 sreq=100 sapplied=100 crate=100 uimp=438220 upos=3465 uneg=0 ball=121.76 vball=4.38 aball=-7.6 bref=0.00 pid=100.0 pref=1200.0 ppos=438.2 apid=-0.0 integ=0.0 vision=1 current=1 vframe=461 vs=1 vage=21 vpage=21 vdt=33 vmax=44 vacc=461 vrej=0 seq=0 elapsed=0 oled=3C
[   4435] STATUS mode=3 fault=none enc=560 denc=1 sreq=100 sapplied=100 crate=100 uimp=440220 upos=3485 uneg=0 ball=122.08 vball=5.83 aball=20.5 bref=0.00 pid=100.0 pref=1200.0 ppos=440.2 apid=0.0 integ=0.0 vision=1 current=1 vframe=462 vs=1 vage=7 vpage=7 vdt=34 vmax=44 vacc=462 vrej=0 seq=0 elapsed=0 oled=3C
[   4461] STATUS mode=3 fault=none enc=562 denc=0 sreq=100 sapplied=100 crate=100 uimp=442220 upos=3505 uneg=0 ball=122.08 vball=5.83 aball=20.5 bref=0.00 pid=100.0 pref=1200.0 ppos=442.2 apid=0.0 integ=0.0 vision=1 current=1 vframe=462 vs=1 vage=27 vpage=27 vdt=34 vmax=44 vacc=462 vrej=0 seq=0 elapsed=0 oled=3C
[   4488] STATUS mode=3 fault=none enc=567 denc=0 sreq=100 sapplied=100 crate=100 uimp=446220 upos=3545 uneg=0 ball=122.20 vball=3.75 aball=20.5 bref=0.00 pid=100.0 pref=1200.0 ppos=446.2 apid=0.0 integ=0.0 vision=1 current=1 vframe=464 vs=1 vage=1 vpage=1 vdt=33 vmax=44 vacc=464 vrej=0 seq=0 elapsed=0 oled=3C
[   4514] STATUS mode=3 fault=none enc=570 denc=1 sreq=100 sapplied=100 crate=100 uimp=448220 upos=3565 uneg=0 ball=122.20 vball=3.75 aball=20.5 bref=0.00 pid=100.0 pref=1200.0 ppos=448.2 apid=0.0 integ=0.0 vision=1 current=1 vframe=464 vs=1 vage=21 vpage=21 vdt=33 vmax=44 vacc=464 vrej=0 seq=0 elapsed=0 oled=3C
[   4541] STATUS mode=3 fault=none enc=573 denc=0 sreq=100 sapplied=100 crate=100 uimp=450220 upos=3585 uneg=0 ball=122.20 vball=2.61 aball=-3.2 bref=0.00 pid=100.0 pref=1200.0 ppos=450.2 apid=-0.0 integ=0.0 vision=1 current=1 vframe=465 vs=1 vage=7 vpage=7 vdt=34 vmax=44 vacc=465 vrej=0 seq=0 elapsed=0 oled=3C
[   4567] STATUS mode=3 fault=none enc=578 denc=0 sreq=100 sapplied=100 crate=100 uimp=454220 upos=3625 uneg=0 ball=122.18 vball=1.67 aball=-3.2 bref=0.00 pid=100.0 pref=1200.0 ppos=454.2 apid=-0.0 integ=0.0 vision=1 current=1 vframe=466 vs=1 vage=14 vpage=14 vdt=33 vmax=44 vacc=466 vrej=0 seq=0 elapsed=0 oled=3C
[   4594] STATUS mode=3 fault=none enc=580 denc=0 sreq=100 sapplied=100 crate=100 uimp=456220 upos=3645 uneg=0 ball=122.18 vball=1.67 aball=-3.2 bref=0.00 pid=100.0 pref=1200.0 ppos=456.2 apid=-0.0 integ=0.0 vision=1 current=1 vframe=466 vs=1 vage=34 vpage=34 vdt=33 vmax=44 vacc=466 vrej=0 seq=0 elapsed=0 oled=3C
[   4620] STATUS mode=3 fault=none enc=583 denc=0 sreq=100 sapplied=100 crate=100 uimp=458220 upos=3665 uneg=0 ball=122.16 vball=1.02 aball=-3.2 bref=0.00 pid=100.0 pref=1200.0 ppos=458.2 apid=-0.0 integ=0.0 vision=1 current=1 vframe=467 vs=1 vage=20 vpage=20 vdt=34 vmax=44 vacc=467 vrej=0 seq=0 elapsed=0 oled=3C
[   4647] STATUS mode=3 fault=none enc=588 denc=0 sreq=100 sapplied=100 crate=100 uimp=462220 upos=3705 uneg=0 ball=122.13 vball=0.36 aball=-11.9 bref=0.00 pid=100.0 pref=1200.0 ppos=462.2 apid=-0.0 integ=0.0 vision=1 current=1 vframe=468 vs=1 vage=27 vpage=27 vdt=33 vmax=44 vacc=468 vrej=0 seq=0 elapsed=0 oled=3C
[   4674] STATUS mode=3 fault=none enc=591 denc=1 sreq=100 sapplied=100 crate=100 uimp=464220 upos=3725 uneg=0 ball=122.10 vball=-0.00 aball=-11.9 bref=0.00 pid=100.0 pref=1200.0 ppos=464.2 apid=-0.0 integ=0.0 vision=1 current=1 vframe=469 vs=1 vage=13 vpage=13 vdt=34 vmax=44 vacc=469 vrej=0 seq=0 elapsed=0 oled=3C
[   4701] STATUS mode=3 fault=none enc=593 denc=0 sreq=100 sapplied=100 crate=100 uimp=466220 upos=3745 uneg=0 ball=122.10 vball=-0.00 aball=-11.9 bref=0.00 pid=100.0 pref=1200.0 ppos=466.2 apid=-0.0 integ=0.0 vision=1 current=1 vframe=469 vs=1 vage=33 vpage=33 vdt=34 vmax=44 vacc=469 vrej=0 seq=0 elapsed=0 oled=3C
[   4727] STATUS mode=3 fault=none enc=598 denc=0 sreq=100 sapplied=100 crate=100 uimp=470220 upos=3785 uneg=0 ball=122.30 vball=1.84 aball=0.1 bref=0.00 pid=100.0 pref=1200.0 ppos=470.2 apid=0.0 integ=0.0 vision=1 current=1 vframe=471 vs=1 vage=7 vpage=7 vdt=33 vmax=44 vacc=471 vrej=0 seq=0 elapsed=0 oled=3C
[   4753] STATUS mode=3 fault=none enc=600 denc=0 sreq=100 sapplied=100 crate=100 uimp=472220 upos=3805 uneg=0 ball=122.30 vball=1.84 aball=0.1 bref=0.00 pid=100.0 pref=1200.0 ppos=472.2 apid=0.0 integ=0.0 vision=1 current=1 vframe=471 vs=1 vage=27 vpage=27 vdt=33 vmax=44 vacc=471 vrej=0 seq=0 elapsed=0 oled=3C
[   4780] STATUS mode=3 fault=none enc=603 denc=0 sreq=100 sapplied=100 crate=100 uimp=474220 upos=3825 uneg=0 ball=122.55 vball=3.46 aball=0.1 bref=0.00 pid=100.0 pref=1200.0 ppos=474.2 apid=0.0 integ=0.0 vision=1 current=1 vframe=472 vs=1 vage=13 vpage=13 vdt=34 vmax=44 vacc=472 vrej=0 seq=0 elapsed=0 oled=3C
[   4806] STATUS mode=3 fault=none enc=608 denc=0 sreq=100 sapplied=100 crate=100 uimp=478220 upos=3865 uneg=0 ball=122.62 vball=3.05 aball=0.1 bref=0.00 pid=100.0 pref=1200.0 ppos=478.2 apid=0.0 integ=0.0 vision=1 current=1 vframe=473 vs=1 vage=20 vpage=20 vdt=33 vmax=44 vacc=473 vrej=0 seq=0 elapsed=0 oled=3C
[   4832] STATUS mode=3 fault=none enc=611 denc=1 sreq=100 sapplied=100 crate=100 uimp=480220 upos=3885 uneg=0 ball=122.64 vball=2.25 aball=1.9 bref=0.00 pid=100.0 pref=1200.0 ppos=480.2 apid=0.0 integ=0.0 vision=1 current=1 vframe=474 vs=1 vage=7 vpage=7 vdt=33 vmax=44 vacc=474 vrej=0 seq=0 elapsed=0 oled=3C
[   4859] STATUS mode=3 fault=none enc=614 denc=1 sreq=100 sapplied=100 crate=100 uimp=482220 upos=3905 uneg=0 ball=122.64 vball=2.25 aball=1.9 bref=0.00 pid=100.0 pref=1200.0 ppos=482.2 apid=0.0 integ=0.0 vision=1 current=1 vframe=474 vs=1 vage=27 vpage=27 vdt=33 vmax=44 vacc=474 vrej=0 seq=0 elapsed=0 oled=3C
[   4885] STATUS mode=3 fault=none enc=619 denc=0 sreq=100 sapplied=100 crate=100 uimp=486220 upos=3945 uneg=0 ball=122.85 vball=3.44 aball=1.9 bref=0.00 pid=100.0 pref=1200.0 ppos=486.2 apid=0.0 integ=0.0 vision=1 current=1 vframe=475 vs=1 vage=33 vpage=33 vdt=34 vmax=44 vacc=475 vrej=0 seq=0 elapsed=0 oled=3C
[   4912] STATUS mode=3 fault=none enc=622 denc=1 sreq=100 sapplied=100 crate=100 uimp=488220 upos=3965 uneg=0 ball=122.94 vball=3.25 aball=1.9 bref=0.00 pid=100.0 pref=1200.0 ppos=488.2 apid=0.0 integ=0.0 vision=1 current=1 vframe=476 vs=1 vage=20 vpage=20 vdt=33 vmax=44 vacc=476 vrej=0 seq=0 elapsed=0 oled=3C
[   4938] STATUS mode=3 fault=none enc=624 denc=0 sreq=100 sapplied=100 crate=100 uimp=490220 upos=3985 uneg=0 ball=122.98 vball=2.62 aball=2.7 bref=0.00 pid=100.0 pref=1200.0 ppos=490.2 apid=0.0 integ=0.0 vision=1 current=1 vframe=477 vs=1 vage=7 vpage=7 vdt=33 vmax=44 vacc=477 vrej=0 seq=0 elapsed=0 oled=3C
[   4964] STATUS mode=3 fault=none enc=629 denc=0 sreq=100 sapplied=100 crate=100 uimp=494220 upos=4025 uneg=0 ball=122.99 vball=1.97 aball=2.7 bref=0.00 pid=100.0 pref=1200.0 ppos=494.2 apid=0.0 integ=0.0 vision=1 current=1 vframe=478 vs=1 vage=13 vpage=13 vdt=34 vmax=44 vacc=478 vrej=0 seq=0 elapsed=0 oled=3C
[   4990] STATUS mode=3 fault=none enc=632 denc=1 sreq=100 sapplied=100 crate=100 uimp=496220 upos=4045 uneg=0 ball=122.99 vball=1.40 aball=2.7 bref=0.00 pid=100.0 pref=1200.0 ppos=496.2 apid=0.0 integ=0.0 vision=1 current=1 vframe=479 vs=1 vage=1 vpage=1 vdt=32 vmax=44 vacc=479 vrej=0 seq=0 elapsed=0 oled=3C
[   5017] STATUS mode=3 fault=none enc=635 denc=1 sreq=100 sapplied=100 crate=100 uimp=498220 upos=4065 uneg=0 ball=122.99 vball=1.40 aball=2.7 bref=0.00 pid=100.0 pref=1200.0 ppos=498.2 apid=0.0 integ=0.0 vision=1 current=1 vframe=479 vs=1 vage=21 vpage=21 vdt=32 vmax=44 vacc=479 vrej=0 seq=0 elapsed=0 oled=3C
[   5043] STATUS mode=3 fault=none enc=639 denc=0 sreq=100 sapplied=100 crate=100 uimp=502220 upos=4105 uneg=0 ball=123.01 vball=1.15 aball=-5.1 bref=0.00 pid=100.0 pref=1200.0 ppos=502.2 apid=-0.0 integ=0.0 vision=1 current=1 vframe=480 vs=1 vage=27 vpage=27 vdt=34 vmax=44 vacc=480 vrej=0 seq=0 elapsed=0 oled=3C
[   5070] STATUS mode=3 fault=none enc=642 denc=0 sreq=100 sapplied=100 crate=100 uimp=504220 upos=4125 uneg=0 ball=123.03 vball=0.94 aball=-5.1 bref=0.00 pid=100.0 pref=1200.0 ppos=504.2 apid=-0.0 integ=0.0 vision=1 current=1 vframe=481 vs=1 vage=14 vpage=14 vdt=33 vmax=44 vacc=481 vrej=0 seq=0 elapsed=0 oled=3C
[   5097] STATUS mode=3 fault=none enc=644 denc=0 sreq=100 sapplied=100 crate=100 uimp=506220 upos=4145 uneg=0 ball=123.03 vball=0.94 aball=-5.1 bref=0.00 pid=100.0 pref=1200.0 ppos=506.2 apid=-0.0 integ=0.0 vision=1 current=1 vframe=481 vs=1 vage=34 vpage=34 vdt=33 vmax=44 vacc=481 vrej=0 seq=0 elapsed=0 oled=3C
[   5123] STATUS mode=3 fault=none enc=650 denc=1 sreq=100 sapplied=100 crate=100 uimp=510220 upos=4185 uneg=0 ball=123.27 vball=2.33 aball=2.4 bref=0.00 pid=100.0 pref=1200.0 ppos=510.2 apid=0.0 integ=0.0 vision=1 current=1 vframe=483 vs=1 vage=5 vpage=5 vdt=34 vmax=44 vacc=483 vrej=0 seq=0 elapsed=0 oled=3C
[   5149] STATUS mode=3 fault=none enc=652 denc=0 sreq=100 sapplied=100 crate=100 uimp=512220 upos=4205 uneg=0 ball=123.27 vball=2.33 aball=2.4 bref=0.00 pid=100.0 pref=1200.0 ppos=512.2 apid=0.0 integ=0.0 vision=1 current=1 vframe=483 vs=1 vage=25 vpage=25 vdt=34 vmax=44 vacc=483 vrej=0 seq=0 elapsed=0 oled=3C
[   5176] STATUS mode=3 fault=none enc=655 denc=0 sreq=100 sapplied=100 crate=100 uimp=514220 upos=4225 uneg=0 ball=122.97 vball=-1.17 aball=2.4 bref=0.00 pid=100.0 pref=1200.0 ppos=514.2 apid=0.0 integ=0.0 vision=1 current=1 vframe=484 vs=1 vage=3 vpage=3 vdt=42 vmax=44 vacc=484 vrej=0 seq=0 elapsed=0 oled=3C
[   5202] STATUS mode=3 fault=none enc=657 denc=0 sreq=100 sapplied=100 crate=100 uimp=516220 upos=4245 uneg=0 ball=122.43 vball=-5.07 aball=2.4 bref=0.00 pid=100.0 pref=1200.0 ppos=516.2 apid=0.0 integ=0.0 vision=1 current=1 vframe=485 vs=1 vage=12 vpage=12 vdt=11 vmax=44 vacc=485 vrej=0 seq=0 elapsed=0 oled=3C
[   5229] STATUS mode=3 fault=none enc=662 denc=-1 sreq=100 sapplied=100 crate=100 uimp=520220 upos=4285 uneg=0 ball=121.96 vball=-6.85 aball=-49.1 bref=0.00 pid=100.0 pref=1200.0 ppos=520.2 apid=-0.0 integ=0.0 vision=1 current=1 vframe=486 vs=1 vage=23 vpage=23 vdt=29 vmax=44 vacc=486 vrej=0 seq=0 elapsed=0 oled=3C
[   5256] STATUS mode=3 fault=none enc=665 denc=0 sreq=100 sapplied=100 crate=100 uimp=522220 upos=4305 uneg=0 ball=120.16 vball=-21.47 aball=-49.1 bref=0.00 pid=100.0 pref=1200.0 ppos=522.2 apid=-0.0 integ=0.0 vision=1 current=1 vframe=487 vs=1 vage=10 vpage=10 vdt=33 vmax=44 vacc=487 vrej=0 seq=0 elapsed=0 oled=3C
[   5283] STATUS mode=3 fault=none enc=668 denc=0 sreq=100 sapplied=100 crate=100 uimp=524220 upos=4325 uneg=0 ball=120.16 vball=-21.47 aball=-49.1 bref=0.00 pid=100.0 pref=1200.0 ppos=524.2 apid=-0.0 integ=0.0 vision=1 current=1 vframe=487 vs=1 vage=30 vpage=30 vdt=33 vmax=44 vacc=487 vrej=0 seq=0 elapsed=0 oled=3C
[   5310] STATUS mode=3 fault=none enc=670 denc=0 sreq=-100 sapplied=0 crate=-100 uimp=525220 upos=4335 uneg=0 ball=115.94 vball=-41.42 aball=-182.6 bref=0.00 pid=-151.5 pref=510.1 ppos=525.2 apid=-0.0 integ=-0.0 vision=1 current=1 vframe=489 vs=1 vage=3 vpage=3 vdt=33 vmax=44 vacc=489 vrej=0 seq=0 elapsed=0 oled=3C
[   5337] STATUS mode=3 fault=none enc=669 denc=0 sreq=-130 sapplied=-130 crate=-130 uimp=523060 upos=4335 uneg=15 ball=115.94 vball=-41.42 aball=-182.6 bref=0.00 pid=-129.9 pref=510.1 ppos=523.1 apid=-0.0 integ=-0.0 vision=1 current=1 vframe=489 vs=1 vage=23 vpage=23 vdt=33 vmax=44 vacc=489 vrej=0 seq=0 elapsed=0 oled=3C
[   5364] STATUS mode=3 fault=none enc=660 denc=-1 sreq=-152 sapplied=-152 crate=-152 uimp=516755 upos=4335 uneg=55 ball=114.19 vball=-44.65 aball=-182.6 bref=0.00 pid=-152.4 pref=501.5 ppos=516.8 apid=-0.0 integ=-0.0 vision=1 current=1 vframe=490 vs=1 vage=30 vpage=30 vdt=33 vmax=44 vacc=490 vrej=0 seq=0 elapsed=0 oled=3C
[   5392] STATUS mode=3 fault=none enc=656 denc=-2 sreq=-163 sapplied=-163 crate=-163 uimp=513505 upos=4335 uneg=75 ball=112.59 vball=-45.85 aball=-182.6 bref=0.00 pid=-163.1 pref=497.2 ppos=513.5 apid=-0.0 integ=-0.0 vision=1 current=1 vframe=491 vs=1 vage=17 vpage=17 vdt=33 vmax=44 vacc=491 vrej=0 seq=0 elapsed=0 oled=3C
[   5419] STATUS mode=3 fault=none enc=653 denc=-1 sreq=-133 sapplied=-133 crate=-133 uimp=510480 upos=4335 uneg=95 ball=112.59 vball=-45.85 aball=-182.6 bref=0.00 pid=-132.9 pref=497.2 ppos=510.5 apid=-0.0 integ=-0.0 vision=1 current=1 vframe=491 vs=1 vage=37 vpage=37 vdt=33 vmax=44 vacc=491 vrej=0 seq=0 elapsed=0 oled=3C
[   5447] STATUS mode=3 fault=none enc=645 denc=-1 sreq=-227 sapplied=-227 crate=-227 uimp=504835 upos=4335 uneg=135 ball=108.53 vball=-55.40 aball=-122.7 bref=0.00 pid=-316.2 pref=473.2 ppos=504.8 apid=-0.0 integ=-0.0 vision=1 current=1 vframe=493 vs=1 vage=5 vpage=5 vdt=28 vmax=44 vacc=493 vrej=0 seq=0 elapsed=0 oled=3C
[   5474] STATUS mode=3 fault=none enc=639 denc=0 sreq=-261 sapplied=-261 crate=-261 uimp=499350 upos=4335 uneg=155 ball=108.53 vball=-55.40 aball=-122.7 bref=0.00 pid=-261.3 pref=473.2 ppos=499.4 apid=-0.0 integ=-0.0 vision=1 current=1 vframe=493 vs=1 vage=25 vpage=25 vdt=28 vmax=44 vacc=493 vrej=0 seq=0 elapsed=0 oled=3C
[   5501] STATUS mode=3 fault=none enc=632 denc=-2 sreq=-324 sapplied=-324 crate=-324 uimp=494505 upos=4335 uneg=175 ball=106.09 vball=-60.91 aball=-122.7 bref=0.00 pid=-352.3 pref=459.3 ppos=494.5 apid=-0.0 integ=-0.0 vision=1 current=1 vframe=494 vs=1 vage=4 vpage=4 vdt=41 vmax=44 vacc=494 vrej=0 seq=0 elapsed=0 oled=3C
[   5529] STATUS mode=3 fault=none enc=616 denc=-2 sreq=-245 sapplied=-245 crate=-245 uimp=482460 upos=4335 uneg=215 ball=104.71 vball=-60.72 aball=-141.6 bref=0.00 pid=-244.6 pref=458.0 ppos=482.5 apid=-0.0 integ=-0.0 vision=1 current=1 vframe=495 vs=1 vage=29 vpage=29 vdt=15 vmax=44 vacc=495 vrej=0 seq=0 elapsed=0 oled=3C
[   5556] STATUS mode=3 fault=none enc=609 denc=-2 sreq=-193 sapplied=-193 crate=-193 uimp=477955 upos=4335 uneg=235 ball=102.71 vball=-59.19 aball=-141.6 bref=0.00 pid=-193.0 pref=458.7 ppos=478.0 apid=-0.0 integ=-0.0 vision=1 current=1 vframe=496 vs=1 vage=8 vpage=8 vdt=41 vmax=44 vacc=496 vrej=0 seq=0 elapsed=0 oled=3C
[   5584] STATUS mode=3 fault=none enc=601 denc=-1 sreq=-132 sapplied=-132 crate=-132 uimp=471345 upos=4335 uneg=275 ball=99.50 vball=-60.75 aball=-141.6 bref=0.00 pid==-162.1 pref=458.1 ppos=474.4 apid=-0.0 integ=-0.0 vision=1 current=1 vframe=497 vs=1 vage=12 vpage=12 vdt=16 vmax=44 vacc=497 vrej=0 seq=0 elapsed=0 oled=3C
[   5611] STATUS mode=3 fault=none enc=597 denc=-1 sreq=-271 sapplied=-271 crate=-271 uimp=467975 upos=4335 uneg=295 ball=97.06 vball=-74.06 aball=-78.1 bref=0.00 pid=-458.4 pref=422.1 ppos=468.0 apid=-0.0 integ=-0.0 vision=1 current=1 vframe=499 vs=1 vage=3 vpage=3 vdt=19 vmax=44 vacc=499 vrej=0 seq=0 elapsed=0 oled=3C
[   5639] STATUS mode=3 fault=none enc=588 denc=-2 sreq=-385 sapplied=-385 crate=-385 uimp=460610 upos=4335 uneg=315 ball=97.06 vball=-74.06 aball=-78.1 bref=0.00 pid=-384.7 pref=422.1 ppos=460.6 apid=-0.0 integ=-0.0 vision=1 current=1 vframe=499 vs=1 vage=23 vpage=23 vdt=19 vmax=44 vacc=499 vrej=0 seq=0 elapsed=0 oled=3C
[   5666] STATUS mode=3 fault=none enc=566 denc=-3 sreq=-350 sapplied=-350 crate=-350 uimp=444930 upos=4335 uneg=355 ball=94.30 vball=-78.49 aball=-78.1 bref=0.00 pid=-349.7 pref=410.0 ppos=444.9 apid=-0.0 integ=-0.0 vision=1 current=1 vframe=500 vs=1 vage=32 vpage=32 vdt=31 vmax=44 vacc=500 vrej=0 seq=0 elapsed=0 oled=3C
[   5693] STATUS mode=3 fault=none enc=558 denc=-2 sreq=-330 sapplied=-330 crate=-330 uimp=437690 upos=4335 uneg=375 ball=91.50 vball=-79.44 aball=-143.1 bref=0.00 pid=-329.9 pref=404.7 ppos=437.7 apid=-0.0 integ=-0.0 vision=1 current=1 vframe=501 vs=1 vage=18 vpage=18 vdt=34 vmax=44 vacc=501 vrej=0 seq=0 elapsed=0 oled=3C
[   5721] STATUS mode=3 fault=none enc=551 denc=-1 sreq=-318 sapplied=-318 crate=-318 uimp=431570 upos=4335 uneg=395 ball=88.78 vball=-80.25 aball=-143.1 bref=0.00 pid=-317.5 pref=399.8 ppos=431.6 apid=-0.0 integ=-0.0 vision=1 current=1 vframe=502 vs=1 vage=5 vpage=5 vdt=33 vmax=44 vacc=502 vrej=0 seq=0 elapsed=0 oled=3C
[   5748] STATUS mode=3 fault=none enc=537 denc=-1 sreq=-260 sapplied=-260 crate=-260 uimp=420615 upos=4335 uneg=435 ball=86.00 vball=-81.20 aball=-143.1 bref=0.00 pid=-260.3 pref=394.6 ppos=420.6 apid=-0.0 integ=-0.0 vision=1 current=1 vframe=503 vs=1 vage=11 vpage=11 vdt=34 vmax=44 vacc=503 vrej=0 seq=0 elapsed=0 oled=3C
[   5776] STATUS mode=3 fault=none enc=530 denc=-2 sreq=-212 sapplied=-212 crate=-212 uimp=415790 upos=4335 uneg=455 ball=86.00 vball=-81.20 aball=-143.1 bref=0.00 pid=-212.1 pref=394.6 ppos=415.8 apid=-0.0 integ=-0.0 vision=1 current=1 vframe=503 vs=1 vage=31 vpage=31 vdt=34 vmax=44 vacc=503 vrej=0 seq=0 elapsed=0 oled=3C
[   5803] STATUS mode=3 fault=none enc=525 denc=-1 sreq=-170 sapplied=-170 crate=-170 uimp=411885 upos=4335 uneg=475 ball=83.29 vball=-79.44 aball=-78.7 bref=0.00 pid=-170.3 pref=394.9 ppos=411.9 apid=-0.0 integ=-0.0 vision=1 current=1 vframe=504 vs=1 vage=16 vpage=16 vdt=35 vmax=44 vacc=504 vrej=0 seq=0 elapsed=0 oled=3C
[   5830] STATUS mode=3 fault=none enc=516 denc=-1 sreq=-167 sapplied=-167 crate=-167 uimp=404920 upos=4335 uneg=515 ball=80.64 vball=-81.16 aball=-78.7 bref=0.00 pid=-166.9 pref=388.2 ppos=404.9 apid=-0.0 integ=-0.0 vision=1 current=1 vframe=505 vs=1 vage=25 vpage=25 vdt=31 vmax=44 vacc=505 vrej=0 seq=0 elapsed=0 oled=3C
[   5858] STATUS mode=3 fault=none enc=512 denc=-1 sreq=-177 sapplied=-177 crate=-177 uimp=401605 upos=4335 uneg=535 ball=77.89 vball=-81.66 aball=-78.7 bref=0.00 pid=-176.7 pref=383.9 ppos=401.6 apid=-0.0 integ=-0.0 vision=1 current=1 vframe=506 vs=1 vage=12 vpage=12 vdt=33 vmax=44 vacc=506 vrej=0 seq=0 elapsed=0 oled=3C
[   5885] STATUS mode=3 fault=none enc=506 denc=0 sreq=-79 sapplied=-79 crate=-79 uimp=396295 upos=4335 uneg=575 ball=75.54 vball=-78.00 aball=-36.7 bref=0.00 pid=-78.6 pref=388.4 ppos=396.3 apid=-0.0 integ=-0.0 vision=1 current=1 vframe=507 vs=1 vage=18 vpage=18 vdt=34 vmax=44 vacc=507 vrej=0 seq=0 elapsed=0 oled=3C
[   5912] STATUS mode=3 fault=none enc=503 denc=-2 sreq=-164 sapplied=-164 crate=-164 uimp=394835 upos=4335 uneg=595 ball=72.60 vball=-81.22 aball=-36.7 bref=0.00 pid=-163.7 pref=378.5 ppos=394.8 apid=-0.0 integ=-0.0 vision=1 current=1 vframe=508 vs=1 vage=5 vpage=5 vdt=33 vmax=44 vacc=508 vrej=0 seq=0 elapsed=0 oled=3C
[   5939] STATUS mode=3 fault=none enc=501 denc=-1 sreq=-133 sapplied=-133 crate=-133 uimp=391795 upos=4335 uneg=615 ball=72.60 vball=-81.22 aball=-36.7 bref=0.00 pid=-133.3 pref=378.5 ppos=391.8 apid=-0.0 integ=-0.0 vision=1 current=1 vframe=508 vs=1 vage=25 vpage=25 vdt=33 vmax=44 vacc=508 vrej=0 seq=0 elapsed=0 oled=3C
[   5966] STATUS mode=3 fault=none enc=497 denc=1 sreq=-60 sapplied=-60 crate=-60 uimp=388135 upos=4335 uneg=655 ball=70.29 vball=-78.01 aball=-36.7 bref=0.00 pid=-60.2 pref=382.1 ppos=388.1 apid=-0.0 integ=-0.0 vision=1 current=1 vframe=509 vs=1 vage=32 vpage=32 vdt=33 vmax=44 vacc=509 vrej=0 seq=0 elapsed=0 oled=3C
[   5992] STATUS mode=3 fault=none enc=495 denc=0 sreq=30 sapplied=30 crate=30 uimp=387705 upos=4340 uneg=665 ball=68.31 vball=-72.53 aball=4.2 bref=0.00 pid=29.9 pref=390.7 ppos=387.7 apid=0.0 integ=-0.0 vision=1 current=1 vframe=510 vs=1 vage=17 vpage=17 vdt=35 vmax=44 vacc=510 vrej=0 seq=0 elapsed=0 oled=3C
[   6019] STATUS mode=3 fault=none enc=496 denc=0 sreq=0 sapplied=0 crate=-12 uimp=388260 upos=4360 uneg=665 ball=65.83 vball=-72.86 aball=4.2 bref=0.00 pid=-12.0 pref=387.1 ppos=388.3 apid=0.0 integ=-0.0 vision=1 current=1 vframe=511 vs=1 vage=4 vpage=4 vdt=33 vmax=44 vacc=511 vrej=0 seq=0 elapsed=0 oled=3C
[   6045] STATUS mode=3 fault=none enc=496 denc=0 sreq=0 sapplied=0 crate=17 uimp=388260 upos=4360 uneg=665 ball=63.73 vball=-70.13 aball=4.2 bref=0.00 pid=17.4 pref=390.0 ppos=388.3 apid=0.0 integ=-0.0 vision=1 current=1 vframe=512 vs=1 vage=11 vpage=11 vdt=33 vmax=44 vacc=512 vrej=0 seq=0 elapsed=0 oled=3C
[   6071] STATUS mode=3 fault=none enc=496 denc=0 sreq=0 sapplied=0 crate=17 uimp=388260 upos=4360 uneg=665 ball=63.73 vball=-70.13 aball=4.2 bref=0.00 pid=17.4 pref=390.0 ppos=388.3 apid=0.0 integ=-0.0 vision=1 current=1 vframe=512 vs=1 vage=31 vpage=31 vdt=33 vmax=44 vacc=512 vrej=0 seq=0 elapsed=0 oled=3C
[   6097] STATUS mode=3 fault=none enc=496 denc=0 sreq=22 sapplied=22 crate=22 uimp=388625 upos=4375 uneg=665 ball=61.62 vball=-68.45 aball=21.2 bref=0.00 pid=22.0 pref=390.8 ppos=388.6 apid=0.0 integ=-0.0 vision=1 current=1 vframe=513 vs=1 vage=20 vpage=20 vdt=31 vmax=44 vacc=513 vrej=0 seq=0 elapsed=0 oled=3C
[   6124] STATUS mode=3 fault=none enc=498 denc=1 sreq=28 sapplied=28 crate=28 uimp=389585 upos=4410 uneg=665 ball=59.52 vball=-66.39 aball=21.2 bref=0.00 pid=28.4 pref=392.4 ppos=389.6 apid=0.0 integ=-0.0 vision=1 current=1 vframe=520 vs=1 vage=26 vpage=26 vdt=34 vmax=44 vacc=520 vrej=0 seq=0 elapsed=0 oled=3C
[   6150] STATUS mode=3 fault=none enc=499 denc=2 sreq=60 sapplied=60 crate=60 uimp=390305 upos=4430 uneg=665 ball=57.67 vball=-63.36 aball=21.2 bref=0.00 pid=59.6 pref=396.3 ppos=390.3 apid=0.0 integ=-0.0 vision=1 current=1 vframe=521 vs=1 vage=11 vpage=11 vdt=35 vmax=44 vacc=521 vrej=0 seq=0 elapsed=0 oled=3C
[   6177] STATUS mode=3 fault=none enc=501 denc=1 sreq=49 sapplied=49 crate=49 uimp=391415 upos=4450 uneg=665 ball=57.67 vball=-63.36 aball=21.2 bref=0.00 pid=48.5 pref=396.3 ppos=391.4 apid=0.0 integ=-0.0 vision=1 current=1 vframe=521 vs=1 vage=31 vpage=31 vdt=35 vmax=44 vacc=521 vrej=0 seq=0 elapsed=0 oled=3C
[   6203] STATUS mode=3 fault=none enc=501 denc=0 sreq=54 sapplied=0 crate=54 uimp=390495 upos=4455 uneg=neg=675 ball=55.30 vball=-66.43 aball=20.8 bref=0.00 pid=-39.5 pref=387.3 ppos=391.2 apid=0.0 integ=-0.0 vision=1 current=1 vframe=522 vs=1 vage=20 vpage=20 vdt=31 vmax=44 vacc=522 vrej=0 seq=0 elapsed=0 oled=3C
[   6230] STATUS mode=3 fault=none enc=501 denc=1 sreq=46 sapplied=46 crate=46 uimp=391260 upos=4470 uneg=695 ball=53.62 vball=-61.13 aball=20.8 bref=0.00 pid=46.1 pref=395.9 ppos=391.3 apid=0.0 integ=-0.0 vision=1 current=1 vframe=523 vs=1 vage=27 vpage=27 vdt=33 vmax=44 vacc=523 vrej=0 seq=0 elapsed=0 oled=3C
[   6256] STATUS mode=3 fault=none enc=501 denc=0 sreq=100 sapplied=100 crate=100 uimp=392785 upos=4490 uneg=695 ball=52.08 vball=-56.77 aball=20.8 bref=0.00 pid=99.5 pref=402.7 ppos=392.8 apid=0.0 integ=-0.0 vision=1 current=1 vframe=524 vs=1 vage=14 vpage=14 vdt=33 vmax=44 vacc=524 vrej=0 seq=0 elapsed=0 oled=3C
[   6283] STATUS mode=3 fault=none enc=502 denc=-1 sreq=81 sapplied=81 crate=81 uimp=394635 upos=4510 uneg=695 ball=52.08 vball=-56.77 aball=20.8 bref=0.00 pid=81.0 pref=402.7 ppos=394.6 apid=0.0 integ=-0.0 vision=1 current=1 vframe=524 vs=1 vage=34 vpage=34 vdt=33 vmax=44 vacc=524 vrej=0 seq=0 elapsed=0 oled=3C
[   6310] STATUS mode=3 fault=none enc=510 denc=1 sreq=107 sapplied=107 crate=107 uimp=399625 upos=4550 uneg=695 ball=49.10 vball=-51.18 aball=75.2 bref=0.00 pid=107.2 pref=410.3 ppos=399.6 apid=0.0 integ=-0.0 vision=1 current=1 vframe=526 vs=1 vage=7 vpage=7 vdt=33 vmax=44 vacc=526 vrej=0 seq=0 elapsed=0 oled=3C
[   6336] STATUS mode=3 fault=none enc=511 denc=0 sreq=87 sapplied=87 crate=87 uimp=401615 upos=4570 uneg=695 ball=49.10 vball=-51.18 aball=75.2 bref=0.00 pid=87.3 pref=410.3 ppos=401.6 apid=0.0 integ=-0.0 vision=1 current=1 vframe=526 vs=1 vage=27 vpage=27 vdt=33 vmax=44 vacc=526 vrej=0 seq=0 elapsed=0 oled=3C
[   6363] STATUS mode=3 fault=none enc=515 denc=1 sreq=123 sapplied=123 crate=123 uimp=403510 upos=4590 uneg=695 ball=47.81 vball=-47.65 aball=75.2 bref=0.00 pid=123.5 pref=415.9 ppos=403.5 apid=0.0 integ=-0.0 vision=1 current=1 vframe=527 vs=1 vage=12 vpage=12 vdt=35 vmax=44 vacc=527 vrej=0 seq=0 elapsed=0 oled=3C
[   6389] STATUS mode=3 fault=none enc=520 denc=1 sreq=82 sapplied=82 crate=82 uimp=407665 upos=4630 uneg=695 ball=47.81 vball=-47.65 aball=75.2 bref=0.00 pid=81.9 pref=415.9 ppos=407.7 apid=0.0 integ=-0.0 vision=1 current=0 vframe=528 vs=0 vage=52 vpage=20 vdt=35 vmax=44 vacc=527 vrej=0 seq=0 elapsed=0 oled=3C
[   6415] STATUS mode=3 fault=none enc=521 denc=0 sreq=96 sapplied=96 crate=96 uimp=409185 upos=4650 uneg=695 ball=45.15 vball=-44.57 aball=67.4 bref=0.00 pid=96.4 pref=418.8 ppos=409.2 apid=0.0 integ=-0.0 vision=1 current=1 vframe=529 vs=1 vage=7 vpage=7 vdt=65 vmax=65 vacc=528 vrej=0 seq=0 elapsed=0 oled=3C
[   6442] STATUS mode=3 fault=none enc=524 denc=1 sreq=78 sapplied=78 crate=78 uimp=410975 upos=4670 uneg=695 ball=45.15 vball=-44.57 aball=67.4 bref=0.00 pid=78.5 pref=418.8 ppos=411.0 apid=0.0 integ=-0.0 vision=1 current=1 vframe=529 vs=1 vage=27 vpage=27 vdt=65 vmax=65 vacc=528 vrej=0 seq=0 elapsed=0 oled=3C
[   6469] STATUS mode=3 fault=none enc=530 denc=1 sreq=128 sapplied=128 crate=128 uimp=416335 upos=4710 uneg=695 ball=44.32 vball=-38.94 aball=67.4 bref=0.00 pid=127.5 pref=429.1 ppos=416.3 apid=0.0 integ=-0.0 vision=1 current=1 vframe=530 vs=1 vage=33 vpage=33 vdt=34 vmax=65 vacc=529 vrej=0 seq=0 elapsed=0 oled=3C
[   6495] STATUS mode=3 fault=none enc=533 denc=0 sreq=147 sapplied=147 crate=147 uimp=419425 upos=4730 uneg=695 ball=43.42 vball=-35.88 aball=67.4 bref=0.00 pid=147.0 pref=434.1 ppos=419.4 apid=0.0 integ=-0.0 vision=1 current=1 vframe=531 vs=1 vage=20 vpage=20 vdt=33 vmax=65 vacc=530 vrej=0 seq=0 elapsed=0 oled=3C
[   6522] STATUS mode=3 fault=none enc=538 denc=2 sreq=177 sapplied=177 crate=177 uimp=422460 upos=4750 uneg=695 ball=42.59 vball=-32.35 aball=92.6 bref=0.00 pid=177.3 pref=440.2 ppos=422.5 apid=0.0 integ=-0.0 vision=1 current=1 vframe=532 vs=1 vage=8 vpage=8 vdt=32 vmax=65 vacc=531 vrej=0 seq=0 elapsed=0 oled=3C
[   6549] STATUS mode=3 fault=none enc=548 denc=2 sreq=245 sapplied=245 crate=245 uimp=429620 upos=4790 uneg=695 ball=42.31 vball=-25.24 aball=92.6 bref=0.00 pid=244.6 pref=454.1 ppos=429.6 apid=0.0 integ=-0.0 vision=1 current=1 vframe=533 vs=1 vage=14 vpage=14 vdt=34 vmax=65 vacc=532 vrej=0 seq=0 elapsed=0 oled=3C
[   6575] STATUS mode=3 fault=none enc=553 denc=1 sreq=199 sapplied=199 crate=199 uimp=434160 upos=4810 uneg=695 ball=42.04 vball=-20.23 aball=92.6 bref=0.00 pid=199.2 pref=454.1 ppos=434.2 apid=0.0 integ=-0.0 vision=1 current=1 vframe=534 vs=1 vage=1 vpage=1 vdt=33 vmax=65 vacc=533 vrej=0 seq=0 elapsed=0 oled=3C
[   6602] STATUS mode=3 fault=none enc=559 denc=1 sreq=245 sapplied=245 crate=245 uimp=439235 upos=4830 uneg=695 ball=42.04 vball=-20.23 aball=92.6 bref=0.00 pid=245.4 pref=463.8 ppos=439.2 apid=0.0 integ=-0.0 vision=1 current=1 vframe=534 vs=1 vage=21 vpage=21 vdt=33 vmax=65 vacc=533 vrej=0 seq=0 elapsed=0 oled=3C
[   6629] STATUS mode=3 fault=none enc=572 denc=2 sreq=200 sapplied=200 crate=200 uimp=448565 upos=4870 uneg=695 ball=41.64 vball=-17.61 aball=117.3 bref=0.00 pid=199.7 pref=468.5 ppos=448.6 apid=0.0 integ=-0.0 vision=1 current=1 vframe=535 vs=1 vage=28 vpage=28 vdt=33 vmax=65 vacc=534 vrej=0 seq=0 elapsed=0 oled=3C
[   6656] STATUS mode=3 fault=none enc=577 denc=2 sreq=218 sapplied=218 crate=218 uimp=452875 upos=4890 uneg=695 ball=41.43 vball=-14.39 aball=117.3 bref=0.00 pid=218.4 pref=474.7 ppos=452.9 apid=0.0 integ=-0.0 vision=1 current=1 vframe=536 vs=1 vage=14 vpage=14 vdt=34 vmax=65 vacc=535 vrej=0 seq=0 elapsed=0 oled=3C
[   6682] STATUS mode=3 fault=none enc=582 denc=1 sreq=178 sapplied=178 crate=178 uimp=456925 upos=4910 uneg=695 ball=41.29 vball=-11.35 aball=117.3 bref=0.00 pid=177.9 pref=474.7 ppos=456.9 apid=0.0 integ=-0.0 vision=1 current=1 vframe=537 vs=1 vage=1 vpage=1 vdt=33 vmax=65 vacc=536 vrej=0 seq=0 elapsed=0 oled=3C
[   6709] STATUS mode=3 fault=none enc=593 denc=2 sreq=227 sapplied=227 crate=227 uimp=464705 upos=4950 uneg=695 ball=41.29 vball=-7.95 aball=106.7 bref=0.00 pid=227.3 pref=487.4 ppos=464.7 apid=0.0 integ=-0.0 vision=1 current=1 vframe=538 vs=1 vage=5 vpage=5 vdt=36 vmax=65 vacc=537 vrej=0 seq=0 elapsed=0 oled=3C
[   6736] STATUS mode=3 fault=none enc=597 denc=1 sreq=185 sapplied=185 crate=185 uimp=468920 upos=4970 uneg=695 ball=41.29 vball=-7.95 aball=106.7 bref=0.00 pid=185.1 pref=487.4 ppos=468.9 apid=0.0 integ=-0.0 vision=1 current=1 vframe=538 vs=1 vage=25 vpage=25 vdt=36 vmax=65 vacc=537 vrej=0 seq=0 elapsed=0 oled=3C
[   6763] STATUS mode=3 fault=none enc=603 denc=2 sreq=237 sapplied=237 crate=237 uimp=473290 upos=4990 uneg=695 ball=41.55 vball=-3.31 aball=106.7 bref=0.00 pid=237.3 pref=497.0 ppos=473.3 apid=0.0 integ=-0.0 vision=1 current=1 vframe=539 vs=1 vage=13 vpage=13 vdt=32 vmax=65 vacc=538 vrej=0 seq=0 elapsed=0 oled=3C
[   6789] STATUS mode=3 fault=none enc=614 denc=1 sreq=191 sapplied=191 crate=191 uimp=481835 upos=5030 uneg=695 ball=41.66 vball=-1.41 aball=106.7 bref=0.00 pid=191.2 pref=501.0 ppos=481.8 apid=0.0 integ=-0.0 vision=1 current=1 vframe=540 vs=1 vage=19 vpage=19 vdt=34 vmax=65 vacc=539 vrej=0 seq=0 elapsed=0 oled=3C
[   6816] STATUS mode=3 fault=none enc=619 denc=2 sreq=133 sapplied=133 crate=133 uimp=485385 upos=5050 uneg=695 ball=41.49 vball=-2.44 aball=83.7 bref=0.00 pid=133.1 pref=498.7 ppos=485.4 apid=0.0 integ=-0.0 vision=1 current=1 vframe=541 vs=1 vage=6 vpage=6 vdt=33 vmax=65 vacc=540 vrej=0 seq=0 elapsed=0 oled=3C
[   6842] STATUS mode=3 fault=none enc=622 denc=1 sreq=108 sapplied=108 crate=108 uimp=487850 upos=5070 uneg=695 ball=41.49 vball=-2.44 aball=83.7 bref=0.00 pid=108.4 pref=498.7 ppos=487.9 apid=0.0 integ=-0.0 vision=1 current=1 vframe=541 vs=1 vage=26 vpage=26 vdt=33 vmax=65 vacc=540 vrej=0 seq=0 elapsed=0 oled=3C
[   6869] STATUS mode=3 fault=none enc=626 denc=0 sreq=76 sapplied=76 crate=76 uimp=491635 upos=5110 uneg=695 ball=41.44 vball=-2.15 aball=83.7 bref=0.00 pid=75.8 pref=499.2 ppos=491.6 apid=0.0 integ=-0.0 vision=1 current=1 vframe=542 vs=1 vage=33 vpage=33 vdt=33 vmax=65 vacc=541 vrej=0 seq=0 elapsed=0 oled=3C
[   6895] STATUS mode=3 fault=none enc=629 denc=1 sreq=70 sapplied=70 crate=70 uimp=493180 upos=5130 uneg=695 ball=41.42 vball=-1.66 aball=83.7 bref=0.00 pid=69.9 pref=500.2 ppos=493.2 apid=0.0 integ=-0.0 vision=1 current=1 vframe=543 vs=1 vage=19 vpage=19 vdt=34 vmax=65 vacc=542 vrej=0 seq=0 elapsed=0 oled=3C
[   6921] STATUS mode=3 fault=none enc=631 denc=1 sreq=64 sapplied=64 crate=64 uimp=494475 upos=5150 uneg=695 ball=41.41 vball=-1.28 aball=51.3 bref=0.00 pid=64.4 pref=500.9 ppos=494.5 apid=0.0 integ=-0.0 vision=1 current=1 vframe=544 vs=1 vage=6 vpage=6 vdt=33 vmax=65 vacc=543 vrej=0 seq=0 elapsed=0 oled=3C
[   6948] STATUS mode=3 fault=none enc=633 denc=1 sreq=74 sapplied=74 crate=74 uimp=496805 upos=5190 uneg=695 ball=41.40 vball=-1.02 aball=51.3 bref=0.00 pid=74.3 pref=504.2 ppos=496.8 apid=0.0 integ=2.8 vision=1 current=1 vframe=545 vs=1 vage=12 vpage=12 vdt=34 vmax=65 vacc=544 vrej=0 seq=0 elapsed=0 oled=3C
[   6974] STATUS mode=3 fault=none enc=634 denc=0 sreq=61 sapplied=61 crate=61 uimp=498185 upos=5210 uneg=695 ball=41.40 vball=-1.02 aball=51.3 bref=0.00 pid=60.5 pref=504.2 ppos=498.2 apid=0.0 integ=2.8 vision=1 current=1 vframe=545 vs=1 vage=32 vpage=32 vdt=34 vmax=65 vacc=544 vrej=0 seq=0 elapsed=0 oled=3C
[   7000] STATUS mode=3 fault=none enc=635 denc=-1 sreq=44 sapplied=44 crate=44 uimp=499220 upos=5230 uneg=695 ball=41.19 vball=-2.56 aball=51.3 bref=0.00 pid=44.1 pref=503.6 ppos=499.2 apid=0.0 integ=5.5 vision=1 current=1 vframe=546 vs=1 vage=19 vpage=19 vdt=33 vmax=65 vacc=545 vrej=0 seq=0 elapsed=0 oled=3C
[   7026] STATUS mode=3 fault=none enc=638 denc=0 sreq=52 sapplied=52 crate=52 uimp=501230 upos=5270 uneg=695 ball=41.11 vball=-2.45 aball=22.9 bref=0.00 pid=52.3 pref=506.5 ppos=501.2 apid=0.0 integ=8.2 vision=1 current=1 vframe=547 vs=1 vage=26 vpage=26 vdt=33 vmax=65 vacc=546 vrej=0 seq=0 elapsed=0 oled=3C
[   7053] STATUS mode=3 fault=none enc=641 denc=2 sreq=78 sapplied=78 crate=78 uimp=502385 upos=5290 uneg=695 ball=41.07 vball=-2.06 aball=22.9 bref=0.00 pid=77.7 pref=510.2 ppos=502.4 apid=0.0 integ=11.2 vision=1 current=1 vframe=555 vs=1 vage=10 vpage=10 vdt=36 vmax=65 vacc=554 vrej=0 seq=0 elapsed=0 oled=3C
[   7079] STATUS mode=3 fault=none enc=641 denc=-1 sreq=63 sapplied=63 crate=63 uimp=503830 upos=5310 uneg=695 ball=41.07 vball=-2.06 aball=22.9 bref=0.00 pid=63.2 pref=510.2 ppos=503.8 apid=0.0 integ=11.2 vision=1 current=1 vframe=555 vs=1 vage=30 vpage=30 vdt=36 vmax=65 vacc=554 vrej=0 seq=0 elapsed=0 oled=3C
[   7105] STATUS mode=3 fault=none enc=645 denc=0 sreq=87 sapplied=87 crate=87 uimp=506605 upos=5350 uneg=695 ball=40.93 vball=-2.08 aball=14.3 bref=0.00 pid=86.6 pref=515.3 ppos=506.6 apid=0.0 integ=16.5 vision=1 current=1 vframe=557 vs=1 vage=5 vpage=5 vdt=34 vmax=65 vacc=556 vrej=0 seq=0 elapsed=0 oled=3C
[   7132] STATUS mode=3 fault=none enc=647 denc=1 sreq=71 sapplied=71 crate=71 uimp=508210 upos=5370 uneg=695 ball=40.93 vball=-2.08 aball=14.3 bref=0.00 pid=70.6 pref=515.3 ppos=508.2 apid=0.0 integ=16.5 vision=1 current=1 vframe=557 vs=1 vage=25 vpage=25 vdt=34 vmax=65 vacc=556 vrej=0 seq=0 elapsed=0 oled=3C
[   7158] STATUS mode=3 fault=none enc=649 denc=0 sreq=77 sapplied=77 crate=77 uimp=509730 upos=5390 uneg=695 ball=40.83 vball=-2.24 aball=14.3 bref=0.00 pid=77.1 pref=517.4 ppos=509.7 apid=0.0 integ=19.1 vision=1 current=1 vframe=558 vs=1 vage=13 vpage=13 vdt=32 vmax=65 vacc=557 vrej=0 seq=0 elapsed=0 oled=3C
[   7185] STATUS mode=3 fault=none enc=652 denc=0 sreq=-92 sapplied=-92 crate=-92 uimp=510480 upos=5415 uneg=705 ball=39.94 vball=-9.79 aball=14.3 bref=0.00 pid=-92.1 pref=501.3 ppos=510.5 apid=0.0 integ=19.1 vision=1 current=1 vframe=559 vs=1 vage=19 vpage=19 vdt=34 vmax=65 vacc=558 vrej=0 seq=0 elapsed=0 oled=3C
[   7212] STATUS mode=3 fault=none enc=649 denc=0 sreq=-138 sapplied=-138 crate=-138 uimp=508775 upos=5415 uneg=725 ball=39.31 vball=-12.57 aball=-39.8 bref=0.00 pid=-138.2 pref=495.0 ppos=508.8 apid=-0.0 integ=-0.0 vision=1 current=1 vframe=560 vs=1 vage=6 vpage=6 vdt=33 vmax=65 vacc=559 vrej=0 seq=0 elapsed=0 oled=3C
[   7239] STATUS mode=3 fault=none enc=646 denc=-1 sreq=-113 sapplied=-113 crate=-113 uimp=506215 upos=5415 uneg=745 ball=39.31 vball=-12.57 aball=-39.8 bref=0.00 pid=-112.6 pref=495.0 ppos=506.2 apid=-0.0 integ=-0.0 vision=1 current=1 vframe=560 vs=1 vage=26 vpage=26 vdt=33 vmax=65 vacc=559 vrej=0 seq=0 elapsed=0 oled=3C
[   7266] STATUS mode=3 fault=none enc=641 denc=-1 sreq=-89 sapplied=-89 crate=-89 uimp=501990 upos=5415 uneg=785 ball=38.79 vball=-13.21 aball=-39.8 bref=0.00 pid=-89.4 pref=493.1 ppos=502.0 apid=-0.0 integ=-0.0 vision=1 current=1 vframe=561 vs=1 vage=32 vpage=32 vdt=34 vmax=65 vacc=560 vrej=0 seq=0 elapsed=0 oled=3C
[   7293] STATUS mode=3 fault=none enc=640 denc=0 sreq=-51 sapplied=-51 crate=-51 uimp=500690 upos=5415 uneg=805 ball=38.53 vball=-11.80 aball=-39.8 bref=0.00 pid=-51.3 pref=495.6 ppos=500.7 apid=-0.0 integ=-0.0 vision=1 current=1 vframe=562 vs=1 vage=19 vpage=19 vdt=33 vmax=65 vacc=561 vrej=0 seq=0 elapsed=0 oled=3C
[   7320] STATUS mode=3 fault=none enc=638 denc=-1 sreq=-79 sapplied=-79 crate=-79 uimp=499740 upos=5415 uneg=825 ball=37.95 vball=-13.30 aball=-25.2 bref=0.00 pid=-78.7 pref=491.9 ppos=499.7 apid=-0.0 integ=-0.0 vision=1 current=1 vframe=563 vs=1 vage=5 vpage=5 vdt=34 vmax=65 vacc=562 vrej=0 seq=0 elapsed=0 oled=3C
[   7347] STATUS mode=3 fault=none enc=635 denc=-1 sreq=-162 sapplied=-162 crate=-162 uimp=496575 upos=5415 uneg=865 ball=36.93 vball=-18.41 aball=-25.2 bref=0.00 pid=-161.5 pref=480.4 ppos=496.6 apid=-0.0 integ=-0.0 vision=1 current=1 vframe=564 vs=1 vage=12 vpage=12 vdt=33 vmax=65 vacc=563 vrej=0 seq=0 elapsed=0 oled=3C
[   7375] STATUS mode=3 fault=none enc=632 denc=-1 sreq=-132 sapplied=-132 crate=-132 uimp=493580 upos=5415 uneg=885 ball=36.93 vball=-18.41 aball=-25.2 bref=0.00 pid=-131.6 pref=480.4 ppos=493.6 apid=-0.0 integ=-0.0 vision=1 current=1 vframe=564 vs=1 vage=32 vpage=32 vdt=33 vmax=65 vacc=563 vrej=0 seq=0 elapsed=0 oled=3C
[   7402] STATUS mode=3 fault=none enc=627 denc=-1 sreq=-162 sapplied=-162 crate=-162 uimp=490220 upos=5415 uneg=905 ball=36.01 vball=-21.08 aball=-25.2 bref=0.00 pid=-162.4 pref=474.0 ppos=490.2 apid=-0.0 integ=-0.0 vision=1 current=1 vframe=565 vs=1 vage=18 vpage=18 vdt=34 vmax=65 vacc=564 vrej=0 seq=0 elapsed=0 oled=3C
[   7429] STATUS mode=3 fault=none enc=621 denc=-1 sreq=-117 sapplied=-117 crate=-117 uimp=484555 upos=5415 uneg=945 ball=35.31 vball=-21.21 aball=-49.4 bref=0.00 pid=-116.8 pref=472.9 ppos=484.6 apid=-0.0 integ=-0.0 vision=1 current=1 vframe=566 vs=1 vage=25 vpage=25 vdt=33 vmax=65 vacc=565 vrej=0 seq=0 elapsed=0 oled=3C
[   7456] STATUS mode=3 fault=none enc=617 denc=-1 sreq=-78 sapplied=-78 crate=-78 uimp=482480 upos=5415 uneg=965 ball=34.72 vball=-19.97 aball=-49.4 bref=0.00 pid=-78.3 pref=474.6 ppos=482.5 apid=-0.0 integ=-0.0 vision=1 current=1 vframe=567 vs=1 vage=12 vpage=12 vdt=33 vmax=65 vacc=566 vrej=0 seq=0 elapsed=0 oled=3C
[   7483] STATUS mode=3 fault=none enc=616 denc=0 sreq=-64 sapplied=-64 crate=-64 uimp=481030 upos=5415 uneg=985 ball=34.72 vball=-19.97 aball=-49.4 bref=0.00 pid=-63.8 pref=474.6 ppos=481.0 apid=-0.0 integ=-0.0 vision=1 current=1 vframe=567 vs=1 vage=32 vpage=32 vdt=33 vmax=65 vacc=566 vrej=0 seq=0 elapsed=0 oled=3C
[   7510] STATUS mode=3 fault=none enc=614 denc=0 sreq=0 sapplied=0 crate=-13 uimp=478985 upos=5415 uneg=1025 ball=33.67 vball=-17.81 aball=-11.9 bref=0.00 pid=-12.8 pref=477.7 ppos=479.0 apid=-0.0 integ=-0.0 vision=1 current=1 vframe=569 vs=1 vage=5 vpage=5 vdt=33 vmax=65 vacc=568 vrej=0 seq=0 elapsed=0 oled=3C
[   7536] STATUS mode=3 fault=none enc=612 denc=0 sreq=0 sapplied=0 crate=-13 uimp=478985 upos=5415 uneg=1025 ball=33.67 vball=-17.81 aball=-11.9 bref=0.00 pid=-12.8 pref=477.7 ppos=479.0 apid=-0.0 integ=-0.0 vision=1 current=1 vframe=569 vs=1 vage=25 vpage=25 vdt=33 vmax=65 vacc=568 vrej=0 seq=0 elapsed=0 oled=3C
[   7564] STATUS mode=3 fault=none enc=612 denc=0 sreq=-22 sapplied=-22 crate=-22 uimp=478865 upos=5415 uneg=1030 ball=33.04 vball=-17.97 aball=-11.9 bref=0.00 pid=-22.3 pref=476.6 ppos=478.9 apid=-0.0 integ=-0.0 vision=1 current=1 vframe=570 vs=1 vage=12 vpage=12 vdt=33 vmax=65 vacc=569 vrej=0 seq=0 elapsed=0 oled=3C
[   7591] STATUS mode=3 fault=none enc=612 denc=0 sreq=-33 sapplied=-33 crate=-33 uimp=478000 upos=5415 uneg=1060 ball=32.38 vball=-18.54 aball=-11.9 bref=0.00 pid=-33.0 pref=474.7 ppos=478.0 apid=-0.0 integ=-0.0 vision=1 current=1 vframe=571 vs=1 vage=18 vpage=18 vdt=34 vmax=65 vacc=570 vrej=0 seq=0 elapsed=0 oled=3C
[   7617] STATUS mode=3 fault=none enc=612 denc=0 sreq=0 sapplied=0 crate=-14 uimp=477390 upos=5415 uneg=1080 ball=31.88 vball=-17.59 aball=-5.6 bref=0.00 pid=-13.9 pref=476.0 ppos=477.4 apid=-0.0 integ=-0.0 vision=1 current=1 vframe=572 vs=1 vage=3 vpage=3 vdt=35 vmax=65 vacc=571 vrej=0 seq=0 elapsed=0 oled=3C
[   7644] STATUS mode=3 fault=none enc=611 denc=0 sreq=0 sapplied=0 crate=-14 uimp=477390 upos=5415 uneg=1080 ball=31.88 vball=-17.59 aball=-5.6 bref=0.00 pid=-13.9 pref=476.0 ppos=477.4 apid=-0.0 integ=-0.0 vision=1 current=1 vframe=572 vs=1 vage=23 vpage=23 vdt=35 vmax=65 vacc=571 vrej=0 seq=0 elapsed=0 oled=3C
[   7670] STATUS mode=3 fault=none enc=611 denc=0 sreq=0 sapplied=0 crate=0 uimp=477390 upos=5415 uneg=1080 ball=31.51 vball=-16.49 aball=-5.6 bref=0.00 pid=0.0 pref=477.8 ppos=477.4 apid=-0.0 integ=-0.0 vision=1 current=1 vframe=573 vs=1 vage=32 vpage=32 vdt=31 vmax=65 vacc=572 vrej=0 seq=0 elapsed=0 oled=3C
[   7697] STATUS mode=3 fault=none enc=609 denc=-2 sreq=-91 sapplied=-91 crate=-91 uimp=475915 upos=5415 uneg=1095 ball=30.42 vball=-21.29 aball=-5.6 bref=0.00 pid=-90.7 pref=466.8 ppos=475.9 apid=-0.0 integ=-0.0 vision=1 current=1 vframe=574 vs=1 vage=19 vpage=19 vdt=33 vmax=65 vacc=573 vrej=0 seq=0 elapsed=0 oled=3C
[   7724] STATUS mode=3 fault=none enc=608 denc=0 sreq=-39 sapplied=-39 crate=-39 uimp=474230 upos=5415 uneg=1115 ball=29.92 vball=-19.23 aball=-10.6 bref=0.00 pid=-38.6 pref=470.4 ppos=474.2 apid=-0.0 integ=-0.0 vision=1 current=1 vframe=575 vs=1 vage=5 vpage=5 vdt=34 vmax=65 vacc=574 vrej=0 seq=0 elapsed=0 oled=3C
[   7750] STATUS mode=3 fault=none enc=606 denc=-1 sreq=41 sapplied=41 crate=41 uimp=473065 upos=5415 uneg=1150 ball=29.68 vball=-15.67 aball=-10.6 bref=0.00 pid=41.4 pref=477.2 ppos=473.1 apid=-0.0 integ=-0.0 vision=1 current=1 vframe=576 vs=1 vage=12 vpage=12 vdt=33 vmax=65 vacc=575 vrej=0 seq=0 elapsed=0 oled=3C
[   7777] STATUS mode=3 fault=none enc=605 denc=-1 sreq=34 sapplied=34 crate=34 uimp=473830 upos=5435 uneg=1150 ball=29.68 vball=-15.67 aball=-10.6 bref=0.00 pid=33.7 pref=477.2 ppos=473.8 apid=-0.0 integ=-0.0 vision=1 current=1 vframe=576 vs=1 vage=32 vpage=32 vdt=33 vmax=65 vacc=575 vrej=0 seq=0 elapsed=0 oled=3C
[   7804] STATUS mode=3 fault=none enc=607 denc=1 sreq=103 sapplied=103 crate=103 uimp=475725 upos=5455 uneg=1150 ball=29.66 vball=-11.23 aball=-10.6 bref=0.00 pid=103.3 pref=486.1 ppos=475.7 apid=-0.0 integ=-0.0 vision=1 current=1 vframe=577 vs=1 vage=19 vpage=19 vdt=33 vmax=65 vacc=576 vrej=0 seq=0 elapsed=0 oled=3C
[   7831] STATUS mode=3 fault=none enc=614 denc=1 sreq=136 sapplied=136 crate=136 uimp=480740 upos=5495 uneg=1150 ball=29.75 vball=-7.13 aball=48.6 bref=0.00 pid=136.3 pref=494.4 ppos=480.7 apid=0.0 integ=-0.0 vision=1 current=1 vframe=578 vs=1 vage=25 vpage=25 vdt=34 vmax=65 vacc=577 vrej=0 seq=0 elapsed=0 oled=3C
[   7858] STATUS mode=3 fault=none enc=618 denc=2 sreq=209 sapplied=209 crate=209 uimp=483780 upos=5515 uneg=1150 ball=30.06 vball=-2.16 aball=48.6 bref=0.00 pid=209.0 pref=504.7 ppos=483.8 apid=0.0 integ=-0.0 vision=1 current=1 vframe=579 vs=1 vage=12 vpage=12 vdt=33 vmax=65 vacc=578 vrej=0 seq=0 elapsed=0 oled=3C
[   7884] STATUS mode=3 fault=none enc=629 denc=2 sreq=193 sapplied=193 crate=193 uimp=491730 upos=5555 uneg=1150 ball=30.33 vball=0.87 aball=48.6 bref=0.00 pid=193.3 pref==504.7 ppos=487.7 apid=0.0 integ=-0.0 vision=1 current=1 vframe=579 vs=1 vage=32 vpage=32 vdt=33 vmax=65 vacc=578 vrej=0 seq=0 elapsed=0 oled=3C
[   7911] STATUS mode=3 fault=none enc=633 denc=1 sreq=185 sapplied=185 crate=185 uimp=495315 upos=5575 uneg=1150 ball=30.50 vball=2.13 aball=68.4 bref=0.00 pid=184.7 pref=513.8 ppos=495.3 apid=0.0 integ=-0.0 vision=1 current=1 vframe=581 vs=1 vage=5 vpage=5 vdt=34 vmax=65 vacc=580 vrej=0 seq=0 elapsed=0 oled=3C
[   7938] STATUS mode=3 fault=none enc=637 denc=1 sreq=150 sapplied=150 crate=150 uimp=498740 upos=5595 uneg=1150 ball=30.50 vball=2.13 aball=68.4 bref=0.00 pid=150.5 pref=513.8 ppos=498.7 apid=0.0 integ=-0.0 vision=1 current=1 vframe=581 vs=1 vage=25 vpage=25 vdt=34 vmax=65 vacc=580 vrej=0 seq=0 elapsed=0 oled=3C
[   7964] STATUS mode=3 fault=none enc=645 denc=1 sreq=135 sapplied=135 crate=135 uimp=504835 upos=5635 uneg=1150 ball=30.81 vball=4.22 aball=68.4 bref=0.00 pid=165.8 pref=518.3 ppos=501.8 apid=0.0 integ=-0.0 vision=1 current=1 vframe=582 vs=1 vage=12 vpage=12 vdt=33 vmax=65 vacc=581 vrej=0 seq=0 elapsed=0 oled=3C
[   7991] STATUS mode=3 fault=none enc=649 denc=1 sreq=158 sapplied=158 crate=158 uimp=508135 upos=5655 uneg=1150 ball=31.24 vball=6.74 aball=68.4 bref=0.00 pid=157.6 pref=523.9 ppos=508.1 apid=0.0 integ=-0.0 vision=1 current=1 vframe=583 vs=1 vage=19 vpage=19 vdt=33 vmax=65 vacc=582 vrej=0 seq=0 elapsed=0 oled=3C
[   8017] STATUS mode=3 fault=none enc=653 denc=1 sreq=152 sapplied=152 crate=152 uimp=511060 upos=5675 uneg=1150 ball=31.56 vball=7.71 aball=62.7 bref=0.00 pid=151.6 pref=526.2 ppos=511.1 apid=0.0 integ=-0.0 vision=1 current=1 vframe=584 vs=1 vage=5 vpage=5 vdt=34 vmax=65 vacc=583 vrej=0 seq=0 elapsed=0 oled=3C
[   8044] STATUS mode=3 fault=none enc=656 denc=0 sreq=123 sapplied=123 crate=123 uimp=513875 upos=5695 uneg=1150 ball=31.56 vball=7.71 aball=62.7 bref=0.00 pid=123.4 pref=526.2 ppos=513.9 apid=0.0 integ=-0.0 vision=1 current=1 vframe=584 vs=1 vage=25 vpage=25 vdt=34 vmax=65 vacc=583 vrej=0 seq=0 elapsed=0 oled=3C
[   8070] STATUS mode=3 fault=none enc=661 denc=0 sreq=78 sapplied=78 crate=78 uimp=517900 upos=5735 uneg=1150 ball=31.78 vball=7.30 aball=62.7 bref=0.00 pid=77.6 pref=525.7 ppos=517.9 apid=0.0 integ=-0.0 vision=1 current=1 vframe=585 vs=1 vage=32 vpage=32 vdt=33 vmax=65 vacc=584 vrej=0 seq=0 elapsed=0 oled=3C
[   8097] STATUS mode=3 fault=none enc=664 denc=1 sreq=69 sapplied=69 crate=69 uimp=519430 upos=5755 uneg=1150 ball=32.04 vball=7.47 aball=62.7 bref=0.00 pid=68.8 pref=526.3 ppos=519.4 apid=0.0 integ=-0.0 vision=1 current=1 vframe=586 vs=1 vage=19 vpage=19 vdt=33 vmax=65 vacc=585 vrej=0 seq=0 elapsed=0 oled=3C
[   8123] STATUS mode=3 fault=none enc=665 denc=0 sreq=39 sapplied=39 crate=39 uimp=520705 upos=5775 uneg=1150 ball=32.18 vball=6.51 aball=29.1 bref=0.00 pid=38.6 pref=524.6 ppos=520.7 apid=0.0 integ=-0.0 vision=1 current=1 vframe=587 vs=1 vage=5 vpage=5 vdt=34 vmax=65 vacc=586 vrej=0 seq=0 elapsed=0 oled=3C
[   8149] STATUS mode=3 fault=none enc=666 denc=0 sreq=0 sapplied=0 crate=0 uimp=521870 upos=5810 uneg=1150 ball=32.24 vball=5.15 aball=29.1 bref=0.00 pid=0.0 pref=521.9 ppos=521.9 apid=0.0 integ=-0.0 vision=1 current=1 vframe=588 vs=1 vage=12 vpage=12 vdt=33 vmax=65 vacc=587 vrej=0 seq=0 elapsed=0 oled=3C
[   8175] STATUS mode=3 fault=none enc=666 denc=0 sreq=0 sapplied=0 crate=0 uimp=521870 upos=5810 uneg=1150 ball=32.24 vball=5.15 aball=29.1 bref=0.00 pid=0.0 pref=521.9 ppos=521.9 apid=0.0 integ=-0.0 vision=1 current=1 vframe=588 vs=1 vage=32 vpage=32 vdt=33 vmax=65 vacc=587 vrej=0 seq=0 elapsed=0 oled=3C
[   8201] STATUS mode=3 fault=none enc=666 denc=0 sreq=0 sapplied=0 crate=-13 uimp=521870 upos=5810 uneg=1150 ball=32.33 vball=4.44 aball=29.1 bref=0.00 pid=-12.7 pref=520.6 ppos=521.9 apid=0.0 integ=-0.0 vision=1 current=1 vframe=589 vs=1 vage=20 vpage=20 vdt=32 vmax=65 vacc=588 vrej=0 seq=0 elapsed=0 oled=3C
[   8228] STATUS mode=3 fault=none enc=666 denc=0 sreq=-22 sapplied=-22 crate=-22 uimp=521505 upos=5810 uneg=1165 ball=32.40 vball=3.75 aball=3.5 bref=0.00 pid=-22.0 pref=519.3 ppos=521.5 apid=0.0 integ=-0.0 vision=1 current=1 vframe=590 vs=1 vage=26 vpage=26 vdt=34 vmax=65 vacc=589 vrej=0 seq=0 elapsed=0 oled=3C
[   8254] STATUS mode=3 fault=none enc=665 denc=0 sreq=0 sapplied=0 crate=-17 uimp=521290 upos=5810 uneg=1175 ball=32.54 vball=3.80 aball=3.5 bref=0.00 pid=-17.2 pref=519.6 ppos=521.3 apid=0.0 integ=-0.0 vision=1 current=1 vframe=591 vs=1 vage=13 vpage=13 vdt=33 vmax=65 vacc=590 vrej=0 seq=0 elapsed=0 oled=3C
[   8280] STATUS mode=3 fault=none enc=665 denc=0 sreq=0 sapplied=0 crate=-17 uimp=521290 upos=5810 uneg=1175 ball=32.54 vball=3.80 aball=3.5 bref=0.00 pid=-17.2 pref=519.6 ppos=521.3 apid=0.0 integ=-0.0 vision=1 current=1 vframe=591 vs=1 vage=33 vpage=33 vdt=33 vmax=65 vacc=590 vrej=0 seq=0 elapsed=0 oled=3C
[   8307] STATUS mode=3 fault=none enc=665 denc=0 sreq=-52 sapplied=-52 crate=-52 uimp=520255 upos=5810 uneg=1210 ball=32.51 vball=1.55 aball=-7.8 bref=0.00 pid=-52.2 pref=515.0 ppos=520.3 apid=-0.0 integ=-0.0 vision=1 current=1 vframe=593 vs=1 vage=4 vpage=4 vdt=36 vmax=65 vacc=592 vrej=0 seq=0 elapsed=0 oled=3C
[   8334] STATUS mode=3 fault=none enc=664 denc=0 sreq=-42 sapplied=-42 crate=-42 uimp=519285 upos=5810 uneg=1230 ball=32.51 vball=1.55 aball=-7.8 bref=0.00 pid=-42.5 pref=515.0 ppos=519.3 apid=-0.0 integ=-0.0 vision=1 current=1 vframe=593 vs=1 vage=24 vpage=24 vdt=36 vmax=65 vacc=592 vrej=0 seq=0 elapsed=0 oled=3C
[   8360] STATUS mode=3 fault=none enc=663 denc=0 sreq=-47 sapplied=-47 crate=-47 uimp=518360 upos=5810 uneg=1250 ball=32.48 vball=0.86 aball=-7.8 bref=0.00 pid=-47.4 pref=513.6 ppos=518.4 apid=-0.0 integ=-0.0 vision=1 current=1 vframe=594 vs=1 vage=13 vpage=13 vdt=31 vmax=65 vacc=593 vrej=0 seq=0 elapsed=0 oled=3C
[   8387] STATUS mode=3 fault=none enc=660 denc=0 sreq=-89 sapplied=-89 crate=-89 uimp=515800 upos=5810 uneg=1290 ball=32.16 vball=-2.31 aball=-7.8 bref=0.00 pid=-89.0 pref=506.9 ppos=515.8 apid=-0.0 integ=-0.0 vision=1 current=1 vframe=595 vs=1 vage=20 vpage=20 vdt=33 vmax=65 vacc=594 vrej=0 seq=0 elapsed=0 oled=3C
[   8414] STATUS mode=3 fault=none enc=659 denc=0 sreq=-164 sapplied=-164 crate=-164 uimp=514150 upos=5810 uneg=1310 ball=31.60 vball=-6.53 aball=-41.4 bref=0.00 pid=-163.6 pref=497.8 ppos=514.2 apid=-0.0 integ=-0.0 vision=1 current=1 vframe=596 vs=1 vage=6 vpage=6 vdt=34 vmax=65 vacc=595 vrej=0 seq=0 elapsed=0 oled=3C
[   8442] STATUS mode=3 fault=none enc=655 denc=0 sreq=-133 sapplied=-133 crate=-133 uimp=511115 upos=5810 uneg=1330 ball=31.60 vball=-6.53 aball=-41.4 bref=0.00 pid=-133.3 pref=497.8 ppos=511.1 apid=-0.0 integ=-0.0 vision=1 current=1 vframe=596 vs=1 vage=26 vpage=26 vdt=34 vmax=65 vacc=595 vrej=0 seq=0 elapsed=0 oled=3C
[   8469] STATUS mode=3 fault=none enc=644 denc=-1 sreq=-199 sapplied=-199 crate=-199 uimp=502860 upos=5810 uneg=1370 ball=30.59 vball=-13.34 aball=-41.4 bref=0.00 pid=-199.1 pref=483.0 ppos=502.9 apid=-0.0 integ=-0.0 vision=1 current=1 vframe=597 vs=1 vage=33 vpage=33 vdt=33 vmax=65 vacc=596 vrej=0 seq=0 elapsed=0 oled=3C
[   8497] STATUS mode=3 fault=none enc=639 denc=-2 sreq=-161 sapplied=-161 crate=-161 uimp=499195 upos=5810 uneg=1390 ball=30.18 vball=-13.01 aball=-41.4 bref=0.00 pid=-160.7 pref=483.1 ppos=499.2 apid=-0.0 integ=-0.0 vision=1 current=1 vframe=598 vs=1 vage=20 vpage=20 vdt=33 vmax=65 vacc=597 vrej=0 seq=0 elapsed=0 oled=3C
[   8523] STATUS mode=3 fault=none enc=636 denc=-1 sreq=-74 sapplied=-74 crate=-74 uimp=496210 upos=5810 uneg=1410 ball=30.07 vball=-10.09 aball=-38.8 bref=0.00 pid=-73.8 pref=488.8 ppos=496.2 apid=-0.0 integ=-0.0 vision=1 current=1 vframe=599 vs=1 vage=6 vpage=6 vdt=34 vmax=65 vacc=598 vrej=0 seq=0 elapsed=0 oled=3C
[   8550] STATUS mode=3 fault=none enc=634 denc=0 sreq=0 sapplied=0 crate=-15 uimp=494255 upos=5810 uneg=1440 ball=29.97 vball=-8.07 aball=-38.8 bref=0.00 pid=-15.1 pref=492.7 ppos=494.3 apid=-0.0 integ=-0.0 vision=1 current=1 vframe=600 vs=1 vage=13 vpage=13 vdt=33 vmax=65 vacc=599 vrej=0 seq=0 elapsed=0 oled=3C
[   8577] STATUS mode=3 fault=none enc=634 denc=0 sreq=0 sapplied=0 crate=-15 uimp=494255 upos=5810 uneg=1440 ball=29.97 vball=-8.07 aball=-38.8 bref=0.00 pid=-15.1 pref=492.7 ppos=494.3 apid=-0.0 integ=-0.0 vision=1 current=1 vframe=600 vs=1 vage=33 vpage=33 vdt=33 vmax=65 vacc=599 vrej=0 seq=0 elapsed=0 oled=3C
[   8603] STATUS mode=3 fault=none enc=634 denc=0 sreq=0 sapplied=0 crate=12 uimp=494255 upos=5810 uneg=1440 ball=29.86 vball=-6.64 aball=-38.8 bref=0.00 pid=12.2 pref=495.5 ppos=494.3 apid=-0.0 integ=-0.0 vision=1 current=1 vframe=601 vs=1 vage=20 vpage=20 vdt=33 vmax=65 vacc=600 vrej=0 seq=0 elapsed=0 oled=3C
[   8629] STATUS mode=3 fault=none enc=634 denc=0 sreq=54 sapplied=54 crate=54 uimp=495155 upos=5825 uneg=1440 ball=29.92 vball=-4.13 aball=5.8 bref=0.00 pid=54.1 pref=500.6 ppos=495.2 apid=0.0 integ=-0.0 vision=1 current=1 vframe=602 vs=1 vage=27 vpage=27 vdt=33 vmax=65 vacc=601 vrej=0 seq=0 elapsed=0 oled=3C
[   8656] STATUS mode=3 fault=none enc=635 denc=1 sreq=107 sapplied=107 crate=107 uimp=496840 upos=5845 uneg=1440 ball=30.16 vball=-0.78 aball=5.8 bref=0.00 pid=107.2 pref=507.6 ppos=496.8 apid=0.0 integ=-0.0 vision=1 current=1 vframe=603 vs=1 vage=13 vpage=13 vdt=34 vmax=65 vacc=602 vrej=0 seq=0 elapsed=0 oled=3C
[   8682] STATUS mode=3 fault=none enc=637 denc=1 sreq=87 sapplied=87 crate=87 uimp=498830 upos=5865 uneg=1440 ball=30.16 vball=-0.78 aball=5.8 bref=0.00 pid=87.3 pref=507.6 ppos=498.8 apid=0.0 integ=-0.0 vision=1 current=1 vframe=603 vs=1 vage=33 vpage=33 vdt=34 vmax=65 vacc=602 vrej=0 seq=0 elapsed=0 oled=3C
[   8709] STATUS mode=3 fault=none enc=642 denc=0 sreq=101 sapplied=101 crate=101 uimp=503330 upos=5905 uneg=1440 ball=30.50 vball=1.94 aball=30.2 bref=0.00 pid=100.8 pref=513.4 ppos=503.3 apid=0.0 integ=-0.0 vision=1 current=1 vframe=605 vs=1 vage=6 vpage=6 vdt=32 vmax=65 vacc=604 vrej=0 seq=0 elapsed=0 oled=3C
[   8735] STATUS mode=3 fault=none enc=644 denc=0 sreq=82 sapplied=82 crate=82 uimp=505200 upos=5925 uneg=1440 ball=30.50 vball=1.94 aball=30.2 bref=0.00 pid=82.1 pref=513.4 ppos=505.2 apid=0.0 integ=-0.0 vision=1 current=1 vframe=605 vs=1 vage=26 vpage=26 vdt=32 vmax=65 vacc=604 vrej=0 seq=0 elapsed=0 oled=3C
[   8762] STATUS mode=3 fault=none enc=647 denc=1 sreq=69 sapplied=69 crate=69 uimp=506730 upos=5945 uneg=1440 ball=30.57 vball=2.00 aball=30.2 bref=0.00 pid=68.8 pref=513.6 ppos=506.7 apid=0.0 integ=-0.0 vision=1 current=1 vframe=606 vs=1 vage=12 vpage=12 vdt=34 vmax=65 vacc=605 vrej=0 seq=0 elapsed=0 oled=3C
[   8788] STATUS mode=3 fault=none enc=649 denc=0 sreq=47 sapplied=47 crate=47 uimp=509065 upos=5985 uneg=1440 ball=30.64 vball=2.03 aball=30.2 bref=0.00 pid=46.9 pref=513.8 ppos=509.1 apid=0.0 integ=-0.0 vision=1 current=1 vframe=607 vs=1 vage=19 vpage=19 vdt=33 vmax=65 vacc=606 vrej=0 seq=0 elapsed=0 oled=3C
[   8814] STATUS mode=3 fault=none enc=650 denc=0 sreq=28 sapplied=28 crate=28 uimp=509935 upos=6005 uneg=1440 ball=30.65 vball=1.51 aball=14.7 bref=0.00 pid=27.9 pref=512.7 ppos=509.9 apid=0.0 integ=-0.0 vision=1 current=1 vframe=608 vs=1 vage=7 vpage=7 vdt=32 vmax=65 vacc=607 vrej=0 seq=0 elapsed=0 oled=3C
[   8840] STATUS mode=3 fault=none enc=651 denc=0 sreq=23 sapplied=23 crate=23 uimp=510455 upos=6025 uneg=1440 ball=30.65 vball=1.51 aball=14.7 bref=0.00 pid=22.7 pref=512.7 ppos=510.5 apid=0.0 integ=-0.0 vision=1 current=1 vframe=608 vs=1 vage=27 vpage=27 vdt=32 vmax=65 vacc=607 vrej=0 seq=0 elapsed=0 oled=3C
[   8867] STATUS mode=3 fault=none enc=652 denc=0 sreq=21 sapplied=21 crate=21 uimp=511450 upos=6065 uneg=1440 ball=30.63 vball=0.91 aball=14.7 bref=0.00 pid=21.3 pref=513.6 ppos=511.5 apid=0.0 integ=2.1 vision=1 current=1 vframe=609 vs=1 vage=33 vpage=33 vdt=34 vmax=65 vacc=608 vrej=0 seq=0 elapsed=0 oled=3C
[   8893] STATUS mode=3 fault=none enc=653 denc=0 sreq=30 sapplied=30 crate=30 uimp=512050 upos=6085 uneg=1440 ball=30.63 vball=0.62 aball=14.7 bref=0.00 pid=29.8 pref=515.0 ppos=512.1 apid=0.0 integ=4.1 vision=1 current=1 vframe=610 vs=1 vage=20 vpage=20 vdt=33 vmax=65 vacc=609 vrej=0 seq=0 elapsed=0 oled=3C
[   8919] STATUS mode=3 fault=none enc=653 denc=0 sreq=41 sapplied=41 crate=41 uimp=512605 upos=6105 uneg=1440 ball=30.63 vball=0.45 aball=3.3 bref=0.00 pid=41.0 pref=516.7 ppos=512.6 apid=0.0 integ=6.1 vision=1 current=1 vframe=611 vs=1 vage=7 vpage=7 vdt=33 vmax=65 vacc=610 vrej=0 seq=0 elapsed=0 oled=3C
[   8945] STATUS mode=3 fault=none enc=655 denc=-1 sreq=40 sapplied=40 crate=40 uimp=514120 upos=6145 uneg=1440 ball=30.61 vball=0.15 aball=3.3 bref=0.00 pid=39.8 pref=518.1 ppos=514.1 apid=0.0 integ=8.1 vision=1 current=1 vframe=612 vs=1 vage=14 vpage=14 vdt=33 vmax=65 vacc=611 vrej=0 seq=0 elapsed=0 oled=3C
[   8971] STATUS mode=3 fault=none enc=656 denc=0 sreq=32 sapplied=32 crate=32 uimp=514860 upos=6165 uneg=1440 ball=30.61 vball=0.15 aball=3.3 bref=0.00 pid=32.4 pref=518.1 ppos=514.9 apid=0.0 integ=8.1 vision=1 current=1 vframe=612 vs=1 vage=34 vpage=34 vdt=33 vmax=65 vacc=611 vrej=0 seq=0 elapsed=0 oled=3C
[   8997] STATUS mode=3 fault=none enc=657 denc=1 sreq=45 sapplied=45 crate=45 uimp=515765 upos=6185 uneg=1440 ball=30.62 vball=0.17 aball=3.3 bref=0.00 pid=44.7 pref=520.2 ppos=515.8 apid=0.0 integ=10.2 vision=1 current=1 vframe=613 vs=1 vage=20 vpage=20 vdt=34 vmax=65 vacc=612 vrej=0 seq=0 elapsed=0 oled=3C
[   9023] STATUS mode=3 fault=none enc=659 denc=0 sreq=57 sapplied=57 crate=57 uimp=516590 upos=6205 uneg=1440 ball=30.63 vball=0.20 aball=0.7 bref=0.00 pid=57.4 pref=522.3 ppos=516.6 apid=0.0 integ=12.2 vision=1 current=1 vframe=614 vs=1 vage=7 vpage=7 vdt=33 vmax=65 vacc=613 vrej=0 seq=0 elapsed=0 oled=3C
[   9050] STATUS mode=3 fault=none enc=663 denc=2 sreq=56 sapplied=56 crate=56 uimp=518715 upos=6245 uneg=1440 ball=30.63 vball=0.16 aball=0.7 bref=0.00 pid=56.2 pref=524.3 ppos=518.7 apid=0.0 integ=14.3 vision=1 current=1 vframe=615 vs=1 vage=13 vpage=13 vdt=34 vmax=65 vacc=614 vrej=0 seq=0 elapsed=0 oled=3C
[   9076] STATUS mode=3 fault=none enc=663 denc=0 sreq=46 sapplied=46 crate=46 uimp=519755 upos=6265 uneg=1440 ball=30.63 vball=0.16 aball=0.7 bref=0.00 pid=45.8 pref=524.3 ppos=519.8 apid=0.0 integ=14.3 vision=1 current=1 vframe=615 vs=1 vage=33 vpage=33 vdt=34 vmax=65 vacc=614 vrej=0 seq=0 elapsed=0 oled=3C
[   9102] STATUS mode=3 fault=none enc=665 denc=1 sreq=55 sapplied=55 crate=55 uimp=520900 upos=6285 uneg=1440 ball=30.64 vball=0.17 aball=0.7 bref=0.00 pid=54.9 pref=526.4 ppos=520.9 apid=0.0 integ=16.4 vision=1 current=1 vframe=616 vs=1 vage=20 vpage=20 vdt=33 vmax=65 vacc=615 vrej=0 seq=0 elapsed=0 oled=3C
[   9128] STATUS mode=3 fault=none enc=668 denc=1 sreq=54 sapplied=54 crate=54 uimp=523155 upos=6325 uneg=1440 ball=30.65 vball=0.26 aball=0.6 bref=0.00 pid=54.5 pref=528.6 ppos=523.2 apid=0.0 integ=18.4 vision=1 current=1 vframe=617 vs=1 vage=27 vpage=27 vdt=33 vmax=65 vacc=616 vrej=0 seq=0 elapsed=0 oled=3C
[   9155] STATUS mode=3 fault=none enc=669 denc=1 sreq=65 sapplied=65 crate=65 uimp=524275 upos=6345 uneg=1440 ball=30.66 vball=0.26 aball=0.6 bref=0.00 pid=65.5 pref=530.8 ppos=524.3 apid=0.0 integ=20.6 vision=1 current=1 vframe=618 vs=1 vage=11 vpage=11 vdt=36 vmax=65 vacc=617 vrej=0 seq=0 elapsed=0 oled=3C
[   9181] STATUS mode=3 fault=none enc=670 denc=0 sreq=53 sapplied=53 crate=53 uimp=525485 upos=6365 uneg=1440 ball=30.66 vball=0.26 aball=0.6 bref=0.00 pid=53.4 pref=530.8 ppos=525.5 apid=0.0 integ=20.6 vision=1 current=1 vframe=618 vs=1 vage=31 vpage=31 vdt=36 vmax=65 vacc=617 vrej=0 seq=0 elapsed=0 oled=3C
[   9207] STATUS mode=3 fault=none enc=676 denc=0 sreq=195 sapplied=195 crate=195 uimp=531095 upos=6405 uneg=1440 ball=31.85 vball=9.41 aball=40.7 bref=0.00 pid=194.6 pref=550.6 ppos=531.1 apid=0.0 integ=20.6 vision=1 current=1 vframe=620 vs=1 vage=5 vpage=5 vdt=33 vmax=65 vacc=619 vrej=0 seq=0 elapsed=0 oled=3C
[   9234] STATUS mode=3 fault=none enc=680 denc=1 sreq=158 sapplied=158 crate=158 uimp=534710 upos=6425 uneg=1440 ball=31.85 vball=9.41 aball=40.7 bref=0.00 pid=158.4 pref=550.6 ppos=534.7 apid=0.0 integ=20.6 vision=1 current=1 vframe=620 vs=1 vage=25 vpage=25 vdt=33 vmax=65 vacc=619 vrej=0 seq=0 elapsed=0 oled=3C
[   9261] STATUS mode=3 fault=none enc=684 denc=0 sreq=105 sapplied=105 crate=105 uimp=537520 upos=6445 uneg=1440 ball=32.01 vball=8.03 aball=40.7 bref=0.00 pid=104.6 pref=548.0 ppos=537.5 apid=0.0 integ=20.6 vision=1 current=1 vframe=621 vs=1 vage=11 vpage=11 vdt=34 vmax=65 vacc=620 vrej=0 seq=0 elapsed=0 oled=3C
[   9287] STATUS mode=3 fault=none enc=686 denc=0 sreq=31 sapplied=31 crate=31 uimp=540410 upos=6485 uneg=1440 ball=32.03 vball=5.80 aball=40.7 bref=0.00 pid=31.4 pref=543.5 ppos=540.4 apid=0.0 integ=20.6 vision=1 current=1 vframe=622 vs=1 vage=18 vpage=18 vdt=33 vmax=65 vacc=621 vrej=0 seq=0 elapsed=0 oled=3C
[   9313] STATUS mode=3 fault=none enc=687 denc=-1 sreq=0 sapplied=0 crate=-13 uimp=540990 upos=6505 uneg=1440 ball=32.00 vball=3.88 aball=-2.5 bref=0.00 pid=-13.2 pref=539.7 ppos=541.0 apid=-0.0 integ=20.6 vision=1 current=1 vframe=623 vs=1 vage=5 vpage=5 vdt=33 vmax=65 vacc=622 vrej=0 seq=0 elapsed=0 oled=3C
[   9340] STATUS mode=3 fault=none enc=687 denc=-1 sreq=0 sapplied=0 crate=-13 uimp=540990 upos=6505 uneg=1440 ball=32.00 vball=3.88 aball=-2.5 bref=0.00 pid=-13.2 pref=539.7 ppos=541.0 apid=-0.0 integ=20.6 vision=1 current=1 vframe=623 vs=1 vage=25 vpage=25 vdt=33 vmax=65 vacc=622 vrej=0 seq=0 elapsed=0 oled=3C
[   9367] STATUS mode=3 fault=none enc=688 denc=0 sreq=-33 sapplied=-33 crate=-33 uimp=540230 upos=6505 uneg=1460 ball=31.98 vball=2.51 aball=-2.5 bref=0.00 pid=-33.2 pref=536.9 ppos=540.2 apid=-0.0 integ=20.6 vision=1 current=1 vframe=624 vs=1 vage=31 vpage=31 vdt=34 vmax=65 vacc=623 vrej=0 seq=0 elapsed=0 oled=3C
[   9393] STATUS mode=3 fault=none enc=687 denc=0 sreq=-43 sapplied=-43 crate=-43 uimp=539340 upos=6505 uneg=1480 ball=31.95 vball=1.57 aball=-2.5 bref=0.00 pid=-43.5 pref=535.0 ppos=539.3 apid=-0.0 integ=20.6 vision=1 current=1 vframe=625 vs=1 vage=18 vpage=18 vdt=33 vmax=65 vacc=624 vrej=0 seq=0 elapsed=0 oled=3C
[   9420] STATUS mode=3 fault=none enc=686 denc=1 sreq=-48 sapplied=-48 crate=-48 uimp=538540 upos=6505 uneg=1500 ball=31.94 vball=0.97 aball=-14.5 bref=0.00 pid=-47.6 pref=533.8 ppos=538.5 apid=-0.0 integ=20.6 vision=1 current=1 vframe=626 vs=1 vage=5 vpage=5 vdt=33 vmax=65 vacc=625 vrej=0 seq=0 elapsed=0 oled=3C
[   9447] STATUS mode=3 fault=none enc=683 denc=-1 sreq=-39 sapplied=-39 crate=-39 uimp=536895 upos=6505 uneg=1540 ball=31.93 vball=0.60 aball=-14.5 bref=0.00 pid=-38.7 pref=533.0 ppos=536.9 apid=-0.0 integ=20.6 vision=1 current=1 vframe=627 vs=1 vage=11 vpage=11 vdt=34 vmax=65 vacc=626 vrej=0 seq=0 elapsed=0 oled=3C
[   9474] STATUS mode=3 fault=none enc=683 denc=0 sreq=-31 sapplied=-31 crate=-31 uimp=536175 upos=6505 uneg=1560 ball=31.93 vball=0.60 aball=-14.5 bref=0.00 pid=-31.5 pref=533.0 ppos=536.2 apid=-0.0 integ=20.6 vision=1 current=1 vframe=627 vs=1 vage=31 vpage=31 vdt=34 vmax=65 vacc=626 vrej=0 seq=0 elapsed=0 oled=3C
[   9501] STATUS mode=3 fault=none enc=682 denc=0 sreq=-30 sapplied=-30 crate=-30 uimp=535525 upos=6505 uneg=1580 ball=31.92 vball=0.36 aball=-14.5 bref=0.00 pid=-29.9 pref=532.5 ppos=535.5 apid=-0.0 integ=20.6 vision=1 current=1 vframe=628 vs=1 vage=18 vpage=18 vdt=33 vmax=65 vacc=627 vrej=0 seq=0 elapsed=0 oled=3C
[   9528] STATUS mode=3 fault=none enc=681 denc=1 sreq=-20 sapplied=-20 crate=-20 uimp=534520 upos=6505 uneg=1620 ball=31.92 vball=0.36 aball=-14.5 bref=0.00 pid=-19.8 pref=532.5 ppos=534.5 apid=-0.0 integ=20.6 vision=1 current=0 vframe=629 vs=0 vage=58 vpage=26 vdt=33 vmax=65 vacc=627 vrej=0 seq=0 elapsed=0 oled=3C
[   9554] STATUS mode=3 fault=none enc=681 denc=0 sreq=0 sapplied=0 crate=16 uimp=534420 upos=6505 uneg=1625 ball=31.90 vball=0.02 aball=-11.2 bref=0.00 pid=16.2 pref=536.0 ppos=534.4 apid=-0.0 integ=24.8 vision=1 current=1 vframe=630 vs=1 vage=12 vpage=12 vdt=66 vmax=66 vacc=628 vrej=0 seq=0 elapsed=0 oled=3C
[   9580] STATUS mode=3 fault=none enc=681 denc=0 sreq=0 sapplied=0 crate=16 uimp=534420 upos=6505 uneg=1625 ball=31.26 vball=-6.05 aball=-11.2 bref=0.00 pid=16.2 pref=536.0 ppos=534.4 apid=-0.0 integ=24.8 vision=1 current=1 vframe=631 vs=1 vage=1 vpage=1 vdt=31 vmax=66 vacc=629 vrej=0 seq=0 elapsed=0 oled=3C
[   9607] STATUS mode=3 fault=none enc=677 denc=-1 sreq=-149 sapplied=-149 crate=-149 uimp=530755 upos=6505 uneg=1660 ball=30.67 vball=-9.36 aball=-11.2 bref=0.00 pid=-149.5 pref=515.8 ppos=530.8 apid=-0.0 integ=24.8 vision=1 current=1 vframe=632 vs=1 vage=8 vpage=8 vdt=33 vmax=66 vacc=630 vrej=0 seq=0 elapsed=0 oled=3C
[   9635] STATUS mode=3 fault=none enc=674 denc=-1 sreq=-122 sapplied=-122 crate=-122 uimp=527985 upos=6505 uneg=1680 ball=30.67 vball=-9.36 aball=-11.2 bref=0.00 pid=-121.8 pref=515.8 ppos=528.0 apid=-0.0 integ=24.8 vision=1 current=1 vframe=632 vs=1 vage=28 vpage=28 vdt=33 vmax=66 vacc=630 vrej=0 seq=0 elapsed=0 oled=3C
[   9662] STATUS mode=3 fault=none enc=671 denc=-1 sreq=-78 sapplied=-78 crate=-78 uimp=525950 upos=6505 uneg=1700 ball=30.49 vball=-8.09 aball=-43.4 bref=0.00 pid=-78.2 pref=518.1 ppos=526.0 apid=-0.0 integ=24.8 vision=1 current=1 vframe=633 vs=1 vage=14 vpage=14 vdt=34 vmax=66 vacc=631 vrej=0 seq=0 elapsed=0 oled=3C
[   9688] STATUS mode=3 fault=none enc=668 denc=0 sreq=0 sapplied=0 crate=-19 uimp=524180 upos=6505 uneg=1725 ball=30.46 vball=-6.02 aball=-43.4 bref=0.00 pid=-19.5 pref=522.2 ppos=524.2 apid=-0.0 integ=24.8 vision=1 current=1 vframe=634 vs=1 vage=21 vpage=21 vdt=33 vmax=66 vacc=632 vrej=0 seq=0 elapsed=0 oled=3C
[   9715] STATUS mode=3 fault=none enc=668 denc=0 sreq=0 sapplied=0 crate=19 uimp=524180 upos=6505 uneg=1725 ball=30.47 vball=-4.11 aball=-43.4 bref=0.00 pid=18.9 pref=526.1 ppos=524.2 apid=-0.0 integ=24.8 vision=1 current=1 vframe=635 vs=1 vage=8 vpage=8 vdt=33 vmax=66 vacc=633 vrej=0 seq=0 elapsed=0 oled=3C
[   9741] STATUS mode=3 fault=none enc=668 denc=0 sreq=0 sapplied=0 crate=19 uimp=524180 upos=6505 uneg=1725 ball=30.47 vball=-4.11 aball=-43.4 bref=0.00 pid=18.9 pref=526.1 ppos=524.2 apid=-0.0 integ=24.8 vision=1 current=1 vframe=635 vs=1 vage=28 vpage=28 vdt=33 vmax=66 vacc=633 vrej=0 seq=0 elapsed=0 oled=3C
[   9767] STATUS mode=3 fault=none enc=668 denc=0 sreq=37 sapplied=37 crate=37 uimp=525250 upos=6530 uneg=1725 ball=30.52 vball=-1.71 aball=0.4 bref=0.00 pid=36.6 pref=528.9 ppos=525.3 apid=0.0 integ=24.8 vision=1 current=1 vframe=637 vs=1 vage=1 vpage=1 vdt=33 vmax=66 vacc=635 vrej=0 seq=0 elapsed=0 oled=3C
[   9793] STATUS mode=3 fault=none enc=669 denc=0 sreq=47 sapplied=47 crate=47 uimp=526220 upos=6550 uneg=1725 ball=30.52 vball=-1.71 aball=0.4 bref=0.00 pid=47.1 pref=530.9 ppos=526.2 apid=0.0 integ=24.8 vision=1 current=1 vframe=637 vs=1 vage=21 vpage=21 vdt=33 vmax=66 vacc=635 vrej=0 seq=0 elapsed=0 oled=3C
[   9820] STATUS mode=3 fault=none enc=671 denc=1 sreq=58 sapplied=58 crate=58 uimp=527090 upos=6570 uneg=1725 ball=30.57 vball=-0.75 aball=0.4 bref=0.00 pid=58.2 pref=532.9 ppos=527.1 apid=0.0 integ=24.8 vision=1 current=1 vframe=638 vs=1 vage=5 vpage=5 vdt=36 vmax=66 vacc=636 vrej=0 seq=0 elapsed=0 oled=3C
[   9846] STATUS mode=3 fault=none enc=673 denc=0 sreq=47 sapplied=47 crate=47 uimp=529135 upos=6610 uneg=1725 ball=30.59 vball=-0.30 aball=11.0 bref=0.00 pid=47.0 pref=533.8 ppos=529.1 apid=0.0 integ=24.8 vision=1 current=1 vframe=639 vs=1 vage=14 vpage=14 vdt=31 vmax=66 vacc=637 vrej=0 seq=0 elapsed=0 oled=3C
[   9872] STATUS mode=3 fault=none enc=674 denc=0 sreq=38 sapplied=38 crate=38 uimp=530005 upos=6630 uneg=1725 ball=30.59 vball=-0.30 aball=11.0 bref=0.00 pid=38.3 pref=533.8 ppos=530.0 apid=0.0 integ=24.8 vision=1 current=1 vframe=639 vs=1 vage=34 vpage=34 vdt=31 vmax=66 vacc=637 vrej=0 seq=0 elapsed=0 oled=3C
[   9899] STATUS mode=3 fault=none enc=675 denc=0 sreq=34 sapplied=34 crate=34 uimp=530765 upos=6650 uneg=1725 ball=30.60 vball=-0.12 aball=11.0 bref=0.00 pid=34.4 pref=534.2 ppos=530.8 apid=0.0 integ=24.8 vision=1 current=1 vframe=640 vs=1 vage=20 vpage=20 vdt=34 vmax=66 vacc=638 vrej=0 seq=0 elapsed=0 oled=3C
[   9925] STATUS mode=3 fault=none enc=676 denc=0 sreq=24 sapplied=24 crate=24 uimp=531950 upos=6690 uneg=1725 ball=30.61 vball=-0.05 aball=11.0 bref=0.00 pid=24.0 pref=534.4 ppos=532.0 apid=0.0 integ=24.8 vision=1 current=1 vframe=641 vs=1 vage=26 vpage=26 vdt=34 vmax=66 vacc=639 vrej=0 seq=0 elapsed=0 oled=3C
[   9952] STATUS mode=3 fault=none enc=677 denc=1 sreq=40 sapplied=40 crate=40 uimp=532505 upos=6710 uneg=1725 ball=30.61 vball=-0.02 aball=7.3 bref=0.00 pid=39.9 pref=536.5 ppos=532.5 apid=0.0 integ=26.9 vision=1 current=1 vframe=642 vs=1 vage=12 vpage=12 vdt=34 vmax=66 vacc=640 vrej=0 seq=0 elapsed=0 oled=3C
[   9978] STATUS mode=3 fault=none enc=678 denc=0 sreq=33 sapplied=33 crate=33 uimp=533245 upos=6730 uneg=1725 ball=30.62 vball=0.01 aball=7.3 bref=0.00 pid=32.5 pref=536.5 ppos=533.2 apid=0.0 integ=26.9 vision=1 current=1 vframe=643 vs=1 vage=1 vpage=1 vdt=31 vmax=66 vacc=641 vrej=0 seq=0 elapsed=0 oled=3C
[  10004] STATUS mode=3 fault=none enc=678 denc=0 sreq=43 sapplied=43 crate=43 uimp=534135 upos=6750 uneg=1725 ball=30.62 vball=0.01 aball=7.3 bref=0.00 pid=43.3 pref=538.5 ppos=534.1 apid=0.0 integ=28.8 vision=1 current=1 vframe=643 vs=1 vage=21 vpage=21 vdt=31 vmax=66 vacc=641 vrej=0 seq=0 elapsed=0 oled=3C
[  10030] STATUS mode=3 fault=none enc=681 denc=0 sreq=46 sapplied=46 crate=46 uimp=535990 upos=6790 uneg=1725 ball=30.62 vball=0.05 aball=7.3 bref=0.00 pid=46.4 pref=540.6 ppos=536.0 apid=0.0 integ=30.9 vision=1 current=1 vframe=644 vs=1 vage=27 vpage=27 vdt=34 vmax=66 vacc=642 vrej=0 seq=0 elapsed=0 oled=3C
[  10056] STATUS mode=3 fault=none enc=682 denc=0 sreq=44 sapplied=44 crate=44 uimp=536910 upos=6810 uneg=1725 ball=30.55 vball=-0.60 aball=1.3 bref=0.00 pid=43.5 pref=541.3 ppos=536.9 apid=0.0 integ=32.9 vision=1 current=1 vframe=645 vs=1 vage=14 vpage=14 vdt=33 vmax=66 vacc=643 vrej=0 seq=0 elapsed=0 oled=3C
[  10083] STATUS mode=3 fault=none enc=683 denc=1 sreq=35 sapplied=35 crate=35 uimp=537715 upos=6830 uneg=1725 ball=30.55 vball=-0.60 aball=1.3 bref=0.00 pid=35.5 pref=541.3 ppos=537.7 apid=0.0 integ=32.9 vision=1 current=1 vframe=645 vs=1 vage=34 vpage=34 vdt=33 vmax=66 vacc=643 vrej=0 seq=0 elapsed=0 oled=3C
[  10109] STATUS mode=3 fault=none enc=683 denc=0 sreq=0 sapplied=0 crate=0 uimp=537890 upos=6835 uneg=1725 ball=30.09 vball=-3.77 aball=1.3 bref=0.00 pid=0.0 pref=538.4 ppos=537.9 apid=0.0 integ=36.9 vision=1 current=1 vframe=647 vs=1 vage=7 vpage=7 vdt=33 vmax=66 vacc=645 vrej=0 seq=0 elapsed=0 oled=3C
[  10134] STATUS mode=3 fault=none enc=683 denc=0 sreq=0 sapplied=0 crate=0 uimp=537890 upos=6835 uneg=1725 ball=30.09 vball=-3.77 aball=1.3 bref=0.00 pid=0.0 pref=538.4 ppos=537.9 apid=0.0 integ=36.9 vision=1 current=1 vframe=647 vs=1 vage=27 vpage=27 vdt=33 vmax=66 vacc=645 vrej=0 seq=0 elapsed=0 oled=3C
[  10161] STATUS mode=3 fault=none enc=683 denc=0 sreq=50 sapplied=50 crate=50 uimp=538150 upos=6840 uneg=1725 ball=30.10 vball=-2.51 aball=-7.6 bref=0.00 pid=49.6 pref=543.1 ppos=538.2 apid=-0.0 integ=39.1 vision=1 current=1 vframe=648 vs=1 vage=11 vpage=11 vdt=36 vmax=66 vacc=646 vrej=0 seq=0 elapsed=0 oled=3C
[  10188] STATUS mode=3 fault=none enc=687 denc=1 sreq=96 sapplied=96 crate=96 uimp=540150 upos=6880 uneg=1725 ball=30.24 vball=-0.54 aball=-7.6 bref=0.00 pid=95.5 pref=549.7 ppos=540.2 apid=-0.0 integ=41.6 vision=1 current=1 vframe=649 vs=1 vage=10 vpage=10 vdt=41 vmax=66 vacc=647 vrej=0 seq=0 elapsed=0 oled=3C
[  10214] STATUS mode=3 fault=none enc=688 denc=1 sreq=92 sapplied=92 crate=92 uimp=542080 upos=6900 uneg=1725 ball=30.27 vball=-0.20 aball=-7.6 bref=0.00 pid=91.8 pref=551.3 ppos=542.1 apid=-0.0 integ=42.4 vision=1 current=1 vframe=650 vs=1 vage=16 vpage=16 vdt=14 vmax=66 vacc=648 vrej=0 seq=0 elapsed=0 oled=3C
[  10240] STATUS mode=3 fault=none enc=690 denc=1 sreq=96 sapplied=96 crate=96 uimp=543895 upos=6920 uneg=1725 ball=30.30 vball=0.13 aball=10.5 bref=0.00 pid=96.4 pref=553.5 ppos=543.9 apid=0.0 integ=44.0 vision=1 current=1 vframe=651 vs=1 vage=10 vpage=10 vdt=26 vmax=66 vacc=649 vrej=0 seq=0 elapsed=0 oled=3C
[  10267] STATUS mode=3 fault=none enc=695 denc=0 sreq=83 sapplied=83 crate=83 uimp=547355 upos=6960 uneg=1725 ball=30.31 vball=0.14 aball=10.5 bref=0.00 pid=83.3 pref=555.7 ppos=547.4 apid=0.0 integ=46.1 vision=1 current=1 vframe=652 vs=1 vage=15 vpage=15 vdt=35 vmax=66 vacc=650 vrej=0 seq=0 elapsed=0 oled=3C
[  10293] STATUS mode=3 fault=none enc=697 denc=1 sreq=170 sapplied=170 crate=170 uimp=548895 upos=6980 uneg=1725 ball=30.94 vball=4.86 aball=10.5 bref=0.00 pid=169.9 pref=565.9 ppos=548.9 apid=0.0 integ=46.1 vision=1 current=1 vframe=653 vs=1 vage=4 vpage=4 vdt=31 vmax=66 vacc=651 vrej=0 seq=0 elapsed=0 oled=3C
[  10320] STATUS mode=3 fault=none enc=699 denc=0 sreq=138 sapplied=138 crate=138 uimp=552045 upos=7000 uneg=1725 ball=30.94 vball=4.86 aball=10.5 bref=0.00 pid=138.4 pref=565.9 ppos=552.0 apid=0.0 integ=46.1 vision=1 current=1 vframe=653 vs=1 vage=24 vpage=24 vdt=31 vmax=66 vacc=651 vrej=0 seq=0 elapsed=0 oled=3C
[  10346] STATUS mode=3 fault=none enc=704 denc=0 sreq=61 sapplied=61 crate=61 uimp=555800 upos=7040 uneg=1725 ball=30.88 vball=2.89 aball=18.3 bref=0.00 pid=60.7 pref=561.9 ppos=555.8 apid=0.0 integ=46.1 vision=1 current=1 vframe=654 vs=1 vage=31 vpage=31 vdt=33 vmax=66 vacc=652 vrej=0 seq=0 elapsed=0 oled=3C
[  10372] STATUS mode=3 fault=none enc=706 denc=1 sreq=49 sapplied=49 crate=49 uimp=556930 upos=7060 uneg=1725 ball=30.88 vball=2.89 aball=18.3 bref=0.00 pid=49.4 pref=561.9 ppos=556.9 apid=0.0 integ=46.1 vision=1 current=0 vframe=655 vs=0 vage=51 vpage=19 vdt=33 vmax=66 vacc=652 vrej=0 seq=0 elapsed=0 oled=3C
[  10399] STATUS mode=3 fault=none enc=707 denc=1 sreq=0 sapplied=0 crate=10 uimp=557845 upos=7080 uneg=1725 ball=30.84 vball=1.41 aball=18.3 bref=0.00 pid=10.2 pref=558.9 ppos=557.8 apid=0.0 integ=46.1 vision=1 current=1 vframe=656 vs=1 vage=4 vpage=4 vdt=67 vmax=67 vacc=653 vrej=0 seq=0 elapsed=0 oled=3C
[  10425] STATUS mode=3 fault=none enc=708 denc=0 sreq=0 sapplied=0 crate=10 uimp=557845 upos=7080 uneg=1725 ball=30.84 vball=1.41 aball=18.3 bref=0.00 pid=10.2 pref=558.9 ppos=557.8 apid=0.0 integ=46.1 vision=1 current=1 vframe=656 vs=1 vage=24 vpage=24 vdt=67 vmax=67 vacc=653 vrej=0 seq=0 elapsed=0 oled=3C
[  10452] STATUS mode=3 fault=none enc=708 denc=0 sreq=-36 sapplied=-36 crate=-36 uimp=557025 upos=7080 uneg=1745 ball=30.61 vball=-1.16 aball=-8.2 bref=0.00 pid=-35.8 pref=553.4 ppos=557.0 apid=-0.0 integ=46.1 vision=1 current=1 vframe=657 vs=1 vage=31 vpage=31 vdt=33 vmax=67 vacc=654 vrej=0 seq=0 elapsed=0 oled=3C
[  10478] STATUS mode=3 fault=none enc=707 denc=1 sreq=-56 sapplied=-56 crate=-56 uimp=556070 upos=7080 uneg=1765 ball=30.41 vball=-2.52 aball=-8.2 bref=0.00 pid=-55.8 pref=550.5 ppos=556.1 apid=-0.0 integ=46.1 vision=1 current=1 vframe=658 vs=1 vage=17 vpage=17 vdt=34 vmax=67 vacc=655 vrej=0 seq=0 elapsed=0 oled=3C
[  10504] STATUS mode=3 fault=none enc=706 denc=0 sreq=0 sapplied=0 crate=0 uimp=555035 upos=7080 uneg=1785 ball=30.56 vball=-0.38 aball=-8.2 bref=0.00 pid=0.0 pref=554.9 ppos=555.0 apid=-0.0 integ=46.1 vision=1 current=1 vframe=659 vs=1 vage=4 vpage=4 vdt=33 vmax=67 vacc=656 vrej=0 seq=0 elapsed=0 oled=3C
[  10530] STATUS mode=3 fault=none enc=704 denc=0 sreq=55 sapplied=55 crate=55 uimp=555035 upos=7080 uneg=1785 ball=30.73 vball=1.26 aball=6.2 bref=0.00 pid=55.5 pref=560.6 ppos=555.0 apid=0.0 integ=48.3 vision=1 current=1 vframe=660 vs=1 vage=9 vpage=9 vdt=35 vmax=67 vacc=657 vrej=0 seq=0 elapsed=0 oled=3C
[  10557] STATUS mode=3 fault=none enc=704 denc=0 sreq=45 sapplied=45 crate=45 uimp=556065 upos=7100 uneg=1785 ball=30.73 vball=1.26 aball=6.2 bref=0.00 pid=45.2 pref=560.6 ppos=556.1 apid=0.0 integ=48.3 vision=1 current=1 vframe=660 vs=1 vage=29 vpage=29 vdt=35 vmax=67 vacc=657 vrej=0 seq=0 elapsed=0 oled=3C
[  10583] STATUS mode=3 fault=none enc=706 denc=1 sreq=37 sapplied=37 crate=37 uimp=556905 upos=7120 uneg=1785 ball=30.73 vball=1.26 aball=6.2 bref=0.00 pid=36.8 pref=560.6 ppos=556.9 apid=0.0 integ=48.3 vision=1 current=0 vframe=661 vs=0 vage=49 vpage=18 vdt=35 vmax=67 vacc=657 vrej=0 seq=0 elapsed=0 oled=3C
[  10609] STATUS mode=3 fault=none enc=708 denc=0 sreq=55 sapplied=55 crate=55 uimp=558830 upos=7160 uneg=1785 ball=30.79 vball=1.04 aball=6.2 bref=0.00 pid=54.5 pref=564.3 ppos=558.8 apid=0.0 integ=52.3 vision=1 current=1 vframe=662 vs=1 vage=23 vpage=23 vdt=66 vmax=67 vacc=658 vrej=0 seq=0 elapsed=0 oled=3C
[  10635] STATUS mode=3 fault=none enc=709 denc=0 sreq=62 sapplied=62 crate=62 uimp=559940 upos=7180 uneg=1785 ball=30.82 vball=0.98 aball=2.1 bref=0.00 pid=62.3 pref=566.2 ppos=559.9 apid=0.0 integ=54.3 vision=1 current=1 vframe=663 vs=1 vage=11 vpage=11 vdt=32 vmax=67 vacc=659 vrej=0 seq=0 elapsed=0 oled=3C
[  10662] STATUS mode=3 fault=none enc=711 denc=1 sreq=51 sapplied=51 crate=51 uimp=561090 upos=7200 uneg=1785 ball=30.82 vball=0.98 aball=2.1 bref=0.00 pid=50.8 pref=566.2 ppos=561.1 apid=0.0 integ=54.3 vision=1 current=1 vframe=663 vs=1 vage=31 vpage=31 vdt=32 vmax=67 vacc=659 vrej=0 seq=0 elapsed=0 oled=3C
[  10688] STATUS mode=3 fault=none enc=713 denc=0 sreq=47 sapplied=47 crate=47 uimp=563270 upos=7240 uneg=1785 ball=31.37 vball=5.92 aball=2.1 bref=0.00 pid=46.7 pref=567.9 ppos=563.3 apid=0.0 integ=56.5 vision=1 current=1 vframe=665 vs=1 vage=2 vpage=2 vdt=33 vmax=67 vacc=661 vrej=0 seq=0 elapsed=0 oled=3C
[  10714] STATUS mode=3 fault=none enc=716 denc=1 sreq=133 sapplied=133 crate=133 uimp=565675 upos=7260 uneg=1785 ball=31.37 vball=5.92 aball=2.1 bref=0.00 pid=132.5 pref=578.9 ppos=565.7 apid=0.0 integ=56.5 vision=1 current=1 vframe=665 vs=1 vage=22 vpage=22 vdt=33 vmax=67 vacc=661 vrej=0 seq=0 elapsed=0 oled=3C
[  10741] STATUS mode=3 fault=none enc=719 denc=1 sreq=158 sapplied=158 crate=158 uimp=568400 upos=7280 uneg=1785 ball=31.85 vball=8.26 aball=33.0 bref=0.00 pid=157.9 pref=584.2 ppos=568.4 apid=0.0 integ=56.5 vision=1 current=1 vframe=666 vs=1 vage=8 vpage=8 vdt=34 vmax=67 vacc=662 vrej=0 seq=0 elapsed=0 oled=3C
[  10767] STATUS mode=3 fault=none enc=726 denc=1 sreq=83 sapplied=83 crate=83 uimp=573470 upos=7320 uneg=1785 ball=31.98 vball=6.95 aball=33.0 bref=0.00 pid=82.5 pref=581.7 ppos=573.5 apid=0.0 integ=56.5 vision=1 current=1 vframe=667 vs=1 vage=15 vpage=15 vdt=33 vmax=67 vacc=663 vrej=0 seq=0 elapsed=0 oled=3C
[  10793] STATUS mode=3 fault=none enc=727 denc=0 sreq=67 sapplied=67 crate=67 uimp=575000 upos=7340 uneg=1785 ball=31.99 vball=4.97 aball=33.0 bref=0.00 pid=67.2 pref=581.7 ppos=575.0 apid=0.0 integ=56.5 vision=1 current=1 vframe=668 vs=1 vage=1 vpage=1 vdt=34 vmax=67 vacc=664 vrej=0 seq=0 elapsed=0 oled=3C
[  10820] STATUS mode=3 fault=none enc=728 denc=0 sreq=21 sapplied=21 crate=21 uimp=575680 upos=7360 uneg=1785 ball=31.99 vball=4.97 aball=33.0 bref=0.00 pid=20.9 pref=577.8 ppos=575.7 apid=0.0 integ=56.5 vision=1 current=1 vframe=668 vs=1 vage=21 vpage=21 vdt=34 vmax=67 vacc=664 vrej=0 seq=0 elapsed=0 oled=3C
[  10846] STATUS mode=3 fault=none enc=729 denc=0 sreq=0 sapplied=0 crate=-14 uimp=575885 upos=7370 uneg=1785 ball=31.97 vball=3.35 aball=-4.0 bref=0.00 pid=-13.8 pref=574.5 ppos=575.9 apid=-0.0 integ=56.5 vision=1 current=1 vframe=669 vs=1 vage=28 vpage=28 vdt=33 vmax=67 vacc=665 vrej=0 seq=0 elapsed=0 oled=3C
[  10873] STATUS mode=3 fault=none enc=729 denc=0 sreq=-36 sapplied=-36 crate=-36 uimp=575695 upos=7370 uneg=1790 ball=31.95 vball=2.14 aball=-4.0 bref=0.00 pid=-36.3 pref=572.1 ppos=575.7 apid=-0.0 integ=56.5 vision=1 current=1 vframe=670 vs=1 vage=15 vpage=15 vdt=33 vmax=67 vacc=666 vrej=0 seq=0 elapsed=0 oled=3C
[  10899] STATUS mode=3 fault=none enc=729 denc=0 sreq=-30 sapplied=-30 crate=-30 uimp=575025 upos=7370 uneg=1810 ball=31.93 vball=1.34 aball=-4.0 bref=0.00 pid=-29.6 pref=572.1 ppos=575.0 apid=-0.0 integ=56.5 vision=1 current=1 vframe=671 vs=1 vage=1 vpage=1 vdt=34 vmax=67 vacc=667 vrej=0 seq=0 elapsed=0 oled=3C
[  10926] STATUS mode=3 fault=none enc=727 denc=-1 sreq=-53 sapplied=-53 crate=-53 uimp=573425 upos=7370 uneg=1850 ball=31.84 vball=0.23 aball=-16.2 bref=0.00 pid=-53.1 pref=568.1 ppos=573.4 apid=-0.0 integ=56.5 vision=1 current=1 vframe=672 vs=1 vage=8 vpage=8 vdt=33 vmax=67 vacc=668 vrej=0 seq=0 elapsed=0 oled=3C
[  10953] STATUS mode=3 fault=none enc=726 denc=-1 sreq=-43 sapplied=-43 crate=-43 uimp=572440 upos=7370 uneg=1870 ball=31.84 vball=0.23 aball=-16.2 bref=0.00 pid=-43.3 pref=568.1 ppos=572.4 apid=-0.0 integ=56.5 vision=1 current=1 vframe=672 vs=1 vage=28 vpage=28 vdt=33 vmax=67 vacc=668 vrej=0 seq=0 elapsed=0 oled=3C
[  10980] STATUS mode=3 fault=none enc=725 denc=-1 sreq=-42 sapplied=-42 crate=-42 uimp=571570 upos=7370 uneg=1890 ball=31.81 vball=-0.12 aball=-16.2 bref=0.00 pid=-41.9 pref=567.4 ppos=571.6 apid=-0.0 integ=56.5 vision=1 current=1 vframe=673 vs=1 vage=15 vpage=15 vdt=33 vmax=67 vacc=669 vrej=0 seq=0 elapsed=0 oled=3C
[  11007] STATUS mode=3 fault=none enc=724 denc=1 sreq=-29 sapplied=-29 crate=-29 uimp=570140 upos=7370 uneg=1930 ball=31.80 vball=-0.17 aball=-16.2 bref=0.00 pid=-28.7 pref=567.3 ppos=570.1 apid=-0.0 integ=56.5 vision=1 current=1 vframe=674 vs=1 vage=22 vpage=22 vdt=33 vmax=67 vacc=670 vrej=0 seq=0 elapsed=0 oled=3C
[  11034] STATUS mode=3 fault=none enc=723 denc=-1 sreq=-23 sapplied=-23 crate=-23 uimp=569610 upos=7370 uneg=1950 ball=31.80 vball=-0.15 aball=-10.6 bref=0.00 pid=-23.0 pref=567.3 ppos=569.6 apid=-0.0 integ=56.5 vision=1 current=1 vframe=675 vs=1 vage=9 vpage=9 vdt=33 vmax=67 vacc=671 vrej=0 seq=0 elapsed=0 oled=3C
[  11060] STATUS mode=3 fault=none enc=723 denc=0 sreq=0 sapplied=0 crate=-19 uimp=569180 upos=7370 uneg=1970 ball=31.80 vball=-0.15 aball=-10.6 bref=0.00 pid=-18.7 pref=567.3 ppos=569.2 apid=-0.0 integ=56.5 vision=1 current=1 vframe=675 vs=1 vage=29 vpage=29 vdt=33 vmax=67 vacc=671 vrej=0 seq=0 elapsed=0 oled=3C
[  11087] STATUS mode=3 fault=none enc=722 denc=0 sreq=25 sapplied=0 crate=25 uimp=569180 upos=7370 uneg=1970 ball=31.80 vball=-0.07 aball=-10.6 bref=0.00 pid=24.8 pref=571.7 ppos=569.2 apid=-0.0 integ=60.7 vision=1 current=1 vframe=677 vs=1 vage=3 vpage=3 vdt=33 vmax=67 vacc=673 vrej=0 seq=0 elapsed=0 oled=3C
[  11113] STATUS mode=3 fault=none enc=722 denc=0 sreq=21 sapplied=21 crate=21 uimp=569535 upos=7385 uneg=1970 ball=31.80 vball=-0.07 aball=-10.6 bref=0.00 pid=21.3 pref=571.7 ppos=569.5 apid=-0.0 integ=60.7 vision=1 current=1 vframe=677 vs=1 vage=23 vpage=23 vdt=33 vmax=67 vacc=673 vrej=0 seq=0 elapsed=0 oled=3C
[  11140] STATUS mode=3 fault=none enc=723 denc=-1 sreq=39 sapplied=39 crate=39 uimp=569945 upos=7400 uneg=1970 ball=31.80 vball=-0.05 aball=-5.4 bref=0.00 pid=38.6 pref=573.8 ppos=569.9 apid=-0.0 integ=62.8 vision=1 current=1 vframe=678 vs=1 vage=10 vpage=10 vdt=33 vmax=67 vacc=674 vrej=0 seq=0 elapsed=0 oled=3C
[  11166] STATUS mode=3 fault=none enc=724 denc=0 sreq=45 sapplied=45 crate=45 uimp=571460 upos=7440 uneg=1970 ball=31.80 vball=-0.03 aball=-5.4 bref=0.00 pid=45.4 pref=576.0 ppos=571.5 apid=-0.0 integ=65.0 vision=1 current=1 vframe=679 vs=1 vage=16 vpage=16 vdt=34 vmax=67 vacc=675 vrej=0 seq=0 elapsed=0 oled=3C
[  11193] STATUS mode=3 fault=none enc=726 denc=0 sreq=57 sapplied=57 crate=57 uimp=572300 upos=7460 uneg=1970 ball=31.80 vball=-0.02 aball=-5.4 bref=0.00 pid=57.0 pref=578.0 ppos=572.3 apid=-0.0 integ=67.0 vision=1 current=1 vframe=680 vs=1 vage=5 vpage=5 vdt=31 vmax=67 vacc=676 vrej=0 seq=0 elapsed=0 oled=3C
[  11219] STATUS mode=3 fault=none enc=727 denc=0 sreq=46 sapplied=46 crate=46 uimp=573355 upos=7480 uneg=1970 ball=31.80 vball=-0.02 aball=-5.4 bref=0.00 pid=46.4 pref=578.0 ppos=573.4 apid=-0.0 integ=67.0 vision=1 current=1 vframe=680 vs=1 vage=25 vpage=25 vdt=31 vmax=67 vacc=676 vrej=0 seq=0 elapsed=0 oled=3C
[  11246] STATUS mode=3 fault=none enc=727 denc=0 sreq=-74 sapplied=-74 crate=-74 uimp=572325 upos=7495 uneg=1990 ball=31.14 vball=-6.18 aball=-31.1 bref=0.00 pid=-74.4 pref=564.9 ppos=572.3 apid=-0.0 integ=67.0 vision=1 current=1 vframe=681 vs=1 vage=12 vpage=12 vdt=33 vmax=67 vacc=677 vrej=0 seq=0 elapsed=0 oled=3C
[  11274] STATUS mode=3 fault=none enc=725 denc=0 sreq=-128 sapplied=-128 crate=-128 uimp=569825 upos=7495 uneg=2010 ball=30.53 vball=-9.74 aball=-31.1 bref=0.00 pid=-127.9 pref=557.0 ppos=569.8 apid=-0.0 integ=67.0 vision=1 current=1 vframe=682 vs=1 vage=19 vpage=19 vdt=33 vmax=67 vacc=678 vrej=0 seq=0 elapsed=0 oled=3C
[  11300] STATUS mode=3 fault=none enc=721 denc=-1 sreq=-81 sapplied=-81 crate=-81 uimp=567450 upos=7495 uneg=2030 ball=30.34 vball=-8.48 aball=-31.1 bref=0.00 pid=-81.3 pref=559.3 ppos=567.4 apid=-0.0 integ=67.0 vision=1 current=1 vframe=683 vs=1 vage=5 vpage=5 vdt=34 vmax=67 vacc=679 vrej=0 seq=0 elapsed=0 oled=3C
[  11327] STATUS mode=3 fault=none enc=718 denc=-1 sreq=0 sapplied=0 crate=-13 uimp=565000 upos=7495 uneg=2065 ball=30.31 vball=-6.27 aball=-17.5 bref=0.00 pid=-12.9 pref=563.7 ppos=565.0 apid=-0.0 integ=67.0 vision=1 current=1 vframe=684 vs=1 vage=12 vpage=12 vdt=33 vmax=67 vacc=680 vrej=0 seq=0 elapsed=0 oled=3C
[  11354] STATUS mode=3 fault=none enc=718 denc=0 sreq=0 sapplied=0 crate=-13 uimp=565000 upos=7495 uneg=2065 ball=30.31 vball=-6.27 aball=-17.5 bref=0.00 pid=-12.9 pref=563.7 ppos=565.0 apid=-0.0 integ=67.0 vision=1 current=1 vframe=684 vs=1 vage=32 vpage=32 vdt=33 vmax=67 vacc=680 vrej=0 seq=0 elapsed=0 oled=3C
[  11380] STATUS mode=3 fault=none enc=718 denc=0 sreq=27 sapplied=27 crate=27 uimp=565295 upos=7505 uneg=2065 ball=30.34 vball=-4.12 aball=-17.5 bref=0.00 pid=27.5 pref=568.0 ppos=565.3 apid=-0.0 integ=67.0 vision=1 current=1 vframe=685 vs=1 vage=20 vpage=20 vdt=32 vmax=67 vacc=681 vrej=0 seq=0 elapsed=0 oled=3C
[  11407] STATUS mode=3 fault=none enc=719 denc=0 sreq=42 sapplied=42 crate=42 uimp=566765 upos=7545 uneg=2065 ball=30.36 vball=-2.66 aball=-17.5 bref=0.00 pid=42.2 pref=571.0 ppos=566.8 apid=-0.0 integ=67.0 vision=1 current=1 vframe=686 vs=1 vage=25 vpage=25 vdt=35 vmax=67 vacc=682 vrej=0 seq=0 elapsed=0 oled=3C
[  11433] STATUS mode=3 fault=none enc=720 denc=1 sreq=51 sapplied=51 crate=51 uimp=567635 upos=7565 uneg=2065 ball=30.37 vball=-1.80 aball=10.3 bref=0.00 pid=50.8 pref=572.7 ppos=567.6 apid=0.0 integ=67.0 vision=1 current=1 vframe=687 vs=1 vage=11 vpage=11 vdt=34 vmax=67 vacc=683 vrej=0 seq=0 elapsed=0 oled=3C
[  11460] STATUS mode=3 fault=none enc=721 denc=0 sreq=41 sapplied=41 crate=41 uimp=568580 upos=7585 uneg=2065 ball=30.37 vball=-1.80 aball=10.3 bref=0.00 pid=41.4 pref=572.7 ppos=568.6 apid=0.0 integ=67.0 vision=1 current=1 vframe=687 vs=1 vage=31 vpage=31 vdt=34 vmax=67 vacc=683 vrej=0 seq=0 elapsed=0 oled=3C
[  11486] STATUS mode=3 fault=none enc=723 denc=1 sreq=0 sapplied=0 crate=0 uimp=570225 upos=7625 uneg=2065 ball=30.20 vball=-2.83 aball=10.3 bref=0.00 pid=0.0 pref=570.5 ppos=570.2 apid=0.0 integ=67.0 vision=1 current=1 vframe=689 vs=1 vage=4 vpage=4 vdt=34 vmax=67 vacc=685 vrej=0 seq=0 elapsed=0 oled=3C
[  11511] STATUS mode=3 fault=none enc=723 denc=0 sreq=0 sapplied=0 crate=0 uimp=570225 upos=7625 uneg=2065 ball=30.20 vball=-2.83 aball=10.3 bref=0.00 pid=0.0 pref=570.5 ppos=570.2 apid=0.0 integ=67.0 vision=1 current=1 vframe=689 vs=1 vage=24 vpage=24 vdt=34 vmax=67 vacc=685 vrej=0 seq=0 elapsed=0 oled=3C
[  11538] STATUS mode=3 fault=none enc=723 denc=0 sreq=0 sapplied=0 crate=0 uimp=570225 upos=7625 uneg=2065 ball=30.03 vball=-3.32 aball=-1.2 bref=0.00 pid=0.0 pref=569.3 ppos=570.2 apid=-0.0 integ=67.0 vision=1 current=1 vframe=690 vs=1 vage=11 vpage=11 vdt=33 vmax=67 vacc=686 vrej=0 seq=0 elapsed=0 oled=3C
[  11564] STATUS mode=3 fault=none enc=723 denc=0 sreq=0 sapplied=0 crate=0 uimp=570225 upos=7625 uneg=2065 ball=30.03 vball=-3.32 aball=-1.2 bref=0.00 pid=0.0 pref=569.3 ppos=570.2 apid=-0.0 integ=67.0 vision=1 current=1 vframe=690 vs=1 vage=31 vpage=31 vdt=33 vmax=67 vacc=686 vrej=0 seq=0 elapsed=0 oled=3C
[  11590] STATUS mode=3 fault=none enc=723 denc=0 sreq=68 sapplied=68 crate=68 uimp=571390 upos=7660 uneg=2065 ball=30.36 vball=0.94 aball=-1.2 bref=0.00 pid=68.0 pref=578.2 ppos=571.4 apid=-0.0 integ=67.0 vision=1 current=1 vframe=692 vs=1 vage=6 vpage=6 vdt=32 vmax=67 vacc=688 vrej=0 seq=0 elapsed=0 oled=3C
[  11617] STATUS mode=3 fault=none enc=725 denc=1 sreq=55 sapplied=55 crate=55 uimp=572650 upos=7680 uneg=2065 ball=30.36 vball=0.94 aball=-1.2 bref=0.00 pid=55.4 pref=578.2 ppos=572.6 apid=-0.0 integ=67.0 vision=1 current=1 vframe=692 vs=1 vage=26 vpage=26 vdt=32 vmax=67 vacc=688 vrej=0 seq=0 elapsed=0 oled=3C
[  11643] STATUS mode=3 fault=none enc=727 denc=1 sreq=68 sapplied=68 crate=68 uimp=573795 upos=7700 uneg=2065 ball=30.41 vball=1.03 aball=18.9 bref=0.00 pid=67.6 pref=580.6 ppos=573.8 apid=0.0 integ=69.1 vision=1 current=1 vframe=693 vs=1 vage=11 vpage=11 vdt=35 vmax=67 vacc=689 vrej=0 seq=0 elapsed=0 oled=3C
[  11669] STATUS mode=3 fault=none enc=729 denc=0 sreq=65 sapplied=65 crate=65 uimp=576290 upos=7740 uneg=2065 ball=30.45 vball=1.10 aball=18.9 bref=0.00 pid=65.3 pref=582.8 ppos=576.3 apid=0.0 integ=71.1 vision=1 current=1 vframe=694 vs=1 vage=17 vpage=17 vdt=34 vmax=67 vacc=690 vrej=0 seq=0 elapsed=0 oled=3C
[  11695] STATUS mode=3 fault=none enc=731 denc=1 sreq=68 sapplied=68 crate=68 uimp=577500 upos=7760 uneg=2065 ball=30.46 vball=0.84 aball=18.9 bref=0.00 pid=68.2 pref=584.3 ppos=577.5 apid=0.0 integ=73.2 vision=1 current=1 vframe=695 vs=1 vage=4 vpage=4 vdt=33 vmax=67 vacc=691 vrej=0 seq=0 elapsed=0 oled=3C
[  11722] STATUS mode=3 fault=none enc=733 denc=1 sreq=56 sapplied=56 crate=56 uimp=578765 upos=7780 uneg=2065 ball=30.46 vball=0.84 aball=18.9 bref=0.00 pid=55.5 pref=584.3 ppos=578.8 apid=0.0 integ=73.2 vision=1 current=1 vframe=695 vs=1 vage=24 vpage=24 vdt=33 vmax=67 vacc=691 vrej=0 seq=0 elapsed=0 oled=3C
[  11748] STATUS mode=3 fault=none enc=736 denc=1 sreq=48 sapplied=48 crate=48 uimp=580985 upos=7820 uneg=2065 ball=30.46 vball=0.59 aball=8.4 bref=0.00 pid=48.4 pref=585.8 ppos=581.0 apid=0.0 integ=75.2 vision=1 current=1 vframe=696 vs=1 vage=31 vpage=31 vdt=33 vmax=67 vacc=692 vrej=0 seq=0 elapsed=0 oled=3C
[  11774] STATUS mode=3 fault=none enc=737 denc=-1 sreq=53 sapplied=53 crate=53 uimp=582110 upos=7840 uneg=2065 ball=30.45 vball=0.39 aball=8.4 bref=0.00 pid=53.2 pref=587.4 ppos=582.1 apid=0.0 integ=77.2 vision=1 current=1 vframe=697 vs=1 vage=18 vpage=18 vdt=33 vmax=67 vacc=693 vrej=0 seq=0 elapsed=0 oled=3C
[  11800] STATUS mode=3 fault=none enc=738 denc=0 sreq=61 sapplied=61 crate=61 uimp=583100 upos=7860 uneg=2065 ball=30.45 vball=0.25 aball=8.4 bref=0.00 pid=61.2 pref=589.2 ppos=583.1 apid=0.0 integ=79.3 vision=1 current=1 vframe=698 vs=1 vage=4 vpage=4 vdt=34 vmax=67 vacc=694 vrej=0 seq=0 elapsed=0 oled=3C
[  11826] STATUS mode=3 fault=none enc=740 denc=0 sreq=0 sapplied=0 crate=0 uimp=584940 upos=7895 uneg=2065 ball=30.14 vball=-2.55 aball=-9.4 bref=0.00 pid=0.0 pref=585.3 ppos=584.9 apid=-0.0 integ=81.3 vision=1 current=1 vframe=699 vs=1 vage=10 vpage=10 vdt=34 vmax=67 vacc=695 vrej=0 seq=0 elapsed=0 oled=3C
[  11852] STATUS mode=3 fault=none enc=740 denc=0 sreq=0 sapplied=0 crate=0 uimp=584940 upos=7895 uneg=2065 ball=30.14 vball=-2.55 aball=-9.4 bref=0.00 pid=0.0 pref=585.3 ppos=584.9 apid=-0.0 integ=81.3 vision=1 current=1 vframe=699 vs=1 vage=30 vpage=30 vdt=34 vmax=67 vacc=695 vrej=0 seq=0 elapsed=0 oled=3C
[  11879] STATUS mode=3 fault=none enc=740 denc=0 sreq=0 sapplied=0 crate=19 uimp=585040 upos=7900 uneg=2065 ball=30.04 vball=-2.64 aball=-9.4 bref=0.00 pid=18.8 pref=586.9 ppos=585.0 apid=-0.0 integ=83.2 vision=1 current=1 vframe=700 vs=1 vage=18 vpage=18 vdt=32 vmax=67 vacc=696 vrej=0 seq=0 elapsed=0 oled=3C
[  11905] STATUS mode=3 fault=none enc=740 denc=0 sreq=50 sapplied=50 crate=50 uimp=585040 upos=7900 uneg=2065 ball=30.02 vball=-2.04 aball=-9.4 bref=0.00 pid=50.3 pref=590.1 ppos=585.0 apid=-0.0 integ=85.2 vision=1 current=1 vframe=701 vs=1 vage=5 vpage=5 vdt=33 vmax=67 vacc=697 vrej=0 seq=0 elapsed=0 oled=3C
[  11932] STATUS mode=3 fault=none enc=743 denc=2 sreq=63 sapplied=63 crate=63 uimp=586885 upos=7940 uneg=2065 ball=30.01 vball=-1.50 aball=-0.4 bref=0.00 pid=63.0 pref=593.2 ppos=586.9 apid=-0.0 integ=87.2 vision=1 current=1 vframe=702 vs=1 vage=11 vpage=11 vdt=34 vmax=67 vacc=698 vrej=0 seq=0 elapsed=0 oled=3C
[  11958] STATUS mode=3 fault=none enc=744 denc=1 sreq=51 sapplied=51 crate=51 uimp=588055 upos=7960 uneg=2065 ball=30.01 vball=-1.50 aball=-0.4 bref=0.00 pid=51.3 pref=593.2 ppos=588.1 apid=-0.0 integ=87.2 vision=1 current=1 vframe=702 vs=1 vage=31 vpage=31 vdt=34 vmax=67 vacc=698 vrej=0 seq=0 elapsed=0 oled=3C
[  11985] STATUS mode=3 fault=none enc=746 denc=-1 sreq=66 sapplied=66 crate=66 uimp=589410 upos=7980 uneg=2065 ball=30.01 vball=-1.06 aball=-0.4 bref=0.00 pid=66.3 pref=596.0 ppos=589.4 apid=-0.0 integ=89.2 vision=1 current=1 vframe=703 vs=1 vage=18 vpage=18 vdt=33 vmax=67 vacc=699 vrej=0 seq=0 elapsed=0 oled=3C
[  12011] STATUS mode=3 fault=none enc=750 denc=0 sreq=66 sapplied=66 crate=66 uimp=592145 upos=8020 uneg=2065 ball=30.02 vball=-0.69 aball=-0.4 bref=0.00 pid=66.3 pref=598.8 ppos=592.1 apid=-0.0 integ=91.2 vision=1 current=1 vframe=704 vs=1 vage=25 vpage=25 vdt=33 vmax=67 vacc=700 vrej=0 seq=0 elapsed=0 oled=3C
[  12038] STATUS mode=3 fault=none enc=751 denc=-1 sreq=37 sapplied=37 crate=37 uimp=593285 upos=8040 uneg=2065 ball=29.82 vball=-2.48 aball=-4.6 bref=0.00 pid=37.0 pref=597.0 ppos=593.3 apid=-0.0 integ=93.2 vision=1 current=1 vframe=705 vs=1 vage=11 vpage=11 vdt=34 vmax=67 vacc=701 vrej=0 seq=0 elapsed=0 oled=3C
[  12064] STATUS mode=3 fault=none enc=751 denc=0 sreq=30 sapplied=30 crate=30 uimp=593970 upos=8060 uneg=2065 ball=29.82 vball=-2.48 aball=-4.6 bref=0.00 pid=30.1 pref=597.0 ppos=594.0 apid=-0.0 integ=93.2 vision=1 current=1 vframe=705 vs=1 vage=31 vpage=31 vdt=34 vmax=67 vacc=701 vrej=0 seq=0 elapsed=0 oled=3C
[  12091] STATUS mode=3 fault=none enc=753 denc=0 sreq=50 sapplied=50 crate=50 uimp=594985 upos=8100 uneg=2065 ball=29.59 vball=-2.76 aball=-4.6 bref=0.00 pid=49.5 pref=599.9 ppos=595.0 apid=-0.0 integ=97.0 vision=1 current=1 vframe=707 vs=1 vage=7 vpage=7 vdt=31 vmax=67 vacc=703 vrej=0 seq=0 elapsed=0 oled=3C
[  12117] STATUS mode=3 fault=none enc=754 denc=0 sreq=40 sapplied=40 crate=40 uimp=595905 upos=8120 uneg=2065 ball=29.59 vball=-2.76 aball=-4.6 bref=0.00 pid=40.3 pref=599.9 ppos=595.9 apid=-0.0 integ=97.0 vision=1 current=1 vframe=707 vs=1 vage=27 vpage=27 vdt=31 vmax=67 vacc=703 vrej=0 seq=0 elapsed=0 oled=3C
[  12144] STATUS mode=3 fault=none enc=755 denc=0 sreq=65 sapplied=65 crate=65 uimp=596995 upos=8140 uneg=2065 ball=29.58 vball=-1.97 aball=-0.2 bref=0.00 pid=64.6 pref=603.5 ppos=597.0 apid=-0.0 integ=99.0 vision=1 current=1 vframe=708 vs=1 vage=14 vpage=14 vdt=33 vmax=67 vacc=704 vrej=0 seq=0 elapsed=0 oled=3C
[  12170] STATUS mode=3 fault=none enc=759 denc=0 sreq=71 sapplied=71 crate=71 uimp=599640 upos=8180 uneg=2065 ball=29.59 vball=-1.32 aball=-0.2 bref=0.00 pid=70.8 pref=606.7 ppos=599.6 apid=-0.0 integ=100.9 vision=1 current=1 vframe=709 vs=1 vage=21 vpage=21 vdt=33 vmax=67 vacc=705 vrej=0 seq=0 elapsed=0 oled=3C
[  12197] STATUS mode=3 fault=none enc=762 denc=3 sreq=125 sapplied=125 crate=125 uimp=601305 upos=8200 uneg=2065 ball=29.81 vball=1.08 aball=-0.2 bref=0.00 pid=124.5 pref=613.8 ppos=601.3 apid=-0.0 integ=102.9 vision=1 current=1 vframe=710 vs=1 vage=8 vpage=8 vdt=33 vmax=67 vacc=706 vrej=0 seq=0 elapsed=0 oled=3C
[  12224] STATUS mode=3 fault=none enc=764 denc=0 sreq=101 sapplied=101 crate=101 uimp=603615 upos=8220 uneg=2065 ball=29.81 vball=1.08 aball=-0.2 bref=0.00 pid=101.4 pref=613.8 ppos=603.6 apid=-0.0 integ=102.9 vision=1 current=1 vframe=710 vs=1 vage=28 vpage=28 vdt=33 vmax=67 vacc=706 vrej=0 seq=0 elapsed=0 oled=3C
[  12250] STATUS mode=3 fault=none enc=770 denc=1 sreq=106 sapplied=106 crate=106 uimp=608160 upos=8260 uneg=2065 ball=30.00 vball=2.39 aball=19.1 bref=0.00 pid=106.0 pref=618.8 ppos=608.2 apid=0.0 integ=105.1 vision=1 current=1 vframe=711 vs=1 vage=32 vpage=32 vdt=36 vmax=67 vacc=707 vrej=0 seq=0 elapsed=0 oled=3C
[  12277] STATUS mode=3 fault=none enc=773 denc=1 sreq=101 sapplied=101 crate=101 uimp=610365 upos=8280 uneg=2065 ball=30.05 vball=2.17 aball=19.1 bref=0.00 pid=100.6 pref=620.4 ppos=610.4 apid=0.0 integ=107.1 vision=1 current=1 vframe=712 vs=1 vage=18 vpage=18 vdt=34 vmax=67 vacc=708 vrej=0 seq=0 elapsed=0 oled=3C
[  12304] STATUS mode=3 fault=none enc=776 denc=2 sreq=92 sapplied=92 crate=92 uimp=612235 upos=8300 uneg=2065 ball=30.07 vball=1.69 aball=19.1 bref=0.00 pid=92.4 pref=621.5 ppos=612.2 apid=0.0 integ=109.1 vision=1 current=1 vframe=713 vs=1 vage=5 vpage=5 vdt=33 vmax=67 vacc=709 vrej=0 seq=0 elapsed=0 oled=3C
[  12330] STATUS mode=3 fault=none enc=780 denc=1 sreq=74 sapplied=74 crate=74 uimp=615410 upos=8340 uneg=2065 ball=30.09 vball=1.34 aball=5.8 bref=0.00 pid=73.8 pref=622.8 ppos=615.4 apid=0.0 integ=111.1 vision=1 current=1 vframe=714 vs=1 vage=12 vpage=12 vdt=33 vmax=67 vacc=710 vrej=0 seq=0 elapsed=0 oled=3C
[  12356] STATUS mode=3 fault=none enc=781 denc=0 sreq=60 sapplied=60 crate=60 uimp=616780 upos=8360 uneg=2065 ball=30.09 vball=1.34 aball=5.8 bref=0.00 pid=60.1 pref=622.8 ppos=616.8 apid=0.0 integ=111.1 vision=1 current=1 vframe=714 vs=1 vage=32 vpage=32 vdt=33 vmax=67 vacc=710 vrej=0 seq=0 elapsed=0 oled=3C
[  12383] STATUS mode=3 fault=none enc=783 denc=1 sreq=61 sapplied=61 crate=61 uimp=618105 upos=8380 uneg=2065 ball=30.10 vball=1.07 aball=5.8 bref=0.00 pid=61.4 pref=624.2 ppos=618.1 apid=0.0 integ=113.1 vision=1 current=1 vframe=715 vs=1 vage=19 vpage=19 vdt=33 vmax=67 vacc=711 vrej=0 seq=0 elapsed=0 oled=3C
[  12409] STATUS mode=3 fault=none enc=786 denc=0 sreq=51 sapplied=51 crate=51 uimp=620390 upos=8420 uneg=2065 ball=30.10 vball=0.69 aball=5.8 bref=0.00 pid=50.8 pref=625.5 ppos=620.4 apid=0.0 integ=115.0 vision=1 current=1 vframe=716 vs=1 vage=26 vpage=26 vdt=33 vmax=67 vacc=712 vrej=0 seq=0 elapsed=0 oled=3C
[  12436] STATUS mode=3 fault=none enc=788 denc=0 sreq=-165 sapplied=-165 crate=-165 uimp=620125 upos=8430 uneg=2070 ball=28.94 vball=-9.54 aball=-46.3 bref=0.00 pid=-165.1 pref=603.6 ppos=620.1 apid=-0.0 integ=115.0 vision=1 current=1 vframe=717 vs=1 vage=13 vpage=13 vdt=33 vmax=67 vacc=713 vrej=0 seq=0 elapsed=0 oled=3C
[  12464] STATUS mode=3 fault=none enc=784 denc=-1 sreq=-134 sapplied=-134 crate=-134 uimp=617060 upos=8430 uneg=2090 ball=28.94 vball=-9.54 aball=-46.3 bref=0.00 pid=-134.4 pref=603.6 ppos=617.1 apid=-0.0 integ=115.0 vision=1 current=1 vframe=717 vs=1 vage=33 vpage=33 vdt=33 vmax=67 vacc=713 vrej=0 seq=0 elapsed=0 oled=3C
[  12491] STATUS mode=3 fault=none enc=777 denc=0 sreq=-227 sapplied=-227 crate=-227 uimp=611180 upos=8430 uneg=2130 ball=27.33 vball=-17.62 aball=-46.3 bref=0.00 pid=-256.5 pref=585.5 ppos=611.2 apid=-0.0 integ=-0.0 vision=1 current=1 vframe=719 vs=1 vage=5 vpage=5 vdt=33 vmax=67 vacc=715 vrej=0 seq=0 elapsed=0 oled=3C
[  12518] STATUS mode=3 fault=none enc=770 denc=-1 sreq=-210 sapplied=-210 crate=-210 uimp=606550 upos=8430 uneg=2150 ball=27.33 vball=-17.62 aball=-46.3 bref=0.00 pid=-210.2 pref=585.5 ppos=606.6 apid=-0.0 integ=-0.0 vision=1 current=1 vframe=719 vs=1 vage=25 vpage=25 vdt=33 vmax=67 vacc=715 vrej=0 seq=0 elapsed=0 oled=3C
[  12546] STATUS mode=3 fault=none enc=764 denc=-2 sreq=-178 sapplied=-178 crate=-178 uimp=602610 upos=8430 uneg=2170 ball=26.74 vball=-17.64 aball=-61.5 bref=0.00 pid=-178.3 pref=584.8 ppos=602.6 apid=-0.0 integ=-0.0 vision=1 current=1 vframe=720 vs=1 vage=12 vpage=12 vdt=33 vmax=67 vacc=716 vrej=0 seq=0 elapsed=0 oled=3C
[  12573] STATUS mode=3 fault=none enc=753 denc=-3 sreq=-324 sapplied=-324 crate=-324 uimp=593920 upos=8430 uneg=2210 ball=24.89 vball=-28.18 aball=-61.5 bref=0.00 pid=-324.4 pref=561.5 ppos=593.9 apid=-0.0 integ=-0.0 vision=1 current=1 vframe=721 vs=1 vage=19 vpage=19 vdt=33 vmax=67 vacc=717 vrej=0 seq=0 elapsed=0 oled=3C
[  12601] STATUS mode=3 fault=none enc=746 denc=-2 sreq=-375 sapplied=-375 crate=-375 uimp=587905 upos=8430 uneg=2230 ball=23.41 vball=-32.82 aball=-61.5 bref=0.00 pid=-374.8 pref=550.4 ppos=587.9 apid=-0.0 integ=-0.0 vision=1 current=1 vframe=722 vs=1 vage=5 vpage=5 vdt=34 vmax=67 vacc=718 vrej=0 seq=0 elapsed=0 oled=3C
[  12628] STATUS mode=3 fault=none enc=729 denc=-2 sreq=-270 sapplied=-270 crate=-270 uimp=575180 upos=8430 uneg=2270 ball=22.34 vball=-33.31 aball=-104.4 bref=0.00 pid=-270.2 pref=548.2 ppos=575.2 apid=-0.0 integ=-0.0 vision=1 current=1 vframe=723 vs=1 vage=12 vpage=12 vdt=33 vmax=67 vacc=719 vrej=0 seq=0 elapsed=0 oled=3C
[  12656] STATUS mode=3 fault=none enc=723 denc=-1 sreq=-220 sapplied=-220 crate=-220 uimp=570165 upos=8430 uneg=2290 ball=22.34 vball=-33.31 aball=-104.4 bref=0.00 pid=-220.1 pref=548.2 ppos=570.2 apid=-0.0 integ=-0.0 vision=1 current=1 vframe=723 vs=1 vage=32 vpage=32 vdt=33 vmax=67 vacc=719 vrej=0 seq=0 elapsed=0 oled=3C
[  12683] STATUS mode=3 fault=none enc=716 denc=-1 sreq=-285 sapplied=-285 crate=-285 uimp=564385 upos=8430 uneg=2310 ball=20.60 vball=-38.41 aball=-104.4 bref=0.00 pid=-285.1 pref=535.9 ppos=564.4 apid=-0.0 integ=-0.0 vision=1 current=1 vframe=724 vs=1 vage=18 vpage=18 vdt=34 vmax=67 vacc=720 vrej=0 seq=0 elapsed=0 oled=3C
[  12711] STATUS mode=3 fault=none enc=700 denc=-3 sreq=-285 sapplied=-285 crate=-285 uimp=552640 upos=8430 uneg=2350 ball=18.88 vball=-43.23 aball=-104.4 bref=0.00 pid=-284.7 pref=524.2 ppos=552.6 apid=-0.0 integ=-0.0 vision=1 current=1 vframe=725 vs=1 vage=25 vpage=25 vdt=33 vmax=67 vacc=721 vrej=0 seq=0 elapsed=0 oled=3C
[  12738] STATUS mode=3 fault=none enc=692 denc=-3 sreq=-383 sapplied=-383 crate=-383 uimp=546795 upos=8430 uneg=2370 ball=16.75 vball=-49.81 aball=-131.6 bref=0.00 pid=-383.4 pref=508.5 ppos=546.8 apid=-0.0 integ=-0.0 vision=1 current=1 vframe=726 vs=1 vage=12 vpage=12 vdt=33 vmax=67 vacc=722 vrej=0 seq=0 elapsed=0 oled=3C
[  12766] STATUS mode=3 fault=none enc=682 denc=-3 sreq=-312 sapplied=-312 crate=-312 uimp=539685 upos=8430 uneg=2390 ball=16.75 vball=-49.81 aball=-131.6 bref=0.00 pid=-312.3 pref=508.5 ppos=539.7 apid=-0.0 integ=-0.0 vision=1 current=1 vframe=726 vs=1 vage=32 vpage=32 vdt=33 vmax=67 vacc=722 vrej=0 seq=0 elapsed=0 oled=3C
[  12793] STATUS mode=3 fault=none enc=664 denc=-3 sreq=-351 sapplied=-351 crate=-351 uimp=525075 upos=8430 uneg=2430 ball=12.48 vball=-56.48 aball=-131.6 bref=0.00 pid=-350.9 pref=490.0 ppos=525.1 apid=-0.0 integ=-0.0 vision=1 current=1 vframe=728 vs=1 vage=6 vpage=6 vdt=31 vmax=67 vacc=724 vrej=0 seq=0 elapsed=0 oled=3C
[  12821] STATUS mode=3 fault=none enc=655 denc=-3 sreq=-286 sapplied=-286 crate=-286 uimp=518565 upos=8430 uneg=2450 ball=12.48 vball=-56.48 aball=-131.6 bref=0.00 pid=-285.8 pref=490.0 ppos=518.6 apid=-0.0 integ=-0.0 vision=1 current=1 vframe=728 vs=1 vage=26 vpage=26 vdt=31 vmax=67 vacc=724 vrej=0 seq=0 elapsed=0 oled=3C
[  12848] STATUS mode=3 fault=none enc=641 denc=-1 sreq=-256 sapplied=-256 crate=-256 uimp=507015 upos=8430 uneg=2490 ball=10.30 vball=-59.45 aball=-115.8 bref=0.00 pid=-255.8 pref=481.4 ppos=507.0 apid=-0.0 integ=-0.0 vision=1 current=1 vframe=729 vs=1 vage=32 vpage=32 vdt=34 vmax=67 vacc=725 vrej=0 seq=0 elapsed=0 oled=3C
[  12876] STATUS mode=3 fault=none enc=634 denc=-2 sreq=-250 sapplied=-250 crate=-250 uimp=501585 upos=8430 uneg=2510 ball=8.20 vball=-60.59 aball=-115.8 bref=0.00 pid=-249.5 pref=476.6 ppos=501.6 apid=-0.0 integ=-0.0 vision=1 current=1 vframe=730 vs=1 vage=19 vpage=19 vdt=33 vmax=67 vacc=726 vrej=0 seq=0 elapsed=0 oled=3C
[  12903] STATUS mode=3 fault=none enc=629 denc=-1 sreq=-314 sapplied=-314 crate=-314 uimp=496955 upos=8430 uneg=2530 ball=5.33 vball=-68.49 aball=-115.8 bref=0.00 pid=-395.7 pref=457.4 ppos=497.0 apid=-0.0 integ=-0.0 vision=1 current=1 vframe=731 vs=1 vage=5 vpage=5 vdt=34 vmax=67 vacc=727 vrej=0 seq=0 elapsed=0 oled=3C
[  12930] STATUS mode=3 fault=none enc=611 denc=-2 sreq=-300 sapplied=-300 crate=-300 uimp=483745 upos=8430 uneg=2570 ball=2.97 vball=-68.88 aball=-106.1 bref=0.00 pid=-299.7 pref=453.8 ppos=483.7 apid=-0.0 integ=-0.0 vision=1 current=1 vframe=732 vs=1 vage=12 vpage=12 vdt=33 vmax=67 vacc=728 vrej=0 seq=0 elapsed=0 oled=3C
[  12958] STATUS mode=3 fault=none enc=603 denc=-2 sreq=-244 sapplied=-244 crate=-244 uimp=478185 upos=8430 uneg=2590 ball=2.97 vball=-68.88 aball=-106.1 bref=0.00 pid=-244.1 pref=453.8 ppos=478.2 apid=-0.0 integ=-0.0 vision=1 current=1 vframe=732 vs=1 vage=32 vpage=32 vdt=33 vmax=67 vacc=728 vrej=0 seq=0 elapsed=0 oled=3C
[  12985] STATUS mode=3 fault=none enc=598 denc=-2 sreq=-190 sapplied=-190 crate=-190 uimp=473810 upos=8430 uneg=2610 ball=0.93 vball=-67.13 aball=-106.1 bref=0.00 pid=-189.8 pref=454.8 ppos=473.8 apid=-0.0 integ=-0.0 vision=1 current=1 vframe=733 vs=1 vage=19 vpage=19 vdt=33 vmax=67 vacc=729 vrej=0 seq=0 elapsed=0 oled=3C
[  13013] STATUS mode=3 fault=none enc=591 denc=0 sreq=-118 sapplied=-118 crate=-118 uimp=467600 upos=8430 uneg=2650 ball=-1.11 vball=-65.42 aball=-106.1 bref=0.00 pid=-118.0 pref=455.8 ppos=467.6 apid=-0.0 integ=-0.0 vision=1 current=1 vframe=734 vs=1 vage=25 vpage=25 vdt=34 vmax=67 vacc=730 vrej=0 seq=0 elapsed=0 oled=3C
[  13040] STATUS mode=3 fault=none enc=588 denc=0 sreq=-104 sapplied=-104 crate=-104 uimp=465365 upos=8430 uneg=2670 ball=-3.13 vball=-64.64 aball=-39.3 bref=0.00 pid=-104.3 pref=454.9 ppos=465.4 apid=-0.0 integ=-0.0 vision=1 current=1 vframe=735 vs=1 vage=12 vpage=12 vdt=33 vmax=67 vacc=731 vrej=0 seq=0 elapsed=0 oled=3C
[  13067] STATUS mode=3 fault=none enc=583 denc=0 sreq=-94 sapplied=-94 crate=-94 uimp=461440 upos=8430 uneg=2710 ball=-5.36 vball=-64.77 aball=-39.3 bref=0.00 pid=-94.4 pref=452.0 ppos=461.4 apid=-0.0 integ=-0.0 vision=1 current=1 vframe=736 vs=1 vage=19 vpage=19 vdt=33 vmax=67 vacc=732 vrej=0 seq=0 elapsed=0 oled=3C
[  13094] STATUS mode=3 fault=none enc=580 denc=-2 sreq=0 sapplied=0 crate=-19 uimp=459690 upos=8430 uneg=2730 ball=-7.06 vball=-60.86 aball=-39.3 bref=0.00 pid=-19.1 pref=457.8 ppos=459.7 apid=-0.0 integ=-0.0 vision=1 current=1 vframe=737 vs=1 vage=5 vpage=5 vdt=34 vmax=67 vacc=733 vrej=0 seq=0 elapsed=0 oled=3C
[  13120] STATUS mode=3 fault=none enc=580 denc=0 sreq=0 sapplied=0 crate=-19 uimp=459690 upos=8430 uneg=2730 ball=-7.06 vball=-60.86 aball=-39.3 bref=0.00 pid=-19.1 pref=457.8 ppos=459.7 apid=-0.0 integ=-0.0 vision=1 current=1 vframe=737 vs=1 vage=25 vpage=25 vdt=34 vmax=67 vacc=733 vrej=0 seq=0 elapsed=0 oled=3C
[  13148] STATUS mode=3 fault=none enc=577 denc=-1 sreq=-91 sapplied=-91 crate=-91 uimp=457025 upos=8430 uneg=2755 ball=-9.47 vball=-64.35 aball=-20.3 bref=0.00 pid=-91.2 pref=447.9 ppos=457.0 apid=-0.0 integ=-0.0 vision=1 current=1 vframe=738 vs=1 vage=32 vpage=32 vdt=33 vmax=67 vacc=734 vrej=0 seq=0 elapsed=0 oled=3C
[  13175] STATUS mode=3 fault=none enc=575 denc=-1 sreq=-99 sapplied=-99 crate=-99 uimp=454915 upos=8430 uneg=2775 ball=-11.67 vball=-64.49 aball=-20.3 bref=0.00 pid=-99.3 pref=445.0 ppos=454.9 apid=-0.0 integ=-0.0 vision=1 current=1 vframe=739 vs=1 vage=19 vpage=19 vdt=33 vmax=67 vacc=735 vrej=0 seq=0 elapsed=0 oled=3C
[  13201] STATUS mode=3 fault=none enc=573 denc=-1 sreq=0 sapplied=0 crate=0 uimp=453075 upos=8430 uneg=2795 ball=-13.26 vball=-59.39 aball=-20.3 bref=0.00 pid=0.0 pref=453.3 ppos=453.1 apid=-0.0 integ=-0.0 vision=1 current=1 vframe=740 vs=1 vage=5 vpage=5 vdt=34 vmax=67 vacc=736 vrej=0 seq=0 elapsed=0 oled=3C
[  13228] STATUS mode=3 fault=none enc=573 denc=0 sreq=0 sapplied=0 crate=-14 uimp=453075 upos=8430 uneg=2795 ball=-15.19 vball=-59.01 aball=12.9 bref=0.00 pid=-13.5 pref=451.7 ppos=453.1 apid=0.0 integ=-0.0 vision=1 current=1 vframe=741 vs=1 vage=12 vpage=12 vdt=33 vmax=67 vacc=737 vrej=0 seq=0 elapsed=0 oled=3C
[  13254] STATUS mode=3 fault=none enc=573 denc=0 sreq=0 sapplied=0 crate=-14 uimp=453075 upos=8430 uneg=2795 ball=-15.19 vball=-59.01 aball=12.9 bref=0.00 pid=-13.5 pref=451.7 ppos=453.1 apid=0.0 integ=-0.0 vision=1 current=1 vframe=741 vs=1 vage=32 vpage=32 vdt=33 vmax=67 vacc=737 vrej=0 seq=0 elapsed=0 oled=3C
[  13280] STATUS mode=3 fault=none enc=573 denc=0 sreq=0 sapplied=0 crate=0 uimp=453075 upos=8430 uneg=2795 ball=-17.06 vball=-57.29 aball=12.9 bref=0.00 pid=0.0 pref=452.9 ppos=453.1 apid=0.0 integ=-0.0 vision=1 current=1 vframe=742 vs=1 vage=18 vpage=18 vdt=34 vmax=67 vacc=738 vrej=0 seq=0 elapsed=0 oled=3C
[  13307] STATUS mode=3 fault=none enc=573 denc=0 sreq=0 sapplied=0 crate=0 uimp=453075 upos=8430 uneg=2795 ball=-18.76 vball=-56.05 aball=12.9 bref=0.00 pid=0.0 pref=453.4 ppos=453.1 apid=0.0 integ=-0.0 vision=1 current=1 vframe=743 vs=1 vage=26 vpage=26 vdt=32 vmax=67 vacc=739 vrej=0 seq=0 elapsed=0 oled=3C
[  13334] STATUS mode=3 fault=none enc=573 denc=0 sreq=127 sapplied=127 crate=127 uimp=453075 upos=8430 uneg=2795 ball=-19.83 vball=-49.18 aball=51.3 bref=0.00 pid=127.4 pref=465.8 ppos=453.1 apid=0.0 integ=-0.0 vision=1 current=1 vframe=744 vs=1 vage=12 vpage=12 vdt=34 vmax=67 vacc=740 vrej=0 seq=0 elapsed=0 oled=3C
[  13361] STATUS mode=3 fault=none enc=574 denc=0 sreq=104 sapplied=104 crate=104 uimp=455435 upos=8450 uneg=2795 ball=-19.83 vball=-49.18 aball=51.3 bref=0.00 pid=103.8 pref=465.8 ppos=455.4 apid=0.0 integ=-0.0 vision=1 current=1 vframe=744 vs=1 vage=32 vpage=32 vdt=34 vmax=67 vacc=740 vrej=0 seq=0 elapsed=0 oled=3C
[  13387] STATUS mode=3 fault=none enc=579 denc=0 sreq=100 sapplied=100 crate=100 uimp=458775 upos=8490 uneg=2795 ball=-22.74 vball=-45.97 aball=51.3 bref=0.00 pid=99.7 pref=468.7 ppos=458.8 apid=0.0 integ=-0.0 vision=1 current=1 vframe=746 vs=1 vage=5 vpage=5 vdt=33 vmax=67 vacc=742 vrej=0 seq=0 elapsed=0 oled=3C
[  13414] STATUS mode=3 fault=none enc=581 denc=2 sreq=81 sapplied=81 crate=81 uimp=460625 upos=8510 uneg=2795 ball=-22.74 vball=-45.97 aball=51.3 bref=0.00 pid=81.2 pref=468.7 ppos=460.6 apid=0.0 integ=-0.0 vision=1 current=1 vframe=746 vs=1 vage=25 vpage=25 vdt=33 vmax=67 vacc=742 vrej=0 seq=0 elapsed=0 oled=3C
[  13440] STATUS mode=3 fault=none enc=583 denc=0 sreq=66 sapplied=66 crate=66 uimp=462125 upos=8530 uneg=2795 ball=-24.18 vball=-45.12 aball=46.5 bref=0.00 pid=65.9 pref=468.7 ppos=462.1 apid=0.0 integ=-0.0 vision=1 current=1 vframe=747 vs=1 vage=12 vpage=12 vdt=33 vmax=67 vacc=743 vrej=0 seq=0 elapsed=0 oled=3C
[  13467] STATUS mode=3 fault=none enc=587 denc=0 sreq=80 sapplied=80 crate=80 uimp=464950 upos=8570 uneg=2795 ball=-25.40 vball=-42.26 aball=46.5 bref=0.00 pid=80.2 pref=473.0 ppos=465.0 apid=0.0 integ=-0.0 vision=1 current=1 vframe=748 vs=1 vage=19 vpage=19 vdt=33 vmax=67 vacc=744 vrej=0 seq=0 elapsed=0 oled=3C
[  13494] STATUS mode=3 fault=none enc=588 denc=0 sreq=161 sapplied=161 crate=161 uimp=466435 upos=8590 uneg=2795 ball=-26.22 vball=-36.99 aball=46.5 bref=0.00 pid=160.9 pref=482.5 ppos=466.4 apid=0.0 integ=-0.0 vision=1 current=1 vframe=749 vs=1 vage=5 vpage=5 vdt=34 vmax=67 vacc=745 vrej=0 seq=0 elapsed=0 oled=3C
[  13521] STATUS mode=3 fault=none enc=590 denc=0 sreq=131 sapplied=131 crate=131 uimp=469420 upos=8610 uneg=2795 ball=-26.22 vball=-36.99 aball=46.5 bref=0.00 pid=131.1 pref=482.5 ppos=469.4 apid=0.0 integ=-0.0 vision=1 current=1 vframe=749 vs=1 vage=25 vpage=25 vdt=34 vmax=67 vacc=745 vrej=0 seq=0 elapsed=0 oled=3C
[  13548] STATUS mode=3 fault=none enc=599 denc=2 sreq=148 sapplied=148 crate=148 uimp=475605 upos=8650 uneg=2795 ball=-26.95 vball=-32.63 aball=81.8 bref=0.00 pid=147.7 pref=490.4 ppos=475.6 apid=0.0 integ=-0.0 vision=1 current=1 vframe=750 vs=1 vage=32 vpage=32 vdt=33 vmax=67 vacc=746 vrej=0 seq=0 elapsed=0 oled=3C
[  13575] STATUS mode=3 fault=none enc=602 denc=1 sreq=114 sapplied=114 crate=114 uimp=478245 upos=8670 uneg=2795 ball=-28.02 vball=-32.33 aball=81.8 bref=0.00 pid=114.4 pref=489.7 ppos=478.2 apid=0.0 integ=-0.0 vision=1 current=1 vframe=751 vs=1 vage=19 vpage=19 vdt=33 vmax=67 vacc=747 vrej=0 seq=0 elapsed=0 oled=3C
[  13601] STATUS mode=3 fault=none enc=604 denc=0 sreq=149 sapplied=149 crate=149 uimp=480365 upos=8690 uneg=2795 ball=-28.72 vball=-29.12 aball=81.8 bref=0.00 pid=149.0 pref=495.3 ppos=480.4 apid=0.0 integ=-0.0 vision=1 current=1 vframe=752 vs=1 vage=5 vpage=5 vdt=34 vmax=67 vacc=748 vrej=0 seq=0 elapsed=0 oled=3C
[  13628] STATUS mode=3 fault=none enc=612 denc=2 sreq=153 sapplied=153 crate=153 uimp=485665 upos=8730 uneg=2795 ball=-29.32 vball=-25.90 aball=75.3 bref=0.00 pid=153.2 pref=501.0 ppos=485.7 apid=0.0 integ=-0.0 vision=1 current=1 vframe=753 vs=1 vage=12 vpage=12 vdt=33 vmax=67 vacc=749 vrej=0 seq=0 elapsed=0 oled=3C
[  13655] STATUS mode=3 fault=none enc=615 denc=1 sreq=125 sapplied=125 crate=125 uimp=488505 upos=8750 uneg=2795 ball=-29.32 vball=-25.90 aball=75.3 bref=0.00 pid=124.8 pref=501.0 ppos=488.5 apid=0.0 integ=-0.0 vision=1 current=1 vframe=753 vs=1 vage=32 vpage=32 vdt=33 vmax=67 vacc=749 vrej=0 seq=0 elapsed=0 oled=3C
[  13682] STATUS mode=3 fault=none enc=621 denc=2 sreq=144 sapplied=144 crate=144 uimp=491530 upos=8770 uneg=2795 ball=-29.86 vball=-23.08 aball=75.3 bref=0.00 pid=144.5 pref=506.0 ppos=491.5 apid=0.0 integ=-0.0 vision=1 current=1 vframe=754 vs=1 vage=19 vpage=19 vdt=33 vmax=67 vacc=750 vrej=0 seq=0 elapsed=0 oled=3C
[  13709] STATUS mode=3 fault=none enc=626 denc=2 sreq=74 sapplied=74 crate=74 uimp=495885 upos=8810 uneg=2795 ball=-30.73 vball=-23.92 aball=75.3 bref=0.00 pid=73.7 pref=503.3 ppos=495.9 apid=0.0 integ=-0.0 vision=1 current=1 vframe=755 vs=1 vage=26 vpage=26 vdt=33 vmax=67 vacc=751 vrej=0 seq=0 elapsed=0 oled=3C
[  13736] STATUS mode=3 fault=none enc=628 denc=1 sreq=136 sapplied=136 crate=136 uimp=498070 upos=8830 uneg=2795 ball=-31.04 vball=-19.54 aball=70.3 bref=0.00 pid=135.7 pref=511.6 ppos=498.1 apid=0.0 integ=-0.0 vision=1 current=1 vframe=756 vs=1 vage=13 vpage=13 vdt=33 vmax=67 vacc=752 vrej=0 seq=0 elapsed=0 oled=3C
[  13762] STATUS mode=3 fault=none enc=631 denc=1 sreq=111 sapplied=111 crate=111 uimp=500585 upos=8850 uneg=2795 ball=-31.04 vball=-19.54 aball=70.3 bref=0.00 pid=110.6 pref=511.6 ppos=500.6 apid=0.0 integ=-0.0 vision=1 current=1 vframe=756 vs=1 vage=33 vpage=33 vdt=33 vmax=67 vacc=752 vrej=0 seq=0 elapsed=0 oled=3C
[  13789] STATUS mode=3 fault=none enc=637 denc=2 sreq=114 sapplied=114 crate=114 uimp=505175 upos=8890 uneg=2795 ball=-31.93 vball=-16.53 aball=70.3 bref=0.00 pid=114.2 pref=516.6 ppos=505.2 apid=0.0 integ=-0.0 vision=1 current=1 vframe=758 vs=1 vage=6 vpage=6 vdt=33 vmax=67 vacc=754 vrej=0 seq=0 elapsed=0 oled=3C
[  13816] STATUS mode=3 fault=none enc=639 denc=1 sreq=93 sapplied=93 crate=93 uimp=507290 upos=8910 uneg=2795 ball=-31.93 vball=-16.53 aball=70.3 bref=0.00 pid=93.0 pref=516.6 ppos=507.3 apid=0.0 integ=-0.0 vision=1 current=1 vframe=758 vs=1 vage=26 vpage=26 vdt=33 vmax=67 vacc=754 vrej=0 seq=0 elapsed=0 oled=3C
[  13843] STATUS mode=3 fault=none enc=641 denc=0 sreq=76 sapplied=76 crate=76 uimp=509010 upos=8930 uneg=2795 ball=-32.44 vball=-16.24 aball=53.7 bref=0.00 pid=75.5 pref=516.6 ppos=509.0 apid=0.0 integ=-0.0 vision=1 current=1 vframe=759 vs=1 vage=14 vpage=14 vdt=32 vmax=67 vacc=755 vrej=0 seq=0 elapsed=0 oled=3C
[  13869] STATUS mode=3 fault=none enc=644 denc=-1 sreq=66 sapplied=66 crate=66 uimp=511820 upos=8970 uneg=2795 ball=-32.85 vball=-15.05 aball=53.7 bref=0.00 pid=66.3 pref=518.5 ppos=511.8 apid=0.0 integ=-0.0 vision=1 current=1 vframe=760 vs=1 vage=20 vpage=20 vdt=34 vmax=67 vacc=756 vrej=0 seq=0 elapsed=0 oled=3C
[  13896] STATUS mode=3 fault=none enc=646 denc=0 sreq=111 sapplied=111 crate=111 uimp=513050 upos=8990 uneg=2795 ball=-33.02 vball=-12.08 aball=53.7 bref=0.00 pid=111.4 pref=524.2 ppos=513.1 apid=0.0 integ=-0.0 vision=1 current=1 vframe=761 vs=1 vage=4 vpage=4 vdt=36 vmax=67 vacc=757 vrej=0 seq=0 elapsed=0 oled=3C
[  13923] STATUS mode=3 fault=none enc=648 denc=-1 sreq=91 sapplied=91 crate=91 uimp=515115 upos=9010 uneg=2795 ball=-33.02 vball=-12.08 aball=53.7 bref=0.00 pid=90.7 pref=524.2 ppos=515.1 apid=0.0 integ=-0.0 vision=1 current=1 vframe=761 vs=1 vage=24 vpage=24 vdt=36 vmax=67 vacc=757 vrej=0 seq=0 elapsed=0 oled=3C
[  13949] STATUS mode=3 fault=none enc=656 denc=1 sreq=120 sapplied=120 crate=120 uimp=520310 upos=9050 uneg=2795 ball=-32.97 vball=-8.07 aball=66.3 bref=0.00 pid=119.6 pref=532.3 ppos=520.3 apid=0.0 integ=-0.0 vision=1 current=1 vframe=762 vs=1 vage=34 vpage=34 vdt=30 vmax=67 vacc=758 vrej=0 seq=0 elapsed=0 oled=3C
[  13976] STATUS mode=3 fault=none enc=659 denc=0 sreq=115 sapplied=115 crate=115 uimp=522825 upos=9070 uneg=2795 ball=-33.02 vball=-7.00 aball=66.3 bref=0.00 pid=115.2 pref=534.3 ppos=522.8 apid=0.0 integ=-0.0 vision=1 current=1 vframe=763 vs=1 vage=18 vpage=18 vdt=36 vmax=67 vacc=759 vrej=0 seq=0 elapsed=0 oled=3C
[  14003] STATUS mode=3 fault=none enc=662 denc=0 sreq=115 sapplied=115 crate=115 uimp=524960 upos=9090 uneg=2795 ball=-33.11 vball=-5.88 aball=66.3 bref=0.00 pid=115.2 pref=536.5 ppos=525.0 apid=0.0 integ=-0.0 vision=1 current=1 vframe=764 vs=1 vage=5 vpage=5 vdt=33 vmax=67 vacc=760 vrej=0 seq=0 elapsed=0 oled=3C
[  14030] STATUS mode=3 fault=none enc=667 denc=0 sreq=85 sapplied=85 crate=85 uimp=528925 upos=9130 uneg=2795 ball=-33.25 vball=-5.34 aball=48.6 bref=0.00 pid=84.7 pref=537.4 ppos=528.9 apid=0.0 integ=-0.0 vision=1 current=1 vframe=765 vs=1 vage=13 vpage=13 vdt=32 vmax=67 vacc=761 vrej=0 seq=0 elapsed=0 oled=3C
[  14056] STATUS mode=3 fault=none enc=670 denc=2 sreq=69 sapplied=69 crate=69 uimp=530495 upos=9150 uneg=2795 ball=-33.25 vball=-5.34 aball=48.6 bref=0.00 pid=69.0 pref=537.4 ppos=530.5 apid=0.0 integ=-0.0 vision=1 current=1 vframe=765 vs=1 vage=33 vpage=33 vdt=32 vmax=67 vacc=761 vrej=0 seq=0 elapsed=0 oled=3C
[  14083] STATUS mode=3 fault=none enc=670 denc=-1 sreq=81 sapplied=81 crate=81 uimp=532185 upos=9170 uneg=2795 ball=-33.27 vball=-3.89 aball=48.6 bref=0.00 pid=80.8 pref=540.3 ppos=532.2 apid=0.0 integ=-0.0 vision=1 current=1 vframe=766 vs=1 vage=20 vpage=20 vdt=33 vmax=67 vacc=762 vrej=0 seq=0 elapsed=0 oled=3C
[  14109] STATUS mode=3 fault=none enc=675 denc=1 sreq=71 sapplied=71 crate=71 uimp=535310 upos=9210 uneg=2795 ball=-33.27 vball=-2.80 aball=48.6 bref=0.00 pid=71.4 pref=542.4 ppos=535.3 apid=0.0 integ=-0.0 vision=1 current=1 vframe=767 vs=1 vage=25 vpage=25 vdt=35 vmax=67 vacc=763 vrej=0 seq=0 elapsed=0 oled=3C
[  14136] STATUS mode=3 fault=none enc=677 denc=0 sreq=75 sapplied=75 crate=75 uimp=536815 upos=9230 uneg=2795 ball=-33.26 vball=-1.86 aball=42.4 bref=0.00 pid=75.2 pref=544.3 ppos=536.8 apid=0.0 integ=-0.0 vision=1 current=1 vframe=768 vs=1 vage=13 vpage=13 vdt=32 vmax=67 vacc=764 vrej=0 seq=0 elapsed=0 oled=3C
[  14162] STATUS mode=3 fault=none enc=679 denc=1 sreq=61 sapplied=61 crate=61 uimp=538210 upos=9250 uneg=2795 ball=-33.26 vball=-1.86 aball=42.4 bref=0.00 pid=61.3 pref=544.3 ppos=538.2 apid=0.0 integ=-0.0 vision=1 current=1 vframe=768 vs=1 vage=33 vpage=33 vdt=32 vmax=67 vacc=764 vrej=0 seq=0 elapsed=0 oled=3C
[  14188] STATUS mode=3 fault=none enc=682 denc=1 sreq=56 sapplied=56 crate=56 uimp=540555 upos=9290 uneg=2795 ball=-33.27 vball=-0.94 aball=42.4 bref=0.00 pid=56.1 pref=546.2 ppos=540.6 apid=0.0 integ=-0.0 vision=1 current=1 vframe=770 vs=1 vage=6 vpage=6 vdt=34 vmax=67 vacc=766 vrej=0 seq=0 elapsed=0 oled=3C
[  14215] STATUS mode=3 fault=none enc=683 denc=0 sreq=46 sapplied=46 crate=46 uimp=541595 upos=9310 uneg=2795 ball=-33.27 vball=-0.94 aball=42.4 bref=0.00 pid=45.7 pref=546.2 ppos=541.6 apid=0.0 integ=-0.0 vision=1 current=1 vframe=770 vs=1 vage=26 vpage=26 vdt=34 vmax=67 vacc=766 vrej=0 seq=0 elapsed=0 oled=3C
[  14241] STATUS mode=3 fault=none enc=685 denc=1 sreq=43 sapplied=43 crate=43 uimp=542510 upos=9330 uneg=2795 ball=-33.26 vball=-0.61 aball=29.0 bref=0.00 pid=43.3 pref=546.8 ppos=542.5 apid=0.0 integ=-0.0 vision=1 current=1 vframe=771 vs=1 vage=14 vpage=14 vdt=32 vmax=67 vacc=767 vrej=0 seq=0 elapsed=0 oled=3C
[  14268] STATUS mode=3 fault=none enc=686 denc=1 sreq=0 sapplied=0 crate=15 uimp=543485 upos=9355 uneg=2795 ball=-33.26 vball=-0.39 aball=29.0 bref=0.00 pid=14.6 pref=545.0 ppos=543.5 apid=0.0 integ=-2.3 vision=1 current=1 vframe=772 vs=1 vage=19 vpage=19 vdt=35 vmax=67 vacc=768 vrej=0 seq=0 elapsed=0 oled=3C
[  14294] STATUS mode=3 fault=none enc=686 denc=1 sreq=0 sapplied=0 crate=0 uimp=543485 upos=9355 uneg=2795 ball=-33.25 vball=-0.24 aball=29.0 bref=0.00 pid=0.0 pref=543.1 ppos=543.5 apid=0.0 integ=-4.5 vision=1 current=1 vframe=773 vs=1 vage=6 vpage=6 vdt=33 vmax=67 vacc=769 vrej=0 seq=0 elapsed=0 oled=3C
[  14320] STATUS mode=3 fault=none enc=686 denc=0 sreq=0 sapplied=0 crate=0 uimp=543485 upos=9355 uneg=2795 ball=-33.25 vball=-0.24 aball=29.0 bref=0.00 pid=0.0 pref=543.1 ppos=543.5 apid=0.0 integ=-4.5 vision=1 current=1 vframe=773 vs=1 vage=26 vpage=26 vdt=33 vmax=67 vacc=769 vrej=0 seq=0 elapsed=0 oled=3C
[  14347] STATUS mode=3 fault=none enc=686 denc=0 sreq=-23 sapplied=-23 crate=-23 uimp=543365 upos=9355 uneg=2800 ball=-33.25 vball=-0.15 aball=18.0 bref=0.00 pid=-23.1 pref=541.1 ppos=543.4 apid=0.0 integ=-6.7 vision=1 current=1 vframe=774 vs=1 vage=13 vpage=13 vdt=33 vmax=67 vacc=770 vrej=0 seq=0 elapsed=0 oled=3C
[  14374] STATUS mode=3 fault=none enc=685 denc=1 sreq=-35 sapplied=-35 crate=-35 uimp=542365 upos=9355 uneg=2835 ball=-33.25 vball=-0.09 aball=18.0 bref=0.00 pid=-34.5 pref=538.9 ppos=542.4 apid=0.0 integ=-9.0 vision=1 current=1 vframe=775 vs=1 vage=19 vpage=19 vdt=34 vmax=67 vacc=771 vrej=0 seq=0 elapsed=0 oled=3C
[  14400] STATUS mode=3 fault=none enc=684 denc=0 sreq=-49 sapplied=-49 crate=-49 uimp=541720 upos=9355 uneg=2855 ball=-33.25 vball=-0.05 aball=18.0 bref=0.00 pid=-49.2 pref=536.8 ppos=541.7 apid=0.0 integ=-11.2 vision=1 current=1 vframe=776 vs=1 vage=6 vpage=6 vdt=33 vmax=67 vacc=772 vrej=0 seq=0 elapsed=0 oled=3C
[  14427] STATUS mode=3 fault=none enc=683 denc=1 sreq=-52 sapplied=-52 crate=-52 uimp=540810 upos=9355 uneg=2875 ball=-33.25 vball=-0.05 aball=18.0 bref=0.00 pid=-40.1 pref=536.8 ppos=540.8 apid=0.0 integ=-11.2 vision=1 current=1 vframe=776 vs=1 vage=26 vpage=26 vdt=33 vmax=67 vacc=772 vrej=0 seq=0 elapsed=0 oled=3C
[  14454] STATUS mode=3 fault=none enc=681 denc=0 sreq=-42 sapplied=-42 crate=-42 uimp=538885 upos=9355 uneg=2915 ball=-33.25 vball=-0.03 aball=10.4 bref=0.00 pid=-42.4 pref=534.6 ppos=538.9 apid=0.0 integ=-13.4 vision=1 current=1 vframe=777 vs=1 vage=33 vpage=33 vdt=33 vmax=67 vacc=773 vrej=0 seq=0 elapsed=0 oled=3C
[  14481] STATUS mode=3 fault=none enc=679 denc=-1 sreq=-68 sapplied=-68 crate=-68 uimp=537535 upos=9355 uneg=2935 ball=-33.33 vball=-0.81 aball=10.4 bref=0.00 pid=-68.1 pref=530.7 ppos=537.5 apid=0.0 integ=-15.6 vision=1 current=1 vframe=778 vs=1 vage=19 vpage=19 vdt=34 vmax=67 vacc=774 vrej=0 seq=0 elapsed=0 oled=3C
[  14508] STATUS mode=3 fault=none enc=677 denc=1 sreq=-68 sapplied=-68 crate=-68 uimp=534725 upos=9355 uneg=2975 ball=-33.39 vball=-1.07 aball=10.4 bref=0.00 pid=-68.0 pref=527.9 ppos=534.7 apid=0.0 integ=-17.8 vision=1 current=1 vframe=779 vs=1 vage=26 vpage=26 vdt=33 vmax=67 vacc=775 vrej=0 seq=0 elapsed=0 oled=3C
[  14535] STATUS mode=3 fault=none enc=674 denc=-2 sreq=-72 sapplied=-72 crate=-72 uimp=533280 upos=9355 uneg=2995 ball=-33.40 vball=-0.89 aball=1.9 bref=0.00 pid=-72.1 pref=526.1 ppos=533.3 apid=0.0 integ=-20.0 vision=1 current=1 vframe=780 vs=1 vage=13 vpage=13 vdt=33 vmax=67 vacc=776 vrej=0 seq=0 elapsed=0 oled=3C
[  14562] STATUS mode=3 fault=none enc=673 denc=0 sreq=-59 sapplied=-59 crate=-59 uimp=531940 upos=9355 uneg=3015 ball=-33.40 vball=-0.89 aball=1.9 bref=0.00 pid=-58.7 pref=526.1 ppos=531.9 apid=0.0 integ=-20.0 vision=1 current=1 vframe=780 vs=1 vage=33 vpage=33 vdt=33 vmax=67 vacc=776 vrej=0 seq=0 elapsed=0 oled=3C
[  14589] STATUS mode=3 fault=none enc=669 denc=-1 sreq=-75 sapplied=-75 crate=-75 uimp=529255 upos=9355 uneg=3055 ball=-33.45 vball=-0.79 aball=1.9 bref=0.00 pid=-75.3 pref=521.7 ppos=529.3 apid=0.0 integ=-24.5 vision=1 current=1 vframe=782 vs=1 vage=6 vpage=6 vdt=34 vmax=67 vacc=778 vrej=0 seq=0 elapsed=0 oled=3C
[  14616] STATUS mode=3 fault=none enc=668 denc=1 sreq=-61 sapplied=-61 crate=-61 uimp=527855 upos=9355 uneg=3075 ball=-33.45 vball=-0.79 aball=1.9 bref=0.00 pid=-61.3 pref=521.7 ppos=527.9 apid=0.0 integ=-24.5 vision=1 current=1 vframe=782 vs=1 vage=26 vpage=26 vdt=34 vmax=67 vacc=778 vrej=0 seq=0 elapsed=0 oled=3C
[  14642] STATUS mode=3 fault=none enc=666 denc=0 sreq=-65 sapplied=-65 crate=-65 uimp=526560 upos=9355 uneg=3095 ball=-33.45 vball=-0.52 aball=2.7 bref=0.00 pid=-65.0 pref=520.1 ppos=526.6 apid=0.0 integ=-26.7 vision=1 current=1 vframe=783 vs=1 vage=13 vpage=13 vdt=33 vmax=67 vacc=779 vrej=0 seq=0 elapsed=0 oled=3C
[  14669] STATUS mode=3 fault=none enc=662 denc=-2 sreq=-59 sapplied=-59 crate=-59 uimp=524105 upos=9355 uneg=3135 ball=-33.44 vball=-0.31 aball=2.7 bref=0.00 pid=-58.9 pref=518.2 ppos=524.1 apid=0.0 integ=-29.0 vision=1 current=1 vframe=784 vs=1 vage=19 vpage=19 vdt=34 vmax=67 vacc=780 vrej=0 seq=0 elapsed=0 oled=3C
[  14696] STATUS mode=3 fault=none enc=661 denc=-1 sreq=-67 sapplied=-67 crate=-67 uimp=523015 upos=9355 uneg=3155 ball=-33.44 vball=-0.18 aball=2.7 bref=0.00 pid=-67.5 pref=516.3 ppos=523.0 apid=0.0 integ=-31.2 vision=1 current=1 vframe=785 vs=1 vage=6 vpage=6 vdt=33 vmax=67 vacc=781 vrej=0 seq=0 elapsed=0 oled=3C
[  14723] STATUS mode=3 fault=none enc=660 denc=-1 sreq=-55 sapplied=-55 crate=-55 uimp=521765 upos=9355 uneg=3175 ball=-33.44 vball=-0.18 aball=2.7 bref=0.00 pid=-55.0 pref=516.3 ppos=521.8 apid=0.0 integ=-31.2 vision=1 current=1 vframe=785 vs=1 vage=26 vpage=26 vdt=33 vmax=67 vacc=781 vrej=0 seq=0 elapsed=0 oled=3C
[  14750] STATUS mode=3 fault=none enc=657 denc=0 sreq=-54 sapplied=-54 crate=-54 uimp=519285 upos=9355 uneg=3215 ball=-33.45 vball=-0.26 aball=2.7 bref=0.00 pid=-53.9 pref=513.9 ppos=519.3 apid=0.0 integ=-33.4 vision=1 current=1 vframe=786 vs=1 vage=33 vpage=33 vdt=33 vmax=67 vacc=782 vrej=0 seq=0 elapsed=0 oled=3C
[  14777] STATUS mode=3 fault=none enc=656 denc=0 sreq=-63 sapplied=-63 crate=-63 uimp=517970 upos=9355 uneg=3235 ball=-33.46 vball=-0.22 aball=2.7 bref=0.00 pid=-62.9 pref=511.7 ppos=518.0 apid=0.0 integ=-35.7 vision=1 current=1 vframe=787 vs=1 vage=19 vpage=19 vdt=34 vmax=67 vacc=783 vrej=0 seq=0 elapsed=0 oled=3C
[  14803] STATUS mode=3 fault=none enc=653 denc=-2 sreq=-72 sapplied=-72 crate=-72 uimp=516800 upos=9355 uneg=3255 ball=-33.46 vball=-0.16 aball=2.7 bref=0.00 pid=-72.1 pref=509.6 ppos=516.8 apid=0.0 integ=-37.9 vision=1 current=1 vframe=788 vs=1 vage=6 vpage=6 vdt=33 vmax=67 vacc=784 vrej=0 seq=0 elapsed=0 oled=3C
[  14830] STATUS mode=3 fault=none enc=650 denc=0 sreq=-75 sapplied=-75 crate=-75 uimp=514080 upos=9355 uneg=3295 ball=-33.51 vball=-0.54 aball=0.2 bref=0.00 pid=-75.2 pref=506.6 ppos=514.1 apid=0.0 integ=-40.1 vision=1 current=1 vframe=789 vs=1 vage=13 vpage=13 vdt=33 vmax=67 vacc=785 vrej=0 seq=0 elapsed=0 oled=3C
[  14857] STATUS mode=3 fault=none enc=648 denc=-1 sreq=-61 sapplied=-61 crate=-61 uimp=512690 upos=9355 uneg=3315 ball=-33.51 vball=-0.54 aball=0.2 bref=0.00 pid=-61.3 pref=506.6 ppos=512.7 apid=0.0 integ=-40.1 vision=1 current=1 vframe=789 vs=1 vage=33 vpage=33 vdt=33 vmax=67 vacc=785 vrej=0 seq=0 elapsed=0 oled=3C
[  14884] STATUS mode=3 fault=none enc=646 denc=0 sreq=-68 sapplied=-68 crate=-68 uimp=511245 upos=9355 uneg=3335 ball=-33.52 vball=-0.50 aball=0.2 bref=0.00 pid=-68.3 pref=504.4 ppos=511.2 apid=0.0 integ=-42.3 vision=1 current=1 vframe=790 vs=1 vage=20 vpage=20 vdt=33 vmax=67 vacc=786 vrej=0 seq=0 elapsed=0 oled=3C
[  14911] STATUS mode=3 fault=none enc=643 denc=-1 sreq=-62 sapplied=-62 crate=-62 uimp=508565 upos=9355 uneg=3375 ball=-33.53 vball=-0.38 aball=0.2 bref=0.00 pid=-62.0 pref=502.4 ppos=508.6 apid=0.0 integ=-44.6 vision=1 current=1 vframe=791 vs=1 vage=26 vpage=26 vdt=34 vmax=67 vacc=787 vrej=0 seq=0 elapsed=0 oled=3C
[  14938] STATUS mode=3 fault=none enc=641 denc=0 sreq=-68 sapplied=-68 crate=-68 uimp=507220 upos=9355 uneg=3395 ball=-33.52 vball=-0.26 aball=1.4 bref=0.00 pid=-68.1 pref=500.4 ppos=507.2 apid=0.0 integ=-46.8 vision=1 current=1 vframe=792 vs=1 vage=13 vpage=13 vdt=33 vmax=67 vacc=788 vrej=0 seq=0 elapsed=0 oled=3C
[  14964] STATUS mode=3 fault=none enc=640 denc=0 sreq=-56 sapplied=-56 crate=-56 uimp=505960 upos=9355 uneg=3415 ball=-33.50 vball=0.08 aball=1.4 bref=0.00 pid=-55.5 pref=500.4 ppos=506.0 apid=0.0 integ=-46.8 vision=1 current=1 vframe=793 vs=1 vage=1 vpage=1 vdt=32 vmax=67 vacc=789 vrej=0 seq=0 elapsed=0 oled=3C
[  14991] STATUS mode=3 fault=none enc=637 denc=-1 sreq=-66 sapplied=-66 crate=-66 uimp=503650 upos=9355 uneg=3455 ball=-33.47 vball=0.26 aball=1.4 bref=0.00 pid=-65.6 pref=497.1 ppos=503.7 apid=0.0 integ=-51.2 vision=1 current=1 vframe=794 vs=1 vage=7 vpage=7 vdt=34 vmax=67 vacc=790 vrej=0 seq=0 elapsed=0 oled=3C
[  15018] STATUS mode=3 fault=none enc=635 denc=-1 sreq=-53 sapplied=-53 crate=-53 uimp=502435 upos=9355 uneg=3475 ball=-33.47 vball=0.26 aball=1.4 bref=0.00 pid=-53.5 pref=497.1 ppos=502.4 apid=0.0 integ=-51.2 vision=1 current=1 vframe=794 vs=1 vage=27 vpage=27 vdt=34 vmax=67 vacc=790 vrej=0 seq=0 elapsed=0 oled=3C
[  15045] STATUS mode=3 fault=none enc=634 denc=0 sreq=-64 sapplied=-64 crate=-64 uimp=501225 upos=9355 uneg=3495 ball=-33.47 vball=0.25 aball=3.1 bref=0.00 pid=-63.7 pref=494.9 ppos=501.2 apid=0.0 integ=-53.4 vision=1 current=1 vframe=795 vs=1 vage=14 vpage=14 vdt=33 vmax=67 vacc=791 vrej=0 seq=0 elapsed=0 oled=3C
[  15072] STATUS mode=3 fault=none enc=631 denc=-1 sreq=-62 sapplied=-62 crate=-62 uimp=498745 upos=9355 uneg=3535 ball=-33.47 vball=0.18 aball=3.1 bref=0.00 pid=-62.4 pref=492.5 ppos=498.7 apid=0.0 integ=-55.7 vision=1 current=1 vframe=796 vs=1 vage=21 vpage=21 vdt=33 vmax=67 vacc=792 vrej=0 seq=0 elapsed=0 oled=3C
[  15098] STATUS mode=3 fault=none enc=628 denc=-2 sreq=-73 sapplied=-73 crate=-73 uimp=497475 upos=9355 uneg=3555 ball=-33.47 vball=0.13 aball=3.1 bref=0.00 pid=-72.8 pref=490.2 ppos=497.5 apid=0.0 integ=-57.9 vision=1 current=1 vframe=797 vs=1 vage=8 vpage=8 vdt=33 vmax=67 vacc=793 vrej=0 seq=0 elapsed=0 oled=3C
[  15125] STATUS mode=3 fault=none enc=628 denc=1 sreq=-59 sapplied=-59 crate=-59 uimp=496125 upos=9355 uneg=3575 ball=-33.47 vball=0.13 aball=3.1 bref=0.00 pid=-59.3 pref=490.2 ppos=496.1 apid=0.0 integ=-57.9 vision=1 current=1 vframe=797 vs=1 vage=28 vpage=28 vdt=33 vmax=67 vacc=793 vrej=0 seq=0 elapsed=0 oled=3C
[  15152] STATUS mode=3 fault=none enc=624 denc=-1 sreq=-57 sapplied=-57 crate=-57 uimp=493505 upos=9355 uneg=3615 ball=-33.41 vball=0.67 aball=0.9 bref=0.00 pid=-56.8 pref=487.8 ppos=493.5 apid=0.0 integ=-60.1 vision=1 current=1 vframe=799 vs=1 vage=1 vpage=1 vdt=33 vmax=67 vacc=795 vrej=0 seq=0 elapsed=0 oled=3C
[  15179] STATUS mode=3 fault=none enc=622 denc=-2 sreq=-54 sapplied=-54 crate=-54 uimp=492320 upos=9355 uneg=3635 ball=-33.41 vball=0.67 aball=0.9 bref=0.00 pid=-54.5 pref=486.9 ppos=492.3 apid=0.0 integ=-62.3 vision=1 current=1 vframe=799 vs=1 vage=21 vpage=21 vdt=33 vmax=67 vacc=795 vrej=0 seq=0 elapsed=0 oled=3C
[  15205] STATUS mode=3 fault=none enc=621 denc=-1 sreq=-61 sapplied=-61 crate=-61 uimp=491310 upos=9355 uneg=3655 ball=-33.35 vball=0.94 aball=0.9 bref=0.00 pid=-61.0 pref=485.2 ppos=491.3 apid=0.0 integ=-64.6 vision=1 current=1 vframe=800 vs=1 vage=7 vpage=7 vdt=34 vmax=67 vacc=796 vrej=0 seq=0 elapsed=0 oled=3C
[  15232] STATUS mode=3 fault=none enc=618 denc=-2 sreq=-111 sapplied=-111 crate=-111 uimp=488885 upos=9355 uneg=3695 ball=-33.58 vball=-1.32 aball=-5.4 bref=0.00 pid=-110.9 pref=477.8 ppos=488.9 apid=-0.0 integ=-67.2 vision=1 current=1 vframe=801 vs=1 vage=8 vpage=8 vdt=39 vmax=67 vacc=797 vrej=0 seq=0 elapsed=0 oled=3C
[  15260] STATUS mode=3 fault=none enc=617 denc=-1 sreq=-90 sapplied=-90 crate=-90 uimp=486830 upos=9355 uneg=3715 ball=-33.58 vball=-1.32 aball=-5.4 bref=0.00 pid=-90.3 pref=477.8 ppos=486.8 apid=-0.0 integ=-67.2 vision=1 current=1 vframe=801 vs=1 vage=28 vpage=28 vdt=39 vmax=67 vacc=797 vrej=0 seq=0 elapsed=0 oled=3C
[  15287] STATUS mode=3 fault=none enc=614 denc=-1 sreq=-94 sapplied=-94 crate=-94 uimp=484810 upos=9355 uneg=3735 ball=-33.65 vball=-1.55 aball=-5.4 bref=0.00 pid=-94.4 pref=475.4 ppos=484.8 apid=-0.0 integ=-69.1 vision=1 current=1 vframe=802 vs=1 vage=20 vpage=20 vdt=28 vmax=67 vacc=798 vrej=0 seq=0 elapsed=0 oled=3C
[  15314] STATUS mode=3 fault=none enc=610 denc=0 sreq=-68 sapplied=-68 crate=-68 uimp=481500 upos=9355 uneg=3775 ball=-33.62 vball=-0.80 aball=-5.4 bref=0.00 pid=-68.1 pref=474.7 ppos=481.5 apid=-0.0 integ=-71.3 vision=1 current=1 vframe=803 vs=1 vage=27 vpage=27 vdt=33 vmax=67 vacc=799 vrej=0 seq=0 elapsed=0 oled=3C
[  15340] STATUS mode=3 fault=none enc=609 denc=0 sreq=-60 sapplied=-60 crate=-60 uimp=480190 upos=9355 uneg=3795 ball=-33.55 vball=0.02 aball=3.4 bref=0.00 pid=-59.9 pref=474.2 ppos=480.2 apid=0.0 integ=-73.6 vision=1 current=1 vframe=804 vs=1 vage=14 vpage=14 vdt=33 vmax=67 vacc=800 vrej=0 seq=0 elapsed=0 oled=3C
[  15367] STATUS mode=3 fault=none enc=607 denc=0 sreq=-49 sapplied=-49 crate=-49 uimp=479080 upos=9355 uneg=3815 ball=-33.41 vball=1.40 aball=3.4 bref=0.00 pid=-48.8 pref=474.2 ppos=479.1 apid=0.0 integ=-73.6 vision=1 current=1 vframe=805 vs=1 vage=1 vpage=1 vdt=33 vmax=67 vacc=801 vrej=0 seq=0 elapsed=0 oled=3C
[  15394] STATUS mode=3 fault=none enc=605 denc=-1 sreq=-38 sapplied=-38 crate=-38 uimp=477655 upos=9355 uneg=3855 ball=-33.29 vball=1.94 aball=3.4 bref=0.00 pid=-38.4 pref=473.8 ppos=477.7 apid=0.0 integ=-78.1 vision=1 current=1 vframe=806 vs=1 vage=6 vpage=6 vdt=35 vmax=67 vacc=802 vrej=0 seq=0 elapsed=0 oled=3C
[  15420] STATUS mode=3 fault=none enc=605 denc=0 sreq=-31 sapplied=-31 crate=-31 uimp=476940 upos=9355 uneg=3875 ball=-33.29 vball=1.94 aball=3.4 bref=0.00 pid=-31.3 pref=473.8 ppos=476.9 apid=0.0 integ=-78.1 vision=1 current=1 vframe=806 vs=1 vage=26 vpage=26 vdt=35 vmax=67 vacc=802 vrej=0 seq=0 elapsed=0 oled=3C
[  15447] STATUS mode=3 fault=none enc=604 denc=1 sreq=-50 sapplied=-50 crate=-50 uimp=476095 upos=9355 uneg=3895 ball=-33.27 vball=1.63 aball=9.1 bref=0.00 pid=-50.1 pref=471.1 ppos=476.1 apid=0.0 integ=-80.2 vision=1 current=1 vframe=807 vs=1 vage=14 vpage=14 vdt=32 vmax=67 vacc=803 vrej=0 seq=0 elapsed=0 oled=3C
[  15474] STATUS mode=3 fault=none enc=601 denc=0 sreq=-62 sapplied=-62 crate=-62 uimp=474100 upos=9355 uneg=3935 ball=-33.24 vball=1.17 aball=9.1 bref=0.00 pid=-61.5 pref=467.9 ppos=474.1 apid=0.0 integ=-82.7 vision=1 current=1 vframe=809 vs=1 vage=2 vpage=2 vdt=14 vmax=67 vacc=805 vrej=0 seq=0 elapsed=0 oled=3C
[  15501] STATUS mode=3 fault=none enc=599 denc=-1 sreq=-60 sapplied=-60 crate=-60 uimp=472785 upos=9355 uneg=3955 ball=-33.24 vball=1.17 aball=9.1 bref=0.00 pid=-60.4 pref=466.7 ppos=472.8 apid=0.0 integ=-83.7 vision=1 current=1 vframe=809 vs=1 vage=22 vpage=22 vdt=14 vmax=67 vacc=805 vrej=0 seq=0 elapsed=0 oled=3C
[  15527] STATUS mode=3 fault=none enc=598 denc=0 sreq=-49 sapplied=-49 crate=-49 uimp=471665 upos=9355 uneg=3975 ball=-33.24 vball=1.17 aball=9.1 bref=0.00 pid=-49.2 pref=466.7 ppos=471.7 apid=0.0 integ=-83.7 vision=1 current=1 vframe=809 vs=1 vage=42 vpage=42 vdt=14 vmax=67 vacc=805 vrej=0 seq=0 elapsed=0 oled=3C
[  15554] STATUS mode=3 fault=none enc=594 denc=0 sreq=-70 sapplied=-70 crate=-70 uimp=468960 upos=9355 uneg=4015 ball=-33.19 vball=0.98 aball=2.6 bref=0.00 pid=-69.8 pref=462.0 ppos=469.0 apid=0.0 integ=-88.1 vision=1 current=1 vframe=811 vs=1 vage=15 vpage=15 vdt=25 vmax=67 vacc=807 vrej=0 seq=0 elapsed=0 oled=3C
[  15581] STATUS mode=3 fault=none enc=593 denc=-1 sreq=-57 sapplied=-57 crate=-57 uimp=467665 upos=9355 uneg=4035 ball=-33.19 vball=0.98 aball=2.6 bref=0.00 pid=-56.9 pref=462.0 ppos=467.7 apid=0.0 integ=-88.1 vision=1 current=1 vframe=811 vs=1 vage=35 vpage=35 vdt=25 vmax=67 vacc=807 vrej=0 seq=0 elapsed=0 oled=3C
[  15608] STATUS mode=3 fault=none enc=589 denc=-1 sreq=-65 sapplied=-65 crate=-65 uimp=465125 upos=9355 uneg=4075 ball=-33.16 vball=0.89 aball=2.6 bref=0.00 pid=-65.4 pref=458.6 ppos=66.6 apid=0.0 integ=-91.4 vision=1 current=1 vframe=812 vs=1 vage=6 vpage=6 vdt=49 vmax=67 vacc=808 vrej=0 seq=0 elapsed=0 oled=3C
[  15634] STATUS mode=3 fault=none enc=588 denc=-1 sreq=-53 sapplied=-53 crate=-53 uimp=463915 upos=9355 uneg=4095 ball=-33.16 vball=0.89 aball=2.6 bref=0.00 pid=-53.3 pref=458.6 ppos=463.9 apid=0.0 integ=-91.4 vision=1 current=1 vframe=812 vs=1 vage=46 vpage=46 vdt=49 vmax=67 vacc=808 vrej=0 seq=0 elapsed=0 oled=3C
[  15661] STATUS mode=3 fault=none enc=587 denc=0 sreq=-50 sapplied=-50 crate=-50 uimp=462890 upos=9355 uneg=4115 ball=-32.86 vball=2.15 aball=5.2 bref=0.00 pid=-49.9 pref=457.9 ppos=462.9 apid=0.0 integ=-95.0 vision=1 current=1 vframe=814 vs=1 vage=1 vpage=1 vdt=10 vmax=67 vacc=810 vrej=0 seq=0 elapsed=0 oled=3C
[  15688] STATUS mode=3 fault=none enc=584 denc=-1 sreq=-114 sapplied=-114 crate=-114 uimp=459715 upos=9355 uneg=4155 ball=-33.08 vball=-1.55 aball=5.2 bref=0.00 pid=-114.5 pref= ppos=461.9 apid=0.0 integ=-95.6 vision=1 current=1 vframe=815 vs=1 vage=2 vpage=2 vdt=19 vmax=67 vacc=811 vrej=0 seq=0 elapsed=0 oled=3C
[  15715] STATUS mode=3 fault=none enc=582 denc=0 sreq=-120 sapplied=-120 crate=-120 uimp=457455 upos=9355 uneg=4175 ball=-33.15 vball=-1.84 aball=5.2 bref=0.00 pid=-119.7 pref=445.5 ppos=457.5 apid=0.0 integ=-99.0 vision=1 current=1 vframe=816 vs=1 vage=10 vpage=10 vdt=32 vmax=67 vacc=812 vrej=0 seq=0 elapsed=0 oled=3C
[  15742] STATUS mode=3 fault=none enc=578 denc=-1 sreq=-97 sapplied=-97 crate=-97 uimp=455230 upos=9355 uneg=4195 ball=-33.15 vball=-1.84 aball=5.2 bref=0.00 pid=-97.5 pref=445.5 ppos=455.2 apid=0.0 integ=-99.0 vision=1 current=1 vframe=816 vs=1 vage=30 vpage=30 vdt=32 vmax=67 vacc=812 vrej=0 seq=0 elapsed=0 oled=3C
[  15769] STATUS mode=3 fault=none enc=574 denc=1 sreq=-89 sapplied=-89 crate=-89 uimp=451550 upos=9355 uneg=4235 ball=-33.17 vball=-1.02 aball=-14.8 bref=0.00 pid=-89.0 pref=442.7 ppos=451.6 apid=-0.0 integ=-103.5 vision=1 current=1 vframe=818 vs=1 vage=3 vpage=3 vdt=34 vmax=67 vacc=814 vrej=0 seq=0 elapsed=0 oled=3C
[  15796] STATUS mode=3 fault=none enc=572 denc=-1 sreq=-72 sapplied=-72 crate=-72 uimp=449900 upos=9355 uneg=4255 ball=-33.17 vball=-1.02 aball=-14.8 bref=0.00 pid=-72.5 pref=442.7 ppos=449.9 apid=-0.0 integ=-103.5 vision=1 current=1 vframe=818 vs=1 vage=23 vpage=23 vdt=34 vmax=67 vacc=814 vrej=0 seq=0 elapsed=0 oled=3C
[  15823] STATUS mode=3 fault=none enc=570 denc=0 sreq=-72 sapplied=-72 crate=-72 uimp=448490 upos=9355 uneg=4275 ball=-33.16 vball=-0.66 aball=-14.8 bref=0.00 pid=-72.3 pref=441.3 ppos=448.5 apid=-0.0 integ=-105.6 vision=1 current=1 vframe=819 vs=1 vage=11 vpage=11 vdt=32 vmax=67 vacc=815 vrej=0 seq=0 elapsed=0 oled=3C
[  15850] STATUS mode=3 fault=none enc=568 denc=1 sreq=-25 sapplied=-25 crate=-25 uimp=446435 upos=9355 uneg=4315 ball=-32.92 vball=1.61 aball=5.9 bref=0.00 pid=-25.2 pref=443.9 ppos=446.4 apid=0.0 integ=-107.8 vision=1 current=1 vframe=820 vs=1 vage=18 vpage=18 vdt=33 vmax=67 vacc=816 vrej=0 seq=0 elapsed=0 oled=3C
[  15877] STATUS mode=3 fault=none enc=568 denc=0 sreq=-38 sapplied=-38 crate=-38 uimp=445965 upos=9355 uneg=4335 ball=-32.84 vball=1.82 aball=5.9 bref=0.00 pid=-37.6 pref=442.2 ppos=446.0 apid=0.0 integ=-110.0 vision=1 current=1 vframe=821 vs=1 vage=4 vpage=4 vdt=34 vmax=67 vacc=817 vrej=0 seq=0 elapsed=0 oled=3C
[  15904] STATUS mode=3 fault=none enc=566 denc=0 sreq=-31 sapplied=-31 crate=-31 uimp=445265 upos=9355 uneg=4355 ball=-32.84 vball=1.82 aball=5.9 bref=0.00 pid=-30.6 pref=442.2 ppos=445.3 apid=0.0 integ=-110.0 vision=1 current=1 vframe=821 vs=1 vage=24 vpage=24 vdt=34 vmax=67 vacc=817 vrej=0 seq=0 elapsed=0 oled=3C
[  15931] STATUS mode=3 fault=none enc=564 denc=-1 sreq=-43 sapplied=-43 crate=-43 uimp=443560 upos=9355 uneg=4395 ball=-32.82 vball=1.44 aball=5.9 bref=0.00 pid=-43.3 pref=439.2 ppos=443.6 apid=0.0 integ=-112.2 vision=1 current=1 vframe=822 vs=1 vage=30 vpage=30 vdt=34 vmax=67 vacc=818 vrej=0 seq=0 elapsed=0 oled=3C
[  15958] STATUS mode=3 fault=none enc=563 denc=1 sreq=-65 sapplied=-65 crate=-65 uimp=442435 upos=9355 uneg=4415 ball=-32.84 vball=0.88 aball=0.0 bref=0.00 pid=-65.1 pref=435.9 ppos=442.4 apid=0.0 integ=-114.4 vision=1 current=1 vframe=823 vs=1 vage=17 vpage=17 vdt=33 vmax=67 vacc=819 vrej=0 seq=0 elapsed=0 oled=3C
[  15984] STATUS mode=3 fault=none enc=561 denc=0 sreq=-83 sapplied=-83 crate=-83 uimp=441225 upos=9355 uneg=4435 ball=-32.86 vball=0.46 aball=0.0 bref=0.00 pid=-83.4 pref=432.9 ppos=441.2 apid=0.0 integ=-116.6 vision=1 current=1 vframe=824 vs=1 vage=4 vpage=4 vdt=33 vmax=67 vacc=820 vrej=0 seq=0 elapsed=0 oled=3C
[  16011] STATUS mode=3 fault=none enc=558 denc=1 sreq=-82 sapplied=-82 crate=-82 uimp=438280 upos=9355 uneg=4475 ball=-32.87 vball=0.19 aball=0.0 bref=0.00 pid=-81.8 pref=430.1 ppos=438.3 apid=0.0 integ=-118.8 vision=1 current=1 vframe=825 vs=1 vage=10 vpage=10 vdt=34 vmax=67 vacc=821 vrej=0 seq=0 elapsed=0 oled=3C
[  16038] STATUS mode=3 fault=none enc=555 denc=-1 sreq=-67 sapplied=-67 crate=-67 uimp=436760 upos=9355 uneg=4495 ball=-32.87 vball=0.19 aball=0.0 bref=0.00 pid=-66.6 pref=430.1 ppos=436.8 apid=0.0 integ=-118.8 vision=1 current=1 vframe=825 vs=1 vage=30 vpage=30 vdt=34 vmax=67 vacc=821 vrej=0 seq=0 elapsed=0 oled=3C
[  16065] STATUS mode=3 fault=none enc=554 denc=1 sreq=-76 sapplied=-76 crate=-76 uimp=435285 upos=9355 uneg=4515 ball=-32.88 vball=0.05 aball=-3.7 bref=0.00 pid=-76.5 pref=427.6 ppos=435.3 apid=-0.0 integ=-121.0 vision=1 current=1 vframe=826 vs=1 vage=17 vpage=17 vdt=33 vmax=67 vacc=822 vrej=0 seq=0 elapsed=0 oled=3C
[  16092] STATUS mode=3 fault=none enc=550 denc=-1 sreq=-68 sapplied=-68 crate=-68 uimp=432325 upos=9355 uneg=4555 ball=-32.87 vball=0.09 aball=-3.7 bref=0.00 pid=-67.6 pref=425.6 ppos=432.3 apid=-0.0 integ=-123.1 vision=1 current=1 vframe=827 vs=1 vage=24 vpage=24 vdt=33 vmax=67 vacc=823 vrej=0 seq=0 elapsed=0 oled=3C
[  16119] STATUS mode=3 fault=none enc=549 denc=0 sreq=-73 sapplied=-73 crate=-73 uimp=430975 upos=9355 uneg=4575 ball=-32.85 vball=0.26 aball=-3.7 bref=0.00 pid=-72.8 pref=423.7 ppos=431.0 apid=-0.0 integ=-125.4 vision=1 current=1 vframe=828 vs=1 vage=10 vpage=10 vdt=34 vmax=67 vacc=824 vrej=0 seq=0 elapsed=0 oled=3C
[  16146] STATUS mode=3 fault=none enc=547 denc=0 sreq=-59 sapplied=-59 crate=-59 uimp=429625 upos=9355 uneg=4595 ball=-32.85 vball=0.26 aball=-3.7 bref=0.00 pid=-59.3 pref=423.7 ppos=429.6 apid=-0.0 integ=-125.4 vision=1 current=1 vframe=828 vs=1 vage=30 vpage=30 vdt=34 vmax=67 vacc=824 vrej=0 seq=0 elapsed=0 oled=3C
[  16173] STATUS mode=3 fault=none enc=544 denc=0 sreq=-79 sapplied=-79 crate=-79 uimp=427050 upos=9355 uneg=4635 ball=-32.84 vball=0.18 aball=-1.2 bref=0.00 pid=-79.1 pref=419.1 ppos=427.1 apid=-0.0 integ=-129.8 vision=1 current=1 vframe=830 vs=1 vage=3 vpage=3 vdt=34 vmax=67 vacc=826 vrej=0 seq=0 elapsed=0 oled=3C
[  16200] STATUS mode=3 fault=none enc=541 denc=-1 sreq=-64 sapplied=-64 crate=-64 uimp=425585 upos=9355 uneg=4655 ball=-32.84 vball=0.18 aball=-1.2 bref=0.00 pid=-64.4 pref=419.1 ppos=425.6 apid=-0.0 integ=-129.8 vision=1 current=1 vframe=830 vs=1 vage=23 vpage=23 vdt=34 vmax=67 vacc=826 vrej=0 seq=0 elapsed=0 oled=3C
[  16227] STATUS mode=3 fault=none enc=540 denc=0 sreq=-74 sapplied=-74 crate=-74 uimp=424280 upos=9355 uneg=4675 ball=-32.84 vball=0.12 aball=-1.2 bref=0.00 pid=-74.2 pref=416.9 ppos=424.3 apid=-0.0 integ=-131.9 vision=1 current=1 vframe=831 vs=1 vage=10 vpage=10 vdt=33 vmax=67 vacc=827 vrej=0 seq=0 elapsed=0 oled=3C
[  16254] STATUS mode=3 fault=none enc=536 denc=-1 sreq=-70 sapplied=-70 crate=-70 uimp=421565 upos=9355 uneg=4715 ball=-32.84 vball=0.08 aball=-1.4 bref=0.00 pid=-69.6 pref=414.6 ppos=421.6 apid=-0.0 integ=-134.1 vision=1 current=1 vframe=832 vs=1 vage=17 vpage=17 vdt=33 vmax=67 vacc=828 vrej=0 seq=0 elapsed=0 oled=3C
[  16281] STATUS mode=3 fault=none enc=535 denc=1 sreq=-80 sapplied=-80 crate=-80 uimp=420270 upos=9355 uneg=4735 ball=-32.85 vball=0.05 aball=-1.4 bref=0.00 pid=-79.7 pref=412.3 ppos=420.3 apid=-0.0 integ=-136.3 vision=1 current=1 vframe=833 vs=1 vage=3 vpage=3 vdt=34 vmax=67 vacc=829 vrej=0 seq=0 elapsed=0 oled=3C
[  16308] STATUS mode=3 fault=none enc=532 denc=-1 sreq=-65 sapplied=-65 crate=-65 uimp=418790 upos=9355 uneg=4755 ball=-32.85 vball=0.05 aball=-1.4 bref=0.00 pid=-64.9 pref=412.3 ppos=418.8 apid=-0.0 integ=-136.3 vision=1 current=1 vframe=833 vs=1 vage=23 vpage=23 vdt=34 vmax=67 vacc=829 vrej=0 seq=0 elapsed=0 oled=3C
[  16335] STATUS mode=3 fault=none enc=529 denc=0 sreq=-60 sapplied=-60 crate=-60 uimp=416100 upos=9355 uneg=4795 ball=-32.85 vball=0.03 aball=-1.4 bref=0.00 pid=-60.1 pref=410.1 ppos=416.1 apid=-0.0 integ=-138.5 vision=1 current=1 vframe=834 vs=1 vage=30 vpage=30 vdt=33 vmax=67 vacc=830 vrej=0 seq=0 elapsed=0 oled=3C
[  16362] STATUS mode=3 fault=none enc=527 denc=-1 sreq=-69 sapplied=-69 crate=-69 uimp=414765 upos=9355 uneg=4815 ball=-32.85 vball=0.02 aball=-1.0 bref=0.00 pid=-69.2 pref=407.8 ppos=414.8 apid=-0.0 integ=-140.7 vision=1 current=1 vframe=835 vs=1 vage=16 vpage=16 vdt=34 vmax=67 vacc=831 vrej=0 seq=0 elapsed=0 oled=3C
[  16389] STATUS mode=3 fault=none enc=524 denc=0 sreq=-63 sapplied=-63 crate=-63 uimp=412040 upos=9355 uneg=4855 ball=-32.85 vball=0.01 aball=-1.0 bref=0.00 pid=-63.2 pref=405.7 ppos=412.0 apid=-0.0 integ=-142.9 vision=1 current=1 vframe=836 vs=1 vage=24 vpage=24 vdt=32 vmax=67 vacc=832 vrej=0 seq=0 elapsed=0 oled=3C
[  16416] STATUS mode=3 fault=none enc=521 denc=-2 sreq=-69 sapplied=-69 crate=-69 uimp=410775 upos=9355 uneg=4875 ball=-32.83 vball=0.18 aball=-1.0 bref=0.00 pid=-69.2 pref=403.9 ppos=410.8 apid=-0.0 integ=-145.1 vision=1 current=1 vframe=837 vs=1 vage=10 vpage=10 vdt=34 vmax=67 vacc=833 vrej=0 seq=0 elapsed=0 oled=3C
[  16444] STATUS mode=3 fault=none enc=520 denc=0 sreq=-56 sapplied=-56 crate=-56 uimp=409495 upos=9355 uneg=4895 ball=-32.83 vball=0.18 aball=-1.0 bref=0.00 pid=-56.4 pref=403.9 ppos=409.5 apid=-0.0 integ=-145.1 vision=1 current=1 vframe=837 vs=1 vage=30 vpage=30 vdt=34 vmax=67 vacc=833 vrej=0 seq=0 elapsed=0 oled=3C
[  16470] STATUS mode=3 fault=none enc=518 denc=1 sreq=-76 sapplied=-76 crate=-76 uimp=407030 upos=9355 uneg=4935 ball=-32.82 vball=0.14 aball=0.2 bref=0.00 pid=-75.8 pref=399.5 ppos=407.0 apid=0.0 integ=-149.4 vision=1 current=1 vframe=839 vs=1 vage=4 vpage=4 vdt=33 vmax=67 vacc=835 vrej=0 seq=0 elapsed=0 oled=3C
[  16497] STATUS mode=3 fault=none enc=515 denc=-1 sreq=-62 sapplied=-62 crate=-62 uimp=405625 upos=9355 uneg=4955 ball=-32.82 vball=0.14 aball=0.2 bref=0.00 pid=-61.8 pref=399.5 ppos=405.6 apid=0.0 integ=-149.4 vision=1 current=1 vframe=839 vs=1 vage=24 vpage=24 vdt=33 vmax=67 vacc=835 vrej=0 seq=0 elapsed=0 oled=3C
[  16524] STATUS mode=3 fault=none enc=513 denc=-1 sreq=-70 sapplied=-70 crate=-70 uimp=404370 upos=9355 uneg=4975 ball=-32.81 vball=0.16 aball=0.2 bref=0.00 pid=-70.3 pref=397.3 ppos=404.4 apid=0.0 integ=-151.6 vision=1 current=1 vframe=840 vs=1 vage=11 vpage=11 vdt=33 vmax=67 vacc=836 vrej=0 seq=0 elapsed=0 oled=3C
[  16551] STATUS mode=3 fault=none enc=511 denc=-1 sreq=-68 sapplied=-68 crate=-68 uimp=401780 upos=9355 uneg=5015 ball=-32.81 vball=0.13 aball=-0.1 bref=0.00 pid=-68.0 pref=395.0 ppos=401.8 apid=-0.0 integ=-153.9 vision=1 current=1 vframe=841 vs=1 vage=16 vpage=16 vdt=35 vmax=67 vacc=837 vrej=0 seq=0 elapsed=0 oled=3C
[  16578] STATUS mode=3 fault=none enc=509 denc=-1 sreq=-77 sapplied=-77 crate=-77 uimp=400520 upos=9355 uneg=5035 ball=-32.81 vball=0.09 aball=-0.1 bref=0.00 pid=-76.5 pref=392.9 ppos=400.5 apid=-0.0 integ=-155.9 vision=1 current=1 vframe=842 vs=1 vage=5 vpage=5 vdt=31 vmax=67 vacc=838 vrej=0 seq=0 elapsed=0 oled=3C
[  16605] STATUS mode=3 fault=none enc=508 denc=0 sreq=-62 sapplied=-62 crate=-62 uimp=399095 upos=9355 uneg=5055 ball=-32.81 vball=0.09 aball=-0.1 bref=0.00 pid=-62.3 pref=392.9 ppos=399.1 apid=-0.0 integ=-155.9 vision=1 current=1 vframe=842 vs=1 vage=25 vpage=25 vdt=31 vmax=67 vacc=838 vrej=0 seq=0 elapsed=0 oled=3C
[  16632] STATUS mode=3 fault=none enc=505 denc=0 sreq=-56 sapplied=-56 crate=-56 uimp=396570 upos=9355 uneg=5095 ball=-32.80 vball=0.21 aball=-0.1 bref=0.00 pid=-56.2 pref=391.0 ppos=396.6 apid=-0.0 integ=-158.1 vision=1 current=1 vframe=843 vs=1 vage=32 vpage=32 vdt=33 vmax=67 vacc=839 vrej=0 seq=0 elapsed=0 oled=3C
[  16659] STATUS mode=3 fault=none enc=504 denc=0 sreq=-32 sapplied=-32 crate=-32 uimp=395750 upos=9355 uneg=5115 ball=-32.58 vball=1.94 aball=8.3 bref=0.00 pid=-32.2 pref=392.5 ppos=395.8 apid=0.0 integ=-160.2 vision=1 current=1 vframe=844 vs=1 vage=19 vpage=19 vdt=33 vmax=67 vacc=840 vrej=0 seq=0 elapsed=0 oled=3C
[  16686] STATUS mode=3 fault=none enc=503 denc=-1 sreq=-52 sapplied=-52 crate=-52 uimp=395150 upos=9355 uneg=5135 ball=-32.54 vball=1.74 aball=8.3 bref=0.00 pid=-51.9 pref=390.0 ppos=395.2 apid=0.0 integ=-162.4 vision=1 current=1 vframe=845 vs=1 vage=5 vpage=5 vdt=34 vmax=67 vacc=841 vrej=0 seq=0 elapsed=0 oled=3C
[  16713] STATUS mode=3 fault=none enc=500 denc=-2 sreq=-63 sapplied=-63 crate=-63 uimp=393255 upos=9355 uneg=5175 ball=-32.53 vball=1.28 aball=8.3 bref=0.00 pid=-63.5 pref=386.9 ppos=393.3 apid=0.0 integ=-164.6 vision=1 current=1 vframe=846 vs=1 vage=12 vpage=12 vdt=33 vmax=67 vacc=842 vrej=0 seq=0 elapsed=0 oled=3C
[  16739] STATUS mode=3 fault=none enc=499 denc=0 sreq=-52 sapplied=-52 crate=-52 uimp=392085 upos=9355 uneg=5195 ball=-32.51 vball=1.06 aball=8.3 bref=0.00 pid=-51.8 pref=386.9 ppos=392.1 apid=0.0 integ=-164.6 vision=1 current=1 vframe=847 vs=1 vage=1 vpage=1 vdt=31 vmax=67 vacc=843 vrej=0 seq=0 elapsed=0 oled=3C
[  16766] STATUS mode=3 fault=none enc=498 denc=0 sreq=-63 sapplied=-63 crate=-63 uimp=390775 upos=9355 uneg=5215 ball=-32.51 vball=1.06 aball=0.5 bref=0.00 pid=-63.0 pref=384.5 ppos=390.8 apid=0.0 integ=-166.6 vision=1 current=1 vframe=847 vs=1 vage=21 vpage=21 vdt=31 vmax=67 vacc=843 vrej=0 seq=0 elapsed=0 oled=3C
[  16793] STATUS mode=3 fault=none enc=494 denc=0 sreq=-65 sapplied=-65 crate=-65 uimp=388120 upos=9355 uneg=5255 ball=-32.51 vball=0.76 aball=0.5 bref=0.00 pid=-65.2 pref=381.6 ppos=388.1 apid=0.0 integ=-168.9 vision=1 current=1 vframe=848 vs=1 vage=26 vpage=26 vdt=35 vmax=67 vacc=844 vrej=0 seq=0 elapsed=0 oled=3C
[  16820] STATUS mode=3 fault=none enc=492 denc=0 sreq=-105 sapplied=-105 crate=-105 uimp=386345 upos=9355 uneg=5275 ball=-32.67 vball=-0.96 aball=0.5 bref=0.00 pid=-105.3 pref=375.8 ppos=386.3 apid=0.0 integ=-171.0 vision=1 current=1 vframe=849 vs=1 vage=13 vpage=13 vdt=33 vmax=67 vacc=845 vrej=0 seq=0 elapsed=0 oled=3C
[  16847] STATUS mode=3 fault=none enc=490 denc=0 sreq=-86 sapplied=-86 crate=-86 uimp=384395 upos=9355 uneg=5295 ball=-32.67 vball=-0.96 aball=0.5 bref=0.00 pid=-85.8 pref=375.8 ppos=384.4 apid=0.0 integ=-171.0 vision=1 current=1 vframe=849 vs=1 vage=33 vpage=33 vdt=33 vmax=67 vacc=845 vrej=0 seq=0 elapsed=0 oled=3C
[  16875] STATUS mode=3 fault=none enc=484 denc=-1 sreq=-104 sapplied=-104 crate=-104 uimp=380190 upos=9355 uneg=5335 ball=-32.85 vball=-1.71 aball=-12.7 bref=0.00 pid=-104.3 pref=369.8 ppos=380.2 apid=-0.0 integ=-175.4 vision=1 current=1 vframe=851 vs=1 vage=7 vpage=7 vdt=31 vmax=67 vacc=847 vrej=0 seq=0 elapsed=0 oled=3C
[  16902] STATUS mode=3 fault=none enc=483 denc=1 sreq=-85 sapplied=-85 crate=-85 uimp=378260 upos=9355 uneg=5355 ball=-32.85 vball=-1.71 aball=-12.7 bref=0.00 pid=-85.0 pref=369.8 ppos=378.3 apid=-0.0 integ=-175.4 vision=1 current=1 vframe=851 vs=1 vage=27 vpage=27 vdt=31 vmax=67 vacc=847 vrej=0 seq=0 elapsed=0 oled=3C
[  16929] STATUS mode=3 fault=none enc=478 denc=-1 sreq=-66 sapplied=-66 crate=-66 uimp=375050 upos=9355 uneg=5395 ball=-32.86 vball=-1.25 aball=-12.7 bref=0.00 pid=-66.1 pref=368.4 ppos=375.1 apid=-0.0 integ=-177.6 vision=1 current=1 vframe=852 vs=1 vage=33 vpage=33 vdt=34 vmax=67 vacc=848 vrej=0 seq=0 elapsed=0 oled=3C
[  16956] STATUS mode=3 fault=none enc=476 denc=0 sreq=-65 sapplied=-65 crate=-65 uimp=373645 upos=9355 uneg=5415 ball=-32.85 vball=-0.80 aball=-1.9 bref=0.00 pid=-64.7 pref=367.2 ppos=373.6 apid=-0.0 integ=-179.8 vision=1 current=1 vframe=853 vs=1 vage=20 vpage=20 vdt=33 vmax=67 vacc=849 vrej=0 seq=0 elapsed=0 oled=3C
[  16983] STATUS mode=3 fault=none enc=475 denc=1 sreq=0 sapplied=0 crate=-12 uimp=372450 upos=9355 uneg=5435 ball=-32.54 vball=2.15 aball=-1.9 bref=0.00 pid=-12.1 pref=371.2 ppos=372.5 apid=-0.0 integ=-182.0 vision=1 current=1 vframe=854 vs=1 vage=6 vpage=6 vdt=34 vmax=67 vacc=850 vrej=0 seq=0 elapsed=0 oled=3C
[  17010] STATUS mode=3 fault=none enc=474 denc=0 sreq=126 sapplied=126 crate=126 uimp=373115 upos=9360 uneg=5435 ball=-31.70 vball=8.89 aball=-1.9 bref=0.00 pid=126.1 pref=385.7 ppos=373.1 apid=-0.0 integ=-182.0 vision=1 current=1 vframe=855 vs=1 vage=14 vpage=14 vdt=32 vmax=67 vacc=851 vrej=0 seq=0 elapsed=0 oled=3C
[  17037] STATUS mode=3 fault=none enc=476 denc=1 sreq=103 sapplied=103 crate=103 uimp=375455 upos=9380 uneg=5435 ball=-31.70 vball=8.89 aball=-1.9 bref=0.00 pid=102.7 pref=385.7 ppos=375.5 apid=-0.0 integ=-182.0 vision=1 current=1 vframe=855 vs=1 vage=34 vpage=34 vdt=32 vmax=67 vacc=851 vrej=0 seq=0 elapsed=0 oled=3C
[  17064] STATUS mode=3 fault=none enc=479 denc=1 sreq=132 sapplied=132 crate=132 uimp=378170 upos=9400 uneg=5435 ball=-31.12 vball=11.38 aball=53.8 bref=0.00 pid=132.3 pref=391.4 ppos=378.2 apid=0.0 integ=-0.0 vision=1 current=1 vframe=856 vs=1 vage=20 vpage=20 vdt=34 vmax=67 vacc=852 vrej=0 seq=0 elapsed=0 oled=3C
[  17090] STATUS mode=3 fault=none enc=484 denc=0 sreq=91 sapplied=91 crate=91 uimp=382680 upos=9440 uneg=5435 ball=-30.76 vball=11.33 aball=53.8 bref=0.00 pid=90.5 pref=391.7 ppos=382.7 apid=0.0 integ=-0.0 vision=1 current=1 vframe=857 vs=1 vage=26 vpage=26 vdt=34 vmax=67 vacc=853 vrej=0 seq=0 elapsed=0 oled=3C
[  17117] STATUS mode=3 fault=none enc=488 denc=1 sreq=159 sapplied=159 crate=159 uimp=385280 upos=9460 uneg=5435 ball=-29.92 vball=15.53 aball=53.8 bref=0.00 pid=158.6 pref=401.1 ppos=385.3 apid=0.0 integ=-0.0 vision=1 current=1 vframe=858 vs=1 vage=13 vpage=13 vdt=33 vmax=67 vacc=854 vrej=0 seq=0 elapsed=0 oled=3C
[  17144] STATUS mode=3 fault=none enc=492 denc=1 sreq=129 sapplied=129 crate=129 uimp=388225 upos=9480 uneg=5435 ball=-29.92 vball=15.53 aball=53.8 bref=0.00 pid=129.2 pref=401.1 ppos=388.2 apid=0.0 integ=-0.0 vision=1 current=1 vframe=858 vs=1 vage=33 vpage=33 vdt=33 vmax=67 vacc=854 vrej=0 seq=0 elapsed=0 oled=3C
[  17171] STATUS mode=3 fault=none enc=503 denc=3 sreq=245 sapplied=245 crate=245 uimp=396235 upos=9520 uneg=5435 ball=-27.73 vball=24.03 aball=72.6 bref=0.00 pid=245.4 pref=420.8 ppos=396.2 apid=0.0 integ=-0.0 vision=1 current=1 vframe=860 vs=1 vage=6 vpage=6 vdt=33 vmax=67 vacc=856 vrej=0 seq=0 elapsed=0 oled=3C
[  17198] STATUS mode=3 fault=none enc=507 denc=1 sreq=200 sapplied=200 crate=200 uimp=400780 upos=9540 uneg=5435 ball=-27.73 vball=24.03 aball=72.6 bref=0.00 pid=199.9 pref=420.8 ppos=400.8 apid=0.0 integ=-0.0 vision=1 current=1 vframe=860 vs=1 vage=26 vpage=26 vdt=33 vmax=67 vacc=856 vrej=0 seq=0 elapsed=0 oled=3C
[  17224] STATUS mode=3 fault=none enc=512 denc=1 sreq=202 sapplied=202 crate=202 uimp=404690 upos=9560 uneg=5435 ball=-26.76 vball=25.50 aball=72.6 bref=0.00 pid=201.8 pref=424.9 ppos=404.7 apid=0.0 integ=-0.0 vision=1 current=1 vframe=861 vs=1 vage=12 vpage=12 vdt=34 vmax=67 vacc=857 vrej=0 seq=0 elapsed=0 oled=3C
[  17251] STATUS mode=3 fault=none enc=522 denc=1 sreq=175 sapplied=175 crate=175 uimp=412175 upos=9600 uneg=5435 ball=-25.70 vball=27.28 aball=68.0 bref=0.00 pid=175.3 pref=429.7 ppos=412.2 apid=0.0 integ=-0.0 vision=1 current=1 vframe=862 vs=1 vage=19 vpage=19 vdt=33 vmax=67 vacc=858 vrej=0 seq=0 elapsed=0 oled=3C
[  17278] STATUS mode=3 fault=none enc=526 denc=1 sreq=214 sapplied=214 crate=214 uimp=415425 upos=9620 uneg=5435 ball=-24.44 vball=30.07 aball=68.0 bref=0.00 pid=213.7 pref=436.8 ppos=415.4 apid=0.0 integ=-0.0 vision=1 current=1 vframe=863 vs=1 vage=6 vpage=6 vdt=33 vmax=67 vacc=859 vrej=0 seq=0 elapsed=0 oled=3C
[  17305] STATUS mode=3 fault=none enc=532 denc=1 sreq=174 sapplied=174 crate=174 uimp=419390 upos=9640 uneg=5435 ball=-24.44 vball=30.07 aball=68.0 bref=0.00 pid=174.1 pref=436.8 ppos=419.4 apid=0.0 integ=-0.0 vision=1 current=1 vframe=863 vs=1 vage=26 vpage=26 vdt=33 vmax=67 vacc=859 vrej=0 seq=0 elapsed=0 oled=3C
[  17332] STATUS mode=3 fault=none enc=544 denc=2 sreq=212 sapplied=212 crate=212 uimp=427985 upos=9680 uneg=5435 ball=-22.85 vball=35.32 aball=68.0 bref=0.00 pid=212.2 pref=449.2 ppos=428.0 apid=0.0 integ=-0.0 vision=1 current=1 vframe=864 vs=1 vage=31 vpage=31 vdt=35 vmax=67 vacc=860 vrej=0 seq=0 elapsed=0 oled=3C
[  17358] STATUS mode=3 fault=none enc=548 denc=2 sreq=146 sapplied=146 crate=146 uimp=431480 upos=9700 uneg=5435 ball=-21.94 vball=33.23 aball=64.2 bref=0.00 pid=146.4 pref=446.1 ppos=431.5 apid=0.0 integ=-0.0 vision=1 current=1 vframe=865 vs=1 vage=19 vpage=19 vdt=32 vmax=67 vacc=861 vrej=0 seq=0 elapsed=0 oled=3C
[  17385] STATUS mode=3 fault=none enc=551 denc=1 sreq=226 sapplied=226 crate=226 uimp=434195 upos=9720 uneg=5435 ball=-20.06 vball=39.85 aball=64.2 bref=0.00 pid=274.2 pref=461.6 ppos=434.2 apid=0.0 integ=-0.0 vision=1 current=1 vframe=866 vs=1 vage=6 vpage=6 vdt=33 vmax=67 vacc=862 vrej=0 seq=0 elapsed=0 oled=3C
[  17412] STATUS mode=3 fault=none enc=564 denc=2 sreq=265 sapplied=265 crate=265 uimp=444125 upos=9760 uneg=5435 ball=-18.34 vball=43.30 aball=64.2 bref=0.00 pid=264.5 pref=470.6 ppos=444.1 apid=0.0 integ=-0.0 vision=1 current=1 vframe=867 vs=1 vage=13 vpage=13 vdt=33 vmax=67 vacc=863 vrej=0 seq=0 elapsed=0 oled=3C
[  17439] STATUS mode=3 fault=none enc=570 denc=1 sreq=215 sapplied=215 crate=215 uimp=449035 upos=9780 uneg=5435 ball=-18.34 vball=43.30 aball=64.2 bref=0.00 pid=215.4 pref=470.6 ppos=449.0 apid=0.0 integ=-0.0 vision=1 current=1 vframe=867 vs=1 vage=33 vpage=33 vdt=33 vmax=67 vacc=863 vrej=0 seq=0 elapsed=0 oled=3C
[  17466] STATUS mode=3 fault=none enc=579 denc=3 sreq=283 sapplied=283 crate=283 uimp=454745 upos=9800 uneg=5435 ball=-16.35 vball=48.36 aball=104.1 bref=0.00 pid=283.4 pref=483.1 ppos=454.7 apid=0.0 integ=-0.0 vision=1 current=1 vframe=868 vs=1 vage=20 vpage=20 vdt=33 vmax=67 vacc=864 vrej=0 seq=0 elapsed=0 oled=3C
[  17493] STATUS mode=3 fault=none enc=590 denc=2 sreq=188 sapplied=188 crate=188 uimp=464280 upos=9840 uneg=5435 ball=-16.35 vball=48.36 aball=104.1 bref=0.00 pid=188.1 pref=483.1 ppos=464.3 apid=0.0 integ=-0.0 vision=1 current=0 vframe=869 vs=0 vage=60 vpage=27 vdt=33 vmax=67 vacc=864 vrej=0 seq=0 elapsed=0 oled=3C
[  17520] STATUS mode=3 fault=none enc=594 denc=1 sreq=159 sapplied=159 crate=159 uimp=467830 upos=9860 uneg=5435 ball=-13.47 vball=46.95 aball=104.1 bref=0.00 pid=158.9 pref=483.7 ppos=467.8 apid=0.0 integ=-0.0 vision=1 current=1 vframe=870 vs=1 vage=13 vpage=13 vdt=67 vmax=67 vacc=865 vrej=0 seq=0 elapsed=0 oled=3C
[  17547] STATUS mode=3 fault=none enc=598 denc=1 sreq=129 sapplied=129 crate=129 uimp=470775 upos=9880 uneg=5435 ball=-13.47 vball=46.95 aball=104.1 bref=0.00 pid=129.5 pref=483.7 ppos=470.8 apid=0.0 integ=-0.0 vision=1 current=1 vframe=870 vs=1 vage=33 vpage=33 vdt=67 vmax=67 vacc=865 vrej=0 seq=0 elapsed=0 oled=3C
[  17573] STATUS mode=3 fault=none enc=607 denc=1 sreq=251 sapplied=251 crate=251 uimp=478415 upos=9920 uneg=5435 ball=-9.33 vball=54.35 aball=70.0 bref=0.00 pid=250.8 pref=503.5 ppos=478.4 apid=0.0 integ=-0.0 vision=1 current=1 vframe=872 vs=1 vage=5 vpage=5 vdt=35 vmax=67 vacc=867 vrej=0 seq=0 elapsed=0 oled=3C
[  17600] STATUS mode=3 fault=none enc=614 denc=1 sreq=204 sapplied=204 crate=204 uimp=483065 upos=9940 uneg=5435 ball=-9.33 vball=54.35 aball=70.0 bref=0.00 pid=204.3 pref=503.5 ppos=483.1 apid=0.0 integ=-0.0 vision=1 current=1 vframe=872 vs=1 vage=25 vpage=25 vdt=35 vmax=67 vacc=867 vrej=0 seq=0 elapsed=0 oled=3C
[  17627] STATUS mode=3 fault=none enc=619 denc=1 sreq=209 sapplied=209 crate=209 uimp=487315 upos=9960 uneg=5435 ball=-7.40 vball=55.57 aball=70.0 bref=0.00 pid=209.3 pref=508.2 ppos=487.3 apid=0.0 integ=-0.0 vision=1 current=1 vframe=873 vs=1 vage=13 vpage=13 vdt=32 vmax=67 vacc=868 vrej=0 seq=0 elapsed=0 oled=3C
[  17653] STATUS mode=3 fault=none enc=629 denc=1 sreq=185 sapplied=185 crate=185 uimp=495130 upos=10000 uneg=5435 ball=-5.41 vball=57.07 aball=64.4 bref=0.00 pid=185.0 pref=513.6 ppos=495.1 apid=0.0 integ=-0.0 vision=1 current=1 vframe=874 vs=1 vage=18 vpage=18 vdt=35 vmax=67 vacc=869 vrej=0 seq=0 elapsed=0 oled=3C
[  17680] STATUS mode=3 fault=none enc=634 denc=1 sreq=67 sapplied=67 crate=67 uimp=498565 upos=10020 uneg=5435 ball=-4.05 vball=52.06 aball=64.4 bref=0.00 pid=66.8 pref=505.2 ppos=498.6 apid=0.0 integ=-0.0 vision=1 current=1 vframe=875 vs=1 vage=5 vpage=5 vdt=33 vmax=67 vacc=870 vrej=0 seq=0 elapsed=0 oled=3C
[  17706] STATUS mode=3 fault=none enc=634 denc=0 sreq=54 sapplied=54 crate=54 uimp=499800 upos=10040 uneg=5435 ball=-4.05 vball=52.06 aball=64.4 bref=0.00 pid=54.5 pref=505.2 ppos=499.8 apid=0.0 integ=-0.0 vision=1 current=1 vframe=875 vs=1 vage=25 vpage=25 vdt=33 vmax=67 vacc=870 vrej=0 seq=0 elapsed=0 oled=3C
[  17733] STATUS mode=3 fault=none enc=637 denc=-1 sreq=89 sapplied=89 crate=89 uimp=503180 upos=10080 uneg=5435 ball=-2.06 vball=54.28 aball=64.4 bref=0.00 pid=88.9 pref=512.1 ppos=503.2 apid=0.0 integ=-0.0 vision=1 current=1 vframe=876 vs=1 vage=32 vpage=32 vdt=33 vmax=67 vacc=871 vrej=0 seq=0 elapsed=0 oled=3C
[  17759] STATUS mode=3 fault=none enc=640 denc=1 sreq=68 sapplied=68 crate=68 uimp=504765 upos=10100 uneg=5435 ball=-0.45 vball=53.08 aball=17.3 bref=0.00 pid=68.4 pref=511.6 ppos=504.8 apid=0.0 integ=-0.0 vision=1 current=1 vframe=877 vs=1 vage=19 vpage=19 vdt=33 vmax=67 vacc=872 vrej=0 seq=0 elapsed=0 oled=3C
[  17786] STATUS mode=3 fault=none enc=641 denc=0 sreq=80 sapplied=80 crate=80 uimp=506035 upos=10120 uneg=5435 ball=1.37 vball=53.18 aball=17.3 bref=0.00 pid=79.6 pref=514.0 ppos=506.0 apid=0.0 integ=-0.0 vision=1 current=1 vframe=878 vs=1 vage=5 vpage=5 vdt=34 vmax=67 vacc=873 vrej=0 seq=0 elapsed=0 oled=3C
[  17813] STATUS mode=3 fault=none enc=644 denc=-1 sreq=-27 sapplied=-27 crate=-27 uimp=508010 upos=10150 uneg=5440 ball=2.55 vball=48.14 aball=17.3 bref=0.00 pid=-26.8 pref=505.3 ppos=508.0 apid=0.0 integ=-0.0 vision=1 current=1 vframe=879 vs=1 vage=13 vpage=13 vdt=32 vmax=67 vacc=874 vrej=0 seq=0 elapsed=0 oled=3C
[  17839] STATUS mode=3 fault=none enc=645 denc=0 sreq=-22 sapplied=-22 crate=-22 uimp=507515 upos=10150 uneg=5460 ball=2.55 vball=48.14 aball=17.3 bref=0.00 pid=-21.9 pref=505.3 ppos=507.5 apid=0.0 integ=-0.0 vision=1 current=1 vframe=879 vs=1 vage=33 vpage=33 vdt=32 vmax=67 vacc=874 vrej=0 seq=0 elapsed=0 oled=3C
[  17866] STATUS mode=3 fault=none enc=643 denc=-1 sreq=-86 sapplied=-86 crate=-86 uimp=505975 upos=10150 uneg=5480 ball=3.66 vball=43.50 aball=-33.6 bref=0.00 pid=-86.0 pref=497.4 ppos=506.0 apid=-0.0 integ=-0.0 vision=1 current=1 vframe=880 vs=1 vage=19 vpage=19 vdt=34 vmax=67 vacc=875 vrej=0 seq=0 elapsed=0 oled=3C
[  17893] STATUS mode=3 fault=none enc=641 denc=0 sreq=0 sapplied=0 crate=0 uimp=504375 upos=10150 uneg=5500 ball=5.43 vball=46.41 aball=-33.6 bref=0.00 pid=0.0 pref=505.3 ppos=504.4 apid=-0.0 integ=-0.0 vision=1 current=1 vframe=881 vs=1 vage=26 vpage=26 vdt=33 vmax=67 vacc=876 vrej=0 seq=0 elapsed=0 oled=3C
[  17919] STATUS mode=3 fault=none enc=641 denc=0 sreq=102 sapplied=102 crate=102 uimp=504910 upos=10155 uneg=5500 ball=7.38 vball=50.12 aball=-33.6 bref=0.00 pid=101.7 pref=515.1 ppos=504.9 apid=-0.0 integ=-0.0 vision=1 current=1 vframe=882 vs=1 vage=13 vpage=13 vdt=33 vmax=67 vacc=877 vrej=0 seq=0 elapsed=0 oled=3C
[  17946] STATUS mode=3 fault=none enc=644 denc=2 sreq=83 sapplied=83 crate=83 uimp=506800 upos=10175 uneg=5500 ball=7.38 vball=50.12 aball=-33.6 bref=0.00 pid=82.8 pref=515.1 ppos=506.8 apid=-0.0 integ=-0.0 vision=1 current=1 vframe=882 vs=1 vage=33 vpage=33 vdt=33 vmax=67 vacc=877 vrej=0 seq=0 elapsed=0 oled=3C
[  17973] STATUS mode=3 fault=none enc=645 denc=0 sreq=-44 sapplied=0 crate=-44 uimp=507215 upos=10180 uneg=5500 ball=9.49 vball=42.71 aball=-9.8 bref=0.00 pid=-44.2 pref=502.8 ppos=507.2 apid=-0.0 integ=-0.0 vision=1 current=1 vframe=884 vs=1 vage=6 vpage=6 vdt=33 vmax=67 vacc=879 vrej=0 seq=0 elapsed=0 oled=3C
[  17999] STATUS mode=3 fault=none enc=645 denc=0 sreq=-38 sapplied=-38 crate=-38 uimp=506585 upos=10180 uneg=5515 ball=9.49 vball=42.71 aball=-9.8 bref=0.00 pid=-37.9 pref=502.8 ppos=506.6 apid=-0.0 integ=-0.0 vision=1 current=1 vframe=884 vs=1 vage=26 vpage=26 vdt=33 vmax=67 vacc=879 vrej=0 seq=0 elapsed=0 oled=3C
[  18027] STATUS mode=3 fault=none enc=644 denc=1 sreq=-143 sapplied=-143 crate=-143 uimp=504780 upos=10180 uneg=5535 ball=10.14 vball=36.16 aball=-9.8 bref=0.00 pid=-143.1 pref=490.5 ppos=504.8 apid=-0.0 integ=-0.0 vision=1 current=1 vframe=885 vs=1 vage=13 vpage=13 vdt=33 vmax=67 vacc=880 vrej=0 seq=0 elapsed=0 oled=3C
[  18053] STATUS mode=3 fault=none enc=639 denc=0 sreq=0 sapplied=0 crate=-12 uimp=501540 upos=10180 uneg=5560 ball=11.76 vball=40.13 aball=-29.2 bref=0.00 pid=-11.8 pref=500.4 ppos=501.5 apid=-0.0 integ=-0.0 vision=1 current=1 vframe=886 vs=1 vage=19 vpage=19 vdt=34 vmax=67 vacc=881 vrej=0 seq=0 elapsed=0 oled=3C
[  18081] STATUS mode=3 fault=none enc=639 denc=0 sreq=-108 sapplied=-108 crate=-108 uimp=501540 upos=10180 uneg=5560 ball=12.53 vball=34.88 aball=-29.2 bref=0.00 pid=-107.6 pref=490.8 ppos=501.5 apid=-0.0 integ=-0.0 vision=1 current=1 vframe=887 vs=1 vage=6 vpage=6 vdt=33 vmax=67 vacc=882 vrej=0 seq=0 elapsed=0 oled=3C
[  18108] STATUS mode=3 fault=none enc=638 denc=0 sreq=-88 sapplied=-88 crate=-88 uimp=499545 upos=10180 uneg=5580 ball=12.53 vball=34.88 aball=-29.2 bref=0.00 pid=-87.6 pref=490.8 ppos=499.5 apid=-0.0 integ=-0.0 vision=1 current=1 vframe=887 vs=1 vage=26 vpage=26 vdt=33 vmax=67 vacc=882 vrej=0 seq=0 elapsed=0 oled=3C
[  18134] STATUS mode=3 fault=none enc=636 denc=0 sreq=0 sapplied=0 crate=-18 uimp=498295 upos=10180 uneg=5595 ball=13.93 vball=36.90 aball=-29.2 bref=0.00 pid=-17.9 pref=496.5 ppos=498.3 apid=-0.0 integ=-0.0 vision=1 current=1 vframe=888 vs=1 vage=31 vpage=31 vdt=35 vmax=67 vacc=883 vrej=0 seq=0 elapsed=0 oled=3C
[  18161] STATUS mode=3 fault=none enc=635 denc=-1 sreq=-67 sapplied=-67 crate=-67 uimp=497185 upos=10180 uneg=5610 ball=14.74 vball=33.42 aball=-46.3 bref=0.00 pid=-66.7 pref=490.5 ppos=497.2 apid=-0.0 integ=-0.0 vision=1 current=1 vframe=889 vs=1 vage=19 vpage=19 vdt=32 vmax=67 vacc=884 vrej=0 seq=0 elapsed=0 oled=3C
[  18188] STATUS mode=3 fault=none enc=634 denc=0 sreq=-60 sapplied=-60 crate=-60 uimp=495950 upos=10180 uneg=5630 ball=15.80 vball=32.52 aball=-46.3 bref=0.00 pid=-59.6 pref=490.0 ppos=496.0 apid=-0.0 integ=-0.0 vision=1 current=1 vframe=890 vs=1 vage=6 vpage=6 vdt=33 vmax=67 vacc=885 vrej=0 seq=0 elapsed=0 oled=3C
[  18216] STATUS mode=3 fault=none enc=631 denc=1 sreq=-114 sapplied=-114 crate=-114 uimp=493135 upos=10180 uneg=5670 ball=16.37 vball=28.06 aball=-46.3 bref=0.00 pid=-113.8 pref=481.8 ppos=493.1 apid=-0.0 integ=-0.0 vision=1 current=1 vframe=891 vs=1 vage=13 vpage=13 vdt=33 vmax=67 vacc=886 vrej=0 seq=0 elapsed=0 oled=3C
[  18243] STATUS mode=3 fault=none enc=628 denc=-1 sreq=-93 sapplied=-93 crate=-93 uimp=491020 upos=10180 uneg=5690 ball=16.37 vball=28.06 aball=-46.3 bref=0.00 pid=-92.7 pref=481.8 ppos=491.0 apid=-0.0 integ=-0.0 vision=1 current=1 vframe=891 vs=1 vage=33 vpage=33 vdt=33 vmax=67 vacc=886 vrej=0 seq=0 elapsed=0 oled=3C
[  18270] STATUS mode=3 fault=none enc=621 denc=-2 sreq=-146 sapplied=-146 crate=-146 uimp=485845 upos=10180 uneg=5730 ball=17.47 vball=22.16 aball=-66.3 bref=0.00 pid=-145.7 pref=471.3 ppos=485.8 apid=-0.0 integ=-0.0 vision=1 current=1 vframe=893 vs=1 vage=6 vpage=6 vdt=33 vmax=67 vacc=888 vrej=0 seq=0 elapsed=0 oled=3C
[  18298] STATUS mode=3 fault=none enc=617 denc=-2 sreq=-119 sapplied=-119 crate=-119 uimp=483140 upos=10180 uneg=5750 ball=17.47 vball=22.16 aball=-66.3 bref=0.00 pid=-118.7 pref=471.3 ppos=483.1 apid=-0.0 integ=-0.0 vision=1 current=1 vframe=893 vs=1 vage=26 vpage=26 vdt=33 vmax=67 vacc=888 vrej=0 seq=0 elapsed=0 oled=3C
[  18325] STATUS mode=3 fault=none enc=615 denc=0 sreq=-133 sapplied=-133 crate=-133 uimp=480545 upos=10180 uneg=5770 ball=17.95 vball=19.87 aball=-66.3 bref=0.00 pid=-132.8 pref=467.3 ppos=480.5 apid=-0.0 integ=-0.0 vision=1 current=1 vframe=894 vs=1 vage=13 vpage=13 vdt=33 vmax=67 vacc=889 vrej=0 seq=0 elapsed=0 oled=3C
[  18352] STATUS mode=3 fault=none enc=606 denc=-1 sreq=-169 sapplied=-169 crate=-169 uimp=474720 upos=10180 uneg=5810 ball=18.07 vball=15.05 aball=-78.3 bref=0.00 pid=-169.5 pref=457.8 ppos=474.7 apid=-0.0 integ=-0.0 vision=1 current=1 vframe=895 vs=1 vage=19 vpage=19 vdt=34 vmax=67 vacc=890 vrej=0 seq=0 elapsed=0 oled=3C
[  18380] STATUS mode=3 fault=none enc=602 denc=-2 sreq=-190 sapplied=-190 crate=-190 uimp=471580 upos=10180 uneg=5830 ball=18.28 vball=12.34 aball=-78.3 bref=0.00 pid=-189.8 pref=452.6 ppos=471.6 apid=-0.0 integ=-0.0 vision=1 current=1 vframe=896 vs=1 vage=6 vpage=6 vdt=33 vmax=67 vacc=891 vrej=0 seq=0 elapsed=0 oled=3C
[  18407] STATUS mode=3 fault=none enc=597 denc=-1 sreq=-155 sapplied=-155 crate=-155 uimp=468060 upos=10180 uneg=5850 ball=18.28 vball=12.34 aball=-78.3 bref=0.00 pid=-154.6 pref=452.6 ppos=468.1 apid=-0.0 integ=-0.0 vision=1 current=1 vframe=896 vs=1 vage=26 vpage=26 vdt=33 vmax=67 vacc=891 vrej=0 seq=0 elapsed=0 oled=3C
[  18434] STATUS mode=3 fault=none enc=594 denc=0 sreq=-56 sapplied=-56 crate=-56 uimp=464220 upos=10180 uneg=5890 ball=18.99 vball=14.92 aball=-78.3 bref=0.00 pid=-56.1 pref=458.6 ppos=464.2 apid=-0.0 integ=-0.0 vision=1 current=1 vframe=897 vs=1 vage=32 vpage=32 vdt=34 vmax=67 vacc=892 vrej=0 seq=0 elapsed=0 oled=3C
[  18461] STATUS mode=3 fault=none enc=591 denc=-2 sreq=-74 sapplied=-74 crate=-74 uimp=462710 upos=10180 uneg=5910 ball=19.29 vball=13.10 aball=-51.7 bref=0.00 pid=-73.8 pref=455.3 ppos=462.7 apid=-0.0 integ=-0.0 vision=1 current=1 vframe=898 vs=1 vage=18 vpage=18 vdt=34 vmax=67 vacc=893 vrej=0 seq=0 elapsed=0 oled=3C
[  18488] STATUS mode=3 fault=none enc=590 denc=0 sreq=-111 sapplied=-111 crate=-111 uimp=461340 upos=10180 uneg=5930 ball=19.43 vball=10.45 aball=-51.7 bref=0.00 pid=-111.4 pref=450.2 ppos=461.3 apid=-0.0 integ=-0.0 vision=1 current=1 vframe=899 vs=1 vage=5 vpage=5 vdt=33 vmax=67 vacc=894 vrej=0 seq=0 elapsed=0 oled=3C
[  18515] STATUS mode=3 fault=none enc=585 denc=-1 sreq=-74 sapplied=-74 crate=-74 uimp=457590 upos=10180 uneg=5970 ball=19.43 vball=10.45 aball=-51.7 bref=0.00 pid=-73.9 pref=450.2 ppos=457.6 apid=-0.0 integ=-0.0 vision=1 current=0 vframe=900 vs=0 vage=45 vpage=12 vdt=33 vmax=67 vacc=894 vrej=0 seq=0 elapsed=0 oled=3C
[  18542] STATUS mode=3 fault=none enc=584 denc=1 sreq=-60 sapplied=-60 crate=-60 uimp=456220 upos=10180 uneg=5990 ball=19.43 vball=10.45 aball=-51.7 bref=0.00 pid=-60.2 pref=450.2 ppos=456.2 apid=-0.0 integ=-0.0 vision=1 current=0 vframe=900 vs=0 vage=65 vpage=32 vdt=33 vmax=67 vacc=894 vrej=0 seq=0 elapsed=0 oled=3C
[  18570] STATUS mode=3 fault=none enc=579 denc=0 sreq=-177 sapplied=-177 crate=-177 uimp=451245 upos=10180 uneg=6030 ball=19.19 vball=2.25 aball=-62.6 bref=0.00 pid=-132.6 pref=440.5 ppos=453.7 apid=-0.0 integ=-0.0 vision=1 current=1 vframe=901 vs=1 vage=19 vpage=19 vdt=66 vmax=67 vacc=895 vrej=0 seq=0 elapsed=0 oled=3C
[  18597] STATUS mode=3 fault=none enc=574 denc=0 sreq=-144 sapplied=-144 crate=-144 uimp=447960 upos=10180 uneg=6050 ball=19.19 vball=2.25 aball=-62.6 bref=0.00 pid=-144.5 pref=433.5 ppos=448.0 apid=-0.0 integ=-0.0 vision=1 current=1 vframe=902 vs=1 vage=26 vpage=26 vdt=33 vmax=67 vacc=896 vrej=0 seq=0 elapsed=0 oled=3C
[  18624] STATUS mode=3 fault=none enc=570 denc=-2 sreq=-87 sapplied=-87 crate=-87 uimp=445445 upos=10180 uneg=6070 ball=19.41 vball=3.72 aball=-62.6 bref=0.00 pid=-87.3 pref=436.7 ppos=445.4 apid=-0.0 integ=-0.0 vision=1 current=1 vframe=903 vs=1 vage=12 vpage=12 vdt=34 vmax=67 vacc=897 vrej=0 seq=0 elapsed=0 oled=3C
[  18651] STATUS mode=3 fault=none enc=568 denc=-1 sreq=-39 sapplied=-39 crate=-39 uimp=442825 upos=10180 uneg=6110 ball=19.65 vball=4.69 aball=-38.5 bref=0.00 pid=-38.8 pref=438.9 ppos=442.8 apid=-0.0 integ=-0.0 vision=1 current=1 vframe=904 vs=1 vage=19 vpage=19 vdt=33 vmax=67 vacc=898 vrej=0 seq=0 elapsed=0 oled=3C
[  18677] STATUS mode=3 fault=none enc=568 denc=0 sreq=0 sapplied=0 crate=0 uimp=442105 upos=10180 uneg=6130 ball=19.92 vball=5.82 aball=-38.5 bref=0.00 pid=0.0 pref=441.5 ppos=442.1 apid=-0.0 integ=-0.0 vision=1 current=1 vframe=905 vs=1 vage=5 vpage=5 vdt=34 vmax=67 vacc=899 vrej=0 seq=0 elapsed=0 oled=3C
[  18703] STATUS mode=3 fault=none enc=567 denc=0 sreq=0 sapplied=0 crate=0 uimp=442105 upos=10180 uneg=6130 ball=19.92 vball=5.82 aball=-38.5 bref=0.00 pid=0.0 pref=441.5 ppos=442.1 apid=-0.0 integ=-0.0 vision=1 current=1 vframe=905 vs=1 vage=25 vpage=25 vdt=34 vmax=67 vacc=899 vrej=0 seq=0 elapsed=0 oled=3C
[  18730] STATUS mode=3 fault=none enc=568 denc=2 sreq=59 sapplied=59 crate=59 uimp=443440 upos=10200 uneg=6130 ball=20.52 vball=9.34 aball=-38.5 bref=0.00 pid=58.5 pref=449.3 ppos=443.4 apid=-0.0 integ=-0.0 vision=1 current=1 vframe=906 vs=1 vage=32 vpage=32 vdt=33 vmax=67 vacc=900 vrej=0 seq=0 elapsed=0 oled=3C
[  18756] STATUS mode=3 fault=none enc=570 denc=1 sreq=80 sapplied=80 crate=80 uimp=445060 upos=10220 uneg=6130 ball=21.00 vball=10.92 aball=6.9 bref=0.00 pid=79.7 pref=453.0 ppos=445.1 apid=0.0 integ=-0.0 vision=1 current=1 vframe=907 vs=1 vage=19 vpage=19 vdt=33 vmax=67 vacc=901 vrej=0 seq=0 elapsed=0 oled=3C
[  18783] STATUS mode=3 fault=none enc=572 denc=1 sreq=77 sapplied=77 crate=77 uimp=446540 upos=10240 uneg=6130 ball=21.42 vball=11.26 aball=6.9 bref=0.00 pid=76.7 pref=454.2 ppos=446.5 apid=0.0 integ=-0.0 vision=1 current=1 vframe=908 vs=1 vage=5 vpage=5 vdt=34 vmax=67 vacc=902 vrej=0 seq=0 elapsed=0 oled=3C
[  18809] STATUS mode=3 fault=none enc=573 denc=-1 sreq=40 sapplied=40 crate=40 uimp=449060 upos=10280 uneg=6130 ball=21.70 vball=10.52 aball=6.9 bref=0.00 pid=2.5 pref=454.2 ppos=448.0 apid=0.0 integ=-0.0 vision=1 current=1 vframe=908 vs=1 vage=25 vpage=25 vdt=34 vmax=67 vacc=902 vrej=0 seq=0 elapsed=0 oled=3C
[  18835] STATUS mode=3 fault=none enc=574 denc=-1 sreq=33 sapplied=33 crate=33 uimp=449800 upos=10300 uneg=6130 ball=21.70 vball=10.52 aball=6.9 bref=0.00 pid=32.7 pref=453.1 ppos=449.8 apid=0.0 integ=-0.0 vision=1 current=1 vframe=909 vs=1 vage=32 vpage=32 vdt=33 vmax=67 vacc=903 vrej=0 seq=0 elapsed=0 oled=3C
[  18862] STATUS mode=3 fault=none enc=576 denc=0 sreq=-22 sapplied=-22 crate=-22 uimp=449720 upos=10305 uneg=6140 ball=21.75 vball=7.70 aball=-10.7 bref=0.00 pid=-22.3 pref=447.5 ppos=449.7 apid=-0.0 integ=-0.0 vision=1 current=1 vframe=910 vs=1 vage=19 vpage=19 vdt=33 vmax=67 vacc=904 vrej=0 seq=0 elapsed=0 oled=3C
[  18889] STATUS mode=3 fault=none enc=576 denc=1 sreq==-35 sapplied=-35 crate=-35 uimp=449405 upos=10305 uneg=6155 ball=21.90 vball=6.80 aball=-10.7 bref=0.00 pid=-35.4 pref=445.9 ppos=449.4 apid=-0.0 integ=-0.0 vision=1 current=1 vframe=911 vs=1 vage=6 vpage=6 vdt=33 vmax=67 vacc=905 vrej=0 seq=0 elapsed=0 oled=3C
[  18916] STATUS mode=3 fault=none enc=573 denc=-2 sreq=58 sapplied=58 crate=58 uimp=448340 upos=10305 uneg=6190 ball=22.56 vball=10.56 aball=-10.7 bref=0.00 pid=58.4 pref=454.2 ppos=448.3 apid=-0.0 integ=-0.0 vision=1 current=1 vframe=912 vs=1 vage=12 vpage=12 vdt=34 vmax=67 vacc=906 vrej=0 seq=0 elapsed=0 oled=3C
[  18943] STATUS mode=3 fault=none enc=574 denc=0 sreq=48 sapplied=48 crate=48 uimp=449420 upos=10325 uneg=6190 ball=22.56 vball=10.56 aball=-10.7 bref=0.00 pid=47.6 pref=454.2 ppos=449.4 apid=-0.0 integ=-0.0 vision=1 current=1 vframe=912 vs=1 vage=32 vpage=32 vdt=34 vmax=67 vacc=906 vrej=0 seq=0 elapsed=0 oled=3C
[  18969] STATUS mode=3 fault=none enc=578 denc=1 sreq=0 sapplied=0 crate=11 uimp=452175 upos=10365 uneg=6190 ball=23.23 vball=9.71 aball=13.9 bref=0.00 pid=11.1 pref=ef=458.0 ppos=450.8 apid=0.0 integ=-0.0 vision=1 current=1 vframe=913 vs=1 vage=18 vpage=18 vdt=34 vmax=67 vacc=907 vrej=0 seq=0 elapsed=0 oled=3C
[  18995] STATUS mode=3 fault=none enc=578 denc=-1 sreq=0 sapplied=0 crate=11 uimp=452175 upos=10365 uneg=6190 ball=23.23 vball=9.71 aball=13.9 bref=0.00 pid=11.1 pref=453.3 ppos=452.2 apid=0.0 integ=-0.0 vision=1 current=1 vframe=914 vs=1 vage=25 vpage=25 vdt=33 vmax=67 vacc=908 vrej=0 seq=0 elapsed=0 oled=3C
[  19022] STATUS mode=3 fault=none enc=579 denc=0 sreq=-20 sapplied=-20 crate=-20 uimp=452175 upos=10365 uneg=6190 ball=23.37 vball=8.09 aball=13.9 bref=0.00 pid=-19.6 pref=450.2 ppos=452.2 apid=0.0 integ=-0.0 vision=1 current=1 vframe=915 vs=1 vage=12 vpage=12 vdt=33 vmax=67 vacc=909 vrej=0 seq=0 elapsed=0 oled=3C
[  19049] STATUS mode=3 fault=none enc=579 denc=0 sreq=0 sapplied=0 crate=-19 uimp=452075 upos=10365 uneg=6195 ball=23.37 vball=8.09 aball=13.9 bref=0.00 pid=-18.6 pref=450.2 ppos=452.1 apid=0.0 integ=-0.0 vision=1 current=1 vframe=915 vs=1 vage=32 vpage=32 vdt=33 vmax=67 vacc=909 vrej=0 seq=0 elapsed=0 oled=3C
[  19075] STATUS mode=3 fault=none enc=578 denc=1 sreq=-93 sapplied=-93 crate=-93 uimp=450590 upos=10365 uneg=6230 ball=23.36 vball=3.62 aball=-17.8 bref=0.00 pid=-93.3 pref=441.3 ppos=450.6 apid=-0.0 integ=-0.0 vision=1 current=1 vframe=917 vs=1 vage=5 vpage=5 vdt=33 vmax=67 vacc=911 vrej=0 seq=0 elapsed=0 oled=3C
[  19075] >>> stop
[  19102] STATUS mode=3 fault=none enc=577 denc=0 sreq=-76 sapplied=-76 crate=-76 uimp=448860 upos=10365 uneg=6250 ball=23.36 vball=3.62 aball=-17.8 bref=0.00 pid=-76.0 pref=441.3 ppos=448.9 apid=-0.0 integ=-0.0 vision=1 current=1 vframe=917 vs=1 vage=25 vpage=25 vdt=33 vmax=67 vacc=911 vrej=0 seq=0 elapsed=0 oled=3C
[  19128] STATUS mode=1 fault=none enc=573 denc=-2 sreq=0 sapplied=0 crate=0 uimp=447775 upos=10365 uneg=6265 ball=23.26 vball=1.69 aball=0.0 bref=0.00 pid=0.0 pref=447.8 ppos=447.8 apid=0.0 integ=0.0 vision=1 current=1 vframe=918 vs=1 vage=12 vpage=12 vdt=33 vmax=67 vacc=912 vrej=0 seq=0 elapsed=0 oled=3C
[  19154] STATUS mode=1 fault=none enc=571 denc=0 sreq=0 sapplied=0 crate=0 uimp=447775 upos=10365 uneg=6265 ball=23.21 vball=0.70 aball=0.0 bref=0.00 pid=0.0 pref=447.8 ppos=447.8 apid=0.0 integ=0.0 vision=1 current=1 vframe=919 vs=1 vage=19 vpage=19 vdt=33 vmax=67 vacc=913 vrej=0 seq=0 elapsed=0 oled=3C
[  19180] STATUS mode=1 fault=none enc=571 denc=0 sreq=0 sapplied=0 crate=0 uimp=447775 upos=10365 uneg=6265 ball=23.18 vball=0.24 aball=0.0 bref=0.00 pid=0.0 pref=447.8 ppos=447.8 apid=0.0 integ=0.0 vision=1 current=1 vframe=920 vs=1 vage=5 vpage=5 vdt=34 vmax=67 vacc=914 vrej=0 seq=0 elapsed=0 oled=3C
[  19206] STATUS mode=1 fault=none enc=571 denc=0 sreq=0 sapplied=0 crate=0 uimp=447775 upos=10365 uneg=6265 ball=23.18 vball=0.24 aball=0.0 bref=0.00 pid=0.0 pref=447.8 ppos=447.8 apid=0.0 integ=0.0 vision=1 current=1 vframe=920 vs=1 vage=25 vpage=25 vdt=34 vmax=67 vacc=914 vrej=0 seq=0 elapsed=0 oled=3C
[  19232] STATUS mode=1 fault=none enc=571 denc=0 sreq=0 sapplied=0 crate=0 uimp=447775 upos=10365 uneg=6265 ball=23.17 vball=0.15 aball=0.0 bref=0.00 pid=0.0 pref=447.8 ppos=447.8 apid=0.0 integ=0.0 vision=1 current=1 vframe=921 vs=1 vage=32 vpage=32 vdt=33 vmax=67 vacc=915 vrej=0 seq=0 elapsed=0 oled=3C
[  19258] STATUS mode=1 fault=none enc=571 denc=0 sreq=0 sapplied=0 crate=0 uimp=447775 upos=10365 uneg=6265 ball=23.19 vball=0.23 aball=0.0 bref=0.00 pid=0.0 pref=447.8 ppos=447.8 apid=0.0 integ=0.0 vision=1 current=1 vframe=922 vs=1 vage=19 vpage=19 vdt=33 vmax=67 vacc=916 vrej=0 seq=0 elapsed=0 oled=3C
[  19283] STATUS mode=1 fault=none enc=571 denc=0 sreq=0 sapplied=0 crate=0 uimp=447775 upos=10365 uneg=6265 ball=23.34 vball=1.47 aball=0.0 bref=0.00 pid=0.0 pref=447.8 ppos=447.8 apid=0.0 integ=0.0 vision=1 current=1 vframe=923 vs=1 vage=6 vpage=6 vdt=33 vmax=67 vacc=917 vrej=0 seq=0 elapsed=0 oled=3C
[  19309] STATUS mode=1 fault=none enc=571 denc=0 sreq=0 sapplied=0 crate=0 uimp=447775 upos=10365 uneg=6265 ball=23.38 vball=1.43 aball=0.0 bref=0.00 pid=0.0 pref=447.8 ppos=447.8 apid=0.0 integ=0.0 vision=1 current=1 vframe=924 vs=1 vage=10 vpage=10 vdt=36 vmax=67 vacc=918 vrej=0 seq=0 elapsed=0 oled=3C
[  19335] STATUS mode=1 fault=none enc=571 denc=0 sreq=0 sapplied=0 crate=0 uimp=447775 upos=10365 uneg=6265 ball=23.38 vball=1.43 aball=0.0 bref=0.00 pid=0.0 pref=447.8 ppos=447.8 apid=0.0 integ=0.0 vision=1 current=1 vframe=924 vs=1 vage=30 vpage=30 vdt=36 vmax=67 vacc=918 vrej=0 seq=0 elapsed=0 oled=3C
[  19335] >>> stream off
[  19361] STATUS mode=1 fault=none enc=571 denc=0 sreq=0 sapplied=0 crate=0 uimp=447775 upos=10365 uneg=6265 ball=23.17 vball=0.21 aball=0.0 bref=0.00 pid=0.0 pref=447.8 ppos=447.8 apid=0.0 integ=0.0 vision=1 current=1 vframe=925 vs=1 vage=20 vpage=20 vdt=30 vmax=67 vacc=919 vrej=0 seq=0 elapsed=0 oled=3C
[  19362] OK stream off
[  19488] RESULT center_timeout
