[      1] >>> bench on
[      7] OK stepper visual-only bench active; command pose preserved
[    134] >>> clear
[    136] OK fault cleared
[    258] >>> diag reset
[    262] OK actuator diagnostics reset
[    384] >>> gain ball 1.2 2.0 4.0 -1
[    391] OK ball gains kp=1.200 ki=2.000 kd=4.000 sign=-1
[    509] >>> gain accel 0
[    514] OK ball acceleration gain ka=0.000
[    634] >>> limit rate 400
[    639] OK ball rate limit=400 steps/s
[    760] >>> stream on 20
[    763] OK stream on 20 ms
[    806] STATUS mode=1 fault=none enc=-4 denc=0 sreq=0 sapplied=0 crate=0 uimp=0 upos=0 uneg=0 ball=104.04 vball=-0.11 aball=0.0 bref=0.00 pid=0.0 pref=0.0 ppos=0.0 apid=0.0 integ=0.0 vision=1 current=1 vframe=221 vs=1 vage=28 vpage=28 vdt=34 vmax=57 vacc=221 vrej=0 seq=0 elapsed=0 oled=3C
[    831] STATUS mode=1 fault=none enc=-4 denc=0 sreq=0 sapplied=0 crate=0 uimp=0 upos=0 uneg=0 ball=104.05 vball=0.00 aball=0.0 bref=0.00 pid=0.0 pref=0.0 ppos=0.0 apid=0.0 integ=0.0 vision=1 current=1 vframe=222 vs=1 vage=15 vpage=15 vdt=33 vmax=57 vacc=222 vrej=0 seq=0 elapsed=0 oled=3C
[    855] STATUS mode=1 fault=none enc=-4 denc=0 sreq=0 sapplied=0 crate=0 uimp=0 upos=0 uneg=0 ball=104.06 vball=0.07 aball=0.0 bref=0.00 pid=0.0 pref=0.0 ppos=0.0 apid=0.0 integ=0.0 vision=1 current=1 vframe=223 vs=1 vage=2 vpage=2 vdt=33 vmax=57 vacc=223 vrej=0 seq=0 elapsed=0 oled=3C
[    880] STATUS mode=1 fault=none enc=-4 denc=0 sreq=0 sapplied=0 crate=0 uimp=0 upos=0 uneg=0 ball=104.06 vball=0.07 aball=0.0 bref=0.00 pid=0.0 pref=0.0 ppos=0.0 apid=0.0 integ=0.0 vision=1 current=1 vframe=223 vs=1 vage=22 vpage=22 vdt=33 vmax=57 vacc=223 vrej=0 seq=0 elapsed=0 oled=3C
[    904] STATUS mode=1 fault=none enc=-4 denc=0 sreq=0 sapplied=0 crate=0 uimp=0 upos=0 uneg=0 ball=104.07 vball=0.12 aball=0.0 bref=0.00 pid=0.0 pref=0.0 ppos=0.0 apid=0.0 integ=0.0 vision=1 current=1 vframe=224 vs=1 vage=9 vpage=9 vdt=33 vmax=57 vacc=224 vrej=0 seq=0 elapsed=0 oled=3C
[    904] >>> ball 0
[    928] STATUS mode=1 fault=none enc=-4 denc=0 sreq=0 sapplied=0 crate=0 uimp=0 upos=0 uneg=0 ball=104.07 vball=0.11 aball=0.0 bref=0.00 pid=0.0 pref=0.0 ppos=0.0 apid=0.0 integ=0.0 vision=1 current=1 vframe=225 vs=1 vage=15 vpage=15 vdt=34 vmax=57 vacc=225 vrej=0 seq=0 elapsed=0 oled=3C
[    954] STATUS mode=3 fault=none enc=3 denc=2 sreq=400 sapplied=400 crate=400 uimp=2500 upos=10 uneg=0 ball=104.06 vball=0.01 aball=0.0 bref=0.00 pid=400.0 pref=124.9 ppos=2.5 apid=0.0 integ=-0.0 vision=1 current=1 vframe=226 vs=1 vage=2 vpage=2 vdt=33 vmax=57 vacc=226 vrej=0 seq=0 elapsed=0 oled=3C
[    980] STATUS mode=3 fault=none enc=13 denc=2 sreq=400 sapplied=400 crate=400 uimp=10500 upos=30 uneg=0 ball=104.06 vball=0.01 aball=0.0 bref=0.00 pid=400.0 pref=124.9 ppos=10.5 apid=0.0 integ=-0.0 vision=1 current=1 vframe=226 vs=1 vage=22 vpage=22 vdt=33 vmax=57 vacc=226 vrej=0 seq=0 elapsed=0 oled=3C
[   1006] STATUS mode=3 fault=none enc=24 denc=3 sreq=400 sapplied=400 crate=400 uimp=18500 upos=50 uneg=0 ball=104.05 vball=-0.08 aball=0.0 bref=0.00 pid=400.0 pref=124.5 ppos=18.5 apid=0.0 integ=-0.0 vision=1 current=1 vframe=227 vs=1 vage=9 vpage=9 vdt=33 vmax=57 vacc=227 vrej=0 seq=0 elapsed=0 oled=3C
[   1032] STATUS mode=3 fault=none enc=43 denc=2 sreq=400 sapplied=400 crate=400 uimp=34500 upos=90 uneg=0 ball=104.03 vball=-0.24 aball=-1.6 bref=0.00 pid=400.0 pref=123.9 ppos=34.5 apid=-0.0 integ=-0.0 vision=1 current=1 vframe=228 vs=1 vage=16 vpage=16 vdt=33 vmax=57 vacc=228 vrej=0 seq=0 elapsed=0 oled=3C
[   1058] STATUS mode=3 fault=none enc=55 denc=4 sreq=400 sapplied=400 crate=400 uimp=42500 upos=110 uneg=0 ball=104.03 vball=-0.22 aball=-1.6 bref=0.00 pid=400.0 pref=124.0 ppos=42.5 apid=-0.0 integ=-0.0 vision=1 current=1 vframe=229 vs=1 vage=3 vpage=3 vdt=33 vmax=57 vacc=229 vrej=0 seq=0 elapsed=0 oled=3C
[   1085] STATUS mode=3 fault=none enc=65 denc=2 sreq=400 sapplied=400 crate=400 uimp=50500 upos=130 uneg=0 ball=104.03 vball=-0.22 aball=-1.6 bref=0.00 pid=400.0 pref=124.0 ppos=50.5 apid=-0.0 integ=-0.0 vision=1 current=1 vframe=229 vs=1 vage=23 vpage=23 vdt=33 vmax=57 vacc=229 vrej=0 seq=0 elapsed=0 oled=3C
[   1111] STATUS mode=3 fault=none enc=86 denc=3 sreq=400 sapplied=400 crate=400 uimp=66500 upos=170 uneg=0 ball=104.09 vball=0.44 aball=-1.6 bref=0.00 pid=400.0 pref=126.7 ppos=66.5 apid=-0.0 integ=-0.0 vision=1 current=1 vframe=230 vs=1 vage=29 vpage=29 vdt=34 vmax=57 vacc=230 vrej=0 seq=0 elapsed=0 oled=3C
[   1137] STATUS mode=3 fault=none enc=95 denc=1 sreq=400 sapplied=400 crate=400 uimp=74500 upos=190 uneg=0 ball=104.20 vball=1.26 aball=5.9 bref=0.00 pid=400.0 pref=130.1 ppos=74.5 apid=0.0 integ=-0.0 vision=1 current=1 vframe=231 vs=1 vage=16 vpage=16 vdt=33 vmax=57 vacc=231 vrej=0 seq=0 elapsed=0 oled=3C
[   1163] STATUS mode=3 fault=none enc=107 denc=3 sreq=400 sapplied=400 crate=400 uimp=82500 upos=210 uneg=0 ball=104.29 vball=1.69 aball=5.9 bref=0.00 pid=400.0 pref=138.8 ppos=82.5 apid=0.0 integ=6.9 vision=1 current=1 vframe=232 vs=1 vage=3 vpage=3 vdt=33 vmax=57 vacc=232 vrej=0 seq=0 elapsed=0 oled=3C
[   1189] STATUS mode=3 fault=none enc=127 denc=3 sreq=400 sapplied=400 crate=400 uimp=98500 upos=250 uneg=0 ball=104.73 vball=5.25 aball=5.9 bref=0.00 pid=400.0 pref=153.6 ppos=98.5 apid=0.0 integ=6.9 vision=1 current=1 vframe=233 vs=1 vage=9 vpage=9 vdt=34 vmax=57 vacc=233 vrej=0 seq=0 elapsed=0 oled=3C
[   1215] STATUS mode=3 fault=none enc=138 denc=4 sreq=400 sapplied=400 crate=400 uimp=106500 upos=270 uneg=0 ball=104.73 vball=5.25 aball=5.9 bref=0.00 pid=400.0 pref=153.6 ppos=106.5 apid=0.0 integ=6.9 vision=1 current=1 vframe=233 vs=1 vage=29 vpage=29 vdt=34 vmax=57 vacc=233 vrej=0 seq=0 elapsed=0 oled=3C
[   1241] STATUS mode=3 fault=none enc=148 denc=2 sreq=400 sapplied=400 crate=400 uimp=114500 upos=290 uneg=0 ball=105.21 vball=7.97 aball=33.4 bref=0.00 pid=400.0 pref=165.0 ppos=114.5 apid=0.0 integ=6.9 vision=1 current=1 vframe=234 vs=1 vage=16 vpage=16 vdt=33 vmax=57 vacc=234 vrej=0 seq=0 elapsed=0 oled=3C
[   1268] STATUS mode=3 fault=none enc=159 denc=3 sreq=400 sapplied=400 crate=400 uimp=122500 upos=310 uneg=0 ball=105.48 vball=7.99 aball=33.4 bref=0.00 pid=400.0 pref=165.4 ppos=122.5 apid=0.0 integ=6.9 vision=1 current=1 vframe=235 vs=1 vage=3 vpage=3 vdt=33 vmax=57 vacc=235 vrej=0 seq=0 elapsed=0 oled=3C
[   1294] STATUS mode=3 fault=none enc=176 denc=1 sreq=216 sapplied=216 crate=216 uimp=136445 upos=350 uneg=0 ball=105.54 vball=6.14 aball=33.4 bref=0.00 pid=216.5 pref=158.1 ppos=136.4 apid=0.0 integ=6.9 vision=1 current=1 vframe=236 vs=1 vage=10 vpage=10 vdt=33 vmax=57 vacc=236 vrej=0 seq=0 elapsed=0 oled=3C
[   1320] STATUS mode=3 fault=none enc=181 denc=2 sreq=176 sapplied=176 crate=176 uimp=140460 upos=370 uneg=0 ball=105.54 vball=6.14 aball=33.4 bref=0.00 pid=176.3 pref=158.1 ppos=140.5 apid=0.0 integ=6.9 vision=1 current=1 vframe=236 vs=1 vage=30 vpage=30 vdt=33 vmax=57 vacc=236 vrej=0 seq=0 elapsed=0 oled=3C
[   1346] STATUS mode=3 fault=none enc=184 denc=0 sreq=76 sapplied=76 crate=76 uimp=143005 upos=390 uneg=0 ball=105.53 vball=4.28 aball=1.9 bref=0.00 pid=76.3 pref=150.6 ppos=143.0 apid=0.0 integ=6.9 vision=1 current=1 vframe=237 vs=1 vage=15 vpage=15 vdt=35 vmax=57 vacc=237 vrej=0 seq=0 elapsed=0 oled=3C
[   1372] STATUS mode=3 fault=none enc=189 denc=1 sreq=106 sapplied=106 crate=106 uimp=146825 upos=430 uneg=0 ball=105.85 vball=5.87 aball=1.9 bref=0.00 pid=105.6 pref=157.4 ppos=146.8 apid=0.0 integ=6.9 vision=1 current=1 vframe=238 vs=1 vage=23 vpage=23 vdt=32 vmax=57 vacc=238 vrej=0 seq=0 elapsed=0 oled=3C
[   1398] STATUS mode=3 fault=none enc=190 denc=0 sreq=57 sapplied=57 crate=57 uimp=148630 upos=450 uneg=0 ball=105.97 vball=5.06 aball=1.9 bref=0.00 pid=56.6 pref=154.3 ppos=148.6 apid=0.0 integ=6.9 vision=1 current=1 vframe=239 vs=1 vage=8 vpage=8 vdt=35 vmax=57 vacc=239 vrej=0 seq=0 elapsed=0 oled=3C
[   1424] STATUS mode=3 fault=none enc=192 denc=0 sreq=46 sapplied=46 crate=46 uimp=149680 upos=470 uneg=0 ball=105.97 vball=5.06 aball=1.9 bref=0.00 pid=46.1 pref=154.3 ppos=149.7 apid=0.0 integ=6.9 vision=1 current=1 vframe=239 vs=1 vage=28 vpage=28 vdt=35 vmax=57 vacc=239 vrej=0 seq=0 elapsed=0 oled=3C
[   1450] STATUS mode=3 fault=none enc=193 denc=1 sreq=-43 sapplied=0 crate=-43 uimp=149910 upos=475 uneg=0 ball=106.03 vball=2.88 aball=-0.1 bref=0.00 pid=-42.7 pref=145.6 ppos=149.9 apid=-0.0 integ=6.9 vision=1 current=1 vframe=241 vs=1 vage=2 vpage=2 vdt=34 vmax=57 vacc=241 vrej=0 seq=0 elapsed=0 oled=3C
[   1477] STATUS mode=3 fault=none enc=194 denc=1 sreq=-37 sapplied=-37 crate=-37 uimp=149295 upos=475 uneg=15 ball=106.03 vball=2.88 aball=-0.1 bref=0.00 pid=-36.6 pref=145.6 ppos=149.3 apid=-0.0 integ=6.9 vision=1 current=1 vframe=241 vs=1 vage=22 vpage=22 vdt=34 vmax=57 vacc=241 vrej=0 seq=0 elapsed=0 oled=3C
[   1503] STATUS mode=3 fault=none enc=192 denc=-1 sreq=-68 sapplied=-68 crate=-68 uimp=148410 upos=475 uneg=35 ball=106.01 vball=1.88 aball=-0.1 bref=0.00 pid=-67.9 pref=141.6 ppos=148.4 apid=-0.0 integ=6.9 vision=1 current=1 vframe=242 vs=1 vage=10 vpage=10 vdt=32 vmax=57 vacc=242 vrej=0 seq=0 elapsed=0 oled=3C
[   1530] STATUS mode=3 fault=none enc=190 denc=1 sreq=-124 sapplied=-124 crate=-124 uimp=144820 upos=475 uneg=75 ball=105.81 vball=-0.35 aball=-19.7 bref=0.00 pid=-123.6 pref=132.5 ppos=144.8 apid=-0.0 integ=6.9 vision=1 current=1 vframe=243 vs=1 vage=16 vpage=16 vdt=34 vmax=57 vacc=243 vrej=0 seq=0 elapsed=0 oled=3C
[   1557] STATUS mode=3 fault=none enc=186 denc=-1 sreq=-122 sapplied=-122 crate=-122 uimp=142525 upos=475 uneg=95 ball=105.74 vball=-0.85 aball=-19.7 bref=0.00 pid=-121.5 pref=130.4 ppos=142.5 apid=-0.0 integ=6.9 vision=1 current=1 vframe=244 vs=1 vage=3 vpage=3 vdt=33 vmax=57 vacc=244 vrej=0 seq=0 elapsed=0 oled=3C
[   1584] STATUS mode=3 fault=none enc=184 denc=-1 sreq=-99 sapplied=-99 crate=-99 uimp=140270 upos=475 uneg=115 ball=105.74 vball=-0.85 aball=-19.7 bref=0.00 pid=-99.0 pref=130.4 ppos=140.3 apid=-0.0 integ=6.9 vision=1 current=1 vframe=244 vs=1 vage=23 vpage=23 vdt=33 vmax=57 vacc=244 vrej=0 seq=0 elapsed=0 oled=3C
[   1611] STATUS mode=3 fault=none enc=179 denc=0 sreq=-69 sapplied=-69 crate=-69 uimp=136830 upos=475 uneg=155 ball=105.70 vball=-0.96 aball=-19.7 bref=0.00 pid=-69.5 pref=129.9 ppos=136.8 apid=-0.0 integ=6.9 vision=1 current=1 vframe=245 vs=1 vage=29 vpage=29 vdt=34 vmax=57 vacc=245 vrej=0 seq=0 elapsed=0 oled=3C
[   1638] STATUS mode=3 fault=none enc=178 denc=0 sreq=-51 sapplied=-51 crate=-51 uimp=135630 upos=475 uneg=175 ball=105.69 vball=-0.80 aball=-12.9 bref=0.00 pid=-51.2 pref=130.5 ppos=135.6 apid=-0.0 integ=6.9 vision=1 current=1 vframe=246 vs=1 vage=16 vpage=16 vdt=33 vmax=57 vacc=246 vrej=0 seq=0 elapsed=0 oled=3C
[   1664] STATUS mode=3 fault=none enc=177 denc=0 sreq=-49 sapplied=-49 crate=-49 uimp=134680 upos=475 uneg=195 ball=105.64 vball=-0.98 aball=-12.9 bref=0.00 pid=-49.5 pref=129.7 ppos=134.7 apid=-0.0 integ=6.9 vision=1 current=1 vframe=247 vs=1 vage=3 vpage=3 vdt=33 vmax=57 vacc=247 vrej=0 seq=0 elapsed=0 oled=3C
[   1691] STATUS mode=3 fault=none enc=174 denc=-1 sreq=45 sapplied=45 crate=45 uimp=133195 upos=475 uneg=230 ball=105.63 vball=-0.79 aball=-12.9 bref=0.00 pid=44.7 pref=137.7 ppos=133.2 apid=-0.0 integ=14.1 vision=1 current=1 vframe=248 vs=1 vage=9 vpage=9 vdt=34 vmax=57 vacc=248 vrej=0 seq=0 elapsed=0 oled=3C
[   1717] STATUS mode=3 fault=none enc=174 denc=0 sreq=36 sapplied=36 crate=36 uimp=134020 upos=495 uneg=230 ball=105.63 vball=-0.79 aball=-12.9 bref=0.00 pid=36.4 pref=137.7 ppos=134.0 apid=-0.0 integ=14.1 vision=1 current=1 vframe=248 vs=1 vage=29 vpage=29 vdt=34 vmax=57 vacc=248 vrej=0 seq=0 elapsed=0 oled=3C
[   1744] STATUS mode=3 fault=none enc=175 denc=0 sreq=101 sapplied=101 crate=101 uimp=135880 upos=515 uneg=230 ball=105.64 vball=-0.46 aball=-5.6 bref=0.00 pid=100.9 pref=146.0 ppos=135.9 apid=-0.0 integ=21.0 vision=1 current=1 vframe=249 vs=1 vage=16 vpage=16 vdt=33 vmax=57 vacc=249 vrej=0 seq=0 elapsed=0 oled=3C
[   1771] STATUS mode=3 fault=none enc=181 denc=1 sreq=152 sapplied=152 crate=152 uimp=141205 upos=555 uneg=230 ball=105.71 vball=0.32 aball=-5.6 bref=0.00 pid=151.5 pref=156.4 ppos=141.2 apid=-0.0 integ=28.2 vision=1 current=1 vframe=250 vs=1 vage=22 vpage=22 vdt=34 vmax=57 vacc=250 vrej=0 seq=0 elapsed=0 oled=3C
[   1797] STATUS mode=3 fault=none enc=185 denc=1 sreq=197 sapplied=197 crate=197 uimp=144405 upos=575 uneg=230 ball=105.74 vball=0.50 aball=-5.6 bref=0.00 pid=196.9 pref=164.1 ppos=144.4 apid=-0.0 integ=35.2 vision=1 current=1 vframe=251 vs=1 vage=9 vpage=9 vdt=33 vmax=57 vacc=251 vrej=0 seq=0 elapsed=0 oled=3C
[   1824] STATUS mode=3 fault=none enc=191 denc=3 sreq=160 sapplied=160 crate=160 uimp=148060 upos=595 uneg=230 ball=105.74 vball=0.50 aball=-5.6 bref=0.00 pid=160.3 pref=164.1 ppos=148.1 apid=-0.0 integ=35.2 vision=1 current=1 vframe=251 vs=1 vage=29 vpage=29 vdt=33 vmax=57 vacc=251 vrej=0 seq=0 elapsed=0 oled=3C
[   1850] STATUS mode=3 fault=none enc=200 denc=1 sreq=226 sapplied=226 crate=226 uimp=155675 upos=635 uneg=230 ball=105.78 vball=0.54 aball=1.6 bref=0.00 pid=225.9 pref=178.3 ppos=155.7 apid=0.0 integ=49.2 vision=1 current=1 vframe=253 vs=1 vage=3 vpage=3 vdt=33 vmax=57 vacc=253 vrej=0 seq=0 elapsed=0 oled=3C
[   1877] STATUS mode=3 fault=none enc=205 denc=0 sreq=184 sapplied=184 crate=184 uimp=159870 upos=655 uneg=230 ball=105.78 vball=0.54 aball=1.6 bref=0.00 pid=183.9 pref=178.3 ppos=159.9 apid=0.0 integ=49.2 vision=1 current=1 vframe=253 vs=1 vage=23 vpage=23 vdt=33 vmax=57 vacc=253 vrej=0 seq=0 elapsed=0 oled=3C
[   1903] STATUS mode=3 fault=none enc=210 denc=1 sreq=213 sapplied=213 crate=213 uimp=163615 upos=675 uneg=230 ball=105.79 vball=0.40 aball=1.6 bref=0.00 pid=212.9 pref=184.9 ppos=163.6 apid=0.0 integ=56.4 vision=1 current=1 vframe=254 vs=1 vage=9 vpage=9 vdt=34 vmax=57 vacc=254 vrej=0 seq=0 elapsed=0 oled=3C
[   1930] STATUS mode=3 fault=none enc=221 denc=1 sreq=197 sapplied=197 crate=197 uimp=171700 upos=715 uneg=230 ball=105.79 vball=0.27 aball=-0.5 bref=0.00 pid=196.7 pref=191.4 ppos=171.7 apid=-0.0 integ=63.3 vision=1 current=1 vframe=255 vs=1 vage=16 vpage=16 vdt=33 vmax=57 vacc=255 vrej=0 seq=0 elapsed=0 oled=3C
[   1956] STATUS mode=3 fault=none enc=226 denc=1 sreq=226 sapplied=226 crate=226 uimp=175355 upos=735 uneg=230 ball=105.78 vball=0.18 aball=-0.5 bref=0.00 pid=226.3 pref=198.0 ppos=175.4 apid=-0.0 integ=70.3 vision=1 current=1 vframe=256 vs=1 vage=3 vpage=3 vdt=33 vmax=57 vacc=256 vrej=0 seq=0 elapsed=0 oled=3C
[   1983] STATUS mode=3 fault=none enc=232 denc=1 sreq=184 sapplied=184 crate=184 uimp=179550 upos=755 uneg=230 ball=105.78 vball=0.18 aball=-0.5 bref=0.00 pid=184.3 pref=198.0 ppos=179.6 apid=-0.0 integ=70.3 vision=1 current=1 vframe=256 vs=1 vage=23 vpage=23 vdt=33 vmax=57 vacc=256 vrej=0 seq=0 elapsed=0 oled=3C
[   2009] STATUS mode=3 fault=none enc=243 denc=1 sreq=205 sapplied=205 crate=205 uimp=188155 upos=795 uneg=230 ball=105.88 vball=1.06 aball=-0.5 bref=0.00 pid=204.5 pref=208.6 ppos=188.2 apid=-0.0 integ=77.3 vision=1 current=1 vframe=257 vs=1 vage=30 vpage=30 vdt=33 vmax=57 vacc=257 vrej=0 seq=0 elapsed=0 oled=3C
[   2036] STATUS mode=3 fault=none enc=249 denc=2 sreq=252 sapplied=252 crate=252 uimp=193380 upos=815 uneg=230 ball=106.00 vball=1.78 aball=6.6 bref=0.00 pid=252.5 pref=218.6 ppos=193.4 apid=0.0 integ=84.3 vision=1 current=1 vframe=258 vs=1 vage=17 vpage=17 vdt=33 vmax=57 vacc=258 vrej=0 seq=0 elapsed=0 oled=3C
[   2062] STATUS mode=3 fault=none enc=255 denc=1 sreq=274 sapplied=274 crate=274 uimp=198060 upos=835 uneg=230 ball=106.04 vball=1.67 aball=6.6 bref=0.00 pid=273.9 pref=225.4 ppos=198.1 apid=0.0 integ=91.5 vision=1 current=1 vframe=259 vs=1 vage=3 vpage=3 vdt=34 vmax=57 vacc=259 vrej=0 seq=0 elapsed=0 oled=3C
[   2089] STATUS mode=3 fault=none enc=262 denc=2 sreq=223 sapplied=223 crate=223 uimp=203140 upos=855 uneg=230 ball=106.04 vball=1.67 aball=6.6 bref=0.00 pid=223.1 pref=225.4 ppos=203.1 apid=0.0 integ=91.5 vision=1 current=1 vframe=259 vs=1 vage=23 vpage=23 vdt=34 vmax=57 vacc=259 vrej=0 seq=0 elapsed=0 oled=3C
[   2115] STATUS mode=3 fault=none enc=272 denc=0 sreq=191 sapplied=191 crate=191 uimp=211910 upos=895 uneg=230 ball=106.06 vball=1.26 aball=6.6 bref=0.00 pid=191.3 pref=231.0 ppos=211.9 apid=0.0 integ=98.7 vision=1 current=1 vframe=260 vs=1 vage=29 vpage=29 vdt=34 vmax=57 vacc=260 vrej=0 seq=0 elapsed=0 oled=3C
[   2142] STATUS mode=3 fault=none enc=279 denc=2 sreq=209 sapplied=209 crate=209 uimp=216350 upos=915 uneg=230 ball=106.07 vball=1.07 aball=0.5 bref=0.00 pid=209.5 pref=237.3 ppos=216.4 apid=0.0 integ=105.7 vision=1 current=1 vframe=261 vs=1 vage=16 vpage=16 vdt=33 vmax=57 vacc=261 vrej=0 seq=0 elapsed=0 oled=3C
[   2168] STATUS mode=3 fault=none enc=283 denc=1 sreq=280 sapplied=280 crate=280 uimp=220235 upos=935 uneg=230 ball=106.62 vball=5.53 aball=0.5 bref=0.00 pid=355.6 pref=255.8 ppos=220.2 apid=0.0 integ=105.7 vision=1 current=1 vframe=262 vs=1 vage=3 vpage=3 vdt=33 vmax=57 vacc=262 vrej=0 seq=0 elapsed=0 oled=3C
[   2195] STATUS mode=3 fault=none enc=298 denc=1 sreq=234 sapplied=234 crate=234 uimp=231915 upos=975 uneg=230 ball=106.78 vball=5.35 aball=0.5 bref=0.00 pid=233.5 pref=255.3 ppos=231.9 apid=0.0 integ=105.7 vision=1 current=1 vframe=263 vs=1 vage=10 vpage=10 vdt=33 vmax=57 vacc=263 vrej=0 seq=0 elapsed=0 oled=3C
[   2222] STATUS mode=3 fault=none enc=304 denc=2 sreq=190 sapplied=190 crate=190 uimp=236250 upos=995 uneg=230 ball=106.78 vball=5.35 aball=0.5 bref=0.00 pid=190.2 pref=255.3 ppos=236.3 apid=0.0 integ=105.7 vision=1 current=1 vframe=263 vs=1 vage=30 vpage=30 vdt=33 vmax=57 vacc=263 vrej=0 seq=0 elapsed=0 oled=3C
[   2248] STATUS mode=3 fault=none enc=306 denc=0 sreq=0 sapplied=0 crate=0 uimp=237650 upos=1005 uneg=230 ball=106.49 vball=0.94 aball=-0.3 bref=0.00 pid=0.0 pref=237.3 ppos=237.7 apid=-0.0 integ=105.7 vision=1 current=1 vframe=264 vs=1 vage=16 vpage=16 vdt=34 vmax=57 vacc=264 vrej=0 seq=0 elapsed=0 oled=3C
[   2275] STATUS mode=3 fault=none enc=303 denc=-2 sreq=-204 sapplied=-204 crate=-204 uimp=234445 upos=1005 uneg=245 ball=105.89 vball=-4.70 aball=-0.3 bref=0.00 pid=-204.4 pref=214.0 ppos=234.4 apid=-0.0 integ=105.7 vision=1 current=1 vframe=265 vs=1 vage=23 vpage=23 vdt=33 vmax=57 vacc=265 vrej=0 seq=0 elapsed=0 oled=3C
[   2303] STATUS mode=3 fault=none enc=297 denc=-3 sreq=-385 sapplied=-385 crate=-385 uimp=230105 upos=1005 uneg=265 ball=104.41 vball=-16.55 aball=-0.3 bref=0.00 pid=-400.0 pref=164.8 ppos=230.1 apid=-0.0 integ=105.7 vision=1 current=1 vframe=266 vs=1 vage=10 vpage=10 vdt=33 vmax=57 vacc=266 vrej=0 seq=0 elapsed=0 oled=3C
[   2330] STATUS mode=3 fault=none enc=287 denc=-3 sreq=-400 sapplied=-400 crate=-400 uimp=222180 upos=1005 uneg=285 ball=104.41 vball=-16.55 aball=-0.3 bref=0.00 pid=-400.0 pref=164.8 ppos=222.2 apid=-0.0 integ=105.7 vision=1 current=1 vframe=266 vs=1 vage=30 vpage=30 vdt=33 vmax=57 vacc=266 vrej=0 seq=0 elapsed=0 oled=3C
[   2357] STATUS mode=3 fault=none enc=267 denc=-2 sreq=-500 sapplied=-500 crate=-500 uimp=206180 upos=1005 uneg=325 ball=100.09 vball=-41.61 aball=-127.4 bref=0.00 pid=-1467.8 pref=59.4 ppos=206.2 apid=-0.0 integ=-0.0 vision=1 current=1 vframe=268 vs=1 vage=3 vpage=3 vdt=33 vmax=57 vacc=268 vrej=0 seq=0 elapsed=0 oled=3C
[   2385] STATUS mode=3 fault=none enc=250 denc=-5 sreq=-900 sapplied=-900 crate=-900 uimp=193180 upos=1005 uneg=345 ball=100.09 vball=-41.61 aball=-127.4 bref=0.00 pid=-1337.8 pref=59.4 ppos=193.2 apid=-0.0 integ=-0.0 vision=1 current=1 vframe=268 vs=1 vage=23 vpage=23 vdt=33 vmax=57 vacc=268 vrej=0 seq=0 elapsed=0 oled=3C
[   2413] STATUS mode=3 fault=none enc=186 denc=-9 sreq=-1415 sapplied=-1415 crate=-1415 uimp=143730 upos=1005 uneg=385 ball=97.24 vball=-55.06 aball=-127.4 bref=0.00 pid=-1415.5 pref=2.2 ppos=143.7 apid=-0.0 integ=-0.0 vision=1 current=1 vframe=269 vs=1 vage=30 vpage=30 vdt=33 vmax=57 vacc=269 vrej=0 seq=0 elapsed=0 oled=3C
[   2440] STATUS mode=3 fault=none enc=145 denc=-12 sreq=-1659 sapplied=-1659 crate=-1659 uimp=112430 upos=1005 uneg=405 ball=93.97 vball=-68.00 aball=-254.9 bref=0.00 pid=-1659.3 pref=-53.5 ppos=112.4 apid=-0.0 integ=-0.0 vision=1 current=1 vframe=270 vs=1 vage=17 vpage=17 vdt=33 vmax=57 vacc=270 vrej=0 seq=0 elapsed=0 oled=3C
[   2468] STATUS mode=3 fault=none enc=105 denc=-9 sreq=-1523 sapplied=-1523 crate=-1523 uimp=81650 upos=1005 uneg=425 ball=90.04 vball=-81.82 aball=-254.9 bref=0.00 pid=-1951.5 pref=-113.5 ppos=81.7 apid=-0.0 integ=-0.0 vision=1 current=1 vframe=271 vs=1 vage=3 vpage=3 vdt=34 vmax=57 vacc=271 vrej=0 seq=0 elapsed=0 oled=3C
[   2496] STATUS mode=3 fault=none enc=23 denc=-10 sreq=-1664 sapplied=-1664 crate=-1664 uimp=17805 upos=1005 uneg=465 ball=86.05 vball=-93.10 aball=-254.9 bref=0.00 pid=-1812.1 pref=-163.4 ppos=17.8 apid=-0.0 integ=-0.0 vision=1 current=1 vframe=272 vs=1 vage=10 vpage=10 vdt=33 vmax=57 vacc=272 vrej=0 seq=0 elapsed=0 oled=3C
[   2524] STATUS mode=3 fault=none enc=-19 denc=-10 sreq=-1482 sapplied=-1482 crate=-1482 uimp=-15170 upos=1005 uneg=485 ball=86.05 vball=-93.10 aball=-254.9 bref=0.00 pid=-1482.4 pref=-163.4 ppos=-15.2 apid=-0.0 integ=-0.0 vision=1 current=1 vframe=272 vs=1 vage=30 vpage=30 vdt=33 vmax=57 vacc=272 vrej=0 seq=0 elapsed=0 oled=3C
[   2551] STATUS mode=3 fault=none enc=-93 denc=-8 sreq=-1204 sapplied=-1204 crate=-1204 uimp=-73875 upos=1005 uneg=525 ball=77.28 vball=-111.88 aball=-303.6 bref=0.00 pid=-1203.9 pref=-194.3 ppos=-73.9 apid=-0.0 integ=-0.0 vision=1 current=1 vframe=274 vs=1 vage=3 vpage=3 vdt=34 vmax=57 vacc=274 vrej=0 seq=0 elapsed=0 oled=3C
[   2579] STATUS mode=3 fault=none enc=-121 denc=-6 sreq=-981 sapplied=-981 crate=-981 uimp=-96210 upos=1005 uneg=545 ball=77.28 vball=-111.88 aball=-303.6 bref=0.00 pid=-980.6 pref=-194.3 ppos=-96.2 apid=-0.0 integ=-0.0 vision=1 current=1 vframe=274 vs=1 vage=23 vpage=23 vdt=34 vmax=57 vacc=274 vrej=0 seq=0 elapsed=0 oled=3C
[   2607] STATUS mode=3 fault=none enc=-144 denc=-6 sreq=-799 sapplied=-799 crate=-799 uimp=-114405 upos=1005 uneg=565 ball=72.69 vball=-119.92 aball=-303.6 bref=0.00 pid=-798.6 pref=-194.3 ppos=-114.4 apid=-0.0 integ=-0.0 vision=1 current=1 vframe=275 vs=1 vage=10 vpage=10 vdt=33 vmax=57 vacc=275 vrej=0 seq=0 elapsed=0 oled=3C
[   2635] STATUS mode=3 fault=none enc=-177 denc=-4 sreq=-530 sapplied=-530 crate=-530 uimp=-141290 upos=1005 uneg=605 ball=68.68 vball=-120.19 aball=-239.9 bref=0.00 pid=-529.8 pref=-194.3 ppos=-141.3 apid=-0.0 integ=-0.0 vision=1 current=1 vframe=276 vs=1 vage=19 vpage=19 vdt=31 vmax=57 vacc=276 vrej=0 seq=0 elapsed=0 oled=3C
[   2663] STATUS mode=3 fault=none enc=-190 denc=-3 sreq=-432 sapplied=-432 crate=-432 uimp=-151115 upos=1005 uneg=625 ball=65.14 vball=-115.21 aball=-239.9 bref=0.00 pid=-431.5 pref=-194.3 ppos=-151.1 apid=-0.0 integ=-0.0 vision=1 current=1 vframe=277 vs=1 vage=4 vpage=4 vdt=35 vmax=57 vacc=277 vrej=0 seq=0 elapsed=0 oled=3C
[   2691] STATUS mode=3 fault=none enc=-199 denc=-2 sreq=-351 sapplied=-351 crate=-351 uimp=-159120 upos=1005 uneg=645 ball=65.14 vball=-115.21 aball=-239.9 bref=0.00 pid=-351.5 pref=-194.3 ppos=-159.1 apid=-0.0 integ=-0.0 vision=1 current=1 vframe=277 vs=1 vage=24 vpage=24 vdt=35 vmax=57 vacc=277 vrej=0 seq=0 elapsed=0 oled=3C
[   2718] STATUS mode=3 fault=none enc=-214 denc=-2 sreq=-233 sapplied=-233 crate=-233 uimp=-170945 upos=1005 uneg=685 ball=61.77 vball=-111.30 aball=-239.9 bref=0.00 pid=-233.2 pref=-194.3 ppos=-170.9 apid=-0.0 integ=-0.0 vision=1 current=0 vframe=279 vs=0 vage=32 vpage=2 vdt=32 vmax=57 vacc=278 vrej=0 seq=0 elapsed=0 oled=3C
[   2746] STATUS mode=3 fault=none enc=-219 denc=-2 sreq=-190 sapplied=-190 crate=-190 uimp=-175270 upos=1005 uneg=705 ball=61.77 vball=-111.30 aball=-239.9 bref=0.00 pid=-190.0 pref=-194.3 ppos=-175.3 apid=-0.0 integ=-0.0 vision=1 current=0 vframe=279 vs=0 vage=52 vpage=22 vdt=32 vmax=57 vacc=278 vrej=0 seq=0 elapsed=0 oled=3C
[   2774] STATUS mode=3 fault=none enc=-226 denc=1 sreq=-126 sapplied=-126 crate=-126 uimp=-181665 upos=1005 uneg=745 ball=55.06 vball=-109.31 aball=-95.7 bref=0.00 pid=-126.0 pref=-194.3 ppos=-181.7 apid=-0.0 integ=-0.0 vision=1 current=1 vframe=280 vs=1 vage=24 vpage=24 vdt=68 vmax=68 vacc=279 vrej=0 seq=0 elapsed=0 oled=3C
[   2802] STATUS mode=3 fault=none enc=-229 denc=0 sreq=-103 sapplied=-103 crate=-103 uimp=-184005 upos=1005 uneg=765 ball=52.50 vball=-99.76 aball=-95.7 bref=0.00 pid=-102.6 pref=-194.3 ppos=-184.0 apid=-0.0 integ=-0.0 vision=1 current=1 vframe=281 vs=1 vage=11 vpage=11 vdt=33 vmax=68 vacc=280 vrej=0 seq=0 elapsed=0 oled=3C
[   2829] STATUS mode=3 fault=none enc=-231 denc=1 sreq=-84 sapplied=-84 crate=-84 uimp=-185910 upos=1005 uneg=785 ball=52.50 vball=-99.76 aball=-95.7 bref=0.00 pid=-83.6 pref=-194.3 ppos=-185.9 apid=-0.0 integ=-0.0 vision=1 current=1 vframe=281 vs=1 vage=31 vpage=31 vdt=33 vmax=68 vacc=280 vrej=0 seq=0 elapsed=0 oled=3C
[   2856] STATUS mode=3 fault=none enc=-235 denc=0 sreq=139 sapplied=139 crate=139 uimp=-188430 upos=1005 uneg=820 ball=47.93 vball=-83.70 aball=65.0 bref=0.00 pid=168.8 pref=-171.6 ppos=-188.4 apid=0.0 integ=-0.0 vision=1 current=1 vframe=283 vs=1 vage=6 vpage=6 vdt=33 vmax=68 vacc=282 vrej=0 seq=0 elapsed=0 oled=3C
[   2883] STATUS mode=3 fault=none enc=-233 denc=0 sreq=139 sapplied=139 crate=139 uimp=-185425 upos=1025 uneg=820 ball=47.93 vball=-83.70 aball=65.0 bref=0.00 pid=138.7 pref=-171.6 ppos=-185.4 apid=0.0 integ=-0.0 vision=1 current=1 vframe=283 vs=1 vage=26 vpage=26 vdt=33 vmax=68 vacc=282 vrej=0 seq=0 elapsed=0 oled=3C
[   2910] STATUS mode=3 fault=none enc=-214 denc=3 sreq=482 sapplied=482 crate=482 uimp=-171225 upos=1065 uneg=820 ball=46.58 vball=-71.17 aball=65.0 bref=0.00 pid=582.0 pref=-123.1 ppos=-181.2 apid=0.0 integ=-0.0 vision=1 current=1 vframe=284 vs=1 vage=12 vpage=12 vdt=34 vmax=68 vacc=283 vrej=0 seq=0 elapsed=0 oled=3C
[   2937] STATUS mode=3 fault=none enc=-200 denc=3 sreq=609 sapplied=609 crate=609 uimp=-159330 upos=1085 uneg=820 ball=44.97 vball=-64.54 aball=65.0 bref=0.00 pid=608.7 pref=-98.5 ppos=-159.3 apid=0.0 integ=-0.0 vision=1 current=1 vframe=285 vs=1 vage=19 vpage=19 vdt=33 vmax=68 vacc=284 vrej=0 seq=0 elapsed=0 oled=3C
[   2964] STATUS mode=3 fault=none enc=-185 denc=4 sreq=622 sapplied=622 crate=622 uimp=-148040 upos=1105 uneg=820 ball=43.74 vball=-56.01 aball=159.1 bref=0.00 pid=822.2 pref=-65.8 ppos=-148.0 apid=0.0 integ=-0.0 vision=1 current=1 vframe=286 vs=1 vage=5 vpage=5 vdt=34 vmax=68 vacc=285 vrej=0 seq=0 elapsed=0 oled=3C
[   2991] STATUS mode=3 fault=none enc=-150 denc=4 sreq=947 sapplied=947 crate=947 uimp=-119350 upos=1145 uneg=820 ball=43.22 vball=-44.28 aball=159.1 bref=0.00 pid=998.3 pref=-19.5 ppos=-119.3 apid=0.0 integ=-0.0 vision=1 current=1 vframe=287 vs=1 vage=12 vpage=12 vdt=33 vmax=68 vacc=286 vrej=0 seq=0 elapsed=0 oled=3C
[   3018] STATUS mode=3 fault=none enc=-126 denc=5 sreq=815 sapplied=815 crate=815 uimp=-101055 upos=1165 uneg=820 ball=43.22 vball=-44.28 aball=159.1 bref=0.00 pid=815.3 pref=-19.5 ppos=-101.1 apid=0.0 integ=-0.0 vision=1 current=1 vframe=287 vs=1 vage=32 vpage=32 vdt=33 vmax=68 vacc=286 vrej=0 seq=0 elapsed=0 oled=3C
[   3045] STATUS mode=3 fault=none enc=-104 denc=6 sreq=820 sapplied=820 crate=820 uimp=-83545 upos=1185 uneg=820 ball=42.24 vball=-39.49 aball=159.1 bref=0.00 pid=820.1 pref=-1.5 ppos=-83.5 apid=0.0 integ=-0.0 vision=1 current=1 vframe=288 vs=1 vage=19 vpage=19 vdt=33 vmax=68 vacc=287 vrej=0 seq=0 elapsed=0 oled=3C
[   3072] STATUS mode=3 fault=none enc=-63 denc=6 sreq=833 sapplied=833 crate=833 uimp=-50805 upos=1225 uneg=820 ball=41.90 vball=-30.87 aball=200.6 bref=0.00 pid=833.4 pref=32.5 ppos=-50.8 apid=0.0 integ=-0.0 vision=1 current=1 vframe=289 vs=1 vage=25 vpage=25 vdt=34 vmax=68 vacc=288 vrej=0 seq=0 elapsed=0 oled=3C
[   3099] STATUS mode=3 fault=none enc=-41 denc=6 sreq=1001 sapplied=1001 crate=1001 uimp=-33260 upos=1245 uneg=820 ball=41.85 vball=-22.27 aball=200.6 bref=0.00 pid=1001.3 pref=66.9 ppos=-33.3 apid=0.0 integ=-0.0 vision=1 current=1 vframe=290 vs=1 vage=12 vpage=12 vdt=33 vmax=68 vacc=289 vrej=0 seq=0 elapsed=0 oled=3C
[   3126] STATUS mode=3 fault=none enc=-17 denc=5 sreq=816 sapplied=816 crate=816 uimp=-14685 upos=1265 uneg=820 ball=41.85 vball=-22.27 aball=200.6 bref=0.00 pid=815.6 pref=66.9 ppos=-14.7 apid=0.0 integ=-0.0 vision=1 current=1 vframe=290 vs=1 vage=32 vpage=32 vdt=33 vmax=68 vacc=289 vrej=0 seq=0 elapsed=0 oled=3C
[   3152] STATUS mode=3 fault=none enc=30 denc=5 sreq=914 sapplied=914 crate=914 uimp=21660 upos=1305 uneg=820 ball=42.12 vball=-9.18 aball=205.1 bref=0.00 pid=979.0 pref=119.6 ppos=21.7 apid=0.0 integ=-0.0 vision=1 current=1 vframe=292 vs=1 vage=2 vpage=2 vdt=37 vmax=68 vacc=291 vrej=0 seq=0 elapsed=0 oled=3C
[   3179] STATUS mode=3 fault=none enc=52 denc=5 sreq=800 sapplied=800 crate=800 uimp=39540 upos=1325 uneg=820 ball=42.12 vball=-9.18 aball=205.1 bref=0.00 pid=800.2 pref=119.6 ppos=39.5 apid=0.0 integ=-0.0 vision=1 current=1 vframe=292 vs=1 vage=22 vpage=22 vdt=37 vmax=68 vacc=291 vrej=0 seq=0 elapsed=0 oled=3C
[   3205] STATUS mode=3 fault=none enc=71 denc=4 sreq=460 sapplied=460 crate=460 uimp=53440 upos=1345 uneg=820 ball=42.23 vball=-5.44 aball=205.1 bref=0.00 pid=400.0 pref=134.6 ppos=53.4 apid=0.0 integ=-0.0 vision=1 current=1 vframe=293 vs=1 vage=12 vpage=12 vdt=30 vmax=68 vacc=292 vrej=0 seq=0 elapsed=0 oled=3C
[   3232] STATUS mode=3 fault=none enc=91 denc=2 sreq=400 sapplied=400 crate=400 uimp=69740 upos=1385 uneg=820 ball=42.40 vball=-2.24 aball=205.1 bref=0.00 pid=400.0 pref=147.7 ppos=69.7 apid=0.0 integ=-0.0 vision=1 current=1 vframe=294 vs=1 vage=20 vpage=20 vdt=32 vmax=68 vacc=293 vrej=0 seq=0 elapsed=0 oled=3C
[   3258] STATUS mode=3 fault=none enc=102 denc=3 sreq=400 sapplied=400 crate=400 uimp=77740 upos=1405 uneg=820 ball=42.60 vball=0.16 aball=156.6 bref=0.00 pid=400.0 pref=157.5 ppos=77.7 apid=0.0 integ=-0.0 vision=1 current=1 vframe=295 vs=1 vage=6 vpage=6 vdt=34 vmax=68 vacc=294 vrej=0 seq=0 elapsed=0 oled=3C
[   3285] STATUS mode=3 fault=none enc=113 denc=4 sreq=400 sapplied=400 crate=400 uimp=85740 upos=1425 uneg=820 ball=42.60 vball=0.16 aball=156.6 bref=0.00 pid=400.0 pref=157.5 ppos=85.7 apid=0.0 integ=-0.0 vision=1 current=1 vframe=295 vs=1 vage=26 vpage=26 vdt=34 vmax=68 vacc=294 vrej=0 seq=0 elapsed=0 oled=3C
[   3311] STATUS mode=3 fault=none enc=133 denc=3 sreq=400 sapplied=400 crate=400 uimp=101740 upos=1465 uneg=820 ball=43.83 vball=10.91 aball=156.6 bref=0.00 pid=400.0 pref=202.0 ppos=101.7 apid=0.0 integ=-0.0 vision=1 current=1 vframe=296 vs=1 vage=33 vpage=33 vdt=33 vmax=68 vacc=295 vrej=0 seq=0 elapsed=0 oled=3C
[   3338] STATUS mode=3 fault=none enc=143 denc=2 sreq=400 sapplied=400 crate=400 uimp=109740 upos=1485 uneg=820 ball=43.83 vball=10.91 aball=156.6 bref=0.00 pid=400.0 pref=202.0 ppos=109.7 apid=0.0 integ=-0.0 vision=1 current=0 vframe=297 vs=0 vage=53 vpage=18 vdt=33 vmax=68 vacc=295 vrej=0 seq=0 elapsed=0 oled=3C
[   3365] STATUS mode=3 fault=none enc=154 denc=3 sreq=400 sapplied=400 crate=400 uimp=117740 upos=1505 uneg=820 ball=44.40 vball=9.64 aball=128.0 bref=0.00 pid=400.0 pref=197.6 ppos=117.7 apid=0.0 integ=-0.0 vision=1 current=1 vframe=298 vs=1 vage=4 vpage=4 vdt=69 vmax=69 vacc=296 vrej=0 seq=0 elapsed=0 oled=3C
[   3391] STATUS mode=3 fault=none enc=174 denc=2 sreq=400 sapplied=400 crate=400 uimp=133740 upos=1545 uneg=820 ball=44.15 vball=4.18 aball=128.0 bref=0.00 pid=400.0 pref=175.4 ppos=133.7 apid=0.0 integ=-0.0 vision=1 current=1 vframe=299 vs=1 vage=9 vpage=9 vdt=35 vmax=69 vacc=297 vrej=0 seq=0 elapsed=0 oled=3C
[   3418] STATUS mode=3 fault=none enc=184 denc=2 sreq=340 sapplied=340 crate=340 uimp=141400 upos=1565 uneg=820 ball=44.15 vball=4.18 aball=128.0 bref=0.00 pid=340.3 pref=175.4 ppos=141.4 apid=0.0 integ=-0.0 vision=1 current=1 vframe=299 vs=1 vage=29 vpage=29 vdt=35 vmax=69 vacc=297 vrej=0 seq=0 elapsed=0 oled=3C
[   3444] STATUS mode=3 fault=none enc=189 denc=1 sreq=140 sapplied=140 crate=140 uimp=145810 upos=1585 uneg=820 ball=43.86 vball=0.35 aball=128.0 bref=0.00 pid=139.5 pref=159.8 ppos=145.8 apid=0.0 integ=-0.0 vision=1 current=1 vframe=300 vs=1 vage=17 vpage=17 vdt=32 vmax=69 vacc=298 vrej=0 seq=0 elapsed=0 oled=3C
[   3471] STATUS mode=3 fault=none enc=194 denc=1 sreq=64 sapplied=64 crate=64 uimp=149855 upos=1625 uneg=820 ball=43.77 vball=-0.51 aball=24.7 bref=0.00 pid=63.6 pref=156.2 ppos=149.9 apid=0.0 integ=-0.0 vision=1 current=1 vframe=301 vs=1 vage=24 vpage=24 vdt=33 vmax=69 vacc=299 vrej=0 seq=0 elapsed=0 oled=3C
[   3497] STATUS mode=3 fault=none enc=195 denc=0 sreq=41 sapplied=41 crate=41 uimp=150915 upos=1645 uneg=820 ball=43.72 vball=-0.80 aball=24.7 bref=0.00 pid=40.8 pref=155.0 ppos=150.9 apid=0.0 integ=-0.0 vision=1 current=1 vframe=302 vs=1 vage=11 vpage=11 vdt=33 vmax=69 vacc=300 vrej=0 seq=0 elapsed=0 oled=3C
[   3524] STATUS mode=3 fault=none enc=195 denc=-1 sreq=33 sapplied=33 crate=33 uimp=151675 upos=1665 uneg=820 ball=43.72 vball=-0.80 aball=24.7 bref=0.00 pid=33.2 pref=155.0 ppos=151.7 apid=0.0 integ=-0.0 vision=1 current=1 vframe=302 vs=1 vage=31 vpage=31 vdt=33 vmax=69 vacc=300 vrej=0 seq=0 elapsed=0 oled=3C
[   3551] STATUS mode=3 fault=none enc=191 denc=-1 sreq=-140 sapplied=-140 crate=-140 uimp=146950 upos=1670 uneg=850 ball=42.87 vball=-6.09 aball=24.7 bref=0.00 pid=-170.4 pref=133.1 ppos=150.1 apid=0.0 integ=-0.0 vision=1 current=1 vframe=303 vs=1 vage=18 vpage=18 vdt=33 vmax=69 vacc=301 vrej=0 seq=0 elapsed=0 oled=3C
[   3578] STATUS mode=3 fault=none enc=188 denc=-1 sreq=-114 sapplied=-114 crate=-114 uimp=144355 upos=1670 uneg=870 ball=42.87 vball=-6.06 aball=-11.4 bref=0.00 pid=-114.2 pref=132.9 ppos=144.4 apid=-0.0 integ=-0.0 vision=1 current=1 vframe=304 vs=1 vage=24 vpage=24 vdt=34 vmax=69 vacc=302 vrej=0 seq=0 elapsed=0 oled=3C
[   3605] STATUS mode=3 fault=none enc=184 denc=-1 sreq=-191 sapplied=-191 crate=-191 uimp=141200 upos=1670 uneg=890 ball=42.38 vball=-8.62 aball=-11.4 bref=0.00 pid=-190.9 pref=122.1 ppos=141.2 apid=-0.0 integ=-0.0 vision=1 current=1 vframe=305 vs=1 vage=11 vpage=11 vdt=33 vmax=69 vacc=303 vrej=0 seq=0 elapsed=0 oled=3C
[   3633] STATUS mode=3 fault=none enc=172 denc=-2 sreq=-400 sapplied=-400 crate=-400 uimp=131820 upos=1670 uneg=930 ball=41.24 vball=-16.00 aball=-11.4 bref=0.00 pid=-400.0 pref=91.2 ppos=131.8 apid=-0.0 integ=-0.0 vision=1 current=1 vframe=306 vs=1 vage=18 vpage=18 vdt=33 vmax=69 vacc=304 vrej=0 seq=0 elapsed=0 oled=3C
[   3660] STATUS mode=3 fault=none enc=162 denc=-2 sreq=-448 sapplied=-448 crate=-448 uimp=124315 upos=1670 uneg=950 ball=40.00 vball=-22.50 aball=-81.0 bref=0.00 pid=-605.8 pref=63.7 ppos=124.3 apid=-0.0 integ=-0.0 vision=1 current=1 vframe=307 vs=1 vage=5 vpage=5 vdt=33 vmax=69 vacc=305 vrej=0 seq=0 elapsed=0 oled=3C
[   3687] STATUS mode=3 fault=none enc=148 denc=-4 sreq=-502 sapplied=-502 crate=-502 uimp=113915 upos=1670 uneg=970 ball=40.00 vball=-22.50 aball=-81.0 bref=0.00 pid=-501.8 pref=63.7 ppos=113.9 apid=-0.0 integ=-0.0 vision=1 current=1 vframe=307 vs=1 vage=25 vpage=25 vdt=33 vmax=69 vacc=305 vrej=0 seq=0 elapsed=0 oled=3C
[   3714] STATUS mode=3 fault=none enc=121 denc=-4 sreq=-436 sapplied=-436 crate=-436 uimp=93400 upos=1670 uneg=1010 ball=38.89 vball=-25.64 aball=-81.0 bref=0.00 pid=-435.6 pref=49.8 ppos=93.4 apid=-0.0 integ=-0.0 vision=1 current=1 vframe=308 vs=1 vage=31 vpage=31 vdt=34 vmax=69 vacc=306 vrej=0 seq=0 elapsed=0 oled=3C
[   3741] STATUS mode=3 fault=none enc=109 denc=-3 sreq=-498 sapplied=-498 crate=-498 uimp=83960 upos=1670 uneg=1030 ball=37.65 vball=-29.19 aball=-81.0 bref=0.00 pid=-498.1 pref=34.2 ppos=84.0 apid=-0.0 integ=-0.0 vision=1 current=1 vframe=309 vs=1 vage=14 vpage=14 vdt=37 vmax=69 vacc=307 vrej=0 seq=0 elapsed=0 oled=3C
[   3768] STATUS mode=3 fault=none enc=97 denc=-3 sreq=-527 sapplied=-527 crate=-527 uimp=74720 upos=1670 uneg=1050 ball=35.79 vball=-33.25 aball=-92.4 bref=0.00 pid=-590.4 pref=15.7 ppos=74.7 apid=-0.0 integ=-0.0 vision=1 current=1 vframe=310 vs=1 vage=4 vpage=4 vdt=30 vmax=69 vacc=308 vrej=0 seq=0 elapsed=0 oled=3C
[   3795] STATUS mode=3 fault=none enc=69 denc=-4 sreq=-675 sapplied=-675 crate=-675 uimp=53235 upos=1670 uneg=1090 ball=33.91 vball=-40.18 aball=-92.4 bref=0.00 pid=-675.3 pref=-14.3 ppos=53.2 apid=-0.0 integ=-0.0 vision=1 current=1 vframe=317 vs=1 vage=12 vpage=12 vdt=32 vmax=69 vacc=315 vrej=0 seq=0 elapsed=0 oled=3C
[   3823] STATUS mode=3 fault=none enc=52 denc=-5 sreq=-550 sapplied=-550 crate=-550 uimp=40710 upos=1670 uneg=1110 ball=33.91 vball=-40.18 aball=-92.4 bref=0.00 pid=-550.1 pref=-14.3 ppos=40.7 apid=-0.0 integ=-0.0 vision=1 current=1 vframe=317 vs=1 vage=32 vpage=32 vdt=32 vmax=69 vacc=315 vrej=0 seq=0 elapsed=0 oled=3C
[   3850] STATUS mode=3 fault=none enc=41 denc=-3 sreq=-306 sapplied=-306 crate=-306 uimp=32350 upos=1670 uneg=1130 ball=33.05 vball=-35.92 aball=-92.4 bref=0.00 pid=-306.4 pref=1.7 ppos=32.4 apid=-0.0 integ=-0.0 vision=1 current=1 vframe=318 vs=1 vage=18 vpage=18 vdt=34 vmax=69 vacc=316 vrej=0 seq=0 elapsed=0 oled=3C
[   3877] STATUS mode=3 fault=none enc=29 denc=-2 sreq=-212 sapplied=-212 crate=-212 uimp=21840 upos=1670 uneg=1170 ball=31.83 vball=-35.82 aball=-62.3 bref=0.00 pid=-211.9 pref=0.6 ppos=21.8 apid=-0.0 integ=-0.0 vision=1 current=1 vframe=319 vs=1 vage=23 vpage=23 vdt=35 vmax=69 vacc=317 vrej=0 seq=0 elapsed=0 oled=3C
[   3904] STATUS mode=3 fault=none enc=23 denc=-1 sreq=-231 sapplied=-231 crate=-231 uimp=17280 upos=1670 uneg=1190 ball=30.49 vball=-37.04 aball=-62.3 bref=0.00 pid=-231.2 pref=-5.8 ppos=17.3 apid=-0.0 integ=-0.0 vision=1 current=1 vframe=320 vs=1 vage=11 vpage=11 vdt=32 vmax=69 vacc=318 vrej=0 seq=0 elapsed=0 oled=3C
[   3931] STATUS mode=3 fault=none enc=8 denc=-3 sreq=-406 sapplied=-406 crate=-406 uimp=6530 upos=1670 uneg=1230 ball=28.47 vball=-43.50 aball=l=-62.3 bref=0.00 pid=-188.3 pref=-5.8 ppos=13.0 apid=-0.0 integ=-0.0 vision=1 current=1 vframe=320 vs=1 vage=31 vpage=31 vdt=32 vmax=69 vacc=318 vrej=0 seq=0 elapsed=0 oled=3C
[   3958] STATUS mode=3 fault=none enc=-1 denc=-3 sreq=-331 sapplied=-331 crate=-331 uimp=-1005 upos=1670 uneg=1250 ball=28.47 vball=-43.50 aball=-62.3 bref=0.00 pid=-331.0 pref=-34.1 ppos=-1.0 apid=-0.0 integ=-0.0 vision=1 current=1 vframe=321 vs=1 vage=38 vpage=38 vdt=33 vmax=69 vacc=319 vrej=0 seq=0 elapsed=0 oled=3C
[   3985] STATUS mode=3 fault=none enc=-8 denc=-1 sreq=-270 sapplied=-270 crate=-270 uimp=-7150 upos=1670 uneg=1270 ball=27.10 vball=-43.10 aball=-64.9 bref=0.00 pid=-270.0 pref=-34.1 ppos=-7.1 apid=-0.0 integ=-0.0 vision=1 current=1 vframe=322 vs=1 vage=16 vpage=16 vdt=42 vmax=69 vacc=320 vrej=0 seq=0 elapsed=0 oled=3C
[   4012] STATUS mode=3 fault=none enc=-18 denc=0 sreq=0 sapplied=0 crate=2 uimp=-15780 upos=1670 uneg=1310 ball=26.34 vball=-36.32 aball=-64.9 bref=0.00 pid=78.4 pref=-7.9 ppos=-15.8 apid=-0.0 integ=-0.0 vision=1 current=1 vframe=323 vs=1 vage=9 vpage=9 vdt=47 vmax=69 vacc=321 vrej=0 seq=0 elapsed=0 oled=3C
[   4038] STATUS mode=3 fault=none enc=-19 denc=1 sreq=71 sapplied=71 crate=71 uimp=-15015 upos=1680 uneg=1310 ball=26.34 vball=-36.32 aball=-64.9 bref=0.00 pid=70.8 pref=-7.9 ppos=-15.0 apid=-0.0 integ=-0.0 vision=1 current=1 vframe=323 vs=1 vage=29 vpage=29 vdt=47 vmax=69 vacc=321 vrej=0 seq=0 elapsed=0 oled=3C
[   4064] STATUS mode=3 fault=none enc=-18 denc=1 sreq=0 sapplied=0 crate=0 uimp=-14660 upos=1685 uneg=1310 ball=25.13 vball=-37.45 aball=-64.9 bref=0.00 pid=0.0 pref=-13.9 ppos=-14.7 apid=-0.0 integ=-0.0 vision=1 current=1 vframe=324 vs=1 vage=19 vpage=19 vdt=30 vmax=69 vacc=322 vrej=0 seq=0 elapsed=0 oled=3C
[   4092] STATUS mode=3 fault=none enc=-18 denc=-1 sreq=-165 sapplied=-165 crate=-165 uimp=-15610 upos=1700 uneg=1320 ball=22.60 vball=-41.24 aball=-4.4 bref=0.00 pid=-165.0 pref=-32.1 ppos=-15.6 apid=-0.0 integ=-0.0 vision=1 current=1 vframe=326 vs=1 vage=20 vpage=20 vdt=15 vmax=69 vacc=324 vrej=0 seq=0 elapsed=0 oled=3C
[   4119] STATUS mode=3 fault=none enc=-26 denc=-3 sreq=-303 sapplied=-303 crate=-303 uimp=-21035 upos=1700 uneg=1340 ball=21.18 vball=-45.62 aball=-4.4 bref=0.00 pid=-303.0 pref=-51.3 ppos=-21.0 apid=-0.0 integ=-0.0 vision=1 current=1 vframe=327 vs=1 vage=16 vpage=16 vdt=24 vmax=69 vacc=325 vrej=0 seq=0 elapsed=0 oled=3C
[   4147] STATUS mode=3 fault=none enc=-33 denc=-2 sreq=-247 sapplied=-247 crate=-247 uimp=-26655 upos=1700 uneg=1360 ball=21.18 vball=-45.62 aball=-4.4 bref=0.00 pid=-246.8 pref=-51.3 ppos=-26.7 apid=-0.0 integ=-0.0 vision=1 current=1 vframe=327 vs=1 vage=36 vpage=36 vdt=24 vmax=69 vacc=325 vrej=0 seq=0 elapsed=0 oled=3C
[   4173] STATUS mode=3 fault=none enc=-40 denc=-1 sreq=87 sapplied=0 crate=87 uimp=-31750 upos=1700 uneg=1395 ball=19.14 vball=-37.43 aball=-8.0 bref=0.00 pid=107.3 pref=-21.0 ppos=-31.7 apid=-0.0 integ=-0.0 vision=1 current=1 vframe=329 vs=1 vage=7 vpage=7 vdt=31 vmax=69 vacc=327 vrej=0 seq=0 elapsed=0 oled=3C
[   4200] STATUS mode=3 fault=none enc=-39 denc=1 sreq=92 sapplied=92 crate=92 uimp=-30220 upos=1715 uneg=1395 ball=19.14 vball=-37.43 aball=-8.0 bref=0.00 pid=92.0 pref=-21.0 ppos=-30.2 apid=-0.0 integ=-0.0 vision=1 current=1 vframe=329 vs=1 vage=27 vpage=27 vdt=31 vmax=69 vacc=327 vrej=0 seq=0 elapsed=0 oled=3C
[   4226] STATUS mode=3 fault=none enc=-35 denc=4 sreq=387 sapplied=387 crate=387 uimp=-26955 upos=1735 uneg=1395 ball=18.95 vball=-28.18 aball=-8.0 bref=0.00 pid=427.1 pref=15.8 ppos=-27.0 apid=-0.0 integ=-0.0 vision=1 current=1 vframe=330 vs=1 vage=14 vpage=14 vdt=33 vmax=69 vacc=328 vrej=0 seq=0 elapsed=0 oled=3C
[   4253] STATUS mode=3 fault=none enc=-18 denc=2 sreq=248 sapplied=248 crate=248 uimp=-13555 upos=1775 uneg=1395 ball=17.94 vball=-29.00 aball=-8.0 bref=0.00 pid=248.2 pref=11.3 ppos=-13.6 apid=-0.0 integ=-0.0 vision=1 current=1 vframe=331 vs=1 vage=22 vpage=22 vdt=32 vmax=69 vacc=329 vrej=0 seq=0 elapsed=0 oled=3C
[   4280] STATUS mode=3 fault=none enc=-12 denc=1 sreq=246 sapplied=246 crate=246 uimp=-8720 upos=1795 uneg=1395 ball=17.13 vball=-27.59 aball=40.8 bref=0.00 pid=246.5 pref=15.9 ppos=-8.7 apid=0.0 integ=-0.0 vision=1 current=1 vframe=332 vs=1 vage=9 vpage=9 vdt=33 vmax=69 vacc=330 vrej=0 seq=0 elapsed=0 oled=3C
[   4306] STATUS mode=3 fault=none enc=-7 denc=1 sreq=201 sapplied=201 crate=201 uimp=-4155 upos=1815 uneg=1395 ball=17.13 vball=-27.59 aball=40.8 bref=0.00 pid=200.8 pref=15.9 ppos=-4.2 apid=0.0 integ=-0.0 vision=1 current=1 vframe=332 vs=1 vage=29 vpage=29 vdt=33 vmax=69 vacc=330 vrej=0 seq=0 elapsed=0 oled=3C
[   4332] STATUS mode=3 fault=none enc=0 denc=1 sreq=218 sapplied=218 crate=218 uimp=1835 upos=1855 uneg=1395 ball=15.77 vball=-22.96 aball=40.8 bref=0.00 pid=309.8 pref=32.8 ppos=1.8 apid=0.0 integ=-0.0 vision=1 current=1 vframe=334 vs=1 vage=2 vpage=2 vdt=33 vmax=69 vacc=332 vrej=0 seq=0 elapsed=0 oled=3C
[   4359] STATUS mode=3 fault=none enc=8 denc=2 sreq=256 sapplied=256 crate=256 uimp=7190 upos=1875 uneg=1395 ball=15.77 vball=-22.96 aball=40.8 bref=0.00 pid=256.3 pref=32.8 ppos=7.2 apid=0.0 integ=-0.0 vision=1 current=1 vframe=334 vs=1 vage=22 vpage=22 vdt=33 vmax=69 vacc=332 vrej=0 seq=0 elapsed=0 oled=3C
[   4385] STATUS mode=3 fault=none enc=15 denc=3 sreq=431 sapplied=431 crate=431 uimp=12495 upos=1895 uneg=1395 ball=15.77 vball=-16.18 aball=73.3 bref=0.00 pid=474.4 pref=59.9 ppos=12.5 apid=0.0 integ=-0.0 vision=1 current=1 vframe=335 vs=1 vage=8 vpage=8 vdt=34 vmax=69 vacc=333 vrej=0 seq=0 elapsed=0 oled=3C
[   4411] STATUS mode=3 fault=none enc=38 denc=4 sreq=548 sapplied=548 crate=548 uimp=30085 upos=1935 uneg=1395 ball=15.93 vball=-10.00 aball=73.3 bref=0.00 pid=547.6 pref=84.8 ppos=30.1 apid=0.0 integ=-0.0 vision=1 current=1 vframe=336 vs=1 vage=14 vpage=14 vdt=34 vmax=69 vacc=334 vrej=0 seq=0 elapsed=0 oled=3C
[   4438] STATUS mode=3 fault=none enc=50 denc=3 sreq=370 sapplied=370 crate=370 uimp=40245 upos=1955 uneg=1395 ball=15.34 vball=-12.32 aball=73.3 bref=0.00 pid=346.2 pref=74.9 ppos=40.2 apid=0.0 integ=-0.0 vision=1 current=1 vframe=337 vs=1 vage=2 vpage=2 vdt=32 vmax=69 vacc=335 vrej=0 seq=0 elapsed=0 oled=3C
[   4464] STATUS mode=3 fault=none enc=59 denc=2 sreq=281 sapplied=281 crate=281 uimp=46770 upos=1975 uneg=1395 ball=15.34 vball=-12.32 aball=73.3 bref=0.00 pid=280.9 pref=74.9 ppos=46.8 apid=0.0 integ=-0.0 vision=1 current=1 vframe=337 vs=1 vage=22 vpage=22 vdt=32 vmax=69 vacc=335 vrej=0 seq=0 elapsed=0 oled=3C
[   4491] STATUS mode=3 fault=none enc=72 denc=1 sreq=199 sapplied=199 crate=199 uimp=56605 upos=2015 uneg=1395 ball=14.99 vball=-11.80 aball=60.0 bref=0.00 pid=244.6 pref=76.5 ppos=52.1 apid=0.0 integ=-0.0 vision=1 current=1 vframe=338 vs=1 vage=8 vpage=8 vdt=34 vmax=69 vacc=336 vrej=0 seq=0 elapsed=0 oled=3C
[   4517] STATUS mode=3 fault=none enc=77 denc=1 sreq=211 sapplied=211 crate=211 uimp=60820 upos=2035 uneg=1395 ball=14.75 vball=-10.39 aball=60.0 bref=0.00 pid=210.5 pref=81.9 ppos=60.8 apid=0.0 integ=-0.0 vision=1 current=1 vframe=339 vs=1 vage=15 vpage=15 vdt=33 vmax=69 vacc=337 vrej=0 seq=0 elapsed=0 oled=3C
[   4543] STATUS mode=3 fault=none enc=82 denc=2 sreq=254 sapplied=254 crate=254 uimp=64725 upos=2055 uneg=1395 ball=14.64 vball=-8.30 aball=60.0 bref=0.00 pid=253.8 pref=90.1 ppos=64.7 apid=0.0 integ=-0.0 vision=1 current=1 vframe=340 vs=1 vage=2 vpage=2 vdt=33 vmax=69 vacc=338 vrej=0 seq=0 elapsed=0 oled=3C
[   4570] STATUS mode=3 fault=none enc=88 denc=1 sreq=207 sapplied=207 crate=207 uimp=69435 upos=2075 uneg=1395 ball=14.64 vball=-8.30 aball=60.0 bref=0.00 pid=206.7 pref=90.1 ppos=69.4 apid=0.0 integ=-0.0 vision=1 current=1 vframe=340 vs=1 vage=22 vpage=22 vdt=33 vmax=69 vacc=338 vrej=0 seq=0 elapsed=0 oled=3C
[   4596] STATUS mode=3 fault=none enc=100 denc=1 sreq=208 sapplied=208 crate=208 uimp=78460 upos=2115 uneg=1395 ball=14.62 vball=-6.01 aball=59.1 bref=0.00 pid=207.8 pref=99.2 ppos=78.5 apid=0.0 integ=-0.0 vision=1 current=1 vframe=341 vs=1 vage=28 vpage=28 vdt=34 vmax=69 vacc=339 vrej=0 seq=0 elapsed=0 oled=3C
[   4623] STATUS mode=3 fault=none enc=105 denc=1 sreq=160 sapplied=160 crate=160 uimp=82210 upos=2135 uneg=1395 ball=14.39 vball=-6.21 aball=59.1 bref=0.00 pid=159.5 pref=98.2 ppos=82.2 apid=0.0 integ=-0.0 vision=1 current=1 vframe=342 vs=1 vage=15 vpage=15 vdt=33 vmax=69 vacc=340 vrej=0 seq=0 elapsed=0 oled=3C
[   4649] STATUS mode=3 fault=none enc=108 denc=0 sreq=184 sapplied=184 crate=184 uimp=85175 upos=2155 uneg=1395 ball=14.33 vball=-4.85 aball=59.1 bref=0.00 pid=183.5 pref=103.5 ppos=85.2 apid=0.0 integ=-0.0 vision=1 current=1 vframe=343 vs=1 vage=2 vpage=2 vdt=33 vmax=69 vacc=341 vrej=0 seq=0 elapsed=0 oled=3C
[   4676] STATUS mode=3 fault=none enc=117 denc=2 sreq=178 sapplied=178 crate=178 uimp=91650 upos=2195 uneg=1395 ball=14.34 vball=-3.37 aball=44.5 bref=0.00 pid=178.1 pref=109.5 ppos=91.7 apid=0.0 integ=-0.0 vision=1 current=1 vframe=344 vs=1 vage=9 vpage=9 vdt=33 vmax=69 vacc=342 vrej=0 seq=0 elapsed=0 oled=3C
[   4702] STATUS mode=3 fault=none enc=121 denc=1 sreq=145 sapplied=145 crate=145 uimp=94955 upos=2215 uneg=1395 ball=14.34 vball=-3.37 aball=44.5 bref=0.00 pid=145.1 pref=109.5 ppos=95.0 apid=0.0 integ=-0.0 vision=1 current=1 vframe=344 vs=1 vage=29 vpage=29 vdt=33 vmax=69 vacc=342 vrej=0 seq=0 elapsed=0 oled=3C
[   4729] STATUS mode=3 fault=none enc=125 denc=1 sreq=193 sapplied=193 crate=193 uimp=98455 upos=2235 uneg=1395 ball=14.45 vball=-1.33 aball=44.5 bref=0.00 pid=193.0 pref=117.8 ppos=98.5 apid=0.0 integ=-0.0 vision=1 current=1 vframe=345 vs=1 vage=15 vpage=15 vdt=34 vmax=69 vacc=343 vrej=0 seq=0 elapsed=0 oled=3C
[   4755] STATUS mode=3 fault=none enc=134 denc=0 sreq=166 sapplied=166 crate=166 uimp=105815 upos=2275 uneg=1395 ball=14.54 vball=-0.18 aball=44.5 bref=0.00 pid=166.5 pref=122.5 ppos=105.8 apid=0.0 integ=-0.0 vision=1 current=1 vframe=346 vs=1 vage=22 vpage=22 vdt=33 vmax=69 vacc=344 vrej=0 seq=0 elapsed=0 oled=3C
[   4782] STATUS mode=3 fault=none enc=139 denc=1 sreq=149 sapplied=149 crate=149 uimp=108965 upos=2295 uneg=1395 ball=14.57 vball=0.15 aball=40.3 bref=0.00 pid=148.5 pref=123.8 ppos=109.0 apid=0.0 integ=-0.0 vision=1 current=1 vframe=347 vs=1 vage=9 vpage=9 vdt=33 vmax=69 vacc=345 vrej=0 seq=0 elapsed=0 oled=3C
[   4809] STATUS mode=3 fault=none enc=142 denc=0 sreq=121 sapplied=121 crate=121 uimp=111720 upos=2315 uneg=1395 ball=14.57 vball=0.15 aball=40.3 bref=0.00 pid=121.0 pref=123.8 ppos=111.7 apid=0.0 integ=-0.0 vision=1 current=1 vframe=347 vs=1 vage=29 vpage=29 vdt=33 vmax=69 vacc=345 vrej=0 seq=0 elapsed=0 oled=3C
[   4835] STATUS mode=3 fault=none enc=147 denc=0 sreq=84 sapplied=84 crate=84 uimp=115955 upos=2355 uneg=1395 ball=14.60 vball=0.27 aball=40.3 bref=0.00 pid=83.8 pref=124.3 ppos=116.0 apid=0.0 integ=-0.0 vision=1 current=1 vframe=349 vs=1 vage=2 vpage=2 vdt=33 vmax=69 vacc=347 vrej=0 seq=0 elapsed=0 oled=3C
[   4861] STATUS mode=3 fault=none enc=150 denc=0 sreq=68 sapplied=68 crate=68 uimp=117515 upos=2375 uneg=1395 ball=14.60 vball=0.27 aball=40.3 bref=0.00 pid=68.2 pref=124.3 ppos=117.5 apid=0.0 integ=-0.0 vision=1 current=1 vframe=349 vs=1 vage=22 vpage=22 vdt=33 vmax=69 vacc=347 vrej=0 seq=0 elapsed=0 oled=3C
[   4887] STATUS mode=3 fault=none enc=152 denc=1 sreq=75 sapplied=75 crate=75 uimp=118885 upos=2395 uneg=1395 ball=14.63 vball=0.53 aball=23.9 bref=0.00 pid=74.9 pref=126.4 ppos=118.9 apid=0.0 integ=1.0 vision=1 current=1 vframe=350 vs=1 vage=9 vpage=9 vdt=33 vmax=69 vacc=348 vrej=0 seq=0 elapsed=0 oled=3C
[   4914] STATUS mode=3 fault=none enc=156 denc=1 sreq=111 sapplied=111 crate=111 uimp=122060 upos=2435 uneg=1395 ball=14.81 vball=1.91 aball=23.9 bref=0.00 pid=110.6 pref=133.1 ppos=122.1 apid=0.0 integ=2.0 vision=1 current=1 vframe=351 vs=1 vage=15 vpage=15 vdt=34 vmax=69 vacc=349 vrej=0 seq=0 elapsed=0 oled=3C
[   4940] STATUS mode=3 fault=none enc=158 denc=0 sreq=109 sapplied=109 crate=109 uimp=124115 upos=2455 uneg=1395 ball=14.90 vball=2.12 aball=23.9 bref=0.00 pid=109.3 pref=135.0 ppos=124.1 apid=0.0 integ=3.0 vision=1 current=1 vframe=352 vs=1 vage=2 vpage=2 vdt=33 vmax=69 vacc=350 vrej=0 seq=0 elapsed=0 oled=3C
[   4966] STATUS mode=3 fault=none enc=161 denc=0 sreq=89 sapplied=89 crate=89 uimp=126145 upos=2475 uneg=1395 ball=14.90 vball=2.12 aball=23.9 bref=0.00 pid=89.0 pref=135.0 ppos=126.1 apid=0.0 integ=3.0 vision=1 current=1 vframe=352 vs=1 vage=22 vpage=22 vdt=33 vmax=69 vacc=350 vrej=0 seq=0 elapsed=0 oled=3C
[   4993] STATUS mode=3 fault=none enc=167 denc=1 sreq=114 sapplied=114 crate=114 uimp=130755 upos=2515 uneg=1395 ball=15.14 vball=3.58 aball=26.9 bref=0.00 pid=114.2 pref=142.2 ppos=130.8 apid=0.0 integ=4.0 vision=1 current=1 vframe=353 vs=1 vage=29 vpage=29 vdt=33 vmax=69 vacc=351 vrej=0 seq=0 elapsed=0 oled=3C
[   5019] STATUS mode=3 fault=none enc=168 denc=1 sreq=58 sapplied=58 crate=58 uimp=132495 upos=2535 uneg=1395 ball=15.13 vball=2.34 aball=26.9 bref=0.00 pid=58.0 pref=138.3 ppos=132.5 apid=0.0 integ=5.0 vision=1 current=1 vframe=354 vs=1 vage=13 vpage=13 vdt=36 vmax=69 vacc=352 vrej=0 seq=0 elapsed=0 oled=3C
[   5046] STATUS mode=3 fault=none enc=169 denc=0 sreq=-50 sapplied=0 crate=-50 uimp=133570 upos=2555 uneg=1395 ball=14.34 vball=-5.22 aball=26.9 bref=0.00 pid=-264.6 pref=107.1 ppos=133.6 apid=0.0 integ=5.0 vision=1 current=1 vframe=355 vs=1 vage=1 vpage=1 vdt=32 vmax=69 vacc=353 vrej=0 seq=0 elapsed=0 oled=3C
[   5073] STATUS mode=3 fault=none enc=160 denc=-4 sreq=-400 sapplied=-400 crate=-400 uimp=125480 upos=2555 uneg=1430 ball=13.28 vball=-12.94 aball=-59.6 bref=0.00 pid=-400.0 pref=75.0 ppos=125.5 apid=-0.0 integ=5.0 vision=1 current=1 vframe=356 vs=1 vage=9 vpage=9 vdt=32 vmax=69 vacc=354 vrej=0 seq=0 elapsed=0 oled=3C
[   5100] STATUS mode=3 fault=none enc=150 denc=-3 sreq=-400 sapplied=-400 crate=-400 uimp=117480 upos=2555 uneg=1450 ball=13.28 vball=-12.94 aball=-59.6 bref=0.00 pid=-400.0 pref=75.0 ppos=117.5 apid=-0.0 integ=5.0 vision=1 current=1 vframe=356 vs=1 vage=29 vpage=29 vdt=32 vmax=69 vacc=354 vrej=0 seq=0 elapsed=0 oled=3C
[   5127] STATUS mode=3 fault=none enc=139 denc=-3 sreq=-364 sapplied=-364 crate=-364 uimp=109565 upos=2555 uneg=1470 ball=12.83 vball=-13.26 aball=-59.6 bref=0.00 pid=-364.3 pref=73.1 ppos=109.6 apid=-0.0 integ=5.0 vision=1 current=1 vframe=357 vs=1 vage=15 vpage=15 vdt=34 vmax=69 vacc=355 vrej=0 seq=0 elapsed=0 oled=3C
[   5154] STATUS mode=3 fault=none enc=123 denc=-3 sreq=-228 sapplied=-228 crate=-228 uimp=97620 upos=2555 uneg=1510 ball=12.43 vball=-12.71 aball=-59.6 bref=0.00 pid=-227.7 pref=74.9 ppos=97.6 apid=-0.0 integ=5.0 vision=1 current=1 vframe=358 vs=1 vage=22 vpage=22 vdt=33 vmax=69 vacc=356 vrej=0 seq=0 elapsed=0 oled=3C
[   5182] STATUS mode=3 fault=none enc=117 denc=-3 sreq=-308 sapplied=-308 crate=-308 uimp=92850 upos=2555 uneg=1530 ball=11.66 vball=-15.69 aball=-45.1 bref=0.00 pid=-308.4 pref=62.0 ppos=92.9 apid=-0.0 integ=-0.0 vision=1 current=1 vframe=359 vs=1 vage=9 vpage=9 vdt=33 vmax=69 vacc=357 vrej=0 seq=0 elapsed=0 oled=3C
[   5209] STATUS mode=3 fault=none enc=111 denc=-1 sreq=-251 sapplied=-251 crate=-251 uimp=87135 upos=2555 uneg=1550 ball=11.66 vball=-15.69 aball=-45.1 bref=0.00 pid=-251.3 pref=62.0 ppos=87.1 apid=-0.0 integ=-0.0 vision=1 current=1 vframe=359 vs=1 vage=29 vpage=29 vdt=33 vmax=69 vacc=357 vrej=0 seq=0 elapsed=0 oled=3C
[   5236] STATUS mode=3 fault=none enc=96 denc=-2 sreq=-337 sapplied=-337 crate=-337 uimp=76160 upos=2555 uneg=1590 ball=10.03 vball=-20.63 aball=-45.1 bref=0.00 pid=-358.7 pref=40.3 ppos=76.2 apid=-0.0 integ=-0.0 vision=1 current=1 vframe=361 vs=1 vage=3 vpage=3 vdt=33 vmax=69 vacc=359 vrej=0 seq=0 elapsed=0 oled=3C
[   5263] STATUS mode=3 fault=none enc=87 denc=-3 sreq=-293 sapplied=-293 crate=-293 uimp=69600 upos=2555 uneg=1610 ball=10.03 vball=-20.63 aball=-45.1 bref=0.00 pid=-293.1 pref=40.3 ppos=69.6 apid=-0.0 integ=-0.0 vision=1 current=1 vframe=361 vs=1 vage=23 vpage=23 vdt=33 vmax=69 vacc=359 vrej=0 seq=0 elapsed=0 oled=3C
[   5290] STATUS mode=3 fault=none enc=80 denc=-2 sreq=-298 sapplied=-298 crate=-298 uimp=63850 upos=2555 uneg=1630 ball=9.20 vball=-21.94 aball=-53.2 bref=0.00 pid=-297.9 pref=34.1 ppos=63.9 apid=-0.0 integ=-0.0 vision=1 current=1 vframe=362 vs=1 vage=10 vpage=10 vdt=33 vmax=69 vacc=360 vrej=0 seq=0 elapsed=0 oled=3C
[   5317] STATUS mode=3 fault=none enc=68 denc=-1 sreq=-199 sapplied=-199 crate=-199 uimp=53805 upos=2555 uneg=1670 ball=8.48 vball=-21.76 aball=-53.2 bref=0.00 pid=-198.9 pref=33.9 ppos=53.8 apid=-0.0 integ=-0.0 vision=1 current=1 vframe=363 vs=1 vage=16 vpage=16 vdt=34 vmax=69 vacc=361 vrej=0 seq=0 elapsed=0 oled=3C
[   5344] STATUS mode=3 fault=none enc=63 denc=-1 sreq=-131 sapplied=-131 crate=-131 uimp=50110 upos=2555 uneg=1690 ball=7.84 vball=-20.79 aball=-53.2 bref=0.00 pid=-130.8 pref=37.0 ppos=50.1 apid=-0.0 integ=-0.0 vision=1 current=1 vframe=364 vs=1 vage=2 vpage=2 vdt=34 vmax=69 vacc=362 vrej=0 seq=0 elapsed=0 oled=3C
[   5371] STATUS mode=3 fault=none enc=60 denc=-1 sreq=-107 sapplied=-107 crate=-107 uimp=47685 upos=2555 uneg=1710 ball=7.84 vball=-20.79 aball=-53.2 bref=0.00 pid=-106.6 pref=37.0 ppos=47.7 apid=-0.0 integ=-0.0 vision=1 current=1 vframe=364 vs=1 vage=22 vpage=22 vdt=34 vmax=69 vacc=362 vrej=0 seq=0 elapsed=0 oled=3C
[   5397] STATUS mode=3 fault=none enc=58 denc=0 sreq=-27 sapplied=-27 crate=-27 uimp=45380 upos=2555 uneg=1750 ball=7.33 vball=-19.22 aball=-17.2 bref=0.00 pid=-26.9 pref=42.7 ppos=45.4 apid=-0.0 integ=-0.0 vision=1 current=1 vframe=365 vs=1 vage=29 vpage=29 vdt=33 vmax=69 vacc=363 vrej=0 seq=0 elapsed=0 oled=3C
[   5424] STATUS mode=3 fault=none enc=57 denc=1 sreq=-22 sapplied=-22 crate=-22 uimp=44880 upos=2555 uneg=1770 ball=7.33 vball=-19.22 aball=-17.2 bref=0.00 pid=-21.9 pref=42.7 ppos=44.9 apid=-0.0 integ=-0.0 vision=1 current=0 vframe=366 vs=0 vage=49 vpage=16 vdt=33 vmax=69 vacc=363 vrej=0 seq=0 elapsed=0 oled=3C
[   5450] STATUS mode=3 fault=none enc=55 denc=-1 sreq=60 sapplied=0 crate=60 uimp=44565 upos=2555 uneg=1785 ball=6.32 vball=-16.95 aball=-17.2 bref=0.00 pid=60.0 pref=50.6 ppos=44.6 apid=-0.0 integ=-0.0 vision=1 current=1 vframe=367 vs=1 vage=3 vpage=3 vdt=66 vmax=69 vacc=364 vrej=0 seq=0 elapsed=0 oled=3C
[   5476] STATUS mode=3 fault=none enc=57 denc=1 sreq=169 sapplied=169 crate=169 uimp=46880 upos=2590 uneg=1785 ball=6.14 vball=-13.58 aball=16.2 bref=0.00 pid=169.5 pref=63.8 ppos=46.9 apid=0.0 integ=-0.0 vision=1 current=1 vframe=368 vs=1 vage=10 vpage=10 vdt=33 vmax=69 vacc=365 vrej=0 seq=0 elapsed=0 oled=3C
[   5503] STATUS mode=3 fault=none enc=60 denc=0 sreq=138 sapplied=138 crate=138 uimp=50020 upos=2610 uneg=1785 ball=6.14 vball=-13.58 aball=16.2 bref=0.00 pid=138.1 pref=63.8 ppos=50.0 apid=0.0 integ=-0.0 vision=1 current=1 vframe=368 vs=1 vage=30 vpage=30 vdt=33 vmax=69 vacc=365 vrej=0 seq=0 elapsed=0 oled=3C
[   5529] STATUS mode=3 fault=none enc=66 denc=1 sreq=234 sapplied=234 crate=234 uimp=54425 upos=2630 uneg=1785 ball=6.08 vball=-10.07 aball=16.2 bref=0.00 pid=233.7 pref=77.8 ppos=54.4 apid=0.0 integ=-0.0 vision=1 current=1 vframe=369 vs=1 vage=16 vpage=16 vdt=34 vmax=69 vacc=366 vrej=0 seq=0 elapsed=0 oled=3C
[   5556] STATUS mode=3 fault=none enc=78 denc=1 sreq=214 sapplied=214 crate=214 uimp=63635 upos=2670 uneg=1785 ball=5.96 vball=-8.22 aball=16.2 bref=0.00 pid=214.1 pref=85.0 ppos=63.6 apid=0.0 integ=-0.0 vision=1 current=1 vframe=370 vs=1 vage=23 vpage=23 vdt=33 vmax=69 vacc=367 vrej=0 seq=0 elapsed=0 oled=3C
[   5581] STATUS mode=3 fault=none enc=82 denc=1 sreq=76 sapplied=76 crate=76 uimp=67150 upos=2690 uneg=1785 ball=5.42 vball=-10.64 aball=22.0 bref=0.00 pid=75.7 pref=74.7 ppos=67.2 apid=0.0 integ=-0.0 vision=1 current=1 vframe=371 vs=1 vage=9 vpage=9 vdt=34 vmax=69 vacc=368 vrej=0 seq=0 elapsed=0 oled=3C
[   5607] STATUS mode=3 fault=none enc=83 denc=0 sreq=62 sapplied=62 crate=62 uimp=68555 upos=2710 uneg=1785 ball=5.42 vball=-10.64 aball=22.0 bref=0.00 pid=61.7 pref=74.7 ppos=68.6 apid=0.0 integ=-0.0 vision=1 current=1 vframe=371 vs=1 vage=29 vpage=29 vdt=34 vmax=69 vacc=368 vrej=0 seq=0 elapsed=0 oled=3C
[   5633] STATUS mode=3 fault=none enc=86 denc=0 sreq=86 sapplied=86 crate=86 uimp=70635 upos=2750 uneg=1785 ball=4.89 vball=-9.35 aball=22.0 bref=0.00 pid=86.1 pref=79.2 ppos=70.6 apid=0.0 integ=-0.0 vision=1 current=1 vframe=373 vs=1 vage=3 vpage=3 vdt=66 vmax=69 vacc=369 vrej=0 seq=0 elapsed=0 oled=3C
[   5659] STATUS mode=3 fault=none enc=88 denc=0 sreq=70 sapplied=70 crate=70 uimp=72235 upos=2770 uneg=1785 ball=4.89 vball=-9.35 aball=22.0 bref=0.00 pid=70.1 pref=79.2 ppos=72.2 apid=0.0 integ=-0.0 vision=1 current=1 vframe=373 vs=1 vage=23 vpage=23 vdt=66 vmax=69 vacc=369 vrej=0 seq=0 elapsed=0 oled=3C
[   5685] STATUS mode=3 fault=none enc=91 denc=2 sreq=102 sapplied=102 crate=102 uimp=73775 upos=2790 uneg=1785 ball=4.72 vball=-8.11 aball=23.5 bref=0.00 pid=102.3 pref=84.0 ppos=73.8 apid=0.0 integ=-0.0 vision=1 current=1 vframe=374 vs=1 vage=9 vpage=9 vdt=34 vmax=69 vacc=370 vrej=0 seq=0 elapsed=0 oled=3C
[   5711] STATUS mode=3 fault=none enc=94 denc=1 sreq=55 sapplied=55 crate=55 uimp=77005 upos=2830 uneg=1785 ball=4.41 vball=-8.38 aball=23.5 bref=0.00 pid=55.4 pref=82.5 ppos=77.0 apid=0.0 integ=-0.0 vision=1 current=1 vframe=375 vs=1 vage=16 vpage=16 vdt=33 vmax=69 vacc=371 vrej=0 seq=0 elapsed=0 oled=3C
[   5737] STATUS mode=3 fault=none enc=96 denc=2 sreq=0 sapplied=0 crate=0 uimp=78035 upos=2850 uneg=1785 ball=4.29 vball=-6.83 aball=23.5 bref=0.00 pid=0.0 pref=78.0 ppos=78.0 apid=0.0 integ=0.0 vision=1 current=1 vframe=376 vs=1 vage=2 vpage=2 vdt=34 vmax=69 vacc=372 vrej=0 seq=0 elapsed=0 oled=3C
[   5762] STATUS mode=3 fault=none enc=96 denc=0 sreq=0 sapplied=0 crate=0 uimp=78035 upos=2850 uneg=1785 ball=4.29 vball=-6.83 aball=23.5 bref=0.00 pid=0.0 pref=78.0 ppos=78.0 apid=0.0 integ=0.0 vision=1 current=1 vframe=376 vs=1 vage=22 vpage=22 vdt=34 vmax=69 vacc=372 vrej=0 seq=0 elapsed=0 oled=3C
[   5788] STATUS mode=3 fault=none enc=96 denc=0 sreq=0 sapplied=0 crate=0 uimp=78035 upos=2850 uneg=1785 ball=4.21 vball=-5.56 aball=24.4 bref=0.00 pid=0.0 pref=78.0 ppos=78.0 apid=0.0 integ=0.0 vision=1 current=1 vframe=377 vs=1 vage=9 vpage=9 vdt=33 vmax=69 vacc=373 vrej=0 seq=0 elapsed=0 oled=3C
[   5814] STATUS mode=3 fault=none enc=96 denc=0 sreq=-300 sapplied=-300 crate=-300 uimp=77035 upos=2850 uneg=1790 ball=3.19 vball=-12.62 aball=24.4 bref=0.00 pid=-400.0 pref=31.4 ppos=77.0 apid=0.0 integ=-0.0 vision=1 current=1 vframe=378 vs=1 vage=15 vpage=15 vdt=34 vmax=69 vacc=374 vrej=0 seq=0 elapsed=0 oled=3C
[   5841] STATUS mode=3 fault=none enc=86 denc=-3 sreq=-400 sapplied=-400 crate=-400 uimp=69535 upos=2850 uneg=1810 ball=2.30 vball=-16.82 aball=24.4 bref=0.00 pid=-400.0 pref=13.5 ppos=69.5 apid=0.0 integ=-0.0 vision=1 current=1 vframe=379 vs=1 vage=2 vpage=2 vdt=33 vmax=69 vacc=375 vrej=0 seq=0 elapsed=0 oled=3C
[   5868] STATUS mode=3 fault=none enc=76 denc=-3 sreq=-400 sapplied=-400 crate=-400 uimp=61535 upos=2850 uneg=1830 ball=2.30 vball=-16.82 aball=24.4 bref=0.00 pid=-400.0 pref=13.5 ppos=61.5 apid=0.0 integ=-0.0 vision=1 current=1 vframe=379 vs=1 vage=22 vpage=22 vdt=33 vmax=69 vacc=375 vrej=0 seq=0 elapsed=0 oled=3C
[   5895] STATUS mode=3 fault=none enc=57 denc=-3 sreq=-276 sapplied=-276 crate=-276 uimp=47460 upos=2850 uneg=1870 ball=1.93 vball=-15.13 aball=-29.6 bref=0.00 pid=-276.3 pref=19.8 ppos=47.5 apid=-0.0 integ=-0.0 vision=1 current=1 vframe=380 vs=1 vage=29 vpage=29 vdt=33 vmax=69 vacc=376 vrej=0 seq=0 elapsed=0 oled=3C
[   5922] STATUS mode=3 fault=none enc=54 denc=1 sreq=-87 sapplied=-87 crate=-87 uimp=43500 upos=2850 uneg=1890 ball=1.84 vball=-11.37 aball=-29.6 bref=0.00 pid=-87.4 pref=34.8 ppos=43.5 apid=-0.0 integ=-0.0 vision=1 current=1 vframe=381 vs=1 vage=15 vpage=15 vdt=34 vmax=69 vacc=377 vrej=0 seq=0 elapsed=0 oled=3C
[   5948] STATUS mode=3 fault=none enc=51 denc=0 sreq=-41 sapplied=-41 crate=-41 uimp=41880 upos=2850 uneg=1910 ball=1.56 vball=-10.52 aball=-29.6 bref=0.00 pid=-40.5 pref=37.8 ppos=41.9 apid=-0.0 integ=-0.0 vision=1 current=1 vframe=382 vs=1 vage=2 vpage=2 vdt=33 vmax=69 vacc=378 vrej=0 seq=0 elapsed=0 oled=3C
[   5975] STATUS mode=3 fault=none enc=49 denc=-1 sreq=-134 sapplied=-134 crate=-134 uimp=40005 upos=2850 uneg=1950 ball=0.89 vball=-13.12 aball=-7.3 bref=0.00 pid=-133.8 pref=26.6 ppos=40.0 apid=-0.0 integ=-0.0 vision=1 current=1 vframe=383 vs=1 vage=9 vpage=9 vdt=33 vmax=69 vacc=379 vrej=0 seq=0 elapsed=0 oled=3C
[   6002] STATUS mode=3 fault=none enc=48 denc=0 sreq=-109 sapplied=-109 crate=-109 uimp=37520 upos=2850 uneg=1970 ball=0.89 vball=-13.12 aball=-7.3 bref=0.00 pid=-109.0 pref=26.6 ppos=37.5 apid=-0.0 integ=-0.0 vision=1 current=1 vframe=383 vs=1 vage=29 vpage=29 vdt=33 vmax=69 vacc=379 vrej=0 seq=0 elapsed=0 oled=3C
[   6028] STATUS mode=3 fault=none enc=45 denc=0 sreq=-73 sapplied=-73 crate=-73 uimp=35665 upos=2850 uneg=1990 ball=0.51 vball=-12.57 aball=-7.3 bref=0.00 pid=-73.0 pref=28.4 ppos=35.7 apid=-0.0 integ=-0.0 vision=1 current=1 vframe=384 vs=1 vage=15 vpage=15 vdt=34 vmax=69 vacc=380 vrej=0 seq=0 elapsed=0 oled=3C
[   6054] STATUS mode=3 fault=none enc=43 denc=0 sreq=0 sapplied=0 crate=0 uimp=34310 upos=2850 uneg=2010 ball=0.24 vball=-11.25 aball=-7.3 bref=0.00 pid=0.0 pref=33.3 ppos=34.3 apid=-0.0 integ=-0.0 vision=1 current=1 vframe=385 vs=1 vage=22 vpage=22 vdt=33 vmax=69 vacc=381 vrej=0 seq=0 elapsed=0 oled=3C
[   6081] STATUS mode=3 fault=none enc=43 denc=0 sreq=-126 sapplied=-126 crate=-126 uimp=33810 upos=2850 uneg=2015 ball=-0.45 vball=-14.07 aball=-8.3 bref=0.00 pid=-125.9 pref=21.2 ppos=33.8 apid=-0.0 integ=-0.0 vision=1 current=1 vframe=386 vs=1 vage=9 vpage=9 vdt=33 vmax=69 vacc=382 vrej=0 seq=0 elapsed=0 oled=3C
[   6108] STATUS mode=3 fault=none enc=40 denc=-1 sreq=-103 sapplied=-103 crate=-103 uimp=31470 upos=2850 uneg=2035 ball=-0.45 vball=-14.07 aball=-8.3 bref=0.00 pid=-102.5 pref=21.2 ppos=31.5 apid=-0.0 integ=-0.0 vision=1 current=1 vframe=386 vs=1 vage=29 vpage=29 vdt=33 vmax=69 vacc=382 vrej=0 seq=0 elapsed=0 oled=3C
[   6134] STATUS mode=3 fault=none enc=38 denc=-1 sreq=0 sapplied=0 crate=0 uimp=29355 upos=2850 uneg=2075 ball=-1.09 vball=-11.64 aball=-8.3 bref=0.00 pid=0.0 pref=30.2 ppos=29.4 apid=-0.0 integ=-0.0 vision=1 current=1 vframe=388 vs=1 vage=2 vpage=2 vdt=34 vmax=69 vacc=384 vrej=0 seq=0 elapsed=0 oled=3C
[   6159] STATUS mode=3 fault=none enc=37 denc=0 sreq=0 sapplied=0 crate=0 uimp=29355 upos=2850 uneg=2075 ball=-1.09 vball=-11.64 aball=-8.3 bref=0.00 pid=0.0 pref=30.2 ppos=29.4 apid=-0.0 integ=-0.0 vision=1 current=1 vframe=388 vs=1 vage=22 vpage=22 vdt=34 vmax=69 vacc=384 vrej=0 seq=0 elapsed=0 oled=3C
[   6185] STATUS mode=3 fault=none enc=37 denc=0 sreq=24 sapplied=24 crate=24 uimp=29355 upos=2850 uneg=2075 ball=-1.41 vball=-11.14 aball=8.6 bref=0.00 pid=24.3 pref=31.8 ppos=29.4 apid=0.0 integ=-0.0 vision=1 current=1 vframe=389 vs=1 vage=9 vpage=9 vdt=33 vmax=69 vacc=385 vrej=0 seq=0 elapsed=0 oled=3C
[   6211] STATUS mode=3 fault=none enc=38 denc=0 sreq=62 sapplied=62 crate=62 uimp=30935 upos=2890 uneg=2075 ball=-1.62 vball=-9.74 aball=8.6 bref=0.00 pid=62.0 pref=37.1 ppos=30.9 apid=0.0 integ=-0.0 vision=1 current=1 vframe=390 vs=1 vage=16 vpage=16 vdt=33 vmax=69 vacc=386 vrej=0 seq=0 elaapsed=0 oled=3C
[   6237] STATUS mode=3 fault=none enc=38 denc=0 sreq=0 sapplied=0 crate=0 uimp=32085 upos=2910 uneg=2075 ball=-1.74 vball=-7.84 aball=8.6 bref=0.00 pid=0.0 pref=32.1 ppos=32.1 apid=0.0 integ=0.0 vision=1 current=1 vframe=391 vs=1 vage=2 vpage=2 vdt=34 vmax=69 vacc=387 vrej=0 seq=0 elapsed=0 oled=3C
[   6262] STATUS mode=3 fault=none enc=39 denc=0 sreq=0 sapplied=0 crate=0 uimp=32085 upos=2910 uneg=2075 ball=-1.74 vball=-7.84 aball=8.6 bref=0.00 pid=0.0 pref=32.1 ppos=32.1 apid=0.0 integ=0.0 vision=1 current=1 vframe=391 vs=1 vage=22 vpage=22 vdt=34 vmax=69 vacc=387 vrej=0 seq=0 elapsed=0 oled=3C
[   6288] STATUS mode=3 fault=none enc=39 denc=0 sreq=0 sapplied=0 crate=0 uimp=32085 upos=2910 uneg=2075 ball=-1.74 vball=-5.52 aball=30.0 bref=0.00 pid=0.0 pref=32.1 ppos=32.1 apid=0.0 integ=0.0 vision=1 current=1 vframe=392 vs=1 vage=9 vpage=9 vdt=33 vmax=69 vacc=388 vrej=0 seq=0 elapsed=0 oled=3C
[   6313] STATUS mode=3 fault=none enc=39 denc=0 sreq=0 sapplied=0 crate=0 uimp=32085 upos=2910 uneg=2075 ball=-1.62 vball=-2.73 aball=30.0 bref=0.00 pid=0.0 pref=32.1 ppos=32.1 apid=0.0 integ=0.0 vision=1 current=1 vframe=393 vs=1 vage=16 vpage=16 vdt=33 vmax=69 vacc=389 vrej=0 seq=0 elapsed=0 oled=3C
[   6339] STATUS mode=3 fault=none enc=39 denc=0 sreq=0 sapplied=0 crate=0 uimp=32085 upos=2910 uneg=2075 ball=-1.14 vball=2.42 aball=30.0 bref=0.00 pid=0.0 pref=32.1 ppos=32.1 apid=0.0 integ=0.0 vision=1 current=1 vframe=394 vs=1 vage=2 vpage=2 vdt=34 vmax=69 vacc=390 vrej=0 seq=0 elapsed=0 oled=3C
[   6364] STATUS mode=3 fault=none enc=39 denc=0 sreq=0 sapplied=0 crate=0 uimp=32085 upos=2910 uneg=2075 ball=-1.14 vball=2.42 aball=30.0 bref=0.00 pid=0.0 pref=32.1 ppos=32.1 apid=0.0 integ=0.0 vision=1 current=1 vframe=394 vs=1 vage=22 vpage=22 vdt=34 vmax=69 vacc=390 vrej=0 seq=0 elapsed=0 oled=3C
[   6390] STATUS mode=3 fault=none enc=39 denc=0 sreq=0 sapplied=0 crate=0 uimp=32085 upos=2910 uneg=2075 ball=-0.73 vball=5.31 aball=65.3 bref=0.00 pid=0.0 pref=32.1 ppos=32.1 apid=0.0 integ=0.0 vision=1 current=1 vframe=395 vs=1 vage=9 vpage=9 vdt=33 vmax=69 vacc=391 vrej=0 seq=0 elapsed=0 oled=3C
[   6415] STATUS mode=3 fault=none enc=39 denc=0 sreq=0 sapplied=0 crate=0 uimp=32085 upos=2910 uneg=2075 ball=-0.63 vball=4.59 aball=65.3 bref=0.00 pid=0.0 pref=32.1 ppos=32.1 apid=0.0 integ=0.0 vision=1 current=1 vframe=396 vs=1 vage=16 vpage=16 vdt=33 vmax=69 vacc=392 vrej=0 seq=0 elapsed=0 oled=3C
[   6441] STATUS mode=3 fault=none enc=39 denc=0 sreq=0 sapplied=0 crate=0 uimp=32085 upos=2910 uneg=2075 ball=-0.39 vball=5.40 aball=65.3 bref=0.00 pid=0.0 pref=32.1 ppos=32.1 apid=0.0 integ=0.0 vision=1 current=1 vframe=397 vs=1 vage=3 vpage=3 vdt=33 vmax=69 vacc=393 vrej=0 seq=0 elapsed=0 oled=3C
[   6466] STATUS mode=3 fault=none enc=39 denc=0 sreq=0 sapplied=0 crate=0 uimp=32085 upos=2910 uneg=2075 ball=-0.39 vball=5.40 aball=65.3 bref=0.00 pid=0.0 pref=32.1 ppos=32.1 apid=0.0 integ=0.0 vision=1 current=1 vframe=397 vs=1 vage=23 vpage=23 vdt=33 vmax=69 vacc=393 vrej=0 seq=0 elapsed=0 oled=3C
[   6492] STATUS mode=3 fault=none enc=39 denc=0 sreq=0 sapplied=0 crate=0 uimp=32085 upos=2910 uneg=2075 ball=-0.08 vball=6.64 aball=41.9 bref=0.00 pid=0.0 pref=32.1 ppos=32.1 apid=0.0 integ=0.0 vision=1 current=1 vframe=398 vs=1 vage=29 vpage=29 vdt=34 vmax=69 vacc=394 vrej=0 seq=0 elapsed=0 oled=3C
[   6517] STATUS mode=3 fault=none enc=39 denc=0 sreq=0 sapplied=0 crate=0 uimp=32085 upos=2910 uneg=2075 ball=0.13 vball=6.57 aball=41.9 bref=0.00 pid=0.0 pref=32.1 ppos=32.1 apid=0.0 integ=0.0 vision=1 current=1 vframe=399 vs=1 vage=16 vpage=16 vdt=33 vmax=69 vacc=395 vrej=0 seq=0 elapsed=0 oled=3C
[   6542] STATUS mode=3 fault=none enc=39 denc=0 sreq=0 sapplied=0 crate=0 uimp=32085 upos=2910 uneg=2075 ball=0.17 vball=4.99 aball=41.9 bref=0.00 pid=0.0 pref=32.1 ppos=32.1 apid=0.0 integ=0.0 vision=1 current=1 vframe=400 vs=1 vage=3 vpage=3 vdt=33 vmax=69 vacc=396 vrej=0 seq=0 elapsed=0 oled=3C
[   6568] STATUS mode=3 fault=none enc=39 denc=0 sreq=0 sapplied=0 crate=0 uimp=32085 upos=2910 uneg=2075 ball=0.17 vball=4.99 aball=41.9 bref=0.00 pid=0.0 pref=32.1 ppos=32.1 apid=0.0 integ=0.0 vision=1 current=1 vframe=400 vs=1 vage=23 vpage=23 vdt=33 vmax=69 vacc=396 vrej=0 seq=0 elapsed=0 oled=3C
[   6593] STATUS mode=3 fault=none enc=39 denc=0 sreq=0 sapplied=0 crate=0 uimp=32085 upos=2910 uneg=2075 ball=0.15 vball=3.28 aball=7.8 bref=0.00 pid=0.0 pref=32.1 ppos=32.1 apid=0.0 integ=0.0 vision=1 current=1 vframe=401 vs=1 vage=30 vpage=30 vdt=33 vmax=69 vacc=397 vrej=0 seq=0 elapsed=0 oled=3C
[   6619] STATUS mode=3 fault=none enc=39 denc=0 sreq=0 sapplied=0 crate=0 uimp=32085 upos=2910 uneg=2075 ball=0.17 vball=2.49 aball=7.8 bref=0.00 pid=0.0 pref=32.1 ppos=32.1 apid=0.0 integ=0.0 vision=1 current=1 vframe=402 vs=1 vage=14 vpage=14 vdt=36 vmax=69 vacc=398 vrej=0 seq=0 elapsed=0 oled=3C
[   6644] STATUS mode=3 fault=none enc=39 denc=0 sreq=0 sapplied=0 crate=0 uimp=32085 upos=2910 uneg=2075 ball=0.19 vball=1.97 aball=7.8 bref=0.00 pid=0.0 pref=32.1 ppos=32.1 apid=0.0 integ=0.0 vision=1 current=1 vframe=403 vs=1 vage=3 vpage=3 vdt=31 vmax=69 vacc=399 vrej=0 seq=0 elapsed=0 oled=3C
[   6669] STATUS mode=3 fault=none enc=39 denc=0 sreq=0 sapplied=0 crate=0 uimp=32085 upos=2910 uneg=2075 ball=0.19 vball=1.97 aball=7.8 bref=0.00 pid=0.0 pref=32.1 ppos=32.1 apid=0.0 integ=0.0 vision=1 current=1 vframe=403 vs=1 vage=23 vpage=23 vdt=31 vmax=69 vacc=399 vrej=0 seq=0 elapsed=0 oled=3C
[   6695] STATUS mode=3 fault=none enc=39 denc=0 sreq=0 sapplied=0 crate=0 uimp=32085 upos=2910 uneg=2075 ball=0.25 vball=1.87 aball=-2.0 bref=0.00 pid=0.0 pref=32.1 ppos=32.1 apid=-0.0 integ=0.0 vision=1 current=1 vframe=404 vs=1 vage=29 vpage=29 vdt=34 vmax=69 vacc=400 vrej=0 seq=0 elapsed=0 oled=3C
[   6720] STATUS mode=3 fault=none enc=39 denc=0 sreq=0 sapplied=0 crate=0 uimp=32085 upos=2910 uneg=2075 ball=0.26 vball=1.40 aball=-2.0 bref=0.00 pid=0.0 pref=32.1 ppos=32.1 apid=-0.0 integ=0.0 vision=1 current=1 vframe=405 vs=1 vage=16 vpage=16 vdt=33 vmax=69 vacc=401 vrej=0 seq=0 elapsed=0 oled=3C
[   6746] STATUS mode=3 fault=none enc=39 denc=0 sreq=0 sapplied=0 crate=0 uimp=32085 upos=2910 uneg=2075 ball=0.20 vball=0.52 aball=-2.0 bref=0.00 pid=0.0 pref=32.1 ppos=32.1 apid=-0.0 integ=0.0 vision=1 current=1 vframe=406 vs=1 vage=2 vpage=2 vdt=34 vmax=69 vacc=402 vrej=0 seq=0 elapsed=0 oled=3C
[   6771] STATUS mode=3 fault=none enc=39 denc=0 sreq=0 sapplied=0 crate=0 uimp=32085 upos=2910 uneg=2075 ball=0.18 vball=0.16 aball=-8.8 bref=0.00 pid=0.0 pref=32.1 ppos=32.1 apid=-0.0 integ=0.0 vision=1 current=1 vframe=407 vs=1 vage=9 vpage=9 vdt=33 vmax=69 vacc=403 vrej=0 seq=0 elapsed=0 oled=3C
[   6797] STATUS mode=3 fault=none enc=39 denc=0 sreq=0 sapplied=0 crate=0 uimp=32085 upos=2910 uneg=2075 ball=0.18 vball=0.16 aball=-8.8 bref=0.00 pid=0.0 pref=32.1 ppos=32.1 apid=-0.0 integ=0.0 vision=1 current=1 vframe=407 vs=1 vage=29 vpage=29 vdt=33 vmax=69 vacc=403 vrej=0 seq=0 elapsed=0 oled=3C
[   6822] STATUS mode=3 fault=none enc=39 denc=0 sreq=0 sapplied=0 crate=0 uimp=32085 upos=2910 uneg=2075 ball=0.15 vball=-0.15 aball=-8.8 bref=0.00 pid=0.0 pref=32.1 ppos=32.1 apid=-0.0 integ=0.0 vision=1 current=1 vframe=408 vs=1 vage=16 vpage=16 vdt=33 vmax=69 vacc=404 vrej=0 seq=0 elapsed=0 oled=3C
[   6848] STATUS mode=3 fault=none enc=39 denc=0 sreq=0 sapplied=0 crate=0 uimp=32085 upos=2910 uneg=2075 ball=0.15 vball=-0.15 aball=-8.8 bref=0.00 pid=0.0 pref=32.1 ppos=32.1 apid=-0.0 integ=0.0 vision=1 current=1 vframe=408 vs=1 vage=36 vpage=36 vdt=33 vmax=69 vacc=404 vrej=0 seq=0 elapsed=0 oled=3C
[   6873] STATUS mode=3 fault=none enc=39 denc=0 sreq=0 sapplied=0 crate=0 uimp=32085 upos=2910 uneg=2075 ball=0.12 vball=-0.31 aball=-6.9 bref=0.00 pid=0.0 pref=32.1 ppos=32.1 apid=-0.0 integ=0.0 vision=1 current=1 vframe=410 vs=1 vage=8 vpage=8 vdt=32 vmax=69 vacc=406 vrej=0 seq=0 elapsed=0 oled=3C
[   6899] STATUS mode=3 fault=none enc=39 denc=0 sreq=0 sapplied=0 crate=0 uimp=32085 upos=2910 uneg=2075 ball=0.12 vball=-0.31 aball=-6.9 bref=0.00 pid=0.0 pref=32.1 ppos=32.1 apid=-0.0 integ=0.0 vision=1 current=1 vframe=410 vs=1 vage=28 vpage=28 vdt=32 vmax=69 vacc=406 vrej=0 seq=0 elapsed=0 oled=3C
[   6925] STATUS mode=3 fault=none enc=39 denc=0 sreq=0 sapplied=0 crate=0 uimp=32085 upos=2910 uneg=2075 ball=0.12 vball=-0.25 aball=-6.9 bref=0.00 pid=0.0 pref=32.1 ppos=32.1 apid=-0.0 integ=0.0 vision=1 current=1 vframe=411 vs=1 vage=15 vpage=15 vdt=33 vmax=69 vacc=407 vrej=0 seq=0 elapsed=0 oled=3C
[   6950] STATUS mode=3 fault=none enc=39 denc=0 sreq=0 sapplied=0 crate=0 uimp=32085 upos=2910 uneg=2075 ball=0.12 vball=-0.18 aball=-6.9 bref=0.00 pid=0.0 pref=32.1 ppos=32.1 apid=-0.0 integ=0.0 vision=1 current=1 vframe=412 vs=1 vage=1 vpage=1 vdt=34 vmax=69 vacc=408 vrej=0 seq=0 elapsed=0 oled=3C
[   6975] STATUS mode=3 fault=none enc=39 denc=0 sreq=0 sapplied=0 crate=0 uimp=32085 upos=2910 uneg=2075 ball=0.08 vball=-0.47 aball=-4.5 bref=0.00 pid=0.0 pref=32.1 ppos=32.1 apid=-0.0 integ=0.0 vision=1 current=1 vframe=413 vs=1 vage=8 vpage=8 vdt=33 vmax=69 vacc=409 vrej=0 seq=0 elapsed=0 oled=3C
[   7001] STATUS mode=3 fault=none enc=39 denc=0 sreq=0 sapplied=0 crate=0 uimp=32085 upos=2910 uneg=2075 ball=0.08 vball=-0.47 aball=-4.5 bref=0.00 pid=0.0 pref=32.1 ppos=32.1 apid=-0.0 integ=0.0 vision=1 current=1 vframe=413 vs=1 vage=28 vpage=28 vdt=33 vmax=69 vacc=409 vrej=0 seq=0 elapsed=0 oled=3C
[   7027] STATUS mode=3 fault=none enc=39 denc=0 sreq=0 sapplied=0 crate=0 uimp=32085 upos=2910 uneg=2075 ball=0.06 vball=-0.43 aball=-4.5 bref=0.00 pid=0.0 pref=32.1 ppos=32.1 apid=-0.0 integ=0.0 vision=1 current=1 vframe=414 vs=1 vage=14 vpage=14 vdt=34 vmax=69 vacc=410 vrej=0 seq=0 elapsed=0 oled=3C
[   7052] STATUS mode=3 fault=none enc=39 denc=0 sreq=0 sapplied=0 crate=0 uimp=32085 upos=2910 uneg=2075 ball=0.06 vball=-0.43 aball=-4.5 bref=0.00 pid=0.0 pref=32.1 ppos=32.1 apid=-0.0 integ=0.0 vision=1 current=0 vframe=415 vs=0 vage=54 vpage=23 vdt=34 vmax=69 vacc=410 vrej=0 seq=0 elapsed=0 oled=3C
[   7078] STATUS mode=3 fault=none enc=39 denc=0 sreq=0 sapplied=0 crate=0 uimp=32085 upos=2910 uneg=2075 ball=0.06 vball=-0.26 aball=-1.6 bref=0.00 pid=0.0 pref=32.1 ppos=32.1 apid=-0.0 integ=0.0 vision=1 current=1 vframe=416 vs=1 vage=7 vpage=7 vdt=67 vmax=69 vacc=411 vrej=0 seq=0 elapsed=0 oled=3C
[   7103] STATUS mode=3 fault=none enc=39 denc=0 sreq=0 sapplied=0 crate=0 uimp=32085 upos=2910 uneg=2075 ball=0.06 vball=-0.26 aball=-1.6 bref=0.00 pid=0.0 pref=32.1 ppos=32.1 apid=-0.0 integ=0.0 vision=1 current=1 vframe=416 vs=1 vage=27 vpage=27 vdt=67 vmax=69 vacc=411 vrej=0 seq=0 elapsed=0 oled=3C
[   7129] STATUS mode=3 fault=none enc=39 denc=0 sreq=0 sapplied=0 crate=0 uimp=32085 upos=2910 uneg=2075 ball=0.06 vball=-0.26 aball=-1.6 bref=0.00 pid=0.0 pref=32.1 ppos=32.1 apid=-0.0 integ=0.0 vision=1 current=0 vframe=417 vs=0 vage=47 vpage=16 vdt=67 vmax=69 vacc=411 vrej=0 seq=0 elapsed=0 oled=3C
[   7155] STATUS mode=3 fault=none enc=39 denc=0 sreq=0 sapplied=0 crate=0 uimp=32085 upos=2910 uneg=2075 ball=0.06 vball=-0.26 aball=-1.6 bref=0.00 pid=0.0 pref=32.1 ppos=32.1 apid=-0.0 integ=0.0 vision=1 current=0 vframe=418 vs=0 vage=87 vpage=22 vdt=67 vmax=69 vacc=411 vrej=0 seq=0 elapsed=0 oled=3C
[   7180] STATUS mode=3 fault=none enc=39 denc=0 sreq=0 sapplied=0 crate=0 uimp=32085 upos=2910 uneg=2075 ball=0.27 vball=1.82 aball=8.6 bref=0.00 pid=0.0 pref=32.1 ppos=32.1 apid=0.0 integ=0.0 vision=1 current=1 vframe=419 vs=1 vage=8 vpage=8 vdt=99 vmax=99 vacc=412 vrej=0 seq=0 elapsed=0 oled=3C
[   7205] STATUS mode=3 fault=none enc=39 denc=0 sreq=0 sapplied=0 crate=0 uimp=32085 upos=2910 uneg=2075 ball=0.27 vball=1.82 aball=8.6 bref=0.00 pid=0.0 pref=32.1 ppos=32.1 apid=0.0 integ=0.0 vision=1 current=1 vframe=419 vs=1 vage=28 vpage=28 vdt=99 vmax=99 vacc=412 vrej=0 seq=0 elapsed=0 oled=3C
[   7231] STATUS mode=3 fault=none enc=39 denc=0 sreq=0 sapplied=0 crate=0 uimp=32085 upos=2910 uneg=2075 ball=0.34 vball=2.01 aball=8.6 bref=0.00 pid=0.0 pref=32.1 ppos=32.1 apid=0.0 integ=0.0 vision=1 current=1 vframe=420 vs=1 vage=15 vpage=15 vdt=33 vmax=99 vacc=413 vrej=0 seq=0 elapsed=0 oled=3C
[   7256] STATUS mode=3 fault=none enc=39 denc=0 sreq=0 sapplied=0 crate=0 uimp=32085 upos=2910 uneg=2075 ball=0.62 vball=3.83 aball=8.6 bref=0.00 pid=0.0 pref=32.1 ppos=32.1 apid=0.0 integ=0.0 vision=1 current=1 vframe=421 vs=1 vage=21 vpage=21 vdt=34 vmax=99 vacc=414 vrej=0 seq=0 elapsed=0 oled=3C
[   7281] STATUS mode=3 fault=none enc=39 denc=0 sreq=0 sapplied=0 crate=0 uimp=32085 upos=2910 uneg=2075 ball=0.46 vball=2.51 aball=7.8 bref=0.00 pid=0.0 pref=32.1 ppos=32.1 apid=0.0 integ=0.0 vision=1 current=1 vframe=422 vs=1 vage=8 vpage=8 vdt=33 vmax=99 vacc=415 vrej=0 seq=0 elapsed=0 oled=3C
[   7307] STATUS mode=3 fault=none enc=39 denc=0 sreq=0 sapplied=0 crate=0 uimp=32085 upos=2910 uneg=2075 ball=0.46 vball=2.51 aball=7.8 bref=0.00 pid=0.0 pref=32.1 ppos=32.1 apid=0.0 integ=0.0 vision=1 current=1 vframe=422 vs=1 vage=28 vpage=28 vdt=33 vmax=99 vacc=415 vrej=0 seq=0 elapsed=0 oled=3C
[   7332] STATUS mode=3 fault=none enc=39 denc=0 sreq=0 sapplied=0 crate=0 uimp=32085 upos=2910 uneg=2075 ball=0.23 vball=-0.07 aball=7.8 bref=0.00 pid=0.0 pref=32.1 ppos=32.1 apid=0.0 integ=0.0 vision=1 current=1 vframe=424 vs=1 vage=2 vpage=2 vdt=66 vmax=99 vacc=416 vrej=0 seq=0 elapsed=0 oled=3C
[   7357] STATUS mode=3 fault=none enc=39 denc=0 sreq=0 sapplied=0 crate=0 uimp=32085 upos=2910 uneg=2075 ball=0.23 vball=-0.07 aball=7.8 bref=0.00 pid=0.0 pref=32.1 ppos=32.1 apid=0.0 integ=0.0 vision=1 current=1 vframe=424 vs=1 vage=22 vpage=22 vdt=66 vmax=99 vacc=416 vrej=0 seq=0 elapsed=0 oled=3C
[   7383] STATUS mode=3 fault=none enc=39 denc=0 sreq=0 sapplied=0 crate=0 uimp=32085 upos=2910 uneg=2075 ball=0.22 vball=-0.10 aball=-7.4 bref=0.00 pid=0.0 pref=32.1 ppos=32.1 apid=-0.0 integ=0.0 vision=1 current=1 vframe=425 vs=1 vage=8 vpage=8 vdt=34 vmax=99 vacc=417 vrej=0 seq=0 elapsed=0 oled=3C
[   7408] STATUS mode=3 fault=none enc=39 denc=0 sreq=0 sapplied=0 crate=0 uimp=32085 upos=2910 uneg=2075 ball=0.22 vball=-0.10 aball=-7.4 bref=0.00 pid=0.0 pref=32.1 ppos=32.1 apid=-0.0 integ=0.0 vision=1 current=1 vframe=425 vs=1 vage=28 vpage=28 vdt=34 vmax=99 vacc=417 vrej=0 seq=0 elapsed=0 oled=3C
[   7434] STATUS mode=3 fault=none enc=39 denc=0 sreq=0 sapplied=0 crate=0 uimp=32085 upos=2910 uneg=2075 ball=0.75 vball=3.88 aball=-7.4 bref=0.00 pid=0.0 pref=32.1 ppos=32.1 apid=-0.0 integ=0.0 vision=1 current=1 vframe=427 vs=1 vage=1 vpage=1 vdt=33 vmax=99 vacc=419 vrej=0 seq=0 elapsed=0 oled=3C
[   7459] STATUS mode=3 fault=none enc=39 denc=0 sreq=0 sapplied=0 crate=0 uimp=32085 upos=2910 uneg=2075 ball=0.75 vball=3.88 aball=-7.4 bref=0.00 pid=0.0 pref=32.1 ppos=32.1 apid=-0.0 integ=0.0 vision=1 current=1 vframe=427 vs=1 vage=21 vpage=21 vdt=33 vmax=99 vacc=419 vrej=0 seq=0 elapsed=0 oled=3C
[   7485] STATUS mode=3 fault=none enc=39 denc=0 sreq=0 sapplied=0 crate=0 uimp=32085 upos=2910 uneg=2075 ball=0.81 vball=3.27 aball=11.1 bref=0.00 pid=0.0 pref=32.1 ppos=32.1 apid=0.0 integ=0.0 vision=1 current=1 vframe=428 vs=1 vage=8 vpage=8 vdt=33 vmax=99 vacc=420 vrej=0 seq=0 elapsed=0 oled=3C
[   7510] STATUS mode=3 fault=none enc=39 denc=0 sreq=0 sapplied=0 crate=0 uimp=32085 upos=2910 uneg=2075 ball=0.81 vball=3.27 aball=11.1 bref=0.00 pid=0.0 pref=32.1 ppos=32.1 apid=0.0 integ=0.0 vision=1 current=1 vframe=428 vs=1 vage=28 vpage=28 vdt=33 vmax=99 vacc=420 vrej=0 seq=0 elapsed=0 oled=3C
[   7536] STATUS mode=3 fault=none enc=39 denc=0 sreq=0 sapplied=0 crate=0 uimp=32085 upos=2910 uneg=2075 ball=0.43 vball=-1.75 aball=11.1 bref=0.00 pid=0.0 pref=32.1 ppos=32.1 apid=0.0 integ=0.0 vision=1 current=1 vframe=430 vs=1 vage=1 vpage=1 vdt=34 vmax=99 vacc=422 vrej=0 seq=0 elapsed=0 oled=3C
[   7561] STATUS mode=3 fault=none enc=39 denc=0 sreq=0 sapplied=0 crate=0 uimp=32085 upos=2910 uneg=2075 ball=0.43 vball=-1.75 aball=11.1 bref=0.00 pid=0.0 pref=32.1 ppos=32.1 apid=0.0 integ=0.0 vision=1 current=1 vframe=430 vs=1 vage=21 vpage=21 vdt=34 vmax=99 vacc=422 vrej=0 seq=0 elapsed=0 oled=3C
[   7587] STATUS mode=3 fault=none enc=39 denc=0 sreq=0 sapplied=0 crate=0 uimp=32085 upos=2910 uneg=2075 ball=0.28 vball=-2.47 aball=-20.0 bref=0.00 pid=0.0 pref=32.1 ppos=32.1 apid=-0.0 integ=0.0 vision=1 current=1 vframe=431 vs=1 vage=9 vpage=9 vdt=32 vmax=99 vacc=423 vrej=0 seq=0 elapsed=0 oled=3C
[   7612] STATUS mode=3 fault=none enc=39 denc=0 sreq=0 sapplied=0 crate=0 uimp=32085 upos=2910 uneg=2075 ball=0.24 vball=-2.09 aball=-20.0 bref=0.00 pid=0.0 pref=32.1 ppos=32.1 apid=-0.0 integ=0.0 vision=1 current=1 vframe=432 vs=1 vage=15 vpage=15 vdt=34 vmax=99 vacc=424 vrej=0 seq=0 elapsed=0 oled=3C
[   7638] STATUS mode=3 fault=none enc=39 denc=0 sreq=0 sapplied=0 crate=0 uimp=32085 upos=2910 uneg=2075 ball=0.24 vball=-2.09 aball=-20.0 bref=0.00 pid=0.0 pref=32.1 ppos=32.1 apid=-0.0 integ=0.0 vision=1 current=1 vframe=432 vs=1 vage=35 vpage=35 vdt=34 vmax=99 vacc=424 vrej=0 seq=0 elapsed=0 oled=3C
[   7664] STATUS mode=3 fault=none enc=39 denc=0 sreq=0 sapplied=0 crate=0 uimp=32085 upos=2910 uneg=2075 ball=0.24 vball=-1.48 aball=-20.0 bref=0.00 pid=0.0 pref=32.1 ppos=32.1 apid=-0.0 integ=0.0 vision=1 current=1 vframe=433 vs=1 vage=20 vpage=20 vdt=35 vmax=99 vacc=425 vrej=0 seq=0 elapsed=0 oled=3C
[   7689] STATUS mode=3 fault=none enc=39 denc=0 sreq=0 sapplied=0 crate=0 uimp=32085 upos=2910 uneg=2075 ball=0.25 vball=-0.99 aball=-4.4 bref=0.00 pid=0.0 pref=32.1 ppos=32.1 apid=-0.0 integ=0.0 vision=1 current=1 vframe=434 vs=1 vage=8 vpage=8 vdt=32 vmax=99 vacc=426 vrej=0 seq=0 elapsed=0 oled=3C
[   7715] STATUS mode=3 fault=none enc=39 denc=0 sreq=0 sapplied=0 crate=0 uimp=32085 upos=2910 uneg=2075 ball=0.25 vball=-0.63 aball=-4.4 bref=0.00 pid=0.0 pref=32.1 ppos=32.1 apid=-0.0 integ=0.0 vision=1 current=1 vframe=435 vs=1 vage=15 vpage=15 vdt=33 vmax=99 vacc=427 vrej=0 seq=0 elapsed=0 oled=3C
[   7740] STATUS mode=3 fault=none enc=39 denc=0 sreq=0 sapplied=0 crate=0 uimp=32085 upos=2910 uneg=2075 ball=-0.03 vball=-2.86 aball=-4.4 bref=0.00 pid=0.0 pref=32.1 ppos=32.1 apid=-0.0 integ=0.0 vision=1 current=1 vframe=436 vs=1 vage=1 vpage=1 vdt=34 vmax=99 vacc=428 vrej=0 seq=0 elapsed=0 oled=3C
[   7766] STATUS mode=3 fault=none enc=39 denc=0 sreq=0 sapplied=0 crate=0 uimp=32085 upos=2910 uneg=2075 ball=-0.03 vball=-2.86 aball=-4.4 bref=0.00 pid=0.0 pref=32.1 ppos=32.1 apid=-0.0 integ=0.0 vision=1 current=1 vframe=436 vs=1 vage=21 vpage=21 vdt=34 vmax=99 vacc=428 vrej=0 seq=0 elapsed=0 oled=3C
[   7792] STATUS mode=3 fault=none enc=39 denc=0 sreq=0 sapplied=0 crate=0 uimp=32085 upos=2910 uneg=2075 ball=-0.11 vball=-2.75 aball=-10.5 bref=0.00 pid=0.0 pref=32.1 ppos=32.1 apid=-0.0 integ=0.0 vision=1 current=1 vframe=437 vs=1 vage=30 vpage=30 vdt=31 vmax=99 vacc=429 vrej=0 seq=0 elapsed=0 oled=3C
[   7818] STATUS mode=3 fault=none enc=39 denc=0 sreq=0 sapplied=0 crate=0 uimp=32085 upos=2910 uneg=2075 ball=0.05 vball=-0.38 aball=-10.5 bref=0.00 pid=0.0 pref=32.1 ppos=32.1 apid=-0.0 integ=0.0 vision=1 current=1 vframe=438 vs=1 vage=15 vpage=15 vdt=35 vmax=99 vacc=430 vrej=0 seq=0 elapsed=0 oled=3C
[   7843] STATUS mode=3 fault=none enc=39 denc=0 sreq=0 sapplied=0 crate=0 uimp=32085 upos=2910 uneg=2075 ball=0.47 vball=3.69 aball=-10.5 bref=0.00 pid=0.0 pref=32.1 ppos=32.1 apid=-0.0 integ=0.0 vision=1 current=1 vframe=439 vs=1 vage=2 vpage=2 vdt=33 vmax=99 vacc=431 vrej=0 seq=0 elapsed=0 oled=3C
[   7869] STATUS mode=3 fault=none enc=39 denc=0 sreq=0 sapplied=0 crate=0 uimp=32085 upos=2910 uneg=2075 ball=0.47 vball=3.69 aball=-10.5 bref=0.00 pid=0.0 pref=32.1 ppos=32.1 apid=-0.0 integ=0.0 vision=1 current=1 vframe=439 vs=1 vage=22 vpage=22 vdt=33 vmax=99 vacc=431 vrej=0 seq=0 elapsed=0 oled=3C
[   7894] STATUS mode=3 fault=none enc=39 denc=0 sreq=0 sapplied=0 crate=0 uimp=32085 upos=2910 uneg=2075 ball=0.75 vball=4.99 aball=28.0 bref=0.00 pid=0.0 pref=32.1 ppos=32.1 apid=0.0 integ=0.0 vision=1 current=1 vframe=440 vs=1 vage=27 vpage=27 vdt=35 vmax=99 vacc=432 vrej=0 seq=0 elapsed=0 oled=3C
[   7920] STATUS mode=3 fault=none enc=39 denc=0 sreq=0 sapplied=0 crate=0 uimp=32085 upos=2910 uneg=2075 ball=0.83 vball=4.16 aball=28.0 bref=0.00 pid=0.0 pref=32.1 ppos=32.1 apid=0.0 integ=0.0 vision=1 current=1 vframe=441 vs=1 vage=14 vpage=14 vdt=33 vmax=99 vacc=433 vrej=0 seq=0 elapsed=0 oled=3C
[   7945] STATUS mode=3 fault=none enc=39 denc=0 sreq=0 sapplied=0 crate=0 uimp=32085 upos=2910 uneg=2075 ball=0.83 vball=2.95 aball=28.0 bref=0.00 pid=0.0 pref=32.1 ppos=32.1 apid=0.0 integ=0.0 vision=1 current=1 vframe=442 vs=1 vage=2 vpage=2 vdt=32 vmax=99 vacc=434 vrej=0 seq=0 elapsed=0 oled=3C
[   7970] STATUS mode=3 fault=none enc=39 denc=0 sreq=0 sapplied=0 crate=0 uimp=32085 upos=2910 uneg=2075 ball=0.83 vball=2.95 aball=28.0 bref=0.00 pid=0.0 pref=32.1 ppos=32.1 apid=0.0 integ=0.0 vision=1 current=1 vframe=442 vs=1 vage=22 vpage=22 vdt=32 vmax=99 vacc=434 vrej=0 seq=0 elapsed=0 oled=3C
[   7996] STATUS mode=3 fault=none enc=39 denc=0 sreq=0 sapplied=0 crate=0 uimp=32085 upos=2910 uneg=2075 ball=0.85 vball=2.30 aball=3.2 bref=0.00 pid=0.0 pref=32.1 ppos=32.1 apid=0.0 integ=0.0 vision=1 current=1 vframe=443 vs=1 vage=28 vpage=28 vdt=34 vmax=99 vacc=435 vrej=0 seq=0 elapsed=0 oled=3C
[   8021] STATUS mode=3 fault=none enc=39 denc=0 sreq=0 sapplied=0 crate=0 uimp=32085 upos=2910 uneg=2075 ball=0.87 vball=1.76 aball=3.2 bref=0.00 pid=0.0 pref=32.1 ppos=32.1 apid=0.0 integ=0.0 vision=1 current=1 vframe=444 vs=1 vage=15 vpage=15 vdt=33 vmax=99 vacc=436 vrej=0 seq=0 elapsed=0 oled=3C
[   8046] STATUS mode=3 fault=none enc=39 denc=0 sreq=0 sapplied=0 crate=0 uimp=32085 upos=2910 uneg=2075 ball=0.87 vball=1.21 aball=3.2 bref=0.00 pid=0.0 pref=32.1 ppos=32.1 apid=0.0 integ=0.0 vision=1 current=1 vframe=445 vs=1 vage=4 vpage=4 vdt=31 vmax=99 vacc=437 vrej=0 seq=0 elapsed=0 oled=3C
[   8072] STATUS mode=3 fault=none enc=39 denc=0 sreq=0 sapplied=0 crate=0 uimp=32085 upos=2910 uneg=2075 ball=0.86 vball=0.79 aball=-5.1 bref=0.00 pid=0.0 pref=32.1 ppos=32.1 apid=-0.0 integ=0.0 vision=1 current=1 vframe=446 vs=1 vage=9 vpage=9 vdt=35 vmax=99 vacc=438 vrej=0 seq=0 elapsed=0 oled=3C
[   8097] STATUS mode=3 fault=none enc=39 denc=0 sreq=0 sapplied=0 crate=0 uimp=32085 upos=2910 uneg=2075 ball=0.86 vball=0.79 aball=-5.1 bref=0.00 pid=0.0 pref=32.1 ppos=32.1 apid=-0.0 integ=0.0 vision=1 current=1 vframe=446 vs=1 vage=29 vpage=29 vdt=35 vmax=99 vacc=438 vrej=0 seq=0 elapsed=0 oled=3C
[   8123] STATUS mode=3 fault=none enc=39 denc=0 sreq=0 sapplied=0 crate=0 uimp=32085 upos=2910 uneg=2075 ball=0.81 vball=0.17 aball=-5.1 bref=0.00 pid=0.0 pref=32.1 ppos=32.1 apid=-0.0 integ=0.0 vision=1 current=1 vframe=447 vs=1 vage=15 vpage=15 vdt=34 vmax=99 vacc=439 vrej=0 seq=0 elapsed=0 oled=3C
[   8148] STATUS mode=3 fault=none enc=39 denc=0 sreq=0 sapplied=0 crate=0 uimp=32085 upos=2910 uneg=2075 ball=0.80 vball=-0.02 aball=-5.1 bref=0.00 pid=0.0 pref=32.1 ppos=32.1 apid=-0.0 integ=0.0 vision=1 current=1 vframe=448 vs=1 vage=2 vpage=2 vdt=33 vmax=99 vacc=440 vrej=0 seq=0 elapsed=0 oled=3C
[   8174] STATUS mode=3 fault=none enc=39 denc=0 sreq=0 sapplied=0 crate=0 uimp=32085 upos=2910 uneg=2075 ball=0.79 vball=-0.05 aball=-6.4 bref=0.00 pid=0.0 pref=32.1 ppos=32.1 apid=-0.0 integ=0.0 vision=1 current=1 vframe=449 vs=1 vage=3 vpage=3 vdt=39 vmax=99 vacc=441 vrej=0 seq=0 elapsed=0 oled=3C
[   8199] STATUS mode=3 fault=none enc=39 denc=0 sreq=0 sapplied=0 crate=0 uimp=32085 upos=2910 uneg=2075 ball=0.79 vball=-0.05 aball=-6.4 bref=0.00 pid=0.0 pref=32.1 ppos=32.1 apid=-0.0 integ=0.0 vision=1 current=1 vframe=449 vs=1 vage=23 vpage=23 vdt=39 vmax=99 vacc=441 vrej=0 seq=0 elapsed=0 oled=3C
[   8225] STATUS mode=3 fault=none enc=39 denc=0 sreq=0 sapplied=0 crate=0 uimp=32085 upos=2910 uneg=2075 ball=0.79 vball=-0.04 aball=-6.4 bref=0.00 pid=0.0 pref=32.1 ppos=32.1 apid=-0.0 integ=0.0 vision=1 current=1 vframe=450 vs=1 vage=14 vpage=14 vdt=29 vmax=99 vacc=442 vrej=0 seq=0 elapsed=0 oled=3C
[   8250] STATUS mode=3 fault=none enc=39 denc=0 sreq=0 sapplied=0 crate=0 uimp=32085 upos=2910 uneg=2075 ball=0.79 vball=-0.02 aball=-6.4 bref=0.00 pid=0.0 pref=32.1 ppos=32.1 apid=-0.0 integ=0.0 vision=1 current=1 vframe=458 vs=1 vage=2 vpage=2 vdt=32 vmax=99 vacc=450 vrej=0 seq=0 elapsed=0 oled=3C
[   8276] STATUS mode=3 fault=none enc=39 denc=0 sreq=0 sapplied=0 crate=0 uimp=32085 upos=2910 uneg=2075 ball=0.79 vball=-0.02 aball=-3.4 bref=0.00 pid=0.0 pref=32.1 ppos=32.1 apid=-0.0 integ=0.0 vision=1 current=1 vframe=459 vs=1 vage=10 vpage=10 vdt=32 vmax=99 vacc=451 vrej=0 seq=0 elapsed=0 oled=3C
[   8302] STATUS mode=3 fault=none enc=39 denc=0 sreq=0 sapplied=0 crate=0 uimp=32085 upos=2910 uneg=2075 ball=0.79 vball=-0.02 aball=-3.4 bref=0.00 pid=0.0 pref=32.1 ppos=32.1 apid=-0.0 integ=0.0 vision=1 current=1 vframe=459 vs=1 vage=30 vpage=30 vdt=32 vmax=99 vacc=451 vrej=0 seq=0 elapsed=0 oled=3C
[   8327] STATUS mode=3 fault=none enc=39 denc=0 sreq=0 sapplied=0 crate=0 uimp=32085 upos=2910 uneg=2075 ball=0.76 vball=-0.33 aball=-3.4 bref=0.00 pid=0.0 pref=32.1 ppos=32.1 apid=-0.0 integ=0.0 vision=1 current=1 vframe=460 vs=1 vage=16 vpage=16 vdt=34 vmax=99 vacc=452 vrej=0 seq=0 elapsed=0 oled=3C
[   8353] STATUS mode=3 fault=none enc=39 denc=0 sreq=0 sapplied=0 crate=0 uimp=32085 upos=2910 uneg=2075 ball=0.73 vball=-0.50 aball=-3.4 bref=0.00 pid=0.0 pref=32.1 ppos=32.1 apid=-0.0 integ=0.0 vision=1 current=1 vframe=461 vs=1 vage=22 vpage=22 vdt=34 vmax=99 vacc=453 vrej=0 seq=0 elapsed=0 oled=3C
[   8378] STATUS mode=3 fault=none enc=39 denc=0 sreq=0 sapplied=0 crate=0 uimp=32085 upos=2910 uneg=2075 ball=0.72 vball=-0.43 aball=-3.7 bref=0.00 pid=0.0 pref=32.1 ppos=32.1 apid=-0.0 integ=0.0 vision=1 current=1 vframe=462 vs=1 vage=8 vpage=8 vdt=34 vmax=99 vacc=454 vrej=0 seq=0 elapsed=0 oled=3C
[   8404] STATUS mode=3 fault=none enc=39 denc=0 sreq=0 sapplied=0 crate=0 uimp=32085 upos=2910 uneg=2075 ball=0.72 vball=-0.43 aball=-3.7 bref=0.00 pid=0.0 pref=32.1 ppos=32.1 apid=-0.0 integ=0.0 vision=1 current=1 vframe=462 vs=1 vage=28 vpage=28 vdt=34 vmax=99 vacc=454 vrej=0 seq=0 elapsed=0 oled=3C
[   8430] STATUS mode=3 fault=none enc=39 denc=0 sreq=0 sapplied=0 crate=0 uimp=32085 upos=2910 uneg=2075 ball=0.69 vball=-0.54 aball=-3.7 bref=0.00 pid=0.0 pref=32.1 ppos=32.1 apid=-0.0 integ=0.0 vision=1 current=1 vframe=463 vs=1 vage=16 vpage=16 vdt=32 vmax=99 vacc=455 vrej=0 seq=0 elapsed=0 oled=3C
[   8455] STATUS mode=3 fault=none enc=39 denc=0 sreq=0 sapplied=0 crate=0 uimp=32085 upos=2910 uneg=2075 ball=0.69 vball=-0.44 aball=-3.7 bref=0.00 pid=0.0 pref=32.1 ppos=32.1 apid=-0.0 integ=0.0 vision=1 current=1 vframe=464 vs=1 vage=22 vpage=22 vdt=34 vmax=99 vacc=456 vrej=0 seq=0 elapsed=0 oled=3C
[   8481] STATUS mode=3 fault=none enc=39 denc=0 sreq=0 sapplied=0 crate=0 uimp=32085 upos=2910 uneg=2075 ball=0.69 vball=-0.31 aball=-1.5 bref=0.00 pid=0.0 pref=32.1 ppos=32.1 apid=-0.0 integ=0.0 vision=1 current=1 vframe=465 vs=1 vage=9 vpage=9 vdt=33 vmax=99 vacc=457 vrej=0 seq=0 elapsed=0 oled=3C
[   8506] STATUS mode=3 fault=none enc=39 denc=0 sreq=0 sapplied=0 crate=0 uimp=32085 upos=2910 uneg=2075 ball=0.69 vball=-0.31 aball=-1.5 bref=0.00 pid=0.0 pref=32.1 ppos=32.1 apid=-0.0 integ=0.0 vision=1 current=1 vframe=465 vs=1 vage=29 vpage=29 vdt=33 vmax=99 vacc=457 vrej=0 seq=0 elapsed=0 oled=3C
[   8532] STATUS mode=3 fault=none enc=39 denc=0 sreq=0 sapplied=0 crate=0 uimp=32085 upos=2910 uneg=2075 ball=0.81 vball=0.78 aball=-1.5 bref=0.00 pid=0.0 pref=32.1 ppos=32.1 apid=-0.0 integ=0.0 vision=1 current=1 vframe=467 vs=1 vage=2 vpage==16 vdt=33 vmax=99 vacc=458 vrej=0 seq=0 elapsed=0 oled=3C
[   8558] STATUS mode=3 fault=none enc=39 denc=0 sreq=0 sapplied=0 crate=0 uimp=32085 upos=2910 uneg=2075 ball=0.81 vball=0.78 aball=-1.5 bref=0.00 pid=0.0 pref=32.1 ppos=32.1 apid=-0.0 integ=0.0 vision=1 current=1 vframe=467 vs=1 vage=22 vpage=22 vdt=34 vmax=99 vacc=459 vrej=0 seq=0 elapsed=0 oled=3C
[   8583] STATUS mode=3 fault=none enc=39 denc=0 sreq=0 sapplied=0 crate=0 uimp=32085 upos=2910 uneg=2075 ball=0.83 vball=0.69 aball=3.7 bref=0.00 pid=0.0 pref=32.1 ppos=32.1 apid=0.0 integ=0.0 vision=1 current=1 vframe=468 vs=1 vage=9 vpage=9 vdt=33 vmax=99 vacc=460 vrej=0 seq=0 elapsed=0 oled=3C
[   8608] STATUS mode=3 fault=none enc=39 denc=0 sreq=0 sapplied=0 crate=0 uimp=32085 upos=2910 uneg=2075 ball=0.83 vball=0.69 aball=3.7 bref=0.00 pid=0.0 pref=32.1 ppos=32.1 apid=0.0 integ=0.0 vision=1 current=1 vframe=468 vs=1 vage=29 vpage=29 vdt=33 vmax=99 vacc=460 vrej=0 seq=0 elapsed=0 oled=3C
[   8633] STATUS mode=3 fault=none enc=39 denc=0 sreq=0 sapplied=0 crate=0 uimp=32085 upos=2910 uneg=2075 ball=0.86 vball=0.60 aball=3.7 bref=0.00 pid=0.0 pref=32.1 ppos=32.1 apid=0.0 integ=0.0 vision=1 current=1 vframe=470 vs=1 vage=2 vpage=2 vdt=34 vmax=99 vacc=462 vrej=0 seq=0 elapsed=0 oled=3C
[   8659] STATUS mode=3 fault=none enc=39 denc=0 sreq=0 sapplied=0 crate=0 uimp=32085 upos=2910 uneg=2075 ball=0.86 vball=0.60 aball=3.7 bref=0.00 pid=0.0 pref=32.1 ppos=32.1 apid=0.0 integ=0.0 vision=1 current=1 vframe=470 vs=1 vage=22 vpage=22 vdt=34 vmax=99 vacc=462 vrej=0 seq=0 elapsed=0 oled=3C
[   8684] STATUS mode=3 fault=none enc=39 denc=0 sreq=0 sapplied=0 crate=0 uimp=32085 upos=2910 uneg=2075 ball=0.84 vball=0.28 aball=0.2 bref=0.00 pid=0.0 pref=32.1 ppos=32.1 apid=0.0 integ=0.0 vision=1 current=1 vframe=471 vs=1 vage=9 vpage=9 vdt=33 vmax=99 vacc=463 vrej=0 seq=0 elapsed=0 oled=3C
[   8709] STATUS mode=3 fault=none enc=39 denc=0 sreq=0 sapplied=0 crate=0 uimp=32085 upos=2910 uneg=2075 ball=0.84 vball=0.28 aball=0.2 bref=0.00 pid=0.0 pref=32.1 ppos=32.1 apid=0.0 integ=0.0 vision=1 current=1 vframe=471 vs=1 vage=29 vpage=29 vdt=33 vmax=99 vacc=463 vrej=0 seq=0 elapsed=0 oled=3C
[   8735] STATUS mode=3 fault=none enc=39 denc=0 sreq=0 sapplied=0 crate=0 uimp=32085 upos=2910 uneg=2075 ball=0.15 vball=-4.42 aball=0.2 bref=0.00 pid=0.0 pref=32.1 ppos=32.1 apid=0.0 integ=0.0 vision=1 current=1 vframe=473 vs=1 vage=3 vpage=3 vdt=33 vmax=99 vacc=465 vrej=0 seq=0 elapsed=0 oled=3C
[   8760] STATUS mode=3 fault=none enc=39 denc=0 sreq=0 sapplied=0 crate=0 uimp=32085 upos=2910 uneg=2075 ball=0.15 vball=-4.42 aball=0.2 bref=0.00 pid=0.0 pref=32.1 ppos=32.1 apid=0.0 integ=0.0 vision=1 current=1 vframe=473 vs=1 vage=23 vpage=23 vdt=33 vmax=99 vacc=465 vrej=0 seq=0 elapsed=0 oled=3C
[   8786] STATUS mode=3 fault=none enc=39 denc=0 sreq=0 sapplied=0 crate=0 uimp=32085 upos=2910 uneg=2075 ball=0.13 vball=-3.24 aball=-15.9 bref=0.00 pid=0.0 pref=32.1 ppos=32.1 apid=-0.0 integ=0.0 vision=1 current=1 vframe=474 vs=1 vage=10 vpage=10 vdt=33 vmax=99 vacc=466 vrej=0 seq=0 elapsed=0 oled=3C
[   8811] STATUS mode=3 fault=none enc=39 denc=0 sreq=0 sapplied=0 crate=0 uimp=32085 upos=2910 uneg=2075 ball=0.13 vball=-3.24 aball=-15.9 bref=0.00 pid=0.0 pref=32.1 ppos=32.1 apid=-0.0 integ=0.0 vision=1 current=1 vframe=474 vs=1 vage=30 vpage=30 vdt=33 vmax=99 vacc=466 vrej=0 seq=0 elapsed=0 oled=3C
[   8837] STATUS mode=3 fault=none enc=39 denc=0 sreq=0 sapplied=0 crate=0 uimp=32085 upos=2910 uneg=2075 ball=0.79 vball=3.37 aball=-15.9 bref=0.00 pid=0.0 pref=32.1 ppos=32.1 apid=-0.0 integ=0.0 vision=1 current=1 vframe=476 vs=1 vage=5 vpage=5 vdt=31 vmax=99 vacc=468 vrej=0 seq=0 elapsed=0 oled=3C
[   8863] STATUS mode=3 fault=none enc=39 denc=0 sreq=0 sapplied=0 crate=0 uimp=32085 upos=2910 uneg=2075 ball=0.79 vball=3.37 aball=-15.9 bref=0.00 pid=0.0 pref=32.1 ppos=32.1 apid=-0.0 integ=0.0 vision=1 current=1 vframe=476 vs=1 vage=25 vpage=25 vdt=31 vmax=99 vacc=468 vrej=0 seq=0 elapsed=0 oled=3C
[   8888] STATUS mode=3 fault=none enc=39 denc=0 sreq=0 sapplied=0 crate=0 uimp=32085 upos=2910 uneg=2075 ball=0.88 vball=3.18 aball=20.4 bref=0.00 pid=0.0 pref=32.1 ppos=32.1 apid=0.0 integ=0.0 vision=1 current=1 vframe=477 vs=1 vage=11 vpage=11 vdt=34 vmax=99 vacc=469 vrej=0 seq=0 elapsed=0 oled=3C
[   8913] STATUS mode=3 fault=none enc=39 denc=0 sreq=0 sapplied=0 crate=0 uimp=32085 upos=2910 uneg=2075 ball=0.90 vball=2.40 aball=20.4 bref=0.00 pid=0.0 pref=32.1 ppos=32.1 apid=0.0 integ=0.0 vision=1 current=1 vframe=478 vs=1 vage=17 vpage=17 vdt=34 vmax=99 vacc=470 vrej=0 seq=0 elapsed=0 oled=3C
[   8939] STATUS mode=3 fault=none enc=39 denc=0 sreq=0 sapplied=0 crate=0 uimp=32085 upos=2910 uneg=2075 ball=0.90 vball=1.64 aball=20.4 bref=0.00 pid=0.0 pref=32.1 ppos=32.1 apid=0.0 integ=0.0 vision=1 current=1 vframe=479 vs=1 vage=5 vpage=5 vdt=32 vmax=99 vacc=471 vrej=0 seq=0 elapsed=0 oled=3C
[   8964] STATUS mode=3 fault=none enc=39 denc=0 sreq=0 sapplied=0 crate=0 uimp=32085 upos=2910 uneg=2075 ball=0.90 vball=1.64 aball=20.4 bref=0.00 pid=0.0 pref=32.1 ppos=32.1 apid=0.0 integ=0.0 vision=1 current=1 vframe=479 vs=1 vage=25 vpage=25 vdt=32 vmax=99 vacc=471 vrej=0 seq=0 elapsed=0 oled=3C
[   8990] STATUS mode=3 fault=none enc=39 denc=0 sreq=0 sapplied=0 crate=0 uimp=32085 upos=2910 uneg=2075 ball=0.92 vball=1.38 aball=3.1 bref=0.00 pid=0.0 pref=32.1 ppos=32.1 apid=0.0 integ=0.0 vision=1 current=1 vframe=480 vs=1 vage=11 vpage=11 vdt=34 vmax=99 vacc=472 vrej=0 seq=0 elapsed=0 oled=3C
[   9015] STATUS mode=3 fault=none enc=39 denc=0 sreq=0 sapplied=0 crate=0 uimp=32085 upos=2910 uneg=2075 ball=0.92 vball=0.99 aball=3.1 bref=0.00 pid=0.0 pref=32.1 ppos=32.1 apid=0.0 integ=0.0 vision=1 current=1 vframe=481 vs=1 vage=18 vpage=18 vdt=33 vmax=99 vacc=473 vrej=0 seq=0 elapsed=0 oled=3C
[   9040] STATUS mode=3 fault=none enc=39 denc=0 sreq=0 sapplied=0 crate=0 uimp=32085 upos=2910 uneg=2075 ball=0.92 vball=0.66 aball=3.1 bref=0.00 pid=0.0 pref=32.1 ppos=32.1 apid=0.0 integ=0.0 vision=1 current=1 vframe=482 vs=1 vage=5 vpage=5 vdt=33 vmax=99 vacc=474 vrej=0 seq=0 elapsed=0 oled=3C
[   9066] STATUS mode=3 fault=none enc=39 denc=0 sreq=0 sapplied=0 crate=0 uimp=32085 upos=2910 uneg=2075 ball=0.92 vball=0.66 aball=3.1 bref=0.00 pid=0.0 pref=32.1 ppos=32.1 apid=0.0 integ=0.0 vision=1 current=1 vframe=482 vs=1 vage=25 vpage=25 vdt=33 vmax=99 vacc=474 vrej=0 seq=0 elapsed=0 oled=3C
[   9091] STATUS mode=3 fault=none enc=39 denc=0 sreq=0 sapplied=0 crate=0 uimp=32085 upos=2910 uneg=2075 ball=0.92 vball=0.42 aball=-2.6 bref=0.00 pid=0.0 pref=32.1 ppos=32.1 apid=-0.0 integ=0.0 vision=1 current=1 vframe=483 vs=1 vage=11 vpage=11 vdt=34 vmax=99 vacc=475 vrej=0 seq=0 elapsed=0 oled=3C
[   9117] STATUS mode=3 fault=none enc=39 denc=0 sreq=0 sapplied=0 crate=0 uimp=32085 upos=2910 uneg=2075 ball=0.91 vball=0.27 aball=-2.6 bref=0.00 pid=0.0 pref=32.1 ppos=32.1 apid=-0.0 integ=0.0 vision=1 current=1 vframe=484 vs=1 vage=15 vpage=15 vdt=36 vmax=99 vacc=476 vrej=0 seq=0 elapsed=0 oled=3C
[   9142] STATUS mode=3 fault=none enc=39 denc=0 sreq=0 sapplied=0 crate=0 uimp=32085 upos=2910 uneg=2075 ball=0.91 vball=0.16 aball=-2.6 bref=0.00 pid=0.0 pref=32.1 ppos=32.1 apid=-0.0 integ=0.0 vision=1 current=1 vframe=485 vs=1 vage=2 vpage=2 vdt=33 vmax=99 vacc=477 vrej=0 seq=0 elapsed=0 oled=3C
[   9168] STATUS mode=3 fault=none enc=39 denc=0 sreq=0 sapplied=0 crate=0 uimp=32085 upos=2910 uneg=2075 ball=0.91 vball=0.16 aball=-2.6 bref=0.00 pid=0.0 pref=32.1 ppos=32.1 apid=-0.0 integ=0.0 vision=1 current=1 vframe=485 vs=1 vage=22 vpage=22 vdt=33 vmax=99 vacc=477 vrej=0 seq=0 elapsed=0 oled=3C
[   9193] STATUS mode=3 fault=none enc=39 denc=0 sreq=0 sapplied=0 crate=0 uimp=32085 upos=2910 uneg=2075 ball=0.91 vball=0.10 aball=-2.8 bref=0.00 pid=0.0 pref=32.1 ppos=32.1 apid=-0.0 integ=0.0 vision=1 current=1 vframe=486 vs=1 vage=29 vpage=29 vdt=33 vmax=99 vacc=478 vrej=0 seq=0 elapsed=0 oled=3C
[   9219] STATUS mode=3 fault=none enc=39 denc=0 sreq=0 sapplied=0 crate=0 uimp=32085 upos=2910 uneg=2075 ball=0.91 vball=0.06 aball=-2.8 bref=0.00 pid=0.0 pref=32.1 ppos=32.1 apid=-0.0 integ=0.0 vision=1 current=1 vframe=487 vs=1 vage=16 vpage=16 vdt=33 vmax=99 vacc=479 vrej=0 seq=0 elapsed=0 oled=3C
[   9244] STATUS mode=3 fault=none enc=39 denc=0 sreq=0 sapplied=0 crate=0 uimp=32085 upos=2910 uneg=2075 ball=0.91 vball=0.04 aball=-2.8 bref=0.00 pid=0.0 pref=32.1 ppos=32.1 apid=-0.0 integ=0.0 vision=1 current=1 vframe=488 vs=1 vage=2 vpage=2 vdt=34 vmax=99 vacc=480 vrej=0 seq=0 elapsed=0 oled=3C
[   9270] STATUS mode=3 fault=none enc=39 denc=0 sreq=0 sapplied=0 crate=0 uimp=32085 upos=2910 uneg=2075 ball=0.91 vball=0.04 aball=-2.8 bref=0.00 pid=0.0 pref=32.1 ppos=32.1 apid=-0.0 integ=0.0 vision=1 current=1 vframe=488 vs=1 vage=22 vpage=22 vdt=34 vmax=99 vacc=480 vrej=0 seq=0 elapsed=0 oled=3C
[   9295] STATUS mode=3 fault=none enc=39 denc=0 sreq=0 sapplied=0 crate=0 uimp=32085 upos=2910 uneg=2075 ball=0.91 vball=0.02 aball=-1.9 bref=0.00 pid=0.0 pref=32.1 ppos=32.1 apid=-0.0 integ=0.0 vision=1 current=1 vframe=489 vs=1 vage=29 vpage=29 vdt=33 vmax=99 vacc=481 vrej=0 seq=0 elapsed=0 oled=3C
[   9321] STATUS mode=3 fault=none enc=39 denc=0 sreq=0 sapplied=0 crate=0 uimp=32085 upos=2910 uneg=2075 ball=0.91 vball=0.01 aball=-1.9 bref=0.00 pid=0.0 pref=32.1 ppos=32.1 apid=-0.0 integ=0.0 vision=1 current=1 vframe=490 vs=1 vage=16 vpage=16 vdt=33 vmax=99 vacc=482 vrej=0 seq=0 elapsed=0 oled=3C
[   9346] STATUS mode=3 fault=none enc=39 denc=0 sreq=0 sapplied=0 crate=0 uimp=32085 upos=2910 uneg=2075 ball=0.91 vball=0.01 aball=-1.9 bref=0.00 pid=0.0 pref=32.1 ppos=32.1 apid=-0.0 integ=0.0 vision=1 current=1 vframe=491 vs=1 vage=2 vpage=2 vdt=34 vmax=99 vacc=483 vrej=0 seq=0 elapsed=0 oled=3C
[   9372] STATUS mode=3 fault=none enc=39 denc=0 sreq=0 sapplied=0 crate=0 uimp=32085 upos=2910 uneg=2075 ball=0.91 vball=0.01 aball=-1.9 bref=0.00 pid=0.0 pref=32.1 ppos=32.1 apid=-0.0 integ=0.0 vision=1 current=1 vframe=491 vs=1 vage=22 vpage=22 vdt=34 vmax=99 vacc=483 vrej=0 seq=0 elapsed=0 oled=3C
[   9397] STATUS mode=3 fault=none enc=39 denc=0 sreq=0 sapplied=0 crate=0 uimp=32085 upos=2910 uneg=2075 ball=0.91 vball=0.01 aball=-1.1 bref=0.00 pid=0.0 pref=32.1 ppos=32.1 apid=-0.0 integ=0.0 vision=1 current=1 vframe=492 vs=1 vage=29 vpage=29 vdt=33 vmax=99 vacc=484 vrej=0 seq=0 elapsed=0 oled=3C
[   9423] STATUS mode=3 fault=none enc=39 denc=0 sreq=0 sapplied=0 crate=0 uimp=32085 upos=2910 uneg=2075 ball=0.92 vball=0.16 aball=-1.1 bref=0.00 pid=0.0 pref=32.1 ppos=32.1 apid=-0.0 integ=0.0 vision=1 current=1 vframe=493 vs=1 vage=16 vpage=16 vdt=33 vmax=99 vacc=485 vrej=0 seq=0 elapsed=0 oled=3C
[   9448] STATUS mode=3 fault=none enc=39 denc=0 sreq=0 sapplied=0 crate=0 uimp=32085 upos=2910 uneg=2075 ball=0.94 vball=0.23 aball=-1.1 bref=0.00 pid=0.0 pref=32.1 ppos=32.1 apid=-0.0 integ=0.0 vision=1 current=1 vframe=494 vs=1 vage=3 vpage=3 vdt=33 vmax=99 vacc=486 vrej=0 seq=0 elapsed=0 oled=3C
[   9473] STATUS mode=3 fault=none enc=39 denc=0 sreq=0 sapplied=0 crate=0 uimp=32085 upos=2910 uneg=2075 ball=0.94 vball=0.20 aball=0.3 bref=0.00 pid=0.0 pref=32.1 ppos=32.1 apid=0.0 integ=0.0 vision=1 current=1 vframe=495 vs=1 vage=11 vpage=11 vdt=32 vmax=99 vacc=487 vrej=0 seq=0 elapsed=0 oled=3C
[   9499] STATUS mode=3 fault=none enc=39 denc=0 sreq=0 sapplied=0 crate=0 uimp=32085 upos=2910 uneg=2075 ball=0.94 vball=0.20 aball=0.3 bref=0.00 pid=0.0 pref=32.1 ppos=32.1 apid=0.0 integ=0.0 vision=1 current=1 vframe=495 vs=1 vage=31 vpage=31 vdt=32 vmax=99 vacc=487 vrej=0 seq=0 elapsed=0 oled=3C
[   9524] STATUS mode=3 fault=none enc=39 denc=0 sreq=0 sapplied=0 crate=0 uimp=32085 upos=2910 uneg=2075 ball=0.94 vball=0.14 aball=0.3 bref=0.00 pid=0.0 pref=32.1 ppos=32.1 apid=0.0 integ=0.0 vision=1 current=1 vframe=496 vs=1 vage=18 vpage=18 vdt=33 vmax=99 vacc=488 vrej=0 seq=0 elapsed=0 oled=3C
[   9549] STATUS mode=3 fault=none enc=39 denc=0 sreq=0 sapplied=0 crate=0 uimp=32085 upos=2910 uneg=2075 ball=0.94 vball=0.08 aball=0.3 bref=0.00 pid=0.0 pref=32.1 ppos=32.1 apid=0.0 integ=0.0 vision=1 current=1 vframe=497 vs=1 vage=4 vpage=4 vdt=34 vmax=99 vacc=489 vrej=0 seq=0 elapsed=0 oled=3C
[   9575] STATUS mode=3 fault=none enc=39 denc=0 sreq=0 sapplied=0 crate=0 uimp=32085 upos=2910 uneg=2075 ball=0.94 vball=0.04 aball=-0.6 bref=0.00 pid=0.0 pref=32.1 ppos=32.1 apid=-0.0 integ=0.0 vision=1 current=1 vframe=498 vs=1 vage=10 vpage=10 vdt=34 vmax=99 vacc=490 vrej=0 seq=0 elapsed=0 oled=3C
[   9600] STATUS mode=3 fault=none enc=39 denc=0 sreq=0 sapplied=0 crate=0 uimp=32085 upos=2910 uneg=2075 ball=0.94 vball=0.04 aball=-0.6 bref=0.00 pid=0.0 pref=32.1 ppos=32.1 apid=-0.0 integ=0.0 vision=1 current=1 vframe=498 vs=1 vage=30 vpage=30 vdt=34 vmax=99 vacc=490 vrej=0 seq=0 elapsed=0 oled=3C
[   9601] >>> stream off
[   9626] STATUS mode=3 fault=none enc=39 denc=0 sreq=0 sapplied=0 crate=0 uimp=32085 upos=2910 uneg=2075 ball=0.92 vball=-0.10 aball=-0.6 bref=0.00 pid=0.0 pref=32.1 ppos=32.1 apid=-0.0 integ=0.0 vision=1 current=1 vframe=499 vs=1 vage=17 vpage=17 vdt=33 vmax=99 vacc=491 vrej=0 seq=0 elapsed=0 oled=3C
[   9627] OK stream off
[   9720] >>> stop
[   9722] OK stopped
[   9813] >>> gain ball 1.2 2.0 2.0 -1
[   9820] OK ball gains kp=1.200 ki=2.000 kd=2.000 sign=-1
[   9939] >>> ball sequence
[   9945] OK visual step-rate sequence 0 -> +50 -> -50 started
[  10064] >>> stream on 20
[  10067] OK stream on 20 ms
[  10113] STATUS mode=4 fault=none enc=-28 denc=-3 sreq=-400 sapplied=-400 crate=-400 uimp=-20415 upos=2910 uneg=2210 ball=-0.60 vball=0.87 aball=21.0 bref=50.00 pid=-400.0 pref=-110.9 ppos=-20.4 apid=0.0 integ=-0.0 vision=1 current=1 vframe=514 vs=1 vage=14 vpage=14 vdt=36 vmax=99 vacc=506 vrej=0 seq=1 elapsed=145 oled=3C
[  10140] STATUS mode=4 fault=none enc=-38 denc=-3 sreq=-400 sapplied=-400 crate=-400 uimp=-28415 upos=2910 uneg=2230 ball=-0.48 vball=1.68 aball=21.0 bref=50.00 pid=-400.0 pref=-110.9 ppos=-28.4 apid=0.0 integ=-0.0 vision=1 current=1 vframe=515 vs=1 vage=3 vpage=3 vdt=31 vmax=99 vacc=507 vrej=0 seq=1 elapsed=165 oled=3C
[  10168] STATUS mode=4 fault=none enc=-48 denc=-3 sreq=-400 sapplied=-400 crate=-400 uimp=-36415 upos=2910 uneg=2250 ball=-0.48 vball=1.68 aball=21.0 bref=50.00 pid=-400.0 pref=-109.1 ppos=-36.4 apid=0.0 integ=-0.0 vision=1 current=1 vframe=515 vs=1 vage=23 vpage=23 vdt=31 vmax=99 vacc=507 vrej=0 seq=1 elapsed=185 oled=3C
[  10168] PHASE sequence
[  10195] STATUS mode=4 fault=none enc=-68 denc=-2 sreq=-400 sapplied=-400 crate=-400 uimp=-52415 upos=2910 uneg=2290 ball=-0.45 vball=1.48 aball=24.3 bref=50.00 pid=-400.0 pref=-109.5 ppos=-52.4 apid=0.0 integ=-0.0 vision=1 current=1 vframe=516 vs=1 vage=30 vpage=30 vdt=33 vmax=99 vacc=508 vrej=0 seq=1 elapsed=225 oled=3C
[  10222] STATUS mode=4 fault=none enc=-78 denc=-2 sreq=-400 sapplied=-400 crate=-400 uimp=-60415 upos=2910 uneg=2310 ball=-0.26 vball=2.80 aball=24.3 bref=50.00 pid=-400.0 pref=-106.6 ppos=-60.4 apid=0.0 integ=-0.0 vision=1 current=1 vframe=517 vs=1 vage=17 vpage=17 vdt=33 vmax=99 vacc=509 vrej=0 seq=1 elapsed=245 oled=3C
[  10250] STATUS mode=4 fault=none enc=-88 denc=-3 sreq=-382 sapplied=-382 crate=-382 uimp=-68415 upos=2910 uneg=2330 ball=0.20 vball=6.07 aball=24.3 bref=50.00 pid=-382.1 pref=-106.6 ppos=-68.4 apid=0.0 integ=-0.0 vision=1 current=1 vframe=518 vs=1 vage=3 vpage=3 vdt=34 vmax=99 vacc=510 vrej=0 seq=1 elapsed=265 oled=3C
[  10277] STATUS mode=4 fault=none enc=-100 denc=-1 sreq=-180 sapplied=-180 crate=-180 uimp=-79010 upos=2910 uneg=2370 ball=0.52 vball=7.15 aball=38.9 bref=50.00 pid=-179.8 pref=-97.0 ppos=-79.0 apid=0.0 integ=-0.0 vision=1 current=1 vframe=519 vs=1 vage=10 vpage=10 vdt=33 vmax=99 vacc=511 vrej=0 seq=1 elapsed=305 oled=3C
[  10304] STATUS mode=4 fault=none enc=-104 denc=0 sreq=-146 sapplied=-146 crate=-146 uimp=-82345 upos=2910 uneg=2390 ball=0.52 vball=7.15 aball=38.9 bref=50.00 pid=-146.5 pref=-97.0 ppos=-82.3 apid=0.0 integ=-0.0 vision=1 current=1 vframe=519 vs=1 vage=30 vpage=30 vdt=33 vmax=99 vacc=511 vrej=0 seq=1 elapsed=325 oled=3C
[  10331] STATUS mode=4 fault=none enc=-107 denc=0 sreq=-55 sapplied=-55 crate=-55 uimp=-84365 upos=2910 uneg=2410 ball=1.11 vball=10.37 aball=38.9 bref=50.00 pid=-54.8 pref=-89.8 ppos=-84.4 apid=0.0 integ=-0.0 vision=1 current=1 vframe=520 vs=1 vage=18 vpage=18 vdt=32 vmax=99 vacc=512 vrej=0 seq=1 elapsed=345 oled=3C
[  10358] STATUS mode=4 fault=none enc=-109 denc=0 sreq=0 sapplied=0 crate=-19 uimp=-85595 upos=2910 uneg=2440 ball=1.56 vball=11.25 aball=38.9 bref=50.00 pid=-19.5 pref=-87.5 ppos=-85.6 apid=0.0 integ=-0.0 vision=1 current=1 vframe=521 vs=1 vage=25 vpage=25 vdt=33 vmax=99 vacc=513 vrej=0 seq=1 elapsed=385 oled=3C
[  10385] STATUS mode=4 fault=none enc=-109 denc=0 sreq=76 sapplied=76 crate=76 uimp=-85595 upos=2910 uneg=2440 ball=2.43 vball=15.49 aball=59.7 bref=50.00 pid=75.8 pref=-78.0 ppos=-85.6 apid=0.0 integ=-0.0 vision=1 current=1 vframe=522 vs=1 vage=12 vpage=12 vdt=33 vmax=99 vacc=514 vrej=0 seq=1 elapsed=405 oled=3C
[  10411] STATUS mode=4 fault=none enc=-108 denc=1 sreq=62 sapplied=62 crate=62 uimp=-84190 upos=2930 uneg=2440 ball=2.43 vball=15.49 aball=59.7 bref=50.00 pid=61.7 pref=-78.0 ppos=-84.2 apid=0.0 integ=-0.0 vision=1 current=1 vframe=522 vs=1 vage=32 vpage=32 vdt=33 vmax=99 vacc=514 vrej=0 seq=1 elapsed=425 oled=3C
[  10438] STATUS mode=4 fault=none enc=-106 denc=1 sreq=61 sapplied=61 crate=61 uimp=-82110 upos=2970 uneg=2440 ball=3.49 vball=15.86 aball=59.7 bref=50.00 pid=61.0 pref=-76.0 ppos=-82.1 apid=0.0 integ=-0.0 vision=1 current=1 vframe=524 vs=1 vage=5 vpage=5 vdt=33 vmax=99 vacc=516 vrej=0 seq=1 elapsed=465 oled=3C
[  10465] STATUS mode=4 fault=none enc=-104 denc=1 sreq=50 sapplied=50 crate=50 uimp=-80980 upos=2990 uneg=2440 ball=3.49 vball=15.86 aball=59.7 bref=50.00 pid=49.7 pref=-76.0 ppos=-81.0 apid=0.0 integ=-0.0 vision=1 current=1 vframe=524 vs=1 vage=25 vpage=25 vdt=33 vmax=99 vacc=516 vrej=0 seq=1 elapsed=485 oled=3C
[  10492] STATUS mode=4 fault=none enc=-104 denc=0 sreq=148 sapplied=148 crate=148 uimp=-79545 upos=3010 uneg=2440 ball=4.56 vball=20.83 aball=56.9 bref=50.00 pid=147.6 pref=-64.8 ppos=-79.5 apid=0.0 integ=-0.0 vision=1 current=1 vframe=525 vs=1 vage=12 vpage=12 vdt=33 vmax=99 vacc=517 vrej=0 seq=1 elapsed=505 oled=3C
[  10518] STATUS mode=4 fault=none enc=-97 denc=1 sreq=182 sapplied=182 crate=182 uimp=-73675 upos=3050 uneg=2440 ball=5.75 vball=24.75 aball=56.9 bref=50.00 pid=181.6 pref=-55.5 ppos=-73.7 apid=0.0 integ=-0.0 vision=1 current=1 vframe=526 vs=1 vage=17 vpage=17 vdt=35 vmax=99 vacc=518 vrej=0 seq=1 elapsed=545 oled=3C
[  10545] STATUS mode=4 fault=none enc=-93 denc=0 sreq=256 sapplied=256 crate=256 uimp=-70300 upos=3070 uneg=2440 ball=7.69 vball=34.81 aball=56.9 bref=50.00 pid=372.3 pref=-33.1 ppos=-70.3 apid=0.0 integ=-0.0 vision=1 current=1 vframe=527 vs=1 vage=6 vpage=6 vdt=31 vmax=99 vacc=519 vrej=0 seq=1 elapsed=565 oled=3C
[  10572] STATUS mode=4 fault=none enc=-77 denc=2 sreq=275 sapplied=275 crate=275 uimp=-58060 upos=3110 uneg=2440 ball=8.89 vball=34.81 aball=56.9 bref=50.00 pid=308.4 pref=-33.1 ppos=-63.9 apid=0.0 integ=-0.0 vision=1 current=1 vframe=527 vs=1 vage=26 vpage=26 vdt=31 vmax=99 vacc=519 vrej=0 seq=1 elapsed=585 oled=3C
[  10599] STATUS mode=4 fault=none enc=-71 denc=1 sreq=224 sapplied=224 crate=224 uimp=-52960 upos=3130 uneg=2440 ball=8.89 vball=35.35 aball=97.3 bref=50.00 pid=224.1 pref=-30.5 ppos=-53.0 apid=0.0 integ=-0.0 vision=1 current=1 vframe=528 vs=1 vage=33 vpage=33 vdt=33 vmax=99 vacc=520 vrej=0 seq=1 elapsed=625 oled=3C
[  10626] STATUS mode=4 fault=none enc=-64 denc=2 sreq=263 sapplied=263 crate=263 uimp=-47460 upos=3150 uneg=2440 ball=10.47 vball=39.10 aball=97.3 bref=50.00 pid=263.1 pref=-21.2 ppos=-47.5 apid=0.0 integ=-0.0 vision=1 current=1 vframe=529 vs=1 vage=19 vpage=19 vdt=34 vmax=99 vacc=521 vrej=0 seq=1 elapsed=645 oled=3C
[  10653] STATUS mode=4 fault=none enc=-48 denc=3 sreq=302 sapplied=302 crate=302 uimp=-35930 upos=3190 uneg=2440 ball=12.49 vball=45.58 aball=97.3 bref=50.00 pid=301.6 pref=-5.8 ppos=-35.9 apid=0.0 integ=-0.0 vision=1 current=1 vframe=530 vs=1 vage=26 vpage=26 vdt=33 vmax=99 vacc=522 vrej=0 seq=1 elapsed=685 oled=3C
[  10680] STATUS mode=4 fault=none enc=-42 denc=2 sreq=279 sapplied=279 crate=279 uimp=-30155 upos=3210 uneg=2440 ball=14.05 vball=46.41 aball=103.3 bref=50.00 pid=279.2 pref=-2.2 ppos=-30.2 apid=0.0 integ=-0.0 vision=1 current=1 vframe=531 vs=1 vage=13 vpage=13 vdt=33 vmax=99 vacc=523 vrej=0 seq=1 elapsed=705 oled=3C
[  10707] STATUS mode=4 fault=none enc=-35 denc=1 sreq=227 sapplied=227 crate=227 uimp=-24980 upos=3230 uneg=2440 ball=14.05 vball=46.41 aball=103.3 bref=50.00 pid=227.5 pref=-2.2 ppos=-25.0 apid=0.0 integ=-0.0 vision=1 current=1 vframe=531 vs=1 vage=33 vpage=33 vdt=33 vmax=99 vacc=523 vrej=0 seq=1 elapsed=725 oled=3C
[  10734] STATUS mode=4 fault=none enc=-22 denc=2 sreq=278 sapplied=278 crate=278 uimp=-14730 upos=3270 uneg=2440 ball=17.86 vball=51.80 aball=103.3 bref=50.00 pid=278.5 pref=13.1 ppos=-14.7 apid=0.0 integ=-0.0 vision=1 current=1 vframe=533 vs=1 vage=6 vpage=6 vdt=34 vmax=99 vacc=525 vrej=0 seq=1 elapsed=765 oled=3C
[  10761] STATUS mode=4 fault=none enc=-15 denc=2 sreq=227 sapplied=227 crate=227 uimp=-9565 upos=3290 uneg=2440 ball=17.86 vball=51.80 aball=103.3 bref=50.00 pid=226.8 pref=13.1 ppos=-9.6 apid=0.0 integ=-0.0 vision=1 current=1 vframe=533 vs=1 vage=26 vpage=26 vdt=34 vmax=99 vacc=525 vrej=0 seq=1 elapsed=785 oled=3C
[  10788] STATUS mode=4 fault=none enc=-10 denc=0 sreq=185 sapplied=185 crate=185 uimp=-5360 upos=3310 uneg=2440 ball=17.86 vball=51.80 aball=103.3 bref=50.00 pid=184.8 pref=13.1 ppos=-5.4 apid=0.0 integ=-0.0 vision=1 current=0 vframe=534 vs=0 vage=46 vpage=12 vdt=34 vmax=99 vacc=525 vrej=0 seq=1 elapsed=805 oled=3C
[  10814] STATUS mode=4 fault=none enc=-2 denc=0 sreq=129 sapplied=129 crate=129 uimp=960 upos=3350 uneg=2440 ball=21.03 vball=50.25 aball=69.8 bref=50.00 pid=128.6 pref=13.8 ppos=1.0 apid=0.0 integ=-0.0 vision=1 current=1 vframe=535 vs=1 vage=20 vpage=20 vdt=66 vmax=99 vacc=526 vrej=0 seq=1 elapsed=845 oled=3C
[  10840] STATUS mode=4 fault=none enc=1 denc=1 sreq=210 sapplied=210 crate=210 uimp=3345 upos=3370 uneg=2440 ball=23.53 vball=57.51 aball=69.8 bref=50.00 pid=280.0 pref=31.3 ppos=3.3 apid=0.0 integ=-0.0 vision=1 current=1 vframe=536 vs=1 vage=6 vpage=6 vdt=34 vmax=99 vacc=527 vrej=0 seq=1 elapsed=865 oled=3C
[  10867] STATUS mode=4 fault=none enc=7 denc=1 sreq=231 sapplied=231 crate=231 uimp=8235 upos=3390 uneg=2440 ball=23.53 vball=57.51 aball=69.8 bref=50.00 pid=231.1 pref=31.3 ppos=8.2 apid=0.0 integ=-0.0 vision=1 current=1 vframe=536 vs=1 vage=26 vpage=26 vdt=34 vmax=99 vacc=527 vrej=0 seq=1 elapsed=885 oled=3C
[  10893] STATUS mode=4 fault=none enc=23 denc=3 sreq=309 sapplied=309 crate=309 uimp=20110 upos=3430 uneg=2440 ball=26.30 vball=65.68 aball=69.8 bref=50.00 pid=309.0 pref=51.0 ppos=20.1 apid=0.0 integ=-0.0 vision=1 current=1 vframe=537 vs=1 vage=33 vpage=33 vdt=33 vmax=99 vacc=528 vrej=0 seq=1 elapsed=925 oled=3C
[  10920] STATUS mode=4 fault=none enc=31 denc=1 sreq=290 sapplied=290 crate=290 uimp=26475 upos=3450 uneg=2440 ball=28.62 vball=66.50 aball=110.8 bref=50.00 pid=289.5 pref=55.4 ppos=26.5 apid=0.0 integ=-0.0 vision=1 current=1 vframe=538 vs=1 vage=19 vpage=19 vdt=34 vmax=99 vacc=529 vrej=0 seq=1 elapsed=945 oled=3C
[  10947] STATUS mode=4 fault=none enc=38 denc=2 sreq=267 sapplied=267 crate=267 uimp=31845 upos=3470 uneg=2440 ball=30.86 vball=66.70 aball=110.8 bref=50.00 pid=266.7 pref=58.5 ppos=31.8 apid=0.0 integ=-0.0 vision=1 current=1 vframe=539 vs=1 vage=6 vpage=6 vdt=33 vmax=99 vacc=530 vrej=0 seq=1 elapsed=965 oled=3C
[  10974] STATUS mode=4 fault=none enc=48 denc=0 sreq=112 sapplied=112 crate=112 uimp=40480 upos=3510 uneg=2440 ball=32.55 vball=62.25 aball=110.8 bref=50.00 pid=111.7 pref=51.6 ppos=40.5 apid=0.0 integ=-0.0 vision=1 current=1 vframe=540 vs=1 vage=13 vpage=13 vdt=33 vmax=99 vacc=531 vrej=0 seq=1 elapsed=1005 oled=3C
[  11000] STATUS mode=4 fault=none enc=51 denc=1 sreq=91 sapplied=91 crate=91 uimp=42555 upos=3530 uneg=2440 ball=32.55 vball=62.25 aball=110.8 bref=50.00 pid=90.9 pref=51.6 ppos=42.6 apid=0.0 integ=-0.0 vision=1 current=1 vframe=540 vs=1 vage=33 vpage=33 vdt=33 vmax=99 vacc=531 vrej=0 seq=1 elapsed=1025 oled=3C
[  11027] STATUS mode=4 fault=none enc=53 denc=0 sreq=108 sapplied=108 crate=108 uimp=44810 upos=3550 uneg=2440 ball=34.75 vball=62.93 aball=44.7 bref=50.00 pid=108.4 pref=55.6 ppos=44.8 apid=0.0 integ=-0.0 vision=1 current=1 vframe=541 vs=1 vage=20 vpage=20 vdt=33 vmax=99 vacc=532 vrej=0 seq=1 elapsed=1045 oled=3C
[  11053] STATUS mode=4 fault=none enc=59 denc=2 sreq=72 sapplied=72 crate=72 uimp=48460 upos=3590 uneg=2440 ball=34.75 vball=62.93 aball=44.7 bref=50.00 pid=71.9 pref=55.6 ppos=48.5 apid=0.0 integ=-0.0 vision=1 current=0 vframe=542 vs=0 vage=60 vpage=28 vdt=33 vmax=99 vacc=532 vrej=0 seq=1 elapsed=1085 oled=3C
[  11080] STATUS mode=4 fault=none enc=60 denc=0 sreq=-135 sapplied=-135 crate=-135 uimp=49485 upos=3605 uneg=2440 ball=36.69 vball=47.82 aball=44.7 bref=50.00 pid=-217.3 pref=27.8 ppos=49.5 apid=0.0 integ=-0.0 vision=1 current=1 vframe=543 vs=1 vage=12 vpage=12 vdt=68 vmax=99 vacc=533 vrej=0 seq=1 elapsed=1105 oled=3C
[  11108] STATUS mode=4 fault=none enc=56 denc=-1 sreq=-181 sapplied=-181 crate=-181 uimp=45805 upos=3605 uneg=2460 ball=36.69 vball=47.82 aball=44.7 bref=50.00 pid=-180.5 pref=27.8 ppos=45.8 apid=0.0 integ=-0.0 vision=1 current=1 vframe=543 vs=1 vage=32 vpage=32 vdt=68 vmax=99 vacc=533 vrej=0 seq=1 elapsed=1125 oled=3C
[  11134] STATUS mode=4 fault=none enc=63 denc=3 sreq=400 sapplied=400 crate=400 uimp=52545 upos=3630 uneg=2470 ball=42.84 vball=67.47 aball=0.0 bref=-50.00 pid=400.0 pref=332.1 ppos=52.5 apid=0.0 integ=-0.0 vision=1 current=1 vframe=545 vs=1 vage=4 vpage=4 vdt=34 vmax=99 vacc=535 vrej=0 seq=2 elapsed=1165 oled=3C
[  11161] STATUS mode=4 fault=none enc=73 denc=2 sreq=400 sapplied=400 crate=400 uimp=60545 upos=3650 uneg=2470 ball=42.84 vball=67.47 aball=0.0 bref=-50.00 pid=400.0 pref=332.1 ppos=60.5 apid=0.0 integ=-0.0 vision=1 current=1 vframe=545 vs=1 vage=24 vpage=24 vdt=34 vmax=99 vacc=535 vrej=0 seq=2 elapsed=1185 oled=3C
[  11188] STATUS mode=4 fault=none enc=84 denc=3 sreq=400 sapplied=400 crate=400 uimp=68545 upos=3670 uneg=2470 ball=44.95 vball=66.12 aball=0.0 bref=-50.00 pid=400.0 pref=332.1 ppos=68.5 apid=0.0 integ=-0.0 vision=1 current=1 vframe=546 vs=1 vage=11 vpage=11 vdt=33 vmax=99 vacc=536 vrej=0 seq=2 elapsed=1205 oled=3C
[  11215] STATUS mode=4 fault=none enc=104 denc=2 sreq=400 sapplied=400 crate=400 uimp=84545 upos=3710 uneg=2470 ball=46.86 vball=64.12 aball=-18.0 bref=-50.00 pid=400.0 pref=332.1 ppos=84.5 apid=-0.0 integ=-0.0 vision=1 current=1 vframe=547 vs=1 vage=18 vpage=18 vdt=33 vmax=99 vacc=537 vrej=0 seq=2 elapsed=1245 oled=3C
[  11242] STATUS mode=4 fault=none enc=115 denc=4 sreq=400 sapplied=400 crate=400 uimp=92545 upos=3730 uneg=2470 ball=48.77 vball=61.68 aball=-18.0 bref=-50.00 pid=400.0 pref=332.1 ppos=92.5 apid=-0.0 integ=-0.0 vision=1 current=1 vframe=548 vs=1 vage=4 vpage=4 vdt=34 vmax=99 vacc=538 vrej=0 seq=2 elapsed=1265 oled=3C
[  11270] STATUS mode=4 fault=none enc=124 denc=1 sreq=400 sapplied=400 crate=400 uimp=100545 upos=3750 uneg=2470 ball=48.77 vball=61.68 aball=-18.0 bref=-50.00 pid=400.0 pref=332.1 ppos=100.5 apid=-0.0 integ=-0.0 vision=1 current=1 vframe=548 vs=1 vage=24 vpage=24 vdt=34 vmax=99 vacc=538 vrej=0 seq=2 elapsed=1285 oled=3C
[  11297] STATUS mode=4 fault=none enc=146 denc=3 sreq=400 sapplied=400 crate=400 uimp=116545 upos=3790 uneg=2470 ball=50.02 vball=54.29 aball=-18.0 bref=-50.00 pid=400.0 pref=332.1 ppos=116.5 apid=-0.0 integ=-0.0 vision=1 current=1 vframe=549 vs=1 vage=31 vpage=31 vdt=33 vmax=99 vacc=539 vrej=0 seq=2 elapsed=1325 oled=3C
[  11324] STATUS mode=4 fault=none enc=157 denc=3 sreq=400 sapplied=400 crate=400 uimp=124545 upos=3810 uneg=2470 ball=51.63 vball=51.77 aball=-64.9 bref=-50.00 pid=400.0 pref=332.1 ppos=124.5 apid=-0.0 integ=-0.0 vision=1 current=1 vframe=550 vs=1 vage=17 vpage=17 vdt=34 vmax=99 vacc=540 vrej=0 seq=2 elapsed=1345 oled=3C
[  11351] STATUS mode=4 fault=none enc=167 denc=3 sreq=400 sapplied=400 crate=400 uimp=132545 upos=3830 uneg=2470 ball=52.63 vball=45.70 aball=-64.9 bref=-50.00 pid=400.0 pref=330.6 ppos=132.5 apid=-0.0 integ=-0.0 vision=1 current=1 vframe=551 vs=1 vage=4 vpage=4 vdt=33 vmax=99 vacc=541 vrej=0 seq=2 elapsed=1365 oled=3C
[  11379] STATUS mode=4 fault=none enc=187 denc=2 sreq=400 sapplied=400 crate=400 uimp=148545 upos=3870 uneg=2470 ball=54.27 vball=47.01 aball=-64.9 bref=-50.00 pid=400.0 pref=332.1 ppos=148.5 apid=-0.0 integ=-0.0 vision=1 current=1 vframe=552 vs=1 vage=11 vpage=11 vdt=33 vmax=99 vacc=542 vrej=0 seq=2 elapsed=1405 oled=3C
[  11406] STATUS mode=4 fault=none enc=197 denc=2 sreq=400 sapplied=400 crate=400 uimp=156545 upos=3890 uneg=2470 ball=54.27 vball=47.01 aball=-64.9 bref=-50.00 pid=400.0 pref=332.1 ppos=156.5 apid=-0.0 integ=-0.0 vision=1 current=1 vframe=552 vs=1 vage=31 vpage=31 vdt=33 vmax=99 vacc=542 vrej=0 seq=2 elapsed=1425 oled=3C
[  11433] STATUS mode=4 fault=none enc=218 denc=3 sreq=400 sapplied=400 crate=400 uimp=172545 upos=3930 uneg=2470 ball=56.80 vball=41.02 aball=-53.9 bref=-50.00 pid=400.0 pref=326.3 ppos=172.5 apid=-0.0 integ=-0.0 vision=1 current=1 vframe=554 vs=1 vage=4 vpage=4 vdt=33 vmax=99 vacc=544 vrej=0 seq=2 elapsed=1465 oled=3C
[  11461] STATUS mode=4 fault=none enc=228 denc=2 sreq=400 sapplied=400 crate=400 uimp=180545 upos=3950 uneg=2470 ball=56.80 vball=41.02 aball=-53.9 bref=-50.00 pid=400.0 pref=326.3 ppos=180.5 apid=-0.0 integ=-0.0 vision=1 current=1 vframe=554 vs=1 vage=24 vpage=24 vdt=33 vmax=99 vacc=544 vrej=0 seq=2 elapsed=1485 oled=3C
[  11488] STATUS mode=4 fault=none enc=239 denc=2 sreq=400 sapplied=400 crate=400 uimp=188545 upos=3970 uneg=2470 ball=57.14 vball=31.95 aball=-53.9 bref=-50.00 pid=400.0 pref=308.6 ppos=188.5 apid=-0.0 integ=-0.0 vision=1 current=1 vframe=555 vs=1 vage=11 vpage=11 vdt=33 vmax=99 vacc=545 vrej=0 seq=2 elapsed=1505 oled=3C
[  11516] STATUS mode=4 fault=none enc=259 denc=2 sreq=400 sapplied=400 crate=400 uimp=204545 upos=4010 uneg=2470 ball=57.33 vball=24.09 aball=-136.0 bref=-50.00 pid=400.0 pref=293.1 ppos=204.5 apid=-0.0 integ=-0.0 vision=1 current=1 vframe=556 vs=1 vage=17 vpage=17 vdt=34 vmax=99 vacc=546 vrej=0 seq=2 elapsed=1545 oled=3C
[  11543] STATUS mode=4 fault=none enc=270 denc=3 sreq=400 sapplied=400 crate=400 uimp=212545 upos=4030 uneg=2470 ball=58.04 vball=22.96 aball=-136.0 bref=-50.00 pid=400.0 pref=291.7 ppos=212.5 apid=-0.0 integ=-0.0 vision=1 current=1 vframe=557 vs=1 vage=4 vpage=4 vdt=33 vmax=99 vacc=547 vrej=0 seq=2 elapsed=1565 oled=3C
[  11570] STATUS mode=4 fault=none enc=279 denc=1 sreq=400 sapplied=400 crate=400 uimp=220545 upos=4050 uneg=2470 ball=58.04 vball=22.96 aball=-136.0 bref=-50.00 pid=400.0 pref=291.7 ppos=220.5 apid=-0.0 integ=-0.0 vision=1 current=1 vframe=557 vs=1 vage=24 vpage=24 vdt=33 vmax=99 vacc=547 vrej=0 seq=2 elapsed=1585 oled=3C
[  11598] STATUS mode=4 fault=none enc=299 denc=2 sreq=400 sapplied=400 crate=400 uimp=236545 upos=4090 uneg=2470 ball=58.18 vball=17.43 aball=-136.0 bref=-50.00 pid=400.0 pref=280.8 ppos=236.5 apid=-0.0 integ=-0.0 vision=1 current=1 vframe=558 vs=1 vage=31 vpage=31 vdt=33 vmax=99 vacc=548 vrej=0 seq=2 elapsed=1625 oled=3C
[  11625] STATUS mode=4 fault=none enc=308 denc=1 sreq=215 sapplied=215 crate=215 uimp=243175 upos=4110 uneg=2470 ball=57.90 vball=9.53 aball=-140.3 bref=-50.00 pid=214.5 pref=264.6 ppos=243.2 apid=-0.0 integ=-0.0 vision=1 current=1 vframe=559 vs=1 vage=17 vpage=17 vdt=34 vmax=99 vacc=549 vrej=0 seq=2 elapsed=1645 oled=3C
[  11652] STATUS mode=4 fault=none enc=312 denc=1 sreq=84 sapplied=84 crate=84 uimp=247160 upos=4130 uneg=2470 ball=57.10 vball=-0.26 aball=-140.3 bref=-50.00 pid=-30.7 pref=244.1 ppos=247.2 apid=-0.0 integ=-0.0 vision=1 current=1 vframe=560 vs=1 vage=4 vpage=4 vdt=33 vmax=99 vacc=550 vrej=0 seq=2 elapsed=1665 oled=3C
[  11680] STATUS mode=4 fault=none enc=313 denc=-1 sreq=-213 sapplied=-213 crate=-213 uimp=246280 upos=4135 uneg=2495 ball=56.11 vball=-9.22 aball=-140.3 bref=-50.00 pid=-213.0 pref=225.0 ppos=246.3 apid=-0.0 integ=-0.0 vision=1 current=1 vframe=561 vs=1 vage=11 vpage=11 vdt=33 vmax=99 vacc=551 vrej=0 seq=2 elapsed=1705 oled=3C
[  11708] STATUS mode=4 fault=none enc=310 denc=-2 sreq=-174 sapplied=-174 crate=-174 uimp=242330 upos=4135 uneg=2515 ball=56.11 vball=-9.22 aball=-140.3 bref=-50.00 pid=-173.5 pref=225.0 ppos=242.3 apid=-0.0 integ=-0.0 vision=1 current=1 vframe=561 vs=1 vage=31 vpage=31 vdt=33 vmax=99 vacc=551 vrej=0 seq=2 elapsed=1725 oled=3C
[  11736] STATUS mode=4 fault=none enc=295 denc=-2 sreq=-400 sapplied=-400 crate=-400 uimp=230730 upos=4135 uneg=2555 ball=53.00 vball=-27.97 aball=-211.1 bref=-50.00 pid=-400.0 pref=183.7 ppos=230.7 apid=-0.0 integ=-0.0 vision=1 current=1 vframe=563 vs=1 vage=4 vpage=4 vdt=33 vmax=99 vacc=553 vrej=0 seq=2 elapsed=1765 oled=3C
[  11764] STATUS mode=4 fault=none enc=285 denc=-2 sreq=-390 sapplied=-390 crate=-390 uimp=222730 upos=4135 uneg=2575 ball=53.00 vball=-27.97 aball=-211.1 bref=-50.00 pid=-389.9 pref=183.7 ppos=222.7 apid=-0.0 integ=-0.0 vision=1 current=1 vframe=563 vs=1 vage=24 vpage=24 vdt=33 vmax=99 vacc=553 vrej=0 seq=2 elapsed=1785 oled=3C
[  11792] STATUS mode=4 fault=none enc=275 denc=-2 sreq=-400 sapplied=-400 crate=-400 uimp=215170 upos=4135 uneg=2595 ball=50.92 vball=-38.32 aball=-211.1 bref=-50.00 pid=-400.0 pref=160.5 ppos=215.2 apid=-0.0 integ=-0.0 vision=1 current=1 vframe=564 vs=1 vage=11 vpage=11 vdt=33 vmax=99 vacc=554 vrej=0 seq=2 elapsed=1805 oled=3C
[  11820] STATUS mode=4 fault=none enc=254 denc=-3 sreq=-400 sapplied=-400 crate=-400 uimp=199170 upos=4135 uneg=2635 ball=48.64 vball=-47.72 aball=-239.8 bref=-50.00 pid=-400.0 pref=139.0 ppos=199.2 apid=-0.0 integ=-0.0 vision=1 current=1 vframe=565 vs=1 vage=17 vpage=17 vdt=34 vmax=99 vacc=555 vrej=0 seq=2 elapsed=1845 oled=3C
[  11848] STATUS mode=4 fault=none enc=244 denc=-3 sreq=-400 sapplied=-400 crate=-400 uimp=191170 upos=4135 uneg=2655 ball=45.54 vball=-60.48 aball=-239.8 bref=-50.00 pid=-400.0 pref=109.8 ppos=191.2 apid=-0.0 integ=-0.0 vision=1 current=1 vframe=566 vs=1 vage=6 vpage=6 vdt=31 vmax=99 vacc=556 vrej=0 seq=2 elapsed=1865 oled=3C
[  11875] STATUS mode=4 fault=none enc=223 denc=-3 sreq=-400 sapplied=-400 crate=-400 uimp=175170 upos=4135 uneg=2695 ball=42.84 vball=-66.59 aball=-239.8 bref=-50.00 pid=-400.0 pref=94.3 ppos=175.2 apid=-0.0 integ=-0.0 vision=1 current=1 vframe=567 vs=1 vage=14 vpage=14 vdt=32 vmax=99 vacc=557 vrej=0 seq=2 elapsed=1905 oled=3C
[  11903] STATUS mode=4 fault=none enc=212 denc=-3 sreq=-400 sapplied=-400 crate=-400 uimp=167170 upos=4135 uneg=2715 ball=42.84 vball=-66.59 aball=-239.8 bref=-50.00 pid=-400.0 pref=94.3 ppos=167.2 apid=-0.0 integ=-0.0 vision=1 current=1 vframe=567 vs=1 vage=34 vpage=34 vdt=32 vmax=99 vacc=557 vrej=0 seq=2 elapsed=1925 oled=3C
[  11931] STATUS mode=4 fault=none enc=202 denc=-3 sreq=-400 sapplied=-400 crate=-400 uimp=159170 upos=4135 uneg=2735 ball=39.44 vball=-78.13 aball=-273.0 bref=-50.00 pid=-400.0 pref=67.2 ppos=159.2 apid=-0.0 integ=-0.0 vision=1 current=1 vframe=568 vs=1 vage=20 vpage=20 vdt=34 vmax=99 vacc=558 vrej=0 seq=2 elapsed=1945 oled=3C
[  11959] STATUS mode=4 fault=none enc=181 denc=-3 sreq=-400 sapplied=-400 crate=-400 uimp=143170 upos=4135 uneg=2775 ball=36.26 vball=-82.78 aball=-273.0 bref=-50.00 pid=-400.0 pref=54.0 ppos=143.2 apid=-0.0 integ=-0.0 vision=1 current=1 vframe=569 vs=1 vage=22 vpage=22 vdt=38 vmax=99 vacc=559 vrej=0 seq=2 elapsed=1985 oled=3C
[  11987] STATUS mode=4 fault=none enc=171 denc=-2 sreq=-400 sapplied=-400 crate=-400 uimp=135170 upos=4135 uneg=2795 ball=33.99 vball=-80.54 aball=-273.0 bref=-50.00 pid=-400.0 pref=55.8 ppos=135.2 apid=-0.0 integ=-0.0 vision=1 current=1 vframe=570 vs=1 vage=11 vpage=11 vdt=31 vmax=99 vacc=560 vrej=0 seq=2 elapsed=2005 oled=3C
[  12015] STATUS mode=4 fault=none enc=151 denc=-2 sreq=-400 sapplied=-400 crate=-400 uimp=119170 upos=4135 uneg=2835 ball=30.64 vball=-89.05 aball=-198.3 bref=-50.00 pid=-400.0 pref=34.8 ppos=119.2 apid=-0.0 integ=-0.0 vision=1 current=1 vframe=571 vs=1 vage=18 vpage=18 vdt=33 vmax=99 vacc=561 vrej=0 seq=2 elapsed=2045 oled=3C
[  12043] STATUS mode=4 fault=none enc=140 denc=-3 sreq=-400 sapplied=-400 crate=-400 uimp=111170 upos=4135 uneg=2855 ball=25.93 vball=-103.47 aball=-198.3 bref=-50.00 pid=-400.0 pref=0.3 ppos=111.2 apid=-0.0 integ=-0.0 vision=1 current=1 vframe=572 vs=1 vage=5 vpage=5 vdt=33 vmax=99 vacc=562 vrej=0 seq=2 elapsed=2065 oled=3C
[  12071] STATUS mode=4 fault=none enc=129 denc=-3 sreq=-400 sapplied=-400 crate=-400 uimp=103170 upos=4135 uneg=2875 ball=25.93 vball=-103.47 aball=-198.3 bref=-50.00 pid=-400.0 pref=0.3 ppos=103.2 apid=-0.0 integ=-0.0 vision=1 current=1 vframe=572 vs=1 vage=25 vpage=25 vdt=33 vmax=99 vacc=562 vrej=0 seq=2 elapsed=2085 oled=3C
[  12098] STATUS mode=4 fault=none enc=109 denc=-2 sreq=-400 sapplied=-400 crate=-400 uimp=87170 upos=4135 uneg=2915 ball=21.88 vball=-109.40 aball=-198.3 bref=-50.00 pid=-400.0 pref=-16.5 ppos=87.2 apid=-0.0 integ=-0.0 vision=1 current=1 vframe=573 vs=1 vage=32 vpage=32 vdt=33 vmax=99 vacc=563 vrej=0 seq=2 elapsed=2125 oled=3C
[  12126] STATUS mode=4 fault=none enc=98 denc=-3 sreq=-400 sapplied=-400 crate=-400 uimp=79170 upos=4135 uneg=2935 ball=18.21 vball=-109.57 aball=-201.4 bref=-50.00 pid=-400.0 pref=-21.2 ppos=79.2 apid=-0.0 integ=-0.0 vision=1 current=1 vframe=574 vs=1 vage=18 vpage=18 vdt=34 vmax=99 vacc=564 vrej=0 seq=2 elapsed=2145 oled=3C
[  12154] STATUS mode=4 fault=none enc=78 denc=-3 sreq=-400 sapplied=-400 crate=-400 uimp=63170 upos=4135 uneg=2975 ball=14.55 vball=-109.29 aball=-201.4 bref=-50.00 pid=-400.0 pref=-21.2 ppos=71.2 apid=-0.0 integ=-0.0 vision=1 current=1 vframe=574 vs=1 vage=38 vpage=38 vdt=34 vmax=99 vacc=564 vrej=0 seq=2 elapsed=2165 oled=3C
[  12182] STATUS mode=4 fault=none enc=68 denc=-2 sreq=-400 sapplied=-400 crate=-400 uimp=55170 upos=4135 uneg=2995 ball=10.94 vball=-110.24 aball=-201.4 bref=-50.00 pid=-400.0 pref=-31.3 ppos=55.2 apid=-0.0 integ=-0.0 vision=1 current=1 vframe=576 vs=1 vage=14 vpage=14 vdt=22 vmax=99 vacc=566 vrej=0 seq=2 elapsed=2205 oled=3C
[  12210] STATUS mode=4 fault=none enc=57 denc=-3 sreq=-400 sapplied=-400 crate=-400 uimp=47170 upos=4135 uneg=3015 ball=10.94 vball=-110.24 aball=-201.4 bref=-50.00 pid=-400.0 pref=-31.3 ppos=47.2 apid=-0.0 integ=-0.0 vision=1 current=1 vframe=576 vs=1 vage=34 vpage=34 vdt=22 vmax=99 vacc=566 vrej=0 seq=2 elapsed=2225 oled=3C
[  12237] STATUS mode=4 fault=none enc=37 denc=-2 sreq=-400 sapplied=-400 crate=-400 uimp=31170 upos=4135 uneg=3055 ball=2.23 vball=-119.62 aball=-141.6 bref=-50.00 pid=-400.0 pref=-60.5 ppos=31.2 apid=-0.0 integ=-0.0 vision=1 current=1 vframe=578 vs=1 vage=5 vpage=5 vdt=34 vmax=99 vacc=568 vrej=0 seq=2 elapsed=2265 oled=3C
[  12265] STATUS mode=4 fault=none enc=26 denc=-3 sreq=-400 sapplied=-400 crate=-400 uimp=23170 upos=4135 uneg=3075 ball=2.23 vball=-119.62 aball=-141.6 bref=-50.00 pid=-400.0 pref=-60.5 ppos=23.2 apid=-0.0 integ=-0.0 vision=1 current=1 vframe=578 vs=1 vage=25 vpage=25 vdt=34 vmax=99 vacc=568 vrej=0 seq=2 elapsed=2285 oled=3C
[  12293] STATUS mode=4 fault=none enc=16 denc=-2 sreq=-400 sapplied=-400 crate=-400 uimp=15170 upos=4135 uneg=3095 ball=-1.46 vball=-117.30 aball=-141.6 bref=-50.00 pid=-400.0 pref=-60.3 ppos=15.2 apid=-0.0 integ=-0.0 vision=1 current=1 vframe=579 vs=1 vage=12 vpage=12 vdt=33 vmax=99 vacc=569 vrej=0 seq=2 elapsed=2305 oled=3C
[  12320] STATUS mode=4 fault=none enc=-4 denc=-2 sreq=-400 sapplied=-400 crate=-400 uimp=-830 upos=4135 uneg=3135 ball=-4.51 vball=-110.08 aball=-49.7 bref=-50.00 pid=-400.0 pref=-49.5 ppos=-0.8 apid=-0.0 integ=-0.0 vision=1 current=1 vframe=580 vs=1 vage=19 vpage=19 vdt=33 vmax=99 vacc=570 vrej=0 seq=2 elapsed=2345 oled=3C
[  12348] STATUS mode=4 fault=none enc=-14 denc=-2 sreq=-400 sapplied=-400 crate=-400 uimp=-8830 upos=4135 uneg=3155 ball=-8.44 vball=-111.53 aball=-49.7 bref=-50.00 pid=-400.0 pref=-57.1 ppos=-8.8 apid=-0.0 integ=-0.0 vision=1 current=1 vframe=581 vs=1 vage=5 vpage=5 vdt=34 vmax=99 vacc=571 vrej=0 seq=2 elapsed=2365 oled=3C
[  12376] STATUS mode=4 fault=none enc=-34 denc=-2 sreq=-322 sapplied=-322 crate=-322 uimp=-24260 upos=4135 uneg=3195 ball=-11.84 vball=-109.19 aball=-49.7 bref=-50.00 pid=-322.4 pref=-56.5 ppos=-24.3 apid=-0.0 integ=-0.0 vision=1 current=1 vframe=582 vs=1 vage=12 vpage=12 vdt=33 vmax=99 vacc=572 vrej=0 seq=2 elapsed=2405 oled=3C
[  12404] STATUS mode=4 fault=none enc=-42 denc=-1 sreq=-263 sapplied=-263 crate=-263 uimp=-30235 upos=4135 uneg=3215 ball=-11.84 vball=-109.19 aball=-49.7 bref=-50.00 pid=-262.7 pref=-56.5 ppos=-30.2 apid=-0.0 integ=-0.0 vision=1 current=1 vframe=582 vs=1 vage=32 vpage=32 vdt=33 vmax=99 vacc=572 vrej=0 seq=2 elapsed=2425 oled=3C
[  12432] STATUS mode=4 fault=none enc=-48 denc=-1 sreq=-260 sapplied=-260 crate=-260 uimp=-35610 upos=4135 uneg=3235 ball=-15.51 vball=-109.56 aball=-25.0 bref=-50.00 pid=-260.4 pref=-61.6 ppos=-35.6 apid=-0.0 integ=-0.0 vision=1 current=1 vframe=583 vs=1 vage=17 vpage=17 vdt=35 vmax=99 vacc=573 vrej=0 seq=2 elapsed=2445 oled=3C
[  12460] STATUS mode=4 fault=none enc=-59 denc=-2 sreq=-171 sapplied=-171 crate=-171 uimp=-44320 upos=4135 uneg=3275 ball=-18.98 vball=-107.34 aball=-25.0 bref=-50.00 pid=-170.5 pref=-61.4 ppos=-44.3 apid=-0.0 integ=-0.0 vision=1 current=1 vframe=584 vs=1 vage=25 vpage=25 vdt=32 vmax=99 vacc=574 vrej=0 seq=2 elapsed=2485 oled=3C
[  12488] STATUS mode=4 fault=none enc=-63 denc=-1 sreq=-140 sapplied=-140 crate=-140 uimp=-47490 upos=4135 uneg=3295 ball=-22.30 vball=-105.41 aball=-25.0 bref=-50.00 pid=-140.1 pref=-61.5 ppos=-47.5 apid=-0.0 integ=-0.0 vision=1 current=1 vframe=585 vs=1 vage=12 vpage=12 vdt=33 vmax=99 vacc=575 vrej=0 seq=2 elapsed=2505 oled=3C
[  12516] STATUS mode=4 fault=none enc=-67 denc=0 sreq=-28 sapplied=-28 crate=-28 uimp=-51130 upos=4135 uneg=3335 ball=-25.15 vball=-99.94 aball=30.4 bref=-50.00 pid=-28.4 pref=-54.0 ppos=-51.1 apid=0.0 integ=-0.0 vision=1 current=1 vframe=586 vs=1 vage=19 vpage=19 vdt=33 vmax=99 vacc=576 vrej=0 seq=2 elapsed=2545 oled=3C
[  12542] STATUS mode=4 fault=none enc=-67 denc=0 sreq=76 sapplied=0 crate=76 uimp=-51655 upos=4135 uneg=3355 ball=-27.78 vball=-93.02 aball=30.4 bref=-50.00 pid=83.6 pref=-43.3 ppos=-51.7 apid=0.0 integ=-0.0 vision=1 current=1 vframe=587 vs=1 vage=4 vpage=4 vdt=35 vmax=99 vacc=577 vrej=0 seq=2 elapsed=2565 oled=3C
[  12569] STATUS mode=4 fault=none enc=-67 denc=1 sreq=72 sapplied=72 crate=72 uimp=-50465 upos=4150 uneg=3355 ball=-27.78 vball=-93.02 aball=30.4 bref=-50.00 pid=71.7 pref=-43.3 ppos=-50.5 apid=0.0 integ=-0.0 vision=1 current=1 vframe=587 vs=1 vage=24 vpage=24 vdt=35 vmax=99 vacc=577 vrej=0 seq=2 elapsed=2585 oled=3C
[  12597] STATUS mode=4 fault=none enc=-75 denc=-3 sreq=-400 sapplied=-400 crate=-400 uimp=-57245 upos=4160 uneg=3380 ball=-30.23 vball=-87.94 aball=30.4 bref=-50.00 pid=-400.0 pref=-120.1 ppos=-57.2 apid=0.0 integ=-0.0 vision=1 current=0 vframe=589 vs=0 vage=34 vpage=1 vdt=30 vmax=99 vacc=578 vrej=0 seq=2 elapsed=2625 oled=3C
[  12625] STATUS mode=4 fault=none enc=-84 denc=-2 sreq=-400 sapplied=-400 crate=-400 uimp=-65245 upos=4160 uneg=3400 ball=-30.23 vball=-87.94 aball=30.4 bref=-50.00 pid=-400.0 pref=-120.1 ppos=-65.2 apid=0.0 integ=-0.0 vision=1 current=0 vframe=589 vs=0 vage=54 vpage=21 vdt=30 vmax=99 vacc=578 vrej=0 seq=2 elapsed=2645 oled=3C
[  12653] STATUS mode=4 fault=none enc=-94 denc=-2 sreq=-400 sapplied=-400 crate=-400 uimp=-73245 upos=4160 uneg=3420 ball=-35.74 vball=-89.07 aball=53.8 bref=-50.00 pid=-400.0 pref=-128.9 ppos=-73.2 apid=0.0 integ=-0.0 vision=1 current=1 vframe=590 vs=1 vage=7 vpage=7 vdt=67 vmax=99 vacc=579 vrej=0 seq=2 elapsed=2665 oled=3C
[  12681] STATUS mode=4 fault=none enc=-115 denc=-3 sreq=-251 sapplied=-251 crate=-251 uimp=-88745 upos=4160 uneg=3460 ball=-37.71 vball=-80.35 aball=53.8 bref=-50.00 pid=-251.2 pref=-113.9 ppos=-88.7 apid=0.0 integ=-0.0 vision=1 current=1 vframe=591 vs=1 vage=13 vpage=13 vdt=34 vmax=99 vacc=580 vrej=0 seq=2 elapsed=2705 oled=3C
[  12709] STATUS mode=4 fault=none enc=-120 denc=-1 sreq=-205 sapplied=-205 crate=-205 uimp=-93405 upos=4160 uneg=3480 ball=-37.71 vball=-80.35 aball=53.8 bref=-50.00 pid=-204.6 pref=-113.9 ppos=-93.4 apid=0.0 integ=-0.0 vision=1 current=1 vframe=591 vs=1 vage=33 vpage=33 vdt=34 vmax=99 vacc=580 vrej=0 seq=2 elapsed=2725 oled=3C
[  12736] STATUS mode=4 fault=none enc=-122 denc=0 sreq=75 sapplied=0 crate=75 uimp=-95800 upos=4160 uneg=3520 ball=-40.70 vball=-62.00 aball=150.2 bref=-50.00 pid=150.5 pref=-80.8 ppos=-95.8 apid=0.0 integ=-0.0 vision=1 current=1 vframe=593 vs=1 vage=6 vpage=6 vdt=34 vmax=99 vacc=582 vrej=0 seq=2 elapsed=2765 oled=3C
[  12763] STATUS mode=4 fault=none enc=-122 denc=0 sreq=129 sapplied=129 crate=129 uimp=-93655 upos=4175 uneg=3520 ball=-40.70 vball=-62.00 aball=150.2 bref=-50.00 pid=129.0 pref=-80.8 ppos=-93.7 apid=0.0 integ=-0.0 vision=1 current=1 vframe=593 vs=1 vage=26 vpage=26 vdt=34 vmax=99 vacc=582 vrej=0 seq=2 elapsed=2785 oled=3C
[  12791] STATUS mode=4 fault=none enc=-119 denc=1 sreq=228 sapplied=228 crate=228 uimp=-90735 upos=4195 uneg=3520 ball=-41.95 vball=-54.85 aball=150.2 bref=-50.00 pid=227.8 pref=-68.0 ppos=-90.7 apid=0.0 integ=-0.0 vision=1 current=1 vframe=594 vs=1 vage=13 vpage=13 vdt=33 vmax=99 vacc=583 vrej=0 seq=2 elapsed=2805 oled=3C
[  12818] STATUS mode=4 fault=none enc=-106 denc=2 sreq=277 sapplied=277 crate=277 uimp=-81160 upos=4235 uneg=3520 ball=-42.90 vball=-47.05 aball=150.2 bref=-50.00 pid=276.7 pref=-53.5 ppos=-81.2 apid=0.0 integ=-0.0 vision=1 current=1 vframe=595 vs=1 vage=20 vpage=20 vdt=33 vmax=99 vacc=584 vrej=0 seq=2 elapsed=2845 oled=3C
[  12846] STATUS mode=4 fault=none enc=-99 denc=2 sreq=337 sapplied=337 crate=337 uimp=-76025 upos=4255 uneg=3520 ball=-43.16 vball=-35.32 aball=202.7 bref=-50.00 pid=400.0 pref=-30.3 ppos=-76.0 apid=0.0 integ=-0.0 vision=1 current=1 vframe=596 vs=1 vage=6 vpage=6 vdt=34 vmax=99 vacc=585 vrej=0 seq=2 elapsed=2865 oled=3C
[  12873] STATUS mode=4 fault=none enc=-89 denc=3 sreq=380 sapplied=380 crate=380 uimp=-68340 upos=4275 uneg=3520 ball=-43.16 vball=-35.32 aball=202.7 bref=-50.00 pid=379.9 pref=-30.3 ppos=-68.3 apid=0.0 integ=-0.0 vision=1 current=1 vframe=596 vs=1 vage=26 vpage=26 vdt=34 vmax=99 vacc=585 vrej=0 seq=2 elapsed=2885 oled=3C
[  12901] STATUS mode=4 fault=none enc=-71 denc=2 sreq=400 sapplied=400 crate=400 uimp=-52920 upos=4315 uneg=3520 ball=-43.09 vball=-24.36 aball=202.7 bref=-50.00 pid=400.0 pref=-8.3 ppos=-52.9 apid=0.0 integ=-0.0 vision=1 current=1 vframe=597 vs=1 vage=33 vpage=33 vdt=33 vmax=99 vacc=586 vrej=0 seq=2 elapsed=2925 oled=3C
[  12928] STATUS mode=4 fault=none enc=-60 denc=3 sreq=400 sapplied=400 crate=400 uimp=-44920 upos=4335 uneg=3520 ball=-42.75 vball=-14.02 aball=202.7 bref=-50.00 pid=400.0 pref=12.7 ppos=-44.9 apid=0.0 integ=-0.0 vision=1 current=1 vframe=598 vs=1 vage=20 vpage=20 vdt=33 vmax=99 vacc=587 vrej=0 seq=2 elapsed=2945 oled=3C
[  12955] STATUS mode=4 fault=none enc=-40 denc=3 sreq=400 sapplied=400 crate=400 uimp=-28920 upos=4375 uneg=3520 ball=-41.93 vball=-2.54 aball=259.0 bref=-50.00 pid=400.0 pref=36.7 ppos=-28.9 apid=0.0 integ=-0.0 vision=1 current=1 vframe=599 vs=1 vage=26 vpage=26 vdt=34 vmax=99 vacc=588 vrej=0 seq=2 elapsed=2985 oled=3C
[  12982] STATUS mode=4 fault=none enc=-30 denc=3 sreq=400 sapplied=400 crate=400 uimp=-20920 upos=4395 uneg=3520 ball=-40.73 vball=8.98 aball=259.0 bref=-50.00 pid=400.0 pref=61.2 ppos=-20.9 apid=0.0 integ=-0.0 vision=1 current=1 vframe=600 vs=1 vage=12 vpage=12 vdt=34 vmax=99 vacc=589 vrej=0 seq=2 elapsed=3005 oled=3C
[  13010] STATUS mode=4 fault=none enc=-19 denc=3 sreq=400 sapplied=400 crate=400 uimp=-12920 upos=4415 uneg=3520 ball=-40.73 vball=8.98 aball=259.0 bref=-50.00 pid=400.0 pref=61.2 ppos=-12.9 apid=0.0 integ=-0.0 vision=1 current=1 vframe=600 vs=1 vage=32 vpage=32 vdt=34 vmax=99 vacc=589 vrej=0 seq=2 elapsed=3025 oled=3C
[  13036] STATUS mode=4 fault=none enc=1 denc=2 sreq=400 sapplied=400 crate=400 uimp=3080 upos=4455 uneg=3520 ball=-38.32 vball=23.33 aball=258.9 bref=-50.00 pid=400.0 pref=92.8 ppos=3.1 apid=0.0 integ=-0.0 vision=1 current=1 vframe=602 vs=1 vage=6 vpage=6 vdt=33 vmax=99 vacc=591 vrej=0 seq=2 elapsed=3065 oled=3C
[  13063] STATUS mode=4 fault=none enc=11 denc=2 sreq=400 sapplied=400 crate=400 uimp=11080 upos=4475 uneg=3520 ball=-38.32 vball=23.33 aball=258.9 bref=-50.00 pid=400.0 pref=92.8 ppos=11.1 apid=0.0 integ=-0.0 vision=1 current=1 vframe=602 vs=1 vage=26 vpage=26 vdt=33 vmax=99 vacc=591 vrej=0 seq=2 elapsed=3085 oled=3C
[  13090] STATUS mode=4 fault=none enc=21 denc=2 sreq=400 sapplied=400 crate=400 uimp=19080 upos=4495 uneg=3520 ball=-36.77 vball=29.86 aball=258.9 bref=-50.00 pid=400.0 pref=107.7 ppos=19.1 apid=0.0 integ=-0.0 vision=1 current=1 vframe=603 vs=1 vage=13 vpage=13 vdt=33 vmax=99 vacc=592 vrej=0 seq=2 elapsed=3105 oled=3C
[  13117] STATUS mode=4 fault=none enc=42 denc=2 sreq=400 sapplied=400 crate=400 uimp=35080 upos=4535 uneg=3520 ball=-35.03 vball=36.67 aball=258.9 bref=-50.00 pid=400.0 pref=123.4 ppos=35.1 apid=0.0 integ=-0.0 vision=1 current=1 vframe=604 vs=1 vage=20 vpage=20 vdt=33 vmax=99 vacc=593 vrej=0 seq=2 elapsed=3145 oled=3C
[  13144] STATUS mode=4 fault=none enc=52 denc=2 sreq=400 sapplied=400 crate=400 uimp=43080 upos=4555 uneg=3520 ball=-33.33 vball=40.48 aball=220.3 bref=-50.00 pid=400.0 pref=133.0 ppos=43.1 apid=0.0 integ=-0.0 vision=1 current=1 vframe=605 vs=1 vage=7 vpage=7 vdt=33 vmax=99 vacc=594 vrej=0 seq=2 elapsed=3165 oled=3C
[  13171] STATUS mode=4 fault=none enc=63 denc=3 sreq=400 sapplied=400 crate=400 uimp=51080 upos=4575 uneg=3520 ball=-33.33 vball=40.48 aball=220.3 bref=-50.00 pid=400.0 pref=133.0 ppos=51.1 apid=0.0 integ=-0.0 vision=1 current=1 vframe=605 vs=1 vage=27 vpage=27 vdt=33 vmax=99 vacc=594 vrej=0 seq=2 elapsed=3185 oled=3C
[  13199] STATUS mode=4 fault=none enc=83 denc=2 sreq=400 sapplied=400 crate=400 uimp=67080 upos=4615 uneg=3520 ball=-31.71 vball=43.15 aball=220.3 bref=-50.00 pid=400.0 pref=140.3 ppos=67.1 apid=0.0 integ=-0.0 vision=1 current=1 vframe=606 vs=1 vage=33 vpage=33 vdt=34 vmax=99 vacc=595 vrej=0 seq=2 elapsed=3225 oled=3C
[  13226] STATUS mode=4 fault=none enc=94 denc=3 sreq=400 sapplied=400 crate=400 uimp=75080 upos=4635 uneg=3520 ball=-29.95 vball=46.28 aball=220.3 bref=-50.00 pid=400.0 pref=232.7 ppos=75.1 apid=0.0 integ=-0.0 vision=1 current=1 vframe=607 vs=1 vage=20 vpage=20 vdt=33 vmax=99 vacc=596 vrej=0 seq=2 elapsed=3245 oled=3C
[  13253] STATUS mode=4 fault=none enc=104 denc=2 sreq=400 sapplied=400 crate=400 uimp=83080 upos=4655 uneg=3520 ball=-29.95 vball=46.28 aball=220.3 bref=-50.00 pid=400.0 pref=232.7 ppos=83.1 apid=0.0 integ=-0.0 vision=1 current=1 vframe=607 vs=1 vage=40 vpage=40 vdt=33 vmax=99 vacc=596 vrej=0 seq=2 elapsed=3265 oled=3C
[  13280] STATUS mode=4 fault=none enc=124 denc=2 sreq=400 sapplied=400 crate=400 uimp=99080 upos=4695 uneg=3520 ball=-27.97 vball=39.54 aball=127.9 bref=-50.00 pid=400.0 pref=221.6 ppos=99.1 apid=0.0 integ=-0.0 vision=1 current=1 vframe=609 vs=1 vage=12 vpage=12 vdt=28 vmax=99 vacc=598 vrej=0 seq=2 elapsed=3305 oled=3C
[  13307] STATUS mode=4 fault=none enc=135 denc=3 sreq=400 sapplied=400 crate=400 uimp=107080 upos=4715 uneg=3520 ball=-27.97 vball=39.54 aball=127.9 bref=-50.00 pid=400.0 pref=221.6 ppos=107.1 apid=0.0 integ=-0.0 vision=1 current=1 vframe=609 vs=1 vage=32 vpage=32 vdt=28 vmax=99 vacc=598 vrej=0 seq=2 elapsed=3325 oled=3C
[  13335] STATUS mode=4 fault=none enc=156 denc=2 sreq=400 sapplied=400 crate=400 uimp=123080 upos=4755 uneg=3520 ball=-23.24 vball=56.11 aball=136.8 bref=-50.00 pid=400.0 pref=260.4 ppos=123.1 apid=0.0 integ=-0.0 vision=1 current=1 vframe=611 vs=1 vage=5 vpage=5 vdt=33 vmax=99 vacc=600 vrej=0 seq=2 elapsed=3365 oled=3C
[  13362] STATUS mode=4 fault=none enc=166 denc=2 sreq=400 sapplied=400 crate=400 uimp=131080 upos=4775 uneg=3520 ball=-23.24 vball=56.11 aball=136.8 bref=-50.00 pid=400.0 pref=260.4 ppos=131.1 apid=0.0 integ=-0.0 vision=1 current=1 vframe=611 vs=1 vage=25 vpage=25 vdt=33 vmax=99 vacc=600 vrej=0 seq=2 elapsed=3385 oled=3C
[  13389] STATUS mode=4 fault=none enc=176 denc=2 sreq=400 sapplied=400 crate=400 uimp=139080 upos=4795 uneg=3520 ball=-21.36 vball=55.89 aball=136.8 bref=-50.00 pid=400.0 pref=262.2 ppos=139.1 apid=0.0 integ=-0.0 vision=1 current=1 vframe=612 vs=1 vage=12 vpage=12 vdt=33 vmax=99 vacc=601 vrej=0 seq=2 elapsed=3405 oled=3C
[  13417] STATUS mode=4 fault=none enc=197 denc=2 sreq=400 sapplied=400 crate=400 uimp=155080 upos=4835 uneg=3520 ball=-19.60 vball=55.14 aball=136.8 bref=-50.00 pid=400.0 pref=262.8 ppos=155.1 apid=0.0 integ=-0.0 vision=1 current=1 vframe=613 vs=1 vage=18 vpage=18 vdt=34 vmax=99 vacc=602 vrej=0 seq=2 elapsed=3445 oled=3C
[  13444] STATUS mode=4 fault=none enc=207 denc=2 sreq=400 sapplied=400 crate=400 uimp=163080 upos=4855 uneg=3520 ball=-18.01 vball=52.67 aball=59.6 bref=-50.00 pid=400.0 pref=259.8 ppos=163.1 apid=0.0 integ=-0.0 vision=1 current=1 vframe=614 vs=1 vage=6 vpage=6 vdt=32 vmax=99 vacc=603 vrej=0 seq=2 elapsed=3465 oled=3C
[  13471] STATUS mode=4 fault=none enc=218 denc=3 sreq=400 sapplied=400 crate=400 uimp=171080 upos=4875 uneg=3520 ball=-18.01 vball=52.67 aball=59.6 bref=-50.00 pid=400.0 pref=259.8 ppos=171.1 apid=0.0 integ=-0.0 vision=1 current=1 vframe=614 vs=1 vage=26 vpage=26 vdt=32 vmax=99 vacc=603 vrej=0 seq=2 elapsed=3485 oled=3C
[  13498] STATUS mode=4 fault=none enc=239 denc=3 sreq=400 sapplied=400 crate=400 uimp=187080 upos=4915 uneg=3520 ball=-16.76 vball=47.87 aball=59.6 bref=-50.00 pid=400.0 pref=251.7 ppos=187.1 apid=0.0 integ=-0.0 vision=1 current=1 vframe=615 vs=1 vage=33 vpage=33 vdt=33 vmax=99 vacc=604 vrej=0 seq=2 elapsed=3525 oled=3C
[  13526] STATUS mode=4 fault=none enc=249 denc=2 sreq=400 sapplied=400 crate=400 uimp=195080 upos=4935 uneg=3520 ball=-15.37 vball=46.30 aball=59.6 bref=-50.00 pid=400.0 pref=250.2 ppos=195.1 apid=0.0 integ=-0.0 vision=1 current=1 vframe=616 vs=1 vage=19 vpage=19 vdt=34 vmax=99 vacc=605 vrej=0 seq=2 elapsed=3545 oled=3C
[  13553] STATUS mode=4 fault=none enc=259 denc=2 sreq=324 sapplied=324 crate=324 uimp=203080 upos=4955 uneg=3520 ball=-14.69 vball=38.49 aball=-31.0 bref=-50.00 pid=323.6 pref=235.4 ppos=203.1 apid=-0.0 integ=-0.0 vision=1 current=1 vframe=617 vs=1 vage=6 vpage=6 vdt=33 vmax=99 vacc=606 vrej=0 seq=2 elapsed=3565 oled=3C
[  13581] STATUS mode=4 fault=none enc=273 denc=1 sreq=201 sapplied=201 crate=201 uimp=213895 upos=4995 uneg=3520 ball=-13.57 vball=37.08 aball=-31.0 bref=-50.00 pid=200.7 pref=234.0 ppos=213.9 apid=-0.0 integ=-0.0 vision=1 current=1 vframe=618 vs=1 vage=13 vpage=13 vdt=33 vmax=99 vacc=607 vrej=0 seq=2 elapsed=3605 oled=3C
[  13608] STATUS mode=4 fault=none enc=277 denc=0 sreq=163 sapplied=163 crate=163 uimp=217620 upos=5015 uneg=3520 ball=-12.89 vball=32.16 aball=-31.0 bref=-50.00 pid=163.4 pref=234.0 ppos=217.6 apid=-0.0 integ=-0.0 vision=1 current=1 vframe=619 vs=1 vage=1 vpage=1 vdt=32 vmax=99 vacc=608 vrej=0 seq=2 elapsed=3625 oled=3C
[  13635] STATUS mode=4 fault=none enc=281 denc=0 sreq=-52 sapplied=0 crate=-52 uimp=220400 upos=5055 uneg=3520 ball=-12.81 vball=23.32 aball=-86.7 bref=-50.00 pid=-130.5 pref=207.4 ppos=220.4 apid=-0.0 integ=-0.0 vision=1 current=1 vframe=620 vs=1 vage=8 vpage=8 vdt=33 vmax=99 vacc=609 vrej=0 seq=2 elapsed=3665 oled=3C
[  13663] STATUS mode=4 fault=none enc=281 denc=0 sreq=-112 sapplied=-112 crate=-112 uimp=218540 upos=5055 uneg=3535 ball=-12.81 vball=23.32 aball=-86.7 bref=-50.00 pid=-111.9 pref=207.4 ppos=218.5 apid=-0.0 integ=-0.0 vision=1 current=1 vframe=620 vs=1 vage=28 vpage=28 vdt=33 vmax=99 vacc=609 vrej=0 seq=2 elapsed=3685 oled=3C
[  13691] STATUS mode=4 fault=none enc=277 denc=-2 sreq=-247 sapplied=-247 crate=-247 uimp=215940 upos=5055 uneg=3555 ball=-12.93 vball=15.36 aball=-86.7 bref=-50.00 pid=-246.5 pref=191.3 ppos=215.9 apid=-0.0 integ=-0.0 vision=1 current=1 vframe=621 vs=1 vage=11 vpage=11 vdt=37 vmax=99 vacc=610 vrej=0 seq=2 elapsed=3705 oled=3C
[  13719] STATUS mode=4 fault=none enc=265 denc=-1 sreq=-262 sapplied=-262 crate=-262 uimp=206030 upos=5055 uneg=3595 ball=-13.06 vball=9.71 aball=-86.7 bref=-50.00 pid=-262.0 pref=179.8 ppos=206.0 apid=-0.0 integ=-0.0 vision=1 current=1 vframe=622 vs=1 vage=20 vpage=20 vdt=31 vmax=99 vacc=611 vrej=0 seq=2 elapsed=3745 oled=3C
[  13746] STATUS mode=4 fault=none enc=258 denc=-1 sreq=-213 sapplied=-213 crate=-213 uimp=201170 upos=5055 uneg=3615 ball=-13.06 vball=9.71 aball=-86.7 bref=-50.00 pid=-213.4 pref=179.8 ppos=201.2 apid=-0.0 integ=-0.0 vision=1 current=0 vframe=623 vs=0 vage=40 vpage=6 vdt=31 vmax=99 vacc=611 vrej=0 seq=2 elapsed=3765 oled=3C
[  13774] STATUS mode=4 fault=none enc=253 denc=-2 sreq=-174 sapplied=-174 crate=-174 uimp=197210 upos=5055 uneg=3635 ball=-13.06 vball=9.71 aball=-86.7 bref=-50.00 pid=-173.8 pref=179.8 ppos=197.2 apid=-0.0 integ=-0.0 vision=1 current=0 vframe=623 vs=0 vage=60 vpage=26 vdt=31 vmax=99 vacc=611 vrej=0 seq=2 elapsed=3785 oled=3C
[  13802] STATUS mode=4 fault=none enc=246 denc=0 sreq=-143 sapplied=-143 crate=-143 uimp=190545 upos=5055 uneg=3675 ball=-12.70 vball=7.70 aball=-99.8 bref=-50.00 pid=-143.0 pref=176.2 ppos=190.5 apid=-0.0 integ=-0.0 vision=1 current=1 vframe=624 vs=1 vage=33 vpage=33 vdt=67 vmax=99 vacc=612 vrej=0 seq=2 elapsed=3825 oled=3C
[  13830] STATUS mode=4 fault=none enc=239 denc=-3 sreq=-278 sapplied=-278 crate=-278 uimp=186510 upos=5055 uneg=3695 ball=-13.37 vball=-0.65 aball=-99.8 bref=-50.00 pid=-277.7 pref=158.7 ppos=186.5 apid=-0.0 integ=-0.0 vision=1 current=1 vframe=625 vs=1 vage=18 vpage=18 vdt=35 vmax=99 vacc=613 vrej=0 seq=2 elapsed=3845 oled=3C
[  13858] STATUS mode=4 fault=none enc=223 denc=-2 sreq=-335 sapplied=-335 crate=-335 uimp=174085 upos=5055 uneg=3735 ball=-14.35 vball=-9.16 aball=-99.8 bref=-50.00 pid=-335.4 pref=140.5 ppos=174.1 apid=-0.0 integ=-0.0 vision=1 current=1 vframe=626 vs=1 vage=26 vpage=26 vdt=32 vmax=99 vacc=614 vrej=0 seq=2 elapsed=3885 oled=3C
[  13886] STATUS mode=4 fault=none enc=214 denc=-2 sreq=-389 sapplied=-389 crate=-389 uimp=167300 upos=5055 uneg=3755 ball=-15.30 vball=-14.64 aball=-155.4 bref=-50.00 pid=-388.6 pref=128.4 ppos=167.3 apid=-0.0 integ=-0.0 vision=1 current=1 vframe=627 vs=1 vage=13 vpage=13 vdt=33 vmax=99 vacc=615 vrej=0 seq=2 elapsed=3905 oled=3C
[  13914] STATUS mode=4 fault=none enc=205 denc=-1 sreq=-316 sapplied=-316 crate=-316 uimp=160090 upos=5055 uneg=3775 ball=-15.30 vball=-14.64 aball=-155.4 bref=-50.00 pid=-316.5 pref=128.4 ppos=160.1 apid=-0.0 integ=-0.0 vision=1 current=1 vframe=627 vs=1 vage=33 vpage=33 vdt=33 vmax=99 vacc=615 vrej=0 seq=2 elapsed=3925 oled=3C
[  13941] STATUS mode=4 fault=none enc=187 denc=-1 sreq=-398 sapplied=-398 crate=-398 uimp=146295 upos=5055 uneg=3815 ball=-17.95 vball=-28.11 aball=-155.4 bref=-50.00 pid=-400.0 pref=98.3 ppos=146.3 apid=-0.0 integ=-0.0 vision=1 current=1 vframe=629 vs=1 vage=6 vpage=6 vdt=33 vmax=99 vacc=617 vrej=0 seq=2 elapsed=3965 oled=3C
[  13969] STATUS mode=4 fault=none enc=176 denc=-3 sreq=-400 sapplied=-400 crate=-400 uimp=138305 upos=5055 uneg=3835 ball=-17.95 vball=-28.11 aball=-155.4 bref=-50.00 pid=-399.8 pref=98.3 ppos=138.3 apid=-0.0 integ=-0.0 vision=1 current=1 vframe=629 vs=1 vage=26 vpage=26 vdt=33 vmax=99 vacc=617 vrej=0 seq=2 elapsed=3985 oled=3C
[  13997] STATUS mode=4 fault=none enc=158 denc=-2 sreq=-296 sapplied=-296 crate=-296 uimp=123945 upos=5055 uneg=3875 ball=-19.07 vball=-29.43 aball=-151.4 bref=-50.00 pid=-296.0 pref=94.3 ppos=123.9 apid=-0.0 integ=-0.0 vision=1 current=1 vframe=630 vs=1 vage=32 vpage=32 vdt=34 vmax=99 vacc=618 vrej=0 seq=2 elapsed=4025 oled=3C
[  14025] STATUS mode=4 fault=none enc=149 denc=-3 sreq=-293 sapplied=-293 crate=-293 uimp=117585 upos=5055 uneg=3895 ball=-20.30 vball=-31.73 aball=-151.4 bref=-50.00 pid=-293.2 pref=88.3 ppos=117.6 apid=-0.0 integ=-0.0 vision=1 current=1 vframe=631 vs=1 vage=19 vpage=19 vdt=33 vmax=99 vacc=619 vrej=0 seq=2 elapsed=4045 oled=3C
[  14053] STATUS mode=4 fault=none enc=143 denc=-1 sreq=-317 sapplied=-317 crate=-317 uimp=112145 upos=5055 uneg=3915 ball=-21.73 vball=-34.78 aball=-151.4 bref=-50.00 pid=-317.0 pref=80.4 ppos=112.1 apid=-0.0 integ=-0.0 vision=1 current=1 vframe=632 vs=1 vage=6 vpage=6 vdt=33 vmax=99 vacc=620 vrej=0 seq=2 elapsed=4065 oled=3C
[  14081] STATUS mode=4 fault=none enc=128 denc=-1 sreq=-204 sapplied=-204 crate=-204 uimp=101510 upos=5055 uneg=3955 ball=-22.72 vball=-33.88 aball=-103.3 bref=-50.00 pid=-204.5 pref=81.1 ppos=101.5 apid=-0.0 integ=-0.0 vision=1 current=1 vframe=633 vs=1 vage=12 vpage=12 vdt=34 vmax=99 vacc=621 vrej=0 seq=2 elapsed=4105 oled=3C
[  14109] STATUS mode=4 fault=none enc=123 denc=-1 sreq=-167 sapplied=-167 crate=-167 uimp=97720 upos=5055 uneg=3975 ball=-22.72 vball=-33.88 aball=-103.3 bref=-50.00 pid=-166.6 pref=81.1 ppos=97.7 apid=-0.0 integ=-0.0 vision=1 current=1 vframe=633 vs=1 vage=32 vpage=32 vdt=34 vmax=99 vacc=621 vrej=0 seq=2 elapsed=4125 oled=3C
[  14137] STATUS mode=4 fault=none enc=109 denc=-1 sreq=-297 sapplied=-297 crate=-297 uimp=86125 upos=5055 uneg=4015 ball=-26.40 vball=-44.01 aball=-103.3 bref=-50.00 pid=-297.4 pref=56.4 ppos=86.1 apid=-0.0 integ=-0.0 vision=1 current=1 vframe=635 vs=1 vage=7 vpage=7 vdt=32 vmax=99 vacc=623 vrej=0 seq=2 elapsed=4165 oled=3C
[  14164] STATUS mode=4 fault=none enc=102 denc=-1 sreq=-242 sapplied=-242 crate=-242 uimp=80610 upos=5055 uneg=4035 ball=-26.40 vball=-44.01 aball=-103.3 bref=-50.00 pid=-242.3 pref=56.4 ppos=80.6 apid=-0.0 integ=-0.0 vision=1 current=1 vframe=635 vs=1 vage=27 vpage=27 vdt=32 vmax=99 vacc=623 vrej=0 seq=2 elapsed=4185 oled=3C
[  14192] STATUS mode=4 fault=none enc=96 denc=-1 sreq=-264 sapplied=-264 crate=-264 uimp=76115 upos=5055 uneg=4055 ball=-28.22 vball=-46.27 aball=-110.4 bref=-50.00 pid=-264.3 pref=49.7 ppos=76.1 apid=-0.0 integ=-0.0 vision=1 current=1 vframe=636 vs=1 vage=8 vpage=8 vdt=39 vmax=99 vacc=624 vrej=0 seq=2 elapsed=4205 oled=3C
[  14220] STATUS mode=4 fault=none enc=85 denc=-1 sreq=-146 sapplied=-146 crate=-146 uimp=67530 upos=5055 uneg=4095 ball=-29.25 vball=-44.05 aball=-110.4 bref=-50.00 pid=-146.5 pref=52.9 ppos=67.5 apid=-0.0 integ=-0.0 vision=1 current=1 vframe=637 vs=1 vage=17 vpage=17 vdt=31 vmax=99 vacc=625 vrej=0 seq=2 elapsed=4245 oled=3C
[  14247] STATUS mode=4 fault=none enc=83 denc=0 sreq=-32 sapplied=-32 crate=-32 uimp=65740 upos=5055 uneg=4115 ball=-29.51 vball=-39.06 aball=-110.4 bref=-50.00 pid=-31.9 pref=62.6 ppos=65.7 apid=-0.0 integ=-0.0 vision=1 current=1 vframe=638 vs=1 vage=16 vpage=16 vdt=21 vmax=99 vacc=626 vrej=0 seq=2 elapsed=4265 oled=3C
[  14274] STATUS mode=4 fault=none enc=83 denc=0 sreq=-127 sapplied=-127 crate=-127 uimp=65150 upos=5055 uneg=4135 ball=-31.64 vball=-48.59 aball=-73.8 bref=-50.00 pid=-400.0 pref=-43.1 ppos=65.2 apid=-0.0 integ=-0.0 vision=1 current=1 vframe=639 vs=1 vage=8 vpage=8 vdt=28 vmax=99 vacc=627 vrej=0 seq=2 elapsed=4285 oled=3C
[  14302] STATUS mode=4 fault=none enc=65 denc=-3 sreq=-400 sapplied=-400 crate=-400 uimp=51745 upos=5055 uneg=4175 ball=-33.45 vball=-48.97 aball=-73.8 bref=-50.00 pid=-400.0 pref=-43.1 ppos=51.7 apid=-0.0 integ=-0.0 vision=1 current=1 vframe=640 vs=1 vage=2 vpage=2 vdt=46 vmax=99 vacc=628 vrej=0 seq=2 elapsed=4325 oled=3C
[  14330] STATUS mode=4 fault=none enc=54 denc=-3 sreq=-400 sapplied=-400 crate=-400 uimp=43745 upos=5055 uneg=4195 ball=-34.36 vball=-47.77 aball=-73.8 bref=-50.00 pid=-400.0 pref=-44.7 ppos=43.7 apid=-0.0 integ=-0.0 vision=1 current=1 vframe=641 vs=1 vage=8 vpage=8 vdt=14 vmax=99 vacc=629 vrej=0 seq=2 elapsed=4345 oled=3C
[  14357] STATUS mode=4 fault=none enc=34 denc=-3 sreq=-400 sapplied=-400 crate=-400 uimp=27745 upos=5055 uneg=4235 ball=-36.18 vball=-51.67 aball=-56.2 bref=-50.00 pid=-400.0 pref=-54.7 ppos=27.7 apid=-0.0 integ=-0.0 vision=1 current=1 vframe=642 vs=1 vage=19 vpage=19 vdt=29 vmax=99 vacc=630 vrej=0 seq=2 elapsed=4385 oled=3C
[  14385] STATUS mode=4 fault=none enc=24 denc=-2 sreq=-400 sapplied=-400 crate=-400 uimp=19745 upos=5055 uneg=4255 ball=-37.24 vball=-47.22 aball=-56.2 bref=-50.00 pid=-400.0 pref=-47.0 ppos=19.7 apid=-0.0 integ=-0.0 vision=1 current=1 vframe=643 vs=1 vage=12 vpage=12 vdt=27 vmax=99 vacc=631 vrej=0 seq=2 elapsed=4405 oled=3C
[  14413] STATUS mode=4 fault=none enc=13 denc=-3 sreq=-400 sapplied=-400 crate=-400 uimp=11745 upos=5055 uneg=4275 ball=-37.24 vball=-47.22 aball=-56.2 bref=-50.00 pid=-400.0 pref=-47.0 ppos=11.7 apid=-0.0 integ=-0.0 vision=1 current=1 vframe=643 vs=1 vage=32 vpage=32 vdt=27 vmax=99 vacc=631 vrej=0 seq=2 elapsed=4425 oled=3C
[  14440] STATUS mode=4 fault=none enc=-7 denc=-3 sreq=-340 sapplied=-340 crate=-340 uimp=-4235 upos=5055 uneg=4315 ball=-39.61 vball=-41.37 aball=18.4 bref=-50.00 pid=-339.5 pref=-38.2 ppos=-4.2 apid=0.0 integ=-0.0 vision=1 current=1 vframe=645 vs=1 vage=5 vpage=5 vdt=34 vmax=99 vacc=633 vrej=0 seq=2 elapsed=4465 oled=3C
[  14468] STATUS mode=4 fault=none enc=-14 denc=-1 sreq=-277 sapplied=-277 crate=-277 uimp=-10535 upos=5055 uneg=4335 ball=-39.61 vball=-41.37 aball=18.4 bref=-50.00 pid=-276.5 pref=-38.2 ppos=-10.5 apid=0.0 integ=-0.0 vision=1 current=1 vframe=645 vs=1 vage=25 vpage=25 vdt=34 vmax=99 vacc=633 vrej=0 seq=2 elapsed=4485 oled=3C
[  14496] STATUS mode=4 fault=none enc=-25 denc=-2 sreq=-125 sapplied=-125 crate=-125 uimp=-18125 upos=5055 uneg=4375 ball=-40.52 vball=-37.03 aball=18.4 bref=-50.00 pid=-124.7 pref=-30.6 ppos=-18.1 apid=0.0 integ=-0.0 vision=1 current=1 vframe=646 vs=1 vage=32 vpage=32 vdt=33 vmax=99 vacc=634 vrej=0 seq=2 elapsed=4525 oled=3C
[  14523] STATUS mode=4 fault=none enc=-26 denc=-1 sreq=-57 sapplied=-57 crate=-57 uimp=-19705 upos=5055 uneg=4395 ball=-41.39 vball=-33.93 aball=18.4 bref=-50.00 pid=-57.4 pref=-25.4 ppos=-19.7 apid=0.0 integ=-0.0 vision=1 current=1 vframe=647 vs=1 vage=19 vpage=19 vdt=33 vmax=99 vacc=635 vrej=0 seq=2 elapsed=4545 oled=3C
[  14550] STATUS mode=4 fault=none enc=-27 denc=0 sreq=37 sapplied=0 crate=37 uimp=-20770 upos=5055 uneg=4415 ball=-42.03 vball=-29.37 aball=64.7 bref=-50.00 pid=36.8 pref=-17.1 ppos=-20.8 apid=0.0 integ=-0.0 vision=1 current=1 vframe=648 vs=1 vage=6 vpage=6 vdt=33 vmax=99 vacc=636 vrej=0 seq=2 elapsed=4565 oled=3C
[  14577] STATUS mode=4 fault=none enc=-26 denc=1 sreq=110 sapplied=110 crate=110 uimp=-19220 upos=5090 uneg=4415 ball=-42.49 vball=-24.68 aball=64.7 bref=-50.00 pid=109.6 pref=-8.3 ppos=-19.2 apid=0.0 integ=-0.0 vision=1 current=1 vframe=649 vs=1 vage=12 vpage=12 vdt=34 vmax=99 vacc=637 vrej=0 seq=2 elapsed=4605 oled=3C
[  14604] STATUS mode=4 fault=none enc=-25 denc=1 sreq=89 sapplied=89 crate=89 uimp=-17185 upos=5110 uneg=4415 ball=-42.49 vball=-24.68 aball=64.7 bref=-50.00 pid=89.2 pref=-8.3 ppos=-17.2 apid=0.0 integ=-0.0 vision=1 current=1 vframe=649 vs=1 vage=32 vpage=32 vdt=34 vmax=99 vacc=637 vrej=0 seq=2 elapsed=4625 oled=3C
[  14631] STATUS mode=4 fault=none enc=-23 denc=0 sreq=119 sapplied=119 crate=119 uimp=-14755 upos=5130 uneg=4415 ball=-42.96 vball=-21.67 aball=64.7 bref=-50.00 pid=119.5 pref=-2.8 ppos=-14.8 apid=0.0 integ=-0.0 vision=1 current=1 vframe=650 vs=1 vage=19 vpage=19 vdt=33 vmax=99 vacc=638 vrej=0 seq=2 elapsed=4645 oled=3C
[  14658] STATUS mode=4 fault=none enc=-16 denc=0 sreq=152 sapplied=152 crate=152 uimp=-9080 upos=5170 uneg=4415 ball=-43.17 vball=-17.08 aball=90.9 bref=-50.00 pid=152.0 pref=6.1 ppos=-9.1 apid=0.0 integ=-0.0 vision=1 current=1 vframe=651 vs=1 vage=26 vpage=26 vdt=33 vmax=99 vacc=639 vrej=0 seq=2 elapsed=4685 oled=3C
[  14686] STATUS mode=4 fault=none enc=-11 denc=1 sreq=217 sapplied=217 crate=217 uimp=-5770 upos=5190 uneg=4415 ball=-43.19 vball=-12.16 aball=90.9 bref=-50.00 pid=217.1 pref=15.9 ppos=-5.8 apid=0.0 integ=-0.0 vision=1 current=1 vframe=652 vs=1 vage=12 vpage=12 vdt=34 vmax=99 vacc=640 vrej=0 seq=2 elapsed=4705 oled=3C
[  14713] STATUS mode=4 fault=none enc=-5 denc=2 sreq=177 sapplied=177 crate=177 uimp=-1745 upos=5210 uneg=4415 ball=-43.19 vball=-12.16 aball=90.9 bref=-50.00 pid=176.8 pref=15.9 ppos=-1.7 apid=0.0 integ=-0.0 vision=1 current=1 vframe=652 vs=1 vage=32 vpage=32 vdt=34 vmax=99 vacc=640 vrej=0 seq=2 elapsed=4725 oled=3C
[  14739] STATUS mode=4 fault=none enc=6 denc=1 sreq=328 sapplied=328 crate=328 uimp=7635 upos=5250 uneg=4415 ball=-42.10 vball=2.71 aball=139.0 bref=-50.00 pid=393.5 pref=47.0 ppos=7.6 apid=0.0 integ=-0.0 vision=1 current=1 vframe=654 vs=1 vage=6 vpage=6 vdt=32 vmax=99 vacc=642 vrej=0 seq=2 elapsed=4765 oled=3C
[  14766] STATUS mode=4 fault=none enc=16 denc=3 sreq=323 sapplied=323 crate=323 uimp=14650 upos=5270 uneg=4415 ball=-42.10 vball=2.71 aball=139.0 bref=-50.00 pid=323.3 pref=47.0 ppos=14.7 apid=0.0 integ=-0.0 vision=1 current=1 vframe=654 vs=1 vage=26 vpage=26 vdt=32 vmax=99 vacc=642 vrej=0 seq=2 elapsed=4785 oled=3C
[  14793] STATUS mode=4 fault=none enc=23 denc=0 sreq=351 sapplied=351 crate=351 uimp=20645 upos=5290 uneg=4415 ball=-41.52 vball=6.73 aball=139.0 bref=-50.00 pid=350.8 pref=55.7 ppos=20.6 apid=0.0 integ=-0.0 vision=1 current=1 vframe=655 vs=1 vage=5 vpage=5 vdt=41 vmax=99 vacc=643 vrej=0 seq=2 elapsed=4805 oled=3C
[  14820] STATUS mode=4 fault=none enc=41 denc=2 sreq=329 sapplied=329 crate=329 uimp=34050 upos=5330 uneg=4415 ball=-40.79 vball=11.89 aball=139.0 bref=-50.00 pid=328.7 pref=66.9 ppos=34.1 apid=0.0 integ=-0.0 vision=1 current=1 vframe=656 vs=1 vage=19 vpage=19 vdt=26 vmax=99 vacc=644 vrej=0 seq=2 elapsed=4845 oled=3C
[  14847] STATUS mode=3 fault=none enc=49 denc=2 sreq=294 sapplied=294 crate=294 uimp=40150 upos=5350 uneg=4415 ball=-40.27 vball=12.90 aball=122.3 bref=-50.00 pid=294.1 pref=69.6 ppos=40.2 apid=0.0 integ=-0.0 vision=1 current=1 vframe=657 vs=1 vage=6 vpage=6 vdt=33 vmax=99 vacc=645 vrej=0 seq=3 elapsed=4859 oled=3C
[  14847] >>> stream off
[  14874] STATUS mode=3 fault=none enc=56 denc=2 sreq=240 sapplied=240 crate=240 uimp=45600 upos=5370 uneg=4415 ball=-40.27 vball=12.90 aball=122.3 bref=-50.00 pid=239.6 pref=69.6 ppos=45.6 apid=0.0 integ=-0.0 vision=1 current=1 vframe=657 vs=1 vage=26 vpage=26 vdt=33 vmax=99 vacc=645 vrej=0 seq=3 elapsed=4859 oled=3C
[  14875] OK stream off
[  15022] RESULT sequence_complete elapsed=4859
