[      0] >>> bench on
[      0] OK stepper visual-only bench active; command pose preserved
[    125] >>> clear
[    125] OK fault cleared
[    250] >>> diag reset
[    250] OK actuator diagnostics reset
[    375] >>> gain ball 1.2 2.0 2.0 -1
[    375] OK ball gains kp=1.200 ki=2.000 kd=2.000 sign=-1
[    500] >>> gain accel 0
[    500] OK ball acceleration gain ka=0.000
[    625] >>> limit rate 400
[    625] OK ball rate limit=400 steps/s
[    750] >>> stream on 20
[    750] OK stream on 20 ms
[    797] STATUS mode=1 fault=none enc=-874 denc=0 sreq=0 sapplied=0 crate=0 uimp=0 upos=0 uneg=0 ball=108.46 vball=0.21 aball=0.0 bref=0.00 pid=0.0 pref=-1096.3 ppos=-1096.3 apid=0.0 integ=0.0 vision=1 current=1 vframe=21733 vs=1 vage=19 vpage=19 vdt=33 vmax=130413 vacc=17768 vrej=0 seq=0 elapsed=0 oled=3C
[    812] STATUS mode=1 fault=none enc=-874 denc=0 sreq=0 sapplied=0 crate=0 uimp=0 upos=0 uneg=0 ball=108.41 vball=-0.36 aball=0.0 bref=0.00 pid=0.0 pref=-1096.3 ppos=-1096.3 apid=0.0 integ=0.0 vision=1 current=1 vframe=21734 vs=1 vage=6 vpage=6 vdt=33 vmax=130413 vacc=17769 vrej=0 seq=0 elapsed=0 oled=3C
[    842] STATUS mode=1 fault=none enc=-874 denc=0 sreq=0 sapplied=0 crate=0 uimp=0 upos=0 uneg=0 ball=108.41 vball=-0.36 aball=0.0 bref=0.00 pid=0.0 pref=-1096.3 ppos=-1096.3 apid=0.0 integ=0.0 vision=1 current=1 vframe=21734 vs=1 vage=26 vpage=26 vdt=33 vmax=130413 vacc=17769 vrej=0 seq=0 elapsed=0 oled=3C
[    875] STATUS mode=1 fault=none enc=-874 denc=0 sreq=0 sapplied=0 crate=0 uimp=0 upos=0 uneg=0 ball=108.39 vball=-0.41 aball=0.0 bref=0.00 pid=0.0 pref=-1096.3 ppos=-1096.3 apid=0.0 integ=0.0 vision=1 current=1 vframe=21735 vs=1 vage=12 vpage=12 vdt=34 vmax=130413 vacc=17770 vrej=0 seq=0 elapsed=0 oled=3C
[    875] >>> ball 0
[    890] STATUS mode=1 fault=none enc=-874 denc=0 sreq=0 sapplied=0 crate=0 uimp=0 upos=0 uneg=0 ball=108.39 vball=-0.24 aball=0.0 bref=0.00 pid=0.0 pref=-1096.3 ppos=-1096.3 apid=0.0 integ=0.0 vision=1 current=1 vframe=21736 vs=1 vage=19 vpage=19 vdt=33 vmax=130413 vacc=17771 vrej=0 seq=0 elapsed=0 oled=3C
[    922] STATUS mode=3 fault=none enc=-872 denc=1 sreq=300 sapplied=300 crate=300 uimp=1500 upos=10 uneg=0 ball=108.40 vball=-0.11 aball=0.0 bref=0.00 pid=400.0 pref=-966.4 ppos=-1094.8 apid=0.0 integ=-0.0 vision=1 current=1 vframe=21737 vs=1 vage=6 vpage=6 vdt=33 vmax=130413 vacc=17772 vrej=0 seq=0 elapsed=0 oled=3C
[    953] STATUS mode=3 fault=none enc=-861 denc=3 sreq=400 sapplied=400 crate=400 uimp=9000 upos=30 uneg=0 ball=108.40 vball=-0.11 aball=0.0 bref=0.00 pid=400.0 pref=-966.4 ppos=-1087.3 apid=0.0 integ=-0.0 vision=1 current=1 vframe=21737 vs=1 vage=26 vpage=26 vdt=33 vmax=130413 vacc=17772 vrej=0 seq=0 elapsed=0 oled=3C
[    983] STATUS mode=3 fault=none enc=-841 denc=2 sreq=400 sapplied=400 crate=400 uimp=25000 upos=70 uneg=0 ball=108.40 vball=-0.05 aball=0.0 bref=0.00 pid=400.0 pref=-966.3 ppos=-1071.3 apid=0.0 integ=-0.0 vision=1 current=1 vframe=21738 vs=1 vage=33 vpage=33 vdt=33 vmax=130413 vacc=17773 vrej=0 seq=0 elapsed=0 oled=3C
[   1000] STATUS mode=3 fault=none enc=-830 denc=2 sreq=400 sapplied=400 crate=400 uimp=33000 upos=90 uneg=0 ball=108.39 vball=-0.14 aball=0.5 bref=0.00 pid=400.0 pref=-966.5 ppos=-1063.3 apid=0.0 integ=-0.0 vision=1 current=1 vframe=21739 vs=1 vage=20 vpage=20 vdt=33 vmax=130413 vacc=17774 vrej=0 seq=0 elapsed=0 oled=3C
[   1031] STATUS mode=3 fault=none enc=-819 denc=3 sreq=400 sapplied=400 crate=400 uimp=41000 upos=110 uneg=0 ball=108.39 vball=-0.12 aball=0.5 bref=0.00 pid=400.0 pref=-966.5 ppos=-1055.3 apid=0.0 integ=-0.0 vision=1 current=1 vframe=21740 vs=1 vage=5 vpage=5 vdt=35 vmax=130413 vacc=17775 vrej=0 seq=0 elapsed=0 oled=3C
[   1062] STATUS mode=3 fault=none enc=-799 denc=2 sreq=400 sapplied=400 crate=400 uimp=57000 upos=150 uneg=0 ball=108.43 vball=0.27 aball=0.5 bref=0.00 pid=400.0 pref=-965.6 ppos=-1039.3 apid=0.0 integ=-0.0 vision=1 current=1 vframe=21741 vs=1 vage=13 vpage=13 vdt=32 vmax=130413 vacc=17776 vrej=0 seq=0 elapsed=0 oled=3C
[   1092] STATUS mode=3 fault=none enc=-789 denc=2 sreq=400 sapplied=400 crate=400 uimp=65000 upos=170 uneg=0 ball=108.43 vball=0.27 aball=0.5 bref=0.00 pid=400.0 pref=-965.6 ppos=-1031.3 apid=0.0 integ=-0.0 vision=1 current=1 vframe=21741 vs=1 vage=33 vpage=33 vdt=32 vmax=130413 vacc=17776 vrej=0 seq=0 elapsed=0 oled=3C
[   1108] STATUS mode=3 fault=none enc=-769 denc=2 sreq=400 sapplied=400 crate=400 uimp=81000 upos=210 uneg=0 ball=108.44 vball=0.24 aball=2.2 bref=0.00 pid=400.0 pref=-951.2 ppos=-1015.3 apid=0.0 integ=14.5 vision=1 current=1 vframe=21743 vs=1 vage=6 vpage=6 vdt=32 vmax=130413 vacc=17778 vrej=0 seq=0 elapsed=0 oled=3C
[   1140] STATUS mode=3 fault=none enc=-758 denc=3 sreq=400 sapplied=400 crate=400 uimp=89000 upos=230 uneg=0 ball=108.44 vball=0.24 aball=2.2 bref=0.00 pid=400.0 pref=-951.2 ppos=-1007.3 apid=0.0 integ=14.5 vision=1 current=1 vframe=21743 vs=1 vage=26 vpage=26 vdt=32 vmax=130413 vacc=17778 vrej=0 seq=0 elapsed=0 oled=3C
[   1172] STATUS mode=3 fault=none enc=-748 denc=3 sreq=400 sapplied=400 crate=400 uimp=97000 upos=250 uneg=0 ball=108.43 vball=0.06 aball=2.2 bref=0.00 pid=400.0 pref=-943.9 ppos=-999.3 apid=0.0 integ=22.1 vision=1 current=1 vframe=21744 vs=1 vage=11 vpage=11 vdt=35 vmax=130413 vacc=17779 vrej=0 seq=0 elapsed=0 oled=3C
[   1203] STATUS mode=3 fault=none enc=-727 denc=2 sreq=400 sapplied=400 crate=400 uimp=113000 upos=290 uneg=0 ball=108.37 vball=-0.54 aball=-2.5 bref=0.00 pid=400.0 pref=-937.8 ppos=-983.3 apid=-0.0 integ=29.5 vision=1 current=1 vframe=21745 vs=1 vage=17 vpage=17 vdt=34 vmax=130413 vacc=17780 vrej=0 seq=0 elapsed=0 oled=3C
[   1217] STATUS mode=3 fault=none enc=-716 denc=3 sreq=295 sapplied=295 crate=295 uimp=120975 upos=310 uneg=0 ball=107.81 vball=-5.57 aball=-2.5 bref=0.00 pid=267.5 pref=-948.6 ppos=-975.3 apid=-0.0 integ=29.5 vision=1 current=1 vframe=21746 vs=1 vage=4 vpage=4 vdt=33 vmax=130413 vacc=17781 vrej=0 seq=0 elapsed=0 oled=3C
[   1250] STATUS mode=3 fault=none enc=-709 denc=2 sreq=217 sapplied=217 crate=217 uimp=126055 upos=330 uneg=0 ball=107.81 vball=-5.57 aball=-2.5 bref=0.00 pid=216.7 pref=-948.6 ppos=-970.2 apid=-0.0 integ=29.5 vision=1 current=1 vframe=21746 vs=1 vage=24 vpage=24 vdt=33 vmax=130413 vacc=17781 vrej=0 seq=0 elapsed=0 oled=3C
[   1281] STATUS mode=3 fault=none enc=-703 denc=0 sreq=101 sapplied=101 crate=101 uimp=132105 upos=370 uneg=0 ball=107.34 vball=-8.04 aball=-2.5 bref=0.00 pid=101.1 pref=-954.1 ppos=-964.2 apid=-0.0 integ=29.5 vision=1 current=1 vframe=21747 vs=1 vage=30 vpage=30 vdt=34 vmax=130413 vacc=17782 vrej=0 seq=0 elapsed=0 oled=3C
[   1312] STATUS mode=3 fault=none enc=-696 denc=2 sreq=222 sapplied=222 crate=222 uimp=136005 upos=390 uneg=0 ball=107.91 vball=-0.41 aball=-0.8 bref=0.00 pid=221.6 pref=-938.1 ppos=-960.3 apid=-0.0 integ=29.5 vision=1 current=1 vframe=21748 vs=1 vage=19 vpage=19 vdt=31 vmax=130413 vacc=17783 vrej=0 seq=0 elapsed=0 oled=3C
[   1328] STATUS mode=3 fault=none enc=-681 denc=3 sreq=375 sapplied=375 crate=375 uimp=148640 upos=430 uneg=0 ball=109.36 vball=12.72 aball=-0.8 bref=0.00 pid=375.2 pref=-910.1 ppos=-955.6 apid=-0.0 integ=-0.0 vision=1 current=1 vframe=21749 vs=1 vage=6 vpage=6 vdt=33 vmax=130413 vacc=17784 vrej=0 seq=0 elapsed=0 oled=3C
[   1358] STATUS mode=3 fault=none enc=-671 denc=2 sreq=354 sapplied=354 crate=354 uimp=156120 upos=450 uneg=0 ball=110.09 vball=14.97 aball=-0.8 bref=0.00 pid=354.2 pref=-904.8 ppos=-940.2 apid=-0.0 integ=-0.0 vision=1 current=1 vframe=21750 vs=1 vage=13 vpage=13 vdt=33 vmax=130413 vacc=17785 vrej=0 seq=0 elapsed=0 oled=3C
[   1390] STATUS mode=3 fault=none enc=-662 denc=2 sreq=288 sapplied=288 crate=288 uimp=162690 upos=470 uneg=0 ball=110.09 vball=14.97 aball=-0.8 bref=0.00 pid=288.5 pref=-904.8 ppos=-933.6 apid=-0.0 integ=-0.0 vision=1 current=1 vframe=21750 vs=1 vage=33 vpage=33 vdt=33 vmax=130413 vacc=17785 vrej=0 seq=0 elapsed=0 oled=3C
[   1422] STATUS mode=3 fault=none enc=-652 denc=1 sreq=88 sapplied=88 crate=88 uimp=170445 upos=510 uneg=0 ball=110.29 vball=8.70 aball=56.9 bref=0.00 pid=87.9 pref=-917.1 ppos=-925.8 apid=0.0 integ=-0.0 vision=1 current=1 vframe=21752 vs=1 vage=6 vpage=6 vdt=34 vmax=130413 vacc=17787 vrej=0 seq=0 elapsed=0 oled=3C
[   1437] STATUS mode=3 fault=none enc=-650 denc=1 sreq=72 sapplied=72 crate=72 uimp=172075 upos=530 uneg=0 ball=110.29 vball=8.70 aball=56.9 bref=0.00 pid=71.6 pref=-917.1 ppos=-924.2 apid=0.0 integ=-0.0 vision=1 current=1 vframe=21752 vs=1 vage=26 vpage=26 vdt=34 vmax=130413 vacc=17787 vrej=0 seq=0 elapsed=0 oled=3C
[   1467] STATUS mode=3 fault=none enc=-648 denc=1 sreq=121 sapplied=121 crate=121 uimp=174080 upos=550 uneg=0 ball=110.96 vball=11.77 aball=56.9 bref=0.00 pid=121.0 pref=-910.1 ppos=-922.2 apid=0.0 integ=-0.0 vision=1 current=1 vframe=21753 vs=1 vage=13 vpage=13 vdt=33 vmax=130413 vacc=17788 vrej=0 seq=0 elapsed=0 oled=3C
[   1500] STATUS mode=3 fault=none enc=-645 denc=0 sreq=54 sapplied=54 crate=54 uimp=177715 upos=590 uneg=0 ball=111.16 vball=10.10 aball=21.8 bref=0.00 pid=53.7 pref=-913.2 ppos=-918.6 apid=0.0 integ=-0.0 vision=1 current=1 vframe=21754 vs=1 vage=20 vpage=20 vdt=33 vmax=130413 vacc=17789 vrej=0 seq=0 elapsed=0 oled=3C
[   1531] STATUS mode=3 fault=none enc=-643 denc=1 sreq=52 sapplied=52 crate=52 uimp=178710 upos=610 uneg=0 ball=111.52 vball=10.31 aball=21.8 bref=0.00 pid=52.2 pref=-912.4 ppos=-917.6 apid=0.0 integ=-0.0 vision=1 current=1 vframe=21755 vs=1 vage=4 vpage=4 vdt=36 vmax=130413 vacc=17790 vrej=0 seq=0 elapsed=0 oled=3C
[   1547] STATUS mode=3 fault=none enc=-642 denc=0 sreq=43 sapplied=43 crate=43 uimp=179680 upos=630 uneg=0 ball=111.52 vball=10.31 aball=21.8 bref=0.00 pid=42.5 pref=-912.4 ppos=-916.6 apid=0.0 integ=-0.0 vision=1 current=1 vframe=21755 vs=1 vage=24 vpage=24 vdt=36 vmax=130413 vacc=17790 vrej=0 seq=0 elapsed=0 oled=3C
[   1578] STATUS mode=3 fault=none enc=-641 denc=0 sreq=0 sapplied=0 crate=0 uimp=180285 upos=645 uneg=0 ball=111.69 vball=8.69 aball=21.8 bref=0.00 pid=0.0 pref=-915.4 ppos=-916.0 apid=0.0 integ=-0.0 vision=1 current=1 vframe=21756 vs=1 vage=30 vpage=30 vdt=34 vmax=130413 vacc=17791 vrej=0 seq=0 elapsed=0 oled=3C
[   1608] STATUS mode=3 fault=none enc=-641 denc=0 sreq=-32 sapplied=-32 crate=-32 uimp=179940 upos=645 uneg=10 ball=111.74 vball=6.58 aball=-3.4 bref=0.00 pid=-32.0 pref=-919.6 ppos=-916.4 apid=-0.0 integ=-0.0 vision=1 current=1 vframe=21757 vs=1 vage=17 vpage=17 vdt=33 vmax=130413 vacc=17792 vrej=0 seq=0 elapsed=0 oled=3C
[   1640] STATUS mode=3 fault=none enc=-641 denc=-1 sreq=-68 sapplied=-68 crate=-68 uimp=179350 upos=645 uneg=30 ball=111.72 vball=4.51 aball=-3.4 bref=0.00 pid=-67.8 pref=-923.7 ppos=-916.9 apid=-0.0 integ=-0.0 vision=1 current=1 vframe=21758 vs=1 vage=4 vpage=4 vdt=33 vmax=130413 vacc=17793 vrej=0 seq=0 elapsed=0 oled=3C
[   1656] STATUS mode=3 fault=none enc=-644 denc=-2 sreq=-83 sapplied=-83 crate=-83 uimp=176875 upos=645 uneg=70 ball=111.65 vball=2.57 aball=-3.4 bref=0.00 pid=-82.6 pref=-927.7 ppos=-919.4 apid=-0.0 integ=-0.0 vision=1 current=1 vframe=21759 vs=1 vage=10 vpage=10 vdt=34 vmax=130413 vacc=17794 vrej=0 seq=0 elapsed=0 oled=3C
[   1687] STATUS mode=3 fault=none enc=-644 denc=1 sreq=-67 sapplied=-67 crate=-67 uimp=175340 upos=645 uneg=90 ball=111.65 vball=2.57 aball=-3.4 bref=0.00 pid=-67.3 pref=-927.7 ppos=-921.0 apid=-0.0 integ=-0.0 vision=1 current=1 vframe=21759 vs=1 vage=30 vpage=30 vdt=34 vmax=130413 vacc=17794 vrej=0 seq=0 elapsed=0 oled=3C
[   1717] STATUS mode=3 fault=none enc=-648 denc=0 sreq=-80 sapplied=-80 crate=-80 uimp=172565 upos=645 uneg=130 ball=111.57 vball=0.60 aball=-23.7 bref=0.00 pid=-79.9 pref=-931.7 ppos=-923.7 apid=-0.0 integ=-0.0 vision=1 current=1 vframe=21761 vs=1 vage=4 vpage=4 vdt=33 vmax=130413 vacc=17796 vrej=0 seq=0 elapsed=0 oled=3C
[   1750] STATUS mode=3 fault=none enc=-650 denc=-1 sreq=-65 sapplied=-65 crate=-65 uimp=171080 upos=645 uneg=150 ball=111.57 vball=0.60 aball=-23.7 bref=0.00 pid=-65.1 pref=-931.7 ppos=-925.2 apid=-0.0 integ=-0.0 vision=1 current=1 vframe=21761 vs=1 vage=24 vpage=24 vdt=33 vmax=130413 vacc=17796 vrej=0 seq=0 elapsed=0 oled=3C
[   1765] STATUS mode=3 fault=none enc=-652 denc=0 sreq=-63 sapplied=-63 crate=-63 uimp=169765 upos=645 uneg=170 ball=111.53 vball=0.07 aball=-23.7 bref=0.00 pid=-63.0 pref=-932.8 ppos=-926.5 apid=-0.0 integ=-0.0 vision=1 current=1 vframe=21762 vs=1 vage=13 vpage=13 vdt=31 vmax=130413 vacc=17797 vrej=0 seq=0 elapsed=0 oled=3C
[   1797] STATUS mode=3 fault=none enc=-653 denc=0 sreq=-33 sapplied=-33 crate=-33 uimp=167785 upos=645 uneg=210 ball=111.59 vball=0.54 aball=-18.5 bref=0.00 pid=-33.1 pref=-931.8 ppos=-928.5 apid=-0.0 integ=-0.0 vision=1 current=1 vframe=21763 vs=1 vage=20 vpage=20 vdt=33 vmax=130413 vacc=17798 vrej=0 seq=0 elapsed=0 oled=3C
[   1828] STATUS mode=3 fault=none enc=-655 denc=-1 sreq=-20 sapplied=-20 crate=-20 uimp=167210 upos=645 uneg=230 ball=111.64 vball=0.87 aball=-18.5 bref=0.00 pid=-20.1 pref=-931.1 ppos=-929.1 apid=-0.0 integ=-0.0 vision=1 current=1 vframe=21764 vs=1 vage=7 vpage=7 vdt=33 vmax=130413 vacc=17799 vrej=0 seq=0 elapsed=0 oled=3C
[   1858] STATUS mode=3 fault=none enc=-656 denc=0 sreq=0 sapplied=0 crate=0 uimp=167110 upos=645 uneg=235 ball=111.75 vball=1.63 aball=-18.5 bref=0.00 pid=0.0 pref=ref=-931.1 ppos=-929.2 apid=-0.0 integ=-0.0 vision=1 current=1 vframe=21764 vs=1 vage=27 vpage=27 vdt=33 vmax=130413 vacc=17799 vrej=0 seq=0 elapsed=0 oled=3C
[   1890] STATUS mode=3 fault=none enc=-656 denc=0 sreq=0 sapplied=0 crate=0 uimp=167110 upos=645 uneg=235 ball=111.75 vball=1.63 aball=-18.5 bref=0.00 pid=0.0 pref=-929.4 ppos=-929.2 apid=-0.0 integ=-0.0 vision=1 current=1 vframe=21765 vs=1 vage=31 vpage=31 vdt=36 vmax=130413 vacc=17800 vrej=0 seq=0 elapsed=0 oled=3C
[   1906] STATUS mode=3 fault=none enc=-656 denc=0 sreq=42 sapplied=42 crate=42 uimp=167565 upos=655 uneg=235 ball=111.69 vball=0.67 aball=-9.6 bref=0.00 pid=42.2 pref=-924.5 ppos=-928.7 apid=-0.0 integ=6.9 vision=1 current=1 vframe=21766 vs=1 vage=20 vpage=20 vdt=31 vmax=130413 vacc=17801 vrej=0 seq=0 elapsed=0 oled=3C
[   1937] STATUS mode=3 fault=none enc=-654 denc=0 sreq=98 sapplied=98 crate=98 uimp=171045 upos=695 uneg=235 ball=111.80 vball=1.47 aball=-9.6 bref=0.00 pid=98.5 pref=-915.4 ppos=-925.2 apid=-0.0 integ=14.3 vision=1 current=1 vframe=21767 vs=1 vage=27 vpage=27 vdt=33 vmax=130413 vacc=17802 vrej=0 seq=0 elapsed=0 oled=3C
[   1967] STATUS mode=3 fault=none enc=-650 denc=1 sreq=147 sapplied=147 crate=147 uimp=173585 upos=715 uneg=235 ball=111.84 vball=1.32 aball=-9.6 bref=0.00 pid=146.6 pref=-908.0 ppos=-922.7 apid=-0.0 integ=21.9 vision=1 current=1 vframe=21768 vs=1 vage=13 vpage=13 vdt=34 vmax=130413 vacc=17803 vrej=0 seq=0 elapsed=0 oled=3C
[   1983] STATUS mode=3 fault=none enc=-646 denc=2 sreq=119 sapplied=119 crate=119 uimp=176305 upos=735 uneg=235 ball=111.84 vball=1.32 aball=-9.6 bref=0.00 pid=119.4 pref=-908.0 ppos=-920.0 apid=-0.0 integ=21.9 vision=1 current=1 vframe=21768 vs=1 vage=33 vpage=33 vdt=34 vmax=130413 vacc=17803 vrej=0 seq=0 elapsed=0 oled=3C
[   2015] STATUS mode=3 fault=none enc=-639 denc=1 sreq=192 sapplied=192 crate=192 uimp=182690 upos=775 uneg=235 ball=111.84 vball=0.66 aball=-3.9 bref=0.00 pid=192.2 pref=-894.4 ppos=-913.6 apid=-0.0 integ=36.9 vision=1 current=1 vframe=21770 vs=1 vage=6 vpage=6 vdt=34 vmax=130413 vacc=17805 vrej=0 seq=0 elapsed=0 oled=3C
[   2047] STATUS mode=3 fault=none enc=-634 denc=2 sreq=157 sapplied=157 crate=157 uimp=186255 upos=795 uneg=235 ball=111.84 vball=0.66 aball=-3.9 bref=0.00 pid=156.6 pref=-894.4 ppos=-910.0 apid=-0.0 integ=36.9 vision=1 current=1 vframe=21770 vs=1 vage=26 vpage=26 vdt=34 vmax=130413 vacc=17805 vrej=0 seq=0 elapsed=0 oled=3C
[   2078] STATUS mode=3 fault=none enc=-630 denc=1 sreq=192 sapplied=192 crate=192 uimp=189860 upos=815 uneg=235 ball=111.83 vball=0.43 aball=-3.9 bref=0.00 pid=191.9 pref=-887.2 ppos=-906.4 apid=-0.0 integ=44.5 vision=1 current=1 vframe=21771 vs=1 vage=12 vpage=12 vdt=34 vmax=130413 vacc=17806 vrej=0 seq=0 elapsed=0 oled=3C
[   2108] STATUS mode=3 fault=none enc=-620 denc=1 sreq=201 sapplied=201 crate=201 uimp=197535 upos=855 uneg=235 ball=111.88 vball=0.77 aball=-3.1 bref=0.00 pid=200.8 pref=-878.7 ppos=-898.8 apid=-0.0 integ=52.3 vision=1 current=1 vframe=21772 vs=1 vage=17 vpage=17 vdt=35 vmax=130413 vacc=17807 vrej=0 seq=0 elapsed=0 oled=3C
[   2125] STATUS mode=3 fault=none enc=-614 denc=3 sreq=239 sapplied=239 crate=239 uimp=201260 upos=875 uneg=235 ball=111.93 vball=0.94 aball=-3.1 bref=0.00 pid=239.2 pref=-871.1 ppos=-895.0 apid=-0.0 integ=59.5 vision=1 current=1 vframe=21773 vs=1 vage=5 vpage=5 vdt=32 vmax=130413 vacc=17808 vrej=0 seq=0 elapsed=0 oled=3C
[   2156] STATUS mode=3 fault=none enc=-604 denc=1 sreq=218 sapplied=218 crate=218 uimp=209955 upos=915 uneg=235 ball=111.94 vball=0.76 aball=-3.1 bref=0.00 pid=218.2 pref=-864.5 ppos=-886.3 apid=-0.0 integ=66.4 vision=1 current=1 vframe=21774 vs=1 vage=14 vpage=14 vdt=31 vmax=130413 vacc=17809 vrej=0 seq=0 elapsed=0 oled=3C
[   2187] STATUS mode=3 fault=none enc=-599 denc=1 sreq=178 sapplied=178 crate=178 uimp=214000 upos=935 uneg=235 ball=111.94 vball=0.76 aball=-3.1 bref=0.00 pid=177.7 pref=-864.5 ppos=-882.3 apid=-0.0 integ=66.4 vision=1 current=1 vframe=21774 vs=1 vage=34 vpage=34 vdt=31 vmax=130413 vacc=17809 vrej=0 seq=0 elapsed=0 oled=3C
[   2217] STATUS mode=3 fault=none enc=-593 denc=1 sreq=199 sapplied=199 crate=199 uimp=218195 upos=955 uneg=235 ball=111.90 vball=0.14 aball=-4.6 bref=0.00 pid=199.0 pref=-858.2 ppos=-878.1 apid=-0.0 integ=74.0 vision=1 current=1 vframe=21775 vs=1 vage=20 vpage=20 vdt=34 vmax=130413 vacc=17810 vrej=0 seq=0 elapsed=0 oled=3C
[   2233] STATUS mode=3 fault=none enc=-581 denc=2 sreq=214 sapplied=214 crate=214 uimp=227280 upos=995 uneg=235 ball=112.06 vball=1.62 aball=-4.6 bref=0.00 pid=213.6 pref=-847.7 ppos=-869.0 apid=-0.0 integ=81.4 vision=1 current=1 vframe=21776 vs=1 vage=27 vpage=27 vdt=33 vmax=130413 vacc=17811 vrej=0 seq=0 elapsed=0 oled=3C
[   2265] STATUS mode=3 fault=none enc=-574 denc=3 sreq=267 sapplied=267 crate=267 uimp=232250 upos=1015 uneg=235 ball=112.26 vball=2.97 aball=-4.6 bref=0.00 pid=267.4 pref=-837.3 ppos=-864.0 apid=-0.0 integ=88.8 vision=1 current=1 vframe=21777 vs=1 vage=14 vpage=14 vdt=33 vmax=130413 vacc=17812 vrej=0 seq=0 elapsed=0 oled=3C
[   2297] STATUS mode=3 fault=none enc=-562 denc=2 sreq=247 sapplied=247 crate=247 uimp=242410 upos=1055 uneg=235 ball=112.38 vball=3.16 aball=11.1 bref=0.00 pid=217.9 pref=-837.3 ppos=-859.1 apid=-0.0 integ=88.8 vision=1 current=1 vframe=21777 vs=1 vage=34 vpage=34 vdt=33 vmax=130413 vacc=17812 vrej=0 seq=0 elapsed=0 oled=3C
[   2328] STATUS mode=3 fault=none enc=-555 denc=3 sreq=269 sapplied=269 crate=269 uimp=247350 upos=1075 uneg=235 ball=112.46 vball=2.94 aball=11.1 bref=0.00 pid=268.9 pref=-822.1 ppos=-848.9 apid=0.0 integ=103.9 vision=1 current=1 vframe=21779 vs=1 vage=7 vpage=7 vdt=33 vmax=130413 vacc=17814 vrej=0 seq=0 elapsed=0 oled=3C
[   2342] STATUS mode=3 fault=none enc=-550 denc=2 sreq=219 sapplied=219 crate=219 uimp=252340 upos=1095 uneg=235 ball=112.46 vball=2.94 aball=11.1 bref=0.00 pid=219.0 pref=-822.1 ppos=-844.0 apid=0.0 integ=103.9 vision=1 current=1 vframe=21779 vs=1 vage=27 vpage=27 vdt=33 vmax=130413 vacc=17814 vrej=0 seq=0 elapsed=0 oled=3C
[   2375] STATUS mode=3 fault=none enc=-539 denc=1 sreq=179 sapplied=179 crate=179 uimp=260930 upos=1135 uneg=235 ball=112.81 vball=5.03 aball=11.1 bref=0.00 pid=179.1 pref=-817.5 ppos=-835.4 apid=0.0 integ=103.9 vision=1 current=1 vframe=21780 vs=1 vage=33 vpage=33 vdt=34 vmax=130413 vacc=17815 vrej=0 seq=0 elapsed=0 oled=3C
[   2406] STATUS mode=3 fault=none enc=-534 denc=1 sreq=173 sapplied=173 crate=173 uimp=264700 upos=1155 uneg=235 ball=113.13 vball=6.41 aball=20.7 bref=0.00 pid=172.8 pref=-814.3 ppos=-831.6 apid=0.0 integ=103.9 vision=1 current=1 vframe=21781 vs=1 vage=20 vpage=20 vdt=33 vmax=130413 vacc=17816 vrej=0 seq=0 elapsed=0 oled=3C
[   2437] STATUS mode=3 fault=none enc=-530 denc=1 sreq=122 sapplied=122 crate=122 uimp=267805 upos=1175 uneg=235 ball=113.23 vball=5.36 aball=20.7 bref=0.00 pid=121.9 pref=-816.3 ppos=-828.5 apid=0.0 integ=103.9 vision=1 current=1 vframe=21782 vs=1 vage=7 vpage=7 vdt=33 vmax=130413 vacc=17817 vrej=0 seq=0 elapsed=0 oled=3C
[   2467] STATUS mode=3 fault=none enc=-524 denc=1 sreq=97 sapplied=97 crate=97 uimp=272080 upos=1215 uneg=235 ball=113.50 vball=6.07 aball=20.7 bref=0.00 pid=96.6 pref=-814.6 ppos=-824.2 apid=0.0 integ=103.9 vision=1 current=1 vframe=21783 vs=1 vage=14 vpage=14 vdt=33 vmax=130413 vacc=17818 vrej=0 seq=0 elapsed=0 oled=3C
[   2483] STATUS mode=3 fault=none enc=-522 denc=1 sreq=79 sapplied=79 crate=79 uimp=273875 upos=1235 uneg=235 ball=113.50 vball=6.07 aball=20.7 bref=0.00 pid=78.7 pref=-814.6 ppos=-822.4 apid=0.0 integ=103.9 vision=1 current=1 vframe=21783 vs=1 vage=34 vpage=34 vdt=33 vmax=130413 vacc=17818 vrej=0 seq=0 elapsed=0 oled=3C
[   2515] STATUS mode=3 fault=none enc=-521 denc=0 sreq=39 sapplied=39 crate=39 uimp=275915 upos=1275 uneg=235 ball=113.73 vball=4.95 aball=5.0 bref=0.00 pid=38.6 pref=-816.5 ppos=-820.4 apid=0.0 integ=103.9 vision=1 current=1 vframe=21785 vs=1 vage=7 vpage=7 vdt=33 vmax=130413 vacc=17820 vrej=0 seq=0 elapsed=0 oled=3C
[   2547] STATUS mode=3 fault=none enc=-520 denc=0 sreq=31 sapplied=31 crate=31 uimp=276635 upos=1295 uneg=235 ball=113.73 vball=4.95 aball=5.0 bref=0.00 pid=31.4 pref=-816.5 ppos=-819.7 apid=0.0 integ=103.9 vision=1 current=1 vframe=21785 vs=1 vage=27 vpage=27 vdt=33 vmax=130413 vacc=17820 vrej=0 seq=0 elapsed=0 oled=3C
[   2578] STATUS mode=3 fault=none enc=-519 denc=1 sreq=29 sapplied=29 crate=29 uimp=277255 upos=1315 uneg=235 ball=113.91 vball=5.03 aball=5.0 bref=0.00 pid=29.0 pref=-816.1 ppos=-819.0 apid=0.0 integ=103.9 vision=1 current=1 vframe=21786 vs=1 vage=14 vpage=14 vdt=33 vmax=130413 vacc=17821 vrej=0 seq=0 elapsed=0 oled=3C
[   2592] STATUS mode=3 fault=none enc=-518 denc=0 sreq=0 sapplied=0 crate=0 uimp=277915 upos=1340 uneg=235 ball=114.00 vball=4.26 aball=-0.6 bref=0.00 pid=0.0 pref=-817.6 ppos=-818.4 apid=-0.0 integ=103.9 vision=1 current=1 vframe=21787 vs=1 vage=20 vpage=20 vdt=34 vmax=130413 vacc=17822 vrej=0 seq=0 elapsed=0 oled=3C
[   2625] STATUS mode=3 fault=none enc=-518 denc=0 sreq=0 sapplied=0 crate=0 uimp=277915 upos=1340 uneg=235 ball=114.04 vball=3.40 aball=-0.6 bref=0.00 pid=0.0 pref=-819.2 ppos=-818.4 apid=-0.0 integ=103.9 vision=1 current=1 vframe=21788 vs=1 vage=6 vpage=6 vdt=34 vmax=130413 vacc=17823 vrej=0 seq=0 elapsed=0 oled=3C
[   2656] STATUS mode=3 fault=none enc=-518 denc=0 sreq=0 sapplied=0 crate=0 uimp=277915 upos=1340 uneg=235 ball=114.04 vball=3.40 aball=-0.6 bref=0.00 pid=0.0 pref=-819.2 ppos=-818.4 apid=-0.0 integ=103.9 vision=1 current=1 vframe=21788 vs=1 vage=26 vpage=26 vdt=34 vmax=130413 vacc=17823 vrej=0 seq=0 elapsed=0 oled=3C
[   2672] STATUS mode=3 fault=none enc=-517 denc=1 sreq=0 sapplied=0 crate=-19 uimp=277350 upos=1340 uneg=260 ball=114.06 vball=2.57 aball=-0.6 bref=0.00 pid=-19.3 pref=-820.9 ppos=-818.9 apid=-0.0 integ=103.9 vision=1 current=1 vframe=21789 vs=1 vage=33 vpage=33 vdt=33 vmax=130413 vacc=17824 vrej=0 seq=0 elapsed=0 oled=3C
[   2703] STATUS mode=3 fault=none enc=-518 denc=0 sreq=-28 sapplied=-28 crate=-28 uimp=276880 upos=1340 uneg=275 ball=114.07 vball=1.88 aball=-11.0 bref=0.00 pid=-28.3 pref=-822.2 ppos=-819.4 apid=-0.0 integ=103.9 vision=1 current=1 vframe=21790 vs=1 vage=20 vpage=20 vdt=33 vmax=130413 vacc=17825 vrej=0 seq=0 elapsed=0 oled=3C
[   2733] STATUS mode=3 fault=none enc=-520 denc=-2 sreq=-33 sapplied=-33 crate=-33 uimp=276300 upos=1340 uneg=295 ball=114.07 vball=1.35 aball=-11.0 bref=0.00 pid=-33.1 pref=-823.3 ppos=-820.0 apid=-0.0 integ=103.9 vision=1 current=1 vframe=21791 vs=1 vage=6 vpage=6 vdt=34 vmax=130413 vacc=17826 vrej=0 seq=0 elapsed=0 oled=3C
[   2765] STATUS mode=3 fault=none enc=-521 denc=0 sreq=-29 sapplied=-29 crate=-29 uimp=275105 upos=1340 uneg=335 ball=114.07 vball=0.94 aball=-11.0 bref=0.00 pid=-29.4 pref=-824.1 ppos=-821.2 apid=-0.0 integ=103.9 vision=1 current=1 vframe=21792 vs=1 vage=13 vpage=13 vdt=33 vmax=130413 vacc=17827 vrej=0 seq=0 elapsed=0 oled=3C
[   2797] STATUS mode=3 fault=none enc=-521 denc=-1 sreq=-24 sapplied=-24 crate=-24 uimp=274560 upos=1340 uneg=355 ball=114.07 vball=0.94 aball=-11.0 bref=0.00 pid=-23.9 pref=-824.1 ppos=-821.7 apid=-0.0 integ=103.9 vision=1 current=1 vframe=21792 vs=1 vage=33 vpage=33 vdt=33 vmax=130413 vacc=17827 vrej=0 seq=0 elapsed=0 oled=3C
[   2812] STATUS mode=3 fault=none enc=-522 denc=-1 sreq=-30 sapplied=-30 crate=-30 uimp=273490 upos=1340 uneg=395 ball=114.03 vball=0.15 aball=-11.9 bref=0.00 pid=-29.5 pref=-825.8 ppos=-822.8 apid=-0.0 integ=103.9 vision=1 current=1 vframe=21794 vs=1 vage=7 vpage=7 vdt=33 vmax=130413 vacc=17829 vrej=0 seq=0 elapsed=0 oled=3C
[   2842] STATUS mode=3 fault=none enc=-522 denc=0 sreq=-24 sapplied=-24 crate=-24 uimp=272940 upos=1340 uneg=415 ball=114.03 vball=0.15 aball=-11.9 bref=0.00 pid=-24.0 pref=-825.8 ppos=-823.4 apid=-0.0 integ=103.9 vision=1 current=1 vframe=21794 vs=1 vage=27 vpage=27 vdt=33 vmax=130413 vacc=17829 vrej=0 seq=0 elapsed=0 oled=3C
[   2875] STATUS mode=3 fault=none enc=-524 denc=0 sreq=47 sapplied=47 crate=47 uimp=272955 upos=1345 uneg=425 ball=114.00 vball=-0.15 aball=-11.9 bref=0.00 pid=47.0 pref=-818.6 ppos=-823.3 apid=-0.0 integ=111.7 vision=1 current=1 vframe=21795 vs=1 vage=13 vpage=13 vdt=34 vmax=130413 vacc=17830 vrej=0 seq=0 elapsed=0 oled=3C
[   2906] STATUS mode=3 fault=none enc=-523 denc=0 sreq=95 sapplied=95 crate=95 uimp=275590 upos=1385 uneg=425 ball=113.99 vball=-0.21 aball=-10.1 bref=0.00 pid=94.6 pref=-811.2 ppos=-820.7 apid=-0.0 integ=119.2 vision=1 current=1 vframe=21796 vs=1 vage=20 vpage=20 vdt=33 vmax=130413 vacc=17831 vrej=0 seq=0 elapsed=0 oled=3C
[   2922] STATUS mode=3 fault=none enc=-521 denc=0 sreq=149 sapplied=149 crate=149 uimp=277725 upos=1405 uneg=425 ball=113.99 vball=-0.18 aball=-10.1 bref=0.00 pid=149.1 pref=-803.7 ppos=-818.6 apid=-0.0 integ=126.7 vision=1 current=1 vframe=21797 vs=1 vage=7 vpage=7 vdt=33 vmax=130413 vacc=17832 vrej=0 seq=0 elapsed=0 oled=3C
[   2953] STATUS mode=3 fault=none enc=-513 denc=2 sreq=170 sapplied=170 crate=170 uimp=283510 upos=1445 uneg=425 ball=113.99 vball=-0.13 aball=-10.1 bref=0.00 pid=169.7 pref=-795.8 ppos=-812.8 apid=-0.0 integ=134.5 vision=1 current=1 vframe=21798 vs=1 vage=13 vpage=13 vdt=34 vmax=130413 vacc=17833 vrej=0 seq=0 elapsed=0 oled=3C
[   2983] STATUS mode=3 fault=none enc=-509 denc=1 sreq=138 sapplied=138 crate=138 uimp=286660 upos=1465 uneg=425 ball=113.99 vball=-0.13 aball=-10.1 bref=0.00 pid=138.2 pref=-795.8 ppos=-809.6 apid=-0.0 integ=134.5 vision=1 current=1 vframe=21798 vs=1 vage=33 vpage=33 vdt=34 vmax=130413 vacc=17833 vrej=0 seq=0 elapsed=0 oled=3C
[   3015] STATUS mode=3 fault=none enc=-504 denc=1 sreq=178 sapplied=178 crate=178 uimp=290310 upos=1485 uneg=425 ball=113.99 vball=-0.08 aball=-5.0 bref=0.00 pid=178.0 pref=-788.2 ppos=-806.0 apid=-0.0 integ=142.0 vision=1 current=1 vframe=21799 vs=1 vage=20 vpage=20 vdt=33 vmax=130413 vacc=17834 vrej=0 seq=0 elapsed=0 oled=3C
[   3047] STATUS mode=3 fault=none enc=-493 denc=1 sreq=178 sapplied=178 crate=178 uimp=298070 upos=1525 uneg=425 ball=113.99 vball=-0.05 aball=-5.0 bref=0.00 pid=178.5 pref=-780.4 ppos=-798.2 apid=-0.0 integ=149.7 vision=1 current=1 vframe=21800 vs=1 vage=26 vpage=26 vdt=34 vmax=130413 vacc=17835 vrej=0 seq=0 elapsed=0 oled=3C
[   3062] STATUS mode=3 fault=none enc=-487 denc=2 sreq=216 sapplied=216 crate=216 uimp=302140 upos=1545 uneg=425 ball=113.99 vball=-0.03 aball=-5.0 bref=0.00 pid=215.7 pref=-772.6 ppos=-794.2 apid=-0.0 integ=157.5 vision=1 current=1 vframe=21801 vs=1 vage=12 vpage=12 vdt=34 vmax=130413 vacc=17836 vrej=0 seq=0 elapsed=0 oled=3C
[   3092] STATUS mode=3 fault=none enc=-477 denc=2 sreq=209 sapplied=209 crate=209 uimp=310505 upos=1585 uneg=425 ball=114.01 vball=0.17 aball=-1.6 bref=0.00 pid=209.2 pref=-764.9 ppos=-785.8 apid=-0.0 integ=164.8 vision=1 current=1 vframe=21802 vs=1 vage=20 vpage=20 vdt=32 vmax=130413 vacc=17837 vrej=0 seq=0 elapsed=0 oled=3C
[   3125] STATUS mode=3 fault=none enc=-472 denc=1 sreq=259 sapplied=259 crate=259 uimp=314850 upos=1605 uneg=425 ball=114.10 vball=1.00 aball=-1.6 bref=0.00 pid=258.8 pref=-755.6 ppos=-781.4 apid=-0.0 integ=172.3 vision=1 current=1 vframe=21803 vs=1 vage=7 vpage=7 vdt=33 vmax=130413 vacc=17838 vrej=0 seq=0 elapsed=0 oled=3C
[   3156] STATUS mode=3 fault=none enc=-466 denc=1 sreq=211 sapplied=211 crate=211 uimp=319655 upos=1625 uneg=425 ball=114.10 vball=1.00 aball=-1.6 bref=0.00 pid=210.7 pref=-755.6 ppos=-776.6 apid=-0.0 integ=172.3 vision=1 current=1 vframe=21803 vs=1 vage=27 vpage=27 vdt=33 vmax=130413 vacc=17838 vrej=0 seq=0 elapsed=0 oled=3C
[   3187] STATUS mode=3 fault=none enc=-453 denc=2 sreq=273 sapplied=273 crate=273 uimp=328905 upos=1665 uneg=425 ball=114.20 vball=1.14 aball=3.5 bref=0.00 pid=272.9 pref=-740.1 ppos=-767.4 apid=0.0 integ=187.4 vision=1 current=1 vframe=21805 vs=1 vage=1 vpage=1 vdt=33 vmax=130413 vacc=17840 vrej=0 seq=0 elapsed=0 oled=3C
[   3203] STATUS mode=3 fault=none enc=-447 denc=1 sreq=222 sapplied=222 crate=222 uimp=333965 upos=1685 uneg=425 ball=114.20 vball=1.14 aball=3.5 bref=0.00 pid=222.4 pref=-740.1 ppos=-762.3 apid=0.0 integ=187.4 vision=1 current=1 vframe=21805 vs=1 vage=21 vpage=21 vdt=33 vmax=130413 vacc=17840 vrej=0 seq=0 elapsed=0 oled=3C
[   3233] STATUS mode=3 fault=none enc=-441 denc=2 sreq=291 sapplied=291 crate=291 uimp=338090 upos=1705 uneg=425 ball=114.44 vball=3.04 aball=3.5 bref=0.00 pid=304.4 pref=-727.8 ppos=-758.2 apid=0.0 integ=195.6 vision=1 current=1 vframe=21806 vs=1 vage=5 vpage=5 vdt=36 vmax=130413 vacc=17841 vrej=0 seq=0 elapsed=0 oled=3C
[   3265] STATUS mode=3 fault=none enc=-428 denc=1 sreq=246 sapplied=246 crate=246 uimp=348760 upos=1745 uneg=425 ball=114.78 vball=5.25 aball=3.5 bref=0.00 pid=246.0 pref=-722.9 ppos=-747.5 apid=0.0 integ=195.6 vision=1 current=1 vframe=21807 vs=1 vage=12 vpage=12 vdt=33 vmax=130413 vacc=17842 vrej=0 seq=0 elapsed=0 oled=3C
[   3297] STATUS mode=3 fault=none enc=-421 denc=2 sreq=200 sapplied=200 crate=200 uimp=353325 upos=1765 uneg=425 ball=114.78 vball=5.25 aball=3.5 bref=0.00 pid=200.3 pref=-722.9 ppos=-743.0 apid=0.0 integ=195.6 vision=1 current=1 vframe=21807 vs=1 vage=32 vpage=32 vdt=33 vmax=130413 vacc=17842 vrej=0 seq=0 elapsed=0 oled=3C
[   3312] STATUS mode=3 fault=none enc=-416 denc=1 sreq=100 sapplied=100 crate=100 uimp=357825 upos=1805 uneg=425 ball=115.40 vball=7.47 aball=22.7 bref=0.00 pid=100.0 pref=328.8 ppos=-738.5 apid=0.0 integ=0.0 vision=1 current=1 vframe=21809 vs=1 vage=5 vpage=5 vdt=33 vmax=130413 vacc=17844 vrej=0 seq=0 elapsed=0 oled=3C
[   3342] STATUS mode=3 fault=none enc=-413 denc=2 sreq=100 sapplied=100 crate=100 uimp=359825 upos=1825 uneg=425 ball=115.40 vball=7.47 aball=22.7 bref=0.00 pid=100.0 pref=328.8 ppos=-736.5 apid=0.0 integ=0.0 vision=1 current=1 vframe=21809 vs=1 vage=25 vpage=25 vdt=33 vmax=130413 vacc=17844 vrej=0 seq=0 elapsed=0 oled=3C
[   3375] STATUS mode=3 fault=none enc=-411 denc=1 sreq=100 sapplied=100 crate=100 uimp=361825 upos=1845 uneg=425 ball=115.63 vball=7.23 aball=22.7 bref=0.00 pid=100.0 pref=328.8 ppos=-734.5 apid=0.0 integ=0.0 vision=1 current=1 vframe=21810 vs=1 vage=12 vpage=12 vdt=33 vmax=130413 vacc=17845 vrej=0 seq=0 elapsed=0 oled=3C
[   3406] STATUS mode=3 fault=none enc=-405 denc=1 sreq=100 sapplied=100 crate=100 uimp=365825 upos=1885 uneg=425 ball=115.76 vball=6.21 aball=13.9 bref=0.00 pid=100.0 pref=328.8 ppos=-730.5 apid=0.0 integ=0.0 vision=1 current=1 vframe=21811 vs=1 vage=19 vpage=19 vdt=33 vmax=130413 vacc=17846 vrej=0 seq=0 elapsed=0 oled=3C
[   3422] STATUS mode=3 fault=none enc=-402 denc=2 sreq=100 sapplied=100 crate=100 uimp=367825 upos=1905 uneg=425 ball=115.79 vball=4.65 aball=13.9 bref=0.00 pid=100.0 pref=328.8 ppos=-728.5 apid=0.0 integ=0.0 vision=1 current=1 vframe=21812 vs=1 vage=5 vpage=5 vdt=34 vmax=130413 vacc=17847 vrej=0 seq=0 elapsed=0 oled=3C
[   3453] STATUS mode=3 fault=none enc=-400 denc=1 sreq=100 sapplied=100 crate=100 uimp=369825 upos=1925 uneg=425 ball=115.79 vball=4.65 aball=13.9 bref=0.00 pid=100.0 pref=328.8 ppos=-726.5 apid=0.0 integ=0.0 vision=1 current=1 vframe=21812 vs=1 vage=25 vpage=25 vdt=34 vmax=130413 vacc=17847 vrej=0 seq=0 elapsed=0 oled=3C
[   3483] STATUS mode=3 fault=none enc=-396 denc=0 sreq=100 sapplied=100 crate=100 uimp=373825 upos=1965 uneg=425 ball=115.76 vball=3.05 aball=13.9 bref=0.00 pid=100.0 pref=328.8 ppos=-722.5 apid=0.0 integ=0.0 vision=1 current=1 vframe=21813 vs=1 vage=32 vpage=32 vdt=33 vmax=130413 vacc=17848 vrej=0 seq=0 elapsed=0 oled=3C
[   3515] STATUS mode=3 fault=none enc=-393 denc=1 sreq=100 sapplied=100 crate=100 uimp=375825 upos=1985 uneg=425 ball=115.73 vball=1.86 aball=-11.9 bref=0.00 pid=100.0 pref=328.8 ppos=-720.5 apid=-0.0 integ=0.0 vision=1 current=1 vframe=21814 vs=1 vage=19 vpage=19 vdt=33 vmax=130413 vacc=17849 vrej=0 seq=0 elapsed=0 oled=3C
[   3531] STATUS mode=3 fault=none enc=-388 denc=1 sreq=100 sapplied=100 crate=100 uimp=379825 upos=2025 uneg=425 ball=115.71 vball=1.12 aball=-11.9 bref=0.00 pid=100.0 pref=328.8 ppos=-716.5 apid=-0.0 integ=0.0 vision=1 current=1 vframe=21815 vs=1 vage=26 vpage=26 vdt=33 vmax=130413 vacc=17850 vrej=0 seq=0 elapsed=0 oled=3C
[   3562] STATUS mode=3 fault=none enc=-385 denc=1 sreq=100 sapplied=100 crate=100 uimp=381825 upos=2045 uneg=425 ball=115.70 vball=0.72 aball=-11.9 bref=0.00 pid=100.0 pref=328.8 ppos=-714.5 apid=-0.0 integ=0.0 vision=1 current=1 vframe=21816 vs=1 vage=12 vpage=12 vdt=34 vmax=130413 vacc=17851 vrej=0 seq=0 elapsed=0 oled=3C
[   3592] STATUS mode=3 fault=none enc=-382 denc=1 sreq=100 sapplied=100 crate=100 uimp=383825 upos=2065 uneg=425 ball=115.70 vball=0.72 aball=-11.9 bref=0.00 pid=100.0 pref=328.8 ppos=-712.5 apid=-0.0 integ=0.0 vision=1 current=1 vframe=21816 vs=1 vage=32 vpage=32 vdt=34 vmax=130413 vacc=17851 vrej=0 seq=0 elapsed=0 oled=3C
[   3625] STATUS mode=3 fault=none enc=-377 denc=1 sreq=100 sapplied=100 crate=100 uimp=387825 upos=2105 uneg=425 ball=115.78 vball=1.24 aball=-9.3 bref=0.00 pid=100.0 pref=328.8 ppos=-708.5 apid=-0.0 integ=0.0 vision=1 current=1 vframe=21817 vs=1 vage=39 vpage=39 vdt=33 vmax=130413 vacc=17852 vrej=0 seq=0 elapsed=0 oled=3C
[   3640] STATUS mode=3 fault=none enc=-375 denc=1 sreq=100 sapplied=100 crate=100 uimp=389825 upos=2125 uneg=425 ball=115.85 vball=1.23 aball=-9.3 bref=0.00 pid=100.0 pref=328.8 ppos=-706.5 apid=-0.0 integ=0.0 vision=1 current=1 vframe=21819 vs=1 vage=2 vpage=2 vdt=10 vmax=130413 vacc=17854 vrej=0 seq=0 elapsed=0 oled=3C
[   3672] STATUS mode=3 fault=none enc=-372 denc=1 sreq=100 sapplied=100 crate=100 uimp=391825 upos=2145 uneg=425 ball=115.85 vball=1.23 aball=-9.3 bref=0.00 pid=100.0 pref=328.8 ppos=-704.5 apid=-0.0 integ=0.0 vision=1 current=1 vframe=21819 vs=1 vage=22 vpage=22 vdt=10 vmax=130413 vacc=17854 vrej=0 seq=0 elapsed=0 oled=3C
[   3703] STATUS mode=3 fault=none enc=-367 denc=1 sreq=100 sapplied=100 crate=100 uimp=395825 upos=2185 uneg=425 ball=115.84 vball=0.52 aball=-6.8 bref=0.00 pid=100.0 pref=328.8 ppos=-700.5 apid=-0.0 integ=0.0 vision=1 current=1 vframe=21821 vs=1 vage=2 vpage=2 vdt=34 vmax=130413 vacc=17856 vrej=0 seq=0 elapsed=0 oled=3C
[   3733] STATUS mode=3 fault=none enc=-364 denc=1 sreq=100 sapplied=100 crate=100 uimp=397825 upos=2205 uneg=425 ball=115.84 vball=0.52 aball=-6.8 bref=0.00 pid=100.0 pref=328.8 ppos=-698.5 apid=-0.0 integ=0.0 vision=1 current=1 vframe=21821 vs=1 vage=22 vpage=22 vdt=34 vmax=130413 vacc=17856 vrej=0 seq=0 elapsed=0 oled=3C
[   3750] STATUS mode=3 fault=none enc=-359 denc=1 sreq=100 sapplied=100 crate=100 uimp=401825 upos=2245 uneg=425 ball=115.83 vball=0.30 aball=-6.8 bref=0.00 pid=100.0 pref=328.8 ppos=-694.5 apid=-0.0 integ=0.0 vision=1 current=1 vframe=21822 vs=1 vage=29 vpage=29 vdt=33 vmax=130413 vacc=17857 vrej=0 seq=0 elapsed=0 oled=3C
[   3781] STATUS mode=3 fault=none enc=-356 denc=1 sreq=100 sapplied=100 crate=100 uimp=403825 upos=2265 uneg=425 ball=116.11 vball=2.55 aball=3.5 bref=0.00 pid=100.0 pref=328.8 ppos=-692.5 apid=0.0 integ=0.0 vision=1 current=1 vframe=21823 vs=1 vage=15 vpage=15 vdt=34 vmax=130413 vacc=17858 vrej=0 seq=0 elapsed=0 oled=3C
[   3812] STATUS mode=3 fault=none enc=-355 denc=0 sreq=100 sapplied=100 crate=100 uimp=405825 upos=2285 uneg=425 ball=116.20 vball=2.66 aball=3.5 bref=0.00 pid=100.0 pref=328.8 ppos=-690.5 apid=0.0 integ=0.0 vision=1 current=1 vframe=21824 vs=1 vage=3 vpage=3 vdt=32 vmax=130413 vacc=17859 vrej=0 seq=0 elapsed=0 oled=3C
[   3842] STATUS mode=3 fault=none enc=-349 denc=1 sreq=100 sapplied=100 crate=100 uimp=409825 upos=2325 uneg=425 ball=116.33 vball=2.99 aball=3.5 bref=0.00 pid=100.0 pref=328.8 ppos=-686.5 apid=0.0 integ=0.0 vision=1 current=1 vframe=21825 vs=1 vage=7 vpage=7 vdt=36 vmax=130413 vacc=17860 vrej=0 seq=0 elapsed=0 oled=3C
[   3858] STATUS mode=3 fault=none enc=-347 denc=1 sreq=100 sapplied=100 crate=100 uimp=411825 upos=2345 uneg=425 ball=116.33 vball=2.99 aball=3.5 bref=0.00 pid=100.0 pref=328.8 ppos=-684.5 apid=0.0 integ=0.0 vision=1 current=1 vframe=21825 vs=1 vage=27 vpage=27 vdt=36 vmax=130413 vacc=17860 vrej=0 seq=0 elapsed=0 oled=3C
[   3890] STATUS mode=3 fault=none enc=-344 denc=1 sreq=100 sapplied=100 crate=100 uimp=413825 upos=2365 uneg=425 ball=116.42 vball=2.95 aball=3.7 bref=0.00 pid=100.0 pref=328.8 ppos=-682.5 apid=0.0 integ=0.0 vision=1 current=1 vframe=21826 vs=1 vage=16 vpage=16 vdt=31 vmax=130413 vacc=17861 vrej=0 seq=0 elapsed=0 oled=3C
[   3922] STATUS mode=3 fault=none enc=-338 denc=1 sreq=100 sapplied=100 crate=100 uimp=417825 upos=2405 uneg=425 ball=116.65 vball=4.08 aball=3.7 bref=0.00 pid=100.0 pref=328.8 ppos=-678.5 apid=0.0 integ=0.0 vision=1 current=1 vframe=21827 vs=1 vage=22 vpage=22 vdt=34 vmax=130413 vacc=17862 vrej=0 seq=0 elapsed=0 oled=3C
[   3953] STATUS mode=3 fault=none enc=-335 denc=2 sreq=100 sapplied=100 crate=100 uimp=419825 upos=2425 uneg=425 ball=116.73 vball=3.53 aball=3.7 bref=0.00 pid=100.0 pref=328.8 ppos=-676.5 apid=0.0 integ=0.0 vision=1 current=1 vframe=21828 vs=1 vage=9 vpage=9 vdt=33 vmax=130413 vacc=17863 vrej=0 seq=0 elapsed=0 oled=3C
[   3967] STATUS mode=3 fault=none enc=-334 denc=0 sreq=100 sapplied=100 crate=100 uimp=421825 upos=2445 uneg=425 ball=116.73 vball=3.53 aball=3.7 bref=0.00 pid=100.0 pref=328.8 ppos=-674.5 apid=0.0 integ=0.0 vision=1 current=1 vframe=21828 vs=1 vage=29 vpage=29 vdt=33 vmax=130413 vacc=17863 vrej=0 seq=0 elapsed=0 oled=3C
[   4000] STATUS mode=3 fault=none enc=-328 denc=1 sreq=100 sapplied=100 crate=100 uimp=425825 upos=2485 uneg=425 ball=116.71 vball=1.60 aball=-0.2 bref=0.00 pid=100.0 pref=328.8 ppos=-670.5 apid=-0.0 integ=0.0 vision=1 current=1 vframe=21830 vs=1 vage=2 vpage=2 vdt=33 vmax=130413 vacc=17865 vrej=0 seq=0 elapsed=0 oled=3C
[   4031] STATUS mode=3 fault=none enc=-325 denc=1 sreq=100 sapplied=100 crate=100 uimp=427825 upos=2505 uneg=425 ball=116.71 vball=1.60 aball=-0.2 bref=0.00 pid=100.0 pref=328.8 ppos=-668.5 apid=-0.0 integ=0.0 vision=1 current=1 vframe=21830 vs=1 vage=22 vpage=22 vdt=33 vmax=130413 vacc=17865 vrej=0 seq=0 elapsed=0 oled=3C
[   4062] STATUS mode=3 fault=none enc=-320 denc=1 sreq=100 sapplied=100 crate=100 uimp=431825 upos=2545 uneg=425 ball=116.57 vball=-0.28 aball=-0.2 bref=0.00 pid=100.0 pref=328.8 ppos=-664.5 apid=-0.0 integ=0.0 vision=1 current=1 vframe=21831 vs=1 vage=29 vpage=29 vdt=33 vmax=130413 vacc=17866 vrej=0 seq=0 elapsed=0 oled=3C
[   4092] STATUS mode=3 fault=none enc=-317 denc=1 sreq=100 sapplied=100 crate=100 uimp=433825 upos=2565 uneg=425 ball=116.45 vball=-1.25 aball=-16.8 bref=0.00 pid=100.0 pref=328.8 ppos=-662.5 apid=-0.0 integ=0.0 vision=1 current=1 vframe=21832 vs=1 vage=15 vpage=15 vdt=34 vmax=130413 vacc=17867 vrej=0 seq=0 elapsed=0 oled=3C
[   4108] STATUS mode=3 fault=none enc=-315 denc=1 sreq=100 sapplied=100 crate=100 uimp=435825 upos=2585 uneg=425 ball=116.46 vball=-0.77 aball=-16.8 bref=0.00 pid=100.0 pref=328.8 ppos=-660.5 apid=-0.0 integ=0.0 vision=1 current=1 vframe=21833 vs=1 vage=2 vpage=2 vdt=33 vmax=130413 vacc=17868 vrej=0 seq=0 elapsed=0 oled=3C
[   4140] STATUS mode=3 fault=none enc=-311 denc=0 sreq=100 sapplied=100 crate=100 uimp=439825 upos=2625 uneg=425 ball=116.57 vball=0.53 aball=-16.8 bref=0.00 pid=100.0 pref=328.8 ppos=-656.5 apid=-0.0 integ=0.0 vision=1 current=1 vframe=21834 vs=1 vage=8 vpage=8 vdt=34 vmax=130413 vacc=17869 vrej=0 seq=0 elapsed=0 oled=3C
[   4172] STATUS mode=3 fault=none enc=-308 denc=1 sreq=100 sapplied=100 crate=100 uimp=441825 upos=2645 uneg=425 ball=116.57 vball=0.53 aball=-16.8 bref=0.00 pid=100.0 pref=328.8 ppos=-654.5 apid=-0.0 integ=0.0 vision=1 current=1 vframe=21834 vs=1 vage=28 vpage=28 vdt=34 vmax=130413 vacc=17869 vrej=0 seq=0 elapsed=0 oled=3C
[   4203] STATUS mode=3 fault=none enc=-306 denc=1 sreq=100 sapplied=100 crate=100 uimp=443825 upos=2665 uneg=425 ball=116.67 vball=1.22 aball=2.0 bref=0.00 pid=100.0 pref=328.8 ppos=-652.5 apid=0.0 integ=0.0 vision=1 current=1 vframe=21835 vs=1 vage=16 vpage=16 vdt=32 vmax=130413 vacc=17870 vrej=0 seq=0 elapsed=0 oled=3C
[   4217] STATUS mode=3 fault=none enc=-300 denc=1 sreq=100 sapplied=100 crate=100 uimp=447825 upos=2705 uneg=425 ball=116.83 vball=2.34 aball=2.0 bref=0.00 pid=100.0 pref=328.8 ppos=-648.5 apid=0.0 integ=0.0 vision=1 current=1 vframe=21836 vs=1 vage=22 vpage=22 vdt=34 vmax=130413 vacc=17871 vrej=0 seq=0 elapsed=0 oled=3C
[   4250] STATUS mode=3 fault=none enc=-298 denc=0 sreq=100 sapplied=100 crate=100 uimp=449825 upos=2725 uneg=425 ball=116.97 vball=2.83 aball=2.0 bref=0.00 pid=100.0 pref=328.8 ppos=-646.5 apid=0.0 integ=0.0 vision=1 current=1 vframe=21837 vs=1 vage=9 vpage=9 vdt=33 vmax=130413 vacc=17872 vrej=0 seq=0 elapsed=0 oled=3C
[   4281] STATUS mode=3 fault=none enc=-293 denc=1 sreq=100 sapplied=100 crate=100 uimp=453825 upos=2765 uneg=425 ball=117.09 vball=2.99 aball=9.1 bref=0.00 pid=100.0 pref=328.8 ppos=-642.5 apid=0.0 integ=0.0 vision=1 current=1 vframe=21838 vs=1 vage=16 vpage=16 vdt=33 vmax=130413 vacc=17873 vrej=0 seq=0 elapsed=0 oled=3C
[   4312] STATUS mode=3 fault=none enc=-290 denc=1 sreq=100 sapplied=100 crate=100 uimp=455825 upos=2785 uneg=425 ball=117.14 vball=2.58 aball=9.1 bref=0.00 pid=100.0 pref=328.8 ppos=-640.5 apid=0.0 integ=0.0 vision=1 current=1 vframe=21839 vs=1 vage=3 vpage=3 vdt=33 vmax=130413 vacc=17874 vrej=0 seq=0 elapsed=0 oled=3C
[   4328] STATUS mode=3 fault=none enc=-287 denc=2 sreq=100 sapplied=100 crate=100 uimp=457825 upos=2805 uneg=425 ball=117.14 vball=2.58 aball=9.1 bref=0.00 pid=100.0 pref=328.8 ppos=-638.5 apid=0.0 integ=0.0 vision=1 current=1 vframe=21839 vs=1 vage=23 vpage=23 vdt=33 vmax=130413 vacc=17874 vrej=0 seq=0 elapsed=0 oled=3C
[   4358] STATUS mode=3 fault=none enc=-282 denc=1 sreq=100 sapplied=100 crate=100 uimp=461825 upos=2845 uneg=425 ball=117.36 vball=3.85 aball=9.1 bref=0.00 pid=100.0 pref=328.8 ppos=-634.5 apid=0.0 integ=0.0 vision=1 current=1 vframe=21840 vs=1 vage=28 vpage=28 vdt=35 vmax=130413 vacc=17875 vrej=0 seq=0 elapsed=0 oled=3C
[   4390] STATUS mode=3 fault=none enc=-279 denc=2 sreq=100 sapplied=100 crate=100 uimp=463825 upos=2865 uneg=425 ball=117.53 vball=4.23 aball=10.6 bref=0.00 pid=100.0 pref=328.8 ppos=-632.5 apid=0.0 integ=0.0 vision=1 current=1 vframe=21841 vs=1 vage=16 vpage=16 vdt=32 vmax=130413 vacc=17876 vrej=0 seq=0 elapsed=0 oled=3C
[   4422] STATUS mode=3 fault=none enc=-277 denc=1 sreq=100 sapplied=100 crate=100 uimp=465825 upos=2885 uneg=425 ball=117.55 vball=3.19 aball=10.6 bref=0.00 pid=100.0 pref=328.8 ppos=-630.5 apid=0.0 integ=0.0 vision=1 current=1 vframe=21842 vs=1 vage=2 vpage=2 vdt=34 vmax=130413 vacc=17877 vrej=0 seq=0 elapsed=0 oled=3C
[   4437] STATUS mode=3 fault=none enc=-273 denc=0 sreq=100 sapplied=100 crate=100 uimp=469825 upos=2925 uneg=425 ball=117.56 vball=2.27 aball=10.6 bref=0.00 pid=100.0 pref=328.8 ppos=-626.5 apid=0.0 integ=0.0 vision=1 current=1 vframe=21843 vs=1 vage=11 vpage=11 vdt=31 vmax=130413 vacc=17878 vrej=0 seq=0 elapsed=0 oled=3C
[   4467] STATUS mode=3 fault=none enc=-270 denc=1 sreq=100 sapplied=100 crate=100 uimp=471825 upos=2945 uneg=425 ball=117.56 vball=2.27 aball=10.6 bref=0.00 pid=100.0 pref=328.8 ppos=-624.5 apid=0.0 integ=0.0 vision=1 current=1 vframe=21843 vs=1 vage=31 vpage=31 vdt=31 vmax=130413 vacc=17878 vrej=0 seq=0 elapsed=0 oled=3C
[   4500] STATUS mode=3 fault=none enc=-265 denc=1 sreq=100 sapplied=100 crate=100 uimp=475825 upos=2985 uneg=425 ball=117.57 vball=1.24 aball=-6.2 bref=0.00 pid=100.0 pref=328.8 ppos=-620.5 apid=-0.0 integ=0.0 vision=1 current=1 vframe=21845 vs=1 vage=2 vpage=2 vdt=34 vmax=130413 vacc=17880 vrej=0 seq=0 elapsed=0 oled=3C
[   4531] STATUS mode=3 fault=none enc=-262 denc=2 sreq=100 sapplied=100 crate=100 uimp=477825 upos=3005 uneg=425 ball=117.57 vball=1.24 aball=-6.2 bref=0.00 pid=100.0 pref=328.8 ppos=-618.5 apid=-0.0 integ=0.0 vision=1 current=1 vframe=21845 vs=1 vage=22 vpage=22 vdt=34 vmax=130413 vacc=17880 vrej=0 seq=0 elapsed=0 oled=3C
[   4547] STATUS mode=3 fault=none enc=-259 denc=2 sreq=100 sapplied=100 crate=100 uimp=479825 upos=3025 uneg=425 ball=117.59 vball=1.10 aball=-6.2 bref=0.00 pid=100.0 pref=328.8 ppos=-616.5 apid=-0.0 integ=0.0 vision=1 current=1 vframe=21846 vs=1 vage=11 vpage=11 vdt=31 vmax=130413 vacc=17881 vrej=0 seq=0 elapsed=0 oled=3C
[   4578] STATUS mode=3 fault=none enc=-254 denc=1 sreq=100 sapplied=100 crate=100 uimp=483825 upos=3065 uneg=425 ball=117.72 vball=1.90 aball=-1.9 bref=0.00 pid=100.0 pref=328.8 ppos=-612.5 apid=-0.0 integ=0.0 vision=1 current=1 vframe=21847 vs=1 vage=16 vpage=16 vdt=35 vmax=130413 vacc=17882 vrej=0 seq=0 elapsed=0 oled=3C
[   4608] STATUS mode=3 fault=none enc=-252 denc=1 sreq=100 sapplied=100 crate=100 uimp=485825 upos=3085 uneg=425 ball=117.88 vball=2.73 aball=-1.9 bref=0.00 pid=100.0 pref=328.8 ppos=-610.5 apid=-0.0 integ=0.0 vision=1 current=1 vframe=21848 vs=1 vage=5 vpage=5 vdt=31 vmax=130413 vacc=17883 vrej=0 seq=0 elapsed=0 oled=3C
[   4640] STATUS mode=3 fault=none enc=-249 denc=1 sreq=100 sapplied=100 crate=100 uimp=487825 upos=3105 uneg=425 ball=117.88 vball=2.73 aball=-1.9 bref=0.00 pid=100.0 pref=328.8 ppos=-608.5 apid=-0.0 integ=0.0 vision=1 current=1 vframe=21848 vs=1 vage=25 vpage=25 vdt=31 vmax=130413 vacc=17883 vrej=0 seq=0 elapsed=0 oled=3C
[   4656] STATUS mode=3 fault=none enc=-244 denc=1 sreq=100 sapplied=100 crate=100 uimp=491825 upos=3145 uneg=425 ball=117.95 vball=2.52 aball=-1.9 bref=0.00 pid=100.0 pref=328.8 ppos=-604.5 apid=-0.0 integ=0.0 vision=1 current=1 vframe=21849 vs=1 vage=31 vpage=31 vdt=34 vmax=130413 vacc=17884 vrej=0 seq=0 elapsed=0 oled=3C
[   4687] STATUS mode=3 fault=none enc=-241 denc=2 sreq=100 sapplied=100 crate=100 uimp=493825 upos=3165 uneg=425 ball=118.06 vball=2.86 aball=3.4 bref=0.00 pid=100.0 pref=328.8 ppos=-602.5 apid=0.0 integ=0.0 vision=1 current=1 vframe=21850 vs=1 vage=18 vpage=18 vdt=33 vmax=130413 vacc=17885 vrej=0 seq=0 elapsed=0 oled=3C
[   4717] STATUS mode=3 fault=none enc=-236 denc=1 sreq=100 sapplied=100 crate=100 uimp=497825 upos=3205 uneg=425 ball=118.16 vball=2.82 aball=3.4 bref=0.00 pid=100.0 pref=328.8 ppos=-598.5 apid=0.0 integ=0.0 vision=1 current=1 vframe=21851 vs=1 vage=5 vpage=5 vdt=33 vmax=130413 vacc=17886 vrej=0 seq=0 elapsed=0 oled=3C
[   4750] STATUS mode=3 fault=none enc=-234 denc=1 sreq=100 sapplied=100 crate=100 uimp=499825 upos=3225 uneg=425 ball=118.19 vball=2.25 aball=3.4 bref=0.00 pid=100.0 pref=328.8 ppos=-596.5 apid=0.0 integ=0.0 vision=1 current=1 vframe=21852 vs=1 vage=13 vpage=13 vdt=32 vmax=130413 vacc=17887 vrej=0 seq=0 elapsed=0 oled=3C
[   4765] STATUS mode=3 fault=none enc=-232 denc=1 sreq=100 sapplied=100 crate=100 uimp=501825 upos=3245 uneg=425 ball=118.19 vball=2.25 aball=3.4 bref=0.00 pid=100.0 pref=328.8 ppos=-594.5 apid=0.0 integ=0.0 vision=1 current=1 vframe=21852 vs=1 vage=33 vpage=33 vdt=32 vmax=130413 vacc=17887 vrej=0 seq=0 elapsed=0 oled=3C
[   4797] STATUS mode=3 fault=none enc=-227 denc=1 sreq=100 sapplied=100 crate=100 uimp=505825 upos=3285 uneg=425 ball=118.20 vball=1.26 aball=-3.9 bref=0.00 pid=100.0 pref=328.8 ppos=-590.5 apid=-0.0 integ=0.0 vision=1 current=1 vframe=21854 vs=1 vage=4 vpage=4 vdt=35 vmax=130413 vacc=17889 vrej=0 seq=0 elapsed=0 oled=3C
[   4828] STATUS mode=3 fault=none enc=-225 denc=1 sreq=100 sapplied=100 crate=100 uimp=507825 upos=3305 uneg=425 ball=118.20 vball=1.26 aball=-3.9 bref=0.00 pid=100.0 pref=328.8 ppos=-588.5 apid=-0.0 integ=0.0 vision=1 current=1 vframe=21854 vs=1 vage=24 vpage=24 vdt=35 vmax=130413 vacc=17889 vrej=0 seq=0 elapsed=0 oled=3C
[   4858] STATUS mode=3 fault=none enc=-222 denc=1 sreq=100 sapplied=100 crate=100 uimp=509825 upos=3325 uneg=425 ball=118.24 vball=1.24 aball=-3.9 bref=0.00 pid=100.0 pref=328.8 ppos=-586.5 apid=-0.0 integ=0.0 vision=1 current=1 vframe=21855 vs=1 vage=11 vpage=11 vdt=33 vmax=130413 vacc=17890 vrej=0 seq=0 elapsed=0 oled=3C
[   4875] STATUS mode=3 fault=none enc=-217 denc=1 sreq=100 sapplied=100 crate=100 uimp=513825 upos=3365 uneg=425 ball=118.29 vball=1.31 aball=-3.4 bref=0.00 pid=100.0 pref=328.8 ppos=-582.5 apid=-0.0 integ=0.0 vision=1 current=1 vframe=21856 vs=1 vage=18 vpage=18 vdt=33 vmax=130413 vacc=17891 vrej=0 seq=0 elapsed=0 oled=3C
[   4906] STATUS mode=3 fault=none enc=-214 denc=1 sreq=100 sapplied=100 crate=100 uimp=515825 upos=3385 uneg=425 ball=118.34 vball=1.41 aball=-3.4 bref=0.00 pid=100.0 pref=328.8 ppos=-580.5 apid=-0.0 integ=0.0 vision=1 current=1 vframe=21857 vs=1 vage=5 vpage=5 vdt=33 vmax=130413 vacc=17892 vrej=0 seq=0 elapsed=0 oled=3C
[   4937] STATUS mode=3 fault=none enc=-212 denc=1 sreq=100 sapplied=100 crate=100 uimp=517825 upos=3405 uneg=425 ball=118.34 vball=1.41 aball=-3.4 bref=0.00 pid=100.0 pref=328.8 ppos=-578.5 apid=-0.0 integ=0.0 vision=1 current=1 vframe=21857 vs=1 vage=25 vpage=25 vdt=33 vmax=130413 vacc=17892 vrej=0 seq=0 elapsed=0 oled=3C
[   4967] STATUS mode=3 fault=none enc=-207 denc=1 sreq=100 sapplied=100 crate=100 uimp=521825 upos=3445 uneg=425 ball=118.65 vball=3.72 aball=-3.4 bref=0.00 pid=100.0 pref=328.8 ppos=-574.5 apid=-0.0 integ=0.0 vision=1 current=1 vframe=21858 vs=1 vage=32 vpage=32 vdt=33 vmax=130413 vacc=17893 vrej=0 seq=0 elapsed=0 oled=3C
[   4983] STATUS mode=3 fault=none enc=-204 denc=2 sreq=100 sapplied=100 crate=100 uimp=523825 upos=3465 uneg=425 ball=118.80 vball=3.89 aball=9.7 bref=0.00 pid=100.0 pref=328.8 ppos=-572.5 apid=0.0 integ=0.0 vision=1 current=1 vframe=21859 vs=1 vage=18 vpage=18 vdt=34 vmax=130413 vacc=17894 vrej=0 seq=0 elapsed=0 oled=3C
[   5015] STATUS mode=3 fault=none enc=-199 denc=1 sreq=100 sapplied=100 crate=100 uimp=527825 upos=3505 uneg=425 ball=118.84 vball=3.07 aball=9.7 bref=0.00 pid=100.0 pref=328.8 ppos=-568.5 apid=0.0 integ=0.0 vision=1 current=1 vframe=21860 vs=1 vage=25 vpage=25 vdt=33 vmax=130413 vacc=17895 vrej=0 seq=0 elapsed=0 oled=3C
[   5047] STATUS mode=3 fault=none enc=-197 denc=1 sreq=100 sapplied=100 crate=100 uimp=529825 upos=3525 uneg=425 ball=119.03 vball=3.79 aball=9.7 bref=0.00 pid=100.0 pref=328.8 ppos=-566.5 apid=0.0 integ=0.0 vision=1 current=1 vframe=21861 vs=1 vage=12 vpage=12 vdt=33 vmax=130413 vacc=17896 vrej=0 seq=0 elapsed=0 oled=3C
[   5078] STATUS mode=3 fault=none enc=-194 denc=1 sreq=100 sapplied=100 crate=100 uimp=531825 upos=3545 uneg=425 ball=119.03 vball=3.79 aball=9.7 bref=0.00 pid=100.0 pref=328.8 ppos=-564.5 apid=0.0 integ=0.0 vision=1 current=1 vframe=21861 vs=1 vage=32 vpage=32 vdt=33 vmax=130413 vacc=17896 vrej=0 seq=0 elapsed=0 oled=3C
[   5092] STATUS mode=3 fault=none enc=-190 denc=1 sreq=100 sapplied=100 crate=100 uimp=535825 upos=3585 uneg=425 ball=119.11 vball=2.37 aball=2.5 bref=0.00 pid=100.0 pref=328.8 ppos=-560.5 apid=0.0 integ=0.0 vision=1 current=1 vframe=21863 vs=1 vage=4 vpage=4 vdt=35 vmax=130413 vacc=17898 vrej=0 seq=0 elapsed=0 oled=3C
[   5125] STATUS mode=3 fault=none enc=-187 denc=2 sreq=100 sapplied=100 crate=100 uimp=537825 upos=3605 uneg=425 ball=119.11 vball=2.37 aball=2.5 bref=0.00 pid=100.0 pref=328.8 ppos=-558.5 apid=0.0 integ=0.0 vision=1 current=1 vframe=21863 vs=1 vage=24 vpage=24 vdt=35 vmax=130413 vacc=17898 vrej=0 seq=0 elapsed=0 oled=3C
[   5156] STATUS mode=3 fault=none enc=-185 denc=1 sreq=100 sapplied=100 crate=100 uimp=539825 upos=3625 uneg=425 ball=119.10 vball=1.58 aball=2.5 bref=0.00 pid=100.0 pref=328.8 ppos=-556.5 apid=0.0 integ=0.0 vision=1 current=1 vframe=21864 vs=1 vage=11 vpage=11 vdt=33 vmax=130413 vacc=17899 vrej=0 seq=0 elapsed=0 oled=3C
[   5187] STATUS mode=3 fault=none enc=-179 denc=2 sreq=100 sapplied=100 crate=100 uimp=543825 upos=3665 uneg=425 ball=119.09 vball=1.11 aball=-8.2 bref=0.00 pid=100.0 pref=328.8 ppos=-552.5 apid=-0.0 integ=0.0 vision=1 current=1 vframe=21865 vs=1 vage=18 vpage=18 vdt=33 vmax=130413 vacc=17900 vrej=0 seq=0 elapsed=0 oled=3C
[   5203] STATUS mode=3 fault=none enc=-177 denc=1 sreq=100 sapplied=100 crate=100 uimp=545825 upos=3685 uneg=425 ball=119.09 vball=0.77 aball=-8.2 bref=0.00 pid=100.0 pref=328.8 ppos=-550.5 apid=-0.0 integ=0.0 vision=1 current=1 vframe=21866 vs=1 vage=5 vpage=5 vdt=33 vmax=130413 vacc=17901 vrej=0 seq=0 elapsed=0 oled=3C
[   5233] STATUS mode=3 fault=none enc=-172 denc=1 sreq=100 sapplied=100 crate=100 uimp=549825 upos=3725 uneg=425 ball=119.09 vball=0.50 aball=-8.2 bref=0.00 pid=100.0 pref=328.8 ppos=-546.5 apid=-0.0 integ=0.0 vision=1 current=1 vframe=21867 vs=1 vage=10 vpage=10 vdt=35 vmax=130413 vacc=17902 vrej=0 seq=0 elapsed=0 oled=3C
[   5265] STATUS mode=3 fault=none enc=-169 denc=2 sreq=100 sapplied=100 crate=100 uimp=551825 upos=3745 uneg=425 ball=119.09 vball=0.50 aball=-8.2 bref=0.00 pid=100.0 pref=328.8 ppos=-544.5 apid=-0.0 integ=0.0 vision=1 current=1 vframe=21867 vs=1 vage=30 vpage=30 vdt=35 vmax=130413 vacc=17902 vrej=0 seq=0 elapsed=0 oled=3C
[   5297] STATUS mode=3 fault=none enc=-167 denc=1 sreq=100 sapplied=100 crate=100 uimp=553825 upos=3765 uneg=425 ball=119.10 vball=0.43 aball=-7.6 bref=0.00 pid=100.0 pref=328.8 ppos=-542.5 apid=-0.0 integ=0.0 vision=1 current=1 vframe=21868 vs=1 vage=18 vpage=18 vdt=32 vmax=130413 vacc=17903 vrej=0 seq=0 elapsed=0 oled=3C
[   5312] STATUS mode=3 fault=none enc=-161 denc=2 sreq=100 sapplied=100 crate=100 uimp=557825 upos=3805 uneg=425 ball=119.11 vball=0.43 aball=-7.6 bref=0.00 pid=100.0 pref=328.8 ppos=-538.5 apid=-0.0 integ=0.0 vision=1 current=1 vframe=21869 vs=1 vage=23 vpage=23 vdt=35 vmax=130413 vacc=17904 vrej=0 seq=0 elapsed=0 oled=3C
[   5342] STATUS mode=3 fault=none enc=-159 denc=1 sreq=100 sapplied=100 crate=100 uimp=559825 upos=3825 uneg=425 ball=119.23 vball=1.30 aball=-7.6 bref=0.00 pid=100.0 pref=328.8 ppos=-536.5 apid=-0.0 integ=0.0 vision=1 current=1 vframe=21870 vs=1 vage=8 vpage=8 vdt=35 vmax=130413 vacc=17905 vrej=0 seq=0 elapsed=0 oled=3C
[   5375] STATUS mode=3 fault=none enc=-156 denc=1 sreq=100 sapplied=100 crate=100 uimp=561825 upos=3845 uneg=425 ball=119.23 vball=1.30 aball=-7.6 bref=0.00 pid=100.0 pref=328.8 ppos=-534.5 apid=-0.0 integ=0.0 vision=1 current=1 vframe=21870 vs=1 vage=28 vpage=28 vdt=35 vmax=130413 vacc=17905 vrej=0 seq=0 elapsed=0 oled=3C
[   5406] STATUS mode=3 fault=none enc=-152 denc=1 sreq=100 sapplied=100 crate=100 uimp=565825 upos=3885 uneg=425 ball=119.26 vball=0.72 aball=0.0 bref=0.00 pid=100.0 pref=328.8 ppos=-530.5 apid=0.0 integ=0.0 vision=1 current=1 vframe=21872 vs=1 vage=3 vpage=3 vdt=34 vmax=130413 vacc=17907 vrej=0 seq=0 elapsed=0 oled=3C
[   5437] STATUS mode=3 fault=none enc=-150 denc=1 sreq=100 sapplied=100 crate=100 uimp=567825 upos=3905 uneg=425 ball=119.26 vball=0.72 aball=0.0 bref=0.00 pid=100.0 pref=328.8 ppos=-528.5 apid=0.0 integ=0.0 vision=1 current=1 vframe=21872 vs=1 vage=23 vpage=23 vdt=34 vmax=130413 vacc=17907 vrej=0 seq=0 elapsed=0 oled=3C
[   5453] STATUS mode=3 fault=none enc=-145 denc=1 sreq=100 sapplied=100 crate=100 uimp=571825 upos=3945 uneg=425 ball=119.24 vball=0.32 aball=0.0 bref=0.00 pid=100.0 pref=328.8 ppos=-524.5 apid=0.0 integ=0.0 vision=1 current=1 vframe=21873 vs=1 vage=11 vpage=11 vdt=32 vmax=130413 vacc=17908 vrej=0 seq=0 elapsed=0 oled=3C
[   5483] STATUS mode=3 fault=none enc=-142 denc=1 sreq=100 sapplied=100 crate=100 uimp=573825 upos=3965 uneg=425 ball=119.40 vball=1.67 aball=1.4 bref=0.00 pid=100.0 pref=328.8 ppos=-522.5 apid=0.0 integ=0.0 vision=1 current=1 vframe=21874 vs=1 vage=18 vpage=18 vdt=33 vmax=130413 vacc=17909 vrej=0 seq=0 elapsed=0 oled=3C
[   5515] STATUS mode=3 fault=none enc=-140 denc=1 sreq=100 sapplied=100 crate=100 uimp=575825 upos=3985 uneg=425 ball=119.48 vball=1.83 aball=1.4 bref=0.00 pid=100.0 pref=328.8 ppos=-520.5 apid=0.0 integ=0.0 vision=1 current=1 vframe=21875 vs=1 vage=5 vpage=5 vdt=33 vmax=130413 vacc=17910 vrej=0 seq=0 elapsed=0 oled=3C
[   5547] STATUS mode=3 fault=none enc=-134 denc=1 sreq=100 sapplied=100 crate=100 uimp=579825 upos=4025 uneg=425 ball=119.52 vball=1.64 aball=1.4 bref=0.00 pid=100.0 pref=328.8 ppos=-516.5 apid=0.0 integ=0.0 vision=1 current=1 vframe=21876 vs=1 vage=12 vpage=12 vdt=33 vmax=130413 vacc=17911 vrej=0 seq=0 elapsed=0 oled=3C
[   5562] STATUS mode=3 fault=none enc=-133 denc=1 sreq=100 sapplied=100 crate=100 uimp=581825 upos=4045 uneg=425 ball=119.52 vball=1.64 aball=1.4 bref=0.00 pid=100.0 pref=328.8 ppos=-514.5 apid=0.0 integ=0.0 vision=1 current=1 vframe=21876 vs=1 vage=32 vpage=32 vdt=33 vmax=130413 vacc=17911 vrej=0 seq=0 elapsed=0 oled=3C
[   5592] STATUS mode=3 fault=none enc=-130 denc=1 sreq=100 sapplied=100 crate=100 uimp=583825 upos=4065 uneg=425 ball=119.54 vball=1.35 aball=-0.7 bref=0.00 pid=100.0 pref=328.8 ppos=-512.5 apid=-0.0 integ=0.0 vision=1 current=1 vframe=21877 vs=1 vage=18 vpage=18 vdt=34 vmax=130413 vacc=17912 vrej=0 seq=0 elapsed=0 oled=3C
[   5625] STATUS mode=3 fault=none enc=-125 denc=1 sreq=100 sapplied=100 crate=100 uimp=587825 upos=4105 uneg=425 ball=119.58 vball=1.28 aball=-0.7 bref=0.00 pid=100.0 pref=328.8 ppos=-508.5 apid=-0.0 integ=0.0 vision=1 current=1 vframe=21878 vs=1 vage=26 vpage=26 vdt=32 vmax=130413 vacc=17913 vrej=0 seq=0 elapsed=0 oled=3C
[   5656] STATUS mode=3 fault=none enc=-122 denc=2 sreq=100 sapplied=100 crate=100 uimp=589825 upos=4125 uneg=425 ball=119.65 vball=1.53 aball=-0.7 bref=0.00 pid=100.0 pref=328.8 ppos=-506.5 apid=-0.0 integ=0.0 vision=1 current=1 vframe=21879 vs=1 vage=11 vpage=11 vdt=35 vmax=130413 vacc=17914 vrej=0 seq=0 elapsed=0 oled=3C
[   5672] STATUS mode=3 fault=none enc=-120 denc=1 sreq=100 sapplied=100 crate=100 uimp=591825 upos=4145 uneg=425 ball=119.65 vball=1.53 aball=-0.7 bref=0.00 pid=100.0 pref=328.8 ppos=-504.5 apid=-0.0 integ=0.0 vision=1 current=1 vframe=21879 vs=1 vage=31 vpage=31 vdt=35 vmax=130413 vacc=17914 vrej=0 seq=0 elapsed=0 oled=3C
[   5703] STATUS mode=3 fault=none enc=-115 denc=1 sreq=100 sapplied=100 crate=100 uimp=595825 upos=4185 uneg=425 ball=119.86 vball=2.52 aball=0.1 bref=0.00 pid=100.0 pref=328.8 ppos=-500.5 apid=0.0 integ=0.0 vision=1 current=1 vframe=21881 vs=1 vage=5 vpage=5 vdt=33 vmax=130413 vacc=17916 vrej=0 seq=0 elapsed=0 oled=3C
[   5733] STATUS mode=3 fault=none enc=-113 denc=1 sreq=100 sapplied=100 crate=100 uimp=597825 upos=4205 uneg=425 ball=119.86 vball=2.52 aball=0.1 bref=0.00 pid=100.0 pref=328.8 ppos=-498.5 apid=0.0 integ=0.0 vision=1 current=1 vframe=21881 vs=1 vage=25 vpage=25 vdt=33 vmax=130413 vacc=17916 vrej=0 seq=0 elapsed=0 oled=3C
[   5765] STATUS mode=3 fault=none enc=-108 denc=1 sreq=100 sapplied=100 crate=100 uimp=601825 upos=4245 uneg=425 ball=120.00 vball=3.02 aball=0.1 bref=0.00 pid=100.0 pref=328.8 ppos=-494.5 apid=0.0 integ=0.0 vision=1 current=1 vframe=21882 vs=1 vage=32 vpage=32 vdt=33 vmax=130413 vacc=17917 vrej=0 seq=0 elapsed=0 oled=3C
[   5781] STATUS mode=3 fault=none enc=-105 denc=2 sreq=100 sapplied=100 crate=100 uimp=603825 upos=4265 uneg=425 ball=120.08 vball=2.86 aball=6.4 bref=0.00 pid=100.0 pref=328.8 ppos=-492.5 apid=0.0 integ=0.0 vision=1 current=1 vframe=21883 vs=1 vage=19 vpage=19 vdt=33 vmax=130413 vacc=17918 vrej=0 seq=0 elapsed=0 oled=3C
[   5812] STATUS mode=3 fault=none enc=-103 denc=1 sreq=100 sapplied=100 crate=100 uimp=605825 upos=4285 uneg=425 ball=120.16 vball=2.67 aball=6.4 bref=0.00 pid=100.0 pref=328.8 ppos=-490.5 apid=0.0 integ=0.0 vision=1 current=1 vframe=21884 vs=1 vage=5 vpage=5 vdt=34 vmax=130413 vacc=17919 vrej=0 seq=0 elapsed=0 oled=3C
[   5842] STATUS mode=3 fault=none enc=-97 denc=1 sreq=100 sapplied=100 crate=100 uimp=609825 upos=4325 uneg=425 ball=120.40 vball=4.05 aball=6.4 bref=0.00 pid=100.0 pref=328.8 ppos=-486.5 apid=0.0 integ=0.0 vision=1 current=1 vframe=21885 vs=1 vage=12 vpage=12 vdt=33 vmax=130413 vacc=17920 vrej=0 seq=0 elapsed=0 oled=3C
[   5875] STATUS mode=3 fault=none enc=-94 denc=2 sreq=100 sapplied=100 crate=100 uimp=611825 upos=4345 uneg=425 ball=120.40 vball=4.05 aball=6.4 bref=0.00 pid=100.0 pref=328.8 ppos=-484.5 apid=0.0 integ=0.0 vision=1 current=1 vframe=21885 vs=1 vage=32 vpage=32 vdt=33 vmax=130413 vacc=17920 vrej=0 seq=0 elapsed=0 oled=3C
[   5890] STATUS mode=3 fault=none enc=-93 denc=1 sreq=100 sapplied=100 crate=100 uimp=613825 upos=4365 uneg=425 ball=120.52 vball=3.90 aball=8.2 bref=0.00 pid=100.0 pref=328.8 ppos=-482.5 apid=0.0 integ=0.0 vision=1 current=1 vframe=21886 vs=1 vage=19 vpage=19 vdt=33 vmax=130413 vacc=17921 vrej=0 seq=0 elapsed=0 oled=3C
[   5922] STATUS mode=3 fault=none enc=-87 denc=2 sreq=100 sapplied=100 crate=100 uimp=617825 upos=4405 uneg=425 ball=120.57 vball=3.17 aball=8.2 bref=0.00 pid=100.0 pref=328.8 ppos=-478.5 apid=0.0 integ=0.0 vision=1 current=1 vframe=21887 vs=1 vage=26 vpage=26 vdt=33 vmax=130413 vacc=17922 vrej=0 seq=0 elapsed=0 oled=3C
[   5953] STATUS mode=3 fault=none enc=-85 denc=1 sreq=100 sapplied=100 crate=100 uimp=619825 upos=4425 uneg=425 ball=120.57 vball=2.24 aball=8.2 bref=0.00 pid=100.0 pref=328.8 ppos=-476.5 apid=0.0 integ=0.0 vision=1 current=1 vframe=21888 vs=1 vage=13 vpage=13 vdt=33 vmax=130413 vacc=17923 vrej=0 seq=0 elapsed=0 oled=3C
[   5983] STATUS mode=3 fault=none enc=-82 denc=1 sreq=100 sapplied=100 crate=100 uimp=621825 upos=4445 uneg=425 ball=120.57 vball=2.24 aball=8.2 bref=0.00 pid=100.0 pref=328.8 ppos=-474.5 apid=0.0 integ=0.0 vision=1 current=1 vframe=21888 vs=1 vage=33 vpage=33 vdt=33 vmax=130413 vacc=17923 vrej=0 seq=0 elapsed=0 oled=3C
[   6000] STATUS mode=3 fault=none enc=-77 denc=1 sreq=100 sapplied=100 crate=100 uimp=625825 upos=4485 uneg=425 ball=120.52 vball=0.79 aball=-7.2 bref=0.00 pid=100.0 pref=328.8 ppos=-470.5 apid=-0.0 integ=0.0 vision=1 current=1 vframe=21890 vs=1 vage=6 vpage=6 vdt=34 vmax=130413 vacc=17925 vrej=0 seq=0 elapsed=0 oled=3C
[   6031] STATUS mode=3 fault=none enc=-75 denc=1 sreq=100 sapplied=100 crate=100 uimp=627825 upos=4505 uneg=425 ball=120.52 vball=0.79 aball=-7.2 bref=0.00 pid=100.0 pref=328.8 ppos=-468.5 apid=-0.0 integ=0.0 vision=1 current=1 vframe=21890 vs=1 vage=26 vpage=26 vdt=34 vmax=130413 vacc=17925 vrej=0 seq=0 elapsed=0 oled=3C
[   6062] STATUS mode=3 fault=none enc=-70 denc=1 sreq=100 sapplied=100 crate=100 uimp=631825 upos=4545 uneg=425 ball=120.58 vball=1.07 aball=-7.2 bref=0.00 pid=100.0 pref=328.8 ppos=-464.5 apid=-0.0 integ=0.0 vision=1 current=1 vframe=21891 vs=1 vage=33 vpage=33 vdt=33 vmax=130413 vacc=17926 vrej=0 seq=0 elapsed=0 oled=3C
[   6092] STATUS mode=3 fault=none enc=-68 denc=1 sreq=100 sapplied=100 crate=100 uimp=633825 upos=4565 uneg=425 ball=120.64 vball=1.30 aball=-4.1 bref=0.00 pid=100.0 pref=328.8 ppos=-462.5 apid=-0.0 integ=0.0 vision=1 current=1 vframe=21892 vs=1 vage=20 vpage=20 vdt=33 vmax=130413 vacc=17927 vrej=0 seq=0 elapsed=0 oled=3C
[   6108] STATUS mode=3 fault=none enc=-66 denc=1 sreq=100 sapplied=100 crate=100 uimp=635825 upos=4585 uneg=425 ball=120.93 vball=3.63 aball=-4.1 bref=0.00 pid=100.0 pref=328.8 ppos=-460.5 apid=-0.0 integ=0.0 vision=1 current=1 vframe=21893 vs=1 vage=6 vpage=6 vdt=34 vmax=130413 vacc=17928 vrej=0 seq=0 elapsed=0 oled=3C
[   6140] STATUS mode=3 fault=none enc=-60 denc=2 sreq=100 sapplied=100 crate=100 uimp=639825 upos=4625 uneg=425 ball=121.21 vball=4.99 aball=-4.1 bref=0.00 pid=100.0 pref=328.8 ppos=-456.5 apid=-0.0 integ=0.0 vision=1 current=1 vframe=21894 vs=1 vage=9 vpage=9 vdt=37 vmax=130413 vacc=17929 vrej=0 seq=0 elapsed=0 oled=3C
[   6172] STATUS mode=3 fault=none enc=-58 denc=1 sreq=100 sapplied=100 crate=100 uimp=641825 upos=4645 uneg=425 ball=121.21 vball=4.99 aball=-4.1 bref=0.00 pid=100.0 pref=328.8 ppos=-454.5 apid=-0.0 integ=0.0 vision=1 current=1 vframe=21894 vs=1 vage=29 vpage=29 vdt=37 vmax=130413 vacc=17929 vrej=0 seq=0 elapsed=0 oled=3C
[   6203] STATUS mode=3 fault=none enc=-55 denc=1 sreq=100 sapplied=100 crate=100 uimp=643825 upos=4665 uneg=425 ball=121.33 vball=4.50 aball=11.6 bref=0.00 pid=100.0 pref=328.8 ppos=-452.5 apid=0.0 integ=0.0 vision=1 current=1 vframe=21895 vs=1 vage=16 vpage=16 vdt=33 vmax=130413 vacc=17930 vrej=0 seq=0 elapsed=0 oled=3C
[   6217] STATUS mode=3 fault=none enc=-51 denc=1 sreq=100 sapplied=100 crate=100 uimp=647825 upos=4705 uneg=425 ball=121.35 vball=3.28 aball=11.6 bref=0.00 pid=100.0 pref=328.8 ppos=-448.5 apid=0.0 integ=0.0 vision=1 current=1 vframe=21896 vs=1 vage=16 vpage=16 vdt=40 vmax=130413 vacc=17931 vrej=0 seq=0 elapsed=0 oled=3C
[   6250] STATUS mode=3 fault=none enc=-48 denc=1 sreq=100 sapplied=100 crate=100 uimp=649825 upos=4725 uneg=425 ball=121.35 vball=2.31 aball=11.6 bref=0.00 pid=100.0 pref=328.8 ppos=-446.5 apid=0.0 integ=0.0 vision=1 current=1 vframe=21897 vs=1 vage=0 vpage=0 vdt=36 vmax=130413 vacc=17932 vrej=0 seq=0 elapsed=0 oled=3C
[   6281] STATUS mode=3 fault=none enc=-43 denc=1 sreq=100 sapplied=100 crate=100 uimp=653825 upos=4765 uneg=425 ball=121.33 vball=1.47 aball=-7.4 bref=0.00 pid=100.0 pref=328.8 ppos=-442.5 apid=-0.0 integ=0.0 vision=1 current=1 vframe=21898 vs=1 vage=17 vpage=17 vdt=23 vmax=130413 vacc=17933 vrej=0 seq=0 elapsed=0 oled=3C
[   6312] STATUS mode=3 fault=none enc=-40 denc=1 sreq=100 sapplied=100 crate=100 uimp=655825 upos=4785 uneg=425 ball=121.34 vball=1.16 aball=-7.4 bref=0.00 pid=100.0 pref=328.8 ppos=-440.5 apid=-0.0 integ=0.0 vision=1 current=1 vframe=21899 vs=1 vage=7 vpage=7 vdt=30 vmax=130413 vacc=17934 vrej=0 seq=0 elapsed=0 oled=3C
[   6328] STATUS mode=3 fault=none enc=-38 denc=1 sreq=100 sapplied=100 crate=100 uimp=657825 upos=4805 uneg=425 ball=121.34 vball=1.16 aball=-7.4 bref=0.00 pid=100.0 pref=328.8 ppos=-438.5 apid=-0.0 integ=0.0 vision=1 current=1 vframe=21899 vs=1 vage=27 vpage=27 vdt=30 vmax=130413 vacc=17934 vrej=0 seq=0 elapsed=0 oled=3C
[   6358] STATUS mode=3 fault=none enc=-33 denc=1 sreq=100 sapplied=100 crate=100 uimp=661825 upos=4845 uneg=425 ball=121.34 vball=0.81 aball=-7.4 bref=0.00 pid=100.0 pref=328.8 ppos=-434.5 apid=-0.0 integ=0.0 vision=1 current=1 vframe=21900 vs=1 vage=31 vpage=31 vdt=36 vmax=130413 vacc=17935 vrej=0 seq=0 elapsed=0 oled=3C
[   6390] STATUS mode=3 fault=none enc=-31 denc=1 sreq=100 sapplied=100 crate=100 uimp=663825 upos=4865 uneg=425 ball=121.38 vball=0.88 aball=-6.8 bref=0.00 pid=100.0 pref=328.8 ppos=-432.5 apid=-0.0 integ=0.0 vision=1 current=1 vframe=21901 vs=1 vage=19 vpage=19 vdt=32 vmax=130413 vacc=17936 vrej=0 seq=0 elapsed=0 oled=3C
[   6422] STATUS mode=3 fault=none enc=-28 denc=1 sreq=100 sapplied=100 crate=100 uimp=665825 upos=4885 uneg=425 ball=121.39 vball=0.72 aball=-6.8 bref=0.00 pid=100.0 pref=328.8 ppos=-430.5 apid=-0.0 integ=0.0 vision=1 current=1 vframe=21902 vs=1 vage=6 vpage=6 vdt=33 vmax=130413 vacc=17937 vrej=0 seq=0 elapsed=0 oled=3C
[   6437] STATUS mode=3 fault=none enc=-23 denc=1 sreq=100 sapplied=100 crate=100 uimp=669825 upos=4925 uneg=425 ball=121.38 vball=0.38 aball=-6.8 bref=0.00 pid=100.0 pref=328.8 ppos=-426.5 apid=-0.0 integ=0.0 vision=1 current=1 vframe=21903 vs=1 vage=13 vpage=13 vdt=33 vmax=130413 vacc=17938 vrej=0 seq=0 elapsed=0 oled=3C
[   6467] STATUS mode=3 fault=none enc=-20 denc=1 sreq=100 sapplied=100 crate=100 uimp=671825 upos=4945 uneg=425 ball=121.38 vball=0.38 aball=-6.8 bref=0.00 pid=100.0 pref=328.8 ppos=-424.5 apid=-0.0 integ=0.0 vision=1 current=1 vframe=21903 vs=1 vage=33 vpage=33 vdt=33 vmax=130413 vacc=17938 vrej=0 seq=0 elapsed=0 oled=3C
[   6500] STATUS mode=3 fault=none enc=-17 denc=2 sreq=100 sapplied=100 crate=100 uimp=673825 upos=4965 uneg=425 ball=121.38 vball=0.27 aball=-6.5 bref=0.00 pid=100.0 pref=328.8 ppos=-422.5 apid=-0.0 integ=0.0 vision=1 current=1 vframe=21904 vs=1 vage=19 vpage=19 vdt=34 vmax=130413 vacc=17939 vrej=0 seq=0 elapsed=0 oled=3C
[   6531] STATUS mode=3 fault=none enc=-13 denc=1 sreq=100 sapplied=100 crate=100 uimp=677825 upos=5005 uneg=425 ball=121.39 vball=0.32 aball=-6.5 bref=0.00 pid=100.0 pref=328.8 ppos=-418.5 apid=-0.0 integ=0.0 vision=1 current=1 vframe=21905 vs=1 vage=26 vpage=26 vdt=33 vmax=130413 vacc=17940 vrej=0 seq=0 elapsed=0 oled=3C
[   6547] STATUS mode=3 fault=none enc=-10 denc=1 sreq=100 sapplied=100 crate=100 uimp=679825 upos=5025 uneg=425 ball=121.40 vball=0.33 aball=-6.5 bref=0.00 pid=100.0 pref=328.8 ppos=-416.5 apid=-0.0 integ=0.0 vision=1 current=1 vframe=21906 vs=1 vage=12 vpage=12 vdt=34 vmax=130413 vacc=17941 vrej=0 seq=0 elapsed=0 oled=3C
[   6578] STATUS mode=3 fault=none enc=-4 denc=2 sreq=100 sapplied=100 crate=100 uimp=683825 upos=5065 uneg=425 ball=121.40 vball=0.25 aball=-3.6 bref=0.00 pid=100.0 pref=328.8 ppos=-412.5 apid=-0.0 integ=0.0 vision=1 current=1 vframe=21907 vs=1 vage=20 vpage=20 vdt=32 vmax=130413 vacc=17942 vrej=0 seq=0 elapsed=0 oled=3C
[   6608] STATUS mode=3 fault=none enc=-1 denc=2 sreq=100 sapplied=100 crate=100 uimp=685825 upos=5085 uneg=425 ball=121.51 vball=1.19 aball=-3.6 bref=0.00 pid=100.0 pref=328.8 ppos=-410.5 apid=-0.0 integ=0.0 vision=1 current=1 vframe=21908 vs=1 vage=7 vpage=7 vdt=33 vmax=130413 vacc=17943 vrej=0 seq=0 elapsed=0 oled=3C
[   6640] STATUS mode=3 fault=none enc=1 denc=1 sreq=100 sapplied=100 crate=100 uimp=687825 upos=5105 uneg=425 ball=121.51 vball=1.19 aball=-3.6 bref=0.00 pid=100.0 pref=328.8 ppos=-408.5 apid=-0.0 integ=0.0 vision=1 current=1 vframe=21908 vs=1 vage=27 vpage=27 vdt=33 vmax=130413 vacc=17943 vrej=0 seq=0 elapsed=0 oled=3C
[   6656] STATUS mode=3 fault=none enc=6 denc=1 sreq=100 sapplied=100 crate=100 uimp=691825 upos=5145 uneg=425 ball=121.79 vball=3.33 aball=-3.6 bref=0.00 pid=100.0 pref=328.8 ppos=-404.5 apid=-0.0 integ=0.0 vision=1 current=1 vframe=21909 vs=1 vage=33 vpage=33 vdt=34 vmax=130413 vacc=17944 vrej=0 seq=0 elapsed=0 oled=3C
[   6687] STATUS mode=3 fault=none enc=8 denc=1 sreq=100 sapplied=100 crate=100 uimp=693825 upos=5165 uneg=425 ball=122.02 vball=4.32 aball=15.9 bref=0.00 pid=100.0 pref=328.8 ppos=-402.5 apid=0.0 integ=0.0 vision=1 current=1 vframe=21910 vs=1 vage=18 vpage=18 vdt=35 vmax=130413 vacc=17945 vrej=0 seq=0 elapsed=0 oled=3C
[   6717] STATUS mode=3 fault=none enc=11 denc=1 sreq=100 sapplied=100 crate=100 uimp=695825 upos=5185 uneg=425 ball=122.14 vball=4.14 aball=15.9 bref=0.00 pid=100.0 pref=328.8 ppos=-400.5 apid=0.0 integ=0.0 vision=1 current=1 vframe=21911 vs=1 vage=4 vpage=4 vdt=34 vmax=130413 vacc=17946 vrej=0 seq=0 elapsed=0 oled=3C
[   6750] STATUS mode=3 fault=none enc=16 denc=1 sreq=100 sapplied=100 crate=100 uimp=699825 upos=5225 uneg=425 ball=122.19 vball=3.38 aball=15.9 bref=0.00 pid=100.0 pref=328.8 ppos=-396.5 apid=0.0 integ=0.0 vision=1 current=1 vframe=21912 vs=1 vage=11 vpage=11 vdt=33 vmax=130413 vacc=17947 vrej=0 seq=0 elapsed=0 oled=3C
[   6765] STATUS mode=3 fault=none enc=19 denc=2 sreq=100 sapplied=100 crate=100 uimp=701825 upos=5245 uneg=425 ball=122.19 vball=3.38 aball=15.9 bref=0.00 pid=100.0 pref=328.8 ppos=-394.5 apid=0.0 integ=0.0 vision=1 current=1 vframe=21912 vs=1 vage=31 vpage=31 vdt=33 vmax=130413 vacc=17947 vrej=0 seq=0 elapsed=0 oled=3C
[   6797] STATUS mode=3 fault=none enc=21 denc=1 sreq=100 sapplied=100 crate=100 uimp=703825 upos=5265 uneg=425 ball=122.21 vball=2.50 aball=0.6 bref=0.00 pid=100.0 pref=328.8 ppos=-392.5 apid=0.0 integ=0.0 vision=1 current=1 vframe=21913 vs=1 vage=18 vpage=18 vdt=33 vmax=130413 vacc=17948 vrej=0 seq=0 elapsed=0 oled=3C
[   6828] STATUS mode=3 fault=none enc=27 denc=1 sreq=100 sapplied=100 crate=100 uimp=707825 upos=5305 uneg=425 ball=122.21 vball=1.80 aball=0.6 bref=0.00 pid=100.0 pref=328.8 ppos=-388.5 apid=0.0 integ=0.0 vision=1 current=1 vframe=21914 vs=1 vage=24 vpage=24 vdt=34 vmax=130413 vacc=17949 vrej=0 seq=0 elapsed=0 oled=3C
[   6858] STATUS mode=3 fault=none enc=29 denc=1 sreq=100 sapplied=100 crate=100 uimp=709825 upos=5325 uneg=425 ball=122.21 vball=1.25 aball=0.6 bref=0.00 pid=100.0 pref=328.8 ppos=-386.5 apid=0.0 integ=0.0 vision=1 current=1 vframe=21915 vs=1 vage=11 vpage=11 vdt=33 vmax=130413 vacc=17950 vrej=0 seq=0 elapsed=0 oled=3C
[   6875] STATUS mode=3 fault=none enc=34 denc=1 sreq=100 sapplied=100 crate=100 uimp=713825 upos=5365 uneg=425 ball=122.23 vball=1.09 aball=-6.0 bref=0.00 pid=100.0 pref=328.8 ppos=-382.5 apid=-0.0 integ=0.0 vision=1 current=1 vframe=21916 vs=1 vage=17 vpage=17 vdt=34 vmax=130413 vacc=17951 vrej=0 seq=0 elapsed=0 oled=3C
[   6906] STATUS mode=3 fault=none enc=37 denc=2 sreq=100 sapplied=100 crate=100 uimp=715825 upos=5385 uneg=425 ball=122.24 vball=0.83 aball=-6.0 bref=0.00 pid=100.0 pref=328.8 ppos=-380.5 apid=-0.0 integ=0.0 vision=1 current=1 vframe=21917 vs=1 vage=4 vpage=4 vdt=33 vmax=130413 vacc=17952 vrej=0 seq=0 elapsed=0 oled=3C
[   6937] STATUS mode=3 fault=none enc=39 denc=1 sreq=100 sapplied=100 crate=100 uimp=717825 upos=5405 uneg=425 ball=122.24 vball=0.83 aball=-6.0 bref=0.00 pid=100.0 pref=328.8 ppos=-378.5 apid=-0.0 integ=0.0 vision=1 current=1 vframe=21917 vs=1 vage=24 vpage=24 vdt=33 vmax=130413 vacc=17952 vrej=0 seq=0 elapsed=0 oled=3C
[   6953] STATUS mode=3 fault=none enc=45 denc=2 sreq=100 sapplied=100 crate=100 uimp=721825 upos=5445 uneg=425 ball=122.25 vball=0.68 aball=-6.0 bref=0.00 pid=100.0 pref=328.8 ppos=-374.5 apid=-0.0 integ=0.0 vision=1 current=1 vframe=21918 vs=1 vage=30 vpage=30 vdt=34 vmax=130413 vacc=17953 vrej=0 seq=0 elapsed=0 oled=3C
[   6983] STATUS mode=3 fault=none enc=48 denc=2 sreq=100 sapplied=100 crate=100 uimp=723825 upos=5465 uneg=425 ball=122.71 vball=4.72 aball=13.1 bref=0.00 pid=100.0 pref=328.8 ppos=-372.5 apid=0.0 integ=0.0 vision=1 current=1 vframe=21919 vs=1 vage=17 vpage=17 vdt=33 vmax=130413 vacc=17954 vrej=0 seq=0 elapsed=0 oled=3C
[   7015] STATUS mode=3 fault=none enc=49 denc=1 sreq=100 sapplied=100 crate=100 uimp=725825 upos=5485 uneg=425 ball=122.96 vball=5.41 aball=13.1 bref=0.00 pid=100.0 pref=328.8 ppos=-370.5 apid=0.0 integ=0.0 vision=1 current=1 vframe=21920 vs=1 vage=4 vpage=4 vdt=33 vmax=130413 vacc=17955 vrej=0 seq=0 elapsed=0 oled=3C
[   7047] STATUS mode=3 fault=none enc=54 denc=1 sreq=100 sapplied=100 crate=100 uimp=729825 upos=5525 uneg=425 ball=123.02 vball=4.37 aball=13.1 bref=0.00 pid=100.0 pref=328.8 ppos=-366.5 apid=0.0 integ=0.0 vision=1 current=1 vframe=21921 vs=1 vage=10 vpage=10 vdt=34 vmax=130413 vacc=17956 vrej=0 seq=0 elapsed=0 oled=3C
[   7062] STATUS mode=3 fault=none enc=57 denc=1 sreq=100 sapplied=100 crate=100 uimp=731825 upos=5545 uneg=425 ball=123.02 vball=4.37 aball=13.1 bref=0.00 pid=100.0 pref=328.8 ppos=-364.5 apid=0.0 integ=0.0 vision=1 current=1 vframe=21921 vs=1 vage=30 vpage=30 vdt=34 vmax=130413 vacc=17956 vrej=0 seq=0 elapsed=0 oled=3C
[   7092] STATUS mode=3 fault=none enc=60 denc=2 sreq=100 sapplied=100 crate=100 uimp=733825 upos=5565 uneg=425 ball=123.03 vball=3.16 aball=0.2 bref=0.00 pid=100.0 pref=328.8 ppos=-362.5 apid=0.0 integ=0.0 vision=1 current=1 vframe=21922 vs=1 vage=17 vpage=17 vdt=33 vmax=130413 vacc=17957 vrej=0 seq=0 elapsed=0 oled=3C
[   7125] STATUS mode=3 fault=none enc=65 denc=1 sreq=100 sapplied=100 crate=100 uimp=737825 upos=5605 uneg=425 ball=123.17 vball=3.47 aball=0.2 bref=0.00 pid=100.0 pref=328.8 ppos=-358.5 apid=0.0 integ=0.0 vision=1 current=1 vframe=21923 vs=1 vage=24 vpage=24 vdt=33 vmax=130413 vacc=17958 vrej=0 seq=0 elapsed=0 oled=3C
[   7156] STATUS mode=3 fault=none enc=68 denc=1 sreq=100 sapplied=100 crate=100 uimp=739825 upos=5625 uneg=425 ball=123.33 vball=3.93 aball=0.2 bref=0.00 pid=100.0 pref=328.8 ppos=-356.5 apid=0.0 integ=0.0 vision=1 current=1 vframe=21924 vs=1 vage=10 vpage=10 vdt=34 vmax=130413 vacc=17959 vrej=0 seq=0 elapsed=0 oled=3C
[   7172] STATUS mode=3 fault=none enc=73 denc=2 sreq=100 sapplied=100 crate=100 uimp=743825 upos=5665 uneg=425 ball=123.40 vball=3.33 aball=0.9 bref=0.00 pid=100.0 pref=328.8 ppos=-352.5 apid=0.0 integ=0.0 vision=1 current=1 vframe=21925 vs=1 vage=17 vpage=17 vdt=33 vmax=130413 vacc=17960 vrej=0 seq=0 elapsed=0 oled=3C
[   7203] STATUS mode=3 fault=none enc=75 denc=1 sreq=100 sapplied=100 crate=100 uimp=745825 upos=5685 uneg=425 ball=123.38 vball=2.15 aball=0.9 bref=0.00 pid=100.0 pref=328.8 ppos=-350.5 apid=0.0 integ=0.0 vision=1 current=1 vframe=21926 vs=1 vage=4 vpage=4 vdt=33 vmax=130413 vacc=17961 vrej=0 seq=0 elapsed=0 oled=3C
[   7233] STATUS mode=3 fault=none enc=78 denc=1 sreq=100 sapplied=100 crate=100 uimp=747825 upos=5705 uneg=425 ball=123.38 vball=2.15 aball=0.9 bref=0.00 pid=100.0 pref=328.8 ppos=-348.5 apid=0.0 integ=0.0 vision=1 current=1 vframe=21926 vs=1 vage=24 vpage=24 vdt=33 vmax=130413 vacc=17961 vrej=0 seq=0 elapsed=0 oled=3C
[   7265] STATUS mode=3 fault=none enc=84 denc=2 sreq=100 sapplied=100 crate=100 uimp=751825 upos=5745 uneg=425 ball=123.28 vball=0.66 aball=0.9 bref=0.00 pid=100.0 pref=328.8 ppos=-344.5 apid=0.0 integ=0.0 vision=1 current=1 vframe=21927 vs=1 vage=31 vpage=31 vdt=33 vmax=130413 vacc=17962 vrej=0 seq=0 elapsed=0 oled=3C
[   7281] STATUS mode=3 fault=none enc=86 denc=1 sreq=100 sapplied=100 crate=100 uimp=753825 upos=5765 uneg=425 ball=123.23 vball=0.06 aball=-14.2 bref=0.00 pid=100.0 pref=328.8 ppos=-342.5 apid=-0.0 integ=0.0 vision=1 current=1 vframe=21928 vs=1 vage=17 vpage=17 vdt=34 vmax=130413 vacc=17963 vrej=0 seq=0 elapsed=0 oled=3C
[   7312] STATUS mode=3 fault=none enc=89 denc=1 sreq=100 sapplied=100 crate=100 uimp=755825 upos=5785 uneg=425 ball=123.22 vball=-0.11 aball=-14.2 bref=0.00 pid=100.0 pref=328.8 ppos=-340.5 apid=-0.0 integ=0.0 vision=1 current=1 vframe=21929 vs=1 vage=3 vpage=3 vdt=34 vmax=130413 vacc=17964 vrej=0 seq=0 elapsed=0 oled=3C
[   7342] STATUS mode=3 fault=none enc=93 denc=1 sreq=100 sapplied=100 crate=100 uimp=759825 upos=5825 uneg=425 ball=123.05 vball=-1.50 aball=-14.2 bref=0.00 pid=100.0 pref=328.8 ppos=-336.5 apid=-0.0 integ=0.0 vision=1 current=1 vframe=21930 vs=1 vage=10 vpage=10 vdt=33 vmax=130413 vacc=17965 vrej=0 seq=0 elapsed=0 oled=3C
[   7375] STATUS mode=3 fault=none enc=96 denc=2 sreq=100 sapplied=100 crate=100 uimp=761825 upos=5845 uneg=425 ball=123.05 vball=-1.50 aball=-14.2 bref=0.00 pid=100.0 pref=328.8 ppos=-334.5 apid=-0.0 integ=0.0 vision=1 current=1 vframe=21930 vs=1 vage=30 vpage=30 vdt=33 vmax=130413 vacc=17965 vrej=0 seq=0 elapsed=0 oled=3C
[   7390] STATUS mode=3 fault=none enc=98 denc=1 sreq=100 sapplied=100 crate=100 uimp=763825 upos=5865 uneg=425 ball=122.98 vball=-1.76 aball=-16.0 bref=0.00 pid=100.0 pref=328.8 ppos=-332.5 apid=-0.0 integ=0.0 vision=1 current=1 vframe=21931 vs=1 vage=17 vpage=17 vdt=33 vmax=130413 vacc=17966 vrej=0 seq=0 elapsed=0 oled=3C
[   7422] STATUS mode=3 fault=none enc=103 denc=1 sreq=100 sapplied=100 crate=100 uimp=767825 upos=5905 uneg=425 ball=122.95 vball=-1.50 aball=-16.0 bref=0.00 pid=100.0 pref=328.8 ppos=-328.5 apid=-0.0 integ=0.0 vision=1 current=1 vframe=21932 vs=1 vage=24 vpage=24 vdt=33 vmax=130413 vacc=17967 vrej=0 seq=0 elapsed=0 oled=3C
[   7453] STATUS mode=3 fault=none enc=106 denc=1 sreq=100 sapplied=100 crate=100 uimp=769825 upos=5925 uneg=425 ball=122.96 vball=-0.97 aball=-16.0 bref=0.00 pid=100.0 pref=328.8 ppos=-326.5 apid=-0.0 integ=0.0 vision=1 current=1 vframe=21933 vs=1 vage=10 vpage=10 vdt=34 vmax=130413 vacc=17968 vrej=0 seq=0 elapsed=0 oled=3C
[   7483] STATUS mode=3 fault=none enc=111 denc=1 sreq=100 sapplied=100 crate=100 uimp=773825 upos=5965 uneg=425 ball=122.96 vball=-0.61 aball=-3.6 bref=0.00 pid=100.0 pref=328.8 ppos=-322.5 apid=-0.0 integ=0.0 vision=1 current=1 vframe=21934 vs=1 vage=17 vpage=17 vdt=33 vmax=130413 vacc=17969 vrej=0 seq=0 elapsed=0 oled=3C
[   7515] STATUS mode=3 fault=none enc=114 denc=2 sreq=100 sapplied=100 crate=100 uimp=775825 upos=5985 uneg=425 ball=123.15 vball=1.40 aball=-3.6 bref=0.00 pid=100.0 pref=328.8 ppos=-320.5 apid=-0.0 integ=0.0 vision=1 current=1 vframe=21935 vs=1 vage=4 vpage=4 vdt=33 vmax=130413 vacc=17970 vrej=0 seq=0 elapsed=0 oled=3C
[   7531] STATUS mode=3 fault=none enc=116 denc=1 sreq=100 sapplied=100 crate=100 uimp=777825 upos=6005 uneg=425 ball=123.15 vball=1.40 aball=-3.6 bref=0.00 pid=100.0 pref=328.8 ppos=-318.5 apid=-0.0 integ=0.0 vision=1 current=1 vframe=21935 vs=1 vage=24 vpage=24 vdt=33 vmax=130413 vacc=17970 vrej=0 seq=0 elapsed=0 oled=3C
[   7562] STATUS mode=3 fault=none enc=122 denc=2 sreq=100 sapplied=100 crate=100 uimp=781825 upos=6045 uneg=425 ball=123.39 vball=3.03 aball=-3.6 bref=0.00 pid=100.0 pref=328.8 ppos=-314.5 apid=-0.0 integ=0.0 vision=1 current=1 vframe=21936 vs=1 vage=31 vpage=31 vdt=33 vmax=130413 vacc=17971 vrej=0 seq=0 elapsed=0 oled=3C
[   7592] STATUS mode=3 fault=none enc=124 denc=1 sreq=100 sapplied=100 crate=100 uimp=783825 upos=6065 uneg=425 ball=123.63 vball=4.32 aball=20.4 bref=0.00 pid=100.0 pref=328.8 ppos=-312.5 apid=0.0 integ=0.0 vision=1 current=1 vframe=21937 vs=1 vage=18 vpage=18 vdt=33 vmax=130413 vacc=17972 vrej=0 seq=0 elapsed=0 oled=3C
[   7608] STATUS mode=3 fault=none enc=127 denc=1 sreq=100 sapplied=100 crate=100 uimp=785825 upos=6085 uneg=425 ball=123.81 vball=4.69 aball=20.4 bref=0.00 pid=100.0 pref=328.8 ppos=-310.5 apid=0.0 integ=0.0 vision=1 current=1 vframe=21938 vs=1 vage=5 vpage=5 vdt=33 vmax=130413 vacc=17973 vrej=0 seq=0 elapsed=0 oled=3C
[   7640] STATUS mode=3 fault=none enc=131 denc=1 sreq=100 sapplied=100 crate=100 uimp=789825 upos=6125 uneg=425 ball=123.90 vball=4.04 aball=20.4 bref=0.00 pid=100.0 pref=328.8 ppos=-306.5 apid=0.0 integ=0.0 vision=1 current=1 vframe=21939 vs=1 vage=12 vpage=12 vdt=33 vmax=130413 vacc=17974 vrej=0 seq=0 elapsed=0 oled=3C
[   7672] STATUS mode=3 fault=none enc=134 denc=1 sreq=100 sapplied=100 crate=100 uimp=791825 upos=6145 uneg=425 ball=123.90 vball=4.04 aball=20.4 bref=0.00 pid=100.0 pref=328.8 ppos=-304.5 apid=0.0 integ=0.0 vision=1 current=1 vframe=21939 vs=1 vage=32 vpage=32 vdt=33 vmax=130413 vacc=17974 vrej=0 seq=0 elapsed=0 oled=3C
[   7703] STATUS mode=3 fault=none enc=139 denc=1 sreq=100 sapplied=100 crate=100 uimp=795825 upos=6185 uneg=425 ball=123.92 vball=2.12 aball=5.4 bref=0.00 pid=100.0 pref=328.8 ppos=-300.5 apid=0.0 integ=0.0 vision=1 current=1 vframe=21941 vs=1 vage=5 vpage=5 vdt=34 vmax=130413 vacc=17976 vrej=0 seq=0 elapsed=0 oled=3C
[   7717] STATUS mode=3 fault=none enc=142 denc=2 sreq=100 sapplied=100 crate=100 uimp=797825 upos=6205 uneg=425 ball=123.92 vball=2.12 aball=5.4 bref=0.00 pid=100.0 pref=328.8 ppos=-298.5 apid=0.0 integ=0.0 vision=1 current=1 vframe=21941 vs=1 vage=25 vpage=25 vdt=34 vmax=130413 vacc=17976 vrej=0 seq=0 elapsed=0 oled=3C
[   7750] STATUS mode=3 fault=none enc=145 denc=2 sreq=100 sapplied=100 crate=100 uimp=799825 upos=6225 uneg=425 ball=123.95 vball=1.76 aball=5.4 bref=0.00 pid=100.0 pref=328.8 ppos=-296.5 apid=0.0 integ=0.0 vision=1 current=1 vframe=21942 vs=1 vage=12 vpage=12 vdt=33 vmax=130413 vacc=17977 vrej=0 seq=0 elapsed=0 oled=3C
[   7781] STATUS mode=3 fault=none enc=151 denc=2 sreq=100 sapplied=100 crate=100 uimp=803825 upos=6265 uneg=425 ball=123.97 vball=1.45 aball=-4.2 bref=0.00 pid=100.0 pref=328.8 ppos=-292.5 apid=-0.0 integ=0.0 vision=1 current=1 vframe=21943 vs=1 vage=19 vpage=19 vdt=33 vmax=130413 vacc=17978 vrej=0 seq=0 elapsed=0 oled=3C
[   7812] STATUS mode=3 fault=none enc=152 denc=1 sreq=100 sapplied=100 crate=100 uimp=805825 upos=6285 uneg=425 ball=124.26 vball=3.63 aball=-4.2 bref=0.00 pid=100.0 pref=328.8 ppos=-290.5 apid=-0.0 integ=0.0 vision=1 current=1 vframe=21944 vs=1 vage=5 vpage=5 vdt=34 vmax=130413 vacc=17979 vrej=0 seq=0 elapsed=0 oled=3C
[   7842] STATUS mode=3 fault=none enc=155 denc=1 sreq=100 sapplied=100 crate=100 uimp=807825 upos=6305 uneg=425 ball=124.26 vball=3.63 aball=-4.2 bref=0.00 pid=100.0 pref=328.8 ppos=-288.5 apid=-0.0 integ=0.0 vision=1 current=1 vframe=21944 vs=1 vage=25 vpage=25 vdt=34 vmax=130413 vacc=17979 vrej=0 seq=0 elapsed=0 oled=3C
[   7858] STATUS mode=3 fault=none enc=161 denc=2 sreq=100 sapplied=100 crate=100 uimp=811825 upos=6345 uneg=425 ball=124.39 vball=3.64 aball=-4.2 bref=0.00 pid=100.0 pref=328.8 ppos=-284.5 apid=-0.0 integ=0.0 vision=1 current=1 vframe=21945 vs=1 vage=31 vpage=31 vdt=34 vmax=130413 vacc=17980 vrej=0 seq=0 elapsed=0 oled=3C
[   7890] STATUS mode=3 fault=none enc=163 denc=1 sreq=100 sapplied=100 crate=100 uimp=813825 upos=6365 uneg=425 ball=124.42 vball=2.78 aball=3.6 bref=0.00 pid=100.0 pref=328.8 ppos=-282.5 apid=0.0 integ=0.0 vision=1 current=1 vframe=21946 vs=1 vage=18 vpage=18 vdt=33 vmax=130413 vacc=17981 vrej=0 seq=0 elapsed=0 oled=3C
[   7922] STATUS mode=3 fault=none enc=166 denc=1 sreq=100 sapplied=100 crate=100 uimp=815825 upos=6385 uneg=425 ball=124.37 vball=1.58 aball=3.6 bref=0.00 pid=100.0 pref=328.8 ppos=-280.5 apid=0.0 integ=0.0 vision=1 current=1 vframe=21947 vs=1 vage=5 vpage=5 vdt=33 vmax=130413 vacc=17982 vrej=0 seq=0 elapsed=0 oled=3C
[   7937] STATUS mode=3 fault=none enc=172 denc=2 sreq=100 sapplied=100 crate=100 uimp=819825 upos=6425 uneg=425 ball=124.35 vball=0.90 aball=3.6 bref=0.00 pid=100.0 pref=328.8 ppos=-276.5 apid=0.0 integ=0.0 vision=1 current=1 vframe=21948 vs=1 vage=11 vpage=11 vdt=34 vmax=130413 vacc=17983 vrej=0 seq=0 elapsed=0 oled=3C
[   7967] STATUS mode=3 fault=none enc=173 denc=1 sreq=100 sapplied=100 crate=100 uimp=821825 upos=6445 uneg=425 ball=124.35 vball=0.90 aball=3.6 bref=0.00 pid=100.0 pref=328.8 ppos=-274.5 apid=0.0 integ=0.0 vision=1 current=1 vframe=21948 vs=1 vage=31 vpage=31 vdt=34 vmax=130413 vacc=17983 vrej=0 seq=0 elapsed=0 oled=3C
[   8000] STATUS mode=3 fault=none enc=178 denc=1 sreq=100 sapplied=100 crate=100 uimp=825825 upos=6485 uneg=425 ball=124.73 vball=3.38 aball=-0.1 bref=0.00 pid=100.0 pref=328.8 ppos=-270.5 apid=-0.0 integ=0.0 vision=1 current=1 vframe=21950 vs=1 vage=5 vpage=5 vdt=34 vmax=130413 vacc=17985 vrej=0 seq=0 elapsed=0 oled=3C
[   8031] STATUS mode=3 fault=none enc=181 denc=2 sreq=100 sapplied=100 crate=100 uimp=827825 upos=6505 uneg=425 ball=124.73 vball=3.38 aball=-0.1 bref=0.00 pid=100.0 pref=328.8 ppos=-268.5 apid=-0.0 integ=0.0 vision=1 current=1 vframe=21950 vs=1 vage=25 vpage=25 vdt=34 vmax=130413 vacc=17985 vrej=0 seq=0 elapsed=0 oled=3C
[   8062] STATUS mode=3 fault=none enc=183 denc=1 sreq=100 sapplied=100 crate=100 uimp=829825 upos=6525 uneg=425 ball=124.87 vball=3.61 aball=-0.1 bref=0.00 pid=100.0 pref=328.8 ppos=-266.5 apid=-0.0 integ=0.0 vision=1 current=1 vframe=21951 vs=1 vage=12 vpage=12 vdt=33 vmax=130413 vacc=17986 vrej=0 seq=0 elapsed=0 oled=3C
[   8078] STATUS mode=3 fault=none enc=189 denc=1 sreq=100 sapplied=100 crate=100 uimp=833825 upos=6565 uneg=425 ball=124.98 vball=3.49 aball=5.3 bref=0.00 pid=100.0 pref=328.8 ppos=-262.5 apid=0.0 integ=0.0 vision=1 current=1 vframe=21952 vs=1 vage=21 vpage=21 vdt=31 vmax=130413 vacc=17987 vrej=0 seq=0 elapsed=0 oled=3C
[   8108] STATUS mode=3 fault=none enc=192 denc=2 sreq=100 sapplied=100 crate=100 uimp=835825 upos=6585 uneg=425 ball=125.03 vball=2.94 aball=5.3 bref=0.00 pid=100.0 pref=328.8 ppos=-260.5 apid=0.0 integ=0.0 vision=1 current=1 vframe=21953 vs=1 vage=5 vpage=5 vdt=36 vmax=130413 vacc=17988 vrej=0 seq=0 elapsed=0 oled=3C
[   8140] STATUS mode=3 fault=none enc=193 denc=1 sreq=100 sapplied=100 crate=100 uimp=837825 upos=6605 uneg=425 ball=125.03 vball=2.94 aball=5.3 bref=0.00 pid=100.0 pref=328.8 ppos=-258.5 apid=0.0 integ=0.0 vision=1 current=1 vframe=21953 vs=1 vage=25 vpage=25 vdt=36 vmax=130413 vacc=17988 vrej=0 seq=0 elapsed=0 oled=3C
[   8156] STATUS mode=3 fault=none enc=199 denc=2 sreq=100 sapplied=100 crate=100 uimp=841825 upos=6645 uneg=425 ball=125.03 vball=2.03 aball=5.3 bref=0.00 pid=100.0 pref=328.8 ppos=-254.5 apid=0.0 integ=0.0 vision=1 current=1 vframe=21954 vs=1 vage=32 vpage=32 vdt=33 vmax=130413 vacc=17989 vrej=0 seq=0 elapsed=0 oled=3C
[   8187] STATUS mode=3 fault=none enc=201 denc=1 sreq=100 sapplied=100 crate=100 uimp=843825 upos=6665 uneg=425 ball=124.70 vball=-1.87 aball=-21.0 bref=0.00 pid=100.0 pref=328.8 ppos=-252.5 apid=-0.0 integ=0.0 vision=1 current=1 vframe=21955 vs=1 vage=20 vpage=20 vdt=32 vmax=130413 vacc=17990 vrej=0 seq=0 elapsed=0 oled=3C
[   8217] STATUS mode=3 fault=none enc=207 denc=2 sreq=100 sapplied=100 crate=100 uimp=847825 upos=6705 uneg=425 ball=122.84 vball=-17.34 aball=-21.0 bref=0.00 pid=100.0 pref=328.8 ppos=-250.5 apid=-0.0 integ=0.0 vision=1 current=1 vframe=21956 vs=1 vage=7 vpage=7 vdt=33 vmax=130413 vacc=17991 vrej=0 seq=0 elapsed=0 oled=3C
[   8250] STATUS mode=3 fault=none enc=209 denc=0 sreq=0 sapplied=0 crate=0 uimp=848825 upos=6715 uneg=425 ball=121.06 vball=-28.10 aball=-21.0 bref=0.00 pid=0.0 pref=-247.5 ppos=-247.5 apid=-0.0 integ=-0.0 vision=1 current=1 vframe=21957 vs=1 vage=14 vpage=14 vdt=33 vmax=130413 vacc=17992 vrej=0 seq=0 elapsed=0 oled=3C
[   8281] STATUS mode=3 fault=none enc=209 denc=0 sreq=-100 sapplied=0 crate=-100 uimp=848825 upos=6715 uneg=425 ball=119.28 vball=-35.88 aball=-164.6 bref=0.00 pid=-177.0 pref=-265.2 ppos=-247.5 apid=-0.0 integ=-0.0 vision=1 current=1 vframe=21958 vs=1 vage=0 vpage=0 vdt=34 vmax=130413 vacc=17993 vrej=0 seq=0 elapsed=0 oled=3C
[   8297] STATUS mode=3 fault=none enc=203 denc=-2 sreq=-321 sapplied=-321 crate=-321 uimp=842950 upos=6715 uneg=460 ball=117.14 vball=-44.76 aball=-164.6 bref=0.00 pid=-321.5 pref=-285.5 ppos=-253.3 apid=-0.0 integ=-0.0 vision=1 current=1 vframe=21965 vs=1 vage=8 vpage=8 vdt=32 vmax=130413 vacc=18000 vrej=0 seq=0 elapsed=0 oled=3C
[   8328] STATUS mode=3 fault=none enc=196 denc=-1 sreq=-262 sapplied=-262 crate=-262 uimp=836990 upos=6715 uneg=480 ball=117.14 vball=-44.76 aball=-164.6 bref=0.00 pid=-261.9 pref=-285.5 ppos=-259.3 apid=-0.0 integ=-0.0 vision=1 current=1 vframe=21965 vs=1 vage=28 vpage=28 vdt=32 vmax=130413 vacc=18000 vrej=0 seq=0 elapsed=0 oled=3C
[   8358] STATUS mode=3 fault=none enc=187 denc=-2 sreq=-320 sapplied=-320 crate=-320 uimp=831005 upos=6715 uneg=500 ball=115.07 vball=-49.40 aball=-164.6 bref=0.00 pid=-319.7 pref=-297.3 ppos=-265.3 apid=-0.0 integ=-0.0 vision=1 current=1 vframe=21966 vs=1 vage=13 vpage=13 vdt=35 vmax=130413 vacc=18001 vrej=0 seq=0 elapsed=0 oled=3C
[   8390] STATUS mode=3 fault=none enc=172 denc=-1 sreq=-341 sapplied=-341 crate=-341 uimp=818290 upos=6715 uneg=540 ball=112.78 vball=-55.46 aball=-178.6 bref=0.00 pid=-341.2 pref=-312.1 ppos=-278.0 apid=-0.0 integ=-0.0 vision=1 current=1 vframe=21967 vs=1 vage=20 vpage=20 vdt=33 vmax=130413 vacc=18002 vrej=0 seq=0 elapsed=0 oled=3C
[   8422] STATUS mode=3 fault=none enc=162 denc=-3 sreq=-400 sapplied=-400 crate=-400 uimp=811425 upos=6715 uneg=560 ball=109.78 vball=-65.92 aball=-178.6 bref=0.00 pid=-400.0 pref=-336.6 ppos=-284.9 apid=-0.0 integ=-0.0 vision=1 current=1 vframe=21968 vs=1 vage=7 vpage=7 vdt=33 vmax=130413 vacc=18003 vrej=0 seq=0 elapsed=0 oled=3C
[   8437] STATUS mode=3 fault=none enc=140 denc=-3 sreq=-400 sapplied=-400 crate=-400 uimp=795425 upos=6715 uneg=600 ball=106.50 vball=-75.18 aball=-178.6 bref=0.00 pid=-400.0 pref=-359.1 ppos=-300.9 apid=-0.0 integ=-0.0 vision=1 current=1 vframe=21969 vs=1 vage=14 vpage=14 vdt=33 vmax=130413 vacc=18004 vrej=0 seq=0 elapsed=0 oled=3C
[   8467] STATUS mode=3 fault=none enc=130 denc=-3 sreq=-400 sapplied=-400 crate=-400 uimp=787425 upos=6715 uneg=620 ball=106.50 vball=-75.18 aball=-178.6 bref=0.00 pid=-400.0 pref=-359.1 ppos=-308.9 apid=-0.0 integ=-0.0 vision=1 current=1 vframe=21969 vs=1 vage=34 vpage=34 vdt=33 vmax=130413 vacc=18004 vrej=0 seq=0 elapsed=0 oled=3C
[   8500] STATUS mode=3 fault=none enc=109 denc=-3 sreq=-400 sapplied=-400 crate=-400 uimp=771425 upos=6715 uneg=660 ball=99.87 vball=-88.29 aball=-215.2 bref=0.00 pid=-400.0 pref=-393.3 ppos=-324.9 apid=-0.0 integ=-0.0 vision=1 current=1 vframe=21971 vs=1 vage=7 vpage=7 vdt=33 vmax=130413 vacc=18006 vrej=0 seq=0 elapsed=0 oled=3C
[   8531] STATUS mode=3 fault=none enc=99 denc=-2 sreq=-400 sapplied=-400 crate=-400 uimp=763425 upos=6715 uneg=680 ball=99.87 vball=-88.29 aball=-215.2 bref=0.00 pid=-400.0 pref=-393.3 ppos=-332.9 apid=-0.0 integ=-0.0 vision=1 current=1 vframe=21971 vs=1 vage=27 vpage=27 vdt=33 vmax=130413 vacc=18006 vrej=0 seq=0 elapsed=0 oled=3C
[   8562] STATUS mode=3 fault=none enc=89 denc=-2 sreq=-400 sapplied=-400 crate=-400 uimp=755425 upos=6715 uneg=700 ball=96.33 vball=-92.97 aball=-215.2 bref=0.00 pid=-400.0 pref=-406.9 ppos=-340.9 apid=-0.0 integ=-0.0 vision=1 current=1 vframe=21972 vs=1 vage=14 vpage=14 vdt=33 vmax=130413 vacc=18007 vrej=0 seq=0 elapsed=0 oled=3C
[   8578] STATUS mode=3 fault=none enc=68 denc=-3 sreq=-400 sapplied=-400 crate=-400 uimp=739425 upos=6715 uneg=740 ball=92.42 vball=-100.47 aball=-203.1 bref=0.00 pid=-400.0 pref=-426.6 ppos=-356.9 apid=-0.0 integ=-0.0 vision=1 current=1 vframe=21973 vs=1 vage=19 vpage=19 vdt=35 vmax=130413 vacc=18008 vrej=0 seq=0 elapsed=0 oled=3C
[   8608] STATUS mode=3 fault=none enc=57 denc=-3 sreq=-400 sapplied=-400 crate=-400 uimp=731425 upos=6715 uneg=760 ball=88.84 vball=-102.89 aball=-203.1 bref=0.00 pid=-400.0 pref=-435.7 ppos=-364.9 apid=-0.0 integ=-0.0 vision=1 current=1 vframe=21974 vs=1 vage=5 vpage=5 vdt=34 vmax=130413 vacc=18009 vrej=0 seq=0 elapsed=0 oled=3C
[   8640] STATUS mode=3 fault=none enc=37 denc=-3 sreq=-400 sapplied=-400 crate=-400 uimp=715425 upos=6715 uneg=800 ball=85.00 vball=-105.91 aball=-203.1 bref=0.00 pid=-400.0 pref=-446.4 ppos=-380.9 apid=-0.0 integ=-0.0 vision=1 current=1 vframe=21975 vs=1 vage=10 vpage=10 vdt=35 vmax=130413 vacc=18010 vrej=0 seq=0 elapsed=0 oled=3C
[   8672] STATUS mode=3 fault=none enc=27 denc=-3 sreq=-400 sapplied=-400 crate=-400 uimp=707425 upos=6715 uneg=820 ball=85.00 vball=-105.91 aball=-203.1 bref=0.00 pid=-400.0 pref=-446.4 ppos=-388.9 apid=-0.0 integ=-0.0 vision=1 current=1 vframe=21975 vs=1 vage=30 vpage=30 vdt=35 vmax=130413 vacc=18010 vrej=0 seq=0 elapsed=0 oled=3C
[   8703] STATUS mode=3 fault=none enc=16 denc=-3 sreq=-400 sapplied=-400 crate=-400 uimp=699425 upos=6715 uneg=840 ball=80.97 vball=-110.80 aball=-156.8 bref=0.00 pid=-400.0 pref=-461.0 ppos=-396.9 apid=-0.0 integ=-0.0 vision=1 current=1 vframe=21976 vs=1 vage=16 vpage=16 vdt=34 vmax=130413 vacc=18011 vrej=0 seq=0 elapsed=0 oled=3C
[   8733] STATUS mode=3 fault=none enc=-4 denc=-3 sreq=-400 sapplied=-400 crate=-400 uimp=683425 upos=6715 uneg=880 ball=77.16 vball=-112.05 aball=-156.8 bref=0.00 pid=-400.0 pref=-468.1 ppos=-412.9 apid=-0.0 integ=-0.0 vision=1 current=1 vframe=21977 vs=1 vage=25 vpage=25 vdt=31 vmax=130413 vacc=18012 vrej=0 seq=0 elapsed=0 oled=3C
[   8750] STATUS mode=3 fault=none enc=-14 denc=-2 sreq=-400 sapplied=-400 crate=-400 uimp=675425 upos=6715 uneg=900 ball=72.95 vball=-115.30 aball=-156.8 bref=0.00 pid=-400.0 pref=-479.6 ppos=-420.9 apid=-0.0 integ=-0.0 vision=1 current=1 vframe=21978 vs=1 vage=12 vpage=12 vdt=33 vmax=130413 vacc=18013 vrej=0 seq=0 elapsed=0 oled=3C
[   8781] STATUS mode=3 fault=none enc=-35 denc=-3 sreq=-400 sapplied=-400 crate=-400 uimp=659425 upos=6715 uneg=940 ball=69.14 vball=-115.33 aball=-107.3 bref=0.00 pid=-400.0 pref=-484.2 ppos=-436.9 apid=-0.0 integ=-0.0 vision=1 current=1 vframe=21979 vs=1 vage=19 vpage=19 vdt=33 vmax=130413 vacc=18014 vrej=0 seq=0 elapsed=0 oled=3C
[   8812] STATUS mode=3 fault=none enc=-45 denc=-3 sreq=-400 sapplied=-400 crate=-400 uimp=651425 upos=6715 uneg=960 ball=65.31 vball=-115.61 aball=-107.3 bref=0.00 pid=-400.0 pref=-489.4 ppos=-444.9 apid=-0.0 integ=-0.0 vision=1 current=1 vframe=21980 vs=1 vage=6 vpage=6 vdt=33 vmax=130413 vacc=18015 vrej=0 seq=0 elapsed=0 oled=3C
[   8842] STATUS mode=3 fault=none enc=-64 denc=-3 sreq=-353 sapplied=-353 crate=-353 uimp=636115 upos=6715 uneg=1000 ball=61.30 vball=-116.26 aball=-107.3 bref=0.00 pid=-353.2 pref=-495.5 ppos=-460.2 apid=-0.0 integ=-0.0 vision=1 current=1 vframe=21981 vs=1 vage=12 vpage=12 vdt=34 vmax=130413 vacc=18016 vrej=0 seq=0 elapsed=0 oled=3C
[   8875] STATUS mode=3 fault=none enc=-72 denc=-2 sreq=-288 sapplied=-288 crate=-288 uimp=629560 upos=6715 uneg=1020 ball=61.30 vball=-116.26 aball=-107.3 bref=0.00 pid=-287.7 pref=-495.5 ppos=-466.7 apid=-0.0 integ=-0.0 vision=1 current=1 vframe=21981 vs=1 vage=32 vpage=32 vdt=34 vmax=130413 vacc=18016 vrej=0 seq=0 elapsed=0 oled=3C
[   8890] STATUS mode=3 fault=none enc=-79 denc=-1 sreq=-288 sapplied=-288 crate=-288 uimp=623330 upos=6715 uneg=1040 ball=57.35 vball=-117.03 aball=-66.7 bref=0.00 pid=-288.2 pref=-501.8 ppos=-473.0 apid=-0.0 integ=-0.0 vision=1 current=1 vframe=21982 vs=1 vage=19 vpage=19 vdt=33 vmax=130413 vacc=18017 vrej=0 seq=0 elapsed=0 oled=3C
[   8922] STATUS mode=3 fault=none enc=-92 denc=-2 sreq=-189 sapplied=-189 crate=-189 uimp=613700 upos=6715 uneg=1080 ball=53.77 vball=-114.73 aball=-66.7 bref=0.00 pid=-188.8 pref=-501.5 ppos=-482.6 apid=-0.0 integ=-0.0 vision=1 current=1 vframe=21983 vs=1 vage=26 vpage=26 vdt=33 vmax=130413 vacc=18018 vrej=0 seq=0 elapsed=0 oled=3C
[   8953] STATUS mode=3 fault=none enc=-96 denc=-2 sreq=-165 sapplied=-165 crate=-165 uimp=610075 upos=6715 uneg=1100 ball=50.05 vball=-113.13 aball=-66.7 bref=0.00 pid=-165.2 pref=-502.7 ppos=-486.2 apid=-0.0 integ=-0.0 vision=1 current=1 vframe=21984 vs=1 vage=15 vpage=15 vdt=31 vmax=130413 vacc=18019 vrej=0 seq=0 elapsed=0 oled=3C
[   8983] STATUS mode=3 fault=none enc=-103 denc=-2 sreq=-88 sapplied=-88 crate=-88 uimp=605020 upos=6715 uneg=1140 ball=46.71 vball=-109.77 aball=-3.0 bref=0.00 pid=-87.6 pref=-500.0 ppos=-491.3 apid=-0.0 integ=-0.0 vision=1 current=1 vframe=21985 vs=1 vage=22 vpage=22 vdt=33 vmax=130413 vacc=18020 vrej=0 seq=0 elapsed=0 oled=3C
[   9015] STATUS mode=3 fault=none enc=-104 denc=0 sreq=-24 sapplied=-24 crate=-24 uimp=603645 upos=6715 uneg=1160 ball=43.57 vball=-105.40 aball=-3.0 bref=0.00 pid=-24.1 pref=-495.1 ppos=-492.7 apid=-0.0 integ=-0.0 vision=1 current=1 vframe=21986 vs=1 vage=8 vpage=8 vdt=34 vmax=130413 vacc=18021 vrej=0 seq=0 elapsed=0 oled=3C
[   9031] STATUS mode=3 fault=none enc=-104 denc=0 sreq=-20 sapplied=-20 crate=-20 uimp=603195 upos=6715 uneg=1180 ball=43.57 vball=-105.40 aball=-3.0 bref=0.00 pid=-19.6 pref=-495.1 ppos=-493.1 apid=-0.0 integ=-0.0 vision=1 current=1 vframe=21986 vs=1 vage=28 vpage=28 vdt=34 vmax=130413 vacc=18021 vrej=0 seq=0 elapsed=0 oled=3C
[   9062] STATUS mode=3 fault=none enc=-105 denc=0 sreq=42 sapplied=42 crate=42 uimp=604200 upos=6740 uneg=1185 ball=37.50 vball=-98.20 aball=50.4 bref=0.00 pid=41.5 pref=-487.9 ppos=-492.1 apid=0.0 integ=-0.0 vision=1 current=1 vframe=21988 vs=1 vage=2 vpage=2 vdt=33 vmax=130413 vacc=18023 vrej=0 seq=0 elapsed=0 oled=3C
[   9092] STATUS mode=3 fault=none enc=-104 denc=0 sreq=34 sapplied=34 crate=34 uimp=604970 upos=6760 uneg=1185 ball=37.50 vball=-98.20 aball=50.4 bref=0.00 pid=33.8 pref=-487.9 ppos=-491.3 apid=0.0 integ=-0.0 vision=1 current=1 vframe=21988 vs=1 vage=22 vpage=22 vdt=33 vmax=130413 vacc=18023 vrej=0 seq=0 elapsed=0 oled=3C
[   9125] STATUS mode=3 fault=none enc=-103 denc=0 sreq=63 sapplied=63 crate=63 uimp=607290 upos=6800 uneg=1185 ball=34.73 vball=-93.92 aball=50.4 bref=0.00 pid=63.0 pref=-482.7 ppos=-489.0 apid=0.0 integ=-0.0 vision=1 current=1 vframe=21989 vs=1 vage=29 vpage=29 vdt=33 vmax=130413 vacc=18024 vrej=0 seq=0 elapsed=0 oled=3C
[   9140] STATUS mode=3 fault=none enc=-100 denc=0 sreq=122 sapplied=122 crate=122 uimp=609220 upos=6820 uneg=1185 ball=32.19 vball=-88.50 aball=50.4 bref=0.00 pid=121.6 pref=-474.9 ppos=-487.1 apid=0.0 integ=-0.0 vision=1 current=1 vframe=21990 vs=1 vage=15 vpage=15 vdt=34 vmax=130413 vacc=18025 vrej=0 seq=0 elapsed=0 oled=3C
[   9172] STATUS mode=3 fault=none enc=-98 denc=1 sreq=204 sapplied=204 crate=204 uimp=611480 upos=6840 uneg=1185 ball=30.06 vball=-81.40 aball=103.3 bref=0.00 pid=215.4 pref=-463.3 ppos=-484.8 apid=0.0 integ=-0.0 vision=1 current=1 vframe=21991 vs=1 vage=2 vpage=2 vdt=33 vmax=130413 vacc=18026 vrej=0 seq=0 elapsed=0 oled=3C
[   9203] STATUS mode=3 fault=none enc=-88 denc=1 sreq=146 sapplied=146 crate=146 uimp=618705 upos=6880 uneg=1185 ball=27.56 vball=-79.74 aball=103.3 bref=0.00 pid=146.4 pref=-463.0 ppos=-477.6 apid=0.0 integ=-0.0 vision=1 current=1 vframe=21992 vs=1 vage=8 vpage=8 vdt=34 vmax=130413 vacc=18027 vrej=0 seq=0 elapsed=0 oled=3C
[   9233] STATUS mode=3 fault=none enc=-85 denc=1 sreq=119 sapplied=119 crate=119 uimp=621420 upos=6900 uneg=1185 ball=27.56 vball=-79.74 aball=103.3 bref=0.00 pid=119.2 pref=-463.0 ppos=-474.9 apid=0.0 integ=-0.0 vision=1 current=1 vframe=21992 vs=1 vage=28 vpage=28 vdt=34 vmax=130413 vacc=18027 vrej=0 seq=0 elapsed=0 oled=3C
[   9265] STATUS mode=3 fault=none enc=-81 denc=1 sreq=182 sapplied=182 crate=182 uimp=624550 upos=6920 uneg=1185 ball=25.53 vball=-73.82 aball=103.3 bref=0.00 pid=182.0 pref=-453.5 ppos=-471.7 apid=0.0 integ=-0.0 vision=1 current=1 vframe=21993 vs=1 vage=14 vpage=14 vdt=34 vmax=130413 vacc=18028 vrej=0 seq=0 elapsed=0 oled=3C
[   9281] STATUS mode=3 fault=none enc=-71 denc=2 sreq=175 sapplied=175 crate=175 uimp=631900 upos=6960 uneg=1185 ball=23.62 vball=-69.37 aball=110.4 bref=0.00 pid=174.6 pref=-446.9 ppos=-464.4 apid=0.0 integ=-0.0 vision=1 current=1 vframe=21994 vs=1 vage=21 vpage=21 vdt=33 vmax=130413 vacc=18029 vrej=0 seq=0 elapsed=0 oled=3C
[   9312] STATUS mode=3 fault=none enc=-67 denc=2 sreq=358 sapplied=358 crate=358 uimp=635685 upos=6980 uneg=1185 ball=22.64 vball=-57.33 aball=110.4 bref=0.00 pid=365.8 pref=-424.0 ppos=-460.6 apid=0.0 integ=-0.0 vision=1 current=1 vframe=21995 vs=1 vage=8 vpage=8 vdt=33 vmax=130413 vacc=18030 vrej=0 seq=0 elapsed=0 oled=3C
[   9342] STATUS mode=3 fault=none enc=-51 denc=1 sreq=277 sapplied=277 crate=277 uimp=648335 upos=7020 uneg=1185 ball=21.00 vball=-54.45 aball=110.4 bref=0.00 pid=277.2 pref=-420.2 ppos=-448.0 apid=0.0 integ=-0.0 vision=1 current=1 vframe=21996 vs=1 vage=14 vpage=14 vdt=34 vmax=130413 vacc=18031 vrej=0 seq=0 elapsed=0 oled=3C
[   9375] STATUS mode=3 fault=none enc=-44 denc=2 sreq=194 sapplied=194 crate=194 uimp=653475 upos=7040 uneg=1185 ball=19.13 vball=-54.94 aball=126.3 bref=0.00 pid=193.5 pref=-423.5 ppos=-442.8 apid=0.0 integ=-0.0 vision=1 current=1 vframe=21997 vs=1 vage=2 vpage=2 vdt=32 vmax=130413 vacc=18032 vrej=0 seq=0 elapsed=0 oled=3C
[   9390] STATUS mode=3 fault=none enc=-40 denc=1 sreq=158 sapplied=158 crate=158 uimp=657070 upos=7060 uneg=1185 ball=19.13 vball=-54.94 aball=126.3 bref=0.00 pid=157.6 pref=-423.5 ppos=-439.2 apid=0.0 integ=-0.0 vision=1 current=1 vframe=21997 vs=1 vage=22 vpage=22 vdt=32 vmax=130413 vacc=18032 vrej=0 seq=0 elapsed=0 oled=3C
[   9422] STATUS mode=3 fault=none enc=-32 denc=2 sreq=137 sapplied=137 crate=137 uimp=663310 upos=7100 uneg=1185 ball=17.61 vball=-51.96 aball=126.3 bref=0.00 pid=136.5 pref=-419.3 ppos=-433.0 apid=0.0 integ=-0.0 vision=1 current=1 vframe=21998 vs=1 vage=28 vpage=28 vdt=34 vmax=130413 vacc=18033 vrej=0 seq=0 elapsed=0 oled=3C
[   9453] STATUS mode=3 fault=none enc=-28 denc=1 sreq=196 sapplied=196 crate=196 uimp=666765 upos=7120 uneg=1185 ball=16.49 vball=-46.58 aball=126.3 bref=0.00 pid=196.2 pref=-409.9 ppos=-429.5 apid=0.0 integ=-0.0 vision=1 current=1 vframe=21999 vs=1 vage=15 vpage=15 vdt=33 vmax=130413 vacc=18034 vrej=0 seq=0 elapsed=0 oled=3C
[   9483] STATUS mode=3 fault=none enc=-15 denc=2 sreq=262 sapplied=262 crate=262 uimp=676100 upos=7160 uneg=1185 ball=15.88 vball=-38.25 aball=143.8 bref=0.00 pid=262.1 pref=-394.0 ppos=-420.2 apid=0.0 integ=-0.0 vision=1 current=1 vframe=22000 vs=1 vage=21 vpage=21 vdt=34 vmax=130413 vacc=18035 vrej=0 seq=0 elapsed=0 oled=3C
[   9515] STATUS mode=3 fault=none enc=-9 denc=0 sreq=226 sapplied=226 crate=226 uimp=681025 upos=7180 uneg=1185 ball=14.83 vball=-36.98 aball=143.8 bref=0.00 pid=225.6 pref=-392.7 ppos=-415.3 apid=0.0 integ=-0.0 vision=1 current=1 vframe=22001 vs=1 vage=8 vpage=8 vdt=33 vmax=130413 vacc=18036 vrej=0 seq=0 elapsed=0 oled=3C
[   9531] STATUS mode=3 fault=none enc=-3 denc=2 sreq=184 sapplied=184 crate=184 uimp=685210 upos=7200 uneg=1185 ball=14.83 vball=-36.98 aball=143.8 bref=0.00 pid=183.8 pref=-392.7 ppos=-411.1 apid=0.0 integ=-0.0 vision=1 current=1 vframe=22001 vs=1 vage=28 vpage=28 vdt=33 vmax=130413 vacc=18036 vrej=0 seq=0 elapsed=0 oled=3C
[   9562] STATUS mode=3 fault=none enc=6 denc=1 sreq=218 sapplied=218 crate=218 uimp=692690 upos=7240 uneg=1185 ball=13.17 vball=-30.52 aball=114.2 bref=0.00 pid=218.3 pref=-381.8 ppos=-403.6 apid=0.0 integ=-0.0 vision=1 current=1 vframe=22003 vs=1 vage=2 vpage=2 vdt=33 vmax=130413 vacc=18038 vrej=0 seq=0 elapsed=0 oled=3C
[   9592] STATUS mode=3 fault=none enc=11 denc=1 sreq=178 sapplied=178 crate=178 uimp=696735 upos=7260 uneg=1185 ball=13.17 vball=-30.52 aball=114.2 bref=0.00 pid=177.8 pref=-381.8 ppos=-399.6 apid=0.0 integ=-0.0 vision=1 current=1 vframe=22003 vs=1 vage=22 vpage=22 vdt=33 vmax=130413 vacc=18038 vrej=0 seq=0 elapsed=0 oled=3C
[   9625] STATUS mode=3 fault=none enc=15 denc=1 sreq=204 sapplied=204 crate=204 uimp=700345 upos=7280 uneg=1185 ball=12.55 vball=-27.03 aball=114.2 bref=0.00 pid=204.1 pref=-375.5 ppos=-396.0 apid=0.0 integ=-0.0 vision=1 current=1 vframe=22004 vs=1 vage=8 vpage=8 vdt=34 vmax=130413 vacc=18039 vrej=0 seq=0 elapsed=0 oled=3C
[   9640] STATUS mode=3 fault=none enc=26 denc=2 sreq=232 sapplied=232 crate=232 uimp=708255 upos=7320 uneg=1185 ball=12.26 vball=-21.51 aball=114.2 bref=0.00 pid=231.9 pref=-364.9 ppos=-388.0 apid=0.0 integ=-0.0 vision=1 current=1 vframe=22005 vs=1 vage=15 vpage=15 vdt=33 vmax=130413 vacc=18040 vrej=0 seq=0 elapsed=0 oled=3C
[   9672] STATUS mode=3 fault=none enc=30 denc=0 sreq=255 sapplied=255 crate=255 uimp=712555 upos=7340 uneg=1185 ball=11.95 vball=-18.00 aball=118.6 bref=0.00 pid=255.4 pref=-358.2 ppos=-383.7 apid=0.0 integ=-0.0 vision=1 current=1 vframe=22006 vs=1 vage=1 vpage=1 vdt=34 vmax=130413 vacc=18041 vrej=0 seq=0 elapsed=0 oled=3C
[   9703] STATUS mode=3 fault=none enc=42 denc=1 sreq=210 sapplied=210 crate=210 uimp=721365 upos=7380 uneg=1185 ball=11.61 vball=-15.66 aball=118.6 bref=0.00 pid=210.0 pref=-353.9 ppos=-374.9 apid=0.0 integ=-0.0 vision=1 current=1 vframe=22007 vs=1 vage=8 vpage=8 vdt=33 vmax=130413 vacc=18042 vrej=0 seq=0 elapsed=0 oled=3C
[   9733] STATUS mode=3 fault=none enc=48 denc=2 sreq=171 sapplied=171 crate=171 uimp=725260 upos=7400 uneg=1185 ball=11.61 vball=-15.66 aball=118.6 bref=0.00 pid=171.0 pref=-353.9 ppos=-371.0 apid=0.0 integ=-0.0 vision=1 current=1 vframe=22007 vs=1 vage=28 vpage=28 vdt=33 vmax=130413 vacc=18042 vrej=0 seq=0 elapsed=0 oled=3C
[   9750] STATUS mode=3 fault=none enc=51 denc=1 sreq=140 sapplied=140 crate=140 uimp=728445 upos=7420 uneg=1185 ball=11.15 vball=-15.32 aball=118.6 bref=0.00 pid=140.5 pref=-353.8 ppos=-367.9 apid=0.0 integ=-0.0 vision=1 current=1 vframe=22008 vs=1 vage=15 vpage=15 vdt=33 vmax=130413 vacc=18043 vrej=0 seq=0 elapsed=0 oled=3C
[   9781] STATUS mode=3 fault=none enc=58 denc=1 sreq=111 sapplied=111 crate=111 uimp=733570 upos=7460 uneg=1185 ball=10.78 vball=-14.02 aball=83.3 bref=0.00 pid=110.8 pref=-351.6 ppos=-362.7 apid=0.0 integ=-0.0 vision=1 current=1 vframe=22009 vs=1 vage=22 vpage=22 vdt=33 vmax=130413 vacc=18044 vrej=0 seq=0 elapsed=0 oled=3C
[   9812] STATUS mode=3 fault=none enc=60 denc=1 sreq=96 sapplied=96 crate=96 uimp=735655 upos=7480 uneg=1185 ball=10.40 vball=-13.51 aball=83.3 bref=0.00 pid=95.6 pref=-351.1 ppos=-360.6 apid=0.0 integ=-0.0 vision=1 current=1 vframe=22010 vs=1 vage=8 vpage=8 vdt=34 vmax=130413 vacc=18045 vrej=0 seq=0 elapsed=0 oled=3C
[   9842] STATUS mode=3 fault=none enc=63 denc=1 sreq=78 sapplied=78 crate=78 uimp=737430 upos=7500 uneg=1185 ball=10.40 vball=-13.51 aball=83.3 bref=0.00 pid=77.8 pref=-351.1 ppos=-358.9 apid=0.0 integ=-0.0 vision=1 current=1 vframe=22010 vs=1 vage=28 vpage=28 vdt=34 vmax=130413 vacc=18045 vrej=0 seq=0 elapsed=0 oled=3C
[   9858] STATUS mode=3 fault=none enc=66 denc=1 sreq=47 sapplied=47 crate=47 uimp=739900 upos=7540 uneg=1185 ball=9.93 vball=-13.51 aball=83.3 bref=0.00 pid=47.5 pref=-351.6 ppos=-356.4 apid=0.0 integ=-0.0 vision=1 current=1 vframe=22011 vs=1 vage=35 vpage=35 vdt=33 vmax=130413 vacc=18046 vrej=0 seq=0 elapsed=0 oled=3C
[   9890] STATUS mode=3 fault=none enc=68 denc=1 sreq=0 sapplied=0 crate=17 uimp=740135 upos=7545 uneg=1185 ball=9.38 vball=-14.58 aball=43.4 bref=0.00 pid=17.1 pref=-354.4 ppos=-356.2 apid=0.0 integ=-0.0 vision=1 current=1 vframe=22012 vs=1 vage=19 vpage=19 vdt=36 vmax=130413 vacc=18047 vrej=0 seq=0 elapsed=0 oled=3C
[   9922] STATUS mode=3 fault=none enc=67 denc=0 sreq=30 sapplied=30 crate=30 uimp=740820 upos=7565 uneg=1185 ball=9.02 vball=-13.38 aball=43.4 bref=0.00 pid=30.0 pref=-352.5 ppos=-355.5 apid=0.0 integ=-0.0 vision=1 current=1 vframe=22013 vs=1 vage=25 vpage=25 vdt=34 vmax=130413 vacc=18048 vrej=0 seq=0 elapsed=0 oled=3C
[   9953] STATUS mode=3 fault=none enc=68 denc=0 sreq=70 sapplied=70 crate=70 uimp=741865 upos=7585 uneg=1185 ball=8.87 vball=-10.77 aball=43.4 bref=0.00 pid=69.9 pref=-347.4 ppos=-354.4 apid=0.0 integ=-0.0 vision=1 current=1 vframe=22014 vs=1 vage=12 vpage=12 vdt=33 vmax=130413 vacc=18049 vrej=0 seq=0 elapsed=0 oled=3C
[   9967] STATUS mode=3 fault=none enc=69 denc=0 sreq=57 sapplied=57 crate=57 uimp=743160 upos=7605 uneg=1185 ball=8.87 vball=-10.77 aball=43.4 bref=0.00 pid=57.0 pref=-347.4 ppos=-353.1 apid=0.0 integ=-0.0 vision=1 current=1 vframe=22014 vs=1 vage=32 vpage=32 vdt=33 vmax=130413 vacc=18049 vrej=0 seq=0 elapsed=0 oled=3C
[  10000] STATUS mode=3 fault=none enc=75 denc=0 sreq=95 sapplied=95 crate=95 uimp=746765 upos=7645 uneg=1185 ball=8.67 vball=-6.95 aball=54.0 bref=0.00 pid=94.9 pref=-340.0 ppos=-349.5 apid=0.0 integ=-0.0 vision=1 current=1 vframe=22016 vs=1 vage=5 vpage=5 vdt=35 vmax=130413 vacc=18051 vrej=0 seq=0 elapsed=0 oled=3C
[  10031] STATUS mode=3 fault=none enc=78 denc=2 sreq=77 sapplied=77 crate=77 uimp=748525 upos=7665 uneg=1185 ball=8.67 vball=-6.95 aball=54.0 bref=0.00 pid=77.3 pref=-340.0 ppos=-347.8 apid=0.0 integ=-0.0 vision=1 current=1 vframe=22016 vs=1 vage=25 vpage=25 vdt=35 vmax=130413 vacc=18051 vrej=0 seq=0 elapsed=0 oled=3C
[  10062] STATUS mode=3 fault=none enc=77 denc=-1 sreq=30 sapplied=30 crate=30 uimp=749605 upos=7685 uneg=1185 ball=8.28 vball=-8.53 aball=54.0 bref=0.00 pid=30.2 pref=-343.7 ppos=-346.7 apid=0.0 integ=-0.0 vision=1 current=1 vframe=22017 vs=1 vage=12 vpage=12 vdt=33 vmax=130413 vacc=18052 vrej=0 seq=0 elapsed=0 oled=3C
[  10078] STATUS mode=3 fault=none enc=79 denc=0 sreq=-39 sapplied=-39 crate=-39 uimp=749870 upos=7710 uneg=1195 ball=7.66 vball=-11.50 aball=13.9 bref=0.00 pid=-39.3 pref=-350.4 ppos=-346.4 apid=0.0 integ=-0.0 vision=1 current=1 vframe=22018 vs=1 vage=19 vpage=19 vdt=33 vmax=130413 vacc=18053 vrej=0 seq=0 elapsed=0 oled=3C
[  10108] STATUS mode=3 fault=none enc=77 denc=-2 sreq=0 sapplied=0 crate=0 uimp=749315 upos=7710 uneg=1210 ball=7.45 vball=-9.96 aball=13.9 bref=0.00 pid=0.0 pref=-347.5 ppos=-347.0 apid=0.0 integ=-0.0 vision=1 current=1 vframe=22019 vs=1 vage=6 vpage=6 vdt=33 vmax=130413 vacc=18054 vrej=0 seq=0 elapsed=0 oled=3C
[  10140] STATUS mode=3 fault=none enc=78 denc=0 sreq=0 sapplied=0 crate=0 uimp=749315 upos=7710 uneg=1210 ball=7.45 vball=-9.96 aball=13.9 bref=0.00 pid=0.0 pref=-347.5 ppos=-347.0 apid=0.0 integ=-0.0 vision=1 current=1 vframe=22019 vs=1 vage=26 vpage=26 vdt=33 vmax=130413 vacc=18054 vrej=0 seq=0 elapsed=0 oled=3C
[  10172] STATUS mode=3 fault=none enc=78 denc=0 sreq=0 sapplied=0 crate=19 uimp=749315 upos=7710 uneg=1210 ball=7.26 vball=-8.64 aball=13.9 bref=0.00 pid=18.7 pref=-345.1 ppos=-347.0 apid=0.0 integ=-0.0 vision=1 current=1 vframe=22020 vs=1 vage=32 vpage=32 vdt=34 vmax=130413 vacc=18055 vrej=0 seq=0 elapsed=0 oled=3C
[  10187] STATUS mode=3 fault=none enc=78 denc=0 sreq=36 sapplied=36 crate=36 uimp=749705 upos=7720 uneg=1210 ball=7.11 vball=-7.50 aball=25.6 bref=0.00 pid=35.8 pref=-343.0 ppos=-346.6 apid=0.0 integ=-0.0 vision=1 current=1 vframe=22021 vs=1 vage=19 vpage=19 vdt=33 vmax=130413 vacc=18056 vrej=0 seq=0 elapsed=0 oled=3C
[  10217] STATUS mode=3 fault=none enc=79 denc=1 sreq=-29 sapplied=-29 crate=-29 uimp=750215 upos=7735 uneg=1210 ball=6.57 vball=-10.14 aball=25.6 bref=0.00 pid=-28.6 pref=-348.9 ppos=-346.1 apid=0.0 integ=-0.0 vision=1 current=1 vframe=22022 vs=1 vage=6 vpage=6 vdt=33 vmax=130413 vacc=18057 vrej=0 seq=0 elapsed=0 oled=3C
[  10250] STATUS mode=3 fault=none enc=78 denc=1 sreq=0 sapplied=0 crate=-19 uimp=749460 upos=7735 uneg=1240 ball=6.26 vball=-9.87 aball=25.6 bref=0.00 pid=-19.4 pref=-348.8 ppos=-346.8 apid=0.0 integ=-0.0 vision=1 current=1 vframe=22023 vs=1 vage=12 vpage=12 vdt=34 vmax=130413 vacc=18058 vrej=0 seq=0 elapsed=0 oled=3C
[  10265] STATUS mode=3 fault=none enc=78 denc=0 sreq=25 sapplied=0 crate=25 uimp=749460 upos=7735 uneg=1240 ball=6.18 vball=-7.62 aball=13.5 bref=0.00 pid=24.7 pref=-344.4 ppos=-346.8 apid=0.0 integ=-0.0 vision=1 current=1 vframe=22024 vs=1 vage=1 vpage=1 vdt=31 vmax=130413 vacc=18059 vrej=0 seq=0 elapsed=0 oled=3C
[  10297] STATUS mode=3 fault=none enc=79 denc=0 sreq=28 sapplied=28 crate=28 uimp=750160 upos=7765 uneg=1240 ball=6.00 vball=-7.01 aball=13.5 bref=0.00 pid=27.7 pref=-343.4 ppos=-346.1 apid=0.0 integ=-0.0 vision=1 current=1 vframe=22025 vs=1 vage=8 vpage=8 vdt=33 vmax=130413 vacc=18060 vrej=0 seq=0 elapsed=0 oled=3C
[  10328] STATUS mode=3 fault=none enc=79 denc=0 sreq=23 sapplied=23 crate=23 uimp=750675 upos=7785 uneg=1240 ball=6.00 vball=-7.01 aball=13.5 bref=0.00 pid=22.6 pref=-343.4 ppos=-345.6 apid=0.0 integ=-0.0 vision=1 current=1 vframe=22025 vs=1 vage=28 vpage=28 vdt=33 vmax=130413 vacc=18060 vrej=0 seq=0 elapsed=0 oled=3C
[  10328] >>> ball sequence
[  10328] PHASE sequence
[  10358] STATUS mode=3 fault=none enc=80 denc=0 sreq=32 sapplied=32 crate=32 uimp=751245 upos=7805 uneg=1240 ball=5.86 vball=-6.16 aball=13.5 bref=0.00 pid=32.2 pref=-341.8 ppos=-345.1 apid=0.0 integ=-0.0 vision=1 current=1 vframe=22026 vs=1 vage=13 vpage=13 vdt=35 vmax=130413 vacc=18061 vrej=0 seq=0 elapsed=0 oled=3C
[  10375] STATUS mode=4 fault=none enc=76 denc=-3 sreq=-400 sapplied=-400 crate=-400 uimp=747205 upos=7820 uneg=1255 ball=5.84 vball=-4.53 aball=0.0 bref=50.00 pid=-400.0 pref=-490.6 ppos=-349.1 apid=0.0 integ=-0.0 vision=1 current=1 vframe=22027 vs=1 vage=21 vpage=21 vdt=32 vmax=130413 vacc=18062 vrej=0 seq=1 elapsed=24 oled=3C
[  10406] STATUS mode=4 fault=none enc=66 denc=-3 sreq=-400 sapplied=-400 crate=-400 uimp=739205 upos=7820 uneg=1275 ball=5.85 vball=-3.05 aball=0.0 bref=50.00 pid=-400.0 pref=-487.7 ppos=-357.1 apid=0.0 integ=-0.0 vision=1 current=1 vframe=22028 vs=1 vage=8 vpage=8 vdt=33 vmax=130413 vacc=18063 vrej=0 seq=1 elapsed=44 oled=3C
[  10437] STATUS mode=4 fault=none enc=56 denc=-2 sreq=-400 sapplied=-400 crate=-400 uimp=731205 upos=7820 uneg=1295 ball=5.85 vball=-3.05 aball=0.0 bref=50.00 pid=-400.0 pref=-487.7 ppos=-365.1 apid=0.0 integ=-0.0 vision=1 current=1 vframe=22028 vs=1 vage=28 vpage=28 vdt=33 vmax=130413 vacc=18063 vrej=0 seq=1 elapsed=64 oled=3C
[  10467] STATUS mode=4 fault=none enc=35 denc=-2 sreq=-400 sapplied=-400 crate=-400 uimp=715205 upos=7820 uneg=1335 ball=6.54 vball=3.07 aball=34.2 bref=50.00 pid=-400.0 pref=-474.6 ppos=-381.1 apid=0.0 integ=-0.0 vision=1 current=1 vframe=22030 vs=1 vage=1 vpage=1 vdt=33 vmax=130413 vacc=18065 vrej=0 seq=1 elapsed=104 oled=3C
[  10500] STATUS mode=4 fault=none enc=25 denc=-2 sreq=-400 sapplied=-400 crate=-400 uimp=707205 upos=7820 uneg=1355 ball=6.54 vball=3.07 aball=34.2 bref=50.00 pid=-400.0 pref=-474.6 ppos=-389.1 apid=0.0 integ=-0.0 vision=1 current=1 vframe=22030 vs=1 vage=21 vpage=21 vdt=33 vmax=130413 vacc=18065 vrej=0 seq=1 elapsed=124 oled=3C
[  10515] STATUS mode=4 fault=none enc=4 denc=-3 sreq=-400 sapplied=-400 crate=-400 uimp=691205 upos=7820 uneg=1395 ball=6.56 vball=2.36 aball=34.2 bref=50.00 pid=-400.0 pref=-476.0 ppos=-405.1 apid=0.0 integ=-0.0 vision=1 current=1 vframe=22031 vs=1 vage=28 vpage=28 vdt=33 vmax=130413 vacc=18066 vrej=0 seq=1 elapsed=164 oled=3C
[  10547] STATUS mode=4 fault=none enc=-6 denc=-3 sreq=-400 sapplied=-400 crate=-400 uimp=683205 upos=7820 uneg=1415 ball=6.65 vball=2.51 aball=34.2 bref=50.00 pid=-400.0 pref=-475.6 ppos=-413.1 apid=0.0 integ=-0.0 vision=1 current=1 vframe=22032 vs=1 vage=14 vpage=14 vdt=34 vmax=130413 vacc=18067 vrej=0 seq=1 elapsed=184 oled=3C
[  10578] STATUS mode=4 fault=none enc=-17 denc=-3 sreq=-400 sapplied=-400 crate=-400 uimp=675205 upos=7820 uneg=1435 ball=6.71 vball=2.28 aball=15.3 bref=50.00 pid=-400.0 pref=-476.0 ppos=-421.1 apid=0.0 integ=-0.0 vision=1 current=1 vframe=22033 vs=1 vage=1 vpage=1 vdt=33 vmax=130413 vacc=18068 vrej=0 seq=1 elapsed=204 oled=3C
[  10608] STATUS mode=4 fault=none enc=-37 denc=-3 sreq=-400 sapplied=-400 crate=-400 uimp=659205 upos=7820 uneg=1475 ball=6.67 vball=1.17 aball=15.3 bref=50.00 pid=-400.0 pref=-486.2 ppos=-437.1 apid=0.0 integ=-7.9 vision=1 current=1 vframe=22034 vs=1 vage=6 vpage=6 vdt=35 vmax=130413 vacc=18069 vrej=0 seq=1 elapsed=244 oled=3C
[  10640] STATUS mode=4 fault=none enc=-47 denc=-3 sreq=-400 sapplied=-400 crate=-400 uimp=651205 upos=7820 uneg=1495 ball=6.67 vball=1.17 aball=15.3 bref=50.00 pid=-400.0 pref=-486.2 ppos=-445.1 apid=0.0 integ=-7.9 vision=1 current=1 vframe=22034 vs=1 vage=26 vpage=26 vdt=35 vmax=130413 vacc=18069 vrej=0 seq=1 elapsed=264 oled=3C
[  10656] STATUS mode=4 fault=none enc=-67 denc=-3 sreq=-400 sapplied=-400 crate=-400 uimp=635515 upos=7820 uneg=1535 ball=6.56 vball=-0.15 aball=-2.5 bref=50.00 pid=-400.0 pref=-503.7 ppos=-460.8 apid=-0.0 integ=-22.7 vision=1 current=1 vframe=22036 vs=1 vage=1 vpage=1 vdt=34 vmax=130413 vacc=18071 vrej=0 seq=1 elapsed=304 oled=3C
[  10687] STATUS mode=4 fault=none enc=-75 denc=-1 sreq=-351 sapplied=-351 crate=-351 uimp=627720 upos=7820 uneg=1555 ball=6.56 vball=-0.15 aball=-2.5 bref=50.00 pid=-351.2 pref=-503.7 ppos=-468.6 apid=-0.0 integ=-22.7 vision=1 current=1 vframe=22036 vs=1 vage=21 vpage=21 vdt=34 vmax=130413 vacc=18071 vrej=0 seq=1 elapsed=324 oled=3C
[  10717] STATUS mode=4 fault=none enc=-85 denc=-3 sreq=-358 sapplied=-358 crate=-358 uimp=620825 upos=7820 uneg=1575 ball=6.55 vball=-0.19 aball=-2.5 bref=50.00 pid=-358.1 pref=-511.3 ppos=-475.5 apid=-0.0 integ=-30.2 vision=1 current=1 vframe=22037 vs=1 vage=8 vpage=8 vdt=33 vmax=130413 vacc=18072 vrej=0 seq=1 elapsed=344 oled=3C
[  10750] STATUS mode=4 fault=none enc=-101 denc=-1 sreq=-299 sapplied=-299 crate=-299 uimp=607745 upos=7820 uneg=1615 ball=6.55 vball=-0.16 aball=-2.5 bref=50.00 pid=-299.3 pref=-518.5 ppos=-488.6 apid=-0.0 integ=-37.4 vision=1 current=1 vframe=22038 vs=1 vage=16 vpage=16 vdt=32 vmax=130413 vacc=18073 vrej=0 seq=1 elapsed=384 oled=3C
[  10781] STATUS mode=4 fault=none enc=-109 denc=-2 sreq=-321 sapplied=-321 crate=-321 uimp=602195 upos=7820 uneg=1635 ball=6.53 vball=-0.26 aball=-1.9 bref=50.00 pid=-320.9 pref=-526.2 ppos=-494.1 apid=-0.0 integ=-44.9 vision=1 current=1 vframe=22039 vs=1 vage=3 vpage=3 vdt=33 vmax=130413 vacc=18074 vrej=0 seq=1 elapsed=404 oled=3C
[  10797] STATUS mode=4 fault=none enc=-123 denc=-3 sreq=-284 sapplied=-284 crate=-284 uimp=591020 upos=7820 uneg=1675 ball=6.52 vball=-0.23 aball=-1.9 bref=50.00 pid=-283.6 pref=-533.6 ppos=-505.3 apid=-0.0 integ=-52.4 vision=1 current=1 vframe=22040 vs=1 vage=10 vpage=10 vdt=33 vmax=130413 vacc=18075 vrej=0 seq=1 elapsed=444 oled=3C
[  10828] STATUS mode=4 fault=none enc=-128 denc=-1 sreq=-231 sapplied=-231 crate=-231 uimp=585760 upos=7820 uneg=1695 ball=6.52 vball=-0.23 aball=-1.9 bref=50.00 pid=-231.0 pref=-533.6 ppos=-510.5 apid=-0.0 integ=-52.4 vision=1 current=1 vframe=22040 vs=1 vage=30 vpage=30 vdt=33 vmax=130413 vacc=18075 vrej=0 seq=1 elapsed=464 oled=3C
[  10858] STATUS mode=4 fault=none enc=-135 denc=-2 sreq=-256 sapplied=-256 crate=-256 uimp=580340 upos=7820 uneg=1715 ball=6.50 vball=-0.33 aball=-1.9 bref=50.00 pid=-256.2 pref=-541.6 ppos=-516.0 apid=-0.0 integ=-60.1 vision=1 current=1 vframe=22041 vs=1 vage=16 vpage=16 vdt=34 vmax=130413 vacc=18076 vrej=0 seq=1 elapsed=484 oled=3C
[  10890] STATUS mode=4 fault=none enc=-148 denc=-2 sreq=-230 sapplied=-230 crate=-230 uimp=570350 upos=7820 uneg=1755 ball=6.50 vball=-0.28 aball=-1.1 bref=50.00 pid=-230.2 pref=-549.0 ppos=-525.9 apid=-0.0 integ=-67.6 vision=1 current=1 vframe=22042 vs=1 vage=23 vpage=23 vdt=33 vmax=130413 vacc=18077 vrej=0 seq=1 elapsed=524 oled=3C
[  10922] STATUS mode=4 fault=none enc=-153 denc=-1 sreq=-253 sapplied=-253 crate=-253 uimp=565735 upos=7820 uneg=1775 ball=6.53 vball=0.12 aball=-1.1 bref=50.00 pid=-252.8 pref=-555.8 ppos=-530.6 apid=-0.0 integ=-75.3 vision=1 current=1 vframe=22043 vs=1 vage=9 vpage=9 vdt=34 vmax=130413 vacc=18078 vrej=0 seq=1 elapsed=544 oled=3C
[  10953] STATUS mode=4 fault=none enc=-165 denc=-2 sreq=-225 sapplied=-225 crate=-225 uimp=556275 upos=7820 uneg=1815 ball=6.58 vball=0.51 aball=-1.1 bref=50.00 pid=-224.7 pref=-562.5 ppos=-540.0 apid=-0.0 integ=-82.8 vision=1 current=1 vframe=22044 vs=1 vage=16 vpage=16 vdt=33 vmax=130413 vacc=18079 vrej=0 seq=1 elapsed=584 oled=3C
[  10967] STATUS mode=4 fault=none enc=-170 denc=-1 sreq=-253 sapplied=-253 crate=-253 uimp=552105 upos=7820 uneg=1835 ball=6.62 vball=0.72 aball=3.9 bref=50.00 pid=-253.2 pref=-569.5 ppos=-544.2 apid=0.0 integ=-90.3 vision=1 current=1 vframe=22045 vs=1 vage=3 vpage=3 vdt=33 vmax=130413 vacc=18080 vrej=0 seq=1 elapsed=604 oled=3C
[  11000] STATUS mode=4 fault=none enc=-181 denc=-1 sreq=-184 sapplied=-184 crate=-184 uimp=543505 upos=7820 uneg=1875 ball=6.96 vball=3.53 aball=3.9 bref=50.00 pid=-183.7 pref=-571.2 ppos=-552.8 apid=0.0 integ=-98.0 vision=1 current=1 vframe=22046 vs=1 vage=9 vpage=9 vdt=34 vmax=130413 vacc=18081 vrej=0 seq=1 elapsed=644 oled=3C
[  11031] STATUS mode=4 fault=none enc=-186 denc=-1 sreq=-150 sapplied=-150 crate=-150 uimp=540095 upos=7820 uneg=1895 ball=6.96 vball=3.53 aball=3.9 bref=50.00 pid=-149.6 pref=-571.2 ppos=-556.2 apid=0.0 integ=-98.0 vision=1 current=1 vframe=22046 vs=1 vage=29 vpage=29 vdt=34 vmax=130413 vacc=18081 vrej=0 seq=1 elapsed=664 oled=3C
[  11062] STATUS mode=4 fault=none enc=-187 denc=1 sreq=-77 sapplied=-77 crate=-77 uimp=538065 upos=7820 uneg=1915 ball=7.35 vball=5.91 aball=3.9 bref=50.00 pid=-77.1 pref=-565.9 ppos=-558.2 apid=0.0 integ=-98.0 vision=1 current=1 vframe=22047 vs=1 vage=16 vpage=16 vdt=33 vmax=130413 vacc=18082 vrej=0 seq=1 elapsed=684 oled=3C
[  11092] STATUS mode=4 fault=none enc=-191 denc=0 sreq=-56 sapplied=-56 crate=-56 uimp=535355 upos=7820 uneg=1955 ball=7.51 vball=5.49 aball=23.4 bref=50.00 pid=-56.4 pref=-566.6 ppos=-560.9 apid=0.0 integ=-98.0 vision=1 current=1 vframe=22048 vs=1 vage=22 vpage=22 vdt=34 vmax=130413 vacc=18083 vrej=0 seq=1 elapsed=724 oled=3C
[  11108] STATUS mode=4 fault=none enc=-193 denc=-1 sreq=143 sapplied=143 crate=143 uimp=534550 upos=7820 uneg=1970 ball=8.70 vball=14.34 aball=23.4 bref=50.00 pid=142.9 pref=-547.5 ppos=-561.7 apid=0.0 integ=-0.0 vision=1 current=1 vframe=22049 vs=1 vage=9 vpage=9 vdt=33 vmax=130413 vacc=18084 vrej=0 seq=1 elapsed=744 oled=3C
[  11140] STATUS mode=4 fault=none enc=-186 denc=1 sreq=160 sapplied=160 crate=160 uimp=540450 upos=7860 uneg=1970 ball=9.54 vball=17.66 aball=23.4 bref=50.00 pid=160.4 pref=-539.8 ppos=-555.8 apid=0.0 integ=-0.0 vision=1 current=1 vframe=22050 vs=1 vage=16 vpage=16 vdt=33 vmax=130413 vacc=18085 vrej=0 seq=1 elapsed=784 oled=3C
[  11172] STATUS mode=4 fault=none enc=-183 denc=1 sreq=238 sapplied=238 crate=238 uimp=543425 upos=7880 uneg=1970 ball=10.74 vball=22.77 aball=90.6 bref=50.00 pid=247.2 pref=-528.1 ppos=-552.9 apid=0.0 integ=-0.0 vision=1 current=1 vframe=22051 vs=1 vage=2 vpage=2 vdt=34 vmax=130413 vacc=18086 vrej=0 seq=1 elapsed=804 oled=3C
[  11203] STATUS mode=4 fault=none enc=-176 denc=2 sreq=202 sapplied=202 crate=202 uimp=547970 upos=7900 uneg=1970 ball=10.74 vball=22.77 aball=90.6 bref=50.00 pid=201.8 pref=-528.1 ppos=-548.3 apid=0.0 integ=-0.0 vision=1 current=1 vframe=22051 vs=1 vage=22 vpage=22 vdt=34 vmax=130413 vacc=18086 vrej=0 seq=1 elapsed=824 oled=3C
[  11217] STATUS mode=4 fault=none enc=-163 denc=2 sreq=253 sapplied=253 crate=253 uimp=558020 upos=7940 uneg=1970 ball=12.24 vball=29.46 aball=90.6 bref=50.00 pid=253.1 pref=-513.0 ppos=-538.3 apid=0.0 integ=-0.0 vision=1 current=1 vframe=22052 vs=1 vage=29 vpage=29 vdt=33 vmax=130413 vacc=18087 vrej=0 seq=1 elapsed=864 oled=3C
[  11250] STATUS mode=4 fault=none enc=-156 denc=2 sreq=290 sapplied=290 crate=290 uimp=564105 upos=7960 uneg=1970 ball=13.63 vball=33.49 aball=90.6 bref=50.00 pid=289.5 pref=-503.2 ppos=-532.2 apid=0.0 integ=-0.0 vision=1 current=1 vframe=22053 vs=1 vage=16 vpage=16 vdt=33 vmax=130413 vacc=18088 vrej=0 seq=1 elapsed=884 oled=3C
[  11281] STATUS mode=4 fault=none enc=-141 denc=2 sreq=326 sapplied=326 crate=326 uimp=576635 upos=8000 uneg=1970 ball=15.52 vball=40.43 aball=129.3 bref=50.00 pid=325.7 pref=-487.1 ppos=-519.7 apid=0.0 integ=-0.0 vision=1 current=1 vframe=22054 vs=1 vage=22 vpage=22 vdt=34 vmax=130413 vacc=18089 vrej=0 seq=1 elapsed=924 oled=3C
[  11312] STATUS mode=4 fault=none enc=-132 denc=3 sreq=375 sapplied=375 crate=375 uimp=583250 upos=8020 uneg=1970 ball=17.36 vball=45.10 aball=129.3 bref=50.00 pid=375.0 pref=-475.5 ppos=-513.0 apid=0.0 integ=-0.0 vision=1 current=1 vframe=22055 vs=1 vage=9 vpage=9 vdt=33 vmax=130413 vacc=18090 vrej=0 seq=1 elapsed=944 oled=3C
[  11342] STATUS mode=4 fault=none enc=-123 denc=2 sreq=305 sapplied=305 crate=305 uimp=590205 upos=8040 uneg=1970 ball=17.36 vball=45.10 aball=129.3 bref=50.00 pid=305.5 pref=-475.5 ppos=-506.1 apid=0.0 integ=-0.0 vision=1 current=1 vframe=22055 vs=1 vage=29 vpage=29 vdt=33 vmax=130413 vacc=18090 vrej=0 seq=1 elapsed=964 oled=3C
[  11358] STATUS mode=4 fault=none enc=-108 denc=2 sreq=385 sapplied=385 crate=385 uimp=602925 upos=8080 uneg=1970 ball=21.61 vball=54.74 aball=135.5 bref=50.00 pid=400.0 pref=-451.2 ppos=-493.4 apid=0.0 integ=-0.0 vision=1 current=1 vframe=22057 vs=1 vage=2 vpage=2 vdt=33 vmax=130413 vacc=18092 vrej=0 seq=1 elapsed=1004 oled=3C
[  11390] STATUS mode=4 fault=none enc=-98 denc=2 sreq=345 sapplied=345 crate=345 uimp=610585 upos=8100 uneg=1970 ball=21.61 vball=54.74 aball=135.5 bref=50.00 pid=345.5 pref=-451.2 ppos=-485.7 apid=0.0 integ=-0.0 vision=1 current=1 vframe=22057 vs=1 vage=22 vpage=22 vdt=33 vmax=130413 vacc=18092 vrej=0 seq=1 elapsed=1024 oled=3C
[  11422] STATUS mode=4 fault=none enc=-79 denc=2 sreq=350 sapplied=350 crate=350 uimp=625285 upos=8140 uneg=1970 ball=24.09 vball=60.81 aball=135.5 bref=50.00 pid=349.6 pref=-436.0 ppos=-471.0 apid=0.0 integ=-0.0 vision=1 current=1 vframe=22058 vs=1 vage=30 vpage=30 vdt=32 vmax=130413 vacc=18093 vrej=0 seq=1 elapsed=1064 oled=3C
[  11453] STATUS mode=4 fault=none enc=-69 denc=3 sreq=343 sapplied=343 crate=343 uimp=632740 upos=8160 uneg=1970 ball=26.28 vball=62.87 aball=135.5 bref=50.00 pid=342.6 pref=-429.3 ppos=-463.6 apid=0.0 integ=-0.0 vision=1 current=1 vframe=22059 vs=1 vage=16 vpage=16 vdt=34 vmax=130413 vacc=18094 vrej=0 seq=1 elapsed=1084 oled=3C
[  11483] STATUS mode=4 fault=none enc=-62 denc=1 sreq=394 sapplied=394 crate=394 uimp=639095 upos=8180 uneg=1970 ball=29.60 vball=73.36 aball=159.2 bref=50.00 pid=400.0 pref=-404.3 ppos=-457.2 apid=0.0 integ=-0.0 vision=1 current=1 vframe=22060 vs=1 vage=3 vpage=3 vdt=33 vmax=130413 vacc=18095 vrej=0 seq=1 elapsed=1104 oled=3C
[  11500] STATUS mode=4 fault=none enc=-41 denc=3 sreq=400 sapplied=400 crate=400 uimp=655065 upos=8220 uneg=1970 ball=32.05 vball=73.85 aball=159.2 bref=50.00 pid=400.0 pref=-400.4 ppos=-441.2 apid=0.0 integ=-0.0 vision=1 current=1 vframe=22061 vs=1 vage=10 vpage=10 vdt=33 vmax=130413 vacc=18096 vrej=0 seq=1 elapsed=1144 oled=3C
[  11531] STATUS mode=4 fault=none enc=-32 denc=2 sreq=333 sapplied=333 crate=333 uimp=662600 upos=8240 uneg=1970 ball=32.05 vball=73.85 aball=159.2 bref=50.00 pid=332.8 pref=-400.4 ppos=-433.7 apid=0.0 integ=-0.0 vision=1 current=1 vframe=22061 vs=1 vage=30 vpage=30 vdt=33 vmax=130413 vacc=18096 vrej=0 seq=1 elapsed=1164 oled=3C
[  11562] STATUS mode=4 fault=none enc=-15 denc=3 sreq=333 sapplied=333 crate=333 uimp=675680 upos=8280 uneg=1970 ball=37.47 vball=77.14 aball=104.7 bref=50.00 pid=332.8 pref=-387.3 ppos=-420.6 apid=0.0 integ=-0.0 vision=1 current=1 vframe=22063 vs=1 vage=4 vpage=4 vdt=33 vmax=130413 vacc=18098 vrej=0 seq=1 elapsed=1204 oled=3C
[  11592] STATUS mode=4 fault=none enc=-7 denc=2 sreq=271 sapplied=271 crate=271 uimp=681850 upos=8300 uneg=1970 ball=37.47 vball=77.14 aball=104.7 bref=50.00 pid=271.1 pref=-387.3 ppos=-414.4 apid=0.0 integ=-0.0 vision=1 current=1 vframe=22063 vs=1 vage=24 vpage=24 vdt=33 vmax=130413 vacc=18098 vrej=0 seq=1 elapsed=1224 oled=3C
[  11625] STATUS mode=4 fault=none enc=-1 denc=2 sreq=200 sapplied=200 crate=200 uimp=686220 upos=8320 uneg=1970 ball=40.68 vball=83.21 aball=0.0 bref=-50.00 pid=400.0 pref=-142.6 ppos=-410.1 apid=0.0 integ=-0.0 vision=1 current=1 vframe=22064 vs=1 vage=10 vpage=10 vdt=34 vmax=130413 vacc=18099 vrej=0 seq=2 elapsed=1244 oled=3C
[  11640] STATUS mode=4 fault=none enc=17 denc=3 sreq=400 sapplied=400 crate=400 uimp=700720 upos=8360 uneg=1970 ball=43.77 vball=85.82 aball=0.0 bref=-50.00 pid=400.0 pref=-142.6 ppos=-395.6 apid=0.0 integ=-0.0 vision=1 current=1 vframe=22065 vs=1 vage=17 vpage=17 vdt=33 vmax=130413 vacc=18100 vrej=0 seq=2 elapsed=1284 oled=3C
[  11672] STATUS mode=4 fault=none enc=27 denc=2 sreq=400 sapplied=400 crate=400 uimp=708720 upos=8380 uneg=1970 ball=46.91 vball=87.28 aball=0.0 bref=-50.00 pid=400.0 pref=-142.6 ppos=-387.6 apid=0.0 integ=-0.0 vision=1 current=1 vframe=22066 vs=1 vage=4 vpage=4 vdt=33 vmax=130413 vacc=18101 vrej=0 seq=2 elapsed=1304 oled=3C
[  11703] STATUS mode=4 fault=none enc=48 denc=2 sreq=400 sapplied=400 crate=400 uimp=724720 upos=8420 uneg=1970 ball=49.57 vball=85.43 aball=10.0 bref=-50.00 pid=00.0 pref=-142.6 ppos=-379.6 apid=0.0 integ=-0.0 vision=1 current=1 vframe=22066 vs=1 vage=24 vpage=24 vdt=33 vmax=130413 vacc=18101 vrej=0 seq=2 elapsed=1324 oled=3C
[  11733] STATUS mode=4 fault=none enc=58 denc=2 sreq=400 sapplied=400 crate=400 uimp=732720 upos=8440 uneg=1970 ball=49.57 vball=85.43 aball=10.0 bref=-50.00 pid=400.0 pref=-142.6 ppos=-363.6 apid=0.0 integ=-0.0 vision=1 current=1 vframe=22067 vs=1 vage=30 vpage=30 vdt=34 vmax=130413 vacc=18102 vrej=0 seq=2 elapsed=1364 oled=3C
[  11750] STATUS mode=4 fault=none enc=69 denc=3 sreq=400 sapplied=400 crate=400 uimp=740720 upos=8460 uneg=1970 ball=52.37 vball=85.18 aball=10.0 bref=-50.00 pid=400.0 pref=-142.6 ppos=-355.6 apid=0.0 integ=-0.0 vision=1 current=1 vframe=22068 vs=1 vage=17 vpage=17 vdt=33 vmax=130413 vacc=18103 vrej=0 seq=2 elapsed=1384 oled=3C
[  11781] STATUS mode=4 fault=none enc=90 denc=3 sreq=400 sapplied=400 crate=400 uimp=756720 upos=8500 uneg=1970 ball=55.12 vball=84.28 aball=10.0 bref=-50.00 pid=400.0 pref=-142.6 ppos=-339.6 apid=0.0 integ=-0.0 vision=1 current=1 vframe=22069 vs=1 vage=24 vpage=24 vdt=33 vmax=130413 vacc=18104 vrej=0 seq=2 elapsed=1424 oled=3C
[  11812] STATUS mode=4 fault=none enc=99 denc=2 sreq=400 sapplied=400 crate=400 uimp=764720 upos=8520 uneg=1970 ball=58.48 vball=88.59 aball=19.6 bref=-50.00 pid=400.0 pref=-142.6 ppos=-331.6 apid=0.0 integ=-0.0 vision=1 current=1 vframe=22070 vs=1 vage=9 vpage=9 vdt=35 vmax=130413 vacc=18105 vrej=0 seq=2 elapsed=1444 oled=3C
[  11842] STATUS mode=4 fault=none enc=110 denc=3 sreq=400 sapplied=400 crate=400 uimp=772720 upos=8540 uneg=1970 ball=58.48 vball=88.59 aball=19.6 bref=-50.00 pid=400.0 pref=-142.6 ppos=-323.6 apid=0.0 integ=-0.0 vision=1 current=1 vframe=22070 vs=1 vage=29 vpage=29 vdt=35 vmax=130413 vacc=18105 vrej=0 seq=2 elapsed=1464 oled=3C
[  11875] STATUS mode=4 fault=none enc=130 denc=2 sreq=400 sapplied=400 crate=400 uimp=788720 upos=8580 uneg=1970 ball=63.26 vball=81.02 aball=19.6 bref=-50.00 pid=400.0 pref=-142.6 ppos=-307.6 apid=0.0 integ=-0.0 vision=1 current=1 vframe=22072 vs=1 vage=1 vpage=1 vdt=33 vmax=130413 vacc=18107 vrej=0 seq=2 elapsed=1504 oled=3C
[  11890] STATUS mode=4 fault=none enc=141 denc=3 sreq=400 sapplied=400 crate=400 uimp=796720 upos=8600 uneg=1970 ball=63.26 vball=81.02 aball=19.6 bref=-50.00 pid=400.0 pref=-142.6 ppos=-299.6 apid=0.0 integ=-0.0 vision=1 current=1 vframe=22072 vs=1 vage=21 vpage=21 vdt=33 vmax=130413 vacc=18107 vrej=0 seq=2 elapsed=1524 oled=3C
[  11922] STATUS mode=4 fault=none enc=162 denc=2 sreq=400 sapplied=400 crate=400 uimp=812720 upos=8640 uneg=1970 ball=65.98 vball=80.63 aball=-24.7 bref=-50.00 pid=400.0 pref=-142.6 ppos=-283.6 apid=-0.0 integ=-0.0 vision=1 current=1 vframe=22073 vs=1 vage=28 vpage=28 vdt=33 vmax=130413 vacc=18108 vrej=0 seq=2 elapsed=1564 oled=3C
[  11953] STATUS mode=4 fault=none enc=172 denc=2 sreq=400 sapplied=400 crate=400 uimp=820720 upos=8660 uneg=1970 ball=68.14 vball=76.30 aball=-24.7 bref=-50.00 pid=400.0 pref=-142.6 ppos=-275.6 apid=-0.0 integ=-0.0 vision=1 current=1 vframe=22074 vs=1 vage=15 vpage=15 vdt=33 vmax=130413 vacc=18109 vrej=0 seq=2 elapsed=1584 oled=3C
[  11983] STATUS mode=4 fault=none enc=193 denc=3 sreq=400 sapplied=400 crate=400 uimp=836720 upos=8700 uneg=1970 ball=70.53 vball=74.53 aball=-24.7 bref=-50.00 pid=400.0 pref=-142.6 ppos=-267.6 apid=-0.0 integ=-0.0 vision=1 current=1 vframe=22075 vs=1 vage=0 vpage=0 vdt=35 vmax=130413 vacc=18110 vrej=0 seq=2 elapsed=1604 oled=3C
[  12015] STATUS mode=4 fault=none enc=203 denc=2 sreq=400 sapplied=400 crate=400 uimp=844720 upos=8720 uneg=1970 ball=72.48 vball=70.25 aball=-60.3 bref=-50.00 pid=400.0 pref=-142.6 ppos=-251.6 apid=-0.0 integ=-0.0 vision=1 current=1 vframe=22076 vs=1 vage=8 vpage=8 vdt=32 vmax=130413 vacc=18111 vrej=0 seq=2 elapsed=1644 oled=3C
[  12031] STATUS mode=4 fault=none enc=213 denc=2 sreq=400 sapplied=400 crate=400 uimp=852720 upos=8740 uneg=1970 ball=72.48 vball=70.25 aball=-60.3 bref=-50.00 pid=400.0 pref=-142.6 ppos=-243.6 apid=-0.0 integ=-0.0 vision=1 current=1 vframe=22076 vs=1 vage=28 vpage=28 vdt=32 vmax=130413 vacc=18111 vrej=0 seq=2 elapsed=1664 oled=3C
[  12062] STATUS mode=4 fault=none enc=234 denc=3 sreq=400 sapplied=400 crate=400 uimp=868720 upos=8780 uneg=1970 ball=75.45 vball=57.27 aball=-60.3 bref=-50.00 pid=400.0 pref=-142.6 ppos=-227.6 apid=-0.0 integ=-0.0 vision=1 current=1 vframe=22078 vs=1 vage=2 vpage=2 vdt=33 vmax=130413 vacc=18113 vrej=0 seq=2 elapsed=1704 oled=3C
[  12092] STATUS mode=4 fault=none enc=245 denc=3 sreq=400 sapplied=400 crate=400 uimp=876720 upos=8800 uneg=1970 ball=75.45 vball=57.27 aball=-60.3 bref=-50.00 pid=400.0 pref=-142.6 ppos=-219.6 apid=-0.0 integ=-0.0 vision=1 current=1 vframe=22078 vs=1 vage=22 vpage=22 vdt=33 vmax=130413 vacc=18113 vrej=0 seq=2 elapsed=1724 oled=3C
[  12125] STATUS mode=4 fault=none enc=265 denc=3 sreq=400 sapplied=400 crate=400 uimp=892720 upos=8840 uneg=1970 ball=76.64 vball=50.94 aball=-120.1 bref=-50.00 pid=400.0 pref=-142.6 ppos=-203.6 apid=-0.0 integ=-0.0 vision=1 current=1 vframe=22079 vs=1 vage=28 vpage=28 vdt=34 vmax=130413 vacc=18114 vrej=0 seq=2 elapsed=1764 oled=3C
[  12156] STATUS mode=4 fault=none enc=275 denc=3 sreq=400 sapplied=400 crate=400 uimp=900720 upos=8860 uneg=1970 ball=77.56 vball=43.93 aball=-120.1 bref=-50.00 pid=400.0 pref=-142.6 ppos=-195.6 apid=-0.0 integ=-0.0 vision=1 current=1 vframe=22080 vs=1 vage=15 vpage=15 vdt=33 vmax=130413 vacc=18115 vrej=0 seq=2 elapsed=1784 oled=3C
[  12172] STATUS mode=4 fault=none enc=285 denc=2 sreq=400 sapplied=400 crate=400 uimp=908720 upos=8880 uneg=1970 ball=77.94 vball=34.26 aball=-120.1 bref=-50.00 pid=400.0 pref=-142.6 ppos=-187.6 apid=-0.0 integ=-0.0 vision=1 current=1 vframe=22081 vs=1 vage=3 vpage=3 vdt=32 vmax=130413 vacc=18116 vrej=0 seq=2 elapsed=1804 oled=3C
[  12203] STATUS mode=4 fault=none enc=302 denc=1 sreq=178 sapplied=178 crate=178 uimp=923120 upos=8920 uneg=1970 ball=78.01 vball=24.81 aball=-186.0 bref=-50.00 pid=178.3 pref=-155.3 ppos=-173.2 apid=-0.0 integ=-0.0 vision=1 current=1 vframe=22082 vs=1 vage=10 vpage=10 vdt=33 vmax=130413 vacc=18117 vrej=0 seq=2 elapsed=1844 oled=3C
[  12233] STATUS mode=4 fault=none enc=306 denc=1 sreq=145 sapplied=145 crate=145 uimp=926425 upos=8940 uneg=1970 ball=78.01 vball=24.81 aball=-186.0 bref=-50.00 pid=145.3 pref=-155.3 ppos=-169.9 apid=-0.0 integ=-0.0 vision=1 current=1 vframe=22082 vs=1 vage=30 vpage=30 vdt=33 vmax=130413 vacc=18117 vrej=0 seq=2 elapsed=1864 oled=3C
[  12265] STATUS mode=4 fault=none enc=310 denc=0 sreq=-131 sapplied=-131 crate=-131 uimp=927365 upos=8955 uneg=1990 ball=77.65 vball=9.39 aball=-186.0 bref=-50.00 pid=-176.9 pref=-186.6 ppos=-168.9 apid=-0.0 integ=-0.0 vision=1 current=1 vframe=22084 vs=1 vage=1 vpage=1 vdt=34 vmax=130413 vacc=18119 vrej=0 seq=2 elapsed=1904 oled=3C
[  12297] STATUS mode=4 fault=none enc=307 denc=-1 sreq=-146 sapplied=-146 crate=-146 uimp=924280 upos=8955 uneg=2010 ball=77.65 vball=9.39 aball=-186.0 bref=-50.00 pid=-146.0 pref=-186.6 ppos=-172.0 apid=-0.0 integ=-0.0 vision=1 current=1 vframe=22084 vs=1 vage=21 vpage=21 vdt=34 vmax=130413 vacc=18119 vrej=0 seq=2 elapsed=1924 oled=3C
[  12328] STATUS mode=4 fault=none enc=303 denc=-1 sreq=-332 sapplied=-332 crate=-332 uimp=921035 upos=8955 uneg=2030 ball=76.78 vball=-1.16 aball=-216.9 bref=-50.00 pid=-335.0 pref=-208.8 ppos=-175.3 apid=-0.0 integ=-0.0 vision=1 current=1 vframe=22085 vs=1 vage=8 vpage=8 vdt=33 vmax=130413 vacc=18120 vrej=0 seq=2 elapsed=1944 oled=3C
[  12342] STATUS mode=4 fault=none enc=286 denc=-3 sreq=-400 sapplied=-400 crate=-400 uimp=908385 upos=8955 uneg=2070 ball=75.32 vball=-13.52 aball=-216.9 bref=-50.00 pid=-400.0 pref=-235.2 ppos=-187.9 apid=-0.0 integ=-0.0 vision=1 current=1 vframe=22086 vs=1 vage=14 vpage=14 vdt=34 vmax=130413 vacc=18121 vrej=0 seq=2 elapsed=1984 oled=3C
[  12375] STATUS mode=4 fault=none enc=276 denc=-3 sreq=-400 sapplied=-400 crate=-400 uimp=900385 upos=8955 uneg=2090 ball=73.58 vball=-26.05 aball=-216.9 bref=-50.00 pid=-400.0 pref=-262.4 ppos=-195.9 apid=-0.0 integ=-0.0 vision=1 current=1 vframe=22087 vs=1 vage=3 vpage=3 vdt=31 vmax=130413 vacc=18122 vrej=0 seq=2 elapsed=2004 oled=3C
[  12406] STATUS mode=4 fault=none enc=256 denc=-2 sreq=-400 sapplied=-400 crate=-400 uimp=884385 upos=8955 uneg=2130 ball=71.51 vball=-36.36 aball=-280.9 bref=-50.00 pid=-400.0 pref=-285.5 ppos=-211.9 apid=-0.0 integ=-0.0 vision=1 current=1 vframe=22088 vs=1 vage=10 vpage=10 vdt=33 vmax=130413 vacc=18123 vrej=0 seq=2 elapsed=2044 oled=3C
[  12437] STATUS mode=4 fault=none enc=246 denc=-2 sreq=-400 sapplied=-400 crate=-400 uimp=876385 upos=8955 uneg=2150 ball=71.51 vball=-36.36 aball=-280.9 bref=-50.00 pid=-400.0 pref=-285.5 ppos=-219.9 apid=-0.0 integ=-0.0 vision=1 current=1 vframe=22088 vs=1 vage=30 vpage=30 vdt=33 vmax=130413 vacc=18123 vrej=0 seq=2 elapsed=2064 oled=3C
[  12467] STATUS mode=4 fault=none enc=224 denc=-3 sreq=-400 sapplied=-400 crate=-400 uimp=860385 upos=8955 uneg=2190 ball=66.18 vball=-59.71 aball=-280.9 bref=-50.00 pid=-400.0 pref=-338.6 ppos=-235.9 apid=-0.0 integ=-0.0 vision=1 current=1 vframe=22090 vs=1 vage=3 vpage=3 vdt=33 vmax=130413 vacc=18125 vrej=0 seq=2 elapsed=2104 oled=3C
[  12500] STATUS mode=4 fault=none enc=214 denc=-2 sreq=-400 sapplied=-400 crate=-400 uimp=852385 upos=8955 uneg=2210 ball=66.18 vball=-59.71 aball=-280.9 bref=-50.00 pid=-400.0 pref=-338.6 ppos=-243.9 apid=-0.0 integ=-0.0 vision=1 current=1 vframe=22090 vs=1 vage=23 vpage=23 vdt=33 vmax=130413 vacc=18125 vrej=0 seq=2 elapsed=2124 oled=3C
[  12515] STATUS mode=4 fault=none enc=193 denc=-3 sreq=-400 sapplied=-400 crate=-400 uimp=836385 upos=8955 uneg=2250 ball=63.04 vball=-69.24 aball=-302.5 bref=-50.00 pid=-400.0 pref=-361.4 ppos=-259.9 apid=-0.0 integ=-0.0 vision=1 current=1 vframe=22091 vs=1 vage=30 vpage=30 vdt=33 vmax=130413 vacc=18126 vrej=0 seq=2 elapsed=2164 oled=3C
[  12547] STATUS mode=4 fault=none enc=183 denc=-2 sreq=-400 sapplied=-400 crate=-400 uimp=828385 upos=8955 uneg=2270 ball=59.43 vball=-81.03 aball=-302.5 bref=-50.00 pid=-400.0 pref=-389.3 ppos=-267.9 apid=-0.0 integ=-0.0 vision=1 current=1 vframe=22092 vs=1 vage=16 vpage=16 vdt=34 vmax=130413 vacc=18127 vrej=0 seq=2 elapsed=2184 oled=3C
[  12578] STATUS mode=4 fault=none enc=173 denc=-2 sreq=-400 sapplied=-400 crate=-400 uimp=820385 upos=8955 uneg=2290 ball=56.03 vball=-88.25 aball=-302.5 bref=-50.00 pid=-400.0 pref=-407.8 ppos=-275.9 apid=-0.0 integ=-0.0 vision=1 current=1 vframe=22093 vs=1 vage=1 vpage=1 vdt=35 vmax=130413 vacc=18128 vrej=0 seq=2 elapsed=2204 oled=3C
[  12608] STATUS mode=4 fault=none enc=152 denc=-3 sreq=-400 sapplied=-400 crate=-400 uimp=804385 upos=8955 uneg=2330 ball=52.88 vball=-89.09 aball=-253.9 bref=-50.00 pid=-400.0 pref=-413.3 ppos=-291.9 apid=-0.0 integ=-0.0 vision=1 current=1 vframe=22094 vs=1 vage=8 vpage=8 vdt=33 vmax=130413 vacc=18129 vrej=0 seq=2 elapsed=2244 oled=3C
[  12640] STATUS mode=4 fault=none enc=141 denc=-3 sreq=-400 sapplied=-400 crate=-400 uimp=796385 upos=8955 uneg=2350 ball=52.88 vball=-89.09 aball=-253.9 bref=-50.00 pid=-400.0 pref=-413.3 ppos=-299.9 apid=-0.0 integ=-0.0 vision=1 current=1 vframe=22094 vs=1 vage=28 vpage=28 vdt=33 vmax=130413 vacc=18129 vrej=0 seq=2 elapsed=2264 oled=3C
[  12672] STATUS mode=4 fault=none enc=121 denc=-2 sreq=-400 sapplied=-400 crate=-400 uimp=780385 upos=8955 uneg=2390 ball=45.00 vball=-103.34 aball=-253.9 bref=-50.00 pid=-400.0 pref=-451.3 ppos=-315.9 apid=-0.0 integ=-0.0 vision=1 current=1 vframe=22096 vs=1 vage=1 vpage=1 vdt=33 vmax=130413 vacc=18131 vrej=0 seq=2 elapsed=2304 oled=3C
[  12703] STATUS mode=4 fault=none enc=110 denc=-3 sreq=-400 sapplied=-400 crate=-400 uimp=772385 upos=8955 uneg=2410 ball=45.00 vball=-103.34 aball=-253.9 bref=-50.00 pid=-400.0 pref=-451.3 ppos=-323.9 apid=-0.0 integ=-0.0 vision=1 current=1 vframe=22096 vs=1 vage=21 vpage=21 vdt=33 vmax=130413 vacc=18131 vrej=0 seq=2 elapsed=2324 oled=3C
[  12717] STATUS mode=4 fault=none enc=90 denc=-2 sreq=-400 sapplied=-400 crate=-400 uimp=756385 upos=8955 uneg=2450 ball=41.17 vball=-106.78 aball=-220.9 bref=-50.00 pid=-400.0 pref=-462.7 ppos=-339.9 apid=-0.0 integ=-0.0 vision=1 current=1 vframe=22097 vs=1 vage=30 vpage=30 vdt=31 vmax=130413 vacc=18132 vrej=0 seq=2 elapsed=2364 oled=3C
[  12750] STATUS mode=4 fault=none enc=80 denc=-2 sreq=-400 sapplied=-400 crate=-400 uimp=748385 upos=8955 uneg=2470 ball=37.19 vball=-109.83 aball=-220.9 bref=-50.00 pid=-400.0 pref=-473.6 ppos=-347.9 apid=-0.0 integ=-0.0 vision=1 current=1 vframe=22098 vs=1 vage=16 vpage=16 vdt=34 vmax=130413 vacc=18133 vrej=0 seq=2 elapsed=2384 oled=3C
[  12781] STATUS mode=4 fault=none enc=69 denc=-3 sreq=-400 sapplied=-400 crate=-400 uimp=740385 upos=8955 uneg=2490 ball=33.08 vball=-114.43 aball=-220.9 bref=-50.00 pid=-400.0 pref=-487.7 ppos=-355.9 apid=-0.0 integ=-0.0 vision=1 current=1 vframe=22099 vs=1 vage=1 vpage=1 vdt=35 vmax=130413 vacc=18134 vrej=0 seq=2 elapsed=2404 oled=3C
[  12812] STATUS mode=4 fault=none enc=48 denc=-3 sreq=-400 sapplied=-400 crate=-400 uimp=724385 upos=8955 uneg=2530 ball=29.03 vball=-116.62 aball=-164.9 bref=-50.00 pid=-400.0 pref=-497.0 ppos=-371.9 apid=-0.0 integ=-0.0 vision=1 current=1 vframe=22100 vs=1 vage=8 vpage=8 vdt=33 vmax=130413 vacc=18135 vrej=0 seq=2 elapsed=2444 oled=3C
[  12842] STATUS mode=4 fault=none enc=38 denc=-3 sreq=-400 sapplied=-400 crate=-400 uimp=716385 upos=8955 uneg=2550 ball=29.03 vball=-116.62 aball=-164.9 bref=-50.00 pid=-400.0 pref=-497.0 ppos=-379.9 apid=-0.0 integ=-0.0 vision=1 current=1 vframe=22100 vs=1 vage=28 vpage=28 vdt=33 vmax=130413 vacc=18135 vrej=0 seq=2 elapsed=2464 oled=3C
[  12875] STATUS mode=4 fault=none enc=18 denc=-1 sreq=-400 sapplied=-400 crate=-400 uimp=700385 upos=8955 uneg=2590 ball=20.76 vball=-121.34 aball=-164.9 bref=-50.00 pid=-400.0 pref=-516.3 ppos=-395.9 apid=-0.0 integ=-0.0 vision=1 current=1 vframe=22102 vs=1 vage=1 vpage=1 vdt=32 vmax=130413 vacc=18137 vrej=0 seq=2 elapsed=2504 oled=3C
[  12890] STATUS mode=4 fault=none enc=7 denc=-3 sreq=-400 sapplied=-400 crate=-400 uimp=692385 upos=8955 uneg=2610 ball=20.76 vball=-121.34 aball=-164.9 bref=-50.00 pid=-400.0 pref=-516.3 ppos=-403.9 apid=-0.0 integ=-0.0 vision=1 current=1 vframe=22102 vs=1 vage=21 vpage=21 vdt=32 vmax=130413 vacc=18137 vrej=0 seq=2 elapsed=2524 oled=3C
[  12922] STATUS mode=4 fault=none enc=-14 denc=-4 sreq=-400 sapplied=-400 crate=-400 uimp=676385 upos=8955 uneg=2650 ball=16.30 vball=-124.16 aball=-124.6 bref=-50.00 pid=-400.0 pref=-527.3 ppos=-419.9 apid=-0.0 integ=-0.0 vision=1 current=1 vframe=22103 vs=1 vage=28 vpage=28 vdt=33 vmax=130413 vacc=18138 vrej=0 seq=2 elapsed=2564 oled=3C
[  12953] STATUS mode=4 fault=none enc=-24 denc=-3 sreq=-400 sapplied=-400 crate=-400 uimp=668385 upos=8955 uneg=2670 ball=12.43 vball=-122.09 aball=-124.6 bref=-50.00 pid=-400.0 pref=-527.8 ppos=-427.9 apid=-0.0 integ=-0.0 vision=1 current=1 vframe=22104 vs=1 vage=15 vpage=15 vdt=33 vmax=130413 vacc=18139 vrej=0 seq=2 elapsed=2584 oled=3C
[  12983] STATUS mode=4 fault=none enc=-44 denc=-3 sreq=-400 sapplied=-400 crate=-400 uimp=652385 upos=8955 uneg=2710 ball=9.10 vball=-116.28 aball=-124.6 bref=-50.00 pid=-400.0 pref=-520.2 ppos=-443.9 apid=-0.0 integ=-0.0 vision=1 current=1 vframe=22105 vs=1 vage=22 vpage=22 vdt=33 vmax=130413 vacc=18140 vrej=0 seq=2 elapsed=2624 oled=3C
[  13015] STATUS mode=4 fault=none enc=-54 denc=-3 sreq=-400 sapplied=-400 crate=-400 uimp=644385 upos=8955 uneg=2730 ball=5.22 vball=-115.80 aball=-30.5 bref=-50.00 pid=-400.0 pref=-523.9 ppos=-451.9 apid=-0.0 integ=-0.0 vision=1 current=1 vframe=22106 vs=1 vage=9 vpage=9 vdt=33 vmax=130413 vacc=18141 vrej=0 seq=2 elapsed=2644 oled=3C
[  13047] STATUS mode=4 fault=none enc=-64 denc=-2 sreq=-400 sapplied=-400 crate=-400 uimp=636385 upos=8955 uneg=2750 ball=5.22 vball=-115.80 aball=-30.5 bref=-50.00 pid=-400.0 pref=-523.9 ppos=-459.9 apid=-0.0 integ=-0.0 vision=1 current=1 vframe=22106 vs=1 vage=29 vpage=29 vdt=33 vmax=130413 vacc=18141 vrej=0 seq=2 elapsed=2664 oled=3C
[  13062] STATUS mode=4 fault=none enc=-83 denc=-2 sreq=-400 sapplied=-400 crate=-400 uimp=620385 upos=8955 uneg=2790 ball=-2.07 vball=-113.18 aball=-30.5 bref=-50.00 pid=-400.0 pref=-527.4 ppos=-475.9 apid=-0.0 integ=-0.0 vision=1 current=1 vframe=22108 vs=1 vage=2 vpage=2 vdt=33 vmax=130413 vacc=18143 vrej=0 seq=2 elapsed=2704 oled=3C
[  13092] STATUS mode=4 fault=none enc=-94 denc=-3 sreq=-400 sapplied=-400 crate=-400 uimp=612385 upos=8955 uneg=2810 ball=-2.07 vball=-113.18 aball=-30.5 bref=-50.00 pid=-400.0 pref=-527.4 ppos=-483.9 apid=-0.0 integ=-0.0 vision=1 current=1 vframe=22108 vs=1 vage=22 vpage=22 vdt=33 vmax=130413 vacc=18143 vrej=0 seq=2 elapsed=2724 oled=3C
[  13125] STATUS mode=4 fault=none enc=-111 denc=-1 sreq=-288 sapplied=-288 crate=-288 uimp=597990 upos=8955 uneg=2850 ball=-5.67 vball=-110.88 aball=5.8 bref=-50.00 pid=-288.3 pref=-527.1 ppos=-498.3 apid=0.0 integ=-0.0 vision=1 current=1 vframe=22109 vs=1 vage=31 vpage=31 vdt=31 vmax=130413 vacc=18144 vrej=0 seq=2 elapsed=2764 oled=3C
[  13156] STATUS mode=4 fault=none enc=-118 denc=-2 sreq=-193 sapplied=-193 crate=-193 uimp=593330 upos=8955 uneg=2870 ball=-8.84 vball=-106.56 aball=5.8 bref=-50.00 pid=-193.4 pref=-522.3 ppos=-503.0 apid=0.0 integ=-0.0 vision=1 current=1 vframe=22110 vs=1 vage=18 vpage=18 vdt=33 vmax=130413 vacc=18145 vrej=0 seq=2 elapsed=2784 oled=3C
[  13187] STATUS mode=4 fault=none enc=-131 denc=-3 sreq=-400 sapplied=-400 crate=-400 uimp=582580 upos=8955 uneg=2910 ball=-11.80 vball=-101.85 aball=5.8 bref=-50.00 pid=-400.0 pref=-600.4 ppos=-513.7 apid=0.0 integ=-0.0 vision=1 current=1 vframe=22111 vs=1 vage=23 vpage=23 vdt=35 vmax=130413 vacc=18146 vrej=0 seq=2 elapsed=2824 oled=3C
[  13217] STATUS mode=4 fault=none enc=-141 denc=-3 sreq=-400 sapplied=-400 crate=-400 uimp=574580 upos=8955 uneg=2930 ball=-14.64 vball=-95.55 aball=71.5 bref=-50.00 pid=-400.0 pref=-591.2 ppos=-521.7 apid=0.0 integ=-0.0 vision=1 current=1 vframe=22112 vs=1 vage=10 vpage=10 vdt=33 vmax=130413 vacc=18147 vrej=0 seq=2 elapsed=2844 oled=3C
[  13233] STATUS mode=4 fault=none enc=-150 denc=-2 sreq=-400 sapplied=-400 crate=-400 uimp=566580 upos=8955 uneg=2950 ball=-14.64 vball=-95.55 aball=71.5 bref=-50.00 pid=-400.0 pref=-591.2 ppos=-529.7 apid=0.0 integ=-0.0 vision=1 current=1 vframe=22112 vs=1 vage=30 vpage=30 vdt=33 vmax=130413 vacc=18147 vrej=0 seq=2 elapsed=2864 oled=3C
[  13265] STATUS mode=4 fault=none enc=-170 denc=-2 sreq=-301 sapplied=-301 crate=-301 uimp=550580 upos=8955 uneg=2990 ball=-19.54 vball=-84.91 aball=71.5 bref=-50.00 pid=-301.3 pref=-575.8 ppos=-545.7 apid=0.0 integ=-0.0 vision=1 current=1 vframe=22114 vs=1 vage=4 vpage=4 vdt=33 vmax=130413 vacc=18149 vrej=0 seq=2 elapsed=2904 oled=3C
[  13297] STATUS mode=4 fault=none enc=-177 denc=-1 sreq=-245 sapplied=-245 crate=-245 uimp=544995 upos=8955 uneg=3010 ball=-19.54 vball=-84.91 aball=71.5 bref=-50.00 pid=-245.4 pref=-575.8 ppos=-551.3 apid=0.0 integ=-0.0 vision=1 current=1 vframe=22114 vs=1 vage=24 vpage=24 vdt=33 vmax=130413 vacc=18149 vrej=0 seq=2 elapsed=2924 oled=3C
[  13328] STATUS mode=4 fault=none enc=-181 denc=0 sreq=-20 sapplied=-20 crate=-20 uimp=541325 upos=8955 uneg=3050 ball=-21.26 vball=-74.42 aball=135.4 bref=-50.00 pid=-19.6 pref=-556.9 ppos=-555.0 apid=0.0 integ=-0.0 vision=1 current=1 vframe=22115 vs=1 vage=31 vpage=31 vdt=33 vmax=130413 vacc=18150 vrej=0 seq=2 elapsed=2964 oled=3C
[  13358] STATUS mode=4 fault=none enc=-182 denc=0 sreq=27 sapplied=27 crate=27 uimp=541520 upos=8965 uneg=3055 ball=-23.37 vball=-70.72 aball=135.4 bref=-50.00 pid=27.1 pref=-552.1 ppos=-554.8 apid=0.0 integ=-0.0 vision=1 current=1 vframe=22116 vs=1 vage=16 vpage=16 vdt=35 vmax=130413 vacc=18151 vrej=0 seq=2 elapsed=2984 oled=3C
[  13390] STATUS mode=4 fault=none enc=-182 denc=-1 sreq=77 sapplied=77 crate=77 uimp=543775 upos=9005 uneg=3055 ball=-25.12 vball=-66.04 aball=135.4 bref=-50.00 pid=77.2 pref=-544.8 ppos=-552.5 apid=0.0 integ=-0.0 vision=1 current=1 vframe=22117 vs=1 vage=25 vpage=25 vdt=31 vmax=130413 vacc=18152 vrej=0 seq=2 elapsed=3024 oled=3C
[  13406] STATUS mode=4 fault=none enc=-178 denc=2 sreq=216 sapplied=216 crate=216 uimp=546525 upos=9025 uneg=3055 ball=-26.34 vball=-56.99 aball=152.9 bref=-50.00 pid=216.1 pref=-528.2 ppos=-549.8 apid=0.0 integ=-0.0 vision=1 current=1 vframe=22118 vs=1 vage=11 vpage=11 vdt=34 vmax=130413 vacc=18153 vrej=0 seq=2 elapsed=3044 oled=3C
[  13437] STATUS mode=4 fault=none enc=-174 denc=1 sreq=176 sapplied=176 crate=176 uimp=550530 upos=9045 uneg=3055 ball=-26.34 vball=-56.99 aball=152.9 bref=-50.00 pid=176.0 pref=-528.2 ppos=-545.8 apid=0.0 integ=-0.0 vision=1 current=1 vframe=22118 vs=1 vage=31 vpage=31 vdt=34 vmax=130413 vacc=18153 vrej=0 seq=2 elapsed=3064 oled=3C
[  13467] STATUS mode=4 fault=none enc=-161 denc=1 sreq=322 sapplied=322 crate=322 uimp=560395 upos=9085 uneg=3055 ball=-28.17 vball=-41.14 aball=152.9 bref=-50.00 pid=372.4 pref=-498.7 ppos=-535.9 apid=0.0 integ=-0.0 vision=1 current=1 vframe=22120 vs=1 vage=3 vpage=3 vdt=33 vmax=130413 vacc=18155 vrej=0 seq=2 elapsed=3104 oled=3C
[  13500] STATUS mode=4 fault=none enc=-153 denc=2 sreq=305 sapplied=305 crate=305 uimp=567090 upos=9105 uneg=3055 ball=-28.17 vball=-41.14 aball=152.9 bref=-50.00 pid=305.5 pref=-498.7 ppos=-529.2 apid=0.0 integ=-0.0 vision=1 current=1 vframe=22120 vs=1 vage=23 vpage=23 vdt=33 vmax=130413 vacc=18155 vrej=0 seq=2 elapsed=3124 oled=3C
[  13531] STATUS mode=4 fault=none enc=-134 denc=2 sreq=394 sapplied=394 crate=394 uimp=582015 upos=9145 uneg=3055 ball=-28.20 vball=-29.24 aball=209.0 bref=-50.00 pid=393.8 pref=-474.9 ppos=-514.3 apid=0.0 integ=-0.0 vision=1 current=1 vframe=22121 vs=1 vage=31 vpage=31 vdt=32 vmax=130413 vacc=18156 vrej=0 seq=2 elapsed=3164 oled=3C
[  13547] STATUS mode=4 fault=none enc=-123 denc=3 sreq=400 sapplied=400 crate=400 uimp=589985 upos=9165 uneg=3055 ball=-28.26 vball=-21.16 aball=209.0 bref=-50.00 pid=400.0 pref=-458.8 ppos=-506.3 apid=0.0 integ=-0.0 vision=1 current=1 vframe=22122 vs=1 vage=16 vpage=16 vdt=35 vmax=130413 vacc=18157 vrej=0 seq=2 elapsed=3184 oled=3C
[  13578] STATUS mode=4 fault=none enc=-104 denc=2 sreq=400 sapplied=400 crate=400 uimp=605985 upos=9205 uneg=3055 ball=-28.24 vball=-14.80 aball=209.0 bref=-50.00 pid=400.0 pref=-446.1 ppos=-498.3 apid=0.0 integ=-0.0 vision=1 current=1 vframe=22123 vs=1 vage=2 vpage=2 vdt=34 vmax=130413 vacc=18158 vrej=0 seq=2 elapsed=3204 oled=3C
[  13608] STATUS mode=4 fault=none enc=-93 denc=3 sreq=400 sapplied=400 crate=400 uimp=613985 upos=9225 uneg=3055 ball=-28.16 vball=-9.68 aball=201.2 bref=-50.00 pid=400.0 pref=-435.7 ppos=-482.3 apid=0.0 integ=-0.0 vision=1 current=1 vframe=22130 vs=1 vage=9 vpage=9 vdt=1 vmax=130413 vacc=18165 vrej=0 seq=2 elapsed=3244 oled=3C
[  13640] STATUS mode=4 fault=none enc=-83 denc=2 sreq=386 sapplied=386 crate=386 uimp=621985 upos=9245 uneg=3055 ball=-28.16 vball=-9.68 aball=201.2 bref=-50.00 pid=385.8 pref=-435.7 ppos=-474.3 apid=0.0 integ=-0.0 vision=1 current=1 vframe=22130 vs=1 vage=29 vpage=29 vdt=1 vmax=130413 vacc=18165 vrej=0 seq=2 elapsed=3264 oled=3C
[  13672] STATUS mode=4 fault=none enc=-63 denc=3 sreq=400 sapplied=400 crate=400 uimp=637915 upos=9285 uneg=3055 ball=-26.99 vball=4.22 aball=201.2 bref=-50.00 pid=400.0 pref=-406.5 ppos=-458.4 apid=0.0 integ=-0.0 vision=1 current=1 vframe=22132 vs=1 vage=2 vpage=2 vdt=35 vmax=130413 vacc=18167 vrej=0 seq=2 elapsed=3304 oled=3C
[  13687] STATUS mode=4 fault=none enc=-53 denc=3 sreq=400 sapplied=400 crate=400 uimp=645915 upos=9305 uneg=3055 ball=-26.99 vball=4.22 aball=201.2 bref=-50.00 pid=400.0 pref=-406.5 ppos=-450.4 apid=0.0 integ=-0.0 vision=1 current=1 vframe=22132 vs=1 vage=22 vpage=22 vdt=35 vmax=130413 vacc=18167 vrej=0 seq=2 elapsed=3324 oled=3C
[  13717] STATUS mode=4 fault=none enc=-34 denc=1 sreq=400 sapplied=400 crate=400 uimp=661805 upos=9345 uneg=3055 ball=-25.97 vball=12.02 aball=204.6 bref=-50.00 pid=400.0 pref=-389.7 ppos=-434.5 apid=0.0 integ=-0.0 vision=1 current=1 vframe=22133 vs=1 vage=25 vpage=25 vdt=37 vmax=130413 vacc=18168 vrej=0 seq=2 elapsed=3364 oled=3C
[  13750] STATUS mode=4 fault=none enc=-23 denc=3 sreq=400 sapplied=400 crate=400 uimp=669805 upos=9365 uneg=3055 ball=-24.85 vball=18.95 aball=204.6 bref=-50.00 pid=400.0 pref=-374.5 ppos=-426.5 apid=0.0 integ=-0.0 vision=1 current=1 vframe=22134 vs=1 vage=17 vpage=17 vdt=28 vmax=130413 vacc=18169 vrej=0 seq=2 elapsed=3384 oled=3C
[  13781] STATUS mode=4 fault=none enc=-12 denc=2 sreq=400 sapplied=400 crate=400 uimp=677805 upos=9385 uneg=3055 ball=-23.74 vball=23.28 aball=204.6 bref=-50.00 pid=400.0 pref=-364.5 ppos=-418.5 apid=0.0 integ=-0.0 vision=1 current=1 vframe=22135 vs=1 vage=4 vpage=4 vdt=33 vmax=130413 vacc=18170 vrej=0 seq=2 elapsed=3404 oled=3C
[  13812] STATUS mode=4 fault=none enc=8 denc=3 sreq=400 sapplied=400 crate=400 uimp=693805 upos=9425 uneg=3055 ball=-22.39 vball=28.13 aball=189.6 bref=-50.00 pid=400.0 pref=-353.2 ppos=-402.5 apid=0.0 integ=-0.0 vision=1 current=1 vframe=22136 vs=1 vage=11 vpage=11 vdt=33 vmax=130413 vacc=18171 vrej=0 seq=2 elapsed=3444 oled=3C
[  13828] STATUS mode=4 fault=none enc=18 denc=2 sreq=400 sapplied=400 crate=400 uimp=701805 upos=9445 uneg=3055 ball=-22.39 vball=28.13 aball=189.6 bref=-50.00 pid=400.0 pref=-353.2 ppos=-394.5 apid=0.0 integ=-0.0 vision=1 current=1 vframe=22136 vs=1 vage=31 vpage=31 vdt=33 vmax=130413 vacc=18171 vrej=0 seq=2 elapsed=3464 oled=3C
[  13858] STATUS mode=4 fault=none enc=38 denc=2 sreq=386 sapplied=386 crate=386 uimp=717565 upos=9485 uneg=3055 ball=-19.87 vball=33.13 aball=189.6 bref=-50.00 pid=385.7 pref=-340.2 ppos=-378.7 apid=0.0 integ=-0.0 vision=1 current=1 vframe=22138 vs=1 vage=4 vpage=4 vdt=33 vmax=130413 vacc=18173 vrej=0 seq=2 elapsed=3504 oled=3C
[  13890] STATUS mode=4 fault=none enc=48 denc=3 sreq=314 sapplied=314 crate=314 uimp=724720 upos=9505 uneg=3055 ball=-19.87 vball=33.13 aball=189.6 bref=-50.00 pid=314.2 pref=-340.2 ppos=-371.6 apid=0.0 integ=-0.0 vision=1 current=1 vframe=22138 vs=1 vage=24 vpage=24 vdt=33 vmax=130413 vacc=18173 vrej=0 seq=2 elapsed=3524 oled=3C
[  13922] STATUS mode=4 fault=none enc=55 denc=3 sreq=327 sapplied=327 crate=327 uimp=730920 upos=9525 uneg=3055 ball=-18.42 vball=35.99 aball=139.3 bref=-50.00 pid=326.8 pref=-332.7 ppos=-365.4 apid=0.0 integ=-0.0 vision=1 current=1 vframe=22139 vs=1 vage=10 vpage=10 vdt=34 vmax=130413 vacc=18174 vrej=0 seq=2 elapsed=3544 oled=3C
[  13953] STATUS mode=4 fault=none enc=70 denc=2 sreq=258 sapplied=258 crate=258 uimp=742365 upos=9565 uneg=3055 ball=-17.07 vball=37.46 aball=139.3 bref=-50.00 pid=257.9 pref=-328.1 ppos=-353.9 apid=0.0 integ=-0.0 vision=1 current=1 vframe=22140 vs=1 vage=15 vpage=15 vdt=35 vmax=130413 vacc=18175 vrej=0 seq=2 elapsed=3584 oled=3C
[  13967] STATUS mode=4 fault=none enc=76 denc=1 sreq=300 sapplied=300 crate=300 uimp=747150 upos=9585 uneg=3055 ball=-15.49 vball=41.01 aball=139.3 bref=-50.00 pid=300.0 pref=-319.1 ppos=-349.1 apid=0.0 integ=-0.0 vision=1 current=1 vframe=22141 vs=1 vage=3 vpage=3 vdt=32 vmax=130413 vacc=18176 vrej=0 seq=2 elapsed=3604 oled=3C
[  14000] STATUS mode=4 fault=none enc=89 denc=1 sreq=207 sapplied=207 crate=207 uimp=757290 upos=9625 uneg=3055 ball=-14.13 vball=40.61 aball=97.2 bref=-50.00 pid=206.9 pref=-318.3 ppos=-339.0 apid=0.0 integ=-0.0 vision=1 current=1 vframe=22142 vs=1 vage=9 vpage=9 vdt=34 vmax=130413 vacc=18177 vrej=0 seq=2 elapsed=3644 oled=3C
[  14031] STATUS mode=4 fault=none enc=94 denc=2 sreq=169 sapplied=169 crate=169 uimp=761130 upos=9645 uneg=3055 ball=-14.13 vball=40.61 aball=97.2 bref=-50.00 pid=168.5 pref=-318.3 ppos=-335.2 apid=0.0 integ=-0.0 vision=1 current=1 vframe=22142 vs=1 vage=29 vpage=29 vdt=34 vmax=130413 vacc=18177 vrej=0 seq=2 elapsed=3664 oled=3C
[  14062] STATUS mode=4 fault=none enc=98 denc=0 sreq=196 sapplied=196 crate=196 uimp=764890 upos=9665 uneg=3055 ball=-12.53 vball=42.88 aball=97.2 bref=-50.00 pid=195.5 pref=-311.9 ppos=-331.4 apid=0.0 integ=-0.0 vision=1 current=1 vframe=22143 vs=1 vage=15 vpage=15 vdt=34 vmax=130413 vacc=18178 vrej=0 seq=2 elapsed=3684 oled=3C
[  14092] STATUS mode=4 fault=none enc=110 denc=2 sreq=204 sapplied=204 crate=204 uimp=773175 upos=9705 uneg=3055 ball=-10.75 vball=46.40 aball=97.2 bref=-50.00 pid=204.4 pref=-302.7 ppos=-323.1 apid=0.0 integ=-0.0 vision=1 current=1 vframe=22144 vs=1 vage=22 vpage=22 vdt=33 vmax=130413 vacc=18179 vrej=0 seq=2 elapsed=3724 oled=3C
[  14108] STATUS mode=4 fault=none enc=115 denc=2 sreq=385 sapplied=385 crate=385 uimp=777515 upos=9725 uneg=3055 ball=-9.58 vball=42.85 aball=63.5 bref=-50.00 pid=400.0 pref=-224.4 ppos=-318.8 apid=0.0 integ=-0.0 vision=1 current=1 vframe=22145 vs=1 vage=9 vpage=9 vdt=33 vmax=130413 vacc=18180 vrej=0 seq=2 elapsed=3744 oled=3C
[  14140] STATUS mode=4 fault=none enc=135 denc=2 sreq=400 sapplied=400 crate=400 uimp=793440 upos=9765 uneg=3055 ball=-8.14 vball=42.79 aball=63.5 bref=-50.00 pid=400.0 pref=-222.8 ppos=-302.9 apid=0.0 integ=-0.0 vision=1 current=1 vframe=22146 vs=1 vage=16 vpage=16 vdt=33 vmax=130413 vacc=18181 vrej=0 seq=2 elapsed=3784 oled=3C
[  14172] STATUS mode=4 fault=none enc=146 denc=3 sreq=400 sapplied=400 crate=400 uimp=801440 upos=9785 uneg=3055 ball=-6.67 vball=43.66 aball=63.5 bref=-50.00 pid=400.0 pref=-219.3 ppos=-294.9 apid=0.0 integ=-0.0 vision=1 current=1 vframe=22147 vs=1 vage=2 vpage=2 vdt=34 vmax=130413 vacc=18182 vrej=0 seq=2 elapsed=3804 oled=3C
[  14203] STATUS mode=4 fault=none enc=157 denc=3 sreq=400 sapplied=400 crate=400 uimp=809440 upos=9805 uneg=3055 ball=-6.67 vball=43.66 aball=63.5 bref=-50.00 pid=400.0 pref=-219.3 ppos=-286.9 apid=0.0 integ=-0.0 vision=1 current=1 vframe=22147 vs=1 vage=22 vpage=22 vdt=34 vmax=130413 vacc=18182 vrej=0 seq=2 elapsed=3824 oled=3C
[  14233] STATUS mode=4 fault=none enc=177 denc=2 sreq=400 sapplied=400 crate=400 uimp=825440 upos=9845 uneg=3055 ball=-5.62 vball=39.83 aball=21.4 bref=-50.00 pid=400.0 pref=-225.7 ppos=-270.9 apid=0.0 integ=-0.0 vision=1 current=1 vframe=22148 vs=1 vage=29 vpage=29 vdt=33 vmax=130413 vacc=18183 vrej=0 seq=2 elapsed=3864 oled=3C
[  14250] STATUS mode=4 fault=none enc=187 denc=3 sreq=324 sapplied=324 crate=324 uimp=832830 upos=9865 uneg=3055 ball=-4.68 vball=36.57 aball=21.4 bref=-50.00 pid=324.1 pref=-231.1 ppos=-263.5 apid=0.0 integ=-0.0 vision=1 current=1 vframe=22149 vs=1 vage=16 vpage=16 vdt=33 vmax=130413 vacc=18184 vrej=0 seq=2 elapsed=3884 oled=3C
[  14281] STATUS mode=4 fault=none enc=199 denc=0 sreq=194 sapplied=194 crate=194 uimp=843260 upos=9905 uneg=3055 ball=-3.69 vball=34.68 aball=21.4 bref=-50.00 pid=193.9 pref=-233.6 ppos=-253.0 apid=0.0 integ=-0.0 vision=1 current=1 vframe=22150 vs=1 vage=22 vpage=22 vdt=34 vmax=130413 vacc=18185 vrej=0 seq=2 elapsed=3924 oled=3C
[  14312] STATUS mode=4 fault=none enc=205 denc=2 sreq=165 sapplied=165 crate=165 uimp=846895 upos=9925 uneg=3055 ball=-2.56 vball=34.38 aball=-12.8 bref=-50.00 pid=165.1 pref=-232.9 ppos=-249.4 apid=-0.0 integ=-0.0 vision=1 current=1 vframe=22151 vs=1 vage=9 vpage=9 vdt=33 vmax=130413 vacc=18186 vrej=0 seq=2 elapsed=3944 oled=3C
[  14342] STATUS mode=4 fault=none enc=208 denc=0 sreq=134 sapplied=134 crate=134 uimp=849960 upos=9945 uneg=3055 ball=-2.56 vball=34.38 aball=-12.8 bref=-50.00 pid=134.5 pref=-232.9 ppos=-246.3 apid=-0.0 integ=-0.0 vision=1 current=1 vframe=22151 vs=1 vage=29 vpage=29 vdt=33 vmax=130413 vacc=18186 vrej=0 seq=2 elapsed=3964 oled=3C
[  14375] STATUS mode=4 fault=none enc=213 denc=1 sreq=-28 sapplied=-28 crate=-28 uimp=852875 upos=9980 uneg=3055 ball=-1.22 vball=26.90 aball=-12.8 bref=-50.00 pid=-28.2 pref=-246.2 ppos=-243.4 apid=-0.0 integ=-0.0 vision=1 current=1 vframe=22153 vs=1 vage=6 vpage=6 vdt=28 vmax=130413 vacc=18188 vrej=0 seq=2 elapsed=4004 oled=3C
[  14390] STATUS mode=4 fault=none enc=213 denc=0 sreq=-23 sapplied=-23 crate=-23 uimp=852355 upos=9980 uneg=3075 ball=-1.22 vball=26.90 aball=-12.8 bref=-50.00 pid=-23.0 pref=-246.2 ppos=-243.9 apid=-0.0 integ=-0.0 vision=1 current=1 vframe=22153 vs=1 vage=26 vpage=26 vdt=28 vmax=130413 vacc=18188 vrej=0 seq=2 elapsed=4024 oled=3C
[  14422] STATUS mode=4 fault=none enc=211 denc=0 sreq=-87 sapplied=-87 crate=-87 uimp=849005 upos=9980 uneg=3115 ball=-0.89 vball=21.83 aball=-65.2 bref=-50.00 pid=-86.9 pref=-256.0 ppos=-247.3 apid=-0.0 integ=-0.0 vision=1 current=1 vframe=22154 vs=1 vage=32 vpage=32 vdt=34 vmax=130413 vacc=18189 vrej=0 seq=2 elapsed=4064 oled=3C
[  14453] STATUS mode=4 fault=none enc=207 denc=-1 sreq=-168 sapplied=-168 crate=-168 uimp=845820 upos=9980 uneg=3135 ball=-0.81 vball=16.12 aball=-65.2 bref=-50.00 pid=-168.3 pref=-267.3 ppos=-250.5 apid=-0.0 integ=-0.0 vision=1 current=1 vframe=22155 vs=1 vage=19 vpage=19 vdt=33 vmax=130413 vacc=18190 vrej=0 seq=2 elapsed=4084 oled=3C
[  14483] STATUS mode=4 fault=none enc=203 denc=-1 sreq=-234 sapplied=-234 crate=-234 uimp=842700 upos=9980 uneg=3155 ball=-0.82 vball=11.26 aball=-65.2 bref=-50.00 pid=-234.4 pref=-277.0 ppos=-253.6 apid=-0.0 integ=-0.0 vision=1 current=1 vframe=22156 vs=1 vage=5 vpage=5 vdt=34 vmax=130413 vacc=18191 vrej=0 seq=2 elapsed=4104 oled=3C
[  14515] STATUS mode=4 fault=none enc=192 denc=-1 sreq=-223 sapplied=-223 crate=-223 uimp=834080 upos=9980 uneg=3195 ball=-0.87 vball=7.56 aball=-100.1 bref=-50.00 pid=-222.9 pref=-284.5 ppos=-262.2 apid=-0.0 integ=-0.0 vision=1 current=1 vframe=22157 vs=1 vage=12 vpage=12 vdt=33 vmax=130413 vacc=18192 vrej=0 seq=2 elapsed=4144 oled=3C
[  14547] STATUS mode=4 fault=none enc=187 denc=-1 sreq=-182 sapplied=-182 crate=-182 uimp=829945 upos=9980 uneg=3215 ball=-0.87 vball=7.56 aball=-100.1 bref=-50.00 pid=-181.5 pref=-284.5 ppos=-266.4 apid=-0.0 integ=-0.0 vision=1 current=1 vframe=22157 vs=1 vage=32 vpage=32 vdt=33 vmax=130413 vacc=18192 vrej=0 seq=2 elapsed=4164 oled=3C
[  14562] STATUS mode=4 fault=none enc=171 denc=-2 sreq=-368 sapplied=-368 crate=-368 uimp=817665 upos=9980 uneg=3255 ball=-2.33 vball=-7.01 aball=-100.1 bref=-50.00 pid=-367.6 pref=-315.4 ppos=-278.6 apid=-0.0 integ=-0.0 vision=1 current=1 vframe=22159 vs=1 vage=5 vpage=5 vdt=32 vmax=130413 vacc=18194 vrej=0 seq=2 elapsed=4204 oled=3C
[  14592] STATUS mode=4 fault=none enc=162 denc=-2 sreq=-299 sapplied=-299 crate=-299 uimp=810845 upos=9980 uneg=3275 ball=-2.33 vball=-7.01 aball=-100.1 bref=-50.00 pid=-299.4 pref=-315.4 ppos=-285.5 apid=-0.0 integ=-0.0 vision=1 current=1 vframe=22159 vs=1 vage=25 vpage=25 vdt=32 vmax=130413 vacc=18194 vrej=0 seq=2 elapsed=4224 oled=3C
[  14625] STATUS mode=4 fault=none enc=144 denc=-2 sreq=-292 sapplied=-292 crate=-292 uimp=797485 upos=9980 uneg=3315 ball=-3.20 vball=-12.78 aball=-145.7 bref=-50.00 pid=-291.7 pref=-328.0 ppos=-298.8 apid=-0.0 integ=-0.0 vision=1 current=1 vframe=22160 vs=1 vage=31 vpage=31 vdt=34 vmax=130413 vacc=18195 vrej=0 seq=2 elapsed=4264 oled=3C
[  14656] STATUS mode=4 fault=none enc=134 denc=-2 sreq=-331 sapplied=-331 crate=-331 uimp=790515 upos=9980 uneg=3335 ball=-4.18 vball=-17.65 aball=-145.7 bref=-50.00 pid=-331.1 pref=-338.9 ppos=-305.8 apid=-0.0 integ=-0.0 vision=1 current=1 vframe=22161 vs=1 vage=18 vpage=18 vdt=33 vmax=130413 vacc=18196 vrej=0 seq=2 elapsed=4284 oled=3C
[  14687] STATUS mode=4 fault=none enc=119 denc=-1 sreq=-273 sapplied=-273 crate=-273 uimp=777805 upos=9980 uneg=3375 ball=-5.09 vball=-20.56 aball=-145.7 bref=-50.00 pid=-335.3 pref=-345.8 ppos=-312.3 apid=-0.0 integ=-0.0 vision=1 current=1 vframe=22162 vs=1 vage=6 vpage=6 vdt=32 vmax=130413 vacc=18197 vrej=0 seq=2 elapsed=4304 oled=3C
[  14717] STATUS mode=4 fault=none enc=110 denc=-4 sreq=-322 sapplied=-322 crate=-322 uimp=772215 upos=9980 uneg=3395 ball=-6.31 vball=-25.08 aball=-133.3 bref=-50.00 pid=-322.3 pref=-356.3 ppos=-324.1 apid=-0.0 integ=-0.0 vision=1 current=1 vframe=22163 vs=1 vage=7 vpage=7 vdt=39 vmax=130413 vacc=18198 vrej=0 seq=2 elapsed=4344 oled=3C
[  14733] STATUS mode=4 fault=none enc=103 denc=-2 sreq=-263 sapplied=-263 crate=-263 uimp=766240 upos=9980 uneg=3415 ball=-6.31 vball=-25.08 aball=-133.3 bref=-50.00 pid=-262.5 pref=-356.3 ppos=-330.1 apid=-0.0 integ=-0.0 vision=1 current=1 vframe=22163 vs=1 vage=27 vpage=27 vdt=39 vmax=130413 vacc=18198 vrej=0 seq=2 elapsed=4364 oled=3C
[  14765] STATUS mode=4 fault=none enc=92 denc=-1 sreq=-188 sapplied=-188 crate=-188 uimp=756985 upos=9980 uneg=3455 ball=-7.40 vball=-25.35 aball=-133.3 bref=-50.00 pid=-188.5 pref=-358.2 ppos=-339.3 apid=-0.0 integ=-0.0 vision=1 current=1 vframe=22164 vs=1 vage=29 vpage=29 vdt=38 vmax=130413 vacc=18199 vrej=0 seq=2 elapsed=4404 oled=3C
[  14797] STATUS mode=4 fault=none enc=87 denc=-1 sreq=-190 sapplied=-190 crate=-190 uimp=752880 upos=9980 uneg=3475 ball=-8.15 vball=-27.03 aball=-133.3 bref=-50.00 pid=-190.0 pref=-362.4 ppos=-343.4 apid=-0.0 integ=-0.0 vision=1 current=1 vframe=22165 vs=1 vage=18 vpage=18 vdt=31 vmax=130413 vacc=18200 vrej=0 seq=2 elapsed=4424 oled=3C
[  14828] STATUS mode=4 fault=none enc=79 denc=0 sreq=-123 sapplied=-123 crate=-123 uimp=746500 upos=9980 uneg=3515 ball=-9.17 vball=-26.26 aball=-77.8 bref=-50.00 pid=-123.0 pref=-362.1 ppos=-349.8 apid=-0.0 integ=-0.0 vision=1 current=1 vframe=22166 vs=1 vage=9 vpage=9 vdt=49 vmax=130413 vacc=18201 vrej=0 seq=2 elapsed=4464 oled=3C
[  14858] STATUS mode=4 fault=none enc=76 denc=0 sreq=-82 sapplied=-82 crate=-82 uimp=744310 upos=9980 uneg=3535 ball=-9.67 vball=-25.01 aball=-77.8 bref=-50.00 pid=-82.2 pref=-360.2 ppos=-352.0 apid=-0.0 integ=-0.0 vision=1 current=1 vframe=22167 vs=1 vage=7 vpage=7 vdt=22 vmax=130413 vacc=18202 vrej=0 seq=2 elapsed=4484 oled=3C
[  14890] STATUS mode=4 fault=none enc=63 denc=-3 sreq=-400 sapplied=-400 crate=-400 uimp=733340 upos=9980 uneg=3575 ball=-11.25 vball=-29.80 aball=-77.8 bref=-50.00 pid=400.0 pref=-442.4 ppos=-355.1 apid=-0.0 integ=-0.0 vision=1 current=1 vframe=22168 vs=1 vage=12 vpage=12 vdt=15 vmax=130413 vacc=18203 vrej=0 seq=2 elapsed=4504 oled=3C
[  14906] STATUS mode=4 fault=none enc=53 denc=-2 sreq=-400 sapplied=-400 crate=-400 uimp=725340 upos=9980 uneg=3595 ball=-11.25 vball=-29.80 aball=-77.8 bref=-50.00 pid=-400.0 pref=-455.7 ppos=-371.0 apid=-0.0 integ=-0.0 vision=1 current=1 vframe=22169 vs=1 vage=26 vpage=26 vdt=26 vmax=130413 vacc=18204 vrej=0 seq=2 elapsed=4544 oled=3C
[  14937] STATUS mode=4 fault=none enc=43 denc=-2 sreq=-400 sapplied=-400 crate=-400 uimp=717340 upos=9980 uneg=3615 ball=-12.38 vball=-31.15 aball=-65.7 bref=-50.00 pid=-400.0 pref=-459.7 ppos=-379.0 apid=-0.0 integ=-0.0 vision=1 current=1 vframe=22170 vs=1 vage=13 vpage=13 vdt=33 vmax=130413 vacc=18205 vrej=0 seq=2 elapsed=4564 oled=3C
[  14967] STATUS mode=4 fault=none enc=22 denc=-2 sreq=-400 sapplied=-400 crate=-400 uimp=701340 upos=9980 uneg=3655 ball=-13.25 vball=-29.48 aball=-65.7 bref=-50.00 pid=-400.0 pref=-457.4 ppos=-395.0 apid=-0.0 integ=-0.0 vision=1 current=1 vframe=22171 vs=1 vage=20 vpage=20 vdt=33 vmax=130413 vacc=18206 vrej=0 seq=2 elapsed=4604 oled=3C
[  15000] STATUS mode=4 fault=none enc=12 denc=-2 sreq=-400 sapplied=-400 crate=-400 uimp=693340 upos=9980 uneg=3675 ball=-14.27 vball=-30.03 aball=-65.7 bref=-50.00 pid=-400.0 pref=-459.8 ppos=-403.0 apid=-0.0 integ=-0.0 vision=1 current=1 vframe=22172 vs=1 vage=7 vpage=7 vdt=33 vmax=130413 vacc=18207 vrej=0 seq=2 elapsed=4624 oled=3C
[  15031] STATUS mode=4 fault=none enc=-8 denc=-2 sreq=-400 sapplied=-400 crate=-400 uimp=677340 upos=9980 uneg=3715 ball=-15.26 vball=-30.02 aball=-31.1 bref=-50.00 pid=-400.0 pref=-460.9 ppos=-419.0 apid=-0.0 integ=-0.0 vision=1 current=1 vframe=22173 vs=1 vage=13 vpage=13 vdt=34 vmax=130413 vacc=18208 vrej=0 seq=2 elapsed=4664 oled=3C
[  15062] STATUS mode=4 fault=none enc=-18 denc=-2 sreq=-343 sapplied=-343 crate=-343 uimp=669635 upos=9980 uneg=3735 ball=-15.26 vball=-30.02 aball=-31.1 bref=-50.00 pid=-342.7 pref=-460.9 ppos=-426.7 apid=-0.0 integ=-0.0 vision=1 current=1 vframe=22173 vs=1 vage=33 vpage=33 vdt=34 vmax=130413 vacc=18208 vrej=0 seq=2 elapsed=4684 oled=3C
[  15078] STATUS mode=4 fault=none enc=-30 denc=-1 sreq=-177 sapplied=-177 crate=-177 uimp=660455 upos=9980 uneg=3775 ball=-16.63 vball=-25.51 aball=-31.1 bref=-50.00 pid=-177.1 pref=-453.6 ppos=-435.8 apid=-0.0 integ=-0.0 vision=1 current=1 vframe=22175 vs=1 vage=7 vpage=7 vdt=33 vmax=130413 vacc=18210 vrej=0 seq=2 elapsed=4724 oled=3C
[  15108] STATUS mode=4 fault=none enc=-34 denc=0 sreq=-144 sapplied=-144 crate=-144 uimp=657170 upos=9980 uneg=3795 ball=-16.63 vball=-25.51 aball=-31.1 bref=-50.00 pid=-144.3 pref=-453.6 ppos=-439.1 apid=-0.0 integ=-0.0 vision=1 current=1 vframe=22175 vs=1 vage=27 vpage=27 vdt=33 vmax=130413 vacc=18210 vrej=0 seq=2 elapsed=4744 oled=3C
[  15140] STATUS mode=4 fault=none enc=-37 denc=-2 sreq=-85 sapplied=-85 crate=-85 uimp=654850 upos=9980 uneg=3815 ball=-17.23 vball=-23.33 aball=13.0 bref=-50.00 pid=-84.7 pref=-449.9 ppos=-441.4 apid=0.0 integ=-0.0 vision=1 current=1 vframe=22176 vs=1 vage=13 vpage=13 vdt=34 vmax=130413 vacc=18211 vrej=0 seq=2 elapsed=4764 oled=3C
[  15172] STATUS mode=4 fault=none enc=-40 denc=-1 sreq=0 sapplied=0 crate=19 uimp=653035 upos=9985 uneg=3840 ball=-17.52 vball=-18.89 aball=13.0 bref=-50.00 pid=18.8 pref=-441.4 ppos=-443.3 apid=0.0 integ=-0.0 vision=1 current=1 vframe=22177 vs=1 vage=20 vpage=20 vdt=33 vmax=130413 vacc=18212 vrej=0 seq=2 elapsed=4804 oled=3C
[  15203] STATUS mode=4 fault=none enc=-39 denc=0 sreq=0 sapplied=0 crate=19 uimp=653035 upos=9985 uneg=3840 ball=-17.52 vball=-18.89 aball=13.0 bref=-50.00 pid=18.8 pref=-441.4 ppos=-443.3 apid=0.0 integ=-0.0 vision=1 current=0 vframe=22184 vs=0 vage=6 vpage=6 vdt=34 vmax=130413 vacc=18217 vrej=0 seq=2 elapsed=4824 oled=3C
[  15217] STATUS mode=4 fault=none enc=-38 denc=1 sreq=158 sapplied=158 crate=158 uimp=654460 upos=9995 uneg=3840 ball=-17.60 vball=-11.18 aball=63.0 bref=-50.00 pid=157.8 pref=-426.1 ppos=-441.8 apid=0.0 integ=-0.0 vision=1 current=1 vframe=22185 vs=1 vage=15 vpage=15 vdt=31 vmax=130413 vacc=18218 vrej=0 seq=2 elapsed=4864 oled=3C
[  15250] STATUS mode=4 fault=none enc=-35 denc=1 sreq=232 sapplied=232 crate=232 uimp=657385 upos=10015 uneg=3840 ball=-17.40 vball=-6.15 aball=63.0 bref=-50.00 pid=231.5 pref=-415.8 ppos=-438.9 apid=0.0 integ=-0.0 vision=1 current=1 vframe=22186 vs=1 vage=2 vpage=2 vdt=33 vmax=130413 vacc=18219 vrej=0 seq=2 elapsed=4884 oled=3C
[  15281] STATUS mode=4 fault=none enc=-30 denc=1 sreq=189 sapplied=189 crate=189 uimp=661680 upos=10035 uneg=3840 ball=-17.40 vball=-6.15 aball=63.0 bref=-50.00 pid=188.6 pref=-415.8 ppos=-434.6 apid=0.0 integ=-0.0 vision=1 current=1 vframe=22186 vs=1 vage=22 vpage=22 vdt=33 vmax=130413 vacc=18219 vrej=0 seq=2 elapsed=4904 oled=3C
[  15312] STATUS mode=4 fault=none enc=-19 denc=1 sreq=185 sapplied=185 crate=185 uimp=669780 upos=10075 uneg=3840 ball=-17.17 vball=-2.41 aball=63.0 bref=-50.00 pid=185.1 pref=-408.0 ppos=-426.5 apid=0.0 integ=-0.0 vision=1 current=1 vframe=22187 vs=1 vage=29 vpage=29 vdt=33 vmax=130413 vacc=18220 vrej=0 seq=2 elapsed=4944 oled=3C
[  15342] STATUS mode=4 fault=none enc=-13 denc=2 sreq=210 sapplied=210 crate=210 uimp=673855 upos=10095 uneg=3840 ball=-16.90 vball=0.72 aball=88.2 bref=-50.00 pid=210.2 pref=-401.4 ppos=-422.4 apid=0.0 integ=-0.0 vision=1 current=1 vframe=22188 vs=1 vage=15 vpage=15 vdt=34 vmax=130413 vacc=18221 vrej=0 seq=2 elapsed=4964 oled=3C
[  15358] STATUS mode=5 fault=sequence_timeout enc=-4 denc=1 sreq=0 sapplied=0 crate=0 uimp=680950 upos=10130 uneg=3840 ball=-16.61 vball=3.17 aball=0.0 bref=-50.00 pid=0.0 pref=-415.3 ppos=-415.3 apid=0.0 integ=0.0 vision=1 current=1 vframe=22189 vs=1 vage=22 vpage=22 vdt=33 vmax=130413 vacc=18222 vrej=0 seq=2 elapsed=5001 oled=3C
[  15390] STATUS mode=5 fault=sequence_timeout enc=-13 denc=0 sreq=0 sapplied=0 crate=0 uimp=680950 upos=10130 uneg=3840 ball=-15.97 vball=7.74 aball=0.0 bref=-50.00 pid=0.0 pref=-415.3 ppos=-415.3 apid=0.0 integ=0.0 vision=1 current=1 vframe=22190 vs=1 vage=8 vpage=8 vdt=34 vmax=130413 vacc=18223 vrej=0 seq=2 elapsed=5001 oled=3C
[  15422] STATUS mode=5 fault=sequence_timeout enc=-12 denc=0 sreq=0 sapplied=0 crate=0 uimp=680950 upos=10130 uneg=3840 ball=-15.97 vball=7.74 aball=0.0 bref=-50.00 pid=0.0 pref=-415.3 ppos=-415.3 apid=0.0 integ=0.0 vision=1 current=1 vframe=22190 vs=1 vage=28 vpage=28 vdt=34 vmax=130413 vacc=18223 vrej=0 seq=2 elapsed=5001 oled=3C
[  15453] STATUS mode=5 fault=sequence_timeout enc=-12 denc=0 sreq=0 sapplied=0 crate=0 uimp=680950 upos=10130 uneg=3840 ball=-14.64 vball=14.37 aball=0.0 bref=-50.00 pid=0.0 pref=-415.3 ppos=-415.3 apid=0.0 integ=0.0 vision=1 current=1 vframe=22192 vs=1 vage=2 vpage=2 vdt=33 vmax=130413 vacc=18225 vrej=0 seq=2 elapsed=5001 oled=3C
[  15483] STATUS mode=5 fault=sequence_timeout enc=-12 denc=0 sreq=0 sapplied=0 crate=0 uimp=680950 upos=10130 uneg=3840 ball=-14.64 vball=14.37 aball=0.0 bref=-50.00 pid=0.0 pref=-415.3 ppos=-415.3 apid=0.0 integ=0.0 vision=1 current=1 vframe=22192 vs=1 vage=22 vpage=22 vdt=33 vmax=130413 vacc=18225 vrej=0 seq=2 elapsed=5001 oled=3C
[  15500] STATUS mode=5 fault=sequence_timeout enc=-12 denc=0 sreq=0 sapplied=0 crate=0 uimp=680950 upos=10130 uneg=3840 ball=-13.97 vball=15.96 aball=0.0 bref=-50.00 pid=0.0 pref=-415.3 ppos=-415.3 apid=0.0 integ=0.0 vision=1 current=1 vframe=22193 vs=1 vage=29 vpage=29 vdt=33 vmax=130413 vacc=18226 vrej=0 seq=2 elapsed=5001 oled=3C
[  15531] STATUS mode=5 fault=sequence_timeout enc=-12 denc=0 sreq=0 sapplied=0 crate=0 uimp=680950 upos=10130 uneg=3840 ball=-13.29 vball=17.40 aball=0.0 bref=-50.00 pid=0.0 pref=-415.3 ppos=-415.3 apid=0.0 integ=0.0 vision=1 current=1 vframe=22194 vs=1 vage=16 vpage=16 vdt=33 vmax=130413 vacc=18227 vrej=0 seq=2 elapsed=5001 oled=3C
[  15562] STATUS mode=5 fault=sequence_timeout enc=-12 denc=0 sreq=0 sapplied=0 crate=0 uimp=680950 upos=10130 uneg=3840 ball=-12.23 vball=22.05 aball=0.0 bref=-50.00 pid=0.0 pref=-415.3 ppos=-415.3 apid=0.0 integ=0.0 vision=1 current=1 vframe=22195 vs=1 vage=22 vpage=22 vdt=34 vmax=130413 vacc=18228 vrej=0 seq=2 elapsed=5001 oled=3C
[  15592] STATUS mode=5 fault=sequence_timeout enc=-12 denc=0 sreq=0 sapplied=0 crate=0 uimp=680950 upos=10130 uneg=3840 ball=-11.30 vball=23.53 aball=0.0 bref=-50.00 pid=0.0 pref=-415.3 ppos=-415.3 apid=0.0 integ=0.0 vision=1 current=1 vframe=22196 vs=1 vage=8 vpage=8 vdt=34 vmax=130413 vacc=18229 vrej=0 seq=2 elapsed=5001 oled=3C
[  15625] STATUS mode=5 fault=sequence_timeout enc=-12 denc=0 sreq=0 sapplied=0 crate=0 uimp=680950 upos=10130 uneg=3840 ball=-11.30 vball=23.53 aball=0.0 bref=-50.00 pid=0.0 pref=-415.3 ppos=-415.3 apid=0.0 integ=0.0 vision=1 current=1 vframe=22196 vs=1 vage=28 vpage=28 vdt=34 vmax=130413 vacc=18229 vrej=0 seq=2 elapsed=5001 oled=3C
[  15656] STATUS mode=5 fault=sequence_timeout enc=-12 denc=0 sreq=0 sapplied=0 crate=0 uimp=680950 upos=10130 uneg=3840 ball=-10.05 vball=27.91 aball=0.0 bref=-50.00 pid=0.0 pref=-415.3 ppos=-415.3 apid=0.0 integ=0.0 vision=1 current=1 vframe=22197 vs=1 vage=33 vpage=33 vdt=35 vmax=130413 vacc=18230 vrej=0 seq=2 elapsed=5001 oled=3C
[  15672] STATUS mode=5 fault=sequence_timeout enc=-12 denc=0 sreq=0 sapplied=0 crate=0 uimp=680950 upos=10130 uneg=3840 ball=-8.80 vball=31.12 aball=0.0 bref=-50.00 pid=0.0 pref=-415.3 ppos=-415.3 apid=0.0 integ=0.0 vision=1 current=1 vframe=22198 vs=1 vage=20 vpage=20 vdt=33 vmax=130413 vacc=18231 vrej=0 seq=2 elapsed=5001 oled=3C
[  15703] STATUS mode=5 fault=sequence_timeout enc=-12 denc=0 sreq=0 sapplied=0 crate=0 uimp=680950 upos=10130 uneg=3840 ball=-8.08 vball=28.08 aball=0.0 bref=-50.00 pid=0.0 pref=-415.3 ppos=-415.3 apid=0.0 integ=0.0 vision=1 current=1 vframe=22199 vs=1 vage=26 vpage=26 vdt=34 vmax=130413 vacc=18232 vrej=0 seq=2 elapsed=5001 oled=3C
[  15733] STATUS mode=5 fault=sequence_timeout enc=-12 denc=0 sreq=0 sapplied=0 crate=0 uimp=680950 upos=10130 uneg=3840 ball=-6.87 vball=30.64 aball=0.0 bref=-50.00 pid=0.0 pref=-415.3 ppos=-415.3 apid=0.0 integ=0.0 vision=1 current=1 vframe=22200 vs=1 vage=16 vpage=16 vdt=30 vmax=130413 vacc=18233 vrej=0 seq=2 elapsed=5001 oled=3C
[  15765] STATUS mode=5 fault=sequence_timeout enc=-12 denc=0 sreq=0 sapplied=0 crate=0 uimp=680950 upos=10130 uneg=3840 ball=-5.61 vball=33.70 aball=0.0 bref=-50.00 pid=0.0 pref=-415.3 ppos=-415.3 apid=0.0 integ=0.0 vision=1 current=1 vframe=22201 vs=1 vage=2 vpage=2 vdt=34 vmax=130413 vacc=18234 vrej=0 seq=2 elapsed=5001 oled=3C
[  15797] STATUS mode=5 fault=sequence_timeout enc=-12 denc=0 sreq=0 sapplied=0 crate=0 uimp=680950 upos=10130 uneg=3840 ball=-4.55 vball=32.83 aball=0.0 bref=-50.00 pid=0.0 pref=-415.3 ppos=-415.3 apid=0.0 integ=0.0 vision=1 current=1 vframe=22202 vs=1 vage=9 vpage=9 vdt=33 vmax=130413 vacc=18235 vrej=0 seq=2 elapsed=5001 oled=3C
[  15812] STATUS mode=5 fault=sequence_timeout enc=-12 denc=0 sreq=0 sapplied=0 crate=0 uimp=680950 upos=10130 uneg=3840 ball=-4.55 vball=32.83 aball=0.0 bref=-50.00 pid=0.0 pref=-415.3 ppos=-415.3 apid=0.0 integ=0.0 vision=1 current=1 vframe=22202 vs=1 vage=29 vpage=29 vdt=33 vmax=130413 vacc=18235 vrej=0 seq=2 elapsed=5001 oled=3C
[  15842] STATUS mode=5 fault=sequence_timeout enc=-12 denc=0 sreq=0 sapplied=0 crate=0 uimp=680950 upos=10130 uneg=3840 ball=-1.55 vball=38.84 aball=0.0 bref=-50.00 pid=0.0 pref=-415.3 ppos=-415.3 apid=0.0 integ=0.0 vision=1 current=1 vframe=22204 vs=1 vage=2 vpage=2 vdt=32 vmax=130413 vacc=18237 vrej=0 seq=2 elapsed=5001 oled=3C
[  15875] STATUS mode=5 fault=sequence_timeout enc=-12 denc=0 sreq=0 sapplied=0 crate=0 uimp=680950 upos=10130 uneg=3840 ball=-1.55 vball=38.84 aball=0.0 bref=-50.00 pid=0.0 pref=-415.3 ppos=-415.3 apid=0.0 integ=0.0 vision=1 current=1 vframe=22204 vs=1 vage=22 vpage=22 vdt=32 vmax=130413 vacc=18237 vrej=0 seq=2 elapsed=5001 oled=3C
[  15906] STATUS mode=5 fault=sequence_timeout enc=-12 denc=0 sreq=0 sapplied=0 crate=0 uimp=680950 upos=10130 uneg=3840 ball=-0.16 vball=39.80 aball=0.0 bref=-50.00 pid=0.0 pref=-415.3 ppos=-415.3 apid=0.0 integ=0.0 vision=1 current=1 vframe=22205 vs=1 vage=28 vpage=28 vdt=34 vmax=130413 vacc=18238 vrej=0 seq=2 elapsed=5001 oled=3C
[  15937] STATUS mode=5 fault=sequence_timeout enc=-12 denc=0 sreq=0 sapplied=0 crate=0 uimp=680950 upos=10130 uneg=3840 ball=1.32 vball=41.77 aball=0.0 bref=-50.00 pid=0.0 pref=-415.3 ppos=-415.3 apid=0.0 integ=0.0 vision=1 current=1 vframe=22206 vs=1 vage=16 vpage=16 vdt=32 vmax=130413 vacc=18239 vrej=0 seq=2 elapsed=5001 oled=3C
[  15953] STATUS mode=5 fault=sequence_timeout enc=-12 denc=0 sreq=0 sapplied=0 crate=0 uimp=680950 upos=10130 uneg=3840 ball=2.79 vball=41.86 aball=0.0 bref=-50.00 pid=0.0 pref=-415.3 ppos=-415.3 apid=0.0 integ=0.0 vision=1 current=1 vframe=22207 vs=1 vage=2 vpage=2 vdt=34 vmax=130413 vacc=18240 vrej=0 seq=2 elapsed=5001 oled=3C
[  15983] STATUS mode=5 fault=sequence_timeout enc=-12 denc=0 sreq=0 sapplied=0 crate=0 uimp=680950 upos=10130 uneg=3840 ball=3.97 vball=40.33 aball=0.0 bref=-50.00 pid=0.0 pref=-415.3 ppos=-415.3 apid=0.0 integ=0.0 vision=1 current=1 vframe=22208 vs=1 vage=9 vpage=9 vdt=33 vmax=130413 vacc=18241 vrej=0 seq=2 elapsed=5001 oled=3C
[  16015] STATUS mode=5 fault=sequence_timeout enc=-12 denc=0 sreq=0 sapplied=0 crate=0 uimp=680950 upos=10130 uneg=3840 ball=3.97 vball=40.33 aball=0.0 bref=-50.00 pid=0.0 pref=-415.3 ppos=-415.3 apid=0.0 integ=0.0 vision=1 current=1 vframe=22208 vs=1 vage=29 vpage=29 vdt=33 vmax=130413 vacc=18241 vrej=0 seq=2 elapsed=5001 oled=3C
[  16047] STATUS mode=5 fault=sequence_timeout enc=-12 denc=0 sreq=0 sapplied=0 crate=0 uimp=680950 upos=10130 uneg=3840 ball=7.28 vball=45.28 aball=0.0 bref=-50.00 pid=0.0 pref=-415.3 ppos=-415.3 apid=0.0 integ=0.0 vision=1 current=1 vframe=22210 vs=1 vage=3 vpage=3 vdt=33 vmax=130413 vacc=18243 vrej=0 seq=2 elapsed=5001 oled=3C
[  16078] STATUS mode=5 fault=sequence_timeout enc=-12 denc=0 sreq=0 sapplied=0 crate=0 uimp=680950 upos=10130 uneg=3840 ball=7.28 vball=45.28 aball=0.0 bref=-50.00 pid=0.0 pref=-415.3 ppos=-415.3 apid=0.0 integ=0.0 vision=1 current=1 vframe=22210 vs=1 vage=23 vpage=23 vdt=33 vmax=130413 vacc=18243 vrej=0 seq=2 elapsed=5001 oled=3C
[  16092] STATUS mode=5 fault=sequence_timeout enc=-12 denc=0 sreq=0 sapplied=0 crate=0 uimp=680950 upos=10130 uneg=3840 ball=9.08 vball=47.15 aball=0.0 bref=-50.00 pid=0.0 pref=-415.3 ppos=-415.3 apid=0.0 integ=0.0 vision=1 current=1 vframe=22211 vs=1 vage=9 vpage=9 vdt=34 vmax=130413 vacc=18244 vrej=0 seq=2 elapsed=5001 oled=3C
[  16125] STATUS mode=5 fault=sequence_timeout enc=-12 denc=0 sreq=0 sapplied=0 crate=0 uimp=680950 upos=10130 uneg=3840 ball=11.40 vball=53.73 aball=0.0 bref=-50.00 pid=0.0 pref=-415.3 ppos=-415.3 apid=0.0 integ=0.0 vision=1 current=1 vframe=22212 vs=1 vage=16 vpage=16 vdt=33 vmax=130413 vacc=18245 vrej=0 seq=2 elapsed=5001 oled=3C
[  16156] STATUS mode=5 fault=sequence_timeout enc=-12 denc=0 sreq=0 sapplied=0 crate=0 uimp=680950 upos=10130 uneg=3840 ball=12.80 vball=50.68 aball=0.0 bref=-50.00 pid=0.0 pref=-415.3 ppos=-415.3 apid=0.0 integ=0.0 vision=1 current=1 vframe=22213 vs=1 vage=3 vpage=3 vdt=33 vmax=130413 vacc=18246 vrej=0 seq=2 elapsed=5001 oled=3C
[  16187] STATUS mode=5 fault=sequence_timeout enc=-12 denc=0 sreq=0 sapplied=0 crate=0 uimp=680950 upos=10130 uneg=3840 ball=14.53 vball=50.43 aball=0.0 bref=-50.00 pid=0.0 pref=-415.3 ppos=-415.3 apid=0.0 integ=0.0 vision=1 current=1 vframe=22214 vs=1 vage=9 vpage=9 vdt=34 vmax=130413 vacc=18247 vrej=0 seq=2 elapsed=5001 oled=3C
[  16217] STATUS mode=5 fault=sequence_timeout enc=-12 denc=0 sreq=0 sapplied=0 crate=0 uimp=680950 upos=10130 uneg=3840 ball=14.53 vball=50.43 aball=0.0 bref=-50.00 pid=0.0 pref=-415.3 ppos=-415.3 apid=0.0 integ=0.0 vision=1 current=1 vframe=22214 vs=1 vage=29 vpage=29 vdt=34 vmax=130413 vacc=18247 vrej=0 seq=2 elapsed=5001 oled=3C
[  16250] STATUS mode=5 fault=sequence_timeout enc=-12 denc=0 sreq=0 sapplied=0 crate=0 uimp=680950 upos=10130 uneg=3840 ball=16.54 vball=53.28 aball=0.0 bref=-50.00 pid=0.0 pref=-415.3 ppos=-415.3 apid=0.0 integ=0.0 vision=1 current=1 vframe=22215 vs=1 vage=16 vpage=16 vdt=33 vmax=130413 vacc=18248 vrej=0 seq=2 elapsed=5001 oled=3C
[  16265] STATUS mode=5 fault=sequence_timeout enc=-12 denc=0 sreq=0 sapplied=0 crate=0 uimp=680950 upos=10130 uneg=3840 ball=18.11 vball=52.06 aball=0.0 bref=-50.00 pid=0.0 pref=-415.3 ppos=-415.3 apid=0.0 integ=0.0 vision=1 current=1 vframe=22216 vs=1 vage=23 vpage=23 vdt=33 vmax=130413 vacc=18249 vrej=0 seq=2 elapsed=5001 oled=3C
[  16297] STATUS mode=5 fault=sequence_timeout enc=-12 denc=0 sreq=0 sapplied=0 crate=0 uimp=680950 upos=10130 uneg=3840 ball=20.31 vball=55.59 aball=0.0 bref=-50.00 pid=0.0 pref=-415.3 ppos=-415.3 apid=0.0 integ=0.0 vision=1 current=1 vframe=22217 vs=1 vage=9 vpage=9 vdt=34 vmax=130413 vacc=18250 vrej=0 seq=2 elapsed=5001 oled=3C
[  16328] STATUS mode=5 fault=sequence_timeout enc=-12 denc=0 sreq=0 sapplied=0 crate=0 uimp=680950 upos=10130 uneg=3840 ball=22.59 vball=59.39 aball=0.0 bref=-50.00 pid=0.0 pref=-415.3 ppos=-415.3 apid=0.0 integ=0.0 vision=1 current=1 vframe=22218 vs=1 vage=16 vpage=16 vdt=33 vmax=130413 vacc=18251 vrej=0 seq=2 elapsed=5001 oled=3C
[  16358] STATUS mode=5 fault=sequence_timeout enc=-12 denc=0 sreq=0 sapplied=0 crate=0 uimp=680950 upos=10130 uneg=3840 ball=24.64 vball=60.49 aball=0.0 bref=-50.00 pid=0.0 pref=-415.3 ppos=-415.3 apid=0.0 integ=0.0 vision=1 current=1 vframe=22219 vs=1 vage=1 vpage=1 vdt=35 vmax=130413 vacc=18252 vrej=0 seq=2 elapsed=5001 oled=3C
[  16390] STATUS mode=5 fault=sequence_timeout enc=-12 denc=0 sreq=0 sapplied=0 crate=0 uimp=680950 upos=10130 uneg=3840 ball=24.64 vball=60.49 aball=0.0 bref=-50.00 pid=0.0 pref=-415.3 ppos=-415.3 apid=0.0 integ=0.0 vision=1 current=1 vframe=22219 vs=1 vage=21 vpage=21 vdt=35 vmax=130413 vacc=18252 vrej=0 seq=2 elapsed=5001 oled=3C
[  16406] STATUS mode=5 fault=sequence_timeout enc=-12 denc=0 sreq=0 sapplied=0 crate=0 uimp=680950 upos=10130 uneg=3840 ball=26.23 vball=56.48 aball=0.0 bref=-50.00 pid=0.0 pref=-415.3 ppos=-415.3 apid=0.0 integ=0.0 vision=1 current=1 vframe=22220 vs=1 vage=28 vpage=28 vdt=33 vmax=130413 vacc=18253 vrej=0 seq=2 elapsed=5001 oled=3C
[  16437] STATUS mode=5 fault=sequence_timeout enc=-12 denc=0 sreq=0 sapplied=0 crate=0 uimp=680950 upos=10130 uneg=3840 ball=28.13 vball=56.77 aball=0.0 bref=-50.00 pid=0.0 pref=-415.3 ppos=-415.3 apid=0.0 integ=0.0 vision=1 current=1 vframe=22221 vs=1 vage=15 vpage=15 vdt=33 vmax=130413 vacc=18254 vrej=0 seq=2 elapsed=5001 oled=3C
[  16467] STATUS mode=5 fault=sequence_timeout enc=-12 denc=0 sreq=0 sapplied=0 crate=0 uimp=680950 upos=10130 uneg=3840 ball=30.12 vball=58.28 aball=0.0 bref=-50.00 pid=0.0 pref=-415.3 ppos=-415.3 apid=0.0 integ=0.0 vision=1 current=1 vframe=22222 vs=1 vage=20 vpage=20 vdt=35 vmax=130413 vacc=18255 vrej=0 seq=2 elapsed=5001 oled=3C
[  16500] STATUS mode=5 fault=sequence_timeout enc=-12 denc=0 sreq=0 sapplied=0 crate=0 uimp=680950 upos=10130 uneg=3840 ball=32.33 vball=60.26 aball=0.0 bref=-50.00 pid=0.0 pref=-415.3 ppos=-415.3 apid=0.0 integ=0.0 vision=1 current=1 vframe=22223 vs=1 vage=7 vpage=7 vdt=33 vmax=130413 vacc=18256 vrej=0 seq=2 elapsed=5001 oled=3C
[  16531] STATUS mode=5 fault=sequence_timeout enc=-12 denc=0 sreq=0 sapplied=0 crate=0 uimp=680950 upos=10130 uneg=3840 ball=34.12 vball=58.07 aball=0.0 bref=-50.00 pid=0.0 pref=-415.3 ppos=-415.3 apid=0.0 integ=0.0 vision=1 current=1 vframe=22224 vs=1 vage=16 vpage=16 vdt=31 vmax=130413 vacc=18257 vrej=0 seq=2 elapsed=5001 oled=3C
[  16547] STATUS mode=5 fault=sequence_timeout enc=-12 denc=0 sreq=0 sapplied=0 crate=0 uimp=680950 upos=10130 uneg=3840 ball=35.57 vball=54.01 aball=0.0 bref=-50.00 pid=0.0 pref=-415.3 ppos=-415.3 apid=0.0 integ=0.0 vision=1 current=1 vframe=22225 vs=1 vage=2 vpage=2 vdt=34 vmax=130413 vacc=18258 vrej=0 seq=2 elapsed=5001 oled=3C
[  16578] STATUS mode=5 fault=sequence_timeout enc=-12 denc=0 sreq=0 sapplied=0 crate=0 uimp=680950 upos=10130 uneg=3840 ball=35.57 vball=54.01 aball=0.0 bref=-50.00 pid=0.0 pref=-415.3 ppos=-415.3 apid=0.0 integ=0.0 vision=1 current=1 vframe=22225 vs=1 vage=22 vpage=22 vdt=34 vmax=130413 vacc=18258 vrej=0 seq=2 elapsed=5001 oled=3C
[  16608] STATUS mode=5 fault=sequence_timeout enc=-12 denc=0 sreq=0 sapplied=0 crate=0 uimp=680950 upos=10130 uneg=3840 ball=37.92 vball=58.20 aball=0.0 bref=-50.00 pid=0.0 pref=-415.3 ppos=-415.3 apid=0.0 integ=0.0 vision=1 current=1 vframe=22226 vs=1 vage=29 vpage=29 vdt=33 vmax=130413 vacc=18259 vrej=0 seq=2 elapsed=5001 oled=3C
[  16640] STATUS mode=5 fault=sequence_timeout enc=-12 denc=0 sreq=0 sapplied=0 crate=0 uimp=680950 upos=10130 uneg=3840 ball=39.86 vball=58.33 aball=0.0 bref=-50.00 pid=0.0 pref=-415.3 ppos=-415.3 apid=0.0 integ=0.0 vision=1 current=1 vframe=22227 vs=1 vage=16 vpage=16 vdt=33 vmax=130413 vacc=18260 vrej=0 seq=2 elapsed=5001 oled=3C
[  16672] STATUS mode=5 fault=sequence_timeout enc=-12 denc=0 sreq=0 sapplied=0 crate=0 uimp=680950 upos=10130 uneg=3840 ball=42.12 vball=61.33 aball=0.0 bref=-50.00 pid=0.0 pref=-415.3 ppos=-415.3 apid=0.0 integ=0.0 vision=1 current=1 vframe=22228 vs=1 vage=21 vpage=21 vdt=35 vmax=130413 vacc=18261 vrej=0 seq=2 elapsed=5001 oled=3C
[  16687] STATUS mode=5 fault=sequence_timeout enc=-12 denc=0 sreq=0 sapplied=0 crate=0 uimp=680950 upos=10130 uneg=3840 ball=44.36 vball=62.93 aball=0.0 bref=-50.00 pid=0.0 pref=-415.3 ppos=-415.3 apid=0.0 integ=0.0 vision=1 current=1 vframe=22229 vs=1 vage=7 vpage=7 vdt=34 vmax=130413 vacc=18262 vrej=0 seq=2 elapsed=5001 oled=3C
[  16717] STATUS mode=5 fault=sequence_timeout enc=-12 denc=0 sreq=0 sapplied=0 crate=0 uimp=680950 upos=10130 uneg=3840 ball=44.36 vball=62.93 aball=0.0 bref=-50.00 pid=0.0 pref=-415.3 ppos=-415.3 apid=0.0 integ=0.0 vision=1 current=1 vframe=22229 vs=1 vage=27 vpage=27 vdt=34 vmax=130413 vacc=18262 vrej=0 seq=2 elapsed=5001 oled=3C
[  16750] STATUS mode=5 fault=sequence_timeout enc=-12 denc=0 sreq=0 sapplied=0 crate=0 uimp=680950 upos=10130 uneg=3840 ball=48.01 vball=59.17 aball=0.0 bref=-50.00 pid=0.0 pref=-415.3 ppos=-415.3 apid=0.0 integ=0.0 vision=1 current=1 vframe=22231 vs=1 vage=1 vpage=1 vdt=33 vmax=130413 vacc=18264 vrej=0 seq=2 elapsed=5001 oled=3C
[  16781] STATUS mode=5 fault=sequence_timeout enc=-12 denc=0 sreq=0 sapplied=0 crate=0 uimp=680950 upos=10130 uneg=3840 ball=48.01 vball=59.17 aball=0.0 bref=-50.00 pid=0.0 pref=-415.3 ppos=-415.3 apid=0.0 integ=0.0 vision=1 current=1 vframe=22231 vs=1 vage=21 vpage=21 vdt=33 vmax=130413 vacc=18264 vrej=0 seq=2 elapsed=5001 oled=3C
[  16812] STATUS mode=5 fault=sequence_timeout enc=-12 denc=0 sreq=0 sapplied=0 crate=0 uimp=680950 upos=10130 uneg=3840 ball=49.82 vball=57.39 aball=0.0 bref=-50.00 pid=0.0 pref=-415.3 ppos=-415.3 apid=0.0 integ=0.0 vision=1 current=1 vframe=22232 vs=1 vage=27 vpage=27 vdt=34 vmax=130413 vacc=18265 vrej=0 seq=2 elapsed=5001 oled=3C
[  16828] STATUS mode=5 fault=sequence_timeout enc=-12 denc=0 sreq=0 sapplied=0 crate=0 uimp=680950 upos=10130 uneg=3840 ball=51.66 vball=56.80 aball=0.0 bref=-50.00 pid=0.0 pref=-415.3 ppos=-415.3 apid=0.0 integ=0.0 vision=1 current=1 vframe=22233 vs=1 vage=14 vpage=14 vdt=33 vmax=130413 vacc=18266 vrej=0 seq=2 elapsed=5001 oled=3C
[  16858] STATUS mode=5 fault=sequence_timeout enc=-12 denc=0 sreq=0 sapplied=0 crate=0 uimp=680950 upos=10130 uneg=3840 ball=53.45 vball=55.52 aball=0.0 bref=-50.00 pid=0.0 pref=-415.3 ppos=-415.3 apid=0.0 integ=0.0 vision=1 current=1 vframe=22234 vs=1 vage=21 vpage=21 vdt=33 vmax=130413 vacc=18267 vrej=0 seq=2 elapsed=5001 oled=3C
[  16890] STATUS mode=5 fault=sequence_timeout enc=-12 denc=0 sreq=0 sapplied=0 crate=0 uimp=680950 upos=10130 uneg=3840 ball=55.69 vball=58.63 aball=0.0 bref=-50.00 pid=0.0 pref=-415.3 ppos=-415.3 apid=0.0 integ=0.0 vision=1 current=1 vframe=22235 vs=1 vage=6 vpage=6 vdt=35 vmax=130413 vacc=18268 vrej=0 seq=2 elapsed=5001 oled=3C
[  16922] STATUS mode=5 fault=sequence_timeout enc=-12 denc=0 sreq=0 sapplied=0 crate=0 uimp=680950 upos=10130 uneg=3840 ball=55.69 vball=58.63 aball=0.0 bref=-50.00 pid=0.0 pref=-415.3 ppos=-415.3 apid=0.0 integ=0.0 vision=1 current=1 vframe=22235 vs=1 vage=26 vpage=26 vdt=35 vmax=130413 vacc=18268 vrej=0 seq=2 elapsed=5001 oled=3C
[  16953] STATUS mode=5 fault=sequence_timeout enc=-12 denc=0 sreq=0 sapplied=0 crate=0 uimp=680950 upos=10130 uneg=3840 ball=58.54 vball=49.97 aball=0.0 bref=-50.00 pid=0.0 pref=-415.3 ppos=-415.3 apid=0.0 integ=0.0 vision=1 current=1 vframe=22237 vs=1 vage=2 vpage=2 vdt=31 vmax=130413 vacc=18270 vrej=0 seq=2 elapsed=5001 oled=3C
[  16967] STATUS mode=5 fault=sequence_timeout enc=-12 denc=0 sreq=0 sapplied=0 crate=0 uimp=680950 upos=10130 uneg=3840 ball=58.54 vball=49.97 aball=0.0 bref=-50.00 pid=0.0 pref=-415.3 ppos=-415.3 apid=0.0 integ=0.0 vision=1 current=1 vframe=22237 vs=1 vage=22 vpage=22 vdt=31 vmax=130413 vacc=18270 vrej=0 seq=2 elapsed=5001 oled=3C
[  17000] STATUS mode=5 fault=sequence_timeout enc=-12 denc=0 sreq=0 sapplied=0 crate=0 uimp=680950 upos=10130 uneg=3840 ball=60.59 vball=53.30 aball=0.0 bref=-50.00 pid=0.0 pref=-415.3 ppos=-415.3 apid=0.0 integ=0.0 vision=1 current=1 vframe=22238 vs=1 vage=30 vpage=30 vdt=32 vmax=130413 vacc=18271 vrej=0 seq=2 elapsed=5001 oled=3C
[  17031] STATUS mode=5 fault=sequence_timeout enc=-12 denc=0 sreq=0 sapplied=0 crate=0 uimp=680950 upos=10130 uneg=3840 ball=62.82 vball=57.00 aball=0.0 bref=-50.00 pid=0.0 pref=-415.3 ppos=-415.3 apid=0.0 integ=0.0 vision=1 current=1 vframe=22239 vs=1 vage=17 vpage=17 vdt=33 vmax=130413 vacc=18272 vrej=0 seq=2 elapsed=5001 oled=3C
[  17062] STATUS mode=5 fault=sequence_timeout enc=-12 denc=0 sreq=0 sapplied=0 crate=0 uimp=680950 upos=10130 uneg=3840 ball=64.87 vball=58.74 aball=0.0 bref=-50.00 pid=0.0 pref=-415.3 ppos=-415.3 apid=0.0 integ=0.0 vision=1 current=1 vframe=22240 vs=1 vage=4 vpage=4 vdt=33 vmax=130413 vacc=18273 vrej=0 seq=2 elapsed=5001 oled=3C
[  17092] STATUS mode=5 fault=sequence_timeout enc=-12 denc=0 sreq=0 sapplied=0 crate=0 uimp=680950 upos=10130 uneg=3840 ball=66.32 vball=54.50 aball=0.0 bref=-50.00 pid=0.0 pref=-415.3 ppos=-415.3 apid=0.0 integ=0.0 vision=1 current=1 vframe=22241 vs=1 vage=10 vpage=10 vdt=34 vmax=130413 vacc=18274 vrej=0 seq=2 elapsed=5001 oled=3C
[  17125] STATUS mode=5 fault=sequence_timeout enc=-12 denc=0 sreq=0 sapplied=0 crate=0 uimp=680950 upos=10130 uneg=3840 ball=66.32 vball=54.50 aball=0.0 bref=-50.00 pid=0.0 pref=-415.3 ppos=-415.3 apid=0.0 integ=0.0 vision=1 current=1 vframe=22241 vs=1 vage=30 vpage=30 vdt=34 vmax=130413 vacc=18274 vrej=0 seq=2 elapsed=5001 oled=3C
[  17140] STATUS mode=5 fault=sequence_timeout enc=-12 denc=0 sreq=0 sapplied=0 crate=0 uimp=680950 upos=10130 uneg=3840 ball=69.32 vball=49.79 aball=0.0 bref=-50.00 pid=0.0 pref=-415.3 ppos=-415.3 apid=0.0 integ=0.0 vision=1 current=1 vframe=22243 vs=1 vage=4 vpage=4 vdt=33 vmax=130413 vacc=18276 vrej=0 seq=2 elapsed=5001 oled=3C
[  17172] STATUS mode=5 fault=sequence_timeout enc=-12 denc=0 sreq=0 sapplied=0 crate=0 uimp=680950 upos=10130 uneg=3840 ball=69.32 vball=49.79 aball=0.0 bref=-50.00 pid=0.0 pref=-415.3 ppos=-415.3 apid=0.0 integ=0.0 vision=1 current=1 vframe=22243 vs=1 vage=24 vpage=24 vdt=33 vmax=130413 vacc=18276 vrej=0 seq=2 elapsed=5001 oled=3C
[  17203] STATUS mode=5 fault=sequence_timeout enc=-12 denc=0 sreq=0 sapplied=0 crate=0 uimp=680950 upos=10130 uneg=3840 ball=71.08 vball=50.57 aball=0.0 bref=-50.00 pid=0.0 pref=-415.3 ppos=-415.3 apid=0.0 integ=0.0 vision=1 current=1 vframe=22244 vs=1 vage=10 vpage=10 vdt=34 vmax=130413 vacc=18277 vrej=0 seq=2 elapsed=5001 oled=3C
[  17233] STATUS mode=5 fault=sequence_timeout enc=-12 denc=0 sreq=0 sapplied=0 crate=0 uimp=680950 upos=10130 uneg=3840 ball=72.72 vball=49.60 aball=0.0 bref=-50.00 pid=0.0 pref=-415.3 ppos=-415.3 apid=0.0 integ=0.0 vision=1 current=1 vframe=22245 vs=1 vage=17 vpage=17 vdt=33 vmax=130413 vacc=18278 vrej=0 seq=2 elapsed=5001 oled=3C
[  17265] STATUS mode=5 fault=sequence_timeout enc=-12 denc=0 sreq=0 sapplied=0 crate=0 uimp=680950 upos=10130 uneg=3840 ball=74.12 vball=47.61 aball=0.0 bref=-50.00 pid=0.0 pref=-415.3 ppos=-415.3 apid=0.0 integ=0.0 vision=1 current=1 vframe=22246 vs=1 vage=4 vpage=4 vdt=33 vmax=130413 vacc=18279 vrej=0 seq=2 elapsed=5001 oled=3C
[  17281] STATUS mode=5 fault=sequence_timeout enc=-12 denc=0 sreq=0 sapplied=0 crate=0 uimp=680950 upos=10130 uneg=3840 ball=75.53 vball=45.95 aball=0.0 bref=-50.00 pid=0.0 pref=-415.3 ppos=-415.3 apid=0.0 integ=0.0 vision=1 current=1 vframe=22247 vs=1 vage=11 vpage=11 vdt=33 vmax=130413 vacc=18280 vrej=0 seq=2 elapsed=5001 oled=3C
[  17312] STATUS mode=5 fault=sequence_timeout enc=-12 denc=0 sreq=0 sapplied=0 crate=0 uimp=680950 upos=10130 uneg=3840 ball=75.53 vball=45.95 aball=0.0 bref=-50.00 pid=0.0 pref=-415.3 ppos=-415.3 apid=0.0 integ=0.0 vision=1 current=1 vframe=22247 vs=1 vage=31 vpage=31 vdt=33 vmax=130413 vacc=18280 vrej=0 seq=2 elapsed=5001 oled=3C
[  17342] STATUS mode=5 fault=sequence_timeout enc=-12 denc=0 sreq=0 sapplied=0 crate=0 uimp=680950 upos=10130 uneg=3840 ball=78.07 vball=41.64 aball=0.0 bref=-50.00 pid=0.0 pref=-415.3 ppos=-415.3 apid=0.0 integ=0.0 vision=1 current=1 vframe=22249 vs=1 vage=3 vpage=3 vdt=34 vmax=130413 vacc=18282 vrej=0 seq=2 elapsed=5001 oled=3C
[  17375] STATUS mode=5 fault=sequence_timeout enc=-12 denc=0 sreq=0 sapplied=0 crate=0 uimp=680950 upos=10130 uneg=3840 ball=78.07 vball=41.64 aball=0.0 bref=-50.00 pid=0.0 pref=-415.3 ppos=-415.3 apid=0.0 integ=0.0 vision=1 current=1 vframe=22249 vs=1 vage=23 vpage=23 vdt=34 vmax=130413 vacc=18282 vrej=0 seq=2 elapsed=5001 oled=3C
[  17406] STATUS mode=5 fault=sequence_timeout enc=-12 denc=0 sreq=0 sapplied=0 crate=0 uimp=680950 upos=10130 uneg=3840 ball=79.43 vball=41.72 aball=0.0 bref=-50.00 pid=0.0 pref=-415.3 ppos=-415.3 apid=0.0 integ=0.0 vision=1 current=1 vframe=22250 vs=1 vage=10 vpage=10 vdt=33 vmax=130413 vacc=18283 vrej=0 seq=2 elapsed=5001 oled=3C
[  17422] STATUS mode=5 fault=sequence_timeout enc=-12 denc=0 sreq=0 sapplied=0 crate=0 uimp=680950 upos=10130 uneg=3840 ball=80.63 vball=39.72 aball=0.0 bref=-50.00 pid=0.0 pref=-415.3 ppos=-415.3 apid=0.0 integ=0.0 vision=1 current=1 vframe=22251 vs=1 vage=17 vpage=17 vdt=33 vmax=130413 vacc=18284 vrej=0 seq=2 elapsed=5001 oled=3C
[  17453] STATUS mode=5 fault=sequence_timeout enc=-12 denc=0 sreq=0 sapplied=0 crate=0 uimp=680950 upos=10130 uneg=3840 ball=81.92 vball=39.76 aball=0.0 bref=-50.00 pid=0.0 pref=-415.3 ppos=-415.3 apid=0.0 integ=0.0 vision=1 current=1 vframe=22252 vs=1 vage=4 vpage=4 vdt=33 vmax=130413 vacc=18285 vrej=0 seq=2 elapsed=5001 oled=3C
[  17483] STATUS mode=5 fault=sequence_timeout enc=-12 denc=0 sreq=0 sapplied=0 crate=0 uimp=680950 upos=10130 uneg=3840 ball=83.01 vball=37.83 aball=0.0 bref=-50.00 pid=0.0 pref=-415.3 ppos=-415.3 apid=0.0 integ=0.0 vision=1 current=1 vframe=22253 vs=1 vage=10 vpage=10 vdt=34 vmax=130413 vacc=18286 vrej=0 seq=2 elapsed=5001 oled=3C
[  17515] STATUS mode=5 fault=sequence_timeout enc=-12 denc=0 sreq=0 sapplied=0 crate=0 uimp=680950 upos=10130 uneg=3840 ball=83.01 vball=37.83 aball=0.0 bref=-50.00 pid=0.0 pref=-415.3 ppos=-415.3 apid=0.0 integ=0.0 vision=1 current=1 vframe=22253 vs=1 vage=30 vpage=30 vdt=34 vmax=130413 vacc=18286 vrej=0 seq=2 elapsed=5001 oled=3C
[  17547] STATUS mode=5 fault=sequence_timeout enc=-12 denc=0 sreq=0 sapplied=0 crate=0 uimp=680950 upos=10130 uneg=3840 ball=84.12 vball=36.31 aball=0.0 bref=-50.00 pid=0.0 pref=-415.3 ppos=-415.3 apid=0.0 integ=0.0 vision=1 current=1 vframe=22254 vs=1 vage=17 vpage=17 vdt=33 vmax=130413 vacc=18287 vrej=0 seq=2 elapsed=5001 oled=3C
[  17578] STATUS mode=5 fault=sequence_timeout enc=-12 denc=0 sreq=0 sapplied=0 crate=0 uimp=680950 upos=10130 uneg=3840 ball=85.34 vball=36.51 aball=0.0 bref=-50.00 pid=0.0 pref=-415.3 ppos=-415.3 apid=0.0 integ=0.0 vision=1 current=1 vframe=22255 vs=1 vage=22 vpage=22 vdt=35 vmax=130413 vacc=18288 vrej=0 seq=2 elapsed=5001 oled=3C
[  17592] STATUS mode=5 fault=sequence_timeout enc=-12 denc=0 sreq=0 sapplied=0 crate=0 uimp=680950 upos=10130 uneg=3840 ball=86.46 vball=35.43 aball=0.0 bref=-50.00 pid=0.0 pref=-415.3 ppos=-415.3 apid=0.0 integ=0.0 vision=1 current=1 vframe=22256 vs=1 vage=11 vpage=11 vdt=31 vmax=130413 vacc=18289 vrej=0 seq=2 elapsed=5001 oled=3C
[  17625] STATUS mode=5 fault=sequence_timeout enc=-12 denc=0 sreq=0 sapplied=0 crate=0 uimp=680950 upos=10130 uneg=3840 ball=87.28 vball=32.10 aball=0.0 bref=-50.00 pid=0.0 pref=-415.3 ppos=-415.3 apid=0.0 integ=0.0 vision=1 current=1 vframe=22257 vs=1 vage=16 vpage=16 vdt=35 vmax=130413 vacc=18290 vrej=0 seq=2 elapsed=5001 oled=3C
[  17656] STATUS mode=5 fault=sequence_timeout enc=-12 denc=0 sreq=0 sapplied=0 crate=0 uimp=680950 upos=10130 uneg=3840 ball=88.20 vball=30.61 aball=0.0 bref=-50.00 pid=0.0 pref=-415.3 ppos=-415.3 apid=0.0 integ=0.0 vision=1 current=1 vframe=22258 vs=1 vage=2 vpage=2 vdt=34 vmax=130413 vacc=18291 vrej=0 seq=2 elapsed=5001 oled=3C
[  17687] STATUS mode=5 fault=sequence_timeout enc=-12 denc=0 sreq=0 sapplied=0 crate=0 uimp=680950 upos=10130 uneg=3840 ball=88.92 vball=28.35 aball=0.0 bref=-50.00 pid=0.0 pref=-415.3 ppos=-415.3 apid=0.0 integ=0.0 vision=1 current=1 vframe=22258 vs=1 vage=22 vpage=22 vdt=34 vmax=130413 vacc=18291 vrej=0 seq=2 elapsed=5001 oled=3C
[  17717] STATUS mode=5 fault=sequence_timeout enc=-12 denc=0 sreq=0 sapplied=0 crate=0 uimp=680950 upos=10130 uneg=3840 ball=88.92 vball=28.35 aball=0.0 bref=-50.00 pid=0.0 pref=-415.3 ppos=-415.3 apid=0.0 integ=0.0 vision=1 current=1 vframe=22259 vs=1 vage=30 vpage=30 vdt=32 vmax=130413 vacc=18292 vrej=0 seq=2 elapsed=5001 oled=3C
[  17733] STATUS mode=5 fault=sequence_timeout enc=-12 denc=0 sreq=0 sapplied=0 crate=0 uimp=680950 upos=10130 uneg=3840 ball=89.55 vball=25.52 aball=0.0 bref=-50.00 pid=0.0 pref=-415.3 ppos=-415.3 apid=0.0 integ=0.0 vision=1 current=1 vframe=22260 vs=1 vage=17 vpage=17 vdt=33 vmax=130413 vacc=18293 vrej=0 seq=2 elapsed=5001 oled=3C
[  17765] STATUS mode=5 fault=sequence_timeout enc=-12 denc=0 sreq=0 sapplied=0 crate=0 uimp=680950 upos=10130 uneg=3840 ball=89.91 vball=20.97 aball=0.0 bref=-50.00 pid=0.0 pref=-415.3 ppos=-415.3 apid=0.0 integ=0.0 vision=1 current=1 vframe=22261 vs=1 vage=23 vpage=23 vdt=34 vmax=130413 vacc=18294 vrej=0 seq=2 elapsed=5001 oled=3C
[  17797] STATUS mode=5 fault=sequence_timeout enc=-12 denc=0 sreq=0 sapplied=0 crate=0 uimp=680950 upos=10130 uneg=3840 ball=90.57 vball=20.39 aball=0.0 bref=-50.00 pid=0.0 pref=-415.3 ppos=-415.3 apid=0.0 integ=0.0 vision=1 current=1 vframe=22262 vs=1 vage=10 vpage=10 vdt=33 vmax=130413 vacc=18295 vrej=0 seq=2 elapsed=5001 oled=3C
[  17828] STATUS mode=5 fault=sequence_timeout enc=-12 denc=0 sreq=0 sapplied=0 crate=0 uimp=680950 upos=10130 uneg=3840 ball=90.92 vball=17.48 aball=0.0 bref=-50.00 pid=0.0 pref=-415.3 ppos=-415.3 apid=0.0 integ=0.0 vision=1 current=1 vframe=22263 vs=1 vage=16 vpage=16 vdt=34 vmax=130413 vacc=18296 vrej=0 seq=2 elapsed=5001 oled=3C
[  17858] STATUS mode=5 fault=sequence_timeout enc=-12 denc=0 sreq=0 sapplied=0 crate=0 uimp=680950 upos=10130 uneg=3840 ball=91.28 vball=15.49 aball=0.0 bref=-50.00 pid=0.0 pref=-415.3 ppos=-415.3 apid=0.0 integ=0.0 vision=1 current=1 vframe=22264 vs=1 vage=1 vpage=1 vdt=35 vmax=130413 vacc=18297 vrej=0 seq=2 elapsed=5001 oled=3C
[  17858] >>> stop
[  17875] STATUS mode=5 fault=sequence_timeout enc=-12 denc=0 sreq=0 sapplied=0 crate=0 uimp=680950 upos=10130 uneg=3840 ball=91.28 vball=15.49 aball=0.0 bref=-50.00 pid=0.0 pref=-415.3 ppos=-415.3 apid=0.0 integ=0.0 vision=1 current=1 vframe=22264 vs=1 vage=21 vpage=21 vdt=35 vmax=130413 vacc=18297 vrej=0 seq=2 elapsed=5001 oled=3C
[  17906] STATUS mode=1 fault=none enc=-12 denc=0 sreq=0 sapplied=0 crate=0 uimp=680950 upos=10130 uneg=3840 ball=91.40 vball=11.96 aball=0.0 bref=-50.00 pid=0.0 pref=-415.3 ppos=-415.3 apid=0.0 integ=0.0 vision=1 current=1 vframe=22265 vs=1 vage=29 vpage=29 vdt=32 vmax=130413 vacc=18298 vrej=0 seq=2 elapsed=5001 oled=3C
[  17937] STATUS mode=1 fault=none enc=-12 denc=0 sreq=0 sapplied=0 crate=0 uimp=680950 upos=10130 uneg=3840 ball=91.91 vball=12.73 aball=0.0 bref=-50.00 pid=0.0 pref=-415.3 ppos=-415.3 apid=0.0 integ=0.0 vision=1 current=1 vframe=22266 vs=1 vage=16 vpage=16 vdt=33 vmax=130413 vacc=18299 vrej=0 seq=2 elapsed=5001 oled=3C
[  17967] STATUS mode=1 fault=none enc=-12 denc=0 sreq=0 sapplied=0 crate=0 uimp=680950 upos=10130 uneg=3840 ball=92.17 vball=11.24 aball=0.0 bref=-50.00 pid=0.0 pref=-415.3 ppos=-415.3 apid=0.0 integ=0.0 vision=1 current=1 vframe=22267 vs=1 vage=23 vpage=23 vdt=33 vmax=130413 vacc=18300 vrej=0 seq=2 elapsed=5001 oled=3C
[  17983] STATUS mode=1 fault=none enc=-12 denc=0 sreq=0 sapplied=0 crate=0 uimp=680950 upos=10130 uneg=3840 ball=92.24 vball=8.54 aball=0.0 bref=-50.00 pid=0.0 pref=-415.3 ppos=-415.3 apid=0.0 integ=0.0 vision=1 current=1 vframe=22268 vs=1 vage=10 vpage=10 vdt=33 vmax=130413 vacc=18301 vrej=0 seq=2 elapsed=5001 oled=3C
[  18015] STATUS mode=1 fault=none enc=-12 denc=0 sreq=0 sapplied=0 crate=0 uimp=680950 upos=10130 uneg=3840 ball=92.24 vball=8.54 aball=0.0 bref=-50.00 pid=0.0 pref=-415.3 ppos=-415.3 apid=0.0 integ=0.0 vision=1 current=1 vframe=22268 vs=1 vage=30 vpage=30 vdt=33 vmax=130413 vacc=18301 vrej=0 seq=2 elapsed=5001 oled=3C
[  18047] STATUS mode=1 fault=none enc=-12 denc=0 sreq=0 sapplied=0 crate=0 uimp=680950 upos=10130 uneg=3840 ball=92.46 vball=6.07 aball=0.0 bref=-50.00 pid=0.0 pref=-415.3 ppos=-415.3 apid=0.0 integ=0.0 vision=1 current=1 vframe=22270 vs=1 vage=3 vpage=3 vdt=34 vmax=130413 vacc=18303 vrej=0 seq=2 elapsed=5001 oled=3C
[  18078] STATUS mode=1 fault=none enc=-12 denc=0 sreq=0 sapplied=0 crate=0 uimp=680950 upos=10130 uneg=3840 ball=92.46 vball=6.07 aball=0.0 bref=-50.00 pid=0.0 pref=-415.3 ppos=-415.3 apid=0.0 integ=0.0 vision=1 current=1 vframe=22270 vs=1 vage=23 vpage=23 vdt=34 vmax=130413 vacc=18303 vrej=0 seq=2 elapsed=5001 oled=3C
[  18092] STATUS mode=1 fault=none enc=-12 denc=0 sreq=0 sapplied=0 crate=0 uimp=680950 upos=10130 uneg=3840 ball=92.31 vball=2.92 aball=0.0 bref=-50.00 pid=0.0 pref=-415.3 ppos=-415.3 apid=0.0 integ=0.0 vision=1 current=1 vframe=22271 vs=1 vage=8 vpage=8 vdt=35 vmax=130413 vacc=18304 vrej=0 seq=2 elapsed=5001 oled=3C
[  18125] STATUS mode=1 fault=none enc=-12 denc=0 sreq=0 sapplied=0 crate=0 uimp=680950 upos=10130 uneg=3840 ball=92.24 vball=1.52 aball=0.0 bref=-50.00 pid=0.0 pref=-415.3 ppos=-415.3 apid=0.0 integ=0.0 vision=1 current=1 vframe=22272 vs=1 vage=15 vpage=15 vdt=33 vmax=130413 vacc=18305 vrej=0 seq=2 elapsed=5001 oled=3C
[  18125] >>> stream off
[  18156] STATUS mode=1 fault=none enc=-12 denc=0 sreq=0 sapplied=0 crate=0 uimp=680950 upos=10130 uneg=3840 ball=92.22 vball=0.88 aball=0.0 bref=-50.00 pid=0.0 pref=-415.3 ppos=-415.3 apid=0.0 integ=0.0 vision=1 current=1 vframe=22273 vs=1 vage=2 vpage=2 vdt=33 vmax=130413 vacc=18306 vrej=0 seq=2 elapsed=5001 oled=3C
[  18156] OK stream off
[  18281] RESULT sequence_timeout seq=2 elapsed=5001
