[      1] >>> bench on
[      8] OK stepper visual-only bench active; command pose preserved
[    125] >>> clear
[    128] OK fault cleared
[    250] >>> diag reset
[    253] OK actuator diagnostics reset
[    374] >>> gain ball 1.2 2.0 2.0 -1
[    381] OK ball gains kp=1.200 ki=2.000 kd=2.000 sign=-1
[    500] >>> gain accel 0
[    505] OK ball acceleration gain ka=0.000
[    623] >>> limit rate 400
[    628] OK ball rate limit=400 steps/s
[    749] >>> stream on 20
[    752] OK stream on 20 ms
[    796] STATUS mode=1 fault=none enc=147 denc=0 sreq=0 sapplied=0 crate=0 uimp=0 upos=0 uneg=0 ball=-45.23 vball=0.22 aball=0.0 bref=-50.00 pid=0.0 pref=187.9 ppos=187.9 apid=0.0 integ=0.0 vision=1 current=1 vframe=3607 vs=1 vage=26 vpage=26 vdt=33 vmax=67 vacc=3606 vrej=0 seq=3 elapsed=3299 oled=3C
[    822] STATUS mode=1 fault=none enc=147 denc=0 sreq=0 sapplied=0 crate=0 uimp=0 upos=0 uneg=0 ball=-45.23 vball=0.14 aball=0.0 bref=-50.00 pid=0.0 pref=187.9 ppos=187.9 apid=0.0 integ=0.0 vision=1 current=1 vframe=3608 vs=1 vage=14 vpage=14 vdt=32 vmax=67 vacc=3607 vrej=0 seq=3 elapsed=3299 oled=3C
[    847] STATUS mode=1 fault=none enc=147 denc=0 sreq=0 sapplied=0 crate=0 uimp=0 upos=0 uneg=0 ball=-45.23 vball=0.14 aball=0.0 bref=-50.00 pid=0.0 pref=187.9 ppos=187.9 apid=0.0 integ=0.0 vision=1 current=1 vframe=3608 vs=1 vage=34 vpage=34 vdt=32 vmax=67 vacc=3607 vrej=0 seq=3 elapsed=3299 oled=3C
[    873] STATUS mode=1 fault=none enc=147 denc=0 sreq=0 sapplied=0 crate=0 uimp=0 upos=0 uneg=0 ball=-45.24 vball=0.09 aball=0.0 bref=-50.00 pid=0.0 pref=187.9 ppos=187.9 apid=0.0 integ=0.0 vision=1 current=1 vframe=3609 vs=1 vage=20 vpage=20 vdt=34 vmax=67 vacc=3608 vrej=0 seq=3 elapsed=3299 oled=3C
[    873] >>> ball 0
[    898] STATUS mode=1 fault=none enc=147 denc=0 sreq=0 sapplied=0 crate=0 uimp=0 upos=0 uneg=0 ball=-45.22 vball=0.20 aball=0.0 bref=-50.00 pid=0.0 pref=187.9 ppos=187.9 apid=0.0 integ=0.0 vision=1 current=1 vframe=3610 vs=1 vage=27 vpage=27 vdt=33 vmax=67 vacc=3609 vrej=0 seq=3 elapsed=3299 oled=3C
[    925] STATUS mode=3 fault=none enc=154 denc=0 sreq=-300 sapplied=-300 crate=-300 uimp=-1000 upos=0 uneg=5 ball=-45.25 vball=-0.17 aball=0.0 bref=0.00 pid=-400.0 pref=133.3 ppos=186.9 apid=0.0 integ=-0.0 vision=1 current=1 vframe=3611 vs=1 vage=13 vpage=13 vdt=34 vmax=67 vacc=3610 vrej=0 seq=0 elapsed=0 oled=3C
[    952] STATUS mode=3 fault=none enc=142 denc=-3 sreq=-400 sapplied=-400 crate=-400 uimp=-8500 upos=0 uneg=25 ball=-45.25 vball=-0.17 aball=0.0 bref=0.00 pid=-400.0 pref=133.3 ppos=179.4 apid=0.0 integ=-0.0 vision=1 current=1 vframe=3611 vs=1 vage=33 vpage=33 vdt=34 vmax=67 vacc=3610 vrej=0 seq=0 elapsed=0 oled=3C
[    979] STATUS mode=3 fault=none enc=123 denc=-3 sreq=-323 sapplied=-323 crate=-323 uimp=-23685 upos=0 uneg=65 ball=-45.34 vball=-0.77 aball=-4.4 bref=0.00 pid=-322.6 pref=132.0 ppos=164.2 apid=-0.0 integ=-0.0 vision=1 current=1 vframe=3613 vs=1 vage=7 vpage=7 vdt=33 vmax=67 vacc=3612 vrej=0 seq=0 elapsed=0 oled=3C
[   1006] STATUS mode=3 fault=none enc=116 denc=0 sreq=-263 sapplied=-263 crate=-263 uimp=-29670 upos=0 uneg=85 ball=-45.34 vball=-0.77 aball=-4.4 bref=0.00 pid=-262.8 pref=132.0 ppos=158.3 apid=-0.0 integ=-0.0 vision=1 current=1 vframe=3613 vs=1 vage=27 vpage=27 vdt=33 vmax=67 vacc=3612 vrej=0 seq=0 elapsed=0 oled=3C
[   1033] STATUS mode=3 fault=none enc=109 denc=-1 sreq=-213 sapplied=-213 crate=-213 uimp=-34545 upos=0 uneg=105 ball=-45.36 vball=-0.73 aball=-4.4 bref=0.00 pid=-213.5 pref=132.0 ppos=153.4 apid=-0.0 integ=-0.0 vision=1 current=1 vframe=3614 vs=1 vage=13 vpage=13 vdt=34 vmax=67 vacc=3613 vrej=0 seq=0 elapsed=0 oled=3C
[   1060] STATUS mode=3 fault=none enc=100 denc=-1 sreq=-139 sapplied=-139 crate=-139 uimp=-41685 upos=0 uneg=145 ball=-45.37 vball=-0.55 aball=-4.4 bref=0.00 pid=-138.6 pref=132.4 ppos=146.2 apid=-0.0 integ=-0.0 vision=1 current=1 vframe=3615 vs=1 vage=19 vpage=19 vdt=34 vmax=67 vacc=3614 vrej=0 seq=0 elapsed=0 oled=3C
[   1087] STATUS mode=3 fault=none enc=97 denc=0 sreq=-138 sapplied=-138 crate=-138 uimp=-44260 upos=0 uneg=165 ball=-45.37 vball=-0.37 aball=-0.6 bref=0.00 pid=-138.3 pref=129.8 ppos=143.7 apid=-0.0 integ=-2.9 vision=1 current=1 vframe=3616 vs=1 vage=7 vpage=7 vdt=32 vmax=67 vacc=3615 vrej=0 seq=0 elapsed=0 oled=3C
[   1114] STATUS mode=3 fault=none enc=94 denc=-1 sreq=-113 sapplied=-113 crate=-113 uimp=-46825 upos=0 uneg=185 ball=-45.37 vball=-0.37 aball=-0.6 bref=0.00 pid=-112.6 pref=129.8 ppos=141.1 apid=-0.0 integ=-2.9 vision=1 current=1 vframe=3616 vs=1 vage=27 vpage=27 vdt=32 vmax=67 vacc=3615 vrej=0 seq=0 elapsed=0 oled=3C
[   1141] STATUS mode=3 fault=none enc=88 denc=-1 sreq=-89 sapplied=-89 crate=-89 uimp=-51135 upos=0 uneg=225 ball=-45.32 vball=0.12 aball=-0.6 bref=0.00 pid=-89.0 pref=127.9 ppos=136.8 apid=-0.0 integ=-5.9 vision=1 current=1 vframe=3617 vs=1 vage=34 vpage=34 vdt=33 vmax=67 vacc=3616 vrej=0 seq=0 elapsed=0 oled=3C
[   1167] STATUS mode=3 fault=none enc=86 denc=0 sreq=-99 sapplied=-99 crate=-99 uimp=-53075 upos=0 uneg=245 ball=-45.30 vball=0.27 aball=-0.6 bref=0.00 pid=-99.0 pref=124.9 ppos=134.9 apid=-0.0 integ=-9.2 vision=1 current=1 vframe=3618 vs=1 vage=18 vpage=18 vdt=36 vmax=67 vacc=3617 vrej=0 seq=0 elapsed=0 oled=3C
[   1194] STATUS mode=3 fault=none enc=83 denc=-1 sreq=-111 sapplied=-111 crate=-111 uimp=-54910 upos=0 uneg=265 ball=-45.29 vball=0.24 aball=2.4 bref=0.00 pid=-111.0 pref=121.9 ppos=133.0 apid=0.0 integ=-12.1 vision=1 current=1 vframe=3619 vs=1 vage=5 vpage=5 vdt=33 vmax=67 vacc=3618 vrej=0 seq=0 elapsed=0 oled=3C
[   1221] STATUS mode=3 fault=none enc=78 denc=-2 sreq=-103 sapplied=-103 crate=-103 uimp=-58800 upos=0 uneg=305 ball=-45.29 vball=0.18 aball=2.4 bref=0.00 pid=-103.2 pref=118.8 ppos=129.1 apid=0.0 integ=-15.1 vision=1 current=1 vframe=3620 vs=1 vage=12 vpage=12 vdt=33 vmax=67 vacc=3619 vrej=0 seq=0 elapsed=0 oled=3C
[   1248] STATUS mode=3 fault=none enc=75 denc=-2 sreq=-84 sapplied=-84 crate=-84 uimp=-60715 upos=0 uneg=325 ball=-45.29 vball=0.18 aball=2.4 bref=0.00 pid=-84.1 pref=118.8 ppos=127.2 apid=0.0 integ=-15.1 vision=1 current=1 vframe=3620 vs=1 vage=32 vpage=32 vdt=33 vmax=67 vacc=3619 vrej=0 seq=0 elapsed=0 oled=3C
[   1274] STATUS mode=3 fault=none enc=72 denc=-2 sreq=-93 sapplied=-93 crate=-93 uimp=-62680 upos=0 uneg=345 ball=-45.29 vball=0.20 aball=2.4 bref=0.00 pid=-93.0 pref=115.9 ppos=125.2 apid=0.0 integ=-18.0 vision=1 current=1 vframe=3621 vs=1 vage=20 vpage=20 vdt=32 vmax=67 vacc=3620 vrej=0 seq=0 elapsed=0 oled=3C
[   1301] STATUS mode=3 fault=none enc=69 denc=1 sreq=-87 sapplied=-87 crate=-87 uimp=-66375 upos=0 uneg=385 ball=-45.28 vball=0.16 aball=0.9 bref=0.00 pid=-86.6 pref=112.9 ppos=121.6 apid=0.0 integ=-21.0 vision=1 current=1 vframe=3622 vs=1 vage=27 vpage=27 vdt=33 vmax=67 vacc=3621 vrej=0 seq=0 elapsed=0 oled=3C
[   1327] STATUS mode=3 fault=none enc=66 denc=0 sreq=-90 sapplied=-90 crate=-90 uimp=-68195 upos=0 uneg=405 ball=-45.24 vball=0.55 aball=0.9 bref=0.00 pid=-90.0 pref=110.7 ppos=119.7 apid=0.0 integ=-24.0 vision=1 current=1 vframe=3623 vs=1 vage=14 vpage=14 vdt=33 vmax=67 vacc=3622 vrej=0 seq=0 elapsed=0 oled=3C
[   1354] STATUS mode=3 fault=none enc=63 denc=0 sreq=-73 sapplied=-73 crate=-73 uimp=-69865 upos=0 uneg=425 ball=-45.16 vball=1.04 aball=0.9 bref=0.00 pid=-73.3 pref=110.7 ppos=118.1 apid=0.0 integ=-24.0 vision=1 current=1 vframe=3624 vs=1 vage=0 vpage=0 vdt=34 vmax=67 vacc=3623 vrej=0 seq=0 elapsed=0 oled=3C
[   1380] STATUS mode=3 fault=none enc=59 denc=-1 sreq=-92 sapplied=-92 crate=-92 uimp=-72935 upos=0 uneg=465 ball=-45.13 vball=1.05 aball=4.5 bref=0.00 pid=-91.8 pref=105.8 ppos=115.0 apid=0.0 integ=-30.1 vision=1 current=1 vframe=3625 vs=1 vage=7 vpage=7 vdt=33 vmax=67 vacc=3624 vrej=0 seq=0 elapsed=0 oled=3C
[   1407] STATUS mode=3 fault=none enc=56 denc=-2 sreq=-75 sapplied=-75 crate=-75 uimp=-74640 upos=0 uneg=485 ball=-45.13 vball=1.05 aball=4.5 bref=0.00 pid=-74.7 pref=105.8 ppos=113.3 apid=0.0 integ=-30.1 vision=1 current=1 vframe=3625 vs=1 vage=27 vpage=27 vdt=33 vmax=67 vacc=3624 vrej=0 seq=0 elapsed=0 oled=3C
[   1433] STATUS mode=3 fault=none enc=55 denc=0 sreq=-92 sapplied=-92 crate=-92 uimp=-76365 upos=0 uneg=505 ball=-45.12 vball=0.81 aball=4.5 bref=0.00 pid=-91.9 pref=102.4 ppos=111.6 apid=0.0 integ=-33.0 vision=1 current=1 vframe=3626 vs=1 vage=14 vpage=14 vdt=33 vmax=67 vacc=3625 vrej=0 seq=0 elapsed=0 oled=3C
[   1460] STATUS mode=3 fault=none enc=50 denc=-2 sreq=-89 sapplied=-89 crate=-89 uimp=-79915 upos=0 uneg=545 ball=-45.11 vball=0.68 aball=4.5 bref=0.00 pid=-88.7 pref=99.1 ppos=108.0 apid=0.0 integ=-36.0 vision=1 current=1 vframe=3634 vs=1 vage=21 vpage=21 vdt=33 vmax=67 vacc=3633 vrej=0 seq=0 elapsed=0 oled=3C
[   1486] STATUS mode=3 fault=none enc=49 denc=-1 sreq=-76 sapplied=-76 crate=-76 uimp=-81560 upos=0 uneg=565 ball=-44.95 vball=1.87 aball=6.2 bref=0.00 pid=-76.2 pref=98.7 ppos=106.4 apid=0.0 integ=-39.0 vision=1 current=1 vframe=3635 vs=1 vage=8 vpage=8 vdt=33 vmax=67 vacc=3634 vrej=0 seq=0 elapsed=0 oled=3C
[   1512] STATUS mode=3 fault=none enc=47 denc=-1 sreq=-62 sapplied=-62 crate=-62 uimp=-82970 upos=0 uneg=585 ball=-44.95 vball=1.87 aball=6.2 bref=0.00 pid=-62.1 pref=98.7 ppos=105.0 apid=0.0 integ=-39.0 vision=1 current=1 vframe=3635 vs=1 vage=28 vpage=28 vdt=33 vmax=67 vacc=3634 vrej=0 seq=0 elapsed=0 oled=3C
[   1539] STATUS mode=3 fault=none enc=43 denc=-1 sreq=-65 sapplied=-65 crate=-65 uimp=-85930 upos=0 uneg=625 ball=-44.90 vball=1.72 aball=6.2 bref=0.00 pid=-65.4 pref=95.5 ppos=102.0 apid=0.0 integ=-42.0 vision=1 current=1 vframe=3636 vs=1 vage=34 vpage=34 vdt=34 vmax=67 vacc=3635 vrej=0 seq=0 elapsed=0 oled=3C
[   1565] STATUS mode=3 fault=none enc=41 denc=0 sreq=-83 sapplied=-83 crate=-83 uimp=-87630 upos=0 uneg=645 ball=-44.87 vball=1.52 aball=6.2 bref=0.00 pid=-82.6 pref=92.0 ppos=100.3 apid=0.0 integ=-45.1 vision=1 current=1 vframe=3637 vs=1 vage=20 vpage=20 vdt=34 vmax=67 vacc=3636 vrej=0 seq=0 elapsed=0 oled=3C
[   1592] STATUS mode=3 fault=none enc=39 denc=0 sreq=-102 sapplied=-102 crate=-102 uimp=-89165 upos=0 uneg=665 ball=-44.85 vball=1.22 aball=0.5 bref=0.00 pid=-101.7 pref=88.6 ppos=98.8 apid=0.0 integ=-48.0 vision=1 current=1 vframe=3638 vs=1 vage=8 vpage=8 vdt=32 vmax=67 vacc=3637 vrej=0 seq=0 elapsed=0 oled=3C
[   1619] STATUS mode=3 fault=none enc=33 denc=-1 sreq=-136 sapplied=-136 crate=-136 uimp=-93335 upos=0 uneg=705 ball=-45.06 vball=-0.93 aball=0.5 bref=0.00 pid=-136.1 pref=81.0 ppos=94.6 apid=0.0 integ=-51.0 vision=1 current=1 vframe=3639 vs=1 vage=14 vpage=14 vdt=34 vmax=67 vacc=3638 vrej=0 seq=0 elapsed=0 oled=3C
[   1645] STATUS mode=3 fault=none enc=30 denc=-1 sreq=-111 sapplied=-111 crate=-111 uimp=-95860 upos=0 uneg=725 ball=-45.13 vball=-1.24 aball=0.5 bref=0.00 pid=-110.9 pref=81.0 ppos=92.1 apid=0.0 integ=-51.0 vision=1 current=1 vframe=3640 vs=1 vage=1 vpage=1 vdt=33 vmax=67 vacc=3639 vrej=0 seq=0 elapsed=0 oled=3C
[   1672] STATUS mode=3 fault=none enc=26 denc=-1 sreq=-122 sapplied=-122 crate=-122 uimp=-98440 upos=0 uneg=745 ball=-45.13 vball=-1.24 aball=0.5 bref=0.00 pid=-121.9 pref=77.3 ppos=89.5 apid=0.0 integ=-54.0 vision=1 current=1 vframe=3640 vs=1 vage=21 vpage=21 vdt=33 vmax=67 vacc=3639 vrej=0 seq=0 elapsed=0 oled=3C
[   1699] STATUS mode=3 fault=none enc=21 denc=0 sreq=-102 sapplied=-102 crate=-102 uimp=-103025 upos=0 uneg=785 ball=-45.14 vball=-1.03 aball=-9.9 bref=0.00 pid=-101.8 pref=74.7 ppos=84.9 apid=-0.0 integ=-57.0 vision=1 current=1 vframe=3641 vs=1 vage=28 vpage=28 vdt=33 vmax=67 vacc=3640 vrej=0 seq=0 elapsed=0 oled=3C
[   1726] STATUS mode=3 fault=none enc=18 denc=-2 sreq=-106 sapplied=-106 crate=-106 uimp=-105035 upos=0 uneg=805 ball=-45.13 vball=-0.65 aball=-9.9 bref=0.00 pid=-105.6 pref=72.3 ppos=82.9 apid=-0.0 integ=-60.1 vision=1 current=1 vframe=3642 vs=1 vage=13 vpage=13 vdt=35 vmax=67 vacc=3641 vrej=0 seq=0 elapsed=0 oled=3C
[   1753] STATUS mode=3 fault=none enc=16 denc=-1 sreq=-86 sapplied=-86 crate=-86 uimp=-106995 upos=0 uneg=825 ball=-45.13 vball=-0.65 aball=-9.9 bref=0.00 pid=-86.0 pref=72.3 ppos=80.9 apid=-0.0 integ=-60.1 vision=1 current=1 vframe=3642 vs=1 vage=33 vpage=33 vdt=35 vmax=67 vacc=3641 vrej=0 seq=0 elapsed=0 oled=3C
[   1780] STATUS mode=3 fault=none enc=12 denc=0 sreq=-100 sapplied=-100 crate=-100 uimp=-110585 upos=0 uneg=865 ball=-45.11 vball=-0.17 aball=-1.6 bref=0.00 pid=-99.8 pref=67.4 ppos=77.3 apid=-0.0 integ=-66.1 vision=1 current=1 vframe=3644 vs=1 vage=7 vpage=7 vdt=33 vmax=67 vacc=3643 vrej=0 seq=0 elapsed=0 oled=3C
[   1807] STATUS mode=3 fault=none enc=10 denc=0 sreq=-81 sapplied=-81 crate=-81 uimp=-112440 upos=0 uneg=885 ball=-45.11 vball=-0.17 aball=-1.6 bref=0.00 pid=-81.2 pref=67.4 ppos=75.5 apid=-0.0 integ=-66.1 vision=1 current=1 vframe=3644 vs=1 vage=27 vpage=27 vdt=33 vmax=67 vacc=3643 vrej=0 seq=0 elapsed=0 oled=3C
[   1833] STATUS mode=3 fault=none enc=7 denc=0 sreq=-89 sapplied=-89 crate=-89 uimp=-114195 upos=0 uneg=905 ball=-45.10 vball=0.04 aball=-1.6 bref=0.00 pid=-89.1 pref=64.8 ppos=73.7 apid=-0.0 integ=-69.1 vision=1 current=1 vframe=3645 vs=1 vage=14 vpage=14 vdt=33 vmax=67 vacc=3644 vrej=0 seq=0 elapsed=0 oled=3C
[   1860] STATUS mode=3 fault=none enc=4 denc=1 sreq=-83 sapplied=-83 crate=-83 uimp=-117580 upos=0 uneg=945 ball=-45.08 vball=0.15 aball=-1.6 bref=0.00 pid=-82.6 pref=62.1 ppos=70.3 apid=-0.0 integ=-72.0 vision=1 current=1 vframe=3646 vs=1 vage=21 vpage=21 vdt=33 vmax=67 vacc=3645 vrej=0 seq=0 elapsed=0 oled=3C
[   1886] STATUS mode=3 fault=none enc=1 denc=0 sreq=-95 sapplied=-95 crate=-95 uimp=-119115 upos=0 uneg=965 ball=-45.07 vball=0.24 aball=1.0 bref=0.00 pid=-95.1 pref=59.3 ppos=68.8 apid=0.0 integ=-75.0 vision=1 current=1 vframe=3647 vs=1 vage=8 vpage=8 vdt=33 vmax=67 vacc=3646 vrej=0 seq=0 elapsed=0 oled=3C
[   1912] STATUS mode=3 fault=none enc=-2 denc=-2 sreq=-77 sapplied=-77 crate=-77 uimp=-120880 upos=0 uneg=985 ball=-45.07 vball=0.24 aball=1.0 bref=0.00 pid=-77.4 pref=59.3 ppos=67.0 apid=0.0 integ=-75.0 vision=1 current=1 vframe=3647 vs=1 vage=28 vpage=28 vdt=33 vmax=67 vacc=3646 vrej=0 seq=0 elapsed=0 oled=3C
[   1939] STATUS mode=3 fault=none enc=-6 denc=0 sreq=-74 sapplied=-74 crate=-74 uimp=-124280 upos=0 uneg=1025 ball=-45.06 vball=0.20 aball=1.0 bref=0.00 pid=-73.5 pref=56.3 ppos=63.6 apid=0.0 integ=-78.1 vision=1 current=1 vframe=3649 vs=1 vage=1 vpage=1 vdt=33 vmax=67 vacc=3648 vrej=0 seq=0 elapsed=0 oled=3C
[   1965] STATUS mode=3 fault=none enc=-8 denc=-1 sreq=-86 sapplied=-86 crate=-86 uimp=-126090 upos=0 uneg=1045 ball=-45.06 vball=0.20 aball=1.0 bref=0.00 pid=-86.4 pref=53.2 ppos=61.8 apid=0.0 integ=-81.1 vision=1 current=1 vframe=3649 vs=1 vage=21 vpage=21 vdt=33 vmax=67 vacc=3648 vrej=0 seq=0 elapsed=0 oled=3C
[   1992] STATUS mode=3 fault=none enc=-10 denc=0 sreq=-102 sapplied=-102 crate=-102 uimp=-127690 upos=0 uneg=1065 ball=-45.06 vball=0.14 aball=0.1 bref=0.00 pid=-102.2 pref=50.0 ppos=60.2 apid=0.0 integ=-84.1 vision=1 current=1 vframe=3650 vs=1 vage=7 vpage=7 vdt=34 vmax=67 vacc=3649 vrej=0 seq=0 elapsed=0 oled=3C
[   2019] STATUS mode=3 fault=none enc=-14 denc=0 sreq=-54 sapplied=-54 crate=-54 uimp=-130980 upos=0 uneg=1105 ball=-44.81 vball=2.22 aball=0.1 bref=0.00 pid=-54.3 pref=51.5 ppos=56.9 apid=0.0 integ=-87.1 vision=1 current=1 vframe=3651 vs=1 vage=14 vpage=14 vdt=33 vmax=67 vacc=3650 vrej=0 seq=0 elapsed=0 oled=3C
[   2045] STATUS mode=3 fault=none enc=-15 denc=0 sreq=-44 sapplied=-44 crate=-44 uimp=-131990 upos=0 uneg=1125 ball=-44.73 vball=2.22 aball=0.1 bref=0.00 pid=-44.2 pref=51.5 ppos=55.9 apid=0.0 integ=-87.1 vision=1 current=1 vframe=3652 vs=1 vage=1 vpage=1 vdt=33 vmax=67 vacc=3651 vrej=0 seq=0 elapsed=0 oled=3C
[   2072] STATUS mode=3 fault=none enc=-17 denc=-1 sreq=-60 sapplied=-60 crate=-60 uimp=-133220 upos=0 uneg=1145 ball=-44.73 vball=2.22 aball=0.1 bref=0.00 pid=-60.4 pref=48.7 ppos=54.7 apid=0.0 integ=-90.0 vision=1 current=1 vframe=3652 vs=1 vage=21 vpage=21 vdt=33 vmax=67 vacc=3651 vrej=0 seq=0 elapsed=0 oled=3C
[   2098] STATUS mode=3 fault=none enc=-20 denc=0 sreq=-73 sapplied=-73 crate=-73 uimp=-135990 upos=0 uneg=1185 ball=-44.72 vball=1.70 aball=7.1 bref=0.00 pid=-72.5 pref=44.7 ppos=51.9 apid=0.0 integ=-93.0 vision=1 current=1 vframe=3653 vs=1 vage=28 vpage=28 vdt=33 vmax=67 vacc=3652 vrej=0 seq=0 elapsed=0 oled=3C
[   2125] STATUS mode=3 fault=none enc=-23 denc=-2 sreq=-96 sapplied=-96 crate=-96 uimp=-137735 upos=0 uneg=1205 ball=-44.72 vball=1.17 aball=7.1 bref=0.00 pid=-96.1 pref=40.6 ppos=50.2 apid=0.0 integ=-96.0 vision=1 current=1 vframe=3654 vs=1 vage=14 vpage=14 vdt=34 vmax=67 vacc=3653 vrej=0 seq=0 elapsed=0 oled=3C
[   2151] STATUS mode=3 fault=none enc=-25 denc=-1 sreq=-78 sapplied=-78 crate=-78 uimp=-139515 upos=0 uneg=1225 ball=-44.75 vball=0.61 aball=7.1 bref=0.00 pid=-78.3 pref=40.6 ppos=48.4 apid=0.0 integ=-96.0 vision=1 current=1 vframe=3662 vs=1 vage=3 vpage=3 vdt=31 vmax=67 vacc=3661 vrej=0 seq=0 elapsed=0 oled=3C
[   2178] STATUS mode=3 fault=none enc=-30 denc=-1 sreq=-114 sapplied=-114 crate=-114 uimp=-143520 upos=0 uneg=1265 ball=-44.76 vball=0.33 aball=-2.3 bref=0.00 pid=-113.7 pref=33.0 ppos=44.4 apid=-0.0 integ=-101.8 vision=1 current=1 vframe=3663 vs=1 vage=9 vpage=9 vdt=34 vmax=67 vacc=3662 vrej=0 seq=0 elapsed=0 oled=3C
[   2205] STATUS mode=3 fault=none enc=-32 denc=0 sreq=-93 sapplied=-93 crate=-93 uimp=-145630 upos=0 uneg=1285 ball=-44.76 vball=0.33 aball=-2.3 bref=0.00 pid=-92.6 pref=33.0 ppos=42.3 apid=-0.0 integ=-101.8 vision=1 current=1 vframe=3663 vs=1 vage=29 vpage=29 vdt=34 vmax=67 vacc=3662 vrej=0 seq=0 elapsed=0 oled=3C
[   2233] STATUS mode=3 fault=none enc=-35 denc=-1 sreq=-104 sapplied=-104 crate=-104 uimp=-147655 upos=0 uneg=1305 ball=-44.76 vball=0.18 aball=-2.3 bref=0.00 pid=-104.0 pref=29.9 ppos=40.3 apid=-0.0 integ=-104.7 vision=1 current=1 vframe=3664 vs=1 vage=17 vpage=17 vdt=32 vmax=67 vacc=3663 vrej=0 seq=0 elapsed=0 oled=3C
[   2260] STATUS mode=3 fault=none enc=-40 denc=-1 sreq=-97 sapplied=-97 crate=-97 uimp=-151620 upos=0 uneg=1345 ball=-44.77 vball=0.10 aball=-2.3 bref=0.00 pid=-96.5 pref=26.7 ppos=36.3 apid=-0.0 integ=-107.7 vision=1 current=1 vframe=3665 vs=1 vage=23 vpage=23 vdt=34 vmax=67 vacc=3664 vrej=0 seq=0 elapsed=0 oled=3C
[   2287] STATUS mode=3 fault=none enc=-42 denc=0 sreq=-101 sapplied=-101 crate=-101 uimp=-153530 upos=0 uneg=1365 ball=-44.73 vball=0.42 aball=-0.9 bref=0.00 pid=-101.0 pref=24.3 ppos=34.4 apid=-0.0 integ=-110.8 vision=1 current=1 vframe=3666 vs=1 vage=9 vpage=9 vdt=34 vmax=67 vacc=3665 vrej=0 seq=0 elapsed=0 oled=3C
[   2314] STATUS mode=3 fault=none enc=-45 denc=-1 sreq=-82 sapplied=-82 crate=-82 uimp=-155405 upos=0 uneg=1385 ball=-44.73 vball=0.42 aball=-0.9 bref=0.00 pid=-82.2 pref=24.3 ppos=32.5 apid=-0.0 integ=-110.8 vision=1 current=1 vframe=3666 vs=1 vage=29 vpage=29 vdt=34 vmax=67 vacc=3665 vrej=0 seq=0 elapsed=0 oled=3C
[   2340] STATUS mode=3 fault=none enc=-49 denc=0 sreq=-76 sapplied=-76 crate=-76 uimp=-158935 upos=0 uneg=1425 ball=-44.71 vball=0.30 aball=-0.9 bref=0.00 pid=-75.8 pref=21.4 ppos=29.0 apid=-0.0 integ=-113.7 vision=1 current=1 vframe=3668 vs=1 vage=3 vpage=3 vdt=34 vmax=67 vacc=3667 vrej=0 seq=0 elapsed=0 oled=3C
[   2367] STATUS mode=3 fault=none enc=-52 denc=-2 sreq=-89 sapplied=-89 crate=-89 uimp=-160800 upos=0 uneg=1445 ball=-44.71 vball=0.30 aball=-0.9 bref=0.00 pid=-89.4 pref=18.2 ppos=27.1 apid=-0.0 integ=-116.7 vision=1 current=1 vframe=3668 vs=1 vage=23 vpage=23 vdt=34 vmax=67 vacc=3667 vrej=0 seq=0 elapsed=0 oled=3C
[   2394] STATUS mode=3 fault=none enc=-54 denc=-1 sreq=-104 sapplied=-104 crate=-104 uimp=-162620 upos=0 uneg=1465 ball=-44.71 vball=0.20 aball=-1.5 bref=0.00 pid=-103.6 pref=14.9 ppos=25.3 apid=-0.0 integ=-119.7 vision=1 current=1 vframe=3669 vs=1 vage=9 vpage=9 vdt=34 vmax=67 vacc=3668 vrej=0 seq=0 elapsed=0 oled=3C
[   2421] STATUS mode=3 fault=none enc=-58 denc=1 sreq=-95 sapplied=-95 crate=-95 uimp=-166390 upos=0 uneg=1505 ball=-44.71 vball=0.17 aball=-1.5 bref=0.00 pid=-95.2 pref=12.0 ppos=21.5 apid=-0.0 integ=-122.6 vision=1 current=1 vframe=3670 vs=1 vage=17 vpage=17 vdt=32 vmax=67 vacc=3669 vrej=0 seq=0 elapsed=0 oled=3C
[   2448] STATUS mode=3 fault=none enc=-61 denc=-1 sreq=-78 sapplied=-78 crate=-78 uimp=-168155 upos=0 uneg=1525 ball=-44.70 vball=0.23 aball=-1.5 bref=0.00 pid=-77.5 pref=12.0 ppos=19.8 apid=-0.0 integ=-122.6 vision=1 current=1 vframe=3671 vs=1 vage=3 vpage=3 vdt=34 vmax=67 vacc=3670 vrej=0 seq=0 elapsed=0 oled=3C
[   2475] STATUS mode=3 fault=none enc=-63 denc=-1 sreq=-88 sapplied=-88 crate=-88 uimp=-170015 upos=0 uneg=1545 ball=-44.70 vball=0.23 aball=-1.5 bref=0.00 pid=-88.0 pref=9.1 ppos=17.9 apid=-0.0 integ=-125.6 vision=1 current=1 vframe=3671 vs=1 vage=23 vpage=23 vdt=34 vmax=67 vacc=3670 vrej=0 seq=0 elapsed=0 oled=3C
[   2502] STATUS mode=3 fault=none enc=-67 denc=0 sreq=-82 sapplied=-82 crate=-82 uimp=-173660 upos=0 uneg=1585 ball=-44.69 vball=0.19 aball=-0.8 bref=0.00 pid=-81.7 pref=6.1 ppos=14.3 apid=-0.0 integ=-128.6 vision=1 current=1 vframe=3672 vs=1 vage=30 vpage=30 vdt=33 vmax=67 vacc=3671 vrej=0 seq=0 elapsed=0 oled=3C
[   2528] STATUS mode=3 fault=none enc=-69 denc=1 sreq=-94 sapplied=-94 crate=-94 uimp=-175475 upos=0 uneg=1605 ball=-44.69 vball=0.19 aball=-0.8 bref=0.00 pid=-93.9 pref=3.1 ppos=12.5 apid=-0.0 integ=-131.6 vision=1 current=1 vframe=3673 vs=1 vage=16 vpage=16 vdt=34 vmax=67 vacc=3672 vrej=0 seq=0 elapsed=0 oled=3C
[   2555] STATUS mode=3 fault=none enc=-72 denc=0 sreq=-76 sapplied=-76 crate=-76 uimp=-177220 upos=0 uneg=1625 ball=-44.68 vball=0.25 aball=-0.8 bref=0.00 pid=-76.5 pref=3.1 ppos=10.7 apid=-0.0 integ=-131.6 vision=1 current=1 vframe=3674 vs=1 vage=2 vpage=2 vdt=34 vmax=67 vacc=3673 vrej=0 seq=0 elapsed=0 oled=3C
[   2582] STATUS mode=3 fault=none enc=-77 denc=-2 sreq=-98 sapplied=-98 crate=-98 uimp=-180815 upos=0 uneg=1665 ball=-44.67 vball=0.20 aball=-0.4 bref=0.00 pid=-98.2 pref=-2.7 ppos=7.1 apid=-0.0 integ=-137.4 vision=1 current=1 vframe=3675 vs=1 vage=11 vpage=11 vdt=31 vmax=67 vacc=3674 vrej=0 seq=0 elapsed=0 oled=3C
[   2608] STATUS mode=3 fault=none enc=-78 denc=0 sreq=-80 sapplied=-80 crate=-80 uimp=-182635 upos=0 uneg=1685 ball=-44.67 vball=0.20 aball=-0.4 bref=0.00 pid=-80.0 pref=-2.7 ppos=5.3 apid=-0.0 integ=-137.4 vision=1 current=1 vframe=3675 vs=1 vage=31 vpage=31 vdt=31 vmax=67 vacc=3674 vrej=0 seq=0 elapsed=0 oled=3C
[   2635] STATUS mode=3 fault=none enc=-80 denc=1 sreq=-93 sapplied=-93 crate=-93 uimp=-184420 upos=0 uneg=1705 ball=-44.67 vball=0.15 aball=-0.4 bref=0.00 pid=-92.6 pref=-5.8 ppos=3.5 apid=-0.0 integ=-140.4 vision=1 current=1 vframe=3676 vs=1 vage=18 vpage=18 vdt=33 vmax=67 vacc=3675 vrej=0 seq=0 elapsed=0 oled=3C
[   2662] STATUS mode=3 fault=none enc=-84 denc=0 sreq=-68 sapplied=-68 crate=-68 uimp=-187680 upos=0 uneg=1745 ball=-44.56 vball=1.17 aball=-0.4 bref=0.00 pid=-67.7 pref=-6.5 ppos=0.2 apid=-0.0 integ=-143.3 vision=1 current=1 vframe=3677 vs=1 vage=25 vpage=25 vdt=33 vmax=67 vacc=3676 vrej=0 seq=0 elapsed=0 oled=3C
[   2689] STATUS mode=3 fault=none enc=-87 denc=-2 sreq=-62 sapplied=-62 crate=-62 uimp=-188970 upos=0 uneg=1765 ball=-44.40 vball=2.26 aball=8.9 bref=0.00 pid=-62.2 pref=-7.3 ppos=-1.0 apid=0.0 integ=-146.4 vision=1 current=1 vframe=3678 vs=1 vage=10 vpage=10 vdt=35 vmax=67 vacc=3677 vrej=0 seq=0 elapsed=0 oled=3C
[   2716] STATUS mode=3 fault=none enc=-88 denc=0 sreq=-51 sapplied=-51 crate=-51 uimp=-190120 upos=0 uneg=1785 ball=-44.40 vball=2.26 aball=8.9 bref=0.00 pid=-50.7 pref=-7.3 ppos=-2.2 apid=0.0 integ=-146.4 vision=1 current=1 vframe=3678 vs=1 vage=30 vpage=30 vdt=35 vmax=67 vacc=3677 vrej=0 seq=0 elapsed=0 oled=3C
[   2742] STATUS mode=3 fault=none enc=-91 denc=0 sreq=-66 sapplied=-66 crate=-66 uimp=-192560 upos=0 uneg=1825 ball=-44.33 vball=2.15 aball=8.9 bref=0.00 pid=-65.7 pref=-11.2 ppos=-4.6 apid=0.0 integ=-150.2 vision=1 current=1 vframe=3679 vs=1 vage=27 vpage=27 vdt=43 vmax=67 vacc=3678 vrej=0 seq=0 elapsed=0 oled=3C
[   2769] STATUS mode=3 fault=none enc=-93 denc=0 sreq=-89 sapplied=-89 crate=-89 uimp=-194155 upos=0 uneg=1845 ball=-44.31 vball=1.65 aball=8.9 bref=0.00 pid=-88.8 pref=-15.1 ppos=-6.2 apid=0.0 integ=-153.2 vision=1 current=1 vframe=3680 vs=1 vage=14 vpage=14 vdt=33 vmax=67 vacc=3679 vrej=0 seq=0 elapsed=0 oled=3C
[   2796] STATUS mode=3 fault=none enc=-96 denc=-2 sreq=-98 sapplied=-98 crate=-98 uimp=-195940 upos=0 uneg=1865 ball=-44.30 vball=1.33 aball=0.7 bref=0.00 pid=-98.5 pref=-17.9 ppos=-8.0 apid=0.0 integ=-155.3 vision=1 current=1 vframe=3681 vs=1 vage=10 vpage=10 vdt=24 vmax=67 vacc=3680 vrej=0 seq=0 elapsed=0 oled=3C
[   2823] STATUS mode=3 fault=none enc=-100 denc=0 sreq=-106 sapplied=-106 crate=-106 uimp=-199465 upos=0 uneg=1905 ball=-44.29 vball=0.96 aball=0.7 bref=0.00 pid=-106.0 pref=-22.1 ppos=-11.5 apid=0.0 integ=-158.8 vision=1 current=1 vframe=3682 vs=1 vage=10 vpage=10 vdt=40 vmax=67 vacc=3681 vrej=0 seq=0 elapsed=0 oled=3C
[   2850] STATUS mode=3 fault=none enc=-102 denc=0 sreq=-86 sapplied=-86 crate=-86 uimp=-201435 upos=0 uneg=1925 ball=-44.30 vball=0.58 aball=0.7 bref=0.00 pid=-86.3 pref=-22.1 ppos=-13.5 apid=0.0 integ=-158.8 vision=1 current=1 vframe=3683 vs=1 vage=3 vpage=3 vdt=27 vmax=67 vacc=3682 vrej=0 seq=0 elapsed=0 oled=3C
[   2877] STATUS mode=3 fault=none enc=-105 denc=0 sreq=-97 sapplied=-97 crate=-97 uimp=-203490 upos=0 uneg=1945 ball=-44.30 vball=0.58 aball=0.7 bref=0.00 pid=-97.4 pref=-25.3 ppos=-15.6 apid=0.0 integ=-161.2 vision=1 current=1 vframe=3683 vs=1 vage=23 vpage=23 vdt=27 vmax=67 vacc=3682 vrej=0 seq=0 elapsed=0 oled=3C
[   2904] STATUS mode=3 fault=none enc=-110 denc=0 sreq=-94 sapplied=-94 crate=-94 uimp=-207620 upos=0 uneg=1985 ball=-44.32 vball=0.22 aball=-4.5 bref=0.00 pid=-93.6 pref=-29.1 ppos=-19.7 apid=-0.0 integ=-164.2 vision=1 current=1 vframe=3684 vs=1 vage=29 vpage=29 vdt=34 vmax=67 vacc=3683 vrej=0 seq=0 elapsed=0 oled=3C
[   2931] STATUS mode=3 fault=none enc=-112 denc=0 sreq=-109 sapplied=-109 crate=-109 uimp=-209715 upos=0 uneg=2005 ball=-44.35 vball=-0.11 aball=-4.5 bref=0.00 pid=-108.9 pref=-32.7 ppos=-21.8 apid=-0.0 integ=-167.2 vision=1 current=1 vframe=3685 vs=1 vage=16 vpage=16 vdt=33 vmax=67 vacc=3684 vrej=0 seq=0 elapsed=0 oled=3C
[   2959] STATUS mode=3 fault=none enc=-118 denc=-1 sreq=-96 sapplied=-96 crate=-96 uimp=-213930 upos=0 uneg=2045 ball=l=-44.36 vball=-0.17 aball=-4.5 bref=0.00 pid=-118.5 pref=-35.7 ppos=-23.8 apid=-0.0 integ=-170.0 vision=1 current=1 vframe=3686 vs=1 vage=4 vpage=4 vdt=32 vmax=67 vacc=3685 vrej=0 seq=0 elapsed=0 oled=3C
[   2986] STATUS mode=3 fault=none enc=-119 denc=1 sreq=-60 sapplied=-60 crate=-60 uimp=-215620 upos=0 uneg=2065 ball=-44.11 vball=2.12 aball=6.2 bref=0.00 pid=-59.9 pref=-33.7 ppos=-27.7 apid=0.0 integ=-172.9 vision=1 current=1 vframe=3687 vs=1 vage=11 vpage=11 vdt=33 vmax=67 vacc=3686 vrej=0 seq=0 elapsed=0 oled=3C
[   3013] STATUS mode=3 fault=none enc=-121 denc=0 sreq=-49 sapplied=-49 crate=-49 uimp=-216730 upos=0 uneg=2085 ball=-44.11 vball=2.12 aball=6.2 bref=0.00 pid=-48.8 pref=-33.7 ppos=-28.8 apid=0.0 integ=-172.9 vision=1 current=1 vframe=3687 vs=1 vage=31 vpage=31 vdt=33 vmax=67 vacc=3686 vrej=0 seq=0 elapsed=0 oled=3C
[   3039] STATUS mode=3 fault=none enc=-123 denc=0 sreq=-97 sapplied=-97 crate=-97 uimp=-219130 upos=0 uneg=2125 ball=-44.05 vball=1.40 aball=6.2 bref=0.00 pid=-97.5 pref=-41.0 ppos=-31.2 apid=0.0 integ=-178.8 vision=1 current=1 vframe=3689 vs=1 vage=4 vpage=4 vdt=34 vmax=67 vacc=3688 vrej=0 seq=0 elapsed=0 oled=3C
[   3067] STATUS mode=3 fault=none enc=-126 denc=-1 sreq=-79 sapplied=-79 crate=-79 uimp=-220940 upos=0 uneg=2145 ball=-44.05 vball=1.40 aball=6.2 bref=0.00 pid=-79.4 pref=-41.0 ppos=-33.0 apid=0.0 integ=-178.8 vision=1 current=1 vframe=3689 vs=1 vage=24 vpage=24 vdt=34 vmax=67 vacc=3688 vrej=0 seq=0 elapsed=0 oled=3C
[   3094] STATUS mode=3 fault=none enc=-128 denc=-1 sreq=-99 sapplied=-99 crate=-99 uimp=-222590 upos=0 uneg=2165 ball=-44.04 vball=1.06 aball=-1.3 bref=0.00 pid=-98.6 pref=-44.5 ppos=-34.7 apid=-0.0 integ=-181.7 vision=1 current=1 vframe=3690 vs=1 vage=11 vpage=11 vdt=33 vmax=67 vacc=3689 vrej=0 seq=0 elapsed=0 oled=3C
[   3121] STATUS mode=3 fault=none enc=-132 denc=0 sreq=-93 sapplied=-93 crate=-93 uimp=-226210 upos=0 uneg=2205 ball=-44.01 vball=1.01 aball=-1.3 bref=0.00 pid=-93.0 pref=-47.6 ppos=-38.3 apid=-0.0 integ=-184.7 vision=1 current=1 vframe=3691 vs=1 vage=17 vpage=17 vdt=34 vmax=67 vacc=3690 vrej=0 seq=0 elapsed=0 oled=3C
[   3148] STATUS mode=3 fault=none enc=-134 denc=0 sreq=-109 sapplied=-109 crate=-109 uimp=-227935 upos=0 uneg=2225 ball=-44.00 vball=0.79 aball=-1.3 bref=0.00 pid=-109.1 pref=-50.9 ppos=-40.0 apid=-0.0 integ=-187.6 vision=1 current=1 vframe=3692 vs=1 vage=4 vpage=4 vdt=33 vmax=67 vacc=3691 vrej=0 seq=0 elapsed=0 oled=3C
[   3175] STATUS mode=3 fault=none enc=-137 denc=-1 sreq=-89 sapplied=-89 crate=-89 uimp=-229960 upos=0 uneg=2245 ball=-44.00 vball=0.79 aball=-1.3 bref=0.00 pid=-88.8 pref=-50.9 ppos=-42.0 apid=-0.0 integ=-187.6 vision=1 current=1 vframe=3692 vs=1 vage=24 vpage=24 vdt=33 vmax=67 vacc=3691 vrej=0 seq=0 elapsed=0 oled=3C
[   3203] STATUS mode=3 fault=none enc=-142 denc=0 sreq=-106 sapplied=-106 crate=-106 uimp=-234310 upos=0 uneg=2285 ball=-44.13 vball=-0.69 aball=-8.6 bref=0.00 pid=-105.6 pref=-56.9 ppos=-46.4 apid=-0.0 integ=-190.5 vision=1 current=1 vframe=3693 vs=1 vage=31 vpage=31 vdt=33 vmax=67 vacc=3692 vrej=0 seq=0 elapsed=0 oled=3C
[   3230] STATUS mode=3 fault=none enc=-146 denc=-2 sreq=-128 sapplied=-128 crate=-128 uimp=-236725 upos=0 uneg=2305 ball=-44.25 vball=-1.49 aball=-8.6 bref=0.00 pid=-128.1 pref=-61.6 ppos=-48.8 apid=-0.0 integ=-193.5 vision=1 current=1 vframe=3694 vs=1 vage=18 vpage=18 vdt=33 vmax=67 vacc=3693 vrej=0 seq=0 elapsed=0 oled=3C
[   3258] STATUS mode=3 fault=none enc=-148 denc=-1 sreq=-132 sapplied=-132 crate=-132 uimp=-239105 upos=0 uneg=2325 ball=-44.28 vball=-1.34 aball=-8.6 bref=0.00 pid=-131.8 pref=-64.4 ppos=-51.2 apid=-0.0 integ=-196.5 vision=1 current=1 vframe=3695 vs=1 vage=4 vpage=4 vdt=34 vmax=67 vacc=3694 vrej=0 seq=0 elapsed=0 oled=3C
[   3286] STATUS mode=3 fault=none enc=-154 denc=-1 sreq=-109 sapplied=-109 crate=-109 uimp=-243650 upos=0 uneg=2365 ball=-44.29 vball=-0.99 aball=-6.1 bref=0.00 pid=-108.7 pref=-66.6 ppos=-55.7 apid=-0.0 integ=-199.4 vision=1 current=1 vframe=3696 vs=1 vage=11 vpage=11 vdt=33 vmax=67 vacc=3695 vrej=0 seq=0 elapsed=0 oled=3C
[   3313] STATUS mode=3 fault=none enc=-156 denc=-1 sreq=-89 sapplied=-89 crate=-89 uimp=-245665 upos=0 uneg=2385 ball=-44.29 vball=-0.99 aball=-6.1 bref=0.00 pid=-88.5 pref=-66.6 ppos=-57.7 apid=-0.0 integ=-199.4 vision=1 current=1 vframe=3696 vs=1 vage=31 vpage=31 vdt=33 vmax=67 vacc=3695 vrej=0 seq=0 elapsed=0 oled=3C
[   3340] STATUS mode=3 fault=none enc=-160 denc=-1 sreq=-86 sapplied=-86 crate=-86 uimp=-248965 upos=0 uneg=2425 ball=-44.17 vball=0.40 aball=-6.1 bref=0.00 pid=-85.5 pref=-69.6 ppos=-61.0 apid=-0.0 integ=-205.3 vision=1 current=1 vframe=3698 vs=1 vage=4 vpage=4 vdt=34 vmax=67 vacc=3697 vrej=0 seq=0 elapsed=0 oled=3C
[   3367] STATUS mode=3 fault=none enc=-161 denc=1 sreq=-70 sapplied=-70 crate=-70 uimp=-250550 upos=0 uneg=2445 ball=-44.17 vball=0.40 aball=-6.1 bref=0.00 pid=-69.7 pref=-69.6 ppos=-62.6 apid=-0.0 integ=-205.3 vision=1 current=1 vframe=3698 vs=1 vage=24 vpage=24 vdt=34 vmax=67 vacc=3697 vrej=0 seq=0 elapsed=0 oled=3C
[   3394] STATUS mode=3 fault=none enc=-164 denc=-1 sreq=-60 sapplied=-60 crate=-60 uimp=-251860 upos=0 uneg=2465 ball=-44.03 vball=1.62 aball=8.4 bref=0.00 pid=-59.5 pref=-69.9 ppos=-63.9 apid=0.0 integ=-208.2 vision=1 current=1 vframe=3699 vs=1 vage=11 vpage=11 vdt=33 vmax=67 vacc=3698 vrej=0 seq=0 elapsed=0 oled=3C
[   3421] STATUS mode=3 fault=none enc=-167 denc=0 sreq=-57 sapplied=-57 crate=-57 uimp=-254055 upos=0 uneg=2505 ball=-43.92 vball=2.08 aball=8.4 bref=0.00 pid=-56.9 pref=-71.8 ppos=-66.1 apid=0.0 integ=-211.2 vision=1 current=1 vframe=3700 vs=1 vage=17 vpage=17 vdt=34 vmax=67 vacc=3699 vrej=0 seq=0 elapsed=0 oled=3C
[   3448] STATUS mode=3 fault=none enc=-168 denc=0 sreq=-82 sapplied=-82 crate=-82 uimp=-255110 upos=0 uneg=2525 ball=-43.89 vball=1.72 aball=8.4 bref=0.00 pid=-82.2 pref=-75.4 ppos=-67.2 apid=0.0 integ=-214.1 vision=1 current=1 vframe=3701 vs=1 vage=4 vpage=4 vdt=33 vmax=67 vacc=3700 vrej=0 seq=0 elapsed=0 oled=3C
[   3475] STATUS mode=3 fault=none enc=-170 denc=-1 sreq=-67 sapplied=-67 crate=-67 uimp=-256630 upos=0 uneg=2545 ball=-43.89 vball=1.72 aball=8.4 bref=0.00 pid=-67.0 pref=-75.4 ppos=-68.7 apid=0.0 integ=-214.1 vision=1 current=1 vframe=3701 vs=1 vage=24 vpage=24 vdt=33 vmax=67 vacc=3700 vrej=0 seq=0 elapsed=0 oled=3C
[   3502] STATUS mode=3 fault=none enc=-173 denc=0 sreq=-75 sapplied=-75 crate=-75 uimp=-259780 upos=0 uneg=2585 ball=-43.89 vball=1.22 aball=2.8 bref=0.00 pid=-75.3 pref=-79.4 ppos=-71.9 apid=0.0 integ=-217.1 vision=1 current=1 vframe=3702 vs=1 vage=30 vpage=30 vdt=34 vmax=67 vacc=3701 vrej=0 seq=0 elapsed=0 oled=3C
[   3529] STATUS mode=3 fault=none enc=-175 denc=1 sreq=-95 sapplied=-95 crate=-95 uimp=-261540 upos=0 uneg=2605 ball=-43.89 vball=0.81 aball=2.8 bref=0.00 pid=-94.9 pref=-83.1 ppos=-73.6 apid=0.0 integ=-220.0 vision=1 current=1 vframe=3703 vs=1 vage=17 vpage=17 vdt=33 vmax=67 vacc=3702 vrej=0 seq=0 elapsed=0 oled=3C
[   3556] STATUS mode=3 fault=none enc=-179 denc=-1 sreq=-108 sapplied=-108 crate=-108 uimp=-263300 upos=0 uneg=2625 ball=-43.88 vball=0.70 aball=2.8 bref=0.00 pid=-108.3 pref=-86.2 ppos=-75.4 apid=0.0 integ=-222.9 vision=1 current=1 vframe=3704 vs=1 vage=4 vpage=4 vdt=33 vmax=67 vacc=3703 vrej=0 seq=0 elapsed=0 oled=3C
[   3583] STATUS mode=3 fault=none enc=-184 denc=-2 sreq=-104 sapplied=-104 crate=-104 uimp=-267115 upos=0 uneg=2665 ball=-43.87 vball=0.50 aball=-1.7 bref=0.00 pid=-103.9 pref=-89.6 ppos=-79.2 apid=-0.0 integ=-225.9 vision=1 current=1 vframe=3705 vs=1 vage=10 vpage=10 vdt=34 vmax=67 vacc=3704 vrej=0 seq=0 elapsed=0 oled=3C
[   3611] STATUS mode=3 fault=none enc=-186 denc=-2 sreq=-85 sapplied=-85 crate=-85 uimp=-269045 upos=0 uneg=2685 ball=-43.87 vball=0.50 aball=-1.7 bref=0.00 pid=-84.6 pref=-89.6 ppos=-81.1 apid=-0.0 integ=-225.9 vision=1 current=1 vframe=3705 vs=1 vage=30 vpage=30 vdt=34 vmax=67 vacc=3704 vrej=0 seq=0 elapsed=0 oled=3C
[   3638] STATUS mode=3 fault=none enc=-189 denc=-2 sreq=-96 sapplied=-96 crate=-96 uimp=-270915 upos=0 uneg=2705 ball=-43.87 vball=0.42 aball=-1.7 bref=0.00 pid=-96.5 pref=-92.6 ppos=-83.0 apid=-0.0 integ=-228.8 vision=1 current=1 vframe=3706 vs=1 vage=17 vpage=17 vdt=33 vmax=67 vacc=3705 vrej=0 seq=0 elapsed=0 oled=3C
[   3665] STATUS mode=3 fault=none enc=-192 denc=0 sreq=-87 sapplied=-87 crate=-87 uimp=-274695 upos=0 uneg=2745 ball=-43.85 vball=0.43 aball=-1.7 bref=0.00 pid=-87.2 pref=-95.5 ppos=-86.8 apid=-0.0 integ=-231.7 vision=1 current=1 vframe=3707 vs=1 vage=24 vpage=24 vdt=33 vmax=67 vacc=3706 vrej=0 seq=0 elapsed=0 oled=3C
[   3692] STATUS mode=3 fault=none enc=-195 denc=-1 sreq=-100 sapplied=-100 crate=-100 uimp=-276465 upos=0 uneg=2765 ball=-43.84 vball=0.39 aball=-1.4 bref=0.00 pid=-100.0 pref=-98.5 ppos=-88.5 apid=-0.0 integ=-234.6 vision=1 current=1 vframe=3708 vs=1 vage=10 vpage=10 vdt=34 vmax=67 vacc=3707 vrej=0 seq=0 elapsed=0 oled=3C
[   3720] STATUS mode=3 fault=none enc=-199 denc=-1 sreq=-94 sapplied=-94 crate=-94 uimp=-280125 upos=0 uneg=2805 ball=-43.84 vball=0.29 aball=-1.4 bref=0.00 pid=-94.3 pref=-101.6 ppos=-92.2 apid=-0.0 integ=-237.5 vision=1 current=1 vframe=3709 vs=1 vage=17 vpage=17 vdt=33 vmax=67 vacc=3708 vrej=0 seq=0 elapsed=0 oled=3C
[   3747] STATUS mode=3 fault=none enc=-200 denc=0 sreq=-108 sapplied=-108 crate=-108 uimp=-281875 upos=0 uneg=2825 ball=-43.84 vball=0.20 aball=-1.4 bref=0.00 pid=-107.5 pref=-104.7 ppos=-93.9 apid=-0.0 integ=-240.4 vision=1 current=1 vframe=3710 vs=1 vage=4 vpage=4 vdt=33 vmax=67 vacc=3709 vrej=0 seq=0 elapsed=0 oled=3C
[   3774] STATUS mode=3 fault=none enc=-202 denc=1 sreq=-88 sapplied=-88 crate=-88 uimp=-283870 upos=0 uneg=2845 ball=-43.84 vball=0.20 aball=-1.4 bref=0.00 pid=-87.6 pref=-104.7 ppos=-95.9 apid=-0.0 integ=-240.4 vision=1 current=1 vframe=3710 vs=1 vage=24 vpage=24 vdt=33 vmax=67 vacc=3709 vrej=0 seq=0 elapsed=0 oled=3C
[   3802] STATUS mode=3 fault=none enc=-208 denc=-1 sreq=-81 sapplied=-81 crate=-81 uimp=-287480 upos=0 uneg=2885 ball=-43.83 vball=0.22 aball=-1.5 bref=0.00 pid=-80.8 pref=-107.6 ppos=-99.6 apid=-0.0 integ=-243.4 vision=1 current=1 vframe=3711 vs=1 vage=30 vpage=30 vdt=34 vmax=67 vacc=3710 vrej=0 seq=0 elapsed=0 oled=3C
[   3829] STATUS mode=3 fault=none enc=-210 denc=-1 sreq=-92 sapplied=-92 crate=-92 uimp=-289265 upos=0 uneg=2905 ball=-43.83 vball=0.22 aball=-1.5 bref=0.00 pid=-91.8 pref=-110.5 ppos=-101.3 apid=-0.0 integ=-246.3 vision=1 current=1 vframe=3712 vs=1 vage=17 vpage=17 vdt=33 vmax=67 vacc=3711 vrej=0 seq=0 elapsed=0 oled=3C
[   3856] STATUS mode=3 fault=none enc=-211 denc=0 sreq=-88 sapplied=-88 crate=-88 uimp=-290970 upos=0 uneg=2925 ball=-43.74 vball=0.93 aball=-1.5 bref=0.00 pid=-88.4 pref=-111.9 ppos=-103.0 apid=-0.0 integ=-249.2 vision=1 current=1 vframe=3713 vs=1 vage=4 vpage=4 vdt=33 vmax=67 vacc=3712 vrej=0 seq=0 elapsed=0 oled=3C
[   3883] STATUS mode=3 fault=none enc=-215 denc=0 sreq=-43 sapplied=-43 crate=-43 uimp=-293860 upos=0 uneg=2965 ball=-43.47 vball=3.02 aball=11.9 bref=0.00 pid=-43.1 pref=-110.2 ppos=-105.9 apid=0.0 integ=-252.0 vision=1 current=1 vframe=3714 vs=1 vage=11 vpage=11 vdt=33 vmax=67 vacc=3713 vrej=0 seq=0 elapsed=0 oled=3C
[   3911] STATUS mode=3 fault=none enc=-216 denc=-1 sreq=-35 sapplied=-35 crate=-35 uimp=-294660 upos=0 uneg=2985 ball=-43.47 vball=3.02 aball=11.9 bref=0.00 pid=-35.1 pref=-110.2 ppos=-106.7 apid=0.0 integ=-252.0 vision=1 current=1 vframe=3714 vs=1 vage=31 vpage=31 vdt=33 vmax=67 vacc=3713 vrej=0 seq=0 elapsed=0 oled=3C
[   3938] STATUS mode=3 fault=none enc=-218 denc=0 sreq=-58 sapplied=-58 crate=-58 uimp=-295625 upos=0 uneg=3005 ball=-43.39 vball=2.81 aball=11.9 bref=0.00 pid=-58.2 pref=-113.5 ppos=-107.7 apid=0.0 integ=-255.0 vision=1 current=1 vframe=3715 vs=1 vage=17 vpage=17 vdt=34 vmax=67 vacc=3714 vrej=0 seq=0 elapsed=0 oled=3C
[   3965] STATUS mode=3 fault=none enc=-222 denc=-1 sreq=-76 sapplied=-76 crate=-76 uimp=-298430 upos=0 uneg=3045 ball=-43.39 vball=1.97 aball=11.9 bref=0.00 pid=-75.6 pref=-118.1 ppos=-110.5 apid=0.0 integ=-257.9 vision=1 current=1 vframe=3716 vs=1 vage=24 vpage=24 vdt=33 vmax=67 vacc=3715 vrej=0 seq=0 elapsed=0 oled=3C
[   3993] STATUS mode=3 fault=none enc=-224 denc=-1 sreq=-103 sapplied=-103 crate=-103 uimp=-300055 upos=0 uneg=3065 ball=-43.40 vball=1.31 aball=-1.0 bref=0.00 pid=-103.1 pref=-122.4 ppos=-112.1 apid=-0.0 integ=-260.9 vision=1 current=1 vframe=3717 vs=1 vage=9 vpage=9 vdt=35 vmax=67 vacc=3716 vrej=0 seq=0 elapsed=0 oled=3C
[   4020] STATUS mode=3 fault=none enc=-228 denc=0 sreq=-103 sapplied=-103 crate=-103 uimp=-303895 upos=0 uneg=3105 ball=-43.41 vball=0.83 aball=-1.0 bref=0.00 pid=-103.0 pref=-126.3 ppos=-116.0 apid=-0.0 integ=-263.8 vision=1 current=1 vframe=3718 vs=1 vage=16 vpage=16 vdt=33 vmax=67 vacc=3717 vrej=0 seq=0 elapsed=0 oled=3C
[   4048] STATUS mode=3 fault=none enc=-230 denc=1 sreq=-117 sapplied=-117 crate=-117 uimp=-305805 upos=0 uneg=3125 ball=-43.41 vball=0.52 aball=-1.0 bref=0.00 pid=-117.0 pref=-129.6 ppos=-117.9 apid=-0.0 integ=-266.5 vision=1 current=1 vframe=3719 vs=1 vage=5 vpage=5 vdt=31 vmax=67 vacc=3718 vrej=0 seq=0 elapsed=0 oled=3C
[   4075] STATUS mode=3 fault=none enc=-233 denc=-1 sreq=-95 sapplied=-95 crate=-95 uimp=-307975 upos=0 uneg=3145 ball=-43.41 vball=0.52 aball=-1.0 bref=0.00 pid=-95.3 pref=-129.6 ppos=-120.0 apid=-0.0 integ=-266.5 vision=1 current=1 vframe=3719 vs=1 vage=25 vpage=25 vdt=31 vmax=67 vacc=3718 vrej=0 seq=0 elapsed=0 oled=3C
[   4102] STATUS mode=3 fault=none enc=-237 denc=0 sreq=-89 sapplied=-89 crate=-89 uimp=-311925 upos=0 uneg=3185 ball=-43.42 vball=0.32 aball=-5.1 bref=0.00 pid=-88.6 pref=-132.9 ppos=-124.0 apid=-0.0 integ=-269.3 vision=1 current=1 vframe=3720 vs=1 vage=32 vpage=32 vdt=33 vmax=67 vacc=3719 vrej=0 seq=0 elapsed=0 oled=3C
[   4130] STATUS mode=3 fault=none enc=-240 denc=0 sreq=-103 sapplied=-103 crate=-103 uimp=-313900 upos=0 uneg=3205 ball=-43.42 vball=0.20 aball=-5.1 bref=0.00 pid=-102.5 pref=-136.2 ppos=-126.0 apid=-0.0 integ=-272.4 vision=1 current=1 vframe=3721 vs=1 vage=16 vpage=16 vdt=36 vmax=67 vacc=3720 vrej=0 seq=0 elapsed=0 oled=3C
[   4157] STATUS mode=3 fault=none enc=-242 denc=0 sreq=-83 sapplied=-83 crate=-83 uimp=-315805 upos=0 uneg=3225 ball=-43.43 vball=0.12 aball=-5.1 bref=0.00 pid=-83.5 pref=-136.2 ppos=-127.9 apid=-0.0 integ=-272.4 vision=1 current=1 vframe=3722 vs=1 vage=3 vpage=3 vdt=33 vmax=67 vacc=3721 vrej=0 seq=0 elapsed=0 oled=3C
[   4185] STATUS mode=3 fault=none enc=-247 denc=0 sreq=-102 sapplied=-102 crate=-102 uimp=-319665 upos=0 uneg=3265 ball=-43.41 vball=0.18 aball=-3.4 bref=0.00 pid=-102.5 pref=-142.0 ppos=-131.7 apid=-0.0 integ=-278.2 vision=1 current=1 vframe=3723 vs=1 vage=10 vpage=10 vdt=33 vmax=67 vacc=3722 vrej=0 seq=0 elapsed=0 oled=3C
[   4212] STATUS mode=3 fault=none enc=-251 denc=-2 sreq=-83 sapplied=-83 crate=-83 uimp=-321565 upos=0 uneg=3285 ball=-43.41 vball=0.18 aball=-3.4 bref=0.00 pid=-83.5 pref=-142.0 ppos=-133.6 apid=-0.0 integ=-278.2 vision=1 current=1 vframe=3723 vs=1 vage=30 vpage=30 vdt=33 vmax=67 vacc=3722 vrej=0 seq=0 elapsed=0 oled=3C
[   4239] STATUS mode=3 fault=none enc=-252 denc=-1 sreq=-95 sapplied=-95 crate=-95 uimp=-323400 upos=0 uneg=3305 ball=-43.41 vball=0.16 aball=-3.4 bref=0.00 pid=-95.0 pref=-145.0 ppos=-135.5 apid=-0.0 integ=-281.1 vision=1 current=1 vframe=3724 vs=1 vage=16 vpage=16 vdt=34 vmax=67 vacc=3723 vrej=0 seq=0 elapsed=0 oled=3C
[   4267] STATUS mode=3 fault=none enc=-256 denc=1 sreq=-88 sapplied=-88 crate=-88 uimp=-327170 upos=0 uneg=3345 ball=-43.43 vball=-0.03 aball=-3.4 bref=0.00 pid=-88.3 pref=-148.1 ppos=-139.2 apid=-0.0 integ=-283.8 vision=1 current=1 vframe=3725 vs=1 vage=25 vpage=25 vdt=31 vmax=67 vacc=3724 vrej=0 seq=0 elapsed=0 oled=3C
[   4294] STATUS mode=3 fault=none enc=-259 denc=0 sreq=-107 sapplied=-107 crate=-107 uimp=-328995 upos=0 uneg=3365 ball=-43.47 vball=-0.43 aball=-4.7 bref=0.00 pid=-107.2 pref=-151.8 ppos=-141.1 apid=-0.0 integ=-286.7 vision=1 current=1 vframe=3726 vs=1 vage=12 vpage=12 vdt=33 vmax=67 vacc=3725 vrej=0 seq=0 elapsed=0 oled=3C
[   4322] STATUS mode=3 fault=none enc=-264 denc=0 sreq=-98 sapplied=-98 crate=-98 uimp=-332895 upos=0 uneg=3405 ball=-43.49 vball=-0.44 aball=-4.7 bref=0.00 pid=-98.2 pref=-154.8 ppos=-145.0 apid=-0.0 integ=-289.7 vision=1 current=1 vframe=3727 vs=1 vage=18 vpage=18 vdt=34 vmax=67 vacc=3726 vrej=0 seq=0 elapsed=0 oled=3C
[   4350] STATUS mode=3 fault=none enc=-267 denc=-2 sreq=-107 sapplied=-107 crate=-107 uimp=-334715 upos=0 uneg=3425 ball=-43.49 vball=-0.37 aball=-4.7 bref=0.00 pid=-107.3 pref=-157.5 ppos=-146.8 apid=-0.0 integ=-292.5 vision=1 current=1 vframe=3728 vs=1 vage=5 vpage=5 vdt=33 vmax=67 vacc=3727 vrej=0 seq=0 elapsed=0 oled=3C
[   4377] STATUS mode=3 fault=none enc=-269 denc=-1 sreq=-87 sapplied=-87 crate=-87 uimp=-336705 upos=0 uneg=3445 ball=-43.49 vball=-0.37 aball=-4.7 bref=0.00 pid=-87.4 pref=-157.5 ppos=-148.8 apid=-0.0 integ=-292.5 vision=1 current=1 vframe=3728 vs=1 vage=25 vpage=25 vdt=33 vmax=67 vacc=3727 vrej=0 seq=0 elapsed=0 oled=3C
[   4404] STATUS mode=3 fault=none enc=-272 denc=0 sreq=-82 sapplied=-82 crate=-82 uimp=-340185 upos=0 uneg=3485 ball=-43.49 vball=-0.22 aball=-1.7 bref=0.00 pid=-81.8 pref=-160.4 ppos=-152.3 apid=-0.0 integ=-295.7 vision=1 current=1 vframe=3729 vs=1 vage=28 vpage=28 vdt=37 vmax=67 vacc=3728 vrej=0 seq=0 elapsed=0 oled=3C
[   4432] STATUS mode=3 fault=none enc=-275 denc=0 sreq=-370 sapplied=-370 crate=-370 uimp=-343265 upos=0 uneg=3505 ball=-45.20 vball=-15.16 aball=-1.7 bref=0.00 pid=-370.3 pref=-192.4 ppos=-155.3 apid=-0.0 integ=-0.0 vision=1 current=1 vframe=3730 vs=1 vage=14 vpage=14 vdt=34 vmax=67 vacc=3729 vrej=0 seq=0 elapsed=0 oled=3C
[   4460] STATUS mode=3 fault=none enc=-283 denc=-2 sreq=-302 sapplied=-302 crate=-302 uimp=-350135 upos=0 uneg=3525 ball=-45.20 vball=-15.16 aball=-1.7 bref=0.00 pid=-301.6 pref=-192.4 ppos=-162.2 apid=-0.0 integ=-0.0 vision=1 current=0 vframe=3731 vs=0 vage=34 vpage=5 vdt=34 vmax=67 vacc=3729 vrej=0 seq=0 elapsed=0 oled=3C
[   4487] STATUS mode=3 fault=none enc=-297 denc=-1 sreq=-200 sapplied=-200 crate=-200 uimp=-360295 upos=0 uneg=3565 ball=-45.20 vball=-15.16 aball=-1.7 bref=0.00 pid=-200.0 pref=-192.4 ppos=-172.4 apid=-0.0 integ=-0.0 vision=1 current=0 vframe=3732 vs=0 vage=74 vpage=14 vdt=34 vmax=67 vacc=3729 vrej=0 seq=0 elapsed=0 oled=3C
[   4515] STATUS mode=3 fault=none enc=-301 denc=-1 sreq=-163 sapplied=-163 crate=-163 uimp=-364005 upos=0 uneg=3585 ball=-45.20 vball=-15.16 aball=-1.7 bref=0.00 pid=-162.9 pref=-192.4 ppos=-176.1 apid=-0.0 integ=-0.0 vision=1 current=0 vframe=3732 vs=0 vage=94 vpage=34 vdt=34 vmax=67 vacc=3729 vrej=0 seq=0 elapsed=0 oled=3C
[   4542] STATUS mode=3 fault=none enc=-307 denc=-1 sreq=-60 sapplied=-60 crate=-60 uimp=-368510 upos=0 uneg=3625 ball=-46.36 vball=-11.58 aball=-43.6 bref=0.00 pid=-60.2 pref=-186.6 ppos=-180.6 apid=-0.0 integ=-0.0 vision=1 current=1 vframe=3734 vs=1 vage=4 vpage=4 vdt=32 vmax=98 vacc=3731 vrej=0 seq=0 elapsed=0 oled=3C
[   4570] STATUS mode=3 fault=none enc=-308 denc=-1 sreq=-49 sapplied=-49 crate=-49 uimp=-369625 upos=0 uneg=3645 ball=-46.36 vball=-11.58 aball=-43.6 bref=0.00 pid=-49.1 pref=-186.6 ppos=-181.7 apid=-0.0 integ=-0.0 vision=1 current=1 vframe=3734 vs=1 vage=24 vpage=24 vdt=32 vmax=98 vacc=3731 vrej=0 seq=0 elapsed=0 oled=3C
[   4597] STATUS mode=3 fault=none enc=-308 denc=1 sreq=0 sapplied=0 crate=-10 uimp=-370535 upos=0 uneg=3665 ball=-46.42 vball=-10.06 aball=-43.6 bref=0.00 pid=-10.3 pref=-183.6 ppos=-182.6 apid=-0.0 integ=-0.0 vision=1 current=1 vframe=3735 vs=1 vage=7 vpage=7 vdt=37 vmax=98 vacc=3732 vrej=0 seq=0 elapsed=0 oled=3C
[   4623] STATUS mode=3 fault=none enc=-310 denc=0 sreq=20 sapplied=20 crate=20 uimp=-370430 upos=5 uneg=3665 ball=-46.43 vball=-8.50 aball=-4.5 bref=0.00 pid=19.7 pref=-180.5 ppos=-182.5 apid=-0.0 integ=-0.0 vision=1 current=1 vframe=3736 vs=1 vage=18 vpage=18 vdt=29 vmax=98 vacc=3733 vrej=0 seq=0 elapsed=0 oled=3C
[   4650] STATUS mode=3 fault=none enc=-310 denc=0 sreq=0 sapplied=0 crate=19 uimp=-370330 upos=10 uneg=3665 ball=-43.89 vball=16.13 aball=-4.5 bref=0.00 pid=18.7 pref=-180.5 ppos=-182.4 apid=-0.0 integ=-0.0 vision=1 current=1 vframe=3737 vs=1 vage=3 vpage=3 vdt=35 vmax=98 vacc=3734 vrej=0 seq=0 elapsed=0 oled=3C
[   4677] STATUS mode=3 fault=none enc=-307 denc=1 sreq=400 sapplied=400 crate=400 uimp=-367045 upos=25 uneg=3665 ball=-43.89 vball=16.13 aball=-4.5 bref=0.00 pid=400.0 pref=-128.2 ppos=-179.1 apid=-0.0 integ=-0.0 vision=1 current=1 vframe=3737 vs=1 vage=23 vpage=23 vdt=35 vmax=98 vacc=3734 vrej=0 seq=0 elapsed=0 oled=3C
[   4705] STATUS mode=3 fault=none enc=-286 denc=2 sreq=400 sapplied=400 crate=400 uimp=-351045 upos=65 uneg=3665 ball=-43.05 vball=18.43 aball=-4.5 bref=0.00 pid=400.0 pref=-122.6 ppos=-163.1 apid=-0.0 integ=-0.0 vision=1 current=1 vframe=3738 vs=1 vage=30 vpage=30 vdt=33 vmax=98 vacc=3735 vrej=0 seq=0 elapsed=0 oled=3C
[   4732] STATUS mode=3 fault=none enc=-277 denc=3 sreq=263 sapplied=263 crate=263 uimp=-344275 upos=85 uneg=3665 ball=-42.86 vball=14.61 aball=99.5 bref=0.00 pid=263.2 pref=-130.0 ppos=-156.3 apid=0.0 integ=-0.0 vision=1 current=1 vframe=3739 vs=1 vage=16 vpage=16 vdt=34 vmax=98 vacc=3736 vrej=0 seq=0 elapsed=0 oled=3C
[   4759] STATUS mode=3 fault=none enc=-272 denc=1 sreq=214 sapplied=214 crate=214 uimp=-339390 upos=105 uneg=3665 ball=-42.88 vball=10.10 aball=99.5 bref=0.00 pid=214.4 pref=-130.0 ppos=-151.5 apid=0.0 integ=-0.0 vision=1 current=1 vframe=3740 vs=1 vage=3 vpage=3 vdt=33 vmax=98 vacc=3737 vrej=0 seq=0 elapsed=0 oled=3C
[   4785] STATUS mode=3 fault=none enc=-266 denc=2 sreq=0 sapplied=0 crate=15 uimp=-335315 upos=140 uneg=3665 ball=-42.93 vball=6.70 aball=99.5 bref=0.00 pid=14.6 pref=-145.9 ppos=-147.4 apid=0.0 integ=-0.0 vision=1 current=1 vframe=3741 vs=1 vage=9 vpage=9 vdt=34 vmax=98 vacc=3738 vrej=0 seq=0 elapsed=0 oled=3C
[   4812] STATUS mode=3 fault=none enc=-267 denc=0 sreq=0 sapplied=0 crate=15 uimp=-335315 upos=140 uneg=3665 ball=-42.93 vball=6.70 aball=99.5 bref=0.00 pid=14.6 pref=-145.9 ppos=-147.4 apid=0.0 integ=-0.0 vision=1 current=1 vframe=3741 vs=1 vage=29 vpage=29 vdt=34 vmax=98 vacc=3738 vrej=0 seq=0 elapsed=0 oled=3C
[   4839] STATUS mode=3 fault=none enc=-267 denc=0 sreq=-33 sapplied=-33 crate=-33 uimp=-335490 upos=140 uneg=3670 ball=-42.98 vball=4.25 aball=8.1 bref=0.00 pid=-33.3 pref=-150.9 ppos=-147.6 apid=0.0 integ=-0.0 vision=1 current=1 vframe=3742 vs=1 vage=16 vpage=16 vdt=33 vmax=98 vacc=3739 vrej=0 seq=0 elapsed=0 oled=3C
[   4866] STATUS mode=3 fault=none enc=-268 denc=0 sreq=-53 sapplied=-53 crate=-53 uimp=-337320 upos=140 uneg=3710 ball=-43.05 vball=2.40 aball=8.1 bref=0.00 pid=-52.8 pref=-154.7 ppos=-149.4 apid=0.0 integ=-0.0 vision=1 current=1 vframe=3743 vs=1 vage=25 vpage=25 vdt=31 vmax=98 vacc=3740 vrej=0 seq=0 elapsed=0 oled=3C
[   4893] STATUS mode=3 fault=none enc=-270 denc=-2 sreq=-66 sapplied=-66 crate=-66 uimp=-338425 upos=140 uneg=3730 ball=-43.11 vball=1.20 aball=8.1 bref=0.00 pid=-66.5 pref=-157.1 ppos=-150.5 apid=0.0 integ=-0.0 vision=1 current=1 vframe=3744 vs=1 vage=10 vpage=10 vdt=35 vmax=98 vacc=3741 vrej=0 seq=0 elapsed=0 oled=3C
[   4921] STATUS mode=3 fault=none enc=-272 denc=0 sreq=-56 sapplied=-56 crate=-56 uimp=-340785 upos=140 uneg=3770 ball=-43.14 vball=0.57 aball=-12.5 bref=0.00 pid=-55.8 pref=-158.4 ppos=-152.9 apid=-0.0 integ=-0.0 vision=1 current=1 vframe=3745 vs=1 vage=18 vpage=18 vdt=32 vmax=98 vacc=3742 vrej=0 seq=0 elapsed=0 oled=3C
[   4948] STATUS mode=3 fault=none enc=-272 denc=1 sreq=-50 sapplied=-50 crate=-50 uimp=-341820 upos=140 uneg=3790 ball=-43.15 vball=0.34 aball=-12.5 bref=0.00 pid=-50.2 pref=-158.9 ppos=-153.9 apid=-0.0 integ=-0.0 vision=1 current=1 vframe=3746 vs=1 vage=5 vpage=5 vdt=33 vmax=98 vacc=3743 vrej=0 seq=0 elapsed=0 oled=3C
[   4975] STATUS mode=3 fault=none enc=-274 denc=0 sreq=-41 sapplied=-41 crate=-41 uimp=-342750 upos=140 uneg=3810 ball=-43.15 vball=0.34 aball=-12.5 bref=0.00 pid=-40.9 pref=-158.9 ppos=-154.8 apid=-0.0 integ=-0.0 vision=1 current=1 vframe=3746 vs=1 vage=25 vpage=25 vdt=33 vmax=98 vacc=3743 vrej=0 seq=0 elapsed=0 oled=3C
[   5002] STATUS mode=3 fault=none enc=-275 denc=0 sreq=0 sapplied=0 crate=-19 uimp=-343435 upos=140 uneg=3830 ball=-43.05 vball=1.01 aball=-12.5 bref=0.00 pid=-19.4 pref=-157.5 ppos=-155.5 apid=-0.0 integ=-0.0 vision=1 current=1 vframe=3747 vs=1 vage=31 vpage=31 vdt=34 vmax=98 vacc=3744 vrej=0 seq=0 elapsed=0 oled=3C
[   5029] STATUS mode=3 fault=none enc=-275 denc=0 sreq=0 sapplied=0 crate=-18 uimp=-343435 upos=140 uneg=3830 ball=-43.01 vball=1.06 aball=-4.6 bref=0.00 pid=-18.0 pref=-157.3 ppos=-155.5 apid=-0.0 integ=-0.0 vision=1 current=1 vframe=3748 vs=1 vage=18 vpage=18 vdt=33 vmax=98 vacc=3745 vrej=0 seq=0 elapsed=0 oled=3C
[   5056] STATUS mode=3 fault=none enc=-275 denc=0 sreq=-51 sapplied=-51 crate=-51 uimp=-343435 upos=140 uneg=3830 ball=-43.01 vball=0.82 aball=-4.6 bref=0.00 pid=-51.2 pref=-160.6 ppos=-155.5 apid=-0.0 integ=-2.8 vision=1 current=1 vframe=3749 vs=1 vage=5 vpage=5 vdt=33 vmax=98 vacc=3746 vrej=0 seq=0 elapsed=0 oled=3C
[   5084] STATUS mode=3 fault=none enc=-278 denc=-2 sreq=-66 sapplied=-66 crate=-66 uimp=-345335 upos=140 uneg=3870 ball=-43.01 vball=0.57 aball=-4.6 bref=0.00 pid=-66.4 pref=-164.0 ppos=-157.4 apid=-0.0 integ=-5.8 vision=1 current=1 vframe=3750 vs=1 vage=11 vpage=11 vdt=34 vmax=98 vacc=3747 vrej=0 seq=0 elapsed=0 oled=3C
[   5111] STATUS mode=3 fault=none enc=-279 denc=-1 sreq=-54 sapplied=-54 crate=-54 uimp=-346565 upos=140 uneg=3890 ball=-43.01 vball=0.57 aball=-4.6 bref=0.00 pid=-54.1 pref=-164.0 ppos=-158.6 apid=-0.0 integ=-5.8 vision=1 current=1 vframe=3750 vs=1 vage=31 vpage=31 vdt=34 vmax=98 vacc=3747 vrej=0 seq=0 elapsed=0 oled=3C
[   5139] STATUS mode=3 fault=none enc=-280 denc=0 sreq=-87 sapplied=-87 crate=-87 uimp=-348030 upos=140 uneg=3910 ball=-43.09 vball=-0.34 aball=-8.9 bref=0.00 pid=-87.1 pref=-168.8 ppos=-160.1 apid=-0.0 integ=-8.6 vision=1 current=1 vframe=3751 vs=1 vage=18 vpage=18 vdt=33 vmax=98 vacc=3748 vrej=0 seq=0 elapsed=0 oled=3C
[   5166] STATUS mode=3 fault=none enc=-286 denc=-1 sreq=-90 sapplied=-90 crate=-90 uimp=-351690 upos=140 uneg=3950 ball=-43.15 vball=-0.80 aball=-8.9 bref=0.00 pid=-89.7 pref=-172.7 ppos=-163.8 apid=-0.0 integ=-11.5 vision=1 current=1 vframe=3752 vs=1 vage=24 vpage=24 vdt=34 vmax=98 vacc=3749 vrej=0 seq=0 elapsed=0 oled=3C
[   5194] STATUS mode=3 fault=none enc=-288 denc=-2 sreq=-99 sapplied=-99 crate=-99 uimp=-353490 upos=140 uneg=3970 ball=-43.17 vball=-0.73 aball=-8.9 bref=0.00 pid=-99.0 pref=-175.5 ppos=-165.6 apid=-0.0 integ=-14.4 vision=1 current=1 vframe=3753 vs=1 vage=11 vpage=11 vdt=33 vmax=98 vacc=3750 vrej=0 seq=0 elapsed=0 oled=3C
[   5221] STATUS mode=3 fault=none enc=-292 denc=0 sreq=-88 sapplied=-88 crate=-88 uimp=-357065 upos=140 uneg=4010 ball=-43.17 vball=-0.54 aball=-5.8 bref=0.00 pid=-88.0 pref=-177.9 ppos=-169.1 apid=-0.0 integ=-17.2 vision=1 current=1 vframe=3754 vs=1 vage=18 vpage=18 vdt=33 vmax=98 vacc=3751 vrej=0 seq=0 elapsed=0 oled=3C
[   5249] STATUS mode=3 fault=none enc=-295 denc=-1 sreq=-98 sapplied=-98 crate=-98 uimp=-358695 upos=140 uneg=4030 ball=-43.17 vball=-0.37 aball=-5.8 bref=0.00 pid=-97.6 pref=-180.5 ppos=-170.8 apid=-0.0 integ=-20.2 vision=1 current=1 vframe=3755 vs=1 vage=4 vpage=4 vdt=34 vmax=98 vacc=3752 vrej=0 seq=0 elapsed=0 oled=3C
[   5276] STATUS mode=3 fault=none enc=-297 denc=-1 sreq=-79 sapplied=-79 crate=-79 uimp=-360510 upos=140 uneg=4050 ball=-43.17 vball=-0.37 aball=-5.8 bref=0.00 pid=-79.5 pref=-180.5 ppos=-172.6 apid=-0.0 integ=-20.2 vision=1 current=1 vframe=3755 vs=1 vage=24 vpage=24 vdt=34 vmax=98 vacc=3752 vrej=0 seq=0 elapsed=0 oled=3C
[   5304] STATUS mode=3 fault=none enc=-301 denc=0 sreq=-73 sapplied=-73 crate=-73 uimp=-363775 upos=140 uneg=4090 ball=-43.17 vball=-0.24 aball=-5.8 bref=0.00 pid=-72.7 pref=-183.1 ppos=-175.8 apid=-0.0 integ=-23.0 vision=1 current=1 vframe=3756 vs=1 vage=31 vpage=31 vdt=33 vmax=98 vacc=3753 vrej=0 seq=0 elapsed=0 oled=3C
[   5331] STATUS mode=3 fault=none enc=-304 denc=-1 sreq=-83 sapplied=-83 crate=-83 uimp=-365385 upos=140 uneg=4110 ball=-43.17 vball=-0.15 aball=-1.4 bref=0.00 pid=-83.3 pref=-185.8 ppos=-177.5 apid=-0.0 integ=-25.9 vision=1 current=1 vframe=3757 vs=1 vage=18 vpage=18 vdt=33 vmax=98 vacc=3754 vrej=0 seq=0 elapsed=0 oled=3C
[   5358] STATUS mode=3 fault=none enc=-305 denc=0 sreq=-96 sapplied=-96 crate=-96 uimp=-366925 upos=140 uneg=4130 ball=-43.17 vball=-0.09 aball=-1.4 bref=0.00 pid=-96.1 pref=-188.6 ppos=-179.0 apid=-0.0 integ=-28.8 vision=1 current=1 vframe=3758 vs=1 vage=4 vpage=4 vdt=34 vmax=98 vacc=3755 vrej=0 seq=0 elapsed=0 oled=3C
[   5386] STATUS mode=3 fault=none enc=-310 denc=-1 sreq=-90 sapplied=-90 crate=-90 uimp=-370295 upos=140 uneg=4170 ball=-43.17 vball=-0.06 aball=-1.4 bref=0.00 pid=-90.3 pref=-191.4 ppos=-182.4 apid=-0.0 integ=-31.7 vision=1 current=1 vframe=3759 vs=1 vage=11 vpage=11 vdt=33 vmax=98 vacc=3756 vrej=0 seq=0 elapsed=0 oled=3C
[   5413] STATUS mode=3 fault=none enc=-311 denc=0 sreq=-74 sapplied=-74 crate=-74 uimp=-371965 upos=140 uneg=4190 ball=-43.17 vball=-0.06 aball=-1.4 bref=0.00 pid=-73.6 pref=-191.4 ppos=-184.0 apid=-0.0 integ=-31.7 vision=1 current=1 vframe=3759 vs=1 vage=31 vpage=31 vdt=33 vmax=98 vacc=3756 vrej=0 seq=0 elapsed=0 oled=3C
[   5441] STATUS mode=3 fault=none enc=-316 denc=0 sreq=-129 sapplied=-129 crate=-129 uimp=-376270 upos=140 uneg=4230 ball=-43.46 vball=-1.96 aball=-8.8 bref=0.00 pid=-129.3 pref=-201.3 ppos=-188.3 apid=-0.0 integ=-37.4 vision=1 current=1 vframe=3761 vs=1 vage=5 vpage=5 vdt=33 vmax=98 vacc=3758 vrej=0 seq=0 elapsed=0 oled=3C
[   5469] STATUS mode=3 fault=none enc=-320 denc=-1 sreq=-105 sapplied=-105 crate=-105 uimp=-378670 upos=140 uneg=4250 ball=-43.46 vball=-1.96 aball=-8.8 bref=0.00 pid=-105.3 pref=-201.3 ppos=-190.7 apid=-0.0 integ=-37.4 vision=1 current=1 vframe=3761 vs=1 vage=25 vpage=25 vdt=33 vmax=98 vacc=3758 vrej=0 seq=0 elapsed=0 oled=3C
[   5497] STATUS mode=3 fault=none enc=-322 denc=0 sreq=-105 sapplied=-105 crate=-105 uimp=-380720 upos=140 uneg=4270 ball=-43.47 vball=-1.51 aball=-8.8 bref=0.00 pid=-104.6 pref=-203.3 ppos=-192.8 apid=-0.0 integ=-40.3 vision=1 current=1 vframe=3762 vs=1 vage=12 vpage=12 vdt=33 vmax=98 vacc=3759 vrej=0 seq=0 elapsed=0 oled=3C
[   5524] STATUS mode=3 fault=none enc=-328 denc=-2 sreq=-85 sapplied=-85 crate=-85 uimp=-384505 upos=140 uneg=4310 ball=-43.47 vball=-1.00 aball=-0.6 bref=0.00 pid=-85.3 pref=-205.1 ppos=-196.6 apid=-0.0 integ=-43.1 vision=1 current=1 vframe=3763 vs=1 vage=19 vpage=19 vdt=33 vmax=98 vacc=3760 vrej=0 seq=0 elapsed=0 oled=3C
[   5552] STATUS mode=3 fault=none enc=-329 denc=0 sreq=-89 sapplied=-89 crate=-89 uimp=-386085 upos=140 uneg=4330 ball=-43.44 vball=-0.50 aball=-0.6 bref=0.00 pid=-88.7 pref=-207.0 ppos=-198.2 apid=-0.0 integ=-46.1 vision=1 current=1 vframe=3764 vs=1 vage=5 vpage=5 vdt=34 vmax=98 vacc=3761 vrej=0 seq=0 elapsed=0 oled=3C
[   5579] STATUS mode=3 fault=none enc=-332 denc=0 sreq=-72 sapplied=-72 crate=-72 uimp=-387730 upos=140 uneg=4350 ball=-43.44 vball=-0.50 aball=-0.6 bref=0.00 pid=-72.2 pref=-207.0 ppos=-199.8 apid=-0.0 integ=-46.1 vision=1 current=1 vframe=3764 vs=1 vage=25 vpage=25 vdt=34 vmax=98 vacc=3761 vrej=0 seq=0 elapsed=0 oled=3C
[   5606] STATUS mode=3 fault=none enc=-336 denc=0 sreq=-70 sapplied=-70 crate=-70 uimp=-390790 upos=140 uneg=4390 ball=-43.45 vball=-0.37 aball=-0.6 bref=0.00 pid=-69.5 pref=-209.8 ppos=-202.9 apid=-0.0 integ=-49.1 vision=1 current=1 vframe=3765 vs=1 vage=30 vpage=30 vdt=35 vmax=98 vacc=3762 vrej=0 seq=0 elapsed=0 oled=3C
[   5634] STATUS mode=3 fault=none enc=-339 denc=-2 sreq=-80 sapplied=-80 crate=-80 uimp=-392340 upos=140 uneg=4410 ball=-43.45 vball=-0.25 aball=3.0 bref=0.00 pid=-80.3 pref=-212.4 ppos=-204.4 apid=0.0 integ=-52.0 vision=1 current=1 vframe=3766 vs=1 vage=17 vpage=17 vdt=33 vmax=98 vacc=3763 vrej=0 seq=0 elapsed=0 oled=3C
[   5661] STATUS mode=3 fault=none enc=-343 denc=-1 sreq=-77 sapplied=-77 crate=-77 uimp=-395575 upos=140 uneg=4450 ball=-43.45 vball=-0.25 aball=3.0 bref=0.00 pid=-76.6 pref=-215.3 ppos=-207.6 apid=0.0 integ=-54.9 vision=1 current=1 vframe=3767 vs=1 vage=24 vpage=24 vdt=33 vmax=98 vacc=3764 vrej=0 seq=0 elapsed=0 oled=3C
[   5689] STATUS mode=3 fault=none enc=-345 denc=-1 sreq=-89 sapplied=-89 crate=-89 uimp=-397140 upos=140 uneg=4470 ball=-43.46 vball=-0.19 aball=3.0 bref=0.00 pid=-89.5 pref=-218.2 ppos=-209.2 apid=0.0 integ=-57.8 vision=1 current=1 vframe=3768 vs=1 vage=10 vpage=10 vdt=34 vmax=98 vacc=3765 vrej=0 seq=0 elapsed=0 oled=3C
[   5716] STATUS mode=3 fault=none enc=-346 denc=1 sreq=-73 sapplied=-73 crate=-73 uimp=-398800 upos=140 uneg=4490 ball=-43.46 vball=-0.19 aball=3.0 bref=0.00 pid=-72.9 pref=-218.2 ppos=-210.9 apid=0.0 integ=-57.8 vision=1 current=1 vframe=3768 vs=1 vage=30 vpage=30 vdt=34 vmax=98 vacc=3765 vrej=0 seq=0 elapsed=0 oled=3C
[   5743] STATUS mode=3 fault=none enc=-350 denc=1 sreq=-96 sapplied=-96 crate=-96 uimp=-402005 upos=140 uneg=4530 ball=-43.46 vball=-0.09 aball=2.2 bref=0.00 pid=-96.2 pref=-223.7 ppos=-214.1 apid=0.0 integ=-63.6 vision=1 current=1 vframe=3770 vs=1 vage=4 vpage=4 vdt=32 vmax=98 vacc=3767 vrej=0 seq=0 elapsed=0 oled=3C
[   5770] STATUS mode=3 fault=none enc=-353 denc=0 sreq=-78 sapplied=-78 crate=-78 uimp=-403785 upos=140 uneg=4550 ball=-43.46 vball=-0.09 aball=2.2 bref=0.00 pid=-78.4 pref=-223.7 ppos=-215.9 apid=0.0 integ=-63.6 vision=1 current=1 vframe=3770 vs=1 vage=24 vpage=24 vdt=32 vmax=98 vacc=3767 vrej=0 seq=0 elapsed=0 oled=3C
[   5798] STATUS mode=3 fault=none enc=-355 denc=-1 sreq=-90 sapplied=-90 crate=-90 uimp=-405375 upos=140 uneg=4570 ball=-43.45 vball=-0.01 aball=2.2 bref=0.00 pid=-90.3 pref=-226.5 ppos=-217.4 apid=0.0 integ=-66.5 vision=1 current=1 vframe=3771 vs=1 vage=10 vpage=10 vdt=34 vmax=98 vacc=3768 vrej=0 seq=0 elapsed=0 oled=3C
[   5825] STATUS mode=3 fault=none enc=-359 denc=0 sreq=-85 sapplied=-85 crate=-85 uimp=-408685 upos=140 uneg=4610 ball=-43.44 vball=0.04 aball=2.0 bref=0.00 pid=-84.8 pref=-229.2 ppos=-220.8 apid=0.0 integ=-69.4 vision=1 current=1 vframe=3772 vs=1 vage=17 vpage=17 vdt=33 vmax=98 vacc=3769 vrej=0 seq=0 elapsed=0 oled=3C
[   5852] STATUS mode=3 fault=none enc=-362 denc=-2 sreq=-98 sapplied=-98 crate=-98 uimp=-410260 upos=140 uneg=4630 ball=-43.44 vball=0.04 aball=2.0 bref=0.00 pid=-97.7 pref=-232.1 ppos=-222.3 apid=0.0 integ=-72.2 vision=1 current=1 vframe=3773 vs=1 vage=4 vpage=4 vdt=33 vmax=98 vacc=3770 vrej=0 seq=0 elapsed=0 oled=3C
[   5879] STATUS mode=3 fault=none enc=-364 denc=-1 sreq=-80 sapplied=-80 crate=-80 uimp=-412075 upos=140 uneg=4650 ball=-43.44 vball=0.04 aball=2.0 bref=0.00 pid=-79.5 pref=-232.1 ppos=-224.1 apid=0.0 integ=-72.2 vision=1 current=1 vframe=3773 vs=1 vage=24 vpage=24 vdt=33 vmax=98 vacc=3770 vrej=0 seq=0 elapsed=0 oled=3C
[   5906] STATUS mode=3 fault=none enc=-368 denc=-1 sreq=-75 sapplied=-75 crate=-75 uimp=-415395 upos=140 uneg=4690 ball=-43.43 vball=0.10 aball=2.0 bref=0.00 pid=-74.5 pref=-234.9 ppos=-227.5 apid=0.0 integ=-75.2 vision=1 current=1 vframe=3774 vs=1 vage=30 vpage=30 vdt=34 vmax=98 vacc=3771 vrej=0 seq=0 elapsed=0 oled=3C
[   5934] STATUS mode=3 fault=none enc=-369 denc=1 sreq=-86 sapplied=-86 crate=-86 uimp=-417050 upos=140 uneg=4710 ball=-43.43 vball=0.14 aball=1.5 bref=0.00 pid=-85.8 pref=-237.7 ppos=-229.1 apid=0.0 integ=-78.1 vision=1 current=1 vframe=3775 vs=1 vage=17 vpage=17 vdt=33 vmax=98 vacc=3772 vrej=0 seq=0 elapsed=0 oled=3C
[   5961] STATUS mode=3 fault=none enc=-375 denc=-1 sreq=-83 sapplied=-83 crate=-83 uimp=-420365 upos=140 uneg=4750 ball=-43.42 vball=0.16 aball=1.5 bref=0.00 pid=-82.6 pref=-240.7 ppos=-232.4 apid=0.0 integ=-81.1 vision=1 current=1 vframe=3776 vs=1 vage=22 vpage=22 vdt=35 vmax=98 vacc=3773 vrej=0 seq=0 elapsed=0 oled=3C
[   5988] STATUS mode=3 fault=none enc=-376 denc=0 sreq=-94 sapplied=-94 crate=-94 uimp=-422040 upos=140 uneg=4770 ball=-43.42 vball=0.15 aball=1.5 bref=0.00 pid=-93.8 pref=-243.5 ppos=-234.1 apid=0.0 integ=-83.9 vision=1 current=1 vframe=3777 vs=1 vage=10 vpage=10 vdt=32 vmax=98 vacc=3774 vrej=0 seq=0 elapsed=0 oled=3C
[   6015] STATUS mode=3 fault=none enc=-379 denc=-1 sreq=-76 sapplied=-76 crate=-76 uimp=-423780 upos=140 uneg=4790 ball=-43.42 vball=0.15 aball=1.5 bref=0.00 pid=-76.4 pref=-243.5 ppos=-235.9 apid=0.0 integ=-83.9 vision=1 current=1 vframe=3777 vs=1 vage=30 vpage=30 vdt=32 vmax=98 vacc=3774 vrej=0 seq=0 elapsed=0 oled=3C
[   6043] STATUS mode=3 fault=none enc=-383 denc=0 sreq=-104 sapplied=-104 crate=-104 uimp=-427125 upos=140 uneg=4830 ball=-43.43 vball=-0.02 aball=0.7 bref=0.00 pid=-103.8 pref=-249.6 ppos=-239.2 apid=0.0 integ=-89.6 vision=1 current=1 vframe=3779 vs=1 vage=4 vpage=4 vdt=33 vmax=98 vacc=3776 vrej=0 seq=0 elapsed=0 oled=3C
[   6070] STATUS mode=3 fault=none enc=-385 denc=0 sreq=-84 sapplied=-84 crate=-84 uimp=-429055 upos=140 uneg=4850 ball=-43.43 vball=-0.02 aball=0.7 bref=0.00 pid=-84.5 pref=-249.6 ppos=-241.1 apid=0.0 integ=-89.6 vision=1 current=1 vframe=3779 vs=1 vage=24 vpage=24 vdt=33 vmax=98 vacc=3776 vrej=0 seq=0 elapsed=0 oled=3C
[   6098] STATUS mode=3 fault=none enc=-388 denc=-2 sreq=-103 sapplied=-103 crate=-103 uimp=-430615 upos=140 uneg=4870 ball=-43.44 vball=-0.16 aball=0.7 bref=0.00 pid=-103.1 pref=-253.0 ppos=-242.7 apid=0.0 integ=-92.7 vision=1 current=1 vframe=3780 vs=1 vage=8 vpage=8 vdt=36 vmax=98 vacc=3777 vrej=0 seq=0 elapsed=0 oled=3C
[   6125] STATUS mode=3 fault=none enc=-393 denc=-1 sreq=-94 sapplied=-94 crate=-94 uimp=-434365 upos=140 uneg=4910 ball=-43.45 vball=-0.16 aball=-0.8 bref=0.00 pid=-94.4 pref=-255.9 ppos=-246.4 apid=-0.0 integ=-95.6 vision=1 current=1 vframe=3781 vs=1 vage=15 vpage=15 vdt=33 vmax=98 vacc=3778 vrej=0 seq=0 elapsed=0 oled=3C
[   6152] STATUS mode=3 fault=none enc=-394 denc=0 sreq=-77 sapplied=-77 crate=-77 uimp=-436115 upos=140 uneg=4930 ball=-43.42 vball=0.15 aball=-0.8 bref=0.00 pid=-76.9 pref=-255.9 ppos=-248.2 apid=-0.0 integ=-95.6 vision=1 current=1 vframe=3782 vs=1 vage=1 vpage=1 vdt=34 vmax=98 vacc=3779 vrej=0 seq=0 elapsed=0 oled=3C
[   6180] STATUS mode=3 fault=none enc=-396 denc=0 sreq=-82 sapplied=-82 crate=-82 uimp=-437870 upos=140 uneg=4950 ball=-43.42 vball=0.15 aball=-0.8 bref=0.00 pid=-82.3 pref=-258.2 ppos=-249.9 apid=-0.0 integ=-98.6 vision=1 current=1 vframe=3782 vs=1 vage=21 vpage=21 vdt=34 vmax=98 vacc=3779 vrej=0 seq=0 elapsed=0 oled=3C
[   6207] STATUS mode=3 fault=none enc=-400 denc=0 sreq=-75 sapplied=-75 crate=-75 uimp=-441100 upos=140 uneg=4990 ball=-43.39 vball=0.32 aball=-0.8 bref=0.00 pid=-74.9 pref=-260.7 ppos=-253.2 apid=-0.0 integ=-101.4 vision=1 current=1 vframe=3783 vs=1 vage=28 vpage=28 vdt=33 vmax=98 vacc=3780 vrej=0 seq=0 elapsed=0 oled=3C
[   6235] STATUS mode=3 fault=none enc=-402 denc=-1 sreq=-88 sapplied=-88 crate=-88 uimp=-442775 upos=140 uneg=5010 ball=-43.38 vball=0.32 aball=1.7 bref=0.00 pid=-87.5 pref=-263.6 ppos=-254.8 apid=0.0 integ=-104.4 vision=1 current=1 vframe=3784 vs=1 vage=14 vpage=14 vdt=34 vmax=98 vacc=3781 vrej=0 seq=0 elapsed=0 oled=3C
[   6262] STATUS mode=3 fault=none enc=-407 denc=-1 sreq=-84 sapplied=-84 crate=-84 uimp=-446165 upos=140 uneg=5050 ball=-43.39 vball=0.13 aball=1.7 bref=0.00 pid=-84.4 pref=-266.7 ppos=-258.2 apid=0.0 integ=-107.1 vision=1 current=1 vframe=3785 vs=1 vage=23 vpage=23 vdt=31 vmax=98 vacc=3782 vrej=0 seq=0 elapsed=0 oled=3C
[   6289] STATUS mode=3 fault=none enc=-408 denc=0 sreq=-50 sapplied=-50 crate=-50 uimp=-447630 upos=140 uneg=5070 ball=-43.13 vball=2.38 aball=1.7 bref=0.00 pid=-50.1 pref=-264.7 ppos=-259.7 apid=0.0 integ=-109.9 vision=1 current=1 vframe=3786 vs=1 vage=10 vpage=10 vdt=33 vmax=98 vacc=3783 vrej=0 seq=0 elapsed=0 oled=3C
[   6317] STATUS mode=3 fault=none enc=-409 denc=0 sreq=-41 sapplied=-41 crate=-41 uimp=-448560 upos=140 uneg=5090 ball=-43.13 vball=2.38 aball=1.7 bref=0.00 pid=-40.8 pref=-264.7 ppos=-260.6 apid=0.0 integ=-109.9 vision=1 current=1 vframe=3786 vs=1 vage=30 vpage=30 vdt=33 vmax=98 vacc=3783 vrej=0 seq=0 elapsed=0 oled=3C
[   6344] STATUS mode=3 fault=none enc=-412 denc=0 sreq=-46 sapplied=-46 crate=-46 uimp=-450630 upos=140 uneg=5130 ball=-42.98 vball=2.27 aball=10.8 bref=0.00 pid=-46.3 pref=-267.3 ppos=-262.7 apid=0.0 integ=-112.7 vision=1 current=1 vframe=3788 vs=1 vage=3 vpage=3 vdt=34 vmax=98 vacc=3785 vrej=0 seq=0 elapsed=0 oled=3C
[   6371] STATUS mode=3 fault=none enc=-413 denc=0 sreq=-65 sapplied=-65 crate=-65 uimp=-451940 upos=140 uneg=5150 ball=-42.98 vball=2.27 aball=10.8 bref=0.00 pid=-65.1 pref=-270.5 ppos=-264.0 apid=0.0 integ=-115.7 vision=1 current=1 vframe=3788 vs=1 vage=23 vpage=23 vdt=34 vmax=98 vacc=3785 vrej=0 seq=0 elapsed=0 oled=3C
[   6399] STATUS mode=3 fault=none enc=-416 denc=-1 sreq=-91 sapplied=-91 crate=-91 uimp=-453350 upos=140 uneg=5170 ball=-42.97 vball=1.69 aball=10.8 bref=0.00 pid=-90.8 pref=-274.5 ppos=-265.4 apid=0.0 integ=-118.5 vision=1 current=1 vframe=3789 vs=1 vage=10 vpage=10 vdt=33 vmax=98 vacc=3786 vrej=0 seq=0 elapsed=0 oled=3C
[   6426] STATUS mode=3 fault=none enc=-420 denc=0 sreq=-95 sapplied=-95 crate=-95 uimp=-456785 upos=140 uneg=5210 ball=-42.97 vball=1.16 aball=0.2 bref=0.00 pid=-95.4 pref=-278.4 ppos=-268.9 apid=0.0 integ=-121.3 vision=1 current=1 vframe=3790 vs=1 vage=17 vpage=17 vdt=33 vmax=98 vacc=3787 vrej=0 seq=0 elapsed=0 oled=3C
[   6453] STATUS mode=3 fault=none enc=-423 denc=0 sreq=-78 sapplied=-78 crate=-78 uimp=-458555 upos=140 uneg=5230 ball=-43.00 vball=0.53 aball=0.2 bref=0.00 pid=-77.7 pref=-278.4 ppos=-270.6 apid=0.0 integ=-121.3 vision=1 current=1 vframe=3791 vs=1 vage=3 vpage=3 vdt=34 vmax=98 vacc=3788 vrej=0 seq=0 elapsed=0 oled=3C
[   6480] STATUS mode=3 fault=none enc=-426 denc=-1 sreq=-99 sapplied=-99 crate=-99 uimp=-460600 upos=140 uneg=5250 ball=-43.00 vball=0.53 aball=0.2 bref=0.00 pid=-99.5 pref=-282.6 ppos=-272.7 apid=0.0 integ=-124.3 vision=1 current=1 vframe=3791 vs=1 vage=23 vpage=23 vdt=34 vmax=98 vacc=3788 vrej=0 seq=0 elapsed=0 oled=3C
[   6508] STATUS mode=3 fault=none enc=-431 denc=0 sreq=-94 sapplied=-94 crate=-94 uimp=-464780 upos=140 uneg=5290 ball=-43.03 vball=0.13 aball=0.2 bref=0.00 pid=-94.4 pref=-286.3 ppos=-276.9 apid=0.0 integ=-127.1 vision=1 current=1 vframe=3792 vs=1 vage=30 vpage=30 vdt=33 vmax=98 vacc=3789 vrej=0 seq=0 elapsed=0 oled=3C
[   6535] STATUS mode=3 fault=none enc=-433 denc=0 sreq=-117 sapplied=-117 crate=-117 uimp=-466960 upos=140 uneg=5310 ball=-43.11 vball=-0.61 aball=-7.9 bref=0.00 pid=-116.8 pref=-290.7 ppos=-279.0 apid=-0.0 integ=-130.0 vision=1 current=1 vframe=3793 vs=1 vage=17 vpage=17 vdt=33 vmax=98 vacc=3790 vrej=0 seq=0 elapsed=0 oled=3C
[   6563] STATUS mode=3 fault=none enc=-440 denc=-1 sreq=-129 sapplied=-129 crate=-129 uimp=-471750 upos=140 uneg=5350 ball=-43.30 vball=-2.03 aball=-7.9 bref=0.00 pid=-129.1 pref=-296.7 ppos=-283.8 apid=-0.0 integ=-132.9 vision=1 current=1 vframe=3794 vs=1 vage=23 vpage=23 vdt=34 vmax=98 vacc=3791 vrej=0 seq=0 elapsed=0 oled=3C
[   6591] STATUS mode=3 fault=none enc=-444 denc=-2 sreq=-127 sapplied=-127 crate=-127 uimp=-474255 upos=140 uneg=5370 ball=-43.33 vball=-1.71 aball=-7.9 bref=0.00 pid=-126.6 pref=-299.0 ppos=-286.3 apid=-0.0 integ=-135.8 vision=1 current=1 vframe=3795 vs=1 vage=10 vpage=10 vdt=33 vmax=98 vacc=3792 vrej=0 seq=0 elapsed=0 oled=3C
[   6619] STATUS mode=3 fault=none enc=-446 denc=0 sreq=-103 sapplied=-103 crate=-103 uimp=-476605 upos=140 uneg=5390 ball=-43.33 vball=-1.71 aball=-7.9 bref=0.00 pid=-103.1 pref=-299.0 ppos=-288.7 apid=-0.0 integ=-135.8 vision=1 current=1 vframe=3795 vs=1 vage=30 vpage=30 vdt=33 vmax=98 vacc=3792 vrej=0 seq=0 elapsed=0 oled=3C
[   6646] STATUS mode=3 fault=none enc=-448 denc=1 sreq=-60 sapplied=-60 crate=-60 uimp=-479225 upos=140 uneg=5430 ball=-42.96 vball=1.73 aball=3.5 bref=0.00 pid=-60.4 pref=-297.3 ppos=-291.3 apid=0.0 integ=-141.4 vision=1 current=1 vframe=3797 vs=1 vage=4 vpage=4 vdt=33 vmax=98 vacc=3794 vrej=0 seq=0 elapsed=0 oled=3C
[   6674] STATUS mode=3 fault=none enc=-450 denc=0 sreq=-49 sapplied=-49 crate=-49 uimp=-480345 upos=140 uneg=5450 ball=-42.96 vball=1.73 aball=3.5 bref=0.00 pid=-49.2 pref=-297.3 ppos=-292.4 apid=0.0 integ=-141.4 vision=1 current=1 vframe=3797 vs=1 vage=24 vpage=24 vdt=33 vmax=98 vacc=3794 vrej=0 seq=0 elapsed=0 oled=3C
[   6701] STATUS mode=3 fault=none enc=-454 denc=0 sreq=-59 sapplied=-59 crate=-59 uimp=-482765 upos=140 uneg=5490 ball=-42.93 vball=1.47 aball=3.5 bref=0.00 pid=-59.0 pref=-300.7 ppos=-294.8 apid=0.0 integ=-144.4 vision=1 current=1 vframe=3798 vs=1 vage=30 vpage=30 vdt=34 vmax==98 vacc=3795 vrej=0 seq=0 elapsed=0 oled=3C
[   6728] STATUS mode=3 fault=none enc=-457 denc=-2 sreq=-86 sapplied=-86 crate=-86 uimp=-484265 upos=140 uneg=5510 ball=-42.95 vball=0.85 aball=0.7 bref=0.00 pid=-85.9 pref=-304.9 ppos=-296.3 apid=0.0 integ=-147.3 vision=1 current=1 vframe=3799 vs=1 vage=16 vpage=16 vdt=34 vmax=98 vacc=3796 vrej=0 seq=0 elapsed=0 oled=3C
[   6755] STATUS mode=3 fault=none enc=-458 denc=0 sreq=-70 sapplied=-70 crate=-70 uimp=-485860 upos=140 uneg=5530 ball=-42.96 vball=0.49 aball=0.7 bref=0.00 pid=-69.9 pref=-304.9 ppos=-297.9 apid=0.0 integ=-147.3 vision=1 current=1 vframe=3800 vs=1 vage=3 vpage=3 vdt=33 vmax=98 vacc=3797 vrej=0 seq=0 elapsed=0 oled=3C
[   6783] STATUS mode=3 fault=none enc=-463 denc=-2 sreq=-102 sapplied=-102 crate=-102 uimp=-489455 upos=140 uneg=5570 ball=-42.97 vball=0.28 aball=0.7 bref=0.00 pid=-102.3 pref=-311.8 ppos=-301.5 apid=0.0 integ=-152.9 vision=1 current=1 vframe=3801 vs=1 vage=10 vpage=10 vdt=33 vmax=98 vacc=3798 vrej=0 seq=0 elapsed=0 oled=3C
[   6811] STATUS mode=3 fault=none enc=-466 denc=-2 sreq=-83 sapplied=-83 crate=-83 uimp=-491350 upos=140 uneg=5590 ball=-42.97 vball=0.28 aball=0.7 bref=0.00 pid=-83.4 pref=-311.8 ppos=-303.4 apid=0.0 integ=-152.9 vision=1 current=1 vframe=3801 vs=1 vage=30 vpage=30 vdt=33 vmax=98 vacc=3798 vrej=0 seq=0 elapsed=0 oled=3C
[   6838] STATUS mode=3 fault=none enc=-467 denc=0 sreq=-95 sapplied=-95 crate=-95 uimp=-493195 upos=140 uneg=5610 ball=-42.97 vball=0.17 aball=-2.7 bref=0.00 pid=-95.5 pref=-314.8 ppos=-305.3 apid=-0.0 integ=-155.8 vision=1 current=1 vframe=3802 vs=1 vage=17 vpage=17 vdt=33 vmax=98 vacc=3799 vrej=0 seq=0 elapsed=0 oled=3C
[   6866] STATUS mode=3 fault=none enc=-472 denc=-1 sreq=-90 sapplied=-90 crate=-90 uimp=-496845 upos=140 uneg=5650 ball=-42.97 vball=0.10 aball=-2.7 bref=0.00 pid=-89.6 pref=-317.9 ppos=-308.9 apid=-0.0 integ=-158.7 vision=1 current=1 vframe=3803 vs=1 vage=23 vpage=23 vdt=34 vmax=98 vacc=3800 vrej=0 seq=0 elapsed=0 oled=3C
[   6893] STATUS mode=3 fault=none enc=-475 denc=-2 sreq=-101 sapplied=-101 crate=-101 uimp=-498655 upos=140 uneg=5670 ball=-42.98 vball=0.06 aball=-2.7 bref=0.00 pid=-100.8 pref=-320.8 ppos=-310.7 apid=-0.0 integ=-161.5 vision=1 current=1 vframe=3804 vs=1 vage=10 vpage=10 vdt=33 vmax=98 vacc=3801 vrej=0 seq=0 elapsed=0 oled=3C
[   6921] STATUS mode=3 fault=none enc=-478 denc=0 sreq=-93 sapplied=-93 crate=-93 uimp=-502330 upos=140 uneg=5710 ball=-42.97 vball=0.12 aball==-2.7 bref=0.00 pid=-82.1 pref=-320.8 ppos=-312.6 apid=-0.0 integ=-161.5 vision=1 current=1 vframe=3804 vs=1 vage=30 vpage=30 vdt=33 vmax=98 vacc=3801 vrej=0 seq=0 elapsed=0 oled=3C
[   6948] STATUS mode=3 fault=none enc=-480 denc=0 sreq=-76 sapplied=-76 crate=-76 uimp=-504055 upos=140 uneg=5730 ball=-42.93 vball=0.44 aball=-1.7 bref=0.00 pid=-75.6 pref=-323.7 ppos=-316.1 apid=-0.0 integ=-164.5 vision=1 current=1 vframe=3806 vs=1 vage=2 vpage=2 vdt=33 vmax=98 vacc=3803 vrej=0 seq=0 elapsed=0 oled=3C
[   6976] STATUS mode=3 fault=none enc=-483 denc=-1 sreq=-80 sapplied=-80 crate=-80 uimp=-505765 upos=140 uneg=5750 ball=-42.93 vball=0.44 aball=-1.7 bref=0.00 pid=-79.9 pref=-325.8 ppos=-317.8 apid=-0.0 integ=-167.4 vision=1 current=1 vframe=3806 vs=1 vage=22 vpage=22 vdt=33 vmax=98 vacc=3803 vrej=0 seq=0 elapsed=0 oled=3C
[   7003] STATUS mode=3 fault=none enc=-487 denc=-1 sreq=-72 sapplied=-72 crate=-72 uimp=-508995 upos=140 uneg=5790 ball=-42.89 vball=0.63 aball=-1.7 bref=0.00 pid=-71.6 pref=-328.2 ppos=-321.1 apid=-0.0 integ=-170.2 vision=1 current=1 vframe=3807 vs=1 vage=29 vpage=29 vdt=33 vmax=98 vacc=3804 vrej=0 seq=0 elapsed=0 oled=3C
[   7031] STATUS mode=3 fault=none enc=-488 denc=1 sreq=-78 sapplied=-78 crate=-78 uimp=-510545 upos=140 uneg=5810 ball=-42.84 vball=0.90 aball=2.6 bref=0.00 pid=-78.4 pref=-330.5 ppos=-322.6 apid=0.0 integ=-173.0 vision=1 current=1 vframe=3808 vs=1 vage=16 vpage=16 vdt=33 vmax=98 vacc=3805 vrej=0 seq=0 elapsed=0 oled=3C
[   7058] STATUS mode=3 fault=none enc=-491 denc=-1 sreq=-64 sapplied=-64 crate=-64 uimp=-512000 upos=140 uneg=5830 ball=-42.82 vball=0.76 aball=2.6 bref=0.00 pid=-63.9 pref=-330.5 ppos=-324.1 apid=0.0 integ=-173.0 vision=1 current=1 vframe=3809 vs=1 vage=3 vpage=3 vdt=33 vmax=98 vacc=3806 vrej=0 seq=0 elapsed=0 oled=3C
[   7085] STATUS mode=3 fault=none enc=-495 denc=-1 sreq=-96 sapplied=-96 crate=-96 uimp=-515250 upos=140 uneg=5870 ball=-42.83 vball=0.50 aball=2.6 bref=0.00 pid=-95.8 pref=-336.9 ppos=-327.3 apid=0.0 integ=-178.7 vision=1 current=1 vframe=3810 vs=1 vage=10 vpage=10 vdt=33 vmax=98 vacc=3807 vrej=0 seq=0 elapsed=0 oled=3C
[   7113] STATUS mode=3 fault=none enc=-498 denc=-1 sreq=-78 sapplied=-78 crate=-78 uimp=-517025 upos=140 uneg=5890 ball=-42.83 vball=0.50 aball=2.6 bref=0.00 pid=-78.0 pref=-336.9 ppos=-329.1 apid=0.0 integ=-178.7 vision=1 current=1 vframe=3810 vs=1 vage=30 vpage=30 vdt=33 vmax=98 vacc=3807 vrej=0 seq=0 elapsed=0 oled=3C
[   7140] STATUS mode=3 fault=none enc=-499 denc=0 sreq=-98 sapplied=-98 crate=-98 uimp=-518845 upos=140 uneg=5910 ball=-42.86 vball=0.05 aball=-2.4 bref=0.00 pid=-98.3 pref=-340.8 ppos=-330.9 apid=-0.0 integ=-181.6 vision=1 current=1 vframe=3811 vs=1 vage=16 vpage=16 vdt=34 vmax=98 vacc=3808 vrej=0 seq=0 elapsed=0 oled=3C
[   7168] STATUS mode=3 fault=none enc=-505 denc=0 sreq=-94 sapplied=-94 crate=-94 uimp=-522630 upos=140 uneg=5950 ball=-42.89 vball=-0.21 aball=-2.4 bref=0.00 pid=-94.3 pref=-344.1 ppos=-334.7 apid=-0.0 integ=-184.4 vision=1 current=1 vframe=3812 vs=1 vage=23 vpage=23 vdt=33 vmax=98 vacc=3809 vrej=0 seq=0 elapsed=0 oled=3C
[   7196] STATUS mode=3 fault=none enc=-508 denc=-2 sreq=-103 sapplied=-103 crate=-103 uimp=-524515 upos=140 uneg=5970 ball=-42.90 vball=-0.23 aball=-2.4 bref=0.00 pid=-102.6 pref=-346.9 ppos=-336.6 apid=-0.0 integ=-187.1 vision=1 current=1 vframe=3813 vs=1 vage=12 vpage=12 vdt=31 vmax=98 vacc=3810 vrej=0 seq=0 elapsed=0 oled=3C
[   7223] STATUS mode=3 fault=none enc=-512 denc=0 sreq=-97 sapplied=-97 crate=-97 uimp=-528285 upos=140 uneg=6010 ball=-42.92 vball=-0.38 aball=-3.3 bref=0.00 pid=-97.3 pref=-350.1 ppos=-340.4 apid=-0.0 integ=-190.0 vision=1 current=1 vframe=3814 vs=1 vage=18 vpage=18 vdt=34 vmax=98 vacc=3811 vrej=0 seq=0 elapsed=0 oled=3C
[   7251] STATUS mode=3 fault=none enc=-514 denc=0 sreq=-103 sapplied=-103 crate=-103 uimp=-530085 upos=140 uneg=6030 ball=-42.92 vball=-0.20 aball=-3.3 bref=0.00 pid=-103.2 pref=-352.5 ppos=-342.2 apid=-0.0 integ=-192.8 vision=1 current=1 vframe=3815 vs=1 vage=6 vpage=6 vdt=32 vmax=98 vacc=3812 vrej=0 seq=0 elapsed=0 oled=3C
[   7278] STATUS mode=3 fault=none enc=-516 denc=0 sreq=-84 sapplied=-84 crate=-84 uimp=-532000 upos=140 uneg=6050 ball=-42.92 vball=-0.20 aball=-3.3 bref=0.00 pid=-84.1 pref=-352.5 ppos=-344.1 apid=-0.0 integ=-192.8 vision=1 current=1 vframe=3815 vs=1 vage=26 vpage=26 vdt=32 vmax=98 vacc=3812 vrej=0 seq=0 elapsed=0 oled=3C
[   7306] STATUS mode=3 fault=none enc=-520 denc=0 sreq=-68 sapplied=-68 crate=-68 uimp=-535180 upos=140 uneg=6090 ball=-42.86 vball=0.40 aball=-3.3 bref=0.00 pid=-67.8 pref=-354.0 ppos=-347.3 apid=-0.0 integ=-195.6 vision=1 current=1 vframe=3816 vs=1 vage=33 vpage=33 vdt=33 vmax=98 vacc=3813 vrej=0 seq=0 elapsed=0 oled=3C
[   7333] STATUS mode=3 fault=none enc=-522 denc=-1 sreq=-68 sapplied=-68 crate=-68 uimp=-536660 upos=140 uneg=6110 ball=-42.77 vball=0.99 aball=4.5 bref=0.00 pid=-68.4 pref=-355.6 ppos=-348.7 apid=0.0 integ=-198.4 vision=1 current=1 vframe=3817 vs=1 vage=20 vpage=20 vdt=33 vmax=98 vacc=3814 vrej=0 seq=0 elapsed=0 oled=3C
[   7360] STATUS mode=3 fault=none enc=-524 denc=0 sreq=-93 sapplied=-93 crate=-93 uimp=-537930 upos=140 uneg=6130 ball=-42.78 vball=0.60 aball=4.5 bref=0.00 pid=-92.7 pref=-359.3 ppos=-350.0 apid=0.0 integ=-201.3 vision=1 current=1 vframe=3818 vs=1 vage=6 vpage=6 vdt=34 vmax=98 vacc=3815 vrej=0 seq=0 elapsed=0 oled=3C
[   7388] STATUS mode=3 fault=none enc=-528 denc=0 sreq=-88 sapplied=-88 crate=-88 uimp=-541335 upos=140 uneg=6170 ball=-42.77 vball=0.50 aball=4.5 bref=0.00 pid=-87.9 pref=-362.2 ppos=-353.4 apid=0.0 integ=-204.1 vision=1 current=1 vframe=3819 vs=1 vage=14 vpage=14 vdt=32 vmax=98 vacc=3816 vrej=0 seq=0 elapsed=0 oled=3C
[   7415] STATUS mode=3 fault=none enc=-531 denc=-1 sreq=-72 sapplied=-72 crate=-72 uimp=-542960 upos=140 uneg=6190 ball=-42.77 vball=0.50 aball=4.5 bref=0.00 pid=-71.6 pref=-362.2 ppos=-355.0 apid=0.0 integ=-204.1 vision=1 current=1 vframe=3819 vs=1 vage=34 vpage=34 vdt=32 vmax=98 vacc=3816 vrej=0 seq=0 elapsed=0 oled=3C
[   7442] STATUS mode=3 fault=none enc=-534 denc=1 sreq=-100 sapplied=-100 crate=-100 uimp=-546240 upos=140 uneg=6230 ball=-42.75 vball=0.38 aball=0.3 bref=0.00 pid=-100.0 pref=-368.3 ppos=-358.3 apid=0.0 integ=-210.0 vision=1 current=1 vframe=3821 vs=1 vage=5 vpage=5 vdt=35 vmax=98 vacc=3818 vrej=0 seq=0 elapsed=0 oled=3C
[   7470] STATUS mode=3 fault=none enc=-537 denc=0 sreq=-81 sapplied=-81 crate=-81 uimp=-548095 upos=140 uneg=6250 ball=-42.75 vball=0.38 aball=0.3 bref=0.00 pid=-81.4 pref=-368.3 ppos=-360.2 apid=0.0 integ=-210.0 vision=1 current=1 vframe=3821 vs=1 vage=25 vpage=25 vdt=35 vmax=98 vacc=3818 vrej=0 seq=0 elapsed=0 oled=3C
[   7497] STATUS mode=3 fault=none enc=-540 denc=-2 sreq=-95 sapplied=-95 crate=-95 uimp=-549755 upos=140 uneg=6270 ball=-42.75 vball=0.26 aball=0.3 bref=0.00 pid=-94.6 pref=-371.3 ppos=-361.8 apid=0.0 integ=-212.7 vision=1 current=1 vframe=3822 vs=1 vage=13 vpage=13 vdt=32 vmax=98 vacc=3819 vrej=0 seq=0 elapsed=0 oled=3C
[   7525] STATUS mode=3 fault=none enc=-544 denc=0 sreq=-89 sapplied=-89 crate=-89 uimp=-553365 upos=140 uneg=6310 ball=-42.75 vball=0.17 aball=-1.3 bref=0.00 pid=-88.5 pref=-374.3 ppos=-365.4 apid=-0.0 integ=-215.5 vision=1 current=1 vframe=3823 vs=1 vage=20 vpage=20 vdt=33 vmax=98 vacc=3820 vrej=0 seq=0 elapsed=0 oled=3C
[   7552] STATUS mode=3 fault=none enc=-546 denc=0 sreq=-102 sapplied=-102 crate=-102 uimp=-555010 upos=140 uneg=6330 ball=-42.75 vball=0.10 aball=-1.3 bref=0.00 pid=-101.7 pref=-377.3 ppos=-367.1 apid=-0.0 integ=-218.3 vision=1 current=1 vframe=3824 vs=1 vage=7 vpage=7 vdt=33 vmax=98 vacc=3821 vrej=0 seq=0 elapsed=0 oled=3C
[   7580] STATUS mode=3 fault=none enc=-549 denc=-1 sreq=-83 sapplied=-83 crate=-83 uimp=-556900 upos=140 uneg=6350 ball=-42.75 vball=0.10 aball=-1.3 bref=0.00 pid=-82.8 pref=-377.3 ppos=-369.0 apid=-0.0 integ=-218.3 vision=1 current=1 vframe=3824 vs=1 vage=27 vpage=27 vdt=33 vmax=98 vacc=3821 vrej=0 seq=0 elapsed=0 oled=3C
[   7607] STATUS mode=3 fault=none enc=-554 denc=-1 sreq=-78 sapplied=-78 crate=-78 uimp=-560365 upos=140 uneg=6390 ball=-42.75 vball=0.06 aball=-1.3 bref=0.00 pid=-78.0 pref=-380.2 ppos=-372.4 apid=-0.0 integ=-221.2 vision=1 current=1 vframe=3825 vs=1 vage=33 vpage=33 vdt=34 vmax=98 vacc=3822 vrej=0 seq=0 elapsed=0 oled=3C
[   7635] STATUS mode=3 fault=none enc=-556 denc=-1 sreq=-88 sapplied=-88 crate=-88 uimp=-562225 upos=140 uneg=6410 ball=-42.76 vball=0.04 aball=-1.3 bref=0.00 pid=-88.1 pref=-383.1 ppos=-374.3 apid=-0.0 integ=-224.1 vision=1 current=1 vframe=3826 vs=1 vage=20 vpage=20 vdt=33 vmax=98 vacc=3823 vrej=0 seq=0 elapsed=0 oled=3C
[   7662] STATUS mode=3 fault=none enc=-560 denc=0 sreq=-82 sapplied=-82 crate=-82 uimp=-565735 upos=140 uneg=6450 ball=-42.76 vball=-0.00 aball=-1.3 bref=0.00 pid=-82.1 pref=-386.0 ppos=-377.8 apid=-0.0 integ=-226.9 vision=1 current=1 vframe=3827 vs=1 vage=27 vpage=27 vdt=33 vmax=98 vacc=3824 vrej=0 seq=0 elapsed=0 oled=3C
[   7690] STATUS mode=3 fault=none enc=-562 denc=-1 sreq=-88 sapplied=-88 crate=-88 uimp=-567480 upos=140 uneg=6470 ball=-42.73 vball=0.23 aball=-1.3 bref=0.00 pid=-87.9 pref=-388.3 ppos=-379.6 apid=-0.0 integ=-229.7 vision=1 current=1 vframe=3828 vs=1 vage=14 vpage=14 vdt=33 vmax=98 vacc=3825 vrej=0 seq=0 elapsed=0 oled=3C
[   7717] STATUS mode=3 fault=none enc=-564 denc=0 sreq=-72 sapplied=-72 crate=-72 uimp=-569105 upos=140 uneg=6490 ball=-42.73 vball=0.23 aball=-1.3 bref=0.00 pid=-71.6 pref=-388.3 ppos=-381.2 apid=-0.0 integ=-229.7 vision=1 current=1 vframe=3828 vs=1 vage=34 vpage=34 vdt=33 vmax=98 vacc=3825 vrej=0 seq=0 elapsed=0 oled=3C
[   7744] STATUS mode=3 fault=none enc=-569 denc=-1 sreq=-49 sapplied=-49 crate=-49 uimp=-572240 upos=140 uneg=6530 ball=-42.46 vball=2.47 aball=1.2 bref=0.00 pid=-49.3 pref=-389.2 ppos=-384.3 apid=0.0 integ=-235.4 vision=1 current=1 vframe=3830 vs=1 vage=7 vpage=7 vdt=33 vmax=98 vacc=3827 vrej=0 seq=0 elapsed=0 oled=3C
[   7772] STATUS mode=3 fault=none enc=-569 denc=0 sreq=-40 sapplied=-40 crate=-40 uimp=-573150 upos=140 uneg=6550 ball=-42.46 vball=2.47 aball=1.2 bref=0.00 pid=-40.2 pref=-389.2 ppos=-385.2 apid=0.0 integ=-235.4 vision=1 current=1 vframe=3830 vs=1 vage=27 vpage=27 vdt=33 vmax=98 vacc=3827 vrej=0 seq=0 elapsed=0 oled=3C
[   7799] STATUS mode=3 fault=none enc=-570 denc=0 sreq=-57 sapplied=-57 crate=-57 uimp=-574155 upos=140 uneg=6570 ball=-42.37 vball=2.46 aball=1.2 bref=0.00 pid=-57.2 pref=-392.0 ppos=-386.2 apid=0.0 integ=-238.2 vision=1 current=1 vframe=3831 vs=1 vage=14 vpage=14 vdt=33 vmax=98 vacc=3828 vrej=0 seq=0 elapsed=0 oled=3C
[   7826] STATUS mode=3 fault=none enc=-574 denc=-1 sreq=-72 sapplied=-72 crate=-72 uimp=-576650 upos=140 uneg=6610 ball=-42.35 vball=1.91 aball=7.2 bref=0.00 pid=-71.8 pref=-395.9 ppos=-388.7 apid=0.0 integ=-241.1 vision=1 current=1 vframe=3832 vs=1 vage=20 vpage=20 vdt=34 vmax=98 vacc=3829 vrej=0 seq=0 elapsed=0 oled=3C
[   7853] STATUS mode=3 fault=none enc=-575 denc=0 sreq=-96 sapplied=-96 crate=-96 uimp=-577985 upos=140 uneg=6630 ball=-42.35 vball=1.41 aball=7.2 bref=0.00 pid=-96.4 pref=-399.7 ppos=-390.1 apid=0.0 integ=-243.9 vision=1 current=1 vframe=3833 vs=1 vage=7 vpage=7 vdt=33 vmax=98 vacc=3830 vrej=0 seq=0 elapsed=0 oled=3C
[   7881] STATUS mode=3 fault=none enc=-578 denc=0 sreq=-79 sapplied=-79 crate=-79 uimp=-579775 upos=140 uneg=6650 ball=-42.35 vball=1.41 aball=7.2 bref=0.00 pid=-78.5 pref=-399.7 ppos=-391.8 apid=0.0 integ=-243.9 vision=1 current=1 vframe=3833 vs=1 vage=27 vpage=27 vdt=33 vmax=98 vacc=3830 vrej=0 seq=0 elapsed=0 oled=3C
[   7908] STATUS mode=3 fault=none enc=-582 denc=0 sreq=-76 sapplied=-76 crate=-76 uimp=-583280 upos=140 uneg=6690 ball=-42.33 vball=1.17 aball=7.2 bref=0.00 pid=-76.0 pref=-403.0 ppos=-395.4 apid=0.0 integ=-246.7 vision=1 current=1 vframe=3834 vs=1 vage=34 vpage=34 vdt=33 vmax=98 vacc=3831 vrej=0 seq=0 elapsed=0 oled=3C
[   7936] STATUS mode=3 fault=none enc=-585 denc=-1 sreq=-91 sapplied=-91 crate=-91 uimp=-585180 upos=140 uneg=6710 ball=-42.32 vball=0.88 aball=-0.7 bref=0.00 pid=-91.4 pref=-406.4 ppos=-397.3 apid=-0.0 integ=-249.6 vision=1 current=1 vframe=3835 vs=1 vage=20 vpage=20 vdt=34 vmax=98 vacc=3832 vrej=0 seq=0 elapsed=0 oled=3C
[   7963] STATUS mode=3 fault=none enc=-590 denc=-1 sreq=-87 sapplied=-87 crate=-87 uimp=-588855 upos=140 uneg=6750 ball=-42.32 vball=0.66 aball=-0.7 bref=0.00 pid=-87.0 pref=-409.6 ppos=-400.9 apid=-0.0 integ=-252.4 vision=1 current=1 vframe=3836 vs=1 vage=27 vpage=27 vdt=33 vmax=98 vacc=3833 vrej=0 seq=0 elapsed=0 oled=3C
[   7991] STATUS mode=3 fault=none enc=-593 denc=-1 sreq=-102 sapplied=-102 crate=-102 uimp=-590635 upos=140 uneg=6770 ball=-42.32 vball=0.47 aball=-0.7 bref=0.00 pid=-101.8 pref=-412.9 ppos=-402.7 apid=-0.0 integ=-255.2 vision=1 current=1 vframe=3837 vs=1 vage=13 vpage=13 vdt=34 vmax=98 vacc=3834 vrej=0 seq=0 elapsed=0 oled=3C
[   8019] STATUS mode=3 fault=none enc=-595 denc=-1 sreq=-83 sapplied=-83 crate=-83 uimp=-592525 upos=140 uneg=6790 ball=-42.32 vball=0.47 aball=-0.7 bref=0.00 pid=-82.9 pref=-412.9 ppos=-404.6 apid=-0.0 integ=-255.2 vision=1 current=1 vframe=3837 vs=1 vage=33 vpage=33 vdt=34 vmax=98 vacc=3834 vrej=0 seq=0 elapsed=0 oled=3C
[   8046] STATUS mode=3 fault=none enc=-600 denc=-1 sreq=-107 sapplied=-107 crate=-107 uimp=-596250 upos=140 uneg=6830 ball=-42.32 vball=0.21 aball=-2.9 bref=0.00 pid=-106.7 pref=-419.0 ppos=-408.3 apid=-0.0 integ=-260.8 vision=1 current=1 vframe=3839 vs=1 vage=7 vpage=7 vdt=33 vmax=98 vacc=3836 vrej=0 seq=0 elapsed=0 oled=3C
[   8074] STATUS mode=3 fault=none enc=-602 denc=0 sreq=-87 sapplied=-87 crate=-87 uimp=-598225 upos=140 uneg=6850 ball=-42.32 vball=0.21 aball=-2.9 bref=0.00 pid=-86.9 pref=-419.0 ppos=-410.3 apid=-0.0 integ=-260.8 vision=1 current=1 vframe=3839 vs=1 vage=27 vpage=27 vdt=33 vmax=98 vacc=3836 vrej=0 seq=0 elapsed=0 oled=3C
[   8102] STATUS mode=3 fault=none enc=-604 denc=0 sreq=-106 sapplied=-106 crate=-106 uimp=-600025 upos=140 uneg=6870 ball=-42.36 vball=-0.18 aball=-2.9 bref=0.00 pid=-106.0 pref=-422.7 ppos=-412.1 apid=-0.0 integ=-263.7 vision=1 current=1 vframe=3840 vs=1 vage=13 vpage=13 vdt=34 vmax=98 vacc=3837 vrej=0 seq=0 elapsed=0 oled=3C
[   8129] STATUS mode=3 fault=none enc=-609 denc=-1 sreq=-94 sapplied=-94 crate=-94 uimp=-603980 upos=140 uneg=6910 ball=-42.36 vball=-0.18 aball=-3.9 bref=0.00 pid=-93.6 pref=-425.4 ppos=-416.1 apid=-0.0 integ=-266.4 vision=1 current=1 vframe=3841 vs=1 vage=21 vpage=21 vdt=32 vmax=98 vacc=3838 vrej=0 seq=0 elapsed=0 oled=3C
[   8157] STATUS mode=3 fault=none enc=-612 denc=-1 sreq=-103 sapplied=-103 crate=-103 uimp=-605715 upos=140 uneg=6930 ball=-42.36 vball=-0.11 aball=-3.9 bref=0.00 pid=-102.8 pref=-428.1 ppos=-417.8 apid=-0.0 integ=-269.2 vision=1 current=1 vframe=3842 vs=1 vage=8 vpage=8 vdt=33 vmax=98 vacc=3839 vrej=0 seq=0 elapsed=0 oled=3C
[   8185] STATUS mode=3 fault=none enc=-616 denc=-1 sreq=-96 sapplied=-96 crate=-96 uimp=-609325 upos=140 uneg=6970 ball=-42.36 vball=-0.07 aball=-3.9 bref=0.00 pid=-96.4 pref=-431.0 ppos=-421.4 apid=-0.0 integ=-272.3 vision=1 current=1 vframe=3843 vs=1 vage=12 vpage=12 vdt=36 vmax=98 vacc=3840 vrej=0 seq=0 elapsed=0 oled=3C
[   8212] STATUS mode=3 fault=none enc=-618 denc=-1 sreq=-78 sapplied=-78 crate=-78 uimp=-611115 upos=140 uneg=6990 ball=-42.36 vball=-0.07 aball=-3.9 bref=0.00 pid=-78.5 pref=-431.0 ppos=-423.2 apid=-0.0 integ=-272.3 vision=1 current=1 vframe=3843 vs=1 vage=32 vpage=32 vdt=36 vmax=98 vacc=3840 vrej=0 seq=0 elapsed=0 oled=3C
[   8240] STATUS mode=3 fault=none enc=-620 denc=0 sreq=-89 sapplied=-89 crate=-89 uimp=-612845 upos=140 uneg=7010 ball=-42.36 vball=-0.04 aball=-1.5 bref=0.00 pid=-89.4 pref=-433.9 ppos=-424.9 apid=-0.0 integ=-275.1 vision=1 current=1 vframe=3844 vs=1 vage=18 vpage=18 vdt=34 vmax=98 vacc=3841 vrej=0 seq=0 elapsed=0 oled=3C
[   8267] STATUS mode=3 fault=none enc=-624 denc=0 sreq=-82 sapplied=-82 crate=-82 uimp=-616375 upos=140 uneg=7050 ball=-42.36 vball=-0.03 aball=-1.5 bref=0.00 pid=-81.9 pref=-436.6 ppos=-428.4 apid=-0.0 integ=-277.9 vision=1 current=1 vframe=3845 vs=1 vage=25 vpage=25 vdt=33 vmax=98 vacc=3842 vrej=0 seq=0 elapsed=0 oled=3C
[   8295] STATUS mode=3 fault=none enc=-627 denc=-1 sreq=-93 sapplied=-93 crate=-93 uimp=-618035 upos=140 uneg=7070 ball=-42.36 vball=-0.02 aball=-1.5 bref=0.00 pid=-93.0 pref=-439.4 ppos=-430.1 apid=-0.0 integ=-280.7 vision=1 current=1 vframe=3846 vs=1 vage=12 vpage=12 vdt=33 vmax=98 vacc=3843 vrej=0 seq=0 elapsed=0 oled=3C
[   8322] STATUS mode=3 fault=none enc=-631 denc=1 sreq=-63 sapplied=-63 crate=-63 uimp=-621180 upos=140 uneg=7110 ball=-42.22 vball=1.31 aball=5.2 bref=0.00 pid=-62.8 pref=-439.5 ppos=-433.3 apid=0.0 integ=-283.7 vision=1 current=1 vframe=3847 vs=1 vage=17 vpage=17 vdt=35 vmax=98 vacc=3844 vrej=0 seq=0 elapsed=0 oled=3C
[   8349] STATUS mode=3 fault=none enc=-633 denc=0 sreq=-61 sapplied=-61 crate=-61 uimp=-622350 upos=140 uneg=7130 ball=-42.09 vball=2.04 aball=5.2 bref=0.00 pid=-61.1 pref=-440.5 ppos=-434.4 apid=0.0 integ=-286.3 vision=1 current=1 vframe=3848 vs=1 vage=6 vpage=6 vdt=31 vmax=98 vacc=3845 vrej=0 seq=0 elapsed=0 oled=3C
[   8377] STATUS mode=3 fault=none enc=-634 denc=0 sreq=-50 sapplied=-50 crate=-50 uimp=-623480 upos=140 uneg=7150 ball=-42.09 vball=2.04 aball=5.2 bref=0.00 pid=-49.8 pref=-440.5 ppos=-435.6 apid=0.0 integ=-286.3 vision=1 current=1 vframe=3848 vs=1 vage=26 vpage=26 vdt=31 vmax=98 vacc=3845 vrej=0 seq=0 elapsed=0 oled=3C
[   8404] STATUS mode=3 fault=none enc=-637 denc=-1 sreq=-57 sapplied=-57 crate=-57 uimp=-626015 upos=140 uneg=7190 ball=-42.05 vball=1.25 aball=5.2 bref=0.00 pid=-57.0 pref=-443.8 ppos=-438.1 apid=0.0 integ=-289.0 vision=1 current=1 vframe=3850 vs=1 vage=1 vpage=1 vdt=33 vmax=98 vacc=3847 vrej=0 seq=0 elapsed=0 oled=3C
[   8431] STATUS mode=3 fault=none enc=-639 denc=0 sreq=-78 sapplied=-78 crate=-78 uimp=-627610 upos=140 uneg=7210 ball=-42.05 vball=1.25 aball=2.6 bref=0.00 pid=-78.5 pref=-447.5 ppos=-439.7 apid=0.0 integ=-291.8 vision=1 current=1 vframe=3850 vs=1 vage=21 vpage=21 vdt=33 vmax=98 vacc=3847 vrej=0 seq=0 elapsed=0 oled=3C
[   8459] STATUS mode=3 fault=none enc=-641 denc=-1 sreq=-101 sapplied=-101 crate=-101 uimp=-629065 upos=140 uneg=7230 ball=-42.06 vball=0.85 aball=2.6 bref=0.00 pid=-100.6 pref=-451.2 ppos=-441.1 apid=0.0 integ=-294.6 vision=1 current=1 vframe=3851 vs=1 vage=7 vpage=7 vdt=34 vmax=98 vacc=3848 vrej=0 seq=0 elapsed=0 oled=3C
[   8486] STATUS mode=3 fault=none enc=-644 denc=1 sreq=-97 sapplied=-97 crate=-97 uimp=-632785 upos=140 uneg=7270 ball=-42.06 vball=0.54 aball=2.6 bref=0.00 pid=-97.4 pref=-454.6 ppos=-444.9 apid=0.0 integ=-297.4 vision=1 current=1 vframe=3852 vs=1 vage=14 vpage=14 vdt=33 vmax=98 vacc=3849 vrej=0 seq=0 elapsed=0 oled=3C
[   8513] STATUS mode=3 fault=none enc=-647 denc=0 sreq=-79 sapplied=-79 crate=-79 uimp=-634590 upos=140 uneg=7290 ball=-42.07 vball=0.34 aball=2.6 bref=0.00 pid=-79.3 pref=-454.6 ppos=-446.7 apid=0.0 integ=-297.4 vision=1 current=1 vframe=3853 vs=1 vage=1 vpage=1 vdt=33 vmax=98 vacc=3850 vrej=0 seq=0 elapsed=0 oled=3C
[   8541] STATUS mode=3 fault=none enc=-650 denc=-1 sreq=-92 sapplied=-92 crate=-92 uimp=-636515 upos=140 uneg=7310 ball=-42.07 vball=0.34 aball=-2.7 bref=0.00 pid=-92.0 pref=-457.8 ppos=-448.6 apid=-0.0 integ=-300.2 vision=1 current=1 vframe=3853 vs=1 vage=21 vpage=21 vdt=33 vmax=98 vacc=3850 vrej=0 seq=0 elapsed=0 oled=3C
[   8568] STATUS mode=3 fault=none enc=-654 denc=0 sreq=-86 sapplied=-86 crate=-86 uimp=-640170 upos=140 uneg=7350 ball=-42.07 vball=0.21 aball=-2.7 bref=0.00 pid=-85.8 pref=-460.8 ppos=-452.2 apid=-0.0 integ=-302.9 vision=1 current=1 vframe=3854 vs=1 vage=28 vpage=28 vdt=33 vmax=98 vacc=3851 vrej=0 seq=0 elapsed=0 oled=3C
[   8596] STATUS mode=3 fault=none enc=-656 denc=0 sreq=-100 sapplied=-100 crate=-100 uimp=-641925 upos=140 uneg=7370 ball=-42.08 vball=0.12 aball=-2.7 bref=0.00 pid=-100.5 pref=-464.0 ppos=-454.0 apid=-0.0 integ=-306.0 vision=1 current=1 vframe=3855 vs=1 vage=12 vpage=12 vdt=36 vmax=98 vacc=3852 vrej=0 seq=0 elapsed=0 oled=3C
[   8623] STATUS mode=3 fault=none enc=-661 denc=-1 sreq=-91 sapplied=-91 crate=-91 uimp=-645715 upos=140 uneg=7410 ball=-42.08 vball=0.07 aball=-2.7 bref=0.00 pid=-91.3 pref=-466.9 ppos=-457.8 apid=-0.0 integ=-308.8 vision=1 current=1 vframe=3856 vs=1 vage=19 vpage=19 vdt=33 vmax=98 vacc=3853 vrej=0 seq=0 elapsed=0 oled=3C
[   8651] STATUS mode=3 fault=none enc=-663 denc=0 sreq=-99 sapplied=-99 crate=-99 uimp=-647405 upos=140 uneg=7430 ball=-42.06 vball=0.20 aball=-2.7 bref=0.00 pid=-99.4 pref=-469.4 ppos=-459.5 apid=-0.0 integ=-311.5 vision=1 current=1 vframe=3857 vs=1 vage=6 vpage=6 vdt=33 vmax=98 vacc=3854 vrej=0 seq=0 elapsed=0 oled=3C
[   8678] STATUS mode=3 fault=none enc=-665 denc=0 sreq=-81 sapplied=-81 crate=-81 uimp=-649245 upos=140 uneg=7450 ball=-42.06 vball=0.20 aball=-2.7 bref=0.00 pid=-81.0 pref=-469.4 ppos=-461.3 apid=-0.0 integ=-311.5 vision=1 current=1 vframe=3857 vs=1 vage=26 vpage=26 vdt=33 vmax=98 vacc=3854 vrej=0 seq=0 elapsed=0 oled=3C
[   8706] STATUS mode=3 fault=none enc=-670 denc=0 sreq=-75 sapplied=-75 crate=-75 uimp=-652585 upos=140 uneg=7490 ball=-42.05 vball=0.27 aball=-2.7 bref=0.00 pid=-74.6 pref=-472.1 ppos=-464.7 apid=-0.0 integ=-314.4 vision=1 current=1 vframe=3858 vs=1 vage=32 vpage=32 vdt=34 vmax=98 vacc=3855 vrej=0 seq=0 elapsed=0 oled=3C
[   8733] STATUS mode=3 fault=none enc=-672 denc=0 sreq=-87 sapplied=-87 crate=-87 uimp=-654260 upos=140 uneg=7510 ball=-42.04 vball=0.23 aball=-0.8 bref=0.00 pid=-87.2 pref=-475.0 ppos=-466.3 apid=-0.0 integ=-317.2 vision=1 current=1 vframe=3859 vs=1 vage=18 vpage=18 vdt=34 vmax=98 vacc=3856 vrej=0 seq=0 elapsed=0 oled=3C
[   8761] STATUS mode=3 fault=none enc=-675 denc=-1 sreq=-71 sapplied=-71 crate=-71 uimp=-655880 upos=140 uneg=7530 ball=-42.03 vball=0.26 aball=-0.8 bref=0.00 pid=-71.0 pref=-475.0 ppos=-468.0 apid=-0.0 integ=-317.2 vision=1 current=1 vframe=3860 vs=1 vage=3 vpage=3 vdt=35 vmax=98 vacc=3857 vrej=0 seq=0 elapsed=0 oled=3C
[   8788] STATUS mode=3 fault=none enc=-679 denc=0 sreq=-94 sapplied=-94 crate=-94 uimp=-659270 upos=140 uneg=7570 ball=-42.03 vball=0.21 aball=-0.8 bref=0.00 pid=-93.7 pref=-480.7 ppos=-471.3 apid=-0.0 integ=-322.9 vision=1 current=1 vframe=3861 vs=1 vage=11 vpage=11 vdt=32 vmax=98 vacc=3858 vrej=0 seq=0 elapsed=0 oled=3C
[   8815] STATUS mode=3 fault=none enc=-681 denc=0 sreq=-76 sapplied=-76 crate=-76 uimp=-661010 upos=140 uneg=7590 ball=-42.03 vball=0.21 aball=-0.8 bref=0.00 pid=-76.3 pref=-480.7 ppos=-473.1 apid=-0.0 integ=-322.9 vision=1 current=1 vframe=3861 vs=1 vage=31 vpage=31 vdt=32 vmax=98 vacc=3858 vrej=0 seq=0 elapsed=0 oled=3C
[   8843] STATUS mode=3 fault=none enc=-685 denc=0 sreq=-96 sapplied=-96 crate=-96 uimp=-664365 upos=140 uneg=7630 ball=-42.01 vball=0.26 aball=-0.8 bref=0.00 pid=-96.1 pref=-486.0 ppos=-476.4 apid=-0.0 integ=-328.3 vision=1 current=1 vframe=3863 vs=1 vage=6 vpage=6 vdt=31 vmax=98 vacc=3860 vrej=0 seq=0 elapsed=0 oled=3C
[   8870] STATUS mode=3 fault=none enc=-687 denc=0 sreq=-78 sapplied=-78 crate=-78 uimp=-666145 upos=140 uneg=7650 ball=-42.01 vball=0.26 aball=-0.8 bref=0.00 pid=-78.3 pref=-486.0 ppos=-478.2 apid=-0.0 integ=-328.3 vision=1 current=1 vframe=3863 vs=1 vage=26 vpage=26 vdt=31 vmax=98 vacc=3860 vrej=0 seq=0 elapsed=0 oled=3C
[   8898] STATUS mode=3 fault=none enc=-690 denc=-2 sreq=-95 sapplied=-95 crate=-95 uimp=-667760 upos=140 uneg=7670 ball=-42.02 vball=0.04 aball=-0.8 bref=0.00 pid=-95.2 pref=-489.4 ppos=-479.8 apid=-0.0 integ=-331.2 vision=1 current=1 vframe=3864 vs=1 vage=12 vpage=12 vdt=34 vmax=98 vacc=3861 vrej=0 seq=0 elapsed=0 oled=3C
[   8925] STATUS mode=3 fault=none enc=-695 denc=-1 sreq=-92 sapplied=-92 crate=-92 uimp=-671445 upos=140 uneg=7710 ball=-42.05 vball=-0.23 aball=-2.2 bref=0.00 pid=-91.9 pref=-492.7 ppos=-483.5 apid=-0.0 integ=-334.0 vision=1 current=1 vframe=3865 vs=1 vage=19 vpage=19 vdt=33 vmax=98 vacc=3862 vrej=0 seq=0 elapsed=0 oled=3C
[   8953] STATUS mode=3 fault=none enc=-696 denc=0 sreq=-104 sapplied=-104 crate=-104 uimp=-673150 upos=140 uneg=7730 ball=-42.06 vball=-0.24 aball=-2.2 bref=0.00 pid=-103.8 pref=-495.6 ppos=-485.2 apid=-0.0 integ=-336.8 vision=1 current=1 vframe=3866 vs=1 vage=5 vpage=5 vdt=34 vmax=98 vacc=3863 vrej=0 seq=0 elapsed=0 oled=3C
[   8981] STATUS mode=3 fault=none enc=-699 denc=0 sreq=-84 sapplied=-84 crate=-84 uimp=-675080 upos=140 uneg=7750 ball=-42.06 vball=-0.24 aball=-2.2 bref=0.00 pid=-84.5 pref=-495.6 ppos=-487.2 apid=-0.0 integ=-336.8 vision=1 current=1 vframe=3866 vs=1 vage=25 vpage=25 vdt=34 vmax=98 vacc=3863 vrej=0 seq=0 elapsed=0 oled=3C
[   9008] STATUS mode=3 fault=none enc=-700 denc=1 sreq=54 sapplied=54 crate=54 uimp=-675050 upos=160 uneg=7765 ball=-41.39 vball=6.28 aball=-2.2 bref=0.00 pid=53.7 pref=-481.8 ppos=-487.1 apid=-0.0 integ=-336.8 vision=1 current=1 vframe=3867 vs=1 vage=30 vpage=30 vdt=35 vmax=98 vacc=3864 vrej=0 seq=0 elapsed=0 oled=3C
[   9035] STATUS mode=3 fault=none enc=-700 denc=0 sreq=44 sapplied=44 crate=44 uimp=-674055 upos=180 uneg=7765 ball=-41.39 vball=6.28 aball=-2.2 bref=0.00 pid=43.7 pref=-481.8 ppos=-486.1 apid=-0.0 integ=-336.8 vision=1 current=0 vframe=3868 vs=0 vage=50 vpage=18 vdt=35 vmax=98 vacc=3864 vrej=0 seq=0 elapsed=0 oled=3C
[   9062] STATUS mode=3 fault=none enc=-696 denc=1 sreq=190 sapplied=190 crate=190 uimp=-669405 upos=220 uneg=7765 ball=-39.68 vball=14.88 aball=49.5 bref=0.00 pid=189.7 pref=-462.5 ppos=-481.5 apid=0.0 integ=-0.0 vision=1 current=1 vframe=3869 vs=1 vage=25 vpage=25 vdt=65 vmax=98 vacc=3865 vrej=0 seq=0 elapsed=0 oled=3C
[   9089] STATUS mode=3 fault=none enc=-691 denc=2 sreq=371 sapplied=371 crate=371 uimp=-665345 upos=240 uneg=7765 ball=-35.25 vball=49.95 aball=49.5 bref=0.00 pid=400.0 pref=-387.0 ppos=-477.4 apid=0.0 integ=-0.0 vision=1 current=1 vframe=3870 vs=1 vage=10 vpage=10 vdt=35 vmax=98 vacc=3866 vrej=0 seq=0 elapsed=0 oled=3C
[   9117] STATUS mode=3 fault=none enc=-681 denc=3 sreq=400 sapplied=400 crate=400 uimp=-657490 upos=260 uneg=7765 ball=-35.25 vball=49.95 aball=49.5 bref=0.00 pid=400.0 pref=-387.0 ppos=-469.6 apid=0.0 integ=-0.0 vision=1 current=1 vframe=3870 vs=1 vage=30 vpage=30 vdt=35 vmax=98 vacc=3866 vrej=0 seq=0 elapsed=0 oled=3C
[   9144] STATUS mode=3 fault=none enc=-659 denc=3 sreq=400 sapplied=400 crate=400 uimp=-641490 upos=300 uneg=7765 ball=-26.12 vball=94.18 aball=380.6 bref=0.00 pid=400.0 pref=-287.6 ppos=-453.6 apid=0.0 integ=-0.0 vision=1 current=1 vframe=3872 vs=1 vage=4 vpage=4 vdt=33 vmax=98 vacc=3868 vrej=0 seq=0 elapsed=0 oled=3C
[   9171] STATUS mode=3 fault=none enc=-649 denc=3 sreq=400 sapplied=400 crate=400 uimp=-633490 upos=320 uneg=7765 ball=-26.12 vball=94.18 aball=380.6 bref=0.00 pid=400.0 pref=-287.6 ppos=-445.6 apid=0.0 integ=-0.0 vision=1 current=1 vframe=3872 vs=1 vage=24 vpage=24 vdt=33 vmax=98 vacc=3868 vrej=0 seq=0 elapsed=0 oled=3C
[   9199] STATUS mode=3 fault=none enc=-640 denc=2 sreq=400 sapplied=400 crate=400 uimp=-625490 upos=340 uneg=7765 ball=-21.22 vball=110.28 aball=380.6 bref=0.00 pid=400.0 pref=-249.6 ppos=-437.6 apid=0.0 integ=-0.0 vision=1 current=1 vframe=3873 vs=1 vage=10 vpage=10 vdt=34 vmax=98 vacc=3869 vrej=0 seq=0 elapsed=0 oled=3C
[   9226] STATUS mode=3 fault=none enc=-618 denc=3 sreq=400 sapplied=400 crate=400 uimp=-609490 upos=380 uneg=7765 ball=-15.37 vball=130.14 aball=380.6 bref=0.00 pid=400.0 pref=-202.8 ppos=-421.6 apid=0.0 integ=-0.0 vision=1 current=1 vframe=3874 vs=1 vage=16 vpage=16 vdt=34 vmax=98 vacc=3870 vrej=0 seq=0 elapsed=0 oled=3C
[   9253] STATUS mode=3 fault=none enc=-608 denc=3 sreq=400 sapplied=400 crate=400 uimp=-601490 upos=400 uneg=7765 ball=-8.42 vball=152.13 aball=470.1 bref=0.00 pid=400.0 pref=-150.5 ppos=-413.6 apid=0.0 integ=-0.0 vision=1 current=1 vframe=3875 vs=1 vage=4 vpage=4 vdt=32 vmax=98 vacc=3871 vrej=0 seq=0 elapsed=0 oled=3C
[   9281] STATUS mode=3 fault=none enc=-598 denc=3 sreq=400 sapplied=400 crate=400 uimp=-593490 upos=420 uneg=7765 ball=-8.42 vball=152.13 aball=470.1 bref=0.00 pid=400.0 pref=-150.5 ppos=-405.6 apid=0.0 integ=-0.0 vision=1 current=1 vframe=3875 vs=1 vage=24 vpage=24 vdt=32 vmax=98 vacc=3871 vrej=0 seq=0 elapsed=0 oled=3C
[   9308] STATUS mode=3 fault=none enc=-577 denc=2 sreq=400 sapplied=400 crate=400 uimp=-577490 upos=460 uneg=7765 ball=-1.14 vball=172.25 aball=470.1 bref=0.00 pid=400.0 pref=-144.6 ppos=-389.6 apid=0.0 integ=-0.0 vision=1 current=1 vframe=3876 vs=1 vage=32 vpage=32 vdt=32 vmax=98 vacc=3872 vrej=0 seq=0 elapsed=0 oled=3C
[   9335] STATUS mode=3 fault=none enc=-566 denc=3 sreq=400 sapplied=400 crate=400 uimp=-569490 upos=480 uneg=7765 ball=6.59 vball=191.01 aball=470.1 bref=0.00 pid=400.0 pref=-144.6 ppos=-381.6 apid=0.0 integ=-0.0 vision=1 current=1 vframe=3877 vs=1 vage=19 vpage=19 vdt=33 vmax=98 vacc=3873 vrej=0 seq=0 elapsed=0 oled=3C
[   9335] >>> stop
[   9363] STATUS mode=3 fault=none enc=-546 denc=3 sreq=400 sapplied=400 crate=400 uimp=-553490 upos=520 uneg=7765 ball=15.54 vball=210.04 aball=521.8 bref=0.00 pid=400.0 pref=-144.6 ppos=-365.6 apid=0.0 integ=-0.0 vision=1 current=1 vframe=3878 vs=1 vage=25 vpage=25 vdt=34 vmax=98 vacc=3874 vrej=0 seq=0 elapsed=0 oled=3C
[   9389] STATUS mode=1 fault=none enc=-546 denc=-1 sreq=0 sapplied=0 crate=0 uimp=-553490 upos=520 uneg=7765 ball=24.45 vball=230.20 aball=0.0 bref=0.00 pid=0.0 pref=-365.6 ppos=-365.6 apid=0.0 integ=0.0 vision=1 current=1 vframe=3879 vs=1 vage=12 vpage=12 vdt=33 vmax=98 vacc=3875 vrej=0 seq=0 elapsed=0 oled=3C
[   9416] STATUS mode=1 fault=none enc=-545 denc=1 sreq=0 sapplied=0 crate=0 uimp=-553490 upos=520 uneg=7765 ball=34.09 vball=245.95 aball=0.0 bref=0.00 pid=0.0 pref=-365.6 ppos=-365.6 apid=0.0 integ=0.0 vision=1 current=1 vframe=3880 vs=1 vage=1 vpage=1 vdt=31 vmax=98 vacc=3876 vrej=0 seq=0 elapsed=0 oled=3C
[   9442] STATUS mode=1 fault=none enc=-545 denc=0 sreq=0 sapplied=0 crate=0 uimp=-553490 upos=520 uneg=7765 ball=43.48 vball=257.04 aball=0.0 bref=0.00 pid=0.0 pref=-365.6 ppos=-365.6 apid=0.0 integ=0.0 vision=1 current=1 vframe=3881 vs=1 vage=7 vpage=7 vdt=34 vmax=98 vacc=3877 vrej=0 seq=0 elapsed=0 oled=3C
[   9468] STATUS mode=1 fault=none enc=-545 denc=0 sreq=0 sapplied=0 crate=0 uimp=-553490 upos=520 uneg=7765 ball=43.48 vball=257.04 aball=0.0 bref=0.00 pid=0.0 pref=-365.6 ppos=-365.6 apid=0.0 integ=0.0 vision=1 current=1 vframe=3881 vs=1 vage=27 vpage=27 vdt=34 vmax=98 vacc=3877 vrej=0 seq=0 elapsed=0 oled=3C
[   9494] STATUS mode=1 fault=none enc=-545 denc=0 sreq=0 sapplied=0 crate=0 uimp=-553490 upos=520 uneg=7765 ball=54.61 vball=280.68 aball=0.0 bref=0.00 pid=0.0 pref=-365.6 ppos=-365.6 apid=0.0 integ=0.0 vision=1 current=1 vframe=3882 vs=1 vage=14 vpage=14 vdt=33 vmax=98 vacc=3878 vrej=0 seq=0 elapsed=0 oled=3C
[   9521] STATUS mode=1 fault=none enc=-545 denc=0 sreq=0 sapplied=0 crate=0 uimp=-553490 upos=520 uneg=7765 ball=65.24 vball=292.92 aball=0.0 bref=0.00 pid=0.0 pref=-365.6 ppos=-365.6 apid=0.0 integ=0.0 vision=1 current=1 vframe=3883 vs=1 vage=2 vpage=2 vdt=32 vmax=98 vacc=3879 vrej=0 seq=0 elapsed=0 oled=3C
[   9547] STATUS mode=1 fault=none enc=-546 denc=-1 sreq=0 sapplied=0 crate=0 uimp=-553490 upos=520 uneg=7765 ball=76.30 vball=302.46 aball=0.0 bref=0.00 pid=0.0 pref=-365.6 ppos=-365.6 apid=0.0 integ=0.0 vision=1 current=1 vframe=3884 vs=1 vage=8 vpage=8 vdt=34 vmax=98 vacc=3880 vrej=0 seq=0 elapsed=0 oled=3C
[   9573] STATUS mode=1 fault=none enc=-545 denc=1 sreq=0 sapplied=0 crate=0 uimp=-553490 upos=520 uneg=7765 ball=76.30 vball=302.46 aball=0.0 bref=0.00 pid=0.0 pref=-365.6 ppos=-365.6 apid=0.0 integ=0.0 vision=1 current=1 vframe=3884 vs=1 vage=28 vpage=28 vdt=34 vmax=98 vacc=3880 vrej=0 seq=0 elapsed=0 oled=3C
[   9600] STATUS mode=1 fault=none enc=-547 denc=-2 sreq=0 sapplied=0 crate=0 uimp=-553490 upos=520 uneg=7765 ball=87.46 vball=312.97 aball=0.0 bref=0.00 pid=0.0 pref=-365.6 ppos=-365.6 apid=0.0 integ=0.0 vision=1 current=1 vframe=3885 vs=1 vage=15 vpage=15 vdt=33 vmax=98 vacc=3881 vrej=0 seq=0 elapsed=0 oled=3C
[   9600] >>> stream off
[   9626] STATUS mode=1 fault=none enc=-546 denc=0 sreq=0 sapplied=0 crate=0 uimp=-553490 upos=520 uneg=7765 ball=99.01 vball=323.75 aball=0.0 bref=0.00 pid=0.0 pref=-365.6 ppos=-365.6 apid=0.0 integ=0.0 vision=1 current=1 vframe=3886 vs=1 vage=22 vpage=22 vdt=33 vmax=98 vacc=3882 vrej=0 seq=0 elapsed=0 oled=3C
[   9628] OK stream off
[   9779] RESULT motion_limit
