[      0] >>> bench on
[      0] OK stepper visual-only bench active; command pose preserved
[    125] >>> clear
[    125] OK fault cleared
[    250] >>> diag reset
[    250] OK actuator diagnostics reset
[    375] >>> gain ball 3.0 0.5 5.0 -1
[    375] OK ball gains kp=3.000 ki=0.500 kd=5.000 sign=-1
[    500] >>> gain accel 0
[    500] OK ball acceleration gain ka=0.000
[    625] >>> limit rate 800
[    625] OK ball rate limit=800 steps/s
[    750] >>> stream on 20
[    750] OK stream on 20 ms
[    797] STATUS mode=1 fault=none enc=311 denc=0 sreq=0 sapplied=0 crate=0 uimp=0 upos=0 uneg=0 ball=-52.66 vball=-0.00 aball=0.0 bref=-50.00 pid=0.0 pref=249.5 ppos=249.5 apid=0.0 integ=0.0 vision=1 current=1 vframe=6021 vs=1 vage=11 vpage=11 vdt=33 vmax=568 vacc=5990 vrej=0 seq=3 elapsed=4512 oled=3C
[    828] STATUS mode=1 fault=none enc=311 denc=0 sreq=0 sapplied=0 crate=0 uimp=0 upos=0 uneg=0 ball=-52.66 vball=-0.00 aball=0.0 bref=-50.00 pid=0.0 pref=249.5 ppos=249.5 apid=0.0 integ=0.0 vision=1 current=1 vframe=6021 vs=1 vage=31 vpage=31 vdt=33 vmax=568 vacc=5990 vrej=0 seq=3 elapsed=4512 oled=3C
[    844] STATUS mode=1 fault=none enc=311 denc=0 sreq=0 sapplied=0 crate=0 uimp=0 upos=0 uneg=0 ball=-52.65 vball=0.18 aball=0.0 bref=-50.00 pid=0.0 pref=249.5 ppos=249.5 apid=0.0 integ=0.0 vision=1 current=1 vframe=6022 vs=1 vage=18 vpage=18 vdt=33 vmax=568 vacc=5991 vrej=0 seq=3 elapsed=4512 oled=3C
[    875] STATUS mode=1 fault=none enc=311 denc=0 sreq=0 sapplied=0 crate=0 uimp=0 upos=0 uneg=0 ball=-52.63 vball=0.28 aball=0.0 bref=-50.00 pid=0.0 pref=249.5 ppos=249.5 apid=0.0 integ=0.0 vision=1 current=1 vframe=6023 vs=1 vage=4 vpage=4 vdt=34 vmax=568 vacc=5992 vrej=0 seq=3 elapsed=4512 oled=3C
[    875] >>> ball 0
[    891] STATUS mode=1 fault=none enc=311 denc=0 sreq=0 sapplied=0 crate=0 uimp=0 upos=0 uneg=0 ball=-52.62 vball=0.24 aball=0.0 bref=-50.00 pid=0.0 pref=249.5 ppos=249.5 apid=0.0 integ=0.0 vision=1 current=1 vframe=6024 vs=1 vage=11 vpage=11 vdt=33 vmax=568 vacc=5993 vrej=0 seq=3 elapsed=4512 oled=3C
[    922] STATUS mode=3 fault=none enc=315 denc=-1 sreq=-300 sapplied=-300 crate=-300 uimp=-1000 upos=0 uneg=5 ball=-52.62 vball=0.24 aball=0.0 bref=0.00 pid=-800.0 pref=92.8 ppos=248.5 apid=0.0 integ=-0.0 vision=1 current=1 vframe=6024 vs=1 vage=31 vpage=31 vdt=33 vmax=568 vacc=5993 vrej=0 seq=0 elapsed=0 oled=3C
[    953] STATUS mode=3 fault=none enc=303 denc=-3 sreq=-700 sapplied=-700 crate=-700 uimp=-10000 upos=0 uneg=25 ball=-52.62 vball=0.17 aball=0.0 bref=0.00 pid=-800.0 pref=92.5 ppos=239.5 apid=0.0 integ=-0.0 vision=1 current=1 vframe=6025 vs=1 vage=18 vpage=18 vdt=33 vmax=568 vacc=5994 vrej=0 seq=0 elapsed=0 oled=3C
[    983] STATUS mode=3 fault=none enc=262 denc=-5 sreq=-800 sapplied=-800 crate=-800 uimp=-41500 upos=0 uneg=65 ball=-52.62 vball=0.11 aball=0.0 bref=0.00 pid=-800.0 pref=92.2 ppos=208.0 apid=0.0 integ=-0.0 vision=1 current=1 vframe=6026 vs=1 vage=24 vpage=24 vdt=34 vmax=568 vacc=5995 vrej=0 seq=0 elapsed=0 oled=3C
[   1000] STATUS mode=3 fault=none enc=242 denc=-5 sreq=-800 sapplied=-800 crate=-800 uimp=-57500 upos=0 uneg=85 ball=-52.62 vball=0.07 aball=-0.8 bref=0.00 pid=-800.0 pref=92.0 ppos=192.0 apid=-0.0 integ=-0.0 vision=1 current=1 vframe=6027 vs=1 vage=11 vpage=11 vdt=33 vmax=568 vacc=5996 vrej=0 seq=0 elapsed=0 oled=3C
[   1031] STATUS mode=3 fault=none enc=222 denc=-4 sreq=-800 sapplied=-800 crate=-800 uimp=-73500 upos=0 uneg=105 ball=-52.62 vball=0.07 aball=-0.8 bref=0.00 pid=-800.0 pref=92.0 ppos=176.0 apid=-0.0 integ=-0.0 vision=1 current=1 vframe=6027 vs=1 vage=31 vpage=31 vdt=33 vmax=568 vacc=5996 vrej=0 seq=0 elapsed=0 oled=3C
[   1063] STATUS mode=3 fault=none enc=186 denc=-4 sreq=-561 sapplied=-561 crate=-561 uimp=-101665 upos=0 uneg=145 ball=-52.63 vball=0.03 aball=-0.8 bref=0.00 pid=-560.7 pref=91.8 ppos=147.8 apid=-0.0 integ=-0.0 vision=1 current=1 vframe=6029 vs=1 vage=6 vpage=6 vdt=33 vmax=568 vacc=5998 vrej=0 seq=0 elapsed=0 oled=3C
[   1094] STATUS mode=3 fault=none enc=173 denc=-3 sreq=-457 sapplied=-457 crate=-457 uimp=-112070 upos=0 uneg=165 ball=-52.63 vball=0.03 aball=-0.8 bref=0.00 pid=-456.7 pref=91.8 ppos=137.4 apid=-0.0 integ=-0.0 vision=1 current=1 vframe=6029 vs=1 vage=26 vpage=26 vdt=33 vmax=568 vacc=5998 vrej=0 seq=0 elapsed=0 oled=3C
[   1108] STATUS mode=3 fault=none enc=163 denc=-2 sreq=-372 sapplied=-372 crate=-372 uimp=-120545 upos=0 uneg=185 ball=-52.63 vball=0.02 aball=-0.6 bref=0.00 pid=-372.4 pref=91.7 ppos=129.0 apid=-0.0 integ=-0.0 vision=1 current=1 vframe=6030 vs=1 vage=12 vpage=12 vdt=34 vmax=568 vacc=5999 vrej=0 seq=0 elapsed=0 oled=3C
[   1141] STATUS mode=3 fault=none enc=147 denc=-2 sreq=-266 sapplied=-266 crate=-266 uimp=-133280 upos=0 uneg=225 ball=-52.65 vball=-0.21 aball=-0.6 bref=0.00 pid=-265.9 pref=89.6 ppos=116.2 apid=-0.0 integ=-0.9 vision=1 current=1 vframe=6031 vs=1 vage=19 vpage=19 vdt=33 vmax=568 vacc=6000 vrej=0 seq=0 elapsed=0 oled=3C
[   1172] STATUS mode=3 fault=none enc=141 denc=-2 sreq=-232 sapplied=-232 crate=-232 uimp=-138215 upos=0 uneg=245 ball=-52.67 vball=-0.33 aball=-0.6 bref=0.00 pid=-232.1 pref=88.1 ppos=111.3 apid=-0.0 integ=-1.8 vision=1 current=1 vframe=6032 vs=1 vage=5 vpage=5 vdt=34 vmax=568 vacc=6001 vrej=0 seq=0 elapsed=0 oled=3C
[   1203] STATUS mode=3 fault=none enc=136 denc=-1 sreq=-189 sapplied=-189 crate=-189 uimp=-142515 upos=0 uneg=265 ball=-52.67 vball=-0.33 aball=-0.6 bref=0.00 pid=-189.1 pref=88.1 ppos=107.0 apid=-0.0 integ=-1.8 vision=1 current=1 vframe=6032 vs=1 vage=25 vpage=25 vdt=34 vmax=568 vacc=6001 vrej=0 seq=0 elapsed=0 oled=3C
[   1219] STATUS mode=3 fault=none enc=128 denc=-1 sreq=-133 sapplied=-133 crate=-133 uimp=-149100 upos=0 uneg=305 ball=-52.68 vball=-0.34 aball=-2.0 bref=0.00 pid=-132.7 pref=87.1 ppos=100.4 apid=-0.0 integ=-2.6 vision=1 current=1 vframe=6033 vs=1 vage=32 vpage=32 vdt=33 vmax=568 vacc=6002 vrej=0 seq=0 elapsed=0 oled=3C
[   1250] STATUS mode=3 fault=none enc=126 denc=1 sreq=-104 sapplied=-104 crate=-104 uimp=-151525 upos=0 uneg=325 ball=-52.67 vball=-0.09 aball=-2.0 bref=0.00 pid=-104.4 pref=87.5 ppos=98.0 apid=-0.0 integ=-3.5 vision=1 current=1 vframe=6034 vs=1 vage=19 vpage=19 vdt=33 vmax=568 vacc=6003 vrej=0 seq=0 elapsed=0 oled=3C
[   1281] STATUS mode=3 fault=none enc=121 denc=-1 sreq=-73 sapplied=-73 crate=-73 uimp=-155100 upos=0 uneg=365 ball=-52.66 vball=-0.00 aball=-2.0 bref=0.00 pid=-73.3 pref=87.1 ppos=94.4 apd=-0.0 integ=-3.5 vision=1 current=1 vframe=6035 vs=1 vage=3 vpage=3 vdt=36 vmax=568 vacc=6004 vrej=0 seq=0 elapsed=0 oled=3C
[   1297] STATUS mode=3 fault=none enc=120 denc=1 sreq=-66 sapplied=-66 crate=-66 uimp=-156490 upos=0 uneg=385 ball=-52.66 vball=0.05 aball=0.6 bref=0.00 pid=-65.6 pref=86.5 ppos=93.0 apid=0.0 integ=-5.3 vision=1 current=1 vframe=6036 vs=1 vage=10 vpage=10 vdt=33 vmax=568 vacc=6005 vrej=0 seq=0 elapsed=0 oled=3C
[   1328] STATUS mode=3 fault=none enc=118 denc=0 sreq=-53 sapplied=-53 crate=-53 uimp=-157705 upos=0 uneg=405 ball=-52.66 vball=0.05 aball=0.6 bref=0.00 pid=-53.4 pref=86.5 ppos=91.8 apid=0.0 integ=-5.3 vision=1 current=1 vframe=6036 vs=1 vage=30 vpage=30 vdt=33 vmax=568 vacc=6005 vrej=0 seq=0 elapsed=0 oled=3C
[   1358] STATUS mode=3 fault=none enc=117 denc=0 sreq=-51 sapplied=-51 crate=-51 uimp=-158780 upos=0 uneg=425 ball=-52.65 vball=0.05 aball=0.6 bref=0.00 pid=-51.1 pref=85.6 ppos=90.7 apid=0.0 integ=-6.2 vision=1 current=1 vframe=6037 vs=1 vage=17 vpage=17 vdt=33 vmax=568 vacc=6006 vrej=0 seq=0 elapsed=0 oled=3C
[   1375] STATUS mode=3 fault=none enc=114 denc=-1 sreq=-49 sapplied=-49 crate=-49 uimp=-160750 upos=0 uneg=465 ball=-52.67 vball=-0.11 aball=0.6 bref=0.00 pid=-48.7 pref=83.9 ppos=88.8 apid=0.0 integ=-7.1 vision=1 current=1 vframe=6038 vs=1 vage=24 vpage=24 vdt=33 vmax=568 vacc=6007 vrej=0 seq=0 elapsed=0 oled=3C
[   1406] STATUS mode=3 fault=none enc=113 denc=-1 sreq=-53 sapplied=-53 crate=-53 uimp=-161720 upos=0 uneg=485 ball=-52.68 vball=-0.20 aball=-0.8 bref=0.00 pid=-52.7 pref=82.5 ppos=87.8 apid=-0.0 integ=-8.0 vision=1 current=1 vframe=6045 vs=1 vage=10 vpage=10 vdt=34 vmax=568 vacc=6014 vrej=0 seq=0 elapsed=0 oled=3C
[   1438] STATUS mode=3 fault=none enc=111 denc=-1 sreq=-43 sapplied=-43 crate=-43 uimp=-162700 upos=0 uneg=505 ball=-52.68 vball=-0.20 aball=-0.8 bref=0.00 pid=-42.9 pref=82.5 ppos=86.8 apid=-0.0 integ=-8.0 vision=1 current=1 vframe=6045 vs=1 vage=30 vpage=30 vdt=34 vmax=568 vacc=6014 vrej=0 seq=0 elapsed=0 oled=3C
[   1469] STATUS mode=3 fault=none enc=110 denc=0 sreq=24 sapplied=24 crate=24 uimp=-162415 upos=25 uneg=515 ball=-52.39 vball=2.13 aball=-0.8 bref=0.00 pid=24.1 pref=89.5 ppos=87.1 apid=-0.0 integ=-8.8 vision=1 current=1 vframe=6047 vs=1 vage=4 vpage=4 vdt=33 vmax=568 vacc=6016 vrej=0 seq=0 elapsed=0 oled=3C
[   1483] STATUS mode=3 fault=none enc=112 denc=1 sreq=52 sapplied=52 crate=52 uimp=-161425 upos=45 uneg=515 ball=-52.39 vball=2.13 aball=-0.8 bref=0.00 pid=52.2 pref=93.3 ppos=88.1 apid=-0.0 integ=-9.7 vision=1 current=1 vframe=6047 vs=1 vage=24 vpage=24 vdt=33 vmax=568 vacc=6016 vrej=0 seq=0 elapsed=0 oled=3C
[   1516] STATUS mode=3 fault=none enc=113 denc=0 sreq=21 sapplied=21 crate=21 uimp=-160570 upos=65 uneg=515 ball=-52.35 vball=1.83 aball=8.7 bref=0.00 pid=21.0 pref=91.0 ppos=88.9 apid=0.0 integ=-10.6 vision=1 current=1 vframe=6048 vs=1 vage=10 vpage=10 vdt=34 vmax=568 vacc=6017 vrej=0 seq=0 elapsed=0 oled=3C
[   1547] STATUS mode=3 fault=none enc=114 denc=0 sreq=0 sapplied=0 crate=0 uimp=-160365 upos=75 uneg=515 ball=-52.34 vball=1.43 aball=8.7 bref=0.00 pid=0.0 pref=88.2 ppos=89.1 apid=0.0 integ=-11.4 vision=1 current=1 vframe=6049 vs=1 vage=17 vpage=17 vdt=33 vmax=568 vacc=6018 vrej=0 seq=0 elapsed=0 oled=3C
[   1563] STATUS mode=3 fault=none enc=114 denc=0 sreq=0 sapplied=0 crate=0 uimp=-160365 upos=75 uneg=515 ball=-52.25 vball=1.78 aball=8.7 bref=0.00 pid=0.0 pref=88.2 ppos=89.1 apid=0.0 integ=-11.4 vision=1 current=1 vframe=6050 vs=1 vage=4 vpage=4 vdt=33 vmax=568 vacc=6019 vrej=0 seq=0 elapsed=0 oled=3C
[   1594] STATUS mode=3 fault=none enc=114 denc=0 sreq=0 sapplied=0 crate=0 uimp=-160365 upos=75 uneg=515 ball=-52.25 vball=1.78 aball=8.7 bref=0.00 pid=0.0 pref=89.4 ppos=89.1 apid=0.0 integ=-12.3 vision=1 current=1 vframe=6050 vs=1 vage=24 vpage=24 vdt=33 vmax=568 vacc=6019 vrej=0 seq=0 elapsed=0 oled=3C
[   1625] STATUS mode=3 fault=none enc=114 denc=0 sreq=0 sapplied=0 crate=-10 uimp=-160365 upos=75 uneg=515 ball=-52.20 vball=1.68 aball=4.1 bref=0.00 pid=-10.5 pref=88.1 ppos=89.1 apid=0.0 integ=-13.2 vision=1 current=1 vframe=6051 vs=1 vage=29 vpage=29 vdt=35 vmax=568 vacc=6020 vrej=0 seq=0 elapsed=0 oled=3C
[   1641] STATUS mode=3 fault=none enc=114 denc=0 sreq=-36 sapplied=-36 crate=-36 uimp=-160555 upos=75 uneg=520 ball=-52.19 vball=1.30 aball=4.1 bref=0.00 pid=-35.6 pref=85.4 ppos=89.0 apid=0.0 integ=-14.0 vision=1 current=1 vframe=6052 vs=1 vage=17 vpage=17 vdt=32 vmax=568 vacc=6021 vrej=0 seq=0 elapsed=0 oled=3C
[   1672] STATUS mode=3 fault=none enc=114 denc=0 sreq=-29 sapplied=-29 crate=-29 uimp=-161220 upos=75 uneg=540 ball=-52.19 vball=0.91 aball=4.1 bref=0.00 pid=-29.0 pref=85.4 ppos=88.3 apid=0.0 integ=-14.0 vision=1 current=1 vframe=6053 vs=1 vage=4 vpage=4 vdt=33 vmax=568 vacc=6022 vrej=0 seq=0 elapsed=0 oled=3C
[   1703] STATUS mode=3 fault=none enc=112 denc=0 sreq=-62 sapplied=-62 crate=-62 uimp=-163165 upos=75 uneg=580 ball=-52.19 vball=0.60 aball=-2.7 bref=0.00 pid=-61.8 pref=80.2 ppos=86.3 apid=-0.0 integ=-15.8 vision=1 current=1 vframe=6054 vs=1 vage=11 vpage=11 vdt=33 vmax=568 vacc=6023 vrej=0 seq=0 elapsed=0 oled=3C
[   1719] STATUS mode=3 fault=none enc=111 denc=1 sreq=-50 sapplied=-50 crate=-50 uimp=-164315 upos=75 uneg=600 ball=-52.19 vball=0.60 aball=-2.7 bref=0.00 pid=-50.3 pref=80.2 ppos=85.2 apid=-0.0 integ=-15.8 vision=1 current=1 vframe=6054 vs=1 vage=31 vpage=31 vdt=33 vmax=568 vacc=6023 vrej=0 seq=0 elapsed=0 oled=3C
[   1750] STATUS mode=3 fault=none enc=109 denc=0 sreq=-59 sapplied=-59 crate=-59 uimp=-165440 upos=75 uneg=620 ball=-52.19 vball=0.38 aball=-2.7 bref=0.00 pid=-58.9 pref=78.2 ppos=84.1 apid=-0.0 integ=-16.7 vision=1 current=1 vframe=6055 vs=1 vage=17 vpage=17 vdt=34 vmax=568 vacc=6024 vrej=0 seq=0 elapsed=0 oled=3C
[   1781] STATUS mode=3 fault=none enc=105 denc=-1 sreq=-53 sapplied=-53 crate=-53 uimp=-167645 upos=75 uneg=660 ball=-52.20 vball=0.24 aball=-2.7 bref=0.00 pid=-52.7 pref=76.6 ppos=81.9 apid=-0.0 integ=-17.5 vision=1 current=1 vframe=6056 vs=1 vage=24 vpage=24 vdt=33 vmax=568 vacc=6025 vrej=0 seq=0 elapsed=0 oled=3C
[   1813] STATUS mode=3 fault=none enc=103 denc=-2 sreq=-56 sapplied=-56 crate=-56 uimp=-168695 upos=75 uneg=680 ball=-52.20 vball=0.15 aball=-3.5 bref=0.00 pid=-55.6 pref=75.3 ppos=80.8 apid=-0.0 integ=-18.4 vision=1 current=1 vframe=6057 vs=1 vage=10 vpage=10 vdt=34 vmax=568 vacc=6026 vrej=0 seq=0 elapsed=0 oled=3C
[   1828] STATUS mode=3 fault=none enc=102 denc=-2 sreq=-45 sapplied=-45 crate=-45 uimp=-169730 upos=75 uneg=700 ball=-52.20 vball=0.15 aball=-3.5 bref=0.00 pid=-45.3 pref=75.3 ppos=79.8 apid=-0.0 integ=-18.4 vision=1 current=1 vframe=6057 vs=1 vage=30 vpage=30 vdt=34 vmax=568 vacc=6026 vrej=0 seq=0 elapsed=0 oled=3C
[   1858] STATUS mode=3 fault=none enc=100 denc=-2 sreq=-41 sapplied=-41 crate=-41 uimp=-171645 upos=75 uneg=740 ball=-52.21 vball=-0.00 aball=-3.5 bref=0.00 pid=-41.0 pref=73.8 ppos=77.9 apid=-0.0 integ=-19.3 vision=1 current=1 vframe=6059 vs=1 vage=4 vpage=4 vdt=33 vmax=568 vacc=6028 vrej=0 seq=0 elapsed=0 oled=3C
[   1891] STATUS mode=3 fault=none enc=100 denc=0 sreq=-42 sapplied=-42 crate=-42 uimp=-172550 upos=75 uneg=760 ball=-52.21 vball=-0.00 aball=-3.5 bref=0.00 pid=-42.1 pref=72.8 ppos=77.0 apid=-0.0 integ=-20.1 vision=1 current=1 vframe=6059 vs=1 vage=24 vpage=24 vdt=33 vmax=568 vacc=6028 vrej=0 seq=0 elapsed=0 oled=3C
[   1906] STATUS mode=3 fault=none enc=99 denc=0 sreq=-43 sapplied=-43 crate=-43 uimp=-173375 upos=75 uneg=780 ball=-52.21 vball=-0.01 aball=-2.6 bref=0.00 pid=-43.2 pref=71.8 ppos=76.1 apid=-0.0 integ=-21.0 vision=1 current=1 vframe=6060 vs=1 vage=10 vpage=10 vdt=34 vmax=568 vacc=6029 vrej=0 seq=0 elapsed=0 oled=3C
[   1938] STATUS mode=3 fault=none enc=97 denc=1 sreq=-37 sapplied=-37 crate=-37 uimp=-174905 upos=75 uneg=820 ball=-52.21 vball=-0.01 aball=-2.6 bref=0.00 pid=-36.5 pref=71.0 ppos=74.6 apid=-0.0 integ=-21.9 vision=1 current=1 vframe=6061 vs=1 vage=17 vpage=17 vdt=33 vmax=568 vacc=6030 vrej=0 seq=0 elapsed=0 oled=3C
[   1969] STATUS mode=3 fault=none enc=96 denc=-1 sreq=-30 sapplied=-30 crate=-30 uimp=-175585 upos=75 uneg=840 ball=-52.19 vball=0.15 aball=-2.6 bref=0.00 pid=-29.7 pref=71.0 ppos=73.9 apid=-0.0 integ=-21.9 vision=1 current=1 vframe=6062 vs=1 vage=3 vpage=3 vdt=34 vmax=568 vacc=6031 vrej=0 seq=0 elapsed=0 oled=3C
[   2000] STATUS mode=3 fault=none enc=95 denc=0 sreq=-24 sapplied=-24 crate=-24 uimp=-176145 upos=75 uneg=860 ball=-52.19 vball=0.15 aball=-2.6 bref=0.00 pid=-24.4 pref=70.9 ppos=73.4 apid=-0.0 integ=-22.8 vision=1 current=1 vframe=6062 vs=1 vage=23 vpage=23 vdt=34 vmax=568 vacc=6031 vrej=0 seq=0 elapsed=0 oled=3C
[   2016] STATUS mode=3 fault=none enc=94 denc=0 sreq=-22 sapplied=-22 crate=-22 uimp=-177150 upos=75 uneg=900 ball=-52.19 vball=0.16 aball=-0.7 bref=0.00 pid=-22.5 pref=70.1 ppos=72.4 apid=-0.0 integ=-23.6 vision=1 current=1 vframe=6063 vs=1 vage=30 vpage=30 vdt=33 vmax=568 vacc=6032 vrej=0 seq=0 elapsed=0 oled=3C
[   2047] STATUS mode=3 fault=none enc=94 denc=1 sreq=-28 sapplied=-28 crate=-28 uimp=-177670 upos=75 uneg=920 ball=-52.19 vball=0.12 aball=-0.7 bref=0.00 pid=-28.1 pref=69.0 ppos=71.8 apid=-0.0 integ=-24.5 vision=1 current=1 vframe=6064 vs=1 vage=16 vpage=16 vdt=34 vmax=568 vacc=6033 vrej=0 seq=0 elapsed=0 oled=3C
[   2078] STATUS mode=3 fault=none enc=93 denc=0 sreq=-23 sapplied=-23 crate=-23 uimp=-178190 upos=75 uneg=940 ball=-52.17 vball=0.21 aball=-0.7 bref=0.00 pid=-22.9 pref=69.0 ppos=71.3 apid=-0.0 integ=-24.5 vision=1 current=1 vframe=6065 vs=1 vage=3 vpage=3 vdt=33 vmax=568 vacc=6034 vrej=0 seq=0 elapsed=0 oled=3C
[   2094] STATUS mode=3 fault=none enc=92 denc=0 sreq=-24 sapplied=-24 crate=-24 uimp=-179105 upos=75 uneg=980 ball=-52.16 vball=0.24 aball=-0.0 bref=0.00 pid=-24.1 pref=68.0 ppos=70.4 apid=-0.0 integ=-26.2 vision=1 current=1 vframe=6066 vs=1 vage=10 vpage=10 vdt=33 vmax=568 vacc=6035 vrej=0 seq=0 elapsed=0 oled=3C
[   2125] STATUS mode=3 fault=none enc=92 denc=0 sreq=-20 sapplied=-20 crate=-20 uimp=-179555 upos=75 uneg=1000 ball=-52.16 vball=0.24 aball=-0.0 bref=0.00 pid=-19.6 pref=68.0 ppos=70.0 apid=-0.0 integ=-26.2 vision=1 current=1 vframe=6066 vs=1 vage=30 vpage=30 vdt=33 vmax=568 vacc=6035 vrej=0 seq=0 elapsed=0 oled=3C
[   2156] STATUS mode=3 fault=none enc=91 denc=0 sreq=-33 sapplied=-33 crate=-33 uimp=-180015 upos=75 uneg=1015 ball=-52.17 vball=0.06 aball=-0.0 bref=0.00 pid=-32.9 pref=66.2 ppos=69.5 apid=-0.0 integ=-27.1 vision=1 current=1 vframe=6067 vs=1 vage=17 vpage=17 vdt=33 vmax=568 vacc=6036 vrej=0 seq=0 elapsed=0 oled=3C
[   2188] STATUS mode=3 fault=none enc=90 denc=0 sreq=-35 sapplied=-35 crate=-35 uimp=-181345 upos=75 uneg=1055 ball=-52.19 vball=-0.06 aball=-0.0 bref=0.00 pid=-35.1 pref=64.7 ppos=68.2 apid=-0.0 integ=-28.0 vision=1 current=1 vframe=6068 vs=1 vage=23 vpage=23 vdt=34 vmax=568 vacc=6037 vrej=0 seq=0 elapsed=0 oled=3C
[   2203] STATUS mode=3 fault=none enc=88 denc=-2 sreq=-37 sapplied=-37 crate=-37 uimp=-182040 upos=75 uneg=1075 ball=-52.19 vball=-0.07 aball=-1.4 bref=0.00 pid=-37.2 pref=63.7 ppos=67.5 apid=-0.0 integ=-28.8 vision=1 current=1 vframe=6069 vs=1 vage=10 vpage=10 vdt=33 vmax=568 vacc=6038 vrej=0 seq=0 elapsed=0 oled=3C
[   2233] STATUS mode=3 fault=none enc=89 denc=1 sreq=-30 sapplied=-30 crate=-30 uimp=-182730 upos=75 uneg=1095 ball=-52.19 vball=-0.07 aball=-1.4 bref=0.00 pid=-30.3 pref=63.7 ppos=66.8 apid=-0.0 integ=-28.8 vision=1 current=1 vframe=6069 vs=1 vage=30 vpage=30 vdt=33 vmax=568 vacc=6038 vrej=0 seq=0 elapsed=0 oled=3C
[   2266] STATUS mode=3 fault=none enc=87 denc=0 sreq=-20 sapplied=-20 crate=-20 uimp=-183750 upos=75 uneg=1135 ball=-52.15 vball=0.24 aball=-1.4 bref=0.00 pid=-20.2 pref=63.7 ppos=65.8 apid=-0.0 integ=-29.7 vision=1 current=1 vframe=6071 vs=1 vage=3 vpage=3 vdt=34 vmax=568 vacc=6040 vrej=0 seq=0 elapsed=0 oled=3C
[   2297] STATUS mode=3 fault=none enc=86 denc=0 sreq=0 sapplied=0 crate=-19 uimp=-183950 upos=75 uneg=1145 ball=-52.15 vball=0.24 aball=-1.4 bref=0.00 pid=-18.9 pref=63.7 ppos=65.6 apid=-0.0 integ=-30.6 vision=1 current=1 vframe=6071 vs=1 vage=23 vpage=23 vdt=34 vmax=568 vacc=6040 vrej=0 seq=0 elapsed=0 oled=3C
[   2313] STATUS mode=3 fault=none enc=86 denc=0 sreq=-24 sapplied=-24 crate=-24 uimp=-184075 upos=75 uneg=1150 ball=-52.14 vball=0.28 aball=0.8 bref=0.00 pid=-24.0 pref=63.0 ppos=65.4 apid=0.0 integ=-31.5 vision=1 current=1 vframe=6072 vs=1 vage=10 vpage=10 vdt=33 vmax=568 vacc=6041 vrej=0 seq=0 elapsed=0 oled=3C
[   2344] STATUS mode=3 fault=none enc=84 denc=-1 sreq=54 sapplied=54 crate=54 uimp=-184240 upos=80 uneg=1170 ball=-51.96 vball=1.87 aball=0.8 bref=0.00 pid=54.0 pref=70.7 ppos=65.3 apid=0.0 integ=-32.3 vision=1 current=1 vframe=6073 vs=1 vage=17 vpage=17 vdt=33 vmax=568 vacc=6042 vrej=0 seq=0 elapsed=0 oled=3C
[   2375] STATUS mode=3 fault=none enc=86 denc=1 sreq=44 sapplied=44 crate=44 uimp=-183240 upos=100 uneg=1170 ball=-51.80 vball=2.70 aball=0.8 bref=0.00 pid=44.0 pref=70.7 ppos=66.3 apid=0.0 integ=-32.3 vision=1 current=1 vframe=6074 vs=1 vage=3 vpage=3 vdt=34 vmax=568 vacc=6043 vrej=0 seq=0 elapsed=0 oled=3C
[   2391] STATUS mode=3 fault=none enc=87 denc=0 sreq=68 sapplied=68 crate=68 uimp=-181890 upos=120 uneg=1170 ball=-51.80 vball=2.70 aball=0.8 bref=0.00 pid=68.0 pref=74.4 ppos=67.6 apid=0.0 integ=-33.2 vision=1 current=1 vframe=6074 vs=1 vage=23 vpage=23 vdt=34 vmax=568 vacc=6043 vrej=0 seq=0 elapsed=0 oled=3C
[   2422] STATUS mode=3 fault=none enc=89 denc=0 sreq=41 sapplied=41 crate=41 uimp=-179735 upos=160 uneg=1170 ball=-51.71 vball=2.70 aball=11.3 bref=0.00 pid=40.6 pref=73.8 ppos=69.8 apid=0.0 integ=-34.0 vision=1 current=1 vframe=6075 vs=1 vage=30 vpage=30 vdt=33 vmax=568 vacc=6044 vrej=0 seq=0 elapsed=0 oled=3C
[   2453] STATUS mode=3 fault=none enc=90 denc=-1 sreq=0 sapplied=0 crate=0 uimp=-179335 upos=170 uneg=1170 ball=-51.70 vball=2.06 aball=11.3 bref=0.00 pid=0.0 pref=69.8 ppos=70.2 apid=0.0 integ=-34.9 vision=1 current=1 vframe=6076 vs=1 vage=17 vpage=17 vdt=33 vmax=568 vacc=6045 vrej=0 seq=0 elapsed=0 oled=3C
[   2469] STATUS mode=3 fault=none enc=90 denc=0 sreq=0 sapplied=0 crate=0 uimp=-179335 upos=170 uneg=1170 ball=-51.70 vball=1.42 aball=11.3 bref=0.00 pid=0.0 pref=69.8 ppos=70.2 apid=0.0 integ=-34.9 vision=1 current=1 vframe=6077 vs=1 vage=3 vpage=3 vdt=34 vmax=568 vacc=6046 vrej=0 seq=0 elapsed=0 oled=3C
[   2500] STATUS mode=3 fault=none enc=89 denc=-1 sreq=-90 sapplied=-90 crate=-90 uimp=-180805 upos=170 uneg=1200 ball=-51.76 vball=0.43 aball=-4.0 bref=0.00 pid=-89.5 pref=59.8 ppos=68.7 apid=-0.0 integ=-36.6 vision=1 current=1 vframe=6078 vs=1 vage=10 vpage=10 vdt=33 vmax=568 vacc=6047 vrej=0 seq=0 elapsed=0 oled=3C
[   2531] STATUS mode=3 fault=none enc=88 denc=-1 sreq=-73 sapplied=-73 crate=-73 uimp=-182470 upos=170 uneg=1220 ball=-51.76 vball=0.43 aball=-4.0 bref=0.00 pid=-72.9 pref=59.8 ppos=67.0 apid=-0.0 integ=-36.6 vision=1 current=1 vframe=6078 vs=1 vage=30 vpage=30 vdt=33 vmax=568 vacc=6047 vrej=0 seq=0 elapsed=0 oled=3C
[   2547] STATUS mode=3 fault=none enc=86 denc=1 sreq=-83 sapplied=-83 crate=-83 uimp=-184080 upos=170 uneg=1240 ball=-51.79 vball=0.09 aball=-4.0 bref=0.00 pid=-83.2 pref=57.1 ppos=65.4 apid=-0.0 integ=-37.5 vision=1 current=1 vframe=6079 vs=1 vage=17 vpage=17 vdt=33 vmax=568 vacc=6048 vrej=0 seq=0 elapsed=0 oled=3C
[   2578] STATUS mode=3 fault=none enc=82 denc=-1 sreq=-72 sapplied=-72 crate=-72 uimp=-187160 upos=170 uneg=1280 ball=-51.81 vball=-0.12 aball=-4.0 bref=0.00 pid=-72.1 pref=55.1 ppos=62.3 apid=-0.0 integ=-38.3 vision=1 current=1 vframe=6080 vs=1 vage=24 vpage=24 vdt=33 vmax=568 vacc=6049 vrej=0 seq=0 elapsed=0 oled=3C
[   2608] STATUS mode=3 fault=none enc=79 denc=-2 sreq=-71 sapplied=-71 crate=-71 uimp=-188560 upos=170 uneg=1300 ball=-51.82 vball=-0.20 aball=-5.1 bref=0.00 pid=-70.9 pref=53.9 ppos=60.9 apid=-0.0 integ=-39.2 vision=1 current=1 vframe=6081 vs=1 vage=11 vpage=11 vdt=33 vmax=568 vacc=6050 vrej=0 seq=0 elapsed=0 oled=3C
[   2641] STATUS mode=3 fault=none enc=78 denc=0 sreq=-58 sapplied=-58 crate=-58 uimp=-189875 upos=170 uneg=1320 ball=-51.82 vball=-0.20 aball=-5.1 bref=0.00 pid=-57.8 pref=53.9 ppos=59.6 apid=-0.0 integ=-39.2 vision=1 current=1 vframe=6081 vs=1 vage=31 vpage=31 vdt=33 vmax=568 vacc=6050 vrej=0 seq=0 elapsed=0 oled=3C
[   2656] STATUS mode=3 fault=none enc=75 denc=-1 sreq=-44 sapplied=-44 crate=-44 uimp=-191800 upos=170 uneg=1360 ball=-51.80 vball=0.02 aball=-5.1 bref=0.00 pid=-44.0 pref=53.3 ppos=57.7 apid=-0.0 integ=-40.9 vision=1 current=1 vframe=6083 vs=1 vage=5 vpage=5 vdt=33 vmax=568 vacc=6052 vrej=0 seq=0 elapsed=0 oled=3C
[   2688] STATUS mode=3 fault=none enc=75 denc=-1 sreq=-36 sapplied=-36 crate=-36 uimp=-192620 upos=170 uneg=1380 ball=-51.80 vball=0.02 aball=-5.1 bref=0.00 pid=-35.8 pref=53.3 ppos=56.9 apid=-0.0 integ=-40.9 vision=1 current=1 vframe=6083 vs=1 vage=25 vpage=25 vdt=33 vmax=568 vacc=6052 vrej=0 seq=0 elapsed=0 oled=3C
[   2719] STATUS mode=3 fault=none enc=73 denc=-2 sreq=70 sapplied=70 crate=70 uimp=-193130 upos=170 uneg=1395 ball=-51.57 vball=2.08 aball=7.5 bref=0.00 pid=70.4 pref=63.4 ppos=56.4 apid=0.0 integ=-41.8 vision=1 current=1 vframe=6084 vs=1 vage=11 vpage=11 vdt=34 vmax=568 vacc=6053 vrej=0 seq=0 elapsed=0 oled=3C
[   2750] STATUS mode=3 fault=none enc=75 denc=-1 sreq=-30 sapplied=-30 crate=-30 uimp=-191425 upos=200 uneg=1400 ball=-51.64 vball=0.62 aball=7.5 bref=0.00 pid=-30.3 pref=55.1 ppos=58.1 apid=0.0 integ=-42.6 vision=1 current=1 vframe=6085 vs=1 vage=18 vpage=18 vdt=33 vmax=568 vacc=6054 vrej=0 seq=0 elapsed=0 oled=3C
[   2766] STATUS mode=3 fault=none enc=75 denc=0 sreq=-101 sapplied=-101 crate=-101 uimp=-191985 upos=200 uneg=1420 ball=-51.78 vball=-0.66 aball=7.5 bref=0.00 pid=-101.4 pref=47.4 ppos=57.5 apid=0.0 integ=-43.5 vision=1 current=1 vframe=6086 vs=1 vage=5 vpage=5 vdt=33 vmax=568 vacc=6055 vrej=0 seq=0 elapsed=0 oled=3C
[   2797] STATUS mode=3 fault=none enc=71 denc=-2 sreq=-90 sapplied=-90 crate=-90 uimp=-195520 upos=200 uneg=1460 ball=51.78 vball=-0.66 aball=7.5 bref=0.00 pid=-82.6 pref=47.4 ppos=55.6 apid=0.0 integ=-43.5 vision=1 current=1 vframe=6086 vs=1 vage=25 vpage=25 vdt=33 vmax=568 vacc=6055 vrej=0 seq=0 elapsed=0 oled=3C
[   2828] STATUS mode=3 fault=none enc=70 denc=-1 sreq=-73 sapplied=-73 crate=-73 uimp=-197185 upos=200 uneg=1480 ball=-51.83 vball=-0.94 aball=-9.8 bref=0.00 pid=-73.2 pref=45.0 ppos=52.3 apid=-0.0 integ=-44.3 vision=1 current=1 vframe=6087 vs=1 vage=33 vpage=33 vdt=32 vmax=568 vacc=6056 vrej=0 seq=0 elapsed=0 oled=3C
[   2844] STATUS mode=3 fault=none enc=68 denc=-1 sreq=-61 sapplied=-61 crate=-61 uimp=-198555 upos=200 uneg=1500 ball=-51.84 vball=-0.78 aball=-9.8 bref=0.00 pid=-60.6 pref=44.9 ppos=51.0 apid=-0.0 integ=-45.2 vision=1 current=1 vframe=6088 vs=1 vage=19 vpage=19 vdt=34 vmax=568 vacc=6057 vrej=0 seq=0 elapsed=0 oled=3C
[   2875] STATUS mode=3 fault=none enc=66 denc=-1 sreq=-38 sapplied=-38 crate=-38 uimp=-200555 upos=200 uneg=1540 ball=-51.84 vball=-0.56 aball=-9.8 bref=0.00 pid=-38.2 pref=45.1 ppos=49.0 apid=-0.0 integ=-46.1 vision=1 current=1 vframe=6089 vs=1 vage=26 vpage=26 vdt=33 vmax=568 vacc=6058 vrej=0 seq=0 elapsed=0 oled=3C
[   2906] STATUS mode=3 fault=none enc=65 denc=0 sreq=-30 sapplied=-30 crate=-30 uimp=-201255 upos=200 uneg=1560 ball=-51.84 vball=-0.37 aball=-2.8 bref=0.00 pid=-30.2 pref=45.2 ppos=48.3 apid=-0.0 integ=-46.9 vision=1 current=1 vframe=6090 vs=1 vage=13 vpage=13 vdt=33 vmax=568 vacc=6059 vrej=0 seq=0 elapsed=0 oled=3C
[   2938] STATUS mode=3 fault=none enc=64 denc=-2 sreq=-25 sapplied=-25 crate=-25 uimp=-201815 upos=200 uneg=1580 ball=-51.84 vball=-0.37 aball=-2.8 bref=0.00 pid=-24.6 pref=45.2 ppos=47.7 apid=-0.0 integ=-46.9 vision=1 current=1 vframe=6090 vs=1 vage=33 vpage=33 vdt=33 vmax=568 vacc=6059 vrej=0 seq=0 elapsed=0 oled=3C
[   2953] STATUS mode=3 fault=none enc=65 denc=0 sreq=0 sapplied=0 crate=-19 uimp=-202055 upos=200 uneg=1590 ball=-51.81 vball=0.02 aball=-2.8 bref=0.00 pid=-18.9 pref=45.6 ppos=47.5 apid=-0.0 integ=-48.6 vision=1 current=1 vframe=6092 vs=1 vage=7 vpage=7 vdt=32 vmax=568 vacc=6061 vrej=0 seq=0 elapsed=0 oled=3C
[   2983] STATUS mode=3 fault=none enc=65 denc=0 sreq=0 sapplied=0 crate=-19 uimp=-202055 upos=200 uneg=1590 ball=-51.81 vball=0.02 aball=-2.8 bref=0.00 pid=-18.9 pref=45.6 ppos=47.5 apid=-0.0 integ=-48.6 vision=1 current=1 vframe=6092 vs=1 vage=27 vpage=27 vdt=32 vmax=568 vacc=6061 vrej=0 seq=0 elapsed=0 oled=3C
[   3016] STATUS mode=3 fault=none enc=65 denc=0 sreq=-25 sapplied=-25 crate=-25 uimp=-202185 upos=200 uneg=1595 ball=-51.81 vball=0.05 aball=0.4 bref=0.00 pid=-24.9 pref=44.8 ppos=47.3 apid=0.0 integ=-49.5 vision=1 current=1 vframe=6093 vs=1 vage=13 vpage=13 vdt=34 vmax=568 vacc=6062 vrej=0 seq=0 elapsed=0 oled=3C
[   3031] STATUS mode=3 fault=none enc=63 denc=0 sreq=-26 sapplied=-26 crate=-26 uimp=-203025 upos=200 uneg=1630 ball=-51.81 vball=0.04 aball=0.4 bref=0.00 pid=-26.1 pref=43.9 ppos=46.5 apid=0.0 integ=-50.4 vision=1 current=1 vframe=6100 vs=1 vage=18 vpage=18 vdt=35 vmax=568 vacc=6069 vrej=0 seq=0 elapsed=0 oled=3C
[   3063] STATUS mode=3 fault=none enc=63 denc=0 sreq=-30 sapplied=-30 crate=-30 uimp=-203510 upos=200 uneg=1650 ball=-51.81 vball=0.03 aball=0.4 bref=0.00 pid=-30.3 pref=43.0 ppos=46.0 apid=0.0 integ=-51.3 vision=1 current=1 vframe=6101 vs=1 vage=5 vpage=5 vdt=33 vmax=568 vacc=6070 vrej=0 seq=0 elapsed=0 oled=3C
[   3094] STATUS mode=3 fault=none enc=62 denc=0 sreq=-25 sapplied=-25 crate=-25 uimp=-204070 upos=200 uneg=1670 ball=-51.81 vball=0.03 aball=0.4 bref=0.00 pid=-24.7 pref=43.0 ppos=45.4 apid=0.0 integ=-51.3 vision=1 current=1 vframe=6101 vs=1 vage=25 vpage=25 vdt=33 vmax=568 vacc=6070 vrej=0 seq=0 elapsed=0 oled=3C
[   3125] STATUS mode=3 fault=none enc=61 denc=0 sreq=-35 sapplied=-35 crate=-35 uimp=-205435 upos=200 uneg=1710 ball=-51.84 vball=-0.26 aball=-1.2 bref=0.00 pid=-34.7 pref=40.6 ppos=44.1 apid=-0.0 integ=-52.1 vision=1 current=1 vframe=6102 vs=1 vage=33 vpage=33 vdt=32 vmax=568 vacc=6071 vrej=0 seq=0 elapsed=0 oled=3C
[   3141] STATUS mode=3 fault=none enc=60 denc=0 sreq=-45 sapplied=-45 crate=-45 uimp=-206260 upos=200 uneg=1730 ball=-51.87 vball=-0.43 aball=-1.2 bref=0.00 pid=-44.7 pref=38.8 ppos=43.2 apid=-0.0 integ=-53.0 vision=1 current=1 vframe=6103 vs=1 vage=19 vpage=19 vdt=34 vmax=568 vacc=6072 vrej=0 seq=0 elapsed=0 oled=3C
[   3172] STATUS mode=3 fault=none enc=58 denc=0 sreq=0 sapplied=0 crate=-17 uimp=-207085 upos=200 uneg=1750 ball=-51.82 vball=0.11 aball=-1.2 bref=0.00 pid=-16.5 pref=40.8 ppos=42.4 apid=-0.0 integ=-53.8 vision=1 current=1 vframe=6104 vs=1 vage=6 vpage=6 vdt=33 vmax=568 vacc=6073 vrej=0 seq=0 elapsed=0 oled=3C
[   3203] STATUS mode=3 fault=none enc=57 denc=0 sreq=-21 sapplied=-21 crate=-21 uimp=-207195 upos=200 uneg=1755 ball=-51.81 vball=0.17 aball=1.3 bref=0.00 pid=-20.7 pref=40.2 ppos=42.3 apid=0.0 integ=-54.7 vision=1 current=1 vframe=6105 vs=1 vage=13 vpage=13 vdt=33 vmax=568 vacc=6074 vrej=0 seq=0 elapsed=0 oled=3C
[   3219] STATUS mode=3 fault=none enc=57 denc=0 sreq=0 sapplied=0 crate=-19 uimp=-207400 upos=200 uneg=1765 ball=-51.81 vball=0.17 aball=1.3 bref=0.00 pid=-18.6 pref=40.2 ppos=42.1 apid=0.0 integ=-54.7 vision=1 current=1 vframe=6105 vs=1 vage=33 vpage=33 vdt=33 vmax=568 vacc=6074 vrej=0 seq=0 elapsed=0 oled=3C
[   3250] STATUS mode=3 fault=none enc=57 denc=0 sreq=-27 sapplied=-27 crate=-27 uimp=-207690 upos=200 uneg=1775 ball=-51.81 vball=0.12 aball=1.3 bref=0.00 pid=-27.0 pref=39.1 ppos=41.8 apid=0.0 integ=-55.6 vision=1 current=1 vframe=6106 vs=1 vage=19 vpage=19 vdt=34 vmax=568 vacc=6075 vrej=0 seq=0 elapsed=0 oled=3C
[   3281] STATUS mode=3 fault=none enc=56 denc=0 sreq=-24 sapplied=-24 crate=-24 uimp=-208745 upos=200 uneg=1815 ball=-51.80 vball=0.13 aball=1.3 bref=0.00 pid=-24.2 pref=38.3 ppos=40.8 apid=0.0 integ=-56.4 vision=1 current=1 vframe=6114 vs=1 vage=26 vpage=26 vdt=33 vmax=568 vacc=6083 vrej=0 seq=0 elapsed=0 oled=3C
[   3313] STATUS mode=3 fault=none enc=55 denc=-1 sreq=-28 sapplied=-28 crate=-28 uimp=-209240 upos=200 uneg=1835 ball=-51.80 vball=0.13 aball=0.5 bref=0.00 pid=-28.1 pref=37.5 ppos=40.3 apid=0.0 integ=-57.3 vision=1 current=1 vframe=6115 vs=1 vage=12 vpage=12 vdt=34 vmax=568 vacc=6084 vrej=0 seq=0 elapsed=0 oled=3C
[   3328] STATUS mode=3 fault=none enc=55 denc=0 sreq=-23 sapplied=-23 crate=-23 uimp=-209760 upos=200 uneg=1855 ball=-51.80 vball=0.13 aball=0.5 bref=0.00 pid=-22.9 pref=37.5 ppos=39.7 apid=0.0 integ=-57.3 vision=1 current=1 vframe=6115 vs=1 vage=32 vpage=32 vdt=34 vmax=568 vacc=6084 vrej=0 seq=0 elapsed=0 oled=3C
[   3358] STATUS mode=3 fault=none enc=54 denc=0 sreq=-32 sapplied=-32 crate=-32 uimp=-210825 upos=200 uneg=1895 ball=-51.80 vball=0.07 aball=0.5 bref=0.00 pid=-32.3 pref=35.5 ppos=38.7 apid=0.0 integ=-59.0 vision=1 current=1 vframe=6117 vs=1 vage=6 vpage=6 vdt=34 vmax=568 vacc=6086 vrej=0 seq=0 elapsed=0 oled=3C
[   3391] STATUS mode=3 fault=none enc=52 denc=-1 sreq=-26 sapplied=-26 crate=-26 uimp=-211425 upos=200 uneg=1915 ball=-51.80 vball=0.07 aball=0.5 bref=0.00 pid=-26.3 pref=35.5 ppos=38.1 apid=0.0 integ=-59.0 vision=1 current=1 vframe=6117 vs=1 vage=26 vpage=26 vdt=34 vmax=568 vacc=6086 vrej=0 seq=0 elapsed=0 oled=3C
[   3406] STATUS mode=3 fault=none enc=52 denc=-1 sreq=-31 sapplied=-31 crate=-31 uimp=-211965 upos=200 uneg=1935 ball=-51.80 vball=0.04 aball=-0.1 bref=0.00 pid=-31.0 pref=34.4 ppos=37.5 apid=-0.0 integ=-59.9 vision=1 current=1 vframe=6118 vs=1 vage=13 vpage=13 vdt=33 vmax=568 vacc=6087 vrej=0 seq=0 elapsed=0 oled=3C
[   3438] STATUS mode=3 fault=none enc=50 denc=-1 sreq=-28 sapplied=-28 crate=-28 uimp=-213135 upos=200 uneg=1975 ball=-51.80 vball=0.03 aball=-0.1 bref=0.00 pid=-28.3 pref=33.5 ppos=36.4 apid=-0.0 integ=-60.7 vision=1 current=1 vframe=6119 vs=1 vage=20 vpage=20 vdt=33 vmax=568 vacc=6088 vrej=0 seq=0 elapsed=0 oled=3C
[   3469] STATUS mode=3 fault=none enc=50 denc=0 sreq=40 sapplied=0 crate=40 uimp=-213660 upos=200 uneg=1995 ball=-51.66 vball=1.39 aball=-0.1 bref=0.00 pid=40.4 pref=39.9 ppos=35.8 apid=-0.0 integ=-61.6 vision=1 current=1 vframe=6120 vs=1 vage=6 vpage=6 vdt=34 vmax=568 vacc=6089 vrej=0 seq=0 elapsed=0 oled=3C
[   3500] STATUS mode=3 fault=none enc=49 denc=0 sreq=35 sapplied=35 crate=35 uimp=-213090 upos=215 uneg=1995 ball=-51.66 vball=1.39 aball=-0.1 bref=0.00 pid=34.7 pref=39.9 ppos=36.4 apid=-0.0 integ=-61.6 vision=1 current=1 vframe=6120 vs=1 vage=26 vpage=26 vdt=34 vmax=568 vacc=6089 vrej=0 seq=0 elapsed=0 oled=3C
[   3516] STATUS mode=3 fault=none enc=51 denc=1 sreq=44 sapplied=44 crate=44 uimp=-211315 upos=255 uneg=1995 ball=-51.54 vball=2.03 aball=8.8 bref=0.00 pid=43.7 pref=42.6 ppos=38.2 apid=0.0 integ=-62.5 vision=1 current=1 vframe=6121 vs=1 vage=32 vpage=32 vdt=34 vmax=568 vacc=6090 vrej=0 seq=0 elapsed=0 oled=3C
[   3547] STATUS mode=3 fault=none enc=52 denc=-1 sreq=0 sapplied=0 crate=17 uimp=-210885 upos=265 uneg=1995 ball=-51.50 vball=1.72 aball=8.8 bref=0.00 pid=16.6 pref=40.3 ppos=38.6 apid=0.0 integ=-63.3 vision=1 current=1 vframe=6122 vs=1 vage=19 vpage=19 vdt=33 vmax=568 vacc=6091 vrej=0 seq=0 elapsed=0 oled=3C
[   3578] STATUS mode=3 fault=none enc=52 denc=0 sreq=0 sapplied=0 crate=-16 uimp=-210885 upos=265 uneg=1995 ball=-51.50 vball=1.24 aball=8.8 bref=0.00 pid=-15.8 pref=37.0 ppos=38.6 apid=0.0 integ=-64.2 vision=1 current=1 vframe=6123 vs=1 vage=6 vpage=6 vdt=33 vmax=568 vacc=6092 vrej=0 seq=0 elapsed=0 oled=3C
[   3594] STATUS mode=3 fault=none enc=52 denc=0 sreq=-45 sapplied=-45 crate=-45 uimp=-210885 upos=265 uneg=1995 ball=-51.50 vball=0.83 aball=-0.6 bref=0.00 pid=-44.8 pref=34.1 ppos=38.6 apid=-0.0 integ=-65.0 vision=1 current=1 vframe=6124 vs=1 vage=13 vpage=13 vdt=33 vmax=568 vacc=6093 vrej=0 seq=0 elapsed=0 oled=3C
[   3625] STATUS mode=3 fault=none enc=52 denc=0 sreq=-37 sapplied=-37 crate=-37 uimp=-211715 upos=265 uneg=2015 ball=-51.50 vball=0.83 aball=-0.6 bref=0.00 pid=-36.5 pref=34.1 ppos=37.8 apid=-0.0 integ=-65.0 vision=1 current=1 vframe=6124 vs=1 vage=33 vpage=33 vdt=33 vmax=568 vacc=6093 vrej=0 seq=0 elapsed=0 oled=3C
[   3656] STATUS mode=3 fault=none enc=51 denc=0 sreq=-51 sapplied=-51 crate=-51 uimp=-212630 upos=265 uneg=2035 ball=-51.51 vball=0.54 aball=-0.6 bref=0.00 pid=-51.2 pref=31.8 ppos=36.9 apid=-0.0 integ=-65.9 vision=1 current=1 vframe=6125 vs=1 vage=18 vpage=18 vdt=35 vmax=568 vacc=6094 vrej=0 seq=0 elapsed=0 oled=3C
[   3672] STATUS mode=3 fault=none enc=48 denc=-2 sreq=-49 sapplied=-49 crate=-49 uimp=-214710 upos=265 uneg=2075 ball=-51.52 vball=0.33 aball=-0.6 bref=0.00 pid=-49.5 pref=29.9 ppos=34.8 apid=-0.0 integ=-66.7 vision=1 current=1 vframe=6126 vs=1 vage=26 vpage=26 vdt=32 vmax=568 vacc=6095 vrej=0 seq=0 elapsed=0 oled=3C
[   3703] STATUS mode=3 fault=none enc=48 denc=0 sreq=-54 sapplied=-54 crate=-54 uimp=-215700 upos=265 uneg=2095 ball=-51.52 vball=0.21 aball=-3.1 bref=0.00 pid=-54.1 pref=28.4 ppos=33.8 apid=-0.0 integ=-67.6 vision=1 current=1 vframe=6127 vs=1 vage=13 vpage=13 vdt=33 vmax=568 vacc=6096 vrej=0 seq=0 elapsed=0 oled=3C
[   3733] STATUS mode=3 fault=none enc=46 denc=-1 sreq=-44 sapplied=-44 crate=-44 uimp=-216700 upos=265 uneg=2115 ball=-51.52 vball=0.21 aball=-3.1 bref=0.00 pid=-44.1 pref=28.4 ppos=32.8 apid=-0.0 integ=-67.6 vision=1 current=1 vframe=6127 vs=1 vage=33 vpage=33 vdt=33 vmax=568 vacc=6096 vrej=0 seq=0 elapsed=0 oled=3C
[   3766] STATUS mode=3 fault=none enc=45 denc=0 sreq=-34 sapplied=-34 crate=-34 uimp=-217950 upos=265 uneg=2155 ball=-51.46 vball=0.48 aball=-3.1 bref=0.00 pid=-33.8 pref=28.2 ppos=31.6 apid=-0.0 integ=-69.3 vision=1 current=1 vframe=6129 vs=1 vage=5 vpage=5 vdt=34 vmax=568 vacc=6098 vrej=0 seq=0 elapsed=0 oled=3C
[   3781] STATUS mode=3 fault=none enc=44 denc=-1 sreq=-28 sapplied=-28 crate=-28 uimp=-218575 upos=265 uneg=2175 ball=-51.46 vball=0.48 aball=-3.1 bref=0.00 pid=-27.5 pref=28.2 ppos=30.9 apid=-0.0 integ=-69.3 vision=1 current=1 vframe=6129 vs=1 vage=25 vpage=25 vdt=34 vmax=568 vacc=6098 vrej=0 seq=0 elapsed=0 oled=3C
[   3813] STATUS mode=3 fault=none enc=44 denc=0 sreq=-36 sapplied=-36 crate=-36 uimp=-219160 upos=265 uneg=2195 ball=-51.46 vball=0.36 aball=-1.0 bref=0.00 pid=-35.9 pref=26.8 ppos=30.3 apid=-0.0 integ=-70.2 vision=1 current=1 vframe=6130 vs=1 vage=13 vpage=13 vdt=32 vmax=568 vacc=6099 vrej=0 seq=0 elapsed=0 oled=3C
[   3844] STATUS mode=3 fault=none enc=42 denc=1 sreq=-37 sapplied=-37 crate=-37 uimp=-220510 upos=265 uneg=2235 ball=-51.46 vball=0.24 aball=-1.0 bref=0.00 pid=-37.1 pref=25.3 ppos=29.0 apid=-0.0 integ=-71.0 vision=1 current=1 vframe=6131 vs=1 vage=19 vpage=19 vdt=34 vmax=568 vacc=6100 vrej=0 seq=0 elapsed=0 oled=3C
[   3875] STATUS mode=3 fault=none enc=41 denc=-1 sreq=-43 sapplied=-43 crate=-43 uimp=-221200 upos=265 uneg=2255 ball=-51.46 vball=0.16 aball=-1.0 bref=0.00 pid=-42.7 pref=24.0 ppos=28.3 apid=-0.0 integ=-71.9 vision=1 current=1 vframe=6132 vs=1 vage=6 vpage=6 vdt=33 vmax=568 vacc=6101 vrej=0 seq=0 elapsed=0 oled=3C
[   3891] STATUS mode=3 fault=none enc=40 denc=0 sreq=-35 sapplied=-35 crate=-35 uimp=-222000 upos=265 uneg=2275 ball=-51.46 vball=0.16 aball=-1.0 bref=0.00 pid=-34.7 pref=24.0 ppos=27.5 apid=-0.0 integ=-71.9 vision=1 current=1 vframe=6132 vs=1 vage=26 vpage=26 vdt=33 vmax=568 vacc=6101 vrej=0 seq=0 elapsed=0 oled=3C
[   3922] STATUS mode=3 fault=none enc=39 denc=0 sreq=-23 sapplied=-23 crate=-23 uimp=-223180 upos=265 uneg=2315 ball=-51.44 vball=0.31 aball=-0.8 bref=0.00 pid=-23.3 pref=24.0 ppos=26.3 apid=-0.0 integ=-72.7 vision=1 current=1 vframe=6133 vs=1 vage=33 vpage=33 vdt=33 vmax=568 vacc=6102 vrej=0 seq=0 elapsed=0 oled=3C
[   3953] STATUS mode=3 fault=none enc=37 denc=-1 sreq=-27 sapplied=-27 crate=-27 uimp=-223750 upos=265 uneg=2335 ball=-51.43 vball=0.28 aball=-0.8 bref=0.00 pid=-27.3 pref=23.0 ppos=25.8 apid=-0.0 integ=-73.6 vision=1 current=1 vframe=6134 vs=1 vage=20 vpage=20 vdt=33 vmax=568 vacc=6103 vrej=0 seq=0 elapsed=0 oled=3C
[   3969] STATUS mode=3 fault=none enc=37 denc=-1 sreq=-39 sapplied=-39 crate=-39 uimp=-224255 upos=265 uneg=2355 ball=-51.44 vball=0.13 aball=-0.8 bref=0.00 pid=-38.5 pref=21.4 ppos=25.3 apid=-0.0 integ=-74.4 vision=1 current=1 vframe=6135 vs=1 vage=7 vpage=7 vdt=33 vmax=568 vacc=6104 vrej=0 seq=0 elapsed=0 oled=3C
[   4000] STATUS mode=3 fault=none enc=35 denc=-1 sreq=-37 sapplied=-37 crate=-37 uimp=-225615 upos=265 uneg=2395 ball=-51.44 vball=0.06 aball=-1.6 bref=0.00 pid=-37.2 pref=20.2 ppos=23.9 apid=-0.0 integ=-75.3 vision=1 current=1 vframe=6136 vs=1 vage=13 vpage=13 vdt=34 vmax=568 vacc=6105 vrej=0 seq=0 elapsed=0 oled=3C
[   4031] STATUS mode=3 fault=none enc=35 denc=0 sreq=-30 sapplied=-30 crate=-30 uimp=-226305 upos=265 uneg=2415 ball=-51.44 vball=0.06 aball=-1.6 bref=0.00 pid=-30.3 pref=20.2 ppos=23.2 apid=-0.0 integ=-75.3 vision=1 current=1 vframe=6136 vs=1 vage=33 vpage=33 vdt=34 vmax=568 vacc=6105 vrej=0 seq=0 elapsed=0 oled=3C
[   4063] STATUS mode=3 fault=none enc=34 denc=0 sreq=-33 sapplied=-33 crate=-33 uimp=-227010 upos=265 uneg=2435 ball=-51.44 vball=0.03 aball=-1.6 bref=0.00 pid=-33.5 pref=19.2 ppos=22.5 apid=-0.0 integ=-76.2 vision=1 current=1 vframe=6137 vs=1 vage=19 vpage=19 vdt=34 vmax=568 vacc=6106 vrej=0 seq=0 elapsed=0 oled=3C
[   4078] STATUS mode=3 fault=none enc=32 denc=-1 sreq=-29 sapplied=-29 crate=-29 uimp=-228300 upos=265 uneg=2475 ball=-51.44 vball=0.02 aball=-1.6 bref=0.00 pid=-29.3 pref=18.3 ppos=21.2 apid=-0.0 integ=-77.0 vision=1 current=1 vframe=6138 vs=1 vage=27 vpage=27 vdt=32 vmax=568 vacc=6107 vrej=0 seq=0 elapsed=0 oled=3C
[   4108] STATUS mode=3 fault=none enc=31 denc=-1 sreq=-33 sapplied=-33 crate=-33 uimp=-228890 upos=265 uneg=2495 ball=-51.45 vball=0.01 aball=-1.1 bref=0.00 pid=-33.0 pref=17.3 ppos=20.6 apid=-0.0 integ=-77.9 vision=1 current=1 vframe=6139 vs=1 vage=13 vpage=13 vdt=34 vmax=568 vacc=6108 vrej=0 seq=0 elapsed=0 oled=3C
[   4141] STATUS mode=3 fault=none enc=30 denc=0 sreq=0 sapplied=0 crate=-11 uimp=-229635 upos=265 uneg=2520 ball=-51.40 vball=0.44 aball=-1.1 bref=0.00 pid=-11.0 pref=18.8 ppos=19.9 apid=-0.0 integ=-78.7 vision=1 current=1 vframe=6140 vs=1 vage=20 vpage=20 vdt=33 vmax=568 vacc=6109 vrej=0 seq=0 elapsed=0 oled=3C
[   4156] STATUS mode=3 fault=none enc=30 denc=0 sreq=89 sapplied=0 crate=89 uimp=-229635 upos=265 uneg=2520 ball=-50.93 vball=4.67 aball=-1.1 bref=0.00 pid=214.6 pref=41.3 ppos=19.9 apid=-0.0 integ=-78.7 vision=1 current=1 vframe=6141 vs=1 vage=7 vpage=7 vdt=33 vmax=568 vacc=6110 vrej=0 seq=0 elapsed=0 oled=3C
[   4188] STATUS mode=3 fault=none enc=32 denc=1 sreq=185 sapplied=185 crate=185 uimp=-226690 upos=280 uneg=2520 ball=-50.93 vball=4.67 aball=-1.1 bref=0.00 pid=185.2 pref=41.3 ppos=22.8 apid=-0.0 integ=-78.7 vision=1 current=1 vframe=6141 vs=1 vage=27 vpage=27 vdt=33 vmax=568 vacc=6110 vrej=0 seq=0 elapsed=0 oled=3C
[   4219] STATUS mode=3 fault=none enc=50 denc=4 sreq=491 sapplied=491 crate=491 uimp=-213240 upos=320 uneg=2520 ball=-48.62 vball=19.92 aball=57.7 bref=0.00 pid=491.4 pref=85.4 ppos=36.3 apid=0.0 integ=-0.0 vision=1 current=1 vframe=6143 vs=1 vage=1 vpage=1 vdt=33 vmax=568 vacc=6112 vrej=0 seq=0 elapsed=0 oled=3C
[   4250] STATUS mode=3 fault=none enc=57 denc=0 sreq=91 sapplied=91 crate=91 uimp=-206420 upos=340 uneg=2520 ball=-48.62 vball=19.92 aball=57.7 bref=0.00 pid=-43.7 pref=38.7 ppos=43.1 apid=0.0 integ=-0.0 vision=1 current=1 vframe=6143 vs=1 vage=21 vpage=21 vdt=33 vmax=568 vacc=6112 vrej=0 seq=0 elapsed=0 oled=3C
[   4266] STATUS mode=3 fault=none enc=59 denc=1 sreq=52 sapplied=0 crate=52 uimp=-206205 upos=345 uneg=2525 ball=-47.07 vball=28.05 aball=57.7 bref=0.00 pid=407.2 pref=84.0 ppos=43.3 apid=0.0 integ=-0.0 vision=1 current=1 vframe=6144 vs=1 vage=7 vpage=7 vdt=34 vmax=568 vacc=6113 vrej=0 seq=0 elapsed=0 oled=3C
[   4297] STATUS mode=3 fault=none enc=73 denc=3 sreq=533 sapplied=533 crate=533 uimp=-194995 upos=380 uneg=2525 ball=-45.36 vball=34.75 aball=57.7 bref=0.00 pid=369.4 pref=84.0 ppos=47.1 apid=0.0 integ=-0.0 vision=1 current=1 vframe=6144 vs=1 vage=27 vpage=27 vdt=34 vmax=568 vacc=6113 vrej=0 seq=0 elapsed=0 oled=3C
[   4328] STATUS mode=3 fault=none enc=88 denc=4 sreq=562 sapplied=562 crate=562 uimp=-183090 upos=400 uneg=2525 ball=-43.37 vball=42.19 aball=130.4 bref=0.00 pid=562.3 pref=122.7 ppos=66.4 apid=0.0 integ=-0.0 vision=1 current=1 vframe=6146 vs=1 vage=1 vpage=1 vdt=33 vmax=568 vacc=6115 vrej=0 seq=0 elapsed=0 oled=3C
[   4344] STATUS mode=3 fault=none enc=105 denc=4 sreq=800 sapplied=800 crate=800 uimp=-169160 upos=420 uneg=2525 ball=-43.37 vball=42.19 aball=130.4 bref=0.00 pid=800.0 pref=165.8 ppos=80.3 apid=0.0 integ=-0.0 vision=1 current=1 vframe=6146 vs=1 vage=21 vpage=21 vdt=33 vmax=568 vacc=6115 vrej=0 seq=0 elapsed=0 oled=3C
[   4375] STATUS mode=3 fault=none enc=145 denc=5 sreq=800 sapplied=800 crate=800 uimp=-137605 upos=460 uneg=2525 ball=-41.39 vball=47.62 aball=130.4 bref=0.00 pid=800.0 pref=198.9 ppos=111.9 apid=0.0 integ=-0.0 vision=1 current=1 vframe=6147 vs=1 vage=27 vpage=27 vdt=34 vmax=568 vacc=6116 vrej=0 seq=0 elapsed=0 oled=3C
[   4406] STATUS mode=3 fault=none enc=165 denc=5 sreq=800 sapplied=800 crate=800 uimp=-121655 upos=480 uneg=2525 ball=-38.96 vball=54.79 aball=161.9 bref=0.00 pid=800.0 pref=242.1 ppos=127.9 apid=0.0 integ=-0.0 vision=1 current=1 vframe=6148 vs=1 vage=14 vpage=14 vdt=33 vmax=568 vacc=6117 vrej=0 seq=0 elapsed=0 oled=3C
[   4438] STATUS mode=3 fault=none enc=184 denc=5 sreq=800 sapplied=800 crate=800 uimp=-105655 upos=500 uneg=2525 ball=-38.96 vball=54.79 aball=161.9 bref=0.00 pid=800.0 pref=242.1 ppos=143.9 apid=0.0 integ=-0.0 vision=1 current=1 vframe=6148 vs=1 vage=34 vpage=34 vdt=33 vmax=568 vacc=6117 vrej=0 seq=0 elapsed=0 oled=3C
[   4453] STATUS mode=3 fault=none enc=225 denc=5 sreq=800 sapplied=800 crate=800 uimp=-73655 upos=540 uneg=2525 ball=-33.30 vball=71.09 aball=161.9 bref=0.00 pid=800.0 pref=340.5 ppos=175.9 apid=0.0 integ=-0.0 vision=1 current=1 vframe=6150 vs=1 vage=7 vpage=7 vdt=32 vmax=568 vacc=6119 vrej=0 seq=0 elapsed=0 oled=3C
[   4483] STATUS mode=3 fault=none enc=246 denc=6 sreq=800 sapplied=800 crate=800 uimp=-57655 upos=560 uneg=2525 ball=-33.30 vball=71.09 aball=161.9 bref=0.00 pid=800.0 pref=340.5 ppos=191.9 apid=0.0 integ=-0.0 vision=1 current=1 vframe=6150 vs=1 vage=27 vpage=27 vdt=32 vmax=568 vacc=6119 vrej=0 seq=0 elapsed=0 oled=3C
[   4516] STATUS mode=3 fault=none enc=265 denc=5 sreq=800 sapplied=800 crate=800 uimp=-41655 upos=580 uneg=2525 ball=-29.95 vball=78.92 aball=197.6 bref=0.00 pid=800.0 pref=385.0 ppos=207.9 apid=0.0 integ=-0.0 vision=1 current=1 vframe=6151 vs=1 vage=14 vpage=14 vdt=33 vmax=568 vacc=6120 vrej=0 seq=0 elapsed=0 oled=3C
[   4547] STATUS mode=3 fault=none enc=307 denc=6 sreq=800 sapplied=800 crate=800 uimp=-9655 upos=620 uneg=2525 ball=-26.90 vball=83.07 aball=197.6 bref=0.00 pid=800.0 pref=385.0 ppos=239.9 apid=0.0 integ=-0.0 vision=1 current=1 vframe=6152 vs=1 vage=20 vpage=20 vdt=34 vmax=568 vacc=6121 vrej=0 seq=0 elapsed=0 oled=3C
[   4563] STATUS mode=3 fault=none enc=327 denc=5 sreq=800 sapplied=800 crate=800 uimp=6345 upos=640 uneg=2525 ball=-23.81 vball=86.35 aball=197.6 bref=0.00 pid=800.0 pref=385.0 ppos=255.9 apid=0.0 integ=-0.0 vision=1 current=1 vframe=6153 vs=1 vage=7 vpage=7 vdt=33 vmax=568 vacc=6122 vrej=0 seq=0 elapsed=0 oled=3C
[   4594] STATUS mode=3 fault=none enc=347 denc=5 sreq=800 sapplied=800 crate=800 uimp=22345 upos=660 uneg=2525 ball=-23.81 vball=86.35 aball=197.6 bref=0.00 pid=800.0 pref=385.0 ppos=271.9 apid=0.0 integ=-0.0 vision=1 current=1 vframe=6153 vs=1 vage=27 vpage=27 vdt=33 vmax=568 vacc=6122 vrej=0 seq=0 elapsed=0 oled=3C
[   4625] STATUS mode=3 fault=none enc=389 denc=5 sreq=800 sapplied=800 crate=800 uimp=54345 upos=700 uneg=2525 ball=-20.24 vball=91.75 aball=165.9 bref=0.00 pid=800.0 pref=385.0 ppos=303.9 apid=0.0 integ=-0.0 vision=1 current=1 vframe=6154 vs=1 vage=33 vpage=33 vdt=34 vmax=568 vacc=6123 vrej=0 seq=0 elapsed=0 oled=3C
[   4656] STATUS mode=3 fault=none enc=409 denc=5 sreq=661 sapplied=661 crate=661 uimp=69345 upos=720 uneg=2525 ball=-16.15 vball=101.52 aball=165.9 bref=0.00 pid=661.3 pref=385.0 ppos=318.9 apid=0.0 integ=-0.0 vision=1 current=1 vframe=6155 vs=1 vage=18 vpage=18 vdt=35 vmax=568 vacc=6124 vrej=0 seq=0 elapsed=0 oled=3C
[   4672] STATUS mode=3 fault=none enc=424 denc=4 sreq=539 sapplied=539 crate=539 uimp=81610 upos=740 uneg=2525 ball=-12.90 vball=99.76 aball=165.9 bref=0.00 pid=538.6 pref=385.0 ppos=331.1 apid=0.0 integ=-0.0 vision=1 current=1 vframe=6156 vs=1 vage=5 vpage=5 vdt=33 vmax=568 vacc=6125 vrej=0 seq=0 elapsed=0 oled=3C
[   4703] STATUS mode=3 fault=none enc=448 denc=3 sreq=357 sapplied=357 crate=357 uimp=99745 upos=780 uneg=2525 ball=-9.44 vball=101.19 aball=132.9 bref=0.00 pid=357.3 pref=385.0 ppos=349.3 apid=0.0 integ=-0.0 vision=1 current=1 vframe=6157 vs=1 vage=11 vpage=11 vdt=34 vmax=568 vacc=6126 vrej=0 seq=0 elapsed=0 oled=3C
[   4733] STATUS mode=3 fault=none enc=456 denc=2 sreq=291 sapplied=291 crate=291 uimp=106365 upos=800 uneg=2525 ball=-9.44 vball=101.19 aball=132.9 bref=0.00 pid=291.1 pref=385.0 ppos=355.9 apid=0.0 integ=-0.0 vision=1 current=1 vframe=6157 vs=1 vage=31 vpage=31 vdt=34 vmax=568 vacc=6126 vrej=0 seq=0 elapsed=0 oled=3C
[   4750] STATUS mode=3 fault=none enc=463 denc=2 sreq=237 sapplied=237 crate=237 uimp=111770 upos=820 uneg=2525 ball=-6.02 vball=101.94 aball=132.9 bref=0.00 pid=237.0 pref=385.0 ppos=361.3 apid=0.0 integ=-0.0 vision=1 current=1 vframe=6158 vs=1 vage=18 vpage=18 vdt=33 vmax=568 vacc=6127 vrej=0 seq=0 elapsed=0 oled=3C
[   4781] STATUS mode=3 fault=none enc=472 denc=1 sreq=157 sapplied=157 crate=157 uimp=119745 upos=860 uneg=2525 ball=-2.64 vball=102.06 aball=132.9 bref=0.00 pid=157.3 pref=385.0 ppos=369.3 apid=0.0 integ=-0.0 vision=1 current=1 vframe=6159 vs=1 vage=26 vpage=26 vdt=32 vmax=568 vacc=6128 vrej=0 seq=0 elapsed=0 oled=3C
[   4813] STATUS mode=3 fault=none enc=476 denc=1 sreq=128 sapplied=128 crate=128 uimp=122660 upos=880 uneg=2525 ball=0.87 vball=102.04 aball=76.9 bref=0.00 pid=128.1 pref=385.0 ppos=372.2 apid=0.0 integ=-0.0 vision=1 current=1 vframe=6160 vs=1 vage=12 vpage=12 vdt=34 vmax=568 vacc=6129 vrej=0 seq=0 elapsed=0 oled=3C
[   4844] STATUS mode=3 fault=none enc=481 denc=-1 sreq=85 sapplied=85 crate=85 uimp=126975 upos=920 uneg=2525 ball=3.93 vball=99.08 aball=76.9 bref=0.00 pid=85.0 pref=385.0 ppos=376.5 apid=0.0 integ=-0.0 vision=1 current=1 vframe=6161 vs=1 vage=18 vpage=18 vdt=34 vmax=568 vacc=6130 vrej=0 seq=0 elapsed=0 oled=3C
[   4858] STATUS mode=3 fault=none enc=484 denc=1 sreq=69 sapplied=69 crate=69 uimp=128555 upos=940 uneg=2525 ball=6.74 vball=95.03 aball=76.9 bref=0.00 pid=69.2 pref=385.0 ppos=378.1 apid=0.0 integ=-0.0 vision=1 current=1 vframe=6162 vs=1 vage=5 vpage=5 vdt=33 vmax=568 vacc=6131 vrej=0 seq=0 elapsed=0 oled=3C
[   4891] STATUS mode=3 fault=none enc=485 denc=0 sreq=56 sapplied=56 crate=56 uimp=129835 upos=960 uneg=2525 ball=6.74 vball=95.03 aball=76.9 bref=0.00 pid=56.4 pref=385.0 ppos=379.3 apid=0.0 integ=-0.0 vision=1 current=1 vframe=6162 vs=1 vage=25 vpage=25 vdt=33 vmax=568 vacc=6131 vrej=0 seq=0 elapsed=0 oled=3C
[   4922] STATUS mode=3 fault=none enc=487 denc=1 sreq=46 sapplied=46 crate=46 uimp=130880 upos=980 uneg=2525 ball=8.95 vball=90.19 aball=-11.5 bref=0.00 pid=46.0 pref=385.0 ppos=380.4 apid=-0.0 integ=-0.0 vision=1 current=1 vframe=6163 vs=1 vage=13 vpage=13 vdt=32 vmax=568 vacc=6132 vrej=0 seq=0 elapsed=0 oled=3C
[   4938] STATUS mode=3 fault=none enc=487 denc=-1 sreq=31 sapplied=31 crate=31 uimp=132425 upos=1020 uneg=2525 ball=11.20 vball=83.90 aball=-11.5 bref=0.00 pid=30.5 pref=385.0 ppos=381.9 apid=-0.0 integ=-0.0 vision=1 current=1 vframe=6164 vs=1 vage=20 vpage=20 vdt=33 vmax=568 vacc=6133 vrej=0 seq=0 elapsed=0 oled=3C
[   4969] STATUS mode=3 fault=none enc=489 denc=1 sreq=25 sapplied=25 crate=25 uimp=132995 upos=1040 uneg=2525 ball=11.20 vball=83.90 aball=-11.5 bref=0.00 pid=24.8 pref=385.0 ppos=382.5 apid=-0.0 integ=-0.0 vision=1 current=1 vframe=6164 vs=1 vage=40 vpage=40 vdt=33 vmax=568 vacc=6133 vrej=0 seq=0 elapsed=0 oled=3C
[   5000] STATUS mode=3 fault=none enc=490 denc=1 sreq=0 sapplied=0 crate=19 uimp=133555 upos=1065 uneg=2525 ball=15.24 vball=78.13 aball=-56.6 bref=0.00 pid=19.2 pref=385.0 ppos=383.1 apid=-0.0 integ=g=-0.0 vision=1 current=1 vframe=6165 vs=1 vage=10 vpage=10 vdt=50 vmax=568 vacc=6134 vrej=0 seq=0 elapsed=0 oled=3C
[   5031] STATUS mode=3 fault=none enc=490 denc=0 sreq=0 sapplied=0 crate=19 uimp=133555 upos=1065 uneg=2525 ball=16.73 vball=70.78 aball=-56.6 bref=0.00 pid=19.2 pref=385.0 ppos=383.1 apid=-0.0 integ=-0.0 vision=1 current=1 vframe=6167 vs=1 vage=14 vpage=14 vdt=21 vmax=568 vacc=6136 vrej=0 seq=0 elapsed=0 oled=3C
[   5047] STATUS mode=3 fault=none enc=490 denc=0 sreq=0 sapplied=0 crate=19 uimp=133555 upos=1065 uneg=2525 ball=17.61 vball=66.49 aball=-56.6 bref=0.00 pid=19.2 pref=385.0 ppos=383.1 apid=-0.0 integ=-0.0 vision=1 current=1 vframe=6168 vs=1 vage=15 vpage=15 vdt=19 vmax=568 vacc=6137 vrej=0 seq=0 elapsed=0 oled=3C
[   5078] STATUS mode=3 fault=none enc=490 denc=0 sreq=0 sapplied=0 crate=19 uimp=133555 upos=1065 uneg=2525 ball=19.18 vball=62.82 aball=-127.0 bref=0.00 pid=19.2 pref=385.0 ppos=383.1 apid=-0.0 integ=-0.0 vision=1 current=1 vframe=6169 vs=1 vage=25 vpage=25 vdt=30 vmax=568 vacc=6138 vrej=0 seq=0 elapsed=0 oled=3C
[   5108] STATUS mode=3 fault=none enc=490 denc=0 sreq=0 sapplied=0 crate=19 uimp=133555 upos=1065 uneg=2525 ball=20.61 vball=56.94 aball=-127.0 bref=0.00 pid=19.2 pref=385.0 ppos=383.1 apid=-0.0 integ=-0.0 vision=1 current=1 vframe=6177 vs=1 vage=14 vpage=14 vdt=31 vmax=568 vacc=6146 vrej=0 seq=0 elapsed=0 oled=3C
[   5125] STATUS mode=3 fault=none enc=490 denc=0 sreq=0 sapplied=0 crate=19 uimp=133555 upos=1065 uneg=2525 ball=21.62 vball=49.27 aball=-127.0 bref=0.00 pid=19.2 pref=385.0 ppos=383.1 apid=-0.0 integ=-0.0 vision=1 current=1 vframe=6178 vs=1 vage=1 vpage=1 vdt=33 vmax=568 vacc=6147 vrej=0 seq=0 elapsed=0 oled=3C
[   5156] STATUS mode=3 fault=none enc=490 denc=0 sreq=0 sapplied=0 crate=0 uimp=133555 upos=1065 uneg=2525 ball=22.86 vball=46.05 aball=-145.3 bref=0.00 pid=0.0 pref=383.8 ppos=383.1 apid=-0.0 integ=-0.0 vision=1 current=1 vframe=6179 vs=1 vage=5 vpage=5 vdt=36 vmax=568 vacc=6148 vrej=0 seq=0 elapsed=0 oled=3C
[   5188] STATUS mode=3 fault=none enc=490 denc=0 sreq=0 sapplied=0 crate=0 uimp=133555 upos=1065 uneg=2525 ball=22.86 vball=46.05 aball=-145.3 bref=0.00 pid=0.0 pref=383.8 ppos=383.1 apid=-0.0 integ=-0.0 vision=1 current=1 vframe=6179 vs=1 vage=25 vpage=25 vdt=36 vmax=568 vacc=6148 vrej=0 seq=0 elapsed=0 oled=3C
[   5219] STATUS mode=3 fault=none enc=490 denc=0 sreq=-200 sapplied=-200 crate=-200 uimp=133555 upos=1065 uneg=2525 ball=23.59 vball=38.56 aball=-145.3 bref=0.00 pid=-345.1 pref=348.6 ppos=383.1 apid=-0.0 integ=-0.0 vision=1 current=1 vframe=6180 vs=1 vage=14 vpage=14 vdt=31 vmax=568 vacc=6149 vrej=0 seq=0 elapsed=0 oled=3C
[   5233] STATUS mode=3 fault=none enc=472 denc=-5 sreq=-641 sapplied=-641 crate=-641 uimp=119155 upos=1065 uneg=2565 ball=23.88 vball=29.59 aball=-145.3 bref=0.00 pid=-640.9 pref=304.6 ppos=368.7 apid=-0.0 integ=-0.0 vision=1 current=1 vframe=6181 vs=1 vage=21 vpage=21 vdt=33 vmax=568 vacc=6150 vrej=0 seq=0 elapsed=0 oled=3C
[   5266] STATUS mode=3 fault=none enc=458 denc=-3 sreq=-649 sapplied=-649 crate=-649 uimp=107270 upos=1065 uneg=2585 ball=23.87 vball=20.78 aball=-195.9 bref=0.00 pid=-800.0 pref=260.5 ppos=356.8 apid=-0.0 integ=-0.0 vision=1 current=1 vframe=6182 vs=1 vage=7 vpage=7 vdt=34 vmax=568 vacc=6151 vrej=0 seq=0 elapsed=0 oled=3C
[   5297] STATUS mode=3 fault=none enc=438 denc=-5 sreq=-800 sapplied=-800 crate=-800 uimp=92280 upos=1065 uneg=2605 ball=23.87 vball=20.78 aball=-195.9 bref=0.00 pid=-800.0 pref=260.5 ppos=341.8 apid=-0.0 integ=-0.0 vision=1 current=1 vframe=6182 vs=1 vage=27 vpage=27 vdt=34 vmax=568 vacc=6151 vrej=0 seq=0 elapsed=0 oled=3C
[   5328] STATUS mode=3 fault=none enc=397 denc=-6 sreq=-746 sapplied=-746 crate=-746 uimp=60815 upos=1065 uneg=2645 ball=24.01 vball=11.29 aball=-195.9 bref=0.00 pid=-746.5 pref=235.7 ppos=310.3 apid=-0.0 integ=-0.0 vision=1 current=1 vframe=6184 vs=1 vage=1 vpage=1 vdt=33 vmax=568 vacc=6153 vrej=0 seq=0 elapsed=0 oled=3C
[   5344] STATUS mode=3 fault=none enc=377 denc=-5 sreq=-800 sapplied=-800 crate=-800 uimp=45085 upos=1065 uneg=2665 ball=24.01 vball=11.29 aball=-195.9 bref=0.00 pid=-800.0 pref=213.5 ppos=294.6 apid=-0.0 integ=-0.0 vision=1 current=1 vframe=6184 vs=1 vage=21 vpage=21 vdt=33 vmax=568 vacc=6153 vrej=0 seq=0 elapsed=0 oled=3C
[   5375] STATUS mode=3 fault=none enc=357 denc=-5 sreq=-796 sapplied=-796 crate=-796 uimp=30085 upos=1065 uneg=2685 ball=23.70 vball=5.26 aball=-178.3 bref=0.00 pid=-800.0 pref=182.4 ppos=279.6 apid=-0.0 integ=-0.0 vision=1 current=1 vframe=6185 vs=1 vage=8 vpage=8 vdt=33 vmax=568 vacc=6154 vrej=0 seq=0 elapsed=0 oled=3C
[   5406] STATUS mode=3 fault=none enc=317 denc=-5 sreq=-800 sapplied=-800 crate=-800 uimp=-1425 upos=1065 uneg=2725 ball=23.08 vball=-1.51 aball=-178.3 bref=0.00 pid=-800.0 pref=146.7 ppos=248.1 apid=-0.0 integ=-0.0 vision=1 current=1 vframe=6186 vs=1 vage=13 vpage=13 vdt=35 vmax=568 vacc=6155 vrej=0 seq=0 elapsed=0 oled=3C
[   5438] STATUS mode=3 fault=none enc=297 denc=-4 sreq=-800 sapplied=-800 crate=-800 uimp=-17425 upos=1065 uneg=2745 ball=22.37 vball=-7.62 aball=-178.3 bref=0.00 pid=-800.0 pref=146.7 ppos=232.1 apid=-0.0 integ=-0.0 vision=1 current=1 vframe=6187 vs=1 vage=1 vpage=1 vdt=32 vmax=568 vacc=6156 vrej=0 seq=0 elapsed=0 oled=3C
[   5453] STATUS mode=3 fault=none enc=255 denc=-5 sreq=-800 sapplied=-800 crate=-800 uimp=-49425 upos=1065 uneg=2785 ball=21.72 vball=-11.01 aball=-171.3 bref=0.00 pid=-800.0 pref=95.1 ppos=200.1 apid=-0.0 integ=-0.0 vision=1 current=1 vframe=6188 vs=1 vage=8 vpage=8 vdt=33 vmax=568 vacc=6157 vrej=0 seq=0 elapsed=0 oled=3C
[   5483] STATUS mode=3 fault=none enc=235 denc=-6 sreq=-800 sapplied=-800 crate=-800 uimp=-65425 upos=1065 uneg=2805 ball=21.72 vball=-11.01 aball=-171.3 bref=0.00 pid=-800.0 pref=95.1 ppos=184.1 apid=-0.0 integ=-0.0 vision=1 current=1 vframe=6188 vs=1 vage=28 vpage=28 vdt=33 vmax=568 vacc=6157 vrej=0 seq=0 elapsed=0 oled=3C
[   5516] STATUS mode=3 fault=none enc=216 denc=-4 sreq=-729 sapplied=-729 crate=-729 uimp=-81260 upos=1065 uneg=2825 ball=21.41 vball=-10.77 aball=-171.3 bref=0.00 pid=-728.8 pref=95.4 ppos=168.2 apid=-0.0 integ=-0.0 vision=1 current=1 vframe=6189 vs=1 vage=15 vpage=15 vdt=33 vmax=568 vacc=6158 vrej=0 seq=0 elapsed=0 oled=3C
[   5547] STATUS mode=3 fault=none enc=179 denc=-6 sreq=-800 sapplied=-800 crate=-800 uimp=-109190 upos=1065 uneg=2865 ball=20.10 vball=-19.07 aball=-171.3 bref=0.00 pid=-800.0 pref=49.9 ppos=140.3 apid=-0.0 integ=-0.0 vision=1 current=1 vframe=6190 vs=1 vage=22 vpage=22 vdt=33 vmax=568 vacc=6159 vrej=0 seq=0 elapsed=0 oled=3C
[   5578] STATUS mode=3 fault=none enc=161 denc=-4 sreq=-774 sapplied=-774 crate=-774 uimp=-125110 upos=1065 uneg=2885 ball=19.44 vball=-19.27 aball=-130.7 bref=0.00 pid=-774.4 pref=47.0 ppos=124.4 apid=-0.0 integ=-0.0 vision=1 current=1 vframe=6191 vs=1 vage=6 vpage=6 vdt=36 vmax=568 vacc=6160 vrej=0 seq=0 elapsed=0 oled=3C
[   5594] STATUS mode=3 fault=none enc=142 denc=-4 sreq=-631 sapplied=-631 crate=-631 uimp=-139475 upos=1065 uneg=2905 ball=19.44 vball=-19.27 aball=-130.7 bref=0.00 pid=-630.8 pref=47.0 ppos=110.0 apid=-0.0 integ=-0.0 vision=1 current=1 vframe=6191 vs=1 vage=26 vpage=26 vdt=36 vmax=568 vacc=6160 vrej=0 seq=0 elapsed=0 oled=3C
[   5625] STATUS mode=3 fault=none enc=117 denc=-3 sreq=-395 sapplied=-395 crate=-395 uimp=-160010 upos=1065 uneg=2945 ball=18.61 vball=-15.36 aball=-130.7 bref=0.00 pid=-394.7 pref=50.0 ppos=89.5 apid=-0.0 integ=-0.0 vision=1 current=1 vframe=6193 vs=1 vage=1 vpage=1 vdt=32 vmax=568 vacc=6162 vrej=0 seq=0 elapsed=0 oled=3C
[   5656] STATUS mode=3 fault=none enc=110 denc=-1 sreq=-199 sapplied=-199 crate=-199 uimp=-165605 upos=1065 uneg=2965 ball=18.61 vball=-15.36 aball=-130.7 bref=0.00 pid=-198.9 pref=64.0 ppos=83.9 apid=-0.0 integ=-0.0 vision=1 current=1 vframe=6193 vs=1 vage=21 vpage=21 vdt=32 vmax=568 vacc=6162 vrej=0 seq=0 elapsed=0 oled=3C
[   5688] STATUS mode=3 fault=none enc=104 denc=0 sreq=-83 sapplied=-83 crate=-83 uimp=-171185 upos=1065 uneg=3005 ball=18.26 vball=-13.95 aball=-47.9 bref=0.00 pid=-83.1 pref=70.0 ppos=78.3 apid=-0.0 integ=-0.0 vision=1 current=1 vframe=6194 vs=1 vage=26 vpage=26 vdt=35 vmax=568 vacc=6163 vrej=0 seq=0 elapsed=0 oled=3C
[   5703] STATUS mode=3 fault=none enc=101 denc=-1 sreq=88 sapplied=88 crate=88 uimp=-172370 upos=1065 uneg=3020 ball=18.16 vball=-10.71 aball=-47.9 bref=0.00 pid=87.8 pref=85.9 ppos=77.1 apid=-0.0 integ=-0.0 vision=1 current=1 vframe=6195 vs=1 vage=13 vpage=13 vdt=33 vmax=568 vacc=6164 vrej=0 seq=0 elapsed=0 oled=3C
[   5733] STATUS mode=3 fault=none enc=102 denc=0 sreq=72 sapplied=72 crate=72 uimp=-170745 upos=1085 uneg=3020 ball=18.16 vball=-10.71 aball=-47.9 bref=0.00 pid=71.5 pref=85.9 ppos=78.8 apid=-0.0 integ=-0.0 vision=1 current=1 vframe=6195 vs=1 vage=33 vpage=33 vdt=33 vmax=568 vacc=6164 vrej=0 seq=0 elapsed=0 oled=3C
[   5766] STATUS mode=3 fault=none enc=107 denc=0 sreq=255 sapplied=255 crate=255 uimp=-164210 upos=1125 uneg=3020 ball=18.19 vball=-4.92 aball=14.3 bref=0.00 pid=296.6 pref=115.0 ppos=85.3 apid=0.0 integ=-0.0 vision=1 current=1 vframe=6197 vs=1 vage=6 vpage=6 vdt=34 vmax=568 vacc=6166 vrej=0 seq=0 elapsed=0 oled=3C
[   5781] STATUS mode=3 fault=none enc=115 denc=1 sreq=243 sapplied=243 crate=243 uimp=-158885 upos=1145 uneg=3020 ball=18.19 vball=-4.92 aball=14.3 bref=0.00 pid=243.3 pref=115.0 ppos=90.6 apid=0.0 integ=-0.0 vision=1 current=1 vframe=6197 vs=1 vage=26 vpage=26 vdt=34 vmax=568 vacc=6166 vrej=0 seq=0 elapsed=0 oled=3C
[   5813] STATUS mode=3 fault=none enc=122 denc=3 sreq=420 sapplied=420 crate=420 uimp=-153815 upos=1165 uneg=3020 ball=18.52 vball=-0.47 aball=14.3 bref=0.00 pid=425.0 pref=138.2 ppos=95.7 apid=0.0 integ=-0.0 vision=1 current=1 vframe=6198 vs=1 vage=13 vpage=13 vdt=33 vmax=568 vacc=6167 vrej=0 seq=0 elapsed=0 oled=3C
[   5844] STATUS mode=3 fault=none enc=142 denc=3 sreq=527 sapplied=527 crate=527 uimp=-137785 upos=1205 uneg=3020 ball=19.09 vball=4.43 aball=14.3 bref=0.00 pid=526.8 pref=164.4 ppos=111.7 apid=0.0 integ=-0.0 vision=1 current=1 vframe=6199 vs=1 vage=18 vpage=18 vdt=35 vmax=568 vacc=6168 vrej=0 seq=0 elapsed=0 oled=3C
[   5875] STATUS mode=3 fault=none enc=154 denc=3 sreq=429 sapplied=429 crate=429 uimp=-128015 upos=1225 uneg=3020 ball=19.99 vball=11.17 aball=14.3 bref=0.00 pid=429.1 pref=164.4 ppos=121.5 apid=0.0 integ=-0.0 vision=1 current=1 vframe=6200 vs=1 vage=4 vpage=4 vdt=34 vmax=568 vacc=6169 vrej=0 seq=0 elapsed=0 oled=3C
[   5891] STATUS mode=3 fault=none enc=169 denc=5 sreq=678 sapplied=678 crate=678 uimp=-116510 upos=1245 uneg=3020 ball=19.99 vball=11.17 aball=78.8 bref=0.00 pid=678.1 pref=200.8 ppos=133.0 apid=0.0 integ=-0.0 vision=1 current=1 vframe=6200 vs=1 vage=24 vpage=24 vdt=34 vmax=568 vacc=6169 vrej=0 seq=0 elapsed=0 oled=3C
[   5922] STATUS mode=3 fault=none enc=202 denc=4 sreq=554 sapplied=554 crate=554 uimp=-90665 upos=1285 uneg=3020 ball=20.60 vball=13.49 aball=78.8 bref=0.00 pid=553.9 pref=214.2 ppos=158.8 apid=0.0 integ=-0.0 vision=1 current=1 vframe=6201 vs=1 vage=32 vpage=32 vdt=32 vmax=568 vacc=6170 vrej=0 seq=0 elapsed=0 oled=3C
[   5953] STATUS mode=3 fault=none enc=215 denc=3 sreq=535 sapplied=535 crate=535 uimp=-79480 upos=1305 uneg=3020 ball=21.21 vball=14.99 aball=78.8 bref=0.00 pid=535.4 pref=223.6 ppos=170.0 apid=0.0 integ=-0.0 vision=1 current=1 vframe=6202 vs=1 vage=19 vpage=19 vdt=33 vmax=568 vacc=6171 vrej=0 seq=0 elapsed=0 oled=3C
[   5983] STATUS mode=3 fault=none enc=227 denc=2 sreq=559 sapplied=559 crate=559 uimp=-69550 upos=1325 uneg=3020 ball=22.44 vball=21.77 aball=92.0 bref=0.00 pid=800.0 pref=261.2 ppos=180.0 apid=0.0 integ=-0.0 vision=1 current=1 vframe=6203 vs=1 vage=6 vpage=6 vdt=33 vmax=568 vacc=6172 vrej=0 seq=0 elapsed=0 oled=3C
[   6000] STATUS mode=3 fault=none enc=262 denc=5 sreq=684 sapplied=684 crate=684 uimp=-42905 upos=1365 uneg=3020 ball=23.41 vball=23.96 aball=92.0 bref=0.00 pid=684.1 pref=275.0 ppos=206.6 apid=0.0 integ=-0.0 vision=1 current=1 vframe=6204 vs=1 vage=12 vpage=12 vdt=34 vmax=568 vacc=6173 vrej=0 seq=0 elapsed=0 oled=3C
[   6031] STATUS mode=3 fault=none enc=278 denc=4 sreq=557 sapplied=557 crate=557 uimp=-30215 upos=1385 uneg=3020 ball=23.41 vball=23.96 aball=92.0 bref=0.00 pid=557.2 pref=275.0 ppos=219.3 apid=0.0 integ=-0.0 vision=1 current=1 vframe=6204 vs=1 vage=32 vpage=32 vdt=34 vmax=568 vacc=6173 vrej=0 seq=0 elapsed=0 oled=3C
[   6063] STATUS mode=3 fault=none enc=305 denc=3 sreq=559 sapplied=559 crate=559 uimp=-9060 upos=1425 uneg=3020 ball=25.60 vball=29.02 aball=82.9 bref=0.00 pid=664.4 pref=306.9 ppos=240.4 apid=0.0 integ=-0.0 vision=1 current=1 vframe=6206 vs=1 vage=5 vpage=5 vdt=34 vmax=568 vacc=6175 vrej=0 seq=0 elapsed=0 oled=3C
[   6078] STATUS mode=3 fault=none enc=320 denc=4 sreq=546 sapplied=546 crate=546 uimp=2810 upos=1445 uneg=3020 ball=25.60 vball=29.02 aball=82.9 bref=0.00 pid=545.7 pref=306.9 ppos=252.3 apid=0.0 integ=-0.0 vision=1 current=1 vframe=6206 vs=1 vage=25 vpage=25 vdt=34 vmax=568 vacc=6175 vrej=0 seq=0 elapsed=0 oled=3C
[   6108] STATUS mode=3 fault=none enc=333 denc=3 sreq=477 sapplied=477 crate=477 uimp=13100 upos=1465 uneg=3020 ball=26.59 vball=29.11 aball=82.9 bref=0.00 pid=477.0 pref=310.3 ppos=262.6 apid=0.0 integ=-0.0 vision=1 current=1 vframe=6207 vs=1 vage=12 vpage=12 vdt=33 vmax=568 vacc=6176 vrej=0 seq=0 elapsed=0 oled=3C
[   6141] STATUS mode=3 fault=none enc=354 denc=2 sreq=352 sapplied=352 crate=352 uimp=29535 upos=1505 uneg=3020 ball=27.59 vball=29.29 aball=82.9 bref=0.00 pid=351.6 pref=314.2 ppos=279.0 apid=0.0 integ=-0.0 vision=1 current=1 vframe=6208 vs=1 vage=19 vpage=19 vdt=33 vmax=568 vacc=6177 vrej=0 seq=0 elapsed=0 oled=3C
[   6172] STATUS mode=3 fault=none enc=363 denc=2 sreq=401 sapplied=401 crate=401 uimp=36055 upos=1525 uneg=3020 ball=28.76 vball=31.32 aball=56.1 bref=0.00 pid=423.0 pref=327.9 ppos=285.6 apid=0.0 integ=-0.0 vision=1 current=1 vframe=6209 vs=1 vage=6 vpage=6 vdt=33 vmax=568 vacc=6178 vrej=0 seq=0 elapsed=0 oled=3C
[   6188] STATUS mode=3 fault=none enc=373 denc=2 sreq=345 sapplied=345 crate=345 uimp=43810 upos=1545 uneg=3020 ball=28.76 vball=31.32 aball=56.1 bref=0.00 pid=345.5 pref=327.9 ppos=293.3 apid=0.0 integ=-0.0 vision=1 current=1 vframe=6209 vs=1 vage=26 vpage=26 vdt=33 vmax=568 vacc=6178 vrej=0 seq=0 elapsed=0 oled=3C
[   6219] STATUS mode=3 fault=none enc=383 denc=1 sreq=115 sapplied=115 crate=115 uimp=52410 upos=1585 uneg=3020 ball=30.20 vball=27.01 aball=56.1 bref=0.00 pid=114.9 pref=313.4 ppos=301.9 apid=0.0 integ=-0.0 vision=1 current=1 vframe=6211 vs=1 vage=1 vpage=1 vdt=31 vmax=568 vacc=6180 vrej=0 seq=0 elapsed=0 oled=3C
[   6250] STATUS mode=3 fault=none enc=385 denc=1 sreq=70 sapplied=70 crate=70 uimp=54140 upos=1605 uneg=3020 ball=30.20 vball=27.01 aball=56.1 bref=0.00 pid=69.8 pref=310.6 ppos=303.6 apid=0.0 integ=-0.0 vision=1 current=1 vframe=6211 vs=1 vage=21 vpage=21 vdt=31 vmax=568 vacc=6180 vrej=0 seq=0 elapsed=0 oled=3C
[   6266] STATUS mode=3 fault=none enc=387 denc=0 sreq=0 sapplied=0 crate=-11 uimp=55435 upos=1625 uneg=3020 ball=30.87 vball=25.26 aball=3.3 bref=0.00 pid=-10.5 pref=303.9 ppos=304.9 apid=0.0 integ=-0.0 vision=1 current=1 vframe=6212 vs=1 vage=7 vpage=7 vdt=34 vmax=568 vacc=6181 vrej=0 seq=0 elapsed=0 oled=3C
[   6297] STATUS mode=3 fault=none enc=388 denc=0 sreq=117 sapplied=117 crate=117 uimp=55880 upos=1630 uneg=3020 ball=31.90 vball=27.28 aball=3.3 bref=0.00 pid=116.9 pref=317.1 ppos=305.4 apid=0.0 integ=-0.0 vision=1 current=1 vframe=6213 vs=1 vage=14 vpage=14 vdt=33 vmax=568 vacc=6182 vrej=0 seq=0 elapsed=0 oled=3C
[   6328] STATUS mode=3 fault=none enc=391 denc=1 sreq=95 sapplied=95 crate=95 uimp=58050 upos=1650 uneg=3020 ball=31.90 vball=27.28 aball=3.3 bref=0.00 pid=95.2 pref=317.1 ppos=307.6 apid=0.0 integ=-0.0 vision=1 current=1 vframe=6213 vs=1 vage=34 vpage=34 vdt=33 vmax=568 vacc=6182 vrej=0 seq=0 elapsed=0 oled=3C
[   6358] STATUS mode=3 fault=none enc=393 denc=0 sreq=-63 sapplied=-63 crate=-63 uimp=58975 upos=1660 uneg=3020 ball=32.45 vball=23.97 aball=3.3 bref=0.00 pid=-63.0 pref=302.2 ppos=308.5 apid=0.0 integ=-0.0 vision=1 current=1 vframe=6214 vs=1 vage=19 vpage=19 vdt=35 vmax=568 vacc=6183 vrej=0 seq=0 elapsed=0 oled=3C
[   6375] STATUS mode=3 fault=none enc=389 denc=-2 sreq=-276 sapplied=-276 crate=-276 uimp=52780 upos=1660 uneg=3060 ball=32.62 vball=18.37 aball=-28.9 bref=0.00 pid=-276.0 pref=274.7 ppos=302.3 apid=-0.0 integ=-0.0 vision=1 current=1 vframe=6215 vs=1 vage=26 vpage=26 vdt=33 vmax=568 vacc=6184 vrej=0 seq=0 elapsed=0 oled=3C
[   6406] STATUS mode=3 fault=none enc=383 denc=-2 sreq=-225 sapplied=-225 crate=-225 uimp=47660 upos=1660 uneg=3080 ball=32.62 vball=18.37 aball=-28.9 bref=0.00 pid=-224.8 pref=274.7 ppos=297.2 apid=-0.0 integ=-0.0 vision=1 current=0 vframe=6216 vs=0 vage=46 vpage=12 vdt=33 vmax=568 vacc=6184 vrej=0 seq=0 elapsed=0 oled=3C
[   6438] STATUS mode=3 fault=none enc=378 denc=-1 sreq=-183 sapplied=-183 crate=-183 uimp=43485 upos=1660 uneg=3100 ball=32.62 vball=18.37 aball=-28.9 bref=0.00 pid=-183.0 pref=274.7 ppos=293.0 apid=-0.0 integ=-0.0 vision=1 current=0 vframe=6216 vs=0 vage=66 vpage=32 vdt=33 vmax=568 vacc=6184 vrej=0 seq=0 elapsed=0 oled=3C
[   6469] STATUS mode=3 fault=none enc=360 denc=-2 sreq=-497 sapplied=-497 crate=-497 uimp=29870 upos=1660 uneg=3140 ball=32.77 vball=7.62 aball=-64.3 bref=0.00 pid=-579.9 pref=221.4 ppos=279.4 apid=-0.0 integ=-0.0 vision=1 current=1 vframe=6218 vs=1 vage=6 vpage=6 vdt=33 vmax=568 vacc=6186 vrej=0 seq=0 elapsed=0 oled=3C
[   6483] STATUS mode=3 fault=none enc=345 denc=-4 sreq=-476 sapplied=-476 crate=-476 uimp=19470 upos=1660 uneg=3160 ball=32.77 vball=7.62 aball=-64.3 bref=0.00 pid=-475.9 pref=221.4 ppos=269.0 apid=-0.0 integ=-0.0 vision=1 current=1 vframe=6218 vs=1 vage=26 vpage=26 vdt=33 vmax=568 vacc=6186 vrej=0 seq=0 elapsed=0 oled=3C
[   6516] STATUS mode=3 fault=none enc=335 denc=-2 sreq=-388 sapplied=-388 crate=-388 uimp=10645 upos=1660 uneg=3180 ball=32.77 vball=7.62 aball=-64.3 bref=0.00 pid=-387.6 pref=221.4 ppos=260.2 apid=-0.0 integ=-0.0 vision=1 current=0 vframe=6219 vs=0 vage=46 vpage=12 vdt=33 vmax=568 vacc=6186 vrej=0 seq=0 elapsed=0 oled=3C
[   6547] STATUS mode=3 fault=none enc=315 denc=-4 sreq=-560 sapplied=-560 crate=-560 uimp=-4125 upos=1660 uneg=3220 ball=32.31 vball=1.50 aball=-64.3 bref=0.00 pid=-559.7 pref=189.4 ppos=245.4 apid=-0.0 integ=-0.0 vision=1 current=1 vframe=6220 vs=1 vage=19 vpage=19 vdt=67 vmax=568 vacc=6187 vrej=0 seq=0 elapsed=0 oled=3C
[   6578] STATUS mode=3 fault=none enc=302 denc=-2 sreq=-580 sapplied=-580 crate=-580 uimp=-14510 upos=1660 uneg=3240 ball=31.86 vball=-2.96 aball=-83.0 bref=0.00 pid=-692.4 pref=165.8 ppos=235.0 apid=-0.0 integ=-0.0 vision=1 current=1 vframe=6221 vs=1 vage=6 vpage=6 vdt=33 vmax=568 vacc=6188 vrej=0 seq=0 elapsed=0 oled=3C
[   6594] STATUS mode=3 fault=none enc=272 denc=-4 sreq=-542 sapplied=-542 crate=-542 uimp=-37835 upos=1660 uneg=3280 ball=31.59 vball=-4.46 aball=-83.0 bref=0.00 pid=-542.2 pref=157.5 ppos=211.7 apid=-0.0 integ=-0.0 vision=1 current=1 vframe=6222 vs=1 vage=13 vpage=13 vdt=33 vmax=568 vacc=6189 vrej=0 seq=0 elapsed=0 oled=3C
[   6625] STATUS mode=3 fault=none enc=259 denc=-3 sreq=-442 sapplied=-442 crate=-442 uimp=-47890 upos=1660 uneg=3300 ball=31.59 vball=-4.46 aball=-83.0 bref=0.00 pid=-441.7 pref=157.5 ppos=201.6 apid=-0.0 integ=-0.0 vision=1 current=1 vframe=6222 vs=1 vage=33 vpage=33 vdt=33 vmax=568 vacc=6189 vrej=0 seq=0 elapsed=0 oled=3C
[   6656] STATUS mode=3 fault=none enc=247 denc=-3 sreq=-488 sapplied=-488 crate=-488 uimp=-57370 upos=1660 uneg=3320 ball=31.14 vball=-7.01 aball=-83.0 bref=0.00 pid=-487.9 pref=143.4 ppos=192.1 apid=-0.0 integ=-0.0 vision=1 current=1 vframe=6223 vs=1 vage=19 vpage=19 vdt=34 vmax=568 vacc=6190 vrej=0 seq=0 elapsed=0 oled=3C
[   6688] STATUS mode=3 fault=none enc=227 denc=-2 sreq=-305 sapplied=-305 crate=-305 uimp=-73355 upos=1660 uneg=3360 ball=30.97 vball=-6.44 aball=-61.3 bref=0.00 pid=-304.6 pref=145.7 ppos=176.2 apid=-0.0 integ=-0.0 vision=1 current=1 vframe=6224 vs=1 vage=26 vpage=26 vdt=33 vmax=568 vacc=6191 vrej=0 seq=0 elapsed=0 oled=3C
[   6703] STATUS mode=3 fault=none enc=219 denc=-2 sreq=-324 sapplied=-324 crate=-324 uimp=-79410 upos=1660 uneg=3380 ball=30.59 vball=-7.82 aball=-61.3 bref=0.00 pid=-324.5 pref=137.7 ppos=170.1 apid=-0.0 integ=-0.0 vision=1 current=1 vframe=6225 vs=1 vage=13 vpage=13 vdt=33 vmax=568 vacc=6192 vrej=0 seq=0 elapsed=0 oled=3C
[   6733] STATUS mode=3 fault=none enc=212 denc=-2 sreq=-264 sapplied=-264 crate=-264 uimp=-85425 upos=1660 uneg=3400 ball=30.59 vball=-7.82 aball=-61.3 bref=0.00 pid=-264.3 pref=137.7 ppos=164.1 apid=-0.0 integ=-0.0 vision=1 current=1 vframe=6225 vs=1 vage=33 vpage=33 vdt=33 vmax=568 vacc=6192 vrej=0 seq=0 elapsed=0 oled=3C
[   6766] STATUS mode=3 fault=none enc=203 denc=-1 sreq=-51 sapplied=-51 crate=-51 uimp=-92945 upos=1660 uneg=3440 ball=30.45 vball=-4.66 aball=-25.4 bref=0.00 pid=-35.3 pref=153.0 ppos=156.6 apid=-0.0 integ=-0.0 vision=1 current=1 vframe=6227 vs=1 vage=9 vpage=9 vdt=31 vmax=568 vacc=6194 vrej=0 seq=0 elapsed=0 oled=3C
[   6797] STATUS mode=3 fault=none enc=203 denc=0 sreq=-28 sapplied=-28 crate=-28 uimp=-93670 upos=1660 uneg=3460 ball=30.45 vball=-4.66 aball=-25.4 bref=0.00 pid=-28.1 pref=153.0 ppos=155.8 apid=-0.0 integ=-0.0 vision=1 current=1 vframe=6227 vs=1 vage=29 vpage=29 vdt=31 vmax=568 vacc=6194 vrej=0 seq=0 elapsed=0 oled=3C
[   6813] STATUS mode=3 fault=none enc=202 denc=0 sreq=41 sapplied=41 crate=41 uimp=-92740 upos=1685 uneg=3470 ball=30.83 vball=1.15 aball=-25.4 bref=0.00 pid=41.2 pref=160.9 ppos=156.8 apid=-0.0 integ=-0.0 vision=1 current=1 vframe=6229 vs=1 vage=2 vpage=2 vdt=33 vmax=568 vacc=6196 vrej=0 seq=0 elapsed=0 oled=3C
[   6844] STATUS mode=3 fault=none enc=206 denc=1 sreq=231 sapplied=231 crate=231 uimp=-89410 upos=1705 uneg=3470 ball=30.83 vball=1.15 aball=-25.4 bref=0.00 pid=231.2 pref=183.2 ppos=160.1 apid=-0.0 integ=-0.0 vision=1 current=1 vframe=6229 vs=1 vage=22 vpage=22 vdt=33 vmax=568 vacc=6196 vrej=0 seq=0 elapsed=0 oled=3C
[   6875] STATUS mode=3 fault=none enc=212 denc=2 sreq=298 sapplied=298 crate=298 uimp=-85120 upos=1725 uneg=3470 ball=31.17 vball=3.84 aball=24.3 bref=0.00 pid=333.0 pref=197.7 ppos=164.4 apid=0.0 integ=-0.0 vision=1 current=1 vframe=6230 vs=1 vage=9 vpage=9 vdt=33 vmax=568 vacc=6197 vrej=0 seq=0 elapsed=0 oled=3C
[   6906] STATUS mode=3 fault=none enc=225 denc=1 sreq=241 sapplied=241 crate=241 uimp=-73940 upos=1765 uneg=3470 ball=31.33 vball=4.13 aball=24.3 bref=0.00 pid=240.5 pref=199.6 ppos=175.6 apid=0.0 integ=-0.0 vision=1 current=1 vframe=6231 vs=1 vage=14 vpage=14 vdt=35 vmax=568 vacc=6198 vrej=0 seq=0 elapsed=0 oled=3C
[   6922] STATUS mode=3 fault=none enc=231 denc=1 sreq=196 sapplied=196 crate=196 uimp=-69480 upos=1785 uneg=3470 ball=31.33 vball=4.13 aball=24.3 bref=0.00 pid=195.9 pref=199.6 ppos=180.0 apid=0.0 integ=-0.0 vision=1 current=1 vframe=6231 vs=1 vage=34 vpage=34 vdt=35 vmax=568 vacc=6198 vrej=0 seq=0 elapsed=0 oled=3C
[   6953] STATUS mode=3 fault=none enc=239 denc=4 sreq=406 sapplied=406 crate=406 uimp=-64210 upos=1805 uneg=3470 ball=32.04 vball=8.95 aball=24.3 bref=0.00 pid=405.5 pref=225.9 ppos=185.3 apid=0.0 integ=-0.0 vision=1 current=1 vframe=6232 vs=1 vage=18 vpage=18 vdt=36 vmax=568 vacc=6199 vrej=0 seq=0 elapsed=0 oled=3C
[   6983] STATUS mode=3 fault=none enc=255 denc=1 sreq=279 sapplied=279 crate=279 uimp=-50340 upos=1845 uneg=3470 ball=32.35 vball=9.00 aball=36.1 bref=0.00 pid=278.6 pref=227.0 ppos=199.2 apid=0.0 integ=-0.0 vision=1 current=1 vframe=6233 vs=1 vage=27 vpage=27 vdt=31 vmax=568 vacc=6200 vrej=0 seq=0 elapsed=0 oled=3C
[   7016] STATUS mode=3 fault=none enc=263 denc=2 sreq=451 sapplied=451 crate=451 uimp=-44610 upos=1865 uneg=3470 ball=33.21 vball=14.52 aball=36.1 bref=0.00 pid=523.1 pref=257.2 ppos=204.9 apid=0.0 integ=-0.0 vision=1 current=1 vframe=6234 vs=1 vage=14 vpage=14 vdt=33 vmax=568 vacc=6201 vrej=0 seq=0 elapsed=0 oled=3C
[   7031] STATUS mode=3 fault=none enc=275 denc=2 sreq=429 sapplied=429 crate=429 uimp=-35210 upos=1885 uneg=3470 ball=33.21 vball=14.52 aball=36.1 bref=0.00 pid=429.1 pref=257.2 ppos=214.3 apid=0.0 integ=-0.0 vision=1 current=1 vframe=6234 vs=1 vage=34 vpage=34 vdt=33 vmax=568 vacc=6201 vrej=0 seq=0 elapsed=0 oled=3C
[   7063] STATUS mode=3 fault=none enc=297 denc=1 sreq=486 sapplied=486 crate=486 uimp=-17225 upos=1925 uneg=3470 ball=34.84 vball=19.53 aball=68.2 bref=0.00 pid=548.7 pref=287.2 ppos=232.3 apid=0.0 integ=-0.0 vision=1 current=1 vframe=6236 vs=1 vage=9 vpage=9 vdt=31 vmax=568 vacc=6203 vrej=0 seq=0 elapsed=0 oled=3C
[   7094] STATUS mode=3 fault=none enc=311 denc=3 sreq=450 sapplied=450 crate=450 uimp=-7320 upos=1945 uneg=3470 ball=34.84 vball=19.53 aball=68.2 bref=0.00 pid=449.6 pref=287.2 ppos=242.2 apid=0.0 integ=-0.0 vision=1 current=1 vframe=6236 vs=1 vage=29 vpage=29 vdt=31 vmax=568 vacc=6203 vrej=0 seq=0 elapsed=0 oled=3C
[   7108] STATUS mode=3 fault=none enc=322 denc=3 sreq=494 sapplied=494 crate=494 uimp=1625 upos=1965 uneg=3470 ball=35.74 vball=21.67 aball=68.2 bref=0.00 pid=494.2 pref=300.6 ppos=251.1 apid=0.0 integ=-0.0 vision=1 current=1 vframe=6237 vs=1 vage=12 vpage=12 vdt=37 vmax=568 vacc=6204 vrej=0 seq=0 elapsed=0 oled=3C
[   7141] STATUS mode=3 fault=none enc=344 denc=2 sreq=359 sapplied=359 crate=359 uimp=18780 upos=2005 uneg=3470 ball=36.53 vball=21.92 aball=68.2 bref=0.00 pid=358.8 pref=304.2 ppos=268.3 apid=0.0 integ=-0.0 vision=1 current=1 vframe=6238 vs=1 vage=21 vpage=21 vdt=31 vmax=568 vacc=6205 vrej=0 seq=0 elapsed=0 oled=3C
[   7172] STATUS mode=3 fault=none enc=353 denc=3 sreq=237 sapplied=237 crate=237 uimp=25440 upos=2025 uneg=3470 ball=37.07 vball=20.49 aball=41.8 bref=0.00 pid=236.9 pref=298.6 ppos=274.9 apid=0.0 integ=-0.0 vision=1 current=1 vframe=6239 vs=1 vage=9 vpage=9 vdt=32 vmax=568 vacc=6206 vrej=0 seq=0 elapsed=0 oled=3C
[   7203] STATUS mode=3 fault=none enc=359 denc=2 sreq=193 sapplied=193 crate=193 uimp=29835 upos=2045 uneg=3470 ball=37.07 vball=20.49 aball=41.8 bref=0.00 pid=193.0 pref=298.6 ppos=279.3 apid=0.0 integ=-0.0 vision=1 current=1 vframe=6239 vs=1 vage=29 vpage=29 vdt=32 vmax=568 vacc=6206 vrej=0 seq=0 elapsed=0 oled=3C
[   7219] STATUS mode=3 fault=none enc=363 denc=1 sreq=44 sapplied=44 crate=44 uimp=33400 upos=2085 uneg=3470 ball=38.35 vball=20.06 aball=41.8 bref=0.00 pid=43.5 pref=287.3 ppos=282.9 apid=0.0 integ=-0.0 vision=1 current=1 vframe=6241 vs=1 vage=1 vpage=1 vdt=34 vmax=568 vacc=6208 vrej=0 seq=0 elapsed=0 oled=3C
[   7250] STATUS mode=3 fault=none enc=366 denc=3 sreq=149 sapplied=149 crate=149 uimp=35950 upos=2105 uneg=3470 ball=38.35 vball=20.06 aball=41.8 bref=0.00 pid=148.7 pref=300.3 ppos=285.5 apid=0.0 integ=-0.0 vision=1 current=1 vframe=6241 vs=1 vage=21 vpage=21 vdt=34 vmax=568 vacc=6208 vrej=0 seq=0 elapsed=0 oled=3C
[   7281] STATUS mode=3 fault=none enc=368 denc=0 sreq=81 sapplied=81 crate=81 uimp=38710 upos=2125 uneg=3470 ball=38.87 vball=18.95 aball=16.1 bref=0.00 pid=81.2 pref=296.3 ppos=288.2 apid=0.0 integ=-0.0 vision=1 current=1 vframe=6242 vs=1 vage=9 vpage=9 vdt=32 vmax=568 vacc=6209 vrej=0 seq=0 elapsed=0 oled=3C
[   7297] STATUS mode=3 fault=none enc=371 denc=-1 sreq=-24 sapplied=-24 crate=-24 uimp=40735 upos=2155 uneg=3475 ball=39.28 vball=17.00 aball=16.1 bref=0.00 pid=-24.2 pref=287.8 ppos=290.2 apid=0.0 integ=-0.0 vision=1 current=1 vframe=6243 vs=1 vage=15 vpage=15 vdt=34 vmax=568 vacc=6210 vrej=0 seq=0 elapsed=0 oled=3C
[   7328] STATUS mode=3 fault=none enc=372 denc=0 sreq=-20 sapplied=-20 crate=-20 uimp=40285 upos=2155 uneg=3495 ball=39.28 vball=17.00 aball=16.1 bref=0.00 pid=-19.7 pref=287.8 ppos=289.8 apid=0.0 integ=-0.0 vision=1 current=1 vframe=6243 vs=1 vage=35 vpage=35 vdt=34 vmax=568 vacc=6210 vrej=0 seq=0 elapsed=0 oled=3C
[   7358] STATUS mode=3 fault=none enc=370 denc=-1 sreq=-114 sapplied=-114 crate=-114 uimp=38355 upos=2155 uneg=3515 ball=39.56 vball=14.57 aball=16.1 bref=0.00 pid=-113.5 pref=276.5 ppos=287.9 apid=0.0 integ=-0.0 vision=1 current=1 vframe=6244 vs=1 vage=20 vpage=20 vdt=35 vmax=568 vacc=6211 vrej=0 seq=0 elapsed=0 oled=3C
[   7391] STATUS mode=3 fault=none enc=363 denc=-2 sreq=-208 sapplied=-208 crate=-208 uimp=31805 upos=2155 uneg=3555 ball=39.68 vball=11.30 aball=-24.9 bref=0.00 pid=-207.9 pref=260.5 ppos=281.3 apid=-0.0 integ=-0.0 vision=1 current=1 vframe=6245 vs=1 vage=27 vpage=27 vdt=33 vmax=568 vacc=6212 vrej=0 seq=0 elapsed=0 oled=3C
[   7406] STATUS mode=3 fault=none enc=357 denc=-2 sreq=-359 sapplied=-359 crate=-359 uimp=27395 upos=2155 uneg=3575 ball=39.62 vball=7.43 aball=-24.9 bref=0.00 pid=-359.1 pref=241.0 ppos=276.9 apid=-0.0 integ=-0.0 vision=1 current=1 vframe=6246 vs=1 vage=13 vpage=13 vdt=34 vmax=568 vacc=6213 vrej=0 seq=0 elapsed=0 oled=3C
[   7438] STATUS mode=3 fault=none enc=340 denc=-2 sreq=-429 sapplied=-429 crate=-429 uimp=13730 upos=2155 uneg=3615 ball=39.41 vball=3.42 aball=-24.9 bref=0.00 pid=-429.3 pref=220.3 ppos=263.2 apid=-0.0 integ=-0.0 vision=1 current=1 vframe=6247 vs=1 vage=19 vpage=19 vdt=34 vmax=568 vacc=6214 vrej=0 seq=0 elapsed=0 oled=3C
[   7469] STATUS mode=3 fault=none enc=329 denc=-3 sreq=-442 sapplied=-442 crate=-442 uimp=5770 upos=2155 uneg=3635 ball=39.32 vball=1.63 aball=-56.8 bref=0.00 pid=-441.9 pref=211.1 ppos=255.3 apid=-0.0 integ=-0.0 vision=1 current=1 vframe=6248 vs=1 vage=6 vpage=6 vdt=33 vmax=568 vacc=6215 vrej=0 seq=0 elapsed=0 oled=3C
[   7500] STATUS mode=3 fault=none enc=319 denc=-2 sreq=-360 sapplied=-360 crate=-360 uimp=-2430 upos=2155 uneg=3655 ball=39.32 vball=1.63 aball=-56.8 bref=0.00 pid=-359.9 pref=211.1 ppos=247.1 apid=-0.0 integ=-0.0 vision=1 current=1 vframe=6248 vs=1 vage=26 vpage=26 vdt=33 vmax=568 vacc=6215 vrej=0 seq=0 elapsed=0 oled=3C
[   7516] STATUS mode=3 fault=none enc=304 denc=-2 sreq=-215 sapplied=-215 crate=-215 uimp=-13840 upos=2155 uneg=3695 ball=39.44 vball=2.18 aball=-56.8 bref=0.00 pid=-214.7 pref=214.2 ppos=235.7 apid=-0.0 integ=-0.0 vision=1 current=1 vframe=6249 vs=1 vage=33 vpage=33 vdt=33 vmax=568 vacc=6216 vrej=0 seq=0 elapsed=0 oled=3C
[   7547] STATUS mode=3 fault=none enc=301 denc=-1 sreq=-107 sapplied=-107 crate=-107 uimp=-16685 upos=2155 uneg=3715 ball=39.68 vball=3.63 aball=-56.8 bref=0.00 pid=-106.5 pref=222.2 ppos=232.8 apid=-0.0 integ=-0.0 vision=1 current=1 vframe=6250 vs=1 vage=19 vpage=19 vdt=34 vmax=568 vacc=6217 vrej=0 seq=0 elapsed=0 oled=3C
[   7578] STATUS mode=3 fault=none enc=298 denc=-2 sreq=-180 sapplied=-180 crate=-180 uimp=-18660 upos=2155 uneg=3735 ball=39.60 vball=1.81 aball=-30.4 bref=0.00 pid=-180.2 pref=212.8 ppos=230.8 apid=-0.0 integ=-0.0 vision=1 current=1 vframe=6251 vs=1 vage=7 vpage=7 vdt=32 vmax=568 vacc=6218 vrej=0 seq=0 elapsed=0 oled=3C
[   7608] STATUS mode=3 fault=none enc=291 denc=-1 sreq=-202 sapplied=-202 crate=-202 uimp=-25155 upos=2155 uneg=3775 ball=39.48 vball=0.14 aball=-30.4 bref=0.00 pid=-202.3 pref=204.1 ppos=224.4 apid=-0.0 integ=-0.0 vision=1 current=1 vframe=6252 vs=1 vage=13 vpage=13 vdt=34 vmax=568 vacc=6219 vrej=0 seq=0 elapsed=0 oled=3C
[   7625] STATUS mode=3 fault=none enc=286 denc=-1 sreq=-165 sapplied=-165 crate=-165 uimp=-28905 upos=2155 uneg=3795 ball=39.48 vball=0.14 aball=-30.4 bref=0.00 pid=-164.8 pref=204.1 ppos=220.6 apid=-0.0 integ=-0.0 vision=1 current=1 vframe=6252 vs=1 vage=33 vpage=33 vdt=34 vmax=568 vacc=6219 vrej=0 seq=0 elapsed=0 oled=3C
[   7656] STATUS mode=3 fault=none enc=284 denc=1 sreq=-82 sapplied=-82 crate=-82 uimp=-31400 upos=2155 uneg=3815 ball=39.58 vball=1.10 aball=-30.4 bref=0.00 pid=-82.1 pref=209.9 ppos=218.1 apid=-0.0 integ=0.7 vision=1 current=1 vframe=6253 vs=1 vage=19 vpage=19 vdt=34 vmax=568 vacc=6220 vrej=0 seq=0 elapsed=0 oled=3C
[   7688] STATUS mode=3 fault=none enc=280 denc=0 sreq=31 sapplied=31 crate=31 uimp=-32410 upos=2170 uneg=3835 ball=39.82 vball=2.88 aball=-12.0 bref=0.00 pid=30.7 pref=220.2 ppos=217.1 apid=-0.0 integ=1.3 vision=1 current=1 vframe=6254 vs=1 vage=26 vpage=26 vdt=33 vmax=568 vacc=6221 vrej=0 seq=0 elapsed=0 oled=3C
[   7719] STATUS mode=3 fault=none enc=280 denc=0 sreq=21 sapplied=21 crate=21 uimp=-31860 upos=2190 uneg=3835 ball=39.88 vball=2.63 aball=-12.0 bref=0.00 pid=21.1 pref=219.8 ppos=217.6 apid=-0.0 integ=2.0 vision=1 current=1 vframe=6255 vs=1 vage=13 vpage=13 vdt=33 vmax=568 vacc=6222 vrej=0 seq=0 elapsed=0 oled=3C
[   7733] STATUS mode=3 fault=none enc=281 denc=0 sreq=-27 sapplied=-27 crate=-27 uimp=-31795 upos=2200 uneg=3840 ball=39.85 vball=1.57 aball=-12.0 bref=0.00 pid=-26.6 pref=215.0 ppos=217.7 apid=integ=2.0 vision=1 current=1 vframe=6255 vs=1 vage=33 vpage=33 vdt=33 vmax=568 vacc=6222 vrej=0 seq=0 elapsed=0 oled=3C
[   7766] STATUS mode=3 fault=none enc=282 denc=0 sreq=-71 sapplied=-71 crate=-71 uimp=-32290 upos=2200 uneg=3860 ball=39.79 vball=0.50 aball=-17.5 bref=0.00 pid=-70.8 pref=210.1 ppos=217.2 apid=-0.0 integ=3.3 vision=1 current=1 vframe=6257 vs=1 vage=8 vpage=8 vdt=31 vmax=568 vacc=6224 vrej=0 seq=0 elapsed=0 oled=3C
[   7797] STATUS mode=3 fault=none enc=280 denc=0 sreq=-58 sapplied=-58 crate=-58 uimp=-33605 upos=2200 uneg=3880 ball=39.79 vball=0.50 aball=-17.5 bref=0.00 pid=-57.7 pref=210.1 ppos=215.9 apid=-0.0 integ=3.3 vision=1 current=1 vframe=6257 vs=1 vage=28 vpage=28 vdt=31 vmax=568 vacc=6224 vrej=0 seq=0 elapsed=0 oled=3C
[   7813] STATUS mode=3 fault=none enc=278 denc=-1 sreq=-45 sapplied=-45 crate=-45 uimp=-35780 upos=2200 uneg=3920 ball=39.76 vball=0.11 aball=-17.5 bref=0.00 pid=-44.7 pref=209.3 ppos=213.7 apid=-0.0 integ=3.9 vision=1 current=1 vframe=6259 vs=1 vage=2 vpage=2 vdt=34 vmax=568 vacc=6226 vrej=0 seq=0 elapsed=0 oled=3C
[   7844] STATUS mode=3 fault=none enc=278 denc=0 sreq=-35 sapplied=-35 crate=-35 uimp=-36590 upos=2200 uneg=3940 ball=39.76 vball=0.11 aball=-17.5 bref=0.00 pid=-35.1 pref=209.4 ppos=212.9 apid=-0.0 integ=4.6 vision=1 current=1 vframe=6259 vs=1 vage=22 vpage=22 vdt=34 vmax=568 vacc=6226 vrej=0 seq=0 elapsed=0 oled=3C
[   7875] STATUS mode=3 fault=none enc=277 denc=1 sreq=-25 sapplied=-25 crate=-25 uimp=-37240 upos=2200 uneg=3960 ball=39.76 vball=0.06 aball=-11.6 bref=0.00 pid=-24.5 pref=209.8 ppos=212.3 apid=-0.0 integ=5.3 vision=1 current=1 vframe=6260 vs=1 vage=9 vpage=9 vdt=33 vmax=568 vacc=6227 vrej=0 seq=0 elapsed=0 oled=3C
[   7906] STATUS mode=3 fault=none enc=276 denc=0 sreq=0 sapplied=0 crate=-14 uimp=-37795 upos=2200 uneg=3985 ball=39.76 vball=0.03 aball=-11.6 bref=0.00 pid=-13.5 pref=210.4 ppos=211.7 apid=-0.0 integ=5.9 vision=1 current=1 vframe=6261 vs=1 vage=14 vpage=14 vdt=35 vmax=568 vacc=6228 vrej=0 seq=0 elapsed=0 oled=3C
[   7922] STATUS mode=3 fault=none enc=276 denc=0 sreq=0 sapplied=0 crate=-14 uimp=-37795 upos=2200 uneg=3985 ball=39.87 vball=0.93 aball=-11.6 bref=0.00 pid=-13.5 pref=210.4 ppos=211.7 apid=-0.0 integ=5.9 vision=1 current=1 vframe=6262 vs=1 vage=2 vpage=2 vdt=32 vmax=568 vacc=6229 vrej=0 seq=0 elapsed=0 oled=3C
[   7953] STATUS mode=3 fault=none enc=276 denc=0 sreq=37 sapplied=37 crate=37 uimp=-37395 upos=2210 uneg=3985 ball=39.87 vball=0.93 aball=-11.6 bref=0.00 pid=37.1 pref=215.8 ppos=212.1 apid=-0.0 integ=6.6 vision=1 current=1 vframe=6262 vs=1 vage=22 vpage=22 vdt=32 vmax=568 vacc=6229 vrej=0 seq=0 elapsed=0 oled=3C
[   7983] STATUS mode=3 fault=none enc=276 denc=0 sreq=31 sapplied=31 crate=31 uimp=-35995 upos=2250 uneg=3985 ball=39.90 vball=0.94 aball=-2.4 bref=0.00 pid=31.1 pref=216.6 ppos=213.5 apid=-0.0 integ=7.2 vision=1 current=1 vframe=6263 vs=1 vage=29 vpage=29 vdt=33 vmax=568 vacc=6230 vrej=0 seq=0 elapsed=0 oled=3C
[   8000] STATUS mode=3 fault=none enc=277 denc=-1 sreq=40 sapplied=40 crate=40 uimp=-35250 upos=2270 uneg=3985 ball=39.95 vball=1.11 aball=-2.4 bref=0.00 pid=40.5 pref=218.3 ppos=214.3 apid=-0.0 integ=7.9 vision=1 current=1 vframe=6264 vs=1 vage=15 vpage=15 vdt=34 vmax=568 vacc=6231 vrej=0 seq=0 elapsed=0 oled=3C
[   8031] STATUS mode=3 fault=none enc=278 denc=0 sreq=33 sapplied=33 crate=33 uimp=-34500 upos=2290 uneg=3985 ball=39.96 vball=0.90 aball=-2.4 bref=0.00 pid=33.0 pref=218.3 ppos=215.0 apid=-0.0 integ=7.9 vision=1 current=1 vframe=6265 vs=1 vage=1 vpage=1 vdt=34 vmax=568 vacc=6232 vrej=0 seq=0 elapsed=0 oled=3C
[   8063] STATUS mode=3 fault=none enc=279 denc=0 sreq=34 sapplied=34 crate=34 uimp=-33490 upos=2330 uneg=3985 ball=40.01 vball=1.03 aball=-0.9 bref=0.00 pid=34.3 pref=219.4 ppos=216.0 apid=-0.0 integ=9.3 vision=1 current=1 vframe=6266 vs=1 vage=7 vpage=7 vdt=34 vmax=568 vacc=6233 vrej=0 seq=0 elapsed=0 oled=3C
[   8094] STATUS mode=3 fault=none enc=281 denc=1 sreq=28 sapplied=28 crate=28 uimp=-32855 upos=2350 uneg=3985 ball=40.01 vball=1.03 aball=-0.9 bref=0.00 pid=27.9 pref=219.4 ppos=216.7 apid=-0.0 integ=9.3 vision=1 current=1 vframe=6266 vs=1 vage=27 vpage=27 vdt=34 vmax=568 vacc=6233 vrej=0 seq=0 elapsed=0 oled=3C
[   8108] STATUS mode=3 fault=none enc=280 denc=-2 sreq=327 sapplied=327 crate=327 uimp=-30810 upos=2370 uneg=3985 ball=40.74 vball=7.11 aball=-0.9 bref=0.00 pid=333.4 pref=252.0 ppos=218.7 apid=-0.0 integ=9.3 vision=1 current=1 vframe=6267 vs=1 vage=16 vpage=16 vdt=31 vmax=568 vacc=6234 vrej=0 seq=0 elapsed=0 oled=3C
[   8141] STATUS mode=3 fault=none enc=293 denc=1 sreq=0 sapplied=0 crate=-12 uimp=-22075 upos=2405 uneg=3985 ball=40.98 vball=7.04 aball=-0.9 bref=0.00 pid=-12.2 pref=226.2 ppos=227.4 apid=-0.0 integ=-0.0 vision=1 current=1 vframe=6268 vs=1 vage=22 vpage=22 vdt=34 vmax=568 vacc=6235 vrej=0 seq=0 elapsed=0 oled=3C
[   8172] STATUS mode=3 fault=none enc=293 denc=0 sreq=-93 sapplied=0 crate=-93 uimp=-22075 upos=2405 uneg=3985 ball=41.03 vball=5.39 aball=19.5 bref=0.00 pid=-93.2 pref=218.1 ppos=227.4 apid=0.0 integ=-0.0 vision=1 current=1 vframe=6269 vs=1 vage=9 vpage=9 vdt=33 vmax=568 vacc=6236 vrej=0 seq=0 elapsed=0 oled=3C
[   8188] STATUS mode=3 fault=none enc=292 denc=-1 sreq=-80 sapplied=-80 crate=-80 uimp=-23405 upos=2405 uneg=4000 ball=41.03 vball=5.39 aball=19.5 bref=0.00 pid=-79.9 pref=218.1 ppos=226.1 apid=0.0 integ=-0.0 vision=1 current=1 vframe=6269 vs=1 vage=29 vpage=29 vdt=33 vmax=568 vacc=6236 vrej=0 seq=0 elapsed=0 oled=3C
[   8219] STATUS mode=3 fault=none enc=286 denc=-1 sreq=-122 sapplied=-122 crate=-122 uimp=-28580 upos=2405 uneg=4040 ball=40.97 vball=2.24 aball=19.5 bref=0.00 pid=-122.1 pref=208.7 ppos=220.9 apid=0.0 integ=-0.0 vision=1 current=1 vframe=6271 vs=1 vage=2 vpage=2 vdt=34 vmax=568 vacc=6238 vrej=0 seq=0 elapsed=0 oled=3C
[   8250] STATUS mode=3 fault=none enc=282 denc=-1 sreq=-156 sapplied=-156 crate=-156 uimp=-31775 upos=2405 uneg=4060 ball=40.97 vball=2.24 aball=19.5 bref=0.00 pid=-155.5 pref=202.2 ppos=217.7 apid=0.0 integ=-0.0 vision=1 current=1 vframe=6271 vs=1 vage=22 vpage=22 vdt=34 vmax=568 vacc=6238 vrej=0 seq=0 elapsed=0 oled=3C
[   8281] STATUS mode=3 fault=none enc=279 denc=0 sreq=-169 sapplied=-169 crate=-169 uimp=-34660 upos=2405 uneg=4080 ball=40.95 vball=1.40 aball=-7.2 bref=0.00 pid=-169.3 pref=197.9 ppos=214.8 apid=-0.0 integ=-0.0 vision=1 current=1 vframe=6272 vs=1 vage=9 vpage=9 vdt=33 vmax=568 vacc=6239 vrej=0 seq=0 elapsed=0 oled=3C
[   8297] STATUS mode=3 fault=none enc=270 denc=-1 sreq=-143 sapplied=-143 crate=-143 uimp=-40695 upos=2405 uneg=4120 ball=40.92 vball=0.73 aball=-7.2 bref=0.00 pid=-143.3 pref=194.5 ppos=208.8 apid=-0.0 integ=-0.0 vision=1 current=1 vframe=6273 vs=1 vage=16 vpage=16 vdt=33 vmax=568 vacc=6240 vrej=0 seq=0 elapsed=0 oled=3C
[   8328] STATUS mode=3 fault=none enc=267 denc=-1 sreq=-117 sapplied=-117 crate=-117 uimp=-43350 upos=2405 uneg=4140 ball=40.90 vball=0.33 aball=-7.2 bref=0.00 pid=-116.8 pref=194.5 ppos=206.2 apid=-0.0 integ=-0.0 vision=1 current=1 vframe=6274 vs=1 vage=2 vpage=2 vdt=34 vmax=568 vacc=6241 vrej=0 seq=0 elapsed=0 oled=3C
[   8358] STATUS mode=3 fault=none enc=263 denc=-1 sreq=-113 sapplied=-113 crate=-113 uimp=-45810 upos=2405 uneg=4160 ball=40.90 vball=0.33 aball=-7.2 bref=0.00 pid=-112.7 pref=192.4 ppos=203.7 apid=-0.0 integ=-0.0 vision=1 current=1 vframe=6274 vs=1 vage=22 vpage=22 vdt=34 vmax=568 vacc=6241 vrej=0 seq=0 elapsed=0 oled=3C
[   8391] STATUS mode=3 fault=none enc=259 denc=-1 sreq=-82 sapplied=-82 crate=-82 uimp=-49780 upos=2405 uneg=4200 ball=40.89 vball=0.15 aball=-9.6 bref=0.00 pid=-82.4 pref=191.5 ppos=199.7 apid=-0.0 integ=-0.0 vision=1 current=1 vframe=6275 vs=1 vage=29 vpage=29 vdt=33 vmax=568 vacc=6242 vrej=0 seq=0 elapsed=0 oled=3C
[   8406] STATUS mode=3 fault=none enc=257 denc=-1 sreq=-58 sapplied=-58 crate=-58 uimp=-51215 upos=2405 uneg=4220 ball=40.90 vball=0.20 aball=-9.6 bref=0.00 pid=-58.5 pref=192.4 ppos=198.3 apid=-0.0 integ=0.7 vision=1 current=1 vframe=6276 vs=1 vage=16 vpage=16 vdt=33 vmax=568 vacc=6243 vrej=0 seq=0 elapsed=0 oled=3C
[   8438] STATUS mode=3 fault=none enc=256 denc=0 sreq=-48 sapplied=-48 crate=-48 uimp=-52300 upos=2405 uneg=4240 ball=40.91 vball=0.22 aball=-9.6 bref=0.00 pid=-47.6 pref=192.4 ppos=197.2 apid=-0.0 integ=0.7 vision=1 current=1 vframe=6277 vs=1 vage=3 vpage=3 vdt=33 vmax=568 vacc=6244 vrej=0 seq=0 elapsed=0 oled=3C
[   8469] STATUS mode=3 fault=none enc=255 denc=0 sreq=-21 sapplied=-21 crate=-21 uimp=-53660 upos=2405 uneg=4280 ball=40.91 vball=0.18 aball=-5.1 bref=0.00 pid=-21.0 pref=193.8 ppos=195.8 apid=-0.0 integ=2.0 vision=1 current=1 vframe=6278 vs=1 vage=9 vpage=9 vdt=34 vmax=568 vacc=6245 vrej=0 seq=0 elapsed=0 oled=3C
[   8483] STATUS mode=3 fault=none enc=254 denc=1 sreq=0 sapplied=0 crate=-19 uimp=-53865 upos=2405 uneg=4290 ball=40.91 vball=0.18 aball=-5.1 bref=0.00 pid=-18.9 pref=193.8 ppos=195.6 apid=-0.0 integ=2.0 vision=1 current=1 vframe=6278 vs=1 vage=29 vpage=29 vdt=34 vmax=568 vacc=6245 vrej=0 seq=0 elapsed=0 oled=3C
[   8516] STATUS mode=3 fault=none enc=254 denc=0 sreq=0 sapplied=0 crate=-15 uimp=-53865 upos=2405 uneg=4290 ball=40.91 vball=0.12 aball=-5.1 bref=0.00 pid=-15.0 pref=194.1 ppos=195.6 apid=-0.0 integ=2.7 vision=1 current=1 vframe=6279 vs=1 vage=15 vpage=15 vdt=34 vmax=568 vacc=6246 vrej=0 seq=0 elapsed=0 oled=3C
[   8547] STATUS mode=3 fault=none enc=254 denc=0 sreq=0 sapplied=0 crate=-10 uimp=-53865 upos=2405 uneg=4290 ball=40.91 vball=0.08 aball=-5.1 bref=0.00 pid=-10.2 pref=194.6 ppos=195.6 apid=-0.0 integ=3.4 vision=1 current=1 vframe=6280 vs=1 vage=22 vpage=22 vdt=33 vmax=568 vacc=6247 vrej=0 seq=0 elapsed=0 oled=3C
[   8578] STATUS mode=3 fault=none enc=254 denc=0 sreq=0 sapplied=0 crate=0 uimp=-53865 upos=2405 uneg=4290 ball=40.91 vball=0.05 aball=-3.4 bref=0.00 pid=0.0 pref=195.1 ppos=195.6 apid=-0.0 integ=4.1 vision=1 current=1 vframe=6281 vs=1 vage=10 vpage=10 vdt=32 vmax=568 vacc=6248 vrej=0 seq=0 elapsed=0 oled=3C
[   8594] STATUS mode=3 fault=none enc=254 denc=0 sreq=0 sapplied=0 crate=0 uimp=-53865 upos=2405 uneg=4290 ball=40.91 vball=0.05 aball=-3.4 bref=0.00 pid=0.0 pref=195.1 ppos=195.6 apid=-0.0 integ=4.1 vision=1 current=1 vframe=6281 vs=1 vage=30 vpage=30 vdt=32 vmax=568 vacc=6248 vrej=0 seq=0 elapsed=0 oled=3C
[   8625] STATUS mode=3 fault=none enc=254 denc=0 sreq=0 sapplied=0 crate=0 uimp=-53865 upos=2405 uneg=4290 ball=40.91 vball=0.02 aball=-3.4 bref=0.00 pid=0.0 pref=195.7 ppos=195.6 apid=-0.0 integ=4.8 vision=1 current=1 vframe=6283 vs=1 vage=2 vpage=2 vdt=34 vmax=568 vacc=6250 vrej=0 seq=0 elapsed=0 oled=3C
[   8656] STATUS mode=3 fault=none enc=254 denc=0 sreq=0 sapplied=0 crate=0 uimp=-53865 upos=2405 uneg=4290 ball=40.91 vball=0.02 aball=-3.4 bref=0.00 pid=0.0 pref=196.4 ppos=195.6 apid=-0.0 integ=5.5 vision=1 current=1 vframe=6283 vs=1 vage=22 vpage=22 vdt=34 vmax=568 vacc=6250 vrej=0 seq=0 elapsed=0 oled=3C
[   8672] STATUS mode=3 fault=none enc=254 denc=0 sreq=0 sapplied=0 crate=13 uimp=-53865 upos=2405 uneg=4290 ball=40.91 vball=0.01 aball=-2.1 bref=0.00 pid=13.5 pref=197.0 ppos=195.6 apid=-0.0 integ=6.1 vision=1 current=1 vframe=6284 vs=1 vage=9 vpage=9 vdt=33 vmax=568 vacc=6251 vrej=0 seq=0 elapsed=0 oled=3C
[   8703] STATUS mode=3 fault=none enc=254 denc=0 sreq=0 sapplied=0 crate=14 uimp=-53865 upos=2405 uneg=4290 ball=40.89 vball=-0.11 aball=-2.1 bref=0.00 pid=13.6 pref=197.0 ppos=195.6 apid=-0.0 integ=6.8 vision=1 current=1 vframe=6285 vs=1 vage=16 vpage=16 vdt=33 vmax=568 vacc=6252 vrej=0 seq=0 elapsed=0 oled=3C
[   8733] STATUS mode=3 fault=none enc=254 denc=0 sreq=0 sapplied=0 crate=14 uimp=-53865 upos=2405 uneg=4290 ball=40.88 vball=-0.18 aball=-2.1 bref=0.00 pid=13.6 pref=197.0 ppos=195.6 apid=-0.0 integ=6.8 vision=1 current=1 vframe=6286 vs=1 vage=2 vpage=2 vdt=34 vmax=568 vacc=6253 vrej=0 seq=0 elapsed=0 oled=3C
[   8750] STATUS mode=3 fault=none enc=254 denc=0 sreq=0 sapplied=0 crate=17 uimp=-53865 upos=2405 uneg=4290 ball=40.88 vball=-0.18 aball=-2.1 bref=0.00 pid=16.8 pref=197.3 ppos=195.6 apid=-0.0 integ=7.5 vision=1 current=1 vframe=6286 vs=1 vage=22 vpage=22 vdt=34 vmax=568 vacc=6253 vrej=0 seq=0 elapsed=0 oled=3C
[   8781] STATUS mode=3 fault=none enc=254 denc=0 sreq=21 sapplied=21 crate=21 uimp=-53515 upos=2420 uneg=4290 ball=40.88 vball=-0.16 aball=-1.9 bref=0.00 pid=21.0 pref=198.1 ppos=196.0 apid=-0.0 integ=8.2 vision=1 current=1 vframe=6287 vs=1 vage=29 vpage=29 vdt=33 vmax=568 vacc=6254 vrej=0 seq=0 elapsed=0 oled=3C
[   8813] STATUS mode=3 fault=none enc=254 denc=-1 sreq=33 sapplied=33 crate=33 uimp=-53135 upos=2435 uneg=4290 ball=40.89 vball=0.01 aball=-1.9 bref=0.00 pid=33.2 pref=199.7 ppos=196.4 apid=-0.0 integ=8.9 vision=1 current=1 vframe=6288 vs=1 vage=14 vpage=14 vdt=35 vmax=568 vacc=6255 vrej=0 seq=0 elapsed=0 oled=3C
[   8828] STATUS mode=3 fault=none enc=255 denc=0 sreq=27 sapplied=27 crate=27 uimp=-52520 upos=2455 uneg=4290 ball=40.89 vball=0.01 aball=-1.9 bref=0.00 pid=27.0 pref=199.7 ppos=197.0 apid=-0.0 integ=8.9 vision=1 current=1 vframe=6288 vs=1 vage=34 vpage=34 vdt=35 vmax=568 vacc=6255 vrej=0 seq=0 elapsed=0 oled=3C
[   8858] STATUS mode=3 fault=none enc=250 denc=-1 sreq=-171 sapplied=-171 crate=-171 uimp=-57890 upos=2460 uneg=4320 ball=40.21 vball=-4.61 aball=-20.7 bref=0.00 pid=-170.7 pref=174.6 ppos=191.6 apid=-0.0 integ=8.9 vision=1 current=1 vframe=6290 vs=1 vage=7 vpage=7 vdt=33 vmax=568 vacc=6257 vrej=0 seq=0 elapsed=0 oled=3C
[   8891] STATUS mode=3 fault=none enc=246 denc=-1 sreq=-139 sapplied=-139 crate=-139 uimp=-61055 upos=2460 uneg=4340 ball=40.21 vball=-4.61 aball=-20.7 bref=0.00 pid=-139.0 pref=174.6 ppos=188.5 apid=-0.0 integ=8.9 vision=1 current=1 vframe=6290 vs=1 vage=27 vpage=27 vdt=33 vmax=568 vacc=6257 vrej=0 seq=0 elapsed=0 oled=3C
[   8922] STATUS mode=3 fault=none enc=244 denc=1 sreq=-65 sapplied=-65 crate=-65 uimp=-63380 upos=2460 uneg=4360 ball=40.17 vball=-3.58 aball=-20.7 bref=0.00 pid=-65.5 pref=179.6 ppos=186.1 apid=-0.0 integ=8.9 vision=1 current=1 vframe=6291 vs=1 vage=14 vpage=14 vdt=33 vmax=568 vacc=6258 vrej=0 seq=0 elapsed=0 oled=3C
[   8938] STATUS mode=3 fault=none enc=240 denc=-1 sreq=22 sapplied=22 crate=22 uimp=-64620 upos=2470 uneg=4385 ball=40.22 vball=-2.11 aball=-20.7 bref=0.00 pid=21.9 pref=187.1 ppos=184.9 apid=-0.0 integ=8.9 vision=1 current=1 vframe=6292 vs=1 vage=20 vpage=20 vdt=34 vmax=568 vacc=6259 vrej=0 seq=0 elapsed=0 oled=3C
[   8969] STATUS mode=3 fault=none enc=243 denc=2 sreq=119 sapplied=119 crate=119 uimp=-64305 upos=2485 uneg=4385 ball=40.56 vball=1.86 aball=17.7 bref=0.00 pid=227.5 pref=208.0 ppos=185.2 apid=0.0 integ=8.9 vision=1 current=1 vframe=6293 vs=1 vage=7 vpage=7 vdt=33 vmax=568 vacc=6260 vrej=0 seq=0 elapsed=0 oled=3C
[   9000] STATUS mode=3 fault=none enc=246 denc=1 sreq=190 sapplied=190 crate=190 uimp=-60560 upos=2505 uneg=4385 ball=40.56 vball=1.86 aball=17.7 bref=0.00 pid=190.0 pref=208.0 ppos=188.9 apid=0.0 integ=8.9 vision=1 current=1 vframe=6293 vs=1 vage=27 vpage=27 vdt=33 vmax=568 vacc=6260 vrej=0 seq=0 elapsed=0 oled=3C
[   9031] STATUS mode=3 fault=none enc=249 denc=0 sreq=32 sapplied=32 crate=32 uimp=-56755 upos=2545 uneg=4385 ball=40.35 vball=-0.41 aball=17.7 bref=0.00 pid=32.2 pref=196.0 ppos=192.8 apid=0.0 integ=8.9 vision=1 current=1 vframe=6301 vs=1 vage=34 vpage=34 vdt=33 vmax=568 vacc=6268 vrej=0 seq=0 elapsed=0 oled=3C
[   9047] STATUS mode=3 fault=none enc=250 denc=-1 sreq=0 sapplied=0 crate=0 uimp=-56440 upos=2555 uneg=4385 ball=40.26 vball=-1.12 aball=17.7 bref=0.00 pid=0.0 pref=192.2 ppos=193.1 apid=0.0 integ=8.9 vision=1 current=1 vframe=6302 vs=1 vage=19 vpage=19 vdt=35 vmax=568 vacc=6269 vrej=0 seq=0 elapsed=0 oled=3C
[   9078] STATUS mode=3 fault=none enc=250 denc=0 sreq=0 sapplied=0 crate=0 uimp=-56440 upos=2555 uneg=4385 ball=40.23 vball=-1.04 aball=-3.2 bref=0.00 pid=0.0 pref=192.5 ppos=193.1 apid=-0.0 integ=8.9 vision=1 current=1 vframe=6303 vs=1 vage=6 vpage=6 vdt=33 vmax=568 vacc=6270 vrej=0 seq=0 elapsed=0 oled=3C
[   9108] STATUS mode=3 fault=none enc=250 denc=0 sreq=0 sapplied=0 crate=13 uimp=-56440 upos=2555 uneg=4385 ball=40.22 vball=-0.78 aball=-3.2 bref=0.00 pid=13.2 pref=194.4 ppos=193.1 apid=-0.0 integ=9.6 vision=1 current=1 vframe=6304 vs=1 vage=13 vpage=13 vdt=33 vmax=568 vacc=6271 vrej=0 seq=0 elapsed=0 oled=3C
[   9125] STATUS mode=3 fault=none enc=250 denc=0 sreq=0 sapplied=0 crate=13 uimp=-56440 upos=2555 uneg=4385 ball=40.22 vball=-0.78 aball=-3.2 bref=0.00 pid=13.2 pref=194.4 ppos=193.1 apid=-0.0 integ=9.6 vision=1 current=1 vframe=6304 vs=1 vage=33 vpage=33 vdt=33 vmax=568 vacc=6271 vrej=0 seq=0 elapsed=0 oled=3C
[   9156] STATUS mode=3 fault=none enc=250 denc=0 sreq=28 sapplied=28 crate=28 uimp=-55975 upos=2570 uneg=4385 ball=40.23 vball=-0.53 aball=-3.2 bref=0.00 pid=28.0 pref=196.3 ppos=193.5 apid=-0.0 integ=10.2 vision=1 current=1 vframe=6305 vs=1 vage=20 vpage=20 vdt=33 vmax=568 vacc=6272 vrej=0 seq=0 elapsed=0 oled=3C
[   9188] STATUS mode=3 fault=none enc=252 denc=0 sreq=32 sapplied=32 crate=32 uimp=-54735 upos=2610 uneg=4385 ball=40.23 vball=-0.34 aball=1.4 bref=0.00 pid=31.8 pref=198.0 ppos=194.8 apid=0.0 integ=10.9 vision=1 current=1 vframe=6306 vs=1 vage=27 vpage=27 vdt=33 vmax=568 vacc=6273 vrej=0 seq=0 elapsed=0 oled=3C
[   9203] STATUS mode=3 fault=none enc=253 denc=1 sreq=0 sapplied=0 crate=0 uimp=-54280 upos=2625 uneg=4385 ball=40.17 vball=-0.79 aball=1.4 bref=0.00 pid=0.0 pref=196.2 ppos=195.2 apid=0.0 integ=11.6 vision=1 current=1 vframe=6307 vs=1 vage=14 vpage=14 vdt=33 vmax=568 vacc=6274 vrej=0 seq=0 elapsed=0 oled=3C
[   9233] STATUS mode=3 fault=none enc=253 denc=0 sreq=0 sapplied=0 crate=0 uimp=-54280 upos=2625 uneg=4385 ball=40.17 vball=-0.79 aball=1.4 bref=0.00 pid=0.0 pref=196.2 ppos=195.2 apid=0.0 integ=11.6 vision=1 current=1 vframe=6307 vs=1 vage=34 vpage=34 vdt=33 vmax=568 vacc=6274 vrej=0 seq=0 elapsed=0 oled=3C
[   9266] STATUS mode=3 fault=none enc=253 denc=0 sreq=62 sapplied=62 crate=62 uimp=-53190 upos=2660 uneg=4385 ball=40.23 vball=0.18 aball=3.1 bref=0.00 pid=62.4 pref=202.6 ppos=196.3 apid=0.0 integ=12.9 vision=1 current=1 vframe=6309 vs=1 vage=7 vpage=7 vdt=33 vmax=568 vacc=6276 vrej=0 seq=0 elapsed=0 oled=3C
[   9281] STATUS mode=3 fault=none enc=255 denc=1 sreq=51 sapplied=51 crate=51 uimp=-52035 upos=2680 uneg=4385 ball=40.23 vball=0.18 aball=3.1 bref=0.00 pid=50.9 pref=202.6 ppos=197.5 apid=0.0 integ=12.9 vision=1 current=1 vframe=6309 vs=1 vage=27 vpage=27 vdt=33 vmax=568 vacc=6276 vrej=0 seq=0 elapsed=0 oled=3C
[   9313] STATUS mode=3 fault=none enc=257 denc=2 sreq=71 sapplied=71 crate=71 uimp=-50935 upos=2700 uneg=4385 ball=40.29 vball=0.63 aball=3.1 bref=0.00 pid=70.8 pref=205.7 ppos=198.6 apid=0.0 integ=13.6 vision=1 current=1 vframe=6310 vs=1 vage=14 vpage=14 vdt=33 vmax=568 vacc=6277 vrej=0 seq=0 elapsed=0 oled=3C
[   9344] STATUS mode=3 fault=none enc=261 denc=2 sreq=86 sapplied=86 crate=86 uimp=-47905 upos=2740 uneg=4385 ball=40.39 vball=1.34 aball=3.1 bref=0.00 pid=85.9 pref=210.2 ppos=201.6 apid=0.0 integ=14.2 vision=1 current=1 vframe=6311 vs=1 vage=20 vpage=20 vdt=34 vmax=568 vacc=6278 vrej=0 seq=0 elapsed=0 oled=3C
[   9375] STATUS mode=3 fault=none enc=262 denc=1 sreq=108 sapplied=108 crate=108 uimp=-46310 upos=2760 uneg=4385 ball=40.50 vball=1.90 aball=9.5 bref=0.00 pid=107.9 pref=214.0 ppos=203.2 apid=0.0 integ=14.9 vision=1 current=1 vframe=6312 vs=1 vage=7 vpage=7 vdt=33 vmax=568 vacc=6279 vrej=0 seq=0 elapsed=0 oled=3C
[   9391] STATUS mode=3 fault=none enc=264 denc=0 sreq=88 sapplied=88 crate=88 uimp=-44305 upos=2780 uneg=4385 ball=40.50 vball=1.90 aball=9.5 bref=0.00 pid=87.9 pref=214.0 ppos=205.2 apid=0.0 integ=14.9 vision=1 current=1 vframe=6312 vs=1 vage=27 vpage=27 vdt=33 vmax=568 vacc=6279 vrej=0 seq=0 elapsed=0 oled=3C
[   9422] STATUS mode=3 fault=none enc=271 denc=1 sreq=166 sapplied=166 crate=166 uimp=-37675 upos=2820 uneg=4385 ball=40.99 vball=4.21 aball=9.5 bref=0.00 pid=166.0 pref=228.4 ppos=211.8 apid=0.0 integ=14.9 vision=1 current=1 vframe=6314 vs=1 vage=2 vpage=2 vdt=34 vmax=568 vacc=6281 vrej=0 seq=0 elapsed=0 oled=3C
[   9453] STATUS mode=3 fault=none enc=275 denc=1 sreq=123 sapplied=123 crate=123 uimp=-34800 upos=2840 uneg=4385 ball=40.99 vball=4.21 aball=9.5 bref=0.00 pid=123.0 pref=227.0 ppos=214.7 apid=0.0 integ=14.9 vision=1 current=1 vframe=6314 vs=1 vage=22 vpage=22 vdt=34 vmax=568 vacc=6281 vrej=0 seq=0 elapsed=0 oled=3C
[   9469] STATUS mode=3 fault=none enc=278 denc=1 sreq=0 sapplied=0 crate=5 uimp=-32520 upos=2860 uneg=4385 ball=40.80 vball=1.12 aball=1.7 bref=0.00 pid=-60.0 pref=211.0 ppos=217.0 apid=0.0 integ=14.9 vision=1 current=1 vframe=6315 vs=1 vage=7 vpage=7 vdt=35 vmax=568 vacc=6282 vrej=0 seq=0 elapsed=0 oled=3C
[   9500] STATUS mode=3 fault=none enc=278 denc=1 sreq=-131 sapplied=-131 crate=-131 uimp=-35045 upos=2860 uneg=4415 ball=40.62 vball=-0.70 aball=1.7 bref=0.00 pid=-131.1 pref=201.4 ppos=214.5 apid=0.0 integ=14.9 vision=1 current=1 vframe=6316 vs=1 vage=16 vpage=16 vdt=31 vmax=568 vacc=6283 vrej=0 seq=0 elapsed=0 oled=3C
[   9531] STATUS mode=3 fault=none enc=275 denc=-1 sreq=-107 sapplied=-107 crate=-107 uimp=-37475 upos=2860 uneg=4435 ball=40.56 vball=-1.08 aball=1.7 bref=0.00 pid=-106.8 pref=201.4 ppos=212.0 apid=0.0 integ=14.9 vision=1 current=1 vframe=6317 vs=1 vage=3 vpage=3 vdt=33 vmax=568 vacc=6284 vrej=0 seq=0 elapsed=0 oled=3C
[   9563] STATUS mode=3 fault=none enc=273 denc=1 sreq=-105 sapplied=-105 crate=-105 uimp=-39750 upos=2860 uneg=4455 ball=40.56 vball=-1.08 aball=1.7 bref=0.00 pid=-104.9 pref=199.3 ppos=209.8 apid=0.0 integ=14.9 vision=1 current=1 vframe=6317 vs=1 vage=23 vpage=23 vdt=33 vmax=568 vacc=6284 vrej=0 seq=0 elapsed=0 oled=3C
[   9578] STATUS mode=3 fault=none enc=268 denc=0 sreq=-63 sapplied=-63 crate=-63 uimp=-43105 upos=2860 uneg=4495 ball=40.54 vball=-0.91 aball=-8.5 bref=0.00 pid=-63.4 pref=200.1 ppos=206.4 apid=-0.0 integ=14.9 vision=1 current=1 vframe=6318 vs=1 vage=30 vpage=30 vdt=33 vmax=568 vacc=6285 vrej=0 seq=0 elapsed=0 oled=3C
[   9608] STATUS mode=3 fault=none enc=266 denc=0 sreq=53 sapplied=53 crate=53 uimp=-43440 upos=2865 uneg=4505 ball=40.74 vball=1.23 aball=-8.5 bref=0.00 pid=52.9 pref=211.4 ppos=206.1 apid=-0.0 integ=14.9 vision=1 current=1 vframe=6319 vs=1 vage=16 vpage=16 vdt=34 vmax=568 vacc=6286 vrej=0 seq=0 elapsed=0 oled=3C
[   9641] STATUS mode=3 fault=none enc=267 denc=1 sreq=43 sapplied=43 crate=43 uimp=-42460 upos=2885 uneg=4505 ball=41.00 vball=3.16 aball=-8.5 bref=0.00 pid=43.1 pref=211.4 ppos=207.0 apid=-0.0 integ=14.9 vision=1 current=1 vframe=6320 vs=1 vage=3 vpage=3 vdt=33 vmax=568 vacc=6287 vrej=0 seq=0 elapsed=0 oled=3C
[   9656] STATUS mode=3 fault=none enc=271 denc=1 sreq=287 sapplied=287 crate=287 uimp=-37340 upos=2925 uneg=4505 ball=41.49 vball=6.69 aball=29.5 bref=0.00 pid=287.4 pref=240.9 ppos=212.2 apid=0.0 integ=14.9 vision=1 current=1 vframe=6321 vs=1 vage=10 vpage=10 vdt=33 vmax=568 vacc=6288 vrej=0 seq=0 elapsed=0 oled=3C
[   9688] STATUS mode=3 fault=none enc=278 denc=1 sreq=234 sapplied=234 crate=234 uimp=-32015 upos=2945 uneg=4505 ball=41.49 vball=6.69 aball=29.5 bref=0.00 pid=234.2 pref=240.9 ppos=217.5 apid=0.0 integ=14.9 vision=1 current=1 vframe=6321 vs=1 vage=30 vpage=30 vdt=33 vmax=568 vacc=6288 vrej=0 seq=0 elapsed=0 oled=3C
[   9719] STATUS mode=3 fault=none enc=282 denc=0 sreq=0 sapplied=0 crate=0 uimp=-29015 upos=2965 uneg=4505 ball=41.75 vball=6.97 aball=29.5 bref=0.00 pid=0.0 pref=219.8 ppos=220.5 apid=0.0 integ=-0.0 vision=1 current=1 vframe=6322 vs=1 vage=15 vpage=15 vdt=35 vmax=568 vacc=6289 vrej=0 seq=0 elapsed=0 oled=3C
[   9750] STATUS mode=3 fault=none enc=283 denc=1 sreq=-58 sapplied=-58 crate=-58 uimp=-29645 upos=2965 uneg=4515 ball=41.85 vball=5.76 aball=29.5 bref=0.00 pid=-58.4 pref=214.0 ppos=219.9 apid=0.0 integ=-0.0 vision=1 current=1 vframe=6330 vs=1 vage=22 vpage=22 vdt=33 vmax=568 vacc=6297 vrej=0 seq=0 elapsed=0 oled=3C
[   9766] STATUS mode=3 fault=none enc=282 denc=1 sreq=-131 sapplied=-131 crate=-131 uimp=-30730 upos=2965 uneg=4535 ball=41.85 vball=4.09 aball=4.8 bref=0.00 pid=-131.1 pref=205.7 ppos=218.8 apid=0.0 integ=-0.0 vision=1 current=1 vframe=6331 vs=1 vage=8 vpage=8 vdt=34 vmax=568 vacc=6298 vrej=0 seq=0 elapsed=0 oled=3C
[   9797] STATUS mode=3 fault=none enc=279 denc=-2 sreq=-107 sapplied=-107 crate=-107 uimp=-33160 upos=2965 uneg=4555 ball=41.85 vball=4.09 aball=4.8 bref=0.00 pid=-106.8 pref=205.7 ppos=216.3 apid=0.0 integ=-0.0 vision=1 current=1 vframe=6331 vs=1 vage=28 vpage=28 vdt=34 vmax=568 vacc=6298 vrej=0 seq=0 elapsed=0 oled=3C
[   9828] STATUS mode=3 fault=none enc=274 denc=-1 sreq=-89 sapplied=-89 crate=-89 uimp=-37415 upos=2965 uneg=4595 ball=41.96 vball=2.81 aball=4.8 bref=0.00 pid=-89.3 pref=203.2 ppos=212.1 apid=0.0 integ=-0.0 vision=1 current=1 vframe=6333 vs=1 vage=4 vpage=4 vdt=31 vmax=568 vacc=6300 vrej=0 seq=0 elapsed=0 oled=3C
[   9844] STATUS mode=3 fault=none enc=272 denc=0 sreq=-103 sapplied=-103 crate=-103 uimp=-39575 upos=2965 uneg=4615 ball=41.96 vball=2.81 aball=4.8 bref=0.00 pid=-103.3 pref=199.6 ppos=209.9 apid=0.0 integ=-0.0 vision=1 current=1 vframe=6333 vs=1 vage=24 vpage=24 vdt=31 vmax=568 vacc=6300 vrej=0 seq=0 elapsed=0 oled=3C
[   9875] STATUS mode=3 fault=none enc=268 denc=-1 sreq=-144 sapplied=-144 crate=-144 uimp=-41805 upos=2965 uneg=4635 ball=41.92 vball=1.57 aball=-8.9 bref=0.00 pid=-144.2 pref=193.3 ppos=207.7 apid=-0.0 integ=-0.0 vision=1 current=1 vframe=6334 vs=1 vage=10 vpage=10 vdt=34 vmax=568 vacc=6301 vrej=0 seq=0 elapsed=0 oled=3C
[   9906] STATUS mode=3 fault=none enc=262 denc=-1 sreq=-135 sapplied=-135 crate=-135 uimp=-47090 upos=2965 uneg=4675 ball=41.87 vball=0.72 aball=-8.9 bref=0.00 pid=-135.4 pref=188.9 ppos=202.4 apid=-0.0 integ=-0.0 vision=1 current=1 vframe=6335 vs=1 vage=16 vpage=16 vdt=34 vmax=568 vacc=6302 vrej=0 seq=0 elapsed=0 oled=3C
[   9938] STATUS mode=3 fault=none enc=257 denc=-3 sreq=-110 sapplied=-110 crate=-110 uimp=-49600 upos=2965 uneg=4695 ball=41.85 vball=0.33 aball=-8.9 bref=0.00 pid=-110.3 pref=188.9 ppos=199.9 apid=-0.0 integ=-0.0 vision=1 current=1 vframe=6336 vs=1 vage=3 vpage=3 vdt=33 vmax=568 vacc=6303 vrej=0 seq=0 elapsed=0 oled=3C
[   9953] STATUS mode=3 fault=none enc=254 denc=0 sreq=-95 sapplied=-95 crate=-95 uimp=-53965 upos=2965 uneg=4735 ball=41.85 vball=0.16 aball=-11.3 bref=0.00 pid=-95.2 pref=186.0 ppos=195.5 apid=-0.0 integ=-0.0 vision=1 current=1 vframe=6337 vs=1 vage=10 vpage=10 vdt=33 vmax=568 vacc=6304 vrej=0 seq=0 elapsed=0 oled=3C
[   9983] STATUS mode=3 fault=none enc=251 denc=-1 sreq=-78 sapplied=-78 crate=-78 uimp=-55730 upos=2965 uneg=4755 ball=41.85 vball=0.16 aball=-11.3 bref=0.00 pid=-77.6 pref=186.0 ppos=193.8 apid=-0.0 integ=-0.0 vision=1 current=1 vframe=6337 vs=1 vage=30 vpage=30 vdt=33 vmax=568 vacc=6304 vrej=0 seq=0 elapsed=0 oled=3C
[  10016] STATUS mode=3 fault=none enc=250 denc=0 sreq=-67 sapplied=-67 crate=-67 uimp=-57215 upos=2965 uneg=4775 ball=41.84 vball=0.08 aball=-11.3 bref=0.00 pid=-67.0 pref=185.6 ppos=192.3 apid=-0.0 integ=-0.0 vision=1 current=1 vframe=6338 vs=1 vage=17 vpage=17 vdt=33 vmax=568 vacc=6305 vrej=0 seq=0 elapsed=0 oled=3C
[  10047] STATUS mode=3 fault=none enc=247 denc=0 sreq=-40 sapplied=-40 crate=-40 uimp=-59395 upos=2965 uneg=4815 ball=41.84 vball=0.04 aball=-11.3 bref=0.00 pid=-40.1 pref=186.1 ppos=190.1 apid=-0.0 integ=0.7 vision=1 current=1 vframe=6339 vs=1 vage=23 vpage=23 vdt=34 vmax=568 vacc=6306 vrej=0 seq=0 elapsed=0 oled=3C
[  10063] STATUS mode=3 fault=none enc=246 denc=0 sreq=0 sapplied=0 crate=-19 uimp=-59965 upos=2965 uneg=4830 ball=41.86 vball=0.20 aball=-6.0 bref=0.00 pid=-18.9 pref=187.7 ppos=189.5 apid=-0.0 integ=1.4 vision=1 current=1 vframe=6340 vs=1 vage=10 vpage=10 vdt=33 vmax=568 vacc=6307 vrej=0 seq=0 elapsed=0 oled=3C
[  10094] STATUS mode=3 fault=none enc=246 denc=0 sreq=0 sapplied=0 crate=-19 uimp=-59965 upos=2965 uneg=4830 ball=41.86 vball=0.20 aball=-6.0 bref=0.00 pid=-18.9 pref=187.7 ppos=189.5 apid=-0.0 integ=1.4 vision=1 current=1 vframe=6340 vs=1 vage=30 vpage=30 vdt=33 vmax=568 vacc=6307 vrej=0 seq=0 elapsed=0 oled=3C
[  10125] STATUS mode=3 fault=none enc=246 denc=0 sreq=0 sapplied=0 crate=-11 uimp=-59965 upos=2965 uneg=4830 ball=41.93 vball=0.70 aball=-6.0 bref=0.00 pid=-11.2 pref=188.4 ppos=189.5 apid=-0.0 integ=2.1 vision=1 current=1 vframe=6342 vs=1 vage=3 vpage=3 vdt=34 vmax=568 vacc=6309 vrej=0 seq=0 elapsed=0 oled=3C
[  10141] STATUS mode=3 fault=none enc=246 denc=0 sreq=20 sapplied=20 crate=20 uimp=-59750 upos=2975 uneg=4830 ball=41.93 vball=0.70 aball=-6.0 bref=0.00 pid=20.1 pref=191.8 ppos=189.8 apid=-0.0 integ=2.8 vision=1 current=1 vframe=6342 vs=1 vage=23 vpage=23 vdt=34 vmax=568 vacc=6309 vrej=0 seq=0 elapsed=0 oled=3C
[  10172] STATUS mode=3 fault=none enc=246 denc=0 sreq=23 sapplied=23 crate=23 uimp=-59530 upos=2985 uneg=4830 ball=41.95 vball=0.65 aball=-1.3 bref=0.00 pid=22.9 pref=192.3 ppos=190.0 apid=-0.0 integ=3.5 vision=1 current=1 vframe=6343 vs=1 vage=10 vpage=10 vdt=33 vmax=568 vacc=6310 vrej=0 seq=0 elapsed=0 oled=3C
[  10203] STATUS mode=3 fault=none enc=247 denc=0 sreq=0 sapplied=0 crate=0 uimp=-59100 upos=3005 uneg=4830 ball=41.93 vball=0.26 aball=-1.3 bref=0.00 pid=0.0 pref=191.0 ppos=190.4 apid=-0.0 integ=4.2 vision=1 current=1 vframe=6344 vs=1 vage=17 vpage=17 vdt=33 vmax=568 vacc=6311 vrej=0 seq=0 elapsed=0 oled=3C
[  10233] STATUS mode=3 fault=none enc=247 denc=0 sreq=0 sapplied=0 crate=0 uimp=-59100 upos=3005 uneg=4830 ball=41.89 vball=-0.12 aball=-1.3 bref=0.00 pid=0.0 pref=191.0 ppos=190.4 apid=-0.0 integ=4.2 vision=1 current=1 vframe=6352 vs=1 vage=3 vpage=3 vdt=34 vmax=568 vacc=6319 vrej=0 seq=0 elapsed=0 oled=3C
[  10250] STATUS mode=3 fault=none enc=247 denc=0 sreq=0 sapplied=0 crate=0 uimp=-59100 upos=3005 uneg=4830 ball=41.89 vball=-0.12 aball=-1.3 bref=0.00 pid=0.0 pref=189.6 ppos=190.4 apid=-0.0 integ=4.9 vision=1 current=1 vframe=6352 vs=1 vage=23 vpage=23 vdt=34 vmax=568 vacc=6319 vrej=0 seq=0 elapsed=0 oled=3C
[  10281] STATUS mode=3 fault=none enc=247 denc=0 sreq=0 sapplied=0 crate=0 uimp=-59100 upos=3005 uneg=4830 ball=41.88 vball=-0.24 aball=-4.7 bref=0.00 pid=0.0 pref=189.7 ppos=190.4 apid=-0.0 integ=5.6 vision=1 current=1 vframe=6353 vs=1 vage=10 vpage=10 vdt=33 vmax=568 vacc=6320 vrej=0 seq=0 elapsed=0 oled=3C
[  10313] STATUS mode=3 fault=none enc=247 denc=0 sreq=0 sapplied=0 crate=0 uimp=-59100 upos=3005 uneg=4830 ball=41.87 vball=-0.21 aball=-4.7 bref=0.00 pid=0.0 pref=190.5 ppos=190.4 apid=-0.0 integ=6.3 vision=1 current=1 vframe=6354 vs=1 vage=16 vpage=16 vdt=34 vmax=568 vacc=6321 vrej=0 seq=0 elapsed=0 oled=3C
[  10328] STATUS mode=3 fault=none enc=247 denc=0 sreq=0 sapplied=0 crate=0 uimp=-59100 upos=3005 uneg=4830 ball=41.84 vball=-0.48 aball=-4.7 bref=0.00 pid=0.0 pref=190.5 ppos=190.4 apid=-0.0 integ=6.3 vision=1 current=1 vframe=6355 vs=1 vage=3 vpage=3 vdt=33 vmax=568 vacc=6322 vrej=0 seq=0 elapsed=0 oled=3C
[  10358] STATUS mode=3 fault=none enc=247 denc=0 sreq=0 sapplied=0 crate=0 uimp=-59100 upos=3005 uneg=4830 ball=41.84 vball=-0.48 aball=-4.7 bref=0.00 pid=0.0 pref=189.8 ppos=190.4 apid=-0.0 integ=7.0 vision=1 current=1 vframe=6355 vs=1 vage=23 vpage=23 vdt=33 vmax=568 vacc=6322 vrej=0 seq=0 elapsed=0 oled=3C
[  10391] STATUS mode=3 fault=none enc=247 denc=0 sreq=0 sapplied=0 crate=0 uimp=-59100 upos=3005 uneg=4830 ball=41.83 vball=-0.37 aball=-3.2 bref=0.00 pid=0.0 pref=191.0 ppos=190.4 apid=-0.0 integ=7.7 vision=1 current=1 vframe=6356 vs=1 vage=29 vpage=29 vdt=34 vmax=568 vacc=6323 vrej=0 seq=0 elapsed=0 oled=3C
[  10406] STATUS mode=3 fault=none enc=247 denc=0 sreq=0 sapplied=0 crate=0 uimp=-59100 upos=3005 uneg=4830 ball=41.81 vball=-0.48 aball=-3.2 bref=0.00 pid=0.0 pref=191.1 ppos=190.4 apid=-0.0 integ=8.4 vision=1 current=1 vframe=6357 vs=1 vage=16 vpage=16 vdt=33 vmax=568 vacc=6324 vrej=0 seq=0 elapsed=0 oled=3C
[  10438] STATUS mode=3 fault=none enc=247 denc=0 sreq=0 sapplied=0 crate=0 uimp=-59100 upos=3005 uneg=4830 ball=41.80 vball=-0.40 aball=-3.2 bref=0.00 pid=0.0 pref=191.1 ppos=190.4 apid=-0.0 integ=8.4 vision=1 current=1 vframe=6358 vs=1 vage=3 vpage=3 vdt=33 vmax=568 vacc=6325 vrej=0 seq=0 elapsed=0 oled=3C
[  10469] STATUS mode=3 fault=none enc=247 denc=0 sreq=31 sapplied=31 crate=31 uimp=-59100 upos=3005 uneg=4830 ball=41.80 vball=-0.28 aball=-1.3 bref=0.00 pid=30.8 pref=193.5 ppos=190.4 apid=-0.0 integ=9.8 vision=1 current=1 vframe=6359 vs=1 vage=8 vpage=8 vdt=35 vmax=568 vacc=6326 vrej=0 seq=0 elapsed=0 oled=3C
[  10483] STATUS mode=3 fault=none enc=247 denc=0 sreq=25 sapplied=25 crate=25 uimp=-58530 upos=3025 uneg=4830 ball=41.80 vball=-0.28 aball=-1.3 bref=0.00 pid=25.1 pref=193.5 ppos=191.0 apid=-0.0 integ=9.8 vision=1 current=1 vframe=6359 vs=1 vage=28 vpage=28 vdt=35 vmax=568 vacc=6326 vrej=0 seq=0 elapsed=0 oled=3C
[  10516] STATUS mode=3 fault=none enc=248 denc=-1 sreq=47 sapplied=47 crate=47 uimp=-57780 upos=3045 uneg=4830 ball=41.84 vball=0.14 aball=-1.3 bref=0.00 pid=46.5 pref=196.4 ppos=191.7 apid=-0.0 integ=10.5 vision=1 current=1 vframe=6360 vs=1 vage=16 vpage=16 vdt=32 vmax=568 vacc=6327 vrej=0 seq=0 elapsed=0 oled=3C
[  10547] STATUS mode=3 fault=none enc=251 denc=1 sreq=41 sapplied=41 crate=41 uimp=-56045 upos=3085 uneg=4830 ball=41.85 vball=0.22 aball=-1.3 bref=0.00 pid=41.0 pref=197.6 ppos=193.5 apid=-0.0 integ=11.2 vision=1 current=1 vframe=6361 vs=1 vage=20 vpage=20 vdt=36 vmax=568 vacc=6328 vrej=0 seq=0 elapsed=0 oled=3C
[  10578] STATUS mode=3 fault=none enc=252 denc=1 sreq=46 sapplied=46 crate=46 uimp=-55220 upos=3105 uneg=4830 ball=41.87 vball=0.34 aball=2.1 bref=0.00 pid=45.6 pref=198.9 ppos=194.3 apid=0.0 integ=11.9 vision=1 current=1 vframe=6362 vs=1 vage=10 vpage=10 vdt=30 vmax=568 vacc=6329 vrej=0 seq=0 elapsed=0 oled=3C
[  10594] STATUS mode=3 fault=none enc=252 denc=0 sreq=37 sapplied=37 crate=37 uimp=-54375 upos=3125 uneg=4830 ball=41.87 vball=0.34 aball=2.1 bref=0.00 pid=37.2 pref=198.9 ppos=195.1 apid=0.0 integ=11.9 vision=1 current=1 vframe=6362 vs=1 vage=30 vpage=30 vdt=30 vmax=568 vacc=6329 vrej=0 seq=0 elapsed=0 oled=3C
[  10625] STATUS mode=3 fault=none enc=254 denc=1 sreq=32 sapplied=32 crate=32 uimp=-52875 upos=3165 uneg=4830 ball=42.23 vball=3.26 aball=2.1 bref=0.00 pid=31.6 pref=199.8 ppos=196.6 apid=0.0 integ=12.6 vision=1 current=1 vframe=6364 vs=1 vage=3 vpage=3 vdt=32 vmax=568 vacc=6331 vrej=0 seq=0 elapsed=0 oled=3C
[  10656] STATUS mode=3 fault=none enc=256 denc=2 sreq=167 sapplied=167 crate=167 uimp=-50250 upos=3185 uneg=4830 ball=42.23 vball=3.26 aball=2.1 bref=0.00 pid=166.8 pref=215.9 ppos=199.3 apid=0.0 integ=13.3 vision=1 current=1 vframe=6364 vs=1 vage=23 vpage=23 vdt=32 vmax=568 vacc=6331 vrej=0 seq=0 elapsed=0 oled=3C
[  10672] STATUS mode=3 fault=none enc=259 denc=1 sreq=43 sapplied=43 crate=43 uimp=-47155 upos=3205 uneg=4830 ball=41.93 vball=-0.13 aball=-0.9 bref=0.00 pid=-35.1 pref=198.8 ppos=202.4 apid=-0.0 integ=14.0 vision=1 current=1 vframe=6365 vs=1 vage=7 vpage=7 vdt=36 vmax=568 vacc=6332 vrej=0 seq=0 elapsed=0 oled=3C
[  10703] STATUS mode=3 fault=none enc=259 denc=0 sreq=-66 sapplied=-66 crate=-66 uimp=-48340 upos=3210 uneg=4860 ball=41.83 vball=-1.05 aball=-0.9 bref=0.00 pid=-65.8 pref=194.6 ppos=201.2 apid=-0.0 integ=14.7 vision=1 current=1 vframe=6366 vs=1 vage=16 vpage=16 vdt=31 vmax=568 vacc=6333 vrej=0 seq=0 elapsed=0 oled=3C
[  10733] STATUS mode=3 fault=none enc=257 denc=-2 sreq=-54 sapplied=-54 crate=-54 uimp=-49555 upos=3210 uneg=4880 ball=41.79 vball=-1.03 aball=-0.9 bref=0.00 pid=-53.6 pref=194.6 ppos=200.0 apid=-0.0 integ=14.7 vision=1 current=1 vframe=6367 vs=1 vage=3 vpage=3 vdt=33 vmax=568 vacc=6334 vrej=0 seq=0 elapsed=0 oled=3C
[  10750] STATUS mode=3 fault=none enc=257 denc=0 sreq=-38 sapplied=-38 crate=-38 uimp=-50455 upos=3210 uneg=4900 ball=41.79 vball=-1.03 aball=-0.9 bref=0.00 pid=-37.9 pref=195.3 ppos=199.1 apid=-0.0 integ=15.4 vision=1 current=1 vframe=6367 vs=1 vage=23 vpage=23 vdt=33 vmax=568 vacc=6334 vrej=0 seq=0 elapsed=0 oled=3C
[  10781] STATUS mode=3 fault=none enc=255 denc=0 sreq=0 sapplied=0 crate=-13 uimp=-50995 upos=3210 uneg=4915 ball=41.79 vball=-0.78 aball=-3.5 bref=0.00 pid=-13.1 pref=197.2 ppos=198.5 apid=-0.0 integ=16.1 vision=1 current=1 vframe=6368 vs=1 vage=30 vpage=30 vdt=33 vmax=568 vacc=6335 vrej=0 seq=0 elapsed=0 oled=3C
[  10813] STATUS mode=3 fault=none enc=255 denc=0 sreq=0 sapplied=0 crate=18 uimp=-50995 upos=3210 uneg=4915 ball=41.81 vball=-0.31 aball=-3.5 bref=0.00 pid=17.9 pref=200.3 ppos=198.5 apid=-0.0 integ=16.7 vision=1 current=1 vframe=6369 vs=1 vage=17 vpage=17 vdt=33 vmax=568 vacc=6336 vrej=0 seq=0 elapsed=0 oled=3C
[  10844] STATUS mode=3 fault=none enc=255 denc=0 sreq=0 sapplied=0 crate=18 uimp=-50995 upos=3210 uneg=4915 ball=41.84 vball=-0.02 aball=-3.5 bref=0.00 pid=17.9 pref=200.3 ppos=198.5 apid=-0.0 integ=16.7 vision=1 current=1 vframe=6370 vs=1 vage=4 vpage=4 vdt=33 vmax=568 vacc=6337 vrej=0 seq=0 elapsed=0 oled=3C
[  10858] STATUS mode=3 fault=none enc=257 denc=1 sreq=40 sapplied=40 crate=40 uimp=-49875 upos=3240 uneg=4915 ball=41.85 vball=0.06 aball=1.9 bref=0.00 pid=40.4 pref=203.7 ppos=199.6 apid=0.0 integ=18.2 vision=1 current=1 vframe=6371 vs=1 vage=10 vpage=10 vdt=34 vmax=568 vacc=6338 vrej=0 seq=0 elapsed=0 oled=3C
[  10891] STATUS mode=3 fault=none enc=257 denc=0 sreq=33 sapplied=33 crate=33 uimp=-49125 upos=3260 uneg=4915 ball=41.85 vball=0.06 aball=1.9 bref=0.00 pid=32.9 pref=203.7 ppos=200.4 apid=0.0 integ=18.2 vision=1 current=1 vframe=6371 vs=1 vage=30 vpage=30 vdt=34 vmax=568 vacc=6338 vrej=0 seq=0 elapsed=0 oled=3C
[  10922] STATUS mode=3 fault=none enc=257 denc=0 sreq=34 sapplied=34 crate=34 uimp=-48445 upos=3280 uneg=4915 ball=41.85 vball=0.07 aball=1.9 bref=0.00 pid=33.5 pref=204.4 ppos=201.1 apid=0.0 integ=18.8 vision=1 current=1 vframe=6372 vs=1 vage=17 vpage=17 vdt=33 vmax=568 vacc=6339 vrej=0 seq=0 elapsed=0 oled=3C
[  10938] STATUS mode=3 fault=none enc=258 denc=0 sreq=27 sapplied=27 crate=27 uimp=-47230 upos=3320 uneg=4915 ball=41.85 vball=0.05 aball=1.9 bref=0.00 pid=27.3 pref=205.0 ppos=202.3 apid=0.0 integ=19.5 vision=1 current=1 vframe=6373 vs=1 vage=24 vpage=24 vdt=33 vmax=568 vacc=6340 vrej=0 seq=0 elapsed=0 oled=3C
[  10969] STATUS mode=3 fault=none enc=259 denc=0 sreq=28 sapplied=28 crate=28 uimp=-46690 upos=3340 uneg=4915 ball=41.85 vball=0.04 aball=0.9 bref=0.00 pid=28.5 pref=205.7 ppos=202.8 apid=0.0 integ=20.2 vision=1 current=1 vframe=6374 vs=1 vage=10 vpage=10 vdt=34 vmax=568 vacc=6341 vrej=0 seq=0 elapsed=0 oled=3C
[  11000] STATUS mode=3 fault=none enc=261 denc=1 sreq=23 sapplied=23 crate=23 uimp=-46165 upos=3360 uneg=4915 ball=41.85 vball=0.04 aball=0.9 bref=0.00 pid=23.2 pref=205.7 ppos=203.3 apid=0.0 integ=20.2 vision=1 current=1 vframe=6374 vs=1 vage=30 vpage=30 vdt=34 vmax=568 vacc=6341 vrej=0 seq=0 elapsed=0 oled=3C
[  11016] STATUS mode=3 fault=none enc=262 denc=0 sreq=22 sapplied=22 crate=22 uimp=-45160 upos=3400 uneg=4915 ball=41.86 vball=0.09 aball=0.9 bref=0.00 pid=21.6 pref=206.5 ppos=204.3 apid=0.0 integ=20.9 vision=1 current=1 vframe=6376 vs=1 vage=3 vpage=3 vdt=34 vmax=568 vacc=6343 vrej=0 seq=0 elapsed=0 oled=3C
[  11047] STATUS mode=3 fault=none enc=263 denc=1 sreq=25 sapplied=25 crate=25 uimp=-44640 upos=3420 uneg=4915 ball=41.86 vball=0.09 aball=0.9 bref=0.00 pid=24.8 pref=207.3 ppos=204.9 apid=0.0 integ=21.6 vision=1 current=1 vframe=6376 vs=1 vage=23 vpage=23 vdt=34 vmax=568 vacc=6343 vrej=0 seq=0 elapsed=0 oled=3C
[  11078] STATUS mode=3 fault=none enc=262 denc=-1 sreq=25 sapplied=25 crate=25 uimp=-44150 upos=3440 uneg=4915 ball=41.86 vball=0.07 aball=0.6 bref=0.00 pid=25.4 pref=207.9 ppos=205.4 apid=0.0 integ=22.3 vision=1 current=1 vframe=6377 vs=1 vage=12 vpage=12 vdt=31 vmax=568 vacc=6344 vrej=0 seq=0 elapsed=0 oled=3C
[  11108] STATUS mode=3 fault=none enc=265 denc=-1 sreq=0 sapplied=0 crate=11 uimp=-43475 upos=3470 uneg=4915 ball=41.83 vball=-0.20 aball=0.6 bref=0.00 pid=11.4 pref=207.2 ppos=206.0 apid=0.0 integ=23.0 vision=1 current=1 vframe=6378 vs=1 vage=18 vpage=18 vdt=34 vmax=568 vacc=6345 vrej=0 seq=0 elapsed=0 oled=3C
[  11125] STATUS mode=3 fault=none enc=265 denc=0 sreq=0 sapplied=0 crate=11 uimp=-43475 upos=3470 uneg=4915 ball=41.81 vball=-0.33 aball=0.6 bref=0.00 pid=11.4 pref=207.2 ppos=206.0 apid=0.0 integ=23.0 vision=1 current=1 vframe=6379 vs=1 vage=3 vpage=3 vdt=35 vmax=568 vacc=6346 vrej=0 seq=0 elapsed=0 oled=3C
[  11156] STATUS mode=3 fault=none enc=265 denc=0 sreq=0 sapplied=0 crate=12 uimp=-43475 upos=3470 uneg=4915 ball=41.81 vball=-0.33 aball=0.6 bref=0.00 pid=11.6 pref=207.2 ppos=206.0 apid=0.0 integ=23.7 vision=1 current=1 vframe=6379 vs=1 vage=23 vpage=23 vdt=35 vmax=568 vacc=6346 vrej=0 seq=0 elapsed=0 oled=3C
[  11188] STATUS mode=3 fault=none enc=265 denc=0 sreq=0 sapplied=0 crate=18 uimp=-43475 upos=3470 uneg=4915 ball=41.80 vball=-0.34 aball=-1.4 bref=0.00 pid=17.9 pref=207.8 ppos=206.0 apid=-0.0 integ=24.4 vision=1 current=1 vframe=6380 vs=1 vage=29 vpage=29 vdt=34 vmax=568 vacc=6347 vrej=0 seq=0 elapsed=0 oled=3C
[  11203] STATUS mode=3 fault=none enc=265 denc=0 sreq=25 sapplied=25 crate=25 uimp=-43210 upos=3480 uneg=4915 ball=41.79 vball=-0.28 aball=-1.4 bref=0.00 pid=24.6 pref=208.8 ppos=206.3 apid=-0.0 integ=25.1 vision=1 current=1 vframe=6381 vs=1 vage=17 vpage=17 vdt=32 vmax=568 vacc=6348 vrej=0 seq=0 elapsed=0 oled=3C
[  11233] STATUS mode=3 fault=none enc=266 denc=0 sreq=20 sapplied=20 crate=20 uimp=-42755 upos=3500 uneg=4915 ball=41.79 vball=-0.20 aball=-1.4 bref=0.00 pid=20.1 pref=208.8 ppos=206.8 apid=-0.0 integ=25.1 vision=1 current=1 vframe=6382 vs=1 vage=4 vpage=4 vdt=33 vmax=568 vacc=6349 vrej=0 seq=0 elapsed=0 oled=3C
[  11266] STATUS mode=3 fault=none enc=268 denc=1 sreq=0 sapplied=0 crate=16 uimp=-41865 upos=3535 uneg=4915 ball=41.76 vball=-0.45 aball=-1.3 bref=0.00 pid=15.8 pref=209.2 ppos=207.6 apid=-0.0 integ=26.5 vision=1 current=1 vframe=6383 vs=1 vage=10 vpage=10 vdt=34 vmax=568 vacc=6350 vrej=0 seq=0 elapsed=0 oled=3C
[  11281] STATUS mode=3 fault=none enc=268 denc=0 sreq=0 sapplied=0 crate=16 uimp=-41865 upos=3535 uneg=4915 ball=41.76 vball=-0.45 aball=-1.3 bref=0.00 pid=15.8 pref=209.2 ppos=207.6 apid=-0.0 integ=26.5 vision=1 current=1 vframe=6383 vs=1 vage=30 vpage=30 vdt=34 vmax=568 vacc=6350 vrej=0 seq=0 elapsed=0 oled=3C
[  11313] STATUS mode=3 fault=none enc=268 denc=0 sreq=22 sapplied=22 crate=22 uimp=-41620 upos=3545 uneg=4915 ball=41.75 vball=-0.40 aball=-1.3 bref=0.00 pid=22.4 pref=210.1 ppos=207.9 apid=-0.0 integ=27.2 vision=1 current=1 vframe=6384 vs=1 vage=17 vpage=17 vdt=33 vmax=568 vacc=6351 vrej=0 seq=0 elapsed=0 oled=3C
[  11344] STATUS mode=3 fault=none enc=269 denc=0 sreq=25 sapplied=25 crate=25 uimp=-40730 upos=3580 uneg=4915 ball=41.75 vball=-0.30 aball=-1.3 bref=0.00 pid=25.2 pref=211.3 ppos=208.8 apid=-0.0 integ=27.9 vision=1 current=1 vframe=6385 vs=1 vage=25 vpage=25 vdt=32 vmax=568 vacc=6352 vrej=0 seq=0 elapsed=0 oled=3C
[  11375] STATUS mode=3 fault=none enc=269 denc=0 sreq=33 sapplied=33 crate=33 uimp=-40260 upos=3600 uneg=4915 ball=41.75 vball=-0.21 aball=0.3 bref=0.00 pid=32.9 pref=212.5 ppos=209.2 apid=0.0 integ=28.7 vision=1 current=1 vframe=6386 vs=1 vage=7 vpage=7 vdt=38 vmax=568 vacc=6353 vrej=0 seq=0 elapsed=0 oled=3C
[  11391] STATUS mode=3 fault=none enc=271 denc=0 sreq=27 sapplied=27 crate=27 uimp=-39650 upos=3620 uneg=4915 ball=41.75 vball=-0.21 aball=0.3 bref=0.00 pid=26.8 pref=212.5 ppos=209.9 apid=0.0 integ=28.7 vision=1 current=1 vframe=6386 vs=1 vage=27 vpage=27 vdt=38 vmax=568 vacc=6353 vrej=0 seq=0 elapsed=0 oled=3C
[  11422] STATUS mode=3 fault=none enc=274 denc=1 sreq=47 sapplied=47 crate=47 uimp=-37885 upos=3660 uneg=4915 ball=41.86 vball=0.74 aball=0.3 bref=0.00 pid=47.4 pref=216.4 ppos=211.6 apid=0.0 integ=29.4 vision=1 current=1 vframe=6388 vs=1 vage=4 vpage=4 vdt=30 vmax=568 vacc=6355 vrej=0 seq=0 elapsed=0 oled=3C
[  11453] STATUS mode=3 fault=none enc=275 denc=0 sreq=61 sapplied=61 crate=61 uimp=-36640 upos=3680 uneg=4915 ball=41.86 vball=0.74 aball=0.3 bref=0.00 pid=60.7 pref=218.9 ppos=212.9 apid=0.0 integ=30.0 vision=1 current=1 vframe=6388 vs=1 vage=24 vpage=24 vdt=30 vmax=568 vacc=6355 vrej=0 seq=0 elapsed=0 oled=3C
[  11469] STATUS mode=3 fault=none enc=276 denc=0 sreq=53 sapplied=53 crate=53 uimp=-35490 upos=3700 uneg=4915 ball=41.88 vball=0.66 aball=4.2 bref=0.00 pid=52.9 pref=219.3 ppos=214.0 apid=0.0 integ=30.7 vision=1 current=1 vframe=6389 vs=1 vage=10 vpage=10 vdt=34 vmax=568 vacc=6356 vrej=0 seq=0 elapsed=0 oled=3C
[  11500] STATUS mode=3 fault=none enc=278 denc=0 sreq=0 sapplied=0 crate=19 uimp=-33885 upos=3740 uneg=4915 ball=41.85 vball=0.18 aball=4.2 bref=0.00 pid=18.9 pref=217.5 ppos=215.6 apid=0.0 integ=31.4 vision=1 current=1 vframe=6390 vs=1 vage=17 vpage=17 vdt=33 vmax=568 vacc=6357 vrej=0 seq=0 elapsed=0 oled=3C
[  11531] STATUS mode=3 fault=none enc=280 denc=0 sreq=0 sapplied=0 crate=19 uimp=-33885 upos=3740 uneg=4915 ball=41.82 vball=-0.12 aball=4.2 bref=0.00 pid=18.9 pref=217.5 ppos=215.6 apid=0.0 integ=31.4 vision=1 current=1 vframe=6391 vs=1 vage=2 vpage=2 vdt=35 vmax=568 vacc=6358 vrej=0 seq=0 elapsed=0 oled=3C
[  11547] STATUS mode=3 fault=none enc=280 denc=0 sreq=0 sapplied=0 crate=10 uimp=-33885 upos=3740 uneg=4915 ball=41.82 vball=-0.12 aball=4.2 bref=0.00 pid=10.3 pref=216.7 ppos=215.6 apid=0.0 integ=32.1 vision=1 current=1 vframe=6391 vs=1 vage=22 vpage=22 vdt=35 vmax=568 vacc=6358 vrej=0 seq=0 elapsed=0 oled=3C
[  11578] STATUS mode=3 fault=none enc=280 denc=0 sreq=0 sapplied=0 crate=14 uimp=-33885 upos=3740 uneg=4915 ball=41.81 vball=-0.17 aball=-1.4 bref=0.00 pid=14.2 pref=217.0 ppos=215.6 apid=-0.0 integ=32.8 vision=1 current=1 vframe=6392 vs=1 vage=10 vpage=10 vdt=32 vmax=568 vacc=6359 vrej=0 seq=0 elapsed=0 oled=3C
[  11608] STATUS mode=3 fault=none enc=280 denc=0 sreq=21 sapplied=21 crate=21 uimp=-33660 upos=3750 uneg=4915 ball=41.81 vball=-0.14 aball=-1.4 bref=0.00 pid=20.7 pref=217.9 ppos=215.8 apid=-0.0 integ=33.5 vision=1 current=1 vframe=6393 vs=1 vage=15 vpage=15 vdt=35 vmax=568 vacc=6360 vrej=0 seq=0 elapsed=0 oled=3C
[  11625] STATUS mode=3 fault=none enc=280 denc=0 sreq=0 sapplied=0 crate=19 uimp=-33455 upos=3760 uneg=4915 ball=41.81 vball=-0.10 aball=-1.4 bref=0.00 pid=18.7 pref=217.9 ppos=216.1 apid=-0.0 integ=33.5 vision=1 current=1 vframe=6394 vs=1 vage=4 vpage=4 vdt=31 vmax=568 vacc=6361 vrej=0 seq=0 elapsed=0 oled=3C
[  11656] STATUS mode=3 fault=none enc=280 denc=0 sreq=23 sapplied=23 crate=23 uimp=-33065 upos=3775 uneg=4915 ball=41.81 vball=-0.10 aball=-1.4 bref=0.00 pid=23.3 pref=218.8 ppos=216.4 apid=-0.0 integ=34.2 vision=1 current=1 vframe=6394 vs=1 vage=24 vpage=24 vdt=31 vmax=568 vacc=6361 vrej=0 seq=0 elapsed=0 oled=3C
[  11688] STATUS mode=3 fault=none enc=282 denc=1 sreq=22 sapplied=22 crate=22 uimp=-32090 upos=3815 uneg=4915 ball=41.81 vball=-0.07 aball=-0.3 bref=0.00 pid=22.1 pref=219.6 ppos=217.4 apid=-0.0 integ=34.9 vision=1 current=1 vframe=6395 vs=1 vage=30 vpage=30 vdt=34 vmax=568 vacc=6362 vrej=0 seq=0 elapsed=0 oled=3C
[  11719] STATUS mode=3 fault=none enc=283 denc=2 sreq=26 sapplied=26 crate=26 uimp=-31600 upos=3835 uneg=4915 ball=41.81 vball=-0.04 aball=-0.3 bref=0.00 pid=25.6 pref=220.5 ppos=217.9 apid=-0.0 integ=35.6 vision=1 current=1 vframe=6396 vs=1 vage=17 vpage=17 vdt=33 vmax=568 vacc=6363 vrej=0 seq=0 elapsed=0 oled=3C
[  11733] STATUS mode=3 fault=none enc=283 denc=1 sreq=21 sapplied=21 crate=21 uimp=-31125 upos=3855 uneg=4915 ball=41.81 vball=-0.03 aball=-0.3 bref=0.00 pid=20.9 pref=220.5 ppos=218.4 apid=-0.0 integ=35.6 vision=1 current=1 vframe=6397 vs=1 vage=4 vpage=4 vdt=33 vmax=568 vacc=6364 vrej=0 seq=0 elapsed=0 oled=3C
[  11766] STATUS mode=3 fault=none enc=284 denc=0 sreq=26 sapplied=26 crate=26 uimp=-30160 upos=3895 uneg=4915 ball=41.81 vball=-0.02 aball=0.0 bref=0.00 pid=26.2 pref=222.0 ppos=219.3 apid=0.0 integ=37.0 vision=1 current=1 vframe=6398 vs=1 vage=10 vpage=10 vdt=34 vmax=568 vacc=6365 vrej=0 seq=0 elapsed=0 oled=3C
[  11797] STATUS mode=3 fault=none enc=284 denc=0 sreq=21 sapplied=21 crate=21 uimp=-29675 upos=3915 uneg=4915 ball=41.81 vball=-0.02 aball=0.0 bref=0.00 pid=21.4 pref=222.0 ppos=219.8 apid=0.0 integ=37.0 vision=1 current=1 vframe=6398 vs=1 vage=30 vpage=30 vdt=34 vmax=568 vacc=6365 vrej=0 seq=0 elapsed=0 oled=3C
[  11813] STATUS mode=3 fault=none enc=285 denc=0 sreq=24 sapplied=24 crate=24 uimp=-29210 upos=3935 uneg=4915 ball=41.81 vball=-0.01 aball=0.0 bref=0.00 pid=24.1 pref=222.7 ppos=220.3 apid=0.0 integ=37.7 vision=1 current=1 vframe=6399 vs=1 vage=17 vpage=17 vdt=33 vmax=568 vacc=6366 vrej=0 seq=0 elapsed=0 oled=3C
[  11844] STATUS mode=3 fault=none enc=286 denc=0 sreq=40 sapplied=40 crate=40 uimp=-28000 upos=3975 uneg=4915 ball=41.85 vball=0.38 aball=0.0 bref=0.00 pid=39.6 pref=225.5 ppos=221.5 apid=0.0 integ=38.3 vision=1 current=1 vframe=6400 vs=1 vage=24 vpage=24 vdt=33 vmax=568 vacc=6367 vrej=0 seq=0 elapsed=0 oled=3C
[  11875] STATUS mode=3 fault=none enc=288 denc=0 sreq=54 sapplied=54 crate=54 uimp=-27145 upos=3995 uneg=4915 ball=41.89 vball=0.68 aball=3.2 bref=0.00 pid=54.4 pref=227.8 ppos=222.4 apid=0.0 integ=39.1 vision=1 current=1 vframe=6401 vs=1 vage=10 vpage=10 vdt=34 vmax=568 vacc=6368 vrej=0 seq=0 elapsed=0 oled=3C
[  11906] STATUS mode=3 fault=none enc=289 denc=0 sreq=44 sapplied=44 crate=44 uimp=-26135 upos=4015 uneg=4915 ball=41.89 vball=0.68 aball=3.2 bref=0.00 pid=44.3 pref=227.8 ppos=223.4 apid=0.0 integ=39.1 vision=1 current=1 vframe=6401 vs=1 vage=30 vpage=30 vdt=34 vmax=568 vacc=6368 vrej=0 seq=0 elapsed=0 oled=3C
[  11922] STATUS mode=3 fault=none enc=291 denc=0 sreq=32 sapplied=32 crate=32 uimp=-24555 upos=4055 uneg=4915 ball=42.22 vball=3.03 aball=3.2 bref=0.00 pid=32.0 pref=228.2 ppos=225.0 apid=0.0 integ=39.8 vision=1 current=1 vframe=6403 vs=1 vage=4 vpage=4 vdt=33 vmax=568 vacc=6370 vrej=0 seq=0 elapsed=0 oled=3C
[  11953] STATUS mode=3 fault=none enc=293 denc=2 sreq=146 sapplied=146 crate=146 uimp=-22160 upos=4075 uneg=4915 ball=42.22 vball=3.03 aball=3.2 bref=0.00 pid=145.8 pref=241.9 ppos=227.3 apid=0.0 integ=40.4 vision=1 current=1 vframe=6403 vs=1 vage=24 vpage=24 vdt=33 vmax=568 vacc=6370 vrej=0 seq=0 elapsed=0 oled=3C
[  11983] STATUS mode=3 fault=none enc=295 denc=0 sreq=123 sapplied=123 crate=123 uimp=-19425 upos=4095 uneg=4915 ball=42.31 vball=2.93 aball=12.0 bref=0.00 pid=123.2 pref=242.4 ppos=230.1 apid=0.0 integ=41.1 vision=1 current=1 vframe=6404 vs=1 vage=11 vpage=11 vdt=33 vmax=568 vacc=6371 vrej=0 seq=0 elapsed=0 oled=3C
[  12000] STATUS mode=3 fault=none enc=300 denc=0 sreq=62 sapplied=62 crate=62 uimp=-15500 upos=4135 uneg=4915 ball=42.34 vball=2.32 aball=12.0 bref=0.00 pid=61.7 pref=240.2 ppos=234.0 apid=0.0 integ=41.9 vision=1 current=1 vframe=6405 vs=1 vage=16 vpage=16 vdt=35 vmax=568 vacc=6372 vrej=0 seq=0 elapsed=0 oled=3C
[  12031] STATUS mode=3 fault=none enc=302 denc=1 sreq=50 sapplied=50 crate=50 uimp=-14350 upos=4155 uneg=4915 ball=42.34 vball=1.62 aball=12.0 bref=0.00 pid=50.2 pref=240.2 ppos=235.2 apid=0.0 integ=41.9 vision=1 current=1 vframe=6406 vs=1 vage=3 vpage=3 vdt=33 vmax=568 vacc=6373 vrej=0 seq=0 elapsed=0 oled=3C
[  12063] STATUS mode=3 fault=none enc=302 denc=0 sreq=0 sapplied=0 crate=19 uimp=-14000 upos=4165 uneg=4915 ball=42.34 vball=1.62 aball=12.0 bref=0.00 pid=18.7 pref=237.4 ppos=235.5 apid=0.0 integ=42.6 vision=1 current=1 vframe=6406 vs=1 vage=23 vpage=23 vdt=33 vmax=568 vacc=6373 vrej=0 seq=0 elapsed=0 oled=3C
[  12078] STATUS mode=3 fault=none enc=302 denc=0 sreq=0 sapplied=0 crate=0 uimp=-14000 upos=4165 uneg=4915 ball=42.33 vball=1.06 aball=-1.7 bref=0.00 pid=0.0 pref=235.2 ppos=235.5 apid=-0.0 integ=43.3 vision=1 current=1 vframe=6407 vs=1 vage=30 vpage=30 vdt=33 vmax=568 vacc=6374 vrej=0 seq=0 elapsed=0 oled=3C
[  12108] STATUS mode=3 fault=none enc=302 denc=0 sreq=0 sapplied=0 crate=-15 uimp=-14000 upos=4165 uneg=4915 ball=42.32 vball=0.68 aball=-1.7 bref=0.00 pid=-14.9 pref=234.0 ppos=235.5 apid=-0.0 integ=44.0 vision=1 current=1 vframe=6408 vs=1 vage=17 vpage=17 vdt=33 vmax=568 vacc=6375 vrej=0 seq=0 elapsed=0 oled=3C
[  12141] STATUS mode=3 fault=none enc=302 denc=0 sreq=0 sapplied=0 crate=-15 uimp=-14000 upos=4165 uneg=4915 ball=42.31 vball=0.42 aball=-1.7 bref=0.00 pid=-14.9 pref=234.0 ppos=235.5 apid=-0.0 integ=44.0 vision=1 current=1 vframe=6409 vs=1 vage=2 vpage=2 vdt=35 vmax=568 vacc=6376 vrej=0 seq=0 elapsed=0 oled=3C
[  12172] STATUS mode=3 fault=none enc=302 denc=0 sreq=-33 sapplied=-33 crate=-33 uimp=-14380 upos=4165 uneg=4930 ball=42.28 vball=-0.01 aball=-5.8 bref=0.00 pid=-32.9 pref=231.8 ppos=235.1 apid=-0.0 integ=45.4 vision=1 current=1 vframe=6410 vs=1 vage=11 vpage=11 vdt=31 vmax=568 vacc=6377 vrej=0 seq=0 elapsed=0 oled=3C
[  12188] STATUS mode=3 fault=none enc=303 denc=0 sreq=-27 sapplied=-27 crate=-27 uimp=-14990 upos=4165 uneg=4950 ball=42.28 vball=-0.01 aball=-5.8 bref=0.00 pid=-26.8 pref=231.8 ppos=234.5 apid=-0.0 integ=45.4 vision=1 current=1 vframe=6410 vs=1 vage=31 vpage=31 vdt=31 vmax=568 vacc=6377 vrej=0 seq=0 elapsed=0 oled=3C
[  12219] STATUS mode=3 fault=none enc=302 denc=1 sreq=-89 sapplied=-89 crate=-89 uimp=-16205 upos=4165 uneg=4970 ball=42.11 vball=-1.53 aball=-5.8 bref=0.00 pid=-88.6 pref=224.4 ppos=233.3 apid=-0.0 integ=46.1 vision=1 current=1 vframe=6411 vs=1 vage=17 vpage=17 vdt=34 vmax=568 vacc=6378 vrej=0 seq=0 elapsed=0 oled=3C
[  12250] STATUS mode=3 fault=none enc=300 denc=1 sreq=-55 sapplied=-55 crate=-55 uimp=-19125 upos=4165 uneg=5010 ball=42.05 vball=-1.54 aball=-5.8 bref=0.00 pid=-54.7 pref=224.9 ppos=230.4 apid=-0.0 integ=46.8 vision=1 current=1 vframe=6412 vs=1 vage=24 vpage=24 vdt=33 vmax=568 vacc=6379 vrej=0 seq=0 elapsed=0 oled=3C
[  12266] STATUS mode=3 fault=none enc=298 denc=0 sreq=-22 sapplied=-22 crate=-22 uimp=-20020 upos=4165 uneg=5030 ball=42.04 vball=-1.19 aball=-8.5 bref=0.00 pid=-21.6 pref=227.3 ppos=229.5 apid=-0.0 integ=47.5 vision=1 current=1 vframe=6413 vs=1 vage=11 vpage=11 vdt=33 vmax=568 vacc=6380 vrej=0 seq=0 elapsed=0 oled=3C
[  12297] STATUS mode=3 fault=none enc=297 denc=1 sreq=0 sapplied=0 crate=-19 uimp=-20235 upos=4165 uneg=5040 ball=42.04 vball=-1.19 aball=-8.5 bref=0.00 pid=-19.5 pref=227.3 ppos=229.3 apid=-0.0 integ=47.5 vision=1 current=1 vframe=6413 vs=1 vage=31 vpage=31 vdt=33 vmax=568 vacc=6380 vrej=0 seq=0 elapsed=0 oled=3C
[  12328] STATUS mode=3 fault=none enc=297 denc=0 sreq=0 sapplied=0 crate=0 uimp=-20235 upos=4165 uneg=5040 ball=42.05 vball=-0.53 aball=-8.5 bref=0.00 pid=0.0 pref=229.9 ppos=229.3 apid=-0.0 integ=48.2 vision=1 current=1 vframe=6415 vs=1 vage=4 vpage=4 vdt=34 vmax=568 vacc=6382 vrej=0 seq=0 elapsed=0 oled=3C
[  12358] STATUS mode=3 fault=none enc=297 denc=0 sreq=25 sapplied=25 crate=25 uimp=-19960 upos=4175 uneg=5040 ball=42.05 vball=-0.53 aball=-8.5 bref=0.00 pid=25.2 pref=232.1 ppos=229.5 apid=-0.0 integ=48.9 vision=1 current=1 vframe=6415 vs=1 vage=24 vpage=24 vdt=34 vmax=568 vacc=6382 vrej=0 seq=0 elapsed=0 oled=3C
[  12375] STATUS mode=3 fault=none enc=299 denc=2 sreq=0 sapplied=0 crate=0 uimp=-19600 upos=4190 uneg=5040 ball=42.00 vball=-0.88 aball=-3.3 bref=0.00 pid=0.0 pref=230.9 ppos=229.9 apid=-0.0 integ=49.6 vision=1 current=1 vframe=6416 vs=1 vage=11 vpage=11 vdt=33 vmax=568 vacc=6383 vrej=0 seq=0 elapsed=0 oled=3C
[  12406] STATUS mode=3 fault=none enc=298 denc=0 sreq=0 sapplied=0 crate=0 uimp=-19600 upos=4190 uneg=5040 ball=41.95 vball=-1.05 aball=-3.3 bref=0.00 pid=0.0 pref=230.6 ppos=229.9 apid=-0.0 integ=50.3 vision=1 current=1 vframe=6417 vs=1 vage=18 vpage=18 vdt=33 vmax=568 vacc=6384 vrej=0 seq=0 elapsed=0 oled=3C
[  12438] STATUS mode=3 fault=none enc=298 denc=0 sreq=0 sapplied=0 crate=0 uimp=-19600 upos=4190 uneg=5040 ball=41.93 vball=-0.84 aball=-3.3 bref=0.00 pid=0.0 pref=230.6 ppos=229.9 apid=-0.0 integ=50.3 vision=1 current=1 vframe=6418 vs=1 vage=4 vpage=4 vdt=34 vmax=568 vacc=6385 vrej=0 seq=0 elapsed=0 oled=3C
[  12453] STATUS mode=3 fault=none enc=298 denc=0 sreq=20 sapplied=20 crate=20 uimp=-19270 upos=4205 uneg=5040 ball=41.93 vball=-0.84 aball=-3.3 bref=0.00 pid=20.1 pref=232.3 ppos=230.2 apid=-0.0 integ=51.0 vision=1 current=1 vframe=6418 vs=1 vage=24 vpage=24 vdt=34 vmax=568 vacc=6385 vrej=0 seq=0 elapsed=0 oled=3C
[  12483] STATUS mode=3 fault=none enc=298 denc=0 sreq=0 sapplied=0 crate=0 uimp=-19170 upos=4210 uneg=5040 ball=41.87 vball=-1.16 aball=-3.1 bref=0.00 pid=0.0 pref=231.2 ppos=230.3 apid=-0.0 integ=51.7 vision=1 current=1 vframe=6419 vs=1 vage=30 vpage=30 vdt=34 vmax=568 vacc=6386 vrej=0 seq=0 elapsed=0 oled=3C
[  12516] STATUS mode=3 fault=none enc=298 denc=0 sreq=31 sapplied=31 crate=31 uimp=-18840 upos=4220 uneg=5040 ball=41.87 vball=-0.78 aball=-3.1 bref=0.00 pid=30.9 pref=233.8 ppos=230.7 apid=-0.0 integ=52.4 vision=1 current=1 vframe=6420 vs=1 vage=18 vpage=18 vdt=32 vmax=568 vacc=6387 vrej=0 seq=0 elapsed=0 oled=3C
[  12531] STATUS mode=3 fault=none enc=298 denc=0 sreq=66 sapplied=66 crate=66 uimp=-18270 upos=4240 uneg=5040 ball=41.92 vball=-0.13 aball=-3.1 bref=0.00 pid=66.1 pref=237.8 ppos=231.2 apid=-0.0 integ=53.1 vision=1 current=1 vframe=6421 vs=1 vage=5 vpage=5 vdt=33 vmax=568 vacc=6388 vrej=0 seq=0 elapsed=0 oled=3C
[  12563] STATUS mode=3 fault=none enc=302 denc=2 sreq=60 sapplied=60 crate=60 uimp=-15955 upos=4280 uneg=5040 ball=41.94 vball=0.06 aball=3.9 bref=0.00 pid=60.1 pref=239.6 ppos=233.6 apid=0.0 integ=53.8 vision=1 current=1 vframe=6422 vs=1 vage=11 vpage=11 vdt=34 vmax=568 vacc=6389 vrej=0 seq=0 elapsed=0 oled=3C
[  12594] STATUS mode=3 fault=none enc=303 denc=1 sreq=49 sapplied=49 crate=49 uimp=-14840 upos=4300 uneg=5040 ball=41.94 vball=0.06 aball=3.9 bref=0.00 pid=49.0 pref=239.6 ppos=234.7 apid=0.0 integ=53.8 vision=1 current=1 vframe=6422 vs=1 vage=31 vpage=31 vdt=34 vmax=568 vacc=6389 vrej=0 seq=0 elapsed=0 oled=3C
[  12625] STATUS mode=3 fault=none enc=302 denc=-1 sreq=30 sapplied=30 crate=30 uimp=-14040 upos=4320 uneg=5040 ball=41.91 vball=-0.28 aball=3.9 bref=0.00 pid=29.8 pref=238.4 ppos=235.5 apid=0.0 integ=54.4 vision=1 current=1 vframe=6423 vs=1 vage=19 vpage=19 vdt=32 vmax=568 vacc=6390 vrej=0 seq=0 elapsed=0 oled=3C
[  12641] STATUS mode=3 fault=none enc=304 denc=0 sreq=0 sapplied=0 crate=19 uimp=-13385 upos=4345 uneg=5040 ball=41.87 vball=-0.49 aball=3.9 bref=0.00 pid=18.7 pref=238.0 ppos=236.1 apid=0.0 integ=55.2 vision=1 current=1 vframe=6424 vs=1 vage=25 vpage=25 vdt=34 vmax=568 vacc=6391 vrej=0 seq=0 elapsed=0 oled=3C
[  12672] STATUS mode=3 fault=none enc=304 denc=0 sreq=32 sapplied=32 crate=32 uimp=-13215 upos=4350 uneg=5040 ball=41.87 vball=-0.33 aball=0.4 bref=0.00 pid=32.3 pref=239.5 ppos=236.3 apid=0.0 integ=55.9 vision=1 current=1 vframe=6425 vs=1 vage=10 vpage=10 vdt=35 vmax=568 vacc=6392 vrej=0 seq=0 elapsed=0 oled=3C
[  12703] STATUS mode=3 fault=none enc=304 denc=0 sreq=26 sapplied=26 crate=26 uimp=-12615 upos=4370 uneg=5040 ball=41.87 vball=-0.33 aball=0.4 bref=0.00 pid=26.3 pref=239.5 ppos=236.9 apid=0.0 integ=55.9 vision=1 current=1 vframe=6425 vs=1 vage=30 vpage=30 vdt=35 vmax=568 vacc=6392 vrej=0 seq=0 elapsed=0 oled=3C
[  12719] STATUS mode=3 fault=none enc=307 denc=1 sreq=53 sapplied=53 crate=53 uimp=-10475 upos=4410 uneg=5040 ball=41.95 vball=0.37 aball=0.4 bref=0.00 pid=52.5 pref=244.3 ppos=239.0 apid=0.0 integ=56.6 vision=1 current=1 vframe=6427 vs=1 vage=4 vpage=4 vdt=34 vmax=568 vacc=6394 vrej=0 seq=0 elapsed=0 oled=3C
[  12750] STATUS mode=3 fault=none enc=308 denc=1 sreq=46 sapplied=46 crate=46 uimp=-9450 upos=4430 uneg=5040 ball=41.95 vball=0.37 aball=0.4 bref=0.00 pid=45.9 pref=244.6 ppos=240.1 apid=0.0 integ=57.3 vision=1 current=1 vframe=6427 vs=1 vage=24 vpage=24 vdt=34 vmax=568 vacc=6394 vrej=0 seq=0 elapsed=0 oled=3C
[  12781] STATUS mode=3 fault=none enc=309 denc=0 sreq=0 sapplied=0 crate=0 uimp=-8795 upos=4445 uneg=5040 ball=41.86 vball=-0.51 aball=-0.6 bref=0.00 pid=0.0 pref=240.7 ppos=240.7 apid=-0.0 integ=58.0 vision=1 current=1 vframe=6428 vs=1 vage=11 vpage=11 vdt=33 vmax=568 vacc=6395 vrej=0 seq=0 elapsed=0 oled=3C
[  12797] STATUS mode=3 fault=none enc=309 denc=0 sreq=0 sapplied=0 crate=-14 uimp=-8795 upos=4445 uneg=5040 ball=41.80 vball=-0.88 aball=-0.6 bref=0.00 pid=-13.9 pref=239.3 ppos=240.7 apid=-0.0 integ=58.7 vision=1 current=1 vframe=6429 vs=1 vage=18 vpage=18 vdt=33 vmax=568 vacc=6396 vrej=0 seq=0 elapsed=0 oled=3C
[  12828] STATUS mode=3 fault=none enc=309 denc=0 sreq=0 sapplied=0 crate=0 uimp=-8795 upos=4445 uneg=5040 ball=41.79 vball=-0.76 aball=-0.6 bref=0.00 pid=0.0 pref=240.6 ppos=240.7 apid=-0.0 integ=59.3 vision=1 current=1 vframe=6430 vs=1 vage=5 vpage=5 vdt=33 vmax=568 vacc=6397 vrej=0 seq=0 elapsed=0 oled=3C
[  12858] STATUS mode=3 fault=none enc=309 denc=0 sreq=0 sapplied=0 crate=0 uimp=-8795 upos=4445 uneg=5040 ball=41.79 vball=-0.76 aball=-0.6 bref=0.00 pid=0.0 pref=240.6 ppos=240.7 apid=-0.0 integ=59.3 vision=1 current=1 vframe=6430 vs=1 vage=25 vpage=25 vdt=33 vmax=568 vacc=6397 vrej=0 seq=0 elapsed=0 oled=3C
[  12891] STATUS mode=3 fault=none enc=309 denc=0 sreq=29 sapplied=29 crate=29 uimp=-7960 upos=4470 uneg=5040 ball=41.83 vball=-0.16 aball=1.2 bref=0.00 pid=28.7 pref=244.4 ppos=241.5 apid=0.0 integ=60.1 vision=1 current=1 vframe=6431 vs=1 vage=31 vpage=31 vdt=34 vmax=568 vacc=6398 vrej=0 seq=0 elapsed=0 oled=3C
[  12906] STATUS mode=3 fault=none enc=309 denc=0 sreq=21 sapplied=21 crate=21 uimp=-7455 upos=4490 uneg=5040 ball=41.80 vball=-0.34 aball=1.2 bref=0.00 pid=20.6 pref=244.1 ppos=242.1 apid=0.0 integ=60.7 vision=1 current=1 vframe=6432 vs=1 vage=18 vpage=18 vdt=33 vmax=568 vacc=6399 vrej=0 seq=0 elapsed=0 oled=3C
[  12938] STATUS mode=3 fault=none enc=310 denc=0 sreq=0 sapplied=0 crate=19 uimp=-7250 upos=4500 uneg=5040 ball=41.79 vball=-0.31 aball=1.2 bref=0.00 pid=18.6 pref=244.1 ppos=242.3 apid=0.0 integ=60.7 vision=1 current=1 vframe=6433 vs=1 vage=4 vpage=4 vdt=34 vmax=568 vacc=6400 vrej=0 seq=0 elapsed=0 oled=3C
[  12969] STATUS mode=3 fault=none enc=311 denc=0 sreq=29 sapplied=29 crate=29 uimp=-6380 upos=4535 uneg=5040 ball=41.79 vball=-0.23 aball=0.4 bref=0.00 pid=29.1 pref=246.0 ppos=243.1 apid=0.0 integ=62.1 vision=1 current=1 vframe=6434 vs=1 vage=11 vpage=11 vdt=33 vmax=568 vacc=6401 vrej=0 seq=0 elapsed=0 oled=3C
[  12983] STATUS mode=3 fault=none enc=312 denc=0 sreq=24 sapplied=24 crate=24 uimp=-5840 upos=4555 uneg=5040 ball=41.79 vball=-0.23 aball=0.4 bref=0.00 pid=23.7 pref=246.0 ppos=243.7 apid=0.0 integ=62.1 vision=1 current=1 vframe=6434 vs=1 vage=31 vpage=31 vdt=33 vmax=568 vacc=6401 vrej=0 seq=0 elapsed=0 oled=3C
[  13016] STATUS mode=3 fault=none enc=313 denc=0 sreq=29 sapplied=29 crate=29 uimp=-5295 upos=4575 uneg=5040 ball=41.79 vball=-0.15 aball=0.4 bref=0.00 pid=29.1 pref=247.1 ppos=244.2 apid=0.0 integ=62.8 vision=1 current=1 vframe=6435 vs=1 vage=18 vpage=18 vdt=33 vmax=568 vacc=6402 vrej=0 seq=0 elapsed=0 oled=3C
[  13047] STATUS mode=3 fault=none enc=314 denc=0 sreq=34 sapplied=34 crate=34 uimp=-4080 upos=4615 uneg=5040 ball=41.81 vball=0.02 aball=0.4 bref=0.00 pid=33.6 pref=248.8 ppos=245.4 apid=0.0 integ=63.6 vision=1 current=1 vframe=6436 vs=1 vage=22 vpage=22 vdt=36 vmax=568 vacc=6403 vrej=0 seq=0 elapsed=0 oled=3C
[  13063] STATUS mode=3 fault=none enc=315 denc=0 sreq=29 sapplied=29 crate=29 uimp=-3450 upos=4635 uneg=5040 ball=41.80 vball=-0.07 aball=0.9 bref=0.00 pid=29.0 pref=249.0 ppos=246.1 apid=0.0 integ=64.2 vision=1 current=1 vframe=6437 vs=1 vage=11 vpage=11 vdt=31 vmax=568 vacc=6404 vrej=0 seq=0 elapsed=0 oled=3C
[  13094] STATUS mode=3 fault=none enc=316 denc=1 sreq=24 sapplied=24 crate=24 uimp=-2910 upos=4655 uneg=5040 ball=41.80 vball=-0.07 aball=0.9 bref=0.00 pid=23.6 pref=249.0 ppos=246.6 apid=0.0 integ=64.2 vision=1 current=1 vframe=6437 vs=1 vage=31 vpage=31 vdt=31 vmax=568 vacc=6404 vrej=0 seq=0 elapsed=0 oled=3C
[  13125] STATUS mode=3 fault=none enc=317 denc=0 sreq=53 sapplied=53 crate=53 uimp=-1935 upos=4695 uneg=5040 ball=41.84 vball=0.42 aball=0.9 bref=0.00 pid=53.3 pref=252.9 ppos==247.1 apid=0.0 integ=64.9 vision=1 current=1 vframe=6438 vs=1 vage=18 vpage=18 vdt=33 vmax=568 vacc=6405 vrej=0 seq=0 elapsed=0 oled=3C
[  13141] STATUS mode=3 fault=none enc=319 denc=1 sreq=43 sapplied=43 crate=43 uimp=-945 upos=4715 uneg=5040 ball=41.84 vball=0.42 aball=0.9 bref=0.00 pid=43.4 pref=252.9 ppos=248.6 apid=0.0 integ=65.6 vision=1 current=1 vframe=6439 vs=1 vage=25 vpage=25 vdt=33 vmax=568 vacc=6406 vrej=0 seq=0 elapsed=0 oled=3C
[  13172] STATUS mode=3 fault=none enc=320 denc=1 sreq=55 sapplied=55 crate=55 uimp=-40 upos=4735 uneg=5040 ball=41.89 vball=0.67 aball=3.9 bref=0.00 pid=55.3 pref=255.0 ppos=249.5 apid=0.0 integ=66.3 vision=1 current=1 vframe=6440 vs=1 vage=12 vpage=12 vdt=33 vmax=568 vacc=6407 vrej=0 seq=0 elapsed=0 oled=3C
[  13203] STATUS mode=3 fault=none enc=321 denc=-1 sreq=45 sapplied=45 crate=45 uimp=985 upos=4755 uneg=5040 ball=41.89 vball=0.67 aball=3.9 bref=0.00 pid=45.1 pref=255.0 ppos=250.5 apid=0.0 integ=66.3 vision=1 current=1 vframe=6440 vs=1 vage=32 vpage=32 vdt=33 vmax=568 vacc=6407 vrej=0 seq=0 elapsed=0 oled=3C
[  13219] STATUS mode=3 fault=none enc=328 denc=1 sreq=145 sapplied=145 crate=145 uimp=6305 upos=4795 uneg=5040 ball=42.31 vball=3.20 aball=3.9 bref=0.00 pid=145.1 pref=270.3 ppos=255.8 apid=0.0 integ=67.7 vision=1 current=1 vframe=6442 vs=1 vage=5 vpage=5 vdt=33 vmax=568 vacc=6409 vrej=0 seq=0 elapsed=0 oled=3C
[  13250] STATUS mode=3 fault=none enc=332 denc=2 sreq=118 sapplied=118 crate=118 uimp=8995 upos=4815 uneg=5040 ball=42.31 vball=3.20 aball=3.9 bref=0.00 pid=118.2 pref=270.3 ppos=258.5 apid=0.0 integ=67.7 vision=1 current=1 vframe=6442 vs=1 vage=25 vpage=25 vdt=33 vmax=568 vacc=6409 vrej=0 seq=0 elapsed=0 oled=3C
[  13281] STATUS mode=3 fault=none enc=335 denc=3 sreq=67 sapplied=67 crate=67 uimp=11030 upos=4835 uneg=5040 ball=42.33 vball=2.43 aball=10.0 bref=0.00 pid=67.0 pref=267.2 ppos=260.5 apid=0.0 integ=68.4 vision=1 current=1 vframe=6443 vs=1 vage=12 vpage=12 vdt=33 vmax=568 vacc=6410 vrej=0 seq=0 elapsed=0 oled=3C
[  13313] STATUS mode=3 fault=none enc=336 denc=0 sreq=123 sapplied=123 crate=123 uimp=14130 upos=4875 uneg=5040 ball=42.58 vball=3.87 aball=10.0 bref=0.00 pid=122.7 pref=275.9 ppos=263.6 apid=0.0 integ=69.1 vision=1 current=1 vframe=6444 vs=1 vage=18 vpage=18 vdt=34 vmax=568 vacc=6411 vrej=0 seq=0 elapsed=0 oled=3C
[  13328] STATUS mode=3 fault=none enc=339 denc=2 sreq=100 sapplied=100 crate=100 uimp=16410 upos=4895 uneg=5040 ball=42.65 vball=3.31 aball=10.0 bref=0.00 pid=99.9 pref=275.9 ppos=265.9 apid=0.0 integ=69.1 vision=1 current=1 vframe=6445 vs=1 vage=4 vpage=4 vdt=34 vmax=568 vacc=6412 vrej=0 seq=0 elapsed=0 oled=3C
[  13358] STATUS mode=3 fault=none enc=340 denc=1 sreq=65 sapplied=65 crate=65 uimp=17995 upos=4915 uneg=5040 ball=42.65 vball=3.31 aball=10.0 bref=0.00 pid=65.4 pref=274.0 ppos=267.5 apid=0.0 integ=69.9 vision=1 current=1 vframe=6445 vs=1 vage=24 vpage=24 vdt=34 vmax=568 vacc=6412 vrej=0 seq=0 elapsed=0 oled=3C
[  13391] STATUS mode=3 fault=none enc=342 denc=0 sreq=0 sapplied=0 crate=19 uimp=19025 upos=4935 uneg=5040 ball=42.66 vball=2.45 aball=5.6 bref=0.00 pid=19.4 pref=270.5 ppos=268.5 apid=0.0 integ=70.6 vision=1 current=1 vframe=6446 vs=1 vage=31 vpage=31 vdt=33 vmax=568 vacc=6413 vrej=0 seq=0 elapsed=0 oled=3C
[  13406] STATUS mode=3 fault=none enc=342 denc=0 sreq=0 sapplied=0 crate=12 uimp=19025 upos=4935 uneg=5040 ball=42.71 vball=2.09 aball=5.6 bref=0.00 pid=11.7 pref=269.7 ppos=268.5 apid=0.0 integ=71.4 vision=1 current=1 vframe=6447 vs=1 vage=10 vpage=10 vdt=41 vmax=568 vacc=6414 vrej=0 seq=0 elapsed=0 oled=3C
[  13438] STATUS mode=3 fault=none enc=342 denc=0 sreq=0 sapplied=0 crate=12 uimp=19025 upos=4935 uneg=5040 ball=42.71 vball=2.09 aball=5.6 bref=0.00 pid=11.7 pref=269.7 ppos=268.5 apid=0.0 integ=71.4 vision=1 current=1 vframe=6447 vs=1 vage=30 vpage=30 vdt=41 vmax=568 vacc=6414 vrej=0 seq=0 elapsed=0 oled=3C
[  13469] STATUS mode=3 fault=none enc=344 denc=0 sreq=77 sapplied=77 crate=77 uimp=20790 upos=4955 uneg=5040 ball=42.82 vball=3.50 aball=8.6 bref=0.00 pid=77.5 pref=278.0 ppos=270.3 apid=0.0 integ=72.4 vision=1 current=1 vframe=6448 vs=1 vage=25 vpage=25 vdt=45 vmax=568 vacc=6415 vrej=0 seq=0 elapsed=0 oled=3C
[  13483] STATUS mode=3 fault=none enc=347 denc=2 sreq=91 sapplied=91 crate=91 uimp=22375 upos=4975 uneg=5040 ball=42.97 vball=3.87 aball=8.6 bref=0.00 pid=91.3 pref=281.0 ppos=271.9 apid=0.0 integ=73.1 vision=1 current=1 vframe=6449 vs=1 vage=14 vpage=14 vdt=31 vmax=568 vacc=6416 vrej=0 seq=0 elapsed=0 oled=3C
[  13516] STATUS mode=3 fault=none enc=348 denc=0 sreq=73 sapplied=73 crate=73 uimp=24050 upos=4995 uneg=5040 ball=43.06 vball=3.71 aball=8.6 bref=0.00 pid=72.7 pref=280.8 ppos=273.6 apid=0.0 integ=73.4 vision=1 current=1 vframe=6450 vs=1 vage=18 vpage=18 vdt=16 vmax=568 vacc=6417 vrej=0 seq=0 elapsed=0 oled=3C
[  13547] STATUS mode=3 fault=none enc=350 denc=0 sreq=0 sapplied=0 crate=0 uimp=24760 upos=5005 uneg=5040 ball=43.04 vball=2.40 aball=8.6 bref=0.00 pid=0.0 pref=274.7 ppos=274.3 apid=0.0 integ=73.9 vision=1 current=1 vframe=6451 vs=1 vage=37 vpage=37 vdt=21 vmax=568 vacc=6418 vrej=0 seq=0 elapsed=0 oled=3C
[  13563] STATUS mode=3 fault=none enc=350 denc=0 sreq=-25 sapplied=-25 crate=-25 uimp=24630 upos=5005 uneg=5045 ball=43.04 vball=1.63 aball=-3.2 bref=0.00 pid=-25.0 pref=271.6 ppos=274.1 apid=-0.0 integ=74.7 vision=1 current=1 vframe=6452 vs=1 vage=19 vpage=19 vdt=38 vmax=568 vacc=6419 vrej=0 seq=0 elapsed=0 oled=3C
[  13594] STATUS mode=3 fault=none enc=349 denc=-1 sreq=-223 sapplied=-223 crate=-223 uimp=23655 upos=5005 uneg=5065 ball=42.14 vball=-7.82 aball=-3.2 bref=0.00 pid=-514.8 pref=221.7 ppos=273.2 apid=-0.0 integ=74.7 vision=1 current=1 vframe=6453 vs=1 vage=12 vpage=12 vdt=27 vmax=568 vacc=6420 vrej=0 seq=0 elapsed=0 oled=3C
[  13625] STATUS mode=3 fault=none enc=334 denc=-2 sreq=-121 sapplied=-121 crate=-121 uimp=9450 upos=5005 uneg=5105 ball=41.62 vball=-9.92 aball=-3.2 bref=0.00 pid=27.1 pref=261.7 ppos=259.0 apid=-0.0 integ=-0.0 vision=1 current=1 vframe=6461 vs=1 vage=19 vpage=19 vdt=33 vmax=568 vacc=6428 vrej=0 seq=0 elapsed=0 oled=3C
[  13656] STATUS mode=3 fault=none enc=332 denc=1 sreq=-66 sapplied=0 crate=-66 uimp=8910 upos=5010 uneg=5115 ball=40.96 vball=-13.00 aball=-72.6 bref=0.00 pid=-141.3 pref=244.3 ppos=258.4 apid=-0.0 integ=-0.0 vision=1 current=1 vframe=6462 vs=1 vage=6 vpage=6 vdt=33 vmax=568 vacc=6429 vrej=0 seq=0 elapsed=0 oled=3C
[  13672] STATUS mode=3 fault=none enc=331 denc=0 sreq=-121 sapplied=-121 crate=-121 uimp=6895 upos=5010 uneg=5130 ball=40.96 vball=-13.00 aball=-72.6 bref=0.00 pid=-121.1 pref=244.3 ppos=256.4 apid=-0.0 integ=-0.0 vision=1 current=1 vframe=6462 vs=1 vage=26 vpage=26 vdt=33 vmax=568 vacc=6429 vrej=0 seq=0 elapsed=0 oled=3C
[  13703] STATUS mode=3 fault=none enc=325 denc=-1 sreq=-85 sapplied=-85 crate=-85 uimp=2690 upos=5010 uneg=5170 ball=40.53 vball=-12.86 aball=-72.6 bref=0.00 pid=-85.0 pref=243.7 ppos=252.2 apid=-0.0 integ=-0.0 vision=1 current=1 vframe=6463 vs=1 vage=33 vpage=33 vdt=33 vmax=568 vacc=6430 vrej=0 seq=0 elapsed=0 oled=3C
[  13733] STATUS mode=3 fault=none enc=323 denc=1 sreq=0 sapplied=0 crate=0 uimp=1860 upos=5010 uneg=5180 ball=40.30 vball=-11.22 aball=-72.6 bref=0.00 pid=0.0 pref=251.2 ppos=251.4 apid=-0.0 integ=-0.0 vision=1 current=1 vframe=6464 vs=1 vage=19 vpage=19 vdt=34 vmax=568 vacc=6431 vrej=0 seq=0 elapsed=0 oled=3C
[  13766] STATUS mode=3 fault=none enc=322 denc=-1 sreq=0 sapplied=0 crate=0 uimp=1860 upos=5010 uneg=5180 ball=39.94 vball=-11.10 aball=-31.3 bref=0.00 pid=0.0 pref=250.7 ppos=251.4 apid=-0.0 integ=-0.0 vision=1 current=1 vframe=6465 vs=1 vage=7 vpage=7 vdt=32 vmax=568 vacc=6432 vrej=0 seq=0 elapsed=0 oled=3C
[  13781] STATUS mode=3 fault=none enc=322 denc=0 sreq=0 sapplied=0 crate=-14 uimp=1860 upos=5010 uneg=5180 ball=39.58 vball=-11.04 aball=-31.3 bref=0.00 pid=-14.2 pref=249.9 ppos=251.4 apid=-0.0 integ=-0.0 vision=1 current=1 vframe=6466 vs=1 vage=13 vpage=13 vdt=34 vmax=568 vacc=6433 vrej=0 seq=0 elapsed=0 oled=3C
[  13813] STATUS mode=3 fault=none enc=322 denc=0 sreq=0 sapplied=0 crate=-14 uimp=1860 upos=5010 uneg=5180 ball=38.86 vball=-13.87 aball=-31.3 bref=0.00 pid=-14.2 pref=249.9 ppos=251.4 apid=-0.0 integ=-0.0 vision=1 current=1 vframe=6467 vs=1 vage=0 vpage=0 vdt=33 vmax=568 vacc=6434 vrej=0 seq=0 elapsed=0 oled=3C
[  13844] STATUS mode=3 fault=none enc=320 denc=-2 sreq=-155 sapplied=-155 crate=-155 uimp=-385 upos=5010 uneg=5195 ball=38.86 vball=-13.87 aball=-31.3 bref=0.00 pid=-154.8 pref=233.6 ppos=249.1 apid=-0.0 integ=-0.0 vision=1 current=1 vframe=6467 vs=1 vage=20 vpage=20 vdt=33 vmax=568 vacc=6434 vrej=0 seq=0 elapsed=0 oled=3C
[  13858] STATUS mode=3 fault=none enc=315 denc=0 sreq=-78 sapplied=-78 crate=-78 uimp=-5050 upos=5010 uneg=5235 ball=38.50 vball=-13.06 aball=-25.9 bref=0.00 pid=-78.5 pref=236.6 ppos=244.5 apid=-0.0 integ=-0.0 vision=1 current=1 vframe=6468 vs=1 vage=26 vpage=26 vdt=34 vmax=568 vacc=6435 vrej=0 seq=0 elapsed=0 oled=3C
[  13891] STATUS mode=3 fault=none enc=314 denc=1 sreq=-50 sapplied=-50 crate=-50 uimp=-6435 upos=5010 uneg=5255 ball=38.12 vball=-12.54 aball=-25.9 bref=0.00 pid=-50.0 pref=238.1 ppos=243.1 apid=-0.0 integ=-0.0 vision=1 current=1 vframe=6469 vs=1 vage=13 vpage=13 vdt=33 vmax=568 vacc=6436 vrej=0 seq=0 elapsed=0 oled=3C
[  13922] STATUS mode=3 fault=none enc=310 denc=-2 sreq=-47 sapplied=-47 crate=-47 uimp=7365 upos=5010 uneg=5275 ball=38.12 vball=-12.54 aball=-25.9 bref=0.00 pid=-40.7 pref=238.1 ppos=242.1 apid=-0.0 integ=-0.0 vision=1 current=1 vframe=6469 vs=1 vage=33 vpage=33 vdt=33 vmax=568 vacc=6436 vrej=0 seq=0 elapsed=0 oled=3C
[  13953] STATUS mode=3 fault=none enc=310 denc=0 sreq=44 sapplied=0 crate=44 uimp=-9230 upos=5010 uneg=5315 ball=37.48 vball=-10.83 aball=-4.1 bref=0.00 pid=44.2 pref=244.7 ppos=240.3 apid=-0.0 integ=-0.0 vision=1 current=1 vframe=6471 vs=1 vage=7 vpage=7 vdt=33 vmax=568 vacc=6438 vrej=0 seq=0 elapsed=0 oled=3C
[  13969] STATUS mode=3 fault=none enc=308 denc=0 sreq=38 sapplied=38 crate=38 uimp=-8600 upos=5025 uneg=5315 ball=37.48 vball=-10.83 aball=-4.1 bref=0.00 pid=37.9 pref=244.7 ppos=240.9 apid=-0.0 integ=-0.0 vision=1 current=1 vframe=6471 vs=1 vage=27 vpage=27 vdt=33 vmax=568 vacc=6438 vrej=0 seq=0 elapsed=0 oled=3C
[  14000] STATUS mode=3 fault=none enc=306 denc=-1 sreq=-149 sapplied=-149 crate=-149 uimp=-11370 upos=5040 uneg=5335 ball=36.70 vball=-14.65 aball=-4.1 bref=0.00 pid=-148.8 pref=223.3 ppos=238.1 apid=-0.0 integ=-0.0 vision=1 current=1 vframe=6472 vs=1 vage=33 vpage=33 vdt=34 vmax=568 vacc=6439 vrej=0 seq=0 elapsed=0 oled=3C
[  14031] STATUS mode=3 fault=none enc=303 denc=0 sreq=-130 sapplied=-130 crate=-130 uimp=-14280 upos=5040 uneg=5355 ball=36.21 vball=-14.56 aball=-4.1 bref=0.00 pid=-129.9 pref=222.2 ppos=235.2 apid=-0.0 integ=-0.0 vision=1 current=1 vframe=6473 vs=1 vage=20 vpage=20 vdt=33 vmax=568 vacc=6440 vrej=0 seq=0 elapsed=0 oled=3C
[  14063] STATUS mode=3 fault=none enc=299 denc=-2 sreq=0 sapplied=0 crate=-11 uimp=-16685 upos=5040 uneg=5375 ball=36.00 vball=-12.16 aball=-8.1 bref=0.00 pid=0.0 pref=233.6 ppos=232.8 apid=-0.0 integ=-0.0 vision=1 current=1 vframe=6474 vs=1 vage=5 vpage=5 vdt=35 vmax=568 vacc=6441 vrej=0 seq=0 elapsed=0 oled=3C
[  14078] STATUS mode=3 fault=none enc=300 denc=1 sreq=20 sapplied=20 crate=20 uimp=-16685 upos=5040 uneg=5375 ball=35.64 vball=-11.71 aball=-8.1 bref=0.00 pid=19.6 pref=234.8 ppos=232.8 apid=-0.0 integ=-0.0 vision=1 current=1 vframe=6475 vs=1 vage=14 vpage=14 vdt=31 vmax=568 vacc=6442 vrej=0 seq=0 elapsed=0 oled=3C
[  14108] STATUS mode=3 fault=none enc=299 denc=0 sreq=0 sapplied=0 crate=19 uimp=-16585 upos=5045 uneg=5375 ball=35.31 vball=-11.08 aball=-8.1 bref=0.00 pid=18.5 pref=234.8 ppos=232.9 apid=-0.0 integ=-0.0 vision=1 current=1 vframe=6476 vs=1 vage=2 vpage=2 vdt=32 vmax=568 vacc=6443 vrej=0 seq=0 elapsed=0 oled=3C
[  14141] STATUS mode=3 fault=none enc=299 denc=0 sreq=34 sapplied=34 crate=34 uimp=-16015 upos=5060 uneg=5375 ball=35.31 vball=-11.08 aball=-8.1 bref=0.00 pid=34.5 pref=236.9 ppos=233.5 apid=-0.0 integ=-0.0 vision=1 current=1 vframe=6476 vs=1 vage=22 vpage=22 vdt=32 vmax=568 vacc=6443 vrej=0 seq=0 elapsed=0 oled=3C
[  14156] STATUS mode=3 fault=none enc=302 denc=0 sreq=123 sapplied=123 crate=123 uimp=-12685 upos=5100 uneg=5375 ball=35.22 vball=-8.59 aball=12.1 bref=0.00 pid=123.0 pref=249.1 ppos=236.8 apid=0.0 integ=-0.0 vision=1 current=1 vframe=6477 vs=1 vage=28 vpage=28 vdt=34 vmax=568 vacc=6444 vrej=0 seq=0 elapsed=0 oled=3C
[  14188] STATUS mode=3 fault=none enc=306 denc=2 sreq=176 sapplied=176 crate=176 uimp=-9585 upos=5120 uneg=5375 ball=35.14 vball=-6.86 aball=12.1 bref=0.00 pid=176.1 pref=257.5 ppos=239.9 apid=0.0 integ=-0.0 vision=1 current=1 vframe=6478 vs=1 vage=15 vpage=15 vdt=33 vmax=568 vacc=6445 vrej=0 seq=0 elapsed=0 oled=3C
[  14219] STATUS mode=3 fault=none enc=309 denc=0 sreq=143 sapplied=143 crate=143 uimp=-6320 upos=5140 uneg=5375 ball=35.14 vball=-6.86 aball=12.1 bref=0.00 pid=143.4 pref=257.5 ppos=243.2 apid=0.0 integ=-0.0 vision=1 current=1 vframe=6478 vs=1 vage=35 vpage=35 vdt=33 vmax=568 vacc=6445 vrej=0 seq=0 elapsed=0 oled=3C
[  14250] STATUS mode=3 fault=none enc=312 denc=0 sreq=0 sapplied=0 crate=0 uimp=-5390 upos=5150 uneg=5375 ball=34.36 vball=-8.98 aball=4.9 bref=0.00 pid=0.0 pref=244.6 ppos=244.1 apid=0.0 integ=-0.0 vision=1 current=1 vframe=6480 vs=1 vage=8 vpage=8 vdt=32 vmax=568 vacc=6447 vrej=0 seq=0 elapsed=0 oled=3C
[  14266] STATUS mode=3 fault=none enc=312 denc=0 sreq=0 sapplied=0 crate=0 uimp=-5390 upos=5150 uneg=5375 ball=34.36 vball=-8.98 aball=4.9 bref=0.00 pid=0.0 pref=244.6 ppos=244.1 apid=0.0 integ=-0.0 vision=1 current=1 vframe=6480 vs=1 vage=28 vpage=28 vdt=32 vmax=568 vacc=6447 vrej=0 seq=0 elapsed=0 oled=3C
[  14297] STATUS mode=3 fault=none enc=312 denc=0 sreq=75 sapplied=75 crate=75 uimp=-4585 upos=5160 uneg=5375 ball=34.24 vball=-7.35 aball=4.9 bref=0.00 pid=74.6 pref=252.4 ppos=244.9 apid=0.0 integ=-0.0 vision=1 current=1 vframe=6481 vs=1 vage=15 vpage=15 vdt=33 vmax=568 vacc=6448 vrej=0 seq=0 elapsed=0 oled=3C
[  14328] STATUS mode=3 fault=none enc=316 denc=0 sreq=83 sapplied=83 crate=83 uimp=-1520 upos=5200 uneg=5375 ball=34.10 vball=-6.49 aball=4.9 bref=0.00 pid=82.7 pref=256.3 ppos=248.0 apid=0.0 integ=-0.0 vision=1 current=1 vframe=6482 vs=1 vage=21 vpage=21 vdt=34 vmax=568 vacc=6449 vrej=0 seq=0 elapsed=0 oled=3C
[  14344] STATUS mode=3 fault=none enc=319 denc=2 sreq=0 sapplied=0 crate=16 uimp=20 upos=5220 uneg=5375 ball=33.79 vball=-7.34 aball=10.1 bref=0.00 pid=15.5 pref=251.1 ppos=249.5 apid=0.0 integ=-0.0 vision=1 current=1 vframe=6483 vs=1 vage=8 vpage=8 vdt=33 vmax=568 vacc=6450 vrej=0 seq=0 elapsed=0 oled=3C
[  14375] STATUS mode=3 fault=none enc=318 denc=0 sreq=0 sapplied=0 crate=16 uimp=20 upos=5220 uneg=5375 ball=33.79 vball=-7.34 aball=10.1 bref=0.00 pid=15.5 pref=251.1 ppos=249.5 apid=0.0 integ=-0.0 vision=1 current=1 vframe=6483 vs=1 vage=28 vpage=28 vdt=33 vmax=568 vacc=6450 vrej=0 seq=0 elapsed=0 oled=3C
[  14406] STATUS mode=3 fault=none enc=318 denc=-1 sreq=30 sapplied=30 crate=30 uimp=1105 upos=5250 uneg=5375 ball=33.37 vball=-7.10 aball=10.1 bref=0.00 pid=30.1 pref=253.6 ppos=250.6 apid=0.0 integ=-0.0 vision=1 current=1 vframe=6485 vs=1 vage=1 vpage=1 vdt=33 vmax=568 vacc=6451 vrej=0 seq=0 elapsed=0 oled=3C
[  14422] STATUS mode=3 fault=none enc=319 denc=0 sreq=0 sapplied=0 crate=0 uimp=1255 upos=5255 uneg=5375 ball=33.37 vball=-7.10 aball=10.1 bref=0.00 pid=0.0 pref=251.0 ppos=250.8 apid=0.0 integ=-0.0 vision=1 current=1 vframe=6485 vs=1 vage=21 vpage=21 vdt=34 vmax=568 vacc=6452 vrej=0 seq=0 elapsed=0 oled=3C
[  14453] STATUS mode=3 fault=none enc=319 denc=0 sreq=43 sapplied=43 crate=43 uimp=1255 upos=5255 uneg=5375 ball=33.22 vball=-6.21 aball=10.6 bref=0.00 pid=42.6 pref=255.0 ppos=250.8 apid=0.0 integ=-0.0 vision=1 current=1 vframe=6486 vs=1 vage=8 vpage=8 vdt=33 vmax=568 vacc=6453 vrej=0 seq=0 elapsed=0 oled=3C
[  14483] STATUS mode=3 fault=none enc=320 denc=0 sreq=35 sapplied=35 crate=35 uimp=2045 upos=5275 uneg=5375 ball=33.22 vball=-6.21 aball=10.6 bref=0.00 pid=34.7 pref=255.0 ppos=251.6 apid=0.0 integ=-0.0 vision=1 current=1 vframe=6486 vs=1 vage=28 vpage=28 vdt=33 vmax=568 vacc=6453 vrej=0 seq=0 elapsed=0 oled=3C
[  14500] STATUS mode=3 fault=none enc=322 denc=-1 sreq=79 sapplied=79 crate=79 uimp=5225 upos=5315 uneg=5375 ball=33.19 vball=-3.27 aball=10.6 bref=0.00 pid=79.0 pref=262.6 ppos=254.7 apid=0.0 integ=-0.0 vision=1 current=1 vframe=6488 vs=1 vage=2 vpage=2 vdt=33 vmax=568 vacc=6455 vrej=0 seq=0 elapsed=0 oled=3C
[  14531] STATUS mode=3 fault=none enc=325 denc=-1 sreq=124 sapplied=124 crate=124 uimp=7690 upos=5335 uneg=5375 ball=33.19 vball=-3.27 aball=10.6 bref=0.00 pid=124.3 pref=269.6 ppos=257.2 apid=0.0 integ=-0.0 vision=1 current=1 vframe=6488 vs=1 vage=22 vpage=22 vdt=33 vmax=568 vacc=6455 vrej=0 seq=0 elapsed=0 oled=3C
[  14563] STATUS mode=3 fault=none enc=329 denc=2 sreq=101 sapplied=101 crate=101 uimp=9995 upos=5355 uneg=5375 ball=33.19 vball=-3.27 aball=10.6 bref=0.00 pid=101.3 pref=269.6 ppos=259.5 apid=0.0 integ=-0.0 vision=1 current=0 vframe=6489 vs=0 vage=42 vpage=7 vdt=33 vmax=568 vacc=6455 vrej=0 seq=0 elapsed=0 oled=3C
[  14594] STATUS mode=3 fault=none enc=334 denc=1 sreq=125 sapplied=125 crate=125 uimp=14030 upos=5395 uneg=5375 ball=33.16 vball=-1.96 aball=20.2 bref=0.00 pid=125.5 pref=276.1 ppos=263.5 apid=0.0 integ=-0.0 vision=1 current=1 vframe=6490 vs=1 vage=15 vpage=15 vdt=67 vmax=568 vacc=6456 vrej=0 seq=0 elapsed=0 oled=3C
[  14608] STATUS mode=3 fault=none enc=337 denc=2 sreq=102 sapplied=102 crate=102 uimp=16355 upos=5415 uneg=5375 ball=33.18 vball=-1.12 aball=20.2 bref=0.00 pid=102.2 pref=276.1 ppos=265.9 apid=0.0 integ=-0.0 vision=1 current=1 vframe=6491 vs=1 vage=1 vpage=1 vdt=34 vmax=568 vacc=6457 vrej=0 seq=0 elapsed=0 oled=3C
[  14641] STATUS mode=3 fault=none enc=339 denc=0 sreq=120 sapplied=120 crate=120 uimp=18860 upos=5435 uneg=5375 ball=33.18 vball=-1.12 aball=20.2 bref=0.00 pid=119.8 pref=280.3 ppos=268.4 apid=0.0 integ=-0.0 vision=1 current=1 vframe=6491 vs=1 vage=21 vpage=21 vdt=34 vmax=568 vacc=6457 vrej=0 seq=0 elapsed=0 oled=3C
[  14672] STATUS mode=3 fault=none enc=344 denc=0 sreq=94 sapplied=94 crate=94 uimp=23215 upos=5475 uneg=5375 ball=33.19 vball=-0.78 aball=20.2 bref=0.00 pid=93.5 pref=282.1 ppos=272.7 apid=0.0 integ=-0.0 vision=1 current=1 vframe=6492 vs=1 vage=28 vpage=28 vdt=33 vmax=568 vacc=6458 vrej=0 seq=0 elapsed=0 oled=3C
[  14688] STATUS mode=3 fault=none enc=347 denc=0 sreq=94 sapplied=94 crate=94 uimp=25045 upos=5495 uneg=5375 ball=33.20 vball=-0.41 aball=18.0 bref=0.00 pid=94.0 pref=284.0 ppos=274.6 apid=0.0 integ=-0.0 vision=1 current=1 vframe=6493 vs=1 vage=13 vpage=13 vdt=35 vmax=568 vacc=6459 vrej=0 seq=0 elapsed=0 oled=3C
[  14719] STATUS mode=3 fault=none enc=349 denc=0 sreq=77 sapplied=77 crate=77 uimp=26790 upos=5515 uneg=5375 ball=33.20 vball=-0.41 aball=18.0 bref=0.00 pid=76.6 pref=284.0 ppos=276.3 apid=0.0 integ=-0.0 vision=1 current=1 vframe=6493 vs=1 vage=33 vpage=33 vdt=35 vmax=568 vacc=6459 vrej=0 seq=0 elapsed=0 oled=3C
[  14750] STATUS mode=3 fault=none enc=353 denc=-1 sreq=0 sapplied=0 crate=-14 uimp=29910 upos=5555 uneg=5375 ball=33.04 vball=-1.72 aball=18.0 bref=0.00 pid=-13.8 pref=278.0 ppos=279.4 apid=0.0 integ=1.1 vision=1 current=1 vframe=6495 vs=1 vage=6 vpage=6 vdt=34 vmax=568 vacc=6461 vrej=0 seq=0 elapsed=0 oled=3C
[  14781] STATUS mode=3 fault=none enc=354 denc=-1 sreq=0 sapplied=0 crate=-14 uimp=29910 upos=5555 uneg=5375 ball=33.04 vball=-1.72 aball=18.0 bref=0.00 pid=-13.8 pref=278.0 ppos=279.4 apid=0.0 integ=1.1 vision=1 current=1 vframe=6495 vs=1 vage=26 vpage=26 vdt=34 vmax=568 vacc=6461 vrej=0 seq=0 elapsed=0 oled=3C
[  14797] STATUS mode=3 fault=none enc=354 denc=0 sreq=-154 sapplied=-154 crate=-154 uimp=29910 upos=5555 uneg=5375 ball=32.70 vball=-4.31 aball=-7.7 bref=0.00 pid=-153.5 pref=264.1 ppos=279.4 apid=-0.0 integ=1.1 vision=1 current=1 vframe=6496 vs=1 vage=13 vpage=13 vdt=33 vmax=568 vacc=6462 vrej=0 seq=0 elapsed=0 oled=3C
[  14828] STATUS mode=3 fault=none enc=345 denc=-2 sreq=-312 sapplied=-312 crate=-312 uimp=22035 upos=5555 uneg=5415 ball=32.06 vball=-8.68 aball=-7.7 bref=0.00 pid=-312.5 pref=240.3 ppos=271.5 apid=-0.0 integ=1.1 vision=1 current=1 vframe=6497 vs=1 vage=20 vpage=20 vdt=33 vmax=568 vacc=6463 vrej=0 seq=0 elapsed=0 oled=3C
[  14858] STATUS mode=3 fault=none enc=338 denc=-1 sreq=-168 sapplied=-168 crate=-168 uimp=16240 upos=5555 uneg=5435 ball=31.74 vball=-8.83 aball=-7.7 bref=0.00 pid=0.0 pref=265.7 ppos=265.7 apid=-0.0 integ=-0.0 vision=1 current=1 vframe=6498 vs=1 vage=7 vpage=7 vdt=33 vmax=568 vacc=6464 vrej=0 seq=0 elapsed=0 oled=3C
[  14875] STATUS mode=3 fault=none enc=336 denc=0 sreq=21 sapplied=21 crate=21 uimp=15060 upos=5555 uneg=5445 ball=31.48 vball=-8.49 aball=-23.0 bref=0.00 pid=21.0 pref=266.7 ppos=264.6 apid=-0.0 integ=-0.0 vision=1 current=1 vframe=6499 vs=1 vage=13 vpage=13 vdt=34 vmax=568 vacc=6465 vrej=0 seq=0 elapsed=0 oled=3C
[  14906] STATUS mode=3 fault=none enc=336 denc=0 sreq=0 sapplied=0 crate=19 uimp=15265 upos=5565 uneg=5445 ball=31.48 vball=-8.49 aball=-23.0 bref=0.00 pid=18.9 pref=266.7 ppos=264.8 apid=-0.0 integ=-0.0 vision=1 current=1 vframe=6499 vs=1 vage=33 vpage=33 vdt=34 vmax=568 vacc=6465 vrej=0 seq=0 elapsed=0 oled=3C
[  14938] STATUS mode=3 fault=none enc=337 denc=1 sreq=75 sapplied=75 crate=75 uimp=16515 upos=5580 uneg=5445 ball=31.36 vball=-7.04 aball=-23.0 bref=0.00 pid=75.3 pref=273.6 ppos=266.0 apid=-0.0 integ=-0.0 vision=1 current=1 vframe=6500 vs=1 vage=20 vpage=20 vdt=33 vmax=568 vacc=6466 vrej=0 seq=0 elapsed=0 oled=3C
[  14969] STATUS mode=3 fault=none enc=340 denc=0 sreq=90 sapplied=90 crate=90 uimp=19970 upos=5620 uneg=5445 ball=31.25 vball=-5.99 aball=-23.0 bref=0.00 pid=90.0 pref=278.5 ppos=269.5 apid=-0.0 integ=-0.0 vision=1 current=1 vframe=6501 vs=1 vage=27 vpage=27 vdt=33 vmax=568 vacc=6467 vrej=0 seq=0 elapsed=0 oled=3C
[  14983] STATUS mode=3 fault=none enc=343 denc=1 sreq=-100 sapplied=0 crate=-100 uimp=21250 upos=5635 uneg=5445 ball=30.68 vball=-9.20 aball=-15.9 bref=0.00 pid=-100.4 pref=260.7 ppos=270.8 apid=-0.0 integ=-0.0 vision=1 current=1 vframe=6502 vs=1 vage=13 vpage=13 vdt=34 vmax=568 vacc=6468 vrej=0 seq=0 elapsed=0 oled=3C
[  15016] STATUS mode=3 fault=none enc=341 denc=-2 sreq=-86 sapplied=-86 crate=-86 uimp=19820 upos=5635 uneg=5460 ball=30.68 vball=-9.20 aball=-15.9 bref=0.00 pid=-86.1 pref=260.7 ppos=269.3 apid=-0.0 integ=-0.0 vision=1 current=1 vframe=6502 vs=1 vage=33 vpage=33 vdt=34 vmax=568 vacc=6468 vrej=0 seq=0 elapsed=0 oled=3C
[  15047] STATUS mode=3 fault=none enc=340 denc=0 sreq=48 sapplied=0 crate=48 uimp=18190 upos=5635 uneg=5500 ball=30.38 vball=-6.66 aball=-15.9 bref=0.00 pid=48.2 pref=272.5 ppos=267.7 apid=-0.0 integ=-0.0 vision=1 current=1 vframe=6504 vs=1 vage=7 vpage=7 vdt=33 vmax=568 vacc=6470 vrej=0 seq=0 elapsed=0 oled=3C
[  15063] STATUS mode=3 fault=none enc=341 denc=1 sreq=41 sapplied=41 crate=41 uimp=18875 upos=5650 uneg=5500 ball=30.38 vball=-6.66 aball=-15.9 bref=0.00 pid=41.3 pref=272.5 ppos=268.4 apid=-0.0 integ=-0.0 vision=1 current=1 vframe=6504 vs=1 vage=27 vpage=27 vdt=33 vmax=568 vacc=6470 vrej=0 seq=0 elapsed=0 oled=3C
[  15094] STATUS mode=3 fault=none enc=341 denc=0 sreq=129 sapplied=129 crate=129 uimp=20135 upos=5670 uneg=5500 ball=30.38 vball=-4.66 aball=11.9 bref=0.00 pid=128.8 pref=282.5 ppos=269.6 apid=0.0 integ=-0.0 vision=1 current=1 vframe=6505 vs=1 vage=14 vpage=14 vdt=33 vmax=568 vacc=6471 vrej=0 seq=0 elapsed=0 oled=3C
[  15125] STATUS mode=3 fault=none enc=349 denc=2 sreq=233 sapplied=233 crate=233 uimp=26595 upos=5710 uneg=5500 ball=30.60 vball=-1.41 aball=11.9 bref=0.00 pid=233.3 pref=299.4 ppos=276.1 apid=0.0 integ=-0.0 vision=1 current=1 vframe=6506 vs=1 vage=21 vpage=21 vdt=33 vmax=568 vacc=6472 vrej=0 seq=0 elapsed=0 oled=3C
[  15156] STATUS mode=3 fault=none enc=355 denc=2 sreq=269 sapplied=269 crate=269 uimp=30925 upos=5730 uneg=5500 ball=30.73 vball=0.09 aball=11.9 bref=0.00 pid=268.9 pref=307.3 ppos=280.4 apid=0.0 integ=-0.0 vision=1 current=1 vframe=6507 vs=1 vage=6 vpage=6 vdt=35 vmax=568 vacc=6473 vrej=0 seq=0 elapsed=0 oled=3C
[  15172] STATUS mode=3 fault=none enc=361 denc=1 sreq=219 sapplied=219 crate=219 uimp=35915 upos=5750 uneg=5500 ball=30.73 vball=0.09 aball=11.9 bref=0.00 pid=219.0 pref=307.3 ppos=285.4 apid=0.0 integ=-0.0 vision=1 current=1 vframe=6507 vs=1 vage=26 vpage=26 vdt=35 vmax=568 vacc=6473 vrej=0 seq=0 elapsed=0 oled=3C
[  15203] STATUS mode=3 fault=none enc=371 denc=0 sreq=162 sapplied=162 crate=162 uimp=43760 upos=5790 uneg=5500 ball=30.78 vball=0.48 aball=29.7 bref=0.00 pid=161.5 pref=309.4 ppos=293.3 apid=0.0 integ=-0.0 vision=1 current=1 vframe=6508 vs=1 vage=34 vpage=34 vdt=32 vmax=568 vacc=6474 vrej=0 seq=0 elapsed=0 oled=3C
[  15233] STATUS mode=3 fault=none enc=378 denc=3 sreq=239 sapplied=239 crate=239 uimp=48465 upos=5810 uneg=5500 ball=31.03 vball=2.83 aball=29.7 bref=0.00 pid=239.5 pref=321.9 ppos=298.0 apid=0.0 integ=-0.0 vision=1 current=1 vframe=6509 vs=1 vage=20 vpage=20 vdt=34 vmax=568 vacc=6475 vrej=0 seq=0 elapsed=0 oled=3C
[  15250] STATUS mode=3 fault=none enc=383 denc=2 sreq=286 sapplied=286 crate=286 uimp=52905 upos=5830 uneg=5500 ball=31.32 vball=4.47 aball=29.7 bref=0.00 pid=285.8 pref=331.0 ppos=302.4 apid=0.0 integ=-0.0 vision=1 current=1 vframe=6510 vs=1 vage=7 vpage=7 vdt=33 vmax=568 vacc=6476 vrej=0 seq=0 elapsed=0 oled=3C
[  15281] STATUS mode=3 fault=none enc=395 denc=1 sreq=163 sapplied=163 crate=163 uimp=62385 upos=5870 uneg=5500 ball=31.40 vball=3.87 aball=31.4 bref=0.00 pid=163.4 pref=328.2 ppos=311.9 apid=0.0 integ=-0.0 vision=1 current=1 vframe=6511 vs=1 vage=13 vpage=13 vdt=34 vmax=568 vacc=6477 vrej=0 seq=0 elapsed=0 oled=3C
[  15313] STATUS mode=3 fault=none enc=399 denc=1 sreq=133 sapplied=133 crate=133 uimp=65410 upos=5890 uneg=5500 ball=31.41 vball=2.75 aball=31.4 bref=0.00 pid=133.1 pref=328.2 ppos=314.9 apid=0.0 integ=-0.0 vision=1 current=1 vframe=6512 vs=1 vage=1 vpage=1 vdt=32 vmax=568 vacc=6478 vrej=0 seq=0 elapsed=0 oled=3C
[  15344] STATUS mode=3 fault=none enc=401 denc=2 sreq=61 sapplied=61 crate=61 uimp=67085 upos=5910 uneg=5500 ball=31.41 vball=2.75 aball=31.4 bref=0.00 pid=60.7 pref=322.7 ppos=316.6 apid=0.0 integ=-0.0 vision=1 current=1 vframe=6512 vs=1 vage=21 vpage=21 vdt=32 vmax=568 vacc=6478 vrej=0 seq=0 elapsed=0 oled=3C
[  15358] STATUS mode=3 fault=none enc=402 denc=0 sreq=0 sapplied=0 crate=0 uimp=68215 upos=5930 uneg=5500 ball=31.40 vball=1.86 aball=31.4 bref=0.00 pid=0.0 pref=318.2 ppos=317.7 apid=0.0 integ=-0.0 vision=1 current=1 vframe=6513 vs=1 vage=27 vpage=27 vdt=34 vmax=568 vacc=6479 vrej=0 seq=0 elapsed=0 oled=3C
[  15391] STATUS mode=3 fault=none enc=402 denc=0 sreq=0 sapplied=0 crate=0 uimp=68215 upos=5930 uneg=5500 ball=31.44 vball=1.68 aball=7.3 bref=0.00 pid=0.0 pref=317.4 ppos=317.7 apid=0.0 integ=-0.0 vision=1 current=1 vframe=6514 vs=1 vage=14 vpage=14 vdt=33 vmax=568 vacc=6480 vrej=0 seq=0 elapsed=0 oled=3C
[  15422] STATUS mode=3 fault=none enc=402 denc=0 sreq=0 sapplied=0 crate=0 uimp=68215 upos=5930 uneg=5500 ball=31.44 vball=1.68 aball=7.3 bref=0.00 pid=0.0 pref=317.4 ppos=317.7 apid=0.0 integ=-0.0 vision=1 current=1 vframe=6514 vs=1 vage=34 vpage=34 vdt=33 vmax=568 vacc=6480 vrej=0 seq=0 elapsed=0 oled=3C
[  15438] STATUS mode=3 fault=none enc=402 denc=0 sreq=-61 sapplied=-61 crate=-61 uimp=67060 upos=5930 uneg=5530 ball=31.38 vball=0.33 aball=7.3 bref=0.00 pid=-61.0 pref=310.5 ppos=316.6 apid=0.0 integ=-0.0 vision=1 current=1 vframe=6516 vs=1 vage=7 vpage=7 vdt=33 vmax=568 vacc=6482 vrej=0 seq=0 elapsed=0 oled=3C
[  15469] STATUS mode=3 fault=none enc=401 denc=0 sreq=-50 sapplied=-50 crate=-50 uimp=65930 upos=5930 uneg=5550 ball=31.38 vball=0.33 aball=7.3 bref=0.00 pid=-49.7 pref=310.5 ppos=315.4 apid=0.0 integ=-0.0 vision=1 current=1 vframe=6516 vs=1 vage=27 vpage=27 vdt=33 vmax=568 vacc=6482 vrej=0 seq=0 elapsed=0 oled=3C
[  15500] STATUS mode=3 fault=none enc=399 denc=-1 sreq=-121 sapplied=-121 crate=-121 uimp=64585 upos=5930 uneg=5570 ball=31.19 vball=-1.36 aball=-9.4 bref=0.00 pid=-121.0 pref=302.0 ppos=314.1 apid=-0.0 integ=0.5 vision=1 current=1 vframe=6517 vs=1 vage=12 vpage=12 vdt=35 vmax=568 vacc=6483 vrej=0 seq=0 elapsed=0 oled=3C
[  15531] STATUS mode=3 fault=none enc=394 denc=-1 sreq=-126 sapplied=-126 crate=-126 uimp=59745 upos=5930 uneg=5610 ball=31.03 vball=-2.43 aball=-9.4 bref=0.00 pid=-125.9 pref=296.7 ppos=309.3 apid=-0.0 integ=1.0 vision=1 current=1 vframe=6518 vs=1 vage=20 vpage=20 vdt=32 vmax=568 vacc=6484 vrej=0 seq=0 elapsed=0 oled=3C
[  15547] STATUS mode=3 fault=none enc=391 denc=-1 sreq=-83 sapplied=-83 crate=-83 uimp=57405 upos=5930 uneg=5630 ball=30.98 vball=-2.12 aball=-9.4 bref=0.00 pid=-83.3 pref=298.6 ppos=306.9 apid=-0.0 integ=1.6 vision=1 current=1 vframe=6519 vs=1 vage=6 vpage=6 vdt=34 vmax=568 vacc=6485 vrej=0 seq=0 elapsed=0 oled=3C
[  15578] STATUS mode=3 fault=none enc=390 denc=0 sreq=-68 sapplied=-68 crate=-68 uimp=55865 upos=5930 uneg=5650 ball=30.98 vball=-2.12 aball=-9.4 bref=0.00 pid=-67.9 pref=298.6 ppos=305.4 apid=-0.0 integ=1.6 vision=1 current=1 vframe=6519 vs=1 vage=26 vpage=26 vdt=34 vmax=568 vacc=6485 vrej=0 seq=0 elapsed=0 oled=3C
[  15608] STATUS mode=3 fault=none enc=388 denc=0 sreq=-24 sapplied=-24 crate=-24 uimp=54195 upos=5930 uneg=5690 ball=30.96 vball=-1.67 aball=-6.6 bref=0.00 pid=-24.2 pref=301.3 ppos=303.7 apid=-0.0 integ=2.1 vision=1 current=1 vframe=6520 vs=1 vage=33 vpage=33 vdt=33 vmax=568 vacc=6486 vrej=0 seq=0 elapsed=0 oled=3C
[  15625] STATUS mode=3 fault=none enc=387 denc=0 sreq=0 sapplied=0 crate=0 uimp=53960 upos=5930 uneg=5700 ball=30.96 vball=-1.16 aball=-6.6 bref=0.00 pid=0.0 pref=304.4 ppos=303.5 apid=-0.0 integ=2.6 vision=1 current=1 vframe=6521 vs=1 vage=19 vpage=19 vdt=34 vmax=568 vacc=6487 vrej=0 seq=0 elapsed=0 oled=3C
[  15656] STATUS mode=3 fault=none enc=387 denc=0 sreq=35 sapplied=0 crate=35 uimp=53960 upos=5930 uneg=5700 ball=30.97 vball=-0.75 aball=-6.6 bref=0.00 pid=34.7 pref=306.9 ppos=303.5 apid=-0.0 integ=3.1 vision=1 current=1 vframe=6522 vs=1 vage=7 vpage=7 vdt=32 vmax=568 vacc=6488 vrej=0 seq=0 elapsed=0 oled=3C
[  15688] STATUS mode=3 fault=none enc=389 denc=2 sreq=42 sapplied=42 crate=42 uimp=55100 upos=5965 uneg=5700 ball=30.97 vball=-0.48 aball=1.7 bref=0.00 pid=42.2 pref=308.8 ppos=304.6 apid=0.0 integ=3.6 vision=1 current=1 vframe=6523 vs=1 vage=12 vpage=12 vdt=35 vmax=568 vacc=6489 vrej=0 seq=0 elapsed=0 oled=3C
[  15703] STATUS mode=3 fault=none enc=388 denc=0 sreq=34 sapplied=34 crate=34 uimp=55880 upos=5985 uneg=5700 ball=30.97 vball=-0.48 aball=1.7 bref=0.00 pid=34.4 pref=308.8 ppos=305.4 apid=0.0 integ=3.6 vision=1 current=1 vframe=6523 vs=1 vage=32 vpage=32 vdt=35 vmax=568 vacc=6489 vrej=0 seq=0 elapsed=0 oled=3C
[  15733] STATUS mode=3 fault=none enc=390 denc=1 sreq=41 sapplied=41 crate=41 uimp=56725 upos=6005 uneg=5700 ball=30.98 vball=-0.29 aball=1.7 bref=0.00 pid=40.7 pref=310.3 ppos=306.2 apid=0.0 integ=4.1 vision=1 current=1 vframe=6524 vs=1 vage=20 vpage=20 vdt=32 vmax=568 vacc=6490 vrej=0 seq=0 elapsed=0 oled=3C
[  15766] STATUS mode=3 fault=none enc=391 denc=0 sreq=36 sapplied=36 crate=36 uimp=58300 upos=6045 uneg=5700 ball=30.98 vball=-0.18 aball=1.7 bref=0.00 pid=35.6 pref=311.4 ppos=307.8 apid=0.0 integ=4.7 vision=1 current=1 vframe=6525 vs=1 vage=27 vpage=27 vdt=33 vmax=568 vacc=6491 vrej=0 seq=0 elapsed=0 oled=3C
[  15781] STATUS mode=3 fault=none enc=392 denc=0 sreq=37 sapplied=37 crate=37 uimp=59005 upos=6065 uneg=5700 ball=30.98 vball=-0.11 aball=2.6 bref=0.00 pid=37.3 pref=312.2 ppos=308.5 apid=0.0 integ=5.2 vision=1 current=1 vframe=6526 vs=1 vage=13 vpage=13 vdt=34 vmax=568 vacc=6492 vrej=0 seq=0 elapsed=0 oled=3C
[  15813] STATUS mode=3 fault=none enc=393 denc=0 sreq=30 sapplied=30 crate=30 uimp=59695 upos=6085 uneg=5700 ball=30.98 vball=-0.11 aball=2.6 bref=0.00 pid=30.4 pref=312.2 ppos=309.2 apid=0.0 integ=5.2 vision=1 current=1 vframe=6526 vs=1 vage=33 vpage=33 vdt=34 vmax=568 vacc=6492 vrej=0 seq=0 elapsed=0 oled=3C
[  15844] STATUS mode=3 fault=none enc=395 denc=0 sreq=127 sapplied=127 crate=127 uimp=60945 upos=6125 uneg=5700 ball=31.51 vball=4.56 aball=2.6 bref=0.00 pid=272.4 pref=337.7 ppos=310.5 apid=0.0 integ=5.7 vision=1 current=1 vframe=6528 vs=1 vage=7 vpage=7 vdt=33 vmax=568 vacc=6494 vrej=0 seq=0 elapsed=0 oled=3C
[  15875] STATUS mode=3 fault=none enc=398 denc=1 sreq=230 sapplied=230 crate=230 uimp=65200 upos=6145 uneg=5700 ball=31.51 vball=4.56 aball=2.6 bref=0.00 pid=229.9 pref=337.7 ppos=314.7 apid=0.0 integ=5.7 vision=1 current=1 vframe=6528 vs=1 vage=27 vpage=27 vdt=33 vmax=568 vacc=6494 vrej=0 seq=0 elapsed=0 oled=3C
[  15891] STATUS mode=3 fault=none enc=403 denc=0 sreq=200 sapplied=200 crate=200 uimp=69530 upos=6165 uneg=5700 ball=31.69 vball=4.72 aball=23.2 bref=0.00 pid=200.0 pref=339.0 ppos=319.0 apid=0.0 integ=5.7 vision=1 current=1 vframe=6529 vs=1 vage=13 vpage=13 vdt=34 vmax=568 vacc=6495 vrej=0 seq=0 elapsed=0 oled=3C
[  15922] STATUS mode=3 fault=none enc=412 denc=1 sreq=88 sapplied=88 crate=88 uimp=75520 upos=6205 uneg=5700 ball=31.73 vball=3.66 aball=23.2 bref=0.00 pid=88.3 pref=333.9 ppos=325.0 apid=0.0 integ=5.7 vision=1 current=1 vframe=6530 vs=1 vage=20 vpage=20 vdt=33 vmax=568 vacc=6496 vrej=0 seq=0 elapsed=0 oled=3C
[  15953] STATUS mode=3 fault=none enc=413 denc=0 sreq=38 sapplied=38 crate=38 uimp=77160 upos=6225 uneg=5700 ball=31.78 vball=2.96 aball=23.2 bref=0.00 pid=38.4 pref=330.5 ppos=326.7 apid=0.0 integ=5.7 vision=1 current=1 vframe=6531 vs=1 vage=7 vpage=7 vdt=33 vmax=568 vacc=6497 vrej=0 seq=0 elapsed=0 oled=3C
[  15969] STATUS mode=3 fault=none enc=414 denc=0 sreq=31 sapplied=31 crate=31 uimp=77870 upos=6245 uneg=5700 ball=31.78 vball=2.96 aball=23.2 bref=0.00 pid=31.3 pref=330.5 ppos=327.4 apid=0.0 integ=5.7 vision=1 current=1 vframe=6531 vs=1 vage=27 vpage=27 vdt=33 vmax=568 vacc=6497 vrej=0 seq=0 elapsed=0 oled=3C
[  16000] STATUS mode=3 fault=none enc=415 denc=-1 sreq=0 sapplied=0 crate=-16 uimp=78175 upos=6255 uneg=5700 ball=31.78 vball=2.08 aball=0.6 bref=0.00 pid=-15.8 pref=326.1 ppos=327.7 apid=0.0 integ=5.7 vision=1 current=1 vframe=6532 vs=1 vage=15 vpage=15 vdt=32 vmax=568 vacc=6498 vrej=0 seq=0 elapsed=0 oled=3C
[  16031] STATUS mode=3 fault=none enc=415 denc=0 sreq=-46 sapplied=-46 crate=-46 uimp=77675 upos=6255 uneg=5710 ball=31.76 vball=1.38 aball=0.6 bref=0.00 pid=-46.4 pref=322.5 ppos=327.2 apid=0.0 integ=5.7 vision=1 current=1 vframe=6533 vs=1 vage=21 vpage=21 vdt=34 vmax=568 vacc=6499 vrej=0 seq=0 elapsed=0 oled=3C
[  16047] STATUS mode=3 fault=none enc=414 denc=-1 sreq=-140 sapplied=-140 crate=-140 uimp=76815 upos=6255 uneg=5730 ball=31.21 vball=-3.63 aball=0.6 bref=0.00 pid=-304.8 pref=295.8 ppos=326.3 apid=0.0 integ=5.7 vision=1 current=1 vframe=6534 vs=1 vage=8 vpage=8 vdt=33 vmax=568 vacc=6500 vrej=0 seq=0 elapsed=0 oled=3C
[  16078] STATUS mode=3 fault=none enc=409 denc=-2 sreq=-258 sapplied=-258 crate=-258 uimp=72130 upos=6255 uneg=5750 ball=31.21 vball=-3.63 aball=0.6 bref=0.00 pid=-257.9 pref=295.8 ppos=321.6 apid=0.0 integ=5.7 vision=1 current=1 vframe=6534 vs=1 vage=28 vpage=28 vdt=33 vmax=568 vacc=6500 vrej=0 seq=0 elapsed=0 oled=3C
[  16108] STATUS mode=3 fault=none enc=397 denc=-2 sreq=-195 sapplied=-195 crate=-195 uimp=62735 upos=6255 uneg=5790 ball=30.99 vball=-3.25 aball=-27.1 bref=0.00 pid=-195.4 pref=292.7 ppos=312.2 apid=-0.0 integ=5.7 vision=1 current=1 vframe=6536 vs=1 vage=3 vpage=3 vdt=30 vmax=568 vacc=6502 vrej=0 seq=0 elapsed=0 oled=3C
[  16141] STATUS mode=3 fault=none enc=393 denc=-1 sreq=-122 sapplied=-122 crate=-122 uimp=59735 upos=6255 uneg=5810 ball=30.99 vball=-3.25 aball=-27.1 bref=0.00 pid=-121.6 pref=297.1 ppos=309.2 apid=-0.0 integ=5.7 vision=1 current=1 vframe=6536 vs=1 vage=23 vpage=23 vdt=30 vmax=568 vacc=6502 vrej=0 seq=0 elapsed=0 oled=3C
[  16156] STATUS mode=3 fault=none enc=390 denc=0 sreq=-42 sapplied=-42 crate=-42 uimp=56525 upos=6255 uneg=5850 ball=30.99 vball=-2.30 aball=-27.1 bref=0.00 pid=-42.0 pref=301.8 ppos=306.0 apid=-0.0 integ=5.7 vision=1 current=1 vframe=6537 vs=1 vage=29 vpage=29 vdt=34 vmax=568 vacc=6503 vrej=0 seq=0 elapsed=0 oled=3C
[  16188] STATUS mode=3 fault=none enc=387 denc=-1 sreq=0 sapplied=0 crate=0 uimp=55925 upos=6255 uneg=5865 ball=31.00 vball=-1.52 aball=-3.0 bref=0.00 pid=0.0 pref=305.8 ppos=305.4 apid=-0.0 integ=5.7 vision=1 current=1 vframe=6538 vs=1 vage=14 vpage=14 vdt=35 vmax=568 vacc=6504 vrej=0 seq=0 elapsed=0 oled=3C
[  16219] STATUS mode=3 fault=none enc=387 denc=0 sreq=0 sapplied=0 crate=0 uimp=55925 upos=6255 uneg=5865 ball=31.00 vball=-1.52 aball=-3.0 bref=0.00 pid=0.0 pref=305.8 ppos=305.4 apid=-0.0 integ=5.7 vision=1 current=1 vframe=6538 vs=1 vage=34 vpage=34 vdt=35 vmax=568 vacc=6504 vrej=0 seq=0 elapsed=0 oled=3C
[  16233] STATUS mode=3 fault=none enc=387 denc=0 sreq=58 sapplied=58 crate=58 uimp=56765 upos=6285 uneg=5865 ball=31.06 vball=-0.30 aball=-3.0 bref=0.00 pid=57.7 pref=312.0 ppos=306.3 apid=-0.0 integ=5.7 vision=1 current=1 vframe=6540 vs=1 vage=7 vpage=7 vdt=33 vmax=568 vacc=6506 vrej=0 seq=0 elapsed=0 oled=3C
[  16266] STATUS mode=3 fault=none enc=388 denc=0 sreq=47 sapplied=47 crate=47 uimp=57835 upos=6305 uneg=5865 ball=31.06 vball=-0.30 aball=-3.0 bref=0.00 pid=47.0 pref=312.0 ppos=307.3 apid=-0.0 integ=5.7 vision=1 current=1 vframe=6540 vs=1 vage=27 vpage=27 vdt=33 vmax=568 vacc=6506 vrej=0 seq=0 elapsed=0 oled=3C
[  16297] STATUS mode=3 fault=none enc=391 denc=1 sreq=242 sapplied=242 crate=242 uimp=59215 upos=6325 uneg=5865 ball=31.57 vball=4.23 aball=24.0 bref=0.00 pid=275.0 pref=336.2 ppos=308.7 apid=0.0 integ=5.7 vision=1 current=1 vframe=6541 vs=1 vage=13 vpage=13 vdt=34 vmax=568 vacc=6507 vrej=0 seq=0 elapsed=0 oled=3C
[  16328] STATUS mode=3 fault=none enc=400 denc=1 sreq=194 sapplied=194 crate=194 uimp=68525 upos=6365 uneg=5865 ball=31.72 vball=4.38 aball=24.0 bref=0.00 pid=193.9 pref=337.4 ppos=318.0 apid=0.0 integ=5.7 vision=1 current=1 vframe=6542 vs=1 vage=20 vpage=20 vdt=33 vmax=568 vacc=6508 vrej=0 seq=0 elapsed=0 oled=3C
[  16344] STATUS mode=3 fault=none enc=406 denc=2 sreq=109 sapplied=109 crate=109 uimp=72120 upos=6385 uneg=5865 ball=31.76 vball=3.37 aball=24.0 bref=0.00 pid=108.7 pref=332.5 ppos=321.6 apid=0.0 integ=5.7 vision=1 current=1 vframe=6543 vs=1 vage=7 vpage=7 vdt=33 vmax=568 vacc=6509 vrej=0 seq=0 elapsed=0 oled=3C
[  16375] STATUS mode=3 fault=none enc=408 denc=3 sreq=89 sapplied=89 crate=89 uimp=74135 upos=6405 uneg=5865 ball=31.76 vball=3.37 aball=24.0 bref=0.00 pid=88.5 pref=332.5 ppos=323.6 apid=0.0 integ=5.7 vision=1 current=1 vframe=6543 vs=1 vage=27 vpage=27 vdt=33 vmax=568 vacc=6509 vrej=0 seq=0 elapsed=0 oled=3C
[  16406] STATUS mode=3 fault=none enc=409 denc=0 sreq=0 sapplied=0 crate=19 uimp=75955 upos=6445 uneg=5865 ball=31.75 vball=1.60 aball=4.6 bref=0.00 pid=19.0 pref=327.4 ppos=325.5 apid=0.0 integ=5.7 vision=1 current=1 vframe=6545 vs=1 vage=1 vpage=1 vdt=33 vmax=568 vacc=6511 vrej=0 seq=0 elapsed=0 oled=3C
[  16422] STATUS mode=3 fault=none enc=410 denc=0 sreq=0 sapplied=0 crate=-18 uimp=75955 upos=6445 uneg=5865 ball=31.75 vball=1.60 aball=4.6 bref=0.00 pid=-18.5 pref=323.6 ppos=325.5 apid=0.0 integ=5.7 vision=1 current=1 vframe=6545 vs=1 vage=21 vpage=21 vdt=33 vmax=568 vacc=6511 vrej=0 seq=0 elapsed=0 oled=3C
[  16453] STATUS mode=3 fault=none enc=410 denc=0 sreq=-47 sapplied=-47 crate=-47 uimp=75955 upos=6445 uneg=5865 ball=31.74 vball=1.03 aball=4.6 bref=0.00 pid=-47.3 pref=320.7 ppos=325.5 apid=0.0 integ=5.7 vision=1 current=1 vframe=6546 vs=1 vage=9 vpage=9 vdt=32 vmax=568 vacc=6512 vrej=0 seq=0 elapsed=0 oled=3C
[  16483] STATUS mode=3 fault=none enc=410 denc=-1 sreq=-38 sapplied=-38 crate=-38 uimp=75075 upos=6445 uneg=5885 ball=31.74 vball=1.03 aball=4.6 bref=0.00 pid=-38.5 pref=320.7 ppos=324.6 apid=0.0 integ=5.7 vision=1 current=1 vframe=6546 vs=1 vage=29 vpage=29 vdt=32 vmax=568 vacc=6512 vrej=0 seq=0 elapsed=0 oled=3C
[  16500] STATUS mode=3 fault=none enc=408 denc=1 sreq=-39 sapplied=-39 crate=-39 uimp=73280 upos=6445 uneg=5925 ball=31.72 vball=0.41 aball=-5.2 bref=0.00 pid=-39.3 pref=318.9 ppos=322.8 apid=-0.0 integ=5.7 vision=1 current=1 vframe=6548 vs=1 vage=1 vpage=1 vdt=35 vmax=568 vacc=6514 vrej=0 seq=0 elapsed=0 oled=3C
[  16531] STATUS mode=3 fault=none enc=407 denc=1 sreq=-43 sapplied=-43 crate=-43 uimp=72370 upos=6445 uneg=5945 ball=31.72 vball=0.41 aball=-5.2 bref=0.00 pid=-43.0 pref=317.6 ppos=321.9 apid=-0.0 integ=5.7 vision=1 current=1 vframe=6548 vs=1 vage=21 vpage=21 vdt=35 vmax=568 vacc=6514 vrej=0 seq=0 elapsed=0 oled=3C
[  16563] STATUS mode=3 fault=none enc=405 denc=-1 sreq=-97 sapplied=-97 crate=-97 uimp=71570 upos=6445 uneg=5965 ball=31.55 vball=-0.84 aball=-5.2 bref=0.00 pid=-97.3 pref=311.4 ppos=321.1 apid=-0.0 integ=6.2 vision=1 current=1 vframe=6549 vs=1 vage=7 vpage=7 vdt=34 vmax=568 vacc=6515 vrej=0 seq=0 elapsed=0 oled=3C
[  16594] STATUS mode=3 fault=none enc=402 denc=-1 sreq=-142 sapplied=-142 crate=-142 uimp=67895 upos=6445 uneg=6005 ball=31.36 vball=-2.45 aball=-16.6 bref=0.00 pid=-141.5 pref=303.3 ppos=317.4 apid=-0.0 integ=6.7 vision=1 current=1 vframe=6550 vs=1 vage=14 vpage=14 vdt=33 vmax=568 vacc=6516 vrej=0 seq=0 elapsed=0 oled=3C
[  16608] STATUS mode=3 fault=none enc=400 denc=-1 sreq=-115 sapplied=-115 crate=-115 uimp=65270 upos=6445 uneg=6025 ball=31.62 vball=0.52 aball=-16.6 bref=0.00 pid=-115.3 pref=303.3 ppos=314.8 apid=-0.0 integ=6.7 vision=1 current=1 vframe=6551 vs=1 vage=1 vpage=1 vdt=33 vmax=568 vacc=6517 vrej=0 seq=0 elapsed=0 oled=3C
[  16641] STATUS mode=3 fault=none enc=399 denc=0 sreq=75 sapplied=75 crate=75 uimp=65870 upos=6470 uneg=6030 ball=31.70 vball=1.06 aball=-16.6 bref=0.00 pid=74.9 pref=322.9 ppos=315.4 apid=-0.0 integ=7.8 vision=1 current=1 vframe=6552 vs=1 vage=8 vpage=8 vdt=33 vmax=568 vacc=6518 vrej=0 seq=0 elapsed=0 oled=3C
[  16672] STATUS mode=3 fault=none enc=401 denc=0 sreq=61 sapplied=61 crate=61 uimp=67260 upos=6490 uneg=6030 ball=31.70 vball=1.06 aball=-16.6 bref=0.00 pid=61.0 pref=322.9 ppos=316.8 apid=-0.0 integ=7.8 vision=1 current=1 vframe=6552 vs=1 vage=28 vpage=28 vdt=33 vmax=568 vacc=6518 vrej=0 seq=0 elapsed=0 oled=3C
[  16688] STATUS mode=3 fault=none enc=402 denc=0 sreq=50 sapplied=50 crate=50 uimp=68395 upos=6510 uneg=6030 ball=31.72 vball=0.95 aball=6.2 bref=0.00 pid=50.1 pref=322.9 ppos=317.9 apid=0.0 integ=8.3 vision=1 current=1 vframe=6553 vs=1 vage=14 vpage=14 vdt=34 vmax=568 vacc=6519 vrej=0 seq=0 elapsed=0 oled=3C
[  16719] STATUS mode=3 fault=none enc=403 denc=-1 sreq=22 sapplied=22 crate=22 uimp=69900 upos=6550 uneg=6030 ball=31.71 vball=0.60 aball=6.2 bref=0.00 pid=22.2 pref=321.6 ppos=319.4 apid=0.0 integ=8.8 vision=1 current=1 vframe=6554 vs=1 vage=23page=3 vdt=31 vmax=568 vacc=6520 vrej=0 seq=0 elapsed=0 oled=3C
[  16750] STATUS mode=3 fault=none enc=405 denc=1 sreq=-81 sapplied=0 crate=-81 uimp=70215 upos=6565 uneg=6030 ball=31.22 vball=-3.89 aball=6.2 bref=0.00 pid=-214.7 pref=298.3 ppos=319.7 apid=0.0 integ=9.4 vision=1 current=1 vframe=6555 vs=1 vage=8 vpage=8 vdt=35 vmax=568 vacc=6521 vrej=0 seq=0 elapsed=0 oled=3C
[  16781] STATUS mode=3 fault=none enc=403 denc=-1 sreq=-186 sapplied=-186 crate=-186 uimp=67305 upos=6565 uneg=6045 ball=31.22 vball=-3.89 aball=6.2 bref=0.00 pid=-185.6 pref=298.3 ppos=316.8 apid=0.0 integ=9.4 vision=1 current=1 vframe=6555 vs=1 vage=28 vpage=28 vdt=35 vmax=568 vacc=6521 vrej=0 seq=0 elapsed=0 oled=3C
[  16797] STATUS mode=3 fault=none enc=394 denc=-1 sreq=-141 sapplied=-141 crate=-141 uimp=60525 upos=6565 uneg=6085 ball=31.04 vball=-4.25 aball=-20.0 bref=0.00 pid=-173.4 pref=295.9 ppos=313.2 apid=-0.0 integ=9.4 vision=1 current=1 vframe=6556 vs=1 vage=14 vpage=14 vdt=34 vmax=568 vacc=6522 vrej=0 seq=0 elapsed=0 oled=3C
[  16828] STATUS mode=3 fault=none enc=391 denc=0 sreq=0 sapplied=0 crate=-11 uimp=59615 upos=6565 uneg=6095 ball=31.15 vball=-1.89 aball=-20.0 bref=0.00 pid=-10.8 pref=308.0 ppos=309.1 apid=-0.0 integ=9.4 vision=1 current=1 vframe=6557 vs=1 vage=20 vpage=20 vdt=34 vmax=568 vacc=6523 vrej=0 seq=0 elapsed=0 oled=3C
[  16858] STATUS mode=3 fault=none enc=391 denc=0 sreq=84 sapplied=0 crate=84 uimp=59615 upos=6565 uneg=6095 ball=31.30 vball=-0.09 aball=-20.0 bref=0.00 pid=83.7 pref=317.5 ppos=309.1 apid=-0.0 integ=9.4 vision=1 current=1 vframe=6558 vs=1 vage=8 vpage=8 vdt=32 vmax=568 vacc=6524 vrej=0 seq=0 elapsed=0 oled=3C
[  16875] STATUS mode=3 fault=none enc=394 denc=1 sreq=195 sapplied=195 crate=195 uimp=62660 upos=6600 uneg=6095 ball=31.61 vball=2.56 aball=19.6 bref=0.00 pid=195.0 pref=331.7 ppos=312.2 apid=0.0 integ=9.4 vision=1 current=1 vframe=6559 vs=1 vage=14 vpage=14 vdt=34 vmax=568 vacc=6525 vrej=0 seq=0 elapsed=0 oled=3C
[  16906] STATUS mode=3 fault=none enc=397 denc=1 sreq=159 sapplied=159 crate=159 uimp=66275 upos=6620 uneg=6095 ball=31.61 vball=2.56 aball=19.6 bref=0.00 pid=158.9 pref=331.7 ppos=315.8 apid=0.0 integ=9.4 vision=1 current=1 vframe=6559 vs=1 vage=34 vpage=34 vdt=34 vmax=568 vacc=6525 vrej=0 seq=0 elapsed=0 oled=3C
[  16938] STATUS mode=3 fault=none enc=398 denc=0 sreq=41 sapplied=41 crate=41 uimp=67805 upos=6640 uneg=6095 ball=31.46 vball=0.60 aball=19.6 bref=0.00 pid=41.1 pref=321.4 ppos=317.3 apid=0.0 integ=9.4 vision=1 current=1 vframe=6560 vs=1 vage=20 vpage=20 vdt=34 vmax=568 vacc=6526 vrej=0 seq=0 elapsed=0 oled=3C
[  16969] STATUS mode=3 fault=none enc=399 denc=0 sreq=0 sapplied=0 crate=0 uimp=68565 upos=6660 uneg=6095 ball=31.41 vball=-0.08 aball=19.6 bref=0.00 pid=0.0 pref=317.9 ppos=318.1 apid=0.0 integ=9.4 vision=1 current=1 vframe=6561 vs=1 vage=28 vpage=28 vdt=32 vmax=568 vacc=6527 vrej=0 seq=0 elapsed=0 oled=3C
[  16983] STATUS mode=3 fault=none enc=399 denc=0 sreq=0 sapplied=0 crate=0 uimp=68565 upos=6660 uneg=6095 ball=31.39 vball=-0.22 aball=-1.7 bref=0.00 pid=0.0 pref=317.1 ppos=318.1 apid=-0.0 integ=9.4 vision=1 current=1 vframe=6562 vs=1 vage=14 vpage=14 vdt=34 vmax=568 vacc=6528 vrej=0 seq=0 elapsed=0 oled=3C
[  17016] STATUS mode=3 fault=none enc=399 denc=0 sreq=0 sapplied=0 crate=0 uimp=68565 upos=6660 uneg=6095 ball=31.38 vball=-0.20 aball=-1.7 bref=0.00 pid=0.0 pref=317.1 ppos=318.1 apid=-0.0 integ=9.4 vision=1 current=1 vframe=6563 vs=1 vage=1 vpage=1 vdt=33 vmax=568 vacc=6529 vrej=0 seq=0 elapsed=0 oled=3C
[  17047] STATUS mode=3 fault=none enc=399 denc=0 sreq=0 sapplied=0 crate=0 uimp=68565 upos=6660 uneg=6095 ball=31.38 vball=-0.20 aball=-1.7 bref=0.00 pid=0.0 pref=317.2 ppos=318.1 apid=-0.0 integ=9.4 vision=1 current=1 vframe=6563 vs=1 vage=21 vpage=21 vdt=33 vmax=568 vacc=6529 vrej=0 seq=0 elapsed=0 oled=3C
[  17047] >>> stop
[  17063] STATUS mode=3 fault=none enc=399 denc=-1 sreq=-68 sapplied=-68 crate=-68 uimp=67440 upos=6660 uneg=6110 ball=31.23 vball=-1.62 aball=-1.7 bref=0.00 pid=-67.5 pref=310.2 ppos=316.9 apid=-0.0 integ=9.9 vision=1 current=1 vframe=6564 vs=1 vage=25 vpage=25 vdt=36 vmax=568 vacc=6530 vrej=0 seq=0 elapsed=0 oled=3C
[  17094] STATUS mode=1 fault=none enc=395 denc=-1 sreq=0 sapplied=0 crate=0 uimp=67100 upos=6660 uneg=6115 ball=31.09 vball=-2.38 aball=0.0 bref=0.00 pid=0.0 pref=316.6 ppos=316.6 apid=0.0 integ=0.0 vision=1 current=1 vframe=6565 vs=1 vage=14 vpage=14 vdt=31 vmax=568 vacc=6531 vrej=0 seq=0 elapsed=0 oled=3C
[  17125] STATUS mode=1 fault=none enc=395 denc=0 sreq=0 sapplied=0 crate=0 uimp=67100 upos=6660 uneg=6115 ball=31.05 vball=-2.01 aball=0.0 bref=0.00 pid=0.0 pref=316.6 ppos=316.6 apid=0.0 integ=0.0 vision=1 current=1 vframe=6566 vs=1 vage=3 vpage=3 vdt=31 vmax=568 vacc=6532 vrej=0 seq=0 elapsed=0 oled=3C
[  17141] STATUS mode=1 fault=none enc=395 denc=0 sreq=0 sapplied=0 crate=0 uimp=67100 upos=6660 uneg=6115 ball=31.04 vball=-1.44 aball=0.0 bref=0.00 pid=0.0 pref=316.6 ppos=316.6 apid=0.0 integ=0.0 vision=1 current=1 vframe=6567 vs=1 vage=7 vpage=7 vdt=36 vmax=568 vacc=6533 vrej=0 seq=0 elapsed=0 oled=3C
[  17172] STATUS mode=1 fault=none enc=395 denc=0 sreq=0 sapplied=0 crate=0 uimp=67100 upos=6660 uneg=6115 ball=31.04 vball=-1.44 aball=0.0 bref=0.00 pid=0.0 pref=316.6 ppos=316.6 apid=0.0 integ=0.0 vision=1 current=1 vframe=6567 vs=1 vage=27 vpage=27 vdt=36 vmax=568 vacc=6533 vrej=0 seq=0 elapsed=0 oled=3C
[  17203] STATUS mode=1 fault=none enc=395 denc=0 sreq=0 sapplied=0 crate=0 uimp=67100 upos=6660 uneg=6115 ball=31.04 vball=-1.02 aball=0.0 bref=0.00 pid=0.0 pref=316.6 ppos=316.6 apid=0.0 integ=0.0 vision=1 current=1 vframe=6568 vs=1 vage=6 vpage=6 vdt=41 vmax=568 vacc=6534 vrej=0 seq=0 elapsed=0 oled=3C
[  17219] STATUS mode=1 fault=none enc=395 denc=0 sreq=0 sapplied=0 crate=0 uimp=67100 upos=6660 uneg=6115 ball=31.06 vball=-0.52 aball=0.0 bref=0.00 pid=0.0 pref=316.6 ppos=316.6 apid=0.0 integ=0.0 vision=1 current=1 vframe=6569 vs=1 vage=21 vpage=21 vdt=25 vmax=568 vacc=6535 vrej=0 seq=0 elapsed=0 oled=3C
[  17250] STATUS mode=1 fault=none enc=395 denc=0 sreq=0 sapplied=0 crate=0 uimp=67100 upos=6660 uneg=6115 ball=31.07 vball=-0.25 aball=0.0 bref=0.00 pid=0.0 pref=316.6 ppos=316.6 apid=0.0 integ=0.0 vision=1 current=1 vframe=6570 vs=1 vage=7 vpage=7 vdt=34 vmax=568 vacc=6536 vrej=0 seq=0 elapsed=0 oled=3C
[  17281] STATUS mode=1 fault=none enc=395 denc=0 sreq=0 sapplied=0 crate=0 uimp=67100 upos=6660 uneg=6115 ball=31.07 vball=-0.25 aball=0.0 bref=0.00 pid=0.0 pref=316.6 ppos=316.6 apid=0.0 integ=0.0 vision=1 current=1 vframe=6570 vs=1 vage=27 vpage=27 vdt=34 vmax=568 vacc=6536 vrej=0 seq=0 elapsed=0 oled=3C
[  17297] STATUS mode=1 fault=none enc=395 denc=0 sreq=0 sapplied=0 crate=0 uimp=67100 upos=6660 uneg=6115 ball=31.08 vball=-0.13 aball=0.0 bref=0.00 pid=0.0 pref=316.6 ppos=316.6 apid=0.0 integ=0.0 vision=1 current=1 vframe=6571 vs=1 vage=14 vpage=14 vdt=33 vmax=568 vacc=6537 vrej=0 seq=0 elapsed=0 oled=3C
[  17297] >>> stream off
[  17328] STATUS mode=1 fault=none enc=395 denc=0 sreq=0 sapplied=0 crate=0 uimp=67100 upos=6660 uneg=6115 ball=31.08 vball=-0.07 aball=0.0 bref=0.00 pid=0.0 pref=316.6 ppos=316.6 apid=0.0 integ=0.0 vision=1 current=1 vframe=6572 vs=1 vage=21 vpage=21 vdt=33 vmax=568 vacc=6538 vrej=0 seq=0 elapsed=0 oled=3C
[  17328] OK stream off
[  17453] RESULT center_timeout
