[      1] >>> bench on
[      8] OK stepper visual-only bench active; command pose preserved
[    128] >>> clear
[    130] OK fault cleared
[    252] >>> diag reset
[    256] OK actuator diagnostics reset
[    379] >>> gain ball 1.2 2.0 4.0 -1
[    386] OK ball gains kp=1.200 ki=2.000 kd=4.000 sign=-1
[    505] >>> gain accel 0
[    510] OK ball acceleration gain ka=0.000
[    629] >>> limit rate 400
[    633] OK ball rate limit=400 steps/s
[    754] >>> stream on 20
[    757] OK stream on 20 ms
[    800] STATUS mode=1 fault=none enc=571 denc=0 sreq=0 sapplied=0 crate=0 uimp=0 upos=0 uneg=0 ball=22.77 vball=0.17 aball=0.0 bref=0.00 pid=0.0 pref=447.8 ppos=447.8 apid=0.0 integ=0.0 vision=1 current=1 vframe=2798 vs=1 vage=3 vpage=3 vdt=34 vmax=67 vacc=2792 vrej=0 seq=0 elapsed=0 oled=3C
[    825] STATUS mode=1 fault=none enc=571 denc=0 sreq=0 sapplied=0 crate=0 uimp=0 upos=0 uneg=0 ball=22.77 vball=0.17 aball=0.0 bref=0.00 pid=0.0 pref=447.8 ppos=447.8 apid=0.0 integ=0.0 vision=1 current=1 vframe=2798 vs=1 vage=23 vpage=23 vdt=34 vmax=67 vacc=2792 vrej=0 seq=0 elapsed=0 oled=3C
[    851] STATUS mode=1 fault=none enc=571 denc=0 sreq=0 sapplied=0 crate=0 uimp=0 upos=0 uneg=0 ball=22.70 vball=-0.53 aball=0.0 bref=0.00 pid=0.0 pref=447.8 ppos=447.8 apid=0.0 integ=0.0 vision=1 current=1 vframe=2799 vs=1 vage=10 vpage=10 vdt=33 vmax=67 vacc=2793 vrej=0 seq=0 elapsed=0 oled=3C
[    876] STATUS mode=1 fault=none enc=571 denc=0 sreq=0 sapplied=0 crate=0 uimp=0 upos=0 uneg=0 ball=22.70 vball=-0.53 aball=0.0 bref=0.00 pid=0.0 pref=447.8 ppos=447.8 apid=0.0 integ=0.0 vision=1 current=1 vframe=2799 vs=1 vage=30 vpage=30 vdt=33 vmax=67 vacc=2793 vrej=0 seq=0 elapsed=0 oled=3C
[    876] >>> ball 0
[    901] STATUS mode=1 fault=none enc=571 denc=0 sreq=0 sapplied=0 crate=0 uimp=0 upos=0 uneg=0 ball=22.63 vball=-0.73 aball=0.0 bref=0.00 pid=0.0 pref=447.8 ppos=447.8 apid=0.0 integ=0.0 vision=1 current=1 vframe=2801 vs=1 vage=3 vpage=3 vdt=35 vmax=67 vacc=2795 vrej=0 seq=0 elapsed=0 oled=3C
[    927] STATUS mode=3 fault=none enc=576 denc=2 sreq=221 sapplied=221 crate=221 uimp=2160 upos=10 uneg=0 ball=22.63 vball=-0.73 aball=0.0 bref=0.00 pid=220.8 pref=472.0 ppos=449.9 apid=0.0 integ=-0.0 vision=1 current=1 vframe=2801 vs=1 vage=23 vpage=23 vdt=35 vmax=67 vacc=2795 vrej=0 seq=0 elapsed=0 oled=3C
[    953] STATUS mode=3 fault=none enc=581 denc=0 sreq=223 sapplied=223 crate=223 uimp=6480 upos=30 uneg=0 ball=22.73 vball=0.37 aball=0.0 bref=0.00 pid=222.8 pref=476.5 ppos=454.3 apid=0.0 integ=-0.0 vision=1 current=1 vframe=2802 vs=1 vage=11 vpage=11 vdt=32 vmax=67 vacc=2796 vrej=0 seq=0 elapsed=0 oled=3C
[    979] STATUS mode=3 fault=none enc=587 denc=2 sreq=181 sapplied=181 crate=181 uimp=10615 upos=50 uneg=0 ball=22.73 vball=0.37 aball=0.0 bref=0.00 pid=181.4 pref=476.5 ppos=458.4 apid=0.0 integ=-0.0 vision=1 current=1 vframe=2802 vs=1 vage=31 vpage=31 vdt=32 vmax=67 vacc=2796 vrej=0 seq=0 elapsed=0 oled=3C
[   1005] STATUS mode=3 fault=none enc=594 denc=1 sreq=123 sapplied=123 crate=123 uimp=16925 upos=90 uneg=0 ball=22.78 vball=0.46 aball=5.4 bref=0.00 pid=122.5 pref=477.0 ppos=464.7 apid=0.0 integ=-0.0 vision=1 current=1 vframe=2804 vs=1 vage=4 vpage=4 vdt=33 vmax=67 vacc=2798 vrej=0 seq=0 elapsed=0 oled=3C
[   1031] STATUS mode=3 fault=none enc=597 denc=1 sreq=100 sapplied=100 crate=100 uimp=19200 upos=110 uneg=0 ball=22.78 vball=0.46 aball=5.4 bref=0.00 pid=99.8 pref=477.0 ppos=467.0 apid=0.0 integ=-0.0 vision=1 current=1 vframe=2804 vs=1 vage=24 vpage=24 vdt=33 vmax=67 vacc=2798 vrej=0 seq=0 elapsed=0 oled=3C
[   1057] STATUS mode=3 fault=none enc=599 denc=1 sreq=76 sapplied=76 crate=76 uimp=21025 upos=130 uneg=0 ball=22.78 vball=0.33 aball=5.4 bref=0.00 pid=76.3 pref=476.4 ppos=468.8 apid=0.0 integ=-0.0 vision=1 current=1 vframe=2805 vs=1 vage=11 vpage=11 vdt=33 vmax=67 vacc=2799 vrej=0 seq=0 elapsed=0 oled=3C
[   1083] STATUS mode=3 fault=none enc=602 denc=0 sreq=47 sapplied=47 crate=47 uimp=23550 upos=170 uneg=0 ball=22.77 vball=0.22 aball=5.4 bref=0.00 pid=46.5 pref=476.0 ppos=471.3 apid=0.0 integ=-0.0 vision=1 current=1 vframe=2806 vs=1 vage=17 vpage=17 vdt=34 vmax=67 vacc=2800 vrej=0 seq=0 elapsed=0 oled=3C
[   1109] STATUS mode=3 fault=none enc=604 denc=1 sreq=35 sapplied=35 crate=35 uimp=24415 upos=190 uneg=0 ball=22.77 vball=0.14 aball=1.5 bref=0.00 pid=34.7 pref=475.7 ppos=472.2 apid=0.0 integ=-0.0 vision=1 current=1 vframe=2807 vs=1 vage=4 vpage=4 vdt=33 vmax=67 vacc=2801 vrej=0 seq=0 elapsed=0 oled=3C
[   1135] STATUS mode=3 fault=none enc=604 denc=1 sreq=28 sapplied=28 crate=28 uimp=25060 upos=210 uneg=0 ball=22.77 vball=0.14 aball=1.5 bref=0.00 pid=28.2 pref=475.7 ppos=472.8 apid=0.0 integ=-0.0 vision=1 current=1 vframe=2807 vs=1 vage=24 vpage=24 vdt=33 vmax=67 vacc=2801 vrej=0 seq=0 elapsed=0 oled=3C
[   1161] STATUS mode=3 fault=none enc=605 denc=1 sreq=36 sapplied=36 crate=36 uimp=25650 upos=230 uneg=0 ball=22.77 vball=0.09 aball=1.5 bref=0.00 pid=35.8 pref=477.0 ppos=473.4 apid=0.0 integ=1.5 vision=1 current=1 vframe=2808 vs=1 vage=10 vpage=10 vdt=34 vmax=67 vacc=2802 vrej=0 seq=0 elapsed=0 oled=3C
[   1187] STATUS mode=3 fault=none enc=607 denc=0 sreq=36 sapplied=36 crate=36 uimp=26990 upos=270 uneg=0 ball=22.77 vball=0.06 aball=1.5 bref=0.00 pid=36.3 pref=478.4 ppos=474.8 apid=0.0 integ=3.1 vision=1 current=1 vframe=2809 vs=1 vage=17 vpage=17 vdt=33 vmax=67 vacc=2803 vrej=0 seq=0 elapsed=0 oled=3C
[   1213] STATUS mode=3 fault=none enc=607 denc=0 sreq=42 sapplied=42 crate=42 uimp=27660 upos=290 uneg=0 ball=22.77 vball=-0.01 aball=0.2 bref=0.00 pid=41.8 pref=479.6 ppos=475.4 apid=0.0 integ=4.6 vision=1 current=1 vframe=2810 vs=1 vage=4 vpage=4 vdt=33 vmax=67 vacc=2804 vrej=0 seq=0 elapsed=0 oled=3C
[   1239] STATUS mode=3 fault=none enc=609 denc=0 sreq=34 sapplied=34 crate=34 uimp=28440 upos=310 uneg=0 ball=22.77 vball=-0.01 aball=0.2 bref=0.00 pid=34.0 pref=479.6 ppos=476.2 apid=0.0 integ=4.6 vision=1 current=1 vframe=2810 vs=1 vage=24 vpage=24 vdt=33 vmax=67 vacc=2804 vrej=0 seq=0 elapsed=0 oled=3C
[   1265] STATUS mode=3 fault=none enc=610 denc=0 sreq=33 sapplied=33 crate=33 uimp=29900 upos=350 uneg=0 ball=22.76 vball=-0.05 aball=0.2 bref=0.00 pid=33.1 pref=481.0 ppos=477.7 apid=0.0 integ=6.1 vision=1 current=1 vframe=2811 vs=1 vage=30 vpage=30 vdt=34 vmax=67 vacc=2805 vrej=0 seq=0 elapsed=0 oled=3C
[   1291] STATUS mode=3 fault=none enc=611 denc=0 sreq=41 sapplied=41 crate=41 uimp=30660 upos=370 uneg=0 ball=22.76 vball=-0.05 aball=0.2 bref=0.00 pid=40.6 pref=482.5 ppos=478.4 apid=0.0 integ=7.6 vision=1 current=1 vframe=2812 vs=1 vage=17 vpage=17 vdt=33 vmax=67 vacc=2806 vrej=0 seq=0 elapsed=0 oled=3C
[   1317] STATUS mode=3 fault=none enc=613 denc=0 sreq=48 sapplied=48 crate=48 uimp=31420 upos=390 uneg=0 ball=22.76 vball=-0.04 aball=-0.0 bref=0.00 pid=48.4 pref=484.0 ppos=479.2 apid=-0.0 integ=9.1 vision=1 current=1 vframe=2813 vs=1 vage=4 vpage=4 vdt=33 vmax=67 vacc=2807 vrej=0 seq=0 elapsed=0 oled=3C
[   1343] STATUS mode=3 fault=none enc=615 denc=1 sreq=47 sapplied=47 crate=47 uimp=33125 upos=430 uneg=0 ball=22.76 vball=-0.03 aball=-0.0 bref=0.00 pid=47.2 pref=485.6 ppos=480.9 apid=-0.0 integ=10.7 vision=1 current=1 vframe=2814 vs=1 vage=10 vpage=10 vdt=34 vmax=67 vacc=2808 vrej=0 seq=0 elapsed=0 oled=3C
[   1369] STATUS mode=3 fault=none enc=615 denc=0 sreq=38 sapplied=38 crate=38 uimp=34000 upos=450 uneg=0 ball=22.76 vball=-0.03 aball=-0.0 bref=0.00 pid=38.5 pref=485.6 ppos=481.8 apid=-0.0 integ=10.7 vision=1 current=1 vframe=2814 vs=1 vage=30 vpage=30 vdt=34 vmax=67 vacc=2808 vrej=0 seq=0 elapsed=0 oled=3C
[   1395] STATUS mode=3 fault=none enc=617 denc=1 sreq=45 sapplied=45 crate=45 uimp=34865 upos=470 uneg=0 ball=22.76 vball=-0.02 aball=-0.0 bref=0.00 pid=45.2 pref=487.2 ppos=482.6 apid=-0.0 integ=12.2 vision=1 current=1 vframe=2815 vs=1 vage=17 vpage=17 vdt=33 vmax=67 vacc=2809 vrej=0 seq=0 elapsed=0 oled=3C
[   1421] STATUS mode=3 fault=none enc=620 denc=1 sreq=43 sapplied=52 crate=52 uimp=35705 upos=490 uneg=0 ball=22.76 vball=-0.02 aball=0.1 bref=0.00 pid=52.3 pref=488.7 ppos=483.5 apid=0.0 integ=13.7 vision=1 current=1 vframe=2816 vs=1 vage=3 vpage=3 vdt=34 vmax=67 vacc=2810 vrej=0 seq=0 elapsed=0 oled=3C
[   1447] STATUS mode=3 fault=none enc=620 denc=0 sreq=49 sapplied=49 crate=49 uimp=37535 upos=530 uneg=0 ball=22.76 vball=-0.03 aball=0.1 bref=0.00 pid=48.6 pref=490.2 ppos=485.3 apid=0.0 integ=15.2 vision=1 current=1 vframe=2817 vs=1 vage=10 vpage=10 vdt=33 vmax=67 vacc=2811 vrej=0 seq=0 elapsed=0 oled=3C
[   1473] STATUS mode=3 fault=none enc=621 denc=-1 sreq=40 sapplied=40 crate=40 uimp=38440 upos=550 uneg=0 ball=22.76 vball=-0.03 aball=0.1 bref=0.00 pid=39.6 pref=490.2 ppos=486.2 apid=0.0 integ=15.2 vision=1 current=1 vframe=2817 vs=1 vage=30 vpage=30 vdt=33 vmax=67 vacc=2811 vrej=0 seq=0 elapsed=0 oled=3C
[   1499] STATUS mode=3 fault=none enc=622 denc=0 sreq=24 sapplied=24 crate=24 uimp=39095 upos=570 uneg=0 ball=22.69 vball=-0.60 aball=0.1 bref=0.00 pid=24.4 pref=489.3 ppos=486.9 apid=0.0 integ=16.7 vision=1 current=1 vframe=2818 vs=1 vage=17 vpage=17 vdt=33 vmax=67 vacc=2812 vrej=0 seq=0 elapsed=0 oled=3C
[   1526] STATUS mode=3 fault=none enc=623 denc=0 sreq=0 sapplied=0 crate=19 uimp=39860 upos=605 uneg=0 ball=22.64 vball=-0.91 aball=-4.0 bref=0.00 pid=18.7 pref=489.5 ppos=487.6 apid=-0.0 integ=18.2 vision=1 current=1 vframe=2819 vs=1 vage=24 vpage=24 vdt=33 vmax=67 vacc=2813 vrej=0 seq=0 elapsed=0 oled=3C
[   1552] STATUS mode=3 fault=none enc=623 denc=0 sreq=37 sapplied=37 crate=37 uimp=40055 upos=610 uneg=0 ball=22.62 vball=-0.77 aball=-4.0 bref=0.00 pid=37.4 pref=491.6 ppos=487.8 apid=-0.0 integ=19.7 vision=1 current=1 vframe=2820 vs=1 vage=10 vpage=10 vdt=34 vmax=67 vacc=2814 vrej=0 seq=0 elapsed=0 oled=3C
[   1578] STATUS mode=3 fault=none enc=623 denc=-1 sreq=30 sapplied=30 crate=30 uimp=40750 upos=630 uneg=0 ball=22.62 vball=-0.77 aball=-4.0 bref=0.00 pid=30.5 pref=491.6 ppos=488.5 apid=-0.0 integ=19.7 vision=1 current=1 vframe=2820 vs=1 vage=30 vpage=30 vdt=34 vmax=67 vacc=2814 vrej=0 seq=0 elapsed=0 oled=3C
[   1604] STATUS mode=3 fault=none enc=626 denc=0 sreq=38 sapplied=38 crate=38 uimp=42405 upos=670 uneg=0 ball=22.63 vball=-0.34 aball=-4.0 bref=0.00 pid=37.7 pref=494.0 ppos=490.2 apid=-0.0 integ=21.3 vision=1 current=1 vframe=2829 vs=1 vage=2 vpage=2 vdt=34 vmax=67 vacc=2823 vrej=0 seq=0 elapsed=0 oled=3C
[   1630] STATUS mode=3 fault=none enc=627 denc=0 sreq=52 sapplied=52 crate=52 uimp=43450 upos=690 uneg=0 ball=22.63 vball=-0.34 aball=0.3 bref=0.00 pid=51.6 pref=496.4 ppos=491.2 apid=0.0 integ=22.8 vision=1 current=1 vframe=2829 vs=1 vage=22 vpage=22 vdt=34 vmax=67 vacc=2823 vrej=0 seq=0 elapsed=0 oled=3C
[   1656] STATUS mode=3 fault=none enc=628 denc=0 sreq=0 sapplied=0 crate=19 uimp=44290 upos=710 uneg=0 ball=22.51 vball=-1.28 aball=0.3 bref=0.00 pid=18.6 pref=493.9 ppos=492.1 apid=0.0 integ=24.3 vision=1 current=1 vframe=2830 vs=1 vage=10 vpage=10 vdt=32 vmax=67 vacc=2824 vrej=0 seq=0 elapsed=0 oled=3C
[   1682] STATUS mode=3 fault=none enc=628 denc=0 sreq=33 sapplied=33 crate=33 uimp=44650 upos=720 uneg=0 ball=22.47 vball=-1.20 aball=0.3 bref=0.00 pid=33.0 pref=495.7 ppos=492.4 apid=0.0 integ=25.8 vision=1 current=1 vframe=2831 vs=1 vage=16 vpage=16 vdt=34 vmax=67 vacc=2825 vrej=0 seq=0 elapsed=0 oled=3C
[   1708] STATUS mode=3 fault=none enc=628 denc=-1 sreq=50 sapplied=50 crate=50 uimp=45260 upos=740 uneg=0 ball=22.46 vball=-0.99 aball=-2.8 bref=0.00 pid=49.5 pref=498.0 ppos=493.0 apid=-0.0 integ=27.2 vision=1 current=1 vframe=2832 vs=1 vage=4 vpage=4 vdt=32 vmax=67 vacc=2826 vrej=0 seq=0 elapsed=0 oled=3C
[   1734] STATUS mode=3 fault=none enc=630 denc=0 sreq=40 sapplied=40 crate=40 uimp=46180 upos=760 uneg=0 ball=22.46 vball=-0.99 aball=-2.8 bref=0.00 pid=40.3 pref=498.0 ppos=494.0 apid=-0.0 integ=27.2 vision=1 current=1 vframe=2832 vs=1 vage=24 vpage=24 vdt=32 vmax=67 vacc=2826 vrej=0 seq=0 elapsed=0 oled=3C
[   1761] STATUS mode=3 fault=none enc=631 denc=0 sreq=61 sapplied=61 crate=61 uimp=47070 upos=780 uneg=0 ball=22.46 vball=-0.65 aball=-2.8 bref=0.00 pid=61.2 pref=501.0 ppos=494.8 apid=-0.0 integ=28.8 vision=1 current=1 vframe=2833 vs=1 vage=8 vpage=8 vdt=36 vmax=67 vacc=2827 vrej=0 seq=0 elapsed=0 oled=3C
[   1787] STATUS mode=3 fault=none enc=634 denc=0 sreq=284 sapplied=284 crate=284 uimp=50655 upos=820 uneg=0 ball=23.11 vball=5.61 aball=-2.8 bref=0.00 pid=283.5 pref=526.8 ppos=498.4 apid=-0.0 integ=28.8 vision=1 current=1 vframe=2834 vs=1 vage=15 vpage=15 vdt=33 vmax=67 vacc=2828 vrej=0 seq=0 elapsed=0 oled=3C
[   1813] STATUS mode=3 fault=none enc=640 denc=2 sreq=231 sapplied=231 crate=231 uimp=55915 upos=840 uneg=0 ball=23.69 vball=9.06 aball=-2.8 bref=0.00 pid=230.9 pref=526.8 ppos=503.7 apid=-0.0 integ=28.8 vision=1 current=1 vframe=2835 vs=1 vage=2 vpage=2 vdt=33 vmax=67 vacc=2829 vrej=0 seq=0 elapsed=0 oled=3C
[   1840] STATUS mode=3 fault=none enc=647 denc=1 sreq=314 sapplied=314 crate=314 uimp=62115 upos=860 uneg=0 ball=23.69 vball=9.06 aball=42.8 bref=0.00 pid=313.9 pref=541.3 ppos=509.9 apid=0.0 integ=28.8 vision=1 current=1 vframe=2835 vs=1 vage=22 vpage=22 vdt=33 vmax=67 vacc=2829 vrej=0 seq=0 elapsed=0 oled=3C
[   1866] STATUS mode=3 fault=none enc=660 denc=0 sreq=169 sapplied=169 crate=169 uimp=71535 upos=900 uneg=0 ball=23.85 vball=7.75 aball=42.8 bref=0.00 pid=169.2 pref=536.2 ppos=519.3 apid=0.0 integ=28.8 vision=1 current=1 vframe=2836 vs=1 vage=28 vpage=28 vdt=34 vmax=67 vacc=2830 vrej=0 seq=0 elapsed=0 oled=3C
[   1892] STATUS mode=3 fault=none enc=661 denc=0 sreq=62 sapplied=62 crate=62 uimp=73855 upos=920 uneg=0 ball=23.87 vball=5.64 aball=42.8 bref=0.00 pid=61.8 pref=527.8 ppos=521.6 apid=0.0 integ=28.8 vision=1 current=1 vframe=2837 vs=1 vage=14 vpage=14 vdt=34 vmax=67 vacc=2831 vrej=0 seq=0 elapsed=0 oled=3C
[   1918] STATUS mode=3 fault=none enc=664 denc=0 sreq=-24 sapplied=0 crate=-24 uimp=75005 upos=940 uneg=0 ball=23.85 vball=3.78 aball=-0.7 bref=0.00 pid=-24.3 pref=520.4 ppos=522.8 apid=-0.0 integ=28.8 vision=1 current=1 vframe=2838 vs=1 vage=4 vpage=4 vdt=30 vmax=67 vacc=2832 vrej=0 seq=0 elapsed=0 oled=3C
[   1945] STATUS mode=3 fault=none enc=663 denc=-1 sreq=-219 sapplied=-219 crate=-219 uimp=73860 upos=940 uneg=30 ball=22.86 vball=-6.04 aball=-0.7 bref=0.00 pid=-400.0 pref=479.9 ppos=521.6 apid=-0.0 integ=28.8 vision=1 current=1 vframe=2839 vs=1 vage=10 vpage=10 vdt=34 vmax=67 vacc=2833 vrej=0 seq=0 elapsed=0 oled=3C
[   1973] STATUS mode=3 fault=none enc=655 denc=-2 sreq=-353 sapplied=-353 crate=-353 uimp=67360 upos=940 uneg=50 ball=22.86 vball=-6.04 aball=-0.7 bref=0.00 pid=-352.5 pref=479.9 ppos=515.1 apid=-0.0 integ=28.8 vision=1 current=1 vframe=2839 vs=1 vage=30 vpage=30 vdt=34 vmax=67 vacc=2833 vrej=0 seq=0 elapsed=0 oled=3C
[   2000] STATUS mode=3 fault=none enc=645 denc=-2 sreq=-314 sapplied=-314 crate=-314 uimp=60525 upos=940 uneg=70 ball=22.57 vball=-6.71 aball=-0.7 bref=0.00 pid=-314.5 pref=476.9 ppos=508.3 apid=-0.0 integ=28.8 vision=1 current=1 vframe=2840 vs=1 vage=17 vpage=17 vdt=33 vmax=67 vacc=2834 vrej=0 seq=0 elapsed=0 oled=3C
[   2027] STATUS mode=3 fault=none enc=634 denc=-2 sreq=-157 sapplied=-157 crate=-157 uimp=50800 upos=940 uneg=110 ball=22.51 vball=-5.19 aball=-40.0 bref=0.00 pid=-157.1 pref=482.9 ppos=498.6 apid=-0.0 integ=28.8 vision=1 current=1 vframe=2841 vs=1 vage=22 vpage=22 vdt=35 vmax=67 vacc=2835 vrej=0 seq=0 elapsed=0 oled=3C
[   2054] STATUS mode=3 fault=none enc=630 denc=-2 sreq=-67 sapplied=-67 crate=-67 uimp=48210 upos=940 uneg=130 ball=22.52 vball=-3.58 aball=-40.0 bref=0.00 pid=-66.7 pref=489.3 ppos=496.0 apid=-0.0 integ=28.8 vision=1 current=1 vframe=2842 vs=1 vage=10 vpage=10 vdt=32 vmax=67 vacc=2836 vrej=0 seq=0 elapsed=0 oled=3C
[   2081] STATUS mode=3 fault=none enc=630 denc=0 sreq=-54 sapplied=-54 crate=-54 uimp=46975 upos=940 uneg=150 ball=22.52 vball=-3.58 aball=-40.0 bref=0.00 pid=-54.4 pref=489.3 ppos=494.8 apid=-0.0 integ=28.8 vision=1 current=1 vframe=2842 vs=1 vage=30 vpage=30 vdt=32 vmax=67 vacc=2836 vrej=0 seq=0 elapsed=0 oled=3C
[   2107] STATUS mode=3 fault=none enc=635 denc=1 sreq=184 sapplied=184 crate=184 uimp=52915 upos=965 uneg=160 ball=22.87 vball=-1.08 aball=-3.1 bref=0.00 pid=0.0 pref=499.7 ppos=500.7 apid=-0.0 integ=28.8 vision=1 current=1 vframe=2844 vs=1 vage=4 vpage=4 vdt=33 vmax=67 vacc=2838 vrej=0 seq=0 elapsed=0 oled=3C
[   2134] STATUS mode=3 fault=none enc=637 denc=-1 sreq=-23 sapplied=-23 crate=-23 uimp=54255 upos=975 uneg=160 ball=22.87 vball=-1.08 aball=-3.1 bref=0.00 pid=-23.0 pref=499.7 ppos=502.0 apid=-0.0 integ=28.8 vision=1 current=1 vframe=2844 vs=1 vage=24 vpage=24 vdt=33 vmax=67 vacc=2838 vrej=0 seq=0 elapsed=0 oled=3C
[   2161] STATUS mode=3 fault=none enc=637 denc=0 sreq=-81 sapplied=-81 crate=-81 uimp=53500 upos=975 uneg=180 ball=22.65 vball=-2.65 aball=-3.1 bref=0.00 pid=-80.8 pref=493.2 ppos=501.3 apid=-0.0 integ=28.8 vision=1 current=1 vframe=2845 vs=1 vage=10 vpage=10 vdt=34 vmax=67 vacc=2839 vrej=0 seq=0 elapsed=0 oled=3C
[   2187] STATUS mode=3 fault=none enc=636 denc=0 sreq=-46 sapplied=-46 crate=-46 uimp=50910 upos=975 uneg=220 ball=22.59 vball=-2.40 aball=-3.1 bref=0.00 pid=-45.7 pref=494.1 ppos=498.7 apid=-0.0 integ=28.8 vision=1 current=1 vframe=2846 vs=1 vage=18 vpage=18 vdt=32 vmax=67 vacc=2840 vrej=0 seq=0 elapsed=0 oled=3C
[   2214] STATUS mode=3 fault=none enc=635 denc=0 sreq=-37 sapplied=-37 crate=-37 uimp=50065 upos=975 uneg=240 ball=22.60 vball=-1.65 aball=-3.1 bref=0.00 pid=-37.2 pref=494.1 ppos=497.8 apid=-0.0 integ=28.8 vision=1 current=1 vframe=2847 vs=1 vage=2 vpage=2 vdt=36 vmax=67 vacc=2841 vrej=0 seq=0 elapsed=0 oled=3C
[   2240] STATUS mode=3 fault=none enc=634 denc=0 sreq=0 sapplied=0 crate=0 uimp=49880 upos=975 uneg=245 ball=22.60 vball=-1.65 aball=-4.2 bref=0.00 pid=0.0 pref=497.1 ppos=497.7 apid=-0.0 integ=28.8 vision=1 current=1 vframe=2847 vs=1 vage=22 vpage=22 vdt=36 vmax=67 vacc=2841 vrej=0 seq=0 elapsed=0 oled=3C
[   2267] STATUS mode=3 fault=none enc=639 denc=2 sreq=198 sapplied=198 crate=198 uimp=54170 upos=995 uneg=245 ball=23.18 vball=4.33 aball=-4.2 bref=0.00 pid=198.0 pref=521.7 ppos=501.9 apid=-0.0 integ=28.8 vision=1 current=1 vframe=2848 vs=1 vage=29 vpage=29 vdt=33 vmax=67 vacc=2842 vrej=0 seq=0 elapsed=0 oled=3C
[   2293] STATUS mode=3 fault=none enc=644 denc=2 sreq=283 sapplied=283 crate=283 uimp=59030 upos=1015 uneg=245 ball=23.71 vball=7.51 aball=-4.2 bref=0.00 pid=283.0 pref=535.1 ppos=506.8 apid=-0.0 integ=28.8 vision=1 current=1 vframe=2849 vs=1 vage=15 vpage=15 vdt=34 vmax=67 vacc=2843 vrej=0 seq=0 elapsed=0 oled=3C
[   2320] STATUS mode=3 fault=none enc=652 denc=3 sreq=230 sapplied=230 crate=230 uimp=64280 upos=1035 uneg=245 ball=23.71 vball=5.29 aball=-4.2 bref=0.00 pid=230.5 pref=535.1 ppos=512.1 apid=-0.0 integ=28.8 vision=1 current=1 vframe=2850 vs=1 vage=2 vpage=2 vdt=33 vmax=67 vacc=2844 vrej=0 seq=0 elapsed=0 oled=3C
[   2346] STATUS mode=3 fault=none enc=657 denc=0 sreq=23 sapplied=23 crate=23 uimp=69000 upos=1075 uneg=245 ball=23.68 vball=3.50 aball=28.9 bref=0.00 pid=22.5 pref=519.0 ppos=516.8 apid=0.0 integ=28.8 vision=1 current=1 vframe=2851 vs=1 vage=8 vpage=8 vdt=34 vmax=67 vacc=2845 vrej=0 seq=0 elapsed=0 oled=3C
[   2372] STATUS mode=3 fault=none enc=658 denc=2 sreq=0 sapplied=0 crate=19 uimp=69320 upos=1090 uneg=245 ball=23.68 vball=3.50 aball=28.9 bref=0.00 pid=19.3 pref=519.0 ppos=517.1 apid=0.0 integ=28.8 vision=1 current=1 vframe=2851 vs=1 vage=28 vpage=28 vdt=34 vmax=67 vacc=2845 vrej=0 seq=0 elapsed=0 oled=3C
[   2399] STATUS mode=3 fault=none enc=657 denc=0 sreq=-29 sapplied=-29 crate=-29 uimp=69165 upos=1090 uneg=250 ball=23.66 vball=2.25 aball=28.9 bref=0.00 pid=-29.4 pref=514.0 ppos=516.9 apid=0.0 integ=28.8 vision=1 current=1 vframe=2852 vs=1 vage=15 vpage=15 vdt=33 vmax=67 vacc=2846 vrej=0 seq=0 elapsed=0 oled=3C
[   2426] STATUS mode=3 fault=none enc=656 denc=-1 sreq=-49 sapplied=-49 crate=-49 uimp=67685 upos=1090 uneg=290 ball=23.63 vball=1.40 aball=-1.4 bref=0.00 pid=-48.9 pref=510.6 ppos=515.5 apid=-0.0 integ=28.8 vision=1 current=1 vframe=2853 vs=1 vage=21 vpage=21 vdt=34 vmax=67 vacc=2847 vrej=0 seq=0 elapsed=0 oled=3C
[   2452] STATUS mode=3 fault=none enc=656 denc=0 sreq=-61 sapplied=-61 crate=-61 uimp=66670 upos=1090 uneg=310 ball=23.62 vball=0.86 aball=-1.4 bref=0.00 pid=-60.5 pref=508.4 ppos=514.4 apid=-0.0 integ=28.8 vision=1 current=1 vframe=2854 vs=1 vage=9 vpage=9 vdt=32 vmax=67 vacc=2848 vrej=0 seq=0 elapsed=0 oled=3C
[   2479] STATUS mode=3 fault=none enc=655 denc=0 sreq=-49 sapplied=-49 crate=-49 uimp=65545 upos=1090 uneg=330 ball=23.62 vball=0.86 aball=-1.4 bref=0.00 pid=-49.3 pref=508.4 ppos=513.3 apid=-0.0 integ=28.8 vision=1 current=1 vframe=2854 vs=1 vage=29 vpage=29 vdt=32 vmax=67 vacc=2848 vrej=0 seq=0 elapsed=0 oled=3C
[   2506] STATUS mode=3 fault=none enc=652 denc=0 sreq=-145 sapplied=-145 crate=-145 uimp=63525 upos=1090 uneg=370 ball=23.26 vball=-2.91 aball=-20.8 bref=0.00 pid=-184.2 pref=492.9 ppos=511.3 apid=-0.0 integ=28.8 vision=1 current=1 vframe=2856 vs=1 vage=4 vpage=4 vdt=33 vmax=67 vacc=2850 vrej=0 seq=0 elapsed=0 oled=3C
[   2534] STATUS mode=3 fault=none enc=648 denc=-2 sreq=-152 sapplied=-152 crate=-152 uimp=60275 upos=1090 uneg=390 ball=23.26 vball=-2.91 aball=-20.8 bref=0.00 pid=-151.7 pref=492.9 ppos=508.1 apid=-0.0 integ=28.8 vision=1 current=1 vframe=2856 vs=1 vage=24 vpage=24 vdt=33 vmax=67 vacc=2850 vrej=0 seq=0 elapsed=0 oled=3C
[   2561] STATUS mode=3 fault=none enc=644 denc=-2 sreq=-207 sapplied=-207 crate=-207 uimp=57020 upos=1090 uneg=410 ball=22.93 vball=-5.00 aball=-20.8 bref=0.00 pid=-206.7 pref=484.1 ppos=504.8 apid=-0.0 integ=28.8 vision=1 current=1 vframe=2857 vs=1 vage=10 vpage=10 vdt=34 vmax=67 vacc=2851 vrej=0 seq=0 elapsed=0 oled=3C
[   2588] STATUS mode=3 fault=none enc=636 denc=0 sreq=-122 sapplied=-122 crate=-122 uimp=50320 upos=1090 uneg=450 ball=22.81 vball=-4.51 aball=-20.8 bref=0.00 pid=-121.5 pref=485.9 ppos=498.1 apid=-0.0 integ=28.8 vision=1 current=1 vframe=2858 vs=1 vage=18 vpage=18 vdt=32 vmax=67 vacc=2852 vrej=0 seq=0 elapsed=0 oled=3C
[   2615] STATUS mode=3 fault=none enc=634 denc=0 sreq=-58 sapplied=-58 crate=-58 uimp=48065 upos=1090 uneg=470 ball=22.78 vball=-3.47 aball=-14.0 bref=0.00 pid=-57.7 pref=490.1 ppos=495.8 apid=-0.0 integ=28.8 vision=1 current=1 vframe=2859 vs=1 vage=4 vpage=4 vdt=34 vmax=67 vacc=2853 vrej=0 seq=0 elapsed=0 oled=3C
[   2642] STATUS mode=3 fault=none enc=632 denc=-1 sreq=-47 sapplied=-47 crate=-47 uimp=46995 upos=1090 uneg=490 ball=22.78 vball=-3.47 aball=-14.0 bref=0.00 pid=-47.0 pref=490.1 ppos=494.8 apid=-0.0 integ=28.8 vision=1 current=1 vframe=2859 vs=1 vage=24 vpage=24 vdt=34 vmax=67 vacc=2853 vrej=0 seq=0 elapsed=0 oled=3C
[   2668] STATUS mode=3 fault=none enc=631 denc=0 sreq=0 sapplied=0 crate=0 uimp=46325 upos=1090 uneg=505 ball=22.79 vball=-2.39 aball=-14.0 bref=0.00 pid=0.0 pref=494.4 ppos=494.1 apid=-0.0 integ=28.8 vision=1 current=1 vframe=2860 vs=1 vage=29 vpage=29 vdt=35 vmax=67 vacc=2854 vrej=0 seq=0 elapsed=0 oled=3C
[   2695] STATUS mode=3 fault=none enc=631 denc=0 sreq=46 sapplied=46 crate=46 uimp=46565 upos=1095 uneg=505 ball=22.83 vball=-1.27 aball=-14.0 bref=0.00 pid=45.9 pref=498.9 ppos=494.3 apid=-0.0 integ=28.8 vision=1 current=1 vframe=2861 vs=1 vage=17 vpage=17 vdt=32 vmax=67 vacc=2855 vrej=0 seq=0 elapsed=0 oled=3C
[   2721] STATUS mode=3 fault=none enc=630 denc=0 sreq=37 sapplied=37 crate=37 uimp=47415 upos=1115 uneg=505 ball=23.19 vball=0.63 aball=-14.0 bref=0.00 pid=37.4 pref=498.9 ppos=495.2 apid=-0.0 integ=28.8 vision=1 current=1 vframe=2862 vs=1 vage=2 vpage=2 vdt=35 vmax=67 vacc=2856 vrej=0 seq=0 elapsed=0 oled=3C
[   2748] STATUS mode=3 fault=none enc=634 denc=0 sreq=185 sapplied=185 crate=185 uimp=51620 upos=1155 uneg=505 ball=23.52 vball=3.26 aball=10.4 bref=0.00 pid=184.8 pref=517.9 ppos=499.4 apid=0.0 integ=28.8 vision=1 current=1 vframe=2863 vs=1 vage=9 vpage=9 vdt=33 vmax=67 vacc=2857 vrej=0 seq=0 elapsed=0 oled=3C
[   2774] STATUS mode=3 fault=none enc=638 denc=2 sreq=150 sapplied=150 crate=150 uimp=55050 upos=1175 uneg=505 ball=23.52 vball=3.26 aball=10.4 bref=0.00 pid=150.5 pref=517.9 ppos=502.8 apid=0.0 integ=28.8 vision=1 current=1 vframe=2863 vs=1 vage=29 vpage=29 vdt=33 vmax=67 vacc=2857 vrej=0 seq=0 elapsed=0 oled=3C
[   2801] STATUS mode=3 fault=none enc=642 denc=1 sreq=192 sapplied=192 crate=192 uimp=58585 upos=1195 uneg=505 ball=23.82 vball=5.08 aball=10.4 bref=0.00 pid=191.5 pref=525.5 ppos=506.4 apid=0.0 integ=28.8 vision=1 current=1 vframe=2864 vs=1 vage=15 vpage=15 vdt=34 vmax=67 vacc=2858 vrej=0 seq=0 elapsed=0 oled=3C
[   2828] STATUS mode=3 fault=none enc=650 denc=0 sreq=139 sapplied=139 crate=139 uimp=65245 upos=1235 uneg=505 ball=24.03 vball=5.38 aball=27.1 bref=0.00 pid=139.5 pref=527.0 ppos=513.0 apid=0.0 integ=28.8 vision=1 current=1 vframe=2865 vs=1 vage=22 vpage=22 vdt=33 vmax=67 vacc=2859 vrej=0 seq=0 elapsed=0 oled=3C
[   2854] STATUS mode=3 fault=none enc=652 denc=-1 sreq=68 sapplied=68 crate=68 uimp=67595 upos=1255 uneg=505 ball=24.07 vball=4.17 aball=27.1 bref=0.00 pid=68.0 pref=522.2 ppos=515.4 apid=0.0 integ=28.8 vision=1 current=1 vframe=2866 vs=1 vage=11 vpage=11 vdt=31 vmax=67 vacc=2860 vrej=0 seq=0 elapsed=0 oled=3C
[   2880] STATUS mode=3 fault=none enc=655 denc=0 sreq=55 sapplied=55 crate=55 uimp=68855 upos=1275 uneg=505 ball=24.07 vball=4.17 aball=27.1 bref=0.00 pid=55.4 pref=522.2 ppos=516.6 apid=0.0 integ=28.8 vision=1 current=1 vframe=2866 vs=1 vage=31 vpage=31 vdt=31 vmax=67 vacc=2860 vrej=0 seq=0 elapsed=0 oled=3C
[   2908] STATUS mode=3 fault=none enc=646 denc=-3 sreq=-400 sapplied=-400 crate=-400 uimp=61690 upos=1285 uneg=530 ball=21.75 vball=-13.48 aball=-71.7 bref=0.00 pid=-400.0 pref=448.8 ppos=509.5 apid=-0.0 integ=28.8 vision=1 current=1 vframe=2868 vs=1 vage=4 vpage=4 vdt=33 vmax=67 vacc=2862 vrej=0 seq=0 elapsed=0 oled=3C
[   2935] STATUS mode=3 fault=none enc=636 denc=-3 sreq=-400 sapplied=-400 crate=-400 uimp=53690 upos=1285 uneg=550 ball=21.75 vball=-13.48 aball=-71.7 bref=0.00 pid=-400.0 pref=448.8 ppos=501.5 apid=-0.0 integ=28.8 vision=1 current=1 vframe=2868 vs=1 vage=24 vpage=24 vdt=33 vmax=67 vacc=2862 vrej=0 seq=0 elapsed=0 oled=3C
[   2962] STATUS mode=3 fault=none enc=626 denc=-3 sreq=-337 sapplied=-337 crate=-337 uimp=45915 upos=1285 uneg=570 ball=21.62 vball=-10.65 aball=-71.7 bref=0.00 pid=-337.4 pref=460.0 ppos=493.7 apid=-0.0 integ=28.8 vision=1 current=1 vframe=2869 vs=1 vage=11 vpage=11 vdt=33 vmax=67 vacc=2863 vrej=0 seq=0 elapsed=0 oled=3C
[   2990] STATUS mode=3 fault=none enc=612 denc=-2 sreq=-198 sapplied=-198 crate=-198 uimp=34835 upos=1285 uneg=610 ball=21.34 vball=-9.86 aball=-71.7 bref=0.00 pid=-198.3 pref=462.8 ppos=482.6 apid=-0.0 integ=28.8 vision=1 current=1 vframe=2870 vs=1 vage=17 vpage=17 vdt=34 vmax=67 vacc=2864 vrej=0 seq=0 elapsed=0 oled=3C
[   3017] STATUS mode=3 fault=none enc=607 denc=-1 sreq=-70 sapplied=-70 crate=-70 uimp=31160 upos=1285 uneg=630 ball=21.91 vball=-2.16 aball=11.5 bref=0.00 pid=153.3 pref=494.3 ppos=478.9 apid=0.0 integ=28.8 vision=1 current=1 vframe=2871 vs=1 vage=4 vpage=4 vdt=33 vmax=67 vacc=2865 vrej=0 seq=0 elapsed=0 oled=3C
[   3043] STATUS mode=3 fault=none enc=610 denc=1 sreq=193 sapplied=193 crate=193 uimp=35265 upos=1315 uneg=635 ball=22.06 vball=-0.19 aball=11.5 bref=0.00 pid=192.8 pref=502.3 ppos=483.0 apid=0.0 integ=28.8 vision=1 current=1 vframe=2872 vs=1 vage=11 vpage=11 vdt=33 vmax=67 vacc=2866 vrej=0 seq=0 elapsed=0 oled=3C
[   3070] STATUS mode=3 fault=none enc=615 denc=2 sreq=157 sapplied=157 crate=157 uimp=38840 upos=1335 uneg=635 ball=22.06 vball=-0.19 aball=11.5 bref=0.00 pid=157.1 pref=502.3 ppos=486.6 apid=0.0 integ=28.8 vision=1 current=1 vframe=2872 vs=1 vage=31 vpage=31 vdt=33 vmax=67 vacc=2866 vrej=0 seq=0 elapsed=0 oled=3C
[   3097] STATUS mode=3 fault=none enc=619 denc=1 sreq=147 sapplied=147 crate=147 uimp=42060 upos=1355 uneg=635 ball=22.11 vball=0.34 aball=11.5 bref=0.00 pid=146.7 pref=504.5 ppos=489.8 apid=0.0 integ=28.8 vision=1 current=1 vframe=2873 vs=1 vage=18 vpage=18 vdt=33 vmax=67 vacc=2867 vrej=0 seq=0 elapsed=0 oled=3C
[   3123] STATUS mode=3 fault=none enc=626 denc=1 sreq=99 sapplied=99 crate=99 uimp=47040 upos=1395 uneg=635 ball=22.13 vball=0.39 aball=17.9 bref=0.00 pid=99.1 pref=504.7 ppos=494.8 apid=0.0 integ=28.8 vision=1 current=1 vframe=2874 vs=1 vage=25 vpage=25 vdt=33 vmax=67 vacc=2868 vrej=0 seq=0 elapsed=0 oled=3C
[   3150] STATUS mode=3 fault=none enc=629 denc=2 sreq=-111 sapplied=0 crate=-111 uimp=48450 upos=1410 uneg=635 ball=21.61 vball=-4.35 aball=17.9 bref=0.00 pid=-110.8 pref=485.1 ppos=496.2 apid=0.0 integ=28.8 vision=1 current=1 vframe=2875 vs=1 vage=11 vpage=11 vdt=34 vmax=67 vacc=2869 vrej=0 seq=0 elapsed=0 oled=3C
[   3177] STATUS mode=3 fault=none enc=627 denc=-2 sreq=-95 sapplied=-95 crate=-95 uimp=46870 upos=1410 uneg=650 ball=21.61 vball=-4.35 aball=17.9 bref=0.00 pid=-95.0 pref=485.1 ppos=494.6 apid=0.0 integ=28.8 vision=1 current=1 vframe=2875 vs=1 vage=31 vpage=31 vdt=34 vmax=67 vacc=2869 vrej=0 seq=0 elapsed=0 oled=3C
[   3203] STATUS mode=3 fault=none enc=624 denc=1 sreq=-28 sapplied=-28 crate=-28 uimp=43450 upos=1410 uneg=690 ball=21.41 vball=-3.47 aball=-7.5 bref=0.00 pid=-28.0 pref=488.4 ppos=491.2 apid=-0.0 integ=28.8 vision=1 current=1 vframe=2877 vs=1 vage=5 vpage=5 vdt=33 vmax=67 vacc=2871 vrej=0 seq=0 elapsed=0 oled=3C
[   3230] STATUS mode=3 fault=none enc=624 denc=0 sreq=-23 sapplied=-23 crate=-23 uimp=42930 upos=1410 uneg=710 ball=21.41 vball=-3.47 aball=-7.5 bref=0.00 pid=-22.8 pref=488.4 ppos=490.7 apid=-0.0 integ=28.8 vision=1 current=1 vframe=2877 vs=1 vage=25 vpage=25 vdt=33 vmax=67 vacc=2871 vrej=0 seq=0 elapsed=0 oled=3C
[   3257] STATUS mode=3 fault=none enc=622 denc=-2 sreq=24 sapplied=24 crate=24 uimp=42600 upos=1410 uneg=725 ball=21.41 vball=-2.39 aball=-7.5 bref=0.00 pid=23.7 pref=492.7 ppos=490.4 apid=-0.0 integ=28.8 vision=1 current=1 vframe=2878 vs=1 vage=12 vpage=12 vdt=33 vmax=67 vacc=2872 vrej=0 seq=0 elapsed=0 oled=3C
[   3283] STATUS mode=3 fault=none enc=623 denc=0 sreq=45 sapplied=45 crate=45 uimp=43790 upos=1445 uneg=725 ball=21.43 vball=-1.56 aball=-7.5 bref=0.00 pid=45.2 pref=496.1 ppos=491.6 apid=-0.0 integ=28.8 vision=1 current=1 vframe=2879 vs=1 vage=18 vpage=18 vdt=34 vmax=67 vacc=2873 vrej=0 seq=0 elapsed=0 oled=3C
[   3310] STATUS mode=3 fault=none enc=623 denc=-1 sreq=139 sapplied=139 crate=139 uimp=44630 upos=1465 uneg=725 ball=21.67 vball=0.96 aball=15.8 bref=0.00 pid=140.5 pref=506.5 ppos=492.4 apid=0.0 integ=28.8 vision=1 current=1 vframe=2880 vs=1 vage=5 vpage=5 vdt=33 vmax=67 vacc=2874 vrej=0 seq=0 elapsed=0 oled=3C
[   3336] STATUS mode=3 fault=none enc=626 denc=1 sreq=114 sapplied=114 crate=114 uimp=47230 upos=1485 uneg=725 ball=21.67 vball=0.96 aball=15.8 bref=0.00 pid=114.5 pref=506.5 ppos=495.0 apid=0.0 integ=28.8 vision=1 current=1 vframe=2880 vs=1 vage=25 vpage=25 vdt=33 vmax=67 vacc=2874 vrej=0 seq=0 elapsed=0 oled=3C
[   3363] STATUS mode=3 fault=none enc=631 denc=0 sreq=90 sapplied=90 crate=90 uimp=51495 upos=1525 uneg=725 ball=21.75 vball=1.39 aball=15.8 bref=0.00 pid=90.0 pref=508.3 ppos=499.3 apid=0.0 integ=28.8 vision=1 current=1 vframe=2881 vs=1 vage=32 vpage=32 vdt=33 vmax=67 vacc=2875 vrej=0 seq=0 elapsed=0 oled=3C
[   3389] STATUS mode=3 fault=none enc=634 denc=2 sreq=66 sapplied=66 crate=66 uimp=53085 upos=1545 uneg=725 ball=21.77 vball=1.17 aball=15.8 bref=0.00 pid=65.5 pref=507.4 ppos=500.9 apid=0.0 integ=28.8 vision=1 current=1 vframe=2882 vs=1 vage=16 vpage=16 vdt=36 vmax=67 vacc=2876 vrej=0 seq=0 elapsed=0 oled=3C
[   3415] STATUS mode=3 fault=none enc=635 denc=1 sreq=54 sapplied=54 crate=54 uimp=54300 upos=1565 uneg=725 ball=21.77 vball=0.84 aball=8.2 bref=0.00 pid=54.1 pref=507.5 ppos=502.1 apid=0.0 integ=30.2 vision=1 current=1 vframe=2883 vs=1 vage=4 vpage=4 vdt=32 vmax=67 vacc=2877 vrej=0 seq=0 elapsed=0 oled=3C
[   3441] STATUS mode=3 fault=none enc=635 denc=0 sreq=44 sapplied=44 crate=44 uimp=55300 upos=1585 uneg=725 ball=21.77 vball=0.84 aball=8.2 bref=0.00 pid=44.1 pref=507.5 ppos=503.1 apid=0.0 integ=30.2 vision=1 current=1 vframe=2883 vs=1 vage=24 vpage=24 vdt=32 vmax=67 vacc=2877 vrej=0 seq=0 elapsed=0 oled=3C
[   3468] STATUS mode=3 fault=none enc=637 denc=0 sreq=32 sapplied=32 crate=32 uimp=56855 upos=1625 uneg=725 ball=21.77 vball=0.56 aball=8.2 bref=0.00 pid=31.7 pref=507.8 ppos=504.6 apid=0.0 integ=31.7 vision=1 current=1 vframe=2884 vs=1 vage=31 vpage=31 vdt=33 vmax=67 vacc=2878 vrej=0 seq=0 elapsed=0 oled=3C
[   3494] STATUS mode=3 fault=none enc=640 denc=2 sreq=158 sapplied=158 crate=158 uimp=59385 upos=1645 uneg=725 ball=22.15 vball=4.24 aball=8.2 bref=0.00 pid=158.2 pref=523.0 ppos=507.2 apid=0.0 integ=31.7 vision=1 current=1 vframe=2885 vs=1 vage=18 vpage=18 vdt=33 vmax=67 vacc=2879 vrej=0 seq=0 elapsed=0 oled=3C
[   3521] STATUS mode=3 fault=none enc=643 denc=0 sreq=211 sapplied=211 crate=211 uimp=62320 upos=1665 uneg=725 ball=22.53 vball=6.19 aball=28.6 bref=0.00 pid=211.4 pref=531.2 ppos=510.1 apid=0.0 integ=31.7 vision=1 current=1 vframe=2886 vs=1 vage=4 vpage=4 vdt=34 vmax=67 vacc=2880 vrej=0 seq=0 elapsed=0 oled=3C
[   3547] STATUS mode=3 fault=none enc=652 denc=0 sreq=111 sapplied=111 crate=111 uimp=69280 upos=1705 uneg=725 ball=22.65 vball=5.38 aball=28.6 bref=0.00 pid=110.9 pref=528.1 ppos=517.1 apid=0.0 integ=31.7 vision=1 current=1 vframe=2887 vs=1 vage=9 vpage=9 vdt=35 vmax=67 vacc=2881 vrej=0 seq=0 elapsed=0 oled=3C
[   3574] STATUS mode=3 fault=none enc=655 denc=0 sreq=90 sapplied=90 crate=90 uimp=71335 upos=1725 uneg=725 ball=22.65 vball=5.38 aball=28.6 bref=0.00 pid=90.3 pref=528.1 ppos=519.1 apid=0.0 integ=31.7 vision=1 current=1 vframe=2887 vs=1 vage=29 vpage=29 vdt=35 vmax=67 vacc=2881 vrej=0 seq=0 elapsed=0 oled=3C
[   3600] STATUS mode=3 fault=none enc=656 denc=-1 sreq=386 sapplied=386 crate=386 uimp=74575 upos=1745 uneg=725 ball=23.79 vball=13.26 aball=28.6 bref=0.00 pid=386.8 pref=561.0 ppos=522.4 apid=0.0 integ=31.7 vision=1 current=1 vframe=2888 vs=1 vage=14 vpage=14 vdt=35 vmax=67 vacc=2882 vrej=0 seq=0 elapsed=0 oled=3C
[   3627] STATUS mode=3 fault=none enc=672 denc=1 sreq=226 sapplied=226 crate=226 uimp=86885 upos=1785 uneg=725 ball=24.11 vball=12.22 aball=42.6 bref=0.00 pid=225.9 pref=557.3 ppos=534.7 apid=0.0 integ=31.7 vision=1 current=1 vframe=2889 vs=1 vage=23 vpage=23 vdt=31 vmax=67 vacc=2883 vrej=0 seq=0 elapsed=0 oled=3C
[   3653] STATUS mode=3 fault=none enc=676 denc=0 sreq=66 sapplied=66 crate=66 uimp=90630 upos=1805 uneg=725 ball=24.17 vball=9.15 aball=42.6 bref=0.00 pid=66.4 pref=545.0 ppos=538.4 apid=0.0 integ=31.7 vision=1 current=1 vframe=2890 vs=1 vage=9 vpage=9 vdt=34 vmax=67 vacc=2884 vrej=0 seq=0 elapsed=0 oled=3C
[   3680] STATUS mode=3 fault=none enc=677 denc=1 sreq=54 sapplied=54 crate=54 uimp=91860 upos=1825 uneg=725 ball=24.17 vball=9.15 aball=42.6 bref=0.00 pid=54.1 pref=545.0 ppos=539.6 apid=0.0 integ=31.7 vision=1 current=1 vframe=2890 vs=1 vage=29 vpage=29 vdt=34 vmax=67 vacc=2884 vrej=0 seq=0 elapsed=0 oled=3C
[   3707] STATUS mode=3 fault=none enc=680 denc=1 sreq=-103 sapplied=-103 crate=-103 uimp=92160 upos=1850 uneg=735 ball=24.16 vball=5.30 aball=-9.5 bref=0.00 pid=-103.0 pref=529.6 ppos=539.9 apid=-0.0 integ=31.7 vision=1 current=1 vframe=2892 vs=1 vage=8 vpage=8 vdt=13 vmax=67 vacc=2886 vrej=0 seq=0 elapsed=0 oled=3C
[   3734] STATUS mode=3 fault=none enc=678 denc=1 sreq=-188 sapplied=-188 crate=-188 uimp=90250 upos=1850 uneg=755 ball=23.88 vball=0.13 aball=-9.5 bref=0.00 pid=-294.1 pref=508.6 ppos=538.0 apid=-0.0 integ=31.7 vision=1 current=1 vframe=2893 vs=1 vage=5 vpage=5 vdt=23 vmax=67 vacc=2887 vrej=0 seq=0 elapsed=0 oled=3C
[   3761] STATUS mode=3 fault=none enc=674 denc=-2 sreq=-244 sapplied=-244 crate=-244 uimp=85250 upos=1850 uneg=775 ball=23.88 vball=0.13 aball=-9.5 bref=0.00 pid=-244.1 pref=508.6 ppos=533.0 apid=-0.0 integ=31.7 vision=1 current=1 vframe=2893 vs=1 vage=25 vpage=25 vdt=23 vmax=67 vacc=2887 vrej=0 seq=0 elapsed=0 oled=3C
[   3788] STATUS mode=3 fault=none enc=661 denc=-1 sreq=-229 sapplied=-229 crate=-229 uimp=75080 upos=1850 uneg=815 ball=23.66 vball=-1.96 aball=-9.5 bref=0.00 pid=-228.6 pref=500.0 ppos=522.9 apid=-0.0 integ=31.7 vision=1 current=1 vframe=2894 vs=1 vage=32 vpage=32 vdt=33 vmax=67 vacc=2888 vrej=0 seq=0 elapsed=0 oled=3C
[   3815] STATUS mode=3 fault=none enc=655 denc=-1 sreq=-188 sapplied=-188 crate=-188 uimp=70800 upos=1850 uneg=835 ball=23.58 vball=-2.00 aball=-41.5 bref=0.00 pid=-188.4 pref=499.7 ppos=518.6 apid=-0.0 integ=31.7 vision=1 current=1 vframe=2895 vs=1 vage=19 vpage=19 vdt=33 vmax=67 vacc=2889 vrej=0 seq=0 elapsed=0 oled=3C
[   3843] STATUS mode=3 fault=none enc=650 denc=-2 sreq=-135 sapplied=-135 crate=-135 uimp=67305 upos=1850 uneg=855 ball=23.57 vball=-1.54 aball=-41.5 bref=0.00 pid=-135.2 pref=501.6 ppos=515.1 apid=-0.0 integ=31.7 vision=1 current=1 vframe=2896 vs=1 vage=6 vpage=6 vdt=33 vmax=67 vacc=2890 vrej=0 seq=0 elapsed=0 oled=3C
[   3869] STATUS mode=3 fault=none enc=645 denc=0 sreq=-72 sapplied=-72 crate=-72 uimp=62850 upos=1850 uneg=895 ball=23.57 vball=-1.07 aball=-41.5 bref=0.00 pid=-71.8 pref=503.4 ppos=510.6 apid=-0.0 integ=31.7 vision=1 current=1 vframe=2897 vs=1 vage=12 vpage=12 vdt=34 vmax=67 vacc=2891 vrej=0 seq=0 elapsed=0 oled=3C
[   3896] STATUS mode=3 fault=none enc=643 denc=-1 sreq=-58 sapplied=-58 crate=-58 uimp=61515 upos=1850 uneg=915 ball=23.57 vball=-1.07 aball=-41.5 bref=0.00 pid=-58.5 pref=503.4 ppos=509.3 apid=-0.0 integ=31.7 vision=1 current=1 vframe=2897 vs=1 vage=32 vpage=32 vdt=34 vmax=67 vacc=2891 vrej=0 seq=0 elapsed=0 oled=3C
[   3923] STATUS mode=3 fault=none enc=642 denc=1 sreq=-83 sapplied=-83 crate=-83 uimp=59995 upos=1850 uneg=955 ball=23.43 vball=-2.02 aball=-16.9 bref=0.00 pid=-82.9 pref=499.5 ppos=507.8 apid=-0.0 integ=31.7 vision=1 current=1 vframe=2899 vs=1 vage=7 vpage=7 vdt=33 vmax=67 vacc=2893 vrej=0 seq=0 elapsed=0 oled=3C
[   3950] STATUS mode=3 fault=none enc=640 denc=-1 sreq=-68 sapplied=-68 crate=-68 uimp=58455 upos=1850 uneg=975 ball=23.43 vball=-2.02 aball=-16.9 bref=0.00 pid=-67.5 pref=499.5 ppos=506.2 apid=-0.0 integ=31.7 vision=1 current=1 vframe=2899 vs=1 vage=27 vpage=27 vdt=33 vmax=67 vacc=2893 vrej=0 seq=0 elapsed=0 oled=3C
[   3978] STATUS mode=3 fault=none enc=639 denc=0 sreq=-364 sapplied=-364 crate=-364 uimp=55655 upos=1850 uneg=995 ball=21.90 vball=-14.62 aball=-16.9 bref=0.00 pid=-400.0 pref=447.2 ppos=503.4 apid=-0.0 integ=31.7 vision=1 current=1 vframe=2900 vs=1 vage=13 vpage=13 vdt=34 vmax=67 vacc=2894 vrej=0 seq=0 elapsed=0 oled=3C
[   4005] STATUS mode=3 fault=none enc=619 denc=-3 sreq=-400 sapplied=-400 crate=-400 uimp=39835 upos=1850 uneg=1035 ball=21.40 vball=-14.59 aball=-72.4 bref=0.00 pid=-400.0 pref=446.8 ppos=487.6 apid=-0.0 integ=31.7 vision=1 current=1 vframe=2901 vs=1 vage=21 vpage=21 vdt=32 vmax=67 vacc=2895 vrej=0 seq=0 elapsed=0 oled=3C
[   4033] STATUS mode=3 fault=none enc=609 denc=-3 sreq=-333 sapplied=-333 crate=-333 uimp=32295 upos=1850 uneg=1055 ball=21.40 vball=-14.59 aball=-72.4 bref=0.00 pid=-333.1 pref=446.8 ppos=480.1 apid=-0.0 integ=31.7 vision=1 current=0 vframe=2902 vs=0 vage=41 vpage=7 vdt=32 vmax=67 vacc=2895 vrej=0 seq=0 elapsed=0 oled=3C
[   4060] STATUS mode=3 fault=none enc=601 denc=-1 sreq=-271 sapplied=-271 crate=-271 uimp=26115 upos=1850 uneg=1075 ball=21.40 vball=-14.59 aball=-72.4 bref=0.00 pid=-271.3 pref=446.8 ppos=473.9 apid=-0.0 integ=31.7 vision=1 current=0 vframe=2902 vs=0 vage=61 vpage=27 vdt=32 vmax=67 vacc=2895 vrej=0 seq=0 elapsed=0 oled=3C
[   4087] STATUS mode=3 fault=none enc=594 denc=-1 sreq=-81 sapplied=-81 crate=-81 uimp=20325 upos=1850 uneg=1115 ball=20.04 vball=-16.73 aball=-72.4 bref=0.00 pid=-80.6 pref=460.0 ppos=468.1 apid=-0.0 integ=31.7 vision=1 current=1 vframe=2904 vs=1 vage=1 vpage=1 vdt=33 vmax=67 vacc=2897 vrej=0 seq=0 elapsed=0 oled=3C
[   4115] STATUS mode=3 fault=none enc=591 denc=-2 sreq=-274 sapplied=-274 crate=-274 uimp=16170 upos=1850 uneg=1135 ball=20.04 vball=-16.73 aball=-49.5 bref=0.00 pid=-273.8 pref=436.6 ppos=463.9 apid=-0.0 integ=-0.0 vision=1 current=1 vframe=2904 vs=1 vage=21 vpage=21 vdt=33 vmax=67 vacc=2897 vrej=0 seq=0 elapsed=0 oled=3C
[   4142] STATUS mode=3 fault=none enc=585 denc=-1 sreq=-224 sapplied=-224 crate=-224 uimp=11085 upos=1850 uneg=1155 ball=19.48 vball=-16.59 aball=-49.5 bref=0.00 pid=-224.0 pref=436.5 ppos=458.9 apid=-0.0 integ=-0.0 vision=1 current=1 vframe=2905 vs=1 vage=8 vpage=8 vdt=33 vmax=67 vacc=2898 vrej=0 seq=0 elapsed=0 oled=3C
[   4169] STATUS mode=3 fault=none enc=576 denc=-1 sreq=0 sapplied=0 crate=10 uimp=4790 upos=1850 uneg=1190 ball=19.41 vball=-12.29 aball=-49.5 bref=0.00 pid=10.1 pref=453.6 ppos=452.6 apid=-0.0 integ=-0.0 vision=1 current=1 vframe=2906 vs=1 vage=15 vpage=15 vdt=33 vmax=67 vacc=2899 vrej=0 seq=0 elapsed=0 oled=3C
[   4195] STATUS mode=3 fault=none enc=575 denc=0 sreq=0 sapplied=0 crate=10 uimp=4790 upos=1850 uneg=1190 ball=19.41 vball=-12.29 aball=-49.5 bref=0.00 pid=10.1 pref=453.6 ppos=452.6 apid=-0.0 integ=-0.0 vision=1 current=1 vframe=2906 vs=1 vage=35 vpage=35 vdt=33 vmax=67 vacc=2899 vrej=0 seq=0 elapsed=0 oled=3C
[   4222] STATUS mode=3 fault=none enc=577 denc=1 sreq=162 sapplied=162 crate=162 uimp=6535 upos=1860 uneg=1190 ball=19.47 vball=-8.08 aball=11.3 bref=0.00 pid=161.7 pref=470.5 ppos=454.3 apid=0.0 integ=-0.0 vision=1 current=1 vframe=2907 vs=1 vage=20 vpage=20 vdt=35 vmax=67 vacc=2900 vrej=0 seq=0 elapsed=0 oled=3C
[   4249] STATUS mode=3 fault=none enc=583 denc=1 sreq=107 sapplied=107 crate=107 uimp=11985 upos=1900 uneg=1190 ball=19.47 vball=-8.08 aball=11.3 bref=0.00 pid=107.2 pref=470.5 ppos=459.8 apid=0.0 integ=-0.0 vision=1 current=0 vframe=2908 vs=0 vage=60 vpage=28 vdt=35 vmax=67 vacc=2900 vrej=0 seq=0 elapsed=0 oled=3C
[   4276] STATUS mode=3 fault=none enc=587 denc=2 sreq=194 sapplied=194 crate=194 uimp=15060 upos=1920 uneg=1190 ball=19.38 vball=-5.11 aball=11.3 bref=0.00 pid=194.2 pref=482.3 ppos=462.8 apid=0.0 integ=-0.0 vision=1 current=1 vframe=2909 vs=1 vage=13 vpage=13 vdt=67 vmax=67 vacc=2901 vrej=0 seq=0 elapsed=0 oled=3C
[   4302] STATUS mode=3 fault=none enc=592 denc=2 sreq=158 sapplied=158 crate=158 uimp=18665 upos=1940 uneg=1190 ball=19.38 vball=-5.11 aball=11.3 bref=0.00 pid=158.2 pref=482.3 ppos=466.4 apid=0.0 integ=-0.0 vision=1 current=1 vframe=2909 vs=1 vage=33 vpage=33 vdt=67 vmax=67 vacc=2901 vrej=0 seq=0 elapsed=0 oled=3C
[   4329] STATUS mode=3 fault=none enc=610 denc=3 sreq=400 sapplied=400 crate=400 uimp=32535 upos=1980 uneg=1190 ball=21.42 vball=14.37 aball=106.3 bref=0.00 pid=400.0 pref=562.6 ppos=480.3 apid=0.0 integ=-0.0 vision=1 current=0 vframe=2911 vs=0 vage=39 vpage=9 vdt=34 vmax=67 vacc=2902 vrej=0 seq=0 elapsed=0 oled=3C
[   4356] STATUS mode=3 fault=none enc=621 denc=3 sreq=400 sapplied=400 crate=400 uimp=40535 upos=2000 uneg=1190 ball=21.42 vball=14.37 aball=106.3 bref=0.00 pid=400.0 pref=562.6 ppos=488.3 apid=0.0 integ=-0.0 vision=1 current=0 vframe=2911 vs=0 vage=59 vpage=29 vdt=34 vmax=67 vacc=2902 vrej=0 seq=0 elapsed=0 oled=3C
[   4383] STATUS mode=3 fault=none enc=641 denc=2 sreq=400 sapplied=400 crate=400 uimp=56535 upos=2040 uneg=1190 ball=20.68 vball=-4.45 aball=106.3 bref=0.00 pid=400.0 pref=561.8 ppos=504.3 apid=0.0 integ=-0.0 vision=1 current=1 vframe=2913 vs=1 vage=2 vpage=2 vdt=33 vmax=67 vacc=2904 vrej=0 seq=0 elapsed=0 oled=d=3C
[   4410] STATUS mode=3 fault=none enc=647 denc=0 sreq=0 sapplied=0 crate=0 uimp=61535 upos=2060 uneg=1190 ball=20.68 vball=-4.45 aball=-28.9 bref=0.00 pid=-228.5 pref=486.5 ppos=509.3 apid=-0.0 integ=-0.0 vision=1 current=1 vframe=2913 vs=1 vage=22 vpage=22 vdt=33 vmax=67 vacc=2904 vrej=0 seq=0 elapsed=0 oled=3C
[   4437] STATUS mode=3 fault=none enc=647 denc=-2 sreq=-252 sapplied=-252 crate=-252 uimp=59440 upos=2060 uneg=1200 ball=20.35 vball=-5.47 aball=-28.9 bref=0.00 pid=-252.3 pref=482.0 ppos=507.2 apid=-0.0 integ=-0.0 vision=1 current=1 vframe=2914 vs=1 vage=7 vpage=7 vdt=35 vmax=67 vacc=2905 vrej=0 seq=0 elapsed=0 oled=3C
[   4464] STATUS mode=3 fault=none enc=639 denc=1 sreq=-49 sapplied=-49 crate=-49 uimp=52020 upos=2060 uneg=1240 ball=20.52 vball=-2.30 aball=-28.9 bref=0.00 pid=-49.3 pref=494.9 ppos=499.8 apid=-0.0 integ=-0.0 vision=1 current=1 vframe=2915 vs=1 vage=15 vpage=15 vdt=32 vmax=67 vacc=2906 vrej=0 seq=0 elapsed=0 oled=3C
[   4491] STATUS mode=3 fault=none enc=638 denc=0 sreq=-40 sapplied=-40 crate=-40 uimp=51105 upos=2060 uneg=1260 ball=20.74 vball=0.32 aball=-28.9 bref=0.00 pid=-40.2 pref=494.9 ppos=498.9 apid=-0.0 integ=-0.0 vision=1 current=1 vframe=2916 vs=1 vage=2 vpage=2 vdt=33 vmax=67 vacc=2907 vrej=0 seq=0 elapsed=0 oled=3C
[   4517] STATUS mode=3 fault=none enc=636 denc=0 sreq=63 sapplied=63 crate=63 uimp=51580 upos=2070 uneg=1265 ball=20.74 vball=0.32 aball=5.6 bref=0.00 pid=62.5 pref=505.6 ppos=499.4 apid=0.0 integ=-0.0 vision=1 current=1 vframe=2916 vs=1 vage=22 vpage=22 vdt=33 vmax=67 vacc=2907 vrej=0 seq=0 elapsed=0 oled=3C
[   4543] STATUS mode=3 fault=none enc=639 denc=1 sreq=41 sapplied=41 crate=41 uimp=53685 upos=2110 uneg=1265 ball=20.74 vball=0.32 aball=5.6 bref=0.00 pid=41.5 pref=505.6 ppos=501.5 apid=0.0 integ=-0.0 vision=1 current=0 vframe=2917 vs=0 vage=62 vpage=27 vdt=33 vmax=67 vacc=2907 vrej=0 seq=0 elapsed=0 oled=3C
[   4570] STATUS mode=3 fault=none enc=640 denc=2 sreq=34 sapplied=34 crate=34 uimp=54450 upos=2130 uneg=1265 ball=20.74 vball=0.32 aball=5.6 bref=0.00 pid=33.8 pref=505.6 ppos=502.2 apid=0.0 integ=-0.0 vision=1 current=0 vframe=2918 vs=0 vage=82 vpage=16 vdt=33 vmax=67 vacc=2907 vrej=0 seq=0 elapsed=0 oled=3C
[   4596] STATUS mode=3 fault=none enc=640 denc=0 sreq=28 sapplied=28 crate=28 uimp=55080 upos=2150 uneg=1265 ball=20.99 vball=1.84 aball=5.6 bref=0.00 pid=27.5 pref=505.6 ppos=502.9 apid=0.0 integ=-0.0 vision=1 current=1 vframe=2919 vs=1 vage=2 vpage=2 vdt=100 vmax=100 vacc=2908 vrej=0 seq=0 elapsed=0 oled=3C
[   4623] STATUS mode=3 fault=none enc=642 denc=-1 sreq=74 sapplied=74 crate=74 uimp=57990 upos=2190 uneg=1265 ball=21.08 vball=2.11 aball=9.9 bref=0.00 pid=7.1 pref=512.0 ppos=504.3 apid=0.0 integ=-0.0 vision=1 current=1 vframe=2919 vs=1 vage=22 vpage=22 vdt=100 vmax=100 vacc=2908 vrej=0 seq=0 elapsed=0 oled=3C
[   4649] STATUS mode=3 fault=none enc=644 denc=1 sreq=60 sapplied=60 crate=60 uimp=59365 upos=2210 uneg=1265 ball=21.08 vball=2.11 aball=9.9 bref=0.00 pid=60.4 pref=513.2 ppos=507.1 apid=0.0 integ=-0.0 vision=1 current=1 vframe=2920 vs=1 vage=28 vpage=28 vdt=34 vmax=100 vacc=2909 vrej=0 seq=0 elapsed=0 oled=3C
[   4675] STATUS mode=3 fault=none enc=645 denc=0 sreq=46 sapplied=46 crate=46 uimp=60450 upos=2230 uneg=1265 ball=21.11 vball=1.67 aball=9.9 bref=0.00 pid=46.2 pref=512.8 ppos=508.2 apid=0.0 integ=1.4 vision=1 current=1 vframe=2921 vs=1 vage=15 vpage=15 vdt=33 vmax=100 vacc=2910 vrej=0 seq=0 elapsed=0 oled=3C
[   4701] STATUS mode=3 fault=none enc=646 denc=0 sreq=38 sapplied=38 crate=38 uimp=61310 upos=2250 uneg=1265 ball=21.18 vball=1.84 aball=9.9 bref=0.00 pid=37.6 pref=512.8 ppos=509.1 apid=0.0 integ=1.4 vision=1 current=1 vframe=2922 vs=1 vage=2 vpage=2 vdt=33 vmax=100 vacc=2911 vrej=0 seq=0 elapsed=0 oled=3C
[   4728] STATUS mode=3 fault=none enc=649 denc=1 sreq=40 sapplied=40 crate=40 uimp=63225 upos=2290 uneg=1265 ball=21.20 vball=1.48 aball=5.5 bref=0.00 pid=40.3 pref=515.0 ppos=511.0 apid=0.0 integ=4.2 vision=1 current=1 vframe=2923 vs=1 vage=8 vpage=8 vdt=34 vmax=100 vacc=2912 vrej=0 seq=0 elapsed=0 oled=3C
[   4754] STATUS mode=3 fault=none enc=650 denc=1 sreq=33 sapplied=33 crate=33 uimp=63970 upos=2310 uneg=1265 ball=21.20 vball=1.48 aball=5.5 bref=0.00 pid=32.9 pref=515.0 ppos=511.7 apid=0.0 integ=4.2 vision=1 current=1 vframe=2923 vs=1 vage=28 vpage=28 vdt=34 vmax=100 vacc=2912 vrej=0 seq=0 elapsed=0 oled=3C
[   4780] STATUS mode=3 fault=none enc=650 denc=0 sreq=27 sapplied=27 crate=27 uimp=64585 upos=2330 uneg=1265 ball=21.22 vball=1.14 aball=5.5 bref=0.00 pid=27.4 pref=515.1 ppos=512.4 apid=0.0 integ=5.6 vision=1 current=1 vframe=2924 vs=1 vage=15 vpage=15 vdt=33 vmax=100 vacc=2913 vrej=0 seq=0 elapsed=0 oled=3C
[   4807] STATUS mode=3 fault=none enc=652 denc=1 sreq=21 sapplied=21 crate=21 uimp=65555 upos=2370 uneg=1265 ball=21.22 vball=0.88 aball=-1.3 bref=0.00 pid=21.3 pref=515.5 ppos=513.3 apid=-0.0 integ=7.0 vision=1 current=1 vframe=2925 vs=1 vage=22 vpage=22 vdt=33 vmax=100 vacc=2914 vrej=0 seq=0 elapsed=0 oled=3C
[   4833] STATUS mode=3 fault=none enc=652 denc=-1 sreq=22 sapplied=22 crate=22 uimp=65875 upos=2385 uneg=1265 ball=21.22 vball=0.61 aball=-1.3 bref=0.00 pid=21.7 pref=515.8 ppos=513.7 apid=-0.0 integ=8.5 vision=1 current=1 vframe=2926 vs=1 vage=8 vpage=8 vdt=34 vmax=100 vacc=2915 vrej=0 seq=0 elapsed=0 oled=3C
[   4859] STATUS mode=3 fault=none enc=652 denc=0 sreq=0 sapplied=0 crate=19 uimp=66190 upos=2400 uneg=1265 ball=21.22 vball=0.61 aball=-1.3 bref=0.00 pid=18.6 pref=515.8 ppos=514.0 apid=-0.0 integ=8.5 vision=1 current=1 vframe=2926 vs=1 vage=28 vpage=28 vdt=34 vmax=100 vacc=2915 vrej=0 seq=0 elapsed=0 oled=3C
[   4886] STATUS mode=3 fault=none enc=652 denc=0 sreq=0 sapplied=0 crate=19 uimp=66630 upos=2420 uneg=1265 ball=21.22 vball=0.25 aball=-1.3 bref=0.00 pid=19.3 pref=516.3 ppos=514.4 apid=-0.0 integ=9.8 vision=1 current=1 vframe=2928 vs=1 vage=2 vpage=2 vdt=34 vmax=100 vacc=2917 vrej=0 seq=0 elapsed=0 oled=3C
[   4912] STATUS mode=3 fault=none enc=652 denc=0 sreq=24 sapplied=24 crate=24 uimp=67025 upos=2435 uneg=1265 ball=21.22 vball=0.25 aball=-3.6 bref=0.00 pid=23.8 pref=517.2 ppos=514.8 apid=-0.0 integ=11.3 vision=1 current=1 vframe=2928 vs=1 vage=22 vpage=22 vdt=34 vmax=100 vacc=2917 vrej=0 seq=0 elapsed=0 oled=3C
[   4939] STATUS mode=3 fault=none enc=654 denc=1 sreq=30 sapplied=30 crate=30 uimp=67520 upos=2455 uneg=1265 ball=21.21 vball=0.16 aball=-3.6 bref=0.00 pid=29.6 pref=518.3 ppos=515.3 apid=-0.0 integ=12.7 vision=1 current=1 vframe=2929 vs=1 vage=8 vpage=8 vdt=34 vmax=100 vacc=2918 vrej=0 seq=0 elapsed=0 oled=3C
[   4965] STATUS mode=3 fault=none enc=655 denc=0 sreq=29 sapplied=29 crate=29 uimp=68620 upos=2495 uneg=1265 ball=21.21 vball=0.06 aball=-3.6 bref=0.00 pid=29.0 pref=519.3 ppos=516.4 apid=-0.0 integ=14.2 vision=1 current=1 vframe=2930 vs=1 vage=14 vpage=14 vdt=34 vmax=100 vacc=2919 vrej=0 seq=0 elapsed=0 oled=3C
[   4992] STATUS mode=3 fault=none enc=655 denc=0 sreq=24 sapplied=24 crate=24 uimp=69160 upos=2515 uneg=1265 ball=20.86 vball=-3.09 aball=-3.6 bref=0.00 pid=23.6 pref=519.3 ppos=516.9 apid=-0.0 integ=14.2 vision=1 current=1 vframe=2931 vs=1 vage=1 vpage=1 vdt=33 vmax=100 vacc=2920 vrej=0 seq=0 elapsed=0 oled=3C
[   5019] STATUS mode=3 fault=none enc=657 denc=1 sreq=-85 sapplied=-85 crate=-85 uimp=68365 upos=2520 uneg=1275 ball=20.86 vball=-3.09 aball=-16.8 bref=0.00 pid=-84.9 pref=507.7 ppos=516.1 apid=-0.0 integ=15.5 vision=1 current=1 vframe=2931 vs=1 vage=21 vpage=21 vdt=33 vmax=100 vacc=2920 vrej=0 seq=0 elapsed=0 oled=3C
[   5046] STATUS mode=3 fault=none enc=653 denc=0 sreq=-49 sapplied=-49 crate=-49 uimp=65710 upos=2520 uneg=1315 ball=20.74 vball=-3.17 aball=-16.8 bref=0.00 pid=-49.3 pref=508.6 ppos=513.5 apid=-0.0 integ=16.9 vision=1 current=1 vframe=2932 vs=1 vage=28 vpage=28 vdt=33 vmax=100 vacc=2921 vrej=0 seq=0 elapsed=0 oled=3C
[   5072] STATUS mode=3 fault=none enc=652 denc=0 sreq=0 sapplied=0 crate=0 uimp=65230 upos=2520 uneg=1325 ball=20.72 vball=-2.44 aball=-16.8 bref=0.00 pid=0.0 pref=512.8 ppos=513.0 apid=-0.0 integ=18.3 vision=1 current=1 vframe=2933 vs=1 vage=15 vpage=15 vdt=33 vmax=100 vacc=2922 vrej=0 seq=0 elapsed=0 oled=3C
[   5099] STATUS mode=3 fault=none enc=652 denc=0 sreq=0 sapplied=0 crate=0 uimp=65230 upos=2520 uneg=1325 ball=20.75 vball=-1.45 aball=-16.8 bref=0.00 pid=0.0 pref=512.8 ppos=513.0 apid=-0.0 integ=18.3 vision=1 current=1 vframe=2934 vs=1 vage=1 vpage=1 vdt=34 vmax=100 vacc=2923 vrej=0 seq=0 elapsed=0 oled=3C
[   5125] STATUS mode=3 fault=none enc=653 denc=0 sreq=64 sapplied=64 crate=64 uimp=66750 upos=2550 uneg=1325 ball=20.74 vball=-1.11 aball=-1.9 bref=0.00 pid=63.8 pref=520.9 ppos=514.5 apid=-0.0 integ=21.0 vision=1 current=1 vframe=2935 vs=1 vage=9 vpage=9 vdt=32 vmax=100 vacc=2924 vrej=0 seq=0 elapsed=0 oled=3C
[   5152] STATUS mode=3 fault=none enc=654 denc=-1 sreq=52 sapplied=52 crate=52 uimp=67940 upos=2570 uneg=1325 ball=20.74 vball=-1.11 aball=-1.9 bref=0.00 pid=51.9 pref=520.9 ppos=515.7 apid=-0.0 integ=21.0 vision=1 current=1 vframe=2935 vs=1 vage=29 vpage=29 vdt=32 vmax=100 vacc=2924 vrej=0 seq=0 elapsed=0 oled=3C
[   5179] STATUS mode=3 fault=none enc=655 denc=0 sreq=68 sapplied=68 crate=68 uimp=69175 upos=2590 uneg=1325 ball=20.74 vball=-0.76 aball=-1.9 bref=0.00 pid=67.6 pref=523.7 ppos=517.0 apid=-0.0 integ=22.4 vision=1 current=1 vframe=2936 vs=1 vage=15 vpage=15 vdt=34 vmax=100 vacc=2925 vrej=0 seq=0 elapsed=0 oled=3C
[   5205] STATUS mode=3 fault=none enc=659 denc=1 sreq=66 sapplied=66 crate=66 uimp=71800 upos=2630 uneg=1325 ball=20.75 vball=-0.50 aball=3.2 bref=0.00 pid=66.0 pref=526.2 ppos=519.6 apid=0.0 integ=23.8 vision=1 current=1 vframe=2937 vs=1 vage=21 vpage=21 vdt=34 vmax=100 vacc=2926 vrej=0 seq=0 elapsed=0 oled=3C
[   5231] STATUS mode=3 fault=none enc=660 denc=0 sreq=74 sapplied=74 crate=74 uimp=73130 upos=2650 uneg=1325 ball=20.75 vball=-0.32 aball=3.2 bref=0.00 pid=73.6 pref=528.3 ppos=520.9 apid=0.0 integ=25.2 vision=1 current=1 vframe=2938 vs=1 vage=8 vpage=8 vdt=33 vmax=100 vacc=2927 vrej=0 seq=0 elapsed=0 oled=3C
[   5258] STATUS mode=3 fault=none enc=662 denc=0 sreq=60 sapplied=60 crate=60 uimp=74495 upos=2670 uneg=1325 ball=20.75 vball=-0.32 aball=3.2 bref=0.00 pid=60.0 pref=528.3 ppos=522.3 apid=0.0 integ=25.2 vision=1 current=1 vframe=2938 vs=1 vage=28 vpage=28 vdt=33 vmax=100 vacc=2927 vrej=0 seq=0 elapsed=0 oled=3C
[   5284] STATUS mode=3 fault=none enc=665 denc=0 sreq=61 sapplied=61 crate=61 uimp=77290 upos=2710 uneg=1325 ball=20.80 vball=0.15 aball=3.2 bref=0.00 pid=61.3 pref=531.2 ppos=525.1 apid=0.0 integ=26.6 vision=1 current=1 vframe=2947 vs=1 vage=1 vpage=1 vdt=34 vmax=100 vacc=2936 vrej=0 seq=0 elapsed=0 oled=3C
[   5311] STATUS mode=3 fault=none enc=668 denc=1 sreq=65 sapplied=65 crate=65 uimp=78680 upos=2730 uneg=1325 ball=20.80 vball=0.15 aball=4.7 bref=0.00 pid=65.4 pref=533.0 ppos=526.5 apid=0.0 integ=28.0 vision=1 current=1 vframe=2947 vs=1 vage=21 vpage=21 vdt=34 vmax=100 vacc=2936 vrej=0 seq=0 elapsed=0 oled=3C
[   5337] STATUS mode=3 fault=none enc=670 denc=1 sreq=66 sapplied=66 crate=66 uimp=79955 upos=2750 uneg=1325 ball=20.80 vball=0.14 aball=4.7 bref=0.00 pid=65.9 pref=534.3 ppos=527.7 apid=0.0 integ=29.4 vision=1 current=1 vframe=2948 vs=1 vage=8 vpage=8 vdt=33 vmax=100 vacc=2937 vrej=0 seq=0 elapsed=0 oled=3C
[   5363] STATUS mode=3 fault=none enc=672 denc=-1 sreq=55 sapplied=55 crate=55 uimp=82300 upos=2790 uneg=1325 ball=20.80 vball=0.11 aball=4.7 bref=0.00 pid=55.0 pref=535.6 ppos=530.1 apid=0.0 integ=30.7 vision=1 current=1 vframe=2949 vs=1 vage=15 vpage=15 vdt=33 vmax=100 vacc=2938 vrej=0 seq=0 elapsed=0 oled=3C
[   5390] STATUS mode=3 fault=none enc=673 denc=-1 sreq=45 sapplied=45 crate=45 uimp=83320 upos=2810 uneg=1325 ball=20.83 vball=0.31 aball=4.7 bref=0.00 pid=44.8 pref=535.6 ppos=531.1 apid=0.0 integ=30.7 vision=1 current=1 vframe=2950 vs=1 vage=1 vpage=1 vdt=34 vmax=100 vacc=2939 vrej=0 seq=0 elapsed=0 oled=3C
[   5416] STATUS mode=3 fault=none enc=675 denc=0 sreq=56 sapplied=56 crate=56 uimp=84475 upos=2830 uneg=1325 ball=20.83 vball=0.31 aball=3.3 bref=0.00 pid=55.8 pref=537.8 ppos=532.3 apid=0.0 integ=32.2 vision=1 current=1 vframe=2950 vs=1 vage=21 vpage=21 vdt=34 vmax=100 vacc=2939 vrej=0 seq=0 elapsed=0 oled=3C
[   5442] STATUS mode=3 fault=none enc=676 denc=0 sreq=58 sapplied=58 crate=58 uimp=85575 upos=2850 uneg=1325 ball=20.84 vball=0.29 aball=3.3 bref=0.00 pid=57.9 pref=539.1 ppos=533.4 apid=0.0 integ=33.5 vision=1 current=1 vframe=2951 vs=1 vage=8 vpage=8 vdt=33 vmax=100 vacc=2940 vrej=0 seq=0 elapsed=0 oled=3C
[   5469] STATUS mode=3 fault=none enc=679 denc=0 sreq=49 sapplied=49 crate=49 uimp=87635 upos=2890 uneg=1325 ball=20.84 vball=0.22 aball=3.3 bref=0.00 pid=48.6 pref=540.3 ppos=535.4 apid=0.0 integ=34.9 vision=1 current=1 vframe=2952 vs=1 vage=14 vpage=14 vdt=34 vmax=100 vacc=2941 vrej=0 seq=0 elapsed=0 oled=3C
[   5495] STATUS mode=3 fault=none enc=680 denc=0 sreq=40 sapplied=40 crate=40 uimp=88540 upos=2910 uneg=1325 ball=20.82 vball=-0.02 aball=3.3 bref=0.00 pid=39.6 pref=540.3 ppos=536.3 apid=0.0 integ=34.9 vision=1 current=1 vframe=2953 vs=1 vage=1 vpage=1 vdt=33 vmax=100 vacc=2942 vrej=0 seq=0 elapsed=0 oled=3C
[   5521] STATUS mode=3 fault=none enc=681 denc=1 sreq=36 sapplied=36 crate=36 uimp=89325 upos=2930 uneg=1325 ball=20.82 vball=-0.02 aball=0.3 bref=0.00 pid=35.6 pref=540.7 ppos=537.1 apid=0.0 integ=36.3 vision=1 current=1 vframe=2953 vs=1 vage=21 vpage=21 vdt=33 vmax=100 vacc=2942 vrej=0 seq=0 elapsed=0 oled=3C
[   5548] STATUS mode=3 fault=none enc=682 denc=1 sreq=-39 sapplied=-39 crate=-39 uimp=89330 upos=2950 uneg=1340 ball=20.57 vball=-2.17 aball=0.3 bref=0.00 pid=-39.4 pref=533.2 ppos=537.1 apid=0.0 integ=37.7 vision=1 current=1 vframe=2954 vs=1 vage=27 vpage=27 vdt=34 vmax=100 vacc=2943 vrej=0 seq=0 elapsed=0 oled=3C
[   5575] STATUS mode=3 fault=none enc=681 denc=1 sreq=-47 sapplied=-47 crate=-47 uimp=88440 upos=2950 uneg=1360 ball=20.43 vball=-2.88 aball=0.3 bref=0.00 pid=-47.1 pref=531.5 ppos=536.2 apid=0.0 integ=39.1 vision=1 current=1 vframe=2955 vs=1 vage=14 vpage=14 vdt=33 vmax=100 vacc=2944 vrej=0 seq=0 elapsed=0 oled=3C
[   5602] STATUS mode=3 fault=none enc=679 denc=-1 sreq=-38 sapplied=-38 crate=-38 uimp=87565 upos=2950 uneg=1380 ball=20.36 vball=-2.64 aball=0.3 bref=0.00 pid=-38.4 pref=531.5 ppos=535.3 apid=0.0 integ=39.1 vision=1 current=1 vframe=2956 vs=1 vage=2 vpage=2 vdt=32 vmax=100 vacc=2945 vrej=0 seq=0 elapsed=0 oled=3C
[   5628] STATUS mode=3 fault=none enc=679 denc=0 sreq=25 sapplied=0 crate=25 uimp=87375 upos=2950 uneg=1385 ball=20.35 vball=-1.99 aball=-11.7 bref=0.00 pid=25.4 pref=537.7 ppos=535.2 apid=-0.0 integ=41.8 vision=1 current=1 vframe=2957 vs=1 vage=7 vpage=7 vdt=35 vmax=100 vacc=2946 vrej=0 seq=0 elapsed=0 oled=3C
[   5655] STATUS mode=3 fault=none enc=679 denc=0 sreq=22 sapplied=22 crate=22 uimp=87735 upos=2965 uneg=1385 ball=20.35 vball=-1.99 aball=-11.7 bref=0.00 pid=21.8 pref=537.7 ppos=535.5 apid=-0.0 integ=41.8 vision=1 current=1 vframe=2957 vs=1 vage=27 vpage=27 vdt=35 vmax=100 vacc=2946 vrej=0 seq=0 elapsed=0 oled=3C
[   5682] STATUS mode=3 fault=none enc=680 denc=0 sreq=34 sapplied=34 crate=34 uimp=88320 upos=2985 uneg=1385 ball=20.30 vball=-1.86 aball=-11.7 bref=0.00 pid=34.0 pref=539.5 ppos=536.1 apid=-0.0 integ=43.1 vision=1 current=1 vframe=2958 vs=1 vage=14 vpage=14 vdt=33 vmax=100 vacc=2947 vrej=0 seq=0 elapsed=0 oled=3C
[   5709] STATUS mode=3 fault=none enc=681 denc=1 sreq=42 sapplied=42 crate=42 uimp=89790 upos=3025 uneg=1385 ball=20.26 vball=-1.61 aball=-1.9 bref=0.00 pid=42.2 pref=541.8 ppos=537.6 apid=-0.0 integ=44.5 vision=1 current=1 vframe=2959 vs=1 vage=21 vpage=21 vdt=33 vmax=100 vacc=2948 vrej=0 seq=0 elapsed=0 oled=3C
[   5735] STATUS mode=3 fault=none enc=682 denc=0 sreq=238 sapplied=238 crate=238 uimp=91080 upos=3045 uneg=1385 ball=20.97 vball=5.34 aball=-1.9 bref=0.00 pid=315.8 pref=570.4 ppos=538.9 apid=-0.0 integ=44.5 vision=1 current=1 vframe=2960 vs=1 vage=8 vpage=8 vdt=33 vmax=100 vacc=2949 vrej=0 seq=0 elapsed=0 oled=3C
[   5762] STATUS mode=3 fault=none enc=689 denc=2 sreq=261 sapplied=261 crate=261 uimp=96605 upos=3065 uneg=1385 ball=20.97 vball=5.34 aball=-1.9 bref=0.00 pid=260.6 pref=570.4 ppos=544.4 apid=-0.0 integ=44.5 vision=1 current=1 vframe=2960 vs=1 vage=28 vpage=28 vdt=33 vmax=100 vacc=2949 vrej=0 seq=0 elapsed=0 oled=3C
[   5789] STATUS mode=3 fault=none enc=702 denc=1 sreq=199 sapplied=199 crate=199 uimp=106320 upos=3105 uneg=1385 ball=21.69 vball=8.69 aball=-1.9 bref=0.00 pid=199.0 pref=574.0 ppos=554.1 apid=-0.0 integ=44.5 vision=1 current=1 vframe=2962 vs=1 vage=1 vpage=1 vdt=33 vmax=100 vacc=2951 vrej=0 seq=0 elapsed=0 oled=3C
[   5816] STATUS mode=3 fault=none enc=709 denc=1 sreq=254 sapplied=254 crate=254 uimp=111535 upos=3125 uneg=1385 ball=21.69 vball=8.69 aball=45.3 bref=0.00 pid=253.9 pref=584.7 ppos=559.3 apid=0.0 integ=44.5 vision=1 current=1 vframe=2962 vs=1 vage=21 vpage=21 vdt=33 vmax=100 vacc=2951 vrej=0 seq=0 elapsed=0 oled=3C
[   5843] STATUS mode=3 fault=none enc=715 denc=1 sreq=223 sapplied=223 crate=223 uimp=116330 upos=3145 uneg=1385 ball=22.03 vball=9.01 aball=45.3 bref=0.00 pid=222.8 pref=586.4 ppos=564.1 apid=0.0 integ=44.5 vision=1 current=1 vframe=2963 vs=1 vage=9 vpage=9 vdt=32 vmax=100 vacc=2952 vrej=0 seq=0 elapsed=0 oled=3C
[   5869] STATUS mode=3 fault=none enc=723 denc=0 sreq=75 sapplied=75 crate=75 uimp=123040 upos=3185 uneg=1385 ball=22.10 vball=6.96 aball=45.3 bref=0.00 pid=74.6 pref=578.3 ppos=570.8 apid=0.0 integ=44.5 vision=1 current=1 vframe=2964 vs=1 vage=15 vpage=15 vdt=34 vmax=100 vacc=2953 vrej=0 seq=0 elapsed=0 oled=3C
[   5896] STATUS mode=3 fault=none enc=725 denc=1 sreq=61 sapplied=61 crate=61 uimp=124425 upos=3205 uneg=1385 ball=22.10 vball=4.85 aball=45.3 bref=0.00 pid=60.7 pref=578.3 ppos=572.2 apid=0.0 integ=44.5 vision=1 current=1 vframe=2965 vs=1 vage=1 vpage=1 vdt=34 vmax=100 vacc=2954 vrej=0 seq=0 elapsed=0 oled=3C
[   5923] STATUS mode=3 fault=none enc=726 denc=-1 sreq=-24 sapplied=-24 crate=-24 uimp=124470 upos=3210 uneg=1395 ball=22.10 vball=4.85 aball=7.6 bref=0.00 pid=-24.1 pref=569.8 ppos=572.2 apid=0.0 integ=44.5 vision=1 current=1 vframe=2965 vs=1 vage=21 vpage=21 vdt=34 vmax=100 vacc=2954 vrej=0 seq=0 elapsed=0 oled=3C
[   5950] STATUS mode=3 fault=none enc=726 denc=1 sreq=-62 sapplied=-62 crate=-62 uimp=122320 upos=3210 uneg=1435 ball=22.09 vball=3.38 aball=7.6 bref=0.00 pid=-61.6 pref=563.9 ppos=570.1 apid=0.0 integ=44.5 vision=1 current=1 vframe=2966 vs=1 vage=27 vpage=27 vdt=34 vmax=100 vacc=2955 vrej=0 seq=0 elapsed=0 oled=3C
[   5976] STATUS mode=3 fault=none enc=724 denc=0 sreq=-92 sapplied=-92 crate=-92 uimp=120725 upos=3210 uneg=1455 ball=22.07 vball=2.22 aball=7.6 bref=0.00 pid=-92.2 pref=559.3 ppos=568.5 apid=0.0 integ=44.5 vision=1 current=1 vframe=2967 vs=1 vage=16 vpage=16 vdt=31 vmax=100 vacc=2956 vrej=0 seq=0 elapsed=0 oled=3C
[   6003] STATUS mode=3 fault=none enc=720 denc=-1 sreq=-61sapplied=-75 crate=-75 uimp=119015 upos=3210 uneg=1475 ball=22.07 vball=2.22 aball=7.6 bref=0.00 pid=-75.1 pref=559.3 ppos=566.8 apid=0.0 integ=44.5 vision=1 current=0 vframe=2968 vs=0 vage=36 vpage=2 vdt=31 vmax=100 vacc=2956 vrej=0 seq=0 elapsed=0 oled=3C
[   6030] STATUS mode=3 fault=none enc=718 denc=-2 sreq=-103 sapplied=-103 crate=-103 uimp=116210 upos=3210 uneg=1515 ball=22.02 vball=0.83 aball=-9.5 bref=0.00 pid=-103.3 pref=553.7 ppos=564.0 apid=-0.0 integ=44.5 vision=1 current=1 vframe=2969 vs=1 vage=9 vpage=9 vdt=67 vmax=100 vacc=2957 vrej=0 seq=0 elapsed=0 oled=3C
[   6058] STATUS mode=3 fault=none enc=716 denc=-2 sreq=-84 sapplied=-84 crate=-84 uimp=114295 upos=3210 uneg=1535 ball=22.02 vball=0.83 aball=-9.5 bref=0.00 pid=-84.1 pref=553.7 ppos=562.1 apid=-0.0 integ=44.5 vision=1 current=1 vframe=2969 vs=1 vage=29 vpage=29 vdt=67 vmax=100 vacc=2957 vrej=0 seq=0 elapsed=0 oled=3C
[   6085] STATUS mode=3 fault=none enc=702 denc=-2 sreq=-400 sapplied=-400 crate=-400 uimp=101615 upos=3210 uneg=1575 ball=19.52 vball=-16.73 aball=-9.5 bref=0.00 pid=-400.0 pref=480.4 ppos=549.4 apid=-0.0 integ=44.5 vision=1 current=1 vframe=2971 vs=1 vage=3 vpage=3 vdt=35 vmax=100 vacc=2959 vrej=0 seq=0 elapsed=0 oled=3C
[   6113] STATUS mode=3 fault=none enc=690 denc=-4 sreq=-400 sapplied=-400 crate=-400 uimp=93615 upos=3210 uneg=1595 ball=19.52 vball=-16.73 aball=-9.5 bref=0.00 pid=-400.0 pref=480.4 ppos=541.4 apid=-0.0 integ=44.5 vision=1 current=1 vframe=2971 vs=1 vage=23 vpage=23 vdt=35 vmax=100 vacc=2959 vrej=0 seq=0 elapsed=0 oled=3C
[   6140] STATUS mode=3 fault=none enc=680 denc=-3 sreq=-400 sapplied=-400 crate=-400 uimp=85615 upos=3210 uneg=1615 ball=19.25 vball=-14.16 aball=-72.7 bref=0.00 pid=-400.0 pref=490.4 ppos=533.4 apid=-0.0 integ=44.5 vision=1 current=1 vframe=2972 vs=1 vage=9 vpage=9 vdt=34 vmax=100 vacc=2960 vrej=0 seq=0 elapsed=0 oled=3C
[   6168] STATUS mode=3 fault=none enc=661 denc=-3 sreq=-351 sapplied=-351 crate=-351 uimp=70580 upos=3210 uneg=1655 ball=18.63 vball=-15.76 aball=-72.7 bref=0.00 pid=-351.3 pref=483.2 ppos=518.4 apid=-0.0 integ=44.5 vision=1 current=1 vframe=2973 vs=1 vage=16 vpage=16 vdt=33 vmax=100 vacc=2961 vrej=0 seq=0 elapsed=0 oled=3C
[   6195] STATUS mode=3 fault=none enc=654 denc=-1 sreq=-278 sapplied=-278 crate=-278 uimp=64065 upos=3210 uneg=1675 ball=18.13 vball=-15.40 aball=-72.7 bref=0.00 pid=-277.7 pref=484.1 ppos=511.8 apid=-0.0 integ=-0.0 vision=1 current=1 vframe=2974 vs=1 vage=5 vpage=5 vdt=31 vmax=100 vacc=2962 vrej=0 seq=0 elapsed=0 oled=3C
[   6223] STATUS mode=3 fault=none enc=646 denc=-2 sreq=-226 sapplied=-226 crate=-226 uimp=58910 upos=3210 uneg=1695 ball=18.13 vball=-15.40 aball=-72.7 bref=0.00 pid=-226.2 pref=484.1 ppos=506.7 apid=-0.0 integ=-0.0 vision=1 current=1 vframe=2974 vs=1 vage=25 vpage=25 vdt=31 vmax=100 vacc=2962 vrej=0 seq=0 elapsed=0 oled=3C
[   6250] STATUS mode=3 fault=none enc=636 denc=-1 sreq=-172 sapplied=-172 crate=-172 uimp=50665 upos=3210 uneg=1735 ball=17.58 vball=-15.93 aball=-47.9 bref=0.00 pid=-171.5 pref=481.3 ppos=498.4 apid=-0.0 integ=-0.0 vision=1 current=1 vframe=2975 vs=1 vage=29 vpage=29 vdt=36 vmax=100 vacc=2963 vrej=0 seq=0 elapsed=0 oled=3C
[   6278] STATUS mode=3 fault=none enc=632 denc=-1 sreq=-140 sapplied=-140 crate=-140 uimp=47480 upos=3210 uneg=1755 ball=17.58 vball=-15.93 aball=-47.9 bref=0.00 pid=-139.7 pref=481.3 ppos=495.3 apid=-0.0 integ=-0.0 vision=1 current=0 vframe=2976 vs=0 vage=49 vpage=16 vdt=36 vmax=100 vacc=2963 vrej=0 seq=0 elapsed=0 oled=3C
[   6306] STATUS mode=3 fault=none enc=624 denc=-1 sreq=-174 sapplied=-174 crate=-174 uimp=41430 upos=3210 uneg=1795 ball=16.21 vball=-17.88 aball=-47.9 bref=0.00 pid=-173.6 pref=471.8 ppos=489.2 apid=-0.0 integ=-0.0 vision=1 current=1 vframe=2977 vs=1 vage=22 vpage=22 vdt=67 vmax=100 vacc=2964 vrej=0 seq=0 elapsed=0 oled=3C
[   6333] STATUS mode=3 fault=none enc=618 denc=-3 sreq=-357 sapplied=-357 crate=-357 uimp=37665 upos=3210 uneg=1815 ball=15.01 vball=-23.42 aball=-60.1 bref=0.00 pid=-372.0 pref=448.2 ppos=485.4 apid=-0.0 integ=-0.0 vision=1 current=1 vframe=2978 vs=1 vage=9 vpage=9 vdt=33 vmax=100 vacc=2965 vrej=0 seq=0 elapsed=0 oled=3C
[   6361] STATUS mode=3 fault=none enc=610 denc=-2 sreq=-304 sapplied=-304 crate=-304 uimp=30830 upos=3210 uneg=1835 ball=15.01 vball=-23.42 aball=-60.1 bref=0.00 pid=-303.6 pref=448.2 ppos=478.6 apid=-0.0 integ=-0.0 vision=1 current=1 vframe=2978 vs=1 vage=29 vpage=29 vdt=33 vmax=100 vacc=2965 vrej=0 seq=0 elapsed=0 oled=3C
[   6388] STATUS mode=3 fault=none enc=595 denc=-1 sreq=-242 sapplied=-242 crate=-242 uimp=19150 upos=3210 uneg=1875 ball=13.24 vball=-25.31 aball=-60.1 bref=0.00 pid=-241.9 pref=442.7 ppos=466.9 apid=-0.0 integ=-0.0 vision=1 current=1 vframe=2980 vs=1 vage=2 vpage=2 vdt=33 vmax=100 vacc=2967 vrej=0 seq=0 elapsed=0 oled=3C
[   6416] STATUS mode=3 fault=none enc=589 denc=-1 sreq=-233 sapplied=-233 crate=-233 uimp=14065 upos=3210 uneg=1895 ball=13.24 vball=-25.31 aball=-60.1 bref=0.00 pid=-232.8 pref=438.6 ppos=461.8 apid=-0.0 integ=-0.0 vision=1 current=1 vframe=2980 vs=1 vage=22 vpage=22 vdt=33 vmax=100 vacc=2967 vrej=0 seq=0 elapsed=0 oled=3C
[   6443] STATUS mode=3 fault=none enc=583 denc=-1 sreq=-117 sapplied=-117 crate=-117 uimp=10130 upos=3210 uneg=1915 ball=12.58 vball=-23.20 aball=-32.1 bref=0.00 pid=-117.0 pref=446.2 ppos=457.9 apid=-0.0 integ=-0.0 vision=1 current=1 vframe=2981 vs=1 vage=8 vpage=8 vdt=34 vmax=100 vacc=2968 vrej=0 seq=0 elapsed=0 oled=3C
[   6471] STATUS mode=3 fault=none enc=578 denc=-1 sreq=-199 sapplied=-199 crate=-199 uimp=5030 upos=3210 uneg=1955 ball=11.55 vball=-26.21 aball=-32.1 bref=0.00 pid=-198.7 pref=432.9 ppos=452.8 apid=-0.0 integ=-0.0 vision=1 current=1 vframe=2982 vs=1 vage=16 vpage=16 vdt=32 vmax=100 vacc=2969 vrej=0 seq=0 elapsed=0 oled=3C
[   6498] STATUS mode=3 fault=none enc=574 denc=-1 sreq=-162 sapplied=-162 crate=-162 uimp=1345 upos=3210 uneg=1975 ball=11.55 vball=-26.21 aball=-32.1 bref=0.00 pid=-161.9 pref=432.9 ppos=449.1 apid=-0.0 integ=-0.0 vision=1 current=1 vframe=2982 vs=1 vage=36 vpage=36 vdt=32 vmax=100 vacc=2969 vrej=0 seq=0 elapsed=0 oled=3C
[   6525] STATUS mode=3 fault=none enc=572 denc=0 sreq=185 sapplied=185 crate=185 uimp=225 upos=3210 uneg=1985 ball=11.05 vball=-15.90 aball=15.5 bref=0.00 pid=255.7 pref=473.6 ppos=448.0 apid=0.0 integ=-0.0 vision=1 current=1 vframe=2984 vs=1 vage=9 vpage=9 vdt=31 vmax=100 vacc=2971 vrej=0 seq=0 elapsed=0 oled=3C
[   6552] STATUS mode=3 fault=none enc=577 denc=2 sreq=211 sapplied=211 crate=211 uimp=4660 upos=3230 uneg=1985 ball=11.05 vball=-15.90 aball=15.5 bref=0.00 pid=211.4 pref=473.6 ppos=452.4 apid=0.0 integ=-0.0 vision=1 current=1 vframe=2984 vs=1 vage=29 vpage=29 vdt=31 vmax=100 vacc=2971 vrej=0 seq=0 elapsed=0 oled=3C
[   6579] STATUS mode=3 fault=none enc=583 denc=1 sreq=423 sapplied=423 crate=423 uimp=10230 upos=3250 uneg=1985 ball=11.28 vball=-9.28 aball=15.5 bref=0.00 pid=423.2 pref=500.3 ppos=458.0 apid=0.0 integ=-0.0 vision=1 current=1 vframe=2985 vs=1 vage=16 vpage=16 vdt=33 vmax=100 vacc=2972 vrej=0 seq=0 elapsed=0 oled=3C
[   6606] STATUS mode=3 fault=none enc=603 denc=2 sreq=400 sapplied=400 crate=400 uimp=26080 upos=3290 uneg=1985 ball=11.41 vball=-5.33 aball=15.5 bref=0.00 pid=400.0 pref=516.3 ppos=473.9 apid=0.0 integ=-0.0 vision=1 current=1 vframe=2986 vs=1 vage=23 vpage=23 vdt=33 vmax=100 vacc=2973 vrej=0 seq=0 elapsed=0 oled=3C
[   6633] STATUS mode=3 fault=none enc=614 denc=3 sreq=395 sapplied=395 crate=395 uimp=34000 upos=3310 uneg=1985 ball=11.39 vball=-4.08 aball=61.7 bref=0.00 pid=394.8 pref=521.3 ppos=481.8 apid=0.0 integ=-0.0 vision=1 current=1 vframe=2987 vs=1 vage=9 vpage=9 vdt=34 vmax=100 vacc=2974 vrej=0 seq=0 elapsed=0 oled=3C
[   6659] STATUS mode=3 fault=none enc=624 denc=2 sreq=322 sapplied=322 crate=322 uimp=41325 upos=3330 uneg=1985 ball=11.39 vball=-4.08 aball=61.7 bref=0.00 pid=321.6 pref=521.3 ppos=489.1 apid=0.0 integ=-0.0 vision=1 current=1 vframe=2987 vs=1 vage=29 vpage=29 vdt=34 vmax=100 vacc=2974 vrej=0 seq=0 elapsed=0 oled=3C
[   6659] >>> gain ball 1.2 2.0 2.0 -1
[   6686] STATUS mode=3 fault=none enc=638 denc=2 sreq=294 sapplied=294 crate=294 uimp=52205 upos=3370 uneg=1985 ball=11.35 vball=-2.03 aball=61.7 bref=0.00 pid=294.3 pref=529.4 ppos=500.0 apid=0.0 integ=-0.0 vision=1 current=1 vframe=2989 vs=1 vage=3 vpage=3 vdt=33 vmax=100 vacc=2976 vrej=0 seq=0 elapsed=0 oled=3C
[   6713] STATUS mode=3 fault=none enc=642 denc=0 sreq=0 sapplied=0 crate=-14 uimp=55075 upos=3380 uneg=1985 ball=11.35 vball=-2.03 aball=0.0 bref=0.00 pid=-14.0 pref=501.5 ppos=502.9 apid=0.0 integ=0.0 vision=1 current=1 vframe=2989 vs=1 vage=23 vpage=23 vdt=33 vmax=100 vacc=2976 vrej=0 seq=0 elapsed=0 oled=3C
[   6739] STATUS mode=3 fault=none enc=642 denc=0 sreq=186 sapplied=186 crate=186 uimp=55505 upos=3385 uneg=1985 ball=11.69 vball=1.63 aball=0.0 bref=0.00 pid=379.2 pref=541.2 ppos=503.3 apid=0.0 integ=-0.0 vision=1 current=1 vframe=2990 vs=1 vage=9 vpage=9 vdt=34 vmax=100 vacc=2977 vrej=0 seq=0 elapsed=0 oled=3C
[   6766] STATUS mode=3 fault=none enc=658 denc=2 sreq=372 sapplied=372 crate=372 uimp=68425 upos=3425 uneg=1985 ball=12.38 vball=7.32 aball=0.0 bref=0.00 pid=372.1 pref=553.4 ppos=516.2 apid=0.0 integ=-0.0 vision=1 current=1 vframe=2991 vs=1 vage=16 vpage=16 vdt=33 vmax=100 vacc=2978 vrej=0 seq=0 elapsed=0 oled=3C
[   6766] >>> ball sequence
[   6766] PHASE sequence
[   6793] STATUS mode=3 fault=none enc=667 denc=2 sreq=328 sapplied=328 crate=328 uimp=75325 upos=3445 uneg=1985 ball=12.74 vball=8.33 aball=0.0 bref=0.00 pid=327.6 pref=555.9 ppos=523.1 apid=0.0 integ=-0.0 vision=1 current=1 vframe=2992 vs=1 vage=3 vpage=3 vdt=33 vmax=100 vacc=2979 vrej=0 seq=0 elapsed=0 oled=3C
[   6819] STATUS mode=3 fault=none enc=675 denc=1 sreq=267 sapplied=267 crate=267 uimp=81405 upos=3465 uneg=1985 ball=12.74 vball=8.33 aball=0.0 bref=0.00 pid=266.8 pref=555.9 ppos=529.2 apid=0.0 integ=-0.0 vision=1 current=1 vframe=2992 vs=1 vage=23 vpage=23 vdt=33 vmax=100 vacc=2979 vrej=0 seq=0 elapsed=0 oled=3C
[   6846] STATUS mode=3 fault=none enc=686 denc=1 sreq=160 sapplied=160 crate=160 uimp=89900 upos=3505 uneg=1985 ball=12.89 vball=7.16 aball=24.9 bref=0.00 pid=160.2 pref=553.7 ppos=537.7 apid=0.0 integ=-0.0 vision=1 current=1 vframe=2993 vs=1 vage=29 vpage=29 vdt=34 vmax=100 vacc=2980 vrej=0 seq=0 elapsed=0 oled=3C
[   6873] STATUS mode=3 fault=none enc=689 denc=1 sreq=101 sapplied=101 crate=101 uimp=92550 upos=3525 uneg=1985 ball=12.94 vball=5.49 aball=24.9 bref=0.00 pid=100.9 pref=550.4 ppos=540.3 apid=0.0 integ=-0.0 vision=1 current=1 vframe=2994 vs=1 vage=16 vpage=16 vdt=33 vmax=100 vacc=2981 vrej=0 seq=0 elapsed=0 oled=3C
[   6899] STATUS mode=3 fault=none enc=692 denc=2 sreq=82 sapplied=82 crate=82 uimp=94425 upos=3545 uneg=1985 ball=13.26 vball=6.63 aball=24.9 bref=0.00 pid=82.2 pref=550.4 ppos=542.2 apid=0.0 integ=-0.0 vision=1 current=1 vframe=2995 vs=1 vage=2 vpage=2 vdt=34 vmax=100 vacc=2982 vrej=0 seq=0 elapsed=0 oled=3C
[   6926] STATUS mode=3 fault=none enc=696 denc=0 sreq=50 sapplied=50 crate=50 uimp=97875 upos=3585 uneg=1985 ball=13.34 vball=5.38 aball=5.7 bref=0.00 pid=50.3 pref=550.7 ppos=545.7 apid=0.0 integ=-0.0 vision=1 current=1 vframe=2996 vs=1 vage=9 vpage=9 vdt=33 vmax=100 vacc=2983 vrej=0 seq=0 elapsed=0 oled=3C
[   6952] STATUS mode=3 fault=none enc=697 denc=0 sreq=41 sapplied=41 crate=41 uimp=98805 upos=3605 uneg=1985 ball=13.34 vball=5.38 aball=5.7 bref=0.00 pid=41.0 pref=550.7 ppos=546.6 apid=0.0 integ=-0.0 vision=1 current=1 vframe=2996 vs=1 vage=29 vpage=29 vdt=33 vmax=100 vacc=2983 vrej=0 seq=0 elapsed=0 oled=3C
[   6978] STATUS mode=3 fault=none enc=698 denc=0 sreq=0 sapplied=0 crate=0 uimp=99205 upos=3615 uneg=1985 ball=13.27 vball=3.13 aball=5.7 bref=0.00 pid=0.0 pref=546.1 ppos=547.0 apid=0.0 integ=-0.0 vision=1 current=1 vframe=2997 vs=1 vage=15 vpage=15 vdt=34 vmax=100 vacc=2984 vrej=0 seq=0 elapsed=0 oled=3C
[   7005] STATUS mode=3 fault=none enc=698 denc=0 sreq=-29 sapplied=-29 crate=-29 uimp=98895 upos=3615 uneg=1995 ball=13.24 vball=2.01 aball=5.7 bref=0.00 pid=-28.5 pref=543.8 ppos=546.7 apid=0.0 integ=-0.0 vision=1 current=1 vframe=2998 vs=1 vage=21 vpage=21 vdt=34 vmax=100 vacc=2985 vrej=0 seq=0 elapsed=0 oled=3C
[   7032] STATUS mode=3 fault=none enc=698 denc=0 sreq=-23 sapplied=-23 crate=-23 uimp=98365 upos=3615 uneg=2015 ball=13.24 vball=2.01 aball=5.7 bref=0.00 pid=-23.2 pref=543.8 ppos=546.1 apid=0.0 integ=-0.0 vision=1 current=1 vframe=2998 vs=1 vage=41 vpage=41 vdt=34 vmax=100 vacc=2985 vrej=0 seq=0 elapsed=0 oled=3C
[   7058] STATUS mode=3 fault=none enc=697 denc=0 sreq=-57 sapplied=-57 crate=-57 uimp=97780 upos=3615 uneg=2035 ball=13.07 vball=0.11 aball=-12.9 bref=0.00 pid=-57.4 pref=539.8 ppos=545.6 apid=-0.0 integ=-0.0 vision=1 current=1 vframe=3000 vs=1 vage=4 vpage=4 vdt=9 vmax=100 vacc=2987 vrej=0 seq=0 elapsed=0 oled=3C
[   7086] STATUS mode=3 fault=none enc=693 denc=-2 sreq=-278 sapplied=-278 crate=-278 uimp=93050 upos=3615 uneg=2075 ball=12.01 vball=-12.63 aball=-12.9 bref=0.00 pid=-277.6 pref=513.1 ppos=540.8 apid=-0.0 integ=-0.0 vision=1 current=1 vframe=3001 vs=1 vage=19 vpage=19 vdt=25 vmax=100 vacc=2988 vrej=0 seq=0 elapsed=0 oled=3C
[   7113] STATUS mode=3 fault=none enc=687 denc=-1 sreq=-288 sapplied=-288 crate=-288 uimp=87895 upos=3615 uneg=2095 ball=11.28 vball=-15.28 aball=-12.9 bref=0.00 pid=-287.8 pref=506.9 ppos=535.7 apid=-0.0 integ=-0.0 vision=1 current=1 vframe=3002 vs=1 vage=6 vpage=6 vdt=33 vmax=100 vacc=2989 vrej=0 seq=0 elapsed=0 oled=3C
[   7141] STATUS mode=3 fault=none enc=680 denc=-1 sreq=-234 sapplied=-234 crate=-234 uimp=82555 upos=3615 uneg=2115 ball=11.28 vball=-15.28 aball=-12.9 bref=0.00 pid=-234.4 pref=506.9 ppos=530.3 apid=-0.0 integ=-0.0 vision=1 current=1 vframe=3002 vs=1 vage=26 vpage=26 vdt=33 vmax=100 vacc=2989 vrej=0 seq=0 elapsed=0 oled=3C
[   7169] STATUS mode=3 fault=none enc=672 denc=-1 sreq=-115 sapplied=-115 crate=-115 uimp=76120 upos=3615 uneg=2155 ball=11.09 vball=-12.42 aball=-68.6 bref=0.00 pid=-115.2 pref=512.4 ppos=523.9 apid=-0.0 integ=-0.0 vision=1 current=1 vframe=3003 vs=1 vage=33 vpage=33 vdt=33 vmax=100 vacc=2990 vrej=0 seq=0 elapsed=0 oled=3C
[   7196] STATUS mode=3 fault=none enc=669 denc=0 sreq=-105 sapplied=-105 crate=-105 uimp=73805 upos=3615 uneg=2175 ball=10.62 vball=-12.78 aball=-68.6 bref=0.00 pid=-104.8 pref=511.1 ppos=521.6 apid=-0.0 integ=-0.0 vision=1 current=1 vframe=3004 vs=1 vage=20 vpage=20 vdt=33 vmax=100 vacc=2991 vrej=0 seq=0 elapsed=0 oled=3C
[   7224] STATUS mode=3 fault=none enc=666 denc=-1 sreq=-106 sapplied=-106 crate=-106 uimp=71855 upos=3615 uneg=2195 ball=10.11 vball=-13.49 aball=-68.6 bref=0.00 pid=-105.7 pref=509.1 ppos=519.6 apid=-0.0 integ=-0.0 vision=1 current=1 vframe=3005 vs=1 vage=6 vpage=6 vdt=34 vmax=100 vacc=2992 vrej=0 seq=0 elapsed=0 oled=3C
[   7251] STATUS mode=3 fault=none enc=662 denc=0 sreq=-47 sapplied=-47 crate=-47 uimp=68545 upos=3615 uneg=2235 ball=9.82 vball=-12.05 aball=-36.1 bref=0.00 pid=-47.2 pref=511.6 ppos=516.3 apid=-0.0 integ=-0.0 vision=1 current=1 vframe=3006 vs=1 vage=13 vpage=13 vdt=33 vmax=100 vacc=2993 vrej=0 seq=0 elapsed=0 oled=3C
[   7278] STATUS mode=3 fault=none enc=661 denc=0 sreq=-38 sapplied=-38 crate=-38 uimp=67670 upos=3615 uneg=2255 ball=9.82 vball=-12.05 aball=-36.1 bref=0.00 pid=-38.5 pref=511.6 ppos=515.4 apid=-0.0 integ=-0.0 vision=1 current=1 vframe=3006 vs=1 vage=33 vpage=33 vdt=33 vmax=100 vacc=2993 vrej=0 seq=0 elapsed=0 oled=3C
[   7305] STATUS mode=3 fault=none enc=660 denc=1 sreq=-44 sapplied=-44 crate=-44 uimp=66420 upos=3615 uneg=2295 ball=8.97 vball=-12.45 aball=-36.1 bref=0.00 pid=-44.2 pref=509.8 ppos=514.2 apid=-0.0 integ=-0.0 vision=1 current=1 vframe=3008 vs=1 vage=6 vpage=6 vdt=33 vmax=100 vacc=2995 vrej=0 seq=0 elapsed=0 oled=3C
[   7332] STATUS mode=3 fault=none enc=659 denc=1 sreq=-36 sapplied=-36 crate=-36 uimp=65600 upos=3615 uneg=2315 ball=8.97 vball=-12.45 aball=-36.1 bref=0.00 pid=-36.0 pref=509.8 ppos=513.4 apid=-0.0 integ=-0.0 vision=1 current=1 vframe=3008 vs=1 vage=26 vpage=26 vdt=33 vmax=100 vacc=2995 vrej=0 seq=0 elapsed=0 oled=3C
[   7358] STATUS mode=3 fault=none enc=657 denc=0 sreq=0 sapplied=0 crate=18 uimp=65250 upos=3615 uneg=2325 ball=8.84 vball=-9.84 aball=-9.9 bref=0.00 pid=18.1 pref=514.8 ppos=513.0 apid=-0.0 integ=-0.0 vision=1 current=1 vframe=3009 vs=1 vage=13 vpage=13 vdt=33 vmax=100 vacc=2996 vrej=0 seq=0 elapsed=0 oled=3C
[   7385] STATUS mode=3 fault=none enc=657 denc=0 sreq=69 sapplied=69 crate=69 uimp=65990 upos=3625 uneg=2325 ball=8.84 vball=-6.94 aball=-9.9 bref=0.00 pid=68.7 pref=520.6 ppos=513.8 apid=-0.0 integ=-0.0 vision=1 current=1 vframe=3010 vs=1 vage=20 vpage=20 vdt=33 vmax=100 vacc=2997 vrej=0 seq=0 elapsed=0 oled=3C
[   7411] STATUS mode=3 fault=none enc=658 denc=0 sreq=91 sapplied=91 crate=91 uimp=67265 upos=3645 uneg=2325 ball=8.81 vball=-5.18 aball=-9.9 bref=0.00 pid=90.8 pref=524.1 ppos=515.0 apid=-0.0 integ=-0.0 vision=1 current=1 vframe=3011 vs=1 vage=6 vpage=6 vdt=34 vmax=100 vacc=2998 vrej=0 seq=0 elapsed=0 oled=3C
[   7438] STATUS mode=3 fault=none enc=661 denc=0 sreq=74 sapplied=74 crate=74 uimp=68950 upos=3665 uneg=2325 ball=8.81 vball=-5.18 aball=-9.9 bref=0.00 pid=74.0 pref=524.1 ppos=516.7 apid=-0.0 integ=-0.0 vision=1 current=1 vframe=3011 vs=1 vage=26 vpage=26 vdt=34 vmax=100 vacc=2998 vrej=0 seq=0 elapsed=0 oled=3C
[   7464] STATUS mode=3 fault=none enc=663 denc=0 sreq=0 sapplied=0 crate=16 uimp=70005 upos=3680 uneg=2325 ball=8.40 vball=-7.31 aball=5.8 bref=0.00 pid=15.9 pref=519.4 ppos=517.8 apid=0.0 integ=-0.0 vision=1 current=1 vframe=3012 vs=1 vage=32 vpage=32 vdt=34 vmax=100 vacc=2999 vrej=0 seq=0 elapsed=0 oled=3C
[   7491] STATUS mode=3 fault=none enc=663 denc=0 sreq=-52 sapplied=-52 crate=-52 uimp=69440 upos=3680 uneg=2335 ball=7.78 vball=-10.63 aball=5.8 bref=0.00 pid=-52.3 pref=512.0 ppos=517.2 apid=0.0 integ=-0.0 vision=1 current=1 vframe=3013 vs=1 vage=19 vpage=19 vdt=33 vmax=100 vacc=3000 vrej=0 seq=0 elapsed=0 oled=3C
[   7517] STATUS mode=3 fault=none enc=662 denc=1 sreq=0 sapplied=0 crate=-13 uimp=68470 upos=3680 uneg=2355 ball=7.61 vball=-9.07 aball=5.8 bref=0.00 pid=-13.4 pref=514.9 ppos=516.2 apid=0.0 integ=-0.0 vision=1 current=1 vframe=3014 vs=1 vage=7 vpage=7 vdt=32 vmax=100 vacc=3001 vrej=0 seq=0 elapsed=0 oled=3C
[   7544] STATUS mode=3 fault=none enc=661 denc=1 sreq=-32 sapplied=-32 crate=-32 uimp=68120 upos=3680 uneg=2365 ball=7.22 vball=-9.96 aball=-8.8 bref=0.00 pid=-32.4 pref= ppos=516.2 apid=0.0 integ=-0.0 vision=1 current=1 vframe=3014 vs=1 vage=27 vpage=27 vdt=32 vmax=100 vacc=3001 vrej=0 seq=0 elapsed=0 oled=3C
[   7571] STATUS mode=3 fault=none enc=660 denc=-1 sreq=-26 sapplied=-26 crate=-26 uimp=67520 upos=3680 uneg=2385 ball=7.22 vball=-9.96 aball=-8.8 bref=0.00 pid=-26.4 pref=512.7 ppos=515.3 apid=-0.0 integ=-0.0 vision=1 current=1 vframe=3015 vs=1 vage=33 vpage=33 vdt=34 vmax=100 vacc=3002 vrej=0 seq=0 elapsed=0 oled=3C
[   7598] STATUS mode=3 fault=none enc=659 denc=-1 sreq=-71 sapplied=-71 crate=-71 uimp=66220 upos=3680 uneg=2405 ball=6.60 vball=-12.45 aball=-8.8 bref=0.00 pid=-70.6 pref=506.9 ppos=514.0 apid=-0.0 integ=-0.0 vision=1 current=1 vframe=3016 vs=1 vage=20 vpage=20 vdt=33 vmax=100 vacc=3003 vrej=0 seq=0 elapsed=0 oled=3C
[   7625] STATUS mode=3 fault=none enc=657 denc=-2 sreq=-42 sapplied=-42 crate=-42 uimp=63945 upos=3680 uneg=2445 ball=6.24 vball=-11.95 aball=-8.8 bref=0.00 pid=-42.2 pref=507.5 ppos=511.7 apid=-0.0 integ=-0.0 vision=1 current=1 vframe=3017 vs=1 vage=27 vpage=27 vdt=33 vmax=100 vacc=3004 vrej=0 seq=0 elapsed=0 oled=3C
[   7651] STATUS mode=3 fault=none enc=656 denc=0 sreq=0 sapplied=0 crate=0 uimp=63535 upos=3680 uneg=2455 ball=6.09 vball=-9.73 aball=-3.8 bref=0.00 pid=0.0 pref=511.8 ppos=511.3 apid=-0.0 integ=-0.0 vision=1 current=1 vframe=3018 vs=1 vage=13 vpage=13 vdt=34 vmax=100 vacc=3005 vrej=0 seq=0 elapsed=0 oled=3C
[   7677] STATUS mode=3 fault=none enc=656 denc=0 sreq=0 sapplied=0 crate=0 uimp=63535 upos=3680 uneg=2455 ball=6.09 vball=-9.73 aball=-3.8 bref=0.00 pid=0.0 pref=511.8 ppos=511.3 apid=-0.0 integ=-0.0 vision=1 current=1 vframe=3018 vs=1 vage=33 vpage=33 vdt=34 vmax=100 vacc=3005 vrej=0 seq=0 elapsed=0 oled=3C
[   7704] STATUS mode=3 fault=none enc=656 denc=0 sreq=21 sapplied=0 crate=21 uimp=63535 upos=3680 uneg=2455 ball=5.59 vball=-8.62 aball=-3.8 bref=0.00 pid=20.7 pref=513.4 ppos=11.3 apid=-0.0 integ=-0.0 vision=1 current=1 vframe=3019 vs=1 vage=19 vpage=19 vdt=34 vmax=100 vacc=3006 vrej=0 seq=0 elapsed=0 oled=3C
[   7730] STATUS mode=3 fault=none enc=656 denc=0 sreq=0 sapplied=0 crate=19 uimp=63740 upos=3690 uneg=2455 ball=5.59 vball=-8.62 aball=-3.8 bref=0.00 pid=18.6 pref=513.4 ppos=511.5 apid=-0.0 integ=-0.0 vision=1 current=1 vframe=3020 vs=1 vage=27 vpage=27 vdt=32 vmax=100 vacc=3007 vrej=0 seq=0 elapsed=0 oled=3C
[   7757] STATUS mode=3 fault=none enc=656 denc=0 sreq=58 sapplied=58 crate=58 uimp=64045 upos=3695 uneg=2455 ball=5.54 vball=-6.49 aball=12.3 bref=0.00 pid=57.6 pref=517.6 ppos=511.8 apid=0.0 integ=-0.0 vision=1 current=1 vframe=3021 vs=1 vage=12 vpage=12 vdt=35 vmax=100 vacc=3008 vrej=0 seq=0 elapsed=0 oled=3C
[   7783] STATUS mode=3 fault=none enc=656 denc=0 sreq=47 sapplied=47 crate=47 uimp=65115 upos=3715 uneg=2455 ball=5.54 vball=-6.49 aball=12.3 bref=0.00 pid=46.9 pref=517.6 ppos=512.9 apid=0.0 integ=-0.0 vision=1 current=1 vframe=3021 vs=1 vage=32 vpage=32 vdt=35 vmax=100 vacc=3008 vrej=0 seq=0 elapsed=0 oled=3C
[   7810] STATUS mode=3 fault=none enc=660 denc=1 sreq=115 sapplied=115 crate=115 uimp=69260 upos=3755 uneg=2455 ball=5.90 vball=-1.24 aball=12.3 bref=0.00 pid=114.8 pref=528.5 ppos=517.0 apid=0.0 integ=-0.0 vision=1 current=1 vframe=3023 vs=1 vage=5 vpage=5 vdt=32 vmax=100 vacc=3010 vrej=0 seq=0 elapsed=0 oled=3C
[   7836] STATUS mode=3 fault=none enc=664 denc=2 sreq=93 sapplied=93 crate=93 uimp=71390 upos=3775 uneg=2455 ball=5.90 vball=-1.24 aball=12.3 bref=0.00 pid=93.5 pref=528.5 ppos=519.2 apid=0.0 integ=-0.0 vision=1 current=1 vframe=3023 vs=1 vage=25 vpage=25 vdt=32 vmax=100 vacc=3010 vrej=0 seq=0 elapsed=0 oled=3C
[   7863] STATUS mode=3 fault=none enc=666 denc=2 sreq=71 sapplied=71 crate=71 uimp=73095 upos=3795 uneg=2455 ball=5.82 vball=-1.47 aball=29.1 bref=0.00 pid=70.9 pref=528.0 ppos=520.9 apid=0.0 integ=-0.0 vision=1 current=1 vframe=3024 vs=1 vage=11 vpage=11 vdt=34 vmax=100 vacc=3011 vrej=0 seq=0 elapsed=0 oled=3C
[   7889] STATUS mode=3 fault=none enc=668 denc=0 sreq=47 sapplied=47 crate=47 uimp=75480 upos=3835 uneg=2455 ball=5.82 vball=-1.47 aball=29.1 bref=0.00 pid=47.0 pref=528.0 ppos=523.3 apid=0.0 integ=-0.0 vision=1 current=0 vframe=3025 vs=0 vage=51 vpage=19 vdt=34 vmax=100 vacc=3011 vrej=0 seq=0 elapsed=0 oled=3C
[   7916] STATUS mode=3 fault=none enc=669 denc=1 sreq=38 sapplied=38 crate=38 uimp=76350 upos=3855 uneg=2455 ball=5.82 vball=-1.47 aball=29.1 bref=0.00 pid=38.3 pref=528.0 ppos=524.1 apid=0.0 integ=-0.0 vision=1 current=0 vframe=3026 vs=0 vage=71 vpage=7 vdt=34 vmax=100 vacc=3011 vrej=0 seq=0 elapsed=0 oled=3C
[   7942] STATUS mode=3 fault=none enc=670 denc=0 sreq=31 sapplied=31 crate=31 uimp=77060 upos=3875 uneg=2455 ball=5.82 vball=-1.47 aball=29.1 bref=0.00 pid=31.2 pref=528.0 ppos=524.8 apid=0.0 integ=-0.0 vision=1 current=0 vframe=3026 vs=0 vage=91 vpage=27 vdt=34 vmax=100 vacc=3011 vrej=0 seq=0 elapsed=0 oled=3C
[   7968] STATUS mode=3 fault=none enc=671 denc=0 sreq=21 sapplied=21 crate=21 uimp=78110 upos=3915 uneg=2455 ball=5.82 vball=-1.47 aball=29.1 bref=0.00 pid=20.7 pref=528.0 ppos=525.9 apid=0.0 integ=-0.0 vision=1 current=0 vframe=3037 vs=0 vage=1 vpage=1 vdt=130 vmax=130 vacc=3016 vrej=0 seq=0 elapsed=0 oled=3C
[   7995] STATUS mode=3 fault=none enc=672 denc=0 sreq=0 sapplied=0 crate=19 uimp=78315 upos=3925 uneg=2455 ball=5.82 vball=-1.47 aball=16.0 bref=0.00 pid=18.7 pref=528.0 ppos=526.1 apid=0.0 integ=-0.0 vision=1 current=0 vframe=3037 vs=0 vage=21 vpage=21 vdt=130 vmax=130 vacc=3016 vrej=0 seq=0 elapsed=0 oled=3C
[   8021] STATUS mode=3 fault=none enc=672 denc=0 sreq=0 sapplied=0 crate=19 uimp=78315 upos=3925 uneg=2455 ball=5.82 vball=-1.47 aball=16.0 bref=0.00 pid=18.7 pref=528.0 ppos=526.1 apid=0.0 integ=-0.0 vision=1 current=0 vframe=3038 vs=0 vage=41 vpage=8 vdt=130 vmax=130 vacc=3016 vrej=0 seq=0 elapsed=0 oled=3C
[   8048] STATUS mode=3 fault=none enc=672 denc=0 sreq=0 sapplied=0 crate=19 uimp=78315 upos=3925 uneg=2455 ball=5.82 vball=-1.47 aball=16.0 bref=0.00 pid=18.7 pref=528.0 ppos=526.1 apid=0.0 integ=-0.0 vision=1 current=0 vframe=3039 vs=0 vage=81 vpage=14 vdt=130 vmax=130 vacc=3016 vrej=0 seq=0 elapsed=0 oled=3C
[   8074] STATUS mode=3 fault=none enc=672 denc=0 sreq=0 sapplied=0 crate=19 uimp=78315 upos=3925 uneg=2455 ball=5.82 vball=-1.47 aball=16.0 bref=0.00 pid=18.7 pref=528.0 ppos=526.1 apid=0.0 integ=-0.0 vision=1 current=0 vframe=3040 vs=0 vage=101 vpage=1 vdt=130 vmax=130 vacc=3016 vrej=0 seq=0 elapsed=0 oled=3C
[   8101] STATUS mode=3 fault=none enc=672 denc=0 sreq=0 sapplied=0 crate=19 uimp=78315 upos=3925 uneg=2455 ball=5.82 vball=-1.47 aball=16.0 bref=0.00 pid=18.7 pref=528.0 ppos=526.1 apid=0.0 integ=-0.0 vision=1 current=0 vframe=3040 vs=0 vage=121 vpage=21 vdt=130 vmax=130 vacc=3016 vrej=0 seq=0 elapsed=0 oled=3C
[   8127] STATUS mode=3 fault=none enc=672 denc=0 sreq=0 sapplied=0 crate=0 uimp=78315 upos=3925 uneg=2455 ball=5.82 vball=-1.47 aball=16.0 bref=0.00 pid=18.7 pref=526.1 ppos=526.1 apid=0.0 integ=-0.0 vision=1 current=0 vframe=3041 vs=0 vage=161 vpage=28 vdt=130 vmax=130 vacc=3016 vrej=0 seq=0 elapsed=0 oled=3C
[   8153] STATUS mode=3 fault=none enc=672 denc=0 sreq=0 sapplied=0 crate=0 uimp=78315 upos=3925 uneg=2455 ball=5.82 vball=-1.47 aball=16.0 bref=0.00 pid=18.7 pref=526.1 ppos=526.1 apid=0.0 integ=-0.0 vision=1 current=0 vframe=3042 vs=0 vage=181 vpage=15 vdt=130 vmax=130 vacc=3016 vrej=0 seq=0 elapsed=0 oled=3C
[   8180] STATUS mode=3 fault=none enc=672 denc=0 sreq=0 sapplied=0 crate=0 uimp=78315 upos=3925 uneg=2455 ball=5.82 vball=-1.47 aball=16.0 bref=0.00 pid=18.7 pref=526.1 ppos=526.1 apid=0.0 integ=-0.0 vision=1 current=0 vframe=3042 vs=0 vage=201 vpage=35 vdt=130 vmax=130 vacc=3016 vrej=0 seq=0 elapsed=0 oled=3C
[   8206] STATUS mode=3 fault=none enc=674 denc=2 sreq=119 sapplied=119 crate=119 uimp=79005 upos=3955 uneg=2455 ball=6.97 vball=10.11 aball=9.8 bref=0.00 pid=257.2 pref=552.5 ppos=526.8 apid=0.0 integ=-0.0 vision=1 current=1 vframe=3044 vs=1 vage=7 vpage=7 vdt=33 vmax=201 vacc=3018 vrej=0 seq=0 elapsed=0 oled=3C
[   8233] STATUS mode=3 fault=none enc=678 denc=1 sreq=217 sapplied=217 crate=217 uimp=83035 upos=3975 uneg=2455 ball=6.97 vball=10.11 aball=9.8 bref=0.00 pid=216.9 pref=552.5 ppos=530.8 apid=0.0 integ=-0.0 vision=1 current=1 vframe=3044 vs=1 vage=27 vpage=27 vdt=33 vmax=201 vacc=3018 vrej=0 seq=0 elapsed=0 oled=3C
[   8260] STATUS mode=3 fault=none enc=684 denc=1 sreq=187 sapplied=187 crate=187 uimp=87170 upos=3995 uneg=2455 ball=7.36 vball=10.45 aball=9.8 bref=0.00 pid=187.0 pref=553.6 ppos=534.9 apid=0.0 integ=-0.0 vision=1 current=1 vframe=3045 vs=1 vage=13 vpage=13 vdt=34 vmax=201 vacc=3019 vrej=0 seq=0 elapsed=0 oled=3C
[   8286] STATUS mode=3 fault=none enc=690 denc=1 sreq=71 sapplied=71 crate=71 uimp=92570 upos=4035 uneg=2455 ball=7.36 vball=7.34 aball=43.1 bref=0.00 pid=70.8 pref=547.4 ppos=540.3 apid=0.0 integ=-0.0 vision=1 current=1 vframe=3046 vs=1 vage=20 vpage=20 vdt=33 vmax=201 vacc=3020 vrej=0 seq=0 elapsed=0 oled=3C
[   8312] STATUS mode=3 fault=none enc=691 denc=-1 sreq=0 sapplied=0 crate=0 uimp=93885 upos=4055 uneg=2455 ball=7.29 vball=4.51 aball=43.1 bref=0.00 pid=0.0 pref=541.7 ppos=541.7 apid=0.0 integ=-0.0 vision=1 current=1 vframe=3047 vs=1 vage=7 vpage=7 vdt=33 vmax=201 vacc=3021 vrej=0 seq=0 elapsed=0 oled=3C
[   8338] STATUS mode=3 fault=none enc=693 denc=0 sreq=0 sapplied=0 crate=0 uimp=93885 upos=4055 uneg=2455 ball=7.29 vball=4.51 aball=43.1 bref=0.00 pid=0.0 pref=541.7 ppos=541.7 apid=0.0 integ=-0.0 vision=1 current=1 vframe=3047 vs=1 vage=27 vpage=27 vdt=33 vmax=201 vacc=3021 vrej=0 seq=0 elapsed=0 oled=3C
[   8365] STATUS mode=3 fault=none enc=693 denc=0 sreq=-27 sapplied=-27 crate=-27 uimp=93105 upos=4055 uneg=2480 ball=7.24 vball=2.81 aball=43.1 bref=0.00 pid=-26.6 pref=538.2 ppos=540.9 apid=0.0 integ=-0.0 vision=1 current=1 vframe=3048 vs=1 vage=33 vpage=33 vdt=34 vmax=201 vacc=3022 vrej=0 seq=0 elapsed=0 oled=3C
[   8392] STATUS mode=3 fault=none enc=692 denc=0 sreq=-38 sapplied=-38 crate=-38 uimp=92345 upos=4055 uneg=2500 ball=7.23 vball=1.89 aball=-0.8 bref=0.00 pid=-37.5 pref=536.4 ppos=540.1 apid=-0.0 integ=-0.0 vision=1 current=1 vframe=3049 vs=1 vage=20 vpage=20 vdt=33 vmax=201 vacc=3023 vrej=0 seq=0 elapsed=0 oled=3C
[   8419] STATUS mode=3 fault=none enc=690 denc=-2 sreq=-44 sapplied=-44 crate=-44 uimp=91645 upos=4055 uneg=2520 ball=7.22 vball=1.21 aball=-0.8 bref=0.00 pid=-44.2 pref=535.0 ppos=539.4 apid=-0.0 integ=-0.0 vision=1 current=1 vframe=3050 vs=1 vage=6 vpage=6 vdt=34 vmax=201 vacc=3024 vrej=0 seq=0 elapsed=0 oled=3C
[   8446] STATUS mode=3 fault=none enc=689 denc=0 sreq=-185 sapplied=-185 crate=-185 uimp=88830 upos=4055 uneg=2560 ball=6.34 vball=-6.72 aball=-0.8 bref=0.00 pid=-185.3 pref=518.1 ppos=536.6 apid=-0.0 integ=-0.0 vision=1 current=1 vframe=3051 vs=1 vage=13 vpage=13 vdt=33 vmax=201 vacc=3025 vrej=0 seq=0 elapsed=0 oled=3C
[   8473] STATUS mode=3 fault=none enc=684 denc=-2 sreq=-151 sapplied=-151 crate=-151 uimp=85395 upos=4055 uneg=2580 ball=6.34 vball=-6.72 aball=-0.8 bref=0.00 pid=-150.9 pref=518.1 ppos=533.2 apid=-0.0 integ=-0.0 vision=1 current=1 vframe=3051 vs=1 vage=33 vpage=33 vdt=33 vmax=201 vacc=3025 vrej=0 seq=0 elapsed=0 oled=3C
[   8501] STATUS mode=3 fault=none enc=681 denc=0 sreq=-132 sapplied=-132 crate=-132 uimp=82435 upos=4055 uneg=2600 ball=6.06 vball=-7.11 aball=-41.0 bref=0.00 pid=-132.5 pref=517.0 ppos=530.2 apid=-0.0 integ=-0.0 vision=1 current=1 vframe=3052 vs=1 vage=20 vpage=20 vdt=33 vmax=201 vacc=3026 vrej=0 seq=0 elapsed=0 oled=3C
[   8527] STATUS mode=3 fault=none enc=677 denc=0 sreq=0 sapplied=0 crate=0 uimp=79975 upos=4055 uneg=2620 ball=6.37 vball=-2.13 aball=-41.0 bref=0.00 pid=0.0 pref=527.3 ppos=527.8 apid=-0.0 integ=-0.0 vision=1 current=1 vframe=3053 vs=1 vage=26 vpage=26 vdt=34 vmax=201 vacc=3027 vrej=0 seq=0 elapsed=0 oled=3C
[   8554] STATUS mode=3 fault=none enc=677 denc=0 sreq=114 sapplied=114 crate=114 uimp=80575 upos=4060 uneg=2620 ball=6.95 vball=3.77 aball=-41.0 bref=0.00 pid=114.4 pref=539.8 ppos=528.4 apid=-0.0 integ=-0.0 vision=1 current=1 vframe=3054 vs=1 vage=13 vpage=13 vdt=33 vmax=201 vacc=3028 vrej=0 seq=0 elapsed=0 oled=3C
[   8580] STATUS mode=3 fault=none enc=680 denc=1 sreq=93 sapplied=93 crate=93 uimp=82695 upos=4080 uneg=2620 ball=6.95 vball=3.77 aball=-41.0 bref=0.00 pid=93.2 pref=539.8 ppos=530.5 apid=-0.0 integ=-0.0 vision=1 current=1 vframe=3054 vs=1 vage=33 vpage=33 vdt=33 vmax=201 vacc=3028 vrej=0 seq=0 elapsed=0 oled=3C
[   8607] STATUS mode=3 fault=none enc=685 denc=0 sreq=74 sapplied=74 crate=74 uimp=87020 upos=4120 uneg=2620 ball=7.38 vball=4.70 aball=33.8 bref=0.00 pid=73.7 pref=542.2 ppos=534.8 apid=0.0 integ=-0.0 vision=1 current=1 vframe=3056 vs=1 vage=7 vpage=7 vdt=32 vmax=201 vacc=3030 vrej=0 seq=0 elapsed=0 oled=3C
[   8633] STATUS mode=3 fault=none enc=687 denc=1 sreq=60 sapplied=60 crate=60 uimp=88390 upos=4140 uneg=2620 ball=7.38 vball=4.70 aball=33.8 bref=0.00 pid=60.0 pref=542.2 ppos=536.2 apid=0.0 integ=-0.0 vision=1 current=1 vframe=3056 vs=1 vage=27 vpage=27 vdt=32 vmax=201 vacc=3030 vrej=0 seq=0 elapsed=0 oled=3C
[   8659] STATUS mode=3 fault=none enc=688 denc=0 sreq=31 sapplied=31 crate=31 uimp=89315 upos=4160 uneg=2620 ball=7.42 vball=3.71 aball=33.8 bref=0.00 pid=31.5 pref=540.2 ppos=537.1 apid=0.0 integ=-0.0 vision=1 current=1 vframe=3057 vs=1 vage=13 vpage=13 vdt=34 vmax=201 vacc=3031 vrej=0 seq=0 elapsed=0 oled=3C
[   8686] STATUS mode=3 fault=none enc=688 denc=-1 sreq=0 sapplied=0 crate=0 uimp=90025 upos=4185 uneg=2620 ball=7.44 vball=2.76 aball=6.0 bref=0.00 pid=0.0 pref=538.4 ppos=537.8 apid=0.0 integ=-0.0 vision=1 current=1 vframe=3058 vs=1 vage=20 vpage=20 vdt=33 vmax=201 vacc=3032 vrej=0 seq=0 elapsed=0 oled=3C
[   8712] STATUS mode=3 fault=none enc=688 denc=0 sreq=0 sapplied=0 crate=0 uimp=90025 upos=4185 uneg=2620 ball=7.44 vball=2.76 aball=6.0 bref=0.00 pid=0.0 pref=538.4 ppos=537.8 apid=0.0 integ=-0.0 vision=1 current=1 vframe=3058 vs=1 vage=40 vpage=40 vdt=33 vmax=201 vacc=3032 vrej=0 seq=0 elapsed=0 oled=3C
[   8738] STATUS mode=3 fault=none enc=688 denc=0 sreq=0 sapplied=0 crate=-19 uimp=90025 upos=4185 uneg=2620 ball=7.43 vball=1.56 aball=6.0 bref=0.00 pid=-18.5 pref=535.9 ppos=537.8 apid=0.0 integ=-0.0 vision=1 current=1 vframe=3060 vs=1 vage=7 vpage=7 vdt=10 vmax=201 vacc=3034 vrej=0 seq=0 elapsed=0 oled=3C
[   8765] STATUS mode=3 fault=none enc=688 denc=0 sreq=-43 sapplied=-43 crate=-43 uimp=89800 upos=4185 uneg=2625 ball=7.34 vball=0.28 aball=-10.2 bref=0.00 pid=-43.0 pref=533.3 ppos=537.6 apid=-0.0 integ=-0.0 vision=1 current=1 vframe=3061 vs=1 vage=17 vpage=17 vdt=30 vmax=201 vacc=3035 vrej=0 seq=0 elapsed=0 oled=3C
[   8791] STATUS mode=3 fault=none enc=689 denc=0 sreq=-87 sapplied=-87 crate=-87 uimp=89000 upos=4185 uneg=2645 ball=7.08 vball=-2.19 aball=-10.2 bref=0.00 pid=-87.5 pref=528.0 ppos=536.8 apid=-0.0 integ=-0.0 vision=1 current=1 vframe=3062 vs=1 vage=4 vpage=4 vdt=33 vmax=201 vacc=3036 vrej=0 seq=0 elapsed=0 oled=3C
[   8818] STATUS mode=3 fault=none enc=687 denc=1 sreq=-71 sapplied=-71 crate=-71 uimp=87380 upos=4185 uneg=2665 ball=7.08 vball=-2.19 aball=-10.2 bref=0.00 pid=-71.3 pref=528.0 ppos=535.2 apid=-0.0 integ=-0.0 vision=1 current=1 vframe=3062 vs=1 vage=24 vpage=24 vdt=33 vmax=201 vacc=3036 vrej=0 seq=0 elapsed=0 oled=3C
[   8845] STATUS mode=3 fault=none enc=684 denc=0 sreq=-52 sapplied=-52 crate=-52 uimp=84860 upos=4185 uneg=2705 ball=6.98 vball=-2.41 aball=-10.2 bref=0.00 pid=-51.7 pref=527.5 ppos=532.6 apid=-0.0 integ=-0.0 vision=1 current=1 vframe=3063 vs=1 vage=30 vpage=30 vdt=34 vmax=201 vacc=3037 vrej=0 seq=0 elapsed=0 oled=3C
[   8872] STATUS mode=3 fault=none enc=683 denc=0 sreq=-29 sapplied=-29 crate=-29 uimp=84040 upos=4185 uneg=2725 ball=6.96 vball=-1.92 aball=-15.5 bref=0.00 pid=-29.3 pref=528.9 ppos=531.8 apid=-0.0 integ=0.5 vision=1 current=1 vframe=3064 vs=1 vage=17 vpage=17 vdt=33 vmax=201 vacc=3038 vrej=0 seq=0 elapsed=0 oled=3C
[   8899] STATUS mode=3 fault=none enc=682 denc=0 sreq=0 sapplied=0 crate=-10 uimp=83500 upos=4185 uneg=2745 ball=6.95 vball=-1.46 aball=-15.5 bref=0.00 pid=-10.3 pref=530.3 ppos=531.3 apid=-0.0 integ=0.9 vision=1 current=1 vframe=3065 vs=1 vage=4 vpage=4 vdt=33 vmax=201 vacc=3039 vrej=0 seq=0 elapsed=0 oled=3C
[   8925] STATUS mode=3 fault=none enc=681 denc=0 sreq=0 sapplied=0 crate=-14 uimp=83500 upos=4185 uneg=2745 ball=6.85 vball=-1.82 aball=-15.5 bref=0.00 pid=-14.1 pref=529.9 ppos=531.3 apid=-0.0 integ=1.4 vision=1 current=1 vframe=3066 vs=1 vage=11 vpage=11 vdt=33 vmax=201 vacc=3040 vrej=0 seq=0 elapsed=0 oled=3C
[   8952] STATUS mode=3 fault=none enc=681 denc=0 sreq=0 sapplied=0 crate=-14 uimp=83500 upos=4185 uneg=2745 ball=6.85 vball=-1.82 aball=-15.5 bref=0.00 pid=-14.1 pref=529.9 ppos=531.3 apid=-0.0 integ=1.4 vision=1 current=1 vframe=3066 vs=1 vage=31 vpage=31 vdt=33 vmax=201 vacc=3040 vrej=0 seq=0 elapsed=0 oled=3C
[   8978] STATUS mode=3 fault=none enc=681 denc=0 sreq=0 sapplied=0 crate=12 uimp=83500 upos=4185 uneg=2745 ball=6.91 vball=-0.78 aball=-3.4 bref=0.00 pid=12.1 pref=532.5 ppos=531.3 apid=-0.0 integ=1.8 vision=1 current=1 vframe=3067 vs=1 vage=17 vpage=17 vdt=34 vmax=201 vacc=3041 vrej=0 seq=0 elapsed=0 oled=3C
[   9005] STATUS mode=3 fault=none enc=681 denc=0 sreq=28 sapplied=28 crate=28 uimp=83970 upos=4200 uneg=2745 ball=6.98 vball=-0.00 aball=-3.4 bref=0.00 pid=28.4 pref=534.6 ppos=531.7 apid=-0.0 integ=2.3 vision=1 current=1 vframe=3068 vs=1 vage=24 vpage=24 vdt=33 vmax=201 vacc=3042 vrej=0 seq=0 elapsed=0 oled=3C
[   9031] STATUS mode=3 fault=none enc=682 denc=1 sreq=32 sapplied=32 crate=32 uimp=84540 upos=4220 uneg=2745 ball=7.00 vball=0.19 aball=-3.4 bref=0.00 pid=31.7 pref=535.5 ppos=532.3 apid=-0.0 integ=2.8 vision=1 current=1 vframe=3069 vs=1 vage=9 vpage=9 vdt=35 vmax=201 vacc=3043 vrej=0 seq=0 elapsed=0 oled=3C
[   9057] STATUS mode=3 fault=none enc=683 denc=0 sreq=26 sapplied=26 crate=26 uimp=85130 upos=4240 uneg=2745 ball=7.00 vball=0.19 aball=-3.4 bref=0.00 pid=25.8 pref=535.5 ppos=532.9 apid=-0.0 integ=2.8 vision=1 current=1 vframe=3069 vs=1 vage=29 vpage=29 vdt=35 vmax=201 vacc=3043 vrej=0 seq=0 elapsed=0 oled=3C
[   9084] STATUS mode=3 fault=none enc=683 denc=0 sreq=-81 sapplied=0 crate=-81 uimp=85810 upos=4270 uneg=2745 ball=6.42 vball=-5.56 aball=1.6 bref=0.00 pid=1.0 pref=535.5 ppos=533.4 apid=0.0 integ=3.2 vision=1 current=1 vframe=3077 vs=1 vage=17 vpage=17 vdt=32 vmax=201 vacc=3051 vrej=0 seq=0 elapsed=0 oled=3C
[   9110] STATUS mode=3 fault=none enc=683 denc=-1 sreq=-84 sapplied=-84 crate=-84 uimp=84400 upos=4270 uneg=2760 ball=6.42 vball=-5.56 aball=1.6 bref=0.00 pid=-84.4 pref=523.7 ppos=532.2 apid=0.0 integ=3.2 vision=1 current=1 vframe=3078 vs=1 vage=24 vpage=24 vdt=33 vmax=201 vacc=3052 vrej=0 seq=0 elapsed=0 oled=3C
[   9137] STATUS mode=3 fault=none enc=680 denc=-1 sreq=22 sapplied=22 crate=22 uimp=83200 upos=4270 uneg=2775 ball=6.75 vball=-1.04 aball=1.6 bref=0.00 pid=21.9 pref=533.2 ppos=531.0 apid=0.0 integ=3.2 vision=1 current=1 vframe=3079 vs=1 vage=10 vpage=10 vdt=34 vmax=201 vacc=3053 vrej=0 seq=0 elapsed=0 oled=3C
[   9163] STATUS mode=3 fault=none enc=680 denc=0 sreq=0 sapplied=0 crate=19 uimp=83515 upos=4285 uneg=2775 ball=6.75 vball=-1.04 aball=1.6 bref=0.00 pid=18.8 pref=533.2 ppos=531.3 apid=0.0 integ=3.2 vision=1 current=1 vframe=3079 vs=1 vage=30 vpage=30 vdt=34 vmax=201 vacc=3053 vrej=0 seq=0 elapsed=0 oled=3C
[   9189] STATUS mode=3 fault=none enc=680 denc=0 sreq=62 sapplied=62 crate=62 uimp=83515 upos=4285 uneg=2775 ball=6.84 vball=1.05 aball=-5.8 bref=0.00 pid=61.7 pref=537.5 ppos=531.3 apid=-0.0 integ=3.2 vision=1 current=1 vframe=3081 vs=1 vage=3 vpage=3 vdt=34 vmax=201 vacc=3055 vrej=0 seq=0 elapsed=0 oled=3C
[   9216] STATUS mode=3 fault=none enc=681 denc=1 sreq=50 sapplied=50 crate=50 uimp=84665 upos=4305 uneg=2775 ball=6.84 vball=1.05 aball=-5.8 bref=0.00 pid=50.2 pref=537.5 ppos=532.4 apid=-0.0 integ=3.2 vision=1 current=1 vframe=3081 vs=1 vage=23 vpage=23 vdt=34 vmax=201 vacc=3055 vrej=0 seq=0 elapsed=0 oled=3C
[   9242] STATUS mode=3 fault=none enc=682 denc=1 sreq=49 sapplied=49 crate=49 uimp=85640 upos=4325 uneg=2775 ball=6.92 vball=1.43 aball=-5.8 bref=0.00 pid=49.0 pref=538.3 ppos=533.4 apid=-0.0 integ=3.2 vision=1 current=1 vframe=3082 vs=1 vage=10 vpage=10 vdt=33 vmax=201 vacc=3056 vrej=0 seq=0 elapsed=0 oled=3C
[   9268] STATUS mode=3 fault=none enc=684 denc=1 sreq=28 sapplied=28 crate=28 uimp=87250 upos=4365 uneg=2775 ball=6.95 vball=1.19 aball=8.9 bref=0.00 pid=28.4 pref=537.9 ppos=535.0 apid=0.0 integ=3.2 vision=1 current=1 vframe=3083 vs=1 vage=17 vpage=17 vdt=33 vmax=201 vacc=3057 vrej=0 seq=0 elapsed=0 oled=3C
[   9294] STATUS mode=3 fault=none enc=683 denc=0 sreq=0 sapplied=0 crate=17 uimp=87775 upos=4385 uneg=2775 ball=6.95 vball=0.86 aball=8.9 bref=0.00 pid=16.6 pref=537.2 ppos=535.6 apid=0.0 integ=3.2 vision=1 current=1 vframe=3084 vs=1 vage=3 vpage=3 vdt=34 vmax=201 vacc=3058 vrej=0 seq=0 elapsed=0 oled=3C
[   9320] STATUS mode=3 fault=none enc=684 denc=0 sreq=0 sapplied=0 crate=17 uimp=87775 upos=4385 uneg=2775 ball=6.95 vball=0.86 aball=8.9 bref=0.00 pid=16.6 pref=537.2 ppos=535.6 apid=0.0 integ=3.2 vision=1 current=1 vframe=3084 vs=1 vage=23 vpage=23 vdt=34 vmax=201 vacc=3058 vrej=0 seq=0 elapsed=0 oled=3C
[   9347] STATUS mode=3 fault=none enc=682 denc=-2 sreq=-102 sapplied=-102 crate=-102 uimp=85460 upos=4385 uneg=2795 ball=6.21 vball=-5.76 aball=8.9 bref=0.00 pid=-101.5 pref=523.1 ppos=533.2 apid=0.0 integ=3.2 vision=1 current=1 vframe=3085 vs=1 vage=30 vpage=30 vdt=33 vmax=201 vacc=3059 vrej=0 seq=0 elapsed=0 oled=3C
[   9374] STATUS mode=3 fault=none enc=680 denc=-1 sreq=-91 sapplied=-91 crate=-91 uimp=83485 upos=4385 uneg=2815 ball=5.98 vball=-6.07 aball=-27.8 bref=0.00 pid=-90.7 pref=522.2 ppos=531.3 apid=-0.0 integ=3.2 vision=1 current=1 vframe=3086 vs=1 vage=17 vpage=17 vdt=33 vmax=201 vacc=3060 vrej=0 seq=0 elapsed=0 oled=3C
[   9401] STATUS mode=3 fault=none enc=679 denc=0 sreq=-48 sapplied=-48 crate=-48 uimp=81800 upos=4385 uneg=2835 ball=5.92 vball=-4.75 aball=-27.8 bref=0.00 pid=-48.2 pref=524.8 ppos=529.6 apid=-0.0 integ=3.2 vision=1 current=1 vframe=3087 vs=1 vage=3 vpage=3 vdt=34 vmax=201 vacc=3061 vrej=0 seq=0 elapsed=0 oled=3C
[   9428] STATUS mode=3 fault=none enc=676 denc=-2 sreq=123 sapplied=123 crate=123 uimp=80350 upos=4385 uneg=2870 ball=6.62 vball=2.67 aball=-27.8 bref=0.00 pid=123.1 pref=540.4 ppos=528.1 apid=-0.0 integ=3.2 vision=1 current=1 vframe=3088 vs=1 vage=10 vpage=10 vdt=33 vmax=201 vacc=3062 vrej=0 seq=0 elapsed=0 oled=3C
[   9455] STATUS mode=3 fault=none enc=678 denc=0 sreq=100 sapplied=100 crate=100 uimp=82635 upos=4405 uneg=2870 ball=6.62 vball=2.67 aball=-27.8 bref=0.00 pid=100.2 pref=540.4 ppos=530.4 apid=-0.0 integ=3.2 vision=1 current=1 vframe=3088 vs=1 vage=30 vpage=30 vdt=33 vmax=201 vacc=3062 vrej=0 seq=0 elapsed=0 oled=3C
[   9482] STATUS mode=3 fault=none enc=680 denc=0 sreq=120 sapplied=120 crate=120 uimp=84905 upos=4425 uneg=2870 ball=6.94 vball=4.58 aball=32.7 bref=0.00 pid=119.6 pref=544.6 ppos=532.7 apid=0.0 integ=3.2 vision=1 current=1 vframe=3089 vs=1 vage=17 vpage=17 vdt=33 vmax=201 vacc=3063 vrej=0 seq=0 elapsed=0 oled=3C
[   9508] STATUS mode=3 fault=none enc=685 denc=0 sreq=71 sapplied=71 crate=71 uimp=88740 upos=4465 uneg=2870 ball=7.02 vball=4.01 aball=32.7 bref=0.00 pid=70.8 pref=543.6 ppos=536.5 apid=0.0 integ=3.2 vision=1 current=1 vframe=3090 vs=1 vage=24 vpage=24 vdt=33 vmax=201 vacc=3064 vrej=0 seq=0 elapsed=0 oled=3C
[   9534] STATUS mode=3 fault=none enc=686 denc=0 sreq=37 sapplied=37 crate=37 uimp=89945 upos=4485 uneg=2870 ball=7.04 vball=2.92 aball=32.7 bref=0.00 pid=37.2 pref=541.4 ppos=537.7 apid=0.0 integ=3.2 vision=1 current=1 vframe=3091 vs=1 vage=9 vpage=9 vdt=35 vmax=201 vacc=3065 vrej=0 seq=0 elapsed=0 oled=3C
[   9560] STATUS mode=3 fault=none enc=687 denc=0 sreq=30 sapplied=30 crate=30 uimp=90635 upos=4505 uneg=2870 ball=7.04 vball=2.92 aball=32.7 bref=0.00 pid=30.3 pref=541.4 ppos=538.4 apid=0.0 integ=3.2 vision=1 current=1 vframe=3091 vs=1 vage=29 vpage=29 vdt=35 vmax=201 vacc=3065 vrej=0 seq=0 elapsed=0 oled=3C
[   9587] STATUS mode=3 fault=none enc=688 denc=1 sreq=-131 sapplied=-131 crate=-131 uimp=89050 upos=4515 uneg=2895 ball=6.14 vball=-5.40 aball=-12.8 bref=0.00 pid=-131.1 pref=523.7 ppos=536.8 apid=-0.0 integ=3.2 vision=1 current=1 vframe=3093 vs=1 vage=3 vpage=3 vdt=33 vmax=201 vacc=3067 vrej=0 seq=0 elapsed=0 oled=3C
[   9615] STATUS mode=3 fault=none enc=684 denc=-1 sreq=-107 sapplied=-107 crate=-107 uimp=86620 upos=4515 uneg=2915 ball=6.14 vball=-5.40 aball=-12.8 bref=0.00 pid=-106.8 pref=523.7 ppos=534.4 apid=-0.0 integ=3.2 vision=1 current=1 vframe=3093 vs=1 vage=23 vpage=23 vdt=33 vmax=201 vacc=3067 vrej=0 seq=0 elapsed=0 oled=3C
[   9642] STATUS mode=3 fault=none enc=681 denc=-1 sreq=0 sapplied=0 crate=-11 uimp=85100 upos=4515 uneg=2930 ball=6.35 vball=-1.50 aball=-12.8 bref=0.00 pid=-11.1 pref=531.8 ppos=532.9 apid=-0.0 integ=3.2 vision=1 current=1 vframe=3094 vs=1 vage=10 vpage=10 vdt=33 vmax=201 vacc=3068 vrej=0 seq=0 elapsed=0 oled=3C
[   9668] STATUS mode=3 fault=none enc=681 denc=0 sreq=65 sapplied=65 crate=65 uimp=85445 upos=4520 uneg=2930 ball=6.75 vball=2.26 aball=13.6 bref=0.00 pid=65.5 pref=539.8 ppos=533.2 apid=0.0 integ=3.2 vision=1 current=1 vframe=3095 vs=1 vage=16 vpage=16 vdt=34 vmax=201 vacc=3069 vrej=0 seq=0 elapsed=0 oled=3C
[   9694] STATUS mode=3 fault=none enc=682 denc=0 sreq=64 sapplied=64 crate=64 uimp=86655 upos=4540 uneg=2930 ball=6.87 vball=2.71 aball=13.6 bref=0.00 pid=63.8 pref=540.8 ppos=534.4 apid=0.0 integ=3.2 vision=1 current=1 vframe=3096 vs=1 vage=4 vpage=4 vdt=32 vmax=201 vacc=3070 vrej=0 seq=0 elapsed=0 oled=3C
[   9720] STATUS mode=3 fault=none enc=684 denc=0 sreq=52 sapplied=52 crate=52 uimp=87845 upos=4560 uneg=2930 ball=6.87 vball=2.71 aball=13.6 bref=0.00 pid=51.9 pref=540.8 ppos=535.6 apid=0.0 integ=3.2 vision=1 current=1 vframe=3096 vs=1 vage=24 vpage=24 vdt=32 vmax=201 vacc=3070 vrej=0 seq=0 elapsed=0 oled=3C
[   9747] STATUS mode=3 fault=none enc=685 denc=0 sreq=27 sapplied=27 crate=27 uimp=89360 upos=4600 uneg=2930 ball=6.90 vball=2.18 aball=13.6 bref=0.00 pid=26.5 pref=539.8 ppos=537.1 apid=0.0 integ=3.2 vision=1 current=1 vframe=3097 vs=1 vage=31 vpage=31 vdt=33 vmax=201 vacc=3071 vrej=0 seq=0 elapsed=0 oled=3C
[   9773] STATUS mode=3 fault=none enc=686 denc=0 sreq=0 sapplied=0 crate=11 uimp=89620 upos=4610 uneg=2930 ball=6.91 vball=1.55 aball=4.3 bref=0.00 pid=11.5 pref=538.5 ppos=537.4 apid=0.0 integ=3.2 vision=1 current=1 vframe=3098 vs=1 vage=17 vpage=17 vdt=34 vmax=201 vacc=3072 vrej=0 seq=0 elapsed=0 oled=3C
[   9799] STATUS mode=3 fault=none enc=686 denc=0 sreq=-89 sapplied=0 crate=-89 uimp=89620 upos=4610 uneg=2930 ball=6.22 vball=-4.98 aball=4.3 bref=0.00 pid=-127.4 pref=524.7 ppos=537.4 apid=0.0 integ=3.2 vision=1 current=1 vframe=3099 vs=1 vage=4 vpage=4 vdt=33 vmax=201 vacc=3073 vrej=0 seq=0 elapsed=0 oled=3C
[   9826] STATUS mode=3 fault=none enc=682 denc=-1 sreq=-101 sapplied=-101 crate=-101 uimp=85715 upos=4610 uneg=2965 ball=5.99 vball=-5.48 aball=4.3 bref=0.00 pid=-101.1 pref=523.4 ppos=533.5 apid=0.0 integ=3.2 vision=1 current=1 vframe=3100 vs=1 vage=11 vpage=11 vdt=33 vmax=201 vacc=3074 vrej=0 seq=0 elapsed=0 oled=3C
[   9853] STATUS mode=3 fault=none enc=680 denc=0 sreq=-82 sapplied=-82 crate=-82 uimp=83840 upos=4610 uneg=2985 ball=5.99 vball=-5.48 aball=4.3 bref=0.00 pid=-82.4 pref=523.4 ppos=531.6 apid=0.0 integ=3.2 vision=1 current=1 vframe=3100 vs=1 vage=31 vpage=31 vdt=33 vmax=201 vacc=3074 vrej=0 seq=0 elapsed=0 oled=3C
[   9880] STATUS mode=3 fault=none enc=679 denc=0 sreq=-47 sapplied=-47 crate=-47 uimp=82530 upos=4610 uneg=3005 ball=5.93 vball=-4.34 aball=-24.2 bref=0.00 pid=-47.2 pref=525.6 ppos=530.3 apid=-0.0 integ=3.2 vision=1 current=1 vframe=3101 vs=1 vage=17 vpage=17 vdt=34 vmax=201 vacc=3075 vrej=0 seq=0 elapsed=0 oled=3C
[   9906] STATUS mode=3 fault=none enc=677 denc=0 sreq=0 sapplied=0 crate=-19 uimp=81220 upos=4610 uneg=3045 ball=5.87 vball=-3.56 aball=-24.2 bref=0.00 pid=-19.2 pref=527.1 ppos=529.0 apid=-0.0 integ=3.2 vision=1 current=1 vframe=3102 vs=1 vage=24 vpage=24 vdt=33 vmax=201 vacc=3076 vrej=0 seq=0 elapsed=0 oled=3C
[   9933] STATUS mode=3 fault=none enc=677 denc=0 sreq=0 sapplied=0 crate=0 uimp=81220 upos=4610 uneg=3045 ball=5.87 vball=-2.50 aball=-24.2 bref=0.00 pid=0.0 pref=529.2 ppos=529.0 apid=-0.0 integ=3.2 vision=1 current=1 vframe=3103 vs=1 vage=10 vpage=10 vdt=34 vmax=201 vacc=3077 vrej=0 seq=0 elapsed=0 oled=3C
[   9959] STATUS mode=3 fault=none enc=677 denc=0 sreq=0 sapplied=0 crate=0 uimp=81220 upos=4610 uneg=3045 ball=5.87 vball=-2.50 aball=-24.2 bref=0.00 pid=0.0 pref=529.2 ppos=529.0 apid=-0.0 integ=3.2 vision=1 current=1 vframe=3103 vs=1 vage=30 vpage=30 vdt=34 vmax=201 vacc=3077 vrej=0 seq=0 elapsed=0 oled=3C
[   9985] STATUS mode=3 fault=none enc=677 denc=0 sreq=31 sapplied=0 crate=31 uimp=81220 upos=4610 uneg=3045 ball=5.90 vball=-1.07 aball=-1.4 bref=0.00 pid=30.9 pref=532.1 ppos=529.0 apid=-0.0 integ=3.2 vision=1 current=1 vframe=3105 vs=1 vage=5 vpage=5 vdt=31 vmax=201 vacc=3079 vrej=0 seq=0 elapsed=0 oled=3C
[  10012] STATUS mode=3 fault=none enc=677 denc=0 sreq=27 sapplied=27 crate=27 uimp=81660 upos=4625 uneg=3045 ball=5.90 vball=-1.07 aball=-1.4 bref=0.00 pid=26.5 pref=532.1 ppos=529.4 apid=-0.0 integ=3.2 vision=1 current=1 vframe=3105 vs=1 vage=25 vpage=25 vdt=31 vmax=201 vacc=3079 vrej=0 seq=0 elapsed=0 oled=3C
[  10038] STATUS mode=3 fault=none enc=677 denc=0 sreq=35 sapplied=35 crate=35 uimp=82225 upos=4645 uneg=3045 ball=5.94 vball=-0.38 aball=-1.4 bref=0.00 pid=35.2 pref=533.5 ppos=530.0 apid=-0.0 integ=3.2 vision=1 current=1 vframe=3106 vs=1 vage=9 vpage=9 vdt=36 vmax=201 vacc=3080 vrej=0 seq=0 elapsed=0 oled=3C
[  10065] STATUS mode=3 fault=none enc=678 denc=-1 sreq=29 sapplied=29 crate=29 uimp=83465 upos=4685 uneg=3045 ball=5.96 vball=-0.10 aball=6.4 bref=0.00 pid=28.6 pref=534.1 ppos=531.2 apid=0.0 integ=3.2 vision=1 current=1 vframe=3107 vs=1 vage=17 vpage=17 vdt=32 vmax=201 vacc=3081 vrej=0 seq=q=0 elapsed=0 oled=3C
[  10091] STATUS mode=3 fault=none enc=679 denc=0 sreq=29 sapplied=29 crate=29 uimp=84000 upos=4705 uneg=3045 ball=5.97 vball=-0.01 aball=6.4 bref=0.00 pid=29.1 pref=534.7 ppos=531.8 apid=0.0 integ=3.6 vision=1 current=1 vframe=3108 vs=1 vage=4 vpage=4 vdt=33 vmax=201 vacc=3082 vrej=0 seq=0 elapsed=0 oled=3C
[  10117] STATUS mode=3 fault=none enc=680 denc=1 sreq=24 sapplied=24 crate=24 uimp=84540 upos=4725 uneg=3045 ball=5.97 vball=-0.01 aball=6.4 bref=0.00 pid=23.7 pref=534.7 ppos=532.3 apid=0.0 integ=3.6 vision=1 current=1 vframe=3108 vs=1 vage=24 vpage=24 vdt=33 vmax=201 vacc=3082 vrej=0 seq=0 elapsed=0 oled=3C
[  10143] STATUS mode=3 fault=none enc=679 denc=-1 sreq=23 sapplied=23 crate=23 uimp=85005 upos=4745 uneg=3045 ball=5.97 vball=0.01 aball=6.4 bref=0.00 pid=23.4 pref=535.1 ppos=532.8 apid=0.0 integ=4.0 vision=1 current=1 vframe=3109 vs=1 vage=11 vpage=11 vdt=33 vmax=201 vacc=3083 vrej=0 seq=0 elapsed=0 oled=3C
[  10170] STATUS mode=3 fault=none enc=680 denc=0 sreq=20 sapplied=20 crate=20 uimp=85765 upos=4780 uneg=3045 ball=5.97 vball=0.02 aball=4.0 bref=0.00 pid=20.0 pref=535.5 ppos=533.5 apid=0.0 integ=4.4 vision=1 current=1 vframe=3110 vs=1 vage=18 vpage=18 vdt=33 vmax=201 vacc=3084 vrej=0 seq=0 elapsed=0 oled=3C
[  10196] STATUS mode=3 fault=none enc=680 denc=0 sreq=119 sapplied=119 crate=119 uimp=85865 upos=4785 uneg=3045 ball=6.72 vball=6.63 aball=4.0 bref=0.00 pid=160.2 pref=549.7 ppos=533.6 apid=0.0 integ=4.4 vision=1 current=1 vframe=3111 vs=1 vage=3 vpage=3 vdt=35 vmax=201 vacc=3085 vrej=0 seq=0 elapsed=0 oled=3C
[  10223] STATUS mode=3 fault=none enc=684 denc=1 sreq=132 sapplied=132 crate=132 uimp=88660 upos=4805 uneg=3045 ball=6.72 vball=6.63 aball=4.0 bref=0.00 pid=132.2 pref=549.7 ppos=536.4 apid=0.0 integ=4.4 vision=1 current=1 vframe=3111 vs=1 vage=23 vpage=23 vdt=35 vmax=201 vacc=3085 vrej=0 seq=0 elapsed=0 oled=3C
[  10249] STATUS mode=3 fault=none enc=687 denc=0 sreq=-32 sapplied=-32 crate=-32 uimp=90770 upos=4825 uneg=3055 ball=6.17 vball=-0.18 aball=4.0 bref=0.00 pid=-31.7 pref=535.4 ppos=538.5 apid=0.0 integ=4.4 vision=1 current=1 vframe=3112 vs=1 vage=23 vpage=23 vdt=40 vmax=201 vacc=3086 vrej=0 seq=0 elapsed=0 oled=3C
[  10276] STATUS mode=3 fault=none enc=686 denc=0 sreq=-60 sapplied=-60 crate=-60 uimp=89815 upos=4825 uneg=3075 ball=5.95 vball=-1.94 aball=-6.3 bref=0.00 pid=-60.0 pref=531.6 ppos=537.6 apid=-0.0 integ=4.4 vision=1 current=1 vframe=3113 vs=1 vage=14 vpage=14 vdt=29 vmax=201 vacc=3087 vrej=0 seq=0 elapsed=0 oled=3C
[  10303] STATUS mode=3 fault=none enc=685 denc=0 sreq=-49 sapplied=-49 crate=-49 uimp=88705 upos=4825 uneg=3095 ball=5.95 vball=-1.94 aball=-6.3 bref=0.00 pid=-48.9 pref=531.6 ppos=536.5 apid=-0.0 integ=4.4 vision=1 current=1 vframe=3113 vs=1 vage=34 vpage=34 vdt=29 vmax=201 vacc=3087 vrej=0 seq=0 elapsed=0 oled=3C
[  10330] STATUS mode=3 fault=none enc=683 denc=-1 sreq=-33 sapplied=-33 crate=-33 uimp=87060 upos=4825 uneg=3135 ball=5.89 vball=-1.92 aball=-6.3 bref=0.00 pid=-32.8 pref=531.6 ppos=534.8 apid=-0.0 integ=4.4 vision=1 current=1 vframe=3114 vs=1 vage=36 vpage=36 vdt=38 vmax=201 vacc=3088 vrej=0 seq=0 elapsed=0 oled=3C
[  10356] STATUS mode=3 fault=none enc=683 denc=1 sreq=0 sapplied=0 crate=-19 uimp=86450 upos=4825 uneg=3155 ball=5.87 vball=-1.52 aball=-1.4 bref=0.00 pid=-18.9 pref=532.3 ppos=534.2 apid=-0.0 integ=4.4 vision=1 current=1 vframe=3115 vs=1 vage=3 vpage=3 vdt=53 vmax=201 vacc=3089 vrej=0 seq=0 elapsed=0 oled=3C
[  10383] STATUS mode=3 fault=none enc=681 denc=0 sreq=0 sapplied=0 crate=-19 uimp=86450 upos=4825 uneg=3155 ball=5.87 vball=-1.52 aball=-1.4 bref=0.00 pid=-18.9 pref=532.3 ppos=534.2 apid=-0.0 integ=4.4 vision=1 current=1 vframe=3115 vs=1 vage=23 vpage=23 vdt=53 vmax=201 vacc=3089 vrej=0 seq=0 elapsed=0 oled=3C
[  10409] STATUS mode=3 fault=none enc=681 denc=0 sreq=0 sapplied=0 crate=0 uimp=86450 upos=4825 uneg=3155 ball=5.88 vball=-0.54 aball=-1.4 bref=0.00 pid=0.0 pref=534.3 ppos=534.2 apid=-0.0 integ=4.4 vision=1 current=1 vframe=3118 vs=1 vage=4 vpage=4 vdt=19 vmax=201 vacc=3092 vrej=0 seq=0 elapsed=0 oled=3C
[  10435] STATUS mode=3 fault=none enc=681 denc=0 sreq=0 sapplied=0 crate=0 uimp=86450 upos=4825 uneg=3155 ball=5.88 vball=-0.54 aball=-1.4 bref=0.00 pid=0.0 pref=534.3 ppos=534.2 apid=-0.0 integ=4.4 vision=1 current=1 vframe=3118 vs=1 vage=24 vpage=24 vdt=19 vmax=201 vacc=3092 vrej=0 seq=0 elapsed=0 oled=3C
[  10461] STATUS mode=3 fault=none enc=681 denc=0 sreq=0 sapplied=0 crate=0 uimp=86450 upos=4825 uneg=3155 ball=5.89 vball=-0.30 aball=5.4 bref=0.00 pid=0.0 pref=535.2 ppos=534.2 apid=0.0 integ=4.8 vision=1 current=1 vframe=3119 vs=1 vage=14 vpage=14 vdt=30 vmax=201 vacc=3093 vrej=0 seq=0 elapsed=0 oled=3C
[  10487] STATUS mode=3 fault=none enc=681 denc=0 sreq=63 sapplied=63 crate=63 uimp=87130 upos=4835 uneg=3155 ball=6.18 vball=2.34 aball=5.4 bref=0.00 pid=62.7 pref=541.2 ppos=534.9 apid=0.0 integ=5.2 vision=1 current=1 vframe=3120 vs=1 vage=22 vpage=22 vdt=32 vmax=201 vacc=3094 vrej=0 seq=0 elapsed=0 oled=3C
[  10513] STATUS mode=3 fault=none enc=684 denc=2 sreq=95 sapplied=95 crate=95 uimp=88530 upos=4855 uneg=3155 ball=6.52 vball=4.47 aball=5.4 bref=0.00 pid=95.4 pref=545.8 ppos=536.3 apid=0.0 integ=5.2 vision=1 current=1 vframe=3121 vs=1 vage=8 vpage=8 vdt=34 vmax=201 vacc=3095 vrej=0 seq=0 elapsed=0 oled=3C
[  10539] STATUS mode=3 fault=none enc=685 denc=0 sreq=78 sapplied=78 crate=78 uimp=90300 upos=4875 uneg=3155 ball=6.52 vball=4.47 aball=5.4 bref=0.00 pid=77.7 pref=545.8 ppos=538.1 apid=0.0 integ=5.2 vision=1 current=1 vframe=3121 vs=1 vage=28 vpage=28 vdt=34 vmax=201 vacc=3095 vrej=0 seq=0 elapsed=0 oled=3C
[  10565] STATUS mode=3 fault=none enc=688 denc=1 sreq=45 sapplied=45 crate=45 uimp=92685 upos=4915 uneg=3155 ball=6.95 vball=5.72 aball=22.4 bref=0.00 pid=45.1 pref=545.0 ppos=540.5 apid=0.0 integ=5.2 vision=1 current=1 vframe=3123 vs=1 vage=1 vpage=1 vdt=34 vmax=201 vacc=3097 vrej=0 seq=0 elapsed=0 oled=3C
[  10592] STATUS mode=3 fault=none enc=690 denc=0 sreq=70 sapplied=70 crate=70 uimp=94080 upos=4935 uneg=3155 ball=6.95 vball=5.72 aball=22.4 bref=0.00 pid=70.1 pref=548.9 ppos=541.9 apid=0.0 integ=5.2 vision=1 current=1 vframe=3123 vs=1 vage=21 vpage=21 vdt=34 vmax=201 vacc=3097 vrej=0 seq=0 elapsed=0 oled=3C
[  10618] STATUS mode=3 fault=none enc=692 denc=1 sreq=41 sapplied=41 crate=41 uimp=95295 upos=4955 uneg=3155 ball=7.04 vball=4.83 aball=22.4 bref=0.00 pid=41.2 pref=547.2 ppos=543.1 apid=0.0 integ=5.2 vision=1 current=1 vframe=3124 vs=1 vage=8 vpage=8 vdt=33 vmax=201 vacc=3098 vrej=0 seq=0 elapsed=0 oled=3C
[  10644] STATUS mode=3 fault=none enc=694 denc=-1 sreq=0 sapplied=0 crate=0 uimp=96385 upos=4985 uneg=3155 ball=7.05 vball=3.47 aball=10.1 bref=0.00 pid=0.0 pref=ef=547.2 ppos=543.8 apid=0.0 integ=5.2 vision=1 current=1 vframe=3124 vs=1 vage=28 vpage=28 vdt=33 vmax=201 vacc=3098 vrej=0 seq=0 elapsed=0 oled=3C
[  10670] STATUS mode=3 fault=none enc=694 denc=0 sreq=0 sapplied=0 crate=0 uimp=96385 upos=4985 uneg=3155 ball=6.50 vball=-2.74 aball=10.1 bref=0.00 pid=0.0 pref=544.5 ppos=544.2 apid=0.0 integ=5.2 vision=1 current=1 vframe=3126 vs=1 vage=1 vpage=1 vdt=33 vmax=201 vacc=3100 vrej=0 seq=0 elapsed=0 oled=3C
[  10697] STATUS mode=3 fault=none enc=693 denc=-1 sreq=-115 sapplied=-115 crate=-115 uimp=95140 upos=4985 uneg=3165 ball=6.50 vball=-2.74 aball=10.1 bref=0.00 pid=-115.1 pref=531.4 ppos=542.9 apid=0.0 integ=5.2 vision=1 current=1 vframe=3126 vs=1 vage=21 vpage=21 vdt=33 vmax=201 vacc=3100 vrej=0 seq=0 elapsed=0 oled=3C
[  10724] STATUS mode=3 fault=none enc=690 denc=-2 sreq=-172 sapplied=-172 crate=-172 uimp=93005 upos=4985 uneg=3185 ball=5.99 vball=-6.35 aball=10.1 bref=0.00 pid=-172.1 pref=523.6 ppos=540.8 apid=0.0 integ=5.2 vision=1 current=1 vframe=3127 vs=1 vage=7 vpage=7 vdt=34 vmax=201 vacc=3101 vrej=0 seq=0 elapsed=0 oled=3C
[  10752] STATUS mode=3 fault=none enc=684 denc=0 sreq=-105 sapplied=-105 crate=-105 uimp=87305 upos=4985 uneg=3225 ball=5.85 vball=-5.77 aball=-36.0 bref=0.00 pid=-105.2 pref=524.6 ppos=535.1 apid=-0.0 integ=5.2 vision=1 current=1 vframe=3128 vs=1 vage=14 vpage=14 vdt=33 vmax=201 vacc=3102 vrej=0 seq=0 elapsed=0 oled=3C
[  10778] STATUS mode=3 fault=none enc=681 denc=-1 sreq=-86 sapplied=-86 crate=-86 uimp=85355 upos=4985 uneg=3245 ball=5.78 vball=-4.69 aball=-36.0 bref=0.00 pid=-85.7 pref=524.6 ppos=533.1 apid=-0.0 integ=5.2 vision=1 current=1 vframe=3129 vs=1 vage=1 vpage=1 vdt=33 vmax=201 vacc=3103 vrej=0 seq=0 elapsed=0 oled=3C
[  10805] STATUS mode=3 fault=none enc=679 denc=0 sreq=0 sapplied=0 crate=-11 uimp=83090 upos=4985 uneg=3285 ball=5.80 vball=-3.14 aball=-36.0 bref=0.00 pid=-11.0 pref=529.8 ppos=530.9 apid=-0.0 integ=5.2 vision=1 current=1 vframe=3130 vs=1 vage=7 vpage=7 vdt=34 vmax=201 vacc=3104 vrej=0 seq=0 elapsed=0 oled=3C
[  10831] STATUS mode=3 fault=none enc=677 denc=0 sreq=0 sapplied=0 crate=-11 uimp=83090 upos=4985 uneg=3285 ball=5.80 vball=-3.14 aball=-36.0 bref=0.00 pid=-11.0 pref=529.8 ppos=530.9 apid=-0.0 integ=5.2 vision=1 current=1 vframe=3130 vs=1 vage=27 vpage=27 vdt=34 vmax=201 vacc=3104 vrej=0 seq=0 elapsed=0 oled=3C
[  10858] STATUS mode=3 fault=none enc=677 denc=0 sreq=35 sapplied=35 crate=35 uimp=83270 upos=4990 uneg=3285 ball=5.95 vball=-0.86 aball=2.3 bref=0.00 pid=34.6 pref=534.5 ppos=531.0 apid=0.0 integ=5.2 vision=1 current=1 vframe=3131 vs=1 vage=14 vpage=14 vdt=33 vmax=201 vacc=3105 vrej=0 seq=0 elapsed=0 oled=3C
[  10884] STATUS mode=3 fault=none enc=678 denc=0 sreq=28 sapplied=28 crate=28 uimp=83915 upos=5010 uneg=3285 ball=6.01 vball=-0.09 aball=2.3 bref=0.00 pid=28.1 pref=534.5 ppos=531.7 apid=0.0 integ=5.2 vision=1 current=1 vframe=3132 vs=1 vage=1 vpage=1 vdt=33 vmax=201 vacc=3106 vrej=0 seq=0 elapsed=0 oled=3C
[  10910] STATUS mode=3 fault=none enc=679 denc=1 sreq=31 sapplied=31 crate=31 uimp=85350 upos=5050 uneg=3285 ball=6.01 vball=-0.02 aball=2.3 bref=0.00 pid=31.3 pref=536.3 ppos=533.1 apid=0.0 integ=5.2 vision=1 current=1 vframe=3133 vs=1 vage=7 vpage=7 vdt=34 vmax=201 vacc=3107 vrej=0 seq=0 elapsed=0 oled=3C
[  10936] STATUS mode=3 fault=none enc=680 denc=0 sreq=25 sapplied=25 crate=25 uimp=85930 upos=5070 uneg=3285 ball=6.01 vball=-0.02 aball=2.3 bref=0.00 pid=25.5 pref=536.3 ppos=533.7 apid=0.0 integ=5.2 vision=1 current=1 vframe=3133 vs=1 vage=27 vpage=27 vdt=34 vmax=201 vacc=3107 vrej=0 seq=0 elapsed=0 oled=3C
[  10963] STATUS mode=3 fault=none enc=680 denc=-1 sreq=55 sapplied=55 crate=55 uimp=86765 upos=5090 uneg=3285 ball=6.20 vball=1.74 aball=12.9 bref=0.00 pid=54.6 pref=540.0 ppos=534.5 apid=0.0 integ=5.2 vision=1 current=1 vframe=3134 vs=1 vage=14 vpage=14 vdt=33 vmax=201 vacc=3108 vrej=0 seq=0 elapsed=0 oled=3C
[  10989] STATUS mode=3 fault=none enc=684 denc=1 sreq=123 sapplied=123 crate=123 uimp=90050 upos=5130 uneg=3285 ball=6.80 vball=6.45 aball=12.9 bref=0.00 pid=123.2 pref=550.1 ppos=537.8 apid=0.0 integ=5.2 vision=1 current=1 vframe=3135 vs=1 vage=21 vpage=21 vdt=33 vmax=201 vacc=3109 vrej=0 seq=0 elapsed=0 oled=3C
[  11016] STATUS mode=3 fault=none enc=687 denc=1 sreq=95 sapplied=95 crate=95 uimp=92335 upos=5150 uneg=3285 ball=6.98 vball=6.07 aball=12.9 bref=0.00 pid=94.9 pref=549.6 ppos=540.1 apid=0.0 integ=5.2 vision=1 current=1 vframe=3136 vs=1 vage=7 vpage=7 vdt=34 vmax=201 vacc=3110 vrej=0 seq=0 elapsed=0 oled=3C
[  11042] STATUS mode=3 fault=none enc=689 denc=0 sreq=77 sapplied=77 crate=77 uimp=94095 upos=5170 uneg=3285 ball=6.98 vball=6.07 aball=12.9 bref=0.00 pid=77.3 pref=549.6 ppos=541.9 apid=0.0 integ=5.2 vision=1 current=1 vframe=3136 vs=1 vage=27 vpage=27 vdt=34 vmax=201 vacc=3110 vrej=0 seq=0 elapsed=0 oled=3C
[  11068] STATUS mode=3 fault=none enc=691 denc=-1 sreq=32 sapplied=32 crate=32 uimp=96015 upos=5210 uneg=3285 ball=7.07 vball=3.68 aball=20.7 bref=0.00 pid=32.5 pref=547.0 ppos=543.8 apid=0.0 integ=5.2 vision=1 current=1 vframe=3138 vs=1 vage=0 vpage=0 vdt=34 vmax=201 vacc=3112 vrej=0 seq=0 elapsed=0 oled=3C
[  11094] STATUS mode=3 fault=none enc=693 denc=0 sreq=0 sapplied=0 crate=0 uimp=96175 upos=5215 uneg=3285 ball=7.07 vball=3.68 aball=20.7 bref=0.00 pid=0.0 pref=544.9 ppos=544.0 apid=0.0 integ=5.2 vision=1 current=1 vframe=3138 vs=1 vage=20 vpage=20 vdt=34 vmax=201 vacc=3112 vrej=0 seq=0 elapsed=0 oled=3C
[  11120] STATUS mode=3 fault=none enc=693 denc=0 sreq=0 sapplied=0 crate=-12 uimp=96175 upos=5215 uneg=3285 ball=7.07 vball=2.57 aball=20.7 bref=0.00 pid=-12.5 pref=542.7 ppos=544.0 apid=0.0 integ=5.2 vision=1 current=1 vframe=3139 vs=1 vage=7 vpage=7 vdt=33 vmax=201 vacc=3113 vrej=0 seq=0 elapsed=0 oled=3C
[  11147] STATUS mode=3 fault=none enc=693 denc=0 sreq=-29 sapplied=-29 crate=-29 uimp=96025 upos=5215 uneg=3290 ball=7.05 vball=1.68 aball=-2.5 bref=0.00 pid=-29.0 pref=540.9 ppos=543.8 apid=-0.0 integ=5.2 vision=1 current=1 vframe=3140 vs=1 vage=14 vpage=14 vdt=33 vmax=201 vacc=3114 vrej=0 seq=0 elapsed=0 oled=3C
[  11174] STATUS mode=3 fault=none enc=693 denc=0 sreq=-24 sapplied=-24 crate=-24 uimp=95485 upos=5215 uneg=3310 ball=6.12 vball=-6.86 aball=-2.5 bref=0.00 pid=-23.6 pref=540.9 ppos=543.3 apid=-0.0 integ=5.2 vision=1 current=1 vframe=3141 vs=1 vage=1 vpage=1 vdt=33 vmax=201 vacc=3115 vrej=0 seq=0 elapsed=0 oled=3C
[  11201] STATUS mode=3 fault=none enc=690 denc=-2 sreq=-179 sapplied=-179 crate=-179 uimp=92815 upos=5215 uneg=3330 ball=6.12 vball=-6.86 aball=-2.5 bref=0.00 pid=-178.9 pref=522.7 ppos=540.6 apid=-0.0 integ=5.2 vision=1 current=1 vframe=3141 vs=1 vage=21 vpage=21 vdt=33 vmax=201 vacc=3115 vrej=0 seq=0 elapsed=0 oled=3C
[  11228] STATUS mode=3 fault=none enc=683 denc=0 sreq=-130 sapplied=-130 crate=-130 uimp=86535 upos=5215 uneg=3370 ball=5.83 vball=-7.39 aball=-2.5 bref=0.00 pid=-130.1 pref=521.3 ppos=534.3 apid=-0.0 integ=5.2 vision=1 current=1 vframe=3142 vs=1 vage=27 vpage=27 vdt=34 vmax=201 vacc=3116 vrej=0 seq=0 elapsed=0 oled=3C
[  11255] STATUS mode=3 fault=none enc=680 denc=0 sreq=-65 sapplied=-65 crate=-65 uimp=84560 upos=5215 uneg=3390 ball=5.83 vball=-5.14 aball=-31.7 bref=0.00 pid=-65.4 pref=525.8 ppos=532.3 apid=-0.0 integ=5.2 vision=1 current=1 vframe=3143 vs=1 vage=13 vpage=13 vdt=34 vmax=201 vacc=3117 vrej=0 seq=0 elapsed=0 oled=3C
[  11282] STATUS mode=3 fault=none enc=679 denc=0 sreq=-53 sapplied=-53 crate=-53 uimp=83350 upos=5215 uneg=3410 ball=5.83 vball=-5.14 aball=-31.7 bref=0.00 pid=-53.3 pref=525.8 ppos=531.1 apid=-0.0 integ=5.2 vision=1 current=1 vframe=3143 vs=1 vage=33 vpage=33 vdt=34 vmax=201 vacc=3117 vrej=0 seq=0 elapsed=0 oled=3C
[  11308] STATUS mode=3 fault=none enc=678 denc=0 sreq=85 sapplied=0 crate=85 uimp=83085 upos=5215 uneg=3415 ball=6.44 vball=3.40 aball=-31.7 bref=0.00 pid=127.5 pref=543.6 ppos=530.9 apid=-0.0 integ=5.2 vision=1 current=1 vframe=3145 vs=1 vage=7 vpage=7 vdt=33 vmax=201 vacc=3119 vrej=0 seq=0 elapsed=0 oled=3C
[  11335] STATUS mode=3 fault=none enc=679 denc=0 sreq=109 sapplied=109 crate=109 uimp=84900 upos=5230 uneg=3415 ball=6.44 vball=3.40 aball=-31.7 bref=0.00 pid=109.3 pref=543.6 ppos=532.7 apid=-0.0 integ=5.2 vision=1 current=1 vframe=3145 vs=1 vage=27 vpage=27 vdt=33 vmax=201 vacc=3119 vrej=0 seq=0 elapsed=0 oled=3C
[  11362] STATUS mode=3 fault=none enc=682 denc=1 sreq=143 sapplied=143 crate=143 uimp=87505 upos=5250 uneg=3415 ball=6.86 vball=6.11 aball=33.2 bref=0.00 pid=142.5 pref=549.5 ppos=535.3 apid=0.0 integ=5.2 vision=1 current=1 vframe=3146 vs=1 vage=13 vpage=13 vdt=34 vmax=201 vacc=3120 vrej=0 seq=0 elapsed=0 oled=3C
[  11388] STATUS mode=3 fault=none enc=687 denc=1 sreq=55 sapplied=55 crate=55 uimp=91635 upos=5290 uneg=3415 ball=6.81 vball=3.81 aball=33.2 bref=0.00 pid=54.6 pref=544.9 ppos=539.4 apid=0.0 integ=5.2 vision=1 current=1 vframe=3147 vs=1 vage=20 vpage=20 vdt=33 vmax=201 vacc=3121 vrej=0 seq=0 elapsed=0 oled=3C
[  11415] STATUS mode=3 fault=none enc=689 denc=2 sreq=-22 sapplied=-22 crate=-22 uimp=92415 upos=5305 uneg=3415 ball=6.58 vball=0.51 aball=33.2 bref=0.00 pid=-21.9 pref=538.0 ppos=540.2 apid=0.0 integ=5.2 vision=1 current=1 vframe=3148 vs=1 vage=8 vpage=8 vdt=32 vmax=201 vacc=3122 vrej=0 seq=0 elapsed=0 oled=3C
[  11441] STATUS mode=3 fault=none enc=689 denc=1 sreq=0 sapplied=0 crate=-19 uimp=92100 upos=5305 uneg=3430 ball=6.58 vball=0.51 aball=33.2 bref=0.00 pid=-18.8 pref=538.0 ppos=539.9 apid=0.0 integ=5.2 vision=1 current=1 vframe=3148 vs=1 vage=28 vpage=28 vdt=32 vmax=201 vacc=3122 vrej=0 seq=0 elapsed=0 oled=3C
[  11468] STATUS mode=3 fault=none enc=688 denc=1 sreq=-50 sapplied=-50 crate=-50 uimp=90280 upos=5305 uneg=3460 ball=6.01 vball=-4.11 aball=-17.8 bref=0.00 pid=-50.4 pref=533.0 ppos=538.1 apid=-0.0 integ=5.2 vision=1 current=1 vframe=3150 vs=1 vage=2 vpage=2 vdt=32 vmax=201 vacc=3124 vrej=0 seq=0 elapsed=0 oled=3C
[  11495] STATUS mode=3 fault=none enc=685 denc=-1 sreq=-83 sapplied=-83 crate=-83 uimp=88645 upos=5305 uneg=3480 ball=6.01 vball=-4.11 aball=-17.8 bref=0.00 pid=-83.5 pref=528.1 ppos=536.4 apid=-0.0 integ=5.2 vision=1 current=1 vframe=3150 vs=1 vage=22 vpage=22 vdt=32 vmax=201 vacc=3124 vrej=0 seq=0 elapsed=0 oled=3C
[  11521] STATUS mode=3 fault=none enc=684 denc=1 sreq=-64 sapplied=-64 crate=-64 uimp=87120 upos=5305 uneg=3500 ball=5.90 vball=-3.84 aball=-17.8 bref=0.00 pid=-64.1 pref=528.5 ppos=534.9 apid=-0.0 integ=5.2 vision=1 current=1 vframe=3151 vs=1 vage=8 vpage=8 vdt=34 vmax=201 vacc=3125 vrej=0 seq=0 elapsed=0 oled=3C
[  11548] STATUS mode=3 fault=none enc=681 denc=-1 sreq=-23 sapplied=-23 crate=-23 uimp=85175 upos=5305 uneg=3540 ball=5.89 vball=-2.74 aball=-14.0 bref=0.00 pid=-22.8 pref=530.7 ppos=533.0 apid=-0.0 integ=5.2 vision=1 current=1 vframe=3152 vs=1 vage=15 vpage=15 vdt=33 vmax=201 vacc=3126 vrej=0 seq=0 elapsed=0 oled=3C
[  11575] STATUS mode=3 fault=none enc=681 denc=0 sreq=0 sapplied=0 crate=-19 uimp=84745 upos=5305 uneg=3560 ball=5.91 vball=-1.82 aball=-14.0 bref=0.00 pid=-18.5 pref=530.7 ppos=532.5 apid=-0.0 integ=5.2 vision=1 current=1 vframe=3153 vs=1 vage=2 vpage=2 vdt=33 vmax=201 vacc=3127 vrej=0 seq=0 elapsed=0 oled=3C
[  11601] STATUS mode=3 fault=none enc=680 denc=0 sreq=0 sapplied=0 crate=0 uimp=84745 upos=5305 uneg=3560 ball=5.91 vball=-1.82 aball=-14.0 bref=0.00 pid=0.0 pref=532.5 ppos=532.5 apid=-0.0 integ=5.2 vision=1 current=1 vframe=3153 vs=1 vage=22 vpage=22 vdt=33 vmax=201 vacc=3127 vrej=0 seq=0 elapsed=0 oled=3C
[  11628] STATUS mode=3 fault=none enc=680 denc=0 sreq=0 sapplied=0 crate=13 uimp=84745 upos=5305 uneg=3560 ball=5.92 vball=-1.17 aball=-14.0 bref=0.00 pid=13.2 pref=533.8 ppos=532.5 apid=-0.0 integ=5.2 vision=1 current=1 vframe=3154 vs=1 vage=28 vpage=28 vdt=34 vmax=201 vacc=3128 vrej=0 seq=0 elapsed=0 oled=3C
[  11654] STATUS mode=3 fault=none enc=680 denc=0 sreq=21 sapplied=21 crate=21 uimp=84855 upos=5310 uneg=3560 ball=5.93 vball=-0.74 aball=1.3 bref=0.00 pid=20.9 pref=534.7 ppos=532.6 apid=0.0 integ=5.2 vision=1 current=1 vframe=3155 vs=1 vage=15 vpage=15 vdt=33 vmax=201 vacc=3129 vrej=0 seq=0 elapsed=0 oled=3C
[  11680] STATUS mode=3 fault=none enc=680 denc=0 sreq=0 sapplied=0 crate=19 uimp=85060 upos=5320 uneg=3560 ball=5.93 vball=-0.74 aball=1.3 bref=0.00 pid=18.8 pref=534.7 ppos=532.8 apid=0.0 integ=5.2 vision=1 current=1 vframe=3155 vs=1 vage=35 vpage=35 vdt=33 vmax=201 vacc=3129 vrej=0 seq=0 elapsed=0 oled=3C
[  11706] STATUS mode=3 fault=none enc=681 denc=-1 sreq=0 sapplied=0 crate=11 uimp=85615 upos=5345 uneg=3560 ball=5.88 vball=-0.84 aball=1.3 bref=0.00 pid=10.7 pref=534.5 ppos=533.4 apid=0.0 integ=5.2 vision=1 current=1 vframe=3157 vs=1 vage=9 vpage=9 vdt=31 vmax=201 vacc=3131 vrej=0 seq=0 elapsed=0 oled=3C
[  11732] STATUS mode=3 fault=none enc=681 denc=0 sreq=0 sapplied=0 crate=11 uimp=85615 upos=5345 uneg=3560 ball=5.88 vball=-0.84 aball=1.3 bref=0.00 pid=10.7 pref=534.5 ppos=533.4 apid=0.0 integ=5.2 vision=1 current=1 vframe=3157 vs=1 vage=29 vpage=29 vdt=31 vmax=201 vacc=3131 vrej=0 seq=0 elapsed=0 oled=3C
[  11759] STATUS mode=3 fault=none enc=681 denc=0 sreq=0 sapplied=0 crate=11 uimp=85615 upos=5345 uneg=3560 ball=5.83 vball=-0.98 aball=-0.4 bref=0.00 pid=11.2 pref=534.5 ppos=533.4 apid=-0.0 integ=5.6 vision=1 current=1 vframe=3158 vs=1 vage=15 vpage=15 vdt=34 vmax=201 vacc=3132 vrej=0 seq=0 elapsed=0 oled=3C
[  11785] STATUS mode=3 fault=none enc=681 denc=0 sreq=0 sapplied=0 crate=17 uimp=85615 upos=5345 uneg=3560 ball=5.81 vball=-0.88 aball=-0.4 bref=0.00 pid=17.1 pref=535.1 ppos=533.4 apid=-0.0 integ=6.0 vision=1 current=1 vframe=3159 vs=1 vage=20 vpage=20 vdt=35 vmax=201 vacc=3133 vrej=0 seq=0 elapsed=0 oled=3C
[  11811] STATUS mode=3 fault=none enc=681 denc=0 sreq=24 sapplied=24 crate=24 uimp=85740 upos=5350 uneg=3560 ball=5.81 vball=-0.65 aball=-0.4 bref=0.00 pid=24.1 pref=535.9 ppos=533.5 apid=-0.0 integ=6.3 vision=1 current=1 vframe=3160 vs=1 vage=8 vpage=8 vdt=32 vmax=201 vacc=3134 vrej=0 seq=0 elapsed=0 oled=3C
[  11838] STATUS mode=3 fault=none enc=681 denc=0 sreq=20 sapplied=20 crate=20 uimp=86190 upos=5370 uneg=3560 ball=5.81 vball=-0.65 aball=-0.4 bref=0.00 pid=19.6 pref=535.9 ppos=534.0 apid=-0.0 integ=6.3 vision=1 current=1 vframe=3160 vs=1 vage=28 vpage=28 vdt=32 vmax=201 vacc=3134 vrej=0 seq=0 elapsed=0 oled=3C
[  11864] STATUS mode=3 fault=none enc=682 denc=0 sreq=0 sapplied=0 crate=19 uimp=86495 upos=5385 uneg=3560 ball=5.78 vball=-0.70 aball=1.1 bref=0.00 pid=19.1 pref=536.2 ppos=534.3 apid=0.0 integ=6.7 vision=1 current=1 vframe=3161 vs=1 vage=14 vpage=14 vdt=34 vmax=201 vacc=3135 vrej=0 seq=0 elapsed=0 oled=3C
[  11890] STATUS mode=3 fault=none enc=682 denc=0 sreq=22 sapplied=22 crate=22 uimp=86865 upos=5400 uneg=3560 ball=5.77 vball=-0.55 aball=1.1 bref=0.00 pid=22.1 pref=536.9 ppos=534.6 apid=0.0 integ=7.1 vision=1 current=1 vframe=3162 vs=1 vage=21 vpage=21 vdt=33 vmax=201 vacc=3136 vrej=0 seq=0 elapsed=0 oled=3C
[  11916] STATUS mode=3 fault=none enc=684 denc=2 sreq=26 sapplied=26 crate=26 uimp=87180 upos=5415 uneg=3560 ball=5.77 vball=-0.38 aball=1.1 bref=0.00 pid=26.3 pref=537.6 ppos=535.0 apid=0.0 integ=7.5 vision=1 current=1 vframe=3163 vs=1 vage=7 vpage=7 vdt=34 vmax=201 vacc=3137 vrej=0 seq=0 elapsed=0 oled=3C
[  11943] STATUS mode=3 fault=none enc=683 denc=0 sreq=21 sapplied=21 crate=21 uimp=87670 upos=5435 uneg=3560 ball=5.77 vball=-0.38 aball=1.1 bref=0.00 pid=21.4 pref=537.6 ppos=535.4 apid=0.0 integ=7.5 vision=1 current=1 vframe=3163 vs=1 vage=27 vpage=27 vdt=34 vmax=201 vacc=3137 vrej=0 seq=0 elapsed=0 oled=3C
[  11969] STATUS mode=3 fault=none enc=684 denc=0 sreq=38 sapplied=38 crate=38 uimp=88080 upos=5455 uneg=3560 ball=5.81 vball=0.26 aball=1.6 bref=0.00 pid=37.9 pref=539.6 ppos=535.9 apid=0.0 integ=8.2 vision=1 current=1 vframe=3165 vs=1 vage=4 vpage=4 vdt=33 vmax=201 vacc=3139 vrej=0 seq=0 elapsed=0 oled=3C
[  11995] STATUS mode=3 fault=none enc=685 denc=0 sreq=31 sapplied=31 crate=31 uimp=88780 upos=5475 uneg=3560 ball=5.81 vball=0.26 aball=1.6 bref=0.00 pid=30.9 pref=539.6 ppos=536.6 apid=0.0 integ=8.2 vision=1 current=1 vframe=3165 vs=1 vage=24 vpage=24 vdt=33 vmax=201 vacc=3139 vrej=0 seq=0 elapsed=0 oled=3C
[  12021] STATUS mode=3 fault=none enc=686 denc=1 sreq=38 sapplied=38 crate=38 uimp=89420 upos=5495 uneg=3560 ball=5.87 vball=0.71 aball=1.6 bref=0.00 pid=38.2 pref=541.0 ppos=537.2 apid=0.0 integ=8.6 vision=1 current=1 vframe=3166 vs=1 vage=10 vpage=10 vdt=34 vmax=201 vacc=3140 vrej=0 seq=0 elapsed=0 oled=3C
[  12047] STATUS mode=3 fault=none enc=687 denc=0 sreq=28 sapplied=28 crate=28 uimp=90735 upos=5535 uneg=3560 ball=5.89 vball=0.66 aball=5.9 bref=0.00 pid=28.4 pref=541.4 ppos=538.5 apid=0.0 integ=9.0 vision=1 current=1 vframe=3167 vs=1 vage=15 vpage=15 vdt=35 vmax=201 vacc=3141 vrej=0 seq=0 elapsed=0 oled=3C
[  12073] STATUS mode=3 fault=none enc=687 denc=0 sreq=23 sapplied=23 crate=23 uimp=91260 upos=5555 uneg=3560 ball=5.89 vball=0.49 aball=5.9 bref=0.00 pid=23.1 pref=541.4 ppos=539.0 apid=0.0 integ=9.0 vision=1 current=1 vframe=3168 vs=1 vage=1 vpage=1 vdt=34 vmax=201 vacc=3142 vrej=0 seq=0 elapsed=0 oled=3C
[  12099] STATUS mode=3 fault=none enc=688 denc=1 sreq=0 sapplied=0 crate=19 uimp=91695 upos=5575 uneg=3560 ball=5.89 vball=0.49 aball=5.9 bref=0.00 pid=19.4 pref=541.4 ppos=539.5 apid=0.0 integ=9.5 vision=1 current=1 vframe=3168 vs=1 vage=21 vpage=21 vdt=34 vmax=201 vacc=3142 vrej=0 seq=0 elapsed=0 oled=3C
[  12126] STATUS mode=3 fault=none enc=688 denc=0 sreq=0 sapplied=0 crate=19 uimp=91795 upos=5580 uneg=3560 ball=5.89 vball=0.33 aball=5.9 bref=0.00 pid=18.9 pref=541.5 ppos=539.6 apid=0.0 integ=9.8 vision=1 current=1 vframe=3169 vs=1 vage=30 vpage=30 vdt=31 vmax=201 vacc=3143 vrej=0 seq=0 elapsed=0 oled=3C
[  12152] STATUS mode=3 fault=none enc=688 denc=0 sreq=0 sapplied=0 crate=19 uimp=92000 upos=5590 uneg=3560 ball=5.89 vball=0.22 aball=1.3 bref=0.00 pid=18.7 pref=541.6 ppos=539.8 apid=0.0 integ=10.2 vision=1 current=1 vframe=3170 vs=1 vage=15 vpage=15 vdt=35 vmax=201 vacc=3144 vrej=0 seq=0 elapsed=0 oled=3C
[  12178] STATUS mode=3 fault=none enc=688 denc=0 sreq=0 sapplied=0 crate=19 uimp=92000 upos=5590 uneg=3560 ball=5.93 vball=0.55 aball=1.3 bref=0.00 pid=18.7 pref=541.6 ppos=539.8 apid=0.0 integ=10.2 vision=1 current=1 vframe=3171 vs=1 vage=2 vpage=2 vdt=33 vmax=201 vacc=3145 vrej=0 seq=0 elapsed=0 oled=3C
[  12204] STATUS mode=3 fault=none enc=688 denc=0 sreq=25 sapplied=25 crate=25 uimp=92425 upos=5605 uneg=3560 ball=5.93 vball=0.55 aball=1.3 bref=0.00 pid=25.5 pref=542.7 ppos=540.2 apid=0.0 integ=10.6 vision=1 current=1 vframe=3171 vs=1 vage=22 vpage=22 vdt=33 vmax=201 vacc=3145 vrej=0 seq=0 elapsed=0 oled=3C
[  12231] STATUS mode=3 fault=none enc=691 denc=0 sreq=103 sapplied=103 crate=103 uimp=95740 upos=5645 uneg=3560 ball=6.47 vball=5.75 aball=1.3 bref=0.00 pid=102.8 pref=553.8 ppos=543.5 apid=0.0 integ=10.6 vision=1 current=1 vframe=3172 vs=1 vage=28 vpage=28 vdt=34 vmax=201 vacc=3146 vrej=0 seq=0 elapsed=0 oled=3C
[  12257] STATUS mode=3 fault=none enc=695 denc=0 sreq=130 sapplied=130 crate=130 uimp=98150 upos=5665 uneg=3560 ball=6.94 vball=8.02 aball=35.8 bref=0.00 pid=129.7 pref=558.9 ppos=545.9 apid=0.0 integ=10.6 vision=1 current=1 vframe=3173 vs=1 vage=15 vpage=15 vdt=33 vmax=201 vacc=3147 vrej=0 seq=0 elapsed=0 oled=3C
[  12284] STATUS mode=3 fault=none enc=698 denc=1 sreq=106 sapplied=106 crate=106 uimp=100555 upos=5685 uneg=3560 ball=7.07 vball=6.74 aball=35.8 bref=0.00 pid=105.7 pref=558.9 ppos=548.3 apid=0.0 integ=10.6 vision=1 current=1 vframe=3174 vs=1 vage=2 vpage=2 vdt=33 vmax=201 vacc=3148 vrej=0 seq=0 elapsed=0 oled=3C
[  12310] STATUS mode=3 fault=none enc=702 denc=1 sreq=0 sapplied=0 crate=-15 uimp=103105 upos=5720 uneg=3560 ball=6.92 vball=3.29 aball=35.8 bref=0.00 pid=-14.7 pref=549.4 ppos=550.9 apid=0.0 integ=10.6 vision=1 current=1 vframe=3175 vs=1 vage=8 vpage=8 vdt=34 vmax=201 vacc=3149 vrej=0 seq=0 elapsed=0 oled=3C
[  12337] STATUS mode=3 fault=none enc=702 denc=0 sreq=0 sapplied=0 crate=-15 uimp=103105 upos=5720 uneg=3560 ball=6.92 vball=3.29 aball=35.8 bref=0.00 pid=-14.7 pref=549.4 ppos=550.9 apid=0.0 integ=10.6 vision=1 current=1 vframe=3175 vs=1 vage=28 vpage=28 vdt=34 vmax=201 vacc=3149 vrej=0 seq=0 elapsed=0 oled=3C
[  12364] STATUS mode=3 fault=none enc=702 denc=0 sreq=-60 sapplied=-60 crate=-60 uimp=102790 upos=5720 uneg=3565 ball=6.76 vball=0.97 aball=-12.0 bref=0.00 pid=-59.8 pref=544.6 ppos=550.6 apid=-0.0 integ=10.6 vision=1 current=1 vframe=3176 vs=1 vage=15 vpage=15 vdt=33 vmax=201 vacc=3150 vrej=0 seq=0 elapsed=0 oled=3C
[  12391] STATUS mode=3 fault=none enc=700 denc=0 sreq=-55 sapplied=-55 crate=-55 uimp=100520 upos=5720 uneg=3605 ball=6.70 vball=0.13 aball=-12.0 bref=0.00 pid=-54.6 pref=542.8 ppos=548.3 apid=-0.0 integ=10.6 vision=1 current=1 vframe=3177 vs=1 vage=22 vpage=22 vdt=33 vmax=201 vacc=3151 vrej=0 seq=0 elapsed=0 oled=3C
[  12417] STATUS mode=3 fault=none enc=699 denc=1 sreq=0 sapplied=0 crate=-19 uimp=99640 upos=5720 uneg=3625 ball=6.83 vball=1.37 aball=-12.0 bref=0.00 pid=-19.5 pref=545.5 ppos=547.4 apid=-0.0 integ=10.6 vision=1 current=1 vframe=3178 vs=1 vage=8 vpage=8 vdt=34 vmax=201 vacc=3152 vrej=0 seq=0 elapsed=0 oled=3C
[  12444] STATUS mode=3 fault=none enc=698 denc=1 sreq=0 sapplied=0 crate=-19 uimp=99640 upos=5720 uneg=3625 ball=6.83 vball=1.37 aball=-12.0 bref=0.00 pid=-19.5 pref=545.5 ppos=547.4 apid=-0.0 integ=10.6 vision=1 current=1 vframe=3178 vs=1 vage=28 vpage=28 vdt=34 vmax=201 vacc=3152 vrej=0 seq=0 elapsed=0 oled=3C
[  12470] STATUS mode=3 fault=none enc=698 denc=0 sreq=0 sapplied=0 crate=0 uimp=99640 upos=5720 uneg=3625 ball=7.00 vball=1.86 aball=-2.0 bref=0.00 pid=0.0 pref=546.9 ppos=547.4 apid=-0.0 integ=10.6 vision=1 current=1 vframe=3180 vs=1 vage=2 vpage=2 vdt=33 vmax=201 vacc=3154 vrej=0 seq=0 elapsed=0 oled=3C
[  12496] STATUS mode=3 fault=none enc=698 denc=0 sreq=0 sapplied=0 crate=0 uimp=99640 upos=5720 uneg=3625 ball=7.00 vball=1.86 aball=-2.0 bref=0.00 pid=0.0 pref=546.7 ppos=547.4 apid=-0.0 integ=10.6 vision=1 current=1 vframe=3180 vs=1 vage=22 vpage=22 vdt=33 vmax=201 vacc=3154 vrej=0 seq=0 elapsed=0 oled=3C
[  12522] STATUS mode=3 fault=none enc=698 denc=0 sreq=0 sapplied=0 crate=-12 uimp=99640 upos=5720 uneg=3625 ball=7.01 vball=1.39 aball=-2.0 bref=0.00 pid=-12.2 pref=546.2 ppos=547.4 apid=-0.0 integ=11.1 vision=1 current=1 vframe=3181 vs=1 vage=8 vpage=8 vdt=34 vmax=201 vacc=3155 vrej=0 seq=0 elapsed=0 oled=3C
[  12549] STATUS mode=3 fault=none enc=698 denc=0 sreq=0 sapplied=0 crate=-17 uimp=99640 upos=5720 uneg=3625 ball=7.01 vball=0.94 aball=-5.9 bref=0.00 pid=-16.5 pref=545.8 ppos=547.4 apid=-0.0 integ=11.6 vision=1 current=1 vframe=3182 vs=1 vage=15 vpage=15 vdt=33 vmax=201 vacc=3156 vrej=0 seq=0 elapsed=0 oled=3C
[  12575] STATUS mode=3 fault=none enc=698 denc=0 sreq=0 sapplied=0 crate=-17 uimp=99640 upos=5720 uneg=3625 ball=7.00 vball=0.61 aball=-5.9 bref=0.00 pid=-16.5 pref=545.8 ppos=547.4 apid=-0.0 integ=11.6 vision=1 current=1 vframe=3183 vs=1 vage=2 vpage=2 vdt=33 vmax=201 vacc=3157 vrej=0 seq=0 elapsed=0 oled=3C
[  12602] STATUS mode=3 fault=none enc=698 denc=0 sreq=0 sapplied=0 crate=-19 uimp=99640 upos=5720 uneg=3625 ball=7.00 vball=0.61 aball=-5.9 bref=0.00 pid=-18.6 pref=545.6 ppos=547.4 apid=-0.0 integ=12.0 vision=1 current=1 vframe=3183 vs=1 vage=22 vpage=22 vdt=33 vmax=201 vacc=3157 vrej=0 seq=0 elapsed=0 oled=3C
[  12629] STATUS mode=3 fault=none enc=695 denc=0 sreq=-101 sapplied=-101 crate=-101 uimp=96745 upos=5720 uneg=3650 ball=6.49 vball=-4.64 aball=-5.9 bref=0.00 pid=-100.8 pref=534.4 ppos=544.5 apid=-0.0 integ=12.0 vision=1 current=1 vframe=3184 vs=1 vage=28 vpage=28 vdt=34 vmax=201 vacc=3158 vrej=0 seq=0 elapsed=0 oled=3C
[  12656] STATUS mode=3 fault=none enc=691 denc=-2 sreq=-133 sapplied=-133 crate=-133 uimp=94325 upos=5720 uneg=3670 ball=6.03 vball=-7.17 aball=-39.7 bref=0.00 pid=-132.7 pref=528.8 ppos=542.1 apid=-0.0 integ=12.0 vision=1 current=1 vframe=3185 vs=1 vage=15 vpage=15 vdt=33 vmax=201 vacc=3159 vrej=0 seq=0 elapsed=0 oled=3C
[  12684] STATUS mode=3 fault=none enc=688 denc=0 sreq=-108 sapplied=-108 crate=-108 uimp=91860 upos=5720 uneg=3690 ball=6.05 vball=-4.85 aball=-39.7 bref=0.00 pid=-108.1 pref=528.8 ppos=539.6 apid=-0.0 integ=12.0 vision=1 current=1 vframe=3186 vs=1 vage=1 vpage=1 vdt=34 vmax=201 vacc=3160 vrej=0 seq=0 elapsed=0 oled=3C
[  12710] STATUS mode=3 fault=none enc=684 denc=-1 sreq=0 sapplied=0 crate=0 uimp=89835 upos=5720 uneg=3725 ball=6.10 vball=-3.00 aball=-39.7 bref=0.00 pid=0.0 pref=537.3 ppos=537.6 apid=-0.0 integ=12.0 vision=1 current=1 vframe=3187 vs=1 vage=9 vpage=9 vdt=32 vmax=201 vacc=3161 vrej=0 seq=0 elapsed=0 oled=3C
[  12736] STATUS mode=3 fault=none enc=684 denc=0 sreq=0 sapplied=0 crate=0 uimp=89835 upos=5720 uneg=3725 ball=6.10 vball=-3.00 aball=-39.7 bref=0.00 pid=0.0 pref=537.3 ppos=537.6 apid=-0.0 integ=12.0 vision=1 current=1 vframe=3187 vs=1 vage=29 vpage=29 vdt=32 vmax=201 vacc=3161 vrej=0 seq=0 elapsed=0 oled=3C
[  12762] STATUS mode=3 fault=none enc=684 denc=0 sreq=0 sapplied=0 crate=19 uimp=89935 upos=5725 uneg=3725 ball=6.13 vball=-1.85 aball=2.1 bref=0.00 pid=18.8 pref=539.6 ppos=537.7 apid=0.0 integ=12.0 vision=1 current=1 vframe=3188 vs=1 vage=15 vpage=15 vdt=34 vmax=201 vacc=3162 vrej=0 seq=0 elapsed=0 oled=3C
[  12789] STATUS mode=3 fault=none enc=684 denc=0 sreq=29 sapplied=29 crate=29 uimp=90415 upos=5740 uneg=3725 ball=6.15 vball=-1.12 aball=2.1 bref=0.00 pid=28.8 pref=541.1 ppos=538.2 apid=0.0 integ=12.0 vision=1 current=1 vframe=3189 vs=1 vage=22 vpage=22 vdt=33 vmax=201 vacc=3163 vrej=0 seq=0 elapsed=0 oled=3C
[  12815] STATUS mode=3 fault=none enc=685 denc=1 sreq=0 sapplied=0 crate=16 uimp=90825 upos=5755 uneg=3725 ball=6.07 vball=-1.50 aball=2.1 bref=0.00 pid=16.2 pref=540.2 ppos=538.6 apid=0.0 integ=12.0 vision=1 current=1 vframe=3190 vs=1 vage=8 vpage=8 vdt=34 vmax=201 vacc=3164 vrej=0 seq=0 elapsed=0 oled=3C
[  12841] STATUS mode=3 fault=none enc=685 denc=0 sreq=0 sapplied=0 crate=16 uimp=90825 upos=5755 uneg=3725 ball=6.07 vball=-1.50 aball=2.1 bref=0.00 pid=16.2 pref=540.2 ppos=538.6 apid=0.0 integ=12.0 vision=1 current=1 vframe=3190 vs=1 vage=28 vpage=28 vdt=34 vmax=201 vacc=3164 vrej=0 seq=0 elapsed=0 oled=3C
[  12867] STATUS mode=3 fault=none enc=685 denc=0 sreq=26 sapplied=26 crate=26 uimp=91030 upos=5765 uneg=3725 ball=6.05 vball=-0.89 aball=3.9 bref=0.00 pid=26.1 pref=541.4 ppos=538.8 apid=0.0 integ=12.0 vision=1 current=1 vframe=3192 vs=1 vage=2 vpage=2 vdt=32 vmax=201 vacc=3166 vrej=0 seq=0 elapsed=0 oled=3C
[  12894] STATUS mode=3 fault=none enc=685 denc=0 sreq=21 sapplied=21 crate=21 uimp=91515 upos=5785 uneg=3725 ball=6.05 vball=-0.89 aball=3.9 bref=0.00 pid=21.2 pref=541.4 ppos=539.3 apid=0.0 integ=12.0 vision=1 current=1 vframe=3192 vs=1 vage=22 vpage=22 vdt=32 vmax=201 vacc=3166 vrej=0 seq=0 elapsed=0 oled=3C
[  12920] STATUS mode=3 fault=none enc=686 denc=-1 sreq=23 sapplied=23 crate=23 uimp=91845 upos=5800 uneg=3725 ball=6.03 vball=-0.81 aball=3.9 bref=0.00 pid=23.3 pref=541.9 ppos=539.6 apid=0.0 integ=12.4 vision=1 current=1 vframe=3193 vs=1 vage=9 vpage=9 vdt=33 vmax=201 vacc=3167 vrej=0 seq=0 elapsed=0 oled=3C
[  12947] STATUS mode=3 fault=none enc=687 denc=-1 sreq=23 sapplied=23 crate=23 uimp=92520 upos=5830 uneg=3725 ball=6.01 vball=-0.70 aball=4.6 bref=0.00 pid=22.6 pref=542.6 ppos=540.3 apid=0.0 integ=12.8 vision=1 current=1 vframe=3194 vs=1 vage=15 vpage=15 vdt=34 vmax=201 vacc=3168 vrej=0 seq=0 elapsed=0 oled=3C
[  12973] STATUS mode=3 fault=none enc=689 denc=1 sreq=51 sapplied=51 crate=51 uimp=92840 upos=5845 uneg=3725 ball=6.14 vball=0.61 aball=4.6 bref=0.00 pid=51.0 pref=545.7 ppos=540.6 apid=0.0 integ=13.2 vision=1 current=1 vframe=3195 vs=1 vage=3 vpage=3 vdt=32 vmax=201 vacc=3169 vrej=0 seq=0 elapsed=0 oled=3C
[  12999] STATUS mode=3 fault=none enc=689 denc=0 sreq=42 sapplied=42 crate=42 uimp=93785 upos=5865 uneg=3725 ball=6.14 vball=0.61 aball=4.6 bref=0.00 pid=41.6 pref=545.7 ppos=541.6 apid=0.0 integ=13.2 vision=1 current=1 vframe=3195 vs=1 vage=23 vpage=23 vdt=32 vmax=201 vacc=3169 vrej=0 seq=0 elapsed=0 oled=3C
[  13026] STATUS mode=3 fault=none enc=691 denc=-1 sreq=34 sapplied=34 crate=34 uimp=95385 upos=5905 uneg=3725 ball=6.19 vball=0.80 aball=4.6 bref=0.00 pid=34.2 pref=546.6 ppos=543.2 apid=0.0 integ=13.6 vision=1 current=1 vframe=3196 vs=1 vage=29 vpage=29 vdt=34 vmax=201 vacc=3170 vrej=0 seq=0 elapsed=0 oled=3C
[  13052] STATUS mode=3 fault=none enc=693 denc=1 sreq=36 sapplied=36 crate=36 uimp=96110 upos=5925 uneg=3725 ball=6.24 vball=1.03 aball=10.4 bref=0.00 pid=36.3 pref=547.5 ppos=543.9 apid=0.0 integ=14.1 vision=1 current=1 vframe=3197 vs=1 vage=16 vpage=16 vdt=33 vmax=201 vacc=3171 vrej=0 seq=0 elapsed=0 oled=3C
[  13078] STATUS mode=3 fault=none enc=693 denc=0 sreq=34 sapplied=34 crate=34 uimp=96780 upos=5945 uneg=3725 ball=6.27 vball=1.04 aball=10.4 bref=0.00 pid=34.3 pref=548.0 ppos=544.6 apid=0.0 integ=14.5 vision=1 current=1 vframe=3198 vs=1 vage=3 vpage=3 vdt=33 vmax=201 vacc=3172 vrej=0 seq=0 elapsed=0 oled=3C
[  13105] STATUS mode=3 fault=none enc=694 denc=0 sreq=28 sapplied=28 crate=28 uimp=97415 upos=5965 uneg=3725 ball=6.27 vball=1.04 aball=10.4 bref=0.00 pid=27.9 pref=548.0 ppos=545.2 apid=0.0 integ=14.5 vision=1 current=1 vframe=3198 vs=1 vage=23 vpage=23 vdt=33 vmax=201 vacc=3172 vrej=0 seq=0 elapsed=0 oled=3C
[  13131] STATUS mode=3 fault=none enc=696 denc=0 sreq=0 sapplied=0 crate=0 uimp=97815 upos=5980 uneg=3725 ball=6.16 vball=-0.46 aball=10.4 bref=0.00 pid=0.0 pref=545.3 ppos=545.6 apid=0.0 integ=14.9 vision=1 current=1 vframe=3199 vs=1 vage=29 vpage=29 vdt=34 vmax=201 vacc=3173 vrej=0 seq=0 elapsed=0 oled=3C
[  13157] STATUS mode=3 fault=none enc=696 denc=0 sreq=0 sapplied=0 crate=-17 uimp=97815 upos=5980 uneg=3725 ball=6.04 vball=-1.30 aball=-4.8 bref=0.00 pid=-17.5 pref=543.8 ppos=545.6 apid=-0.0 integ=15.3 vision=1 current=1 vframe=3200 vs=1 vage=16 vpage=16 vdt=33 vmax=201 vacc=3174 vrej=0 seq=0 elapsed=0 oled=3C
[  13184] STATUS mode=3 fault=none enc=696 denc=0 sreq=0 sapplied=0 crate=-12 uimp=97815 upos=5980 uneg=3725 ball=6.01 vball=-1.22 aball=-4.8 bref=0.00 pid=-12.3 pref=544.4 ppos=545.6 apid=-0.0 integ=15.7 vision=1 current=1 vframe=3201 vs=1 vage=3 vpage=3 vdt=33 vmax=201 vacc=3175 vrej=0 seq=0 elapsed=0 oled=3C
[  13210] STATUS mode=3 fault=none enc=696 denc=0 sreq=96 sapplied=96 crate=96 uimp=98255 upos=5985 uneg=3725 ball=6.48 vball=3.91 aball=-4.8 bref=0.00 pid=96.0 pref=555.6 ppos=546.0 apid=-0.0 integ=16.1 vision=1 current=1 vframe=3202 vs=1 vage=9 vpage=9 vdt=34 vmax=201 vacc=3176 vrej=0 seq=0 elapsed=0 oled=3C
[  13237] STATUS mode=3 fault=none enc=697 denc=0 sreq=78 sapplied=78 crate=78 uimp=100035 upos=6005 uneg=3725 ball=6.48 vball=3.91 aball=-4.8 bref=0.00 pid=78.2 pref=555.6 ppos=547.8 apid=-0.0 integ=16.1 vision=1 current=1 vframe=3202 vs=1 vage=29 vpage=29 vdt=34 vmax=201 vacc=3176 vrej=0 seq=0 elapsed=0 oled=3C
[  13263] STATUS mode=3 fault=none enc=698 denc=0 sreq=31 sapplied=31 crate=31 uimp=101135 upos=6025 uneg=3725 ball=6.44 vball=1.93 aball=11.8 bref=0.00 pid=31.5 pref=552.1 ppos=548.9 apid=0.0 integ=16.6 vision=1 current=1 vframe=3203 vs=1 vage=15 vpage=15 vdt=34 vmax=201 vacc=3177 vrej=0 seq=0 elapsed=0 oled=3C
[  13290] STATUS mode=3 fault=none enc=699 denc=0 sreq=-39 sapplied=-39 crate=-39 uimp=101425 upos=6050 uneg=3735 ball=6.09 vball=-1.45 aball=11.8 bref=0.00 pid=-38.9 pref=545.3 ppos=549.2 apid=0.0 integ=17.0 vision=1 current=1 vframe=3204 vs=1 vage=20 vpage=20 vdt=35 vmax=201 vacc=3178 vrej=0 seq=0 elapsed=0 oled=3C
[  13316] STATUS mode=3 fault=none enc=698 denc=-2 sreq=57 sapplied=57 crate=57 uimp=100870 upos=6050 uneg=3750 ball=6.48 vball=2.62 aball=11.8 bref=0.00 pid=56.7 pref=554.3 ppos=548.6 apid=0.0 integ=17.4 vision=1 current=1 vframe=3205 vs=1 vage=9 vpage=9 vdt=31 vmax=201 vacc=3179 vrej=0 seq=0 elapsed=0 oled=3C
[  13343] STATUS mode=3 fault=none enc=698 denc=0 sreq=46 sapplied=46 crate=46 uimp=101925 upos=6070 uneg=3750 ball=6.48 vball=2.62 aball=11.8 bref=0.00 pid=46.2 pref=554.3 ppos=549.7 apid=0.0 integ=17.4 vision=1 current=1 vframe=3205 vs=1 vage=29 vpage=29 vdt=31 vmax=201 vacc=3179 vrej=0 seq=0 elapsed=0 oled=3C
[  13369] STATUS mode=3 fault=none enc=703 denc=1 sreq=76 sapplied=76 crate=76 uimp=105135 upos=6110 uneg=3750 ball=6.90 vball=5.49 aball=22.3 bref=0.00 pid=76.5 pref=560.6 ppos=552.9 apid=0.0 integ=17.4 vision=1 current=1 vframe=3206 vs=1 vage=34 vpage=34 vdt=35 vmax=201 vacc=3180 vrej=0 seq=0 elapsed=0 oled=3C
[  13396] STATUS mode=3 fault=none enc=704 denc=0 sreq=53 sapplied=53 crate=53 uimp=106400 upos=6130 uneg=3750 ball=7.03 vball=4.89 aball=22.3 bref=0.00 pid=53.4 pref=559.5 ppos=554.2 apid=0.0 integ=17.4 vision=1 current=1 vframe=3207 vs=1 vage=20 vpage=20 vdt=34 vmax=201 vacc=3181 vrej=0 seq=0 elapsed=0 oled=3C
[  13422] STATUS mode=3 fault=none enc=704 denc=-1 sreq=0 sapplied=0 crate=19 uimp=107160 upos=6145 uneg=3750 ball=7.05 vball=3.55 aball=22.3 bref=0.00 pid=19.2 pref=556.9 ppos=554.9 apid=0.0 integ=17.4 vision=1 current=1 vframe=3208 vs=1 vage=9 vpage=9 vdt=31 vmax=201 vacc=3182 vrej=0 seq=0 elapsed=0 oled=3C
[  13449] STATUS mode=3 fault=none enc=705 denc=0 sreq=-43 sapplied=-43 crate=-43 uimp=106935 upos=6145 uneg=3755 ball=6.81 vball=0.48 aball=-10.5 bref=0.00 pid=-42.8 pref=550.4 ppos=554.7 apid=-0.0 integ=17.4 vision=1 current=1 vframe=3209 vs=1 vage=15 vpage=15 vdt=34 vmax=201 vacc=3183 vrej=0 seq=0 elapsed=0 oled=3C
[  13476] STATUS mode=3 fault=none enc=705 denc=0 sreq=-35 sapplied=-35 crate=-35 uimp=106135 upos=6145 uneg=3775 ball=6.33 vball=-4.13 aball=-10.5 bref=0.00 pid=-34.8 pref=550.4 ppos=553.9 apid=-0.0 integ=17.4 vision=1 current=1 vframe=3210 vs=1 vage=2 vpage=2 vdt=33 vmax=201 vacc=3184 vrej=0 seq=0 elapsed=0 oled=3C
[  13504] STATUS mode=3 fault=none enc=704 denc=0 sreq=-112 sapplied=-112 crate=-112 uimp=104095 upos=6145 uneg=3795 ball=6.33 vball=-4.13 aball=-10.5 bref=0.00 pid=-112.3 pref=540.6 ppos=551.9 apid=-0.0 integ=17.4 vision=1 current=1 vframe=3210 vs=1 vage=22 vpage=22 vdt=33 vmax=201 vacc=3184 vrej=0 seq=0 elapsed=0 oled=3C
[  13531] STATUS mode=3 fault=none enc=698 denc=0 sreq=-111 sapplied=-111 crate=-111 uimp=99240 upos=6145 uneg=3835 ball=5.94 vball=-6.27 aball=-10.5 bref=0.00 pid=-111.3 pref=535.9 ppos=547.0 apid=-0.0 integ=17.4 vision=1 current=1 vframe=3211 vs=1 vage=28 vpage=28 vdt=34 vmax=201 vacc=3185 vrej=0 seq=0 elapsed=0 oled=3C
[  13558] STATUS mode=3 fault=none enc=695 denc=0 sreq=-74 sapplied=-74 crate=-74 uimp=97355 upos=6145 uneg=3855 ball=5.84 vball=-5.31 aball=-31.8 bref=0.00 pid=-74.4 pref=537.7 ppos=545.1 apid=-0.0 integ=17.4 vision=1 current=1 vframe=3212 vs=1 vage=15 vpage=15 vdt=33 vmax=201 vacc=3186 vrej=0 seq=0 elapsed=0 oled=3C
[  13585] STATUS mode=3 fault=none enc=693 denc=-1 sreq=-32 sapplied=-32 crate=-32 uimp=95975 upos=6145 uneg=3875 ball=5.83 vball=-3.85 aball=-31.8 bref=0.00 pid=-31.5 pref=540.6 ppos=543.8 apid=-0.0 integ=17.4 vision=1 current=1 vframe=3213 vs=1 vage=4 vpage=4 vdt=31 vmax=201 vacc=3187 vrej=0 seq=0 elapsed=0 oled=3C
[  13611] STATUS mode=3 fault=none enc=693 denc=1 sreq=0 sapplied=0 crate=0 uimp=95025 upos=6145 uneg=3910 ball=5.84 vball=-2.57 aball=-31.8 bref=0.00 pid=0.0 pref=543.2 ppos=542.8 apid=-0.0 integ=17.4 vision=1 current=1 vframe=3214 vs=1 vage=9 vpage=9 vdt=35 vmax=201 vacc=3188 vrej=0 seq=0 elapsed=0 oled=3C
[  13637] STATUS mode=3 fault=none enc=693 denc=0 sreq=0 sapplied=0 crate=0 uimp=95025 upos=6145 uneg=3910 ball=5.84 vball=-2.57 aball=-31.8 bref=0.00 pid=0.0 pref=543.2 ppos=542.8 apid=-0.0 integ=17.4 vision=1 current=1 vframe=3214 vs=1 vage=29 vpage=29 vdt=35 vmax=201 vacc=3188 vrej=0 seq=0 elapsed=0 oled=3C
[  13664] STATUS mode=3 fault=none enc=693 denc=0 sreq=21 sapplied=21 crate=21 uimp=95135 upos=6150 uneg=3910 ball=5.86 vball=-1.65 aball=-0.9 bref=0.00 pid=21.2 pref=545.0 ppos=542.9 apid=-0.0 integ=17.4 vision=1 current=1 vframe=3215 vs=1 vage=16 vpage=16 vdt=33 vmax=201 vacc=3189 vrej=0 seq=0 elapsed=0 oled=3C
[  13691] STATUS mode=3 fault=none enc=693 denc=0 sreq=27 sapplied=27 crate=27 uimp=95785 upos=6175 uneg=3910 ball=5.87 vball=-1.04 aball=-0.9 bref=0.00 pid=27.0 pref=546.3 ppos=543.6 apid=-0.0 integ=17.4 vision=1 current=1 vframe=3216 vs=1 vage=22 vpage=22 vdt=34 vmax=201 vacc=3190 vrej=0 seq=0 elapsed=0 oled=3C
[  13717] STATUS mode=3 fault=none enc=693 denc=1 sreq=30 sapplied=30 crate=30 uimp=96325 upos=6195 uneg=3910 ball=5.89 vball=-0.64 aball=-0.9 bref=0.00 pid=29.9 pref=547.1 ppos=544.1 apid=-0.0 integ=17.4 vision=1 current=1 vframe=3217 vs=1 vage=9 vpage=9 vdt=33 vmax=201 vacc=3191 vrej=0 seq=0 elapsed=0 oled=3C
[  13744] STATUS mode=3 fault=none enc=693 denc=0 sreq=24 sapplied=24 crate=24 uimp=96880 upos=6215 uneg=3910 ball=5.89 vball=-0.64 aball=-0.9 bref=0.00 pid=24.3 pref=547.1 ppos=544.7 apid=-0.0 integ=17.4 vision=1 current=1 vframe=3217 vs=1 vage=29 vpage=29 vdt=33 vmax=201 vacc=3191 vrej=0 seq=0 elapsed=0 oled=3C
[  13770] STATUS mode=3 fault=none enc=695 denc=1 sreq=20 sapplied=20 crate=20 uimp=97825 upos=6255 uneg=3910 ball=5.90 vball=-0.24 aball=5.0 bref=0.00 pid=19.7 pref=547.6 ppos=545.6 apid=0.0 integ=17.4 vision=1 current=1 vframe=3219 vs=1 vage=2 vpage=2 vdt=32 vmax=201 vacc=3193 vrej=0 seq=0 elapsed=0 oled=3C
[  13796] STATUS mode=3 fault=none enc=696 denc=1 sreq=22 sapplied=22 crate=22 uimp=98290 upos=6275 uneg=3910 ball=5.90 vball=-0.24 aball=5.0 bref=0.00 pid=22.1 pref=548.3 ppos=546.1 apid=0.0 integ=17.8 vision=1 current=1 vframe=3219 vs=1 vage=22 vpage=22 vdt=32 vmax=201 vacc=3193 vrej=0 seq=0 elapsed=0 oled=3C
[  13822] STATUS mode=3 fault=none enc=696 denc=0 sreq=24 sapplied=24 crate=24 uimp=98730 upos=6295 uneg=3910 ball=5.90 vball=-0.14 aball=5.0 bref=0.00 pid=23.6 pref=548.9 ppos=546.5 apid=0.0 integ=18.2 vision=1 current=1 vframe=3220 vs=1 vage=9 vpage=9 vdt=33 vmax=201 vacc=3194 vrej=0 seq=0 elapsed=0 oled=3C
[  13848] STATUS mode=3 fault=none enc=697 denc=0 sreq=0 sapplied=0 crate=0 uimp=99165 upos=6315 uneg=3910 ball=5.80 vball=-0.94 aball=0.3 bref=0.00 pid=0.0 pref=547.5 ppos=546.9 apid=0.0 integ=18.5 vision=1 current=1 vframe=3221 vs=1 vage=15 vpage=15 vdt=34 vmax=201 vacc=3195 vrej=0 seq=0 elapsed=0 oled=3C
[  13874] STATUS mode=3 fault=none enc=697 denc=0 sreq=0 sapplied=0 crate=0 uimp=99165 upos=6315 uneg=3910 ball=5.77 vball=-0.92 aball=0.3 bref=0.00 pid=0.0 pref=547.5 ppos=546.9 apid=0.0 integ=18.5 vision=1 current=1 vframe=3222 vs=1 vage=2 vpage=2 vdt=33 vmax=201 vacc=3196 vrej=0 seq=0 elapsed=0 oled=3C
[  13900] STATUS mode=3 fault=none enc=697 denc=0 sreq=0 sapplied=0 crate=0 uimp=99165 upos=6315 uneg=3910 ball=5.77 vball=-0.92 aball=0.3 bref=0.00 pid=0.0 pref=547.9 ppos=546.9 apid=0.0 integ=18.9 vision=1 current=1 vframe=3222 vs=1 vage=22 vpage=22 vdt=33 vmax=201 vacc=3196 vrej=0 seq=0 elapsed=0 oled=3C
[  13927] STATUS mode=3 fault=none enc=697 denc=0 sreq=0 sapplied=0 crate=18 uimp=99165 upos=6315 uneg=3910 ball=5.77 vball=-0.69 aball=0.3 bref=0.00 pid=18.3 pref=548.8 ppos=546.9 apid=0.0 integ=19.3 vision=1 current=1 vframe=3223 vs=1 vage=29 vpage=29 vdt=33 vmax=201 vacc=3197 vrej=0 seq=0 elapsed=0 oled=3C
[  13953] STATUS mode=3 fault=none enc=697 denc=0 sreq=29 sapplied=29 crate=29 uimp=99475 upos=6325 uneg=3910 ball=5.79 vball=-0.22 aball=3.4 bref=0.00 pid=28.7 pref=550.1 ppos=547.3 apid=0.0 integ=19.7 vision=1 current=1 vframe=3224 vs=1 vage=15 vpage=15 vdt=34 vmax=201 vacc=3198 vrej=0 seq=0 elapsed=0 oled=3C
[  13979] STATUS mode=3 fault=none enc=697 denc=0 sreq=23 sapplied=23 crate=23 uimp=100010 upos=6345 uneg=3910 ball=5.83 vball=0.19 aball=3.4 bref=0.00 pid=23.4 pref=550.1 ppos=547.8 apid=0.0 integ=19.7 vision=1 current=1 vframe=3225 vs=1 vage=2 vpage=2 vdt=33 vmax=201 vacc=3199 vrej=0 seq=0 elapsed=0 oled=3C
[  14006] STATUS mode=3 fault=none enc=699 denc=1 sreq=39 sapplied=39 crate=39 uimp=101250 upos=6385 uneg=3910 ball=5.89 vball=0.71 aball=3.4 bref=0.00 pid=38.6 pref=552.9 ppos=549.0 apid=0.0 integ=20.5 vision=1 current=1 vframe=3226 vs=1 vage=8 vpage=8 vdt=34 vmax=201 vacc=3200 vrej=0 seq=0 elapsed=0 oled=3C
[  14032] STATUS mode=3 fault=none enc=700 denc=0 sreq=31 sapplied=31 crate=31 uimp=101970 upos=6405 uneg=3910 ball=5.89 vball=0.71 aball=3.4 bref=0.00 pid=31.4 pref=552.9 ppos=549.7 apid=0.0 integ=20.5 vision=1 current=1 vframe=3226 vs=1 vage=28 vpage=28 vdt=34 vmax=201 vacc=3200 vrej=0 seq=0 elapsed=0 oled=3C
[  14058] STATUS mode=3 fault=none enc=700 denc=-1 sreq=39 sapplied=39 crate=39 uimp=102695 upos=6425 uneg=3910 ball=5.97 vball=1.21 aball=8.3 bref=0.00 pid=39.1 pref=554.4 ppos=550.5 apid=0.0 integ=20.9 vision=1 current=1 vframe=3227 vs=1 vage=15 vpage=15 vdt=33 vmax=201 vacc=3201 vrej=0 seq=0 elapsed=0 oled=3C
[  14085] STATUS mode=3 fault=none enc=702 denc=1 sreq=32 sapplied=32 crate=32 uimp=103420 upos=6445 uneg=3910 ball=6.05 vball=1.53 aball=8.3 bref=0.00 pid=31.8 pref=554.4 ppos=551.2 apid=0.0 integ=20.9 vision=1 current=1 vframe=3228 vs=1 vage=2 vpage=2 vdt=33 vmax=201 vacc=3202 vrej=0 seq=0 elapsed=0 oled=3C
[  14111] STATUS mode=3 fault=none enc=703 denc=0 sreq=57 sapplied=57 crate=57 uimp=104985 upos=6485 uneg=3910 ball=6.23 vball=2.70 aball=8.3 bref=0.00 pid=57.3 pref=558.5 ppos=552.8 apid=0.0 integ=21.7 vision=1 current=1 vframe=3229 vs=1 vage=8 vpage=8 vdt=34 vmax=201 vacc=3203 vrej=0 seq=0 elapsed=0 oled=3C
[  14137] STATUS mode=3 fault=none enc=706 denc=1 sreq=47 sapplied=47 crate=47 uimp=106045 upos=6505 uneg=3910 ball=6.23 vball=2.70 aball=8.3 bref=0.00 pid=46.7 pref=558.5 ppos=553.8 apid=0.0 integ=21.7 vision=1 current=1 vframe=3229 vs=1 vage=28 vpage=28 vdt=34 vmax=201 vacc=3203 vrej=0 seq=0 elapsed=0 oled=3C
[  14164] STATUS mode=3 fault=none enc=706 denc=0 sreq=42 sapplied=42 crate=42 uimp=106955 upos=6525 uneg=3910 ball=6.32 vball=2.66 aball=11.0 bref=0.00 pid=42.2 pref=559.0 ppos=554.7 apid=0.0 integ=22.1 vision=1 current=1 vframe=3230 vs=1 vage=14 vpage=14 vdt=34 vmax=201 vacc=3204 vrej=0 seq=0 elapsed=0 oled=3C
[  14190] STATUS mode=3 fault=none enc=708 denc=0 sreq=23 sapplied=23 crate=23 uimp=108285 upos=6565 uneg=3910 ball=6.35 vball=2.13 aball=11.0 bref=0.00 pid=22.7 pref=558.3 ppos=556.1 apid=0.0 integ=22.5 vision=1 current=1 vframe=3231 vs=1 vage=22 vpage=22 vdt=32 vmax=201 vacc=3205 vrej=0 seq=0 elapsed=0 oled=3C
[  14216] STATUS mode=3 fault=none enc=709 denc=2 sreq=0 sapplied=0 crate=12 uimp=108610 upos=6580 uneg=3910 ball=6.36 vball=1.54 aball=11.0 bref=0.00 pid=12.0 pref=557.6 ppos=556.4 apid=0.0 integ=23.0 vision=1 current=1 vframe=3232 vs=1 vage=9 vpage=9 vdt=33 vmax=201 vacc=3206 vrej=0 seq=0 elapsed=0 oled=3C
[  14243] STATUS mode=3 fault=none enc=709 denc=0 sreq=0 sapplied=0 crate=12 uimp=108610 upos=6580 uneg=3910 ball=6.36 vball=1.54 aball=11.0 bref=0.00 pid=12.0 pref=557.6 ppos=556.4 apid=0.0 integ=23.0 vision=1 current=1 vframe=3232 vs=1 vage=29 vpage=29 vdt=33 vmax=201 vacc=3206 vrej=0 seq=0 elapsed=0 oled=3C
[  14269] STATUS mode=3 fault=none enc=709 denc=0 sreq=0 sapplied=0 crate=-19 uimp=108610 upos=6580 uneg=3910 ball=6.21 vball=-0.35 aball=-4.6 bref=0.00 pid=-19.3 pref=554.5 ppos=556.4 apid=-0.0 integ=23.8 vision=1 current=1 vframe=3234 vs=1 vage=3 vpage=3 vdt=33 vmax=201 vacc=3208 vrej=0 seq=0 elapsed=0 oled=3C
[  14296] STATUS mode=3 fault=none enc=709 denc=0 sreq=0 sapplied=0 crate=-19 uimp=108610 upos=6580 uneg=3910 ball=6.21 vball=-0.35 aball=-4.6 bref=0.00 pid=-19.3 pref=554.5 ppos=556.4 apid=-0.0 integ=23.8 vision=1 current=1 vframe=3234 vs=1 vage=23 vpage=23 vdt=33 vmax=201 vacc=3208 vrej=0 seq=0 elapsed=0 oled=3C
[  14296] >>> stop
[  14322] STATUS mode=3 fault=none enc=709 denc=0 sreq=0 sapplied=0 crate=-17 uimp=108610 upos=6580 uneg=3910 ball=6.19 vball=-0.44 aball=-4.6 bref=0.00 pid=-17.2 pref=554.7 ppos=556.4 apid=-0.0 integ=24.2 vision=1 current=1 vframe=3235 vs=1 vage=9 vpage=9 vdt=34 vmax=201 vacc=3209 vrej=0 seq=0 elapsed=0 oled=3C
[  14349] STATUS mode=1 fault=none enc=698 denc=-1 sreq=0 sapplied=0 crate=0 uimp=108610 upos=6580 uneg=3910 ball=6.53 vball=1.96 aball=0.0 bref=0.00 pid=0.0 pref=556.4 ppos=556.4 apid=0.0 integ=0.0 vision=1 current=1 vframe=3236 vs=1 vage=16 vpage=16 vdt=33 vmax=201 vacc=3210 vrej=0 seq=0 elapsed=0 oled=3C
[  14374] STATUS mode=1 fault=none enc=699 denc=0 sreq=0 sapplied=0 crate=0 uimp=108610 upos=6580 uneg=3910 ball=6.34 vball=-0.23 aball=0.0 bref=0.00 pid=0.0 pref=556.4 ppos=556.4 apid=0.0 integ=0.0 vision=1 current=1 vframe=3237 vs=1 vage=2 vpage=2 vdt=34 vmax=201 vacc=3211 vrej=0 seq=0 elapsed=0 oled=3C
[  14401] STATUS mode=1 fault=none enc=699 denc=0 sreq=0 sapplied=0 crate=0 uimp=108610 upos=6580 uneg=3910 ball=6.34 vball=-0.23 aball=0.0 bref=0.00 pid=0.0 pref=556.4 ppos=556.4 apid=0.0 integ=0.0 vision=1 current=1 vframe=3237 vs=1 vage=22 vpage=22 vdt=34 vmax=201 vacc=3211 vrej=0 seq=0 elapsed=0 oled=3C
[  14427] STATUS mode=1 fault=none enc=699 denc=0 sreq=0 sapplied=0 crate=0 uimp=108610 upos=6580 uneg=3910 ball=6.34 vball=-0.23 aball=0.0 bref=0.00 pid=0.0 pref=556.4 ppos=556.4 apid=0.0 integ=0.0 vision=1 current=1 vframe=3238 vs=1 vage=30 vpage=30 vdt=32 vmax=201 vacc=3212 vrej=0 seq=0 elapsed=0 oled=3C
[  14453] STATUS mode=1 fault=none enc=699 denc=0 sreq=0 sapplied=0 crate=0 uimp=108610 upos=6580 uneg=3910 ball=6.24 vball=-1.08 aball=0.0 bref=0.00 pid=0.0 pref=556.4 ppos=556.4 apid=0.0 integ=0.0 vision=1 current=1 vframe=3239 vs=1 vage=16 vpage=16 vdt=34 vmax=201 vacc=3213 vrej=0 seq=0 elapsed=0 oled=3C
[  14479] STATUS mode=1 fault=none enc=699 denc=0 sreq=0 sapplied=0 crate=0 uimp=108610 upos=6580 uneg=3910 ball=6.18 vball=-1.20 aball=0.0 bref=0.00 pid=0.0 pref=556.4 ppos=556.4 apid=0.0 integ=0.0 vision=1 current=1 vframe=3240 vs=1 vage=3 vpage=3 vdt=33 vmax=201 vacc=3214 vrej=0 seq=0 elapsed=0 oled=3C
[  14505] STATUS mode=1 fault=none enc=699 denc=0 sreq=0 sapplied=0 crate=0 uimp=108610 upos=6580 uneg=3910 ball=6.18 vball=-1.20 aball=0.0 bref=0.00 pid=0.0 pref=556.4 ppos=556.4 apid=0.0 integ=0.0 vision=1 current=1 vframe=3240 vs=1 vage=23 vpage=23 vdt=33 vmax=201 vacc=3214 vrej=0 seq=0 elapsed=0 oled=3C
[  14531] STATUS mode=1 fault=none enc=699 denc=0 sreq=0 sapplied=0 crate=0 uimp=108610 upos=6580 uneg=3910 ball=6.17 vball=-0.96 aball=0.0 bref=0.00 pid=0.0 pref=556.4 ppos=556.4 apid=0.0 integ=0.0 vision=1 current=1 vframe=3241 vs=1 vage=29 vpage=29 vdt=34 vmax=201 vacc=3215 vrej=0 seq=0 elapsed=0 oled=3C
[  14557] STATUS mode=1 fault=none enc=699 denc=0 sreq=0 sapplied=0 crate=0 uimp=108610 upos=6580 uneg=3910 ball=6.17 vball=-0.67 aball=0.0 bref=0.00 pid=0.0 pref=556.4 ppos=556.4 apid=0.0 integ=0.0 vision=1 current=1 vframe=3242 vs=1 vage=16 vpage=16 vdt=33 vmax=201 vacc=3216 vrej=0 seq=0 elapsed=0 oled=3C
[  14557] >>> stream off
[  14583] STATUS mode=1 fault=none enc=699 denc=0 sreq=0 sapplied=0 crate=0 uimp=108610 upos=6580 uneg=3910 ball=6.18 vball=-0.44 aball=0.0 bref=0.00 pid=0.0 pref=556.4 ppos=556.4 apid=0.0 integ=0.0 vision=1 current=1 vframe=3243 vs=1 vage=3 vpage=3 vdt=33 vmax=201 vacc=3217 vrej=0 seq=0 elapsed=0 oled=3C
[  14584] OK stream off
[  14713] RESULT sequence_timeout seq=0 elapsed=0
