[      0] >>> bench on
[     16] OK stepper visual-only bench active; command pose preserved
[    125] >>> clear
[    125] OK fault cleared
[    250] >>> diag reset
[    250] OK actuator diagnostics reset
[    375] >>> gain ball 3.0 0.5 5.0 -1
[    391] OK ball gains kp=3.000 ki=0.500 kd=5.000 sign=-1
[    500] >>> gain accel 0
[    500] OK ball acceleration gain ka=0.000
[    625] >>> limit rate 250
[    625] OK ball rate limit=250 steps/s
[    750] >>> stream on 20
[    750] OK stream on 20 ms
[    797] STATUS mode=1 fault=none enc=-121 denc=0 sreq=0 sapplied=0 crate=0 uimp=0 upos=0 uneg=0 ball=-12.09 vball=1.75 aball=0.0 bref=0.00 pid=0.0 pref=-116.8 ppos=-116.8 apid=0.0 integ=0.0 vision=1 current=1 vframe=31591 vs=1 vage=12 vpage=12 vdt=31 vmax=266 vacc=31529 vrej=0 seq=0 elapsed=0 oled=3C
[    827] STATUS mode=1 fault=none enc=-121 denc=0 sreq=0 sapplied=0 crate=0 uimp=0 upos=0 uneg=0 ball=-12.09 vball=1.75 aball=0.0 bref=0.00 pid=0.0 pref=-116.8 ppos=-116.8 apid=0.0 integ=0.0 vision=1 current=1 vframe=31591 vs=1 vage=32 vpage=32 vdt=31 vmax=266 vacc=31529 vrej=0 seq=0 elapsed=0 oled=3C
[    858] STATUS mode=1 fault=none enc=-121 denc=0 sreq=0 sapplied=0 crate=0 uimp=0 upos=0 uneg=0 ball=-12.09 vball=1.21 aball=0.0 bref=0.00 pid=0.0 pref=-116.8 ppos=-116.8 apid=0.0 integ=0.0 vision=1 current=1 vframe=31592 vs=1 vage=19 vpage=19 vdt=33 vmax=266 vacc=31530 vrej=0 seq=0 elapsed=0 oled=3C
[    875] STATUS mode=1 fault=none enc=-121 denc=0 sreq=0 sapplied=0 crate=0 uimp=0 upos=0 uneg=0 ball=-12.09 vball=0.85 aball=0.0 bref=0.00 pid=0.0 pref=-116.8 ppos=-116.8 apid=0.0 integ=0.0 vision=1 current=1 vframe=31593 vs=1 vage=6 vpage=6 vdt=33 vmax=266 vacc=31531 vrej=0 seq=0 elapsed=0 oled=3C
[    875] >>> ball 0
[    906] STATUS mode=1 fault=none enc=-121 denc=0 sreq=0 sapplied=0 crate=0 uimp=0 upos=0 uneg=0 ball=-12.06 vball=0.86 aball=0.0 bref=0.00 pid=0.0 pref=-116.8 ppos=-116.8 apid=0.0 integ=0.0 vision=1 current=1 vframe=31601 vs=1 vage=10 vpage=10 vdt=36 vmax=266 vacc=31539 vrej=0 seq=0 elapsed=0 oled=3C
[    936] STATUS mode=3 fault=none enc=-120 denc=0 sreq=-250 sapplied=-250 crate=-250 uimp=-1500 upos=0 uneg=10 ball=-12.06 vball=0.86 aball=0.0 bref=0.00 pid=-250.0 pref=-148.7 ppos=-118.3 apid=0.0 integ=-0.0 vision=1 current=1 vframe=31601 vs=1 vage=30 vpage=30 vdt=36 vmax=266 vacc=31539 vrej=0 seq=0 elapsed=0 oled=3C
[    952] STATUS mode=3 fault=none enc=-127 denc=-1 sreq=-250 sapplied=-250 crate=-250 uimp=-6500 upos=0 uneg=30 ball=-12.06 vball=0.67 aball=0.0 bref=0.00 pid=-250.0 pref=-149.6 ppos=-123.3 apid=0.0 integ=-0.0 vision=1 current=1 vframe=31602 vs=1 vage=19 vpage=19 vdt=31 vmax=266 vacc=31540 vrej=0 seq=0 elapsed=0 oled=3C
[    983] STATUS mode=3 fault=none enc=-138 denc=-1 sreq=-177 sapplied=-177 crate=-177 uimp=-15345 upos=0 uneg=70 ball=-12.04 vball=0.62 aball=0.0 bref=0.00 pid=-176.8 pref=-149.8 ppos=-132.2 apid=0.0 integ=-0.0 vision=1 current=1 vframe=31603 vs=1 vage=25 vpage=25 vdt=34 vmax=266 vacc=31541 vrej=0 seq=0 elapsed=0 oled=3C
[   1016] STATUS mode=3 fault=none enc=-142 denc=-2 sreq=-165 sapplied=-165 crate=-165 uimp=-18740 upos=0 uneg=90 ball=-12.06 vball=0.19 aball=-3.1 bref=0.00 pid=-164.9 pref=-152.0 ppos=-135.6 apid=-0.0 integ=-0.0 vision=1 current=1 vframe=31604 vs=1 vage=12 vpage=12 vdt=33 vmax=266 vacc=31542 vrej=0 seq=0 elapsed=0 oled=3C
[   1047] STATUS mode=3 fault=none enc=-145 denc=-1 sreq=-134 sapplied=-134 crate=-134 uimp=-21800 upos=0 uneg=110 ball=-12.06 vball=0.19 aball=-3.1 bref=0.00 pid=-134.3 pref=-152.0 ppos=-138.6 apid=-0.0 integ=-0.0 vision=1 current=1 vframe=31604 vs=1 vage=32 vpage=32 vdt=33 vmax=266 vacc=31542 vrej=0 seq=0 elapsed=0 oled=3C
[   1061] STATUS mode=3 fault=none enc=-152 denc=-1 sreq=-102 sapplied=-102 crate=-102 uimp=-26770 upos=0 uneg=150 ball=-12.10 vball=-0.17 aball=-3.1 bref=0.00 pid=-101.5 pref=-153.7 ppos=-143.6 apid=-0.0 integ=-0.0 vision=1 current=1 vframe=31606 vs=1 vage=4 vpage=4 vdt=35 vmax=266 vacc=31544 vrej=0 seq=0 elapsed=0 oled=3C
[   1093] STATUS mode=3 fault=none enc=-154 denc=0 sreq=-85 sapplied=-85 crate=-85 uimp=-28690 upos=0 uneg=170 ball=-12.10 vball=-0.17 aball=-3.1 bref=0.00 pid=-84.6 pref=-154.0 ppos=-145.5 apid=-0.0 integ=-0.0 vision=1 current=1 vframe=31606 vs=1 vage=24 vpage=24 vdt=35 vmax=266 vacc=31544 vrej=0 seq=0 elapsed=0 oled=3C
[   1125] STATUS mode=3 fault=none enc=-157 denc=-1 sreq=-32 sapplied=-32 crate=-32 uimp=-30845 upos=0 uneg=90 ball=-12.04 vball=0.45 aball=-0.5 bref=0.00 pid=-39.7 pref=-150.9 ppos=-146.9 apid=-0.0 integ=-0.2 vision=1 current=1 vframe=31607 vs=1 vage=10 vpage=10 vdt=34 vmax=266 vacc=31545 vrej=0 seq=0 elapsed=0 oled=3C
[   1156] STATUS mode=3 fault=none enc=-157 denc=0 sreq=-25 sapplied=-25 crate=-25 uimp=-31435 upos=0 uneg=230 ball=-12.02 vball=0.50 aball=-0.5 bref=0.00 pid=-25.3 pref=-150.8 ppos=-148.2 apid=-0.0 integ=-0.4 vision=1 current=1 vframe=31615 vs=1 vage=17 vpage=17 vdt=33 vmax=266 vacc=31553 vrej=0 seq=0 elapsed=0 oled=3C
[   1172] STATUS mode=3 fault=none enc=-157 denc=0 sreq=-27 sapplied=-27 crate=-27 uimp=-31905 upos=0 uneg=250 ball=-12.01 vball=0.40 aball=-0.5 bref=0.00 pid=-27.1 pref=-151.4 ppos=-148.7 apid=-0.0 integ=-0.6 vision=1 current=1 vframe=31616 vs=1 vage=6 vpage=6 vdt=31 vmax=266 vacc=31554 vrej=0 seq=0 elapsed=0 oled=3C
[   1202] STATUS mode=3 fault=none enc=-159 denc=-1 sreq=-26 sapplied=-26 crate=-26 uimp=-32855 upos=0 uneg=290 ball=-12.01 vball=0.28 aball=-1.1 bref=0.00 pid=-25.8 pref=-152.3 ppos=-149.7 apid=-0.0 integ=-0.8 vision=1 current=1 vframe=31617 vs=1 vage=10 vpage=10 vdt=36 vmax=266 vacc=31555 vrej=0 seq=0 elapsed=0 oled=3C
[   1233] STATUS mode=3 fault=none enc=-159 denc=0 sreq=-21 sapplied=-21 crate=-21 uimp=-33335 upos=0 uneg=310 ball=-12.01 vball=0.28 aball=-1.1 bref=0.00 pid=-21.0 pref=-152.3 ppos=-150.1 apid=-0.0 integ=-0.8 vision=1 current=1 vframe=31617 vs=1 vage=30 vpage=30 vdt=36 vmax=266 vacc=31555 vrej=0 seq=0 elapsed=0 oled=3C
[   1266] STATUS mode=3 fault=none enc=-160 denc=-1 sreq=-23 sapplied=-23 crate=-23 uimp=-33795 upos=0 uneg=330 ball=-12.01 vball=0.18 aball=-1.1 bref=0.00 pid=-23.4 pref=-152.9 ppos=-150.6 apid=-0.0 integ=-1.0 vision=1 current=1 vframe=31618 vs=1 vage=17 vpage=17 vdt=33 vmax=266 vacc=31556 vrej=0 seq=0 elapsed=0 oled=3C
[   1281] STATUS mode=3 fault=none enc=-162 denc=0 sreq=0 sapplied=0 crate=0 uimp=-34225 upos=0 uneg=350 ball=-11.96 vball=0.55 aball=-1.1 bref=0.00 pid=0.0 pref=-151.2 ppos=-151.0 apid=-0.0 integ=-1.2 vision=1 current=1 vframe=31619 vs=1 vage=22 vpage=22 vdt=35 vmax=266 vacc=31557 vrej=0 seq=0 elapsed=0 oled=3C
[   1311] STATUS mode=3 fault=none enc=-162 denc=0 sreq=0 sapplied=0 crate=0 uimp=-34225 upos=0 uneg=350 ball=-11.95 vball=0.52 aball=0.5 bref=0.00 pid=0.0 pref=-151.5 ppos=-151.0 apid=0.0 integ=-1.4 vision=1 current=1 vframe=31620 vs=1 vage=12 vpage=12 vdt=30 vmax=266 vacc=31558 vrej=0 seq=0 elapsed=0 oled=3C
[   1343] STATUS mode=3 fault=none enc=-162 denc=0 sreq=0 sapplied=0 crate=0 uimp=-34225 upos=0 uneg=350 ball=-11.95 vball=0.52 aball=0.5 bref=0.00 pid=0.0 pref=-151.5 ppos=-151.0 apid=0.0 integ=-1.4 vision=1 current=1 vframe=31620 vs=1 vage=32 vpage=32 vdt=30 vmax=266 vacc=31558 vrej=0 seq=0 elapsed=0 oled=3C
[   1358] STATUS mode=3 fault=none enc=-162 denc=0 sreq=0 sapplied=0 crate=-17 uimp=-34225 upos=0 uneg=350 ball=-11.94 vball=0.33 aball=0.5 bref=0.00 pid=-16.7 pref=-152.7 ppos=-151.0 apid=0.0 integ=-1.7 vision=1 current=1 vframe=31622 vs=1 vage=16 vpage=16 vdt=16 vmax=266 vacc=31560 vrej=0 seq=0 elapsed=0 oled=3C
[   1391] STATUS mode=3 fault=none enc=-162 denc=0 sreq=0 sapplied=0 crate=-17 uimp=-34225 upos=0 uneg=350 ball=-11.94 vball=0.33 aball=0.5 bref=0.00 pid=-16.7 pref=-152.7 ppos=-151.0 apid=0.0 integ=-1.7 vision=1 current=1 vframe=31622 vs=1 vage=36 vpage=36 vdt=16 vmax=266 vacc=31560 vrej=0 seq=0 elapsed=0 oled=3C
[   1422] STATUS mode=3 fault=none enc=-162 denc=0 sreq=-22 sapplied=-22 crate=-22 uimp=-34470 upos=0 uneg=360 ball=-11.95 vball=0.22 aball=-1.1 bref=0.00 pid=-22.5 pref=-153.5 ppos=-151.3 apid=-0.0 integ=-2.0 vision=1 current=1 vframe=31623 vs=1 vage=16 vpage=16 vdt=40 vmax=266 vacc=31561 vrej=0 seq=0 elapsed=0 oled=3C
[   1436] STATUS mode=3 fault=none enc=-163 denc=0 sreq=0 sapplied=0 crate=-19 uimp=-35000 upos=0 uneg=385 ball=-11.94 vball=0.20 aball=-1.1 bref=0.00 pid=-19.5 pref=-153.8 ppos=-151.8 apid=-0.0 integ=-2.1 vision=1 current=1 vframe=31624 vs=1 vage=29 vpage=29 vdt=27 vmax=266 vacc=31562 vrej=0 seq=0 elapsed=0 oled=3C
[   1468] STATUS mode=3 fault=none enc=-163 denc=0 sreq=0 sapplied=0 crate=12 uimp=-35000 upos=0 uneg=385 ball=-11.87 vball=0.83 aball=-1.1 bref=0.00 pid=12.2 pref=-150.6 ppos=-151.8 apid=-0.0 integ=-2.3 vision=1 current=1 vframe=31625 vs=1 vage=17 vpage=17 vdt=32 vmax=266 vacc=31563 vrej=0 seq=0 elapsed=0 oled=3C
[   1500] STATUS mode=3 fault=none enc=-163 denc=0 sreq=0 sapplied=0 crate=12 uimp=-35000 upos=0 uneg=385 ball=-11.89 vball=0.40 aball=-1.1 bref=0.00 pid=12.2 pref=-150.6 ppos=-151.8 apid=-0.0 integ=-2.3 vision=1 current=1 vframe=31626 vs=1 vage=3 vpage=3 vdt=34 vmax=266 vacc=31564 vrej=0 seq=0 elapsed=0 oled=3C
[   1531] STATUS mode=3 fault=none enc=-163 denc=0 sreq=-37 sapplied=-37 crate=-37 uimp=-35190 upos=0 uneg=390 ball=-11.93 vball=-0.07 aball=0.3 bref=0.00 pid=-36.5 pref=-155.7 ppos=-152.0 apid=0.0 integ=-2.7 vision=1 current=1 vframe=31627 vs=1 vage=12 vpage=12 vdt=31 vmax=266 vacc=31565 vrej=0 seq=0 elapsed=0 oled=3C
[   1547] STATUS mode=3 fault=none enc=-163 denc=0 sreq=-30 sapplied=-30 crate=-30 uimp=-35870 upos=0 uneg=410 ball=-11.93 vball=-0.07 aball=0.3 bref=0.00 pid=-29.7 pref=-155.7 ppos=-152.7 apid=0.0 integ=-2.7 vision=1 current=1 vframe=31627 vs=1 vage=32 vpage=32 vdt=31 vmax=266 vacc=31565 vrej=0 seq=0 elapsed=0 oled=3C
[   1577] STATUS mode=3 fault=none enc=-164 denc=0 sreq=-30 sapplied=-30 crate=-30 uimp=-36520 upos=0 uneg=430 ball=-11.94 vball=-0.16 aball=0.3 bref=0.00 pid=-29.9 pref=-156.3 ppos=-153.3 apid=0.0 integ=-2.9 vision=1 current=1 vframe=31628 vs=1 vage=20 vpage=20 vdt=32 vmax=266 vacc=31566 vrej=0 seq=0 elapsed=0 oled=3C
[   1608] STATUS mode=3 fault=none enc=-166 denc=-1 sreq=-20 sapplied=-20 crate=-20 uimp=-37535 upos=0 uneg=470 ball=-11.94 vball=-0.13 aball=-2.3 bref=0.00 pid=-20.3 pref=-156.4 ppos=-154.3 apid=-0.0 integ=-3.1 vision=1 current=1 vframe=31629 vs=1 vage=27 vpage=27 vdt=33 vmax=266 vacc=31567 vrej=0 seq=0 elapsed=0 oled=3C
[   1641] STATUS mode=3 fault=none enc=-165 denc=0 sreq=0 sapplied=0 crate=12 uimp=-37635 upos=0 uneg=475 ball=-11.87 vball=0.50 aball=-2.3 bref=0.00 pid=12.3 pref=-153.2 ppos=-154.4 apid=-0.0 integ=-3.3 vision=1 current=1 vframe=31630 vs=1 vage=13 vpage=13 vdt=34 vmax=266 vacc=31568 vrej=0 seq=0 elapsed=0 oled=3C
[   1656] STATUS mode=3 fault=none enc=-165 denc=0 sreq=0 sapplied=0 crate=12 uimp=-37635 upos=0 uneg=475 ball=-11.87 vball=0.50 aball=-2.3 bref=0.00 pid=12.3 pref=-153.2 ppos=-154.4 apid=-0.0 integ=-3.3 vision=1 current=1 vframe=31630 vs=1 vage=33 vpage=33 vdt=34 vmax=266 vacc=31568 vrej=0 seq=0 elapsed=0 oled=3C
[   1686] STATUS mode=3 fault=none enc=-165 denc=0 sreq=21 sapplied=0 crate=21 uimp=-37635 upos=0 uneg=475 ball=-11.81 vball=0.72 aball=2.5 bref=0.00 pid=21.2 pref=-152.3 ppos=-154.4 apid=0.0 integ=-3.7 vision=1 current=1 vframe=31632 vs=1 vage=6 vpage=6 vdt=34 vmax=266 vacc=31570 vrej=0 seq=0 elapsed=0 oled=3C
[   1718] STATUS mode=3 fault=none enc=-165 denc=0 sreq=0 sapplied=0 crate=19 uimp=-37430 upos=10 uneg=475 ball=-11.81 vball=0.72 aball=2.5 bref=0.00 pid=19.1 pref=-152.3 ppos=-154.2 apid=0.0 integ=-3.7 vision=1 current=1 vframe=31632 vs=1 vage=26 vpage=26 vdt=34 vmax=266 vacc=31570 vrej=0 seq=0 elapsed=0 oled=3C
[   1733] STATUS mode=3 fault=none enc=-165 denc=0 sreq=0 sapplied=0 crate=0 uimp=-37430 upos=10 uneg=475 ball=-11.82 vball=0.43 aball=2.5 bref=0.00 pid=0.0 pref=-154.0 ppos=-154.2 apid=0.0 integ=-3.9 vision=1 current=1 vframe=31633 vs=1 vage=13 vpage=13 vdt=33 vmax=266 vacc=31571 vrej=0 seq=0 elapsed=0 oled=3C
[   1766] STATUS mode=3 fault=none enc=-165 denc=0 sreq=0 sapplied=0 crate=0 uimp=-37430 upos=10 uneg=475 ball=-11.81 vball=0.41 aball=2.5 bref=0.00 pid=0.0 pref=-154.3 ppos=-154.2 apid=0.0 integ=-4.1 vision=1 current=1 vframe=31634 vs=1 vage=19 vpage=19 vdt=34 vmax=266 vacc=31572 vrej=0 seq=0 elapsed=0 oled=3C
[   1797] STATUS mode=3 fault=none enc=-165 denc=0 sreq=0 sapplied=0 crate=0 uimp=-37430 upos=10 uneg=475 ball=-11.79 vball=0.47 aball=0.2 bref=0.00 pid=0.0 pref=-154.1 ppos=-154.2 apid=0.0 integ=-4.3 vision=1 current=1 vframe=31635 vs=1 vage=7 vpage=7 vdt=32 vmax=266 vacc=31573 vrej=0 seq=0 elapsed=0 oled=3C
[   1811] STATUS mode=3 fault=none enc=-165 denc=0 sreq=0 sapplied=0 crate=0 uimp=-37430 upos=10 uneg=475 ball=-11.79 vball=0.47 aball=0.2 bref=0.00 pid=0.0 pref=-154.1 ppos=-154.2 apid=0.0 integ=-4.3 vision=1 current=1 vframe=31635 vs=1 vage=27 vpage=27 vdt=32 vmax=266 vacc=31573 vrej=0 seq=0 elapsed=0 oled=3C
[   1843] STATUS mode=3 fault=none enc=-165 denc=0 sreq=0 sapplied=0 crate=0 uimp=-37430 upos=10 uneg=475 ball=-11.78 vball=0.37 aball=0.2 bref=0.00 pid=0.0 pref=-154.8 ppos=-154.2 apid=0.0 integ=-4.5 vision=1 current=1 vframe=31636 vs=1 vage=33 vpage=33 vdt=34 vmax=266 vacc=31574 vrej=0 seq=0 elapsed=0 oled=3C
[   1875] STATUS mode=3 fault=none enc=-165 denc=0 sreq=0 sapplied=0 crate=-13 uimp=-37430 upos=10 uneg=475 ball=-11.78 vball=0.26 aball=0.2 bref=0.00 pid=-12.8 pref=-155.5 ppos=-154.2 apid=0.0 integ=-4.7 vision=1 current=1 vframe=31637 vs=1 vage=20 vpage=20 vdt=33 vmax=266 vacc=31575 vrej=0 seq=0 elapsed=0 oled=3C
[   1891] STATUS mode=3 fault=none enc=-165 denc=0 sreq=-20 sapplied=0 crate=-20 uimp=-37430 upos=10 uneg=475 ball=-11.79 vball=0.17 aball=-1.2 bref=0.00 pid=-19.5 pref=-156.2 ppos=-154.2 apid=-0.0 integ=-4.9 vision=1 current=1 vframe=31638 vs=1 vage=7 vpage=7 vdt=33 vmax=266 vacc=31576 vrej=0 seq=0 elapsed=0 oled=3C
[   1922] STATUS mode=3 fault=none enc=-165 denc=0 sreq=-22 sapplied=-22 crate=-22 uimp=-37650 upos=10 uneg=485 ball=-11.79 vball=0.11 aball=-1.2 bref=0.00 pid=-22.3 pref=-156.7 ppos=-154.5 apid=-0.0 integ=-5.1 vision=1 current=1 vframe=31639 vs=1 vage=13 vpage=13 vdt=34 vmax=266 vacc=31577 vrej=0 seq=0 elapsed=0 oled=3C
[   1952] STATUS mode=3 fault=none enc=-165 denc=0 sreq=0 sapplied=0 crate=-19 uimp=-37965 upos=10 uneg=500 ball=-11.79 vball=0.11 aball=-1.2 bref=0.00 pid=-19.2 pref=-156.7 ppos=-154.8 apid=-0.0 integ=-5.1 vision=1 current=1 vframe=31639 vs=1 vage=33 vpage=33 vdt=34 vmax=266 vacc=31577 vrej=0 seq=0 elapsed=0 oled=3C
[   1983] STATUS mode=3 fault=none enc=-165 denc=0 sreq=-20 sapplied=-20 crate=-20 uimp=-38295 upos=10 uneg=515 ball=-11.79 vball=0.07 aball=-1.2 bref=0.00 pid=-19.8 pref=-157.1 ppos=-155.1 apid=-0.0 integ=-5.3 vision=1 current=1 vframe=31640 vs=1 vage=20 vpage=20 vdt=33 vmax=266 vacc=31578 vrej=0 seq=0 elapsed=0 oled=3C
[   2000] STATUS mode=3 fault=none enc=-166 denc=-1 sreq=-23 sapplied=-23 crate=-23 uimp=-38915 upos=10 uneg=540 ball=-11.80 vball=-0.07 aball=-1.7 bref=0.00 pid=-23.0 pref=-158.0 ppos=-155.7 apid=-0.0 integ=-5.5 vision=1 current=1 vframe=31641 vs=1 vage=25 vpage=25 vdt=35 vmax=266 vacc=31579 vrej=0 seq=0 elapsed=0 oled=3C
[   2031] STATUS mode=3 fault=none enc=-167 denc=-2 sreq=-39 sapplied=-39 crate=-39 uimp=-39450 upos=10 uneg=560 ball=-11.84 vball=-0.43 aball=-1.7 bref=0.00 pid=-38.8 pref=-160.1 ppos=-156.3 apid=-0.0 integ=-5.7 vision=1 current=1 vframe=31642 vs=1 vage=12 vpage=12 vdt=33 vmax=266 vacc=31580 vrej=0 seq=0 elapsed=0 oled=3C
[   2061] STATUS mode=3 fault=none enc=-167 denc=0 sreq=-32 sapplied=-32 crate=-32 uimp=-40170 upos=10 uneg=580 ball=-11.84 vball=-0.43 aball=-1.7 bref=0.00 pid=-31.6 pref=-160.1 ppos=-157.0 apid=-0.0 integ=-5.7 vision=1 current=1 vframe=31642 vs=1 vage=32 vpage=32 vdt=33 vmax=266 vacc=31580 vrej=0 seq=0 elapsed=0 oled=3C
[   2093] STATUS mode=3 fault=none enc=-168 denc=1 sreq=0 sapplied=0 crate=-19 uimp=-41275 upos=10 uneg=620 ball=-11.86 vball=-0.31 aball=-2.1 bref=0.00 pid=-19.0 pref=-160.0 ppos=-158.1 apid=-0.0 integ=-6.0 vision=1 current=1 vframe=31644 vs=1 vage=7 vpage=7 vdt=33 vmax=266 vacc=31582 vrej=0 seq=0 elapsed=0 oled=3C
[   2108] STATUS mode=3 fault=none enc=-170 denc=0 sreq=0 sapplied=0 crate=-19 uimp=-41275 upos=10 uneg=620 ball=-11.86 vball=-0.31 aball=-2.1 bref=0.00 pid=-19.0 pref=-160.0 ppos=-158.1 apid=-0.0 integ=-6.0 vision=1 current=1 vframe=31644 vs=1 vage=27 vpage=27 vdt=33 vmax=266 vacc=31582 vrej=0 seq=0 elapsed=0 oled=3C
[   2141] STATUS mode=3 fault=none enc=-170 denc=0 sreq=0 sapplied=0 crate=-16 uimp=-41275 upos=10 uneg=620 ball=-11.86 vball=-0.21 aball=-2.1 bref=0.00 pid=-16.0 pref=-159.7 ppos=-158.1 apid=-0.0 integ=-6.2 vision=1 current=1 vframe=31645 vs=1 vage=33 vpage=33 vdt=34 vmax=266 vacc=31583 vrej=0 seq=0 elapsed=0 oled=3C
[   2172] STATUS mode=3 fault=none enc=-170 denc=0 sreq=0 sapplied=0 crate=-14 uimp=-41275 upos=10 uneg=620 ball=-11.86 vball=-0.14 aball=-2.1 bref=0.00 pid=-14.5 pref=-159.5 ppos=-158.1 apid=-0.0 integ=-6.4 vision=1 current=1 vframe=31646 vs=1 vage=20 vpage=20 vdt=33 vmax=266 vacc=31584 vrej=0 seq=0 elapsed=0 oled=3C
[   2202] STATUS mode=3 fault=none enc=-170 denc=0 sreq=0 sapplied=0 crate=-14 uimp=-41275 upos=10 uneg=620 ball=-11.86 vball=-0.09 aball=-0.1 bref=0.00 pid=-13.9 pref=-159.5 ppos=-158.1 apid=-0.0 integ=-6.6 vision=1 current=1 vframe=31647 vs=1 vage=7 vpage=7 vdt=33 vmax=266 vacc=31585 vrej=0 seq=0 elapsed=0 oled=3C
[   2218] STATUS mode=3 fault=none enc=-170 denc=0 sreq=0 sapplied=0 crate=-14 uimp=-41275 upos=10 uneg=620 ball=-11.85 vball=-0.05 aball=-0.1 bref=0.00 pid=-13.6 pref=-159.4 ppos=-158.1 apid=-0.0 integ=-6.8 vision=1 current=1 vframe=31648 vs=1 vage=14 vpage=14 vdt=33 vmax=266 vacc=31586 vrej=0 seq=0 elapsed=0 oled=3C
[   2250] STATUS mode=3 fault=none enc=-170 denc=0 sreq=0 sapplied=0 crate=-14 uimp=-41275 upos=10 uneg=620 ball=-11.85 vball=-0.05 aball=-0.1 bref=0.00 pid=-13.6 pref=-159.4 ppos=-158.1 apid=-0.0 integ=-6.8 vision=1 current=1 vframe=31648 vs=1 vage=34 vpage=34 vdt=33 vmax=266 vacc=31586 vrej=0 seq=0 elapsed=0 oled=3C
[   2281] STATUS mode=3 fault=none enc=-170 denc=0 sreq=0 sapplied=0 crate=-15 uimp=-41275 upos=10 uneg=620 ball=-11.85 vball=-0.03 aball=-0.1 bref=0.00 pid=-14.6 pref=-159.6 ppos=-158.1 apid=-0.0 integ=-7.0 vision=1 current=1 vframe=31649 vs=1 vage=20 vpage=20 vdt=34 vmax=266 vacc=31587 vrej=0 seq=0 elapsed=0 oled=3C
[   2311] STATUS mode=3 fault=none enc=-170 denc=0 sreq=0 sapplied=0 crate=-16 uimp=-41275 upos=10 uneg=620 ball=-11.85 vball=-0.02 aball=0.2 bref=0.00 pid=-16.1 pref=-159.7 ppos=-158.1 apid=0.0 integ=-7.2 vision=1 current=1 vframe=31650 vs=1 vage=27 vpage=27 vdt=33 vmax=266 vacc=31588 vrej=0 seq=0 elapsed=0 oled=3C
[   2327] STATUS mode=3 fault=none enc=-170 denc=0 sreq=0 sapplied=0 crate=-18 uimp=-41275 upos=10 uneg=620 ball=-11.85 vball=-0.01 aball=0.2 bref=0.00 pid=-17.5 pref=-159.8 ppos=-158.1 apid=0.0 integ=-7.4 vision=1 current=1 vframe=31651 vs=1 vage=14 vpage=14 vdt=33 vmax=266 vacc=31589 vrej=0 seq=0 elapsed=0 oled=3C
[   2358] STATUS mode=3 fault=none enc=-170 denc=0 sreq=0 sapplied=0 crate=-18 uimp=-41275 upos=10 uneg=620 ball=-11.86 vball=-0.12 aball=0.2 bref=0.00 pid=-17.5 pref=-159.8 ppos=-158.1 apid=0.0 integ=-7.4 vision=1 current=1 vframe=31652 vs=1 vage=1 vpage=1 vdt=33 vmax=266 vacc=31590 vrej=0 seq=0 elapsed=0 oled=3C
[   2391] STATUS mode=3 fault=none enc=-172 denc=-2 sreq=-41 sapplied=-41 crate=-41 uimp=-41950 upos=10 uneg=650 ball=-11.91 vball=-0.51 aball=-2.1 bref=0.00 pid=-41.5 pref=-162.9 ppos=-158.8 apid=-0.0 integ=-7.8 vision=1 current=1 vframe=31653 vs=1 vage=8 vpage=8 vdt=33 vmax=266 vacc=31591 vrej=0 seq=0 elapsed=0 oled=3C
[   2406] STATUS mode=3 fault=none enc=-171 denc=0 sreq=-34 sapplied=-34 crate=-34 uimp=-42715 upos=10 uneg=670 ball=-11.91 vball=-0.51 aball=-2.1 bref=0.00 pid=-33.8 pref=-162.9 ppos=-159.5 apid=-0.0 integ=-7.8 vision=1 current=1 vframe=31653 vs=1 vage=28 vpage=28 vdt=33 vmax=266 vacc=31591 vrej=0 seq=0 elapsed=0 oled=3C
[   2436] STATUS mode=3 fault=none enc=-172 denc=0 sreq=-29 sapplied=-29 crate=-29 uimp=-43355 upos=10 uneg=690 ball=-11.93 vball=-0.49 aball=-2.1 bref=0.00 pid=-29.1 pref=-163.1 ppos=-160.2 apid=-0.0 integ=-8.0 vision=1 current=1 vframe=31654 vs=1 vage=14 vpage=14 vdt=34 vmax=266 vacc=31592 vrej=0 seq=0 elapsed=0 oled=3C
[   2468] STATUS mode=3 fault=none enc=-174 denc=-1 sreq=0 sapplied=0 crate=-18 uimp=-44015 upos=10 uneg=715 ball=-11.93 vball=-0.37 aball=-2.1 bref=0.00 pid=-18.4 pref=-162.7 ppos=-160.8 apid=-0.0 integ=-8.2 vision=1 current=1 vframe=31655 vs=1 vage=21 vpage=21 vdt=33 vmax=266 vacc=31593 vrej=0 seq=0 elapsed=0 oled=3C
[   2500] STATUS mode=3 fault=none enc=-174 denc=0 sreq=0 sapplied=0 crate=-19 uimp=-44015 upos=10 uneg=715 ball=-11.94 vball=-0.33 aball=-0.3 bref=0.00 pid=-18.7 pref=-162.7 ppos=-160.8 apid=-0.0 integ=-8.4 vision=1 current=1 vframe=31656 vs=1 vage=8 vpage=8 vdt=33 vmax=266 vacc=31594 vrej=0 seq=0 elapsed=0 oled=3C
[   2516] STATUS mode=3 fault=none enc=-174 denc=0 sreq=0 sapplied=0 crate=-19 uimp=-44015 upos=10 uneg=715 ball=-11.94 vball=-0.33 aball=-0.3 bref=0.00 pid=-18.7 pref=-162.7 ppos=-160.8 apid=-0.0 integ=-8.4 vision=1 current=1 vframe=31656 vs=1 vage=28 vpage=28 vdt=33 vmax=266 vacc=31594 vrej=0 seq=0 elapsed=0 oled=3C
[   2547] STATUS mode=3 fault=none enc=-173 denc=0 sreq=-27 sapplied=-27 crate=-27 uimp=-44815 upos=10 uneg=740 ball=-12.01 vball=-0.68 aball=-0.3 bref=0.00 pid=-27.4 pref=-164.4 ppos=-161.6 apid=-0.0 integ=-8.6 vision=1 current=1 vframe=31658 vs=1 vage=1 vpage=1 vdt=33 vmax=266 vacc=31596 vrej=0 seq=0 elapsed=0 oled=3C
[   2577] STATUS mode=3 fault=none enc=-175 denc=0 sreq=-28 sapplied=-28 crate=-28 uimp=-45420 upos=10 uneg=760 ball=-12.01 vball=-0.68 aball=-0.3 bref=0.00 pid=-28.3 pref=-165.1 ppos=-162.2 apid=-0.0 integ=-8.8 vision=1 current=1 vframe=31658 vs=1 vage=21 vpage=21 vdt=33 vmax=266 vacc=31596 vrej=0 seq=0 elapsed=0 oled=3C
[   2608] STATUS mode=3 fault=none enc=-176 denc=0 sreq=0 sapplied=0 crate=0 uimp=-45945 upos=10 uneg=780 ball=-11.96 vball=-0.07 aball=1.0 bref=0.00 pid=0.0 pref=-162.1 ppos=-162.8 apid=0.0 integ=-9.0 vision=1 current=1 vframe=31659 vs=1 vage=28 vpage=28 vdt=33 vmax=266 vacc=31597 vrej=0 seq=0 elapsed=0 oled=
[   2625] STATUS mode=3 fault=none enc=-176 denc=0 sreq=124 sapplied=124 crate=124 uimp=-45945 upos=10 uneg=780 ball=-11.73 vball=2.17 aball=1.0 bref=0.00 pid=123.9 pref=-150.4 ppos=-162.8 apid=0.0 integ=-9.2 vision=1 current=1 vframe=31660 vs=1 vage=14 vpage=14 vdt=34 vmax=266 vacc=31598 vrej=0 seq=0 elapsed=0 oled=3C
[   2656] STATUS mode=3 fault=none enc=-174 denc=1 sreq=101 sapplied=101 crate=101 uimp=-43645 upos=30 uneg=780 ball=-11.53 vball=3.19 aball=1.0 bref=0.00 pid=100.9 pref=-150.4 ppos=-160.5 apid=0.0 integ=-9.2 vision=1 current=1 vframe=31661 vs=1 vage=1 vpage=1 vdt=33 vmax=266 vacc=31599 vrej=0 seq=0 elapsed=0 oled=3C
[   2686] STATUS mode=3 fault=none enc=-167 denc=2 sreq=31 sapplied=31 crate=31 uimp=-38590 upos=70 uneg=780 ball=-11.59 vball=1.78 aball=8.8 bref=0.00 pid=31.2 pref=-152.3 ppos=-155.4 apid=0.0 integ=-9.6 vision=1 current=1 vframe=31662 vs=1 vage=7 vpage=7 vdt=34 vmax=266 vacc=31600 vrej=0 seq=0 elapsed=0 oled=3C
[   2702] STATUS mode=3 fault=none enc=-168 denc=0 sreq=25 sapplied=25 crate=25 uimp=-38010 upos=90 uneg=780 ball=-11.59 vball=1.78 aball=8.8 bref=0.00 pid=25.4 pref=-152.3 ppos=-154.8 apid=0.0 integ=-9.6 vision=1 current=1 vframe=31662 vs=1 vage=27 vpage=27 vdt=34 vmax=266 vacc=31600 vrej=0 seq=0 elapsed=0 oled=3C
[   2733] STATUS mode=3 fault=none enc=-166 denc=2 sreq=-20 sapplied=-20 crate=-20 uimp=-37650 upos=105 uneg=780 ball=-11.62 vball=1.00 aball=8.8 bref=0.00 pid=-20.0 pref=-156.5 ppos=-154.5 apid=0.0 integ=-9.8 vision=1 current=1 vframe=31663 vs=1 vage=14 vpage=14 vdt=33 vmax=266 vacc=31601 vrej=0 seq=0 elapsed=0 oled=3C
[   2766] STATUS mode=3 fault=none enc=-168 denc=-2 sreq=-88 sapplied=-88 crate=-88 uimp=-39205 upos=105 uneg=800 ball=-11.74 vball=-0.55 aball=8.8 bref=0.00 pid=-87.6 pref=-164.8 ppos=-156.0 apid=0.0 integ=-10.0 vision=1 current=1 vframe=31664 vs=1 vage=20 vpage=20 vdt=34 vmax=266 vacc=31602 vrej=0 seq=0 elapsed=0 oled=3C
[   2797] STATUS mode=3 fault=none enc=-169 denc=0 sreq=-115 sapplied=-115 crate=-115 uimp=-40830 upos=105 uneg=820 ball=-11.85 vball=-1.31 aball=-9.1 bref=0.00 pid=-114.6 pref=-169.1 ppos=-157.6 apid=-0.0 integ=-10.2 vision=1 current=1 vframe=31665 vs=1 vage=7 vpage=7 vdt=33 vmax=266 vacc=31603 vrej=0 seq=0 elapsed=0 oled=3C
[   2811] STATUS mode=3 fault=none enc=-172 denc=-1 sreq=-93 sapplied=-93 crate=-93 uimp=-42955 upos=105 uneg=840 ball=-11.85 vball=-1.31 aball=-9.1 bref=0.00 pid=-93.3 pref=-169.1 ppos=-159.8 apid=-0.0 integ=-10.2 vision=1 current=1 vframe=31665 vs=1 vage=27 vpage=27 vdt=33 vmax=266 vacc=31603 vrej=0 seq=0 elapsed=0 oled=3C
[   2843] STATUS mode=3 fault=none enc=-174 denc=0 sreq=0 sapplied=0 crate=0 uimp=-44285 upos=105 uneg=855 ball=-11.66 vball=0.66 aball=-9.1 bref=0.00 pid=0.0 pref=-160.7 ppos=-161.1 apid=-0.0 integ=-10.4 vision=1 current=1 vframe=31667 vs=1 vage=1 vpage=1 vdt=33 vmax=266 vacc=31605 vrej=0 seq=0 elapsed=0 oled=3C
[   2875] STATUS mode=3 fault=none enc=-174 denc=0 sreq=0 sapplied=0 crate=19 uimp=-44185 upos=110 uneg=855 ball=-11.66 vball=0.66 aball=-9.1 bref=0.00 pid=19.3 pref=-159.1 ppos=-161.0 apid=-0.0 integ=-10.6 vision=1 current=1 vframe=31667 vs=1 vage=21 vpage=21 vdt=33 vmax=266 vacc=31605 vrej=0 seq=0 elapsed=0 oled=3C
[   2906] STATUS mode=3 fault=none enc=-174 denc=0 sreq=0 sapplied=0 crate=14 uimp=-44185 upos=110 uneg=855 ball=-11.65 vball=0.59 aball=3.6 bref=0.00 pid=14.2 pref=-159.6 ppos=-161.0 apid=0.0 integ=-10.8 vision=1 current=1 vframe=31668 vs=1 vage=8 vpage=8 vdt=33 vmax=266 vacc=31606 vrej=0 seq=0 elapsed=0 oled=3C
[   2922] STATUS mode=3 fault=none enc=-174 denc=0 sreq=0 sapplied=0 crate=0 uimp=-44185 upos=110 uneg=855 ball=-11.64 vball=0.43 aball=3.6 bref=0.00 pid=0.0 pref=-160.5 ppos=-161.0 apid=0.0 integ=-11.0 vision=1 current=1 vframe=31669 vs=1 vage=14 vpage=14 vdt=34 vmax=266 vacc=31607 vrej=0 seq=0 elapsed=0 oled=3C
[   2952] STATUS mode=3 fault=none enc=-174 denc=0 sreq=0 sapplied=0 crate=0 uimp=-44185 upos=110 uneg=855 ball=-11.56 vball=1.11 aball=3.6 bref=0.00 pid=0.0 pref=-160.5 ppos=-161.0 apid=0.0 integ=-11.0 vision=1 current=1 vframe=31670 vs=1 vage=1 vpage=1 vdt=33 vmax=266 vacc=31608 vrej=0 seq=0 elapsed=0 oled=3C
[   2983] STATUS mode=3 fault=none enc=-174 denc=0 sreq=33 sapplied=33 crate=33 uimp=-43630 upos=125 uneg=855 ball=-11.56 vball=1.11 aball=3.6 bref=0.00 pid=33.5 pref=-157.1 ppos=-160.4 apid=0.0 integ=-11.2 vision=1 current=1 vframe=31670 vs=1 vage=21 vpage=21 vdt=33 vmax=266 vacc=31608 vrej=0 seq=0 elapsed=0 oled=3C
[   3000] STATUS mode=3 fault=none enc=-172 denc=1 sreq=29 sapplied=29 crate=29 uimp=-42350 upos=165 uneg=855 ball=-11.50 vball=1.28 aball=5.1 bref=0.00 pid=29.0 pref=-156.3 ppos=-159.2 apid=0.0 integ=-11.4 vision=1 current=1 vframe=31671 vs=1 vage=27 vpage=27 vdt=34 vmax=266 vacc=31609 vrej=0 seq=0 elapsed=0 oled=3C
[   3031] STATUS mode=3 fault=none enc=-171 denc=2 sreq=-33 sapplied=-33 crate=-33 uimp=-41935 upos=180 uneg=855 ball=-11.57 vball=0.20 aball=5.1 bref=0.00 pid=-33.2 pref=-162.1 ppos=-158.7 apid=0.0 integ=-11.5 vision=1 current=1 vframe=31672 vs=1 vage=14 vpage=14 vdt=33 vmax=266 vacc=31610 vrej=0 seq=0 elapsed=0 oled=3C
[   3061] STATUS mode=3 fault=none enc=-171 denc=1 sreq=-27 sapplied=-27 crate=-27 uimp=-42550 upos=180 uneg=875 ball=-11.79 vball=-1.90 aball=5.1 bref=0.00 pid=-27.0 pref=-162.1 ppos=-159.4 apid=0.0 integ=-11.5 vision=1 current=1 vframe=31673 vs=1 vage=1 vpage=1 vdt=33 vmax=266 vacc=31611 vrej=0 seq=0 elapsed=0 oled=3C
[   3093] STATUS mode=3 fault=none enc=-175 denc=1 sreq=-146 sapplied=-146 crate=-146 uimp=-46840 upos=180 uneg=915 ball=-11.95 vball=-2.73 aball=-15.3 bref=0.00 pid=-146.0 pref=-178.3 ppos=-163.7 apid=-0.0 integ=-11.9 vision=1 current=1 vframe=31674 vs=1 vage=7 vpage=7 vdt=34 vmax=266 vacc=31612 vrej=0 seq=0 elapsed=0 oled=3C
[   3108] STATUS mode=3 fault=none enc=-179 denc=-2 sreq=-119 sapplied=-119 crate=-119 uimp=-49550 upos=180 uneg=935 ball=-11.95 vball=-2.73 aball=-15.3 bref=0.00 pid=-118.9 pref=-178.3 ppos=-166.4 apid=-0.0 integ=-11.9 vision=1 current=1 vframe=31674 vs=1 vage=27 vpage=27 vdt=34 vmax=266 vacc=31612 vrej=0 seq=0 elapsed=0 oled=3C
[   3141] STATUS mode=3 fault=none enc=-182 denc=0 sreq=-51 sapplied=-51 crate=-51 uimp=-52730 upos=180 uneg=975 ball=-11.94 vball=-1.19 aball=-15.3 bref=0.00 pid=-50.9 pref=-174.6 ppos=-169.5 apid=-0.0 integ=-12.1 vision=1 current=1 vframe=31676 vs=1 vage=1 vpage=1 vdt=32 vmax=266 vacc=31614 vrej=0 seq=0 elapsed=0 oled=3C
[   3172] STATUS mode=3 fault=none enc=-183 denc=0 sreq=0 sapplied=0 crate=-11 uimp=-52985 upos=180 uneg=980 ball=-11.94 vball=-1.19 aball=-15.3 bref=0.00 pid=-11.2 pref=-170.9 ppos=-169.8 apid=-0.0 integ=-12.3 vision=1 current=1 vframe=31676 vs=1 vage=21 vpage=21 vdt=32 vmax=266 vacc=31614 vrej=0 seq=0 elapsed=0 oled=3C
[   3202] STATUS mode=3 fault=none enc=-183 denc=0 sreq=0 sapplied=0 crate=0 uimp=-52985 upos=180 uneg=980 ball=-11.95 vball=-0.99 aball=-0.5 bref=0.00 pid=0.0 pref=-170.1 ppos=-169.8 apid=-0.0 integ=-12.5 vision=1 current=1 vframe=31677 vs=1 vage=8 vpage=8 vdt=33 vmax=266 vacc=31615 vrej=0 seq=0 elapsed=0 oled=3C
[   3218] STATUS mode=3 fault=none enc=-183 denc=0 sreq=0 sapplied=0 crate=0 uimp=-52985 upos=180 uneg=980 ball=-11.96 vball=-0.76 aball=-0.5 bref=0.00 pid=0.0 pref=-169.2 ppos=-169.8 apid=-0.0 integ=-12.7 vision=1 current=1 vframe=31678 vs=1 vage=14 vpage=14 vdt=34 vmax=266 vacc=31616 vrej=0 seq=0 elapsed=0 oled=3C
[   3250] STATUS mode=3 fault=none enc=-183 denc=0 sreq=0 sapplied=0 crate=0 uimp=-52985 upos=180 uneg=980 ball=-11.96 vball=-0.76 aball=-0.5 bref=0.00 pid=0.0 pref=-169.2 ppos=-169.8 apid=-0.0 integ=-12.7 vision=1 current=1 vframe=31678 vs=1 vage=34 vpage=34 vdt=34 vmax=266 vacc=31616 vrej=0 seq=0 elapsed=0 oled=3C
[   3281] STATUS mode=3 fault=none enc=-183 denc=0 sreq=0 sapplied=0 crate=16 uimp=-52985 upos=180 uneg=980 ball=-11.96 vball=-0.52 aball=-0.5 bref=0.00 pid=15.7 pref=-168.2 ppos=-169.8 apid=-0.0 integ=-12.9 vision=1 current=1 vframe=31679 vs=1 vage=20 vpage=20 vdt=34 vmax=266 vacc=31617 vrej=0 seq=0 elapsed=0 oled=3C
[   3311] STATUS mode=3 fault=none enc=-183 denc=0 sreq=0 sapplied=0 crate=14 uimp=-52985 upos=180 uneg=980 ball=-11.97 vball=-0.50 aball=1.9 bref=0.00 pid=14.4 pref=-168.4 ppos=-169.8 apid=0.0 integ=-13.1 vision=1 current=1 vframe=31680 vs=1 vage=27 vpage=27 vdt=33 vmax=266 vacc=31618 vrej=0 seq=0 elapsed=0 oled=3C
[   3327] STATUS mode=3 fault=none enc=-183 denc=0 sreq=0 sapplied=0 crate=0 uimp=-52985 upos=180 uneg=980 ball=-12.00 vball=-0.64 aball=1.9 bref=0.00 pid=0.0 pref=-169.3 ppos=-169.8 apid=0.0 integ=-13.3 vision=1 current=1 vframe=31681 vs=1 vage=14 vpage=14 vdt=33 vmax=266 vacc=31619 vrej=0 seq=0 elapsed=0 oled=3C
[   3358] STATUS mode=3 fault=none enc=-183 denc=0 sreq=0 sapplied=0 crate=0 uimp=-52985 upos=180 uneg=980 ball=-12.03 vball=-0.66 aball=1.9 bref=0.00 pid=0.0 pref=-169.3 ppos=-169.8 apid=0.0 integ=-13.3 vision=1 current=1 vframe=31682 vs=1 vage=1 vpage=1 vdt=33 vmax=266 vacc=31620 vrej=0 seq=0 elapsed=0 oled=3C
[   3391] STATUS mode=3 fault=none enc=-183 denc=0 sreq=0 sapplied=0 crate=0 uimp=-52985 upos=180 uneg=980 ball=-12.04 vball=-0.55 aball=0.8 bref=0.00 pid=0.0 pref=-169.4 ppos=-169.8 apid=0.0 integ=-13.7 vision=1 current=1 vframe=31683 vs=1 vage=7 vpage=7 vdt=34 vmax=266 vacc=31621 vrej=0 seq=0 elapsed=0 oled=3C
[   3406] STATUS mode=3 fault=none enc=-183 denc=0 sreq=0 sapplied=0 crate=0 uimp=-52985 upos=180 uneg=980 ball=-12.04 vball=-0.55 aball=0.8 bref=0.00 pid=0.0 pref=-169.4 ppos=-169.8 apid=0.0 integ=-13.7 vision=1 current=1 vframe=31683 vs=1 vage=27 vpage=27 vdt=34 vmax=266 vacc=31621 vrej=0 seq=0 elapsed=0 oled=3C
[   3436] STATUS mode=3 fault=none enc=-183 denc=0 sreq=0 sapplied=0 crate=0 uimp=-52985 upos=180 uneg=980 ball=-12.04 vball=-0.40 aball=0.8 bref=0.00 pid=0.0 pref=-168.9 ppos=-169.8 apid=0.0 integ=-13.9 vision=1 current=1 vframe=31684 vs=1 vage=13 vpage=13 vdt=34 vmax=266 vacc=31622 vrej=0 seq=0 elapsed=0 oled=3C
[   3468] STATUS mode=3 fault=none enc=-183 denc=0 sreq=0 sapplied=0 crate=14 uimp=-52985 upos=180 uneg=980 ball=-12.04 vball=-0.26 aball=0.8 bref=0.00 pid=14.3 pref=-168.4 ppos=-169.8 apid=0.0 integ=-14.1 vision=1 current=1 vframe=31685 vs=1 vage=21 vpage=21 vdt=32 vmax=266 vacc=31623 vrej=0 seq=0 elapsed=0 oled=3C
[   3483] STATUS mode=3 fault=none enc=-183 denc=0 sreq=0 sapplied=0 crate=17 uimp=-52985 upos=180 uneg=980 ball=-12.04 vball=-0.17 aball=2.2 bref=0.00 pid=16.8 pref=-168.1 ppos=-169.8 apid=0.0 integ=-14.3 vision=1 current=1 vframe=31686 vs=1 vage=8 vpage=8 vdt=33 vmax=266 vacc=31624 vrej=0 seq=0 elapsed=0 oled=3C
[   3516] STATUS mode=3 fault=none enc=-183 denc=0 sreq=0 sapplied=0 crate=17 uimp=-52985 upos=180 uneg=980 ball=-12.04 vball=-0.17 aball=2.2 bref=0.00 pid=16.8 pref=-168.1 ppos=-169.8 apid=0.0 integ=-14.3 vision=1 current=1 vframe=31686 vs=1 vage=28 vpage=28 vdt=33 vmax=266 vacc=31624 vrej=0 seq=0 elapsed=0 oled=3C
[   3547] STATUS mode=3 fault=none enc=-183 denc=0 sreq=23 sapplied=23 crate=23 uimp=-52470 upos=200 uneg=980 ball=-12.01 vball=0.11 aball=2.2 bref=0.00 pid=22.5 pref=-167.0 ppos=-169.3 apid=0.0 integ=-14.5 vision=1 current=1 vframe=31688 vs=1 vage=1 vpage=1 vdt=33 vmax=266 vacc=31626 vrej=0 seq=0 elapsed=0 oled=3C
[   3577] STATUS mode=3 fault=none enc=-182 denc=1 sreq=0 sapplied=0 crate=19 uimp=-52150 upos=215 uneg=980 ball=-12.01 vball=0.11 aball=2.2 bref=0.00 pid=19.4 pref=-167.0 ppos=-169.0 apid=0.0 integ=-14.7 vision=1 current=1 vframe=31688 vs=1 vage=21 vpage=21 vdt=33 vmax=266 vacc=31626 vrej=0 seq=0 elapsed=0 oled=3C
[   3593] STATUS mode=3 fault=none enc=-182 denc=0 sreq=21 sapplied=21 crate=21 uimp=-52150 upos=215 uneg=980 ball=-12.00 vball=0.18 aball=2.8 bref=0.00 pid=21.1 pref=-166.9 ppos=-169.0 apid=0.0 integ=-14.9 vision=1 current=1 vframe=31689 vs=1 vage=7 vpage=7 vdt=34 vmax=266 vacc=31627 vrej=0 seq=0 elapsed=0 oled=3C
[   3625] STATUS mode=3 fault=none enc=-182 denc=0 sreq=0 sapplied=0 crate=0 uimp=-51945 upos=225 uneg=980 ball=-12.03 vball=-0.17 aball=2.8 bref=0.00 pid=0.0 pref=-168.9 ppos=-168.8 apid=0.0 integ=-15.1 vision=1 current=1 vframe=31690 vs=1 vage=14 vpage=14 vdt=33 vmax=266 vacc=31628 vrej=0 seq=0 elapsed=0 oled=3C
[   3656] STATUS mode=3 fault=none enc=-182 denc=0 sreq=0 sapplied=0 crate=0 uimp=-51945 upos=225 uneg=980 ball=-12.02 vball=-0.00 aball=2.8 bref=0.00 pid=0.0 pref=-168.9 ppos=-168.8 apid=0.0 integ=-15.1 vision=1 current=1 vframe=31697 vs=1 vage=1 vpage=1 vdt=33 vmax=266 vacc=31635 vrej=0 seq=0 elapsed=0 oled=3C
[   3686] STATUS mode=3 fault=none enc=-182 denc=0 sreq=0 sapplied=0 crate=0 uimp=-51945 upos=225 uneg=980 ball=-12.02 vball=-0.00 aball=2.8 bref=0.00 pid=0.0 pref=-168.2 ppos=-168.8 apid=0.0 integ=-15.3 vision=1 current=1 vframe=31697 vs=1 vage=21 vpage=21 vdt=33 vmax=266 vacc=31635 vrej=0 seq=0 elapsed=0 oled=3C
[   3702] STATUS mode=3 fault=none enc=-182 denc=0 sreq=0 sapplied=0 crate=14 uimp=-51945 upos=225 uneg=980 ball=-12.00 vball=0.20 aball=1.6 bref=0.00 pid=14.1 pref=-167.3 ppos=-168.8 apid=0.0 integ=-15.5 vision=1 current=1 vframe=31698 vs=1 vage=28 vpage=28 vdt=33 vmax=266 vacc=31636 vrej=0 seq=0 elapsed=0 oled=3C
[   3733] STATUS mode=3 fault=none enc=-182 denc=0 sreq=0 sapplied=0 crate=15 uimp=-51945 upos=225 uneg=980 ball=-11.99 vball=0.25 aball=1.6 bref=0.00 pid=14.9 pref=-167.3 ppos=-168.8 apid=0.0 integ=-15.7 vision=1 current=1 vframe=31699 vs=1 vage=15 vpage=15 vdt=33 vmax=266 vacc=31637 vrej=0 seq=0 elapsed=0 oled=3C
[   3766] STATUS mode=3 fault=none enc=-182 denc=0 sreq=0 sapplied=0 crate=15 uimp=-51945 upos=225 uneg=980 ball=-11.98 vball=0.21 aball=1.6 bref=0.00 pid=14.9 pref=-167.3 ppos=-168.8 apid=0.0 integ=-15.7 vision=1 current=1 vframe=31700 vs=1 vage=2 vpage=2 vdt=33 vmax=266 vacc=31638 vrej=0 seq=0 elapsed=0 oled=3C
[   3781] STATUS mode=3 fault=none enc=-182 denc=0 sreq=0 sapplied=0 crate=0 uimp=-51945 upos=225 uneg=980 ball=-12.01 vball=-0.05 aball=-0.2 bref=0.00 pid=0.0 pref=-169.2 ppos=-168.8 apid=-0.0 integ=-16.1 vision=1 current=1 vframe=31701 vs=1 vage=8 vpage=8 vdt=34 vmax=266 vacc=31639 vrej=0 seq=0 elapsed=0 oled=3C
[   3811] STATUS mode=3 fault=none enc=-182 denc=0 sreq=0 sapplied=0 crate=0 uimp=-51945 upos=225 uneg=980 ball=-12.01 vball=-0.05 aball=-0.2 bref=0.00 pid=0.0 pref=-169.2 ppos=-168.8 apid=-0.0 integ=-16.1 vision=1 current=1 vframe=31701 vs=1 vage=28 vpage=28 vdt=34 vmax=266 vacc=31639 vrej=0 seq=0 elapsed=0 oled=3C
[   3843] STATUS mode=3 fault=none enc=-182 denc=0 sreq=0 sapplied=0 crate=0 uimp=-51945 upos=225 uneg=980 ball=-11.98 vball=0.17 aball=-0.2 bref=0.00 pid=0.0 pref=-168.2 ppos=-168.8 apid=-0.0 integ=-16.3 vision=1 current=1 vframe=31702 vs=1 vage=15 vpage=15 vdt=33 vmax=266 vacc=31640 vrej=0 seq=0 elapsed=0 oled=3C
[   3858] STATUS mode=3 fault=none enc=-182 denc=0 sreq=0 sapplied=0 crate=0 uimp=-51945 upos=225 uneg=980 ball=-11.98 vball=0.08 aball=-0.2 bref=0.00 pid=0.0 pref=-168.9 ppos=-168.8 apid=-0.0 integ=-16.5 vision=1 current=1 vframe=31703 vs=1 vage=22 vpage=22 vdt=33 vmax=266 vacc=31641 vrej=0 seq=0 elapsed=0 oled=3C
[   3891] STATUS mode=3 fault=none enc=-182 denc=0 sreq=-21 sapplied=0 crate=-21 uimp=-51945 upos=225 uneg=980 ball=-12.02 vball=-0.26 aball=-1.1 bref=0.00 pid=-21.5 pref=-170.9 ppos=-168.8 apid=-0.0 integ=-16.7 vision=1 current=1 vframe=31711 vs=1 vage=8 vpage=8 vdt=34 vmax=266 vacc=31649 vrej=0 seq=0 elapsed=0 oled=3C
[   3922] STATUS mode=3 fault=none enc=-182 denc=0 sreq=0 sapplied=0 crate=-19 uimp=-52150 upos=225 uneg=990 ball=-12.02 vball=-0.26 aball=-1.1 bref=0.00 pid=-19.4 pref=-170.9 ppos=-169.0 apid=-0.0 integ=-16.7 vision=1 current=1 vframe=31711 vs=1 vage=28 vpage=28 vdt=34 vmax=266 vacc=31649 vrej=0 seq=0 elapsed=0 oled=3C
[   3952] STATUS mode=3 fault=none enc=-182 denc=0 sreq=0 sapplied=0 crate=-19 uimp=-52475 upos=225 uneg=1005 ball=-12.03 vball=-0.22 aball=-1.1 bref=0.00 pid=-19.5 pref=-171.2 ppos=-169.3 apid=-0.0 integ=-16.9 vision=1 current=1 vframe=31713 vs=1 vage=2 vpage=2 vdt=33 vmax=266 vacc=31651 vrej=0 seq=0 elapsed=0 oled=3C
[   3968] STATUS mode=3 fault=none enc=-182 denc=0 sreq=0 sapplied=0 crate=-18 uimp=-52475 upos=225 uneg=1005 ball=-12.03 vball=-0.22 aball=-1.1 bref=0.00 pid=-18.4 pref=-171.1 ppos=-169.3 apid=-0.0 integ=-17.1 vision=1 current=1 vframe=31713 vs=1 vage=22 vpage=22 vdt=33 vmax=266 vacc=31651 vrej=0 seq=0 elapsed=0 oled=3C
[   4000] STATUS mode=3 fault=none enc=-182 denc=0 sreq=0 sapplied=0 crate=-17 uimp=-52475 upos=225 uneg=1005 ball=-12.03 vball=-0.15 aball=-0.1 bref=0.00 pid=-17.0 pref=-171.0 ppos=-169.3 apid=-0.0 integ=-17.3 vision=1 current=1 vframe=31714 vs=1 vage=8 vpage=8 vdt=34 vmax=266 vacc=31652 vrej=0 seq=0 elapsed=0 oled=3C
[   4031] STATUS mode=3 fault=none enc=-182 denc=0 sreq=0 sapplied=0 crate=-17 uimp=-52475 upos=225 uneg=1005 ball=-12.03 vball=-0.10 aball=-0.1 bref=0.00 pid=-16.5 pref=-170.9 ppos=-169.3 apid=-0.0 integ=-17.5 vision=1 current=1 vframe=31715 vs=1 vage=14 vpage=14 vdt=34 vmax=266 vacc=31653 vrej=0 seq=0 elapsed=0 oled=3C
[   4061] STATUS mode=3 fault=none enc=-182 denc=0 sreq=0 sapplied=0 crate=-17 uimp=-52475 upos=225 uneg=1005 ball=-12.03 vball=-0.10 aball=-0.1 bref=0.00 pid=-16.5 pref=-170.9 ppos=-169.3 apid=-0.0 integ=-17.5 vision=1 current=1 vframe=31715 vs=1 vage=34 vpage=34 vdt=34 vmax=266 vacc=31653 vrej=0 seq=0 elapsed=0 oled=3C
[   4077] STATUS mode=3 fault=none enc=-182 denc=0 sreq=0 sapplied=0 crate=-18 uimp=-52475 upos=225 uneg=1005 ball=-12.03 vball=-0.04 aball=0.4 bref=0.00 pid=-17.5 pref=-171.0 ppos=-169.3 apid=0.0 integ=-17.9 vision=1 current=1 vframe=31717 vs=1 vage=8 vpage=8 vdt=30 vmax=266 vacc=31655 vrej=0 seq=0 elapsed=0 oled=3C
[   4108] STATUS mode=3 fault=none enc=-182 denc=0 sreq=0 sapplied=0 crate=-18 uimp=-52475 upos=225 uneg=1005 ball=-12.03 vball=-0.04 aball=0.4 bref=0.00 pid=-17.5 pref=-171.0 ppos=-169.3 apid=0.0 integ=-17.9 vision=1 current=1 vframe=31717 vs=1 vage=28 vpage=28 vdt=30 vmax=266 vacc=31655 vrej=0 seq=0 elapsed=0 oled=3C
[   4141] STATUS mode=3 fault=none enc=-182 denc=0 sreq=0 sapplied=0 crate=-19 uimp=-52575 upos=225 uneg=1010 ball=-12.03 vball=-0.04 aball=0.4 bref=0.00 pid=-18.5 pref=-171.2 ppos=-169.4 apid=0.0 integ=-18.1 vision=1 current=1 vframe=31718 vs=1 vage=14 vpage=14 vdt=34 vmax=266 vacc=31656 vrej=0 seq=0 elapsed=0 oled=3C
[   4172] STATUS mode=3 fault=none enc=-182 denc=0 sreq=0 sapplied=0 crate=-19 uimp=-52575 upos=225 uneg=1010 ball=-12.03 vball=-0.01 aball=0.4 bref=0.00 pid=-19.0 pref=-171.3 ppos=-169.4 apid=0.0 integ=-18.3 vision=1 current=1 vframe=31719 vs=1 vage=22 vpage=22 vdt=32 vmax=266 vacc=31657 vrej=0 seq=0 elapsed=0 oled=3C
[   4186] STATUS mode=3 fault=none enc=-182 denc=0 sreq=0 sapplied=0 crate=-19 uimp=-52575 upos=225 uneg=1010 ball=-12.03 vball=0.04 aball=0.6 bref=0.00 pid=-18.5 pref=-171.2 ppos=-169.4 apid=0.0 integ=-18.5 vision=1 current=1 vframe=31720 vs=1 vage=8 vpage=8 vdt=34 vmax=266 vacc=31658 vrej=0 seq=0 elapsed=0 oled=3C
[   4218] STATUS mode=3 fault=none enc=-182 denc=0 sreq=0 sapplied=0 crate=-19 uimp=-52575 upos=225 uneg=1010 ball=-12.03 vball=0.04 aball=0.6 bref=0.00 pid=-18.5 pref=-171.2 ppos=-169.4 apid=0.0 integ=-18.5 vision=1 current=1 vframe=31720 vs=1 vage=28 vpage=28 vdt=34 vmax=266 vacc=31658 vrej=0 seq=0 elapsed=0 oled=3C
[   4250] STATUS mode=3 fault=none enc=-182 denc=0 sreq=0 sapplied=0 crate=-17 uimp=-52575 upos=225 uneg=1010 ball=-12.02 vball=0.11 aball=0.6 bref=0.00 pid=-16.7 pref=-171.1 ppos=-169.4 apid=0.0 integ=-18.7 vision=1 current=1 vframe=31721 vs=1 vage=35 vpage=35 vdt=33 vmax=266 vacc=31659 vrej=0 seq=0 elapsed=0 oled=3C
[   4266] STATUS mode=3 fault=none enc=-182 denc=0 sreq=0 sapplied=0 crate=-18 uimp=-52575 upos=225 uneg=1010 ball=-12.01 vball=0.12 aball=0.6 bref=0.00 pid=-18.0 pref=-171.2 ppos=-169.4 apid=0.0 integ=-18.9 vision=1 current=1 vframe=31722 vs=1 vage=20 vpage=20 vdt=35 vmax=266 vacc=31660 vrej=0 seq=0 elapsed=0 oled=3C
[   4297] STATUS mode=3 fault=none enc=-182 denc=0 sreq=-21 sapplied=-21 crate=-21 uimp=-52575 upos=225 uneg=1010 ball=-12.01 vball=0.10 aball=0.6 bref=0.00 pid=-20.9 pref=-171.5 ppos=-169.4 apid=0.0 integ=-19.1 vision=1 current=1 vframe=31723 vs=1 vage=8 vpage=8 vdt=32 vmax=266 vacc=31661 vrej=0 seq=0 elapsed=0 oled=3C
[   4327] STATUS mode=3 fault=none enc=-182 denc=0 sreq=-21 sapplied=-21 crate=-21 uimp=-52890 upos=225 uneg=1025 ball=-12.01 vball=0.07 aball=0.6 bref=0.00 pid=-21.3 pref=-171.8 ppos=-169.7 apid=0.0 integ=-19.3 vision=1 current=1 vframe=31724 vs=1 vage=14 vpage=14 vdt=34 vmax=266 vacc=31662 vrej=0 seq=0 elapsed=0 oled=3C
[   4358] STATUS mode=3 fault=none enc=-182 denc=0 sreq=0 sapplied=0 crate=-19 uimp=-53095 upos=225 uneg=1035 ball=-12.01 vball=0.05 aball=0.6 bref=0.00 pid=-19.3 pref=-171.8 ppos=-169.9 apid=0.0 integ=-19.3 vision=1 current=1 vframe=31725 vs=1 vage=1 vpage=1 vdt=33 vmax=266 vacc=31663 vrej=0 seq=0 elapsed=0 oled=3C
[   4375] STATUS mode=3 fault=none enc=-182 denc=0 sreq=0 sapplied=0 crate=-19 uimp=-53410 upos=225 uneg=1050 ball=-12.01 vball=0.05 aball=0.6 bref=0.00 pid=-19.1 pref=-172.1 ppos=-170.2 apid=0.0 integ=-19.5 vision=1 current=1 vframe=31725 vs=1 vage=21 vpage=21 vdt=33 vmax=266 vacc=31663 vrej=0 seq=0 elapsed=0 oled=3C
[   4406] STATUS mode=3 fault=none enc=-182 denc=0 sreq=0 sapplied=0 crate=-19 uimp=-53840 upos=225 uneg=1070 ball=-12.01 vball=0.01 aball=-0.1 bref=0.00 pid=-18.8 pref=-172.5 ppos=-170.7 apid=-0.0 integ=-19.7 vision=1 current=1 vframe=31726 vs=1 vage=28 vpage=28 vdt=33 vmax=266 vacc=31664 vrej=0 seq=0 elapsed=0 oled=3C
[   4436] STATUS mode=3 fault=none enc=-182 denc=0 sreq=-21 sapplied=-21 crate=-21 uimp=-53950 upos=225 uneg=1075 ball=-12.02 vball=-0.01 aball=-0.1 bref=0.00 pid=-21.0 pref=-172.9 ppos=-170.8 apid=-0.0 integ=-19.9 vision=1 current=1 vframe=31727 vs=1 vage=14 vpage=14 vdt=34 vmax=266 vacc=31665 vrej=0 seq=0 elapsed=0 oled=3C
[   4468] STATUS mode=3 fault=none enc=-182 denc=0 sreq=0 sapplied=0 crate=0 uimp=-54155 upos=225 uneg=1085 ball=-11.98 vball=0.3232 aball=-0.1 bref=0.00 pid=-19.0 pref=-172.9 ppos=-171.0 apid=-0.0 integ=-19.9 vision=1 current=1 vframe=31728 vs=1 vage=1 vpage=1 vdt=33 vmax=266 vacc=31666 vrej=0 seq=0 elapsed=0 oled=3C
[   4483] STATUS mode=3 fault=none enc=-182 denc=0 sreq=0 sapplied=0 crate=-16 uimp=-54155 upos=225 uneg=1085 ball=-11.99 vball=0.12 aball=0.5 bref=0.00 pid=-15.5 pref=-172.5 ppos=-171.0 apid=0.0 integ=-20.3 vision=1 current=1 vframe=31729 vs=1 vage=8 vpage=8 vdt=33 vmax=266 vacc=31667 vrej=0 seq=0 elapsed=0 oled=3C
[   4516] STATUS mode=3 fault=none enc=-182 denc=0 sreq=0 sapplied=0 crate=-16 uimp=-54155 upos=225 uneg=1085 ball=-11.99 vball=0.12 aball=0.5 bref=0.00 pid=-15.5 pref=-172.5 ppos=-171.0 apid=0.0 integ=-20.3 vision=1 current=1 vframe=31729 vs=1 vage=28 vpage=28 vdt=33 vmax=266 vacc=31667 vrej=0 seq=0 elapsed=0 oled=3C
[   4547] STATUS mode=3 fault=none enc=-182 denc=0 sreq=-21 sapplied=-21 crate=-21 uimp=-54785 upos=225 uneg=1110 ball=-12.01 vball=-0.07 aball=0.5 bref=0.00 pid=-21.4 pref=-173.7 ppos=-171.6 apid=0.0 integ=-20.5 vision=1 current=0 vframe=31731 vs=0 vage=34 vpage=2 vdt=34 vmax=266 vacc=31668 vrej=0 seq=0 elapsed=0 oled=3C
[   4577] STATUS mode=3 fault=none enc=-183 denc=0 sreq=0 sapplied=0 crate=-19 uimp=-54990 upos=225 uneg=1120 ball=-12.01 vball=-0.07 aball=0.5 bref=0.00 pid=-19.3 pref=-173.7 ppos=-171.8 apid=0.0 integ=-20.5 vision=1 current=0 vframe=31731 vs=0 vage=54 vpage=22 vdt=34 vmax=266 vacc=31668 vrej=0 seq=0 elapsed=0 oled=3C
[   4593] STATUS mode=3 fault=none enc=-183 denc=0 sreq=-24 sapplied=-24 crate=-24 uimp=-54990 upos=225 uneg=1120 ball=-12.01 vball=-0.09 aball=-0.7 bref=0.00 pid=-24.3 pref=-174.2 ppos=-171.8 apid=-0.0 integ=-20.9 vision=1 current=1 vframe=31732 vs=1 vage=8 vpage=8 vdt=66 vmax=266 vacc=31669 vrej=0 seq=0 elapsed=0 oled=3C
[   4625] STATUS mode=3 fault=none enc=-184 denc=0 sreq=0 sapplied=0 crate=-19 uimp=-55640 upos=225 uneg=1150 ball=-12.01 vball=-0.07 aball=-0.7 bref=0.00 pid=-18.8 pref=-174.3 ppos=-172.5 apid=-0.0 integ=-21.1 vision=1 current=1 vframe=31733 vs=1 vage=14 vpage=14 vdt=34 vmax=266 vacc=31670 vrej=0 seq=0 elapsed=0 oled=3C
[   4656] STATUS mode=3 fault=none enc=-184 denc=0 sreq=0 sapplied=0 crate=-19 uimp=-55640 upos=225 uneg=1150 ball=-12.01 vball=0.01 aball=-0.7 bref=0.00 pid=-18.8 pref=-174.3 ppos=-172.5 apid=-0.0 integ=-21.1 vision=1 current=1 vframe=31734 vs=1 vage=1 vpage=1 vdt=33 vmax=266 vacc=31671 vrej=0 seq=0 elapsed=0 oled=3C
[   4686] STATUS mode=3 fault=none enc=-184 denc=0 sreq=0 sapplied=0 crate=-17 uimp=-55640 upos=225 uneg=1150 ball=-12.01 vball=0.01 aball=-0.7 bref=0.00 pid=-16.8 pref=-174.1 ppos=-172.5 apid=-0.0 integ=-21.3 vision=1 current=1 vframe=31734 vs=1 vage=21 vpage=21 vdt=33 vmax=266 vacc=31671 vrej=0 seq=0 elapsed=0 oled=3C
[   4702] STATUS mode=3 fault=none enc=-184 denc=0 sreq=0 sapplied=0 crate=-19 uimp=-55740 upos=225 uneg=1155 ball=-12.01 vball=-0.02 aball=-0.1 bref=0.00 pid=-19.3 pref=-174.5 ppos=-172.6 apid=-0.0 integ=-21.5 vision=1 current=1 vframe=31735 vs=1 vage=28 vpage=28 vdt=33 vmax=266 vacc=31672 vrej=0 seq=0 elapsed=0 oled=3C
[   4733] STATUS mode=3 fault=none enc=-184 denc=0 sreq=0 sapplied=0 crate=-19 uimp=-55740 upos=225 uneg=1155 ball=-12.01 vball=0.03 aball=-0.1 bref=0.00 pid=-18.8 pref=-174.4 ppos=-172.6 apid=-0.0 integ=-21.7 vision=1 current=1 vframe=31736 vs=1 vage=14 vpage=14 vdt=34 vmax=266 vacc=31673 vrej=0 seq=0 elapsed=0 oled=3C
[   4766] STATUS mode=3 fault=none enc=-184 denc=0 sreq=0 sapplied=0 crate=-19 uimp=-55740 upos=225 uneg=1155 ball=-11.99 vball=0.20 aball=-0.1 bref=0.00 pid=-18.8 pref=-174.4 ppos=-172.6 apid=-0.0 integ=-21.7 vision=1 current=1 vframe=31737 vs=1 vage=1 vpage=1 vdt=33 vmax=266 vacc=31674 vrej=0 seq=0 elapsed=0 oled=3C
[   4781] STATUS mode=3 fault=none enc=-184 denc=0 sreq=0 sapplied=0 crate=-11 uimp=-55740 upos=225 uneg=1155 ball=-11.97 vball=0.25 aball=1.2 bref=0.00 pid=-10.6 pref=-173.6 ppos=-172.6 apid=0.0 integ=-22.1 vision=1 current=1 vframe=31738 vs=1 vage=8 vpage=8 vdt=33 vmax=266 vacc=31675 vrej=0 seq=0 elapsed=0 oled=3C
[   4811] STATUS mode=3 fault=none enc=-184 denc=0 sreq=0 sapplied=0 crate=-11 uimp=-55740 upos=225 uneg=1155 ball=-11.97 vball=0.25 aball=1.2 bref=0.00 pid=-10.6 pref=-173.6 ppos=-172.6 apid=0.0 integ=-22.1 vision=1 current=1 vframe=31738 vs=1 vage=28 vpage=28 vdt=33 vmax=266 vacc=31675 vrej=0 seq=0 elapsed=0 oled=3C
[   4843] STATUS mode=3 fault=none enc=-184 denc=0 sreq=0 sapplied=0 crate=-15 uimp=-55740 upos=225 uneg=1155 ball=-11.97 vball=0.21 aball=1.2 bref=0.00 pid=-14.6 pref=-174.0 ppos=-172.6 apid=0.0 integ=-22.3 vision=1 current=1 vframe=31739 vs=1 vage=15 vpage=15 vdt=33 vmax=266 vacc=31676 vrej=0 seq=0 elapsed=0 oled=3C
[   4875] STATUS mode=3 fault=none enc=-184 denc=0 sreq=-22 sapplied=-22 crate=-22 uimp=-56100 upos=225 uneg=1170 ball=-11.98 vball=0.04 aball=1.2 bref=0.00 pid=-21.8 pref=-175.1 ppos=-172.9 apid=0.0 integ=-22.5 vision=1 current=1 vframe=31740 vs=1 vage=21 vpage=21 vdt=34 vmax=266 vacc=31677 vrej=0 seq=0 elapsed=0 oled=3C
[   4891] STATUS mode=3 fault=none enc=-186 denc=-2 sreq=-27 sapplied=-27 crate=-27 uimp=-56415 upos=225 uneg=1185 ball=-12.00 vball=-0.08 aball=-0.8 bref=0.00 pid=-27.2 pref=-176.0 ppos=-173.2 apid=-0.0 integ=-22.7 vision=1 current=1 vframe=31741 vs=1 vage=8 vpage=8 vdt=33 vmax=266 vacc=31678 vrej=0 seq=0 elapsed=0 oled=3C
[   4922] STATUS mode=3 fault=none enc=-187 denc=-2 sreq=0 sapplied=0 crate=-13 uimp=-57235 upos=225 uneg=1220 ball=-11.98 vball=0.06 aball=-0.8 bref=0.00 pid=-13.5 pref=-175.4 ppos=-174.0 apid=-0.0 integ=-22.9 vision=1 current=1 vframe=31742 vs=1 vage=14 vpage=14 vdt=34 vmax=266 vacc=31679 vrej=0 seq=0 elapsed=0 oled=3C
[   4952] STATUS mode=3 fault=none enc=-187 denc=0 sreq=0 sapplied=0 crate=-13 uimp=-57235 upos=225 uneg=1220 ball=-11.95 vball=0.34 aball=-0.8 bref=0.00 pid=-13.5 pref=-175.4 ppos=-174.0 apid=-0.0 integ=-22.9 vision=1 current=1 vframe=31743 vs=1 vage=1 vpage=1 vdt=33 vmax=266 vacc=31680 vrej=0 seq=0 elapsed=0 oled=3C
[   4983] STATUS mode=3 fault=none enc=-187 denc=0 sreq=0 sapplied=0 crate=0 uimp=-57235 upos=225 uneg=1220 ball=-11.95 vball=0.34 aball=-0.8 bref=0.00 pid=0.0 pref=-174.1 ppos=-174.0 apid=-0.0 integ=-23.1 vision=1 current=1 vframe=31743 vs=1 vage=21 vpage=21 vdt=33 vmax=266 vacc=31680 vrej=0 seq=0 elapsed=0 oled=3C
[   5000] STATUS mode=3 fault=none enc=-187 denc=0 sreq=0 sapplied=0 crate=0 uimp=-57235 upos=225 uneg=1220 ball=-11.93 vball=0.37 aball=1.5 bref=0.00 pid=0.0 pref=-174.1 ppos=-174.0 apid=0.0 integ=-23.3 vision=1 current=1 vframe=31744 vs=1 vage=27 vpage=27 vdt=34 vmax=266 vacc=31681 vrej=0 seq=0 elapsed=0 oled=3C
[   5031] STATUS mode=3 fault=none enc=-187 denc=0 sreq=0 sapplied=0 crate=16 uimp=-57235 upos=225 uneg=1220 ball=-11.88 vball=0.70 aball=1.5 bref=0.00 pid=15.6 pref=-172.5 ppos=-174.0 apid=0.0 integ=-23.5 vision=1 current=1 vframe=31745 vs=1 vage=14 vpage=14 vdt=33 vmax=266 vacc=31682 vrej=0 seq=0 elapsed=0 oled=3C
[   5061] STATUS mode=3 fault=none enc=-187 denc=0 sreq=0 sapplied=0 crate=16 uimp=-57235 upos=225 uneg=1220 ball=-11.88 vball=0.70 aball=1.5 bref=0.00 pid=15.6 pref=-172.5 ppos=-174.0 apid=0.0 integ=-23.5 vision=1 current=1 vframe=31745 vs=1 vage=34 vpage=34 vdt=33 vmax=266 vacc=31682 vrej=0 seq=0 elapsed=0 oled=3C
[   5093] STATUS mode=3 fault=none enc=-187 denc=0 sreq=-30 sapplied=-30 crate=-30 uimp=-57235 upos=225 uneg=1220 ball=-11.96 vball=-0.08 aball=-1.2 bref=0.00 pid=-29.8 pref=-177.0 ppos=-174.0 apid=-0.0 integ=-23.9 vision=1 current=1 vframe=31747 vs=1 vage=8 vpage=8 vdt=32 vmax=266 vacc=31684 vrej=0 seq=0 elapsed=0 oled=3C
[   5108] STATUS mode=3 fault=none enc=-187 denc=0 sreq=-24 sapplied=-24 crate=-24 uimp=-57790 upos=225 uneg=1240 ball=-11.96 vball=-0.08 aball=-1.2 bref=0.00 pid=-24.2 pref=-177.0 ppos=-174.6 apid=-0.0 integ=-23.9 vision=1 current=1 vframe=31747 vs=1 vage=28 vpage=28 vdt=32 vmax=266 vacc=31684 vrej=0 seq=0 elapsed=0 oled=3C
[   5141] STATUS mode=3 fault=none enc=-188 denc=-1 sreq=-25 sapplied=-25 crate=-25 uimp=-58270 upos=225 uneg=1260 ball=-11.97 vball=-0.15 aball=-1.2 bref=0.00 pid=-25.2 pref=-177.6 ppos=-175.1 apid=-0.0 integ=-24.1 vision=1 current=1 vframe=31748 vs=1 vage=14 vpage=14 vdt=34 vmax=266 vacc=31685 vrej=0 seq=0 elapsed=0 oled=3C
[   5172] STATUS mode=3 fault=none enc=-190 denc=-1 sreq=34 sapplied=34 crate=34 uimp=-58485 upos=235 uneg=1285 ball=-11.85 vball=0.95 aball=-1.2 bref=0.00 pid=33.6 pref=-171.9 ppos=-175.3 apid=-0.0 integ=-24.3 vision=1 current=1 vframe=31749 vs=1 vage=22 vpage=22 vdt=32 vmax=266 vacc=31686 vrej=0 seq=0 elapsed=0 oled=3C
[   5202] STATUS mode=3 fault=none enc=-189 denc=0 sreq=28 sapplied=28 crate=28 uimp=-57860 upos=255 uneg=1285 ball=-11.82 vball=0.98 aball=4.2 bref=0.00 pid=27.8 pref=-171.9 ppos=-174.7 apid=0.0 integ=-24.5 vision=1 current=1 vframe=31750 vs=1 vage=9 vpage=9 vdt=33 vmax=266 vacc=31687 vrej=0 seq=0 elapsed=0 oled=3C
[   5218] STATUS mode=3 fault=none enc=-188 denc=0 sreq=23 sapplied=23 crate=23 uimp=-57345 upos=275 uneg=1285 ball=-11.82 vball=0.98 aball=4.2 bref=0.00 pid=22.7 pref=-171.9 ppos=-174.2 apid=0.0 integ=-24.5 vision=1 current=1 vframe=31750 vs=1 vage=29 vpage=29 vdt=33 vmax=266 vacc=31687 vrej=0 seq=0 elapsed=0 oled=3C
[   5250] STATUS mode=3 fault=none enc=-187 denc=0 sreq=0 sapplied=0 crate=-19 uimp=-57225 upos=285 uneg=1290 ball=-11.87 vball=0.23 aball=4.2 bref=0.00 pid=-19.5 pref=-176.0 ppos=-174.0 apid=0.0 integ=-24.7 vision=1 current=1 vframe=31751 vs=1 vage=36 vpage=36 vdt=33 vmax=266 vacc=31688 vrej=0 seq=0 elapsed=0 oled=3C
[   5281] STATUS mode=3 fault=none enc=-187 denc=0 sreq=-35 sapplied=-35 crate=-35 uimp=-57795 upos=285 uneg=1305 ball=-11.91 vball=-0.12 aball=4.2 bref=0.00 pid=-34.6 pref=-178.1 ppos=-174.6 apid=0.0 integ=-24.9 vision=1 current=1 vframe=31752 vs=1 vage=20 vpage=20 vdt=36 vmax=266 vacc=31689 vrej=0 seq=0 elapsed=0 oled=3C
[   5311] STATUS mode=3 fault=none enc=-188 denc=0 sreq=-35 sapplied=-35 crate=-35 uimp=-59240 upos=285 uneg=1345 ball=-11.93 vball=-0.37 aball=-3.8 bref=0.00 pid=-35.1 pref=-179.6 ppos=-176.1 apid=-0.0 integ=-25.1 vision=1 current=1 vframe=31753 vs=1 vage=29 vpage=29 vdt=31 vmax=266 vacc=31690 vrej=0 seq=0 elapsed=0 oled=3C
[   5327] STATUS mode=3 fault=none enc=-189 denc=0 sreq=-34 sapplied=-34 crate=-34 uimp=-59940 upos=285 uneg=1365 ball=-11.95 vball=-0.43 aball=-3.8 bref=0.00 pid=-33.7 pref=-180.1 ppos=-176.8 apid=-0.0 integ=-25.3 vision=1 current=1 vframe=31754 vs=1 vage=16 vpage=16 vdt=33 vmax=266 vacc=31691 vrej=0 seq=0 elapsed=0 oled=3C
[   5358] STATUS mode=3 fault=none enc=-189 denc=0 sreq=-27 sapplied=-27 crate=-27 uimp=-60565 upos=285 uneg=1385 ball=-11.96 vball=-0.34 aball=-3.8 bref=0.00 pid=-27.5 pref=-180.1 ppos=-177.4 apid=-0.0 integ=-25.3 vision=1 current=1 vframe=31755 vs=1 vage=3 vpage=3 vdt=33 vmax=266 vacc=31692 vrej=0 seq=0 elapsed=0 oled=3C
[   5391] STATUS mode=3 fault=none enc=-190 denc=1 sreq=0 sapplied=0 crate=-16 uimp=-61145 upos=285 uneg=1410 ball=-11.96 vball=-0.24 aball=-1.5 bref=0.00 pid=-16.5 pref=-179.6 ppos=-178.0 apid=-0.0 integ=-25.7 vision=1 current=1 vframe=31756 vs=1 vage=9 vpage=9 vdt=34 vmax=266 vacc=31693 vrej=0 seq=0 elapsed=0 oled=3C
[   5422] STATUS mode=3 fault=none enc=-190 denc=0 sreq=0 sapplied=0 crate=-16 uimp=-61145 upos=285 uneg=1410 ball=-11.96 vball=-0.24 aball=-1.5 bref=0.00 pid=-16.5 pref=-179.6 ppos=-178.0 apid=-0.0 integ=-25.7 vision=1 current=1 vframe=31756 vs=1 vage=29 vpage=29 vdt=34 vmax=266 vacc=31693 vrej=0 seq=0 elapsed=0 oled=3C
[   5436] STATUS mode=3 fault=none enc=-190 denc=0 sreq=-50 sapplied=-50 crate=-50 uimp=-61690 upos=285 uneg=1420 ball=-12.04 vball=-0.94 aball=-1.5 bref=0.00 pid=-50.5 pref=-183.6 ppos=-178.5 apid=-0.0 integ=-25.9 vision=1 current=1 vframe=31757 vs=1 vage=15 vpage=15 vdt=34 vmax=266 vacc=31694 vrej=0 seq=0 elapsed=0 oled=3C
[   5468] STATUS mode=3 fault=none enc=-193 denc=-1 sreq=-52 sapplied=-52 crate=-52 uimp=-63700 upos=285 uneg=1460 ball=-12.11 vball=-1.30 aball=-1.5 bref=0.00 pid=-52.4 pref=-185.8 ppos=-180.5 apid=-0.0 integ=-26.1 vision=1 current=1 vframe=31758 vs=1 vage=23 vpage=23 vdt=32 vmax=266 vacc=31695 vrej=0 seq=0 elapsed=0 oled=3C
[   5500] STATUS mode=3 fault=none enc=-194 denc=1 sreq=-34 sapplied=-34 crate=-34 uimp=-64670 upos=285 uneg=1480 ball=-12.13 vball=-1.08 aball=-4.6 bref=0.00 pid=-34.4 pref=-184.9 ppos=-181.5 apid=-0.0 integ=-26.3 vision=1 current=1 vframe=31759 vs=1 vage=9 vpage=9 vdt=34 vmax=266 vacc=31696 vrej=0 seq=0 elapsed=0 oled=3C
[   5531] STATUS mode=3 fault=none enc=-196 denc=0 sreq=30 sapplied=30 crate=30 uimp=-65420 upos=290 uneg=1510 ball=-12.04 vball=0.05 aball=-4.6 bref=0.00 pid=30.3 pref=-179.2 ppos=-182.2 apid=-0.0 integ=-26.5 vision=1 current=1 vframe=31760 vs=1 vage=15 vpage=15 vdt=34 vmax=266 vacc=31697 vrej=0 seq=0 elapsed=0 oled=3C
[   5547] STATUS mode=3 fault=none enc=-196 denc=-1 sreq=25 sapplied=25 crate=25 uimp=-64860 upos=310 uneg=1510 ball=-12.00 vball=0.34 aball=-4.6 bref=0.00 pid=24.7 pref=-179.2 ppos=-181.7 apid=-0.0 integ=-26.5 vision=1 current=1 vframe=31761 vs=1 vage=2 vpage=2 vdt=33 vmax=266 vacc=31698 vrej=0 seq=0 elapsed=0 oled=3C
[   5577] STATUS mode=3 fault=none enc=-195 denc=0 sreq=32 sapplied=32 crate=32 uimp=-64205 upos=330 uneg=1510 ball=-12.00 vball=0.34 aball=-4.6 bref=0.00 pid=31.9 pref=-177.8 ppos=-181.0 apid=-0.0 integ=-26.7 vision=1 current=1 vframe=31761 vs=1 vage=22 vpage=22 vdt=33 vmax=266 vacc=31698 vrej=0 seq=0 elapsed=0 oled=3C
[   5608] STATUS mode=3 fault=none enc=-194 denc=0 sreq=0 sapplied=0 crate=0 uimp=-63615 upos=350 uneg=1510 ball=-12.02 vball=0.07 aball=2.6 bref=0.00 pid=0.0 pref=-179.4 ppos=-180.4 apid=0.0 integ=-26.9 vision=1 current=1 vframe=31762 vs=1 vage=29 vpage=29 vdt=33 vmax=266 vacc=31699 vrej=0 seq=0 elapsed=0 oled=3C
[   5625] STATUS mode=3 fault=none enc=-194 denc=0 sreq=0 sapplied=0 crate=0 uimp=-63615 upos=350 uneg=1510 ball=-12.03 vball=-0.07 aball=2.6 bref=0.00 pid=0.0 pref=-180.4 ppos=-180.4 apid=0.0 integ=-27.1 vision=1 current=1 vframe=31763 vs=1 vage=16 vpage=16 vdt=33 vmax=266 vacc=31700 vrej=0 seq=0 elapsed=0 oled=3C
[   5656] STATUS mode=3 fault=none enc=-194 denc=0 sreq=0 sapplied=0 crate=0 uimp=-63615 upos=350 uneg=1510 ball=-12.02 vball=0.07 aball=2.6 bref=0.00 pid=0.0 pref=-180.4 ppos=-180.4 apid=0.0 integ=-27.1 vision=1 current=1 vframe=31764 vs=1 vage=2 vpage=2 vdt=34 vmax=266 vacc=31701 vrej=0 seq=0 elapsed=0 oled=3C
[   5686] STATUS mode=3 fault=none enc=-194 denc=0 sreq=0 sapplied=0 crate=0 uimp=-63615 upos=350 uneg=1510 ball=-12.02 vball=0.05 aball=1.4 bref=0.00 pid=0.0 pref=-180.1 ppos=-180.4 apid=0.0 integ=-27.5 vision=1 current=1 vframe=31765 vs=1 vage=9 vpage=9 vdt=33 vmax=266 vacc=31702 vrej=0 seq=0 elapsed=0 oled=3C
[   5718] STATUS mode=3 fault=none enc=-194 denc=0 sreq=0 sapplied=0 crate=0 uimp=-63615 upos=350 uneg=1510 ball=-12.02 vball=0.05 aball=1.4 bref=0.00 pid=0.0 pref=-180.1 ppos=-180.4 apid=0.0 integ=-27.5 vision=1 current=1 vframe=31765 vs=1 vage=29 vpage=29 vdt=33 vmax=266 vacc=31702 vrej=0 seq=0 elapsed=0 oled=3C
[   5733] STATUS mode=3 fault=none enc=-194 denc=0 sreq=0 sapplied=0 crate=0 uimp=-63615 upos=350 uneg=1510 ball=-12.03 vball=-0.04 aball=1.4 bref=0.00 pid=0.0 pref=-180.8 ppos=-180.4 apid=0.0 integ=-27.7 vision=1 current=1 vframe=31766 vs=1 vage=15 vpage=15 vdt=34 vmax=266 vacc=31703 vrej=0 seq=0 elapsed=0 oled=3C
[   5766] STATUS mode=3 fault=none enc=-194 denc=0 sreq=0 sapplied=0 crate=0 uimp=-63615 upos=350 uneg=1510 ball=-12.01 vball=0.13 aball=1.4 bref=0.00 pid=0.0 pref=-180.1 ppos=-180.4 apid=0.0 integ=-27.9 vision=1 current=1 vframe=31767 vs=1 vage=22 vpage=22 vdt=33 vmax=266 vacc=31704 vrej=0 seq=0 elapsed=0 oled=3C
[   5797] STATUS mode=3 fault=none enc=-194 denc=0 sreq=0 sapplied=0 crate=0 uimp=-63615 upos=350 uneg=1510 ball=-12.00 vball=0.21 aball=1.5 bref=0.00 pid=0.0 pref=-179.9 ppos=-180.4 apid=0.0 integ=-28.1 vision=1 current=1 vframe=31768 vs=1 vage=8 vpage=8 vdt=34 vmax=266 vacc=31705 vrej=0 seq=0 elapsed=0 oled=3C
[   5811] STATUS mode=3 fault=none enc=-194 denc=0 sreq=0 sapplied=0 crate=0 uimp=-63615 upos=350 uneg=1510 ball=-12.00 vball=0.21 aball=1.5 bref=0.00 pid=0.0 pref=-179.9 ppos=-180.4 apid=0.0 integ=-28.1 vision=1 current=1 vframe=31768 vs=1 vage=28 vpage=28 vdt=34 vmax=266 vacc=31705 vrej=0 seq=0 elapsed=0 oled=3C
[   5843] STATUS mode=3 fault=none enc=-194 denc=0 sreq=0 sapplied=0 crate=0 uimp=-63615 upos=350 uneg=1510 ball=-11.98 vball=0.24 aball=1.5 bref=0.00 pid=0.0 pref=-180.2 ppos=-180.4 apid=0.0 integ=-28.3 vision=1 current=1 vframe=31770 vs=1 vage=2 vpage=2 vdt=33 vmax=266 vacc=31707 vrej=0 seq=0 elapsed=0 oled=3C
[   5875] STATUS mode=3 fault=none enc=-194 denc=0 sreq=0 sapplied=0 crate=0 uimp=-63615 upos=350 uneg=1510 ball=-11.98 vball=0.24 aball=1.5 bref=0.00 pid=0.0 pref=-180.1 ppos=-180.4 apid=0.0 integ=-28.5 vision=1 current=1 vframe=31770 vs=1 vage=22 vpage=22 vdt=33 vmax=266 vacc=31707 vrej=0 seq=0 elapsed=0 oled=3C
[   5906] STATUS mode=3 fault=none enc=-194 denc=0 sreq=0 sapplied=0 crate=0 uimp=-63615 upos=350 uneg=1510 ball=-11.98 vball=0.15 aball=0.5 bref=0.00 pid=0.0 pref=-180.7 ppos=-180.4 apid=0.0 integ=-28.7 vision=1 current=1 vframe=31771 vs=1 vage=9 vpage=9 vdt=33 vmax=266 vacc=31708 vrej=0 seq=0 elapsed=0 oled=3C
[   5922] STATUS mode=3 fault=none enc=-194 denc=0 sreq=-20 sapplied=-20 crate=-20 uimp=-63720 upos=350 uneg=1515 ball=-12.01 vball=-0.15 aball=0.5 bref=0.00 pid=-19.8 pref=-182.5 ppos=-180.5 apid=0.0 integ=-28.9 vision=1 current=1 vframe=31772 vs=1 vage=15 vpage=15 vdt=34 vmax=266 vacc=31709 vrej=0 seq=0 elapsed=0 oled=3C
[   5952] STATUS mode=3 fault=none enc=-194 denc=0 sreq=0 sapplied=0 crate=-19 uimp=-63820 upos=350 uneg=1520 ball=-12.02 vball=-0.19 aball=0.5 bref=0.00 pid=-18.8 pref=-182.5 ppos=-180.6 apid=0.0 integ=-28.9 vision=1 current=1 vframe=31773 vs=1 vage=2 vpage=2 vdt=33 vmax=266 vacc=31710 vrej=0 seq=0 elapsed=0 oled=3C
[   5983] STATUS mode=3 fault=none enc=-194 denc=0 sreq=-20 sapplied=-20 crate=-20 uimp=-64150 upos=350 uneg=1535 ball=-12.02 vball=-0.19 aball=0.5 bref=0.00 pid=-19.8 pref=-182.9 ppos=-181.0 apid=0.0 integ=-29.1 vision=1 current=1 vframe=31773 vs=1 vage=22 vpage=22 vdt=33 vmax=266 vacc=31710 vrej=0 seq=0 elapsed=0 oled=3C
[   6016] STATUS mode=3 fault=none enc=-194 denc=0 sreq=-20 sapplied=-20 crate=-20 uimp=-64710 upos=350 uneg=1560 ball=-12.04 vball=-0.26 aball=-1.6 bref=0.00 pid=-20.3 pref=-183.6 ppos=-181.5 apid=-0.0 integ=-29.3 vision=1 current=1 vframe=31774 vs=1 vage=29 vpage=29 vdt=33 vmax=266 vacc=31711 vrej=0 seq=0 elapsed=0 oled=3C
[   6031] STATUS mode=3 fault=none enc=-195 denc=0 sreq=0 sapplied=0 crate=-11 uimp=-64810 upos=350 uneg=1565 ball=-12.02 vball=-0.07 aball=-1.6 bref=0.00 pid=-11.2 pref=-182.7 ppos=-181.6 apid=-0.0 integ=-29.5 vision=1 current=1 vframe=31775 vs=1 vage=16 vpage=16 vdt=33 vmax=266 vacc=31712 vrej=0 seq=0 elapsed=0 oled=3C
[   6061] STATUS mode=3 fault=none enc=-195 denc=0 sreq=0 sapplied=0 crate=-11 uimp=-64810 upos=350 uneg=1565 ball=-12.02 vball=-0.07 aball=-1.6 bref=0.00 pid=-11.2 pref=-182.7 ppos=-181.6 apid=-0.0 integ=-29.5 vision=1 current=0 vframe=31776 vs=0 vage=36 vpage=2 vdt=33 vmax=266 vacc=31712 vrej=0 seq=0 elapsed=0 oled=3C
[   6093] STATUS mode=3 fault=none enc=-195 denc=0 sreq=0 sapplied=0 crate=18 uimp=-64810 upos=350 uneg=1565 ball=-11.93 vball=0.54 aball=2.7 bref=0.00 pid=18.0 pref=-179.8 ppos=-181.6 apid=0.0 integ=-29.9 vision=1 current=1 vframe=31777 vs=1 vage=9 vpage=9 vdt=67 vmax=266 vacc=31713 vrej=0 seq=0 elapsed=0 oled=3C
[   6108] STATUS mode=3 fault=none enc=-195 denc=0 sreq=0 sapplied=0 crate=18 uimp=-64810 upos=350 uneg=1565 ball=-11.93 vball=0.54 aball=2.7 bref=0.00 pid=18.0 pref=-179.8 ppos=-181.6 apid=0.0 integ=-29.9 vision=1 current=1 vframe=31777 vs=1 vage=29 vpage=29 vdt=67 vmax=266 vacc=31713 vrej=0 seq=0 elapsed=0 oled=3C
[   6141] STATUS mode=3 fault=none enc=-195 denc=0 sreq=0 sapplied=0 crate=18 uimp=-64810 upos=350 uneg=1565 ball=-11.91 vball=0.56 aball=2.7 bref=0.00 pid=17.5 pref=-179.9 ppos=-181.6 apid=0.0 integ=-30.1 vision=1 current=1 vframe=31778 vs=1 vage=14 vpage=14 vdt=35 vmax=266 vacc=31714 vrej=0 seq=0 elapsed=0 oled=3C
[   6172] STATUS mode=3 fault=none enc=-195 denc=0 sreq=0 sapplied=0 crate=15 uimp=-64810 upos=350 uneg=1565 ball=-11.89 vball=0.53 aball=2.7 bref=0.00 pid=14.7 pref=-180.2 ppos=-181.6 apid=0.0 integ=-30.3 vision=1 current=1 vframe=31779 vs=1 vage=22 vpage=22 vdt=32 vmax=266 vacc=31715 vrej=0 seq=0 elapsed=0 oled=3C
[   6202] STATUS mode=3 fault=none enc=-195 denc=0 sreq=-29 sapplied=-29 crate=-29 uimp=-64810 upos=350 uneg=1565 ball=-11.96 vball=-0.27 aball=-2.1 bref=0.00 pid=-29.3 pref=-184.6 ppos=-181.6 apid=-0.0 integ=-30.5 vision=1 current=1 vframe=31780 vs=1 vage=9 vpage=9 vdt=33 vmax=266 vacc=31716 vrej=0 seq=0 elapsed=0 oled=3C
[   6218] STATUS mode=3 fault=none enc=-196 denc=0 sreq=-36 sapplied=-36 crate=-36 uimp=-65975 upos=350 uneg=1605 ball=-12.01 vball=-0.57 aball=-2.1 bref=0.00 pid=-36.2 pref=-186.4 ppos=-182.8 apid=-0.0 integ=-30.5 vision=1 current=1 vframe=31780 vs=1 vage=29 vpage=29 vdt=33 vmax=266 vacc=31716 vrej=0 seq=0 elapsed=0 oled=3C
[   6250] STATUS mode=3 fault=none enc=-195 denc=0 sreq=-30 sapplied=-30 crate=-30 uimp=-66645 upos=350 uneg=1625 ball=-12.03 vball=-0.55 aball=-2.1 bref=0.00 pid=-29.5 pref=-186.4 ppos=-183.5 apid=-0.0 integ=-30.7 vision=1 current=1 vframe=31782 vs=1 vage=1 vpage=1 vdt=34 vmax=266 vacc=31718 vrej=0 seq=0 elapsed=0 oled=3C
[   6281] STATUS mode=3 fault=none enc=-197 denc=0 sreq=-25 sapplied=-25 crate=-25 uimp=-67220 upos=350 uneg=1645 ball=-12.03 vball=-0.55 aball=-2.1 bref=0.00 pid=-25.4 pref=-186.6 ppos=-184.0 apid=-0.0 integ=-30.9 vision=1 current=1 vframe=31782 vs=1 vage=21 vpage=21 vdt=34 vmax=266 vacc=31718 vrej=0 seq=0 elapsed=0 oled=3C
[   6311] STATUS mode=3 fault=none enc=-198 denc=0 sreq=0 sapplied=0 crate=0 uimp=-67690 upos=350 uneg=1665 ball=-11.98 vball=-0.01 aball=-0.0 bref=0.00 pid=0.0 pref=-183.9 ppos=-184.5 apid=-0.0 integ=-31.1 vision=1 current=1 vframe=31783 vs=1 vage=28 vpage=28 vdt=33 vmax=266 vacc=31719 vrej=0 seq=0 elapsed=0 oled=3C
[   6327] STATUS mode=3 fault=none enc=-198 denc=0 sreq=0 sapplied=0 crate=0 uimp=-67690 upos=350 uneg=1665 ball=-11.97 vball=0.07 aball=-0.0 bref=0.00 pid=0.0 pref=-183.7 ppos=-184.5 apid=-0.0 integ=-31.3 vision=1 current=1 vframe=31784 vs=1 vage=15 vpage=15 vdt=33 vmax=266 vacc=31720 vrej=0 seq=0 elapsed=0 oled=3C
[   6358] STATUS mode=3 fault=none enc=-198 denc=0 sreq=0 sapplied=0 crate=0 uimp=-67690 upos=350 uneg=1665 ball=-11.92 vball=0.42 aball=-0.0 bref=0.00 pid=0.0 pref=-183.7 ppos=-184.5 apid=-0.0 integ=-31.3 vision=1 current=1 vframe=31785 vs=1 vage=2 vpage=2 vdt=33 vmax=266 vacc=31721 vrej=0 seq=0 elapsed=0 oled=3C
[   6391] STATUS mode=3 fault=none enc=-197 denc=1 sreq=0 sapplied=0 crate=0 uimp=-67120 upos=375 uneg=1665 ball=-11.93 vball=0.18 aball=0.8 bref=0.00 pid=0.0 pref=-183.4 ppos=-183.9 apid=0.0 integ=-31.7 vision=1 current=1 vframe=31786 vs=1 vage=8 vpage=8 vdt=34 vmax=266 vacc=31722 vrej=0 seq=0 elapsed=0 oled=3C
[   6406] STATUS mode=3 fault=none enc=-197 denc=0 sreq=0 sapplied=0 crate=0 uimp=-67120 upos=375 uneg=1665 ball=-11.93 vball=0.18 aball=0.8 bref=0.00 pid=0.0 pref=-183.4 ppos=-183.9 apid=0.0 integ=-31.7 vision=1 current=1 vframe=31786 vs=1 vage=28 vpage=28 vdt=34 vmax=266 vacc=31722 vrej=0 seq=0 elapsed=0 oled=3C
[   6436] STATUS mode=3 fault=none enc=-197 denc=0 sreq=0 sapplied=0 crate=0 uimp=-67120 upos=375 uneg=1665 ball=-11.94 vball=0.08 aball=0.8 bref=0.00 pid=0.0 pref=-184.1 ppos=-183.9 apid=0.0 integ=-31.9 vision=1 current=1 vframe=31787 vs=1 vage=16 vpage=16 vdt=32 vmax=266 vacc=31723 vrej=0 seq=0 elapsed=0 oled=3C
[   6468] STATUS mode=3 fault=none enc=-197 denc=0 sreq=0 sapplied=0 crate=0 uimp=-67120 upos=375 uneg=1665 ball=-11.95 vball=-0.02 aball=0.8 bref=0.00 pid=0.0 pref=-184.9 ppos=-183.9 apid=0.0 integ=-32.1 vision=1 current=1 vframe=31788 vs=1 vage=22 vpage=22 vdt=34 vmax=266 vacc=31724 vrej=0 seq=0 elapsed=0 oled=3C
[   6500] STATUS mode=3 fault=none enc=-197 denc=0 sreq=0 sapplied=0 crate=0 uimp=-67120 upos=375 uneg=1665 ball=-11.94 vball=0.08 aball=0.0 bref=0.00 pid=0.0 pref=-184.5 ppos=-183.9 apid=0.0 integ=-32.3 vision=1 current=1 vframe=31789 vs=1 vage=9 vpage=9 vdt=33 vmax=266 vacc=31725 vrej=0 seq=0 elapsed=0 oled=3C
[   6516] STATUS mode=3 fault=none enc=-197 denc=0 sreq=0 sapplied=0 crate=0 uimp=-67120 upos=375 uneg=1665 ball=-11.94 vball=0.08 aball=0.0 bref=0.00 pid=0.0 pref=-184.5 ppos=-183.9 apid=0.0 integ=-32.3 vision=1 current=1 vframe=31789 vs=1 vage=29 vpage=29 vdt=33 vmax=266 vacc=31725 vrej=0 seq=0 elapsed=0 oled=3C
[   6547] STATUS mode=3 fault=none enc=-197 denc=0 sreq=0 sapplied=0 crate=0 uimp=-67120 upos=375 uneg=1665 ball=-11.93 vball=0.09 aball=0.0 bref=0.00 pid=0.0 pref=-184.6 ppos=-183.9 apid=0.0 integ=-32.5 vision=1 current=1 vframe=31791 vs=1 vage=3 vpage=3 vdt=33 vmax=266 vacc=31727 vrej=0 seq=0 elapsed=0 oled=3C
[   6577] STATUS mode=3 fault=none enc=-197 denc=0 sreq=0 sapplied=0 crate=0 uimp=-67120 upos=375 uneg=1665 ball=-11.93 vball=0.09 aball=0.0 bref=0.00 pid=0.0 pref=-184.9 ppos=-183.9 apid=0.0 integ=-32.7 vision=1 current=1 vframe=31791 vs=1 vage=23 vpage=23 vdt=33 vmax=266 vacc=31727 vrej=0 seq=0 elapsed=0 oled=3C
[   6593] STATUS mode=3 fault=none enc=-197 denc=0 sreq=0 sapplied=0 crate=-14 uimp=-67120 upos=375 uneg=1665 ball=-11.93 vball=0.04 aball=-0.2 bref=0.00 pid=-13.7 pref=-185.3 ppos=-183.9 apid=-0.0 integ=-32.9 vision=1 current=1 vframe=31792 vs=1 vage=10 vpage=10 vdt=33 vmax=266 vacc=31728 vrej=0 seq=0 elapsed=0 oled=3C
[   6625] STATUS mode=3 fault=none enc=-197 denc=0 sreq=0 sapplied=0 crate=-14 uimp=-67120 upos=375 uneg=1665 ball=-11.93 vball=0.04 aball=-0.2 bref=0.00 pid=-13.7 pref=-185.3 ppos=-183.9 apid=-0.0 integ=-32.9 vision=1 current=0 vframe=31793 vs=0 vage=50 vpage=17 vdt=33 vmax=266 vacc=31728 vrej=0 seq=0 elapsed=0 oled=3C
[   6656] STATUS mode=3 fault=none enc=-197 denc=0 sreq=0 sapplied=0 crate=-14 uimp=-67120 upos=375 uneg=1665 ball=-11.93 vball=0.04 aball=-0.2 bref=0.00 pid=-13.7 pref=-185.3 ppos=-183.9 apid=-0.0 integ=-32.9 vision=1 current=0 vframe=31794 vs=0 vage=70 vpage=5 vdt=33 vmax=266 vacc=31728 vrej=0 seq=0 elapsed=0 oled=3C
[   6686] STATUS mode=3 fault=none enc=-197 denc=0 sreq=0 sapplied=0 crate=-14 uimp=-67120 upos=375 uneg=1665 ball=-11.93 vball=0.04 aball=-0.2 bref=0.00 pid=-13.7 pref=-185.3 ppos=-183.9 apid=-0.0 integ=-32.9 vision=1 current=0 vframe=31794 vs=0 vage=90 vpage=25 vdt=33 vmax=266 vacc=31728 vrej=0 seq=0 elapsed=0 oled=3C
[   6702] STATUS mode=3 fault=none enc=-200 denc=-1 sreq=-250 sapplied=-250 crate=-250 uimp=-70690 upos=375 uneg=1680 ball=-13.60 vball=-15.17 aball=-66.5 bref=0.00 pid=-250.0 pref=-266.4 ppos=-187.5 apid=-0.0 integ=-0.0 vision=1 current=1 vframe=31795 vs=1 vage=27 vpage=27 vdt=103 vmax=266 vacc=31729 vrej=0 seq=0 elapsed=0 oled=3C
[   6733] STATUS mode=3 fault=none enc=-207 denc=-2 sreq=-250 sapplied=-250 crate=-250 uimp=-75690 upos=375 uneg=1700 ball=-15.01 vball=-22.87 aball=-66.5 bref=0.00 pid=-250.0 pref=-309.1 ppos=-192.5 apid=-0.0 integ=-0.0 vision=1 current=1 vframe=31796 vs=1 vage=15 vpage=15 vdt=32 vmax=266 vacc=31730 vrej=0 seq=0 elapsed=0 oled=3C
[   6766] STATUS mode=3 fault=none enc=-219 denc=-2 sreq=-250 sapplied=-250 crate=-250 uimp=-85690 upos=375 uneg=1740 ball=-15.01 vball=-22.87 aball=-66.5 bref=0.00 pid=-250.0 pref=-309.1 ppos=-202.5 apid=-0.0 integ=-0.0 vision=1 current=0 vframe=31797 vs=0 vage=55 vpage=25 vdt=32 vmax=266 vacc=31730 vrej=0 seq=0 elapsed=0 oled=3C
[   6797] STATUS mode=3 fault=none enc=-225 denc=-2 sreq=-250 sapplied=-250 crate=-250 uimp=-90690 upos=375 uneg=1760 ball=-15.54 vball=-16.20 aball=-41.3 bref=0.00 pid=-250.0 pref=-277.3 ppos=-207.5 apid=-0.0 integ=-0.0 vision=1 current=1 vframe=31798 vs=1 vage=8 vpage=8 vdt=67 vmax=266 vacc=31731 vrej=0 seq=0 elapsed=0 oled=3C
[   6827] STATUS mode=3 fault=none enc=-231 denc=-2 sreq=-250 sapplied=-250 crate=-250 uimp=-95690 upos=375 uneg=1780 ball=-15.54 vball=-16.20 aball=-41.3 bref=0.00 pid=-250.0 pref=-277.3 ppos=-212.5 apid=-0.0 integ=-0.0 vision=1 current=1 vframe=31798 vs=1 vage=28 vpage=28 vdt=67 vmax=266 vacc=31731 vrej=0 seq=0 elapsed=0 oled=3C
[   6843] STATUS mode=3 fault=none enc=-244 denc=-2 sreq=-250 sapplied=-250 crate=-250 uimp=-105690 upos=375 uneg=1820 ball=-15.43 vball=-10.45 aball=-41.3 bref=0.00 pid=-250.0 pref=-248.3 ppos=-222.5 apid=-0.0 integ=-0.0 vision=1 current=0 vframe=31800 vs=0 vage=35 vpage=5 vdt=33 vmax=266 vacc=31732 vrej=0 seq=0 elapsed=0 oled=3C
[   6875] STATUS mode=3 fault=none enc=-250 denc=-1 sreq=-210 sapplied=-210 crate=-210 uimp=-110435 upos=375 uneg=1840 ball=-15.43 vball=-10.45 aball=-41.3 bref=0.00 pid=-210.0 pref=-248.3 ppos=-227.2 apid=-0.0 integ=-0.0 vision=1 current=0 vframe=31800 vs=0 vage=55 vpage=25 vdt=33 vmax=266 vacc=31732 vrej=0 seq=0 elapsed=0 oled=3C
[   6906] STATUS mode=3 fault=none enc=-256 denc=0 sreq=72 sapplied=72 crate=72 uimp=-113115 upos=385 uneg=1860 ball=-15.35 vball=-5.40 aball=26.9 bref=0.00 pid=71.7 pref=-222.8 ppos=-229.9 apid=0.0 integ=-0.0 vision=1 current=1 vframe=31801 vs=1 vage=30 vpage=30 vdt=65 vmax=266 vacc=31733 vrej=0 seq=0 elapsed=0 oled=3C
[   6936] STATUS mode=3 fault=none enc=-255 denc=0 sreq=250 sapplied=250 crate=250 uimp=-110325 upos=405 uneg=1860 ball=-12.24 vball=23.15 aball=26.9 bref=0.00 pid=250.0 pref=-70.7 ppos=-227.1 apid=0.0 integ=-0.0 vision=1 current=1 vframe=31802 vs=1 vage=17 vpage=17 vdt=33 vmax=266 vacc=31734 vrej=0 seq=0 elapsed=0 oled=3C
[   6968] STATUS mode=3 fault=none enc=-249 denc=2 sreq=250 sapplied=250 crate=250 uimp=-105325 upos=425 uneg=1860 ball=-11.25 vball=24.88 aball=26.9 bref=0.00 pid=250.0 pref=-70.7 ppos=-222.1 apid=0.0 integ=-0.0 vision=1 current=1 vframe=31803 vs=1 vage=2 vpage=2 vdt=35 vmax=266 vacc=31735 vrej=0 seq=0 elapsed=0 oled=3C
[   6983] STATUS mode=3 fault=none enc=-236 denc=2 sreq=250 sapplied=250 crate=250 uimp=-95325 upos=465 uneg=1860 ball=-11.05 vball=19.20 aball=125.5 bref=0.00 pid=250.0 pref=-86.9 ppos=-212.1 apid=0.0 integ=-0.0 vision=1 current=1 vframe=31804 vs=1 vage=10 vpage=10 vdt=32 vmax=266 vacc=31736 vrej=0 seq=0 elapsed=0 oled=3C
[   7016] STATUS mode=3 fault=none enc=-230 denc=1 sreq=250 sapplied=250 crate=250 uimp=-90325 upos=485 uneg=1860 ball=-11.05 vball=19.20 aball=125.5 bref=0.00 pid=250.0 pref=-86.9 ppos=-207.1 apid=0.0 integ=-0.0 vision=1 current=1 vframe=31804 vs=1 vage=30 vpage=30 vdt=32 vmax=266 vacc=31736 vrej=0 seq=0 elapsed=0 oled=3C
[   7047] STATUS mode=3 fault=none enc=-223 denc=2 sreq=250 sapplied=250 crate=250 uimp=-85325 upos=505 uneg=1860 ball=-11.08 vball=13.27 aball=125.5 bref=0.00 pid=250.0 pref=-116.6 ppos=-202.1 apid=0.0 integ=-0.0 vision=1 current=1 vframe=31805 vs=1 vage=17 vpage=17 vdt=33 vmax=266 vacc=31737 vrej=0 seq=0 elapsed=0 oled=3C
[   7077] STATUS mode=3 fault=none enc=-211 denc=2 sreq=250 sapplied=250 crate=250 uimp=-75325 upos=545 uneg=1860 ball=-11.08 vball=9.45 aball=125.5 bref=0.00 pid=250.0 pref=-135.7 ppos=-192.1 apid=0.0 integ=-0.0 vision=1 current=1 vframe=31806 vs=1 vage=24 vpage=24 vdt=33 vmax=266 vacc=31738 vrej=0 seq=0 elapsed=0 oled=3C
[   7093] STATUS mode=3 fault=none enc=-205 denc=2 sreq=250 sapplied=250 crate=250 uimp=-70325 upos=565 uneg=1860 ball=-11.31 vball=4.59 aball=3.3 bref=0.00 pid=250.0 pref=-160.7 ppos=-187.1 apid=0.0 integ=-0.0 vision=1 current=1 vframe=31807 vs=1 vage=10 vpage=10 vdt=34 vmax=266 vacc=31739 vrej=0 seq=0 elapsed=0 oled=3C
[   7125] STATUS mode=3 fault=none enc=-196 denc=-1 sreq=32 sapplied=32 crate=32 uimp=-62690 upos=605 uneg=1860 ball=-11.49 vball=1.58 aball=3.3 bref=0.00 pid=32.2 pref=-176.3 ppos=-179.5 apid=0.0 integ=-0.0 vision=1 current=1 vframe=31808 vs=1 vage=17 vpage=17 vdt=33 vmax=266 vacc=31740 vrej=0 seq=0 elapsed=0 oled=3C
[   7156] STATUS mode=3 fault=none enc=-196 denc=0 sreq=26 sapplied=26 crate=26 uimp=-62090 upos=625 uneg=1860 ball=-11.68 vball=-0.52 aball=3.3 bref=0.00 pid=26.2 pref=-176.3 ppos=-178.9 apid=0.0 integ=-0.0 vision=1 current=1 vframe=31809 vs=1 vage=4 vpage=4 vdt=33 vmax=266 vacc=31741 vrej=0 seq=0 elapsed=0 oled=3C
[   7186] STATUS mode=3 fault=none enc=-194 denc=1 sreq=-77 sapplied=-77 crate=-77 uimp=-62795 upos=630 uneg=1870 ball=-11.68 vball=-0.52 aball=3.3 bref=0.00 pid=-77.4 pref=-187.4 ppos=-179.6 apid=0.0 integ=-0.0 vision=1 current=1 vframe=31809 vs=1 vage=24 vpage=24 vdt=33 vmax=266 vacc=31741 vrej=0 seq=0 elapsed=0 oled=3C
[   7202] STATUS mode=3 fault=none enc=-199 denc=-1 sreq=-84 sapplied=-84 crate=-84 uimp=-66360 upos=630 uneg=1910 ball=-11.79 vball=-1.30 aball=-24.7 bref=0.00 pid=-84.1 pref=-191.6 ppos=-183.2 apid=-0.0 integ=-0.0 vision=1 current=1 vframe=31810 vs=1 vage=30 vpage=30 vdt=34 vmax=266 vacc=31742 vrej=0 seq=0 elapsed=0 oled=3C
[   7233] STATUS mode=3 fault=none enc=-200 denc=0 sreq=-75 sapplied=-75 crate=-75 uimp=-67990 upos=630 uneg=1930 ball=-11.85 vball=-1.41 aball=-24.7 bref=0.00 pid=-75.1 pref=-192.3 ppos=-184.8 apid=-0.0 integ=-0.0 vision=1 current=1 vframe=31811 vs=1 vage=15 vpage=15 vdt=35 vmax=266 vacc=31743 vrej=0 seq=0 elapsed=0 oled=3C
[   7266] STATUS mode=3 fault=none enc=-203 denc=-1 sreq=-61 sapplied=-61 crate=-61 uimp=-69380 upos=630 uneg=1950 ball=-11.87 vball=-1.18 aball=-24.7 bref=0.00 pid=-61.2 pref=-192.3 ppos=-186.2 apid=-0.0 integ=-0.0 vision=1 current=1 vframe=31812 vs=1 vage=2 vpage=2 vdt=33 vmax=266 vacc=31744 vrej=0 seq=0 elapsed=0 oled=3C
[   7297] STATUS mode=3 fault=none enc=-204 denc=0 sreq=0 sapplied=0 crate=16 uimp=-71110 upos=630 uneg=1990 ball=-11.81 vball=-0.24 aball=-8.9 bref=0.00 pid=15.8 pref=-186.3 ppos=-187.9 apid=-0.0 integ=-0.0 vision=1 current=1 vframe=31813 vs=1 vage=8 vpage=8 vdt=34 vmax=266 vacc=31745 vrej=0 seq=0 elapsed=0 oled=3C
[   7311] STATUS mode=3 fault=none enc=-205 denc=0 sreq=0 sapplied=0 crate=16 uimp=-71110 upos=630 uneg=1990 ball=-11.81 vball=-0.24 aball=-8.9 bref=0.00 pid=15.8 pref=-186.3 ppos=-187.9 apid=-0.0 integ=-0.0 vision=1 current=1 vframe=31813 vs=1 vage=28 vpage=28 vdt=34 vmax=266 vacc=31745 vrej=0 seq=0 elapsed=0 oled=3C
[   7343] STATUS mode=3 fault=none enc=-205 denc=0 sreq=44 sapplied=44 crate=44 uimp=-70880 upos=635 uneg=1990 ball=-11.74 vball=0.37 aball=-8.9 bref=0.00 pid=44.2 pref=-183.3 ppos=-187.7 apid=-0.0 integ=-0.2 vision=1 current=1 vframe=31814 vs=1 vage=15 vpage=15 vdt=33 vmax=266 vacc=31746 vrej=0 seq=0 elapsed=0 oled=3C
[   7375] STATUS mode=3 fault=none enc=-204 denc=0 sreq=31 sapplied=31 crate=31 uimp=-69370 upos=675 uneg=1990 ball=-11.72 vball=0.43 aball=-8.9 bref=0.00 pid=30.7 pref=-183.1 ppos=-186.2 apid=-0.0 integ=-0.4 vision=1 current=1 vframe=31815 vs=1 vage=22 vpage=22 vdt=33 vmax=266 vacc=31747 vrej=0 seq=0 elapsed=0 oled=3C
[   7406] STATUS mode=3 fault=none enc=-203 denc=1 sreq=-32 sapplied=-32 crate=-32 uimp=-68930 upos=690 uneg=1990 ball=-11.82 vball=-0.64 aball=-6.7 bref=0.00 pid=-32.1 pref=-189.0 ppos=-185.7 apid=-0.0 integ=-0.6 vision=1 current=1 vframe=31816 vs=1 vage=10 vpage=10 vdt=32 vmax=266 vacc=31748 vrej=0 seq=0 elapsed=0 oled=3C
[   7422] STATUS mode=3 fault=none enc=-204 denc=0 sreq=-69 sapplied=-69 crate=-69 uimp=-70525 upos=690 uneg=2030 ball=-11.95 vball=-1.58 aball=-6.7 bref=0.00 pid=-69.0 pref=-194.2 ppos=-187.3 apid=-0.0 integ=-0.8 vision=1 current=1 vframe=31817 vs=1 vage=17 vpage=17 vdt=33 vmax=266 vacc=31749 vrej=0 seq=0 elapsed=0 oled=3C
[   7452] STATUS mode=3 fault=none enc=-204 denc=0 sreq=-56 sapplied=-56 crate=-56 uimp=-71805 upos=690 uneg=2050 ball=-11.99 vball=-1.51 aball=-6.7 bref=0.00 pid=-56.2 pref=-194.2 ppos=-188.6 apid=-0.0 integ=-0.8 vision=1 current=1 vframe=31818 vs=1 vage=4 vpage=4 vdt=33 vmax=266 vacc=31750 vrej=0 seq=0 elapsed=0 oled=3C
[   7483] STATUS mode=3 fault=none enc=-205 denc=1 sreq=-46 sapplied=-46 crate=-46 uimp=-72840 upos=690 uneg=2070 ball=-11.99 vball=-1.51 aball=-6.7 bref=0.00 pid=-45.5 pref=-194.2 ppos=-189.7 apid=-0.0 integ=-1.0 vision=1 current=1 vframe=31818 vs=1 vage=24 vpage=24 vdt=33 vmax=266 vacc=31750 vrej=0 seq=0 elapsed=0 oled=3C
[   7516] STATUS mode=3 fault=none enc=-208 denc=0 sreq=-47 sapplied=-47 crate=-47 uimp=-74850 upos=690 uneg=2110 ball=-12.08 vball=-1.84 aball=-9.1 bref=0.00 pid=-46.7 pref=-196.3 ppos=-191.7 apid=-0.0 integ=-1.2 vision=1 current=1 vframe=31819 vs=1 vage=30 vpage=30 vdt=34 vmax=266 vacc=31751 vrej=0 seq=0 elapsed=0 oled=3C
[   7531] STATUS mode=3 fault=none enc=-209 denc=0 sreq=-108 sapplied=-108 crate=-108 uimp=-76465 upos=690 uneg=2130 ball=-12.30 vball=-3.21 aball=-9.1 bref=0.00 pid=-107.6 pref=-204.0 ppos=-193.3 apid=-0.0 integ=-1.4 vision=1 current=1 vframe=31820 vs=1 vage=17 vpage=17 vdt=33 vmax=266 vacc=31752 vrej=0 seq=0 elapsed=0 oled=3C
[   7561] STATUS mode=3 fault=none enc=-211 denc=1 sreq=-88 sapplied=-88 crate=-88 uimp=-78460 upos=690 uneg=2150 ball=-12.36 vball=-2.78 aball=-9.1 bref=0.00 pid=-87.7 pref=-204.0 ppos=-195.3 apid=-0.0 integ=-1.4 vision=1 current=1 vframe=31821 vs=1 vage=4 vpage=4 vdt=33 vmax=266 vacc=31753 vrej=0 seq=0 elapsed=0 oled=3C
[   7593] STATUS mode=3 fault=none enc=-214 denc=0 sreq=-24 sapplied=-24 crate=-24 uimp=-80875 upos=690 uneg=2190 ball=-12.40 vball=-2.28 aball=-7.0 bref=0.00 pid=-24.2 pref=-200.1 ppos=-197.7 apid=-0.0 integ=-1.8 vision=1 current=1 vframe=31822 vs=1 vage=9 vpage=9 vdt=35 vmax=266 vacc=31754 vrej=0 seq=0 elapsed=0 oled=3C
[   7625] STATUS mode=3 fault=none enc=-214 denc=0 sreq=-20 sapplied=-20 crate=-20 uimp=-81325 upos=690 uneg=2210 ball=-12.40 vball=-2.28 aball=-7.0 bref=0.00 pid=-19.7 pref=-200.1 ppos=-198.1 apid=-0.0 integ=-1.8 vision=1 current=1 vframe=31822 vs=1 vage=29 vpage=29 vdt=35 vmax=266 vacc=31754 vrej=0 seq=0 elapsed=0 oled=3C
[   7641] STATUS mode=3 fault=none enc=-215 denc=0 sreq=0 sapplied=0 crate=13 uimp=-81425 upos=690 uneg=2215 ball=-12.23 vball=0.47 aball=-7.0 bref=0.00 pid=13.1 pref=-196.9 ppos=-198.2 apid=-0.0 integ=-2.0 vision=1 current=1 vframe=31824 vs=1 vage=3 vpage=3 vdt=34 vmax=266 vacc=31756 vrej=0 seq=0 elapsed=0 oled=3C
[   7672] STATUS mode=3 fault=none enc=-215 denc=0 sreq=108 sapplied=108 crate=108 uimp=-80255 upos=700 uneg=2215 ball=-12.23 vball=0.47 aball=-7.0 bref=0.00 pid=108.1 pref=-186.3 ppos=-197.1 apid=-0.0 integ=-2.2 vision=1 current=1 vframe=31824 vs=1 vage=23 vpage=23 vdt=34 vmax=266 vacc=31756 vrej=0 seq=0 elapsed=0 oled=3C
[   7702] STATUS mode=3 fault=none enc=-211 denc=2 sreq=158 sapplied=158 crate=158 uimp=-77875 upos=720 uneg=2215 ball=-12.05 vball=1.88 aball=15.1 bref=0.00 pid=158.2 pref=-178.9 ppos=-194.7 apid=0.0 integ=-2.4 vision=1 current=1 vframe=31825 vs=1 vage=10 vpage=10 vdt=33 vmax=266 vacc=31757 vrej=0 seq=0 elapsed=0 oled=3C
[   7733] STATUS mode=3 fault=none enc=-206 denc=0 sreq=88 sapplied=88 crate=88 uimp=-72735 upos=760 uneg=2215 ball=-12.03 vball=1.53 aball=15.1 bref=0.00 pid=87.9 pref=-180.8 ppos=-189.5 apid=0.0 integ=-2.6 vision=1 current=1 vframe=31826 vs=1 vage=17 vpage=17 vdt=33 vmax=266 vacc=31758 vrej=0 seq=0 elapsed=0 oled=3C
[   7750] STATUS mode=3 fault=none enc=-203 denc=1 sreq=72 sapplied=72 crate=72 uimp=-71105 upos=780 uneg=2215 ball=-12.04 vball=0.95 aball=15.1 bref=0.00 pid=71.6 pref=-180.8 ppos=-187.9 apid=0.0 integ=-2.6 vision=1 current=1 vframe=31827 vs=1 vage=3 vpage=3 vdt=34 vmax=266 vacc=31759 vrej=0 seq=0 elapsed=0 oled=3C
[   7781] STATUS mode=3 fault=none enc=-203 denc=0 sreq=31 sapplied=31 crate=31 uimp=-70220 upos=800 uneg=2215 ball=-12.04 vball=0.95 aball=15.1 bref=0.00 pid=31.4 pref=-183.9 ppos=-187.0 apid=0.0 integ=-2.8 vision=1 current=1 vframe=31827 vs=1 vage=23 vpage=23 vdt=34 vmax=266 vacc=31759 vrej=0 seq=0 elapsed=0 oled=3C
[   7811] STATUS mode=3 fault=none enc=-202 denc=0 sreq=0 sapplied=0 crate=13 uimp=-69775 upos=815 uneg=2215 ball=-12.04 vball=0.72 aball=3.1 bref=0.00 pid=13.5 pref=-185.2 ppos=-186.6 apid=0.0 integ=-3.0 vision=1 current=1 vframe=31828 vs=1 vage=30 vpage=30 vdt=33 vmax=266 vacc=31760 vrej=0 seq=0 elapsed=0 oled=3C
[   7827] STATUS mode=3 fault=none enc=-202 denc=0 sreq=104 sapplied=104 crate=104 uimp=-68660 upos=825 uneg=2215 ball=-11.79 vball=2.65 aball=3.1 bref=0.00 pid=104.4 pref=-175.0 ppos=-185.5 apid=0.0 integ=-3.2 vision=1 current=1 vframe=31829 vs=1 vage=17 vpage=17 vdt=33 vmax=266 vacc=31761 vrej=0 seq=0 elapsed=0 oled=3C
[   7858] STATUS mode=3 fault=none enc=-199 denc=1 sreq=85 sapplied=85 crate=85 uimp=-66725 upos=845 uneg=2215 ball=-11.71 vball=2.57 aball=3.1 bref=0.00 pid=85.0 pref=-175.0 ppos=-183.5 apid=0.0 integ=-3.2 vision=1 current=1 vframe=31830 vs=1 vage=4 vpage=4 vdt=33 vmax=266 vacc=31762 vrej=0 seq=0 elapsed=0 oled=3C
[   7891] STATUS mode=3 fault=none enc=-196 denc=-1 sreq=22 sapplied=22 crate=22 uimp=-64135 upos=885 uneg=2215 ball=-11.70 vball=1.94 aball=7.2 bref=0.00 pid=22.5 pref=-178.7 ppos=-180.9 apid=0.0 integ=-3.6 vision=1 current=1 vframe=31831 vs=1 vage=11 vpage=11 vdt=33 vmax=266 vacc=31763 vrej=0 seq=0 elapsed=0 oled=3C
[   7922] STATUS mode=3 fault=none enc=-194 denc=2 sreq=0 sapplied=0 crate=19 uimp=-63820 upos=900 uneg=2215 ball=-11.70 vball=1.94 aball=7.2 bref=0.00 pid=19.3 pref=-178.7 ppos=-180.6 apid=0.0 integ=-3.6 vision=1 current=1 vframe=31831 vs=1 vage=31 vpage=31 vdt=33 vmax=266 vacc=31763 vrej=0 seq=0 elapsed=0 oled=3C
[   7936] STATUS mode=3 fault=none enc=-195 denc=0 sreq=0 sapplied=0 crate=-13 uimp=-63820 upos=900 uneg=2215 ball=-11.70 vball=1.34 aball=7.2 bref=0.00 pid=-12.6 pref=-181.9 ppos=-180.6 apid=0.0 integ=-3.8 vision=1 current=1 vframe=31832 vs=1 vage=18 vpage=18 vdt=33 vmax=266 vacc=31764 vrej=0 seq=0 elapsed=0 oled=3C
[   7968] STATUS mode=3 fault=none enc=-194 denc=1 sreq=-41 sapplied=-41 crate=-41 uimp=-64495 upos=900 uneg=2230 ball=-11.73 vball=0.70 aball=7.2 bref=0.00 pid=-40.7 pref=-185.4 ppos=-181.3 apid=0.0 integ=-4.0 vision=1 current=1 vframe=31833 vs=1 vage=25 vpage=25 vdt=33 vmax=266 vacc=31765 vrej=0 seq=0 elapsed=0 oled=3C
[   8000] STATUS mode=3 fault=none enc=-196 denc=0 sreq=-51 sapplied=-51 crate=-51 uimp=-65350 upos=900 uneg=2250 ball=-11.74 vball=0.37 aball=-3.1 bref=0.00 pid=-50.9 pref=-187.3 ppos=-182.2 apid=-0.0 integ=-4.2 vision=1 current=1 vframe=31834 vs=1 vage=11 vpage=11 vdt=34 vmax=266 vacc=31766 vrej=0 seq=0 elapsed=0 oled=3C
[   8031] STATUS mode=3 fault=none enc=-197 denc=-1 sreq=-41 sapplied=-41 crate=-41 uimp=-66295 upos=900 uneg=2270 ball=-11.74 vball=0.37 aball=-3.1 bref=0.00 pid=-41.5 pref=-187.3 ppos=-183.1 apid=-0.0 integ=-4.2 vision=1 current=1 vframe=31834 vs=1 vage=31 vpage=31 vdt=34 vmax=266 vacc=31766 vrej=0 seq=0 elapsed=0 oled=3C
[   8047] STATUS mode=3 fault=none enc=-198 denc=0 sreq=-42 sapplied=-42 crate=-42 uimp=-67960 upos=900 uneg=2310 ball=-11.75 vball=0.12 aball=-3.1 bref=0.00 pid=-41.5 pref=-188.9 ppos=-184.8 apid=-0.0 integ=-4.6 vision=1 current=1 vframe=31836 vs=1 vage=5 vpage=5 vdt=33 vmax=266 vacc=31768 vrej=0 seq=0 elapsed=0 oled=3C
[   8077] STATUS mode=3 fault=none enc=-199 denc=0 sreq=-34 sapplied=-34 crate=-34 uimp=-68730 upos=900 uneg=2330 ball=-11.75 vball=0.12 aball=-3.1 bref=0.00 pid=-33.8 pref=-188.9 ppos=-185.5 apid=-0.0 integ=-4.6 vision=1 current=1 vframe=31836 vs=1 vage=25 vpage=25 vdt=33 vmax=266 vacc=31768 vrej=0 seq=0 elapsed=0 oled=3C
[   8108] STATUS mode=3 fault=none enc=-200 denc=0 sreq=-26 sapplied=-26 crate=-26 uimp=-69970 upos=900 uneg=2370 ball=-11.75 vball=0.07 aball=-3.1 bref=0.00 pid=-25.8 pref=-189.4 ppos=-186.8 apid=-0.0 integ=-4.8 vision=1 current=1 vframe=31837 vs=1 vage=32 vpage=32 vdt=33 vmax=266 vacc=31769 vrej=0 seq=0 elapsed=0 oled=3C
[   8141] STATUS mode=3 fault=none enc=-201 denc=1 sreq=0 sapplied=0 crate=-11 uimp=-70225 upos=900 uneg=2380 ball=-11.72 vball=0.34 aball=-3.1 bref=0.00 pid=-10.9 pref=-188.1 ppos=-187.0 apid=-0.0 integ=-5.0 vision=1 current=1 vframe=31838 vs=1 vage=18 vpage=18 vdt=34 vmax=266 vacc=31770 vrej=0 seq=0 elapsed=0 oled=3C
[   8156] STATUS mode=3 fault=none enc=-201 denc=0 sreq=0 sapplied=0 crate=0 uimp=-70225 upos=900 uneg=2380 ball=-11.70 vball=0.48 aball=-3.1 bref=0.00 pid=0.0 pref=-187.6 ppos=-187.0 apid=-0.0 integ=-5.1 vision=1 current=1 vframe=31839 vs=1 vage=5 vpage=5 vdt=33 vmax=266 vacc=31771 vrej=0 seq=0 elapsed=0 oled=3C
[   8186] STATUS mode=3 fault=none enc=-201 denc=0 sreq=0 sapplied=0 crate=-11 uimp=-70225 upos=900 uneg=2380 ball=-11.69 vball=0.40 aball=-0.2 bref=0.00 pid=-11.0 pref=-188.1 ppos=-187.0 apid=-0.0 integ=-5.4 vision=1 current=1 vframe=31840 vs=1 vage=10 vpage=10 vdt=35 vmax=266 vacc=31772 vrej=0 seq=0 elapsed=0 oled=3C
[   8218] STATUS mode=3 fault=none enc=-201 denc=0 sreq=0 sapplied=0 crate=-11 uimp=-70225 upos=900 uneg=2380 ball=-11.69 vball=0.40 aball=-0.2 bref=0.00 pid=-11.0 pref=-188.1 ppos=-187.0 apid=-0.0 integ=-5.4 vision=1 current=1 vframe=31840 vs=1 vage=30 vpage=30 vdt=35 vmax=266 vacc=31772 vrej=0 seq=0 elapsed=0 oled=3C
[   8250] STATUS mode=3 fault=none enc=-201 denc=0 sreq=-40 sapplied=-40 crate=-40 uimp=-70655 upos=900 uneg=2390 ball=-11.74 vball=-0.20 aball=-0.2 bref=0.00 pid=-40.0 pref=-191.5 ppos=-187.5 apid=-0.0 integ=-5.5 vision=1 current=1 vframe=31841 vs=1 vage=19 vpage=19 vdt=31 vmax=266 vacc=31773 vrej=0 seq=0 elapsed=0 oled=3C
[   8266] STATUS mode=3 fault=none enc=-204 denc=-2 sreq=-98 sapplied=-98 crate=-98 uimp=-73625 upos=900 uneg=2430 ball=-11.93 vball=-1.80 aball=-0.2 bref=0.00 pid=-98.0 pref=-200.2 ppos=-190.4 apid=-0.0 integ=-5.7 vision=1 current=1 vframe=31842 vs=1 vage=25 vpage=25 vdt=34 vmax=266 vacc=31774 vrej=0 seq=0 elapsed=0 oled=3C
[   8297] STATUS mode=3 fault=none enc=-206 denc=-1 sreq=-90 sapplied=-90 crate=-90 uimp=-75495 upos=900 uneg=2450 ball=-12.00 vball=-1.93 aball=-10.7 bref=0.00 pid=-90.0 pref=-201.3 ppos=-192.3 apid=-0.0 integ=-5.9 vision=1 current=1 vframe=31843 vs=1 vage=11 vpage=11 vdt=34 vmax=266 vacc=31775 vrej=0 seq=0 elapsed=0 oled=3C
[   8327] STATUS mode=3 fault=none enc=-208 denc=0 sreq=-73 sapplied=-73 crate=-73 uimp=-77160 upos=900 uneg=2470 ball=-12.00 vball=-1.93 aball=-10.7 bref=0.00 pid=-73.3 pref=-201.3 ppos=-194.0 apid=-0.0 integ=-5.9 vision=1 current=1 vframe=31843 vs=1 vage=31 vpage=31 vdt=34 vmax=266 vacc=31775 vrej=0 seq=0 elapsed=0 oled=3C
[   8358] STATUS mode=3 fault=none enc=-209 denc=0 sreq=0 sapplied=0 crate=11 uimp=-77875 upos=900 uneg=2480 ball=-11.82 vball=0.38 aball=-10.7 bref=0.00 pid=10.8 pref=-193.6 ppos=-194.7 apid=-0.0 integ=-6.1 vision=1 current=1 vframe=31845 vs=1 vage=4 vpage=4 vdt=33 vmax=266 vacc=31777 vrej=0 seq=0 elapsed=0 oled=3C
[   8375] STATUS mode=3 fault=none enc=-209 denc=0 sreq=46 sapplied=46 crate=46 uimp=-77380 upos=910 uneg=2480 ball=-11.82 vball=0.38 aball=-10.7 bref=0.00 pid=45.8 pref=-189.6 ppos=-194.2 apid=-0.0 integ=-6.3 vision=1 current=1 vframe=31845 vs=1 vage=24 vpage=24 vdt=33 vmax=266 vacc=31777 vrej=0 seq=0 elapsed=0 oled=3C
[   8406] STATUS mode=3 fault=none enc=-208 denc=0 sreq=0 sapplied=0 crate=0 uimp=-76725 upos=925 uneg=2480 ball=-11.90 vball=-0.38 aball=1.2 bref=0.00 pid=0.0 pref=-193.8 ppos=-193.5 apid=0.0 integ=-6.5 vision=1 current=1 vframe=31846 vs=1 vage=32 vpage=32 vdt=32 vmax=266 vacc=31778 vrej=0 seq=0 elapsed=0 oled=3C
[   8436] STATUS mode=3 fault=none enc=-208 denc=0 sreq=0 sapplied=0 crate=-11 uimp=-76725 upos=925 uneg=2480 ball=-11.92 vball=-0.48 aball=1.2 bref=0.00 pid=-10.7 pref=-194.6 ppos=-193.5 apid=0.0 integ=-6.7 vision=1 current=1 vframe=31847 vs=1 vage=18 vpage=18 vdt=34 vmax=266 vacc=31779 vrej=0 seq=0 elapsed=0 oled=3C
[   8452] STATUS mode=3 fault=none enc=-208 denc=0 sreq=0 sapplied=0 crate=0 uimp=-76725 upos=925 uneg=2480 ball=-11.93 vball=-0.39 aball=1.2 bref=0.00 pid=0.0 pref=-194.4 ppos=-193.5 apid=0.0 integ=-6.9 vision=1 current=1 vframe=31848 vs=1 vage=5 vpage=5 vdt=33 vmax=266 vacc=31780 vrej=0 seq=0 elapsed=0 oled=3C
[   8483] STATUS mode=3 fault=none enc=-208 denc=0 sreq=0 sapplied=0 crate=0 uimp=-76725 upos=925 uneg=2480 ball=-11.91 vball=-0.10 aball=1.9 bref=0.00 pid=0.0 pref=-193.1 ppos=-193.5 apid=0.0 integ=-7.1 vision=1 current=1 vframe=31849 vs=1 vage=11 vpage=11 vdt=34 vmax=266 vacc=31781 vrej=0 seq=0 elapsed=0 oled=3C
[   8516] STATUS mode=3 fault=none enc=-208 denc=0 sreq=0 sapplied=0 crate=0 uimp=-76725 upos=925 uneg=2480 ball=-11.91 vball=-0.10 aball=1.9 bref=0.00 pid=0.0 pref=-193.1 ppos=-193.5 apid=0.0 integ=-7.1 vision=1 current=1 vframe=31849 vs=1 vage=31 vpage=31 vdt=34 vmax=266 vacc=31781 vrej=0 seq=0 elapsed=0 oled=3C
[   8547] STATUS mode=3 fault=none enc=-208 denc=0 sreq=0 sapplied=0 crate=13 uimp=-76725 upos=925 uneg=2480 ball=-11.89 vball=0.10 aball=1.9 bref=0.00 pid=13.3 pref=-192.2 ppos=-193.5 apid=0.0 integ=-7.3 vision=1 current=1 vframe=31850 vs=1 vage=18 vpage=18 vdt=33 vmax=266 vacc=31782 vrej=0 seq=0 elapsed=0 oled=3C
[   8561] STATUS mode=3 fault=none enc=-208 denc=0 sreq=-49 sapplied=-49 crate=-49 uimp=-77250 upos=925 uneg=2490 ball=-12.02 vball=-1.13 aball=1.9 bref=0.00 pid=-48.9 pref=-199.0 ppos=-194.1 apid=0.0 integ=-7.5 vision=1 current=1 vframe=31851 vs=1 vage=24 vpage=24 vdt=34 vmax=266 vacc=31783 vrej=0 seq=0 elapsed=0 oled=3C
[   8593] STATUS mode=3 fault=none enc=-209 denc=0 sreq=-68 sapplied=-68 crate=-68 uimp=-78305 upos=925 uneg=2510 ball=-12.11 vball=-1.63 aball=-5.9 bref=0.00 pid=-68.1 pref=-201.9 ppos=-195.1 apid=-0.0 integ=-7.7 vision=1 current=1 vframe=31852 vs=1 vage=11 vpage=11 vdt=33 vmax=266 vacc=31784 vrej=0 seq=0 elapsed=0 oled=3C
[   8625] STATUS mode=3 fault=none enc=-211 denc=-1 sreq=-55 sapplied=-55 crate=-55 uimp=-79565 upos=925 uneg=2530 ball=-12.11 vball=-1.63 aball=-5.9 bref=0.00 pid=-55.5 pref=-201.9 ppos=-196.4 apid=-0.0 integ=-7.7 vision=1 current=1 vframe=31852 vs=1 vage=31 vpage=31 vdt=33 vmax=266 vacc=31784 vrej=0 seq=0 elapsed=0 oled=3C
[   8656] STATUS mode=3 fault=none enc=-212 denc=0 sreq=-30 sapplied=-30 crate=-30 uimp=-81175 upos=925 uneg=2570 ball=-12.14 vball=-0.99 aball=-5.9 bref=0.00 pid=-29.8 pref=-201.0 ppos=-198.0 apid=-0.0 integ=-7.9 vision=1 current=1 vframe=31854 vs=1 vage=4 vpage=4 vdt=34 vmax=266 vacc=31786 vrej=0 seq=0 elapsed=0 oled=3C
[   8672] STATUS mode=3 fault=none enc=-213 denc=0 sreq=0 sapplied=0 crate=-11 uimp=-81325 upos=925 uneg=2575 ball=-12.14 vball=-0.99 aball=-5.9 bref=0.00 pid=-10.8 pref=-199.2 ppos=-198.1 apid=-0.0 integ=-8.1 vision=1 current=1 vframe=31854 vs=1 vage=24 vpage=24 vdt=34 vmax=266 vacc=31786 vrej=0 seq=0 elapsed=0 oled=3C
[   8702] STATUS mode=3 fault=none enc=-213 denc=0 sreq=73 sapplied=73 crate=73 uimp=-81325 upos=925 uneg=2575 ball=-11.98 vball=0.62 aball=6.9 bref=0.00 pid=72.5 pref=-190.9 ppos=-198.1 apid=0.0 integ=-8.3 vision=1 current=1 vframe=31855 vs=1 vage=11 vpage=11 vdt=33 vmax=266 vacc=31787 vrej=0 seq=0 elapsed=0 oled=3C
[   8733] STATUS mode=3 fault=none enc=-211 denc=-1 sreq=0 sapplied=0 crate=18 uimp=-79405 upos=955 uneg=2575 ball=-12.03 vball=-0.01 aball=6.9 bref=0.00 pid=18.3 pref=-194.4 ppos=-196.2 apid=0.0 integ=-8.5 vision=1 current=1 vframe=31856 vs=1 vage=18 vpage=18 vdt=33 vmax=266 vacc=31788 vrej=0 seq=0 elapsed=0 oled=3C
[   8766] STATUS mode=3 fault=none enc=-211 denc=0 sreq=0 sapplied=0 crate=18 uimp=-79405 upos=955 uneg=2575 ball=-12.11 vball=-0.71 aball=6.9 bref=0.00 pid=18.3 pref=-194.4 ppos=-196.2 apid=0.0 integ=-8.5 vision=1 current=1 vframe=31857 vs=1 vage=4 vpage=4 vdt=34 vmax=266 vacc=31789 vrej=0 seq=0 elapsed=0 oled=3C
[   8781] STATUS mode=3 fault=none enc=-211 denc=0 sreq=0 sapplied=0 crate=-19 uimp=-79610 upos=955 uneg=2585 ball=-12.11 vball=-0.71 aball=6.9 bref=0.00 pid=-19.1 pref=-198.3 ppos=-196.4 apid=0.0 integ=-8.7 vision=1 current=1 vframe=31857 vs=1 vage=24 vpage=24 vdt=34 vmax=266 vacc=31789 vrej=0 seq=0 elapsed=0 oled=3C
[   8811] STATUS mode=3 fault=none enc=-211 denc=0 sreq=0 sapplied=0 crate=-19 uimp=-79815 upos=955 uneg=2595 ball=-12.13 vball=-0.69 aball=-2.1 bref=0.00 pid=-18.6 pref=-198.5 ppos=-196.6 apid=-0.0 integ=-8.9 vision=1 current=1 vframe=31858 vs=1 vage=31 vpage=31 vdt=33 vmax=266 vacc=31790 vrej=0 seq=0 elapsed=0 oled=3C
[   8843] STATUS mode=3 fault=none enc=-211 denc=0 sreq=40 sapplied=40 crate=40 uimp=-79605 upos=960 uneg=2595 ball=-12.01 vball=0.50 aball=-2.1 bref=0.00 pid=40.4 pref=-192.4 ppos=-196.4 apid=-0.0 integ=-9.1 vision=1 current=1 vframe=31859 vs=1 vage=18 vpage=18 vdt=33 vmax=266 vacc=31791 vrej=0 seq=0 elapsed=0 oled=3C
[   8858] STATUS mode=3 fault=none enc=-209 denc=1 sreq=34 sapplied=34 crate=34 uimp=-78125 upos=1000 uneg=2595 ball=-11.98 vball=0.69 aball=-2.1 bref=0.00 pid=33.9 pref=192.4 ppos=-195.7 apid=-0.0 integ=-9.1 vision=1 current=1 vframe=31860 vs=1 vage=4 vpage=4 vdt=34 vmax=266 vacc=31792 vrej=0 seq=0 elapsed=0 oled=3C
[   8891] STATUS mode=3 fault=none enc=-208 denc=2 sreq=68 sapplied=68 crate=68 uimp=-77280 upos=1020 uneg=2595 ball=-11.86 vball=1.51 aball=8.7 bref=0.00 pid=68.1 pref=-187.3 ppos=-194.1 apid=0.0 integ=-9.5 vision=1 current=1 vframe=31861 vs=1 vage=11 vpage=11 vdt=33 vmax=266 vacc=31793 vrej=0 seq=0 elapsed=0 oled=3C
[   8922] STATUS mode=3 fault=none enc=-208 denc=-1 sreq=56 sapplied=56 crate=56 uimp=-76020 upos=1040 uneg=2595 ball=-11.86 vball=1.51 aball=8.7 bref=0.00 pid=55.5 pref=-187.3 ppos=-192.8 apid=0.0 integ=-9.5 vision=1 current=1 vframe=31861 vs=1 vage=31 vpage=31 vdt=33 vmax=266 vacc=31793 vrej=0 seq=0 elapsed=0 oled=3C
[   8952] STATUS mode=3 fault=none enc=-206 denc=0 sreq=0 sapplied=0 crate=13 uimp=-74305 upos=1080 uneg=2595 ball=-11.81 vball=1.06 aball=8.7 bref=0.00 pid=13.5 pref=-189.8 ppos=-191.1 apid=0.0 integ=-9.9 vision=1 current=1 vframe=31863 vs=1 vage=5 vpage=5 vdt=33 vmax=266 vacc=31795 vrej=0 seq=0 elapsed=0 oled=3C
[   8968] STATUS mode=3 fault=none enc=-205 denc=-1 sreq=0 sapplied=0 crate=13 uimp=-74305 upos=1080 uneg=2595 ball=-11.81 vball=1.06 aball=8.7 bref=0.00 pid=13.5 pref=-189.8 ppos=-191.1 apid=0.0 integ=-9.9 vision=1 current=1 vframe=31863 vs=1 vage=25 vpage=25 vdt=33 vmax=266 vacc=31795 vrej=0 seq=0 elapsed=0 oled=3C
[   9000] STATUS mode=3 fault=none enc=-205 denc=0 sreq=0 sapplied=0 crate=0 uimp=-74305 upos=1080 uneg=2595 ball=-11.81 vball=0.72 aball=1.3 bref=0.00 pid=0.0 pref=-191.7 ppos=-191.1 apid=0.0 integ=-10.1 vision=1 current=1 vframe=31864 vs=1 vage=11 vpage=11 vdt=34 vmax=266 vacc=31796 vrej=0 seq=0 elapsed=0 oled=3C
[   9031] STATUS mode=3 fault=none enc=-205 denc=0 sreq=0 sapplied=0 crate=12 uimp=-74305 upos=1080 uneg=2595 ball=-11.75 vball=1.07 aball=1.3 bref=0.00 pid=11.8 pref=-189.9 ppos=-191.1 apid=0.0 integ=-10.3 vision=1 current=1 vframe=31865 vs=1 vage=18 vpage=18 vdt=33 vmax=266 vacc=31797 vrej=0 seq=0 elapsed=0 oled=3C
[   9047] STATUS mode=3 fault=none enc=-205 denc=0 sreq=0 sapplied=0 crate=0 uimp=-74305 upos=1080 uneg=2595 ball=-11.74 vball=0.93 aball=1.3 bref=0.00 pid=0.0 pref=-190.8 ppos=-191.1 apid=0.0 integ=-10.5 vision=1 current=1 vframe=31866 vs=1 vage=5 vpage=5 vdt=33 vmax=266 vacc=31798 vrej=0 seq=0 elapsed=0 oled=3C
[   9077] STATUS mode=3 fault=none enc=-205 denc=0 sreq=0 sapplied=0 crate=0 uimp=-74305 upos=1080 uneg=2595 ball=-11.74 vball=0.93 aball=1.3 bref=0.00 pid=0.0 pref=-190.8 ppos=-191.1 apid=0.0 integ=-10.5 vision=1 current=1 vframe=31866 vs=1 vage=25 vpage=25 vdt=33 vmax=266 vacc=31798 vrej=0 seq=0 elapsed=0 oled=3C
[   9108] STATUS mode=3 fault=none enc=-205 denc=0 sreq=0 sapplied=0 crate=0 uimp=-74305 upos=1080 uneg=2595 ball=-11.71 vball=0.83 aball=0.9 bref=0.00 pid=0.0 pref=-191.5 ppos=-191.1 apid=0.0 integ=-10.8 vision=1 current=1 vframe=31868 vs=1 vage=12 vpage=12 vdt=12 vmax=266 vacc=31800 vrej=0 seq=0 elapsed=0 oled=3C
[   9141] STATUS mode=3 fault=none enc=-205 denc=0 sreq=0 sapplied=0 crate=0 uimp=-74305 upos=1080 uneg=2595 ball=-11.24 vball=5.20 aball=0.9 bref=0.00 pid=0.0 pref=-191.5 ppos=-191.1 apid=0.0 integ=-10.8 vision=1 current=1 vframe=31869 vs=1 vage=2 vpage=2 vdt=30 vmax=266 vacc=31801 vrej=0 seq=0 elapsed=0 oled=3C
[   9156] STATUS mode=3 fault=none enc=-203 denc=2 sreq=203 sapplied=203 crate=203 uimp=-71735 upos=1095 uneg=2595 ball=-11.24 vball=5.20 aball=0.9 bref=0.00 pid=202.9 pref=-168.3 ppos=-188.5 apid=0.0 integ=-10.8 vision=1 current=1 vframe=31869 vs=1 vage=22 vpage=22 vdt=30 vmax=266 vacc=31801 vrej=0 seq=0 elapsed=0 oled=3C
[   9186] STATUS mode=3 fault=none enc=-194 denc=2 sreq=127 sapplied=127 crate=127 uimp=-65075 upos=1135 uneg=2595 ball=-11.09 vball=4.93 aball=0.9 bref=0.00 pid=127.3 pref=-169.2 ppos=-181.9 apid=0.0 integ=-10.8 vision=1 current=1 vframe=31870 vs=1 vage=29 vpage=29 vdt=33 vmax=266 vacc=31802 vrej=0 seq=0 elapsed=0 oled=3C
[   9218] STATUS mode=3 fault=none enc=-193 denc=0 sreq=49 sapplied=49 crate=49 uimp=-63300 upos=1155 uneg=2595 ball=-11.06 vball=3.71 aball=12.7 bref=0.00 pid=49.4 pref=-175.2 ppos=-180.1 apid=0.0 integ=-10.8 vision=1 current=1 vframe=31871 vs=1 vage=15 vpage=15 vdt=34 vmax=266 vacc=31803 vrej=0 seq=0 elapsed=0 oled=3C
[   9250] STATUS mode=3 fault=none enc=-191 denc=2 sreq=40 sapplied=40 crate=40 uimp=-62385 upos=1175 uneg=2595 ball=-11.26 vball=0.90 aball=12.7 bref=0.00 pid=40.3 pref=-175.2 ppos=-179.2 apid=0.0 integ=-10.8 vision=1 current=1 vframe=31872 vs=1 vage=2 vpage=2 vdt=33 vmax=266 vacc=31804 vrej=0 seq=0 elapsed=0 oled=3C
[   9266] STATUS mode=3 fault=none enc=-192 denc=1 sreq=-126 sapplied=-126 crate=-126 uimp=-65055 upos=1180 uneg=2625 ball=-11.33 vball=0.01 aball=12.7 bref=0.00 pid=-126.1 pref=-194.5 ppos=-181.9 apid=0.0 integ=-10.8 vision=1 current=1 vframe=31880 vs=1 vage=9 vpage=9 vdt=33 vmax=266 vacc=31812 vrej=0 seq=0 elapsed=0 oled=3C
[   9297] STATUS mode=3 fault=none enc=-197 denc=-2 sreq=-103 sapplied=-103 crate=-103 uimp=-67395 upos=1180 uneg=2645 ball=-11.33 vball=0.01 aball=12.7 bref=0.00 pid=-102.7 pref=-194.5 ppos=-184.2 apid=0.0 integ=-10.8 vision=1 current=1 vframe=31880 vs=1 vage=29 vpage=29 vdt=33 vmax=266 vacc=31812 vrej=0 seq=0 elapsed=0 oled=3C
[   9327] STATUS mode=3 fault=none enc=-199 denc=-1 sreq=-95 sapplied=-95 crate=-95 uimp=-69430 upos=1180 uneg=2665 ball=-11.36 vball=-0.23 aball=-11.0 bref=0.00 pid=-95.3 pref=-195.8 ppos=-186.2 apid=-0.0 integ=-10.8 vision=1 current=1 vframe=31881 vs=1 vage=16 vpage=16 vdt=33 vmax=266 vacc=31813 vrej=0 seq=0 elapsed=0 oled=3C
[   9358] STATUS mode=3 fault=none enc=-203 denc=-1 sreq=-63 sapplied=-63 crate=-63 uimp=-72645 upos=1180 uneg=2705 ball=-11.37 vball=-0.23 aball=-11.0 bref=0.00 pid=-63.4 pref=-195.8 ppos=-189.5 apid=-0.0 integ=-10.8 vision=1 current=1 vframe=31882 vs=1 vage=22 vpage=22 vdt=34 vmax=266 vacc=31814 vrej=0 seq=0 elapsed=0 oled=3C
[   9375] STATUS mode=3 fault=none enc=-204 denc=-1 sreq=36 sapplied=0 crate=36 uimp=-73815 upos=1180 uneg=2725 ball=-11.18 vball=1.42 aball=-11.0 bref=0.00 pid=36.5 pref=-187.0 ppos=-190.6 apid=-0.0 integ=-10.8 vision=1 current=1 vframe=31883 vs=1 vage=9 vpage=9 vdt=33 vmax=266 vacc=31815 vrej=0 seq=0 elapsed=0 oled=3C
[   9406] STATUS mode=3 fault=none enc=-203 denc=0 sreq=31 sapplied=31 crate=31 uimp=-72650 upos=1215 uneg=2725 ball=-11.12 vball=1.51 aball=1.8 bref=0.00 pid=31.1 pref=-186.4 ppos=-189.5 apid=0.0 integ=-10.8 vision=1 current=1 vframe=31884 vs=1 vage=16 vpage=16 vdt=33 vmax=266 vacc=31816 vrej=0 seq=0 elapsed=0 oled=3C
[   9436] STATUS mode=3 fault=none enc=-203 denc=0 sreq=25 sapplied=25 crate=25 uimp=-72070 upos=1235 uneg=2725 ball=-11.11 vball=1.18 aball=1.8 bref=0.00 pid=25.3 pref=-186.4 ppos=-188.9 apid=0.0 integ=-10.8 vision=1 current=1 vframe=31885 vs=1 vage=3 vpage=3 vdt=33 vmax=266 vacc=31817 vrej=0 seq=0 elapsed=0 oled=3C
[   9468] STATUS mode=3 fault=none enc=-202 denc=0 sreq=0 sapplied=0 crate=0 uimp=-71945 upos=1240 uneg=2725 ball=-11.11 vball=1.18 aball=1.8 bref=0.00 pid=0.0 pref=-188.2 ppos=-188.8 apid=0.0 integ=-11.0 vision=1 current=1 vframe=31885 vs=1 vage=23 vpage=23 vdt=33 vmax=266 vacc=31817 vrej=0 seq=0 elapsed=0 oled=3C
[   9483] STATUS mode=3 fault=none enc=-202 denc=0 sreq=0 sapplied=0 crate=-14 uimp=-71945 upos=1240 uneg=2725 ball=-11.11 vball=0.82 aball=1.8 bref=0.00 pid=-13.8 pref=-190.1 ppos=-188.8 apid=0.0 integ=-11.2 vision=1 current=1 vframe=31886 vs=1 vage=29 vpage=29 vdt=34 vmax=266 vacc=31818 vrej=0 seq=0 elapsed=0 oled=3C
[   9516] STATUS mode=3 fault=none enc=-202 denc=0 sreq=-85 sapplied=-85 crate=-85 uimp=-72390 upos=1240 uneg=2730 ball=-11.23 vball=-0.58 aball=-8.4 bref=0.00 pid=-84.8 pref=-197.7 ppos=-189.2 apid=-0.0 integ=-11.4 vision=1 current=1 vframe=31887 vs=1 vage=16 vpage=16 vdt=33 vmax=266 vacc=31819 vrej=0 seq=0 elapsed=0 oled=3C
[   9547] STATUS mode=3 fault=none enc=-203 denc=-1 sreq=-69 sapplied=-69 crate=-69 uimp=-73970 upos=1240 uneg=2750 ball=-11.36 vball=-1.51 aball=-8.4 bref=0.00 pid=-69.0 pref=-197.7 ppos=-190.8 apid=-0.0 integ=-11.4 vision=1 current=1 vframe=31888 vs=1 vage=3 vpage=3 vdt=33 vmax=266 vacc=31820 vrej=0 seq=0 elapsed=0 oled=3C
[   9577] STATUS mode=3 fault=none enc=-208 denc=0 sreq=-187 sapplied=-187 crate=-187 uimp=-77870 upos=1240 uneg=2790 ball=-11.82 vball=-4.99 aball=-8.4 bref=0.00 pid=-250.0 pref=-221.7 ppos=-194.7 apid=-0.0 integ=-11.6 vision=1 current=1 vframe=31889 vs=1 vage=9 vpage=9 vdt=34 vmax=266 vacc=31821 vrej=0 seq=0 elapsed=0 oled=3C
[   9608] STATUS mode=3 fault=none enc=-211 denc=-1 sreq=-224 sapplied=-224 crate=-224 uimp=-82475 upos=1240 uneg=2810 ball=-11.82 vball=-4.99 aball=-8.4 bref=0.00 pid=-224.1 pref=-221.7 ppos=-199.3 apid=-0.0 integ=-11.6 vision=1 current=1 vframe=31889 vs=1 vage=29 vpage=29 vdt=34 vmax=266 vacc=31821 vrej=0 seq=0 elapsed=0 oled=3C
[   9625] STATUS mode=3 fault=none enc=-215 denc=0 sreq=34 sapplied=34 crate=34 uimp=-84655 upos=1255 uneg=2825 ball=-10.59 vball=7.45 aball=-4.1 bref=0.00 pid=34.4 pref=-198.0 ppos=-201.5 apid=-0.0 integ=-11.6 vision=1 current=1 vframe=31891 vs=1 vage=3 vpage=3 vdt=33 vmax=266 vacc=31823 vrej=0 seq=0 elapsed=0 oled=3C
[   9656] STATUS mode=3 fault=none enc=-213 denc=2 sreq=250 sapplied=250 crate=250 uimp=-81395 upos=1275 uneg=2825 ball=-10.59 vball=7.45 aball=-4.1 bref=0.00 pid=250.0 pref=-155.8 ppos=-198.2 apid=-0.0 integ=-11.6 vision=1 current=1 vframe=31891 vs=1 vage=23 vpage=23 vdt=33 vmax=266 vacc=31823 vrej=0 seq=0 elapsed=0 oled=3C
[   9686] STATUS mode=3 fault=none enc=-208 denc=1 sreq=250 sapplied=250 crate=250 uimp=-76395 upos=1295 uneg=2825 ball=-10.04 vball=9.96 aball=-4.1 bref=0.00 pid=250.0 pref=-141.6 ppos=-193.2 apid=-0.0 integ=-11.6 vision=1 current=1 vframe=31892 vs=1 vage=9 vpage=9 vdt=34 vmax=266 vacc=31824 vrej=0 seq=0 elapsed=0 oled=3C
[   9702] STATUS mode=3 fault=none enc=-195 denc=1 sreq=250 sapplied=250 crate=250 uimp=-66395 upos=1335 uneg=2825 ball=-9.25 vball=14.07 aball=63.1 bref=0.00 pid=250.0 pref=-118.7 ppos=-183.2 apid=0.0 integ=-0.0 vision=1 current=1 vframe=31893 vs=1 vage=16 vpage=16 vdt=33 vmax=266 vacc=31825 vrej=0 seq=0 elapsed=0 oled=3C
[   9733] STATUS mode=3 fault=none enc=-188 denc=2 sreq=250 sapplied=250 crate=250 uimp=-61395 upos=1355 uneg=2825 ball=-8.29 vball=18.62 aball=63.1 bref=0.00 pid=250.0 pref=-118.7 ppos=-178.2 apid=0.0 integ=-0.0 vision=1 current=1 vframe=31894 vs=1 vage=3 vpage=3 vdt=33 vmax=266 vacc=31826 vrej=0 seq=0 elapsed=0 oled=3C
[   9766] STATUS mode=3 fault=none enc=-182 denc=2 sreq=250 sapplied=250 crate=250 uimp=-56395 upos=1375 uneg=2825 ball=-8.29 vball=18.62 aball=63.1 bref=0.00 pid=250.0 pref=-93.1 ppos=-173.2 apid=0.0 integ=-0.0 vision=1 current=1 vframe=31894 vs=1 vage=23 vpage=23 vdt=33 vmax=266 vacc=31826 vrej=0 seq=0 elapsed=0 oled=3C
[   9797] STATUS mode=3 fault=none enc=-170 denc=1 sreq=250 sapplied=250 crate=250 uimp=-46395 upos=1415 uneg=2825 ball=-7.05 vball=24.20 aball=63.1 bref=0.00 pid=250.0 pref=-61.4 ppos=-163.2 apid=0.0 integ=-0.0 vision=1 current=1 vframe=31895 vs=1 vage=29 vpage=29 vdt=34 vmax=266 vacc=31827 vrej=0 seq=0 elapsed=0 oled=3C
[   9827] STATUS mode=3 fault=none enc=-164 denc=1 sreq=250 sapplied=250 crate=250 uimp=-41395 upos=1435 uneg=2825 ball=-5.76 vball=28.30 aball=98.8 bref=0.00 pid=250.0 pref=-37.1 ppos=-158.2 apid=0.0 integ=-0.0 vision=1 current=1 vframe=31896 vs=1 vage=16 vpage=16 vdt=33 vmax=266 vacc=31828 vrej=0 seq=0 elapsed=0 oled=3C
[   9843] STATUS mode=3 fault=none enc=-150 denc=2 sreq=250 sapplied=250 crate=250 uimp=-31395 upos=1475 uneg=2825 ball=-4.34 vball=32.63 aball=98.8 bref=0.00 pid=250.0 pref=-11.2 ppos=-148.2 apid=0.0 integ=-0.0 vision=1 current=1 vframe=31897 vs=1 vage=22 vpage=22 vdt=34 vmax=266 vacc=31829 vrej=0 seq=0 elapsed=0 oled=3C
[   9875] STATUS mode=3 fault=none enc=-144 denc=2 sreq=250 sapplied=250 crate=250 uimp=-26395 upos=1495 uneg=2825 ball=-2.91 vball=35.31 aball=98.8 bref=0.00 pid=250.0 pref=6.5 ppos=-143.2 apid=0.0 integ=-0.0 vision=1 current=1 vframe=31898 vs=1 vage=9 vpage=9 vdt=33 vmax=266 vacc=31830 vrej=0 seq=0 elapsed=0 oled=3C
[   9906] STATUS mode=3 fault=none enc=-138 denc=1 sreq=250 sapplied=250 crate=250 uimp=-21395 upos=1515 uneg=2825 ball=-2.91 vball=35.31 aball=98.8 bref=0.00 pid=250.0 pref=6.5 ppos=-138.2 apid=0.0 integ=-0.0 vision=1 current=1 vframe=31898 vs=1 vage=29 vpage=29 vdt=33 vmax=266 vacc=31830 vrej=0 seq=0 elapsed=0 oled=3C
[   9922] STATUS mode=3 fault=none enc=-126 denc=1 sreq=250 sapplied=250 crate=250 uimp=-11395 upos=1555 uneg=2825 ball=0.35 vball=42.48 aball=93.4 bref=0.00 pid=250.0 pref=20.0 ppos=-128.2 apid=0.0 integ=-0.0 vision=1 current=1 vframe=31900 vs=1 vage=2 vpage=2 vdt=32 vmax=266 vacc=31832 vrej=0 seq=0 elapsed=0 oled=3C
[   9952] STATUS mode=3 fault=none enc=-119 denc=2 sreq=250 sapplied=250 crate=250 uimp=-6395 upos=1575 uneg=2825 ball=0.35 vball=42.48 aball=93.4 bref=0.00 pid=250.0 pref=52.2 ppos=-123.2 apid=0.0 integ=-0.0 vision=1 current=1 vframe=31900 vs=1 vage=22 vpage=22 vdt=32 vmax=266 vacc=31832 vrej=0 seq=0 elapsed=0 oled=3C
[   9983] STATUS mode=3 fault=none enc=-113 denc=1 sreq=250 sapplied=250 crate=250 uimp=-1395 upos=1595 uneg=2825 ball=2.55 vball=49.99 aball=93.4 bref=0.00 pid=250.0 pref=96.3 ppos=-118.2 apid=0.0 integ=-0.0 vision=1 current=1 vframe=31901 vs=1 vage=9 vpage=9 vdt=33 vmax=266 vacc=31833 vrej=0 seq=0 elapsed=0 oled=3C
[  10016] STATUS mode=3 fault=none enc=-100 denc=2 sreq=250 sapplied=250 crate=250 uimp=8605 upos=1635 uneg=2825 ball=4.63 vball=53.30 aball=124.7 bref=0.00 pid=250.0 pref=119.1 ppos=-108.2 apid=0.0 integ=-0.0 vision=1 current=1 vframe=31902 vs=1 vage=15 vpage=15 vdt=34 vmax=266 vacc=31834 vrej=0 seq=0 elapsed=0 oled=3C
[  10031] STATUS mode=3 fault=none enc=-94 denc=2 sreq=250 sapplied=250 crate=250 uimp=13605 upos=1655 uneg=2825 ball=5.90 vball=50.92 aball=124.7 bref=0.00 pid=250.0 pref=119.1 ppos=-103.2 apid=0.0 integ=-0.0 vision=1 current=1 vframe=31903 vs=1 vage=2 vpage=2 vdt=33 vmax=266 vacc=31835 vrej=0 seq=0 elapsed=0 oled=3C
[  10061] STATUS mode=3 fault=none enc=-88 denc=1 sreq=250 sapplied=250 crate=250 uimp=18605 upos=1675 uneg=2825 ball=5.90 vball=50.92 aball=124.7 bref=0.00 pid=250.0 pref=111.0 ppos=-98.2 apid=0.0 integ=-0.0 vision=1 current=1 vframe=31903 vs=1 vage=22 vpage=22 vdt=33 vmax=266 vacc=31835 vrej=0 seq=0 elapsed=0 oled=3C
[  10093] STATUS mode=3 fault=none enc=-74 denc=2 sreq=250 sapplied=250 crate=250 uimp=28605 upos=1715 uneg=2825 ball=8.44 vball=58.82 aball=124.7 bref=0.00 pid=250.0 pref=138.7 ppos=-88.2 apid=0.0 integ=-0.0 vision=1 current=1 vframe=31904 vs=1 vage=29 vpage=29 vdt=33 vmax=266 vacc=31836 vrej=0 seq=0 elapsed=0 oled=3C
[  10125] STATUS mode=3 fault=none enc=-68 denc=1 sreq=250 sapplied=250 crate=250 uimp=33605 upos=1735 uneg=2825 ball=10.87 vball=62.20 aball=109.1 bref=0.00 pid=250.0 pref=138.7 ppos=-83.2 apid=0.0 integ=-0.0 vision=1 current=1 vframe=31905 vs=1 vage=16 vpage=16 vdt=33 vmax=266 vacc=31837 vrej=0 seq=0 elapsed=0 oled=3C
[  10141] STATUS mode=3 fault=none enc=-61 denc=2 sreq=250 sapplied=250 crate=250 uimp=38605 upos=1755 uneg=2825 ball=13.03 vball=63.09 aball=109.1 bref=0.00 pid=250.0 pref=138.7 ppos=-78.2 apid=0.0 integ=-0.0 vision=1 current=1 vframe=31906 vs=1 vage=2 vpage=2 vdt=34 vmax=266 vacc=31838 vrej=0 seq=0 elapsed=0 oled=3C
[  10172] STATUS mode=3 fault=none enc=-49 denc=2 sreq=250 sapplied=250 crate=250 uimp=48605 upos=1795 uneg=2825 ball=15.41 vball=65.99 aball=109.1 bref=0.00 pid=250.0 pref=138.7 ppos=-68.2 apid=0.0 integ=-0.0 vision=1 current=1 vframe=31907 vs=1 vage=9 vpage=9 vdt=33 vmax=266 vacc=31839 vrej=0 seq=0 elapsed=0 oled=3C
[  10202] STATUS mode=3 fault=none enc=-43 denc=2 sreq=250 sapplied=250 crate=250 uimp=53605 upos=1815 uneg=2825 ball=15.41 vball=65.99 aball=109.1 bref=0.00 pid=250.0 pref=138.7 ppos=-63.2 apid=0.0 integ=-0.0 vision=1 current=1 vframe=31907 vs=1 vage=29 vpage=29 vdt=33 vmax=266 vacc=31839 vrej=0 seq=0 elapsed=0 oled=3C
[  10233] STATUS mode=3 fault=none enc=-30 denc=1 sreq=250 sapplied=250 crate=250 uimp=63605 upos=1855 uneg=2825 ball=19.20 vball=60.00 aball=79.4 bref=0.00 pid=250.0 pref=138.7 ppos=-53.2 apid=0.0 integ=-0.0 vision=1 current=1 vframe=31908 vs=1 vage=13 vpage=13 vdt=36 vmax=266 vacc=31840 vrej=0 seq=0 elapsed=0 oled=3C
[  10250] STATUS mode=3 fault=none enc=-23 denc=2 sreq=250 sapplied=250 crate=250 uimp=68605 upos=1875 uneg=2825 ball=19.20 vball=60.00 aball=79.4 bref=0.00 pid=250.0 pref=138.7 ppos=-48.2 apid=0.0 integ=-0.0 vision=1 current=1 vframe=31909 vs=1 vage=22 vpage=22 vdt=31 vmax=266 vacc=31841 vrej=0 seq=0 elapsed=0 oled=3C
[  10281] STATUS mode=3 fault=none enc=-17 denc=2 sreq=250 sapplied=250 crate=250 uimp=73605 upos=1895 uneg=2825 ball=21.79 vball=65.65 aball=79.4 bref=0.00 pid=250.0 pref=138.7 ppos=-43.2 apid=0.0 integ=-0.0 vision=1 current=1 vframe=31910 vs=1 vage=8 vpage=8 vdt=34 vmax=266 vacc=31842 vrej=0 seq=0 elapsed=0 oled=3C
[  10311] STATUS mode=3 fault=none enc=-5 denc=1 sreq=250 sapplied=250 crate=250 uimp=83605 upos=1935 uneg=2825 ball=24.08 vball=66.05 aball=40.9 bref=0.00 pid=250.0 pref=138.7 ppos=-33.2 apid=0.0 integ=-0.0 vision=1 current=1 vframe=31911 vs=1 vage=16 vpage=16 vdt=32 vmax=266 vacc=31843 vrej=0 seq=0 elapsed=0 oled=3C
[  10327] STATUS mode=3 fault=none enc=2 denc=2 sreq=250 sapplied=250 crate=250 uimp=88605 upos=1955 uneg=2825 ball=26.32 vball=66.81 aball=40.9 bref=0.00 pid=250.0 pref=138.7 ppos=-28.2 apid=0.0 integ=-0.0 vision=1 current=1 vframe=31912 vs=1 vage=4 vpage=4 vdt=32 vmax=266 vacc=31844 vrej=0 seq=0 elapsed=0 oled=3C
[  10358] STATUS mode=3 fault=none enc=9 denc=2 sreq=250 sapplied=250 crate=250 uimp=93605 upos=1975 uneg=2825 ball=26.32 vball=66.81 aball=40.9 bref=0.00 pid=250.0 pref=138.7 ppos=-23.2 apid=0.0 integ=-0.0 vision=1 current=1 vframe=31912 vs=1 vage=24 vpage=24 vdt=32 vmax=266 vacc=31844 vrej=0 seq=0 elapsed=0 oled=3C
[  10391] STATUS mode=3 fault=none enc=22 denc=2 sreq=250 sapplied=250 crate=250 uimp=103605 upos=2015 uneg=2825 ball=27.72 vball=59.61 aball=40.9 bref=0.00 pid=250.0 pref=138.7 ppos=-13.2 apid=0.0 integ=-0.0 vision=1 current=1 vframe=31913 vs=1 vage=31 vpage=31 vdt=33 vmax=266 vacc=31845 vrej=0 seq=0 elapsed=0 oled=3C
[  10422] STATUS mode=3 fault=none enc=28 denc=1 sreq=250 sapplied=250 crate=250 uimp=108605 upos=2035 uneg=2825 ball=29.57 vball=58.31 aball=-13.0 bref=0.00 pid=250.0 pref=138.7 ppos=-8.2 apid=-0.0 integ=-0.0 vision=1 current=1 vframe=31914 vs=1 vage=18 vpage=18 vdt=33 vmax=266 vacc=31846 vrej=0 seq=0 elapsed=0 oled=3C
[  10436] STATUS mode=3 fault=none enc=34 denc=1 sreq=250 sapplied=250 crate=250 uimp=113605 upos=2055 uneg=2825 ball=31.61 vball=59.69 aball=-13.0 bref=0.00 pid=250.0 pref=138.7 ppos=-3.2 apid=-0.0 integ=-0.0 vision=1 current=1 vframe=31915 vs=1 vage=5 vpage=5 vdt=33 vmax=266 vacc=31847 vrej=0 seq=0 elapsed=0 oled=3C
[  10468] STATUS mode=3 fault=none enc=48 denc=2 sreq=250 sapplied=250 crate=250 uimp=123605 upos=2095 uneg=2825 ball=33.59 vball=60.19 aball=-13.0 bref=0.00 pid=250.0 pref=138.7 ppos=6.8 apid=-0.0 integ=-0.0 vision=1 current=1 vframe=31916 vs=1 vage=12 vpage=12 vdt=33 vmax=266 vacc=31848 vrej=0 seq=0 elapsed=0 oled=3C
[  10500] STATUS mode=3 fault=none enc=54 denc=1 sreq=250 sapplied=250 crate=250 uimp=128605 upos=2115 uneg=2825 ball=33.59 vball=60.19 aball=-13.0 bref=0.00 pid=250.0 pref=138.7 ppos=11.8 apid=-0.0 integ=-0.0 vision=1 current=1 vframe=31916 vs=1 vage=32 vpage=32 vdt=33 vmax=266 vacc=31848 vrej=0 seq=0 elapsed=0 oled=3C
[  10531] STATUS mode=3 fault=none enc=61 denc=2 sreq=250 sapplied=250 crate=250 uimp=133605 upos=2135 uneg=2825 ball=35.44 vball=58.44 aball=-6.6 bref=0.00 pid=250.0 pref=138.7 ppos=16.8 apid=-0.0 integ=-0.0 vision=1 current=1 vframe=31917 vs=1 vage=16 vpage=16 vdt=36 vmax=266 vacc=31849 vrej=0 seq=0 elapsed=0 oled=3C
[  10547] STATUS mode=3 fault=none enc=73 denc=2 sreq=250 sapplied=250 crate=250 uimp=143605 upos=2175 uneg=2825 ball=37.39 vball=58.81 aball=-6.6 bref=0.00 pid=250.0 pref=138.7 ppos=26.8 apid=-0.0 integ=-0.0 vision=1 current=1 vframe=31918 vs=1 vage=23 vpage=23 vdt=33 vmax=266 vacc=31850 vrej=0 seq=0 elapsed=0 oled=3C
[  10577] STATUS mode=3 fault=none enc=79 denc=1 sreq=250 sapplied=250 crate=250 uimp=148605 upos=2195 uneg=2825 ball=38.78 vball=54.08 aball=-6.6 bref=0.00 pid=250.0 pref=138.7 ppos=31.8 apid=-0.0 integ=-0.0 vision=1 current=1 vframe=31919 vs=1 vage=10 vpage=10 vdt=33 vmax=266 vacc=31851 vrej=0 seq=0 elapsed=0 oled=3C
[  10608] STATUS mode=3 fault=none enc=87 denc=2 sreq=250 sapplied=250 crate=250 uimp=153605 upos=2215 uneg=2825 ball=38.78 vball=54.08 aball=-6.6 bref=0.00 pid=250.0 pref=138.7 ppos=36.8 apid=-0.0 integ=-0.0 vision=1 current=1 vframe=31919 vs=1 vage=30 vpage=30 vdt=33 vmax=266 vacc=31851 vrej=0 seq=0 elapsed=0 oled=3C
[  10641] STATUS mode=3 fault=none enc=99 denc=1 sreq=250 sapplied=250 crate=250 uimp=163605 upos=2255 uneg=2825 ball=40.96 vball=43.67 aball=-59.7 bref=0.00 pid=250.0 pref=138.7 ppos=46.8 apid=-0.0 integ=-0.0 vision=1 current=1 vframe=31921 vs=1 vage=3 vpage=3 vdt=36 vmax=266 vacc=31853 vrej=0 seq=0 elapsed=0 oled=3C
[  10656] STATUS mode=3 fault=none enc=106 denc=1 sreq=250 sapplied=250 crate=250 uimp=168605 upos=2275 uneg=2825 ball=40.96 vball=43.67 aball=-59.7 bref=0.00 pid=250.0 pref=138.7 ppos=51.8 apid=-0.0 integ=-0.0 vision=1 current=1 vframe=31921 vs=1 vage=23 vpage=23 vdt=36 vmax=266 vacc=31853 vrej=0 seq=0 elapsed=0 oled=3C
[  10686] STATUS mode=3 fault=none enc=118 denc=1 sreq=250 sapplied=250 crate=250 uimp=178605 upos=2315 uneg=2825 ball=41.67 vball=37.06 aball=-59.7 bref=0.00 pid=250.0 pref=138.7 ppos=61.8 apid=-0.0 integ=-0.0 vision=1 current=1 vframe=31922 vs=1 vage=10 vpage=10 vdt=33 vmax=266 vacc=31854 vrej=0 seq=0 elapsed=0 oled=3C
[  10718] STATUS mode=3 fault=none enc=125 denc=2 sreq=250 sapplied=250 crate=250 uimp=183605 upos=2335 uneg=2825 ball=42.31 vball=31.83 aball=-96.3 bref=0.00 pid=250.0 pref=124.8 ppos=66.8 apid=-0.0 integ=-0.0 vision=1 current=1 vframe=31923 vs=1 vage=16 vpage=16 vdt=34 vmax=266 vacc=31855 vrej=0 seq=0 elapsed=0 oled=3C
[  10733] STATUS mode=3 fault=none enc=132 denc=2 sreq=250 sapplied=250 crate=250 uimp=188605 upos=2355 uneg=2825 ball=42.92 vball=27.81 aball=-96.3 bref=0.00 pid=250.0 pref=106.5 ppos=71.8 apid=-0.0 integ=-0.0 vision=1 current=1 vframe=31924 vs=1 vage=6 vpage=6 vdt=30 vmax=266 vacc=31856 vrej=0 seq=0 elapsed=0 oled=3C
[  10766] STATUS mode=3 fault=none enc=144 denc=1 sreq=50 sapplied=50 crate=50 uimp=198105 upos=2395 uneg=2825 ball=43.07 vball=20.88 aball=-96.3 bref=0.00 pid=-89.7 pref=72.3 ppos=81.3 apid=-0.0 integ=-0.0 vision=1 current=1 vframe=31925 vs=1 vage=12 vpage=12 vdt=34 vmax=266 vacc=31857 vrej=0 seq=0 elapsed=0 oled=3C
[  10797] STATUS mode=3 fault=none enc=145 denc=1 sreq=-83 sapplied=-83 crate=-83 uimp=197455 upos=2400 uneg=2835 ball=43.07 vball=20.88 aball=-96.3 bref=0.00 pid=-83.2 pref=72.3 ppos=80.6 apid=-0.0 integ=-0.0 vision=1 current=1 vframe=31925 vs=1 vage=32 vpage=32 vdt=34 vmax=266 vacc=31857 vrej=0 seq=0 elapsed=0 oled=3C
[  10827] STATUS mode=3 fault=none enc=143 denc=1 sreq=-250 sapplied=-250 crate=-250 uimp=194500 upos=2400 uneg=2855 ball=43.25 vball=16.20 aball=-125.5 bref=0.00 pid=-250.0 pref=49.5 ppos=77.7 apid=-0.0 integ=-0.0 vision=1 current=1 vframe=31926 vs=1 vage=19 vpage=19 vdt=33 vmax=266 vacc=31858 vrej=0 seq=0 elapsed=0 oled=3C
[  10843] STATUS mode=3 fault=none enc=130 denc=-2 sreq=-250 sapplied=-250 crate=-250 uimp=184525 upos=2400 uneg=2895 ball=43.25 vball=11.44 aball=-125.5 bref=0.00 pid=-250.0 pref=25.7 ppos=67.7 apid=-0.0 integ=-0.0 vision=1 current=1 vframe=31927 vs=1 vage=25 vpage=25 vdt=34 vmax=266 vacc=31859 vrej=0 seq=0 elapsed=0 oled=3C
[  10875] STATUS mode=3 fault=none enc=124 denc=-2 sreq=-250 sapplied=-250 crate=-250 uimp=179525 upos=2400 uneg=2915 ball=43.17 vball=7.36 aball=-125.5 bref=0.00 pid=-250.0 pref=5.0 ppos=62.7 apid=-0.0 integ=-0.0 vision=1 current=1 vframe=31928 vs=1 vage=12 vpage=12 vdt=33 vmax=266 vacc=31860 vrej=0 seq=0 elapsed=0 oled=3C
[  10906] STATUS mode=3 fault=none enc=117 denc=-2 sreq=-250 sapplied=-250 crate=-250 uimp=174525 upos=2400 uneg=2935 ball=43.17 vball=7.36 aball=-125.5 bref=0.00 pid=-250.0 pref=5.0 ppos=57.7 apid=-0.0 integ=-0.0 vision=1 current=1 vframe=31928 vs=1 vage=32 vpage=32 vdt=33 vmax=266 vacc=31860 vrej=0 seq=0 elapsed=0 oled=3C
[  10936] STATUS mode=3 fault=none enc=104 denc=-3 sreq=-250 sapplied=-250 crate=-250 uimp=164525 upos=2400 uneg=2975 ball=41.61 vball=-7.74 aball=-150.7 bref=0.00 pid=-250.0 pref=-75.2 ppos=47.7 apid=-0.0 integ=-0.0 vision=1 current=1 vframe=31930 vs=1 vage=6 vpage=6 vdt=33 vmax=266 vacc=31862 vrej=0 seq=0 elapsed=0 oled=3C
[  10968] STATUS mode=3 fault=none enc=99 denc=-1 sreq=-250 sapplied=-250 crate=-250 uimp=159525 upos=2400 uneg=2995 ball=41.61 vball=-7.74 aball=-150.7 bref=0.00 pid=-250.0 pref=-75.2 ppos=42.7 apid=-0.0 integ=-0.0 vision=1 current=1 vframe=31930 vs=1 vage=26 vpage=26 vdt=33 vmax=266 vacc=31862 vrej=0 seq=0 elapsed=0 oled=3C
[  10983] STATUS mode=3 fault=none enc=85 denc=-2 sreq=-250 sapplied=-250 crate=-250 uimp=149525 upos=2400 uneg=3035 ball=40.81 vball=-12.47 aball=-150.7 bref=0.00 pid=-250.0 pref=-101.2 ppos=32.7 apid=-0.0 integ=-0.0 vision=1 current=1 vframe=31931 vs=1 vage=32 vpage=32 vdt=34 vmax=266 vacc=31863 vrej=0 seq=0 elapsed=0 oled=3C
[  11016] STATUS mode=3 fault=none enc=78 denc=-2 sreq=-250 sapplied=-250 crate=-250 uimp=144525 upos=2400 uneg=3055 ball=39.48 vball=-20.58 aball=-166.7 bref=0.00 pid=-250.0 pref=-145.7 ppos=27.7 apid=-0.0 integ=-0.0 vision=1 current=1 vframe=31932 vs=1 vage=19 vpage=19 vdt=33 vmax=266 vacc=31864 vrej=0 seq=0 elapsed=0 oled=3C
[  11047] STATUS mode=3 fault=none enc=71 denc=-2 sreq=-250 sapplied=-250 crate=-250 uimp=139525 upos=2400 uneg=3075 ball=38.66 vball=-21.68 aball=-166.7 bref=0.00 pid=-250.0 pref=-145.7 ppos=22.7 apid=-0.0 integ=-0.0 vision=1 current=1 vframe=31933 vs=1 vage=3 vpage=3 vdt=36 vmax=266 vacc=31865 vrej=0 seq=0 elapsed=0 oled=3C
[  11077] STATUS mode=3 fault=none enc=59 denc=-2 sreq=-250 sapplied=-250 crate=-250 uimp=129525 upos=2400 uneg=3115 ball=37.29 vball=-27.52 aball=-166.7 bref=0.00 pid=-250.0 pref=-187.0 ppos=12.7 apid=-0.0 integ=-0.0 vision=1 current=1 vframe=31934 vs=1 vage=13 vpage=13 vdt=30 vmax=266 vacc=31866 vrej=0 seq=0 elapsed=0 oled=3C
[  11093] STATUS mode=3 fault=none enc=52 denc=-2 sreq=-250 sapplied=-250 crate=-250 uimp=124525 upos=2400 uneg=3135 ball=37.29 vball=-27.52 aball=-166.7 bref=0.00 pid=-250.0 pref=-187.0 ppos=7.7 apid=-0.0 integ=-0.0 vision=1 current=1 vframe=31934 vs=1 vage=33 vpage=33 vdt=30 vmax=266 vacc=31866 vrej=0 seq=0 elapsed=0 oled=3C
[  11125] STATUS mode=3 fault=none enc=39 denc=-2 sreq=-250 sapplied=-250 crate=-250 uimp=114525 upos=2400 uneg=3175 ball=34.57 vball=-34.83 aball=-137.8 bref=0.00 pid=-250.0 pref=-231.7 ppos=-2.3 apid=-0.0 integ=-0.0 vision=1 current=1 vframe=31936 vs=1 vage=6 vpage=6 vdt=31 vmax=266 vacc=31868 vrej=0 seq=0 elapsed=0 oled=3C
[  11156] STATUS mode=3 fault=none enc=33 denc=-1 sreq=-250 sapplied=-250 crate=-250 uimp=109525 upos=2400 uneg=3195 ball=34.57 vball=-34.83 aball=-137.8 bref=0.00 pid=-250.0 pref=-231.7 ppos=-7.3 apid=-0.0 integ=-0.0 vision=1 current=1 vframe=31936 vs=1 vage=26 vpage=26 vdt=31 vmax=266 vacc=31868 vrej=0 seq=0 elapsed=0 oled=3C
[  11186] STATUS mode=3 fault=none enc=27 denc=-1 sreq=-250 sapplied=-250 crate=-250 uimp=104525 upos=2400 uneg=3215 ball=33.05 vball=-38.68 aball=-137.8 bref=0.00 pid=-250.0 pref=-255.5 ppos=-12.3 apid=-0.0 integ=-0.0 vision=1 current=1 vframe=31937 vs=1 vage=12 vpage=12 vdt=34 vmax=266 vacc=31869 vrej=0 seq=0 elapsed=0 oled=3C
[  11218] STATUS mode=3 fault=none enc=14 denc=-2 sreq=-250 sapplied=-250 crate=-250 uimp=94525 upos=2400 uneg=3255 ball=31.00 vball=-45.23 aball=-141.0 bref=0.00 pid=-250.0 pref=-294.4 ppos=-22.3 apid=-0.0 integ=-0.0 vision=1 current=1 vframe=31938 vs=1 vage=19 vpage=19 vdt=33 vmax=266 vacc=31870 vrej=0 seq=0 elapsed=0 oled=3C
[  11233] STATUS mode=3 fault=none enc=7 denc=-2 sreq=-250 sapplied=-250 crate=-250 uimp=89525 upos=2400 uneg=3275 ball=29.18 vball=-48.15 aball=-141.0 bref=0.00 pid=-250.0 pref=-314.5 ppos=-27.3 apid=-0.0 integ=-0.0 vision=1 current=1 vframe=31939 vs=1 vage=5 vpage=5 vdt=34 vmax=266 vacc=31871 vrej=0 seq=0 elapsed=0 oled=3C
[  11266] STATUS mode=3 fault=none enc=0 denc=-2 sreq=-250 sapplied=-250 crate=-250 uimp=84525 upos=2400 uneg=3295 ball=29.18 vball=-48.15 aball=-141.0 bref=0.00 pid=-250.0 pref=-314.5 ppos=-32.3 apid=-0.0 integ=-0.0 vision=1 current=1 vframe=31939 vs=1 vage=25 vpage=25 vdt=34 vmax=266 vacc=31871 vrej=0 seq=0 elapsed=0 oled=3C
[  11297] STATUS mode=3 fault=none enc=-13 denc=-2 sreq=-250 sapplied=-250 crate=-250 uimp=74525 upos=2400 uneg=3335 ball=27.55 vball=-48.01 aball=-141.0 bref=0.00 pid=-250.0 pref=-318.7 ppos=-42.3 apid=-0.0 integ=-0.0 vision=1 current=1 vframe=31940 vs=1 vage=32 vpage=32 vdt=33 vmax=266 vacc=31872 vrej=0 seq=0 elapsed=0 oled=3C
[  11327] STATUS mode=3 fault=none enc=-19 denc=-2 sreq=-250 sapplied=-250 crate=-250 uimp=69525 upos=2400 uneg=3355 ball=25.79 vball=-49.71 aball=-97.5 bref=0.00 pid=-250.0 pref=-332.5 ppos=-47.3 apid=-0.0 integ=-0.0 vision=1 current=1 vframe=31941 vs=1 vage=18 vpage=18 vdt=34 vmax=266 vacc=31873 vrej=0 seq=0 elapsed=0 oled=3C
[  11358] STATUS mode=3 fault=none enc=-32 denc=-3 sreq=-250 sapplied=-250 crate=-250 uimp=59525 upos=2400 uneg=3395 ball=23.80 vball=-52.69 aball=-97.5 bref=0.00 pid=-250.0 pref=-353.3 ppos=-57.3 apid=-0.0 integ=-0.0 vision=1 current=1 vframe=31942 vs=1 vage=25 vpage=25 vdt=33 vmax=266 vacc=31874 vrej=0 seq=0 elapsed=0 oled=3C
[  11375] STATUS mode=3 fault=none enc=-38 denc=-1 sreq=-250 sapplied=-250 crate=-250 uimp=54525 upos=2400 uneg=3415 ball=22.03 vball=-53.06 aball=-97.5 bref=0.00 pid=-250.0 pref=-360.5 ppos=-62.3 apid=-0.0 integ=-0.0 vision=1 current=1 vframe=31943 vs=1 vage=12 vpage=12 vdt=33 vmax=266 vacc=31875 vrej=0 seq=0 elapsed=0 oled=3C
[  11406] STATUS mode=3 fault=none enc=-45 denc=-2 sreq=-250 sapplied=-250 crate=-250 uimp=49525 upos=2400 uneg=3435 ball=22.03 vball=-53.06 aball=-97.5 bref=0.00 pid=-250.0 pref=-360.5 ppos=-67.3 apid=-0.0 integ=-0.0 vision=1 current=1 vframe=31943 vs=1 vage=32 vpage=32 vdt=33 vmax=266 vacc=31875 vrej=0 seq=0 elapsed=0 oled=3C
[  11436] STATUS mode=3 fault=none enc=-57 denc=-1 sreq=-250 sapplied=-250 crate=-250 uimp=39525 upos=2400 uneg=3475 ball=18.66 vball=-52.02 aball=-68.0 bref=0.00 pid=-250.0 pref=-365.4 ppos=-77.3 apid=-0.0 integ=-0.0 vision=1 current=1 vframe=31945 vs=1 vage=5 vpage=5 vdt=33 vmax=266 vacc=31877 vrej=0 seq=0 elapsed=0 oled=3C
[  11468] STATUS mode=3 fault=none enc=-63 denc=-2 sreq=-250 sapplied=-250 crate=-250 uimp=34525 upos=2400 uneg=3495 ball=18.66 vball=-52.02 aball=-68.0 bref=0.00 pid=-250.0 pref=-365.4 ppos=-82.3 apid=-0.0 integ=-0.0 vision=1 current=1 vframe=31945 vs=1 vage=25 vpage=25 vdt=33 vmax=266 vacc=31877 vrej=0 seq=0 elapsed=0 oled=3C
[  11483] STATUS mode=3 fault=none enc=-76 denc=-1 sreq=-250 sapplied=-250 crate=-250 uimp=24525 upos=2400 uneg=3535 ball=16.61 vball=-54.99 aball=-68.0 bref=0.00 pid=-250.0 pref=-386.4 ppos=-92.3 apid=-0.0 integ=-0.0 vision=1 current=1 vframe=31946 vs=1 vage=29 vpage=29 vdt=36 vmax=266 vacc=31878 vrej=0 seq=0 elapsed=0 oled=3C
[  11516] STATUS mode=3 fault=none enc=-83 denc=-2 sreq=-250 sapplied=-250 crate=-250 uimp=19525 upos=2400 uneg=3555 ball=14.89 vball=-54.85 aball=-46.0 bref=0.00 pid=-250.0 pref=-390.9 ppos=-97.3 apid=-0.0 integ=-0.0 vision=1 current=1 vframe=31947 vs=1 vage=16 vpage=16 vdt=33 vmax=266 vacc=31879 vrej=0 seq=0 elapsed=0 oled=3C
[  11547] STATUS mode=3 fault=none enc=-90 denc=-2 sreq=-250 sapplied=-250 crate=-250 uimp=14525 upos=2400 uneg=3575 ball=12.80 vball=-56.93 aball=-46.0 bref=0.00 pid=-250.0 pref=-390.9 ppos=-102.3 apid=-0.0 integ=-0.0 vision=1 current=1 vframe=31948 vs=1 vage=3 vpage=3 vdt=33 vmax=266 vacc=31880 vrej=0 seq=0 elapsed=0 oled=3C
[  11577] STATUS mode=3 fault=none enc=-102 denc=-2 sreq=-250 sapplied=-250 crate=-250 uimp=4525 upos=2400 uneg=3615 ball=11.08 vball=-55.54 aball=-46.0 bref=0.00 pid=-250.0 pref=-405.7 ppos=-112.3 apid=-0.0 integ=-0.0 vision=1 current=1 vframe=31949 vs=1 vage=9 vpage=9 vdt=34 vmax=266 vacc=31881 vrej=0 seq=0 elapsed=0 oled=3C
[  11608] STATUS mode=3 fault=none enc=-108 denc=-1 sreq=-250 sapplied=-250 crate=-250 uimp=-475 upos=2400 uneg=3635 ball=11.08 vball=-55.54 aball=-46.0 bref=0.00 pid=-250.0 pref=-405.7 ppos=-117.3 apid=-0.0 integ=-0.0 vision=1 current=1 vframe=31949 vs=1 vage=29 vpage=29 vdt=34 vmax=266 vacc=31881 vrej=0 seq=0 elapsed=0 oled=3C
[  11625] STATUS mode=3 fault=none enc=-121 denc=-2 sreq=-250 sapplied=-250 crate=-250 uimp=-10475 upos=2400 uneg=3675 ball=8.11 vball=-48.99 aball=-31.9 bref=0.00 pid=-250.0 pref=-415.1 ppos=-127.3 apid=-0.0 integ=-0.0 vision=1 current=1 vframe=31951 vs=1 vage=3 vpage=3 vdt=35 vmax=266 vacc=31883 vrej=0 seq=0 elapsed=0 oled=3C
[  11656] STATUS mode=3 fault=none enc=-128 denc=-2 sreq=-250 sapplied=-250 crate=-250 uimp=-15475 upos=2400 uneg=3695 ball=8.11 vball=-48.99 aball=-31.9 bref=0.00 pid=-250.0 pref=-381.9 ppos=-132.3 apid=-0.0 integ=-0.0 vision=1 current=1 vframe=31951 vs=1 vage=23 vpage=23 vdt=35 vmax=266 vacc=31883 vrej=0 seq=0 elapsed=0 oled=3C
[  11686] STATUS mode=3 fault=none enc=-133 denc=-1 sreq=-250 sapplied=-250 crate=-250 uimp=-20475 upos=2400 uneg=3715 ball=6.57 vball=-48.45 aball=-31.9 bref=0.00 pid=-250.0 pref=-383.8 ppos=-137.3 apid=-0.0 integ=-0.0 vision=1 current=1 vframe=31952 vs=1 vage=11 vpage=11 vdt=32 vmax=266 vacc=31884 vrej=0 seq=0 elapsed=0 oled=3C
[  11718] STATUS mode=3 fault=none enc=-146 denc=-2 sreq=-250 sapplied=-250 crate=-250 uimp=-30475 upos=2400 uneg=3755 ball=5.10 vball=-46.96 aball=24.4 bref=0.00 pid=-250.0 pref=-380.8 ppos=-147.3 apid=0.0 integ=-0.0 vision=1 current=1 vframe=31953 vs=1 vage=18 vpage=18 vdt=33 vmax=266 vacc=31885 vrej=0 seq=0 elapsed=0 oled=3C
[  11750] STATUS mode=3 fault=none enc=-152 denc=-2 sreq=-250 sapplied=-250 crate=-250 uimp=-35475 upos=2400 uneg=3775 ball=4.08 vball=-42.21 aball=24.4 bref=0.00 pid=-250.0 pref=-360.1 ppos=-152.3 apid=0.0 integ=-0.0 vision=1 current=1 vframe=31954 vs=1 vage=5 vpage=5 vdt=33 vmax=266 vacc=31886 vrej=0 seq=0 elapsed=0 oled=3C
[  11766] STATUS mode=3 fault=none enc=-165 denc=-1 sreq=-250 sapplied=-250 crate=-250 uimp=-45475 upos=2400 uneg=3815 ball=3.14 vball=-38.23 aball=24.4 bref=0.00 pid=-250.0 pref=-343.0 ppos=-162.3 apid=0.0 integ=-0.0 vision=1 current=1 vframe=31955 vs=1 vage=10 vpage=10 vdt=35 vmax=266 vacc=31887 vrej=0 seq=0 elapsed=0 oled=3C
[  11797] STATUS mode=3 fault=none enc=-172 denc=-2 sreq=-250 sapplied=-250 crate=-250 uimp=-50475 upos=2400 uneg=3835 ball=3.14 vball=-38.23 aball=24.4 bref=0.00 pid=-250.0 pref=-343.0 ppos=-167.3 apid=0.0 integ=-0.0 vision=1 current=1 vframe=31955 vs=1 vage=30 vpage=30 vdt=35 vmax=266 vacc=31887 vrej=0 seq=0 elapsed=0 oled=3C
[  11827] STATUS mode=3 fault=none enc=-178 denc=-2 sreq=-250 sapplied=-250 crate=-250 uimp=-55475 upos=2400 uneg=3855 ball=2.33 vball=-34.28 aball=69.9 bref=0.00 pid=-250.0 pref=-325.7 ppos=-172.3 apid=0.0 integ=-0.0 vision=1 current=1 vframe=31956 vs=1 vage=17 vpage=17 vdt=33 vmax=266 vacc=31888 vrej=0 seq=0 elapsed=0 oled=3C
[  11858] STATUS mode=3 fault=none enc=-190 denc=-2 sreq=-250 sapplied=-250 crate=-250 uimp=-65475 upos=2400 uneg=3895 ball=1.67 vball=-29.76 aball=69.9 bref=0.00 pid=-250.0 pref=-305.1 ppos=-182.3 apid=0.0 integ=-0.0 vision=1 current=1 vframe=31957 vs=1 vage=23 vpage=23 vdt=34 vmax=266 vacc=31889 vrej=0 seq=0 elapsed=0 oled=3C
[  11875] STATUS mode=3 fault=none enc=-196 denc=-2 sreq=-250 sapplied=-250 crate=-250 uimp=-70475 upos=2400 uneg=3915 ball=1.14 vball=-25.66 aball=69.9 bref=0.00 pid=-250.0 pref=-286.2 ppos=-187.3 apid=0.0 integ=-0.0 vision=1 current=1 vframe=31958 vs=1 vage=10 vpage=10 vdt=33 vmax=266 vacc=31890 vrej=0 seq=0 elapsed=0 oled=3C
[  11906] STATUS mode=3 fault=none enc=-209 denc=-2 sreq=-250 sapplied=-250 crate=-250 uimp=-80475 upos=2400 uneg=3955 ball=0.47 vball=-23.95 aball=84.9 bref=0.00 pid=-250.0 pref=-279.6 ppos=-197.3 apid=0.0 integ=-0.0 vision=1 current=1 vframe=31959 vs=1 vage=17 vpage=17 vdt=33 vmax=266 vacc=31891 vrej=0 seq=0 elapsed=0 oled=3C
[  11936] STATUS mode=3 fault=none enc=-215 denc=-2 sreq=-250 sapplied=-250 crate=-250 uimp=-85475 upos=2400 uneg=3975 ball=0.02 vball=-20.66 aball=84.9 bref=0.00 pid=-250.0 pref=-279.6 ppos=-202.3 apid=0.0 integ=-0.0 vision=1 current=1 vframe=31960 vs=1 vage=4 vpage=4 vdt=33 vmax=266 vacc=31892 vrej=0 seq=0 elapsed=0 oled=3C
[  11968] STATUS mode=3 fault=none enc=-221 denc=-2 sreq=-250 sapplied=-250 crate=-250 uimp=-90475 upos=2400 uneg=3995 ball=0.02 vball=-20.66 aball=84.9 bref=0.00 pid=-250.0 pref=-264.5 ppos=-207.3 apid=0.0 integ=-0.0 vision=1 current=1 vframe=31960 vs=1 vage=24 vpage=24 vdt=33 vmax=266 vacc=31892 vrej=0 seq=0 elapsed=0 oled=3C
[  12000] STATUS mode=3 fault=none enc=-233 denc=-2 sreq=-246 sapplied=-246 crate=-246 uimp=-100475 upos=2400 uneg=4035 ball=-0.14 vball=-16.03 aball=84.9 bref=0.00 pid=-245.7 pref=-241.9 ppos=-217.3 apid=0.0 integ=-0.0 vision=1 current=1 vframe=31961 vs=1 vage=30 vpage=30 vdt=34 vmax=266 vacc=31893 vrej=0 seq=0 elapsed=0 oled=3C
[  12016] STATUS mode=3 fault=none enc=-239 denc=-3 sreq=21 sapplied=0 crate=21 uimp=-103700 upos=2400 uneg=4055 ball=-0.15 vball=-11.33 aball=103.5 bref=0.00 pid=21.3 pref=-218.4 ppos=-220.5 apid=0.0 integ=-0.0 vision=1 current=1 vframe=31962 vs=1 vage=17 vpage=17 vdt=33 vmax=266 vacc=31894 vrej=0 seq=0 elapsed=0 oled=3C
[  12047] STATUS mode=3 fault=none enc=-239 denc=0 sreq=0 sapplied=0 crate=19 uimp=-103495 upos=2410 uneg=4055 ball=-0.05 vball=-7.13 aball=103.5 bref=0.00 pid=19.2 pref=-218.4 ppos=-220.3 apid=0.0 integ=-0.0 vision=1 current=1 vframe=31963 vs=1 vage=4 vpage=4 vdt=33 vmax=266 vacc=31895 vrej=0 seq=0 elapsed=0 oled=3C
[  12077] STATUS mode=3 fault=none enc=-239 denc=0 sreq=0 sapplied=0 crate=0 uimp=-103495 upos=2410 uneg=4055 ball=0.44 vball=-0.53 aball=103.5 bref=0.00 pid=0.0 pref=-220.3 ppos=-220.3 apid=0.0 integ=0.0 vision=1 current=1 vframe=31964 vs=1 vage=11 vpage=11 vdt=33 vmax=266 vacc=31896 vrej=0 seq=0 elapsed=0 oled=3C
[  12093] STATUS mode=3 fault=none enc=-239 denc=0 sreq=0 sapplied=0 crate=0 uimp=-103495 upos=2410 uneg=4055 ball=0.44 vball=-0.53 aball=103.5 bref=0.00 pid=0.0 pref=-220.3 ppos=-220.3 apid=0.0 integ=0.0 vision=1 current=1 vframe=31964 vs=1 vage=31 vpage=31 vdt=33 vmax=266 vacc=31896 vrej=0 seq=0 elapsed=0 oled=3C
[  12125] STATUS mode=3 fault=none enc=-239 denc=0 sreq=0 sapplied=0 crate=0 uimp=-103495 upos=2410 uneg=4055 ball=1.89 vball=10.17 aball=143.6 bref=0.00 pid=0.0 pref=-220.3 ppos=-220.3 apid=0.0 integ=0.0 vision=1 current= vframe=31965 vs=1 vage=17 vpage=17 vdt=34 vmax=266 vacc=31897 vrej=0 seq=0 elapsed=0 oled=3C
[  12156] STATUS mode=3 fault=none enc=-237 denc=2 sreq=250 sapplied=250 crate=250 uimp=-100745 upos=2425 uneg=4055 ball=1.89 vball=10.17 aball=143.6 bref=0.00 pid=250.0 pref=-163.8 ppos=-217.6 apid=0.0 integ=-0.0 vision=1 current=1 vframe=31966 vs=1 vage=24 vpage=24 vdt=33 vmax=266 vacc=31898 vrej=0 seq=0 elapsed=0 oled=3C
[  12186] STATUS mode=3 fault=none enc=-231 denc=2 sreq=250 sapplied=250 crate=250 uimp=-95745 upos=2445 uneg=4055 ball=2.91 vball=16.22 aball=143.6 bref=0.00 pid=250.0 pref=-130.5 ppos=-212.6 apid=0.0 integ=-0.0 vision=1 current=1 vframe=31967 vs=1 vage=11 vpage=11 vdt=33 vmax=266 vacc=31899 vrej=0 seq=0 elapsed=0 oled=3C
[  12202] STATUS mode=3 fault=none enc=-219 denc=1 sreq=250 sapplied=250 crate=250 uimp=-85745 upos=2485 uneg=4055 ball=3.92 vball=20.39 aball=135.6 bref=0.00 pid=250.0 pref=-106.6 ppos=-202.6 apid=0.0 integ=-0.0 vision=1 current=1 vframe=31968 vs=1 vage=18 vpage=18 vdt=33 vmax=266 vacc=31900 vrej=0 seq=0 elapsed=0 oled=3C
[  12233] STATUS mode=3 fault=none enc=-213 denc=1 sreq=250 sapplied=250 crate=250 uimp=-80745 upos=2505 uneg=4055 ball=5.35 vball=26.83 aball=135.6 bref=0.00 pid=250.0 pref=-106.6 ppos=-197.6 apid=0.0 integ=-0.0 vision=1 current=1 vframe=31969 vs=1 vage=4 vpage=4 vdt=34 vmax=266 vacc=31901 vrej=0 seq=0 elapsed=0 oled=3C
[  12266] STATUS mode=3 fault=none enc=-207 denc=1 sreq=250 sapplied=250 crate=250 uimp=-75745 upos=2525 uneg=4055 ball=5.35 vball=26.83 aball=135.6 bref=0.00 pid=250.0 pref=-70.1 ppos=-192.6 apid=0.0 integ=-0.0 vision=1 current=1 vframe=31969 vs=1 vage=24 vpage=24 vdt=34 vmax=266 vacc=31901 vrej=0 seq=0 elapsed=0 oled=3C
[  12297] STATUS mode=3 fault=none enc=-194 denc=1 sreq=250 sapplied=250 crate=250 uimp=-65745 upos=2565 uneg=4055 ball=6.36 vball=27.90 aball=135.6 bref=0.00 pid=250.0 pref=-61.7 ppos=-182.6 apid=0.0 integ=-0.0 vision=1 current=1 vframe=31970 vs=1 vage=31 vpage=31 vdt=33 vmax=266 vacc=31902 vrej=0 seq=0 elapsed=0 oled=3C
[  12311] STATUS mode=3 fault=none enc=-188 denc=1 sreq=250 sapplied=250 crate=250 uimp=-60745 upos=2585 uneg=4055 ball=7.79 vball=32.70 aball=130.0 bref=0.00 pid=250.0 pref=-33.4 ppos=-177.6 apid=0.0 integ=-0.0 vision=1 current=1 vframe=31971 vs=1 vage=18 vpage=18 vdt=33 vmax=266 vacc=31903 vrej=0 seq=0 elapsed=0 oled=3C
[  12343] STATUS mode=3 fault=none enc=-181 denc=2 sreq=250 sapplied=250 crate=250 uimp=-55745 upos=2605 uneg=4055 ball=9.37 vball=36.01 aball=130.0 bref=0.00 pid=250.0 pref=-33.4 ppos=-172.6 apid=0.0 integ=-0.0 vision=1 current=1 vframe=31972 vs=1 vage=1 vpage=1 vdt=37 vmax=266 vacc=31904 vrej=0 seq=0 elapsed=0 oled=3C
[  12375] STATUS mode=3 fault=none enc=-169 denc=2 sreq=250 sapplied=250 crate=250 uimp=-45745 upos=2645 uneg=4055 ball=11.27 vball=42.39 aball=130.0 bref=0.00 pid=250.0 pref=-12.1 ppos=-162.6 apid=0.0 integ=-0.0 vision=1 current=1 vframe=31973 vs=1 vage=1 vpage=1 vdt=40 vmax=266 vacc=31905 vrej=0 seq=0 elapsed=0 oled=3C
[  12406] STATUS mode=3 fault=none enc=-163 denc=1 sreq=250 sapplied=250 crate=250 uimp=-40745 upos=2665 uneg=4055 ball=11.27 vball=42.39 aball=130.0 bref=0.00 pid=250.0 pref=25.5 ppos=-157.6 apid=0.0 integ=-0.0 vision=1 current=1 vframe=31973 vs=1 vage=21 vpage=21 vdt=40 vmax=266 vacc=31905 vrej=0 seq=0 elapsed=0 oled=3C
[  12422] STATUS mode=3 fault=none enc=-149 denc=2 sreq=250 sapplied=250 crate=250 uimp=-30745 upos=2705 uneg=4055 ball=14.30 vball=47.54 aball=129.0 bref=0.00 pid=250.0 pref=60.3 ppos=-147.6 apid=0.0 integ=-0.0 vision=1 current=1 vframe=31975 vs=1 vage=5 vpage=5 vdt=19 vmax=266 vacc=31907 vrej=0 seq=0 elapsed=0 oled=3C
[  12452] STATUS mode=3 fault=none enc=-143 denc=2 sreq=250 sapplied=250 crate=250 uimp=-25745 upos=2725 uneg=4055 ball=14.30 vball=47.54 aball=129.0 bref=0.00 pid=250.0 pref=60.3 ppos=-142.6 apid=0.0 integ=-0.0 vision=1 current=1 vframe=31975 vs=1 vage=25 vpage=25 vdt=19 vmax=266 vacc=31907 vrej=0 seq=0 elapsed=0 oled=3C
[  12483] STATUS mode=3 fault=none enc=-137 denc=2 sreq=250 sapplied=250 crate=250 uimp=-20745 upos=2745 uneg=4055 ball=16.74 vball=52.79 aball=129.0 bref=0.00 pid=250.0 pref=79.7 ppos=-137.6 apid=0.0 integ=-0.0 vision=1 current=1 vframe=31976 vs=1 vage=8 vpage=8 vdt=37 vmax=266 vacc=31908 vrej=0 seq=0 elapsed=0 oled=3C
[  12516] STATUS mode=3 fault=none enc=-125 denc=1 sreq=250 sapplied=250 crate=250 uimp=-10745 upos=2785 uneg=4055 ball=18.90 vball=61.52 aball=129.0 bref=0.00 pid=250.0 pref=79.7 ppos=-127.6 apid=0.0 integ=-0.0 vision=1 current=1 vframe=31977 vs=1 vage=26 vpage=26 vdt=22 vmax=266 vacc=31909 vrej=0 seq=0 elapsed=0 oled=3C
[  12531] STATUS mode=3 fault=none enc=-119 denc=0 sreq=250 sapplied=250 crate=250 uimp=-5745 upos=2805 uneg=4055 ball=21.52 vball=72.47 aball=177.9 bref=0.00 pid=250.0 pref=79.7 ppos=-122.6 apid=0.0 integ=-0.0 vision=1 current=1 vframe=31978 vs=1 vage=18 vpage=18 vdt=28 vmax=266 vacc=31910 vrej=0 seq=0 elapsed=0 oled=3C
[  12561] STATUS mode=3 fault=none enc=-112 denc=1 sreq=250 sapplied=250 crate=250 uimp=-745 upos=2825 uneg=4055 ball=24.34 vball=75.75 aball=177.9 bref=0.00 pid=250.0 pref=79.7 ppos=-117.6 apid=0.0 integ=-0.0 vision=1 current=1 vframe=31979 vs=1 vage=6 vpage=6 vdt=32 vmax=266 vacc=31911 vrej=0 seq=0 elapsed=0 oled=3C
[  12593] STATUS mode=3 fault=none enc=-99 denc=2 sreq=250 sapplied=250 crate=250 uimp=9255 upos=2865 uneg=4055 ball=26.49 vball=73.29 aball=177.9 bref=0.00 pid=250.0 pref=79.7 ppos=-107.6 apid=0.0 integ=-0.0 vision=1 current=1 vframe=31980 vs=1 vage=14 vpage=14 vdt=32 vmax=266 vacc=31912 vrej=0 seq=0 elapsed=0 oled=3C
[  12625] STATUS mode=3 fault=none enc=-93 denc=1 sreq=250 sapplied=250 crate=250 uimp=14255 upos=2885 uneg=4055 ball=26.49 vball=73.29 aball=177.9 bref=0.00 pid=250.0 pref=79.7 ppos=-102.6 apid=0.0 integ=-0.0 vision=1 current=1 vframe=31980 vs=1 vage=34 vpage=34 vdt=32 vmax=266 vacc=31912 vrej=0 seq=0 elapsed=0 oled=3C
[  12641] STATUS mode=3 fault=none enc=-87 denc=1 sreq=250 sapplied=250 crate=250 uimp=19255 upos=2905 uneg=4055 ball=28.77 vball=72.17 aball=96.5 bref=0.00 pid=250.0 pref=79.7 ppos=-97.6 apid=0.0 integ=-0.0 vision=1 current=1 vframe=31981 vs=1 vage=20 vpage=20 vdt=34 vmax=266 vacc=31913 vrej=0 seq=0 elapsed=0 oled=3C
[  12672] STATUS mode=3 fault=none enc=-73 denc=2 sreq=250 sapplied=250 crate=250 uimp=29255 upos=2945 uneg=4055 ball=31.74 vball=77.43 aball=96.5 bref=0.00 pid=250.0 pref=79.7 ppos=-87.6 apid=0.0 integ=-0.0 vision=1 current=1 vframe=31982 vs=1 vage=27 vpage=27 vdt=33 vmax=266 vacc=31914 vrej=0 seq=0 elapsed=0 oled=3C
[  12702] STATUS mode=3 fault=none enc=-67 denc=2 sreq=250 sapplied=250 crate=250 uimp=34255 upos=2965 uneg=4055 ball=34.10 vball=75.52 aball=96.5 bref=0.00 pid=250.0 pref=79.7 ppos=-82.6 apid=0.0 integ=-0.0 vision=1 current=1 vframe=31983 vs=1 vage=14 vpage=14 vdt=33 vmax=266 vacc=31915 vrej=0 seq=0 elapsed=0 oled=3C
[  12733] STATUS mode=3 fault=none enc=-61 denc=1 sreq=250 sapplied=250 crate=250 uimp=39255 upos=2985 uneg=4055 ball=36.78 vball=76.70 aball=96.5 bref=0.00 pid=250.0 pref=79.7 ppos=-77.6 apid=0.0 integ=-0.0 vision=1 current=1 vframe=31984 vs=1 vage=1 vpage=1 vdt=33 vmax=266 vacc=31916 vrej=0 seq=0 elapsed=0 oled=3C
[  12750] STATUS mode=3 fault=none enc=-48 denc=2 sreq=250 sapplied=250 crate=250 uimp=49255 upos=3025 uneg=4055 ball=39.35 vball=76.31 aball=73.7 bref=0.00 pid=250.0 pref=79.7 ppos=-67.6 apid=0.0 integ=-0.0 vision=1 current=1 vframe=31985 vs=1 vage=7 vpage=7 vdt=34 vmax=266 vacc=31917 vrej=0 seq=0 elapsed=0 oled=3C
[  12781] STATUS mode=3 fault=none enc=-42 denc=2 sreq=250 sapplied=250 crate=250 uimp=54255 upos=3045 uneg=4055 ball=39.35 vball=76.31 aball=73.7 bref=0.00 pid=250.0 pref=79.7 ppos=-62.6 apid=0.0 integ=-0.0 vision=1 current=1 vframe=31985 vs=1 vage=27 vpage=27 vdt=34 vmax=266 vacc=31917 vrej=0 seq=0 elapsed=0 oled=3C
[  12811] STATUS mode=3 fault=none enc=-35 denc=2 sreq=250 sapplied=250 crate=250 uimp=59255 upos=3065 uneg=4055 ball=41.80 vball=76.47 aball=73.7 bref=0.00 pid=250.0 pref=79.7 ppos=-57.6 apid=0.0 integ=-0.0 vision=1 current=1 vframe=31986 vs=1 vage=16 vpage=16 vdt=31 vmax=266 vacc=31918 vrej=0 seq=0 elapsed=0 oled=3C
[  12827] STATUS mode=3 fault=none enc=-22 denc=2 sreq=250 sapplied=250 crate=250 uimp=69255 upos=3105 uneg=4055 ball=44.38 vball=76.30 aball=38.7 bref=0.00 pid=250.0 pref=79.7 ppos=-47.6 apid=0.0 integ=-0.0 vision=1 current=1 vframe=31987 vs=1 vage=22 vpage=22 vdt=34 vmax=266 vacc=31919 vrej=0 seq=0 elapsed=0 oled=3C
[  12858] STATUS mode=3 fault=none enc=-16 denc=1 sreq=250 sapplied=250 crate=250 uimp=74255 upos=3125 uneg=4055 ball=46.61 vball=73.67 aball=38.7 bref=0.00 pid=250.0 pref=79.7 ppos=-42.6 apid=0.0 integ=-0.0 vision=1 current=1 vframe=31988 vs=1 vage=9 vpage=9 vdt=33 vmax=266 vacc=31920 vrej=0 seq=0 elapsed=0 oled=3C
[  12891] STATUS mode=3 fault=none enc=-3 denc=2 sreq=250 sapplied=250 crate=250 uimp=84255 upos=3165 uneg=4055 ball=48.72 vball=70.83 aball=38.7 bref=0.00 pid=250.0 pref=79.7 ppos=-32.6 apid=0.0 integ=-0.0 vision=1 current=1 vframe=31989 vs=1 vage=16 vpage=16 vdt=33 vmax=266 vacc=31921 vrej=0 seq=0 elapsed=0 oled=3C
[  12922] STATUS mode=3 fault=none enc=4 denc=3 sreq=250 sapplied=250 crate=250 uimp=89255 upos=3185 uneg=4055 ball=50.96 vball=69.44 aball=38.7 bref=0.00 pid=250.0 pref=79.7 ppos=-27.6 apid=0.0 integ=-0.0 vision=1 current=1 vframe=31990 vs=1 vage=2 vpage=2 vdt=34 vmax=266 vacc=31922 vrej=0 seq=0 elapsed=0 oled=3C
[  12936] STATUS mode=3 fault=none enc=10 denc=2 sreq=250 sapplied=250 crate=250 uimp=94255 upos=3205 uneg=4055 ball=50.96 vball=69.44 aball=-9.6 bref=0.00 pid=250.0 pref=79.7 ppos=-22.6 apid=-0.0 integ=-0.0 vision=1 current=1 vframe=31990 vs=1 vage=22 vpage=22 vdt=34 vmax=266 vacc=31922 vrej=0 seq=0 elapsed=0 oled=3C
[  12968] STATUS mode=3 fault=none enc=23 denc=2 sreq=250 sapplied=250 crate=250 uimp=104255 upos=3245 uneg=4055 ball=53.67 vball=73.25 aball=-9.6 bref=0.00 pid=250.0 pref=79.7 ppos=-12.6 apid=-0.0 integ=-0.0 vision=1 current=1 vframe=31991 vs=1 vage=29 vpage=29 vdt=33 vmax=266 vacc=31923 vrej=0 seq=0 elapsed=0 oled=3C
[  13000] STATUS mode=3 fault=none enc=29 denc=2 sreq=250 sapplied=250 crate=250 uimp=109255 upos=3265 uneg=4055 ball=55.49 vball=67.48 aball=-9.6 bref=0.00 pid=250.0 pref=79.7 ppos=-7.6 apid=-0.0 integ=-0.0 vision=1 current=1 vframe=31992 vs=1 vage=14 vpage=14 vdt=35 vmax=266 vacc=31924 vrej=0 seq=0 elapsed=0 oled=3C
[  13016] STATUS mode=3 fault=none enc=36 denc=2 sreq=250 sapplied=250 crate=250 uimp=114255 upos=3285 uneg=4055 ball=55.49 vball=67.48 aball=-9.6 bref=0.00 pid=250.0 pref=79.7 ppos=-2.6 apid=-0.0 integ=-0.0 vision=1 current=1 vframe=31992 vs=1 vage=34 vpage=34 vdt=35 vmax=266 vacc=31924 vrej=0 seq=0 elapsed=0 oled=3C
[  13047] STATUS mode=3 fault=none enc=49 denc=3 sreq=250 sapplied=250 crate=250 uimp=124255 upos=3325 uneg=4055 ball=59.28 vball=61.44 aball=-25.3 bref=0.00 pid=250.0 pref=79.7 ppos=7.4 apid=-0.0 integ=-0.0 vision=1 current=1 vframe=31994 vs=1 vage=7 vpage=7 vdt=33 vmax=266 vacc=31926 vrej=0 seq=0 elapsed=0 oled=3C
[  13077] STATUS mode=3 fault=none enc=55 denc=1 sreq=250 sapplied=250 crate=250 uimp=129255 upos=3345 uneg=4055 ball=59.28 vball=61.44 aball=-25.3 bref=0.00 pid=250.0 pref=79.7 ppos=12.4 apid=-0.0 integ=-0.0 vision=1 current=1 vframe=31994 vs=1 vage=27 vpage=27 vdt=33 vmax=266 vacc=31926 vrej=0 seq=0 elapsed=0 oled=3C
[  13108] STATUS mode=3 fault=none enc=61 denc=1 sreq=250 sapplied=250 crate=250 uimp=134255 upos=3365 uneg=4055 ball=60.72 vball=55.83 aball=-25.3 bref=0.00 pid=250.0 pref=79.7 ppos=17.4 apid=-0.0 integ=-0.0 vision=1 current=1 vframe=31995 vs=1 vage=14 vpage=14 vdt=33 vmax=266 vacc=31927 vrej=0 seq=0 elapsed=0 oled=3C
[  13125] STATUS mode=3 fault=none enc=74 denc=2 sreq=250 sapplied=250 crate=250 uimp=144255 upos=3405 uneg=4055 ball=62.04 vball=51.11 aball=-76.6 bref=0.00 pid=250.0 pref=79.7 ppos=27.4 apid=-0.0 integ=-0.0 vision=1 current=1 vframe=31996 vs=1 vage=21 vpage=21 vdt=33 vmax=266 vacc=31928 vrej=0 seq=0 elapsed=0 oled=3C
[  13156] STATUS mode=3 fault=none enc=81 denc=2 sreq=250 sapplied=250 crate=250 uimp=149255 upos=3425 uneg=4055 ball=63.41 vball=48.47 aball=-76.6 bref=0.00 pid=250.0 pref=79.7 ppos=32.4 apid=-0.0 integ=-0.0 vision=1 current=1 vframe=31997 vs=1 vage=7 vpage=7 vdt=34 vmax=266 vacc=31929 vrej=0 seq=0 elapsed=0 oled=3C
[  13186] STATUS mode=3 fault=none enc=87 denc=1 sreq=250 sapplied=250 crate=250 uimp=154255 upos=3445 uneg=4055 ball=63.41 vball=48.47 aball=-76.6 bref=0.00 pid=250.0 pref=79.7 ppos=37.4 apid=-0.0 integ=-0.0 vision=1 current=1 vframe=31997 vs=1 vage=27 vpage=27 vdt=34 vmax=266 vacc=31929 vrej=0 seq=0 elapsed=0 oled=3C
[  13218] STATUS mode=3 fault=none enc=101 denc=2 sreq=250 sapplied=250 crate=250 uimp=164255 upos=3485 uneg=4055 ball=65.26 vball=37.79 aball=-76.6 bref=0.00 pid=250.0 pref=79.7 ppos=47.4 apid=-0.0 integ=-0.0 vision=1 current=1 vframe=31999 vs=1 vage=1 vpage=1 vdt=33 vmax=266 vacc=31931 vrej=0 seq=0 elapsed=0 oled=3C
[  13233] STATUS mode=3 fault=none enc=107 denc=2 sreq=250 sapplied=250 crate=250 uimp=169255 upos=3505 uneg=4055 ball=65.26 vball=37.79 aball=-102.1 bref=0.00 pid=250.0 pref=79.7 ppos=52.4 apid=-0.0 integ=-0.0 vision=1 current=1 vframe=31999 vs=1 vage=21 vpage=21 vdt=33 vmax=266 vacc=31931 vrej=0 seq=0 elapsed=0 oled=3C
[  13266] STATUS mode=3 fault=none enc=113 denc=2 sreq=223 sapplied=223 crate=223 uimp=174165 upos=3525 uneg=4055 ball=65.93 vball=32.52 aball=-102.1 bref=0.00 pid=223.4 pref=79.7 ppos=57.4 apid=-0.0 integ=-0.0 vision=1 current=1 vframe=32000 vs=1 vage=7 vpage=7 vdt=34 vmax=266 vacc=31932 vrej=0 seq=0 elapsed=0 oled=3C
[  13297] STATUS mode=3 fault=none enc=123 denc=1 sreq=148 sapplied=148 crate=148 uimp=181685 upos=3565 uneg=4055 ball=66.18 vball=25.18 aball=-102.1 bref=0.00 pid=148.2 pref=79.7 ppos=64.9 apid=-0.0 integ=-0.0 vision=1 current=1 vframe=32001 vs=1 vage=14 vpage=14 vdt=33 vmax=266 vacc=31933 vrej=0 seq=0 elapsed=0 oled=3C
[  13327] STATUS mode=3 fault=none enc=126 denc=0 sreq=121 sapplied=121 crate=121 uimp=184435 upos=3585 uneg=4055 ball=66.50 vball=20.47 aball=-102.1 bref=0.00 pid=120.7 pref=79.7 ppos=67.6 apid=-0.0 integ=-0.0 vision=1 current=1 vframe=32002 vs=1 vage=1 vpage=1 vdt=33 vmax=266 vacc=31934 vrej=0 seq=0 elapsed=0 oled=3C
[  13343] STATUS mode=3 fault=none enc=131 denc=1 sreq=0 sapplied=0 crate=-16 uimp=188495 upos=3625 uneg=4055 ball=66.60 vball=15.30 aball=-134.1 bref=0.00 pid=-156.9 pref=56.0 ppos=9.9 apid=-0.0 integ=-0.0 vision=1 current=1 vframe=32002 vs=1 vage=21 vpage=21 vdt=33 vmax=266 vacc=31934 vrej=0 seq=0 elapsed=0 oled=3C
[  13375] STATUS mode=3 fault=none enc=131 denc=-1 sreq=-142 sapplied=-142 crate=-142 uimp=186965 upos=3625 uneg=4065 ball=66.60 vball=15.30 aball=-134.1 bref=0.00 pid=-141.6 pref=56.0 ppos=70.2 apid=-0.0 integ=-0.0 vision=1 current=1 vframe=32003 vs=1 vage=28 vpage=28 vdt=33 vmax=266 vacc=31935 vrej=0 seq=0 elapsed=0 oled=3C
[  13406] STATUS mode=3 fault=none enc=126 denc=-2 sreq=-250 sapplied=-250 crate=-250 uimp=183155 upos=3625 uneg=4085 ball=66.62 vball=10.99 aball=-134.1 bref=0.00 pid=-250.0 pref=34.5 ppos=66.3 apid=-0.0 integ=-0.0 vision=1 current=1 vframe=32004 vs=1 vage=17 vpage=17 vdt=31 vmax=266 vacc=31936 vrej=0 seq=0 elapsed=0 oled=3C
[  13436] STATUS mode=3 fault=none enc=113 denc=-2 sreq=-250 sapplied=-250 crate=-250 uimp=173155 upos=3625 uneg=4125 ball=66.58 vball=7.35 aball=-134.6 bref=0.00 pid=-250.0 pref=16.2 ppos=56.3 apid=-0.0 integ=-0.0 vision=1 current=1 vframe=32005 vs=1 vage=24 vpage=24 vdt=33 vmax=266 vacc=31937 vrej=0 seq=0 elapsed=0 oled=3C
[  13452] STATUS mode=3 fault=none enc=107 denc=-2 sreq=-250 sapplied=-250 crate=-250 uimp=168155 upos=3625 uneg=4145 ball=66.17 vball=1.40 aball=-134.6 bref=0.00 pid=-250.0 pref=-14.8 ppos=51.3 apid=-0.0 integ=-0.0 vision=1 current=1 vframe=32006 vs=1 vage=11 vpage=11 vdt=33 vmax=266 vacc=31938 vrej=0 seq=0 elapsed=0 oled=3C
[  13483] STATUS mode=3 fault=none enc=101 denc=-1 sreq=-250 sapplied=-250 crate=-250 uimp=163155 upos=3625 uneg=4165 ball=66.17 vball=1.40 aball=-134.6 bref=0.00 pid=-250.0 pref=-14.8 ppos=46.3 apid=-0.0 integ=-0.0 vision=1 current=1 vframe=32006 vs=1 vage=31 vpage=31 vdt=33 vmax=266 vacc=31938 vrej=0 seq=0 elapsed=0 oled=3C
[  13516] STATUS mode=3 fault=none enc=87 denc=-2 sreq=-250 sapplied=-250 crate=-250 uimp=153155 upos=3625 uneg=4205 ball=64.22 vball=-14.00 aball=-134.6 bref=0.00 pid=-250.0 pref=-58.0 ppos=36.3 apid=-0.0 integ=-0.0 vision=1 current=1 vframe=32008 vs=1 vage=2 vpage=2 vdt=35 vmax=266 vacc=31940 vrej=0 seq=0 elapsed=0 oled=3C
[  13547] STATUS mode=3 fault=none enc=81 denc=-1 sreq=-250 sapplied=-250 crate=-250 uimp=148155 upos=3625 uneg=4225 ball=64.22 vball=-14.00 aball=-168.2 bref=0.00 pid=-250.0 pref=-97.6 ppos=31.3 apid=-0.0 integ=-0.0 vision=1 current=1 vframe=32008 vs=1 vage=22 vpage=22 vdt=35 vmax=266 vacc=31940 vrej=0 seq=0 elapsed=0 oled=3C
[  13561] STATUS mode=3 fault=none enc=67 denc=-2 sreq=-250 sapplied=-250 crate=-250 uimp=138155 upos=3625 uneg=4265 ball=63.05 vball=-20.62 aball=-168.2 bref=0.00 pid=-250.0 pref=-134.3 ppos=21.3 apid=-0.0 integ=-0.0 vision=1 current=1 vframe=32009 vs=1 vage=30 vpage=30 vdt=32 vmax=266 vacc=31941 vrej=0 seq=0 elapsed=0 oled=3C
[  13593] STATUS mode=3 fault=none enc=61 denc=-2 sreq=-250 sapplied=-250 crate=-250 uimp=133155 upos=3625 uneg=4285 ball=61.68 vball=-26.74 aball=-168.2 bref=0.00 pid=-250.0 pref=-169.0 ppos=16.3 apid=-0.0 integ=-0.0 vision=1 current=1 vframe=32010 vs=1 vage=17 vpage=17 vdt=33 vmax=266 vacc=31942 vrej=0 seq=0 elapsed=0 oled=3C
[  13625] STATUS mode=3 fault=none enc=55 denc=-2 sreq=-250 sapplied=-250 crate=-250 uimp=128155 upos=3625 uneg=4305 ball=60.13 vball=-32.34 aball=-168.2 bref=0.00 pid=-250.0 pref=-169.0 ppos=11.3 apid=-0.0 integ=-0.0 vision=1 current=1 vframe=32011 vs=1 vage=4 vpage=4 vdt=33 vmax=266 vacc=31943 vrej=0 seq=0 elapsed=0 oled=3C
[  13656] STATUS mode=3 fault=none enc=41 denc=-3 sreq=-250 sapplied=-250 crate=-250 uimp=118155 upos=3625 uneg=4345 ball=58.53 vball=-37.01 aball=-176.7 bref=0.00 pid=-250.0 pref=-229.8 ppos=1.3 apid=-0.0 integ=-0.0 vision=1 current=1 vframe=32012 vs=1 vage=11 vpage=11 vdt=33 vmax=266 vacc=31944 vrej=0 seq=0 elapsed=0 oled=3C
[  13686] STATUS mode=3 fault=none enc=35 denc=-2 sreq=-250 sapplied=-250 crate=-250 uimp=113155 upos=3625 uneg=4365 ball=58.53 vball=-37.01 aball=-176.7 bref=0.00 pid=-250.0 pref=-229.8 ppos=-3.7 apid=-0.0 integ=-0.0 vision=1 current=1 vframe=32012 vs=1 vage=31 vpage=31 vdt=33 vmax=266 vacc=31944 vrej=0 seq=0 elapsed=0 oled=3C
[  13702] STATUS mode=3 fault=none enc=23 denc=-1 sreq=-250 sapplied=-250 crate=-250 uimp=103155 upos=3625 uneg=4405 ball=55.39 vball=-42.03 aball=-176.7 bref=0.00 pid=-250.0 pref=-242.6 ppos=-8.7 apid=-0.0 integ=-0.0 vision=1 current=1 vframe=32013 vs=1 vage=17 vpage=17 vdt=34 vmax=266 vacc=31945 vrej=0 seq=0 elapsed=0 oled=3C
[  13733] STATUS mode=3 fault=none enc=16 denc=-2 sreq=-250 sapplied=-250 crate=-250 uimp=98155 upos=3625 uneg=4425 ball=55.39 vball=-42.03 aball=-140.4 bref=0.00 pid=-250.0 pref=-264.3 ppos=-18.7 apid=-0.0 integ=-0.0 vision=1 current=1 vframe=32014 vs=1 vage=23 vpage=23 vdt=34 vmax=266 vacc=31946 vrej=0 seq=0 elapsed=0 oled=3C
[  13766] STATUS mode=3 fault=none enc=10 denc=-1 sreq=-250 sapplied=-250 crate=-250 uimp=93155 upos=3625 uneg=4445 ball=53.21 vball=-49.65 aball=-140.4 bref=0.00 pid=-250.0 pref=-308.9 ppos=-23.7 apid=-0.0 integ=-0.0 vision=1 current=1 vframe=32015 vs=1 vage=11 vpage=11 vdt=32 vmax=266 vacc=31947 vrej=0 seq=0 elapsed=0 oled=3C
[  13797] STATUS mode=3 fault=none enc=-4 denc=-2 sreq=-250 sapplied=-250 crate=-250 uimp=83155 upos=3625 uneg=4485 ball=51.27 vball=-52.17 aball=-140.4 bref=0.00 pid=-250.0 pref=-327.3 ppos=-33.7 apid=-0.0 integ=-0.0 vision=1 current=1 vframe=32016 vs=1 vage=16 vpage=16 vdt=35 vmax=266 vacc=31948 vrej=0 seq=0 elapsed=0 oled=3C
[  13827] STATUS mode=3 fault=none enc=-10 denc=-2 sreq=-250 sapplied=-250 crate=-250 uimp=78155 upos=3625 uneg=4505 ball=49.14 vball=-55.06 aball=-140.4 bref=0.00 pid=-250.0 pref=-327.3 ppos=-38.7 apid=-0.0 integ=-0.0 vision=1 current=1 vframe=32017 vs=1 vage=4 vpage=4 vdt=32 vmax=266 vacc=31949 vrej=0 seq=0 elapsed=0 oled=3C
[  13843] STATUS mode=3 fault=none enc=-17 denc=-2 sreq=-250 sapplied=-250 crate=-250 uimp=73155 upos=3625 uneg=4525 ball=49.14 vball=-55.06 aball=-136.4 bref=0.00 pid=-250.0 pref=-348.2 ppos=-43.7 apid=-0.0 integ=-0.0 vision=1 current=1 vframe=32017 vs=1 vage=24 vpage=24 vdt=32 vmax=266 vacc=31949 vrej=0 seq=0 elapsed=0 oled=3C
[  13875] STATUS mode=3 fault=none enc=-29 denc=-1 sreq=-250 sapplied=-250 crate=-250 uimp=63155 upos=3625 uneg=4565 ball=47.01 vball=-57.83 aball=-136.4 bref=0.00 pid=-250.0 pref=-368.4 ppos=-53.7 apid=-0.0 integ=-0.0 vision=1 current=1 vframe=32018 vs=1 vage=30 vpage=30 vdt=34 vmax=266 vacc=31950 vrej=0 seq=0 elapsed=0 oled=3C
[  13906] STATUS mode=3 fault=none enc=-36 denc=-2 sreq=-250 sapplied=-250 crate=-250 uimp=58155 upos=3625 uneg=4585 ball=45.03 vball=-58.59 aball=-136.4 bref=0.00 pid=-250.0 pref=-378.2 ppos=-58.7 apid=-0.0 integ=-0.0 vision=1 current=1 vframe=32019 vs=1 vage=17 vpage=17 vdt=33 vmax=266 vacc=31951 vrej=0 seq=0 elapsed=0 oled=3C
[  13936] STATUS mode=3 fault=none enc=-49 denc=-2 sreq=-250 sapplied=-250 crate=-250 uimp=48155 upos=3625 uneg=4625 ball=43.07 vball=-58.80 aball=-91.9 bref=0.00 pid=-250.0 pref=-385.1 ppos=-68.7 apid=-0.0 integ=-0.0 vision=1 current=1 vframe=32020 vs=1 vage=24 vpage=24 vdt=33 vmax=266 vacc=31952 vrej=0 seq=0 elapsed=0 oled=3C
[  13952] STATUS mode=3 fault=none enc=-55 denc=-1 sreq=-250 sapplied=-250 crate=-250 uimp=43155 upos=3625 uneg=4645 ball=41.19 vball=-58.13 aball=-91.9 bref=0.00 pid=-250.0 pref=-387.4 ppos=-73.7 apid=-0.0 integ=-0.0 vision=1 current=1 vframe=32021 vs=1 vage=8 vpage=8 vdt=36 vmax=266 vacc=31953 vrej=0 seq=0 elapsed=0 oled=3C
[  13983] STATUS mode=3 fault=none enc=-61 denc=-2 sreq=-250 sapplied=-250 crate=-250 uimp=38155 upos=3625 uneg=4665 ball=41.19 vball=-58.13 aball=-91.9 bref=0.00 pid=-250.0 pref=-387.4 ppos=-78.7 apid=-0.0 integ=-0.0 vision=1 current=1 vframe=32021 vs=1 vage=28 vpage=28 vdt=36 vmax=266 vacc=31953 vrej=0 seq=0 elapsed=0 oled=3C
[  14016] STATUS mode=3 fault=none enc=-74 denc=-1 sreq=-250 sapplied=-250 crate=-250 uimp=28155 upos=3625 uneg=4705 ball=36.96 vball=-60.63 aball=-91.9 bref=0.00 pid=-250.0 pref=-407.3 ppos=-88.7 apid=-0.0 integ=-0.0 vision=1 current=1 vframe=32023 vs=1 vage=2 vpage=2 vdt=35 vmax=266 vacc=31955 vrej=0 seq=0 elapsed=0 oled=3C
[  14047] STATUS mode=3 fault=none enc=-81 denc=-2 sreq=-250 sapplied=-250 crate=-250 uimp=23155 upos=3625 uneg=4725 ball=36.96 vball=-60.63 aball=-58.6 bref=0.00 pid=-250.0 pref=-412.6 ppos=-93.7 apid=-0.0 integ=-0.0 vision=1 current=1 vframe=32023 vs=1 vage=22 vpage=22 vdt=35 vmax=266 vacc=31955 vrej=0 seq=0 elapsed=0 oled=3C
[  14077] STATUS mode=3 fault=none enc=-94 denc=-2 sreq=-250 sapplied=-250 crate=-250 uimp=13155 upos=3625 uneg=4765 ball=35.20 vball=-58.24 aball=-58.6 bref=0.00 pid=-250.0 pref=-405.9 ppos=-103.7 apid=-0.0 integ=-0.0 vision=1 current=1 vframe=32024 vs=1 vage=28 vpage=28 vdt=34 vmax=266 vacc=31956 vrej=0 seq=0 elapsed=0 oled=3C
[  14093] STATUS mode=3 fault=none enc=-100 denc=-2 sreq=-250 sapplied=-250 crate=-250 uimp=8155 upos=3625 uneg=4785 ball=32.79 vball=-62.03 aball=-58.6 bref=0.00 pid=-250.0 pref=-432.1 ppos=-108.7 apid=-0.0 integ=-0.0 vision=1 current=1 vframe=32025 vs=1 vage=14 vpage=14 vdt=34 vmax=266 vacc=31957 vrej=0 seq=0 elapsed=0 oled=3C
[  14125] STATUS mode=3 fault=none enc=-106 denc=-2 sreq=-250 sapplied=-250 crate=-250 uimp=3155 upos=3625 uneg=4805 ball=30.80 vball=-61.50 aball=-58.6 bref=0.00 pid=-250.0 pref=-432.1 ppos=-113.7 apid=-0.0 integ=-0.0 vision=1 current=1 vframe=32026 vs=1 vage=1 vpage=1 vdt=33 vmax=266 vacc=31958 vrej=0 seq=0 elapsed=0 oled=3C
[  14156] STATUS mode=3 fault=none enc=-119 denc=-2 sreq=-250 sapplied=-250 crate=-250 uimp=-6845 upos=3625 uneg=4845 ball=28.61 vball=-62.95 aball=-36.1 bref=0.00 pid=-250.0 pref=-449.2 ppos=-123.7 apid=-0.0 integ=-0.0 vision=1 current=1 vframe=32027 vs=1 vage=8 vpage=8 vdt=33 vmax=266 vacc=31959 vrej=0 seq=0 elapsed=0 oled=3C
[  14186] STATUS mode=3 fault=none enc=-125 denc=-1 sreq=-250 sapplied=-250 crate=-250 uimp=-11845 upos=3625 uneg=4865 ball=28.61 vball=-62.95 aball=-36.1 bref=0.00 pid=-250.0 pref=-449.2 ppos=-128.7 apid=-0.0 integ=-0.0 vision=1 current=1 vframe=32027 vs=1 vage=28 vpage=28 vdt=33 vmax=266 vacc=31959 vrej=0 seq=0 elapsed=0 oled=3C
[  14218] STATUS mode=3 fault=none enc=-138 denc=-2 sreq=-250 sapplied=-250 crate=-250 uimp=-21845 upos=3625 uneg=4905 ball=25.24 vball=-57.04 aball=-36.1 bref=0.00 pid=-250.0 pref=-443.2 ppos=-138.7 apid=-0.0 integ=-0.0 vision=1 current=1 vframe=32029 vs=1 vage=3 vpage=3 vdt=33 vmax=266 vacc=31961 vrej=0 seq=0 elapsed=0 oled=3C
[  14233] STATUS mode=3 fault=none enc=-143 denc=-1 sreq=-250 sapplied=-250 crate=-250 uimp=-26845 upos=3625 uneg=4925 ball=25.24 vball=-57.04 aball=0.6 bref=0.00 pid=-250.0 pref=-429.8 ppos=-143.7 apid=0.0 integ=-0.0 vision=1 current=1 vframe=32029 vs=1 vage=23 vpage=23 vdt=33 vmax=266 vacc=31961 vrej=0 seq=0 elapsed=0 oled=3C
[  14266] STATUS mode=3 fault=none enc=-150 denc=-2 sreq=-250 sapplied=-250 crate=-250 uimp=-31845 upos=3625 uneg=4945 ball=23.80 vball=-52.68 aball=0.6 bref=0.00 pid=-250.0 pref=-412.3 ppos=-148.7 apid=0.0 integ=-0.0 vision=1 current=1 vframe=32030 vs=1 vage=9 vpage=9 vdt=34 vmax=266 vacc=31962 vrej=0 seq=0 elapsed=0 oled=3C
[  14297] STATUS mode=3 fault=none enc=-163 denc=-2 sreq=-250 sapplied=-250 crate=-250 uimp=-41845 upos=3625 uneg=4985 ball=22.05 vball=-52.83 aball=0.6 bref=0.00 pid=-250.0 pref=-418.3 ppos=-158.7 apid=0.0 integ=-0.0 vision=1 current=1 vframe=32031 vs=1 vage=14 vpage=14 vdt=35 vmax=266 vacc=31963 vrej=0 seq=0 elapsed=0 oled=3C
[  14327] STATUS mode=3 fault=none enc=-169 denc=-1 sreq=-250 sapplied=-250 crate=-250 uimp=-46845 upos=3625 uneg=5005 ball=20.50 vball=-51.43 aball=0.6 bref=0.00 pid=-250.0 pref=-418.3 ppos=-163.7 apid=0.0 integ=-0.0 vision=1 current=1 vframe=32032 vs=1 vage=3 vpage=3 vdt=31 vmax=266 vacc=31964 vrej=0 seq=0 elapsed=0 oled=3C
[  14343] STATUS mode=3 fault=none enc=-181 denc=-2 sreq=-250 sapplied=-250 crate=-250 uimp=-56845 upos=3625 uneg=5045 ball=19.20 vball=-47.35 aball=25.6 bref=0.00 pid=-250.0 pref=-399.5 ppos=-173.7 apid=0.0 integ=-0.0 vision=1 current=1 vframe=32033 vs=1 vage=7 vpage=7 vdt=36 vmax=266 vacc=31965 vrej=0 seq=0 elapsed=0 oled=3C
[  14375] STATUS mode=3 fault=none enc=-188 denc=-2 sreq=-250 sapplied=-250 crate=-250 uimp=-61845 upos=3625 uneg=5065 ball=19.20 vball=-47.35 aball=25.6 bref=0.00 pid=-250.0 pref=-399.5 ppos=-178.7 apid=0.0 integ=-0.0 vision=1 current=1 vframe=32033 vs=1 vage=27 vpage=27 vdt=36 vmax=266 vacc=31965 vrej=0 seq=0 elapsed=0 oled=3C
[  14406] STATUS mode=3 fault=none enc=-194 denc=-2 sreq=-250 sapplied=-250 crate=-250 uimp=-66845 upos=3625 uneg=5085 ball=18.25 vball=-41.88 aball=25.6 bref=0.00 pid=-250.0 pref=-375.0 ppos=-183.7 apid=0.0 integ=-0.0 vision=1 current=1 vframe=32034 vs=1 vage=14 vpage=14 vdt=33 vmax=266 vacc=31966 vrej=0 seq=0 elapsed=0 oled=3C
[  14436] STATUS mode=3 fault=none enc=-207 denc=-2 sreq=-250 sapplied=-250 crate=-250 uimp=-76845 upos=3625 uneg=5125 ball=17.08 vball=-39.76 aball=65.6 bref=0.00 pid=-250.0 pref=-367.9 ppos=-193.7 apid=0.0 integ=-0.0 vision=1 current=1 vframe=32035 vs=1 vage=21 vpage=21 vdt=33 vmax=266 vacc=31967 vrej=0 seq=0 elapsed=0 oled=3C
[  14468] STATUS mode=3 fault=none enc=-213 denc=-2 sreq=-250 sapplied=-250 crate=-250 uimp=-81845 upos=3625 uneg=5145 ball=15.97 vball=-37.93 aball=65.6 bref=0.00 pid=-250.0 pref=-362.0 ppos=-198.7 apid=0.0 integ=-0.0 vision=1 current=1 vframe=32036 vs=1 vage=8 vpage=8 vdt=33 vmax=266 vacc=31968 vrej=0 seq=0 elapsed=0 oled=3C
[  14483] STATUS mode=3 fault=none enc=-225 denc=-2 sreq=-250 sapplied=-250 crate=-250 uimp=-91845 upos=3625 uneg=5185 ball=15.62 vball=-29.70 aball=65.6 bref=0.00 pid=-250.0 pref=-321.9 ppos=-208.7 apid=0.0 integ=-0.0 vision=1 current=1 vframe=32037 vs=1 vage=14 vpage=14 vdt=34 vmax=266 vacc=31969 vrej=0 seq=0 elapsed=0 oled=3C
[  14516] STATUS mode=3 fault=none enc=-231 denc=-2 sreq=-250 sapplied=-250 crate=-250 uimp=-96845 upos=3625 uneg=5205 ball=15.25 vball=-24.07 aball=65.6 bref=0.00 pid=-250.0 pref=-321.9 ppos=-213.7 apid=0.0 integ=-0.0 vision=1 current=1 vframe=32038 vs=1 vage=1 vpage=1 vdt=33 vmax=266 vacc=31970 vrej=0 seq=0 elapsed=0 oled=3C
[  14547] STATUS mode=3 fault=none enc=-237 denc=-2 sreq=-250 sapplied=-250 crate=-250 uimp=-101845 upos=3625 uneg=5225 ball=15.25 vball=-24.07 aball=106.7 bref=0.00 pid=-250.0 pref=-294.9 ppos=-218.7 apid=0.0 integ=-0.0 vision=1 current=1 vframe=32038 vs=1 vage=21 vpage=21 vdt=33 vmax=266 vacc=31970 vrej=0 seq=0 elapsed=0 oled=3C
[  14577] STATUS mode=3 fault=none enc=-250 denc=-1 sreq=-250 sapplied=-250 crate=-250 uimp=-111845 upos=3625 uneg=5265 ball=14.83 vball=-20.63 aball=106.7 bref=0.00 pid=-250.0 pref=-279.0 ppos=-228.7 apid=0.0 integ=-0.0 vision=1 current=1 vframe=32039 vs=1 vage=28 vpage=28 vdt=33 vmax=266 vacc=31971 vrej=0 seq=0 elapsed=0 oled=3C
[  14608] STATUS mode=3 fault=none enc=-256 denc=-1 sreq=-250 sapplied=-250 crate=-250 uimp=-116845 upos=3625 uneg=5285 ball=14.55 vball=-16.98 aball=106.7 bref=0.00 pid=-250.0 pref=-261.6 ppos=-233.7 apid=0.0 integ=-0.0 vision=1 current=1 vframe=32040 vs=1 vage=14 vpage=14 vdt=34 vmax=266 vacc=31972 vrej=0 seq=0 elapsed=0 oled=3C
[  14625] STATUS mode=3 fault=none enc=-265 denc=-1 sreq=25 sapplied=25 crate=25 uimp=-123735 upos=3625 uneg=5320 ball=14.52 vball=-12.26 aball=111.8 bref=0.00 pid=25.0 pref=-238.0 ppos=-240.5 apid=0.0 integ=-0.0 vision=1 current=1 vframe=32041 vs=1 vage=21 vpage=21 vdt=33 vmax=266 vacc=31973 vrej=0 seq=0 elapsed=0 oled=3C
[  14656] STATUS mode=3 fault=none enc=-265 denc=0 sreq=121 sapplied=121 crate=121 uimp=-123270 upos=3645 uneg=5320 ball=14.68 vball=-7.20 aball=111.8 bref=0.00 pid=250.0 pref=-212.3 ppos=-240.1 apid=0.0 integ=-0.0 vision=1 current=1 vframe=32042 vs=1 vage=8 vpage=8 vdt=33 vmax=266 vacc=31974 vrej=0 seq=0 elapsed=0 oled=3C
[  14686] STATUS mode=3 fault=none enc=-262 denc=2 sreq=236 sapplied=236 crate=236 uimp=-119065 upos=3665 uneg=5320 ball=14.68 vball=-7.20 aball=111.8 bref=0.00 pid=236.1 pref=-212.3 ppos=-235.9 apid=0.0 integ=-0.0 vision=1 current=1 vframe=32042 vs=1 vage=28 vpage=28 vdt=33 vmax=266 vacc=31974 vrej=0 seq=0 elapsed=0 oled=3C
[  14718] STATUS mode=3 fault=none enc=-251 denc=1 sreq=250 sapplied=250 crate=250 uimp=-109450 upos=3705 uneg=5320 ball=15.41 vball=2.01 aball=111.8 bref=0.00 pid=250.0 pref=-183.6 ppos=-226.3 apid=0.0 integ=-0.0 vision=1 current=1 vframe=32044 vs=1 vage=1 vpage=1 vdt=33 vmax=266 vacc=31976 vrej=0 seq=0 elapsed=0 oled=3C
[  14733] STATUS mode=3 fault=none enc=-244 denc=2 sreq=250 sapplied=250 crate=250 uimp=-104450 upos=3725 uneg=5320 ball=15.41 vball=2.01 aball=125.7 bref=0.00 pid=250.0 pref=-164.0 ppos=-221.3 apid=0.0 integ=-0.0 vision=1 current=1 vframe=32044 vs=1 vage=21 vpage=21 vdt=33 vmax=266 vacc=31976 vrej=0 seq=0 elapsed=0 oled=3C
[  14766] STATUS mode=3 fault=none enc=-238 denc=1 sreq=250 sapplied=250 crate=250 uimp=-99450 upos=3745 uneg=5320 ball=16.48 vball=10.90 aball=125.7 bref=0.00 pid=250.0 pref=-116.4 ppos=-216.3 apid=0.0 integ=-0.0 vision=1 current=1 vframe=32045 vs=1 vage=8 vpage=8 vdt=33 vmax=266 vacc=31977 vrej=0 seq=0 elapsed=0 oled=3C
[  14797] STATUS mode=3 fault=none enc=-225 denc=1 sreq=250 sapplied=250 crate=250 uimp=-89450 upos=3785 uneg=5320 ball=17.73 vball=18.61 aball=125.7 bref=0.00 pid=250.0 pref=-74.1 ppos=-206.3 apid=0.0 integ=-0.0 vision=1 current=1 vframe=32046 vs=1 vage=15 vpage=15 vdt=33 vmax=266 vacc=31978 vrej=0 seq=0 elapsed=0 oled=3C
[  14827] STATUS mode=3 fault=none enc=-219 denc=1 sreq=250 sapplied=250 crate=250 uimp=-84450 upos=3805 uneg=5320 ball=18.56 vball=20.96 aball=125.7 bref=0.00 pid=250.0 pref=-74.1 ppos=-201.3 apid=0.0 integ=-0.0 vision=1 current=1 vframe=32047 vs=1 vage=3 vpage=3 vdt=32 vmax=266 vacc=31979 vrej=0 seq=0 elapsed=0 oled=3C
[  14843] STATUS mode=3 fault=none enc=-207 denc=1 sreq=250 sapplied=250 crate=250 uimp=-74450 upos=3845 uneg=5320 ball=19.74 vball=24.97 aball=156.2 bref=0.00 pid=250.0 pref=-36.2 ppos=-191.3 apid=0.0 integ=-0.0 vision=1 current=1 vframe=32047 vs=1 vage=23 vpage=23 vdt=32 vmax=266 vacc=31979 vrej=0 seq=0 elapsed=0 oled=3C
[  14875] STATUS mode=3 fault=none enc=-200 denc=2 sreq=250 sapplied=250 crate=250 uimp=-69450 upos=3865 uneg=5320 ball=19.74 vball=24.97 aball=156.2 bref=0.00 pid=250.0 pref=-36.2 ppos=-186.3 apid=0.0 integ=-0.0 vision=1 current=1 vframe=32048 vs=1 vage=29 vpage=29 vdt=34 vmax=266 vacc=31980 vrej=0 seq=0 elapsed=0 oled=3C
[  14906] STATUS mode=3 fault=none enc=-194 denc=1 sreq=250 sapplied=250 crate=250 uimp=-64450 upos=3885 uneg=5320 ball=21.09 vball=29.68 aball=156.2 bref=0.00 pid=250.0 pref=-8.6 ppos=-181.3 apid=0.0 integ=-0.0 vision=1 current=1 vframe=32049 vs=1 vage=16 vpage=16 vdt=33 vmax=266 vacc=31981 vrej=0 seq=0 elapsed=0 oled=3C
[  14936] STATUS mode=3 fault=none enc=-181 denc=2 sreq=250 sapplied=250 crate=250 uimp=-54450 upos=3925 uneg=5320 ball=22.79 vball=36.04 aball=153.1 bref=0.00 pid=250.0 pref=28.3 ppos=-171.3 apid=0.0 integ=-0.0 vision=1 current=1 vframe=32050 vs=1 vage=22 vpage=22 vdt=34 vmax=266 vacc=31982 vrej=0 seq=0 elapsed=0 oled=3C
[  14952] STATUS mode=3 fault=none enc=-176 denc=0 sreq=250 sapplied=250 crate=250 uimp=-49450 upos=3945 uneg=5320 ball=24.58 vball=40.94 aball=153.1 bref=0.00 pid=250.0 pref=58.1 ppos=-166.3 apid=0.0 integ=-0.0 vision=1 current=1 vframe=32051 vs=1 vage=9 vpage=9 vdt=33 vmax=266 vacc=31983 vrej=0 seq=0 elapsed=0 oled=3C
[  14983] STATUS mode=3 fault=none enc=-169 denc=2 sreq=250 sapplied=250 crate=250 uimp=-44450 upos=3965 uneg=5320 ball=24.58 vball=40.94 aball=153.1 bref=0.00 pid=250.0 pref=58.1 ppos=-161.3 apid=0.0 integ=-0.0 vision=1 current=1 vframe=32051 vs=1 vage=29 vpage=29 vdt=33 vmax=266 vacc=31983 vrej=0 seq=0 elapsed=0 oled=3C
[  15016] STATUS mode=3 fault=none enc=-155 denc=3 sreq=250 sapplied=250 crate=250 uimp=-34450 upos=4005 uneg=5320 ball=28.39 vball=48.90 aball=153.1 bref=0.00 pid=250.0 pref=79.7 ppos=-151.3 apid=0.0 integ=-0.0 vision=1 current=1 vframe=32053 vs=1 vage=3 vpage=3 vdt=32 vmax=266 vacc=31985 vrej=0 seq=0 elapsed=0 oled=3C
[  15047] STATUS mode=3 fault=none enc=-149 denc=2 sreq=250 sapplied=250 crate=250 uimp=-29450 upos=4025 uneg=5320 ball=28.39 vball=48.90 aball=142.6 bref=0.00 pid=250.0 pref=79.7 ppos=-146.3 apid=0.0 integ=-0.0 vision=1 current=1 vframe=32053 vs=1 vage=23 vpage=23 vdt=32 vmax=266 vacc=31985 vrej=0 seq=0 elapsed=0 oled=3C
[  15061] STATUS mode=3 fault=none enc=-143 denc=2 sreq=250 sapplied=250 crate=250 uimp=-24450 upos=4045 uneg=5320 ball=30.66 vball=53.96 aball=142.6 bref=0.00 pid=250.0 pref=79.7 ppos=-141.3 apid=0.0 integ=-0.0 vision=1 current=1 vframe=32054 vs=1 vage=9 vpage=9 vdt=34 vmax=266 vacc=31986 vrej=0 seq=0 elapsed=0 oled=3C
[  15093] STATUS mode=3 fault=none enc=-131 denc=2 sreq=250 sapplied=250 crate=250 uimp=-14450 upos=4085 uneg=5320 ball=32.71 vball=56.59 aball=142.6 bref=0.00 pid=250.0 pref=79.7 ppos=-131.3 apid=0.0 integ=-0.0 vision=1 current=1 vframe=32055 vs=1 vage=16 vpage=16 vdt=33 vmax=266 vacc=31987 vrej=0 seq=0 elapsed=0 oled=3C
[  15125] STATUS mode=3 fault=none enc=-125 denc=1 sreq=250 sapplied=250 crate=250 uimp=-9450 upos=4105 uneg=5320 ball=34.64 vball=57.13 aball=142.6 bref=0.00 pid=250.0 pref=79.7 ppos=-126.3 apid=0.0 integ=-0.0 vision=1 current=1 vframe=32056 vs=1 vage=2 vpage=2 vdt=34 vmax=266 vacc=31988 vrej=0 seq=0 elapsed=0 oled=3C
[  15156] STATUS mode=3 fault=none enc=-111 denc=2 sreq=250 sapplied=250 crate=250 uimp=550 upos=4145 uneg=5320 ball=37.29 vball=63.49 aball=115.1 bref=0.00 pid=250.0 pref=79.7 ppos=-116.3 apid=0.0 integ=-0.0 vision=1 current=1 vframe=32057 vs=1 vage=9 vpage=9 vdt=33 vmax=266 vacc=31989 vrej=0 seq=0 elapsed=0 oled=3C
[  15172] STATUS mode=3 fault=none enc=-105 denc=2 sreq=250 sapplied=250 crate=250 uimp=5550 upos=4165 uneg=5320 ball=37.29 vball=63.49 aball=115.1 bref=0.00 pid=250.0 pref=79.7 ppos=-111.3 apid=0.0 integ=-0.0 vision=1 current=1 vframe=32057 vs=1 vage=29 vpage=29 vdt=33 vmax=266 vacc=31989 vrej=0 seq=0 elapsed=0 oled=3C
[  15202] STATUS mode=3 fault=none enc=-99 denc=2 sreq=250 sapplied=250 crate=250 uimp=10550 upos=4185 uneg=5320 ball=39.13 vball=61.10 aball=115.1 bref=0.00 pid=250.0 pref=79.7 ppos=-106.3 apid=0.0 integ=-0.0 vision=1 current=1 vframe=32058 vs=1 vage=15 vpage=15 vdt=34 vmax=266 vacc=31990 vrej=0 seq=0 elapsed=0 oled=3C
[  15233] STATUS mode=3 fault=none enc=-87 denc=1 sreq=250 sapplied=250 crate=250 uimp=20550 upos=4225 uneg=5320 ball=41.70 vball=65.80 aball=102.3 bref=0.00 pid=250.0 pref=79.7 ppos=-96.3 apid=0.0 integ=-0.0 vision=1 current=1 vframe=32059 vs=1 vage=22 vpage=22 vdt=33 vmax=266 vacc=31991 vrej=0 seq=0 elapsed=0 oled=3C
[  15266] STATUS mode=3 fault=none enc=-80 denc=2 sreq=250 sapplied=250 crate=250 uimp=25550 upos=4245 uneg=5320 ball=44.20 vball=68.52 aball=102.3 bref=0.00 pid=250.0 pref=79.7 ppos=-91.3 apid=0.0 integ=-0.0 vision=1 current=1 vframe=32060 vs=1 vage=7 vpage=7 vdt=35 vmax=266 vacc=31992 vrej=0 seq=0 elapsed=0 oled=3C
[  15281] STATUS mode=3 fault=none enc=-73 denc=2 sreq=250 sapplied=250 crate=250 uimp=30550 upos=4265 uneg=5320 ball=44.20 vball=68.52 aball=102.3 bref=0.00 pid=250.0 pref=79.7 ppos=-86.3 apid=0.0 integ=-0.0 vision=1 current=1 vframe=32060 vs=1 vage=27 vpage=27 vdt=35 vmax=266 vacc=31992 vrej=0 seq=0 elapsed=0 oled=3C
[  15311] STATUS mode=3 fault=none enc=-61 denc=1 sreq=250 sapplied=250 crate=250 uimp=40550 upos=4305 uneg=5320 ball=48.96 vball=70.99 aball=102.3 bref=0.00 pid=250.0 pref=79.7 ppos=-76.3 apid=0.0 integ=-0.0 vision=1 current=1 vframe=32062 vs=1 vage=2 vpage=2 vdt=34 vmax=266 vacc=31994 vrej=0 seq=0 elapsed=0 oled=3C
[  15343] STATUS mode=3 fault=none enc=-54 denc=2 sreq=250 sapplied=250 crate=250 uimp=45550 upos=4325 uneg=5320 ball=48.96 vball=70.99 aball=79.6 bref=0.00 pid=250.0 pref=79.7 ppos=-71.3 apid=0.0 integ=-0.0 vision=1 current=1 vframe=32062 vs=1 vage=22 vpage=22 vdt=34 vmax=266 vacc=31994 vrej=0 seq=0 elapsed=0 oled=3C
[  15358] STATUS mode=3 fault=none enc=-48 denc=2 sreq=250 sapplied=250 crate=250 uimp=50550 upos=4345 uneg=5320 ball=50.98 vball=68.08 aball=79.6 bref=0.00 pid=250.0 pref=79.7 ppos=-66.3 apid=0.0 integ=-0.0 vision=1 current=1 vframe=32063 vs=1 vage=9 vpage=9 vdt=33 vmax=266 vacc=31995 vrej=0 seq=0 elapsed=0 oled=3C
[  15391] STATUS mode=3 fault=none enc=-35 denc=2 sreq=250 sapplied=250 crate=250 uimp=60550 upos=4385 uneg=5320 ball=53.20 vball=66.82 aball=79.6 bref=0.00 pid=250.0 pref=79.7 ppos=-56.3 apid=0.0 integ=-0.0 vision=1 current=1 vframe=32064 vs=1 vage=15 vpage=15 vdt=34 vmax=266 vacc=31996 vrej=0 seq=0 elapsed=0 oled=3C
[  15422] STATUS mode=3 fault=none enc=-28 denc=2 sreq=250 sapplied=250 crate=250 uimp=65550 upos=4405 uneg=5320 ball=55.48 vball=66.50 aball=79.6 bref=0.00 pid=250.0 pref=79.7 ppos=-51.3 apid=0.0 integ=-0.0 vision=1 current=1 vframe=32065 vs=1 vage=2 vpage=2 vdt=33 vmax=266 vacc=31997 vrej=0 seq=0 elapsed=0 oled=3C
[  15452] STATUS mode=3 fault=none enc=-22 denc=2 sreq=250 sapplied=250 crate=250 uimp=70550 upos=4425 uneg=5320 ball=55.48 vball=66.50 aball=23.6 bref=0.00 pid=250.0 pref=79.7 ppos=-46.3 apid=0.0 integ=-0.0 vision=1 current=1 vframe=32065 vs=1 vage=22 vpage=22 vdt=33 vmax=266 vacc=31997 vrej=0 seq=0 elapsed=0 oled=3C
[  15468] STATUS mode=3 fault=none enc=-10 denc=1 sreq=250 sapplied=250 crate=250 uimp=80550 upos=4465 uneg=5320 ball=57.79 vball=67.69 aball=23.6 bref=0.00 pid=250.0 pref=79.7 ppos=-36.3 apid=0.0 integ=-0.0 vision=1 current=1 vframe=32066 vs=1 vage=28 vpage=28 vdt=34 vmax=266 vacc=31998 vrej=0 seq=0 elapsed=0 oled=3C
[  15500] STATUS mode=3 fault=none enc=-3 denc=2 sreq=250 sapplied=250 crate=250 uimp=85550 upos=4485 uneg=5320 ball=59.42 vball=62.33 aball=23.6 bref=0.00 pid=250.0 pref=79.7 ppos=-31.3 apid=0.0 integ=-0.0 vision=1 current=1 vframe=32067 vs=1 vage=17 vpage=17 vdt=31 vmax=266 vacc=31999 vrej=0 seq=0 elapsed=0 oled=3C
[  15531] STATUS mode=3 fault=none enc=4 denc=2 sreq=250 sapplied=250 crate=250 uimp=90550 upos=4505 uneg=5320 ball=61.38 vball=61.46 aball=23.6 bref=0.00 pid=250.0 pref=79.7 ppos=-26.3 apid=0.0 integ=-0.0 vision=1 current=1 vframe=32068 vs=1 vage=2 vpage=2 vdt=35 vmax=266 vacc=32000 vrej=0 seq=0 elapsed=0 oled=3C
[  15547] STATUS mode=3 fault=none enc=17 denc=2 sreq=250 sapplied=250 crate=250 uimp=100550 upos=4545 uneg=5320 ball=63.03 vball=58.35 aball=-9.7 bref=0.00 pid=250.0 pref=79.7 ppos=-16.3 apid=-0.0 integ=-0.0 vision=1 current=1 vframe=32069 vs=1 vage=8 vpage=8 vdt=34 vmax=266 vacc=32001 vrej=0 seq=0 elapsed=0 oled=3C
[  15577] STATUS mode=3 fault=none enc=23 denc=1 sreq=250 sapplied=250 crate=250 uimp=105550 upos=4565 uneg=5320 ball=63.03 vball=58.35 aball=-9.7 bref=0.00 pid=250.0 pref=79.7 ppos=-11.3 apid=-0.0 integ=-0.0 vision=1 current=1 vframe=32069 vs=1 vage=28 vpage=28 vdt=34 vmax=266 vacc=32001 vrej=0 seq=0 elapsed=0 oled=3C
[  15608] STATUS mode=3 fault=none enc=29 denc=1 sreq=250 sapplied=250 crate=250 uimp=110550 upos=4585 uneg=5320 ball=64.78 vball=56.01 aball=-9.7 bref=0.00 pid=250.0 pref=79.7 ppos=-6.3 apid=-0.0 integ=-0.0 vision=1 current=1 vframe=32070 vs=1 vage=15 vpage=15 vdt=33 vmax=266 vacc=32002 vrej=0 seq=0 elapsed=0 oled=3C
[  15641] STATUS mode=3 fault=none enc=42 denc=2 sreq=250 sapplied=250 crate=250 uimp=120550 upos=4625 uneg=5320 ball=66.05 vball=50.77 aball=-53.4 bref=0.00 pid=250.0 pref=79.7 ppos=3.7 apid=-0.0 integ=-0.0 vision=1 current=1 vframe=32071 vs=1 vage=22 vpage=22 vdt=33 vmax=266 vacc=32003 vrej=0 seq=0 elapsed=0 oled=3C
[  15656] STATUS mode=3 fault=none enc=49 denc=2 sreq=250 sapplied=250 crate=250 uimp=125550 upos=4645 uneg=5320 ball=67.17 vball=45.85 aball=-53.4 bref=0.00 pid=250.0 pref=79.7 ppos=8.7 apid=-0.0 integ=-0.0 vision=1 current=1 vframe=32072 vs=1 vage=8 vpage=8 vdt=34 vmax=266 vacc=32004 vrej=0 seq=0 elapsed=0 oled=3C
[  15686] STATUS mode=3 fault=none enc=61 denc=1 sreq=250 sapplied=250 crate=250 uimp=135550 upos=4685 uneg=5320 ball=68.30 vball=42.20 aball=-53.4 bref=0.00 pid=250.0 pref=79.7 ppos=13.7 apid=-0.0 integ=-0.0 vision=1 current=1 vframe=32072 vs=1 vage=28 vpage=28 vdt=34 vmax=266 vacc=32004 vrej=0 seq=0 elapsed=0 oled=3C
[  15718] STATUS mode=3 fault=none enc=68 denc=2 sreq=250 sapplied=250 crate=250 uimp=140550 upos=4705 uneg=5320 ball=69.34 vball=38.90 aball=-53.4 bref=0.00 pid=250.0 pref=79.7 ppos=23.7 apid=-0.0 integ=-0.0 vision=1 current=1 vframe=32074 vs=1 vage=2 vpage=2 vdt=33 vmax=266 vacc=32006 vrej=0 seq=0 elapsed=0 oled=3C
[  15750] STATUS mode=3 fault=none enc=74 denc=2 sreq=250 sapplied=250 crate=250 uimp=145550 upos=4725 uneg=5320 ball=69.34 vball=38.90 aball=-82.8 bref=0.00 pid=250.0 pref=79.7 ppos=28.7 apid=-0.0 integ=-0.0 vision=1 current=1 vframe=32074 vs=1 vage=22 vpage=22 vdt=33 vmax=266 vacc=32006 vrej=0 seq=0 elapsed=0 oled=3C
[  15766] STATUS mode=3 fault=none enc=87 denc=1 sreq=250 sapplied=250 crate=250 uimp=155550 upos=4765 uneg=5320 ball=69.72 vball=30.74 aball=-82.8 bref=0.00 pid=250.0 pref=79.7 ppos=38.7 apid=-0.0 integ=-0.0 vision=1 current=1 vframe=32075 vs=1 vage=28 vpage=28 vdt=34 vmax=266 vacc=32007 vrej=0 seq=0 elapsed=0 oled=3C
[  15797] STATUS mode=3 fault=none enc=94 denc=1 sreq=250 sapplied=250 crate=250 uimp=160550 upos=4785 uneg=5320 ball=70.28 vball=26.46 aball=-82.8 bref=0.00 pid=250.0 pref=79.7 ppos=43.7 apid=-0.0 integ=-0.0 vision=1 current=1 vframe=32076 vs=1 vage=15 vpage=15 vdt=33 vmax=266 vacc=32008 vrej=0 seq=0 elapsed=0 oled=3C
[  15827] STATUS mode=3 fault=none enc=101 denc=2 sreq=250 sapplied=250 crate=250 uimp=165550 upos=4805 uneg=5320 ball=70.53 vball=20.87 aball=-82.8 bref=0.00 pid=250.0 pref=79.7 ppos=48.7 apid=-0.0 integ=-0.0 vision=1 current=1 vframe=32077 vs=1 vage=4 vpage=4 vdt=31 vmax=266 vacc=32009 vrej=0 seq=0 elapsed=0 oled=3C
[  15858] STATUS mode=3 fault=none enc=112 denc=1 sreq=64 sapplied=64 crate=64 uimp=174885 upos=4845 uneg=5320 ball=70.52 vball=14.65 aball=-128.3 bref=0.00 pid=64.3 pref=64.5 ppos=58.1 apid=-0.0 integ=-0.0 vision=1 current=1 vframe=32078 vs=1 vage=11 vpage=11 vdt=33 vmax=266 vacc=32010 vrej=0 seq=0 elapsed=0 oled=3C
[  15875] STATUS mode=3 fault=none enc=113 denc=1 sreq=52 sapplied=52 crate=52 uimp=176075 upos=4865 uneg=5320 ball=70.52 vball=14.65 aball=-128.3 bref=0.00 pid=52.4 pref=64.5 ppos=59.3 apid=-0.0 integ=-0.0 vision=1 current=1 vframe=32078 vs=1 vage=31 vpage=31 vdt=33 vmax=266 vacc=32010 vrej=0 seq=0 elapsed=0 oled=3C
[  15906] STATUS mode=3 fault=none enc=115 denc=0 sreq=-196 sapplied=-196 crate=-196 uimp=175835 upos=4875 uneg=5325 ball=70.45 vball=9.67 aball=-128.3 bref=0.00 pid=-196.3 pref=39.4 ppos=59.0 apid=-0.0 integ=-0.0 vision=1 current=1 vframe=32079 vs=1 vage=17 vpage=17 vdt=34 vmax=266 vacc=32011 vrej=0 seq=0 elapsed=0 oled=3C
[  15936] STATUS mode=3 fault=none enc=105 denc=-2 sreq=-250 sapplied=-250 crate=-250 uimp=167650 upos=4875 uneg=5365 ball=70.35 vball=5.98 aball=-137.6 bref=0.00 pid=-250.0 pref=20.6 ppos=50.8 apid=-0.0 integ=-0.0 vision=1 current=1 vframe=32080 vs=1 vage=24 vpage=24 vdt=33 vmax=266 vacc=32012 vrej=0 seq=0 elapsed=0 oled=3C
[  15968] STATUS mode=3 fault=none enc=99 denc=-1 sreq=-250 sapplied=-250 crate=-250 uimp=162650 upos=4875 uneg=5385 ball=69.61 vball=-2.38 aball=-137.6 bref=0.00 pid=-250.0 pref=-23.4 ppos=45.8 apid=-0.0 integ=-0.0 vision=1 current=1 vframe=32081 vs=1 vage=11 vpage=11 vdt=33 vmax=266 vacc=32013 vrej=0 seq=0 elapsed=0 oled=3C
[  15983] STATUS mode=3 fault=none enc=92 denc=-2 sreq=-250 sapplied=-250 crate=-250 uimp=157650 upos=4875 uneg=5405 ball=69.61 vball=-2.38 aball=-137.6 bref=0.00 pid=-250.0 pref=-23.4 ppos=40.8 apid=-0.0 integ=-0.0 vision=1 current=1 vframe=32081 vs=1 vage=31 vpage=31 vdt=33 vmax=266 vacc=32013 vrej=0 seq=0 elapsed=0 oled=3C
[  16016] STATUS mode=3 fault=none enc=78 denc=-2 sreq=-250 sapplied=-250 crate=-250 uimp=147650 upos=4875 uneg=5445 ball=67.30 vball=-19.50 aball=-191.5 bref=0.00 pid=-250.0 pref=-115.9 ppos=30.8 apid=-0.0 integ=-0.0 vision=1 current=1 vframe=32083 vs=1 vage=5 vpage=5 vdt=33 vmax=266 vacc=32015 vrej=0 seq=0 elapsed=0 oled=3C
[  16047] STATUS mode=3 fault=none enc=72 denc=-2 sreq=-250 sapplied=-250 crate=-250 uimp=142650 upos=4875 uneg=5465 ball=67.30 vball=-19.50 aball=-191.5 bref=0.00 pid=-250.0 pref=-115.9 ppos=25.8 apid=-0.0 integ=-0.0 vision=1 current=1 vframe=32083 vs=1 vage=25 vpage=25 vdt=33 vmax=266 vacc=32015 vrej=0 seq=0 elapsed=0 oled=3C
[  16047] >>> stop
[  16077] STATUS mode=3 fault=none enc=59 denc=-2 sreq=-250 sapplied=-250 crate=-250 uimp=132650 upos=4875 uneg=5505 ball=65.61 vball=-28.86 aball=-191.5 bref=0.00 pid=-250.0 pref=-167.8 ppos=15.8 apid=-0.0 integ=-0.0 vision=1 current=1 vframe=32084 vs=1 vage=32 vpage=32 vdt=33 vmax=266 vacc=32016 vrej=0 seq=0 elapsed=0 oled=3C
[  16093] STATUS mode=1 fault=none enc=47 denc=-5 sreq=0 sapplied=0 crate=0 uimp=131400 upos=4875 uneg=5510 ball=64.01 vball=-34.01 aball=0.0 bref=0.00 pid=0.0 pref=14.6 ppos=14.6 apid=0.0 integ=0.0 vision=1 current=1 vframe=32085 vs=1 vage=18 vpage=18 vdt=34 vmax=266 vacc=32017 vrej=0 seq=0 elapsed=0 oled=3C
[  16125] STATUS mode=1 fault=none enc=44 denc=0 sreq=0 sapplied=0 crate=0 uimp=131400 upos=4875 uneg=5510 ball=62.19 vball=-40.27 aball=0.0 bref=0.00 pid=0.0 pref=14.6 ppos=14.6 apid=0.0 integ=0.0 vision=1 current=1 vframe=32086 vs=1 vage=5 vpage=5 vdt=33 vmax=266 vacc=32018 vrej=0 seq=0 elapsed=0 oled=3C
[  16156] STATUS mode=1 fault=none enc=44 denc=0 sreq=0 sapplied=0 crate=0 uimp=131400 upos=4875 uneg=5510 ball=60.19 vball=-46.32 aball=0.0 bref=0.00 pid=0.0 pref=14.6 ppos=14.6 apid=0.0 integ=0.0 vision=1 current=1 vframe=32087 vs=1 vage=12 vpage=12 vdt=33 vmax=266 vacc=32019 vrej=0 seq=0 elapsed=0 oled=3C
[  16172] STATUS mode=1 fault=none enc=44 denc=0 sreq=0 sapplied=0 crate=0 uimp=131400 upos=4875 uneg=5510 ball=60.19 vball=-46.32 aball=0.0 bref=0.00 pid=0.0 pref=14.6 ppos=14.6 apid=0.0 integ=0.0 vision=1 current=1 vframe=32087 vs=1 vage=32 vpage=32 vdt=33 vmax=266 vacc=32019 vrej=0 seq=0 elapsed=0 oled=3C
[  16202] STATUS mode=1 fault=none enc=44 denc=0 sreq=0 sapplied=0 crate=0 uimp=131400 upos=4875 uneg=5510 ball=58.26 vball=-49.44 aball=0.0 bref=0.00 pid=0.0 pref=14.6 ppos=14.6 apid=0.0 integ=0.0 vision=1 current=1 vframe=32088 vs=1 vage=19 vpage=19 vdt=33 vmax=266 vacc=32020 vrej=0 seq=0 elapsed=0 oled=3C
[  16233] STATUS mode=1 fault=none enc=44 denc=0 sreq=0 sapplied=0 crate=0 uimp=131400 upos=4875 uneg=5510 ball=56.32 vball=-52.14 aball=0.0 bref=0.00 pid=0.0 pref=14.6 ppos=14.6 apid=0.0 integ=0.0 vision=1 current=1 vframe=32089 vs=1 vage=25 vpage=25 vdt=34 vmax=266 vacc=32021 vrej=0 seq=0 elapsed=0 oled=3C
[  16250] STATUS mode=1 fault=none enc=44 denc=0 sreq=0 sapplied=0 crate=0 uimp=131400 upos=4875 uneg=5510 ball=54.03 vball=-57.28 aball=0.0 bref=0.00 pid=0.0 pref=14.6 ppos=14.6 apid=0.0 integ=0.0 vision=1 current=1 vframe=32090 vs=1 vage=11 vpage=11 vdt=34 vmax=266 vacc=32022 vrej=0 seq=0 elapsed=0 oled=3C
[  16281] STATUS mode=1 fault=none enc=44 denc=0 sreq=0 sapplied=0 crate=0 uimp=131400 upos=4875 uneg=5510 ball=54.03 vball=-57.28 aball=0.0 bref=0.00 pid=0.0 pref=14.6 ppos=14.6 apid=0.0 integ=0.0 vision=1 current=1 vframe=32090 vs=1 vage=31 vpage=31 vdt=34 vmax=266 vacc=32022 vrej=0 seq=0 elapsed=0 oled=3C
[  16311] STATUS mode=1 fault=none enc=44 denc=0 sreq=0 sapplied=0 crate=0 uimp=131400 upos=4875 uneg=5510 ball=51.98 vball=-58.45 aball=0.0 bref=0.00 pid=0.0 pref=14.6 ppos=14.6 apid=0.0 integ=0.0 vision=1 current=1 vframe=32091 vs=1 vage=18 vpage=18 vdt=33 vmax=266 vacc=32023 vrej=0 seq=0 elapsed=0 oled=3C
[  16311] >>> stream off
[  16327] STATUS mode=1 fault=none enc=44 denc=0 sreq=0 sapplied=0 crate=0 uimp=131400 upos=4875 uneg=5510 ball=49.61 vball=-62.40 aball=0.0 bref=0.00 pid=0.0 pref=14.6 ppos=14.6 apid=0.0 integ=0.0 vision=1 current=1 vframe=32092 vs=1 vage=26 vpage=26 vdt=32 vmax=266 vacc=32024 vrej=0 seq=0 elapsed=0 oled=3C
[  16327] OK stream off
[  16483] RESULT center_timeout
