[      0] >>> bench on
[     15] OK stepper visual-only bench active; command pose preserved
[    140] >>> clear
[    140] OK fault cleared
[    265] >>> diag reset
[    265] OK actuator diagnostics reset
[    390] >>> gain ball 3.0 0.5 5.0 -1
[    390] OK ball gains kp=3.000 ki=0.500 kd=5.000 sign=-1
[    515] >>> gain accel 0
[    515] OK ball acceleration gain ka=0.000
[    640] >>> limit rate 250
[    640] OK ball rate limit=250 steps/s
[    765] >>> stream on 20
[    765] OK stream on 20 ms
[    811] STATUS mode=1 fault=none enc=22 denc=0 sreq=0 sapplied=0 crate=0 uimp=0 upos=0 uneg=0 ball=26.57 vball=0.52 aball=0.0 bref=0.00 pid=0.0 pref=4.5 ppos=4.5 apid=0.0 integ=0.0 vision=1 current=1 vframe=30529 vs=1 vage=27 vpage=27 vdt=35 vmax=266 vacc=30472 vrej=0 seq=0 elapsed=0 oled=3C
[    827] STATUS mode=1 fault=none enc=22 denc=0 sreq=0 sapplied=0 crate=0 uimp=0 upos=0 uneg=0 ball=26.57 vball=0.36 aball=0.0 bref=0.00 pid=0.0 pref=4.5 ppos=4.5 apid=0.0 integ=0.0 vision=1 current=1 vframe=30530 vs=1 vage=14 vpage=14 vdt=33 vmax=266 vacc=30473 vrej=0 seq=0 elapsed=0 oled=3C
[    858] STATUS mode=1 fault=none enc=22 denc=0 sreq=0 sapplied=0 crate=0 uimp=0 upos=0 uneg=0 ball=26.60 vball=0.58 aball=0.0 bref=0.00 pid=0.0 pref=4.5 ppos=4.5 apid=0.0 integ=0.0 vision=1 current=1 vframe=30531 vs=1 vage=1 vpage=1 vdt=33 vmax=266 vacc=30474 vrej=0 seq=0 elapsed=0 oled=3C
[    875] STATUS mode=1 fault=none enc=22 denc=0 sreq=0 sapplied=0 crate=0 uimp=0 upos=0 uneg=0 ball=26.60 vball=0.58 aball=0.0 bref=0.00 pid=0.0 pref=4.5 ppos=4.5 apid=0.0 integ=0.0 vision=1 current=1 vframe=30531 vs=1 vage=21 vpage=21 vdt=33 vmax=266 vacc=30474 vrej=0 seq=0 elapsed=0 oled=3C
[    906] STATUS mode=1 fault=none enc=22 denc=0 sreq=0 sapplied=0 crate=0 uimp=0 upos=0 uneg=0 ball=26.62 vball=0.53 aball=0.0 bref=0.00 pid=0.0 pref=4.5 ppos=4.5 apid=0.0 integ=0.0 vision=1 current=1 vframe=30532 vs=1 vage=7 vpage=7 vdt=34 vmax=266 vacc=30475 vrej=0 seq=0 elapsed=0 oled=3C
[    906] >>> ball 0
[    936] STATUS mode=1 fault=none enc=22 denc=0 sreq=0 sapplied=0 crate=0 uimp=0 upos=0 uneg=0 ball=26.62 vball=0.40 aball=0.0 bref=0.00 pid=0.0 pref=4.5 ppos=4.5 apid=0.0 integ=0.0 vision=1 current=1 vframe=30533 vs=1 vage=14 vpage=14 vdt=33 vmax=266 vacc=30476 vrej=0 seq=0 elapsed=0 oled=3C
[    952] STATUS mode=3 fault=none enc=24 denc=0 sreq=250 sapplied=250 crate=250 uimp=1000 upos=5 uneg=0 ball=26.63 vball=0.38 aball=0.0 bref=0.00 pid=250.0 pref=86.4 ppos=5.5 apid=0.0 integ=-0.0 vision=1 current=1 vframe=30534 vs=1 vage=1 vpage=1 vdt=33 vmax=266 vacc=30477 vrej=0 seq=0 elapsed=0 oled=3C
[    983] STATUS mode=3 fault=none enc=30 denc=1 sreq=250 sapplied=250 crate=250 uimp=6000 upos=25 uneg=0 ball=26.63 vball=0.38 aball=0.0 bref=0.00 pid=250.0 pref=86.3 ppos=10.5 apid=0.0 integ=-0.0 vision=1 current=1 vframe=30534 vs=1 vage=21 vpage=21 vdt=33 vmax=266 vacc=30477 vrej=0 seq=0 elapsed=0 oled=3C
[   1015] STATUS mode=3 fault=none enc=43 denc=2 sreq=250 sapplied=250 crate=250 uimp=16000 upos=65 uneg=0 ball=26.64 vball=0.34 aball=0.0 bref=0.00 pid=250.0 pref=86.1 ppos=20.5 apid=0.0 integ=-0.0 vision=1 current=1 vframe=30535 vs=1 vage=27 vpage=27 vdt=34 vmax=266 vacc=30478 vrej=0 seq=0 elapsed=0 oled=3C
[   1031] STATUS mode=3 fault=none enc=49 denc=1 sreq=250 sapplied=250 crate=250 uimp=21000 upos=85 uneg=0 ball=26.64 vball=0.25 aball=-0.7 bref=0.00 pid=250.0 pref=85.7 ppos=25.5 apid=-0.0 integ=-0.0 vision=1 current=1 vframe=30536 vs=1 vage=14 vpage=14 vdt=33 vmax=266 vacc=30479 vrej=0 seq=0 elapsed=0 oled=3C
[   1061] STATUS mode=3 fault=none enc=56 denc=2 sreq=250 sapplied=250 crate=250 uimp=26000 upos=105 uneg=0 ball=26.62 vball=0.01 aball=-0.7 bref=0.00 pid=250.0 pref=85.7 ppos=30.5 apid=-0.0 integ=-0.0 vision=1 current=1 vframe=30537 vs=1 vage=1 vpage=1 vdt=33 vmax=266 vacc=30480 vrej=0 seq=0 elapsed=0 oled=3C
[   1092] STATUS mode=3 fault=none enc=62 denc=1 sreq=250 sapplied=250 crate=250 uimp=31000 upos=125 uneg=0 ball=26.62 vball=0.01 aball=-0.7 bref=0.00 pid=250.0 pref=84.4 ppos=35.5 apid=-0.0 integ=-0.0 vision=1 current=1 vframe=30537 vs=1 vage=21 vpage=21 vdt=33 vmax=266 vacc=30480 vrej=0 seq=0 elapsed=0 oled=3C
[   1108] STATUS mode=3 fault=none enc=75 denc=2 sreq=250 sapplied=250 crate=250 uimp=41000 upos=165 uneg=0 ball=26.60 vball=-0.21 aball=-0.7 bref=0.00 pid=250.0 pref=83.3 ppos=45.5 apid=-0.0 integ=-0.0 vision=1 current=1 vframe=30538 vs=1 vage=28 vpage=28 vdt=33 vmax=266 vacc=30481 vrej=0 seq=0 elapsed=0 oled=3C
[   1140] STATUS mode=3 fault=none enc=82 denc=2 sreq=250 sapplied=250 crate=250 uimp=46000 upos=185 uneg=0 ball=26.57 vball=-0.40 aball=-3.3 bref=0.00 pid=250.0 pref=82.2 ppos=50.5 apid=-0.0 integ=-0.0 vision=1 current=1 vframe=30539 vs=1 vage=15 vpage=15 vdt=33 vmax=266 vacc=30482 vrej=0 seq=0 elapsed=0 oled=3C
[   1170] STATUS mode=3 fault=none enc=88 denc=1 sreq=250 sapplied=250 crate=250 uimp=51000 upos=205 uneg=0 ball=26.49 vball=-1.00 aball=-3.3 bref=0.00 pid=250.0 pref=82.2 ppos=55.5 apid=-0.0 integ=-0.0 vision=1 current=1 vframe=30540 vs=1 vage=1 vpage=1 vdt=34 vmax=266 vacc=30483 vrej=0 seq=0 elapsed=0 oled=3C
[   1186] STATUS mode=3 fault=none enc=98 denc=0 sreq=163 sapplied=163 crate=163 uimp=59110 upos=245 uneg=0 ball=26.46 vball=-0.98 aball=-3.3 bref=0.00 pid=162.6 pref=79.9 ppos=63.6 apid=-0.0 integ=0.9 vision=1 current=1 vframe=30541 vs=1 vage=8 vpage=8 vdt=33 vmax=266 vacc=30484 vrej=0 seq=0 elapsed=0 oled=3C
[   1217] STATUS mode=3 fault=none enc=103 denc=2 sreq=132 sapplied=132 crate=132 uimp=62125 upos=265 uneg=0 ball=26.46 vball=-0.98 aball=-3.3 bref=0.00 pid=132.4 pref=79.9 ppos=66.6 apid=-0.0 integ=0.9 vision=1 current=1 vframe=30541 vs=1 vage=28 vpage=28 vdt=33 vmax=266 vacc=30484 vrej=0 seq=0 elapsed=0 oled=3C
[   1250] STATUS mode=3 fault=none enc=107 denc=2 sreq=128 sapplied=128 crate=128 uimp=64915 upos=285 uneg=0 ball=26.46 vball=-0.59 aball=-2.7 bref=0.00 pid=128.1 pref=82.2 ppos=69.4 apid=-0.0 integ=1.3 vision=1 current=1 vframe=30542 vs=1 vage=17 vpage=17 vdt=31 vmax=266 vacc=30485 vrej=0 seq=0 elapsed=0 oled=3C
[   1281] STATUS mode=3 fault=none enc=112 denc=1 sreq=109 sapplied=109 crate=109 uimp=69780 upos=325 uneg=0 ball=26.50 vball=-0.11 aball=-2.7 bref=0.00 pid=109.0 pref=85.2 ppos=74.3 apid=-0.0 integ=1.7 vision=1 current=1 vframe=30543 vs=1 vage=24 vpage=24 vdt=33 vmax=266 vacc=30486 vrej=0 seq=0 elapsed=0 oled=3C
[   1295] STATUS mode=3 fault=none enc=115 denc=2 sreq=103 sapplied=103 crate=103 uimp=71875 upos=345 uneg=0 ball=26.52 vball=0.09 aball=-2.7 bref=0.00 pid=103.1 pref=86.7 ppos=76.4 apid=-0.0 integ=2.2 vision=1 current=1 vframe=30544 vs=1 vage=11 vpage=11 vdt=33 vmax=266 vacc=30487 vrej=0 seq=0 elapsed=0 oled=3C
[   1327] STATUS mode=3 fault=none enc=117 denc=2 sreq=84 sapplied=84 crate=84 uimp=73785 upos=365 uneg=0 ball=26.52 vball=0.09 aball=-2.7 bref=0.00 pid=84.0 pref=86.7 ppos=78.3 apid=-0.0 integ=2.2 vision=1 current=1 vframe=30544 vs=1 vage=31 vpage=31 vdt=33 vmax=266 vacc=30487 vrej=0 seq=0 elapsed=0 oled=3C
[   1358] STATUS mode=3 fault=none enc=121 denc=1 sreq=65 sapplied=65 crate=65 uimp=76840 upos=405 uneg=0 ball=26.53 vball=0.13 aball=1.9 bref=0.00 pid=64.6 pref=87.8 ppos=81.3 apid=0.0 integ=3.1 vision=1 current=1 vframe=30546 vs=1 vage=4 vpage=4 vdt=34 vmax=266 vacc=30489 vrej=0 seq=0 elapsed=0 oled=3C
[   1375] STATUS mode=3 fault=none enc=123 denc=2 sreq=53 sapplied=53 crate=53 uimp=78035 upos=425 uneg=0 ball=26.53 vball=0.13 aball=1.9 bref=0.00 pid=52.7 pref=87.8 ppos=82.5 apid=0.0 integ=3.1 vision=1 current=1 vframe=30546 vs=1 vage=24 vpage=24 vdt=34 vmax=266 vacc=30489 vrej=0 seq=0 elapsed=0 oled=3C
[   1406] STATUS mode=3 fault=none enc=124 denc=1 sreq=45 sapplied=45 crate=45 uimp=79025 upos=445 uneg=0 ball=26.53 vball=0.09 aball=1.9 bref=0.00 pid=45.1 pref=88.0 ppos=83.5 apid=0.0 integ=3.5 vision=1 current=1 vframe=30547 vs=1 vage=11 vpage=11 vdt=33 vmax=266 vacc=30490 vrej=0 seq=0 elapsed=0 oled=3C
[   1436] STATUS mode=3 fault=none enc=125 denc=0 sreq=32 sapplied=32 crate=32 uimp=80590 upos=485 uneg=0 ball=26.53 vball=0.06 aball=0.6 bref=0.00 pid=32.5 pref=88.3 ppos=85.1 apid=0.0 integ=3.9 vision=1 current=1 vframe=30548 vs=1 vage=17 vpage=17 vdt=34 vmax=266 vacc=30491 vrej=0 seq=0 elapsed=0 oled=3C
[   1452] STATUS mode=3 fault=none enc=125 denc=0 sreq=-43 sapplied=0 crate=-43 uimp=81190 upos=505 uneg=0 ball=26.38 vball=-1.33 aball=0.6 bref=0.00 pid=-43.2 pref=81.4 ppos=85.7 apid=0.0 integ=4.4 vision=1 current=1 vframe=30549 vs=1 vage=4 vpage=4 vdt=33 vmax=266 vacc=30492 vrej=0 seq=0 elapsed=0 oled=3C
[   1483] STATUS mode=3 fault=none enc=127 denc=1 sreq=-37 sapplied=-37 crate=-37 uimp=80575 upos=505 uneg=15 ball=26.38 vball=-1.33 aball=0.6 bref=0.00 pid=-37.0 pref=81.4 ppos=85.1 apid=0.0 integ=4.4 vision=1 current=1 vframe=30549 vs=1 vage=24 vpage=24 vdt=33 vmax=266 vacc=30492 vrej=0 seq=0 elapsed=0 oled=3C
[   1515] STATUS mode=3 fault=none enc=121 denc=-2 sreq=-232 sapplied=-232 crate=-232 uimp=74495 upos=505 uneg=55 ball=25.79 vball=-6.10 aball=0.6 bref=0.00 pid=-232.4 pref=55.8 ppos=79.0 apid=0.0 integ=4.4 vision=1 current=1 vframe=30550 vs=1 vage=31 vpage=31 vdt=33 vmax=266 vacc=30493 vrej=0 seq=0 elapsed=0 oled=3C
[   1531] STATUS mode=3 fault=none enc=116 denc=-1 sreq=-250 sapplied=-250 crate=-250 uimp=69585 upos=505 uneg=75 ball=24.79 vball=-12.99 aball=-58.4 bref=0.00 pid=-250.0 pref=18.3 ppos=74.1 apid=-0.0 integ=-0.0 vision=1 current=1 vframe=30551 vs=1 vage=17 vpage=17 vdt=34 vmax=266 vacc=30494 vrej=0 seq=0 elapsed=0 oled=3C
[   1561] STATUS mode=3 fault=none enc=109 denc=-2 sreq=-250 sapplied=-250 crate=-250 uimp=64585 upos=505 uneg=95 ball=23.86 vball=-17.61 aball=-58.4 bref=0.00 pid=-250.0 pref=-7.6 ppos=69.1 apid=-0.0 integ=-0.0 vision=1 current=1 vframe=30552 vs=1 vage=4 vpage=4 vdt=33 vmax=266 vacc=30495 vrej=0 seq=0 elapsed=0 oled=3C
[   1592] STATUS mode=3 fault=none enc=96 denc=-2 sreq=-250 sapplied=-250 crate=-250 uimp=54585 upos=505 uneg=135 ball=23.16 vball=-18.66 aball=-58.4 bref=0.00 pid=-250.0 pref=-14.9 ppos=59.1 apid=-0.0 integ=-0.0 vision=1 current=1 vframe=30553 vs=1 vage=10 vpage=10 vdt=34 vmax=266 vacc=30496 vrej=0 seq=0 elapsed=0 oled=3C
[   1625] STATUS mode=3 fault=none enc=90 denc=-1 sreq=-250 sapplied=-250 crate=-250 uimp=49585 upos=505 uneg=155 ball=23.16 vball=-18.66 aball=-58.4 bref=0.00 pid=-250.0 pref=-14.9 ppos=54.1 apid=-0.0 integ=-0.0 vision=1 current=1 vframe=30553 vs=1 vage=30 vpage=30 vdt=34 vmax=266 vacc=30496 vrej=0 seq=0 elapsed=0 oled=3C
[   1640] STATUS mode=3 fault=none enc=83 denc=-1 sreq=-250 sapplied=-250 crate=-250 uimp=44585 upos=505 uneg=175 ball=21.97 vball=-23.78 aball=-80.7 bref=0.00 pid=-250.0 pref=-44.1 ppos=49.1 apid=-0.0 integ=-0.0 vision=1 current=1 vframe=30554 vs=1 vage=17 vpage=17 vdt=33 vmax=266 vacc=30497 vrej=0 seq=0 elapsed=0 oled=3C
[   1670] STATUS mode=3 fault=none enc=70 denc=-1 sreq=-250 sapplied=-250 crate=-250 uimp=34585 upos=505 uneg=215 ball=21.97 vball=-23.78 aball=-80.7 bref=0.00 pid=-250.0 pref=-44.1 ppos=39.1 apid=-0.0 integ=-0.0 vision=1 current=0 vframe=30555 vs=0 vage=57 vpage=23 vdt=33 vmax=266 vacc=30497 vrej=0 seq=0 elapsed=0 oled=3C
[   1702] STATUS mode=3 fault=none enc=63 denc=-2 sreq=-250 sapplied=-250 crate=-250 uimp=29585 upos=505 uneg=235 ball=19.73 vball=-27.80 aball=-80.7 bref=0.00 pid=-250.0 pref=-70.9 ppos=34.1 apid=-0.0 integ=-0.0 vision=1 current=1 vframe=30556 vs=1 vage=10 vpage=10 vdt=67 vmax=266 vacc=30498 vrej=0 seq=0 elapsed=0 oled=3C
[   1733] STATUS mode=3 fault=none enc=57 denc=-1 sreq=-250 sapplied=-250 crate=-250 uimp=24585 upos=505 uneg=255 ball=19.73 vball=-27.80 aball=-80.7 bref=0.00 pid=-250.0 pref=-70.9 ppos=29.1 apid=-0.0 integ=-0.0 vision=1 current=1 vframe=30556 vs=1 vage=30 vpage=30 vdt=67 vmax=266 vacc=30498 vrej=0 seq=0 elapsed=0 oled=3C
[   1750] STATUS mode=3 fault=none enc=44 denc=-1 sreq=-250 sapplied=-250 crate=-250 uimp=14585 upos=505 uneg=295 ball=16.03 vball=-41.44 aball=-99.9 bref=0.00 pid=-250.0 pref=-150.2 ppos=19.1 apid=-0.0 integ=-0.0 vision=1 current=1 vframe=30558 vs=1 vage=4 vpage=4 vdt=33 vmax=266 vacc=30500 vrej=0 seq=0 elapsed=0 oled=3C
[   1781] STATUS mode=3 fault=none enc=37 denc=-1 sreq=-250 sapplied=-250 crate=-250 uimp=9585 upos=505 uneg=315 ball=16.03 vball=-41.44 aball=-99.9 bref=0.00 pid=-250.0 pref=-150.2 ppos=14.1 apid=-0.0 integ=-0.0 vision=1 current=1 vframe=30558 vs=1 vage=24 vpage=24 vdt=33 vmax=266 vacc=30500 vrej=0 seq=0 elapsed=0 oled=3C
[   1811] STATUS mode=3 fault=none enc=24 denc=-2 sreq=-250 sapplied=-250 crate=-250 uimp=-415 upos=505 uneg=355 ball=14.04 vball=-46.97 aball=-99.9 bref=0.00 pid=-250.0 pref=-183.8 ppos=4.1 apid=-0.0 integ=-0.0 vision=1 current=1 vframe=30559 vs=1 vage=31 vpage=31 vdt=33 vmax=266 vacc=30501 vrej=0 seq=0 elapsed=0 oled=3C
[   1842] STATUS mode=3 fault=none enc=18 denc=-2 sreq=-250 sapplied=-250 crate=-250 uimp=-5415 upos=505 uneg=375 ball=12.29 vball=-47.94 aball=-108.1 bref=0.00 pid=-250.0 pref=-193.9 ppos=-0.9 apid=-0.0 integ=-0.0 vision=1 current=1 vframe=30560 vs=1 vage=17 vpage=17 vdt=34 vmax=266 vacc=30502 vrej=0 seq=0 elapsed=0 oled=3C
[   1858] STATUS mode=3 fault=none enc=12 denc=-1 sreq=-250 sapplied=-250 crate=-250 uimp=-10415 upos=505 uneg=395 ball=10.50 vball=-50.17 aball=-108.1 bref=0.00 pid=-250.0 pref=-210.5 ppos=-5.9 apid=-0.0 integ=-0.0 vision=1 current=1 vframe=30561 vs=1 vage=3 vpage=3 vdt=34 vmax=266 vacc=30503 vrej=0 seq=0 elapsed=0 oled=3C
[   1890] STATUS mode=3 fault=none enc=-2 denc=-2 sreq=-250 sapplied=-250 crate=-250 uimp=-20415 upos=505 uneg=435 ball=8.24 vball=-55.52 aball=-108.1 bref=0.00 pid=-250.0 pref=-244.0 ppos=-15.9 apid=-0.0 integ=-0.0 vision=1 current=1 vframe=30562 vs=1 vage=8 vpage=8 vdt=35 vmax=266 vacc=30504 vrej=0 seq=0 elapsed=0 oled=3C
[   1920] STATUS mode=3 fault=none enc=-8 denc=-1 sreq=-250 sapplied=-250 crate=-250 uimp=-25415 upos=505 uneg=455 ball=8.24 vball=-55.52 aball=-108.1 bref=0.00 pid=-250.0 pref=-244.0 ppos=-20.9 apid=-0.0 integ=-0.0 vision=1 current=1 vframe=30562 vs=1 vage=28 vpage=28 vdt=35 vmax=266 vacc=30504 vrej=0 seq=0 elapsed=0 oled=3C
[   1952] STATUS mode=3 fault=none enc=-15 denc=-2 sreq=-250 sapplied=-250 crate=-250 uimp=-30415 upos=505 uneg=475 ball=6.40 vball=-55.24 aball=-91.4 bref=0.00 pid=-250.0 pref=-248.1 ppos=-25.9 apid=-0.0 integ=-0.0 vision=1 current=1 vframe=30563 vs=1 vage=14 vpage=14 vdt=34 vmax=266 vacc=30505 vrej=0 seq=0 elapsed=0 oled=3C
[   1983] STATUS mode=3 fault=none enc=-27 denc=-1 sreq=-250 sapplied=-250 crate=-250 uimp=-40415 upos=505 uneg=515 ball=4.55 vball=-55.38 aball=-91.4 bref=0.00 pid=-250.0 pref=-254.4 ppos=-35.9 apid=-0.0 integ=-0.0 vision=1 current=1 vframe=30564 vs=1 vage=19 vpage=19 vdt=35 vmax=266 vacc=30506 vrej=0 seq=0 elapsed=0 oled=3C
[   2000] STATUS mode=3 fault=none enc=-34 denc=-2 sreq=-250 sapplied=-250 crate=-250 uimp=-45415 upos=505 uneg=535 ball=2.65 vball=-55.87 aball=-91.4 bref=0.00 pid=-250.0 pref=-262.5 ppos=-40.9 apid=-0.0 integ=-0.0 vision=1 current=1 vframe=30565 vs=1 vage=8 vpage=8 vdt=31 vmax=266 vacc=30507 vrej=0 seq=0 elapsed=0 oled=3C
[   2031] STATUS mode=3 fault=none enc=-47 denc=-2 sreq=-250 sapplied=-250 crate=-250 uimp=-55415 upos=505 uneg=575 ball=0.76 vball=-56.56 aball=-56.2 bref=0.00 pid=-250.0 pref=-271.6 ppos=-50.9 apid=-0.0 integ=-0.0 vision=1 current=1 vframe=30566 vs=1 vage=14 vpage=14 vdt=34 vmax=266 vacc=30508 vrej=0 seq=0 elapsed=0 oled=3C
[   2061] STATUS mode=3 fault=none enc=-53 denc=-2 sreq=-250 sapplied=-250 crate=-250 uimp=-60415 upos=505 uneg=595 ball=-1.28 vball=-57.68 aball=-56.2 bref=0.00 pid=-250.0 pref=-271.6 ppos=-55.9 apid=-0.0 integ=-0.0 vision=1 current=1 vframe=30567 vs=1 vage=1 vpage=1 vdt=33 vmax=266 vacc=30509 vrej=0 seq=0 elapsed=0 oled=3C
[   2092] STATUS mode=3 fault=none enc=-59 denc=-1 sreq=-250 sapplied=-250 crate=-250 uimp=-65415 upos=505 uneg=615 ball=-1.28 vball=-57.68 aball=-56.2 bref=0.00 pid=-250.0 pref=-283.4 ppos=-60.9 apid=-0.0 integ=-0.0 vision=1 current=1 vframe=30567 vs=1 vage=21 vpage=21 vdt=33 vmax=266 vacc=30509 vrej=0 seq=0 elapsed=0 oled=3C
[   2108] STATUS mode=3 fault=none enc=-72 denc=-2 sreq=-250 sapplied=-250 crate=-250 uimp=-75415 upos=505 uneg=655 ball=-3.36 vball=-59.05 aball=-56.2 bref=0.00 pid=-250.0 pref=-291.1 ppos=-70.9 apid=-0.0 integ=-0.0 vision=1 current=1 vframe=30568 vs=1 vage=28 vpage=28 vdt=33 vmax=266 vacc=30510 vrej=0 seq=0 elapsed=0 oled=3C
[   2140] STATUS mode=3 fault=none enc=-78 denc=-1 sreq=-250 sapplied=-250 crate=-250 uimp=-80415 upos=505 uneg=675 ball=-5.15 vball=-57.60 aball=-35.6 bref=0.00 pid=-250.0 pref=-291.1 ppos=-75.9 apid=-0.0 integ=-0.0 vision=1 current=1 vframe=30569 vs=1 vage=14 vpage=14 vdt=34 vmax=266 vacc=30511 vrej=0 seq=0 elapsed=0 oled=3C
[   2170] STATUS mode=3 fault=none enc=-92 denc=-2 sreq=-250 sapplied=-250 crate=-250 uimp=-90415 upos=505 uneg=715 ball=-6.90 vball=-55.90 aball=-35.6 bref=0.00 pid=-250.0 pref=-291.1 ppos=-85.9 apid=-0.0 integ=-0.0 vision=1 current=1 vframe=30570 vs=1 vage=21 vpage=21 vdt=33 vmax=266 vacc=30512 vrej=0 seq=0 elapsed=0 oled=3C
[   2202] STATUS mode=3 fault=none enc=-98 denc=-2 sreq=-250 sapplied=-250 crate=-250 uimp=-95415 upos=505 uneg=735 ball=-8.59 vball=-54.43 aball=-35.6 bref=0.00 pid=-250.0 pref=-289.0 ppos=-90.9 apid=-0.0 integ=-0.0 vision=1 current=1 vframe=30571 vs=1 vage=8 vpage=8 vdt=33 vmax=266 vacc=30513 vrej=0 seq=0 elapsed=0 oled=3C
[   2233] STATUS mode=3 fault=none enc=-104 denc=-2 sreq=-250 sapplied=-250 crate=-250 uimp=-100415 upos=505 uneg=755 ball=-8.59 vball=-54.43 aball=-35.6 bref=0.00 pid=-250.0 pref=-289.0 ppos=-95.9 apid=-0.0 integ=-0.0 vision=1 current=1 vframe=30571 vs=1 vage=28 vpage=28 vdt=33 vmax=266 vacc=30513 vrej=0 seq=0 elapsed=0 oled=3C
[   2250] STATUS mode=3 fault=none enc=-117 denc=-2 sreq=-250 sapplied=-250 crate=-250 uimp=-110415 upos=505 uneg=795 ball=-11.60 vball=-49.33 aball=0.6 bref=0.00 pid=-250.0 pref=-272.6 ppos=-105.9 apid=0.0 integ=-0.0 vision=1 current=1 vframe=30573 vs=1 vage=3 vpage=3 vdt=33 vmax=266 vacc=30515 vrej=0 seq=0 elapsed=0 oled=3C
[   2281] STATUS mode=3 fault=none enc=-123 denc=-2 sreq=-250 sapplied=-250 crate=-250 uimp=-115415 upos=505 uneg=815 ball=-11.60 vball=-49.33 aball=0.6 bref=0.00 pid=-250.0 pref=-272.6 ppos=-110.9 apid=0.0 integ=-0.0 vision=1 current=1 vframe=30573 vs=1 vage=23 vpage=23 vdt=33 vmax=266 vacc=30515 vrej=0 seq=0 elapsed=0 oled=3C
[   2311] STATUS mode=3 fault=none enc=-136 denc=-2 sreq=-250 sapplied=-250 crate=-250 uimp=-125415 upos=505 uneg=855 ball=-12.79 vball=-45.35 aball=0.6 bref=0.00 pid=-250.0 pref=-256.2 ppos=-115.9 apid=0.0 integ=-0.0 vision=1 current=1 vframe=30574 vs=1 vage=10 vpage=10 vdt=33 vmax=266 vacc=30516 vrej=0 seq=0 elapsed=0 oled=3C
[   2342] STATUS mode=3 fault=none enc=-141 denc=-1 sreq=-250 sapplied=-250 crate=-250 uimp=-130415 upos=505 uneg=875 ball=-14.00 vball=-42.99 aball=46.8 bref=0.00 pid=-250.0 pref=-248.1 ppos=-125.9 apid=0.0 integ=-0.0 vision=1 current=1 vframe=30575 vs=1 vage=17 vpage=17 vdt=33 vmax=266 vacc=30517 vrej=0 seq=0 elapsed=0 oled=3C
[   2358] STATUS mode=3 fault=none enc=-148 denc=-2 sreq=-250 sapplied=-250 crate=-250 uimp=-135415 upos=505 uneg=895 ball=-15.05 vball=-39.16 aball=46.8 bref=0.00 pid=-250.0 pref=-248.1 ppos=-130.9 apid=0.0 integ=-0.0 vision=1 current=1 vframe=30576 vs=1 vage=1 vpage=1 vdt=36 vmax=266 vacc=30518 vrej=0 seq=0 elapsed=0 oled=3C
[   2390] STATUS mode=3 fault=none enc=-160 denc=-1 sreq=-250 sapplied=-250 crate=-250 uimp=-145415 upos=505 uneg=935 ball=-15.98 vball=-35.96 aball=46.8 bref=0.00 pid=-250.0 pref=-218.9 ppos=-140.9 apid=0.0 integ=-0.0 vision=1 current=1 vframe=30577 vs=1 vage=8 vpage=8 vdt=33 vmax=266 vacc=30519 vrej=0 seq=0 elapsed=0 oled=3C
[   2420] STATUS mode=3 fault=none enc=-167 denc=-1 sreq=-250 sapplied=-250 crate=-250 uimp=-150415 upos=505 uneg=955 ball=-15.98 vball=-35.96 aball=46.8 bref=0.00 pid=-250.0 pref=-218.9 ppos=-145.9 apid=0.0 integ=-0.0 vision=1 current=1 vframe=30577 vs=1 vage=28 vpage=28 vdt=33 vmax=266 vacc=30519 vrej=0 seq=0 elapsed=0 oled=3C
[   2452] STATUS mode=3 fault=none enc=-173 denc=-1 sreq=-250 sapplied=-250 crate=-250 uimp=-155415 upos=505 uneg=975 ball=-16.74 vball=-32.11 aball=73.7 bref=0.00 pid=-250.0 pref=-201.9 ppos=-150.9 apid=0.0 integ=-0.0 vision=1 current=1 vframe=30578 vs=1 vage=15 vpage=15 vdt=33 vmax=266 vacc=30520 vrej=0 seq=0 elapsed=0 oled=3C
[   2483] STATUS mode=3 fault=none enc=-186 denc=-2 sreq=-250 sapplied=-250 crate=-250 uimp=-165415 upos=505 uneg=1015 ball=-17.58 vball=-29.75 aball=73.7 bref=0.00 pid=-250.0 pref=-192.6 ppos=-160.9 apid=0.0 integ=-0.0 vision=1 current=1 vframe=30579 vs=1 vage=22 vpage=22 vdt=33 vmax=266 vacc=30521 vrej=0 seq=0 elapsed=0 oled=3C
[   2500] STATUS mode=3 fault=none enc=-190 denc=0 sreq=-50 sapplied=-50 crate=-50 uimp=-169915 upos=505 uneg=1035 ball=-17.78 vball=-22.78 aball=73.7 bref=0.00 pid=70.6 pref=-158.4 ppos=-165.4 apid=0.0 integ=-0.0 vision=1 current=1 vframe=30580 vs=1 vage=9 vpage=9 vdt=33 vmax=266 vacc=30522 vrej=0 seq=0 elapsed=0 oled=3C
[   2531] STATUS mode=3 fault=none enc=-190 denc=3 sreq=250 sapplied=250 crate=250 uimp=-166745 upos=535 uneg=1040 ball=-17.94 vball=-17.35 aball=107.0 bref=0.00 pid=250.0 pref=-131.7 ppos=-162.2 apid=0.0 integ=-0.0 vision=1 current=1 vframe=30581 vs=1 vage=15 vpage=15 vdt=34 vmax=266 vacc=30523 vrej=0 seq=0 elapsed=0 oled=3C
[   2561] STATUS mode=3 fault=none enc=-185 denc=0 sreq=250 sapplied=250 crate=250 uimp=-161745 upos=555 uneg=1040 ball=-17.91 vball=-12.03 aball=107.0 bref=0.00 pid=250.0 pref=-105.0 ppos=-157.2 apid=0.0 integ=-0.0 vision=1 current=1 vframe=30582 vs=1 vage=2 vpage=2 vdt=33 vmax=266 vacc=30524 vrej=0 seq=0 elapsed=0 oled=3C
[   2592] STATUS mode=3 fault=none enc=-178 denc=2 sreq=250 sapplied=250 crate=250 uimp=-156745 upos=575 uneg=1040 ball=-17.91 vball=-12.03 aball=107.0 bref=0.00 pid=250.0 pref=-105.0 ppos=-152.2 apid=0.0 integ=-0.0 vision=1 current=1 vframe=30582 vs=1 vage=22 vpage=22 vdt=33 vmax=266 vacc=30524 vrej=0 seq=0 elapsed=0 oled=3C
[   2608] STATUS mode=3 fault=none enc=-166 denc=1 sreq=250 sapplied=250 crate=250 uimp=-146745 upos=615 uneg=1040 ball=-17.79 vball=-7.35 aball=107.0 bref=0.00 pid=250.0 pref=-81.2 ppos=-142.2 apid=0.0 integ=-0.0 vision=1 current=1 vframe=30583 vs=1 vage=29 vpage=29 vdt=33 vmax=266 vacc=30525 vrej=0 seq=0 elapsed=0 oled=3C
[   2640] STATUS mode=3 fault=none enc=-159 denc=1 sreq=250 sapplied=250 crate=250 uimp=-141745 upos=635 uneg=1040 ball=-17.66 vball=-4.00 aball=119.5 bref=0.00 pid=250.0 pref=-64.1 ppos=-137.2 apid=0.0 integ=-0.0 vision=1 current=1 vframe=30584 vs=1 vage=16 vpage=16 vdt=33 vmax=266 vacc=30526 vrej=0 seq=0 elapsed=0 oled=3C
[   2670] STATUS mode=3 fault=none enc=-147 denc=1 sreq=250 sapplied=250 crate=250 uimp=-131745 upos=675 uneg=1040 ball=-17.46 vball=-1.12 aball=119.5 bref=0.00 pid=250.0 pref=-49.1 ppos=-127.2 apid=0.0 integ=-0.0 vision=1 current=1 vframe=30585 vs=1 vage=22 vpage=22 vdt=34 vmax=266 vacc=30527 vrej=0 seq=0 elapsed=0 oled=3C
[   2702] STATUS mode=3 fault=none enc=-140 denc=2 sreq=250 sapplied=250 crate=250 uimp=-126745 upos=695 uneg=1040 ball=-16.85 vball=4.62 aball=119.5 bref=0.00 pid=250.0 pref=-18.6 ppos=-122.2 apid=0.0 integ=-0.0 vision=1 current=1 vframe=30586 vs=1 vage=9 vpage=9 vdt=33 vmax=266 vacc=30528 vrej=0 seq=0 elapsed=0 oled=3C
[   2717] STATUS mode=3 fault=none enc=-134 denc=2 sreq=250 sapplied=250 crate=250 uimp=-121745 upos=715 uneg=1040 ball=-16.85 vball=4.62 aball=119.5 bref=0.00 pid=250.0 pref=-18.6 ppos=-117.2 apid=0.0 integ=-0.0 vision=1 current=1 vframe=30586 vs=1 vage=29 vpage=29 vdt=33 vmax=266 vacc=30528 vrej=0 seq=0 elapsed=0 oled=3C
[   2750] STATUS mode=3 fault=none enc=-122 denc=1 sreq=250 sapplied=250 crate=250 uimp=-111745 upos=755 uneg=1040 ball=-14.82 vball=17.76 aball=136.4 bref=0.00 pid=250.0 pref=53.2 ppos=-107.2 apid=0.0 integ=-0.0 vision=1 current=1 vframe=30588 vs=1 vage=2 vpage=2 vdt=33 vmax=266 vacc=30530 vrej=0 seq=0 elapsed=0 oled=3C
[   2781] STATUS mode=3 fault=none enc=-115 denc=1 sreq=250 sapplied=250 crate=250 uimp=-106745 upos=775 uneg=1040 ball=-14.82 vball=17.76 aball=136.4 bref=0.00 pid=250.0 pref=53.2 ppos=-102.2 apid=0.0 integ=-0.0 vision=1 current=1 vframe=30588 vs=1 vage=22 vpage=22 vdt=33 vmax=266 vacc=30530 vrej=0 seq=0 elapsed=0 oled=3C
[   2811] STATUS mode=3 fault=none enc=-108 denc=2 sreq=250 sapplied=250 crate=250 uimp=-101745 upos=795 uneg=1040 ball=-13.66 vball=22.71 aball=136.4 bref=0.00 pid=250.0 pref=81.5 ppos=-97.2 apid=0.0 integ=-0.0 vision=1 current=1 vframe=30589 vs=1 vage=9 vpage=9 vdt=33 vmax=266 vacc=30531 vrej=0 seq=0 elapsed=0 oled=3C
[   2827] STATUS mode=3 fault=none enc=-97 denc=1 sreq=250 sapplied=250 crate=250 uimp=-91745 upos=835 uneg=1040 ball=-12.50 vball=26.55 aball=141.8 bref=0.00 pid=250.0 pref=104.1 ppos=-87.2 apid=0.0 integ=-0.0 vision=1 current=1 vframe=30590 vs=1 vage=16 vpage=16 vdt=33 vmax=266 vacc=30532 vrej=0 seq=0 elapsed=0 oled=3C
[   2858] STATUS mode=3 fault=none enc=-90 denc=1 sreq=250 sapplied=250 crate=250 uimp=-86745 upos=855 uneg=1040 ball=-11.16 vball=30.40 aball=141.8 bref=0.00 pid=250.0 pref=127.4 ppos=-82.2 apid=0.0 integ=-0.0 vision=1 current=1 vframe=30591 vs=1 vage=3 vpage=3 vdt=33 vmax=266 vacc=30533 vrej=0 seq=0 elapsed=0 oled=3C
[   2890] STATUS mode=3 fault=none enc=-84 denc=1 sreq=250 sapplied=250 crate=250 uimp=-81745 upos=875 uneg=1040 ball=-11.16 vball=30.40 aball=141.8 bref=0.00 pid=250.0 pref=127.4 ppos=-77.2 apid=0.0 integ=-0.0 vision=1 current=1 vframe=30591 vs=1 vage=23 vpage=23 vdt=33 vmax=266 vacc=30533 vrej=0 seq=0 elapsed=0 oled=3C
[   2920] STATUS mode=3 fault=none enc=-70 denc=2 sreq=250 sapplied=250 crate=250 uimp=-71745 upos=915 uneg=1040 ball=-9.95 vball=32.49 aball=141.8 bref=0.00 pid=250.0 pref=141.5 ppos=-67.2 apid=0.0 integ=-0.0 vision=1 current=1 vframe=30592 vs=1 vage=29 vpage=29 vdt=34 vmax=266 vacc=30534 vrej=0 seq=0 elapsed=0 oled=3C
[   2936] STATUS mode=3 fault=none enc=-64 denc=1 sreq=250 sapplied=250 crate=250 uimp=-66745 upos=935 uneg=1040 ball=-8.63 vball=34.53 aball=113.5 bref=0.00 pid=250.0 pref=155.6 ppos=-62.2 apid=0.0 integ=-0.0 vision=1 current=1 vframe=30593 vs=1 vage=15 vpage=15 vdt=34 vmax=266 vacc=30535 vrej=0 seq=0 elapsed=0 oled=3C
[   2967] STATUS mode=3 fault=none enc=-51 denc=2 sreq=250 sapplied=250 crate=250 uimp=-56745 upos=975 uneg=1040 ball=-7.28 vball=36.28 aball=113.5 bref=0.00 pid=250.0 pref=168.4 ppos=-52.2 apid=0.0 integ=-0.0 vision=1 current=1 vframe=30594 vs=1 vage=22 vpage=22 vdt=33 vmax=266 vacc=30536 vrej=0 seq=0 elapsed=0 oled=3C
[   3000] STATUS mode=3 fault=none enc=-45 denc=2 sreq=250 sapplied=250 crate=250 uimp=-51745 upos=995 uneg=1040 ball=-6.01 vball=37.03 aball=113.5 bref=0.00 pid=250.0 pref=176.0 ppos=-47.2 apid=0.0 integ=-0.0 vision=1 current=1 vframe=30595 vs=1 vage=9 vpage=9 vdt=33 vmax=266 vacc=30537 vrej=0 seq=0 elapsed=0 oled=3C
[   3031] STATUS mode=3 fault=none enc=-38 denc=2 sreq=250 sapplied=250 crate=250 uimp=-46745 upos=1015 uneg=1040 ball=-6.01 vball=37.03 aball=113.5 bref=0.00 pid=250.0 pref=176.0 ppos=-42.2 apid=0.0 integ=-0.0 vision=1 current=1 vframe=30595 vs=1 vage=29 vpage=29 vdt=33 vmax=266 vacc=30537 vrej=0 seq=0 elapsed=0 oled=3C
[   3045] STATUS mode=3 fault=none enc=-26 denc=1 sreq=250 sapplied=250 crate=250 uimp=-36745 upos=1055 uneg=1040 ball=-3.07 vball=40.57 aball=77.5 bref=0.00 pid=250.0 pref=202.5 ppos=-32.2 apid=0.0 integ=-0.0 vision=1 current=1 vframe=30597 vs=1 vage=3 vpage=3 vdt=33 vmax=266 vacc=30539 vrej=0 seq=0 elapsed=0 oled=3C
[   3077] STATUS mode=3 fault=none enc=-19 denc=2 sreq=250 sapplied=250 crate=250 uimp=-31745 upos=1075 uneg=1040 ball=-3.07 vball=40.57 aball=77.5 bref=0.00 pid=250.0 pref=202.5 ppos=-27.2 apid=0.0 integ=-0.0 vision=1 current=1 vframe=30597 vs=1 vage=23 vpage=23 vdt=33 vmax=266 vacc=30539 vrej=0 seq=0 elapsed=0 oled=3C
[   3108] STATUS mode=3 fault=none enc=-13 denc=1 sreq=250 sapplied=250 crate=250 uimp=-26745 upos=1095 uneg=1040 ball=-1.62 vball=41.64 aball=77.5 bref=0.00 pid=250.0 pref=212.2 ppos=-22.2 apid=0.0 integ=-0.0 vision=1 current=1 vframe=30598 vs=1 vage=9 vpage=9 vdt=34 vmax=266 vacc=30540 vrej=0 seq=0 elapsed=0 oled=3C
[   3140] STATUS mode=3 fault=none enc=0 denc=2 sreq=250 sapplied=250 crate=250 uimp=-16745 upos=1135 uneg=1040 ball=-0.43 vball=39.69 aball=51.0 bref=0.00 pid=250.0 pref=206.0 ppos=-12.2 apid=0.0 integ=-0.0 vision=1 current=1 vframe=30599 vs=1 vage=17 vpage=17 vdt=32 vmax=266 vacc=30541 vrej=0 seq=0 elapsed=0 oled=3C
[   3156] STATUS mode=3 fault=none enc=7 denc=2 sreq=250 sapplied=250 crate=250 uimp=-11745 upos=1155 uneg=1040 ball=1.15 vball=41.51 aball=51.0 bref=0.00 pid=250.0 pref=219.9 ppos=-7.2 apid=0.0 integ=-0.0 vision=1 current=1 vframe=30600 vs=1 vage=2 vpage=2 vdt=35 vmax=266 vacc=30542 vrej=0 seq=0 elapsed=0 oled=3C
[   3186] STATUS mode=3 fault=none enc=14 denc=2 sreq=250 sapplied=250 crate=250 uimp=-6745 upos=1175 uneg=1040 ball=1.15 vball=41.51 aball=51.0 bref=0.00 pid=250.0 pref=219.9 ppos=-2.2 apid=0.0 integ=-0.0 vision=1 current=1 vframe=30600 vs=1 vage=22 vpage=22 vdt=35 vmax=266 vacc=30542 vrej=0 seq=0 elapsed=0 oled=3C
[   3217] STATUS mode=3 fault=none enc=26 denc=1 sreq=250 sapplied=250 crate=250 uimp=3255 upos=1215 uneg=1040 ball=2.34 vball=39.81 aball=51.0 bref=0.00 pid=250.0 pref=215.0 ppos=7.8 apid=0.0 integ=-0.0 vision=1 current=1 vframe=30601 vs=1 vage=29 vpage=29 vdt=33 vmax=266 vacc=30543 vrej=0 seq=0 elapsed=0 oled=3C
[   3233] STATUS mode=3 fault=none enc=32 denc=1 sreq=250 sapplied=250 crate=250 uimp=8255 upos=1235 uneg=1040 ball=4.05 vball=42.78 aball=41.7 bref=0.00 pid=250.0 pref=234.9 ppos=12.8 apid=0.0 integ=-0.0 vision=1 current=1 vframe=30602 vs=1 vage=15 vpage=15 vdt=34 vmax=266 vacc=30544 vrej=0 seq=0 elapsed=0 oled=3C
[   3265] STATUS mode=3 fault=none enc=39 denc=2 sreq=250 sapplied=250 crate=250 uimp=13255 upos=1255 uneg=1040 ball=5.46 vball=43.56 aball=41.7 bref=0.00 pid=250.0 pref=243.1 ppos=17.8 apid=0.0 integ=-0.0 vision=1 current=1 vframe=30603 vs=1 vage=2 vpage=2 vdt=33 vmax=266 vacc=30545 vrej=0 seq=0 elapsed=0 oled=3C
[   3295] STATUS mode=3 fault=none enc=52 denc=2 sreq=250 sapplied=250 crate=250 uimp=23255 upos=1295 uneg=1040 ball=6.42 vball=38.91 aball=41.7 bref=0.00 pid=250.0 pref=222.7 ppos=27.8 apid=0.0 integ=-0.0 vision=1 current=1 vframe=30604 vs=1 vage=9 vpage=9 vdt=33 vmax=266 vacc=30546 vrej=0 seq=0 elapsed=0 oled=3C
[   3327] STATUS mode=3 fault=none enc=58 denc=1 sreq=250 sapplied=250 crate=250 uimp=28255 upos=1315 uneg=1040 ball=6.42 vball=38.91 aball=41.7 bref=0.00 pid=250.0 pref=222.7 ppos=32.8 apid=0.0 integ=-0.0 vision=1 current=1 vframe=30604 vs=1 vage=29 vpage=29 vdt=33 vmax=266 vacc=30546 vrej=0 seq=0 elapsed=0 oled=3C
[   3342] STATUS mode=3 fault=none enc=65 denc=2 sreq=250 sapplied=250 crate=250 uimp=33255 upos=1335 uneg=1040 ball=7.51 vball=37.15 aball=-2.4 bref=0.00 pid=250.0 pref=217.2 ppos=37.8 apid=-0.0 integ=-0.0 vision=1 current=1 vframe=30605 vs=1 vage=15 vpage=15 vdt=34 vmax=266 vacc=30547 vrej=0 seq=0 elapsed=0 oled=3C
[   3375] STATUS mode=3 fault=none enc=77 denc=1 sreq=250 sapplied=250 crate=250 uimp=43255 upos=1375 uneg=1040 ball=8.29 vball=33.42 aball=-2.4 bref=0.00 pid=250.0 pref=200.9 ppos=47.8 apid=-0.0 integ=-0.0 vision=1 current=1 vframe=30606 vs=1 vage=22 vpage=22 vdt=33 vmax=266 vacc=30548 vrej=0 seq=0 elapsed=0 oled=3C
[   3406] STATUS mode=3 fault=none enc=84 denc=1 sreq=250 sapplied=250 crate=250 uimp=48255 upos=1395 uneg=1040 ball=9.28 vball=32.36 aball=-2.4 bref=0.00 pid=250.0 pref=198.5 ppos=52.8 apid=-0.0 integ=-0.0 vision=1 current=1 vframe=30607 vs=1 vage=9 vpage=9 vdt=33 vmax=266 vacc=30549 vrej=0 seq=0 elapsed=0 oled=3C
[   3420] STATUS mode=3 fault=none enc=91 denc=1 sreq=250 sapplied=250 crate=250 uimp=53255 upos=1415 uneg=1040 ball=9.28 vball=32.36 aball=-2.4 bref=0.00 pid=250.0 pref=198.5 ppos=57.8 apid=-0.0 integ=-0.0 vision=1 current=1 vframe=30607 vs=1 vage=29 vpage=29 vdt=33 vmax=266 vacc=30549 vrej=0 seq=0 elapsed=0 oled=3C
[   3452] STATUS mode=3 fault=none enc=104 denc=1 sreq=250 sapplied=250 crate=250 uimp=63255 upos=1455 uneg=1040 ball=10.25 vball=22.79 aball=-37.8 bref=0.00 pid=250.0 pref=153.6 ppos=67.8 apid=-0.0 integ=-0.0 vision=1 current=1 vframe=30609 vs=1 vage=2 vpage=2 vdt=33 vmax=266 vacc=30551 vrej=0 seq=0 elapsed=0 oled=3C
[   3483] STATUS mode=3 fault=none enc=110 denc=1 sreq=250 sapplied=250 crate=250 uimp=68255 upos=1475 uneg=1040 ball=10.25 vball=22.79 aball=-37.8 bref=0.00 pid=250.0 pref=153.6 ppos=72.8 apid=-0.0 integ=-0.0 vision=1 current=1 vframe=30609 vs=1 vage=22 vpage=22 vdt=33 vmax=266 vacc=30551 vrej=0 seq=0 elapsed=0 oled=3C
[   3515] STATUS mode=3 fault=none enc=116 denc=1 sreq=250 sapplied=250 crate=250 uimp=73255 upos=1495 uneg=1040 ball=10.75 vball=20.65 aball=-37.8 bref=0.00 pid=250.0 pref=144.4 ppos=77.8 apid=-0.0 integ=-0.0 vision=1 current=1 vframe=30610 vs=1 vage=9 vpage=9 vdt=33 vmax=266 vacc=30552 vrej=0 seq=0 elapsed=0 oled=3C
[   3531] STATUS mode=3 fault=none enc=129 denc=1 sreq=250 sapplied=250 crate=250 uimp=83255 upos=1535 uneg=1040 ball=11.06 vball=17.30 aball=-74.7 bref=0.00 pid=250.0 pref=128.6 ppos=87.8 apid=-0.0 integ=-0.0 vision=1 current=1 vframe=30611 vs=1 vage=17 vpage=17 vdt=32 vmax=266 vacc=30553 vrej=0 seq=0 elapsed=0 oled=3C
[   3561] STATUS mode=3 fault=none enc=136 denc=1 sreq=150 sapplied=150 crate=150 uimp=88255 upos=1555 uneg=1040 ball=11.13 vball=12.88 aball=-74.7 bref=0.00 pid=139.2 pref=106.7 ppos=92.8 apid=-0.0 integ=-0.0 vision=1 current=1 vframe=30612 vs=1 vage=4 vpage=4 vdt=33 vmax=266 vacc=30554 vrej=0 seq=0 elapsed=0 oled=3C
[   3592] STATUS mode=3 fault=none enc=143 denc=2 sreq=-96 sapplied=0 crate=-96 uimp=92495 upos=1590 uneg=1040 ball=11.13 vball=9.03 aball=-74.7 bref=0.00 pid=-95.7 pref=87.4 ppos=97.0 apid=-0.0 integ=-0.0 vision=1 current=1 vframe=30613 vs=1 vage=10 vpage=10 vdt=34 vmax=266 vacc=30555 vrej=0 seq=0 elapsed=0 oled=3C
[   3625] STATUS mode=3 fault=none enc=141 denc=-1 sreq=-82 sapplied=-82 crate=-82 uimp=91130 upos=1590 uneg=1055 ball=11.13 vball=9.03 aball=-74.7 bref=0.00 pid=-82.1 pref=87.4 ppos=95.6 apid=-0.0 integ=-0.0 vision=1 current=1 vframe=30613 vs=1 vage=30 vpage=30 vdt=34 vmax=266 vacc=30555 vrej=0 seq=0 elapsed=0 oled=3C
[   3640] STATUS mode=3 fault=none enc=140 denc=0 sreq=-211 sapplied=-211 crate=-211 uimp=87530 upos=1590 uneg=1075 ball=11.06 vball=5.77 aball=-93.0 bref=0.00 pid=-211.2 pref=70.9 ppos=92.0 apid=-0.0 integ=-0.0 vision=1 current=1 vframe=30614 vs=1 vage=17 vpage=17 vdt=33 vmax=266 vacc=30556 vrej=0 seq=0 elapsed=0 oled=3C
[   3670] STATUS mode=3 fault=none enc=128 denc=-1 sreq=-250 sapplied=-250 crate=-250 uimp=78610 upos=1590 uneg=1115 ball=10.59 vball=-0.53 aball=-93.0 bref=0.00 pid=-250.0 pref=38.0 ppos=83.1 apid=-0.0 integ=-0.0 vision=1 current=1 vframe=30615 vs=1 vage=24 vpage=24 vdt=33 vmax=266 vacc=30557 vrej=0 seq=0 elapsed=0 oled=3C
[   3702] STATUS mode=3 fault=none enc=121 denc=-2 sreq=-250 sapplied=-250 crate=-250 uimp=73610 upos=1590 uneg=1135 ball=9.73 vball=-7.73 aball=-93.0 bref=0.00 pid=-250.0 pref=-0.6 ppos=78.1 apid=-0.0 integ=-0.0 vision=1 current=1 vframe=30616 vs=1 vage=9 vpage=9 vdt=35 vmax=266 vacc=30558 vrej=0 seq=0 elapsed=0 oled=3C
[   3733] STATUS mode=3 fault=none enc=115 denc=-1 sreq=-250 sapplied=-250 crate=-250 uimp=68610 upos=1590 uneg=1155 ball=9.73 vball=-7.73 aball=-93.0 bref=0.00 pid=-250.0 pref=-0.6 ppos=73.1 apid=-0.0 integ=-0.0 vision=1 current=1 vframe=30616 vs=1 vage=29 vpage=29 vdt=35 vmax=266 vacc=30558 vrej=0 seq=0 elapsed=0 oled=3C
[   3750] STATUS mode=3 fault=none enc=102 denc=-2 sreq=-250 sapplied=-250 crate=-250 uimp=58610 upos=1590 uneg=1195 ball=8.36 vball=-14.29 aball=-125.1 bref=0.00 pid=-250.0 pref=-37.5 ppos=63.1 apid=-0.0 integ=-0.0 vision=1 current=1 vframe=30618 vs=1 vage=5 vpage=5 vdt=33 vmax=266 vacc=30560 vrej=0 seq=0 elapsed=0 oled=3C
[   3781] STATUS mode=3 fault=none enc=96 denc=-1 sreq=-250 sapplied=-250 crate=-250 uimp=53610 upos=1590 uneg=1215 ball=8.36 vball=-14.29 aball=-125.1 bref=0.00 pid=-250.0 pref=-37.5 ppos=58.1 apid=-0.0 integ=-0.0 vision=1 current=1 vframe=30618 vs=1 vage=25 vpage=25 vdt=33 vmax=266 vacc=30560 vrej=0 seq=0 elapsed=0 oled=3C
[   3811] STATUS mode=3 fault=none enc=89 denc=-2 sreq=-250 sapplied=-250 crate=-250 uimp=48610 upos=1590 uneg=1235 ball=7.39 vball=-18.34 aball=-125.1 bref=0.00 pid=-250.0 pref=-60.6 ppos=53.1 apid=-0.0 integ=-0.0 vision=1 current=1 vframe=30619 vs=1 vage=12 vpage=12 vdt=33 vmax=266 vacc=30561 vrej=0 seq=0 elapsed=0 oled=3C
[   3842] STATUS mode=3 fault=none enc=75 denc=-2 sreq=-250 sapplied=-250 crate=-250 uimp=38610 upos=1590 uneg=1275 ball=5.98 vball=-25.44 aball=-136.0 bref=0.00 pid=-250.0 pref=-100.4 ppos=43.1 apid=-0.0 integ=-0.0 vision=1 current=1 vframe=30620 vs=1 vage=18 vpage=18 vdt=34 vmax=266 vacc=30562 vrej=0 seq=0 elapsed=0 oled=3C
[   3858] STATUS mode=3 fault=none enc=69 denc=-2 sreq=-250 sapplied=-250 crate=-250 uimp=33610 upos=1590 uneg=1295 ball=4.75 vball=-29.19 aball=-136.0 bref=0.00 pid=-250.0 pref=-122.8 ppos=38.1 apid=-0.0 integ=-0.0 vision=1 current=1 vframe=30621 vs=1 vage=2 vpage=2 vdt=36 vmax=266 vacc=30563 vrej=0 seq=0 elapsed=0 oled=3C
[   3890] STATUS mode=3 fault=none enc=56 denc=-2 sreq=-250 sapplied=-250 crate=-250 uimp=23610 upos=1590 uneg=1335 ball=3.78 vball=-28.95 aball=-136.0 bref=0.00 pid=-250.0 pref=-124.5 ppos=28.1 apid=-0.0 integ=-0.0 vision=1 current=1 vframe=30622 vs=1 vage=12 vpage=12 vdt=30 vmax=266 vacc=30564 vrej=0 seq=0 elapsed=0 oled=3C
[   3920] STATUS mode=3 fault=none enc=50 denc=-2 sreq=-250 sapplied=-250 crate=-250 uimp=18610 upos=1590 uneg=1355 ball=3.78 vball=-28.95 aball=-136.0 bref=0.00 pid=-250.0 pref=-124.5 ppos=23.1 apid=-0.0 integ=-0.0 vision=1 current=1 vframe=30622 vs=1 vage=32 vpage=32 vdt=30 vmax=266 vacc=30564 vrej=0 seq=0 elapsed=0 oled=3C
[   3952] STATUS mode=3 fault=none enc=43 denc=-2 sreq=-250 sapplied=-250 crate=-250 uimp=13610 upos=1590 uneg=1375 ball=2.57 vball=-31.29 aball=-101.1 bref=0.00 pid=-250.0 pref=-139.9 ppos=18.1 apid=-0.0 integ=-0.0 vision=1 current=1 vframe=30623 vs=1 vage=18 vpage=18 vdt=34 vmax=266 vacc=30565 vrej=0 seq=0 elapsed=0 oled=3C
[   3967] STATUS mode=3 fault=none enc=30 denc=-2 sreq=-250 sapplied=-250 crate=-250 uimp=3610 upos=1590 uneg=1415 ball=0.89 vball=-37.59 aball=-101.1 bref=0.00 pid=-250.0 pref=-176.4 ppos=8.1 apid=-0.0 integ=-0.0 vision=1 current=1 vframe=30624 vs=1 vage=25 vpage=25 vdt=33 vmax=266 vacc=30566 vrej=0 seq=0 elapsed=0 oled=3C
[   4000] STATUS mode=3 fault=none enc=24 denc=-2 sreq=-250 sapplied=-250 crate=-250 uimp=-1390 upos=1590 uneg=1435 ball=-0.28 vball=-36.61 aball=-101.1 bref=0.00 pid=-250.0 pref=-175.0 ppos=3.1 apid=-0.0 integ=-0.0 vision=1 current=1 vframe=30625 vs=1 vage=12 vpage=12 vdt=33 vmax=266 vacc=30567 vrej=0 seq=0 elapsed=0 oled=3C
[   4031] STATUS mode=3 fault=none enc=11 denc=-2 sreq=-250 sapplied=-250 crate=-250 uimp=-11390 upos=1590 uneg=1475 ball=-1.80 vball=-39.17 aball=-91.1 bref=0.00 pid=-250.0 pref=-192.4 ppos=-6.9 apid=-0.0 integ=-0.0 vision=1 current=1 vframe=30626 vs=1 vage=18 vpage=18 vdt=34 vmax=266 vacc=30568 vrej=0 seq=0 elapsed=0 oled=3C
[   4061] STATUS mode=3 fault=none enc=4 denc=-2 sreq=-250 sapplied=-250 crate=-250 uimp=-16390 upos=1590 uneg=1495 ball=-3.16 vball=-39.88 aball=-91.1 bref=0.00 pid=-250.0 pref=-200.0 ppos=-11.9 apid=-0.0 integ=-0.0 vision=1 current=1 vframe=30627 vs=1 vage=6 vpage=6 vdt=32 vmax=266 vacc=30569 vrej=0 seq=0 elapsed=0 oled=3C
[   4092] STATUS mode=3 fault=none enc=-3 denc=-3 sreq=-250 sapplied=-250 crate=-250 uimp=-21390 upos=1590 uneg=1515 ball=-3.16 vball=-39.88 aball=-91.1 bref=0.00 pid=-250.0 pref=-200.0 ppos=-16.9 apid=-0.0 integ=-0.0 vision=1 current=1 vframe=30627 vs=1 vage=26 vpage=26 vdt=32 vmax=266 vacc=30569 vrej=0 seq=0 elapsed=0 oled=3C
[   4108] STATUS mode=3 fault=none enc=-15 denc=-1 sreq=-250 sapplied=-250 crate=-250 uimp=-31390 upos=1590 uneg=1555 ball=-4.90 vball=-43.15 aball=-91.1 bref=0.00 pid=-250.0 pref=-221.6 ppos=-26.9 apid=-0.0 integ=-0.0 vision=1 current=1 vframe=30628 vs=1 vage=32 vpage=32 vdt=34 vmax=266 vacc=30570 vrej=0 seq=0 elapsed=0 oled=3C
[   4140] STATUS mode=3 fault=none enc=-21 denc=-1 sreq=-250 sapplied=-250 crate=-250 uimp=-36390 upos=1590 uneg=1575 ball=-6.52 vball=-45.00 aball=-76.3 bref=0.00 pid=-250.0 pref=-235.7 ppos=-31.9 apid=-0.0 integ=-0.0 vision=1 current=1 vframe=30629 vs=1 vage=18 vpage=18 vdt=34 vmax=266 vacc=30571 vrej=0 seq=0 elapsed=0 oled=3C
[   4170] STATUS mode=3 fault=none enc=-28 denc=-2 sreq=-250 sapplied=-250 crate=-250 uimp=-41390 upos=1590 uneg=1595 ball=-7.69 vball=-42.43 aball=-76.3 bref=0.00 pid=-250.0 pref=-226.3 ppos=-36.9 apid=-0.0 integ=-0.0 vision=1 current=1 vframe=30630 vs=1 vage=5 vpage=5 vdt=33 vmax=266 vacc=30572 vrej=0 seq=0 elapsed=0 oled=3C
[   4202] STATUS mode=3 fault=none enc=-41 denc=-2 sreq=-250 sapplied=-250 crate=-250 uimp=-51390 upos=1590 uneg=1635 ball=-9.28 vball=-43.64 aball=-76.3 bref=0.00 pid=-250.0 pref=-237.2 ppos=-46.9 apid=-0.0 integ=-0.0 vision=1 current=1 vframe=30631 vs=1 vage=10 vpage=10 vdt=35 vmax=266 vacc=30573 vrej=0 seq=0 elapsed=0 oled=3C
[   4233] STATUS mode=3 fault=none enc=-47 denc=-1 sreq=-250 sapplied=-250 crate=-250 uimp=-56390 upos=1590 uneg=1655 ball=-9.28 vball=-43.64 aball=-76.3 bref=0.00 pid=-250.0 pref=-237.2 ppos=-51.9 apid=-0.0 integ=-0.0 vision=1 current=1 vframe=30631 vs=1 vage=30 vpage=30 vdt=35 vmax=266 vacc=30573 vrej=0 seq=0 elapsed=0 oled=3C
[   4250] STATUS mode=3 fault=none enc=-59 denc=-1 sreq=-250 sapplied=-250 crate=-250 uimp=-66390 upos=1590 uneg=1695 ball=-11.97 vball=-42.38 aball=-30.4 bref=0.00 pid=-250.0 pref=-238.9 ppos=-61.9 apid=-0.0 integ=-0.0 vision=1 current=1 vframe=30633 vs=1 vage=3 vpage=3 vdt=34 vmax=266 vacc=30575 vrej=0 seq=0 elapsed=0 oled=3C
[   4281] STATUS mode=3 fault=none enc=-66 denc=-2 sreq=-250 sapplied=-250 crate=-250 uimp=-71390 upos=1590 uneg=1715 ball=-11.97 vball=-42.38 aball=-30.4 bref=0.00 pid=-250.0 pref=-238.9 ppos=-66.9 apid=-0.0 integ=-0.0 vision=1 current=1 vframe=30633 vs=1 vage=23 vpage=23 vdt=34 vmax=266 vacc=30575 vrej=0 seq=0 elapsed=0 oled=3C
[   4311] STATUS mode=3 fault=none enc=-72 denc=-2 sreq=-250 sapplied=-250 crate=-250 uimp=-76390 upos=1590 uneg=1735 ball=-13.17 vball=-40.27 aball=-30.4 bref=0.00 pid=-250.0 pref=-232.0 ppos=-71.9 apid=-0.0 integ=-0.0 vision=1 current=1 vframe=30634 vs=1 vage=10 vpage=10 vdt=33 vmax=266 vacc=30576 vrej=0 seq=0 elapsed=0 oled=3C
[   4342] STATUS mode=3 fault=none enc=-86 denc=-2 sreq=-250 sapplied=-250 crate=-250 uimp=-86390 upos=1590 uneg=1775 ball=-14.44 vball=-39.67 aball=-4.5 bref=0.00 pid=-250.0 pref=-232.8 ppos=-81.9 apid=-0.0 integ=-0.0 vision=1 current=1 vframe=30635 vs=1 vage=16 vpage=16 vdt=34 vmax=266 vacc=30577 vrej=0 seq=0 elapsed=0 oled=3C
[   4358] STATUS mode=3 fault=none enc=-92 denc=-1 sreq=-250 sapplied=-250 crate=-250 uimp=-91390 upos=1590 uneg=1795 ball=-15.56 vball=-38.04 aball=-4.5 bref=0.00 pid=-250.0 pref=-228.0 ppos=-86.9 apid=-0.0 integ=-0.0 vision=1 current=1 vframe=30636 vs=1 vage=2 vpage=2 vdt=34 vmax=266 vacc=30578 vrej=0 seq=0 elapsed=0 oled=3C
[   4390] STATUS mode=3 fault=none enc=-105 denc=-3 sreq=-250 sapplied=-250 crate=-250 uimp=-101390 upos=1590 uneg=1835 ball=-16.79 vball=-37.50 aball=-4.5 bref=0.00 pid=-250.0 pref=-229.0 ppos=-96.9 apid=-0.0 integ=-0.0 vision=1 current=1 vframe=30637 vs=1 vage=9 vpage=9 vdt=33 vmax=266 vacc=30579 vrej=0 seq=0 elapsed=0 oled=3C
[   4420] STATUS mode=3 fault=none enc=-111 denc=-2 sreq=-250 sapplied=-250 crate=-250 uimp=-106390 upos=1590 uneg=1855 ball=-16.79 vball=-37.50 aball=-4.5 bref=0.00 pid=-250.0 pref=-229.0 ppos=-101.9 apid=-0.0 integ=-0.0 vision=1 current=1 vframe=30637 vs=1 vage=29 vpage=29 vdt=33 vmax=266 vacc=30579 vrej=0 seq=0 elapsed=0 oled=3C
[   4452] STATUS mode=3 fault=none enc=-117 denc=-1 sreq=-250 sapplied=-250 crate=-250 uimp=-111390 upos=1590 uneg=1875 ball=-17.66 vball=-33.79 aball=24.8 bref=0.00 pid=-250.0 pref=-213.0 ppos=-106.9 apid=0.0 integ=-0.0 vision=1 current=1 vframe=30638 vs=1 vage=19 vpage=19 vdt=30 vmax=266 vacc=30580 vrej=0 seq=0 elapsed=0 oled=3C
[   4483] STATUS mode=3 fault=none enc=-130 denc=-1 sreq=-250 sapplied=-250 crate=-250 uimp=-121390 upos=1590 uneg=1915 ball=-18.43 vball=-30.82 aball=24.8 bref=0.00 pid=-250.0 pref=-200.5 ppos=-116.9 apid=0.0 integ=-0.0 vision=1 current=1 vframe=30639 vs=1 vage=25 vpage=25 vdt=34 vmax=266 vacc=30581 vrej=0 seq=0 elapsed=0 oled=3C
[   4500] STATUS mode=3 fault=none enc=-136 denc=-1 sreq=-250 sapplied=-250 crate=-250 uimp=-126390 upos=1590 uneg=1935 ball=-18.92 vball=-25.99 aball=24.8 bref=0.00 pid=-250.0 pref=-177.8 ppos=-121.9 apid=0.0 integ=-0.0 vision=1 current=1 vframe=30640 vs=1 vage=12 vpage=12 vdt=33 vmax=266 vacc=30582 vrej=0 seq=0 elapsed=0 oled=3C
[   4531] STATUS mode=3 fault=none enc=-148 denc=-1 sreq=-250 sapplied=-250 crate=-250 uimp=-136390 upos=1590 uneg=1975 ball=-19.35 vball=-22.11 aball=65.7 bref=0.00 pid=-250.0 pref=-159.7 ppos=-131.9 apid=0.0 integ=-0.0 vision=1 current=1 vframe=30641 vs=1 vage=18 vpage=18 vdt=34 vmax=266 vacc=30583 vrej=0 seq=0 elapsed=0 oled=3C
[   4561] STATUS mode=3 fault=none enc=-154 denc=-1 sreq=-141 sapplied=-141 crate=-141 uimp=-141345 upos=1590 uneg=1995 ball=-19.67 vball=-18.55 aball=65.7 bref=0.00 pid=-60.3 pref=-142.9 ppos=-136.8 apid=0.0 integ=-0.0 vision=1 current=1 vframe=30642 vs=1 vage=5 vpage=5 vdt=33 vmax=266 vacc=30584 vrej=0 seq=0 elapsed=0 oled=3C
[   4592] STATUS mode=3 fault=none enc=-156 denc=-1 sreq=-46 sapplied=-46 crate=-46 uimp=-142810 upos=1590 uneg=2015 ball=-19.67 vball=-18.55 aball=65.7 bref=0.00 pid=-45.7 pref=-142.9 ppos=-138.3 apid=0.0 integ=-0.0 vision=1 current=1 vframe=30642 vs=1 vage=25 vpage=25 vdt=33 vmax=266 vacc=30584 vrej=0 seq=0 elapsed=0 oled=3C
[   4625] STATUS mode=3 fault=none enc=-155 denc=1 sreq=129 sapplied=129 crate=129 uimp=-140525 upos=1610 uneg=2030 ball=-19.84 vball=-14.50 aball=65.7 bref=0.00 pid=128.9 pref=-123.1 ppos=-136.0 apid=0.0 integ=-0.0 vision=1 current=1 vframe=30643 vs=1 vage=31 vpage=31 vdt=34 vmax=266 vacc=30585 vrej=0 seq=0 elapsed=0 oled=3C
[   4640] STATUS mode=3 fault=none enc=-151 denc=1 sreq=218 sapplied=218 crate=218 uimp=-137010 upos=1630 uneg=2030 ball=-20.04 vball=-11.89 aball=81.2 bref=0.00 pid=218.2 pref=-110.7 ppos=-132.5 apid=0.0 integ=-0.0 vision=1 current=1 vframe=30644 vs=1 vage=16 vpage=16 vdt=35 vmax=266 vacc=30586 vrej=0 seq=0 elapsed=0 oled=3C
[   4670] STATUS mode=3 fault=none enc=-140 denc=1 sreq=250 sapplied=250 crate=250 uimp=-127965 upos=1670 uneg=2030 ball=-20.08 vball=-8.74 aball=81.2 bref=0.00 pid=250.0 pref=-95.1 ppos=-123.5 apid=0.0 integ=-0.0 vision=1 current=1 vframe=30645 vs=1 vage=23 vpage=23 vdt=33 vmax=266 vacc=30587 vrej=0 seq=0 elapsed=0 oled=3C
[   4702] STATUS mode=3 fault=none enc=-134 denc=1 sreq=250 sapplied=250 crate=250 uimp=-122965 upos=1690 uneg=2030 ball=-20.08 vball=-6.17 aball=81.2 bref=0.00 pid=250.0 pref=-82.2 ppos=-118.5 apid=0.0 integ=-0.0 vision=1 current=1 vframe=30646 vs=1 vage=9 vpage=9 vdt=34 vmax=266 vacc=30588 vrej=0 seq=0 elapsed=0 oled=3C
[   4733] STATUS mode=3 fault=none enc=-128 denc=1 sreq=250 sapplied=250 crate=250 uimp=-117965 upos=1710 uneg=2030 ball=-20.08 vball=-6.17 aball=81.2 bref=0.00 pid=250.0 pref=-82.2 ppos=-113.5 apid=0.0 integ=-0.0 vision=1 current=1 vframe=30646 vs=1 vage=29 vpage=29 vdt=34 vmax=266 vacc=30588 vrej=0 seq=0 elapsed=0 oled=3C
[   4750] STATUS mode=3 fault=none enc=-115 denc=1 sreq=250 sapplied=250 crate=250 uimp=-107965 upos=1750 uneg=2030 ball=-19.74 vball=-0.14 aball=79.9 bref=0.00 pid=250.0 pref=-51.0 ppos=-103.5 apid=0.0 integ=-0.0 vision=1 current=1 vframe=30648 vs=1 vage=3 vpage=3 vdt=33 vmax=266 vacc=30590 vrej=0 seq=0 elapsed=0 oled=3C
[   4781] STATUS mode=3 fault=none enc=-108 denc=2 sreq=250 sapplied=250 crate=250 uimp=-102965 upos=1770 uneg=2030 ball=-19.74 vball=-0.14 aball=79.9 bref=0.00 pid=250.0 pref=-51.0 ppos=-98.5 apid=0.0 integ=-0.0 vision=1 current=1 vframe=30648 vs=1 vage=23 vpage=23 vdt=33 vmax=266 vacc=30590 vrej=0 seq=0 elapsed=0 oled=3C
[   4811] STATUS mode=3 fault=none enc=-96 denc=1 sreq=250 sapplied=250 crate=250 uimp=-92965 upos=1810 uneg=2030 ball=-19.14 vball=5.23 aball=79.9 bref=0.00 pid==250.0 pref=-22.4 ppos=-93.5 apid=0.0 integ=-0.0 vision=1 current=1 vframe=30649 vs=1 vage=9 vpage=9 vdt=34 vmax=266 vacc=30591 vrej=0 seq=0 elapsed=0 oled=3C
[   4842] STATUS mode=3 fault=none enc=-90 denc=1 sreq=250 sapplied=250 crate=250 uimp=-87965 upos=1830 uneg=2030 ball=-18.64 vball=8.13 aball=98.8 bref=0.00 pid=250.0 pref=-6.4 ppos=-83.5 apid=0.0 integ=-0.0 vision=1 current=1 vframe=30650 vs=1 vage=16 vpage=16 vdt=33 vmax=266 vacc=30592 vrej=0 seq=0 elapsed=0 oled=3C
[   4858] STATUS mode=3 fault=none enc=-83 denc=2 sreq=250 sapplied=250 crate=250 uimp=-82965 upos=1850 uneg=2030 ball=-18.04 vball=11.08 aball=98.8 bref=0.00 pid=250.0 pref=10.2 ppos=-78.5 apid=0.0 integ=-0.0 vision=1 current=1 vframe=30651 vs=1 vage=3 vpage=3 vdt=33 vmax=266 vacc=30593 vrej=0 seq=0 elapsed=0 oled=3C
[   4890] STATUS mode=3 fault=none enc=-69 denc=2 sreq=250 sapplied=250 crate=250 uimp=-72965 upos=1890 uneg=2030 ball=-17.40 vball=13.45 aball=98.8 bref=0.00 pid=250.0 pref=23.9 ppos=-68.5 apid=0.0 integ=-0.0 vision=1 current=1 vframe=30652 vs=1 vage=9 vpage=9 vdt=34 vmax=266 vacc=30594 vrej=0 seq=0 elapsed=0 oled=3C
[   4920] STATUS mode=3 fault=none enc=-63 denc=2 sreq=250 sapplied=250 crate=250 uimp=-67965 upos=1910 uneg=2030 ball=-17.40 vball=13.45 aball=98.8 bref=0.00 pid=250.0 pref=23.9 ppos=-63.5 apid=0.0 integ=-0.0 vision=1 current=1 vframe=30652 vs=1 vage=29 vpage=29 vdt=34 vmax=266 vacc=30594 vrej=0 seq=0 elapsed=0 oled=3C
[   4952] STATUS mode=3 fault=none enc=-58 denc=0 sreq=250 sapplied=250 crate=250 uimp=-62965 upos=1930 uneg=2030 ball=-16.69 vball=15.63 aball=88.1 bref=0.00 pid=250.0 pref=37.0 ppos=-58.5 apid=0.0 integ=-0.0 vision=1 current=1 vframe=30653 vs=1 vage=16 vpage=16 vdt=33 vmax=266 vacc=30595 vrej=0 seq=0 elapsed=0 oled=3C
[   4967] STATUS mode=3 fault=none enc=-45 denc=1 sreq=250 sapplied=250 crate=250 uimp=-52965 upos=1970 uneg=2030 ball=-15.77 vball=19.39 aball=88.1 bref=0.00 pid=250.0 pref=58.5 ppos=-48.5 apid=0.0 integ=-0.0 vision=1 current=1 vframe=30654 vs=1 vage=22 vpage=22 vdt=34 vmax=266 vacc=30596 vrej=0 seq=0 elapsed=0 oled=3C
[   5000] STATUS mode=3 fault=none enc=-38 denc=2 sreq=250 sapplied=250 crate=250 uimp=-47965 upos=1990 uneg=2030 ball=-14.91 vball=21.44 aball=88.1 bref=0.00 pid=250.0 pref=71.4 ppos=-43.5 apid=0.0 integ=-0.0 vision=1 current=1 vframe=30655 vs=1 vage=9 vpage=9 vdt=33 vmax=266 vacc=30597 vrej=0 seq=0 elapsed=0 oled=3C
[   5031] STATUS mode=3 fault=none enc=-31 denc=2 sreq=250 sapplied=250 crate=250 uimp=-42965 upos=2010 uneg=2030 ball=-14.91 vball=21.44 aball=88.1 bref=0.00 pid=250.0 pref=71.4 ppos=-38.5 apid=0.0 integ=-0.0 vision=1 current=1 vframe=30655 vs=1 vage=29 vpage=29 vdt=33 vmax=266 vacc=30597 vrej=0 seq=0 elapsed=0 oled=3C
[   5061] STATUS mode=3 fault=none enc=-19 denc=1 sreq=250 sapplied=250 crate=250 uimp=-32965 upos=2050 uneg=2030 ball=-13.28 vball=23.24 aball=78.5 bref=0.00 pid=250.0 pref=85.2 ppos=-28.5 apid=0.0 integ=-0.0 vision=1 current=1 vframe=30657 vs=1 vage=3 vpage=3 vdt=33 vmax=266 vacc=30599 vrej=0 seq=0 elapsed=0 oled=3C
[   5077] STATUS mode=3 fault=none enc=-12 denc=2 sreq=250 sapplied=250 crate=250 uimp=-27965 upos=2070 uneg=2030 ball=-13.28 vball=23.24 aball=78.5 bref=0.00 pid=250.0 pref=85.2 ppos=-23.5 apid=0.0 integ=-0.0 vision=1 current=1 vframe=30657 vs=1 vage=23 vpage=23 vdt=33 vmax=266 vacc=30599 vrej=0 seq=0 elapsed=0 oled=3C
[   5108] STATUS mode=3 fault=none enc=-6 denc=2 sreq=250 sapplied=250 crate=250 uimp=-22965 upos=2090 uneg=2030 ball=-12.29 vball=25.30 aball=78.5 bref=0.00 pid=250.0 pref=98.5 ppos=-18.5 apid=0.0 integ=-0.0 vision=1 current=1 vframe=30658 vs=1 vage=9 vpage=9 vdt=34 vmax=266 vacc=30600 vrej=0 seq=0 elapsed=0 oled=3C
[   5140] STATUS mode=3 fault=none enc=7 denc=1 sreq=250 sapplied=250 crate=250 uimp=-12965 upos=2130 uneg=2030 ball=-11.55 vball=24.16 aball=51.5 bref=0.00 pid=250.0 pref=95.0 ppos=-8.5 apid=0.0 integ=-0.0 vision=1 current=1 vframe=30659 vs=1 vage=16 vpage=16 vdt=33 vmax=266 vacc=30601 vrej=0 seq=0 elapsed=0 oled=3C
[   5156] STATUS mode=3 fault=none enc=14 denc=1 sreq=250 sapplied=250 crate=250 uimp=-7965 upos=2150 uneg=2030 ball=-10.34 vball=27.66 aball=51.5 bref=0.00 pid=250.0 pref=116.2 ppos=-3.5 apid=0.0 integ=-0.0 vision=1 current=1 vframe=30660 vs=1 vage=5 vpage=5 vdt=31 vmax=266 vacc=30602 vrej=0 seq=0 elapsed=0 oled=3C
[   5186] STATUS mode=3 fault=none enc=20 denc=1 sreq=250 sapplied=250 crate=250 uimp=-2965 upos=2170 uneg=2030 ball=-10.34 vball=27.66 aball=51.5 bref=0.00 pid=250.0 pref=116.2 ppos=1.5 apid=0.0 integ=-0.0 vision=1 current=1 vframe=30660 vs=1 vage=25 vpage=25 vdt=31 vmax=266 vacc=30602 vrej=0 seq=0 elapsed=0 oled=3C
[   5217] STATUS mode=3 fault=none enc=33 denc=2 sreq=250 sapplied=250 crate=250 uimp=7035 upos=2210 uneg=2030 ball=-9.56 vball=26.37 aball=51.5 bref=0.00 pid=250.0 pref=112.1 ppos=11.5 apid=0.0 integ=-0.0 vision=1 current=1 vframe=30661 vs=1 vage=32 vpage=32 vdt=33 vmax=266 vacc=30603 vrej=0 seq=0 elapsed=0 oled=3C
[   5250] STATUS mode=3 fault=none enc=39 denc=1 sreq=250 sapplied=250 crate=250 uimp=12035 upos=2230 uneg=2030 ball=-9.19 vball=21.77 aball=17.5 bref=0.00 pid=250.0 pref=90.2 ppos=16.5 apid=0.0 integ=-0.0 vision=1 current=1 vframe=30662 vs=1 vage=17 vpage=17 vdt=35 vmax=266 vacc=30604 vrej=0 seq=0 elapsed=0 oled=3C
[   5265] STATUS mode=3 fault=none enc=46 denc=1 sreq=250 sapplied=250 crate=250 uimp=17035 upos=2250 uneg=2030 ball=-8.47 vball=21.78 aball=17.5 bref=0.00 pid=250.0 pref=92.4 ppos=21.5 apid=0.0 integ=-0.0 vision=1 current=1 vframe=30663 vs=1 vage=3 vpage=3 vdt=34 vmax=266 vacc=30605 vrej=0 seq=0 elapsed=0 oled=3C
[   5295] STATUS mode=3 fault=none enc=59 denc=2 sreq=250 sapplied=250 crate=250 uimp=27035 upos=2290 uneg=2030 ball=-7.87 vball=20.69 aball=17.5 bref=0.00 pid=250.0 pref=88.7 ppos=31.5 apid=0.0 integ=-0.0 vision=1 current=1 vframe=30664 vs=1 vage=10 vpage=10 vdt=33 vmax=266 vacc=30606 vrej=0 seq=0 elapsed=0 oled=3C
[   5327] STATUS mode=3 fault=none enc=66 denc=2 sreq=250 sapplied=250 crate=250 uimp=32035 upos=2310 uneg=2030 ball=-7.87 vball=20.69 aball=17.5 bref=0.00 pid=250.0 pref=88.7 ppos=36.5 apid=0.0 integ=-0.0 vision=1 current=1 vframe=30664 vs=1 vage=30 vpage=30 vdt=33 vmax=266 vacc=30606 vrej=0 seq=0 elapsed=0 oled=3C
[   5342] STATUS mode=3 fault=none enc=72 denc=2 sreq=250 sapplied=250 crate=250 uimp=37035 upos=2330 uneg=2030 ball=-7.51 vball=17.68 aball=-8.8 bref=0.00 pid=250.0 pref=74.8 ppos=41.5 apid=-0.0 integ=-0.0 vision=1 current=1 vframe=30665 vs=1 vage=17 vpage=17 vdt=33 vmax=266 vacc=30607 vrej=0 seq=0 elapsed=0 oled=3C
[   5375] STATUS mode=3 fault=none enc=82 denc=1 sreq=139 sapplied=139 crate=139 uimp=45195 upos=2370 uneg=2030 ball=-7.20 vball=15.26 aball=-8.8 bref=0.00 pid=138.9 pref=63.6 ppos=49.7 apid=-0.0 integ=-0.0 vision=1 current=1 vframe=30666 vs=1 vage=24 vpage=24 vdt=33 vmax=266 vacc=30608 vrej=0 seq=0 elapsed=0 oled=3C
[   5406] STATUS mode=3 fault=none enc=86 denc=1 sreq=-74 sapplied=0 crate=-74 uimp=47300 upos=2390 uneg=2030 ball=-7.12 vball=11.38 aball=-8.8 bref=0.00 pid=-73.8 pref=44.4 ppos=51.8 apid=-0.0 integ=-0.0 vision=1 current=1 vframe=30667 vs=1 vage=11 vpage=11 vdt=33 vmax=266 vacc=30609 vrej=0 seq=0 elapsed=0 oled=3C
[   5436] STATUS mode=3 fault=none enc=84 denc=0 sreq=-106 sapplied=-106 crate=-106 uimp=44480 upos=2390 uneg=2065 ball=-6.88 vball=10.02 aball=-39.0 bref=0.00 pid=-106.4 pref=38.3 ppos=49.0 apid=-0.0 integ=-0.0 vision=1 current=1 vframe=30668 vs=1 vage=16 vpage=16 vdt=35 vmax=266 vacc=30610 vrej=0 seq=0 elapsed=0 oled=3C
[   5452] STATUS mode=3 fault=none enc=82 denc=1 sreq=-191 sapplied=-191 crate=-191 uimp=42510 upos=2390 uneg=2085 ball=-6.84 vball=7.45 aball=-39.0 bref=0.00 pid=-214.0 pref=25.6 ppos=47.0 apid=-0.0 integ=-0.0 vision=1 current=1 vframe=30669 vs=1 vage=4 vpage=4 vdt=32 vmax=266 vacc=30611 vrej=0 seq=0 elapsed=0 oled=3C
[   5483] STATUS mode=3 fault=none enc=79 denc=-1 sreq=-175 sapplied=-175 crate=-175 uimp=38640 upos=2390 uneg=2105 ball=-6.84 vball=7.45 aball=-39.0 bref=0.00 pid=-175.3 pref=25.6 ppos=43.1 apid=-0.0 integ=-0.0 vision=1 current=1 vframe=30669 vs=1 vage=24 vpage=24 vdt=32 vmax=266 vacc=30611 vrej=0 seq=0 elapsed=0 oled=3C
[   5515] STATUS mode=3 fault=none enc=68 denc=-1 sreq=-209 sapplied=-209 crate=-209 uimp=30170 upos=2390 uneg=2145 ball=-6.86 vball=5.10 aball=-39.0 bref=0.00 pid=-208.7 pref=13.8 ppos=34.7 apid=-0.0 integ=-0.0 vision=1 current=1 vframe=30670 vs=1 vage=29 vpage=29 vdt=35 vmax=266 vacc=30612 vrej=0 seq=0 elapsed=0 oled=3C
[   5545] STATUS mode=3 fault=none enc=62 denc=-1 sreq=-249 sapplied=-249 crate=-249 uimp=25375 upos=2390 uneg=2165 ball=-6.88 vball=3.35 aball=-52.4 bref=0.00 pid=-248.8 pref=5.0 ppos=29.9 apid=-0.0 integ=-0.0 vision=1 current=1 vframe=30671 vs=1 vage=19 vpage=19 vdt=30 vmax=266 vacc=30613 vrej=0 seq=0 elapsed=0 oled=3C
[   5561] STATUS mode=3 fault=none enc=56 denc=-1 sreq=-250 sapplied=-250 crate=-250 uimp=20760 upos=2390 uneg=2185 ball=-6.92 vball=2.05 aball=-52.4 bref=0.00 pid=-250.0 pref=-1.6 ppos=25.3 apid=-0.0 integ=-0.0 vision=1 current=1 vframe=30672 vs=1 vage=6 vpage=6 vdt=33 vmax=266 vacc=30614 vrej=0 seq=0 elapsed=0 oled=3C
[   5592] STATUS mode=3 fault=none enc=44 denc=-1 sreq=-216 sapplied=-216 crate=-216 uimp=11405 upos=2390 uneg=2225 ball=-6.94 vball=1.25 aball=-52.4 bref=0.00 pid=-215.9 pref=-5.7 ppos=15.9 apid=-0.0 integ=-0.0 vision=1 current=1 vframe=30673 vs=1 vage=13 vpage=13 vdt=33 vmax=266 vacc=30615 vrej=0 seq=0 elapsed=0 oled=3C
[   5625] STATUS mode=3 fault=none enc=38 denc=-2 sreq=-176 sapplied=-176 crate=-176 uimp=7400 upos=2390 uneg=2245 ball=-6.94 vball=1.25 aball=-52.4 bref=0.00 pid=-175.9 pref=-5.7 ppos=11.9 apid=-0.0 integ=-0.0 vision=1 current=1 vframe=30673 vs=1 vage=33 vpage=33 vdt=33 vmax=266 vacc=30615 vrej=0 seq=0 elapsed=0 oled=3C
[   5656] STATUS mode=3 fault=none enc=32 denc=-2 sreq=-210 sapplied=-210 crate=-210 uimp=3025 upos=2390 uneg=2265 ball=-7.06 vball=-0.24 aball=-45.0 bref=0.00 pid=-210.2 pref=-13.5 ppos=7.5 apid=-0.0 integ=-0.0 vision=1 current=1 vframe=30674 vs=1 vage=19 vpage=19 vdt=34 vmax=266 vacc=30616 vrej=0 seq=0 elapsed=0 oled=3C
[   5670] STATUS mode=3 fault=none enc=22 denc=-1 sreq=-218 sapplied=-218 crate=-218 uimp=-5730 upos=2390 uneg=2305 ball=-7.27 vball=-2.02 aball=-45.0 bref=0.00 pid=-218.0 pref=-23.0 ppos=-1.2 apid=-0.0 integ=-0.0 vision=1 current=1 vframe=30675 vs=1 vage=26 vpage=26 vdt=33 vmax=266 vacc=30617 vrej=0 seq=0 elapsed=0 oled=3C
[   5702] STATUS mode=3 fault=none enc=16 denc=-1 sreq=-250 sapplied=-250 crate=-250 uimp=-10355 upos=2390 uneg=2325 ball=-7.84 vball=-6.62 aball=-45.0 bref=0.00 pid=-250.0 pref=-47.7 ppos=-5.8 apid=-0.0 integ=-0.0 vision=1 current=1 vframe=30676 vs=1 vage=13 vpage=13 vdt=33 vmax=266 vacc=30618 vrej=0 seq=0 elapsed=0 oled=3C
[   5733] STATUS mode=3 fault=none enc=3 denc=-1 sreq=-250 sapplied=-250 crate=-250 uimp=-20355 upos=2390 uneg=2365 ball=-8.50 vball=-10.30 aball=-70.5 bref=0.00 pid=-250.0 pref=-68.1 ppos=-15.8 apid=-0.0 integ=-0.0 vision=1 current=1 vframe=30684 vs=1 vage=20 vpage=20 vdt=33 vmax=266 vacc=30626 vrej=0 seq=0 elapsed=0 oled=3C
[   5765] STATUS mode=3 fault=none enc=-4 denc=-1 sreq=-250 sapplied=-250 crate=-250 uimp=-25355 upos=2390 uneg=2385 ball=-9.21 vball=-13.58 aball=-70.5 bref=0.00 pid=-250.0 pref=-86.6 ppos=-20.8 apid=-0.0 integ=-0.0 vision=1 current=1 vframe=30685 vs=1 vage=4 vpage=4 vdt=36 vmax=266 vacc=30627 vrej=0 seq=0 elapsed=0 oled=3C
[   5781] STATUS mode=3 fault=none enc=-11 denc=-2 sreq=-250 sapplied=-250 crate=-250 uimp=-30355 upos=2390 uneg=2405 ball=-9.21 vball=-13.58 aball=-70.5 bref=0.00 pid=-250.0 pref=-86.6 ppos=-25.8 apid=-0.0 integ=-0.0 vision=1 current=1 vframe=30685 vs=1 vage=24 vpage=24 vdt=36 vmax=266 vacc=30627 vrej=0 seq=0 elapsed=0 oled=3C
[   5811] STATUS mode=3 fault=none enc=-24 denc=-2 sreq=-250 sapplied=-250 crate=-250 uimp=-40355 upos=2390 uneg=2445 ball=-9.72 vball=-13.90 aball=-70.5 bref=0.00 pid=-250.0 pref=-89.8 ppos=-35.8 apid=-0.0 integ=-0.0 vision=1 current=1 vframe=30686 vs=1 vage=31 vpage=31 vdt=33 vmax=266 vacc=30628 vrej=0 seq=0 elapsed=0 oled=3C
[   5842] STATUS mode=3 fault=none enc=-30 denc=-2 sreq=-250 sapplied=-250 crate=-250 uimp=-45355 upos=2390 uneg=2465 ball=-10.29 vball=-15.02 aball=-59.8 bref=0.00 pid=-250.0 pref=-97.1 ppos=-40.8 apid=-0.0 integ=-0.0 vision=1 current=1 vframe=30687 vs=1 vage=19 vpage=19 vdt=32 vmax=266 vacc=30629 vrej=0 seq=0 elapsed=0 oled=3C
[   5875] STATUS mode=3 fault=none enc=-43 denc=-2 sreq=-250 sapplied=-250 crate=-250 uimp=-55355 upos=2390 uneg=2505 ball=-10.50 vball=-12.44 aball=-59.8 bref=0.00 pid=-250.0 pref=-84.8 ppos=-50.8 apid=-0.0 integ=-0.0 vision=1 current=1 vframe=30688 vs=1 vage=6 vpage=6 vdt=33 vmax=266 vacc=30630 vrej=0 seq=0 elapsed=0 oled=3C
[   5906] STATUS mode=3 fault=none enc=-49 denc=-1 sreq=-250 sapplied=-250 crate=-250 uimp=-60355 upos=2390 uneg=2525 ball=-11.13 vball=-14.19 aball=-59.8 bref=0.00 pid=-250.0 pref=-95.5 ppos=-55.8 apid=-0.0 integ=-0.0 vision=1 current=1 vframe=30689 vs=1 vage=12 vpage=12 vdt=34 vmax=266 vacc=30631 vrej=0 seq=0 elapsed=0 oled=3C
[   5920] STATUS mode=3 fault=none enc=-56 denc=-2 sreq=-250 sapplied=-250 crate=-250 uimp=-65355 upos=2390 uneg=2545 ball=-11.13 vball=-14.19 aball=-59.8 bref=0.00 pid=-250.0 pref=-95.5 ppos=-60.8 apid=-0.0 integ=-0.0 vision=1 current=1 vframe=30689 vs=1 vage=32 vpage=32 vdt=34 vmax=266 vacc=30631 vrej=0 seq=0 elapsed=0 oled=3C
[   5952] STATUS mode=3 fault=none enc=-68 denc=-2 sreq=-250 sapplied=-250 crate=-250 uimp=-75355 upos=2390 uneg=2585 ball=-12.15 vball=-14.51 aball=-35.4 bref=0.00 pid=-250.0 pref=-100.1 ppos=-70.8 apid=-0.0 integ=-0.0 vision=1 current=1 vframe=30691 vs=1 vage=5 vpage=5 vdt=34 vmax=266 vacc=30633 vrej=0 seq=0 elapsed=0 oled=3C
[   5983] STATUS mode=3 fault=none enc=-74 denc=-1 sreq=-243 sapplied=-243 crate=-243 uimp=-80355 upos=2390 uneg=2605 ball=-12.15 vball=-14.51 aball=-35.4 bref=0.00 pid=-242.6 pref=-100.1 ppos=-75.8 apid=-0.0 integ=-0.0 vision=1 current=1 vframe=30691 vs=1 vage=25 vpage=25 vdt=34 vmax=266 vacc=30633 vrej=0 seq=0 elapsed=0 oled=3C
[   6015] STATUS mode=3 fault=none enc=-78 denc=0 sreq=-50 sapplied=-50 crate=-50 uimp=-83635 upos=2390 uneg=2625 ball=-12.27 vball=-11.25 aball=-35.4 bref=0.00 pid=-50.4 pref=-84.2 ppos=-79.1 apid=-0.0 integ=-0.0 vision=1 current=1 vframe=30692 vs=1 vage=12 vpage=12 vdt=33 vmax=266 vacc=30634 vrej=0 seq=0 elapsed=0 oled=3C
[   6031] STATUS mode=3 fault=none enc=-81 denc=-1 sreq=79 sapplied=79 crate=79 uimp=-83925 upos=2400 uneg=2650 ball=-12.35 vball=-8.68 aball=11.0 bref=0.00 pid=78.6 pref=-71.6 ppos=-79.4 apid=0.0 integ=-0.0 vision=1 current=1 vframe=30693 vs=1 vage=17 vpage=17 vdt=35 vmax=266 vacc=30635 vrej=0 seq=0 elapsed=0 oled=3C
[   6061] STATUS mode=3 fault=none enc=-79 denc=0 sreq=167 sapplied=167 crate=167 uimp=-82465 upos=2420 uneg=2650 ball=-12.36 vball=-6.20 aball=11.0 bref=0.00 pid=187.7 pref=-59.2 ppos=-78.0 apid=0.0 integ=-0.0 vision=1 current=1 vframe=30694 vs=1 vage=4 vpage=4 vdt=33 vmax=266 vacc=30636 vrej=0 seq=0 elapsed=0 oled=3C
[   6092] STATUS mode=3 fault=none enc=-71 denc=2 sreq=155 sapplied=155 crate=155 uimp=-76065 upos=2460 uneg=2650 ball=-12.48 vball=-5.50 aball=11.0 bref=0.00 pid=155.1 pref=-56.1 ppos=-71.6 apid=0.0 integ=-0.0 vision=1 current=1 vframe=30695 vs=1 vage=10 vpage=10 vdt=34 vmax=266 vacc=30637 vrej=0 seq=0 elapsed=0 oled=3C
[   6125] STATUS mode=3 fault=none enc=-68 denc=2 sreq=126 sapplied=126 crate=126 uimp=-73190 upos=2480 uneg=2650 ball=-12.48 vball=-5.50 aball=11.0 bref=0.00 pid=126.3 pref=-56.1 ppos=-68.7 apid=0.0 integ=-0.0 vision=1 current=1 vframe=30695 vs=1 vage=30 vpage=30 vdt=34 vmax=266 vacc=30637 vrej=0 seq=0 elapsed=0 oled=3C
[   6140] STATUS mode=3 fault=none enc=-65 denc=0 sreq=134 sapplied=134 crate=134 uimp=-70320 upos=2500 uneg=2650 ball=-12.57 vball=-4.71 aball=23.9 bref=0.00 pid=134.4 pref=-52.4 ppos=-65.8 apid=0.0 integ=-0.0 vision=1 current=1 vframe=30696 vs=1 vage=17 vpage=17 vdt=33 vmax=266 vacc=30638 vrej=0 seq=0 elapsed=0 oled=3C
[   6170] STATUS mode=3 fault=none enc=-58 denc=1 sreq=135 sapplied=135 crate=135 uimp=-64760 upos=2540 uneg=2650 ball=-12.60 vball=-3.57 aball=23.9 bref=0.00 pid=134.9 pref=-46.8 ppos=-60.3 apid=0.0 integ=-0.0 vision=1 current=1 vframe=30697 vs=1 vage=25 vpage=25 vdt=32 vmax=266 vacc=30639 vrej=0 seq=0 elapsed=0 oled=3C
[   6202] STATUS mode=3 fault=none enc=-54 denc=1 sreq=161 sapplied=161 crate=161 uimp=-61700 upos=2560 uneg=2650 ball=-12.59 vball=-2.44 aball=23.9 bref=0.00 pid=161.1 pref=-41.1 ppos=-57.2 apid=0.0 integ=-0.0 vision=1 current=1 vframe=30698 vs=1 vage=12 vpage=12 vdt=33 vmax=266 vacc=30640 vrej=0 seq=0 elapsed=0 oled=3C
[   6233] STATUS mode=3 fault=none enc=-51 denc=0 sreq=131 sapplied=131 crate=131 uimp=-58715 upos=2580 uneg=2650 ball=-12.59 vball=-2.44 aball=23.9 bref=0.00 pid=131.3 pref=-41.1 ppos=-54.2 apid=0.0 integ=-0.0 vision=1 current=1 vframe=30698 vs=1 vage=32 vpage=32 vdt=33 vmax=266 vacc=30640 vrej=0 seq=0 elapsed=0 oled=3C
[   6250] STATUS mode=3 fault=none enc=-44 denc=0 sreq=193 sapplied=193 crate=193 uimp=-53310 upos=2620 uneg=2650 ball=-12.48 vball=-0.19 aball=26.6 bref=0.00 pid=193.0 pref=-29.5 ppos=-48.8 apid=0.0 integ=-0.0 vision=1 current=1 vframe=30700 vs=1 vage=6 vpage=6 vdt=33 vmax=266 vacc=30642 vrej=0 seq=0 elapsed=0 oled=3C
[   6281] STATUS mode=3 fault=none enc=-39 denc=1 sreq=157 sapplied=157 crate=157 uimp=-49730 upos=2640 uneg=2650 ball=-12.48 vball=-0.19 aball=26.6 bref=0.00 pid=157.2 pref=-29.5 ppos=-45.2 apid=0.0 integ=-0.0 vision=1 current=1 vframe=30700 vs=1 vage=26 vpage=26 vdt=33 vmax=266 vacc=30642 vrej=0 seq=0 elapsed=0 oled=3C
[   6311] STATUS mode=3 fault=none enc=-34 denc=1 sreq=174 sapplied=174 crate=174 uimp=-46325 upos=2660 uneg=2650 ball=-12.38 vball=0.76 aball=26.6 bref=0.00 pid=173.7 pref=-24.5 ppos=-41.8 apid=0.0 integ=-0.0 vision=1 current=1 vframe=30701 vs=1 vage=12 vpage=12 vdt=34 vmax=266 vacc=30643 vrej=0 seq=0 elapsed=0 oled=3C
[   6342] STATUS mode=3 fault=none enc=-27 denc=1 sreq=120 sapplied=120 crate=120 uimp=-40385 upos=2700 uneg=2650 ball=-12.34 vball=0.86 aball=26.5 bref=0.00 pid=120.5 pref=-23.8 ppos=-35.9 apid=0.0 integ=-0.0 vision=1 current=1 vframe=30702 vs=1 vage=19 vpage=19 vdt=33 vmax=266 vacc=30644 vrej=0 seq=0 elapsed=0 oled=3C
[   6358] STATUS mode=3 fault=none enc=-23 denc=2 sreq=88 sapplied=88 crate=88 uimp=-38155 upos=2720 uneg=2650 ball=-12.33 vball=0.69 aball=26.5 bref=0.00 pid=87.9 pref=-24.9 ppos=-33.6 apid=0.0 integ=-0.2 vision=1 current=1 vframe=30703 vs=1 vage=5 vpage=5 vdt=34 vmax=266 vacc=30645 vrej=0 seq=0 elapsed=0 oled=3C
[   6390] STATUS mode=3 fault=none enc=-21 denc=0 sreq=0 sapplied=0 crate=0 uimp=-35825 upos=2750 uneg=2650 ball=-12.43 vball=-0.55 aball=26.5 bref=0.00 pid=0.0 pref=-31.6 ppos=-31.3 apid=0.0 integ=-0.4 vision=1 current=1 vframe=30704 vs=1 vage=12 vpage=12 vdt=33 vmax=266 vacc=30646 vrej=0 seq=0 elapsed=0 oled=3C
[   6420] STATUS mode=3 fault=none enc=-21 denc=0 sreq=0 sapplied=0 crate=0 uimp=-35825 upos=2750 uneg=2650 ball=-12.43 vball=-0.55 aball=26.5 bref=0.00 pid=0.0 pref=-31.6 ppos=-31.3 apid=0.0 integ=-0.4 vision=1 current=1 vframe=30704 vs=1 vage=32 vpage=32 vdt=33 vmax=266 vacc=30646 vrej=0 seq=0 elapsed=0 oled=3C
[   6436] STATUS mode=3 fault=none enc=-21 denc=0 sreq=-34 sapplied=-34 crate=-34 uimp=-36195 upos=2750 uneg=2660 ball=-12.53 vball=-1.16 aball=5.5 bref=0.00 pid=-34.3 pref=-35.1 ppos=-31.7 apid=0.0 integ=-0.6 vision=1 current=1 vframe=30705 vs=1 vage=19 vpage=19 vdt=33 vmax=266 vacc=30647 vrej=0 seq=0 elapsed=0 oled=3C
[   6467] STATUS mode=3 fault=none enc=-22 denc=-1 sreq=-21 sapplied=-21 crate=-21 uimp=-37300 upos=2750 uneg=2700 ball=-12.55 vball=-1.05 aball=5.5 bref=0.00 pid=-20.5 pref=-34.8 ppos=-32.8 apid=0.0 integ=-0.8 vision=1 current=1 vframe=30706 vs=1 vage=25 vpage=25 vdt=34 vmax=266 vacc=30648 vrej=0 seq=0 elapsed=0 oled=3C
[   6500] STATUS mode=3 fault=none enc=-22 denc=0 sreq=0 sapplied=0 crate=0 uimp=-37405 upos=2750 uneg=2705 ball=-12.54 vball=-0.66 aball=5.5 bref=0.00 pid=0.0 pref=-33.1 ppos=-32.9 apid=0.0 integ=-1.0 vision=1 current=1 vframe=30707 vs=1 vage=12 vpage=12 vdt=33 vmax=266 vacc=30649 vrej=0 seq=0 elapsed=0 oled=3C
[   6531] STATUS mode=3 fault=none enc=-22 denc=0 sreq=0 sapplied=0 crate=0 uimp=-37405 upos=2750 uneg=2705 ball=-12.54 vball=-0.66 aball=5.5 bref=0.00 pid=0.0 pref=-33.1 ppos=-32.9 apid=0.0 integ=-1.0 vision=1 current=1 vframe=30707 vs=1 vage=32 vpage=32 vdt=33 vmax=266 vacc=30649 vrej=0 seq=0 elapsed=0 oled=3C
[   6545] STATUS mode=3 fault=none enc=-24 denc=-1 sreq=-79 sapplied=-79 crate=-79 uimp=-39630 upos=2750 uneg=2740 ball=-12.81 vball=-2.40 aball=-0.6 bref=0.00 pid=-78.8 pref=-43.0 ppos=-35.1 apid=-0.0 integ=-1.5 vision=1 current=1 vframe=30709 vs=1 vage=5 vpage=5 vdt=33 vmax=266 vacc=30651 vrej=0 seq=0 elapsed=0 oled=3C
[   6577] STATUS mode=3 fault=none enc=-26 denc=-1 sreq=-64 sapplied=-64 crate=-64 uimp=-41095 upos=2750 uneg=2760 ball=-12.81 vball=-2.40 aball=-0.6 bref=0.00 pid=-64.2 pref=-43.0 ppos=-36.6 apid=-0.0 integ=-1.5 vision=1 current=1 vframe=30709 vs=1 vage=25 vpage=25 vdt=33 vmax=266 vacc=30651 vrej=0 seq=0 elapsed=0 oled=3C
[   6608] STATUS mode=3 fault=none enc=-27 denc=1 sreq=-39 sapplied=-39 crate=-39 uimp=-42140 upos=2750 uneg=2780 ball=-12.85 vball=-2.03 aball=-0.6 bref=0.00 pid=-38.6 pref=-41.5 ppos=-37.6 apid=-0.0 integ=-1.7 vision=1 current=1 vframe=30710 vs=1 vage=12 vpage=12 vdt=33 vmax=266 vacc=30652 vrej=0 seq=0 elapsed=0 oled=3C
[   6640] STATUS mode=3 fault=none enc=-29 denc=0 sreq=0 sapplied=0 crate=0 uimp=-43015 upos=2750 uneg=2805 ball=-12.87 vball=-1.57 aball=1.5 bref=0.00 pid=0.0 pref=-39.5 ppos=-38.5 apid=0.0 integ=-1.9 vision=1 current=1 vframe=30711 vs=1 vage=19 vpage=19 vdt=33 vmax=266 vacc=30653 vrej=0 seq=0 elapsed=0 oled=3C
[   6656] STATUS mode=3 fault=none enc=-29 denc=0 sreq=0 sapplied=0 crate=0 uimp=-43015 upos=2750 uneg=2805 ball=-12.88 vball=-1.21 aball=1.5 bref=0.00 pid=0.0 pref=-37.9 ppos=-38.5 apid=0.0 integ=-2.1 vision=1 current=1 vframe=30712 vs=1 vage=6 vpage=6 vdt=33 vmax=266 vacc=30654 vrej=0 seq=0 elapsed=0 oled=3C
[   6686] STATUS mode=3 fault=none enc=-29 denc=0 sreq=0 sapplied=0 crate=0 uimp=-43015 upos=2750 uneg=2805 ball=-12.88 vball=-1.21 aball=1.5 bref=0.00 pid=0.0 pref=-37.9 ppos=-38.5 apid=0.0 integ=-2.1 vision=1 current=1 vframe=30712 vs=1 vage=26 vpage=26 vdt=33 vmax=266 vacc=30654 vrej=0 seq=0 elapsed=0 oled=3C
[   6717] STATUS mode=3 fault=none enc=-29 denc=0 sreq=0 sapplied=0 crate=19 uimp=-42690 upos=2765 uneg=2805 ball=-12.88 vball=-0.83 aball=1.5 bref=0.00 pid=19.5 pref=-36.2 ppos=-38.2 apid=0.0 integ=-2.3 vision=1 current=1 vframe=30713 vs=1 vage=30 vpage=30 vdt=36 vmax=266 vacc=30655 vrej=0 seq=0 elapsed=0 oled=3C
[   6733] STATUS mode=3 fault=none enc=-29 denc=0 sreq=0 sapplied=0 crate=19 uimp=-42485 upos=2775 uneg=2805 ball=-12.89 vball=-0.75 aball=4.4 bref=0.00 pid=19.0 pref=-36.1 ppos=-38.0 apid=0.0 integ=-2.6 vision=1 current=1 vframe=30714 vs=1 vage=17 vpage=17 vdt=33 vmax=266 vacc=30656 vrej=0 seq=0 elapsed=0 oled=3C
[   6765] STATUS mode=3 fault=none enc=-29 denc=0 sreq=0 sapplied=0 crate=0 uimp=-42485 upos=2775 uneg=2805 ball=-12.95 vball=-1.02 aball=4.4 bref=0.00 pid=0.0 pref=-37.8 ppos=-38.0 apid=0.0 integ=-2.8 vision=1 current=1 vframe=30715 vs=1 vage=4 vpage=4 vdt=33 vmax=266 vacc=30657 vrej=0 seq=0 elapsed=0 oled=3C
[   6795] STATUS mode=3 fault=none enc=-29 denc=0 sreq=0 sapplied=0 crate=0 uimp=-42485 upos=2775 uneg=2805 ball=-12.97 vball=-0.85 aball=4.4 bref=0.00 pid=0.0 pref=-37.3 ppos=-38.0 apid=0.0 integ=-3.0 vision=1 current=1 vframe=30716 vs=1 vage=10 vpage=10 vdt=34 vmax=266 vacc=30658 vrej=0 seq=0 elapsed=0 oled=3C
[   6811] STATUS mode=3 fault=none enc=-29 denc=0 sreq=0 sapplied=0 crate=0 uimp=-42485 upos=2775 uneg=2805 ball=-12.97 vball=-0.85 aball=4.4 bref=0.00 pid=0.0 pref=-37.3 ppos=-38.0 apid=0.0 integ=-3.0 vision=1 current=1 vframe=30716 vs=1 vage=30 vpage=30 vdt=34 vmax=266 vacc=30658 vrej=0 seq=0 elapsed=0 oled=3C
[   6842] STATUS mode=3 fault=none enc=-29 denc=0 sreq=0 sapplied=0 crate=0 uimp=-42485 upos=2775 uneg=2805 ball=-13.02 vball=-1.03 aball=1.2 bref=0.00 pid=0.0 pref=-38.5 ppos=-38.0 apid=0.0 integ=-3.2 vision=1 current=1 vframe=30717 vs=1 vage=17 vpage=17 vdt=33 vmax=266 vacc=30659 vrej=0 seq=0 elapsed=0 oled=3C
[   6875] STATUS mode=3 fault=none enc=-29 denc=0 sreq=0 sapplied=0 crate=12 uimp=-42485 upos=2775 uneg=2805 ball=-13.00 vball=-0.66 aball=1.2 bref=0.00 pid=11.6 pref=-36.8 ppos=-38.0 apid=0.0 integ=-3.4 vision=1 current=1 vframe=30718 vs=1 vage=24 vpage=24 vdt=33 vmax=266 vacc=30660 vrej=0 seq=0 elapsed=0 oled=3C
[   6906] STATUS mode=3 fault=none enc=-29 denc=0 sreq=0 sapplied=0 crate=0 uimp=-42485 upos=2775 uneg=2805 ball=-13.02 vball=-0.64 aball=1.2 bref=0.00 pid=0.0 pref=-37.0 ppos=-38.0 apid=0.0 integ=-3.6 vision=1 current=1 vframe=30719 vs=1 vage=11 vpage=11 vdt=33 vmax=266 vacc=30661 vrej=0 seq=0 elapsed=0 oled=3C
[   6920] STATUS mode=3 fault=none enc=-29 denc=0 sreq=0 sapplied=0 crate=0 uimp=-42485 upos=2775 uneg=2805 ball=-13.02 vball=-0.64 aball=1.2 bref=0.00 pid=0.0 pref=-37.0 ppos=-38.0 apid=0.0 integ=-3.6 vision=1 current=1 vframe=30719 vs=1 vage=31 vpage=31 vdt=33 vmax=266 vacc=30661 vrej=0 seq=0 elapsed=0 oled=3C
[   6952] STATUS mode=3 fault=none enc=-29 denc=0 sreq=46 sapplied=46 crate=46 uimp=-42485 upos=2775 uneg=2805 ball=-12.98 vball=0.14 aball=3.1 bref=0.00 pid=45.7 pref=-33.4 ppos=-38.0 apid=0.0 integ=-4.1 vision=1 current=1 vframe=30721 vs=1 vage=5 vpage=5 vdt=32 vmax=266 vacc=30663 vrej=0 seq=0 elapsed=0 oled=3C
[   6983] STATUS mode=3 fault=none enc=-28 denc=0 sreq=37 sapplied=37 crate=37 uimp=-41640 upos=2795 uneg=2805 ball=-12.98 vball=0.14 aball=3.1 bref=0.00 pid=37.3 pref=-33.4 ppos=-37.1 apid=0.0 integ=-4.1 vision=1 current=1 vframe=30721 vs=1 vage=25 vpage=25 vdt=32 vmax=266 vacc=30663 vrej=0 seq=0 elapsed=0 oled=3C
[   7000] STATUS mode=3 fault=none enc=-28 denc=-1 sreq=117 sapplied=117 crate=117 uimp=-40010 upos=2815 uneg=2805 ball=-12.76 vball=1.98 aball=3.1 bref=0.00 pid=117.5 pref=-23.8 ppos=-35.5 apid=0.0 integ=-4.3 vision=1 current=1 vframe=30722 vs=1 vage=12 vpage=12 vdt=33 vmax=266 vacc=30664 vrej=0 seq=0 elapsed=0 oled=3C
[   7031] STATUS mode=3 fault=none enc=-23 denc=1 sreq=71 sapplied=71 crate=71 uimp=-36165 upos=2855 uneg=2805 ball=-12.71 vball=1.84 aball=12.3 bref=0.00 pid=71.4 pref=-24.5 ppos=-31.7 apid=0.0 integ=-4.5 vision=1 current=1 vframe=30723 vs=1 vage=18 vpage=18 vdt=34 vmax=266 vacc=30665 vrej=0 seq=0 elapsed=0 oled=3C
[   7061] STATUS mode=3 fault=none enc=-21 denc=1 sreq=31 sapplied=31 crate=31 uimp=-34845 upos=2875 uneg=2805 ball=-12.70 vball=1.33 aball=12.3 bref=0.00 pid=30.9 pref=-27.3 ppos=-30.3 apid=0.0 integ=-4.7 vision=1 current=1 vframe=30724 vs=1 vage=5 vpage=5 vdt=33 vmax=266 vacc=30666 vrej=0 seq=0 elapsed=0 oled=3C
[   7092] STATUS mode=3 fault=none enc=-21 denc=0 sreq=25 sapplied=25 crate=25 uimp=-34275 upos=2895 uneg=2805 ball=-12.70 vball=1.33 aball=12.3 bref=0.00 pid=25.2 pref=-27.3 ppos=-29.8 apid=0.0 integ=-4.7 vision=1 current=1 vframe=30724 vs=1 vage=25 vpage=25 vdt=33 vmax=266 vacc=30666 vrej=0 seq=0 elapsed=0 oled=3C
[   7108] STATUS mode=3 fault=none enc=-20 denc=0 sreq=0 sapplied=0 crate=0 uimp=-33915 upos=2910 uneg=2805 ball=-12.70 vball=0.99 aball=12.3 bref=0.00 pid=0.0 pref=-29.2 ppos=-29.4 apid=0.0 integ=-4.9 vision=1 current=1 vframe=30725 vs=1 vage=31 vpage=31 vdt=34 vmax=266 vacc=30667 vrej=0 seq=0 elapsed=0 oled=3C
[   7140] STATUS mode=3 fault=none enc=-20 denc=0 sreq=0 sapplied=0 crate=-12 uimp=-33915 upos=2910 uneg=2805 ball=-12.69 vball=0.74 aball=1.8 bref=0.00 pid=-11.9 pref=-30.6 ppos=-29.4 apid=0.0 integ=-5.1 vision=1 current=1 vframe=30726 vs=1 vage=18 vpage=18 vdt=33 vmax=266 vacc=30668 vrej=0 seq=0 elapsed=0 oled=3C
[   7170] STATUS mode=3 fault=none enc=-20 denc=0 sreq=-31 sapplied=0 crate=-31 uimp=-33915 upos=2910 uneg=2805 ball=-12.71 vball=0.42 aball=1.8 bref=0.00 pid=-30.5 pref=-32.5 ppos=-29.4 apid=0.0 integ=-5.3 vision=1 current=1 vframe=30727 vs=1 vage=6 vpage=6 vdt=32 vmax=266 vacc=30669 vrej=0 seq=0 elapsed=0 oled=3C
[   7186] STATUS mode=3 fault=none enc=-20 denc=2 sreq=-35 sapplied=-35 crate=-35 uimp=-34990 upos=2910 uneg=2840 ball=-12.72 vball=0.17 aball=1.8 bref=0.00 pid=-34.7 pref=-34.0 ppos=-30.5 apid=0.0 integ=-5.5 vision=1 current=1 vframe=30728 vs=1 vage=12 vpage=12 vdt=34 vmax=266 vacc=30670 vrej=0 seq=0 elapsed=0 oled=3C
[   7217] STATUS mode=3 fault=none enc=-21 denc=0 sreq=-28 sapplied=-28 crate=-28 uimp=-35635 upos=2910 uneg=2860 ball=-12.72 vball=0.17 aball=1.8 bref=0.00 pid=-28.3 pref=-34.0 ppos=-31.1 apid=0.0 integ=-5.5 vision=1 current=1 vframe=30728 vs=1 vage=32 vpage=32 vdt=34 vmax=266 vacc=30670 vrej=0 seq=0 elapsed=0 oled=3C
[   7250] STATUS mode=3 fault=none enc=-22 denc=0 sreq=-34 sapplied=-34 crate=-34 uimp=-36345 upos=2910 uneg=2880 ball=-12.74 vball=-0.04 aball=-2.6 bref=0.00 pid=-34.3 pref=-35.3 ppos=-31.8 apid=-0.0 integ=-5.7 vision=1 current=1 vframe=30729 vs=1 vage=20 vpage=20 vdt=32 vmax=266 vacc=30671 vrej=0 seq=0 elapsed=0 oled=3C
[   7281] STATUS mode=3 fault=none enc=-23 denc=0 sreq=-27 sapplied=-27 crate=-27 uimp=-37600 upos=2910 uneg=2920 ball=-12.75 vball=-0.10 aball=-2.6 bref=0.00 pid=-27.2 pref=-35.8 ppos=-33.1 apid=-0.0 integ=-6.0 vision=1 current=1 vframe=30730 vs=1 vage=26 vpage=26 vdt=34 vmax=266 vacc=30672 vrej=0 seq=0 elapsed=0 oled=3C
[   7295] STATUS mode=3 fault=none enc=-24 denc=-1 sreq=-24 sapplied=-24 crate=-24 uimp=-38120 upos=2910 uneg=2940 ball=-12.75 vball=-0.10 aball=-2.6 bref=0.00 pid=-24.3 pref=-36.0 ppos=-33.6 apid=-0.0 integ=-6.2 vision=1 current=1 vframe=30731 vs=1 vage=11 vpage=11 vdt=35 vmax=266 vacc=30673 vrej=0 seq=0 elapsed=0 oled=3C
[   7327] STATUS mode=3 fault=none enc=-25 denc=-1 sreq=-20 sapplied=-20 crate=-20 uimp=-38570 upos=2910 uneg=2960 ball=-12.75 vball=-0.10 aball=-2.6 bref=0.00 pid=-19.8 pref=-36.0 ppos=-34.1 apid=-0.0 integ=-6.2 vision=1 current=1 vframe=30731 vs=1 vage=31 vpage=31 vdt=35 vmax=266 vacc=30673 vrej=0 seq=0 elapsed=0 oled=3C
[   7358] STATUS mode=3 fault=none enc=-26 denc=0 sreq=0 sapplied=0 crate=-17 uimp=-38670 upos=2910 uneg=2965 ball=-12.74 vball=-0.03 aball=-1.4 bref=0.00 pid=-17.3 pref=-35.9 ppos=-34.2 apid=-0.0 integ=-6.4 vision=1 current=1 vframe=30732 vs=1 vage=34 vpage=34 vdt=37 vmax=266 vacc=30674 vrej=0 seq=0 elapsed=0 oled=3C
[   7390] STATUS mode=3 fault=none enc=-26 denc=0 sreq=-38 sapplied=-38 crate=-38 uimp=-39300 upos=2910 uneg=2980 ball=-12.80 vball=-0.49 aball=-1.4 bref=0.00 pid=-38.0 pref=-38.6 ppos=-34.8 apid=-0.0 integ=-6.6 vision=1 current=1 vframe=30733 vs=1 vage=20 vpage=20 vdt=34 vmax=266 vacc=30675 vrej=0 seq=0 elapsed=0 oled=3C
[   7406] STATUS mode=3 fault=none enc=-27 denc=0 sreq=-28 sapplied=-28 crate=-28 uimp=-40650 upos=2910 uneg=3020 ball=-12.82 vball=-0.50 aball=-1.4 bref=0.00 pid=-27.5 pref=-38.9 ppos==-35.5 apid=-0.0 integ=-6.8 vision=1 current=1 vframe=30734 vs=1 vage=10 vpage=10 vdt=30 vmax=266 vacc=30676 vrej=0 seq=0 elapsed=0 oled=3C
[   7436] STATUS mode=3 fault=none enc=-27 denc=0 sreq=0 sapplied=0 crate=-19 uimp=-41105 upos=2910 uneg=3040 ball=-12.82 vball=-0.38 aball=-2.4 bref=0.00 pid=-19.1 pref=-38.5 ppos=-36.6 apid=-0.0 integ=-7.0 vision=1 current=1 vframe=30735 vs=1 vage=17 vpage=17 vdt=33 vmax=266 vacc=30677 vrej=0 seq=0 elapsed=0 oled=3C
[   7467] STATUS mode=3 fault=none enc=-28 denc=1 sreq=53 sapplied=0 crate=53 uimp=-41105 upos=2910 uneg=3040 ball=-12.67 vball=1.02 aball=-2.4 bref=0.00 pid=53.3 pref=-31.3 ppos=-36.6 apid=-0.0 integ=-7.2 vision=1 current=1 vframe=30736 vs=1 vage=4 vpage=4 vdt=33 vmax=266 vacc=30678 vrej=0 seq=0 elapsed=0 oled=3C
[   7500] STATUS mode=3 fault=none enc=-28 denc=-1 sreq=-58 sapplied=-58 crate=-58 uimp=-39695 upos=2940 uneg=3040 ball=-12.84 vball=-0.78 aball=-2.4 bref=0.00 pid=-58.0 pref=-41.0 ppos=-35.2 apid=-0.0 integ=-7.5 vision=1 current=1 vframe=30737 vs=1 vage=11 vpage=11 vdt=33 vmax=266 vacc=30679 vrej=0 seq=0 elapsed=0 oled=3C
[   7515] STATUS mode=3 fault=none enc=-27 denc=0 sreq=-47 sapplied=-47 crate=-47 uimp=-40770 upos=2940 uneg=3060 ball=-12.84 vball=-0.78 aball=-2.4 bref=0.00 pid=-47.3 pref=-41.0 ppos=-36.3 apid=-0.0 integ=-7.5 vision=1 current=1 vframe=30737 vs=1 vage=31 vpage=31 vdt=33 vmax=266 vacc=30679 vrej=0 seq=0 elapsed=0 oled=3C
[   7545] STATUS mode=3 fault=none enc=-29 denc=0 sreq=-56 sapplied=-56 crate=-56 uimp=-41935 upos=2940 uneg=3080 ball=-12.90 vball=-1.11 aball=-4.6 bref=0.00 pid=-56.1 pref=-43.0 ppos=-37.4 apid=-0.0 integ=-7.7 vision=1 current=1 vframe=30738 vs=1 vage=17 vpage=17 vdt=34 vmax=266 vacc=30680 vrej=0 seq=0 elapsed=0 oled=3C
[   7577] STATUS mode=3 fault=none enc=-31 denc=0 sreq=-33 sapplied=-33 crate=-33 uimp=-43715 upos=2940 uneg=3120 ball=-12.92 vball=-0.94 aball=-4.6 bref=0.00 pid=-32.5 pref=-42.5 ppos=-39.2 apid=-0.0 integ=-7.9 vision=1 current=1 vframe=30739 vs=1 vage=24 vpage=24 vdt=33 vmax=266 vacc=30681 vrej=0 seq=0 elapsed=0 oled=3C
[   7608] STATUS mode=3 fault=none enc=-33 denc=-1 sreq=0 sapplied=0 crate=-10 uimp=-44180 upos=2940 uneg=3135 ball=-12.91 vball=-0.55 aball=-4.6 bref=0.00 pid=-10.2 pref=-40.7 ppos=-39.7 apid=-0.0 integ=-8.1 vision=1 current=1 vframe=30740 vs=1 vage=11 vpage=11 vdt=33 vmax=266 vacc=30682 vrej=0 seq=0 elapsed=0 oled=3C
[   7625] STATUS mode=3 fault=none enc=-32 denc=0 sreq=0 sapplied=0 crate=-10 uimp=-44180 upos=2940 uneg=3135 ball=-12.91 vball=-0.55 aball=-4.6 bref=0.00 pid=-10.2 pref=-40.7 ppos=-39.7 apid=-0.0 integ=-8.1 vision=1 current=1 vframe=30740 vs=1 vage=31 vpage=31 vdt=33 vmax=266 vacc=30682 vrej=0 seq=0 elapsed=0 oled=3C
[   7656] STATUS mode=3 fault=none enc=-32 denc=0 sreq=0 sapplied=0 crate=0 uimp=-44180 upos=2940 uneg=3135 ball=-12.91 vball=-0.31 aball=0.9 bref=0.00 pid=0.0 pref=-39.9 ppos=-39.7 apid=0.0 integ=-8.5 vision=1 current=1 vframe=30742 vs=1 vage=4 vpage=4 vdt=34 vmax=266 vacc=30684 vrej=0 seq=0 elapsed=0 oled=3C
[   7686] STATUS mode=3 fault=none enc=-32 denc=0 sreq=0 sapplied=0 crate=0 uimp=-44180 upos=2940 uneg=3135 ball=-12.91 vball=-0.31 aball=0.9 bref=0.00 pid=0.0 pref=-39.9 ppos=-39.7 apid=0.0 integ=-8.5 vision=1 current=1 vframe=30742 vs=1 vage=24 vpage=24 vdt=34 vmax=266 vacc=30684 vrej=0 seq=0 elapsed=0 oled=3C
[   7702] STATUS mode=3 fault=none enc=-32 denc=0 sreq=0 sapplied=0 crate=-12 uimp=-44180 upos=2940 uneg=3135 ball=-12.94 vball=-0.44 aball=0.9 bref=0.00 pid=-12.1 pref=-40.9 ppos=-39.7 apid=0.0 integ=-8.8 vision=1 current=1 vframe=30743 vs=1 vage=11 vpage=11 vdt=33 vmax=266 vacc=30685 vrej=0 seq=0 elapsed=0 oled=3C
[   7733] STATUS mode=3 fault=none enc=-32 denc=0 sreq=0 sapplied=0 crate=-17 uimp=-44180 upos=2940 uneg=3135 ball=-12.96 vball=-0.48 aball=-0.0 bref=0.00 pid=-16.9 pref=-41.4 ppos=-39.7 apid=-0.0 integ=-9.0 vision=1 current=1 vframe=30744 vs=1 vage=17 vpage=17 vdt=34 vmax=266 vacc=30686 vrej=0 seq=0 elapsed=0 oled=3C
[   7765] STATUS mode=3 fault=none enc=-32 denc=0 sreq=0 sapplied=0 crate=0 uimp=-44180 upos=2940 uneg=3135 ball=-12.92 vball=-0.04 aball=-0.0 bref=0.00 pid=0.0 pref=-39.3 ppos=-39.7 apid=-0.0 integ=-9.2 vision=1 current=1 vframe=30745 vs=1 vage=4 vpage=4 vdt=33 vmax=266 vacc=30687 vrej=0 seq=0 elapsed=0 oled=3C
[   7795] STATUS mode=3 fault=none enc=-32 denc=0 sreq=0 sapplied=0 crate=0 uimp=-44180 upos=2940 uneg=3135 ball=-12.92 vball=-0.04 aball=-0.0 bref=0.00 pid=0.0 pref=-39.3 ppos=-39.7 apid=-0.0 integ=-9.2 vision=1 current=1 vframe=30745 vs=1 vage=24 vpage=24 vdt=33 vmax=266 vacc=30687 vrej=0 seq=0 elapsed=0 oled=3C
[   7811] STATUS mode=3 fault=none enc=-32 denc=0 sreq=0 sapplied=0 crate=19 uimp=-44180 upos=2940 uneg=3135 ball=-12.89 vball=0.28 aball=-0.0 bref=0.00 pid=19.0 pref=-37.8 ppos=-39.7 apid=-0.0 integ=-9.4 vision=1 current=1 vframe=30746 vs=1 vage=31 vpage=31 vdt=33 vmax=266 vacc=30688 vrej=0 seq=0 elapsed=0 oled=3C
[   7842] STATUS mode=3 fault=none enc=-32 denc=0 sreq=26 sapplied=26 crate=26 uimp=-44045 upos=2945 uneg=3135 ball=-12.86 vball=0.47 aball=4.1 bref=0.00 pid=25.6 pref=-37.0 ppos=-39.5 apid=0.0 integ=-9.6 vision=1 current=1 vframe=30747 vs=1 vage=14 vpage=14 vdt=37 vmax=266 vacc=30689 vrej=0 seq=0 elapsed=0 oled=3C
[   7875] STATUS mode=3 fault=none enc=-32 denc=0 sreq=21 sapplied=21 crate=21 uimp=-43570 upos=2965 uneg=3135 ball=-12.86 vball=0.47 aball=4.1 bref=0.00 pid=20.9 pref=-37.0 ppos=-39.1 apid=0.0 integ=-9.6 vision=1 current=1 vframe=30747 vs=1 vage=34 vpage=34 vdt=37 vmax=266 vacc=30689 vrej=0 seq=0 elapsed=0 oled=3C
[   7890] STATUS mode=3 fault=none enc=-32 denc=0 sreq=0 sapplied=0 crate=11 uimp=-43365 upos=2975 uneg=3135 ball=-12.84 vball=0.39 aball=4.1 bref=0.00 pid=11.1 pref=-37.8 ppos=-38.9 apid=0.0 integ=-10.1 vision=1 current=1 vframe=30749 vs=1 vage=6 vpage=6 vdt=11 vmax=266 vacc=30691 vrej=0 seq=0 elapsed=0 oled=3C
[   7920] STATUS mode=3 fault=none enc=-32 denc=0 sreq=0 sapplied=0 crate=11 uimp=-43365 upos=2975 uneg=3135 ball=-12.84 vball=0.39 aball=4.1 bref=0.00 pid=11.1 pref=-37.8 ppos=-38.9 apid=0.0 integ=-10.1 vision=1 current=1 vframe=30749 vs=1 vage=26 vpage=26 vdt=11 vmax=266 vacc=30691 vrej=0 seq=0 elapsed=0 oled=3C
[   7952] STATUS mode=3 fault=none enc=-32 denc=0 sreq=0 sapplied=0 crate=0 uimp=-43365 upos=2975 uneg=3135 ball=-12.84 vball=0.26 aball=1.4 bref=0.00 pid=0.0 pref=-38.6 ppos=-38.9 apid=0.0 integ=-10.3 vision=1 current=1 vframe=30750 vs=1 vage=9 vpage=9 vdt=37 vmax=266 vacc=30692 vrej=0 seq=0 elapsed=0 oled=3C
[   7967] STATUS mode=3 fault=none enc=-32 denc=0 sreq=0 sapplied=0 crate=0 uimp=-43365 upos=2975 uneg=3135 ball=-12.84 vball=0.16 aball=1.4 bref=0.00 pid=0.0 pref=-39.3 ppos=-38.9 apid=0.0 integ=-10.5 vision=1 current=1 vframe=30751 vs=1 vage=21 vpage=21 vdt=28 vmax=266 vacc=30693 vrej=0 seq=0 elapsed=0 oled=3C
[   8000] STATUS mode=3 fault=none enc=-32 denc=0 sreq=-31 sapplied=-31 crate=-31 uimp=-43365 upos=2975 uneg=3135 ball=-12.89 vball=-0.29 aball=1.4 bref=0.00 pid=-30.7 pref=-41.9 ppos=-38.9 apid=0.0 integ=-10.7 vision=1 current=1 vframe=30759 vs=1 vage=8 vpage=8 vdt=33 vmax=266 vacc=30701 vrej=0 seq=0 elapsed=0 oled=3C
[   8031] STATUS mode=3 fault=none enc=-31 denc=1 sreq=-25 sapplied=-25 crate=-25 uimp=-43935 upos=2975 uneg=3155 ball=-12.89 vball=-0.29 aball=1.4 bref=0.00 pid=-25.0 pref=-41.9 ppos=-39.4 apid=0.0 integ=-10.7 vision=1 current=1 vframe=30759 vs=1 vage=28 vpage=28 vdt=33 vmax=266 vacc=30701 vrej=0 seq=0 elapsed=0 oled=3C
[   8061] STATUS mode=3 fault=none enc=-32 denc=0 sreq=-20 sapplied=-20 crate=-20 uimp=-44960 upos=2975 uneg=3195 ball=-12.91 vball=-0.30 aball=-2.3 bref=0.00 pid=-20.0 pref=-42.5 ppos=-40.5 apid=-0.0 integ=-11.1 vision=1 current=1 vframe=30761 vs=1 vage=4 vpage=4 vdt=33 vmax=266 vacc=30703 vrej=0 seq=0 elapsed=0 oled=3C
[   8077] STATUS mode=3 fault=none enc=-34 denc=0 sreq=0 sapplied=0 crate=-19 uimp=-45060 upos=2975 uneg=3200 ball=-12.91 vball=-0.30 aball=-2.3 bref=0.00 pid=-19.0 pref=-42.5 ppos=-40.6 apid=-0.0 integ=-11.1 vision=1 current=1 vframe=30761 vs=1 vage=24 vpage=24 vdt=33 vmax=266 vacc=30703 vrej=0 seq=0 elapsed=0 oled=3C
[   8108] STATUS mode=3 fault=none enc=-34 denc=0 sreq=0 sapplied=0 crate=-18 uimp=-45060 upos=2975 uneg=3200 ball=-12.91 vball=-0.23 aball=-2.3 bref=0.00 pid=-17.6 pref=-42.3 ppos=-40.6 apid=-0.0 integ=-11.3 vision=1 current=1 vframe=30762 vs=1 vage=11 vpage=11 vdt=33 vmax=266 vacc=30704 vrej=0 seq=0 elapsed=0 oled=3C
[   8140] STATUS mode=3 fault=none enc=-34 denc=0 sreq=-23 sapplied=-23 crate=-23 uimp=-45445 upos=2975 uneg=3215 ball=-12.93 vball=-0.36 aball=-1.3 bref=0.00 pid=-23.0 pref=-43.2 ppos=-40.9 apid=-0.0 integ=-11.5 vision=1 current=1 vframe=30763 vs=1 vage=18 vpage=18 vdt=33 vmax=266 vacc=30705 vrej=0 seq=0 elapsed=0 oled=3C
[   8170] STATUS mode=3 fault=none enc=-34 denc=-1 sreq=-27 sapplied=-27 crate=-27 uimp=-45875 upos=2975 uneg=3235 ball=-12.96 vball=-0.46 aball=-1.3 bref=0.00 pid=-26.8 pref=-44.0 ppos=-41.4 apid=-0.0 integ=-11.8 vision=1 current=1 vframe=30764 vs=1 vage=5 vpage=5 vdt=33 vmax=266 vacc=30706 vrej=0 seq=0 elapsed=0 oled=3C
[   8186] STATUS mode=3 fault=none enc=-37 denc=-2 sreq=0 sapplied=0 crate=-19 uimp=-46685 upos=2975 uneg=3270 ball=-12.97 vball=-0.41 aball=-1.3 bref=0.00 pid=-18.8 pref=-44.1 ppos=-42.2 apid=-0.0 integ=-12.0 vision=1 current=1 vframe=30765 vs=1 vage=9 vpage=9 vdt=36 vmax=266 vacc=30707 vrej=0 seq=0 elapsed=0 oled=3C
[   8217] STATUS mode=3 fault=none enc=-36 denc=0 sreq=0 sapplied=0 crate=-19 uimp=-46685 upos=2975 uneg=3270 ball=-12.97 vball=-0.41 aball=-1.3 bref=0.00 pid=-18.8 pref=-44.1 ppos=-42.2 apid=-0.0 integ=-12.0 vision=1 current=1 vframe=30765 vs=1 vage=29 vpage=29 vdt=36 vmax=266 vacc=30707 vrej=0 seq=0 elapsed=0 oled=3C
[   8250] STATUS mode=3 fault=none enc=-36 denc=0 sreq=0 sapplied=0 crate=-15 uimp=-46685 upos=2975 uneg=3270 ball=-12.97 vball=-0.29 aball=-0.4 bref=0.00 pid=-14.8 pref=-43.7 ppos=-42.2 apid=-0.0 integ=-12.2 vision=1 current=1 vframe=30766 vs=1 vage=18 vpage=18 vdt=31 vmax=266 vacc=30708 vrej=0 seq=0 elapsed=0 oled=3C
[   8281] STATUS mode=3 fault=none enc=-36 denc=0 sreq=0 sapplied=0 crate=-12 uimp=-46685 upos=2975 uneg=3270 ball=-12.97 vball=-0.20 aball=-0.4 bref=0.00 pid=-12.4 pref=-43.4 ppos=-42.2 apid=-0.0 integ=-12.4 vision=1 current=1 vframe=30767 vs=1 vage=25 vpage=25 vdt=33 vmax=266 vacc=30709 vrej=0 seq=0 elapsed=0 oled=3C
[   8295] STATUS mode=3 fault=none enc=-36 denc=0 sreq=0 sapplied=0 crate=0 uimp=-46685 upos=2975 uneg=3270 ball=-12.95 vball=0.01 aball=-0.4 bref=0.00 pid=0.0 pref=-42.5 ppos=-42.2 apid=-0.0 integ=-12.6 vision=1 current=1 vframe=30768 vs=1 vage=12 vpage=12 vdt=33 vmax=266 vacc=30710 vrej=0 seq=0 elapsed=0 oled=3C
[   8327] STATUS mode=3 fault=none enc=-36 denc=0 sreq=0 sapplied=0 crate=0 uimp=-46685 upos=2975 uneg=3270 ball=-12.95 vball=0.01 aball=-0.4 bref=0.00 pid=0.0 pref=-42.5 ppos=-42.2 apid=-0.0 integ=-12.6 vision=1 current=1 vframe=30768 vs=1 vage=32 vpage=32 vdt=33 vmax=266 vacc=30710 vrej=0 seq=0 elapsed=0 oled=3C
[   8358] STATUS mode=3 fault=none enc=-36 denc=0 sreq=0 sapplied=0 crate=0 uimp=-46685 upos=2975 uneg=3270 ball=-12.93 vball=0.13 aball=1.7 bref=0.00 pid=0.0 pref=-42.3 ppos=-42.2 apid=0.0 integ=-13.1 vision=1 current=1 vframe=30770 vs=1 vage=5 vpage=5 vdt=33 vmax=266 vacc=30712 vrej=0 seq=0 elapsed=0 oled=3C
[   8375] STATUS mode=3 fault=none enc=-36 denc=0 sreq=0 sapplied=0 crate=0 uimp=-46685 upos=2975 uneg=3270 ball=-12.93 vball=0.13 aball=1.7 bref=0.00 pid=0.0 pref=-42.3 ppos=-42.2 apid=0.0 integ=-13.1 vision=1 current=1 vframe=30770 vs=1 vage=25 vpage=25 vdt=33 vmax=266 vacc=30712 vrej=0 seq=0 elapsed=0 oled=3C
[   8406] STATUS mode=3 fault=none enc=-36 denc=0 sreq=0 sapplied=0 crate=0 uimp=-46685 upos=2975 uneg=3270 ball=-12.93 vball=0.10 aball=1.7 bref=0.00 pid=0.0 pref=-42.7 ppos=-42.2 apid=0.0 integ=-13.3 vision=1 current=1 vframe=30771 vs=1 vage=12 vpage=12 vdt=33 vmax=266 vacc=30713 vrej=0 seq=0 elapsed=0 oled=3C
[   8436] STATUS mode=3 fault=none enc=-36 denc=0 sreq=0 sapplied=0 crate=0 uimp=-46685 upos=2975 uneg=3270 ball=-12.93 vball=0.07 aball=0.7 bref=0.00 pid=0.0 pref=-43.0 ppos=-42.2 apid=0.0 integ=-13.5 vision=1 current=1 vframe=30772 vs=1 vage=18 vpage=18 vdt=34 vmax=266 vacc=30714 vrej=0 seq=0 elapsed=0 oled=3C
[   8452] STATUS mode=3 fault=none enc=-36 denc=0 sreq=0 sapplied=0 crate=-11 uimp=-46685 upos=2975 uneg=3270 ball=-12.93 vball=0.06 aball=0.7 bref=0.00 pid=-11.1 pref=-43.3 ppos=-42.2 apid=0.0 integ=-13.7 vision=1 current=1 vframe=30773 vs=1 vage=7 vpage=7 vdt=31 vmax=266 vacc=30715 vrej=0 seq=0 elapsed=0 oled=3C
[   8483] STATUS mode=3 fault=none enc=-36 denc=0 sreq=0 sapplied=0 crate=-11 uimp=-46685 upos=2975 uneg=3270 ball=-12.93 vball=0.06 aball=0.7 bref=0.00 pid=-11.1 pref=-43.3 ppos=-42.2 apid=0.0 integ=-13.7 vision=1 current=1 vframe=30773 vs=1 vage=27 vpage=27 vdt=31 vmax=266 vacc=30715 vrej=0 seq=0 elapsed=0 oled=3C
[   8515] STATUS mode=3 fault=none enc=-36 denc=0 sreq=0 sapplied=0 crate=-14 uimp=-46685 upos=2975 uneg=3270 ball=-12.93 vball=0.05 aball=0.7 bref=0.00 pid=-13.7 pref=-43.5 ppos=-42.2 apid=0.0 integ=-13.9 vision=1 current=1 vframe=30774 vs=1 vage=34 vpage=34 vdt=33 vmax=266 vacc=30716 vrej=0 seq=0 elapsed=0 oled=3C
[   8545] STATUS mode=3 fault=none enc=-36 denc=0 sreq=0 sapplied=0 crate=-17 uimp=-46685 upos=2975 uneg=3270 ball=-12.93 vball=0.03 aball=0.2 bref=0.00 pid=-16.9 pref=-43.9 ppos=-42.2 apid=0.0 integ=-14.1 vision=1 current=1 vframe=30775 vs=1 vage=19 vpage=19 vdt=35 vmax=266 vacc=30717 vrej=0 seq=0 elapsed=0 oled=3C
[   8561] STATUS mode=3 fault=none enc=-36 denc=0 sreq=0 sapplied=0 crate=-17 uimp=-46685 upos=2975 uneg=3270 ball=-12.92 vball=0.07 aball=0.2 bref=0.00 pid=-16.7 pref=-43.9 ppos=-42.2 apid=0.0 integ=-14.3 vision=1 current=1 vframe=30776 vs=1 vage=7 vpage=7 vdt=32 vmax=266 vacc=30718 vrej=0 seq=0 elapsed=0 oled=3C
[   8592] STATUS mode=3 fault=none enc=-36 denc=0 sreq=0 sapplied=0 crate=-19 uimp=-46685 upos=2975 uneg=3270 ball=-12.92 vball=0.06 aball=0.2 bref=0.00 pid=-19.5 pref=-44.1 ppos=-42.2 apid=0.0 integ=-14.6 vision=1 current=1 vframe=30777 vs=1 vage=12 vpage=12 vdt=35 vmax=266 vacc=30719 vrej=0 seq=0 elapsed=0 oled=3C
[   8625] STATUS mode=3 fault=none enc=-36 denc=0 sreq=0 sapplied=0 crate=-19 uimp=-46685 upos=2975 uneg=3270 ball=-12.92 vball=0.05 aball=0.2 bref=0.00 pid=-19.5 pref=-44.1 ppos=-42.2 apid=0.0 integ=-14.6 vision=1 current=1 vframe=30778 vs=1 vage=1 vpage=1 vdt=31 vmax=266 vacc=30720 vrej=0 seq=0 elapsed=0 oled=3C
[   8640] STATUS mode=3 fault=none enc=-36 denc=0 sreq=0 sapplied=0 crate=-19 uimp=-47000 upos=2975 uneg=3285 ball=-12.92 vball=0.05 aball=0.2 bref=0.00 pid=-18.8 pref=-44.4 ppos=-42.5 apid=0.0 integ=-14.8 vision=1 current=1 vframe=30778 vs=1 vage=21 vpage=21 vdt=31 vmax=266 vacc=30720 vrej=0 seq=0 elapsed=0 oled=3C
[   8670] STATUS mode=3 fault=none enc=-36 denc=0 sreq=0 sapplied=0 crate=-19 uimp=-47430 upos=2975 uneg=3305 ball=-12.92 vball=0.01 aball=0.2 bref=0.00 pid=-18.7 pref=-44.8 ppos=-42.9 apid=0.0 integ=-15.0 vision=1 current=1 vframe=30779 vs=1 vage=27 vpage=27 vdt=34 vmax=266 vacc=30721 vrej=0 seq=0 elapsed=0 oled=3C
[   8702] STATUS mode=3 fault=none enc=-36 denc=0 sreq=53 sapplied=53 crate=53 uimp=-47150 upos=2980 uneg=3305 ball=-12.77 vball=1.46 aball=0.2 bref=0.00 pid=53.2 pref=-37.3 ppos=-42.6 apid=0.0 integ=-15.2 vision=1 current=1 vframe=30780 vs=1 vage=12 vpage=12 vdt=35 vmax=266 vacc=30722 vrej=0 seq=0 elapsed=0 oled=3C
[   8733] STATUS mode=3 fault=none enc=-35 denc=1 sreq=43 sapplied=43 crate=43 uimp=-46160 upos=3000 uneg=3305 ball=-12.77 vball=1.46 aball=0.2 bref=0.00 pid=43.3 pref=-37.3 ppos=-41.7 apid=0.0 integ=-15.2 vision=1 current=1 vframe=30780 vs=1 vage=32 vpage=32 vdt=35 vmax=266 vacc=30722 vrej=0 seq=0 elapsed=0 oled=3C
[   8750] STATUS mode=3 fault=none enc=-33 denc=-1 sreq=52 sapplied=52 crate=52 uimp=-42930 upos=3040 uneg=3305 ball=-12.55 vball=2.23 aball=11.2 bref=0.00 pid=52.0 pref=-33.2 ppos=-38.4 apid=0.0 integ=-15.6 vision=1 current=1 vframe=30782 vs=1 vage=6 vpage=6 vdt=33 vmax=266 vacc=30724 vrej=0 seq=0 elapsed=0 oled=3C
[   8781] STATUS mode=3 fault=none enc=-32 denc=0 sreq=42 sapplied=42 crate=42 uimp=-41965 upos=3060 uneg=3305 ball=-12.55 vball=2.23 aball=11.2 bref=0.00 pid=42.3 pref=-33.2 ppos=-37.5 apid=0.0 integ=-15.6 vision=1 current=1 vframe=30782 vs=1 vage=26 vpage=26 vdt=33 vmax=266 vacc=30724 vrej=0 seq=0 elapsed=0 oled=3C
[   8811] STATUS mode=3 fault=none enc=-31 denc=-2 sreq=0 sapplied=0 crate=0 uimp=-41555 upos=3070 uneg=3305 ball=-12.54 vball=1.63 aball=11.2 bref=0.00 pid=0.0 pref=-36.4 ppos=-37.0 apid=0.0 integ=-15.8 vision=1 current=1 vframe=30783 vs=1 vage=13 vpage=13 vdt=33 vmax=266 vacc=30725 vrej=0 seq=0 elapsed=0 oled=3C
[   8842] STATUS mode=3 fault=none enc=-30 denc=0 sreq=-20 sapplied=-20 crate=-20 uimp=-41770 upos=3070 uneg=3315 ball=-12.54 vball=1.10 aball=-0.5 bref=0.00 pid=-19.9 pref=-39.3 ppos=-37.3 apid=-0.0 integ=-16.0 vision=1 current=1 vframe=30784 vs=1 vage=20 vpage=20 vdt=33 vmax=266 vacc=30726 vrej=0 seq=0 elapsed=0 oled=3C
[   8858] STATUS mode=3 fault=none enc=-30 denc=0 sreq=-110 sapplied=-110 crate=-110 uimp=-42450 upos=3070 uneg=3325 ball=-12.70 vball=-0.70 aball=-0.5 bref=0.00 pid=-110.0 pref=-48.9 ppos=-37.9 apid=-0.0 integ=-16.2 vision=1 current=1 vframe=30785 vs=1 vage=7 vpage=7 vdt=33 vmax=266 vacc=30727 vrej=0 seq=0 elapsed=0 oled=3C
[   8890] STATUS mode=3 fault=none enc=-33 denc=-1 sreq=-90 sapplied=-90 crate=-90 uimp=-44490 upos=3070 uneg=3345 ball=-12.70 vball=-0.70 aball=-0.5 bref=0.00 pid=-89.6 pref=-48.9 ppos=-40.0 apid=-0.0 integ=-16.2 vision=1 current=1 vframe=30785 vs=1 vage=27 vpage=27 vdt=33 vmax=266 vacc=30727 vrej=0 seq=0 elapsed=0 oled=3C
[   8920] STATUS mode=3 fault=none enc=-37 denc=1 sreq=-106 sapplied=-106 crate=-106 uimp=-48860 upos=3070 uneg=3385 ball=-12.85 vball=-1.76 aball=-0.5 bref=0.00 pid=-105.8 pref=-54.9 ppos=-44.4 apid=-0.0 integ=-16.5 vision=1 current=1 vframe=30786 vs=1 vage=31 vpage=31 vdt=36 vmax=266 vacc=30728 vrej=0 seq=0 elapsed=0 oled=3C
[   8952] STATUS mode=3 fault=none enc=-40 denc=0 sreq=-79 sapplied=-79 crate=-79 uimp=-50705 upos=3070 uneg=3405 ball=-12.88 vball=-1.54 aball=-12.2 bref=0.00 pid=-79.2 pref=-54.1 ppos=-46.2 apid=-0.0 integ=-16.7 vision=1 current=1 vframe=30787 vs=1 vage=20 vpage=20 vdt=31 vmax=266 vacc=30729 vrej=0 seq=0 elapsed=0 oled=3C
[   8967] STATUS mode=3 fault=none enc=-43 denc=0 sreq=62 sapplied=62 crate=62 uimp=-51150 upos=3085 uneg=3425 ball=-12.64 vball=1.09 aball=-12.2 bref=0.00 pid=61.8 pref=-40.5 ppos=-46.6 apid=-0.0 integ=-16.9 vision=1 current=1 vframe=30788 vs=1 vage=26 vpage=26 vdt=34 vmax=266 vacc=30730 vrej=0 seq=0 elapsed=0 oled=3C
[   9000] STATUS mode=3 fault=none enc=-41 denc=0 sreq=74 sapplied=74 crate=74 uimp=-49745 upos=3105 uneg=3425 ball=-12.54 vball=1.60 aball=-12.2 bref=0.00 pid=74.2 pref=-37.8 ppos=-45.2 apid=-0.0 integ=-17.1 vision=1 current=1 vframe=30789 vs=1 vage=13 vpage=13 vdt=33 vmax=266 vacc=30731 vrej=0 seq=0 elapsed=0 oled=3C
[   9031] STATUS mode=3 fault=none enc=-38 denc=1 sreq=60 sapplied=60 crate=60 uimp=-48370 upos=3125 uneg=3425 ball=-12.54 vball=1.60 aball=-12.2 bref=0.00 pid=60.4 pref=-37.8 ppos=-43.9 apid=-0.0 integ=-17.1 vision=1 current=1 vframe=30789 vs=1 vage=33 vpage=33 vdt=33 vmax=266 vacc=30731 vrej=0 seq=0 elapsed=0 oled=3C
[   9061] STATUS mode=3 fault=none enc=-37 denc=0 sreq=0 sapplied=0 crate=19 uimp=-46510 upos=3165 uneg=3425 ball=-12.48 vball=1.19 aball=7.0 bref=0.00 pid=18.9 pref=-40.1 ppos=-42.0 apid=0.0 integ=-17.5 vision=1 current=1 vframe=30791 vs=1 vage=6 vpage=6 vdt=34 vmax=266 vacc=30733 vrej=0 seq=0 elapsed=0 oled=3C
[   9077] STATUS mode=3 fault=none enc=-35 denc=0 sreq=0 sapplied=0 crate=19 uimp=-46510 upos=3165 uneg=3425 ball=-12.48 vball=1.19 aball=7.0 bref=0.00 pid=18.9 pref=-40.1 ppos=-42.0 apid=0.0 integ=-17.5 vision=1 current=1 vframe=30791 vs=1 vage=26 vpage=26 vdt=34 vmax=266 vacc=30733 vrej=0 seq=0 elapsed=0 oled=3C
[   9108] STATUS mode=3 fault=none enc=-36 denc=0 sreq=-56 sapplied=-56 crate=-56 uimp=-46800 upos=3165 uneg=3430 ball=-12.59 vball=-0.25 aball=7.0 bref=0.00 pid=-55.5 pref=-47.8 ppos=-42.3 apid=0.0 integ=-17.7 vision=1 current=1 vframe=30792 vs=1 vage=13 vpage=13 vdt=33 vmax=266 vacc=30734 vrej=0 seq=0 elapsed=0 oled=3C
[   9140] STATUS mode=3 fault=none enc=-37 denc=0 sreq=-95 sapplied=-95 crate=-95 uimp=-49640 upos=3165 uneg=3470 ball=-12.74 vball=-1.47 aball=-9.5 bref=0.00 pid=-94.7 pref=-54.6 ppos=-45.1 apid=-0.0 integ=-17.9 vision=1 current=1 vframe=30793 vs=1 vage=20 vpage=20 vdt=33 vmax=266 vacc=30735 vrej=0 seq=0 elapsed=0 oled=3C
[   9156] STATUS mode=3 fault=none enc=-38 denc=-1 sreq=-80 sapplied=-80 crate=-80 uimp=-51410 upos=3165 uneg=3490 ball=-12.78 vball=-1.46 aball=-9.5 bref=0.00 pid=-79.8 pref=-54.9 ppos=-46.9 apid=-0.0 integ=-18.1 vision=1 current=1 vframe=30794 vs=1 vage=7 vpage=7 vdt=33 vmax=266 vacc=30736 vrej=0 seq=0 elapsed=0 oled=3C
[   9186] STATUS mode=3 fault=none enc=-40 denc=0 sreq=-65 sapplied=-65 crate=-65 uimp=-52890 upos=3165 uneg=3510 ball=-12.78 vball=-1.46 aball=-9.5 bref=0.00 pid=-65.0 pref=-54.9 ppos=-48.4 apid=-0.0 integ=-18.1 vision=1 current=1 vframe=30794 vs=1 vage=27 vpage=27 vdt=33 vmax=266 vacc=30736 vrej=0 seq=0 elapsed=0 oled=3C
[   9217] STATUS mode=3 fault=none enc=-41 denc=0 sreq=20 sapplied=20 crate=20 uimp=-52950 upos=3190 uneg=3520 ball=-12.64 vball=0.18 aball=-9.5 bref=0.00 pid=19.5 pref=-46.5 ppos=-48.4 apid=-0.0 integ=-18.4 vision=1 current=1 vframe=30795 vs=1 vage=32 vpage=32 vdt=35 vmax=266 vacc=30737 vrej=0 seq=0 elapsed=0 oled=3C
[   9250] STATUS mode=3 fault=none enc=-40 denc=1 sreq=58 sapplied=58 crate=58 uimp=-51890 upos=3210 uneg=3520 ball=-12.53 vball=1.13 aball=6.3 bref=0.00 pid=57.7 pref=-41.6 ppos=-47.4 apid=0.0 integ=-18.6 vision=1 current=1 vframe=30796 vs=1 vage=19 vpage=19 vdt=33 vmax=266 vacc=30738 vrej=0 seq=0 elapsed=0 oled=3C
[   9265] STATUS mode=3 fault=none enc=-40 denc=0 sreq=37 sapplied=37 crate=37 uimp=-50820 upos=3230 uneg=3520 ball=-12.52 vball=0.96 aball=6.3 bref=0.00 pid=36.7 pref=-42.6 ppos=-46.3 apid=0.0 integ=-18.8 vision=1 current=1 vframe=30797 vs=1 vage=6 vpage=6 vdt=33 vmax=266 vacc=30739 vrej=0 seq=0 elapsed=0 oled=3C
[   9295] STATUS mode=3 fault=none enc=-38 denc=-1 sreq=0 sapplied=0 crate=0 uimp=-49850 upos=3260 uneg=3520 ball=-12.52 vball=0.62 aball=6.3 bref=0.00 pid=0.0 pref=-44.6 ppos=-45.3 apid=0.0 integ=-19.0 vision=1 current=1 vframe=30798 vs=1 vage=13 vpage=13 vdt=33 vmax=266 vacc=30740 vrej=0 seq=0 elapsed=0 oled=3C
[   9327] STATUS mode=3 fault=none enc=-38 denc=0 sreq=0 sapplied=0 crate=0 uimp=-49850 upos=3260 uneg=3520 ball=-12.52 vball=0.62 aball=6.3 bref=0.00 pid=0.0 pref=-44.6 ppos=-45.3 apid=0.0 integ=-19.0 vision=1 current=1 vframe=30798 vs=1 vage=33 vpage=33 vdt=33 vmax=266 vacc=30740 vrej=0 seq=0 elapsed=0 oled=3C
[   9342] STATUS mode=3 fault=none enc=-38 denc=0 sreq=0 sapplied=0 crate=0 uimp=-49850 upos=3260 uneg=3520 ball=-12.51 vball=0.54 aball=0.8 bref=0.00 pid=0.0 pref=-45.1 ppos=-45.3 apid=0.0 integ=-19.2 vision=1 current=1 vframe=30799 vs=1 vage=20 vpage=20 vdt=33 vmax=266 vacc=30741 vrej=0 seq=0 elapsed=0 oled=3C
[   9375] STATUS mode=3 fault=none enc=-38 denc=0 sreq=0 sapplied=0 crate=0 uimp=-49850 upos=3260 uneg=3520 ball=-12.50 vball=0.44 aball=0.8 bref=0.00 pid=0.0 pref=-45.8 ppos=-45.3 apid=0.0 integ=-19.4 vision=1 current=1 vframe=30800 vs=1 vage=27 vpage=27 vdt=33 vmax=266 vacc=30742 vrej=0 seq=0 elapsed=0 oled=3C
[   9406] STATUS mode=3 fault=none enc=-38 denc=0 sreq=0 sapplied=0 crate=-10 uimp=-49850 upos=3260 uneg=3520 ball=-12.50 vball=0.37 aball=0.8 bref=0.00 pid=-10.2 pref=-46.4 ppos=-45.3 apid=0.0 integ=-19.6 vision=1 current=1 vframe=30801 vs=1 vage=13 vpage=13 vdt=34 vmax=266 vacc=30743 vrej=0 seq=0 elapsed=0 oled=3C
[   9436] STATUS mode=3 fault=none enc=-38 denc=0 sreq=0 sapplied=0 crate=-10 uimp=-49850 upos=3260 uneg=3520 ball=-12.50 vball=0.37 aball=0.8 bref=0.00 pid=-10.2 pref=-46.4 ppos=-45.3 apid=0.0 integ=-19.6 vision=1 current=1 vframe=30801 vs=1 vage=33 vpage=33 vdt=34 vmax=266 vacc=30743 vrej=0 seq=0 elapsed=0 oled=3C
[   9452] STATUS mode=3 fault=none enc=-38 denc=0 sreq=-141 sapplied=-141 crate=-141 uimp=-49850 upos=3260 uneg=3520 ball=-12.75 vball=-2.01 aball=-0.8 bref=0.00 pid=-140.9 pref=-59.4 ppos=-45.3 apid=-0.0 integ=-20.0 vision=1 current=1 vframe=30803 vs=1 vage=7 vpage=7 vdt=33 vmax=266 vacc=30745 vrej=0 seq=0 elapsed=0 oled=3C
[   9483] STATUS mode=3 fault=none enc=-41 denc=-3 sreq=-115 sapplied=-115 crate=-115 uimp=-52465 upos=3260 uneg=3540 ball=-12.75 vball=-2.01 aball=-0.8 bref=0.00 pid=-114.7 pref=-59.4 ppos=-48.0 apid=-0.0 integ=-20.0 vision=1 current=1 vframe=30803 vs=1 vage=27 vpage=27 vdt=33 vmax=266 vacc=30745 vrej=0 seq=0 elapsed=0 oled=3C
[   9515] STATUS mode=3 fault=none enc=-42 denc=1 sreq=0 sapplied=0 crate=-19 uimp=-54020 upos=3260 uneg=3570 ball=-12.58 vball=0.13 aball=-0.8 bref=0.00 pid=-19.2 pref=-51.4 ppos=-49.5 apid=-0.0 integ=-20.2 vision=1 current=1 vframe=30805 vs=1 vage=0 vpage=0 vdt=34 vmax=266 vacc=30747 vrej=0 seq=0 elapsed=0 oled=3C
[   9545] STATUS mode=3 fault=none enc=-42 denc=0 sreq=0 sapplied=0 crate=0 uimp=-54020 upos=3260 uneg=3570 ball=-12.58 vball=0.13 aball=-1.0 bref=0.00 pid=0.0 pref=-48.6 ppos=-49.5 apid=-0.0 integ=-20.4 vision=1 current=1 vframe=30805 vs=1 vage=20 vpage=20 vdt=34 vmax=266 vacc=30747 vrej=0 seq=0 elapsed=0 oled=3C
[   9561] STATUS mode=3 fault=none enc=-42 denc=0 sreq=0 sapplied=0 crate=12 uimp=-54020 upos=3260 uneg=3570 ball=-12.56 vball=0.23 aball=-1.0 bref=0.00 pid=12.2 pref=-48.3 ppos=-49.5 apid=-0.0 integ=-20.7 vision=1 current=1 vframe=30806 vs=1 vage=7 vpage=7 vdt=33 vmax=266 vacc=30748 vrej=0 seq=0 elapsed=0 oled=3C
[   9592] STATUS mode=3 fault=none enc=-42 denc=0 sreq=43 sapplied=43 crate=43 uimp=-53790 upos=3265 uneg=3570 ball=-12.48 vball=0.89 aball=-1.0 bref=0.00 pid=43.2 pref=-45.0 ppos=-49.3 apid=-0.0 integ=-20.9 vision=1 current=1 vframe=30807 vs=1 vage=13 vpage=13 vdt=34 vmax=266 vacc=30749 vrej=0 seq=0 elapsed=0 oled=3C
[   9625] STATUS mode=3 fault=none enc=-43 denc=0 sreq=35 sapplied=35 crate=35 uimp=-52990 upos=3285 uneg=3570 ball=-12.46 vball=0.81 aball=-1.0 bref=0.00 pid=35.2 pref=-45.0 ppos=-48.5 apid=-0.0 integ=-20.9 vision=1 current=1 vframe=30808 vs=1 vage=1 vpage=1 vdt=32 vmax=266 vacc=30750 vrej=0 seq=0 elapsed=0 oled=3C
[   9640] STATUS mode=3 fault=none enc=-42 denc=0 sreq=24 sapplied=24 crate=24 uimp=-52415 upos=3305 uneg=3570 ball=-12.46 vball=0.81 aball=2.5 bref=0.00 pid=24.1 pref=-45.5 ppos=-47.9 apid=0.0 integ=-21.1 vision=1 current=1 vframe=30808 vs=1 vage=21 vpage=21 vdt=32 vmax=266 vacc=30750 vrej=0 seq=0 elapsed=0 oled=3C
[   9670] STATUS mode=3 fault=none enc=-40 denc=1 sreq=20 sapplied=20 crate=20 uimp=-51495 upos=3345 uneg=3570 ball=-12.42 vball=0.92 aball=2.5 bref=0.00 pid=19.5 pref=-45.0 ppos=-47.0 apid=0.0 integ=-21.3 vision=1 current=1 vframe=30809 vs=1 vage=28 vpage=28 vdt=33 vmax=266 vacc=30751 vrej=0 seq=0 elapsed=0 oled=3C
[   9702] STATUS mode=3 fault=none enc=-40 denc=0 sreq=0 sapplied=0 crate=0 uimp=-51395 upos=3350 uneg=3570 ball=-12.41 vball=0.75 aball=2.5 bref=0.00 pid=0.0 pref=-46.1 ppos=-46.9 apid=0.0 integ=-21.5 vision=1 current=1 vframe=30810 vs=1 vage=14 vpage=14 vdt=34 vmax=266 vacc=30752 vrej=0 seq=0 elapsed=0 oled=3C
[   9733] STATUS mode=3 fault=none enc=-40 denc=0 sreq=0 sapplied=0 crate=0 uimp=-51395 upos=3350 uneg=3570 ball=-12.41 vball=0.75 aball=2.5 bref=0.00 pid=0.0 pref=-46.1 ppos=-46.9 apid=0.0 integ=-21.5 vision=1 current=1 vframe=30810 vs=1 vage=34 vpage=34 vdt=34 vmax=266 vacc=30752 vrej=0 seq=0 elapsed=0 oled=3C
[   9750] STATUS mode=3 fault=none enc=-40 denc=0 sreq=0 sapplied=0 crate=-17 uimp=-51395 upos=3350 uneg=3570 ball=-12.41 vball=0.33 aball=0.2 bref=0.00 pid=-16.9 pref=-48.6 ppos=-46.9 apid=0.0 integ=-21.9 vision=1 current=1 vframe=30812 vs=1 vage=8 vpage=8 vdt=30 vmax=266 vacc=30754 vrej=0 seq=0 elapsed=0 oled=3C
[   9781] STATUS mode=3 fault=none enc=-40 denc=0 sreq=0 sapplied=0 crate=-17 uimp=-51395 upos=3350 uneg=3570 ball=-12.41 vball=0.33 aball=0.2 bref=0.00 pid=-16.9 pref=-48.6 ppos=-46.9 apid=0.0 integ=-21.9 vision=1 current=1 vframe=30812 vs=1 vage=28 vpage=28 vdt=30 vmax=266 vacc=30754 vrej=0 seq=0 elapsed=0 oled=3C
[   9811] STATUS mode=3 fault=none enc=-40 denc=0 sreq=-37 sapplied=-37 crate=-37 uimp=-51590 upos=3350 uneg=3575 ball=-12.45 vball=-0.05 aball=0.2 bref=0.00 pid=-37.2 pref=-50.8 ppos=-47.1 apid=0.0 integ=-22.1 vision=1 current=1 vframe=30813 vs=1 vage=15 vpage=15 vdt=33 vmax=266 vacc=30755 vrej=0 seq=0 elapsed=0 oled=3C
[   9827] STATUS mode=3 fault=none enc=-41 denc=0 sreq=-30 sapplied=-30 crate=-30 uimp=-52930 upos=3350 uneg=3615 ball=-12.46 vball=-0.13 aball=-3.0 bref=0.00 pid=-30.2 pref=-51.4 ppos=-48.4 apid=-0.0 integ=-22.3 vision=1 current=1 vframe=30814 vs=1 vage=21 vpage=21 vdt=34 vmax=266 vacc=30756 vrej=0 seq=0 elapsed=0 oled=3C
[   9858] STATUS mode=3 fault=none enc=-41 denc=0 sreq=-26 sapplied=-26 crate=-26 uimp=-53490 upos=3350 uneg=3635 ball=-12.46 vball=-0.12 aball=-3.0 bref=0.00 pid=-26.3 pref=-51.6 ppos=-49.0 apid=-0.0 integ=-22.5 vision=1 current=1 vframe=30815 vs=1 vage=6 vpage=6 vdt=35 vmax=266 vacc=30757 vrej=0 seq=0 elapsed=0 oled=3C
[   9890] STATUS mode=3 fault=none enc=-42 denc=0 sreq=-21 sapplied=-21 crate=-21 uimp=-53980 upos=3350 uneg=3655 ball=-12.46 vball=-0.12 aball=-3.0 bref=0.00 pid=-21.4 pref=-51.6 ppos=-49.5 apid=-0.0 integ=-22.5 vision=1 current=1 vframe=30815 vs=1 vage=26 vpage=26 vdt=35 vmax=266 vacc=30757 vrej=0 seq=0 elapsed=0 oled=3C
[   9920] STATUS mode=3 fault=none enc=-44 denc=0 sreq=0 sapplied=0 crate=-11 uimp=-54185 upos=3350 uneg=3665 ball=-12.44 vball=0.07 aball=-3.0 bref=0.00 pid=-11.2 pref=-50.8 ppos=-49.7 apid=-0.0 integ=-22.7 vision=1 current=1 vframe=30816 vs=1 vage=34 vpage=34 vdt=32 vmax=266 vacc=30758 vrej=0 seq=0 elapsed=0 oled=3C
[   9936] STATUS mode=3 fault=none enc=-44 denc=0 sreq=0 sapplied=0 crate=0 uimp=-54185 upos=3350 uneg=3665 ball=-12.40 vball=0.43 aball=0.9 bref=0.00 pid=0.0 pref=-49.1 ppos=-49.7 apid=0.0 integ=-22.9 vision=1 current=1 vframe=30817 vs=1 vage=20 vpage=20 vdt=34 vmax=266 vacc=30759 vrej=0 seq=0 elapsed=0 oled=3C
[   9967] STATUS mode=3 fault=none enc=-44 denc=0 sreq=0 sapplied=0 crate=13 uimp=-54185 upos=3350 uneg=3665 ball=-12.37 vball=0.59 aball=0.9 bref=0.00 pid=12.7 pref=-48.4 ppos=-49.7 apid=0.0 integ=-23.1 vision=1 current=1 vframe=30818 vs=1 vage=6 vpage=6 vdt=34 vmax=266 vacc=30760 vrej=0 seq=0 elapsed=0 oled=3C
[  10000] STATUS mode=3 fault=none enc=-44 denc=0 sreq=-28 sapplied=-28 crate=-28 uimp=-54485 upos=3350 uneg=3675 ball=-12.44 vball=-0.20 aball=0.9 bref=0.00 pid=-27.9 pref=-52.8 ppos=-50.0 apid=0.0 integ=-23.3 vision=1 current=1 vframe=30819 vs=1 vage=14 vpage=14 vdt=32 vmax=266 vacc=30761 vrej=0 seq=0 elapsed=0 oled=3C
[  10031] STATUS mode=3 fault=none enc=-44 denc=0 sreq=-23 sapplied=-23 crate=-23 uimp=-55005 upos=3350 uneg=3695 ball=-12.46 vball=-0.34 aball=0.9 bref=0.00 pid=-22.7 pref=-52.8 ppos=-50.5 apid=0.0 integ=-23.3 vision=1 current=1 vframe=30820 vs=1 vage=1 vpage=1 vdt=33 vmax=266 vacc=30762 vrej=0 seq=0 elapsed=0 oled=3C
[  10045] STATUS mode=3 fault=none enc=-45 denc=0 sreq=-27 sapplied=-27 crate=-27 uimp=-55565 upos=3350 uneg=3715 ball=-12.46 vball=-0.34 aball=-3.0 bref=0.00 pid=-26.8 pref=-53.7 ppos=-51.1 apid=-0.0 integ=-23.5 vision=1 current=1 vframe=30820 vs=1 vage=21 vpage=21 vdt=33 vmax=266 vacc=30762 vrej=0 seq=0 elapsed=0 oled=3C
[  10077] STATUS mode=3 fault=none enc=-46 denc=0 sreq=-25 sapplied=-25 crate=-25 uimp=-56665 upos=3350 uneg=3755 ball=-12.48 vball=-0.46 aball=-3.0 bref=0.00 pid=-24.5 pref=-54.6 ppos=-52.2 apid=-0.0 integ=-23.8 vision=1 current=1 vframe=30821 vs=1 vage=27 vpage=27 vdt=34 vmax=266 vacc=30763 vrej=0 seq=0 elapsed=0 oled=3C
[  10108] STATUS mode=3 fault=none enc=-48 denc=-2 sreq=0 sapplied=0 crate=-19 uimp=-57005 upos=3350 uneg=3770 ball=-12.49 vball=-0.38 aball=-3.0 bref=0.00 pid=-19.5 pref=-54.4 ppos=-52.5 apid=-0.0 integ=-24.0 vision=1 current=1 vframe=30822 vs=1 vage=14 vpage=14 vdt=33 vmax=266 vacc=30764 vrej=0 seq=0 elapsed=0 oled=3C
[  10140] STATUS mode=3 fault=none enc=-48 denc=0 sreq=0 sapplied=0 crate=-16 uimp=-57005 upos=3350 uneg=3770 ball=-12.49 vball=-0.27 aball=-1.3 bref=0.00 pid=-16.0 pref=-54.1 ppos=-52.5 apid=-0.0 integ=-24.2 vision=1 current=1 vframe=30823 vs=1 vage=21 vpage=21 vdt=33 vmax=266 vacc=30765 vrej=0 seq=0 elapsed=0 oled=3C
[  10156] STATUS mode=3 fault=none enc=-48 denc=0 sreq=0 sapplied=0 crate=-14 uimp=-57005 upos=3350 uneg=3770 ball=-12.49 vball=-0.18 aball=-1.3 bref=0.00 pid=-13.7 pref=-53.9 ppos=-52.5 apid=-0.0 integ=-24.4 vision=1 current=1 vframe=30824 vs=1 vage=7 vpage=7 vdt=34 vmax=266 vacc=30766 vrej=0 seq=0 elapsed=0 oled=3C
[  10186] STATUS mode=3 fault=none enc=-48 denc=0 sreq=0 sapplied=0 crate=-14 uimp=-57005 upos=3350 uneg=3770 ball=-12.49 vball=-0.18 aball=-1.3 bref=0.00 pid=-13.7 pref=-53.9 ppos=-52.5 apid=-0.0 integ=-24.4 vision=1 current=1 vframe=30824 vs=1 vage=27 vpage=27 vdt=34 vmax=266 vacc=30766 vrej=0 seq=0 elapsed=0 oled=3C
[  10217] STATUS mode=3 fault=none enc=-48 denc=0 sreq=-24 sapplied=-24 crate=-24 uimp=-57875 upos=3350 uneg=3800 ball=-12.55 vball=-0.58 aball=-1.3 bref=0.00 pid=-24.2 pref=-55.8 ppos=-53.4 apid=-0.0 integ=-24.6 vision=1 current=1 vframe=30826 vs=1 vage=1 vpage=1 vdt=33 vmax=266 vacc=30768 vrej=0 seq=0 elapsed=0 oled=3C
[  10250] STATUS mode=3 fault=none enc=-49 denc=0 sreq=-25 sapplied=-25 crate=-25 uimp=-58420 upos=3350 uneg=3820 ball=-12.55 vball=-0.58 aball=-2.1 bref=0.00 pid=-25.4 pref=-56.5 ppos=-53.9 apid=-0.0 integ=-24.8 vision=1 current=1 vframe=30826 vs=1 vage=21 vpage=21 vdt=33 vmax=266 vacc=30768 vrej=0 seq=0 elapsed=0 oled=3C
[  10265] STATUS mode=3 fault=none enc=-49 denc=0 sreq=-21 sapplied=-21 crate=-21 uimp=-58895 upos=3350 uneg=3840 ball=-12.57 vball=-0.54 aball=-2.1 bref=0.00 pid=-21.4 pref=-56.5 ppos=-54.4 apid=-0.0 integ=-25.0 vision=1 current=1 vframe=30827 vs=1 vage=7 vpage=7 vdt=34 vmax=266 vacc=30769 vrej=0 seq=0 elapsed=0 oled=3C
[  10295] STATUS mode=3 fault=none enc=-50 denc=0 sreq=0 sapplied=0 crate=-16 uimp=-59100 upos=3350 uneg=3850 ball=-12.57 vball=-0.43 aball=-2.1 bref=0.00 pid=-16.0 pref=-56.2 ppos=-54.6 apid=-0.0 integ=-25.2 vision=1 current=1 vframe=30828 vs=1 vage=14 vpage=14 vdt=33 vmax=266 vacc=30770 vrej=0 seq=0 elapsed=0 oled=3C
[  10327] STATUS mode=3 fault=none enc=-50 denc=0 sreq=0 sapplied=0 crate=-16 uimp=-59100 upos=3350 uneg=3850 ball=-12.58 vball=-0.37 aball=-2.1 bref=0.00 pid=-16.0 pref=-56.2 ppos=-54.6 apid=-0.0 integ=-25.2 vision=1 current=1 vframe=30829 vs=1 vage=1 vpage=1 vdt=33 vmax=266 vacc=30771 vrej=0 seq=0 elapsed=0 oled=3C
[  10342] STATUS mode=3 fault=none enc=-50 denc=0 sreq=0 sapplied=0 crate=-15 uimp=-59100 upos=3350 uneg=3850 ball=-12.58 vball=-0.37 aball=-0.2 bref=0.00 pid=-15.3 pref=-56.1 ppos=-54.6 apid=-0.0 integ=-25.4 vision=1 current=1 vframe=30829 vs=1 vage=21 vpage=21 vdt=33 vmax=266 vacc=30771 vrej=0 seq=0 elapsed=0 oled=3C
[  10375] STATUS mode=3 fault=none enc=-50 denc=0 sreq=0 sapplied=0 crate=-15 uimp=-59100 upos=3350 uneg=3850 ball=-12.59 vball=-0.31 aball=-0.2 bref=0.00 pid=-14.7 pref=-56.1 ppos=-54.6 apid=-0.0 integ=-25.6 vision=1 current=1 vframe=30830 vs=1 vage=28 vpage=28 vdt=33 vmax=266 vacc=30772 vrej=0 seq=0 elapsed=0 oled=3C
[  10406] STATUS mode=3 fault=none enc=-50 denc=0 sreq=0 sapplied=0 crate=0 uimp=-59100 upos=3350 uneg=3850 ball=-12.57 vball=-0.09 aball=-0.2 bref=0.00 pid=0.0 pref=-55.1 ppos=-54.6 apid=-0.0 integ=-25.8 vision=1 current=1 vframe=30831 vs=1 vage=14 vpage=14 vdt=34 vmax=266 vacc=30773 vrej=0 seq=0 elapsed=0 oled=3C
[  10436] STATUS mode=3 fault=none enc=-50 denc=0 sreq=0 sapplied=0 crate=0 uimp=-59100 upos=3350 uneg=3850 ball=-12.54 vball=0.22 aball=-0.2 bref=0.00 pid=0.0 pref=-55.1 ppos=-54.6 apid=-0.0 integ=-25.8 vision=1 current=1 vframe=30832 vs=1 vage=1 vpage=1 vdt=33 vmax=266 vacc=30774 vrej=0 seq=0 elapsed=0 oled=3C
[  10452] STATUS mode=3 fault=none enc=-50 denc=0 sreq=0 sapplied=0 crate=0 uimp=-59100 upos=3350 uneg=3850 ball=-12.53 vball=0.25 aball=2.5 bref=0.00 pid=0.0 pref=-53.7 ppos=-54.6 apid=0.0 integ=-26.3 vision=1 current=1 vframe=30833 vs=1 vage=8 vpage=8 vdt=33 vmax=266 vacc=30775 vrej=0 seq=0 elapsed=0 oled=3C
[  10483] STATUS mode=3 fault=none enc=-50 denc=0 sreq=0 sapplied=0 crate=0 uimp=-59100 upos=3350 uneg=3850 ball=-12.53 vball=0.25 aball=2.5 bref=0.00 pid=0.0 pref=-53.7 ppos=-54.6 apid=0.0 integ=-26.3 vision=1 current=1 vframe=30833 vs=1 vage=28 vpage=28 vdt=33 vmax=266 vacc=30775 vrej=0 seq=0 elapsed=0 oled=3C
[  10515] STATUS mode=3 fault=none enc=-50 denc=0 sreq=0 sapplied=0 crate=0 uimp=-59100 upos=3350 uneg=3850 ball=-12.53 vball=0.20 aball=2.5 bref=0.00 pid=0.0 pref=-54.2 ppos=-54.6 apid=0.0 integ=-26.5 vision=1 current=1 vframe=30834 vs=1 vage=14 vpage=14 vdt=34 vmax=266 vacc=30776 vrej=0 seq=0 elapsed=0 oled=3C
[  10531] STATUS mode=3 fault=none enc=-50 denc=0 sreq=0 sapplied=0 crate=-11 uimp=-59100 upos=3350 uneg=3850 ball=-12.55 vball=-0.06 aball=0.1 bref=0.00 pid=-11.5 pref=-55.7 ppos=-54.6 apid=0.0 integ=-26.7 vision=1 current=1 vframe=30835 vs=1 vage=21 vpage=21 vdt=33 vmax=266 vacc=30777 vrej=0 seq=0 elapsed=0 oled=3C
[  10561] STATUS mode=3 fault=none enc=-50 denc=0 sreq=0 sapplied=0 crate=-14 uimp=-59100 upos=3350 uneg=3850 ball=-12.55 vball=-0.07 aball=0.1 bref=0.00 pid=-14.1 pref=-56.0 ppos=-54.6 apid=0.0 integ=-26.9 vision=1 current=1 vframe=30836 vs=1 vage=7 vpage=7 vdt=34 vmax=266 vacc=30778 vrej=0 seq=0 elapsed=0 oled=3C
[  10592] STATUS mode=3 fault=none enc=-50 denc=0 sreq=0 sapplied=0 crate=-14 uimp=-59100 upos=3350 uneg=3850 ball=-12.55 vball=-0.07 aball=0.1 bref=0.00 pid=-14.1 pref=-56.0 ppos=-54.6 apid=0.0 integ=-26.9 vision=1 current=1 vframe=30836 vs=1 vage=27 vpage=27 vdt=34 vmax=266 vacc=30778 vrej=0 seq=0 elapsed=0 oled=3C
[  10625] STATUS mode=3 fault=none enc=-50 denc=0 sreq=0 sapplied=0 crate=0 uimp=-59100 upos=3350 uneg=3850 ball=-12.53 vball=0.09 aball=0.1 bref=0.00 pid=0.0 pref=-55.5 ppos=-54.6 apid=0.0 integ=-27.1 vision=1 current=1 vframe=30838 vs=1 vage=1 vpage=1 vdt=33 vmax=266 vacc=30780 vrej=0 seq=0 elapsed=0 oled=3C
[  10640] STATUS mode=3 fault=none enc=-50 denc=0 sreq=0 sapplied=0 crate=0 uimp=-59100 upos=3350 uneg=3850 ball=-12.53 vball=0.09 aball=0.7 bref=0.00 pid=0.0 pref=-55.6 ppos=-54.6 apid=0.0 integ=-27.3 vision=1 current=1 vframe=30838 vs=1 vage=21 vpage=21 vdt=33 vmax=266 vacc=30780 vrej=0 seq=0 elapsed=0 oled=3C
[  10670] STATUS mode=3 fault=none enc=-50 denc=0 sreq=0 sapplied=0 crate=-12 uimp=-59100 upos=3350 uneg=3850 ball=-12.53 vball=0.08 aball=0.7 bref=0.00 pid=-12.2 pref=-55.8 ppos=-54.6 apid=0.0 integ=-27.5 vision=1 current=1 vframe=30839 vs=1 vage=8 vpage=8 vdt=33 vmax=266 vacc=30781 vrej=0 seq=0 elapsed=0 oled=3C
[  10702] STATUS mode=3 fault=none enc=-50 denc=0 sreq=0 sapplied=0 crate=-16 uimp=-59100 upos=3350 uneg=3850 ball=-12.53 vball=0.05 aball=0.7 bref=0.00 pid=-15.8 pref=-56.2 ppos=-54.6 apid=0.0 integ=-27.7 vision=1 current=1 vframe=30840 vs=1 vage=15 vpage=15 vdt=33 vmax=266 vacc=30782 vrej=0 seq=0 elapsed=0 oled=3C
[  10717] STATUS mode=3 fault=none enc=-50 denc=0 sreq=0 sapplied=0 crate=0 uimp=-59100 upos=3350 uneg=3850 ball=-12.49 vball=0.39 aball=1.8 bref=0.00 pid=0.0 pref=-54.6 ppos=-54.6 apid=0.0 integ=-27.9 vision=1 current=1 vframe=30841 vs=1 vage=2 vpage=2 vdt=33 vmax=266 vacc=30783 vrej=0 seq=0 elapsed=0 oled=3C
[  10750] STATUS mode=3 fault=none enc=-50 denc=0 sreq=0 sapplied=0 crate=0 uimp=-59100 upos=3350 uneg=3850 ball=-12.49 vball=0.39 aball=1.8 bref=0.00 pid=0.0 pref=-54.6 ppos=-54.6 apid=0.0 integ=-27.9 vision=1 current=1 vframe=30841 vs=1 vage=22 vpage=22 vdt=33 vmax=266 vacc=30783 vrej=0 seq=0 elapsed=0 oled=3C
[  10781] STATUS mode=3 fault=none enc=-50 denc=0 sreq=0 sapplied=0 crate=0 uimp=-59100 upos=3350 uneg=3850 ball=-12.48 vball=0.39 aball=1.8 bref=0.00 pid=0.0 pref=-54.7 ppos=-54.6 apid=0.0 integ=-28.1 vision=1 current=1 vframe=30842 vs=1 vage=29 vpage=29 vdt=33 vmax=266 vacc=30784 vrej=0 seq=0 elapsed=0 oled=3C
[  10795] STATUS mode=3 fault=none enc=-50 denc=0 sreq=-40 sapplied=-40 crate=-40 uimp=-59530 upos=3350 uneg=3860 ball=-12.55 vball=-0.38 aball=1.8 bref=0.00 pid=-39.8 pref=-59.0 ppos=-55.0 apid=0.0 integ=-28.3 vision=1 current=1 vframe=30843 vs=1 vage=15 vpage=15 vdt=34 vmax=266 vacc=30785 vrej=0 seq=0 elapsed=0 oled=3C
[  10827] STATUS mode=3 fault=none enc=-50 denc=0 sreq=-59 sapplied=-59 crate=-59 uimp=-60270 upos=3350 uneg=3880 ball=-12.61 vball=-0.83 aball=-4.5 bref=0.00 pid=-58.8 pref=-61.6 ppos=-55.8 apid=-0.0 integ=-28.6 vision=1 current=1 vframe=30844 vs=1 vage=2 vpage=2 vdt=33 vmax=266 vacc=30786 vrej=0 seq=0 elapsed=0 oled=3C
[  10858] STATUS mode=3 fault=none enc=-55 denc=-3 sreq=0 sapplied=0 crate=0 uimp=-62045 upos=3350 uneg=3915 ball=-12.56 vball=-0.17 aball=-4.5 bref=0.00 pid=0.0 pref=-58.4 ppos=-57.5 apid=-0.0 integ=-28.8 vision=1 current=1 vframe=30845 vs=1 vage=9 vpage=9 vdt=33 vmax=266 vacc=30787 vrej=0 seq=0 elapsed=0 oled=3C
[  10890] STATUS mode=3 fault=none enc=-54 denc=0 sreq=0 sapplied=0 crate=0 uimp=-62045 upos=3350 uneg=3915 ball=-12.56 vball=-0.17 aball=-4.5 bref=0.00 pid=0.0 pref=-58.4 ppos=-57.5 apid=-0.0 integ=-28.8 vision=1 current=1 vframe=30845 vs=1 vage=29 vpage=29 vdt=33 vmax=266 vacc=30787 vrej=0 seq=0 elapsed=0 oled=3C
[  10906] STATUS mode=3 fault=none enc=-54 denc=0 sreq=0 sapplied=0 crate=0 uimp=-62045 upos=3350 uneg=3915 ball=-12.54 vball=0.06 aball=-4.5 bref=0.00 pid=0.0 pref=-57.4 ppos=-57.5 apid=-0.0 integ=-29.0 vision=1 current=1 vframe=30846 vs=1 vage=15 vpage=15 vdt=34 vmax=266 vacc=30788 vrej=0 seq=0 elapsed=0 oled=3C
[  10936] STATUS mode=3 fault=none enc=-54 denc=0 sreq=0 sapplied=0 crate=0 uimp=-62045 upos=3350 uneg=3915 ball=-12.54 vball=0.05 aball=1.5 bref=0.00 pid=0.0 pref=-57.7 ppos=-57.5 apid=0.0 integ=-29.2 vision=1 current=1 vframe=30847 vs=1 vage=22 vpage=22 vdt=33 vmax=266 vacc=30789 vrej=0 seq=0 elapsed=0 oled=3C
[  10967] STATUS mode=3 fault=none enc=-54 denc=0 sreq=0 sapplied=0 crate=0 uimp=-62045 upos=3350 uneg=3915 ball=-12.54 vball=0.03 aball=1.5 bref=0.00 pid=0.0 pref=-58.0 ppos=-57.5 apid=0.0 integ=-29.4 vision=1 current=1 vframe=30848 vs=1 vage=9 vpage=9 vdt=33 vmax=266 vacc=30790 vrej=0 seq=0 elapsed=0 oled=3C
[  10983] STATUS mode=3 fault=none enc=-54 denc=0 sreq=0 sapplied=0 crate=0 uimp=-62045 upos=3350 uneg=3915 ball=-12.54 vball=0.03 aball=1.5 bref=0.00 pid=0.0 pref=-58.0 ppos=-57.5 apid=0.0 integ=-29.4 vision=1 current=1 vframe=30848 vs=1 vage=29 vpage=29 vdt=33 vmax=266 vacc=30790 vrej=0 seq=0 elapsed=0 oled=3C
[  11015] STATUS mode=3 fault=none enc=-54 denc=0 sreq=0 sapplied=0 crate=0 uimp=-62045 upos=3350 uneg=3915 ball=-12.53 vball=0.13 aball=1.2 bref=0.00 pid=0.0 pref=-57.9 ppos=-57.5 apid=0.0 integ=-29.8 vision=1 current=1 vframe=30850 vs=1 vage=2 vpage=2 vdt=33 vmax=266 vacc=30792 vrej=0 seq=0 elapsed=0 oled=3C
[  11045] STATUS mode=3 fault=none enc=-54 denc=0 sreq=0 sapplied=0 crate=0 uimp=-62045 upos=3350 uneg=3915 ball=-12.53 vball=0.13 aball=1.2 bref=0.00 pid=0.0 pref=-57.9 ppos=-57.5 apid=0.0 integ=-29.8 vision=1 current=1 vframe=30850 vs=1 vage=22 vpage=22 vdt=33 vmax=266 vacc=30792 vrej=0 seq=0 elapsed=0 oled=3C
[  11077] STATUS mode=3 fault=none enc=-54 denc=0 sreq=0 sapplied=0 crate=-16 uimp=-62045 upos=3350 uneg=3915 ball=-12.55 vball=-0.07 aball=1.2 bref=0.00 pid=-15.9 pref=-59.1 ppos=-57.5 apid=0.0 integ=-30.0 vision=1 current=1 vframe=30851 vs=1 vage=9 vpage=9 vdt=33 vmax=266 vacc=30793 vrej=0 seq=0 elapsed=0 oled=3C
[  11092] STATUS mode=3 fault=none enc=-54 denc=0 sreq=-20 sapplied=-20 crate=-20 uimp=-62260 upos=3350 uneg=3925 ball=-12.56 vball=-0.14 aball=1.2 bref=0.00 pid=-19.7 pref=-59.7 ppos=-57.8 apid=0.0 integ=-30.2 vision=1 current=1 vframe=30852 vs=1 vage=15 vpage=15 vdt=34 vmax=266 vacc=30794 vrej=0 seq=0 elapsed=0 oled=3C
[  11125] STATUS mode=3 fault=none enc=-54 denc=0 sreq=-22 sapplied=-22 crate=-22 uimp=-62360 upos=3350 uneg=3930 ball=-12.57 vball=-0.16 aball=-0.7 bref=0.00 pid=-22.0 pref=-60.1 ppos=-57.9 apid=-0.0 integ=-30.4 vision=1 current=1 vframe=30853 vs=1 vage=2 vpage=2 vdt=33 vmax=266 vacc=30795 vrej=0 seq=0 elapsed=0 oled=3C
[  11156] STATUS mode=3 fault=none enc=-54 denc=0 sreq=0 sapplied=0 crate=-19 uimp=-62675 upos=3350 uneg=3945 ball=-12.57 vball=-0.16 aball=-0.7 bref=0.00 pid=-18.9 pref=-60.1 ppos=-58.2 apid=-0.0 integ=-30.4 vision=1 current=1 vframe=30853 vs=1 vage=22 vpage=22 vdt=33 vmax=266 vacc=30795 vrej=0 seq=0 elapsed=0 oled=3C
[  11186] STATUS mode=3 fault=none enc=-54 denc=0 sreq=0 sapplied=0 crate=-18 uimp=-62675 upos=3350 uneg=3945 ball=-12.57 vball=-0.11 aball=-0.7 bref=0.00 pid=-18.5 pref=-60.0 ppos=-58.2 apid=-0.0 integ=-30.6 vision=1 current=1 vframe=30854 vs=1 vage=29 vpage=29 vdt=33 vmax=266 vacc=30796 vrej=0 seq=0 elapsed=0 oled=3C
[  11202] STATUS mode=3 fault=none enc=-54 denc=0 sreq=0 sapplied=0 crate=-18 uimp=-62675 upos=3350 uneg=3945 ball=-12.56 vball=-0.07 aball=-0.7 bref=0.00 pid=-18.3 pref=-60.0 ppos=-58.2 apid=-0.0 integ=-30.9 vision=1 current=1 vframe=30855 vs=1 vage=15 vpage=15 vdt=34 vmax=266 vacc=30797 vrej=0 seq=0 elapsed=0 oled=3C
[  11233] STATUS mode=3 fault=none enc=-54 denc=0 sreq=0 sapplied=0 crate=-16 uimp=-62675 upos=3350 uneg=3945 ball=-12.56 vball=0.01 aball=0.4 bref=0.00 pid=-16.3 pref=-59.8 ppos=-58.2 apid=0.0 integ=-31.1 vision=1 current=1 vframe=30856 vs=1 vage=23 vpage=23 vdt=32 vmax=266 vacc=30798 vrej=0 seq=0 elapsed=0 oled=3C
[  11265] STATUS mode=3 fault=none enc=-54 denc=0 sreq=0 sapplied=0 crate=-17 uimp=-62675 upos=3350 uneg=3945 ball=-12.55 vball=0.03 aball=0.4 bref=0.00 pid=-17.1 pref=-59.9 ppos=-58.2 apid=0.0 integ=-31.3 vision=1 current=1 vframe=30857 vs=1 vage=9 vpage=9 vdt=34 vmax=266 vacc=30799 vrej=0 seq=0 elapsed=0 oled=3C
[  11281] STATUS mode=3 fault=none enc=-54 denc=0 sreq=0 sapplied=0 crate=-17 uimp=-62675 upos=3350 uneg=3945 ball=-12.55 vball=0.03 aball=0.4 bref=0.00 pid=-17.1 pref=-59.9 ppos=-58.2 apid=0.0 integ=-31.3 vision=1 current=1 vframe=30857 vs=1 vage=29 vpage=29 vdt=34 vmax=266 vacc=30799 vrej=0 seq=0 elapsed=0 oled=3C
[  11311] STATUS mode=3 fault=none enc=-54 denc=0 sreq=-34 sapplied=-34 crate=-34 uimp=-63765 upos=3350 uneg=3975 ball=-12.62 vball=-0.40 aball=-1.6 bref=0.00 pid=-34.1 pref=-62.7 ppos=-59.3 apid=-0.0 integ=-31.7 vision=1 current=1 vframe=30859 vs=1 vage=2 vpage=2 vdt=34 vmax=266 vacc=30801 vrej=0 seq=0 elapsed=0 oled=3C
[  11342] STATUS mode=3 fault=none enc=-55 denc=0 sreq=-28 sapplied=-28 crate=-28 uimp=-64395 upos=3350 uneg=3995 ball=-12.62 vball=-0.40 aball=-1.6 bref=0.00 pid=-27.8 pref=-62.7 ppos=-59.9 apid=-0.0 integ=-31.7 vision=1 current=1 vframe=30859 vs=1 vage=22 vpage=22 vdt=34 vmax=266 vacc=30801 vrej=0 seq=0 elapsed=0 oled=3C
[  11375] STATUS mode=3 fault=none enc=-57 denc=-2 sreq=-26 sapplied=-26 crate=-26 uimp=-64930 upos=3350 uneg=4015 ball=-12.63 vball=-0.43 aball=-1.6 bref=0.00 pid=-26.3 pref=-63.1 ppos=-60.4 apid=-0.0 integ=-31.9 vision=1 current=1 vframe=30860 vs=1 vage=9 vpage=9 vdt=33 vmax=266 vacc=30802 vrej=0 seq=0 elapsed=0 oled=3C
[  11390] STATUS mode=3 fault=none enc=-58 denc=-1 sreq=0 sapplied=0 crate=-19 uimp=-65725 upos=3350 uneg=4050 ball=-12.64 vball=-0.40 aball=-1.6 bref=0.00 pid=-19.2 pref=-63.1 ppos=-61.2 apid=-0.0 integ=-32.1 vision=1 current=1 vframe=30861 vs=1 vage=16 vpage=16 vdt=33 vmax=266 vacc=30803 vrej=0 seq=0 elapsed=0 oled=3C
[  11420] STATUS mode=3 fault=none enc=-57 denc=1 sreq=0 sapplied=0 crate=0 uimp=-65725 upos=3350 uneg=4050 ball=-12.62 vball=-0.06 aball=0.6 bref=0.00 pid=0.0 pref=-61.6 ppos=-61.2 apid=0.0 integ=-32.3 vision=1 current=1 vframe=30862 vs=1 vage=2 vpage=2 vdt=34 vmax=266 vacc=30804 vrej=0 seq=0 elapsed=0 oled=3C
[  11452] STATUS mode=3 fault=none enc=-57 denc=0 sreq=0 sapplied=0 crate=0 uimp=-65725 upos=3350 uneg=4050 ball=-12.62 vball=-0.06 aball=0.6 bref=0.00 pid=0.0 pref=-61.6 ppos=-61.2 apid=0.0 integ=-32.3 vision=1 current=1 vframe=30862 vs=1 vage=22 vpage=22 vdt=34 vmax=266 vacc=30804 vrej=0 seq=0 elapsed=0 oled=3C
[  11467] STATUS mode=3 fault=none enc=-57 denc=0 sreq=0 sapplied=0 crate=0 uimp=-65725 upos=3350 uneg=4050 ball=-12.60 vball=0.15 aball=0.6 bref=0.00 pid=0.0 pref=-60.7 ppos=-61.2 apid=0.0 integ=-32.5 vision=1 current=1 vframe=30863 vs=1 vage=28 vpage=28 vdt=34 vmax=266 vacc=30805 vrej=0 seq=0 elapsed=0 oled=3C
[  11500] STATUS mode=3 fault=none enc=-57 denc=0 sreq=0 sapplied=0 crate=0 uimp=-65725 upos=3350 uneg=4050 ball=-12.59 vball=0.17 aball=0.6 bref=0.00 pid=0.0 pref=-60.8 ppos=-61.2 apid=0.0 integ=-32.7 vision=1 current=1 vframe=30864 vs=1 vage=15 vpage=15 vdt=33 vmax=266 vacc=30806 vrej=0 seq=0 elapsed=0 oled=3C
[  11531] STATUS mode=3 fault=none enc=-57 denc=0 sreq=0 sapplied=0 crate=0 uimp=-65725 upos=3350 uneg=4050 ball=-12.58 vball=0.17 aball=1.4 bref=0.00 pid=0.0 pref=-61.0 ppos=-61.2 apid=0.0 integ=-33.0 vision=1 current=1 vframe=30865 vs=1 vage=2 vpage=2 vdt=33 vmax=266 vacc=30807 vrej=0 seq=0 elapsed=0 oled=3C
[  11561] STATUS mode=3 fault=none enc=-57 denc=0 sreq=0 sapplied=0 crate=0 uimp=-65725 upos=3350 uneg=4050 ball=-12.58 vball=0.13 aball=1.4 bref=0.00 pid=0.0 pref=-61.4 ppos=-61.2 apid=0.0 integ=-33.2 vision=1 current=1 vframe=30866 vs=1 vage=8 vpage=8 vdt=34 vmax=266 vacc=30808 vrej=0 seq=0 elapsed=0 oled=3C
[  11577] STATUS mode=3 fault=none enc=-58 denc=0 sreq=0 sapplied=0 crate=0 uimp=-65725 upos=3350 uneg=4050 ball=-12.58 vball=0.13 aball=1.4 bref=0.00 pid=0.0 pref=-61.4 ppos=-61.2 apid=0.0 integ=-33.2 vision=1 current=1 vframe=30866 vs=1 vage=28 vpage=28 vdt=34 vmax=266 vacc=30808 vrej=0 seq=0 elapsed=0 oled=3C
[  11608] STATUS mode=3 fault=none enc=-58 denc=0 sreq=0 sapplied=0 crate=0 uimp=-65725 upos=3350 uneg=4050 ball=-12.58 vball=0.09 aball=1.4 bref=0.00 pid=0.0 pref=-61.8 ppos=-61.2 apid=0.0 integ=-33.4 vision=1 current=1 vframe=30867 vs=1 vage=15 vpage=15 vdt=33 vmax=266 vacc=30809 vrej=0 seq=0 elapsed=0 oled=3C
[  11640] STATUS mode=3 fault=none enc=-58 denc=0 sreq=0 sapplied=0 crate=-17 uimp=-65725 upos=3350 uneg=4050 ball=-12.60 vball=-0.09 aball=-0.4 bref=0.00 pid=-17.3 pref=-62.9 ppos=-61.2 apid=-0.0 integ=-33.6 vision=1 current=1 vframe=30868 vs=1 vage=22 vpage=22 vdt=33 vmax=266 vacc=30810 vrej=0 seq=0 elapsed=0 oled=3C
[  11656] STATUS mode=3 fault=none enc=-58 denc=0 sreq=-20 sapplied=-20 crate=-20 uimp=-65830 upos=3350 uneg=4055 ball=-12.61 vball=-0.12 aball=-0.4 bref=0.00 pid=-20.2 pref=-63.3 ppos=-61.3 apid=-0.0 integ=-33.8 vision=1 current=1 vframe=30869 vs=1 vage=8 vpage=8 vdt=34 vmax=266 vacc=30811 vrej=0 seq=0 elapsed=0 oled=3C
[  11686] STATUS mode=3 fault=none enc=-57 denc=0 sreq=0 sapplied=0 crate=-19 uimp=-65930 upos=3350 uneg=4060 ball=-12.61 vball=-0.12 aball=-0.4 bref=0.00 pid=-19.2 pref=-63.3 ppos=-61.4 apid=-0.0 integ=-33.8 vision=1 current=1 vframe=30869 vs=1 vage=28 vpage=28 vdt=34 vmax=266 vacc=30811 vrej=0 seq=0 elapsed=0 oled=3C
[  11717] STATUS mode=3 fault=none enc=-57 denc=0 sreq=-20 sapplied=-20 crate=-20 uimp=-66245 upos=3350 uneg=4075 ball=-12.62 vball=-0.11 aball=-0.3 bref=0.00 pid=-20.0 pref=-63.7 ppos=-61.7 apid=-0.0 integ=-34.2 vision=1 current=1 vframe=30877 vs=1 vage=2 vpage=2 vdt=33 vmax=266 vacc=30819 vrej=0 seq=0 elapsed=0 oled=3C
[  11750] STATUS mode=3 fault=none enc=-57 denc=0 sreq=0 sapplied=0 crate=-19 uimp=-66345 upos=3350 uneg=4080 ball=-12.62 vball=-0.11 aball=-0.3 bref=0.00 pid=-19.0 pref=-63.7 ppos=-61.8 apid=-0.0 integ=-34.2 vision=1 current=1 vframe=30877 vs=1 vage=22 vpage=22 vdt=33 vmax=266 vacc=30819 vrej=0 seq=0 elapsed=0 oled=3C
[  11765] STATUS mode=3 fault=none enc=-57 denc=0 sreq=-33 sapplied=-33 crate=-33 uimp=-66515 upos=3350 uneg=4085 ball=-12.65 vball=-0.36 aball=-0.3 bref=0.00 pid=-32.8 pref=-65.3 ppos=-62.0 apid=-0.0 integ=-34.4 vision=1 current=1 vframe=30878 vs=1 vage=9 vpage=9 vdt=33 vmax=266 vacc=30820 vrej=0 seq=0 elapsed=0 oled=3C
[  11795] STATUS mode=3 fault=none enc=-58 denc=1 sreq=-30 sapplied=-30 crate=-30 uimp=-67710 upos=3350 uneg=4125 ball=-12.67 vball=-0.49 aball=-0.3 bref=0.00 pid=-30.1 pref=-66.2 ppos=-63.2 apid=-0.0 integ=-34.6 vision=1 current=1 vframe=30879 vs=1 vage=15 vpage=15 vdt=34 vmax=266 vacc=30821 vrej=0 seq=0 elapsed=0 oled=3C
[  11827] STATUS mode=3 fault=none enc=-58 denc=1 sreq=-23 sapplied=-23 crate=-23 uimp=-68270 upos=3350 uneg=4145 ball=-12.68 vball=-0.41 aball=-1.5 bref=0.00 pid=-22.9 pref=-66.1 ppos=-63.8 apid=-0.0 integ=-34.9 vision=1 current=1 vframe=30880 vs=1 vage=2 vpage=2 vdt=33 vmax=266 vacc=30822 vrej=0 seq=0 elapsed=0 oled=3C
[  11858] STATUS mode=3 fault=none enc=-58 denc=0 sreq=0 sapplied=0 crate=-19 uimp=-68700 upos=3350 uneg=4165 ball=-12.68 vball=-0.41 aball=-1.5 bref=0.00 pid=-18.6 pref=-66.1 ppos=-64.2 apid=-0.0 integ=-34.9 vision=1 current=1 vframe=30880 vs=1 vage=22 vpage=22 vdt=33 vmax=266 vacc=30822 vrej=0 seq=0 elapsed=0 oled=3C
[  11875] STATUS mode=3 fault=none enc=-60 denc=0 sreq=0 sapplied=0 crate=-15 uimp=-68700 upos=3350 uneg=4165 ball=-12.68 vball=-0.29 aball=-1.5 bref=0.00 pid=-14.7 pref=-65.7 ppos=-64.2 apid=-0.0 integ=-35.1 vision=1 current=1 vframe=30881 vs=1 vage=28 vpage=28 vdt=34 vmax=266 vacc=30823 vrej=0 seq=0 elapsed=0 oled=3C
[  11906] STATUS mode=3 fault=none enc=-60 denc=0 sreq=0 sapplied=0 crate=0 uimp=-68700 upos=3350 uneg=4165 ball=-12.65 vball=0.05 aball=-1.5 bref=0.00 pid=0.0 pref=-64.1 ppos=-64.2 apid=-0.0 integ=-35.3 vision=1 current=1 vframe=30882 vs=1 vage=15 vpage=15 vdt=33 vmax=266 vacc=30824 vrej=0 seq=0 elapsed=0 oled=3C
[  11936] STATUS mode=3 fault=none enc=-60 denc=0 sreq=0 sapplied=0 crate=0 uimp=-68700 upos=3350 uneg=4165 ball=-12.65 vball=-0.01 aball=1.0 bref=0.00 pid=0.0 pref=-64.6 ppos=-64.2 apid=0.0 integ=-35.5 vision=1 current=1 vframe=30883 vs=1 vage=22 vpage=22 vdt=33 vmax=266 vacc=30825 vrej=0 seq=0 elapsed=0 oled=3C
[  11952] STATUS mode=3 fault=none enc=-60 denc=0 sreq=0 sapplied=0 crate=-13 uimp=-68700 upos=3350 uneg=4165 ball=-12.67 vball=-0.14 aball=1.0 bref=0.00 pid=-13.2 pref=-65.5 ppos=-64.2 apid=0.0 integ=-35.7 vision=1 current=1 vframe=30884 vs=1 vage=8 vpage=8 vdt=34 vmax=266 vacc=30826 vrej=0 seq=0 elapsed=0 oled=3C
[  11983] STATUS mode=3 fault=none enc=-60 denc=0 sreq=0 sapplied=0 crate=-13 uimp=-68700 upos=3350 uneg=4165 ball=-12.67 vball=-0.14 aball=1.0 bref=0.00 pid=-13.2 pref=-65.5 ppos=-64.2 apid=0.0 integ=-35.7 vision=1 current=1 vframe=30884 vs=1 vage=28 vpage=28 vdt=34 vmax=266 vacc=30826 vrej=0 seq=0 elapsed=0 oled=3C
[  12015] STATUS mode=3 fault=none enc=-60 denc=0 sreq=39 sapplied=0 crate=39 uimp=-68700 upos=3350 uneg=4165 ball=-12.55 vball=0.92 aball=4.7 bref=0.00 pid=39.2 pref=-60.3 ppos=-64.2 apid=0.0 integ=-36.1 vision=1 current=1 vframe=30886 vs=1 vage=2 vpage=2 vdt=32 vmax=266 vacc=30828 vrej=0 seq=0 elapsed=0 oled=3C
[  12045] STATUS mode=3 fault=none enc=-60 denc=0 sreq=34 sapplied=34 crate=34 uimp=-68145 upos=3365 uneg=4165 ball=-12.55 vball=0.92 aball=4.7 bref=0.00 pid=33.6 pref=-60.3 ppos=-63.6 apid=0.0 integ=-36.1 vision=1 current=1 vframe=30886 vs=1 vage=22 vpage=22 vdt=32 vmax=266 vacc=30828 vrej=0 seq=0 elapsed=0 oled=3C
[  12061] STATUS mode=3 fault=none enc=-60 denc=0 sreq=24 sapplied=24 crate=24 uimp=-67535 upos=3385 uneg=4165 ball=-12.52 vball=0.88 aball=4.7 bref=0.00 pid=24.4 pref=-60.6 ppos=-63.0 apid=0.0 integ=-36.3 vision=1 current=1 vframe=30887 vs=1 vage=9 vpage=9 vdt=33 vmax=266 vacc=30829 vrej=0 seq=0 elapsed=0 oled=3C
[  12092] STATUS mode=3 fault=none enc=-59 denc=0 sreq=0 sapplied=0 crate=0 uimp=-66985 upos=3410 uneg=4165 ball=-12.52 vball=0.66 aball=4.7 bref=0.00 pid=0.0 pref=-61.9 ppos=-62.5 apid=0.0 integ=-36.5 vision=1 current=1 vframe=30888 vs=1 vage=16 vpage=16 vdt=33 vmax=266 vacc=30830 vrej=0 seq=0 elapsed=0 oled=3C
[  12125] STATUS mode=3 fault=none enc=-59 denc=0 sreq=0 sapplied=0 crate=0 uimp=-66985 upos=3410 uneg=4165 ball=-12.52 vball=0.45 aball=0.5 bref=0.00 pid=0.0 pref=-63.2 ppos=-62.5 apid=0.0 integ=-36.7 vision=1 current=1 vframe=30889 vs=1 vage=3 vpage=3 vdt=33 vmax=266 vacc=30831 vrej=0 seq=0 elapsed=0 oled=3C
[  12140] STATUS mode=3 fault=none enc=-59 denc=0 sreq=0 sapplied=0 crate=0 uimp=-66985 upos=3410 uneg=4165 ball=-12.52 vball=0.45 aball=0.5 bref=0.00 pid=0.0 pref=-63.2 ppos=-62.5 apid=0.0 integ=-36.7 vision=1 current=1 vframe=30889 vs=1 vage=23 vpage=23 vdt=33 vmax=266 vacc=30831 vrej=0 seq=0 elapsed=0 oled=3C
[  12170] STATUS mode=3 fault=none enc=-59 denc=0 sreq=0 sapplied=0 crate=-17 uimp=-66985 upos=3410 uneg=4165 ball=-12.52 vball=0.30 aball=0.5 bref=0.00 pid=-16.5 pref=-64.1 ppos=-62.5 apid=0.0 integ=-37.0 vision=1 current=1 vframe=30890 vs=1 vage=7 vpage=7 vdt=36 vmax=266 vacc=30832 vrej=0 seq=0 elapsed=0 oled=3C
[  12202] STATUS mode=3 fault=none enc=-59 denc=0 sreq=-32 sapplied=-32 crate=-32 uimp=-67155 upos=3410 uneg=4170 ball=-12.54 vball=0.01 aball=0.5 bref=0.00 pid=-31.9 pref=-65.8 ppos=-62.6 apid=0.0 integ=-37.2 vision=1 current=1 vframe=30891 vs=1 vage=15 vpage=15 vdt=32 vmax=266 vacc=30833 vrej=0 seq=0 elapsed=0 oled=3C
[  12233] STATUS mode=3 fault=none enc=-59 denc=0 sreq=-26 sapplied=-26 crate=-26 uimp=-67745 upos=3410 uneg=4190 ball=-12.55 vball=-0.06 aball=0.5 bref=0.00 pid=-26.0 pref=-65.8 ppos=-63.2 apid=0.0 integ=-37.2 vision=1 current=1 vframe=30892 vs=1 vage=1 vpage=1 vdt=34 vmax=266 vacc=30834 vrej=0 seq=0 elapsed=0 oled=3C
[  12250] STATUS mode=3 fault=none enc=-60 denc=1 sreq=-24 sapplied=-24 crate=-24 uimp=-68815 upos=3410 uneg=4230 ball=-12.55 vball=-0.07 aball=-2.0 bref=0.00 pid=-23.7 pref=-66.7 ppos=-64.3 apid=-0.0 integ=-37.6 vision=1 current=1 vframe=30893 vs=1 vage=9 vpage=9 vdt=32 vmax=266 vacc=30835 vrej=0 seq=0 elapsed=0 oled=3C
[  12281] STATUS mode=3 fault=none enc=-61 denc=-1 sreq=0 sapplied=0 crate=-19 uimp=-69255 upos=3410 uneg=4250 ball=-12.55 vball=-0.07 aball=-2.0 bref=0.00 pid=-19.3 pref=-66.7 ppos=-64.7 apid=-0.0 integ=-37.6 vision=1 current=1 vframe=30893 vs=1 vage=29 vpage=29 vdt=32 vmax=266 vacc=30835 vrej=0 seq=0 elapsed=0 oled=3C
[  12311] STATUS mode=3 fault=none enc=-61 denc=0 sreq=0 sapplied=0 crate=-19 uimp=-69460 upos=3410 uneg=4260 ball=-12.55 vball=-0.05 aball=-2.0 bref=0.00 pid=-18.6 pref=-66.8 ppos=-65.0 apid=-0.0 integ=-37.8 vision=1 current=1 vframe=30894 vs=1 vage=13 vpage=13 vdt=36 vmax=266 vacc=30836 vrej=0 seq=0 elapsed=0 oled=3C
[  12342] STATUS mode=3 fault=none enc=-61 denc=0 sreq=0 sapplied=0 crate=-19 uimp=-69665 upos=3410 uneg=4270 ball=-12.56 vball=-0.06 aball=-1.1 bref=0.00 pid=-19.4 pref=-67.1 ppos=-65.2 apid=-0.0 integ=-38.0 vision=1 current=1 vframe=30895 vs=1 vage=20 vpage=20 vdt=33 vmax=266 vacc=30837 vrej=0 seq=0 elapsed=0 oled=3C
[  12358] STATUS mode=3 fault=none enc=-61 denc=0 sreq=-21 sapplied=-21 crate=-21 uimp=-69665 upos=3410 uneg=4270 ball=-12.56 vball=-0.05 aball=-1.1 bref=0.00 pid=-21.1 pref=-67.3 ppos=-65.2 apid=-0.0 integ=-38.2 vision=1 current=1 vframe=30896 vs=1 vage=5 vpage=5 vdt=35 vmax=266 vacc=30838 vrej=0 seq=0 elapsed=0 oled=3C
[  12390] STATUS mode=3 fault=none enc=-61 denc=0 sreq=0 sapplied=0 crate=-19 uimp=-69870 upos=3410 uneg=4280 ball=-12.56 vball=-0.05 aball=-1.1 bref=0.00 pid=-19.0 pref=-67.3 ppos=-65.4 apid=-0.0 integ=-38.2 vision=1 current=1 vframe=30896 vs=1 vage=25 vpage=25 vdt=35 vmax=266 vacc=30838 vrej=0 seq=0 elapsed=0 oled=3C
[  12420] STATUS mode=3 fault=none enc=-61 denc=0 sreq=-25 sapplied=-25 crate=-25 uimp=-70760 upos=3410 uneg=4310 ball=-12.59 vball=-0.28 aball=-1.1 bref=0.00 pid=-24.6 pref=-68.7 ppos=-66.3 apid=-0.0 integ=-38.4 vision=1 current=1 vframe=30897 vs=1 vage=32 vpage=32 vdt=33 vmax=266 vacc=30839 vrej=0 seq=0 elapsed=0 oled=3C
[  12452] STATUS mode=3 fault=none enc=-62 denc=0 sreq=-27 sapplied=-27 crate=-27 uimp=-71325 upos=3410 uneg=4330 ball=-12.61 vball=-0.38 aball=-2.0 bref=0.00 pid=-26.6 pref=-69.5 ppos=-66.8 apid=-0.0 integ=-38.6 vision=1 current=1 vframe=30898 vs=1 vage=20 vpage=20 vdt=32 vmax=266 vacc=30840 vrej=0 seq=0 elapsed=0 oled=3C
[  12467] STATUS mode=3 fault=none enc=-63 denc=-1 sreq=-23 sapplied=-23 crate=-23 uimp=-71830 upos=3410 uneg=4350 ball=-12.62 vball=-0.37 aball=-2.0 bref=0.00 pid=-23.4 pref=-69.7 ppos=-67.3 apid=-0.0 integ=-38.8 vision=1 current=1 vframe=30899 vs=1 vage=7 vpage=7 vdt=33 vmax=266 vacc=30841 vrej=0 seq=0 elapsed=0 oled=3C
[  12500] STATUS mode=3 fault=none enc=-63 denc=1 sreq=0 sapplied=0 crate=-17 uimp=-72260 upos=3410 uneg=4370 ball=-12.62 vball=-0.29 aball=-2.0 bref=0.00 pid=-17.2 pref=-69.5 ppos=-67.8 apid=-0.0 integ=-39.1 vision=1 current=1 vframe=30900 vs=1 vage=14 vpage=14 vdt=33 vmax=266 vacc=30842 vrej=0 seq=0 elapsed=0 oled=3C
[  12531] STATUS mode=3 fault=none enc=-64 denc=0 sreq=0 sapplied=0 crate=-17 uimp=-72260 upos=3410 uneg=4370 ball=-12.57 vball=0.29 aball=-2.0 bref=0.00 pid=-17.2 pref=-69.5 ppos=-67.8 apid=-0.0 integ=-39.1 vision=1 current=1 vframe=30901 vs=1 vage=1 vpage=1 vdt=33 vmax=266 vacc=30843 vrej=0 seq=0 elapsed=0 oled=3C
[  12545] STATUS mode=3 fault=none enc=-64 denc=0 sreq=21 sapplied=21 crate=21 uimp=-72260 upos=3410 uneg=4370 ball=-12.53 vball=0.50 aball=1.9 bref=0.00 pid=20.9 pref=-65.7 ppos=-67.8 apid=0.0 integ=-39.5 vision=1 current=1 vframe=30902 vs=1 vage=9 vpage=9 vdt=32 vmax=266 vacc=30844 vrej=0 seq=0 elapsed=0 oled=3C
[  12577] STATUS mode=3 fault=none enc=-64 denc=0 sreq=0 sapplied=0 crate=19 uimp=-72055 upos=3420 uneg=4370 ball=-12.53 vball=0.50 aball=1.9 bref=0.00 pid=18.9 pref=-65.7 ppos=-67.5 apid=0.0 integ=-39.5 vision=1 current=1 vframe=30902 vs=1 vage=29 vpage=29 vdt=32 vmax=266 vacc=30844 vrej=0 seq=0 elapsed=0 oled=3C
[  12608] STATUS mode=3 fault=none enc=-64 denc=0 sreq=0 sapplied=0 crate=11 uimp=-72055 upos=3420 uneg=4370 ball=-12.53 vball=0.38 aball=1.9 bref=0.00 pid=10.7 pref=-66.5 ppos=-67.5 apid=0.0 integ=-39.7 vision=1 current=1 vframe=30903 vs=1 vage=14 vpage=14 vdt=35 vmax=266 vacc=30845 vrej=0 seq=0 elapsed=0 oled=3C
[  12640] STATUS mode=3 fault=none enc=-64 denc=0 sreq=0 sapplied=0 crate=11 uimp=-72055 upos=3420 uneg=4370 ball=-12.51 vball=0.41 aball=1.6 bref=0.00 pid=10.8 pref=-66.5 ppos=-67.5 apid=0.0 integ=-39.9 vision=1 current=1 vframe=30904 vs=1 vage=22 vpage=22 vdt=32 vmax=266 vacc=846 vrej=0 seq=0 elapsed=0 oled=3C
[  12656] STATUS mode=3 fault=none enc=-64 denc=0 sreq=0 sapplied=0 crate=0 uimp=-72055 upos=3420 uneg=4370 ball=-12.50 vball=0.41 aball=1.6 bref=0.00 pid=0.0 pref=-66.7 ppos=-67.5 apid=0.0 integ=-40.1 vision=1 current=1 vframe=30905 vs=1 vage=8 vpage=8 vdt=34 vmax=266 vacc=30847 vrej=0 seq=0 elapsed=0 oled=3C
[  12686] STATUS mode=3 fault=none enc=-64 denc=0 sreq=0 sapplied=0 crate=0 uimp=-72055 upos=3420 uneg=4370 ball=-12.50 vball=0.41 aball=1.6 bref=0.00 pid=0.0 pref=-66.7 ppos=-67.5 apid=0.0 integ=-40.1 vision=1 current=1 vframe=30905 vs=1 vage=28 vpage=28 vdt=34 vmax=266 vacc=30847 vrej=0 seq=0 elapsed=0 oled=3C
[  12717] STATUS mode=3 fault=none enc=-64 denc=0 sreq=0 sapplied=0 crate=0 uimp=-72055 upos=3420 uneg=4370 ball=-12.50 vball=0.31 aball=1.6 bref=0.00 pid=0.0 pref=-67.4 ppos=-67.5 apid=0.0 integ=-40.3 vision=1 current=1 vframe=30906 vs=1 vage=16 vpage=16 vdt=32 vmax=266 vacc=30848 vrej=0 seq=0 elapsed=0 oled=3C
[  12733] STATUS mode=3 fault=none enc=-64 denc=0 sreq=0 sapplied=0 crate=-19 uimp=-72155 upos=3420 uneg=4375 ball=-12.53 vball=-0.07 aball=-1.3 bref=0.00 pid=-19.1 pref=-69.6 ppos=-67.6 apid=-0.0 integ=-40.5 vision=1 current=1 vframe=30907 vs=1 vage=21 vpage=21 vdt=35 vmax=266 vacc=30849 vrej=0 seq=0 elapsed=0 oled=3C
[  12765] STATUS mode=3 fault=none enc=-64 denc=0 sreq=0 sapplied=0 crate=-16 uimp=-72155 upos=3420 uneg=4375 ball=-12.52 vball=0.02 aball=-1.3 bref=0.00 pid=-16.4 pref=-69.3 ppos=-67.6 apid=-0.0 integ=-40.7 vision=1 current=1 vframe=30908 vs=1 vage=8 vpage=8 vdt=33 vmax=266 vacc=30850 vrej=0 seq=0 elapsed=0 oled=3C
[  12795] STATUS mode=3 fault=none enc=-64 denc=0 sreq=0 sapplied=0 crate=0 uimp=-72155 upos=3420 uneg=4375 ball=-12.49 vball=l=0.02 aball=-1.3 bref=0.00 pid=-16.4 pref=-69.3 ppos=-67.6 apid=-0.0 integ=-40.7 vision=1 current=1 vframe=30908 vs=1 vage=28 vpage=28 vdt=33 vmax=266 vacc=30850 vrej=0 seq=0 elapsed=0 oled=3C
[  12811] STATUS mode=3 fault=none enc=-64 denc=0 sreq=0 sapplied=0 crate=0 uimp=-72155 upos=3420 uneg=4375 ball=-12.45 vball=0.58 aball=2.3 bref=0.00 pid=0.0 pref=-66.7 ppos=-67.6 apid=0.0 integ=-41.1 vision=1 current=1 vframe=30910 vs=1 vage=2 vpage=2 vdt=34 vmax=266 vacc=30852 vrej=0 seq=0 elapsed=0 oled=3C
[  12842] STATUS mode=3 fault=none enc=-64 denc=0 sreq=0 sapplied=0 crate=0 uimp=-72155 upos=3420 uneg=4375 ball=-12.45 vball=0.58 aball=2.3 bref=0.00 pid=0.0 pref=-66.7 ppos=-67.6 apid=0.0 integ=-41.1 vision=1 current=1 vframe=30910 vs=1 vage=22 vpage=22 vdt=34 vmax=266 vacc=30852 vrej=0 seq=0 elapsed=0 oled=3C
[  12875] STATUS mode=3 fault=none enc=-64 denc=0 sreq=0 sapplied=0 crate=0 uimp=-72155 upos=3420 uneg=4375 ball=-12.44 vball=0.49 aball=2.3 bref=0.00 pid=0.0 pref=-67.3 ppos=-67.6 apid=0.0 integ=-41.3 vision=1 current=1 vframe=30911 vs=1 vage=9 vpage=9 vdt=33 vmax=266 vacc=30853 vrej=0 seq=0 elapsed=0 oled=3C
[  12906] STATUS mode=3 fault=none enc=-64 denc=0 sreq=0 sapplied=0 crate=11 uimp=-72155 upos=3420 uneg=4375 ball=-12.41 vball=0.66 aball=2.3 bref=0.00 pid=10.6 pref=-66.6 ppos=-67.6 apid=0.0 integ=-41.5 vision=1 current=1 vframe=30912 vs=1 vage=15 vpage=15 vdt=34 vmax=266 vacc=30854 vrej=0 seq=0 elapsed=0 oled=3C
[  12920] STATUS mode=3 fault=none enc=-64 denc=0 sreq=0 sapplied=0 crate=11 uimp=-72155 upos=3420 uneg=4375 ball=-12.38 vball=0.70 aball=1.8 bref=0.00 pid=11.5 pref=-66.5 ppos=-67.6 apid=0.0 integ=-41.8 vision=1 current=1 vframe=30913 vs=1 vage=2 vpage=2 vdt=33 vmax=266 vacc=30855 vrej=0 seq=0 elapsed=0 oled=3C
[  12952] STATUS mode=3 fault=none enc=-64 denc=0 sreq=0 sapplied=0 crate=11 uimp=-72155 upos=3420 uneg=4375 ball=-12.38 vball=0.70 aball=1.8 bref=0.00 pid=11.5 pref=-66.5 ppos=-67.6 apid=0.0 integ=-41.8 vision=1 current=1 vframe=30913 vs=1 vage=22 vpage=22 vdt=33 vmax=266 vacc=30855 vrej=0 seq=0 elapsed=0 oled=3C
[  12983] STATUS mode=3 fault=none enc=-64 denc=0 sreq=0 sapplied=0 crate=-16 uimp=-72155 upos=3420 uneg=4375 ball=-12.41 vball=0.20 aball=1.8 bref=0.00 pid=-16.5 pref=-69.3 ppos=-67.6 apid=0.0 integ=-42.0 vision=1 current=1 vframe=30914 vs=1 vage=29 vpage=29 vdt=33 vmax=266 vacc=30856 vrej=0 seq=0 elapsed=0 oled=3C
[  13000] STATUS mode=3 fault=none enc=-64 denc=0 sreq=-40 sapplied=-40 crate=-40 uimp=-72590 upos=3420 uneg=4385 ball=-12.46 vball=-0.29 aball=1.8 bref=0.00 pid=-40.2 pref=-72.1 ppos=-68.1 apid=0.0 integ=-42.2 vision=1 current=1 vframe=30915 vs=1 vage=15 vpage=15 vdt=34 vmax=266 vacc=30857 vrej=0 seq=0 elapsed=0 oled=3C
[  13031] STATUS mode=3 fault=none enc=-65 denc=0 sreq=-37 sapplied=-37 crate=-37 uimp=-74180 upos=3420 uneg=4425 ball=-12.49 vball=-0.49 aball=-4.4 bref=0.00 pid=-45.7 pref=-73.4 ppos=-68.8 apid=-0.0 integ=-42.4 vision=1 current=1 vframe=30916 vs=1 vage=2 vpage=2 vdt=33 vmax=266 vacc=30858 vrej=0 seq=0 elapsed=0 oled=3C
[  13061] STATUS mode=3 fault=none enc=-66 denc=0 sreq=-29 sapplied=-29 crate=-29 uimp=-74860 upos=3420 uneg=4445 ball=-12.50 vball=-0.41 aball=-4.4 bref=0.00 pid=-28.9 pref=-73.2 ppos=-70.4 apid=-0.0 integ=-42.6 vision=1 current=1 vframe=30917 vs=1 vage=9 vpage=9 vdt=33 vmax=266 vacc=30859 vrej=0 seq=0 elapsed=0 oled=3C
[  13092] STATUS mode=3 fault=none enc=-66 denc=0 sreq=-24 sapplied=-24 crate=-24 uimp=-75395 upos=3420 uneg=4465 ball=-12.50 vball=-0.41 aball=-4.4 bref=0.00 pid=-23.5 pref=-73.2 ppos=-70.9 apid=-0.0 integ=-42.6 vision=1 current=1 vframe=30917 vs=1 vage=29 vpage=29 vdt=33 vmax=266 vacc=30859 vrej=0 seq=0 elapsed=0 oled=3C
[  13108] STATUS mode=3 fault=none enc=-68 denc=0 sreq=30 sapplied=0 crate=30 uimp=-75625 upos=3420 uneg=4475 ball=-12.39 vball=0.63 aball=2.6 bref=0.00 pid=29.9 pref=-68.1 ppos=-71.1 apid=0.0 integ=-43.0 vision=1 current=1 vframe=30919 vs=1 vage=2 vpage=2 vdt=33 vmax=266 vacc=30861 vrej=0 seq=0 elapsed=0 oled=3C
[  13140] STATUS mode=3 fault=none enc=-68 denc=0 sreq=26 sapplied=26 crate=26 uimp=-75200 upos=3435 uneg=4475 ball=-12.39 vball=0.63 aball=2.6 bref=0.00 pid=25.7 pref=-68.1 ppos=-70.7 apid=0.0 integ=-43.0 vision=1 current=1 vframe=30919 vs=1 vage=22 vpage=22 vdt=33 vmax=266 vacc=30861 vrej=0 seq=0 elapsed=0 oled=3C
[  13170] STATUS mode=3 fault=none enc=-66 denc=2 sreq=0 sapplied=0 crate=-15 uimp=-74835 upos=3450 uneg=4475 ball=-12.45 vball=-0.04 aball=2.6 bref=0.00 pid=-15.3 pref=-71.9 ppos=-70.3 apid=0.0 integ=-43.2 vision=1 current=1 vframe=30920 vs=1 vage=9 vpage=9 vdt=33 vmax=266 vacc=30862 vrej=0 seq=0 elapsed=0 oled=3C
[  13202] STATUS mode=3 fault=none enc=-67 denc=0 sreq=-57 sapplied=-57 crate=-57 uimp=-75135 upos=3450 uneg=4480 ball=-12.54 vball=-0.84 aball=2.6 bref=0.00 pid=-57.2 pref=-76.3 ppos=-70.6 apid=0.0 integ=-43.4 vision=1 current=1 vframe=30921 vs=1 vage=15 vpage=15 vdt=34 vmax=266 vacc=30863 vrej=0 seq=0 elapsed=0 oled=3C
[  13217] STATUS mode=3 fault=none enc=-68 denc=-1 sreq=-31 sapplied=-31 crate=-31 uimp=-76195 upos=3450 uneg=4500 ball=-12.53 vball=-0.50 aball=-3.6 bref=0.00 pid=-31.3 pref=-74.8 ppos=-71.7 apid=-0.0 integ=-43.6 vision=1 current=1 vframe=30922 vs=1 vage=2 vpage=2 vdt=33 vmax=266 vacc=30864 vrej=0 seq=0 elapsed=0 oled=3C
[  13250] STATUS mode=3 fault=none enc=-68 denc=0 sreq=-26 sapplied=-26 crate=-26 uimp=-76775 upos=3450 uneg=4520 ball=-12.53 vball=-0.50 aball=-3.6 bref=0.00 pid=-25.5 pref=-74.8 ppos=-72.3 apid=-0.0 integ=-43.6 vision=1 current=1 vframe=30922 vs=1 vage=22 vpage=22 vdt=33 vmax=266 vacc=30864 vrej=0 seq=0 elapsed=0 oled=3C
[  13281] STATUS mode=3 fault=none enc=-69 denc=0 sreq=0 sapplied=0 crate=0 uimp=-77140 upos=3450 uneg=4535 ball=-12.50 vball=-0.10 aball=-3.6 bref=0.00 pid=0.0 pref=-72.9 ppos=-72.6 apid=-0.0 integ=-43.8 vision=1 current=1 vframe=30923 vs=1 vage=29 vpage=29 vdt=33 vmax=266 vacc=30865 vrej=0 seq=0 elapsed=0 oled=3C
[  13295] STATUS mode=3 fault=none enc=-69 denc=0 sreq=0 sapplied=0 crate=-18 uimp=-77140 upos=3450 uneg=4535 ball=-12.53 vball=-0.34 aball=-3.6 bref=0.00 pid=-18.1 pref=-74.4 ppos=-72.6 apid=-0.0 integ=-44.0 vision=1 current=1 vframe=30924 vs=1 vage=15 vpage=15 vdt=34 vmax=266 vacc=30866 vrej=0 seq=0 elapsed=0 oled=3C
[  13327] STATUS mode=3 fault=none enc=-69 denc=0 sreq=-35 sapplied=-35 crate=-35 uimp=-77140 upos=3450 uneg=4535 ball=-12.57 vball=-0.61 aball=-2.5 bref=0.00 pid=-34.8 pref=-76.1 ppos=-72.6 apid=-0.0 integ=-44.2 vision=1 current=1 vframe=30925 vs=1 vage=2 vpage=2 vdt=33 vmax=266 vacc=30867 vrej=0 seq=0 elapsed=0 oled=3C
[  13358] STATUS mode=3 fault=none enc=-71 denc=-2 sreq=0 sapplied=0 crate=0 uimp=-78190 upos=3450 uneg=4570 ball=-12.54 vball=-0.18 aball=-2.5 bref=0.00 pid=0.0 pref=-74.1 ppos=-73.7 apid=-0.0 integ=-44.5 vision=1 current=1 vframe=30926 vs=1 vage=8 vpage=8 vdt=34 vmax=266 vacc=30868 vrej=0 seq=0 elapsed=0 oled=3C
[  13390] STATUS mode=3 fault=none enc=-70 denc=0 sreq=0 sapplied=0 crate=0 uimp=-78190 upos=3450 uneg=4570 ball=-12.54 vball=-0.18 aball=-2.5 bref=0.00 pid=0.0 pref=-74.1 ppos=-73.7 apid=-0.0 integ=-44.5 vision=1 current=1 vframe=30926 vs=1 vage=28 vpage=28 vdt=34 vmax=266 vacc=30868 vrej=0 seq=0 elapsed=0 oled=3C
[  13406] STATUS mode=3 fault=none enc=-70 denc=0 sreq=0 sapplied=0 crate=15 uimp=-78190 upos=3450 uneg=4570 ball=-12.51 vball=0.22 aball=-2.5 bref=0.00 pid=14.8 pref=-72.2 ppos=-73.7 apid=-0.0 integ=-44.7 vision=1 current=1 vframe=30927 vs=1 vage=16 vpage=16 vdt=32 vmax=266 vacc=30869 vrej=0 seq=0 elapsed=0 oled=3C
[  13436] STATUS mode=3 fault=none enc=-70 denc=0 sreq=0 sapplied=0 crate=19 uimp=-77975 upos=3460 uneg=4570 ball=-12.48 vball=0.38 aball=3.1 bref=0.00 pid=19.5 pref=-71.5 ppos=-73.5 apid=0.0 integ=-44.9 vision=1 current=1 vframe=30928 vs=1 vage=22 vpage=22 vdt=34 vmax=266 vacc=30870 vrej=0 seq=0 elapsed=0 oled=3C
[  13467] STATUS mode=3 fault=none enc=-70 denc=0 sreq=0 sapplied=0 crate=-15 uimp=-77975 upos=3460 uneg=4570 ball=-12.54 vball=-0.23 aball=3.1 bref=0.00 pid=-14.9 pref=-75.0 ppos=-73.5 apid=0.0 integ=-45.1 vision=1 current=1 vframe=30929 vs=1 vage=9 vpage=9 vdt=33 vmax=266 vacc=30871 vrej=0 seq=0 elapsed=0 oled=3C
[  13500] STATUS mode=3 fault=none enc=-70 denc=0 sreq=0 sapplied=0 crate=-15 uimp=-77975 upos=3460 uneg=4570 ball=-12.54 vball=-0.23 aball=3.1 bref=0.00 pid=-14.9 pref=-75.0 ppos=-73.5 apid=0.0 integ=-45.1 vision=1 current=1 vframe=30929 vs=1 vage=29 vpage=29 vdt=33 vmax=266 vacc=30871 vrej=0 seq=0 elapsed=0 oled=3C
[  13515] STATUS mode=3 fault=none enc=-70 denc=0 sreq=-20 sapplied=-20 crate=-20 uimp=-78570 upos=3460 uneg=4595 ball=-12.57 vball=-0.34 aball=-1.6 bref=0.00 pid=-19.5 pref=-76.0 ppos=-74.1 apid=-0.0 integ=-45.5 vision=1 current=1 vframe=30931 vs=1 vage=3 vpage=3 vdt=33 vmax=266 vacc=30873 vrej=0 seq=0 elapsed=0 oled=3C
[  13545] STATUS mode=3 fault=none enc=-72 denc=-1 sreq=0 sapplied=0 crate=-19 uimp=-78670 upos=3460 uneg=4600 ball=-12.57 vball=-0.34 aball=-1.6 bref=0.00 pid=-18.5 pref=-76.0 ppos=-74.2 apid=-0.0 integ=-45.5 vision=1 current=1 vframe=30931 vs=1 vage=23 vpage=23 vdt=33 vmax=266 vacc=30873 vrej=0 seq=0 elapsed=0 oled=3C
[  13577] STATUS mode=3 fault=none enc=-72 denc=0 sreq=0 sapplied=0 crate=0 uimp=-78670 upos=3460 uneg=4600 ball=-12.55 vball=-0.05 aball=-1.6 bref=0.00 pid=0.0 pref=-74.7 ppos=-74.2 apid=-0.0 integ=-45.7 vision=1 current=1 vframe=30932 vs=1 vage=27 vpage=27 vdt=36 vmax=266 vacc=30874 vrej=0 seq=0 elapsed=0 oled=3C
[  13592] STATUS mode=3 fault=none enc=-72 denc=0 sreq=0 sapplied=0 crate=0 uimp=-78670 upos=3460 uneg=4600 ball=-12.54 vball=0.04 aball=-1.6 bref=0.00 pid=0.0 pref=-74.5 ppos=-74.2 apid=-0.0 integ=-45.9 vision=1 current=1 vframe=30933 vs=1 vage=12 vpage=12 vdt=35 vmax=266 vacc=30875 vrej=0 seq=0 elapsed=0 oled=3C
[  13625] STATUS mode=3 fault=none enc=-72 denc=0 sreq=0 sapplied=0 crate=0 uimp=-78670 upos=3460 uneg=4600 ball=-12.54 vball=0.09 aball=-1.6 bref=0.00 pid=0.0 pref=-74.5 ppos=-74.2 apid=-0.0 integ=-45.9 vision=1 current=1 vframe=30934 vs=1 vage=1 vpage=1 vdt=31 vmax=266 vacc=30876 vrej=0 seq=0 elapsed=0 oled=3C
[  13656] STATUS mode=3 fault=none enc=-72 denc=0 sreq=-25 sapplied=-25 crate=-25 uimp=-78800 upos=3460 uneg=4605 ball=-12.58 vball=-0.32 aball=1.0 bref=0.00 pid=-24.9 pref=-76.8 ppos=-74.3 apid=0.0 integ=-46.3 vision=1 current=1 vframe=30935 vs=1 vage=10 vpage=10 vdt=31 vmax=266 vacc=j=0 seq=0 elapsed=0 oled=3C
[  13686] STATUS mode=3 fault=none enc=-71 denc=1 sreq=-20 sapplied=-20 crate=-20 uimp=-79260 upos=3460 uneg=4625 ball=-12.58 vball=-0.32 aball=1.0 bref=0.00 pid=-20.3 pref=-76.8 ppos=-74.8 apid=0.0 integ=-46.3 vision=1 current=1 vframe=30935 vs=1 vage=30 vpage=30 vdt=31 vmax=266 vacc=30877 vrej=0 seq=0 elapsed=0 oled=3C
[  13702] STATUS mode=3 fault=none enc=-74 denc=-1 sreq=-20 sapplied=-20 crate=-20 uimp=-79585 upos=3460 uneg=4640 ball=-12.59 vball=-0.34 aball=1.0 bref=0.00 pid=-20.4 pref=-77.1 ppos=-75.1 apid=0.0 integ=-46.5 vision=1 current=1 vframe=30936 vs=1 vage=16 vpage=16 vdt=34 vmax=266 vacc=30878 vrej=0 seq=0 elapsed=0 oled=3C
[  13733] STATUS mode=3 fault=none enc=-73 denc=0 sreq=0 sapplied=0 crate=0 uimp=-79685 upos=3460 uneg=4645 ball=-12.58 vball=-0.11 aball=-0.3 bref=0.00 pid=0.0 pref=-76.2 ppos=-75.2 apid=-0.0 integ=-46.8 vision=1 current=1 vframe=30937 vs=1 vage=22 vpage=22 vdt=34 vmax=266 vacc=30879 vrej=0 seq=0 elapsed=0 oled=3C
[  13765] STATUS mode=3 fault=none enc=-73 denc=0 sreq=0 sapplied=0 crate=0 uimp=-79685 upos=3460 uneg=4645 ball=-12.55 vball=0.17 aball=-0.3 bref=0.00 pid=0.0 pref=-74.9 ppos=-75.2 apid=-0.0 integ=-47.0 vision=1 current=1 vframe=30938 vs=1 vage=9 vpage=9 vdt=33 vmax=266 vacc=30880 vrej=0 seq=0 elapsed=0 oled=3C
[  13781] STATUS mode=3 fault=none enc=-73 denc=0 sreq=0 sapplied=0 crate=0 uimp=-79685 upos=3460 uneg=4645 ball=-12.55 vball=0.17 aball=-0.3 bref=0.00 pid=0.0 pref=-74.9 ppos=-75.2 apid=-0.0 integ=-47.0 vision=1 current=1 vframe=30938 vs=1 vage=29 vpage=29 vdt=33 vmax=266 vacc=30880 vrej=0 seq=0 elapsed=0 oled=3C
[  13811] STATUS mode=3 fault=none enc=-73 denc=0 sreq=0 sapplied=0 crate=0 uimp=-79685 upos=3460 uneg=4645 ball=-12.43 vball=1.10 aball=-0.3 bref=0.00 pid=0.0 pref=-74.5 ppos=-75.2 apid=-0.0 integ=-47.2 vision=1 current=1 vframe=30940 vs=1 vage=1 vpage=1 vdt=36 vmax=266 vacc=30882 vrej=0 seq=0 elapsed=0 oled=3C
[  13842] STATUS mode=3 fault=none enc=-73 denc=0 sreq=44 sapplied=44 crate=44 uimp=-79210 upos=3470 uneg=4645 ball=-12.43 vball=1.10 aball=5.2 bref=0.00 pid=44.2 pref=-70.3 ppos=-74.7 apid=0.0 integ=-47.4 vision=1 current=1 vframe=30940 vs=1 vage=21 vpage=21 vdt=36 vmax=266 vacc=30882 vrej=0 seq=0 elapsed=0 oled=3C
[  13875] STATUS mode=3 fault=none enc=-72 denc=1 sreq=33 sapplied=33 crate=33 uimp=-78405 upos=3490 uneg=4645 ball=-12.39 vball=1.06 aball=5.2 bref=0.00 pid=33.4 pref=-70.6 ppos=-73.9 apid=0.0 integ=-47.6 vision=1 current=1 vframe=30941 vs=1 vage=10 vpage=10 vdt=31 vmax=266 vacc=30883 vrej=0 seq=0 elapsed=0 oled=3C
[  13890] STATUS mode=3 fault=none enc=-71 denc=0 sreq=0 sapplied=0 crate=0 uimp=-77650 upos=3515 uneg=4645 ball=-12.40 vball=0.68 aball=5.2 bref=0.00 pid=0.0 pref=-72.7 ppos=-73.1 apid=0.0 integ=-47.8 vision=1 current=1 vframe=30942 vs=1 vage=16 vpage=16 vdt=34 vmax=266 vacc=30884 vrej=0 seq=0 elapsed=0 oled=3C
[  13920] STATUS mode=3 fault=none enc=-71 denc=0 sreq=-32 sapplied=0 crate=-32 uimp=-77650 upos=3515 uneg=4645 ball=-12.45 vball=0.02 aball=-2.1 bref=0.00 pid=-32.1 pref=-76.4 ppos=-73.1 apid=-0.0 integ=-48.0 vision=1 current=1 vframe=30943 vs=1 vage=3 vpage=3 vdt=33 vmax=266 vacc=30885 vrej=0 seq=0 elapsed=0 oled=3C
[  13952] STATUS mode=3 fault=none enc=-71 denc=0 sreq=-28 sapplied=-28 crate=-28 uimp=-78110 upos=3515 uneg=4660 ball=-12.45 vball=0.02 aball=-2.1 bref=0.00 pid=-27.5 pref=-76.4 ppos=-73.6 apid=-0.0 integ=-48.0 vision=1 current=1 vframe=30943 vs=1 vage=23 vpage=23 vdt=33 vmax=266 vacc=30885 vrej=0 seq=0 elapsed=0 oled=3C
[  13983] STATUS mode=3 fault=none enc=-72 denc=0 sreq=-27 sapplied=-27 crate=-27 uimp=-79290 upos=3515 uneg=4700 ball=-12.47 vball=-0.15 aball=-2.1 bref=0.00 pid=-26.9 pref=-77.5 ppos=-74.8 apid=-0.0 integ=-48.2 vision=1 current=1 vframe=30944 vs=1 vage=30 vpage=30 vdt=33 vmax=266 vacc=30886 vrej=0 seq=0 elapsed=0 oled=3C
[  14000] STATUS mode=3 fault=none enc=-73 denc=0 sreq=-26 sapplied=-26 crate=-26 uimp=-79865 upos=3515 uneg=4720 ball=-12.48 vball=-0.21 aball=-2.1 bref=0.00 pid=-26.5 pref=-78.0 ppos=-75.4 apid=-0.0 integ=-48.4 vision=1 current=1 vframe=30945 vs=1 vage=17 vpage=17 vdt=33 vmax=266 vacc=30887 vrej=0 seq=0 elapsed=0 oled=3C
[  14031] STATUS mode=3 fault=none enc=-73 denc=0 sreq=-23 sapplied=-23 crate=-23 uimp=-80355 upos=3515 uneg=4740 ball=-12.49 vball=-0.19 aball=-2.1 bref=0.00 pid=-23.0 pref=-78.1 ppos=-75.8 apid=-0.0 integ=-48.6 vision=1 current=1 vframe=30946 vs=1 vage=4 vpage=4 vdt=33 vmax=266 vacc=30888 vrej=0 seq=0 elapsed=0 oled=3C
[  14061] STATUS mode=3 fault=none enc=-74 denc=0 sreq=0 sapplied=0 crate=-19 uimp=-80785 upos=3515 uneg=4760 ball=-12.49 vball=-0.15 aball=-2.1 bref=0.00 pid=-18.8 pref=-78.2 ppos=-76.3 apid=-0.0 integ=-48.8 vision=1 current=1 vframe=30947 vs=1 vage=10 vpage=10 vdt=34 vmax=266 vacc=30889 vrej=0 seq=0 elapsed=0 oled=3C
[  14077] STATUS mode=3 fault=none enc=-74 denc=0 sreq=0 sapplied=0 crate=-19 uimp=-80785 upos=3515 uneg=4760 ball=-12.49 vball=-0.15 aball=-2.1 bref=0.00 pid=-18.8 pref=-78.2 ppos=-76.3 apid=-0.0 integ=-48.8 vision=1 current=1 vframe=30947 vs=1 vage=30 vpage=30 vdt=34 vmax=266 vacc=30889 vrej=0 seq=0 elapsed=0 oled=3C
[  14108] STATUS mode=3 fault=none enc=-74 denc=0 sreq=0 sapplied=0 crate=-13 uimp=-80785 upos=3515 uneg=4760 ball=-12.48 vball=0.01 aball=-2.1 bref=0.00 pid=-12.5 pref=-77.5 ppos=-76.3 apid=-0.0 integ=-49.0 vision=1 current=1 vframe=30948 vs=1 vage=17 vpage=17 vdt=33 vmax=266 vacc=30890 vrej=0 seq=0 elapsed=0 oled=3C
[  14140] STATUS mode=3 fault=none enc=-74 denc=0 sreq=0 sapplied=0 crate=11 uimp=-80785 upos=3515 uneg=4760 ball=-12.42 vball=0.48 aball=1.8 bref=0.00 pid=10.6 pref=-75.2 ppos=-76.3 apid=0.0 integ=-49.3 vision=1 current=1 vframe=30949 vs=1 vage=22 vpage=22 vdt=35 vmax=266 vacc=30891 vrej=0 seq=0 elapsed=0 oled=3C
[  14170] STATUS mode=3 fault=none enc=-74 denc=0 sreq=0 sapplied=0 crate=16 uimp=-80785 upos=3515 uneg=4760 ball=-12.39 vball=0.60 aball=1.8 bref=0.00 pid=15.5 pref=-74.7 ppos=-76.3 apid=0.0 integ=-49.4 vision=1 current=1 vframe=30950 vs=1 vage=10 vpage=10 vdt=32 vmax=266 vacc=30892 vrej=0 seq=0 elapsed=0 oled=3C
[  14186] STATUS mode=3 fault=none enc=-74 denc=0 sreq=0 sapplied=0 crate=16 uimp=-80785 upos=3515 uneg=4760 ball=-12.39 vball=0.60 aball=1.8 bref=0.00 pid=15.5 pref=-74.7 ppos=-76.3 apid=0.0 integ=-49.4 vision=1 current=1 vframe=30950 vs=1 vage=30 vpage=30 vdt=32 vmax=266 vacc=30892 vrej=0 seq=0 elapsed=0 oled=3C
[  14217] STATUS mode=3 fault=none enc=-74 denc=0 sreq=0 sapplied=0 crate=0 uimp=-80785 upos=3515 uneg=4760 ball=-12.36 vball=0.55 aball=1.3 bref=0.00 pid=0.0 pref=-75.3 ppos=-76.3 apid=0.0 integ=-49.9 vision=1 current=1 vframe=30952 vs=1 vage=3 vpage=3 vdt=34 vmax=266 vacc=30894 vrej=0 seq=0 elapsed=0 oled=3C
[  14250] STATUS mode=3 fault=none enc=-74 denc=0 sreq=0 sapplied=0 crate=0 uimp=-80785 upos=3515 uneg=4760 ball=-12.36 vball=0.55 aball=1.3 bref=0.00 pid=0.0 pref=-75.3 ppos=-76.3 apid=0.0 integ=-49.9 vision=1 current=1 vframe=30952 vs=1 vage=23 vpage=23 vdt=34 vmax=266 vacc=30894 vrej=0 seq=0 elapsed=0 oled=3C
[  14265] STATUS mode=3 fault=none enc=-74 denc=0 sreq=0 sapplied=0 crate=0 uimp=-80785 upos=3515 uneg=4760 ball=-12.36 vball=0.40 aball=1.3 bref=0.00 pid=0.0 pref=-76.3 ppos=-76.3 apid=0.0 integ=-50.1 vision=1 current=1 vframe=30953 vs=1 vage=8 vpage=8 vdt=35 vmax=266 vacc=30895 vrej=0 seq=0 elapsed=0 oled=3C
[  14295] STATUS mode=3 fault=none enc=-74 denc=0 sreq=0 sapplied=0 crate=0 uimp=-80785 upos=3515 uneg=4760 ball=-12.36 vball=0.27 aball=1.3 bref=0.00 pid=0.0 pref=-77.1 ppos=-76.3 apid=0.0 integ=-50.3 vision=1 current=1 vframe=30954 vs=1 vage=14 vpage=14 vdt=34 vmax=266 vacc=30896 vrej=0 seq=0 elapsed=0 oled=3C
[  14327] STATUS mode=3 fault=none enc=-74 denc=0 sreq=0 sapplied=0 crate=-17 uimp=-80785 upos=3515 uneg=4760 ball=-12.36 vball=0.14 aball=-1.1 bref=0.00 pid=-16.9 pref=-78.0 ppos=-76.3 apid=-0.0 integ=-50.5 vision=1 current=1 vframe=30955 vs=1 vage=3 vpage=3 vdt=31 vmax=266 vacc=30897 vrej=0 seq=0 elapsed=0 oled=3C
[  14358] STATUS mode=3 fault=none enc=-74 denc=0 sreq=0 sapplied=0 crate=-17 uimp=-80785 upos=3515 uneg=4760 ball=-12.36 vball=0.14 aball=-1.1 bref=0.00 pid=-16.9 pref=-78.0 ppos=-76.3 apid=-0.0 integ=-50.5 vision=1 current=1 vframe=30955 vs=1 vage=23 vpage=23 vdt=31 vmax=266 vacc=30897 vrej=0 seq=0 elapsed=0 oled=3C
[  14375] STATUS mode=3 fault=none enc=-74 denc=0 sreq=-34 sapplied=-34 crate=-34 uimp=-81760 upos=3515 uneg=4785 ball=-12.41 vball=-0.32 aball=-1.1 bref=0.00 pid=-33.7 pref=-80.6 ppos=-77.3 apid=-0.0 integ=-50.7 vision=1 current=1 vframe=30956 vs=1 vage=30 vpage=30 vdt=33 vmax=266 vacc=30898 vrej=0 seq=0 elapsed=0 oled=3C
[  14406] STATUS mode=3 fault=none enc=-76 denc=-1 sreq=-55 sapplied=-55 crate=-55 uimp=-82685 upos=3515 uneg=4805 ball=-12.48 vball=-0.85 aball=-1.1 bref=0.00 pid=-55.2 pref=-83.7 ppos=-78.2 apid=-0.0 integ=-50.9 vision=1 current=1 vframe=30957 vs=1 vage=16 vpage=16 vdt=34 vmax=266 vacc=30899 vrej=0 seq=0 elapsed=0 oled=3C
[  14436] STATUS mode=3 fault=none enc=-78 denc=0 sreq=-38 sapplied=-38 crate=-38 uimp=-84565 upos=3515 uneg=4845 ball=-12.51 vball=-0.82 aball=-4.9 bref=0.00 pid=-46.5 pref=-83.8 ppos=-79.2 apid=-0.0 integ=-51.1 vision=1 current=1 vframe=30958 vs=1 vage=3 vpage=3 vdt=33 vmax=266 vacc=30900 vrej=0 seq=0 elapsed=0 oled=3C
[  14467] STATUS mode=3 fault=none enc=-79 denc=-1 sreq=0 sapplied=0 crate=-16 uimp=-85105 upos=3515 uneg=4860 ball=-12.50 vball=-0.45 aball=-4.9 bref=0.00 pid=-15.7 pref=-82.2 ppos=-80.6 apid=-0.0 integ=-51.3 vision=1 current=1 vframe=30965 vs=1 vage=10 vpage=10 vdt=33 vmax=266 vacc=30907 vrej=0 seq=0 elapsed=0 oled=3C
[  14483] STATUS mode=3 fault=none enc=-79 denc=0 sreq=0 sapplied=0 crate=-16 uimp=-85105 upos=3515 uneg=4860 ball=-12.50 vball=-0.45 aball=-4.9 bref=0.00 pid=-15.7 pref=-82.2 ppos=-80.6 apid=-0.0 integ=-51.3 vision=1 current=1 vframe=30965 vs=1 vage=30 vpage=30 vdt=33 vmax=266 vacc=30907 vrej=0 seq=0 elapsed=0 oled=3C
[  14515] STATUS mode=3 fault=none enc=-79 denc=0 sreq=0 sapplied=0 crate=11 uimp=-85105 upos=3515 uneg=4860 ball=-12.44 vball=0.13 aball=1.6 bref=0.00 pid=10.9 pref=-79.5 ppos=-80.6 apid=0.0 integ=-51.7 vision=1 current=1 vframe=30967 vs=1 vage=3 vpage=3 vdt=32 vmax=266 vacc=30909 vrej=0 seq=0 elapsed=0 oled=3C
[  14545] STATUS mode=3 fault=none enc=-79 denc=0 sreq=0 sapplied=0 crate=11 uimp=-85105 upos=3515 uneg=4860 ball=-12.44 vball=0.13 aball=1.6 bref=0.00 pid=10.9 pref=-79.5 ppos=-80.6 apid=0.0 integ=-51.7 vision=1 current=1 vframe=30967 vs=1 vage=23 vpage=23 vdt=32 vmax=266 vacc=30909 vrej=0 seq=0 elapsed=0 oled=3C
[  14561] STATUS mode=3 fault=none enc=-79 denc=0 sreq=0 sapplied=0 crate=-15 uimp=-85105 upos=3515 uneg=4860 ball=-12.49 vball=-0.32 aball=1.6 bref=0.00 pid=-15.1 pref=-82.1 ppos=-80.6 apid=0.0 integ=-51.9 vision=1 current=1 vframe=30968 vs=1 vage=10 vpage=10 vdt=33 vmax=266 vacc=30910 vrej=0 seq=0 elapsed=0 oled=3C
[  14592] STATUS mode=3 fault=none enc=-79 denc=0 sreq=0 sapplied=0 crate=-19 uimp=-85105 upos=3515 uneg=4860 ball=-12.50 vball=-0.35 aball=1.6 bref=0.00 pid=-19.1 pref=-82.5 ppos=-80.6 apid=0.0 integ=-52.1 vision=1 current=1 vframe=30969 vs=1 vage=16 vpage=16 vdt=34 vmax=266 vacc=30911 vrej=0 seq=0 elapsed=0 oled=3C
[  14625] STATUS mode=3 fault=none enc=-79 denc=0 sreq=0 sapplied=0 crate=0 uimp=-85105 upos=3515 uneg=4860 ball=-12.47 vball=0.04 aball=0.5 bref=0.00 pid=0.0 pref=-80.7 ppos=-80.6 apid=0.0 integ=-52.4 vision=1 current=1 vframe=30970 vs=1 vage=3 vpage=3 vdt=33 vmax=266 vacc=30912 vrej=0 seq=0 elapsed=0 oled=3C
[  14656] STATUS mode=3 fault=none enc=-79 denc=0 sreq=0 sapplied=0 crate=0 uimp=-85105 upos=3515 uneg=4860 ball=-12.47 vball=0.04 aball=0.5 bref=0.00 pid=0.0 pref=-80.7 ppos=-80.6 apid=0.0 integ=-52.4 vision=1 current=1 vframe=30970 vs=1 vage=23 vpage=23 vdt=33 vmax=266 vacc=30912 vrej=0 seq=0 elapsed=0 oled=3C
[  14670] STATUS mode=3 fault=none enc=-79 denc=0 sreq=0 sapplied=0 crate=16 uimp=-85105 upos=3515 uneg=4860 ball=-12.43 vball=0.40 aball=0.5 bref=0.00 pid=16.4 pref=-79.0 ppos=-80.6 apid=0.0 integ=-52.6 vision=1 current=1 vframe=30971 vs=1 vage=29 vpage=29 vdt=34 vmax=266 vacc=30913 vrej=0 seq=0 elapsed=0 oled=3C
[  14702] STATUS mode=3 fault=none enc=-79 denc=0 sreq=90 sapplied=90 crate=90 uimp=-84140 upos=3525 uneg=4860 ball=-12.25 vball=1.99 aball=0.5 bref=0.00 pid=89.6 pref=-70.7 ppos=-79.6 apid=0.0 integ=-52.8 vision=1 current=1 vframe=30979 vs=1 vage=16 vpage=16 vdt=1 vmax=266 vacc=30921 vrej=0 seq=0 elapsed=0 oled=3C
[  14733] STATUS mode=3 fault=none enc=-77 denc=1 sreq=109 sapplied=109 crate=109 uimp=-82475 upos=3545 uneg=4860 ball=-12.10 vball=2.67 aball=12.0 bref=0.00 pid=109.4 pref=-67.0 ppos=-78.0 apid=0.0 integ=-53.0 vision=1 current=1 vframe=30980 vs=1 vage=2 vpage=2 vdt=34 vmax=266 vacc=30922 vrej=0 seq=0 elapsed=0 oled=3C
[  14750] STATUS mode=3 fault=none enc=-73 denc=0 sreq=66 sapplied=66 crate=66 uimp=-78830 upos=3585 uneg=4860 ball=-12.03 vball=2.52 aball=12.0 bref=0.00 pid=65.6 pref=-67.8 ppos=-74.3 apid=0.0 integ=-53.2 vision=1 current=1 vframe=30981 vs=1 vage=10 vpage=10 vdt=32 vmax=266 vacc=30923 vrej=0 seq=0 elapsed=0 oled=3C
[  14781] STATUS mode=3 fault=none enc=-71 denc=1 sreq=53 sapplied=53 crate=53 uimp=-77615 upos=3605 uneg=4860 ball=-12.03 vball=2.52 aball=12.0 bref=0.00 pid=53.5 pref=-67.8 ppos=-73.1 apid=0.0 integ=-53.2 vision=1 current=1 vframe=30981 vs=1 vage=30 vpage=30 vdt=32 vmax=266 vacc=30923 vrej=0 seq=0 elapsed=0 oled=3C
[  14811] STATUS mode=3 fault=none enc=-70 denc=-1 sreq=0 sapplied=0 crate=0 uimp=-77095 upos=3615 uneg=4860 ball=-12.04 vball=1.74 aball=12.0 bref=0.00 pid=0.0 pref=-71.9 ppos=-72.6 apid=0.0 integ=-53.4 vision=1 current=1 vframe=30982 vs=1 vage=16 vpage=16 vdt=34 vmax=266 vacc=30924 vrej=0 seq=0 elapsed=0 oled=3C
[  14842] STATUS mode=3 fault=none enc=-70 denc=0 sreq=-20 sapplied=-20 crate=-20 uimp=-77430 upos=3615 uneg=4875 ball=-12.04 vball=1.17 aball=-0.2 bref=0.00 pid=-20.2 pref=-74.9 ppos=-72.9 apid=-0.0 integ=-53.6 vision=1 current=1 vframe=30983 vs=1 vage=23 vpage=23 vdt=33 vmax=266 vacc=30925 vrej=0 seq=0 elapsed=0 oled=3C
[  14858] STATUS mode=3 fault=none enc=-70 denc=0 sreq=-40 sapplied=-40 crate=-40 uimp=-77740 upos=3615 uneg=4885 ball=-12.05 vball=0.76 aball=-0.2 bref=0.00 pid=-39.9 pref=-77.2 ppos=-73.2 apid=-0.0 integ=-53.8 vision=1 current=1 vframe=30984 vs=1 vage=10 vpage=10 vdt=33 vmax=266 vacc=30926 vrej=0 seq=0 elapsed=0 oled=3C
[  14890] STATUS mode=3 fault=none enc=-70 denc=0 sreq=-33 sapplied=-33 crate=-33 uimp=-78480 upos=3615 uneg=4905 ball=-12.05 vball=0.76 aball=-0.2 bref=0.00 pid=-32.5 pref=-77.2 ppos=-74.0 apid=-0.0 integ=-53.8 vision=1 current=1 vframe=30984 vs=1 vage=30 vpage=30 vdt=33 vmax=266 vacc=30926 vrej=0 seq=0 elapsed=0 oled=3C
[  14920] STATUS mode=3 fault=none enc=-72 denc=0 sreq=-44 sapplied=-44 crate=-44 uimp=-80070 upos=3615 uneg=4945 ball=-12.06 vball=0.30 aball=-4.1 bref=0.00 pid=-43.9 pref=-80.0 ppos=-75.6 apid=-0.0 integ=-54.2 vision=1 current=1 vframe=30986 vs=1 vage=4 vpage=4 vdt=33 vmax=266 vacc=30928 vrej=0 seq=0 elapsed=0 oled=3C
[  14952] STATUS mode=3 fault=none enc=-73 denc=-1 sreq=-36 sapplied=-36 crate=-36 uimp=-80890 upos=3615 uneg=4965 ball=-12.06 vball=0.30 aball=-4.1 bref=0.00 pid=-35.7 pref=-80.0 ppos=-76.4 apid=-0.0 integ=-54.2 vision=1 current=1 vframe=30986 vs=1 vage=24 vpage=24 vdt=33 vmax=266 vacc=30928 vrej=0 seq=0 elapsed=0 oled=3C
[  14967] STATUS mode=3 fault=none enc=-75 denc=-2 sreq=0 sapplied=0 crate=0 uimp=-81400 upos=3615 uneg=4980 ball=-11.98 vball=0.85 aball=-4.1 bref=0.00 pid=0.0 pref=-77.2 ppos=-76.9 apid=-0.0 integ=-54.4 vision=1 current=1 vframe=30987 vs=1 vage=10 vpage=10 vdt=34 vmax=266 vacc=30929 vrej=0 seq=0 elapsed=0 oled=3C
[  15000] STATUS mode=3 fault=none enc=-75 denc=0 sreq=-29 sapplied=-29 crate=-29 uimp=-81710 upos=3615 uneg=4990 ball=-12.01 vball=0.33 aball=-4.1 bref=0.00 pid=-28.6 pref=-80.1 ppos=-77.2 apid=-0.0 integ=-54.6 vision=1 current=1 vframe=30988 vs=1 vage=15 vpage=15 vdt=35 vmax=266 vacc=30930 vrej=0 seq=0 elapsed=0 oled=3C
[  15031] STATUS mode=3 fault=none enc=-75 denc=-1 sreq=-49 sapplied=-49 crate=-49 uimp=-82245 upos=3615 uneg=5010 ball=-12.05 vball=-0.13 aball=-4.2 bref=0.00 pid=-49.4 pref=-82.7 ppos=-77.7 apid=-0.0 integ=-54.8 vision=1 current=1 vframe=30989 vs=1 vage=4 vpage=4 vdt=31 vmax=266 vacc=30931 vrej=0 seq=0 elapsed=0 oled=3C
[  15061] STATUS mode=3 fault=none enc=-78 denc=-1 sreq=-39 sapplied=-39 crate=-39 uimp=-83935 upos=3615 uneg=5050 ball=-12.07 vball=-0.21 aball=-4.2 bref=0.00 pid=-39.2 pref=-83.3 ppos=-79.4 apid=-0.0 integ=-55.0 vision=1 current=1 vframe=30990 vs=1 vage=9 vpage=9 vdt=35 vmax=266 vacc=30932 vrej=0 seq=0 elapsed=0 oled=3C
[  15077] STATUS mode=3 fault=none enc=-78 denc=-1 sreq=-32 sapplied=-32 crate=-32 uimp=-84660 upos=3615 uneg=5070 ball=-12.07 vball=-0.21 aball=-4.2 bref=0.00 pid=-31.9 pref=-83.3 ppos=-80.2 apid=-0.0 integ=-55.0 vision=1 current=1 vframe=30990 vs=1 vage=29 vpage=29 vdt=35 vmax=266 vacc=30932 vrej=0 seq=0 elapsed=0 oled=3C
[  15108] STATUS mode=3 fault=none enc=-79 denc=-1 sreq=-40 sapplied=-40 crate=-40 uimp=-85480 upos=3615 uneg=5090 ball=-12.10 vball=-0.47 aball=-4.2 bref=0.00 pid=-39.5 pref=-84.9 ppos=-81.0 apid=-0.0 integ=-55.2 vision=1 current=1 vframe=30991 vs=1 vage=17 vpage=17 vdt=32 vmax=266 vacc=30933 vrej=0 seq=0 elapsed=0 oled=3C
[  15140] STATUS mode=3 fault=none enc=-81 denc=0 sreq=-32 sapplied=-32 crate=-32 uimp=-86960 upos=3615 uneg=5130 ball=-12.13 vball=-0.56 aball=-4.2 bref=0.00 pid=-32.2 pref=-85.7 ppos=-82.5 apid=-0.0 integ=-55.4 vision=1 current=1 vframe=30992 vs=1 vage=24 vpage=24 vdt=33 vmax=266 vacc=30934 vrej=0 seq=0 elapsed=0 oled=3C
[  15170] STATUS mode=3 fault=none enc=-81 denc=0 sreq=-23 sapplied=-23 crate=-23 uimp=-87540 upos=3615 uneg=5150 ball=-12.13 vball=-0.45 aball=-4.2 bref=0.00 pid=-22.9 pref=-85.3 ppos=-83.0 apid=-0.0 integ=-55.6 vision=1 current=1 vframe=30993 vs=1 vage=10 vpage=10 vdt=34 vmax=266 vacc=30935 vrej=0 seq=0 elapsed=0 oled=3C
[  15186] STATUS mode=3 fault=none enc=-82 denc=0 sreq=0 sapplied=0 crate=-19 uimp=-87970 upos=3615 uneg=5170 ball=-12.13 vball=-0.45 aball=-4.2 bref=0.00 pid=-18.6 pref=-85.3 ppos=-83.5 apid=-0.0 integ=-55.6 vision=1 current=1 vframe=30993 vs=1 vage=30 vpage=30 vdt=34 vmax=266 vacc=30935 vrej=0 seq=0 elapsed=0 oled=3C
[  15217] STATUS mode=3 fault=none enc=-82 denc=0 sreq=0 sapplied=0 crate=11 uimp=-87970 upos=3615 uneg=5170 ball=-12.07 vball=0.19 aball=1.1 bref=0.00 pid=11.3 pref=-82.3 ppos=-83.5 apid=0.0 integ=-56.0 vision=1 current=1 vframe=30995 vs=1 vage=5 vpage=5 vdt=31 vmax=266 vacc=30937 vrej=0 seq=0 elapsed=0 oled=3C
[  15250] STATUS mode=3 fault=none enc=-82 denc=0 sreq=0 sapplied=0 crate=11 uimp=-87970 upos=3615 uneg=5170 ball=-12.07 vball=0.19 aball=1.1 bref=0.00 pid=11.3 pref=-82.3 ppos=-83.5 apid=0.0 integ=-56.0 vision=1 current=1 vframe=30995 vs=1 vage=25 vpage=25 vdt=31 vmax=266 vacc=30937 vrej=0 seq=0 elapsed=0 oled=3C
[  15265] STATUS mode=3 fault=none enc=-82 denc=0 sreq=34 sapplied=34 crate=34 uimp=-87970 upos=3615 uneg=5170 ball=-12.02 vball=0.65 aball=1.1 bref=0.00 pid=33.7 pref=-80.1 ppos=-83.5 apid=0.0 integ=-56.2 vision=1 current=1 vframe=30996 vs=1 vage=11 vpage=11 vdt=34 vmax=266 vacc=30938 vrej=0 seq=0 elapsed=0 oled=3C
[  15295] STATUS mode=3 fault=none enc=-81 denc=0 sreq=31 sapplied=31 crate=31 uimp=-86740 upos=3655 uneg=5170 ball=-11.97 vball=0.86 aball=1.1 bref=0.00 pid=31.3 pref=-79.1 ppos=-82.2 apid=0.0 integ=-56.4 vision=1 current=1 vframe=30997 vs=1 vage=16 vpage=16 vdt=35 vmax=266 vacc=30939 vrej=0 seq=0 elapsed=0 oled=3C
[  15327] STATUS mode=3 fault=none enc=-81 denc=0 sreq=0 sapplied=0 crate=16 uimp=-86160 upos=3675 uneg=5170 ball=-11.96 vball=0.70 aball=2.9 bref=0.00 pid=15.9 pref=-80.1 ppos=-81.7 apid=0.0 integ=-56.6 vision=1 current=1 vframe=30998 vs=1 vage=4 vpage=4 vdt=32 vmax=266 vacc=30940 vrej=0 seq=0 elapsed=0 oled=3C
[  15358] STATUS mode=3 fault=none enc=-80 denc=0 sreq=0 sapplied=0 crate=16 uimp=-86160 upos=3675 uneg=5170 ball=-11.96 vball=0.70 aball=2.9 bref=0.00 pid=15.9 pref=-80.1 ppos=-81.7 apid=0.0 integ=-56.6 vision=1 current=1 vframe=30998 vs=1 vage=24 vpage=24 vdt=32 vmax=266 vacc=30940 vrej=0 seq=0 elapsed=0 oled=3C
[  15375] STATUS mode=3 fault=none enc=-82 denc=-2 sreq=-61 sapplied=-61 crate=-61 uimp=-87560 upos=3675 uneg=5190 ball=-12.12 vball=-0.99 aball=2.9 bref=0.00 pid=-61.5 pref=-89.2 ppos=-83.1 apid=0.0 integ=-56.8 vision=1 current=1 vframe=30999 vs=1 vage=30 vpage=30 vdt=34 vmax=266 vacc=30941 vrej=0 seq=0 elapsed=0 oled=3C
[  15406] STATUS mode=3 fault=none enc=-84 denc=-1 sreq=-106 sapplied=-106 crate=-106 uimp=-89620 upos=3675 uneg=5210 ball=-12.28 vball=-2.15 aball=2.9 bref=0.00 pid=-105.7 pref=-95.7 ppos=-85.1 apid=0.0 integ=-57.0 vision=1 current=1 vframe=31000 vs=1 vage=17 vpage=17 vdt=33 vmax=266 vacc=30942 vrej=0 seq=0 elapsed=0 oled=3C
[  15436] STATUS mode=3 fault=none enc=-89 denc=0 sreq=-89 sapplied=-89 crate=-89 uimp=-93610 upos=3675 uneg=5250 ball=-12.39 vball=-2.51 aball=ll=-13.0 bref=0.00 pid=-109.4 pref=-98.0 ppos=-87.1 apid=-0.0 integ=-57.2 vision=1 current=1 vframe=31001 vs=1 vage=5 vpage=5 vdt=32 vmax=266 vacc=30943 vrej=0 seq=0 elapsed=0 oled=3C
[  15467] STATUS mode=3 fault=none enc=-90 denc=1 sreq=-36 sapplied=-36 crate=-36 uimp=-95070 upos=3675 uneg=5270 ball=-12.39 vball=-1.70 aball=-13.0 bref=0.00 pid=-36.1 pref=-94.2 ppos=-90.6 apid=-0.0 integ=-57.4 vision=1 current=1 vframe=31002 vs=1 vage=11 vpage=11 vdt=34 vmax=266 vacc=30944 vrej=0 seq=0 elapsed=0 oled=3C
[  15483] STATUS mode=3 fault=none enc=-92 denc=-1 sreq=-29 sapplied=-29 crate=-29 uimp=-95740 upos=3675 uneg=5290 ball=-12.39 vball=-1.70 aball=-13.0 bref=0.00 pid=-29.4 pref=-94.2 ppos=-91.2 apid=-0.0 integ=-57.4 vision=1 current=1 vframe=31002 vs=1 vage=31 vpage=31 vdt=34 vmax=266 vacc=30944 vrej=0 seq=0 elapsed=0 oled=3C
[  15515] STATUS mode=3 fault=none enc=-93 denc=0 sreq=31 sapplied=0 crate=31 uimp=-96025 upos=3675 uneg=5300 ball=-12.35 vball=-0.48 aball=1.8 bref=0.00 pid=31.5 pref=-88.4 ppos=-91.5 apid=0.0 integ=-57.8 vision=1 current=1 vframe=31004 vs=1 vage=3 vpage=3 vdt=33 vmax=266 vacc=30946 vrej=0 seq=0 elapsed=0 oled=3C
[  15545] STATUS mode=3 fault=none enc=-93 denc=0 sreq=27 sapplied=27 crate=27 uimp=-95580 upos=3690 uneg=5300 ball=-12.35 vball=-0.48 aball=1.8 bref=0.00 pid=27.0 pref=-88.4 ppos=-91.1 apid=0.0 integ=-57.8 vision=1 current=1 vframe=31004 vs=1 vage=23 vpage=23 vdt=33 vmax=266 vacc=30946 vrej=0 seq=0 elapsed=0 oled=3C
[  15577] STATUS mode=3 fault=none enc=-92 denc=1 sreq=108 sapplied=108 crate=108 uimp=-94625 upos=3710 uneg=5300 ball=-12.17 vball=1.27 aball=1.8 bref=0.00 pid=108.3 pref=-79.3 ppos=-90.1 apid=0.0 integ=-58.0 vision=1 current=1 vframe=31005 vs=1 vage=9 vpage=9 vdt=34 vmax=266 vacc=30947 vrej=0 seq=0 elapsed=0 oled=3C
[  15592] STATUS mode=3 fault=none enc=-88 denc=0 sreq=130 sapplied=130 crate=130 uimp=-90010 upos=3750 uneg=5300 ball=-11.98 vball=2.55 aball=1.8 bref=0.00 pid=129.9 pref=-72.5 ppos=-85.5 apid=0.0 integ=-58.2 vision=1 current=1 vframe=31006 vs=1 vage=17 vpage=17 vdt=32 vmax=266 vacc=30948 vrej=0 seq=0 elapsed=0 oled=3C
[  15625] STATUS mode=3 fault=none enc=-84 denc=2 sreq=64 sapplied=64 crate=64 uimp=-87605 upos=3770 uneg=5300 ball=-11.99 vball=1.76 aball=11.2 bref=0.00 pid=64.1 pref=-76.7 ppos=-83.1 apid=0.0 integ=-58.4 vision=1 current=1 vframe=31007 vs=1 vage=4 vpage=4 vdt=33 vmax=266 vacc=30949 vrej=0 seq=0 elapsed=0 oled=3C
[  15656] STATUS mode=3 fault=none enc=-82 denc=2 sreq=52 sapplied=52 crate=52 uimp=-86415 upos=3790 uneg=5300 ball=-11.99 vball=1.76 aball=11.2 bref=0.00 pid=52.2 pref=-76.7 ppos=-81.9 apid=0.0 integ=-58.4 vision=1 current=1 vframe=31007 vs=1 vage=24 vpage=24 vdt=33 vmax=266 vacc=30949 vrej=0 seq=0 elapsed=0 oled=3C
[  15670] STATUS mode=3 fault=none enc=-82 denc=0 sreq=0 sapplied=0 crate=-19 uimp=-86100 upos=3805 uneg=5320 ball=-12.07 vball=0.50 aball=11.2 bref=0.00 pid=-18.5 pref=-83.4 ppos=-81.6 apid=0.0 integ=-58.6 vision=1 current=1 vframe=31008 vs=1 vage=28 vpage=28 vdt=36 vmax=266 vacc=30950 vrej=0 seq=0 elapsed=0 oled=3C
[  15702] STATUS mode=3 fault=none enc=-82 denc=0 sreq=-45 sapplied=-45 crate=-45 uimp=-86590 upos=3805 uneg=5330 ball=-12.12 vball=-0.06 aball=11.2 bref=0.00 pid=-45.1 pref=-86.6 ppos=-82.1 apid=0.0 integ=-58.8 vision=1 current=1 vframe=31009 vs=1 vage=15 vpage=15 vdt=33 vmax=266 vacc=30951 vrej=0 seq=0 elapsed=0 oled=3C
[  15733] STATUS mode=3 fault=none enc=-83 denc=-1 sreq=-58 sapplied=-58 crate=-58 uimp=-87430 upos=3805 uneg=5350 ball=-12.16 vball=-0.43 aball=-3.6 bref=0.00 pid=-58.4 pref=-88.8 ppos=-82.9 apid=-0.0 integ=-59.0 vision=1 current=1 vframe=31010 vs=1 vage=3 vpage=3 vdt=32 vmax=266 vacc=30952 vrej=0 seq=0 elapsed=0 oled=3C
[  15765] STATUS mode=3 fault=none enc=-85 denc=-1 sreq=-50 sapplied=-50 crate=-50 uimp=-89450 upos=3805 uneg=5390 ball=-12.19 vball=-0.60 aball=-3.6 bref=0.00 pid=-49.6 pref=-89.9 ppos=-84.9 apid=-0.0 integ=-59.2 vision=1 current=1 vframe=31011 vs=1 vage=10 vpage=10 vdt=33 vmax=266 vacc=30953 vrej=0 seq=0 elapsed=0 oled=3C
[  15795] STATUS mode=3 fault=none enc=-85 denc=0 sreq=-40 sapplied=-40 crate=-40 uimp=-90370 upos=3805 uneg=5410 ball=-12.19 vball=-0.60 aball=-3.6 bref=0.00 pid=-40.4 pref=-89.9 ppos=-85.9 apid=-0.0 integ=-59.2 vision=1 current=1 vframe=31011 vs=1 vage=30 vpage=30 vdt=33 vmax=266 vacc=30953 vrej=0 seq=0 elapsed=0 oled=3C
[  15811] STATUS mode=3 fault=none enc=-86 denc=0 sreq=0 sapplied=0 crate=-13 uimp=-91470 upos=3805 uneg=5450 ball=-12.18 vball=-0.19 aball=-0.9 bref=0.00 pid=-12.6 pref=-88.2 ppos=-87.0 apid=-0.0 integ=-59.6 vision=1 current=1 vframe=31013 vs=1 vage=4 vpage=4 vdt=33 vmax=266 vacc=30955 vrej=0 seq=0 elapsed=0 oled=3C
[  15842] STATUS mode=3 fault=none enc=-87 denc=1 sreq=0 sapplied=0 crate=-13 uimp=-91470 upos=3805 uneg=5450 ball=-12.18 vball=-0.19 aball=-0.9 bref=0.00 pid=-12.6 pref=-88.2 ppos=-87.0 apid=-0.0 integ=-59.6 vision=1 current=1 vframe=31013 vs=1 vage=24 vpage=24 vdt=33 vmax=266 vacc=30955 vrej=0 seq=0 elapsed=0 oled=3C
[  15875] STATUS mode=3 fault=none enc=-88 denc=0 sreq=0 sapplied=0 crate=-10 uimp=-91470 upos=3805 uneg=5450 ball=-12.18 vball=-0.10 aball=-0.9 bref=0.00 pid=-10.2 pref=-88.0 ppos=-87.0 apid=-0.0 integ=-59.8 vision=1 current=1 vframe=31014 vs=1 vage=10 vpage=10 vdt=34 vmax=266 vacc=30956 vrej=0 seq=0 elapsed=0 oled=3C
[  15890] STATUS mode=3 fault=none enc=-88 denc=0 sreq=0 sapplied=0 crate=0 uimp=-91470 upos=3805 uneg=5450 ball=-12.18 vball=-0.05 aball=-0.9 bref=0.00 pid=0.0 pref=-87.9 ppos=-87.0 apid=-0.0 integ=-60.0 vision=1 current=1 vframe=31015 vs=1 vage=15 vpage=15 vdt=35 vmax=266 vacc=30957 vrej=0 seq=0 elapsed=0 oled=3C
[  15920] STATUS mode=3 fault=none enc=-88 denc=0 sreq=0 sapplied=0 crate=-10 uimp=-91470 upos=3805 uneg=5450 ball=-12.17 vball=-0.03 aball=0.2 bref=0.00 pid=-10.4 pref=-88.0 ppos=-87.0 apid=0.0 integ=-60.2 vision=1 current=1 vframe=31016 vs=1 vage=4 vpage=4 vdt=31 vmax=266 vacc=30958 vrej=0 seq=0 elapsed=0 oled=3C
[  15952] STATUS mode=3 fault=none enc=-88 denc=0 sreq=0 sapplied=0 crate=-10 uimp=-91470 upos=3805 uneg=5450 ball=-12.17 vball=-0.03 aball=0.2 bref=0.00 pid=-10.4 pref=-88.0 ppos=-87.0 apid=0.0 integ=-60.2 vision=1 current=1 vframe=31016 vs=1 vage=24 vpage=24 vdt=31 vmax=266 vacc=30958 vrej=0 seq=0 elapsed=0 oled=3C
[  15983] STATUS mode=3 fault=none enc=-88 denc=0 sreq=0 sapplied=0 crate=-11 uimp=-91470 upos=3805 uneg=5450 ball=-12.17 vball=-0.01 aball=0.2 bref=0.00 pid=-11.4 pref=-88.1 ppos=-87.0 apid=0.0 integ=-60.4 vision=1 current=1 vframe=31017 vs=1 vage=30 vpage=30 vdt=34 vmax=266 vacc=30959 vrej=0 seq=0 elapsed=0 oled=3C
[  16000] STATUS mode=3 fault=none enc=-88 denc=0 sreq=22 sapplied=22 crate=22 uimp=-91235 upos=3815 uneg=5450 ball=-12.09 vball=0.70 aball=0.2 bref=0.00 pid=22.1 pref=-84.5 ppos=-86.7 apid=0.0 integ=-60.6 vision=1 current=1 vframe=31018 vs=1 vage=17 vpage=17 vdt=33 vmax=266 vacc=30960 vrej=0 seq=0 elapsed=0 oled=3C
[  16031] STATUS mode=3 fault=none enc=-86 denc=2 sreq=22 sapplied=22 crate=22 uimp=-90920 upos=3830 uneg=5450 ball=-12.06 vball=0.78 aball=3.8 bref=0.00 pid=21.9 pref=-84.2 ppos=-86.4 apid=0.0 integ=-60.8 vision=1 current=1 vframe=31019 vs=1 vage=4 vpage=4 vdt=33 vmax=266 vacc=30961 vrej=0 seq=0 elapsed=0 oled=3C
[  16061] STATUS mode=3 fault=none enc=-87 denc=0 sreq=0 sapplied=0 crate=0 uimp=-90605 upos=3845 uneg=5450 ball=-12.05 vball=0.61 aball=3.8 bref=0.00 pid=0.0 pref=-85.3 ppos=-86.1 apid=0.0 integ=-61.0 vision=1 current=1 vframe=31020 vs=1 vage=10 vpage=10 vdt=34 vmax=266 vacc=30962 vrej=0 seq=0 elapsed=0 oled=3C
[  16077] STATUS mode=3 fault=none enc=-87 denc=0 sreq=0 sapplied=0 crate=0 uimp=-90605 upos=3845 uneg=5450 ball=-12.05 vball=0.61 aball=3.8 bref=0.00 pid=0.0 pref=-85.3 ppos=-86.1 apid=0.0 integ=-61.0 vision=1 current=1 vframe=31020 vs=1 vage=30 vpage=30 vdt=34 vmax=266 vacc=30962 vrej=0 seq=0 elapsed=0 oled=3C
[  16108] STATUS mode=3 fault=none enc=-87 denc=0 sreq=0 sapplied=0 crate=-12 uimp=-90605 upos=3845 uneg=5450 ball=-12.07 vball=0.25 aball=3.8 bref=0.00 pid=-12.1 pref=-87.3 ppos=-86.1 apid=0.0 integ=-61.2 vision=1 current=1 vframe=31021 vs=1 vage=17 vpage=17 vdt=33 vmax=266 vacc=30963 vrej=0 seq=0 elapsed=0 oled=3C
[  16140] STATUS mode=3 fault=none enc=-88 denc=0 sreq=-115 sapplied=-115 crate=-115 uimp=-92525 upos=3845 uneg=5465 ball=-12.32 vball=-2.01 aball=-10.5 bref=0.00 pid=-115.4 pref=-99.6 ppos=-88.0 apid=-0.0 integ=-61.4 vision=1 current=1 vframe=31022 vs=1 vage=24 vpage=24 vdt=33 vmax=266 vacc=30964 vrej=0 seq=0 elapsed=0 oled=3C
[  16170] STATUS mode=3 fault=none enc=-90 denc=1 sreq=-104 sapplied=-104 crate=-104 uimp=-94720 upos=3845 uneg=5485 ball=-12.41 vball=-2.13 aball=-10.5 bref=0.00 pid=-104.2 pref=-100.6 ppos=-90.2 apid=-0.0 integ=-61.6 vision=1 current=1 vframe=31023 vs=1 vage=11 vpage=11 vdt=33 vmax=266 vacc=30965 vrej=0 seq=0 elapsed=0 oled=3C
[  16186] STATUS mode=3 fault=none enc=-92 denc=1 sreq=-85 sapplied=-85 crate=-85 uimp=-96650 upos=3845 uneg=5505 ball=-12.41 vball=-2.13 aball=-10.5 bref=0.00 pid=-84.9 pref=-100.6 ppos=-92.1 apid=-0.0 integ=-61.6 vision=1 current=1 vframe=31023 vs=1 vage=31 vpage=31 vdt=33 vmax=266 vacc=30965 vrej=0 seq=0 elapsed=0 oled=3C
[  16217] STATUS mode=3 fault=none enc=-95 denc=0 sreq=-28 sapplied=-28 crate=-28 uimp=-99115 upos=3845 uneg=5545 ball=-12.45 vball=-1.37 aball=-2.9 bref=0.00 pid=-27.7 pref=-97.4 ppos=-94.6 apid=-0.0 integ=-62.1 vision=1 current=1 vframe=31025 vs=1 vage=4 vpage=4 vdt=33 vmax=266 vacc=30967 vrej=0 seq=0 elapsed=0 oled=3C
[  16250] STATUS mode=3 fault=none enc=-97 denc=-1 sreq=-23 sapplied=-23 crate=-23 uimp=-99630 upos=3845 uneg=5565 ball=-12.45 vball=-1.37 aball=-2.9 bref=0.00 pid=-22.5 pref=-97.4 ppos=-95.1 apid=-0.0 integ=-62.1 vision=1 current=1 vframe=31025 vs=1 vage=24 vpage=24 vdt=33 vmax=266 vacc=30967 vrej=0 seq=0 elapsed=0 oled=3C
[  16281] STATUS mode=3 fault=none enc=-98 denc=0 sreq=0 sapplied=0 crate=0 uimp=-99950 upos=3845 uneg=5580 ball=-12.43 vball=-0.79 aball=-2.9 bref=0.00 pid=0.0 pref=-94.6 ppos=-95.4 apid=-0.0 integ=-62.3 vision=1 current=1 vframe=31026 vs=1 vage=31 vpage=31 vdt=33 vmax=266 vacc=30968 vrej=0 seq=0 elapsed=0 oled=3C
[  16295] STATUS mode=3 fault=none enc=-98 denc=0 sreq=30 sapplied=30 crate=30 uimp=-99795 upos=3850 uneg=5580 ball=-12.40 vball=-0.30 aball=-2.9 bref=0.00 pid=29.8 pref=-92.3 ppos=-95.3 apid=-0.0 integ=-62.5 vision=1 current=1 vframe=31027 vs=1 vage=14 vpage=14 vdt=37 vmax=266 vacc=30969 vrej=0 seq=0 elapsed=0 oled=3C
[  16327] STATUS mode=3 fault=none enc=-98 denc=0 sreq=126 sapplied=126 crate=126 uimp=-99240 upos=3870 uneg=5580 ball=-12.18 vball=1.95 aball=13.5 bref=0.00 pid=141.6 pref=-80.6 ppos=-94.7 apid=0.0 integ=-62.7 vision=1 current=1 vframe=31028 vs=1 vage=5 vpage=5 vdt=29 vmax=266 vacc=30970 vrej=0 seq=0 elapsed=0 oled=3C
[  16358] STATUS mode=3 fault=none enc=-93 denc=1 sreq=94 sapplied=94 crate=94 uimp=-94530 upos=3910 uneg=5580 ball=-12.18 vball=1.95 aball=13.5 bref=0.00 pid=94.5 pref=-80.6 ppos=-90.0 apid=0.0 integ=-62.7 vision=1 current=1 vframe=31028 vs=1 vage=45 vpage=45 vdt=29 vmax=266 vacc=30970 vrej=0 seq=0 elapsed=0 oled=3C
[  16390] STATUS mode=3 fault=none enc=-91 denc=1 sreq=76 sapplied=76 crate=76 uimp=-92795 upos=3930 uneg=5580 ball=-12.10 vball=1.94 aball=13.5 bref=0.00 pid=76.2 pref=-80.7 ppos=-88.3 apid=0.0 integ=-63.0 vision=1 current=1 vframe=31029 vs=1 vage=18 vpage=18 vdt=47 vmax=266 vacc=30971 vrej=0 seq=0 elapsed=0 oled=3C
[  16406] STATUS mode=3 fault=none enc=-91 denc=0 sreq=38 sapplied=38 crate=38 uimp=-91650 upos=3950 uneg=5580 ball=-12.09 vball=1.42 aball=13.5 bref=0.00 pid=37.5 pref=-83.4 ppos=-87.1 apid=0.0 integ=-63.1 vision=1 current=1 vframe=31030 vs=1 vage=13 vpage=13 vdt=25 vmax=266 vacc=30972 vrej=0 seq=0 elapsed=0 oled=3C
[  16436] STATUS mode=3 fault=none enc=-88 denc=0 sreq=0 sapplied=0 crate=14 uimp=-90950 upos=3970 uneg=5580 ball=-12.08 vball=1.13 aball=3.8 bref=0.00 pid=14.4 pref=-85.0 ppos=-86.4 apid=0.0 integ=-63.3 vision=1 current=1 vframe=31031 vs=1 vage=22 vpage=22 vdt=31 vmax=266 vacc=30973 vrej=0 seq=0 elapsed=0 oled=3C
[  16467] STATUS mode=3 fault=none enc=-88 denc=0 sreq=0 sapplied=0 crate=0 uimp=-90950 upos=3970 uneg=5580 ball=-12.08 vball=0.82 aball=3.8 bref=0.00 pid=0.0 pref=-86.8 ppos=-86.4 apid=0.0 integ=-63.5 vision=1 current=1 vframe=31032 vs=1 vage=7 vpage=7 vdt=35 vmax=266 vacc=30974 vrej=0 seq=0 elapsed=0 oled=3C
[  16483] STATUS mode=3 fault=none enc=-88 denc=0 sreq=0 sapplied=0 crate=0 uimp=-90950 upos=3970 uneg=5580 ball=-12.08 vball=0.82 aball=3.8 bref=0.00 pid=0.0 pref=-86.8 ppos=-86.4 apid=0.0 integ=-63.5 vision=1 current=1 vframe=31032 vs=1 vage=27 vpage=27 vdt=35 vmax=266 vacc=30974 vrej=0 seq=0 elapsed=0 oled=3C
[  16515] STATUS mode=3 fault=none enc=-88 denc=0 sreq=-31 sapplied=0 crate=-31 uimp=-90950 upos=3970 uneg=5580 ball=-12.09 vball=0.34 aball=-1.5 bref=0.00 pid=-31.3 pref=-89.6 ppos=-86.4 apid=-0.0 integ=-63.9 vision=1 current=1 vframe=31034 vs=1 vage=4 vpage=4 vdt=33 vmax=266 vacc=30976 vrej=0 seq=0 elapsed=0 oled=3C
[  16545] STATUS mode=3 fault=none enc=-88 denc=0 sreq=-27 sapplied=-27 crate=-27 uimp=-91395 upos=3970 uneg=5595 ball=-12.09 vball=0.34 aball=-1.5 bref=0.00 pid=-26.8 pref=-89.6 ppos=-86.9 apid=-0.0 integ=-63.9 vision=1 current=1 vframe=31034 vs=1 vage=24 vpage=24 vdt=33 vmax=266 vacc=30976 vrej=0 seq=0 elapsed=0 oled=3C
[  16577] STATUS mode=3 fault=none enc=-89 denc=-1 sreq=-29 sapplied=-29 crate=-29 uimp=-91975 upos=3970 uneg=5615 ball=-12.09 vball=0.21 aball=-1.5 bref=0.00 pid=-29.5 pref=-90.4 ppos=-87.5 apid=-0.0 integ=-64.1 vision=1 current=1 vframe=31035 vs=1 vage=12 vpage=12 vdt=32 vmax=266 vacc=30977 vrej=0 seq=0 elapsed=0 oled=3C
[  16592] STATUS mode=3 fault=none enc=-90 denc=1 sreq=0 sapplied=0 crate=-19 uimp=-92740 upos=3970 uneg=5645 ball=-12.07 vball=0.29 aball=-1.5 bref=0.00 pid=-19.3 pref=-90.2 ppos=-88.2 apid=-0.0 integ=-64.3 vision=1 current=1 vframe=31036 vs=1 vage=17 vpage=17 vdt=35 vmax=266 vacc=30978 vrej=0 seq=0 elapsed=0 oled=3C
[  16625] STATUS mode=3 fault=none enc=-91 denc=0 sreq=-21 sapplied=-21 crate=-21 uimp=-92740 upos=3970 uneg=5645 ball=-12.06 vball=0.29 aball=-1.1 bref=0.00 pid=-21.1 pref=-90.3 ppos=-88.2 apid=-0.0 integ=-64.5 vision=1 current=1 vframe=31037 vs=1 vage=2 vpage=2 vdt=35 vmax=266 vacc=30979 vrej=0 seq=0 elapsed=0 oled=3C
[  16656] STATUS mode=3 fault=none enc=-91 denc=0 sreq=0 sapplied=0 crate=-19 uimp=-92945 upos=3970 uneg=5655 ball=-12.06 vball=0.29 aball=-1.1 bref=0.00 pid=-19.1 pref=-90.3 ppos=-88.4 apid=-0.0 integ=-64.5 vision=1 current=1 vframe=31037 vs=1 vage=22 vpage=22 vdt=35 vmax=266 vacc=30979 vrej=0 seq=0 elapsed=0 oled=3C
[  16686] STATUS mode=3 fault=none enc=-90 denc=1 sreq=0 sapplied=0 crate=-19 uimp=-93500 upos=3970 uneg=5680 ball=-12.06 vball=0.22 aball=-1.1 bref=0.00 pid=-19.0 pref=-90.9 ppos=-89.0 apid=-0.0 integ=-64.7 vision=1 current=1 vframe=31038 vs=1 vage=30 vpage=30 vdt=32 vmax=266 vacc=30980 vrej=0 seq=0 elapsed=0 oled=3C
[  16702] STATUS mode=3 fault=none enc=-92 denc=0 sreq=-62 sapplied=-62 crate=-62 uimp=-94175 upos=3970 uneg=5690 ball=-12.16 vball=-0.68 aball=-1.1 bref=0.00 pid=-62.3 pref=-95.9 ppos=-89.7 apid=-0.0 integ=-64.9 vision=1 current=1 vframe=31039 vs=1 vage=16 vpage=16 vdt=34 vmax=266 vacc=30981 vrej=0 seq=0 elapsed=0 oled=3C
[  16733] STATUS mode=3 fault=none enc=-93 denc=0 sreq=-58 sapplied=-58 crate=-58 uimp=-95325 upos=3970 uneg=5710 ball=-12.19 vball=-0.76 aball=-5.4 bref=0.00 pid=-57.6 pref=-96.6 ppos=-90.8 apid=-0.0 integ=-65.1 vision=1 current=1 vframe=31040 vs=1 vage=4 vpage=4 vdt=32 vmax=266 vacc=30982 vrej=0 seq=0 elapsed=0 oled=3C
[  16765] STATUS mode=3 fault=none enc=-96 denc=-1 sreq=-32 sapplied=-32 crate=-32 uimp=-97235 upos=3970 uneg=5750 ball=-12.20 vball=-0.58 aball=-5.4 bref=0.00 pid=-31.8 pref=-95.9 ppos=-92.7 apid=-0.0 integ=-65.3 vision=1 current=1 vframe=31041 vs=1 vage=11 vpage=11 vdt=33 vmax=266 vacc=30983 vrej=0 seq=0 elapsed=0 oled=3C
[  16795] STATUS mode=3 fault=none enc=-95 denc=1 sreq=-26 sapplied=-26 crate=-26 uimp=-97825 upos=3970 uneg=5770 ball=-12.20 vball=-0.58 aball=-5.4 bref=0.00 pid=-25.9 pref=-95.9 ppos=-93.3 apid=-0.0 integ=-65.3 vision=1 current=1 vframe=31041 vs=1 vage=31 vpage=31 vdt=33 vmax=266 vacc=30983 vrej=0 seq=0 elapsed=0 oled=3C
[  16811] STATUS mode=3 fault=none enc=-97 denc=0 sreq=0 sapplied=0 crate=-17 uimp=-97955 upos=3970 uneg=5775 ball=-12.20 vball=-0.35 aball=-1.1 bref=0.00 pid=-17.2 pref=-95.2 ppos=-93.4 apid=-0.0 integ=-65.7 vision=1 current=1 vframe=31043 vs=1 vage=4 vpage=4 vdt=33 vmax=266 vacc=30985 vrej=0 seq=0 elapsed=0 oled=3C
[  16842] STATUS mode=3 fault=none enc=-97 denc=0 sreq=0 sapplied=0 crate=-17 uimp=-97955 upos=3970 uneg=5775 ball=-12.20 vball=-0.35 aball=-1.1 bref=0.00 pid=-17.2 pref=-95.2 ppos=-93.4 apid=-0.0 integ=-65.7 vision=1 current=1 vframe=31043 vs=1 vage=24 vpage=24 vdt=33 vmax=266 vacc=30985 vrej=0 seq=0 elapsed=0 oled=3C
[  16875] STATUS mode=3 fault=none enc=-97 denc=0 sreq=0 sapplied=0 crate=-11 uimp=-97955 upos=3970 uneg=5775 ball=-12.20 vball=-0.18 aball=-1.1 bref=0.00 pid=-10.7 pref=-94.5 ppos=-93.4 apid=-0.0 integ=-65.9 vision=1 current=1 vframe=31044 vs=1 vage=12 vpage=12 vdt=32 vmax=266 vacc=30986 vrej=0 seq=0 elapsed=0 oled=3C
[  16890] STATUS mode=3 fault=none enc=-97 denc=0 sreq=0 sapplied=0 crate=0 uimp=-97955 upos=3970 uneg=5775 ball=-12.19 vball=-0.10 aball=-1.1 bref=0.00 pid=0.0 pref=-94.3 ppos=-93.4 apid=-0.0 integ=-66.1 vision=1 current=1 vframe=31045 vs=1 vage=18 vpage=18 vdt=34 vmax=266 vacc=30987 vrej=0 seq=0 elapsed=0 oled=3C
[  16920] STATUS mode=3 fault=none enc=-97 denc=0 sreq=0 sapplied=0 crate=0 uimp=-97955 upos=3970 uneg=5775 ball=-12.19 vball=-0.06 aball=0.7 bref=0.00 pid=0.0 pref=-94.3 ppos=-93.4 apid=0.0 integ=-66.3 vision=1 current=1 vframe=31046 vs=1 vage=4 vpage=4 vdt=34 vmax=266 vacc=30988 vrej=0 seq=0 elapsed=0 oled=3C
[  16952] STATUS mode=3 fault=none enc=-97 denc=0 sreq=0 sapplied=0 crate=0 uimp=-97955 upos=3970 uneg=5775 ball=-12.19 vball=-0.06 aball=0.7 bref=0.00 pid=0.0 pref=-94.3 ppos=-93.4 apid=0.0 integ=-66.3 vision=1 current=1 vframe=31046 vs=1 vage=24 vpage=24 vdt=34 vmax=266 vacc=30988 vrej=0 seq=0 elapsed=0 oled=3C
[  16983] STATUS mode=3 fault=none enc=-97 denc=0 sreq=0 sapplied=0 crate=0 uimp=-97955 upos=3970 uneg=5775 ball=-12.19 vball=-0.03 aball=0.7 bref=0.00 pid=0.0 pref=-94.4 ppos=-93.4 apid=0.0 integ=-66.5 vision=1 current=1 vframe=31047 vs=1 vage=31 vpage=31 vdt=33 vmax=266 vacc=30989 vrej=0 seq=0 elapsed=0 oled=3C
[  17000] STATUS mode=3 fault=none enc=-97 denc=0 sreq=0 sapplied=0 crate=0 uimp=-97955 upos=3970 uneg=5775 ball=-12.18 vball=0.06 aball=0.7 bref=0.00 pid=0.0 pref=-94.1 ppos=-93.4 apid=0.0 integ=-66.7 vision=1 current=1 vframe=31048 vs=1 vage=18 vpage=18 vdt=33 vmax=266 vacc=30990 vrej=0 seq=0 elapsed=0 oled=3C
[  17031] STATUS mode=3 fault=none enc=-97 denc=0 sreq=0 sapplied=0 crate=0 uimp=-97955 upos=3970 uneg=5775 ball=-12.18 vball=0.11 aball=1.1 bref=0.00 pid=0.0 pref=-94.0 ppos=-93.4 apid=0.0 integ=-66.9 vision=1 current=1 vframe=31049 vs=1 vage=4 vpage=4 vdt=34 vmax=266 vacc=30991 vrej=0 seq=0 elapsed=0 oled=3C
[  17061] STATUS mode=3 fault=none enc=-97 denc=0 sreq=0 sapplied=0 crate=0 uimp=-97955 upos=3970 uneg=5775 ball=-12.17 vball=0.09 aball=1.1 bref=0.00 pid=0.0 pref=-94.3 ppos=-93.4 apid=0.0 integ=-67.1 vision=1 current=1 vframe=31050 vs=1 vage=11 vpage=11 vdt=33 vmax=266 vacc=30992 vrej=0 seq=0 elapsed=0 oled=3C
[  17077] STATUS mode=3 fault=none enc=-97 denc=0 sreq=0 sapplied=0 crate=0 uimp=-97955 upos=3970 uneg=5775 ball=-12.17 vball=0.09 aball=1.1 bref=0.00 pid=0.0 pref=-94.3 ppos=-93.4 apid=0.0 integ=-67.1 vision=1 current=1 vframe=31050 vs=1 vage=31 vpage=31 vdt=33 vmax=266 vacc=30992 vrej=0 seq=0 elapsed=0 oled=3C
[  17108] STATUS mode=3 fault=none enc=-97 denc=0 sreq=0 sapplied=0 crate=-12 uimp=-97955 upos=3970 uneg=5775 ball=-12.17 vball=0.07 aball=1.1 bref=0.00 pid=-11.5 pref=-94.6 ppos=-93.4 apid=0.0 integ=-67.3 vision=1 current=1 vframe=31051 vs=1 vage=18 vpage=18 vdt=33 vmax=266 vacc=30993 vrej=0 seq=0 elapsed=0 oled=3C
[  17140] STATUS mode=3 fault=none enc=-97 denc=0 sreq=0 sapplied=0 crate=-15 uimp=-97955 upos=3970 uneg=5775 ball=-12.17 vball=0.05 aball=0.4 bref=0.00 pid=-14.6 pref=-94.9 ppos=-93.4 apid=0.0 integ=-67.5 vision=1 current=1 vframe=31052 vs=1 vage=24 vpage=24 vdt=34 vmax=266 vacc=30994 vrej=0 seq=0 elapsed=0 oled=3C
[  17156] STATUS mode=3 fault=none enc=-97 denc=0 sreq=0 sapplied=0 crate=-18 uimp=-97955 upos=3970 uneg=5775 ball=-12.17 vball=0.03 aball=0.4 bref=0.00 pid=-17.6 pref=-95.2 ppos=-93.4 apid=0.0 integ=-67.7 vision=1 current=1 vframe=31053 vs=1 vage=11 vpage=11 vdt=33 vmax=266 vacc=30995 vrej=0 seq=0 elapsed=0 oled=3C
[  17186] STATUS mode=3 fault=none enc=-97 denc=0 sreq=0 sapplied=0 crate=-18 uimp=-97955 upos=3970 uneg=5775 ball=-12.17 vball=0.03 aball=0.4 bref=0.00 pid=-17.6 pref=-95.2 ppos=-93.4 apid=0.0 integ=-67.7 vision=1 current=1 vframe=31053 vs=1 vage=31 vpage=31 vdt=33 vmax=266 vacc=30995 vrej=0 seq=0 elapsed=0 oled=3C
[  17217] STATUS mode=3 fault=none enc=-97 denc=0 sreq=-22 sapplied=-22 crate=-22 uimp=-98055 upos=3970 uneg=5780 ball=-12.17 vball=0.01 aball=0.0 bref=0.00 pid=-21.7 pref=-95.7 ppos=-93.5 apid=0.0 integ=-68.1 vision=1 current=1 vframe=31055 vs=1 vage=4 vpage=4 vdt=34 vmax=266 vacc=30997 vrej=0 seq=0 elapsed=0 oled=3C
[  17250] STATUS mode=3 fault=none enc=-97 denc=0 sreq=0 sapplied=0 crate=-19 uimp=-98370 upos=3970 uneg=5795 ball=-12.17 vball=0.01 aball=0.0 bref=0.00 pid=-18.5 pref=-95.7 ppos=-93.9 apid=0.0 integ=-68.1 vision=1 current=1 vframe=31055 vs=1 vage=24 vpage=24 vdt=34 vmax=266 vacc=30997 vrej=0 seq=0 elapsed=0 oled=3C
[  17265] STATUS mode=3 fault=none enc=-97 denc=0 sreq=0 sapplied=0 crate=-19 uimp=-98370 upos=3970 uneg=5795 ball=-12.17 vball=0.05 aball=0.0 bref=0.00 pid=-18.5 pref=-95.7 ppos=-93.9 apid=0.0 integ=-68.3 vision=1 current=1 vframe=31056 vs=1 vage=11 vpage=11 vdt=33 vmax=266 vacc=30998 vrej=0 seq=0 elapsed=0 oled=3C
[  17295] STATUS mode=3 fault=none enc=-97 denc=0 sreq=0 sapplied=0 crate=19 uimp=-98370 upos=3970 uneg=5795 ball=-12.08 vball=0.79 aball=0.0 bref=0.00 pid=19.2 pref=-91.9 ppos=-93.9 apid=0.0 integ=-68.5 vision=1 current=1 vframe=31057 vs=1 vage=18 vpage=18 vdt=33 vmax=266 vacc=30999 vrej=0 seq=0 elapsed=0 oled=3C
[  17327] STATUS mode=3 fault=none enc=-97 denc=0 sreq=0 sapplied=0 crate=19 uimp=-98370 upos=3970 uneg=5795 ball=-12.05 vball=0.80 aball=3.6 bref=0.00 pid=18.5 pref=-92.0 ppos=-93.9 apid=0.0 integ=-68.8 vision=1 current=1 vframe=31058 vs=1 vage=4 vpage=4 vdt=34 vmax=266 vacc=31000 vrej=0 seq=0 elapsed=0 oled=3C
[  17358] STATUS mode=3 fault=none enc=-97 denc=0 sreq=0 sapplied=0 crate=19 uimp=-98370 upos=3970 uneg=5795 ball=-12.05 vball=0.80 aball=3.6 bref=0.00 pid=18.5 pref=-92.0 ppos=-93.9 apid=0.0 integ=-68.8 vision=1 current=1 vframe=31058 vs=1 vage=24 vpage=24 vdt=34 vmax=266 vacc=31000 vrej=0 seq=0 elapsed=0 oled=3C
[  17375] STATUS mode=3 fault=none enc=-97 denc=0 sreq=-24 sapplied=-24 crate=-24 uimp=-99225 upos=3970 uneg=5825 ball=-12.13 vball=-0.13 aball=3.6 bref=0.00 pid=-23.8 pref=-97.1 ppos=-94.7 apid=0.0 integ=-68.9 vision=1 current=1 vframe=31059 vs=1 vage=32 vpage=32 vdt=32 vmax=266 vacc=31001 vrej=0 seq=0 elapsed=0 oled=3C
[  17406] STATUS mode=3 fault=none enc=-98 denc=0 sreq=-30 sapplied=-30 crate=-30 uimp=-99855 upos=3970 uneg=5845 ball=-12.16 vball=-0.33 aball=3.6 bref=0.00 pid=-30.4 pref=-98.4 ppos=-95.3 apid=0.0 integ=-69.2 vision=1 current=1 vframe=31060 vs=1 vage=18 vpage=18 vdt=34 vmax=266 vacc=31002 vrej=0 seq=0 elapsed=0 oled=3C
[  17436] STATUS mode=3 fault=none enc=-98 denc=0 sreq=0 sapplied=0 crate=14 uimp=-100415 upos=3970 uneg=5865 ball=-12.08 vball=0.45 aball=0.4 bref=0.00 pid=14.4 pref=-94.5 ppos=-95.9 apid=0.0 integ=-69.4 vision=1 current=1 vframe=31061 vs=1 vage=3 vpage=3 vdt=35 vmax=266 vacc=31003 vrej=0 seq=0 elapsed=0 oled=3C
[  17452] STATUS mode=3 fault=none enc=-99 denc=0 sreq=0 sapplied=0 crate=-11 uimp=-100415 upos=3970 uneg=5865 ball=-12.11 vball=-0.01 aball=0.4 bref=0.00 pid=-11.4 pref=-97.0 ppos=-95.9 apid=0.0 integ=-69.6 vision=1 current=1 vframe=31062 vs=1 vage=11 vpage=11 vdt=32 vmax=266 vacc=31004 vrej=0 seq=0 elapsed=0 oled=3C
[  17483] STATUS mode=3 fault=none enc=-99 denc=0 sreq=0 sapplied=0 crate=-11 uimp=-100415 upos=3970 uneg=5865 ball=-12.11 vball=-0.01 aball=0.4 bref=0.00 pid=-11.4 pref=-97.0 ppos=-95.9 apid=0.0 integ=-69.6 vision=1 current=1 vframe=31062 vs=1 vage=31 vpage=31 vdt=32 vmax=266 vacc=31004 vrej=0 seq=0 elapsed=0 oled=3C
[  17515] STATUS mode=3 fault=none enc=-99 denc=0 sreq=0 sapplied=0 crate=0 uimp=-100415 upos=3970 uneg=5865 ball=-12.08 vball=0.30 aball=0.4 bref=0.00 pid=0.0 pref=-95.6 ppos=-95.9 apid=0.0 integ=-69.8 vision=1 current=1 vframe=31063 vs=1 vage=16 vpage=16 vdt=35 vmax=266 vacc=31005 vrej=0 seq=0 elapsed=0 oled=3C
[  17545] STATUS mode=3 fault=none enc=-99 denc=0 sreq=0 sapplied=0 crate=-19 uimp=-100845 upos=3970 uneg=5885 ball=-12.12 vball=-0.16 aball=-2.5 bref=0.00 pid=-19.0 pref=-98.2 ppos=-96.3 apid=-0.0 integ=-70.0 vision=1 current=1 vframe=31064 vs=1 vage=23 vpage=23 vdt=33 vmax=266 vacc=31006 vrej=0 seq=0 elapsed=0 oled=3C
[  17561] STATUS mode=3 fault=none enc=-99 denc=0 sreq=-37 sapplied=-37 crate=-37 uimp=-101245 upos=3970 uneg=5895 ball=-12.16 vball=-0.53 aball=-2.5 bref=0.00 pid=-36.6 pref=-100.4 ppos=-96.7 apid=-0.0 integ=-70.2 vision=1 current=1 vframe=31065 vs=1 vage=12 vpage=12 vdt=31 vmax=266 vacc=31007 vrej=0 seq=0 elapsed=0 oled=3C
[  17592] STATUS mode=3 fault=none enc=-99 denc=0 sreq=-30 sapplied=-30 crate=-30 uimp=-101925 upos=3970 uneg=5915 ball=-12.16 vball=-0.53 aball=-2.5 bref=0.00 pid=-29.8 pref=-100.4 ppos=-97.4 apid=-0.0 integ=-70.2 vision=1 current=1 vframe=31065 vs=1 vage=32 vpage=32 vdt=31 vmax=266 vacc=31007 vrej=0 seq=0 elapsed=0 oled=3C
[  17625] STATUS mode=3 fault=none enc=-100 denc=0 sreq=0 sapplied=0 crate=-17 uimp=-102965 upos=3970 uneg=5955 ball=-12.18 vball=-0.38 aball=-2.4 bref=0.00 pid=-16.6 pref=-100.1 ppos=-98.5 apid=-0.0 integ=-70.6 vision=1 current=1 vframe=31067 vs=1 vage=5 vpage=5 vdt=33 vmax=266 vacc=31009 vrej=0 seq=0 elapsed=0 oled=3C
[  17656] STATUS mode=3 fault=none enc=-101 denc=0 sreq=0 sapplied=0 crate=-17 uimp=-102965 upos=3970 uneg=5955 ball=-12.18 vball=-0.38 aball=-2.4 bref=0.00 pid=-16.6 pref=-100.1 ppos=-98.5 apid=-0.0 integ=-70.6 vision=1 current=1 vframe=31067 vs=1 vage=25 vpage=25 vdt=33 vmax=266 vacc=31009 vrej=0 seq=0 elapsed=0 oled=3C
[  17670] STATUS mode=3 fault=none enc=-101 denc=0 sreq=0 sapplied=0 crate=-13 uimp=-102965 upos=3970 uneg=5955 ball=-12.18 vball=-0.26 aball=-2.4 bref=0.00 pid=-12.6 pref=-99.7 ppos=-98.5 apid=-0.0 integ=-70.8 vision=1 current=1 vframe=31068 vs=1 vage=32 vpage=32 vdt=33 vmax=266 vacc=31010 vrej=0 seq=0 elapsed=0 oled=3C
[  17702] STATUS mode=3 fault=none enc=-101 denc=0 sreq=0 sapplied=0 crate=-10 uimp=-102965 upos=3970 uneg=5955 ball=-12.18 vball=-0.17 aball=-2.4 bref=0.00 pid=-10.1 pref=-99.5 ppos=-98.5 apid=-0.0 integ=-71.0 vision=1 current=1 vframe=31075 vs=1 vage=19 vpage=19 vdt=33 vmax=266 vacc=31017 vrej=0 seq=0 elapsed=0 oled=3C
[  17733] STATUS mode=3 fault=none enc=-101 denc=0 sreq=0 sapplied=0 crate=0 uimp=-102965 upos=3970 uneg=5955 ball=-12.18 vball=-0.11 aball=-0.1 bref=0.00 pid=0.0 pref=-99.4 ppos=-98.5 apid=-0.0 integ=-71.2 vision=1 current=1 vframe=31076 vs=1 vage=3 vpage=3 vdt=36 vmax=266 vacc=31018 vrej=0 seq=0 elapsed=0 oled=3C
[  17765] STATUS mode=3 fault=none enc=-101 denc=0 sreq=0 sapplied=0 crate=0 uimp=-102965 upos=3970 uneg=5955 ball=-12.18 vball=-0.06 aball=-0.1 bref=0.00 pid=0.0 pref=-99.3 ppos=-98.5 apid=-0.0 integ=-71.4 vision=1 current=1 vframe=31077 vs=1 vage=12 vpage=12 vdt=31 vmax=266 vacc=31019 vrej=0 seq=0 elapsed=0 oled=3C
[  17781] STATUS mode=3 fault=none enc=-101 denc=0 sreq=0 sapplied=0 crate=0 uimp=-102965 upos=3970 uneg=5955 ball=-12.18 vball=-0.06 aball=-0.1 bref=0.00 pid=0.0 pref=-99.3 ppos=-98.5 apid=-0.0 integ=-71.4 vision=1 current=1 vframe=31077 vs=1 vage=32 vpage=32 vdt=31 vmax=266 vacc=31019 vrej=0 seq=0 elapsed=0 oled=3C
[  17811] STATUS mode=3 fault=none enc=-101 denc=0 sreq=0 sapplied=0 crate=0 uimp=-102965 upos=3970 uneg=5955 ball=-12.18 vball=-0.04 aball=-0.1 bref=0.00 pid=0.0 pref=-99.4 ppos=-98.5 apid=-0.0 integ=-71.6 vision=1 current=1 vframe=31078 vs=1 vage=19 vpage=19 vdt=33 vmax=266 vacc=31020 vrej=0 seq=0 elapsed=0 oled=3C
[  17842] STATUS mode=3 fault=none enc=-101 denc=0 sreq=0 sapplied=0 crate=-10 uimp=-102965 upos=3970 uneg=5955 ball=-12.17 vball=-0.02 aball=0.3 bref=0.00 pid=-10.4 pref=-99.5 ppos=-98.5 apid=0.0 integ=-71.8 vision=1 current=1 vframe=31079 vs=1 vage=26 vpage=26 vdt=33 vmax=266 vacc=31021 vrej=0 seq=0 elapsed=0 oled=3C
[  17858] STATUS mode=3 fault=none enc=-101 denc=0 sreq=0 sapplied=0 crate=-12 uimp=-102965 upos=3970 uneg=5955 ball=-12.17 vball=-0.01 aball=0.3 bref=0.00 pid=-12.0 pref=-99.7 ppos=-98.5 apid=0.0 integ=-72.0 vision=1 current=1 vframe=31080 vs=1 vage=12 vpage=12 vdt=34 vmax=266 vacc=31022 vrej=0 seq=0 elapsed=0 oled=3C
[  17890] STATUS mode=3 fault=none enc=-101 denc=0 sreq=0 sapplied=0 crate=-12 uimp=-102965 upos=3970 uneg=5955 ball=-12.17 vball=-0.01 aball=0.3 bref=0.00 pid=-12.0 pref=-99.7 ppos=-98.5 apid=0.0 integ=-72.0 vision=1 current=1 vframe=31080 vs=1 vage=32 vpage=32 vdt=34 vmax=266 vacc=31022 vrej=0 seq=0 elapsed=0 oled=3C
[  17920] STATUS mode=3 fault=none enc=-101 denc=0 sreq=0 sapplied=0 crate=-16 uimp=-102965 upos=3970 uneg=5955 ball=-12.17 vball=-0.01 aball=0.2 bref=0.00 pid=-16.1 pref=-100.1 ppos=-98.5 apid=0.0 integ=-72.4 vision=1 current=1 vframe=31082 vs=1 vage=4 vpage=4 vdt=33 vmax=266 vacc=31024 vrej=0 seq=0 elapsed=0 oled=3C
[  17952] STATUS mode=3 fault=none enc=-101 denc=0 sreq=0 sapplied=0 crate=-16 uimp=-102965 upos=3970 uneg=5955 ball=-12.17 vball=-0.01 aball=0.2 bref=0.00 pid=-16.1 pref=-100.1 ppos=-98.5 apid=0.0 integ=-72.4 vision=1 current=1 vframe=31082 vs=1 vage=24 vpage=24 vdt=33 vmax=266 vacc=31024 vrej=0 seq=0 elapsed=0 oled=3C
[  17967] STATUS mode=3 fault=none enc=-101 denc=0 sreq=0 sapplied=0 crate=-18 uimp=-102965 upos=3970 uneg=5955 ball=-12.17 vball=-0.00 aball=0.2 bref=0.00 pid=-17.7 pref=-100.2 ppos=-98.5 apid=0.0 integ=-72.6 vision=1 current=1 vframe=31083 vs=1 vage=10 vpage=10 vdt=34 vmax=266 vacc=31025 vrej=0 seq=0 elapsed=0 oled=3C
[  18000] STATUS mode=3 fault=none enc=-101 denc=0 sreq=0 sapplied=0 crate=-19 uimp=-103065 upos=3970 uneg=5960 ball=-12.17 vball=-0.00 aball=0.2 bref=0.00 pid=-18.7 pref=-100.4 ppos=-98.6 apid=0.0 integ=-72.8 vision=1 current=1 vframe=31084 vs=1 vage=17 vpage=17 vdt=33 vmax=266 vacc=31026 vrej=0 seq=0 elapsed=0 oled=3C
[  18031] STATUS mode=3 fault=none enc=-101 denc=0 sreq=-21 sapplied=-21 crate=-21 uimp=-103065 upos=3970 uneg=5960 ball=-12.17 vball=-0.00 aball=0.2 bref=0.00 pid=-20.6 pref=-100.6 ppos=-98.6 apid=0.0 integ=-73.0 vision=1 current=1 vframe=31085 vs=1 vage=5 vpage=5 vdt=32 vmax=266 vacc=31027 vrej=0 seq=0 elapsed=0 oled=3C
[  18061] STATUS mode=3 fault=none enc=-102 denc=-1 sreq=-116 sapplied=-116 crate=-116 uimp=-104480 upos=3970 uneg=5980 ball=-12.40 vball=-2.02 aball=0.2 bref=0.00 pid=-116.4 pref=-111.6 ppos=-100.0 apid=0.0 integ=-73.2 vision=1 current=1 vframe=31086 vs=1 vage=12 vpage=12 vdt=33 vmax=266 vacc=31028 vrej=0 seq=0 elapsed=0 oled=3C
[  18077] STATUS mode=3 fault=none enc=-106 denc=-3 sreq=-95 sapplied=-95 crate=-95 uimp=-106640 upos=3970 uneg=6000 ball=-12.40 vball=-2.02 aball=0.2 bref=0.00 pid=-94.8 pref=-111.6 ppos=-102.1 apid=0.0 integ=-73.2 vision=1 current=1 vframe=31086 vs=1 vage=32 vpage=32 vdt=33 vmax=266 vacc=31028 vrej=0 seq=0 elapsed=0 oled=3C
[  18108] STATUS mode=3 fault=none enc=-107 denc=-1 sreq=0 sapplied=0 crate=-18 uimp=-107115 upos=3970 uneg=6005 ball=-12.33 vball=-0.58 aball=0.2 bref=0.00 pid=-18.0 pref=-104.4 ppos=-102.6 apid=0.0 integ=-73.4 vision=1 current=1 vframe=31087 vs=1 vage=19 vpage=19 vdt=33 vmax=266 vacc=31029 vrej=0 seq=0 elapsed=0 oled=3C
[  18140] STATUS mode=3 fault=none enc=-106 denc=0 sreq=54 sapplied=54 crate=54 uimp=-106210 upos=3985 uneg=6005 ball=-12.16 vball=0.99 aball=4.6 bref=0.00 pid=54.5 pref=-96.3 ppos=-101.7 apid=0.0 integ=-73.6 vision=1 current=1 vframe=31088 vs=1 vage=25 vpage=25 vdt=34 vmax=266 vacc=31030 vrej=0 seq=0 elapsed=0 oled=3C
[  18170] STATUS mode=3 fault=none enc=-105 denc=0 sreq=52 sapplied=52 crate=52 uimp=-105115 upos=4005 uneg=6005 ball=-12.11 vball=1.17 aball=4.6 bref=0.00 pid=52.1 pref=-95.4 ppos=-100.6 apid=0.0 integ=-73.8 vision=1 current=1 vframe=31089 vs=1 vage=13 vpage=13 vdt=32 vmax=266 vacc=31031 vrej=0 seq=0 elapsed=0 oled=3C
[  18186] STATUS mode=3 fault=none enc=-104 denc=0 sreq=42 sapplied=42 crate=42 uimp=-104150 upos=4025 uneg=6005 ball=-12.11 vball=1.17 aball=4.6 bref=0.00 pid=42.4 pref=-95.4 ppos=-99.6 apid=0.0 integ=-73.8 vision=1 current=1 vframe=31089 vs=1 vage=33 vpage=33 vdt=32 vmax=266 vacc=31031 vrej=0 seq=0 elapsed=0 oled=3C
[  18217] STATUS mode=3 fault=none enc=-103 denc=0 sreq=-80 sapplied=0 crate=-80 uimp=-103125 upos=4065 uneg=6005 ball=-12.38 vball=-1.70 aball=-9.6 bref=0.00 pid=-123.6 pref=-111.0 ppos=-98.6 apid=-0.0 integ=-74.2 vision=1 current=1 vframe=31091 vs=1 vage=5 vpage=5 vdt=34 vmax=266 vacc=31033 vrej=0 seq=0 elapsed=0 oled=3C
[  18250] STATUS mode=3 fault=none enc=-104 denc=0 sreq=-106 sapplied=-106 crate=-106 uimp=-104890 upos=4065 uneg=6020 ball=-12.38 vball=-1.70 aball=-9.6 bref=0.00 pid=-105.9 pref=-111.0 ppos=-100.4 apid=-0.0 integ=-74.2 vision=1 current=1 vframe=31091 vs=1 vage=25 vpage=25 vdt=34 vmax=266 vacc=31033 vrej=0 seq=0 elapsed=0 oled=3C
[  18281] STATUS mode=3 fault=none enc=-106 denc=0 sreq=-31 sapplied=-31 crate=-31 uimp=-107035 upos=4065 uneg=6060 ball=-12.32 vball=-0.62 aball=-9.6 bref=0.00 pid=-30.7 pref=-105.6 ppos=-102.5 apid=-0.0 integ=-74.4 vision=1 current=1 vframe=31092 vs=1 vage=32 vpage=32 vdt=33 vmax=266 vacc=31034 vrej=0 seq=0 elapsed=0 oled=3C
[  18311] STATUS mode=3 fault=none enc=-106 denc=0 sreq=25 sapplied=25 crate=25 uimp=-106915 upos=4075 uneg=6065 ball=-12.21 vball=0.50 aball=-9.6 bref=0.00 pid=25.3 pref=-99.9 ppos=-102.4 apid=-0.0 integ=-74.6 vision=1 current=1 vframe=31093 vs=1 vage=18 vpage=18 vdt=34 vmax=266 vacc=31035 vrej=0 seq=0 elapsed=0 oled=3C
[  18327] STATUS mode=3 fault=none enc=-106 denc=0 sreq=-43 sapplied=0 crate=-43 uimp=-106445 upos=4095 uneg=6065 ball=-12.32 vball=-0.67 aball=-0.6 bref=0.00 pid=-43.2 pref=-106.3 ppos=-101.9 apid=-0.0 integ=-74.8 vision=1 current=1 vframe=31094 vs=1 vage=5 vpage=5 vdt=33 vmax=266 vacc=31036 vrej=0 seq=0 elapsed=0 oled=3C
[  18358] STATUS mode=3 fault=none enc=-107 denc=-2 sreq=-78 sapplied=-78 crate=-78 uimp=-107995 upos=4095 uneg=6100 ball=-12.44 vball=-1.56 aball=-0.6 bref=0.00 pid=-78.0 pref=-111.3 ppos=-103.5 apid=-0.0 integ=-75.1 vision=1 current=1 vframe=31095 vs=1 vage=10 vpage=10 vdt=35 vmax=266 vacc=31037 vrej=0 seq=0 elapsed=0 oled=3C
[  18390] STATUS mode=3 fault=none enc=-108 denc=-1 sreq=-64 sapplied=-64 crate=-64 uimp=-109440 upos=4095 uneg=6120 ball=-12.44 vball=-1.56 aball=-0.6 bref=0.00 pid=-63.5 pref=-111.3 ppos=-104.9 apid=-0.0 integ=-75.1 vision=1 current=1 vframe=31095 vs=1 vage=30 vpage=30 vdt=35 vmax=266 vacc=31037 vrej=0 seq=0 elapsed=0 oled=3C
[  18420] STATUS mode=3 fault=none enc=-109 denc=0 sreq=-46 sapplied=-46 crate=-46 uimp=-110560 upos=4095 uneg=6140 ball=-12.47 vball=-1.38 aball=-0.6 bref=0.00 pid=-46.4 pref=-110.7 ppos=-106.1 apid=-0.0 integ=-75.3 vision=1 current=1 vframe=31096 vs=1 vage=16 vpage=16 vdt=34 vmax=266 vacc=31038 vrej=0 seq=0 elapsed=0 oled=3C
[  18436] STATUS mode=3 fault=none enc=-111 denc=0 sreq=69 sapplied=69 crate=69 uimp=-110265 upos=4110 uneg=6160 ball=-12.25 vball=0.90 aball=6.6 bref=0.00 pid=69.3 pref=-98.8 ppos=-105.8 apid=0.0 integ=-75.5 vision=1 current=1 vframe=31097 vs=1 vage=23 vpage=23 vdt=33 vmax=266 vacc=31039 vrej=0 seq=0 elapsed=0 oled=3C
[  18467] STATUS mode=3 fault=none enc=-109 denc=1 sreq=77 sapplied=77 crate=77 uimp=-108870 upos=4130 uneg=6160 ball=-12.17 vball=1.32 aball=6.6 bref=0.00 pid=76.8 pref=-96.7 ppos=-104.4 apid=0.0 integ=-75.7 vision=1 current=1 vframe=31098 vs=1 vage=11 vpage=11 vdt=32 vmax=266 vacc=31040 vrej=0 seq=0 elapsed=0 oled=3C
[  18500] STATUS mode=3 fault=none enc=-107 denc=0 sreq=40 sapplied=40 crate=40 uimp=-106405 upos=4170 uneg=6160 ball=-12.15 vball=1.11 aball=6.6 bref=0.00 pid=40.1 pref=-97.9 ppos=-101.9 apid=0.0 integ=-75.9 vision=1 current=1 vframe=31099 vs=1 vage=16 vpage=16 vdt=35 vmax=266 vacc=31041 vrej=0 seq=0 elapsed=0 oled=3C
[  18531] STATUS mode=3 fault=none enc=-106 denc=0 sreq=0 sapplied=0 crate=13 uimp=-105665 upos=4190 uneg=6160 ball=-12.16 vball=0.76 aball=3.0 bref=0.00 pid=13.0 pref=-99.9 ppos=-101.2 apid=0.0 integ=-76.1 vision=1 current=1 vframe=31100 vs=1 vage=5 vpage=5 vdt=31 vmax=266 vacc=31042 vrej=0 seq=0 elapsed=0 oled=3C
[  18545] STATUS mode=3 fault=none enc=-106 denc=0 sreq=0 sapplied=0 crate=13 uimp=-105665 upos=4190 uneg=6160 ball=-12.16 vball=0.76 aball=3.0 bref=0.00 pid=13.0 pref=-99.9 ppos=-101.2 apid=0.0 integ=-76.1 vision=1 current=1 vframe=31100 vs=1 vage=25 vpage=25 vdt=31 vmax=266 vacc=31042 vrej=0 seq=0 elapsed=0 oled=3C
[  18577] STATUS mode=3 fault=none enc=-107 denc=-1 sreq=-56 sapplied=-56 crate=-56 uimp=-106945 upos=4190 uneg=6180 ball=-12.29 vball=-0.76 aball=3.0 bref=0.00 pid=-56.2 pref=-108.1 ppos=-102.4 apid=0.0 integ=-76.3 vision=1 current=1 vframe=31101 vs=1 vage=31 vpage=31 vdt=34 vmax=266 vacc=31043 vrej=0 seq=0 elapsed=0 oled=3C
[  18608] STATUS mode=3 fault=none enc=-109 denc=-2 sreq=-88 sapplied=-88 crate=-88 uimp=-108680 upos=4190 uneg=6200 ball=-12.42 vball=-1.62 aball=3.0 bref=0.00 pid=-87.8 pref=-113.0 ppos=-104.2 apid=0.0 integ=-76.5 vision=1 current=1 vframe=31102 vs=1 vage=18 vpage=18 vdt=33 vmax=266 vacc=31044 vrej=0 seq=0 elapsed=0 oled=3C
[  18640] STATUS mode=3 fault=none enc=-110 denc=0 sreq=-71 sapplied=-71 crate=-71 uimp=-110305 upos=4190 uneg=6220 ball=-12.46 vball=-1.54 aball=-8.7 bref=0.00 pid=-70.8 pref=-112.9 ppos=-105.8 apid=-0.0 integ=-76.7 vision=1 current=1 vframe=31103 vs=1 vage=5 vpage=5 vdt=33 vmax=266 vacc=31045 vrej=0 seq=0 elapsed=0 oled=3C
[  18656] STATUS mode=3 fault=none enc=-113 denc=0 sreq=-35 sapplied=-35 crate=-35 uimp=-112630 upos=4190 uneg=6260 ball=-12.48 vball=-1.23 aball=-8.7 bref=0.00 pid=-34.8 pref=-111.6 ppos=-108.1 apid=-0.0 integ=-76.9 vision=1 current=1 vframe=31104 vs=1 vage=11 vpage=11 vdt=34 vmax=266 vacc=31046 vrej=0 seq=0 elapsed=0 oled=3C
[  18686] STATUS mode=3 fault=none enc=-114 denc=0 sreq=-28 sapplied=-28 crate=-28 uimp=-113275 upos=4190 uneg=6280 ball=-12.48 vball=-1.23 aball=-8.7 bref=0.00 pid=-28.3 pref=-111.6 ppos=-108.8 apid=-0.0 integ=-76.9 vision=1 current=1 vframe=31104 vs=1 vage=31 vpage=31 vdt=34 vmax=266 vacc=31046 vrej=0 seq=0 elapsed=0 oled=3C
[  18717] STATUS mode=3 fault=none enc=-114 denc=0 sreq=0 sapplied=0 crate=0 uimp=-113415 upos=4190 uneg=6285 ball=-12.49 vball=-0.64 aball=-0.7 bref=0.00 pid=0.0 pref=-109.1 ppos=-108.9 apid=-0.0 integ=-77.3 vision=1 current=1 vframe=ame=31105 vs=1 vage=18 vpage=18 vdt=33 vmax=266 vacc=31047 vrej=0 seq=0 elapsed=0 oled=3C
[  18750] STATUS mode=3 fault=none enc=-114 denc=0 sreq=0 sapplied=0 crate=0 uimp=-113415 upos=4190 uneg=6285 ball=-12.49 vball=-0.64 aball=-0.7 bref=0.00 pid=0.0 pref=-109.1 ppos=-108.9 apid=-0.0 integ=-77.3 vision=1 current=1 vframe=31106 vs=1 vage=25 vpage=25 vdt=33 vmax=266 vacc=31048 vrej=0 seq=0 elapsed=0 oled=3C
[  18765] STATUS mode=3 fault=none enc=-114 denc=0 sreq=0 sapplied=0 crate=0 uimp=-113415 upos=4190 uneg=6285 ball=-12.48 vball=-0.42 aball=-0.7 bref=0.00 pid=0.0 pref=-108.2 ppos=-108.9 apid=-0.0 integ=-77.5 vision=1 current=1 vframe=31107 vs=1 vage=11 vpage=11 vdt=34 vmax=266 vacc=31049 vrej=0 seq=0 elapsed=0 oled=3C
[  18795] STATUS mode=3 fault=none enc=-114 denc=0 sreq=0 sapplied=0 crate=13 uimp=-113415 upos=4190 uneg=6285 ball=-12.48 vball=-0.27 aball=-0.7 bref=0.00 pid=12.8 pref=-107.6 ppos=-108.9 apid=-0.0 integ=-77.7 vision=1 current=1 vframe=31108 vs=1 vage=18 vpage=18 vdt=33 vmax=266 vacc=31050 vrej=0 seq=0 elapsed=0 oled=3C
[  18827] STATUS mode=3 fault=none enc=-114 denc=0 sreq=0 sapplied=0 crate=14 uimp=-113415 upos=4190 uneg=6285 ball=-12.48 vball=-0.20 aball=1.6 bref=0.00 pid=14.2 pref=-107.5 ppos=-108.9 apid=0.0 integ=-77.9 vision=1 current=1 vframe=31109 vs=1 vage=5 vpage=5 vdt=33 vmax=266 vacc=31051 vrej=0 seq=0 elapsed=0 oled=3C
[  18858] STATUS mode=3 fault=none enc=-114 denc=0 sreq=0 sapplied=0 crate=14 uimp=-113415 upos=4190 uneg=6285 ball=-12.48 vball=-0.20 aball=1.6 bref=0.00 pid=14.2 pref=-107.5 ppos=-108.9 apid=0.0 integ=-77.9 vision=1 current=1 vframe=31109 vs=1 vage=25 vpage=25 vdt=33 vmax=266 vacc=31051 vrej=0 seq=0 elapsed=0 oled=3C
[  18875] STATUS mode=3 fault=none enc=-114 denc=0 sreq=0 sapplied=0 crate=0 uimp=-113415 upos=4190 uneg=6285 ball=-12.49 vball=-0.24 aball=1.6 bref=0.00 pid=0.0 pref=-107.9 ppos=-108.9 apid=0.0 integ=-78.1 vision=1 current=1 vframe=31110 vs=1 vage=32 vpage=32 vdt=33 vmax=266 vacc=31052 vrej=0 seq=0 elapsed=0 oled=3C
[  18906] STATUS mode=3 fault=none enc=-114 denc=0 sreq=0 sapplied=0 crate=0 uimp=-113415 upos=4190 uneg=6285 ball=-12.50 vball=-0.21 aball=1.6 bref=0.00 pid=0.0 pref=-108.0 ppos=-108.9 apid=0.0 integ=-78.3 vision=1 current=1 vframe=31111 vs=1 vage=19 vpage=19 vdt=33 vmax=266 vacc=31053 vrej=0 seq=0 elapsed=0 oled=3C
[  18936] STATUS mode=3 fault=none enc=-114 denc=0 sreq=0 sapplied=0 crate=0 uimp=-113415 upos=4190 uneg=6285 ball=-12.50 vball=-0.23 aball=0.7 bref=0.00 pid=0.0 pref=-108.3 ppos=-108.9 apid=0.0 integ=-78.6 vision=1 current=1 vframe=31112 vs=1 vage=5 vpage=5 vdt=34 vmax=266 vacc=31054 vrej=0 seq=0 elapsed=0 oled=3C
[  18952] STATUS mode=3 fault=none enc=-114 denc=0 sreq=0 sapplied=0 crate=16 uimp=-113415 upos=4190 uneg=6285 ball=-12.49 vball=0.01 aball=0.7 bref=0.00 pid=16.1 pref=-107.3 ppos=-108.9 apid=0.0 integ=-78.8 vision=1 current=1 vframe=31113 vs=1 vage=12 vpage=12 vdt=33 vmax=266 vacc=31055 vrej=0 seq=0 elapsed=0 oled=3C
[  18983] STATUS mode=3 fault=none enc=-114 denc=0 sreq=0 sapplied=0 crate=16 uimp=-113415 upos=4190 uneg=6285 ball=-12.49 vball=0.01 aball=0.7 bref=0.00 pid=16.1 pref=-107.3 ppos=-108.9 apid=0.0 integ=-78.8 vision=1 current=1 vframe=31113 vs=1 vage=32 vpage=32 vdt=33 vmax=266 vacc=31055 vrej=0 seq=0 elapsed=0 oled=3C
[  19015] STATUS mode=3 fault=none enc=-114 denc=0 sreq=0 sapplied=0 crate=17 uimp=-113415 upos=4190 uneg=6285 ball=-12.48 vball=0.06 aball=0.7 bref=0.00 pid=16.9 pref=-107.2 ppos=-108.9 apid=0.0 integ=-79.0 vision=1 current=1 vframe=31114 vs=1 vage=20 vpage=20 vdt=32 vmax=266 vacc=31056 vrej=0 seq=0 elapsed=0 oled=3C
[  19045] STATUS mode=3 fault=none enc=-114 denc=0 sreq=23 sapplied=23 crate=23 uimp=-113035 upos=4205 uneg=6285 ball=-12.45 vball=0.28 aball=2.7 bref=0.00 pid=22.9 pref=-106.2 ppos=-108.5 apid=0.0 integ=-79.2 vision=1 current=1 vframe=31115 vs=1 vage=26 vpage=26 vdt=34 vmax=266 vacc=31057 vrej=0 seq=0 elapsed=0 oled=3C
[  19061] STATUS mode=3 fault=none enc=-114 denc=-2 sreq=0 sapplied=0 crate=0 uimp=-112810 upos=4215 uneg=6285 ball=-12.46 vball=0.11 aball=2.7 bref=0.00 pid=0.0 pref=-107.3 ppos=-108.3 apid=0.0 integ=-79.4 vision=1 current=1 vframe=31116 vs=1 vage=13 vpage=13 vdt=33 vmax=266 vacc=31058 vrej=0 seq=0 elapsed=0 oled=3C
[  19092] STATUS mode=3 fault=none enc=-113 denc=0 sreq=0 sapplied=0 crate=0 uimp=-112810 upos=4215 uneg=6285 ball=-12.46 vball=0.11 aball=2.7 bref=0.00 pid=0.0 pref=-107.3 ppos=-108.3 apid=0.0 integ=-79.4 vision=1 current=1 vframe=31116 vs=1 vage=33 vpage=33 vdt=33 vmax=266 vacc=31058 vrej=0 seq=0 elapsed=0 oled=3C
[  19125] STATUS mode=3 fault=none enc=-113 denc=0 sreq=0 sapplied=0 crate=0 uimp=-112810 upos=4215 uneg=6285 ball=-12.46 vball=0.06 aball=0.5 bref=0.00 pid=0.0 pref=-108.0 ppos=-108.3 apid=0.0 integ=-79.8 vision=1 current=1 vframe=31118 vs=1 vage=6 vpage=6 vdt=34 vmax=266 vacc=31060 vrej=0 seq=0 elapsed=0 oled=3C
[  19156] STATUS mode=3 fault=none enc=-113 denc=0 sreq=0 sapplied=0 crate=0 uimp=-112810 upos=4215 uneg=6285 ball=-12.46 vball=0.06 aball=0.5 bref=0.00 pid=0.0 pref=-108.0 ppos=-108.3 apid=0.0 integ=-79.8 vision=1 current=1 vframe=31118 vs=1 vage=26 vpage=26 vdt=34 vmax=266 vacc=31060 vrej=0 seq=0 elapsed=0 oled=3C
[  19170] STATUS mode=3 fault=none enc=-113 denc=0 sreq=0 sapplied=0 crate=0 uimp=-112810 upos=4215 uneg=6285 ball=-12.46 vball=0.05 aball=0.5 bref=0.00 pid=0.0 pref=-108.2 ppos=-108.3 apid=0.0 integ=-80.0 vision=1 current=1 vframe=31119 vs=1 vage=13 vpage=13 vdt=33 vmax=266 vacc=31061 vrej=0 seq=0 elapsed=0 oled=3C
[  19202] STATUS mode=3 fault=none enc=-112 denc=-1 sreq=112 sapplied=112 crate=112 uimp=-111100 upos=4230 uneg=6285 ball=-12.18 vball=2.50 aball=0.5 bref=0.00 pid=112.4 pref=-95.4 ppos=-106.6 apid=0.0 integ=-80.2 vision=1 current=1 vframe=31120 vs=1 vage=20 vpage=20 vdt=33 vmax=266 vacc=31062 vrej=0 seq=0 elapsed=0 oled=3C
[  19233] STATUS mode=3 fault=none enc=-110 denc=-1 sreq=90 sapplied=90 crate=90 uimp=-109030 upos=4250 uneg=6285 ball=-12.10 vball=2.45 aball=11.1 bref=0.00 pid=89.6 pref=-95.6 ppos=-104.5 apid=0.0 integ=-80.4 vision=1 current=1 vframe=31121 vs=1 vage=7 vpage=7 vdt=33 vmax=266 vacc=31063 vrej=0 seq=0 elapsed=0 oled=3C
[  19250] STATUS mode=3 fault=none enc=-107 denc=0 sreq=32 sapplied=32 crate=32 uimp=-106305 upos=4290 uneg=6285 ball=-12.08 vball=1.88 aball=11.1 bref=0.00 pid=32.3 pref=-98.6 ppos=-101.8 apid=0.0 integ=-80.6 vision=1 current=1 vframe=31122 vs=1 vage=12 vpage=12 vdt=35 vmax=266 vacc=31064 vrej=0 seq=0 elapsed=0 oled=3C
[  19281] STATUS mode=3 fault=none enc=-106 denc=0 sreq=26 sapplied=26 crate=26 uimp=-105705 upos=4310 uneg=6285 ball=-12.08 vball=1.88 aball=11.1 bref=0.00 pid=26.3 pref=-98.6 ppos=-101.2 apid=0.0 integ=-80.6 vision=1 current=1 vframe=31122 vs=1 vage=32 vpage=32 vdt=35 vmax=266 vacc=31064 vrej=0 seq=0 elapsed=0 oled=3C
[  19311] STATUS mode=3 fault=none enc=-104 denc=0 sreq=0 sapplied=0 crate=-14 uimp=-105575 upos=4315 uneg=6285 ball=-12.10 vball=1.16 aball=11.1 bref=0.00 pid=-13.7 pref=-102.4 ppos=-101.1 apid=0.0 integ=-80.8 vision=1 current=1 vframe=31123 vs=1 vage=18 vpage=18 vdt=34 vmax=266 vacc=31065 vrej=0 seq=0 elapsed=0 oled=3C
[  19342] STATUS mode=3 fault=none enc=-104 denc=0 sreq=-36 sapplied=-36 crate=-36 uimp=-106175 upos=4315 uneg=6300 ball=-12.12 vball=0.64 aball=-1.9 bref=0.00 pid=-36.3 pref=-105.3 ppos=-101.7 apid=-0.0 integ=-81.0 vision=1 current=1 vframe=31124 vs=1 vage=25 vpage=25 vdt=33 vmax=266 vacc=31066 vrej=0 seq=0 elapsed=0 oled=3C
[  19375] STATUS mode=3 fault=none enc=-105 denc=1 sreq=-42 sapplied=-42 crate=-42 uimp=-106980 upos=4315 uneg=6320 ball=-12.12 vball=0.40 aball=-1.9 bref=0.00 pid=-42.1 pref=-106.7 ppos=-102.5 apid=-0.0 integ=-81.2 vision=1 current=1 vframe=31125 vs=1 vage=13 vpage=13 vdt=32 vmax=266 vacc=31067 vrej=0 seq=0 elapsed=0 oled=3C
[  19390] STATUS mode=3 fault=none enc=-106 denc=-1 sreq=-34 sapplied=-34 crate=-34 uimp=-107760 upos=4315 uneg=6340 ball=-12.12 vball=0.40 aball=-1.9 bref=0.00 pid=-34.3 pref=-106.7 ppos=-103.3 apid=-0.0 integ=-81.2 vision=1 current=1 vframe=31125 vs=1 vage=33 vpage=33 vdt=32 vmax=266 vacc=31067 vrej=0 seq=0 elapsed=0 oled=3C
[  19420] STATUS mode=3 fault=none enc=-108 denc=-1 sreq=-38 sapplied=-38 crate=-38 uimp=-109245 upos=4315 uneg=6380 ball=-12.13 vball=0.11 aball=-3.4 bref=0.00 pid=-38.4 pref=-108.6 ppos=-104.7 apid=-0.0 integ=-81.6 vision=1 current=1 vframe=31127 vs=1 vage=5 vpage=5 vdt=33 vmax=266 vacc=31069 vrej=0 seq=0 elapsed=0 oled=3C
[  19452] STATUS mode=3 fault=none enc=-109 denc=-1 sreq=-31 sapplied=-31 crate=-31 uimp=-109960 upos=4315 uneg=6400 ball=-12.13 vball=0.11 aball=-3.4 bref=0.00 pid=-31.3 pref=-108.6 ppos=-105.5 apid=-0.0 integ=-81.6 vision=1 current=1 vframe=31127 vs=1 vage=25 vpage=25 vdt=33 vmax=266 vacc=31069 vrej=0 seq=0 elapsed=0 oled=3C
[  19483] STATUS mode=3 fault=none enc=-110 denc=0 sreq=-34 sapplied=-34 crate=-34 uimp=-111405 upos=4315 uneg=6440 ball=-12.16 vball=-0.18 aball=-3.4 bref=0.00 pid=-34.3 pref=-110.3 ppos=-106.9 apid=-0.0 integ=-81.8 vision=1 current=1 vframe=31128 vs=1 vage=31 vpage=31 vdt=34 vmax=266 vacc=31070 vrej=0 seq=0 elapsed=0 oled=3C
[  19500] STATUS mode=3 fault=none enc=-112 denc=-2 sreq=-24 sapplied=-24 crate=-24 uimp=-111970 upos=4315 uneg=6460 ball=-12.16 vball=-0.04 aball=-3.4 bref=0.00 pid=-23.6 pref=-109.8 ppos=-107.5 apid=-0.0 integ=-82.0 vision=1 current=1 vframe=31129 vs=1 vage=18 vpage=18 vdt=33 vmax=266 vacc=31071 vrej=0 seq=0 elapsed=0 oled=3C
[  19531] STATUS mode=3 fault=none enc=-111 denc=1 sreq=0 sapplied=0 crate=-14 uimp=-112405 upos=4315 uneg=6480 ball=-12.14 vball=0.10 aball=-1.9 bref=0.00 pid=-13.7 pref=-109.3 ppos=-107.9 apid=-0.0 integ=-82.2 vision=1 current=1 vframe=31130 vs=1 vage=5 vpage=5 vdt=33 vmax=266 vacc=31072 vrej=0 seq=0 elapsed=0 oled=3C
[  19561] STATUS mode=3 fault=none enc=-113 denc=0 sreq=0 sapplied=0 crate=-15 uimp=-112405 upos=4315 uneg=6480 ball=-12.14 vball=0.11 aball=-1.9 bref=0.00 pid=-15.3 pref=-109.4 ppos=-107.9 apid=-0.0 integ=-82.4 vision=1 current=1 vframe=31131 vs=1 vage=11 vpage=11 vdt=34 vmax=266 vacc=31073 vrej=0 seq=0 elapsed=0 oled=3C
[  19592] STATUS mode=3 fault=none enc=-113 denc=0 sreq=0 sapplied=0 crate=-15 uimp=-112405 upos=4315 uneg=6480 ball=-12.14 vball=0.11 aball=-1.9 bref=0.00 pid=-15.3 pref=-109.4 ppos=-107.9 apid=-0.0 integ=-82.4 vision=1 current=1 vframe=31131 vs=1 vage=31 vpage=31 vdt=34 vmax=266 vacc=31073 vrej=0 seq=0 elapsed=0 oled=3C
[  19608] STATUS mode=3 fault=none enc=-113 denc=0 sreq=0 sapplied=0 crate=-19 uimp=-112405 upos=4315 uneg=6480 ball=-12.14 vball=0.08 aball=-1.9 bref=0.00 pid=-18.8 pref=-109.8 ppos=-107.9 apid=-0.0 integ=-82.6 vision=1 current=1 vframe=31132 vs=1 vage=18 vpage=18 vdt=33 vmax=266 vacc=31074 vrej=0 seq=0 elapsed=0 oled=3C
[  19640] STATUS mode=3 fault=none enc=-113 denc=0 sreq=0 sapplied=0 crate=-19 uimp=-112720 upos=4315 uneg=6495 ball=-12.14 vball=0.06 aball=-1.2 bref=0.00 pid=-18.6 pref=-110.1 ppos=-108.2 apid=-0.0 integ=-82.8 vision=1 current=1 vframe=31133 vs=1 vage=25 vpage=25 vdt=33 vmax=266 vacc=31075 vrej=0 seq=0 elapsed=0 oled=3C
[  19670] STATUS mode=3 fault=none enc=-113 denc=0 sreq=-21 sapplied=-21 crate=-21 uimp=-112830 upos=4315 uneg=6500 ball=-12.14 vball=0.04 aball=-1.2 bref=0.00 pid=-20.6 pref=-110.4 ppos=-108.3 apid=-0.0 integ=-83.1 vision=1 current=1 vframe=31134 vs=1 vage=11 vpage=11 vdt=34 vmax=266 vacc=31076 vrej=0 seq=0 elapsed=0 oled=3C
[  19702] STATUS mode=3 fault=none enc=-113 denc=0 sreq=0 sapplied=0 crate=-19 uimp=-113240 upos=4315 uneg=6520 ball=-12.14 vball=0.03 aball=-1.2 bref=0.00 pid=-19.1 pref=-110.6 ppos=-108.7 apid=-0.0 integ=-83.3 vision=1 current=1 vframe=31135 vs=1 vage=16 vpage=16 vdt=35 vmax=266 vacc=31077 vrej=0 seq=0 elapsed=0 oled=3C
[  19717] STATUS mode=3 fault=none enc=-113 denc=0 sreq=-22 sapplied=-22 crate=-22 uimp=-113240 upos=4315 uneg=6520 ball=-12.14 vball=0.02 aball=-0.9 bref=0.00 pid=-21.6 pref=-110.9 ppos=-108.7 apid=-0.0 integ=-83.5 vision=1 current=1 vframe=31136 vs=1 vage=3 vpage=3 vdt=33 vmax=266 vacc=31078 vrej=0 seq=0 elapsed=0 oled=3C
[  19750] STATUS mode=3 fault=none enc=-113 denc=0 sreq=0 sapplied=0 crate=-19 uimp=-113455 upos=4315 uneg=6530 ball=-12.14 vball=0.02 aball=-0.9 bref=0.00 pid=-19.5 pref=-110.9 ppos=-108.9 apid=-0.0 integ=-83.5 vision=1 current=1 vframe=31136 vs=1 vage=23 vpage=23 vdt=33 vmax=266 vacc=31078 vrej=0 seq=0 elapsed=0 oled=3C
[  19781] STATUS mode=3 fault=none enc=-113 denc=0 sreq=0 sapplied=0 crate=-19 uimp=-113770 upos=4315 uneg=6545 ball=-12.14 vball=0.01 aball=-0.9 bref=0.00 pid=-18.7 pref=-111.1 ppos=-109.3 apid=-0.0 integ=-83.7 vision=1 current=1 vframe=31137 vs=1 vage=31 vpage=31 vdt=32 vmax=266 vacc=31079 vrej=0 seq=0 elapsed=0 oled=3C
[  19811] STATUS mode=3 fault=none enc=-113 denc=0 sreq=-27 sapplied=-27 crate=-27 uimp=-114215 upos=4315 uneg=6560 ball=-12.16 vball=-0.19 aball=-0.9 bref=0.00 pid=-27.0 pref=-112.4 ppos=-109.7 apid=-0.0 integ=-83.9 vision=1 current=1 vframe=31138 vs=1 vage=17 vpage=17 vdt=34 vmax=266 vacc=31080 vrej=0 seq=0 elapsed=0 oled=3C
[  19827] STATUS mode=3 fault=none enc=-113 denc=0 sreq=-24 sapplied=-24 crate=-24 uimp=-114715 upos=4315 uneg=6580 ball=-12.17 vball=-0.19 aball=-1.4 bref=0.00 pid=-24.3 pref=-112.6 ppos=-110.2 apid=-0.0 integ=-84.1 vision=1 current=1 vframe=31139 vs=1 vage=4 vpage=4 vdt=33 vmax=266 vacc=31081 vrej=0 seq=0 elapsed=0 oled=3C
[  19858] STATUS mode=3 fault=none enc=-114 denc=0 sreq=0 sapplied=0 crate=-19 uimp=-115265 upos=4315 uneg=6605 ball=-12.17 vball=-0.15 aball=-1.4 bref=0.00 pid=-18.8 pref=-112.6 ppos=-110.8 apid=-0.0 integ=-84.3 vision=1 current=1 vframe=31140 vs=1 vage=11 vpage=11 vdt=33 vmax=266 vacc=31082 vrej=0 seq=0 elapsed=0 oled=3C
[  19890] STATUS mode=3 fault=none enc=-114 denc=0 sreq=0 sapplied=0 crate=-19 uimp=-115265 upos=4315 uneg=6605 ball=-12.17 vball=-0.15 aball=-1.4 bref=0.00 pid=-18.8 pref=-112.6 ppos=-110.8 apid=-0.0 integ=-84.3 vision=1 current=1 vframe=31140 vs=1 vage=31 vpage=31 vdt=33 vmax=266 vacc=31082 vrej=0 seq=0 elapsed=0 oled=3C
[  19920] STATUS mode=3 fault=none enc=-114 denc=0 sreq=0 sapplied=0 crate=-19 uimp=-115265 upos=4315 uneg=6605 ball=-12.17 vball=-0.07 aball=-0.2 bref=0.00 pid=-18.9 pref=-112.6 ppos=-110.8 apid=-0.0 integ=-84.7 vision=1 current=1 vframe=31142 vs=1 vage=4 vpage=4 vdt=33 vmax=266 vacc=31084 vrej=0 seq=0 elapsed=0 oled=3C
[  19952] STATUS mode=3 fault=none enc=-114 denc=0 sreq=0 sapplied=0 crate=-19 uimp=-115265 upos=4315 uneg=6605 ball=-12.17 vball=-0.07 aball=-0.2 bref=0.00 pid=-18.9 pref=-112.6 ppos=-110.8 apid=-0.0 integ=-84.7 vision=1 current=1 vframe=31142 vs=1 vage=24 vpage=24 vdt=33 vmax=266 vacc=31084 vrej=0 seq=0 elapsed=0 oled=3C
[  19967] STATUS mode=3 fault=none enc=-114 denc=0 sreq=0 sapplied=0 crate=-19 uimp=-115265 upos=4315 uneg=6605 ball=-12.17 vball=-0.04 aball=-0.2 bref=0.00 pid=-19.4 pref=-112.7 ppos=-110.8 apid=-0.0 integ=-84.9 vision=1 current=1 vframe=31143 vs=1 vage=11 vpage=11 vdt=33 vmax=266 vacc=31085 vrej=0 seq=0 elapsed=0 oled=3C
[  20000] STATUS mode=3 fault=none enc=-114 denc=0 sreq=0 sapplied=0 crate=-19 uimp=-115470 upos=4315 uneg=6615 ball=-12.17 vball=-0.03 aball=-0.2 bref=0.00 pid=-18.9 pref=-112.9 ppos=-111.0 apid=-0.0 integ=-85.1 vision=1 current=1 vframe=31150 vs=1 vage=17 vpage=17 vdt=1 vmax=266 vacc=31092 vrej=0 seq=0 elapsed=0 oled=3C
[  20031] STATUS mode=3 fault=none enc=-114 denc=0 sreq=20 sapplied=0 crate=20 uimp=-115470 upos=4315 uneg=6615 ball=-12.08 vball=0.73 aball=3.5 bref=0.00 pid=19.8 pref=-109.0 ppos=-111.0 apid=0.0 integ=-85.3 vision=1 current=1 vframe=31151 vs=1 vage=4 vpage=4 vdt=33 vmax=266 vacc=31093 vrej=0 seq=0 elapsed=0 oled=3C
[  20045] STATUS mode=3 fault=none enc=-114 denc=0 sreq=0 sapplied=0 crate=19 uimp=-115370 upos=4320 uneg=6615 ball=-12.08 vball=0.73 aball=3.5 bref=0.00 pid=18.8 pref=-109.0 ppos=-110.9 apid=0.0 integ=-85.3 vision=1 current=1 vframe=31151 vs=1 vage=24 vpage=24 vdt=33 vmax=266 vacc=31093 vrej=0 seq=0 elapsed=0 oled=3C
[  20077] STATUS mode=3 fault=none enc=-114 denc=0 sreq=0 sapplied=0 crate=19 uimp=-115270 upos=4325 uneg=6615 ball=-12.05 vball=0.78 aball=3.5 bref=0.00 pid=19.2 pref=-108.8 ppos=-110.8 apid=0.0 integ=-85.5 vision=1 current=1 vframe=31152 vs=1 vage=31 vpage=31 vdt=33 vmax=266 vacc=31094 vrej=0 seq=0 elapsed=0 oled=3C
[  20108] STATUS mode=3 fault=none enc=-114 denc=0 sreq=-31 sapplied=-31 crate=-31 uimp=-115610 upos=4325 uneg=6625 ball=-12.13 vball=-0.21 aball=3.5 bref=0.00 pid=-31.3 pref=-114.2 ppos=-111.1 apid=0.0 integ=-85.7 vision=1 current=1 vframe=31153 vs=1 vage=17 vpage=17 vdt=34 vmax=266 vacc=31095 vrej=0 seq=0 elapsed=0 oled=3C
[  20140] STATUS mode=3 fault=none enc=-115 denc=-1 sreq=-64 sapplied=-64 crate=-64 uimp=-116190 upos=4325 uneg=6645 ball=-12.24 vball=-0.88 aball=-5.3 bref=0.00 pid=-64.3 pref=-118.1 ppos=-111.7 apid=-0.0 integ=-85.9 vision=1 current=1 vframe=31154 vs=1 vage=4 vpage=4 vdt=33 vmax=266 vacc=31096 vrej=0 seq=0 elapsed=0 oled=3C
[  20156] STATUS mode=3 fault=none enc=-119 denc=-3 sreq=0 sapplied=0 crate=-19 uimp=-118125 upos=4325 uneg=6680 ball=-12.20 vball=-0.35 aball=-5.3 bref=0.00 pid=-19.3 pref=-115.6 ppos=-113.6 apid=-0.0 integ=-86.1 vision=1 current=1 vframe=31155 vs=1 vage=11 vpage=11 vdt=33 vmax=266 vacc=31097 vrej=0 seq=0 elapsed=0 oled=3C
[  20186] STATUS mode=3 fault=none enc=-118 denc=0 sreq=0 sapplied=0 crate=-19 uimp=-118125 upos=4325 uneg=6680 ball=-12.20 vball=-0.35 aball=-5.3 bref=0.00 pid=-19.3 pref=-115.6 ppos=-113.6 apid=-0.0 integ=-86.1 vision=1 current=1 vframe=31155 vs=1 vage=31 vpage=31 vdt=33 vmax=266 vacc=31097 vrej=0 seq=0 elapsed=0 oled=3C
[  20217] STATUS mode=3 fault=none enc=-118 denc=0 sreq=-100 sapplied=-100 crate=-100 uimp=-118125 upos=4325 uneg=6680 ball=-12.39 vball=-1.81 aball=-7.1 bref=0.00 pid=-102.1 pref=-123.8 ppos=-113.6 apid=-0.0 integ=-86.5 vision=1 current=1 vframe=31157 vs=1 vage=4 vpage=4 vdt=33 vmax=266 vacc=31099 vrej=0 seq=0 elapsed=0 oled=3C
[  20250] STATUS mode=3 fault=none enc=-119 denc=0 sreq=-83 sapplied=-83 crate=-83 uimp=-120010 upos=4325 uneg=6700 ball=-12.39 vball=-1.81 aball=-7.1 bref=0.00 pid=-83.3 pref=-123.8 ppos=-115.5 apid=-0.0 integ=-86.5 vision=1 current=1 vframe=31157 vs=1 vage=24 vpage=24 vdt=33 vmax=266 vacc=31099 vrej=0 seq=0 elapsed=0 oled=3C
[  20281] STATUS mode=3 fault=none enc=-122 denc=-2 sreq=-71 sapplied=-71 crate=-71 uimp=-121570 upos=4325 uneg=6720 ball=-12.45 vball=-1.80 aball=-7.1 bref=0.00 pid=-71.0 pref=-124.2 ppos=-117.1 apid=-0.0 integ=-86.7 vision=1 current=1 vframe=31158 vs=1 vage=11 vpage=11 vdt=33 vmax=266 vacc=31100 vrej=0 seq=0 elapsed=0 oled=3C
[  20295] STATUS mode=3 fault=none enc=-123 denc=0 sreq=-30 sapplied=-30 crate=-30 uimp=-123680 upos=4325 uneg=6760 ball=-12.46 vball=-1.36 aball=-7.1 bref=0.00 pid=-30.3 pref=-122.2 ppos=-119.2 apid=-0.0 integ=-86.9 vision=1 current=1 vframe=31159 vs=1 vage=17 vpage=17 vdt=34 vmax=266 vacc=31101 vrej=0 seq=0 elapsed=0 oled=3C
[  20327] STATUS mode=3 fault=none enc=-124 denc=0 sreq=0 sapplied=0 crate=0 uimp=-124240 upos=4325 uneg=6780 ball=-12.45 vball=-0.83 aball=0.5 bref=0.00 pid=0.0 pref=-119.7 ppos=-119.7 apid=0.0 integ=-87.1 vision=1 current=1 vframe=31160 vs=1 vage=4 vpage=4 vdt=33 vmax=266 vacc=31102 vrej=0 seq=0 elapsed=0 oled=3C
[  20358] STATUS mode=3 fault=none enc=-124 denc=0 sreq=0 sapplied=0 crate=0 uimp=-124240 upos=4325 uneg=6780 ball=-12.45 vball=-0.83 aball=0.5 bref=0.00 pid=0.0 pref=-119.7 ppos=-119.7 apid=0.0 integ=-87.1 vision=1 current=1 vframe=31160 vs=1 vage=24 vpage=24 vdt=33 vmax=266 vacc=31102 vrej=0 seq=0 elapsed=0 oled=3C
[  20390] STATUS mode=3 fault=none enc=-124 denc=0 sreq=0 sapplied=0 crate=18 uimp=-124240 upos=4325 uneg=6780 ball=-12.43 vball=-0.45 aball=0.5 bref=0.00 pid=17.5 pref=-118.0 ppos=-119.7 apid=0.0 integ=-87.3 vision=1 current=1 vframe=31161 vs=1 vage=31 vpage=31 vdt=33 vmax=266 vacc=31103 vrej=0 seq=0 elapsed=0 oled=3C
[  20406] STATUS mode=3 fault=none enc=-124 denc=0 sreq=23 sapplied=23 crate=23 uimp=-123990 upos=4335 uneg=6780 ball=-12.42 vball=-0.25 aball=0.5 bref=0.00 pid=23.2 pref=-117.2 ppos=-119.5 apid=0.0 integ=-87.5 vision=1 current=1 vframe=31162 vs=1 vage=17 vpage=17 vdt=34 vmax=266 vacc=31104 vrej=0 seq=0 elapsed=0 oled=3C
[  20436] STATUS mode=3 fault=none enc=-123 denc=1 sreq=0 sapplied=0 crate=19 uimp=-123245 upos=4370 uneg=6780 ball=-12.42 vball=-0.14 aball=3.4 bref=0.00 pid=19.2 pref=-116.8 ppos=-118.7 apid=0.0 integ=-87.7 vision=1 current=1 vframe=31163 vs=1 vage=24 vpage=24 vdt=33 vmax=266 vacc=31105 vrej=0 seq=0 elapsed=0 oled=3C
[  20467] STATUS mode=3 fault=none enc=-123 denc=0 sreq=32 sapplied=32 crate=32 uimp=-123075 upos=4375 uneg=6780 ball=-12.39 vball=0.18 aball=3.4 bref=0.00 pid=32.3 pref=-115.3 ppos=-118.6 apid=0.0 integ=-88.0 vision=1 current=1 vframe=31164 vs=1 vage=10 vpage=10 vdt=34 vmax=266 vacc=31106 vrej=0 seq=0 elapsed=0 oled=3C
[  20483] STATUS mode=3 fault=none enc=-123 denc=0 sreq=26 sapplied=26 crate=26 uimp=-122475 upos=4395 uneg=6780 ball=-12.39 vball=0.18 aball=3.4 bref=0.00 pid=26.3 pref=-115.3 ppos=-118.0 apid=0.0 integ=-88.0 vision=1 current=1 vframe=31164 vs=1 vage=30 vpage=30 vdt=34 vmax=266 vacc=31106 vrej=0 seq=0 elapsed=0 oled=3C
[  20515] STATUS mode=3 fault=none enc=-122 denc=0 sreq=0 sapplied=0 crate=14 uimp=-121670 upos=4430 uneg=6780 ball=-12.37 vball=0.17 aball=3.3 bref=0.00 pid=14.3 pref=-115.7 ppos=-117.2 apid=0.0 integ=-88.4 vision=1 current=1 vframe=31166 vs=1 vage=4 vpage=4 vdt=33 vmax=266 vacc=31108 vrej=0 seq=0 elapsed=0 oled=3C
[  20545] STATUS mode=3 fault=none enc=-122 denc=0 sreq=0 sapplied=0 crate=14 uimp=-121670 upos=4430 uneg=6780 ball=-12.37 vball=0.17 aball=3.3 bref=0.00 pid=14.3 pref=-115.7 ppos=-117.2 apid=0.0 integ=-88.4 vision=1 current=1 vframe=31166 vs=1 vage=24 vpage=24 vdt=33 vmax=266 vacc=31108 vrej=0 seq=0 elapsed=0 oled=3C
[  20577] STATUS mode=3 fault=none enc=-122 denc=0 sreq=29 sapplied=29 crate=29 uimp=-121520 upos=4435 uneg=6780 ball=-12.33 vball=0.51 aball=3.3 bref=0.00 pid=29.0 pref=-114.1 ppos=-117.0 apid=0.0 integ=-88.6 vision=1 current=1 vframe=31167 vs=1 vage=11 vpage=11 vdt=33 vmax=266 vacc=31109 vrej=0 seq=0 elapsed=0 oled=3C
[  20592] STATUS mode=3 fault=none enc=-120 denc=1 sreq=26 sapplied=26 crate=26 uimp=-120420 upos=4475 uneg=6780 ball=-12.29 vball=0.69 aball=3.3 bref=0.00 pid=26.1 pref=-113.3 ppos=-115.9 apid=0.0 integ=-88.8 vision=1 current=1 vframe=31168 vs=1 vage=18 vpage=18 vdt=33 vmax=266 vacc=31110 vrej=0 seq=0 elapsed=0 oled=3C
[  20625] STATUS mode=3 fault=none enc=-121 denc=-1 sreq=0 sapplied=0 crate=14 uimp=-119935 upos=4495 uneg=6780 ball=-12.28 vball=0.58 aball=3.7 bref=0.00 pid=14.1 pref=-114.0 ppos=-115.4 apid=0.0 integ=-89.0 vision=1 current=1 vframe=31169 vs=1 vage=5 vpage=5 vdt=33 vmax=266 vacc=31111 vrej=0 seq=0 elapsed=0 oled=3C
[  20656] STATUS mode=3 fault=none enc=-120 denc=0 sreq=0 sapplied=0 crate=14 uimp=-119935 upos=4495 uneg=6780 ball=-12.28 vball=0.58 aball=3.7 bref=0.00 pid=14.1 pref=-114.0 ppos=-115.4 apid=0.0 integ=-89.0 vision=1 current=1 vframe=31169 vs=1 vage=25 vpage=25 vdt=33 vmax=266 vacc=31111 vrej=0 seq=0 elapsed=0 oled=3C
[  20686] STATUS mode=3 fault=none enc=-118 denc=1 sreq=52 sapplied=52 crate=52 uimp=-118065 upos=4525 uneg=6780 ball=-12.13 vball=1.66 aball=3.7 bref=0.00 pid=51.9 pref=-108.4 ppos=-113.6 apid=0.0 integ=-89.2 vision=1 current=1 vframe=31170 vs=1 vage=32 vpage=32 vdt=33 vmax=266 vacc=31112 vrej=0 seq=0 elapsed=0 oled=3C
[  20702] STATUS mode=3 fault=none enc=-117 denc=0 sreq=53 sapplied=53 crate=53 uimp=-116920 upos=4545 uneg=6780 ball=-12.05 vball=1.90 aball=3.7 bref=0.00 pid=52.8 pref=-107.1 ppos=-112.4 apid=0.0 integ=-89.4 vision=1 current=1 vframe=31171 vs=1 vage=19 vpage=19 vdt=33 vmax=266 vacc=31113 vrej=0 seq=0 elapsed=0 oled=3C
[  20733] STATUS mode=3 fault=none enc=-116 denc=0 sreq=0 sapplied=0 crate=15 uimp=-115940 upos=4565 uneg=6780 ball=-12.04 vball=1.38 aball=5.5 bref=0.00 pid=15.2 pref=-109.9 ppos=-111.4 apid=0.0 integ=-89.6 vision=1 current=1 vframe=31172 vs=1 vage=3 vpage=3 vdt=36 vmax=266 vacc=31114 vrej=0 seq=0 elapsed=0 oled=3C
[  20765] STATUS mode=3 fault=none enc=-115 denc=0 sreq=0 sapplied=0 crate=-11 uimp=-115940 upos=4565 uneg=6780 ball=-12.05 vball=0.91 aball=5.5 bref=0.00 pid=-10.5 pref=-112.5 ppos=-111.4 apid=0.0 integ=-89.8 vision=1 current=1 vframe=31173 vs=1 vage=12 vpage=12 vdt=31 vmax=266 vacc=31115 vrej=0 seq=0 elapsed=0 oled=3C
[  20795] STATUS mode=3 fault=none enc=-115 denc=0 sreq=0 sapplied=0 crate=-11 uimp=-115940 upos=4565 uneg=6780 ball=-12.05 vball=0.91 aball=5.5 bref=0.00 pid=-10.5 pref=-112.5 ppos=-111.4 apid=0.0 integ=-89.8 vision=1 current=1 vframe=31173 vs=1 vage=32 vpage=32 vdt=31 vmax=266 vacc=31115 vrej=0 seq=0 elapsed=0 oled=3C
[  20811] STATUS mode=3 fault=none enc=-114 denc=0 sreq=-57 sapplied=-57 crate=-57 uimp=-116720 upos=4565 uneg=6810 ball=-12.11 vball=-0.05 aball=-3.5 bref=0.00 pid=-56.6 pref=-117.9 ppos=11.7 apid=0.0 integ=-90.0 vision=1 current=1 vframe=31174 vs=1 vage=18 vpage=18 vdt=34 vmax=266 vacc=31116 vrej=0 seq=0 elapsed=0 oled=3C
[  20842] STATUS mode=3 fault=none enc=-116 denc=0 sreq=-46 sapplied=-46 crate=-46 uimp=-117770 upos=4565 uneg=6830 ball=-12.11 vball=-0.05 aball=-3.5 bref=0.00 pid=-46.1 pref=-117.9 ppos=-113.3 apid=-0.0 integ=-90.2 vision=1 current=1 vframe=31175 vs=1 vage=25 vpage=25 vdt=33 vmax=266 vacc=31117 vrej=0 seq=0 elapsed=0 oled=3C
[  20875] STATUS mode=3 fault=none enc=-117 denc=0 sreq=-47 sapplied=-47 crate=-47 uimp=-118730 upos=4565 uneg=6850 ball=-12.13 vball=-0.21 aball=-3.5 bref=0.00 pid=-47.1 pref=-118.9 ppos=-114.2 apid=-0.0 integ=-90.4 vision=1 current=1 vframe=31176 vs=1 vage=12 vpage=12 vdt=33 vmax=266 vacc=31118 vrej=0 seq=0 elapsed=0 oled=3C
[  20906] STATUS mode=3 fault=none enc=-119 denc=0 sreq=0 sapplied=0 crate=0 uimp=-119790 upos=4565 uneg=6875 ball=-12.07 vball=0.35 aball=-3.5 bref=0.00 pid=0.0 pref=-116.1 ppos=-115.3 apid=-0.0 integ=-90.6 vision=1 current=1 vframe=31177 vs=1 vage=21 vpage=21 vdt=31 vmax=266 vacc=31119 vrej=0 seq=0 elapsed=0 oled=3C
[  20920] STATUS mode=3 fault=none enc=-119 denc=0 sreq=0 sapplied=0 crate=0 uimp=-119790 upos=4565 uneg=6875 ball=-12.05 vball=0.41 aball=0.2 bref=0.00 pid=0.0 pref=-116.0 ppos=-115.3 apid=0.0 integ=-90.8 vision=1 current=1 vframe=31178 vs=1 vage=7 vpage=7 vdt=34 vmax=266 vacc=31120 vrej=0 seq=0 elapsed=0 oled=3C
[  20952] STATUS mode=3 fault=none enc=-119 denc=0 sreq=0 sapplied=0 crate=0 uimp=-119790 upos=4565 uneg=6875 ball=-12.05 vball=0.41 aball=0.2 bref=0.00 pid=0.0 pref=-116.0 ppos=-115.3 apid=0.0 integ=-90.8 vision=1 current=1 vframe=31178 vs=1 vage=27 vpage=27 vdt=34 vmax=266 vacc=31120 vrej=0 seq=0 elapsed=0 oled=3C
[  20983] STATUS mode=3 fault=none enc=-119 denc=0 sreq=0 sapplied=0 crate=-13 uimp=-119790 upos=4565 uneg=6875 ball=-12.05 vball=0.33 aball=0.2 bref=0.00 pid=-13.1 pref=-116.6 ppos=-115.3 apid=0.0 integ=-91.0 vision=1 current=1 vframe=31179 vs=1 vage=32 vpage=32 vdt=35 vmax=266 vacc=31121 vrej=0 seq=0 elapsed=0 oled=3C
[  21015] STATUS mode=3 fault=none enc=-119 denc=0 sreq=0 sapplied=0 crate=-12 uimp=-119790 upos=4565 uneg=6875 ball=-12.03 vball=0.38 aball=0.2 bref=0.00 pid=-12.1 pref=-116.5 ppos=-115.3 apid=0.0 integ=-91.2 vision=1 current=1 vframe=31180 vs=1 vage=17 vpage=17 vdt=35 vmax=266 vacc=31122 vrej=0 seq=0 elapsed=0 oled=3C
[  21031] STATUS mode=3 fault=none enc=-119 denc=0 sreq=-23 sapplied=-23 crate=-23 uimp=-119790 upos=4565 uneg=6875 ball=-12.04 vball=0.21 aball=-0.8 bref=0.00 pid=-22.9 pref=-117.6 ppos=-115.3 apid=-0.0 integ=-91.4 vision=1 current=1 vframe=31181 vs=1 vage=4 vpage=4 vdt=33 vmax=266 vacc=31123 vrej=0 seq=0 elapsed=0 oled=3C
[  21061] STATUS mode=3 fault=none enc=-119 denc=0 sreq=-26 sapplied=-26 crate=-26 uimp=-120500 upos=4565 uneg=6905 ball=-12.05 vball=0.05 aball=-0.8 bref=0.00 pid=-26.0 pref=-118.6 ppos=-116.0 apid=-0.0 integ=-91.6 vision=1 current=1 vframe=31182 vs=1 vage=12 vpage=12 vdt=32 vmax=266 vacc=31124 vrej=0 seq=0 elapsed=0 oled=3C
[  21061] >>> stop
[  21092] STATUS mode=3 fault=none enc=-119 denc=0 sreq=-21 sapplied=-21 crate=-21 uimp=-120980 upos=4565 uneg=6925 ball=-12.05 vball=0.05 aball=-0.8 bref=0.00 pid=-21.2 pref=-118.6 ppos=-116.5 apid=-0.0 integ=-91.6 vision=1 current=1 vframe=31182 vs=1 vage=32 vpage=32 vdt=32 vmax=266 vacc=31124 vrej=0 seq=0 elapsed=0 oled=3C
[  21125] STATUS mode=1 fault=none enc=-121 denc=0 sreq=0 sapplied=0 crate=0 uimp=-121320 upos=4565 uneg=6940 ball=-12.05 vball=0.06 aball=0.0 bref=0.00 pid=0.0 pref=-116.8 ppos=-116.8 apid=0.0 integ=0.0 vision=1 current=1 vframe=31184 vs=1 vage=8 vpage=8 vdt=31 vmax=266 vacc=31126 vrej=0 seq=0 elapsed=0 oled=3C
[  21140] STATUS mode=1 fault=none enc=-121 denc=0 sreq=0 sapplied=0 crate=0 uimp=-121320 upos=4565 uneg=6940 ball=-12.05 vball=0.06 aball=0.0 bref=0.00 pid=0.0 pref=-116.8 ppos=-116.8 apid=0.0 integ=0.0 vision=1 current=1 vframe=31184 vs=1 vage=28 vpage=28 vdt=31 vmax=266 vacc=31126 vrej=0 seq=0 elapsed=0 oled=3C
[  21170] STATUS mode=1 fault=none enc=-121 denc=0 sreq=0 sapplied=0 crate=0 uimp=-121320 upos=4565 uneg=6940 ball=-12.03 vball=0.18 aball=0.0 bref=0.00 pid=0.0 pref=-116.8 ppos=-116.8 apid=0.0 integ=0.0 vision=1 current=1 vframe=31185 vs=1 vage=14 vpage=14 vdt=34 vmax=266 vacc=31127 vrej=0 seq=0 elapsed=0 oled=3C
[  21202] STATUS mode=1 fault=none enc=-121 denc=0 sreq=0 sapplied=0 crate=0 uimp=-121320 upos=4565 uneg=6940 ball=-11.99 vball=0.48 aball=0.0 bref=0.00 pid=0.0 pref=-116.8 ppos=-116.8 apid=0.0 integ=0.0 vision=1 current=1 vframe=31186 vs=1 vage=19 vpage=19 vdt=35 vmax=266 vacc=31128 vrej=0 seq=0 elapsed=0 oled=3C
[  21217] STATUS mode=1 fault=none enc=-121 denc=0 sreq=0 sapplied=0 crate=0 uimp=-121320 upos=4565 uneg=6940 ball=-11.96 vball=0.60 aball=0.0 bref=0.00 pid=0.0 pref=-116.8 ppos=-116.8 apid=0.0 integ=0.0 vision=1 current=1 vframe=31187 vs=1 vage=7 vpage=7 vdt=32 vmax=266 vacc=31129 vrej=0 seq=0 elapsed=0 oled=3C
[  21250] STATUS mode=1 fault=none enc=-121 denc=0 sreq=0 sapplied=0 crate=0 uimp=-121320 upos=4565 uneg=6940 ball=-11.96 vball=0.60 aball=0.0 bref=0.00 pid=0.0 pref=-116.8 ppos=-116.8 apid=0.0 integ=0.0 vision=1 current=1 vframe=31187 vs=1 vage=27 vpage=27 vdt=32 vmax=266 vacc=31129 vrej=0 seq=0 elapsed=0 oled=3C
[  21281] STATUS mode=1 fault=none enc=-121 denc=0 sreq=0 sapplied=0 crate=0 uimp=-121320 upos=4565 uneg=6940 ball=-11.99 vball=0.17 aball=0.0 bref=0.00 pid=0.0 pref=-116.8 ppos=-116.8 apid=0.0 integ=0.0 vision=1 current=1 vframe=31188 vs=1 vage=32 vpage=32 vdt=35 vmax=266 vacc=31130 vrej=0 seq=0 elapsed=0 oled=3C
[  21295] STATUS mode=1 fault=none enc=-121 denc=0 sreq=0 sapplied=0 crate=0 uimp=-121320 upos=4565 uneg=6940 ball=-12.07 vball=-0.53 aball=0.0 bref=0.00 pid=0.0 pref=-116.8 ppos=-116.8 apid=0.0 integ=0.0 vision=1 current=1 vframe=31189 vs=1 vage=20 vpage=20 vdt=32 vmax=266 vacc=31131 vrej=0 seq=0 elapsed=0 oled=3C
[  21327] STATUS mode=1 fault=none enc=-121 denc=0 sreq=0 sapplied=0 crate=0 uimp=-121320 upos=4565 uneg=6940 ball=-12.10 vball=-0.64 aball=0.0 bref=0.00 pid=0.0 pref=-116.8 ppos=-116.8 apid=0.0 integ=0.0 vision=1 current=1 vframe=31190 vs=1 vage=6 vpage=6 vdt=34 vmax=266 vacc=31132 vrej=0 seq=0 elapsed=0 oled=3C
[  21327] >>> stream off
[  21358] STATUS mode=1 fault=none enc=-121 denc=0 sreq=0 sapplied=0 crate=0 uimp=-121320 upos=4565 uneg=6940 ball=-12.07 vball=-0.16 aball=0.0 bref=0.00 pid=0.0 pref=-116.8 ppos=-116.8 apid=0.0 integ=0.0 vision=1 current=1 vframe=31191 vs=1 vage=11 vpage=11 vdt=35 vmax=266 vacc=31133 vrej=0 seq=0 elapsed=0 oled=3C
[  21358] OK stream off
[  21500] RESULT center_timeout
