[      0] >>> bench on
[     16] OK stepper visual-only bench active; command pose preserved
[    202] >>> stop
[    202] OK stopped
[    391] >>> stream on 20
[    391] OK stream on 20 ms
[    436] STATUS mode=1 fault=none enc=-673 denc=0 sreq=0 sapplied=0 crate=0 uimp=0 upos=0 uneg=0 ball=117.29 vball=-0.00 aball=0.0 bref=0.00 pid=0.0 pref=-522.0 ppos=-522.0 apid=0.0 integ=0.0 vision=1 current=1 vframe=36490 vs=1 vage=23 vpage=23 vdt=34 vmax=68111 vacc=33140 vrej=0 seq=0 elapsed=0 oled=3C
[    468] STATUS mode=1 fault=none enc=-673 denc=0 sreq=0 sapplied=0 crate=0 uimp=0 upos=0 uneg=0 ball=117.29 vball=-0.00 aball=0.0 bref=0.00 pid=0.0 pref=-522.0 ppos=-522.0 apid=0.0 integ=0.0 vision=1 current=1 vframe=36491 vs=1 vage=10 vpage=10 vdt=33 vmax=68111 vacc=33141 vrej=0 seq=0 elapsed=0 oled=3C
[    483] STATUS mode=1 fault=none enc=-673 denc=0 sreq=0 sapplied=0 crate=0 uimp=0 upos=0 uneg=0 ball=117.29 vball=-0.00 aball=0.0 bref=0.00 pid=0.0 pref=-522.0 ppos=-522.0 apid=0.0 integ=0.0 vision=1 current=1 vframe=36491 vs=1 vage=30 vpage=30 vdt=33 vmax=68111 vacc=33141 vrej=0 seq=0 elapsed=0 oled=3C
[    516] STATUS mode=1 fault=none enc=-673 denc=0 sreq=0 sapplied=0 crate=0 uimp=0 upos=0 uneg=0 ball=117.29 vball=-0.00 aball=0.0 bref=0.00 pid=0.0 pref=-522.0 ppos=-522.0 apid=0.0 integ=0.0 vision=1 current=1 vframe=36492 vs=1 vage=17 vpage=17 vdt=33 vmax=68111 vacc=33142 vrej=0 seq=0 elapsed=0 oled=3C
[    547] STATUS mode=1 fault=none enc=-673 denc=0 sreq=0 sapplied=0 crate=0 uimp=0 upos=0 uneg=0 ball=117.44 vball=2.48 aball=0.0 bref=0.00 pid=0.0 pref=-522.0 ppos=-522.0 apid=0.0 integ=0.0 vision=1 current=1 vframe=36493 vs=1 vage=23 vpage=23 vdt=34 vmax=68111 vacc=33143 vrej=0 seq=0 e
[    547] lapsed=0 oled=3C
[    561] STATUS mode=1 fault=none enc=-673 denc=0 sreq=0 sapplied=0 crate=0 uimp=0 upos=0 uneg=0 ball=117.51 vball=2.24 aball=0.0 bref=0.00 pid=0.0 pref=-522.0 ppos=-522.0 apid=0.0 integ=0.0 vision=1 current=1 vframe=36494 vs=1 vage=10 vpage=10 vdt=33 vmax=68111 vacc=33144 vrej=0 seq=0 elapsed=0 oled=3C
[    593] STATUS mode=1 fault=none enc=-673 denc=0 sreq=0 sapplied=0 crate=0 uimp=0 upos=0 uneg=0 ball=117.51 vball=2.24 aball=0.0 bref=0.00 pid=0.0 pref=-522.0 ppos=-522.0 apid=0.0 integ=0.0 vision=1 current=1 vframe=36494 vs=1 vage=30 vpage=30 vdt=33 vmax=68111 vacc=33144 vrej=0 seq=0 elapsed=0 oled=3C
[    625] STATUS mode=1 fault=none enc=-673 denc=0 sreq=0 sapplied=0 crate=0 uimp=0 upos=0 uneg=0 ball=117.35 vball=-1.95 aball=0.0 bref=0.00 pid=0.0 pref=-522.0 ppos=-522.0 apid=0.0 integ=0.0 vision=1 current=1 vframe=36496 vs=1 vage=3 vpage=3 vdt=34 vmax=68111 vacc=33146 vrej=0 seq=0 elapsed=0 oled=3C
[    641] STATUS mode=1 fault=none enc=-673 denc=0 sreq=0 sapplied=0 crate=0 uimp=0 upos=0 uneg=0 ball=117.35 vball=-1.95 aball=0.0 bref=0.00 pid=0.0 pref=-522.0 ppos=-522.0 apid=0.0 integ=0.0 vision=1 current=1 vframe=36496 vs=1 vage=23 vpage=23 vdt=34 vmax=68111 vacc=33146 vrej=0 seq=0 elapsed=0 oled=3C
[    672] STATUS mode=1 fault=none enc=-673 denc=0 sreq=0 sapplied=0 crate=0 uimp=0 upos=0 uneg=0 ball=117.28 vball=-1.97 aball=0.0 bref=0.00 pid=0.0 pref=-522.0 ppos=-522.0 apid=0.0 integ=0.0 vision=1 current=1 vframe=36497 vs=1 vage=10 vpage=10 vdt=33 vmax=68111 vacc=33147 vrej=0 seq=0 elapsed=0 oled=3C
[    702] STATUS mode=1 fault=none enc=-673 denc=0 sreq=0 sapplied=0 crate=0 uimp=0 upos=0 uneg=0 ball=117.28 vball=-1.97 aball=0.0 bref=0.00 pid=0.0 pref=-522.0 ppos=-522.0 apid=0.0 integ=0.0 vision=1 current=1 vframe=36497 vs=1 vage=30 vpage=30 vdt=33 vmax=68111 vacc=33147 vrej=0 seq=0 elapsed=0 oled=3C
[    718] STATUS mode=1 fault=none enc=-673 denc=0 sreq=0 sapplied=0 crate=0 uimp=0 upos=0 uneg=0 ball=117.28 vball=-0.48 aball=0.0 bref=0.00 pid=0.0 pref=-522.0 ppos=-522.0 apid=0.0 integ=0.0 vision=1 current=1 vframe=36499 vs=1 vage=3 vpage=3 vdt=34 vmax=68111 vacc=33149 vrej=0 seq=0 elapsed=0 oled=3C
[    750] STATUS mode=1 fault=none enc=-673 denc=0 sreq=0 sapplied=0 crate=0 uimp=0 upos=0 uneg=0 ball=117.28 vball=-0.48 aball=0.0 bref=0.00 pid=0.0 pref=-522.0 ppos=-522.0 apid=0.0 integ=0.0 vision=1 current=1 vframe=36499 vs=1 vage=23 vpage=23 vdt=34 vmax=68111 vacc=33149 vrej=0 seq=0 elapsed=0 oled=3C
[    766] STATUS mode=1 fault=none enc=-673 denc=0 sreq=0 sapplied=0 crate=0 uimp=0 upos=0 uneg=0 ball=117.54 vball=3.23 aball=0.0 bref=0.00 pid=0.0 pref=-522.0 ppos=-522.0 apid=0.0 integ=0.0 vision=1 current=1 vframe=36500 vs=1 vage=10 vpage=10 vdt=33 vmax=68111 vacc=33150 vrej=0 seq=0 elapsed=0 oled=3C
[    797] STATUS mode=1 fault=none enc=-673 denc=0 sreq=0 sapplied=0 crate=0 uimp=0 upos=0 uneg=0 ball=117.38 vball=-0.47 aball=0.0 bref=0.00 pid=0.0 pref=-522.0 ppos=-522.0 apid=0.0 integ=0.0 vision=1 current=1 vframe=36501 vs=1 vage=16 vpage=16 vdt=34 vmax=68111 vacc=33151 vrej=0 seq=0 elapsed=0 oled=3C
[    827] STATUS mode=1 fault=none enc=-673 denc=0 sreq=0 sapplied=0 crate=0 uimp=0 upos=0 uneg=0 ball=117.36 vball=-0.55 aball=0.0 bref=0.00 pid=0.0 pref=-522.0 ppos=-522.0 apid=0.0 integ=0.0 vision=1 current=1 vframe=36502 vs=1 vage=3 vpage=3 vdt=33 vmax=68111 vacc=33152 vrej=0 seq=0 elapsed=0 oled=3C
[    843] STATUS mode=1 fault=none enc=-673 denc=0 sreq=0 sapplied=0 crate=0 uimp=0 upos=0 uneg=0 ball=117.36 vball=-0.55 aball=0.0 bref=0.00 pid=0.0 pref=-522.0 ppos=-522.0 apid=0.0 integ=0.0 vision=1 current=1 vframe=36502 vs=1 vage=23 vpage=23 vdt=33 vmax=68111 vacc=33152 vrej=0 seq=0 elapsed=0 oled=3C
[    875] STATUS mode=1 fault=none enc=-673 denc=0 sreq=0 sapplied=0 crate=0 uimp=0 upos=0 uneg=0 ball=117.55 vball=2.22 aball=0.0 bref=0.00 pid=0.0 pref=-522.0 ppos=-522.0 apid=0.0 integ=0.0 vision=1 current=1 vframe=36503 vs=1 vage=10 vpage=10 vdt=33 vmax=68111 vacc=33153 vrej=0 seq=0 elapsed=0 oled=3C
[    906] STATUS mode=1 fault=none enc=-673 denc=0 sreq=0 sapplied=0 crate=0 uimp=0 upos=0 uneg=0 ball=117.41 vball=-0.95 aball=0.0 bref=0.00 pid=0.0 pref=-522.0 ppos=-522.0 apid=0.0 integ=0.0 vision=1 current=1 vframe=36510 vs=1 vage=16 vpage=16 vdt=34 vmax=68111 vacc=33160 vrej=0 seq=0 elapsed=0 oled=3C
[    922] STATUS mode=1 fault=none enc=-673 denc=0 sreq=0 sapplied=0 crate=0 uimp=0 upos=0 uneg=0 ball=117.49 vball=0.58 aball=0.0 bref=0.00 pid=0.0 pref=-522.0 ppos=-522.0 apid=0.0 integ=0.0 vision=1 current=1 vframe=36511 vs=1 vage=3 vpage=3 vdt=33 vmax=68111 vacc=33161 vrej=0 seq=0 elapsed=0 oled=3C
[    952] STATUS mode=1 fault=none enc=-673 denc=0 sreq=0 sapplied=0 crate=0 uimp=0 upos=0 uneg=0 ball=117.49 vball=0.58 aball=0.0 bref=0.00 pid=0.0 pref=-522.0 ppos=-522.0 apid=0.0 integ=0.0 vision=1 current=1 vframe=36511 vs=1 vage=23 vpage=23 vdt=33 vmax=68111 vacc=33161 vrej=0 seq=0 elapsed=0 oled=3C
[    983] STATUS mode=1 fault=none enc=-673 denc=0 sreq=0 sapplied=0 crate=0 uimp=0 upos=0 uneg=0 ball=117.50 vball=0.43 aball=0.0 bref=0.00 pid=0.0 pref=-522.0 ppos=-522.0 apid=0.0 integ=0.0 vision=1 current=1 vframe=36512 vs=1 vage=30 vpage=30 vdt=33 vmax=68111 vacc=33162 vrej=0 seq=0 elapsed=0 oled=3C
[   1000] STATUS mode=1 fault=none enc=-673 denc=0 sreq=0 sapplied=0 crate=0 uimp=0 upos=0 uneg=0 ball=117.50 vball=0.21 aball=0.0 bref=0.00 pid=0.0 pref=-522.0 ppos=-522.0 apid=0.0 integ=0.0 vision=1 current=1 vframe=36513 vs=1 vage=17 vpage=17 vdt=33 vmax=68111 vacc=33163 vrej=0 seq=0 elapsed=0 oled=3C
[   1031] STATUS mode=1 fault=none enc=-673 denc=0 sreq=0 sapplied=0 crate=0 uimp=0 upos=0 uneg=0 ball=117.40 vball=-1.54 aball=0.0 bref=0.00 pid=0.0 pref=-522.0 ppos=-522.0 apid=0.0 integ=0.0 vision=1 current=1 vframe=36514 vs=1 vage=4 vpage=4 vdt=33 vmax=68111 vacc=33164 vrej=0 seq=0 elapsed=0 oled=3C
[   1061] STATUS mode=1 fault=none enc=-673 denc=0 sreq=0 sapplied=0 crate=0 uimp=0 upos=0 uneg=0 ball=117.40 vball=-1.54 aball=0.0 bref=0.00 pid=0.0 pref=-522.0 ppos=-522.0 apid=0.0 integ=0.0 vision=1 current=1 vframe=36514 vs=1 vage=24 vpage=24 vdt=33 vmax=68111 vacc=33164 vrej=0 seq=0 elapsed=0 oled=3C
[   1077] STATUS mode=1 fault=none enc=-673 denc=0 sreq=0 sapplied=0 crate=0 uimp=0 upos=0 uneg=0 ball=117.30 vball=-2.31 aball=0.0 bref=0.00 pid=0.0 pref=-522.0 ppos=-522.0 apid=0.0 integ=0.0 vision=1 current=1 vframe=36515 vs=1 vage=30 vpage=30 vdt=34 vmax=68111 vacc=33165 vrej=0 seq=0 elapsed=0 oled=3C
[   1108] STATUS mode=1 fault=none enc=-673 denc=0 sreq=0 sapplied=0 crate=0 uimp=0 upos=0 uneg=0 ball=117.33 vball=-0.67 aball=0.0 bref=0.00 pid=0.0 pref=-522.0 ppos=-522.0 apid=0.0 integ=0.0 vision=1 current=1 vframe=36516 vs=1 vage=17 vpage=17 vdt=33 vmax=68111 vacc=33166 vrej=0 seq=0 elapsed=0 oled=3C
[   1141] STATUS mode=1 fault=none enc=-673 denc=0 sreq=0 sapplied=0 crate=0 uimp=0 upos=0 uneg=0 ball=117.36 vball=0.03 aball=0.0 bref=0.00 pid=0.0 pref=-522.0 ppos=-522.0 apid=0.0 integ=0.0 vision=1 current=1 vframe=36517 vs=1 vage=4 vpage=4 vdt=33 vmax=68111 vacc=33167 vrej=0 seq=0 elapsed=0 oled=3C
[   1156] STATUS mode=1 fault=none enc=-673 denc=0 sreq=0 sapplied=0 crate=0 uimp=0 upos=0 uneg=0 ball=117.38 vball=0.39 aball=0.0 bref=0.00 pid=0.0 pref=-522.0 ppos=-522.0 apid=0.0 integ=0.0 vision=1 current=1 vframe=36518 vs=1 vage=10 vpage=10 vdt=34 vmax=68111 vacc=33168 vrej=0 seq=0 elapsed=0 oled=3C
[   1186] STATUS mode=1 fault=none enc=-673 denc=0 sreq=0 sapplied=0 crate=0 uimp=0 upos=0 uneg=0 ball=117.38 vball=0.39 aball=0.0 bref=0.00 pid=0.0 pref=-522.0 ppos=-522.0 apid=0.0 integ=0.0 vision=1 current=1 vframe=36518 vs=1 vage=30 vpage=30 vdt=34 vmax=68111 vacc=33168 vrej=0 seq=0 elapsed=0 oled=3C
[   1218] STATUS mode=1 fault=none enc=-673 denc=0 sreq=0 sapplied=0 crate=0 uimp=0 upos=0 uneg=0 ball=117.38 vball=0.29 aball=0.0 bref=0.00 pid=0.0 pref=-522.0 ppos=-522.0 apid=0.0 integ=0.0 vision=1 current=1 vframe=36519 vs=1 vage=17 vpage=17 vdt=33 vmax=68111 vacc=33169 vrej=0 seq=0 elapsed=0 oled=3C
[   1233] STATUS mode=1 fault=none enc=-673 denc=0 sreq=0 sapplied=0 crate=0 uimp=0 upos=0 uneg=0 ball=117.36 vball=-0.11 aball=0.0 bref=0.00 pid=0.0 pref=-522.0 ppos=-522.0 apid=0.0 integ=0.0 vision=1 current=1 vframe=36520 vs=1 vage=24 vpage=24 vdt=33 vmax=68111 vacc=33170 vrej=0 seq=0 elapsed=0 oled=3C
[   1266] STATUS mode=1 fault=none enc=-673 denc=0 sreq=0 sapplied=0 crate=0 uimp=0 upos=0 uneg=0 ball=117.36 vball=-0.09 aball=0.0 bref=0.00 pid=0.0 pref=-522.0 ppos=-522.0 apid=0.0 integ=0.0 vision=1 current=1 vframe=36521 vs=1 vage=11 vpage=11 vdt=33 vmax=68111 vacc=33171 vrej=0 seq=0 elapsed=0 oled=3C
[   1297] STATUS mode=1 fault=none enc=-673 denc=0 sreq=0 sapplied=0 crate=0 uimp=0 upos=0 uneg=0 ball=117.36 vball=-0.09 aball=0.0 bref=0.00 pid=0.0 pref=-522.0 ppos=-522.0 apid=0.0 integ=0.0 vision=1 current=1 vframe=36521 vs=1 vage=31 vpage=31 vdt=33 vmax=68111 vacc=33171 vrej=0 seq=0 elapsed=0 oled=3C
[   1311] STATUS mode=1 fault=none enc=-673 denc=0 sreq=0 sapplied=0 crate=0 uimp=0 upos=0 uneg=0 ball=117.38 vball=0.28 aball=0.0 bref=0.00 pid=0.0 pref=-522.0 ppos=-522.0 apid=0.0 integ=0.0 vision=1 current=1 vframe=36522 vs=1 vage=17 vpage=17 vdt=34 vmax=68111 vacc=33172 vrej=0 seq=0 elapsed=0 oled=3C
[   1343] STATUS mode=1 fault=none enc=-673 denc=0 sreq=0 sapplied=0 crate=0 uimp=0 upos=0 uneg=0 ball=117.37 vball=-0.12 aball=0.0 bref=0.00 pid=0.0 pref=-522.0 ppos=-522.0 apid=0.0 integ=0.0 vision=1 current=1 vframe=36523 vs=1 vage=25 vpage=25 vdt=32 vmax=68111 vacc=33173 vrej=0 seq=0 elapsed=0 oled=3C
[   1358] STATUS mode=1 fault=none enc=-673 denc=0 sreq=0 sapplied=0 crate=0 uimp=0 upos=0 uneg=0 ball=117.36 vball=-0.18 aball=0.0 bref=0.00 pid=0.0 pref=-522.0 ppos=-522.0 apid=0.0 integ=0.0 vision=1 current=1 vframe=36524 vs=1 vage=11 vpage=11 vdt=34 vmax=68111 vacc=33174 vrej=0 seq=0 elapsed=0 oled=3C
[   1391] STATUS mode=1 fault=none enc=-673 denc=0 sreq=0 sapplied=0 crate=0 uimp=0 upos=0 uneg=0 ball=117.36 vball=-0.18 aball=0.0 bref=0.00 pid=0.0 pref=-522.0 ppos=-522.0 apid=0.0 integ=0.0 vision=1 current=1 vframe=36524 vs=1 vage=31 vpage=31 vdt=34 vmax=68111 vacc=33174 vrej=0 seq=0 elapsed=0 oled=3C
[   1422] STATUS mode=1 fault=none enc=-673 denc=0 sreq=0 sapplied=0 crate=0 uimp=0 upos=0 uneg=0 ball=117.36 vball=-0.08 aball=0.0 bref=0.00 pid=0.0 pref=-522.0 ppos=-522.0 apid=0.0 integ=0.0 vision=1 current=1 vframe=36526 vs=1 vage=3 vpage=3 vdt=35 vmax=68111 vacc=33176 vrej=0 seq=0 elapsed=0 oled=3C
[   1436] STATUS mode=1 fault=none enc=-673 denc=0 sreq=0 sapplied=0 crate=0 uimp=0 upos=0 uneg=0 ball=117.36 vball=-0.08 aball=0.0 bref=0.00 pid=0.0 pref=-522.0 ppos=-522.0 apid=0.0 integ=0.0 vision=1 current=1 vframe=36526 vs=1 vage=23 vpage=23 vdt=35 vmax=68111 vacc=33176 vrej=0 seq=0 elapsed=0 oled=3C
[   1468] STATUS mode=1 fault=none enc=-673 denc=0 sreq=0 sapplied=0 crate=0 uimp=0 upos=0 uneg=0 ball=117.36 vball=-0.05 aball=0.0 bref=0.00 pid=0.0 pref=-522.0 ppos=-522.0 apid=0.0 integ=0.0 vision=1 current=1 vframe=36527 vs=1 vage=10 vpage=10 vdt=33 vmax=68111 vacc=33177 vrej=0 seq=0 elapsed=0 oled=3C
[   1500] STATUS mode=1 fault=none enc=-673 denc=0 sreq=0 sapplied=0 crate=0 uimp=0 upos=0 uneg=0 ball=117.36 vball=-0.05 aball=0.0 bref=0.00 pid=0.0 pref=-522.0 ppos=-522.0 apid=0.0 integ=0.0 vision=1 current=1 vframe=36527 vs=1 vage=30 vpage=30 vdt=33 vmax=68111 vacc=33177 vrej=0 seq=0 elapsed=0 oled=3C
[   1516] STATUS mode=1 fault=none enc=-673 denc=0 sreq=0 sapplied=0 crate=0 uimp=0 upos=0 uneg=0 ball=117.36 vball=0.01 aball=0.0 bref=0.00 pid=0.0 pref=-522.0 ppos=-522.0 apid=0.0 integ=0.0 vision=1 current=1 vframe=36529 vs=1 vage=4 vpage=4 vdt=34 vmax=68111 vacc=33179 vrej=0 seq=0 elapsed=0 oled=3C
[   1547] STATUS mode=1 fault=none enc=-673 denc=0 sreq=0 sapplied=0 crate=0 uimp=0 upos=0 uneg=0 ball=117.36 vball=0.01 aball=0.0 bref=0.00 pid=0.0 pref=-522.0 ppos=-522.0 apid=0.0 integ=0.0 vision=1 current=1 vframe=36529 vs=1 vage=24 vpage=24 vdt=34 vmax=68111 vacc=33179 vrej=0 seq=0 elapsed=0 oled=3C
[   1577] STATUS mode=1 fault=none enc=-673 denc=0 sreq=0 sapplied=0 crate=0 uimp=0 upos=0 uneg=0 ball=117.36 vball=0.01 aball=0.0 bref=0.00 pid=0.0 pref=-522.0 ppos=-522.0 apid=0.0 integ=0.0 vision=1 current=1 vframe=36530 vs=1 vage=11 vpage=11 vdt=33 vmax=68111 vacc=33180 vrej=0 seq=0 elapsed=0 oled=3C
[   1593] STATUS mode=1 fault=none enc=-673 denc=0 sreq=0 sapplied=0 crate=0 uimp=0 upos=0 uneg=0 ball=117.36 vball=0.01 aball=0.0 bref=0.00 pid=0.0 pref=-522.0 ppos=-522.0 apid=0.0 integ=0.0 vision=1 current=1 vframe=36531 vs=1 vage=18 vpage=18 vdt=33 vmax=68111 vacc=33181 vrej=0 seq=0 elapsed=0 oled=3C
[   1625] STATUS mode=1 fault=none enc=-673 denc=0 sreq=0 sapplied=0 crate=0 uimp=0 upos=0 uneg=0 ball=117.36 vball=0.00 aball=0.0 bref=0.00 pid=0.0 pref=-522.0 ppos=-522.0 apid=0.0 integ=0.0 vision=1 current=1 vframe=36532 vs=1 vage=3 vpage=3 vdt=35 vmax=68111 vacc=33182 vrej=0 seq=0 elapsed=0 oled=3C
[   1656] STATUS mode=1 fault=none enc=-673 denc=0 sreq=0 sapplied=0 crate=0 uimp=0 upos=0 uneg=0 ball=117.36 vball=0.00 aball=0.0 bref=0.00 pid=0.0 pref=-522.0 ppos=-522.0 apid=0.0 integ=0.0 vision=1 current=1 vframe=36532 vs=1 vage=23 vpage=23 vdt=35 vmax=68111 vacc=33182 vrej=0 seq=0 elapsed=0 oled=3C
[   1672] STATUS mode=1 fault=none enc=-673 denc=0 sreq=0 sapplied=0 crate=0 uimp=0 upos=0 uneg=0 ball=117.36 vball=0.00 aball=0.0 bref=0.00 pid=0.0 pref=-522.0 ppos=-522.0 apid=0.0 integ=0.0 vision=1 current=1 vframe=36533 vs=1 vage=11 vpage=11 vdt=32 vmax=68111 vacc=33183 vrej=0 seq=0 elapsed=0 oled=3C
[   1702] STATUS mode=1 fault=none enc=-673 denc=0 sreq=0 sapplied=0 crate=0 uimp=0 upos=0 uneg=0 ball=117.36 vball=0.00 aball=0.0 bref=0.00 pid=0.0 pref=-522.0 ppos=-522.0 apid=0.0 integ=0.0 vision=1 current=1 vframe=36534 vs=1 vage=18 vpage=18 vdt=33 vmax=68111 vacc=33184 vrej=0 seq=0 elapsed=0 oled=3C
[   1733] STATUS mode=1 fault=none enc=-673 denc=0 sreq=0 sapplied=0 crate=0 uimp=0 upos=0 uneg=0 ball=117.33 vball=-0.33 aball=0.0 bref=0.00 pid=0.0 pref=-522.0 ppos=-522.0 apid=0.0 integ=0.0 vision=1 current=1 vframe=36535 vs=1 vage=3 vpage=3 vdt=35 vmax=68111 vacc=33185 vrej=0 seq=0 elapsed=0 oled=3C
[   1750] STATUS mode=1 fault=none enc=-673 denc=0 sreq=0 sapplied=0 crate=0 uimp=0 upos=0 uneg=0 ball=117.33 vball=-0.33 aball=0.0 bref=0.00 pid=0.0 pref=-522.0 ppos=-522.0 apid=0.0 integ=0.0 vision=1 current=1 vframe=36535 vs=1 vage=23 vpage=23 vdt=35 vmax=68111 vacc=33185 vrej=0 seq=0 elapsed=0 oled=3C
[   1781] STATUS mode=1 fault=none enc=-673 denc=0 sreq=0 sapplied=0 crate=0 uimp=0 upos=0 uneg=0 ball=117.33 vball=-0.19 aball=0.0 bref=0.00 pid=0.0 pref=-522.0 ppos=-522.0 apid=0.0 integ=0.0 vision=1 current=1 vframe=36536 vs=1 vage=32 vpage=32 vdt=31 vmax=68111 vacc=33186 vrej=0 seq=0 elapsed=0 oled=3C
[   1811] STATUS mode=1 fault=none enc=-673 denc=0 sreq=0 sapplied=0 crate=0 uimp=0 upos=0 uneg=0 ball=117.33 vball=-0.09 aball=0.0 bref=0.00 pid=0.0 pref=-522.0 ppos=-522.0 apid=0.0 integ=0.0 vision=1 current=1 vframe=36537 vs=1 vage=17 vpage=17 vdt=35 vmax=68111 vacc=33187 vrej=0 seq=0 elapsed=0 oled=3C
[   1827] STATUS mode=1 fault=none enc=-673 denc=0 sreq=0 sapplied=0 crate=0 uimp=0 upos=0 uneg=0 ball=117.33 vball=-0.04 aball=0.0 bref=0.00 pid=0.0 pref=-522.0 ppos=-522.0 apid=0.0 integ=0.0 vision=1 current=1 vframe=36538 vs=1 vage=4 vpage=4 vdt=33 vmax=68111 vacc=33188 vrej=0 seq=0 elapsed=0 oled=3C
[   1858] STATUS mode=1 fault=none enc=-673 denc=0 sreq=0 sapplied=0 crate=0 uimp=0 upos=0 uneg=0 ball=117.33 vball=-0.04 aball=0.0 bref=0.00 pid=0.0 pref=-522.0 ppos=-522.0 apid=0.0 integ=0.0 vision=1 current=1 vframe=36538 vs=1 vage=24 vpage=24 vdt=33 vmax=68111 vacc=33188 vrej=0 seq=0 elapsed=0 oled=3C
[   1875] STATUS mode=1 fault=none enc=-673 denc=0 sreq=0 sapplied=0 crate=0 uimp=0 upos=0 uneg=0 ball=117.33 vball=-0.04 aball=0.0 bref=0.00 pid=0.0 pref=-522.0 ppos=-522.0 apid=0.0 integ=0.0 vision=1 current=1 vframe=36538 vs=1 vage=64 vpage=64 vdt=33 vmax=68111 vacc=33188 vrej=0 seq=0 elapsed=0 oled=3C
[   1906] STATUS mode=1 fault=none enc=-673 denc=0 sreq=0 sapplied=0 crate=0 uimp=0 upos=0 uneg=0 ball=117.33 vball=-0.02 aball=0.0 bref=0.00 pid=0.0 pref=-522.0 ppos=-522.0 apid=0.0 integ=0.0 vision=1 current=1 vframe=36539 vs=1 vage=7 vpage=7 vdt=77 vmax=68111 vacc=33189 vrej=0 seq=0 elapsed=0 oled=3C
[   1936] STATUS mode=1 fault=none enc=-673 denc=0 sreq=0 sapplied=0 crate=0 uimp=0 upos=0 uneg=0 ball=117.33 vball=-0.02 aball=0.0 bref=0.00 pid=0.0 pref=-522.0 ppos=-522.0 apid=0.0 integ=0.0 vision=1 current=1 vframe=36539 vs=1 vage=27 vpage=27 vdt=77 vmax=68111 vacc=33189 vrej=0 seq=0 elapsed=0 oled=3C
[   1952] STATUS mode=1 fault=none enc=-673 denc=0 sreq=0 sapplied=0 crate=0 uimp=0 upos=0 uneg=0 ball=117.33 vball=-0.01 aball=0.0 bref=0.00 pid=0.0 pref=-522.0 ppos=-522.0 apid=0.0 integ=0.0 vision=1 current=1 vframe=36541 vs=1 vage=1 vpage=1 vdt=30 vmax=68111 vacc=33191 vrej=0 seq=0 elapsed=0 oled=3C
[   1983] STATUS mode=1 fault=none enc=-673 denc=0 sreq=0 sapplied=0 crate=0 uimp=0 upos=0 uneg=0 ball=117.30 vball=-0.31 aball=0.0 bref=0.00 pid=0.0 pref=-522.0 ppos=-522.0 apid=0.0 integ=0.0 vision=1 current=1 vframe=36542 vs=1 vage=12 vpage=12 vdt=9 vmax=68111 vacc=33192 vrej=0 seq=0 elapsed=0 oled=3C
[   2016] STATUS mode=1 fault=none enc=-673 denc=0 sreq=0 sapplied=0 crate=0 uimp=0 upos=0 uneg=0 ball=117.29 vball=-0.38 aball=0.0 bref=0.00 pid=0.0 pref=-522.0 ppos=-522.0 apid=0.0 integ=0.0 vision=1 current=1 vframe=36543 vs=1 vage=1 vpage=1 vdt=31 vmax=68111 vacc=33193 vrej=0 seq=0 elapsed=0 oled=3C
[   2031] STATUS mode=1 fault=none enc=-673 denc=0 sreq=0 sapplied=0 crate=0 uimp=0 upos=0 uneg=0 ball=117.28 vball=-0.20 aball=0.0 bref=0.00 pid=0.0 pref=-522.0 ppos=-522.0 apid=0.0 integ=0.0 vision=1 current=1 vframe=36544 vs=1 vage=8 vpage=8 vdt=33 vmax=68111 vacc=33194 vrej=0 seq=0 elapsed=0 oled=3C
[   2061] STATUS mode=1 fault=none enc=-673 denc=0 sreq=0 sapplied=0 crate=0 uimp=0 upos=0 uneg=0 ball=117.28 vball=-0.20 aball=0.0 bref=0.00 pid=0.0 pref=-522.0 ppos=-522.0 apid=0.0 integ=0.0 vision=1 current=1 vframe=36544 vs=1 vage=28 vpage=28 vdt=33 vmax=68111 vacc=33194 vrej=0 seq=0 elapsed=0 oled=3C
[   2093] STATUS mode=1 fault=none enc=-673 denc=0 sreq=0 sapplied=0 crate=0 uimp=0 upos=0 uneg=0 ball=117.29 vball=-0.09 aball=0.0 bref=0.00 pid=0.0 pref=-522.0 ppos=-522.0 apid=0.0 integ=0.0 vision=1 current=1 vframe=36545 vs=1 vage=14 vpage=14 vdt=34 vmax=68111 vacc=33195 vrej=0 seq=0 elapsed=0 oled=3C
[   2108] STATUS mode=1 fault=none enc=-673 denc=0 sreq=0 sapplied=0 crate=0 uimp=0 upos=0 uneg=0 ball=117.36 vball=0.89 aball=0.0 bref=0.00 pid=0.0 pref=-522.0 ppos=-522.0 apid=0.0 integ=0.0 vision=1 current=1 vframe=36546 vs=1 vage=1 vpage=1 vdt=33 vmax=68111 vacc=33196 vrej=0 seq=0 elapsed=0 oled=3C
[   2141] STATUS mode=1 fault=none enc=-673 denc=0 sreq=0 sapplied=0 crate=0 uimp=0 upos=0 uneg=0 ball=117.36 vball=0.55 aball=0.0 bref=0.00 pid=0.0 pref=-522.0 ppos=-522.0 apid=0.0 integ=0.0 vision=1 current=1 vframe=36547 vs=1 vage=7 vpage=7 vdt=34 vmax=68111 vacc=33197 vrej=0 seq=0 elapsed=0 oled=3C
[   2172] STATUS mode=1 fault=none enc=-673 denc=0 sreq=0 sapplied=0 crate=0 uimp=0 upos=0 uneg=0 ball=117.36 vball=0.55 aball=0.0 bref=0.00 pid=0.0 pref=-522.0 ppos=-522.0 apid=0.0 integ=0.0 vision=1 current=1 vframe=36547 vs=1 vage=27 vpage=27 vdt=34 vmax=68111 vacc=33197 vrej=0 seq=0 elapsed=0 oled=3C
[   2186] STATUS mode=1 fault=none enc=-673 denc=0 sreq=0 sapplied=0 crate=0 uimp=0 upos=0 uneg=0 ball=117.00 vball=-4.70 aball=0.0 bref=0.00 pid=0.0 pref=-522.0 ppos=-522.0 apid=0.0 integ=0.0 vision=1 current=1 vframe=36548 vs=1 vage=14 vpage=14 vdt=33 vmax=68111 vacc=33198 vrej=0 seq=0 elapsed=0 oled=3C
[   2218] STATUS mode=1 fault=none enc=-673 denc=0 sreq=0 sapplied=0 crate=0 uimp=0 upos=0 uneg=0 ball=116.96 vball=-3.00 aball=0.0 bref=0.00 pid=0.0 pref=-522.0 ppos=-522.0 apid=0.0 integ=0.0 vision=1 current=1 vframe=36549 vs=1 vage=20 vpage=20 vdt=34 vmax=68111 vacc=33199 vrej=0 seq=0 elapsed=0 oled=3C
[   2250] STATUS mode=1 fault=none enc=-673 denc=0 sreq=0 sapplied=0 crate=0 uimp=0 upos=0 uneg=0 ball=116.97 vball=-1.46 aball=0.0 bref=0.00 pid=0.0 pref=-522.0 ppos=-522.0 apid=0.0 integ=0.0 vision=1 current=1 vframe=36550 vs=1 vage=7 vpage=7 vdt=33 vmax=68111 vacc=33200 vrej=0 seq=0 elapsed=0 oled=3C
[   2266] STATUS mode=1 fault=none enc=-673 denc=0 sreq=0 sapplied=0 crate=0 uimp=0 upos=0 uneg=0 ball=116.97 vball=-1.46 aball=0.0 bref=0.00 pid=0.0 pref=-522.0 ppos=-522.0 apid=0.0 integ=0.0 vision=1 current=1 vframe=36550 vs=1 vage=27 vpage=27 vdt=33 vmax=68111 vacc=33200 vrej=0 seq=0 elapsed=0 oled=3C
[   2297] STATUS mode=1 fault=none enc=-673 denc=0 sreq=0 sapplied=0 crate=0 uimp=0 upos=0 uneg=0 ball=116.94 vball=-1.11 aball=0.0 bref=0.00 pid=0.0 pref=-522.0 ppos=-522.0 apid=0.0 integ=0.0 vision=1 current=1 vframe=36551 vs=1 vage=14 vpage=14 vdt=33 vmax=68111 vacc=33201 vrej=0 seq=0 elapsed=0 oled=3C
[   2327] STATUS mode=1 fault=none enc=-673 denc=0 sreq=0 sapplied=0 crate=0 uimp=0 upos=0 uneg=0 ball=117.02 vball=-0.55 aball=0.0 bref=0.00 pid=0.0 pref=-522.0 ppos=-522.0 apid=0.0 integ=0.0 vision=1 current=1 vframe=36552 vs=1 vage=20 vpage=20 vdt=34 vmax=68111 vacc=33202 vrej=0 seq=0 elapsed=0 oled=3C
[   2343] STATUS mode=1 fault=none enc=-673 denc=0 sreq=0 sapplied=0 crate=0 uimp=0 upos=0 uneg=0 ball=117.28 vball=3.02 aball=0.0 bref=0.00 pid=0.0 pref=-522.0 ppos=-522.0 apid=0.0 integ=0.0 vision=1 current=1 vframe=36553 vs=1 vage=8 vpage=8 vdt=32 vmax=68111 vacc=33203 vrej=0 seq=0 elapsed=0 oled=3C
[   2375] STATUS mode=1 fault=none enc=-673 denc=0 sreq=0 sapplied=0 crate=0 uimp=0 upos=0 uneg=0 ball=117.28 vball=3.02 aball=0.0 bref=0.00 pid=0.0 pref=-522.0 ppos=-522.0 apid=0.0 integ=0.0 vision=1 current=1 vframe=36553 vs=1 vage=28 vpage=28 vdt=32 vmax=68111 vacc=33203 vrej=0 seq=0 elapsed=0 oled=3C
[   2391] STATUS mode=1 fault=none enc=-673 denc=0 sreq=0 sapplied=0 crate=0 uimp=0 upos=0 uneg=0 ball=117.30 vball=0.90 aball=0.0 bref=0.00 pid=0.0 pref=-522.0 ppos=-522.0 apid=0.0 integ=0.0 vision=1 current=1 vframe=36555 vs=1 vage=1 vpage=1 vdt=33 vmax=68111 vacc=33205 vrej=0 seq=0 elapsed=0 oled=3C
[   2422] STATUS mode=1 fault=none enc=-673 denc=0 sreq=0 sapplied=0 crate=0 uimp=0 upos=0 uneg=0 ball=117.30 vball=0.90 aball=0.0 bref=0.00 pid=0.0 pref=-522.0 ppos=-522.0 apid=0.0 integ=0.0 vision=1 current=1 vframe=36555 vs=1 vage=21 vpage=21 vdt=33 vmax=68111 vacc=33205 vrej=0 seq=0 elapsed=0 oled=3C
[   2452] STATUS mode=1 fault=none enc=-673 denc=0 sreq=0 sapplied=0 crate=0 uimp=0 upos=0 uneg=0 ball=117.29 vball=0.40 aball=0.0 bref=0.00 pid=0.0 pref=-522.0 ppos=-522.0 apid=0.0 integ=0.0 vision=1 current=1 vframe=36556 vs=1 vage=7 vpage=7 vdt=34 vmax=68111 vacc=33206 vrej=0 seq=0 elapsed=0 oled=3C
[   2468] STATUS mode=1 fault=none enc=-673 denc=0 sreq=0 sapplied=0 crate=0 uimp=0 upos=0 uneg=0 ball=117.29 vball=0.40 aball=0.0 bref=0.00 pid=0.0 pref=-522.0 ppos=-522.0 apid=0.0 integ=0.0 vision=1 current=1 vframe=36556 vs=1 vage=27 vpage=27 vdt=34 vmax=68111 vacc=33206 vrej=0 seq=0 elapsed=0 oled=3C
[   2500] STATUS mode=1 fault=none enc=-673 denc=0 sreq=0 sapplied=0 crate=0 uimp=0 upos=0 uneg=0 ball=117.29 vball=0.07 aball=0.0 bref=0.00 pid=0.0 pref=-522.0 ppos=-522.0 apid=0.0 integ=0.0 vision=1 current=1 vframe=36558 vs=1 vage=1 vpage=1 vdt=34 vmax=68111 vacc=33208 vrej=0 seq=0 elapsed=0 oled=3C
[   2531] STATUS mode=1 fault=none enc=-673 denc=0 sreq=0 sapplied=0 crate=0 uimp=0 upos=0 uneg=0 ball=117.29 vball=0.07 aball=0.0 bref=0.00 pid=0.0 pref=-522.0 ppos=-522.0 apid=0.0 integ=0.0 vision=1 current=1 vframe=36558 vs=1 vage=21 vpage=21 vdt=34 vmax=68111 vacc=33208 vrej=0 seq=0 elapsed=0 oled=3C
[   2547] STATUS mode=1 fault=none enc=-673 denc=0 sreq=0 sapplied=0 crate=0 uimp=0 upos=0 uneg=0 ball=116.95 vball=-4.35 aball=0.0 bref=0.00 pid=0.0 pref=-522.0 ppos=-522.0 apid=0.0 integ=0.0 vision=1 current=1 vframe=36559 vs=1 vage=7 vpage=7 vdt=34 vmax=68111 vacc=33209 vrej=0 seq=0 elapsed=0 oled=3C
[   2577] STATUS mode=1 fault=none enc=-673 denc=0 sreq=0 sapplied=0 crate=0 uimp=0 upos=0 uneg=0 ball=117.26 vball=1.92 aball=0.0 bref=0.00 pid=0.0 pref=-522.0 ppos=-522.0 apid=0.0 integ=0.0 vision=1 current=1 vframe=36560 vs=1 vage=15 vpage=15 vdt=32 vmax=68111 vacc=33210 vrej=0 seq=0 elapsed=0 oled=3C
[   2608] STATUS mode=1 fault=none enc=-673 denc=0 sreq=0 sapplied=0 crate=0 uimp=0 upos=0 uneg=0 ball=117.30 vball=1.48 aball=0.0 bref=0.00 pid=0.0 pref=-522.0 ppos=-522.0 apid=0.0 integ=0.0 vision=1 current=1 vframe=36561 vs=1 vage=1 vpage=1 vdt=34 vmax=68111 vacc=33211 vrej=0 seq=0 elapsed=0 oled=3C
[   2625] STATUS mode=1 fault=none enc=-673 denc=0 sreq=0 sapplied=0 crate=0 uimp=0 upos=0 uneg=0 ball=117.30 vball=1.48 aball=0.0 bref=0.00 pid=0.0 pref=-522.0 ppos=-522.0 apid=0.0 integ=0.0 vision=1 current=1 vframe=36561 vs=1 vage=21 vpage=21 vdt=34 vmax=68111 vacc=33211 vrej=0 seq=0 elapsed=0 oled=3C
[   2656] STATUS mode=1 fault=none enc=-673 denc=0 sreq=0 sapplied=0 crate=0 uimp=0 upos=0 uneg=0 ball=117.29 vball=0.76 aball=0.0 bref=0.00 pid=0.0 pref=-522.0 ppos=-522.0 apid=0.0 integ=0.0 vision=1 current=1 vframe=36562 vs=1 vage=8 vpage=8 vdt=33 vmax=68111 vacc=33212 vrej=0 seq=0 elapsed=0 oled=3C
[   2686] STATUS mode=1 fault=none enc=-673 denc=0 sreq=0 sapplied=0 crate=0 uimp=0 upos=0 uneg=0 ball=117.30 vball=0.38 aball=0.0 bref=0.00 pid=0.0 pref=-522.0 ppos=-522.0 apid=0.0 integ=0.0 vision=1 current=1 vframe=36563 vs=1 vage=15 vpage=15 vdt=33 vmax=68111 vacc=33213 vrej=0 seq=0 elapsed=0 oled=3C
[   2702] STATUS mode=1 fault=none enc=-673 denc=0 sreq=0 sapplied=0 crate=0 uimp=0 upos=0 uneg=0 ball=117.29 vball=0.08 aball=0.0 bref=0.00 pid=0.0 pref=-522.0 ppos=-522.0 apid=0.0 integ=0.0 vision=1 current=1 vframe=36564 vs=1 vage=2 vpage=2 vdt=33 vmax=68111 vacc=33214 vrej=0 seq=0 elapsed=0 oled=3C
[   2733] STATUS mode=1 fault=none enc=-673 denc=0 sreq=0 sapplied=0 crate=0 uimp=0 upos=0 uneg=0 ball=117.29 vball=0.08 aball=0.0 bref=0.00 pid=0.0 pref=-522.0 ppos=-522.0 apid=0.0 integ=0.0 vision=1 current=1 vframe=36564 vs=1 vage=22 vpage=22 vdt=33 vmax=68111 vacc=33214 vrej=0 seq=0 elapsed=0 oled=3C
[   2766] STATUS mode=1 fault=none enc=-673 denc=0 sreq=0 sapplied=0 crate=0 uimp=0 upos=0 uneg=0 ball=117.31 vball=0.37 aball=0.0 bref=0.00 pid=0.0 pref=-522.0 ppos=-522.0 apid=0.0 integ=0.0 vision=1 current=1 vframe=36565 vs=1 vage=28 vpage=28 vdt=34 vmax=68111 vacc=33215 vrej=0 seq=0 elapsed=0 oled=3C
[   2781] STATUS mode=1 fault=none enc=-673 denc=0 sreq=0 sapplied=0 crate=0 uimp=0 upos=0 uneg=0 ball=117.30 vball=-0.04 aball=0.0 bref=0.00 pid=0.0 pref=-522.0 ppos=-522.0 apid=0.0 integ=0.0 vision=1 current=1 vframe=36566 vs=1 vage=15 vpage=15 vdt=33 vmax=68111 vacc=33216 vrej=0 seq=0 elapsed=0 oled=3C
[   2811] STATUS mode=1 fault=none enc=-673 denc=0 sreq=0 sapplied=0 crate=0 uimp=0 upos=0 uneg=0 ball=117.30 vball=-0.05 aball=0.0 bref=0.00 pid=0.0 pref=-522.0 ppos=-522.0 apid=0.0 integ=0.0 vision=1 current=1 vframe=36567 vs=1 vage=2 vpage=2 vdt=33 vmax=68111 vacc=33217 vrej=0 seq=0 elapsed=0 oled=3C
[   2827] STATUS mode=1 fault=none enc=-673 denc=0 sreq=0 sapplied=0 crate=0 uimp=0 upos=0 uneg=0 ball=117.30 vball=-0.05 aball=0.0 bref=0.00 pid=0.0 pref=-522.0 ppos=-522.0 apid=0.0 integ=0.0 vision=1 current=1 vframe=36567 vs=1 vage=22 vpage=22 vdt=33 vmax=68111 vacc=33217 vrej=0 seq=0 elapsed=0 oled=3C
[   2858] STATUS mode=1 fault=none enc=-673 denc=0 sreq=0 sapplied=0 crate=0 uimp=0 upos=0 uneg=0 ball=117.30 vball=-0.03 aball=0.0 bref=0.00 pid=0.0 pref=-522.0 ppos=-522.0 apid=0.0 integ=0.0 vision=1 current=1 vframe=36568 vs=1 vage=28 vpage=28 vdt=34 vmax=68111 vacc=33218 vrej=0 seq=0 elapsed=0 oled=3C
[   2891] STATUS mode=1 fault=none enc=-673 denc=0 sreq=0 sapplied=0 crate=0 uimp=0 upos=0 uneg=0 ball=117.32 vball=0.36 aball=0.0 bref=0.00 pid=0.0 pref=-522.0 ppos=-522.0 apid=0.0 integ=0.0 vision=1 current=1 vframe=36569 vs=1 vage=15 vpage=15 vdt=33 vmax=68111 vacc=33219 vrej=0 seq=0 elapsed=0 oled=3C
[   2906] STATUS mode=1 fault=none enc=-673 denc=0 sreq=0 sapplied=0 crate=0 uimp=0 upos=0 uneg=0 ball=117.30 vball=-0.14 aball=0.0 bref=0.00 pid=0.0 pref=-522.0 ppos=-522.0 apid=0.0 integ=0.0 vision=1 current=1 vframe=36570 vs=1 vage=2 vpage=2 vdt=33 vmax=68111 vacc=33220 vrej=0 seq=0 elapsed=0 oled=3C
[   2936] STATUS mode=1 fault=none enc=-673 denc=0 sreq=0 sapplied=0 crate=0 uimp=0 upos=0 uneg=0 ball=117.28 vball=-0.39 aball=0.0 bref=0.00 pid=0.0 pref=-522.0 ppos=-522.0 apid=0.0 integ=0.0 vision=1 current=1 vframe=36571 vs=1 vage=8 vpage=8 vdt=34 vmax=68111 vacc=33221 vrej=0 seq=0 elapsed=0 oled=3C
[   2968] STATUS mode=1 fault=none enc=-673 denc=0 sreq=0 sapplied=0 crate=0 uimp=0 upos=0 uneg=0 ball=117.28 vball=-0.39 aball=0.0 bref=0.00 pid=0.0 pref=-522.0 ppos=-522.0 apid=0.0 integ=0.0 vision=1 current=1 vframe=36571 vs=1 vage=28 vpage=28 vdt=34 vmax=68111 vacc=33221 vrej=0 seq=0 elapsed=0 oled=3C
[   2983] STATUS mode=1 fault=none enc=-673 denc=0 sreq=0 sapplied=0 crate=0 uimp=0 upos=0 uneg=0 ball=117.01 vball=-4.49 aball=0.0 bref=0.00 pid=0.0 pref=-522.0 ppos=-522.0 apid=0.0 integ=0.0 vision=1 current=1 vframe=36572 vs=1 vage=15 vpage=15 vdt=33 vmax=68111 vacc=33222 vrej=0 seq=0 elapsed=0 oled=3C
[   3016] STATUS mode=1 fault=none enc=-673 denc=0 sreq=0 sapplied=0 crate=0 uimp=0 upos=0 uneg=0 ball=116.89 vball=-3.95 aball=0.0 bref=0.00 pid=0.0 pref=-522.0 ppos=-522.0 apid=0.0 integ=0.0 vision=1 current=1 vframe=36573 vs=1 vage=1 vpage=1 vdt=34 vmax=68111 vacc=33223 vrej=0 seq=0 elapsed=0 oled=3C
[   3047] STATUS mode=1 fault=none enc=-673 denc=0 sreq=0 sapplied=0 crate=0 uimp=0 upos=0 uneg=0 ball=116.89 vball=-2.02 aball=0.0 bref=0.00 pid=0.0 pref=-522.0 ppos=-522.0 apid=0.0 integ=0.0 vision=1 current=1 vframe=36574 vs=1 vage=8 vpage=8 vdt=33 vmax=68111 vacc=33224 vrej=0 seq=0 elapsed=0 oled=3C
[   3061] STATUS mode=1 fault=none enc=-673 denc=0 sreq=0 sapplied=0 crate=0 uimp=0 upos=0 uneg=0 ball=116.89 vball=-2.02 aball=0.0 bref=0.00 pid=0.0 pref=-522.0 ppos=-522.0 apid=0.0 integ=0.0 vision=1 current=1 vframe=36574 vs=1 vage=28 vpage=28 vdt=33 vmax=68111 vacc=33224 vrej=0 seq=0 elapsed=0 oled=3C
[   3093] STATUS mode=1 fault=none enc=-673 denc=0 sreq=0 sapplied=0 crate=0 uimp=0 upos=0 uneg=0 ball=116.90 vball=-0.94 aball=0.0 bref=0.00 pid=0.0 pref=-522.0 ppos=-522.0 apid=0.0 integ=0.0 vision=1 current=1 vframe=36575 vs=1 vage=14 vpage=14 vdt=34 vmax=68111 vacc=33225 vrej=0 seq=0 elapsed=0 oled=3C
[   3125] STATUS mode=1 fault=none enc=-673 denc=0 sreq=0 sapplied=0 crate=0 uimp=0 upos=0 uneg=0 ball=116.90 vball=-0.41 aball=0.0 bref=0.00 pid=0.0 pref=-522.0 ppos=-522.0 apid=0.0 integ=0.0 vision=1 current=1 vframe=36576 vs=1 vage=21 vpage=21 vdt=33 vmax=68111 vacc=33226 vrej=0 seq=0 elapsed=0 oled=3C
[   3141] STATUS mode=1 fault=none enc=-673 denc=0 sreq=0 sapplied=0 crate=0 uimp=0 upos=0 uneg=0 ball=116.91 vball=-0.18 aball=0.0 bref=0.00 pid=0.0 pref=-522.0 ppos=-522.0 apid=0.0 integ=0.0 vision=1 current=1 vframe=36577 vs=1 vage=6 vpage=6 vdt=35 vmax=68111 vacc=33227 vrej=0 seq=0 elapsed=0 oled=3C
[   3172] STATUS mode=1 fault=none enc=-673 denc=0 sreq=0 sapplied=0 crate=0 uimp=0 upos=0 uneg=0 ball=116.91 vball=-0.18 aball=0.0 bref=0.00 pid=0.0 pref=-522.0 ppos=-522.0 apid=0.0 integ=0.0 vision=1 current=1 vframe=36577 vs=1 vage=26 vpage=26 vdt=35 vmax=68111 vacc=33227 vrej=0 seq=0 elapsed=0 oled=3C
[   3202] STATUS mode=1 fault=none enc=-673 denc=0 sreq=0 sapplied=0 crate=0 uimp=0 upos=0 uneg=0 ball=116.91 vball=-0.03 aball=0.0 bref=0.00 pid=0.0 pref=-522.0 ppos=-522.0 apid=0.0 integ=0.0 vision=1 current=1 vframe=36578 vs=1 vage=15 vpage=15 vdt=31 vmax=68111 vacc=33228 vrej=0 seq=0 elapsed=0 oled=3C
[   3218] STATUS mode=1 fault=none enc=-673 denc=0 sreq=0 sapplied=0 crate=0 uimp=0 upos=0 uneg=0 ball=116.91 vball=-0.03 aball=0.0 bref=0.00 pid=0.0 pref=-522.0 ppos=-522.0 apid=0.0 integ=0.0 vision=1 current=1 vframe=36579 vs=1 vage=21 vpage=21 vdt=34 vmax=68111 vacc=33229 vrej=0 seq=0 elapsed=0 oled=3C
[   3250] STATUS mode=1 fault=none enc=-673 denc=0 sreq=0 sapplied=0 crate=0 uimp=0 upos=0 uneg=0 ball=116.91 vball=-0.01 aball=0.0 bref=0.00 pid=0.0 pref=-522.0 ppos=-522.0 apid=0.0 integ=0.0 vision=1 current=1 vframe=36580 vs=1 vage=8 vpage=8 vdt=33 vmax=68111 vacc=33230 vrej=0 seq=0 elapsed=0 oled=3C
[   3281] STATUS mode=1 fault=none enc=-673 denc=0 sreq=0 sapplied=0 crate=0 uimp=0 upos=0 uneg=0 ball=116.91 vball=-0.01 aball=0.0 bref=0.00 pid=0.0 pref=-522.0 ppos=-522.0 apid=0.0 integ=0.0 vision=1 current=1 vframe=36580 vs=1 vage=28 vpage=28 vdt=33 vmax=68111 vacc=33230 vrej=0 seq=0 elapsed=0 oled=3C
[   3297] STATUS mode=1 fault=none enc=-673 denc=0 sreq=0 sapplied=0 crate=0 uimp=0 upos=0 uneg=0 ball=117.27 vball=4.42 aball=0.0 bref=0.00 pid=0.0 pref=-522.0 ppos=-522.0 apid=0.0 integ=0.0 vision=1 current=1 vframe=36582 vs=1 vage=1 vpage=1 vdt=34 vmax=68111 vacc=33232 vrej=0 seq=0 elapsed=0 oled=3C
[   3327] STATUS mode=1 fault=none enc=-673 denc=0 sreq=0 sapplied=0 crate=0 uimp=0 upos=0 uneg=0 ball=117.27 vball=4.42 aball=0.0 bref=0.00 pid=0.0 pref=-522.0 ppos=-522.0 apid=0.0 integ=0.0 vision=1 current=1 vframe=36582 vs=1 vage=21 vpage=21 vdt=34 vmax=68111 vacc=33232 vrej=0 seq=0 elapsed=0 oled=3C
[   3343] STATUS mode=1 fault=none enc=-673 denc=0 sreq=0 sapplied=0 crate=0 uimp=0 upos=0 uneg=0 ball=117.38 vball=3.63 aball=0.0 bref=0.00 pid=0.0 pref=-522.0 ppos=-522.0 apid=0.0 integ=0.0 vision=1 current=1 vframe=36583 vs=1 vage=8 vpage=8 vdt=33 vmax=68111 vacc=33233 vrej=0 seq=0 elapsed=0 oled=3C
[   3375] STATUS mode=1 fault=none enc=-673 denc=0 sreq=0 sapplied=0 crate=0 uimp=0 upos=0 uneg=0 ball=117.38 vball=1.87 aball=0.0 bref=0.00 pid=0.0 pref=-522.0 ppos=-522.0 apid=0.0 integ=0.0 vision=1 current=1 vframe=36584 vs=1 vage=15 vpage=15 vdt=33 vmax=68111 vacc=33234 vrej=0 seq=0 elapsed=0 oled=3C
[   3406] STATUS mode=1 fault=none enc=-673 denc=0 sreq=0 sapplied=0 crate=0 uimp=0 upos=0 uneg=0 ball=117.37 vball=0.84 aball=0.0 bref=0.00 pid=0.0 pref=-522.0 ppos=-522.0 apid=0.0 integ=0.0 vision=1 current=1 vframe=36585 vs=1 vage=2 vpage=2 vdt=33 vmax=68111 vacc=33235 vrej=0 seq=0 elapsed=0 oled=3C
[   3422] STATUS mode=1 fault=none enc=-673 denc=0 sreq=0 sapplied=0 crate=0 uimp=0 upos=0 uneg=0 ball=117.37 vball=0.84 aball=0.0 bref=0.00 pid=0.0 pref=-522.0 ppos=-522.0 apid=0.0 integ=0.0 vision=1 current=1 vframe=36585 vs=1 vage=22 vpage=22 vdt=33 vmax=68111 vacc=33235 vrej=0 seq=0 elapsed=0 oled=3C
[   3452] STATUS mode=1 fault=none enc=-673 denc=0 sreq=0 sapplied=0 crate=0 uimp=0 upos=0 uneg=0 ball=117.10 vball=-3.90 aball=0.0 bref=0.00 pid=0.0 pref=-522.0 ppos=-522.0 apid=0.0 integ=0.0 vision=1 current=1 vframe=36586 vs=1 vage=8 vpage=8 vdt=34 vmax=68111 vacc=33236 vrej=0 seq=0 elapsed=0 oled=3C
[   3483] STATUS mode=1 fault=none enc=-673 denc=0 sreq=0 sapplied=0 crate=0 uimp=0 upos=0 uneg=0 ball=116.98 vball=-3.70 aball=0.0 bref=0.00 pid=0.0 pref=-522.0 ppos=-522.0 apid=0.0 integ=0.0 vision=1 current=1 vframe=36587 vs=1 vage=15 vpage=15 vdt=33 vmax=68111 vacc=33237 vrej=0 seq=0 elapsed=0 oled=3C
[   3500] STATUS mode=1 fault=none enc=-673 denc=0 sreq=0 sapplied=0 crate=0 uimp=0 upos=0 uneg=0 ball=116.94 vball=-2.57 aball=0.0 bref=0.00 pid=0.0 pref=-522.0 ppos=-522.0 apid=0.0 integ=0.0 vision=1 current=1 vframe=36588 vs=1 vage=1 vpage=1 vdt=34 vmax=68111 vacc=33238 vrej=0 seq=0 elapsed=0 oled=3C
[   3531] STATUS mode=1 fault=none enc=-673 denc=0 sreq=0 sapplied=0 crate=0 uimp=0 upos=0 uneg=0 ball=116.94 vball=-2.57 aball=0.0 bref=0.00 pid=0.0 pref=-522.0 ppos=-522.0 apid=0.0 integ=0.0 vision=1 current=1 vframe=36588 vs=1 vage=21 vpage=21 vdt=34 vmax=68111 vacc=33238 vrej=0 seq=0 elapsed=0 oled=3C
[   3561] STATUS mode=1 fault=none enc=-673 denc=0 sreq=0 sapplied=0 crate=0 uimp=0 upos=0 uneg=0 ball=116.90 vball=-1.86 aball=0.0 bref=0.00 pid=0.0 pref=-522.0 ppos=-522.0 apid=0.0 integ=0.0 vision=1 current=1 vframe=36589 vs=1 vage=28 vpage=28 vdt=33 vmax=68111 vacc=33239 vrej=0 seq=0 elapsed=0 oled=3C
[   3577] STATUS mode=1 fault=none enc=-673 denc=0 sreq=0 sapplied=0 crate=0 uimp=0 upos=0 uneg=0 ball=117.25 vball=3.57 aball=0.0 bref=0.00 pid=0.0 pref=-522.0 ppos=-522.0 apid=0.0 integ=0.0 vision=1 current=1 vframe=36590 vs=1 vage=15 vpage=15 vdt=33 vmax=68111 vacc=33240 vrej=0 seq=0 elapsed=0 oled=3C
[   3608] STATUS mode=1 fault=none enc=-673 denc=0 sreq=0 sapplied=0 crate=0 uimp=0 upos=0 uneg=0 ball=117.34 vball=3.27 aball=0.0 bref=0.00 pid=0.0 pref=-522.0 ppos=-522.0 apid=0.0 integ=0.0 vision=1 current=1 vframe=36591 vs=1 vage=1 vpage=1 vdt=34 vmax=68111 vacc=33241 vrej=0 seq=0 elapsed=0 oled=3C
[   3641] STATUS mode=1 fault=none enc=-673 denc=0 sreq=0 sapplied=0 crate=0 uimp=0 upos=0 uneg=0 ball=117.34 vball=3.27 aball=0.0 bref=0.00 pid=0.0 pref=-522.0 ppos=-522.0 apid=0.0 integ=0.0 vision=1 current=1 vframe=36591 vs=1 vage=21 vpage=21 vdt=34 vmax=68111 vacc=33241 vrej=0 seq=0 elapsed=0 oled=3C
[   3656] STATUS mode=1 fault=none enc=-673 denc=0 sreq=0 sapplied=0 crate=0 uimp=0 upos=0 uneg=0 ball=117.36 vball=1.96 aball=0.0 bref=0.00 pid=0.0 pref=-522.0 ppos=-522.0 apid=0.0 integ=0.0 vision=1 current=1 vframe=36592 vs=1 vage=28 vpage=28 vdt=33 vmax=68111 vacc=33242 vrej=0 seq=0 elapsed=0 oled=3C
[   3686] STATUS mode=1 fault=none enc=-673 denc=0 sreq=0 sapplied=0 crate=0 uimp=0 upos=0 uneg=0 ball=117.35 vball=0.94 aball=0.0 bref=0.00 pid=0.0 pref=-522.0 ppos=-522.0 apid=0.0 integ=0.0 vision=1 current=1 vframe=36593 vs=1 vage=13 vpage=13 vdt=35 vmax=68111 vacc=33243 vrej=0 seq=0 elapsed=0 oled=3C
[   3718] STATUS mode=1 fault=none enc=-673 denc=0 sreq=0 sapplied=0 crate=0 uimp=0 upos=0 uneg=0 ball=117.35 vball=0.41 aball=0.0 bref=0.00 pid=0.0 pref=-522.0 ppos=-522.0 apid=0.0 integ=0.0 vision=1 current=1 vframe=36594 vs=1 vage=1 vpage=1 vdt=32 vmax=68111 vacc=33244 vrej=0 seq=0 elapsed=0 oled=3C
[   3733] STATUS mode=1 fault=none enc=-673 denc=0 sreq=0 sapplied=0 crate=0 uimp=0 upos=0 uneg=0 ball=117.34 vball=0.17 aball=0.0 bref=0.00 pid=0.0 pref=-522.0 ppos=-522.0 apid=0.0 integ=0.0 vision=1 current=1 vframe=36595 vs=1 vage=9 vpage=9 vdt=32 vmax=68111 vacc=33245 vrej=0 seq=0 elapsed=0 oled=3C
[   3766] STATUS mode=1 fault=none enc=-673 denc=0 sreq=0 sapplied=0 crate=0 uimp=0 upos=0 uneg=0 ball=117.34 vball=0.17 aball=0.0 bref=0.00 pid=0.0 pref=-522.0 ppos=-522.0 apid=0.0 integ=0.0 vision=1 current=1 vframe=36595 vs=1 vage=29 vpage=29 vdt=32 vmax=68111 vacc=33245 vrej=0 seq=0 elapsed=0 oled=3C
[   3797] STATUS mode=1 fault=none enc=-673 denc=0 sreq=0 sapplied=0 crate=0 uimp=0 upos=0 uneg=0 ball=117.34 vball=0.07 aball=0.0 bref=0.00 pid=0.0 pref=-522.0 ppos=-522.0 apid=0.0 integ=0.0 vision=1 current=1 vframe=36596 vs=1 vage=17 vpage=17 vdt=32 vmax=68111 vacc=33246 vrej=0 seq=0 elapsed=0 oled=3C
[   3811] STATUS mode=1 fault=none enc=-673 denc=0 sreq=0 sapplied=0 crate=0 uimp=0 upos=0 uneg=0 ball=117.34 vball=0.03 aball=0.0 bref=0.00 pid=0.0 pref=-522.0 ppos=-522.0 apid=0.0 integ=0.0 vision=1 current=1 vframe=36597 vs=1 vage=1 vpage=1 vdt=36 vmax=68111 vacc=33247 vrej=0 seq=0 elapsed=0 oled=3C
[   3843] STATUS mode=1 fault=none enc=-673 denc=0 sreq=0 sapplied=0 crate=0 uimp=0 upos=0 uneg=0 ball=117.34 vball=0.01 aball=0.0 bref=0.00 pid=0.0 pref=-522.0 ppos=-522.0 apid=0.0 integ=0.0 vision=1 current=1 vframe=36598 vs=1 vage=8 vpage=8 vdt=33 vmax=68111 vacc=33248 vrej=0 seq=0 elapsed=0 oled=3C
[   3858] STATUS mode=1 fault=none enc=-673 denc=0 sreq=0 sapplied=0 crate=0 uimp=0 upos=0 uneg=0 ball=117.34 vball=0.01 aball=0.0 bref=0.00 pid=0.0 pref=-522.0 ppos=-522.0 apid=0.0 integ=0.0 vision=1 current=1 vframe=36598 vs=1 vage=28 vpage=28 vdt=33 vmax=68111 vacc=33248 vrej=0 seq=0 elapsed=0 oled=3C
[   3891] STATUS mode=1 fault=none enc=-673 denc=0 sreq=0 sapplied=0 crate=0 uimp=0 upos=0 uneg=0 ball=117.34 vball=0.01 aball=0.0 bref=0.00 pid=0.0 pref=-522.0 ppos=-522.0 apid=0.0 integ=0.0 vision=1 current=1 vframe=36599 vs=1 vage=15 vpage=15 vdt=33 vmax=68111 vacc=33249 vrej=0 seq=0 elapsed=0 oled=3C
[   3922] STATUS mode=1 fault=none enc=-673 denc=0 sreq=0 sapplied=0 crate=0 uimp=0 upos=0 uneg=0 ball=117.34 vball=0.00 aball=0.0 bref=0.00 pid=0.0 pref=-522.0 ppos=-522.0 apid=0.0 integ=0.0 vision=1 current=1 vframe=36600 vs=1 vage=21 vpage=21 vdt=34 vmax=68111 vacc=33250 vrej=0 seq=0 elapsed=0 oled=3C
[   3936] STATUS mode=1 fault=none enc=-673 denc=0 sreq=0 sapplied=0 crate=0 uimp=0 upos=0 uneg=0 ball=117.32 vball=-0.29 aball=0.0 bref=0.00 pid=0.0 pref=-522.0 ppos=-522.0 apid=0.0 integ=0.0 vision=1 current=1 vframe=36601 vs=1 vage=8 vpage=8 vdt=33 vmax=68111 vacc=33251 vrej=0 seq=0 elapsed=0 oled=3C
[   3968] STATUS mode=1 fault=none enc=-673 denc=0 sreq=0 sapplied=0 crate=0 uimp=0 upos=0 uneg=0 ball=117.32 vball=-0.29 aball=0.0 bref=0.00 pid=0.0 pref=-522.0 ppos=-522.0 apid=0.0 integ=0.0 vision=1 current=1 vframe=36601 vs=1 vage=28 vpage=28 vdt=33 vmax=68111 vacc=33251 vrej=0 seq=0 elapsed=0 oled=3C
[   4000] STATUS mode=1 fault=none enc=-673 denc=0 sreq=0 sapplied=0 crate=0 uimp=0 upos=0 uneg=0 ball=117.34 vball=0.10 aball=0.0 bref=0.00 pid=0.0 pref=-522.0 ppos=-522.0 apid=0.0 integ=0.0 vision=1 current=1 vframe=36602 vs=1 vage=15 vpage=15 vdt=33 vmax=68111 vacc=33252 vrej=0 seq=0 elapsed=0 oled=3C
[   4016] STATUS mode=1 fault=none enc=-673 denc=0 sreq=0 sapplied=0 crate=0 uimp=0 upos=0 uneg=0 ball=117.34 vball=0.09 aball=0.0 bref=0.00 pid=0.0 pref=-522.0 ppos=-522.0 apid=0.0 integ=0.0 vision=1 current=1 vframe=36603 vs=1 vage=20 vpage=20 vdt=35 vmax=68111 vacc=33253 vrej=0 seq=0 elapsed=0 oled=3C
[   4047] STATUS mode=1 fault=none enc=-673 denc=0 sreq=0 sapplied=0 crate=0 uimp=0 upos=0 uneg=0 ball=117.34 vball=0.04 aball=0.0 bref=0.00 pid=0.0 pref=-522.0 ppos=-522.0 apid=0.0 integ=0.0 vision=1 current=1 vframe=36604 vs=1 vage=8 vpage=8 vdt=32 vmax=68111 vacc=33254 vrej=0 seq=0 elapsed=0 oled=3C
[   4077] STATUS mode=1 fault=none enc=-673 denc=0 sreq=0 sapplied=0 crate=0 uimp=0 upos=0 uneg=0 ball=117.34 vball=0.04 aball=0.0 bref=0.00 pid=0.0 pref=-522.0 ppos=-522.0 apid=0.0 integ=0.0 vision=1 current=1 vframe=36604 vs=1 vage=28 vpage=28 vdt=32 vmax=68111 vacc=33254 vrej=0 seq=0 elapsed=0 oled=3C
[   4093] STATUS mode=1 fault=none enc=-673 denc=0 sreq=0 sapplied=0 crate=0 uimp=0 upos=0 uneg=0 ball=117.32 vball=-0.27 aball=0.0 bref=0.00 pid=0.0 pref=-522.0 ppos=-522.0 apid=0.0 integ=0.0 vision=1 current=1 vframe=36606 vs=1 vage=2 vpage=2 vdt=33 vmax=68111 vacc=33256 vrej=0 seq=0 elapsed=0 oled=3C
[   4125] STATUS mode=1 fault=none enc=-673 denc=0 sreq=0 sapplied=0 crate=0 uimp=0 upos=0 uneg=0 ball=117.32 vball=-0.27 aball=0.0 bref=0.00 pid=0.0 pref=-522.0 ppos=-522.0 apid=0.0 integ=0.0 vision=1 current=1 vframe=36606 vs=1 vage=22 vpage=22 vdt=33 vmax=68111 vacc=33256 vrej=0 seq=0 elapsed=0 oled=3C
[   4156] STATUS mode=1 fault=none enc=-673 denc=0 sreq=0 sapplied=0 crate=0 uimp=0 upos=0 uneg=0 ball=117.32 vball=-0.25 aball=0.0 bref=0.00 pid=0.0 pref=-522.0 ppos=-522.0 apid=0.0 integ=0.0 vision=1 current=1 vframe=36607 vs=1 vage=9 vpage=9 vdt=33 vmax=68111 vacc=33257 vrej=0 seq=0 elapsed=0 oled=3C
[   4172] STATUS mode=1 fault=none enc=-673 denc=0 sreq=0 sapplied=0 crate=0 uimp=0 upos=0 uneg=0 ball=117.32 vball=-0.25 aball=0.0 bref=0.00 pid=0.0 pref=-522.0 ppos=-522.0 apid=0.0 integ=0.0 vision=1 current=1 vframe=36607 vs=1 vage=29 vpage=29 vdt=33 vmax=68111 vacc=33257 vrej=0 seq=0 elapsed=0 oled=3C
[   4202] STATUS mode=1 fault=none enc=-673 denc=0 sreq=0 sapplied=0 crate=0 uimp=0 upos=0 uneg=0 ball=117.34 vball=0.20 aball=0.0 bref=0.00 pid=0.0 pref=-522.0 ppos=-522.0 apid=0.0 integ=0.0 vision=1 current=1 vframe=36609 vs=1 vage=3 vpage=3 vdt=33 vmax=68111 vacc=33259 vrej=0 seq=0 elapsed=0 oled=3C
[   4233] STATUS mode=1 fault=none enc=-673 denc=0 sreq=0 sapplied=0 crate=0 uimp=0 upos=0 uneg=0 ball=117.34 vball=0.20 aball=0.0 bref=0.00 pid=0.0 pref=-522.0 ppos=-522.0 apid=0.0 integ=0.0 vision=1 current=1 vframe=36609 vs=1 vage=23 vpage=23 vdt=33 vmax=68111 vacc=33259 vrej=0 seq=0 elapsed=0 oled=3C
[   4250] STATUS mode=1 fault=none enc=-673 denc=0 sreq=0 sapplied=0 crate=0 uimp=0 upos=0 uneg=0 ball=117.34 vball=0.10 aball=0.0 bref=0.00 pid=0.0 pref=-522.0 ppos=-522.0 apid=0.0 integ=0.0 vision=1 current=1 vframe=36610 vs=1 vage=9 vpage=9 vdt=34 vmax=68111 vacc=33260 vrej=0 seq=0 elapsed=0 oled=3C
[   4281] STATUS mode=1 fault=none enc=-673 denc=0 sreq=0 sapplied=0 crate=0 uimp=0 upos=0 uneg=0 ball=117.34 vball=0.04 aball=0.0 bref=0.00 pid=0.0 pref=-522.0 ppos=-522.0 apid=0.0 integ=0.0 vision=1 current=1 vframe=36611 vs=1 vage=14 vpage=14 vdt=35 vmax=68111 vacc=33261 vrej=0 seq=0 elapsed=0 oled=3C
[   4311] STATUS mode=1 fault=none enc=-673 denc=0 sreq=0 sapplied=0 crate=0 uimp=0 upos=0 uneg=0 ball=117.34 vball=0.04 aball=0.0 bref=0.00 pid=0.0 pref=-522.0 ppos=-522.0 apid=0.0 integ=0.0 vision=1 current=1 vframe=36611 vs=1 vage=34 vpage=34 vdt=35 vmax=68111 vacc=33261 vrej=0 seq=0 elapsed=0 oled=3C
[   4327] STATUS mode=1 fault=none enc=-673 denc=0 sreq=0 sapplied=0 crate=0 uimp=0 upos=0 uneg=0 ball=117.34 vball=0.04 aball=0.0 bref=0.00 pid=0.0 pref=-522.0 ppos=-522.0 apid=0.0 integ=0.0 vision=1 current=1 vframe=36611 vs=1 vage=54 vpage=54 vdt=35 vmax=68111 vacc=33261 vrej=0 seq=0 elapsed=0 oled=3C
[   4358] STATUS mode=1 fault=none enc=-673 denc=0 sreq=0 sapplied=0 crate=0 uimp=0 upos=0 uneg=0 ball=117.34 vball=0.02 aball=0.0 bref=0.00 pid=0.0 pref=-522.0 ppos=-522.0 apid=0.0 integ=0.0 vision=1 current=1 vframe=36612 vs=1 vage=7 vpage=7 vdt=67 vmax=68111 vacc=33262 vrej=0 seq=0 elapsed=0 oled=3C
[   4375] STATUS mode=1 fault=none enc=-673 denc=0 sreq=0 sapplied=0 crate=0 uimp=0 upos=0 uneg=0 ball=117.29 vball=-0.43 aball=0.0 bref=0.00 pid=0.0 pref=-522.0 ppos=-522.0 apid=0.0 integ=0.0 vision=1 current=1 vframe=36613 vs=1 vage=16 vpage=16 vdt=31 vmax=68111 vacc=33263 vrej=0 seq=0 elapsed=0 oled=3C
[   4406] STATUS mode=1 fault=none enc=-673 denc=0 sreq=0 sapplied=0 crate=0 uimp=0 upos=0 uneg=0 ball=117.27 vball=-0.48 aball=0.0 bref=0.00 pid=0.0 pref=-522.0 ppos=-522.0 apid=0.0 integ=0.0 vision=1 current=1 vframe=36614 vs=1 vage=6 vpage=6 vdt=30 vmax=68111 vacc=33264 vrej=0 seq=0 elapsed=0 oled=3C
[   4436] STATUS mode=1 fault=none enc=-673 denc=0 sreq=0 sapplied=0 crate=0 uimp=0 upos=0 uneg=0 ball=117.26 vball=-0.40 aball=0.0 bref=0.00 pid=0.0 pref=-522.0 ppos=-522.0 apid=0.0 integ=0.0 vision=1 current=1 vframe=36615 vs=1 vage=4 vpage=4 vdt=22 vmax=68111 vacc=33265 vrej=0 seq=0 elapsed=0 oled=3C
[   4452] STATUS mode=1 fault=none enc=-673 denc=0 sreq=0 sapplied=0 crate=0 uimp=0 upos=0 uneg=0 ball=117.26 vball=-0.29 aball=0.0 bref=0.00 pid=0.0 pref=-522.0 ppos=-522.0 apid=0.0 integ=0.0 vision=1 current=1 vframe=36616 vs=1 vage=32 vpage=32 vdt=12 vmax=68111 vacc=33266 vrej=0 seq=0 elapsed=0 oled=3C
[   4483] STATUS mode=1 fault=none enc=-673 denc=0 sreq=0 sapplied=0 crate=0 uimp=0 upos=0 uneg=0 ball=117.01 vball=-2.79 aball=0.0 bref=0.00 pid=0.0 pref=-522.0 ppos=-522.0 apid=0.0 integ=0.0 vision=1 current=1 vframe=36618 vs=1 vage=5 vpage=5 vdt=11 vmax=68111 vacc=33268 vrej=0 seq=0 elapsed=0 oled=3C
[   4516] STATUS mode=1 fault=none enc=-673 denc=0 sreq=0 sapplied=0 crate=0 uimp=0 upos=0 uneg=0 ball=116.90 vball=-3.50 aball=0.0 bref=0.00 pid=0.0 pref=-522.0 ppos=-522.0 apid=0.0 integ=0.0 vision=1 current=1 vframe=36619 vs=1 vage=2 vpage=2 vdt=23 vmax=68111 vacc=33269 vrej=0 seq=0 elapsed=0 oled=3C
[   4531] STATUS mode=1 fault=none enc=-673 denc=0 sreq=0 sapplied=0 crate=0 uimp=0 upos=0 uneg=0 ball=116.90 vball=-3.50 aball=0.0 bref=0.00 pid=0.0 pref=-522.0 ppos=-522.0 apid=0.0 integ=0.0 vision=1 current=1 vframe=36619 vs=1 vage=22 vpage=22 vdt=23 vmax=68111 vacc=33269 vrej=0 seq=0 elapsed=0 oled=3C
[   4561] STATUS mode=1 fault=none enc=-673 denc=0 sreq=0 sapplied=0 crate=0 uimp=0 upos=0 uneg=0 ball=116.89 vball=-1.93 aball=0.0 bref=0.00 pid=0.0 pref=-522.0 ppos=-522.0 apid=0.0 integ=0.0 vision=1 current=1 vframe=36620 vs=1 vage=29 vpage=29 vdt=33 vmax=68111 vacc=33270 vrej=0 seq=0 elapsed=0 oled=3C
[   4593] STATUS mode=1 fault=none enc=-673 denc=0 sreq=0 sapplied=0 crate=0 uimp=0 upos=0 uneg=0 ball=116.90 vball=-0.91 aball=0.0 bref=0.00 pid=0.0 pref=-522.0 ppos=-522.0 apid=0.0 integ=0.0 vision=1 current=1 vframe=36621 vs=1 vage=15 vpage=15 vdt=34 vmax=68111 vacc=33271 vrej=0 seq=0 elapsed=0 oled=3C
[   4608] STATUS mode=1 fault=none enc=-673 denc=0 sreq=0 sapplied=0 crate=0 uimp=0 upos=0 uneg=0 ball=116.90 vball=-0.39 aball=0.0 bref=0.00 pid=0.0 pref=-522.0 ppos=-522.0 apid=0.0 integ=0.0 vision=1 current=1 vframe=36622 vs=1 vage=2 vpage=2 vdt=33 vmax=68111 vacc=33272 vrej=0 seq=0 elapsed=0 oled=3C
[   4641] STATUS mode=1 fault=none enc=-673 denc=0 sreq=0 sapplied=0 crate=0 uimp=0 upos=0 uneg=0 ball=116.94 vball=0.25 aball=0.0 bref=0.00 pid=0.0 pref=-522.0 ppos=-522.0 apid=0.0 integ=0.0 vision=1 current=1 vframe=36623 vs=1 vage=9 vpage=9 vdt=33 vmax=68111 vacc=33273 vrej=0 seq=0 elapsed=0 oled=3C
[   4672] STATUS mode=1 fault=none enc=-673 denc=0 sreq=0 sapplied=0 crate=0 uimp=0 upos=0 uneg=0 ball=116.94 vball=0.25 aball=0.0 bref=0.00 pid=0.0 pref=-522.0 ppos=-522.0 apid=0.0 integ=0.0 vision=1 current=1 vframe=36623 vs=1 vage=29 vpage=29 vdt=33 vmax=68111 vacc=33273 vrej=0 seq=0 elapsed=0 oled=3C
[   4686] STATUS mode=1 fault=none enc=-673 denc=0 sreq=0 sapplied=0 crate=0 uimp=0 upos=0 uneg=0 ball=116.94 vball=0.19 aball=0.0 bref=0.00 pid=0.0 pref=-522.0 ppos=-522.0 apid=0.0 integ=0.0 vision=1 current=1 vframe=36624 vs=1 vage=15 vpage=15 vdt=34 vmax=68111 vacc=33274 vrej=0 seq=0 elapsed=0 oled=3C
[   4718] STATUS mode=1 fault=none enc=-673 denc=0 sreq=0 sapplied=0 crate=0 uimp=0 upos=0 uneg=0 ball=116.94 vball=0.09 aball=0.0 bref=0.00 pid=0.0 pref=-522.0 ppos=-522.0 apid=0.0 integ=0.0 vision=1 current=1 vframe=36625 vs=1 vage=2 vpage=2 vdt=33 vmax=68111 vacc=33275 vrej=0 seq=0 elapsed=0 oled=3C
[   4750] STATUS mode=1 fault=none enc=-673 denc=0 sreq=0 sapplied=0 crate=0 uimp=0 upos=0 uneg=0 ball=116.94 vball=0.04 aball=0.0 bref=0.00 pid=0.0 pref=-522.0 ppos=-522.0 apid=0.0 integ=0.0 vision=1 current=1 vframe=36626 vs=1 vage=8 vpage=8 vdt=34 vmax=68111 vacc=33276 vrej=0 seq=0 elapsed=0 oled=3C
[   4766] STATUS mode=1 fault=none enc=-673 denc=0 sreq=0 sapplied=0 crate=0 uimp=0 upos=0 uneg=0 ball=116.94 vball=0.04 aball=0.0 bref=0.00 pid=0.0 pref=-522.0 ppos=-522.0 apid=0.0 integ=0.0 vision=1 current=1 vframe=36626 vs=1 vage=28 vpage=28 vdt=34 vmax=68111 vacc=33276 vrej=0 seq=0 elapsed=0 oled=3C
[   4797] STATUS mode=1 fault=none enc=-673 denc=0 sreq=0 sapplied=0 crate=0 uimp=0 upos=0 uneg=0 ball=117.33 vball=5.10 aball=0.0 bref=0.00 pid=0.0 pref=-522.0 ppos=-522.0 apid=0.0 integ=0.0 vision=1 current=1 vframe=36627 vs=1 vage=15 vpage=15 vdt=33 vmax=68111 vacc=33277 vrej=0 seq=0 elapsed=0 oled=3C
[   4827] STATUS mode=1 fault=none enc=-673 denc=0 sreq=0 sapplied=0 crate=0 uimp=0 upos=0 uneg=0 ball=117.38 vball=3.35 aball=0.0 bref=0.00 pid=0.0 pref=-522.0 ppos=-522.0 apid=0.0 integ=0.0 vision=1 current=1 vframe=36628 vs=1 vage=22 vpage=22 vdt=33 vmax=68111 vacc=33278 vrej=0 seq=0 elapsed=0 oled=3C
[   4843] STATUS mode=1 fault=none enc=-673 denc=0 sreq=0 sapplied=0 crate=0 uimp=0 upos=0 uneg=0 ball=117.38 vball=1.62 aball=0.0 bref=0.00 pid=0.0 pref=-522.0 ppos=-522.0 apid=0.0 integ=0.0 vision=1 current=1 vframe=36629 vs=1 vage=8 vpage=8 vdt=34 vmax=68111 vacc=33279 vrej=0 seq=0 elapsed=0 oled=3C
[   4875] STATUS mode=1 fault=none enc=-673 denc=0 sreq=0 sapplied=0 crate=0 uimp=0 upos=0 uneg=0 ball=117.38 vball=1.62 aball=0.0 bref=0.00 pid=0.0 pref=-522.0 ppos=-522.0 apid=0.0 integ=0.0 vision=1 current=1 vframe=36629 vs=1 vage=28 vpage=28 vdt=34 vmax=68111 vacc=33279 vrej=0 seq=0 elapsed=0 oled=3C
[   4891] STATUS mode=1 fault=none enc=-673 denc=0 sreq=0 sapplied=0 crate=0 uimp=0 upos=0 uneg=0 ball=117.37 vball=0.73 aball=0.0 bref=0.00 pid=0.0 pref=-522.0 ppos=-522.0 apid=0.0 integ=0.0 vision=1 current=1 vframe=36630 vs=1 vage=15 vpage=15 vdt=33 vmax=68111 vacc=33280 vrej=0 seq=0 elapsed=0 oled=3C
[   4922] STATUS mode=1 fault=none enc=-673 denc=0 sreq=0 sapplied=0 crate=0 uimp=0 upos=0 uneg=0 ball=117.36 vball=0.31 aball=0.0 bref=0.00 pid=0.0 pref=-522.0 ppos=-522.0 apid=0.0 integ=0.0 vision=1 current=1 vframe=36631 vs=1 vage=22 vpage=22 vdt=33 vmax=68111 vacc=33281 vrej=0 seq=0 elapsed=0 oled=3C
[   4952] STATUS mode=1 fault=none enc=-673 denc=0 sreq=0 sapplied=0 crate=0 uimp=0 upos=0 uneg=0 ball=117.36 vball=0.13 aball=0.0 bref=0.00 pid=0.0 pref=-522.0 ppos=-522.0 apid=0.0 integ=0.0 vision=1 current=1 vframe=36632 vs=1 vage=8 vpage=8 vdt=34 vmax=68111 vacc=33282 vrej=0 seq=0 elapsed=0 oled=3C
[   4968] STATUS mode=1 fault=none enc=-673 denc=0 sreq=0 sapplied=0 crate=0 uimp=0 upos=0 uneg=0 ball=117.36 vball=0.13 aball=0.0 bref=0.00 pid=0.0 pref=-522.0 ppos=-522.0 apid=0.0 integ=0.0 vision=1 current=1 vframe=36632 vs=1 vage=28 vpage=28 vdt=34 vmax=68111 vacc=33282 vrej=0 seq=0 elapsed=0 oled=3C
[   5000] STATUS mode=1 fault=none enc=-673 denc=0 sreq=0 sapplied=0 crate=0 uimp=0 upos=0 uneg=0 ball=117.28 vball=-0.74 aball=0.0 bref=0.00 pid=0.0 pref=-522.0 ppos=-522.0 apid=0.0 integ=0.0 vision=1 current=1 vframe=36634 vs=1 vage=1 vpage=1 vdt=34 vmax=68111 vacc=33284 vrej=0 seq=0 elapsed=0 oled=3C
[   5031] STATUS mode=1 fault=none enc=-673 denc=0 sreq=0 sapplied=0 crate=0 uimp=0 upos=0 uneg=0 ball=117.28 vball=-0.74 aball=0.0 bref=0.00 pid=0.0 pref=-522.0 ppos=-522.0 apid=0.0 integ=0.0 vision=1 current=1 vframe=36634 vs=1 vage=21 vpage=21 vdt=34 vmax=68111 vacc=33284 vrej=0 seq=0 elapsed=0 oled=3C
[   5047] STATUS mode=1 fault=none enc=-673 denc=0 sreq=0 sapplied=0 crate=0 uimp=0 upos=0 uneg=0 ball=117.28 vball=-0.38 aball=0.0 bref=0.00 pid=0.0 pref=-522.0 ppos=-522.0 apid=0.0 integ=0.0 vision=1 current=1 vframe=36635 vs=1 vage=8 vpage=8 vdt=33 vmax=68111 vacc=33285 vrej=0 seq=0 elapsed=0 oled=3C
[   5077] STATUS mode=1 fault=none enc=-673 denc=0 sreq=0 sapplied=0 crate=0 uimp=0 upos=0 uneg=0 ball=117.29 vball=-0.18 aball=0.0 bref=0.00 pid=0.0 pref=-522.0 ppos=-522.0 apid=0.0 integ=0.0 vision=1 current=1 vframe=36636 vs=1 vage=15 vpage=15 vdt=33 vmax=68111 vacc=33286 vrej=0 seq=0 elapsed=0 oled=3C
[   5108] STATUS mode=1 fault=none enc=-673 denc=0 sreq=0 sapplied=0 crate=0 uimp=0 upos=0 uneg=0 ball=117.28 vball=-0.13 aball=0.0 bref=0.00 pid=0.0 pref=-522.0 ppos=-522.0 apid=0.0 integ=0.0 vision=1 current=1 vframe=36637 vs=1 vage=2 vpage=2 vdt=33 vmax=68111 vacc=33287 vrej=0 seq=0 elapsed=0 oled=3C
[   5125] STATUS mode=1 fault=none enc=-673 denc=0 sreq=0 sapplied=0 crate=0 uimp=0 upos=0 uneg=0 ball=117.28 vball=-0.13 aball=0.0 bref=0.00 pid=0.0 pref=-522.0 ppos=-522.0 apid=0.0 integ=0.0 vision=1 current=1 vframe=36637 vs=1 vage=22 vpage=22 vdt=33 vmax=68111 vacc=33287 vrej=0 seq=0 elapsed=0 oled=3C
[   5156] STATUS mode=1 fault=none enc=-673 denc=0 sreq=0 sapplied=0 crate=0 uimp=0 upos=0 uneg=0 ball=117.28 vball=-0.06 aball=0.0 bref=0.00 pid=0.0 pref=-522.0 ppos=-522.0 apid=0.0 integ=0.0 vision=1 current=1 vframe=36638 vs=1 vage=8 vpage=8 vdt=34 vmax=68111 vacc=33288 vrej=0 seq=0 elapsed=0 oled=3C
[   5186] STATUS mode=1 fault=none enc=-673 denc=0 sreq=0 sapplied=0 crate=0 uimp=0 upos=0 uneg=0 ball=117.28 vball=-0.03 aball=0.0 bref=0.00 pid=0.0 pref=-522.0 ppos=-522.0 apid=0.0 integ=0.0 vision=1 current=1 vframe=36639 vs=1 vage=15 vpage=15 vdt=33 vmax=68111 vacc=33289 vrej=0 seq=0 elapsed=0 oled=3C
[   5202] STATUS mode=1 fault=none enc=-673 denc=0 sreq=0 sapplied=0 crate=0 uimp=0 upos=0 uneg=0 ball=117.29 vball=0.03 aball=0.0 bref=0.00 pid=0.0 pref=-522.0 ppos=-522.0 apid=0.0 integ=0.0 vision=1 current=1 vframe=36640 vs=1 vage=2 vpage=2 vdt=33 vmax=68111 vacc=33290 vrej=0 seq=0 elapsed=0 oled=3C
[   5233] STATUS mode=1 fault=none enc=-673 denc=0 sreq=0 sapplied=0 crate=0 uimp=0 upos=0 uneg=0 ball=117.29 vball=0.03 aball=0.0 bref=0.00 pid=0.0 pref=-522.0 ppos=-522.0 apid=0.0 integ=0.0 vision=1 current=1 vframe=36640 vs=1 vage=22 vpage=22 vdt=33 vmax=68111 vacc=33290 vrej=0 seq=0 elapsed=0 oled=3C
[   5266] STATUS mode=1 fault=none enc=-673 denc=0 sreq=0 sapplied=0 crate=0 uimp=0 upos=0 uneg=0 ball=117.29 vball=0.02 aball=0.0 bref=0.00 pid=0.0 pref=-522.0 ppos=-522.0 apid=0.0 integ=0.0 vision=1 current=1 vframe=36641 vs=1 vage=29 vpage=29 vdt=33 vmax=68111 vacc=33291 vrej=0 seq=0 elapsed=0 oled=3C
[   5281] STATUS mode=1 fault=none enc=-673 denc=0 sreq=0 sapplied=0 crate=0 uimp=0 upos=0 uneg=0 ball=117.34 vball=0.83 aball=0.0 bref=0.00 pid=0.0 pref=-522.0 ppos=-522.0 apid=0.0 integ=0.0 vision=1 current=1 vframe=36642 vs=1 vage=15 vpage=15 vdt=34 vmax=68111 vacc=33292 vrej=0 seq=0 elapsed=0 oled=3C
[   5311] STATUS mode=1 fault=none enc=-673 denc=0 sreq=0 sapplied=0 crate=0 uimp=0 upos=0 uneg=0 ball=117.36 vball=0.74 aball=0.0 bref=0.00 pid=0.0 pref=-522.0 ppos=-522.0 apid=0.0 integ=0.0 vision=1 current=1 vframe=36643 vs=1 vage=2 vpage=2 vdt=33 vmax=68111 vacc=33293 vrej=0 seq=0 elapsed=0 oled=3C
[   5327] STATUS mode=1 fault=none enc=-673 denc=0 sreq=0 sapplied=0 crate=0 uimp=0 upos=0 uneg=0 ball=117.36 vball=0.74 aball=0.0 bref=0.00 pid=0.0 pref=-522.0 ppos=-522.0 apid=0.0 integ=0.0 vision=1 current=1 vframe=36643 vs=1 vage=22 vpage=22 vdt=33 vmax=68111 vacc=33293 vrej=0 seq=0 elapsed=0 oled=3C
[   5358] STATUS mode=1 fault=none enc=-673 denc=0 sreq=0 sapplied=0 crate=0 uimp=0 upos=0 uneg=0 ball=117.33 vball=-0.18 aball=0.0 bref=0.00 pid=0.0 pref=-522.0 ppos=-522.0 apid=0.0 integ=0.0 vision=1 current=1 vframe=36644 vs=1 vage=29 vpage=29 vdt=33 vmax=68111 vacc=33294 vrej=0 seq=0 elapsed=0 oled=3C
[   5391] STATUS mode=1 fault=none enc=-673 denc=0 sreq=0 sapplied=0 crate=0 uimp=0 upos=0 uneg=0 ball=117.29 vball=-0.60 aball=0.0 bref=0.00 pid=0.0 pref=-522.0 ppos=-522.0 apid=0.0 integ=0.0 vision=1 current=1 vframe=36645 vs=1 vage=15 vpage=15 vdt=34 vmax=68111 vacc=33295 vrej=0 seq=0 elapsed=0 oled=3C
[   5406] STATUS mode=1 fault=none enc=-673 denc=0 sreq=0 sapplied=0 crate=0 uimp=0 upos=0 uneg=0 ball=117.28 vball=-0.43 aball=0.0 bref=0.00 pid=0.0 pref=-522.0 ppos=-522.0 apid=0.0 integ=0.0 vision=1 current=1 vframe=36646 vs=1 vage=2 vpage=2 vdt=33 vmax=68111 vacc=33296 vrej=0 seq=0 elapsed=0 oled=3C
[   5436] STATUS mode=1 fault=none enc=-673 denc=0 sreq=0 sapplied=0 crate=0 uimp=0 upos=0 uneg=0 ball=117.28 vball=-0.21 aball=0.0 bref=0.00 pid=0.0 pref=-522.0 ppos=-522.0 apid=0.0 integ=0.0 vision=1 current=1 vframe=36647 vs=1 vage=9 vpage=9 vdt=33 vmax=68111 vacc=33297 vrej=0 seq=0 elapsed=0 oled=3C
[   5468] STATUS mode=1 fault=none enc=-673 denc=0 sreq=0 sapplied=0 crate=0 uimp=0 upos=0 uneg=0 ball=117.28 vball=-0.21 aball=0.0 bref=0.00 pid=0.0 pref=-522.0 ppos=-522.0 apid=0.0 integ=0.0 vision=1 current=1 vframe=36647 vs=1 vage=29 vpage=29 vdt=33 vmax=68111 vacc=33297 vrej=0 seq=0 elapsed=0 oled=3C
[   5483] STATUS mode=1 fault=none enc=-673 denc=0 sreq=0 sapplied=0 crate=0 uimp=0 upos=0 uneg=0 ball=117.29 vball=-0.07 aball=0.0 bref=0.00 pid=0.0 pref=-522.0 ppos=-522.0 apid=0.0 integ=0.0 vision=1 current=1 vframe=36648 vs=1 vage=16 vpage=16 vdt=33 vmax=68111 vacc=33298 vrej=0 seq=0 elapsed=0 oled=3C
[   5516] STATUS mode=1 fault=none enc=-673 denc=0 sreq=0 sapplied=0 crate=0 uimp=0 upos=0 uneg=0 ball=117.29 vball=-0.08 aball=0.0 bref=0.00 pid=0.0 pref=-522.0 ppos=-522.0 apid=0.0 integ=0.0 vision=1 current=1 vframe=36649 vs=1 vage=3 vpage=3 vdt=33 vmax=68111 vacc=33299 vrej=0 seq=0 elapsed=0 oled=3C
[   5547] STATUS mode=1 fault=none enc=-673 denc=0 sreq=0 sapplied=0 crate=0 uimp=0 upos=0 uneg=0 ball=117.29 vball=-0.14 aball=0.0 bref=0.00 pid=0.0 pref=-522.0 ppos=-522.0 apid=0.0 integ=0.0 vision=1 current=1 vframe=36650 vs=1 vage=8 vpage=8 vdt=35 vmax=68111 vacc=33300 vrej=0 seq=0 elapsed=0 oled=3C
[   5561] STATUS mode=1 fault=none enc=-673 denc=0 sreq=0 sapplied=0 crate=0 uimp=0 upos=0 uneg=0 ball=117.29 vball=-0.14 aball=0.0 bref=0.00 pid=0.0 pref=-522.0 ppos=-522.0 apid=0.0 integ=0.0 vision=1 current=1 vframe=36650 vs=1 vage=28 vpage=28 vdt=35 vmax=68111 vacc=33300 vrej=0 seq=0 elapsed=0 oled=3C
[   5593] STATUS mode=1 fault=none enc=-673 denc=0 sreq=0 sapplied=0 crate=0 uimp=0 upos=0 uneg=0 ball=117.29 vball=-0.08 aball=0.0 bref=0.00 pid=0.0 pref=-522.0 ppos=-522.0 apid=0.0 integ=0.0 vision=1 current=1 vframe=36651 vs=1 vage=16 vpage=16 vdt=32 vmax=68111 vacc=33301 vrej=0 seq=0 elapsed=0 oled=3C
[   5625] STATUS mode=1 fault=none enc=-673 denc=0 sreq=0 sapplied=0 crate=0 uimp=0 upos=0 uneg=0 ball=117.36 vball=1.01 aball=0.0 bref=0.00 pid=0.0 pref=-522.0 ppos=-522.0 apid=0.0 integ=0.0 vision=1 current=1 vframe=36652 vs=1 vage=23 vpage=23 vdt=33 vmax=68111 vacc=33302 vrej=0 seq=0 elapsed=0 oled=3C
[   5641] STATUS mode=1 fault=none enc=-673 denc=0 sreq=0 sapplied=0 crate=0 uimp=0 upos=0 uneg=0 ball=117.37 vball=0.61 aball=0.0 bref=0.00 pid=0.0 pref=-522.0 ppos=-522.0 apid=0.0 integ=0.0 vision=1 current=1 vframe=36653 vs=1 vage=9 vpage=9 vdt=34 vmax=68111 vacc=33303 vrej=0 seq=0 elapsed=0 oled=3C
[   5672] STATUS mode=1 fault=none enc=-673 denc=0 sreq=0 sapplied=0 crate=0 uimp=0 upos=0 uneg=0 ball=117.37 vball=0.61 aball=0.0 bref=0.00 pid=0.0 pref=-522.0 ppos=-522.0 apid=0.0 integ=0.0 vision=1 current=1 vframe=36653 vs=1 vage=29 vpage=29 vdt=34 vmax=68111 vacc=33303 vrej=0 seq=0 elapsed=0 oled=3C
[   5702] STATUS mode=1 fault=none enc=-673 denc=0 sreq=0 sapplied=0 crate=0 uimp=0 upos=0 uneg=0 ball=117.28 vball=-0.02 aball=0.0 bref=0.00 pid=0.0 pref=-522.0 ppos=-522.0 apid=0.0 integ=0.0 vision=1 current=1 vframe=36654 vs=1 vage=16 vpage=16 vdt=33 vmax=68111 vacc=33304 vrej=0 seq=0 elapsed=0 oled=3C
[   5718] STATUS mode=1 fault=none enc=-673 denc=0 sreq=0 sapplied=0 crate=0 uimp=0 upos=0 uneg=0 ball=117.36 vball=1.09 aball=0.0 bref=0.00 pid=0.0 pref=-522.0 ppos=-522.0 apid=0.0 integ=0.0 vision=1 current=1 vframe=36655 vs=1 vage=23 vpage=23 vdt=33 vmax=68111 vacc=33305 vrej=0 seq=0 elapsed=0 oled=3C
[   5750] STATUS mode=1 fault=none enc=-673 denc=0 sreq=0 sapplied=0 crate=0 uimp=0 upos=0 uneg=0 ball=117.01 vball=-4.18 aball=0.0 bref=0.00 pid=0.0 pref=-522.0 ppos=-522.0 apid=0.0 integ=0.0 vision=1 current=1 vframe=36656 vs=1 vage=8 vpage=8 vdt=35 vmax=68111 vacc=33306 vrej=0 seq=0 elapsed=0 oled=3C
[   5781] STATUS mode=1 fault=none enc=-673 denc=0 sreq=0 sapplied=0 crate=0 uimp=0 upos=0 uneg=0 ball=117.01 vball=-4.18 aball=0.0 bref=0.00 pid=0.0 pref=-522.0 ppos=-522.0 apid=0.0 integ=0.0 vision=1 current=1 vframe=36656 vs=1 vage=28 vpage=28 vdt=35 vmax=68111 vacc=33306 vrej=0 seq=0 elapsed=0 oled=3C
[   5797] STATUS mode=1 fault=none enc=-673 denc=0 sreq=0 sapplied=0 crate=0 uimp=0 upos=0 uneg=0 ball=117.29 vball=1.67 aball=0.0 bref=0.00 pid=0.0 pref=-522.0 ppos=-522.0 apid=0.0 integ=0.0 vision=1 current=1 vframe=36658 vs=1 vage=3 vpage=3 vdt=32 vmax=68111 vacc=33308 vrej=0 seq=0 elapsed=0 oled=3C
[   5827] STATUS mode=1 fault=none enc=-673 denc=0 sreq=0 sapplied=0 crate=0 uimp=0 upos=0 uneg=0 ball=117.29 vball=1.67 aball=0.0 bref=0.00 pid=0.0 pref=-522.0 ppos=-522.0 apid=0.0 integ=0.0 vision=1 current=1 vframe=36658 vs=1 vage=23 vpage=23 vdt=32 vmax=68111 vacc=33308 vrej=0 seq=0 elapsed=0 oled=3C
[   5843] STATUS mode=1 fault=none enc=-673 denc=0 sreq=0 sapplied=0 crate=0 uimp=0 upos=0 uneg=0 ball=117.35 vball=1.90 aball=0.0 bref=0.00 pid=0.0 pref=-522.0 ppos=-522.0 apid=0.0 integ=0.0 vision=1 current=1 vframe=36659 vs=1 vage=9 vpage=9 vdt=34 vmax=68111 vacc=33309 vrej=0 seq=0 elapsed=0 oled=3C
[   5875] STATUS mode=1 fault=none enc=-673 denc=0 sreq=0 sapplied=0 crate=0 uimp=0 upos=0 uneg=0 ball=117.35 vball=1.90 aball=0.0 bref=0.00 pid=0.0 pref=-522.0 ppos=-522.0 apid=0.0 integ=0.0 vision=1 current=1 vframe=36659 vs=1 vage=29 vpage=29 vdt=34 vmax=68111 vacc=33309 vrej=0 seq=0 elapsed=0 oled=3C
[   5906] STATUS mode=1 fault=none enc=-673 denc=0 sreq=0 sapplied=0 crate=0 uimp=0 upos=0 uneg=0 ball=117.37 vball=0.62 aball=0.0 bref=0.00 pid=0.0 pref=-522.0 ppos=-522.0 apid=0.0 integ=0.0 vision=1 current=1 vframe=36661 vs=1 vage=3 vpage=3 vdt=33 vmax=68111 vacc=33311 vrej=0 seq=0 elapsed=0 oled=3C
[   5922] STATUS mode=1 fault=none enc=-673 denc=0 sreq=0 sapplied=0 crate=0 uimp=0 upos=0 uneg=0 ball=117.37 vball=0.62 aball=0.0 bref=0.00 pid=0.0 pref=-522.0 ppos=-522.0 apid=0.0 integ=0.0 vision=1 current=1 vframe=36661 vs=1 vage=23 vpage=23 vdt=33 vmax=68111 vacc=33311 vrej=0 seq=0 elapsed=0 oled=3C
[   5952] STATUS mode=1 fault=none enc=-673 denc=0 sreq=0 sapplied=0 crate=0 uimp=0 upos=0 uneg=0 ball=117.37 vball=0.28 aball=0.0 bref=0.00 pid=0.0 pref=-522.0 ppos=-522.0 apid=0.0 integ=0.0 vision=1 current=1 vframe=36662 vs=1 vage=9 vpage=9 vdt=34 vmax=68111 vacc=33312 vrej=0 seq=0 elapsed=0 oled=3C
[   5983] STATUS mode=1 fault=none enc=-673 denc=0 sreq=0 sapplied=0 crate=0 uimp=0 upos=0 uneg=0 ball=117.37 vball=0.15 aball=0.0 bref=0.00 pid=0.0 pref=-522.0 ppos=-522.0 apid=0.0 integ=0.0 vision=1 current=1 vframe=36663 vs=1 vage=16 vpage=16 vdt=33 vmax=68111 vacc=33313 vrej=0 seq=0 elapsed=0 oled=3C
[   6000] STATUS mode=1 fault=none enc=-673 denc=0 sreq=0 sapplied=0 crate=0 uimp=0 upos=0 uneg=0 ball=117.37 vball=0.07 aball=0.0 bref=0.00 pid=0.0 pref=-522.0 ppos=-522.0 apid=0.0 integ=0.0 vision=1 current=1 vframe=36664 vs=1 vage=2 vpage=2 vdt=34 vmax=68111 vacc=33314 vrej=0 seq=0 elapsed=0 oled=3C
[   6031] STATUS mode=1 fault=none enc=-673 denc=0 sreq=0 sapplied=0 crate=0 uimp=0 upos=0 uneg=0 ball=117.37 vball=0.07 aball=0.0 bref=0.00 pid=0.0 pref=-522.0 ppos=-522.0 apid=0.0 integ=0.0 vision=1 current=1 vframe=36664 vs=1 vage=22 vpage=22 vdt=34 vmax=68111 vacc=33314 vrej=0 seq=0 elapsed=0 oled=3C
[   6061] STATUS mode=1 fault=none enc=-673 denc=0 sreq=0 sapplied=0 crate=0 uimp=0 upos=0 uneg=0 ball=117.35 vball=-0.19 aball=0.0 bref=0.00 pid=0.0 pref=-522.0 ppos=-522.0 apid=0.0 integ=0.0 vision=1 current=1 vframe=36665 vs=1 vage=8 vpage=8 vdt=34 vmax=68111 vacc=33315 vrej=0 seq=0 elapsed=0 oled=3C
[   6077] STATUS mode=1 fault=none enc=-673 denc=0 sreq=0 sapplied=0 crate=0 uimp=0 upos=0 uneg=0 ball=117.35 vball=-0.12 aball=0.0 bref=0.00 pid=0.0 pref=-522.0 ppos=-522.0 apid=0.0 integ=0.0 vision=1 current=1 vframe=36666 vs=1 vage=15 vpage=15 vdt=33 vmax=68111 vacc=33316 vrej=0 seq=0 elapsed=0 oled=3C
[   6108] STATUS mode=1 fault=none enc=-673 denc=0 sreq=0 sapplied=0 crate=0 uimp=0 upos=0 uneg=0 ball=117.26 vball=-1.16 aball=0.0 bref=0.00 pid=0.0 pref=-522.0 ppos=-522.0 apid=0.0 integ=0.0 vision=1 current=1 vframe=36667 vs=1 vage=2 vpage=2 vdt=33 vmax=68111 vacc=33317 vrej=0 seq=0 elapsed=0 oled=3C
[   6141] STATUS mode=1 fault=none enc=-673 denc=0 sreq=0 sapplied=0 crate=0 uimp=0 upos=0 uneg=0 ball=117.26 vball=-1.16 aball=0.0 bref=0.00 pid=0.0 pref=-522.0 ppos=-522.0 apid=0.0 integ=0.0 vision=1 current=1 vframe=36667 vs=1 vage=22 vpage=22 vdt=33 vmax=68111 vacc=33317 vrej=0 seq=0 elapsed=0 oled=3C
[   6156] STATUS mode=1 fault=none enc=-673 denc=0 sreq=0 sapplied=0 crate=0 uimp=0 upos=0 uneg=0 ball=117.26 vball=-0.69 aball=0.0 bref=0.00 pid=0.0 pref=-522.0 ppos=-522.0 apid=0.0 integ=0.0 vision=1 current=1 vframe=36668 vs=1 vage=28 vpage=28 vdt=34 vmax=68111 vacc=33318 vrej=0 seq=0 elapsed=0 oled=3C
[   6186] STATUS mode=1 fault=none enc=-673 denc=0 sreq=0 sapplied=0 crate=0 uimp=0 upos=0 uneg=0 ball=117.28 vball=-0.03 aball=0.0 bref=0.00 pid=0.0 pref=-522.0 ppos=-522.0 apid=0.0 integ=0.0 vision=1 current=1 vframe=36669 vs=1 vage=15 vpage=15 vdt=33 vmax=68111 vacc=33319 vrej=0 seq=0 elapsed=0 oled=3C
[   6218] STATUS mode=1 fault=none enc=-673 denc=0 sreq=0 sapplied=0 crate=0 uimp=0 upos=0 uneg=0 ball=117.29 vball=0.04 aball=0.0 bref=0.00 pid=0.0 pref=-522.0 ppos=-522.0 apid=0.0 integ=0.0 vision=1 current=1 vframe=36670 vs=1 vage=2 vpage=2 vdt=33 vmax=68111 vacc=33320 vrej=0 seq=0 elapsed=0 oled=3C
[   6233] STATUS mode=1 fault=none enc=-673 denc=0 sreq=0 sapplied=0 crate=0 uimp=0 upos=0 uneg=0 ball=117.29 vball=0.04 aball=0.0 bref=0.00 pid=0.0 pref=-522.0 ppos=-522.0 apid=0.0 integ=0.0 vision=1 current=1 vframe=36670 vs=1 vage=22 vpage=22 vdt=33 vmax=68111 vacc=33320 vrej=0 seq=0 elapsed=0 oled=3C
[   6266] STATUS mode=1 fault=none enc=-673 denc=0 sreq=0 sapplied=0 crate=0 uimp=0 upos=0 uneg=0 ball=117.29 vball=0.03 aball=0.0 bref=0.00 pid=0.0 pref=-522.0 ppos=-522.0 apid=0.0 integ=0.0 vision=1 current=1 vframe=36671 vs=1 vage=28 vpage=28 vdt=34 vmax=68111 vacc=33321 vrej=0 seq=0 elapsed=0 oled=3C
[   6297] STATUS mode=1 fault=none enc=-673 denc=0 sreq=0 sapplied=0 crate=0 uimp=0 upos=0 uneg=0 ball=117.26 vball=-0.30 aball=0.0 bref=0.00 pid=0.0 pref=-522.0 ppos=-522.0 apid=0.0 integ=0.0 vision=1 current=1 vframe=36672 vs=1 vage=15 vpage=15 vdt=33 vmax=68111 vacc=33322 vrej=0 seq=0 elapsed=0 oled=3C
[   6311] STATUS mode=1 fault=none enc=-673 denc=0 sreq=0 sapplied=0 crate=0 uimp=0 upos=0 uneg=0 ball=117.26 vball=-0.18 aball=0.0 bref=0.00 pid=0.0 pref=-522.0 ppos=-522.0 apid=0.0 integ=0.0 vision=1 current=1 vframe=36673 vs=1 vage=2 vpage=2 vdt=33 vmax=68111 vacc=33323 vrej=0 seq=0 elapsed=0 oled=3C
[   6343] STATUS mode=1 fault=none enc=-673 denc=0 sreq=0 sapplied=0 crate=0 uimp=0 upos=0 uneg=0 ball=117.27 vball=0.03 aball=0.0 bref=0.00 pid=0.0 pref=-522.0 ppos=-522.0 apid=0.0 integ=0.0 vision=1 current=1 vframe=36674 vs=1 vage=9 vpage=9 vdt=33 vmax=68111 vacc=33324 vrej=0 seq=0 elapsed=0 oled=3C
[   6358] STATUS mode=1 fault=none enc=-673 denc=0 sreq=0 sapplied=0 crate=0 uimp=0 upos=0 uneg=0 ball=117.27 vball=0.03 aball=0.0 bref=0.00 pid=0.0 pref=-522.0 ppos=-522.0 apid=0.0 integ=0.0 vision=1 current=1 vframe=36674 vs=1 vage=29 vpage=29 vdt=33 vmax=68111 vacc=33324 vrej=0 seq=0 elapsed=0 oled=3C
[   6391] STATUS mode=1 fault=none enc=-673 denc=0 sreq=0 sapplied=0 crate=0 uimp=0 upos=0 uneg=0 ball=117.27 vball=0.03 aball=0.0 bref=0.00 pid=0.0 pref=-522.0 ppos=-522.0 apid=0.0 integ=0.0 vision=1 current=1 vframe=36675 vs=1 vage=15 vpage=15 vdt=34 vmax=68111 vacc=33325 vrej=0 seq=0 elapsed=0 oled=3C
[   6422] STATUS mode=1 fault=none enc=-673 denc=0 sreq=0 sapplied=0 crate=0 uimp=0 upos=0 uneg=0 ball=117.27 vball=0.02 aball=0.0 bref=0.00 pid=0.0 pref=-522.0 ppos=-522.0 apid=0.0 integ=0.0 vision=1 current=1 vframe=36676 vs=1 vage=22 vpage=22 vdt=33 vmax=68111 vacc=33326 vrej=0 seq=0 elapsed=0 oled=3C
[   6436] STATUS mode=1 fault=none enc=-673 denc=0 sreq=0 sapplied=0 crate=0 uimp=0 upos=0 uneg=0 ball=117.46 vball=2.54 aball=0.0 bref=0.00 pid=0.0 pref=-522.0 ppos=-522.0 apid=0.0 integ=0.0 vision=1 current=1 vframe=36677 vs=1 vage=8 vpage=8 vdt=34 vmax=68111 vacc=33327 vrej=0 seq=0 elapsed=0 oled=3C
[   6468] STATUS mode=1 fault=none enc=-673 denc=0 sreq=0 sapplied=0 crate=0 uimp=0 upos=0 uneg=0 ball=117.46 vball=2.54 aball=0.0 bref=0.00 pid=0.0 pref=-522.0 ppos=-522.0 apid=0.0 integ=0.0 vision=1 current=1 vframe=36677 vs=1 vage=28 vpage=28 vdt=34 vmax=68111 vacc=33327 vrej=0 seq=0 elapsed=0 oled=3C
[   6500] STATUS mode=1 fault=none enc=-673 denc=0 sreq=0 sapplied=0 crate=0 uimp=0 upos=0 uneg=0 ball=117.48 vball=1.58 aball=0.0 bref=0.00 pid=0.0 pref=-522.0 ppos=-522.0 apid=0.0 integ=0.0 vision=1 current=1 vframe=36678 vs=1 vage=15 vpage=15 vdt=33 vmax=68111 vacc=33328 vrej=0 seq=0 elapsed=0 oled=3C
[   6516] STATUS mode=1 fault=none enc=-673 denc=0 sreq=0 sapplied=0 crate=0 uimp=0 upos=0 uneg=0 ball=117.28 vball=-1.85 aball=0.0 bref=0.00 pid=0.0 pref=-522.0 ppos=-522.0 apid=0.0 integ=0.0 vision=1 current=1 vframe=36679 vs=1 vage=22 vpage=22 vdt=33 vmax=68111 vacc=33329 vrej=0 seq=0 elapsed=0 oled=3C
[   6547] STATUS mode=1 fault=none enc=-673 denc=0 sreq=0 sapplied=0 crate=0 uimp=0 upos=0 uneg=0 ball=117.26 vball=-1.23 aball=0.0 bref=0.00 pid=0.0 pref=-522.0 ppos=-522.0 apid=0.0 integ=0.0 vision=1 current=1 vframe=36680 vs=1 vage=8 vpage=8 vdt=34 vmax=68111 vacc=33330 vrej=0 seq=0 elapsed=0 oled=3C
[   6577] STATUS mode=1 fault=none enc=-673 denc=0 sreq=0 sapplied=0 crate=0 uimp=0 upos=0 uneg=0 ball=117.26 vball=-1.23 aball=0.0 bref=0.00 pid=0.0 pref=-522.0 ppos=-522.0 apid=0.0 integ=0.0 vision=1 current=1 vframe=36680 vs=1 vage=28 vpage=28 vdt=34 vmax=68111 vacc=33330 vrej=0 seq=0 elapsed=0 oled=3C
[   6593] STATUS mode=1 fault=none enc=-673 denc=0 sreq=0 sapplied=0 crate=0 uimp=0 upos=0 uneg=0 ball=117.36 vball=0.55 aball=0.0 bref=0.00 pid=0.0 pref=-522.0 ppos=-522.0 apid=0.0 integ=0.0 vision=1 current=1 vframe=36682 vs=1 vage=2 vpage=2 vdt=34 vmax=68111 vacc=33332 vrej=0 seq=0 elapsed=0 oled=3C
[   6625] STATUS mode=1 fault=none enc=-673 denc=0 sreq=0 sapplied=0 crate=0 uimp=0 upos=0 uneg=0 ball=117.36 vball=0.55 aball=0.0 bref=0.00 pid=0.0 pref=-522.0 ppos=-522.0 apid=0.0 integ=0.0 vision=1 current=1 vframe=36682 vs=1 vage=22 vpage=22 vdt=34 vmax=68111 vacc=33332 vrej=0 seq=0 elapsed=0 oled=3C
[   6656] STATUS mode=1 fault=none enc=-673 denc=0 sreq=0 sapplied=0 crate=0 uimp=0 upos=0 uneg=0 ball=117.01 vball=-4.52 aball=0.0 bref=0.00 pid=0.0 pref=-522.0 ppos=-522.0 apid=0.0 integ=0.0 vision=1 current=1 vframe=36689 vs=1 vage=9 vpage=9 vdt=33 vmax=68111 vacc=33339 vrej=0 seq=0 elapsed=0 oled=3C
[   6672] STATUS mode=1 fault=none enc=-673 denc=0 sreq=0 sapplied=0 crate=0 uimp=0 upos=0 uneg=0 ball=117.01 vball=-4.52 aball=0.0 bref=0.00 pid=0.0 pref=-522.0 ppos=-522.0 apid=0.0 integ=0.0 vision=1 current=1 vframe=36689 vs=1 vage=29 vpage=29 vdt=33 vmax=68111 vacc=33339 vrej=0 seq=0 elapsed=0 oled=3C
[   6702] STATUS mode=1 fault=none enc=-673 denc=0 sreq=0 sapplied=0 crate=0 uimp=0 upos=0 uneg=0 ball=116.98 vball=-1.33 aball=0.0 bref=0.00 pid=0.0 pref=-522.0 ppos=-522.0 apid=0.0 integ=0.0 vision=1 current=1 vframe=36691 vs=1 vage=2 vpage=2 vdt=33 vmax=68111 vacc=33341 vrej=0 seq=0 elapsed=0 oled=3C
[   6733] STATUS mode=1 fault=none enc=-673 denc=0 sreq=0 sapplied=0 crate=0 uimp=0 upos=0 uneg=0 ball=116.98 vball=-1.33 aball=0.0 bref=0.00 pid=0.0 pref=-522.0 ppos=-522.0 apid=0.0 integ=0.0 vision=1 current=1 vframe=36691 vs=1 vage=22 vpage=22 vdt=33 vmax=68111 vacc=33341 vrej=0 seq=0 elapsed=0 oled=3C
[   6750] STATUS mode=1 fault=none enc=-673 denc=0 sreq=0 sapplied=0 crate=0 uimp=0 upos=0 uneg=0 ball=116.99 vball=-0.58 aball=0.0 bref=0.00 pid=0.0 pref=-522.0 ppos=-522.0 apid=0.0 integ=0.0 vision=1 current=1 vframe=36692 vs=1 vage=9 vpage=9 vdt=33 vmax=68111 vacc=33342 vrej=0 seq=0 elapsed=0 oled=3C
[   6781] STATUS mode=1 fault=none enc=-673 denc=0 sreq=0 sapplied=0 crate=0 uimp=0 upos=0 uneg=0 ball=116.99 vball=-0.25 aball=0.0 bref=0.00 pid=0.0 pref=-522.0 ppos=-522.0 apid=0.0 integ=0.0 vision=1 current=1 vframe=36693 vs=1 vage=16 vpage=16 vdt=33 vmax=68111 vacc=33343 vrej=0 seq=0 elapsed=0 oled=3C
[   6797] STATUS mode=1 fault=none enc=-673 denc=0 sreq=0 sapplied=0 crate=0 uimp=0 upos=0 uneg=0 ball=117.00 vball=-0.10 aball=0.0 bref=0.00 pid=0.0 pref=-522.0 ppos=-522.0 apid=0.0 integ=0.0 vision=1 current=1 vframe=36694 vs=1 vage=3 vpage=3 vdt=33 vmax=68111 vacc=33344 vrej=0 seq=0 elapsed=0 oled=3C
[   6827] STATUS mode=1 fault=none enc=-673 denc=0 sreq=0 sapplied=0 crate=0 uimp=0 upos=0 uneg=0 ball=117.00 vball=-0.10 aball=0.0 bref=0.00 pid=0.0 pref=-522.0 ppos=-522.0 apid=0.0 integ=0.0 vision=1 current=1 vframe=36694 vs=1 vage=23 vpage=23 vdt=33 vmax=68111 vacc=33344 vrej=0 seq=0 elapsed=0 oled=3C
[   6858] STATUS mode=1 fault=none enc=-673 denc=0 sreq=0 sapplied=0 crate=0 uimp=0 upos=0 uneg=0 ball=117.00 vball=-0.04 aball=0.0 bref=0.00 pid=0.0 pref=-522.0 ppos=-522.0 apid=0.0 integ=0.0 vision=1 current=1 vframe=36695 vs=1 vage=10 vpage=10 vdt=33 vmax=68111 vacc=33345 vrej=0 seq=0 elapsed=0 oled=3C
[   6875] STATUS mode=1 fault=none enc=-673 denc=0 sreq=0 sapplied=0 crate=0 uimp=0 upos=0 uneg=0 ball=117.00 vball=-0.02 aball=0.0 bref=0.00 pid=0.0 pref=-522.0 ppos=-522.0 apid=0.0 integ=0.0 vision=1 current=1 vframe=36696 vs=1 vage=16 vpage=16 vdt=34 vmax=68111 vacc=33346 vrej=0 seq=0 elapsed=0 oled=3C
[   6906] STATUS mode=1 fault=none enc=-673 denc=0 sreq=0 sapplied=0 crate=0 uimp=0 upos=0 uneg=0 ball=117.00 vball=-0.01 aball=0.0 bref=0.00 pid=0.0 pref=-522.0 ppos=-522.0 apid=0.0 integ=0.0 vision=1 current=1 vframe=36697 vs=1 vage=3 vpage=3 vdt=33 vmax=68111 vacc=33347 vrej=0 seq=0 elapsed=0 oled=3C
[   6936] STATUS mode=1 fault=none enc=-673 denc=0 sreq=0 sapplied=0 crate=0 uimp=0 upos=0 uneg=0 ball=117.00 vball=-0.01 aball=0.0 bref=0.00 pid=0.0 pref=-522.0 ppos=-522.0 apid=0.0 integ=0.0 vision=1 current=1 vframe=36697 vs=1 vage=23 vpage=23 vdt=33 vmax=68111 vacc=33347 vrej=0 seq=0 elapsed=0 oled=3C
[   6952] STATUS mode=1 fault=none enc=-673 denc=0 sreq=0 sapplied=0 crate=0 uimp=0 upos=0 uneg=0 ball=117.00 vball=-0.00 aball=0.0 bref=0.00 pid=0.0 pref=-522.0 ppos=-522.0 apid=0.0 integ=0.0 vision=1 current=1 vframe=36698 vs=1 vage=21 vpage=21 vdt=42 vmax=68111 vacc=33348 vrej=0 seq=0 elapsed=0 oled=3C
[   6983] STATUS mode=1 fault=none enc=-673 denc=0 sreq=0 sapplied=0 crate=0 uimp=0 upos=0 uneg=0 ball=117.24 vball=4.58 aball=0.0 bref=0.00 pid=0.0 pref=-522.0 ppos=-522.0 apid=0.0 integ=0.0 vision=1 current=1 vframe=36699 vs=1 vage=13 vpage=13 vdt=28 vmax=68111 vacc=33349 vrej=0 seq=0 elapsed=0 oled=3C
[   7016] STATUS mode=1 fault=none enc=-673 denc=0 sreq=0 sapplied=0 crate=0 uimp=0 upos=0 uneg=0 ball=117.31 vball=3.07 aball=0.0 bref=0.00 pid=0.0 pref=-522.0 ppos=-522.0 apid=0.0 integ=0.0 vision=1 current=1 vframe=36700 vs=1 vage=3 vpage=3 vdt=30 vmax=68111 vacc=33350 vrej=0 seq=0 elapsed=0 oled=3C
[   7031] STATUS mode=1 fault=none enc=-673 denc=0 sreq=0 sapplied=0 crate=0 uimp=0 upos=0 uneg=0 ball=117.31 vball=3.07 aball=0.0 bref=0.00 pid=0.0 pref=-522.0 ppos=-522.0 apid=0.0 integ=0.0 vision=1 current=1 vframe=36700 vs=1 vage=23 vpage=23 vdt=30 vmax=68111 vacc=33350 vrej=0 seq=0 elapsed=0 oled=3C
[   7061] STATUS mode=1 fault=none enc=-673 denc=0 sreq=0 sapplied=0 crate=0 uimp=0 upos=0 uneg=0 ball=117.28 vball=1.23 aball=0.0 bref=0.00 pid=0.0 pref=-522.0 ppos=-522.0 apid=0.0 integ=0.0 vision=1 current=1 vframe=36701 vs=1 vage=29 vpage=29 vdt=34 vmax=68111 vacc=33351 vrej=0 seq=0 elapsed=0 oled=3C
[   7093] STATUS mode=1 fault=none enc=-673 denc=0 sreq=0 sapplied=0 crate=0 uimp=0 upos=0 uneg=0 ball=117.27 vball=0.50 aball=0.0 bref=0.00 pid=0.0 pref=-522.0 ppos=-522.0 apid=0.0 integ=0.0 vision=1 current=1 vframe=36702 vs=1 vage=16 vpage=16 vdt=33 vmax=68111 vacc=33352 vrej=0 seq=0 elapsed=0 oled=3C
[   7108] STATUS mode=1 fault=none enc=-673 denc=0 sreq=0 sapplied=0 crate=0 uimp=0 upos=0 uneg=0 ball=117.32 vball=1.12 aball=0.0 bref=0.00 pid=0.0 pref=-522.0 ppos=-522.0 apid=0.0 integ=0.0 vision=1 current=1 vframe=36703 vs=1 vage=3 vpage=3 vdt=33 vmax=68111 vacc=33353 vrej=0 seq=0 elapsed=0 oled=3C
[   7141] STATUS mode=1 fault=none enc=-673 denc=0 sreq=0 sapplied=0 crate=0 uimp=0 upos=0 uneg=0 ball=117.35 vball=0.91 aball=0.0 bref=0.00 pid=0.0 pref=-522.0 ppos=-522.0 apid=0.0 integ=0.0 vision=1 current=1 vframe=36704 vs=1 vage=10 vpage=10 vdt=33 vmax=68111 vacc=33354 vrej=0 seq=0 elapsed=0 oled=3C
[   7172] STATUS mode=1 fault=none enc=-673 denc=0 sreq=0 sapplied=0 crate=0 uimp=0 upos=0 uneg=0 ball=117.35 vball=0.91 aball=0.0 bref=0.00 pid=0.0 pref=-522.0 ppos=-522.0 apid=0.0 integ=0.0 vision=1 current=1 vframe=36704 vs=1 vage=30 vpage=30 vdt=33 vmax=68111 vacc=33354 vrej=0 seq=0 elapsed=0 oled=3C
[   7186] STATUS mode=1 fault=none enc=-673 denc=0 sreq=0 sapplied=0 crate=0 uimp=0 upos=0 uneg=0 ball=117.27 vball=-0.54 aball=0.0 bref=0.00 pid=0.0 pref=-522.0 ppos=-522.0 apid=0.0 integ=0.0 vision=1 current=1 vframe=36705 vs=1 vage=16 vpage=16 vdt=34 vmax=68111 vacc=33355 vrej=0 seq=0 elapsed=0 oled=3C
[   7218] STATUS mode=1 fault=none enc=-673 denc=0 sreq=0 sapplied=0 crate=0 uimp=0 upos=0 uneg=0 ball=117.26 vball=-0.40 aball=0.0 bref=0.00 pid=0.0 pref=-522.0 ppos=-522.0 apid=0.0 integ=0.0 vision=1 current=1 vframe=36706 vs=1 vage=2 vpage=2 vdt=34 vmax=68111 vacc=33356 vrej=0 seq=0 elapsed=0 oled=3C
[   7250] STATUS mode=1 fault=none enc=-673 denc=0 sreq=0 sapplied=0 crate=0 uimp=0 upos=0 uneg=0 ball=117.26 vball=-0.15 aball=0.0 bref=0.00 pid=0.0 pref=-522.0 ppos=-522.0 apid=0.0 integ=0.0 vision=1 current=1 vframe=36707 vs=1 vage=9 vpage=9 vdt=33 vmax=68111 vacc=33357 vrej=0 seq=0 elapsed=0 oled=3C
[   7266] STATUS mode=1 fault=none enc=-673 denc=0 sreq=0 sapplied=0 crate=0 uimp=0 upos=0 uneg=0 ball=117.26 vball=-0.15 aball=0.0 bref=0.00 pid=0.0 pref=-522.0 ppos=-522.0 apid=0.0 integ=0.0 vision=1 current=1 vframe=36707 vs=1 vage=29 vpage=29 vdt=33 vmax=68111 vacc=33357 vrej=0 seq=0 elapsed=0 oled=3C
[   7297] STATUS mode=1 fault=none enc=-673 denc=0 sreq=0 sapplied=0 crate=0 uimp=0 upos=0 uneg=0 ball=117.27 vball=-0.06 aball=0.0 bref=0.00 pid=0.0 pref=-522.0 ppos=-522.0 apid=0.0 integ=0.0 vision=1 current=1 vframe=36708 vs=1 vage=16 vpage=16 vdt=33 vmax=68111 vacc=33358 vrej=0 seq=0 elapsed=0 oled=3C
[   7327] STATUS mode=1 fault=none enc=-673 denc=0 sreq=0 sapplied=0 crate=0 uimp=0 upos=0 uneg=0 ball=117.38 vball=1.81 aball=0.0 bref=0.00 pid=0.0 pref=-522.0 ppos=-522.0 apid=0.0 integ=0.0 vision=1 current=1 vframe=36709 vs=1 vage=23 vpage=23 vdt=33 vmax=68111 vacc=33359 vrej=0 seq=0 elapsed=0 oled=3C
[   7343] STATUS mode=1 fault=none enc=-673 denc=0 sreq=0 sapplied=0 crate=0 uimp=0 upos=0 uneg=0 ball=117.28 vball=-0.42 aball=0.0 bref=0.00 pid=0.0 pref=-522.0 ppos=-522.0 apid=0.0 integ=0.0 vision=1 current=1 vframe=36710 vs=1 vage=10 vpage=10 vdt=33 vmax=68111 vacc=33360 vrej=0 seq=0 elapsed=0 oled=3C
[   7375] STATUS mode=1 fault=none enc=-673 denc=0 sreq=0 sapplied=0 crate=0 uimp=0 upos=0 uneg=0 ball=117.28 vball=-0.42 aball=0.0 bref=0.00 pid=0.0 pref=-522.0 ppos=-522.0 apid=0.0 integ=0.0 vision=1 current=1 vframe=36710 vs=1 vage=30 vpage=30 vdt=33 vmax=68111 vacc=33360 vrej=0 seq=0 elapsed=0 oled=3C
[   7391] STATUS mode=1 fault=none enc=-673 denc=0 sreq=0 sapplied=0 crate=0 uimp=0 upos=0 uneg=0 ball=117.35 vball=0.86 aball=0.0 bref=0.00 pid=0.0 pref=-522.0 ppos=-522.0 apid=0.0 integ=0.0 vision=1 current=1 vframe=36712 vs=1 vage=3 vpage=3 vdt=33 vmax=68111 vacc=33362 vrej=0 seq=0 elapsed=0 oled=3C
[   7422] STATUS mode=1 fault=none enc=-673 denc=0 sreq=0 sapplied=0 crate=0 uimp=0 upos=0 uneg=0 ball=117.35 vball=0.86 aball=0.0 bref=0.00 pid=0.0 pref=-522.0 ppos=-522.0 apid=0.0 integ=0.0 vision=1 current=1 vframe=36712 vs=1 vage=23 vpage=23 vdt=33 vmax=68111 vacc=33362 vrej=0 seq=0 elapsed=0 oled=3C
[   7452] STATUS mode=1 fault=none enc=-673 denc=0 sreq=0 sapplied=0 crate=0 uimp=0 upos=0 uneg=0 ball=117.10 vball=-3.35 aball=0.0 bref=0.00 pid=0.0 pref=-522.0 ppos=-522.0 apid=0.0 integ=0.0 vision=1 current=1 vframe=36713 vs=1 vage=9 vpage=9 vdt=34 vmax=68111 vacc=33363 vrej=0 seq=0 elapsed=0 oled=3C
[   7468] STATUS mode=1 fault=none enc=-673 denc=0 sreq=0 sapplied=0 crate=0 uimp=0 upos=0 uneg=0 ball=117.10 vball=-3.35 aball=0.0 bref=0.00 pid=0.0 pref=-522.0 ppos=-522.0 apid=0.0 integ=0.0 vision=1 current=1 vframe=36713 vs=1 vage=29 vpage=29 vdt=34 vmax=68111 vacc=33363 vrej=0 seq=0 elapsed=0 oled=3C
[   7500] STATUS mode=1 fault=none enc=-673 denc=0 sreq=0 sapplied=0 crate=0 uimp=0 upos=0 uneg=0 ball=116.82 vball=-1.80 aball=0.0 bref=0.00 pid=0.0 pref=-522.0 ppos=-522.0 apid=0.0 integ=0.0 vision=1 current=1 vframe=36715 vs=1 vage=2 vpage=2 vdt=34 vmax=68111 vacc=33365 vrej=0 seq=0 elapsed=0 oled=3C
[   7531] STATUS mode=1 fault=none enc=-673 denc=0 sreq=0 sapplied=0 crate=0 uimp=0 upos=0 uneg=0 ball=116.82 vball=-1.80 aball=0.0 bref=0.00 pid=0.0 pref=-522.0 ppos=-522.0 apid=0.0 integ=0.0 vision=1 current=1 vframe=36715 vs=1 vage=22 vpage=22 vdt=34 vmax=68111 vacc=33365 vrej=0 seq=0 elapsed=0 oled=3C
[   7547] STATUS mode=1 fault=none enc=-673 denc=0 sreq=0 sapplied=0 crate=0 uimp=0 upos=0 uneg=0 ball=116.97 vball=1.06 aball=0.0 bref=0.00 pid=0.0 pref=-522.0 ppos=-522.0 apid=0.0 integ=0.0 vision=1 current=1 vframe=36716 vs=1 vage=9 vpage=9 vdt=33 vmax=68111 vacc=33366 vrej=0 seq=0 elapsed=0 oled=3C
[   7577] STATUS mode=1 fault=none enc=-673 denc=0 sreq=0 sapplied=0 crate=0 uimp=0 upos=0 uneg=0 ball=116.65 vball=-3.67 aball=0.0 bref=0.00 pid=0.0 pref=-522.0 ppos=-522.0 apid=0.0 integ=0.0 vision=1 current=1 vframe=36717 vs=1 vage=16 vpage=16 vdt=33 vmax=68111 vacc=33367 vrej=0 seq=0 elapsed=0 oled=3C
[   7608] STATUS mode=1 fault=none enc=-673 denc=0 sreq=0 sapplied=0 crate=0 uimp=0 upos=0 uneg=0 ball=117.03 vball=2.97 aball=0.0 bref=0.00 pid=0.0 pref=-522.0 ppos=-522.0 apid=0.0 integ=0.0 vision=1 current=1 vframe=36718 vs=1 vage=2 vpage=2 vdt=34 vmax=68111 vacc=33368 vrej=0 seq=0 elapsed=0 oled=3C
[   7625] STATUS mode=1 fault=none enc=-673 denc=0 sreq=0 sapplied=0 crate=0 uimp=0 upos=0 uneg=0 ball=117.03 vball=2.97 aball=0.0 bref=0.00 pid=0.0 pref=-522.0 ppos=-522.0 apid=0.0 integ=0.0 vision=1 current=1 vframe=36718 vs=1 vage=22 vpage=22 vdt=34 vmax=68111 vacc=33368 vrej=0 seq=0 elapsed=0 oled=3C
[   7656] STATUS mode=1 fault=none enc=-673 denc=0 sreq=0 sapplied=0 crate=0 uimp=0 upos=0 uneg=0 ball=117.07 vball=2.12 aball=0.0 bref=0.00 pid=0.0 pref=-522.0 ppos=-522.0 apid=0.0 integ=0.0 vision=1 current=1 vframe=36719 vs=1 vage=9 vpage=9 vdt=33 vmax=68111 vacc=33369 vrej=0 seq=0 elapsed=0 oled=3C
[   7686] STATUS mode=1 fault=none enc=-673 denc=0 sreq=0 sapplied=0 crate=0 uimp=0 upos=0 uneg=0 ball=117.07 vball=1.04 aball=0.0 bref=0.00 pid=0.0 pref=-522.0 ppos=-522.0 apid=0.0 integ=0.0 vision=1 current=1 vframe=36720 vs=1 vage=16 vpage=16 vdt=33 vmax=68111 vacc=33370 vrej=0 seq=0 elapsed=0 oled=3C
[   7702] STATUS mode=1 fault=none enc=-673 denc=0 sreq=0 sapplied=0 crate=0 uimp=0 upos=0 uneg=0 ball=117.06 vball=0.47 aball=0.0 bref=0.00 pid=0.0 pref=-522.0 ppos=-522.0 apid=0.0 integ=0.0 vision=1 current=1 vframe=36721 vs=1 vage=2 vpage=2 vdt=34 vmax=68111 vacc=33371 vrej=0 seq=0 elapsed=0 oled=3C
[   7733] STATUS mode=1 fault=none enc=-673 denc=0 sreq=0 sapplied=0 crate=0 uimp=0 upos=0 uneg=0 ball=117.06 vball=0.47 aball=0.0 bref=0.00 pid=0.0 pref=-522.0 ppos=-522.0 apid=0.0 integ=0.0 vision=1 current=1 vframe=36721 vs=1 vage=22 vpage=22 vdt=34 vmax=68111 vacc=33371 vrej=0 seq=0 elapsed=0 oled=3C
[   7766] STATUS mode=1 fault=none enc=-673 denc=0 sreq=0 sapplied=0 crate=0 uimp=0 upos=0 uneg=0 ball=117.35 vball=4.23 aball=0.0 bref=0.00 pid=0.0 pref=-522.0 ppos=-522.0 apid=0.0 integ=0.0 vision=1 current=1 vframe=36722 vs=1 vage=29 vpage=29 vdt=33 vmax=68111 vacc=33372 vrej=0 seq=0 elapsed=0 oled=3C
[   7781] STATUS mode=1 fault=none enc=-673 denc=0 sreq=0 sapplied=0 crate=0 uimp=0 upos=0 uneg=0 ball=117.38 vball=2.51 aball=0.0 bref=0.00 pid=0.0 pref=-522.0 ppos=-522.0 apid=0.0 integ=0.0 vision=1 current=1 vframe=36723 vs=1 vage=16 vpage=16 vdt=33 vmax=68111 vacc=33373 vrej=0 seq=0 elapsed=0 oled=3C
[   7811] STATUS mode=1 fault=none enc=-673 denc=0 sreq=0 sapplied=0 crate=0 uimp=0 upos=0 uneg=0 ball=117.37 vball=1.21 aball=0.0 bref=0.00 pid=0.0 pref=-522.0 ppos=-522.0 apid=0.0 integ=0.0 vision=1 current=1 vframe=36724 vs=1 vage=2 vpage=2 vdt=34 vmax=68111 vacc=33374 vrej=0 seq=0 elapsed=0 oled=3C
[   7827] STATUS mode=1 fault=none enc=-673 denc=0 sreq=0 sapplied=0 crate=0 uimp=0 upos=0 uneg=0 ball=117.37 vball=1.21 aball=0.0 bref=0.00 pid=0.0 pref=-522.0 ppos=-522.0 apid=0.0 integ=0.0 vision=1 current=1 vframe=36724 vs=1 vage=22 vpage=22 vdt=34 vmax=68111 vacc=33374 vrej=0 seq=0 elapsed=0 oled=3C
[   7858] STATUS mode=1 fault=none enc=-673 denc=0 sreq=0 sapplied=0 crate=0 uimp=0 upos=0 uneg=0 ball=117.36 vball=0.52 aball=0.0 bref=0.00 pid=0.0 pref=-522.0 ppos=-522.0 apid=0.0 integ=0.0 vision=1 current=1 vframe=36725 vs=1 vage=29 vpage=29 vdt=33 vmax=68111 vacc=33375 vrej=0 seq=0 elapsed=0 oled=3C
[   7891] STATUS mode=1 fault=none enc=-673 denc=0 sreq=0 sapplied=0 crate=0 uimp=0 upos=0 uneg=0 ball=117.36 vball=0.22 aball=0.0 bref=0.00 pid=0.0 pref=-522.0 ppos=-522.0 apid=0.0 integ=0.0 vision=1 current=1 vframe=36726 vs=1 vage=16 vpage=16 vdt=33 vmax=68111 vacc=33376 vrej=0 seq=0 elapsed=0 oled=3C
[   7906] STATUS mode=1 fault=none enc=-673 denc=0 sreq=0 sapplied=0 crate=0 uimp=0 upos=0 uneg=0 ball=117.36 vball=0.09 aball=0.0 bref=0.00 pid=0.0 pref=-522.0 ppos=-522.0 apid=0.0 integ=0.0 vision=1 current=1 vframe=36727 vs=1 vage=2 vpage=2 vdt=34 vmax=68111 vacc=33377 vrej=0 seq=0 elapsed=0 oled=3C
[   7936] STATUS mode=1 fault=none enc=-673 denc=0 sreq=0 sapplied=0 crate=0 uimp=0 upos=0 uneg=0 ball=117.09 vball=-3.66 aball=0.0 bref=0.00 pid=0.0 pref=-522.0 ppos=-522.0 apid=0.0 integ=0.0 vision=1 current=1 vframe=36728 vs=1 vage=9 vpage=9 vdt=33 vmax=68111 vacc=33378 vrej=0 seq=0 elapsed=0 oled=3C
[   7968] STATUS mode=1 fault=none enc=-673 denc=0 sreq=0 sapplied=0 crate=0 uimp=0 upos=0 uneg=0 ball=117.09 vball=-3.66 aball=0.0 bref=0.00 pid=0.0 pref=-522.0 ppos=-522.0 apid=0.0 integ=0.0 vision=1 current=1 vframe=36728 vs=1 vage=29 vpage=29 vdt=33 vmax=68111 vacc=33378 vrej=0 seq=0 elapsed=0 oled=3C
[   7983] STATUS mode=1 fault=none enc=-673 denc=0 sreq=0 sapplied=0 crate=0 uimp=0 upos=0 uneg=0 ball=117.36 vball=1.71 aball=0.0 bref=0.00 pid=0.0 pref=-522.0 ppos=-522.0 apid=0.0 integ=0.0 vision=1 current=1 vframe=36729 vs=1 vage=16 vpage=16 vdt=33 vmax=68111 vacc=33379 vrej=0 seq=0 elapsed=0 oled=3C
[   8016] STATUS mode=1 fault=none enc=-673 denc=0 sreq=0 sapplied=0 crate=0 uimp=0 upos=0 uneg=0 ball=117.37 vball=1.01 aball=0.0 bref=0.00 pid=0.0 pref=-522.0 ppos=-522.0 apid=0.0 integ=0.0 vision=1 current=1 vframe=36730 vs=1 vage=3 vpage=3 vdt=33 vmax=68111 vacc=33380 vrej=0 seq=0 elapsed=0 oled=3C
[   8047] STATUS mode=1 fault=none enc=-673 denc=0 sreq=0 sapplied=0 crate=0 uimp=0 upos=0 uneg=0 ball=117.36 vball=0.48 aball=0.0 bref=0.00 pid=0.0 pref=-522.0 ppos=-522.0 apid=0.0 integ=0.0 vision=1 current=1 vframe=36731 vs=1 vage=8 vpage=8 vdt=35 vmax=68111 vacc=33381 vrej=0 seq=0 elapsed=0 oled=3C
[   8061] STATUS mode=1 fault=none enc=-673 denc=0 sreq=0 sapplied=0 crate=0 uimp=0 upos=0 uneg=0 ball=117.36 vball=0.48 aball=0.0 bref=0.00 pid=0.0 pref=-522.0 ppos=-522.0 apid=0.0 integ=0.0 vision=1 current=1 vframe=36731 vs=1 vage=28 vpage=28 vdt=35 vmax=68111 vacc=33381 vrej=0 seq=0 elapsed=0 oled=3C
[   8093] STATUS mode=1 fault=none enc=-673 denc=0 sreq=0 sapplied=0 crate=0 uimp=0 upos=0 uneg=0 ball=117.36 vball=0.21 aball=0.0 bref=0.00 pid=0.0 pref=-522.0 ppos=-522.0 apid=0.0 integ=0.0 vision=1 current=1 vframe=36732 vs=1 vage=16 vpage=16 vdt=32 vmax=68111 vacc=33382 vrej=0 seq=0 elapsed=0 oled=3C
[   8125] STATUS mode=1 fault=none enc=-673 denc=0 sreq=0 sapplied=0 crate=0 uimp=0 upos=0 uneg=0 ball=117.36 vball=0.09 aball=0.0 bref=0.00 pid=0.0 pref=-522.0 ppos=-522.0 apid=0.0 integ=0.0 vision=1 current=1 vframe=36733 vs=1 vage=23 vpage=23 vdt=33 vmax=68111 vacc=33383 vrej=0 seq=0 elapsed=0 oled=3C
[   8141] STATUS mode=1 fault=none enc=-673 denc=0 sreq=0 sapplied=0 crate=0 uimp=0 upos=0 uneg=0 ball=117.36 vball=0.04 aball=0.0 bref=0.00 pid=0.0 pref=-522.0 ppos=-522.0 apid=0.0 integ=0.0 vision=1 current=1 vframe=36734 vs=1 vage=10 vpage=10 vdt=33 vmax=68111 vacc=33384 vrej=0 seq=0 elapsed=0 oled=3C
[   8172] STATUS mode=1 fault=none enc=-673 denc=0 sreq=0 sapplied=0 crate=0 uimp=0 upos=0 uneg=0 ball=117.36 vball=0.04 aball=0.0 bref=0.00 pid=0.0 pref=-522.0 ppos=-522.0 apid=0.0 integ=0.0 vision=1 current=1 vframe=36734 vs=1 vage=30 vpage=30 vdt=33 vmax=68111 vacc=33384 vrej=0 seq=0 elapsed=0 oled=3C
[   8202] STATUS mode=1 fault=none enc=-673 denc=0 sreq=0 sapplied=0 crate=0 uimp=0 upos=0 uneg=0 ball=117.29 vball=-0.90 aball=0.0 bref=0.00 pid=0.0 pref=-522.0 ppos=-522.0 apid=0.0 integ=0.0 vision=1 current=1 vframe=36735 vs=1 vage=16 vpage=16 vdt=34 vmax=68111 vacc=33385 vrej=0 seq=0 elapsed=0 oled=3C
[   8218] STATUS mode=1 fault=none enc=-673 denc=0 sreq=0 sapplied=0 crate=0 uimp=0 upos=0 uneg=0 ball=117.35 vball=0.35 aball=0.0 bref=0.00 pid=0.0 pref=-522.0 ppos=-522.0 apid=0.0 integ=0.0 vision=1 current=1 vframe=36736 vs=1 vage=24 vpage=24 vdt=32 vmax=68111 vacc=33386 vrej=0 seq=0 elapsed=0 oled=3C
[   8250] STATUS mode=1 fault=none enc=-673 denc=0 sreq=0 sapplied=0 crate=0 uimp=0 upos=0 uneg=0 ball=117.29 vball=-0.66 aball=0.0 bref=0.00 pid=0.0 pref=-522.0 ppos=-522.0 apid=0.0 integ=0.0 vision=1 current=1 vframe=36737 vs=1 vage=10 vpage=10 vdt=34 vmax=68111 vacc=33387 vrej=0 seq=0 elapsed=0 oled=3C
[   8281] STATUS mode=1 fault=none enc=-673 denc=0 sreq=0 sapplied=0 crate=0 uimp=0 upos=0 uneg=0 ball=117.29 vball=-0.66 aball=0.0 bref=0.00 pid=0.0 pref=-522.0 ppos=-522.0 apid=0.0 integ=0.0 vision=1 current=1 vframe=36737 vs=1 vage=30 vpage=30 vdt=34 vmax=68111 vacc=33387 vrej=0 seq=0 elapsed=0 oled=3C
[   8297] STATUS mode=1 fault=none enc=-673 denc=0 sreq=0 sapplied=0 crate=0 uimp=0 upos=0 uneg=0 ball=117.31 vball=0.08 aball=0.0 bref=0.00 pid=0.0 pref=-522.0 ppos=-522.0 apid=0.0 integ=0.0 vision=1 current=1 vframe=36739 vs=1 vage=4 vpage=4 vdt=33 vmax=68111 vacc=33389 vrej=0 seq=0 elapsed=0 oled=3C
[   8327] STATUS mode=1 fault=none enc=-673 denc=0 sreq=0 sapplied=0 crate=0 uimp=0 upos=0 uneg=0 ball=117.31 vball=0.08 aball=0.0 bref=0.00 pid=0.0 pref=-522.0 ppos=-522.0 apid=0.0 integ=0.0 vision=1 current=1 vframe=36739 vs=1 vage=24 vpage=24 vdt=33 vmax=68111 vacc=33389 vrej=0 seq=0 elapsed=0 oled=3C
[   8358] STATUS mode=1 fault=none enc=-673 denc=0 sreq=0 sapplied=0 crate=0 uimp=0 upos=0 uneg=0 ball=117.31 vball=0.06 aball=0.0 bref=0.00 pid=0.0 pref=-522.0 ppos=-522.0 apid=0.0 integ=0.0 vision=1 current=1 vframe=36740 vs=1 vage=10 vpage=10 vdt=34 vmax=68111 vacc=33390 vrej=0 seq=0 elapsed=0 oled=3C
[   8375] STATUS mode=1 fault=none enc=-673 denc=0 sreq=0 sapplied=0 crate=0 uimp=0 upos=0 uneg=0 ball=117.31 vball=0.06 aball=0.0 bref=0.00 pid=0.0 pref=-522.0 ppos=-522.0 apid=0.0 integ=0.0 vision=1 current=1 vframe=36740 vs=1 vage=30 vpage=30 vdt=34 vmax=68111 vacc=33390 vrej=0 seq=0 elapsed=0 oled=3C
[   8406] STATUS mode=1 fault=none enc=-673 denc=0 sreq=0 sapplied=0 crate=0 uimp=0 upos=0 uneg=0 ball=117.31 vball=0.01 aball=0.0 bref=0.00 pid=0.0 pref=-522.0 ppos=-522.0 apid=0.0 integ=0.0 vision=1 current=1 vframe=36742 vs=1 vage=4 vpage=4 vdt=33 vmax=68111 vacc=33392 vrej=0 seq=0 elapsed=0 oled=3C
[   8422] STATUS mode=1 fault=none enc=-673 denc=0 sreq=0 sapplied=0 crate=0 uimp=0 upos=0 uneg=0 ball=117.31 vball=0.01 aball=0.0 bref=0.00 pid=0.0 pref=-522.0 ppos=-522.0 apid=0.0 integ=0.0 vision=1 current=1 vframe=36742 vs=1 vage=24 vpage=24 vdt=33 vmax=68111 vacc=33392 vrej=0 seq=0 elapsed=0 oled=3C
[   8452] STATUS mode=1 fault=none enc=-673 denc=0 sreq=0 sapplied=0 crate=0 uimp=0 upos=0 uneg=0 ball=117.33 vball=0.24 aball=0.0 bref=0.00 pid=0.0 pref=-522.0 ppos=-522.0 apid=0.0 integ=0.0 vision=1 current=1 vframe=36743 vs=1 vage=10 vpage=10 vdt=34 vmax=68111 vacc=33393 vrej=0 seq=0 elapsed=0 oled=3C
[   8483] STATUS mode=1 fault=none enc=-673 denc=0 sreq=0 sapplied=0 crate=0 uimp=0 upos=0 uneg=0 ball=117.30 vball=-0.37 aball=0.0 bref=0.00 pid=0.0 pref=-522.0 ppos=-522.0 apid=0.0 integ=0.0 vision=1 current=1 vframe=36744 vs=1 vage=17 vpage=17 vdt=33 vmax=68111 vacc=33394 vrej=0 seq=0 elapsed=0 oled=3C
[   8500] STATUS mode=1 fault=none enc=-673 denc=0 sreq=0 sapplied=0 crate=0 uimp=0 upos=0 uneg=0 ball=117.22 vball=-0.63 aball=0.0 bref=0.00 pid=0.0 pref=-522.0 ppos=-522.0 apid=0.0 integ=0.0 vision=1 current=1 vframe=36745 vs=1 vage=4 vpage=4 vdt=33 vmax=68111 vacc=33395 vrej=0 seq=0 elapsed=0 oled=3C
[   8531] STATUS mode=1 fault=none enc=-673 denc=0 sreq=0 sapplied=0 crate=0 uimp=0 upos=0 uneg=0 ball=117.22 vball=-0.63 aball=0.0 bref=0.00 pid=0.0 pref=-522.0 ppos=-522.0 apid=0.0 integ=0.0 vision=1 current=1 vframe=36745 vs=1 vage=24 vpage=24 vdt=33 vmax=68111 vacc=33395 vrej=0 seq=0 elapsed=0 oled=3C
[   8561] STATUS mode=1 fault=none enc=-673 denc=0 sreq=0 sapplied=0 crate=0 uimp=0 upos=0 uneg=0 ball=117.33 vball=1.15 aball=0.0 bref=0.00 pid=0.0 pref=-522.0 ppos=-522.0 apid=0.0 integ=0.0 vision=1 current=1 vframe=36746 vs=1 vage=10 vpage=10 vdt=34 vmax=68111 vacc=33396 vrej=0 seq=0 elapsed=0 oled=3C
[   8577] STATUS mode=1 fault=none enc=-673 denc=0 sreq=0 sapplied=0 crate=0 uimp=0 upos=0 uneg=0 ball=117.34 vball=0.74 aball=0.0 bref=0.00 pid=0.0 pref=-522.0 ppos=-522.0 apid=0.0 integ=0.0 vision=1 current=1 vframe=36747 vs=1 vage=16 vpage=16 vdt=34 vmax=68111 vacc=33397 vrej=0 seq=0 elapsed=0 oled=3C
[   8608] STATUS mode=1 fault=none enc=-673 denc=0 sreq=0 sapplied=0 crate=0 uimp=0 upos=0 uneg=0 ball=117.34 vball=0.35 aball=0.0 bref=0.00 pid=0.0 pref=-522.0 ppos=-522.0 apid=0.0 integ=0.0 vision=1 current=1 vframe=36748 vs=1 vage=5 vpage=5 vdt=31 vmax=68111 vacc=33398 vrej=0 seq=0 elapsed=0 oled=3C
[   8641] STATUS mode=1 fault=none enc=-673 denc=0 sreq=0 sapplied=0 crate=0 uimp=0 upos=0 uneg=0 ball=117.34 vball=0.35 aball=0.0 bref=0.00 pid=0.0 pref=-522.0 ppos=-522.0 apid=0.0 integ=0.0 vision=1 current=1 vframe=36748 vs=1 vage=25 vpage=25 vdt=31 vmax=68111 vacc=33398 vrej=0 seq=0 elapsed=0 oled=3C
[   8656] STATUS mode=1 fault=none enc=-673 denc=0 sreq=0 sapplied=0 crate=0 uimp=0 upos=0 uneg=0 ball=117.34 vball=0.16 aball=0.0 bref=0.00 pid=0.0 pref=-522.0 ppos=-522.0 apid=0.0 integ=0.0 vision=1 current=1 vframe=36749 vs=1 vage=31 vpage=31 vdt=34 vmax=68111 vacc=33399 vrej=0 seq=0 elapsed=0 oled=3C
[   8686] STATUS mode=1 fault=none enc=-673 denc=0 sreq=0 sapplied=0 crate=0 uimp=0 upos=0 uneg=0 ball=117.35 vball=0.37 aball=0.0 bref=0.00 pid=0.0 pref=-522.0 ppos=-522.0 apid=0.0 integ=0.0 vision=1 current=1 vframe=36750 vs=1 vage=18 vpage=18 vdt=33 vmax=68111 vacc=33400 vrej=0 seq=0 elapsed=0 oled=3C
[   8718] STATUS mode=1 fault=none enc=-673 denc=0 sreq=0 sapplied=0 crate=0 uimp=0 upos=0 uneg=0 ball=117.36 vball=0.29 aball=0.0 bref=0.00 pid=0.0 pref=-522.0 ppos=-522.0 apid=0.0 integ=0.0 vision=1 current=1 vframe=36751 vs=1 vage=5 vpage=5 vdt=33 vmax=68111 vacc=33401 vrej=0 seq=0 elapsed=0 oled=3C
[   8733] STATUS mode=1 fault=none enc=-673 denc=0 sreq=0 sapplied=0 crate=0 uimp=0 upos=0 uneg=0 ball=117.36 vball=0.29 aball=0.0 bref=0.00 pid=0.0 pref=-522.0 ppos=-522.0 apid=0.0 integ=0.0 vision=1 current=1 vframe=36751 vs=1 vage=25 vpage=25 vdt=33 vmax=68111 vacc=33401 vrej=0 seq=0 elapsed=0 oled=3C
[   8766] STATUS mode=1 fault=none enc=-673 denc=0 sreq=0 sapplied=0 crate=0 uimp=0 upos=0 uneg=0 ball=117.36 vball=0.15 aball=0.0 bref=0.00 pid=0.0 pref=-522.0 ppos=-522.0 apid=0.0 integ=0.0 vision=1 current=1 vframe=36752 vs=1 vage=30 vpage=30 vdt=35 vmax=68111 vacc=33402 vrej=0 seq=0 elapsed=0 oled=3C
[   8797] STATUS mode=1 fault=none enc=-673 denc=0 sreq=0 sapplied=0 crate=0 uimp=0 upos=0 uneg=0 ball=117.36 vball=0.07 aball=0.0 bref=0.00 pid=0.0 pref=-522.0 ppos=-522.0 apid=0.0 integ=0.0 vision=1 current=1 vframe=36753 vs=1 vage=16 vpage=16 vdt=34 vmax=68111 vacc=33403 vrej=0 seq=0 elapsed=0 oled=3C
[   8811] STATUS mode=1 fault=none enc=-673 denc=0 sreq=0 sapplied=0 crate=0 uimp=0 upos=0 uneg=0 ball=117.36 vball=0.03 aball=0.0 bref=0.00 pid=0.0 pref=-522.0 ppos=-522.0 apid=0.0 integ=0.0 vision=1 current=1 vframe=36754 vs=1 vage=3 vpage=3 vdt=33 vmax=68111 vacc=33404 vrej=0 seq=0 elapsed=0 oled=3C
[   8843] STATUS mode=1 fault=none enc=-673 denc=0 sreq=0 sapplied=0 crate=0 uimp=0 upos=0 uneg=0 ball=117.35 vball=-0.20 aball=0.0 bref=0.00 pid=0.0 pref=-522.0 ppos=-522.0 apid=0.0 integ=0.0 vision=1 current=1 vframe=36755 vs=1 vage=9 vpage=9 vdt=34 vmax=68111 vacc=33405 vrej=0 seq=0 elapsed=0 oled=3C
[   8858] STATUS mode=1 fault=none enc=-673 denc=0 sreq=0 sapplied=0 crate=0 uimp=0 upos=0 uneg=0 ball=117.35 vball=-0.20 aball=0.0 bref=0.00 pid=0.0 pref=-522.0 ppos=-522.0 apid=0.0 integ=0.0 vision=1 current=1 vframe=36755 vs=1 vage=29 vpage=29 vdt=34 vmax=68111 vacc=33405 vrej=0 seq=0 elapsed=0 oled=3C
[   8891] STATUS mode=1 fault=none enc=-673 denc=0 sreq=0 sapplied=0 crate=0 uimp=0 upos=0 uneg=0 ball=117.30 vball=-0.86 aball=0.0 bref=0.00 pid=0.0 pref=-522.0 ppos=-522.0 apid=0.0 integ=0.0 vision=1 current=1 vframe=36756 vs=1 vage=16 vpage=16 vdt=33 vmax=68111 vacc=33406 vrej=0 seq=0 elapsed=0 oled=3C
[   8922] STATUS mode=1 fault=none enc=-673 denc=0 sreq=0 sapplied=0 crate=0 uimp=0 upos=0 uneg=0 ball=117.28 vball=-0.85 aball=0.0 bref=0.00 pid=0.0 pref=-522.0 ppos=-522.0 apid=0.0 integ=0.0 vision=1 current=1 vframe=36757 vs=1 vage=22 vpage=22 vdt=34 vmax=68111 vacc=33407 vrej=0 seq=0 elapsed=0 oled=3C
[   8936] STATUS mode=1 fault=none enc=-673 denc=0 sreq=0 sapplied=0 crate=0 uimp=0 upos=0 uneg=0 ball=117.26 vball=-0.78 aball=0.0 bref=0.00 pid=0.0 pref=-522.0 ppos=-522.0 apid=0.0 integ=0.0 vision=1 current=1 vframe=36758 vs=1 vage=9 vpage=9 vdt=33 vmax=68111 vacc=33408 vrej=0 seq=0 elapsed=0 oled=3C
[   8968] STATUS mode=1 fault=none enc=-673 denc=0 sreq=0 sapplied=0 crate=0 uimp=0 upos=0 uneg=0 ball=117.26 vball=-0.78 aball=0.0 bref=0.00 pid=0.0 pref=-522.0 ppos=-522.0 apid=0.0 integ=0.0 vision=1 current=1 vframe=36758 vs=1 vage=29 vpage=29 vdt=33 vmax=68111 vacc=33408 vrej=0 seq=0 elapsed=0 oled=3C
[   9000] STATUS mode=1 fault=none enc=-673 denc=0 sreq=0 sapplied=0 crate=0 uimp=0 upos=0 uneg=0 ball=117.26 vball=-0.41 aball=0.0 bref=0.00 pid=0.0 pref=-522.0 ppos=-522.0 apid=0.0 integ=0.0 vision=1 current=1 vframe=36759 vs=1 vage=16 vpage=16 vdt=33 vmax=68111 vacc=33409 vrej=0 seq=0 elapsed=0 oled=3C
[   9016] STATUS mode=1 fault=none enc=-673 denc=0 sreq=0 sapplied=0 crate=0 uimp=0 upos=0 uneg=0 ball=117.26 vball=-0.18 aball=0.0 bref=0.00 pid=0.0 pref=-522.0 ppos=-522.0 apid=0.0 integ=0.0 vision=1 current=1 vframe=36760 vs=1 vage=23 vpage=23 vdt=33 vmax=68111 vacc=33410 vrej=0 seq=0 elapsed=0 oled=3C
[   9047] STATUS mode=1 fault=none enc=-673 denc=0 sreq=0 sapplied=0 crate=0 uimp=0 upos=0 uneg=0 ball=117.26 vball=-0.08 aball=0.0 bref=0.00 pid=0.0 pref=-522.0 ppos=-522.0 apid=0.0 integ=0.0 vision=1 current=1 vframe=36761 vs=1 vage=9 vpage=9 vdt=34 vmax=68111 vacc=33411 vrej=0 seq=0 elapsed=0 oled=3C
[   9077] STATUS mode=1 fault=none enc=-673 denc=0 sreq=0 sapplied=0 crate=0 uimp=0 upos=0 uneg=0 ball=117.26 vball=-0.08 aball=0.0 bref=0.00 pid=0.0 pref=-522.0 ppos=-522.0 apid=0.0 integ=0.0 vision=1 current=1 vframe=36761 vs=1 vage=29 vpage=29 vdt=34 vmax=68111 vacc=33411 vrej=0 seq=0 elapsed=0 oled=3C
[   9093] STATUS mode=1 fault=none enc=-673 denc=0 sreq=0 sapplied=0 crate=0 uimp=0 upos=0 uneg=0 ball=117.29 vball=0.37 aball=0.0 bref=0.00 pid=0.0 pref=-522.0 ppos=-522.0 apid=0.0 integ=0.0 vision=1 current=1 vframe=36763 vs=1 vage=2 vpage=2 vdt=34 vmax=68111 vacc=33413 vrej=0 seq=0 elapsed=0 oled=3C
[   9125] STATUS mode=1 fault=none enc=-673 denc=0 sreq=0 sapplied=0 crate=0 uimp=0 upos=0 uneg=0 ball=117.29 vball=0.37 aball=0.0 bref=0.00 pid=0.0 pref=-522.0 ppos=-522.0 apid=0.0 integ=0.0 vision=1 current=1 vframe=36763 vs=1 vage=22 vpage=22 vdt=34 vmax=68111 vacc=33413 vrej=0 seq=0 elapsed=0 oled=3C
[   9156] STATUS mode=1 fault=none enc=-673 denc=0 sreq=0 sapplied=0 crate=0 uimp=0 upos=0 uneg=0 ball=117.27 vball=-0.17 aball=0.0 bref=0.00 pid=0.0 pref=-522.0 ppos=-522.0 apid=0.0 integ=0.0 vision=1 current=1 vframe=36764 vs=1 vage=10 vpage=10 vdt=32 vmax=68111 vacc=33414 vrej=0 seq=0 elapsed=0 oled=3C
[   9172] STATUS mode=1 fault=none enc=-673 denc=0 sreq=0 sapplied=0 crate=0 uimp=0 upos=0 uneg=0 ball=117.27 vball=-0.17 aball=0.0 bref=0.00 pid=0.0 pref=-522.0 ppos=-522.0 apid=0.0 integ=0.0 vision=1 current=1 vframe=36764 vs=1 vage=30 vpage=30 vdt=32 vmax=68111 vacc=33414 vrej=0 seq=0 elapsed=0 oled=3C
[   9202] STATUS mode=1 fault=none enc=-673 denc=0 sreq=0 sapplied=0 crate=0 uimp=0 upos=0 uneg=0 ball=117.47 vball=2.05 aball=0.0 bref=0.00 pid=0.0 pref=-522.0 ppos=-522.0 apid=0.0 integ=0.0 vision=1 current=1 vframe=36766 vs=1 vage=3 vpage=3 vdt=33 vmax=68111 vacc=33416 vrej=0 seq=0 elapsed=0 oled=3C
[   9233] STATUS mode=1 fault=none enc=-673 denc=0 sreq=0 sapplied=0 crate=0 uimp=0 upos=0 uneg=0 ball=117.47 vball=2.05 aball=0.0 bref=0.00 pid=0.0 pref=-522.0 ppos=-522.0 apid=0.0 integ=0.0 vision=1 current=1 vframe=36766 vs=1 vage=23 vpage=23 vdt=33 vmax=68111 vacc=33416 vrej=0 seq=0 elapsed=0 oled=3C
[   9250] STATUS mode=1 fault=none enc=-673 denc=0 sreq=0 sapplied=0 crate=0 uimp=0 upos=0 uneg=0 ball=117.29 vball=-1.25 aball=0.0 bref=0.00 pid=0.0 pref=-522.0 ppos=-522.0 apid=0.0 integ=0.0 vision=1 current=1 vframe=36767 vs=1 vage=10 vpage=10 vdt=33 vmax=68111 vacc=33417 vrej=0 seq=0 elapsed=0 oled=3C
[   9281] STATUS mode=1 fault=none enc=-673 denc=0 sreq=0 sapplied=0 crate=0 uimp=0 upos=0 uneg=0 ball=117.28 vball=-0.82 aball=0.0 bref=0.00 pid=0.0 pref=-522.0 ppos=-522.0 apid=0.0 integ=0.0 vision=1 current=1 vframe=36768 vs=1 vage=16 vpage=16 vdt=34 vmax=68111 vacc=33418 vrej=0 seq=0 elapsed=0 oled=3C
[   9311] STATUS mode=1 fault=none enc=-673 denc=0 sreq=0 sapplied=0 crate=0 uimp=0 upos=0 uneg=0 ball=117.28 vball=-0.40 aball=0.0 bref=0.00 pid=0.0 pref=-522.0 ppos=-522.0 apid=0.0 integ=0.0 vision=1 current=1 vframe=36769 vs=1 vage=3 vpage=3 vdt=33 vmax=68111 vacc=33419 vrej=0 seq=0 elapsed=0 oled=3C
[   9327] STATUS mode=1 fault=none enc=-673 denc=0 sreq=0 sapplied=0 crate=0 uimp=0 upos=0 uneg=0 ball=117.28 vball=-0.40 aball=0.0 bref=0.00 pid=0.0 pref=-522.0 ppos=-522.0 apid=0.0 integ=0.0 vision=1 current=1 vframe=36769 vs=1 vage=23 vpage=23 vdt=33 vmax=68111 vacc=33419 vrej=0 seq=0 elapsed=0 oled=3C
[   9358] STATUS mode=1 fault=none enc=-673 denc=0 sreq=0 sapplied=0 crate=0 uimp=0 upos=0 uneg=0 ball=117.34 vball=0.67 aball=0.0 bref=0.00 pid=0.0 pref=-522.0 ppos=-522.0 apid=0.0 integ=0.0 vision=1 current=1 vframe=36770 vs=1 vage=10 vpage=10 vdt=33 vmax=68111 vacc=33420 vrej=0 seq=0 elapsed=0 oled=3C
[   9375] STATUS mode=1 fault=none enc=-673 denc=0 sreq=0 sapplied=0 crate=0 uimp=0 upos=0 uneg=0 ball=117.36 vball=0.69 aball=0.0 bref=0.00 pid=0.0 pref=-522.0 ppos=-522.0 apid=0.0 integ=0.0 vision=1 current=1 vframe=36771 vs=1 vage=17 vpage=17 vdt=33 vmax=68111 vacc=33421 vrej=0 seq=0 elapsed=0 oled=3C
[   9406] STATUS mode=1 fault=none enc=-673 denc=0 sreq=0 sapplied=0 crate=0 uimp=0 upos=0 uneg=0 ball=117.36 vball=0.36 aball=0.0 bref=0.00 pid=0.0 pref=-522.0 ppos=-522.0 apid=0.0 integ=0.0 vision=1 current=1 vframe=36772 vs=1 vage=3 vpage=3 vdt=34 vmax=68111 vacc=33422 vrej=0 seq=0 elapsed=0 oled=3C
[   9436] STATUS mode=1 fault=none enc=-673 denc=0 sreq=0 sapplied=0 crate=0 uimp=0 upos=0 uneg=0 ball=117.36 vball=0.36 aball=0.0 bref=0.00 pid=0.0 pref=-522.0 ppos=-522.0 apid=0.0 integ=0.0 vision=1 current=1 vframe=36772 vs=1 vage=23 vpage=23 vdt=34 vmax=68111 vacc=33422 vrej=0 seq=0 elapsed=0 oled=3C
[   9452] STATUS mode=1 fault=none enc=-673 denc=0 sreq=0 sapplied=0 crate=0 uimp=0 upos=0 uneg=0 ball=117.38 vball=0.45 aball=0.0 bref=0.00 pid=0.0 pref=-522.0 ppos=-522.0 apid=0.0 integ=0.0 vision=1 current=1 vframe=36773 vs=1 vage=29 vpage=29 vdt=34 vmax=68111 vacc=33423 vrej=0 seq=0 elapsed=0 oled=3C
[   9483] STATUS mode=1 fault=none enc=-673 denc=0 sreq=0 sapplied=0 crate=0 uimp=0 upos=0 uneg=0 ball=117.39 vball=0.33 aball=0.0 bref=0.00 pid=0.0 pref=-522.0 ppos=-522.0 apid=0.0 integ=0.0 vision=1 current=1 vframe=36774 vs=1 vage=17 vpage=17 vdt=32 vmax=68111 vacc=33424 vrej=0 seq=0 elapsed=0 oled=3C
[   9516] STATUS mode=1 fault=none enc=-673 denc=0 sreq=0 sapplied=0 crate=0 uimp=0 upos=0 uneg=0 ball=117.38 vball=0.16 aball=0.0 bref=0.00 pid=0.0 pref=-522.0 ppos=-522.0 apid=0.0 integ=0.0 vision=1 current=1 vframe=36775 vs=1 vage=4 vpage=4 vdt=33 vmax=68111 vacc=33425 vrej=0 seq=0 elapsed=0 oled=3C
[   9531] STATUS mode=1 fault=none enc=-673 denc=0 sreq=0 sapplied=0 crate=0 uimp=0 upos=0 uneg=0 ball=117.38 vball=0.16 aball=0.0 bref=0.00 pid=0.0 pref=-522.0 ppos=-522.0 apid=0.0 integ=0.0 vision=1 current=1 vframe=36775 vs=1 vage=24 vpage=24 vdt=33 vmax=68111 vacc=33425 vrej=0 seq=0 elapsed=0 oled=3C
[   9561] STATUS mode=1 fault=none enc=-673 denc=0 sreq=0 sapplied=0 crate=0 uimp=0 upos=0 uneg=0 ball=117.38 vball=0.08 aball=0.0 bref=0.00 pid=0.0 pref=-522.0 ppos=-522.0 apid=0.0 integ=0.0 vision=1 current=1 vframe=36776 vs=1 vage=30 vpage=30 vdt=34 vmax=68111 vacc=33426 vrej=0 seq=0 elapsed=0 oled=3C
[   9593] STATUS mode=1 fault=none enc=-673 denc=0 sreq=0 sapplied=0 crate=0 uimp=0 upos=0 uneg=0 ball=117.38 vball=0.02 aball=0.0 bref=0.00 pid=0.0 pref=-522.0 ppos=-522.0 apid=0.0 integ=0.0 vision=1 current=1 vframe=36777 vs=1 vage=17 vpage=17 vdt=33 vmax=68111 vacc=33427 vrej=0 seq=0 elapsed=0 oled=3C
[   9608] STATUS mode=1 fault=none enc=-673 denc=0 sreq=0 sapplied=0 crate=0 uimp=0 upos=0 uneg=0 ball=117.36 vball=-0.30 aball=0.0 bref=0.00 pid=0.0 pref=-522.0 ppos=-522.0 apid=0.0 integ=0.0 vision=1 current=1 vframe=36778 vs=1 vage=4 vpage=4 vdt=33 vmax=68111 vacc=33428 vrej=0 seq=0 elapsed=0 oled=3C
[   9641] STATUS mode=1 fault=none enc=-673 denc=0 sreq=0 sapplied=0 crate=0 uimp=0 upos=0 uneg=0 ball=117.36 vball=-0.18 aball=0.0 bref=0.00 pid=0.0 pref=-522.0 ppos=-522.0 apid=0.0 integ=0.0 vision=1 current=1 vframe=36779 vs=1 vage=11 vpage=11 vdt=33 vmax=68111 vacc=33429 vrej=0 seq=0 elapsed=0 oled=3C
[   9672] STATUS mode=1 fault=none enc=-673 denc=0 sreq=0 sapplied=0 crate=0 uimp=0 upos=0 uneg=0 ball=117.36 vball=-0.18 aball=0.0 bref=0.00 pid=0.0 pref=-522.0 ppos=-522.0 apid=0.0 integ=0.0 vision=1 current=1 vframe=36779 vs=1 vage=31 vpage=31 vdt=33 vmax=68111 vacc=33429 vrej=0 seq=0 elapsed=0 oled=3C
[   9686] STATUS mode=1 fault=none enc=-673 denc=0 sreq=0 sapplied=0 crate=0 uimp=0 upos=0 uneg=0 ball=117.36 vball=-0.09 aball=0.0 bref=0.00 pid=0.0 pref=-522.0 ppos=-522.0 apid=0.0 integ=0.0 vision=1 current=1 vframe=36780 vs=1 vage=15 vpage=15 vdt=36 vmax=68111 vacc=33430 vrej=0 seq=0 elapsed=0 oled=3C
[   9718] STATUS mode=1 fault=none enc=-673 denc=0 sreq=0 sapplied=0 crate=0 uimp=0 upos=0 uneg=0 ball=117.36 vball=-0.04 aball=0.0 bref=0.00 pid=0.0 pref=-522.0 ppos=-522.0 apid=0.0 integ=0.0 vision=1 current=1 vframe=36781 vs=1 vage=4 vpage=4 vdt=31 vmax=68111 vacc=33431 vrej=0 seq=0 elapsed=0 oled=3C
[   9750] STATUS mode=1 fault=none enc=-673 denc=0 sreq=0 sapplied=0 crate=0 uimp=0 upos=0 uneg=0 ball=117.36 vball=-0.02 aball=0.0 bref=0.00 pid=0.0 pref=-522.0 ppos=-522.0 apid=0.0 integ=0.0 vision=1 current=1 vframe=36782 vs=1 vage=10 vpage=10 vdt=34 vmax=68111 vacc=33432 vrej=0 seq=0 elapsed=0 oled=3C
[   9766] STATUS mode=1 fault=none enc=-673 denc=0 sreq=0 sapplied=0 crate=0 uimp=0 upos=0 uneg=0 ball=117.36 vball=-0.02 aball=0.0 bref=0.00 pid=0.0 pref=-522.0 ppos=-522.0 apid=0.0 integ=0.0 vision=1 current=1 vframe=36782 vs=1 vage=30 vpage=30 vdt=34 vmax=68111 vacc=33432 vrej=0 seq=0 elapsed=0 oled=3C
[   9797] STATUS mode=1 fault=none enc=-673 denc=0 sreq=0 sapplied=0 crate=0 uimp=0 upos=0 uneg=0 ball=117.38 vball=0.30 aball=0.0 bref=0.00 pid=0.0 pref=-522.0 ppos=-522.0 apid=0.0 integ=0.0 vision=1 current=1 vframe=36783 vs=1 vage=17 vpage=17 vdt=33 vmax=68111 vacc=33433 vrej=0 seq=0 elapsed=0 oled=3C
[   9827] STATUS mode=1 fault=none enc=-673 denc=0 sreq=0 sapplied=0 crate=0 uimp=0 upos=0 uneg=0 ball=117.38 vball=0.26 aball=0.0 bref=0.00 pid=0.0 pref=-522.0 ppos=-522.0 apid=0.0 integ=0.0 vision=1 current=1 vframe=36784 vs=1 vage=24 vpage=24 vdt=33 vmax=68111 vacc=33434 vrej=0 seq=0 elapsed=0 oled=3C
[   9843] STATUS mode=1 fault=none enc=-673 denc=0 sreq=0 sapplied=0 crate=0 uimp=0 upos=0 uneg=0 ball=117.36 vball=-0.13 aball=0.0 bref=0.00 pid=0.0 pref=-522.0 ppos=-522.0 apid=0.0 integ=0.0 vision=1 current=1 vframe=36785 vs=1 vage=10 vpage=10 vdt=34 vmax=68111 vacc=33435 vrej=0 seq=0 elapsed=0 oled=3C
[   9875] STATUS mode=1 fault=none enc=-673 denc=0 sreq=0 sapplied=0 crate=0 uimp=0 upos=0 uneg=0 ball=117.36 vball=-0.13 aball=0.0 bref=0.00 pid=0.0 pref=-522.0 ppos=-522.0 apid=0.0 integ=0.0 vision=1 current=1 vframe=36785 vs=1 vage=30 vpage=30 vdt=34 vmax=68111 vacc=33435 vrej=0 seq=0 elapsed=0 oled=3C
[   9906] STATUS mode=1 fault=none enc=-673 denc=0 sreq=0 sapplied=0 crate=0 uimp=0 upos=0 uneg=0 ball=117.36 vball=-0.07 aball=0.0 bref=0.00 pid=0.0 pref=-522.0 ppos=-522.0 apid=0.0 integ=0.0 vision=1 current=1 vframe=36787 vs=1 vage=3 vpage=3 vdt=34 vmax=68111 vacc=33437 vrej=0 seq=0 elapsed=0 oled=3C
[   9922] STATUS mode=1 fault=none enc=-673 denc=0 sreq=0 sapplied=0 crate=0 uimp=0 upos=0 uneg=0 ball=117.36 vball=-0.07 aball=0.0 bref=0.00 pid=0.0 pref=-522.0 ppos=-522.0 apid=0.0 integ=0.0 vision=1 current=1 vframe=36787 vs=1 vage=23 vpage=23 vdt=34 vmax=68111 vacc=33437 vrej=0 seq=0 elapsed=0 oled=3C
[   9952] STATUS mode=1 fault=none enc=-673 denc=0 sreq=0 sapplied=0 crate=0 uimp=0 upos=0 uneg=0 ball=117.36 vball=-0.03 aball=0.0 bref=0.00 pid=0.0 pref=-522.0 ppos=-522.0 apid=0.0 integ=0.0 vision=1 current=1 vframe=36788 vs=1 vage=10 vpage=10 vdt=33 vmax=68111 vacc=33438 vrej=0 seq=0 elapsed=0 oled=3C
[   9983] STATUS mode=1 fault=none enc=-673 denc=0 sreq=0 sapplied=0 crate=0 uimp=0 upos=0 uneg=0 ball=117.36 vball=-0.03 aball=0.0 bref=0.00 pid=0.0 pref=-522.0 ppos=-522.0 apid=0.0 integ=0.0 vision=1 current=1 vframe=36788 vs=1 vage=30 vpage=30 vdt=33 vmax=68111 vacc=33438 vrej=0 seq=0 elapsed=0 oled=3C
[  10000] STATUS mode=1 fault=none enc=-673 denc=0 sreq=0 sapplied=0 crate=0 uimp=0 upos=0 uneg=0 ball=117.36 vball=-0.01 aball=0.0 bref=0.00 pid=0.0 pref=-522.0 ppos=-522.0 apid=0.0 integ=0.0 vision=1 current=1 vframe=36790 vs=1 vage=4 vpage=4 vdt=32 vmax=68111 vacc=33440 vrej=0 seq=0 elapsed=0 oled=3C
[  10031] STATUS mode=1 fault=none enc=-673 denc=0 sreq=0 sapplied=0 crate=0 uimp=0 upos=0 uneg=0 ball=117.36 vball=-0.01 aball=0.0 bref=0.00 pid=0.0 pref=-522.0 ppos=-522.0 apid=0.0 integ=0.0 vision=1 current=1 vframe=36790 vs=1 vage=24 vpage=24 vdt=32 vmax=68111 vacc=33440 vrej=0 seq=0 elapsed=0 oled=3C
[  10047] STATUS mode=1 fault=none enc=-673 denc=0 sreq=0 sapplied=0 crate=0 uimp=0 upos=0 uneg=0 ball=117.36 vball=-0.00 aball=0.0 bref=0.00 pid=0.0 pref=-522.0 ppos=-522.0 apid=0.0 integ=0.0 vision=1 current=1 vframe=36791 vs=1 vage=9 vpage=9 vdt=35 vmax=68111 vacc=33441 vrej=0 seq=0 elapsed=0 oled=3C
[  10077] STATUS mode=1 fault=none enc=-673 denc=0 sreq=0 sapplied=0 crate=0 uimp=0 upos=0 uneg=0 ball=117.36 vball=-0.00 aball=0.0 bref=0.00 pid=0.0 pref=-522.0 ppos=-522.0 apid=0.0 integ=0.0 vision=1 current=1 vframe=36792 vs=1 vage=16 vpage=16 vdt=33 vmax=68111 vacc=33442 vrej=0 seq=0 elapsed=0 oled=3C
[  10108] STATUS mode=1 fault=none enc=-673 denc=0 sreq=0 sapplied=0 crate=0 uimp=0 upos=0 uneg=0 ball=117.36 vball=-0.00 aball=0.0 bref=0.00 pid=0.0 pref=-522.0 ppos=-522.0 apid=0.0 integ=0.0 vision=1 current=1 vframe=36793 vs=1 vage=4 vpage=4 vdt=32 vmax=68111 vacc=33443 vrej=0 seq=0 elapsed=0 oled=3C
[  10125] STATUS mode=1 fault=none enc=-673 denc=0 sreq=0 sapplied=0 crate=0 uimp=0 upos=0 uneg=0 ball=117.36 vball=-0.00 aball=0.0 bref=0.00 pid=0.0 pref=-522.0 ppos=-522.0 apid=0.0 integ=0.0 vision=1 current=1 vframe=36793 vs=1 vage=24 vpage=24 vdt=32 vmax=68111 vacc=33443 vrej=0 seq=0 elapsed=0 oled=3C
[  10156] STATUS mode=1 fault=none enc=-673 denc=0 sreq=0 sapplied=0 crate=0 uimp=0 upos=0 uneg=0 ball=117.36 vball=-0.00 aball=0.0 bref=0.00 pid=0.0 pref=-522.0 ppos=-522.0 apid=0.0 integ=0.0 vision=1 current=1 vframe=36794 vs=1 vage=10 vpage=10 vdt=34 vmax=68111 vacc=33444 vrej=0 seq=0 elapsed=0 oled=3C
[  10186] STATUS mode=1 fault=none enc=-673 denc=0 sreq=0 sapplied=0 crate=0 uimp=0 upos=0 uneg=0 ball=117.36 vball=-0.00 aball=0.0 bref=0.00 pid=0.0 pref=-522.0 ppos=-522.0 apid=0.0 integ=0.0 vision=1 current=1 vframe=36795 vs=1 vage=17 vpage=17 vdt=33 vmax=68111 vacc=33445 vrej=0 seq=0 elapsed=0 oled=3C
[  10202] STATUS mode=1 fault=none enc=-673 denc=0 sreq=0 sapplied=0 crate=0 uimp=0 upos=0 uneg=0 ball=117.36 vball=-0.00 aball=0.0 bref=0.00 pid=0.0 pref=-522.0 ppos=-522.0 apid=0.0 integ=0.0 vision=1 current=1 vframe=36796 vs=1 vage=2 vpage=2 vdt=35 vmax=68111 vacc=33446 vrej=0 seq=0 elapsed=0 oled=3C
[  10233] STATUS mode=1 fault=none enc=-673 denc=0 sreq=0 sapplied=0 crate=0 uimp=0 upos=0 uneg=0 ball=117.36 vball=-0.00 aball=0.0 bref=0.00 pid=0.0 pref=-522.0 ppos=-522.0 apid=0.0 integ=0.0 vision=1 current=1 vframe=36796 vs=1 vage=22 vpage=22 vdt=35 vmax=68111 vacc=33446 vrej=0 seq=0 elapsed=0 oled=3C
[  10266] STATUS mode=1 fault=none enc=-673 denc=0 sreq=0 sapplied=0 crate=0 uimp=0 upos=0 uneg=0 ball=117.36 vball=-0.00 aball=0.0 bref=0.00 pid=0.0 pref=-522.0 ppos=-522.0 apid=0.0 integ=0.0 vision=1 current=1 vframe=36797 vs=1 vage=30 vpage=30 vdt=32 vmax=68111 vacc=33447 vrej=0 seq=0 elapsed=0 oled=3C
[  10281] STATUS mode=1 fault=none enc=-673 denc=0 sreq=0 sapplied=0 crate=0 uimp=0 upos=0 uneg=0 ball=117.36 vball=-0.00 aball=0.0 bref=0.00 pid=0.0 pref=-522.0 ppos=-522.0 apid=0.0 integ=0.0 vision=1 current=1 vframe=36798 vs=1 vage=17 vpage=17 vdt=33 vmax=68111 vacc=33448 vrej=0 seq=0 elapsed=0 oled=3C
[  10311] STATUS mode=1 fault=none enc=-673 denc=0 sreq=0 sapplied=0 crate=0 uimp=0 upos=0 uneg=0 ball=117.36 vball=-0.00 aball=0.0 bref=0.00 pid=0.0 pref=-522.0 ppos=-522.0 apid=0.0 integ=0.0 vision=1 current=1 vframe=36799 vs=1 vage=3 vpage=3 vdt=34 vmax=68111 vacc=33449 vrej=0 seq=0 elapsed=0 oled=3C
[  10343] STATUS mode=1 fault=none enc=-673 denc=0 sreq=0 sapplied=0 crate=0 uimp=0 upos=0 uneg=0 ball=117.36 vball=-0.00 aball=0.0 bref=0.00 pid=0.0 pref=-522.0 ppos=-522.0 apid=0.0 integ=0.0 vision=1 current=1 vframe=36799 vs=1 vage=23 vpage=23 vdt=34 vmax=68111 vacc=33449 vrej=0 seq=0 elapsed=0 oled=3C
[  10358] STATUS mode=1 fault=none enc=-673 denc=0 sreq=0 sapplied=0 crate=0 uimp=0 upos=0 uneg=0 ball=117.36 vball=-0.00 aball=0.0 bref=0.00 pid=0.0 pref=-522.0 ppos=-522.0 apid=0.0 integ=0.0 vision=1 current=1 vframe=36800 vs=1 vage=29 vpage=29 vdt=34 vmax=68111 vacc=33450 vrej=0 seq=0 elapsed=0 oled=3C
[  10391] STATUS mode=1 fault=none enc=-673 denc=0 sreq=0 sapplied=0 crate=0 uimp=0 upos=0 uneg=0 ball=117.36 vball=0.01 aball=0.0 bref=0.00 pid=0.0 pref=-522.0 ppos=-522.0 apid=0.0 integ=0.0 vision=1 current=1 vframe=36801 vs=1 vage=17 vpage=17 vdt=32 vmax=68111 vacc=33451 vrej=0 seq=0 elapsed=0 oled=3C
[  10422] STATUS mode=1 fault=none enc=-673 denc=0 sreq=0 sapplied=0 crate=0 uimp=0 upos=0 uneg=0 ball=117.36 vball=0.01 aball=0.0 bref=0.00 pid=0.0 pref=-522.0 ppos=-522.0 apid=0.0 integ=0.0 vision=1 current=1 vframe=36802 vs=1 vage=3 vpage=3 vdt=34 vmax=68111 vacc=33452 vrej=0 seq=0 elapsed=0 oled=3C
[  10436] STATUS mode=1 fault=none enc=-673 denc=0 sreq=0 sapplied=0 crate=0 uimp=0 upos=0 uneg=0 ball=117.36 vball=0.01 aball=0.0 bref=0.00 pid=0.0 pref=-522.0 ppos=-522.0 apid=0.0 integ=0.0 vision=1 current=1 vframe=36803 vs=1 vage=10 vpage=10 vdt=33 vmax=68111 vacc=33453 vrej=0 seq=0 elapsed=0 oled=3C
[  10468] STATUS mode=1 fault=none enc=-673 denc=0 sreq=0 sapplied=0 crate=0 uimp=0 upos=0 uneg=0 ball=117.36 vball=0.01 aball=0.0 bref=0.00 pid=0.0 pref=-522.0 ppos=-522.0 apid=0.0 integ=0.0 vision=1 current=1 vframe=36803 vs=1 vage=30 vpage=30 vdt=33 vmax=68111 vacc=33453 vrej=0 seq=0 elapsed=0 oled=3C
[  10500] STATUS mode=1 fault=none enc=-673 denc=0 sreq=0 sapplied=0 crate=0 uimp=0 upos=0 uneg=0 ball=117.35 vball=-0.05 aball=0.0 bref=0.00 pid=0.0 pref=-522.0 ppos=-522.0 apid=0.0 integ=0.0 vision=1 current=1 vframe=36804 vs=1 vage=16 vpage=16 vdt=34 vmax=68111 vacc=33454 vrej=0 seq=0 elapsed=0 oled=3C
[  10516] STATUS mode=1 fault=none enc=-673 denc=0 sreq=0 sapplied=0 crate=0 uimp=0 upos=0 uneg=0 ball=117.35 vball=0.04 aball=0.0 bref=0.00 pid=0.0 pref=-522.0 ppos=-522.0 apid=0.0 integ=0.0 vision=1 current=1 vframe=36805 vs=1 vage=23 vpage=23 vdt=33 vmax=68111 vacc=33455 vrej=0 seq=0 elapsed=0 oled=3C
[  10547] STATUS mode=1 fault=none enc=-673 denc=0 sreq=0 sapplied=0 crate=0 uimp=0 upos=0 uneg=0 ball=117.33 vball=-0.20 aball=0.0 bref=0.00 pid=0.0 pref=-522.0 ppos=-522.0 apid=0.0 integ=0.0 vision=1 current=1 vframe=36806 vs=1 vage=9 vpage=9
[  10547] >>> stream off
[  10547]  vdt=34 vmax=68111 vacc=33456 vrej=0 seq=0 elapsed=0 oled=3C
[  10547] OK stream off
[  10718] >>> status
[  10750] STATUS mode=1 fault=none enc=-673 denc=0 sreq=0 sapplied=0 crate=0 uimp=0 upos=0 uneg=0 ball=117.36 vball=0.13 aball=0.0 bref=0.00 pid=0.0 pref=-522.0 ppos=-522.0 apid=0.0 integ=0.0 vision=1 current=1 vframe=36812 vs=1 vage=19 vpage=19 vdt=33 vmax=68111 vacc=33462 vrej=0 seq=0 elapsed=0 oled=3C
