:020000040800F2
:1000000000800120A9A20008FD1B0008FF1B0008BA
:10001000011C0008031C0008051C0008000000006B
:10002000000000000000000000000000071C0008A5
:10003000091C0008000000000B1C00080D1C000833
:10004000F9A20008F9A20008F9A20008F9A2000824
:10005000F9A20008F9A20008F9A20008F9A2000814
:10006000F9A20008F9A20008F9A20008111C000872
:10007000F9A20008F9A20008F9A20008F9A20008F4
:10008000F9A20008F9A20008F9A20008F9A20008E4
:10009000F9A20008F9A20008F9A20008F9A20008D4
:1000A000F9A20008F9A20008F9A20008F9A20008C4
:1000B000F9A20008F9A20008F9A200081D1C000816
:1000C000291C0008F9A20008F9A20008F9A20008FA
:1000D000F9A20008F9A20008F9A20008F9A2000894
:1000E000351C0008F9A20008F9A20008F9A20008CE
:1000F000F9A20008F9A20008F9A20008F9A2000874
:1001000000000000F9A2000800000000F9A20008A9
:100110003D1C0008F9A20008F9A20008F9A2000895
:10012000F9A20008F9A20008F9A20008F9A2000843
:10013000F9A200080000000000000000F9A2000879
:10014000F9A20008F9A20008000000000000000069
:10015000000000000000000000000000000000009F
:10016000000000000000000000000000F9A20008EC
:10017000F9A20008F9A20008F9A20008F9A20008F3
:10018000F9A20008F9A20008000000000000000029
:100190000000000000000000F9A20008F9A2000819
:1001A0000000000000000000F9A20008491C00083F
:1001B000F9A20008F9A20008F9A20008F9A20008B3
:1001C000F9A20008F9A20008F9A20008F9A20008A3
:0801D000F9A20008F9A20008E1
:1001E00010B5054C237833B9044B13B10448AFF371
:1001F00000800123237010BD1802002000000000C1
:100200001CE9000808B5034B1BB103490348AFF3D1
:10021000008008BD000000001C0200201CE900084E
:1002200081F0004102E000BF83F0004330B54FEAA7
:1002300041044FEA430594EA050F08BF90EA020F14
:100240001FBF54EA000C55EA020C7FEA645C7FEAA7
:10025000655C00F0E2804FEA5454D4EB5555B8BFCA
:100260006D420CDD2C4480EA020281EA030382EA3B
:10027000000083EA010180EA020281EA0303362DCD
:1002800088BF30BD11F0004F4FEA01314FF4801CA0
:100290004CEA113102D0404261EB410113F0004FB2
:1002A0004FEA03334CEA133302D0524263EB430369
:1002B00094EA050F00F0A780A4F10104D5F1200E07
:1002C0000DDB02FA0EFC22FA05F2801841F1000162
:1002D00003FA0EF2801843FA05F359410EE0A5F136
:1002E00020050EF1200E012A03FA0EFC28BF4CF067
:1002F000020C43FA05F3C01851EBE37101F000451D
:1003000007D54FF0000EDCF1000C7EEB00006EEB29
:100310000101B1F5801F1BD3B1F5001F0CD34908B3
:100320005FEA30004FEA3C0C04F101044FEA44520A
:1003300012F5800F80F09A80BCF1004F08BF5FEA91
:10034000500C50F1000041EB045141EA050130BD71
:100350005FEA4C0C404141EB0101013C28BFB1F583
:10036000801FE9D291F0000F04BF01460020B1FACE
:1003700081F308BF2033A3F10B03B3F120020CDAA1
:100380000C3208DD02F1140CC2F10C0201FA0CF07F
:1003900021FA02F10CE002F11402D8BFC2F1200CE4
:1003A00001FA02F120FA0CFCDCBF41EA0C0190409A
:1003B000E41AA2BF01EB0451294330BD6FEA0404E3
:1003C0001F3C1CDA0C340EDC04F11404C4F12002CE
:1003D00020FA04F001FA02F340EA030021FA04F3E0
:1003E00045EA030130BDC4F10C04C4F1200220FA37
:1003F00002F001FA04F340EA0300294630BD21FA75
:1004000004F0294630BD94F0000F83F4801306BF3A
:1004100081F480110134013D4EE77FEA645C18BF2E
:100420007FEA655C29D094EA050F08BF90EA020FC5
:1004300005D054EA000C04BF1946104630BD91EABD
:10044000030F1EBF0021002030BD5FEA545C05D1C0
:100450004000494128BF41F0004130BD14F58004FF
:100460003CBF01F5801130BD01F0004545F0FE4173
:1004700041F470014FF0000030BD7FEA645C1ABFA8
:10048000194610467FEA655C1CBF0B46024650EADF
:10049000013406BF52EA033591EA030F41F400210B
:1004A00030BD00BF90F0000F04BF0021704730B591
:1004B0004FF4806404F132044FF000054FF0000166
:1004C00050E700BF90F0000F04BF0021704730B527
:1004D0004FF4806404F1320410F0004548BF4042FC
:1004E0004FF000013EE700BF42004FEAE2014FEA51
:1004F00031014FEA02701FBF12F07F4393F07F4F2C
:1005000081F06051704732F07F4208BF704793F02E
:100510007F4F04BF41F40021704730B54FF4607441
:1005200001F0004521F000411CE700BF50EA010244
:1005300008BF704730B54FF000050AE050EA0102ED
:1005400008BF704730B511F0004502D5404261EB5D
:1005500041014FF4806404F132045FEA915C3FF49E
:10056000D8AE4FF003025FEADC0C18BF03325FEA3B
:10057000DC0C18BF033202EBDC02C2F1200300FAEC
:1005800003FC20FA02F001FA03FE40EA0E0021FA11
:1005900002F11444BDE600BF70B54FF0FF0C4CF4FF
:1005A000E06C1CEA11541DBF1CEA135594EA0C0FB1
:1005B00095EA0C0F00F0DEF82C4481EA030621EAEC
:1005C0004C5123EA4C5350EA013518BF52EA033527
:1005D00041F4801143F4801338D0A0FB02CE4FF0D9
:1005E0000005E1FB02E506F00042E0FB03E54FF009
:1005F0000006E1FB03569CF0000F18BF4EF0010E01
:10060000A4F1FF04B6F5007F64F5407404D25FEAFC
:100610004E0E6D4146EB060642EAC62141EA5551AF
:100620004FEAC52040EA5E504FEACE2EB4F1FD0CF1
:1006300088BFBCF5E06F1ED8BEF1004F08BF5FEA6F
:10064000500E50F1000041EB045170BD06F0004621
:1006500046EA010140EA020081EA0301B4EB5C04CE
:10066000C2BFD4EB0C0541EA045170BD41F48011C6
:100670004FF0000E013C00F3AB8014F1360FDEBFEB
:10068000002001F0004170BDC4F10004203C35DAC7
:100690000C341BDC04F11404C4F1200500FA05F34A
:1006A00020FA04F001FA05F240EA020001F00042EB
:1006B00021F0004110EBD37021FA04F642EB060161
:1006C0005EEA430E08BF20EAD37070BDC4F10C048B
:1006D000C4F1200500FA04F320FA05F001FA04F24F
:1006E00040EA020001F0004110EBD37041F100013B
:1006F0005EEA430E08BF20EAD37070BDC4F1200546
:1007000000FA05F24EEA020E20FA04F301FA05F2AD
:1007100043EA020321FA04F001F0004121FA04F255
:1007200020EA020000EBD3705EEA430E08BF20EA25
:10073000D37070BD94F0000F0FD101F0004640005F
:1007400041EB010111F4801F08BF013CF7D041EAE1
:10075000060195F0000F18BF704703F000465200E5
:1007600043EB030313F4801F08BF013DF7D043EAB6
:100770000603704794EA0C0F0CEA135518BF95EA6C
:100780000C0F0CD050EA410618BF52EA4306D1D1F3
:1007900081EA030101F000414FF0000070BD50EA12
:1007A000410606BF1046194652EA430619D094EA9C
:1007B0000C0F02D150EA013613D195EA0C0F05D186
:1007C00052EA03361CBF104619460AD181EA0301DA
:1007D00001F0004141F0FE4141F470014FF0000092
:1007E00070BD41F0FE4141F4780170BD70B54FF02D
:1007F000FF0C4CF4E06C1CEA11541DBF1CEA1355AD
:1008000094EA0C0F95EA0C0F00F0A7F8A4EB05048E
:1008100081EA030E52EA03354FEA013100F0888085
:100820004FEA03334FF0805545EA131343EA12634E
:100830004FEA022245EA111545EA10654FEA002603
:100840000EF000419D4208BF964244F1FD0404F5BC
:10085000407402D25B084FEA3202B61A65EB030518
:100860005B084FEA32024FF480104FF4002CB6EBD5
:10087000020E75EB030E22BFB61A754640EA0C0055
:100880005B084FEA3202B6EB020E75EB030E22BF95
:10089000B61A754640EA5C005B084FEA3202B6EBD6
:1008A000020E75EB030E22BFB61A754640EA9C0095
:1008B0005B084FEA3202B6EB020E75EB030E22BF65
:1008C000B61A754640EADC0055EA060E18D04FEA23
:1008D000051545EA16754FEA06164FEAC30343EAC3
:1008E00052734FEAC2025FEA1C1CC0D111F4801F90
:1008F0000BD141EA00014FF000004FF0004CB6E789
:1009000011F4801F04BF01430020B4F1FD0C88BF27
:10091000BCF5E06F3FF6AFAEB5EB030C04BFB6EB32
:10092000020C5FEA500C50F1000041EB045170BD25
:100930000EF0004E4EEA113114EB5C04C2BFD4EB52
:100940000C0541EA045170BD41F480114FF0000ED6
:10095000013C90E645EA060E8DE60CEA135594EA52
:100960000C0F08BF95EA0C0F3FF43BAF94EA0C0F55
:100970000AD150EA01347FF434AF95EA0C0F7FF4CA
:1009800025AF104619462CE795EA0C0F06D152EA1E
:1009900003353FF4FDAE1046194622E750EA410602
:1009A00018BF52EA43067FF4C5AE50EA41047FF413
:1009B0000DAF52EA43057FF4EBAE12E74FEA410276
:1009C000B2F1E04324BFB3F5001CDCF1FE5C0DD9AD
:1009D00001F0004C4FEAC0024CEA5070B2F1004FF7
:1009E00040EB830008BF20F00100704711F0804FFA
:1009F00021D113F13872BCBF01F00040704741F4BF
:100A000080114FEA5252C2F11802C2F1200C10FAC2
:100A10000CF320FA02F018BF40F001004FEAC123A6
:100A20004FEAD32303FA0CFC40EA0C0023FA02F34A
:100A30004FEA4303CCE77FEA625307D150EA013320
:100A40001EBF4FF0FE4040F44000704701F00040F0
:100A500040F0FE4040F40000704700BF80F00040CE
:100A600002E000BF81F0004142001FBF5FEA410386
:100A700092EA030F7FEA226C7FEA236C6AD04FEA86
:100A80001262D2EB1363C1BFD218414048404140CB
:100A9000B8BF5B42192B88BF704710F0004F40F47D
:100AA000000020F07F4018BF404211F0004F41F499
:100AB000000121F07F4118BF494292EA030F3FD065
:100AC000A2F1010241FA03FC10EB0C00C3F1200378
:100AD00001FA03F100F0004302D5494260EB400007
:100AE000B0F5000F13D3B0F1807F06D340084FEA72
:100AF000310102F10102FE2A51D2B1F1004F40EB67
:100B0000C25008BF20F0010040EA030070474900CE
:100B100040EB0000013A28BFB0F5000FEDD2B0FA6B
:100B200080FCACF1080CB2EB0C0200FA0CF0AABF8E
:100B300000EBC25052421843BCBFD040184370472C
:100B400092F0000F81F4000106BF80F40000013232
:100B5000013BB5E74FEA41037FEA226C18BF7FEA09
:100B6000236C21D092EA030F04D092F0000F08BF4B
:100B70000846704790EA010F1CBF0020704712F032
:100B80007F4F04D1400028BF40F00040704712F171
:100B900000723CBF00F50000704700F0004343F0D6
:100BA000FE4040F4000070477FEA226216BF08460C
:100BB0007FEA23630146420206BF5FEA412390EACF
:100BC000010F40F4800070474FF0000304E000BFC5
:100BD00010F0004348BF40425FEA000C08BF704776
:100BE00043F0964301464FF000001CE050EA01023A
:100BF00008BF70474FF000030AE000BF50EA01024F
:100C000008BF704711F0004302D5404261EB41013B
:100C10005FEA010C02BF84460146002043F0B64360
:100C200008BFA3F18053A3F50003BCFA8CF2083A85
:100C3000A3EBC25310DB01FA02FC634400FA02FC8E
:100C4000C2F12002BCF1004F20FA02F243EB020095
:100C500008BF20F00100704702F1200201FA02FCF7
:100C6000C2F1200250EA4C0021FA02F243EB0200EA
:100C700008BF20EADC70704753B94AB9002908BFA1
:100C800000281CBF4FF0FF314FF0FF3000F088B953
:100C9000ADF1080C6DE904CE00F006F8DDF804E0D3
:100CA000DDE9022304B070472DE9F047089D0F46A7
:100CB00004468C46002B48D18A42164661D9B2FAC6
:100CC00082F34BB1C3F1200201FA03FC20FA02F2D5
:100CD0009E4042EA0C0C9C404FEA164EB7B2BCFB59
:100CE000FEF1220C0EFB11CC42EA0C4201FB07F094
:100CF000904209D9B21801F1FF3C80F0EE80904299
:100D000040F2EB8002393244121AA4B2B2FBFEF078
:100D10000EFB102244EA024400FB07F7A74209D960
:100D2000341900F1FF3280F0DA80A74240F2D78018
:100D30003444023840EA0140E41B00211DB1DC408C
:100D40000023C5E90043BDE8F0878B4206D90DB109
:100D5000C5E9000100210846BDE8F087B3FA83F138
:100D6000002948D1BB4202D3824200F20781841A93
:100D700067EB030201209446002DE4D0C5E9004C46
:100D8000E1E7002A00F09280B2FA82F3002B40F0F3
:100D9000A8808A1A4FEA164E1FFA86FC0121200C01
:100DA000B2FBFEF70EFB172240EA02420CFB07F0F3
:100DB000904207D9B21807F1FF3802D2904200F2F0
:100DC000E2804746121AA4B2B2FBFEF00EFB1022DC
:100DD00044EA02440CFB00FCA44507D9341900F195
:100DE000FF3202D2A44500F2CB801046A4EB0C04E3
:100DF00040EA0740A2E7C1F120068B4022FA06FC38
:100E00004CEA030C07FA01F420FA06F3F7404FEA24
:100E10001C49234300FA01F81FFA8CFEB7FBF9F0D6
:100E20001C0C09FB107744EA074400FB0EF7A742AD
:100E300002FA01F20AD91CEB040400F1FF3A80F037
:100E40009B80A74240F2988002386444E41B9FB222
:100E5000B4FBF9F309FB134447EA044403FB0EFE19
:100E6000A64509D91CEB040403F1FF3780F082800A
:100E7000A6457FD9023B644443EA0040A4EB0E043C
:100E8000A0FB02E7BC427346B94663D360D05DB1B4
:100E9000B8EB030264EB090404FA06F622FA01F344
:100EA0001E43CC40C5E9006400214CE762084808B5
:100EB00042EAC1710B0C43EA00438AB242EA0342A0
:100EC000B3FBF6F1E407B4463746B6461F23B0FB42
:100ED000F6F0D21B41EA004161E7614614E7104693
:100EE00028E7C3F1200120FA01F29E4027FA01F120
:100EF0009F403A434FEA164E1FFA86FCB1FBFEF7BD
:100F00000EFB1710110C41EA004107FB0CF8884555
:100F100004FA03F43AD9711807F1FF3001D2884579
:100F20001FD8A1EB0801B1FBFEF808FB0CF70EFB84
:100F3000181192B242EA0142BA422FD2B21808F115
:100F4000FF31C6D2BA42C4D2A8F102013244C0E78E
:100F5000F0459CD2BEEB020367EB0C070138B946A3
:100F600095E7A6EB08084144B81EB1FBFEF808FB64
:100F70000CF7DCE73B467FE7504667E70846FBE6B1
:100F80003444023832E7023F32441BE7A1EB080148
:100F90003846B1FBFEF808FB0CF7C8E7414698E776
:100FA000704700BF10F8012B11F8013B012A28BF40
:100FB0009A42F7D0D01A70470000000000000000ED
:100FC00001F0FF01102A2BDB10F0070F08D010F8FA
:100FD000013B013A8B422DD010F0070F42B3F6D1FE
:100FE000F0B441EA012141EA014122F007047FF017
:100FF00000070023F0E80256083C85EA010586EA6E
:10100000010685FA47F5A3FA87F586FA47F6A5FAA9
:1010100087F68EB9EED1F0BC01F0FF0102F00702B5
:1010200032B110F8013B013A83EA010313B1F8D160
:101030000020704701387047002D06BF3546033841
:10104000073815F0010F07D1013015F4807F02BF7A
:10105000013015F4C03F0130F0BC0138704700BFCB
:10106000034613F8012B002AFBD1181A01387047E8
:101070004FF0FF3C06E000BF4FF0010C02E000BF64
:101080004FF0010C4DF804CD4FEA410C7FEA6C5C47
:101090004FEA430C18BF7FEA6C5C1BD001B050EAEA
:1010A000410C0CBF52EA430C91EA030F02BF90EAD5
:1010B000020F0020704710F1000F91EA030F58BF94
:1010C000994208BF90422CBFD8176FEAE37040F0F6
:1010D000010070474FEA410C7FEA6C5C02D150EA94
:1010E000013C07D14FEA430C7FEA6C5CD6D152EA4F
:1010F000033CD3D05DF8040B704700BF8446104614
:1011000062468C461946634600E000BF01B5FFF712
:10111000B7FF002848BF10F1000F01BD4DF808EDE2
:10112000FFF7F4FF0CBF012000205DF808FB00BFB3
:101130004DF808EDFFF7EAFF34BF012000205DF80D
:1011400008FB00BF4DF808EDFFF7E0FF94BF01205A
:1011500000205DF808FB00BF4DF808EDFFF7CEFF5B
:1011600094BF012000205DF808FB00BF4DF808ED9A
:10117000FFF7C4FF34BF012000205DF808FB00BF6B
:101180004FEA410C7FEA6C5C02D150EA013C0AD183
:101190004FEA430C7FEA6C5C02D152EA033C02D175
:1011A0004FF0000070474FF0010070474FEA4102D6
:1011B00012F5001215D211D56FF47873B3EB6252A9
:1011C00012D94FEAC12343F0004343EA505311F0D0
:1011D000004F23FA02F018BF404270474FF0000062
:1011E000704750EA013005D111F0004008BF6FF0A0
:1011F000004070474FF00000704700BF4A0011D216
:1012000012F5001211D20DD56FF47873B3EB625260
:101210000ED44FEAC12343F0004343EA505323FA6C
:1012200002F070474FF00000704750EA013002D1E1
:101230004FF0FF3070474FF00000704738B5002284
:10124000002304460D46FFF773FF28B920462946C0
:10125000BDE8384000F00AB8204605F1004100F032
:1012600005F8404261EB410138BD00BFD0B50C4BE1
:10127000002206460F46FFF78FF9FFF7BFFF04462F
:10128000FFF710F9074B0022FFF786F902460B46DD
:1012900030463946FEF7C8FFFFF7B0FF2146D0BD04
:1012A0000000F03D0000F04108B572B60B48002286
:1012B000012105F0E3FB0A480022202105F0DEFBB6
:1012C00006480022022105F0D9FB00224FF480617C
:1012D0004FF0904005F0D2FBFEE700BF000400484D
:1012E0000008004810B594B03822002106A80AF082
:1012F000F1FC1422002101A80AF0ECFC002005F00A
:101300007BFD40224FF480710223CDE909120424B1
:10131000552206A8CDE90D33CDE90F42CDE91133B1
:101320000693139304F010FE08B1FFF7BDFFCDE95B
:1013300003000F2203230590214601A8CDE90123D4
:1013400005F044F80028F0D114B010BD08B504F041
:10135000D9FDFFF7C7FF00F019F800F0B7F800F06B
:1013600091FB00F09BFA00F0A3FA00F0ABFA00F05A
:1013700005FC00F0F3F800F0FBF800F0AFF900F026
:10138000B7F904F063F904F09DF9FCE730B51422D5
:101390008BB00DEB020000210AF09CFC484B494841
:1013A000DA6C42F00102DA64DA6C02F001020192B6
:1013B000019ADA6C42F00202DA64DA6C02F002029C
:1013C0000292029ADA6C42F00402DA64DA6C02F0F9
:1013D00004020392039ADA6C42F02002DA64DB6CB6
:1013E00003F02003049300221F21049B05F046FB19
:1013F00034480022202105F041FB3348002203211C
:1014000005F03CFB00224FF480614FF0904005F066
:1014100035FB002220214FF0904005F02FFB0024E7
:1014200001253F2305A92748CDE90535CDE9074426
:1014300005F050FA032305A92348059305F04AFA5D
:101440004FF4806305A94FF09040059305F042FAF0
:10145000202305A94FF09040059305F03BFA4FF487
:101460003C4305A918480795CDE9053405F032FA43
:101470004FF4865305A91348059305F02BFA48F25B
:10148000100305A94FF09040CDE90534079505F00C
:1014900021FA4FF400524FF48813CDE9052305A932
:1014A00002230848079305F015FA22460521282053
:1014B00005F014FD282005F043FD0BB030BD00BF42
:1014C0000010024000080048000400480F4B07B518
:1014D0009A6C42F004029A649A6C02F00402009240
:1014E000009A9A6C42F001029A649B6C03F001032B
:1014F0000193002202210B20019B05F0EFFC0B2041
:1015000003B05DF804EB05F01BBD00BF0010024006
:10151000114A002310B5C0E901230122C0E90323C9
:10152000C0E90533C0E90733044606F0C6FC08B13C
:10153000FFF7BAFE0021204607F05DFC08B1FFF777
:10154000B3FE0021204607F07CFC18B1BDE8104036
:10155000FFF7AABE10BD00BF862BF000024A034B66
:1015600013601046FFF7D4BF8802002000540040EB
:10157000024A034B13601046FFF7CABF3402002033
:101580000078004010B514229EB0044600210DEBF7
:1015900002000AF09FFB502200210AA80AF09AFBE1
:1015A00001231220CDE90603314A2368934235D145
:1015B00040230AA80A9305F021F808B1FFF774FE4A
:1015C0002C4B2D489A6D42F400129A659A6D02F4E4
:1015D00000120192019ADA6C42F00202DA64DB6CCA
:1015E00003F002030293029B4FF44073059305A995
:1015F0000423099305F06EF9002207211F2005F04E
:101600006DFC1F2005F09CFC20200022072105F026
:1016100065FC202005F094FC1EB010BD174A9342D3
:10162000FAD14FF480730AA80A9304F0E7FF08B1D7
:10163000FFF73AFE0F4B12489A6D42F080429A65CE
:101640009A6D02F080420392039ADA6C42F004022F
:10165000DA64DB6C03F004030493049B4FF44073DF
:10166000059305A90823099305F034F9D4E700BFD1
:101670000054004000100240000400480078004080
:101680000008004800234FF4E13210B5C0E90123FF
:101690000C22C0E90333C0E90523C0E908338362A3
:1016A000044608F02EFC08B1FFF7FEFD002120469D
:1016B00008F094FD08B1FFF7F7FD0021204608F07F
:1016C000ADFD08B1FFF7F0FD204608F06CFD18B144
:1016D000BDE81040FFF7E8BD10BD0000024A034B13
:1016E00013601046FFF7CEBFD003002000800040FB
:1016F000024A034B13601046FFF7C4BF3C030020AF
:10170000004C004070B514229EB0054600210DEB40
:1017100002000AF0DFFA502200210AA80AF0DAFAE1
:101720002B68414A934232D120230AA80A9304F03D
:1017300065FF08B1FFF7B8FD3C4BDA6D42F00102DE
:10174000DA65DA6D02F001020192019ADA6C42F078
:101750000102DA64DB6C03F001030293029B0222B4
:101760000C23CDE905320024012205A94FF0904059
:10177000CDE90724099305F0ADF85B202246062148
:1017800005F0ACFB5B2005F0DBFB1EB070BD284A0A
:101790009342FAD108230AA80A9304F02FFF08B154
:1017A000FFF782FD214B23489A6D234C42F400221F
:1017B0009A659A6D02F400220392039ADA6C42F061
:1017C0000402DA64DB6C03F004030493049B4FF41B
:1017D000406202230026CDE905230123CDE9073627
:1017E00005A90523099305F075F81449A6611E2380
:1017F000C4E9001380232020C4E904364FF40053C9
:10180000C4E907032046C4E9026605F087F908B178
:10181000FFF74AFD3420C5F8804000220221A5626E
:1018200005F05CFB3420AEE7008000400010024071
:10183000004C004000080048DC0200200800024084
:10184000F0B58DB004460F46164600211C2204A8B0
:101850000AF040FA0025032301220393C4E900752E
:101860000423C4E902562561A56103A92046CDE9F8
:10187000005502950592079309920B9305F032FEED
:1018800008B1FFF711FD694620460095029506F064
:10189000DDF808B1FFF708FD0DB0F0BD03484FF0CB
:1018A000FF324FF08041FFF7CBBF00BF480500205B
:1018B000024903484FF6FF72FFF7C2BF0004004021
:1018C000FC040020024903484FF6FF72FFF7B8BF3F
:1018D00000080040B004002010B504468CB014226B
:1018E000002107A80AF0F6F9236802220121B3F1CA
:1018F000804FCDE9082119D103F504339A6D0A43CD
:101900009A659A6D0A400192019ADA6C0A43DA6488
:10191000DB6C0B910B400293029B0323079307A9F7
:101920004FF0904004F0D6FF0CB010BD1A498B4226
:1019300016D11A4B996D41F002019965996D01F02C
:10194000020103910399D96C41F00101D964DB6C68
:101950000B9203F001030493049BC0230793DEE77B
:101960000F498B42E0D10D4B0E48996D41F00401B7
:101970009965996D01F0040105910599D96C41F0C3
:101980000201D964DB6C0B9203F002030693069B01
:10199000C023079307A9C5E70004004000100240D8
:1019A00000080040000400480268084B9A4282B0D8
:1019B0000AD103F564431A6E42F400621A661B6E84
:1019C00003F400630193019B02B07047002C0140B7
:1019D0000268084B9A4282B00AD103F550431A6E4E
:1019E00042F480321A661B6E03F480330193019B2C
:1019F00002B070470040014010B5044688B0142280
:101A0000002103A80AF066F923681A4A934217D105
:101A1000194BDA6C42F00102DA64DB6C03F001036B
:101A200001934FF44071019B0223CDE90313062378
:101A3000079303A94FF0904004F04CFF08B010BD8D
:101A40000E4A9342FAD10C4B0D48DA6C42F0020276
:101A5000DA64DB6C03F002030293029B4FF48042D2
:101A60000223CDE90323CDE905330123079303A91D
:101A7000E2E700BF002C014000100240004001409E
:101A80000004004810B510229CB0002400210DEB8A
:101A900002000AF01FF91C22214608A8CDE90144E2
:101AA00003940AF017F9342221460FA80AF012F91C
:101AB000304A314B9460C2E90034104642F233138D
:101AC000C2E90334C2E9054405F0ACFC08B1FFF7F4
:101AD000EBFB4FF480532748049304A905F022FE42
:101AE00008B1FFF7E1FB234805F0CCFC08B1FFF794
:101AF000DBFB00241F48039401A9CDE9014405F054
:101B0000A5FF08B1FFF7D0FB60231A480E9400220E
:101B100008A9CDE90834CDE90A44CDE90C4405F023
:101B20007BFD08B1FFF7C0FB1248042208A905F0AD
:101B300073FD08B1FFF7B8FB00234FF40052CDE965
:101B400014230C4813934FF000720FA9CDE90F3303
:101B5000CDE91133CDE91633CDE91823CDE91A3398
:101B600005F0C0FF08B1FFF79FFB0248FFF744FFF5
:101B70001CB010BD94050020002C014010B50024BD
:101B80008AB01C22214603A8CDE9004402940AF041
:101B9000A1F8184A184B1360A923C2E90134104672
:101BA0004CF24F33C2E90334C2E9054405F06AFC44
:101BB00008B1FFF779FB0F4800946946029405F0DD
:101BC00045FF08B1FFF770FB002260230948099226
:101BD00003A9CDE90332CDE90522CDE9072205F0BD
:101BE0001BFD08B1FFF760FB0248FFF705FF0AB0D5
:101BF00010BD00BF6404002000400140FEE7FEE786
:101C0000FEE7FEE7FEE770477047704704F08AB9C9
:101C1000014805F0A2B800BFDC020020014806F030
:101C200033BB00BF88020020014806F0C8BE00BFD9
:101C3000880200204FF4005004F026BF014807F04E
:101C4000E7BA00BF3C030020014807F0E1BA00BF3B
:101C5000D00300200B4B1A6E42F0010282B01A66CC
:101C60001A6E02F001020092009A9A6D42F08052C0
:101C70009A659B6D03F080530193019B02B005F0C0
:101C800013B900BF00100240034AD2F8883043F471
:101C90007003C2F88830704700ED00E038B50446A4
:101CA00017481C2303FB040300211A69154B082A5B
:101CB0001B6821D005D852B1042A1BD00022DA6457
:101CC00006E00C2A1AD0102AF8D1996400E05A6371
:101CD0001C236343C5180022C058A98804F0CEFE17
:101CE0000022A989A86804F0C9FE074B002223F846
:101CF000142038BD9963EBE7D963E9E71964E7E796
:101D000050E9000894050020E005002010B50446C5
:101D100020B9FFF7C3FF0120FFF7C0FF22460348A9
:101D2000BDE81040012104F0A9BE00BF0004004836
:101D3000012838B5044628D817481C2303FB0403A0
:101D400000211A69154B082A1B6821D005D852B109
:101D5000042A1BD00022DA6406E00C2A1AD0102ACA
:101D6000F8D1996400E05A631C236343C51801222B
:101D7000C058A98804F082FE0122A989A86804F04D
:101D80007DFE074B002223F8142038BD9963EBE752
:101D9000D963E9E71964E7E750E9000894050020F2
:101DA000E005002001282DE9F041054661D8354EB7
:101DB0001C2303FB0063B3F9180093F9143013FBE1
:101DC00001F383420BDC42429342B4BF13B21BB215
:101DD000002B06D12846BDE8F041FFF7A9BF034616
:101DE000F6E74FF01C0202FB0561B8BF5C42B1F997
:101DF0001610B4BF24B21C46A14203DD8842A8BF1E
:101E0000084604466A43B718002BB058B9881E4BE1
:101E1000B7F80C801EDD012223F8154004F02EFED9
:101E200000224146B86804F029FE1C2303FB056626
:101E3000164932690B68C968082A01FB04444FF44B
:101E40007A71B4FBF1F418D00CD88AB1042A12D0FC
:101E5000DC640EE0624223F81520002204F00EFE3E
:101E60000122DEE70C2A0AD0102AF1D19C6400E09E
:101E70005C63BDE8F0819C63FBE7DC63F9E71C640D
:101E8000F7E700BF50E90008E005002094050020B6
:101E900008B50020FFF702FF0120FFF7FFFE094809
:101EA0000022012104F0EAFD06480022022104F08C
:101EB000E5FDBDE8084000224FF480614FF09040FE
:101EC00004F0DCBD0004004808B50948002105F015
:101ED0005BFD08B1FFF7E8F90548042105F054FD62
:101EE00008B1FFF7E1F9BDE80840FFF7D1BF00BF37
:101EF0009405002010B50A4C237843B1094800210D
:101F000005F0A2FD08B1FFF7CFF900232370054BC0
:101F10001A68002353635362034A936010BD00BFE5
:101F2000E405002064040020F0050020124B134853
:101F300010B500241C70C3E90144114B1C70114BF7
:101F40001C60114B224620211C7004F097FD224694
:101F50000A48102104F092FD22460C48022104F0A8
:101F60008DFD22464FF480614FF0904004F086FDD5
:101F7000BDE81040FFF7BEBFF00500200008004894
:101F8000EC050020E8050020E405002000040048DE
:101F900038B5084D044648B96860FFF7ABFF2246E4
:101FA0000548202104F06AFD2C7038BDFFF7A2FF20
:101FB0000122F5E7F005002000080048B0F5FA6FAF
:101FC0002DE9F84304460D4611DC10F5FA6F11DBDC
:101FD00000F11303262B98BF0024304E3378746031
:101FE0000BB1002C08D1BDE8F843FFF783BF4FF4D5
:101FF000FA64F2E72A4CF0E7DFF8B490DFF8B48037
:1020000099F90030CCBF01274FF0FF37BB420FD00A
:10201000FFF770FF7B1E5A4222485A4110210135BA
:1020200004F02CFD89F80070C8F80050BDE8F88372
:10203000D8F80030ED1A002DD5DB1B4D297884EA45
:10204000E472A2EBE47211B1B368A342EED0174878
:10205000530803F5742303F51073B3FBF2F302681E
:102060005F1ED762C7605F08576331B1516A8B4208
:1020700001D800235362B460D8E75162012105F012
:1020800067F908B1FFF710F90848002105F07CFC5A
:1020900008B1FFF709F901232B70ECE7F0050020E8
:1020A00030F8FFFF00080048E40500206404002029
:1020B000EC050020E8050020024B00225A60FFF7E3
:1020C00019BF00BFF005002000487047F005002050
:1020D0002DE9F843104D114C03264FF000084FF046
:1020E0000009002728683C2105F0DAF808B1FFF75D
:1020F000DBF82B681A68013E4FF00003536205F1CC
:102100001405C4E902892360276145F8103C04F1F5
:102110001804E7D1BDE8F883040000200006002081
:10212000F0B588B3224A2349DFED236A9FED236A85
:10213000002517460B680E7C1B6891ED037A5C6ADC
:102140004B684C60E31A102E08BF1BB207EE903AA2
:10215000F8EEE77AD2E9024667EE877AFDEEE77A93
:1021600017EE903AE41846EBE376022DC2E90246F8
:10217000C2ED007A09D100233B640135032D01F142
:10218000140102F11802D5D1F0BDF8EEE77A07EE9E
:10219000100AD1ED025A67EEA67AB8EE477A67EEDA
:1021A000867A27EE257AC7EE875AC2ED045AE4E70D
:1021B00000060020040000205A584F4300007A44D3
:1021C00002289DBF024B182202FB003000207047FE
:1021D00000060020022813D814230A4A4343D118CA
:1021E000D3581A6800235362182250434B600649A3
:1021F0000A180B5000200021C2E9020100231361DC
:10220000704700BF040000200006002020B100231A
:10221000C360036100230377704758B180ED000A63
:10222000C0ED010A80ED021AC0ED051A80ED062A04
:10223000FFF7ECBF70470000B0EE407A002865D091
:10224000F5EEC00AF1EE10FA60D9037FDBB3D0EDF2
:10225000047A70EE677A87EEA06AD0ED037AD0ED4B
:10226000056AE0EE877AF4EEE67AF1EE10FA08DC21
:10227000F1EE666AF4EEE76AF1EE10FAD8BFF0EE1E
:10228000676AD0ED017AD0ED005A90ED060A66EE4D
:10229000A77AE5EE877AD0ED025AE5EE867AB4EEBB
:1022A000E70AF1EE10FA11DBB1EE406AB4EEE76A2C
:1022B000F1EE10FA04D9B5EEC07AF1EE10FA12DDA3
:1022C000C0ED036A0FE09FED136AC6E704D5B5EED3
:1022D000C07AF1EE10FAF3D4B1EE406AB4EEE76AD8
:1022E000F1EE10FAE7DCB4EEE70A0123F1EE10FAA2
:1022F00080ED047A03770BD4B1EE400AB4EEE70A1E
:10230000F1EE10FAD8BFB0EE670A70479FED010AF0
:10231000704700BF00000000F0B503681A782D2A4E
:10232000054609D101334FF0FF329FED217A214F4D
:102330000020F2EE046A0EE02B2A00D101330122C4
:10234000F3E7303C07EE904AF8EEE77A0120E7EE3B
:10235000267AB0EE677A1E4613F8014B17F804C0D0
:102360001CF0040FEDD12E2C0CD1DFED136A1C46AE
:10237000B0EE666A264614F8013B17F803C01CF05D
:10238000040F0AD140B107EE902AF8EEE77A67EE23
:10239000877AC1ED007A2E60F0BD303B07EE903AAF
:1023A000F8EEE77A0120A7EEA67A66EE866AE1E704
:1023B0000000000071F70008CDCCCC3DF0B52DED4C
:1023C000028B8D4D0A282A7885B002D00D2840F066
:1023D0000C81002A00F0F480884B00249C540022D9
:1023E00003921A78242A40F09C805A78422A40F0BE
:1023F00098809A782C2A40F09480033302A901A88F
:102400000193FFF789FF002800F0D880019B5E1C34
:102410001B7801962C2B40F0D180DFF810C22146AA
:102420004FF00A0E33781CF803707F07324606F12E
:10243000010670D4002900F0C1802C2B00F09A8096
:1024400001920026022C00F2B9809DED028ADFED98
:102450006C7AB4EEE78AF1EE10FA00F1AF80DFEDAE
:10246000697AB4EEE78AF1EE10FA00F3A7805EB164
:10247000DDED037A9FED647AF0EEE77AF4EEC77A49
:10248000F1EE10FA00F39A8003F058FD5F4BE2B2D0
:10249000186183F824209A68012C02F101029A60E5
:1024A00040F08C805A495B4C0A68002A00F0978003
:1024B000904200F09480821A5A619F69BA4288BFA4
:1024C0009A61002E40F08E80B2F5967F5AD9DFEDEA
:1024D000527A0860012183ED008AC3ED017AD86049
:1024E00083F8251083F82610DA6984ED008A0A44FF
:1024F000DA614A4A186810605868506098689060BD
:10250000DB68D360464B82F8241082F8251082F8ED
:102510002610197052E00EFB0433A3F1300401467B
:1025200080E740493548052209F0DCFB04460028D5
:1025300044D13D4B019302A901A8FFF7EDFE864669
:1025400000283BD0019B5E1C1B7801962C2B35D1BB
:10255000364821464FF00A0C3378C75C7F07324675
:1025600006F101067FF566AF0CFB0433A3F13004DE
:102570007146F1E7013203A901A80192FFF7CCFEF1
:1025800006465FE794ED007ADFED297A38EE477A68
:1025900027EE277A07EE902AF8EEE77AC7EE276A49
:1025A000DFED197AB0EEE67AB4EEE77AF1EE10FAE2
:1025B0000ADD83F824601A6A01321A6200232B7044
:1025C00005B0BDEC028BF0BDD3ED017A93ED017A3D
:1025D00076EEC76AB5EE007AE6EE877A79E7002EE6
:1025E0003FF475AFDDED037A73E73E2AE6D8531C5E
:1025F0002B70024B9854E3E7A8060020A9060020A0
:1026000000000CC300000C43008009458006002038
:102610004C06002050060020000000005806002054
:102620005406002088E90008AE06002071F7000873
:1026300000007A4408B528220021104809F04AFB1E
:10264000282200210E4809F045FB0E4A0E490F488A
:10265000002313700E4A13800E4A13700E4A137033
:10266000802207F0FBFD08B1FEF71EFE0B4B1A6837
:10267000136823F00403136008BD00BF8006002028
:102680005806002054060020EC0600203C030020E1
:10269000EA060020A806002048060020DC020020F0
:1026A00038B50E4C237883B100250D48257006F00F
:1026B00037FD0C4B0C491D800C4B09481D708022C6
:1026C00007F0CCFD10B10123237038BD084B1A6808
:1026D000136823F004031360F7E700BF48060020E7
:1026E0003C030020EA060020EC060020A80600209B
:1026F000DC020020F0B5064680B1EFF3108772B619
:10270000074D04460FCD0FC40FCD0FC495E803004D
:1027100084E8030007B962B696F82500F0BD00BF53
:102720008006002070B505460C461646FFF7E2FF0E
:1027300058B195F82400012808D1EB6843B1E41A98
:1027400003D4B4428CBF0020012070BD0020FCE700
:102750001846FAE7064BDB683BB1C01A40F6B833BF
:102760009842CCBF0020012070471846704700BF38
:1027700080060020F0B50446EFF3108E72B60E4FBF
:102780003B7803F0FF0C8BB10C4E40B135460FCDBA
:102790000FC40FCD0FC495E8030084E80300084A76
:1027A00000233B7086F8263082F82630BEF1000FF9
:1027B00000D162B66046F0BD5406002058060020E5
:1027C00080060020802870B5054610D80F4C23885D
:1027D000834205D90E4E23887F2B09D900232380FD
:1027E0000B4E9D420AD8802B04BF0023238070BD6E
:1027F0005A1CF05C2280FFF7E1FDECE7F05CFFF78C
:10280000DDFD238801339BB22380EAE7EA0600203E
:10281000EC060020014B01221A7070474806002088
:102820002DE9F04100262DED028B204D9FED208AF1
:10283000344637464FF00108A988286804F018F993
:1028400048B9D5ED027A08FA07F31E43013438EE91
:10285000278AF6B2E4B20137082F05F10C05EBD157
:10286000231E144D18BF0123052C2B7294BF002387
:1028700001236B722E70104B6C70A4B107EE904A5E
:10288000F8EE677AB0EE0C7A67EE877A88EE277AF0
:1028900085ED017A83ED007A03F050FBBDEC028BED
:1028A000E860BDE8F0811B686B60F5E734F500086F
:1028B00000000000700700206C07002000487047EF
:1028C00070070020F8B5134C4FF09043236010229E
:1028D000A3614FF400430546A280A383022600278C
:1028E000A188206804F0C4F8B0FA80F300384FEAF9
:1028F000531318BF0120012EC4E90355A371E371DE
:1029000020726772277504F1180400D1F8BD012602
:10291000E6E700BF8007002070B51F4C0546022681
:10292000A188206804F0A4F8A279E179B0FA80F3D4
:102930005B099A421CBFA371E560994228D0E26806
:10294000AA1A1D2A24D9E37198B925616072237AE5
:10295000CBB1637ABBB92369EB1AB3F57A7F12D393
:10296000237D0BB902232375012363720BE001263B
:10297000D6E7237A2BB1637A1BB9237D0BB90123E8
:10298000237501232372012E04F11804EFD170BDC9
:102990000029F8D0DBE700BF8007002001289FBF97
:1029A000044B182202FB003300229ABF187D1A75CF
:1029B000002070478007002001289FBF034B18228A
:1029C00002FB0033987988BF002070478007002001
:1029D000024B00221A7583F82C20704780070020D4
:1029E000294BDFF8C0C02DE9F041284F284C294D74
:1029F000DFF8B4E04E1E03EBC010153116F8013FAE
:102A00000BB18E4201D1BDE8F0813A2B1BD82A2BA5
:102A100009D8214A202B08BF724613680360137936
:102A200003710630EAE7A3F12B020F2A0FD8DFE883
:102A300002F0080E28240E19191919191919191953
:102A40001926164AE9E75A2B03D8402B10D8124A08
:102A5000E3E7A3F16102D3B2192BF8D802EB8202AB
:102A60003A44DAE7303B03EB830303EB0C02D4E791
:102A7000413B03EB8303DA19CFE72A46CDE7224631
:102A8000CBE7074AC9E700BF43080020B2F50008BA
:102A900099F500089EF5000894F50008A8F50008CF
:102AA000A3F5000834F60008ADF500080D4A0E49FC
:102AB000022310B593701023D3700C4B09780024B7
:102AC0001C700B4B1470503850701C700948042354
:102AD00005F0F6FA18B9084B0120187010BD204611
:102AE000FCE700BF3F080020B9070020BD07002019
:102AF000BC07002088020020BB070020084A0023F2
:102B00001370084A1370084A1370084A1370084A71
:102B10001370084B1860084B32301860704700BFC4
:102B2000B8070020B9070020BB070020BD07002020
:102B3000BC070020B4070020B00700202DE9F04FAB
:102B4000A74F3E7895B00446002E33D1A54A1368AE
:102B5000C31A002B16DB00F57A73DFF8E8821360E6
:102B600018F8015BA04805230222294605F006FB60
:102B700058B1731C022B4FF00106F1D19B4A002380
:102B800013703B7015B0BDE8F08F984B96481D70E0
:102B90007A2D4FF00A0300930BBF954A954A1B23E9
:102BA0001A23294605F0DEF90028E2D101233B7003
:102BB000914B1C60914EDFF890923378904D03F06A
:102BC000FF0853B1002333702B7089F800303B703D
:102BD000844B04F57A741C60D4E799F800302F78A0
:102BE000002B33D0012F89F800801CD1854B8648FB
:102BF0001978402300F8013B844B802203EBC1117C
:102C000009F067F97949804A0978774889F800809E
:102C1000812386F8008005F053FA10B902232B7047
:102C2000B0E73770AEE7022F10D1764B187801303D
:102C3000C0B20728187006D8FFF738FF0028A1D1C6
:102C4000012333709EE785F800809BE7002F99D120
:102C5000694A1368E31A002B94DB04F164031360E0
:102C600003F0E6F8824601F073FA05460220FFF70A
:102C7000A7FA2822394680460DEB020009F02AF80F
:102C800039464FF48062614809F024F80AA8FFF73A
:102C900031FD4FF4FA7221460AA8FFF743FD9AF876
:102CA0000130042B96BF5A4ADFF870B152F823B0B6
:102CB00007460020FFF780FE81460120FFF77CFEDB
:102CC000544A5B46CDE90090182104A808F04CFF57
:102CD00004A90020FFF784FE9AF80030052B96BF68
:102CE0004D4A4E4B52F8233095F83C200092182163
:102CF0004B4A04A808F038FF04A90120FFF770FE32
:102D0000D8F80830474A182104A808F02DFF04A974
:102D10000220FFF765FEA869FDF7E6FBCDE900019B
:102D2000414AAB6B182104A808F01EFF04A9032038
:102D3000FFF756FE002F4DD00B98FDF7D5FBCDE9E0
:102D400002010A98FDF7D0FB384ACDE900011821AD
:102D500004A808F009FF04A90420FFF741FE286930
:102D6000FDF7C2FB804620468946FFF7F3FC304A58
:102D700002901821CDE9008904A808F0F5FE04A905
:102D80000520FFF72DFE6869FDF7AEFB294ACDE966
:102D90000001182104A808F0E7FE04A90620FFF7A7
:102DA0001FFE9AF80230052B96BF234A1B4B52F8A0
:102DB00023300E4A12785208009218211F4A04A8A4
:102DC00008F0D2FE072004A9FFF70AFE0D4B0020F1
:102DD000187031E71A4904A809F073F8BBE700BF7F
:102DE000B8070020B007002088020020B9070020A3
:102DF000C6F60008ACF60008B4070020BC070020A7
:102E0000BB070020BA070020BE07002043080020AF
:102E100098F6000890E9000880F600088EE900089E
:102E20009DE90008ACE90008B6E90008CAE9000815
:102E3000E9E90008F9E9000868F6000804EA000872
:102E4000DCE90008E1F60008BD070020014B187816
:102E500040087047B90700200268034B9A4202BF3E
:102E6000024B01221A70704700540040BD07002039
:102E70000268034B9A4202BF024B01221A7070474C
:102E800000540040BC070020164A17490023136075
:102E9000164A1360164A1068164A1060164A1360E4
:102EA00000220A6015490A6015490B6015490A702D
:102EB00015490A7015490B6015490A6015490B60E0
:102EC00015490A7015490A7015490B6015490A70B1
:102ED0001549C1E90D224B618B61C86108624B62E3
:102EE0008B627047C00C0020A80C0020BC0C002096
:102EF000B40C0020B80C0020AC0C0020A40C002066
:102F0000A00C00209E0C00209D0C0020980C00209E
:102F1000940C0020900C00208D0C00208C0C0020C4
:102F2000880C0020850C0020E80C0020094B0A4981
:102F300000221A7000230B6008490B6008490B60DF
:102F400008490B6008490B6008490B60084B1A6080
:102F5000704700BF840C0020640C0020600C00202F
:102F60005C0C0020580C0020540C0020500C002059
:102F70004C0C002010B51748FFF748F91648FFF72A
:102F800045F9164A00231360154A1360154A0024B8
:102F90001470154A1460154A1460154A1360536082
:102FA0009360D3601361D3621463D463114A1360D6
:102FB000114A1360114B01221A70FFF765FF20467A
:102FC000FFF7B4FFFEF7A2FE2046BDE81040FEF773
:102FD000DFBF00BF480D0020280D0020E40C0020BA
:102FE000E00C0020DC0C0020480C0020440C0020E9
:102FF000E80C0020B40C0020B00C00209C0C002039
:1030000008B52DED048B9FED268ADFED269A9FED06
:10301000269ADFED268A2648B0EE692AF0EE491A94
:10302000B0EE481AB0EE680AF0EE000AFFF7F5F8C5
:10303000B0EE692AF0EE491AB0EE481AB0EE680A0E
:103040001C48F0EE000AFFF7E8F81B4B1B4A1A6019
:103050001B4A1C494FF0804313601B4A13601B4AF4
:1030600082ED008A1A4A11601A4A1B4911601B49F5
:103070004FF081420A601A490B601A4B83ED008AB7
:10308000194B1A60194B1A4A83ED008ABDEC048B68
:10309000184B1360184A1360BDE80840FFF76ABF79
:1030A00000000000008054440080D4433333333F99
:1030B000480D0020280D0020D80C00209A99993F37
:1030C000D40C0020000080BFD00C0020CC0C0020CD
:1030D000C80C0020C40C00200000C843800C002055
:1030E0007C0C0020780C0020740C0020700C002058
:1030F0006C0C00200000C842680C002038B50D4D53
:10310000044685F83D00FEF701FE94B900230A4805
:103110002B606B60AB60EB60FFF778F80748FFF758
:1031200075F82046FEF704FEBDE838400120FEF7A2
:10313000FFBD38BDE80C0020480D0020280D002000
:103140000B4B93F83E20824210B504460ED083F814
:103150003E00FEF71DFF4CB9064B1C60064B1C6081
:10316000FFF792FEBDE81040FFF7E0BE10BD00BFC4
:10317000E80C0020480C0020440C002008B5074B48
:1031800083F83F0048B983F83C00FFF77DFEFFF766
:10319000CDFEBDE80840FEF78FBF08BDE80C00205B
:1031A00008B5064B1A68064B1A60FFF76DFE054B13
:1031B000054A1A61012283F83C2008BDB40C0020A6
:1031C000B00C0020E80C00200000484208B5FFF7D2
:1031D0005BFE034B034A1A61022283F83C2008BDC0
:1031E000E80C0020000048C2034B044A1A61002288
:1031F00083F83C20704700BFE80C0020000048C264
:10320000014B83ED000A7047E40C0020B0EE407AD9
:103210009FED0E0AB4EEC07AF1EE10FA0AD4DFED9B
:103220000C7AB4EEE77AF1EE10FAD4BFB0EE470AAA
:10323000B0EE670A074B83ED040A93F83F301BB9E1
:10324000054B1A68054B1A60FFF71EBE0000A0C2AE
:103250000000A042E80C0020B40C0020B00C0020BC
:10326000B5EEC00AF1EE10FA1ED4F5EEC00AF1EE8A
:1032700010FA19D4B5EEC01AF1EE10FA14D40B4BB3
:103280000B4A83ED000A0B4BF5EEC01AC3ED000AA2
:10329000094BF1EE10FA83ED001A4CBF074B4FF0CB
:1032A0007E531360FFF7F0BD704700BFD80C0020BD
:1032B000C80C0020D40C0020D00C0020000080BFDF
:1032C000024B187008B9024B187070479C0C002014
:1032D0009D0C0020B5EEC00AF1EE10FA04D4034BA9
:1032E00083ED000AFFF7D0BD704700BFCC0C002073
:1032F000B5EEC00AF1EE10FA0CD4DFED087AB4EEA8
:10330000E70AF1EE10FAC8BFB0EE670A044B83ED8E
:10331000000A70479FED030AF8E700BF0000FA4477
:10332000C40C00200000000008B5FFF7ADFDFFF75A
:10333000FDFD064B01221A70054B00211961002189
:1033400083F83C1083F83F2008BD00BF840C0020A8
:10335000E80C0020B5EEC00AF1EE10FA29D4F5EE23
:10336000C00AF1EE10FA24D4B5EEC01AF1EE10FA4C
:103370001FD4F5EEC01AF1EE10FA1AD49FED0D7AB3
:10338000F0EEC27AF4EE477AF1EE10FA11D80A4B59
:1033900083ED000A094BC3ED000A094B83ED001AC7
:1033A000084BC3ED001A084B83ED002A074B00229F
:1033B0001A607047FFFF7F7F800C00207C0C00208C
:1033C000780C0020740C0020700C0020580C002099
:1033D000B5EEC00AF1EE10FA1DD4DFED127AB4EEAC
:1033E000E70AF1EE10FAC8BFB0EE670A0E4BF5EE31
:1033F000C00AF1EE10FA83ED000A0FD4DFED0B7A6C
:10340000F4EEE70AF1EE10FAC8BFF0EE670A084BD7
:10341000C3ED000A70479FED070AE7E7DFED050AF5
:10342000F5E700BF0000FA446C0C00200000964352
:10343000680C002000000000104B70B515460022FB
:1034400004460E4683F83F2083F83C20FFF71CFD1E
:10345000FFF76CFD0A4B9C42B8BF1C46B4F5FA6FEF
:10346000084BA8BF4FF4FA641C60074BB6F5FA7F0F
:1034700094BFAD1905F5FA751D6070BDE80C00200C
:1034800030F8FFFF480C0020440C002010B5044623
:10349000FFF714FA314B93F83D20002A5AD0002C44
:1034A00058D02F4A90ED016A10782E49002852D04A
:1034B000D1ED006ADFED2C7A76EE666A66EEA76AD9
:1034C00007EE904AB8EE677AC6EE877AB3EE097ACD
:1034D00067EE877ADFED256A9FED257A81ED006A38
:1034E000E6EE267A01211170F4EEC77AF1EE10FAB9
:1034F00008D49FED207AF4EEC77AF1EE10FAD8BF27
:10350000B0EE677A1C4A83ED0B7AD2ED007AF5EEC5
:10351000C07AF1EE10FA15DDF4EEE76AF1EE10FA7A
:10352000B0EEC66AF7EE005AC8BFF0EE676AB4EEB6
:10353000E56A77EEE66AF1EE10FAD8BFF0EE465A89
:10354000E6EEE57A77EEC76A77EE877AC3ED006A32
:10355000C3ED017A10BDDFED097AB7E7E80C002072
:10356000DC0C0020E00C002000007A440000344312
:10357000000096C300009643E40C00200000000009
:103580002DE9F04F2DED028B04468BB00020FEF7A5
:1035900017FE07460120FEF713FE054602F0CEFC9B
:1035A0000646002C00F0B88507EE904AAB4C9FED24
:1035B000AC8A94F83D30F8EE678A68EE888A002B72
:1035C00061D0002F5FD0002D5DD094ED026AD4ED64
:1035D000007A9FEDA47AD4ED035A97ED040AA2482D
:1035E00028EE877A77EEC67AF1EE476AF4EEC77A6C
:1035F000F1EE10FAC8BFF0EE477AF4EEE76AF1EEAA
:1036000010FAC8BFF0EE667A77EE867A94ED016A1A
:10361000C4ED027A36EE656A37EEC00AB4EEC76AC8
:10362000F1EE10FAD8BFB0EE467AF4EEC76AF1EECA
:1036300010FAD8BFF0EE476A76EEA56AF0EE680A97
:10364000C4ED036AFEF7F8FDBDEEC00AD5ED047ABD
:10365000864810EE103A94ED030A238630EE670A8E
:10366000F0EE680AFEF7E8FDBDEEC00AB4F93010CE
:1036700010EE103A00206386FEF794FBB4F9321086
:103680000120FEF78FFBFEF71FFD90ED027A784FC9
:10369000784BD7ED007A93F80080B8EEC77A27EE22
:1036A000287A77EE277AC7ED007AB8F1000F1DD09F
:1036B000714B724AD3ED007AD2ED006A37EE277A69
:1036C000B1EE046AF1EE667A77EEC67AB4EEE77A86
:1036D000F1EE10FA08D476EE867AB4EEE77AF1EEDF
:1036E00010FAD8BFF0EE477AC3ED007A94F83F5055
:1036F000C4ED087A002D00F0AD842822B8F1000F47
:1037000000F04D810021684608F0E4FA6846FFF7B2
:1037100031F85B4A9FED5B6AA0B19DF825308BB113
:103720001368039DDDED016A57495848584F7BBB2C
:10373000C1ED006A80ED006A564B00991960C7ED33
:10374000006A15601368544A13B1F31A502B59D903
:103750009FED4C8A82ED006A454694F83E3013B9DD
:103760009FED488A01250220FEF72AFDD0E90223B9
:10377000012A73F1000180F28284B5EEC08AF1EE75
:1037800010FA40F187849FED3F8A012500F082BC4A
:10379000EB1AA3F10A0CBCF15A0F30D807EE903A9D
:1037A000D7ED005AF8EEE77A76EEE55A67EE887ABA
:1037B00085EEA77ADFED397AB4EEE77AF1EE10FA0A
:1037C00008D4DFED377AB4EEE77AF1EE10FAD8BF1D
:1037D000F0EE477A90ED007A77EEC77AF5EE005A70
:1037E000A7EEA57AD1ED007A80ED007A76EEE75A61
:1037F0009FED2C7AE5EE877AC1ED007A9CE7B0EE7A
:10380000467AEFE707EE103A1F49224BD1ED007AD6
:10381000D3ED005ADFED244AD2ED006AB8EEC77A44
:1038200027EE087AE7EE275AB7EE007AB0EE475A4D
:10383000A8EEE45AE8EEA56AB5EEC05AF1EE10FA29
:1038400038D566EE866A9FED197AF4EEC76AF1EE16
:1038500010FAD8BFB0EE667A3CE000BFE80C00205A
:103860006F12833A0000FA43480D0020280D002013
:10387000B40C0020840C0020540C0020680C0020A4
:103880004C0C002000000000600C00205C0C0020AC
:10389000500C0020640C0020580C00200000FAC4DA
:1038A0000000FA449A99193FCDCC4C3E0000C84222
:1038B0000000C8C2B4EEC75AF1EE10FAD8BFB0EE9D
:1038C000457A67EE266A1FED067AF4EEC76AF1EED6
:1038D00010FAB8D5BC4B82ED007AD3ED006ABB4B31
:1038E00067EEA67AD3ED006AB94BE5EEA67AD3ED82
:1038F000006AB84BD3ED005AB74B27EE267AD3EDCA
:10390000006AB64B77EE877AD3ED004AB44BE6EE09
:10391000E57AD3ED006AB34B64EEA66A93ED005AE4
:1039200077EEA67AB1EE458AF4EEC87AF1EE10FA97
:1039300008D4F4EEC57AF1EE10FAD4BFB0EE678A7F
:10394000B0EE458AA84BD3ED007AF4EEE75AF1EEDB
:1039500010FA04DBB5EEC08AF1EE10FA1CDCF1EED1
:10396000677AF4EEE75AF1EE10FA06D8B4EEC86AB8
:10397000F1EE10FAC8BFB0EE468A84ED058A84EDF8
:10398000067A84ED076AC4ED085AC4ED094AC4ED0D
:103990000A6A4FF00008DFE69FED948AEDE74146A2
:1039A000684608F097F96846FEF7E4FEDFF87C8287
:1039B000002800F09E819DF825C0BCF1000F00F0AA
:1039C000988194F83C208A4B94ED046A93ED003A78
:1039D0009DED005A039B012A40F0B280DFED857A0D
:1039E00036EE276A8449D1F800A036EE456ABAF16E
:1039F000000F00F0B480A3EB0A0105EE901AF8EE78
:103A0000655A65EE885ADFF82892DDED017AD9F81B
:103A10000000DFF820E2002840F0A4807748C9F8D1
:103A20000030C0ED007A76489EED007AD0ED003A85
:103A30007448DFF80492D0ED004A99F8000084ED54
:103A4000097A63EEE46A66EE876AC4ED0A6AA8B191
:103A50009FED6D4AF0EEC56AF4EEC46AF1EE10FA1D
:103A600000F25183F0EEE76AB3EE094AF4EEC46A5D
:103A7000F1EE10FA9CBF002089F80000DFF8BCB11D
:103A80009BF80000002840F00C8199F800E0BEF19E
:103A9000000F40F06D81F0EEE76AB3EE094AF4EEF4
:103AA000C46AF1EE10FA0FD8DFED586AB4EEE65AA8
:103AB000F1EE10FAC0F2CA80F9EE046AB4EEE66ADA
:103AC000F1EE10FA00F1D280F0EEC66AF1EE042AAF
:103AD000F4EEE26AF1EE10FA4D48DFF86491DFF897
:103AE00064C1B0EEE74A00F24581F2EE006AB4EE3E
:103AF000E64AF1EE10FA00F23D81F5EEC03AF1EE41
:103B000010FA09D9F0EEC76AF3EE042AF4EEE26A7D
:103B1000F1EE10FA00F22E813E4AD7ED007A4FF016
:103B2000000EC0F800E0002010703B4AC9F8000009
:103B30001070314ACCED007A1360C4F818E0D4E07C
:103B4000022A7FF44FAFDFED357AB4EEE75AF1EE9B
:103B500010FAC4BFDFED277A36EE676A42E7DFED81
:103B6000235A50E7181A4F287FF65DAFFA2828D855
:103B7000DFF888B007EE100ADBED004AB8EEC77A2E
:103B800077EEE44A27EE087AC4EE876A9FED247A3E
:103B9000F4EEC76AF1EE10FA08D49FED227AF4EE43
:103BA000C76AF1EE10FAD8BFB0EE667ADEED006AB1
:103BB000DFED1D4A37EE667AE7EE246ACEED006A45
:103BC0002CE7DFED0A6AF9E77C0C0020800C00206E
:103BD000780C0020540C0020740C00205C0C002099
:103BE000700C00206C0C0020680C0020000000000D
:103BF000D00C002000008C42A80C0020980C002063
:103C0000CC0C0020C80C00200000E0420000E6427E
:103C1000C00C00209E0C00209D0C002000000CC257
:103C20000080BBC40080BB446666E63EB80C002042
:103C3000940C0020900C00208C0C00208D0C002097
:103C4000A40C0020B00C00200000E6C25FED026A68
:103C5000B4EEE65AF1EE10FA3FF636AFF1EE046A32
:103C6000B4EEE66AF1EE10FA7FF72EAF66EE246A44
:103C70000120F5EEC06ADFF818E38BF80000F1EEE2
:103C800010FAB4BFBF484FF07E50CEF80000BE48D7
:103C90004FF0000EC0F800E0BC484FF0000E80F876
:103CA00000E0BB48D0ED006AB84826EEE74AF2EEE5
:103CB000082AB4EEE24AF1EE10FA37DAF1EE082AF9
:103CC000B4EEE24AF1EE10FA4ED500220270B14A8B
:103CD0009FEDB17A1360B14B00221A600023A361FB
:103CE000AF4BD3ED007AE6EE877AC8ED007AC4EDEB
:103CF000077A6846FEF7FEFC9DF82530A94A23B1F5
:103D0000039BF31A962B40F369819FEDA78A9E4B84
:103D100082ED008AA14A83ED008A002313609D4A48
:103D200013603B68C8F80030E36116E590F800E0E6
:103D3000BEF1010F14D99D484FF0000E80F800E04D
:103D4000012089F80000914880F800E08E484FF08B
:103D50000009C0F800909148C0F800E0E646B3E6DC
:103D60000EF1010E80F800E000780128E3D8AEE7FC
:103D70008646A9E6DFF854B267EEC36ADBED007A47
:103D8000E6EE276ADFED8A7AE7EE636A64EEA66AFA
:103D9000F4EEE76AF1EE10FA46D4DFED867AF4EE3F
:103DA000E76AF1EE10FAD4BFB0EE667AB0EE677A49
:103DB000BEF1000F06D0D7ED007A794977EEC77AC9
:103DC000C1ED007AF1EE007AB4EEE74AF1EE10FAB6
:103DD000DFF8FCE100F28980D9F800B0BBF1000FF8
:103DE00025D1C9F800306AB9734A92F800C0BCF115
:103DF000000F07D1DFF8DCC18CED005A4FF0010C49
:103E000082F800C06D4A92F800C0BCF1000F00F0CB
:103E1000A680F2EE007AB4EEE74AF1EE10FA00F274
:103E20009E804FF0000C98E0B0EE677AC0E7BAF1E0
:103E3000000FE7D0A3EB0B0BBBF1C70FE2D9DFED0F
:103E4000607AF4EEE75AF1EE10FA08D4DFED5D7A0D
:103E5000F4EEE75AF1EE10FAD8BFF0EE657ADEED37
:103E6000005AF5EEC05AF1EE10FACBDDDFED562A1E
:103E700090ED005A82EEA53AF0EE453AE6EE273A8A
:103E8000F1EE436AF4EEE63AF1EE10FA08D4F4EEFD
:103E9000C33AF1EE10FAD4BFF0EE636AF0EE436A73
:103EA00064EEA55A76EEC56A67EEA27A66EEA56A5A
:103EB000B1EE676AF4EEC66AF1EE10FA08D4F4EED9
:103EC000E76AF1EE10FAD4BFB0EE666AB0EE676A48
:103ED000DCED007A77EE867ACCED007AC6EE257AB4
:103EE00077EE857AC0ED007A8CE7F2EE047AB4EED4
:103EF000E74A4FF0000CF1EE10FAC9F800C081DB80
:103F000012B1002202607DE7DFF8CCC09CF800C04F
:103F1000BCF1000F3FF476AFDFF89CC09CF8009036
:103F2000B9F1000F3FF46EAFDFF8A890D9ED007A39
:103F300075EE677AF0EE006AF0EEE77AF4EEE67A74
:103F4000F1EE10FAFFF65EAF8CF800204FF000099A
:103F50001A4AC0F800904FF0010C82F800C0DEED64
:103F6000007A0C4AD0ED006A136064EEA77A0C4B1D
:103F700067EEA67AC4ED067AD3ED007A77EE277A5B
:103F8000B3E600BF000080BFC00C0020850C0020FD
:103F9000880C0020A80C002000009644A40C0020EF
:103FA000B00C0020BC0C0020000000008D0C002094
:103FB000000096C3000096439E0C00209D0C00203C
:103FC0000AD7A33BCDCCCC3D00001644D80C002032
:103FD000D40C0020A00C00209C0C0020514B1B781E
:103FE0007BBB514B1B787BBB504B93ED007AD7EDDD
:103FF000006AD8ED007A77EEE67AF7EE006AB0EE66
:10400000E76AB4EEE66AF1EE10FA20D9F2EE046A3D
:1040100067EEA67AB1EE478AF4EEC87AF1EE10FAAE
:1040200008D4F4EEC77AF1EE10FAD4BFB0EE678A86
:10403000B0EE478A82ED008A84ED058A0025FFF7FD
:104040008CBB9FED3B7AD2E79FED3A7ACFE79FEDAD
:104050003A8AEFE739493A4A0B684BB1F31A002B19
:1040600005DA92ED008AB8EEC88AFFF776BB012523
:1040700000239FED318A0B601360FFF76EBBB2F532
:10408000966F73F1000305DBB5EEC08AF1EE10FA0E
:104090003FF779ABB0EE480A06F030F9294B606380
:1040A00055B100221A600023A3630BB0BDEC028B54
:1040B000BDE8F04FFEF700B893ED007ADFED227A0D
:1040C00038EE478A68EEA77AB4EEE78AF1EE10FA86
:1040D000C8BFB0EE678AF1EE677AF4EEC87AF1EE07
:1040E00010FAD8BFF0EE487A37EE870A83ED000A5F
:1040F00006F004F93146A0630BB0BDEC028BBDE8BD
:10410000F04FFDF75BBF9FED114AF4EEC46AF1EE8C
:1041100010FABFF6A7ACB1E40BB0BDEC028BBDE862
:10412000F08F00BF8D0C00209D0C0020C40C0020DF
:104130000000C8420000FA4400000000440C0020C7
:10414000480C0020AC0C002000409C460000E642D9
:1041500000487047E80C0020044B054A1860002313
:104160001360044A1360044A13607047740D002002
:10417000700D00206C0D0020680D00202DE9F04727
:10418000044602200E4617469A46FEF719F8814665
:10419000FDF79AFF8046FEF791FB0546BAF1000F46
:1041A0000FD0D8F80830D9F80020002BB8BF5B42F8
:1041B0001F2B11DD8AB91E4B1E4A1C60136823B9E0
:1041C0001460BFB9F6B900201AE0E31A40F2ED22FC
:1041D0009342F6D9012013E01AB1164B00221A605F
:1041E000EFE7134B1B68002BEBD0E31AB3F5FA7F14
:1041F000F3D8E6E72046FEF7ADFA0028E2D1022028
:10420000BDE8F0870C4B1B68E31AB3F5FA7FDAD9E7
:104210002A7A0A4B4AB91A680AB91C60D3E7A41A69
:10422000B4F5FA7FCFD30320EAE700221A60CAE789
:10423000680D00206C0D0020740D0020700D002012
:104240002DE9F04F2DED0A8BABB0824601F0F0FD69
:104250000746FFF77DFF04460020FDF7B1FF8146CA
:104260000120FDF7ADFF80460220FDF7A9FF2822BF
:104270000021834620A807F02DFDFEF71FFB4F4EBF
:10428000054620A8FEF736FAD6F88830202B40F0F5
:104290008F807B7894ED049A9DED208ADDED218A54
:1042A00019933B781A93F2EE047ABB78D5ED019A14
:1042B0001B9328EE278ADBF80030DBF80810626BCE
:1042C0001C9368EEA78A29EE279ADFED3D7AA36B4F
:1042D0001F91002069EEA79A1E931D9294F83C70DE
:1042E00099ED04AAD8ED04AAB4F93290B4F930805B
:1042F00094ED05BAD4ED07BA94ED08CAD4ED06CA18
:1043000095F800B0FEF758FB04460120FEF754FB79
:104310000546FEF79BFD1E9B0A931C9B09931B9B66
:104320001F9902931A9B1D9A0193BDEECAAA199B6D
:104330000B92FDEEEAAABDEECBBAFDEEEBBABDEEF6
:10434000CCCAFDEEECCABDEEC88AFDEEE88ABDEE31
:10435000C99AFDEEE99ACDE91650CDE90791194ABF
:1043600000934FF480711848CDED139A5346CDE970
:1043700014B48DED129ACDED118A8DED108ACDED2C
:104380000FCA8DED0ECACDED0DBA8DED0CBACDF87C
:104390001880CDED05AA8DED04AA039707F0E4FB84
:1043A000FF28A8BFFF2082B20749304604F062FE12
:1043B0002BB0BDEC0A8BBDE8F08F00BFD00300200E
:1043C00000007A4465EA0008780D0020034A0023C3
:1043D0001360034A1360034A13607047800E002085
:1043E0007C0E0020780E002008B505490548012202
:1043F00005F042FE10B1044B01221A7008BD00BF47
:1044000098130020D00300201313002073B50D462D
:10441000002401A90646019406F09EFD019BB342CB
:104420000FD0187868B99FED087AF0EEC07AF4EEF4
:10443000477AF1EE10FA02D885ED000A012002B0A9
:1044400070BD2046FBE700BFFFFF7F7F73B50A22E8
:104450000D46002401A90646019406F05BFE019B6F
:10446000B34205D01B781BB92860012002B070BD93
:104470002046FBE708B50020FEF780FE0020FEF78F
:104480005FFEFDF705FD054A00231360044A136033
:10449000044A1360044A136008BD00BFA00E002048
:1044A0009C0E0020980E0020940E002038B52DEDB3
:1044B000028BB0EE408A0D460446FFF7DBFFB0EEFC
:1044C000480AFEF7A3FE0120FEF73AFE0120FEF7A0
:1044D00055FE15B12046FEF763FE0F4B002283ED1B
:1044E000028A5A70B5B1042201251A70002283F89D
:1044F0002850DA62094B1C60094B1A60094BBDEC6D
:10450000028B1A60084B04F5EA441A70074B3034EA
:104510001C6038BD0322E8E79C130020900E0020A9
:104520008C0E0020880E0020840E00209C0E00209F
:10453000F8B50D4C237803F0FF059BB90B4F3B7882
:1045400083B10B4B0B491E880B48324607F0C1FC68
:10455000012309490948237032463D7004F08AFD61
:1045600000B12570F8BD00BFAD0E0020AC0E0020DC
:10457000AE0E0020B00E0020B0100020D0030020AE
:104580000FB407B504AB0D4853F8042B01934FF457
:10459000007107F091FB00280BDD40F2FF139842F9
:1045A000A8BF1846064B1880064B01221A70FFF769
:1045B000BFFF03B05DF804EB04B07047B00E0020FD
:1045C000AE0E0020AC0E00200B4610B501464FF495
:1045D000FA721846FEF7A6F8044610B90248FFF72B
:1045E000CFFF204610BD00BF37EB00082DE9F04F8C
:1045F0000746D3B00220FDF7E3FD8146FFF7A8FD93
:104600000646FDF761FD28220021804648A807F0F4
:1046100061FB4FF4FA72394648A8FEF783F84B9CC9
:104620008346002C00F0BB803C1B4C9D002D00F00D
:10463000B9807D1B48A8FEF75DF85C4B489893F85D
:1046400000A05B78042B96BF594A5A4A52F823209F
:10465000D9F808302893D9F800302993D8F80430D5
:104660002A93D8F808302B93B36B2C93524B479274
:104670001B682D93514B1B682E93514B1B682F9336
:10468000FBF732FFCDE930014998FBF72DFFCDE96B
:104690003201706AFBF728FFCDE934013069FBF77E
:1046A00023FFCDE936017069FBF71EFFCDE9380124
:1046B000F069FBF719FFCDE93A01306AFBF714FF07
:1046C000CDE93C01B06AFBF70FFFCDE93E01B069CF
:1046D000FBF70AFFCDE940013846FEF73BF84D9B5A
:1046E000429332494E9B43934F9B91F828904493B9
:1046F000C96A509B4A9F9DF844814693064645915E
:10470000FEF7A4FB9DED407B8DED187B9DED3E7B80
:104710008DED167B9DED3C7B8DED147B9DED3A7B05
:104720008DED127B9DED387B8DED107B9DED367B05
:10473000469B2393449B22938DED0E7B439B45998F
:1047400021939DED347B429B2690CDE92491CDE9C8
:104750001F53CDE91D84CDE91BB78DED0C7B1A9657
:104760009DED327B2F9B06932E9B05932D9B0493EF
:104770002C9B03938DED0A7B2B9B02939DED307B4D
:104780002A9B0193299B00938DED087B289B479AD8
:104790000C485146FFF7F4FE53B0BDE8F08F4FF0E0
:1047A000FF3442E74FF0FF3544E700BF9C13002081
:1047B000E4F600085EEB0008800E00207C0E00206E
:1047C000780E002066EB000838B5094D2B78052BD4
:1047D00004460CD0FFF74EFE05232B70054B6C7082
:1047E00053F824100448BDE83840FFF7C9BE38BD6F
:1047F0009C130020E4F60008A1EC000810B530225C
:10480000044600210C4807F065FA0B4A0B4BD360B5
:104810004FF0804313615361094B9361094BD3619E
:1048200064235362FFF7D2FD074B1C60074B1C60EB
:10483000BDE81040FFF7D8BD9C1300209A99993F1E
:10484000000080BF0000C843A80E0020A40E002076
:104850002DE9F047A24B2DED048B1A78A0B0044649
:1048600042B1A04AD2F88C20202A03D100221A702B
:10487000FFF7BAFDFFF75CFEDFF8E882DFF8E892A9
:10488000994BB8F800201B8892B29BB29A426DD126
:10489000964D2878002800F05584954B1A7822B15F
:1048A000002201201A70FFF78FFF924B1E68A61B93
:1048B000042E30D930461C60FDF732FCFDF704FCB5
:1048C0008D4F81683868A1FB06324FEAE17CC3183E
:1048D00006FB0C2242EBE072B3F1004F72F1FF30A5
:1048E000BCBF4FF000434FF0FF32B3F1004F72F105
:1048F0000002A8BF6FF0004300293B6040F3D8835B
:104900007E4A1368334413602B78023B022B11D884
:104910003046FEF735FE2B78022B0BD1784B1B6807
:10492000E31A002B06DBFFF7A5FD012375482B706A
:10493000FFF726FE95F80080A8F10203022B00F293
:10494000F6830220FDF73CFC0746FDF7BDFBB8F1FE
:10495000020F064600F0B0832046FDF7FBFE00285C
:1049600040F0AA830320FFF72FFFB7E3B8F8003029
:10497000654A9BB2D15CB8F80030013303F07F0385
:104980000D29A8F80030CAB2B9F8003002D00A2ABE
:1049900040F07D83002B3FF473AF5C4A5C490026F6
:1049A0001046D65407F0B0F90EAD0746C7B1082E31
:1049B0000DD10E9D57492846FCF7F4FA002851D135
:1049C0002046FFF713FE0023A9F8003058E745F80A
:1049D000047B4F49002007F097F901360746E5E7C9
:1049E000002EF0D0022E0E9DE4D14B492846FCF754
:1049F000D9FA10BBDDF83CA048495046FCF7D2FA82
:104A000080B901F015FA43781BB14548FFF7B8FDAE
:104A1000D9E7FFF72FFDFFF7D9FC344B41480122BE
:104A20001A80F3E740495046FCF7BCFA28B9FFF773
:104A300021FD2E4B3D481F80E8E73D492846FCF705
:104A4000B1FA0028B6D13B490F98FCF7ABFA0746FC
:104A50000028AFD1FFF70EFD244B1F8000F0CAFDE8
:104A60003548D3E735492846FCF79CFA30B9FFF7BB
:104A700001FD1E4B324801221A80C7E73149284602
:104A8000FCF790FA30B9FFF7F5FC184B2E480122DD
:104A90001A80BBE72D492846FCF784FA60B9134B0E
:104AA0001B78012B01D02A48B0E70220FDF792FBCA
:104AB000FFF78CFC2748A9E7022E57D12649284644
:104AC000FCF770FA002840F0A48024490F98FCF706
:104AD00069FA002840F09D80FFF778FC204895E7B0
:104AE00013130020D0030020161300209C13002075
:104AF00012130020A80E0020800E00207C0E002043
:104B0000A00E00206AF2000818130020B212002044
:104B1000B3EC00085EED0008B6EC0008ACEC000851
:104B2000BCEC0008E0EC0008AFEC00081EED00084B
:104B30002DED000831ED000836ED0008DDF200082B
:104B400065ED000872ED000878ED00088BED0008B7
:104B500090ED0008A7ED0008D0ED0008D5ED0008A5
:104B6000DBED000814130020B0120020032E40F0EB
:104B7000DE80AF492846FCF715FA002840F0DC81BA
:104B80000F980CA9FFF762FC002800F0D58110985F
:104B90000DA9FFF75BFC002800F0CE810C9E06F10A
:104BA0006403C82B05D80D9D002D02DDB5F5FA7FF5
:104BB00007D9A0480A234FF4FA726421FFF7E0FCFA
:104BC00001E786EAE673A3EBE673A3FB053242F244
:104BD00011718B4272F1000206D3974842F21072B3
:104BE0000A21FFF7CDFCEEE6944FFFF743FC0223CA
:104BF0003B80934B7E60621901201A60FEF7A0FA99
:104C0000786822462946FEF717FC8E482A46314628
:104C1000E7E78D492846FCF7C5F90746002859D132
:104C2000DDF83CA089495046FCF7BCF9014618BBA9
:104C3000282216A807F04EF816A92046FFF7C4FC54
:104C400000283FF4C0AEDDED167AB2EE087AF0EE41
:104C5000E77AF4EEC77AF1EE10FA05DD7C4B7D4879
:104C60000022FFF78DFCAEE620469FED7B0A012176
:104C7000FFF71CFC7948C9E608A95046FFF7C6FBB8
:104C800040B33946282216A807F024F816A9204672
:104C9000FFF79AFC00283FF496AE9DED088ADFED01
:104CA000707AB0EEC87AB4EEE77AF1EE10FA03DD6E
:104CB0006C4B6D480022D4E739462046B0EE480AD6
:104CC000FFF7F4FB18EE100AFBF70EFC02460B464A
:104CD0006648C6E766492846FCF764F9002840F0B4
:104CE000818164490F98FCF75DF90146002840F086
:104CF0007981282216A806F0EDFF16A92046FFF7B5
:104D000063FC00283FF45FAEFFF7B4FB0120FEF721
:104D100017FAFEF709FB494B574800229A60032215
:104D20001A80564A04F5EA43303313606EE6072EC4
:104D300040F0DF8252492846FCF734F9002840F061
:104D4000C78250490F98FCF72DF9002840F0C08227
:104D5000109808A9FFF75AFB002800F0B9821198B3
:104D600009A9FFF753FB002800F0B28212980AA9A4
:104D7000FFF74CFB002800F0AB8213980BA9FFF75C
:104D800045FB002800F0A482149816A9FFF73EFB0B
:104D9000D8B1DDED089AF5EEC09AF1EE10FA14D410
:104DA0009DED098AB5EEC08AF1EE10FA0DD4DDED65
:104DB0000A8AF5EEC08AF1EE10FA06D49DED0B9A40
:104DC000B5EEC09AF1EE10FA01D52F481EE6169DF9
:104DD000F0EE491A02EE105AB0EE681AF0EE480AE8
:104DE000B0EE690AFEF7B6FA19EE900AFBF77CFB03
:104DF000064628460F46FBF777FBCDE9060119EE7C
:104E0000100AFBF771FBCDE9040118EE900AFBF7DD
:104E10006BFBCDE9020118EE100AFBF765FB324689
:104E2000CDE900013B461948FFF7AAFBCBE500BFDF
:104E3000FBED0008FFED000837EE00089C13002092
:104E4000A00E00206BEE00088CEE000891EE00082A
:104E5000000028409AEE000800004842C7EE000813
:104E60000000A04200005440FEEE00081CEF0008C5
:104E700046EF00084EEF000854EF00089C0E00209B
:104E800084EF00088BED000889EF0008C0EF0008F0
:104E9000B2492846FCF786F8002840F01982B0494C
:104EA0000F98FCF77FF8002840F01282109808A9AC
:104EB000FFF7ACFA002800F00B82119809A9FFF760
:104EC000A5FA002800F00482DDED088AF5EEC08A1C
:104ED000F1EE10FAC0F2FC819DED098AB5EEC08AB0
:104EE000F1EE10FAC0F2F481DFED9E7AF4EEE78A7B
:104EF000F1EE10FA00F2EC81DFED9B7AB4EEE78A76
:104F0000F1EE10FA00F2E481F0EE480AB0EE680A21
:104F1000FEF75EFA18EE900AFBF7E6FA064618EE80
:104F2000100A0F46FBF7E0FA3246CDE900013B4696
:104F30008E48FFF725FB46E58D492846FCF732F8F9
:104F4000E0B98C490F98FCF72DF8B8B9109808A96A
:104F5000FFF75CFA90B19DED088AB5EEC08AF1EEDC
:104F600010FA0BDBB0EE480AFEF7B4F918EE100A9F
:104F7000FBF7BAFA02460B467F4872E677492846A5
:104F8000FCF710F8002840F0A3817C490F98FCF74B
:104F900009F8002840F09C81109808A9FFF736FA1C
:104FA000002800F095819DED088AB5EEC08AF1EEEB
:104FB00010FAC0F28D81DFED6B7AB4EEE78AF1EE84
:104FC00010FA00F285816E4BB0EE480A83ED078A35
:104FD000FEF78EF918EE100AFBF786FA02460B462A
:104FE00068483EE668492846FBF7DCFF002840F0A9
:104FF0006F81DDF83CA065495046FBF7D3FF0746BB
:1050000030B163495046FBF7CDFF002840F0608186
:10501000B7FA87F04009FEF753F95C495C4B5D48ED
:10502000002F18BF1946FFF7ABFACCE40F9F584981
:105030003846FBF7B7FF20B9514B83F8200056489C
:10504000E4E452493846FBF7ADFF002840F04781C1
:105050006423032E16930ED1109816A9FFF7F6F9C4
:1050600038B1169940F2BC72A1F1140090420B467F
:1050700002D94A48CAE41946414A494853620123C1
:1050800082F82030474B1C60CDE74748BEE45E2BDA
:1050900006D8591CA9F800104449CA54FFF7F0BBC0
:1050A00000234348A9F80030FFF76AFAFFF7E8BB8E
:1050B0003FF42AAC3F4A24E4B3683A68002BB8BFF7
:1050C0005B421F2B40F38280002A40F080803A4BE5
:1050D0003A4A1C601368002B39D114602E78042ED4
:1050E00015D12822002116A806F0F4FD4FF4FA721B
:1050F000214616A8FDF716FB314B1B6841F288329A
:10510000E31A9342EB6270D93046FFF75DFB2B78D0
:10511000032B0CD12B4B1B684BB1E31A002B06DB86
:10512000FFF7A8F9012328482B70FFF729FA95F813
:10513000203033B11B4A696A1368E31A8B4280F04E
:10514000BA80012020B0BDEC048BBDE8F087E31AE3
:1051500040F2ED229342C1D9022004E4F8EF0008A6
:105160008BED00080000FA4400009643FEEF0008B3
:1051700084EF000855F000085BF000087FF000089D
:105180009C13002084F00008A6F00008ACEC000896
:10519000AFEC0008ACF00008C9F00008D9F0000836
:1051A000F9F00008A40E002033F20008B21200202B
:1051B00053F20008780E0020940E0020980E002074
:1051C000900E00209C0E0020B7F200081AB1894B07
:1051D00000221A6082E7884B1B68002B3FF47EAFE9
:1051E000E31AB3F5FA7FF2D878E7844B1A78E2B97C
:1051F00000288CD09FED827ADDED167A77EEC77AA3
:10520000B2EE047AF0EEE77AF4EEC77AF1EE10FA35
:105210003FF77DAF01221A70022385F8283020461F
:10522000784BAB60FDF7D2FF71E77749774AC8B199
:105230009FED737ADDED167A77EE877AB2EE047A17
:10524000F0EEE77AF4EEC77AF1EE10FA0ADCDDED63
:10525000177AB3EE097AF0EEE77AF4EEC77AF1EE58
:1052600010FA03DD00230B60136050E719980B68F8
:1052700098420AD043B1C31A962B95BF16680023F3
:10528000F618136098BF166008601368F92B7FF654
:105290003EAF032385F828302B705A4BAB60FDF7E7
:1052A000A3FF5B4AE96A5B4804F5EA4330331360C5
:1052B000FFF766F92BE720461460FFF797F940E700
:1052C000032E3FF439AE022E3FF48CAE012E06D0F1
:1052D00051492846FBF766FE00283FF4A7AE4F4928
:1052E0002846FBF75FFE00287FF4CFAE4C48FFF75F
:1052F0008DBB042E3FF4CCAD062EE1D149492846A2
:10530000FBF750FE0028E3D147490F98FBF74AFE10
:105310000028DDD1109808A9FFF778F80028D7D029
:10532000119809A9FFF772F80028D1D012980AA99C
:10533000FFF76CF80028CBD013980BA9FFF766F89D
:105340000028C5D0DDED089AF5EEC09AF1EE10FA0E
:10535000BEDBDDED098AF5EEC08AF1EE10FAB7DBAF
:105360009DED0A9AB5EEC09AF1EE10FAB0DB9DED14
:105370000B8AF7EE007AB4EE678AF1EE10FA06D0E7
:10538000FFEE007AB4EE678AF1EE10FAA0D1274B57
:10539000F0EE481AB0EE491AF0EE680AB0EE690A6B
:1053A000C3ED039AC3ED048A83ED059A83ED068A63
:1053B000FDF756FF19EE900AFBF796F8064618EE31
:1053C000100A0F46FBF790F8CDE9040119EE100A18
:1053D000FBF78AF8CDE9020118EE900AFBF784F892
:1053E0003246CDE900013B461148FFF7C9F8FFF707
:1053F000EABA00BF980E0020940E0020840E002010
:1054000000004842000048C28C0E0020880E002098
:105410009C0E00207CF20008D0F200080FF100087A
:1054200014F1000884EF00088CEE00089C130020A3
:1054300023F00008024B1878003818BF012070478D
:105440009C130020014B01221A7070471213002098
:105450000B4A0C4913880988013303F07F0389B292
:10546000994210B407D0084811880078074C89B2D7
:10547000C0B2605413805DF8044BFEF7B5BF00BFA7
:105480001613002014130020981300201813002076
:10549000024B00221A70FFF74BB800BFAD0E002080
:1054A000034B01221A70034B00221A70704700BF91
:1054B00013130020AD0E002028B1023802288CBF43
:1054C00000200120704701207047000008B5FCF75C
:1054D000DFFCFDF74FFDB0EE001A9FED120AFFEE64
:1054E000001AF0EE410AFDF7BBFE9FED0F0AFDF733
:1054F000FFFE0E4B00225A709A701A735A600C4BC2
:105500001A600C4B1A600C4B1A600C4B1A600C4B57
:105510001A700C4B20211A704FF09040BDE80840E3
:1055200001F0ACBA9A99993F0000C84330140020AA
:10553000201400201C140020D4130020D0130020BD
:10554000CD130020CC13002070B515461E46FCF785
:1055500037FED0E90241601B61EB0601FBF74EFB11
:105560009FED077A9FED070A07EE900A67EE877AAC
:105570009FED057A67EE877A87EE800A70BD00BFDF
:10558000000084420000C343DB0F494008B50020FF
:10559000FDF7B4FD0020FDF7F1FD0020FDF7D0FD83
:1055A000054B03225A70BDE80840012220214FF02C
:1055B000904001F063BA00BF3014002008B50C4BD6
:1055C0005A78042A13D09870042200205A70FDF7EC
:1055D00095FD0020FDF7D2FD0020FDF7B1FDBDE8EF
:1055E0000840012220214FF0904001F047BA08BD49
:1055F0003014002038B50F4D00F0A0FC6B78013B53
:10560000012B044603D8BDE83840FFF75FBFFFF722
:105610005DFF40F201132B800023AB60064B074A6D
:105620001C6000231360064A1360064A1370064A82
:10563000137038BD30140020D8130020D41300207C
:10564000D0130020CD130020CC13002010B500F0A3
:1056500075FC0446FCF738FCFCF768FCFCF738FDE9
:10566000FCF7E8FF2046FDF72DF9FDF7D9F8FDF727
:10567000C7FC2046FDF742FA2046FEF76DFD0B4BB6
:1056800001221A700A4B1C600A4B1C600A4B1C60FA
:105690000A4B1C600A4BA4F164021A60FFF716FF64
:1056A0002046BDE81040FFF7A9B800BF3014002025
:1056B00014140020101400200C14002008140020E2
:1056C000281400202DE9F0432DED028B95B000F059
:1056D00035FC0446FCF7E4FF2046FDF71DF92046A3
:1056E000FDF72CFA2046FFF7B3F830B115B0BDEC4A
:1056F000028BBDE8F043FDF76BB9FDF74FF90546A6
:105700000120FDF74BF9012DAB4D01D0012802D14D
:105710002C60FFF76FFF2B68E31A3B2B07D9A74BD1
:105720001A7822B100221A702C60FFF763FFA44B95
:105730001D68651B042D06D928461C60FCF7F0FC8B
:105740002846FDF71DFF9F4B1D68651B092D05D9D8
:105750001C60FDF765F82846FDF798FE9A4A136825
:10576000E31A092B40F29480984D14606E78022E53
:1057700040F09881964F3B781BB9964B1B68E31A13
:105780006B602B781846FFF797FE013B042B8CBF0C
:105790000023012301461A462046FEF7EFFC064689
:1057A00010B1FFF70BFF73E02B78012B40F0A780BF
:1057B000FEF7CEFC282207463146684606F08AFAF4
:1057C000844B1B6841F28832E31A934201D90420CA
:1057D000E7E72E7B4EB997F83C70012F38D07E4A10
:1057E000002313607D4A136052E0012E03D197F825
:1057F0003C30022BF3D1282200210DEB020006F0F1
:1058000069FA21464FF4FA720AA8FCF78BFF724935
:10581000724BC8B195ED027ADDED0A7A77EEC77A60
:10582000B2EE047AF0EEE77AF4EEC77AF1EE10FA0F
:105830000ADCDDED0B7AB3EE097AF0EEE77AF4EEEE
:10584000C77AF1EE10FA37DD00220A601A601FE015
:105850004FF4FA7221466846FCF764FFC0B19FED31
:10586000607ADDED007A77EEC77AB2EE047AF0EE78
:10587000E77AF4EEC77AF1EE10FA09DC564B2F7393
:105880001E60564B20461E60564BAB60FDF79EFCDB
:10589000554A1368E31A632B40F2A7824B4B1460FE
:1058A0005B78002B00F0A182204615B0BDEC028B86
:1058B000BDE8F043FEF7C4BC0D980A6890420AD0D8
:1058C00042B1821A962A95BF1E680022B6181A6045
:1058D00098BF1E6008601A68F92AD9D900260E60A0
:1058E0001E60FDF781FC3046FDF708FC0323012212
:1058F00020214FF090406B7001F0C0F8C8E7022BF8
:1059000020D13A4BD3E90023FFF71EFE384B01208C
:10591000D3E90023B0EE408AFFF716FEB0EEC88A46
:10592000B0EEC00A38EE008AF6EE007A28EE278A3A
:10593000DFED307AB4EEE78AF1EE10FAA8DBFFF77C
:1059400025FEA5E71846FFF7B7FD0028A0D0FCF715
:10595000B5FF264B8046D3E900233046FFF7F4FD20
:10596000234B0120D3E90023B0EE408AFFF7ECFD82
:105970003B78002B48D0204B3046D3E90023FFF77B
:10598000E3FD1E4B0120D3E90023B0EE408AFFF770
:10599000DBFDF0EE408AB0EEC88A9FED190AF0EE0A
:1059A000E88AFDF72DFC38EE288AF6EE007A28EE1C
:1059B000278ADFED147ABDE7281400202C1400207C
:1059C00014140020101400200C14002030140020A7
:1059D000F013002024140020201400201C140020A8
:1059E00000004842000048C20814002000140020B3
:1059F000F813002000C0C144E8130020E013002089
:105A0000000034430000484398F809307B497C4A41
:105A10007C4EFBB901200870B0EEC88AB0EEC00A17
:105A200038EE008AF6EE007A28EE278ADFED767AE5
:105A3000B4EEE78AF1EE10FA0FDB012111707BB1B1
:105A40002B781BB99FED710AFDF7DAFB336873B948
:105A500034601DE709780029DED11278002AEED1E2
:105A600000239FED690A3360FDF7CAFB10E7E31AD4
:105A70001D2B7FF60DAF2B78002B3FF460AF012577
:105A800000203D70FCF79CFBD0E90201604BC3E9AC
:105A900000012846FCF794FBD0E902015D4BC3E905
:105AA0000001F5E6012E40F0908128220021684691
:105AB00006F010F94FF4FA7221466846FCF732FE00
:105AC000554B1B684AF6C872E31A9342074601D940
:105AD000052066E6DFF85C8198F80090B9F1000FC8
:105AE00024D100283FF4D4AEFDF744FAFFEE001AAB
:105AF000B1EE001AF0EE000A9FED480AFDF7B0FB88
:105B00004846FDF7DDFB9FED460AFDF7F1FB9FEDF3
:105B10003F0AFDF77BFB3046FDF712FB3046FDF7F1
:105B20002DFB2046FEF718FB88F8006001231A467B
:105B300000212046FEF722FB064600287FF431AE06
:105B4000DFF8F480DDED007A98F80090F0EEE77A67
:105B5000B9F1000F36D1B3EE047AF4EEC77AF1EE64
:105B600010FA13D89FED2D0AFFEE001AB1EE081AB5
:105B7000F0EE000AFDF774FB4846FDF7A1FB9FED30
:105B8000290AFDF7B5FB012388F800302649274A8A
:105B9000AFB1DDED007AB2EE007AF0EEE77AF4EE26
:105BA000C77AF1EE10FA0ADCDDED017AB1EE007A87
:105BB000F0EEE77AF4EEC77AF1EE10FA3EDD00235C
:105BC0000B6010E69FED1A7AF4EEC77AF1EE10FA48
:105BD000DCDB9FED120AFFEE001AB1EE001AF0EEC8
:105BE000000AFDF73DFB3046FDF76AFB9FED0C0A0E
:105BF000FDF77EFB88F80060C8E700BFF2130020C5
:105C0000F11300201814002000009643000000004B
:105C1000E8130020E0130020D81300209A99993F40
:105C20000000C84300004843D4130020D0130020D4
:105C300000002042CD130020CC13002003980B68F5
:105C400098420AD043B1C31A962B95BF1668002319
:105C5000F618136098BF166008601368B3F5487FA4
:105C6000FFF416AE0020FDF789FA4FF0000800207F
:105C7000FDF766FA404685F80180FCF7A1FA074671
:105C80000120FCF79DFA2822414606460DEB020052
:105C900006F020F82B78043B012B96BF554B9FED67
:105CA000568A93ED008A4FF4FA7221460AA8FCF74F
:105CB00039FD8046FCF7B4FD2878FFF7FDFB00288E
:105CC00065D12B78013B042B67D9B0EE001AFFEEAB
:105CD000001AF0EE410A9FED490AFDF7C1FA9FED67
:105CE000480AFDF705FBFDF745F92046FEF734FAB3
:105CF000444B454A1C6000231360444A2B731360D5
:105D0000434AAB7013600222D7E902016A70002295
:105D1000AA60404AC2E90001D6E902013E4AC2E94E
:105D200000013E4A13703E4A13703E4A4FF09040C5
:105D300013702021012200F0A1FE2878FFF7BCFBA0
:105D400030B19FED390AFDF75BFA0120FDF7D6F976
:105D50002B78013B042B02D80120FDF7F1F92B78B9
:105D60005A1E042A3FF694AD012B28D12F4BAB606D
:105D700095ED020AFDF74AFA0120FDF7FFF92B78AD
:105D8000012B7FF485AD2046FDF70AFA80E5FCF78C
:105D900095FD037A002B94D19AE6B8F1000F3FF4F9
:105DA00097AEDDED0A7A77EEC87AB2EE087AF0EEB9
:105DB000E77AF4EEC77AF1EE10FA86DD88E6043B66
:105DC000012BD5D80B4B1B68D1E72A8840F2013351
:105DD0009A427FF45DAD01231A4600212046FEF76A
:105DE000CDF900283FF454ADDBE415B0BDEC028BD7
:105DF000BDE8F08340000020000000009A99993F20
:105E00000000C84324140020201400201C1400208B
:105E10001814002000140020F8130020F2130020B2
:105E2000F1130020F01300200000964300004842C8
:105E30000048704730140020B0F5005F08B509D164
:105E4000FFF7F8FA18B1BDE80840FFF7FBBA024BBC
:105E500001221A7008BD00BF2C1400200268034BF9
:105E60009A4202D10846FCF7ADBC7047004C004096
:105E70000368054A934201D1FCF7CCBC034A934224
:105E800001D1FFF70DBB7047004C0040008000407F
:105E90000268034B9A4201D1FFF7DABA704700BF9C
:105EA000008000400268034B9A4201D1FFF7F0BA2C
:105EB000704700BF0080004038B50F4B1A68054698
:105EC0000AB9012038BD4FF47A73B3FBF2F30B4AE1
:105ED0001068B0FBF3F001F041F804460028F0D15F
:105EE0000F2DEED8024629464FF0FF3000F0F6FFA6
:105EF000034B20461D60E5E7440000200000002021
:105F00004800002010B5032000F0D6FF0020FFF766
:105F1000D3FF044618B9FBF79DFE204610BD0124AF
:105F2000FBE70000034A0449136809680B44136047
:105F3000704700BF4014002044000020014B186847
:105F4000704700BF401400202DE9F341044618B902
:105F5000012002B0BDE8F0810368D90714D423689A
:105F60009A0758D42368190700F1A18023685A07BB
:105F700000F1C88023689A0600F12F81E369002BA5
:105F800040F05C810020E4E79F4DAB68EA6803F0D5
:105F90000C030C2B0AD102F00303032B08D12B684E
:105FA0009B03DCD56368002BD9D1D1E7082BF5E73B
:105FB0006368B3F5803F10D12B6843F480332B60C6
:105FC000FFF7BCFF06462B689F03C8D4FFF7B6FF58
:105FD000801B6428F7D90320BBE7B3F5A02F04D1B9
:105FE0002B6843F480232B60E6E72A6822F4803292
:105FF0002A602A6822F480222A60002BE0D1FFF771
:106000009DFF06462B689903A9D5FFF797FF801BD4
:106010006428F7D9DFE77C4DAB68EA6803F00C032E
:106020000C2B17D102F00303022B15D12B685A0554
:1060300002D5E368002B8BD06B68226923F0FE4306
:1060400043EA02636B60714B1868FFF735FF002865
:1060500088D07DE7042BE8E7E368BBB12B6843F405
:1060600080732B60FFF76AFF06462B685B0507D538
:106070006B68226923F0FE4343EA02636B6071E7B9
:10608000FFF75CFF801B0228EFD9A4E72B6823F4FD
:1060900080732B60FFF752FF06462B685F057FF584
:1060A00061AFFFF74BFF801B0228F6D993E76369C6
:1060B000554D9BB1D5F8943043F00103C5F89430A9
:1060C000FFF73CFF0646D5F894309B073FF54EAFEF
:1060D000FFF734FF801B0228F5D97CE7D5F8943010
:1060E00023F00103C5F89430FFF728FF0646D5F8E2
:1060F00094309F077FF53AAFFFF720FF801B0228FF
:10610000F5D968E7404DAB6DD80027D4AB6D43F0AF
:106110008053AB65AB6D03F080530193019B012766
:106120003B4E3368D9051BD5A368012B29D1D5F87F
:10613000903043F00103C5F89030FFF7FFFE41F2C5
:1061400088380646D5F890309B0740D5002F3FF49D
:1061500011AFAB6D23F08053AB650BE70027DFE792
:10616000336843F480733360FFF7E8FE804633689A
:10617000DA05D9D4FFF7E2FEA0EB08000228F6D931
:1061800029E7052B06D1D5F8903043F00403C5F874
:106190009030CCE7D5F8902022F00102C5F890208D
:1061A000D5F8902022F00402C5F89020002BC4D12D
:1061B000FFF7C4FE41F288380646D5F890309907BB
:1061C000C4D5FFF7BBFE801B4045F6D903E7FFF7B8
:1061D000B5FE801B4045B5D9FDE6A3690A4DCBB19C
:1061E000D5F8983043F00103C5F89830FFF7A6FEC4
:1061F0000646D5F898309B073FF5C0AEFFF79EFEE8
:10620000801B0228F5D9E6E6001002404800002075
:1062100000700040D5F8983023F00103C5F898309D
:10622000FFF78CFE0646D5F898309F077FF5A6AE9F
:10623000FFF784FE801B0228F5D9CCE6454DAA68FD
:1062400002F00C020C2A51D0022B2B6823F0807331
:106250002B603AD1FFF772FE06462B6899012ED4C7
:10626000EA683D4B1340226A1343A26A43EA0223C1
:10627000E26A43EAC263626A013A43EA0213226BAA
:106280005208013A43EA4253626B5208013A43EA28
:106290004263EB602B6843F080732B60EB6843F044
:1062A0008073EB60FFF74AFE04462B689A013FF5C6
:1062B00069AEFFF743FE001B0228F6D98BE6FFF715
:1062C0003DFE801B0228C8D985E6FFF737FE04464D
:1062D0002B689B0104D4EA68204B1340EB6051E625
:1062E000FFF72CFE001B0228F2D974E6012B3FF4C5
:1062F0002FAEEB68226A03F0030191427FF428AECF
:10630000616A03F0F0020139B2EB011F7FF420AEA5
:10631000A16A03F4FE42B2EB012F7FF419AEE16AE9
:1063200003F07842B2EBC16F7FF412AE226B5208D9
:1063300003F4C001013AB1EB425F7FF409AE626B36
:106340005208013A03F0C063B3EB426F14BF01205F
:106350000020FEE5001002400C809F01FCFFEEFED5
:10636000174B9A6802F00C02042A23D09A6802F0B4
:106370000C02082A20D09A6802F00C020C2A1DD1C7
:10638000D968DA68D868DB6801F00301C3F34163B8
:106390000329C2F30312C0F3062003F101030CBF6B
:1063A000084909495B000132B1FBF2F25043B0FBEE
:1063B000F3F0704704487047024870470020704768
:1063C0000010024000366E010024F4002DE9F8436D
:1063D0000E46054610B90120BDE8F8836D4A1368E2
:1063E00003F00F038B4245D3296811F001084CD10B
:1063F0002A68910740F1A780674B12F0040F1EBF77
:10640000996841F4E0619960120741BF9A6822F4EB
:106410007C5242F4E0629A609A68A96822F0F00225
:106420000A439A605B4C236803F00F03B34200F207
:1064300093802A68584C12F0040F40F0A380130791
:1064400006D5A3682A6923F4605343EAC203A36014
:10645000FFF786FFA368514AC3F30313D35C03F02D
:106460001F03D8404E4B18604E4B1868BDE8F843E8
:10647000FFF722BD136823F00F030B43136013686B
:1064800003F00F038B42A6D1AEE76F68424C032F97
:10649000236849D19B019ED5E368E26803F00303BA
:1064A000032BE3680CBF40484048C2F30312C3F318
:1064B00006230132B0FBF2F25343E268C2F34162B9
:1064C00001325200B3FBF2F3394A93421AD84FF02B
:1064D0000008A36823F003033B43A360FFF72EFDEE
:1064E00041F288390746A3686A6803F00C03B3EBEE
:1064F000820F3FF47DAFFFF721FDC01B4845F2D965
:10650000032069E7A36813F0F00F04D08807DED5F5
:10651000AB68002BDBD1A36823F0F00343F08003CA
:10652000A3604FF08008D4E7022F09D113F4003F95
:106530003FF451AFFFF714FF1D4B9842C7D9EAE76C
:1065400013F4806FF4E7B8F1800F01BF124A93682B
:1065500023F0F003936065E7236823F00F033343D0
:106560002360FFF7EBFC41F288380746236803F00D
:106570000F03B3423FF45DAFFFF7E0FCC01B4045A3
:10658000F4D9BDE7A368E96823F4E0630B43A36093
:1065900055E700BF002002400010024040E900081B
:1065A000000000204800002000366E010024F400A6
:1065B00000B4C404054B064A9B68C3F30223D35CB2
:1065C000044A106803F01F03D840704700100240CF
:1065D00038E9000800000020054B064A9B68C3F319
:1065E000C223D35C044A106803F01F03D8407047ED
:1065F0000010024038E90008000000202DE9F341B6
:106600000446006810F4002056D0AC4DAB6DDA00A3
:1066100044D4AB6D43F08053AB65AB6D03F0805356
:106620000193019B0126A64F3B6843F480733B60B6
:10663000FFF784FC80463B68DB0531D5D5F8903008
:1066400013F4407320D0E26C93421DD0D5F8902013
:10665000D5F8903043F48033C5F89030D5F89030B9
:1066600022F4407123F48033D707C5F89030C5F881
:10667000901009D5FFF762FC41F288380746D5F83B
:106680009030980740F11E81D5F89030E26C23F4E9
:1066900040731343C5F89030002008E00026C2E79D
:1066A000FFF74CFCA0EB08000228C4D903201EB160
:1066B000AB6D23F08053AB652368D90708D57F49BC
:1066C0006568D1F8882022F003022A43C1F88820A7
:1066D0009A0708D57949A568D1F8882022F00C02DC
:1066E0002A43C1F888205F0708D57449E568D1F8C6
:1066F000882022F030022A43C1F888201E0708D5DE
:106700006E492569D1F8882022F0C0022A43C1F8D9
:106710008820DD0608D569496569D1F8882022F40A
:1067200040722A43C1F88820990608D56349A569B3
:10673000D1F8882022F440622A43C1F888205A0602
:1067400008D55E49E569D1F8882022F440522A43F1
:10675000C1F888201F0608D55849256AD1F8882035
:1067600022F440422A43C1F88820DE0508D5534967
:10677000656AD1F8882022F440322A43C1F8882083
:106780009D0508D54D49A56AD1F8882022F44022FC
:106790002A43C1F8882059050FD54849E56AD1F840
:1067A000882022F440122A43C1F88820B5F5801FC2
:1067B00002BFCA6842F48012CA601A050FD53F4969
:1067C000256BD1F8882022F440022A43C1F88820A2
:1067D000B5F5800F02BFCA6842F48012CA60DF04B8
:1067E0000FD53649656BD1F8882022F040722A43D4
:1067F000C1F88820B5F1807F02BFCA6842F48012D8
:10680000CA609E040FD52D49A56BD1F8882022F0CF
:1068100040622A43C1F88820B5F1006F02BFCA6800
:1068200042F48012CA605D040FD52449E56BD1F8AB
:10683000882022F040622A43C1F88820B5F1006F19
:1068400002BFCA6842F48012CA6019040FD51B49FE
:10685000256CD1F8882022F040522A43C1F88820C4
:10686000B5F1805F02BFCA6842F48032CA60DA03C1
:106870000FD51249656CD1F8882022F040422A4396
:10688000C1F88820B5F1804F02BFCA6842F4803257
:10689000CA605B030FD5094AA16CD2F89C3023F47F
:1068A00040130B43B1F5001FC2F89C3003D1D368ED
:1068B00043F48013D36002B0BDE8F08100100240C1
:1068C00000700040FFF73AFBC01B40457FF6D7AE93
:1068D000ECE600BF2DE9F74FDFF89091614C002303
:1068E0000A6832FA03F502D103B0BDE8F08F012542
:1068F00005FA03FA1AEA020200F0A8804E68D1F8FD
:1069000008C0032706F003054FEA430807FA08FE0C
:106910006F1E012F6FEA0E0E33D8876807EA0E0B41
:10692000CF6807FA08F747EA0B078760476827EA46
:106930000A0AC6F300179F4047EA0A074760C7687C
:106940000CFA08FC07EA0E074CEA0707022DC7609D
:106950001CD14FEAD30C00EB8C0C03F0070ADCF8D7
:1069600020704FEA8A0A4FF00F0B0BFA0AFB27EA56
:106970000B0B0F6907FA0AF747EA0B07CCF82070F0
:1069800004E0032DDBD1BCF1010FD8D1076805FA73
:1069900008F507EA0E073D4316F4403F056055D061
:1069A000D9F8605045F00105C9F86050D9F8605039
:1069B00023F0030707F1804705F0010507F580374D
:1069C000019503F0030C019DBD684FEA8C0C4FF05C
:1069D0000F0E0EFA0CFEB0F1904F25EA0E0E37D0D6
:1069E000214DA84236D005F58065A84234D005F582
:1069F0008065A84232D005F58065A84230D005F503
:106A00008065A84214BF0625052505FA0CF545EA60
:106A10000E05BD60A568D74316F4801F0CBF3D402E
:106A20001543A560E56816F4001F0CBF3D401543F3
:106A3000E560656816F4003F0CBF3D401543656096
:106A40002568F60354BF3D4015432560013347E7F1
:106A50000025DAE70125D8E70225D6E70325D4E7A4
:106A60000425D2E700040140000400480010024061
:106A700000690840003818BF012070470AB18161E1
:106A80007047816270470000044A5169014208B5AD
:106A900002D05061FFF7D0F908BD00BF00040140EB
:106AA00070B5D0E913456560446D14B1D0E9164561
:106AB0006560D0E9105404F01F060124B4406C60F6
:106AC000046863608368102B0BBFA260A160E16063
:106AD000E26070BD0268D3B21421083BB3FBF1F34E
:106AE0000A498A42416C8CBF094A0A4A21F00301D3
:106AF0000A4488BF08338264074AC26403F01F0354
:106B0000012202FA03F30365704700BF0704024045
:106B100020080240000802408008024038B50028E2
:106B200058D002682C4B9A424FF0140146D82B4B98
:106B30001344B3FBF1F32A499B00C0E9101302236D
:106B400080F82530D0E902430569116823432B43BF
:106B500045692B4385692B43C5692B43056A6FF350
:106B60000E112B430B431360FFF7B4FFB4F5804FB6
:106B700004BF002343604368816C03F07F020A6016
:106B8000D0E91314013B032B4C601ED8154B16495A
:106B9000816513449B000121013A01FA02F20021B0
:106BA0004365C2651960114B5A6400230122C36317
:106BB00080F8243080F82520184638BD0C4B13444B
:106BC000B3FBF1F30B499B00B7E70023C0E9153392
:106BD000C365EAE70120F0E707040240F8FFFDBFC4
:106BE000000002403F8200104009024000090240BC
:106BF000F8FBFDBF0004024070B590F82450012D51
:106C0000044637D0012580F8245090F82550012DF6
:106C10004FF000052CD1022680F82560C563056879
:106C20002E6826F001062E60FFF73AFF036BBBB11A
:106C30002B6843F00E032B60A36C1A68D20342BF8B
:106C40001A6842F480721A60636D1BB11A6842F4CC
:106C500080721A602B6843F001032B60002070BD26
:106C60002B6823F004032B602B6843F00A03E2E750
:106C700080F824500220F2E70346002830D090F834
:106C80002520022A09D00422C2630120012283F8B0
:106C90002520002283F8242070470268116821F023
:106CA00001011160116821F00E011160816C0A6808
:106CB00022F480720A60D0E9100202F01F01012262
:106CC0008A404260D3E9132151605A6D32B1116894
:106CD00021F480711160D3E9162151600020D5E7BD
:106CE0000120704708B590F82530022B09D0042305
:106CF000C3630022012380F8253080F82420184641
:106D000008BD03681A6822F001021A601A6822F0AE
:106D10000E021A60826C136823F480731360D0E94A
:106D2000101303F01F02012393404B60D0E913328C
:106D30005A60436D33B11A6822F480721A60D0E948
:106D400016325A60012380F82530002380F8243061
:106D5000836B03B198470020D2E7016C426C036853
:106D600070B402F01F020E681D680424944034427F
:106D70000ED015F0040F0BD01A6892065EBF1A6889
:106D800022F004021A60036B4C6073B370BC1847A6
:106D900002249440344212D015F0020F0FD01A682A
:106DA000950606D41A6822F00A021A60012380F8B8
:106DB000253000234C6080F82430C36AE5E70824BE
:106DC0009440344211D02C070FD51C6824F00E04D7
:106DD0001C60012303FA02F24A60C36380F8253085
:106DE000002380F82430436BCFE770BC704790F8E5
:106DF00025007047C06B7047284B1A6818BB02F417
:106E0000C062B2F5806FD3F8802022F48072C3F89C
:106E1000802040D11A6822F4C06242F400721A60E5
:106E20001F4A126832214A431E49B2FBF1F2013275
:106E30005969490500D522B95B6958052BD503204E
:106E40007047013AF4E7B0F5007F1FD102F4C06249
:106E5000B2F5806FD3F8802042F48072C3F88020AE
:106E600019D11A6822F4C06242F400721A600C4A06
:106E7000126832214A430B49B2FBF1F201325969DF
:106E80004905D9D5002AD7D0013AF8E722F4C062E3
:106E900042F480621A600020704700BF007000401A
:106EA0000000002040420F00024A936843F48043F0
:106EB00093607047007000400749CA6822F4E0629E
:106EC0000302120403F4E063120C134343F0BF63A4
:106ED00043F40033CB60704700ED00E0164B30B553
:106EE000DC68C4F30224C4F10703251D042B28BF6A
:106EF0000423062D4FF0FF358CBF033C002405FA18
:106F000003F321EA0303A54022EA0502A340002877
:106F100043EA0203ACBF00F16040084A4FEA0313A2
:106F2000B8BF00F00F00DBB2AABF00F561401354F8
:106F300080F8003330BD00BF00ED00E014ED00E04C
:106F4000002807DB044A4109012300F01F008340A9
:106F500042F82130704700BF00E100E00138B0F195
:106F6000807F0BD24FF0E023054A5861F02182F870
:106F700023100020072298611A6170470120704792
:106F800000ED00E0036A026A22F0010270B50262BD
:106F9000456882690C6822F4803222F07302224331
:106FA0008C6823F002032343154CA04213D004F550
:106FB0000064A0420FD004F54064A0420BD004F559
:106FC0008064A04207D004F58064A04203D004F599
:106FD0000064A0420DD1046A24F004040462CC6869
:106FE00023F008032343D1E9054625F440753443D3
:106FF0002543456082614A684263036270BD00BFF9
:10700000002C0140036A026A22F4807270B50262A9
:107010004268C4690D6824F4803424F073042C435E
:107020008D6823F4007343EA0523164DA84207D068
:1070300005F50065A84203D005F5E055A84210D13A
:10704000056A25F480650562CD6823F4006343EA90
:107050000523D1E9055622F44052354342EA051290
:1070600009E0094DA842F4D0084DA842F1D005F539
:107070008065A842EDD042604A68C461C263036281
:1070800070BD00BF002C01400040014000440140A1
:10709000036A026A22F4805270B502624268C469CF
:1070A0000D6824F0807424F4E64444EA05248D68D5
:1070B00023F4005343EA0533154DA84207D005F5E4
:1070C0000065A84203D005F5E055A84210D1056A35
:1070D00025F480450562CD6823F4004343EA053377
:1070E000D1E9055622F44042354342EA851209E0CF
:1070F000084DA842F4D0084DA842F1D005F58065AE
:10710000A842EDD042604A68C4610264036270BD67
:10711000002C01400040014000440140036A026A23
:1071200022F4803230B502624468026D0D6822F4A8
:10713000803222F070022A438D6823F4003343EA40
:107140000543114DA84213D005F50065A8420FD0A4
:1071500005F54065A8420BD005F58065A84207D02B
:1071600005F58065A84203D005F50065A84204D165
:107170004D6924F4803444EA0524446002654A6879
:107180008264036230BD00BF002C0140036A026AC2
:1071900022F4801230B502624468026D0D6822F05C
:1071A000807222F4E04242EA05228D6823F4001343
:1071B00043EA0553104DA84213D005F50065A842D7
:1071C0000FD005F54065A8420BD005F58065A842B3
:1071D00007D005F58065A84203D005F50065A842F3
:1071E00004D14D6924F4802444EA85244460026576
:1071F0004A68C264036230BD002C014010B5036AC6
:10720000046A24F001040462124CA04213D004F575
:107210000064A0420FD004F54064A0420BD004F5F6
:107220008064A04207D004F58064A04203D004F536
:107230000064A04203D1046A24F004040462846957
:1072400023F00A0324F0F00444EA02121943826195
:10725000016210BD002C014010B5036A046A24F0DD
:10726000100404620D4CA04207D004F50064A04253
:1072700003D004F5E054A04203D1046A24F0400492
:107280000462846923F0A00324F4704444EA0232C7
:1072900043EA01118261016210BD00BF002C014070
:1072A00030B5034690F83E0093F83F2093F84450E1
:1072B00093F84540C0B2D2B2EDB2E4B2B9B90128F8
:1072C00044D1012D12D1022283F83E2083F84420BC
:1072D0001B681A6A22F001021A621A6A42F001025D
:1072E0001A621A6842F001021A60002030BD0429B7
:1072F00011D1012A2AD1012C28D1022283F83F2062
:1073000083F845201B681A6A22F010021A621A6A72
:1073100042F01002E4E7012818D1012AE6D1012D3C
:10732000E4D1012CE2D1022283F83E2083F83F20F1
:1073300083F8442083F845201B681A6A22F0010272
:107340001A621A6A42F001021A62DCE70120CDE7F4
:1073500090F83C20012A03464FF0020009D01A6839
:1073600083F83D0051610020012283F83D2083F81D
:107370003C007047294A0368904212D0B0F1804F18
:107380000FD0A2F5943290420BD002F58062904269
:1073900007D002F59632904203D002F5E0529042B7
:1073A00008D14A6823F070031343CA6823F440737A
:1073B00013430AE01A4A9042F7D002F580629042E5
:1073C000F3D002F580629042EFD04A6923F0800347
:1073D00013438A68C2620A688262104A904213D0DC
:1073E00002F5006290420FD002F5406290420BD04D
:1073F00002F58062904207D002F58062904203D08D
:1074000002F50062904201D10A690263026842F00B
:10741000040202600122426103607047002C0140B7
:107420000040014010B5044650B390F83D3003F0E1
:10743000FF021BB980F83C20FAF7B6FA0223206855
:1074400084F83D30211DFFF795FF012384F8483073
:10745000002084F83E3084F83F3084F8403084F8CF
:10746000413084F8423084F8433084F8443084F862
:10747000453084F8463084F8473084F83D3010BDFC
:107480000120FCE710B5044650B390F83D3003F0FE
:10749000FF021BB980F83C20FAF79AFA0223206811
:1074A00084F83D30211DFFF765FF012384F8483043
:1074B000002084F83E3084F83F3084F8403084F86F
:1074C000413084F8423084F8433084F8443084F802
:1074D000453084F8463084F8473084F83D3010BD9C
:1074E0000120FCE7F8B50D46044600284CD090F882
:1074F0003D3003F0FF021BB980F83C20FAF7ECF9AD
:107500002146022384F83D3051F8040B836823F4AC
:10751000A03323F007038360FFF72CFF81682A68FC
:107520008369AE69076A1143AA6823F4407323F0A4
:10753000030342EA06221A432B69EE691B0143EA60
:107540000623EE6833432E6A22F47C4222F0FC02CA
:1075500043EA063313436E696A68816027F0AA071D
:1075600042EA0612836117430123076284F8483018
:10757000002084F83E3084F83F3084F8443084F8AA
:10758000453084F83D30F8BD0120FCE7036A026A0B
:1075900022F0100270B50262426884690D6824F01E
:1075A000807424F4E64444EA05248D6823F0200323
:1075B00043EA0513154DA84207D005F50065A8421A
:1075C00003D005F5E055A84210D1056A25F0400525
:1075D0000562CD6823F0800343EA0513D1E905561F
:1075E00022F44062354342EA850209E0084DA84290
:1075F000F4D0084DA842F1D005F58065A842EDD041
:1076000042604A6884618263036270BD002C01405D
:10761000004001400044014038B590F83C30012B57
:10762000044673D001200C2A84F83C004ED008D8C0
:10763000042A2BD0082A39D0BAB1002384F83C3070
:1076400038BD102A52D0142AF7D12068FFF79EFDCA
:10765000036D0A6943F400630365036D23F48063DB
:107660000365036D43EA02234EE02068FFF78AFCBE
:1076700083690A6943F008038361836923F0040383
:1076800083618369134383610020D6E72068FFF795
:107690007DFF83690A6943F400638361836923F48E
:1076A00080638361836943EA0223ECE72068FFF784
:1076B000A9FCC3690A6943F00803C361C36923F0E5
:1076C0000403C361C3691343C361DDE72068FFF7A7
:1076D000DFFCC3690A6943F40063C361C36923F42F
:1076E0008063C361C36943EA0223EDE72068FFF7C3
:1076F00015FD036D0A6943F008030365036D23F06C
:1077000004030365036D13430365BDE7022097E798
:1077100010B584680A4324F47F4442EA03222243DA
:10772000826010BD38B590F83C30012B04464FF014
:10773000020300F08480012280F83D3080F83C2074
:107740000068404B85682B4083600B68702B4AD0E3
:107750002ED8502B5BD01DD8402B64D006D8202BC0
:107760000ED00BD833F010020AD00122012384F886
:107770003D30002384F83C30104638BD302BF4D126
:10778000826822F4401222F070021A4342F007028B
:10779000826031E0602BE9D1CA684968FFF75CFD7F
:1077A000836823F4401323F0700343F0670322E05F
:1077B000B3F5005F22D004D8B3F5805218BF012280
:1077C000D4E721498B42DBD008D820398B42D7D06F
:1077D00023F02001B1F1101FC8D1D1E71B4923F0DC
:1077E00020058D42F8E7CB68D1E90121FFF790FF32
:1077F000836843F0770383600022B7E7CB68D1E961
:107800000121FFF785FF836843F48043F3E7CA68EB
:107810004968FFF7F3FC836823F4401323F07003F7
:1078200043F05703E7E7CA684968FFF7E7FC836856
:1078300023F4401323F0700343F04703DBE71A46B9
:107840009AE700BF8800CEFF4000100050001000F3
:10785000036A10B501F01F0101248C4023EA0403E0
:107860000362036A8A401A43026210BD082908B500
:1078700018D005D859B1042911D090F8433008E048
:107880000C2912D01029F8D190F8423001E090F87C
:107890003E30013B18BF012353B1012049E090F86D
:1078A0003F30F6E790F84030F3E790F84130F0E7EA
:1078B00008294FF0020340D006D861B1042939D01D
:1078C000022380F8433008E00C2939D01029F7D181
:1078D00080F8423001E080F83E3000680122FFF776
:1078E000B7FF254B984213D003F5006398420FD0A1
:1078F00003F5406398420BD003F58063984207D0AC
:1079000003F58063984203D003F5006398421AD1CF
:10791000436C43F400434364174B984203D003F590
:10792000006398421ED18268144B1340062B1FD16E
:10793000002008BD80F83F30CFE780F84030CCE72A
:1079400080F84130C9E7B0F1804FECD00C4B984241
:10795000E9D003F580639842E5D0036843F0010362
:107960000360E5E7074B9842DDD003F58053F2E76B
:10797000B3F5803FF1D1DBE7002C014007000100A7
:107980000004004000400140FFF770BF38B50022FE
:10799000044600680D46FFF75BFF2A4B984213D060
:1079A00003F5006398420FD003F5406398420BD073
:1079B00003F58063984207D003F58063984203D0B3
:1079C00003F5006398420ED1036A03F0113323F0EC
:1079D000885343B9026A44F244431A4202BF436CDB
:1079E00023F400434364036A03F0113323F0885304
:1079F00043B9026A44F244431A4202BF036823F0C7
:107A000001030360082D4FF0010315D006D865B1BE
:107A1000042D0ED0012384F8433008E00C2D0ED045
:107A2000102DF7D184F8423001E084F83E30002078
:107A300038BD84F83F30FAE784F84030F7E784F83F
:107A40004130F4E7002C0140FFF7A0BF30B590F8BB
:107A50003C30012B04464FF002003FD02368204DFC
:107A600084F83D00AB425A68986807D005F5006578
:107A7000AB4203D005F5E055AB4203D14D6822F48B
:107A800070022A430D6822F0007222F070022A432D
:107A90005A60134A934216D0B3F1804F13D0A2F527
:107AA000943293420FD002F5806293420BD002F5DC
:107AB0009632934207D002F54062934203D002F51A
:107AC0008052934204D1896820F080020A439A6070
:107AD0000123002084F83D3084F83C0030BD00BF15
:107AE000002C014010B590F83C30012B024643D0E9
:107AF000CB688868214C23F440730343486823F41F
:107B000080630343086823F400630343086923F494
:107B100080530343486923F400530343086B23F461
:107B200080430343886923F4702343EA0043C86910
:107B300023F0805303431068A04207D004F500648B
:107B4000A04203D004F5E054A04210D18C6A23F483
:107B5000700343EA04530C6A23F0807323434C6A96
:107B6000C96A23F00073234323F000530B4343649B
:107B7000002082F83C0010BD0220FCE7002C0140F0
:107B800003689A69910744BF00229A629A69D207F2
:107B90005EBF9A6942F001029A61704730B5039D59
:107BA00004682B4343EA0243064A6068C1F30901B3
:107BB0000B4342EA555223F0004320EA02000343FC
:107BC000636030BDFF63FF03204B426B9A4270B588
:107BD00001F001030DB201F0020420D01C4EB242AC
:107BE0001DD01C4EB2421AD0002DC3F10003B4BF09
:107BF000B822002203F0F203134314B143F0F4035C
:107C000008E0102902D143F0900303E0202901D1BC
:107C100043F0200301680A6813430B6070BD002D18
:107C2000C3F10003B4BFB822002203F0F2031343F0
:107C3000002CE3D11029E6D0202902D143F06003C3
:107C4000E8E7402908BF43F04003E3E7BD880008A8
:107C5000D58B00089587000811F0010307D090F834
:107C6000413003F02803282B14BFF22342238A0754
:107C700009D590F8412002F02802282A0CBF43F0D1
:107C8000440343F0F4030A0401680A6848BF43F060
:107C9000B80322EA03030B6070472DE9F843056837
:107CA000AC6914F0100406468846174670D01023BD
:107CB0000024EB61A1463568AB69980662D4B9F13E
:107CC000000F34D044F004040120AB69D90541BF52
:107CD0004FF48072EA6144F0010401205A0541BF6B
:107CE0004FF4806244F00804EA6101209B0551D5FD
:107CF0004FF4007344F00204EB613046FFF740FF9D
:107D00006B6823F0FF7323F48B3323F4FF7323F0AA
:107D100001036B60736C23437364202386F8413046
:107D2000002386F8423086F84030012034E0B8F174
:107D3000FF3FC1D0FEF702F9C01B404502D8B8F1A1
:107D4000000FB8D13368596896F84220986900044A
:107D5000D2B20AD5490408D4202A06D05A6842F47F
:107D600080425A60FEF7EAF8074633689B699D0631
:107D7000A1D4FEF7E3F8C01B1928F6D920244FF050
:107D8000010998E7B9F1000F9CD12023EB6199E735
:107D900020469AE70028B0D1BDE8F88370B50446C4
:107DA0000D46164623689B699B0701D500201FE0FE
:107DB000324629462046FFF770FFC0B96A1CF1D051
:107DC000FEF7BCF8801BA84201D8002DEAD1236839
:107DD0009B6913F00203E5D1626C84F8403042F0F5
:107DE00020026264202284F8412084F8423001207D
:107DF00070BD2DE9F041DDF8188004460F461646A7
:107E00001D4623689B6937EA03030CBF0123002347
:107E1000B34201D0002025E0424629462046FFF724
:107E20003CFFF0B96B1CECD0FEF788F8A0EB080023
:107E3000A84201D8002DE4D123689B6937EA0303E7
:107E40000CBF01230023B342DBD1636C43F020035A
:107E50006364202384F84130002384F8423084F89E
:107E600040300120BDE8F08170B504460D4616464D
:107E700023689B699B0601D500201DE032462946F8
:107E80002046FFF70AFFB0B9FEF758F8801BA8425A
:107E900001D8002DECD123689B6913F02003E7D1B2
:107EA000626C84F8403042F020026264202284F840
:107EB000412084F84230012070BD10B504460028EE
:107EC0004ED090F8413003F0FF021BB980F84020FB
:107ED000F9F758FB242384F8413023681A6822F00C
:107EE00001021A60626822F070621A619A6822F4D4
:107EF00000429A60D4E90221012906D142F40042ED
:107F00009A605A6822F4006207E042F404420229AF
:107F10009A60F6D15A6842F400625A605A6842F098
:107F2000007242F400425A60DA6822F40042DA60D9
:107F3000D4E904210A43A16942EA0122DA60D4E9C2
:107F400007210A431A601A6842F001021A600020F1
:107F50002023606484F84130206384F8420010BD1F
:107F60000120FCE72DE9F347994690F841300A9F3C
:107F7000202B04460E46904640F09E8090F84030FC
:107F8000012B00F099804FF0010A80F840A0FDF726
:107F9000D5FF19230546009052464FF40041204674
:107FA000FFF727FF18B1012002B0BDE8F0872123B9
:107FB00084F84130102384F842306064A4F82A9099
:107FC000638DC4F824809BB2FF2B606316D9FF2217
:107FD00022854FF0807C4146236811F8010B98629E
:107FE0006162618D013989B2013A618592B233498A
:107FF0002285634601320091D2B20AE0628D92B2CC
:10800000228512B14FF0007CE5E72C4B00934FF036
:10801000007331462046FFF7C1FD638D9BB22A46AF
:1080200039462046BBB9FFF71FFF0028BBD12368A4
:108030002021D9615A6822F0FF7222F48B3222F497
:10804000FF7222F001025A6084F8411084F8400067
:1080500084F84200A8E7FFF7A1FE0028A3D1636AD5
:10806000226813F8011B91626362638D228D013BCC
:108070009BB26385638D013A92B29BB22285002B3D
:10808000CBD0002AC9D100953B4680212046FFF77E
:10809000B0FE002887D1638D9BB2FF2B05D9FF224C
:1080A00022854FF080730090B3E7628D92B22285F3
:1080B0004FF0007300909FE7022075E700200080DA
:1080C000F7B5174690F84120202A04460D464CD1BA
:1080D000D0F800C0DCF8186016F4004645D190F8DE
:1080E0004020012A41D0012280F84020212280F83E
:1080F0004120102280F84220466443851C4BC36215
:108100001C4B4363438D47629BB2FF2B21D9FF2257
:1081100002854FF0807317F8011BCCF82810608D92
:1081200015496762013A92B2013880B22285013264
:108130006085D2B20091204629460025FFF72EFD2A
:10814000204684F840500121FFF73EFD284603B049
:10815000F0BD428D92B2028512B14FF00073DAE7A2
:10816000054B00934FF00073E7E70220EFE700BFF5
:108170000000FFFF61860008002000802DE9FF4716
:108180001D460023039390F84130202B04461746E8
:1081900078D103689B6913F4004373D190F84020B1
:1081A000012A6FD00122C1F3090680F8402046F071
:1081B0000078242280F8412048F420584364E36882
:1081C0002268012B06BF46F0007343F40053434678
:1081D0005360FDF7B3FE8146226893699269C3F349
:1081E0004013C2F3001213431CD023689A6912F0A3
:1081F000100A37D1CDF800902B4652462021204658
:10820000FFF7F7FD20B3636C042B04D12368202211
:10821000DA61C4F844A0039B01330393039BBB4280
:10822000CDD309E06B1CD7D0FDF788FEA0EB090089
:10823000A84201D8002DCFD1202384F84130636CAF
:1082400043F020036364002384F84030012006E0FB
:1082500022682023D36184F8413084F8400004B0C0
:10826000BDE8F0871022DA612021CDF800902B467E
:1082700000222046FFF7BDFD0028CCD12368202234
:10828000DA61C8E70220EAE70268436B9169126885
:1082900003B118477047704738B5002580F8425041
:1082A00090F84130212B4FF0200380F841300AD163
:1082B0001123036345630121FFF7CEFC80F8405092
:1082C000FAF7CAFD38BD1223036345630221FFF7A5
:1082D000C3FC80F84050FFF7DEFFF3E770477047BC
:1082E00008B503681A68002180F84210510415D5BA
:1082F0001A6822F480421A6090F84130292B13D179
:10830000282380F84130212303630121FFF7A4FCD7
:10831000002380F84030FFF7E1FF08BD1204EBD5E1
:108320001A6822F40042E6E790F841302A2BF4D193
:10833000282380F84130222303630221FFF78CFCBD
:10834000002380F84030FFF7CAFFE6E7704790F857
:10835000412002F02802282AF8B5036834D19E692A
:10836000C2689D699968DF682D0C022AC6F3004631
:1083700005F0FE051FD185EAD11515F00605C1F3FC
:1083800009020ED1816C01318164816C022907D10F
:1083900008218564D96180F840503146FFF7D6FF47
:1083A000F8BD4FF40041FFF757FC002380F8403040
:1083B00007F0FE02F1E74FF40041FFF74DFC002308
:1083C00080F840302A46E8E70822DA61002380F886
:1083D0004030E5E77047000008B5164BC362202225
:1083E00000230363436380F8412080F842304B0749
:1083F00012D503685A6A436A1A70436A01334362AA
:10840000038D4BB1013B0385438D013B9BB24385FB
:10841000436C43F00403436448F20301FFF71CFC80
:1084200003681022DA61002380F84030FFF7D2FFA2
:1084300008BD00BF0000FFFF70477047704790F80D
:108440004120602A08B54FF0000208D1202180F8B1
:10845000411080F840200263FFF7F0FF08BD02637F
:1084600080F84020FAF704FDF8E7000070B500221C
:108470003D4D90F8413080F84220C5624285426C03
:10848000283B0A43022B044642642AD80321FFF703
:10849000E3FB282380F84130344BA06B6363236BEC
:1084A000002841D0112B01D0212B3DD123681A681F
:1084B000510442BF1A6822F480421A60FEF797FC0A
:1084C00001282CD0A06B2A4B8363002384F8403012
:1084D000FEF708FC002845D0A06B836BBDE8704018
:1084E000184748F20301FFF7B7FBFFF749FB90F885
:1084F0004130602B11D0202380F8413003689A6905
:1085000095060AD59A69D00605D51022DA61626C03
:1085100042F0040262642022DA610023BDE72046B3
:10852000BDE87040FFF78BBFE06B0028F7D0122B3F
:1085300001D0222BF3D123681A68120442BF1A68B3
:1085400022F400421A60FEF752FC0128E7D0E06BEB
:10855000074B8363002384F84030FEF7C3FB08B168
:10856000E06BBAE770BD00BF0000FFFFCF8C0008D2
:10857000E18D000873B505682023EB6190F8413068
:10858000212B04460E4635D10121FFF765FB11234F
:1085900023636B6823F0FF7323F48B3323F4FF739F
:1085A00023F001036B6000236363F206A3F58033BD
:1085B000E36205D51023EB61636C43F0040363644D
:1085C00094F84130602B05D1730741BF6B6ADBB271
:1085D0000193019B2046FFF7D3FA636C94F8412086
:1085E000602A00D07BB1616C204602B0BDE87040CB
:1085F000FFF73CBF90F84130222BCAD10221FFF790
:108600002BFB1223C4E794F84120212A12D1202207
:1086100084F84120236394F8422084F84030402AB3
:1086200084F8423003D1FFF707FF02B070BDFAF7BC
:1086300013FCFAE794F84120222AF6D1202284F88C
:108640004120236394F8422084F84030402A84F883
:10865000423002D1FFF7F1FEE7E7FFF71CFEE4E747
:1086600073B590F84030012B04460D46164600F0D5
:108670008E800123E90680F8403017D5F20615D523
:1086800003681022DA61436C43F004034364FFF78C
:1086900077FAAA0605D5B30603D529462046FFF783
:1086A00069FF002084F8400002B070BD6B0712D54E
:1086B000700710D523685A6A636A1A70636A25F0D6
:1086C000040501336362238D013B2385638D013BE8
:1086D0009BB26385DDE76906C5F380130DD4AA0755
:1086E0000BD5B00709D5638D9BB2002BD1D0636A3F
:1086F000226813F8011B9162E4E7290632D572065D
:10870000C7D5638D22689BB203B3208DF0B9516841
:10871000638D9BB2FF2BC1F3090108D9FF2222858B
:108720004FF0807300902046FFF738FAB1E7628D72
:10873000E36A92B213F5803F2285D2B202D0E36A97
:108740000090F0E700904FF00073ECE753689B0156
:1087500003D42046FFF7A0FD9BE740212046FFF70A
:1087600085FE96E7002B94D0700692D5638D9BB260
:10877000002BF2D123685A6891018AD4E26A12F57B
:10878000803FE6D15A6842F480425A6081E7022075
:108790008AE7000037B590F84030012B044600F01E
:1087A0008680012380F84030CB0612D5D50610D53F
:1087B00003681022DA61436C43F004034364202110
:1087C000FFF702FAFFF7DCF9002084F8400003B05D
:1087D00030BD880708D5930706D52368226D9A62B5
:1087E0004FF0FF332365EFE70D0636D5500634D53D
:1087F00001212046FFF730FA1021FFF7E5F9638DDC
:108800009BB233B3638D9BB2FF2B18D9FF25E16C6C
:108810002585002300932A464FF0807389B2FFF725
:10882000BDF9638D5B1B9BB2638594F8412023687F
:10883000222A1A6830D142F400421A60C4E7658DDA
:10884000E16CADB2258500230093EAB24FF00073CE
:10885000E4E74021FFF70AFEB6E74B061FD55506B1
:108860001DD501212046FFF7F7F91021FFF7ACF9DC
:1088700094F841100F4A104B222918BF1346628DFD
:1088800092B2FF2A03D9FF25E16C2585C2E7658DE9
:10889000E16CADB22585D7E742F48042CDE788068A
:1088A00092D5930690D52046FFF764FE8CE7022010
:1088B0008DE700BF002000800024008073B590F891
:1088C0004030012B044678D0012380F84030CB069D
:1088D00012D5D60610D503681022DA61436C43F036
:1088E000040343642021FFF76FF9FFF749F90020E3
:1088F00084F8400002B070BD0D0641D550063FD54A
:108900002668336823F040033360638D9BB25BB30A
:108910007168638D9BB2FF2BC1F3090118D9FF2544
:1089200025854FF08073002200922046EAB2FFF7BF
:1089300035F9638D5B1B9BB2638594F84130222B24
:1089400033680CBF43F4004343F480433360CEE705
:10895000658DE36AADB213F5803F18BFE36A2585E4
:1089600008BF4FF00073DEE773689A0103D4204616
:10897000FFF792FCBBE740212046FFF777FDB6E703
:108980004B0612D5560610D5638D9BB2002BF2D143
:1089900023685A689501AAD4E26A12F5803FE6D1AD
:1089A0005A6842F480425A60A1E788069FD5930630
:1089B0009DD52046FFF7DEFD99E702209AE7036880
:1089C00099691A6810B4CC0508D5140606D5446C0C
:1089D00044F0010444644FF48074DC614C0508D514
:1089E000140606D5446C44F0080444644FF48064D3
:1089F000DC61890508D5120606D5426C42F00202F8
:108A000042644FF40072DA61416C11F00B0F03D035
:108A10005DF8044BFFF72ABD5DF8044B704700007A
:108A20002DE9F0410568D5F80080C76A90F841301B
:108A30002022213B04460E46EA61092B0CD8DFE8D0
:108A400003F0056B0B0B0B0B0B71056B48F201016F
:108A5000FFF702F9212323636B6843F400436B6043
:108A60006B6823F0FF7323F48B3323F4FF7323F03D
:108A700001036B602046FFF783F818F4804F57D04E
:108A80002B6823F480432B60A36B1BB11B685B68CE
:108A90009BB2638572070FD5636A6A6A1A70636A4C
:108AA00001336362238D26F004062BB1013B23853D
:108AB000638D013B9BB26385638D9BB21BB1636C7D
:108AC00043F004036364F30611D518F0100F0ED0C1
:108AD000638D9BB2002B45D194F84130282B30D1C7
:108AE000B7F1007F2DD131462046FFF775FC0023FA
:108AF00084F84230656C6363002D42D0616C20467F
:108B0000FFF7B4FC94F84130282B4CD13146204675
:108B1000BDE8F041FFF760BC48F20201FFF79CF8A6
:108B2000222398E748F20301FFF796F8002392E723
:108B300018F4004FAED02B6823F400432B60E36B96
:108B4000A3E794F841202368292A4FF01002DA6144
:108B5000CDD117F5803FCAD02046FFF711F8FFF7B7
:108B6000BFFBC4E723681022DA61636C43F004039F
:108B7000636437F08073BAD1616C2046FFF776FCEE
:108B8000B5E7E36A13F5803F0FD02046FFF7A8FB57
:108B90000F4BE362202384F8413084F84050256372
:108BA0002046FFF717FCBDE8F08194F8413084F8C7
:108BB0004050222B4FF0200384F84130204625639B
:108BC00002D1FFF78CFBEEE7FFF788FBEBE700BF76
:108BD0000000FFFF70B590F84060C56A012E0446A2
:108BE0000B4672D0012680F840608E0607D59606A7
:108BF00005D5FFF715FF002084F8400070BDDE06A4
:108C00005BD5D00659D5C2F3803002F4004252EA57
:108C100000014ED0E16BC9B122B10A685268B2FAC4
:108C200082F25209A16B19B110B10968496809B102
:108C3000012A1ED194F84120282A09D1B5F1007FDC
:108C400006D119462046FFF7C7FBD4E70A46E9E7F5
:108C500094F841202368292A4FF01002DA61CAD122
:108C600015F5803FC7D02046FEF78AFFFFF738FB97
:108C7000C1E723681022DA61636C43F00403636484
:108C800094F8413035F08072DBB2B4D1213B092B2E
:108C900008D8DFE803F0050C070707070707050CEE
:108CA00021232363616C2046FFF7E0FBA3E7222327
:108CB000F7E723681022DA619DE719079BD51307B0
:108CC00099D52046FFF743FB95E7022096E770B55C
:108CD00090F84060C56A012E04460B467ED00126FE
:108CE00080F840608E0607D5960605D5FFF798FEFA
:108CF000002084F8400070BDD90630D5D6062ED5A8
:108D0000628D92B2E2B994F84120282A07D1B5F1D8
:108D1000007F04D119462046FFF75EFBE8E794F890
:108D200041202368292A4FF01002DA61E0D115F5BD
:108D3000803FDDD02046FEF723FFFFF7D1FAD7E7CB
:108D400023681022DA61636C43F00403636435F036
:108D50008073CDD1616C2046FFF788FBC8E75807C8
:108D60001BD5510719D5638D9BB26BB123685A6A25
:108D7000636A1A70636A01336362238D013B238542
:108D8000638D013B9BB26385638D9BB2002BAFD19A
:108D900015F5803FACD02046CFE71E0705D510075C
:108DA00003D52046FFF7D3FAA2E79907A0D593078A
:108DB0009ED5638D9BB26BB1636A226813F8011B69
:108DC00091626362638D013B9BB26385238D013B9E
:108DD00023858DE735F080738AD1DCE702208AE7AE
:108DE000806A836B0BB100229A63C36B0BB10022C4
:108DF0009A63FFF724BB10B590F84120202A034660
:108E0000D4B21CD190F84020012A18D0242280F836
:108E100041200268106820F001001060106820F402
:108E2000805010601068014311601168002041F00B
:108E30000101116083F8414083F8400010BD022019
:108E4000FCE710B590F84120202A0346D4B21BD18C
:108E500090F84020012A17D0242280F8412002688F
:108E6000106820F001001060106820F4706040EA83
:108E7000012111601168002041F00101116083F8A7
:108E8000414083F8400010BD0220FCE7026852E830
:108E9000003F23F0C00342E8003102680029F5D109
:108EA00002F1080353E8003F23F4000302F1080C29
:108EB0004CE800310029F3D12023C0F888307047F6
:108EC00010B5026852E8003F23F4907342E8003185
:108ED00002680029F5D10F4C02F1080353E8003F66
:108EE000234002F1080C4CE800310029F4D1C36E94
:108EF000012B07D152E8003F23F0100342E8003174
:108F00000029F7D12023C0F88C300023C3664367C3
:108F100010BD00BFFEFFFFEF026852E8003F23F0E4
:108F2000800342E8003102680029F5D152E8003F91
:108F300043F0400342E800310029F7D17047D0F8F0
:108F40008820212A034611D1B0F8562092B20AB9DE
:108F5000FFF7E2BF026D016812F8010B88621A6523
:108F6000B3F85620013A92B2A3F856207047D0F8D1
:108F70008820212A034613D1B0F8562092B20AB9AC
:108F8000FFF7CABF1A6D006832F8021BC1F308016F
:108F900081621A65B3F85620013A92B2A3F85620BE
:108FA0007047D0F88830212B10B51BD1B0F86A205B
:108FB000C2B1B0F85610036889B2A1B903F1080232
:108FC00052E8002F22F4000203F1080040E80021DB
:108FD0000029F3D153E8002F42F0400243E800217A
:108FE0000029F7D110BDD96909060AD5016D11F81C
:108FF000014B9C62B0F856300165013B9BB2A0F872
:109000005630013A92B2D3E7D0F88830212B10B510
:109010001BD1B0F86A20C2B1B0F85610036889B20B
:10902000A1B903F1080252E8002F22F4000203F173
:10903000080040E800210029F3D153E8002F42F056
:10904000400243E800210029F7D110BDD969090683
:109050000CD5016D31F8024BC4F308049C62B0F8E2
:1090600056300165013B9BB2A0F85630013A92B2EE
:10907000D1E70000D0F88830202B10B544D100296A
:1090800044D0002A42D0A0F85620A0F85420426EC6
:1090900001650023C0F89030B2F1005F4FF021036A
:1090A000C0F888300268836819D1B3F5805F14D1A5
:1090B0000469174B1749002C18BF0B46836702F150
:1090C000080353E8003F43F4000302F1080040E8BE
:1090D00000310029F3D1002010BD0E4BEEE7B3F5AF
:1090E000805F0FD104690C4B0C49002C18BF0B4654
:1090F000836752E8003F43F0800342E800310029D3
:10910000F7D1E8E7054BF3E70220E5E70120E3E7C5
:1091100009900008A38F00086F8F00083F8F000898
:1091200010B50446226852E8003F23F4907342E8E9
:10913000003123680029F5D1224803F1080252E8E2
:10914000002F024003F1080C4CE800210029F4D163
:10915000E26E012A07D153E8002F22F0100243E803
:1091600000210029F7D19A6852061DD503F10802A3
:1091700052E8002F22F0400203F1080040E80021ED
:109180000029F3D1D4F8800070B18163FDF774FD3C
:1091900050B1D4F88000FDF72DFE202804D1102313
:1091A000C4F89030032010BD23680F221A629A6918
:1091B00042F008029A6100202023C4F88C30E06657
:1091C000F1E700BFFEFFFFEF7047806A38B5046823
:1091D000D0F88830D0F88C50A268120603D5212B25
:1091E00001D1FFF753FEA3685B0603D5222D01D101
:1091F000FFF766FED0F8903043F01003C0F89030CF
:10920000FCF736FE38BD08B5806AFCF731FE08BDB4
:109210000368D9691A682DE9F04140F60F0631421A
:109220009D68044610D18E0640F1978002F020061A
:1092300005F080573E4300F09080436F002B00F014
:109240008580BDE8F0411847A84EA9482E4010403F
:10925000304300F08280CF0709D5D00507D5012023
:109260001862D4F8900040F00100C4F890008F0715
:1092700009D5E80707D502201862D4F8900040F01D
:109280000400C4F890004F0709D5E80707D504206B
:109290001862D4F8900040F00200C4F890000F0764
:1092A0000BD502F02000304307D008201862D4F814
:1092B000900040F00800C4F890000E050AD5500157
:1092C00008D54FF400601862D4F8903043F02003C2
:1092D000C4F89030D4F89030002B37D08B0609D5E5
:1092E00002F0200205F080552A4303D0636F0BB1D2
:1092F000204698472668D4F89020B36802F02802E8
:1093000003F0400353EA0205204621D0FFF7D8FDC1
:10931000B3685F0617D5226802F1080353E8003FDF
:1093200023F04003083242E800310029F3D1D4F899
:10933000800040B16F4B8363FDF7D4FC30B1D4F8AB
:109340008000836B7DE72046FCF792FDBDE8F0814D
:10935000FCF78EFDC4F89050F8E7E06E012840F06D
:109360008D80CE0640F18A80D00640F187801022A1
:109370001A629968B4F85C20490651D5D4F8801077
:109380000868416889B2002942D0914240D2A4F8CD
:109390005E10026892062FD453E8002F22F48072E8
:1093A00043E800210029F7D103F1080252E8002F19
:1093B00022F0010203F1080040E800210029F3D166
:1093C00003F1080252E8002F22F0400203F10800E6
:1093D00040E800210029F3D12022C4F88C20E16666
:1093E00053E8002F22F0100243E800210029F7D1B2
:1093F000D4F88000FDF740FC02232367B4F85E3008
:10940000B4F85C10C91A89B22046FCF727FD9DE725
:1094100091429BD103689B0698D502232367F3E70B
:10942000B4F85E10B4F85E0080B289B200288DD026
:10943000521A91B2002989D053E8002F22F4907279
:1094400043E800200028F7D12B4D03F1080252E831
:10945000002F2A4003F1080646E800200028F4D136
:109460002022C4F88C206067E06653E8002F22F0C9
:10947000100243E800200028F7D1CEE7CF0209D53B
:109480006E0207D54FF4801220461A62BDE8F04103
:1094900000F086BE08060BD502F0800005F400053A
:1094A000284305D0A36F002B3FF450AF2046C8E6F9
:1094B0004F0611D556060FD553E8002F22F0400273
:1094C00043E800210029F7D12023C4F88830A167A0
:1094D0002046FCF7E7FC39E70D020FD550000DD50B
:1094E0002046BDE8F04100F05DBE00BF0100001065
:1094F0002001000407920008FEFFFFEFCB017FF57B
:1095000025AF002ABFF622AF2046BDE8F04100F0AB
:1095100048BE00BFD0F88C20222A08B5036857D176
:109520005B6AB0F86010826D0B401370836D01337D
:109530008365B0F85E30013B9BB2A0F85E30B0F8B6
:109540005E309BB2002B42D1026852E8003F23F408
:10955000907342E8003103680029F5D103F1080255
:1095600052E8002F22F0010203F1080C4CE8002120
:109570000029F3D12022C0F88C20184A4167934279
:10958000016705D1C26E012A0ED0FCF781FC1EE0F6
:109590005A681102F6D553E8002F22F0806243E8A2
:1095A00000210029F7D1EDE70022C26653E8002F21
:1095B00022F0100243E800210029F7D1DA69B0F85F
:1095C0005C10D20644BF10221A62FCF747FC08BDAB
:1095D0009A6942F008029A61F9E700BF00800040F2
:1095E000D0F88C20222A08B5036854D1596AB0F803
:1095F00060201140826D22F8021B8265B0F85E2067
:10960000013A92B2A0F85E20B0F85E2092B2002A31
:1096100040D153E8002F22F4907243E80021002942
:10962000F7D103F1080252E8002F22F0010203F102
:10963000080C4CE800210029F3D12022C0F88C202E
:10964000174A41679342016705D1C26E012A0ED0C5
:10965000FCF71EFC1EE05A681102F6D553E8002FF5
:1096600022F0806243E800210029F7D1EDE70022D3
:10967000C26653E8002F22F0100243E800210029BF
:10968000F7D1DA69B0F85C10D20644BF10221A6232
:10969000FCF7E4FB08BD9A6942F008029A61F9E719
:1096A0000080004003682DE9F047DD69D3F80080B1
:1096B0009E68D0F88C20222A044640F0B780B0F88B
:1096C0006830002B00F08D80B0F860704FF000091A
:1096D00006F001064FF0040AAB0640F182802368D1
:1096E000A26D5B6A3B401370A36D0133A365B4F8B0
:1096F0005E30013B9BB2A4F85E302368DD696807E9
:109700002AD0E9070AD518F4807F07D001221A620F
:10971000D4F8902042F00102C4F89020AA0708D59E
:109720003EB102221A62D4F8902042F00402C4F83A
:109730009020680708D53EB1C3F820A0D4F8903037
:1097400043F00203C4F89030D4F8903023B120469F
:10975000FCF78EFBC4F89090B4F85E309BB2002BFF
:10976000BAD1226852E8003F23F4807342E8003106
:1097700023680029F5D1304803F1080252E8002F90
:10978000024003F1080545E800210029F4D1202218
:10979000C4F88C20294A6167934221670AD05A682D
:1097A000110207D553E8002F22F0806243E8002120
:1097B0000029F7D1E26E012A34D10022E26653E893
:1097C000002F22F0100243E800210029F7D1DA69C6
:1097D000B4F85C10D20644BF10221A622046FCF78F
:1097E0003DFBB4F85E309BB2D3B1B4F868209A4226
:1097F00016D9226802F1080353E8003F23F0805392
:10980000083242E8003122680029F2D10C4B63672C
:1098100052E8003F43F0200342E800310029F7D12D
:10982000BDE8F0872046FCF733FBDAE79A6942F09F
:1098300008029A61F4E700BFFEFFFFEF00800040DE
:109840001595000803682DE9F047DD69D3F800801D
:109850009E68D0F88C20222A044640F0B480B0F8EC
:109860006830002B00F08A80B0F860704FF000097B
:1098700006F001064FF0040AAB067FD52368A26DFF
:10988000596A394022F8021BA265B4F85E20013AF9
:1098900092B2A4F85E20DD6968072AD0E9070AD5EC
:1098A00018F4807F07D001221A62D4F8902042F089
:1098B0000102C4F89020AA0708D53EB102221A621C
:1098C000D4F8902042F00402C4F89020680708D52C
:1098D0003EB1C3F820A0D4F8903043F00203C4F89E
:1098E0009030D4F8903023B12046FCF7C1FAC4F888
:1098F0009090B4F85E309BB2002BBDD1226852E844
:10990000003F23F4807342E8003123680029F5D139
:109910002F4803F1080252E8002F024003F1080526
:1099200045E800210029F4D12022C4F88C20294ADE
:109930006167934221670AD05A68110207D553E83C
:10994000002F22F0806243E800210029F7D1E26E67
:10995000012A34D10022E26653E8002F22F01002DF
:1099600043E800210029F7D1DA69B4F85C10D20687
:1099700044BF10221A622046FCF770FAB4F85E3039
:109980009BB2D3B1B4F868209A4216D9226802F18A
:10999000080353E8003F23F08053083242E80031C7
:1099A00022680029F2D10C4B636752E8003F43F074
:1099B000200342E800310029F7D1BDE8F0872046B6
:1099C000FCF766FADAE79A6942F008029A61F4E76E
:1099D000FEFFFFEF00800040E195000808B5034658
:1099E000806A01220267C26E012A12D1B0F85C10AF
:1099F0001B684A08A0F85E205B689BB2994228BFAA
:109A0000A0F85E30B0F85E30C91A89B2FCF726FAC9
:109A100008BDFFF7D9FBFBE7034610B51968806A5C
:109A20000B6813F0200331D1A0F85E30026852E8D1
:109A3000003F23F4807342E800340368002CF5D122
:109A400003F1080252E8002F22F0010203F1080C92
:109A50004CE80024002CF3D103F1080252E8002F57
:109A600022F0400203F1080C4CE80024002CF3D152
:109A70002022C0F88C20C26E012A07D153E8002FA3
:109A800022F0100243E80024002CF7D100230367E2
:109A9000C26E012A10D1A0F85E304B68B0F85C109D
:109AA0009BB2994288BFA0F85E30B0F85E30C91A08
:109AB00089B2FCF7D3F910BDFCF7EAF9FBE7000027
:109AC000F8B50446C0692169A26823680A43616940
:109AD0001D680A438449024329400A431A605A68B0
:109AE000E16822F440520A435A60804AA1699342D5
:109AF0001CBF226A11439A6822F06E4222F430623F
:109B00000A439A60DA6A616A22F00F020A43DA6253
:109B1000774A934230D1774BD3F8883003F0030370
:109B2000022B00F0D880032B00F0C880012B00F03E
:109B3000CC80B0F5004F40F0D380FCF74DFD0028FD
:109B400077D061686C4B626A33F81220B0FBF2F296
:109B50004B0803EB42034FF6EF72B3FBF1F3A3F1B3
:109B60001001914220D823F00F02216892B2C3F372
:109B700042031343CB605CE0604A934216D15D4BD5
:109B8000D3F8883003F00C03082B00F0A48008D829
:109B9000002B40F09A80B0F5004F78D1FCF70AFD19
:109BA000CDE70C2B00F08A80012043E0544A934219
:109BB0000AD1504BD3F8883003F03003202B00F04B
:109BC0008A80E5D9302BEDE74E4A934209D1494BC3
:109BD000D3F8883003F0C003802B7CD0D8D9C02BB9
:109BE000E0E7494A93420BD1424BD3F8883003F463
:109BF0004073B3F5007F6ED0CAD9B3F5407FD1E78B
:109C00003A4A9342D0D13B4BD3F8883003F44063B7
:109C1000B3F5006F15D003D843B9FCF7CBFC07E0D0
:109C2000B3F5406FC0D14FF400400BE0FCF798FB58
:109C300040B900204FF00113A3660023C4E91D338F
:109C4000F8BD324865682C4B626A05EB450133F874
:109C50001220B0FBF2F39942A6D8B3EB053FA3D88C
:109C600000231946F7F708F80023194606464FF473
:109C7000807768082A46E6FB0701F6F7FDFF244BCC
:109C8000A0F540729A428FD82368D860D1E7FCF7DC
:109C900091FC0028CDD06368616A174A32F8112020
:109CA000B0FBF2F000EB5300B0FBF3F04FF6EF73B4
:109CB000A0F11002E6E7FCF753FBEAE7B0F5004F2E
:109CC0003FF43FAF4FF40040E5E7B0F5004FF2D16D
:109CD000FCF746FB33E7B0F5004F0C48DBD130E72B
:109CE000FCF77AFCD5E700BFF369FFCF00800040A6
:109CF0000038014000100240F8F60008004400401F
:109D000000480040004C0040005000400024F40097
:109D1000FFFC0F00836A1A0710B506D50168846B33
:109D20004A6822F4004222434A60DC0706D50168F3
:109D3000C46A4A6822F4003222434A60990706D571
:109D40000168046B4A6822F4803222434A605A0751
:109D500006D50168446B4A6822F4802222434A6097
:109D6000DC0606D50168C46B8A6822F4805222435F
:109D70008A60990606D50168046C8A6822F400524C
:109D800022438A605A060FD50168446C4A6822F45F
:109D900080122243B4F5801F4A6005D14A68846C62
:109DA00022F4C00222434A601B0606D50268C16C39
:109DB000536823F400230B43536010BD2DE9F8438F
:109DC000DDF8209004460D46174698462268D36970
:109DD00035EA03030CBF01230023BB4201D000205E
:109DE00022E0B9F1FF3FF2D0FCF7A8F8A0EB0800A1
:109DF000484529D8B9F1000F26D021680B685A07C9
:109E0000E4D5802DE2D0402DE0D0CE6916F00806D2
:109E10000CD0082520460D62FFF752F80023C4F845
:109E2000905084F884300120BDE8F883CB691B058D
:109E3000CCD54FF400630B622046FFF741F8202396
:109E4000C4F8903084F884600320EDE773B50446CD
:109E50000026C0F89060FCF771F823681B681A07A9
:109E600005461CD56FF07E430093324603464FF4FF
:109E700000112046FFF7A2FF88B1226852E8003F98
:109E800023F0800342E800310029F6D12023C4F8F2
:109E900088300320002384F8843002B070BD23682A
:109EA0001B685B0724D56FF07E43009300222B468E
:109EB0004FF480012046FFF781FFC8B1226852E8C5
:109EC000003F23F4907342E8003122680029F5D165
:109ED00002F1080353E8003F23F0010302F10800F8
:109EE00040E800310029F3D12023C4F88C30D0E7BA
:109EF00020230020C4F88830C4F88C30E066206746
:109F0000C8E710B5044650B3D0F888301BB980F8C4
:109F10008430F7F7F7FB22682423C4F888301368ED
:109F200023F001031360A36A13B12046FFF7F2FE8A
:109F30002046FFF7C5FD012811D023685A6822F496
:109F400090425A609A6822F02A029A601A6842F097
:109F5000010220461A60BDE81040FFF777BF0120DC
:109F600010BD000030B581658168A0F85C20002339
:109F7000B1F5805FA0F85E20436731D10369002B03
:109F800040F2FF1318BFFF23A0F860300023C0F891
:109F900090302223C0F88C30016801F1080353E8A7
:109FA000003F43F00103083141E800340368002C0E
:109FB000F2D1456E84680169B5F1005F35D1B0F822
:109FC0006850954231D8B4F5805F29D1C1B1264A95
:109FD000426753E8002F42F4807243E8002121E0F9
:109FE00029B90369002B0CBFFF237F23CCE7B1F114
:109FF000805FC9D10369002B0CBF7F233F23C3E7D8
:10A000001A4A426703F1080252E8002F42F08052D8
:10A0100003F1080040E800210029F3D1002030BD01
:10A02000114A42670029D4D1ECE7B4F5805F16D11C
:10A0300051B10F4A426753E8002F42F4907243E84F
:10A0400000210029F7D1E9E70A4A426753E8002FC7
:10A0500042F0200243E800210029F7D1DEE7044A5C
:10A0600042670029E7D1F1E7A59600084598000866
:10A0700015950008E195000838B5D0F88C30202BF4
:10A0800016D1B9B1B2B100230468C3660A4B9C4231
:10A090000AD063681B0207D554E8003F43F0806391
:10A0A00044E80035002DF7D1FFF75CFF002038BDF4
:10A0B0000220FCE70120FAE70080004070B513465B
:10A0C0000446A0F85C2000228165C0F89020222080
:10A0D000C4F88C00D4F88000A8B11D4E2568C66273
:10A0E0001C4E06631C4EC0E90D620A4605F12401B0
:10A0F000FCF782FD38B11023C4F890302023C4F857
:10A100008C30012070BD226923683AB153E8002FDA
:10A1100042F4807243E800210029F7D103F10802DC
:10A1200052E8002F42F0010203F1080040E800214C
:10A130000029F3D103F1080252E8002F42F0400257
:10A1400003F1080141E800200028F3D1DAE700BF5D
:10A15000199A0008DD990008CB910008436E30B5CC
:10A160002BB90123A0F86A30A0F8683030BD03682D
:10A17000094D9A689968094C490FC2F342626B5CB9
:10A18000615CDB00B3FBF1F3A0F86A30AB5CA25C6E
:10A19000DB00B3FBF2F3E7E718F7000810F700085D
:10A1A00070477047704790F88430012B14D00268D4
:10A1B0002423C0F888301168136823F0010313606A
:10A1C00021F000510023436611602022C0F888204E
:10A1D00080F88430184670470220704770B590F8B8
:10A1E0008430012B044617D005682423C0F888303A
:10A1F0002E682B6823F001032B60AB6823F06043CB
:10A200001943A960FFF7AAFF20232E60C0F8883009
:10A21000002084F8840070BD0220FCE770B590F83F
:10A220008430012B044617D005682423C0F88830F9
:10A230002E682B6823F001032B60AB6823F060636A
:10A240001943A960FFF78AFF20232E60C0F88830E9
:10A25000002084F8840070BD0220FCE770B5D0F8BF
:10A260008C60202E04461CD109B9012070BD002A43
:10A27000FBD00123C36600230367FFF71FFF0028FD
:10A28000F4D1E36E012BF0D1236810221A62226808
:10A2900052E8003F43F0100342E800310029F7D1B3
:10A2A000E4E70220E2E700000D488546F7F7ECFC02
:10A2B0000C480D490D4A002302E0D458C450043321
:10A2C000C4188C42F9D30A4A0A4C002301E01360F7
:10A2D0000432A242FBD301F0CDFDF7F737F8FEE7D9
:10A2E00000800120000000201402002080F90008F6
:10A2F0001802002094150020FEE7000010EE101A4E
:10A30000C1F3C7520029A2F17F0CACBF01204FF06E
:10A31000FF30BCF11E0F0FDCBCF1000F1DDBC1F3E1
:10A320001603BCF1160F43F400030ADD963A03FA54
:10A3300002F202FB00F07047FDEEC07A17EE900AC1
:10A3400070474FF4800242FA0CF21A44CCF1170C19
:10A3500022FA0CF202FB00F07047BCF1FF3F18BF7D
:10A360000020704770B504460D4645EC104B16466C
:10A3700003F016FC51EC100B7EB1C5F30A53C3F188
:10A380006B03002B09DD1B0503F17F55002405F548
:10A39000401522462B46F6F7FFF841EC100B70BD36
:10A3A0002DE9F04F9DB00E461592002204901892B0
:10A3B0004FF000084FF0000917910A782B2A0D463C
:10A3C00001F101011DD00BD80D2A06D8082AF3D8B7
:10A3D0007AB100230B939A4683E0202AECD0F8E769
:10A3E0002D2A10D10122691C17910B926A78002A3C
:10A3F00037D1159B1796002B40F0958542464B466A
:10A400002AE00022EFE700210B91302A40F09B80E8
:10A410006A7802F0DF02582A5AD102930B9B01930B
:10A4200018AB0093814A049819AB17A902F0A2FC5B
:10A4300010F00F06044605D0062E14D10135002376
:10A4400017950B93159B002B40F06F850B9B002BF2
:10A45000D4D0424609F1004343EC102B1DB0BDE8B7
:10A46000F08F0D46D1E7189A3AB135211AA803F0BA
:10A4700091FC1899049803F057F8013E042E06D871
:10A48000DFE806F014031E211400DDE91A89E00557
:10A4900048BF49F0004929F000431B0D1B05002B64
:10A4A000D0D101F0E1FC22230360CBE7DDE91A8380
:10A4B000199A23F4801302F2334243EA0259E6E781
:10A4C000DFF87091E3E76FF000494FF0FF38DEE707
:10A4D000013517952B78302BFAD0002BB2D04FF0E6
:10A4E000010A00272B460E97BB460A21184613F88F
:10A4F000014BA4F13002092A28D94D49012201F06B
:10A50000F1FB002834D00020CDE9060022465C464D
:10A51000652A01D0452A14D124B95AEA00033FF430
:10A5200068AF0024179E731C179372782B2A73D080
:10A530002D2A77D04FF0000CA2F13003092B7FD9E0
:10A54000179600239EE04FF0000ACAE7BBF1080F00
:10A55000D8BF0E9A1793DBBF01FB0242303A01FBD2
:10A5600007420E92C8BFA2F130070BF1010BBDE705
:10A57000179B5A1C17925A78BBF1000F33D00690E4
:10A580005C46A2F13003092B12D901230793BFE7E0
:10A59000179B5A1C17925A780130302AF8D0A2F132
:10A5A0003103082B00F2C6840690179D0020044654
:10A5B000303A00F1010310D0069919440691204465
:10A5C0000A23A04211D1082800F1010419DC0E99D8
:10A5D0000A2303FB01230E930023179A511C1791A2
:10A5E00052781846CDE75846D7E7082C04F1010405
:10A5F00003DC0E9959430E91E3E7102CD8BF5F435B
:10A60000DFE70F28DCBF0A2303FB0727E4E700216D
:10A610000123CDE9061380E74FF0000CB31C17931C
:10A62000B27889E74FF0010CF8E700BF34F7000873
:10A6300008F300080000F07F179B5A1C17925A7805
:10A64000302AF9D0A2F13103082B3FF67AAF179BDD
:10A650000593A2F1300E013317931A78A2F130015D
:10A6600009293CD905995B1A082B44F61F633CDC89
:10A670009E457146A8BF19460591BCF1000F02D056
:10A68000059B5B420593002C50D15AEA00007FF4F1
:10A69000D9AE079B002B7FF4ACAE692A29D026DC0B
:10A6A000492A26D04E2A7FF4A4AEA14917A802F069
:10A6B00083FD00283FF49DAE179B1B78282B2FD1DC
:10A6C0009C491AAA17A802F08BFD052828D11B9BCC
:10A6D000DDF8688043F0FF4949F4E009B2E60A2159
:10A6E00001FB0E22A2F1300EB5E70593C5E76E2AF5
:10A6F000D9E7914917A802F05FFD00283FF479AE31
:10A70000179B8E49013B17A8179302F055FD10B90E
:10A71000179B01331793DFF834924FF0000891E64E
:10A72000874801F0E5FB59EC108B8BE6DDE905323B
:10A730000E989B1ABBF1000F08BFA346102C0A937A
:10A74000A246A8BF4FF0100AF5F7ACFE092C8046D0
:10A75000894613DC0A9B002B3FF474AE0A9B73DD21
:10A76000162B5ADC774901EBC301D1E900014246BF
:10A770004B46F5F711FF8046894663E6714B03EBC4
:10A78000CA0353E91223F5F707FF80463846894686
:10A79000F5F788FE02460B4640464946F5F746FD6A
:10A7A0000F2C80468946D5DD0A9BA4EB0A0A9A4401
:10A7B000BAF1000F40F397802AF00F061AF00F0A43
:10A7C00051D1B6F59A7F5EDC0023DFF87CA136110B
:10A7D000404649461F46012E79D10BB18046894635
:10A7E0005949A9F1547901EBC70142464B46D1E9D9
:10A7F0000001F5F7D1FE554B0A460B4054498B42F8
:10A80000804640D8A1F580118B4286BFDFF8449185
:10A810004FF0FF3802F1547932E00A9AC4F125036F
:10A820009342C1DB474DC4F10F0405EBC40142461E
:10A830004B46D1E90001F5F7AFFE0A9B1C1B05EB67
:10A84000C405D5E9002394E71633ADDBDDE9052324
:10A850009A1A3C4B03EBC203D3E900234046494616
:10A86000F5F7C4FF87E7374901EBCA0142464B467B
:10A87000D1E90001F5F790FE80468946002EA0D16F
:10A8800000230793A0E0002405940E940694049AF4
:10A89000DFF8B890222313604FF000080E9B002BC6
:10A8A0003FF4D0AD1899049802F03EFE0699049842
:10A8B00002F03AFEDDE9040102F036FE0E9904983A
:10A8C00002F032FE0498214602F02EFEBAE5F207AD
:10A8D00004D5DAE90023F5F75FFE0123013776108E
:10A8E0000AF1080A77E7CBD0CAF1000A4FEA2A1624
:10A8F0001AF00F0A0DD11F2E2EDD002405940E94A0
:10A900000694049A22234FF000084FF000091360C8
:10A91000C4E70C4B03EBCA0340464946D3E9002386
:10A92000F5F764FF80468946002EA9D0E3E700BF13
:10A9300017F3000820F700080FF30008F6F30008EB
:10A94000B5EC0008A8F8000880F800080000F07FC7
:10A950000000A07CFFFFEF7F16F0100318BF6A23F2
:10A96000764F0793404649460023F20704D5D7E9BE
:10A970000023F5F711FE0123761007F10807F4D143
:10A980000BB180468946079BB3B1C9F30A52C2F1A5
:10A990006B03002B49460FDD1F2B57DD342BDEBF29
:10A9A0004FF0FF33C2F14B0293404FF00008CCBF91
:10A9B0004FF05C7903EA0109002200234046494632
:10A9C000F6F7ACFB002898D10E9B00930498234621
:10A9D0005A46294602F010FE0E9000283FF453AF6D
:10A9E000DDE905239B1A0A9A002AA8BF00231293C7
:10A9F000002422EAE273149305940E9B049859688C
:10AA000002F054FD069000283FF441AF0E9B1A69F6
:10AA1000023203F10C0192000C3001F05AFA49ECB9
:10AA2000108B04981AAA19A9CDE90C8903F028F90A
:10AA3000189000283FF42BAF0498012102F072FE19
:10AA40000590034648B90023059320E74FF0FF32F5
:10AA500002FA03F303EA0808AEE7199D1A9A002DDB
:10AA6000ABBF129B149B149E129FACBFEF185E1BD2
:10AA7000079BED1A1544324B013D9D42C2F136024F
:10AA80004FDA5B1B1F2BA2EB03024FF001013CDCF2
:10AA900001FA03FA4FF0000BBD18079BAF421644B2
:10AAA0001E443B46A8BF2B46B342A8BF3346002BEB
:10AAB000C2BFED1AF61AFF1A129B002B16DDDDE954
:10AAC00004011A4602F0EEFE05900028BBD00146B4
:10AAD000189A049802F03CFE0F9000283FF4D7AE7D
:10AAE0001899049802F020FD0F9B1893002D1BDC91
:10AAF0000A9B002B26DD149A0699049802F0D2FED8
:10AB00000690F8B900230693C1E6C5F17F4505F527
:10AB10007F0505F57B45E23501FA05FB4FF0010A9B
:10AB2000BAE74FF0000BF9E7189904982A4602F0AB
:10AB300015FF18900028DBD1A9E600BF48F70008F0
:10AB400002FCFFFF002E07DD06990498324602F052
:10AB500005FF06900028D5D0002F08DDDDE90401AF
:10AB60003A4602F0FBFE059000283FF490AE069AAC
:10AB70001899049802F07CFF044600283FF487AE41
:10AB8000C3680F9300230599C36002F055FF0028A6
:10AB90003CDA0F9B53EA08035ED1C9F313034D4619
:10ABA000002B59D129F000431B0D1B05B3F1D66FC3
:10ABB00052D9636913B92369012B4DDD2146012266
:10ABC000049802F0CBFE0599044602F035FF0028F8
:10ABD00042DDAD4B079A2B40002A5FD0B3F1D66F10
:10ABE0005CD8B3F15C7F7FF68CAEA84B40464946FB
:10ABF0000022F5F7D1FCA44B0B4080468946002B80
:10AC00007FF450AE049A222313604BE64D4662D186
:10AC10000F9AC9F3130342B39D4A934228D1079B6D
:10AC20004146EBB1984B2B40B3F1D46F4FF0FF325C
:10AC300019D81B0DC3F16B0302FA03F3994217D124
:10AC4000944B9D4202D101313FF421AE8E4B2B40FB
:10AC500003F580194FF00008079B002BC5D121E6B2
:10AC60004FF0FF33EAE71346E8E753EA0803B0D0B2
:10AC7000BBF1000F1BD01BEA050FEDD00F9B079A0D
:10AC800040464946B3B1FFF76DFBDDE90C0153ECDB
:10AC9000102BF5F7CBFA80468946DDE7A3F5801344
:10ACA0006FEA13596FEA09594FF0FF38D4E71AEAEF
:10ACB000080FE2E7FFF756FBDDE90C0153EC102B20
:10ACC000F5F7B2FA0022002380468946F6F726FA05
:10ACD0000028C1D015E60599204603F029F857EC65
:10ACE000106B00224FF0804330463946F6F72AFABF
:10ACF000002870D00F9B002B7BD1B8F1000F56D1EC
:10AD0000C9F31303002B58D1634B00223046394658
:10AD1000F6F70EFA002859D1604B0022304639462A
:10AD2000F5F73AFC82468B460BF10043CDF820A0A4
:10AD30000993554B544A2B401393594B2A409A423E
:10AD4000DDE9086740F0B080A5F1547949EC108B3B
:10AD500002F026FFDDE9082351EC100BF5F71CFC8F
:10AD600042464B46F5F762FA474D4E4A0D40954232
:10AD7000804645D90D9A474B9A4203D10C9B01332B
:10AD80003FF485ADDFF80C914FF0FF381899049827
:10AD900002F0CAFB0699049802F0C6FBDDE9040143
:10ADA00002F0C2FB0498214602F0BEFB25E6B8F192
:10ADB000010F02D1002D3FF4A4AD9FED2B7BDFF8F6
:10ADC000D8B08DED087B4FF0000AB2E7DFF8CCB0C9
:10ADD0004FF0000AA8E7314B002230463946F5F71C
:10ADE000DBFB0F9B82468B46002B9DD0CDE908AB49
:10ADF0009FE79FED1F7B8DED087B5BEC17AB98E722
:10AE000001F15479079B002BC0D129F00043139A1C
:10AE10001B0D1B059A42B9D150465946F6F70EFA5A
:10AE2000F5F78CFB02460B4650465946F5F7FCF900
:10AE30000F9AC9F3130343EA0803134306460F4668
:10AE40006BD00DA3D3E90023F6F772F900287FF445
:10AE500029AD0BA3D3E9002330463946F6F786F92E
:10AE6000002893D01EE500BF000000000000F0BFE6
:10AE7000000000000000F03F9535A094FFFFDF3F89
:10AE800035E5AF350000E03F0000F07F00005039AD
:10AE9000FFFF0F00FFFFEF7F0000F03F0000E03FEB
:10AEA0000000E07FFFFF9F7C079B13B3139BB3F170
:10AEB000D46F1ED824A3D3E9002350465946F6F791
:10AEC00041F990B159465046F6F798F9012838BF34
:10AED0000120F5F7E7FA0F9B82468B46D3B901F1C3
:10AEE000004310901193DDE91067139A07F1D663C0
:10AEF0009F1A9DED0C0B02F053FE304653EC102BC5
:10AF00003946F5F749FBDDE90C23F5F78FF9804663
:10AF1000894677E7CDE910ABE5E70DA3D3E9002338
:10AF2000F6F706F99CE700230B93159A179B13601D
:10AF3000FFF78CBA652A3FF46AAB452A3FF467AB4A
:10AF400001230793FFF7A1BB0000C0FFFFFFDF4114
:10AF50009535A094FFFFCF3F2DE9F041DFF8BC808D
:10AF6000294B0A462DED028B0146D8F80000FFF769
:10AF700017FA55EC104B22462B4620462946F6F789
:10AF8000FFF890B1002D214809DA00F0B9FFB1EEC9
:10AF9000408AB0EE480ABDEC028BBDE8F081BDEC02
:10AFA000028BBDE8F04100F0ABBF20462946F5F723
:10AFB00005FD08EE100ADFED167AB0EEC87AB4EEA1
:10AFC000677AF1EE10FA11DD25F00047114B4FF0D2
:10AFD000FF3220463946F6F7D3F880B90D4B4FF0D3
:10AFE000FF3220463946F6F7ADF840B918EE103A70
:10AFF00013F0FF4FCDD1084B2B40002BC9D0D8F810
:10B00000003022221A60C4E758000020B5EC000886
:10B01000FFFF7F7FFFFFEF7F0000F07FC401002074
:10B02000242B2DE9F0478646904601D8012B06D106
:10B0300000F01AFF162303600020BDE8F0873448B3
:10B040000D462A4615F8014B065D16F00806F8D1A4
:10B050002D2C10D12C780126951C33F0100215D11F
:10B06000302C0DD12A7802F0DF02582A08D16C78F2
:10B07000023510230AE02B2C04BF2C78951CECE73A
:10B08000002BF6D1302C14BF0A23082306F1004C04
:10B090000CF1FF3C0022BCFBF3F9104603FB19CA7C
:10B0A000A4F13007092F0FD83C46A3421BDD571CE3
:10B0B00007D0814514D301D1A24511DB00FB034029
:10B0C000012215F8014BEBE7A4F14107192F01D834
:10B0D000373CEAE7A4F16107192F04D8573CE4E7AD
:10B0E0004FF0FF32EDE7531C08D12223CEF8003099
:10B0F0006046B8F1000FA0D0691E06E006B14042DC
:10B10000B8F1000F99D0002AF6D1C8F8001094E7E2
:10B1100071F7000813460A46014602480068FFF727
:10B120007FBF00BFC40100202DE9FF4757EC106B23
:10B13000002F0C4619463B46BBBF07F100431F4694
:10B1400000232D230B700D9BDDF830A0914623F0DA
:10B150002008BCBF32461646B8F1460F05D0B8F1FC
:10B16000450F00D10134022100E0032103AB01931C
:10B1700002AB009347EC106B5346224600F06CFF85
:10B18000B8F1470F054619D119F0010F0ED000EBA9
:10B1900004090022002330463946F5F7BFFF08B105
:10B1A000CDF80C903022039B4B451ED3039B0E9A87
:10B1B0005B1B2846136004B0BDE8F087B8F1460F6A
:10B1C00000EB0409E5D10378302B0AD100220023DB
:10B1D00030463946F5F7A2FF18B9C4F10104CAF8A0
:10B1E0000040DAF800309944D3E7591C03911A70F3
:10B1F000D9E7F7B50029BABF49422D232B230929E6
:10B200000270437029DD0DF1070425460A27224606
:10B21000B1FBF7F607FB1613303302F8013C0B467F
:10B22000632B04F1FF343146F1DC3031931E04F816
:10B23000011C411C1C46AB420AD30DF109039B1AA9
:10B24000A54238BF0023821C1344181A03B0F0BD76
:10B2500013F8016B01F8016FEDE730233031837093
:10B26000C170031DF1E700002DE9F04F8DB00C46D1
:10B27000DDF8588016461F46054600F0ABFD036812
:10B2800006931846F5F7ECFE00230A93D8F8003031
:10B2900094F818A0D4F800B00790073323F0070300
:10B2A000B3EC027B8DED047BC8F80030DDE904834C
:10B2B00023F0004984ED127B9C4B4FF0FF32404657
:10B2C0004946F5F75DFF70BB984B4FF0FF324046A3
:10B2D0004946F5F737FF30BBDDE9040100220023C2
:10B2E000F5F726FF10B12D2384F84330904A914B97
:10B2F000BAF1470F8CBF90469846032323612BF089
:10B30000040323604FF00009009733460BAA21463F
:10B31000284600F0D1F9013040F08C804FF0FF302A
:10B320000DB0BDE8F08FDDE9042310461946F5F7AE
:10B3300027FF40B1059B804A002BBCBF2D2384F81A
:10B3400043307E4BD4E763685A1C0AF0DF093BD1D7
:10B35000062363604BF480620023226003930AABF0
:10B36000CDE901A309AB009361689DED040B0DF1DC
:10B3700023032846FFF7D8FEB9F1470F0999804605
:10B3800029D1C81C02DB63688B4241DAAAF1020AA8
:10B390005FFA8AFA0139524604F150000991FFF729
:10B3A00028FF0A9A1318012A8146236102DC2268C9
:10B3B000D20701D5013323619DF82330002BA3D0A0
:10B3C0002D2384F843309FE7B9F1470FC2D1002BFA
:10B3D000C0D10123BDE7BAF1650FDBD9BAF1660F21
:10B3E00018D1002963680BDD216113B92268D007E9
:10B3F00002D501330B442361A1654FF00009DBE75F
:10B4000013B92268D20701D50233F4E70123F2E72A
:10B410004FF0670A0A9B8B4205DC23682161D8073D
:10B42000EAD54B1CE7E70029D4BFC1F10202012293
:10B430001344E0E723685A0507D42369424631469E
:10B440002846B84701302BD168E7BAF1650F40F2C2
:10B45000DD80D4E9120100220023F5F75FFE002809
:10B4600033D0374A012331462846B84701303FF4EC
:10B4700055AFDDE90938434502DB2368D8070FD50E
:10B48000DDE9062331462846B84701303FF446AF90
:10B490004FF0000908F1FF3804F11A0AC84509DC29
:10B4A00023689B0700F10381E0680B9B9842B8BFBB
:10B4B000184635E70123524631462846B847013041
:10B4C0003FF42CAF09F10109E8E7099B002B39DCB7
:10B4D0001B4A012331462846B84701303FF41EAFCE
:10B4E000DDE9093959EA030302D12368D907D7D521
:10B4F000DDE9062331462846B84701303FF40EAF58
:10B500004FF0000A04F11A0B099B5B42534501DC22
:10B510004B4693E701235A4631462846B847013047
:10B520003FF4FCAE0AF1010AEEE700BFFFFFEF7F38
:10B530000EF300080AF3000816F3000812F30008DF
:10B540001AF30008A36DDDF828A05345A8BF5346A1
:10B55000002B994636DC4FF0000B29EAE97904F11B
:10B560001A02A36D0493A3EB09035B4531DC099B2D
:10B570009A453ADC2368DA0737D4099BAAEB03091A
:10B58000049BAAEB03039945A8BF9946B9F1000FA4
:10B5900033DC4FF0000829EAE97904F11A0B099B22
:10B5A000AAEB0303A3EB090343457FF779AF01231C
:10B5B0005A4631462846B84701303FF4AFAE08F14D
:10B5C0000108ECE7424631462846B8470130C2D16F
:10B5D000A4E60123314628460492B84701303FF4DF
:10B5E0009DAE049A0BF1010BBBE7DDE90623314662
:10B5F0002846B8470130C0D190E6049A4B464244F1
:10B6000031462846B8470130C3D187E6DDF828A087
:10B61000BAF1010F01DCDB0736D501234246314682
:10B620002846B84701303FF479AEDDE906233146BC
:10B630002846B84701303FF471AED4E91201002228
:10B6400000230AF1FF3AF5F769FDC0B9534608F146
:10B65000010231462846B84701300CD15EE601238D
:10B660005A4631462846B84701303FF457AE08F1F4
:10B670000108D045F3DB4B4604F15002DFE64FF002
:10B68000000804F11A0BF4E701234246E1E7012325
:10B690004A4631462846B84701303FF43FAE08F1EC
:10B6A0000108E3680B995B1A4345F0DCFCE64FF0B8
:10B6B000000804F11909F4E72DE9F0471646984609
:10B6C0008A680B69DDF820909342B8BF1346336057
:10B6D00091F8432007460C460AB1013333602368D2
:10B6E000990642BF336802333360256815F00605BA
:10B6F00006D104F1190AE36832689B1AAB4226DCD2
:10B7000094F843302268003B18BF012392062BD4E3
:10B7100004F1430241463846C84701301ED0236831
:10B72000226903F00603042B02BFE5683368ED1AB3
:10B73000A3680CBF25EAE57500259342C4BF9B1A98
:10B74000ED1800261A34B5421AD1002008E0012372
:10B75000524641463846C847013003D14FF0FF30CA
:10B76000BDE8F0870135C6E7E1185A1C302081F8A2
:10B770004300224494F8451082F843100233C7E78F
:10B780000123224641463846C8470130E6D00136FB
:10B79000D9E700002DE9F0430D7E85B0782D904665
:10B7A0000C9E07460C46994601F1430207D8622DCC
:10B7B0000AD8002D00F0D780582D00F0BC8004F18D
:10B7C000420684F842503BE0A5F16303152BF6D8FE
:10B7D00001A151F823F000BF31B8000845B80008B6
:10B7E000BFB70008BFB70008BFB70008BFB7000861
:10B7F00045B80008BFB70008BFB70008BFB70008CA
:10B80000BFB700084DB900086FB80008FFB80008BE
:10B81000BFB70008BFB700086FB90008BFB700087E
:10B820006FB80008BFB70008BFB7000807B9000825
:10B8300033681A1D1B68326004F1420684F84230F6
:10B840000123A1E033682068191D3160060601D587
:10B850001D6803E04506FBD5B3F90050002D03DA5F
:10B860002D236D4284F843305B480A2311E02168A0
:10B870003368080653F8045B02D4490648BFADB2EA
:10B880003360237E54486F2B5CD10823002184F859
:10B8900043106668A660002E05DB21682E4321F068
:10B8A0000401216050D01646B5FBF3F103FB115C97
:10B8B00010F80CC006F801CDAC4663450D46F3D92F
:10B8C000082B0BD12368DB0708D5236961689942EF
:10B8D000DEBF302306F8013C06F1FF36921B2261E1
:10B8E000CDF80090434603AA21463846FFF7E4FE10
:10B8F00001304ED14FF0FF3005B0BDE8F083236832
:10B9000043F0200323603548782584F845502368A8
:10B91000316813F0800F51F8045B03D113F0400F2E
:10B9200018BFADB23160D90744BF43F02003236094
:10B930001DB11023AAE72848E7E7236823F0200376
:10B940002360F6E70A23A1E71646B9E733682568BE
:10B950006169181D30602E061B6801D5196002E070
:10B960006806FBD51980002323611646B8E73368C3
:10B970001A1D32601E68626800213046F5F720FB10
:10B9800008B1801B606063682361002384F8433042
:10B99000A6E72369324641463846C8470130A9D058
:10B9A00023689B0713D4E068039B9842B8BF1846EE
:10B9B000A2E70123324641463846C847013099D0B4
:10B9C0000135E36803995B1AAB42F2DCEBE7002533
:10B9D00004F11906F5E700BF1CF300082DF3000879
:10B9E000002310B50446C0E90033C0E90433836086
:10B9F00081814366C2818361194608225C3000F070
:10BA000069F90D4B63620D4BA3620D4BE3620D4B65
:10BA100023630D4B24629C4206D003F168029442DA
:10BA200002D0D0339C4205D104F15800BDE810404B
:10BA300000F044BA10BD00BFD5BB0008F7BB00083A
:10BA40002FBC000855BC000844140020024A0349DA
:10BA5000034800F06BB800BF4C000020EDE1000887
:10BA6000C801002041680C4B994210B5044601D032
:10BA700002F0BCFBA168094B994202D0204602F0BB
:10BA8000B5FBE168064B994204D02046BDE8104062
:10BA900002F0ACBB10BD00BF44140020AC14002069
:10BAA000141500200C4B0D4A0D4810B504211A60E6
:10BAB0000022FFF795FF0A4B01221C46092103F1E2
:10BAC0006800FFF78DFF04F1D0000222BDE81040AE
:10BAD0001221FFF785BF00BF7C1500204DBA00087A
:10BAE00044140020014800F0EAB900BF8515002089
:10BAF000014800F0E5B900BF8515002010B50446E7
:10BB0000FFF7F0FF236A1BB1BDE81040FFF7F0BF5D
:10BB1000044B2362044B1B68002BF5D1FFF7C2FFD7
:10BB2000F2E700BF65BA00087C1500202DE9F84354
:10BB30000746884614460026D4E90195B9F1010963
:10BB400005D52468002CF7D13046BDE8F883AB89D1
:10BB5000012B07D9B5F90E30013303D029463846F9
:10BB6000C04706436835E9E70CB430B5184B0C1EE6
:10BB70001D689DB008DA8B232B604FF0FF301DB09D
:10BB8000BDE8304002B070474FF40273ADF8143096
:10BB90004FF000031B9314BF04F1FF3323460493BB
:10BBA00007934FF6FF7302900690ADF81630209A77
:10BBB00021AB02A92846019302F09EF9431CBCBFA9
:10BBC0008B232B60002CDAD0029B00221A70D6E760
:10BBD000C401002010B50C46B1F90E1000F020F998
:10BBE0000028ABBF636DA3891B1823F48053ACBF3F
:10BBF0006365A38110BD2DE9F0411F468B89DB05EC
:10BC000005460C46164605D5B1F90E100223002252
:10BC100000F0F4F8A389B4F90E1023F48053A38143
:10BC200032463B462846BDE8F04100F00BB910B55E
:10BC30000C46B1F90E1000F0E1F8B4F90C30421CDA
:10BC40000BBF23F4805343F48053A381A38118BF17
:10BC5000606510BDB1F90E1000F0C0B830B51446E3
:10BC6000002C9BB005461A4605DA8B2303604FF083
:10BC7000FF301BB030BD4FF40273ADF80C304FF005
:10BC80000003199314BF04F1FF3323460293059375
:10BC90004FF6FF7300910491ADF80E3069461E9B7C
:10BCA00002F02AF9431CBCBF8B232B60002CE0D090
:10BCB000009B00221A70DCE707B5009313460A4682
:10BCC000014603480068FFF7C9FF03B000BD00BF8D
:10BCD000C401002002440346934200D1704703F898
:10BCE000011BF9E710B56AB10139841810F8012B6E
:10BCF00011F8013F9A4203D1A04201D0002AF5D1A8
:10BD0000D01A10BD1046FCE71B4B2DE9F0411C6812
:10BD1000656C06460F463DBB502001F0FFFA024617
:10BD2000606420B9154B16485B2100F0EFF8856080
:10BD3000626CC0E90055C2E90355626CC2E9055561
:10BD4000626CC2E90A55626CC2E90C55626CC2E9C8
:10BD50000E55626CC2E91055626CC2E91255626CF4
:10BD600015772B46656C6B622A46394630460123AF
:10BD7000BDE8F04100F006B8C40100203EF3000821
:10BD800055F30008F0B5044608B9146844B12046DC
:10BD900014F8015B0F4617F8016B1EB965B9156001
:10BDA000002005E0B542F6D1002BF0D114600370FD
:10BDB000F0BD1C460CE01DB9274614F8013B0E46A9
:10BDC00016F8015BAB42F6D1002BF2D000233B709A
:10BDD0001460EDE7004870474801002038B5064D73
:10BDE0000023044608462B6002F048FD431C02D1A4
:10BDF0002B6803B1236038BD8015002038B5074D8E
:10BE000004460846114600222A601A4602F05EFDEA
:10BE1000431C02D12B6803B1236038BD801500207C
:10BE200038B5074D04460846114600222A601A46D6
:10BE300002F054FD431C02D12B6803B1236038BDCE
:10BE40008015002038B5074D0446084611460022EB
:10BE50002A601A4602F058FD431C02D12B6803B138
:10BE6000236038BD80150020014B1868704700BF63
:10BE7000C401002070B50D4B0D4D5B1B9C100026BE
:10BE8000A64209D102F04AFD0A4D0B4B5B1B9C10E8
:10BE90000026A64205D170BD55F8043B98470136EF
:10BEA000EEE755F8043B98470136F2E778F90008C9
:10BEB00078F9000878F900087CF9000870477047A5
:10BEC0007047034611F8012B03F8012B002AF9D122
:10BED00070470A44914200F1FF3300D1704710B51A
:10BEE00011F8014B03F8014F9142F9D110BD000048
:10BEF0009FED010B704700BF000000000000F87FBD
:10BF00009FED010A704700BF0000C07F1FB51446B7
:10BF10001A46094B1B680546D8684CB1074B00917F
:10BF2000CDE9013406492B4602F088F902F0C2F946
:10BF3000044B1C46F3E700BFC4010020B7F3000820
:10BF4000C4F30008B5EC00082DE9F74F03690C694C
:10BF5000A34207467EDB013C01F11408A30000F177
:10BF60001405009305EB8403019358F8243055F829
:10BF7000242001339A4208EB8409B2FBF3F62ED356
:10BF80004FF0000AC446AE46D3465CF8043B98B274
:10BF900006FB00A0020C1B0C06FB0323DEF80020AE
:10BFA00080B292B2121A5A44DEF800004FEA134AE5
:10BFB0009BB2C3EB224303EB104392B242EA03422B
:10BFC000E1454EF8042B4FEA234BDED2009BEB58A1
:10BFD0002BB9019B043B9D421A462FD33C61384646
:10BFE00001F02AFD002825DB2946002058F8042B03
:10BFF000D1F800C01FFA82FE1FFA8CF3A3EB0E03E8
:10C000000344120CC2EB234202EB1C429BB243EAF4
:10C010000243C14541F8043B4FEA2240E6D255F8BD
:10C02000242005EB840322B9043B9D421A460BD31E
:10C030003C610136304603B0BDE8F08F1268043B26
:10C04000002ACBD1013CC6E71268043B002AEFD19D
:10C05000013CEAE70020EEE72DE9F04F99B08DEDC5
:10C060000E0B0C92C269229C0A9157EC106B814610
:10C07000139382B9102001F051F90246C9F81C004F
:10C0800020B9AB4BEF21AB48FFF740FF0023C0E9DD
:10C0900001330360C360116859B152684A600123DB
:10C0A00093408B60484601F03FFAD9F81C300022DB
:10C0B0001A60B7F10008B5BF012300232360236095
:10C0C0009D4BBCBF28F00048CDF83C8033EA080304
:10C0D0001AD1139AC8F3130842F20F7358EA0608EC
:10C0E000136000F06885239B53B9944B21E0944B77
:10C0F00000930833239A1360009819B0BDE8F08FBD
:10C100008E4B00930333F5E79DED0E7B002251EC3F
:10C11000170B00238DED067BF5F700F8824650B132
:10C12000139A01231360239B13B1239A854B136049
:10C13000854B0093E0E79DED060B16AA17A948462C
:10C1400001F09EFD5FEA1854169D019079D0079B7F
:10C15000CDF850A0C3F31303DDE9060143F07F538C
:10C1600043F44013A4F2FF3419460022774BF4F74E
:10C170005BF869A3D3E90023F4F70EFA68A3D3E9C7
:10C180000023F4F753F8064620460F46F4F79AF9D1
:10C1900065A3D3E90023F4F7FFF902460B463046C6
:10C1A0003946F4F743F806460F46F4F7FFFF00223E
:10C1B0008046002330463946F4F7BAFF48B140467E
:10C1C000F4F780F932463B46F4F7A8FF08B908F1C6
:10C1D000FF38B8F1160F51D85D4B03EBC803D3E914
:10C1E0000023DDE90601F4F7A3FF002848D008F199
:10C1F000FF38002312932D1B6B1E089343BF0023AF
:10C20000C5F1010708930027B8F1000F3ADB089B3E
:10C21000CDF8348043440893002309930A9B092BEB
:10C2200062D8052BC4BF043B0A930A9BA3F1020307
:10C23000CCBF00240124032B62D8DFE803F0515364
:10C24000362B179C2C4404F23243202BC1BFC3F180
:10C25000400308FA03F804F2124326FA03F3D6BFA8
:10C26000C3F1200348EA030006FA03F0F4F71AF9D1
:10C270000122A1F1F873013C149275E70123B9E79B
:10C280001290B8E7C8F1000309930023A7EB080751
:10C290000D93C3E701230B930C9B43440593013398
:10C2A000012B0493B8BF012306E001230B930C9BE1
:10C2B000002B28DDCDE90433D9F81C00002104222D
:10C2C00002F114059D4223D94160484601F0EEF881
:10C2D0000090002840D11F4B024640F2AF11D2E639
:10C2E0000023E3E70023D6E701240023CDE90A3445
:10C2F0004FF0FF33CDE90433002212230C92DBE729
:10C3000001230B93F4E70123CDE904331A46F5E743
:10C3100001315200D4E700BF61436F63A787D23F6A
:10C32000B3C8608B288AC63FFB799F501344D33F24
:10C330003EF3000800F400080000F07FFCF3000862
:10C34000F3F300081BF300081AF300080000F83F9D
:10C35000A8F8000858F40008D9F81C30009A1A60B0
:10C36000049B0E2B00F2A180002C00F09E80B8F1FF
:10C37000000F36DD9E4B08F00F0203EBC20318F4EA
:10C38000807FD3E900AB4FEA281516D0994BDDE941
:10C390000601D3E90823F4F729FACDE9020105F0F3
:10C3A0000F050324934E75B9DDE9020152465B4641
:10C3B000F4F71CFA82468B462DE09DED067B0224A5
:10C3C0008DED027BEEE7E90708D550465946D6E9E0
:10C3D0000023F4F7E1F8013482468B466D100836ED
:10C3E000E1E700F0AD80C8F10005814B814E05F01A
:10C3F0000F0203EBC203D3E90023DDE90601F4F7E2
:10C40000CBF82D1182468B4600230224002D40F0EC
:10C410008C80002BCED1129B002B00F09580764BA8
:10C42000002250465946F4F783FE002800F08C8025
:10C43000049B002B00F08880059B002B35DD08F164
:10C44000FF330293504659466C4B0022F4F7A4F890
:10C45000059E82468B4601342046F4F733F8524657
:10C460005B46F4F799F8664B0022F3F7DFFE0446CB
:10C47000A1F15075CDE91045002E69D1614B002224
:10C4800050465946F3F7D0FE22462B4682468B464D
:10C49000F4F76CFE002840F09482224605F1004338
:10C4A00050465946F4F744FE20BB179B002BC0F2C0
:10C4B0006081B8F10E0F00F35C814D4B03EBC803B4
:10C4C000D3E900AB0C9B002B80F2EE80049B002B89
:10C4D00000F3EA800ED14B4B002250465946F4F748
:10C4E0005BF802460B46DDE90601F4F72BFE002857
:10C4F00000F06A8200252C460C9B009EDB430293D1
:10C50000274600242946484601F00EF8002F00F087
:10C51000C1802CB1BC4203D02146484601F004F84A
:10C520003946484601F000F8B4E0EA0705D5D6E9F7
:10C530000023F4F731F8013401236D10083665E764
:10C54000DDE906AB022466E7049ECDF8088083E7A8
:10C55000274B03EBC60353E902010B9B002B55D07D
:10C5600002460B4600202849F4F740F9DDE9102384
:10C57000F3F75AFE009BCDE910019D191E4659465E
:10C580005046F4F713FE0446F3F79CFF02460B46B1
:10C5900050465946F3F748FE3034DDE9102306F8DB
:10C5A000014B82468B46F4F7C3FD002872D15246F8
:10C5B0005B4611490020F3F737FEDDE91023F4F75D
:10C5C000B7FD002840F0B680AE423FF46EAFDDE923
:10C5D00010010A4B0022F3F7DFFF084BCDE91001F1
:10C5E000002250465946F3F7D7FF82468B46C6E7EE
:10C5F000A8F8000880F800080000F03F0000244080
:10C6000000001C40000014400000E03FDDE9102362
:10C61000F3F7C2FF009B009DCDE910013344159351
:10C6200059465046F4F7C2FD0446F3F74BFF303449
:10C630000B46024659465046F3F7F6FD05F8014B06
:10C64000159B9D4282468B4627D1009B0022DDE947
:10C6500010011E44B34BF3F7E9FD02460B4650466A
:10C660005946F4F783FD002864D1DDE91023AD4974
:10C670000020F3F7D9FD02460B4650465946F4F721
:10C6800057FD00283FF411AF334616F8012D302A2C
:10C69000FAD01E46DDF808803AE0A34B0022F3F7FB
:10C6A0007BFF82468B46BBE7009E52465B46DDE938
:10C6B0000601F4F79BF8F4F779FD0746F3F702FF5C
:10C6C00052465B46F3F768FF02460B46DDE906017A
:10C6D000F3F7AAFD07F1300C009C06F801CBA6EB9E
:10C6E000040C049C644502460B4633D1F3F79EFDCF
:10C6F00052465B4604460D46F4F738FDC0B9524633
:10C700005B4620462946F4F709FD08B1FB070FD424
:10C710000199484600F008FF0023139A337008F18E
:10C7200001031360239B002B3FF4E6AC1E60E3E49F
:10C73000CDF8088033461E4613F8012D392A06D15C
:10C74000009A9A42F7D1029A0132029230220132C3
:10C750001A709FE7744B0022F3F71EFF02460B4648
:10C76000CDE9062300220023F4F7D8FC00289CD052
:10C77000CEE70B9A002A00F0E3800A9A012A00F320
:10C78000C280149A002A00F0BA8003F23343099D54
:10C790003E46089A01211A4448461F44089200F078
:10C7A000C1FF044656B1089B002B07DDB342089A2F
:10C7B000A8BF3346FF1AF61AD31A0893099B0BB386
:10C7C0000B9B002B00F0C380002D00F0BD802146A4
:10C7D0002A46484601F066F8019A01460446484652
:10C7E00000F0B6FF01998246484600F09DFE099B85
:10C7F0005B1B099300F0AE80099A5146484601F050
:10C8000051F801900121484600F08CFF0D9B054630
:10C81000002B00F0D7811A460146484601F042F845
:10C820000A9B012B054600F39D800E9B002B40F0D8
:10C8300094800F9BC3F31303002B40F08E800F9B5B
:10C8400023F000431B0D1B05002B00F08980089B83
:10C850000133013708934FF0010A0D9B002B00F0C4
:10C86000B7812B6905EB8303186900F00FFFC0F156
:10C870002000089B184410F01F007ED0C0F1200358
:10C88000042B72DD089BC0F11C00034407440644DE
:10C890000893002F05DD01993A46484601F05EF8FD
:10C8A0000190089B002B05DD29461A46484601F0F9
:10C8B00055F80546129B002B61D00198294601F0DE
:10C8C000BBF800285BDA08F1FF33029301990023DB
:10C8D0000A22484600F04AFE0B9B0190002B00F014
:10C8E0007981002321460A22484600F03FFE059B3D
:10C8F000002B044672DC0A9B022B49DC6EE0169B7F
:10C90000C3F1360343E7049B5D1E099BAB420DDB7D
:10C910005D1B049B002BBFF63BAF049BFE1A00235C
:10C9200037E700BF0000E03F00002440099B0D9A5C
:10C930000995EB1A1A440D92049B3E46002528E700
:10C94000099D0B9C3E462DE7DDF804A054E7099AAB
:10C95000019953E7CDF804A054E74FF0000A7CE7B3
:10C960009A467AE74FF0000A7BE792D0089A1C3388
:10C970001A441F441E4408928BE70346F6E7049BC3
:10C98000CDF80880002B23DC05930A9B022B21DDC8
:10C99000059B002B7FF4B0AD29460522484600F0E8
:10C9A000E5FD01460546019801F046F800287FF7AD
:10C9B000A3AD009E312306F8013B029B0133029395
:10C9C0009EE535462C46F4E7049DCDF80880F9E74E
:10C9D000049B05930B9B002B00F00081002E05DDCE
:10C9E00021463246484600F0B9FF0446BAF1000F2E
:10C9F0005AD06168484600F059FD064628B9824B76
:10CA0000024640F2EF21FFF73EBB2269023292005C
:10CA100004F10C010C30FFF75CFA01223146484664
:10CA200000F09CFF0746009B009A03F1010B059B59
:10CA3000134406930E9B03F0010308930BF1FF339D
:10CA4000294601980493FFF77FFA2146059000F1EB
:10CA5000300A019800F0F0FF3A46804629464846E1
:10CA600001F006F8C268064602BB0146019800F0D4
:10CA7000E3FF024631464846099200F055FDDDE9E4
:10CA8000092342EA0301089B19435E4610D1BAF11B
:10CA9000390F2BD0B8F1000F02DD059B03F1310AED
:10CAA000049B83F800A02DE52746BCE70122E1E7BF
:10CAB000B8F1000F06DB0A9B48EA0308089B58EA16
:10CAC000030820D1002AEBDD01990122484600F03D
:10CAD00045FF2946019000F0AFFF002803DCDFD1BD
:10CAE0001AF0010FDCD0BAF1390FD6D1049A3923EC
:10CAF000137033461E46013B16F8012C392A52D0DA
:10CB000001321A70FEE4002A07DDBAF1390FEDD0C8
:10CB1000049A0AF101031370F4E4069B0BF801ACCC
:10CB20005B452AD0019900230A22484600F01EFDE9
:10CB3000BC4201904FF000034FF00A0221464846E4
:10CB400006D100F013FD044607460BF1010B75E713
:10CB500000F00CFD3946044600230A22484600F046
:10CB600005FD0746F1E7059B5E1E002B009BD8BF25
:10CB700000265A1C274616440024019901224846E3
:10CB800000F0ECFE2946019000F056FF0028B0DCD2
:10CB900002D11AF0010FACD133461E4613F8012D15
:10CBA000302AFAD0AEE4009A9A42A3D1029B013314
:10CBB00002933123AFE7239B002B7FF498AA134BFA
:10CBC000FFF7B7BA0A9B012B7FF72FAEDDF834A031
:10CBD00001204EE6059B002B7FF7D7AE009E019803
:10CBE0002946FFF7B1F900F1300A009B06F801ABC6
:10CBF000F21A059B9342B6DD019900230A224846AA
:10CC000000F0B4FC0190EAE758F40008F3F30008E0
:10CC100038B50546002941D051F8043C0C1F002BC3
:10CC2000B8BFE41800F036FC1D4A136833B96360DE
:10CC300014602846BDE8384000F032BCA34208D951
:10CC4000206821188B4201BF19685B6809182160B0
:10CC5000EDE71A465B680BB1A342FAD91168501888
:10CC6000A0420BD120680144501883421160E0D1EA
:10CC700018685B68536008441060DAE702D90C2337
:10CC80002B60D6E7206821188B4204BF19685B68C7
:10CC9000636004BF091821605460CAE738BD00BF53
:10CCA0008C1500200369B3EB611F2DE9F0434FEAB7
:10CCB000611200F1140445DD11F01F0104EB83063D
:10CCC00004EB82050CD100F110072946B14234D3A0
:10CCD0009B1A9B00EA1E964238BF0023234415E0AE
:10CCE00054F82270C1F12008CF4005F1040EA1468E
:10CCF0007645F44615D89A1A9200043A0135AE42A8
:10CD000038BF0022A318A75007B104331A1BA3424F
:10CD10004FEAA20208BF0023026108BF4361BDE8D9
:10CD2000F083DCF800C00CFA08FC4CEA070749F86D
:10CD3000047B5EF8047BCF40DAE751F804CB47F878
:10CD400004CFC3E72346E1E7A0F13003092B02D863
:10CD50002038C0B27047A0F16103052B01D84738D5
:10CD6000F7E7A0F14103052B01D82738F1E70020B0
:10CD7000704700002DE9F04F85B08A4602930B689A
:10CD8000019090469C1CA14614F8010B3028FAD063
:10CD9000A9EB0303A3F1020BFFF7D6FF054600281A
:10CDA00068D1A04901224846FEF79CFF07460028AB
:10CDB00067D199F801002646FFF7C6FF002862D028
:10CDC000234618783028994603F10103F9D0FFF77C
:10CDD000BBFFB0FA80F56D094FF0010B4A461646CD
:10CDE00001323078FFF7B0FF0028F8D18D490122D9
:10CDF0003046FEF777FF00283FD144B9741C224625
:10CE0000164601323078FFF79FFF0028F8D1A41BA7
:10CE1000A700337803F0DF03502B3ED173782B2B20
:10CE200033D02D2B34D0711C00240878FFF78CFFF1
:10CE3000431EDBB2182B30D8A0F1100211F8010FFD
:10CE4000FFF782FF00F1FF3C5FFA8CFCBCF1180F8A
:10CE50004FF00A031ED904B152421744CAF8001019
:10CE6000EDB1BBF1000F0CBF06250025284605B02B
:10CE7000BDE8F08F00252C46B0E7002CC7D127462F
:10CE8000C7E74E462F460125C3E70024B11CCCE777
:10CE90000124FBE703FB0200CEE73146DEE7A6EB09
:10CEA0000903013B2946072B0ADC019800F0FEFA32
:10CEB000044640B95C4B0246E4215C48FFF726F883
:10CEC00001315B10EFE700F1140A002355469B4641
:10CED000B14537D345F804BBA5EB0A05AD10256174
:10CEE000584600F0D3FB6D01D8F800602D1AB5420A
:10CEF00054DDAD1B2946204600F06FFF814678B116
:10CF00006B1E591103F01F025AF821104FF001094E
:10CF100009FA02F20A4203D04B4536DC4FF002090F
:10CF200029462046FFF7BEFE2F44D8F80830BB4202
:10CF300042DA0198214600F0F7FA0E9A00231360B6
:10CF4000A32593E716F8012D2E2A12D0202B04D109
:10CF500045F804BB4FF0000B5B4630780393FFF7B6
:10CF6000F3FE039B00F00F0098404BEA000B0433E4
:10CF7000AEE7B145EAD82B49039301223046FEF7CC
:10CF8000B1FE039B0028E1D1A2E7A91E204600F0D4
:10CF900024FF0028C2D04FF00309C1E709DA751B4E
:10CFA000214601982A4600F0D9FC7F1B044600F177
:10CFB000140A4FF00009B8E7D8F80450BD426FDDFD
:10CFC000ED1BAE4234DCD8F80C30022B22D0032B00
:10CFD00024D0012B15D1AE4213D1012E0BD1029AD0
:10CFE000D8F80430136001232361CAF800300E9B87
:10CFF00062251C603AE7711E204600F0EEFE002814
:10D00000EDD10198214600F08FFA0E9A00231360AB
:10D0100050252BE70F9B002BF3D1E0E70F9B002B54
:10D02000DDD1EEE708F3000858F4000869F40008C1
:10D030006F1EB9F1000F30D127B13946204600F0FC
:10D04000CCFE81467A1101235AF8222007F01F07EF
:10D05000BB4013422946204618BF49F00209FFF79A
:10D0600021FED8F80470761B0225B9F1000F47D0D5
:10D07000D8F80C30022B15D0032B17D0012B09D177
:10D0800019F0020F06D0DAF8003049EA030919F066
:10D09000010F0ED145F0100532E04FF00109D1E744
:10D0A0000125E2E70F9BC3F101030F930F9B002BB8
:10D0B000F0D0D4F810B004F114034FEA8B0A03EB5C
:10D0C0008B014FF0000C184653F8042BB2F1FF3FD0
:10D0D0001BD001320260022D04F114033CD1D8F8B8
:10D0E0000020013AB24209D17111012253F82130D6
:10D0F00006F01F0602FA06F61E423AD145F0200558
:10D100000E9B1C60029B1F60B0E6994243F804CC62
:10D11000D9D8A3689B4517DB61680198013100F0FD
:10D12000C5F9814618B91A4B02468421C5E6226921
:10D13000023204F10C0192000C30FEF7CAFE2146C7
:10D14000019800F0F1F94C4623695A1C04EB830363
:10D15000226101225A61BEE722695A450BDD012195
:10D160002046FFF79FFDD8F808300137BB42FFF695
:10D17000E0AE0125C2E716F01F06FAD05344C6F10F
:10D18000200653F8040C00F081FAB042E7DBF0E728
:10D1900058F40008C2F10802920070B5C2F12006EE
:10D1A0004368046803FA06F52C43D340046040F852
:10D1B000043F8842F4D370BD30B50368013311F8E1
:10D1C000014B14B90360012030BD13F8012BA2F10B
:10D1D0004105192D98BF2032A242F0D00020F3E77C
:10D1E0002DE9F04F0B6801685E1102EB860613F023
:10D1F0001F0387B018BF04360025371F82469046AC
:10D20000019346F8045CB9463C460295AB464A7821
:10D210004B1C039342B3104605910492FFF794FD13
:10D22000002853D1049A0599202A18D8029B9B45BF
:10D2300013DD4C4506D2072D04DC2A46494620461C
:10D24000FFF7A8FF444554D90023A4F1040944F88A
:10D25000043CCDF808B04C461D460399D7E7292A6F
:10D2600059D10231CAF80010BBF1000F53D04C4520
:10D2700006D2072D04DC2A4649462046FFF78AFFDE
:10D28000444538D9A8F10402234653F8041B42F858
:10D29000041F9F42F9D23B1B23F003030134033EDA
:10D2A000B44288BF002308F10402134400211A4647
:10D2B00004339F421160FAD23B681BB9474528D11D
:10D2C00001233B60052007B0BDE8F08F0135082D34
:10D2D0000BF1010B06DD4445BFD9002344F8043CA3
:10D2E0000125043C226800F00F0040EA0210206093
:10D2F000B3E70825B1E7019B002BDDD0C3F1200384
:10D300004FF0FF32DA4056F8043C134046F8043C34
:10D31000D2E7043FD0E70420D5E70000024B0146E6
:10D32000186800F025B800BFC401002070B50F4E8A
:10D330000C463168054611B900F0ACFF306021465B
:10D34000284600F0A7FF431C03D14FF0FF342046CE
:10D3500070BDC41C24F00304A042F8D0211A284652
:10D3600000F098FF0130F2D1EFE700BF88150020F0
:10D370002DE9F843CD1C25F0030508350C2D38BFE9
:10D380000C25002D064601DBA94204D90C2333608D
:10D390000020BDE8F883DFF8D48000F07BF8D8F8EF
:10D3A00000301C4644BB29463046FFF7BFFF431CF4
:10D3B000044658D1D8F800402746002F43D1002C0E
:10D3C0004BD023683946304604EB030900F062FF76
:10D3D000814542D121686D1A29463046FFF7A6FFE4
:10D3E00001303AD023682B442360D8F800305A68C3
:10D3F00062BBC8F800700FE02268521B20D40B2AD1
:10D4000017D96119A342256018BF5960636808BF26
:10D41000C8F8001062514B60304600F041F804F14A
:10D420000B00231D20F00700C21A1CBF1B1AA350BB
:10D43000AFE76268A3420CBFC8F800205A60EBE770
:10D4400023466468AEE73C467F68B6E71A465B68E9
:10D45000A342FBD100235360DEE70C233360304648
:10D4600000F01EF894E70560D6E700BF8C15002099
:10D4700082B001B901A942B14BB113780B601278A7
:10D48000101E18BF012002B070471046FBE76FF076
:10D490000100F8E70148FEF712BD00BF8415002027
:10D4A0000148FEF70DBD00BF8415002070B5C469AA
:10D4B00005460E4684B91020FFF730FF0446E861A8
:10D4C00028B90246164B17486B21FEF71FFD0023B3
:10D4D000C0E901330360C360E36853B9212204212A
:10D4E000284600F0EEFEEB69E060DB680BB9002037
:10D4F00070BD53F8260030B1026843F8262000239F
:10D50000C0E90333F4E7012101FA06F4621D920039
:10D51000284600F0D6FE0028E9D0C0E90164EEE715
:10D520003EF30008C9F4000870B5C66905460C460C
:10D5300076B91020FFF7F2FE0246E86120B9094BE8
:10D5400009488F21FEF7E2FCC0E901660660C6606B
:10D550003CB1EB696268DB6853F82210216043F844
:10D56000224070BD3EF30008C9F400082DE9F041E7
:10D570000D6907460C461E4601F1140C0020DCF82C
:10D58000003099B202FB01611E0C0B0C02FB06334A
:10D5900089B2013001EB034185424CF8041B4FEA8C
:10D5A0001346ECDC0EB3A368AB4219DC6168384665
:10D5B0000131FFF77BFF804628B902460C4B0D482E
:10D5C000BA21FEF7A3FC2269023204F10C01920099
:10D5D0000C30FEF77EFC21463846FFF7A5FF444697
:10D5E00004EB850301355E6125612046BDE8F081CD
:10D5F00058F40008C9F400082DE9F8430C46154614
:10D600001F4609220833064693FBF2F3002101224C
:10D610009A4209DB3046FFF749FF40B90246194BF1
:10D620001948D321FEF772FC52000131F0E7089B44
:10D630004361092D4FF00103036116DD04F1090870
:10D64000C1462C4419F8013B0146303B0A223046C2
:10D65000FFF78CFFA145F5D1A844A8F108042D1BC4
:10D6600063199F4204DCBDE8F8830A340925F6E714
:10D6700014F8013B0146303B0A223046FFF776FFA3
:10D68000EEE700BF58F40008C9F40008B0F5803F89
:10D69000034636BF030400201020B3F1807F3CBF57
:10D6A0001B020830B3F1805F3CBF1B010430B3F1B3
:10D6B000804F3CBF9B000230002B05DB13F0804FF6
:10D6C00000F1010008BF202070470368024613F0F4
:10D6D00007000BD0D90721D4980749BF5B089B08E6
:10D6E000012013605CBF13600220704799B209B932
:10D6F0001B0C1020D9B209B908301B0A190704BF46
:10D700001B090430990704BF9B080230D90703D4D2
:10D710005B0800F1010003D01360704700207047E0
:10D720002020704710B50C460121FFF7BFFE0246CE
:10D7300028B9054B054840F24511FEF7E7FB0123E8
:10D740004461036110BD00BF58F40008C9F400082B
:10D750002DE9F04FD1F81090D2F810A0D14585B046
:10D760008846144604DB53460C46CA469046994602
:10D77000A36861680AEB0906B342B8BF0131FFF73D
:10D7800095FE30B90246454B45484FF4B171FEF75E
:10D79000BDFB00F1140505EB86072B460022BB42BA
:10D7A0001FD304F1140C08F114010CEB8A0301EBF4
:10D7B000890202921A1B153A22F0030215349C4288
:10D7C00088BF00220192029A03918A420CD8002E4F
:10D7D00003DD57F8043D002B5DD0066105B0BDE8C0
:10D7E000F08F43F8042BDAE7B1F800A0BAF1000F8C
:10D7F00024D0E046A9464FF0000E58F8042BD9F883
:10D8000000401FFA82FBA4B20AFB0B444FEA124B02
:10D81000D9F8002074444FEA124E0AFB0BE202EBE7
:10D820001442A4B244EA0244434549F8044B4FEA87
:10D83000124EE2D8019AAA18C2F804E0039AB2F88C
:10D8400002800431B8F1000F23D02A68E6469146E1
:10D85000AA464FF0000BBEF8004008FB04B404EBEE
:10D86000194492B242EA04424AF8042B5EF8042BAF
:10D87000DAF800904FEA124B1FFA89F208FB0B22EC
:10D8800002EB144273454FEA124BE4D8019C2C1969
:10D890006260043597E7013E99E700BF58F400083D
:10D8A000C9F400082DE9F843174612F00302804638
:10D8B0000D4607D0264C013A002354F82220FFF7EA
:10D8C00055FE0546BF103FD0D8F81C4094B9102033
:10D8D000FFF724FD0446C8F81C0030B902461D4B72
:10D8E0001D4840F2B311FEF711FB0023C0E90133DC
:10D8F0000360C360A66846B940F271214046FFF755
:10D9000011FF0023A060064603602C464FF000097B
:10D9100007F001037F1053B1294632464046FFF716
:10D9200017FF214605464046FFF7FEFD67B1306808
:10D9300038B9324631464046FFF70AFF3060C0F83A
:10D94000009006462C46E3E72846BDE8F88300BF72
:10D9500074F800083EF30008C9F400082DE9F84FF8
:10D960000C464968236903EB6218A368074615460D
:10D970004FEA621A08F101094B450BDB3846FFF705
:10D9800095FD064648B90246294B2A484FF4EF71E7
:10D99000FEF7BCFA01315B00EEE7002300F1140C46
:10D9A00000F110021946534535DB22692AEAEA7A6A
:10D9B0000CEB8A0C04F1140315F01F0E614603EB07
:10D9C00082022CD0CEF1200A002518688B4600FA7E
:10D9D0000EF02843CBF8000053F8045B9A4201F1A3
:10D9E000040125FA0AF5F0D8131B153B23F00303B5
:10D9F00004F115018A4238BF00239C44CCF804503E
:10DA000005B9C1463846C6F810902146FFF78CFD8F
:10DA10003046BDE8F88F42F8041F0133C3E753F8DE
:10DA2000045B0D609A4201F10401F8D8E9E700BFF8
:10DA300058F40008C9F400080A6903460069801A0E
:10DA400030B50ED11433143103EB820401EB8201A3
:10DA500054F8045D51F8042D954203D005D24FF0DF
:10DA6000FF3030BDA342F3D3FBE70120F9E700000C
:10DA70002DE9F74F8A460646114650461446FFF7F1
:10DA8000DBFF051E12D129463046FFF70FFD024687
:10DA900028B9414B40F237214048FEF737FA0123BD
:10DAA000C0E90435104603B0BDE8F08FBCBF534653
:10DAB000A2463046DAF80410BABF1C4601250025FC
:10DAC000FFF7F4FC024618B9334B40F24521E3E777
:10DAD000DAF810702669C5600AF1140904F1140E11
:10DAE00000F114050AF1100309EB87080EEB860616
:10DAF0000193AB464FF0000C019B5EF8040B53F80A
:10DB000004AF01931FFA8AF3194683B2CB1A000CB3
:10DB10006344C0EB1A4000EB23409BB243EA00434E
:10DB200076454BF8043B4FEA204CE5D8331B153BB8
:10DB3000153423F00303A64238BF0023E8184B44F2
:10DB40001C1D04302646A5EB0905464506EB050ECF
:10DB50000ED308F10301091B21F00301013398459D
:10DB600038BF0021014451F8043D9BB1176199E78A
:10DB700056F8041BE2464FEA11491CFA81FC514455
:10DB800009EB2C4989B241EA09414FEA294CCEF808
:10DB90000010DAE7013FE6E758F40008C9F400088E
:10DBA00082B08DED000B019A0F4B1340A3F150731F
:10DBB000002B08DC5B42B3F1A07F4FEA235204DA6A
:10DBC0004FF400231341002208E0A2F114031E2B9E
:10DBD000DABF4FF00042DA40012200231946104616
:10DBE00041EC100B02B070470000F07F2DE9F041CE
:10DBF000066900F1140808EB8606371F56F8042C56
:10DC00001046FFF743FDC0F120030A280B601B49B3
:10DC100015DCC0F10B0C22FA0CF3B84543EA010500
:10DC200034BF56F8083C0023153002FA00F023FAFE
:10DC30000CF303431C4645EC104BBDE8F081B8459E
:10DC40003ABF56F8083CA6F1080700230B3812D05B
:10DC5000C0F1200123FA01F482402243474542F0FB
:10DC60007F558CBF57F8042C00228340CA4045F4EE
:10DC700040151343DEE742EA0105DBE70000F03F11
:10DC80002DE9F7430F46012159EC108B1646FFF79B
:10DC90000DFC044630B90246234B244840F20F31B4
:10DCA000FEF734F9C9F30A55C9F313030DB143F470
:10DCB00080130193B8F1000323D068460093FFF767
:10DCC00004FD0099D8B1019AC0F1200302FA03F3D0
:10DCD0000B43C24063610192019BA361002B0CBF07
:10DCE000012202222261A5B1A5F2334505443D601F
:10DCF000C0F135003060204603B0BDE8F0836161BB
:10DD0000EAE701A8FFF7E1FC019B636120300122F3
:10DD1000E8E704EB8203A0F2324038601869FFF7AD
:10DD2000B5FCC0EB4210E5E758F40008C9F4000860
:10DD30002DE9F04F85B0CDE9001002A9FFF756FF9D
:10DD4000009803A955EC104BFFF750FF019B196990
:10DD5000009B1B69C91ADDE902329B1A5BEC10AB10
:10DD600003EB4113002BCEBF2A46C3EB03335A46C5
:10DD70002F46D946CCBF02EB035702EB03594B4663
:10DD8000524620463946F2F731FD41EC100B05B002
:10DD9000BDE8F08F013970B549111469013102F104
:10DDA000140300EB810103EB8404051FA3420CD391
:10DDB000A31A113B23F003031132944238BF00230E
:10DDC00018440023884205D370BD53F8046B45F80E
:10DDD000046FEBE740F8043BF4E700F1140200693C
:10DDE0004B11984210B511DB0ADD11F01F0107D06D
:10DDF00052F8234024FA01F000FA01F18C420BD1D1
:10DE000002EB8303934203D8002010BD0346F7E7DB
:10DE100053F8041D0029F5D00120F6E70346084613
:10DE200041B1FF2A04D98A221A604FF0FF307047AF
:10DE30000A70012070472DE9F0478E681F46BE42E8
:10DE400082460C469046334653D8B1F90C0010F484
:10DE5000906F2BD065692368096905EB4505A3EB35
:10DE6000010905EBD5757B1C6D104B44AB422A466E
:10DE700084BF1D462A46430527D511465046FFF765
:10DE800077FA064658B321694A46FEF722F8A38975
:10DE900023F4906343F08003A381266165614E44BF
:10DEA000A5EB09052660A5603E463B461F46206857
:10DEB0003A46414600F0D4F9A3689B1BA36023684F
:10DEC0003B4423600020BDE8F087504600F00DFA87
:10DED00006460028E1D121695046FEF799FE0C2341
:10DEE000CAF80030A38943F04003A3814FF0FF300C
:10DEF000E9E73E46DBE700002DE9F0471F468B8946
:10DF00001B069CB006460D46144610D50B6973B926
:10DF10004021FFF72DFA2860286130B90C233360C7
:10DF20004FF0FF301CB0BDE8F08740236B61002349
:10DF3000099320238DF8293003973023654F8DF8FE
:10DF40002A304FF001082346994613F8012B0AB1F5
:10DF5000252AF9D1B9EB040A0BD0534622462946AB
:10DF60003046FFF768FF013000F0A480099A524460
:10DF7000099299F80030002B00F09C8000234FF0AC
:10DF8000FF32CDE9052309F10109049307938DF8C8
:10DF900053301A934C464F4814F8011B0522F3F7EF
:10DFA0000FF8049BD0B9D80644BF20228DF8532027
:10DFB000190744BF2B228DF8532099F800202A2AF4
:10DFC00013D0079A4C4600204FF00A0C214611F856
:10DFD000013B303B092B49D968B913E0C01B08FA53
:10DFE00000F018430490A146D4E7039A111D12686B
:10DFF0000391002A01DB079204E0524243F002033E
:10E000000792049323782E2B0AD163782A2B32D1DE
:10E01000039B1A1D1B68039243EAE37302340593C2
:10E02000DFF8C090217803224846F2F7C9FF38B1E3
:10E03000049BA0EB09004022824013430134049367
:10E0400014F8011B24488DF828100622F2F7B8FFB7
:10E05000002835D0214818BB039B073323F0070362
:10E0600008330393099B034409936CE70CFB0232CA
:10E070000C460120AAE700230134059319464FF00E
:10E080000A0C204610F8012B303A092A03D9002B3C
:10E09000C6D00591C4E70CFB012104460123F0E73B
:10E0A00003AB00932A460E4B04A93046FDF7DCF87B
:10E0B000421CD7D1AB895B063FF532AF099831E7F7
:10E0C00003AB00932A46064B04A93046FDF762FBDA
:10E0D000EEE700BF22F500082CF5000869B2000841
:10E0E00037DE000828F50008B1F90C202DE9F041D1
:10E0F000160705460C4651D44B68002B02DC0B6C0E
:10E10000002B49DDE66A002E46D0002312F480522F
:10E110002F682B6031D0626DA389590705D56368DC
:10E12000D21A636B0BB1236CD21A0023E66A216A00
:10E130002846B047421CB4F90C3006D129681D2985
:10E1400046D8294ACA40D60742D500226260D9047F
:10E150002269226004D5421C01D12B6803B9606595
:10E16000616B2F60C1B104F14403994202D028468B
:10E17000FEF74EFD002363630EE0216A012328466B
:10E18000B0470246501CC7D12B68002BC4D01D2BB2
:10E1900001D0162B1AD12F6000201EE00F69002F2E
:10E1A000FAD093070E6808BF4B690F6018BF0023B1
:10E1B000A6EB07088B60B8F1000FEDDD216AA66AB7
:10E1C00043463A462846B047002808DCB4F90C30EC
:10E1D00043F04003A3814FF0FF30BDE8F0810744D6
:10E1E000A8EB0008E7E700BF0100402038B50B6945
:10E1F00005460C4613B90025284638BD18B1036AF8
:10E200000BB9FDF77BFCB4F90C30002BF3D0626E38
:10E21000D00704D4990502D4A06DFDF750FE28461E
:10E220002146FFF761FF636EDA070546E4D4A38950
:10E230009B05E1D4A06DFDF743FEDDE70EB403B509
:10E24000014603AB054853F8042B0068019300F026
:10E25000A3F802B05DF804EB03B07047C4010020DE
:10E26000884210B501EB020402D98442234607D844
:10E27000431EA14207D011F8012B03F8012FF8E744
:10E280000244824200D110BD13F8011D02F8011DA5
:10E29000F7E7000038B5064D0023044608462B601A
:10E2A00000F024FB431C02D12B6803B1236038BD6E
:10E2B0008015002008B5062000F03CFA012000F08F
:10E2C0002BFB70B5A1FB025434B92946FFF750F877
:10E2D000064628B9304670BD0C2202600026F9E7D8
:10E2E0002A462146FDF7F6FCF4E72DE9F041074602
:10E2F00014460D4621B9BDE8F0411146FFF738B884
:10E300002AB9FEF785FC25462846BDE8F08100F0D5
:10E310002DFA8442064602D8B4EB500FF4D82146B9
:10E320003846FFF725F8804608B94546ECE7B44281
:10E330002246294628BF3246FDF7CBFD29463846FE
:10E34000FEF766FCF1E79368013B002B10B4936085
:10E3500008DA9469A34201DB0A2903D15DF8044B72
:10E3600000F02EB91368581C1060197008465DF84B
:10E37000044B7047F8B506460F461446D518AC4214
:10E3800001D1002007E014F8011B3A463046FFF7A0
:10E39000DAFF431CF3D1F8BD2DE9F0470D469CB0E0
:10E3A00014461F46064618B1036A0BB9FDF7A6FBD3
:10E3B0006B6ED90705D4AB899A0502D4A86DFDF719
:10E3C0007EFDAB891B0701D52B699BB929463046D9
:10E3D00000F034F970B16B6EDC0704D54FF0FF30FC
:10E3E0001CB0BDE8F087AB899805F7D4A86DFDF7A0
:10E3F00067FDF3E70023099320238DF82930039765
:10E4000030236A4F8DF82A304FF001082346994691
:10E4100013F8012B0AB1252AF9D1B9EB040A0BD064
:10E420005346224629463046FFF7A4FF013000F04C
:10E43000A480099A5244099299F80030002B00F008
:10E440009C8000234FF0FF32CDE9052309F101093B
:10E45000049307938DF853301A934C46534814F89D
:10E46000011B0522F2F7ACFD049BD0B9D90644BFCD
:10E4700020228DF853201A0744BF2B228DF85320F9
:10E4800099F800202A2A13D0079A4C4600204FF012
:10E490000A0C214611F8013B303B092B49D968B9D8
:10E4A00013E0C01B08FA00F018430490A146D4E71B
:10E4B000039A111D12680391002A01DB079204E000
:10E4C000524243F002030792049323782E2B0AD181
:10E4D00063782A2B32D1039B1A1D1B68039243EAEF
:10E4E000E37302340593DFF8D49021780322484681
:10E4F000F2F766FD38B1049BA0EB09004022824090
:10E5000013430134049314F8011B29488DF8281093
:10E510000622F2F755FD00283ED0264818BB039B83
:10E52000073323F0070308330393099B034409933C
:10E530006CE70CFB02320C460120AAE700230134F1
:10E54000059319464FF00A0C204610F8012B303A7B
:10E55000092A03D9002BC6D00591C4E70CFB012181
:10E5600004460123F0E703AB00932A46124B04A9AB
:10E570003046FCF779FE431CD7D16B6ED90705D422
:10E58000AB899A0502D4A86DFDF79AFCAB895B06AE
:10E590003FF524AF099823E703AB00932A46064BC7
:10E5A00004A93046FDF7F6F8E5E700BF22F50008BC
:10E5B0002CF5000869B2000875E3000828F500088A
:10E5C000F8B50E461446054618B1036A0BB9FDF7B7
:10E5D00095FAA369A360A3891A0701D5236943B9F2
:10E5E0002146284600F02AF818B14FF0FF37384688
:10E5F000F8BD23682269981A6369F6B283423746E8
:10E6000005DC21462846FFF7F1FD0028EDD1A3687F
:10E61000013BA36023685A1C22601E706269431C80
:10E620009A4204D0A389DB07E1D50A2EDFD1214627
:10E630002846FFF7DBFD0028D9D0D6E738B5284BB0
:10E64000054618680C4618B1036A0BB9FDF756FA6F
:10E65000B4F90C301A0721D4D80607D409222A604D
:10E6600043F04003A3814FF0FF3030E0590712D54B
:10E67000616B41B104F14403994202D02846FEF790
:10E68000C7FA002363630022B4F90C306260226988
:10E69000226023F0240343F00803A38122693AB9DE
:10E6A0009A0501D5180603D52146284600F08AF8B8
:10E6B000B4F90C3013F001020AD00022A2606269A2
:10E6C0005242A261226942B913F08000C8D138BD1C
:10E6D000990758BF6269A260F4E70020F7E700BF1E
:10E6E000C40100201F2938B505460C4604D916235D
:10E6F00003604FF0FF3038BDC26B12B152F82130C9
:10E700004BB9284600F030F8224601462846BDE8BD
:10E71000384000F017B8012B0AD0591C03D116233A
:10E7200003600120E7E7002142F8241020469847C3
:10E730000020E0E7024B01461868FFF7D3BF00BF97
:10E74000C401002038B5074D002304460846114691
:10E750002B6000F0B3F8431C02D12B6803B1236097
:10E7600038BD00BF8015002000F098B851F8043C77
:10E77000181F002BBCBF0B58C018704770B50C4653
:10E78000B1F90E10002996B015461E460ADAA18985
:10E7900011F0800113D14FF48062002031602A60B3
:10E7A00016B070BD6A4600F047F80028EFDB01990B
:10E7B00001F47041A1F5005359425941EBE70021A2
:10E7C0004022EAE78B8973B59E0705460C4607D5BC
:10E7D00004F14703236023610123636102B070BD2C
:10E7E00001AB6A46FFF7CAFF009E28463146FEF796
:10E7F000BFFDB4F90C3038B99A05EFD423F0030308
:10E8000043F00203A381E3E743F08003A381019B6C
:10E810002060C4E90406002BE0D0B4F90E102846AD
:10E8200000F01CF80028D9D0A38923F0030343F09B
:10E830000103A381D2E7000038B5074D0023044649
:10E84000084611462B6000F021F8431C02D12B68CA
:10E8500003B1236038BD00BF8015002038B5064DD8
:10E860000023044608462B6000F020F8431C02D128
:10E870002B6803B1236038BD80150020024B58225D
:10E880001A604FF0FF30704780150020024B58226D
:10E890001A604FF0FF30704780150020024B58225D
:10E8A0001A604FF0FF30704780150020024B58224D
:10E8B0001A600020704700BF80150020024B5822CC
:10E8C0001A604FF0FF30704780150020024B58222D
:10E8D0001A604FF0FF30704780150020024B58221D
:10E8E0001A604FF0FF30704780150020044A054938
:10E8F0001368002B08BF0B46184410601846704779
:10E900009015002098150020024B58221A604FF0F5
:10E91000FF30704780150020FEE700BFF8B500BF4C
:10E92000F8BC08BC9E467047F8B500BFF8BC08BCF0
:04E930009E46704748
:10E9380000000000010203040000000000000000C5
:10E948000102030406070809000800480100000046
:10E95800000800480200000000000000010050000C
:10E968008403000000080048040000000008004874
:10E9780008000000040000000100500084030000AB
:10E9880042414C4C2C003F00257320553A257520F8
:10E99800443A2575004D4F44453A25732053455157
:10E9A8003A257500454E433A252B376C640053547D
:10E9B80045503A252B356C6420493A252B342E30A6
:10E9C8006600423A252B362E316620563A252B35DD
:10E9D8002E30660042414C4C3A494E56414C49440F
:10E9E800005447543A252B362E316620563A257561
:10E9F800005049443A252B362E316600464C543A8D
:10EA08002573204F3A25303258004E4F4E4500535B
:10EA180054414C4C00564953494F4E004C494E45C1
:10EA280000535441474500535441525400524551F4
:10EA380033004142004C4150004D4F564500484F6D
:10EA48004C440053544259004C4556454C005255CD
:10EA58004E00444F4E45004641554C5400743D25E8
:10EA68006C752C73746174653D25752C6D6F6465C8
:10EA78003D25752C6661756C743D25752C73657123
:10EA88003D25752C766C3D25642C76723D25642CCD
:10EA980070776C3D25642C7077723D25642C61631A
:10EAA80074656E633D256C642C64616374656E6384
:10EAB8003D256C642C73726174653D256C642C7300
:10EAC8007461726765743D256C642C706964726149
:10EAD80074653D25642C707265663D25642C7070E4
:10EAE8006F733D25642C62693D25642C62616C6CF2
:10EAF8003D25642C7662616C6C3D25642C627265E0
:10EB0800663D25642C6C696E653D25642C6D6173CA
:10EB18006B3D253032582C62753D25752C62643D5D
:10EB280025752C6F6C65643D253032580D0A0045FB
:10EB38005252206E6F206672657368207265616C30
:10EB480020766973696F6E206D6561737572656D86
:10EB5800656E740D0A00756E6B6E6F776E00535498
:10EB680041545553206D6F64653D25752066617568
:10EB78006C743D257320656E633D256C6420646567
:10EB88006E633D256C6420737265713D256C64204D
:10EB9800736170706C6965643D256C642063726193
:10EBA80074653D256C642075696D703D256C642025
:10EBB80075706F733D256C7520756E65673D256CA6
:10EBC800752062616C6C3D252E3266207662616C20
:10EBD8006C3D252E3266206162616C6C3D252E31BC
:10EBE8006620627265663D252E3266207069643D36
:10EBF800252E316620707265663D252E316620709F
:10EC0800706F733D252E316620617069643D252E35
:10EC1800316620696E7465673D252E3166207669F8
:10EC280073696F6E3D25752063757272656E743DEC
:10EC3800257520766672616D653D256C7520767345
:10EC48003D257520766167653D256C752076706178
:10EC580067653D256C75207664743D256C75207656
:10EC68006D61783D256C7520766163633D256C7513
:10EC7800207672656A3D256C75207365713D257532
:10EC880020656C61707365643D256C75206F6C65DB
:10EC9800643D253032580D0A004641554C54202514
:10ECA800730D0A006F6E006F6666002009006265CA
:10ECB8006E636800455252206E6F726D616C206100
:10ECC8007070206D75737420626520696E2073748E
:10ECD800616E6462790D0A004F4B20737465707021
:10ECE80065722076697375616C2D6F6E6C79206220
:10ECF800656E6368206163746976653B20636F6D38
:10ED08006D616E6420706F736520707265736572D3
:10ED18007665640D0A004F4B2062656E6368206F4C
:10ED280066660D0A006170700072657133004F4BA2
:10ED3800206E6F726D616C206170702072657175E4
:10ED48006972656D656E74203320726571756573BF
:10ED58007465640D0A00737461747573004F4B20F9
:10ED680073746F707065640D0A00636C656172007E
:10ED78004F4B206661756C7420636C6561726564C5
:10ED88000D0A007A65726F004552522073746F70D5
:10ED9800206265666F7265207A65726F0D0A004F92
:10EDA8004B206163747561746F7220656E636F6464
:10EDB800657220646562756720636F756E74207A6A
:10EDC80065726F65640D0A00646961670072657336
:10EDD8006574004F4B206163747561746F722064B1
:10EDE8006961676E6F7374696373207265736574A4
:10EDF8000D0A0072756E004552522072756E206CB5
:10EE0800696D6974202B2F2D20256420737465701B
:10EE1800732F732C20312E2E256C75206D732C20AA
:10EE28003C3D256C752070756C7365730D0A004543
:10EE380052522072756E2070756C7365206275640D
:10EE4800676574203C3D256C753B20726174652AAA
:10EE58006D73206D757374206265203C3D256C755B
:10EE68000D0A004F4B2072756E20726174653D2546
:10EE78006C642073746570732F73206D733D256CFB
:10EE8800640D0A0062616C6C0073657175656E6370
:10EE980065004552522062616C6C206D7573742058
:10EEA8007374617274206174204F20776974686983
:10EEB8006E202B2F2D252E3166206D6D0D0A004FEB
:10EEC8004B2076697375616C20737465702D72615F
:10EED80074652073657175656E63652030202D3EFD
:10EEE800202B3530202D3E202D3530207374617253
:10EEF8007465640D0A004552522074617267657426
:10EF0800206C696D6974202B2F2D252E3166206D9C
:10EF18006D0D0A004F4B2076697375616C20737410
:10EF280065702D726174652062616C6C2074617209
:10EF38006765743D252E3266206D6D0D0A007A6571
:10EF4800726F63746C007374617274004F4B206944
:10EF58006E646570656E64656E74206D6F76696E3B
:10EF6800672D7A65726F20636F6E74726F6C6C6553
:10EF78007220737461727465640D0A006761696E4A
:10EF880000455252207A65726F206761696E73205E
:10EF980072657175697265206B78206B76206B6974
:10EFA800206B71203E3D3020616E642066696E6979
:10EFB8007465206B610D0A004F4B207A65726F20D3
:10EFC8006761696E73206B783D252E3366206B76FA
:10EFD8003D252E3366206B693D252E3366206B71E7
:10EFE8003D252E3366206B613D252E33660D0A00C4
:10EFF8006C696D6974004F4B207A65726F206C697B
:10F008006D69747320726174653D252E30662070B9
:10F018006F73653D252E30660D0A004F4B206261E7
:10F028006C6C206761696E73206B703D252E3366AA
:10F03800206B693D252E3366206B643D252E336693
:10F04800207369676E3D252E30660D0A0061636383
:10F05800656C004F4B2062616C6C20616363656C6A
:10F0680065726174696F6E206761696E206B613DBE
:10F07800252E33660D0A0072617465004F4B2062BD
:10F08800616C6C2072617465206C696D69743D25D2
:10F098002E30662073746570732F730D0A006361D8
:10F0A800746368004F4B20737461746963207265E0
:10F0B8006C656173652063617463682025730D0A4C
:10F0C800004F4B2073747265616D206F66660D0A80
:10F0D800004552522073747265616D2070657269C3
:10F0E8006F642032302E2E32303030206D730D0A8E
:10F0F800004F4B2073747265616D206F6E20256C14
:10F1080064206D730D0A0068656C700062656E633B
:10F1180068206F6E7C6F66663B2061707020726538
:10F1280071333B207A65726F3B2064696167207296
:10F13800657365743B2072756E203C7374657073DB
:10F148002F733E203C6D733E3B2062616C6C203C0B
:10F158006D6D3E7C73657175656E63653B207A6580
:10F16800726F63746C2073746172743B2067616999
:10F178006E2062616C6C203C6B703E203C6B693E7B
:10F18800203C6B643E203C7369676E3E3B206761A0
:10F19800696E20616363656C203C6B613E3B206750
:10F1A80061696E207A65726F203C6B783E203C6BFB
:10F1B800763E203C6B693E203C6B713E203C6B6187
:10F1C8003E3B206C696D6974207A65726F203C72D1
:10F1D8006174653E203C706F73653E3B206C696DC1
:10F1E80069742072617465203C73746570732F7341
:10F1F8003E3B206361746368206F6E7C6F66663B7C
:10F20800207374617475733B2073747265616D202B
:10F218006F6E205B6D735D7C6F66663B2073746FE9
:10F22800703B20636C6561720D0A0045525220756F
:10F238006E6B6E6F776E20636F6D6D616E643B20D1
:10F248007573652068656C700D0A0045525220631D
:10F258006F6D6D616E6420746F6F206C6F6E670DDB
:10F268000A004F4B2072756E20636F6D706C657469
:10F27800650D0A004F4B2062616C6C2073657175D7
:10F28800656E636520636F6D706C65746520656C71
:10F2980061707365643D256C75206D733B20686FE4
:10F2A8006C64696E67202D3530206D6D0D0A004F36
:10F2B8004B2062616C6C20686F6C64206175746FA0
:10F2C8002D73746F700D0A0073747265616D006E32
:10F2D8006F6E65006573746F70007374616C6C0099
:10F2E800766973696F6E5F74696D656F75740073A5
:10F2F800657175656E63655F74696D656F757400BA
:10F308002E00494E4600696E66004E414E006E6101
:10F318006E003000303132333435363738394142B7
:10F328004344454600303132333435363738396155
:10F338006263646566005245454E54206D616C6C8D
:10F348006F6320737563636565646564002F627518
:10F35800696C642F676E752D746F6F6C732D666F93
:10F36800722D73746D33325F31342E332E72656CA7
:10F37800312E32303235313032372D303730302F70
:10F388007372632F6E65776C69622F6E65776C692F
:10F39800622F6C6962632F737472696E672F73745E
:10F3A80072746F6B2E63004300504F534958002C02
:10F3B8002066756E6374696F6E3A200061737365B9
:10F3C8007274696F6E2022257322206661696C65EC
:10F3D800643A2066696C6520222573222C206C69AA
:10F3E8006E65202564257325730A00496E66696E6B
:10F3F800697479004E614E002F6275696C642F67DD
:10F408006E752D746F6F6C732D666F722D73746DBE
:10F4180033325F31342E332E72656C312E323032F6
:10F4280035313032372D303730302F7372632F6ECD
:10F4380065776C69622F6E65776C69622F6C69629B
:10F44800632F7374646C69622F64746F612E630038
:10F4580042616C6C6F632073756363656564656492
:10F46800002F6275696C642F676E752D746F6F6CF1
:10F47800732D666F722D73746D33325F31342E3392
:10F488002E72656C312E32303235313032372D30B4
:10F498003730302F7372632F6E65776C69622F6E09
:10F4A80065776C69622F6C6962632F7374646C6929
:10F4B800622F6764746F612D6765746865782E6361
:10F4C800002F6275696C642F676E752D746F6F6C91
:10F4D800732D666F722D73746D33325F31342E3332
:10F4E8002E72656C312E32303235313032372D3054
:10F4F8003730302F7372632F6E65776C69622F6EA9
:10F5080065776C69622F6C6962632F7374646C69C8
:10F51800622F6D707265632E6300232D302B2000DF
:10F52800686C4C0065666745464700000004004863
:10F5380000040000000060C000040048000800004B
:10F54800000020C000040048001000000000C0BFF8
:10F558000004004800200000000000BF000400482C
:10F56800008000000000003F000800484000000044
:10F578000000C03F00080048800000000000204054
:10F588000008004800100000000060400201510916
:10F598000600363600000060600000080808080809
:10F5A80008083E080800000000007E1111117E7F47
:10F5B800494949363E414141227F4141221C7F4908
:10F5C8004949417F090909013E4149497A7F0808AB
:10F5D800087F00417F41002040413F017F081422FD
:10F5E800417F404040407F020C027F7F0408107F2B
:10F5F8003E4141413E7F090909063E4151215E7F56
:10F6080009192946464949493101017F01013F400D
:10F6180040403F1F2040201F3F4038403F631408B0
:10F628001463070870080761514945433E5149452D
:10F638003E00427F400042615149462141454B31DD
:10F648001814127F1027454545393C4A494930016D
:10F65800710905033649494936064949291E0000FA
:10F6680012EA000817EA00081DEA000824EA000860
:10F6780029EA00082FEA000824EA000835EA000809
:10F688003AEA00083DEA000841EA000846EA0008AC
:10F698004BEA000850EA000856EA00085AEA00084F
:10F6A8005FEA000800AED580A83FD300408D142043
:10F6B80002A1C8DA1281CFD9F1DB40A4A6AF00AE0F
:10F6C800021040B081CFA1A6A83FAD8B33C8D300AC
:10F6D800D5C0D91FDA12DB40AF787A00D7F200081C
:10F6E800DCF20008E2F20008E8F20008F7F200088D
:10F6F800010002000400060008000A000C001000C7
:10F7080020004000800000010804020408010101F3
:10F71800010101030701000034000000CEFBFFFFD8
:10F72800CB030000010000000000000035000000CD
:10F73800CEFBFFFFCB03000001000000000000002B
:10F74800BC89D897B2D29C3C33A7A8D523F64939AF
:10F758003DA7F444FD0FA5329D978CCF08BA5B25D1
:10F76800436FAC6428066811002020202020202048
:10F778002020282828282820202020202020202059
:10F788002020202020202020208810101010101069
:10F7980010101010101010101004040404040404B5
:10F7A800040404101010101010104141414141414F
:10F7B8000101010101010101010101010101010131
:10F7C8000101010110101010101042424242424241
:10F7D8000202020202020202020202020202020201
:10F7E80002020202101010102000000000000000A9
:10F7F8000000000000000000000000000000000001
:10F8080000000000000000000000000000000000F0
:10F8180000000000000000000000000000000000E0
:10F8280000000000000000000000000000000000D0
:10F8380000000000000000000000000000000000C0
:10F8480000000000000000000000000000000000B0
:10F8580000000000000000000000000000000000A0
:10F86800000000000000000000000000050000008B
:10F87800190000007D0000000080E03779C3414393
:10F88800176E05B5B5B89346F5F93FE9034F384DFE
:10F89800321D30F94877825A3CBF737FDD4F1575AA
:10F8A800000000000000F03F0000000000002440BD
:10F8B80000000000000059400000000000408F4098
:10F8C800000000000088C34000000000006AF84003
:10F8D8000000000080842E4100000000D012634127
:10F8E8000000000084D797410000000065CDCD419D
:10F8F800000000205FA00242000000E8764837427E
:10F90800000000A2941A6D42000040E59C30A2421B
:10F918000000901EC4BCD64200003426F56B0C4390
:10F928000080E03779C3414300A0D8855734764337
:10F9380000C84E676DC1AB43003D9160E458E14398
:10F94800408CB5781DAF154450EFE2D6E41A4B440D
:10F9580092D54D06CFF08044F64AE1C7022DB54452
:08F96800B49DD9794378EA440B
:08F970003813FF7F01000000C5
:04F97800050200087C
:04F97C00E10100089D
:10F980000024F40048050020000000000000C343EC
:10F990000000803F20000000FC0400200000000068
:10F9A0000000C3430000803F10000000B0040020AE
:10F9B0000000000000008045000080BF1000000033
:10F9C000000048420100000010000000000000009C
:10F9D0000300000044140020430000000000000069
:10F9E0000000000000000000000000000000000017
:10F9F00000000000000000004300000000000000C4
:10FA000000000000000000000000000000000000F6
:10FA100000000000000000004300000000000000A3
:10FA200000000000000000000000000000000000D6
:10FA30000000000000000000430000000000000083
:10FA400000000000000000000000000000000000B6
:10FA50000000000000000000430000000000000063
:10FA60000000000000000000000000000000000096
:10FA70000000000000000000430000000000000043
:10FA80000000000000000000000000000000000076
:10FA90000000000000000000430000000000000023
:10FAA0000000000000000000000000000000000056
:10FAB00000000000000000001DDE000871D40008F6
:10FAC0000000000070F7000808F30008B5EC00081B
:10FAD000B5EC0008B5EC0008B5EC0008B5EC000882
:10FAE000B5EC0008B5EC0008B5EC0008B5EC000872
:10FAF000FFFFFFFFFFFFFFFFFFFFFFFFFFFF000014
:10FB0000010041534349490000000000000000008B
:10FB100000000000000000000000000000000000E5
:10FB2000000041534349490000000000000000006C
:10FB300000000000000000000000000000000000C5
:10FB400000000000C8010020000000004414002054
:10FB5000AC1400201415002000000000000000007C
:10FB60000000000000000000000000000000000095
:10FB70000000000000000000000000000000000085
:10FB80000000000000000000000000000000000075
:04FB90000000000071
:040000050800A2A9A4
:00000001FF
