[     16] >>> stop
[     16] OK stopped
[    375] >>> clear
[    375] OK fault cleared
[    688] >>> diag reset
[    688] OK actuator diagnostics reset
[   1000] >>> gain ball 3.0 1.5 6.5 -1
[   1000] OK ball gains kp=3.000 ki=1.500 kd=6.500 sign=-1
[   1313] >>> gain accel 0.0
[   1313] OK ball acceleration gain ka=0.000
[   1625] >>> limit rate 400
[   1625] OK ball rate limit=400 steps/s
[   1938] >>> stream on 20
[   1938] OK stream on 20 ms
[   1984] STATUS mode=1 fault=none enc=864 denc=0 sreq=0 sapplied=0 crate=0 uimp=0 upos=0 uneg=0 ball=-125.00 vball=0.00 aball=0.0 bref=0.00 pid=0.0 pref=676.1 ppos=676.1 apid=0.0 integ=0.0 vision=1 current=1 vframe=13304 vs=1 vage=4 vpage=4 vdt=20 vmax=14661 vacc=11864 vrej=0 seq=0 elapsed=0 oled=3C
[   2016] STATUS mode=1 fault=none enc=864 denc=0 sreq=0 sapplied=0 crate=0 uimp=0 upos=0 uneg=0 ball=-125.00 vball=0.00 aball=0.0 bref=0.00 pid=0.0 pref=676.1 ppos=676.1 apid=0.0 integ=0.0 vision=1 current=1 vframe=13304 vs=1 vage=24 vpage=24 vdt=20 vmax=14661 vacc=11864 vrej=0 seq=0 elapsed=0 oled=3C
[   2032] STATUS mode=1 fault=none enc=864 denc=0 sreq=0 sapplied=0 crate=0 uimp=0 upos=0 uneg=0 ball=-125.00 vball=0.00 aball=0.0 bref=0.00 pid=0.0 pref=676.1 ppos=676.1 apid=0.0 integ=0.0 vision=1 current=1 vframe=13305 vs=1 vage=10 vpage=10 vdt=34 vmax=14661 vacc=11865 vrej=0 seq=0 elapsed=0 oled=3C
[   2063] STATUS mode=1 fault=none enc=864 denc=0 sreq=0 sapplied=0 crate=0 uimp=0 upos=0 uneg=0 ball=-125.00 vball=0.00 aball=0.0 bref=0.00 pid=0.0 pref=676.1 ppos=676.1 apid=0.0 integ=0.0 vision=1 current=1 vframe=13305 vs=1 vage=30 vpage=30 vdt=34 vmax=14661 vacc=11865 vrej=0 seq=0 elapsed=0 oled=3C
[   2077] STATUS mode=1 fault=none enc=864 denc=0 sreq=0 sapplied=0 crate=0 uimp=0 upos=0 uneg=0 ball=-125.00 vball=0.00 aball=0.0 bref=0.00 pid=0.0 pref=676.1 ppos=676.1 apid=0.0 integ=0.0 vision=1 current=1 vframe=13305 vs=1 vage=70 vpage=70 vdt=34 vmax=14661 vacc=11865 vrej=0 seq=0 elapsed=0 oled=3C
[   2109] STATUS mode=1 fault=none enc=864 denc=0 sreq=0 sapplied=0 crate=0 uimp=0 upos=0 uneg=0 ball=-125.00 vball=0.00 aball=0.0 bref=0.00 pid=0.0 pref=676.1 ppos=676.1 apid=0.0 integ=0.0 vision=1 current=1 vframe=13305 vs=1 vage=90 vpage=90 vdt=34 vmax=14661 vacc=11865 vrej=0 seq=0 elapsed=0 oled=3C
[   2141] STATUS mode=1 fault=none enc=864 denc=0 sreq=0 sapplied=0 crate=0 uimp=0 upos=0 uneg=0 ball=-125.00 vball=0.00 aball=0.0 bref=0.00 pid=0.0 pref=676.1 ppos=676.1 apid=0.0 integ=0.0 vision=1 current=1 vframe=13306 vs=1 vage=13 vpage=13 vdt=97 vmax=14661 vacc=11866 vrej=0 seq=0 elapsed=0 oled=3C
[   2157] STATUS mode=1 fault=none enc=864 denc=0 sreq=0 sapplied=0 crate=0 uimp=0 upos=0 uneg=0 ball=-125.00 vball=0.00 aball=0.0 bref=0.00 pid=0.0 pref=676.1 ppos=676.1 apid=0.0 integ=0.0 vision=1 current=1 vframe=13306 vs=1 vage=33 vpage=33 vdt=97 vmax=14661 vacc=11866 vrej=0 seq=0 elapsed=0 oled=3C
[   2188] STATUS mode=1 fault=none enc=864 denc=0 sreq=0 sapplied=0 crate=0 uimp=0 upos=0 uneg=0 ball=-125.00 vball=0.00 aball=0.0 bref=0.00 pid=0.0 pref=676.1 ppos=676.1 apid=0.0 integ=0.0 vision=1 current=1 vframe=13307 vs=1 vage=37 vpage=37 vdt=36 vmax=14661 vacc=11867 vrej=0 seq=0 elapsed=0 oled=3C
[   2218] STATUS mode=1 fault=none enc=864 denc=0 sreq=0 sapplied=0 crate=0 uimp=0 upos=0 uneg=0 ball=-125.00 vball=0.00 aball=0.0 bref=0.00 pid=0.0 pref=676.1 ppos=676.1 apid=0.0 integ=0.0 vision=1 current=1 vframe=13307 vs=1 vage=57 vpage=57 vdt=36 vmax=14661 vacc=11867 vrej=0 seq=0 elapsed=0 oled=3C
[   2234] STATUS mode=1 fault=none enc=864 denc=0 sreq=0 sapplied=0 crate=0 uimp=0 upos=0 uneg=0 ball=-125.00 vball=0.00 aball=0.0 bref=0.00 pid=0.0 pref=676.1 ppos=676.1 apid=0.0 integ=0.0 vision=1 current=1 vframe=13307 vs=1 vage=77 vpage=77 vdt=36 vmax=14661 vacc=11867 vrej=0 seq=0 elapsed=0 oled=3C
[   2250] STATUS mode=1 fault=none enc=864 denc=0 sr
[   2250] >>> ball 0
[   2266] eq=0 sapplied=0 crate=0 uimp=0 upos=0 uneg=0 ball=-125.00 vball=0.00 aball=0.0 bref=0.00 pid=0.0 pref=676.1 ppos=676.1 apid=0.0 integ=0.0 vision=1 current=1 vframe=13309 vs=1 vage=4 vpage=4 vdt=7 vmax=14661 vacc=11869 vrej=0 seq=0 elapsed=0 oled=3C
[   2297] STATUS mode=3 fault=none enc=866 denc=0 sreq=-300 sapplied=-300 crate=-300 uimp=-1000 upos=0 uneg=5 ball=-125.00 vball=0.00 aball=0.0 bref=0.00 pid=-400.0 pref=-523.9 ppos=675.1 apid=0.0 integ=0.0 vision=1 current=1 vframe=13310 vs=1 vage=4 vpage=4 vdt=20 vmax=14661 vacc=11870 vrej=0 seq=0 elapsed=0 oled=3C
[   2313] STATUS mode=3 fault=none enc=856 denc=-3 sreq=-400 sapplied=-400 crate=-400 uimp=-8500 upos=0 uneg=25 ball=-125.00 vball=0.00 aball=0.0 bref=0.00 pid=-400.0 pref=-523.9 ppos=667.6 apid=0.0 integ=0.0 vision=1 current=1 vframe=13310 vs=1 vage=24 vpage=24 vdt=20 vmax=14661 vacc=11870 vrej=0 seq=0 elapsed=0 oled=3C
[   2343] STATUS mode=3 fault=none enc=836 denc=-2 sreq=-400 sapplied=-400 crate=-400 uimp=-24500 upos=0 uneg=65 ball=-125.00 vball=0.00 aball=0.0 bref=0.00 pid=-400.0 pref=-523.9 ppos=651.6 apid=0.0 integ=0.0 vision=1 current=1 vframe=13311 vs=1 vage=30 vpage=30 vdt=34 vmax=14661 vacc=11871 vrej=0 seq=0 elapsed=0 oled=3C
[   2375] STATUS mode=3 fault=none enc=824 denc=-3 sreq=-400 sapplied=-400 crate=-400 uimp=-32500 upos=0 uneg=85 ball=-125.00 vball=0.00 aball=0.0 bref=0.00 pid=-400.0 pref=-523.9 ppos=643.6 apid=0.0 integ=0.0 vision=1 current=1 vframe=13311 vs=1 vage=50 vpage=50 vdt=34 vmax=14661 vacc=11871 vrej=0 seq=0 elapsed=0 oled=3C
[   2407] STATUS mode=3 fault=none enc=814 denc=-2 sreq=-400 sapplied=-400 crate=-400 uimp=-40500 upos=0 uneg=105 ball=-125.00 vball=0.00 aball=0.0 bref=0.00 pid=-400.0 pref=-523.9 ppos=635.6 apid=0.0 integ=0.0 vision=1 current=1 vframe=13311 vs=1 vage=70 vpage=70 vdt=34 vmax=14661 vacc=11871 vrej=0 seq=0 elapsed=0 oled=3C
[   2422] STATUS mode=3 fault=none enc=793 denc=-3 sreq=-400 sapplied=-400 crate=-400 uimp=-56500 upos=0 uneg=145 ball=-125.00 vball=0.00 aball=0.0 bref=0.00 pid=-400.0 pref=-523.9 ppos=619.6 apid=0.0 integ=0.0 vision=1 current=1 vframe=13312 vs=1 vage=14 vpage=14 vdt=96 vmax=14661 vacc=11872 vrej=0 seq=0 elapsed=0 oled=3C
[   2452] STATUS mode=3 fault=none enc=782 denc=-3 sreq=-400 sapplied=-400 crate=-400 uimp=-64500 upos=0 uneg=165 ball=-125.00 vball=0.00 aball=0.0 bref=0.00 pid=-400.0 pref=-523.9 ppos=611.6 apid=0.0 integ=0.0 vision=1 current=1 vframe=13313 vs=1 vage=14 vpage=14 vdt=20 vmax=14661 vacc=11873 vrej=0 seq=0 elapsed=0 oled=3C
[   2484] STATUS mode=3 fault=none enc=772 denc=-2 sreq=-400 sapplied=-400 crate=-400 uimp=-72500 upos=0 uneg=185 ball=-125.00 vball=0.00 aball=0.0 bref=0.00 pid=-400.0 pref=-523.9 ppos=603.6 apid=0.0 integ=0.0 vision=1 current=1 vframe=13313 vs=1 vage=34 vpage=34 vdt=20 vmax=14661 vacc=11873 vrej=0 seq=0 elapsed=0 oled=3C
[   2516] STATUS mode=3 fault=none enc=750 denc=-3 sreq=-400 sapplied=-400 crate=-400 uimp=-88500 upos=0 uneg=225 ball=-125.00 vball=0.00 aball=0.0 bref=0.00 pid=-400.0 pref=-523.9 ppos=587.6 apid=0.0 integ=0.0 vision=1 current=1 vframe=13314 vs=1 vage=40 vpage=40 vdt=34 vmax=14661 vacc=11874 vrej=0 seq=0 elapsed=0 oled=3C
[   2532] STATUS mode=3 fault=none enc=739 denc=-4 sreq=-400 sapplied=-400 crate=-400 uimp=-96500 upos=0 uneg=245 ball=-125.00 vball=0.00 aball=0.0 bref=0.00 pid=-400.0 pref=-523.9 ppos=579.6 apid=0.0 integ=0.0 vision=1 current=1 vframe=13314 vs=1 vage=60 vpage=60 vdt=34 vmax=14661 vacc=11874 vrej=0 seq=0 elapsed=0 oled=3C
[   2563] STATUS mode=3 fault=none enc=718 denc=-3 sreq=-400 sapplied=-400 crate=-400 uimp=-112500 upos=0 uneg=285 ball=-125.00 vball=0.00 aball=0.0 bref=0.00 pid=-400.0 pref=-523.9 ppos=563.6 apid=0.0 i
[   2563] nteg=0.0 vision=1 current=1 vframe=13315 vs=1 vage=4 vpage=4 vdt=96 vmax=14661 vacc=11875 vrej=0 seq=0 elapsed=0 oled=3C
[   2593] STATUS mode=3 fault=none enc=708 denc=-3 sreq=-400 sapplied=-400 crate=-400 uimp=-120500 upos=0 uneg=305 ball=-125.00 vball=0.00 aball=0.0 bref=0.00 pid=-400.0 pref=-523.9 ppos=555.6 apid=0.0 integ=0.0 vision=1 current=1 vframe=13316 vs=1 vage=3 vpage=3 vdt=21 vmax=14661 vacc=11876 vrej=0 seq=0 elapsed=0 oled=3C
[   2625] STATUS mode=3 fault=none enc=697 denc=-3 sreq=-400 sapplied=-400 crate=-400 uimp=-128500 upos=0 uneg=325 ball=-125.00 vball=0.00 aball=0.0 bref=0.00 pid=-400.0 pref=-523.9 ppos=547.6 apid=0.0 integ=0.0 vision=1 current=1 vframe=13316 vs=1 vage=23 vpage=23 vdt=21 vmax=14661 vacc=11876 vrej=0 seq=0 elapsed=0 oled=3C
[   2641] STATUS mode=3 fault=none enc=677 denc=-2 sreq=-400 sapplied=-400 crate=-400 uimp=-144500 upos=0 uneg=365 ball=-125.00 vball=0.00 aball=0.0 bref=0.00 pid=-400.0 pref=-523.9 ppos=531.6 apid=0.0 integ=0.0 vision=1 current=1 vframe=13317 vs=1 vage=30 vpage=30 vdt=33 vmax=14661 vacc=11877 vrej=0 seq=0 elapsed=0 oled=3C
[   2672] STATUS mode=3 fault=none enc=666 denc=-3 sreq=-400 sapplied=-400 crate=-400 uimp=-152500 upos=0 uneg=385 ball=-125.00 vball=0.00 aball=0.0 bref=0.00 pid=-400.0 pref=-523.9 ppos=523.6 apid=0.0 integ=0.0 vision=1 current=1 vframe=13317 vs=1 vage=50 vpage=50 vdt=33 vmax=14661 vacc=11877 vrej=0 seq=0 elapsed=0 oled=3C
[   2702] STATUS mode=3 fault=none enc=654 denc=-4 sreq=-400 sapplied=-400 crate=-400 uimp=-160500 upos=0 uneg=405 ball=-125.00 vball=0.00 aball=0.0 bref=0.00 pid=-400.0 pref=-523.9 ppos=515.6 apid=0.0 integ=0.0 vision=1 current=1 vframe=13317 vs=1 vage=70 vpage=70 vdt=33 vmax=14661 vacc=11877 vrej=0 seq=0 elapsed=0 oled=3C
[   2734] STATUS mode=3 fault=none enc=634 denc=-3 sreq=-400 sapplied=-400 crate=-400 uimp=-176500 upos=0 uneg=445 ball=-125.00 vball=0.00 aball=0.0 bref=0.00 pid=-400.0 pref=-523.9 ppos=499.6 apid=0.0 integ=0.0 vision=1 current=1 vframe=13318 vs=1 vage=15 vpage=15 vdt=95 vmax=14661 vacc=11878 vrej=0 seq=0 elapsed=0 oled=3C
[   2750] STATUS mode=3 fault=none enc=624 denc=-3 sreq=-400 sapplied=-400 crate=-400 uimp=-184500 upos=0 uneg=465 ball=-125.00 vball=0.00 aball=0.0 bref=0.00 pid=-400.0 pref=-523.9 ppos=491.6 apid=0.0 integ=0.0 vision=1 current=1 vframe=13319 vs=1 vage=13 vpage=13 vdt=22 vmax=14661 vacc=11879 vrej=0 seq=0 elapsed=0 oled=3C
[   2782] STATUS mode=3 fault=none enc=603 denc=-3 sreq=-400 sapplied=-400 crate=-400 uimp=-200500 upos=0 uneg=505 ball=-125.00 vball=0.00 aball=0.0 bref=0.00 pid=-400.0 pref=-523.9 ppos=475.6 apid=0.0 integ=0.0 vision=1 current=1 vframe=13320 vs=1 vage=20 vpage=20 vdt=33 vmax=14661 vacc=11880 vrej=0 seq=0 elapsed=0 oled=3C
[   2813] STATUS mode=3 fault=none enc=593 denc=-3 sreq=-400 sapplied=-400 crate=-400 uimp=-208500 upos=0 uneg=525 ball=-125.00 vball=0.00 aball=0.0 bref=0.00 pid=-400.0 pref=-523.9 ppos=467.6 apid=0.0 integ=0.0 vision=1 current=1 vframe=13320 vs=1 vage=40 vpage=40 vdt=33 vmax=14661 vacc=11880 vrej=0 seq=0 elapsed=0 oled=3C
[   2843] STATUS mode=3 fault=none enc=583 denc=-3 sreq=-400 sapplied=-400 crate=-400 uimp=-216500 upos=0 uneg=545 ball=-125.00 vball=0.00 aball=0.0 bref=0.00 pid=-400.0 pref=-523.9 ppos=459.6 apid=0.0 integ=0.0 vision=1 current=1 vframe=13320 vs=1 vage=60 vpage=60 vdt=33 vmax=14661 vacc=11880 vrej=0 seq=0 elapsed=0 oled=3C
[   2875] STATUS mode=3 fault=none enc=562 denc=-2 sreq=-400 sapplied=-400 crate=-400 uimp=-232500 upos=0 uneg=585 ball=-125.00 vball=0.00 aball=0.0 bref=0.00 pid=-400.0 pref=-523.9 ppos=443.6 apid=0.0 integ=0.0 vision=1 current=1 vframe=13321 vs=1 vage=4 vpage=4 vdt=96 vmax=14661 vacc=11881 vrej=0 seq=0 elapsed=0 oled=3C
[   2891] STATUS mode=3 fault=none enc=552 denc=-3 sreq=-400 sapplied=-400 crate=-400 uimp=-240500 upos=0 uneg=605 ball=-125.00 vball=0.00 aball=0.0 bref=0.00 pid=-400.0 pref=-523.9 ppos=435.6 apid=0.0 integ=0.0 vision=1 current=1 vframe=13322 vs=1 vage=3 vpage=3 vdt=21 vmax=14661 vacc=11882 vrej=0 seq=0 elapsed=0 oled=3C
[   2922] STATUS mode=3 fault=none enc=542 denc=-3 sreq=-400 sapplied=-400 crate=-400 uimp=-248500 upos=0 uneg=625 ball=-125.00 vball=0.00 aball=0.0 bref=0.00 pid=-400.0 pref=-523.9 ppos=427.6 apid=0.0 integ=0.0 vision=1 current=1 vframe=13322 vs=1 vage=23 vpage=23 vdt=21 vmax=14661 vacc=11882 vrej=0 seq=0 elapsed=0 oled=3C
[   2952] STATUS mode=3 fault=none enc=522 denc=-2 sreq=-400 sapplied=-400 crate=-400 uimp=-264500 upos=0 uneg=665 ball=-125.00 vball=0.00 aball=0.0 bref=0.00 pid=-400.0 pref=-523.9 ppos=411.6 apid=0.0 integ=0.0 vision=1 current=1 vframe=13323 vs=1 vage=29 vpage=29 vdt=34 vmax=14661 vacc=11883 vrej=0 seq=0 elapsed=0 oled=3C
[   2984] STATUS mode=3 fault=none enc=512 denc=-2 sreq=-400 sapplied=-400 crate=-400 uimp=-272500 upos=0 uneg=685 ball=-125.00 vball=0.00 aball=0.0 bref=0.00 pid=-400.0 pref=-523.9 ppos=403.6 apid=0.0 integ=0.0 vision=1 current=1 vframe=13323 vs=1 vage=49 vpage=49 vdt=34 vmax=14661 vacc=11883 vrej=0 seq=0 elapsed=0 oled=3C
[   3000] STATUS mode=3 fault=none enc=491 denc=-3 sreq=-400 sapplied=-400 crate=-400 uimp=-288500 upos=0 uneg=725 ball=-125.00 vball=0.00 aball=0.0 bref=0.00 pid=-400.0 pref=-523.9 ppos=387.6 apid=0.0 integ=0.0 vision=1 current=1 vframe=13323 vs=1 vage=89 vpage=89 vdt=34 vmax=14661 vacc=11883 vrej=0 seq=0 elapsed=0 oled=3C
[   3032] STATUS mode=3 fault=none enc=481 denc=-2 sreq=-400 sapplied=-400 crate=-400 uimp=-296500 upos=0 uneg=745 ball=-125.00 vball=0.00 aball=0.0 bref=0.00 pid=-400.0 pref=-523.9 ppos=379.6 apid=0.0 integ=0.0 vision=1 current=1 vframe=13324 vs=1 vage=15 vpage=15 vdt=94 vmax=14661 vacc=11884 vrej=0 seq=0 elapsed=0 oled=3C
[   3063] STATUS mode=3 fault=none enc=471 denc=-3 sreq=-400 sapplied=-400 crate=-400 uimp=-304500 upos=0 uneg=765 ball=-125.00 vball=0.00 aball=0.0 bref=0.00 pid=-400.0 pref=-523.9 ppos=371.6 apid=0.0 integ=0.0 vision=1 current=1 vframe=13325 vs=1 vage=13 vpage=13 vdt=22 vmax=14661 vacc=11885 vrej=0 seq=0 elapsed=0 oled=3C
[   3093] STATUS mode=3 fault=none enc=451 denc=-2 sreq=-400 sapplied=-400 crate=-400 uimp=-320500 upos=0 uneg=805 ball=-125.00 vball=0.00 aball=0.0 bref=0.00 pid=-400.0 pref=-523.9 ppos=355.6 apid=0.0 integ=0.0 vision=1 current=1 vframe=13326 vs=1 vage=20 vpage=20 vdt=33 vmax=14661 vacc=11886 vrej=0 seq=0 elapsed=0 oled=3C
[   3109] STATUS mode=3 fault=none enc=441 denc=-2 sreq=-400 sapplied=-400 crate=-400 uimp=-328500 upos=0 uneg=825 ball=-125.00 vball=0.00 aball=0.0 bref=0.00 pid=-400.0 pref=-523.9 ppos=347.6 apid=0.0 integ=0.0 vision=1 current=1 vframe=13326 vs=1 vage=40 vpage=40 vdt=33 vmax=14661 vacc=11886 vrej=0 seq=0 elapsed=0 oled=3C
[   3141] STATUS mode=3 fault=none enc=431 denc=-3 sreq=-400 sapplied=-400 crate=-400 uimp=-336500 upos=0 uneg=845 ball=-125.00 vball=0.00 aball=0.0 bref=0.00 pid=-400.0 pref=-523.9 ppos=339.6 apid=0.0 integ=0.0 vision=1 current=1 vframe=13326 vs=1 vage=60 vpage=60 vdt=33 vmax=14661 vacc=11886 vrej=0 seq=0 elapsed=0 oled=3C
[   3172] STATUS mode=3 fault=none enc=410 denc=-3 sreq=-400 sapplied=-400 crate=-400 uimp=-352500 upos=0 uneg=885 ball=-125.00 vball=0.00 aball=0.0 bref=0.00 pid=-400.0 pref=-523.9 ppos=323.6 apid=0.0 integ=0.0 vision=1 current=1 vframe=13327 vs=1 vage=4 vpage=4 vdt=96 vmax=14661 vacc=11887 vrej=0 seq=0 elapsed=0 oled=3C
[   3202] STATUS mode=3 fault=none enc=400 denc=-3 sreq=-400 sapplied=-400 crate=-400 uimp=-360500 upos=0 uneg=905 ball=-125.00 vball=0.00 aball=0.0 bref=0.00 pid=-400.0 pref=-523.9 ppos=315.6 apid=0.0 integ=0.0 vision=1 current=1 vframe=13327 vs=1 vage=24 vpage=24 vdt=96 vmax=14661 vacc=11887 vrej=0 seq=0 elapsed=0 oled=3C
[   3218] STATUS mode=3 fault=none enc=381 denc=-2 sreq=-400 sapplied=-400 crate=-400 uimp=-376500 upos=0 uneg=945 ball=-125.00 vball=0.00 aball=0.0 bref=0.00 pid=-400.0 pref=-523.9 ppos=299.6 apid=0.0 integ=0.0 vision=1 current=1 vframe=13328 vs=1 vage=27 vpage=27 vdt=37 vmax=14661 vacc=11888 vrej=0 seq=0 elapsed=0 oled=3C
[   3250] STATUS mode=3 fault=none enc=370 denc=-3 sreq=-400 sapplied=-400 crate=-400 uimp=-384500 upos=0 uneg=965 ball=-125.00 vball=0.00 aball=0.0 bref=0.00 pid=-400.0 pref=-523.9 ppos=291.6 apid=0.0 integ=0.0 vision=1 current=1 vframe=13328 vs=1 vage=47 vpage=47 vdt=37 vmax=14661 vacc=11888 vrej=0 seq=0 elapsed=0 oled=3C
[   3282] STATUS mode=3 fault=none enc=360 denc=-3 sreq=-400 sapplied=-400 crate=-400 uimp=-392500 upos=0 uneg=985 ball=-125.00 vball=0.00 aball=0.0 bref=0.00 pid=-400.0 pref=-523.9 ppos=283.6 apid=0.0 integ=0.0 vision=1 current=1 vframe=13328 vs=1 vage=67 vpage=67 vdt=37 vmax=14661 vacc=11888 vrej=0 seq=0 elapsed=0 oled=3C
[   3313] STATUS mode=3 fault=none enc=340 denc=-3 sreq=-400 sapplied=-400 crate=-400 uimp=-408500 upos=0 uneg=1025 ball=-125.00 vball=0.00 aball=0.0 bref=0.00 pid=-400.0 pref=-523.9 ppos=267.6 apid=0.0 integ=0.0 vision=1 current=1 vframe=13328 vs=1 vage=107 vpage=107 vdt=37 vmax=14661 vacc=11888 vrej=0 seq=0 elapsed=0 oled=3C
[   3327] STATUS mode=3 fault=none enc=329 denc=-3 sreq=-400 sapplied=-400 crate=-400 uimp=-416500 upos=0 uneg=1045 ball=-125.00 vball=0.00 aball=0.0 bref=0.00 pid=-400.0 pref=-523.9 ppos=259.6 apid=0.0 integ=0.0 vision=1 current=1 vframe=13330 vs=1 vage=11 vpage=11 vdt=8 vmax=14661 vacc=11890 vrej=0 seq=0 elapsed=0 oled=3C
[   3359] STATUS mode=3 fault=none enc=319 denc=-3 sreq=-400 sapplied=-400 crate=-400 uimp=-424500 upos=0 uneg=1065 ball=-125.00 vball=0.00 aball=0.0 bref=0.00 pid=-400.0 pref=-523.9 ppos=251.6 apid=0.0 integ=0.0 vision=1 current=1 vframe=13330 vs=1 vage=31 vpage=31 vdt=8 vmax=14661 vacc=11890 vrej=0 seq=0 elapsed=0 oled=3C
[   3391] STATUS mode=3 fault=none enc=298 denc=-3 sreq=-400 sapplied=-400 crate=-400 uimp=-440500 upos=0 uneg=1105 ball=-125.00 vball=0.00 aball=0.0 bref=0.00 pid=-400.0 pref=-523.9 ppos=235.6 apid=0.0 integ=0.0 vision=1 current=1 vframe=13331 vs=1 vage=36 vpage=36 vdt=35 vmax=14661 vacc=11891 vrej=0 seq=0 elapsed=0 oled=3C
[   3422] STATUS mode=3 fault=none enc=288 denc=-2 sreq=-400 sapplied=-400 crate=-400 uimp=-448500 upos=0 uneg=1125 ball=-125.00 vball=0.00 aball=0.0 bref=0.00 pid=-400.0 pref=-523.9 ppos=227.6 apid=0.0 integ=0.0 vision=1 current=1 vframe=13331 vs=1 vage=56 vpage=56 vdt=35 vmax=14661 vacc=11891 vrej=0 seq=0 elapsed=0 oled=3C
[   3452] STATUS mode=3 fault=none enc=268 denc=-2 sreq=-400 sapplied=-400 crate=-400 uimp=-464500 upos=0 uneg=1165 ball=-125.00 vball=0.00 aball=0.0 bref=0.00 pid=-400.0 pref=-523.9 ppos=211.6 apid=0.0 integ=0.0 vision=1 current=1 vframe=13331 vs=1 vage=96 vpage=96 vdt=35 vmax=14661 vacc=11891 vrej=0 seq=0 elapsed=0 oled=3C
[   3468] STATUS mode=3 fault=none enc=258 denc=-2 sreq=-400 sapplied=-400 crate=-400 uimp=-472500 upos=0 uneg=1185 ball=-125.00 vball=0.00 aball=0.0 bref=0.00 pid=-400.0 pref=-523.9 ppos=203.6 apid=0.0 integ=0.0 vision=1 current=1 vframe=13332 vs=1 vage=6 vpage=6 vdt=110 vmax=14661 vacc=11892 vrej=0 seq=0 elapsed=0 oled=3C
[   3500] STATUS mode=3 fault=none enc=247 denc=-2 sreq=-400 sapplied=-400 crate=-400 uimp=-480500 upos=0 uneg=1205 ball=-125.00 vball=0.00 aball=0.0 bref=0.00 pid=-400.0 pref=-523.9 ppos=195.6 apid=0.0 integ=0.0 vision=1 current=1 vframe=13333 vs=1 vage=18 vpage=18 vdt=8 vmax=14661 vacc=11893 vrej=0 seq=0 elapsed=0 oled=3C
[   3532] STATUS mode=3 fault=none enc=227 denc=-2 sreq=-400 sapplied=-400 crate=-400 uimp=-496500 upos=0 uneg=1245 ball=-125.00 vball=0.00 aball=0.0 bref=0.00 pid=-400.0 pref=-523.9 ppos=179.6 apid=0.0 integ=0.0 vision=1 current=1 vframe=13334 vs=1 vage=27 vpage=27 vdt=31 vmax=14661 vacc=11894 vrej=0 seq=0 elapsed=0 oled=3C
[   3563] STATUS mode=3 fault=none enc=216 denc=-3 sreq=-400 sapplied=-400 crate=-400 uimp=-504500 upos=0 uneg=1265 ball=-125.00 vball=0.00 aball=0.0 bref=0.00 pid=-400.0 pref=-523.9 ppos=171.6 apid=0.0 integ=0.0 vision=1 current=1 vframe=13335 vs=1 vage=14 vpage=14 vdt=33 vmax=14661 vacc=11895 vrej=0 seq=0 elapsed=0 oled=3C
[   3577] STATUS mode=3 fault=none enc=206 denc=-2 sreq=-400 sapplied=-400 crate=-400 uimp=-512500 upos=0 uneg=1285 ball=-125.00 vball=0.00 aball=0.0 bref=0.00 pid=-400.0 pref=-523.9 ppos=163.6 apid=0.0 integ=0.0 vision=1 current=1 vframe=13335 vs=1 vage=34 vpage=34 vdt=33 vmax=14661 vacc=11895 vrej=0 seq=0 elapsed=0 oled=3C
[   3609] STATUS mode=3 fault=none enc=186 denc=-2 sreq=-400 sapplied=-400 crate=-400 uimp=-528500 upos=0 uneg=1325 ball=-125.00 vball=0.00 aball=0.0 bref=0.00 pid=-400.0 pref=-523.9 ppos=147.6 apid=0.0 integ=0.0 vision=1 current=1 vframe=13335 vs=1 vage=74 vpage=74 vdt=33 vmax=14661 vacc=11895 vrej=0 seq=0 elapsed=0 oled=3C
[   3641] STATUS mode=3 fault=none enc=175 denc=-3 sreq=-400 sapplied=-400 crate=-400 uimp=-536500 upos=0 uneg=1345 ball=-125.00 vball=0.00 aball=0.0 bref=0.00 pid=-400.0 pref=-523.9 ppos=139.6 apid=0.0 integ=0.0 vision=1 current=1 vframe=13335 vs=1 vage=94 vpage=94 vdt=33 vmax=14661 vacc=11895 vrej=0 seq=0 elapsed=0 oled=3C
[   3672] STATUS mode=3 fault=none enc=154 denc=-3 sreq=-400 sapplied=-400 crate=-400 uimp=-552500 upos=0 uneg=1385 ball=-125.00 vball=0.00 aball=0.0 bref=0.00 pid=-400.0 pref=-523.9 ppos=123.6 apid=0.0 integ=0.0 vision=1 current=1 vframe=13337 vs=1 vage=1 vpage=1 vdt=32 vmax=14661 vacc=11897 vrej=0 seq=0 elapsed=0 oled=3C
[   3688] STATUS mode=3 fault=none enc=145 denc=-2 sreq=-400 sapplied=-400 crate=-400 uimp=-560500 upos=0 uneg=1405 ball=-125.00 vball=0.00 aball=0.0 bref=0.00 pid=-400.0 pref=-523.9 ppos=115.6 apid=0.0 integ=0.0 vision=1 current=1 vframe=13337 vs=1 vage=21 vpage=21 vdt=32 vmax=14661 vacc=11897 vrej=0 seq=0 elapsed=0 oled=3C
[   3718] STATUS mode=3 fault=none enc=134 denc=-3 sreq=-400 sapplied=-400 crate=-400 uimp=-568500 upos=0 uneg=1425 ball=-125.00 vball=0.00 aball=0.0 bref=0.00 pid=-400.0 pref=-523.9 ppos=107.6 apid=0.0 integ=0.0 vision=1 current=1 vframe=13338 vs=1 vage=8 vpage=8 vdt=33 vmax=14661 vacc=11898 vrej=0 seq=0 elapsed=0 oled=3C
[   3750] STATUS mode=3 fault=none enc=114 denc=-3 sreq=-400 sapplied=-400 crate=-400 uimp=-584500 upos=0 uneg=1465 ball=-125.00 vball=0.00 aball=0.0 bref=0.00 pid=-400.0 pref=-523.9 ppos=91.6 apid=0.0 integ=0.0 vision=1 current=1 vframe=13338 vs=1 vage=48 vpage=48 vdt=33 vmax=14661 vacc=11898 vrej=0 seq=0 elapsed=0 oled=3C
[   3782] STATUS mode=3 fault=none enc=104 denc=-3 sreq=-400 sapplied=-400 crate=-400 uimp=-592500 upos=0 uneg=1485 ball=-125.00 vball=0.00 aball=0.0 bref=0.00 pid=-400.0 pref=-523.9 ppos=83.6 apid=0.0 integ=0.0 vision=1 current=1 vframe=13338 vs=1 vage=68 vpage=68 vdt=33 vmax=14661 vacc=11898 vrej=0 seq=0 elapsed=0 oled=3C
[   3797] STATUS mode=3 fault=none enc=94 denc=-3 sreq=-400 sapplied=-400 crate=-400 uimp=-600500 upos=0 uneg=1505 ball=-125.00 vball=0.00 aball=0.0 bref=0.00 pid=-400.0 pref=-523.9 ppos=75.6 apid=0.0 integ=0.0 vision=1 current=1 vframe=13338 vs=1 vage=88 vpage=88 vdt=33 vmax=14661 vacc=11898 vrej=0 seq=0 elapsed=0 oled=3C
[   3827] STATUS mode=3 fault=none enc=73 denc=-3 sreq=-400 sapplied=-400 crate=-400 uimp=-616500 upos=0 uneg=1545 ball=-125.00 vball=0.00 aball=0.0 bref=0.00 pid=-400.0 pref=-523.9 ppos=59.6 apid=0.0 integ=0.0 vision=1 current=1 vframe=13340 vs=1 vage=12 vpage=12 vdt=21 vmax=14661 vacc=11900 vrej=0 seq=0 elapsed=0 oled=3C
[   3859] STATUS mode=3 fault=none enc=64 denc=-2 sreq=-400 sapplied=-400 crate=-400 uimp=-624500 upos=0 uneg=1565 ball=-125.00 vball=0.00 aball=0.0 bref=0.00 pid=-400.0 pref=-523.9 ppos=51.6 apid=0.0 integ=0.0 vision=1 current=1 vframe=13340 vs=1 vage=32 vpage=32 vdt=21 vmax=14661 vacc=11900 vrej=0 seq=0 elapsed=0 oled=3C
[   3891] STATUS mode=3 fault=none enc=43 denc=-2 sreq=-400 sapplied=-400 crate=-400 uimp=-640500 upos=0 uneg=1605 ball=-125.00 vball=0.00 aball=0.0 bref=0.00 pid=-400.0 pref=-523.9 ppos=35.6 apid=0.0 integ=0.0 vision=1 current=1 vframe=13341 vs=1 vage=36 vpage=36 vdt=36 vmax=14661 vacc=11901 vrej=0 seq=0 elapsed=0 oled=3C
[   3907] STATUS mode=3 fault=none enc=33 denc=-3 sreq=-400 sapplied=-400 crate=-400 uimp=-648500 upos=0 uneg=1625 ball=-125.00 vball=0.00 aball=0.0 bref=0.00 pid=-400.0 pref=-523.9 ppos=27.6 apid=0.0 integ=0.0 vision=1 current=1 vframe=13341 vs=1 vage=56 vpage=56 vdt=36 vmax=14661 vacc=11901 vrej=0 seq=0 elapsed=0 oled=3C
[   3938] STATUS mode=3 fault=none enc=24 denc=-3 sreq=-400 sapplied=-400 crate=-400 uimp=-656500 upos=0 uneg=1645 ball=-125.00 vball=0.00 aball=0.0 bref=0.00 pid=-400.0 pref=-523.9 ppos=19.6 apid=0.0 integ=0.0 vision=1 current=1 vframe=13341 vs=1 vage=76 vpage=76 vdt=36 vmax=14661 vacc=11901 vrej=0 seq=0 elapsed=0 oled=3C
[   3968] STATUS mode=3 fault=none enc=3 denc=-3 sreq=-400 sapplied=-400 crate=-400 uimp=-672500 upos=0 uneg=1685 ball=-125.00 vball=0.00 aball=0.0 bref=0.00 pid=-400.0 pref=-523.9 ppos=3.6 apid=0.0 integ=0.0 vision=1 current=1 vframe=13342 vs=1 vage=19 vpage=19 vdt=97 vmax=14661 vacc=11902 vrej=0 seq=0 elapsed=0 oled=3C
[   4000] STATUS mode=3 fault=none enc=-7 denc=-3 sreq=-400 sapplied=-400 crate=-400 uimp=-680500 upos=0 uneg=1705 ball=-125.00 vball=0.00 aball=0.0 bref=0.00 pid=-400.0 pref=-523.9 ppos=-4.4 apid=0.0 integ=0.0 vision=1 current=1 vframe=13343 vs=1 vage=19 vpage=19 vdt=20 vmax=14661 vacc=11903 vrej=0 seq=0 elapsed=0 oled=3C
[   4016] STATUS mode=3 fault=none enc=-16 denc=-2 sreq=-400 sapplied=-400 crate=-400 uimp=-688500 upos=0 uneg=1725 ball=-125.00 vball=0.00 aball=0.0 bref=0.00 pid=-400.0 pref=-523.9 ppos=-12.4 apid=0.0 integ=0.0 vision=1 current=1 vframe=13344 vs=1 vage=7 vpage=7 vdt=32 vmax=14661 vacc=11904 vrej=0 seq=0 elapsed=0 oled=3C
[   4047] STATUS mode=3 fault=none enc=-36 denc=-2 sreq=-400 sapplied=-400 crate=-400 uimp=-704500 upos=0 uneg=1765 ball=-125.00 vball=0.00 aball=0.0 bref=0.00 pid=-400.0 pref=-523.9 ppos=-28.4 apid=0.0 integ=0.0 vision=1 current=1 vframe=13344 vs=1 vage=47 vpage=47 vdt=32 vmax=14661 vacc=11904 vrej=0 seq=0 elapsed=0 oled=3C
[   4077] STATUS mode=3 fault=none enc=-46 denc=-2 sreq=-400 sapplied=-400 crate=-400 uimp=-712500 upos=0 uneg=1785 ball=-125.00 vball=0.00 aball=0.0 bref=0.00 pid=-400.0 pref=-523.9 ppos=-36.4 apid=0.0 integ=0.0 vision=1 current=1 vframe=13344 vs=1 vage=67 vpage=67 vdt=32 vmax=14661 vacc=11904 vrej=0 seq=0 elapsed=0 oled=3C
[   4109] STATUS mode=3 fault=none enc=-66 denc=-3 sreq=-400 sapplied=-400 crate=-400 uimp=-728500 upos=0 uneg=1825 ball=-125.00 vball=0.00 aball=0.0 bref=0.00 pid=-400.0 pref=-523.9 ppos=-52.4 apid=0.0 integ=0.0 vision=1 current=1 vframe=13345 vs=1 vage=6 vpage=6 vdt=101 vmax=14661 vacc=11905 vrej=0 seq=0 elapsed=0 oled=3C
[   4141] STATUS mode=3 fault=none enc=-76 denc=-3 sreq=-400 sapplied=-400 crate=-400 uimp=-736500 upos=0 uneg=1845 ball=-125.00 vball=0.00 aball=0.0 bref=0.00 pid=-400.0 pref=-523.9 ppos=-60.4 apid=0.0 integ=0.0 vision=1 current=1 vframe=13345 vs=1 vage=26 vpage=26 vdt=101 vmax=14661 vacc=11905 vrej=0 seq=0 elapsed=0 oled=3C
[   4157] STATUS mode=3 fault=none enc=-86 denc=-3 sreq=-400 sapplied=-400 crate=-400 uimp=-744500 upos=0 uneg=1865 ball=-125.00 vball=0.00 aball=0.0 bref=0.00 pid=-400.0 pref=-523.9 ppos=-68.4 apid=0.0 integ=0.0 vision=1 current=1 vframe=13346 vs=1 vage=13 vpage=13 vdt=33 vmax=14661 vacc=11906 vrej=0 seq=0 elapsed=0 oled=3C
[   4188] STATUS mode=3 fault=none enc=-106 denc=-3 sreq=-400 sapplied=-400 crate=-400 uimp=-760500 upos=0 uneg=1905 ball=-125.00 vball=0.00 aball=0.0 bref=0.00 pid=-400.0 pref=-523.9 ppos=-84.4 apid=0.0 integ=0.0 vision=1 current=1 vframe=13347 vs=1 vage=20 vpage=20 vdt=33 vmax=14661 vacc=11907 vrej=0 seq=0 elapsed=0 oled=3C
[   4218] STATUS mode=3 fault=none enc=-116 denc=-3 sreq=-400 sapplied=-400 crate=-400 uimp=-768500 upos=0 uneg=1925 ball=-125.00 vball=0.00 aball=0.0 bref=0.00 pid=-400.0 pref=-523.9 ppos=-92.4 apid=0.0 integ=0.0 vision=1 current=1 vframe=13347 vs=1 vage=40 vpage=40 vdt=33 vmax=14661 vacc=11907 vrej=0 seq=0 elapsed=0 oled=3C
[   4250] STATUS mode=3 fault=none enc=-135 denc=-2 sreq=-400 sapplied=-400 crate=-400 uimp=-784500 upos=0 uneg=1965 ball=-125.00 vball=0.00 aball=0.0 bref=0.00 pid=-400.0 pref=-523.9 ppos=-100.4 apid=0.0 integ=0.0 vision=1 current=1 vframe=13347 vs=1 vage=60 vpage=60 vdt=33 vmax=14661 vacc=11907 vrej=0 seq=0 elapsed=0 oled=3C
[   4266] STATUS mode=3 fault=none enc=-145 denc=-2 sreq=-400 sapplied=-400 crate=-400 uimp=-792500 upos=0 uneg=1985 ball=-125.00 vball=0.00 aball=0.0 bref=0.00 pid=-400.0 pref=-523.9 ppos=-116.4 apid=0.0 integ=0.0 vision=1 current=1 vframe=13348 vs=1 vage=4 vpage=4 vdt=96 vmax=14661 vacc=11908 vrej=0 seq=0 elapsed=0 oled=3C
[   4297] STATUS mode=3 fault=none enc=-156 denc=-3 sreq=-400 sapplied=-400 crate=-400 uimp=-800500 upos=0 uneg=2005 ball=-125.00 vball=0.00 aball=0.0 bref=0.00 pid=-400.0 pref=-523.9 ppos=-124.4 apid=0.0 integ=0.0 vision=1 current=1 vframe=13348 vs=1 vage=24 vpage=24 vdt=96 vmax=14661 vacc=11908 vrej=0 seq=0 elapsed=0 oled=3C
[   4327] STATUS mode=3 fault=none enc=-176 denc=-3 sreq=-400 sapplied=-400 crate=-400 uimp=-816500 upos=0 uneg=2045 ball=-125.00 vball=0.00 aball=0.0 bref=0.00 pid=-400.0 pref=-523.9 ppos=-140.4 apid=0.0 integ=0.0 vision=1 current=1 vframe=13349 vs=1 vage=27 vpage=27 vdt=37 vmax=14661 vacc=11909 vrej=0 seq=0 elapsed=0 oled=3C
[   4359] STATUS mode=3 fault=none enc=-186 denc=-3 sreq=-400 sapplied=-400 crate=-400 uimp=-824500 upos=0 uneg=2065 ball=-125.00 vball=0.00 aball=0.0 bref=0.00 pid=-400.0 pref=-523.9 ppos=-148.4 apid=0.0 integ=0.0 vision=1 current=1 vframe=13349 vs=1 vage=47 vpage=47 vdt=37 vmax=14661 vacc=11909 vrej=0 seq=0 elapsed=0 oled=3C
[   4375] STATUS mode=3 fault=none enc=-197 denc=-3 sreq=-400 sapplied=-400 crate=-400 uimp=-832500 upos=0 uneg=2085 ball=-125.00 vball=0.00 aball=0.0 bref=0.00 pid=-400.0 pref=-523.9 ppos=-156.4 apid=0.0 integ=0.0 vision=1 current=1 vframe=13349 vs=1 vage=67 vpage=67 vdt=37 vmax=14661 vacc=11909 vrej=0 seq=0 elapsed=0 oled=3C
[   4407] STATUS mode=3 fault=none enc=-216 denc=-2 sreq=-400 sapplied=-400 crate=-400 uimp=-848500 upos=0 uneg=2125 ball=-125.00 vball=0.00 aball=0.0 bref=0.00 pid=-400.0 pref=-523.9 ppos=-172.4 apid=0.0 integ=0.0 vision=1 current=1 vframe=13350 vs=1 vage=1 vpage=1 vdt=106 vmax=14661 vacc=11910 vrej=0 seq=0 elapsed=0 oled=3C
[   4438] STATUS mode=3 fault=none enc=-227 denc=-3 sreq=-400 sapplied=-400 crate=-400 uimp=-856500 upos=0 uneg=2145 ball=-125.00 vball=0.00 aball=0.0 bref=0.00 pid=-400.0 pref=-523.9 ppos=-180.4 apid=0.0 integ=0.0 vision=1 current=1 vframe=13351 vs=1 vage=14 vpage=14 vdt=7 vmax=14661 vacc=11911 vrej=0 seq=0 elapsed=0 oled=3C
[   4468] STATUS mode=3 fault=none enc=-248 denc=-3 sreq=-400 sapplied=-400 crate=-400 uimp=-872500 upos=0 uneg=2185 ball=-125.00 vball=0.00 aball=0.0 bref=0.00 pid=-400.0 pref=-523.9 ppos=-196.4 apid=0.0 integ=0.0 vision=1 current=1 vframe=13352 vs=1 vage=17 vpage=17 vdt=37 vmax=14661 vacc=11912 vrej=0 seq=0 elapsed=0 oled=3C
[   4500] STATUS mode=3 fault=none enc=-258 denc=-3 sreq=-400 sapplied=-400 crate=-400 uimp=-880500 upos=0 uneg=2205 ball=-125.00 vball=0.00 aball=0.0 bref=0.00 pid=-400.0 pref=-523.9 ppos=-204.4 apid=0.0 integ=0.0 vision=1 current=1 vframe=13352 vs=1 vage=37 vpage=37 vdt=37 vmax=14661 vacc=11912 vrej=0 seq=0 elapsed=0 oled=3C
[   4516] STATUS mode=3 fault=none enc=-268 denc=-3 sreq=-400 sapplied=-400 crate=-400 uimp=-888500 upos=0 uneg=2225 ball=-125.00 vball=0.00 aball=0.0 bref=0.00 pid=-400.0 pref=-523.9 ppos=-212.4 apid=0.0 integ=0.0 vision=1 current=1 vframe=13352 vs=1 vage=57 vpage=57 vdt=37 vmax=14661 vacc=11912 vrej=0 seq=0 elapsed=0 oled=3C
[   4547] STATUS mode=3 fault=none enc=-288 denc=-2 sreq=-400 sapplied=-400 crate=-400 uimp=-904500 upos=0 uneg=2265 ball=-125.00 vball=0.00 aball=0.0 bref=0.00 pid=-400.0 pref=-523.9 ppos=-228.4 apid=0.0 integ=0.0 vision=1 current=1 vframe=13352 vs=1 vage=97 vpage=97 vdt=37 vmax=14661 vacc=11912 vrej=0 seq=0 elapsed=0 oled=3C
[   4577] STATUS mode=3 fault=none enc=-298 denc=-2 sreq=-400 sapplied=-400 crate=-400 uimp=-912500 upos=0 uneg=2285 ball=-125.00 vball=0.00 aball=0.0 bref=0.00 pid=-400.0 pref=-523.9 ppos=-236.4 apid=0.0 integ=0.0 vision=1 current=1 vframe=13352 vs=1 vage=117 vpage=117 vdt=37 vmax=14661 vacc=11912 vrej=0 seq=0 elapsed=0 oled=3C
[   4609] STATUS mode=3 fault=none enc=-319 denc=-2 sreq=-400 sapplied=-400 crate=-400 uimp=-928500 upos=0 uneg=2325 ball=-125.00 vball=0.00 aball=0.0 bref=0.00 pid=-400.0 pref=-523.9 ppos=-252.4 apid=0.0 integ=0.0 vision=1 current=1 vframe=13354 vs=1 vage=23 vpage=23 vdt=8 vmax=14661 vacc=11914 vrej=0 seq=0 elapsed=0 oled=3C
[   4641] STATUS mode=3 fault=none enc=-329 denc=-2 sreq=-400 sapplied=-400 crate=-400 uimp=-936500 upos=0 uneg=2345 ball=-125.00 vball=0.00 aball=0.0 bref=0.00 pid=-400.0 pref=-523.9 ppos=-260.4 apid=0.0 integ=0.0 vision=1 current=1 vframe=13355 vs=1 vage=10 vpage=10 vdt=33 vmax=14661 vacc=11915 vrej=0 seq=0 elapsed=0 oled=3C
[   4657] STATUS mode=3 fault=none enc=-339 denc=-2 sreq=-400 sapplied=-400 crate=-400 uimp=-944500 upos=0 uneg=2365 ball=-125.00 vball=0.00 aball=0.0 bref=0.00 pid=-400.0 pref=-523.9 ppos=-268.4 apid=0.0 integ=0.0 vision=1 current=1 vframe=13355 vs=1 vage=30 vpage=30 vdt=33 vmax=14661 vacc=11915 vrej=0 seq=0 elapsed=0 oled=3C
[   4688] STATUS mode=3 fault=none enc=-360 denc=-3 sreq=-400 sapplied=-400 crate=-400 uimp=-960500 upos=0 uneg=2405 ball=-125.00 vball=0.00 aball=0.0 bref=0.00 pid=-400.0 pref=-523.9 ppos=-284.4 apid=0.0 integ=0.0 vision=1 current=1 vframe=13356 vs=1 vage=37 vpage=37 vdt=33 vmax=14661 vacc=11916 vrej=0 seq=0 elapsed=0 oled=3C
[   4718] STATUS mode=3 fault=none enc=-370 denc=-3 sreq=-400 sapplied=-400 crate=-400 uimp=-968500 upos=0 uneg=2425 ball=-125.00 vball=0.00 aball=0.0 bref=0.00 pid=-400.0 pref=-523.9 ppos=-292.4 apid=0.0 integ=0.0 vision=1 current=1 vframe=13356 vs=1 vage=57 vpage=57 vdt=33 vmax=14661 vacc=11916 vrej=0 seq=0 elapsed=0 oled=3C
[   4750] STATUS mode=3 fault=none enc=-390 denc=-3 sreq=-400 sapplied=-400 crate=-400 uimp=-984500 upos=0 uneg=2445 ball=-125.00 vball=0.00 aball=0.0 bref=0.00 pid=-400.0 pref=-523.9 ppos=-300.4 apid=0.0 integ=0.0 vision=1 current=1 vframe=13356 vs=1 vage=77 vpage=77 vdt=33 vmax=14661 vacc=11916 vrej=0 seq=0 elapsed=0 oled=3C
[   4766] STATUS mode=3 fault=none enc=-400 denc=-2 sreq=-400 sapplied=-400 crate=-400 uimp=-992500 upos=0 uneg=2485 ball=-125.00 vball=0.00 aball=0.0 bref=0.00 pid=-400.0 pref=-523.9 ppos=-316.4 apid=0.0 integ=0.0 vision=1 current=1 vframe=13357 vs=1 vage=16 vpage=16 vdt=101 vmax=14661 vacc=11917 vrej=0 seq=0 elapsed=0 oled=3C
[   4797] STATUS mode=3 fault=none enc=-410 denc=-2 sreq=-400 sapplied=-400 crate=-400 uimp=-1000500 upos=0 uneg=2505 ball=-125.00 vball=0.00 aball=0.0 bref=0.00 pid=-400.0 pref=-523.9 ppos=-324.4 apid=0.0 integ=0.0 vision=1 current=1 vframe=13358 vs=1 vage=4 vpage=4 vdt=32 vmax=14661 vacc=11918 vrej=0 seq=0 elapsed=0 oled=3C
[   4827] STATUS mode=3 fault=none enc=-430 denc=-2 sreq=-400 sapplied=-400 crate=-400 uimp=-1016500 upos=0 uneg=2545 ball=-125.00 vball=0.00 aball=0.0 bref=0.00 pid=-400.0 pref=-523.9 ppos=-340.4 apid=0.0 integ=0.0 vision=1 current=1 vframe=13359 vs=1 vage=11 vpage=11 vdt=33 vmax=14661 vacc=11919 vrej=0 seq=0 elapsed=0 oled=3C
[   4859] STATUS mode=3 fault=none enc=-440 denc=-2 sreq=-400 sapplied=-400 crate=-400 uimp=-1024500 upos=0 uneg=2565 ball=-125.00 vball=0.00 aball=0.0 bref=0.00 pid=-400.0 pref=-523.9 ppos=-348.4 apid=0.0 integ=0.0 vision=1 current=1 vframe=13359 vs=1 vage=31 vpage=31 vdt=33 vmax=14661 vacc=11919 vrej=0 seq=0 elapsed=0 oled=3C
[   4891] STATUS mode=3 fault=none enc=-450 denc=-2 sreq=-400 sapplied=-400 crate=-400 uimp=-1032500 upos=0 uneg=2585 ball=-125.00 vball=0.00 aball=0.0 bref=0.00 pid=-400.0 pref=-523.9 ppos=-356.4 apid=0.0 integ=0.0 vision=1 current=1 vframe=13359 vs=1 vage=51 vpage=51 vdt=33 vmax=14661 vacc=11919 vrej=0 seq=0 elapsed=0 oled=3C
[   4907] STATUS mode=3 fault=none enc=-470 denc=-3 sreq=-400 sapplied=-400 crate=-400 uimp=-1048500 upos=0 uneg=2625 ball=-125.00 vball=0.00 aball=0.0 bref=0.00 pid=-400.0 pref=-523.9 ppos=-372.4 apid=0.0 integ=0.0 vision=1 current=1 vframe=13359 vs=1 vage=91 vpage=91 vdt=33 vmax=14661 vacc=11919 vrej=0 seq=0 elapsed=0 oled=3C
[   4938] STATUS mode=3 fault=none enc=-481 denc=-4 sreq=-400 sapplied=-400 crate=-400 uimp=-1056500 upos=0 uneg=2645 ball=-125.00 vball=0.00 aball=0.0 bref=0.00 pid=-400.0 pref=-523.9 ppos=-380.4 apid=0.0 integ=0.0 vision=1 current=1 vframe=13360 vs=1 vage=7 vpage=7 vdt=104 vmax=14661 vacc=11920 vrej=0 seq=0 elapsed=0 oled=3C
[   4968] STATUS mode=3 fault=none enc=-500 denc=-2 sreq=-400 sapplied=-400 crate=-400 uimp=-1072500 upos=0 uneg=2685 ball=-125.00 vball=0.00 aball=0.0 bref=0.00 pid=-400.0 pref=-523.9 ppos=-396.4 apid=0.0 integ=0.0 vision=1 current=1 vframe=13361 vs=1 vage=15 vpage=15 vdt=32 vmax=14661 vacc=11921 vrej=0 seq=0 elapsed=0 oled=3C
[   5000] STATUS mode=3 fault=none enc=-510 denc=-3 sreq=-400 sapplied=-400 crate=-400 uimp=-1080500 upos=0 uneg=2705 ball=-125.00 vball=0.00 aball=0.0 bref=0.00 pid=-400.0 pref=-523.9 ppos=-404.4 apid=0.0 integ=0.0 vision=1 current=1 vframe=13362 vs=1 vage=3 vpage=3 vdt=32 vmax=14661 vacc=11922 vrej=0 seq=0 elapsed=0 oled=3C
[   5032] STATUS mode=3 fault=none enc=-520 denc=-2 sreq=-400 sapplied=-400 crate=-400 uimp=-1088500 upos=0 uneg=2725 ball=-125.00 vball=0.00 aball=0.0 bref=0.00 pid=-400.0 pref=-523.9 ppos=-412.4 apid=0.0 integ=0.0 vision=1 current=1 vframe=13362 vs=1 vage=23 vpage=23 vdt=32 vmax=14661 vacc=11922 vrej=0 seq=0 elapsed=0 oled=3C
[   5047] STATUS mode=3 fault=none enc=-540 denc=-3 sreq=-400 sapplied=-400 crate=-400 uimp=-1104500 upos=0 uneg=2765 ball=-125.00 vball=0.00 aball=0.0 bref=0.00 pid=-400.0 pref=-523.9 ppos=-428.4 apid=0.0 integ=0.0 vision=1 current=1 vframe=13362 vs=1 vage=63 vpage=63 vdt=32 vmax=14661 vacc=11922 vrej=0 seq=0 elapsed=0 oled=3C
[   5077] STATUS mode=3 fault=none enc=-550 denc=-3 sreq=-400 sapplied=-400 crate=-400 uimp=-1112500 upos=0 uneg=2785 ball=-125.00 vball=0.00 aball=0.0 bref=0.00 pid=-400.0 pref=-523.9 ppos=-436.4 apid=0.0 integ=0.0 vision=1 current=1 vframe=13362 vs=1 vage=83 vpage=83 vdt=32 vmax=14661 vacc=11922 vrej=0 seq=0 elapsed=0 oled=3C
[   5109] STATUS mode=3 fault=none enc=-570 denc=-2 sreq=-400 sapplied=-400 crate=-400 uimp=-1128500 upos=0 uneg=2825 ball=-125.00 vball=0.00 aball=0.0 bref=0.00 pid=-400.0 pref=-523.9 ppos=-452.4 apid=0.0 integ=0.0 vision=1 current=1 vframe=13364 vs=1 vage=5 vpage=5 vdt=21 vmax=14661 vacc=11924 vrej=0 seq=0 elapsed=0 oled=3C
[   5141] STATUS mode=3 fault=none enc=-580 denc=-3 sreq=-400 sapplied=-400 crate=-400 uimp=-1136500 upos=0 uneg=2845 ball=-125.00 vball=0.00 aball=0.0 bref=0.00 pid=-400.0 pref=-523.9 ppos=-460.4 apid=0.0 integ=0.0 vision=1 current=1 vframe=13364 vs=1 vage=25 vpage=25 vdt=21 vmax=14661 vacc=11924 vrej=0 seq=0 elapsed=0 oled=3C
[   5157] STATUS mode=3 fault=none enc=-590 denc=-3 sreq=-400 sapplied=-400 crate=-400 uimp=-1144500 upos=0 uneg=2865 ball=-125.00 vball=0.00 aball=0.0 bref=0.00 pid=-400.0 pref=-523.9 ppos=-468.4 apid=0.0 integ=0.0 vision=1 current=1 vframe=13365 vs=1 vage=13 vpage=13 vdt=32 vmax=14661 vacc=11925 vrej=0 seq=0 elapsed=0 oled=3C
[   5188] STATUS mode=3 fault=none enc=-610 denc=-2 sreq=-395 sapplied=-395 crate=-395 uimp=-1160500 upos=0 uneg=2905 ball=-125.00 vball=0.00 aball=0.0 bref=0.00 pid=-395.0 pref=-523.9 ppos=-484.4 apid=0.0 integ=0.0 vision=1 current=1 vframe=13365 vs=1 vage=53 vpage=53 vdt=32 vmax=14661 vacc=11925 vrej=0 seq=0 elapsed=0 oled=3C
[   5218] STATUS mode=3 fault=none enc=-619 denc=-3 sreq=-322 sapplied=-322 crate=-322 uimp=-1167825 upos=0 uneg=2925 ball=-125.00 vball=0.00 aball=0.0 bref=0.00 pid=-321.7 pref=-523.9 ppos=-491.7 apid=0.0 integ=0.0 vision=1 current=1 vframe=13365 vs=1 vage=73 vpage=73 vdt=32 vmax=14661 vacc=11925 vrej=0 seq=0 elapsed=0 oled=3C
[   5250] STATUS mode=3 fault=none enc=-633 denc=-2 sreq=-213 sapplied=-213 crate=-213 uimp=-1178655 upos=0 uneg=2965 ball=-125.00 vball=0.00 aball=0.0 bref=0.00 pid=-213.4 pref=-523.9 ppos=-502.5 apid=0.0 integ=0.0 vision=1 current=1 vframe=13366 vs=1 vage=16 vpage=16 vdt=97 vmax=14661 vacc=11926 vrej=0 seq=0 elapsed=0 oled=3C
[   5282] STATUS mode=3 fault=none enc=-638 denc=-2 sreq=-174 sapplied=-174 crate=-174 uimp=-1182615 upos=0 uneg=2985 ball=-125.00 vball=0.00 aball=0.0 bref=0.00 pid=-173.8 pref=-523.9 ppos=-506.5 apid=0.0 integ=0.0 vision=1 current=1 vframe=13367 vs=1 vage=15 vpage=15 vdt=21 vmax=14661 vacc=11927 vrej=0 seq=0 elapsed=0 oled=3C
[   5297] STATUS mode=3 fault=none enc=-642 denc=-2 sreq=-142 sapplied=-142 crate=-142 uimp=-1185840 upos=0 uneg=3005 ball=-125.00 vball=0.00 aball=0.0 bref=0.00 pid=-141.6 pref=-523.9 ppos=-509.7 apid=0.0 integ=0.0 vision=1 current=1 vframe=13368 vs=1 vage=3 vpage=3 vdt=32 vmax=14661 vacc=11928 vrej=0 seq=0 elapsed=0 oled=3C
[   5327] STATUS mode=3 fault=none enc=-648 denc=-1 sreq=-94 sapplied=-94 crate=-94 uimp=-1190605 upos=0 uneg=3045 ball=-125.00 vball=0.00 aball=0.0 bref=0.00 pid=-93.9 pref=-523.9 ppos=-514.5 apid=0.0 integ=0.0 vision=1 current=1 vframe=13368 vs=1 vage=43 vpage=43 vdt=32 vmax=14661 vacc=11928 vrej=0 seq=0 elapsed=0 oled=3C
[   5359] STATUS mode=3 fault=none enc=-649 denc=0 sreq=-76 sapplied=-76 crate=-76 uimp=-1192350 upos=0 uneg=3065 ball=-125.00 vball=0.00 aball=0.0 bref=0.00 pid=-76.5 pref=-523.9 ppos=-516.2 apid=0.0 integ=0.0 vision=1 current=1 vframe=13368 vs=1 vage=63 vpage=63 vdt=32 vmax=14661 vacc=11928 vrej=0 seq=0 elapsed=0 oled=3C
[   5391] STATUS mode=3 fault=none enc=-651 denc=-1 sreq=-62 sapplied=-62 crate=-62 uimp=-1193770 upos=0 uneg=3085 ball=-125.00 vball=0.00 aball=0.0 bref=0.00 pid=-62.3 pref=-523.9 ppos=-517.7 apid=0.0 integ=0.0 vision=1 current=1 vframe=13368 vs=1 vage=83 vpage=83 vdt=32 vmax=14661 vacc=11928 vrej=0 seq=0 elapsed=0 oled=3C
[   5407] STATUS mode=3 fault=none enc=-653 denc=0 sreq=-41 sapplied=-41 crate=-41 uimp=-1195865 upos=0 uneg=3125 ball=-125.00 vball=0.00 aball=0.0 bref=0.00 pid=-41.3 pref=-523.9 ppos=-519.8 apid=0.0 integ=0.0 vision=1 current=1 vframe=13370 vs=1 vage=4 vpage=4 vdt=24 vmax=14661 vacc=11930 vrej=0 seq=0 elapsed=0 oled=3C
[   5438] STATUS mode=3 fault=none enc=-654 denc=0 sreq=-34 sapplied=-34 crate=-34 uimp=-1196625 upos=0 uneg=3145 ball=-125.00 vball=0.00 aball=0.0 bref=0.00 pid=-33.7 pref=-523.9 ppos=-520.5 apid=0.0 integ=0.0 vision=1 current=1 vframe=13370 vs=1 vage=24 vpage=24 vdt=24 vmax=14661 vacc=11930 vrej=0 seq=0 elapsed=0 oled=3C
[   5468] STATUS mode=3 fault=none enc=-655 denc=0 sreq=-22 sapplied=-22 crate=-22 uimp=-1197760 upos=0 uneg=3185 ball=-125.00 vball=0.00 aball=0.0 bref=0.00 pid=-22.4 pref=-523.9 ppos=-521.6 apid=0.0 integ=0.0 vision=1 current=1 vframe=13371 vs=1 vage=32 vpage=32 vdt=32 vmax=14661 vacc=11931 vrej=0 seq=0 elapsed=0 oled=3C
[   5500] STATUS mode=3 fault=none enc=-656 denc=-1 sreq=0 sapplied=0 crate=-19 uimp=-1198075 upos=0 uneg=3200 ball=-125.00 vball=0.00 aball=0.0 bref=0.00 pid=-19.2 pref=-523.9 ppos=-522.0 apid=0.0 integ=0.0 vision=1 current=1 vframe=13371 vs=1 vage=52 vpage=52 vdt=32 vmax=14661 vacc=11931 vrej=0 seq=0 elapsed=0 oled=3C
[   5516] STATUS mode=3 fault=none enc=-656 denc=0 sreq=0 sapplied=0 crate=-19 uimp=-1198075 upos=0 uneg=3200 ball=-125.00 vball=0.00 aball=0.0 bref=0.00 pid=-19.2 pref=-523.9 ppos=-522.0 apid=0.0 integ=0.0 vision=1 current=1 vframe=13371 vs=1 vage=72 vpage=72 vdt=32 vmax=14661 vacc=11931 vrej=0 seq=0 elapsed=0 oled=3C
[   5547] STATUS mode=3 fault=none enc=-656 denc=0 sreq=0 sapplied=0 crate=-19 uimp=-1198075 upos=0 uneg=3200 ball=-125.00 vball=0.00 aball=0.0 bref=0.00 pid=-19.2 pref=-523.9 ppos=-522.0 apid=0.0 integ=0.0 vision=1 current=1 vframe=13372 vs=1 vage=14 vpage=14 vdt=98 vmax=14661 vacc=11932 vrej=0 seq=0 elapsed=0 oled=3C
[   5577] STATUS mode=3 fault=none enc=-656 denc=0 sreq=0 sapplied=0 crate=-19 uimp=-1198075 upos=0 uneg=3200 ball=-125.00 vball=0.00 aball=0.0 bref=0.00 pid=-19.2 pref=-523.9 ppos=-522.0 apid=0.0 integ=0.0 vision=1 current=1 vframe=13373 vs=1 vage=14 vpage=14 vdt=20 vmax=14661 vacc=11933 vrej=0 seq=0 elapsed=0 oled=3C
[   5609] STATUS mode=3 fault=none enc=-656 denc=0 sreq=0 sapplied=0 crate=-19 uimp=-1198075 upos=0 uneg=3200 ball=-125.00 vball=0.00 aball=0.0 bref=0.00 pid=-19.2 pref=-523.9 ppos=-522.0 apid=0.0 integ=0.0 vision=1 current=1 vframe=13374 vs=1 vage=2 vpage=2 vdt=32 vmax=14661 vacc=11934 vrej=0 seq=0 elapsed=0 oled=3C
[   5625] STATUS mode=3 fault=none enc=-656 denc=0 sreq=0 sapplied=0 crate=-19 uimp=-1198075 upos=0 uneg=3200 ball=-125.00 vball=0.00 aball=0.0 bref=0.00 pid=-19.2 pref=-523.9 ppos=-522.0 apid=0.0 integ=0.0 vision=1 current=1 vframe=13374 vs=1 vage=42 vpage=42 vdt=32 vmax=14661 vacc=11934 vrej=0 seq=0 elapsed=0 oled=3C
[   5657] STATUS mode=3 fault=none enc=-656 denc=0 sreq=0 sapplied=0 crate=-19 uimp=-1198075 upos=0 uneg=3200 ball=-125.00 vball=0.00 aball=0.0 bref=0.00 pid=-19.2 pref=-523.9 ppos=-522.0 apid=0.0 integ=0.0 vision=1 current=1 vframe=13374 vs=1 vage=62 vpage=62 vdt=32 vmax=14661 vacc=11934 vrej=0 seq=0 elapsed=0 oled=3C
[   5688] STATUS mode=3 fault=none enc=-656 denc=0 sreq=0 sapplied=0 crate=-19 uimp=-1198075 upos=0 uneg=3200 ball=-125.00 vball=0.00 aball=0.0 bref=0.00 pid=-19.2 pref=-523.9 ppos=-522.0 apid=0.0 integ=0.0 vision=1 current=1 vframe=13374 vs=1 vage=82 vpage=82 vdt=32 vmax=14661 vacc=11934 vrej=0 seq=0 elapsed=0 oled=3C
[   5702] STATUS mode=3 fault=none enc=-656 denc=0 sreq=0 sapplied=0 crate=-19 uimp=-1198075 upos=0 uneg=3200 ball=-125.00 vball=0.00 aball=0.0 bref=0.00 pid=-19.2 pref=-523.9 ppos=-522.0 apid=0.0 integ=0.0 vision=1 current=1 vframe=13376 vs=1 vage=6 vpage=6 vdt=24 vmax=14661 vacc=11936 vrej=0 seq=0 elapsed=0 oled=3C
[   5734] STATUS mode=3 fault=none enc=-656 denc=0 sreq=0 sapplied=0 crate=-19 uimp=-1198075 upos=0 uneg=3200 ball=-125.00 vball=0.00 aball=0.0 bref=0.00 pid=-19.2 pref=-523.9 ppos=-522.0 apid=0.0 integ=0.0 vision=1 current=1 vframe=13376 vs=1 vage=26 vpage=26 vdt=24 vmax=14661 vacc=11936 vrej=0 seq=0 elapsed=0 oled=3C
[   5766] STATUS mode=3 fault=none enc=-656 denc=0 sreq=0 sapplied=0 crate=-19 uimp=-1198075 upos=0 uneg=3200 ball=-125.00 vball=0.00 aball=0.0 bref=0.00 pid=-19.2 pref=-523.9 ppos=-522.0 apid=0.0 integ=0.0 vision=1 current=1 vframe=13377 vs=1 vage=12 vpage=12 vdt=34 vmax=14661 vacc=11937 vrej=0 seq=0 elapsed=0 oled=3C
[   5797] STATUS mode=3 fault=none enc=-656 denc=0 sreq=0 sapplied=0 crate=-19 uimp=-1198075 upos=0 uneg=3200 ball=-125.00 vball=0.00 aball=0.0 bref=0.00 pid=-19.2 pref=-523.9 ppos=-522.0 apid=0.0 integ=0.0 vision=1 current=1 vframe=13377 vs=1 vage=52 vpage=52 vdt=34 vmax=14661 vacc=11937 vrej=0 seq=0 elapsed=0 oled=3C
[   5813] STATUS mode=3 fault=none enc=-656 denc=0 sreq=0 sapplied=0 crate=-19 uimp=-1198075 upos=0 uneg=3200 ball=-125.00 vball=0.00 aball=0.0 bref=0.00 pid=-19.2 pref=-523.9 ppos=-522.0 apid=0.0 integ=0.0 vision=1 current=1 vframe=13377 vs=1 vage=72 vpage=72 vdt=34 vmax=14661 vacc=11937 vrej=0 seq=0 elapsed=0 oled=3C
[   5843] STATUS mode=3 fault=none enc=-656 denc=0 sreq=0 sapplied=0 crate=-19 uimp=-1198075 upos=0 uneg=3200 ball=-125.00 vball=0.00 aball=0.0 bref=0.00 pid=-19.2 pref=-523.9 ppos=-522.0 apid=0.0 integ=0.0 vision=1 current=1 vframe=13378 vs=1 vage=21 vpage=21 vdt=91 vmax=14661 vacc=11938 vrej=0 seq=0 elapsed=0 oled=3C
[   5875] STATUS mode=3 fault=none enc=-656 denc=0 sreq=0 sapplied=0 crate=-19 uimp=-1198075 upos=0 uneg=3200 ball=-125.00 vball=0.00 aball=0.0 bref=0.00 pid=-19.2 pref=-523.9 ppos=-522.0 apid=0.0 integ=0.0 vision=1 current=1 vframe=13379 vs=1 vage=16 vpage=16 vdt=25 vmax=14661 vacc=11939 vrej=0 seq=0 elapsed=0 oled=3C
[   5907] STATUS mode=3 fault=none enc=-656 denc=0 sreq=0 sapplied=0 crate=-19 uimp=-1198075 upos=0 uneg=3200 ball=-125.00 vball=0.00 aball=0.0 bref=0.00 pid=-19.2 pref=-523.9 ppos=-522.0 apid=0.0 integ=0.0 vision=1 current=1 vframe=13380 vs=1 vage=2 vpage=2 vdt=34 vmax=14661 vacc=11940 vrej=0 seq=0 elapsed=0 oled=3C
[   5922] STATUS mode=3 fault=none enc=-656 denc=0 sreq=0 sapplied=0 crate=-19 uimp=-1198075 upos=0 uneg=3200 ball=-125.00 vball=0.00 aball=0.0 bref=0.00 pid=-19.2 pref=-523.9 ppos=-522.0 apid=0.0 integ=0.0 vision=1 current=1 vframe=13380 vs=1 vage=42 vpage=42 vdt=34 vmax=14661 vacc=11940 vrej=0 seq=0 elapsed=0 oled=3C
[   5952] STATUS mode=3 fault=none enc=-656 denc=0 sreq=0 sapplied=0 crate=-19 uimp=-1198075 upos=0 uneg=3200 ball=-125.00 vball=0.00 aball=0.0 bref=0.00 pid=-19.2 pref=-523.9 ppos=-522.0 apid=0.0 integ=0.0 vision=1 current=1 vframe=13380 vs=1 vage=62 vpage=62 vdt=34 vmax=14661 vacc=11940 vrej=0 seq=0 elapsed=0 oled=3C
[   5984] STATUS mode=3 fault=none enc=-656 denc=0 sreq=0 sapplied=0 crate=-19 uimp=-1198075 upos=0 uneg=3200 ball=-125.00 vball=0.00 aball=0.0 bref=0.00 pid=-19.2 pref=-523.9 ppos=-522.0 apid=0.0 integ=0.0 vision=1 current=1 vframe=13380 vs=1 vage=82 vpage=82 vdt=34 vmax=14661 vacc=11940 vrej=0 seq=0 elapsed=0 oled=3C
[   6016] STATUS mode=3 fault=none enc=-656 denc=0 sreq=0 sapplied=0 crate=-19 uimp=-1198075 upos=0 uneg=3200 ball=-125.00 vball=0.00 aball=0.0 bref=0.00 pid=-19.2 pref=-523.9 ppos=-522.0 apid=0.0 integ=0.0 vision=1 current=1 vframe=13382 vs=1 vage=6 vpage=6 vdt=24 vmax=14661 vacc=11942 vrej=0 seq=0 elapsed=0 oled=3C
[   6032] STATUS mode=3 fault=none enc=-656 denc=0 sreq=0 sapplied=0 crate=-19 uimp=-1198075 upos=0 uneg=3200 ball=-125.00 vball=0.00 aball=0.0 bref=0.00 pid=-19.2 pref=-523.9 ppos=-522.0 apid=0.0 integ=0.0 vision=1 current=1 vframe=13382 vs=1 vage=26 vpage=26 vdt=24 vmax=14661 vacc=11942 vrej=0 seq=0 elapsed=0 oled=3C
[   6063] STATUS mode=3 fault=none enc=-656 denc=0 sreq=0 sapplied=0 crate=-19 uimp=-1198075 upos=0 uneg=3200 ball=-125.00 vball=0.00 aball=0.0 bref=0.00 pid=-19.2 pref=-523.9 ppos=-522.0 apid=0.0 integ=0.0 vision=1 current=1 vframe=13383 vs=1 vage=12 vpage=12 vdt=34 vmax=14661 vacc=11943 vrej=0 seq=0 elapsed=0 oled=3C
[   6093] STATUS mode=3 fault=none enc=-656 denc=0 sreq=0 sapplied=0 crate=-19 uimp=-1198075 upos=0 uneg=3200 ball=-125.00 vball=0.00 aball=0.0 bref=0.00 pid=-19.2 pref=-523.9 ppos=-522.0 apid=0.0 integ=0.0 vision=1 current=1 vframe=13383 vs=1 vage=52 vpage=52 vdt=34 vmax=14661 vacc=11943 vrej=0 seq=0 elapsed=0 oled=3C
[   6109] STATUS mode=3 fault=none enc=-656 denc=0 sreq=0 sapplied=0 crate=-19 uimp=-1198075 upos=0 uneg=3200 ball=-125.00 vball=0.00 aball=0.0 bref=0.00 pid=-19.2 pref=-523.9 ppos=-522.0 apid=0.0 integ=0.0 vision=1 current=1 vframe=13383 vs=1 vage=72 vpage=72 vdt=34 vmax=14661 vacc=11943 vrej=0 seq=0 elapsed=0 oled=3C
[   6141] STATUS mode=3 fault=none enc=-656 denc=0 sreq=0 sapplied=0 crate=-19 uimp=-1198075 upos=0 uneg=3200 ball=-125.00 vball=0.00 aball=0.0 bref=0.00 pid=-19.2 pref=-523.9 ppos=-522.0 apid=0.0 integ=0.0 vision=1 current=1 vframe=13383 vs=1 vage=92 vpage=92 vdt=34 vmax=14661 vacc=11943 vrej=0 seq=0 elapsed=0 oled=3C
[   6172] STATUS mode=3 fault=none enc=-656 denc=0 sreq=0 sapplied=0 crate=-19 uimp=-1198075 upos=0 uneg=3200 ball=-125.00 vball=0.00 aball=0.0 bref=0.00 pid=-19.2 pref=-523.9 ppos=-522.0 apid=0.0 integ=0.0 vision=1 current=1 vframe=13385 vs=1 vage=12 vpage=12 vdt=20 vmax=14661 vacc=11945 vrej=0 seq=0 elapsed=0 oled=3C
[   6202] STATUS mode=3 fault=none enc=-656 denc=0 sreq=0 sapplied=0 crate=-19 uimp=-1198075 upos=0 uneg=3200 ball=-125.00 vball=0.00 aball=0.0 bref=0.00 pid=-19.2 pref=-523.9 ppos=-522.0 apid=0.0 integ=0.0 vision=1 current=1 vframe=13386 vs=1 vage=2 vpage=2 vdt=30 vmax=14661 vacc=11946 vrej=0 seq=0 elapsed=0 oled=3C
[   6218] STATUS mode=3 fault=none enc=-656 denc=0 sreq=0 sapplied=0 crate=-19 uimp=-1198075 upos=0 uneg=3200 ball=-125.00 vball=0.00 aball=0.0 bref=0.00 pid=-19.2 pref=-523.9 ppos=-522.0 apid=0.0 integ=0.0 vision=1 current=1 vframe=13386 vs=1 vage=22 vpage=22 vdt=30 vmax=14661 vacc=11946 vrej=0 seq=0 elapsed=0 oled=3C
[   6250] STATUS mode=3 fault=none enc=-656 denc=0 sreq=0 sapplied=0 crate=-19 uimp=-1198075 upos=0 uneg=3200 ball=-125.00 vball=0.00 aball=0.0 bref=0.00 pid=-19.2 pref=-523.9 ppos=-522.0 apid=0.0 integ=0.0 vision=1 current=1 vframe=13386 vs=1 vage=62 vpage=62 vdt=30 vmax=14661 vacc=11946 vrej=0 seq=0 elapsed=0 oled=3C
[   6282] STATUS mode=3 fault=none enc=-656 denc=0 sreq=0 sapplied=0 crate=-19 uimp=-1198075 upos=0 uneg=3200 ball=-125.00 vball=0.00 aball=0.0 bref=0.00 pid=-19.2 pref=-523.9 ppos=-522.0 apid=0.0 integ=0.0 vision=1 current=1 vframe=13386 vs=1 vage=82 vpage=82 vdt=30 vmax=14661 vacc=11946 vrej=0 seq=0 elapsed=0 oled=3C
[   6313] STATUS mode=3 fault=none enc=-656 denc=0 sreq=0 sapplied=0 crate=-19 uimp=-1198075 upos=0 uneg=3200 ball=-125.00 vball=0.00 aball=0.0 bref=0.00 pid=-19.2 pref=-523.9 ppos=-522.0 apid=0.0 integ=0.0 vision=1 current=1 vframe=13388 vs=1 vage=3 vpage=3 vdt=21 vmax=14661 vacc=11948 vrej=0 seq=0 elapsed=0 oled=3C
[   6327] STATUS mode=3 fault=none enc=-656 denc=0 sreq=0 sapplied=0 crate=-19 uimp=-1198075 upos=0 uneg=3200 ball=-125.00 vball=0.00 aball=0.0 bref=0.00 pid=-19.2 pref=-523.9 ppos=-522.0 apid=0.0 integ=0.0 vision=1 current=1 vframe=13388 vs=1 vage=23 vpage=23 vdt=21 vmax=14661 vacc=11948 vrej=0 seq=0 elapsed=0 oled=3C
[   6359] STATUS mode=3 fault=none enc=-656 denc=0 sreq=0 sapplied=0 crate=-19 uimp=-1198075 upos=0 uneg=3200 ball=-125.00 vball=0.00 aball=0.0 bref=0.00 pid=-19.2 pref=-523.9 ppos=-522.0 apid=0.0 integ=0.0 vision=1 current=1 vframe=13389 vs=1 vage=13 vpage=13 vdt=30 vmax=14661 vacc=11949 vrej=0 seq=0 elapsed=0 oled=3C
[   6391] STATUS mode=3 fault=none enc=-656 denc=0 sreq=0 sapplied=0 crate=-19 uimp=-1198075 upos=0 uneg=3200 ball=-125.00 vball=0.00 aball=0.0 bref=0.00 pid=-19.2 pref=-523.9 ppos=-522.0 apid=0.0 integ=0.0 vision=1 current=1 vframe=13389 vs=1 vage=53 vpage=53 vdt=30 vmax=14661 vacc=11949 vrej=0 seq=0 elapsed=0 oled=3C
[   6422] STATUS mode=3 fault=none enc=-656 denc=0 sreq=0 sapplied=0 crate=-19 uimp=-1198075 upos=0 uneg=3200 ball=-125.00 vball=0.00 aball=0.0 bref=0.00 pid=-19.2 pref=-523.9 ppos=-522.0 apid=0.0 integ=0.0 vision=1 current=1 vframe=13389 vs=1 vage=73 vpage=73 vdt=30 vmax=14661 vacc=11949 vrej=0 seq=0 elapsed=0 oled=3C
[   6438] STATUS mode=3 fault=none enc=-656 denc=0 sreq=0 sapplied=0 crate=-19 uimp=-1198075 upos=0 uneg=3200 ball=-125.00 vball=0.00 aball=0.0 bref=0.00 pid=-19.2 pref=-523.9 ppos=-522.0 apid=0.0 integ=0.0 vision=1 current=1 vframe=13389 vs=1 vage=93 vpage=93 vdt=30 vmax=14661 vacc=11949 vrej=0 seq=0 elapsed=0 oled=3C
[   6468] STATUS mode=3 fault=none enc=-656 denc=0 sreq=0 sapplied=0 crate=-19 uimp=-1198075 upos=0 uneg=3200 ball=-125.00 vball=0.00 aball=0.0 bref=0.00 pid=-19.2 pref=-523.9 ppos=-522.0 apid=0.0 integ=0.0 vision=1 current=1 vframe=13391 vs=1 vage=16 vpage=16 vdt=22 vmax=14661 vacc=11951 vrej=0 seq=0 elapsed=0 oled=3C
[   6500] STATUS mode=3 fault=none enc=-656 denc=0 sreq=0 sapplied=0 crate=-19 uimp=-1198075 upos=0 uneg=3200 ball=-125.00 vball=0.00 aball=0.0 bref=0.00 pid=-19.2 pref=-523.9 ppos=-522.0 apid=0.0 integ=0.0 vision=1 current=1 vframe=13392 vs=1 vage=2 vpage=2 vdt=34 vmax=14661 vacc=11952 vrej=0 seq=0 elapsed=0 oled=3C
[   6516] STATUS mode=3 fault=none enc=-656 denc=0 sreq=0 sapplied=0 crate=-19 uimp=-1198075 upos=0 uneg=3200 ball=-125.00 vball=0.00 aball=0.0 bref=0.00 pid=-19.2 pref=-523.9 ppos=-522.0 apid=0.0 integ=0.0 vision=1 current=1 vframe=13392 vs=1 vage=22 vpage=22 vdt=34 vmax=14661 vacc=11952 vrej=0 seq=0 elapsed=0 oled=3C
[   6547] STATUS mode=3 fault=none enc=-656 denc=0 sreq=0 sapplied=0 crate=-19 uimp=-1198075 upos=0 uneg=3200 ball=-125.00 vball=0.00 aball=0.0 bref=0.00 pid=-19.2 pref=-523.9 ppos=-522.0 apid=0.0 integ=0.0 vision=1 current=1 vframe=13392 vs=1 vage=62 vpage=62 vdt=34 vmax=14661 vacc=11952 vrej=0 seq=0 elapsed=0 oled=3C
[   6577] STATUS mode=3 fault=none enc=-656 denc=0 sreq=0 sapplied=0 crate=-19 uimp=-1198075 upos=0 uneg=3200 ball=-125.00 vball=0.00 aball=0.0 bref=0.00 pid=-19.2 pref=-523.9 ppos=-522.0 apid=0.0 integ=0.0 vision=1 current=1 vframe=13392 vs=1 vage=82 vpage=82 vdt=34 vmax=14661 vacc=11952 vrej=0 seq=0 elapsed=0 oled=3C
[   6609] STATUS mode=3 fault=none enc=-656 denc=0 sreq=0 sapplied=0 crate=-19 uimp=-1198075 upos=0 uneg=3200 ball=-125.00 vball=0.00 aball=0.0 bref=0.00 pid=-19.2 pref=-523.9 ppos=-522.0 apid=0.0 integ=0.0 vision=1 current=1 vframe=13393 vs=1 vage=3 vpage=3 vdt=99 vmax=14661 vacc=11953 vrej=0 seq=0 elapsed=0 oled=3C
[   6625] STATUS mode=3 fault=none enc=-656 denc=0 sreq=0 sapplied=0 crate=-19 uimp=-1198075 upos=0 uneg=3200 ball=-125.00 vball=0.00 aball=0.0 bref=0.00 pid=-19.2 pref=-523.9 ppos=-522.0 apid=0.0 integ=0.0 vision=1 current=1 vframe=13394 vs=1 vage=10 vpage=10 vdt=33 vmax=14661 vacc=11954 vrej=0 seq=0 elapsed=0 oled=3C
[   6657] STATUS mode=3 fault=none enc=-656 denc=0 sreq=0 sapplied=0 crate=-19 uimp=-1198075 upos=0 uneg=3200 ball=-125.00 vball=0.00 aball=0.0 bref=0.00 pid=-19.2 pref=-523.9 ppos=-522.0 apid=0.0 integ=0.0 vision=1 current=1 vframe=13394 vs=1 vage=30 vpage=30 vdt=33 vmax=14661 vacc=11954 vrej=0 seq=0 elapsed=0 oled=3C
[   6688] STATUS mode=3 fault=none enc=-656 denc=0 sreq=0 sapplied=0 crate=-19 uimp=-1198075 upos=0 uneg=3200 ball=-125.00 vball=0.00 aball=0.0 bref=0.00 pid=-19.2 pref=-523.9 ppos=-522.0 apid=0.0 integ=0.0 vision=1 current=1 vframe=13401 vs=1 vage=17 vpage=17 vdt=33 vmax=14661 vacc=11961 vrej=0 seq=0 elapsed=0 oled=3C
[   6718] STATUS mode=3 fault=none enc=-656 denc=0 sreq=0 sapplied=0 crate=-19 uimp=-1198075 upos=0 uneg=3200 ball=-125.00 vball=0.00 aball=0.0 bref=0.00 pid=-19.2 pref=-523.9 ppos=-522.0 apid=0.0 integ=0.0 vision=1 current=1 vframe=13401 vs=1 vage=57 vpage=57 vdt=33 vmax=14661 vacc=11961 vrej=0 seq=0 elapsed=0 oled=3C
[   6734] STATUS mode=3 fault=none enc=-656 denc=0 sreq=0 sapplied=0 crate=-19 uimp=-1198075 upos=0 uneg=3200 ball=-125.00 vball=0.00 aball=0.0 bref=0.00 pid=-19.2 pref=-523.9 ppos=-522.0 apid=0.0 integ=0.0 vision=1 current=1 vframe=13401 vs=1 vage=77 vpage=77 vdt=33 vmax=14661 vacc=11961 vrej=0 seq=0 elapsed=0 oled=3C
[   6766] STATUS mode=3 fault=none enc=-656 denc=0 sreq=0 sapplied=0 crate=-19 uimp=-1198075 upos=0 uneg=3200 ball=-125.00 vball=0.00 aball=0.0 bref=0.00 pid=-19.2 pref=-523.9 ppos=-522.0 apid=0.0 integ=0.0 vision=1 current=1 vframe=13402 vs=1 vage=22 vpage=22 vdt=95 vmax=14661 vacc=11962 vrej=0 seq=0 elapsed=0 oled=3C
[   6797] STATUS mode=3 fault=none enc=-656 denc=0 sreq=0 sapplied=0 crate=-19 uimp=-1198075 upos=0 uneg=3200 ball=-125.00 vball=0.00 aball=0.0 bref=0.00 pid=-19.2 pref=-523.9 ppos=-522.0 apid=0.0 integ=0.0 vision=1 current=1 vframe=13403 vs=1 vage=20 vpage=20 vdt=22 vmax=14661 vacc=11963 vrej=0 seq=0 elapsed=0 oled=3C
[   6813] STATUS mode=3 fault=none enc=-656 denc=0 sreq=0 sapplied=0 crate=-19 uimp=-1198075 upos=0 uneg=3200 ball=-125.00 vball=0.00 aball=0.0 bref=0.00 pid=-19.2 pref=-523.9 ppos=-522.0 apid=0.0 integ=0.0 vision=1 current=1 vframe=13404 vs=1 vage=6 vpage=6 vdt=34 vmax=14661 vacc=11964 vrej=0 seq=0 elapsed=0 oled=3C
[   6843] STATUS mode=3 fault=none enc=-656 denc=0 sreq=0 sapplied=0 crate=-19 uimp=-1198075 upos=0 uneg=3200 ball=-125.00 vball=0.00 aball=0.0 bref=0.00 pid=-19.2 pref=-523.9 ppos=-522.0 apid=0.0 integ=0.0 vision=1 current=1 vframe=13404 vs=1 vage=46 vpage=46 vdt=34 vmax=14661 vacc=11964 vrej=0 seq=0 elapsed=0 oled=3C
[   6875] STATUS mode=3 fault=none enc=-656 denc=0 sreq=0 sapplied=0 crate=-19 uimp=-1198075 upos=0 uneg=3200 ball=-125.00 vball=0.00 aball=0.0 bref=0.00 pid=-19.2 pref=-523.9 ppos=-522.0 apid=0.0 integ=0.0 vision=1 current=1 vframe=13404 vs=1 vage=66 vpage=66 vdt=34 vmax=14661 vacc=11964 vrej=0 seq=0 elapsed=0 oled=3C
[   6907] STATUS mode=3 fault=none enc=-656 denc=0 sreq=0 sapplied=0 crate=-19 uimp=-1198075 upos=0 uneg=3200 ball=-125.00 vball=0.00 aball=0.0 bref=0.00 pid=-19.2 pref=-523.9 ppos=-522.0 apid=0.0 integ=0.0 vision=1 current=1 vframe=13404 vs=1 vage=86 vpage=86 vdt=34 vmax=14661 vacc=11964 vrej=0 seq=0 elapsed=0 oled=3C
[   6922] STATUS mode=3 fault=none enc=-656 denc=0 sreq=0 sapplied=0 crate=-19 uimp=-1198075 upos=0 uneg=3200 ball=-125.00 vball=0.00 aball=0.0 bref=0.00 pid=-19.2 pref=-523.9 ppos=-522.0 apid=0.0 integ=0.0 vision=1 current=1 vframe=13404 vs=1 vage=126 vpage=126 vdt=34 vmax=14661 vacc=11964 vrej=0 seq=0 elapsed=0 oled=3C
[   6952] STATUS mode=3 fault=none enc=-656 denc=0 sreq=0 sapplied=0 crate=-19 uimp=-1198075 upos=0 uneg=3200 ball=-125.00 vball=0.00 aball=0.0 bref=0.00 pid=-19.2 pref=-523.9 ppos=-522.0 apid=0.0 integ=0.0 vision=1 current=1 vframe=13404 vs=1 vage=146 vpage=146 vdt=34 vmax=14661 vacc=11964 vrej=0 seq=0 elapsed=0 oled=3C
[   6984] STATUS mode=3 fault=none enc=-656 denc=0 sreq=0 sapplied=0 crate=0 uimp=-1198075 upos=0 uneg=3200 ball=-125.00 vball=0.00 aball=0.0 bref=0.00 pid=-19.2 pref=-522.0 ppos=-522.0 apid=0.0 integ=0.0 vision=1 current=1 vframe=13404 vs=1 vage=166 vpage=166 vdt=34 vmax=14661 vacc=11964 vrej=0 seq=0 elapsed=0 oled=3C
[   7016] STATUS mode=3 fault=none enc=-656 denc=0 sreq=0 sapplied=0 crate=-19 uimp=-1198075 upos=0 uneg=3200 ball=-125.00 vball=0.00 aball=0.0 bref=0.00 pid=-19.2 pref=-523.9 ppos=-522.0 apid=0.0 integ=0.0 vision=1 current=1 vframe=13405 vs=1 vage=19 vpage=19 vdt=187 vmax=14661 vacc=11965 vrej=0 seq=0 elapsed=0 oled=3C
[   7032] STATUS mode=3 fault=none enc=-656 denc=0 sreq=0 sapplied=0 crate=-19 uimp=-1198075 upos=0 uneg=3200 ball=-125.00 vball=0.00 aball=0.0 bref=0.00 pid=-19.2 pref=-523.9 ppos=-522.0 apid=0.0 integ=0.0 vision=1 current=1 vframe=13406 vs=1 vage=10 vpage=10 vdt=29 vmax=14661 vacc=11966 vrej=0 seq=0 elapsed=0 oled=3C
[   7063] STATUS mode=3 fault=none enc=-656 denc=0 sreq=0 sapplied=0 crate=-19 uimp=-1198075 upos=0 uneg=3200 ball=-125.00 vball=0.00 aball=0.0 bref=0.00 pid=-19.2 pref=-523.9 ppos=-522.0 apid=0.0 integ=0.0 vision=1 current=1 vframe=13406 vs=1 vage=30 vpage=30 vdt=29 vmax=14661 vacc=11966 vrej=0 seq=0 elapsed=0 oled=3C
[   7093] STATUS mode=3 fault=none enc=-656 denc=0 sreq=0 sapplied=0 crate=-19 uimp=-1198075 upos=0 uneg=3200 ball=-125.00 vball=0.00 aball=0.0 bref=0.00 pid=-19.2 pref=-523.9 ppos=-522.0 apid=0.0 integ=0.0 vision=1 current=1 vframe=13407 vs=1 vage=36 vpage=36 vdt=34 vmax=14661 vacc=11967 vrej=0 seq=0 elapsed=0 oled=3C
[   7125] STATUS mode=3 fault=none enc=-656 denc=0 sreq=0 sapplied=0 crate=-19 uimp=-1198075 upos=0 uneg=3200 ball=-125.00 vball=0.00 aball=0.0 bref=0.00 pid=-19.2 pref=-523.9 ppos=-522.0 apid=0.0 integ=0.0 vision=1 current=1 vframe=13407 vs=1 vage=56 vpage=56 vdt=34 vmax=14661 vacc=11967 vrej=0 seq=0 elapsed=0 oled=3C
[   7141] STATUS mode=3 fault=none enc=-656 denc=0 sreq=0 sapplied=0 crate=-19 uimp=-1198075 upos=0 uneg=3200 ball=-125.00 vball=0.00 aball=0.0 bref=0.00 pid=-19.2 pref=-523.9 ppos=-522.0 apid=0.0 integ=0.0 vision=1 current=1 vframe=13407 vs=1 vage=96 vpage=96 vdt=34 vmax=14661 vacc=11967 vrej=0 seq=0 elapsed=0 oled=3C
[   7172] STATUS mode=3 fault=none enc=-656 denc=0 sreq=0 sapplied=0 crate=-19 uimp=-1198075 upos=0 uneg=3200 ball=-125.00 vball=0.00 aball=0.0 bref=0.00 pid=-19.2 pref=-523.9 ppos=-522.0 apid=0.0 integ=0.0 vision=1 current=1 vframe=13408 vs=1 vage=13 vpage=13 vdt=103 vmax=14661 vacc=11968 vrej=0 seq=0 elapsed=0 oled=3C
[   7202] STATUS mode=3 fault=none enc=-656 denc=0 sreq=0 sapplied=0 crate=-19 uimp=-1198075 upos=0 uneg=3200 ball=-125.00 vball=0.00 aball=0.0 bref=0.00 pid=-19.2 pref=-523.9 ppos=-522.0 apid=0.0 integ=0.0 vision=1 current=1 vframe=13409 vs=1 vage=2 vpage=2 vdt=31 vmax=14661 vacc=11969 vrej=0 seq=0 elapsed=0 oled=3C
[   7218] STATUS mode=3 fault=none enc=-656 denc=0 sreq=0 sapplied=0 crate=-19 uimp=-1198075 upos=0 uneg=3200 ball=-125.00 vball=0.00 aball=0.0 bref=0.00 pid=-19.2 pref=-523.9 ppos=-522.0 apid=0.0 integ=0.0 vision=1 current=1 vframe=13410 vs=1 vage=9 vpage=9 vdt=33 vmax=14661 vacc=11970 vrej=0 seq=0 elapsed=0 oled=3C
[   7250] STATUS mode=3 fault=none enc=-656 denc=0 sreq=0 sapplied=0 crate=-19 uimp=-1198075 upos=0 uneg=3200 ball=-125.00 vball=0.00 aball=0.0 bref=0.00 pid=-19.2 pref=-523.9 ppos=-522.0 apid=0.0 integ=0.0 vision=1 current=1 vframe=13410 vs=1 vage=29 vpage=29 vdt=33 vmax=14661 vacc=11970 vrej=0 seq=0 elapsed=0 oled=3C
[   7282] STATUS mode=3 fault=none enc=-656 denc=0 sreq=0 sapplied=0 crate=-19 uimp=-1198075 upos=0 uneg=3200 ball=-125.00 vball=0.00 aball=0.0 bref=0.00 pid=-19.2 pref=-523.9 ppos=-522.0 apid=0.0 integ=0.0 vision=1 current=1 vframe=13410 vs=1 vage=49 vpage=49 vdt=33 vmax=14661 vacc=11970 vrej=0 seq=0 elapsed=0 oled=3C
[   7313] STATUS mode=3 fault=none enc=-656 denc=0 sreq=0 sapplied=0 crate=-19 uimp=-1198075 upos=0 uneg=3200 ball=-125.00 vball=0.00 aball=0.0 bref=0.00 pid=-19.2 pref=-523.9 ppos=-522.0 apid=0.0 integ=0.0 vision=1 current=1 vframe=13410 vs=1 vage=89 vpage=89 vdt=33 vmax=14661 vacc=11970 vrej=0 seq=0 elapsed=0 oled=3C
[   7327] STATUS mode=3 fault=none enc=-656 denc=0 sreq=0 sapplied=0 crate=-19 uimp=-1198075 upos=0 uneg=3200 ball=-125.00 vball=0.00 aball=0.0 bref=0.00 pid=-19.2 pref=-523.9 ppos=-522.0 apid=0.0 integ=0.0 vision=1 current=1 vframe=13411 vs=1 vage=13 vpage=13 vdt=96 vmax=14661 vacc=11971 vrej=0 seq=0 elapsed=0 oled=3C
[   7359] STATUS mode=3 fault=none enc=-656 denc=0 sreq=0 sapplied=0 crate=-19 uimp=-1198075 upos=0 uneg=3200 ball=-125.00 vball=0.00 aball=0.0 bref=0.00 pid=-19.2 pref=-523.9 ppos=-522.0 apid=0.0 integ=0.0 vision=1 current=1 vframe=13412 vs=1 vage=12 vpage=12 vdt=21 vmax=14661 vacc=11972 vrej=0 seq=0 elapsed=0 oled=3C
[   7391] STATUS mode=3 fault=none enc=-656 denc=0 sreq=0 sapplied=0 crate=-19 uimp=-1198075 upos=0 uneg=3200 ball=-125.00 vball=0.00 aball=0.0 bref=0.00 pid=-19.2 pref=-523.9 ppos=-522.0 apid=0.0 integ=0.0 vision=1 current=1 vframe=13413 vs=1 vage=19 vpage=19 vdt=33 vmax=14661 vacc=11973 vrej=0 seq=0 elapsed=0 oled=3C
[   7422] STATUS mode=3 fault=none enc=-656 denc=0 sreq=0 sapplied=0 crate=-19 uimp=-1198075 upos=0 uneg=3200 ball=-125.00 vball=0.00 aball=0.0 bref=0.00 pid=-19.2 pref=-523.9 ppos=-522.0 apid=0.0 integ=0.0 vision=1 current=1 vframe=13413 vs=1 vage=39 vpage=39 vdt=33 vmax=14661 vacc=11973 vrej=0 seq=0 elapsed=0 oled=3C
[   7438] STATUS mode=3 fault=none enc=-656 denc=0 sreq=0 sapplied=0 crate=-19 uimp=-1198075 upos=0 uneg=3200 ball=-125.00 vball=0.00 aball=0.0 bref=0.00 pid=-19.2 pref=-523.9 ppos=-522.0 apid=0.0 integ=0.0 vision=1 current=1 vframe=13413 vs=1 vage=59 vpage=59 vdt=33 vmax=14661 vacc=11973 vrej=0 seq=0 elapsed=0 oled=3C
[   7468] STATUS mode=3 fault=none enc=-656 denc=0 sreq=0 sapplied=0 crate=-19 uimp=-1198075 upos=0 uneg=3200 ball=-125.00 vball=0.00 aball=0.0 bref=0.00 pid=-19.2 pref=-523.9 ppos=-522.0 apid=0.0 integ=0.0 vision=1 current=1 vframe=13414 vs=1 vage=2 vpage=2 vdt=97 vmax=14661 vacc=11974 vrej=0 seq=0 elapsed=0 oled=3C
[   7500] STATUS mode=3 fault=none enc=-656 denc=0 sreq=0 sapplied=0 crate=-19 uimp=-1198075 upos=0 uneg=3200 ball=-125.00 vball=0.00 aball=0.0 bref=0.00 pid=-19.2 pref=-523.9 ppos=-522.0 apid=0.0 integ=0.0 vision=1 current=1 vframe=13414 vs=1 vage=22 vpage=22 vdt=97 vmax=14661 vacc=11974 vrej=0 seq=0 elapsed=0 oled=3C
[   7532] STATUS mode=3 fault=none enc=-656 denc=0 sreq=0 sapplied=0 crate=-19 uimp=-1198075 upos=0 uneg=3200 ball=-125.00 vball=0.00 aball=0.0 bref=0.00 pid=-19.2 pref=-523.9 ppos=-522.0 apid=0.0 integ=0.0 vision=1 current=1 vframe=13415 vs=1 vage=6 vpage=6 vdt=36 vmax=14661 vacc=11975 vrej=0 seq=0 elapsed=0 oled=3C
[   7547] STATUS mode=3 fault=none enc=-656 denc=0 sreq=0 sapplied=0 crate=-19 uimp=-1198075 upos=0 uneg=3200 ball=-125.00 vball=0.00 aball=0.0 bref=0.00 pid=-19.2 pref=-523.9 ppos=-522.0 apid=0.0 integ=0.0 vision=1 current=1 vframe=13415 vs=1 vage=46 vpage=46 vdt=36 vmax=14661 vacc=11975 vrej=0 seq=0 elapsed=0 oled=3C
[   7577] STATUS mode=3 fault=none enc=-656 denc=0 sreq=0 sapplied=0 crate=-19 uimp=-1198075 upos=0 uneg=3200 ball=-125.00 vball=0.00 aball=0.0 bref=0.00 pid=-19.2 pref=-523.9 ppos=-522.0 apid=0.0 integ=0.0 vision=1 current=1 vframe=13415 vs=1 vage=66 vpage=66 vdt=36 vmax=14661 vacc=11975 vrej=0 seq=0 elapsed=0 oled=3C
[   7609] STATUS mode=3 fault=none enc=-656 denc=0 sreq=0 sapplied=0 crate=-19 uimp=-1198075 upos=0 uneg=3200 ball=-125.00 vball=0.00 aball=0.0 bref=0.00 pid=-19.2 pref=-523.9 ppos=-522.0 apid=0.0 integ=0.0 vision=1 current=1 vframe=13416 vs=1 vage=1 vpage=1 vdt=105 vmax=14661 vacc=11976 vrej=0 seq=0 elapsed=0 oled=3C
[   7625] STATUS mode=3 fault=none enc=-656 denc=0 sreq=0 sapplied=0 crate=-19 uimp=-1198075 upos=0 uneg=3200 ball=-125.00 vball=0.00 aball=0.0 bref=0.00 pid=-19.2 pref=-523.9 ppos=-522.0 apid=0.0 integ=0.0 vision=1 current=1 vframe=13417 vs=1 vage=11 vpage=11 vdt=10 vmax=14661 vacc=11977 vrej=0 seq=0 elapsed=0 oled=3C
[   7657] STATUS mode=3 fault=none enc=-656 denc=0 sreq=0 sapplied=0 crate=-19 uimp=-1198075 upos=0 uneg=3200 ball=-125.00 vball=0.00 aball=0.0 bref=0.00 pid=-19.2 pref=-523.9 ppos=-522.0 apid=0.0 integ=0.0 vision=1 current=1 vframe=13417 vs=1 vage=31 vpage=31 vdt=10 vmax=14661 vacc=11977 vrej=0 seq=0 elapsed=0 oled=3C
[   7688] STATUS mode=3 fault=none enc=-656 denc=0 sreq=0 sapplied=0 crate=-19 uimp=-1198075 upos=0 uneg=3200 ball=-125.00 vball=0.00 aball=0.0 bref=0.00 pid=-19.2 pref=-523.9 ppos=-522.0 apid=0.0 integ=0.0 vision=1 current=1 vframe=13418 vs=1 vage=37 vpage=37 vdt=34 vmax=14661 vacc=11978 vrej=0 seq=0 elapsed=0 oled=3C
[   7718] STATUS mode=3 fault=none enc=-656 denc=0 sreq=0 sapplied=0 crate=-19 uimp=-1198075 upos=0 uneg=3200 ball=-125.00 vball=0.00 aball=0.0 bref=0.00 pid=-19.2 pref=-523.9 ppos=-522.0 apid=0.0 integ=0.0 vision=1 current=1 vframe=13418 vs=1 vage=57 vpage=57 vdt=34 vmax=14661 vacc=11978 vrej=0 seq=0 elapsed=0 oled=3C
[   7734] STATUS mode=3 fault=none enc=-656 denc=0 sreq=0 sapplied=0 crate=-19 uimp=-1198075 upos=0 uneg=3200 ball=-125.00 vball=0.00 aball=0.0 bref=0.00 pid=-19.2 pref=-523.9 ppos=-522.0 apid=0.0 integ=0.0 vision=1 current=1 vframe=13418 vs=1 vage=77 vpage=77 vdt=34 vmax=14661 vacc=11978 vrej=0 seq=0 elapsed=0 oled=3C
[   7766] STATUS mode=3 fault=none enc=-656 denc=0 sreq=0 sapplied=0 crate=-19 uimp=-1198075 upos=0 uneg=3200 ball=-125.00 vball=0.00 aball=0.0 bref=0.00 pid=-19.2 pref=-523.9 ppos=-522.0 apid=0.0 integ=0.0 vision=1 current=1 vframe=13420 vs=1 vage=1 vpage=1 vdt=9 vmax=14661 vacc=11980 vrej=0 seq=0 elapsed=0 oled=3C
[   7797] STATUS mode=3 fault=none enc=-656 denc=0 sreq=0 sapplied=0 crate=-19 uimp=-1198075 upos=0 uneg=3200 ball=-125.00 vball=0.00 aball=0.0 bref=0.00 pid=-19.2 pref=-523.9 ppos=-522.0 apid=0.0 integ=0.0 vision=1 current=1 vframe=13421 vs=1 vage=2 vpage=2 vdt=19 vmax=14661 vacc=11981 vrej=0 seq=0 elapsed=0 oled=3C
[   7827] STATUS mode=3 fault=none enc=-656 denc=0 sreq=0 sapplied=0 crate=-19 uimp=-1198075 upos=0 uneg=3200 ball=-125.00 vball=0.00 aball=0.0 bref=0.00 pid=-19.2 pref=-523.9 ppos=-522.0 apid=0.0 integ=0.0 vision=1 current=1 vframe=13421 vs=1 vage=22 vpage=22 vdt=19 vmax=14661 vacc=11981 vrej=0 seq=0 elapsed=0 oled=3C
[   7843] STATUS mode=3 fault=none enc=-656 denc=0 sreq=0 sapplied=0 crate=-19 uimp=-1198075 upos=0 uneg=3200 ball=-125.00 vball=0.00 aball=0.0 bref=0.00 pid=-19.2 pref=-523.9 ppos=-522.0 apid=0.0 integ=0.0 vision=1 current=1 vframe=13422 vs=1 vage=30 vpage=30 vdt=32 vmax=14661 vacc=11982 vrej=0 seq=0 elapsed=0 oled=3C
[   7875] STATUS mode=3 fault=none enc=-656 denc=0 sreq=0 sapplied=0 crate=-19 uimp=-1198075 upos=0 uneg=3200 ball=-125.00 vball=0.00 aball=0.0 bref=0.00 pid=-19.2 pref=-523.9 ppos=-522.0 apid=0.0 integ=0.0 vision=1 current=1 vframe=13422 vs=1 vage=50 vpage=50 vdt=32 vmax=14661 vacc=11982 vrej=0 seq=0 elapsed=0 oled=3C
[   7907] STATUS mode=3 fault=none enc=-656 denc=0 sreq=0 sapplied=0 crate=-19 uimp=-1198075 upos=0 uneg=3200 ball=-125.00 vball=0.00 aball=0.0 bref=0.00 pid=-19.2 pref=-523.9 ppos=-522.0 apid=0.0 integ=0.0 vision=1 current=1 vframe=13422 vs=1 vage=70 vpage=70 vdt=32 vmax=14661 vacc=11982 vrej=0 seq=0 elapsed=0 oled=3C
[   7938] STATUS mode=3 fault=none enc=-656 denc=0 sreq=0 sapplied=0 crate=-19 uimp=-1198075 upos=0 uneg=3200 ball=-125.00 vball=0.00 aball=0.0 bref=0.00 pid=-19.2 pref=-523.9 ppos=-522.0 apid=0.0 integ=0.0 vision=1 current=1 vframe=13423 vs=1 vage=9 vpage=9 vdt=101 vmax=14661 vacc=11983 vrej=0 seq=0 elapsed=0 oled=3C
[   7952] STATUS mode=3 fault=none enc=-656 denc=0 sreq=0 sapplied=0 crate=-19 uimp=-1198075 upos=0 uneg=3200 ball=-125.00 vball=0.00 aball=0.0 bref=0.00 pid=-19.2 pref=-523.9 ppos=-522.0 apid=0.0 integ=0.0 vision=1 current=1 vframe=13423 vs=1 vage=29 vpage=29 vdt=101 vmax=14661 vacc=11983 vrej=0 seq=0 elapsed=0 oled=3C
[   7984] STATUS mode=3 fault=none enc=-656 denc=0 sreq=0 sapplied=0 crate=-19 uimp=-1198075 upos=0 uneg=3200 ball=-125.00 vball=0.00 aball=0.0 bref=0.00 pid=-19.2 pref=-523.9 ppos=-522.0 apid=0.0 integ=0.0 vision=1 current=1 vframe=13424 vs=1 vage=17 vpage=17 vdt=32 vmax=14661 vacc=11984 vrej=0 seq=0 elapsed=0 oled=3C
[   8016] STATUS mode=3 fault=none enc=-656 denc=0 sreq=0 sapplied=0 crate=-19 uimp=-1198075 upos=0 uneg=3200 ball=-125.00 vball=0.00 aball=0.0 bref=0.00 pid=-19.2 pref=-523.9 ppos=-522.0 apid=0.0 integ=0.0 vision=1 current=1 vframe=13425 vs=1 vage=23 vpage=23 vdt=34 vmax=14661 vacc=11985 vrej=0 seq=0 elapsed=0 oled=3C
[   8032] STATUS mode=3 fault=none enc=-656 denc=0 sreq=0 sapplied=0 crate=-19 uimp=-1198075 upos=0 uneg=3200 ball=-125.00 vball=0.00 aball=0.0 bref=0.00 pid=-19.2 pref=-523.9 ppos=-522.0 apid=0.0 integ=0.0 vision=1 current=1 vframe=13425 vs=1 vage=43 vpage=43 vdt=34 vmax=14661 vacc=11985 vrej=0 seq=0 elapsed=0 oled=3C
[   8063] STATUS mode=3 fault=none enc=-656 denc=0 sreq=0 sapplied=0 crate=-19 uimp=-1198075 upos=0 uneg=3200 ball=-125.00 vball=0.00 aball=0.0 bref=0.00 pid=-19.2 pref=-523.9 ppos=-522.0 apid=0.0 integ=0.0 vision=1 current=1 vframe=13425 vs=1 vage=83 vpage=83 vdt=34 vmax=14661 vacc=11985 vrej=0 seq=0 elapsed=0 oled=3C
[   8093] STATUS mode=3 fault=none enc=-656 denc=0 sreq=0 sapplied=0 crate=-19 uimp=-1198075 upos=0 uneg=3200 ball=-125.00 vball=0.00 aball=0.0 bref=0.00 pid=-19.2 pref=-523.9 ppos=-522.0 apid=0.0 integ=0.0 vision=1 current=1 vframe=13425 vs=1 vage=103 vpage=103 vdt=34 vmax=14661 vacc=11985 vrej=0 seq=0 elapsed=0 oled=3C
[   8125] STATUS mode=3 fault=none enc=-656 denc=0 sreq=0 sapplied=0 crate=-19 uimp=-1198075 upos=0 uneg=3200 ball=-125.00 vball=0.00 aball=0.0 bref=0.00 pid=-19.2 pref=-523.9 ppos=-522.0 apid=0.0 integ=0.0 vision=1 current=1 vframe=13426 vs=1 vage=19 vpage=19 vdt=104 vmax=14661 vacc=11986 vrej=0 seq=0 elapsed=0 oled=3C
[   8141] STATUS mode=3 fault=none enc=-656 denc=0 sreq=0 sapplied=0 crate=-19 uimp=-1198075 upos=0 uneg=3200 ball=-125.00 vball=0.00 aball=0.0 bref=0.00 pid=-19.2 pref=-523.9 ppos=-522.0 apid=0.0 integ=0.0 vision=1 current=1 vframe=13427 vs=1 vage=29 vpage=29 vdt=30 vmax=14661 vacc=11987 vrej=0 seq=0 elapsed=0 oled=3C
[   8172] STATUS mode=3 fault=none enc=-656 denc=0 sreq=0 sapplied=0 crate=-19 uimp=-1198075 upos=0 uneg=3200 ball=-125.00 vball=0.00 aball=0.0 bref=0.00 pid=-19.2 pref=-523.9 ppos=-522.0 apid=0.0 integ=0.0 vision=1 current=1 vframe=13428 vs=1 vage=16 vpage=16 vdt=33 vmax=14661 vacc=11988 vrej=0 seq=0 elapsed=0 oled=3C
[   8202] STATUS mode=3 fault=none enc=-656 denc=0 sreq=0 sapplied=0 crate=-19 uimp=-1198075 upos=0 uneg=3200 ball=-125.00 vball=0.00 aball=0.0 bref=0.00 pid=-19.2 pref=-523.9 ppos=-522.0 apid=0.0 integ=0.0 vision=1 current=1 vframe=13428 vs=1 vage=36 vpage=36 vdt=33 vmax=14661 vacc=11988 vrej=0 seq=0 elapsed=0 oled=3C
[   8234] STATUS mode=3 fault=none enc=-656 denc=0 sreq=0 sapplied=0 crate=-19 uimp=-1198075 upos=0 uneg=3200 ball=-125.00 vball=0.00 aball=0.0 bref=0.00 pid=-19.2 pref=-523.9 ppos=-522.0 apid=0.0 integ=0.0 vision=1 current=1 vframe=13428 vs=1 vage=76 vpage=76 vdt=33 vmax=14661 vacc=11988 vrej=0 seq=0 elapsed=0 oled=3C
[   8250] STATUS mode=3 fault=none enc=-656 denc=0 sreq=0 sapplied=0 crate=-19 uimp=-1198075 upos=0 uneg=3200 ball=-125.00 vball=0.00 aball=0.0 bref=0.00 pid=-19.2 pref=-523.9 ppos=-522.0 apid=0.0 integ=0.0 vision=1 current=1 vframe=13428 vs=1 vage=96 vpage=96 vdt=33 vmax=14661 vacc=11988 vrej=0 seq=0 elapsed=0 oled=3C
[   8282] STATUS mode=3 fault=none enc=-656 denc=0 sreq=0 sapplied=0 crate=-19 uimp=-1198075 upos=0 uneg=3200 ball=-125.00 vball=0.00 aball=0.0 bref=0.00 pid=-19.2 pref=-523.9 ppos=-522.0 apid=0.0 integ=0.0 vision=1 current=1 vframe=13429 vs=1 vage=14 vpage=14 vdt=102 vmax=14661 vacc=11989 vrej=0 seq=0 elapsed=0 oled=3C
[   8313] STATUS mode=3 fault=none enc=-656 denc=0 sreq=0 sapplied=0 crate=-19 uimp=-1198075 upos=0 uneg=3200 ball=-125.00 vball=0.00 aball=0.0 bref=0.00 pid=-19.2 pref=-523.9 ppos=-522.0 apid=0.0 integ=0.0 vision=1 current=1 vframe=13430 vs=1 vage=23 vpage=23 vdt=31 vmax=14661 vacc=11990 vrej=0 seq=0 elapsed=0 oled=3C
[   8343] STATUS mode=3 fault=none enc=-656 denc=0 sreq=0 sapplied=0 crate=-19 uimp=-1198075 upos=0 uneg=3200 ball=-125.00 vball=0.00 aball=0.0 bref=0.00 pid=-19.2 pref=-523.9 ppos=-522.0 apid=0.0 integ=0.0 vision=1 current=1 vframe=13431 vs=1 vage=9 vpage=9 vdt=34 vmax=14661 vacc=11991 vrej=0 seq=0 elapsed=0 oled=3C
[   8359] STATUS mode=3 fault=none enc=-656 denc=0 sreq=0 sapplied=0 crate=-19 uimp=-1198075 upos=0 uneg=3200 ball=-125.00 vball=0.00 aball=0.0 bref=0.00 pid=-19.2 pref=-523.9 ppos=-522.0 apid=0.0 integ=0.0 vision=1 current=1 vframe=13431 vs=1 vage=29 vpage=29 vdt=34 vmax=14661 vacc=11991 vrej=0 seq=0 elapsed=0 oled=3C
[   8391] STATUS mode=3 fault=none enc=-656 denc=0 sreq=0 sapplied=0 crate=-19 uimp=-1198075 upos=0 uneg=3200 ball=-125.00 vball=0.00 aball=0.0 bref=0.00 pid=-19.2 pref=-523.9 ppos=-522.0 apid=0.0 integ=0.0 vision=1 current=1 vframe=13431 vs=1 vage=69 vpage=69 vdt=34 vmax=14661 vacc=11991 vrej=0 seq=0 elapsed=0 oled=3C
[   8422] STATUS mode=3 fault=none enc=-656 denc=0 sreq=0 sapplied=0 crate=-19 uimp=-1198075 upos=0 uneg=3200 ball=-125.00 vball=0.00 aball=0.0 bref=0.00 pid=-19.2 pref=-523.9 ppos=-522.0 apid=0.0 integ=0.0 vision=1 current=1 vframe=13431 vs=1 vage=89 vpage=89 vdt=34 vmax=14661 vacc=11991 vrej=0 seq=0 elapsed=0 oled=3C
[   8438] STATUS mode=3 fault=none enc=-656 denc=0 sreq=0 sapplied=0 crate=-19 uimp=-1198075 upos=0 uneg=3200 ball=-125.00 vball=0.00 aball=0.0 bref=0.00 pid=-19.2 pref=-523.9 ppos=-522.0 apid=0.0 integ=0.0 vision=1 current=1 vframe=13432 vs=1 vage=29 vpage=29 vdt=100 vmax=14661 vacc=11992 vrej=0 seq=0 elapsed=0 oled=3C
[   8468] STATUS mode=3 fault=none enc=-656 denc=0 sreq=0 sapplied=0 crate=-19 uimp=-1198075 upos=0 uneg=3200 ball=-125.00 vball=0.00 aball=0.0 bref=0.00 pid=-19.2 pref=-523.9 ppos=-522.0 apid=0.0 integ=0.0 vision=1 current=1 vframe=13433 vs=1 vage=16 vpage=16 vdt=33 vmax=14661 vacc=11993 vrej=0 seq=0 elapsed=0 oled=3C
[   8500] STATUS mode=3 fault=none enc=-656 denc=0 sreq=0 sapplied=0 crate=-19 uimp=-1198075 upos=0 uneg=3200 ball=-125.00 vball=0.00 aball=0.0 bref=0.00 pid=-19.2 pref=-523.9 ppos=-522.0 apid=0.0 integ=0.0 vision=1 current=1 vframe=13434 vs=1 vage=2 vpage=2 vdt=34 vmax=14661 vacc=11994 vrej=0 seq=0 elapsed=0 oled=3C
[   8532] STATUS mode=3 fault=none enc=-656 denc=0 sreq=0 sapplied=0 crate=-19 uimp=-1198075 upos=0 uneg=3200 ball=-125.00 vball=0.00 aball=0.0 bref=0.00 pid=-19.2 pref=-523.9 ppos=-522.0 apid=0.0 integ=0.0 vision=1 current=1 vframe=13434 vs=1 vage=42 vpage=42 vdt=34 vmax=14661 vacc=11994 vrej=0 seq=0 elapsed=0 oled=3C
[   8547] STATUS mode=3 fault=none enc=-656 denc=0 sreq=0 sapplied=0 crate=-19 uimp=-1198075 upos=0 uneg=3200 ball=-125.00 vball=0.00 aball=0.0 bref=0.00 pid=-19.2 pref=-523.9 ppos=-522.0 apid=0.0 integ=0.0 vision=1 current=1 vframe=13434 vs=1 vage=62 vpage=62 vdt=34 vmax=14661 vacc=11994 vrej=0 seq=0 elapsed=0 oled=3C
[   8577] STATUS mode=3 fault=none enc=-656 denc=0 sreq=0 sapplied=0 crate=-19 uimp=-1198075 upos=0 uneg=3200 ball=-125.00 vball=0.00 aball=0.0 bref=0.00 pid=-19.2 pref=-523.9 ppos=-522.0 apid=0.0 integ=0.0 vision=1 current=1 vframe=13434 vs=1 vage=82 vpage=82 vdt=34 vmax=14661 vacc=11994 vrej=0 seq=0 elapsed=0 oled=3C
[   8609] STATUS mode=3 fault=none enc=-656 denc=0 sreq=0 sapplied=0 crate=-19 uimp=-1198075 upos=0 uneg=3200 ball=-125.00 vball=0.00 aball=0.0 bref=0.00 pid=-19.2 pref=-523.9 ppos=-522.0 apid=0.0 integ=0.0 vision=1 current=1 vframe=13435 vs=1 vage=22 vpage=22 vdt=100 vmax=14661 vacc=11995 vrej=0 seq=0 elapsed=0 oled=3C
[   8641] STATUS mode=3 fault=none enc=-656 denc=0 sreq=0 sapplied=0 crate=-19 uimp=-1198075 upos=0 uneg=3200 ball=-125.00 vball=0.00 aball=0.0 bref=0.00 pid=-19.2 pref=-523.9 ppos=-522.0 apid=0.0 integ=0.0 vision=1 current=1 vframe=13436 vs=1 vage=9 vpage=9 vdt=33 vmax=14661 vacc=11996 vrej=0 seq=0 elapsed=0 oled=3C
[   8657] STATUS mode=3 fault=none enc=-656 denc=0 sreq=0 sapplied=0 crate=-19 uimp=-1198075 upos=0 uneg=3200 ball=-125.00 vball=0.00 aball=0.0 bref=0.00 pid=-19.2 pref=-523.9 ppos=-522.0 apid=0.0 integ=0.0 vision=1 current=1 vframe=13436 vs=1 vage=29 vpage=29 vdt=33 vmax=14661 vacc=11996 vrej=0 seq=0 elapsed=0 oled=3C
[   8688] STATUS mode=3 fault=none enc=-656 denc=0 sreq=0 sapplied=0 crate=-19 uimp=-1198075 upos=0 uneg=3200 ball=-125.00 vball=0.00 aball=0.0 bref=0.00 pid=-19.2 pref=-523.9 ppos=-522.0 apid=0.0 integ=0.0 vision=1 current=1 vframe=13437 vs=1 vage=36 vpage=36 vdt=33 vmax=14661 vacc=11997 vrej=0 seq=0 elapsed=0 oled=3C
[   8718] STATUS mode=3 fault=none enc=-656 denc=0 sreq=0 sapplied=0 crate=-19 uimp=-1198075 upos=0 uneg=3200 ball=-125.00 vball=0.00 aball=0.0 bref=0.00 pid=-19.2 pref=-523.9 ppos=-522.0 apid=0.0 integ=0.0 vision=1 current=1 vframe=13437 vs=1 vage=56 vpage=56 vdt=33 vmax=14661 vacc=11997 vrej=0 seq=0 elapsed=0 oled=3C
[   8750] STATUS mode=3 fault=none enc=-656 denc=0 sreq=0 sapplied=0 crate=-19 uimp=-1198075 upos=0 uneg=3200 ball=-125.00 vball=0.00 aball=0.0 bref=0.00 pid=-19.2 pref=-523.9 ppos=-522.0 apid=0.0 integ=0.0 vision=1 current=1 vframe=13437 vs=1 vage=76 vpage=76 vdt=33 vmax=14661 vacc=11997 vrej=0 seq=0 elapsed=0 oled=3C
[   8766] STATUS mode=3 fault=none enc=-656 denc=0 sreq=0 sapplied=0 crate=-19 uimp=-1198075 upos=0 uneg=3200 ball=-125.00 vball=0.00 aball=0.0 bref=0.00 pid=-19.2 pref=-523.9 ppos=-522.0 apid=0.0 integ=0.0 vision=1 current=1 vframe=13438 vs=1 vage=19 vpage=19 vdt=97 vmax=14661 vacc=11998 vrej=0 seq=0 elapsed=0 oled=3C
[   8797] STATUS mode=3 fault=none enc=-656 denc=0 sreq=0 sapplied=0 crate=-19 uimp=-1198075 upos=0 uneg=3200 ball=-125.00 vball=0.00 aball=0.0 bref=0.00 pid=-19.2 pref=-523.9 ppos=-522.0 apid=0.0 integ=0.0 vision=1 current=1 vframe=13439 vs=1 vage=19 vpage=19 vdt=20 vmax=14661 vacc=11999 vrej=0 seq=0 elapsed=0 oled=3C
[   8827] STATUS mode=3 fault=none enc=-656 denc=0 sreq=0 sapplied=0 crate=-19 uimp=-1198075 upos=0 uneg=3200 ball=-125.00 vball=0.00 aball=0.0 bref=0.00 pid=-19.2 pref=-523.9 ppos=-522.0 apid=0.0 integ=0.0 vision=1 current=1 vframe=13440 vs=1 vage=6 vpage=6 vdt=33 vmax=14661 vacc=12000 vrej=0 seq=0 elapsed=0 oled=3C
[   8843] STATUS mode=3 fault=none enc=-656 denc=0 sreq=0 sapplied=0 crate=-19 uimp=-1198075 upos=0 uneg=3200 ball=-125.00 vball=0.00 aball=0.0 bref=0.00 pid=-19.2 pref=-523.9 ppos=-522.0 apid=0.0 integ=0.0 vision=1 current=1 vframe=13440 vs=1 vage=46 vpage=46 vdt=33 vmax=14661 vacc=12000 vrej=0 seq=0 elapsed=0 oled=3C
[   8875] STATUS mode=3 fault=none enc=-656 denc=0 sreq=0 sapplied=0 crate=-19 uimp=-1198075 upos=0 uneg=3200 ball=-125.00 vball=0.00 aball=0.0 bref=0.00 pid=-19.2 pref=-523.9 ppos=-522.0 apid=0.0 integ=0.0 vision=1 current=1 vframe=13440 vs=1 vage=66 vpage=66 vdt=33 vmax=14661 vacc=12000 vrej=0 seq=0 elapsed=0 oled=3C
[   8907] STATUS mode=3 fault=none enc=-656 denc=0 sreq=0 sapplied=0 crate=-19 uimp=-1198075 upos=0 uneg=3200 ball=-125.00 vball=0.00 aball=0.0 bref=0.00 pid=-19.2 pref=-523.9 ppos=-522.0 apid=0.0 integ=0.0 vision=1 current=1 vframe=13441 vs=1 vage=11 vpage=11 vdt=95 vmax=14661 vacc=12001 vrej=0 seq=0 elapsed=0 oled=3C
[   8938] STATUS mode=3 fault=none enc=-656 denc=0 sreq=0 sapplied=0 crate=-19 uimp=-1198075 upos=0 uneg=3200 ball=-125.00 vball=0.00 aball=0.0 bref=0.00 pid=-19.2 pref=-523.9 ppos=-522.0 apid=0.0 integ=0.0 vision=1 current=1 vframe=13442 vs=1 vage=9 vpage=9 vdt=22 vmax=14661 vacc=12002 vrej=0 seq=0 elapsed=0 oled=3C
[   8952] STATUS mode=3 fault=none enc=-656 denc=0 sreq=0 sapplied=0 crate=-19 uimp=-1198075 upos=0 uneg=3200 ball=-125.00 vball=0.00 aball=0.0 bref=0.00 pid=-19.2 pref=-523.9 ppos=-522.0 apid=0.0 integ=0.0 vision=1 current=1 vframe=13442 vs=1 vage=29 vpage=29 vdt=22 vmax=14661 vacc=12002 vrej=0 seq=0 elapsed=0 oled=3C
[   8984] STATUS mode=3 fault=none enc=-656 denc=0 sreq=0 sapplied=0 crate=-19 uimp=-1198075 upos=0 uneg=3200 ball=-125.00 vball=0.00 aball=0.0 bref=0.00 pid=-19.2 pref=-523.9 ppos=-522.0 apid=0.0 integ=0.0 vision=1 current=1 vframe=13443 vs=1 vage=36 vpage=36 vdt=33 vmax=14661 vacc=12003 vrej=0 seq=0 elapsed=0 oled=3C
[   9016] STATUS mode=3 fault=none enc=-656 denc=0 sreq=0 sapplied=0 crate=-19 uimp=-1198075 upos=0 uneg=3200 ball=-125.00 vball=0.00 aball=0.0 bref=0.00 pid=-19.2 pref=-523.9 ppos=-522.0 apid=0.0 integ=0.0 vision=1 current=1 vframe=13443 vs=1 vage=56 vpage=56 vdt=33 vmax=14661 vacc=12003 vrej=0 seq=0 elapsed=0 oled=3C
[   9047] STATUS mode=3 fault=none enc=-656 denc=0 sreq=0 sapplied=0 crate=-19 uimp=-1198075 upos=0 uneg=3200 ball=-125.00 vball=0.00 aball=0.0 bref=0.00 pid=-19.2 pref=-523.9 ppos=-522.0 apid=0.0 integ=0.0 vision=1 current=1 vframe=13443 vs=1 vage=76 vpage=76 vdt=33 vmax=14661 vacc=12003 vrej=0 seq=0 elapsed=0 oled=3C
[   9063] STATUS mode=3 fault=none enc=-656 denc=0 sreq=0 sapplied=0 crate=-19 uimp=-1198075 upos=0 uneg=3200 ball=-125.00 vball=0.00 aball=0.0 bref=0.00 pid=-19.2 pref=-523.9 ppos=-522.0 apid=0.0 integ=0.0 vision=1 current=1 vframe=13445 vs=1 vage=1 vpage=1 vdt=21 vmax=14661 vacc=12005 vrej=0 seq=0 elapsed=0 oled=3C
[   9093] STATUS mode=3 fault=none enc=-656 denc=0 sreq=0 sapplied=0 crate=-19 uimp=-1198075 upos=0 uneg=3200 ball=-125.00 vball=0.00 aball=0.0 bref=0.00 pid=-19.2 pref=-523.9 ppos=-522.0 apid=0.0 integ=0.0 vision=1 current=1 vframe=13445 vs=1 vage=21 vpage=21 vdt=21 vmax=14661 vacc=12005 vrej=0 seq=0 elapsed=0 oled=3C
[   9125] STATUS mode=3 fault=none enc=-656 denc=0 sreq=0 sapplied=0 crate=-19 uimp=-1198075 upos=0 uneg=3200 ball=-125.00 vball=0.00 aball=0.0 bref=0.00 pid=-19.2 pref=-523.9 ppos=-522.0 apid=0.0 integ=0.0 vision=1 current=1 vframe=13446 vs=1 vage=8 vpage=8 vdt=33 vmax=14661 vacc=12006 vrej=0 seq=0 elapsed=0 oled=3C
[   9157] STATUS mode=3 fault=none enc=-656 denc=0 sreq=0 sapplied=0 crate=-19 uimp=-1198075 upos=0 uneg=3200 ball=-125.00 vball=0.00 aball=0.0 bref=0.00 pid=-19.2 pref=-523.9 ppos=-522.0 apid=0.0 integ=0.0 vision=1 current=1 vframe=13446 vs=1 vage=48 vpage=48 vdt=33 vmax=14661 vacc=12006 vrej=0 seq=0 elapsed=0 oled=3C
[   9172] STATUS mode=3 fault=none enc=-656 denc=0 sreq=0 sapplied=0 crate=-19 uimp=-1198075 upos=0 uneg=3200 ball=-125.00 vball=0.00 aball=0.0 bref=0.00 pid=-19.2 pref=-523.9 ppos=-522.0 apid=0.0 integ=0.0 vision=1 current=1 vframe=13446 vs=1 vage=68 vpage=68 vdt=33 vmax=14661 vacc=12006 vrej=0 seq=0 elapsed=0 oled=3C
[   9202] STATUS mode=3 fault=none enc=-656 denc=0 sreq=0 sapplied=0 crate=-19 uimp=-1198075 upos=0 uneg=3200 ball=-125.00 vball=0.00 aball=0.0 bref=0.00 pid=-19.2 pref=-523.9 ppos=-522.0 apid=0.0 integ=0.0 vision=1 current=1 vframe=13446 vs=1 vage=88 vpage=88 vdt=33 vmax=14661 vacc=12006 vrej=0 seq=0 elapsed=0 oled=3C
[   9234] STATUS mode=3 fault=none enc=-656 denc=0 sreq=0 sapplied=0 crate=-19 uimp=-1198075 upos=0 uneg=3200 ball=-125.00 vball=0.00 aball=0.0 bref=0.00 pid=-19.2 pref=-523.9 ppos=-522.0 apid=0.0 integ=0.0 vision=1 current=1 vframe=13448 vs=1 vage=11 vpage=11 vdt=21 vmax=14661 vacc=12008 vrej=0 seq=0 elapsed=0 oled=3C
[   9250] STATUS mode=3 fault=none enc=-656 denc=0 sreq=0 sapplied=0 crate=-19 uimp=-1198075 upos=0 uneg=3200 ball=-125.00 vball=0.00 aball=0.0 bref=0.00 pid=-19.2 pref=-523.9 ppos=-522.0 apid=0.0 integ=0.0 vision=1 current=1 vframe=13448 vs=1 vage=31 vpage=31 vdt=21 vmax=14661 vacc=12008 vrej=0 seq=0 elapsed=0 oled=3C
[   9282] STATUS mode=3 fault=none enc=-656 denc=0 sreq=0 sapplied=0 crate=-19 uimp=-1198075 upos=0 uneg=3200 ball=-125.00 vball=0.00 aball=0.0 bref=0.00 pid=-19.2 pref=-523.9 ppos=-522.0 apid=0.0 integ=0.0 vision=1 current=1 vframe=13449 vs=1 vage=17 vpage=17 vdt=34 vmax=14661 vacc=12009 vrej=0 seq=0 elapsed=0 oled=3C
[   9313] STATUS mode=3 fault=none enc=-656 denc=0 sreq=0 sapplied=0 crate=-19 uimp=-1198075 upos=0 uneg=3200 ball=-125.00 vball=0.00 aball=0.0 bref=0.00 pid=-19.2 pref=-523.9 ppos=-522.0 apid=0.0 integ=0.0 vision=1 current=1 vframe=13449 vs=1 vage=57 vpage=57 vdt=34 vmax=14661 vacc=12009 vrej=0 seq=0 elapsed=0 oled=3C
[   9343] STATUS mode=3 fault=none enc=-656 denc=0 sreq=0 sapplied=0 crate=-19 uimp=-1198075 upos=0 uneg=3200 ball=-125.00 vball=0.00 aball=0.0 bref=0.00 pid=-19.2 pref=-523.9 ppos=-522.0 apid=0.0 integ=0.0 vision=1 current=1 vframe=13449 vs=1 vage=77 vpage=77 vdt=34 vmax=14661 vacc=12009 vrej=0 seq=0 elapsed=0 oled=3C
[   9359] STATUS mode=3 fault=none enc=-656 denc=0 sreq=0 sapplied=0 crate=-19 uimp=-1198075 upos=0 uneg=3200 ball=-125.00 vball=0.00 aball=0.0 bref=0.00 pid=-19.2 pref=-523.9 ppos=-522.0 apid=0.0 integ=0.0 vision=1 current=1 vframe=13450 vs=1 vage=22 vpage=22 vdt=95 vmax=14661 vacc=12010 vrej=0 seq=0 elapsed=0 oled=3C
[   9391] STATUS mode=3 fault=none enc=-656 denc=0 sreq=0 sapplied=0 crate=-19 uimp=-1198075 upos=0 uneg=3200 ball=-125.00 vball=0.00 aball=0.0 bref=0.00 pid=-19.2 pref=-523.9 ppos=-522.0 apid=0.0 integ=0.0 vision=1 current=1 vframe=13451 vs=1 vage=20 vpage=20 vdt=22 vmax=14661 vacc=12011 vrej=0 seq=0 elapsed=0 oled=3C
[   9422] STATUS mode=3 fault=none enc=-656 denc=0 sreq=0 sapplied=0 crate=-19 uimp=-1198075 upos=0 uneg=3200 ball=-125.00 vball=0.00 aball=0.0 bref=0.00 pid=-19.2 pref=-523.9 ppos=-522.0 apid=0.0 integ=0.0 vision=1 current=1 vframe=13452 vs=1 vage=6 vpage=6 vdt=34 vmax=14661 vacc=12012 vrej=0 seq=0 elapsed=0 oled=3C
[   9452] STATUS mode=3 fault=none enc=-656 denc=0 sreq=0 sapplied=0 crate=-19 uimp=-1198075 upos=0 uneg=3200 ball=-125.00 vball=0.00 aball=0.0 bref=0.00 pid=-19.2 pref=-523.9 ppos=-522.0 apid=0.0 integ=0.0 vision=1 current=1 vframe=13452 vs=1 vage=46 vpage=46 vdt=34 vmax=14661 vacc=12012 vrej=0 seq=0 elapsed=0 oled=3C
[   9468] STATUS mode=3 fault=none enc=-656 denc=0 sreq=0 sapplied=0 crate=-19 uimp=-1198075 upos=0 uneg=3200 ball=-125.00 vball=0.00 aball=0.0 bref=0.00 pid=-19.2 pref=-523.9 ppos=-522.0 apid=0.0 integ=0.0 vision=1 current=1 vframe=13452 vs=1 vage=66 vpage=66 vdt=34 vmax=14661 vacc=12012 vrej=0 seq=0 elapsed=0 oled=3C
[   9500] STATUS mode=3 fault=none enc=-656 denc=0 sreq=0 sapplied=0 crate=-19 uimp=-1198075 upos=0 uneg=3200 ball=-125.00 vball=0.00 aball=0.0 bref=0.00 pid=-19.2 pref=-523.9 ppos=-522.0 apid=0.0 integ=0.0 vision=1 current=1 vframe=13452 vs=1 vage=86 vpage=86 vdt=34 vmax=14661 vacc=12012 vrej=0 seq=0 elapsed=0 oled=3C
[   9532] STATUS mode=3 fault=none enc=-656 denc=0 sreq=0 sapplied=0 crate=-19 uimp=-1198075 upos=0 uneg=3200 ball=-125.00 vball=0.00 aball=0.0 bref=0.00 pid=-19.2 pref=-523.9 ppos=-522.0 apid=0.0 integ=0.0 vision=1 current=1 vframe=13453 vs=1 vage=26 vpage=26 vdt=100 vmax=14661 vacc=12013 vrej=0 seq=0 elapsed=0 oled=3C
[   9563] STATUS mode=3 fault=none enc=-656 denc=0 sreq=0 sapplied=0 crate=-19 uimp=-1198075 upos=0 uneg=3200 ball=-125.00 vball=0.00 aball=0.0 bref=0.00 pid=-19.2 pref=-523.9 ppos=-522.0 apid=0.0 integ=0.0 vision=1 current=1 vframe=13454 vs=1 vage=6 vpage=6 vdt=40 vmax=14661 vacc=12014 vrej=0 seq=0 elapsed=0 oled=3C
[   9577] STATUS mode=3 fault=none enc=-656 denc=0 sreq=0 sapplied=0 crate=-19 uimp=-1198075 upos=0 uneg=3200 ball=-125.00 vball=0.00 aball=0.0 bref=0.00 pid=-19.2 pref=-523.9 ppos=-522.0 apid=0.0 integ=0.0 vision=1 current=1 vframe=13454 vs=1 vage=26 vpage=26 vdt=40 vmax=14661 vacc=12014 vrej=0 seq=0 elapsed=0 oled=3C
[   9609] STATUS mode=3 fault=none enc=-656 denc=0 sreq=0 sapplied=0 crate=-19 uimp=-1198075 upos=0 uneg=3200 ball=-125.00 vball=0.00 aball=0.0 bref=0.00 pid=-19.2 pref=-523.9 ppos=-522.0 apid=0.0 integ=0.0 vision=1 current=1 vframe=13454 vs=1 vage=66 vpage=66 vdt=40 vmax=14661 vacc=12014 vrej=0 seq=0 elapsed=0 oled=3C
[   9641] STATUS mode=3 fault=none enc=-656 denc=0 sreq=0 sapplied=0 crate=-19 uimp=-1198075 upos=0 uneg=3200 ball=-125.00 vball=0.00 aball=0.0 bref=0.00 pid=-19.2 pref=-523.9 ppos=-522.0 apid=0.0 integ=0.0 vision=1 current=1 vframe=13454 vs=1 vage=86 vpage=86 vdt=40 vmax=14661 vacc=12014 vrej=0 seq=0 elapsed=0 oled=3C
[   9672] STATUS mode=3 fault=none enc=-656 denc=0 sreq=0 sapplied=0 crate=-19 uimp=-1198075 upos=0 uneg=3200 ball=-125.00 vball=0.00 aball=0.0 bref=0.00 pid=-19.2 pref=-523.9 ppos=-522.0 apid=0.0 integ=0.0 vision=1 current=1 vframe=13455 vs=1 vage=2 vpage=2 vdt=104 vmax=14661 vacc=12015 vrej=0 seq=0 elapsed=0 oled=3C
[   9688] STATUS mode=3 fault=none enc=-656 denc=0 sreq=0 sapplied=0 crate=-19 uimp=-1198075 upos=0 uneg=3200 ball=-125.00 vball=0.00 aball=0.0 bref=0.00 pid=-19.2 pref=-523.9 ppos=-522.0 apid=0.0 integ=0.0 vision=1 current=0 vframe=13457 vs=0 vage=42 vpage=7 vdt=104 vmax=14661 vacc=12015 vrej=0 seq=0 elapsed=0 oled=3C
[   9718] STATUS mode=3 fault=none enc=-656 denc=0 sreq=0 sapplied=0 crate=-19 uimp=-1198075 upos=0 uneg=3200 ball=-125.00 vball=0.00 aball=0.0 bref=0.00 pid=-19.2 pref=-523.9 ppos=-522.0 apid=0.0 integ=0.0 vision=1 current=0 vframe=13457 vs=0 vage=62 vpage=27 vdt=104 vmax=14661 vacc=12015 vrej=0 seq=0 elapsed=0 oled=3C
[   9750] STATUS mode=3 fault=none enc=-656 denc=0 sreq=0 sapplied=0 crate=-19 uimp=-1198075 upos=0 uneg=3200 ball=-125.00 vball=0.00 aball=0.0 bref=0.00 pid=-19.2 pref=-523.9 ppos=-522.0 apid=0.0 integ=0.0 vision=1 current=0 vframe=13458 vs=0 vage=82 vpage=14 vdt=104 vmax=14661 vacc=12015 vrej=0 seq=0 elapsed=0 oled=3C
[   9766] STATUS mode=3 fault=none enc=-656 denc=0 sreq=0 sapplied=0 crate=-19 uimp=-1198075 upos=0 uneg=3200 ball=-125.00 vball=0.00 aball=0.0 bref=0.00 pid=-19.2 pref=-523.9 ppos=-522.0 apid=0.0 integ=0.0 vision=1 current=0 vframe=13458 vs=0 vage=122 vpage=54 vdt=104 vmax=14661 vacc=12015 vrej=0 seq=0 elapsed=0 oled=3C
[   9797] STATUS mode=3 fault=none enc=-656 denc=0 sreq=0 sapplied=0 crate=-19 uimp=-1198075 upos=0 uneg=3200 ball=-125.00 vball=0.00 aball=0.0 bref=0.00 pid=-19.2 pref=-523.9 ppos=-522.0 apid=0.0 integ=0.0 vision=1 current=0 vframe=13458 vs=0 vage=142 vpage=74 vdt=104 vmax=14661 vacc=12015 vrej=0 seq=0 elapsed=0 oled=3C
[   9827] STATUS mode=3 fault=none enc=-656 denc=0 sreq=0 sapplied=0 crate=0 uimp=-1198075 upos=0 uneg=3200 ball=-125.00 vball=0.00 aball=0.0 bref=0.00 pid=-19.2 pref=-522.0 ppos=-522.0 apid=0.0 integ=0.0 vision=1 current=0 vframe=13459 vs=0 vage=182 vpage=14 vdt=104 vmax=14661 vacc=12015 vrej=0 seq=0 elapsed=0 oled=3C
[   9859] STATUS mode=3 fault=none enc=-656 denc=0 sreq=0 sapplied=0 crate=0 uimp=-1198075 upos=0 uneg=3200 ball=-125.00 vball=0.00 aball=0.0 bref=0.00 pid=-19.2 pref=-522.0 ppos=-522.0 apid=0.0 integ=0.0 vision=1 current=0 vframe=13459 vs=0 vage=202 vpage=34 vdt=104 vmax=14661 vacc=12015 vrej=0 seq=0 elapsed=0 oled=3C
[   9875] STATUS mode=3 fault=none enc=-656 denc=0 sreq=0 sapplied=0 crate=0 uimp=-1198075 upos=0 uneg=3200 ball=-125.00 vball=0.00 aball=0.0 bref=0.00 pid=-19.2 pref=-522.0 ppos=-522.0 apid=0.0 integ=0.0 vision=1 current=0 vframe=13460 vs=0 vage=222 vpage=20 vdt=104 vmax=14661 vacc=12015 vrej=0 seq=0 elapsed=0 oled=3C
[   9907] STATUS mode=3 fault=none enc=-656 denc=0 sreq=0 sapplied=0 crate=0 uimp=-1198075 upos=0 uneg=3200 ball=-125.00 vball=0.00 aball=0.0 bref=0.00 pid=-19.2 pref=-522.0 ppos=-522.0 apid=0.0 integ=0.0 vision=1 current=0 vframe=13460 vs=0 vage=262 vpage=60 vdt=104 vmax=14661 vacc=12015 vrej=0 seq=0 elapsed=0 oled=3C
[   9938] STATUS mode=3 fault=none enc=-656 denc=0 sreq=0 sapplied=0 crate=0 uimp=-1198075 upos=0 uneg=3200 ball=-125.00 vball=0.00 aball=0.0 bref=0.00 pid=-19.2 pref=-522.0 ppos=-522.0 apid=0.0 integ=0.0 vision=1 current=0 vframe=13460 vs=0 vage=282 vpage=80 vdt=104 vmax=14661 vacc=12015 vrej=0 seq=0 elapsed=0 oled=3C
[   9968] STATUS mode=3 fault=none enc=-656 denc=0 sreq=0 sapplied=0 crate=0 uimp=-1198075 upos=0 uneg=3200 ball=-125.00 vball=0.00 aball=0.0 bref=0.00 pid=-19.2 pref=-522.0 ppos=-522.0 apid=0.0 integ=0.0 vision=1 current=0 vframe=13460 vs=0 vage=302 vpage=100 vdt=104 vmax=14661 vacc=12015 vrej=0 seq=0 elapsed=0 oled=3C
[   9984] STATUS mode=3 fault=none enc=-656 denc=0 sreq=0 sapplied=0 crate=0 uimp=-1198075 upos=0 uneg=3200 ball=-125.00 vball=0.00 aball=0.0 bref=0.00 pid=-19.2 pref=-522.0 ppos=-522.0 apid=0.0 integ=0.0 vision=1 current=0 vframe=13462 vs=0 vage=342 vpage=23 vdt=104 vmax=14661 vacc=12015 vrej=0 seq=0 elapsed=0 oled=3C
[  10016] STATUS mode=3 fault=none enc=-656 denc=0 sreq=0 sapplied=0 crate=0 uimp=-1198075 upos=0 uneg=3200 ball=-125.00 vball=0.00 aball=0.0 bref=0.00 pid=-19.2 pref=-522.0 ppos=-522.0 apid=0.0 integ=0.0 vision=1 current=0 vframe=13463 vs=0 vage=362 vpage=9 vdt=104 vmax=14661 vacc=12015 vrej=0 seq=0 elapsed=0 oled=3C
[  10047] STATUS mode=3 fault=none enc=-656 denc=0 sreq=0 sapplied=0 crate=0 uimp=-1198075 upos=0 uneg=3200 ball=-125.00 vball=0.00 aball=0.0 bref=0.00 pid=-19.2 pref=-522.0 ppos=-522.0 apid=0.0 integ=0.0 vision=1 current=0 vframe=13463 vs=0 vage=382 vpage=29 vdt=104 vmax=14661 vacc=12015 vrej=0 seq=0 elapsed=0 oled=3C
[  10077] STATUS mode=3 fault=none enc=-656 denc=0 sreq=0 sapplied=0 crate=-19 uimp=-1198075 upos=0 uneg=3200 ball=-125.00 vball=0.00 aball=0.0 bref=0.00 pid=-19.2 pref=-523.9 ppos=-522.0 apid=0.0 integ=0.0 vision=1 current=1 vframe=13464 vs=1 vage=34 vpage=34 vdt=388 vmax=14661 vacc=12016 vrej=0 seq=0 elapsed=0 oled=3C
[  10093] STATUS mode=3 fault=none enc=-656 denc=0 sreq=0 sapplied=0 crate=-19 uimp=-1198075 upos=0 uneg=3200 ball=-125.00 vball=0.00 aball=0.0 bref=0.00 pid=-19.2 pref=-523.9 ppos=-522.0 apid=0.0 integ=0.0 vision=1 current=1 vframe=13464 vs=1 vage=54 vpage=54 vdt=388 vmax=14661 vacc=12016 vrej=0 seq=0 elapsed=0 oled=3C
[  10125] STATUS mode=3 fault=none enc=-656 denc=0 sreq=0 sapplied=0 crate=-19 uimp=-1198075 upos=0 uneg=3200 ball=-125.00 vball=0.00 aball=0.0 bref=0.00 pid=-19.2 pref=-523.9 ppos=-522.0 apid=0.0 integ=0.0 vision=1 current=1 vframe=13464 vs=1 vage=74 vpage=74 vdt=388 vmax=14661 vacc=12016 vrej=0 seq=0 elapsed=0 oled=3C
[  10157] STATUS mode=3 fault=none enc=-656 denc=0 sreq=0 sapplied=0 crate=-19 uimp=-1198075 upos=0 uneg=3200 ball=-125.00 vball=0.00 aball=0.0 bref=0.00 pid=-19.2 pref=-523.9 ppos=-522.0 apid=0.0 integ=0.0 vision=1 current=1 vframe=13465 vs=1 vage=19 vpage=19 vdt=95 vmax=14661 vacc=12017 vrej=0 seq=0 elapsed=0 oled=3C
[  10172] STATUS mode=3 fault=none enc=-656 denc=0 sreq=0 sapplied=0 crate=-19 uimp=-1198075 upos=0 uneg=3200 ball=-125.00 vball=0.00 aball=0.0 bref=0.00 pid=-19.2 pref=-523.9 ppos=-522.0 apid=0.0 integ=0.0 vision=1 current=0 vframe=13466 vs=0 vage=39 vpage=19 vdt=95 vmax=14661 vacc=12017 vrej=0 seq=0 elapsed=0 oled=3C
[  10202] STATUS mode=3 fault=none enc=-656 denc=0 sreq=0 sapplied=0 crate=-19 uimp=-1198075 upos=0 uneg=3200 ball=-125.00 vball=0.00 aball=0.0 bref=0.00 pid=-19.2 pref=-523.9 ppos=-522.0 apid=0.0 integ=0.0 vision=1 current=0 vframe=13467 vs=0 vage=79 vpage=27 vdt=95 vmax=14661 vacc=12017 vrej=0 seq=0 elapsed=0 oled=3C
[  10234] STATUS mode=3 fault=none enc=-656 denc=0 sreq=0 sapplied=0 crate=-19 uimp=-1198075 upos=0 uneg=3200 ball=-125.00 vball=0.00 aball=0.0 bref=0.00 pid=-19.2 pref=-523.9 ppos=-522.0 apid=0.0 integ=0.0 vision=1 current=0 vframe=13467 vs=0 vage=99 vpage=47 vdt=95 vmax=14661 vacc=12017 vrej=0 seq=0 elapsed=0 oled=3C
[  10266] STATUS mode=3 fault=none enc=-656 denc=0 sreq=0 sapplied=0 crate=-19 uimp=-1198075 upos=0 uneg=3200 ball=-125.00 vball=0.00 aball=0.0 bref=0.00 pid=-19.2 pref=-523.9 ppos=-522.0 apid=0.0 integ=0.0 vision=1 current=0 vframe=13467 vs=0 vage=119 vpage=67 vdt=95 vmax=14661 vacc=12017 vrej=0 seq=0 elapsed=0 oled=3C
[  10282] STATUS mode=3 fault=none enc=-656 denc=0 sreq=0 sapplied=0 crate=0 uimp=-1198075 upos=0 uneg=3200 ball=-125.00 vball=0.00 aball=0.0 bref=0.00 pid=-19.2 pref=-522.0 ppos=-522.0 apid=0.0 integ=0.0 vision=1 current=0 vframe=13468 vs=0 vage=159 vpage=7 vdt=95 vmax=14661 vacc=12017 vrej=0 seq=0 elapsed=0 oled=3C
[  10313] STATUS mode=3 fault=none enc=-656 denc=0 sreq=0 sapplied=0 crate=0 uimp=-1198075 upos=0 uneg=3200 ball=-125.00 vball=0.00 aball=0.0 bref=0.00 pid=-19.2 pref=-522.0 ppos=-522.0 apid=0.0 integ=0.0 vision=1 current=0 vframe=13468 vs=0 vage=179 vpage=27 vdt=95 vmax=14661 vacc=12017 vrej=0 seq=0 elapsed=0 oled=3C
[  10343] STATUS mode=3 fault=none enc=-656 denc=0 sreq=0 sapplied=0 crate=0 uimp=-1198075 upos=0 uneg=3200 ball=-125.00 vball=0.00 aball=0.0 bref=0.00 pid=-19.2 pref=-522.0 ppos=-522.0 apid=0.0 integ=0.0 vision=1 current=0 vframe=13469 vs=0 vage=199 vpage=14 vdt=95 vmax=14661 vacc=12017 vrej=0 seq=0 elapsed=0 oled=3C
[  10375] STATUS mode=3 fault=none enc=-656 denc=0 sreq=0 sapplied=0 crate=0 uimp=-1198075 upos=0 uneg=3200 ball=-125.00 vball=0.00 aball=0.0 bref=0.00 pid=-19.2 pref=-522.0 ppos=-522.0 apid=0.0 integ=0.0 vision=1 current=0 vframe=13470 vs=0 vage=239 vpage=21 vdt=95 vmax=14661 vacc=12017 vrej=0 seq=0 elapsed=0 oled=3C
[  10391] STATUS mode=3 fault=none enc=-656 denc=0 sreq=0 sapplied=0 crate=0 uimp=-1198075 upos=0 uneg=3200 ball=-125.00 vball=0.00 aball=0.0 bref=0.00 pid=-19.2 pref=-522.0 ppos=-522.0 apid=0.0 integ=0.0 vision=1 current=0 vframe=13470 vs=0 vage=259 vpage=41 vdt=95 vmax=14661 vacc=12017 vrej=0 seq=0 elapsed=0 oled=3C
[  10422] STATUS mode=3 fault=none enc=-656 denc=0 sreq=0 sapplied=0 crate=0 uimp=-1198075 upos=0 uneg=3200 ball=-125.00 vball=0.00 aball=0.0 bref=0.00 pid=-19.2 pref=-522.0 ppos=-522.0 apid=0.0 integ=0.0 vision=1 current=0 vframe=13470 vs=0 vage=279 vpage=61 vdt=95 vmax=14661 vacc=12017 vrej=0 seq=0 elapsed=0 oled=3C
[  10452] STATUS mode=3 fault=none enc=-656 denc=0 sreq=0 sapplied=0 crate=0 uimp=-1198075 upos=0 uneg=3200 ball=-125.00 vball=0.00 aball=0.0 bref=0.00 pid=-19.2 pref=-522.0 ppos=-522.0 apid=0.0 integ=0.0 vision=1 current=0 vframe=13470 vs=0 vage=319 vpage=101 vdt=95 vmax=14661 vacc=12017 vrej=0 seq=0 elapsed=0 oled=3C
[  10484] STATUS mode=3 fault=none enc=-656 denc=0 sreq=0 sapplied=0 crate=0 uimp=-1198075 upos=0 uneg=3200 ball=-125.00 vball=0.00 aball=0.0 bref=0.00 pid=-19.2 pref=-522.0 ppos=-522.0 apid=0.0 integ=0.0 vision=1 current=0 vframe=13471 vs=0 vage=339 vpage=16 vdt=95 vmax=14661 vacc=12017 vrej=0 seq=0 elapsed=0 oled=3C
[  10500] STATUS mode=3 fault=none enc=-656 denc=0 sreq=0 sapplied=0 crate=0 uimp=-1198075 upos=0 uneg=3200 ball=-125.00 vball=0.00 aball=0.0 bref=0.00 pid=-19.2 pref=-522.0 ppos=-522.0 apid=0.0 integ=0.0 vision=1 current=0 vframe=13472 vs=0 vage=359 vpage=7 vdt=95 vmax=14661 vacc=12017 vrej=0 seq=0 elapsed=0 oled=3C
[  10532] STATUS mode=3 fault=none enc=-656 denc=0 sreq=0 sapplied=0 crate=0 uimp=-1198075 upos=0 uneg=3200 ball=-125.00 vball=0.00 aball=0.0 bref=0.00 pid=-19.2 pref=-522.0 ppos=-522.0 apid=0.0 integ=0.0 vision=1 current=0 vframe=13473 vs=0 vage=399 vpage=15 vdt=95 vmax=14661 vacc=12017 vrej=0 seq=0 elapsed=0 oled=3C
[  10563] STATUS mode=3 fault=none enc=-656 denc=0 sreq=0 sapplied=0 crate=0 uimp=-1198075 upos=0 uneg=3200 ball=-125.00 vball=0.00 aball=0.0 bref=0.00 pid=-19.2 pref=-522.0 ppos=-522.0 apid=0.0 integ=0.0 vision=1 current=0 vframe=13473 vs=0 vage=419 vpage=35 vdt=95 vmax=14661 vacc=12017 vrej=0 seq=0 elapsed=0 oled=3C
[  10577] STATUS mode=3 fault=none enc=-656 denc=0 sreq=0 sapplied=0 crate=0 uimp=-1198075 upos=0 uneg=3200 ball=-125.00 vball=0.00 aball=0.0 bref=0.00 pid=-19.2 pref=-522.0 ppos=-522.0 apid=0.0 integ=0.0 vision=1 current=0 vframe=13473 vs=0 vage=439 vpage=55 vdt=95 vmax=14661 vacc=12017 vrej=0 seq=0 elapsed=0 oled=3C
[  10609] STATUS mode=3 fault=none enc=-656 denc=0 sreq=0 sapplied=0 crate=0 uimp=-1198075 upos=0 uneg=3200 ball=-125.00 vball=0.00 aball=0.0 bref=0.00 pid=-19.2 pref=-522.0 ppos=-522.0 apid=0.0 integ=0.0 vision=1 current=0 vframe=13473 vs=0 vage=479 vpage=95 vdt=95 vmax=14661 vacc=12017 vrej=0 seq=0 elapsed=0 oled=3C
[  10641] STATUS mode=3 fault=none enc=-656 denc=0 sreq=0 sapplied=0 crate=0 uimp=-1198075 upos=0 uneg=3200 ball=-125.00 vball=0.00 aball=0.0 bref=0.00 pid=-19.2 pref=-522.0 ppos=-522.0 apid=0.0 integ=0.0 vision=1 current=0 vframe=13474 vs=0 vage=499 vpage=20 vdt=95 vmax=14661 vacc=12017 vrej=0 seq=0 elapsed=0 oled=3C
[  10672] STATUS mode=3 fault=none enc=-656 denc=0 sreq=0 sapplied=0 crate=0 uimp=-1198075 upos=0 uneg=3200 ball=-125.00 vball=0.00 aball=0.0 bref=0.00 pid=-19.2 pref=-522.0 ppos=-522.0 apid=0.0 integ=0.0 vision=1 current=0 vframe=13476 vs=0 vage=539 vpage=6 vdt=95 vmax=14661 vacc=12017 vrej=0 seq=0 elapsed=0 oled=3C
[  10688] STATUS mode=3 fault=none enc=-656 denc=0 sreq=0 sapplied=0 crate=0 uimp=-1198075 upos=0 uneg=3200 ball=-125.00 vball=0.00 aball=0.0 bref=0.00 pid=-19.2 pref=-522.0 ppos=-522.0 apid=0.0 integ=0.0 vision=1 current=0 vframe=13476 vs=0 vage=559 vpage=26 vdt=95 vmax=14661 vacc=12017 vrej=0 seq=0 elapsed=0 oled=3C
[  10718] STATUS mode=3 fault=none enc=-656 denc=0 sreq=0 sapplied=0 crate=0 uimp=-1198075 upos=0 uneg=3200 ball=-125.00 vball=0.00 aball=0.0 bref=0.00 pid=-19.2 pref=-522.0 ppos=-522.0 apid=0.0 integ=0.0 vision=1 current=0 vframe=13476 vs=0 vage=579 vpage=46 vdt=95 vmax=14661 vacc=12017 vrej=0 seq=0 elapsed=0 oled=3C
[  10750] STATUS mode=3 fault=none enc=-656 denc=0 sreq=0 sapplied=0 crate=0 uimp=-1198075 upos=0 uneg=3200 ball=-125.00 vball=0.00 aball=0.0 bref=0.00 pid=-19.2 pref=-522.0 ppos=-522.0 apid=0.0 integ=0.0 vision=1 current=0 vframe=13476 vs=0 vage=619 vpage=86 vdt=95 vmax=14661 vacc=12017 vrej=0 seq=0 elapsed=0 oled=3C
[  10782] STATUS mode=3 fault=none enc=-656 denc=0 sreq=0 sapplied=0 crate=0 uimp=-1198075 upos=0 uneg=3200 ball=-125.00 vball=0.00 aball=0.0 bref=0.00 pid=-19.2 pref=-522.0 ppos=-522.0 apid=0.0 integ=0.0 vision=1 current=0 vframe=13477 vs=0 vage=639 vpage=10 vdt=95 vmax=14661 vacc=12017 vrej=0 seq=0 elapsed=0 oled=3C
[  10797] STATUS mode=3 fault=none enc=-656 denc=0 sreq=0 sapplied=0 crate=0 uimp=-1198075 upos=0 uneg=3200 ball=-125.00 vball=0.00 aball=0.0 bref=0.00 pid=-19.2 pref=-522.0 ppos=-522.0 apid=0.0 integ=0.0 vision=1 current=0 vframe=13478 vs=0 vage=659 vpage=8 vdt=95 vmax=14661 vacc=12017 vrej=0 seq=0 elapsed=0 oled=3C
[  10827] STATUS mode=3 fault=none enc=-656 denc=0 sreq=0 sapplied=0 crate=0 uimp=-1198075 upos=0 uneg=3200 ball=-125.00 vball=0.00 aball=0.0 bref=0.00 pid=-19.2 pref=-522.0 ppos=-522.0 apid=0.0 integ=0.0 vision=1 current=0 vframe=13479 vs=0 vage=699 vpage=13 vdt=95 vmax=14661 vacc=12017 vrej=0 seq=0 elapsed=0 oled=3C
[  10859] STATUS mode=3 fault=none enc=-656 denc=0 sreq=0 sapplied=0 crate=0 uimp=-1198075 upos=0 uneg=3200 ball=-125.00 vball=0.00 aball=0.0 bref=0.00 pid=-19.2 pref=-522.0 ppos=-522.0 apid=0.0 integ=0.0 vision=1 current=0 vframe=13479 vs=0 vage=719 vpage=33 vdt=95 vmax=14661 vacc=12017 vrej=0 seq=0 elapsed=0 oled=3C
[  10875] STATUS mode=3 fault=none enc=-656 denc=0 sreq=0 sapplied=0 crate=0 uimp=-1198075 upos=0 uneg=3200 ball=-125.00 vball=0.00 aball=0.0 bref=0.00 pid=-19.2 pref=-522.0 ppos=-522.0 apid=0.0 integ=0.0 vision=1 current=0 vframe=13479 vs=0 vage=739 vpage=53 vdt=95 vmax=14661 vacc=12017 vrej=0 seq=0 elapsed=0 oled=3C
[  10907] STATUS mode=3 fault=none enc=-656 denc=0 sreq=0 sapplied=0 crate=0 uimp=-1198075 upos=0 uneg=3200 ball=-125.00 vball=0.00 aball=0.0 bref=0.00 pid=-19.2 pref=-522.0 ppos=-522.0 apid=0.0 integ=0.0 vision=1 current=0 vframe=13480 vs=0 vage=779 vpage=1 vdt=95 vmax=14661 vacc=12017 vrej=0 seq=0 elapsed=0 oled=3C
[  10938] STATUS mode=3 fault=none enc=-656 denc=0 sreq=0 sapplied=0 crate=0 uimp=-1198075 upos=0 uneg=3200 ball=-125.00 vball=0.00 aball=0.0 bref=0.00 pid=-19.2 pref=-522.0 ppos=-522.0 apid=0.0 integ=0.0 vision=1 current=0 vframe=13480 vs=0 vage=799 vpage=21 vdt=95 vmax=14661 vacc=12017 vrej=0 seq=0 elapsed=0 oled=3C
[  10968] STATUS mode=3 fault=none enc=-656 denc=0 sreq=0 sapplied=0 crate=0 uimp=-1198075 upos=0 uneg=3200 ball=-125.00 vball=0.00 aball=0.0 bref=0.00 pid=-19.2 pref=-522.0 ppos=-522.0 apid=0.0 integ=0.0 vision=1 current=0 vframe=13481 vs=0 vage=819 vpage=16 vdt=95 vmax=14661 vacc=12017 vrej=0 seq=0 elapsed=0 oled=3C
[  10984] STATUS mode=3 fault=none enc=-656 denc=0 sreq=0 sapplied=0 crate=-19 uimp=-1198075 upos=0 uneg=3200 ball=113.76 vball=0.00 aball=0.0 bref=0.00 pid=-19.2 pref=-523.9 ppos=-522.0 apid=0.0 integ=0.0 vision=1 current=1 vframe=13482 vs=1 vage=21 vpage=21 vdt=838 vmax=14661 vacc=12018 vrej=0 seq=0 elapsed=0 oled=3C
[  11016] STATUS mode=3 fault=none enc=-656 denc=0 sreq=0 sapplied=0 crate=-19 uimp=-1198075 upos=0 uneg=3200 ball=113.76 vball=0.00 aball=0.0 bref=0.00 pid=-19.2 pref=-523.9 ppos=-522.0 apid=0.0 integ=0.0 vision=1 current=1 vframe=13482 vs=1 vage=41 vpage=41 vdt=838 vmax=14661 vacc=12018 vrej=0 seq=0 elapsed=0 oled=3C
[  11047] STATUS mode=3 fault=none enc=-656 denc=0 sreq=0 sapplied=0 crate=-19 uimp=-1198075 upos=0 uneg=3200 ball=113.76 vball=0.00 aball=0.0 bref=0.00 pid=-19.2 pref=-523.9 ppos=-522.0 apid=0.0 integ=0.0 vision=1 current=1 vframe=13482 vs=1 vage=61 vpage=61 vdt=838 vmax=14661 vacc=12018 vrej=0 seq=0 elapsed=0 oled=3C
[  11077] STATUS mode=3 fault=none enc=-656 denc=0 sreq=0 sapplied=0 crate=-19 uimp=-1198075 upos=0 uneg=3200 ball=113.76 vball=0.00 aball=0.0 bref=0.00 pid=-19.2 pref=-523.9 ppos=-522.0 apid=0.0 integ=0.0 vision=1 current=1 vframe=13483 vs=1 vage=2 vpage=2 vdt=99 vmax=14661 vacc=12019 vrej=0 seq=0 elapsed=0 oled=3C
[  11093] STATUS mode=3 fault=none enc=-656 denc=0 sreq=0 sapplied=0 crate=-19 uimp=-1198075 upos=0 uneg=3200 ball=113.76 vball=0.00 aball=0.0 bref=0.00 pid=-19.2 pref=-523.9 ppos=-522.0 apid=0.0 integ=0.0 vision=1 current=1 vframe=13483 vs=1 vage=22 vpage=22 vdt=99 vmax=14661 vacc=12019 vrej=0 seq=0 elapsed=0 oled=3C
[  11125] STATUS mode=3 fault=none enc=-656 denc=0 sreq=0 sapplied=0 crate=-19 uimp=-1198075 upos=0 uneg=3200 ball=114.16 vball=9.55 aball=0.0 bref=0.00 pid=-19.2 pref=-523.9 ppos=-522.0 apid=0.0 integ=0.0 vision=1 current=1 vframe=13484 vs=1 vage=9 vpage=9 vdt=33 vmax=14661 vacc=12020 vrej=0 seq=0 elapsed=0 oled=3C
[  11157] STATUS mode=3 fault=none enc=-656 denc=0 sreq=0 sapplied=0 crate=-19 uimp=-1198075 upos=0 uneg=3200 ball=114.16 vball=9.55 aball=0.0 bref=0.00 pid=-19.2 pref=-523.9 ppos=-522.0 apid=0.0 integ=0.0 vision=1 current=1 vframe=13484 vs=1 vage=49 vpage=49 vdt=33 vmax=14661 vacc=12020 vrej=0 seq=0 elapsed=0 oled=3C
[  11172] STATUS mode=3 fault=none enc=-656 denc=0 sreq=0 sapplied=0 crate=-19 uimp=-1198075 upos=0 uneg=3200 ball=114.16 vball=9.55 aball=0.0 bref=0.00 pid=-19.2 pref=-523.9 ppos=-522.0 apid=0.0 integ=0.0 vision=1 current=1 vframe=13484 vs=1 vage=69 vpage=69 vdt=33 vmax=14661 vacc=12020 vrej=0 seq=0 elapsed=0 oled=3C
[  11202] STATUS mode=3 fault=none enc=-656 denc=0 sreq=0 sapplied=0 crate=-19 uimp=-1198075 upos=0 uneg=3200 ball=113.53 vball=-3.20 aball=0.0 bref=0.00 pid=-19.2 pref=-523.9 ppos=-522.0 apid=0.0 integ=0.0 vision=1 current=1 vframe=13485 vs=1 vage=2 vpage=2 vdt=107 vmax=14661 vacc=12021 vrej=0 seq=0 elapsed=0 oled=3C
[  11234] STATUS mode=3 fault=none enc=-656 denc=0 sreq=0 sapplied=0 crate=-19 uimp=-1198075 upos=0 uneg=3200 ball=113.41 vball=-2.72 aball=-10.3 bref=0.00 pid=-19.2 pref=-523.9 ppos=-522.0 apid=-0.0 integ=0.0 vision=1 current=1 vframe=13486 vs=1 vage=12 vpage=12 vdt=10 vmax=14661 vacc=12022 vrej=0 seq=0 elapsed=0 oled=3C
[  11266] STATUS mode=3 fault=none enc=-656 denc=0 sreq=0 sapplied=0 crate=-19 uimp=-1198075 upos=0 uneg=3200 ball=113.83 vball=8.07 aball=-10.3 bref=0.00 pid=-19.2 pref=-523.9 ppos=-522.0 apid=-0.0 integ=0.0 vision=1 current=1 vframe=13487 vs=1 vage=13 vpage=13 vdt=19 vmax=14661 vacc=12023 vrej=0 seq=0 elapsed=0 oled=3C
[  11282] STATUS mode=3 fault=none enc=-656 denc=0 sreq=0 sapplied=0 crate=-19 uimp=-1198075 upos=0 uneg=3200 ball=113.81 vball=3.69 aball=-10.3 bref=0.00 pid=-19.2 pref=-523.9 ppos=-522.0 apid=-0.0 integ=0.0 vision=1 current=1 vframe=13488 vs=1 vage=21 vpage=21 vdt=32 vmax=14661 vacc=12024 vrej=0 seq=0 elapsed=0 oled=3C
[  11313] STATUS mode=3 fault=none enc=-656 denc=0 sreq=0 sapplied=0 crate=-19 uimp=-1198075 upos=0 uneg=3200 ball=113.81 vball=3.69 aball=-10.3 bref=0.00 pid=-19.2 pref=-523.9 ppos=-522.0 apid=-0.0 integ=0.0 vision=1 current=1 vframe=13488 vs=1 vage=41 vpage=41 vdt=32 vmax=14661 vacc=12024 vrej=0 seq=0 elapsed=0 oled=3C
[  11343] STATUS mode=3 fault=none enc=-656 denc=0 sreq=0 sapplied=0 crate=-19 uimp=-1198075 upos=0 uneg=3200 ball=113.81 vball=3.69 aball=-10.3 bref=0.00 pid=-19.2 pref=-523.9 ppos=-522.0 apid=-0.0 integ=0.0 vision=1 current=1 vframe=13488 vs=1 vage=61 vpage=61 vdt=32 vmax=14661 vacc=12024 vrej=0 seq=0 elapsed=0 oled=3C
[  11375] STATUS mode=3 fault=none enc=-656 denc=0 sreq=0 sapplied=0 crate=-19 uimp=-1198075 upos=0 uneg=3200 ball=113.81 vball=3.69 aball=-10.3 bref=0.00 pid=-19.2 pref=-523.9 ppos=-522.0 apid=-0.0 integ=0.0 vision=1 current=1 vframe=13488 vs=1 vage=101 vpage=101 vdt=32 vmax=14661 vacc=12024 vrej=0 seq=0 elapsed=0 oled=3C
[  11391] STATUS mode=3 fault=none enc=-656 denc=0 sreq=0 sapplied=0 crate=-19 uimp=-1198075 upos=0 uneg=3200 ball=113.80 vball=1.59 aball=7.6 bref=0.00 pid=-19.2 pref=-523.9 ppos=-522.0 apid=0.0 integ=0.0 vision=1 current=1 vframe=13489 vs=1 vage=19 vpage=19 vdt=102 vmax=14661 vacc=12025 vrej=0 seq=0 elapsed=0 oled=3C
[  11422] STATUS mode=3 fault=none enc=-656 denc=0 sreq=0 sapplied=0 crate=-19 uimp=-1198075 upos=0 uneg=3200 ball=113.82 vball=1.02 aball=7.6 bref=0.00 pid=-19.2 pref=-523.9 ppos=-522.0 apid=0.0 integ=0.0 vision=1 current=1 vframe=13490 vs=1 vage=7 vpage=7 vdt=32 vmax=14661 vacc=12026 vrej=0 seq=0 elapsed=0 oled=3C
[  11452] STATUS mode=3 fault=none enc=-656 denc=0 sreq=0 sapplied=0 crate=-19 uimp=-1198075 upos=0 uneg=3200 ball=113.81 vball=0.50 aball=7.6 bref=0.00 pid=-19.2 pref=-523.9 ppos=-522.0 apid=0.0 integ=0.0 vision=1 current=1 vframe=13491 vs=1 vage=14 vpage=14 vdt=33 vmax=14661 vacc=12027 vrej=0 seq=0 elapsed=0 oled=3C
[  11484] STATUS mode=3 fault=none enc=-656 denc=0 sreq=0 sapplied=0 crate=-19 uimp=-1198075 upos=0 uneg=3200 ball=113.81 vball=0.50 aball=7.6 bref=0.00 pid=-19.2 pref=-523.9 ppos=-522.0 apid=0.0 integ=0.0 vision=1 current=1 vframe=13491 vs=1 vage=34 vpage=34 vdt=33 vmax=14661 vacc=12027 vrej=0 seq=0 elapsed=0 oled=3C
[  11500] STATUS mode=3 fault=none enc=-656 denc=0 sreq=0 sapplied=0 crate=-19 uimp=-1198075 upos=0 uneg=3200 ball=113.81 vball=0.50 aball=7.6 bref=0.00 pid=-19.2 pref=-523.9 ppos=-522.0 apid=0.0 integ=0.0 vision=1 current=1 vframe=13491 vs=1 vage=54 vpage=54 vdt=33 vmax=14661 vacc=12027 vrej=0 seq=0 elapsed=0 oled=3C
[  11532] STATUS mode=3 fault=none enc=-656 denc=0 sreq=0 sapplied=0 crate=-19 uimp=-1198075 upos=0 uneg=3200 ball=113.81 vball=0.50 aball=7.6 bref=0.00 pid=-19.2 pref=-523.9 ppos=-522.0 apid=0.0 integ=0.0 vision=1 current=1 vframe=13491 vs=1 vage=94 vpage=94 vdt=33 vmax=14661 vacc=12027 vrej=0 seq=0 elapsed=0 oled=3C
[  11563] STATUS mode=3 fault=none enc=-656 denc=0 sreq=0 sapplied=0 crate=-19 uimp=-1198075 upos=0 uneg=3200 ball=113.82 vball=0.26 aball=0.5 bref=0.00 pid=-19.2 pref=-523.9 ppos=-522.0 apid=0.0 integ=0.0 vision=1 current=1 vframe=13492 vs=1 vage=15 vpage=15 vdt=99 vmax=14661 vacc=12028 vrej=0 seq=0 elapsed=0 oled=3C
[  11593] STATUS mode=3 fault=none enc=-656 denc=0 sreq=0 sapplied=0 crate=-19 uimp=-1198075 upos=0 uneg=3200 ball=115.53 vball=23.80 aball=0.5 bref=0.00 pid=-19.2 pref=-523.9 ppos=-522.0 apid=0.0 integ=0.0 vision=1 current=1 vframe=13493 vs=1 vage=23 vpage=23 vdt=32 vmax=14661 vacc=12029 vrej=0 seq=0 elapsed=0 oled=3C
[  11609] STATUS mode=3 fault=none enc=-656 denc=0 sreq=0 sapplied=0 crate=-19 uimp=-1198075 upos=0 uneg=3200 ball=115.68 vball=14.30 aball=0.5 bref=0.00 pid=-19.2 pref=-523.9 ppos=-522.0 apid=0.0 integ=0.0 vision=1 current=1 vframe=13494 vs=1 vage=9 vpage=9 vdt=34 vmax=14661 vacc=12030 vrej=0 seq=0 elapsed=0 oled=3C
[  11641] STATUS mode=3 fault=none enc=-656 denc=0 sreq=0 sapplied=0 crate=-19 uimp=-1198075 upos=0 uneg=3200 ball=115.68 vball=14.30 aball=0.5 bref=0.00 pid=-19.2 pref=-523.9 ppos=-522.0 apid=0.0 integ=0.0 vision=1 current=1 vframe=13494 vs=1 vage=29 vpage=29 vdt=34 vmax=14661 vacc=12030 vrej=0 seq=0 elapsed=0 oled=3C
[  11672] STATUS mode=3 fault=none enc=-656 denc=0 sreq=0 sapplied=0 crate=-19 uimp=-1198075 upos=0 uneg=3200 ball=115.68 vball=14.30 aball=0.5 bref=0.00 pid=-19.2 pref=-523.9 ppos=-522.0 apid=0.0 integ=0.0 vision=1 current=1 vframe=13494 vs=1 vage=69 vpage=69 vdt=34 vmax=14661 vacc=12030 vrej=0 seq=0 elapsed=0 oled=3C
[  11688] STATUS mode=3 fault=none enc=-656 denc=0 sreq=0 sapplied=0 crate=-19 uimp=-1198075 upos=0 uneg=3200 ball=115.68 vball=14.30 aball=0.5 bref=0.00 pid=-19.2 pref=-523.9 ppos=-522.0 apid=0.0 integ=0.0 vision=1 current=1 vframe=13494 vs=1 vage=89 vpage=89 vdt=34 vmax=14661 vacc=12030 vrej=0 seq=0 elapsed=0 oled=3C
[  11718] STATUS mode=3 fault=none enc=-656 denc=0 sreq=0 sapplied=0 crate=-19 uimp=-1198075 upos=0 uneg=3200 ball=115.06 vball=1.34 aball=3.3 bref=0.00 pid=-19.2 pref=-523.9 ppos=-522.0 apid=0.0 integ=0.0 vision=1 current=1 vframe=13495 vs=1 vage=15 vpage=15 vdt=94 vmax=14661 vacc=12031 vrej=0 seq=0 elapsed=0 oled=3C
[  11750] STATUS mode=3 fault=none enc=-656 denc=0 sreq=0 sapplied=0 crate=-19 uimp=-1198075 upos=0 uneg=3200 ball=115.38 vball=8.22 aball=3.3 bref=0.00 pid=-19.2 pref=-523.9 ppos=-522.0 apid=0.0 integ=0.0 vision=1 current=1 vframe=13496 vs=1 vage=33 vpage=33 vdt=22 vmax=14661 vacc=12032 vrej=0 seq=0 elapsed=0 oled=3C
[  11782] STATUS mode=3 fault=none enc=-656 denc=0 sreq=0 sapplied=0 crate=-19 uimp=-1198075 upos=0 uneg=3200 ball=115.37 vball=4.08 aball=3.3 bref=0.00 pid=-19.2 pref=-523.9 ppos=-522.0 apid=0.0 integ=0.0 vision=1 current=1 vframe=13497 vs=1 vage=19 vpage=19 vdt=34 vmax=14661 vacc=12033 vrej=0 seq=0 elapsed=0 oled=3C
[  11797] STATUS mode=3 fault=none enc=-656 denc=0 sreq=0 sapplied=0 crate=-19 uimp=-1198075 upos=0 uneg=3200 ball=115.37 vball=4.08 aball=3.3 bref=0.00 pid=-19.2 pref=-523.9 ppos=-522.0 apid=0.0 integ=0.0 vision=1 current=1 vframe=13497 vs=1 vage=39 vpage=39 vdt=34 vmax=14661 vacc=12033 vrej=0 seq=0 elapsed=0 oled=3C
[  11827] STATUS mode=3 fault=none enc=-656 denc=0 sreq=0 sapplied=0 crate=-19 uimp=-1198075 upos=0 uneg=3200 ball=115.37 vball=4.08 aball=3.3 bref=0.00 pid=-19.2 pref=-523.9 ppos=-522.0 apid=0.0 integ=0.0 vision=1 current=1 vframe=13497 vs=1 vage=79 vpage=79 vdt=34 vmax=14661 vacc=12033 vrej=0 seq=0 elapsed=0 oled=3C
[  11859] STATUS mode=3 fault=none enc=-656 denc=0 sreq=0 sapplied=0 crate=-19 uimp=-1198075 upos=0 uneg=3200 ball=115.49 vball=2.97 aball=6.7 bref=0.00 pid=-19.2 pref=-523.9 ppos=-522.0 apid=0.0 integ=0.0 vision=1 current=1 vframe=13498 vs=1 vage=4 vpage=4 vdt=95 vmax=14661 vacc=12034 vrej=0 seq=0 elapsed=0 oled=3C
[  11891] STATUS mode=3 fault=none enc=-656 denc=0 sreq=0 sapplied=0 crate=-19 uimp=-1198075 upos=0 uneg=3200 ball=115.30 vball=-3.40 aball=6.7 bref=0.00 pid=-19.2 pref=-523.9 ppos=-522.0 apid=0.0 integ=0.0 vision=1 current=1 vframe=13499 vs=1 vage=3 vpage=3 vdt=21 vmax=14661 vacc=12035 vrej=0 seq=0 elapsed=0 oled=3C
[  11907] STATUS mode=3 fault=none enc=-656 denc=0 sreq=0 sapplied=0 crate=-19 uimp=-1198075 upos=0 uneg=3200 ball=115.25 vball=-2.51 aball=6.7 bref=0.00 pid=-19.2 pref=-523.9 ppos=-522.0 apid=0.0 integ=0.0 vision=1 current=1 vframe=13500 vs=1 vage=8 vpage=8 vdt=35 vmax=14661 vacc=12036 vrej=0 seq=0 elapsed=0 oled=3C
[  11938] STATUS mode=3 fault=none enc=-656 denc=0 sreq=0 sapplied=0 crate=-19 uimp=-1198075 upos=0 uneg=3200 ball=115.25 vball=-2.51 aball=6.7 bref=0.00 pid=-19.2 pref=-523.9 ppos=-522.0 apid=0.0 integ=0.0 vision=1 current=1 vframe=13500 vs=1 vage=28 vpage=28 vdt=35 vmax=14661 vacc=12036 vrej=0 seq=0 elapsed=0 oled=3C
[  11968] STATUS mode=3 fault=none enc=-656 denc=0 sreq=0 sapplied=0 crate=-19 uimp=-1198075 upos=0 uneg=3200 ball=115.25 vball=-2.51 aball=6.7 bref=0.00 pid=-19.2 pref=-523.9 ppos=-522.0 apid=0.0 integ=0.0 vision=1 current=1 vframe=13500 vs=1 vage=48 vpage=48 vdt=35 vmax=14661 vacc=12036 vrej=0 seq=0 elapsed=0 oled=3C
[  11984] STATUS mode=3 fault=none enc=-656 denc=0 sreq=0 sapplied=0 crate=-19 uimp=-1198075 upos=0 uneg=3200 ball=115.25 vball=-2.51 aball=6.7 bref=0.00 pid=-19.2 pref=-523.9 ppos=-522.0 apid=0.0 integ=0.0 vision=1 current=1 vframe=13500 vs=1 vage=88 vpage=88 vdt=35 vmax=14661 vacc=12036 vrej=0 seq=0 elapsed=0 oled=3C
[  12016] STATUS mode=3 fault=none enc=-656 denc=0 sreq=0 sapplied=0 crate=-19 uimp=-1198075 upos=0 uneg=3200 ball=115.06 vball=-2.57 aball=-13.3 bref=0.00 pid=-19.2 pref=-523.9 ppos=-522.0 apid=-0.0 integ=0.0 vision=1 current=1 vframe=13501 vs=1 vage=17 vpage=17 vdt=91 vmax=14661 vacc=12037 vrej=0 seq=0 elapsed=0 oled=3C
[  12047] STATUS mode=3 fault=none enc=-656 denc=0 sreq=0 sapplied=0 crate=-19 uimp=-1198075 upos=0 uneg=3200 ball=115.21 vball=1.47 aball=-13.3 bref=0.00 pid=-19.2 pref=-523.9 ppos=-522.0 apid=-0.0 integ=0.0 vision=1 current=1 vframe=13502 vs=1 vage=13 vpage=13 vdt=24 vmax=14661 vacc=12038 vrej=0 seq=0 elapsed=0 oled=3C
[  12077] STATUS mode=3 fault=none enc=-656 denc=0 sreq=0 sapplied=0 crate=-19 uimp=-1198075 upos=0 uneg=3200 ball=115.57 vball=5.78 aball=-13.3 bref=0.00 pid=-19.2 pref=-523.9 ppos=-522.0 apid=-0.0 integ=0.0 vision=1 current=1 vframe=13503 vs=1 vage=20 vpage=20 vdt=33 vmax=14661 vacc=12039 vrej=0 seq=0 elapsed=0 oled=3C
[  12093] STATUS mode=3 fault=none enc=-656 denc=0 sreq=0 sapplied=0 crate=-19 uimp=-1198075 upos=0 uneg=3200 ball=115.57 vball=5.78 aball=-13.3 bref=0.00 pid=-19.2 pref=-523.9 ppos=-522.0 apid=-0.0 integ=0.0 vision=1 current=1 vframe=13503 vs=1 vage=40 vpage=40 vdt=33 vmax=14661 vacc=12039 vrej=0 seq=0 elapsed=0 oled=3C
[  12125] STATUS mode=3 fault=none enc=-656 denc=0 sreq=0 sapplied=0 crate=-19 uimp=-1198075 upos=0 uneg=3200 ball=115.57 vball=5.78 aball=-13.3 bref=0.00 pid=-19.2 pref=-523.9 ppos=-522.0 apid=-0.0 integ=0.0 vision=1 current=1 vframe=13503 vs=1 vage=80 vpage=80 vdt=33 vmax=14661 vacc=12039 vrej=0 seq=0 elapsed=0 oled=3C
[  12157] STATUS mode=3 fault=none enc=-656 denc=0 sreq=0 sapplied=0 crate=-19 uimp=-1198075 upos=0 uneg=3200 ball=115.71 vball=3.85 aball=12.2 bref=0.00 pid=-19.2 pref=-523.9 ppos=-522.0 apid=0.0 integ=0.0 vision=1 current=1 vframe=13504 vs=1 vage=9 vpage=9 vdt=91 vmax=14661 vacc=12040 vrej=0 seq=0 elapsed=0 oled=3C
[  12188] STATUS mode=3 fault=none enc=-656 denc=0 sreq=0 sapplied=0 crate=-19 uimp=-1198075 upos=0 uneg=3200 ball=115.75 vball=2.92 aball=12.2 bref=0.00 pid=-19.2 pref=-523.9 ppos=-522.0 apid=0.0 integ=0.0 vision=1 current=1 vframe=13505 vs=1 vage=3 vpage=3 vdt=26 vmax=14661 vacc=12041 vrej=0 seq=0 elapsed=0 oled=3C
[  12202] STATUS mode=3 fault=none enc=-656 denc=0 sreq=0 sapplied=0 crate=-19 uimp=-1198075 upos=0 uneg=3200 ball=115.82 vball=2.46 aball=12.2 bref=0.00 pid=-19.2 pref=-523.9 ppos=-522.0 apid=0.0 integ=0.0 vision=1 current=1 vframe=13506 vs=1 vage=9 vpage=9 vdt=34 vmax=14661 vacc=12042 vrej=0 seq=0 elapsed=0 oled=3C
[  12234] STATUS mode=3 fault=none enc=-656 denc=0 sreq=0 sapplied=0 crate=-19 uimp=-1198075 upos=0 uneg=3200 ball=115.82 vball=2.46 aball=12.2 bref=0.00 pid=-19.2 pref=-523.9 ppos=-522.0 apid=0.0 integ=0.0 vision=1 current=1 vframe=13506 vs=1 vage=29 vpage=29 vdt=34 vmax=14661 vacc=12042 vrej=0 seq=0 elapsed=0 oled=3C
[  12266] STATUS mode=3 fault=none enc=-656 denc=0 sreq=0 sapplied=0 crate=-19 uimp=-1198075 upos=0 uneg=3200 ball=115.82 vball=2.46 aball=12.2 bref=0.00 pid=-19.2 pref=-523.9 ppos=-522.0 apid=0.0 integ=0.0 vision=1 current=1 vframe=13506 vs=1 vage=49 vpage=49 vdt=34 vmax=14661 vacc=12042 vrej=0 seq=0 elapsed=0 oled=3C
[  12297] STATUS mode=3 fault=none enc=-656 denc=0 sreq=0 sapplied=0 crate=-19 uimp=-1198075 upos=0 uneg=3200 ball=115.76 vball=0.81 aball=-2.8 bref=0.00 pid=-19.2 pref=-523.9 ppos=-522.0 apid=-0.0 integ=0.0 vision=1 current=1 vframe=13507 vs=1 vage=5 vpage=5 vdt=84 vmax=14661 vacc=12043 vrej=0 seq=0 elapsed=0 oled=3C
[  12313] STATUS mode=3 fault=none enc=-656 denc=0 sreq=0 sapplied=0 crate=-19 uimp=-1198075 upos=0 uneg=3200 ball=115.76 vball=0.81 aball=-2.8 bref=0.00 pid=-19.2 pref=-523.9 ppos=-522.0 apid=-0.0 integ=0.0 vision=1 current=1 vframe=13507 vs=1 vage=25 vpage=25 vdt=84 vmax=14661 vacc=12043 vrej=0 seq=0 elapsed=0 oled=3C
[  12343] STATUS mode=3 fault=none enc=-656 denc=0 sreq=0 sapplied=0 crate=-19 uimp=-1198075 upos=0 uneg=3200 ball=115.71 vball=-0.20 aball=-2.8 bref=0.00 pid=-19.2 pref=-523.9 ppos=-522.0 apid=-0.0 integ=0.0 vision=1 current=1 vframe=13508 vs=1 vage=12 vpage=12 vdt=33 vmax=14661 vacc=12044 vrej=0 seq=0 elapsed=0 oled=3C
[  12375] STATUS mode=3 fault=none enc=-656 denc=0 sreq=0 sapplied=0 crate=-19 uimp=-1198075 upos=0 uneg=3200 ball=115.71 vball=-0.16 aball=-2.8 bref=0.00 pid=-19.2 pref=-523.9 ppos=-522.0 apid=-0.0 integ=0.0 vision=1 current=1 vframe=13509 vs=1 vage=18 vpage=18 vdt=34 vmax=14661 vacc=12045 vrej=0 seq=0 elapsed=0 oled=3C
[  12407] STATUS mode=3 fault=none enc=-656 denc=0 sreq=0 sapplied=0 crate=-19 uimp=-1198075 upos=0 uneg=3200 ball=115.71 vball=-0.16 aball=-2.8 bref=0.00 pid=-19.2 pref=-523.9 ppos=-522.0 apid=-0.0 integ=0.0 vision=1 current=1 vframe=13509 vs=1 vage=38 vpage=38 vdt=34 vmax=14661 vacc=12045 vrej=0 seq=0 elapsed=0 oled=3C
[  12422] STATUS mode=3 fault=none enc=-656 denc=0 sreq=0 sapplied=0 crate=-19 uimp=-1198075 upos=0 uneg=3200 ball=115.71 vball=-0.16 aball=-2.8 bref=0.00 pid=-19.2 pref=-523.9 ppos=-522.0 apid=-0.0 integ=0.0 vision=1 current=1 vframe=13509 vs=1 vage=58 vpage=58 vdt=34 vmax=14661 vacc=12045 vrej=0 seq=0 elapsed=0 oled=3C
[  12452] STATUS mode=3 fault=none enc=-656 denc=0 sreq=0 sapplied=0 crate=-19 uimp=-1198075 upos=0 uneg=3200 ball=115.71 vball=-0.11 aball=-4.2 bref=0.00 pid=-19.2 pref=-523.9 ppos=-522.0 apid=-0.0 integ=0.0 vision=1 current=1 vframe=13510 vs=1 vage=11 vpage=11 vdt=87 vmax=14661 vacc=12046 vrej=0 seq=0 elapsed=0 oled=3C
[  12484] STATUS mode=3 fault=none enc=-656 denc=0 sreq=0 sapplied=0 crate=-19 uimp=-1198075 upos=0 uneg=3200 ball=115.70 vball=-0.18 aball=-4.2 bref=0.00 pid=-19.2 pref=-523.9 ppos=-522.0 apid=-0.0 integ=0.0 vision=1 current=1 vframe=13511 vs=1 vage=4 vpage=4 vdt=27 vmax=14661 vacc=12047 vrej=0 seq=0 elapsed=0 oled=3C
[  12500] STATUS mode=3 fault=none enc=-656 denc=0 sreq=0 sapplied=0 crate=-19 uimp=-1198075 upos=0 uneg=3200 ball=115.71 vball=0.06 aball=-4.2 bref=0.00 pid=-19.2 pref=-523.9 ppos=-522.0 apid=-0.0 integ=0.0 vision=1 current=1 vframe=13512 vs=1 vage=9 vpage=9 vdt=35 vmax=14661 vacc=12048 vrej=0 seq=0 elapsed=0 oled=3C
[  12532] STATUS mode=3 fault=none enc=-656 denc=0 sreq=0 sapplied=0 crate=-19 uimp=-1198075 upos=0 uneg=3200 ball=115.71 vball=0.06 aball=-4.2 bref=0.00 pid=-19.2 pref=-523.9 ppos=-522.0 apid=-0.0 integ=0.0 vision=1 current=1 vframe=13512 vs=1 vage=29 vpage=29 vdt=35 vmax=14661 vacc=12048 vrej=0 seq=0 elapsed=0 oled=3C
[  12563] STATUS mode=3 fault=none enc=-656 denc=0 sreq=0 sapplied=0 crate=-19 uimp=-1198075 upos=0 uneg=3200 ball=115.71 vball=0.06 aball=-4.2 bref=0.00 pid=-19.2 pref=-523.9 ppos=-522.0 apid=-0.0 integ=0.0 vision=1 current=1 vframe=13512 vs=1 vage=49 vpage=49 vdt=35 vmax=14661 vacc=12048 vrej=0 seq=0 elapsed=0 oled=3C
[  12593] STATUS mode=3 fault=none enc=-656 denc=0 sreq=0 sapplied=0 crate=-19 uimp=-1198075 upos=0 uneg=3200 ball=115.72 vball=0.08 aball=-4.2 bref=0.00 pid=-19.2 pref=-523.9 ppos=-522.0 apid=-0.0 integ=0.0 vision=1 current=1 vframe=13513 vs=1 vage=1 vpage=1 vdt=88 vmax=14661 vacc=12049 vrej=0 seq=0 elapsed=0 oled=3C
[  12609] STATUS mode=3 fault=none enc=-656 denc=0 sreq=0 sapplied=0 crate=-19 uimp=-1198075 upos=0 uneg=3200 ball=115.72 vball=0.08 aball=-1.8 bref=0.00 pid=-19.2 pref=-523.9 ppos=-522.0 apid=-0.0 integ=0.0 vision=1 current=1 vframe=13513 vs=1 vage=21 vpage=21 vdt=88 vmax=14661 vacc=12049 vrej=0 seq=0 elapsed=0 oled=3C
[  12641] STATUS mode=3 fault=none enc=-656 denc=0 sreq=0 sapplied=0 crate=-19 uimp=-1198075 upos=0 uneg=3200 ball=115.71 vball=0.01 aball=-1.8 bref=0.00 pid=-19.2 pref=-523.9 ppos=-522.0 apid=-0.0 integ=0.0 vision=1 current=1 vframe=13514 vs=1 vage=13 vpage=13 vdt=28 vmax=14661 vacc=12050 vrej=0 seq=0 elapsed=0 oled=3C
[  12672] STATUS mode=3 fault=none enc=-656 denc=0 sreq=0 sapplied=0 crate=-19 uimp=-1198075 upos=0 uneg=3200 ball=115.71 vball=0.00 aball=-1.8 bref=0.00 pid=-19.2 pref=-523.9 ppos=-522.0 apid=-0.0 integ=0.0 vision=1 current=1 vframe=13515 vs=1 vage=20 vpage=20 vdt=33 vmax=14661 vacc=12051 vrej=0 seq=0 elapsed=0 oled=3C
[  12702] STATUS mode=3 fault=none enc=-656 denc=0 sreq=0 sapplied=0 crate=-19 uimp=-1198075 upos=0 uneg=3200 ball=115.71 vball=0.00 aball=-1.8 bref=0.00 pid=-19.2 pref=-523.9 ppos=-522.0 apid=-0.0 integ=0.0 vision=1 current=1 vframe=13515 vs=1 vage=40 vpage=40 vdt=33 vmax=14661 vacc=12051 vrej=0 seq=0 elapsed=0 oled=3C
[  12718] STATUS mode=3 fault=none enc=-656 denc=0 sreq=0 sapplied=0 crate=-19 uimp=-1198075 upos=0 uneg=3200 ball=115.71 vball=0.00 aball=-1.8 bref=0.00 pid=-19.2 pref=-523.9 ppos=-522.0 apid=-0.0 integ=0.0 vision=1 current=1 vframe=13515 vs=1 vage=60 vpage=60 vdt=33 vmax=14661 vacc=12051 vrej=0 seq=0 elapsed=0 oled=3C
[  12750] STATUS mode=3 fault=none enc=-656 denc=0 sreq=0 sapplied=0 crate=-19 uimp=-1198075 upos=0 uneg=3200 ball=115.71 vball=0.00 aball=-1.2 bref=0.00 pid=-19.2 pref=-523.9 ppos=-522.0 apid=-0.0 integ=0.0 vision=1 current=1 vframe=13516 vs=1 vage=5 vpage=5 vdt=95 vmax=14661 vacc=12052 vrej=0 seq=0 elapsed=0 oled=3C
[  12782] STATUS mode=3 fault=none enc=-656 denc=0 sreq=0 sapplied=0 crate=-19 uimp=-1198075 upos=0 uneg=3200 ball=115.70 vball=-0.36 aball=-1.2 bref=0.00 pid=-19.2 pref=-523.9 ppos=-522.0 apid=-0.0 integ=0.0 vision=1 current=1 vframe=13517 vs=1 vage=3 vpage=3 vdt=22 vmax=14661 vacc=12053 vrej=0 seq=0 elapsed=0 oled=3C
[  12813] STATUS mode=3 fault=none enc=-656 denc=0 sreq=0 sapplied=0 crate=-19 uimp=-1198075 upos=0 uneg=3200 ball=115.70 vball=-0.21 aball=-1.2 bref=0.00 pid=-19.2 pref=-523.9 ppos=-522.0 apid=-0.0 integ=0.0 vision=1 current=1 vframe=13518 vs=1 vage=9 vpage=9 vdt=34 vmax=14661 vacc=1205453 vrej=0 seq=0 elapsed=0 oled=3C
[  12827] STATUS mode=3 fault=none enc=-656 denc=0 sreq=0 sapplied=0 crate=-19 uimp=-1198075 upos=0 uneg=3200 ball=115.70 vball=-0.21 aball=-1.2 bref=0.00 pid=-19.2 pref=-523.9 ppos=-522.0 apid=-0.0 integ=0.0 vision=1 current=1 vframe=13518 vs=1 vage=29 vpage=29 vdt=34 vmax=14661 vacc=12054 vrej=0 seq=0 elapsed=0 oled=3C
[  12859] STATUS mode=3 fault=none enc=-656 denc=0 sreq=0 sapplied=0 crate=-19 uimp=-1198075 upos=0 uneg=3200 ball=115.70 vball=-0.21 aball=-1.2 bref=0.00 pid=-19.2 pref=-523.9 ppos=-522.0 apid=-0.0 integ=0.0 vision=1 current=1 vframe=13518 vs=1 vage=49 vpage=49 vdt=34 vmax=14661 vacc=12054 vrej=0 seq=0 elapsed=0 oled=3C
[  12891] STATUS mode=3 fault=none enc=-656 denc=0 sreq=0 sapplied=0 crate=-19 uimp=-1198075 upos=0 uneg=3200 ball=115.70 vball=-0.11 aball=-1.2 bref=0.00 pid=-19.2 pref=-523.9 ppos=-522.0 apid=-0.0 integ=0.0 vision=1 current=1 vframe=13519 vs=1 vage=1 vpage=1 vdt=88 vmax=14661 vacc=12055 vrej=0 seq=0 elapsed=0 oled=3C
[  12922] STATUS mode=3 fault=none enc=-656 denc=0 sreq=0 sapplied=0 crate=-19 uimp=-1198075 upos=0 uneg=3200 ball=115.70 vball=-0.11 aball=-1.0 bref=0.00 pid=-19.2 pref=-523.9 ppos=-522.0 apid=-0.0 integ=0.0 vision=1 current=1 vframe=13519 vs=1 vage=21 vpage=21 vdt=88 vmax=14661 vacc=12055 vrej=0 seq=0 elapsed=0 oled=3C
[  12938] STATUS mode=3 fault=none enc=-656 denc=0 sreq=0 sapplied=0 crate=-19 uimp=-1198075 upos=0 uneg=3200 ball=115.62 vball=-1.54 aball=-1.0 bref=0.00 pid=-19.2 pref=-523.9 ppos=-522.0 apid=-0.0 integ=0.0 vision=1 current=1 vframe=13520 vs=1 vage=13 vpage=13 vdt=28 vmax=14661 vacc=12056 vrej=0 seq=0 elapsed=0 oled=3C
[  12968] STATUS mode=3 fault=none enc=-656 denc=0 sreq=0 sapplied=0 crate=-19 uimp=-1198075 upos=0 uneg=3200 ball=115.61 vball=-0.88 aball=-1.0 bref=0.00 pid=-19.2 pref=-523.9 ppos=-522.0 apid=-0.0 integ=0.0 vision=1 current=1 vframe=13521 vs=1 vage=20 vpage=20 vdt=33 vmax=14661 vacc=12057 vrej=0 seq=0 elapsed=0 oled=3C
[  13000] STATUS mode=3 fault=none enc=-656 denc=0 sreq=0 sapplied=0 crate=-19 uimp=-1198075 upos=0 uneg=3200 ball=115.61 vball=-0.88 aball=-1.0 bref=0.00 pid=-19.2 pref=-523.9 ppos=-522.0 apid=-0.0 integ=0.0 vision=1 current=1 vframe=13521 vs=1 vage=40 vpage=40 vdt=33 vmax=14661 vacc=12057 vrej=0 seq=0 elapsed=0 oled=3C
[  13032] STATUS mode=3 fault=none enc=-656 denc=0 sreq=0 sapplied=0 crate=-19 uimp=-1198075 upos=0 uneg=3200 ball=115.61 vball=-0.88 aball=-1.0 bref=0.00 pid=-19.2 pref=-523.9 ppos=-522.0 apid=-0.0 integ=0.0 vision=1 current=1 vframe=13521 vs=1 vage=60 vpage=60 vdt=33 vmax=14661 vacc=12057 vrej=0 seq=0 elapsed=0 oled=3C
[  13047] STATUS mode=3 fault=none enc=-656 denc=0 sreq=0 sapplied=0 crate=-19 uimp=-1198075 upos=0 uneg=3200 ball=115.61 vball=-0.47 aball=-1.6 bref=0.00 pid=-19.2 pref=-523.9 ppos=-522.0 apid=-0.0 integ=0.0 vision=1 current=1 vframe=13522 vs=1 vage=11 vpage=11 vdt=89 vmax=14661 vacc=12058 vrej=0 seq=0 elapsed=0 oled=3C
[  13077] STATUS mode=3 fault=none enc=-656 denc=0 sreq=0 sapplied=0 crate=-19 uimp=-1198075 upos=0 uneg=3200 ball=115.66 vball=0.98 aball=-1.6 bref=0.00 pid=-19.2 pref=-523.9 ppos=-522.0 apid=-0.0 integ=0.0 vision=1 current=1 vframe=13523 vs=1 vage=4 vpage=4 vdt=27 vmax=14661 vacc=12059 vrej=0 seq=0 elapsed=0 oled=3C
[  13109] STATUS mode=3 fault=none enc=-656 denc=0 sreq=0 sapplied=0 crate=-19 uimp=-1198075 upos=0 uneg=3200 ball=115.66 vball=0.98 aball=-1.6 bref=0.00 pid=-19.2 pref=-523.9 ppos=-522.0 apid=-0.0 integ=0.0 vision=1 current=1 vframe=13523 vs=1 vage=24 vpage=24 vdt=27 vmax=14661 vacc=12059 vrej=0 seq=0 elapsed=0 oled=3C
[  13141] STATUS mode=3 fault=none enc=-656 denc=0 sreq=0 sapplied=0 crate=-19 uimp=-1198075 upos=0 uneg=3200 ball=115.65 vball=0.30 aball=-1.6 bref=0.00 pid=-19.2 pref=-523.9 ppos=-522.0 apid=-0.0 integ=0.0 vision=1 current=1 vframe=13524 vs=1 vage=28 vpage=28 vdt=36 vmax=14661 vacc=12060 vrej=0 seq=0 elapsed=0 oled=3C
[  13157] STATUS mode=3 fault=none enc=-656 denc=0 sreq=0 sapplied=0 crate=-19 uimp=-1198075 upos=0 uneg=3200 ball=115.65 vball=0.30 aball=-1.6 bref=0.00 pid=-19.2 pref=-523.9 ppos=-522.0 apid=-0.0 integ=0.0 vision=1 current=1 vframe=13524 vs=1 vage=48 vpage=48 vdt=36 vmax=14661 vacc=12060 vrej=0 seq=0 elapsed=0 oled=3C
[  13188] STATUS mode=3 fault=none enc=-656 denc=0 sreq=0 sapplied=0 crate=-19 uimp=-1198075 upos=0 uneg=3200 ball=115.65 vball=0.30 aball=-1.6 bref=0.00 pid=-19.2 pref=-523.9 ppos=-522.0 apid=-0.0 integ=0.0 vision=1 current=1 vframe=13524 vs=1 vage=88 vpage=88 vdt=36 vmax=14661 vacc=12060 vrej=0 seq=0 elapsed=0 oled=3C
[  13218] STATUS mode=3 fault=none enc=-656 denc=0 sreq=0 sapplied=0 crate=-19 uimp=-1198075 upos=0 uneg=3200 ball=115.66 vball=0.17 aball=0.9 bref=0.00 pid=-19.2 pref=-523.9 ppos=-522.0 apid=0.0 integ=0.0 vision=1 current=1 vframe=13525 vs=1 vage=14 vpage=14 vdt=94 vmax=14661 vacc=12061 vrej=0 seq=0 elapsed=0 oled=3C
[  13234] STATUS mode=3 fault=none enc=-656 denc=0 sreq=0 sapplied=0 crate=-19 uimp=-1198075 upos=0 uneg=3200 ball=116.43 vball=19.43 aball=0.9 bref=0.00 pid=-19.2 pref=-523.9 ppos=-522.0 apid=0.0 integ=0.0 vision=1 current=1 vframe=13526 vs=1 vage=12 vpage=12 vdt=22 vmax=14661 vacc=12062 vrej=0 seq=0 elapsed=0 oled=3C
[  13266] STATUS mode=3 fault=none enc=-656 denc=0 sreq=0 sapplied=0 crate=-19 uimp=-1198075 upos=0 uneg=3200 ball=116.54 vball=11.46 aball=0.9 bref=0.00 pid=-19.2 pref=-523.9 ppos=-522.0 apid=0.0 integ=0.0 vision=1 current=1 vframe=13527 vs=1 vage=19 vpage=19 vdt=33 vmax=14661 vacc=12063 vrej=0 seq=0 elapsed=0 oled=3C
[  13297] STATUS mode=3 fault=none enc=-656 denc=0 sreq=0 sapplied=0 crate=-19 uimp=-1198075 upos=0 uneg=3200 ball=116.54 vball=11.46 aball=0.9 bref=0.00 pid=-19.2 pref=-523.9 ppos=-522.0 apid=0.0 integ=0.0 vision=1 current=1 vframe=13527 vs=1 vage=39 vpage=39 vdt=33 vmax=14661 vacc=12063 vrej=0 seq=0 elapsed=0 oled=3C
[  13327] STATUS mode=3 fault=none enc=-656 denc=0 sreq=0 sapplied=0 crate=-19 uimp=-1198075 upos=0 uneg=3200 ball=116.54 vball=11.46 aball=0.9 bref=0.00 pid=-19.2 pref=-523.9 ppos=-522.0 apid=0.0 integ=0.0 vision=1 current=1 vframe=13527 vs=1 vage=59 vpage=59 vdt=33 vmax=14661 vacc=12063 vrej=0 seq=0 elapsed=0 oled=3C
[  13343] STATUS mode=3 fault=none enc=-656 denc=0 sreq=0 sapplied=0 crate=-19 uimp=-1198075 upos=0 uneg=3200 ball=116.71 vball=6.45 aball=0.9 bref=0.00 pid=-19.2 pref=-523.9 ppos=-522.0 apid=0.0 integ=0.0 vision=1 current=1 vframe=13528 vs=1 vage=2 vpage=2 vdt=97 vmax=14661 vacc=12064 vrej=0 seq=0 elapsed=0 oled=3C
[  13375] STATUS mode=3 fault=none enc=-656 denc=0 sreq=0 sapplied=0 crate=-19 uimp=-1198075 upos=0 uneg=3200 ball=116.71 vball=6.45 aball=19.1 bref=0.00 pid=-19.2 pref=-523.9 ppos=-522.0 apid=0.0 integ=0.0 vision=1 current=1 vframe=13528 vs=1 vage=22 vpage=22 vdt=97 vmax=14661 vacc=12064 vrej=0 seq=0 elapsed=0 oled=3C
[  13407] STATUS mode=3 fault=none enc=-656 denc=0 sreq=0 sapplied=0 crate=-19 uimp=-1198075 upos=0 uneg=3200 ball=116.51 vball=-1.59 aball=19.1 bref=0.00 pid=-19.2 pref=-523.9 ppos=-522.0 apid=0.0 integ=0.0 vision=1 current=1 vframe=13529 vs=1 vage=5 vpage=5 vdt=37 vmax=14661 vacc=12065 vrej=0 seq=0 elapsed=0 oled=3C
[  13438] STATUS mode=3 fault=none enc=-656 denc=0 sreq=0 sapplied=0 crate=-19 uimp=-1198075 upos=0 uneg=3200 ball=116.51 vball=-1.59 aball=19.1 bref=0.00 pid=-19.2 pref=-523.9 ppos=-522.0 apid=0.0 integ=0.0 vision=1 current=1 vframe=13529 vs=1 vage=45 vpage=45 vdt=37 vmax=14661 vacc=12065 vrej=0 seq=0 elapsed=0 oled=3C
[  13452] STATUS mode=3 fault=none enc=-656 denc=0 sreq=0 sapplied=0 crate=-19 uimp=-1198075 upos=0 uneg=3200 ball=116.51 vball=-1.59 aball=19.1 bref=0.00 pid=-19.2 pref=-523.9 ppos=-522.0 apid=0.0 integ=0.0 vision=1 current=1 vframe=13529 vs=1 vage=65 vpage=65 vdt=37 vmax=14661 vacc=12065 vrej=0 seq=0 elapsed=0 oled=3C
[  13484] STATUS mode=3 fault=none enc=-656 denc=0 sreq=0 sapplied=0 crate=-19 uimp=-1198075 upos=0 uneg=3200 ball=116.51 vball=-1.59 aball=19.1 bref=0.00 pid=-19.2 pref=-523.9 ppos=-522.0 apid=0.0 integ=0.0 vision=1 current=1 vframe=13529 vs=1 vage=85 vpage=85 vdt=37 vmax=14661 vacc=12065 vrej=0 seq=0 elapsed=0 oled=3C
[  13516] STATUS mode=3 fault=none enc=-656 denc=0 sreq=0 sapplied=0 crate=-19 uimp=-1198075 upos=0 uneg=3200 ball=116.47 vball=-0.83 aball=-12.6 bref=0.00 pid=-19.2 pref=-523.9 ppos=-522.0 apid=-0.0 integ=0.0 vision=1 current=1 vframe=13531 vs=1 vage=9 vpage=9 vdt=8 vmax=14661 vacc=12067 vrej=0 seq=0 elapsed=0 oled=3C
[  13532] STATUS mode=3 fault=none enc=-656 denc=0 sreq=0 sapplied=0 crate=-19 uimp=-1198075 upos=0 uneg=3200 ball=116.47 vball=-0.83 aball=-12.6 bref=0.00 pid=-19.2 pref=-523.9 ppos=-522.0 apid=-0.0 integ=0.0 vision=1 current=1 vframe=13531 vs=1 vage=29 vpage=29 vdt=8 vmax=14661 vacc=12067 vrej=0 seq=0 elapsed=0 oled=3C
[  13563] STATUS mode=3 fault=none enc=-656 denc=0 sreq=0 sapplied=0 crate=-19 uimp=-1198075 upos=0 uneg=3200 ball=116.44 vball=-0.37 aball=-12.6 bref=0.00 pid=-19.2 pref=-523.9 ppos=-522.0 apid=-0.0 integ=0.0 vision=1 current=1 vframe=13533 vs=1 vage=4 vpage=4 vdt=32 vmax=14661 vacc=12069 vrej=0 seq=0 elapsed=0 oled=3C
[  13593] STATUS mode=3 fault=none enc=-656 denc=0 sreq=0 sapplied=0 crate=-19 uimp=-1198075 upos=0 uneg=3200 ball=116.44 vball=-0.37 aball=-12.6 bref=0.00 pid=-19.2 pref=-523.9 ppos=-522.0 apid=-0.0 integ=0.0 vision=1 current=1 vframe=13533 vs=1 vage=24 vpage=24 vdt=32 vmax=14661 vacc=12069 vrej=0 seq=0 elapsed=0 oled=3C
[  13625] STATUS mode=3 fault=none enc=-656 denc=0 sreq=0 sapplied=0 crate=-19 uimp=-1198075 upos=0 uneg=3200 ball=116.44 vball=-0.37 aball=-12.6 bref=0.00 pid=-19.2 pref=-523.9 ppos=-522.0 apid=-0.0 integ=0.0 vision=1 current=1 vframe=13533 vs=1 vage=44 vpage=44 vdt=32 vmax=14661 vacc=12069 vrej=0 seq=0 elapsed=0 oled=3C
[  13657] STATUS mode=3 fault=none enc=-656 denc=0 sreq=0 sapplied=0 crate=-19 uimp=-1198075 upos=0 uneg=3200 ball=116.44 vball=-0.37 aball=-12.6 bref=0.00 pid=-19.2 pref=-523.9 ppos=-522.0 apid=-0.0 integ=0.0 vision=1 current=1 vframe=13533 vs=1 vage=84 vpage=84 vdt=32 vmax=14661 vacc=12069 vrej=0 seq=0 elapsed=0 oled=3C
[  13672] STATUS mode=3 fault=none enc=-656 denc=0 sreq=0 sapplied=0 crate=-19 uimp=-1198075 upos=0 uneg=3200 ball=116.44 vball=-0.15 aball=-4.7 bref=0.00 pid=-19.2 pref=-523.9 ppos=-522.0 apid=-0.0 integ=0.0 vision=1 current=1 vframe=13534 vs=1 vage=4 vpage=4 vdt=100 vmax=14661 vacc=12070 vrej=0 seq=0 elapsed=0 oled=3C
[  13702] STATUS mode=3 fault=none enc=-656 denc=0 sreq=0 sapplied=0 crate=-19 uimp=-1198075 upos=0 uneg=3200 ball=116.45 vball=0.10 aball=-4.7 bref=0.00 pid=-19.2 pref=-523.9 ppos=-522.0 apid=-0.0 integ=0.0 vision=1 current=1 vframe=13535 vs=1 vage=5 vpage=5 vdt=19 vmax=14661 vacc=12071 vrej=0 seq=0 elapsed=0 oled=3C
[  13734] STATUS mode=3 fault=none enc=-656 denc=0 sreq=0 sapplied=0 crate=-19 uimp=-1198075 upos=0 uneg=3200 ball=116.45 vball=0.07 aball=-4.7 bref=0.00 pid=-19.2 pref=-523.9 ppos=-522.0 apid=-0.0 integ=0.0 vision=1 current=1 vframe=13536 vs=1 vage=12 vpage=12 vdt=33 vmax=14661 vacc=12072 vrej=0 seq=0 elapsed=0 oled=3C
[  13750] STATUS mode=3 fault=none enc=-656 denc=0 sreq=0 sapplied=0 crate=-19 uimp=-1198075 upos=0 uneg=3200 ball=116.45 vball=0.07 aball=-4.7 bref=0.00 pid=-19.2 pref=-523.9 ppos=-522.0 apid=-0.0 integ=0.0 vision=1 current=1 vframe=13536 vs=1 vage=32 vpage=32 vdt=33 vmax=14661 vacc=12072 vrej=0 seq=0 elapsed=0 oled=3C
[  13782] STATUS mode=3 fault=none enc=-656 denc=0 sreq=0 sapplied=0 crate=-19 uimp=-1198075 upos=0 uneg=3200 ball=116.45 vball=0.07 aball=-4.7 bref=0.00 pid=-19.2 pref=-523.9 ppos=-522.0 apid=-0.0 integ=0.0 vision=1 current=1 vframe=13536 vs=1 vage=52 vpage=52 vdt=33 vmax=14661 vacc=12072 vrej=0 seq=0 elapsed=0 oled=3C
[  13813] STATUS mode=3 fault=none enc=-656 denc=0 sreq=0 sapplied=0 crate=-19 uimp=-1198075 upos=0 uneg=3200 ball=116.45 vball=0.07 aball=-4.7 bref=0.00 pid=-19.2 pref=-523.9 ppos=-522.0 apid=-0.0 integ=0.0 vision=1 current=1 vframe=13536 vs=1 vage=92 vpage=92 vdt=33 vmax=14661 vacc=12072 vrej=0 seq=0 elapsed=0 oled=3C
[  13843] STATUS mode=3 fault=none enc=-656 denc=0 sreq=0 sapplied=0 crate=-19 uimp=-1198075 upos=0 uneg=3200 ball=116.46 vball=0.08 aball=-1.9 bref=0.00 pid=-19.2 pref=-523.9 ppos=-522.0 apid=-0.0 integ=0.0 vision=1 current=1 vframe=13537 vs=1 vage=12 vpage=12 vdt=100 vmax=14661 vacc=12073 vrej=0 seq=0 elapsed=0 oled=3C
[  13859] STATUS mode=3 fault=none enc=-656 denc=0 sreq=0 sapplied=0 crate=-19 uimp=-1198075 upos=0 uneg=3200 ball=116.04 vball=-7.07 aball=-1.9 bref=0.00 pid=-19.2 pref=-523.9 ppos=-522.0 apid=-0.0 integ=.0 vision=1 current=1 vframe=13537 vs=1 vage=32 vpage=32 vdt=100 vmax=14661 vacc=12073 vrej=0 seq=0 elapsed=0 oled=3C
[  13891] STATUS mode=3 fault=none enc=-656 denc=0 sreq=0 sapplied=0 crate=-19 uimp=-1198075 upos=0 uneg=3200 ball=116.04 vball=-7.07 aball=-1.9 bref=0.00 pid=-19.2 pref=-523.9 ppos=-522.0 apid=-0.0 integ=0.0 vision=1 current=1 vframe=13538 vs=1 vage=37 vpage=37 vdt=35 vmax=14661 vacc=12074 vrej=0 seq=0 elapsed=0 oled=3C
[  13922] STATUS mode=3 fault=none enc=-656 denc=0 sreq=0 sapplied=0 crate=-19 uimp=-1198075 upos=0 uneg=3200 ball=116.04 vball=-7.07 aball=-1.9 bref=0.00 pid=-19.2 pref=-523.9 ppos=-522.0 apid=-0.0 integ=0.0 vision=1 current=1 vframe=13538 vs=1 vage=57 vpage=57 vdt=35 vmax=14661 vacc=12074 vrej=0 seq=0 elapsed=0 oled=3C
[  13952] STATUS mode=3 fault=none enc=-656 denc=0 sreq=0 sapplied=0 crate=-19 uimp=-1198075 upos=0 uneg=3200 ball=116.04 vball=-7.07 aball=-1.9 bref=0.00 pid=-19.2 pref=-523.9 ppos=-522.0 apid=-0.0 integ=0.0 vision=1 current=1 vframe=13538 vs=1 vage=97 vpage=97 vdt=35 vmax=14661 vacc=12074 vrej=0 seq=0 elapsed=0 oled=3C
[  13968] STATUS mode=3 fault=none enc=-656 denc=0 sreq=0 sapplied=0 crate=-19 uimp=-1198075 upos=0 uneg=3200 ball=115.98 vball=-2.87 aball=-13.5 bref=0.00 pid=-19.2 pref=-523.9 ppos=-522.0 apid=-0.0 integ=0.0 vision=1 current=1 vframe=13540 vs=1 vage=5 vpage=5 vdt=10 vmax=14661 vacc=12076 vrej=0 seq=0 elapsed=0 oled=3C
[  14000] STATUS mode=3 fault=none enc=-656 denc=0 sreq=0 sapplied=0 crate=-19 uimp=-1198075 upos=0 uneg=3200 ball=116.54 vball=10.08 aball=-13.5 bref=0.00 pid=-19.2 pref=-523.9 ppos=-522.0 apid=-0.0 integ=0.0 vision=1 current=1 vframe=13541 vs=1 vage=7 vpage=7 vdt=18 vmax=14661 vacc=12077 vrej=0 seq=0 elapsed=0 oled=3C
[  14032] STATUS mode=3 fault=none enc=-656 denc=0 sreq=0 sapplied=0 crate=-19 uimp=-1198075 upos=0 uneg=3200 ball=116.61 vball=6.25 aball=-13.5 bref=0.00 pid=-19.2 pref=-523.9 ppos=-522.0 apid=-0.0 integ=0.0 vision=1 current=1 vframe=13542 vs=1 vage=12 vpage=12 vdt=35 vmax=14661 vacc=12078 vrej=0 seq=0 elapsed=0 oled=3C
[  14063] STATUS mode=3 fault=none enc=-656 denc=0 sreq=0 sapplied=0 crate=-19 uimp=-1198075 upos=0 uneg=3200 ball=116.61 vball=6.25 aball=-13.5 bref=0.00 pid=-19.2 pref=-523.9 ppos=-522.0 apid=-0.0 integ=0.0 vision=1 current=1 vframe=13542 vs=1 vage=32 vpage=32 vdt=35 vmax=14661 vacc=12078 vrej=0 seq=0 elapsed=0 oled=3C
[  14077] STATUS mode=3 fault=none enc=-656 denc=0 sreq=0 sapplied=0 crate=-19 uimp=-1198075 upos=0 uneg=3200 ball=116.61 vball=6.25 aball=-13.5 bref=0.00 pid=-19.2 pref=-523.9 ppos=-522.0 apid=-0.0 integ=0.0 vision=1 current=1 vframe=13542 vs=1 vage=52 vpage=52 vdt=35 vmax=14661 vacc=12078 vrej=0 seq=0 elapsed=0 oled=3C
[  14109] STATUS mode=3 fault=none enc=-656 denc=0 sreq=0 sapplied=0 crate=-19 uimp=-1198075 upos=0 uneg=3200 ball=116.61 vball=6.25 aball=-13.5 bref=0.00 pid=-19.2 pref=-523.9 ppos=-522.0 apid=-0.0 integ=0.0 vision=1 current=1 vframe=13542 vs=1 vage=92 vpage=92 vdt=35 vmax=14661 vacc=12078 vrej=0 seq=0 elapsed=0 oled=3C
[  14141] STATUS mode=3 fault=none enc=-656 denc=0 sreq=0 sapplied=0 crate=-19 uimp=-1198075 upos=0 uneg=3200 ball=116.61 vball=6.25 aball=-13.5 bref=0.00 pid=-19.2 pref=-523.9 ppos=-522.0 apid=-0.0 integ=0.0 vision=1 current=1 vframe=13542 vs=1 vage=112 vpage=112 vdt=35 vmax=14661 vacc=12078 vrej=0 seq=0 elapsed=0 oled=3C
[  14172] STATUS mode=3 fault=none enc=-656 denc=0 sreq=0 sapplied=0 crate=-19 uimp=-1198075 upos=0 uneg=3200 ball=116.70 vball=3.44 aball=8.3 bref=0.00 pid=-19.2 pref=-523.9 ppos=s=-522.0 apid=-0.0 integ=0.0 vision=1 current=1 vframe=13542 vs=1 vage=132 vpage=132 vdt=35 vmax=14661 vacc=12078 vrej=0 seq=0 elapsed=0 oled=3C
[  14188] STATUS mode=3 fault=none enc=-656 denc=0 sreq=0 sapplied=0 crate=-19 uimp=-1198075 upos=0 uneg=3200 ball=116.37 vball=-5.77 aball=8.3 bref=0.00 pid=-19.2 pref=-523.9 ppos=-522.0 apid=0.0 integ=0.0 vision=1 current=1 vframe=13544 vs=1 vage=5 vpage=5 vdt=25 vmax=14661 vacc=12080 vrej=0 seq=0 elapsed=0 oled=3C
[  14218] STATUS mode=3 fault=none enc=-656 denc=0 sreq=0 sapplied=0 crate=-19 uimp=-1198075 upos=0 uneg=3200 ball=116.34 vball=-4.68 aball=8.3 bref=0.00 pid=-19.2 pref=-523.9 ppos=-522.0 apid=0.0 integ=0.0 vision=1 current=1 vframe=13545 vs=1 vage=6 vpage=6 vdt=19 vmax=14661 vacc=12081 vrej=0 seq=0 elapsed=0 oled=3C
[  14250] STATUS mode=3 fault=none enc=-656 denc=0 sreq=0 sapplied=0 crate=-19 uimp=-1198075 upos=0 uneg=3200 ball=116.34 vball=-4.68 aball=8.3 bref=0.00 pid=-19.2 pref=-523.9 ppos=-522.0 apid=0.0 integ=0.0 vision=1 current=1 vframe=13545 vs=1 vage=46 vpage=46 vdt=19 vmax=14661 vacc=12081 vrej=0 seq=0 elapsed=0 oled=3C
[  14282] STATUS mode=3 fault=none enc=-656 denc=0 sreq=0 sapplied=0 crate=-19 uimp=-1198075 upos=0 uneg=3200 ball=116.34 vball=-4.68 aball=8.3 bref=0.00 pid=-19.2 pref=-523.9 ppos=-522.0 apid=0.0 integ=0.0 vision=1 current=1 vframe=13545 vs=1 vage=66 vpage=66 vdt=19 vmax=14661 vacc=12081 vrej=0 seq=0 elapsed=0 oled=3C
[  14297] STATUS mode=3 fault=none enc=-656 denc=0 sreq=0 sapplied=0 crate=-19 uimp=-1198075 upos=0 uneg=3200 ball=116.34 vball=-4.68 aball=8.3 bref=0.00 pid=-19.2 pref=-523.9 ppos=-522.0 apid=0.0 integ=0.0 vision=1 current=1 vframe=13545 vs=1 vage=86 vpage=86 vdt=19 vmax=14661 vacc=12081 vrej=0 seq=0 elapsed=0 oled=3C
[  14327] STATUS mode=3 fault=none enc=-656 denc=0 sreq=0 sapplied=0 crate=-19 uimp=-1198075 upos=0 uneg=3200 ball=116.30 vball=-1.79 aball=-11.5 bref=0.00 pid=-19.2 pref=-523.9 ppos=-522.0 apid=-0.0 integ=0.0 vision=1 current=1 vframe=13547 vs=1 vage=2 vpage=2 vdt=7 vmax=14661 vacc=12083 vrej=0 seq=0 elapsed=0 oled=3C
[  14359] STATUS mode=3 fault=none enc=-656 denc=0 sreq=0 sapplied=0 crate=-19 uimp=-1198075 upos=0 uneg=3200 ball=116.34 vball=0.25 aball=-11.5 bref=0.00 pid=-19.2 pref=-523.9 ppos=-522.0 apid=-0.0 integ=0.0 vision=1 current=1 vframe=13548 vs=1 vage=1 vpage=1 vdt=21 vmax=14661 vacc=12084 vrej=0 seq=0 elapsed=0 oled=3C
[  14375] STATUS mode=3 fault=none enc=-656 denc=0 sreq=0 sapplied=0 crate=-19 uimp=-1198075 upos=0 uneg=3200 ball=116.34 vball=0.25 aball=-11.5 bref=0.00 pid=-19.2 pref=-523.9 ppos=-522.0 apid=-0.0 integ=0.0 vision=1 current=1 vframe=13548 vs=1 vage=21 vpage=21 vdt=21 vmax=14661 vacc=12084 vrej=0 seq=0 elapsed=0 oled=3C
[  14407] STATUS mode=3 fault=none enc=-656 denc=0 sreq=0 sapplied=0 crate=-19 uimp=-1198075 upos=0 uneg=3200 ball=116.34 vball=0.08 aball=-11.5 bref=0.00 pid=-19.2 pref=-523.9 ppos=-522.0 apid=-0.0 integ=0.0 vision=1 current=1 vframe=13549 vs=1 vage=27 vpage=27 vdt=34 vmax=14661 vacc=12085 vrej=0 seq=0 elapsed=0 oled=3C
[  14438] STATUS mode=3 fault=none enc=-656 denc=0 sreq=0 sapplied=0 crate=-19 uimp=-1198075 upos=0 uneg=3200 ball=116.34 vball=0.08 aball=-11.5 bref=0.00 pid=-19.2 pref=-523.9 ppos=-522.0 apid=-0.0 integ=0.0 vision=1 current=1 vframe=13549 vs=1 vage=47 vpage=47 vdt=34 vmax=14661 vacc=12085 vrej=0 seq=0 elapsed=0 oled=3C
[  14468] STATUS mode=3 fault=none enc=-656 denc=0 sreq=0 sapplied=0 crate=-19 uimp=-1198075 upos=0 uneg=3200 ball=116.34 vball=0.08 aball=-11.5 bref=0.00 pid=-19.2 pref=-523.9 ppos=-522.0 apid=-0.0 integ=0.0 vision=1 current=1 vframe=13549 vs=1 vage=67 vpage=67 vdt=34 vmax=14661 vacc=12085 vrej=0 seq=0 elapsed=0 oled=3C
[  14484] STATUS mode=3 fault=none enc=-656 denc=0 sreq=0 sapplied=0 crate=-19 uimp=-1198075 upos=0 uneg=3200 ball=116.33 vball=0.02 aball=0.3 bref=0.00 pid=-19.2 pref=-523.9 ppos=-522.0 apid=0.0 integ=0.0 vision=1 current=1 vframe=13550 vs=1 vage=11 vpage=11 vdt=96 vmax=14661 vacc=12086 vrej=0 seq=0 elapsed=0 oled=3C
[  14516] STATUS mode=3 fault=none enc=-656 denc=0 sreq=0 sapplied=0 crate=-19 uimp=-1198075 upos=0 uneg=3200 ball=116.33 vball=-0.08 aball=0.3 bref=0.00 pid=-19.2 pref=-523.9 ppos=-522.0 apid=0.0 integ=0.0 vision=1 current=1 vframe=13551 vs=1 vage=11 vpage=11 vdt=20 vmax=14661 vacc=12087 vrej=0 seq=0 elapsed=0 oled=3C
[  14547] STATUS mode=3 fault=none enc=-656 denc=0 sreq=0 sapplied=0 crate=-19 uimp=-1198075 upos=0 uneg=3200 ball=116.33 vball=-0.05 aball=0.3 bref=0.00 pid=-19.2 pref=-523.9 ppos=-522.0 apid=0.0 integ=0.0 vision=1 current=1 vframe=13551 vs=1 vage=31 vpage=31 vdt=20 vmax=14661 vacc=12087 vrej=0 seq=0 elapsed=0 oled=3C
[  14563] STATUS mode=3 fault=none enc=-656 denc=0 sreq=0 sapplied=0 crate=-19 uimp=-1198075 upos=0 uneg=3200 ba
[  14563] >>> status
[  14577] ll=116.33 vball=-0.05 aball=0.3 bref=0.00 pid=-19.2 pref=-523.9 ppos=-522.0 apid=0.0 integ=0.0 vision=1 current=1 vframe=13552 vs=1 vage=38 vpage=38 vdt=33 vmax=14661 vacc=12088 vrej=0 seq=0 elapsed=0 oled=3C
[  14593] STATUS mode=3 fault=none enc=-656 denc=0 sreq=0 sapplied=0 crate=-19 uimp=-1198075 upos=0 uneg=3200 ball=116.33 vball=-0.05 aball=0.3 bref=0.00 pid=-19.2 pref=-523.9 ppos=-522.0 apid=0.0 integ=0.0 vision=1 current=1 vframe=13552 vs=1 vage=58 vpage=58 vdt=33 vmax=14661 vacc=12088 vrej=0 seq=0 elapsed=0 oled=3C
[  14625] STATUS mode=3 fault=none enc=-656 denc=0 sreq=0 sapplied=0 crate=-19 uimp=-1198075 upos=0 uneg=3200 ball=116.33 vball=-0.05 aball=0.3 bref=0.00 pid=-19.2 pref=-523.9 ppos=-522.0 apid=0.0 integ=0.0 vision=1 current=1 vframe=13552 vs=1 vage=98 vpage=98 vdt=33 vmax=14661 vacc=12088 vrej=0 seq=0 elapsed=0 oled=3C
[  14657] STATUS mode=3 fault=none enc=-656 denc=0 sreq=0 sapplied=0 crate=-19 uimp=-1198075 upos=0 uneg=3200 ball=116.33 vball=-0.03 aball=0.0 bref=0.00 pid=-19.2 pref=-523.9 ppos=-522.0 apid=0.0 integ=0.0 vision=1 current=1 vframe=13553 vs=1 vage=4 vpage=4 vdt=114 vmax=14661 vacc=12089 vrej=0 seq=0 elapsed=0 oled=3C
[  14688] STATUS mode=3 fault=none enc=-656 denc=0 sreq=0 sapplied=0 crate=-19 uimp=-1198075 upos=0 uneg=3200 ball=116.33 vball=-0.03 aball=0.0 bref=0.00 pid=-19.2 pref=-523.9 ppos=-522.0 apid=0.0 integ=0.0 vision=1 current=1 vframe=13553 vs=1 vage=24 vpage=24 vdt=114 vmax=14661 vacc=12089 vrej=0 seq=0 elapsed=0 oled=3C
[  14702] STATUS mode=3 fault=none enc=-656 denc=0 sreq=0 sapplied=0 crate=-19 uimp=-1198075 upos=0 uneg=3200 ball=115.74 vball=-10.25 aball=0.0 bref=0.00 pid=-19.2 pref=-523.9 ppos=-522.0 apid=0.0 integ=0.0 vision=1 current=1 vframe=13554 vs=1 vage=28 vpage=28 vdt=36 vmax=14661 vacc=12090 vrej=0 seq=0 elapsed=0 oled=3C
[  14734] STATUS mode=3 fault=none enc=-656 denc=0 sreq=0 sapplied=0 crate=-19 uimp=-1198075 upos=0 uneg=3200 ball=115.74 vball=-10.25 aball=0.0 bref=0.00 pid=-19.2 pref=-523.9 ppos=-522.0 apid=0.0 integ=0.0 vision=1 current=1 vframe=13554 vs=1 vage=48 vpage=48 vdt=36 vmax=14661 vacc=12090 vrej=0 seq=0 elapsed=0 oled=3C
[  14766] STATUS mode=3 fault=none enc=-656 denc=0 sreq=0 sapplied=0 crate=-19 uimp=-1198075 upos=0 uneg=3200 ball=115.74 vball=-10.25 aball=0.0 bref=0.00 pid=-19.2 pref=-523.9 ppos=-522.0 apid=0.0 integ=0.0 vision=1 current=1 vframe=13554 vs=1 vage=68 vpage=68 vdt=36 vmax=14661 vacc=12090 vrej=0 seq=0 elapsed=0 oled=3C
[  14797] STATUS mode=3 fault=none enc=-656 denc=0 sreq=0 sapplied=0 crate=-19 uimp=-1198075 upos=0 uneg=3200 ball=116.09 vball=1.39 aball=0.0 bref=0.00 pid=-19.2 pref=-523.9 ppos=-522.0 apid=0.0 integ=0.0 vision=1 current=1 vframe=13555 vs=1 vage=2 vpage=2 vdt=106 vmax=14661 vacc=12091 vrej=0 seq=0 elapsed=0 oled=3C
[  14813] STATUS mode=3 fault=none enc=-656 denc=0 sreq=0 sapplied=0 crate=-19 uimp=-1198075 upos=0 uneg=3200 ball=116.33 vball=1.86 aball=4.5 bref=0.00 pid=-19.2 pref=-523.9 ppos=-522.0 apid=0.0 integ=0.0 vision=1 current=1 vframe=13556 vs=1 vage=15 vpage=15 vdt=7 vmax=14661 vacc=12092 vrej=0 seq=0 elapsed=0 oled=3C
[  14843] STATUS mode=3 fault=none enc=-656 denc=0 sreq=0 sapplied=0 crate=-19 uimp=-1198075 upos=0 uneg=3200 ball=116.39 vball=2.52 aball=4.5 bref=0.00 pid=-19.2 pref=-523.9 ppos=-522.0 apid=0.0 integ=0.0 vision=1 current=1 vframe=13557 vs=1 vage=14 vpage=14 vdt=21 vmax=14661 vacc=12093 vrej=0 seq=0 elapsed=0 oled=3C
[  14875] STATUS mode=3 fault=none enc=-656 denc=0 sreq=0 sapplied=0 crate=-19 uimp=-1198075 upos=0 uneg=3200 ball=116.39 vball=1.37 aball=4.5 bref=0.00 pid=-19.2 pref=-523.9 ppos=-522.0 apid=0.0 integ=0.0 vision=1 current=1 vframe=13558 vs=1 vage=21 vpage=21 vdt=33 vmax=14661 vacc=
[  14875] >>> stop
[  14875] 12094 vrej=0 seq=0 elapsed=0 oled=3C
[  14875] OK stopped
[  14907] STATUS mode=1 fault=none enc=-657 denc=-1 sreq=0 sapplied=0 crate=0 uimp=-1198075 upos=0 uneg=3200 ball=116.39 vball=1.37 aball=0.0 bref=0.00 pid=0.0 pref=-522.0 ppos=-522.0 apid=0.0 integ=0.0 vision=1 current=1 vframe=13558 vs=1 vage=61 vpage=61 vdt=33 vmax=14661 vacc=12094 vrej=0 seq=0 elapsed=0 oled=3C
[  14938] STATUS mode=1 fault=none enc=-657 denc=0 sreq=0 sapplied=0 crate=0 uimp=-1198075 upos=0 uneg=3200 ball=116.39 vball=1.37 aball=0.0 bref=0.00 pid=0.0 pref=-522.0 ppos=-522.0 apid=0.0 integ=0.0 vision=1 current=1 vframe=13558 vs=1 vage=81 vpage=81 vdt=33 vmax=14661 vacc=12094 vrej=0 seq=0 elapsed=0 oled=3C
[  14952] STATUS mode=1 fault=none enc=-657 denc=0 sreq=0 sapplied=0 crate=0 uimp=-1198075 upos=0 uneg=3200 ball=116.41 vball=0.73 aball=0.0 bref=0.00 pid=0.0 pref=-522.0 ppos=-522.0 apid=0.0 integ=0.0 vision=1 current=1 vframe=13559 vs=1 vage=4 vpage=4 vdt=97 vmax=14661 vacc=12095 vrej=0 seq=0 elapsed=0 oled=3C
[  14984] STATUS mode=1 fault=none enc=-657 denc=0 sreq=0 sapplied=0 crate=0 uimp=-1198075 upos=0 uneg=3200 ball=116.38 vball=-0.20 aball=0.0 bref=0.00 pid=0.0 pref=-522.0 ppos=-522.0 apid=.0 integ=0.0 vision=1 current=1 vframe=13559 vs=1 vage=24 vpage=24 vdt=97 vmax=14661 vacc=12095 vrej=0 seq=0 elapsed=0 oled=3C
[  15016] STATUS mode=1 fault=none enc=-657 denc=0 sreq=0 sapplied=0 crate=0 uimp=-1198075 upos=0 uneg=3200 ball=116.38 vball=-0.20 aball=0.0 bref=0.00 pid=0.0 pref=-522.0 ppos=-522.0 apid=0.0 integ=0.0 vision=1 current=1 vframe=13560 vs=1 vage=27 vpage=27 vdt=37 vmax=14661 vacc=12096 vrej=0 seq=0 elapsed=0 oled=3C
[  15032] STATUS mode=1 fault=none enc=-657 denc=0 sreq=0 sapplied=0 crate=0 uimp=-1198075 upos=0 uneg=3200 ball=116.38 vball=-0.20 aball=0.0 bref=0.00 pid=0.0 pref=-522.0 ppos=-522.0 apid=0.0 integ=0.0 vision=1 current=1 vframe=13560 vs=1 vage=47 vpage=47 vdt=37 vmax=14661 vacc=12096 vrej=0 seq=0 elapsed=0 oled=3C
[  15063] STATUS mode=1 fault=none enc=-657 denc=0 sreq=0 sapplied=0 crate=0 uimp=-1198075 upos=0 uneg=3200 ball=116.38 vball=-0.20 aball=0.0 bref=0.00 pid=0.0 pref=-522.0 ppos=-522.0 apid=0.0 integ=0.0 vision=1 current=1 vframe=13560 vs=1 vage=87 vpage=87 vdt=37 vmax=14661 vacc=12096 vrej=0 seq=0 elapsed=0 oled=3C
[  15093] STATUS mode=1 fault=none enc=-657 denc=0 sreq=0 sapplied=0 crate=0 uimp=-1198075 upos=0 uneg=3200 ball=116.38 vball=-0.11 aball=0.0 bref=0.00 pid=0.0 pref=-522.0 ppos=-522.0 apid=0.0 integ=0.0 vision=1 current=1 vframe=13561 vs=1 vage=3 vpage=3 vdt=104 vmax=14661 vacc=12097 vrej=0 seq=0 elapsed=0 oled=3C
[  15125] STATUS mode=1 fault=none enc=-657 denc=0 sreq=0 sapplied=0 crate=0 uimp=-1198075 upos=0 uneg=3200 ball=116.38 vball=-0.09 aball=0.0 bref=0.00 pid=0.0 pref=-522.0 ppos=-522.0 apid=0.0 integ=0.0 vision=1 current=1 vframe=13562 vs=1 vage=16 vpage=16 vdt=7 vmax=14661 vacc=12098 vrej=0 seq=0 elapsed=0 oled=3C
[  15141] STATUS mode=1 fault=none enc=-657 denc=0 sreq=0 sapplied=0 crate=0 uimp=-1198075 upos=0 uneg=3200 ball=116.59 vball=3.43 aball=0.0 bref=0.00 pid=0.0 pref=-522.0 ppos=-522.0 apid=0.0 integ=0.0 vision=1 current=1 vframe=13564 vs=1 vage=1 vpage=1 vdt=32 vmax=14661 vacc=12100 vrej=0 seq=0 elapsed=0 oled=3C
[  15172] STATUS mode=1 fault=none enc=-657 denc=0 sreq=0 sapplied=0 crate=0 uimp=-1198075 upos=0 uneg=3200 ball=116.59 vball=3.43 aball=0.0 bref=0.00 pid=0.0 pref=-522.0 ppos=-522.0 apid=0.0 integ=0.0 vision=1 current=1 vframe=13564 vs=1 vage=21 vpage=21 vdt=32 vmax=14661 vacc=12100 vrej=0 seq=0 elapsed=0 oled=3C
[  15188] STATUS mode=1 fault=none enc=-657 denc=0 sreq=0 sapplied=0 crate=0 uimp=-1198075 upos=0
[  15188] >>> stream off
[  15202]  uneg=3200 ball=116.59 vball=3.43 aball=0.0 bref=0.00 pid=0.0 pref=-522.0 ppos=-522.0 apid=0.0 integ=0.0 vision=1 current=1 vframe=13564 vs=1 vage=41 vpage=41 vdt=32 vmax=14661 vacc=12100 vrej=0 seq=0 elapsed=0 oled=3C
[  15202] OK stream off
